clip_id,source_pipeline,fake_label,speaker_id,audio_emotion,visual_emotion,sarcasm_label,has_z_at,has_z_v,is_ready_for_training,video_path,z_at_path,z_v_path
dev_dia0_utt0,meld_real,0,meld_Phoebe,sadness,sadness,-1,1,1,1,data\raw\MELD\MELD-RAW\MELD.Raw\dev\dev_splits_complete\dia0_utt0.mp4,data\preprocessed\features\z_at\dev_dia0_utt0.pt,data\preprocessed\features\z_v\dev_dia0_utt0.pt
dev_dia100_utt0,meld_real,0,meld_Monica,neutral,neutral,-1,1,1,1,data\raw\MELD\MELD-RAW\MELD.Raw\dev\dev_splits_complete\dia100_utt0.mp4,data\preprocessed\features\z_at\dev_dia100_utt0.pt,data\preprocessed\features\z_v\dev_dia100_utt0.pt
dev_dia103_utt3,meld_real,0,meld_Monica,neutral,neutral,-1,1,1,1,data\raw\MELD\MELD-RAW\MELD.Raw\dev\dev_splits_complete\dia103_utt3.mp4,data\preprocessed\features\z_at\dev_dia103_utt3.pt,data\preprocessed\features\z_v\dev_dia103_utt3.pt
dev_dia104_utt15,meld_real,0,meld_Chandler,anger,anger,-1,1,1,1,data\raw\MELD\MELD-RAW\MELD.Raw\dev\dev_splits_complete\dia104_utt15.mp4,data\preprocessed\features\z_at\dev_dia104_utt15.pt,data\preprocessed\features\z_v\dev_dia104_utt15.pt
dev_dia104_utt7,meld_real,0,meld_Chandler,joy,joy,-1,1,1,1,data\raw\MELD\MELD-RAW\MELD.Raw\dev\dev_splits_complete\dia104_utt7.mp4,data\preprocessed\features\z_at\dev_dia104_utt7.pt,data\preprocessed\features\z_v\dev_dia104_utt7.pt
dev_dia104_utt9,meld_real,0,meld_Chandler,fear,fear,-1,1,1,1,data\raw\MELD\MELD-RAW\MELD.Raw\dev\dev_splits_complete\dia104_utt9.mp4,data\preprocessed\features\z_at\dev_dia104_utt9.pt,data\preprocessed\features\z_v\dev_dia104_utt9.pt
dev_dia105_utt11,meld_real,0,meld_Monica,anger,anger,-1,1,1,1,data\raw\MELD\MELD-RAW\MELD.Raw\dev\dev_splits_complete\dia105_utt11.mp4,data\preprocessed\features\z_at\dev_dia105_utt11.pt,data\preprocessed\features\z_v\dev_dia105_utt11.pt
dev_dia105_utt2,meld_real,0,meld_Monica,anger,anger,-1,1,1,1,data\raw\MELD\MELD-RAW\MELD.Raw\dev\dev_splits_complete\dia105_utt2.mp4,data\preprocessed\features\z_at\dev_dia105_utt2.pt,data\preprocessed\features\z_v\dev_dia105_utt2.pt
dev_dia105_utt3,meld_real,0,meld_Monica,anger,anger,-1,1,1,1,data\raw\MELD\MELD-RAW\MELD.Raw\dev\dev_splits_complete\dia105_utt3.mp4,data\preprocessed\features\z_at\dev_dia105_utt3.pt,data\preprocessed\features\z_v\dev_dia105_utt3.pt
dev_dia106_utt1,meld_real,0,meld_Chandler,neutral,neutral,-1,1,1,1,data\raw\MELD\MELD-RAW\MELD.Raw\dev\dev_splits_complete\dia106_utt1.mp4,data\preprocessed\features\z_at\dev_dia106_utt1.pt,data\preprocessed\features\z_v\dev_dia106_utt1.pt
dev_dia106_utt3,meld_real,0,meld_Monica,neutral,neutral,-1,1,1,1,data\raw\MELD\MELD-RAW\MELD.Raw\dev\dev_splits_complete\dia106_utt3.mp4,data\preprocessed\features\z_at\dev_dia106_utt3.pt,data\preprocessed\features\z_v\dev_dia106_utt3.pt
dev_dia109_utt2,meld_real,0,meld_Ross,disgust,disgust,-1,1,1,1,data\raw\MELD\MELD-RAW\MELD.Raw\dev\dev_splits_complete\dia109_utt2.mp4,data\preprocessed\features\z_at\dev_dia109_utt2.pt,data\preprocessed\features\z_v\dev_dia109_utt2.pt
dev_dia109_utt6,meld_real,0,meld_Joey,neutral,neutral,-1,1,1,1,data\raw\MELD\MELD-RAW\MELD.Raw\dev\dev_splits_complete\dia109_utt6.mp4,data\preprocessed\features\z_at\dev_dia109_utt6.pt,data\preprocessed\features\z_v\dev_dia109_utt6.pt
dev_dia10_utt1,meld_real,0,meld_Gary,neutral,neutral,-1,1,1,1,data\raw\MELD\MELD-RAW\MELD.Raw\dev\dev_splits_complete\dia10_utt1.mp4,data\preprocessed\features\z_at\dev_dia10_utt1.pt,data\preprocessed\features\z_v\dev_dia10_utt1.pt
dev_dia10_utt2,meld_real,0,meld_Chandler,fear,fear,-1,1,1,1,data\raw\MELD\MELD-RAW\MELD.Raw\dev\dev_splits_complete\dia10_utt2.mp4,data\preprocessed\features\z_at\dev_dia10_utt2.pt,data\preprocessed\features\z_v\dev_dia10_utt2.pt
dev_dia10_utt4,meld_real,0,meld_Gary,anger,anger,-1,1,1,1,data\raw\MELD\MELD-RAW\MELD.Raw\dev\dev_splits_complete\dia10_utt4.mp4,data\preprocessed\features\z_at\dev_dia10_utt4.pt,data\preprocessed\features\z_v\dev_dia10_utt4.pt
dev_dia110_utt3,meld_real,0,meld_Rachel,neutral,neutral,-1,1,1,1,data\raw\MELD\MELD-RAW\MELD.Raw\dev\dev_splits_complete\dia110_utt3.mp4,data\preprocessed\features\z_at\dev_dia110_utt3.pt,data\preprocessed\features\z_v\dev_dia110_utt3.pt
dev_dia110_utt8,meld_real,0,meld_Rachel,joy,joy,-1,1,1,1,data\raw\MELD\MELD-RAW\MELD.Raw\dev\dev_splits_complete\dia110_utt8.mp4,data\preprocessed\features\z_at\dev_dia110_utt8.pt,data\preprocessed\features\z_v\dev_dia110_utt8.pt
dev_dia110_utt9,meld_real,0,meld_Phoebe,joy,joy,-1,1,1,1,data\raw\MELD\MELD-RAW\MELD.Raw\dev\dev_splits_complete\dia110_utt9.mp4,data\preprocessed\features\z_at\dev_dia110_utt9.pt,data\preprocessed\features\z_v\dev_dia110_utt9.pt
dev_dia112_utt1,meld_real,0,meld_Phoebe,sadness,sadness,-1,1,1,1,data\raw\MELD\MELD-RAW\MELD.Raw\dev\dev_splits_complete\dia112_utt1.mp4,data\preprocessed\features\z_at\dev_dia112_utt1.pt,data\preprocessed\features\z_v\dev_dia112_utt1.pt
dev_dia112_utt2,meld_real,0,meld_Ursula,neutral,neutral,-1,1,1,1,data\raw\MELD\MELD-RAW\MELD.Raw\dev\dev_splits_complete\dia112_utt2.mp4,data\preprocessed\features\z_at\dev_dia112_utt2.pt,data\preprocessed\features\z_v\dev_dia112_utt2.pt
dev_dia113_utt10,meld_real,0,meld_Rachel,sadness,sadness,-1,1,1,1,data\raw\MELD\MELD-RAW\MELD.Raw\dev\dev_splits_complete\dia113_utt10.mp4,data\preprocessed\features\z_at\dev_dia113_utt10.pt,data\preprocessed\features\z_v\dev_dia113_utt10.pt
dev_dia113_utt5,meld_real,0,meld_Monica,neutral,neutral,-1,1,1,1,data\raw\MELD\MELD-RAW\MELD.Raw\dev\dev_splits_complete\dia113_utt5.mp4,data\preprocessed\features\z_at\dev_dia113_utt5.pt,data\preprocessed\features\z_v\dev_dia113_utt5.pt
dev_dia113_utt8,meld_real,0,meld_Rachel,sadness,sadness,-1,1,1,1,data\raw\MELD\MELD-RAW\MELD.Raw\dev\dev_splits_complete\dia113_utt8.mp4,data\preprocessed\features\z_at\dev_dia113_utt8.pt,data\preprocessed\features\z_v\dev_dia113_utt8.pt
dev_dia11_utt10,meld_real,0,meld_Rachel,anger,anger,-1,1,1,1,data\raw\MELD\MELD-RAW\MELD.Raw\dev\dev_splits_complete\dia11_utt10.mp4,data\preprocessed\features\z_at\dev_dia11_utt10.pt,data\preprocessed\features\z_v\dev_dia11_utt10.pt
dev_dia11_utt3,meld_real,0,meld_Rachel,neutral,neutral,-1,1,1,1,data\raw\MELD\MELD-RAW\MELD.Raw\dev\dev_splits_complete\dia11_utt3.mp4,data\preprocessed\features\z_at\dev_dia11_utt3.pt,data\preprocessed\features\z_v\dev_dia11_utt3.pt
dev_dia11_utt6,meld_real,0,meld_Rachel,neutral,neutral,-1,1,1,1,data\raw\MELD\MELD-RAW\MELD.Raw\dev\dev_splits_complete\dia11_utt6.mp4,data\preprocessed\features\z_at\dev_dia11_utt6.pt,data\preprocessed\features\z_v\dev_dia11_utt6.pt
dev_dia15_utt2,meld_real,0,meld_Rachel,neutral,neutral,-1,1,1,1,data\raw\MELD\MELD-RAW\MELD.Raw\dev\dev_splits_complete\dia15_utt2.mp4,data\preprocessed\features\z_at\dev_dia15_utt2.pt,data\preprocessed\features\z_v\dev_dia15_utt2.pt
dev_dia16_utt11,meld_real,0,meld_Ross,anger,anger,-1,1,1,1,data\raw\MELD\MELD-RAW\MELD.Raw\dev\dev_splits_complete\dia16_utt11.mp4,data\preprocessed\features\z_at\dev_dia16_utt11.pt,data\preprocessed\features\z_v\dev_dia16_utt11.pt
dev_dia16_utt12,meld_real,0,meld_Phoebe,anger,anger,-1,1,1,1,data\raw\MELD\MELD-RAW\MELD.Raw\dev\dev_splits_complete\dia16_utt12.mp4,data\preprocessed\features\z_at\dev_dia16_utt12.pt,data\preprocessed\features\z_v\dev_dia16_utt12.pt
dev_dia16_utt14,meld_real,0,meld_Ross,sadness,sadness,-1,1,1,1,data\raw\MELD\MELD-RAW\MELD.Raw\dev\dev_splits_complete\dia16_utt14.mp4,data\preprocessed\features\z_at\dev_dia16_utt14.pt,data\preprocessed\features\z_v\dev_dia16_utt14.pt
dev_dia16_utt15,meld_real,0,meld_Phoebe,neutral,neutral,-1,1,1,1,data\raw\MELD\MELD-RAW\MELD.Raw\dev\dev_splits_complete\dia16_utt15.mp4,data\preprocessed\features\z_at\dev_dia16_utt15.pt,data\preprocessed\features\z_v\dev_dia16_utt15.pt
dev_dia16_utt17,meld_real,0,meld_Phoebe,anger,anger,-1,1,1,1,data\raw\MELD\MELD-RAW\MELD.Raw\dev\dev_splits_complete\dia16_utt17.mp4,data\preprocessed\features\z_at\dev_dia16_utt17.pt,data\preprocessed\features\z_v\dev_dia16_utt17.pt
dev_dia16_utt4,meld_real,0,meld_Phoebe,anger,anger,-1,1,1,1,data\raw\MELD\MELD-RAW\MELD.Raw\dev\dev_splits_complete\dia16_utt4.mp4,data\preprocessed\features\z_at\dev_dia16_utt4.pt,data\preprocessed\features\z_v\dev_dia16_utt4.pt
dev_dia18_utt11,meld_real,0,meld_Monica,neutral,neutral,-1,1,1,1,data\raw\MELD\MELD-RAW\MELD.Raw\dev\dev_splits_complete\dia18_utt11.mp4,data\preprocessed\features\z_at\dev_dia18_utt11.pt,data\preprocessed\features\z_v\dev_dia18_utt11.pt
dev_dia19_utt1,meld_real,0,meld_Ross,anger,anger,-1,1,1,1,data\raw\MELD\MELD-RAW\MELD.Raw\dev\dev_splits_complete\dia19_utt1.mp4,data\preprocessed\features\z_at\dev_dia19_utt1.pt,data\preprocessed\features\z_v\dev_dia19_utt1.pt
dev_dia19_utt13,meld_real,0,meld_Susan,anger,anger,-1,1,1,1,data\raw\MELD\MELD-RAW\MELD.Raw\dev\dev_splits_complete\dia19_utt13.mp4,data\preprocessed\features\z_at\dev_dia19_utt13.pt,data\preprocessed\features\z_v\dev_dia19_utt13.pt
dev_dia19_utt19,meld_real,0,meld_Phoebe,joy,joy,-1,1,1,1,data\raw\MELD\MELD-RAW\MELD.Raw\dev\dev_splits_complete\dia19_utt19.mp4,data\preprocessed\features\z_at\dev_dia19_utt19.pt,data\preprocessed\features\z_v\dev_dia19_utt19.pt
dev_dia19_utt21,meld_real,0,meld_Phoebe,joy,joy,-1,1,1,1,data\raw\MELD\MELD-RAW\MELD.Raw\dev\dev_splits_complete\dia19_utt21.mp4,data\preprocessed\features\z_at\dev_dia19_utt21.pt,data\preprocessed\features\z_v\dev_dia19_utt21.pt
dev_dia19_utt9,meld_real,0,meld_Ross,anger,anger,-1,1,1,1,data\raw\MELD\MELD-RAW\MELD.Raw\dev\dev_splits_complete\dia19_utt9.mp4,data\preprocessed\features\z_at\dev_dia19_utt9.pt,data\preprocessed\features\z_v\dev_dia19_utt9.pt
dev_dia1_utt0,meld_real,0,meld_Ross,neutral,neutral,-1,1,1,1,data\raw\MELD\MELD-RAW\MELD.Raw\dev\dev_splits_complete\dia1_utt0.mp4,data\preprocessed\features\z_at\dev_dia1_utt0.pt,data\preprocessed\features\z_v\dev_dia1_utt0.pt
dev_dia1_utt10,meld_real,0,meld_Phoebe,neutral,neutral,-1,1,1,1,data\raw\MELD\MELD-RAW\MELD.Raw\dev\dev_splits_complete\dia1_utt10.mp4,data\preprocessed\features\z_at\dev_dia1_utt10.pt,data\preprocessed\features\z_v\dev_dia1_utt10.pt
dev_dia1_utt12,meld_real,0,meld_Monica,neutral,neutral,-1,1,1,1,data\raw\MELD\MELD-RAW\MELD.Raw\dev\dev_splits_complete\dia1_utt12.mp4,data\preprocessed\features\z_at\dev_dia1_utt12.pt,data\preprocessed\features\z_v\dev_dia1_utt12.pt
dev_dia1_utt13,meld_real,0,meld_Joey,joy,joy,-1,1,1,1,data\raw\MELD\MELD-RAW\MELD.Raw\dev\dev_splits_complete\dia1_utt13.mp4,data\preprocessed\features\z_at\dev_dia1_utt13.pt,data\preprocessed\features\z_v\dev_dia1_utt13.pt
dev_dia1_utt2,meld_real,0,meld_Joey,sadness,sadness,-1,1,1,1,data\raw\MELD\MELD-RAW\MELD.Raw\dev\dev_splits_complete\dia1_utt2.mp4,data\preprocessed\features\z_at\dev_dia1_utt2.pt,data\preprocessed\features\z_v\dev_dia1_utt2.pt
dev_dia1_utt6,meld_real,0,meld_Phoebe,neutral,neutral,-1,1,1,1,data\raw\MELD\MELD-RAW\MELD.Raw\dev\dev_splits_complete\dia1_utt6.mp4,data\preprocessed\features\z_at\dev_dia1_utt6.pt,data\preprocessed\features\z_v\dev_dia1_utt6.pt
dev_dia20_utt0,meld_real,0,meld_Joey,neutral,neutral,-1,1,1,1,data\raw\MELD\MELD-RAW\MELD.Raw\dev\dev_splits_complete\dia20_utt0.mp4,data\preprocessed\features\z_at\dev_dia20_utt0.pt,data\preprocessed\features\z_v\dev_dia20_utt0.pt
dev_dia20_utt3,meld_real,0,meld_Monica,neutral,neutral,-1,1,1,1,data\raw\MELD\MELD-RAW\MELD.Raw\dev\dev_splits_complete\dia20_utt3.mp4,data\preprocessed\features\z_at\dev_dia20_utt3.pt,data\preprocessed\features\z_v\dev_dia20_utt3.pt
dev_dia20_utt7,meld_real,0,meld_Joey,neutral,neutral,-1,1,1,1,data\raw\MELD\MELD-RAW\MELD.Raw\dev\dev_splits_complete\dia20_utt7.mp4,data\preprocessed\features\z_at\dev_dia20_utt7.pt,data\preprocessed\features\z_v\dev_dia20_utt7.pt
dev_dia21_utt0,meld_real,0,meld_Joey,neutral,neutral,-1,1,1,1,data\raw\MELD\MELD-RAW\MELD.Raw\dev\dev_splits_complete\dia21_utt0.mp4,data\preprocessed\features\z_at\dev_dia21_utt0.pt,data\preprocessed\features\z_v\dev_dia21_utt0.pt
dev_dia21_utt3,meld_real,0,meld_Ross,neutral,neutral,-1,1,1,1,data\raw\MELD\MELD-RAW\MELD.Raw\dev\dev_splits_complete\dia21_utt3.mp4,data\preprocessed\features\z_at\dev_dia21_utt3.pt,data\preprocessed\features\z_v\dev_dia21_utt3.pt
dev_dia21_utt4,meld_real,0,meld_Chandler,neutral,neutral,-1,1,1,1,data\raw\MELD\MELD-RAW\MELD.Raw\dev\dev_splits_complete\dia21_utt4.mp4,data\preprocessed\features\z_at\dev_dia21_utt4.pt,data\preprocessed\features\z_v\dev_dia21_utt4.pt
dev_dia22_utt12,meld_real,0,meld_Chandler,neutral,neutral,-1,1,1,1,data\raw\MELD\MELD-RAW\MELD.Raw\dev\dev_splits_complete\dia22_utt12.mp4,data\preprocessed\features\z_at\dev_dia22_utt12.pt,data\preprocessed\features\z_v\dev_dia22_utt12.pt
dev_dia22_utt13,meld_real,0,meld_Joey,neutral,neutral,-1,1,1,1,data\raw\MELD\MELD-RAW\MELD.Raw\dev\dev_splits_complete\dia22_utt13.mp4,data\preprocessed\features\z_at\dev_dia22_utt13.pt,data\preprocessed\features\z_v\dev_dia22_utt13.pt
dev_dia23_utt1,meld_real,0,meld_Phoebe,sadness,sadness,-1,1,1,1,data\raw\MELD\MELD-RAW\MELD.Raw\dev\dev_splits_complete\dia23_utt1.mp4,data\preprocessed\features\z_at\dev_dia23_utt1.pt,data\preprocessed\features\z_v\dev_dia23_utt1.pt
dev_dia24_utt2,meld_real,0,meld_Joey,sadness,sadness,-1,1,1,1,data\raw\MELD\MELD-RAW\MELD.Raw\dev\dev_splits_complete\dia24_utt2.mp4,data\preprocessed\features\z_at\dev_dia24_utt2.pt,data\preprocessed\features\z_v\dev_dia24_utt2.pt
dev_dia25_utt2,meld_real,0,meld_Phoebe,anger,anger,-1,1,1,1,data\raw\MELD\MELD-RAW\MELD.Raw\dev\dev_splits_complete\dia25_utt2.mp4,data\preprocessed\features\z_at\dev_dia25_utt2.pt,data\preprocessed\features\z_v\dev_dia25_utt2.pt
dev_dia25_utt4,meld_real,0,meld_Monica,sadness,sadness,-1,1,1,1,data\raw\MELD\MELD-RAW\MELD.Raw\dev\dev_splits_complete\dia25_utt4.mp4,data\preprocessed\features\z_at\dev_dia25_utt4.pt,data\preprocessed\features\z_v\dev_dia25_utt4.pt
dev_dia26_utt3,meld_real,0,meld_Rachel,neutral,neutral,-1,1,1,1,data\raw\MELD\MELD-RAW\MELD.Raw\dev\dev_splits_complete\dia26_utt3.mp4,data\preprocessed\features\z_at\dev_dia26_utt3.pt,data\preprocessed\features\z_v\dev_dia26_utt3.pt
dev_dia26_utt4,meld_real,0,meld_Monica,neutral,neutral,-1,1,1,1,data\raw\MELD\MELD-RAW\MELD.Raw\dev\dev_splits_complete\dia26_utt4.mp4,data\preprocessed\features\z_at\dev_dia26_utt4.pt,data\preprocessed\features\z_v\dev_dia26_utt4.pt
dev_dia26_utt5,meld_real,0,meld_Monica,neutral,neutral,-1,1,1,1,data\raw\MELD\MELD-RAW\MELD.Raw\dev\dev_splits_complete\dia26_utt5.mp4,data\preprocessed\features\z_at\dev_dia26_utt5.pt,data\preprocessed\features\z_v\dev_dia26_utt5.pt
dev_dia26_utt7,meld_real,0,meld_Monica,sadness,sadness,-1,1,1,1,data\raw\MELD\MELD-RAW\MELD.Raw\dev\dev_splits_complete\dia26_utt7.mp4,data\preprocessed\features\z_at\dev_dia26_utt7.pt,data\preprocessed\features\z_v\dev_dia26_utt7.pt
dev_dia27_utt4,meld_real,0,meld_Phoebe,neutral,neutral,-1,1,1,1,data\raw\MELD\MELD-RAW\MELD.Raw\dev\dev_splits_complete\dia27_utt4.mp4,data\preprocessed\features\z_at\dev_dia27_utt4.pt,data\preprocessed\features\z_v\dev_dia27_utt4.pt
dev_dia27_utt7,meld_real,0,meld_Phoebe,neutral,neutral,-1,1,1,1,data\raw\MELD\MELD-RAW\MELD.Raw\dev\dev_splits_complete\dia27_utt7.mp4,data\preprocessed\features\z_at\dev_dia27_utt7.pt,data\preprocessed\features\z_v\dev_dia27_utt7.pt
dev_dia28_utt8,meld_real,0,meld_Rachel,neutral,neutral,-1,1,1,1,data\raw\MELD\MELD-RAW\MELD.Raw\dev\dev_splits_complete\dia28_utt8.mp4,data\preprocessed\features\z_at\dev_dia28_utt8.pt,data\preprocessed\features\z_v\dev_dia28_utt8.pt
dev_dia29_utt2,meld_real,0,meld_Monica,sadness,sadness,-1,1,1,1,data\raw\MELD\MELD-RAW\MELD.Raw\dev\dev_splits_complete\dia29_utt2.mp4,data\preprocessed\features\z_at\dev_dia29_utt2.pt,data\preprocessed\features\z_v\dev_dia29_utt2.pt
dev_dia29_utt7,meld_real,0,meld_Rachel,neutral,neutral,-1,1,1,1,data\raw\MELD\MELD-RAW\MELD.Raw\dev\dev_splits_complete\dia29_utt7.mp4,data\preprocessed\features\z_at\dev_dia29_utt7.pt,data\preprocessed\features\z_v\dev_dia29_utt7.pt
dev_dia29_utt8,meld_real,0,meld_Monica,anger,anger,-1,1,1,1,data\raw\MELD\MELD-RAW\MELD.Raw\dev\dev_splits_complete\dia29_utt8.mp4,data\preprocessed\features\z_at\dev_dia29_utt8.pt,data\preprocessed\features\z_v\dev_dia29_utt8.pt
dev_dia29_utt9,meld_real,0,meld_Monica,anger,anger,-1,1,1,1,data\raw\MELD\MELD-RAW\MELD.Raw\dev\dev_splits_complete\dia29_utt9.mp4,data\preprocessed\features\z_at\dev_dia29_utt9.pt,data\preprocessed\features\z_v\dev_dia29_utt9.pt
dev_dia2_utt1,meld_real,0,meld_Estelle,neutral,neutral,-1,1,1,1,data\raw\MELD\MELD-RAW\MELD.Raw\dev\dev_splits_complete\dia2_utt1.mp4,data\preprocessed\features\z_at\dev_dia2_utt1.pt,data\preprocessed\features\z_v\dev_dia2_utt1.pt
dev_dia30_utt1,meld_real,0,meld_Phoebe,fear,fear,-1,1,1,1,data\raw\MELD\MELD-RAW\MELD.Raw\dev\dev_splits_complete\dia30_utt1.mp4,data\preprocessed\features\z_at\dev_dia30_utt1.pt,data\preprocessed\features\z_v\dev_dia30_utt1.pt
dev_dia30_utt11,meld_real,0,meld_Phoebe,neutral,neutral,-1,1,1,1,data\raw\MELD\MELD-RAW\MELD.Raw\dev\dev_splits_complete\dia30_utt11.mp4,data\preprocessed\features\z_at\dev_dia30_utt11.pt,data\preprocessed\features\z_v\dev_dia30_utt11.pt
dev_dia30_utt12,meld_real,0,meld_Joey,neutral,neutral,-1,1,1,1,data\raw\MELD\MELD-RAW\MELD.Raw\dev\dev_splits_complete\dia30_utt12.mp4,data\preprocessed\features\z_at\dev_dia30_utt12.pt,data\preprocessed\features\z_v\dev_dia30_utt12.pt
dev_dia30_utt16,meld_real,0,meld_Phoebe,anger,anger,-1,1,1,1,data\raw\MELD\MELD-RAW\MELD.Raw\dev\dev_splits_complete\dia30_utt16.mp4,data\preprocessed\features\z_at\dev_dia30_utt16.pt,data\preprocessed\features\z_v\dev_dia30_utt16.pt
dev_dia30_utt7,meld_real,0,meld_Phoebe,neutral,neutral,-1,1,1,1,data\raw\MELD\MELD-RAW\MELD.Raw\dev\dev_splits_complete\dia30_utt7.mp4,data\preprocessed\features\z_at\dev_dia30_utt7.pt,data\preprocessed\features\z_v\dev_dia30_utt7.pt
dev_dia31_utt0,meld_real,0,meld_Kori,sadness,sadness,-1,1,1,1,data\raw\MELD\MELD-RAW\MELD.Raw\dev\dev_splits_complete\dia31_utt0.mp4,data\preprocessed\features\z_at\dev_dia31_utt0.pt,data\preprocessed\features\z_v\dev_dia31_utt0.pt
dev_dia31_utt3,meld_real,0,meld_Chandler,neutral,neutral,-1,1,1,1,data\raw\MELD\MELD-RAW\MELD.Raw\dev\dev_splits_complete\dia31_utt3.mp4,data\preprocessed\features\z_at\dev_dia31_utt3.pt,data\preprocessed\features\z_v\dev_dia31_utt3.pt
dev_dia31_utt4,meld_real,0,meld_Chandler,neutral,neutral,-1,1,1,1,data\raw\MELD\MELD-RAW\MELD.Raw\dev\dev_splits_complete\dia31_utt4.mp4,data\preprocessed\features\z_at\dev_dia31_utt4.pt,data\preprocessed\features\z_v\dev_dia31_utt4.pt
dev_dia31_utt5,meld_real,0,meld_Kori,sadness,sadness,-1,1,1,1,data\raw\MELD\MELD-RAW\MELD.Raw\dev\dev_splits_complete\dia31_utt5.mp4,data\preprocessed\features\z_at\dev_dia31_utt5.pt,data\preprocessed\features\z_v\dev_dia31_utt5.pt
dev_dia31_utt8,meld_real,0,meld_Ross,joy,joy,-1,1,1,1,data\raw\MELD\MELD-RAW\MELD.Raw\dev\dev_splits_complete\dia31_utt8.mp4,data\preprocessed\features\z_at\dev_dia31_utt8.pt,data\preprocessed\features\z_v\dev_dia31_utt8.pt
dev_dia32_utt10,meld_real,0,meld_Dr._Long,neutral,neutral,-1,1,1,1,data\raw\MELD\MELD-RAW\MELD.Raw\dev\dev_splits_complete\dia32_utt10.mp4,data\preprocessed\features\z_at\dev_dia32_utt10.pt,data\preprocessed\features\z_v\dev_dia32_utt10.pt
dev_dia32_utt6,meld_real,0,meld_Dr._Long,neutral,neutral,-1,1,1,1,data\raw\MELD\MELD-RAW\MELD.Raw\dev\dev_splits_complete\dia32_utt6.mp4,data\preprocessed\features\z_at\dev_dia32_utt6.pt,data\preprocessed\features\z_v\dev_dia32_utt6.pt
dev_dia32_utt9,meld_real,0,meld_Ross,anger,anger,-1,1,1,1,data\raw\MELD\MELD-RAW\MELD.Raw\dev\dev_splits_complete\dia32_utt9.mp4,data\preprocessed\features\z_at\dev_dia32_utt9.pt,data\preprocessed\features\z_v\dev_dia32_utt9.pt
dev_dia34_utt3,meld_real,0,meld_Ross,neutral,neutral,-1,1,1,1,data\raw\MELD\MELD-RAW\MELD.Raw\dev\dev_splits_complete\dia34_utt3.mp4,data\preprocessed\features\z_at\dev_dia34_utt3.pt,data\preprocessed\features\z_v\dev_dia34_utt3.pt
dev_dia36_utt0,meld_real,0,meld_Ross,fear,fear,-1,1,1,1,data\raw\MELD\MELD-RAW\MELD.Raw\dev\dev_splits_complete\dia36_utt0.mp4,data\preprocessed\features\z_at\dev_dia36_utt0.pt,data\preprocessed\features\z_v\dev_dia36_utt0.pt
dev_dia36_utt11,meld_real,0,meld_Rachel,disgust,disgust,-1,1,1,1,data\raw\MELD\MELD-RAW\MELD.Raw\dev\dev_splits_complete\dia36_utt11.mp4,data\preprocessed\features\z_at\dev_dia36_utt11.pt,data\preprocessed\features\z_v\dev_dia36_utt11.pt
dev_dia36_utt6,meld_real,0,meld_Ross,neutral,neutral,-1,1,1,1,data\raw\MELD\MELD-RAW\MELD.Raw\dev\dev_splits_complete\dia36_utt6.mp4,data\preprocessed\features\z_at\dev_dia36_utt6.pt,data\preprocessed\features\z_v\dev_dia36_utt6.pt
dev_dia36_utt9,meld_real,0,meld_Rachel,neutral,neutral,-1,1,1,1,data\raw\MELD\MELD-RAW\MELD.Raw\dev\dev_splits_complete\dia36_utt9.mp4,data\preprocessed\features\z_at\dev_dia36_utt9.pt,data\preprocessed\features\z_v\dev_dia36_utt9.pt
dev_dia37_utt0,meld_real,0,meld_TV_Announcer,neutral,neutral,-1,1,1,1,data\raw\MELD\MELD-RAW\MELD.Raw\dev\dev_splits_complete\dia37_utt0.mp4,data\preprocessed\features\z_at\dev_dia37_utt0.pt,data\preprocessed\features\z_v\dev_dia37_utt0.pt
dev_dia37_utt1,meld_real,0,meld_Chandler,fear,fear,-1,1,1,1,data\raw\MELD\MELD-RAW\MELD.Raw\dev\dev_splits_complete\dia37_utt1.mp4,data\preprocessed\features\z_at\dev_dia37_utt1.pt,data\preprocessed\features\z_v\dev_dia37_utt1.pt
dev_dia37_utt8,meld_real,0,meld_Phoebe,neutral,neutral,-1,1,1,1,data\raw\MELD\MELD-RAW\MELD.Raw\dev\dev_splits_complete\dia37_utt8.mp4,data\preprocessed\features\z_at\dev_dia37_utt8.pt,data\preprocessed\features\z_v\dev_dia37_utt8.pt
dev_dia39_utt0,meld_real,0,meld_Chandler,neutral,neutral,-1,1,1,1,data\raw\MELD\MELD-RAW\MELD.Raw\dev\dev_splits_complete\dia39_utt0.mp4,data\preprocessed\features\z_at\dev_dia39_utt0.pt,data\preprocessed\features\z_v\dev_dia39_utt0.pt
dev_dia40_utt0,meld_real,0,meld_Rachel,neutral,neutral,-1,1,1,1,data\raw\MELD\MELD-RAW\MELD.Raw\dev\dev_splits_complete\dia40_utt0.mp4,data\preprocessed\features\z_at\dev_dia40_utt0.pt,data\preprocessed\features\z_v\dev_dia40_utt0.pt
dev_dia40_utt1,meld_real,0,meld_Joey,neutral,neutral,-1,1,1,1,data\raw\MELD\MELD-RAW\MELD.Raw\dev\dev_splits_complete\dia40_utt1.mp4,data\preprocessed\features\z_at\dev_dia40_utt1.pt,data\preprocessed\features\z_v\dev_dia40_utt1.pt
dev_dia40_utt5,meld_real,0,meld_Joey,neutral,neutral,-1,1,1,1,data\raw\MELD\MELD-RAW\MELD.Raw\dev\dev_splits_complete\dia40_utt5.mp4,data\preprocessed\features\z_at\dev_dia40_utt5.pt,data\preprocessed\features\z_v\dev_dia40_utt5.pt
dev_dia40_utt7,meld_real,0,meld_Joey,neutral,neutral,-1,1,1,1,data\raw\MELD\MELD-RAW\MELD.Raw\dev\dev_splits_complete\dia40_utt7.mp4,data\preprocessed\features\z_at\dev_dia40_utt7.pt,data\preprocessed\features\z_v\dev_dia40_utt7.pt
dev_dia41_utt2,meld_real,0,meld_Ross,neutral,neutral,-1,1,1,1,data\raw\MELD\MELD-RAW\MELD.Raw\dev\dev_splits_complete\dia41_utt2.mp4,data\preprocessed\features\z_at\dev_dia41_utt2.pt,data\preprocessed\features\z_v\dev_dia41_utt2.pt
dev_dia42_utt4,meld_real,0,meld_Ross,anger,anger,-1,1,1,1,data\raw\MELD\MELD-RAW\MELD.Raw\dev\dev_splits_complete\dia42_utt4.mp4,data\preprocessed\features\z_at\dev_dia42_utt4.pt,data\preprocessed\features\z_v\dev_dia42_utt4.pt
dev_dia44_utt0,meld_real,0,meld_The_Hot_Girl,sadness,sadness,-1,1,1,1,data\raw\MELD\MELD-RAW\MELD.Raw\dev\dev_splits_complete\dia44_utt0.mp4,data\preprocessed\features\z_at\dev_dia44_utt0.pt,data\preprocessed\features\z_v\dev_dia44_utt0.pt
dev_dia45_utt6,meld_real,0,meld_Monica,neutral,neutral,-1,1,1,1,data\raw\MELD\MELD-RAW\MELD.Raw\dev\dev_splits_complete\dia45_utt6.mp4,data\preprocessed\features\z_at\dev_dia45_utt6.pt,data\preprocessed\features\z_v\dev_dia45_utt6.pt
dev_dia45_utt7,meld_real,0,meld_Rachel,neutral,neutral,-1,1,1,1,data\raw\MELD\MELD-RAW\MELD.Raw\dev\dev_splits_complete\dia45_utt7.mp4,data\preprocessed\features\z_at\dev_dia45_utt7.pt,data\preprocessed\features\z_v\dev_dia45_utt7.pt
dev_dia46_utt6,meld_real,0,meld_Joey,neutral,neutral,-1,1,1,1,data\raw\MELD\MELD-RAW\MELD.Raw\dev\dev_splits_complete\dia46_utt6.mp4,data\preprocessed\features\z_at\dev_dia46_utt6.pt,data\preprocessed\features\z_v\dev_dia46_utt6.pt
dev_dia46_utt7,meld_real,0,meld_Rachel,neutral,neutral,-1,1,1,1,data\raw\MELD\MELD-RAW\MELD.Raw\dev\dev_splits_complete\dia46_utt7.mp4,data\preprocessed\features\z_at\dev_dia46_utt7.pt,data\preprocessed\features\z_v\dev_dia46_utt7.pt
dev_dia46_utt9,meld_real,0,meld_Phoebe,neutral,neutral,-1,1,1,1,data\raw\MELD\MELD-RAW\MELD.Raw\dev\dev_splits_complete\dia46_utt9.mp4,data\preprocessed\features\z_at\dev_dia46_utt9.pt,data\preprocessed\features\z_v\dev_dia46_utt9.pt
dev_dia47_utt1,meld_real,0,meld_Ross,neutral,neutral,-1,1,1,1,data\raw\MELD\MELD-RAW\MELD.Raw\dev\dev_splits_complete\dia47_utt1.mp4,data\preprocessed\features\z_at\dev_dia47_utt1.pt,data\preprocessed\features\z_v\dev_dia47_utt1.pt
dev_dia47_utt2,meld_real,0,meld_Carol,neutral,neutral,-1,1,1,1,data\raw\MELD\MELD-RAW\MELD.Raw\dev\dev_splits_complete\dia47_utt2.mp4,data\preprocessed\features\z_at\dev_dia47_utt2.pt,data\preprocessed\features\z_v\dev_dia47_utt2.pt
dev_dia47_utt5,meld_real,0,meld_Ross,neutral,neutral,-1,1,1,1,data\raw\MELD\MELD-RAW\MELD.Raw\dev\dev_splits_complete\dia47_utt5.mp4,data\preprocessed\features\z_at\dev_dia47_utt5.pt,data\preprocessed\features\z_v\dev_dia47_utt5.pt
dev_dia47_utt6,meld_real,0,meld_Carol,joy,joy,-1,1,1,1,data\raw\MELD\MELD-RAW\MELD.Raw\dev\dev_splits_complete\dia47_utt6.mp4,data\preprocessed\features\z_at\dev_dia47_utt6.pt,data\preprocessed\features\z_v\dev_dia47_utt6.pt
dev_dia47_utt9,meld_real,0,meld_Ross,neutral,neutral,-1,1,1,1,data\raw\MELD\MELD-RAW\MELD.Raw\dev\dev_splits_complete\dia47_utt9.mp4,data\preprocessed\features\z_at\dev_dia47_utt9.pt,data\preprocessed\features\z_v\dev_dia47_utt9.pt
dev_dia49_utt0,meld_real,0,meld_Ross,anger,anger,-1,1,1,1,data\raw\MELD\MELD-RAW\MELD.Raw\dev\dev_splits_complete\dia49_utt0.mp4,data\preprocessed\features\z_at\dev_dia49_utt0.pt,data\preprocessed\features\z_v\dev_dia49_utt0.pt
dev_dia49_utt10,meld_real,0,meld_Phoebe,anger,anger,-1,1,1,1,data\raw\MELD\MELD-RAW\MELD.Raw\dev\dev_splits_complete\dia49_utt10.mp4,data\preprocessed\features\z_at\dev_dia49_utt10.pt,data\preprocessed\features\z_v\dev_dia49_utt10.pt
dev_dia49_utt6,meld_real,0,meld_Phoebe,anger,anger,-1,1,1,1,data\raw\MELD\MELD-RAW\MELD.Raw\dev\dev_splits_complete\dia49_utt6.mp4,data\preprocessed\features\z_at\dev_dia49_utt6.pt,data\preprocessed\features\z_v\dev_dia49_utt6.pt
dev_dia49_utt9,meld_real,0,meld_Phoebe,anger,anger,-1,1,1,1,data\raw\MELD\MELD-RAW\MELD.Raw\dev\dev_splits_complete\dia49_utt9.mp4,data\preprocessed\features\z_at\dev_dia49_utt9.pt,data\preprocessed\features\z_v\dev_dia49_utt9.pt
dev_dia4_utt11,meld_real,0,meld_Woman,neutral,neutral,-1,1,1,1,data\raw\MELD\MELD-RAW\MELD.Raw\dev\dev_splits_complete\dia4_utt11.mp4,data\preprocessed\features\z_at\dev_dia4_utt11.pt,data\preprocessed\features\z_v\dev_dia4_utt11.pt
dev_dia4_utt3,meld_real,0,meld_Ross,neutral,neutral,-1,1,1,1,data\raw\MELD\MELD-RAW\MELD.Raw\dev\dev_splits_complete\dia4_utt3.mp4,data\preprocessed\features\z_at\dev_dia4_utt3.pt,data\preprocessed\features\z_v\dev_dia4_utt3.pt
dev_dia4_utt4,meld_real,0,meld_Ross,neutral,neutral,-1,1,1,1,data\raw\MELD\MELD-RAW\MELD.Raw\dev\dev_splits_complete\dia4_utt4.mp4,data\preprocessed\features\z_at\dev_dia4_utt4.pt,data\preprocessed\features\z_v\dev_dia4_utt4.pt
dev_dia4_utt9,meld_real,0,meld_Woman,neutral,neutral,-1,1,1,1,data\raw\MELD\MELD-RAW\MELD.Raw\dev\dev_splits_complete\dia4_utt9.mp4,data\preprocessed\features\z_at\dev_dia4_utt9.pt,data\preprocessed\features\z_v\dev_dia4_utt9.pt
dev_dia50_utt0,meld_real,0,meld_Phoebe,neutral,neutral,-1,1,1,1,data\raw\MELD\MELD-RAW\MELD.Raw\dev\dev_splits_complete\dia50_utt0.mp4,data\preprocessed\features\z_at\dev_dia50_utt0.pt,data\preprocessed\features\z_v\dev_dia50_utt0.pt
dev_dia51_utt0,meld_real,0,meld_Joey,neutral,neutral,-1,1,1,1,data\raw\MELD\MELD-RAW\MELD.Raw\dev\dev_splits_complete\dia51_utt0.mp4,data\preprocessed\features\z_at\dev_dia51_utt0.pt,data\preprocessed\features\z_v\dev_dia51_utt0.pt
dev_dia51_utt1,meld_real,0,meld_Chandler,joy,joy,-1,1,1,1,data\raw\MELD\MELD-RAW\MELD.Raw\dev\dev_splits_complete\dia51_utt1.mp4,data\preprocessed\features\z_at\dev_dia51_utt1.pt,data\preprocessed\features\z_v\dev_dia51_utt1.pt
dev_dia51_utt2,meld_real,0,meld_Joey,neutral,neutral,-1,1,1,1,data\raw\MELD\MELD-RAW\MELD.Raw\dev\dev_splits_complete\dia51_utt2.mp4,data\preprocessed\features\z_at\dev_dia51_utt2.pt,data\preprocessed\features\z_v\dev_dia51_utt2.pt
dev_dia51_utt4,meld_real,0,meld_Joey,neutral,neutral,-1,1,1,1,data\raw\MELD\MELD-RAW\MELD.Raw\dev\dev_splits_complete\dia51_utt4.mp4,data\preprocessed\features\z_at\dev_dia51_utt4.pt,data\preprocessed\features\z_v\dev_dia51_utt4.pt
dev_dia51_utt5,meld_real,0,meld_Carl,neutral,neutral,-1,1,1,1,data\raw\MELD\MELD-RAW\MELD.Raw\dev\dev_splits_complete\dia51_utt5.mp4,data\preprocessed\features\z_at\dev_dia51_utt5.pt,data\preprocessed\features\z_v\dev_dia51_utt5.pt
dev_dia51_utt6,meld_real,0,meld_Joey,anger,anger,-1,1,1,1,data\raw\MELD\MELD-RAW\MELD.Raw\dev\dev_splits_complete\dia51_utt6.mp4,data\preprocessed\features\z_at\dev_dia51_utt6.pt,data\preprocessed\features\z_v\dev_dia51_utt6.pt
dev_dia53_utt0,meld_real,0,meld_Joey,joy,joy,-1,1,1,1,data\raw\MELD\MELD-RAW\MELD.Raw\dev\dev_splits_complete\dia53_utt0.mp4,data\preprocessed\features\z_at\dev_dia53_utt0.pt,data\preprocessed\features\z_v\dev_dia53_utt0.pt
dev_dia53_utt2,meld_real,0,meld_Joey,joy,joy,-1,1,1,1,data\raw\MELD\MELD-RAW\MELD.Raw\dev\dev_splits_complete\dia53_utt2.mp4,data\preprocessed\features\z_at\dev_dia53_utt2.pt,data\preprocessed\features\z_v\dev_dia53_utt2.pt
dev_dia54_utt10,meld_real,0,meld_Joey,sadness,sadness,-1,1,1,1,data\raw\MELD\MELD-RAW\MELD.Raw\dev\dev_splits_complete\dia54_utt10.mp4,data\preprocessed\features\z_at\dev_dia54_utt10.pt,data\preprocessed\features\z_v\dev_dia54_utt10.pt
dev_dia54_utt2,meld_real,0,meld_Phoebe,joy,joy,-1,1,1,1,data\raw\MELD\MELD-RAW\MELD.Raw\dev\dev_splits_complete\dia54_utt2.mp4,data\preprocessed\features\z_at\dev_dia54_utt2.pt,data\preprocessed\features\z_v\dev_dia54_utt2.pt
dev_dia54_utt3,meld_real,0,meld_Ross,neutral,neutral,-1,1,1,1,data\raw\MELD\MELD-RAW\MELD.Raw\dev\dev_splits_complete\dia54_utt3.mp4,data\preprocessed\features\z_at\dev_dia54_utt3.pt,data\preprocessed\features\z_v\dev_dia54_utt3.pt
dev_dia54_utt4,meld_real,0,meld_Chandler,neutral,neutral,-1,1,1,1,data\raw\MELD\MELD-RAW\MELD.Raw\dev\dev_splits_complete\dia54_utt4.mp4,data\preprocessed\features\z_at\dev_dia54_utt4.pt,data\preprocessed\features\z_v\dev_dia54_utt4.pt
dev_dia55_utt0,meld_real,0,meld_Kate,sadness,sadness,-1,1,1,1,data\raw\MELD\MELD-RAW\MELD.Raw\dev\dev_splits_complete\dia55_utt0.mp4,data\preprocessed\features\z_at\dev_dia55_utt0.pt,data\preprocessed\features\z_v\dev_dia55_utt0.pt
dev_dia56_utt13,meld_real,0,meld_Joey,sadness,sadness,-1,1,1,1,data\raw\MELD\MELD-RAW\MELD.Raw\dev\dev_splits_complete\dia56_utt13.mp4,data\preprocessed\features\z_at\dev_dia56_utt13.pt,data\preprocessed\features\z_v\dev_dia56_utt13.pt
dev_dia56_utt15,meld_real,0,meld_Joey,neutral,neutral,-1,1,1,1,data\raw\MELD\MELD-RAW\MELD.Raw\dev\dev_splits_complete\dia56_utt15.mp4,data\preprocessed\features\z_at\dev_dia56_utt15.pt,data\preprocessed\features\z_v\dev_dia56_utt15.pt
dev_dia56_utt2,meld_real,0,meld_Joey,sadness,sadness,-1,1,1,1,data\raw\MELD\MELD-RAW\MELD.Raw\dev\dev_splits_complete\dia56_utt2.mp4,data\preprocessed\features\z_at\dev_dia56_utt2.pt,data\preprocessed\features\z_v\dev_dia56_utt2.pt
dev_dia56_utt8,meld_real,0,meld_Joey,sadness,sadness,-1,1,1,1,data\raw\MELD\MELD-RAW\MELD.Raw\dev\dev_splits_complete\dia56_utt8.mp4,data\preprocessed\features\z_at\dev_dia56_utt8.pt,data\preprocessed\features\z_v\dev_dia56_utt8.pt
dev_dia57_utt0,meld_real,0,meld_Rachel,neutral,neutral,-1,1,1,1,data\raw\MELD\MELD-RAW\MELD.Raw\dev\dev_splits_complete\dia57_utt0.mp4,data\preprocessed\features\z_at\dev_dia57_utt0.pt,data\preprocessed\features\z_v\dev_dia57_utt0.pt
dev_dia57_utt11,meld_real,0,meld_Phoebe,neutral,neutral,-1,1,1,1,data\raw\MELD\MELD-RAW\MELD.Raw\dev\dev_splits_complete\dia57_utt11.mp4,data\preprocessed\features\z_at\dev_dia57_utt11.pt,data\preprocessed\features\z_v\dev_dia57_utt11.pt
dev_dia57_utt6,meld_real,0,meld_Phoebe,neutral,neutral,-1,1,1,1,data\raw\MELD\MELD-RAW\MELD.Raw\dev\dev_splits_complete\dia57_utt6.mp4,data\preprocessed\features\z_at\dev_dia57_utt6.pt,data\preprocessed\features\z_v\dev_dia57_utt6.pt
dev_dia58_utt10,meld_real,0,meld_Joey,neutral,neutral,-1,1,1,1,data\raw\MELD\MELD-RAW\MELD.Raw\dev\dev_splits_complete\dia58_utt10.mp4,data\preprocessed\features\z_at\dev_dia58_utt10.pt,data\preprocessed\features\z_v\dev_dia58_utt10.pt
dev_dia58_utt5,meld_real,0,meld_Joey,joy,joy,-1,1,1,1,data\raw\MELD\MELD-RAW\MELD.Raw\dev\dev_splits_complete\dia58_utt5.mp4,data\preprocessed\features\z_at\dev_dia58_utt5.pt,data\preprocessed\features\z_v\dev_dia58_utt5.pt
dev_dia58_utt8,meld_real,0,meld_Joey,neutral,neutral,-1,1,1,1,data\raw\MELD\MELD-RAW\MELD.Raw\dev\dev_splits_complete\dia58_utt8.mp4,data\preprocessed\features\z_at\dev_dia58_utt8.pt,data\preprocessed\features\z_v\dev_dia58_utt8.pt
dev_dia58_utt9,meld_real,0,meld_Chandler,neutral,neutral,-1,1,1,1,data\raw\MELD\MELD-RAW\MELD.Raw\dev\dev_splits_complete\dia58_utt9.mp4,data\preprocessed\features\z_at\dev_dia58_utt9.pt,data\preprocessed\features\z_v\dev_dia58_utt9.pt
dev_dia5_utt2,meld_real,0,meld_Ross,anger,anger,-1,1,1,1,data\raw\MELD\MELD-RAW\MELD.Raw\dev\dev_splits_complete\dia5_utt2.mp4,data\preprocessed\features\z_at\dev_dia5_utt2.pt,data\preprocessed\features\z_v\dev_dia5_utt2.pt
dev_dia5_utt3,meld_real,0,meld_Rachel,anger,anger,-1,1,1,1,data\raw\MELD\MELD-RAW\MELD.Raw\dev\dev_splits_complete\dia5_utt3.mp4,data\preprocessed\features\z_at\dev_dia5_utt3.pt,data\preprocessed\features\z_v\dev_dia5_utt3.pt
dev_dia60_utt2,meld_real,0,meld_Chandler,anger,anger,-1,1,1,1,data\raw\MELD\MELD-RAW\MELD.Raw\dev\dev_splits_complete\dia60_utt2.mp4,data\preprocessed\features\z_at\dev_dia60_utt2.pt,data\preprocessed\features\z_v\dev_dia60_utt2.pt
dev_dia60_utt6,meld_real,0,meld_Monica,joy,joy,-1,1,1,1,data\raw\MELD\MELD-RAW\MELD.Raw\dev\dev_splits_complete\dia60_utt6.mp4,data\preprocessed\features\z_at\dev_dia60_utt6.pt,data\preprocessed\features\z_v\dev_dia60_utt6.pt
dev_dia61_utt5,meld_real,0,meld_Phoebe,joy,joy,-1,1,1,1,data\raw\MELD\MELD-RAW\MELD.Raw\dev\dev_splits_complete\dia61_utt5.mp4,data\preprocessed\features\z_at\dev_dia61_utt5.pt,data\preprocessed\features\z_v\dev_dia61_utt5.pt
dev_dia62_utt1,meld_real,0,meld_Carol,joy,joy,-1,1,1,1,data\raw\MELD\MELD-RAW\MELD.Raw\dev\dev_splits_complete\dia62_utt1.mp4,data\preprocessed\features\z_at\dev_dia62_utt1.pt,data\preprocessed\features\z_v\dev_dia62_utt1.pt
dev_dia63_utt14,meld_real,0,meld_Ross,neutral,neutral,-1,1,1,1,data\raw\MELD\MELD-RAW\MELD.Raw\dev\dev_splits_complete\dia63_utt14.mp4,data\preprocessed\features\z_at\dev_dia63_utt14.pt,data\preprocessed\features\z_v\dev_dia63_utt14.pt
dev_dia63_utt18,meld_real,0,meld_Ross,neutral,neutral,-1,1,1,1,data\raw\MELD\MELD-RAW\MELD.Raw\dev\dev_splits_complete\dia63_utt18.mp4,data\preprocessed\features\z_at\dev_dia63_utt18.pt,data\preprocessed\features\z_v\dev_dia63_utt18.pt
dev_dia64_utt1,meld_real,0,meld_Monica,joy,joy,-1,1,1,1,data\raw\MELD\MELD-RAW\MELD.Raw\dev\dev_splits_complete\dia64_utt1.mp4,data\preprocessed\features\z_at\dev_dia64_utt1.pt,data\preprocessed\features\z_v\dev_dia64_utt1.pt
dev_dia65_utt10,meld_real,0,meld_Joanna,joy,joy,-1,1,1,1,data\raw\MELD\MELD-RAW\MELD.Raw\dev\dev_splits_complete\dia65_utt10.mp4,data\preprocessed\features\z_at\dev_dia65_utt10.pt,data\preprocessed\features\z_v\dev_dia65_utt10.pt
dev_dia65_utt3,meld_real,0,meld_Joanna,neutral,neutral,-1,1,1,1,data\raw\MELD\MELD-RAW\MELD.Raw\dev\dev_splits_complete\dia65_utt3.mp4,data\preprocessed\features\z_at\dev_dia65_utt3.pt,data\preprocessed\features\z_v\dev_dia65_utt3.pt
dev_dia65_utt5,meld_real,0,meld_Joanna,joy,joy,-1,1,1,1,data\raw\MELD\MELD-RAW\MELD.Raw\dev\dev_splits_complete\dia65_utt5.mp4,data\preprocessed\features\z_at\dev_dia65_utt5.pt,data\preprocessed\features\z_v\dev_dia65_utt5.pt
dev_dia65_utt7,meld_real,0,meld_Joanna,neutral,neutral,-1,1,1,1,data\raw\MELD\MELD-RAW\MELD.Raw\dev\dev_splits_complete\dia65_utt7.mp4,data\preprocessed\features\z_at\dev_dia65_utt7.pt,data\preprocessed\features\z_v\dev_dia65_utt7.pt
dev_dia66_utt4,meld_real,0,meld_Phoebe,anger,anger,-1,1,1,1,data\raw\MELD\MELD-RAW\MELD.Raw\dev\dev_splits_complete\dia66_utt4.mp4,data\preprocessed\features\z_at\dev_dia66_utt4.pt,data\preprocessed\features\z_v\dev_dia66_utt4.pt
dev_dia66_utt8,meld_real,0,meld_Ross,neutral,neutral,-1,1,1,1,data\raw\MELD\MELD-RAW\MELD.Raw\dev\dev_splits_complete\dia66_utt8.mp4,data\preprocessed\features\z_at\dev_dia66_utt8.pt,data\preprocessed\features\z_v\dev_dia66_utt8.pt
dev_dia67_utt2,meld_real,0,meld_Rachel,neutral,neutral,-1,1,1,1,data\raw\MELD\MELD-RAW\MELD.Raw\dev\dev_splits_complete\dia67_utt2.mp4,data\preprocessed\features\z_at\dev_dia67_utt2.pt,data\preprocessed\features\z_v\dev_dia67_utt2.pt
dev_dia67_utt5,meld_real,0,meld_Rachel,neutral,neutral,-1,1,1,1,data\raw\MELD\MELD-RAW\MELD.Raw\dev\dev_splits_complete\dia67_utt5.mp4,data\preprocessed\features\z_at\dev_dia67_utt5.pt,data\preprocessed\features\z_v\dev_dia67_utt5.pt
dev_dia67_utt9,meld_real,0,meld_Rachel,neutral,neutral,-1,1,1,1,data\raw\MELD\MELD-RAW\MELD.Raw\dev\dev_splits_complete\dia67_utt9.mp4,data\preprocessed\features\z_at\dev_dia67_utt9.pt,data\preprocessed\features\z_v\dev_dia67_utt9.pt
dev_dia68_utt11,meld_real,0,meld_Monica,neutral,neutral,-1,1,1,1,data\raw\MELD\MELD-RAW\MELD.Raw\dev\dev_splits_complete\dia68_utt11.mp4,data\preprocessed\features\z_at\dev_dia68_utt11.pt,data\preprocessed\features\z_v\dev_dia68_utt11.pt
dev_dia68_utt6,meld_real,0,meld_Chandler,neutral,neutral,-1,1,1,1,data\raw\MELD\MELD-RAW\MELD.Raw\dev\dev_splits_complete\dia68_utt6.mp4,data\preprocessed\features\z_at\dev_dia68_utt6.pt,data\preprocessed\features\z_v\dev_dia68_utt6.pt
dev_dia69_utt1,meld_real,0,meld_Tag,sadness,sadness,-1,1,1,1,data\raw\MELD\MELD-RAW\MELD.Raw\dev\dev_splits_complete\dia69_utt1.mp4,data\preprocessed\features\z_at\dev_dia69_utt1.pt,data\preprocessed\features\z_v\dev_dia69_utt1.pt
dev_dia69_utt14,meld_real,0,meld_Rachel,sadness,sadness,-1,1,1,1,data\raw\MELD\MELD-RAW\MELD.Raw\dev\dev_splits_complete\dia69_utt14.mp4,data\preprocessed\features\z_at\dev_dia69_utt14.pt,data\preprocessed\features\z_v\dev_dia69_utt14.pt
dev_dia69_utt17,meld_real,0,meld_Tag,sadness,sadness,-1,1,1,1,data\raw\MELD\MELD-RAW\MELD.Raw\dev\dev_splits_complete\dia69_utt17.mp4,data\preprocessed\features\z_at\dev_dia69_utt17.pt,data\preprocessed\features\z_v\dev_dia69_utt17.pt
dev_dia69_utt9,meld_real,0,meld_Rachel,neutral,neutral,-1,1,1,1,data\raw\MELD\MELD-RAW\MELD.Raw\dev\dev_splits_complete\dia69_utt9.mp4,data\preprocessed\features\z_at\dev_dia69_utt9.pt,data\preprocessed\features\z_v\dev_dia69_utt9.pt
dev_dia6_utt1,meld_real,0,meld_Joey,neutral,neutral,-1,1,1,1,data\raw\MELD\MELD-RAW\MELD.Raw\dev\dev_splits_complete\dia6_utt1.mp4,data\preprocessed\features\z_at\dev_dia6_utt1.pt,data\preprocessed\features\z_v\dev_dia6_utt1.pt
dev_dia6_utt2,meld_real,0,meld_Phoebe,neutral,neutral,-1,1,1,1,data\raw\MELD\MELD-RAW\MELD.Raw\dev\dev_splits_complete\dia6_utt2.mp4,data\preprocessed\features\z_at\dev_dia6_utt2.pt,data\preprocessed\features\z_v\dev_dia6_utt2.pt
dev_dia6_utt3,meld_real,0,meld_Phoebe,neutral,neutral,-1,1,1,1,data\raw\MELD\MELD-RAW\MELD.Raw\dev\dev_splits_complete\dia6_utt3.mp4,data\preprocessed\features\z_at\dev_dia6_utt3.pt,data\preprocessed\features\z_v\dev_dia6_utt3.pt
dev_dia6_utt9,meld_real,0,meld_Joey,neutral,neutral,-1,1,1,1,data\raw\MELD\MELD-RAW\MELD.Raw\dev\dev_splits_complete\dia6_utt9.mp4,data\preprocessed\features\z_at\dev_dia6_utt9.pt,data\preprocessed\features\z_v\dev_dia6_utt9.pt
dev_dia70_utt5,meld_real,0,meld_Chandler,neutral,neutral,-1,1,1,1,data\raw\MELD\MELD-RAW\MELD.Raw\dev\dev_splits_complete\dia70_utt5.mp4,data\preprocessed\features\z_at\dev_dia70_utt5.pt,data\preprocessed\features\z_v\dev_dia70_utt5.pt
dev_dia71_utt0,meld_real,0,meld_Rachel,joy,joy,-1,1,1,1,data\raw\MELD\MELD-RAW\MELD.Raw\dev\dev_splits_complete\dia71_utt0.mp4,data\preprocessed\features\z_at\dev_dia71_utt0.pt,data\preprocessed\features\z_v\dev_dia71_utt0.pt
dev_dia71_utt2,meld_real,0,meld_Rachel,neutral,neutral,-1,1,1,1,data\raw\MELD\MELD-RAW\MELD.Raw\dev\dev_splits_complete\dia71_utt2.mp4,data\preprocessed\features\z_at\dev_dia71_utt2.pt,data\preprocessed\features\z_v\dev_dia71_utt2.pt
dev_dia71_utt4,meld_real,0,meld_Rachel,joy,joy,-1,1,1,1,data\raw\MELD\MELD-RAW\MELD.Raw\dev\dev_splits_complete\dia71_utt4.mp4,data\preprocessed\features\z_at\dev_dia71_utt4.pt,data\preprocessed\features\z_v\dev_dia71_utt4.pt
dev_dia72_utt11,meld_real,0,meld_Phoebe,anger,anger,-1,1,1,1,data\raw\MELD\MELD-RAW\MELD.Raw\dev\dev_splits_complete\dia72_utt11.mp4,data\preprocessed\features\z_at\dev_dia72_utt11.pt,data\preprocessed\features\z_v\dev_dia72_utt11.pt
dev_dia72_utt16,meld_real,0,meld_Phoebe,anger,anger,-1,1,1,1,data\raw\MELD\MELD-RAW\MELD.Raw\dev\dev_splits_complete\dia72_utt16.mp4,data\preprocessed\features\z_at\dev_dia72_utt16.pt,data\preprocessed\features\z_v\dev_dia72_utt16.pt
dev_dia72_utt7,meld_real,0,meld_Joey,anger,anger,-1,1,1,1,data\raw\MELD\MELD-RAW\MELD.Raw\dev\dev_splits_complete\dia72_utt7.mp4,data\preprocessed\features\z_at\dev_dia72_utt7.pt,data\preprocessed\features\z_v\dev_dia72_utt7.pt
dev_dia74_utt14,meld_real,0,meld_Ross,neutral,neutral,-1,1,1,1,data\raw\MELD\MELD-RAW\MELD.Raw\dev\dev_splits_complete\dia74_utt14.mp4,data\preprocessed\features\z_at\dev_dia74_utt14.pt,data\preprocessed\features\z_v\dev_dia74_utt14.pt
dev_dia74_utt16,meld_real,0,meld_Ross,neutral,neutral,-1,1,1,1,data\raw\MELD\MELD-RAW\MELD.Raw\dev\dev_splits_complete\dia74_utt16.mp4,data\preprocessed\features\z_at\dev_dia74_utt16.pt,data\preprocessed\features\z_v\dev_dia74_utt16.pt
dev_dia74_utt3,meld_real,0,meld_Ross,sadness,sadness,-1,1,1,1,data\raw\MELD\MELD-RAW\MELD.Raw\dev\dev_splits_complete\dia74_utt3.mp4,data\preprocessed\features\z_at\dev_dia74_utt3.pt,data\preprocessed\features\z_v\dev_dia74_utt3.pt
dev_dia74_utt7,meld_real,0,meld_Ross,neutral,neutral,-1,1,1,1,data\raw\MELD\MELD-RAW\MELD.Raw\dev\dev_splits_complete\dia74_utt7.mp4,data\preprocessed\features\z_at\dev_dia74_utt7.pt,data\preprocessed\features\z_v\dev_dia74_utt7.pt
dev_dia74_utt9,meld_real,0,meld_Ross,sadness,sadness,-1,1,1,1,data\raw\MELD\MELD-RAW\MELD.Raw\dev\dev_splits_complete\dia74_utt9.mp4,data\preprocessed\features\z_at\dev_dia74_utt9.pt,data\preprocessed\features\z_v\dev_dia74_utt9.pt
dev_dia75_utt0,meld_real,0,meld_Rachel,neutral,neutral,-1,1,1,1,data\raw\MELD\MELD-RAW\MELD.Raw\dev\dev_splits_complete\dia75_utt0.mp4,data\preprocessed\features\z_at\dev_dia75_utt0.pt,data\preprocessed\features\z_v\dev_dia75_utt0.pt
dev_dia76_utt11,meld_real,0,meld_Chandler,anger,anger,-1,1,1,1,data\raw\MELD\MELD-RAW\MELD.Raw\dev\dev_splits_complete\dia76_utt11.mp4,data\preprocessed\features\z_at\dev_dia76_utt11.pt,data\preprocessed\features\z_v\dev_dia76_utt11.pt
dev_dia76_utt12,meld_real,0,meld_Chandler,neutral,neutral,-1,1,1,1,data\raw\MELD\MELD-RAW\MELD.Raw\dev\dev_splits_complete\dia76_utt12.mp4,data\preprocessed\features\z_at\dev_dia76_utt12.pt,data\preprocessed\features\z_v\dev_dia76_utt12.pt
dev_dia76_utt13,meld_real,0,meld_Chandler,neutral,neutral,-1,1,1,1,data\raw\MELD\MELD-RAW\MELD.Raw\dev\dev_splits_complete\dia76_utt13.mp4,data\preprocessed\features\z_at\dev_dia76_utt13.pt,data\preprocessed\features\z_v\dev_dia76_utt13.pt
dev_dia76_utt4,meld_real,0,meld_Chandler,joy,joy,-1,1,1,1,data\raw\MELD\MELD-RAW\MELD.Raw\dev\dev_splits_complete\dia76_utt4.mp4,data\preprocessed\features\z_at\dev_dia76_utt4.pt,data\preprocessed\features\z_v\dev_dia76_utt4.pt
dev_dia76_utt8,meld_real,0,meld_Ross,joy,joy,-1,1,1,1,data\raw\MELD\MELD-RAW\MELD.Raw\dev\dev_splits_complete\dia76_utt8.mp4,data\preprocessed\features\z_at\dev_dia76_utt8.pt,data\preprocessed\features\z_v\dev_dia76_utt8.pt
dev_dia77_utt1,meld_real,0,meld_Ross,neutral,neutral,-1,1,1,1,data\raw\MELD\MELD-RAW\MELD.Raw\dev\dev_splits_complete\dia77_utt1.mp4,data\preprocessed\features\z_at\dev_dia77_utt1.pt,data\preprocessed\features\z_v\dev_dia77_utt1.pt
dev_dia77_utt16,meld_real,0,meld_Ross,sadness,sadness,-1,1,1,1,data\raw\MELD\MELD-RAW\MELD.Raw\dev\dev_splits_complete\dia77_utt16.mp4,data\preprocessed\features\z_at\dev_dia77_utt16.pt,data\preprocessed\features\z_v\dev_dia77_utt16.pt
dev_dia77_utt17,meld_real,0,meld_Phoebe,neutral,neutral,-1,1,1,1,data\raw\MELD\MELD-RAW\MELD.Raw\dev\dev_splits_complete\dia77_utt17.mp4,data\preprocessed\features\z_at\dev_dia77_utt17.pt,data\preprocessed\features\z_v\dev_dia77_utt17.pt
dev_dia77_utt3,meld_real,0,meld_Ross,joy,joy,-1,1,1,1,data\raw\MELD\MELD-RAW\MELD.Raw\dev\dev_splits_complete\dia77_utt3.mp4,data\preprocessed\features\z_at\dev_dia77_utt3.pt,data\preprocessed\features\z_v\dev_dia77_utt3.pt
dev_dia78_utt0,meld_real,0,meld_Rachel,joy,joy,-1,1,1,1,data\raw\MELD\MELD-RAW\MELD.Raw\dev\dev_splits_complete\dia78_utt0.mp4,data\preprocessed\features\z_at\dev_dia78_utt0.pt,data\preprocessed\features\z_v\dev_dia78_utt0.pt
dev_dia78_utt3,meld_real,0,meld_Ross,anger,anger,-1,1,1,1,data\raw\MELD\MELD-RAW\MELD.Raw\dev\dev_splits_complete\dia78_utt3.mp4,data\preprocessed\features\z_at\dev_dia78_utt3.pt,data\preprocessed\features\z_v\dev_dia78_utt3.pt
dev_dia78_utt6,meld_real,0,meld_Ross,neutral,neutral,-1,1,1,1,data\raw\MELD\MELD-RAW\MELD.Raw\dev\dev_splits_complete\dia78_utt6.mp4,data\preprocessed\features\z_at\dev_dia78_utt6.pt,data\preprocessed\features\z_v\dev_dia78_utt6.pt
dev_dia78_utt8,meld_real,0,meld_Ross,anger,anger,-1,1,1,1,data\raw\MELD\MELD-RAW\MELD.Raw\dev\dev_splits_complete\dia78_utt8.mp4,data\preprocessed\features\z_at\dev_dia78_utt8.pt,data\preprocessed\features\z_v\dev_dia78_utt8.pt
dev_dia79_utt4,meld_real,0,meld_Monica,joy,joy,-1,1,1,1,data\raw\MELD\MELD-RAW\MELD.Raw\dev\dev_splits_complete\dia79_utt4.mp4,data\preprocessed\features\z_at\dev_dia79_utt4.pt,data\preprocessed\features\z_v\dev_dia79_utt4.pt
dev_dia79_utt6,meld_real,0,meld_Monica,neutral,neutral,-1,1,1,1,data\raw\MELD\MELD-RAW\MELD.Raw\dev\dev_splits_complete\dia79_utt6.mp4,data\preprocessed\features\z_at\dev_dia79_utt6.pt,data\preprocessed\features\z_v\dev_dia79_utt6.pt
dev_dia7_utt5,meld_real,0,meld_Rachel,joy,joy,-1,1,1,1,data\raw\MELD\MELD-RAW\MELD.Raw\dev\dev_splits_complete\dia7_utt5.mp4,data\preprocessed\features\z_at\dev_dia7_utt5.pt,data\preprocessed\features\z_v\dev_dia7_utt5.pt
dev_dia80_utt7,meld_real,0,meld_Max,joy,joy,-1,1,1,1,data\raw\MELD\MELD-RAW\MELD.Raw\dev\dev_splits_complete\dia80_utt7.mp4,data\preprocessed\features\z_at\dev_dia80_utt7.pt,data\preprocessed\features\z_v\dev_dia80_utt7.pt
dev_dia81_utt1,meld_real,0,meld_Ross,neutral,neutral,-1,1,1,1,data\raw\MELD\MELD-RAW\MELD.Raw\dev\dev_splits_complete\dia81_utt1.mp4,data\preprocessed\features\z_at\dev_dia81_utt1.pt,data\preprocessed\features\z_v\dev_dia81_utt1.pt
dev_dia82_utt0,meld_real,0,meld_Joey,joy,joy,-1,1,1,1,data\raw\MELD\MELD-RAW\MELD.Raw\dev\dev_splits_complete\dia82_utt0.mp4,data\preprocessed\features\z_at\dev_dia82_utt0.pt,data\preprocessed\features\z_v\dev_dia82_utt0.pt
dev_dia82_utt1,meld_real,0,meld_Chandler,anger,anger,-1,1,1,1,data\raw\MELD\MELD-RAW\MELD.Raw\dev\dev_splits_complete\dia82_utt1.mp4,data\preprocessed\features\z_at\dev_dia82_utt1.pt,data\preprocessed\features\z_v\dev_dia82_utt1.pt
dev_dia82_utt17,meld_real,0,meld_Estelle,neutral,neutral,-1,1,1,1,data\raw\MELD\MELD-RAW\MELD.Raw\dev\dev_splits_complete\dia82_utt17.mp4,data\preprocessed\features\z_at\dev_dia82_utt17.pt,data\preprocessed\features\z_v\dev_dia82_utt17.pt
dev_dia82_utt2,meld_real,0,meld_Joey,neutral,neutral,-1,1,1,1,data\raw\MELD\MELD-RAW\MELD.Raw\dev\dev_splits_complete\dia82_utt2.mp4,data\preprocessed\features\z_at\dev_dia82_utt2.pt,data\preprocessed\features\z_v\dev_dia82_utt2.pt
dev_dia82_utt5,meld_real,0,meld_Joey,anger,anger,-1,1,1,1,data\raw\MELD\MELD-RAW\MELD.Raw\dev\dev_splits_complete\dia82_utt5.mp4,data\preprocessed\features\z_at\dev_dia82_utt5.pt,data\preprocessed\features\z_v\dev_dia82_utt5.pt
dev_dia83_utt0,meld_real,0,meld_Monica,anger,anger,-1,1,1,1,data\raw\MELD\MELD-RAW\MELD.Raw\dev\dev_splits_complete\dia83_utt0.mp4,data\preprocessed\features\z_at\dev_dia83_utt0.pt,data\preprocessed\features\z_v\dev_dia83_utt0.pt
dev_dia83_utt1,meld_real,0,meld_Monica,neutral,neutral,-1,1,1,1,data\raw\MELD\MELD-RAW\MELD.Raw\dev\dev_splits_complete\dia83_utt1.mp4,data\preprocessed\features\z_at\dev_dia83_utt1.pt,data\preprocessed\features\z_v\dev_dia83_utt1.pt
dev_dia83_utt2,meld_real,0,meld_Chandler,joy,joy,-1,1,1,1,data\raw\MELD\MELD-RAW\MELD.Raw\dev\dev_splits_complete\dia83_utt2.mp4,data\preprocessed\features\z_at\dev_dia83_utt2.pt,data\preprocessed\features\z_v\dev_dia83_utt2.pt
dev_dia84_utt7,meld_real,0,meld_Phoebe,neutral,neutral,-1,1,1,1,data\raw\MELD\MELD-RAW\MELD.Raw\dev\dev_splits_complete\dia84_utt7.mp4,data\preprocessed\features\z_at\dev_dia84_utt7.pt,data\preprocessed\features\z_v\dev_dia84_utt7.pt
dev_dia85_utt10,meld_real,0,meld_Chandler,anger,anger,-1,1,1,1,data\raw\MELD\MELD-RAW\MELD.Raw\dev\dev_splits_complete\dia85_utt10.mp4,data\preprocessed\features\z_at\dev_dia85_utt10.pt,data\preprocessed\features\z_v\dev_dia85_utt10.pt
dev_dia85_utt11,meld_real,0,meld_Rachel,neutral,neutral,-1,1,1,1,data\raw\MELD\MELD-RAW\MELD.Raw\dev\dev_splits_complete\dia85_utt11.mp4,data\preprocessed\features\z_at\dev_dia85_utt11.pt,data\preprocessed\features\z_v\dev_dia85_utt11.pt
dev_dia85_utt13,meld_real,0,meld_Rachel,neutral,neutral,-1,1,1,1,data\raw\MELD\MELD-RAW\MELD.Raw\dev\dev_splits_complete\dia85_utt13.mp4,data\preprocessed\features\z_at\dev_dia85_utt13.pt,data\preprocessed\features\z_v\dev_dia85_utt13.pt
dev_dia85_utt15,meld_real,0,meld_Rachel,neutral,neutral,-1,1,1,1,data\raw\MELD\MELD-RAW\MELD.Raw\dev\dev_splits_complete\dia85_utt15.mp4,data\preprocessed\features\z_at\dev_dia85_utt15.pt,data\preprocessed\features\z_v\dev_dia85_utt15.pt
dev_dia85_utt2,meld_real,0,meld_Ross,neutral,neutral,-1,1,1,1,data\raw\MELD\MELD-RAW\MELD.Raw\dev\dev_splits_complete\dia85_utt2.mp4,data\preprocessed\features\z_at\dev_dia85_utt2.pt,data\preprocessed\features\z_v\dev_dia85_utt2.pt
dev_dia85_utt3,meld_real,0,meld_Rachel,neutral,neutral,-1,1,1,1,data\raw\MELD\MELD-RAW\MELD.Raw\dev\dev_splits_complete\dia85_utt3.mp4,data\preprocessed\features\z_at\dev_dia85_utt3.pt,data\preprocessed\features\z_v\dev_dia85_utt3.pt
dev_dia85_utt5,meld_real,0,meld_Phoebe,neutral,neutral,-1,1,1,1,data\raw\MELD\MELD-RAW\MELD.Raw\dev\dev_splits_complete\dia85_utt5.mp4,data\preprocessed\features\z_at\dev_dia85_utt5.pt,data\preprocessed\features\z_v\dev_dia85_utt5.pt
dev_dia88_utt1,meld_real,0,meld_Monica,neutral,neutral,-1,1,1,1,data\raw\MELD\MELD-RAW\MELD.Raw\dev\dev_splits_complete\dia88_utt1.mp4,data\preprocessed\features\z_at\dev_dia88_utt1.pt,data\preprocessed\features\z_v\dev_dia88_utt1.pt
dev_dia88_utt4,meld_real,0,meld_Phoebe,anger,anger,-1,1,1,1,data\raw\MELD\MELD-RAW\MELD.Raw\dev\dev_splits_complete\dia88_utt4.mp4,data\preprocessed\features\z_at\dev_dia88_utt4.pt,data\preprocessed\features\z_v\dev_dia88_utt4.pt
dev_dia89_utt1,meld_real,0,meld_Chandler,anger,anger,-1,1,1,1,data\raw\MELD\MELD-RAW\MELD.Raw\dev\dev_splits_complete\dia89_utt1.mp4,data\preprocessed\features\z_at\dev_dia89_utt1.pt,data\preprocessed\features\z_v\dev_dia89_utt1.pt
dev_dia89_utt2,meld_real,0,meld_Joey,fear,fear,-1,1,1,1,data\raw\MELD\MELD-RAW\MELD.Raw\dev\dev_splits_complete\dia89_utt2.mp4,data\preprocessed\features\z_at\dev_dia89_utt2.pt,data\preprocessed\features\z_v\dev_dia89_utt2.pt
dev_dia89_utt4,meld_real,0,meld_Doctor,neutral,neutral,-1,1,1,1,data\raw\MELD\MELD-RAW\MELD.Raw\dev\dev_splits_complete\dia89_utt4.mp4,data\preprocessed\features\z_at\dev_dia89_utt4.pt,data\preprocessed\features\z_v\dev_dia89_utt4.pt
dev_dia89_utt9,meld_real,0,meld_Ross,neutral,neutral,-1,1,1,1,data\raw\MELD\MELD-RAW\MELD.Raw\dev\dev_splits_complete\dia89_utt9.mp4,data\preprocessed\features\z_at\dev_dia89_utt9.pt,data\preprocessed\features\z_v\dev_dia89_utt9.pt
dev_dia8_utt13,meld_real,0,meld_Joey,neutral,neutral,-1,1,1,1,data\raw\MELD\MELD-RAW\MELD.Raw\dev\dev_splits_complete\dia8_utt13.mp4,data\preprocessed\features\z_at\dev_dia8_utt13.pt,data\preprocessed\features\z_v\dev_dia8_utt13.pt
dev_dia8_utt7,meld_real,0,meld_Monica,joy,joy,-1,1,1,1,data\raw\MELD\MELD-RAW\MELD.Raw\dev\dev_splits_complete\dia8_utt7.mp4,data\preprocessed\features\z_at\dev_dia8_utt7.pt,data\preprocessed\features\z_v\dev_dia8_utt7.pt
dev_dia90_utt0,meld_real,0,meld_Rachel,joy,joy,-1,1,1,1,data\raw\MELD\MELD-RAW\MELD.Raw\dev\dev_splits_complete\dia90_utt0.mp4,data\preprocessed\features\z_at\dev_dia90_utt0.pt,data\preprocessed\features\z_v\dev_dia90_utt0.pt
dev_dia90_utt5,meld_real,0,meld_Joey,anger,anger,-1,1,1,1,data\raw\MELD\MELD-RAW\MELD.Raw\dev\dev_splits_complete\dia90_utt5.mp4,data\preprocessed\features\z_at\dev_dia90_utt5.pt,data\preprocessed\features\z_v\dev_dia90_utt5.pt
dev_dia90_utt6,meld_real,0,meld_Rachel,sadness,sadness,-1,1,1,1,data\raw\MELD\MELD-RAW\MELD.Raw\dev\dev_splits_complete\dia90_utt6.mp4,data\preprocessed\features\z_at\dev_dia90_utt6.pt,data\preprocessed\features\z_v\dev_dia90_utt6.pt
dev_dia91_utt6,meld_real,0,meld_Ross,disgust,disgust,-1,1,1,1,data\raw\MELD\MELD-RAW\MELD.Raw\dev\dev_splits_complete\dia91_utt6.mp4,data\preprocessed\features\z_at\dev_dia91_utt6.pt,data\preprocessed\features\z_v\dev_dia91_utt6.pt
dev_dia92_utt7,meld_real,0,meld_Phoebe,neutral,neutral,-1,1,1,1,data\raw\MELD\MELD-RAW\MELD.Raw\dev\dev_splits_complete\dia92_utt7.mp4,data\preprocessed\features\z_at\dev_dia92_utt7.pt,data\preprocessed\features\z_v\dev_dia92_utt7.pt
dev_dia93_utt4,meld_real,0,meld_Phoebe,neutral,neutral,-1,1,1,1,data\raw\MELD\MELD-RAW\MELD.Raw\dev\dev_splits_complete\dia93_utt4.mp4,data\preprocessed\features\z_at\dev_dia93_utt4.pt,data\preprocessed\features\z_v\dev_dia93_utt4.pt
dev_dia93_utt7,meld_real,0,meld_Joey,sadness,sadness,-1,1,1,1,data\raw\MELD\MELD-RAW\MELD.Raw\dev\dev_splits_complete\dia93_utt7.mp4,data\preprocessed\features\z_at\dev_dia93_utt7.pt,data\preprocessed\features\z_v\dev_dia93_utt7.pt
dev_dia94_utt1,meld_real,0,meld_Carol,joy,joy,-1,1,1,1,data\raw\MELD\MELD-RAW\MELD.Raw\dev\dev_splits_complete\dia94_utt1.mp4,data\preprocessed\features\z_at\dev_dia94_utt1.pt,data\preprocessed\features\z_v\dev_dia94_utt1.pt
dev_dia94_utt10,meld_real,0,meld_Susan,neutral,neutral,-1,1,1,1,data\raw\MELD\MELD-RAW\MELD.Raw\dev\dev_splits_complete\dia94_utt10.mp4,data\preprocessed\features\z_at\dev_dia94_utt10.pt,data\preprocessed\features\z_v\dev_dia94_utt10.pt
dev_dia94_utt4,meld_real,0,meld_Joey,neutral,neutral,-1,1,1,1,data\raw\MELD\MELD-RAW\MELD.Raw\dev\dev_splits_complete\dia94_utt4.mp4,data\preprocessed\features\z_at\dev_dia94_utt4.pt,data\preprocessed\features\z_v\dev_dia94_utt4.pt
dev_dia94_utt7,meld_real,0,meld_Ross,neutral,neutral,-1,1,1,1,data\raw\MELD\MELD-RAW\MELD.Raw\dev\dev_splits_complete\dia94_utt7.mp4,data\preprocessed\features\z_at\dev_dia94_utt7.pt,data\preprocessed\features\z_v\dev_dia94_utt7.pt
dev_dia95_utt0,meld_real,0,meld_Monica,anger,anger,-1,1,1,1,data\raw\MELD\MELD-RAW\MELD.Raw\dev\dev_splits_complete\dia95_utt0.mp4,data\preprocessed\features\z_at\dev_dia95_utt0.pt,data\preprocessed\features\z_v\dev_dia95_utt0.pt
dev_dia95_utt1,meld_real,0,meld_Joey,neutral,neutral,-1,1,1,1,data\raw\MELD\MELD-RAW\MELD.Raw\dev\dev_splits_complete\dia95_utt1.mp4,data\preprocessed\features\z_at\dev_dia95_utt1.pt,data\preprocessed\features\z_v\dev_dia95_utt1.pt
dev_dia95_utt6,meld_real,0,meld_Monica,anger,anger,-1,1,1,1,data\raw\MELD\MELD-RAW\MELD.Raw\dev\dev_splits_complete\dia95_utt6.mp4,data\preprocessed\features\z_at\dev_dia95_utt6.pt,data\preprocessed\features\z_v\dev_dia95_utt6.pt
dev_dia96_utt0,meld_real,0,meld_Cliff,neutral,neutral,-1,1,1,1,data\raw\MELD\MELD-RAW\MELD.Raw\dev\dev_splits_complete\dia96_utt0.mp4,data\preprocessed\features\z_at\dev_dia96_utt0.pt,data\preprocessed\features\z_v\dev_dia96_utt0.pt
dev_dia96_utt2,meld_real,0,meld_Cliff,neutral,neutral,-1,1,1,1,data\raw\MELD\MELD-RAW\MELD.Raw\dev\dev_splits_complete\dia96_utt2.mp4,data\preprocessed\features\z_at\dev_dia96_utt2.pt,data\preprocessed\features\z_v\dev_dia96_utt2.pt
dev_dia97_utt11,meld_real,0,meld_Phoebe,joy,joy,-1,1,1,1,data\raw\MELD\MELD-RAW\MELD.Raw\dev\dev_splits_complete\dia97_utt11.mp4,data\preprocessed\features\z_at\dev_dia97_utt11.pt,data\preprocessed\features\z_v\dev_dia97_utt11.pt
dev_dia97_utt12,meld_real,0,meld_Chandler,neutral,neutral,-1,1,1,1,data\raw\MELD\MELD-RAW\MELD.Raw\dev\dev_splits_complete\dia97_utt12.mp4,data\preprocessed\features\z_at\dev_dia97_utt12.pt,data\preprocessed\features\z_v\dev_dia97_utt12.pt
dev_dia97_utt13,meld_real,0,meld_Phoebe,neutral,neutral,-1,1,1,1,data\raw\MELD\MELD-RAW\MELD.Raw\dev\dev_splits_complete\dia97_utt13.mp4,data\preprocessed\features\z_at\dev_dia97_utt13.pt,data\preprocessed\features\z_v\dev_dia97_utt13.pt
dev_dia97_utt14,meld_real,0,meld_Monica,fear,fear,-1,1,1,1,data\raw\MELD\MELD-RAW\MELD.Raw\dev\dev_splits_complete\dia97_utt14.mp4,data\preprocessed\features\z_at\dev_dia97_utt14.pt,data\preprocessed\features\z_v\dev_dia97_utt14.pt
dev_dia98_utt0,meld_real,0,meld_Jeannine,anger,anger,-1,1,1,1,data\raw\MELD\MELD-RAW\MELD.Raw\dev\dev_splits_complete\dia98_utt0.mp4,data\preprocessed\features\z_at\dev_dia98_utt0.pt,data\preprocessed\features\z_v\dev_dia98_utt0.pt
dev_dia99_utt7,meld_real,0,meld_Rachel,neutral,neutral,-1,1,1,1,data\raw\MELD\MELD-RAW\MELD.Raw\dev\dev_splits_complete\dia99_utt7.mp4,data\preprocessed\features\z_at\dev_dia99_utt7.pt,data\preprocessed\features\z_v\dev_dia99_utt7.pt
dev_dia99_utt8,meld_real,0,meld_Chandler,neutral,neutral,-1,1,1,1,data\raw\MELD\MELD-RAW\MELD.Raw\dev\dev_splits_complete\dia99_utt8.mp4,data\preprocessed\features\z_at\dev_dia99_utt8.pt,data\preprocessed\features\z_v\dev_dia99_utt8.pt
dev_dia9_utt2,meld_real,0,meld_Joey,neutral,neutral,-1,1,1,1,data\raw\MELD\MELD-RAW\MELD.Raw\dev\dev_splits_complete\dia9_utt2.mp4,data\preprocessed\features\z_at\dev_dia9_utt2.pt,data\preprocessed\features\z_v\dev_dia9_utt2.pt
dev_dia9_utt3,meld_real,0,meld_Chandler,joy,joy,-1,1,1,1,data\raw\MELD\MELD-RAW\MELD.Raw\dev\dev_splits_complete\dia9_utt3.mp4,data\preprocessed\features\z_at\dev_dia9_utt3.pt,data\preprocessed\features\z_v\dev_dia9_utt3.pt
dev_dia9_utt5,meld_real,0,meld_Joey,neutral,neutral,-1,1,1,1,data\raw\MELD\MELD-RAW\MELD.Raw\dev\dev_splits_complete\dia9_utt5.mp4,data\preprocessed\features\z_at\dev_dia9_utt5.pt,data\preprocessed\features\z_v\dev_dia9_utt5.pt
dev_dia9_utt6,meld_real,0,meld_Joey,neutral,neutral,-1,1,1,1,data\raw\MELD\MELD-RAW\MELD.Raw\dev\dev_splits_complete\dia9_utt6.mp4,data\preprocessed\features\z_at\dev_dia9_utt6.pt,data\preprocessed\features\z_v\dev_dia9_utt6.pt
dev_dia9_utt7,meld_real,0,meld_Joey,neutral,neutral,-1,1,1,1,data\raw\MELD\MELD-RAW\MELD.Raw\dev\dev_splits_complete\dia9_utt7.mp4,data\preprocessed\features\z_at\dev_dia9_utt7.pt,data\preprocessed\features\z_v\dev_dia9_utt7.pt
test_dia100_utt0,meld_real,0,meld_Phoebe,neutral,neutral,-1,1,1,1,data\raw\MELD\MELD-RAW\MELD.Raw\test\output_repeated_splits_test\dia100_utt0.mp4,data\preprocessed\features\z_at\test_dia100_utt0.pt,data\preprocessed\features\z_v\test_dia100_utt0.pt
test_dia100_utt10,meld_real,0,meld_Phoebe,sadness,sadness,-1,1,1,1,data\raw\MELD\MELD-RAW\MELD.Raw\test\output_repeated_splits_test\dia100_utt10.mp4,data\preprocessed\features\z_at\test_dia100_utt10.pt,data\preprocessed\features\z_v\test_dia100_utt10.pt
test_dia100_utt11,meld_real,0,meld_Phoebe,neutral,neutral,-1,1,1,1,data\raw\MELD\MELD-RAW\MELD.Raw\test\output_repeated_splits_test\dia100_utt11.mp4,data\preprocessed\features\z_at\test_dia100_utt11.pt,data\preprocessed\features\z_v\test_dia100_utt11.pt
test_dia100_utt7,meld_real,0,meld_Phoebe,neutral,neutral,-1,1,1,1,data\raw\MELD\MELD-RAW\MELD.Raw\test\output_repeated_splits_test\dia100_utt7.mp4,data\preprocessed\features\z_at\test_dia100_utt7.pt,data\preprocessed\features\z_v\test_dia100_utt7.pt
test_dia100_utt9,meld_real,0,meld_Phoebe,neutral,neutral,-1,1,1,1,data\raw\MELD\MELD-RAW\MELD.Raw\test\output_repeated_splits_test\dia100_utt9.mp4,data\preprocessed\features\z_at\test_dia100_utt9.pt,data\preprocessed\features\z_v\test_dia100_utt9.pt
test_dia102_utt3,meld_real,0,meld_Phoebe,neutral,neutral,-1,1,1,1,data\raw\MELD\MELD-RAW\MELD.Raw\test\output_repeated_splits_test\dia102_utt3.mp4,data\preprocessed\features\z_at\test_dia102_utt3.pt,data\preprocessed\features\z_v\test_dia102_utt3.pt
test_dia102_utt7,meld_real,0,meld_Phoebe,sadness,sadness,-1,1,1,1,data\raw\MELD\MELD-RAW\MELD.Raw\test\output_repeated_splits_test\dia102_utt7.mp4,data\preprocessed\features\z_at\test_dia102_utt7.pt,data\preprocessed\features\z_v\test_dia102_utt7.pt
test_dia103_utt5,meld_real,0,meld_Joey,neutral,neutral,-1,1,1,1,data\raw\MELD\MELD-RAW\MELD.Raw\test\output_repeated_splits_test\dia103_utt5.mp4,data\preprocessed\features\z_at\test_dia103_utt5.pt,data\preprocessed\features\z_v\test_dia103_utt5.pt
test_dia104_utt0,meld_real,0,meld_Joey,joy,joy,-1,1,1,1,data\raw\MELD\MELD-RAW\MELD.Raw\test\output_repeated_splits_test\dia104_utt0.mp4,data\preprocessed\features\z_at\test_dia104_utt0.pt,data\preprocessed\features\z_v\test_dia104_utt0.pt
test_dia105_utt1,meld_real,0,meld_Phoebe,fear,fear,-1,1,1,1,data\raw\MELD\MELD-RAW\MELD.Raw\test\output_repeated_splits_test\dia105_utt1.mp4,data\preprocessed\features\z_at\test_dia105_utt1.pt,data\preprocessed\features\z_v\test_dia105_utt1.pt
test_dia107_utt0,meld_real,0,meld_Rachel,neutral,neutral,-1,1,1,1,data\raw\MELD\MELD-RAW\MELD.Raw\test\output_repeated_splits_test\dia107_utt0.mp4,data\preprocessed\features\z_at\test_dia107_utt0.pt,data\preprocessed\features\z_v\test_dia107_utt0.pt
test_dia107_utt10,meld_real,0,meld_Rachel,neutral,neutral,-1,1,1,1,data\raw\MELD\MELD-RAW\MELD.Raw\test\output_repeated_splits_test\dia107_utt10.mp4,data\preprocessed\features\z_at\test_dia107_utt10.pt,data\preprocessed\features\z_v\test_dia107_utt10.pt
test_dia108_utt3,meld_real,0,meld_Phoebe,anger,anger,-1,1,1,1,data\raw\MELD\MELD-RAW\MELD.Raw\test\output_repeated_splits_test\dia108_utt3.mp4,data\preprocessed\features\z_at\test_dia108_utt3.pt,data\preprocessed\features\z_v\test_dia108_utt3.pt
test_dia108_utt5,meld_real,0,meld_Phoebe,joy,joy,-1,1,1,1,data\raw\MELD\MELD-RAW\MELD.Raw\test\output_repeated_splits_test\dia108_utt5.mp4,data\preprocessed\features\z_at\test_dia108_utt5.pt,data\preprocessed\features\z_v\test_dia108_utt5.pt
test_dia108_utt9,meld_real,0,meld_Phoebe,joy,joy,-1,1,1,1,data\raw\MELD\MELD-RAW\MELD.Raw\test\output_repeated_splits_test\dia108_utt9.mp4,data\preprocessed\features\z_at\test_dia108_utt9.pt,data\preprocessed\features\z_v\test_dia108_utt9.pt
test_dia109_utt1,meld_real,0,meld_Joey,joy,joy,-1,1,1,1,data\raw\MELD\MELD-RAW\MELD.Raw\test\output_repeated_splits_test\dia109_utt1.mp4,data\preprocessed\features\z_at\test_dia109_utt1.pt,data\preprocessed\features\z_v\test_dia109_utt1.pt
test_dia109_utt4,meld_real,0,meld_Janice,neutral,neutral,-1,1,1,1,data\raw\MELD\MELD-RAW\MELD.Raw\test\output_repeated_splits_test\dia109_utt4.mp4,data\preprocessed\features\z_at\test_dia109_utt4.pt,data\preprocessed\features\z_v\test_dia109_utt4.pt
test_dia109_utt5,meld_real,0,meld_Janice,anger,anger,-1,1,1,1,data\raw\MELD\MELD-RAW\MELD.Raw\test\output_repeated_splits_test\dia109_utt5.mp4,data\preprocessed\features\z_at\test_dia109_utt5.pt,data\preprocessed\features\z_v\test_dia109_utt5.pt
test_dia10_utt1,meld_real,0,meld_Joey,neutral,neutral,-1,1,1,1,data\raw\MELD\MELD-RAW\MELD.Raw\test\output_repeated_splits_test\dia10_utt1.mp4,data\preprocessed\features\z_at\test_dia10_utt1.pt,data\preprocessed\features\z_v\test_dia10_utt1.pt
test_dia10_utt3,meld_real,0,meld_Ross,neutral,neutral,-1,1,1,1,data\raw\MELD\MELD-RAW\MELD.Raw\test\output_repeated_splits_test\dia10_utt3.mp4,data\preprocessed\features\z_at\test_dia10_utt3.pt,data\preprocessed\features\z_v\test_dia10_utt3.pt
test_dia110_utt2,meld_real,0,meld_Ross,neutral,neutral,-1,1,1,1,data\raw\MELD\MELD-RAW\MELD.Raw\test\output_repeated_splits_test\dia110_utt2.mp4,data\preprocessed\features\z_at\test_dia110_utt2.pt,data\preprocessed\features\z_v\test_dia110_utt2.pt
test_dia110_utt4,meld_real,0,meld_Ross,joy,joy,-1,1,1,1,data\raw\MELD\MELD-RAW\MELD.Raw\test\output_repeated_splits_test\dia110_utt4.mp4,data\preprocessed\features\z_at\test_dia110_utt4.pt,data\preprocessed\features\z_v\test_dia110_utt4.pt
test_dia110_utt6,meld_real,0,meld_Chandler,sadness,sadness,-1,1,1,1,data\raw\MELD\MELD-RAW\MELD.Raw\test\output_repeated_splits_test\dia110_utt6.mp4,data\preprocessed\features\z_at\test_dia110_utt6.pt,data\preprocessed\features\z_v\test_dia110_utt6.pt
test_dia110_utt7,meld_real,0,meld_Ross,joy,joy,-1,1,1,1,data\raw\MELD\MELD-RAW\MELD.Raw\test\output_repeated_splits_test\dia110_utt7.mp4,data\preprocessed\features\z_at\test_dia110_utt7.pt,data\preprocessed\features\z_v\test_dia110_utt7.pt
test_dia110_utt8,meld_real,0,meld_Chandler,disgust,disgust,-1,1,1,1,data\raw\MELD\MELD-RAW\MELD.Raw\test\output_repeated_splits_test\dia110_utt8.mp4,data\preprocessed\features\z_at\test_dia110_utt8.pt,data\preprocessed\features\z_v\test_dia110_utt8.pt
test_dia111_utt10,meld_real,0,meld_Chandler,anger,anger,-1,1,1,1,data\raw\MELD\MELD-RAW\MELD.Raw\test\output_repeated_splits_test\dia111_utt10.mp4,data\preprocessed\features\z_at\test_dia111_utt10.pt,data\preprocessed\features\z_v\test_dia111_utt10.pt
test_dia111_utt12,meld_real,0,meld_Joey,neutral,neutral,-1,1,1,1,data\raw\MELD\MELD-RAW\MELD.Raw\test\output_repeated_splits_test\dia111_utt12.mp4,data\preprocessed\features\z_at\test_dia111_utt12.pt,data\preprocessed\features\z_v\test_dia111_utt12.pt
test_dia111_utt4,meld_real,0,meld_Mrs._Bing,sadness,sadness,-1,1,1,1,data\raw\MELD\MELD-RAW\MELD.Raw\test\output_repeated_splits_test\dia111_utt4.mp4,data\preprocessed\features\z_at\test_dia111_utt4.pt,data\preprocessed\features\z_v\test_dia111_utt4.pt
test_dia112_utt10,meld_real,0,meld_Phoebe,neutral,neutral,-1,1,1,1,data\raw\MELD\MELD-RAW\MELD.Raw\test\output_repeated_splits_test\dia112_utt10.mp4,data\preprocessed\features\z_at\test_dia112_utt10.pt,data\preprocessed\features\z_v\test_dia112_utt10.pt
test_dia112_utt11,meld_real,0,meld_Monica,joy,joy,-1,1,1,1,data\raw\MELD\MELD-RAW\MELD.Raw\test\output_repeated_splits_test\dia112_utt11.mp4,data\preprocessed\features\z_at\test_dia112_utt11.pt,data\preprocessed\features\z_v\test_dia112_utt11.pt
test_dia112_utt12,meld_real,0,meld_Guy,neutral,neutral,-1,1,1,1,data\raw\MELD\MELD-RAW\MELD.Raw\test\output_repeated_splits_test\dia112_utt12.mp4,data\preprocessed\features\z_at\test_dia112_utt12.pt,data\preprocessed\features\z_v\test_dia112_utt12.pt
test_dia112_utt2,meld_real,0,meld_Phoebe,disgust,disgust,-1,1,1,1,data\raw\MELD\MELD-RAW\MELD.Raw\test\output_repeated_splits_test\dia112_utt2.mp4,data\preprocessed\features\z_at\test_dia112_utt2.pt,data\preprocessed\features\z_v\test_dia112_utt2.pt
test_dia112_utt3,meld_real,0,meld_Phoebe,disgust,disgust,-1,1,1,1,data\raw\MELD\MELD-RAW\MELD.Raw\test\output_repeated_splits_test\dia112_utt3.mp4,data\preprocessed\features\z_at\test_dia112_utt3.pt,data\preprocessed\features\z_v\test_dia112_utt3.pt
test_dia112_utt5,meld_real,0,meld_Phoebe,neutral,neutral,-1,1,1,1,data\raw\MELD\MELD-RAW\MELD.Raw\test\output_repeated_splits_test\dia112_utt5.mp4,data\preprocessed\features\z_at\test_dia112_utt5.pt,data\preprocessed\features\z_v\test_dia112_utt5.pt
test_dia112_utt6,meld_real,0,meld_Phoebe,anger,anger,-1,1,1,1,data\raw\MELD\MELD-RAW\MELD.Raw\test\output_repeated_splits_test\dia112_utt6.mp4,data\preprocessed\features\z_at\test_dia112_utt6.pt,data\preprocessed\features\z_v\test_dia112_utt6.pt
test_dia113_utt1,meld_real,0,meld_Chandler,neutral,neutral,-1,1,1,1,data\raw\MELD\MELD-RAW\MELD.Raw\test\output_repeated_splits_test\dia113_utt1.mp4,data\preprocessed\features\z_at\test_dia113_utt1.pt,data\preprocessed\features\z_v\test_dia113_utt1.pt
test_dia113_utt15,meld_real,0,meld_Rachel,anger,anger,-1,1,1,1,data\raw\MELD\MELD-RAW\MELD.Raw\test\output_repeated_splits_test\dia113_utt15.mp4,data\preprocessed\features\z_at\test_dia113_utt15.pt,data\preprocessed\features\z_v\test_dia113_utt15.pt
test_dia113_utt9,meld_real,0,meld_Ross,neutral,neutral,-1,1,1,1,data\raw\MELD\MELD-RAW\MELD.Raw\test\output_repeated_splits_test\dia113_utt9.mp4,data\preprocessed\features\z_at\test_dia113_utt9.pt,data\preprocessed\features\z_v\test_dia113_utt9.pt
test_dia114_utt1,meld_real,0,meld_Joey,neutral,neutral,-1,1,1,1,data\raw\MELD\MELD-RAW\MELD.Raw\test\output_repeated_splits_test\dia114_utt1.mp4,data\preprocessed\features\z_at\test_dia114_utt1.pt,data\preprocessed\features\z_v\test_dia114_utt1.pt
test_dia114_utt2,meld_real,0,meld_Ross,neutral,neutral,-1,1,1,1,data\raw\MELD\MELD-RAW\MELD.Raw\test\output_repeated_splits_test\dia114_utt2.mp4,data\preprocessed\features\z_at\test_dia114_utt2.pt,data\preprocessed\features\z_v\test_dia114_utt2.pt
test_dia114_utt3,meld_real,0,meld_Joey,neutral,neutral,-1,1,1,1,data\raw\MELD\MELD-RAW\MELD.Raw\test\output_repeated_splits_test\dia114_utt3.mp4,data\preprocessed\features\z_at\test_dia114_utt3.pt,data\preprocessed\features\z_v\test_dia114_utt3.pt
test_dia114_utt4,meld_real,0,meld_Rachel,neutral,neutral,-1,1,1,1,data\raw\MELD\MELD-RAW\MELD.Raw\test\output_repeated_splits_test\dia114_utt4.mp4,data\preprocessed\features\z_at\test_dia114_utt4.pt,data\preprocessed\features\z_v\test_dia114_utt4.pt
test_dia115_utt0,meld_real,0,meld_Sarah,joy,joy,-1,1,1,1,data\raw\MELD\MELD-RAW\MELD.Raw\test\output_repeated_splits_test\dia115_utt0.mp4,data\preprocessed\features\z_at\test_dia115_utt0.pt,data\preprocessed\features\z_v\test_dia115_utt0.pt
test_dia115_utt1,meld_real,0,meld_Ross,neutral,neutral,-1,1,1,1,data\raw\MELD\MELD-RAW\MELD.Raw\test\output_repeated_splits_test\dia115_utt1.mp4,data\preprocessed\features\z_at\test_dia115_utt1.pt,data\preprocessed\features\z_v\test_dia115_utt1.pt
test_dia115_utt2,meld_real,0,meld_Chandler,anger,anger,-1,1,1,1,data\raw\MELD\MELD-RAW\MELD.Raw\test\output_repeated_splits_test\dia115_utt2.mp4,data\preprocessed\features\z_at\test_dia115_utt2.pt,data\preprocessed\features\z_v\test_dia115_utt2.pt
test_dia115_utt4,meld_real,0,meld_Chandler,neutral,neutral,-1,1,1,1,data\raw\MELD\MELD-RAW\MELD.Raw\test\output_repeated_splits_test\dia115_utt4.mp4,data\preprocessed\features\z_at\test_dia115_utt4.pt,data\preprocessed\features\z_v\test_dia115_utt4.pt
test_dia115_utt5,meld_real,0,meld_Ross,neutral,neutral,-1,1,1,1,data\raw\MELD\MELD-RAW\MELD.Raw\test\output_repeated_splits_test\dia115_utt5.mp4,data\preprocessed\features\z_at\test_dia115_utt5.pt,data\preprocessed\features\z_v\test_dia115_utt5.pt
test_dia117_utt8,meld_real,0,meld_The_Instructor,neutral,neutral,-1,1,1,1,data\raw\MELD\MELD-RAW\MELD.Raw\test\output_repeated_splits_test\dia117_utt8.mp4,data\preprocessed\features\z_at\test_dia117_utt8.pt,data\preprocessed\features\z_v\test_dia117_utt8.pt
test_dia118_utt1,meld_real,0,meld_Dana,sadness,sadness,-1,1,1,1,data\raw\MELD\MELD-RAW\MELD.Raw\test\output_repeated_splits_test\dia118_utt1.mp4,data\preprocessed\features\z_at\test_dia118_utt1.pt,data\preprocessed\features\z_v\test_dia118_utt1.pt
test_dia118_utt2,meld_real,0,meld_Chandler,neutral,neutral,-1,1,1,1,data\raw\MELD\MELD-RAW\MELD.Raw\test\output_repeated_splits_test\dia118_utt2.mp4,data\preprocessed\features\z_at\test_dia118_utt2.pt,data\preprocessed\features\z_v\test_dia118_utt2.pt
test_dia118_utt8,meld_real,0,meld_Chandler,neutral,neutral,-1,1,1,1,data\raw\MELD\MELD-RAW\MELD.Raw\test\output_repeated_splits_test\dia118_utt8.mp4,data\preprocessed\features\z_at\test_dia118_utt8.pt,data\preprocessed\features\z_v\test_dia118_utt8.pt
test_dia119_utt0,meld_real,0,meld_Monica,neutral,neutral,-1,1,1,1,data\raw\MELD\MELD-RAW\MELD.Raw\test\output_repeated_splits_test\dia119_utt0.mp4,data\preprocessed\features\z_at\test_dia119_utt0.pt,data\preprocessed\features\z_v\test_dia119_utt0.pt
test_dia119_utt1,meld_real,0,meld_Phoebe,sadness,sadness,-1,1,1,1,data\raw\MELD\MELD-RAW\MELD.Raw\test\output_repeated_splits_test\dia119_utt1.mp4,data\preprocessed\features\z_at\test_dia119_utt1.pt,data\preprocessed\features\z_v\test_dia119_utt1.pt
test_dia119_utt3,meld_real,0,meld_Phoebe,neutral,neutral,-1,1,1,1,data\raw\MELD\MELD-RAW\MELD.Raw\test\output_repeated_splits_test\dia119_utt3.mp4,data\preprocessed\features\z_at\test_dia119_utt3.pt,data\preprocessed\features\z_v\test_dia119_utt3.pt
test_dia119_utt6,meld_real,0,meld_Chandler,neutral,neutral,-1,1,1,1,data\raw\MELD\MELD-RAW\MELD.Raw\test\output_repeated_splits_test\dia119_utt6.mp4,data\preprocessed\features\z_at\test_dia119_utt6.pt,data\preprocessed\features\z_v\test_dia119_utt6.pt
test_dia120_utt1,meld_real,0,meld_Monica,neutral,neutral,-1,1,1,1,data\raw\MELD\MELD-RAW\MELD.Raw\test\output_repeated_splits_test\dia120_utt1.mp4,data\preprocessed\features\z_at\test_dia120_utt1.pt,data\preprocessed\features\z_v\test_dia120_utt1.pt
test_dia120_utt10,meld_real,0,meld_Chandler,joy,joy,-1,1,1,1,data\raw\MELD\MELD-RAW\MELD.Raw\test\output_repeated_splits_test\dia120_utt10.mp4,data\preprocessed\features\z_at\test_dia120_utt10.pt,data\preprocessed\features\z_v\test_dia120_utt10.pt
test_dia120_utt13,meld_real,0,meld_Monica,neutral,neutral,-1,1,1,1,data\raw\MELD\MELD-RAW\MELD.Raw\test\output_repeated_splits_test\dia120_utt13.mp4,data\preprocessed\features\z_at\test_dia120_utt13.pt,data\preprocessed\features\z_v\test_dia120_utt13.pt
test_dia120_utt16,meld_real,0,meld_Chandler,anger,anger,-1,1,1,1,data\raw\MELD\MELD-RAW\MELD.Raw\test\output_repeated_splits_test\dia120_utt16.mp4,data\preprocessed\features\z_at\test_dia120_utt16.pt,data\preprocessed\features\z_v\test_dia120_utt16.pt
test_dia120_utt4,meld_real,0,meld_Monica,neutral,neutral,-1,1,1,1,data\raw\MELD\MELD-RAW\MELD.Raw\test\output_repeated_splits_test\dia120_utt4.mp4,data\preprocessed\features\z_at\test_dia120_utt4.pt,data\preprocessed\features\z_v\test_dia120_utt4.pt
test_dia121_utt0,meld_real,0,meld_Monica,joy,joy,-1,1,1,1,data\raw\MELD\MELD-RAW\MELD.Raw\test\output_repeated_splits_test\dia121_utt0.mp4,data\preprocessed\features\z_at\test_dia121_utt0.pt,data\preprocessed\features\z_v\test_dia121_utt0.pt
test_dia122_utt0,meld_real,0,meld_Chandler,neutral,neutral,-1,1,1,1,data\raw\MELD\MELD-RAW\MELD.Raw\test\output_repeated_splits_test\dia122_utt0.mp4,data\preprocessed\features\z_at\test_dia122_utt0.pt,data\preprocessed\features\z_v\test_dia122_utt0.pt
test_dia123_utt0,meld_real,0,meld_Monica,neutral,neutral,-1,1,1,1,data\raw\MELD\MELD-RAW\MELD.Raw\test\output_repeated_splits_test\dia123_utt0.mp4,data\preprocessed\features\z_at\test_dia123_utt0.pt,data\preprocessed\features\z_v\test_dia123_utt0.pt
test_dia123_utt11,meld_real,0,meld_Phoebe,sadness,sadness,-1,1,1,1,data\raw\MELD\MELD-RAW\MELD.Raw\test\output_repeated_splits_test\dia123_utt11.mp4,data\preprocessed\features\z_at\test_dia123_utt11.pt,data\preprocessed\features\z_v\test_dia123_utt11.pt
test_dia123_utt13,meld_real,0,meld_Phoebe,disgust,disgust,-1,1,1,1,data\raw\MELD\MELD-RAW\MELD.Raw\test\output_repeated_splits_test\dia123_utt13.mp4,data\preprocessed\features\z_at\test_dia123_utt13.pt,data\preprocessed\features\z_v\test_dia123_utt13.pt
test_dia123_utt15,meld_real,0,meld_Phoebe,sadness,sadness,-1,1,1,1,data\raw\MELD\MELD-RAW\MELD.Raw\test\output_repeated_splits_test\dia123_utt15.mp4,data\preprocessed\features\z_at\test_dia123_utt15.pt,data\preprocessed\features\z_v\test_dia123_utt15.pt
test_dia123_utt2,meld_real,0,meld_Monica,disgust,disgust,-1,1,1,1,data\raw\MELD\MELD-RAW\MELD.Raw\test\output_repeated_splits_test\dia123_utt2.mp4,data\preprocessed\features\z_at\test_dia123_utt2.pt,data\preprocessed\features\z_v\test_dia123_utt2.pt
test_dia123_utt8,meld_real,0,meld_Monica,neutral,neutral,-1,1,1,1,data\raw\MELD\MELD-RAW\MELD.Raw\test\output_repeated_splits_test\dia123_utt8.mp4,data\preprocessed\features\z_at\test_dia123_utt8.pt,data\preprocessed\features\z_v\test_dia123_utt8.pt
test_dia123_utt9,meld_real,0,meld_Phoebe,disgust,disgust,-1,1,1,1,data\raw\MELD\MELD-RAW\MELD.Raw\test\output_repeated_splits_test\dia123_utt9.mp4,data\preprocessed\features\z_at\test_dia123_utt9.pt,data\preprocessed\features\z_v\test_dia123_utt9.pt
test_dia124_utt13,meld_real,0,meld_Janice,neutral,neutral,-1,1,1,1,data\raw\MELD\MELD-RAW\MELD.Raw\test\output_repeated_splits_test\dia124_utt13.mp4,data\preprocessed\features\z_at\test_dia124_utt13.pt,data\preprocessed\features\z_v\test_dia124_utt13.pt
test_dia124_utt3,meld_real,0,meld_Chandler,neutral,neutral,-1,1,1,1,data\raw\MELD\MELD-RAW\MELD.Raw\test\output_repeated_splits_test\dia124_utt3.mp4,data\preprocessed\features\z_at\test_dia124_utt3.pt,data\preprocessed\features\z_v\test_dia124_utt3.pt
test_dia124_utt4,meld_real,0,meld_Janice,neutral,neutral,-1,1,1,1,data\raw\MELD\MELD-RAW\MELD.Raw\test\output_repeated_splits_test\dia124_utt4.mp4,data\preprocessed\features\z_at\test_dia124_utt4.pt,data\preprocessed\features\z_v\test_dia124_utt4.pt
test_dia125_utt12,meld_real,0,meld_Joey,neutral,neutral,-1,1,1,1,data\raw\MELD\MELD-RAW\MELD.Raw\test\output_repeated_splits_test\dia125_utt12.mp4,data\preprocessed\features\z_at\test_dia125_utt12.pt,data\preprocessed\features\z_v\test_dia125_utt12.pt
test_dia125_utt22,meld_real,0,meld_Joey,neutral,neutral,-1,1,1,1,data\raw\MELD\MELD-RAW\MELD.Raw\test\output_repeated_splits_test\dia125_utt22.mp4,data\preprocessed\features\z_at\test_dia125_utt22.pt,data\preprocessed\features\z_v\test_dia125_utt22.pt
test_dia126_utt14,meld_real,0,meld_Rachel,joy,joy,-1,1,1,1,data\raw\MELD\MELD-RAW\MELD.Raw\test\output_repeated_splits_test\dia126_utt14.mp4,data\preprocessed\features\z_at\test_dia126_utt14.pt,data\preprocessed\features\z_v\test_dia126_utt14.pt
test_dia126_utt6,meld_real,0,meld_Rachel,neutral,neutral,-1,1,1,1,data\raw\MELD\MELD-RAW\MELD.Raw\test\output_repeated_splits_test\dia126_utt6.mp4,data\preprocessed\features\z_at\test_dia126_utt6.pt,data\preprocessed\features\z_v\test_dia126_utt6.pt
test_dia127_utt1,meld_real,0,meld_Ross,neutral,neutral,-1,1,1,1,data\raw\MELD\MELD-RAW\MELD.Raw\test\output_repeated_splits_test\dia127_utt1.mp4,data\preprocessed\features\z_at\test_dia127_utt1.pt,data\preprocessed\features\z_v\test_dia127_utt1.pt
test_dia127_utt5,meld_real,0,meld_Ross,neutral,neutral,-1,1,1,1,data\raw\MELD\MELD-RAW\MELD.Raw\test\output_repeated_splits_test\dia127_utt5.mp4,data\preprocessed\features\z_at\test_dia127_utt5.pt,data\preprocessed\features\z_v\test_dia127_utt5.pt
test_dia128_utt1,meld_real,0,meld_Chandler,neutral,neutral,-1,1,1,1,data\raw\MELD\MELD-RAW\MELD.Raw\test\output_repeated_splits_test\dia128_utt1.mp4,data\preprocessed\features\z_at\test_dia128_utt1.pt,data\preprocessed\features\z_v\test_dia128_utt1.pt
test_dia128_utt8,meld_real,0,meld_Brenda,disgust,disgust,-1,1,1,1,data\raw\MELD\MELD-RAW\MELD.Raw\test\output_repeated_splits_test\dia128_utt8.mp4,data\preprocessed\features\z_at\test_dia128_utt8.pt,data\preprocessed\features\z_v\test_dia128_utt8.pt
test_dia129_utt2,meld_real,0,meld_Joey,neutral,neutral,-1,1,1,1,data\raw\MELD\MELD-RAW\MELD.Raw\test\output_repeated_splits_test\dia129_utt2.mp4,data\preprocessed\features\z_at\test_dia129_utt2.pt,data\preprocessed\features\z_v\test_dia129_utt2.pt
test_dia129_utt4,meld_real,0,meld_Joey,neutral,neutral,-1,1,1,1,data\raw\MELD\MELD-RAW\MELD.Raw\test\output_repeated_splits_test\dia129_utt4.mp4,data\preprocessed\features\z_at\test_dia129_utt4.pt,data\preprocessed\features\z_v\test_dia129_utt4.pt
test_dia12_utt0,meld_real,0,meld_Ross,anger,anger,-1,1,1,1,data\raw\MELD\MELD-RAW\MELD.Raw\test\output_repeated_splits_test\dia12_utt0.mp4,data\preprocessed\features\z_at\test_dia12_utt0.pt,data\preprocessed\features\z_v\test_dia12_utt0.pt
test_dia12_utt10,meld_real,0,meld_Chandler,neutral,neutral,-1,1,1,1,data\raw\MELD\MELD-RAW\MELD.Raw\test\output_repeated_splits_test\dia12_utt10.mp4,data\preprocessed\features\z_at\test_dia12_utt10.pt,data\preprocessed\features\z_v\test_dia12_utt10.pt
test_dia12_utt11,meld_real,0,meld_Monica,joy,joy,-1,1,1,1,data\raw\MELD\MELD-RAW\MELD.Raw\test\output_repeated_splits_test\dia12_utt11.mp4,data\preprocessed\features\z_at\test_dia12_utt11.pt,data\preprocessed\features\z_v\test_dia12_utt11.pt
test_dia12_utt15,meld_real,0,meld_Ross,neutral,neutral,-1,1,1,1,data\raw\MELD\MELD-RAW\MELD.Raw\test\output_repeated_splits_test\dia12_utt15.mp4,data\preprocessed\features\z_at\test_dia12_utt15.pt,data\preprocessed\features\z_v\test_dia12_utt15.pt
test_dia12_utt2,meld_real,0,meld_Ross,sadness,sadness,-1,1,1,1,data\raw\MELD\MELD-RAW\MELD.Raw\test\output_repeated_splits_test\dia12_utt2.mp4,data\preprocessed\features\z_at\test_dia12_utt2.pt,data\preprocessed\features\z_v\test_dia12_utt2.pt
test_dia12_utt6,meld_real,0,meld_Ross,sadness,sadness,-1,1,1,1,data\raw\MELD\MELD-RAW\MELD.Raw\test\output_repeated_splits_test\dia12_utt6.mp4,data\preprocessed\features\z_at\test_dia12_utt6.pt,data\preprocessed\features\z_v\test_dia12_utt6.pt
test_dia12_utt7,meld_real,0,meld_Ross,sadness,sadness,-1,1,1,1,data\raw\MELD\MELD-RAW\MELD.Raw\test\output_repeated_splits_test\dia12_utt7.mp4,data\preprocessed\features\z_at\test_dia12_utt7.pt,data\preprocessed\features\z_v\test_dia12_utt7.pt
test_dia12_utt9,meld_real,0,meld_Ross,neutral,neutral,-1,1,1,1,data\raw\MELD\MELD-RAW\MELD.Raw\test\output_repeated_splits_test\dia12_utt9.mp4,data\preprocessed\features\z_at\test_dia12_utt9.pt,data\preprocessed\features\z_v\test_dia12_utt9.pt
test_dia130_utt0,meld_real,0,meld_Emily,neutral,neutral,-1,1,1,1,data\raw\MELD\MELD-RAW\MELD.Raw\test\output_repeated_splits_test\dia130_utt0.mp4,data\preprocessed\features\z_at\test_dia130_utt0.pt,data\preprocessed\features\z_v\test_dia130_utt0.pt
test_dia130_utt12,meld_real,0,meld_Emily,sadness,sadness,-1,1,1,1,data\raw\MELD\MELD-RAW\MELD.Raw\test\output_repeated_splits_test\dia130_utt12.mp4,data\preprocessed\features\z_at\test_dia130_utt12.pt,data\preprocessed\features\z_v\test_dia130_utt12.pt
test_dia130_utt6,meld_real,0,meld_Emily,neutral,neutral,-1,1,1,1,data\raw\MELD\MELD-RAW\MELD.Raw\test\output_repeated_splits_test\dia130_utt6.mp4,data\preprocessed\features\z_at\test_dia130_utt6.pt,data\preprocessed\features\z_v\test_dia130_utt6.pt
test_dia131_utt5,meld_real,0,meld_Ross,neutral,neutral,-1,1,1,1,data\raw\MELD\MELD-RAW\MELD.Raw\test\output_repeated_splits_test\dia131_utt5.mp4,data\preprocessed\features\z_at\test_dia131_utt5.pt,data\preprocessed\features\z_v\test_dia131_utt5.pt
test_dia131_utt8,meld_real,0,meld_Rachel,joy,joy,-1,1,1,1,data\raw\MELD\MELD-RAW\MELD.Raw\test\output_repeated_splits_test\dia131_utt8.mp4,data\preprocessed\features\z_at\test_dia131_utt8.pt,data\preprocessed\features\z_v\test_dia131_utt8.pt
test_dia132_utt0,meld_real,0,meld_Phoebe,neutral,neutral,-1,1,1,1,data\raw\MELD\MELD-RAW\MELD.Raw\test\output_repeated_splits_test\dia132_utt0.mp4,data\preprocessed\features\z_at\test_dia132_utt0.pt,data\preprocessed\features\z_v\test_dia132_utt0.pt
test_dia132_utt1,meld_real,0,meld_Phoebe,neutral,neutral,-1,1,1,1,data\raw\MELD\MELD-RAW\MELD.Raw\test\output_repeated_splits_test\dia132_utt1.mp4,data\preprocessed\features\z_at\test_dia132_utt1.pt,data\preprocessed\features\z_v\test_dia132_utt1.pt
test_dia132_utt13,meld_real,0,meld_Joey,neutral,neutral,-1,1,1,1,data\raw\MELD\MELD-RAW\MELD.Raw\test\output_repeated_splits_test\dia132_utt13.mp4,data\preprocessed\features\z_at\test_dia132_utt13.pt,data\preprocessed\features\z_v\test_dia132_utt13.pt
test_dia132_utt9,meld_real,0,meld_Nurse,neutral,neutral,-1,1,1,1,data\raw\MELD\MELD-RAW\MELD.Raw\test\output_repeated_splits_test\dia132_utt9.mp4,data\preprocessed\features\z_at\test_dia132_utt9.pt,data\preprocessed\features\z_v\test_dia132_utt9.pt
test_dia134_utt2,meld_real,0,meld_Ross,joy,joy,-1,1,1,1,data\raw\MELD\MELD-RAW\MELD.Raw\test\output_repeated_splits_test\dia134_utt2.mp4,data\preprocessed\features\z_at\test_dia134_utt2.pt,data\preprocessed\features\z_v\test_dia134_utt2.pt
test_dia134_utt3,meld_real,0,meld_Chandler,anger,anger,-1,1,1,1,data\raw\MELD\MELD-RAW\MELD.Raw\test\output_repeated_splits_test\dia134_utt3.mp4,data\preprocessed\features\z_at\test_dia134_utt3.pt,data\preprocessed\features\z_v\test_dia134_utt3.pt
test_dia137_utt0,meld_real,0,meld_Chandler,neutral,neutral,-1,1,1,1,data\raw\MELD\MELD-RAW\MELD.Raw\test\output_repeated_splits_test\dia137_utt0.mp4,data\preprocessed\features\z_at\test_dia137_utt0.pt,data\preprocessed\features\z_v\test_dia137_utt0.pt
test_dia137_utt4,meld_real,0,meld_Rachel,neutral,neutral,-1,1,1,1,data\raw\MELD\MELD-RAW\MELD.Raw\test\output_repeated_splits_test\dia137_utt4.mp4,data\preprocessed\features\z_at\test_dia137_utt4.pt,data\preprocessed\features\z_v\test_dia137_utt4.pt
test_dia137_utt8,meld_real,0,meld_Joey,neutral,neutral,-1,1,1,1,data\raw\MELD\MELD-RAW\MELD.Raw\test\output_repeated_splits_test\dia137_utt8.mp4,data\preprocessed\features\z_at\test_dia137_utt8.pt,data\preprocessed\features\z_v\test_dia137_utt8.pt
test_dia137_utt9,meld_real,0,meld_Chandler,neutral,neutral,-1,1,1,1,data\raw\MELD\MELD-RAW\MELD.Raw\test\output_repeated_splits_test\dia137_utt9.mp4,data\preprocessed\features\z_at\test_dia137_utt9.pt,data\preprocessed\features\z_v\test_dia137_utt9.pt
test_dia138_utt2,meld_real,0,meld_Chandler,neutral,neutral,-1,1,1,1,data\raw\MELD\MELD-RAW\MELD.Raw\test\output_repeated_splits_test\dia138_utt2.mp4,data\preprocessed\features\z_at\test_dia138_utt2.pt,data\preprocessed\features\z_v\test_dia138_utt2.pt
test_dia139_utt9,meld_real,0,meld_Ross,neutral,neutral,-1,1,1,1,data\raw\MELD\MELD-RAW\MELD.Raw\test\output_repeated_splits_test\dia139_utt9.mp4,data\preprocessed\features\z_at\test_dia139_utt9.pt,data\preprocessed\features\z_v\test_dia139_utt9.pt
test_dia140_utt0,meld_real,0,meld_Joey,anger,anger,-1,1,1,1,data\raw\MELD\MELD-RAW\MELD.Raw\test\output_repeated_splits_test\dia140_utt0.mp4,data\preprocessed\features\z_at\test_dia140_utt0.pt,data\preprocessed\features\z_v\test_dia140_utt0.pt
test_dia140_utt11,meld_real,0,meld_Joey,anger,anger,-1,1,1,1,data\raw\MELD\MELD-RAW\MELD.Raw\test\output_repeated_splits_test\dia140_utt11.mp4,data\preprocessed\features\z_at\test_dia140_utt11.pt,data\preprocessed\features\z_v\test_dia140_utt11.pt
test_dia140_utt12,meld_real,0,meld_Joey,sadness,sadness,-1,1,1,1,data\raw\MELD\MELD-RAW\MELD.Raw\test\output_repeated_splits_test\dia140_utt12.mp4,data\preprocessed\features\z_at\test_dia140_utt12.pt,data\preprocessed\features\z_v\test_dia140_utt12.pt
test_dia140_utt3,meld_real,0,meld_Ross,neutral,neutral,-1,1,1,1,data\raw\MELD\MELD-RAW\MELD.Raw\test\output_repeated_splits_test\dia140_utt3.mp4,data\preprocessed\features\z_at\test_dia140_utt3.pt,data\preprocessed\features\z_v\test_dia140_utt3.pt
test_dia141_utt0,meld_real,0,meld_Chandler,neutral,neutral,-1,1,1,1,data\raw\MELD\MELD-RAW\MELD.Raw\test\output_repeated_splits_test\dia141_utt0.mp4,data\preprocessed\features\z_at\test_dia141_utt0.pt,data\preprocessed\features\z_v\test_dia141_utt0.pt
test_dia141_utt1,meld_real,0,meld_Eric,neutral,neutral,-1,1,1,1,data\raw\MELD\MELD-RAW\MELD.Raw\test\output_repeated_splits_test\dia141_utt1.mp4,data\preprocessed\features\z_at\test_dia141_utt1.pt,data\preprocessed\features\z_v\test_dia141_utt1.pt
test_dia141_utt2,meld_real,0,meld_Chandler,neutral,neutral,-1,1,1,1,data\raw\MELD\MELD-RAW\MELD.Raw\test\output_repeated_splits_test\dia141_utt2.mp4,data\preprocessed\features\z_at\test_dia141_utt2.pt,data\preprocessed\features\z_v\test_dia141_utt2.pt
test_dia142_utt0,meld_real,0,meld_Chandler,neutral,neutral,-1,1,1,1,data\raw\MELD\MELD-RAW\MELD.Raw\test\output_repeated_splits_test\dia142_utt0.mp4,data\preprocessed\features\z_at\test_dia142_utt0.pt,data\preprocessed\features\z_v\test_dia142_utt0.pt
test_dia143_utt2,meld_real,0,meld_Chandler,neutral,neutral,-1,1,1,1,data\raw\MELD\MELD-RAW\MELD.Raw\test\output_repeated_splits_test\dia143_utt2.mp4,data\preprocessed\features\z_at\test_dia143_utt2.pt,data\preprocessed\features\z_v\test_dia143_utt2.pt
test_dia143_utt3,meld_real,0,meld_Monica,sadness,sadness,-1,1,1,1,data\raw\MELD\MELD-RAW\MELD.Raw\test\output_repeated_splits_test\dia143_utt3.mp4,data\preprocessed\features\z_at\test_dia143_utt3.pt,data\preprocessed\features\z_v\test_dia143_utt3.pt
test_dia143_utt7,meld_real,0,meld_Monica,anger,anger,-1,1,1,1,data\raw\MELD\MELD-RAW\MELD.Raw\test\output_repeated_splits_test\dia143_utt7.mp4,data\preprocessed\features\z_at\test_dia143_utt7.pt,data\preprocessed\features\z_v\test_dia143_utt7.pt
test_dia144_utt0,meld_real,0,meld_Ross,anger,anger,-1,1,1,1,data\raw\MELD\MELD-RAW\MELD.Raw\test\output_repeated_splits_test\dia144_utt0.mp4,data\preprocessed\features\z_at\test_dia144_utt0.pt,data\preprocessed\features\z_v\test_dia144_utt0.pt
test_dia144_utt1,meld_real,0,meld_Monica,joy,joy,-1,1,1,1,data\raw\MELD\MELD-RAW\MELD.Raw\test\output_repeated_splits_test\dia144_utt1.mp4,data\preprocessed\features\z_at\test_dia144_utt1.pt,data\preprocessed\features\z_v\test_dia144_utt1.pt
test_dia144_utt14,meld_real,0,meld_Ross,neutral,neutral,-1,1,1,1,data\raw\MELD\MELD-RAW\MELD.Raw\test\output_repeated_splits_test\dia144_utt14.mp4,data\preprocessed\features\z_at\test_dia144_utt14.pt,data\preprocessed\features\z_v\test_dia144_utt14.pt
test_dia144_utt2,meld_real,0,meld_Ross,anger,anger,-1,1,1,1,data\raw\MELD\MELD-RAW\MELD.Raw\test\output_repeated_splits_test\dia144_utt2.mp4,data\preprocessed\features\z_at\test_dia144_utt2.pt,data\preprocessed\features\z_v\test_dia144_utt2.pt
test_dia144_utt3,meld_real,0,meld_Monica,neutral,neutral,-1,1,1,1,data\raw\MELD\MELD-RAW\MELD.Raw\test\output_repeated_splits_test\dia144_utt3.mp4,data\preprocessed\features\z_at\test_dia144_utt3.pt,data\preprocessed\features\z_v\test_dia144_utt3.pt
test_dia144_utt6,meld_real,0,meld_Monica,anger,anger,-1,1,1,1,data\raw\MELD\MELD-RAW\MELD.Raw\test\output_repeated_splits_test\dia144_utt6.mp4,data\preprocessed\features\z_at\test_dia144_utt6.pt,data\preprocessed\features\z_v\test_dia144_utt6.pt
test_dia145_utt6,meld_real,0,meld_Chandler,neutral,neutral,-1,1,1,1,data\raw\MELD\MELD-RAW\MELD.Raw\test\output_repeated_splits_test\dia145_utt6.mp4,data\preprocessed\features\z_at\test_dia145_utt6.pt,data\preprocessed\features\z_v\test_dia145_utt6.pt
test_dia145_utt9,meld_real,0,meld_Chandler,neutral,neutral,-1,1,1,1,data\raw\MELD\MELD-RAW\MELD.Raw\test\output_repeated_splits_test\dia145_utt9.mp4,data\preprocessed\features\z_at\test_dia145_utt9.pt,data\preprocessed\features\z_v\test_dia145_utt9.pt
test_dia146_utt4,meld_real,0,meld_Ross,neutral,neutral,-1,1,1,1,data\raw\MELD\MELD-RAW\MELD.Raw\test\output_repeated_splits_test\dia146_utt4.mp4,data\preprocessed\features\z_at\test_dia146_utt4.pt,data\preprocessed\features\z_v\test_dia146_utt4.pt
test_dia146_utt6,meld_real,0,meld_Ross,joy,joy,-1,1,1,1,data\raw\MELD\MELD-RAW\MELD.Raw\test\output_repeated_splits_test\dia146_utt6.mp4,data\preprocessed\features\z_at\test_dia146_utt6.pt,data\preprocessed\features\z_v\test_dia146_utt6.pt
test_dia149_utt2,meld_real,0,meld_Chandler,sadness,sadness,-1,1,1,1,data\raw\MELD\MELD-RAW\MELD.Raw\test\output_repeated_splits_test\dia149_utt2.mp4,data\preprocessed\features\z_at\test_dia149_utt2.pt,data\preprocessed\features\z_v\test_dia149_utt2.pt
test_dia14_utt1,meld_real,0,meld_Joey,joy,joy,-1,1,1,1,data\raw\MELD\MELD-RAW\MELD.Raw\test\output_repeated_splits_test\dia14_utt1.mp4,data\preprocessed\features\z_at\test_dia14_utt1.pt,data\preprocessed\features\z_v\test_dia14_utt1.pt
test_dia14_utt4,meld_real,0,meld_Joey,neutral,neutral,-1,1,1,1,data\raw\MELD\MELD-RAW\MELD.Raw\test\output_repeated_splits_test\dia14_utt4.mp4,data\preprocessed\features\z_at\test_dia14_utt4.pt,data\preprocessed\features\z_v\test_dia14_utt4.pt
test_dia14_utt9,meld_real,0,meld_Phoebe,joy,joy,-1,1,1,1,data\raw\MELD\MELD-RAW\MELD.Raw\test\output_repeated_splits_test\dia14_utt9.mp4,data\preprocessed\features\z_at\test_dia14_utt9.pt,data\preprocessed\features\z_v\test_dia14_utt9.pt
test_dia150_utt1,meld_real,0,meld_Chandler,anger,anger,-1,1,1,1,data\raw\MELD\MELD-RAW\MELD.Raw\test\output_repeated_splits_test\dia150_utt1.mp4,data\preprocessed\features\z_at\test_dia150_utt1.pt,data\preprocessed\features\z_v\test_dia150_utt1.pt
test_dia150_utt3,meld_real,0,meld_Chandler,sadness,sadness,-1,1,1,1,data\raw\MELD\MELD-RAW\MELD.Raw\test\output_repeated_splits_test\dia150_utt3.mp4,data\preprocessed\features\z_at\test_dia150_utt3.pt,data\preprocessed\features\z_v\test_dia150_utt3.pt
test_dia152_utt0,meld_real,0,meld_Phoebe,neutral,neutral,-1,1,1,1,data\raw\MELD\MELD-RAW\MELD.Raw\test\output_repeated_splits_test\dia152_utt0.mp4,data\preprocessed\features\z_at\test_dia152_utt0.pt,data\preprocessed\features\z_v\test_dia152_utt0.pt
test_dia152_utt4,meld_real,0,meld_Phoebe,neutral,neutral,-1,1,1,1,data\raw\MELD\MELD-RAW\MELD.Raw\test\output_repeated_splits_test\dia152_utt4.mp4,data\preprocessed\features\z_at\test_dia152_utt4.pt,data\preprocessed\features\z_v\test_dia152_utt4.pt
test_dia153_utt2,meld_real,0,meld_Joey,neutral,neutral,-1,1,1,1,data\raw\MELD\MELD-RAW\MELD.Raw\test\output_repeated_splits_test\dia153_utt2.mp4,data\preprocessed\features\z_at\test_dia153_utt2.pt,data\preprocessed\features\z_v\test_dia153_utt2.pt
test_dia153_utt5,meld_real,0,meld_Joey,neutral,neutral,-1,1,1,1,data\raw\MELD\MELD-RAW\MELD.Raw\test\output_repeated_splits_test\dia153_utt5.mp4,data\preprocessed\features\z_at\test_dia153_utt5.pt,data\preprocessed\features\z_v\test_dia153_utt5.pt
test_dia153_utt7,meld_real,0,meld_Joey,neutral,neutral,-1,1,1,1,data\raw\MELD\MELD-RAW\MELD.Raw\test\output_repeated_splits_test\dia153_utt7.mp4,data\preprocessed\features\z_at\test_dia153_utt7.pt,data\preprocessed\features\z_v\test_dia153_utt7.pt
test_dia154_utt15,meld_real,0,meld_Ross,neutral,neutral,-1,1,1,1,data\raw\MELD\MELD-RAW\MELD.Raw\test\output_repeated_splits_test\dia154_utt15.mp4,data\preprocessed\features\z_at\test_dia154_utt15.pt,data\preprocessed\features\z_v\test_dia154_utt15.pt
test_dia154_utt4,meld_real,0,meld_Joey,neutral,neutral,-1,1,1,1,data\raw\MELD\MELD-RAW\MELD.Raw\test\output_repeated_splits_test\dia154_utt4.mp4,data\preprocessed\features\z_at\test_dia154_utt4.pt,data\preprocessed\features\z_v\test_dia154_utt4.pt
test_dia154_utt5,meld_real,0,meld_Ross,neutral,neutral,-1,1,1,1,data\raw\MELD\MELD-RAW\MELD.Raw\test\output_repeated_splits_test\dia154_utt5.mp4,data\preprocessed\features\z_at\test_dia154_utt5.pt,data\preprocessed\features\z_v\test_dia154_utt5.pt
test_dia155_utt0,meld_real,0,meld_Ross,anger,anger,-1,1,1,1,data\raw\MELD\MELD-RAW\MELD.Raw\test\output_repeated_splits_test\dia155_utt0.mp4,data\preprocessed\features\z_at\test_dia155_utt0.pt,data\preprocessed\features\z_v\test_dia155_utt0.pt
test_dia155_utt1,meld_real,0,meld_Rachel,anger,anger,-1,1,1,1,data\raw\MELD\MELD-RAW\MELD.Raw\test\output_repeated_splits_test\dia155_utt1.mp4,data\preprocessed\features\z_at\test_dia155_utt1.pt,data\preprocessed\features\z_v\test_dia155_utt1.pt
test_dia155_utt2,meld_real,0,meld_Ross,neutral,neutral,-1,1,1,1,data\raw\MELD\MELD-RAW\MELD.Raw\test\output_repeated_splits_test\dia155_utt2.mp4,data\preprocessed\features\z_at\test_dia155_utt2.pt,data\preprocessed\features\z_v\test_dia155_utt2.pt
test_dia155_utt8,meld_real,0,meld_Rachel,sadness,sadness,-1,1,1,1,data\raw\MELD\MELD-RAW\MELD.Raw\test\output_repeated_splits_test\dia155_utt8.mp4,data\preprocessed\features\z_at\test_dia155_utt8.pt,data\preprocessed\features\z_v\test_dia155_utt8.pt
test_dia156_utt0,meld_real,0,meld_Doug,joy,joy,-1,1,1,1,data\raw\MELD\MELD-RAW\MELD.Raw\test\output_repeated_splits_test\dia156_utt0.mp4,data\preprocessed\features\z_at\test_dia156_utt0.pt,data\preprocessed\features\z_v\test_dia156_utt0.pt
test_dia156_utt10,meld_real,0,meld_Doug,sadness,sadness,-1,1,1,1,data\raw\MELD\MELD-RAW\MELD.Raw\test\output_repeated_splits_test\dia156_utt10.mp4,data\preprocessed\features\z_at\test_dia156_utt10.pt,data\preprocessed\features\z_v\test_dia156_utt10.pt
test_dia156_utt15,meld_real,0,meld_Chandler,anger,anger,-1,1,1,1,data\raw\MELD\MELD-RAW\MELD.Raw\test\output_repeated_splits_test\dia156_utt15.mp4,data\preprocessed\features\z_at\test_dia156_utt15.pt,data\preprocessed\features\z_v\test_dia156_utt15.pt
test_dia156_utt2,meld_real,0,meld_Doug,neutral,neutral,-1,1,1,1,data\raw\MELD\MELD-RAW\MELD.Raw\test\output_repeated_splits_test\dia156_utt2.mp4,data\preprocessed\features\z_at\test_dia156_utt2.pt,data\preprocessed\features\z_v\test_dia156_utt2.pt
test_dia156_utt3,meld_real,0,meld_Chandler,neutral,neutral,-1,1,1,1,data\raw\MELD\MELD-RAW\MELD.Raw\test\output_repeated_splits_test\dia156_utt3.mp4,data\preprocessed\features\z_at\test_dia156_utt3.pt,data\preprocessed\features\z_v\test_dia156_utt3.pt
test_dia156_utt5,meld_real,0,meld_Chandler,neutral,neutral,-1,1,1,1,data\raw\MELD\MELD-RAW\MELD.Raw\test\output_repeated_splits_test\dia156_utt5.mp4,data\preprocessed\features\z_at\test_dia156_utt5.pt,data\preprocessed\features\z_v\test_dia156_utt5.pt
test_dia157_utt0,meld_real,0,meld_Joey,neutral,neutral,-1,1,1,1,data\raw\MELD\MELD-RAW\MELD.Raw\test\output_repeated_splits_test\dia157_utt0.mp4,data\preprocessed\features\z_at\test_dia157_utt0.pt,data\preprocessed\features\z_v\test_dia157_utt0.pt
test_dia157_utt2,meld_real,0,meld_Rachel,anger,anger,-1,1,1,1,data\raw\MELD\MELD-RAW\MELD.Raw\test\output_repeated_splits_test\dia157_utt2.mp4,data\preprocessed\features\z_at\test_dia157_utt2.pt,data\preprocessed\features\z_v\test_dia157_utt2.pt
test_dia157_utt4,meld_real,0,meld_Rachel,neutral,neutral,-1,1,1,1,data\raw\MELD\MELD-RAW\MELD.Raw\test\output_repeated_splits_test\dia157_utt4.mp4,data\preprocessed\features\z_at\test_dia157_utt4.pt,data\preprocessed\features\z_v\test_dia157_utt4.pt
test_dia157_utt5,meld_real,0,meld_Joey,neutral,neutral,-1,1,1,1,data\raw\MELD\MELD-RAW\MELD.Raw\test\output_repeated_splits_test\dia157_utt5.mp4,data\preprocessed\features\z_at\test_dia157_utt5.pt,data\preprocessed\features\z_v\test_dia157_utt5.pt
test_dia157_utt6,meld_real,0,meld_Rachel,neutral,neutral,-1,1,1,1,data\raw\MELD\MELD-RAW\MELD.Raw\test\output_repeated_splits_test\dia157_utt6.mp4,data\preprocessed\features\z_at\test_dia157_utt6.pt,data\preprocessed\features\z_v\test_dia157_utt6.pt
test_dia157_utt7,meld_real,0,meld_Joey,neutral,neutral,-1,1,1,1,data\raw\MELD\MELD-RAW\MELD.Raw\test\output_repeated_splits_test\dia157_utt7.mp4,data\preprocessed\features\z_at\test_dia157_utt7.pt,data\preprocessed\features\z_v\test_dia157_utt7.pt
test_dia158_utt4,meld_real,0,meld_Joanna,anger,anger,-1,1,1,1,data\raw\MELD\MELD-RAW\MELD.Raw\test\output_repeated_splits_test\dia158_utt4.mp4,data\preprocessed\features\z_at\test_dia158_utt4.pt,data\preprocessed\features\z_v\test_dia158_utt4.pt
test_dia158_utt5,meld_real,0,meld_Rachel,neutral,neutral,-1,1,1,1,data\raw\MELD\MELD-RAW\MELD.Raw\test\output_repeated_splits_test\dia158_utt5.mp4,data\preprocessed\features\z_at\test_dia158_utt5.pt,data\preprocessed\features\z_v\test_dia158_utt5.pt
test_dia159_utt0,meld_real,0,meld_Joanna,anger,anger,-1,1,1,1,data\raw\MELD\MELD-RAW\MELD.Raw\test\output_repeated_splits_test\dia159_utt0.mp4,data\preprocessed\features\z_at\test_dia159_utt0.pt,data\preprocessed\features\z_v\test_dia159_utt0.pt
test_dia159_utt1,meld_real,0,meld_Joanna,anger,anger,-1,1,1,1,data\raw\MELD\MELD-RAW\MELD.Raw\test\output_repeated_splits_test\dia159_utt1.mp4,data\preprocessed\features\z_at\test_dia159_utt1.pt,data\preprocessed\features\z_v\test_dia159_utt1.pt
test_dia15_utt5,meld_real,0,meld_Joey,anger,anger,-1,1,1,1,data\raw\MELD\MELD-RAW\MELD.Raw\test\output_repeated_splits_test\dia15_utt5.mp4,data\preprocessed\features\z_at\test_dia15_utt5.pt,data\preprocessed\features\z_v\test_dia15_utt5.pt
test_dia160_utt0,meld_real,0,meld_Chandler,sadness,sadness,-1,1,1,1,data\raw\MELD\MELD-RAW\MELD.Raw\test\output_repeated_splits_test\dia160_utt0.mp4,data\preprocessed\features\z_at\test_dia160_utt0.pt,data\preprocessed\features\z_v\test_dia160_utt0.pt
test_dia161_utt2,meld_real,0,meld_Ross,neutral,neutral,-1,1,1,1,data\raw\MELD\MELD-RAW\MELD.Raw\test\output_repeated_splits_test\dia161_utt2.mp4,data\preprocessed\features\z_at\test_dia161_utt2.pt,data\preprocessed\features\z_v\test_dia161_utt2.pt
test_dia161_utt6,meld_real,0,meld_Ross,joy,joy,-1,1,1,1,data\raw\MELD\MELD-RAW\MELD.Raw\test\output_repeated_splits_test\dia161_utt6.mp4,data\preprocessed\features\z_at\test_dia161_utt6.pt,data\preprocessed\features\z_v\test_dia161_utt6.pt
test_dia161_utt9,meld_real,0,meld_Rachel,neutral,neutral,-1,1,1,1,data\raw\MELD\MELD-RAW\MELD.Raw\test\output_repeated_splits_test\dia161_utt9.mp4,data\preprocessed\features\z_at\test_dia161_utt9.pt,data\preprocessed\features\z_v\test_dia161_utt9.pt
test_dia163_utt0,meld_real,0,meld_Ross,sadness,sadness,-1,1,1,1,data\raw\MELD\MELD-RAW\MELD.Raw\test\output_repeated_splits_test\dia163_utt0.mp4,data\preprocessed\features\z_at\test_dia163_utt0.pt,data\preprocessed\features\z_v\test_dia163_utt0.pt
test_dia163_utt3,meld_real,0,meld_Ross,joy,joy,-1,1,1,1,data\raw\MELD\MELD-RAW\MELD.Raw\test\output_repeated_splits_test\dia163_utt3.mp4,data\preprocessed\features\z_at\test_dia163_utt3.pt,data\preprocessed\features\z_v\test_dia163_utt3.pt
test_dia164_utt0,meld_real,0,meld_Joey,neutral,neutral,-1,1,1,1,data\raw\MELD\MELD-RAW\MELD.Raw\test\output_repeated_splits_test\dia164_utt0.mp4,data\preprocessed\features\z_at\test_dia164_utt0.pt,data\preprocessed\features\z_v\test_dia164_utt0.pt
test_dia164_utt2,meld_real,0,meld_Ross,neutral,neutral,-1,1,1,1,data\raw\MELD\MELD-RAW\MELD.Raw\test\output_repeated_splits_test\dia164_utt2.mp4,data\preprocessed\features\z_at\test_dia164_utt2.pt,data\preprocessed\features\z_v\test_dia164_utt2.pt
test_dia164_utt5,meld_real,0,meld_Ross,neutral,neutral,-1,1,1,1,data\raw\MELD\MELD-RAW\MELD.Raw\test\output_repeated_splits_test\dia164_utt5.mp4,data\preprocessed\features\z_at\test_dia164_utt5.pt,data\preprocessed\features\z_v\test_dia164_utt5.pt
test_dia164_utt8,meld_real,0,meld_Ross,neutral,neutral,-1,1,1,1,data\raw\MELD\MELD-RAW\MELD.Raw\test\output_repeated_splits_test\dia164_utt8.mp4,data\preprocessed\features\z_at\test_dia164_utt8.pt,data\preprocessed\features\z_v\test_dia164_utt8.pt
test_dia165_utt3,meld_real,0,meld_Rachel,disgust,disgust,-1,1,1,1,data\raw\MELD\MELD-RAW\MELD.Raw\test\output_repeated_splits_test\dia165_utt3.mp4,data\preprocessed\features\z_at\test_dia165_utt3.pt,data\preprocessed\features\z_v\test_dia165_utt3.pt
test_dia166_utt1,meld_real,0,meld_Joey,anger,anger,-1,1,1,1,data\raw\MELD\MELD-RAW\MELD.Raw\test\output_repeated_splits_test\dia166_utt1.mp4,data\preprocessed\features\z_at\test_dia166_utt1.pt,data\preprocessed\features\z_v\test_dia166_utt1.pt
test_dia166_utt11,meld_real,0,meld_Joey,neutral,neutral,-1,1,1,1,data\raw\MELD\MELD-RAW\MELD.Raw\test\output_repeated_splits_test\dia166_utt11.mp4,data\preprocessed\features\z_at\test_dia166_utt11.pt,data\preprocessed\features\z_v\test_dia166_utt11.pt
test_dia166_utt13,meld_real,0,meld_Joey,neutral,neutral,-1,1,1,1,data\raw\MELD\MELD-RAW\MELD.Raw\test\output_repeated_splits_test\dia166_utt13.mp4,data\preprocessed\features\z_at\test_dia166_utt13.pt,data\preprocessed\features\z_v\test_dia166_utt13.pt
test_dia166_utt3,meld_real,0,meld_Joey,anger,anger,-1,1,1,1,data\raw\MELD\MELD-RAW\MELD.Raw\test\output_repeated_splits_test\dia166_utt3.mp4,data\preprocessed\features\z_at\test_dia166_utt3.pt,data\preprocessed\features\z_v\test_dia166_utt3.pt
test_dia166_utt4,meld_real,0,meld_Chandler,sadness,sadness,-1,1,1,1,data\raw\MELD\MELD-RAW\MELD.Raw\test\output_repeated_splits_test\dia166_utt4.mp4,data\preprocessed\features\z_at\test_dia166_utt4.pt,data\preprocessed\features\z_v\test_dia166_utt4.pt
test_dia167_utt0,meld_real,0,meld_Phoebe,sadness,sadness,-1,1,1,1,data\raw\MELD\MELD-RAW\MELD.Raw\test\output_repeated_splits_test\dia167_utt0.mp4,data\preprocessed\features\z_at\test_dia167_utt0.pt,data\preprocessed\features\z_v\test_dia167_utt0.pt
test_dia167_utt10,meld_real,0,meld_The_Teacher,neutral,neutral,-1,1,1,1,data\raw\MELD\MELD-RAW\MELD.Raw\test\output_repeated_splits_test\dia167_utt10.mp4,data\preprocessed\features\z_at\test_dia167_utt10.pt,data\preprocessed\features\z_v\test_dia167_utt10.pt
test_dia167_utt13,meld_real,0,meld_Phoebe,neutral,neutral,-1,1,1,1,data\raw\MELD\MELD-RAW\MELD.Raw\test\output_repeated_splits_test\dia167_utt13.mp4,data\preprocessed\features\z_at\test_dia167_utt13.pt,data\preprocessed\features\z_v\test_dia167_utt13.pt
test_dia167_utt14,meld_real,0,meld_The_Teacher,anger,anger,-1,1,1,1,data\raw\MELD\MELD-RAW\MELD.Raw\test\output_repeated_splits_test\dia167_utt14.mp4,data\preprocessed\features\z_at\test_dia167_utt14.pt,data\preprocessed\features\z_v\test_dia167_utt14.pt
test_dia168_utt11,meld_real,0,meld_Joey,anger,anger,-1,1,1,1,data\raw\MELD\MELD-RAW\MELD.Raw\test\output_repeated_splits_test\dia168_utt11.mp4,data\preprocessed\features\z_at\test_dia168_utt11.pt,data\preprocessed\features\z_v\test_dia168_utt11.pt
test_dia168_utt13,meld_real,0,meld_Ross,anger,anger,-1,1,1,1,data\raw\MELD\MELD-RAW\MELD.Raw\test\output_repeated_splits_test\dia168_utt13.mp4,data\preprocessed\features\z_at\test_dia168_utt13.pt,data\preprocessed\features\z_v\test_dia168_utt13.pt
test_dia168_utt2,meld_real,0,meld_Joey,neutral,neutral,-1,1,1,1,data\raw\MELD\MELD-RAW\MELD.Raw\test\output_repeated_splits_test\dia168_utt2.mp4,data\preprocessed\features\z_at\test_dia168_utt2.pt,data\preprocessed\features\z_v\test_dia168_utt2.pt
test_dia168_utt5,meld_real,0,meld_The_Stripper,neutral,neutral,-1,1,1,1,data\raw\MELD\MELD-RAW\MELD.Raw\test\output_repeated_splits_test\dia168_utt5.mp4,data\preprocessed\features\z_at\test_dia168_utt5.pt,data\preprocessed\features\z_v\test_dia168_utt5.pt
test_dia169_utt0,meld_real,0,meld_Monica,neutral,neutral,-1,1,1,1,data\raw\MELD\MELD-RAW\MELD.Raw\test\output_repeated_splits_test\dia169_utt0.mp4,data\preprocessed\features\z_at\test_dia169_utt0.pt,data\preprocessed\features\z_v\test_dia169_utt0.pt
test_dia169_utt10,meld_real,0,meld_Monica,anger,anger,-1,1,1,1,data\raw\MELD\MELD-RAW\MELD.Raw\test\output_repeated_splits_test\dia169_utt10.mp4,data\preprocessed\features\z_at\test_dia169_utt10.pt,data\preprocessed\features\z_v\test_dia169_utt10.pt
test_dia169_utt12,meld_real,0,meld_Joey,neutral,neutral,-1,1,1,1,data\raw\MELD\MELD-RAW\MELD.Raw\test\output_repeated_splits_test\dia169_utt12.mp4,data\preprocessed\features\z_at\test_dia169_utt12.pt,data\preprocessed\features\z_v\test_dia169_utt12.pt
test_dia169_utt18,meld_real,0,meld_Joey,disgust,disgust,-1,1,1,1,data\raw\MELD\MELD-RAW\MELD.Raw\test\output_repeated_splits_test\dia169_utt18.mp4,data\preprocessed\features\z_at\test_dia169_utt18.pt,data\preprocessed\features\z_v\test_dia169_utt18.pt
test_dia169_utt6,meld_real,0,meld_Phoebe,anger,anger,-1,1,1,1,data\raw\MELD\MELD-RAW\MELD.Raw\test\output_repeated_splits_test\dia169_utt6.mp4,data\preprocessed\features\z_at\test_dia169_utt6.pt,data\preprocessed\features\z_v\test_dia169_utt6.pt
test_dia16_utt6,meld_real,0,meld_Monica,neutral,neutral,-1,1,1,1,data\raw\MELD\MELD-RAW\MELD.Raw\test\output_repeated_splits_test\dia16_utt6.mp4,data\preprocessed\features\z_at\test_dia16_utt6.pt,data\preprocessed\features\z_v\test_dia16_utt6.pt
test_dia170_utt3,meld_real,0,meld_Phoebe,disgust,disgust,-1,1,1,1,data\raw\MELD\MELD-RAW\MELD.Raw\test\output_repeated_splits_test\dia170_utt3.mp4,data\preprocessed\features\z_at\test_dia170_utt3.pt,data\preprocessed\features\z_v\test_dia170_utt3.pt
test_dia170_utt4,meld_real,0,meld_Phoebe,disgust,disgust,-1,1,1,1,data\raw\MELD\MELD-RAW\MELD.Raw\test\output_repeated_splits_test\dia170_utt4.mp4,data\preprocessed\features\z_at\test_dia170_utt4.pt,data\preprocessed\features\z_v\test_dia170_utt4.pt
test_dia171_utt3,meld_real,0,meld_Monica,joy,joy,-1,1,1,1,data\raw\MELD\MELD-RAW\MELD.Raw\test\output_repeated_splits_test\dia171_utt3.mp4,data\preprocessed\features\z_at\test_dia171_utt3.pt,data\preprocessed\features\z_v\test_dia171_utt3.pt
test_dia171_utt5,meld_real,0,meld_All,neutral,neutral,-1,1,1,1,data\raw\MELD\MELD-RAW\MELD.Raw\test\output_repeated_splits_test\dia171_utt5.mp4,data\preprocessed\features\z_at\test_dia171_utt5.pt,data\preprocessed\features\z_v\test_dia171_utt5.pt
test_dia171_utt7,meld_real,0,meld_Joey,joy,joy,-1,1,1,1,data\raw\MELD\MELD-RAW\MELD.Raw\test\output_repeated_splits_test\dia171_utt7.mp4,data\preprocessed\features\z_at\test_dia171_utt7.pt,data\preprocessed\features\z_v\test_dia171_utt7.pt
test_dia171_utt8,meld_real,0,meld_Director,joy,joy,-1,1,1,1,data\raw\MELD\MELD-RAW\MELD.Raw\test\output_repeated_splits_test\dia171_utt8.mp4,data\preprocessed\features\z_at\test_dia171_utt8.pt,data\preprocessed\features\z_v\test_dia171_utt8.pt
test_dia172_utt1,meld_real,0,meld_Elizabeth,neutral,neutral,-1,1,1,1,data\raw\MELD\MELD-RAW\MELD.Raw\test\output_repeated_splits_test\dia172_utt1.mp4,data\preprocessed\features\z_at\test_dia172_utt1.pt,data\preprocessed\features\z_v\test_dia172_utt1.pt
test_dia173_utt14,meld_real,0,meld_Monica,sadness,sadness,-1,1,1,1,data\raw\MELD\MELD-RAW\MELD.Raw\test\output_repeated_splits_test\dia173_utt14.mp4,data\preprocessed\features\z_at\test_dia173_utt14.pt,data\preprocessed\features\z_v\test_dia173_utt14.pt
test_dia173_utt18,meld_real,0,meld_Chandler,neutral,neutral,-1,1,1,1,data\raw\MELD\MELD-RAW\MELD.Raw\test\output_repeated_splits_test\dia173_utt18.mp4,data\preprocessed\features\z_at\test_dia173_utt18.pt,data\preprocessed\features\z_v\test_dia173_utt18.pt
test_dia173_utt7,meld_real,0,meld_Monica,sadness,sadness,-1,1,1,1,data\raw\MELD\MELD-RAW\MELD.Raw\test\output_repeated_splits_test\dia173_utt7.mp4,data\preprocessed\features\z_at\test_dia173_utt7.pt,data\preprocessed\features\z_v\test_dia173_utt7.pt
test_dia173_utt9,meld_real,0,meld_Monica,neutral,neutral,-1,1,1,1,data\raw\MELD\MELD-RAW\MELD.Raw\test\output_repeated_splits_test\dia173_utt9.mp4,data\preprocessed\features\z_at\test_dia173_utt9.pt,data\preprocessed\features\z_v\test_dia173_utt9.pt
test_dia174_utt0,meld_real,0,meld_Rachel,neutral,neutral,-1,1,1,1,data\raw\MELD\MELD-RAW\MELD.Raw\test\output_repeated_splits_test\dia174_utt0.mp4,data\preprocessed\features\z_at\test_dia174_utt0.pt,data\preprocessed\features\z_v\test_dia174_utt0.pt
test_dia174_utt10,meld_real,0,meld_Mark,neutral,neutral,-1,1,1,1,data\raw\MELD\MELD-RAW\MELD.Raw\test\output_repeated_splits_test\dia174_utt10.mp4,data\preprocessed\features\z_at\test_dia174_utt10.pt,data\preprocessed\features\z_v\test_dia174_utt10.pt
test_dia174_utt14,meld_real,0,meld_Chloe,neutral,neutral,-1,1,1,1,data\raw\MELD\MELD-RAW\MELD.Raw\test\output_repeated_splits_test\dia174_utt14.mp4,data\preprocessed\features\z_at\test_dia174_utt14.pt,data\preprocessed\features\z_v\test_dia174_utt14.pt
test_dia174_utt15,meld_real,0,meld_Ross,sadness,sadness,-1,1,1,1,data\raw\MELD\MELD-RAW\MELD.Raw\test\output_repeated_splits_test\dia174_utt15.mp4,data\preprocessed\features\z_at\test_dia174_utt15.pt,data\preprocessed\features\z_v\test_dia174_utt15.pt
test_dia174_utt16,meld_real,0,meld_Chloe,neutral,neutral,-1,1,1,1,data\raw\MELD\MELD-RAW\MELD.Raw\test\output_repeated_splits_test\dia174_utt16.mp4,data\preprocessed\features\z_at\test_dia174_utt16.pt,data\preprocessed\features\z_v\test_dia174_utt16.pt
test_dia174_utt17,meld_real,0,meld_Ross,sadness,sadness,-1,1,1,1,data\raw\MELD\MELD-RAW\MELD.Raw\test\output_repeated_splits_test\dia174_utt17.mp4,data\preprocessed\features\z_at\test_dia174_utt17.pt,data\preprocessed\features\z_v\test_dia174_utt17.pt
test_dia174_utt2,meld_real,0,meld_Rachel,neutral,neutral,-1,1,1,1,data\raw\MELD\MELD-RAW\MELD.Raw\test\output_repeated_splits_test\dia174_utt2.mp4,data\preprocessed\features\z_at\test_dia174_utt2.pt,data\preprocessed\features\z_v\test_dia174_utt2.pt
test_dia174_utt6,meld_real,0,meld_Ross,sadness,sadness,-1,1,1,1,data\raw\MELD\MELD-RAW\MELD.Raw\test\output_repeated_splits_test\dia174_utt6.mp4,data\preprocessed\features\z_at\test_dia174_utt6.pt,data\preprocessed\features\z_v\test_dia174_utt6.pt
test_dia175_utt14,meld_real,0,meld_Rachel,anger,anger,-1,1,1,1,data\raw\MELD\MELD-RAW\MELD.Raw\test\output_repeated_splits_test\dia175_utt14.mp4,data\preprocessed\features\z_at\test_dia175_utt14.pt,data\preprocessed\features\z_v\test_dia175_utt14.pt
test_dia175_utt16,meld_real,0,meld_Rachel,anger,anger,-1,1,1,1,data\raw\MELD\MELD-RAW\MELD.Raw\test\output_repeated_splits_test\dia175_utt16.mp4,data\preprocessed\features\z_at\test_dia175_utt16.pt,data\preprocessed\features\z_v\test_dia175_utt16.pt
test_dia175_utt17,meld_real,0,meld_Tag,anger,anger,-1,1,1,1,data\raw\MELD\MELD-RAW\MELD.Raw\test\output_repeated_splits_test\dia175_utt17.mp4,data\preprocessed\features\z_at\test_dia175_utt17.pt,data\preprocessed\features\z_v\test_dia175_utt17.pt
test_dia175_utt2,meld_real,0,meld_Rachel,neutral,neutral,-1,1,1,1,data\raw\MELD\MELD-RAW\MELD.Raw\test\output_repeated_splits_test\dia175_utt2.mp4,data\preprocessed\features\z_at\test_dia175_utt2.pt,data\preprocessed\features\z_v\test_dia175_utt2.pt
test_dia175_utt20,meld_real,0,meld_Rachel,anger,anger,-1,1,1,1,data\raw\MELD\MELD-RAW\MELD.Raw\test\output_repeated_splits_test\dia175_utt20.mp4,data\preprocessed\features\z_at\test_dia175_utt20.pt,data\preprocessed\features\z_v\test_dia175_utt20.pt
test_dia175_utt4,meld_real,0,meld_Rachel,fear,fear,-1,1,1,1,data\raw\MELD\MELD-RAW\MELD.Raw\test\output_repeated_splits_test\dia175_utt4.mp4,data\preprocessed\features\z_at\test_dia175_utt4.pt,data\preprocessed\features\z_v\test_dia175_utt4.pt
test_dia175_utt6,meld_real,0,meld_Rachel,joy,joy,-1,1,1,1,data\raw\MELD\MELD-RAW\MELD.Raw\test\output_repeated_splits_test\dia175_utt6.mp4,data\preprocessed\features\z_at\test_dia175_utt6.pt,data\preprocessed\features\z_v\test_dia175_utt6.pt
test_dia175_utt8,meld_real,0,meld_Rachel,disgust,disgust,-1,1,1,1,data\raw\MELD\MELD-RAW\MELD.Raw\test\output_repeated_splits_test\dia175_utt8.mp4,data\preprocessed\features\z_at\test_dia175_utt8.pt,data\preprocessed\features\z_v\test_dia175_utt8.pt
test_dia176_utt0,meld_real,0,meld_Joey,neutral,neutral,-1,1,1,1,data\raw\MELD\MELD-RAW\MELD.Raw\test\output_repeated_splits_test\dia176_utt0.mp4,data\preprocessed\features\z_at\test_dia176_utt0.pt,data\preprocessed\features\z_v\test_dia176_utt0.pt
test_dia178_utt1,meld_real,0,meld_Phoebe,neutral,neutral,-1,1,1,1,data\raw\MELD\MELD-RAW\MELD.Raw\test\output_repeated_splits_test\dia178_utt1.mp4,data\preprocessed\features\z_at\test_dia178_utt1.pt,data\preprocessed\features\z_v\test_dia178_utt1.pt
test_dia178_utt7,meld_real,0,meld_Phoebe,neutral,neutral,-1,1,1,1,data\raw\MELD\MELD-RAW\MELD.Raw\test\output_repeated_splits_test\dia178_utt7.mp4,data\preprocessed\features\z_at\test_dia178_utt7.pt,data\preprocessed\features\z_v\test_dia178_utt7.pt
test_dia178_utt8,meld_real,0,meld_Chandler,neutral,neutral,-1,1,1,1,data\raw\MELD\MELD-RAW\MELD.Raw\test\output_repeated_splits_test\dia178_utt8.mp4,data\preprocessed\features\z_at\test_dia178_utt8.pt,data\preprocessed\features\z_v\test_dia178_utt8.pt
test_dia179_utt0,meld_real,0,meld_Chandler,anger,anger,-1,1,1,1,data\raw\MELD\MELD-RAW\MELD.Raw\test\output_repeated_splits_test\dia179_utt0.mp4,data\preprocessed\features\z_at\test_dia179_utt0.pt,data\preprocessed\features\z_v\test_dia179_utt0.pt
test_dia17_utt0,meld_real,0,meld_Ross,neutral,neutral,-1,1,1,1,data\raw\MELD\MELD-RAW\MELD.Raw\test\output_repeated_splits_test\dia17_utt0.mp4,data\preprocessed\features\z_at\test_dia17_utt0.pt,data\preprocessed\features\z_v\test_dia17_utt0.pt
test_dia17_utt1,meld_real,0,meld_Monica,neutral,neutral,-1,1,1,1,data\raw\MELD\MELD-RAW\MELD.Raw\test\output_repeated_splits_test\dia17_utt1.mp4,data\preprocessed\features\z_at\test_dia17_utt1.pt,data\preprocessed\features\z_v\test_dia17_utt1.pt
test_dia17_utt10,meld_real,0,meld_Monica,anger,anger,-1,1,1,1,data\raw\MELD\MELD-RAW\MELD.Raw\test\output_repeated_splits_test\dia17_utt10.mp4,data\preprocessed\features\z_at\test_dia17_utt10.pt,data\preprocessed\features\z_v\test_dia17_utt10.pt
test_dia17_utt14,meld_real,0,meld_Ross,disgust,disgust,-1,1,1,1,data\raw\MELD\MELD-RAW\MELD.Raw\test\output_repeated_splits_test\dia17_utt14.mp4,data\preprocessed\features\z_at\test_dia17_utt14.pt,data\preprocessed\features\z_v\test_dia17_utt14.pt
test_dia17_utt17,meld_real,0,meld_Phoebe,fear,fear,-1,1,1,1,data\raw\MELD\MELD-RAW\MELD.Raw\test\output_repeated_splits_test\dia17_utt17.mp4,data\preprocessed\features\z_at\test_dia17_utt17.pt,data\preprocessed\features\z_v\test_dia17_utt17.pt
test_dia17_utt18,meld_real,0,meld_Phoebe,neutral,neutral,-1,1,1,1,data\raw\MELD\MELD-RAW\MELD.Raw\test\output_repeated_splits_test\dia17_utt18.mp4,data\preprocessed\features\z_at\test_dia17_utt18.pt,data\preprocessed\features\z_v\test_dia17_utt18.pt
test_dia17_utt22,meld_real,0,meld_Rachel,neutral,neutral,-1,1,1,1,data\raw\MELD\MELD-RAW\MELD.Raw\test\output_repeated_splits_test\dia17_utt22.mp4,data\preprocessed\features\z_at\test_dia17_utt22.pt,data\preprocessed\features\z_v\test_dia17_utt22.pt
test_dia17_utt23,meld_real,0,meld_Rachel,neutral,neutral,-1,1,1,1,data\raw\MELD\MELD-RAW\MELD.Raw\test\output_repeated_splits_test\dia17_utt23.mp4,data\preprocessed\features\z_at\test_dia17_utt23.pt,data\preprocessed\features\z_v\test_dia17_utt23.pt
test_dia17_utt26,meld_real,0,meld_Ross,anger,anger,-1,1,1,1,data\raw\MELD\MELD-RAW\MELD.Raw\test\output_repeated_splits_test\dia17_utt26.mp4,data\preprocessed\features\z_at\test_dia17_utt26.pt,data\preprocessed\features\z_v\test_dia17_utt26.pt
test_dia17_utt27,meld_real,0,meld_Ross,anger,anger,-1,1,1,1,data\raw\MELD\MELD-RAW\MELD.Raw\test\output_repeated_splits_test\dia17_utt27.mp4,data\preprocessed\features\z_at\test_dia17_utt27.pt,data\preprocessed\features\z_v\test_dia17_utt27.pt
test_dia17_utt28,meld_real,0,meld_Rachel,sadness,sadness,-1,1,1,1,data\raw\MELD\MELD-RAW\MELD.Raw\test\output_repeated_splits_test\dia17_utt28.mp4,data\preprocessed\features\z_at\test_dia17_utt28.pt,data\preprocessed\features\z_v\test_dia17_utt28.pt
test_dia17_utt31,meld_real,0,meld_Rachel,anger,anger,-1,1,1,1,data\raw\MELD\MELD-RAW\MELD.Raw\test\output_repeated_splits_test\dia17_utt31.mp4,data\preprocessed\features\z_at\test_dia17_utt31.pt,data\preprocessed\features\z_v\test_dia17_utt31.pt
test_dia17_utt7,meld_real,0,meld_Janice,anger,anger,-1,1,1,1,data\raw\MELD\MELD-RAW\MELD.Raw\test\output_repeated_splits_test\dia17_utt7.mp4,data\preprocessed\features\z_at\test_dia17_utt7.pt,data\preprocessed\features\z_v\test_dia17_utt7.pt
test_dia180_utt0,meld_real,0,meld_Chandler,neutral,neutral,-1,1,1,1,data\raw\MELD\MELD-RAW\MELD.Raw\test\output_repeated_splits_test\dia180_utt0.mp4,data\preprocessed\features\z_at\test_dia180_utt0.pt,data\preprocessed\features\z_v\test_dia180_utt0.pt
test_dia180_utt8,meld_real,0,meld_Chandler,anger,anger,-1,1,1,1,data\raw\MELD\MELD-RAW\MELD.Raw\test\output_repeated_splits_test\dia180_utt8.mp4,data\preprocessed\features\z_at\test_dia180_utt8.pt,data\preprocessed\features\z_v\test_dia180_utt8.pt
test_dia180_utt9,meld_real,0,meld_Chandler,disgust,disgust,-1,1,1,1,data\raw\MELD\MELD-RAW\MELD.Raw\test\output_repeated_splits_test\dia180_utt9.mp4,data\preprocessed\features\z_at\test_dia180_utt9.pt,data\preprocessed\features\z_v\test_dia180_utt9.pt
test_dia181_utt4,meld_real,0,meld_Phoebe,neutral,neutral,-1,1,1,1,data\raw\MELD\MELD-RAW\MELD.Raw\test\output_repeated_splits_test\dia181_utt4.mp4,data\preprocessed\features\z_at\test_dia181_utt4.pt,data\preprocessed\features\z_v\test_dia181_utt4.pt
test_dia182_utt1,meld_real,0,meld_Phoebe,anger,anger,-1,1,1,1,data\raw\MELD\MELD-RAW\MELD.Raw\test\output_repeated_splits_test\dia182_utt1.mp4,data\preprocessed\features\z_at\test_dia182_utt1.pt,data\preprocessed\features\z_v\test_dia182_utt1.pt
test_dia183_utt1,meld_real,0,meld_Joey,neutral,neutral,-1,1,1,1,data\raw\MELD\MELD-RAW\MELD.Raw\test\output_repeated_splits_test\dia183_utt1.mp4,data\preprocessed\features\z_at\test_dia183_utt1.pt,data\preprocessed\features\z_v\test_dia183_utt1.pt
test_dia183_utt6,meld_real,0,meld_Joey,neutral,neutral,-1,1,1,1,data\raw\MELD\MELD-RAW\MELD.Raw\test\output_repeated_splits_test\dia183_utt6.mp4,data\preprocessed\features\z_at\test_dia183_utt6.pt,data\preprocessed\features\z_v\test_dia183_utt6.pt
test_dia184_utt1,meld_real,0,meld_Monica,neutral,neutral,-1,1,1,1,data\raw\MELD\MELD-RAW\MELD.Raw\test\output_repeated_splits_test\dia184_utt1.mp4,data\preprocessed\features\z_at\test_dia184_utt1.pt,data\preprocessed\features\z_v\test_dia184_utt1.pt
test_dia184_utt10,meld_real,0,meld_Phoebe,neutral,neutral,-1,1,1,1,data\raw\MELD\MELD-RAW\MELD.Raw\test\output_repeated_splits_test\dia184_utt10.mp4,data\preprocessed\features\z_at\test_dia184_utt10.pt,data\preprocessed\features\z_v\test_dia184_utt10.pt
test_dia184_utt4,meld_real,0,meld_Phoebe,anger,anger,-1,1,1,1,data\raw\MELD\MELD-RAW\MELD.Raw\test\output_repeated_splits_test\dia184_utt4.mp4,data\preprocessed\features\z_at\test_dia184_utt4.pt,data\preprocessed\features\z_v\test_dia184_utt4.pt
test_dia185_utt0,meld_real,0,meld_Ross,neutral,neutral,-1,1,1,1,data\raw\MELD\MELD-RAW\MELD.Raw\test\output_repeated_splits_test\dia185_utt0.mp4,data\preprocessed\features\z_at\test_dia185_utt0.pt,data\preprocessed\features\z_v\test_dia185_utt0.pt
test_dia185_utt2,meld_real,0,meld_Ross,neutral,neutral,-1,1,1,1,data\raw\MELD\MELD-RAW\MELD.Raw\test\output_repeated_splits_test\dia185_utt2.mp4,data\preprocessed\features\z_at\test_dia185_utt2.pt,data\preprocessed\features\z_v\test_dia185_utt2.pt
test_dia185_utt3,meld_real,0,meld_Joey,joy,joy,-1,1,1,1,data\raw\MELD\MELD-RAW\MELD.Raw\test\output_repeated_splits_test\dia185_utt3.mp4,data\preprocessed\features\z_at\test_dia185_utt3.pt,data\preprocessed\features\z_v\test_dia185_utt3.pt
test_dia185_utt5,meld_real,0,meld_Joey,neutral,neutral,-1,1,1,1,data\raw\MELD\MELD-RAW\MELD.Raw\test\output_repeated_splits_test\dia185_utt5.mp4,data\preprocessed\features\z_at\test_dia185_utt5.pt,data\preprocessed\features\z_v\test_dia185_utt5.pt
test_dia186_utt0,meld_real,0,meld_Chandler,disgust,disgust,-1,1,1,1,data\raw\MELD\MELD-RAW\MELD.Raw\test\output_repeated_splits_test\dia186_utt0.mp4,data\preprocessed\features\z_at\test_dia186_utt0.pt,data\preprocessed\features\z_v\test_dia186_utt0.pt
test_dia186_utt1,meld_real,0,meld_Ross,neutral,neutral,-1,1,1,1,data\raw\MELD\MELD-RAW\MELD.Raw\test\output_repeated_splits_test\dia186_utt1.mp4,data\preprocessed\features\z_at\test_dia186_utt1.pt,data\preprocessed\features\z_v\test_dia186_utt1.pt
test_dia186_utt2,meld_real,0,meld_Chandler,neutral,neutral,-1,1,1,1,data\raw\MELD\MELD-RAW\MELD.Raw\test\output_repeated_splits_test\dia186_utt2.mp4,data\preprocessed\features\z_at\test_dia186_utt2.pt,data\preprocessed\features\z_v\test_dia186_utt2.pt
test_dia187_utt0,meld_real,0,meld_Kim,neutral,neutral,-1,1,1,1,data\raw\MELD\MELD-RAW\MELD.Raw\test\output_repeated_splits_test\dia187_utt0.mp4,data\preprocessed\features\z_at\test_dia187_utt0.pt,data\preprocessed\features\z_v\test_dia187_utt0.pt
test_dia187_utt5,meld_real,0,meld_Kim,neutral,neutral,-1,1,1,1,data\raw\MELD\MELD-RAW\MELD.Raw\test\output_repeated_splits_test\dia187_utt5.mp4,data\preprocessed\features\z_at\test_dia187_utt5.pt,data\preprocessed\features\z_v\test_dia187_utt5.pt
test_dia187_utt8,meld_real,0,meld_Rachel,neutral,neutral,-1,1,1,1,data\raw\MELD\MELD-RAW\MELD.Raw\test\output_repeated_splits_test\dia187_utt8.mp4,data\preprocessed\features\z_at\test_dia187_utt8.pt,data\preprocessed\features\z_v\test_dia187_utt8.pt
test_dia188_utt3,meld_real,0,meld_Ross,neutral,neutral,-1,1,1,1,data\raw\MELD\MELD-RAW\MELD.Raw\test\output_repeated_splits_test\dia188_utt3.mp4,data\preprocessed\features\z_at\test_dia188_utt3.pt,data\preprocessed\features\z_v\test_dia188_utt3.pt
test_dia188_utt7,meld_real,0,meld_Ross,neutral,neutral,-1,1,1,1,data\raw\MELD\MELD-RAW\MELD.Raw\test\output_repeated_splits_test\dia188_utt7.mp4,data\preprocessed\features\z_at\test_dia188_utt7.pt,data\preprocessed\features\z_v\test_dia188_utt7.pt
test_dia188_utt8,meld_real,0,meld_Joey,joy,joy,-1,1,1,1,data\raw\MELD\MELD-RAW\MELD.Raw\test\output_repeated_splits_test\dia188_utt8.mp4,data\preprocessed\features\z_at\test_dia188_utt8.pt,data\preprocessed\features\z_v\test_dia188_utt8.pt
test_dia189_utt2,meld_real,0,meld_Joey,joy,joy,-1,1,1,1,data\raw\MELD\MELD-RAW\MELD.Raw\test\output_repeated_splits_test\dia189_utt2.mp4,data\preprocessed\features\z_at\test_dia189_utt2.pt,data\preprocessed\features\z_v\test_dia189_utt2.pt
test_dia189_utt9,meld_real,0,meld_Joey,neutral,neutral,-1,1,1,1,data\raw\MELD\MELD-RAW\MELD.Raw\test\output_repeated_splits_test\dia189_utt9.mp4,data\preprocessed\features\z_at\test_dia189_utt9.pt,data\preprocessed\features\z_v\test_dia189_utt9.pt
test_dia18_utt2,meld_real,0,meld_Rachel,neutral,neutral,-1,1,1,1,data\raw\MELD\MELD-RAW\MELD.Raw\test\output_repeated_splits_test\dia18_utt2.mp4,data\preprocessed\features\z_at\test_dia18_utt2.pt,data\preprocessed\features\z_v\test_dia18_utt2.pt
test_dia191_utt2,meld_real,0,meld_Chandler,sadness,sadness,-1,1,1,1,data\raw\MELD\MELD-RAW\MELD.Raw\test\output_repeated_splits_test\dia191_utt2.mp4,data\preprocessed\features\z_at\test_dia191_utt2.pt,data\preprocessed\features\z_v\test_dia191_utt2.pt
test_dia191_utt7,meld_real,0,meld_Gunther,neutral,neutral,-1,1,1,1,data\raw\MELD\MELD-RAW\MELD.Raw\test\output_repeated_splits_test\dia191_utt7.mp4,data\preprocessed\features\z_at\test_dia191_utt7.pt,data\preprocessed\features\z_v\test_dia191_utt7.pt
test_dia192_utt0,meld_real,0,meld_Chandler,anger,anger,-1,1,1,1,data\raw\MELD\MELD-RAW\MELD.Raw\test\output_repeated_splits_test\dia192_utt0.mp4,data\preprocessed\features\z_at\test_dia192_utt0.pt,data\preprocessed\features\z_v\test_dia192_utt0.pt
test_dia192_utt11,meld_real,0,meld_Phoebe,neutral,neutral,-1,1,1,1,data\raw\MELD\MELD-RAW\MELD.Raw\test\output_repeated_splits_test\dia192_utt11.mp4,data\preprocessed\features\z_at\test_dia192_utt11.pt,data\preprocessed\features\z_v\test_dia192_utt11.pt
test_dia192_utt8,meld_real,0,meld_Phoebe,joy,joy,-1,1,1,1,data\raw\MELD\MELD-RAW\MELD.Raw\test\output_repeated_splits_test\dia192_utt8.mp4,data\preprocessed\features\z_at\test_dia192_utt8.pt,data\preprocessed\features\z_v\test_dia192_utt8.pt
test_dia193_utt2,meld_real,0,meld_Ross,neutral,neutral,-1,1,1,1,data\raw\MELD\MELD-RAW\MELD.Raw\test\output_repeated_splits_test\dia193_utt2.mp4,data\preprocessed\features\z_at\test_dia193_utt2.pt,data\preprocessed\features\z_v\test_dia193_utt2.pt
test_dia193_utt3,meld_real,0,meld_Ross,neutral,neutral,-1,1,1,1,data\raw\MELD\MELD-RAW\MELD.Raw\test\output_repeated_splits_test\dia193_utt3.mp4,data\preprocessed\features\z_at\test_dia193_utt3.pt,data\preprocessed\features\z_v\test_dia193_utt3.pt
test_dia194_utt0,meld_real,0,meld_Rachel,anger,anger,-1,1,1,1,data\raw\MELD\MELD-RAW\MELD.Raw\test\output_repeated_splits_test\dia194_utt0.mp4,data\preprocessed\features\z_at\test_dia194_utt0.pt,data\preprocessed\features\z_v\test_dia194_utt0.pt
test_dia195_utt2,meld_real,0,meld_Chandler,sadness,sadness,-1,1,1,1,data\raw\MELD\MELD-RAW\MELD.Raw\test\output_repeated_splits_test\dia195_utt2.mp4,data\preprocessed\features\z_at\test_dia195_utt2.pt,data\preprocessed\features\z_v\test_dia195_utt2.pt
test_dia196_utt12,meld_real,0,meld_Ross,anger,anger,-1,1,1,1,data\raw\MELD\MELD-RAW\MELD.Raw\test\output_repeated_splits_test\dia196_utt12.mp4,data\preprocessed\features\z_at\test_dia196_utt12.pt,data\preprocessed\features\z_v\test_dia196_utt12.pt
test_dia196_utt17,meld_real,0,meld_Monica,neutral,neutral,-1,1,1,1,data\raw\MELD\MELD-RAW\MELD.Raw\test\output_repeated_splits_test\dia196_utt17.mp4,data\preprocessed\features\z_at\test_dia196_utt17.pt,data\preprocessed\features\z_v\test_dia196_utt17.pt
test_dia196_utt5,meld_real,0,meld_Ross,anger,anger,-1,1,1,1,data\raw\MELD\MELD-RAW\MELD.Raw\test\output_repeated_splits_test\dia196_utt5.mp4,data\preprocessed\features\z_at\test_dia196_utt5.pt,data\preprocessed\features\z_v\test_dia196_utt5.pt
test_dia196_utt7,meld_real,0,meld_Ross,anger,anger,-1,1,1,1,data\raw\MELD\MELD-RAW\MELD.Raw\test\output_repeated_splits_test\dia196_utt7.mp4,data\preprocessed\features\z_at\test_dia196_utt7.pt,data\preprocessed\features\z_v\test_dia196_utt7.pt
test_dia198_utt0,meld_real,0,meld_Phoebe,neutral,neutral,-1,1,1,1,data\raw\MELD\MELD-RAW\MELD.Raw\test\output_repeated_splits_test\dia198_utt0.mp4,data\preprocessed\features\z_at\test_dia198_utt0.pt,data\preprocessed\features\z_v\test_dia198_utt0.pt
test_dia198_utt2,meld_real,0,meld_Joey,anger,anger,-1,1,1,1,data\raw\MELD\MELD-RAW\MELD.Raw\test\output_repeated_splits_test\dia198_utt2.mp4,data\preprocessed\features\z_at\test_dia198_utt2.pt,data\preprocessed\features\z_v\test_dia198_utt2.pt
test_dia199_utt10,meld_real,0,meld_Rachel,sadness,sadness,-1,1,1,1,data\raw\MELD\MELD-RAW\MELD.Raw\test\output_repeated_splits_test\dia199_utt10.mp4,data\preprocessed\features\z_at\test_dia199_utt10.pt,data\preprocessed\features\z_v\test_dia199_utt10.pt
test_dia199_utt12,meld_real,0,meld_Rachel,sadness,sadness,-1,1,1,1,data\raw\MELD\MELD-RAW\MELD.Raw\test\output_repeated_splits_test\dia199_utt12.mp4,data\preprocessed\features\z_at\test_dia199_utt12.pt,data\preprocessed\features\z_v\test_dia199_utt12.pt
test_dia199_utt4,meld_real,0,meld_Rachel,sadness,sadness,-1,1,1,1,data\raw\MELD\MELD-RAW\MELD.Raw\test\output_repeated_splits_test\dia199_utt4.mp4,data\preprocessed\features\z_at\test_dia199_utt4.pt,data\preprocessed\features\z_v\test_dia199_utt4.pt
test_dia199_utt6,meld_real,0,meld_Rachel,sadness,sadness,-1,1,1,1,data\raw\MELD\MELD-RAW\MELD.Raw\test\output_repeated_splits_test\dia199_utt6.mp4,data\preprocessed\features\z_at\test_dia199_utt6.pt,data\preprocessed\features\z_v\test_dia199_utt6.pt
test_dia200_utt2,meld_real,0,meld_Joey,anger,anger,-1,1,1,1,data\raw\MELD\MELD-RAW\MELD.Raw\test\output_repeated_splits_test\dia200_utt2.mp4,data\preprocessed\features\z_at\test_dia200_utt2.pt,data\preprocessed\features\z_v\test_dia200_utt2.pt
test_dia201_utt10,meld_real,0,meld_Joey,neutral,neutral,-1,1,1,1,data\raw\MELD\MELD-RAW\MELD.Raw\test\output_repeated_splits_test\dia201_utt10.mp4,data\preprocessed\features\z_at\test_dia201_utt10.pt,data\preprocessed\features\z_v\test_dia201_utt10.pt
test_dia201_utt4,meld_real,0,meld_Joey,neutral,neutral,-1,1,1,1,data\raw\MELD\MELD-RAW\MELD.Raw\test\output_repeated_splits_test\dia201_utt4.mp4,data\preprocessed\features\z_at\test_dia201_utt4.pt,data\preprocessed\features\z_v\test_dia201_utt4.pt
test_dia201_utt7,meld_real,0,meld_Guy,neutral,neutral,-1,1,1,1,data\raw\MELD\MELD-RAW\MELD.Raw\test\output_repeated_splits_test\dia201_utt7.mp4,data\preprocessed\features\z_at\test_dia201_utt7.pt,data\preprocessed\features\z_v\test_dia201_utt7.pt
test_dia202_utt2,meld_real,0,meld_Joey,joy,joy,-1,1,1,1,data\raw\MELD\MELD-RAW\MELD.Raw\test\output_repeated_splits_test\dia202_utt2.mp4,data\preprocessed\features\z_at\test_dia202_utt2.pt,data\preprocessed\features\z_v\test_dia202_utt2.pt
test_dia202_utt3,meld_real,0,meld_Erin,joy,joy,-1,1,1,1,data\raw\MELD\MELD-RAW\MELD.Raw\test\output_repeated_splits_test\dia202_utt3.mp4,data\preprocessed\features\z_at\test_dia202_utt3.pt,data\preprocessed\features\z_v\test_dia202_utt3.pt
test_dia204_utt6,meld_real,0,meld_Monica,anger,anger,-1,1,1,1,data\raw\MELD\MELD-RAW\MELD.Raw\test\output_repeated_splits_test\dia204_utt6.mp4,data\preprocessed\features\z_at\test_dia204_utt6.pt,data\preprocessed\features\z_v\test_dia204_utt6.pt
test_dia204_utt7,meld_real,0,meld_Monica,anger,anger,-1,1,1,1,data\raw\MELD\MELD-RAW\MELD.Raw\test\output_repeated_splits_test\dia204_utt7.mp4,data\preprocessed\features\z_at\test_dia204_utt7.pt,data\preprocessed\features\z_v\test_dia204_utt7.pt
test_dia204_utt9,meld_real,0,meld_Monica,anger,anger,-1,1,1,1,data\raw\MELD\MELD-RAW\MELD.Raw\test\output_repeated_splits_test\dia204_utt9.mp4,data\preprocessed\features\z_at\test_dia204_utt9.pt,data\preprocessed\features\z_v\test_dia204_utt9.pt
test_dia205_utt1,meld_real,0,meld_Joey,anger,anger,-1,1,1,1,data\raw\MELD\MELD-RAW\MELD.Raw\test\output_repeated_splits_test\dia205_utt1.mp4,data\preprocessed\features\z_at\test_dia205_utt1.pt,data\preprocessed\features\z_v\test_dia205_utt1.pt
test_dia206_utt3,meld_real,0,meld_Rachel,neutral,neutral,-1,1,1,1,data\raw\MELD\MELD-RAW\MELD.Raw\test\output_repeated_splits_test\dia206_utt3.mp4,data\preprocessed\features\z_at\test_dia206_utt3.pt,data\preprocessed\features\z_v\test_dia206_utt3.pt
test_dia207_utt0,meld_real,0,meld_Rachel,sadness,sadness,-1,1,1,1,data\raw\MELD\MELD-RAW\MELD.Raw\test\output_repeated_splits_test\dia207_utt0.mp4,data\preprocessed\features\z_at\test_dia207_utt0.pt,data\preprocessed\features\z_v\test_dia207_utt0.pt
test_dia208_utt1,meld_real,0,meld_Joey,neutral,neutral,-1,1,1,1,data\raw\MELD\MELD-RAW\MELD.Raw\test\output_repeated_splits_test\dia208_utt1.mp4,data\preprocessed\features\z_at\test_dia208_utt1.pt,data\preprocessed\features\z_v\test_dia208_utt1.pt
test_dia208_utt10,meld_real,0,meld_Joey,neutral,neutral,-1,1,1,1,data\raw\MELD\MELD-RAW\MELD.Raw\test\output_repeated_splits_test\dia208_utt10.mp4,data\preprocessed\features\z_at\test_dia208_utt10.pt,data\preprocessed\features\z_v\test_dia208_utt10.pt
test_dia208_utt13,meld_real,0,meld_Rachel,sadness,sadness,-1,1,1,1,data\raw\MELD\MELD-RAW\MELD.Raw\test\output_repeated_splits_test\dia208_utt13.mp4,data\preprocessed\features\z_at\test_dia208_utt13.pt,data\preprocessed\features\z_v\test_dia208_utt13.pt
test_dia208_utt7,meld_real,0,meld_Rachel,sadness,sadness,-1,1,1,1,data\raw\MELD\MELD-RAW\MELD.Raw\test\output_repeated_splits_test\dia208_utt7.mp4,data\preprocessed\features\z_at\test_dia208_utt7.pt,data\preprocessed\features\z_v\test_dia208_utt7.pt
test_dia208_utt9,meld_real,0,meld_Rachel,sadness,sadness,-1,1,1,1,data\raw\MELD\MELD-RAW\MELD.Raw\test\output_repeated_splits_test\dia208_utt9.mp4,data\preprocessed\features\z_at\test_dia208_utt9.pt,data\preprocessed\features\z_v\test_dia208_utt9.pt
test_dia209_utt0,meld_real,0,meld_Chandler,neutral,neutral,-1,1,1,1,data\raw\MELD\MELD-RAW\MELD.Raw\test\output_repeated_splits_test\dia209_utt0.mp4,data\preprocessed\features\z_at\test_dia209_utt0.pt,data\preprocessed\features\z_v\test_dia209_utt0.pt
test_dia20_utt2,meld_real,0,meld_Rachel,neutral,neutral,-1,1,1,1,data\raw\MELD\MELD-RAW\MELD.Raw\test\output_repeated_splits_test\dia20_utt2.mp4,data\preprocessed\features\z_at\test_dia20_utt2.pt,data\preprocessed\features\z_v\test_dia20_utt2.pt
test_dia20_utt5,meld_real,0,meld_Joey,neutral,neutral,-1,1,1,1,data\raw\MELD\MELD-RAW\MELD.Raw\test\output_repeated_splits_test\dia20_utt5.mp4,data\preprocessed\features\z_at\test_dia20_utt5.pt,data\preprocessed\features\z_v\test_dia20_utt5.pt
test_dia210_utt0,meld_real,0,meld_Monica,anger,anger,-1,1,1,1,data\raw\MELD\MELD-RAW\MELD.Raw\test\output_repeated_splits_test\dia210_utt0.mp4,data\preprocessed\features\z_at\test_dia210_utt0.pt,data\preprocessed\features\z_v\test_dia210_utt0.pt
test_dia210_utt3,meld_real,0,meld_Chandler,neutral,neutral,-1,1,1,1,data\raw\MELD\MELD-RAW\MELD.Raw\test\output_repeated_splits_test\dia210_utt3.mp4,data\preprocessed\features\z_at\test_dia210_utt3.pt,data\preprocessed\features\z_v\test_dia210_utt3.pt
test_dia210_utt4,meld_real,0,meld_Monica,anger,anger,-1,1,1,1,data\raw\MELD\MELD-RAW\MELD.Raw\test\output_repeated_splits_test\dia210_utt4.mp4,data\preprocessed\features\z_at\test_dia210_utt4.pt,data\preprocessed\features\z_v\test_dia210_utt4.pt
test_dia210_utt9,meld_real,0,meld_Phoebe,neutral,neutral,-1,1,1,1,data\raw\MELD\MELD-RAW\MELD.Raw\test\output_repeated_splits_test\dia210_utt9.mp4,data\preprocessed\features\z_at\test_dia210_utt9.pt,data\preprocessed\features\z_v\test_dia210_utt9.pt
test_dia211_utt3,meld_real,0,meld_Phoebe,neutral,neutral,-1,1,1,1,data\raw\MELD\MELD-RAW\MELD.Raw\test\output_repeated_splits_test\dia211_utt3.mp4,data\preprocessed\features\z_at\test_dia211_utt3.pt,data\preprocessed\features\z_v\test_dia211_utt3.pt
test_dia211_utt4,meld_real,0,meld_Joey,anger,anger,-1,1,1,1,data\raw\MELD\MELD-RAW\MELD.Raw\test\output_repeated_splits_test\dia211_utt4.mp4,data\preprocessed\features\z_at\test_dia211_utt4.pt,data\preprocessed\features\z_v\test_dia211_utt4.pt
test_dia212_utt4,meld_real,0,meld_Janice,sadness,sadness,-1,1,1,1,data\raw\MELD\MELD-RAW\MELD.Raw\test\output_repeated_splits_test\dia212_utt4.mp4,data\preprocessed\features\z_at\test_dia212_utt4.pt,data\preprocessed\features\z_v\test_dia212_utt4.pt
test_dia212_utt6,meld_real,0,meld_Janice,sadness,sadness,-1,1,1,1,data\raw\MELD\MELD-RAW\MELD.Raw\test\output_repeated_splits_test\dia212_utt6.mp4,data\preprocessed\features\z_at\test_dia212_utt6.pt,data\preprocessed\features\z_v\test_dia212_utt6.pt
test_dia213_utt0,meld_real,0,meld_Chandler,anger,anger,-1,1,1,1,data\raw\MELD\MELD-RAW\MELD.Raw\test\output_repeated_splits_test\dia213_utt0.mp4,data\preprocessed\features\z_at\test_dia213_utt0.pt,data\preprocessed\features\z_v\test_dia213_utt0.pt
test_dia213_utt11,meld_real,0,meld_Chandler,neutral,neutral,-1,1,1,1,data\raw\MELD\MELD-RAW\MELD.Raw\test\output_repeated_splits_test\dia213_utt11.mp4,data\preprocessed\features\z_at\test_dia213_utt11.pt,data\preprocessed\features\z_v\test_dia213_utt11.pt
test_dia213_utt4,meld_real,0,meld_Chandler,neutral,neutral,-1,1,1,1,data\raw\MELD\MELD-RAW\MELD.Raw\test\output_repeated_splits_test\dia213_utt4.mp4,data\preprocessed\features\z_at\test_dia213_utt4.pt,data\preprocessed\features\z_v\test_dia213_utt4.pt
test_dia213_utt5,meld_real,0,meld_Monica,joy,joy,-1,1,1,1,data\raw\MELD\MELD-RAW\MELD.Raw\test\output_repeated_splits_test\dia213_utt5.mp4,data\preprocessed\features\z_at\test_dia213_utt5.pt,data\preprocessed\features\z_v\test_dia213_utt5.pt
test_dia214_utt5,meld_real,0,meld_Joey,joy,joy,-1,1,1,1,data\raw\MELD\MELD-RAW\MELD.Raw\test\output_repeated_splits_test\dia214_utt5.mp4,data\preprocessed\features\z_at\test_dia214_utt5.pt,data\preprocessed\features\z_v\test_dia214_utt5.pt
test_dia215_utt10,meld_real,0,meld_Phoebe,sadness,sadness,-1,1,1,1,data\raw\MELD\MELD-RAW\MELD.Raw\test\output_repeated_splits_test\dia215_utt10.mp4,data\preprocessed\features\z_at\test_dia215_utt10.pt,data\preprocessed\features\z_v\test_dia215_utt10.pt
test_dia217_utt10,meld_real,0,meld_Rachel,neutral,neutral,-1,1,1,1,data\raw\MELD\MELD-RAW\MELD.Raw\test\output_repeated_splits_test\dia217_utt10.mp4,data\preprocessed\features\z_at\test_dia217_utt10.pt,data\preprocessed\features\z_v\test_dia217_utt10.pt
test_dia217_utt2,meld_real,0,meld_Rachel,neutral,neutral,-1,1,1,1,data\raw\MELD\MELD-RAW\MELD.Raw\test\output_repeated_splits_test\dia217_utt2.mp4,data\preprocessed\features\z_at\test_dia217_utt2.pt,data\preprocessed\features\z_v\test_dia217_utt2.pt
test_dia217_utt6,meld_real,0,meld_Ross,fear,fear,-1,1,1,1,data\raw\MELD\MELD-RAW\MELD.Raw\test\output_repeated_splits_test\dia217_utt6.mp4,data\preprocessed\features\z_at\test_dia217_utt6.pt,data\preprocessed\features\z_v\test_dia217_utt6.pt
test_dia217_utt7,meld_real,0,meld_Ross,neutral,neutral,-1,1,1,1,data\raw\MELD\MELD-RAW\MELD.Raw\test\output_repeated_splits_test\dia217_utt7.mp4,data\preprocessed\features\z_at\test_dia217_utt7.pt,data\preprocessed\features\z_v\test_dia217_utt7.pt
test_dia217_utt8,meld_real,0,meld_Rachel,joy,joy,-1,1,1,1,data\raw\MELD\MELD-RAW\MELD.Raw\test\output_repeated_splits_test\dia217_utt8.mp4,data\preprocessed\features\z_at\test_dia217_utt8.pt,data\preprocessed\features\z_v\test_dia217_utt8.pt
test_dia21_utt0,meld_real,0,meld_Phoebe,neutral,neutral,-1,1,1,1,data\raw\MELD\MELD-RAW\MELD.Raw\test\output_repeated_splits_test\dia21_utt0.mp4,data\preprocessed\features\z_at\test_dia21_utt0.pt,data\preprocessed\features\z_v\test_dia21_utt0.pt
test_dia21_utt3,meld_real,0,meld_Phoebe,neutral,neutral,-1,1,1,1,data\raw\MELD\MELD-RAW\MELD.Raw\test\output_repeated_splits_test\dia21_utt3.mp4,data\preprocessed\features\z_at\test_dia21_utt3.pt,data\preprocessed\features\z_v\test_dia21_utt3.pt
test_dia21_utt4,meld_real,0,meld_Phoebe,sadness,sadness,-1,1,1,1,data\raw\MELD\MELD-RAW\MELD.Raw\test\output_repeated_splits_test\dia21_utt4.mp4,data\preprocessed\features\z_at\test_dia21_utt4.pt,data\preprocessed\features\z_v\test_dia21_utt4.pt
test_dia220_utt1,meld_real,0,meld_Joey,anger,anger,-1,1,1,1,data\raw\MELD\MELD-RAW\MELD.Raw\test\output_repeated_splits_test\dia220_utt1.mp4,data\preprocessed\features\z_at\test_dia220_utt1.pt,data\preprocessed\features\z_v\test_dia220_utt1.pt
test_dia222_utt0,meld_real,0,meld_Rachel,neutral,neutral,-1,1,1,1,data\raw\MELD\MELD-RAW\MELD.Raw\test\output_repeated_splits_test\dia222_utt0.mp4,data\preprocessed\features\z_at\test_dia222_utt0.pt,data\preprocessed\features\z_v\test_dia222_utt0.pt
test_dia222_utt1,meld_real,0,meld_Monica,neutral,neutral,-1,1,1,1,data\raw\MELD\MELD-RAW\MELD.Raw\test\output_repeated_splits_test\dia222_utt1.mp4,data\preprocessed\features\z_at\test_dia222_utt1.pt,data\preprocessed\features\z_v\test_dia222_utt1.pt
test_dia222_utt11,meld_real,0,meld_Monica,neutral,neutral,-1,1,1,1,data\raw\MELD\MELD-RAW\MELD.Raw\test\output_repeated_splits_test\dia222_utt11.mp4,data\preprocessed\features\z_at\test_dia222_utt11.pt,data\preprocessed\features\z_v\test_dia222_utt11.pt
test_dia222_utt12,meld_real,0,meld_Monica,anger,anger,-1,1,1,1,data\raw\MELD\MELD-RAW\MELD.Raw\test\output_repeated_splits_test\dia222_utt12.mp4,data\preprocessed\features\z_at\test_dia222_utt12.pt,data\preprocessed\features\z_v\test_dia222_utt12.pt
test_dia222_utt7,meld_real,0,meld_Rachel,joy,joy,-1,1,1,1,data\raw\MELD\MELD-RAW\MELD.Raw\test\output_repeated_splits_test\dia222_utt7.mp4,data\preprocessed\features\z_at\test_dia222_utt7.pt,data\preprocessed\features\z_v\test_dia222_utt7.pt
test_dia222_utt9,meld_real,0,meld_Monica,neutral,neutral,-1,1,1,1,data\raw\MELD\MELD-RAW\MELD.Raw\test\output_repeated_splits_test\dia222_utt9.mp4,data\preprocessed\features\z_at\test_dia222_utt9.pt,data\preprocessed\features\z_v\test_dia222_utt9.pt
test_dia223_utt0,meld_real,0,meld_Monica,sadness,sadness,-1,1,1,1,data\raw\MELD\MELD-RAW\MELD.Raw\test\output_repeated_splits_test\dia223_utt0.mp4,data\preprocessed\features\z_at\test_dia223_utt0.pt,data\preprocessed\features\z_v\test_dia223_utt0.pt
test_dia223_utt1,meld_real,0,meld_Chandler,fear,fear,-1,1,1,1,data\raw\MELD\MELD-RAW\MELD.Raw\test\output_repeated_splits_test\dia223_utt1.mp4,data\preprocessed\features\z_at\test_dia223_utt1.pt,data\preprocessed\features\z_v\test_dia223_utt1.pt
test_dia223_utt2,meld_real,0,meld_Chandler,neutral,neutral,-1,1,1,1,data\raw\MELD\MELD-RAW\MELD.Raw\test\output_repeated_splits_test\dia223_utt2.mp4,data\preprocessed\features\z_at\test_dia223_utt2.pt,data\preprocessed\features\z_v\test_dia223_utt2.pt
test_dia223_utt4,meld_real,0,meld_Phoebe,neutral,neutral,-1,1,1,1,data\raw\MELD\MELD-RAW\MELD.Raw\test\output_repeated_splits_test\dia223_utt4.mp4,data\preprocessed\features\z_at\test_dia223_utt4.pt,data\preprocessed\features\z_v\test_dia223_utt4.pt
test_dia223_utt6,meld_real,0,meld_Phoebe,neutral,neutral,-1,1,1,1,data\raw\MELD\MELD-RAW\MELD.Raw\test\output_repeated_splits_test\dia223_utt6.mp4,data\preprocessed\features\z_at\test_dia223_utt6.pt,data\preprocessed\features\z_v\test_dia223_utt6.pt
test_dia225_utt1,meld_real,0,meld_Phoebe,joy,joy,-1,1,1,1,data\raw\MELD\MELD-RAW\MELD.Raw\test\output_repeated_splits_test\dia225_utt1.mp4,data\preprocessed\features\z_at\test_dia225_utt1.pt,data\preprocessed\features\z_v\test_dia225_utt1.pt
test_dia225_utt2,meld_real,0,meld_Chandler,neutral,neutral,-1,1,1,1,data\raw\MELD\MELD-RAW\MELD.Raw\test\output_repeated_splits_test\dia225_utt2.mp4,data\preprocessed\features\z_at\test_dia225_utt2.pt,data\preprocessed\features\z_v\test_dia225_utt2.pt
test_dia225_utt5,meld_real,0,meld_Chandler,neutral,neutral,-1,1,1,1,data\raw\MELD\MELD-RAW\MELD.Raw\test\output_repeated_splits_test\dia225_utt5.mp4,data\preprocessed\features\z_at\test_dia225_utt5.pt,data\preprocessed\features\z_v\test_dia225_utt5.pt
test_dia226_utt5,meld_real,0,meld_Rachel,neutral,neutral,-1,1,1,1,data\raw\MELD\MELD-RAW\MELD.Raw\test\output_repeated_splits_test\dia226_utt5.mp4,data\preprocessed\features\z_at\test_dia226_utt5.pt,data\preprocessed\features\z_v\test_dia226_utt5.pt
test_dia228_utt3,meld_real,0,meld_Rachel,neutral,neutral,-1,1,1,1,data\raw\MELD\MELD-RAW\MELD.Raw\test\output_repeated_splits_test\dia228_utt3.mp4,data\preprocessed\features\z_at\test_dia228_utt3.pt,data\preprocessed\features\z_v\test_dia228_utt3.pt
test_dia228_utt8,meld_real,0,meld_Rachel,sadness,sadness,-1,1,1,1,data\raw\MELD\MELD-RAW\MELD.Raw\test\output_repeated_splits_test\dia228_utt8.mp4,data\preprocessed\features\z_at\test_dia228_utt8.pt,data\preprocessed\features\z_v\test_dia228_utt8.pt
test_dia229_utt0,meld_real,0,meld_Rachel,joy,joy,-1,1,1,1,data\raw\MELD\MELD-RAW\MELD.Raw\test\output_repeated_splits_test\dia229_utt0.mp4,data\preprocessed\features\z_at\test_dia229_utt0.pt,data\preprocessed\features\z_v\test_dia229_utt0.pt
test_dia229_utt2,meld_real,0,meld_Rachel,joy,joy,-1,1,1,1,data\raw\MELD\MELD-RAW\MELD.Raw\test\output_repeated_splits_test\dia229_utt2.mp4,data\preprocessed\features\z_at\test_dia229_utt2.pt,data\preprocessed\features\z_v\test_dia229_utt2.pt
test_dia229_utt3,meld_real,0,meld_Joey,neutral,neutral,-1,1,1,1,data\raw\MELD\MELD-RAW\MELD.Raw\test\output_repeated_splits_test\dia229_utt3.mp4,data\preprocessed\features\z_at\test_dia229_utt3.pt,data\preprocessed\features\z_v\test_dia229_utt3.pt
test_dia229_utt4,meld_real,0,meld_Rachel,neutral,neutral,-1,1,1,1,data\raw\MELD\MELD-RAW\MELD.Raw\test\output_repeated_splits_test\dia229_utt4.mp4,data\preprocessed\features\z_at\test_dia229_utt4.pt,data\preprocessed\features\z_v\test_dia229_utt4.pt
test_dia229_utt8,meld_real,0,meld_Joey,neutral,neutral,-1,1,1,1,data\raw\MELD\MELD-RAW\MELD.Raw\test\output_repeated_splits_test\dia229_utt8.mp4,data\preprocessed\features\z_at\test_dia229_utt8.pt,data\preprocessed\features\z_v\test_dia229_utt8.pt
test_dia22_utt0,meld_real,0,meld_Chandler,joy,joy,-1,1,1,1,data\raw\MELD\MELD-RAW\MELD.Raw\test\output_repeated_splits_test\dia22_utt0.mp4,data\preprocessed\features\z_at\test_dia22_utt0.pt,data\preprocessed\features\z_v\test_dia22_utt0.pt
test_dia22_utt13,meld_real,0,meld_Monica,joy,joy,-1,1,1,1,data\raw\MELD\MELD-RAW\MELD.Raw\test\output_repeated_splits_test\dia22_utt13.mp4,data\preprocessed\features\z_at\test_dia22_utt13.pt,data\preprocessed\features\z_v\test_dia22_utt13.pt
test_dia22_utt2,meld_real,0,meld_Chandler,neutral,neutral,-1,1,1,1,data\raw\MELD\MELD-RAW\MELD.Raw\test\output_repeated_splits_test\dia22_utt2.mp4,data\preprocessed\features\z_at\test_dia22_utt2.pt,data\preprocessed\features\z_v\test_dia22_utt2.pt
test_dia22_utt20,meld_real,0,meld_Monica,neutral,neutral,-1,1,1,1,data\raw\MELD\MELD-RAW\MELD.Raw\test\output_repeated_splits_test\dia22_utt20.mp4,data\preprocessed\features\z_at\test_dia22_utt20.pt,data\preprocessed\features\z_v\test_dia22_utt20.pt
test_dia230_utt0,meld_real,0,meld_Joey,neutral,neutral,-1,1,1,1,data\raw\MELD\MELD-RAW\MELD.Raw\test\output_repeated_splits_test\dia230_utt0.mp4,data\preprocessed\features\z_at\test_dia230_utt0.pt,data\preprocessed\features\z_v\test_dia230_utt0.pt
test_dia230_utt1,meld_real,0,meld_Monica,neutral,neutral,-1,1,1,1,data\raw\MELD\MELD-RAW\MELD.Raw\test\output_repeated_splits_test\dia230_utt1.mp4,data\preprocessed\features\z_at\test_dia230_utt1.pt,data\preprocessed\features\z_v\test_dia230_utt1.pt
test_dia231_utt10,meld_real,0,meld_Chandler,disgust,disgust,-1,1,1,1,data\raw\MELD\MELD-RAW\MELD.Raw\test\output_repeated_splits_test\dia231_utt10.mp4,data\preprocessed\features\z_at\test_dia231_utt10.pt,data\preprocessed\features\z_v\test_dia231_utt10.pt
test_dia231_utt2,meld_real,0,meld_Chandler,neutral,neutral,-1,1,1,1,data\raw\MELD\MELD-RAW\MELD.Raw\test\output_repeated_splits_test\dia231_utt2.mp4,data\preprocessed\features\z_at\test_dia231_utt2.pt,data\preprocessed\features\z_v\test_dia231_utt2.pt
test_dia232_utt0,meld_real,0,meld_Rachel,neutral,neutral,-1,1,1,1,data\raw\MELD\MELD-RAW\MELD.Raw\test\output_repeated_splits_test\dia232_utt0.mp4,data\preprocessed\features\z_at\test_dia232_utt0.pt,data\preprocessed\features\z_v\test_dia232_utt0.pt
test_dia232_utt1,meld_real,0,meld_Chandler,neutral,neutral,-1,1,1,1,data\raw\MELD\MELD-RAW\MELD.Raw\test\output_repeated_splits_test\dia232_utt1.mp4,data\preprocessed\features\z_at\test_dia232_utt1.pt,data\preprocessed\features\z_v\test_dia232_utt1.pt
test_dia232_utt5,meld_real,0,meld_Rachel,joy,joy,-1,1,1,1,data\raw\MELD\MELD-RAW\MELD.Raw\test\output_repeated_splits_test\dia232_utt5.mp4,data\preprocessed\features\z_at\test_dia232_utt5.pt,data\preprocessed\features\z_v\test_dia232_utt5.pt
test_dia232_utt6,meld_real,0,meld_Chandler,neutral,neutral,-1,1,1,1,data\raw\MELD\MELD-RAW\MELD.Raw\test\output_repeated_splits_test\dia232_utt6.mp4,data\preprocessed\features\z_at\test_dia232_utt6.pt,data\preprocessed\features\z_v\test_dia232_utt6.pt
test_dia233_utt0,meld_real,0,meld_Rachel,anger,anger,-1,1,1,1,data\raw\MELD\MELD-RAW\MELD.Raw\test\output_repeated_splits_test\dia233_utt0.mp4,data\preprocessed\features\z_at\test_dia233_utt0.pt,data\preprocessed\features\z_v\test_dia233_utt0.pt
test_dia233_utt11,meld_real,0,meld_Rachel,joy,joy,-1,1,1,1,data\raw\MELD\MELD-RAW\MELD.Raw\test\output_repeated_splits_test\dia233_utt11.mp4,data\preprocessed\features\z_at\test_dia233_utt11.pt,data\preprocessed\features\z_v\test_dia233_utt11.pt
test_dia233_utt3,meld_real,0,meld_Rachel,neutral,neutral,-1,1,1,1,data\raw\MELD\MELD-RAW\MELD.Raw\test\output_repeated_splits_test\dia233_utt3.mp4,data\preprocessed\features\z_at\test_dia233_utt3.pt,data\preprocessed\features\z_v\test_dia233_utt3.pt
test_dia234_utt11,meld_real,0,meld_Tommy,neutral,neutral,-1,1,1,1,data\raw\MELD\MELD-RAW\MELD.Raw\test\output_repeated_splits_test\dia234_utt11.mp4,data\preprocessed\features\z_at\test_dia234_utt11.pt,data\preprocessed\features\z_v\test_dia234_utt11.pt
test_dia234_utt6,meld_real,0,meld_Tommy,anger,anger,-1,1,1,1,data\raw\MELD\MELD-RAW\MELD.Raw\test\output_repeated_splits_test\dia234_utt6.mp4,data\preprocessed\features\z_at\test_dia234_utt6.pt,data\preprocessed\features\z_v\test_dia234_utt6.pt
test_dia234_utt9,meld_real,0,meld_Monica,neutral,neutral,-1,1,1,1,data\raw\MELD\MELD-RAW\MELD.Raw\test\output_repeated_splits_test\dia234_utt9.mp4,data\preprocessed\features\z_at\test_dia234_utt9.pt,data\preprocessed\features\z_v\test_dia234_utt9.pt
test_dia235_utt0,meld_real,0,meld_Monica,neutral,neutral,-1,1,1,1,data\raw\MELD\MELD-RAW\MELD.Raw\test\output_repeated_splits_test\dia235_utt0.mp4,data\preprocessed\features\z_at\test_dia235_utt0.pt,data\preprocessed\features\z_v\test_dia235_utt0.pt
test_dia237_utt11,meld_real,0,meld_Chandler,neutral,neutral,-1,1,1,1,data\raw\MELD\MELD-RAW\MELD.Raw\test\output_repeated_splits_test\dia237_utt11.mp4,data\preprocessed\features\z_at\test_dia237_utt11.pt,data\preprocessed\features\z_v\test_dia237_utt11.pt
test_dia237_utt3,meld_real,0,meld_Joey,disgust,disgust,-1,1,1,1,data\raw\MELD\MELD-RAW\MELD.Raw\test\output_repeated_splits_test\dia237_utt3.mp4,data\preprocessed\features\z_at\test_dia237_utt3.pt,data\preprocessed\features\z_v\test_dia237_utt3.pt
test_dia237_utt6,meld_real,0,meld_Chandler,anger,anger,-1,1,1,1,data\raw\MELD\MELD-RAW\MELD.Raw\test\output_repeated_splits_test\dia237_utt6.mp4,data\preprocessed\features\z_at\test_dia237_utt6.pt,data\preprocessed\features\z_v\test_dia237_utt6.pt
test_dia237_utt7,meld_real,0,meld_Phoebe,joy,joy,-1,1,1,1,data\raw\MELD\MELD-RAW\MELD.Raw\test\output_repeated_splits_test\dia237_utt7.mp4,data\preprocessed\features\z_at\test_dia237_utt7.pt,data\preprocessed\features\z_v\test_dia237_utt7.pt
test_dia237_utt8,meld_real,0,meld_Chandler,anger,anger,-1,1,1,1,data\raw\MELD\MELD-RAW\MELD.Raw\test\output_repeated_splits_test\dia237_utt8.mp4,data\preprocessed\features\z_at\test_dia237_utt8.pt,data\preprocessed\features\z_v\test_dia237_utt8.pt
test_dia239_utt10,meld_real,0,meld_Chandler,neutral,neutral,-1,1,1,1,data\raw\MELD\MELD-RAW\MELD.Raw\test\output_repeated_splits_test\dia239_utt10.mp4,data\preprocessed\features\z_at\test_dia239_utt10.pt,data\preprocessed\features\z_v\test_dia239_utt10.pt
test_dia239_utt2,meld_real,0,meld_Chandler,neutral,neutral,-1,1,1,1,data\raw\MELD\MELD-RAW\MELD.Raw\test\output_repeated_splits_test\dia239_utt2.mp4,data\preprocessed\features\z_at\test_dia239_utt2.pt,data\preprocessed\features\z_v\test_dia239_utt2.pt
test_dia239_utt3,meld_real,0,meld_Woman,neutral,neutral,-1,1,1,1,data\raw\MELD\MELD-RAW\MELD.Raw\test\output_repeated_splits_test\dia239_utt3.mp4,data\preprocessed\features\z_at\test_dia239_utt3.pt,data\preprocessed\features\z_v\test_dia239_utt3.pt
test_dia239_utt7,meld_real,0,meld_Ginger,neutral,neutral,-1,1,1,1,data\raw\MELD\MELD-RAW\MELD.Raw\test\output_repeated_splits_test\dia239_utt7.mp4,data\preprocessed\features\z_at\test_dia239_utt7.pt,data\preprocessed\features\z_v\test_dia239_utt7.pt
test_dia240_utt12,meld_real,0,meld_Cecilia,neutral,neutral,-1,1,1,1,data\raw\MELD\MELD-RAW\MELD.Raw\test\output_repeated_splits_test\dia240_utt12.mp4,data\preprocessed\features\z_at\test_dia240_utt12.pt,data\preprocessed\features\z_v\test_dia240_utt12.pt
test_dia241_utt13,meld_real,0,meld_Waitress,neutral,neutral,-1,1,1,1,data\raw\MELD\MELD-RAW\MELD.Raw\test\output_repeated_splits_test\dia241_utt13.mp4,data\preprocessed\features\z_at\test_dia241_utt13.pt,data\preprocessed\features\z_v\test_dia241_utt13.pt
test_dia241_utt3,meld_real,0,meld_Joey,neutral,neutral,-1,1,1,1,data\raw\MELD\MELD-RAW\MELD.Raw\test\output_repeated_splits_test\dia241_utt3.mp4,data\preprocessed\features\z_at\test_dia241_utt3.pt,data\preprocessed\features\z_v\test_dia241_utt3.pt
test_dia241_utt9,meld_real,0,meld_Joey,joy,joy,-1,1,1,1,data\raw\MELD\MELD-RAW\MELD.Raw\test\output_repeated_splits_test\dia241_utt9.mp4,data\preprocessed\features\z_at\test_dia241_utt9.pt,data\preprocessed\features\z_v\test_dia241_utt9.pt
test_dia242_utt0,meld_real,0,meld_Chandler,neutral,neutral,-1,1,1,1,data\raw\MELD\MELD-RAW\MELD.Raw\test\output_repeated_splits_test\dia242_utt0.mp4,data\preprocessed\features\z_at\test_dia242_utt0.pt,data\preprocessed\features\z_v\test_dia242_utt0.pt
test_dia242_utt3,meld_real,0,meld_Chandler,anger,anger,-1,1,1,1,data\raw\MELD\MELD-RAW\MELD.Raw\test\output_repeated_splits_test\dia242_utt3.mp4,data\preprocessed\features\z_at\test_dia242_utt3.pt,data\preprocessed\features\z_v\test_dia242_utt3.pt
test_dia243_utt1,meld_real,0,meld_Rachel,neutral,neutral,-1,1,1,1,data\raw\MELD\MELD-RAW\MELD.Raw\test\output_repeated_splits_test\dia243_utt1.mp4,data\preprocessed\features\z_at\test_dia243_utt1.pt,data\preprocessed\features\z_v\test_dia243_utt1.pt
test_dia244_utt13,meld_real,0,meld_Chandler,neutral,neutral,-1,1,1,1,data\raw\MELD\MELD-RAW\MELD.Raw\test\output_repeated_splits_test\dia244_utt13.mp4,data\preprocessed\features\z_at\test_dia244_utt13.pt,data\preprocessed\features\z_v\test_dia244_utt13.pt
test_dia244_utt17,meld_real,0,meld_Ross,neutral,neutral,-1,1,1,1,data\raw\MELD\MELD-RAW\MELD.Raw\test\output_repeated_splits_test\dia244_utt17.mp4,data\preprocessed\features\z_at\test_dia244_utt17.pt,data\preprocessed\features\z_v\test_dia244_utt17.pt
test_dia244_utt19,meld_real,0,meld_Ross,neutral,neutral,-1,1,1,1,data\raw\MELD\MELD-RAW\MELD.Raw\test\output_repeated_splits_test\dia244_utt19.mp4,data\preprocessed\features\z_at\test_dia244_utt19.pt,data\preprocessed\features\z_v\test_dia244_utt19.pt
test_dia244_utt21,meld_real,0,meld_Ross,joy,joy,-1,1,1,1,data\raw\MELD\MELD-RAW\MELD.Raw\test\output_repeated_splits_test\dia244_utt21.mp4,data\preprocessed\features\z_at\test_dia244_utt21.pt,data\preprocessed\features\z_v\test_dia244_utt21.pt
test_dia244_utt4,meld_real,0,meld_Chandler,sadness,sadness,-1,1,1,1,data\raw\MELD\MELD-RAW\MELD.Raw\test\output_repeated_splits_test\dia244_utt4.mp4,data\preprocessed\features\z_at\test_dia244_utt4.pt,data\preprocessed\features\z_v\test_dia244_utt4.pt
test_dia244_utt7,meld_real,0,meld_Chandler,disgust,disgust,-1,1,1,1,data\raw\MELD\MELD-RAW\MELD.Raw\test\output_repeated_splits_test\dia244_utt7.mp4,data\preprocessed\features\z_at\test_dia244_utt7.pt,data\preprocessed\features\z_v\test_dia244_utt7.pt
test_dia244_utt8,meld_real,0,meld_Chandler,anger,anger,-1,1,1,1,data\raw\MELD\MELD-RAW\MELD.Raw\test\output_repeated_splits_test\dia244_utt8.mp4,data\preprocessed\features\z_at\test_dia244_utt8.pt,data\preprocessed\features\z_v\test_dia244_utt8.pt
test_dia244_utt9,meld_real,0,meld_Chandler,neutral,neutral,-1,1,1,1,data\raw\MELD\MELD-RAW\MELD.Raw\test\output_repeated_splits_test\dia244_utt9.mp4,data\preprocessed\features\z_at\test_dia244_utt9.pt,data\preprocessed\features\z_v\test_dia244_utt9.pt
test_dia245_utt3,meld_real,0,meld_Monica,joy,joy,-1,1,1,1,data\raw\MELD\MELD-RAW\MELD.Raw\test\output_repeated_splits_test\dia245_utt3.mp4,data\preprocessed\features\z_at\test_dia245_utt3.pt,data\preprocessed\features\z_v\test_dia245_utt3.pt
test_dia246_utt11,meld_real,0,meld_Joey,neutral,neutral,-1,1,1,1,data\raw\MELD\MELD-RAW\MELD.Raw\test\output_repeated_splits_test\dia246_utt11.mp4,data\preprocessed\features\z_at\test_dia246_utt11.pt,data\preprocessed\features\z_v\test_dia246_utt11.pt
test_dia246_utt4,meld_real,0,meld_Tour_Guide,neutral,neutral,-1,1,1,1,data\raw\MELD\MELD-RAW\MELD.Raw\test\output_repeated_splits_test\dia246_utt4.mp4,data\preprocessed\features\z_at\test_dia246_utt4.pt,data\preprocessed\features\z_v\test_dia246_utt4.pt
