clip_id,source_pipeline,fake_label,speaker_id,audio_emotion,visual_emotion,sarcasm_label,has_z_at,has_z_v,is_ready_for_training,video_path,z_at_path,z_v_path
train_dia481_utt3,meld_real,0,meld_Rachel,neutral,neutral,-1,1,1,1,data\raw\MELD\MELD-RAW\MELD.Raw\train\train_splits\dia481_utt3.mp4,data\preprocessed\features\z_at\train_dia481_utt3.pt,data\preprocessed\features\z_v\train_dia481_utt3.pt
train_dia482_utt0,meld_real,0,meld_Phoebe,neutral,neutral,-1,1,1,1,data\raw\MELD\MELD-RAW\MELD.Raw\train\train_splits\dia482_utt0.mp4,data\preprocessed\features\z_at\train_dia482_utt0.pt,data\preprocessed\features\z_v\train_dia482_utt0.pt
train_dia482_utt14,meld_real,0,meld_Phoebe,neutral,neutral,-1,1,1,1,data\raw\MELD\MELD-RAW\MELD.Raw\train\train_splits\dia482_utt14.mp4,data\preprocessed\features\z_at\train_dia482_utt14.pt,data\preprocessed\features\z_v\train_dia482_utt14.pt
train_dia482_utt6,meld_real,0,meld_The_Fireman,disgust,disgust,-1,1,1,1,data\raw\MELD\MELD-RAW\MELD.Raw\train\train_splits\dia482_utt6.mp4,data\preprocessed\features\z_at\train_dia482_utt6.pt,data\preprocessed\features\z_v\train_dia482_utt6.pt
train_dia483_utt6,meld_real,0,meld_Chandler,anger,anger,-1,1,1,1,data\raw\MELD\MELD-RAW\MELD.Raw\train\train_splits\dia483_utt6.mp4,data\preprocessed\features\z_at\train_dia483_utt6.pt,data\preprocessed\features\z_v\train_dia483_utt6.pt
train_dia484_utt1,meld_real,0,meld_Joey,neutral,neutral,-1,1,1,1,data\raw\MELD\MELD-RAW\MELD.Raw\train\train_splits\dia484_utt1.mp4,data\preprocessed\features\z_at\train_dia484_utt1.pt,data\preprocessed\features\z_v\train_dia484_utt1.pt
train_dia486_utt11,meld_real,0,meld_Joey,fear,fear,-1,1,1,1,data\raw\MELD\MELD-RAW\MELD.Raw\train\train_splits\dia486_utt11.mp4,data\preprocessed\features\z_at\train_dia486_utt11.pt,data\preprocessed\features\z_v\train_dia486_utt11.pt
train_dia486_utt3,meld_real,0,meld_Joey,neutral,neutral,-1,1,1,1,data\raw\MELD\MELD-RAW\MELD.Raw\train\train_splits\dia486_utt3.mp4,data\preprocessed\features\z_at\train_dia486_utt3.pt,data\preprocessed\features\z_v\train_dia486_utt3.pt
train_dia486_utt4,meld_real,0,meld_Chandler,neutral,neutral,-1,1,1,1,data\raw\MELD\MELD-RAW\MELD.Raw\train\train_splits\dia486_utt4.mp4,data\preprocessed\features\z_at\train_dia486_utt4.pt,data\preprocessed\features\z_v\train_dia486_utt4.pt
train_dia486_utt5,meld_real,0,meld_Joey,neutral,neutral,-1,1,1,1,data\raw\MELD\MELD-RAW\MELD.Raw\train\train_splits\dia486_utt5.mp4,data\preprocessed\features\z_at\train_dia486_utt5.pt,data\preprocessed\features\z_v\train_dia486_utt5.pt
train_dia486_utt6,meld_real,0,meld_Chandler,neutral,neutral,-1,1,1,1,data\raw\MELD\MELD-RAW\MELD.Raw\train\train_splits\dia486_utt6.mp4,data\preprocessed\features\z_at\train_dia486_utt6.pt,data\preprocessed\features\z_v\train_dia486_utt6.pt
train_dia490_utt0,meld_real,0,meld_Monica,neutral,neutral,-1,1,1,1,data\raw\MELD\MELD-RAW\MELD.Raw\train\train_splits\dia490_utt0.mp4,data\preprocessed\features\z_at\train_dia490_utt0.pt,data\preprocessed\features\z_v\train_dia490_utt0.pt
train_dia491_utt0,meld_real,0,meld_Phoebe,neutral,neutral,-1,1,1,1,data\raw\MELD\MELD-RAW\MELD.Raw\train\train_splits\dia491_utt0.mp4,data\preprocessed\features\z_at\train_dia491_utt0.pt,data\preprocessed\features\z_v\train_dia491_utt0.pt
train_dia491_utt2,meld_real,0,meld_Ross,sadness,sadness,-1,1,1,1,data\raw\MELD\MELD-RAW\MELD.Raw\train\train_splits\dia491_utt2.mp4,data\preprocessed\features\z_at\train_dia491_utt2.pt,data\preprocessed\features\z_v\train_dia491_utt2.pt
train_dia493_utt10,meld_real,0,meld_Rachel,neutral,neutral,-1,1,1,1,data\raw\MELD\MELD-RAW\MELD.Raw\train\train_splits\dia493_utt10.mp4,data\preprocessed\features\z_at\train_dia493_utt10.pt,data\preprocessed\features\z_v\train_dia493_utt10.pt
train_dia494_utt0,meld_real,0,meld_Phoebe,neutral,neutral,-1,1,1,1,data\raw\MELD\MELD-RAW\MELD.Raw\train\train_splits\dia494_utt0.mp4,data\preprocessed\features\z_at\train_dia494_utt0.pt,data\preprocessed\features\z_v\train_dia494_utt0.pt
train_dia495_utt1,meld_real,0,meld_Monica,neutral,neutral,-1,1,1,1,data\raw\MELD\MELD-RAW\MELD.Raw\train\train_splits\dia495_utt1.mp4,data\preprocessed\features\z_at\train_dia495_utt1.pt,data\preprocessed\features\z_v\train_dia495_utt1.pt
train_dia495_utt2,meld_real,0,meld_Phoebe,anger,anger,-1,1,1,1,data\raw\MELD\MELD-RAW\MELD.Raw\train\train_splits\dia495_utt2.mp4,data\preprocessed\features\z_at\train_dia495_utt2.pt,data\preprocessed\features\z_v\train_dia495_utt2.pt
train_dia496_utt0,meld_real,0,meld_Rachel,neutral,neutral,-1,1,1,1,data\raw\MELD\MELD-RAW\MELD.Raw\train\train_splits\dia496_utt0.mp4,data\preprocessed\features\z_at\train_dia496_utt0.pt,data\preprocessed\features\z_v\train_dia496_utt0.pt
train_dia496_utt10,meld_real,0,meld_Rachel,anger,anger,-1,1,1,1,data\raw\MELD\MELD-RAW\MELD.Raw\train\train_splits\dia496_utt10.mp4,data\preprocessed\features\z_at\train_dia496_utt10.pt,data\preprocessed\features\z_v\train_dia496_utt10.pt
train_dia496_utt13,meld_real,0,meld_Phoebe,joy,joy,-1,1,1,1,data\raw\MELD\MELD-RAW\MELD.Raw\train\train_splits\dia496_utt13.mp4,data\preprocessed\features\z_at\train_dia496_utt13.pt,data\preprocessed\features\z_v\train_dia496_utt13.pt
train_dia498_utt0,meld_real,0,meld_Monica,neutral,neutral,-1,1,1,1,data\raw\MELD\MELD-RAW\MELD.Raw\train\train_splits\dia498_utt0.mp4,data\preprocessed\features\z_at\train_dia498_utt0.pt,data\preprocessed\features\z_v\train_dia498_utt0.pt
train_dia498_utt1,meld_real,0,meld_Monica,neutral,neutral,-1,1,1,1,data\raw\MELD\MELD-RAW\MELD.Raw\train\train_splits\dia498_utt1.mp4,data\preprocessed\features\z_at\train_dia498_utt1.pt,data\preprocessed\features\z_v\train_dia498_utt1.pt
train_dia499_utt18,meld_real,0,meld_Rachel,neutral,neutral,-1,1,1,1,data\raw\MELD\MELD-RAW\MELD.Raw\train\train_splits\dia499_utt18.mp4,data\preprocessed\features\z_at\train_dia499_utt18.pt,data\preprocessed\features\z_v\train_dia499_utt18.pt
train_dia499_utt19,meld_real,0,meld_Phoebe,neutral,neutral,-1,1,1,1,data\raw\MELD\MELD-RAW\MELD.Raw\train\train_splits\dia499_utt19.mp4,data\preprocessed\features\z_at\train_dia499_utt19.pt,data\preprocessed\features\z_v\train_dia499_utt19.pt
train_dia499_utt3,meld_real,0,meld_Rachel,joy,joy,-1,1,1,1,data\raw\MELD\MELD-RAW\MELD.Raw\train\train_splits\dia499_utt3.mp4,data\preprocessed\features\z_at\train_dia499_utt3.pt,data\preprocessed\features\z_v\train_dia499_utt3.pt
train_dia49_utt10,meld_real,0,meld_Chandler,neutral,neutral,-1,1,1,1,data\raw\MELD\MELD-RAW\MELD.Raw\train\train_splits\dia49_utt10.mp4,data\preprocessed\features\z_at\train_dia49_utt10.pt,data\preprocessed\features\z_v\train_dia49_utt10.pt
train_dia49_utt11,meld_real,0,meld_Joey,neutral,neutral,-1,1,1,1,data\raw\MELD\MELD-RAW\MELD.Raw\train\train_splits\dia49_utt11.mp4,data\preprocessed\features\z_at\train_dia49_utt11.pt,data\preprocessed\features\z_v\train_dia49_utt11.pt
train_dia49_utt17,meld_real,0,meld_Chandler,neutral,neutral,-1,1,1,1,data\raw\MELD\MELD-RAW\MELD.Raw\train\train_splits\dia49_utt17.mp4,data\preprocessed\features\z_at\train_dia49_utt17.pt,data\preprocessed\features\z_v\train_dia49_utt17.pt
train_dia49_utt2,meld_real,0,meld_Ross,anger,anger,-1,1,1,1,data\raw\MELD\MELD-RAW\MELD.Raw\train\train_splits\dia49_utt2.mp4,data\preprocessed\features\z_at\train_dia49_utt2.pt,data\preprocessed\features\z_v\train_dia49_utt2.pt
train_dia49_utt3,meld_real,0,meld_Monica,joy,joy,-1,1,1,1,data\raw\MELD\MELD-RAW\MELD.Raw\train\train_splits\dia49_utt3.mp4,data\preprocessed\features\z_at\train_dia49_utt3.pt,data\preprocessed\features\z_v\train_dia49_utt3.pt
train_dia4_utt8,meld_real,0,meld_Rachel,joy,joy,-1,1,1,1,data\raw\MELD\MELD-RAW\MELD.Raw\train\train_splits\dia4_utt8.mp4,data\preprocessed\features\z_at\train_dia4_utt8.pt,data\preprocessed\features\z_v\train_dia4_utt8.pt
train_dia501_utt4,meld_real,0,meld_Tag,joy,joy,-1,1,1,1,data\raw\MELD\MELD-RAW\MELD.Raw\train\train_splits\dia501_utt4.mp4,data\preprocessed\features\z_at\train_dia501_utt4.pt,data\preprocessed\features\z_v\train_dia501_utt4.pt
train_dia501_utt5,meld_real,0,meld_Rachel,disgust,disgust,-1,1,1,1,data\raw\MELD\MELD-RAW\MELD.Raw\train\train_splits\dia501_utt5.mp4,data\preprocessed\features\z_at\train_dia501_utt5.pt,data\preprocessed\features\z_v\train_dia501_utt5.pt
train_dia501_utt9,meld_real,0,meld_Rachel,neutral,neutral,-1,1,1,1,data\raw\MELD\MELD-RAW\MELD.Raw\train\train_splits\dia501_utt9.mp4,data\preprocessed\features\z_at\train_dia501_utt9.pt,data\preprocessed\features\z_v\train_dia501_utt9.pt
train_dia503_utt11,meld_real,0,meld_Monica,anger,anger,-1,1,1,1,data\raw\MELD\MELD-RAW\MELD.Raw\train\train_splits\dia503_utt11.mp4,data\preprocessed\features\z_at\train_dia503_utt11.pt,data\preprocessed\features\z_v\train_dia503_utt11.pt
train_dia504_utt0,meld_real,0,meld_Joey,joy,joy,-1,1,1,1,data\raw\MELD\MELD-RAW\MELD.Raw\train\train_splits\dia504_utt0.mp4,data\preprocessed\features\z_at\train_dia504_utt0.pt,data\preprocessed\features\z_v\train_dia504_utt0.pt
train_dia504_utt1,meld_real,0,meld_Monica,joy,joy,-1,1,1,1,data\raw\MELD\MELD-RAW\MELD.Raw\train\train_splits\dia504_utt1.mp4,data\preprocessed\features\z_at\train_dia504_utt1.pt,data\preprocessed\features\z_v\train_dia504_utt1.pt
train_dia504_utt2,meld_real,0,meld_Chandler,neutral,neutral,-1,1,1,1,data\raw\MELD\MELD-RAW\MELD.Raw\train\train_splits\dia504_utt2.mp4,data\preprocessed\features\z_at\train_dia504_utt2.pt,data\preprocessed\features\z_v\train_dia504_utt2.pt
train_dia504_utt4,meld_real,0,meld_Joey,neutral,neutral,-1,1,1,1,data\raw\MELD\MELD-RAW\MELD.Raw\train\train_splits\dia504_utt4.mp4,data\preprocessed\features\z_at\train_dia504_utt4.pt,data\preprocessed\features\z_v\train_dia504_utt4.pt
train_dia505_utt10,meld_real,0,meld_Ross,neutral,neutral,-1,1,1,1,data\raw\MELD\MELD-RAW\MELD.Raw\train\train_splits\dia505_utt10.mp4,data\preprocessed\features\z_at\train_dia505_utt10.pt,data\preprocessed\features\z_v\train_dia505_utt10.pt
train_dia505_utt14,meld_real,0,meld_Ross,anger,anger,-1,1,1,1,data\raw\MELD\MELD-RAW\MELD.Raw\train\train_splits\dia505_utt14.mp4,data\preprocessed\features\z_at\train_dia505_utt14.pt,data\preprocessed\features\z_v\train_dia505_utt14.pt
train_dia505_utt4,meld_real,0,meld_Ross,neutral,neutral,-1,1,1,1,data\raw\MELD\MELD-RAW\MELD.Raw\train\train_splits\dia505_utt4.mp4,data\preprocessed\features\z_at\train_dia505_utt4.pt,data\preprocessed\features\z_v\train_dia505_utt4.pt
train_dia505_utt5,meld_real,0,meld_Ross,neutral,neutral,-1,1,1,1,data\raw\MELD\MELD-RAW\MELD.Raw\train\train_splits\dia505_utt5.mp4,data\preprocessed\features\z_at\train_dia505_utt5.pt,data\preprocessed\features\z_v\train_dia505_utt5.pt
train_dia505_utt7,meld_real,0,meld_Phoebe,neutral,neutral,-1,1,1,1,data\raw\MELD\MELD-RAW\MELD.Raw\train\train_splits\dia505_utt7.mp4,data\preprocessed\features\z_at\train_dia505_utt7.pt,data\preprocessed\features\z_v\train_dia505_utt7.pt
train_dia506_utt0,meld_real,0,meld_Ross,sadness,sadness,-1,1,1,1,data\raw\MELD\MELD-RAW\MELD.Raw\train\train_splits\dia506_utt0.mp4,data\preprocessed\features\z_at\train_dia506_utt0.pt,data\preprocessed\features\z_v\train_dia506_utt0.pt
train_dia506_utt1,meld_real,0,meld_Ross,fear,fear,-1,1,1,1,data\raw\MELD\MELD-RAW\MELD.Raw\train\train_splits\dia506_utt1.mp4,data\preprocessed\features\z_at\train_dia506_utt1.pt,data\preprocessed\features\z_v\train_dia506_utt1.pt
train_dia506_utt2,meld_real,0,meld_Ross,sadness,sadness,-1,1,1,1,data\raw\MELD\MELD-RAW\MELD.Raw\train\train_splits\dia506_utt2.mp4,data\preprocessed\features\z_at\train_dia506_utt2.pt,data\preprocessed\features\z_v\train_dia506_utt2.pt
train_dia506_utt5,meld_real,0,meld_Rachel,sadness,sadness,-1,1,1,1,data\raw\MELD\MELD-RAW\MELD.Raw\train\train_splits\dia506_utt5.mp4,data\preprocessed\features\z_at\train_dia506_utt5.pt,data\preprocessed\features\z_v\train_dia506_utt5.pt
train_dia506_utt6,meld_real,0,meld_Rachel,sadness,sadness,-1,1,1,1,data\raw\MELD\MELD-RAW\MELD.Raw\train\train_splits\dia506_utt6.mp4,data\preprocessed\features\z_at\train_dia506_utt6.pt,data\preprocessed\features\z_v\train_dia506_utt6.pt
train_dia507_utt0,meld_real,0,meld_Monica,neutral,neutral,-1,1,1,1,data\raw\MELD\MELD-RAW\MELD.Raw\train\train_splits\dia507_utt0.mp4,data\preprocessed\features\z_at\train_dia507_utt0.pt,data\preprocessed\features\z_v\train_dia507_utt0.pt
train_dia507_utt10,meld_real,0,meld_Rachel,joy,joy,-1,1,1,1,data\raw\MELD\MELD-RAW\MELD.Raw\train\train_splits\dia507_utt10.mp4,data\preprocessed\features\z_at\train_dia507_utt10.pt,data\preprocessed\features\z_v\train_dia507_utt10.pt
train_dia507_utt7,meld_real,0,meld_Rachel,neutral,neutral,-1,1,1,1,data\raw\MELD\MELD-RAW\MELD.Raw\train\train_splits\dia507_utt7.mp4,data\preprocessed\features\z_at\train_dia507_utt7.pt,data\preprocessed\features\z_v\train_dia507_utt7.pt
train_dia508_utt11,meld_real,0,meld_The_Casting_Director,neutral,neutral,-1,1,1,1,data\raw\MELD\MELD-RAW\MELD.Raw\train\train_splits\dia508_utt11.mp4,data\preprocessed\features\z_at\train_dia508_utt11.pt,data\preprocessed\features\z_v\train_dia508_utt11.pt
train_dia508_utt14,meld_real,0,meld_Joey,neutral,neutral,-1,1,1,1,data\raw\MELD\MELD-RAW\MELD.Raw\train\train_splits\dia508_utt14.mp4,data\preprocessed\features\z_at\train_dia508_utt14.pt,data\preprocessed\features\z_v\train_dia508_utt14.pt
train_dia508_utt16,meld_real,0,meld_Joey,neutral,neutral,-1,1,1,1,data\raw\MELD\MELD-RAW\MELD.Raw\train\train_splits\dia508_utt16.mp4,data\preprocessed\features\z_at\train_dia508_utt16.pt,data\preprocessed\features\z_v\train_dia508_utt16.pt
train_dia508_utt4,meld_real,0,meld_The_Casting_Director,neutral,neutral,-1,1,1,1,data\raw\MELD\MELD-RAW\MELD.Raw\train\train_splits\dia508_utt4.mp4,data\preprocessed\features\z_at\train_dia508_utt4.pt,data\preprocessed\features\z_v\train_dia508_utt4.pt
train_dia508_utt7,meld_real,0,meld_Joey,neutral,neutral,-1,1,1,1,data\raw\MELD\MELD-RAW\MELD.Raw\train\train_splits\dia508_utt7.mp4,data\preprocessed\features\z_at\train_dia508_utt7.pt,data\preprocessed\features\z_v\train_dia508_utt7.pt
train_dia509_utt10,meld_real,0,meld_Rachel,anger,anger,-1,1,1,1,data\raw\MELD\MELD-RAW\MELD.Raw\train\train_splits\dia509_utt10.mp4,data\preprocessed\features\z_at\train_dia509_utt10.pt,data\preprocessed\features\z_v\train_dia509_utt10.pt
train_dia509_utt11,meld_real,0,meld_Rachel,anger,anger,-1,1,1,1,data\raw\MELD\MELD-RAW\MELD.Raw\train\train_splits\dia509_utt11.mp4,data\preprocessed\features\z_at\train_dia509_utt11.pt,data\preprocessed\features\z_v\train_dia509_utt11.pt
train_dia509_utt7,meld_real,0,meld_Ross,neutral,neutral,-1,1,1,1,data\raw\MELD\MELD-RAW\MELD.Raw\train\train_splits\dia509_utt7.mp4,data\preprocessed\features\z_at\train_dia509_utt7.pt,data\preprocessed\features\z_v\train_dia509_utt7.pt
train_dia50_utt0,meld_real,0,meld_Joey,joy,joy,-1,1,1,1,data\raw\MELD\MELD-RAW\MELD.Raw\train\train_splits\dia50_utt0.mp4,data\preprocessed\features\z_at\train_dia50_utt0.pt,data\preprocessed\features\z_v\train_dia50_utt0.pt
train_dia50_utt1,meld_real,0,meld_Wayne,anger,anger,-1,1,1,1,data\raw\MELD\MELD-RAW\MELD.Raw\train\train_splits\dia50_utt1.mp4,data\preprocessed\features\z_at\train_dia50_utt1.pt,data\preprocessed\features\z_v\train_dia50_utt1.pt
train_dia50_utt4,meld_real,0,meld_Joey,neutral,neutral,-1,1,1,1,data\raw\MELD\MELD-RAW\MELD.Raw\train\train_splits\dia50_utt4.mp4,data\preprocessed\features\z_at\train_dia50_utt4.pt,data\preprocessed\features\z_v\train_dia50_utt4.pt
train_dia50_utt5,meld_real,0,meld_Joey,fear,fear,-1,1,1,1,data\raw\MELD\MELD-RAW\MELD.Raw\train\train_splits\dia50_utt5.mp4,data\preprocessed\features\z_at\train_dia50_utt5.pt,data\preprocessed\features\z_v\train_dia50_utt5.pt
train_dia50_utt6,meld_real,0,meld_Joey,fear,fear,-1,1,1,1,data\raw\MELD\MELD-RAW\MELD.Raw\train\train_splits\dia50_utt6.mp4,data\preprocessed\features\z_at\train_dia50_utt6.pt,data\preprocessed\features\z_v\train_dia50_utt6.pt
train_dia511_utt2,meld_real,0,meld_Rachel,fear,fear,-1,1,1,1,data\raw\MELD\MELD-RAW\MELD.Raw\train\train_splits\dia511_utt2.mp4,data\preprocessed\features\z_at\train_dia511_utt2.pt,data\preprocessed\features\z_v\train_dia511_utt2.pt
train_dia511_utt6,meld_real,0,meld_Rachel,sadness,sadness,-1,1,1,1,data\raw\MELD\MELD-RAW\MELD.Raw\train\train_splits\dia511_utt6.mp4,data\preprocessed\features\z_at\train_dia511_utt6.pt,data\preprocessed\features\z_v\train_dia511_utt6.pt
train_dia512_utt8,meld_real,0,meld_Rachel,anger,anger,-1,1,1,1,data\raw\MELD\MELD-RAW\MELD.Raw\train\train_splits\dia512_utt8.mp4,data\preprocessed\features\z_at\train_dia512_utt8.pt,data\preprocessed\features\z_v\train_dia512_utt8.pt
train_dia513_utt1,meld_real,0,meld_Rachel,neutral,neutral,-1,1,1,1,data\raw\MELD\MELD-RAW\MELD.Raw\train\train_splits\dia513_utt1.mp4,data\preprocessed\features\z_at\train_dia513_utt1.pt,data\preprocessed\features\z_v\train_dia513_utt1.pt
train_dia514_utt0,meld_real,0,meld_Joey,joy,joy,-1,1,1,1,data\raw\MELD\MELD-RAW\MELD.Raw\train\train_splits\dia514_utt0.mp4,data\preprocessed\features\z_at\train_dia514_utt0.pt,data\preprocessed\features\z_v\train_dia514_utt0.pt
train_dia514_utt2,meld_real,0,meld_Joey,neutral,neutral,-1,1,1,1,data\raw\MELD\MELD-RAW\MELD.Raw\train\train_splits\dia514_utt2.mp4,data\preprocessed\features\z_at\train_dia514_utt2.pt,data\preprocessed\features\z_v\train_dia514_utt2.pt
train_dia515_utt2,meld_real,0,meld_Phoebe,neutral,neutral,-1,1,1,1,data\raw\MELD\MELD-RAW\MELD.Raw\train\train_splits\dia515_utt2.mp4,data\preprocessed\features\z_at\train_dia515_utt2.pt,data\preprocessed\features\z_v\train_dia515_utt2.pt
train_dia515_utt3,meld_real,0,meld_Monica,disgust,disgust,-1,1,1,1,data\raw\MELD\MELD-RAW\MELD.Raw\train\train_splits\dia515_utt3.mp4,data\preprocessed\features\z_at\train_dia515_utt3.pt,data\preprocessed\features\z_v\train_dia515_utt3.pt
train_dia515_utt4,meld_real,0,meld_Phoebe,neutral,neutral,-1,1,1,1,data\raw\MELD\MELD-RAW\MELD.Raw\train\train_splits\dia515_utt4.mp4,data\preprocessed\features\z_at\train_dia515_utt4.pt,data\preprocessed\features\z_v\train_dia515_utt4.pt
train_dia515_utt5,meld_real,0,meld_Monica,neutral,neutral,-1,1,1,1,data\raw\MELD\MELD-RAW\MELD.Raw\train\train_splits\dia515_utt5.mp4,data\preprocessed\features\z_at\train_dia515_utt5.pt,data\preprocessed\features\z_v\train_dia515_utt5.pt
train_dia515_utt6,meld_real,0,meld_Joey,neutral,neutral,-1,1,1,1,data\raw\MELD\MELD-RAW\MELD.Raw\train\train_splits\dia515_utt6.mp4,data\preprocessed\features\z_at\train_dia515_utt6.pt,data\preprocessed\features\z_v\train_dia515_utt6.pt
train_dia516_utt0,meld_real,0,meld_Chandler,anger,anger,-1,1,1,1,data\raw\MELD\MELD-RAW\MELD.Raw\train\train_splits\dia516_utt0.mp4,data\preprocessed\features\z_at\train_dia516_utt0.pt,data\preprocessed\features\z_v\train_dia516_utt0.pt
train_dia516_utt3,meld_real,0,meld_Monica,joy,joy,-1,1,1,1,data\raw\MELD\MELD-RAW\MELD.Raw\train\train_splits\dia516_utt3.mp4,data\preprocessed\features\z_at\train_dia516_utt3.pt,data\preprocessed\features\z_v\train_dia516_utt3.pt
train_dia516_utt4,meld_real,0,meld_Chandler,joy,joy,-1,1,1,1,data\raw\MELD\MELD-RAW\MELD.Raw\train\train_splits\dia516_utt4.mp4,data\preprocessed\features\z_at\train_dia516_utt4.pt,data\preprocessed\features\z_v\train_dia516_utt4.pt
train_dia516_utt5,meld_real,0,meld_Monica,sadness,sadness,-1,1,1,1,data\raw\MELD\MELD-RAW\MELD.Raw\train\train_splits\dia516_utt5.mp4,data\preprocessed\features\z_at\train_dia516_utt5.pt,data\preprocessed\features\z_v\train_dia516_utt5.pt
train_dia517_utt4,meld_real,0,meld_Phoebe,joy,joy,-1,1,1,1,data\raw\MELD\MELD-RAW\MELD.Raw\train\train_splits\dia517_utt4.mp4,data\preprocessed\features\z_at\train_dia517_utt4.pt,data\preprocessed\features\z_v\train_dia517_utt4.pt
train_dia518_utt0,meld_real,0,meld_Kate,anger,anger,-1,1,1,1,data\raw\MELD\MELD-RAW\MELD.Raw\train\train_splits\dia518_utt0.mp4,data\preprocessed\features\z_at\train_dia518_utt0.pt,data\preprocessed\features\z_v\train_dia518_utt0.pt
train_dia519_utt0,meld_real,0,meld_Monica,neutral,neutral,-1,1,1,1,data\raw\MELD\MELD-RAW\MELD.Raw\train\train_splits\dia519_utt0.mp4,data\preprocessed\features\z_at\train_dia519_utt0.pt,data\preprocessed\features\z_v\train_dia519_utt0.pt
train_dia51_utt1,meld_real,0,meld_Rachel,sadness,sadness,-1,1,1,1,data\raw\MELD\MELD-RAW\MELD.Raw\train\train_splits\dia51_utt1.mp4,data\preprocessed\features\z_at\train_dia51_utt1.pt,data\preprocessed\features\z_v\train_dia51_utt1.pt
train_dia51_utt10,meld_real,0,meld_Rachel,anger,anger,-1,1,1,1,data\raw\MELD\MELD-RAW\MELD.Raw\train\train_splits\dia51_utt10.mp4,data\preprocessed\features\z_at\train_dia51_utt10.pt,data\preprocessed\features\z_v\train_dia51_utt10.pt
train_dia51_utt2,meld_real,0,meld_Ross,neutral,neutral,-1,1,1,1,data\raw\MELD\MELD-RAW\MELD.Raw\train\train_splits\dia51_utt2.mp4,data\preprocessed\features\z_at\train_dia51_utt2.pt,data\preprocessed\features\z_v\train_dia51_utt2.pt
train_dia51_utt6,meld_real,0,meld_Ross,anger,anger,-1,1,1,1,data\raw\MELD\MELD-RAW\MELD.Raw\train\train_splits\dia51_utt6.mp4,data\preprocessed\features\z_at\train_dia51_utt6.pt,data\preprocessed\features\z_v\train_dia51_utt6.pt
train_dia51_utt7,meld_real,0,meld_Rachel,anger,anger,-1,1,1,1,data\raw\MELD\MELD-RAW\MELD.Raw\train\train_splits\dia51_utt7.mp4,data\preprocessed\features\z_at\train_dia51_utt7.pt,data\preprocessed\features\z_v\train_dia51_utt7.pt
train_dia51_utt8,meld_real,0,meld_Ross,anger,anger,-1,1,1,1,data\raw\MELD\MELD-RAW\MELD.Raw\train\train_splits\dia51_utt8.mp4,data\preprocessed\features\z_at\train_dia51_utt8.pt,data\preprocessed\features\z_v\train_dia51_utt8.pt
train_dia520_utt6,meld_real,0,meld_Phoebe,neutral,neutral,-1,1,1,1,data\raw\MELD\MELD-RAW\MELD.Raw\train\train_splits\dia520_utt6.mp4,data\preprocessed\features\z_at\train_dia520_utt6.pt,data\preprocessed\features\z_v\train_dia520_utt6.pt
train_dia521_utt0,meld_real,0,meld_Joey,neutral,neutral,-1,1,1,1,data\raw\MELD\MELD-RAW\MELD.Raw\train\train_splits\dia521_utt0.mp4,data\preprocessed\features\z_at\train_dia521_utt0.pt,data\preprocessed\features\z_v\train_dia521_utt0.pt
train_dia521_utt4,meld_real,0,meld_Joey,sadness,sadness,-1,1,1,1,data\raw\MELD\MELD-RAW\MELD.Raw\train\train_splits\dia521_utt4.mp4,data\preprocessed\features\z_at\train_dia521_utt4.pt,data\preprocessed\features\z_v\train_dia521_utt4.pt
train_dia522_utt1,meld_real,0,meld_Rachel,neutral,neutral,-1,1,1,1,data\raw\MELD\MELD-RAW\MELD.Raw\train\train_splits\dia522_utt1.mp4,data\preprocessed\features\z_at\train_dia522_utt1.pt,data\preprocessed\features\z_v\train_dia522_utt1.pt
train_dia522_utt2,meld_real,0,meld_Phoebe,joy,joy,-1,1,1,1,data\raw\MELD\MELD-RAW\MELD.Raw\train\train_splits\dia522_utt2.mp4,data\preprocessed\features\z_at\train_dia522_utt2.pt,data\preprocessed\features\z_v\train_dia522_utt2.pt
train_dia523_utt1,meld_real,0,meld_Rachel,joy,joy,-1,1,1,1,data\raw\MELD\MELD-RAW\MELD.Raw\train\train_splits\dia523_utt1.mp4,data\preprocessed\features\z_at\train_dia523_utt1.pt,data\preprocessed\features\z_v\train_dia523_utt1.pt
train_dia523_utt14,meld_real,0,meld_Phoebe,sadness,sadness,-1,1,1,1,data\raw\MELD\MELD-RAW\MELD.Raw\train\train_splits\dia523_utt14.mp4,data\preprocessed\features\z_at\train_dia523_utt14.pt,data\preprocessed\features\z_v\train_dia523_utt14.pt
train_dia523_utt16,meld_real,0,meld_Joey,neutral,neutral,-1,1,1,1,data\raw\MELD\MELD-RAW\MELD.Raw\train\train_splits\dia523_utt16.mp4,data\preprocessed\features\z_at\train_dia523_utt16.pt,data\preprocessed\features\z_v\train_dia523_utt16.pt
train_dia523_utt20,meld_real,0,meld_Ross,neutral,neutral,-1,1,1,1,data\raw\MELD\MELD-RAW\MELD.Raw\train\train_splits\dia523_utt20.mp4,data\preprocessed\features\z_at\train_dia523_utt20.pt,data\preprocessed\features\z_v\train_dia523_utt20.pt
train_dia523_utt4,meld_real,0,meld_Monica,neutral,neutral,-1,1,1,1,data\raw\MELD\MELD-RAW\MELD.Raw\train\train_splits\dia523_utt4.mp4,data\preprocessed\features\z_at\train_dia523_utt4.pt,data\preprocessed\features\z_v\train_dia523_utt4.pt
train_dia524_utt11,meld_real,0,meld_Phoebe,anger,anger,-1,1,1,1,data\raw\MELD\MELD-RAW\MELD.Raw\train\train_splits\dia524_utt11.mp4,data\preprocessed\features\z_at\train_dia524_utt11.pt,data\preprocessed\features\z_v\train_dia524_utt11.pt
train_dia524_utt13,meld_real,0,meld_Phoebe,sadness,sadness,-1,1,1,1,data\raw\MELD\MELD-RAW\MELD.Raw\train\train_splits\dia524_utt13.mp4,data\preprocessed\features\z_at\train_dia524_utt13.pt,data\preprocessed\features\z_v\train_dia524_utt13.pt
train_dia524_utt15,meld_real,0,meld_Phoebe,fear,fear,-1,1,1,1,data\raw\MELD\MELD-RAW\MELD.Raw\train\train_splits\dia524_utt15.mp4,data\preprocessed\features\z_at\train_dia524_utt15.pt,data\preprocessed\features\z_v\train_dia524_utt15.pt
train_dia524_utt4,meld_real,0,meld_Joey,neutral,neutral,-1,1,1,1,data\raw\MELD\MELD-RAW\MELD.Raw\train\train_splits\dia524_utt4.mp4,data\preprocessed\features\z_at\train_dia524_utt4.pt,data\preprocessed\features\z_v\train_dia524_utt4.pt
train_dia524_utt9,meld_real,0,meld_Phoebe,neutral,neutral,-1,1,1,1,data\raw\MELD\MELD-RAW\MELD.Raw\train\train_splits\dia524_utt9.mp4,data\preprocessed\features\z_at\train_dia524_utt9.pt,data\preprocessed\features\z_v\train_dia524_utt9.pt
train_dia525_utt3,meld_real,0,meld_Rachel,sadness,sadness,-1,1,1,1,data\raw\MELD\MELD-RAW\MELD.Raw\train\train_splits\dia525_utt3.mp4,data\preprocessed\features\z_at\train_dia525_utt3.pt,data\preprocessed\features\z_v\train_dia525_utt3.pt
train_dia525_utt8,meld_real,0,meld_Monica,neutral,neutral,-1,1,1,1,data\raw\MELD\MELD-RAW\MELD.Raw\train\train_splits\dia525_utt8.mp4,data\preprocessed\features\z_at\train_dia525_utt8.pt,data\preprocessed\features\z_v\train_dia525_utt8.pt
train_dia526_utt0,meld_real,0,meld_Ross,joy,joy,-1,1,1,1,data\raw\MELD\MELD-RAW\MELD.Raw\train\train_splits\dia526_utt0.mp4,data\preprocessed\features\z_at\train_dia526_utt0.pt,data\preprocessed\features\z_v\train_dia526_utt0.pt
train_dia526_utt15,meld_real,0,meld_Ross,neutral,neutral,-1,1,1,1,data\raw\MELD\MELD-RAW\MELD.Raw\train\train_splits\dia526_utt15.mp4,data\preprocessed\features\z_at\train_dia526_utt15.pt,data\preprocessed\features\z_v\train_dia526_utt15.pt
train_dia526_utt4,meld_real,0,meld_Ross,joy,joy,-1,1,1,1,data\raw\MELD\MELD-RAW\MELD.Raw\train\train_splits\dia526_utt4.mp4,data\preprocessed\features\z_at\train_dia526_utt4.pt,data\preprocessed\features\z_v\train_dia526_utt4.pt
train_dia526_utt8,meld_real,0,meld_Isabella,neutral,neutral,-1,1,1,1,data\raw\MELD\MELD-RAW\MELD.Raw\train\train_splits\dia526_utt8.mp4,data\preprocessed\features\z_at\train_dia526_utt8.pt,data\preprocessed\features\z_v\train_dia526_utt8.pt
train_dia527_utt0,meld_real,0,meld_Phoebe,anger,anger,-1,1,1,1,data\raw\MELD\MELD-RAW\MELD.Raw\train\train_splits\dia527_utt0.mp4,data\preprocessed\features\z_at\train_dia527_utt0.pt,data\preprocessed\features\z_v\train_dia527_utt0.pt
train_dia528_utt0,meld_real,0,meld_Rachel,neutral,neutral,-1,1,1,1,data\raw\MELD\MELD-RAW\MELD.Raw\train\train_splits\dia528_utt0.mp4,data\preprocessed\features\z_at\train_dia528_utt0.pt,data\preprocessed\features\z_v\train_dia528_utt0.pt
train_dia528_utt1,meld_real,0,meld_Rachel,neutral,neutral,-1,1,1,1,data\raw\MELD\MELD-RAW\MELD.Raw\train\train_splits\dia528_utt1.mp4,data\preprocessed\features\z_at\train_dia528_utt1.pt,data\preprocessed\features\z_v\train_dia528_utt1.pt
train_dia528_utt2,meld_real,0,meld_Monica,neutral,neutral,-1,1,1,1,data\raw\MELD\MELD-RAW\MELD.Raw\train\train_splits\dia528_utt2.mp4,data\preprocessed\features\z_at\train_dia528_utt2.pt,data\preprocessed\features\z_v\train_dia528_utt2.pt
train_dia528_utt3,meld_real,0,meld_Rachel,neutral,neutral,-1,1,1,1,data\raw\MELD\MELD-RAW\MELD.Raw\train\train_splits\dia528_utt3.mp4,data\preprocessed\features\z_at\train_dia528_utt3.pt,data\preprocessed\features\z_v\train_dia528_utt3.pt
train_dia528_utt4,meld_real,0,meld_Monica,neutral,neutral,-1,1,1,1,data\raw\MELD\MELD-RAW\MELD.Raw\train\train_splits\dia528_utt4.mp4,data\preprocessed\features\z_at\train_dia528_utt4.pt,data\preprocessed\features\z_v\train_dia528_utt4.pt
train_dia529_utt4,meld_real,0,meld_Ross,neutral,neutral,-1,1,1,1,data\raw\MELD\MELD-RAW\MELD.Raw\train\train_splits\dia529_utt4.mp4,data\preprocessed\features\z_at\train_dia529_utt4.pt,data\preprocessed\features\z_v\train_dia529_utt4.pt
train_dia52_utt10,meld_real,0,meld_Monica,neutral,neutral,-1,1,1,1,data\raw\MELD\MELD-RAW\MELD.Raw\train\train_splits\dia52_utt10.mp4,data\preprocessed\features\z_at\train_dia52_utt10.pt,data\preprocessed\features\z_v\train_dia52_utt10.pt
train_dia52_utt4,meld_real,0,meld_Monica,neutral,neutral,-1,1,1,1,data\raw\MELD\MELD-RAW\MELD.Raw\train\train_splits\dia52_utt4.mp4,data\preprocessed\features\z_at\train_dia52_utt4.pt,data\preprocessed\features\z_v\train_dia52_utt4.pt
train_dia530_utt13,meld_real,0,meld_Phoebe_Sr,neutral,neutral,-1,1,1,1,data\raw\MELD\MELD-RAW\MELD.Raw\train\train_splits\dia530_utt13.mp4,data\preprocessed\features\z_at\train_dia530_utt13.pt,data\preprocessed\features\z_v\train_dia530_utt13.pt
train_dia530_utt14,meld_real,0,meld_Phoebe,neutral,neutral,-1,1,1,1,data\raw\MELD\MELD-RAW\MELD.Raw\train\train_splits\dia530_utt14.mp4,data\preprocessed\features\z_at\train_dia530_utt14.pt,data\preprocessed\features\z_v\train_dia530_utt14.pt
train_dia530_utt15,meld_real,0,meld_Phoebe_Sr,neutral,neutral,-1,1,1,1,data\raw\MELD\MELD-RAW\MELD.Raw\train\train_splits\dia530_utt15.mp4,data\preprocessed\features\z_at\train_dia530_utt15.pt,data\preprocessed\features\z_v\train_dia530_utt15.pt
train_dia530_utt20,meld_real,0,meld_Phoebe_Sr,neutral,neutral,-1,1,1,1,data\raw\MELD\MELD-RAW\MELD.Raw\train\train_splits\dia530_utt20.mp4,data\preprocessed\features\z_at\train_dia530_utt20.pt,data\preprocessed\features\z_v\train_dia530_utt20.pt
train_dia530_utt4,meld_real,0,meld_Phoebe,neutral,neutral,-1,1,1,1,data\raw\MELD\MELD-RAW\MELD.Raw\train\train_splits\dia530_utt4.mp4,data\preprocessed\features\z_at\train_dia530_utt4.pt,data\preprocessed\features\z_v\train_dia530_utt4.pt
train_dia530_utt7,meld_real,0,meld_Phoebe,anger,anger,-1,1,1,1,data\raw\MELD\MELD-RAW\MELD.Raw\train\train_splits\dia530_utt7.mp4,data\preprocessed\features\z_at\train_dia530_utt7.pt,data\preprocessed\features\z_v\train_dia530_utt7.pt
train_dia531_utt10,meld_real,0,meld_Ross,anger,anger,-1,1,1,1,data\raw\MELD\MELD-RAW\MELD.Raw\train\train_splits\dia531_utt10.mp4,data\preprocessed\features\z_at\train_dia531_utt10.pt,data\preprocessed\features\z_v\train_dia531_utt10.pt
train_dia531_utt14,meld_real,0,meld_Rachel,anger,anger,-1,1,1,1,data\raw\MELD\MELD-RAW\MELD.Raw\train\train_splits\dia531_utt14.mp4,data\preprocessed\features\z_at\train_dia531_utt14.pt,data\preprocessed\features\z_v\train_dia531_utt14.pt
train_dia531_utt7,meld_real,0,meld_Ross,neutral,neutral,-1,1,1,1,data\raw\MELD\MELD-RAW\MELD.Raw\train\train_splits\dia531_utt7.mp4,data\preprocessed\features\z_at\train_dia531_utt7.pt,data\preprocessed\features\z_v\train_dia531_utt7.pt
train_dia531_utt8,meld_real,0,meld_Ross,neutral,neutral,-1,1,1,1,data\raw\MELD\MELD-RAW\MELD.Raw\train\train_splits\dia531_utt8.mp4,data\preprocessed\features\z_at\train_dia531_utt8.pt,data\preprocessed\features\z_v\train_dia531_utt8.pt
train_dia532_utt12,meld_real,0,meld_Chandler,neutral,neutral,-1,1,1,1,data\raw\MELD\MELD-RAW\MELD.Raw\train\train_splits\dia532_utt12.mp4,data\preprocessed\features\z_at\train_dia532_utt12.pt,data\preprocessed\features\z_v\train_dia532_utt12.pt
train_dia532_utt15,meld_real,0,meld_Joey,neutral,neutral,-1,1,1,1,data\raw\MELD\MELD-RAW\MELD.Raw\train\train_splits\dia532_utt15.mp4,data\preprocessed\features\z_at\train_dia532_utt15.pt,data\preprocessed\features\z_v\train_dia532_utt15.pt
train_dia532_utt9,meld_real,0,meld_Joey,sadness,sadness,-1,1,1,1,data\raw\MELD\MELD-RAW\MELD.Raw\train\train_splits\dia532_utt9.mp4,data\preprocessed\features\z_at\train_dia532_utt9.pt,data\preprocessed\features\z_v\train_dia532_utt9.pt
train_dia533_utt1,meld_real,0,meld_Rachel,neutral,neutral,-1,1,1,1,data\raw\MELD\MELD-RAW\MELD.Raw\train\train_splits\dia533_utt1.mp4,data\preprocessed\features\z_at\train_dia533_utt1.pt,data\preprocessed\features\z_v\train_dia533_utt1.pt
train_dia533_utt9,meld_real,0,meld_Rachel,neutral,neutral,-1,1,1,1,data\raw\MELD\MELD-RAW\MELD.Raw\train\train_splits\dia533_utt9.mp4,data\preprocessed\features\z_at\train_dia533_utt9.pt,data\preprocessed\features\z_v\train_dia533_utt9.pt
train_dia535_utt3,meld_real,0,meld_Pete,neutral,neutral,-1,1,1,1,data\raw\MELD\MELD-RAW\MELD.Raw\train\train_splits\dia535_utt3.mp4,data\preprocessed\features\z_at\train_dia535_utt3.pt,data\preprocessed\features\z_v\train_dia535_utt3.pt
train_dia536_utt0,meld_real,0,meld_Rachel,neutral,neutral,-1,1,1,1,data\raw\MELD\MELD-RAW\MELD.Raw\train\train_splits\dia536_utt0.mp4,data\preprocessed\features\z_at\train_dia536_utt0.pt,data\preprocessed\features\z_v\train_dia536_utt0.pt
train_dia536_utt2,meld_real,0,meld_Rachel,neutral,neutral,-1,1,1,1,data\raw\MELD\MELD-RAW\MELD.Raw\train\train_splits\dia536_utt2.mp4,data\preprocessed\features\z_at\train_dia536_utt2.pt,data\preprocessed\features\z_v\train_dia536_utt2.pt
train_dia536_utt3,meld_real,0,meld_Monica,neutral,neutral,-1,1,1,1,data\raw\MELD\MELD-RAW\MELD.Raw\train\train_splits\dia536_utt3.mp4,data\preprocessed\features\z_at\train_dia536_utt3.pt,data\preprocessed\features\z_v\train_dia536_utt3.pt
train_dia536_utt7,meld_real,0,meld_Rachel,neutral,neutral,-1,1,1,1,data\raw\MELD\MELD-RAW\MELD.Raw\train\train_splits\dia536_utt7.mp4,data\preprocessed\features\z_at\train_dia536_utt7.pt,data\preprocessed\features\z_v\train_dia536_utt7.pt
train_dia536_utt8,meld_real,0,meld_Monica,neutral,neutral,-1,1,1,1,data\raw\MELD\MELD-RAW\MELD.Raw\train\train_splits\dia536_utt8.mp4,data\preprocessed\features\z_at\train_dia536_utt8.pt,data\preprocessed\features\z_v\train_dia536_utt8.pt
train_dia536_utt9,meld_real,0,meld_Monica,joy,joy,-1,1,1,1,data\raw\MELD\MELD-RAW\MELD.Raw\train\train_splits\dia536_utt9.mp4,data\preprocessed\features\z_at\train_dia536_utt9.pt,data\preprocessed\features\z_v\train_dia536_utt9.pt
train_dia537_utt0,meld_real,0,meld_Joey,neutral,neutral,-1,1,1,1,data\raw\MELD\MELD-RAW\MELD.Raw\train\train_splits\dia537_utt0.mp4,data\preprocessed\features\z_at\train_dia537_utt0.pt,data\preprocessed\features\z_v\train_dia537_utt0.pt
train_dia537_utt1,meld_real,0,meld_Joey,neutral,neutral,-1,1,1,1,data\raw\MELD\MELD-RAW\MELD.Raw\train\train_splits\dia537_utt1.mp4,data\preprocessed\features\z_at\train_dia537_utt1.pt,data\preprocessed\features\z_v\train_dia537_utt1.pt
train_dia538_utt2,meld_real,0,meld_Rachel,neutral,neutral,-1,1,1,1,data\raw\MELD\MELD-RAW\MELD.Raw\train\train_splits\dia538_utt2.mp4,data\preprocessed\features\z_at\train_dia538_utt2.pt,data\preprocessed\features\z_v\train_dia538_utt2.pt
train_dia538_utt3,meld_real,0,meld_Ross,anger,anger,-1,1,1,1,data\raw\MELD\MELD-RAW\MELD.Raw\train\train_splits\dia538_utt3.mp4,data\preprocessed\features\z_at\train_dia538_utt3.pt,data\preprocessed\features\z_v\train_dia538_utt3.pt
train_dia538_utt4,meld_real,0,meld_Rachel,joy,joy,-1,1,1,1,data\raw\MELD\MELD-RAW\MELD.Raw\train\train_splits\dia538_utt4.mp4,data\preprocessed\features\z_at\train_dia538_utt4.pt,data\preprocessed\features\z_v\train_dia538_utt4.pt
train_dia538_utt6,meld_real,0,meld_Ross,joy,joy,-1,1,1,1,data\raw\MELD\MELD-RAW\MELD.Raw\train\train_splits\dia538_utt6.mp4,data\preprocessed\features\z_at\train_dia538_utt6.pt,data\preprocessed\features\z_v\train_dia538_utt6.pt
train_dia538_utt7,meld_real,0,meld_Phoebe,joy,joy,-1,1,1,1,data\raw\MELD\MELD-RAW\MELD.Raw\train\train_splits\dia538_utt7.mp4,data\preprocessed\features\z_at\train_dia538_utt7.pt,data\preprocessed\features\z_v\train_dia538_utt7.pt
train_dia538_utt9,meld_real,0,meld_Phoebe,disgust,disgust,-1,1,1,1,data\raw\MELD\MELD-RAW\MELD.Raw\train\train_splits\dia538_utt9.mp4,data\preprocessed\features\z_at\train_dia538_utt9.pt,data\preprocessed\features\z_v\train_dia538_utt9.pt
train_dia53_utt6,meld_real,0,meld_Richard,joy,joy,-1,1,1,1,data\raw\MELD\MELD-RAW\MELD.Raw\train\train_splits\dia53_utt6.mp4,data\preprocessed\features\z_at\train_dia53_utt6.pt,data\preprocessed\features\z_v\train_dia53_utt6.pt
train_dia53_utt7,meld_real,0,meld_Monica,neutral,neutral,-1,1,1,1,data\raw\MELD\MELD-RAW\MELD.Raw\train\train_splits\dia53_utt7.mp4,data\preprocessed\features\z_at\train_dia53_utt7.pt,data\preprocessed\features\z_v\train_dia53_utt7.pt
train_dia541_utt0,meld_real,0,meld_Ross,joy,joy,-1,1,1,1,data\raw\MELD\MELD-RAW\MELD.Raw\train\train_splits\dia541_utt0.mp4,data\preprocessed\features\z_at\train_dia541_utt0.pt,data\preprocessed\features\z_v\train_dia541_utt0.pt
train_dia541_utt1,meld_real,0,meld_Carol,joy,joy,-1,1,1,1,data\raw\MELD\MELD-RAW\MELD.Raw\train\train_splits\dia541_utt1.mp4,data\preprocessed\features\z_at\train_dia541_utt1.pt,data\preprocessed\features\z_v\train_dia541_utt1.pt
train_dia541_utt11,meld_real,0,meld_Ross,neutral,neutral,-1,1,1,1,data\raw\MELD\MELD-RAW\MELD.Raw\train\train_splits\dia541_utt11.mp4,data\preprocessed\features\z_at\train_dia541_utt11.pt,data\preprocessed\features\z_v\train_dia541_utt11.pt
train_dia541_utt5,meld_real,0,meld_Ross,joy,joy,-1,1,1,1,data\raw\MELD\MELD-RAW\MELD.Raw\train\train_splits\dia541_utt5.mp4,data\preprocessed\features\z_at\train_dia541_utt5.pt,data\preprocessed\features\z_v\train_dia541_utt5.pt
train_dia542_utt1,meld_real,0,meld_Monica,anger,anger,-1,1,1,1,data\raw\MELD\MELD-RAW\MELD.Raw\train\train_splits\dia542_utt1.mp4,data\preprocessed\features\z_at\train_dia542_utt1.pt,data\preprocessed\features\z_v\train_dia542_utt1.pt
train_dia542_utt4,meld_real,0,meld_Phoebe,joy,joy,-1,1,1,1,data\raw\MELD\MELD-RAW\MELD.Raw\train\train_splits\dia542_utt4.mp4,data\preprocessed\features\z_at\train_dia542_utt4.pt,data\preprocessed\features\z_v\train_dia542_utt4.pt
train_dia544_utt5,meld_real,0,meld_Rachel,neutral,neutral,-1,1,1,1,data\raw\MELD\MELD-RAW\MELD.Raw\train\train_splits\dia544_utt5.mp4,data\preprocessed\features\z_at\train_dia544_utt5.pt,data\preprocessed\features\z_v\train_dia544_utt5.pt
train_dia545_utt1,meld_real,0,meld_Phoebe,sadness,sadness,-1,1,1,1,data\raw\MELD\MELD-RAW\MELD.Raw\train\train_splits\dia545_utt1.mp4,data\preprocessed\features\z_at\train_dia545_utt1.pt,data\preprocessed\features\z_v\train_dia545_utt1.pt
train_dia545_utt10,meld_real,0,meld_Chandler,neutral,neutral,-1,1,1,1,data\raw\MELD\MELD-RAW\MELD.Raw\train\train_splits\dia545_utt10.mp4,data\preprocessed\features\z_at\train_dia545_utt10.pt,data\preprocessed\features\z_v\train_dia545_utt10.pt
train_dia545_utt13,meld_real,0,meld_Rachel,neutral,neutral,-1,1,1,1,data\raw\MELD\MELD-RAW\MELD.Raw\train\train_splits\dia545_utt13.mp4,data\preprocessed\features\z_at\train_dia545_utt13.pt,data\preprocessed\features\z_v\train_dia545_utt13.pt
train_dia545_utt4,meld_real,0,meld_Monica,neutral,neutral,-1,1,1,1,data\raw\MELD\MELD-RAW\MELD.Raw\train\train_splits\dia545_utt4.mp4,data\preprocessed\features\z_at\train_dia545_utt4.pt,data\preprocessed\features\z_v\train_dia545_utt4.pt
train_dia545_utt6,meld_real,0,meld_Chandler,neutral,neutral,-1,1,1,1,data\raw\MELD\MELD-RAW\MELD.Raw\train\train_splits\dia545_utt6.mp4,data\preprocessed\features\z_at\train_dia545_utt6.pt,data\preprocessed\features\z_v\train_dia545_utt6.pt
train_dia545_utt7,meld_real,0,meld_Joey,neutral,neutral,-1,1,1,1,data\raw\MELD\MELD-RAW\MELD.Raw\train\train_splits\dia545_utt7.mp4,data\preprocessed\features\z_at\train_dia545_utt7.pt,data\preprocessed\features\z_v\train_dia545_utt7.pt
train_dia545_utt8,meld_real,0,meld_Chandler,neutral,neutral,-1,1,1,1,data\raw\MELD\MELD-RAW\MELD.Raw\train\train_splits\dia545_utt8.mp4,data\preprocessed\features\z_at\train_dia545_utt8.pt,data\preprocessed\features\z_v\train_dia545_utt8.pt
train_dia545_utt9,meld_real,0,meld_Rachel,neutral,neutral,-1,1,1,1,data\raw\MELD\MELD-RAW\MELD.Raw\train\train_splits\dia545_utt9.mp4,data\preprocessed\features\z_at\train_dia545_utt9.pt,data\preprocessed\features\z_v\train_dia545_utt9.pt
train_dia546_utt11,meld_real,0,meld_Teacher,neutral,neutral,-1,1,1,1,data\raw\MELD\MELD-RAW\MELD.Raw\train\train_splits\dia546_utt11.mp4,data\preprocessed\features\z_at\train_dia546_utt11.pt,data\preprocessed\features\z_v\train_dia546_utt11.pt
train_dia546_utt16,meld_real,0,meld_Teacher,neutral,neutral,-1,1,1,1,data\raw\MELD\MELD-RAW\MELD.Raw\train\train_splits\dia546_utt16.mp4,data\preprocessed\features\z_at\train_dia546_utt16.pt,data\preprocessed\features\z_v\train_dia546_utt16.pt
train_dia547_utt0,meld_real,0,meld_Rachel,neutral,neutral,-1,1,1,1,data\raw\MELD\MELD-RAW\MELD.Raw\train\train_splits\dia547_utt0.mp4,data\preprocessed\features\z_at\train_dia547_utt0.pt,data\preprocessed\features\z_v\train_dia547_utt0.pt
train_dia547_utt2,meld_real,0,meld_Rachel,joy,joy,-1,1,1,1,data\raw\MELD\MELD-RAW\MELD.Raw\train\train_splits\dia547_utt2.mp4,data\preprocessed\features\z_at\train_dia547_utt2.pt,data\preprocessed\features\z_v\train_dia547_utt2.pt
train_dia548_utt0,meld_real,0,meld_Chandler,joy,joy,-1,1,1,1,data\raw\MELD\MELD-RAW\MELD.Raw\train\train_splits\dia548_utt0.mp4,data\preprocessed\features\z_at\train_dia548_utt0.pt,data\preprocessed\features\z_v\train_dia548_utt0.pt
train_dia548_utt3,meld_real,0,meld_Chandler,joy,joy,-1,1,1,1,data\raw\MELD\MELD-RAW\MELD.Raw\train\train_splits\dia548_utt3.mp4,data\preprocessed\features\z_at\train_dia548_utt3.pt,data\preprocessed\features\z_v\train_dia548_utt3.pt
train_dia549_utt2,meld_real,0,meld_Joey,sadness,sadness,-1,1,1,1,data\raw\MELD\MELD-RAW\MELD.Raw\train\train_splits\dia549_utt2.mp4,data\preprocessed\features\z_at\train_dia549_utt2.pt,data\preprocessed\features\z_v\train_dia549_utt2.pt
train_dia549_utt6,meld_real,0,meld_Joey,neutral,neutral,-1,1,1,1,data\raw\MELD\MELD-RAW\MELD.Raw\train\train_splits\dia549_utt6.mp4,data\preprocessed\features\z_at\train_dia549_utt6.pt,data\preprocessed\features\z_v\train_dia549_utt6.pt
train_dia549_utt8,meld_real,0,meld_Joey,neutral,neutral,-1,1,1,1,data\raw\MELD\MELD-RAW\MELD.Raw\train\train_splits\dia549_utt8.mp4,data\preprocessed\features\z_at\train_dia549_utt8.pt,data\preprocessed\features\z_v\train_dia549_utt8.pt
train_dia549_utt9,meld_real,0,meld_Receptionist,joy,joy,-1,1,1,1,data\raw\MELD\MELD-RAW\MELD.Raw\train\train_splits\dia549_utt9.mp4,data\preprocessed\features\z_at\train_dia549_utt9.pt,data\preprocessed\features\z_v\train_dia549_utt9.pt
train_dia54_utt1,meld_real,0,meld_Rachel,sadness,sadness,-1,1,1,1,data\raw\MELD\MELD-RAW\MELD.Raw\train\train_splits\dia54_utt1.mp4,data\preprocessed\features\z_at\train_dia54_utt1.pt,data\preprocessed\features\z_v\train_dia54_utt1.pt
train_dia54_utt12,meld_real,0,meld_Dina,fear,fear,-1,1,1,1,data\raw\MELD\MELD-RAW\MELD.Raw\train\train_splits\dia54_utt12.mp4,data\preprocessed\features\z_at\train_dia54_utt12.pt,data\preprocessed\features\z_v\train_dia54_utt12.pt
train_dia54_utt13,meld_real,0,meld_Joey,fear,fear,-1,1,1,1,data\raw\MELD\MELD-RAW\MELD.Raw\train\train_splits\dia54_utt13.mp4,data\preprocessed\features\z_at\train_dia54_utt13.pt,data\preprocessed\features\z_v\train_dia54_utt13.pt
train_dia54_utt14,meld_real,0,meld_Dina,sadness,sadness,-1,1,1,1,data\raw\MELD\MELD-RAW\MELD.Raw\train\train_splits\dia54_utt14.mp4,data\preprocessed\features\z_at\train_dia54_utt14.pt,data\preprocessed\features\z_v\train_dia54_utt14.pt
train_dia54_utt15,meld_real,0,meld_Dina,sadness,sadness,-1,1,1,1,data\raw\MELD\MELD-RAW\MELD.Raw\train\train_splits\dia54_utt15.mp4,data\preprocessed\features\z_at\train_dia54_utt15.pt,data\preprocessed\features\z_v\train_dia54_utt15.pt
train_dia54_utt4,meld_real,0,meld_Dina,fear,fear,-1,1,1,1,data\raw\MELD\MELD-RAW\MELD.Raw\train\train_splits\dia54_utt4.mp4,data\preprocessed\features\z_at\train_dia54_utt4.pt,data\preprocessed\features\z_v\train_dia54_utt4.pt
train_dia54_utt5,meld_real,0,meld_Dina,neutral,neutral,-1,1,1,1,data\raw\MELD\MELD-RAW\MELD.Raw\train\train_splits\dia54_utt5.mp4,data\preprocessed\features\z_at\train_dia54_utt5.pt,data\preprocessed\features\z_v\train_dia54_utt5.pt
train_dia54_utt6,meld_real,0,meld_Bobby,joy,joy,-1,1,1,1,data\raw\MELD\MELD-RAW\MELD.Raw\train\train_splits\dia54_utt6.mp4,data\preprocessed\features\z_at\train_dia54_utt6.pt,data\preprocessed\features\z_v\train_dia54_utt6.pt
train_dia551_utt5,meld_real,0,meld_Monica,joy,joy,-1,1,1,1,data\raw\MELD\MELD-RAW\MELD.Raw\train\train_splits\dia551_utt5.mp4,data\preprocessed\features\z_at\train_dia551_utt5.pt,data\preprocessed\features\z_v\train_dia551_utt5.pt
train_dia553_utt14,meld_real,0,meld_Janine,neutral,neutral,-1,1,1,1,data\raw\MELD\MELD-RAW\MELD.Raw\train\train_splits\dia553_utt14.mp4,data\preprocessed\features\z_at\train_dia553_utt14.pt,data\preprocessed\features\z_v\train_dia553_utt14.pt
train_dia553_utt17,meld_real,0,meld_Joey,joy,joy,-1,1,1,1,data\raw\MELD\MELD-RAW\MELD.Raw\train\train_splits\dia553_utt17.mp4,data\preprocessed\features\z_at\train_dia553_utt17.pt,data\preprocessed\features\z_v\train_dia553_utt17.pt
train_dia553_utt18,meld_real,0,meld_Director,neutral,neutral,-1,1,1,1,data\raw\MELD\MELD-RAW\MELD.Raw\train\train_splits\dia553_utt18.mp4,data\preprocessed\features\z_at\train_dia553_utt18.pt,data\preprocessed\features\z_v\train_dia553_utt18.pt
train_dia553_utt3,meld_real,0,meld_Monica,neutral,neutral,-1,1,1,1,data\raw\MELD\MELD-RAW\MELD.Raw\train\train_splits\dia553_utt3.mp4,data\preprocessed\features\z_at\train_dia553_utt3.pt,data\preprocessed\features\z_v\train_dia553_utt3.pt
train_dia553_utt7,meld_real,0,meld_Monica,joy,joy,-1,1,1,1,data\raw\MELD\MELD-RAW\MELD.Raw\train\train_splits\dia553_utt7.mp4,data\preprocessed\features\z_at\train_dia553_utt7.pt,data\preprocessed\features\z_v\train_dia553_utt7.pt
train_dia554_utt0,meld_real,0,meld_Rachel,anger,anger,-1,1,1,1,data\raw\MELD\MELD-RAW\MELD.Raw\train\train_splits\dia554_utt0.mp4,data\preprocessed\features\z_at\train_dia554_utt0.pt,data\preprocessed\features\z_v\train_dia554_utt0.pt
train_dia554_utt4,meld_real,0,meld_Rachel,neutral,neutral,-1,1,1,1,data\raw\MELD\MELD-RAW\MELD.Raw\train\train_splits\dia554_utt4.mp4,data\preprocessed\features\z_at\train_dia554_utt4.pt,data\preprocessed\features\z_v\train_dia554_utt4.pt
train_dia554_utt5,meld_real,0,meld_Chandler,neutral,neutral,-1,1,1,1,data\raw\MELD\MELD-RAW\MELD.Raw\train\train_splits\dia554_utt5.mp4,data\preprocessed\features\z_at\train_dia554_utt5.pt,data\preprocessed\features\z_v\train_dia554_utt5.pt
train_dia554_utt7,meld_real,0,meld_Monica,neutral,neutral,-1,1,1,1,data\raw\MELD\MELD-RAW\MELD.Raw\train\train_splits\dia554_utt7.mp4,data\preprocessed\features\z_at\train_dia554_utt7.pt,data\preprocessed\features\z_v\train_dia554_utt7.pt
train_dia554_utt9,meld_real,0,meld_Monica,disgust,disgust,-1,1,1,1,data\raw\MELD\MELD-RAW\MELD.Raw\train\train_splits\dia554_utt9.mp4,data\preprocessed\features\z_at\train_dia554_utt9.pt,data\preprocessed\features\z_v\train_dia554_utt9.pt
train_dia556_utt4,meld_real,0,meld_Joey,anger,anger,-1,1,1,1,data\raw\MELD\MELD-RAW\MELD.Raw\train\train_splits\dia556_utt4.mp4,data\preprocessed\features\z_at\train_dia556_utt4.pt,data\preprocessed\features\z_v\train_dia556_utt4.pt
train_dia557_utt5,meld_real,0,meld_Ross,joy,joy,-1,1,1,1,data\raw\MELD\MELD-RAW\MELD.Raw\train\train_splits\dia557_utt5.mp4,data\preprocessed\features\z_at\train_dia557_utt5.pt,data\preprocessed\features\z_v\train_dia557_utt5.pt
train_dia557_utt7,meld_real,0,meld_Rachel,anger,anger,-1,1,1,1,data\raw\MELD\MELD-RAW\MELD.Raw\train\train_splits\dia557_utt7.mp4,data\preprocessed\features\z_at\train_dia557_utt7.pt,data\preprocessed\features\z_v\train_dia557_utt7.pt
train_dia558_utt0,meld_real,0,meld_Rachel,joy,joy,-1,1,1,1,data\raw\MELD\MELD-RAW\MELD.Raw\train\train_splits\dia558_utt0.mp4,data\preprocessed\features\z_at\train_dia558_utt0.pt,data\preprocessed\features\z_v\train_dia558_utt0.pt
train_dia558_utt2,meld_real,0,meld_Rachel,joy,joy,-1,1,1,1,data\raw\MELD\MELD-RAW\MELD.Raw\train\train_splits\dia558_utt2.mp4,data\preprocessed\features\z_at\train_dia558_utt2.pt,data\preprocessed\features\z_v\train_dia558_utt2.pt
train_dia558_utt5,meld_real,0,meld_Chandler,neutral,neutral,-1,1,1,1,data\raw\MELD\MELD-RAW\MELD.Raw\train\train_splits\dia558_utt5.mp4,data\preprocessed\features\z_at\train_dia558_utt5.pt,data\preprocessed\features\z_v\train_dia558_utt5.pt
train_dia558_utt6,meld_real,0,meld_Rachel,anger,anger,-1,1,1,1,data\raw\MELD\MELD-RAW\MELD.Raw\train\train_splits\dia558_utt6.mp4,data\preprocessed\features\z_at\train_dia558_utt6.pt,data\preprocessed\features\z_v\train_dia558_utt6.pt
train_dia558_utt8,meld_real,0,meld_Rachel,sadness,sadness,-1,1,1,1,data\raw\MELD\MELD-RAW\MELD.Raw\train\train_splits\dia558_utt8.mp4,data\preprocessed\features\z_at\train_dia558_utt8.pt,data\preprocessed\features\z_v\train_dia558_utt8.pt
train_dia559_utt7,meld_real,0,meld_Chandler,neutral,neutral,-1,1,1,1,data\raw\MELD\MELD-RAW\MELD.Raw\train\train_splits\dia559_utt7.mp4,data\preprocessed\features\z_at\train_dia559_utt7.pt,data\preprocessed\features\z_v\train_dia559_utt7.pt
train_dia55_utt3,meld_real,0,meld_Rachel,neutral,neutral,-1,1,1,1,data\raw\MELD\MELD-RAW\MELD.Raw\train\train_splits\dia55_utt3.mp4,data\preprocessed\features\z_at\train_dia55_utt3.pt,data\preprocessed\features\z_v\train_dia55_utt3.pt
train_dia560_utt4,meld_real,0,meld_Monica,joy,joy,-1,1,1,1,data\raw\MELD\MELD-RAW\MELD.Raw\train\train_splits\dia560_utt4.mp4,data\preprocessed\features\z_at\train_dia560_utt4.pt,data\preprocessed\features\z_v\train_dia560_utt4.pt
train_dia560_utt7,meld_real,0,meld_Joey,joy,joy,-1,1,1,1,data\raw\MELD\MELD-RAW\MELD.Raw\train\train_splits\dia560_utt7.mp4,data\preprocessed\features\z_at\train_dia560_utt7.pt,data\preprocessed\features\z_v\train_dia560_utt7.pt
train_dia561_utt0,meld_real,0,meld_Monica,neutral,neutral,-1,1,1,1,data\raw\MELD\MELD-RAW\MELD.Raw\train\train_splits\dia561_utt0.mp4,data\preprocessed\features\z_at\train_dia561_utt0.pt,data\preprocessed\features\z_v\train_dia561_utt0.pt
train_dia561_utt18,meld_real,0,meld_Joey,neutral,neutral,-1,1,1,1,data\raw\MELD\MELD-RAW\MELD.Raw\train\train_splits\dia561_utt18.mp4,data\preprocessed\features\z_at\train_dia561_utt18.pt,data\preprocessed\features\z_v\train_dia561_utt18.pt
train_dia561_utt2,meld_real,0,meld_Monica,neutral,neutral,-1,1,1,1,data\raw\MELD\MELD-RAW\MELD.Raw\train\train_splits\dia561_utt2.mp4,data\preprocessed\features\z_at\train_dia561_utt2.pt,data\preprocessed\features\z_v\train_dia561_utt2.pt
train_dia561_utt5,meld_real,0,meld_Monica,anger,anger,-1,1,1,1,data\raw\MELD\MELD-RAW\MELD.Raw\train\train_splits\dia561_utt5.mp4,data\preprocessed\features\z_at\train_dia561_utt5.pt,data\preprocessed\features\z_v\train_dia561_utt5.pt
train_dia562_utt7,meld_real,0,meld_Chandler,joy,joy,-1,1,1,1,data\raw\MELD\MELD-RAW\MELD.Raw\train\train_splits\dia562_utt7.mp4,data\preprocessed\features\z_at\train_dia562_utt7.pt,data\preprocessed\features\z_v\train_dia562_utt7.pt
train_dia564_utt2,meld_real,0,meld_Rachel,joy,joy,-1,1,1,1,data\raw\MELD\MELD-RAW\MELD.Raw\train\train_splits\dia564_utt2.mp4,data\preprocessed\features\z_at\train_dia564_utt2.pt,data\preprocessed\features\z_v\train_dia564_utt2.pt
train_dia564_utt5,meld_real,0,meld_Monica,neutral,neutral,-1,1,1,1,data\raw\MELD\MELD-RAW\MELD.Raw\train\train_splits\dia564_utt5.mp4,data\preprocessed\features\z_at\train_dia564_utt5.pt,data\preprocessed\features\z_v\train_dia564_utt5.pt
train_dia564_utt9,meld_real,0,meld_Monica,sadness,sadness,-1,1,1,1,data\raw\MELD\MELD-RAW\MELD.Raw\train\train_splits\dia564_utt9.mp4,data\preprocessed\features\z_at\train_dia564_utt9.pt,data\preprocessed\features\z_v\train_dia564_utt9.pt
train_dia565_utt0,meld_real,0,meld_Janice,neutral,neutral,-1,1,1,1,data\raw\MELD\MELD-RAW\MELD.Raw\train\train_splits\dia565_utt0.mp4,data\preprocessed\features\z_at\train_dia565_utt0.pt,data\preprocessed\features\z_v\train_dia565_utt0.pt
train_dia565_utt2,meld_real,0,meld_Janice,neutral,neutral,-1,1,1,1,data\raw\MELD\MELD-RAW\MELD.Raw\train\train_splits\dia565_utt2.mp4,data\preprocessed\features\z_at\train_dia565_utt2.pt,data\preprocessed\features\z_v\train_dia565_utt2.pt
train_dia568_utt0,meld_real,0,meld_Ross,disgust,disgust,-1,1,1,1,data\raw\MELD\MELD-RAW\MELD.Raw\train\train_splits\dia568_utt0.mp4,data\preprocessed\features\z_at\train_dia568_utt0.pt,data\preprocessed\features\z_v\train_dia568_utt0.pt
train_dia568_utt7,meld_real,0,meld_Chandler,neutral,neutral,-1,1,1,1,data\raw\MELD\MELD-RAW\MELD.Raw\train\train_splits\dia568_utt7.mp4,data\preprocessed\features\z_at\train_dia568_utt7.pt,data\preprocessed\features\z_v\train_dia568_utt7.pt
train_dia569_utt2,meld_real,0,meld_Elizabeth,neutral,neutral,-1,1,1,1,data\raw\MELD\MELD-RAW\MELD.Raw\train\train_splits\dia569_utt2.mp4,data\preprocessed\features\z_at\train_dia569_utt2.pt,data\preprocessed\features\z_v\train_dia569_utt2.pt
train_dia56_utt0,meld_real,0,meld_Chandler,neutral,neutral,-1,1,1,1,data\raw\MELD\MELD-RAW\MELD.Raw\train\train_splits\dia56_utt0.mp4,data\preprocessed\features\z_at\train_dia56_utt0.pt,data\preprocessed\features\z_v\train_dia56_utt0.pt
train_dia56_utt4,meld_real,0,meld_Chandler,neutral,neutral,-1,1,1,1,data\raw\MELD\MELD-RAW\MELD.Raw\train\train_splits\dia56_utt4.mp4,data\preprocessed\features\z_at\train_dia56_utt4.pt,data\preprocessed\features\z_v\train_dia56_utt4.pt
train_dia570_utt0,meld_real,0,meld_Monica,anger,anger,-1,1,1,1,data\raw\MELD\MELD-RAW\MELD.Raw\train\train_splits\dia570_utt0.mp4,data\preprocessed\features\z_at\train_dia570_utt0.pt,data\preprocessed\features\z_v\train_dia570_utt0.pt
train_dia570_utt3,meld_real,0,meld_Rachel,neutral,neutral,-1,1,1,1,data\raw\MELD\MELD-RAW\MELD.Raw\train\train_splits\dia570_utt3.mp4,data\preprocessed\features\z_at\train_dia570_utt3.pt,data\preprocessed\features\z_v\train_dia570_utt3.pt
train_dia571_utt0,meld_real,0,meld_Joey,neutral,neutral,-1,1,1,1,data\raw\MELD\MELD-RAW\MELD.Raw\train\train_splits\dia571_utt0.mp4,data\preprocessed\features\z_at\train_dia571_utt0.pt,data\preprocessed\features\z_v\train_dia571_utt0.pt
train_dia571_utt1,meld_real,0,meld_Ross,fear,fear,-1,1,1,1,data\raw\MELD\MELD-RAW\MELD.Raw\train\train_splits\dia571_utt1.mp4,data\preprocessed\features\z_at\train_dia571_utt1.pt,data\preprocessed\features\z_v\train_dia571_utt1.pt
train_dia571_utt12,meld_real,0,meld_Joey,neutral,neutral,-1,1,1,1,data\raw\MELD\MELD-RAW\MELD.Raw\train\train_splits\dia571_utt12.mp4,data\preprocessed\features\z_at\train_dia571_utt12.pt,data\preprocessed\features\z_v\train_dia571_utt12.pt
train_dia571_utt14,meld_real,0,meld_Rachel,neutral,neutral,-1,1,1,1,data\raw\MELD\MELD-RAW\MELD.Raw\train\train_splits\dia571_utt14.mp4,data\preprocessed\features\z_at\train_dia571_utt14.pt,data\preprocessed\features\z_v\train_dia571_utt14.pt
train_dia571_utt2,meld_real,0,meld_Phoebe,anger,anger,-1,1,1,1,data\raw\MELD\MELD-RAW\MELD.Raw\train\train_splits\dia571_utt2.mp4,data\preprocessed\features\z_at\train_dia571_utt2.pt,data\preprocessed\features\z_v\train_dia571_utt2.pt
train_dia572_utt1,meld_real,0,meld_Rachel,disgust,disgust,-1,1,1,1,data\raw\MELD\MELD-RAW\MELD.Raw\train\train_splits\dia572_utt1.mp4,data\preprocessed\features\z_at\train_dia572_utt1.pt,data\preprocessed\features\z_v\train_dia572_utt1.pt
train_dia572_utt15,meld_real,0,meld_Ross,neutral,neutral,-1,1,1,1,data\raw\MELD\MELD-RAW\MELD.Raw\train\train_splits\dia572_utt15.mp4,data\preprocessed\features\z_at\train_dia572_utt15.pt,data\preprocessed\features\z_v\train_dia572_utt15.pt
train_dia572_utt18,meld_real,0,meld_Rachel,neutral,neutral,-1,1,1,1,data\raw\MELD\MELD-RAW\MELD.Raw\train\train_splits\dia572_utt18.mp4,data\preprocessed\features\z_at\train_dia572_utt18.pt,data\preprocessed\features\z_v\train_dia572_utt18.pt
train_dia572_utt2,meld_real,0,meld_Rachel,neutral,neutral,-1,1,1,1,data\raw\MELD\MELD-RAW\MELD.Raw\train\train_splits\dia572_utt2.mp4,data\preprocessed\features\z_at\train_dia572_utt2.pt,data\preprocessed\features\z_v\train_dia572_utt2.pt
train_dia572_utt20,meld_real,0,meld_Evil_Bitch,anger,anger,-1,1,1,1,data\raw\MELD\MELD-RAW\MELD.Raw\train\train_splits\dia572_utt20.mp4,data\preprocessed\features\z_at\train_dia572_utt20.pt,data\preprocessed\features\z_v\train_dia572_utt20.pt
train_dia574_utt13,meld_real,0,meld_Joey,neutral,neutral,-1,1,1,1,data\raw\MELD\MELD-RAW\MELD.Raw\train\train_splits\dia574_utt13.mp4,data\preprocessed\features\z_at\train_dia574_utt13.pt,data\preprocessed\features\z_v\train_dia574_utt13.pt
train_dia574_utt15,meld_real,0,meld_Monica,fear,fear,-1,1,1,1,data\raw\MELD\MELD-RAW\MELD.Raw\train\train_splits\dia574_utt15.mp4,data\preprocessed\features\z_at\train_dia574_utt15.pt,data\preprocessed\features\z_v\train_dia574_utt15.pt
train_dia574_utt16,meld_real,0,meld_Joey,neutral,neutral,-1,1,1,1,data\raw\MELD\MELD-RAW\MELD.Raw\train\train_splits\dia574_utt16.mp4,data\preprocessed\features\z_at\train_dia574_utt16.pt,data\preprocessed\features\z_v\train_dia574_utt16.pt
train_dia574_utt5,meld_real,0,meld_Joey,neutral,neutral,-1,1,1,1,data\raw\MELD\MELD-RAW\MELD.Raw\train\train_splits\dia574_utt5.mp4,data\preprocessed\features\z_at\train_dia574_utt5.pt,data\preprocessed\features\z_v\train_dia574_utt5.pt
train_dia574_utt6,meld_real,0,meld_Chandler,neutral,neutral,-1,1,1,1,data\raw\MELD\MELD-RAW\MELD.Raw\train\train_splits\dia574_utt6.mp4,data\preprocessed\features\z_at\train_dia574_utt6.pt,data\preprocessed\features\z_v\train_dia574_utt6.pt
train_dia576_utt6,meld_real,0,meld_Chandler,neutral,neutral,-1,1,1,1,data\raw\MELD\MELD-RAW\MELD.Raw\train\train_splits\dia576_utt6.mp4,data\preprocessed\features\z_at\train_dia576_utt6.pt,data\preprocessed\features\z_v\train_dia576_utt6.pt
train_dia576_utt9,meld_real,0,meld_Joey,neutral,neutral,-1,1,1,1,data\raw\MELD\MELD-RAW\MELD.Raw\train\train_splits\dia576_utt9.mp4,data\preprocessed\features\z_at\train_dia576_utt9.pt,data\preprocessed\features\z_v\train_dia576_utt9.pt
train_dia577_utt1,meld_real,0,meld_Joey,neutral,neutral,-1,1,1,1,data\raw\MELD\MELD-RAW\MELD.Raw\train\train_splits\dia577_utt1.mp4,data\preprocessed\features\z_at\train_dia577_utt1.pt,data\preprocessed\features\z_v\train_dia577_utt1.pt
train_dia578_utt0,meld_real,0,meld_Phoebe,neutral,neutral,-1,1,1,1,data\raw\MELD\MELD-RAW\MELD.Raw\train\train_splits\dia578_utt0.mp4,data\preprocessed\features\z_at\train_dia578_utt0.pt,data\preprocessed\features\z_v\train_dia578_utt0.pt
train_dia57_utt2,meld_real,0,meld_Chandler,fear,fear,-1,1,1,1,data\raw\MELD\MELD-RAW\MELD.Raw\train\train_splits\dia57_utt2.mp4,data\preprocessed\features\z_at\train_dia57_utt2.pt,data\preprocessed\features\z_v\train_dia57_utt2.pt
train_dia580_utt0,meld_real,0,meld_Phoebe,neutral,neutral,-1,1,1,1,data\raw\MELD\MELD-RAW\MELD.Raw\train\train_splits\dia580_utt0.mp4,data\preprocessed\features\z_at\train_dia580_utt0.pt,data\preprocessed\features\z_v\train_dia580_utt0.pt
train_dia580_utt1,meld_real,0,meld_Chandler,neutral,neutral,-1,1,1,1,data\raw\MELD\MELD-RAW\MELD.Raw\train\train_splits\dia580_utt1.mp4,data\preprocessed\features\z_at\train_dia580_utt1.pt,data\preprocessed\features\z_v\train_dia580_utt1.pt
train_dia581_utt0,meld_real,0,meld_Phoebe,neutral,neutral,-1,1,1,1,data\raw\MELD\MELD-RAW\MELD.Raw\train\train_splits\dia581_utt0.mp4,data\preprocessed\features\z_at\train_dia581_utt0.pt,data\preprocessed\features\z_v\train_dia581_utt0.pt
train_dia582_utt0,meld_real,0,meld_Phoebe,neutral,neutral,-1,1,1,1,data\raw\MELD\MELD-RAW\MELD.Raw\train\train_splits\dia582_utt0.mp4,data\preprocessed\features\z_at\train_dia582_utt0.pt,data\preprocessed\features\z_v\train_dia582_utt0.pt
train_dia583_utt5,meld_real,0,meld_Rachel,neutral,neutral,-1,1,1,1,data\raw\MELD\MELD-RAW\MELD.Raw\train\train_splits\dia583_utt5.mp4,data\preprocessed\features\z_at\train_dia583_utt5.pt,data\preprocessed\features\z_v\train_dia583_utt5.pt
train_dia583_utt6,meld_real,0,meld_Phoebe,fear,fear,-1,1,1,1,data\raw\MELD\MELD-RAW\MELD.Raw\train\train_splits\dia583_utt6.mp4,data\preprocessed\features\z_at\train_dia583_utt6.pt,data\preprocessed\features\z_v\train_dia583_utt6.pt
train_dia583_utt9,meld_real,0,meld_Monica,neutral,neutral,-1,1,1,1,data\raw\MELD\MELD-RAW\MELD.Raw\train\train_splits\dia583_utt9.mp4,data\preprocessed\features\z_at\train_dia583_utt9.pt,data\preprocessed\features\z_v\train_dia583_utt9.pt
train_dia584_utt0,meld_real,0,meld_Ross,joy,joy,-1,1,1,1,data\raw\MELD\MELD-RAW\MELD.Raw\train\train_splits\dia584_utt0.mp4,data\preprocessed\features\z_at\train_dia584_utt0.pt,data\preprocessed\features\z_v\train_dia584_utt0.pt
train_dia584_utt8,meld_real,0,meld_Ross,neutral,neutral,-1,1,1,1,data\raw\MELD\MELD-RAW\MELD.Raw\train\train_splits\dia584_utt8.mp4,data\preprocessed\features\z_at\train_dia584_utt8.pt,data\preprocessed\features\z_v\train_dia584_utt8.pt
train_dia585_utt0,meld_real,0,meld_Ross,sadness,sadness,-1,1,1,1,data\raw\MELD\MELD-RAW\MELD.Raw\train\train_splits\dia585_utt0.mp4,data\preprocessed\features\z_at\train_dia585_utt0.pt,data\preprocessed\features\z_v\train_dia585_utt0.pt
train_dia585_utt10,meld_real,0,meld_Ross,sadness,sadness,-1,1,1,1,data\raw\MELD\MELD-RAW\MELD.Raw\train\train_splits\dia585_utt10.mp4,data\preprocessed\features\z_at\train_dia585_utt10.pt,data\preprocessed\features\z_v\train_dia585_utt10.pt
train_dia585_utt2,meld_real,0,meld_Phoebe,sadness,sadness,-1,1,1,1,data\raw\MELD\MELD-RAW\MELD.Raw\train\train_splits\dia585_utt2.mp4,data\preprocessed\features\z_at\train_dia585_utt2.pt,data\preprocessed\features\z_v\train_dia585_utt2.pt
train_dia587_utt1,meld_real,0,meld_Mark,joy,joy,-1,1,1,1,data\raw\MELD\MELD-RAW\MELD.Raw\train\train_splits\dia587_utt1.mp4,data\preprocessed\features\z_at\train_dia587_utt1.pt,data\preprocessed\features\z_v\train_dia587_utt1.pt
train_dia587_utt5,meld_real,0,meld_Joey,joy,joy,-1,1,1,1,data\raw\MELD\MELD-RAW\MELD.Raw\train\train_splits\dia587_utt5.mp4,data\preprocessed\features\z_at\train_dia587_utt5.pt,data\preprocessed\features\z_v\train_dia587_utt5.pt
train_dia588_utt0,meld_real,0,meld_Chandler,anger,anger,-1,1,1,1,data\raw\MELD\MELD-RAW\MELD.Raw\train\train_splits\dia588_utt0.mp4,data\preprocessed\features\z_at\train_dia588_utt0.pt,data\preprocessed\features\z_v\train_dia588_utt0.pt
train_dia589_utt0,meld_real,0,meld_Earl,neutral,neutral,-1,1,1,1,data\raw\MELD\MELD-RAW\MELD.Raw\train\train_splits\dia589_utt0.mp4,data\preprocessed\features\z_at\train_dia589_utt0.pt,data\preprocessed\features\z_v\train_dia589_utt0.pt
train_dia589_utt5,meld_real,0,meld_Phoebe,sadness,sadness,-1,1,1,1,data\raw\MELD\MELD-RAW\MELD.Raw\train\train_splits\dia589_utt5.mp4,data\preprocessed\features\z_at\train_dia589_utt5.pt,data\preprocessed\features\z_v\train_dia589_utt5.pt
train_dia58_utt2,meld_real,0,meld_Phoebe,neutral,neutral,-1,1,1,1,data\raw\MELD\MELD-RAW\MELD.Raw\train\train_splits\dia58_utt2.mp4,data\preprocessed\features\z_at\train_dia58_utt2.pt,data\preprocessed\features\z_v\train_dia58_utt2.pt
train_dia590_utt1,meld_real,0,meld_Monica,joy,joy,-1,1,1,1,data\raw\MELD\MELD-RAW\MELD.Raw\train\train_splits\dia590_utt1.mp4,data\preprocessed\features\z_at\train_dia590_utt1.pt,data\preprocessed\features\z_v\train_dia590_utt1.pt
train_dia590_utt12,meld_real,0,meld_Phoebe,neutral,neutral,-1,1,1,1,data\raw\MELD\MELD-RAW\MELD.Raw\train\train_splits\dia590_utt12.mp4,data\preprocessed\features\z_at\train_dia590_utt12.pt,data\preprocessed\features\z_v\train_dia590_utt12.pt
train_dia590_utt16,meld_real,0,meld_Phoebe,neutral,neutral,-1,1,1,1,data\raw\MELD\MELD-RAW\MELD.Raw\train\train_splits\dia590_utt16.mp4,data\preprocessed\features\z_at\train_dia590_utt16.pt,data\preprocessed\features\z_v\train_dia590_utt16.pt
train_dia590_utt3,meld_real,0,meld_Monica,neutral,neutral,-1,1,1,1,data\raw\MELD\MELD-RAW\MELD.Raw\train\train_splits\dia590_utt3.mp4,data\preprocessed\features\z_at\train_dia590_utt3.pt,data\preprocessed\features\z_v\train_dia590_utt3.pt
train_dia590_utt8,meld_real,0,meld_Phoebe,sadness,sadness,-1,1,1,1,data\raw\MELD\MELD-RAW\MELD.Raw\train\train_splits\dia590_utt8.mp4,data\preprocessed\features\z_at\train_dia590_utt8.pt,data\preprocessed\features\z_v\train_dia590_utt8.pt
train_dia591_utt0,meld_real,0,meld_Chandler,neutral,neutral,-1,1,1,1,data\raw\MELD\MELD-RAW\MELD.Raw\train\train_splits\dia591_utt0.mp4,data\preprocessed\features\z_at\train_dia591_utt0.pt,data\preprocessed\features\z_v\train_dia591_utt0.pt
train_dia592_utt1,meld_real,0,meld_Phoebe,disgust,disgust,-1,1,1,1,data\raw\MELD\MELD-RAW\MELD.Raw\train\train_splits\dia592_utt1.mp4,data\preprocessed\features\z_at\train_dia592_utt1.pt,data\preprocessed\features\z_v\train_dia592_utt1.pt
train_dia592_utt12,meld_real,0,meld_Joey,anger,anger,-1,1,1,1,data\raw\MELD\MELD-RAW\MELD.Raw\train\train_splits\dia592_utt12.mp4,data\preprocessed\features\z_at\train_dia592_utt12.pt,data\preprocessed\features\z_v\train_dia592_utt12.pt
train_dia593_utt10,meld_real,0,meld_Gunther,disgust,disgust,-1,1,1,1,data\raw\MELD\MELD-RAW\MELD.Raw\train\train_splits\dia593_utt10.mp4,data\preprocessed\features\z_at\train_dia593_utt10.pt,data\preprocessed\features\z_v\train_dia593_utt10.pt
train_dia593_utt8,meld_real,0,meld_Robert,sadness,sadness,-1,1,1,1,data\raw\MELD\MELD-RAW\MELD.Raw\train\train_splits\dia593_utt8.mp4,data\preprocessed\features\z_at\train_dia593_utt8.pt,data\preprocessed\features\z_v\train_dia593_utt8.pt
train_dia593_utt9,meld_real,0,meld_Phoebe,neutral,neutral,-1,1,1,1,data\raw\MELD\MELD-RAW\MELD.Raw\train\train_splits\dia593_utt9.mp4,data\preprocessed\features\z_at\train_dia593_utt9.pt,data\preprocessed\features\z_v\train_dia593_utt9.pt
train_dia594_utt6,meld_real,0,meld_Joey,sadness,sadness,-1,1,1,1,data\raw\MELD\MELD-RAW\MELD.Raw\train\train_splits\dia594_utt6.mp4,data\preprocessed\features\z_at\train_dia594_utt6.pt,data\preprocessed\features\z_v\train_dia594_utt6.pt
train_dia595_utt5,meld_real,0,meld_Chandler,anger,anger,-1,1,1,1,data\raw\MELD\MELD-RAW\MELD.Raw\train\train_splits\dia595_utt5.mp4,data\preprocessed\features\z_at\train_dia595_utt5.pt,data\preprocessed\features\z_v\train_dia595_utt5.pt
train_dia596_utt0,meld_real,0,meld_Joey,anger,anger,-1,1,1,1,data\raw\MELD\MELD-RAW\MELD.Raw\train\train_splits\dia596_utt0.mp4,data\preprocessed\features\z_at\train_dia596_utt0.pt,data\preprocessed\features\z_v\train_dia596_utt0.pt
train_dia596_utt12,meld_real,0,meld_Phoebe,neutral,neutral,-1,1,1,1,data\raw\MELD\MELD-RAW\MELD.Raw\train\train_splits\dia596_utt12.mp4,data\preprocessed\features\z_at\train_dia596_utt12.pt,data\preprocessed\features\z_v\train_dia596_utt12.pt
train_dia596_utt2,meld_real,0,meld_Phoebe,neutral,neutral,-1,1,1,1,data\raw\MELD\MELD-RAW\MELD.Raw\train\train_splits\dia596_utt2.mp4,data\preprocessed\features\z_at\train_dia596_utt2.pt,data\preprocessed\features\z_v\train_dia596_utt2.pt
train_dia596_utt5,meld_real,0,meld_Joey,sadness,sadness,-1,1,1,1,data\raw\MELD\MELD-RAW\MELD.Raw\train\train_splits\dia596_utt5.mp4,data\preprocessed\features\z_at\train_dia596_utt5.pt,data\preprocessed\features\z_v\train_dia596_utt5.pt
train_dia596_utt8,meld_real,0,meld_Phoebe,anger,anger,-1,1,1,1,data\raw\MELD\MELD-RAW\MELD.Raw\train\train_splits\dia596_utt8.mp4,data\preprocessed\features\z_at\train_dia596_utt8.pt,data\preprocessed\features\z_v\train_dia596_utt8.pt
train_dia596_utt9,meld_real,0,meld_Monica,neutral,neutral,-1,1,1,1,data\raw\MELD\MELD-RAW\MELD.Raw\train\train_splits\dia596_utt9.mp4,data\preprocessed\features\z_at\train_dia596_utt9.pt,data\preprocessed\features\z_v\train_dia596_utt9.pt
train_dia597_utt10,meld_real,0,meld_Monica,neutral,neutral,-1,1,1,1,data\raw\MELD\MELD-RAW\MELD.Raw\train\train_splits\dia597_utt10.mp4,data\preprocessed\features\z_at\train_dia597_utt10.pt,data\preprocessed\features\z_v\train_dia597_utt10.pt
train_dia597_utt3,meld_real,0,meld_Monica,neutral,neutral,-1,1,1,1,data\raw\MELD\MELD-RAW\MELD.Raw\train\train_splits\dia597_utt3.mp4,data\preprocessed\features\z_at\train_dia597_utt3.pt,data\preprocessed\features\z_v\train_dia597_utt3.pt
train_dia597_utt6,meld_real,0,meld_Monica,joy,joy,-1,1,1,1,data\raw\MELD\MELD-RAW\MELD.Raw\train\train_splits\dia597_utt6.mp4,data\preprocessed\features\z_at\train_dia597_utt6.pt,data\preprocessed\features\z_v\train_dia597_utt6.pt
train_dia597_utt7,meld_real,0,meld_Chandler,neutral,neutral,-1,1,1,1,data\raw\MELD\MELD-RAW\MELD.Raw\train\train_splits\dia597_utt7.mp4,data\preprocessed\features\z_at\train_dia597_utt7.pt,data\preprocessed\features\z_v\train_dia597_utt7.pt
train_dia597_utt9,meld_real,0,meld_Chandler,neutral,neutral,-1,1,1,1,data\raw\MELD\MELD-RAW\MELD.Raw\train\train_splits\dia597_utt9.mp4,data\preprocessed\features\z_at\train_dia597_utt9.pt,data\preprocessed\features\z_v\train_dia597_utt9.pt
train_dia599_utt0,meld_real,0,meld_Monica,neutral,neutral,-1,1,1,1,data\raw\MELD\MELD-RAW\MELD.Raw\train\train_splits\dia599_utt0.mp4,data\preprocessed\features\z_at\train_dia599_utt0.pt,data\preprocessed\features\z_v\train_dia599_utt0.pt
train_dia599_utt12,meld_real,0,meld_Ross,neutral,neutral,-1,1,1,1,data\raw\MELD\MELD-RAW\MELD.Raw\train\train_splits\dia599_utt12.mp4,data\preprocessed\features\z_at\train_dia599_utt12.pt,data\preprocessed\features\z_v\train_dia599_utt12.pt
train_dia599_utt13,meld_real,0,meld_Ross,neutral,neutral,-1,1,1,1,data\raw\MELD\MELD-RAW\MELD.Raw\train\train_splits\dia599_utt13.mp4,data\preprocessed\features\z_at\train_dia599_utt13.pt,data\preprocessed\features\z_v\train_dia599_utt13.pt
train_dia599_utt14,meld_real,0,meld_Phoebe,neutral,neutral,-1,1,1,1,data\raw\MELD\MELD-RAW\MELD.Raw\train\train_splits\dia599_utt14.mp4,data\preprocessed\features\z_at\train_dia599_utt14.pt,data\preprocessed\features\z_v\train_dia599_utt14.pt
train_dia599_utt8,meld_real,0,meld_Joey,neutral,neutral,-1,1,1,1,data\raw\MELD\MELD-RAW\MELD.Raw\train\train_splits\dia599_utt8.mp4,data\preprocessed\features\z_at\train_dia599_utt8.pt,data\preprocessed\features\z_v\train_dia599_utt8.pt
train_dia59_utt9,meld_real,0,meld_Doug,joy,joy,-1,1,1,1,data\raw\MELD\MELD-RAW\MELD.Raw\train\train_splits\dia59_utt9.mp4,data\preprocessed\features\z_at\train_dia59_utt9.pt,data\preprocessed\features\z_v\train_dia59_utt9.pt
train_dia5_utt2,meld_real,0,meld_Phoebe,neutral,neutral,-1,1,1,1,data\raw\MELD\MELD-RAW\MELD.Raw\train\train_splits\dia5_utt2.mp4,data\preprocessed\features\z_at\train_dia5_utt2.pt,data\preprocessed\features\z_v\train_dia5_utt2.pt
train_dia601_utt0,meld_real,0,meld_Phoebe,neutral,neutral,-1,1,1,1,data\raw\MELD\MELD-RAW\MELD.Raw\train\train_splits\dia601_utt0.mp4,data\preprocessed\features\z_at\train_dia601_utt0.pt,data\preprocessed\features\z_v\train_dia601_utt0.pt
train_dia601_utt5,meld_real,0,meld_All,joy,joy,-1,1,1,1,data\raw\MELD\MELD-RAW\MELD.Raw\train\train_splits\dia601_utt5.mp4,data\preprocessed\features\z_at\train_dia601_utt5.pt,data\preprocessed\features\z_v\train_dia601_utt5.pt
train_dia602_utt0,meld_real,0,meld_Monica,joy,joy,-1,1,1,1,data\raw\MELD\MELD-RAW\MELD.Raw\train\train_splits\dia602_utt0.mp4,data\preprocessed\features\z_at\train_dia602_utt0.pt,data\preprocessed\features\z_v\train_dia602_utt0.pt
train_dia603_utt0,meld_real,0,meld_Ross,neutral,neutral,-1,1,1,1,data\raw\MELD\MELD-RAW\MELD.Raw\train\train_splits\dia603_utt0.mp4,data\preprocessed\features\z_at\train_dia603_utt0.pt,data\preprocessed\features\z_v\train_dia603_utt0.pt
train_dia604_utt13,meld_real,0,meld_Phoebe,neutral,neutral,-1,1,1,1,data\raw\MELD\MELD-RAW\MELD.Raw\train\train_splits\dia604_utt13.mp4,data\preprocessed\features\z_at\train_dia604_utt13.pt,data\preprocessed\features\z_v\train_dia604_utt13.pt
train_dia604_utt2,meld_real,0,meld_Phoebe,neutral,neutral,-1,1,1,1,data\raw\MELD\MELD-RAW\MELD.Raw\train\train_splits\dia604_utt2.mp4,data\preprocessed\features\z_at\train_dia604_utt2.pt,data\preprocessed\features\z_v\train_dia604_utt2.pt
train_dia605_utt0,meld_real,0,meld_Rachel,neutral,neutral,-1,1,1,1,data\raw\MELD\MELD-RAW\MELD.Raw\train\train_splits\dia605_utt0.mp4,data\preprocessed\features\z_at\train_dia605_utt0.pt,data\preprocessed\features\z_v\train_dia605_utt0.pt
train_dia605_utt1,meld_real,0,meld_Man,anger,anger,-1,1,1,1,data\raw\MELD\MELD-RAW\MELD.Raw\train\train_splits\dia605_utt1.mp4,data\preprocessed\features\z_at\train_dia605_utt1.pt,data\preprocessed\features\z_v\train_dia605_utt1.pt
train_dia605_utt3,meld_real,0,meld_Julie,joy,joy,-1,1,1,1,data\raw\MELD\MELD-RAW\MELD.Raw\train\train_splits\dia605_utt3.mp4,data\preprocessed\features\z_at\train_dia605_utt3.pt,data\preprocessed\features\z_v\train_dia605_utt3.pt
train_dia605_utt5,meld_real,0,meld_Julie,neutral,neutral,-1,1,1,1,data\raw\MELD\MELD-RAW\MELD.Raw\train\train_splits\dia605_utt5.mp4,data\preprocessed\features\z_at\train_dia605_utt5.pt,data\preprocessed\features\z_v\train_dia605_utt5.pt
train_dia605_utt6,meld_real,0,meld_Julie,fear,fear,-1,1,1,1,data\raw\MELD\MELD-RAW\MELD.Raw\train\train_splits\dia605_utt6.mp4,data\preprocessed\features\z_at\train_dia605_utt6.pt,data\preprocessed\features\z_v\train_dia605_utt6.pt
train_dia606_utt11,meld_real,0,meld_Steve,neutral,neutral,-1,1,1,1,data\raw\MELD\MELD-RAW\MELD.Raw\train\train_splits\dia606_utt11.mp4,data\preprocessed\features\z_at\train_dia606_utt11.pt,data\preprocessed\features\z_v\train_dia606_utt11.pt
train_dia607_utt2,meld_real,0,meld_Chandler,anger,anger,-1,1,1,1,data\raw\MELD\MELD-RAW\MELD.Raw\train\train_splits\dia607_utt2.mp4,data\preprocessed\features\z_at\train_dia607_utt2.pt,data\preprocessed\features\z_v\train_dia607_utt2.pt
train_dia608_utt1,meld_real,0,meld_Phoebe,neutral,neutral,-1,1,1,1,data\raw\MELD\MELD-RAW\MELD.Raw\train\train_splits\dia608_utt1.mp4,data\preprocessed\features\z_at\train_dia608_utt1.pt,data\preprocessed\features\z_v\train_dia608_utt1.pt
train_dia608_utt2,meld_real,0,meld_Phoebe,neutral,neutral,-1,1,1,1,data\raw\MELD\MELD-RAW\MELD.Raw\train\train_splits\dia608_utt2.mp4,data\preprocessed\features\z_at\train_dia608_utt2.pt,data\preprocessed\features\z_v\train_dia608_utt2.pt
train_dia608_utt5,meld_real,0,meld_Ross,fear,fear,-1,1,1,1,data\raw\MELD\MELD-RAW\MELD.Raw\train\train_splits\dia608_utt5.mp4,data\preprocessed\features\z_at\train_dia608_utt5.pt,data\preprocessed\features\z_v\train_dia608_utt5.pt
train_dia608_utt7,meld_real,0,meld_Ross,joy,joy,-1,1,1,1,data\raw\MELD\MELD-RAW\MELD.Raw\train\train_splits\dia608_utt7.mp4,data\preprocessed\features\z_at\train_dia608_utt7.pt,data\preprocessed\features\z_v\train_dia608_utt7.pt
train_dia608_utt9,meld_real,0,meld_Joey,neutral,neutral,-1,1,1,1,data\raw\MELD\MELD-RAW\MELD.Raw\train\train_splits\dia608_utt9.mp4,data\preprocessed\features\z_at\train_dia608_utt9.pt,data\preprocessed\features\z_v\train_dia608_utt9.pt
train_dia610_utt4,meld_real,0,meld_Ross,joy,joy,-1,1,1,1,data\raw\MELD\MELD-RAW\MELD.Raw\train\train_splits\dia610_utt4.mp4,data\preprocessed\features\z_at\train_dia610_utt4.pt,data\preprocessed\features\z_v\train_dia610_utt4.pt
train_dia610_utt6,meld_real,0,meld_Ross,joy,joy,-1,1,1,1,data\raw\MELD\MELD-RAW\MELD.Raw\train\train_splits\dia610_utt6.mp4,data\preprocessed\features\z_at\train_dia610_utt6.pt,data\preprocessed\features\z_v\train_dia610_utt6.pt
train_dia611_utt0,meld_real,0,meld_Ross,neutral,neutral,-1,1,1,1,data\raw\MELD\MELD-RAW\MELD.Raw\train\train_splits\dia611_utt0.mp4,data\preprocessed\features\z_at\train_dia611_utt0.pt,data\preprocessed\features\z_v\train_dia611_utt0.pt
train_dia611_utt10,meld_real,0,meld_Rachel,joy,joy,-1,1,1,1,data\raw\MELD\MELD-RAW\MELD.Raw\train\train_splits\dia611_utt10.mp4,data\preprocessed\features\z_at\train_dia611_utt10.pt,data\preprocessed\features\z_v\train_dia611_utt10.pt
train_dia611_utt4,meld_real,0,meld_Chandler,neutral,neutral,-1,1,1,1,data\raw\MELD\MELD-RAW\MELD.Raw\train\train_splits\dia611_utt4.mp4,data\preprocessed\features\z_at\train_dia611_utt4.pt,data\preprocessed\features\z_v\train_dia611_utt4.pt
train_dia611_utt5,meld_real,0,meld_Rachel,neutral,neutral,-1,1,1,1,data\raw\MELD\MELD-RAW\MELD.Raw\train\train_splits\dia611_utt5.mp4,data\preprocessed\features\z_at\train_dia611_utt5.pt,data\preprocessed\features\z_v\train_dia611_utt5.pt
train_dia612_utt9,meld_real,0,meld_Chandler,neutral,neutral,-1,1,1,1,data\raw\MELD\MELD-RAW\MELD.Raw\train\train_splits\dia612_utt9.mp4,data\preprocessed\features\z_at\train_dia612_utt9.pt,data\preprocessed\features\z_v\train_dia612_utt9.pt
train_dia613_utt10,meld_real,0,meld_Phoebe,anger,anger,-1,1,1,1,data\raw\MELD\MELD-RAW\MELD.Raw\train\train_splits\dia613_utt10.mp4,data\preprocessed\features\z_at\train_dia613_utt10.pt,data\preprocessed\features\z_v\train_dia613_utt10.pt
train_dia613_utt2,meld_real,0,meld_Monica,neutral,neutral,-1,1,1,1,data\raw\MELD\MELD-RAW\MELD.Raw\train\train_splits\dia613_utt2.mp4,data\preprocessed\features\z_at\train_dia613_utt2.pt,data\preprocessed\features\z_v\train_dia613_utt2.pt
train_dia613_utt3,meld_real,0,meld_Phoebe,neutral,neutral,-1,1,1,1,data\raw\MELD\MELD-RAW\MELD.Raw\train\train_splits\dia613_utt3.mp4,data\preprocessed\features\z_at\train_dia613_utt3.pt,data\preprocessed\features\z_v\train_dia613_utt3.pt
train_dia613_utt5,meld_real,0,meld_Phoebe,neutral,neutral,-1,1,1,1,data\raw\MELD\MELD-RAW\MELD.Raw\train\train_splits\dia613_utt5.mp4,data\preprocessed\features\z_at\train_dia613_utt5.pt,data\preprocessed\features\z_v\train_dia613_utt5.pt
train_dia613_utt9,meld_real,0,meld_Monica,anger,anger,-1,1,1,1,data\raw\MELD\MELD-RAW\MELD.Raw\train\train_splits\dia613_utt9.mp4,data\preprocessed\features\z_at\train_dia613_utt9.pt,data\preprocessed\features\z_v\train_dia613_utt9.pt
train_dia614_utt19,meld_real,0,meld_Kim,sadness,sadness,-1,1,1,1,data\raw\MELD\MELD-RAW\MELD.Raw\train\train_splits\dia614_utt19.mp4,data\preprocessed\features\z_at\train_dia614_utt19.pt,data\preprocessed\features\z_v\train_dia614_utt19.pt
train_dia615_utt0,meld_real,0,meld_Chandler,neutral,neutral,-1,1,1,1,data\raw\MELD\MELD-RAW\MELD.Raw\train\train_splits\dia615_utt0.mp4,data\preprocessed\features\z_at\train_dia615_utt0.pt,data\preprocessed\features\z_v\train_dia615_utt0.pt
train_dia615_utt13,meld_real,0,meld_Chandler,anger,anger,-1,1,1,1,data\raw\MELD\MELD-RAW\MELD.Raw\train\train_splits\dia615_utt13.mp4,data\preprocessed\features\z_at\train_dia615_utt13.pt,data\preprocessed\features\z_v\train_dia615_utt13.pt
train_dia615_utt16,meld_real,0,meld_Joey,neutral,neutral,-1,1,1,1,data\raw\MELD\MELD-RAW\MELD.Raw\train\train_splits\dia615_utt16.mp4,data\preprocessed\features\z_at\train_dia615_utt16.pt,data\preprocessed\features\z_v\train_dia615_utt16.pt
train_dia615_utt19,meld_real,0,meld_Ross,neutral,neutral,-1,1,1,1,data\raw\MELD\MELD-RAW\MELD.Raw\train\train_splits\dia615_utt19.mp4,data\preprocessed\features\z_at\train_dia615_utt19.pt,data\preprocessed\features\z_v\train_dia615_utt19.pt
train_dia615_utt22,meld_real,0,meld_Rachel,anger,anger,-1,1,1,1,data\raw\MELD\MELD-RAW\MELD.Raw\train\train_splits\dia615_utt22.mp4,data\preprocessed\features\z_at\train_dia615_utt22.pt,data\preprocessed\features\z_v\train_dia615_utt22.pt
train_dia616_utt0,meld_real,0,meld_Joey,sadness,sadness,-1,1,1,1,data\raw\MELD\MELD-RAW\MELD.Raw\train\train_splits\dia616_utt0.mp4,data\preprocessed\features\z_at\train_dia616_utt0.pt,data\preprocessed\features\z_v\train_dia616_utt0.pt
train_dia617_utt1,meld_real,0,meld_Monica,neutral,neutral,-1,1,1,1,data\raw\MELD\MELD-RAW\MELD.Raw\train\train_splits\dia617_utt1.mp4,data\preprocessed\features\z_at\train_dia617_utt1.pt,data\preprocessed\features\z_v\train_dia617_utt1.pt
train_dia617_utt7,meld_real,0,meld_Phoebe,anger,anger,-1,1,1,1,data\raw\MELD\MELD-RAW\MELD.Raw\train\train_splits\dia617_utt7.mp4,data\preprocessed\features\z_at\train_dia617_utt7.pt,data\preprocessed\features\z_v\train_dia617_utt7.pt
train_dia619_utt1,meld_real,0,meld_Rachel,neutral,neutral,-1,1,1,1,data\raw\MELD\MELD-RAW\MELD.Raw\train\train_splits\dia619_utt1.mp4,data\preprocessed\features\z_at\train_dia619_utt1.pt,data\preprocessed\features\z_v\train_dia619_utt1.pt
train_dia619_utt2,meld_real,0,meld_Janice,neutral,neutral,-1,1,1,1,data\raw\MELD\MELD-RAW\MELD.Raw\train\train_splits\dia619_utt2.mp4,data\preprocessed\features\z_at\train_dia619_utt2.pt,data\preprocessed\features\z_v\train_dia619_utt2.pt
train_dia619_utt4,meld_real,0,meld_Janice,neutral,neutral,-1,1,1,1,data\raw\MELD\MELD-RAW\MELD.Raw\train\train_splits\dia619_utt4.mp4,data\preprocessed\features\z_at\train_dia619_utt4.pt,data\preprocessed\features\z_v\train_dia619_utt4.pt
train_dia619_utt6,meld_real,0,meld_Janice,neutral,neutral,-1,1,1,1,data\raw\MELD\MELD-RAW\MELD.Raw\train\train_splits\dia619_utt6.mp4,data\preprocessed\features\z_at\train_dia619_utt6.pt,data\preprocessed\features\z_v\train_dia619_utt6.pt
train_dia619_utt7,meld_real,0,meld_Rachel,sadness,sadness,-1,1,1,1,data\raw\MELD\MELD-RAW\MELD.Raw\train\train_splits\dia619_utt7.mp4,data\preprocessed\features\z_at\train_dia619_utt7.pt,data\preprocessed\features\z_v\train_dia619_utt7.pt
train_dia619_utt8,meld_real,0,meld_Janice,disgust,disgust,-1,1,1,1,data\raw\MELD\MELD-RAW\MELD.Raw\train\train_splits\dia619_utt8.mp4,data\preprocessed\features\z_at\train_dia619_utt8.pt,data\preprocessed\features\z_v\train_dia619_utt8.pt
train_dia61_utt4,meld_real,0,meld_Doug,neutral,neutral,-1,1,1,1,data\raw\MELD\MELD-RAW\MELD.Raw\train\train_splits\dia61_utt4.mp4,data\preprocessed\features\z_at\train_dia61_utt4.pt,data\preprocessed\features\z_v\train_dia61_utt4.pt
train_dia61_utt6,meld_real,0,meld_Doug,joy,joy,-1,1,1,1,data\raw\MELD\MELD-RAW\MELD.Raw\train\train_splits\dia61_utt6.mp4,data\preprocessed\features\z_at\train_dia61_utt6.pt,data\preprocessed\features\z_v\train_dia61_utt6.pt
train_dia620_utt0,meld_real,0,meld_Phoebe,neutral,neutral,-1,1,1,1,data\raw\MELD\MELD-RAW\MELD.Raw\train\train_splits\dia620_utt0.mp4,data\preprocessed\features\z_at\train_dia620_utt0.pt,data\preprocessed\features\z_v\train_dia620_utt0.pt
train_dia621_utt4,meld_real,0,meld_Rachel,anger,anger,-1,1,1,1,data\raw\MELD\MELD-RAW\MELD.Raw\train\train_splits\dia621_utt4.mp4,data\preprocessed\features\z_at\train_dia621_utt4.pt,data\preprocessed\features\z_v\train_dia621_utt4.pt
train_dia621_utt6,meld_real,0,meld_Rachel,neutral,neutral,-1,1,1,1,data\raw\MELD\MELD-RAW\MELD.Raw\train\train_splits\dia621_utt6.mp4,data\preprocessed\features\z_at\train_dia621_utt6.pt,data\preprocessed\features\z_v\train_dia621_utt6.pt
train_dia621_utt7,meld_real,0,meld_Ross,neutral,neutral,-1,1,1,1,data\raw\MELD\MELD-RAW\MELD.Raw\train\train_splits\dia621_utt7.mp4,data\preprocessed\features\z_at\train_dia621_utt7.pt,data\preprocessed\features\z_v\train_dia621_utt7.pt
train_dia622_utt13,meld_real,0,meld_Rachel,joy,joy,-1,1,1,1,data\raw\MELD\MELD-RAW\MELD.Raw\train\train_splits\dia622_utt13.mp4,data\preprocessed\features\z_at\train_dia622_utt13.pt,data\preprocessed\features\z_v\train_dia622_utt13.pt
train_dia622_utt14,meld_real,0,meld_Phoebe,neutral,neutral,-1,1,1,1,data\raw\MELD\MELD-RAW\MELD.Raw\train\train_splits\dia622_utt14.mp4,data\preprocessed\features\z_at\train_dia622_utt14.pt,data\preprocessed\features\z_v\train_dia622_utt14.pt
train_dia622_utt2,meld_real,0,meld_Rachel,neutral,neutral,-1,1,1,1,data\raw\MELD\MELD-RAW\MELD.Raw\train\train_splits\dia622_utt2.mp4,data\preprocessed\features\z_at\train_dia622_utt2.pt,data\preprocessed\features\z_v\train_dia622_utt2.pt
train_dia622_utt3,meld_real,0,meld_Phoebe,neutral,neutral,-1,1,1,1,data\raw\MELD\MELD-RAW\MELD.Raw\train\train_splits\dia622_utt3.mp4,data\preprocessed\features\z_at\train_dia622_utt3.pt,data\preprocessed\features\z_v\train_dia622_utt3.pt
train_dia622_utt6,meld_real,0,meld_Rachel,neutral,neutral,-1,1,1,1,data\raw\MELD\MELD-RAW\MELD.Raw\train\train_splits\dia622_utt6.mp4,data\preprocessed\features\z_at\train_dia622_utt6.pt,data\preprocessed\features\z_v\train_dia622_utt6.pt
train_dia622_utt9,meld_real,0,meld_Phoebe,neutral,neutral,-1,1,1,1,data\raw\MELD\MELD-RAW\MELD.Raw\train\train_splits\dia622_utt9.mp4,data\preprocessed\features\z_at\train_dia622_utt9.pt,data\preprocessed\features\z_v\train_dia622_utt9.pt
train_dia623_utt12,meld_real,0,meld_Joey,joy,joy,-1,1,1,1,data\raw\MELD\MELD-RAW\MELD.Raw\train\train_splits\dia623_utt12.mp4,data\preprocessed\features\z_at\train_dia623_utt12.pt,data\preprocessed\features\z_v\train_dia623_utt12.pt
train_dia623_utt15,meld_real,0,meld_Ross,neutral,neutral,-1,1,1,1,data\raw\MELD\MELD-RAW\MELD.Raw\train\train_splits\dia623_utt15.mp4,data\preprocessed\features\z_at\train_dia623_utt15.pt,data\preprocessed\features\z_v\train_dia623_utt15.pt
train_dia623_utt3,meld_real,0,meld_Joey,anger,anger,-1,1,1,1,data\raw\MELD\MELD-RAW\MELD.Raw\train\train_splits\dia623_utt3.mp4,data\preprocessed\features\z_at\train_dia623_utt3.pt,data\preprocessed\features\z_v\train_dia623_utt3.pt
train_dia625_utt10,meld_real,0,meld_Ross,neutral,neutral,-1,1,1,1,data\raw\MELD\MELD-RAW\MELD.Raw\train\train_splits\dia625_utt10.mp4,data\preprocessed\features\z_at\train_dia625_utt10.pt,data\preprocessed\features\z_v\train_dia625_utt10.pt
train_dia625_utt14,meld_real,0,meld_Ross,neutral,neutral,-1,1,1,1,data\raw\MELD\MELD-RAW\MELD.Raw\train\train_splits\dia625_utt14.mp4,data\preprocessed\features\z_at\train_dia625_utt14.pt,data\preprocessed\features\z_v\train_dia625_utt14.pt
train_dia625_utt15,meld_real,0,meld_Joey,neutral,neutral,-1,1,1,1,data\raw\MELD\MELD-RAW\MELD.Raw\train\train_splits\dia625_utt15.mp4,data\preprocessed\features\z_at\train_dia625_utt15.pt,data\preprocessed\features\z_v\train_dia625_utt15.pt
train_dia625_utt17,meld_real,0,meld_Joey,neutral,neutral,-1,1,1,1,data\raw\MELD\MELD-RAW\MELD.Raw\train\train_splits\dia625_utt17.mp4,data\preprocessed\features\z_at\train_dia625_utt17.pt,data\preprocessed\features\z_v\train_dia625_utt17.pt
train_dia625_utt19,meld_real,0,meld_Joey,neutral,neutral,-1,1,1,1,data\raw\MELD\MELD-RAW\MELD.Raw\train\train_splits\dia625_utt19.mp4,data\preprocessed\features\z_at\train_dia625_utt19.pt,data\preprocessed\features\z_v\train_dia625_utt19.pt
train_dia625_utt4,meld_real,0,meld_Ross,joy,joy,-1,1,1,1,data\raw\MELD\MELD-RAW\MELD.Raw\train\train_splits\dia625_utt4.mp4,data\preprocessed\features\z_at\train_dia625_utt4.pt,data\preprocessed\features\z_v\train_dia625_utt4.pt
train_dia625_utt5,meld_real,0,meld_Joey,neutral,neutral,-1,1,1,1,data\raw\MELD\MELD-RAW\MELD.Raw\train\train_splits\dia625_utt5.mp4,data\preprocessed\features\z_at\train_dia625_utt5.pt,data\preprocessed\features\z_v\train_dia625_utt5.pt
train_dia625_utt8,meld_real,0,meld_Ross,neutral,neutral,-1,1,1,1,data\raw\MELD\MELD-RAW\MELD.Raw\train\train_splits\dia625_utt8.mp4,data\preprocessed\features\z_at\train_dia625_utt8.pt,data\preprocessed\features\z_v\train_dia625_utt8.pt
train_dia626_utt12,meld_real,0,meld_Joey,neutral,neutral,-1,1,1,1,data\raw\MELD\MELD-RAW\MELD.Raw\train\train_splits\dia626_utt12.mp4,data\preprocessed\features\z_at\train_dia626_utt12.pt,data\preprocessed\features\z_v\train_dia626_utt12.pt
train_dia626_utt4,meld_real,0,meld_Chandler,anger,anger,-1,1,1,1,data\raw\MELD\MELD-RAW\MELD.Raw\train\train_splits\dia626_utt4.mp4,data\preprocessed\features\z_at\train_dia626_utt4.pt,data\preprocessed\features\z_v\train_dia626_utt4.pt
train_dia626_utt7,meld_real,0,meld_Monica,neutral,neutral,-1,1,1,1,data\raw\MELD\MELD-RAW\MELD.Raw\train\train_splits\dia626_utt7.mp4,data\preprocessed\features\z_at\train_dia626_utt7.pt,data\preprocessed\features\z_v\train_dia626_utt7.pt
train_dia626_utt9,meld_real,0,meld_Monica,neutral,neutral,-1,1,1,1,data\raw\MELD\MELD-RAW\MELD.Raw\train\train_splits\dia626_utt9.mp4,data\preprocessed\features\z_at\train_dia626_utt9.pt,data\preprocessed\features\z_v\train_dia626_utt9.pt
train_dia628_utt11,meld_real,0,meld_Joey,neutral,neutral,-1,1,1,1,data\raw\MELD\MELD-RAW\MELD.Raw\train\train_splits\dia628_utt11.mp4,data\preprocessed\features\z_at\train_dia628_utt11.pt,data\preprocessed\features\z_v\train_dia628_utt11.pt
train_dia628_utt2,meld_real,0,meld_Joey,neutral,neutral,-1,1,1,1,data\raw\MELD\MELD-RAW\MELD.Raw\train\train_splits\dia628_utt2.mp4,data\preprocessed\features\z_at\train_dia628_utt2.pt,data\preprocessed\features\z_v\train_dia628_utt2.pt
train_dia628_utt3,meld_real,0,meld_Joey,neutral,neutral,-1,1,1,1,data\raw\MELD\MELD-RAW\MELD.Raw\train\train_splits\dia628_utt3.mp4,data\preprocessed\features\z_at\train_dia628_utt3.pt,data\preprocessed\features\z_v\train_dia628_utt3.pt
train_dia629_utt0,meld_real,0,meld_Carol,neutral,neutral,-1,1,1,1,data\raw\MELD\MELD-RAW\MELD.Raw\train\train_splits\dia629_utt0.mp4,data\preprocessed\features\z_at\train_dia629_utt0.pt,data\preprocessed\features\z_v\train_dia629_utt0.pt
train_dia629_utt1,meld_real,0,meld_Ross,joy,joy,-1,1,1,1,data\raw\MELD\MELD-RAW\MELD.Raw\train\train_splits\dia629_utt1.mp4,data\preprocessed\features\z_at\train_dia629_utt1.pt,data\preprocessed\features\z_v\train_dia629_utt1.pt
train_dia629_utt12,meld_real,0,meld_Monica,neutral,neutral,-1,1,1,1,data\raw\MELD\MELD-RAW\MELD.Raw\train\train_splits\dia629_utt12.mp4,data\preprocessed\features\z_at\train_dia629_utt12.pt,data\preprocessed\features\z_v\train_dia629_utt12.pt
train_dia629_utt13,meld_real,0,meld_Monica,neutral,neutral,-1,1,1,1,data\raw\MELD\MELD-RAW\MELD.Raw\train\train_splits\dia629_utt13.mp4,data\preprocessed\features\z_at\train_dia629_utt13.pt,data\preprocessed\features\z_v\train_dia629_utt13.pt
train_dia629_utt8,meld_real,0,meld_Ross,joy,joy,-1,1,1,1,data\raw\MELD\MELD-RAW\MELD.Raw\train\train_splits\dia629_utt8.mp4,data\preprocessed\features\z_at\train_dia629_utt8.pt,data\preprocessed\features\z_v\train_dia629_utt8.pt
train_dia62_utt0,meld_real,0,meld_Chandler,neutral,neutral,-1,1,1,1,data\raw\MELD\MELD-RAW\MELD.Raw\train\train_splits\dia62_utt0.mp4,data\preprocessed\features\z_at\train_dia62_utt0.pt,data\preprocessed\features\z_v\train_dia62_utt0.pt
train_dia62_utt11,meld_real,0,meld_Chandler,neutral,neutral,-1,1,1,1,data\raw\MELD\MELD-RAW\MELD.Raw\train\train_splits\dia62_utt11.mp4,data\preprocessed\features\z_at\train_dia62_utt11.pt,data\preprocessed\features\z_v\train_dia62_utt11.pt
train_dia62_utt9,meld_real,0,meld_Chandler,neutral,neutral,-1,1,1,1,data\raw\MELD\MELD-RAW\MELD.Raw\train\train_splits\dia62_utt9.mp4,data\preprocessed\features\z_at\train_dia62_utt9.pt,data\preprocessed\features\z_v\train_dia62_utt9.pt
train_dia630_utt0,meld_real,0,meld_Monica,joy,joy,-1,1,1,1,data\raw\MELD\MELD-RAW\MELD.Raw\train\train_splits\dia630_utt0.mp4,data\preprocessed\features\z_at\train_dia630_utt0.pt,data\preprocessed\features\z_v\train_dia630_utt0.pt
train_dia630_utt1,meld_real,0,meld_Phoebe,joy,joy,-1,1,1,1,data\raw\MELD\MELD-RAW\MELD.Raw\train\train_splits\dia630_utt1.mp4,data\preprocessed\features\z_at\train_dia630_utt1.pt,data\preprocessed\features\z_v\train_dia630_utt1.pt
train_dia630_utt12,meld_real,0,meld_Joey,neutral,neutral,-1,1,1,1,data\raw\MELD\MELD-RAW\MELD.Raw\train\train_splits\dia630_utt12.mp4,data\preprocessed\features\z_at\train_dia630_utt12.pt,data\preprocessed\features\z_v\train_dia630_utt12.pt
train_dia630_utt13,meld_real,0,meld_Joey,neutral,neutral,-1,1,1,1,data\raw\MELD\MELD-RAW\MELD.Raw\train\train_splits\dia630_utt13.mp4,data\preprocessed\features\z_at\train_dia630_utt13.pt,data\preprocessed\features\z_v\train_dia630_utt13.pt
train_dia630_utt9,meld_real,0,meld_Phoebe,neutral,neutral,-1,1,1,1,data\raw\MELD\MELD-RAW\MELD.Raw\train\train_splits\dia630_utt9.mp4,data\preprocessed\features\z_at\train_dia630_utt9.pt,data\preprocessed\features\z_v\train_dia630_utt9.pt
train_dia632_utt15,meld_real,0,meld_Rachel,neutral,neutral,-1,1,1,1,data\raw\MELD\MELD-RAW\MELD.Raw\train\train_splits\dia632_utt15.mp4,data\preprocessed\features\z_at\train_dia632_utt15.pt,data\preprocessed\features\z_v\train_dia632_utt15.pt
train_dia632_utt17,meld_real,0,meld_Rachel,sadness,sadness,-1,1,1,1,data\raw\MELD\MELD-RAW\MELD.Raw\train\train_splits\dia632_utt17.mp4,data\preprocessed\features\z_at\train_dia632_utt17.pt,data\preprocessed\features\z_v\train_dia632_utt17.pt
train_dia632_utt9,meld_real,0,meld_Rachel,neutral,neutral,-1,1,1,1,data\raw\MELD\MELD-RAW\MELD.Raw\train\train_splits\dia632_utt9.mp4,data\preprocessed\features\z_at\train_dia632_utt9.pt,data\preprocessed\features\z_v\train_dia632_utt9.pt
train_dia633_utt2,meld_real,0,meld_Phoebe,neutral,neutral,-1,1,1,1,data\raw\MELD\MELD-RAW\MELD.Raw\train\train_splits\dia633_utt2.mp4,data\preprocessed\features\z_at\train_dia633_utt2.pt,data\preprocessed\features\z_v\train_dia633_utt2.pt
train_dia634_utt3,meld_real,0,meld_Rachel,anger,anger,-1,1,1,1,data\raw\MELD\MELD-RAW\MELD.Raw\train\train_splits\dia634_utt3.mp4,data\preprocessed\features\z_at\train_dia634_utt3.pt,data\preprocessed\features\z_v\train_dia634_utt3.pt
train_dia634_utt5,meld_real,0,meld_Rachel,sadness,sadness,-1,1,1,1,data\raw\MELD\MELD-RAW\MELD.Raw\train\train_splits\dia634_utt5.mp4,data\preprocessed\features\z_at\train_dia634_utt5.pt,data\preprocessed\features\z_v\train_dia634_utt5.pt
train_dia634_utt6,meld_real,0,meld_Rachel,neutral,neutral,-1,1,1,1,data\raw\MELD\MELD-RAW\MELD.Raw\train\train_splits\dia634_utt6.mp4,data\preprocessed\features\z_at\train_dia634_utt6.pt,data\preprocessed\features\z_v\train_dia634_utt6.pt
train_dia635_utt0,meld_real,0,meld_Monica,neutral,neutral,-1,1,1,1,data\raw\MELD\MELD-RAW\MELD.Raw\train\train_splits\dia635_utt0.mp4,data\preprocessed\features\z_at\train_dia635_utt0.pt,data\preprocessed\features\z_v\train_dia635_utt0.pt
train_dia635_utt2,meld_real,0,meld_Monica,neutral,neutral,-1,1,1,1,data\raw\MELD\MELD-RAW\MELD.Raw\train\train_splits\dia635_utt2.mp4,data\preprocessed\features\z_at\train_dia635_utt2.pt,data\preprocessed\features\z_v\train_dia635_utt2.pt
train_dia635_utt5,meld_real,0,meld_Chandler,neutral,neutral,-1,1,1,1,data\raw\MELD\MELD-RAW\MELD.Raw\train\train_splits\dia635_utt5.mp4,data\preprocessed\features\z_at\train_dia635_utt5.pt,data\preprocessed\features\z_v\train_dia635_utt5.pt
train_dia636_utt5,meld_real,0,meld_Phoebe,joy,joy,-1,1,1,1,data\raw\MELD\MELD-RAW\MELD.Raw\train\train_splits\dia636_utt5.mp4,data\preprocessed\features\z_at\train_dia636_utt5.pt,data\preprocessed\features\z_v\train_dia636_utt5.pt
train_dia636_utt6,meld_real,0,meld_Rachel,neutral,neutral,-1,1,1,1,data\raw\MELD\MELD-RAW\MELD.Raw\train\train_splits\dia636_utt6.mp4,data\preprocessed\features\z_at\train_dia636_utt6.pt,data\preprocessed\features\z_v\train_dia636_utt6.pt
train_dia637_utt11,meld_real,0,meld_Ross,neutral,neutral,-1,1,1,1,data\raw\MELD\MELD-RAW\MELD.Raw\train\train_splits\dia637_utt11.mp4,data\preprocessed\features\z_at\train_dia637_utt11.pt,data\preprocessed\features\z_v\train_dia637_utt11.pt
train_dia638_utt6,meld_real,0,meld_Ross,neutral,neutral,-1,1,1,1,data\raw\MELD\MELD-RAW\MELD.Raw\train\train_splits\dia638_utt6.mp4,data\preprocessed\features\z_at\train_dia638_utt6.pt,data\preprocessed\features\z_v\train_dia638_utt6.pt
train_dia639_utt1,meld_real,0,meld_Phoebe,joy,joy,-1,1,1,1,data\raw\MELD\MELD-RAW\MELD.Raw\train\train_splits\dia639_utt1.mp4,data\preprocessed\features\z_at\train_dia639_utt1.pt,data\preprocessed\features\z_v\train_dia639_utt1.pt
train_dia639_utt5,meld_real,0,meld_Ross,neutral,neutral,-1,1,1,1,data\raw\MELD\MELD-RAW\MELD.Raw\train\train_splits\dia639_utt5.mp4,data\preprocessed\features\z_at\train_dia639_utt5.pt,data\preprocessed\features\z_v\train_dia639_utt5.pt
train_dia63_utt1,meld_real,0,meld_Chandler,neutral,neutral,-1,1,1,1,data\raw\MELD\MELD-RAW\MELD.Raw\train\train_splits\dia63_utt1.mp4,data\preprocessed\features\z_at\train_dia63_utt1.pt,data\preprocessed\features\z_v\train_dia63_utt1.pt
train_dia63_utt2,meld_real,0,meld_Ross,joy,joy,-1,1,1,1,data\raw\MELD\MELD-RAW\MELD.Raw\train\train_splits\dia63_utt2.mp4,data\preprocessed\features\z_at\train_dia63_utt2.pt,data\preprocessed\features\z_v\train_dia63_utt2.pt
train_dia63_utt4,meld_real,0,meld_Ross,joy,joy,-1,1,1,1,data\raw\MELD\MELD-RAW\MELD.Raw\train\train_splits\dia63_utt4.mp4,data\preprocessed\features\z_at\train_dia63_utt4.pt,data\preprocessed\features\z_v\train_dia63_utt4.pt
train_dia63_utt7,meld_real,0,meld_Chandler,sadness,sadness,-1,1,1,1,data\raw\MELD\MELD-RAW\MELD.Raw\train\train_splits\dia63_utt7.mp4,data\preprocessed\features\z_at\train_dia63_utt7.pt,data\preprocessed\features\z_v\train_dia63_utt7.pt
train_dia640_utt10,meld_real,0,meld_Rachel,neutral,neutral,-1,1,1,1,data\raw\MELD\MELD-RAW\MELD.Raw\train\train_splits\dia640_utt10.mp4,data\preprocessed\features\z_at\train_dia640_utt10.pt,data\preprocessed\features\z_v\train_dia640_utt10.pt
train_dia640_utt12,meld_real,0,meld_Mr._Posner,neutral,neutral,-1,1,1,1,data\raw\MELD\MELD-RAW\MELD.Raw\train\train_splits\dia640_utt12.mp4,data\preprocessed\features\z_at\train_dia640_utt12.pt,data\preprocessed\features\z_v\train_dia640_utt12.pt
train_dia640_utt3,meld_real,0,meld_Joanna,neutral,neutral,-1,1,1,1,data\raw\MELD\MELD-RAW\MELD.Raw\train\train_splits\dia640_utt3.mp4,data\preprocessed\features\z_at\train_dia640_utt3.pt,data\preprocessed\features\z_v\train_dia640_utt3.pt
train_dia640_utt6,meld_real,0,meld_Rachel,neutral,neutral,-1,1,1,1,data\raw\MELD\MELD-RAW\MELD.Raw\train\train_splits\dia640_utt6.mp4,data\preprocessed\features\z_at\train_dia640_utt6.pt,data\preprocessed\features\z_v\train_dia640_utt6.pt
train_dia640_utt8,meld_real,0,meld_Rachel,joy,joy,-1,1,1,1,data\raw\MELD\MELD-RAW\MELD.Raw\train\train_splits\dia640_utt8.mp4,data\preprocessed\features\z_at\train_dia640_utt8.pt,data\preprocessed\features\z_v\train_dia640_utt8.pt
train_dia641_utt1,meld_real,0,meld_Chandler,fear,fear,-1,1,1,1,data\raw\MELD\MELD-RAW\MELD.Raw\train\train_splits\dia641_utt1.mp4,data\preprocessed\features\z_at\train_dia641_utt1.pt,data\preprocessed\features\z_v\train_dia641_utt1.pt
train_dia642_utt0,meld_real,0,meld_Monica,neutral,neutral,-1,1,1,1,data\raw\MELD\MELD-RAW\MELD.Raw\train\train_splits\dia642_utt0.mp4,data\preprocessed\features\z_at\train_dia642_utt0.pt,data\preprocessed\features\z_v\train_dia642_utt0.pt
train_dia643_utt6,meld_real,0,meld_Ross,neutral,neutral,-1,1,1,1,data\raw\MELD\MELD-RAW\MELD.Raw\train\train_splits\dia643_utt6.mp4,data\preprocessed\features\z_at\train_dia643_utt6.pt,data\preprocessed\features\z_v\train_dia643_utt6.pt
train_dia644_utt7,meld_real,0,meld_Chandler,anger,anger,-1,1,1,1,data\raw\MELD\MELD-RAW\MELD.Raw\train\train_splits\dia644_utt7.mp4,data\preprocessed\features\z_at\train_dia644_utt7.pt,data\preprocessed\features\z_v\train_dia644_utt7.pt
train_dia645_utt15,meld_real,0,meld_Ross,neutral,neutral,-1,1,1,1,data\raw\MELD\MELD-RAW\MELD.Raw\train\train_splits\dia645_utt15.mp4,data\preprocessed\features\z_at\train_dia645_utt15.pt,data\preprocessed\features\z_v\train_dia645_utt15.pt
train_dia645_utt16,meld_real,0,meld_Phoebe,neutral,neutral,-1,1,1,1,data\raw\MELD\MELD-RAW\MELD.Raw\train\train_splits\dia645_utt16.mp4,data\preprocessed\features\z_at\train_dia645_utt16.pt,data\preprocessed\features\z_v\train_dia645_utt16.pt
train_dia645_utt8,meld_real,0,meld_Rachel,fear,fear,-1,1,1,1,data\raw\MELD\MELD-RAW\MELD.Raw\train\train_splits\dia645_utt8.mp4,data\preprocessed\features\z_at\train_dia645_utt8.pt,data\preprocessed\features\z_v\train_dia645_utt8.pt
train_dia646_utt1,meld_real,0,meld_Rachel,joy,joy,-1,1,1,1,data\raw\MELD\MELD-RAW\MELD.Raw\train\train_splits\dia646_utt1.mp4,data\preprocessed\features\z_at\train_dia646_utt1.pt,data\preprocessed\features\z_v\train_dia646_utt1.pt
train_dia646_utt5,meld_real,0,meld_Rachel,joy,joy,-1,1,1,1,data\raw\MELD\MELD-RAW\MELD.Raw\train\train_splits\dia646_utt5.mp4,data\preprocessed\features\z_at\train_dia646_utt5.pt,data\preprocessed\features\z_v\train_dia646_utt5.pt
train_dia648_utt0,meld_real,0,meld_Monica,neutral,neutral,-1,1,1,1,data\raw\MELD\MELD-RAW\MELD.Raw\train\train_splits\dia648_utt0.mp4,data\preprocessed\features\z_at\train_dia648_utt0.pt,data\preprocessed\features\z_v\train_dia648_utt0.pt
train_dia648_utt1,meld_real,0,meld_Monica,anger,anger,-1,1,1,1,data\raw\MELD\MELD-RAW\MELD.Raw\train\train_splits\dia648_utt1.mp4,data\preprocessed\features\z_at\train_dia648_utt1.pt,data\preprocessed\features\z_v\train_dia648_utt1.pt
train_dia648_utt2,meld_real,0,meld_Monica,anger,anger,-1,1,1,1,data\raw\MELD\MELD-RAW\MELD.Raw\train\train_splits\dia648_utt2.mp4,data\preprocessed\features\z_at\train_dia648_utt2.pt,data\preprocessed\features\z_v\train_dia648_utt2.pt
train_dia648_utt3,meld_real,0,meld_Monica,anger,anger,-1,1,1,1,data\raw\MELD\MELD-RAW\MELD.Raw\train\train_splits\dia648_utt3.mp4,data\preprocessed\features\z_at\train_dia648_utt3.pt,data\preprocessed\features\z_v\train_dia648_utt3.pt
train_dia648_utt5,meld_real,0,meld_Monica,neutral,neutral,-1,1,1,1,data\raw\MELD\MELD-RAW\MELD.Raw\train\train_splits\dia648_utt5.mp4,data\preprocessed\features\z_at\train_dia648_utt5.pt,data\preprocessed\features\z_v\train_dia648_utt5.pt
train_dia649_utt10,meld_real,0,meld_Rachel,neutral,neutral,-1,1,1,1,data\raw\MELD\MELD-RAW\MELD.Raw\train\train_splits\dia649_utt10.mp4,data\preprocessed\features\z_at\train_dia649_utt10.pt,data\preprocessed\features\z_v\train_dia649_utt10.pt
train_dia649_utt15,meld_real,0,meld_Joey,neutral,neutral,-1,1,1,1,data\raw\MELD\MELD-RAW\MELD.Raw\train\train_splits\dia649_utt15.mp4,data\preprocessed\features\z_at\train_dia649_utt15.pt,data\preprocessed\features\z_v\train_dia649_utt15.pt
train_dia649_utt17,meld_real,0,meld_Joey,neutral,neutral,-1,1,1,1,data\raw\MELD\MELD-RAW\MELD.Raw\train\train_splits\dia649_utt17.mp4,data\preprocessed\features\z_at\train_dia649_utt17.pt,data\preprocessed\features\z_v\train_dia649_utt17.pt
train_dia649_utt23,meld_real,0,meld_Joey,anger,anger,-1,1,1,1,data\raw\MELD\MELD-RAW\MELD.Raw\train\train_splits\dia649_utt23.mp4,data\preprocessed\features\z_at\train_dia649_utt23.pt,data\preprocessed\features\z_v\train_dia649_utt23.pt
train_dia649_utt6,meld_real,0,meld_Joey,neutral,neutral,-1,1,1,1,data\raw\MELD\MELD-RAW\MELD.Raw\train\train_splits\dia649_utt6.mp4,data\preprocessed\features\z_at\train_dia649_utt6.pt,data\preprocessed\features\z_v\train_dia649_utt6.pt
train_dia64_utt12,meld_real,0,meld_Chandler,neutral,neutral,-1,1,1,1,data\raw\MELD\MELD-RAW\MELD.Raw\train\train_splits\dia64_utt12.mp4,data\preprocessed\features\z_at\train_dia64_utt12.pt,data\preprocessed\features\z_v\train_dia64_utt12.pt
train_dia64_utt4,meld_real,0,meld_Monica,neutral,neutral,-1,1,1,1,data\raw\MELD\MELD-RAW\MELD.Raw\train\train_splits\dia64_utt4.mp4,data\preprocessed\features\z_at\train_dia64_utt4.pt,data\preprocessed\features\z_v\train_dia64_utt4.pt
train_dia650_utt0,meld_real,0,meld_Rachel,anger,anger,-1,1,1,1,data\raw\MELD\MELD-RAW\MELD.Raw\train\train_splits\dia650_utt0.mp4,data\preprocessed\features\z_at\train_dia650_utt0.pt,data\preprocessed\features\z_v\train_dia650_utt0.pt
train_dia650_utt8,meld_real,0,meld_Rachel,joy,joy,-1,1,1,1,data\raw\MELD\MELD-RAW\MELD.Raw\train\train_splits\dia650_utt8.mp4,data\preprocessed\features\z_at\train_dia650_utt8.pt,data\preprocessed\features\z_v\train_dia650_utt8.pt
train_dia651_utt11,meld_real,0,meld_Joey,neutral,neutral,-1,1,1,1,data\raw\MELD\MELD-RAW\MELD.Raw\train\train_splits\dia651_utt11.mp4,data\preprocessed\features\z_at\train_dia651_utt11.pt,data\preprocessed\features\z_v\train_dia651_utt11.pt
train_dia651_utt6,meld_real,0,meld_Ross,neutral,neutral,-1,1,1,1,data\raw\MELD\MELD-RAW\MELD.Raw\train\train_splits\dia651_utt6.mp4,data\preprocessed\features\z_at\train_dia651_utt6.pt,data\preprocessed\features\z_v\train_dia651_utt6.pt
train_dia651_utt9,meld_real,0,meld_Joey,neutral,neutral,-1,1,1,1,data\raw\MELD\MELD-RAW\MELD.Raw\train\train_splits\dia651_utt9.mp4,data\preprocessed\features\z_at\train_dia651_utt9.pt,data\preprocessed\features\z_v\train_dia651_utt9.pt
train_dia652_utt7,meld_real,0,meld_Chandler,joy,joy,-1,1,1,1,data\raw\MELD\MELD-RAW\MELD.Raw\train\train_splits\dia652_utt7.mp4,data\preprocessed\features\z_at\train_dia652_utt7.pt,data\preprocessed\features\z_v\train_dia652_utt7.pt
train_dia652_utt9,meld_real,0,meld_Chandler,fear,fear,-1,1,1,1,data\raw\MELD\MELD-RAW\MELD.Raw\train\train_splits\dia652_utt9.mp4,data\preprocessed\features\z_at\train_dia652_utt9.pt,data\preprocessed\features\z_v\train_dia652_utt9.pt
train_dia653_utt0,meld_real,0,meld_Chandler,neutral,neutral,-1,1,1,1,data\raw\MELD\MELD-RAW\MELD.Raw\train\train_splits\dia653_utt0.mp4,data\preprocessed\features\z_at\train_dia653_utt0.pt,data\preprocessed\features\z_v\train_dia653_utt0.pt
train_dia654_utt0,meld_real,0,meld_Chandler,sadness,sadness,-1,1,1,1,data\raw\MELD\MELD-RAW\MELD.Raw\train\train_splits\dia654_utt0.mp4,data\preprocessed\features\z_at\train_dia654_utt0.pt,data\preprocessed\features\z_v\train_dia654_utt0.pt
train_dia654_utt3,meld_real,0,meld_Monica,anger,anger,-1,1,1,1,data\raw\MELD\MELD-RAW\MELD.Raw\train\train_splits\dia654_utt3.mp4,data\preprocessed\features\z_at\train_dia654_utt3.pt,data\preprocessed\features\z_v\train_dia654_utt3.pt
train_dia654_utt4,meld_real,0,meld_Chandler,sadness,sadness,-1,1,1,1,data\raw\MELD\MELD-RAW\MELD.Raw\train\train_splits\dia654_utt4.mp4,data\preprocessed\features\z_at\train_dia654_utt4.pt,data\preprocessed\features\z_v\train_dia654_utt4.pt
train_dia654_utt6,meld_real,0,meld_Chandler,neutral,neutral,-1,1,1,1,data\raw\MELD\MELD-RAW\MELD.Raw\train\train_splits\dia654_utt6.mp4,data\preprocessed\features\z_at\train_dia654_utt6.pt,data\preprocessed\features\z_v\train_dia654_utt6.pt
train_dia655_utt11,meld_real,0,meld_Ross,joy,joy,-1,1,1,1,data\raw\MELD\MELD-RAW\MELD.Raw\train\train_splits\dia655_utt11.mp4,data\preprocessed\features\z_at\train_dia655_utt11.pt,data\preprocessed\features\z_v\train_dia655_utt11.pt
train_dia655_utt12,meld_real,0,meld_Elizabeth,joy,joy,-1,1,1,1,data\raw\MELD\MELD-RAW\MELD.Raw\train\train_splits\dia655_utt12.mp4,data\preprocessed\features\z_at\train_dia655_utt12.pt,data\preprocessed\features\z_v\train_dia655_utt12.pt
train_dia655_utt15,meld_real,0,meld_Ross,joy,joy,-1,1,1,1,data\raw\MELD\MELD-RAW\MELD.Raw\train\train_splits\dia655_utt15.mp4,data\preprocessed\features\z_at\train_dia655_utt15.pt,data\preprocessed\features\z_v\train_dia655_utt15.pt
train_dia655_utt3,meld_real,0,meld_Ross,sadness,sadness,-1,1,1,1,data\raw\MELD\MELD-RAW\MELD.Raw\train\train_splits\dia655_utt3.mp4,data\preprocessed\features\z_at\train_dia655_utt3.pt,data\preprocessed\features\z_v\train_dia655_utt3.pt
train_dia655_utt8,meld_real,0,meld_Elizabeth,joy,joy,-1,1,1,1,data\raw\MELD\MELD-RAW\MELD.Raw\train\train_splits\dia655_utt8.mp4,data\preprocessed\features\z_at\train_dia655_utt8.pt,data\preprocessed\features\z_v\train_dia655_utt8.pt
train_dia657_utt10,meld_real,0,meld_Megan,neutral,neutral,-1,1,1,1,data\raw\MELD\MELD-RAW\MELD.Raw\train\train_splits\dia657_utt10.mp4,data\preprocessed\features\z_at\train_dia657_utt10.pt,data\preprocessed\features\z_v\train_dia657_utt10.pt
train_dia657_utt11,meld_real,0,meld_Monica,neutral,neutral,-1,1,1,1,data\raw\MELD\MELD-RAW\MELD.Raw\train\train_splits\dia657_utt11.mp4,data\preprocessed\features\z_at\train_dia657_utt11.pt,data\preprocessed\features\z_v\train_dia657_utt11.pt
train_dia657_utt12,meld_real,0,meld_Megan,joy,joy,-1,1,1,1,data\raw\MELD\MELD-RAW\MELD.Raw\train\train_splits\dia657_utt12.mp4,data\preprocessed\features\z_at\train_dia657_utt12.pt,data\preprocessed\features\z_v\train_dia657_utt12.pt
train_dia657_utt13,meld_real,0,meld_Monica,neutral,neutral,-1,1,1,1,data\raw\MELD\MELD-RAW\MELD.Raw\train\train_splits\dia657_utt13.mp4,data\preprocessed\features\z_at\train_dia657_utt13.pt,data\preprocessed\features\z_v\train_dia657_utt13.pt
train_dia657_utt15,meld_real,0,meld_Phoebe,joy,joy,-1,1,1,1,data\raw\MELD\MELD-RAW\MELD.Raw\train\train_splits\dia657_utt15.mp4,data\preprocessed\features\z_at\train_dia657_utt15.pt,data\preprocessed\features\z_v\train_dia657_utt15.pt
train_dia657_utt17,meld_real,0,meld_Rachel,neutral,neutral,-1,1,1,1,data\raw\MELD\MELD-RAW\MELD.Raw\train\train_splits\dia657_utt17.mp4,data\preprocessed\features\z_at\train_dia657_utt17.pt,data\preprocessed\features\z_v\train_dia657_utt17.pt
train_dia657_utt19,meld_real,0,meld_Rachel,neutral,neutral,-1,1,1,1,data\raw\MELD\MELD-RAW\MELD.Raw\train\train_splits\dia657_utt19.mp4,data\preprocessed\features\z_at\train_dia657_utt19.pt,data\preprocessed\features\z_v\train_dia657_utt19.pt
train_dia657_utt2,meld_real,0,meld_Rachel,neutral,neutral,-1,1,1,1,data\raw\MELD\MELD-RAW\MELD.Raw\train\train_splits\dia657_utt2.mp4,data\preprocessed\features\z_at\train_dia657_utt2.pt,data\preprocessed\features\z_v\train_dia657_utt2.pt
train_dia657_utt7,meld_real,0,meld_Megan,joy,joy,-1,1,1,1,data\raw\MELD\MELD-RAW\MELD.Raw\train\train_splits\dia657_utt7.mp4,data\preprocessed\features\z_at\train_dia657_utt7.pt,data\preprocessed\features\z_v\train_dia657_utt7.pt
train_dia658_utt10,meld_real,0,meld_Monica,neutral,neutral,-1,1,1,1,data\raw\MELD\MELD-RAW\MELD.Raw\train\train_splits\dia658_utt10.mp4,data\preprocessed\features\z_at\train_dia658_utt10.pt,data\preprocessed\features\z_v\train_dia658_utt10.pt
train_dia658_utt12,meld_real,0,meld_Chandler,neutral,neutral,-1,1,1,1,data\raw\MELD\MELD-RAW\MELD.Raw\train\train_splits\dia658_utt12.mp4,data\preprocessed\features\z_at\train_dia658_utt12.pt,data\preprocessed\features\z_v\train_dia658_utt12.pt
train_dia658_utt20,meld_real,0,meld_Ross,neutral,neutral,-1,1,1,1,data\raw\MELD\MELD-RAW\MELD.Raw\train\train_splits\dia658_utt20.mp4,data\preprocessed\features\z_at\train_dia658_utt20.pt,data\preprocessed\features\z_v\train_dia658_utt20.pt
train_dia659_utt19,meld_real,0,meld_Ross,joy,joy,-1,1,1,1,data\raw\MELD\MELD-RAW\MELD.Raw\train\train_splits\dia659_utt19.mp4,data\preprocessed\features\z_at\train_dia659_utt19.pt,data\preprocessed\features\z_v\train_dia659_utt19.pt
train_dia659_utt5,meld_real,0,meld_Ross,neutral,neutral,-1,1,1,1,data\raw\MELD\MELD-RAW\MELD.Raw\train\train_splits\dia659_utt5.mp4,data\preprocessed\features\z_at\train_dia659_utt5.pt,data\preprocessed\features\z_v\train_dia659_utt5.pt
train_dia661_utt2,meld_real,0,meld_Joey,neutral,neutral,-1,1,1,1,data\raw\MELD\MELD-RAW\MELD.Raw\train\train_splits\dia661_utt2.mp4,data\preprocessed\features\z_at\train_dia661_utt2.pt,data\preprocessed\features\z_v\train_dia661_utt2.pt
train_dia661_utt7,meld_real,0,meld_Chandler,anger,anger,-1,1,1,1,data\raw\MELD\MELD-RAW\MELD.Raw\train\train_splits\dia661_utt7.mp4,data\preprocessed\features\z_at\train_dia661_utt7.pt,data\preprocessed\features\z_v\train_dia661_utt7.pt
train_dia661_utt9,meld_real,0,meld_Chandler,sadness,sadness,-1,1,1,1,data\raw\MELD\MELD-RAW\MELD.Raw\train\train_splits\dia661_utt9.mp4,data\preprocessed\features\z_at\train_dia661_utt9.pt,data\preprocessed\features\z_v\train_dia661_utt9.pt
train_dia662_utt5,meld_real,0,meld_Annabelle,neutral,neutral,-1,1,1,1,data\raw\MELD\MELD-RAW\MELD.Raw\train\train_splits\dia662_utt5.mp4,data\preprocessed\features\z_at\train_dia662_utt5.pt,data\preprocessed\features\z_v\train_dia662_utt5.pt
train_dia663_utt8,meld_real,0,meld_Joey,neutral,neutral,-1,1,1,1,data\raw\MELD\MELD-RAW\MELD.Raw\train\train_splits\dia663_utt8.mp4,data\preprocessed\features\z_at\train_dia663_utt8.pt,data\preprocessed\features\z_v\train_dia663_utt8.pt
train_dia664_utt1,meld_real,0,meld_Ross,sadness,sadness,-1,1,1,1,data\raw\MELD\MELD-RAW\MELD.Raw\train\train_splits\dia664_utt1.mp4,data\preprocessed\features\z_at\train_dia664_utt1.pt,data\preprocessed\features\z_v\train_dia664_utt1.pt
train_dia664_utt3,meld_real,0,meld_Ross,sadness,sadness,-1,1,1,1,data\raw\MELD\MELD-RAW\MELD.Raw\train\train_splits\dia664_utt3.mp4,data\preprocessed\features\z_at\train_dia664_utt3.pt,data\preprocessed\features\z_v\train_dia664_utt3.pt
train_dia664_utt6,meld_real,0,meld_Joey,neutral,neutral,-1,1,1,1,data\raw\MELD\MELD-RAW\MELD.Raw\train\train_splits\dia664_utt6.mp4,data\preprocessed\features\z_at\train_dia664_utt6.pt,data\preprocessed\features\z_v\train_dia664_utt6.pt
train_dia664_utt8,meld_real,0,meld_Joey,neutral,neutral,-1,1,1,1,data\raw\MELD\MELD-RAW\MELD.Raw\train\train_splits\dia664_utt8.mp4,data\preprocessed\features\z_at\train_dia664_utt8.pt,data\preprocessed\features\z_v\train_dia664_utt8.pt
train_dia665_utt1,meld_real,0,meld_Phoebe,joy,joy,-1,1,1,1,data\raw\MELD\MELD-RAW\MELD.Raw\train\train_splits\dia665_utt1.mp4,data\preprocessed\features\z_at\train_dia665_utt1.pt,data\preprocessed\features\z_v\train_dia665_utt1.pt
train_dia665_utt11,meld_real,0,meld_Phoebe,neutral,neutral,-1,1,1,1,data\raw\MELD\MELD-RAW\MELD.Raw\train\train_splits\dia665_utt11.mp4,data\preprocessed\features\z_at\train_dia665_utt11.pt,data\preprocessed\features\z_v\train_dia665_utt11.pt
train_dia665_utt13,meld_real,0,meld_Alice,neutral,neutral,-1,1,1,1,data\raw\MELD\MELD-RAW\MELD.Raw\train\train_splits\dia665_utt13.mp4,data\preprocessed\features\z_at\train_dia665_utt13.pt,data\preprocessed\features\z_v\train_dia665_utt13.pt
train_dia665_utt15,meld_real,0,meld_Phoebe,disgust,disgust,-1,1,1,1,data\raw\MELD\MELD-RAW\MELD.Raw\train\train_splits\dia665_utt15.mp4,data\preprocessed\features\z_at\train_dia665_utt15.pt,data\preprocessed\features\z_v\train_dia665_utt15.pt
train_dia665_utt17,meld_real,0,meld_Phoebe,neutral,neutral,-1,1,1,1,data\raw\MELD\MELD-RAW\MELD.Raw\train\train_splits\dia665_utt17.mp4,data\preprocessed\features\z_at\train_dia665_utt17.pt,data\preprocessed\features\z_v\train_dia665_utt17.pt
train_dia665_utt6,meld_real,0,meld_Phoebe,neutral,neutral,-1,1,1,1,data\raw\MELD\MELD-RAW\MELD.Raw\train\train_splits\dia665_utt6.mp4,data\preprocessed\features\z_at\train_dia665_utt6.pt,data\preprocessed\features\z_v\train_dia665_utt6.pt
train_dia665_utt7,meld_real,0,meld_Dr._Zane,neutral,neutral,-1,1,1,1,data\raw\MELD\MELD-RAW\MELD.Raw\train\train_splits\dia665_utt7.mp4,data\preprocessed\features\z_at\train_dia665_utt7.pt,data\preprocessed\features\z_v\train_dia665_utt7.pt
train_dia666_utt10,meld_real,0,meld_Rachel,neutral,neutral,-1,1,1,1,data\raw\MELD\MELD-RAW\MELD.Raw\train\train_splits\dia666_utt10.mp4,data\preprocessed\features\z_at\train_dia666_utt10.pt,data\preprocessed\features\z_v\train_dia666_utt10.pt
train_dia666_utt16,meld_real,0,meld_Phoebe,neutral,neutral,-1,1,1,1,data\raw\MELD\MELD-RAW\MELD.Raw\train\train_splits\dia666_utt16.mp4,data\preprocessed\features\z_at\train_dia666_utt16.pt,data\preprocessed\features\z_v\train_dia666_utt16.pt
train_dia666_utt3,meld_real,0,meld_Phoebe,disgust,disgust,-1,1,1,1,data\raw\MELD\MELD-RAW\MELD.Raw\train\train_splits\dia666_utt3.mp4,data\preprocessed\features\z_at\train_dia666_utt3.pt,data\preprocessed\features\z_v\train_dia666_utt3.pt
train_dia666_utt4,meld_real,0,meld_Joey,anger,anger,-1,1,1,1,data\raw\MELD\MELD-RAW\MELD.Raw\train\train_splits\dia666_utt4.mp4,data\preprocessed\features\z_at\train_dia666_utt4.pt,data\preprocessed\features\z_v\train_dia666_utt4.pt
train_dia666_utt9,meld_real,0,meld_Monica,anger,anger,-1,1,1,1,data\raw\MELD\MELD-RAW\MELD.Raw\train\train_splits\dia666_utt9.mp4,data\preprocessed\features\z_at\train_dia666_utt9.pt,data\preprocessed\features\z_v\train_dia666_utt9.pt
train_dia669_utt2,meld_real,0,meld_Barry,joy,joy,-1,1,1,1,data\raw\MELD\MELD-RAW\MELD.Raw\train\train_splits\dia669_utt2.mp4,data\preprocessed\features\z_at\train_dia669_utt2.pt,data\preprocessed\features\z_v\train_dia669_utt2.pt
train_dia66_utt10,meld_real,0,meld_Phoebe,joy,joy,-1,1,1,1,data\raw\MELD\MELD-RAW\MELD.Raw\train\train_splits\dia66_utt10.mp4,data\preprocessed\features\z_at\train_dia66_utt10.pt,data\preprocessed\features\z_v\train_dia66_utt10.pt
train_dia66_utt2,meld_real,0,meld_Phoebe,neutral,neutral,-1,1,1,1,data\raw\MELD\MELD-RAW\MELD.Raw\train\train_splits\dia66_utt2.mp4,data\preprocessed\features\z_at\train_dia66_utt2.pt,data\preprocessed\features\z_v\train_dia66_utt2.pt
train_dia66_utt4,meld_real,0,meld_Phoebe,neutral,neutral,-1,1,1,1,data\raw\MELD\MELD-RAW\MELD.Raw\train\train_splits\dia66_utt4.mp4,data\preprocessed\features\z_at\train_dia66_utt4.pt,data\preprocessed\features\z_v\train_dia66_utt4.pt
train_dia66_utt7,meld_real,0,meld_Monica,neutral,neutral,-1,1,1,1,data\raw\MELD\MELD-RAW\MELD.Raw\train\train_splits\dia66_utt7.mp4,data\preprocessed\features\z_at\train_dia66_utt7.pt,data\preprocessed\features\z_v\train_dia66_utt7.pt
train_dia66_utt8,meld_real,0,meld_Phoebe,sadness,sadness,-1,1,1,1,data\raw\MELD\MELD-RAW\MELD.Raw\train\train_splits\dia66_utt8.mp4,data\preprocessed\features\z_at\train_dia66_utt8.pt,data\preprocessed\features\z_v\train_dia66_utt8.pt
train_dia670_utt10,meld_real,0,meld_Monica,joy,joy,-1,1,1,1,data\raw\MELD\MELD-RAW\MELD.Raw\train\train_splits\dia670_utt10.mp4,data\preprocessed\features\z_at\train_dia670_utt10.pt,data\preprocessed\features\z_v\train_dia670_utt10.pt
train_dia670_utt12,meld_real,0,meld_Rachel,neutral,neutral,-1,1,1,1,data\raw\MELD\MELD-RAW\MELD.Raw\train\train_splits\dia670_utt12.mp4,data\preprocessed\features\z_at\train_dia670_utt12.pt,data\preprocessed\features\z_v\train_dia670_utt12.pt
train_dia670_utt13,meld_real,0,meld_Monica,joy,joy,-1,1,1,1,data\raw\MELD\MELD-RAW\MELD.Raw\train\train_splits\dia670_utt13.mp4,data\preprocessed\features\z_at\train_dia670_utt13.pt,data\preprocessed\features\z_v\train_dia670_utt13.pt
train_dia670_utt4,meld_real,0,meld_Monica,joy,joy,-1,1,1,1,data\raw\MELD\MELD-RAW\MELD.Raw\train\train_splits\dia670_utt4.mp4,data\preprocessed\features\z_at\train_dia670_utt4.pt,data\preprocessed\features\z_v\train_dia670_utt4.pt
train_dia670_utt5,meld_real,0,meld_Rachel,neutral,neutral,-1,1,1,1,data\raw\MELD\MELD-RAW\MELD.Raw\train\train_splits\dia670_utt5.mp4,data\preprocessed\features\z_at\train_dia670_utt5.pt,data\preprocessed\features\z_v\train_dia670_utt5.pt
train_dia671_utt0,meld_real,0,meld_Joey,neutral,neutral,-1,1,1,1,data\raw\MELD\MELD-RAW\MELD.Raw\train\train_splits\dia671_utt0.mp4,data\preprocessed\features\z_at\train_dia671_utt0.pt,data\preprocessed\features\z_v\train_dia671_utt0.pt
train_dia671_utt12,meld_real,0,meld_Joey,neutral,neutral,-1,1,1,1,data\raw\MELD\MELD-RAW\MELD.Raw\train\train_splits\dia671_utt12.mp4,data\preprocessed\features\z_at\train_dia671_utt12.pt,data\preprocessed\features\z_v\train_dia671_utt12.pt
train_dia671_utt13,meld_real,0,meld_Ross,neutral,neutral,-1,1,1,1,data\raw\MELD\MELD-RAW\MELD.Raw\train\train_splits\dia671_utt13.mp4,data\preprocessed\features\z_at\train_dia671_utt13.pt,data\preprocessed\features\z_v\train_dia671_utt13.pt
train_dia671_utt2,meld_real,0,meld_Joey,neutral,neutral,-1,1,1,1,data\raw\MELD\MELD-RAW\MELD.Raw\train\train_splits\dia671_utt2.mp4,data\preprocessed\features\z_at\train_dia671_utt2.pt,data\preprocessed\features\z_v\train_dia671_utt2.pt
train_dia671_utt6,meld_real,0,meld_Joey,neutral,neutral,-1,1,1,1,data\raw\MELD\MELD-RAW\MELD.Raw\train\train_splits\dia671_utt6.mp4,data\preprocessed\features\z_at\train_dia671_utt6.pt,data\preprocessed\features\z_v\train_dia671_utt6.pt
train_dia671_utt8,meld_real,0,meld_Ross,neutral,neutral,-1,1,1,1,data\raw\MELD\MELD-RAW\MELD.Raw\train\train_splits\dia671_utt8.mp4,data\preprocessed\features\z_at\train_dia671_utt8.pt,data\preprocessed\features\z_v\train_dia671_utt8.pt
train_dia672_utt10,meld_real,0,meld_Ross,neutral,neutral,-1,1,1,1,data\raw\MELD\MELD-RAW\MELD.Raw\train\train_splits\dia672_utt10.mp4,data\preprocessed\features\z_at\train_dia672_utt10.pt,data\preprocessed\features\z_v\train_dia672_utt10.pt
train_dia672_utt12,meld_real,0,meld_Rachel,anger,anger,-1,1,1,1,data\raw\MELD\MELD-RAW\MELD.Raw\train\train_splits\dia672_utt12.mp4,data\preprocessed\features\z_at\train_dia672_utt12.pt,data\preprocessed\features\z_v\train_dia672_utt12.pt
train_dia673_utt15,meld_real,0,meld_Russell,neutral,neutral,-1,1,1,1,data\raw\MELD\MELD-RAW\MELD.Raw\train\train_splits\dia673_utt15.mp4,data\preprocessed\features\z_at\train_dia673_utt15.pt,data\preprocessed\features\z_v\train_dia673_utt15.pt
train_dia673_utt2,meld_real,0,meld_Russell,neutral,neutral,-1,1,1,1,data\raw\MELD\MELD-RAW\MELD.Raw\train\train_splits\dia673_utt2.mp4,data\preprocessed\features\z_at\train_dia673_utt2.pt,data\preprocessed\features\z_v\train_dia673_utt2.pt
train_dia673_utt3,meld_real,0,meld_Ross,neutral,neutral,-1,1,1,1,data\raw\MELD\MELD-RAW\MELD.Raw\train\train_splits\dia673_utt3.mp4,data\preprocessed\features\z_at\train_dia673_utt3.pt,data\preprocessed\features\z_v\train_dia673_utt3.pt
train_dia673_utt7,meld_real,0,meld_Russell,neutral,neutral,-1,1,1,1,data\raw\MELD\MELD-RAW\MELD.Raw\train\train_splits\dia673_utt7.mp4,data\preprocessed\features\z_at\train_dia673_utt7.pt,data\preprocessed\features\z_v\train_dia673_utt7.pt
train_dia674_utt1,meld_real,0,meld_Joey,neutral,neutral,-1,1,1,1,data\raw\MELD\MELD-RAW\MELD.Raw\train\train_splits\dia674_utt1.mp4,data\preprocessed\features\z_at\train_dia674_utt1.pt,data\preprocessed\features\z_v\train_dia674_utt1.pt
train_dia674_utt4,meld_real,0,meld_Phoebe,neutral,neutral,-1,1,1,1,data\raw\MELD\MELD-RAW\MELD.Raw\train\train_splits\dia674_utt4.mp4,data\preprocessed\features\z_at\train_dia674_utt4.pt,data\preprocessed\features\z_v\train_dia674_utt4.pt
train_dia675_utt2,meld_real,0,meld_Phoebe,neutral,neutral,-1,1,1,1,data\raw\MELD\MELD-RAW\MELD.Raw\train\train_splits\dia675_utt2.mp4,data\preprocessed\features\z_at\train_dia675_utt2.pt,data\preprocessed\features\z_v\train_dia675_utt2.pt
train_dia675_utt3,meld_real,0,meld_Rachel,neutral,neutral,-1,1,1,1,data\raw\MELD\MELD-RAW\MELD.Raw\train\train_splits\dia675_utt3.mp4,data\preprocessed\features\z_at\train_dia675_utt3.pt,data\preprocessed\features\z_v\train_dia675_utt3.pt
train_dia676_utt10,meld_real,0,meld_Rachel,anger,anger,-1,1,1,1,data\raw\MELD\MELD-RAW\MELD.Raw\train\train_splits\dia676_utt10.mp4,data\preprocessed\features\z_at\train_dia676_utt10.pt,data\preprocessed\features\z_v\train_dia676_utt10.pt
train_dia676_utt11,meld_real,0,meld_Ross,neutral,neutral,-1,1,1,1,data\raw\MELD\MELD-RAW\MELD.Raw\train\train_splits\dia676_utt11.mp4,data\preprocessed\features\z_at\train_dia676_utt11.pt,data\preprocessed\features\z_v\train_dia676_utt11.pt
train_dia676_utt14,meld_real,0,meld_Rachel,anger,anger,-1,1,1,1,data\raw\MELD\MELD-RAW\MELD.Raw\train\train_splits\dia676_utt14.mp4,data\preprocessed\features\z_at\train_dia676_utt14.pt,data\preprocessed\features\z_v\train_dia676_utt14.pt
train_dia676_utt8,meld_real,0,meld_Rachel,neutral,neutral,-1,1,1,1,data\raw\MELD\MELD-RAW\MELD.Raw\train\train_splits\dia676_utt8.mp4,data\preprocessed\features\z_at\train_dia676_utt8.pt,data\preprocessed\features\z_v\train_dia676_utt8.pt
train_dia676_utt9,meld_real,0,meld_Ross,sadness,sadness,-1,1,1,1,data\raw\MELD\MELD-RAW\MELD.Raw\train\train_splits\dia676_utt9.mp4,data\preprocessed\features\z_at\train_dia676_utt9.pt,data\preprocessed\features\z_v\train_dia676_utt9.pt
train_dia677_utt2,meld_real,0,meld_Joey,joy,joy,-1,1,1,1,data\raw\MELD\MELD-RAW\MELD.Raw\train\train_splits\dia677_utt2.mp4,data\preprocessed\features\z_at\train_dia677_utt2.pt,data\preprocessed\features\z_v\train_dia677_utt2.pt
train_dia677_utt3,meld_real,0,meld_Ross,neutral,neutral,-1,1,1,1,data\raw\MELD\MELD-RAW\MELD.Raw\train\train_splits\dia677_utt3.mp4,data\preprocessed\features\z_at\train_dia677_utt3.pt,data\preprocessed\features\z_v\train_dia677_utt3.pt
train_dia678_utt18,meld_real,0,meld_Chandler,neutral,neutral,-1,1,1,1,data\raw\MELD\MELD-RAW\MELD.Raw\train\train_splits\dia678_utt18.mp4,data\preprocessed\features\z_at\train_dia678_utt18.pt,data\preprocessed\features\z_v\train_dia678_utt18.pt
train_dia679_utt10,meld_real,0,meld_Joey,joy,joy,-1,1,1,1,data\raw\MELD\MELD-RAW\MELD.Raw\train\train_splits\dia679_utt10.mp4,data\preprocessed\features\z_at\train_dia679_utt10.pt,data\preprocessed\features\z_v\train_dia679_utt10.pt
train_dia679_utt13,meld_real,0,meld_Joey,anger,anger,-1,1,1,1,data\raw\MELD\MELD-RAW\MELD.Raw\train\train_splits\dia679_utt13.mp4,data\preprocessed\features\z_at\train_dia679_utt13.pt,data\preprocessed\features\z_v\train_dia679_utt13.pt
train_dia679_utt15,meld_real,0,meld_Monica,anger,anger,-1,1,1,1,data\raw\MELD\MELD-RAW\MELD.Raw\train\train_splits\dia679_utt15.mp4,data\preprocessed\features\z_at\train_dia679_utt15.pt,data\preprocessed\features\z_v\train_dia679_utt15.pt
train_dia679_utt3,meld_real,0,meld_Chandler,joy,joy,-1,1,1,1,data\raw\MELD\MELD-RAW\MELD.Raw\train\train_splits\dia679_utt3.mp4,data\preprocessed\features\z_at\train_dia679_utt3.pt,data\preprocessed\features\z_v\train_dia679_utt3.pt
train_dia679_utt5,meld_real,0,meld_Rachel,neutral,neutral,-1,1,1,1,data\raw\MELD\MELD-RAW\MELD.Raw\train\train_splits\dia679_utt5.mp4,data\preprocessed\features\z_at\train_dia679_utt5.pt,data\preprocessed\features\z_v\train_dia679_utt5.pt
train_dia679_utt9,meld_real,0,meld_Chandler,joy,joy,-1,1,1,1,data\raw\MELD\MELD-RAW\MELD.Raw\train\train_splits\dia679_utt9.mp4,data\preprocessed\features\z_at\train_dia679_utt9.pt,data\preprocessed\features\z_v\train_dia679_utt9.pt
train_dia67_utt11,meld_real,0,meld_Ross,joy,joy,-1,1,1,1,data\raw\MELD\MELD-RAW\MELD.Raw\train\train_splits\dia67_utt11.mp4,data\preprocessed\features\z_at\train_dia67_utt11.pt,data\preprocessed\features\z_v\train_dia67_utt11.pt
train_dia67_utt9,meld_real,0,meld_Ross,neutral,neutral,-1,1,1,1,data\raw\MELD\MELD-RAW\MELD.Raw\train\train_splits\dia67_utt9.mp4,data\preprocessed\features\z_at\train_dia67_utt9.pt,data\preprocessed\features\z_v\train_dia67_utt9.pt
train_dia680_utt0,meld_real,0,meld_Monica,joy,joy,-1,1,1,1,data\raw\MELD\MELD-RAW\MELD.Raw\train\train_splits\dia680_utt0.mp4,data\preprocessed\features\z_at\train_dia680_utt0.pt,data\preprocessed\features\z_v\train_dia680_utt0.pt
train_dia680_utt1,meld_real,0,meld_Rachel,neutral,neutral,-1,1,1,1,data\raw\MELD\MELD-RAW\MELD.Raw\train\train_splits\dia680_utt1.mp4,data\preprocessed\features\z_at\train_dia680_utt1.pt,data\preprocessed\features\z_v\train_dia680_utt1.pt
train_dia680_utt5,meld_real,0,meld_Phoebe,sadness,sadness,-1,1,1,1,data\raw\MELD\MELD-RAW\MELD.Raw\train\train_splits\dia680_utt5.mp4,data\preprocessed\features\z_at\train_dia680_utt5.pt,data\preprocessed\features\z_v\train_dia680_utt5.pt
train_dia680_utt6,meld_real,0,meld_Rachel,neutral,neutral,-1,1,1,1,data\raw\MELD\MELD-RAW\MELD.Raw\train\train_splits\dia680_utt6.mp4,data\preprocessed\features\z_at\train_dia680_utt6.pt,data\preprocessed\features\z_v\train_dia680_utt6.pt
train_dia681_utt0,meld_real,0,meld_Monica,neutral,neutral,-1,1,1,1,data\raw\MELD\MELD-RAW\MELD.Raw\train\train_splits\dia681_utt0.mp4,data\preprocessed\features\z_at\train_dia681_utt0.pt,data\preprocessed\features\z_v\train_dia681_utt0.pt
train_dia681_utt4,meld_real,0,meld_Rachel,sadness,sadness,-1,1,1,1,data\raw\MELD\MELD-RAW\MELD.Raw\train\train_splits\dia681_utt4.mp4,data\preprocessed\features\z_at\train_dia681_utt4.pt,data\preprocessed\features\z_v\train_dia681_utt4.pt
train_dia682_utt0,meld_real,0,meld_Ross,sadness,sadness,-1,1,1,1,data\raw\MELD\MELD-RAW\MELD.Raw\train\train_splits\dia682_utt0.mp4,data\preprocessed\features\z_at\train_dia682_utt0.pt,data\preprocessed\features\z_v\train_dia682_utt0.pt
train_dia682_utt1,meld_real,0,meld_Ross,neutral,neutral,-1,1,1,1,data\raw\MELD\MELD-RAW\MELD.Raw\train\train_splits\dia682_utt1.mp4,data\preprocessed\features\z_at\train_dia682_utt1.pt,data\preprocessed\features\z_v\train_dia682_utt1.pt
train_dia682_utt14,meld_real,0,meld_Phoebe,neutral,neutral,-1,1,1,1,data\raw\MELD\MELD-RAW\MELD.Raw\train\train_splits\dia682_utt14.mp4,data\preprocessed\features\z_at\train_dia682_utt14.pt,data\preprocessed\features\z_v\train_dia682_utt14.pt
train_dia682_utt2,meld_real,0,meld_Ross,neutral,neutral,-1,1,1,1,data\raw\MELD\MELD-RAW\MELD.Raw\train\train_splits\dia682_utt2.mp4,data\preprocessed\features\z_at\train_dia682_utt2.pt,data\preprocessed\features\z_v\train_dia682_utt2.pt
train_dia682_utt4,meld_real,0,meld_Chandler,neutral,neutral,-1,1,1,1,data\raw\MELD\MELD-RAW\MELD.Raw\train\train_splits\dia682_utt4.mp4,data\preprocessed\features\z_at\train_dia682_utt4.pt,data\preprocessed\features\z_v\train_dia682_utt4.pt
train_dia682_utt7,meld_real,0,meld_Joey,neutral,neutral,-1,1,1,1,data\raw\MELD\MELD-RAW\MELD.Raw\train\train_splits\dia682_utt7.mp4,data\preprocessed\features\z_at\train_dia682_utt7.pt,data\preprocessed\features\z_v\train_dia682_utt7.pt
train_dia686_utt0,meld_real,0,meld_Monica,neutral,neutral,-1,1,1,1,data\raw\MELD\MELD-RAW\MELD.Raw\train\train_splits\dia686_utt0.mp4,data\preprocessed\features\z_at\train_dia686_utt0.pt,data\preprocessed\features\z_v\train_dia686_utt0.pt
train_dia686_utt5,meld_real,0,meld_Rachel,anger,anger,-1,1,1,1,data\raw\MELD\MELD-RAW\MELD.Raw\train\train_splits\dia686_utt5.mp4,data\preprocessed\features\z_at\train_dia686_utt5.pt,data\preprocessed\features\z_v\train_dia686_utt5.pt
train_dia686_utt8,meld_real,0,meld_Monica,neutral,neutral,-1,1,1,1,data\raw\MELD\MELD-RAW\MELD.Raw\train\train_splits\dia686_utt8.mp4,data\preprocessed\features\z_at\train_dia686_utt8.pt,data\preprocessed\features\z_v\train_dia686_utt8.pt
train_dia686_utt9,meld_real,0,meld_Rachel,joy,joy,-1,1,1,1,data\raw\MELD\MELD-RAW\MELD.Raw\train\train_splits\dia686_utt9.mp4,data\preprocessed\features\z_at\train_dia686_utt9.pt,data\preprocessed\features\z_v\train_dia686_utt9.pt
train_dia687_utt7,meld_real,0,meld_Rachel,neutral,neutral,-1,1,1,1,data\raw\MELD\MELD-RAW\MELD.Raw\train\train_splits\dia687_utt7.mp4,data\preprocessed\features\z_at\train_dia687_utt7.pt,data\preprocessed\features\z_v\train_dia687_utt7.pt
train_dia688_utt0,meld_real,0,meld_Joey,neutral,neutral,-1,1,1,1,data\raw\MELD\MELD-RAW\MELD.Raw\train\train_splits\dia688_utt0.mp4,data\preprocessed\features\z_at\train_dia688_utt0.pt,data\preprocessed\features\z_v\train_dia688_utt0.pt
train_dia689_utt11,meld_real,0,meld_Rachel,neutral,neutral,-1,1,1,1,data\raw\MELD\MELD-RAW\MELD.Raw\train\train_splits\dia689_utt11.mp4,data\preprocessed\features\z_at\train_dia689_utt11.pt,data\preprocessed\features\z_v\train_dia689_utt11.pt
train_dia689_utt13,meld_real,0,meld_Rachel,neutral,neutral,-1,1,1,1,data\raw\MELD\MELD-RAW\MELD.Raw\train\train_splits\dia689_utt13.mp4,data\preprocessed\features\z_at\train_dia689_utt13.pt,data\preprocessed\features\z_v\train_dia689_utt13.pt
train_dia689_utt4,meld_real,0,meld_Chip,neutral,neutral,-1,1,1,1,data\raw\MELD\MELD-RAW\MELD.Raw\train\train_splits\dia689_utt4.mp4,data\preprocessed\features\z_at\train_dia689_utt4.pt,data\preprocessed\features\z_v\train_dia689_utt4.pt
train_dia689_utt6,meld_real,0,meld_Ross,neutral,neutral,-1,1,1,1,data\raw\MELD\MELD-RAW\MELD.Raw\train\train_splits\dia689_utt6.mp4,data\preprocessed\features\z_at\train_dia689_utt6.pt,data\preprocessed\features\z_v\train_dia689_utt6.pt
train_dia689_utt8,meld_real,0,meld_Ross,joy,joy,-1,1,1,1,data\raw\MELD\MELD-RAW\MELD.Raw\train\train_splits\dia689_utt8.mp4,data\preprocessed\features\z_at\train_dia689_utt8.pt,data\preprocessed\features\z_v\train_dia689_utt8.pt
train_dia68_utt1,meld_real,0,meld_Joey,joy,joy,-1,1,1,1,data\raw\MELD\MELD-RAW\MELD.Raw\train\train_splits\dia68_utt1.mp4,data\preprocessed\features\z_at\train_dia68_utt1.pt,data\preprocessed\features\z_v\train_dia68_utt1.pt
train_dia690_utt1,meld_real,0,meld_Phoebe,joy,joy,-1,1,1,1,data\raw\MELD\MELD-RAW\MELD.Raw\train\train_splits\dia690_utt1.mp4,data\preprocessed\features\z_at\train_dia690_utt1.pt,data\preprocessed\features\z_v\train_dia690_utt1.pt
train_dia690_utt7,meld_real,0,meld_Phoebe,neutral,neutral,-1,1,1,1,data\raw\MELD\MELD-RAW\MELD.Raw\train\train_splits\dia690_utt7.mp4,data\preprocessed\features\z_at\train_dia690_utt7.pt,data\preprocessed\features\z_v\train_dia690_utt7.pt
train_dia692_utt0,meld_real,0,meld_Ross,sadness,sadness,-1,1,1,1,data\raw\MELD\MELD-RAW\MELD.Raw\train\train_splits\dia692_utt0.mp4,data\preprocessed\features\z_at\train_dia692_utt0.pt,data\preprocessed\features\z_v\train_dia692_utt0.pt
train_dia692_utt1,meld_real,0,meld_Rachel,neutral,neutral,-1,1,1,1,data\raw\MELD\MELD-RAW\MELD.Raw\train\train_splits\dia692_utt1.mp4,data\preprocessed\features\z_at\train_dia692_utt1.pt,data\preprocessed\features\z_v\train_dia692_utt1.pt
train_dia693_utt0,meld_real,0,meld_Joey,neutral,neutral,-1,1,1,1,data\raw\MELD\MELD-RAW\MELD.Raw\train\train_splits\dia693_utt0.mp4,data\preprocessed\features\z_at\train_dia693_utt0.pt,data\preprocessed\features\z_v\train_dia693_utt0.pt
train_dia693_utt3,meld_real,0,meld_Mr._Treeger,anger,anger,-1,1,1,1,data\raw\MELD\MELD-RAW\MELD.Raw\train\train_splits\dia693_utt3.mp4,data\preprocessed\features\z_at\train_dia693_utt3.pt,data\preprocessed\features\z_v\train_dia693_utt3.pt
train_dia694_utt1,meld_real,0,meld_Rachel,neutral,neutral,-1,1,1,1,data\raw\MELD\MELD-RAW\MELD.Raw\train\train_splits\dia694_utt1.mp4,data\preprocessed\features\z_at\train_dia694_utt1.pt,data\preprocessed\features\z_v\train_dia694_utt1.pt
train_dia694_utt3,meld_real,0,meld_Rachel,sadness,sadness,-1,1,1,1,data\raw\MELD\MELD-RAW\MELD.Raw\train\train_splits\dia694_utt3.mp4,data\preprocessed\features\z_at\train_dia694_utt3.pt,data\preprocessed\features\z_v\train_dia694_utt3.pt
train_dia696_utt0,meld_real,0,meld_Joey,neutral,neutral,-1,1,1,1,data\raw\MELD\MELD-RAW\MELD.Raw\train\train_splits\dia696_utt0.mp4,data\preprocessed\features\z_at\train_dia696_utt0.pt,data\preprocessed\features\z_v\train_dia696_utt0.pt
train_dia696_utt1,meld_real,0,meld_Rachel,neutral,neutral,-1,1,1,1,data\raw\MELD\MELD-RAW\MELD.Raw\train\train_splits\dia696_utt1.mp4,data\preprocessed\features\z_at\train_dia696_utt1.pt,data\preprocessed\features\z_v\train_dia696_utt1.pt
train_dia696_utt6,meld_real,0,meld_Rachel,anger,anger,-1,1,1,1,data\raw\MELD\MELD-RAW\MELD.Raw\train\train_splits\dia696_utt6.mp4,data\preprocessed\features\z_at\train_dia696_utt6.pt,data\preprocessed\features\z_v\train_dia696_utt6.pt
train_dia697_utt4,meld_real,0,meld_Phoebe,joy,joy,-1,1,1,1,data\raw\MELD\MELD-RAW\MELD.Raw\train\train_splits\dia697_utt4.mp4,data\preprocessed\features\z_at\train_dia697_utt4.pt,data\preprocessed\features\z_v\train_dia697_utt4.pt
train_dia697_utt5,meld_real,0,meld_Joey,neutral,neutral,-1,1,1,1,data\raw\MELD\MELD-RAW\MELD.Raw\train\train_splits\dia697_utt5.mp4,data\preprocessed\features\z_at\train_dia697_utt5.pt,data\preprocessed\features\z_v\train_dia697_utt5.pt
train_dia697_utt6,meld_real,0,meld_Rachel,neutral,neutral,-1,1,1,1,data\raw\MELD\MELD-RAW\MELD.Raw\train\train_splits\dia697_utt6.mp4,data\preprocessed\features\z_at\train_dia697_utt6.pt,data\preprocessed\features\z_v\train_dia697_utt6.pt
train_dia697_utt7,meld_real,0,meld_All,neutral,neutral,-1,1,1,1,data\raw\MELD\MELD-RAW\MELD.Raw\train\train_splits\dia697_utt7.mp4,data\preprocessed\features\z_at\train_dia697_utt7.pt,data\preprocessed\features\z_v\train_dia697_utt7.pt
train_dia698_utt5,meld_real,0,meld_Rachel,sadness,sadness,-1,1,1,1,data\raw\MELD\MELD-RAW\MELD.Raw\train\train_splits\dia698_utt5.mp4,data\preprocessed\features\z_at\train_dia698_utt5.pt,data\preprocessed\features\z_v\train_dia698_utt5.pt
train_dia698_utt7,meld_real,0,meld_Rachel,sadness,sadness,-1,1,1,1,data\raw\MELD\MELD-RAW\MELD.Raw\train\train_splits\dia698_utt7.mp4,data\preprocessed\features\z_at\train_dia698_utt7.pt,data\preprocessed\features\z_v\train_dia698_utt7.pt
train_dia699_utt11,meld_real,0,meld_The_Security_Guard,disgust,disgust,-1,1,1,1,data\raw\MELD\MELD-RAW\MELD.Raw\train\train_splits\dia699_utt11.mp4,data\preprocessed\features\z_at\train_dia699_utt11.pt,data\preprocessed\features\z_v\train_dia699_utt11.pt
train_dia69_utt1,meld_real,0,meld_Chandler,neutral,neutral,-1,1,1,1,data\raw\MELD\MELD-RAW\MELD.Raw\train\train_splits\dia69_utt1.mp4,data\preprocessed\features\z_at\train_dia69_utt1.pt,data\preprocessed\features\z_v\train_dia69_utt1.pt
train_dia6_utt0,meld_real,0,meld_Chandler,joy,joy,-1,1,1,1,data\raw\MELD\MELD-RAW\MELD.Raw\train\train_splits\dia6_utt0.mp4,data\preprocessed\features\z_at\train_dia6_utt0.pt,data\preprocessed\features\z_v\train_dia6_utt0.pt
train_dia6_utt11,meld_real,0,meld_Joey,anger,anger,-1,1,1,1,data\raw\MELD\MELD-RAW\MELD.Raw\train\train_splits\dia6_utt11.mp4,data\preprocessed\features\z_at\train_dia6_utt11.pt,data\preprocessed\features\z_v\train_dia6_utt11.pt
train_dia6_utt4,meld_real,0,meld_Chandler,neutral,neutral,-1,1,1,1,data\raw\MELD\MELD-RAW\MELD.Raw\train\train_splits\dia6_utt4.mp4,data\preprocessed\features\z_at\train_dia6_utt4.pt,data\preprocessed\features\z_v\train_dia6_utt4.pt
train_dia6_utt6,meld_real,0,meld_Chandler,joy,joy,-1,1,1,1,data\raw\MELD\MELD-RAW\MELD.Raw\train\train_splits\dia6_utt6.mp4,data\preprocessed\features\z_at\train_dia6_utt6.pt,data\preprocessed\features\z_v\train_dia6_utt6.pt
train_dia6_utt7,meld_real,0,meld_Joey,neutral,neutral,-1,1,1,1,data\raw\MELD\MELD-RAW\MELD.Raw\train\train_splits\dia6_utt7.mp4,data\preprocessed\features\z_at\train_dia6_utt7.pt,data\preprocessed\features\z_v\train_dia6_utt7.pt
train_dia6_utt8,meld_real,0,meld_Chandler,neutral,neutral,-1,1,1,1,data\raw\MELD\MELD-RAW\MELD.Raw\train\train_splits\dia6_utt8.mp4,data\preprocessed\features\z_at\train_dia6_utt8.pt,data\preprocessed\features\z_v\train_dia6_utt8.pt
train_dia700_utt12,meld_real,0,meld_Rachel,neutral,neutral,-1,1,1,1,data\raw\MELD\MELD-RAW\MELD.Raw\train\train_splits\dia700_utt12.mp4,data\preprocessed\features\z_at\train_dia700_utt12.pt,data\preprocessed\features\z_v\train_dia700_utt12.pt
train_dia700_utt2,meld_real,0,meld_Ross,neutral,neutral,-1,1,1,1,data\raw\MELD\MELD-RAW\MELD.Raw\train\train_splits\dia700_utt2.mp4,data\preprocessed\features\z_at\train_dia700_utt2.pt,data\preprocessed\features\z_v\train_dia700_utt2.pt
train_dia700_utt6,meld_real,0,meld_Rachel,sadness,sadness,-1,1,1,1,data\raw\MELD\MELD-RAW\MELD.Raw\train\train_splits\dia700_utt6.mp4,data\preprocessed\features\z_at\train_dia700_utt6.pt,data\preprocessed\features\z_v\train_dia700_utt6.pt
train_dia703_utt6,meld_real,0,meld_Joey,neutral,neutral,-1,1,1,1,data\raw\MELD\MELD-RAW\MELD.Raw\train\train_splits\dia703_utt6.mp4,data\preprocessed\features\z_at\train_dia703_utt6.pt,data\preprocessed\features\z_v\train_dia703_utt6.pt
train_dia705_utt2,meld_real,0,meld_Phoebe,joy,joy,-1,1,1,1,data\raw\MELD\MELD-RAW\MELD.Raw\train\train_splits\dia705_utt2.mp4,data\preprocessed\features\z_at\train_dia705_utt2.pt,data\preprocessed\features\z_v\train_dia705_utt2.pt
train_dia706_utt5,meld_real,0,meld_Chandler,joy,joy,-1,1,1,1,data\raw\MELD\MELD-RAW\MELD.Raw\train\train_splits\dia706_utt5.mp4,data\preprocessed\features\z_at\train_dia706_utt5.pt,data\preprocessed\features\z_v\train_dia706_utt5.pt
train_dia706_utt6,meld_real,0,meld_Chandler,joy,joy,-1,1,1,1,data\raw\MELD\MELD-RAW\MELD.Raw\train\train_splits\dia706_utt6.mp4,data\preprocessed\features\z_at\train_dia706_utt6.pt,data\preprocessed\features\z_v\train_dia706_utt6.pt
train_dia707_utt14,meld_real,0,meld_Phoebe,anger,anger,-1,1,1,1,data\raw\MELD\MELD-RAW\MELD.Raw\train\train_splits\dia707_utt14.mp4,data\preprocessed\features\z_at\train_dia707_utt14.pt,data\preprocessed\features\z_v\train_dia707_utt14.pt
train_dia709_utt1,meld_real,0,meld_Joey,joy,joy,-1,1,1,1,data\raw\MELD\MELD-RAW\MELD.Raw\train\train_splits\dia709_utt1.mp4,data\preprocessed\features\z_at\train_dia709_utt1.pt,data\preprocessed\features\z_v\train_dia709_utt1.pt
train_dia70_utt0,meld_real,0,meld_Tony,joy,joy,-1,1,1,1,data\raw\MELD\MELD-RAW\MELD.Raw\train\train_splits\dia70_utt0.mp4,data\preprocessed\features\z_at\train_dia70_utt0.pt,data\preprocessed\features\z_v\train_dia70_utt0.pt
train_dia70_utt4,meld_real,0,meld_Chandler,neutral,neutral,-1,1,1,1,data\raw\MELD\MELD-RAW\MELD.Raw\train\train_splits\dia70_utt4.mp4,data\preprocessed\features\z_at\train_dia70_utt4.pt,data\preprocessed\features\z_v\train_dia70_utt4.pt
train_dia70_utt6,meld_real,0,meld_Chandler,neutral,neutral,-1,1,1,1,data\raw\MELD\MELD-RAW\MELD.Raw\train\train_splits\dia70_utt6.mp4,data\preprocessed\features\z_at\train_dia70_utt6.pt,data\preprocessed\features\z_v\train_dia70_utt6.pt
train_dia712_utt0,meld_real,0,meld_Joey,joy,joy,-1,1,1,1,data\raw\MELD\MELD-RAW\MELD.Raw\train\train_splits\dia712_utt0.mp4,data\preprocessed\features\z_at\train_dia712_utt0.pt,data\preprocessed\features\z_v\train_dia712_utt0.pt
train_dia712_utt2,meld_real,0,meld_Joey,fear,fear,-1,1,1,1,data\raw\MELD\MELD-RAW\MELD.Raw\train\train_splits\dia712_utt2.mp4,data\preprocessed\features\z_at\train_dia712_utt2.pt,data\preprocessed\features\z_v\train_dia712_utt2.pt
train_dia712_utt4,meld_real,0,meld_Joey,neutral,neutral,-1,1,1,1,data\raw\MELD\MELD-RAW\MELD.Raw\train\train_splits\dia712_utt4.mp4,data\preprocessed\features\z_at\train_dia712_utt4.pt,data\preprocessed\features\z_v\train_dia712_utt4.pt
train_dia712_utt6,meld_real,0,meld_Chandler,neutral,neutral,-1,1,1,1,data\raw\MELD\MELD-RAW\MELD.Raw\train\train_splits\dia712_utt6.mp4,data\preprocessed\features\z_at\train_dia712_utt6.pt,data\preprocessed\features\z_v\train_dia712_utt6.pt
train_dia713_utt0,meld_real,0,meld_Ross,neutral,neutral,-1,1,1,1,data\raw\MELD\MELD-RAW\MELD.Raw\train\train_splits\dia713_utt0.mp4,data\preprocessed\features\z_at\train_dia713_utt0.pt,data\preprocessed\features\z_v\train_dia713_utt0.pt
train_dia713_utt2,meld_real,0,meld_Marc,joy,joy,-1,1,1,1,data\raw\MELD\MELD-RAW\MELD.Raw\train\train_splits\dia713_utt2.mp4,data\preprocessed\features\z_at\train_dia713_utt2.pt,data\preprocessed\features\z_v\train_dia713_utt2.pt
train_dia717_utt0,meld_real,0,meld_Phoebe,neutral,neutral,-1,1,1,1,data\raw\MELD\MELD-RAW\MELD.Raw\train\train_splits\dia717_utt0.mp4,data\preprocessed\features\z_at\train_dia717_utt0.pt,data\preprocessed\features\z_v\train_dia717_utt0.pt
train_dia717_utt1,meld_real,0,meld_Rachel,neutral,neutral,-1,1,1,1,data\raw\MELD\MELD-RAW\MELD.Raw\train\train_splits\dia717_utt1.mp4,data\preprocessed\features\z_at\train_dia717_utt1.pt,data\preprocessed\features\z_v\train_dia717_utt1.pt
train_dia717_utt12,meld_real,0,meld_Rachel,anger,anger,-1,1,1,1,data\raw\MELD\MELD-RAW\MELD.Raw\train\train_splits\dia717_utt12.mp4,data\preprocessed\features\z_at\train_dia717_utt12.pt,data\preprocessed\features\z_v\train_dia717_utt12.pt
train_dia719_utt5,meld_real,0,meld_Joey,neutral,neutral,-1,1,1,1,data\raw\MELD\MELD-RAW\MELD.Raw\train\train_splits\dia719_utt5.mp4,data\preprocessed\features\z_at\train_dia719_utt5.pt,data\preprocessed\features\z_v\train_dia719_utt5.pt
train_dia719_utt6,meld_real,0,meld_Woman,joy,joy,-1,1,1,1,data\raw\MELD\MELD-RAW\MELD.Raw\train\train_splits\dia719_utt6.mp4,data\preprocessed\features\z_at\train_dia719_utt6.pt,data\preprocessed\features\z_v\train_dia719_utt6.pt
train_dia720_utt13,meld_real,0,meld_Joey,neutral,neutral,-1,1,1,1,data\raw\MELD\MELD-RAW\MELD.Raw\train\train_splits\dia720_utt13.mp4,data\preprocessed\features\z_at\train_dia720_utt13.pt,data\preprocessed\features\z_v\train_dia720_utt13.pt
train_dia720_utt16,meld_real,0,meld_Joey,joy,joy,-1,1,1,1,data\raw\MELD\MELD-RAW\MELD.Raw\train\train_splits\dia720_utt16.mp4,data\preprocessed\features\z_at\train_dia720_utt16.pt,data\preprocessed\features\z_v\train_dia720_utt16.pt
train_dia720_utt2,meld_real,0,meld_Joey,anger,anger,-1,1,1,1,data\raw\MELD\MELD-RAW\MELD.Raw\train\train_splits\dia720_utt2.mp4,data\preprocessed\features\z_at\train_dia720_utt2.pt,data\preprocessed\features\z_v\train_dia720_utt2.pt
train_dia720_utt6,meld_real,0,meld_Joey,neutral,neutral,-1,1,1,1,data\raw\MELD\MELD-RAW\MELD.Raw\train\train_splits\dia720_utt6.mp4,data\preprocessed\features\z_at\train_dia720_utt6.pt,data\preprocessed\features\z_v\train_dia720_utt6.pt
train_dia721_utt0,meld_real,0,meld_Chandler,neutral,neutral,-1,1,1,1,data\raw\MELD\MELD-RAW\MELD.Raw\train\train_splits\dia721_utt0.mp4,data\preprocessed\features\z_at\train_dia721_utt0.pt,data\preprocessed\features\z_v\train_dia721_utt0.pt
train_dia722_utt4,meld_real,0,meld_Joey,joy,joy,-1,1,1,1,data\raw\MELD\MELD-RAW\MELD.Raw\train\train_splits\dia722_utt4.mp4,data\preprocessed\features\z_at\train_dia722_utt4.pt,data\preprocessed\features\z_v\train_dia722_utt4.pt
train_dia722_utt5,meld_real,0,meld_Chandler,sadness,sadness,-1,1,1,1,data\raw\MELD\MELD-RAW\MELD.Raw\train\train_splits\dia722_utt5.mp4,data\preprocessed\features\z_at\train_dia722_utt5.pt,data\preprocessed\features\z_v\train_dia722_utt5.pt
train_dia722_utt6,meld_real,0,meld_Joey,sadness,sadness,-1,1,1,1,data\raw\MELD\MELD-RAW\MELD.Raw\train\train_splits\dia722_utt6.mp4,data\preprocessed\features\z_at\train_dia722_utt6.pt,data\preprocessed\features\z_v\train_dia722_utt6.pt
train_dia723_utt7,meld_real,0,meld_Chandler,fear,fear,-1,1,1,1,data\raw\MELD\MELD-RAW\MELD.Raw\train\train_splits\dia723_utt7.mp4,data\preprocessed\features\z_at\train_dia723_utt7.pt,data\preprocessed\features\z_v\train_dia723_utt7.pt
train_dia724_utt0,meld_real,0,meld_Monica,neutral,neutral,-1,1,1,1,data\raw\MELD\MELD-RAW\MELD.Raw\train\train_splits\dia724_utt0.mp4,data\preprocessed\features\z_at\train_dia724_utt0.pt,data\preprocessed\features\z_v\train_dia724_utt0.pt
train_dia724_utt1,meld_real,0,meld_Monica,neutral,neutral,-1,1,1,1,data\raw\MELD\MELD-RAW\MELD.Raw\train\train_splits\dia724_utt1.mp4,data\preprocessed\features\z_at\train_dia724_utt1.pt,data\preprocessed\features\z_v\train_dia724_utt1.pt
train_dia724_utt3,meld_real,0,meld_Monica,neutral,neutral,-1,1,1,1,data\raw\MELD\MELD-RAW\MELD.Raw\train\train_splits\dia724_utt3.mp4,data\preprocessed\features\z_at\train_dia724_utt3.pt,data\preprocessed\features\z_v\train_dia724_utt3.pt
train_dia725_utt3,meld_real,0,meld_Phoebe,joy,joy,-1,1,1,1,data\raw\MELD\MELD-RAW\MELD.Raw\train\train_splits\dia725_utt3.mp4,data\preprocessed\features\z_at\train_dia725_utt3.pt,data\preprocessed\features\z_v\train_dia725_utt3.pt
train_dia725_utt4,meld_real,0,meld_Joey,neutral,neutral,-1,1,1,1,data\raw\MELD\MELD-RAW\MELD.Raw\train\train_splits\dia725_utt4.mp4,data\preprocessed\features\z_at\train_dia725_utt4.pt,data\preprocessed\features\z_v\train_dia725_utt4.pt
train_dia726_utt5,meld_real,0,meld_Ross,neutral,neutral,-1,1,1,1,data\raw\MELD\MELD-RAW\MELD.Raw\train\train_splits\dia726_utt5.mp4,data\preprocessed\features\z_at\train_dia726_utt5.pt,data\preprocessed\features\z_v\train_dia726_utt5.pt
train_dia727_utt0,meld_real,0,meld_Joey,joy,joy,-1,1,1,1,data\raw\MELD\MELD-RAW\MELD.Raw\train\train_splits\dia727_utt0.mp4,data\preprocessed\features\z_at\train_dia727_utt0.pt,data\preprocessed\features\z_v\train_dia727_utt0.pt
train_dia727_utt4,meld_real,0,meld_Rachel,neutral,neutral,-1,1,1,1,data\raw\MELD\MELD-RAW\MELD.Raw\train\train_splits\dia727_utt4.mp4,data\preprocessed\features\z_at\train_dia727_utt4.pt,data\preprocessed\features\z_v\train_dia727_utt4.pt
train_dia727_utt8,meld_real,0,meld_Joey,neutral,neutral,-1,1,1,1,data\raw\MELD\MELD-RAW\MELD.Raw\train\train_splits\dia727_utt8.mp4,data\preprocessed\features\z_at\train_dia727_utt8.pt,data\preprocessed\features\z_v\train_dia727_utt8.pt
train_dia728_utt3,meld_real,0,meld_Chandler,neutral,neutral,-1,1,1,1,data\raw\MELD\MELD-RAW\MELD.Raw\train\train_splits\dia728_utt3.mp4,data\preprocessed\features\z_at\train_dia728_utt3.pt,data\preprocessed\features\z_v\train_dia728_utt3.pt
train_dia728_utt6,meld_real,0,meld_Chandler,neutral,neutral,-1,1,1,1,data\raw\MELD\MELD-RAW\MELD.Raw\train\train_splits\dia728_utt6.mp4,data\preprocessed\features\z_at\train_dia728_utt6.pt,data\preprocessed\features\z_v\train_dia728_utt6.pt
train_dia72_utt4,meld_real,0,meld_Chandler,neutral,neutral,-1,1,1,1,data\raw\MELD\MELD-RAW\MELD.Raw\train\train_splits\dia72_utt4.mp4,data\preprocessed\features\z_at\train_dia72_utt4.pt,data\preprocessed\features\z_v\train_dia72_utt4.pt
train_dia72_utt5,meld_real,0,meld_Ticket_Counter_Attendant,neutral,neutral,-1,1,1,1,data\raw\MELD\MELD-RAW\MELD.Raw\train\train_splits\dia72_utt5.mp4,data\preprocessed\features\z_at\train_dia72_utt5.pt,data\preprocessed\features\z_v\train_dia72_utt5.pt
train_dia72_utt7,meld_real,0,meld_Chandler,neutral,neutral,-1,1,1,1,data\raw\MELD\MELD-RAW\MELD.Raw\train\train_splits\dia72_utt7.mp4,data\preprocessed\features\z_at\train_dia72_utt7.pt,data\preprocessed\features\z_v\train_dia72_utt7.pt
train_dia730_utt1,meld_real,0,meld_Joey,neutral,neutral,-1,1,1,1,data\raw\MELD\MELD-RAW\MELD.Raw\train\train_splits\dia730_utt1.mp4,data\preprocessed\features\z_at\train_dia730_utt1.pt,data\preprocessed\features\z_v\train_dia730_utt1.pt
train_dia730_utt11,meld_real,0,meld_Joey,neutral,neutral,-1,1,1,1,data\raw\MELD\MELD-RAW\MELD.Raw\train\train_splits\dia730_utt11.mp4,data\preprocessed\features\z_at\train_dia730_utt11.pt,data\preprocessed\features\z_v\train_dia730_utt11.pt
train_dia730_utt2,meld_real,0,meld_Joey,neutral,neutral,-1,1,1,1,data\raw\MELD\MELD-RAW\MELD.Raw\train\train_splits\dia730_utt2.mp4,data\preprocessed\features\z_at\train_dia730_utt2.pt,data\preprocessed\features\z_v\train_dia730_utt2.pt
train_dia730_utt3,meld_real,0,meld_Ross,neutral,neutral,-1,1,1,1,data\raw\MELD\MELD-RAW\MELD.Raw\train\train_splits\dia730_utt3.mp4,data\preprocessed\features\z_at\train_dia730_utt3.pt,data\preprocessed\features\z_v\train_dia730_utt3.pt
train_dia730_utt4,meld_real,0,meld_Joey,neutral,neutral,-1,1,1,1,data\raw\MELD\MELD-RAW\MELD.Raw\train\train_splits\dia730_utt4.mp4,data\preprocessed\features\z_at\train_dia730_utt4.pt,data\preprocessed\features\z_v\train_dia730_utt4.pt
train_dia730_utt5,meld_real,0,meld_Ross,neutral,neutral,-1,1,1,1,data\raw\MELD\MELD-RAW\MELD.Raw\train\train_splits\dia730_utt5.mp4,data\preprocessed\features\z_at\train_dia730_utt5.pt,data\preprocessed\features\z_v\train_dia730_utt5.pt
train_dia732_utt0,meld_real,0,meld_Ross,neutral,neutral,-1,1,1,1,data\raw\MELD\MELD-RAW\MELD.Raw\train\train_splits\dia732_utt0.mp4,data\preprocessed\features\z_at\train_dia732_utt0.pt,data\preprocessed\features\z_v\train_dia732_utt0.pt
train_dia733_utt1,meld_real,0,meld_Rachel,neutral,neutral,-1,1,1,1,data\raw\MELD\MELD-RAW\MELD.Raw\train\train_splits\dia733_utt1.mp4,data\preprocessed\features\z_at\train_dia733_utt1.pt,data\preprocessed\features\z_v\train_dia733_utt1.pt
train_dia733_utt12,meld_real,0,meld_Ross,joy,joy,-1,1,1,1,data\raw\MELD\MELD-RAW\MELD.Raw\train\train_splits\dia733_utt12.mp4,data\preprocessed\features\z_at\train_dia733_utt12.pt,data\preprocessed\features\z_v\train_dia733_utt12.pt
train_dia733_utt2,meld_real,0,meld_Ross,neutral,neutral,-1,1,1,1,data\raw\MELD\MELD-RAW\MELD.Raw\train\train_splits\dia733_utt2.mp4,data\preprocessed\features\z_at\train_dia733_utt2.pt,data\preprocessed\features\z_v\train_dia733_utt2.pt
train_dia733_utt7,meld_real,0,meld_Rachel,neutral,neutral,-1,1,1,1,data\raw\MELD\MELD-RAW\MELD.Raw\train\train_splits\dia733_utt7.mp4,data\preprocessed\features\z_at\train_dia733_utt7.pt,data\preprocessed\features\z_v\train_dia733_utt7.pt
train_dia734_utt0,meld_real,0,meld_Joey,neutral,neutral,-1,1,1,1,data\raw\MELD\MELD-RAW\MELD.Raw\train\train_splits\dia734_utt0.mp4,data\preprocessed\features\z_at\train_dia734_utt0.pt,data\preprocessed\features\z_v\train_dia734_utt0.pt
train_dia735_utt0,meld_real,0,meld_Ross,fear,fear,-1,1,1,1,data\raw\MELD\MELD-RAW\MELD.Raw\train\train_splits\dia735_utt0.mp4,data\preprocessed\features\z_at\train_dia735_utt0.pt,data\preprocessed\features\z_v\train_dia735_utt0.pt
train_dia735_utt16,meld_real,0,meld_Ross,neutral,neutral,-1,1,1,1,data\raw\MELD\MELD-RAW\MELD.Raw\train\train_splits\dia735_utt16.mp4,data\preprocessed\features\z_at\train_dia735_utt16.pt,data\preprocessed\features\z_v\train_dia735_utt16.pt
train_dia735_utt18,meld_real,0,meld_Ross,neutral,neutral,-1,1,1,1,data\raw\MELD\MELD-RAW\MELD.Raw\train\train_splits\dia735_utt18.mp4,data\preprocessed\features\z_at\train_dia735_utt18.pt,data\preprocessed\features\z_v\train_dia735_utt18.pt
train_dia735_utt4,meld_real,0,meld_Ross,neutral,neutral,-1,1,1,1,data\raw\MELD\MELD-RAW\MELD.Raw\train\train_splits\dia735_utt4.mp4,data\preprocessed\features\z_at\train_dia735_utt4.pt,data\preprocessed\features\z_v\train_dia735_utt4.pt
train_dia735_utt8,meld_real,0,meld_Ross,neutral,neutral,-1,1,1,1,data\raw\MELD\MELD-RAW\MELD.Raw\train\train_splits\dia735_utt8.mp4,data\preprocessed\features\z_at\train_dia735_utt8.pt,data\preprocessed\features\z_v\train_dia735_utt8.pt
train_dia736_utt11,meld_real,0,meld_Ross,joy,joy,-1,1,1,1,data\raw\MELD\MELD-RAW\MELD.Raw\train\train_splits\dia736_utt11.mp4,data\preprocessed\features\z_at\train_dia736_utt11.pt,data\preprocessed\features\z_v\train_dia736_utt11.pt
train_dia737_utt3,meld_real,0,meld_Monica,neutral,neutral,-1,1,1,1,data\raw\MELD\MELD-RAW\MELD.Raw\train\train_splits\dia737_utt3.mp4,data\preprocessed\features\z_at\train_dia737_utt3.pt,data\preprocessed\features\z_v\train_dia737_utt3.pt
train_dia738_utt4,meld_real,0,meld_Ross,neutral,neutral,-1,1,1,1,data\raw\MELD\MELD-RAW\MELD.Raw\train\train_splits\dia738_utt4.mp4,data\preprocessed\features\z_at\train_dia738_utt4.pt,data\preprocessed\features\z_v\train_dia738_utt4.pt
train_dia739_utt1,meld_real,0,meld_Joey,neutral,neutral,-1,1,1,1,data\raw\MELD\MELD-RAW\MELD.Raw\train\train_splits\dia739_utt1.mp4,data\preprocessed\features\z_at\train_dia739_utt1.pt,data\preprocessed\features\z_v\train_dia739_utt1.pt
train_dia739_utt16,meld_real,0,meld_Joey,neutral,neutral,-1,1,1,1,data\raw\MELD\MELD-RAW\MELD.Raw\train\train_splits\dia739_utt16.mp4,data\preprocessed\features\z_at\train_dia739_utt16.pt,data\preprocessed\features\z_v\train_dia739_utt16.pt
train_dia73_utt2,meld_real,0,meld_Chandler,joy,joy,-1,1,1,1,data\raw\MELD\MELD-RAW\MELD.Raw\train\train_splits\dia73_utt2.mp4,data\preprocessed\features\z_at\train_dia73_utt2.pt,data\preprocessed\features\z_v\train_dia73_utt2.pt
train_dia73_utt7,meld_real,0,meld_Joey,neutral,neutral,-1,1,1,1,data\raw\MELD\MELD-RAW\MELD.Raw\train\train_splits\dia73_utt7.mp4,data\preprocessed\features\z_at\train_dia73_utt7.pt,data\preprocessed\features\z_v\train_dia73_utt7.pt
train_dia740_utt10,meld_real,0,meld_Ross,neutral,neutral,-1,1,1,1,data\raw\MELD\MELD-RAW\MELD.Raw\train\train_splits\dia740_utt10.mp4,data\preprocessed\features\z_at\train_dia740_utt10.pt,data\preprocessed\features\z_v\train_dia740_utt10.pt
train_dia740_utt12,meld_real,0,meld_Ross,neutral,neutral,-1,1,1,1,data\raw\MELD\MELD-RAW\MELD.Raw\train\train_splits\dia740_utt12.mp4,data\preprocessed\features\z_at\train_dia740_utt12.pt,data\preprocessed\features\z_v\train_dia740_utt12.pt
train_dia740_utt13,meld_real,0,meld_Ross,joy,joy,-1,1,1,1,data\raw\MELD\MELD-RAW\MELD.Raw\train\train_splits\dia740_utt13.mp4,data\preprocessed\features\z_at\train_dia740_utt13.pt,data\preprocessed\features\z_v\train_dia740_utt13.pt
train_dia740_utt3,meld_real,0,meld_Ross,anger,anger,-1,1,1,1,data\raw\MELD\MELD-RAW\MELD.Raw\train\train_splits\dia740_utt3.mp4,data\preprocessed\features\z_at\train_dia740_utt3.pt,data\preprocessed\features\z_v\train_dia740_utt3.pt
train_dia740_utt7,meld_real,0,meld_Ross,sadness,sadness,-1,1,1,1,data\raw\MELD\MELD-RAW\MELD.Raw\train\train_splits\dia740_utt7.mp4,data\preprocessed\features\z_at\train_dia740_utt7.pt,data\preprocessed\features\z_v\train_dia740_utt7.pt
