clip_id,source_pipeline,fake_label,speaker_id,audio_emotion,visual_emotion,sarcasm_label,has_z_at,has_z_v,is_ready_for_training,video_path,z_at_path,z_v_path
gXuiIWRxrw4_002,mosei_real,0,mosei_gXuiIWRxrw4_002,,,-1,1,1,1,D:\Documents\Programming\Thesis_G10\data\raw\CMU-MOSEI\segments\gXuiIWRxrw4_002.mp4,data\preprocessed\features\z_at\gXuiIWRxrw4_002.pt,data\preprocessed\features\z_v\gXuiIWRxrw4_002.pt
gXuiIWRxrw4_008,mosei_real,0,mosei_gXuiIWRxrw4_008,,,-1,1,1,1,D:\Documents\Programming\Thesis_G10\data\raw\CMU-MOSEI\segments\gXuiIWRxrw4_008.mp4,data\preprocessed\features\z_at\gXuiIWRxrw4_008.pt,data\preprocessed\features\z_v\gXuiIWRxrw4_008.pt
gXuiIWRxrw4_010,mosei_real,0,mosei_gXuiIWRxrw4_010,,,-1,1,1,1,D:\Documents\Programming\Thesis_G10\data\raw\CMU-MOSEI\segments\gXuiIWRxrw4_010.mp4,data\preprocessed\features\z_at\gXuiIWRxrw4_010.pt,data\preprocessed\features\z_v\gXuiIWRxrw4_010.pt
gXuiIWRxrw4_011,mosei_real,0,mosei_gXuiIWRxrw4_011,,,-1,1,1,1,D:\Documents\Programming\Thesis_G10\data\raw\CMU-MOSEI\segments\gXuiIWRxrw4_011.mp4,data\preprocessed\features\z_at\gXuiIWRxrw4_011.pt,data\preprocessed\features\z_v\gXuiIWRxrw4_011.pt
gXuiIWRxrw4_017,mosei_real,0,mosei_gXuiIWRxrw4_017,,,-1,1,1,1,D:\Documents\Programming\Thesis_G10\data\raw\CMU-MOSEI\segments\gXuiIWRxrw4_017.mp4,data\preprocessed\features\z_at\gXuiIWRxrw4_017.pt,data\preprocessed\features\z_v\gXuiIWRxrw4_017.pt
gZDyk95Xob4_000,mosei_real,0,mosei_gZDyk95Xob4_000,,,-1,1,1,1,D:\Documents\Programming\Thesis_G10\data\raw\CMU-MOSEI\segments\gZDyk95Xob4_000.mp4,data\preprocessed\features\z_at\gZDyk95Xob4_000.pt,data\preprocessed\features\z_v\gZDyk95Xob4_000.pt
gZDyk95Xob4_002,mosei_real,0,mosei_gZDyk95Xob4_002,,,-1,1,1,1,D:\Documents\Programming\Thesis_G10\data\raw\CMU-MOSEI\segments\gZDyk95Xob4_002.mp4,data\preprocessed\features\z_at\gZDyk95Xob4_002.pt,data\preprocessed\features\z_v\gZDyk95Xob4_002.pt
gZDyk95Xob4_003,mosei_real,0,mosei_gZDyk95Xob4_003,,,-1,1,1,1,D:\Documents\Programming\Thesis_G10\data\raw\CMU-MOSEI\segments\gZDyk95Xob4_003.mp4,data\preprocessed\features\z_at\gZDyk95Xob4_003.pt,data\preprocessed\features\z_v\gZDyk95Xob4_003.pt
gZDyk95Xob4_006,mosei_real,0,mosei_gZDyk95Xob4_006,,,-1,1,1,1,D:\Documents\Programming\Thesis_G10\data\raw\CMU-MOSEI\segments\gZDyk95Xob4_006.mp4,data\preprocessed\features\z_at\gZDyk95Xob4_006.pt,data\preprocessed\features\z_v\gZDyk95Xob4_006.pt
gZDyk95Xob4_007,mosei_real,0,mosei_gZDyk95Xob4_007,,,-1,1,1,1,D:\Documents\Programming\Thesis_G10\data\raw\CMU-MOSEI\segments\gZDyk95Xob4_007.mp4,data\preprocessed\features\z_at\gZDyk95Xob4_007.pt,data\preprocessed\features\z_v\gZDyk95Xob4_007.pt
gZDyk95Xob4_008,mosei_real,0,mosei_gZDyk95Xob4_008,,,-1,1,1,1,D:\Documents\Programming\Thesis_G10\data\raw\CMU-MOSEI\segments\gZDyk95Xob4_008.mp4,data\preprocessed\features\z_at\gZDyk95Xob4_008.pt,data\preprocessed\features\z_v\gZDyk95Xob4_008.pt
gZDyk95Xob4_009,mosei_real,0,mosei_gZDyk95Xob4_009,,,-1,1,1,1,D:\Documents\Programming\Thesis_G10\data\raw\CMU-MOSEI\segments\gZDyk95Xob4_009.mp4,data\preprocessed\features\z_at\gZDyk95Xob4_009.pt,data\preprocessed\features\z_v\gZDyk95Xob4_009.pt
gZDyk95Xob4_011,mosei_real,0,mosei_gZDyk95Xob4_011,,,-1,1,1,1,D:\Documents\Programming\Thesis_G10\data\raw\CMU-MOSEI\segments\gZDyk95Xob4_011.mp4,data\preprocessed\features\z_at\gZDyk95Xob4_011.pt,data\preprocessed\features\z_v\gZDyk95Xob4_011.pt
gZF-YNQHqwI_000,mosei_real,0,mosei_gZF-YNQHqwI_000,,,-1,1,1,1,D:\Documents\Programming\Thesis_G10\data\raw\CMU-MOSEI\segments\gZF-YNQHqwI_000.mp4,data\preprocessed\features\z_at\gZF-YNQHqwI_000.pt,data\preprocessed\features\z_v\gZF-YNQHqwI_000.pt
gZF-YNQHqwI_001,mosei_real,0,mosei_gZF-YNQHqwI_001,,,-1,1,1,1,D:\Documents\Programming\Thesis_G10\data\raw\CMU-MOSEI\segments\gZF-YNQHqwI_001.mp4,data\preprocessed\features\z_at\gZF-YNQHqwI_001.pt,data\preprocessed\features\z_v\gZF-YNQHqwI_001.pt
gZF-YNQHqwI_002,mosei_real,0,mosei_gZF-YNQHqwI_002,,,-1,1,1,1,D:\Documents\Programming\Thesis_G10\data\raw\CMU-MOSEI\segments\gZF-YNQHqwI_002.mp4,data\preprocessed\features\z_at\gZF-YNQHqwI_002.pt,data\preprocessed\features\z_v\gZF-YNQHqwI_002.pt
gZF-YNQHqwI_003,mosei_real,0,mosei_gZF-YNQHqwI_003,,,-1,1,1,1,D:\Documents\Programming\Thesis_G10\data\raw\CMU-MOSEI\segments\gZF-YNQHqwI_003.mp4,data\preprocessed\features\z_at\gZF-YNQHqwI_003.pt,data\preprocessed\features\z_v\gZF-YNQHqwI_003.pt
gZF-YNQHqwI_004,mosei_real,0,mosei_gZF-YNQHqwI_004,,,-1,1,1,1,D:\Documents\Programming\Thesis_G10\data\raw\CMU-MOSEI\segments\gZF-YNQHqwI_004.mp4,data\preprocessed\features\z_at\gZF-YNQHqwI_004.pt,data\preprocessed\features\z_v\gZF-YNQHqwI_004.pt
gZF-YNQHqwI_005,mosei_real,0,mosei_gZF-YNQHqwI_005,,,-1,1,1,1,D:\Documents\Programming\Thesis_G10\data\raw\CMU-MOSEI\segments\gZF-YNQHqwI_005.mp4,data\preprocessed\features\z_at\gZF-YNQHqwI_005.pt,data\preprocessed\features\z_v\gZF-YNQHqwI_005.pt
gZF-YNQHqwI_006,mosei_real,0,mosei_gZF-YNQHqwI_006,,,-1,1,1,1,D:\Documents\Programming\Thesis_G10\data\raw\CMU-MOSEI\segments\gZF-YNQHqwI_006.mp4,data\preprocessed\features\z_at\gZF-YNQHqwI_006.pt,data\preprocessed\features\z_v\gZF-YNQHqwI_006.pt
gZF-YNQHqwI_007,mosei_real,0,mosei_gZF-YNQHqwI_007,,,-1,1,1,1,D:\Documents\Programming\Thesis_G10\data\raw\CMU-MOSEI\segments\gZF-YNQHqwI_007.mp4,data\preprocessed\features\z_at\gZF-YNQHqwI_007.pt,data\preprocessed\features\z_v\gZF-YNQHqwI_007.pt
gZF-YNQHqwI_008,mosei_real,0,mosei_gZF-YNQHqwI_008,,,-1,1,1,1,D:\Documents\Programming\Thesis_G10\data\raw\CMU-MOSEI\segments\gZF-YNQHqwI_008.mp4,data\preprocessed\features\z_at\gZF-YNQHqwI_008.pt,data\preprocessed\features\z_v\gZF-YNQHqwI_008.pt
gZF-YNQHqwI_009,mosei_real,0,mosei_gZF-YNQHqwI_009,,,-1,1,1,1,D:\Documents\Programming\Thesis_G10\data\raw\CMU-MOSEI\segments\gZF-YNQHqwI_009.mp4,data\preprocessed\features\z_at\gZF-YNQHqwI_009.pt,data\preprocessed\features\z_v\gZF-YNQHqwI_009.pt
gZF-YNQHqwI_010,mosei_real,0,mosei_gZF-YNQHqwI_010,,,-1,1,1,1,D:\Documents\Programming\Thesis_G10\data\raw\CMU-MOSEI\segments\gZF-YNQHqwI_010.mp4,data\preprocessed\features\z_at\gZF-YNQHqwI_010.pt,data\preprocessed\features\z_v\gZF-YNQHqwI_010.pt
gcFECfN4BCU_001,mosei_real,0,mosei_gcFECfN4BCU_001,,,-1,1,1,1,D:\Documents\Programming\Thesis_G10\data\raw\CMU-MOSEI\segments\gcFECfN4BCU_001.mp4,data\preprocessed\features\z_at\gcFECfN4BCU_001.pt,data\preprocessed\features\z_v\gcFECfN4BCU_001.pt
gcFECfN4BCU_003,mosei_real,0,mosei_gcFECfN4BCU_003,,,-1,1,1,1,D:\Documents\Programming\Thesis_G10\data\raw\CMU-MOSEI\segments\gcFECfN4BCU_003.mp4,data\preprocessed\features\z_at\gcFECfN4BCU_003.pt,data\preprocessed\features\z_v\gcFECfN4BCU_003.pt
gcFECfN4BCU_006,mosei_real,0,mosei_gcFECfN4BCU_006,,,-1,1,1,1,D:\Documents\Programming\Thesis_G10\data\raw\CMU-MOSEI\segments\gcFECfN4BCU_006.mp4,data\preprocessed\features\z_at\gcFECfN4BCU_006.pt,data\preprocessed\features\z_v\gcFECfN4BCU_006.pt
gcFECfN4BCU_011,mosei_real,0,mosei_gcFECfN4BCU_011,,,-1,1,1,1,D:\Documents\Programming\Thesis_G10\data\raw\CMU-MOSEI\segments\gcFECfN4BCU_011.mp4,data\preprocessed\features\z_at\gcFECfN4BCU_011.pt,data\preprocessed\features\z_v\gcFECfN4BCU_011.pt
gcFECfN4BCU_013,mosei_real,0,mosei_gcFECfN4BCU_013,,,-1,1,1,1,D:\Documents\Programming\Thesis_G10\data\raw\CMU-MOSEI\segments\gcFECfN4BCU_013.mp4,data\preprocessed\features\z_at\gcFECfN4BCU_013.pt,data\preprocessed\features\z_v\gcFECfN4BCU_013.pt
gcFECfN4BCU_014,mosei_real,0,mosei_gcFECfN4BCU_014,,,-1,1,1,1,D:\Documents\Programming\Thesis_G10\data\raw\CMU-MOSEI\segments\gcFECfN4BCU_014.mp4,data\preprocessed\features\z_at\gcFECfN4BCU_014.pt,data\preprocessed\features\z_v\gcFECfN4BCU_014.pt
gcFECfN4BCU_015,mosei_real,0,mosei_gcFECfN4BCU_015,,,-1,1,1,1,D:\Documents\Programming\Thesis_G10\data\raw\CMU-MOSEI\segments\gcFECfN4BCU_015.mp4,data\preprocessed\features\z_at\gcFECfN4BCU_015.pt,data\preprocessed\features\z_v\gcFECfN4BCU_015.pt
gcFECfN4BCU_017,mosei_real,0,mosei_gcFECfN4BCU_017,,,-1,1,1,1,D:\Documents\Programming\Thesis_G10\data\raw\CMU-MOSEI\segments\gcFECfN4BCU_017.mp4,data\preprocessed\features\z_at\gcFECfN4BCU_017.pt,data\preprocessed\features\z_v\gcFECfN4BCU_017.pt
gcFECfN4BCU_018,mosei_real,0,mosei_gcFECfN4BCU_018,,,-1,1,1,1,D:\Documents\Programming\Thesis_G10\data\raw\CMU-MOSEI\segments\gcFECfN4BCU_018.mp4,data\preprocessed\features\z_at\gcFECfN4BCU_018.pt,data\preprocessed\features\z_v\gcFECfN4BCU_018.pt
gcFECfN4BCU_021,mosei_real,0,mosei_gcFECfN4BCU_021,,,-1,1,1,1,D:\Documents\Programming\Thesis_G10\data\raw\CMU-MOSEI\segments\gcFECfN4BCU_021.mp4,data\preprocessed\features\z_at\gcFECfN4BCU_021.pt,data\preprocessed\features\z_v\gcFECfN4BCU_021.pt
gcpsSao7kHM_000,mosei_real,0,mosei_gcpsSao7kHM_000,,,-1,1,1,1,D:\Documents\Programming\Thesis_G10\data\raw\CMU-MOSEI\segments\gcpsSao7kHM_000.mp4,data\preprocessed\features\z_at\gcpsSao7kHM_000.pt,data\preprocessed\features\z_v\gcpsSao7kHM_000.pt
gcpsSao7kHM_001,mosei_real,0,mosei_gcpsSao7kHM_001,,,-1,1,1,1,D:\Documents\Programming\Thesis_G10\data\raw\CMU-MOSEI\segments\gcpsSao7kHM_001.mp4,data\preprocessed\features\z_at\gcpsSao7kHM_001.pt,data\preprocessed\features\z_v\gcpsSao7kHM_001.pt
gcpsSao7kHM_003,mosei_real,0,mosei_gcpsSao7kHM_003,,,-1,1,1,1,D:\Documents\Programming\Thesis_G10\data\raw\CMU-MOSEI\segments\gcpsSao7kHM_003.mp4,data\preprocessed\features\z_at\gcpsSao7kHM_003.pt,data\preprocessed\features\z_v\gcpsSao7kHM_003.pt
gcpsSao7kHM_004,mosei_real,0,mosei_gcpsSao7kHM_004,,,-1,1,1,1,D:\Documents\Programming\Thesis_G10\data\raw\CMU-MOSEI\segments\gcpsSao7kHM_004.mp4,data\preprocessed\features\z_at\gcpsSao7kHM_004.pt,data\preprocessed\features\z_v\gcpsSao7kHM_004.pt
gcpsSao7kHM_005,mosei_real,0,mosei_gcpsSao7kHM_005,,,-1,1,1,1,D:\Documents\Programming\Thesis_G10\data\raw\CMU-MOSEI\segments\gcpsSao7kHM_005.mp4,data\preprocessed\features\z_at\gcpsSao7kHM_005.pt,data\preprocessed\features\z_v\gcpsSao7kHM_005.pt
ge071m9bGeY_000,mosei_real,0,mosei_ge071m9bGeY_000,,,-1,1,1,1,D:\Documents\Programming\Thesis_G10\data\raw\CMU-MOSEI\segments\ge071m9bGeY_000.mp4,data\preprocessed\features\z_at\ge071m9bGeY_000.pt,data\preprocessed\features\z_v\ge071m9bGeY_000.pt
ge071m9bGeY_001,mosei_real,0,mosei_ge071m9bGeY_001,,,-1,1,1,1,D:\Documents\Programming\Thesis_G10\data\raw\CMU-MOSEI\segments\ge071m9bGeY_001.mp4,data\preprocessed\features\z_at\ge071m9bGeY_001.pt,data\preprocessed\features\z_v\ge071m9bGeY_001.pt
ge071m9bGeY_003,mosei_real,0,mosei_ge071m9bGeY_003,,,-1,1,1,1,D:\Documents\Programming\Thesis_G10\data\raw\CMU-MOSEI\segments\ge071m9bGeY_003.mp4,data\preprocessed\features\z_at\ge071m9bGeY_003.pt,data\preprocessed\features\z_v\ge071m9bGeY_003.pt
ge071m9bGeY_007,mosei_real,0,mosei_ge071m9bGeY_007,,,-1,1,1,1,D:\Documents\Programming\Thesis_G10\data\raw\CMU-MOSEI\segments\ge071m9bGeY_007.mp4,data\preprocessed\features\z_at\ge071m9bGeY_007.pt,data\preprocessed\features\z_v\ge071m9bGeY_007.pt
ge071m9bGeY_008,mosei_real,0,mosei_ge071m9bGeY_008,,,-1,1,1,1,D:\Documents\Programming\Thesis_G10\data\raw\CMU-MOSEI\segments\ge071m9bGeY_008.mp4,data\preprocessed\features\z_at\ge071m9bGeY_008.pt,data\preprocessed\features\z_v\ge071m9bGeY_008.pt
gjEYmdWrBLM_001,mosei_real,0,mosei_gjEYmdWrBLM_001,,,-1,1,1,1,D:\Documents\Programming\Thesis_G10\data\raw\CMU-MOSEI\segments\gjEYmdWrBLM_001.mp4,data\preprocessed\features\z_at\gjEYmdWrBLM_001.pt,data\preprocessed\features\z_v\gjEYmdWrBLM_001.pt
gjEYmdWrBLM_002,mosei_real,0,mosei_gjEYmdWrBLM_002,,,-1,1,1,1,D:\Documents\Programming\Thesis_G10\data\raw\CMU-MOSEI\segments\gjEYmdWrBLM_002.mp4,data\preprocessed\features\z_at\gjEYmdWrBLM_002.pt,data\preprocessed\features\z_v\gjEYmdWrBLM_002.pt
gjEYmdWrBLM_003,mosei_real,0,mosei_gjEYmdWrBLM_003,,,-1,1,1,1,D:\Documents\Programming\Thesis_G10\data\raw\CMU-MOSEI\segments\gjEYmdWrBLM_003.mp4,data\preprocessed\features\z_at\gjEYmdWrBLM_003.pt,data\preprocessed\features\z_v\gjEYmdWrBLM_003.pt
gjEYmdWrBLM_006,mosei_real,0,mosei_gjEYmdWrBLM_006,,,-1,1,1,1,D:\Documents\Programming\Thesis_G10\data\raw\CMU-MOSEI\segments\gjEYmdWrBLM_006.mp4,data\preprocessed\features\z_at\gjEYmdWrBLM_006.pt,data\preprocessed\features\z_v\gjEYmdWrBLM_006.pt
gjEYmdWrBLM_007,mosei_real,0,mosei_gjEYmdWrBLM_007,,,-1,1,1,1,D:\Documents\Programming\Thesis_G10\data\raw\CMU-MOSEI\segments\gjEYmdWrBLM_007.mp4,data\preprocessed\features\z_at\gjEYmdWrBLM_007.pt,data\preprocessed\features\z_v\gjEYmdWrBLM_007.pt
gjEYmdWrBLM_009,mosei_real,0,mosei_gjEYmdWrBLM_009,,,-1,1,1,1,D:\Documents\Programming\Thesis_G10\data\raw\CMU-MOSEI\segments\gjEYmdWrBLM_009.mp4,data\preprocessed\features\z_at\gjEYmdWrBLM_009.pt,data\preprocessed\features\z_v\gjEYmdWrBLM_009.pt
gjEYmdWrBLM_010,mosei_real,0,mosei_gjEYmdWrBLM_010,,,-1,1,1,1,D:\Documents\Programming\Thesis_G10\data\raw\CMU-MOSEI\segments\gjEYmdWrBLM_010.mp4,data\preprocessed\features\z_at\gjEYmdWrBLM_010.pt,data\preprocessed\features\z_v\gjEYmdWrBLM_010.pt
gjEYmdWrBLM_014,mosei_real,0,mosei_gjEYmdWrBLM_014,,,-1,1,1,1,D:\Documents\Programming\Thesis_G10\data\raw\CMU-MOSEI\segments\gjEYmdWrBLM_014.mp4,data\preprocessed\features\z_at\gjEYmdWrBLM_014.pt,data\preprocessed\features\z_v\gjEYmdWrBLM_014.pt
gjEYmdWrBLM_015,mosei_real,0,mosei_gjEYmdWrBLM_015,,,-1,1,1,1,D:\Documents\Programming\Thesis_G10\data\raw\CMU-MOSEI\segments\gjEYmdWrBLM_015.mp4,data\preprocessed\features\z_at\gjEYmdWrBLM_015.pt,data\preprocessed\features\z_v\gjEYmdWrBLM_015.pt
gjEYmdWrBLM_017,mosei_real,0,mosei_gjEYmdWrBLM_017,,,-1,1,1,1,D:\Documents\Programming\Thesis_G10\data\raw\CMU-MOSEI\segments\gjEYmdWrBLM_017.mp4,data\preprocessed\features\z_at\gjEYmdWrBLM_017.pt,data\preprocessed\features\z_v\gjEYmdWrBLM_017.pt
gjEYmdWrBLM_018,mosei_real,0,mosei_gjEYmdWrBLM_018,,,-1,1,1,1,D:\Documents\Programming\Thesis_G10\data\raw\CMU-MOSEI\segments\gjEYmdWrBLM_018.mp4,data\preprocessed\features\z_at\gjEYmdWrBLM_018.pt,data\preprocessed\features\z_v\gjEYmdWrBLM_018.pt
gjEYmdWrBLM_019,mosei_real,0,mosei_gjEYmdWrBLM_019,,,-1,1,1,1,D:\Documents\Programming\Thesis_G10\data\raw\CMU-MOSEI\segments\gjEYmdWrBLM_019.mp4,data\preprocessed\features\z_at\gjEYmdWrBLM_019.pt,data\preprocessed\features\z_v\gjEYmdWrBLM_019.pt
gjEYmdWrBLM_020,mosei_real,0,mosei_gjEYmdWrBLM_020,,,-1,1,1,1,D:\Documents\Programming\Thesis_G10\data\raw\CMU-MOSEI\segments\gjEYmdWrBLM_020.mp4,data\preprocessed\features\z_at\gjEYmdWrBLM_020.pt,data\preprocessed\features\z_v\gjEYmdWrBLM_020.pt
gjEYmdWrBLM_021,mosei_real,0,mosei_gjEYmdWrBLM_021,,,-1,1,1,1,D:\Documents\Programming\Thesis_G10\data\raw\CMU-MOSEI\segments\gjEYmdWrBLM_021.mp4,data\preprocessed\features\z_at\gjEYmdWrBLM_021.pt,data\preprocessed\features\z_v\gjEYmdWrBLM_021.pt
gjEYmdWrBLM_023,mosei_real,0,mosei_gjEYmdWrBLM_023,,,-1,1,1,1,D:\Documents\Programming\Thesis_G10\data\raw\CMU-MOSEI\segments\gjEYmdWrBLM_023.mp4,data\preprocessed\features\z_at\gjEYmdWrBLM_023.pt,data\preprocessed\features\z_v\gjEYmdWrBLM_023.pt
gjEYmdWrBLM_024,mosei_real,0,mosei_gjEYmdWrBLM_024,,,-1,1,1,1,D:\Documents\Programming\Thesis_G10\data\raw\CMU-MOSEI\segments\gjEYmdWrBLM_024.mp4,data\preprocessed\features\z_at\gjEYmdWrBLM_024.pt,data\preprocessed\features\z_v\gjEYmdWrBLM_024.pt
gjEYmdWrBLM_026,mosei_real,0,mosei_gjEYmdWrBLM_026,,,-1,1,1,1,D:\Documents\Programming\Thesis_G10\data\raw\CMU-MOSEI\segments\gjEYmdWrBLM_026.mp4,data\preprocessed\features\z_at\gjEYmdWrBLM_026.pt,data\preprocessed\features\z_v\gjEYmdWrBLM_026.pt
gjEYmdWrBLM_027,mosei_real,0,mosei_gjEYmdWrBLM_027,,,-1,1,1,1,D:\Documents\Programming\Thesis_G10\data\raw\CMU-MOSEI\segments\gjEYmdWrBLM_027.mp4,data\preprocessed\features\z_at\gjEYmdWrBLM_027.pt,data\preprocessed\features\z_v\gjEYmdWrBLM_027.pt
gjGL6YY6oMs_001,mosei_real,0,mosei_gjGL6YY6oMs_001,,,-1,1,1,1,D:\Documents\Programming\Thesis_G10\data\raw\CMU-MOSEI\segments\gjGL6YY6oMs_001.mp4,data\preprocessed\features\z_at\gjGL6YY6oMs_001.pt,data\preprocessed\features\z_v\gjGL6YY6oMs_001.pt
gjGL6YY6oMs_002,mosei_real,0,mosei_gjGL6YY6oMs_002,,,-1,1,1,1,D:\Documents\Programming\Thesis_G10\data\raw\CMU-MOSEI\segments\gjGL6YY6oMs_002.mp4,data\preprocessed\features\z_at\gjGL6YY6oMs_002.pt,data\preprocessed\features\z_v\gjGL6YY6oMs_002.pt
gjGL6YY6oMs_003,mosei_real,0,mosei_gjGL6YY6oMs_003,,,-1,1,1,1,D:\Documents\Programming\Thesis_G10\data\raw\CMU-MOSEI\segments\gjGL6YY6oMs_003.mp4,data\preprocessed\features\z_at\gjGL6YY6oMs_003.pt,data\preprocessed\features\z_v\gjGL6YY6oMs_003.pt
gjGL6YY6oMs_004,mosei_real,0,mosei_gjGL6YY6oMs_004,,,-1,1,1,1,D:\Documents\Programming\Thesis_G10\data\raw\CMU-MOSEI\segments\gjGL6YY6oMs_004.mp4,data\preprocessed\features\z_at\gjGL6YY6oMs_004.pt,data\preprocessed\features\z_v\gjGL6YY6oMs_004.pt
gjGL6YY6oMs_005,mosei_real,0,mosei_gjGL6YY6oMs_005,,,-1,1,1,1,D:\Documents\Programming\Thesis_G10\data\raw\CMU-MOSEI\segments\gjGL6YY6oMs_005.mp4,data\preprocessed\features\z_at\gjGL6YY6oMs_005.pt,data\preprocessed\features\z_v\gjGL6YY6oMs_005.pt
gjSyl6evrWk_001,mosei_real,0,mosei_gjSyl6evrWk_001,,,-1,1,1,1,D:\Documents\Programming\Thesis_G10\data\raw\CMU-MOSEI\segments\gjSyl6evrWk_001.mp4,data\preprocessed\features\z_at\gjSyl6evrWk_001.pt,data\preprocessed\features\z_v\gjSyl6evrWk_001.pt
gjSyl6evrWk_004,mosei_real,0,mosei_gjSyl6evrWk_004,,,-1,1,1,1,D:\Documents\Programming\Thesis_G10\data\raw\CMU-MOSEI\segments\gjSyl6evrWk_004.mp4,data\preprocessed\features\z_at\gjSyl6evrWk_004.pt,data\preprocessed\features\z_v\gjSyl6evrWk_004.pt
gjSyl6evrWk_006,mosei_real,0,mosei_gjSyl6evrWk_006,,,-1,1,1,1,D:\Documents\Programming\Thesis_G10\data\raw\CMU-MOSEI\segments\gjSyl6evrWk_006.mp4,data\preprocessed\features\z_at\gjSyl6evrWk_006.pt,data\preprocessed\features\z_v\gjSyl6evrWk_006.pt
goMtnNHQ_z4_000,mosei_real,0,mosei_goMtnNHQ_z4_000,,,-1,1,1,1,D:\Documents\Programming\Thesis_G10\data\raw\CMU-MOSEI\segments\goMtnNHQ_z4_000.mp4,data\preprocessed\features\z_at\goMtnNHQ_z4_000.pt,data\preprocessed\features\z_v\goMtnNHQ_z4_000.pt
goMtnNHQ_z4_001,mosei_real,0,mosei_goMtnNHQ_z4_001,,,-1,1,1,1,D:\Documents\Programming\Thesis_G10\data\raw\CMU-MOSEI\segments\goMtnNHQ_z4_001.mp4,data\preprocessed\features\z_at\goMtnNHQ_z4_001.pt,data\preprocessed\features\z_v\goMtnNHQ_z4_001.pt
goMtnNHQ_z4_003,mosei_real,0,mosei_goMtnNHQ_z4_003,,,-1,1,1,1,D:\Documents\Programming\Thesis_G10\data\raw\CMU-MOSEI\segments\goMtnNHQ_z4_003.mp4,data\preprocessed\features\z_at\goMtnNHQ_z4_003.pt,data\preprocessed\features\z_v\goMtnNHQ_z4_003.pt
gr9YU-UTJzQ_000,mosei_real,0,mosei_gr9YU-UTJzQ_000,,,-1,1,1,1,D:\Documents\Programming\Thesis_G10\data\raw\CMU-MOSEI\segments\gr9YU-UTJzQ_000.mp4,data\preprocessed\features\z_at\gr9YU-UTJzQ_000.pt,data\preprocessed\features\z_v\gr9YU-UTJzQ_000.pt
grePRQ8zonA_002,mosei_real,0,mosei_grePRQ8zonA_002,,,-1,1,1,1,D:\Documents\Programming\Thesis_G10\data\raw\CMU-MOSEI\segments\grePRQ8zonA_002.mp4,data\preprocessed\features\z_at\grePRQ8zonA_002.pt,data\preprocessed\features\z_v\grePRQ8zonA_002.pt
gvjQ1XfMA_g_000,mosei_real,0,mosei_gvjQ1XfMA_g_000,,,-1,1,1,1,D:\Documents\Programming\Thesis_G10\data\raw\CMU-MOSEI\segments\gvjQ1XfMA_g_000.mp4,data\preprocessed\features\z_at\gvjQ1XfMA_g_000.pt,data\preprocessed\features\z_v\gvjQ1XfMA_g_000.pt
h1ZZHUU4j0k_001,mosei_real,0,mosei_h1ZZHUU4j0k_001,,,-1,1,1,1,D:\Documents\Programming\Thesis_G10\data\raw\CMU-MOSEI\segments\h1ZZHUU4j0k_001.mp4,data\preprocessed\features\z_at\h1ZZHUU4j0k_001.pt,data\preprocessed\features\z_v\h1ZZHUU4j0k_001.pt
h1ZZHUU4j0k_004,mosei_real,0,mosei_h1ZZHUU4j0k_004,,,-1,1,1,1,D:\Documents\Programming\Thesis_G10\data\raw\CMU-MOSEI\segments\h1ZZHUU4j0k_004.mp4,data\preprocessed\features\z_at\h1ZZHUU4j0k_004.pt,data\preprocessed\features\z_v\h1ZZHUU4j0k_004.pt
h1ZZHUU4j0k_005,mosei_real,0,mosei_h1ZZHUU4j0k_005,,,-1,1,1,1,D:\Documents\Programming\Thesis_G10\data\raw\CMU-MOSEI\segments\h1ZZHUU4j0k_005.mp4,data\preprocessed\features\z_at\h1ZZHUU4j0k_005.pt,data\preprocessed\features\z_v\h1ZZHUU4j0k_005.pt
h1ZZHUU4j0k_011,mosei_real,0,mosei_h1ZZHUU4j0k_011,,,-1,1,1,1,D:\Documents\Programming\Thesis_G10\data\raw\CMU-MOSEI\segments\h1ZZHUU4j0k_011.mp4,data\preprocessed\features\z_at\h1ZZHUU4j0k_011.pt,data\preprocessed\features\z_v\h1ZZHUU4j0k_011.pt
h1ZZHUU4j0k_014,mosei_real,0,mosei_h1ZZHUU4j0k_014,,,-1,1,1,1,D:\Documents\Programming\Thesis_G10\data\raw\CMU-MOSEI\segments\h1ZZHUU4j0k_014.mp4,data\preprocessed\features\z_at\h1ZZHUU4j0k_014.pt,data\preprocessed\features\z_v\h1ZZHUU4j0k_014.pt
h1ZZHUU4j0k_015,mosei_real,0,mosei_h1ZZHUU4j0k_015,,,-1,1,1,1,D:\Documents\Programming\Thesis_G10\data\raw\CMU-MOSEI\segments\h1ZZHUU4j0k_015.mp4,data\preprocessed\features\z_at\h1ZZHUU4j0k_015.pt,data\preprocessed\features\z_v\h1ZZHUU4j0k_015.pt
h1ZZHUU4j0k_018,mosei_real,0,mosei_h1ZZHUU4j0k_018,,,-1,1,1,1,D:\Documents\Programming\Thesis_G10\data\raw\CMU-MOSEI\segments\h1ZZHUU4j0k_018.mp4,data\preprocessed\features\z_at\h1ZZHUU4j0k_018.pt,data\preprocessed\features\z_v\h1ZZHUU4j0k_018.pt
h1ZZHUU4j0k_021,mosei_real,0,mosei_h1ZZHUU4j0k_021,,,-1,1,1,1,D:\Documents\Programming\Thesis_G10\data\raw\CMU-MOSEI\segments\h1ZZHUU4j0k_021.mp4,data\preprocessed\features\z_at\h1ZZHUU4j0k_021.pt,data\preprocessed\features\z_v\h1ZZHUU4j0k_021.pt
h7p5URoookk_000,mosei_real,0,mosei_h7p5URoookk_000,,,-1,1,1,1,D:\Documents\Programming\Thesis_G10\data\raw\CMU-MOSEI\segments\h7p5URoookk_000.mp4,data\preprocessed\features\z_at\h7p5URoookk_000.pt,data\preprocessed\features\z_v\h7p5URoookk_000.pt
h7p5URoookk_001,mosei_real,0,mosei_h7p5URoookk_001,,,-1,1,1,1,D:\Documents\Programming\Thesis_G10\data\raw\CMU-MOSEI\segments\h7p5URoookk_001.mp4,data\preprocessed\features\z_at\h7p5URoookk_001.pt,data\preprocessed\features\z_v\h7p5URoookk_001.pt
h7p5URoookk_002,mosei_real,0,mosei_h7p5URoookk_002,,,-1,1,1,1,D:\Documents\Programming\Thesis_G10\data\raw\CMU-MOSEI\segments\h7p5URoookk_002.mp4,data\preprocessed\features\z_at\h7p5URoookk_002.pt,data\preprocessed\features\z_v\h7p5URoookk_002.pt
h7p5URoookk_003,mosei_real,0,mosei_h7p5URoookk_003,,,-1,1,1,1,D:\Documents\Programming\Thesis_G10\data\raw\CMU-MOSEI\segments\h7p5URoookk_003.mp4,data\preprocessed\features\z_at\h7p5URoookk_003.pt,data\preprocessed\features\z_v\h7p5URoookk_003.pt
h7p5URoookk_005,mosei_real,0,mosei_h7p5URoookk_005,,,-1,1,1,1,D:\Documents\Programming\Thesis_G10\data\raw\CMU-MOSEI\segments\h7p5URoookk_005.mp4,data\preprocessed\features\z_at\h7p5URoookk_005.pt,data\preprocessed\features\z_v\h7p5URoookk_005.pt
h7p5URoookk_009,mosei_real,0,mosei_h7p5URoookk_009,,,-1,1,1,1,D:\Documents\Programming\Thesis_G10\data\raw\CMU-MOSEI\segments\h7p5URoookk_009.mp4,data\preprocessed\features\z_at\h7p5URoookk_009.pt,data\preprocessed\features\z_v\h7p5URoookk_009.pt
h7p5URoookk_011,mosei_real,0,mosei_h7p5URoookk_011,,,-1,1,1,1,D:\Documents\Programming\Thesis_G10\data\raw\CMU-MOSEI\segments\h7p5URoookk_011.mp4,data\preprocessed\features\z_at\h7p5URoookk_011.pt,data\preprocessed\features\z_v\h7p5URoookk_011.pt
h7p5URoookk_013,mosei_real,0,mosei_h7p5URoookk_013,,,-1,1,1,1,D:\Documents\Programming\Thesis_G10\data\raw\CMU-MOSEI\segments\h7p5URoookk_013.mp4,data\preprocessed\features\z_at\h7p5URoookk_013.pt,data\preprocessed\features\z_v\h7p5URoookk_013.pt
h7p5URoookk_015,mosei_real,0,mosei_h7p5URoookk_015,,,-1,1,1,1,D:\Documents\Programming\Thesis_G10\data\raw\CMU-MOSEI\segments\h7p5URoookk_015.mp4,data\preprocessed\features\z_at\h7p5URoookk_015.pt,data\preprocessed\features\z_v\h7p5URoookk_015.pt
h7p5URoookk_016,mosei_real,0,mosei_h7p5URoookk_016,,,-1,1,1,1,D:\Documents\Programming\Thesis_G10\data\raw\CMU-MOSEI\segments\h7p5URoookk_016.mp4,data\preprocessed\features\z_at\h7p5URoookk_016.pt,data\preprocessed\features\z_v\h7p5URoookk_016.pt
h7p5URoookk_017,mosei_real,0,mosei_h7p5URoookk_017,,,-1,1,1,1,D:\Documents\Programming\Thesis_G10\data\raw\CMU-MOSEI\segments\h7p5URoookk_017.mp4,data\preprocessed\features\z_at\h7p5URoookk_017.pt,data\preprocessed\features\z_v\h7p5URoookk_017.pt
h7p5URoookk_018,mosei_real,0,mosei_h7p5URoookk_018,,,-1,1,1,1,D:\Documents\Programming\Thesis_G10\data\raw\CMU-MOSEI\segments\h7p5URoookk_018.mp4,data\preprocessed\features\z_at\h7p5URoookk_018.pt,data\preprocessed\features\z_v\h7p5URoookk_018.pt
h7p5URoookk_025,mosei_real,0,mosei_h7p5URoookk_025,,,-1,1,1,1,D:\Documents\Programming\Thesis_G10\data\raw\CMU-MOSEI\segments\h7p5URoookk_025.mp4,data\preprocessed\features\z_at\h7p5URoookk_025.pt,data\preprocessed\features\z_v\h7p5URoookk_025.pt
h7p5URoookk_026,mosei_real,0,mosei_h7p5URoookk_026,,,-1,1,1,1,D:\Documents\Programming\Thesis_G10\data\raw\CMU-MOSEI\segments\h7p5URoookk_026.mp4,data\preprocessed\features\z_at\h7p5URoookk_026.pt,data\preprocessed\features\z_v\h7p5URoookk_026.pt
hASTLbFHrEs_000,mosei_real,0,mosei_hASTLbFHrEs_000,,,-1,1,1,1,D:\Documents\Programming\Thesis_G10\data\raw\CMU-MOSEI\segments\hASTLbFHrEs_000.mp4,data\preprocessed\features\z_at\hASTLbFHrEs_000.pt,data\preprocessed\features\z_v\hASTLbFHrEs_000.pt
hASTLbFHrEs_001,mosei_real,0,mosei_hASTLbFHrEs_001,,,-1,1,1,1,D:\Documents\Programming\Thesis_G10\data\raw\CMU-MOSEI\segments\hASTLbFHrEs_001.mp4,data\preprocessed\features\z_at\hASTLbFHrEs_001.pt,data\preprocessed\features\z_v\hASTLbFHrEs_001.pt
hASTLbFHrEs_002,mosei_real,0,mosei_hASTLbFHrEs_002,,,-1,1,1,1,D:\Documents\Programming\Thesis_G10\data\raw\CMU-MOSEI\segments\hASTLbFHrEs_002.mp4,data\preprocessed\features\z_at\hASTLbFHrEs_002.pt,data\preprocessed\features\z_v\hASTLbFHrEs_002.pt
hASTLbFHrEs_003,mosei_real,0,mosei_hASTLbFHrEs_003,,,-1,1,1,1,D:\Documents\Programming\Thesis_G10\data\raw\CMU-MOSEI\segments\hASTLbFHrEs_003.mp4,data\preprocessed\features\z_at\hASTLbFHrEs_003.pt,data\preprocessed\features\z_v\hASTLbFHrEs_003.pt
hASTLbFHrEs_005,mosei_real,0,mosei_hASTLbFHrEs_005,,,-1,1,1,1,D:\Documents\Programming\Thesis_G10\data\raw\CMU-MOSEI\segments\hASTLbFHrEs_005.mp4,data\preprocessed\features\z_at\hASTLbFHrEs_005.pt,data\preprocessed\features\z_v\hASTLbFHrEs_005.pt
hASTLbFHrEs_007,mosei_real,0,mosei_hASTLbFHrEs_007,,,-1,1,1,1,D:\Documents\Programming\Thesis_G10\data\raw\CMU-MOSEI\segments\hASTLbFHrEs_007.mp4,data\preprocessed\features\z_at\hASTLbFHrEs_007.pt,data\preprocessed\features\z_v\hASTLbFHrEs_007.pt
hASTLbFHrEs_008,mosei_real,0,mosei_hASTLbFHrEs_008,,,-1,1,1,1,D:\Documents\Programming\Thesis_G10\data\raw\CMU-MOSEI\segments\hASTLbFHrEs_008.mp4,data\preprocessed\features\z_at\hASTLbFHrEs_008.pt,data\preprocessed\features\z_v\hASTLbFHrEs_008.pt
hCFV5VLgS0A_000,mosei_real,0,mosei_hCFV5VLgS0A_000,,,-1,1,1,1,D:\Documents\Programming\Thesis_G10\data\raw\CMU-MOSEI\segments\hCFV5VLgS0A_000.mp4,data\preprocessed\features\z_at\hCFV5VLgS0A_000.pt,data\preprocessed\features\z_v\hCFV5VLgS0A_000.pt
hCFV5VLgS0A_002,mosei_real,0,mosei_hCFV5VLgS0A_002,,,-1,1,1,1,D:\Documents\Programming\Thesis_G10\data\raw\CMU-MOSEI\segments\hCFV5VLgS0A_002.mp4,data\preprocessed\features\z_at\hCFV5VLgS0A_002.pt,data\preprocessed\features\z_v\hCFV5VLgS0A_002.pt
hCFV5VLgS0A_003,mosei_real,0,mosei_hCFV5VLgS0A_003,,,-1,1,1,1,D:\Documents\Programming\Thesis_G10\data\raw\CMU-MOSEI\segments\hCFV5VLgS0A_003.mp4,data\preprocessed\features\z_at\hCFV5VLgS0A_003.pt,data\preprocessed\features\z_v\hCFV5VLgS0A_003.pt
hCFV5VLgS0A_004,mosei_real,0,mosei_hCFV5VLgS0A_004,,,-1,1,1,1,D:\Documents\Programming\Thesis_G10\data\raw\CMU-MOSEI\segments\hCFV5VLgS0A_004.mp4,data\preprocessed\features\z_at\hCFV5VLgS0A_004.pt,data\preprocessed\features\z_v\hCFV5VLgS0A_004.pt
hCFV5VLgS0A_005,mosei_real,0,mosei_hCFV5VLgS0A_005,,,-1,1,1,1,D:\Documents\Programming\Thesis_G10\data\raw\CMU-MOSEI\segments\hCFV5VLgS0A_005.mp4,data\preprocessed\features\z_at\hCFV5VLgS0A_005.pt,data\preprocessed\features\z_v\hCFV5VLgS0A_005.pt
hCFV5VLgS0A_006,mosei_real,0,mosei_hCFV5VLgS0A_006,,,-1,1,1,1,D:\Documents\Programming\Thesis_G10\data\raw\CMU-MOSEI\segments\hCFV5VLgS0A_006.mp4,data\preprocessed\features\z_at\hCFV5VLgS0A_006.pt,data\preprocessed\features\z_v\hCFV5VLgS0A_006.pt
hGRRlXfH0BY_002,mosei_real,0,mosei_hGRRlXfH0BY_002,,,-1,1,1,1,D:\Documents\Programming\Thesis_G10\data\raw\CMU-MOSEI\segments\hGRRlXfH0BY_002.mp4,data\preprocessed\features\z_at\hGRRlXfH0BY_002.pt,data\preprocessed\features\z_v\hGRRlXfH0BY_002.pt
hGRRlXfH0BY_004,mosei_real,0,mosei_hGRRlXfH0BY_004,,,-1,1,1,1,D:\Documents\Programming\Thesis_G10\data\raw\CMU-MOSEI\segments\hGRRlXfH0BY_004.mp4,data\preprocessed\features\z_at\hGRRlXfH0BY_004.pt,data\preprocessed\features\z_v\hGRRlXfH0BY_004.pt
hGRRlXfH0BY_005,mosei_real,0,mosei_hGRRlXfH0BY_005,,,-1,1,1,1,D:\Documents\Programming\Thesis_G10\data\raw\CMU-MOSEI\segments\hGRRlXfH0BY_005.mp4,data\preprocessed\features\z_at\hGRRlXfH0BY_005.pt,data\preprocessed\features\z_v\hGRRlXfH0BY_005.pt
hGRRlXfH0BY_006,mosei_real,0,mosei_hGRRlXfH0BY_006,,,-1,1,1,1,D:\Documents\Programming\Thesis_G10\data\raw\CMU-MOSEI\segments\hGRRlXfH0BY_006.mp4,data\preprocessed\features\z_at\hGRRlXfH0BY_006.pt,data\preprocessed\features\z_v\hGRRlXfH0BY_006.pt
hIQhkTjNaQc_000,mosei_real,0,mosei_hIQhkTjNaQc_000,,,-1,1,1,1,D:\Documents\Programming\Thesis_G10\data\raw\CMU-MOSEI\segments\hIQhkTjNaQc_000.mp4,data\preprocessed\features\z_at\hIQhkTjNaQc_000.pt,data\preprocessed\features\z_v\hIQhkTjNaQc_000.pt
hIQhkTjNaQc_002,mosei_real,0,mosei_hIQhkTjNaQc_002,,,-1,1,1,1,D:\Documents\Programming\Thesis_G10\data\raw\CMU-MOSEI\segments\hIQhkTjNaQc_002.mp4,data\preprocessed\features\z_at\hIQhkTjNaQc_002.pt,data\preprocessed\features\z_v\hIQhkTjNaQc_002.pt
hIQhkTjNaQc_004,mosei_real,0,mosei_hIQhkTjNaQc_004,,,-1,1,1,1,D:\Documents\Programming\Thesis_G10\data\raw\CMU-MOSEI\segments\hIQhkTjNaQc_004.mp4,data\preprocessed\features\z_at\hIQhkTjNaQc_004.pt,data\preprocessed\features\z_v\hIQhkTjNaQc_004.pt
hSgKOKK3L8M_000,mosei_real,0,mosei_hSgKOKK3L8M_000,,,-1,1,1,1,D:\Documents\Programming\Thesis_G10\data\raw\CMU-MOSEI\segments\hSgKOKK3L8M_000.mp4,data\preprocessed\features\z_at\hSgKOKK3L8M_000.pt,data\preprocessed\features\z_v\hSgKOKK3L8M_000.pt
hSgKOKK3L8M_001,mosei_real,0,mosei_hSgKOKK3L8M_001,,,-1,1,1,1,D:\Documents\Programming\Thesis_G10\data\raw\CMU-MOSEI\segments\hSgKOKK3L8M_001.mp4,data\preprocessed\features\z_at\hSgKOKK3L8M_001.pt,data\preprocessed\features\z_v\hSgKOKK3L8M_001.pt
hSgKOKK3L8M_002,mosei_real,0,mosei_hSgKOKK3L8M_002,,,-1,1,1,1,D:\Documents\Programming\Thesis_G10\data\raw\CMU-MOSEI\segments\hSgKOKK3L8M_002.mp4,data\preprocessed\features\z_at\hSgKOKK3L8M_002.pt,data\preprocessed\features\z_v\hSgKOKK3L8M_002.pt
hSgKOKK3L8M_003,mosei_real,0,mosei_hSgKOKK3L8M_003,,,-1,1,1,1,D:\Documents\Programming\Thesis_G10\data\raw\CMU-MOSEI\segments\hSgKOKK3L8M_003.mp4,data\preprocessed\features\z_at\hSgKOKK3L8M_003.pt,data\preprocessed\features\z_v\hSgKOKK3L8M_003.pt
hSgKOKK3L8M_004,mosei_real,0,mosei_hSgKOKK3L8M_004,,,-1,1,1,1,D:\Documents\Programming\Thesis_G10\data\raw\CMU-MOSEI\segments\hSgKOKK3L8M_004.mp4,data\preprocessed\features\z_at\hSgKOKK3L8M_004.pt,data\preprocessed\features\z_v\hSgKOKK3L8M_004.pt
hSgKOKK3L8M_005,mosei_real,0,mosei_hSgKOKK3L8M_005,,,-1,1,1,1,D:\Documents\Programming\Thesis_G10\data\raw\CMU-MOSEI\segments\hSgKOKK3L8M_005.mp4,data\preprocessed\features\z_at\hSgKOKK3L8M_005.pt,data\preprocessed\features\z_v\hSgKOKK3L8M_005.pt
hSgKOKK3L8M_007,mosei_real,0,mosei_hSgKOKK3L8M_007,,,-1,1,1,1,D:\Documents\Programming\Thesis_G10\data\raw\CMU-MOSEI\segments\hSgKOKK3L8M_007.mp4,data\preprocessed\features\z_at\hSgKOKK3L8M_007.pt,data\preprocessed\features\z_v\hSgKOKK3L8M_007.pt
hThsntvCk2s_000,mosei_real,0,mosei_hThsntvCk2s_000,,,-1,1,1,1,D:\Documents\Programming\Thesis_G10\data\raw\CMU-MOSEI\segments\hThsntvCk2s_000.mp4,data\preprocessed\features\z_at\hThsntvCk2s_000.pt,data\preprocessed\features\z_v\hThsntvCk2s_000.pt
he475nnmMi0_003,mosei_real,0,mosei_he475nnmMi0_003,,,-1,1,1,1,D:\Documents\Programming\Thesis_G10\data\raw\CMU-MOSEI\segments\he475nnmMi0_003.mp4,data\preprocessed\features\z_at\he475nnmMi0_003.pt,data\preprocessed\features\z_v\he475nnmMi0_003.pt
he475nnmMi0_007,mosei_real,0,mosei_he475nnmMi0_007,,,-1,1,1,1,D:\Documents\Programming\Thesis_G10\data\raw\CMU-MOSEI\segments\he475nnmMi0_007.mp4,data\preprocessed\features\z_at\he475nnmMi0_007.pt,data\preprocessed\features\z_v\he475nnmMi0_007.pt
he475nnmMi0_008,mosei_real,0,mosei_he475nnmMi0_008,,,-1,1,1,1,D:\Documents\Programming\Thesis_G10\data\raw\CMU-MOSEI\segments\he475nnmMi0_008.mp4,data\preprocessed\features\z_at\he475nnmMi0_008.pt,data\preprocessed\features\z_v\he475nnmMi0_008.pt
he475nnmMi0_010,mosei_real,0,mosei_he475nnmMi0_010,,,-1,1,1,1,D:\Documents\Programming\Thesis_G10\data\raw\CMU-MOSEI\segments\he475nnmMi0_010.mp4,data\preprocessed\features\z_at\he475nnmMi0_010.pt,data\preprocessed\features\z_v\he475nnmMi0_010.pt
hfK8QtTd7fo_000,mosei_real,0,mosei_hfK8QtTd7fo_000,,,-1,1,1,1,D:\Documents\Programming\Thesis_G10\data\raw\CMU-MOSEI\segments\hfK8QtTd7fo_000.mp4,data\preprocessed\features\z_at\hfK8QtTd7fo_000.pt,data\preprocessed\features\z_v\hfK8QtTd7fo_000.pt
hfVXx8hfKak_003,mosei_real,0,mosei_hfVXx8hfKak_003,,,-1,1,1,1,D:\Documents\Programming\Thesis_G10\data\raw\CMU-MOSEI\segments\hfVXx8hfKak_003.mp4,data\preprocessed\features\z_at\hfVXx8hfKak_003.pt,data\preprocessed\features\z_v\hfVXx8hfKak_003.pt
hh04W3xXa5s_000,mosei_real,0,mosei_hh04W3xXa5s_000,,,-1,1,1,1,D:\Documents\Programming\Thesis_G10\data\raw\CMU-MOSEI\segments\hh04W3xXa5s_000.mp4,data\preprocessed\features\z_at\hh04W3xXa5s_000.pt,data\preprocessed\features\z_v\hh04W3xXa5s_000.pt
hh04W3xXa5s_001,mosei_real,0,mosei_hh04W3xXa5s_001,,,-1,1,1,1,D:\Documents\Programming\Thesis_G10\data\raw\CMU-MOSEI\segments\hh04W3xXa5s_001.mp4,data\preprocessed\features\z_at\hh04W3xXa5s_001.pt,data\preprocessed\features\z_v\hh04W3xXa5s_001.pt
hjBQmIWiWgw_000,mosei_real,0,mosei_hjBQmIWiWgw_000,,,-1,1,1,1,D:\Documents\Programming\Thesis_G10\data\raw\CMU-MOSEI\segments\hjBQmIWiWgw_000.mp4,data\preprocessed\features\z_at\hjBQmIWiWgw_000.pt,data\preprocessed\features\z_v\hjBQmIWiWgw_000.pt
hjBQmIWiWgw_001,mosei_real,0,mosei_hjBQmIWiWgw_001,,,-1,1,1,1,D:\Documents\Programming\Thesis_G10\data\raw\CMU-MOSEI\segments\hjBQmIWiWgw_001.mp4,data\preprocessed\features\z_at\hjBQmIWiWgw_001.pt,data\preprocessed\features\z_v\hjBQmIWiWgw_001.pt
hjBQmIWiWgw_004,mosei_real,0,mosei_hjBQmIWiWgw_004,,,-1,1,1,1,D:\Documents\Programming\Thesis_G10\data\raw\CMU-MOSEI\segments\hjBQmIWiWgw_004.mp4,data\preprocessed\features\z_at\hjBQmIWiWgw_004.pt,data\preprocessed\features\z_v\hjBQmIWiWgw_004.pt
hjBQmIWiWgw_006,mosei_real,0,mosei_hjBQmIWiWgw_006,,,-1,1,1,1,D:\Documents\Programming\Thesis_G10\data\raw\CMU-MOSEI\segments\hjBQmIWiWgw_006.mp4,data\preprocessed\features\z_at\hjBQmIWiWgw_006.pt,data\preprocessed\features\z_v\hjBQmIWiWgw_006.pt
hjBQmIWiWgw_008,mosei_real,0,mosei_hjBQmIWiWgw_008,,,-1,1,1,1,D:\Documents\Programming\Thesis_G10\data\raw\CMU-MOSEI\segments\hjBQmIWiWgw_008.mp4,data\preprocessed\features\z_at\hjBQmIWiWgw_008.pt,data\preprocessed\features\z_v\hjBQmIWiWgw_008.pt
hjBQmIWiWgw_009,mosei_real,0,mosei_hjBQmIWiWgw_009,,,-1,1,1,1,D:\Documents\Programming\Thesis_G10\data\raw\CMU-MOSEI\segments\hjBQmIWiWgw_009.mp4,data\preprocessed\features\z_at\hjBQmIWiWgw_009.pt,data\preprocessed\features\z_v\hjBQmIWiWgw_009.pt
hjBQmIWiWgw_010,mosei_real,0,mosei_hjBQmIWiWgw_010,,,-1,1,1,1,D:\Documents\Programming\Thesis_G10\data\raw\CMU-MOSEI\segments\hjBQmIWiWgw_010.mp4,data\preprocessed\features\z_at\hjBQmIWiWgw_010.pt,data\preprocessed\features\z_v\hjBQmIWiWgw_010.pt
hkGN5q3OOCE_001,mosei_real,0,mosei_hkGN5q3OOCE_001,,,-1,1,1,1,D:\Documents\Programming\Thesis_G10\data\raw\CMU-MOSEI\segments\hkGN5q3OOCE_001.mp4,data\preprocessed\features\z_at\hkGN5q3OOCE_001.pt,data\preprocessed\features\z_v\hkGN5q3OOCE_001.pt
hlBOP5NskhM_000,mosei_real,0,mosei_hlBOP5NskhM_000,,,-1,1,1,1,D:\Documents\Programming\Thesis_G10\data\raw\CMU-MOSEI\segments\hlBOP5NskhM_000.mp4,data\preprocessed\features\z_at\hlBOP5NskhM_000.pt,data\preprocessed\features\z_v\hlBOP5NskhM_000.pt
hlBOP5NskhM_001,mosei_real,0,mosei_hlBOP5NskhM_001,,,-1,1,1,1,D:\Documents\Programming\Thesis_G10\data\raw\CMU-MOSEI\segments\hlBOP5NskhM_001.mp4,data\preprocessed\features\z_at\hlBOP5NskhM_001.pt,data\preprocessed\features\z_v\hlBOP5NskhM_001.pt
hlBOP5NskhM_004,mosei_real,0,mosei_hlBOP5NskhM_004,,,-1,1,1,1,D:\Documents\Programming\Thesis_G10\data\raw\CMU-MOSEI\segments\hlBOP5NskhM_004.mp4,data\preprocessed\features\z_at\hlBOP5NskhM_004.pt,data\preprocessed\features\z_v\hlBOP5NskhM_004.pt
hlBOP5NskhM_005,mosei_real,0,mosei_hlBOP5NskhM_005,,,-1,1,1,1,D:\Documents\Programming\Thesis_G10\data\raw\CMU-MOSEI\segments\hlBOP5NskhM_005.mp4,data\preprocessed\features\z_at\hlBOP5NskhM_005.pt,data\preprocessed\features\z_v\hlBOP5NskhM_005.pt
hlBOP5NskhM_008,mosei_real,0,mosei_hlBOP5NskhM_008,,,-1,1,1,1,D:\Documents\Programming\Thesis_G10\data\raw\CMU-MOSEI\segments\hlBOP5NskhM_008.mp4,data\preprocessed\features\z_at\hlBOP5NskhM_008.pt,data\preprocessed\features\z_v\hlBOP5NskhM_008.pt
hlBOP5NskhM_011,mosei_real,0,mosei_hlBOP5NskhM_011,,,-1,1,1,1,D:\Documents\Programming\Thesis_G10\data\raw\CMU-MOSEI\segments\hlBOP5NskhM_011.mp4,data\preprocessed\features\z_at\hlBOP5NskhM_011.pt,data\preprocessed\features\z_v\hlBOP5NskhM_011.pt
hlYDicOj2m0_001,mosei_real,0,mosei_hlYDicOj2m0_001,,,-1,1,1,1,D:\Documents\Programming\Thesis_G10\data\raw\CMU-MOSEI\segments\hlYDicOj2m0_001.mp4,data\preprocessed\features\z_at\hlYDicOj2m0_001.pt,data\preprocessed\features\z_v\hlYDicOj2m0_001.pt
hlYDicOj2m0_002,mosei_real,0,mosei_hlYDicOj2m0_002,,,-1,1,1,1,D:\Documents\Programming\Thesis_G10\data\raw\CMU-MOSEI\segments\hlYDicOj2m0_002.mp4,data\preprocessed\features\z_at\hlYDicOj2m0_002.pt,data\preprocessed\features\z_v\hlYDicOj2m0_002.pt
hntnelpiyl8_000,mosei_real,0,mosei_hntnelpiyl8_000,,,-1,1,1,1,D:\Documents\Programming\Thesis_G10\data\raw\CMU-MOSEI\segments\hntnelpiyl8_000.mp4,data\preprocessed\features\z_at\hntnelpiyl8_000.pt,data\preprocessed\features\z_v\hntnelpiyl8_000.pt
hntnelpiyl8_001,mosei_real,0,mosei_hntnelpiyl8_001,,,-1,1,1,1,D:\Documents\Programming\Thesis_G10\data\raw\CMU-MOSEI\segments\hntnelpiyl8_001.mp4,data\preprocessed\features\z_at\hntnelpiyl8_001.pt,data\preprocessed\features\z_v\hntnelpiyl8_001.pt
hntnelpiyl8_003,mosei_real,0,mosei_hntnelpiyl8_003,,,-1,1,1,1,D:\Documents\Programming\Thesis_G10\data\raw\CMU-MOSEI\segments\hntnelpiyl8_003.mp4,data\preprocessed\features\z_at\hntnelpiyl8_003.pt,data\preprocessed\features\z_v\hntnelpiyl8_003.pt
hqzF4IDaIYE_000,mosei_real,0,mosei_hqzF4IDaIYE_000,,,-1,1,1,1,D:\Documents\Programming\Thesis_G10\data\raw\CMU-MOSEI\segments\hqzF4IDaIYE_000.mp4,data\preprocessed\features\z_at\hqzF4IDaIYE_000.pt,data\preprocessed\features\z_v\hqzF4IDaIYE_000.pt
hqzF4IDaIYE_004,mosei_real,0,mosei_hqzF4IDaIYE_004,,,-1,1,1,1,D:\Documents\Programming\Thesis_G10\data\raw\CMU-MOSEI\segments\hqzF4IDaIYE_004.mp4,data\preprocessed\features\z_at\hqzF4IDaIYE_004.pt,data\preprocessed\features\z_v\hqzF4IDaIYE_004.pt
hqzF4IDaIYE_005,mosei_real,0,mosei_hqzF4IDaIYE_005,,,-1,1,1,1,D:\Documents\Programming\Thesis_G10\data\raw\CMU-MOSEI\segments\hqzF4IDaIYE_005.mp4,data\preprocessed\features\z_at\hqzF4IDaIYE_005.pt,data\preprocessed\features\z_v\hqzF4IDaIYE_005.pt
hqzF4IDaIYE_006,mosei_real,0,mosei_hqzF4IDaIYE_006,,,-1,1,1,1,D:\Documents\Programming\Thesis_G10\data\raw\CMU-MOSEI\segments\hqzF4IDaIYE_006.mp4,data\preprocessed\features\z_at\hqzF4IDaIYE_006.pt,data\preprocessed\features\z_v\hqzF4IDaIYE_006.pt
hyazktfsZew_001,mosei_real,0,mosei_hyazktfsZew_001,,,-1,1,1,1,D:\Documents\Programming\Thesis_G10\data\raw\CMU-MOSEI\segments\hyazktfsZew_001.mp4,data\preprocessed\features\z_at\hyazktfsZew_001.pt,data\preprocessed\features\z_v\hyazktfsZew_001.pt
hyazktfsZew_002,mosei_real,0,mosei_hyazktfsZew_002,,,-1,1,1,1,D:\Documents\Programming\Thesis_G10\data\raw\CMU-MOSEI\segments\hyazktfsZew_002.mp4,data\preprocessed\features\z_at\hyazktfsZew_002.pt,data\preprocessed\features\z_v\hyazktfsZew_002.pt
hyazktfsZew_003,mosei_real,0,mosei_hyazktfsZew_003,,,-1,1,1,1,D:\Documents\Programming\Thesis_G10\data\raw\CMU-MOSEI\segments\hyazktfsZew_003.mp4,data\preprocessed\features\z_at\hyazktfsZew_003.pt,data\preprocessed\features\z_v\hyazktfsZew_003.pt
hyazktfsZew_004,mosei_real,0,mosei_hyazktfsZew_004,,,-1,1,1,1,D:\Documents\Programming\Thesis_G10\data\raw\CMU-MOSEI\segments\hyazktfsZew_004.mp4,data\preprocessed\features\z_at\hyazktfsZew_004.pt,data\preprocessed\features\z_v\hyazktfsZew_004.pt
hyazktfsZew_006,mosei_real,0,mosei_hyazktfsZew_006,,,-1,1,1,1,D:\Documents\Programming\Thesis_G10\data\raw\CMU-MOSEI\segments\hyazktfsZew_006.mp4,data\preprocessed\features\z_at\hyazktfsZew_006.pt,data\preprocessed\features\z_v\hyazktfsZew_006.pt
hyazktfsZew_008,mosei_real,0,mosei_hyazktfsZew_008,,,-1,1,1,1,D:\Documents\Programming\Thesis_G10\data\raw\CMU-MOSEI\segments\hyazktfsZew_008.mp4,data\preprocessed\features\z_at\hyazktfsZew_008.pt,data\preprocessed\features\z_v\hyazktfsZew_008.pt
hyazktfsZew_009,mosei_real,0,mosei_hyazktfsZew_009,,,-1,1,1,1,D:\Documents\Programming\Thesis_G10\data\raw\CMU-MOSEI\segments\hyazktfsZew_009.mp4,data\preprocessed\features\z_at\hyazktfsZew_009.pt,data\preprocessed\features\z_v\hyazktfsZew_009.pt
hyazktfsZew_010,mosei_real,0,mosei_hyazktfsZew_010,,,-1,1,1,1,D:\Documents\Programming\Thesis_G10\data\raw\CMU-MOSEI\segments\hyazktfsZew_010.mp4,data\preprocessed\features\z_at\hyazktfsZew_010.pt,data\preprocessed\features\z_v\hyazktfsZew_010.pt
hyazktfsZew_011,mosei_real,0,mosei_hyazktfsZew_011,,,-1,1,1,1,D:\Documents\Programming\Thesis_G10\data\raw\CMU-MOSEI\segments\hyazktfsZew_011.mp4,data\preprocessed\features\z_at\hyazktfsZew_011.pt,data\preprocessed\features\z_v\hyazktfsZew_011.pt
hyazktfsZew_013,mosei_real,0,mosei_hyazktfsZew_013,,,-1,1,1,1,D:\Documents\Programming\Thesis_G10\data\raw\CMU-MOSEI\segments\hyazktfsZew_013.mp4,data\preprocessed\features\z_at\hyazktfsZew_013.pt,data\preprocessed\features\z_v\hyazktfsZew_013.pt
hyazktfsZew_016,mosei_real,0,mosei_hyazktfsZew_016,,,-1,1,1,1,D:\Documents\Programming\Thesis_G10\data\raw\CMU-MOSEI\segments\hyazktfsZew_016.mp4,data\preprocessed\features\z_at\hyazktfsZew_016.pt,data\preprocessed\features\z_v\hyazktfsZew_016.pt
hyazktfsZew_019,mosei_real,0,mosei_hyazktfsZew_019,,,-1,1,1,1,D:\Documents\Programming\Thesis_G10\data\raw\CMU-MOSEI\segments\hyazktfsZew_019.mp4,data\preprocessed\features\z_at\hyazktfsZew_019.pt,data\preprocessed\features\z_v\hyazktfsZew_019.pt
hyazktfsZew_020,mosei_real,0,mosei_hyazktfsZew_020,,,-1,1,1,1,D:\Documents\Programming\Thesis_G10\data\raw\CMU-MOSEI\segments\hyazktfsZew_020.mp4,data\preprocessed\features\z_at\hyazktfsZew_020.pt,data\preprocessed\features\z_v\hyazktfsZew_020.pt
hyazktfsZew_022,mosei_real,0,mosei_hyazktfsZew_022,,,-1,1,1,1,D:\Documents\Programming\Thesis_G10\data\raw\CMU-MOSEI\segments\hyazktfsZew_022.mp4,data\preprocessed\features\z_at\hyazktfsZew_022.pt,data\preprocessed\features\z_v\hyazktfsZew_022.pt
hyazktfsZew_024,mosei_real,0,mosei_hyazktfsZew_024,,,-1,1,1,1,D:\Documents\Programming\Thesis_G10\data\raw\CMU-MOSEI\segments\hyazktfsZew_024.mp4,data\preprocessed\features\z_at\hyazktfsZew_024.pt,data\preprocessed\features\z_v\hyazktfsZew_024.pt
hyazktfsZew_025,mosei_real,0,mosei_hyazktfsZew_025,,,-1,1,1,1,D:\Documents\Programming\Thesis_G10\data\raw\CMU-MOSEI\segments\hyazktfsZew_025.mp4,data\preprocessed\features\z_at\hyazktfsZew_025.pt,data\preprocessed\features\z_v\hyazktfsZew_025.pt
hyazktfsZew_027,mosei_real,0,mosei_hyazktfsZew_027,,,-1,1,1,1,D:\Documents\Programming\Thesis_G10\data\raw\CMU-MOSEI\segments\hyazktfsZew_027.mp4,data\preprocessed\features\z_at\hyazktfsZew_027.pt,data\preprocessed\features\z_v\hyazktfsZew_027.pt
hyazktfsZew_029,mosei_real,0,mosei_hyazktfsZew_029,,,-1,1,1,1,D:\Documents\Programming\Thesis_G10\data\raw\CMU-MOSEI\segments\hyazktfsZew_029.mp4,data\preprocessed\features\z_at\hyazktfsZew_029.pt,data\preprocessed\features\z_v\hyazktfsZew_029.pt
hyazktfsZew_030,mosei_real,0,mosei_hyazktfsZew_030,,,-1,1,1,1,D:\Documents\Programming\Thesis_G10\data\raw\CMU-MOSEI\segments\hyazktfsZew_030.mp4,data\preprocessed\features\z_at\hyazktfsZew_030.pt,data\preprocessed\features\z_v\hyazktfsZew_030.pt
hyazktfsZew_031,mosei_real,0,mosei_hyazktfsZew_031,,,-1,1,1,1,D:\Documents\Programming\Thesis_G10\data\raw\CMU-MOSEI\segments\hyazktfsZew_031.mp4,data\preprocessed\features\z_at\hyazktfsZew_031.pt,data\preprocessed\features\z_v\hyazktfsZew_031.pt
hyazktfsZew_032,mosei_real,0,mosei_hyazktfsZew_032,,,-1,1,1,1,D:\Documents\Programming\Thesis_G10\data\raw\CMU-MOSEI\segments\hyazktfsZew_032.mp4,data\preprocessed\features\z_at\hyazktfsZew_032.pt,data\preprocessed\features\z_v\hyazktfsZew_032.pt
hyazktfsZew_033,mosei_real,0,mosei_hyazktfsZew_033,,,-1,1,1,1,D:\Documents\Programming\Thesis_G10\data\raw\CMU-MOSEI\segments\hyazktfsZew_033.mp4,data\preprocessed\features\z_at\hyazktfsZew_033.pt,data\preprocessed\features\z_v\hyazktfsZew_033.pt
i5bmKlHv-SA_000,mosei_real,0,mosei_i5bmKlHv-SA_000,,,-1,1,1,1,D:\Documents\Programming\Thesis_G10\data\raw\CMU-MOSEI\segments\i5bmKlHv-SA_000.mp4,data\preprocessed\features\z_at\i5bmKlHv-SA_000.pt,data\preprocessed\features\z_v\i5bmKlHv-SA_000.pt
i5of7ZTkyfw_001,mosei_real,0,mosei_i5of7ZTkyfw_001,,,-1,1,1,1,D:\Documents\Programming\Thesis_G10\data\raw\CMU-MOSEI\segments\i5of7ZTkyfw_001.mp4,data\preprocessed\features\z_at\i5of7ZTkyfw_001.pt,data\preprocessed\features\z_v\i5of7ZTkyfw_001.pt
i5of7ZTkyfw_003,mosei_real,0,mosei_i5of7ZTkyfw_003,,,-1,1,1,1,D:\Documents\Programming\Thesis_G10\data\raw\CMU-MOSEI\segments\i5of7ZTkyfw_003.mp4,data\preprocessed\features\z_at\i5of7ZTkyfw_003.pt,data\preprocessed\features\z_v\i5of7ZTkyfw_003.pt
i6UngvEEuNs_000,mosei_real,0,mosei_i6UngvEEuNs_000,,,-1,1,1,1,D:\Documents\Programming\Thesis_G10\data\raw\CMU-MOSEI\segments\i6UngvEEuNs_000.mp4,data\preprocessed\features\z_at\i6UngvEEuNs_000.pt,data\preprocessed\features\z_v\i6UngvEEuNs_000.pt
i714Xt6eb1Y_002,mosei_real,0,mosei_i714Xt6eb1Y_002,,,-1,1,1,1,D:\Documents\Programming\Thesis_G10\data\raw\CMU-MOSEI\segments\i714Xt6eb1Y_002.mp4,data\preprocessed\features\z_at\i714Xt6eb1Y_002.pt,data\preprocessed\features\z_v\i714Xt6eb1Y_002.pt
iEOBNT0HFtU_000,mosei_real,0,mosei_iEOBNT0HFtU_000,,,-1,1,1,1,D:\Documents\Programming\Thesis_G10\data\raw\CMU-MOSEI\segments\iEOBNT0HFtU_000.mp4,data\preprocessed\features\z_at\iEOBNT0HFtU_000.pt,data\preprocessed\features\z_v\iEOBNT0HFtU_000.pt
iEOBNT0HFtU_001,mosei_real,0,mosei_iEOBNT0HFtU_001,,,-1,1,1,1,D:\Documents\Programming\Thesis_G10\data\raw\CMU-MOSEI\segments\iEOBNT0HFtU_001.mp4,data\preprocessed\features\z_at\iEOBNT0HFtU_001.pt,data\preprocessed\features\z_v\iEOBNT0HFtU_001.pt
iEOBNT0HFtU_004,mosei_real,0,mosei_iEOBNT0HFtU_004,,,-1,1,1,1,D:\Documents\Programming\Thesis_G10\data\raw\CMU-MOSEI\segments\iEOBNT0HFtU_004.mp4,data\preprocessed\features\z_at\iEOBNT0HFtU_004.pt,data\preprocessed\features\z_v\iEOBNT0HFtU_004.pt
iEOBNT0HFtU_005,mosei_real,0,mosei_iEOBNT0HFtU_005,,,-1,1,1,1,D:\Documents\Programming\Thesis_G10\data\raw\CMU-MOSEI\segments\iEOBNT0HFtU_005.mp4,data\preprocessed\features\z_at\iEOBNT0HFtU_005.pt,data\preprocessed\features\z_v\iEOBNT0HFtU_005.pt
iEOBNT0HFtU_007,mosei_real,0,mosei_iEOBNT0HFtU_007,,,-1,1,1,1,D:\Documents\Programming\Thesis_G10\data\raw\CMU-MOSEI\segments\iEOBNT0HFtU_007.mp4,data\preprocessed\features\z_at\iEOBNT0HFtU_007.pt,data\preprocessed\features\z_v\iEOBNT0HFtU_007.pt
iEOBNT0HFtU_012,mosei_real,0,mosei_iEOBNT0HFtU_012,,,-1,1,1,1,D:\Documents\Programming\Thesis_G10\data\raw\CMU-MOSEI\segments\iEOBNT0HFtU_012.mp4,data\preprocessed\features\z_at\iEOBNT0HFtU_012.pt,data\preprocessed\features\z_v\iEOBNT0HFtU_012.pt
iFj9wJaJSPE_003,mosei_real,0,mosei_iFj9wJaJSPE_003,,,-1,1,1,1,D:\Documents\Programming\Thesis_G10\data\raw\CMU-MOSEI\segments\iFj9wJaJSPE_003.mp4,data\preprocessed\features\z_at\iFj9wJaJSPE_003.pt,data\preprocessed\features\z_v\iFj9wJaJSPE_003.pt
iFj9wJaJSPE_004,mosei_real,0,mosei_iFj9wJaJSPE_004,,,-1,1,1,1,D:\Documents\Programming\Thesis_G10\data\raw\CMU-MOSEI\segments\iFj9wJaJSPE_004.mp4,data\preprocessed\features\z_at\iFj9wJaJSPE_004.pt,data\preprocessed\features\z_v\iFj9wJaJSPE_004.pt
iFj9wJaJSPE_007,mosei_real,0,mosei_iFj9wJaJSPE_007,,,-1,1,1,1,D:\Documents\Programming\Thesis_G10\data\raw\CMU-MOSEI\segments\iFj9wJaJSPE_007.mp4,data\preprocessed\features\z_at\iFj9wJaJSPE_007.pt,data\preprocessed\features\z_v\iFj9wJaJSPE_007.pt
iFj9wJaJSPE_008,mosei_real,0,mosei_iFj9wJaJSPE_008,,,-1,1,1,1,D:\Documents\Programming\Thesis_G10\data\raw\CMU-MOSEI\segments\iFj9wJaJSPE_008.mp4,data\preprocessed\features\z_at\iFj9wJaJSPE_008.pt,data\preprocessed\features\z_v\iFj9wJaJSPE_008.pt
iFxFTtCQ6zA_000,mosei_real,0,mosei_iFxFTtCQ6zA_000,,,-1,1,1,1,D:\Documents\Programming\Thesis_G10\data\raw\CMU-MOSEI\segments\iFxFTtCQ6zA_000.mp4,data\preprocessed\features\z_at\iFxFTtCQ6zA_000.pt,data\preprocessed\features\z_v\iFxFTtCQ6zA_000.pt
iH04VOkbof0_003,mosei_real,0,mosei_iH04VOkbof0_003,,,-1,1,1,1,D:\Documents\Programming\Thesis_G10\data\raw\CMU-MOSEI\segments\iH04VOkbof0_003.mp4,data\preprocessed\features\z_at\iH04VOkbof0_003.pt,data\preprocessed\features\z_v\iH04VOkbof0_003.pt
iH04VOkbof0_004,mosei_real,0,mosei_iH04VOkbof0_004,,,-1,1,1,1,D:\Documents\Programming\Thesis_G10\data\raw\CMU-MOSEI\segments\iH04VOkbof0_004.mp4,data\preprocessed\features\z_at\iH04VOkbof0_004.pt,data\preprocessed\features\z_v\iH04VOkbof0_004.pt
iM3wSwoAtwk_000,mosei_real,0,mosei_iM3wSwoAtwk_000,,,-1,1,1,1,D:\Documents\Programming\Thesis_G10\data\raw\CMU-MOSEI\segments\iM3wSwoAtwk_000.mp4,data\preprocessed\features\z_at\iM3wSwoAtwk_000.pt,data\preprocessed\features\z_v\iM3wSwoAtwk_000.pt
iMG962Rj3Vw_001,mosei_real,0,mosei_iMG962Rj3Vw_001,,,-1,1,1,1,D:\Documents\Programming\Thesis_G10\data\raw\CMU-MOSEI\segments\iMG962Rj3Vw_001.mp4,data\preprocessed\features\z_at\iMG962Rj3Vw_001.pt,data\preprocessed\features\z_v\iMG962Rj3Vw_001.pt
iMG962Rj3Vw_002,mosei_real,0,mosei_iMG962Rj3Vw_002,,,-1,1,1,1,D:\Documents\Programming\Thesis_G10\data\raw\CMU-MOSEI\segments\iMG962Rj3Vw_002.mp4,data\preprocessed\features\z_at\iMG962Rj3Vw_002.pt,data\preprocessed\features\z_v\iMG962Rj3Vw_002.pt
iMss8xBhFiI_000,mosei_real,0,mosei_iMss8xBhFiI_000,,,-1,1,1,1,D:\Documents\Programming\Thesis_G10\data\raw\CMU-MOSEI\segments\iMss8xBhFiI_000.mp4,data\preprocessed\features\z_at\iMss8xBhFiI_000.pt,data\preprocessed\features\z_v\iMss8xBhFiI_000.pt
iMss8xBhFiI_002,mosei_real,0,mosei_iMss8xBhFiI_002,,,-1,1,1,1,D:\Documents\Programming\Thesis_G10\data\raw\CMU-MOSEI\segments\iMss8xBhFiI_002.mp4,data\preprocessed\features\z_at\iMss8xBhFiI_002.pt,data\preprocessed\features\z_v\iMss8xBhFiI_002.pt
iMss8xBhFiI_003,mosei_real,0,mosei_iMss8xBhFiI_003,,,-1,1,1,1,D:\Documents\Programming\Thesis_G10\data\raw\CMU-MOSEI\segments\iMss8xBhFiI_003.mp4,data\preprocessed\features\z_at\iMss8xBhFiI_003.pt,data\preprocessed\features\z_v\iMss8xBhFiI_003.pt
iMss8xBhFiI_004,mosei_real,0,mosei_iMss8xBhFiI_004,,,-1,1,1,1,D:\Documents\Programming\Thesis_G10\data\raw\CMU-MOSEI\segments\iMss8xBhFiI_004.mp4,data\preprocessed\features\z_at\iMss8xBhFiI_004.pt,data\preprocessed\features\z_v\iMss8xBhFiI_004.pt
iMss8xBhFiI_005,mosei_real,0,mosei_iMss8xBhFiI_005,,,-1,1,1,1,D:\Documents\Programming\Thesis_G10\data\raw\CMU-MOSEI\segments\iMss8xBhFiI_005.mp4,data\preprocessed\features\z_at\iMss8xBhFiI_005.pt,data\preprocessed\features\z_v\iMss8xBhFiI_005.pt
iMss8xBhFiI_006,mosei_real,0,mosei_iMss8xBhFiI_006,,,-1,1,1,1,D:\Documents\Programming\Thesis_G10\data\raw\CMU-MOSEI\segments\iMss8xBhFiI_006.mp4,data\preprocessed\features\z_at\iMss8xBhFiI_006.pt,data\preprocessed\features\z_v\iMss8xBhFiI_006.pt
iMss8xBhFiI_008,mosei_real,0,mosei_iMss8xBhFiI_008,,,-1,1,1,1,D:\Documents\Programming\Thesis_G10\data\raw\CMU-MOSEI\segments\iMss8xBhFiI_008.mp4,data\preprocessed\features\z_at\iMss8xBhFiI_008.pt,data\preprocessed\features\z_v\iMss8xBhFiI_008.pt
iO34hER47xA_000,mosei_real,0,mosei_iO34hER47xA_000,,,-1,1,1,1,D:\Documents\Programming\Thesis_G10\data\raw\CMU-MOSEI\segments\iO34hER47xA_000.mp4,data\preprocessed\features\z_at\iO34hER47xA_000.pt,data\preprocessed\features\z_v\iO34hER47xA_000.pt
iO34hER47xA_001,mosei_real,0,mosei_iO34hER47xA_001,,,-1,1,1,1,D:\Documents\Programming\Thesis_G10\data\raw\CMU-MOSEI\segments\iO34hER47xA_001.mp4,data\preprocessed\features\z_at\iO34hER47xA_001.pt,data\preprocessed\features\z_v\iO34hER47xA_001.pt
iO34hER47xA_003,mosei_real,0,mosei_iO34hER47xA_003,,,-1,1,1,1,D:\Documents\Programming\Thesis_G10\data\raw\CMU-MOSEI\segments\iO34hER47xA_003.mp4,data\preprocessed\features\z_at\iO34hER47xA_003.pt,data\preprocessed\features\z_v\iO34hER47xA_003.pt
iPPp6MCythU_000,mosei_real,0,mosei_iPPp6MCythU_000,,,-1,1,1,1,D:\Documents\Programming\Thesis_G10\data\raw\CMU-MOSEI\segments\iPPp6MCythU_000.mp4,data\preprocessed\features\z_at\iPPp6MCythU_000.pt,data\preprocessed\features\z_v\iPPp6MCythU_000.pt
iPPp6MCythU_001,mosei_real,0,mosei_iPPp6MCythU_001,,,-1,1,1,1,D:\Documents\Programming\Thesis_G10\data\raw\CMU-MOSEI\segments\iPPp6MCythU_001.mp4,data\preprocessed\features\z_at\iPPp6MCythU_001.pt,data\preprocessed\features\z_v\iPPp6MCythU_001.pt
iPPp6MCythU_002,mosei_real,0,mosei_iPPp6MCythU_002,,,-1,1,1,1,D:\Documents\Programming\Thesis_G10\data\raw\CMU-MOSEI\segments\iPPp6MCythU_002.mp4,data\preprocessed\features\z_at\iPPp6MCythU_002.pt,data\preprocessed\features\z_v\iPPp6MCythU_002.pt
iREkcXde5ds_001,mosei_real,0,mosei_iREkcXde5ds_001,,,-1,1,1,1,D:\Documents\Programming\Thesis_G10\data\raw\CMU-MOSEI\segments\iREkcXde5ds_001.mp4,data\preprocessed\features\z_at\iREkcXde5ds_001.pt,data\preprocessed\features\z_v\iREkcXde5ds_001.pt
iREkcXde5ds_002,mosei_real,0,mosei_iREkcXde5ds_002,,,-1,1,1,1,D:\Documents\Programming\Thesis_G10\data\raw\CMU-MOSEI\segments\iREkcXde5ds_002.mp4,data\preprocessed\features\z_at\iREkcXde5ds_002.pt,data\preprocessed\features\z_v\iREkcXde5ds_002.pt
iREkcXde5ds_004,mosei_real,0,mosei_iREkcXde5ds_004,,,-1,1,1,1,D:\Documents\Programming\Thesis_G10\data\raw\CMU-MOSEI\segments\iREkcXde5ds_004.mp4,data\preprocessed\features\z_at\iREkcXde5ds_004.pt,data\preprocessed\features\z_v\iREkcXde5ds_004.pt
iREkcXde5ds_005,mosei_real,0,mosei_iREkcXde5ds_005,,,-1,1,1,1,D:\Documents\Programming\Thesis_G10\data\raw\CMU-MOSEI\segments\iREkcXde5ds_005.mp4,data\preprocessed\features\z_at\iREkcXde5ds_005.pt,data\preprocessed\features\z_v\iREkcXde5ds_005.pt
iREkcXde5ds_006,mosei_real,0,mosei_iREkcXde5ds_006,,,-1,1,1,1,D:\Documents\Programming\Thesis_G10\data\raw\CMU-MOSEI\segments\iREkcXde5ds_006.mp4,data\preprocessed\features\z_at\iREkcXde5ds_006.pt,data\preprocessed\features\z_v\iREkcXde5ds_006.pt
iREkcXde5ds_008,mosei_real,0,mosei_iREkcXde5ds_008,,,-1,1,1,1,D:\Documents\Programming\Thesis_G10\data\raw\CMU-MOSEI\segments\iREkcXde5ds_008.mp4,data\preprocessed\features\z_at\iREkcXde5ds_008.pt,data\preprocessed\features\z_v\iREkcXde5ds_008.pt
iS91daVpH2E_000,mosei_real,0,mosei_iS91daVpH2E_000,,,-1,1,1,1,D:\Documents\Programming\Thesis_G10\data\raw\CMU-MOSEI\segments\iS91daVpH2E_000.mp4,data\preprocessed\features\z_at\iS91daVpH2E_000.pt,data\preprocessed\features\z_v\iS91daVpH2E_000.pt
iS91daVpH2E_001,mosei_real,0,mosei_iS91daVpH2E_001,,,-1,1,1,1,D:\Documents\Programming\Thesis_G10\data\raw\CMU-MOSEI\segments\iS91daVpH2E_001.mp4,data\preprocessed\features\z_at\iS91daVpH2E_001.pt,data\preprocessed\features\z_v\iS91daVpH2E_001.pt
iS91daVpH2E_002,mosei_real,0,mosei_iS91daVpH2E_002,,,-1,1,1,1,D:\Documents\Programming\Thesis_G10\data\raw\CMU-MOSEI\segments\iS91daVpH2E_002.mp4,data\preprocessed\features\z_at\iS91daVpH2E_002.pt,data\preprocessed\features\z_v\iS91daVpH2E_002.pt
iS91daVpH2E_003,mosei_real,0,mosei_iS91daVpH2E_003,,,-1,1,1,1,D:\Documents\Programming\Thesis_G10\data\raw\CMU-MOSEI\segments\iS91daVpH2E_003.mp4,data\preprocessed\features\z_at\iS91daVpH2E_003.pt,data\preprocessed\features\z_v\iS91daVpH2E_003.pt
iS91daVpH2E_004,mosei_real,0,mosei_iS91daVpH2E_004,,,-1,1,1,1,D:\Documents\Programming\Thesis_G10\data\raw\CMU-MOSEI\segments\iS91daVpH2E_004.mp4,data\preprocessed\features\z_at\iS91daVpH2E_004.pt,data\preprocessed\features\z_v\iS91daVpH2E_004.pt
iS91daVpH2E_005,mosei_real,0,mosei_iS91daVpH2E_005,,,-1,1,1,1,D:\Documents\Programming\Thesis_G10\data\raw\CMU-MOSEI\segments\iS91daVpH2E_005.mp4,data\preprocessed\features\z_at\iS91daVpH2E_005.pt,data\preprocessed\features\z_v\iS91daVpH2E_005.pt
iUXqlrui25c_003,mosei_real,0,mosei_iUXqlrui25c_003,,,-1,1,1,1,D:\Documents\Programming\Thesis_G10\data\raw\CMU-MOSEI\segments\iUXqlrui25c_003.mp4,data\preprocessed\features\z_at\iUXqlrui25c_003.pt,data\preprocessed\features\z_v\iUXqlrui25c_003.pt
iUXqlrui25c_004,mosei_real,0,mosei_iUXqlrui25c_004,,,-1,1,1,1,D:\Documents\Programming\Thesis_G10\data\raw\CMU-MOSEI\segments\iUXqlrui25c_004.mp4,data\preprocessed\features\z_at\iUXqlrui25c_004.pt,data\preprocessed\features\z_v\iUXqlrui25c_004.pt
iUXqlrui25c_005,mosei_real,0,mosei_iUXqlrui25c_005,,,-1,1,1,1,D:\Documents\Programming\Thesis_G10\data\raw\CMU-MOSEI\segments\iUXqlrui25c_005.mp4,data\preprocessed\features\z_at\iUXqlrui25c_005.pt,data\preprocessed\features\z_v\iUXqlrui25c_005.pt
iUXqlrui25c_006,mosei_real,0,mosei_iUXqlrui25c_006,,,-1,1,1,1,D:\Documents\Programming\Thesis_G10\data\raw\CMU-MOSEI\segments\iUXqlrui25c_006.mp4,data\preprocessed\features\z_at\iUXqlrui25c_006.pt,data\preprocessed\features\z_v\iUXqlrui25c_006.pt
iUXqlrui25c_007,mosei_real,0,mosei_iUXqlrui25c_007,,,-1,1,1,1,D:\Documents\Programming\Thesis_G10\data\raw\CMU-MOSEI\segments\iUXqlrui25c_007.mp4,data\preprocessed\features\z_at\iUXqlrui25c_007.pt,data\preprocessed\features\z_v\iUXqlrui25c_007.pt
iUXqlrui25c_009,mosei_real,0,mosei_iUXqlrui25c_009,,,-1,1,1,1,D:\Documents\Programming\Thesis_G10\data\raw\CMU-MOSEI\segments\iUXqlrui25c_009.mp4,data\preprocessed\features\z_at\iUXqlrui25c_009.pt,data\preprocessed\features\z_v\iUXqlrui25c_009.pt
iUXqlrui25c_010,mosei_real,0,mosei_iUXqlrui25c_010,,,-1,1,1,1,D:\Documents\Programming\Thesis_G10\data\raw\CMU-MOSEI\segments\iUXqlrui25c_010.mp4,data\preprocessed\features\z_at\iUXqlrui25c_010.pt,data\preprocessed\features\z_v\iUXqlrui25c_010.pt
iUXqlrui25c_012,mosei_real,0,mosei_iUXqlrui25c_012,,,-1,1,1,1,D:\Documents\Programming\Thesis_G10\data\raw\CMU-MOSEI\segments\iUXqlrui25c_012.mp4,data\preprocessed\features\z_at\iUXqlrui25c_012.pt,data\preprocessed\features\z_v\iUXqlrui25c_012.pt
iWBx0CP9JqA_000,mosei_real,0,mosei_iWBx0CP9JqA_000,,,-1,1,1,1,D:\Documents\Programming\Thesis_G10\data\raw\CMU-MOSEI\segments\iWBx0CP9JqA_000.mp4,data\preprocessed\features\z_at\iWBx0CP9JqA_000.pt,data\preprocessed\features\z_v\iWBx0CP9JqA_000.pt
iWBx0CP9JqA_001,mosei_real,0,mosei_iWBx0CP9JqA_001,,,-1,1,1,1,D:\Documents\Programming\Thesis_G10\data\raw\CMU-MOSEI\segments\iWBx0CP9JqA_001.mp4,data\preprocessed\features\z_at\iWBx0CP9JqA_001.pt,data\preprocessed\features\z_v\iWBx0CP9JqA_001.pt
iXiMifHNKPI_003,mosei_real,0,mosei_iXiMifHNKPI_003,,,-1,1,1,1,D:\Documents\Programming\Thesis_G10\data\raw\CMU-MOSEI\segments\iXiMifHNKPI_003.mp4,data\preprocessed\features\z_at\iXiMifHNKPI_003.pt,data\preprocessed\features\z_v\iXiMifHNKPI_003.pt
iXiMifHNKPI_007,mosei_real,0,mosei_iXiMifHNKPI_007,,,-1,1,1,1,D:\Documents\Programming\Thesis_G10\data\raw\CMU-MOSEI\segments\iXiMifHNKPI_007.mp4,data\preprocessed\features\z_at\iXiMifHNKPI_007.pt,data\preprocessed\features\z_v\iXiMifHNKPI_007.pt
iXiMifHNKPI_008,mosei_real,0,mosei_iXiMifHNKPI_008,,,-1,1,1,1,D:\Documents\Programming\Thesis_G10\data\raw\CMU-MOSEI\segments\iXiMifHNKPI_008.mp4,data\preprocessed\features\z_at\iXiMifHNKPI_008.pt,data\preprocessed\features\z_v\iXiMifHNKPI_008.pt
iYtD_ArCdKw_000,mosei_real,0,mosei_iYtD_ArCdKw_000,,,-1,1,1,1,D:\Documents\Programming\Thesis_G10\data\raw\CMU-MOSEI\segments\iYtD_ArCdKw_000.mp4,data\preprocessed\features\z_at\iYtD_ArCdKw_000.pt,data\preprocessed\features\z_v\iYtD_ArCdKw_000.pt
iYtD_ArCdKw_003,mosei_real,0,mosei_iYtD_ArCdKw_003,,,-1,1,1,1,D:\Documents\Programming\Thesis_G10\data\raw\CMU-MOSEI\segments\iYtD_ArCdKw_003.mp4,data\preprocessed\features\z_at\iYtD_ArCdKw_003.pt,data\preprocessed\features\z_v\iYtD_ArCdKw_003.pt
iYtD_ArCdKw_005,mosei_real,0,mosei_iYtD_ArCdKw_005,,,-1,1,1,1,D:\Documents\Programming\Thesis_G10\data\raw\CMU-MOSEI\segments\iYtD_ArCdKw_005.mp4,data\preprocessed\features\z_at\iYtD_ArCdKw_005.pt,data\preprocessed\features\z_v\iYtD_ArCdKw_005.pt
iYtD_ArCdKw_006,mosei_real,0,mosei_iYtD_ArCdKw_006,,,-1,1,1,1,D:\Documents\Programming\Thesis_G10\data\raw\CMU-MOSEI\segments\iYtD_ArCdKw_006.mp4,data\preprocessed\features\z_at\iYtD_ArCdKw_006.pt,data\preprocessed\features\z_v\iYtD_ArCdKw_006.pt
iYtD_ArCdKw_009,mosei_real,0,mosei_iYtD_ArCdKw_009,,,-1,1,1,1,D:\Documents\Programming\Thesis_G10\data\raw\CMU-MOSEI\segments\iYtD_ArCdKw_009.mp4,data\preprocessed\features\z_at\iYtD_ArCdKw_009.pt,data\preprocessed\features\z_v\iYtD_ArCdKw_009.pt
iYtD_ArCdKw_010,mosei_real,0,mosei_iYtD_ArCdKw_010,,,-1,1,1,1,D:\Documents\Programming\Thesis_G10\data\raw\CMU-MOSEI\segments\iYtD_ArCdKw_010.mp4,data\preprocessed\features\z_at\iYtD_ArCdKw_010.pt,data\preprocessed\features\z_v\iYtD_ArCdKw_010.pt
icIS9VfbzMw_001,mosei_real,0,mosei_icIS9VfbzMw_001,,,-1,1,1,1,D:\Documents\Programming\Thesis_G10\data\raw\CMU-MOSEI\segments\icIS9VfbzMw_001.mp4,data\preprocessed\features\z_at\icIS9VfbzMw_001.pt,data\preprocessed\features\z_v\icIS9VfbzMw_001.pt
icIS9VfbzMw_003,mosei_real,0,mosei_icIS9VfbzMw_003,,,-1,1,1,1,D:\Documents\Programming\Thesis_G10\data\raw\CMU-MOSEI\segments\icIS9VfbzMw_003.mp4,data\preprocessed\features\z_at\icIS9VfbzMw_003.pt,data\preprocessed\features\z_v\icIS9VfbzMw_003.pt
icIS9VfbzMw_005,mosei_real,0,mosei_icIS9VfbzMw_005,,,-1,1,1,1,D:\Documents\Programming\Thesis_G10\data\raw\CMU-MOSEI\segments\icIS9VfbzMw_005.mp4,data\preprocessed\features\z_at\icIS9VfbzMw_005.pt,data\preprocessed\features\z_v\icIS9VfbzMw_005.pt
icIS9VfbzMw_006,mosei_real,0,mosei_icIS9VfbzMw_006,,,-1,1,1,1,D:\Documents\Programming\Thesis_G10\data\raw\CMU-MOSEI\segments\icIS9VfbzMw_006.mp4,data\preprocessed\features\z_at\icIS9VfbzMw_006.pt,data\preprocessed\features\z_v\icIS9VfbzMw_006.pt
icIS9VfbzMw_007,mosei_real,0,mosei_icIS9VfbzMw_007,,,-1,1,1,1,D:\Documents\Programming\Thesis_G10\data\raw\CMU-MOSEI\segments\icIS9VfbzMw_007.mp4,data\preprocessed\features\z_at\icIS9VfbzMw_007.pt,data\preprocessed\features\z_v\icIS9VfbzMw_007.pt
icIS9VfbzMw_008,mosei_real,0,mosei_icIS9VfbzMw_008,,,-1,1,1,1,D:\Documents\Programming\Thesis_G10\data\raw\CMU-MOSEI\segments\icIS9VfbzMw_008.mp4,data\preprocessed\features\z_at\icIS9VfbzMw_008.pt,data\preprocessed\features\z_v\icIS9VfbzMw_008.pt
icIS9VfbzMw_009,mosei_real,0,mosei_icIS9VfbzMw_009,,,-1,1,1,1,D:\Documents\Programming\Thesis_G10\data\raw\CMU-MOSEI\segments\icIS9VfbzMw_009.mp4,data\preprocessed\features\z_at\icIS9VfbzMw_009.pt,data\preprocessed\features\z_v\icIS9VfbzMw_009.pt
icIS9VfbzMw_010,mosei_real,0,mosei_icIS9VfbzMw_010,,,-1,1,1,1,D:\Documents\Programming\Thesis_G10\data\raw\CMU-MOSEI\segments\icIS9VfbzMw_010.mp4,data\preprocessed\features\z_at\icIS9VfbzMw_010.pt,data\preprocessed\features\z_v\icIS9VfbzMw_010.pt
icIS9VfbzMw_011,mosei_real,0,mosei_icIS9VfbzMw_011,,,-1,1,1,1,D:\Documents\Programming\Thesis_G10\data\raw\CMU-MOSEI\segments\icIS9VfbzMw_011.mp4,data\preprocessed\features\z_at\icIS9VfbzMw_011.pt,data\preprocessed\features\z_v\icIS9VfbzMw_011.pt
icIS9VfbzMw_013,mosei_real,0,mosei_icIS9VfbzMw_013,,,-1,1,1,1,D:\Documents\Programming\Thesis_G10\data\raw\CMU-MOSEI\segments\icIS9VfbzMw_013.mp4,data\preprocessed\features\z_at\icIS9VfbzMw_013.pt,data\preprocessed\features\z_v\icIS9VfbzMw_013.pt
icIS9VfbzMw_014,mosei_real,0,mosei_icIS9VfbzMw_014,,,-1,1,1,1,D:\Documents\Programming\Thesis_G10\data\raw\CMU-MOSEI\segments\icIS9VfbzMw_014.mp4,data\preprocessed\features\z_at\icIS9VfbzMw_014.pt,data\preprocessed\features\z_v\icIS9VfbzMw_014.pt
iceSGs0MXaA_000,mosei_real,0,mosei_iceSGs0MXaA_000,,,-1,1,1,1,D:\Documents\Programming\Thesis_G10\data\raw\CMU-MOSEI\segments\iceSGs0MXaA_000.mp4,data\preprocessed\features\z_at\iceSGs0MXaA_000.pt,data\preprocessed\features\z_v\iceSGs0MXaA_000.pt
iceSGs0MXaA_001,mosei_real,0,mosei_iceSGs0MXaA_001,,,-1,1,1,1,D:\Documents\Programming\Thesis_G10\data\raw\CMU-MOSEI\segments\iceSGs0MXaA_001.mp4,data\preprocessed\features\z_at\iceSGs0MXaA_001.pt,data\preprocessed\features\z_v\iceSGs0MXaA_001.pt
iceSGs0MXaA_002,mosei_real,0,mosei_iceSGs0MXaA_002,,,-1,1,1,1,D:\Documents\Programming\Thesis_G10\data\raw\CMU-MOSEI\segments\iceSGs0MXaA_002.mp4,data\preprocessed\features\z_at\iceSGs0MXaA_002.pt,data\preprocessed\features\z_v\iceSGs0MXaA_002.pt
iceSGs0MXaA_003,mosei_real,0,mosei_iceSGs0MXaA_003,,,-1,1,1,1,D:\Documents\Programming\Thesis_G10\data\raw\CMU-MOSEI\segments\iceSGs0MXaA_003.mp4,data\preprocessed\features\z_at\iceSGs0MXaA_003.pt,data\preprocessed\features\z_v\iceSGs0MXaA_003.pt
iceSGs0MXaA_004,mosei_real,0,mosei_iceSGs0MXaA_004,,,-1,1,1,1,D:\Documents\Programming\Thesis_G10\data\raw\CMU-MOSEI\segments\iceSGs0MXaA_004.mp4,data\preprocessed\features\z_at\iceSGs0MXaA_004.pt,data\preprocessed\features\z_v\iceSGs0MXaA_004.pt
ieWQdiQAh4M_000,mosei_real,0,mosei_ieWQdiQAh4M_000,,,-1,1,1,1,D:\Documents\Programming\Thesis_G10\data\raw\CMU-MOSEI\segments\ieWQdiQAh4M_000.mp4,data\preprocessed\features\z_at\ieWQdiQAh4M_000.pt,data\preprocessed\features\z_v\ieWQdiQAh4M_000.pt
iex7I7iVnLk_000,mosei_real,0,mosei_iex7I7iVnLk_000,,,-1,1,1,1,D:\Documents\Programming\Thesis_G10\data\raw\CMU-MOSEI\segments\iex7I7iVnLk_000.mp4,data\preprocessed\features\z_at\iex7I7iVnLk_000.pt,data\preprocessed\features\z_v\iex7I7iVnLk_000.pt
iex7I7iVnLk_001,mosei_real,0,mosei_iex7I7iVnLk_001,,,-1,1,1,1,D:\Documents\Programming\Thesis_G10\data\raw\CMU-MOSEI\segments\iex7I7iVnLk_001.mp4,data\preprocessed\features\z_at\iex7I7iVnLk_001.pt,data\preprocessed\features\z_v\iex7I7iVnLk_001.pt
ihPjsliqz5o_001,mosei_real,0,mosei_ihPjsliqz5o_001,,,-1,1,1,1,D:\Documents\Programming\Thesis_G10\data\raw\CMU-MOSEI\segments\ihPjsliqz5o_001.mp4,data\preprocessed\features\z_at\ihPjsliqz5o_001.pt,data\preprocessed\features\z_v\ihPjsliqz5o_001.pt
io85pRFj_dw_000,mosei_real,0,mosei_io85pRFj_dw_000,,,-1,1,1,1,D:\Documents\Programming\Thesis_G10\data\raw\CMU-MOSEI\segments\io85pRFj_dw_000.mp4,data\preprocessed\features\z_at\io85pRFj_dw_000.pt,data\preprocessed\features\z_v\io85pRFj_dw_000.pt
ip8xwAr4MRE_000,mosei_real,0,mosei_ip8xwAr4MRE_000,,,-1,1,1,1,D:\Documents\Programming\Thesis_G10\data\raw\CMU-MOSEI\segments\ip8xwAr4MRE_000.mp4,data\preprocessed\features\z_at\ip8xwAr4MRE_000.pt,data\preprocessed\features\z_v\ip8xwAr4MRE_000.pt
ip8xwAr4MRE_001,mosei_real,0,mosei_ip8xwAr4MRE_001,,,-1,1,1,1,D:\Documents\Programming\Thesis_G10\data\raw\CMU-MOSEI\segments\ip8xwAr4MRE_001.mp4,data\preprocessed\features\z_at\ip8xwAr4MRE_001.pt,data\preprocessed\features\z_v\ip8xwAr4MRE_001.pt
ixZAEncExWI_001,mosei_real,0,mosei_ixZAEncExWI_001,,,-1,1,1,1,D:\Documents\Programming\Thesis_G10\data\raw\CMU-MOSEI\segments\ixZAEncExWI_001.mp4,data\preprocessed\features\z_at\ixZAEncExWI_001.pt,data\preprocessed\features\z_v\ixZAEncExWI_001.pt
ixZAEncExWI_002,mosei_real,0,mosei_ixZAEncExWI_002,,,-1,1,1,1,D:\Documents\Programming\Thesis_G10\data\raw\CMU-MOSEI\segments\ixZAEncExWI_002.mp4,data\preprocessed\features\z_at\ixZAEncExWI_002.pt,data\preprocessed\features\z_v\ixZAEncExWI_002.pt
izFBeXMTgds_002,mosei_real,0,mosei_izFBeXMTgds_002,,,-1,1,1,1,D:\Documents\Programming\Thesis_G10\data\raw\CMU-MOSEI\segments\izFBeXMTgds_002.mp4,data\preprocessed\features\z_at\izFBeXMTgds_002.pt,data\preprocessed\features\z_v\izFBeXMTgds_002.pt
izFBeXMTgds_003,mosei_real,0,mosei_izFBeXMTgds_003,,,-1,1,1,1,D:\Documents\Programming\Thesis_G10\data\raw\CMU-MOSEI\segments\izFBeXMTgds_003.mp4,data\preprocessed\features\z_at\izFBeXMTgds_003.pt,data\preprocessed\features\z_v\izFBeXMTgds_003.pt
j1m6ctAgjsM_001,mosei_real,0,mosei_j1m6ctAgjsM_001,,,-1,1,1,1,D:\Documents\Programming\Thesis_G10\data\raw\CMU-MOSEI\segments\j1m6ctAgjsM_001.mp4,data\preprocessed\features\z_at\j1m6ctAgjsM_001.pt,data\preprocessed\features\z_v\j1m6ctAgjsM_001.pt
j1m6ctAgjsM_002,mosei_real,0,mosei_j1m6ctAgjsM_002,,,-1,1,1,1,D:\Documents\Programming\Thesis_G10\data\raw\CMU-MOSEI\segments\j1m6ctAgjsM_002.mp4,data\preprocessed\features\z_at\j1m6ctAgjsM_002.pt,data\preprocessed\features\z_v\j1m6ctAgjsM_002.pt
j1m6ctAgjsM_004,mosei_real,0,mosei_j1m6ctAgjsM_004,,,-1,1,1,1,D:\Documents\Programming\Thesis_G10\data\raw\CMU-MOSEI\segments\j1m6ctAgjsM_004.mp4,data\preprocessed\features\z_at\j1m6ctAgjsM_004.pt,data\preprocessed\features\z_v\j1m6ctAgjsM_004.pt
j1m6ctAgjsM_005,mosei_real,0,mosei_j1m6ctAgjsM_005,,,-1,1,1,1,D:\Documents\Programming\Thesis_G10\data\raw\CMU-MOSEI\segments\j1m6ctAgjsM_005.mp4,data\preprocessed\features\z_at\j1m6ctAgjsM_005.pt,data\preprocessed\features\z_v\j1m6ctAgjsM_005.pt
j1m6ctAgjsM_006,mosei_real,0,mosei_j1m6ctAgjsM_006,,,-1,1,1,1,D:\Documents\Programming\Thesis_G10\data\raw\CMU-MOSEI\segments\j1m6ctAgjsM_006.mp4,data\preprocessed\features\z_at\j1m6ctAgjsM_006.pt,data\preprocessed\features\z_v\j1m6ctAgjsM_006.pt
j1m6ctAgjsM_007,mosei_real,0,mosei_j1m6ctAgjsM_007,,,-1,1,1,1,D:\Documents\Programming\Thesis_G10\data\raw\CMU-MOSEI\segments\j1m6ctAgjsM_007.mp4,data\preprocessed\features\z_at\j1m6ctAgjsM_007.pt,data\preprocessed\features\z_v\j1m6ctAgjsM_007.pt
j1m6ctAgjsM_008,mosei_real,0,mosei_j1m6ctAgjsM_008,,,-1,1,1,1,D:\Documents\Programming\Thesis_G10\data\raw\CMU-MOSEI\segments\j1m6ctAgjsM_008.mp4,data\preprocessed\features\z_at\j1m6ctAgjsM_008.pt,data\preprocessed\features\z_v\j1m6ctAgjsM_008.pt
j1m6ctAgjsM_010,mosei_real,0,mosei_j1m6ctAgjsM_010,,,-1,1,1,1,D:\Documents\Programming\Thesis_G10\data\raw\CMU-MOSEI\segments\j1m6ctAgjsM_010.mp4,data\preprocessed\features\z_at\j1m6ctAgjsM_010.pt,data\preprocessed\features\z_v\j1m6ctAgjsM_010.pt
j1m6ctAgjsM_013,mosei_real,0,mosei_j1m6ctAgjsM_013,,,-1,1,1,1,D:\Documents\Programming\Thesis_G10\data\raw\CMU-MOSEI\segments\j1m6ctAgjsM_013.mp4,data\preprocessed\features\z_at\j1m6ctAgjsM_013.pt,data\preprocessed\features\z_v\j1m6ctAgjsM_013.pt
j1m6ctAgjsM_015,mosei_real,0,mosei_j1m6ctAgjsM_015,,,-1,1,1,1,D:\Documents\Programming\Thesis_G10\data\raw\CMU-MOSEI\segments\j1m6ctAgjsM_015.mp4,data\preprocessed\features\z_at\j1m6ctAgjsM_015.pt,data\preprocessed\features\z_v\j1m6ctAgjsM_015.pt
j1m6ctAgjsM_018,mosei_real,0,mosei_j1m6ctAgjsM_018,,,-1,1,1,1,D:\Documents\Programming\Thesis_G10\data\raw\CMU-MOSEI\segments\j1m6ctAgjsM_018.mp4,data\preprocessed\features\z_at\j1m6ctAgjsM_018.pt,data\preprocessed\features\z_v\j1m6ctAgjsM_018.pt
j1m6ctAgjsM_020,mosei_real,0,mosei_j1m6ctAgjsM_020,,,-1,1,1,1,D:\Documents\Programming\Thesis_G10\data\raw\CMU-MOSEI\segments\j1m6ctAgjsM_020.mp4,data\preprocessed\features\z_at\j1m6ctAgjsM_020.pt,data\preprocessed\features\z_v\j1m6ctAgjsM_020.pt
j1m6ctAgjsM_022,mosei_real,0,mosei_j1m6ctAgjsM_022,,,-1,1,1,1,D:\Documents\Programming\Thesis_G10\data\raw\CMU-MOSEI\segments\j1m6ctAgjsM_022.mp4,data\preprocessed\features\z_at\j1m6ctAgjsM_022.pt,data\preprocessed\features\z_v\j1m6ctAgjsM_022.pt
j1m6ctAgjsM_023,mosei_real,0,mosei_j1m6ctAgjsM_023,,,-1,1,1,1,D:\Documents\Programming\Thesis_G10\data\raw\CMU-MOSEI\segments\j1m6ctAgjsM_023.mp4,data\preprocessed\features\z_at\j1m6ctAgjsM_023.pt,data\preprocessed\features\z_v\j1m6ctAgjsM_023.pt
j1m6ctAgjsM_024,mosei_real,0,mosei_j1m6ctAgjsM_024,,,-1,1,1,1,D:\Documents\Programming\Thesis_G10\data\raw\CMU-MOSEI\segments\j1m6ctAgjsM_024.mp4,data\preprocessed\features\z_at\j1m6ctAgjsM_024.pt,data\preprocessed\features\z_v\j1m6ctAgjsM_024.pt
j1m6ctAgjsM_025,mosei_real,0,mosei_j1m6ctAgjsM_025,,,-1,1,1,1,D:\Documents\Programming\Thesis_G10\data\raw\CMU-MOSEI\segments\j1m6ctAgjsM_025.mp4,data\preprocessed\features\z_at\j1m6ctAgjsM_025.pt,data\preprocessed\features\z_v\j1m6ctAgjsM_025.pt
j1m6ctAgjsM_026,mosei_real,0,mosei_j1m6ctAgjsM_026,,,-1,1,1,1,D:\Documents\Programming\Thesis_G10\data\raw\CMU-MOSEI\segments\j1m6ctAgjsM_026.mp4,data\preprocessed\features\z_at\j1m6ctAgjsM_026.pt,data\preprocessed\features\z_v\j1m6ctAgjsM_026.pt
j1m6ctAgjsM_028,mosei_real,0,mosei_j1m6ctAgjsM_028,,,-1,1,1,1,D:\Documents\Programming\Thesis_G10\data\raw\CMU-MOSEI\segments\j1m6ctAgjsM_028.mp4,data\preprocessed\features\z_at\j1m6ctAgjsM_028.pt,data\preprocessed\features\z_v\j1m6ctAgjsM_028.pt
j1m6ctAgjsM_029,mosei_real,0,mosei_j1m6ctAgjsM_029,,,-1,1,1,1,D:\Documents\Programming\Thesis_G10\data\raw\CMU-MOSEI\segments\j1m6ctAgjsM_029.mp4,data\preprocessed\features\z_at\j1m6ctAgjsM_029.pt,data\preprocessed\features\z_v\j1m6ctAgjsM_029.pt
j1m6ctAgjsM_031,mosei_real,0,mosei_j1m6ctAgjsM_031,,,-1,1,1,1,D:\Documents\Programming\Thesis_G10\data\raw\CMU-MOSEI\segments\j1m6ctAgjsM_031.mp4,data\preprocessed\features\z_at\j1m6ctAgjsM_031.pt,data\preprocessed\features\z_v\j1m6ctAgjsM_031.pt
j1m6ctAgjsM_032,mosei_real,0,mosei_j1m6ctAgjsM_032,,,-1,1,1,1,D:\Documents\Programming\Thesis_G10\data\raw\CMU-MOSEI\segments\j1m6ctAgjsM_032.mp4,data\preprocessed\features\z_at\j1m6ctAgjsM_032.pt,data\preprocessed\features\z_v\j1m6ctAgjsM_032.pt
j1m6ctAgjsM_033,mosei_real,0,mosei_j1m6ctAgjsM_033,,,-1,1,1,1,D:\Documents\Programming\Thesis_G10\data\raw\CMU-MOSEI\segments\j1m6ctAgjsM_033.mp4,data\preprocessed\features\z_at\j1m6ctAgjsM_033.pt,data\preprocessed\features\z_v\j1m6ctAgjsM_033.pt
j1m6ctAgjsM_035,mosei_real,0,mosei_j1m6ctAgjsM_035,,,-1,1,1,1,D:\Documents\Programming\Thesis_G10\data\raw\CMU-MOSEI\segments\j1m6ctAgjsM_035.mp4,data\preprocessed\features\z_at\j1m6ctAgjsM_035.pt,data\preprocessed\features\z_v\j1m6ctAgjsM_035.pt
j1m6ctAgjsM_038,mosei_real,0,mosei_j1m6ctAgjsM_038,,,-1,1,1,1,D:\Documents\Programming\Thesis_G10\data\raw\CMU-MOSEI\segments\j1m6ctAgjsM_038.mp4,data\preprocessed\features\z_at\j1m6ctAgjsM_038.pt,data\preprocessed\features\z_v\j1m6ctAgjsM_038.pt
j1m6ctAgjsM_039,mosei_real,0,mosei_j1m6ctAgjsM_039,,,-1,1,1,1,D:\Documents\Programming\Thesis_G10\data\raw\CMU-MOSEI\segments\j1m6ctAgjsM_039.mp4,data\preprocessed\features\z_at\j1m6ctAgjsM_039.pt,data\preprocessed\features\z_v\j1m6ctAgjsM_039.pt
j1m6ctAgjsM_040,mosei_real,0,mosei_j1m6ctAgjsM_040,,,-1,1,1,1,D:\Documents\Programming\Thesis_G10\data\raw\CMU-MOSEI\segments\j1m6ctAgjsM_040.mp4,data\preprocessed\features\z_at\j1m6ctAgjsM_040.pt,data\preprocessed\features\z_v\j1m6ctAgjsM_040.pt
j1m6ctAgjsM_041,mosei_real,0,mosei_j1m6ctAgjsM_041,,,-1,1,1,1,D:\Documents\Programming\Thesis_G10\data\raw\CMU-MOSEI\segments\j1m6ctAgjsM_041.mp4,data\preprocessed\features\z_at\j1m6ctAgjsM_041.pt,data\preprocessed\features\z_v\j1m6ctAgjsM_041.pt
j1m6ctAgjsM_043,mosei_real,0,mosei_j1m6ctAgjsM_043,,,-1,1,1,1,D:\Documents\Programming\Thesis_G10\data\raw\CMU-MOSEI\segments\j1m6ctAgjsM_043.mp4,data\preprocessed\features\z_at\j1m6ctAgjsM_043.pt,data\preprocessed\features\z_v\j1m6ctAgjsM_043.pt
j1m6ctAgjsM_044,mosei_real,0,mosei_j1m6ctAgjsM_044,,,-1,1,1,1,D:\Documents\Programming\Thesis_G10\data\raw\CMU-MOSEI\segments\j1m6ctAgjsM_044.mp4,data\preprocessed\features\z_at\j1m6ctAgjsM_044.pt,data\preprocessed\features\z_v\j1m6ctAgjsM_044.pt
j1m6ctAgjsM_046,mosei_real,0,mosei_j1m6ctAgjsM_046,,,-1,1,1,1,D:\Documents\Programming\Thesis_G10\data\raw\CMU-MOSEI\segments\j1m6ctAgjsM_046.mp4,data\preprocessed\features\z_at\j1m6ctAgjsM_046.pt,data\preprocessed\features\z_v\j1m6ctAgjsM_046.pt
j1m6ctAgjsM_047,mosei_real,0,mosei_j1m6ctAgjsM_047,,,-1,1,1,1,D:\Documents\Programming\Thesis_G10\data\raw\CMU-MOSEI\segments\j1m6ctAgjsM_047.mp4,data\preprocessed\features\z_at\j1m6ctAgjsM_047.pt,data\preprocessed\features\z_v\j1m6ctAgjsM_047.pt
j1m6ctAgjsM_048,mosei_real,0,mosei_j1m6ctAgjsM_048,,,-1,1,1,1,D:\Documents\Programming\Thesis_G10\data\raw\CMU-MOSEI\segments\j1m6ctAgjsM_048.mp4,data\preprocessed\features\z_at\j1m6ctAgjsM_048.pt,data\preprocessed\features\z_v\j1m6ctAgjsM_048.pt
j1m6ctAgjsM_049,mosei_real,0,mosei_j1m6ctAgjsM_049,,,-1,1,1,1,D:\Documents\Programming\Thesis_G10\data\raw\CMU-MOSEI\segments\j1m6ctAgjsM_049.mp4,data\preprocessed\features\z_at\j1m6ctAgjsM_049.pt,data\preprocessed\features\z_v\j1m6ctAgjsM_049.pt
j1m6ctAgjsM_050,mosei_real,0,mosei_j1m6ctAgjsM_050,,,-1,1,1,1,D:\Documents\Programming\Thesis_G10\data\raw\CMU-MOSEI\segments\j1m6ctAgjsM_050.mp4,data\preprocessed\features\z_at\j1m6ctAgjsM_050.pt,data\preprocessed\features\z_v\j1m6ctAgjsM_050.pt
j1m6ctAgjsM_051,mosei_real,0,mosei_j1m6ctAgjsM_051,,,-1,1,1,1,D:\Documents\Programming\Thesis_G10\data\raw\CMU-MOSEI\segments\j1m6ctAgjsM_051.mp4,data\preprocessed\features\z_at\j1m6ctAgjsM_051.pt,data\preprocessed\features\z_v\j1m6ctAgjsM_051.pt
j7fRIGphgtk_003,mosei_real,0,mosei_j7fRIGphgtk_003,,,-1,1,1,1,D:\Documents\Programming\Thesis_G10\data\raw\CMU-MOSEI\segments\j7fRIGphgtk_003.mp4,data\preprocessed\features\z_at\j7fRIGphgtk_003.pt,data\preprocessed\features\z_v\j7fRIGphgtk_003.pt
jEQoBvc7V1o_002,mosei_real,0,mosei_jEQoBvc7V1o_002,,,-1,1,1,1,D:\Documents\Programming\Thesis_G10\data\raw\CMU-MOSEI\segments\jEQoBvc7V1o_002.mp4,data\preprocessed\features\z_at\jEQoBvc7V1o_002.pt,data\preprocessed\features\z_v\jEQoBvc7V1o_002.pt
jEQoBvc7V1o_003,mosei_real,0,mosei_jEQoBvc7V1o_003,,,-1,1,1,1,D:\Documents\Programming\Thesis_G10\data\raw\CMU-MOSEI\segments\jEQoBvc7V1o_003.mp4,data\preprocessed\features\z_at\jEQoBvc7V1o_003.pt,data\preprocessed\features\z_v\jEQoBvc7V1o_003.pt
jEQoBvc7V1o_004,mosei_real,0,mosei_jEQoBvc7V1o_004,,,-1,1,1,1,D:\Documents\Programming\Thesis_G10\data\raw\CMU-MOSEI\segments\jEQoBvc7V1o_004.mp4,data\preprocessed\features\z_at\jEQoBvc7V1o_004.pt,data\preprocessed\features\z_v\jEQoBvc7V1o_004.pt
jFNgOznarMo_001,mosei_real,0,mosei_jFNgOznarMo_001,,,-1,1,1,1,D:\Documents\Programming\Thesis_G10\data\raw\CMU-MOSEI\segments\jFNgOznarMo_001.mp4,data\preprocessed\features\z_at\jFNgOznarMo_001.pt,data\preprocessed\features\z_v\jFNgOznarMo_001.pt
jFpRdhl3fgw_001,mosei_real,0,mosei_jFpRdhl3fgw_001,,,-1,1,1,1,D:\Documents\Programming\Thesis_G10\data\raw\CMU-MOSEI\segments\jFpRdhl3fgw_001.mp4,data\preprocessed\features\z_at\jFpRdhl3fgw_001.pt,data\preprocessed\features\z_v\jFpRdhl3fgw_001.pt
jFpRdhl3fgw_002,mosei_real,0,mosei_jFpRdhl3fgw_002,,,-1,1,1,1,D:\Documents\Programming\Thesis_G10\data\raw\CMU-MOSEI\segments\jFpRdhl3fgw_002.mp4,data\preprocessed\features\z_at\jFpRdhl3fgw_002.pt,data\preprocessed\features\z_v\jFpRdhl3fgw_002.pt
jLN6B0aSrW0_001,mosei_real,0,mosei_jLN6B0aSrW0_001,,,-1,1,1,1,D:\Documents\Programming\Thesis_G10\data\raw\CMU-MOSEI\segments\jLN6B0aSrW0_001.mp4,data\preprocessed\features\z_at\jLN6B0aSrW0_001.pt,data\preprocessed\features\z_v\jLN6B0aSrW0_001.pt
jLN6B0aSrW0_002,mosei_real,0,mosei_jLN6B0aSrW0_002,,,-1,1,1,1,D:\Documents\Programming\Thesis_G10\data\raw\CMU-MOSEI\segments\jLN6B0aSrW0_002.mp4,data\preprocessed\features\z_at\jLN6B0aSrW0_002.pt,data\preprocessed\features\z_v\jLN6B0aSrW0_002.pt
jLN6B0aSrW0_004,mosei_real,0,mosei_jLN6B0aSrW0_004,,,-1,1,1,1,D:\Documents\Programming\Thesis_G10\data\raw\CMU-MOSEI\segments\jLN6B0aSrW0_004.mp4,data\preprocessed\features\z_at\jLN6B0aSrW0_004.pt,data\preprocessed\features\z_v\jLN6B0aSrW0_004.pt
jNdvceZ4etc_001,mosei_real,0,mosei_jNdvceZ4etc_001,,,-1,1,1,1,D:\Documents\Programming\Thesis_G10\data\raw\CMU-MOSEI\segments\jNdvceZ4etc_001.mp4,data\preprocessed\features\z_at\jNdvceZ4etc_001.pt,data\preprocessed\features\z_v\jNdvceZ4etc_001.pt
jNdvceZ4etc_002,mosei_real,0,mosei_jNdvceZ4etc_002,,,-1,1,1,1,D:\Documents\Programming\Thesis_G10\data\raw\CMU-MOSEI\segments\jNdvceZ4etc_002.mp4,data\preprocessed\features\z_at\jNdvceZ4etc_002.pt,data\preprocessed\features\z_v\jNdvceZ4etc_002.pt
jNdvceZ4etc_003,mosei_real,0,mosei_jNdvceZ4etc_003,,,-1,1,1,1,D:\Documents\Programming\Thesis_G10\data\raw\CMU-MOSEI\segments\jNdvceZ4etc_003.mp4,data\preprocessed\features\z_at\jNdvceZ4etc_003.pt,data\preprocessed\features\z_v\jNdvceZ4etc_003.pt
jNdvceZ4etc_005,mosei_real,0,mosei_jNdvceZ4etc_005,,,-1,1,1,1,D:\Documents\Programming\Thesis_G10\data\raw\CMU-MOSEI\segments\jNdvceZ4etc_005.mp4,data\preprocessed\features\z_at\jNdvceZ4etc_005.pt,data\preprocessed\features\z_v\jNdvceZ4etc_005.pt
jNdvceZ4etc_006,mosei_real,0,mosei_jNdvceZ4etc_006,,,-1,1,1,1,D:\Documents\Programming\Thesis_G10\data\raw\CMU-MOSEI\segments\jNdvceZ4etc_006.mp4,data\preprocessed\features\z_at\jNdvceZ4etc_006.pt,data\preprocessed\features\z_v\jNdvceZ4etc_006.pt
jPf0LjZAS14_002,mosei_real,0,mosei_jPf0LjZAS14_002,,,-1,1,1,1,D:\Documents\Programming\Thesis_G10\data\raw\CMU-MOSEI\segments\jPf0LjZAS14_002.mp4,data\preprocessed\features\z_at\jPf0LjZAS14_002.pt,data\preprocessed\features\z_v\jPf0LjZAS14_002.pt
jPf0LjZAS14_003,mosei_real,0,mosei_jPf0LjZAS14_003,,,-1,1,1,1,D:\Documents\Programming\Thesis_G10\data\raw\CMU-MOSEI\segments\jPf0LjZAS14_003.mp4,data\preprocessed\features\z_at\jPf0LjZAS14_003.pt,data\preprocessed\features\z_v\jPf0LjZAS14_003.pt
jPf0LjZAS14_005,mosei_real,0,mosei_jPf0LjZAS14_005,,,-1,1,1,1,D:\Documents\Programming\Thesis_G10\data\raw\CMU-MOSEI\segments\jPf0LjZAS14_005.mp4,data\preprocessed\features\z_at\jPf0LjZAS14_005.pt,data\preprocessed\features\z_v\jPf0LjZAS14_005.pt
jPf0LjZAS14_006,mosei_real,0,mosei_jPf0LjZAS14_006,,,-1,1,1,1,D:\Documents\Programming\Thesis_G10\data\raw\CMU-MOSEI\segments\jPf0LjZAS14_006.mp4,data\preprocessed\features\z_at\jPf0LjZAS14_006.pt,data\preprocessed\features\z_v\jPf0LjZAS14_006.pt
jPf0LjZAS14_007,mosei_real,0,mosei_jPf0LjZAS14_007,,,-1,1,1,1,D:\Documents\Programming\Thesis_G10\data\raw\CMU-MOSEI\segments\jPf0LjZAS14_007.mp4,data\preprocessed\features\z_at\jPf0LjZAS14_007.pt,data\preprocessed\features\z_v\jPf0LjZAS14_007.pt
jQ3EmbRIe58_001,mosei_real,0,mosei_jQ3EmbRIe58_001,,,-1,1,1,1,D:\Documents\Programming\Thesis_G10\data\raw\CMU-MOSEI\segments\jQ3EmbRIe58_001.mp4,data\preprocessed\features\z_at\jQ3EmbRIe58_001.pt,data\preprocessed\features\z_v\jQ3EmbRIe58_001.pt
jQ3EmbRIe58_004,mosei_real,0,mosei_jQ3EmbRIe58_004,,,-1,1,1,1,D:\Documents\Programming\Thesis_G10\data\raw\CMU-MOSEI\segments\jQ3EmbRIe58_004.mp4,data\preprocessed\features\z_at\jQ3EmbRIe58_004.pt,data\preprocessed\features\z_v\jQ3EmbRIe58_004.pt
jV6qzF2YROc_000,mosei_real,0,mosei_jV6qzF2YROc_000,,,-1,1,1,1,D:\Documents\Programming\Thesis_G10\data\raw\CMU-MOSEI\segments\jV6qzF2YROc_000.mp4,data\preprocessed\features\z_at\jV6qzF2YROc_000.pt,data\preprocessed\features\z_v\jV6qzF2YROc_000.pt
jV6qzF2YROc_002,mosei_real,0,mosei_jV6qzF2YROc_002,,,-1,1,1,1,D:\Documents\Programming\Thesis_G10\data\raw\CMU-MOSEI\segments\jV6qzF2YROc_002.mp4,data\preprocessed\features\z_at\jV6qzF2YROc_002.pt,data\preprocessed\features\z_v\jV6qzF2YROc_002.pt
jV6qzF2YROc_004,mosei_real,0,mosei_jV6qzF2YROc_004,,,-1,1,1,1,D:\Documents\Programming\Thesis_G10\data\raw\CMU-MOSEI\segments\jV6qzF2YROc_004.mp4,data\preprocessed\features\z_at\jV6qzF2YROc_004.pt,data\preprocessed\features\z_v\jV6qzF2YROc_004.pt
jV6qzF2YROc_006,mosei_real,0,mosei_jV6qzF2YROc_006,,,-1,1,1,1,D:\Documents\Programming\Thesis_G10\data\raw\CMU-MOSEI\segments\jV6qzF2YROc_006.mp4,data\preprocessed\features\z_at\jV6qzF2YROc_006.pt,data\preprocessed\features\z_v\jV6qzF2YROc_006.pt
jXQmVFcOiUI_000,mosei_real,0,mosei_jXQmVFcOiUI_000,,,-1,1,1,1,D:\Documents\Programming\Thesis_G10\data\raw\CMU-MOSEI\segments\jXQmVFcOiUI_000.mp4,data\preprocessed\features\z_at\jXQmVFcOiUI_000.pt,data\preprocessed\features\z_v\jXQmVFcOiUI_000.pt
jXQmVFcOiUI_001,mosei_real,0,mosei_jXQmVFcOiUI_001,,,-1,1,1,1,D:\Documents\Programming\Thesis_G10\data\raw\CMU-MOSEI\segments\jXQmVFcOiUI_001.mp4,data\preprocessed\features\z_at\jXQmVFcOiUI_001.pt,data\preprocessed\features\z_v\jXQmVFcOiUI_001.pt
jXQmVFcOiUI_002,mosei_real,0,mosei_jXQmVFcOiUI_002,,,-1,1,1,1,D:\Documents\Programming\Thesis_G10\data\raw\CMU-MOSEI\segments\jXQmVFcOiUI_002.mp4,data\preprocessed\features\z_at\jXQmVFcOiUI_002.pt,data\preprocessed\features\z_v\jXQmVFcOiUI_002.pt
jXp595jj734_000,mosei_real,0,mosei_jXp595jj734_000,,,-1,1,1,1,D:\Documents\Programming\Thesis_G10\data\raw\CMU-MOSEI\segments\jXp595jj734_000.mp4,data\preprocessed\features\z_at\jXp595jj734_000.pt,data\preprocessed\features\z_v\jXp595jj734_000.pt
jYT3-RQFy1U_003,mosei_real,0,mosei_jYT3-RQFy1U_003,,,-1,1,1,1,D:\Documents\Programming\Thesis_G10\data\raw\CMU-MOSEI\segments\jYT3-RQFy1U_003.mp4,data\preprocessed\features\z_at\jYT3-RQFy1U_003.pt,data\preprocessed\features\z_v\jYT3-RQFy1U_003.pt
jakiZQd4boM_002,mosei_real,0,mosei_jakiZQd4boM_002,,,-1,1,1,1,D:\Documents\Programming\Thesis_G10\data\raw\CMU-MOSEI\segments\jakiZQd4boM_002.mp4,data\preprocessed\features\z_at\jakiZQd4boM_002.pt,data\preprocessed\features\z_v\jakiZQd4boM_002.pt
jakiZQd4boM_003,mosei_real,0,mosei_jakiZQd4boM_003,,,-1,1,1,1,D:\Documents\Programming\Thesis_G10\data\raw\CMU-MOSEI\segments\jakiZQd4boM_003.mp4,data\preprocessed\features\z_at\jakiZQd4boM_003.pt,data\preprocessed\features\z_v\jakiZQd4boM_003.pt
jbJF3aphcP0_000,mosei_real,0,mosei_jbJF3aphcP0_000,,,-1,1,1,1,D:\Documents\Programming\Thesis_G10\data\raw\CMU-MOSEI\segments\jbJF3aphcP0_000.mp4,data\preprocessed\features\z_at\jbJF3aphcP0_000.pt,data\preprocessed\features\z_v\jbJF3aphcP0_000.pt
jcQi90n008o_000,mosei_real,0,mosei_jcQi90n008o_000,,,-1,1,1,1,D:\Documents\Programming\Thesis_G10\data\raw\CMU-MOSEI\segments\jcQi90n008o_000.mp4,data\preprocessed\features\z_at\jcQi90n008o_000.pt,data\preprocessed\features\z_v\jcQi90n008o_000.pt
jcQi90n008o_001,mosei_real,0,mosei_jcQi90n008o_001,,,-1,1,1,1,D:\Documents\Programming\Thesis_G10\data\raw\CMU-MOSEI\segments\jcQi90n008o_001.mp4,data\preprocessed\features\z_at\jcQi90n008o_001.pt,data\preprocessed\features\z_v\jcQi90n008o_001.pt
jcQi90n008o_002,mosei_real,0,mosei_jcQi90n008o_002,,,-1,1,1,1,D:\Documents\Programming\Thesis_G10\data\raw\CMU-MOSEI\segments\jcQi90n008o_002.mp4,data\preprocessed\features\z_at\jcQi90n008o_002.pt,data\preprocessed\features\z_v\jcQi90n008o_002.pt
jcQi90n008o_003,mosei_real,0,mosei_jcQi90n008o_003,,,-1,1,1,1,D:\Documents\Programming\Thesis_G10\data\raw\CMU-MOSEI\segments\jcQi90n008o_003.mp4,data\preprocessed\features\z_at\jcQi90n008o_003.pt,data\preprocessed\features\z_v\jcQi90n008o_003.pt
jcQi90n008o_004,mosei_real,0,mosei_jcQi90n008o_004,,,-1,1,1,1,D:\Documents\Programming\Thesis_G10\data\raw\CMU-MOSEI\segments\jcQi90n008o_004.mp4,data\preprocessed\features\z_at\jcQi90n008o_004.pt,data\preprocessed\features\z_v\jcQi90n008o_004.pt
jcQi90n008o_005,mosei_real,0,mosei_jcQi90n008o_005,,,-1,1,1,1,D:\Documents\Programming\Thesis_G10\data\raw\CMU-MOSEI\segments\jcQi90n008o_005.mp4,data\preprocessed\features\z_at\jcQi90n008o_005.pt,data\preprocessed\features\z_v\jcQi90n008o_005.pt
jcQi90n008o_008,mosei_real,0,mosei_jcQi90n008o_008,,,-1,1,1,1,D:\Documents\Programming\Thesis_G10\data\raw\CMU-MOSEI\segments\jcQi90n008o_008.mp4,data\preprocessed\features\z_at\jcQi90n008o_008.pt,data\preprocessed\features\z_v\jcQi90n008o_008.pt
jcQi90n008o_009,mosei_real,0,mosei_jcQi90n008o_009,,,-1,1,1,1,D:\Documents\Programming\Thesis_G10\data\raw\CMU-MOSEI\segments\jcQi90n008o_009.mp4,data\preprocessed\features\z_at\jcQi90n008o_009.pt,data\preprocessed\features\z_v\jcQi90n008o_009.pt
jcQi90n008o_010,mosei_real,0,mosei_jcQi90n008o_010,,,-1,1,1,1,D:\Documents\Programming\Thesis_G10\data\raw\CMU-MOSEI\segments\jcQi90n008o_010.mp4,data\preprocessed\features\z_at\jcQi90n008o_010.pt,data\preprocessed\features\z_v\jcQi90n008o_010.pt
jcQi90n008o_011,mosei_real,0,mosei_jcQi90n008o_011,,,-1,1,1,1,D:\Documents\Programming\Thesis_G10\data\raw\CMU-MOSEI\segments\jcQi90n008o_011.mp4,data\preprocessed\features\z_at\jcQi90n008o_011.pt,data\preprocessed\features\z_v\jcQi90n008o_011.pt
jcQi90n008o_013,mosei_real,0,mosei_jcQi90n008o_013,,,-1,1,1,1,D:\Documents\Programming\Thesis_G10\data\raw\CMU-MOSEI\segments\jcQi90n008o_013.mp4,data\preprocessed\features\z_at\jcQi90n008o_013.pt,data\preprocessed\features\z_v\jcQi90n008o_013.pt
jcQi90n008o_014,mosei_real,0,mosei_jcQi90n008o_014,,,-1,1,1,1,D:\Documents\Programming\Thesis_G10\data\raw\CMU-MOSEI\segments\jcQi90n008o_014.mp4,data\preprocessed\features\z_at\jcQi90n008o_014.pt,data\preprocessed\features\z_v\jcQi90n008o_014.pt
jcQi90n008o_016,mosei_real,0,mosei_jcQi90n008o_016,,,-1,1,1,1,D:\Documents\Programming\Thesis_G10\data\raw\CMU-MOSEI\segments\jcQi90n008o_016.mp4,data\preprocessed\features\z_at\jcQi90n008o_016.pt,data\preprocessed\features\z_v\jcQi90n008o_016.pt
jcQi90n008o_018,mosei_real,0,mosei_jcQi90n008o_018,,,-1,1,1,1,D:\Documents\Programming\Thesis_G10\data\raw\CMU-MOSEI\segments\jcQi90n008o_018.mp4,data\preprocessed\features\z_at\jcQi90n008o_018.pt,data\preprocessed\features\z_v\jcQi90n008o_018.pt
jcQi90n008o_023,mosei_real,0,mosei_jcQi90n008o_023,,,-1,1,1,1,D:\Documents\Programming\Thesis_G10\data\raw\CMU-MOSEI\segments\jcQi90n008o_023.mp4,data\preprocessed\features\z_at\jcQi90n008o_023.pt,data\preprocessed\features\z_v\jcQi90n008o_023.pt
jcQi90n008o_025,mosei_real,0,mosei_jcQi90n008o_025,,,-1,1,1,1,D:\Documents\Programming\Thesis_G10\data\raw\CMU-MOSEI\segments\jcQi90n008o_025.mp4,data\preprocessed\features\z_at\jcQi90n008o_025.pt,data\preprocessed\features\z_v\jcQi90n008o_025.pt
jfSGWBfVNBI_001,mosei_real,0,mosei_jfSGWBfVNBI_001,,,-1,1,1,1,D:\Documents\Programming\Thesis_G10\data\raw\CMU-MOSEI\segments\jfSGWBfVNBI_001.mp4,data\preprocessed\features\z_at\jfSGWBfVNBI_001.pt,data\preprocessed\features\z_v\jfSGWBfVNBI_001.pt
jj8aSNPHMw8_008,mosei_real,0,mosei_jj8aSNPHMw8_008,,,-1,1,1,1,D:\Documents\Programming\Thesis_G10\data\raw\CMU-MOSEI\segments\jj8aSNPHMw8_008.mp4,data\preprocessed\features\z_at\jj8aSNPHMw8_008.pt,data\preprocessed\features\z_v\jj8aSNPHMw8_008.pt
jjb1cWmkhI8_000,mosei_real,0,mosei_jjb1cWmkhI8_000,,,-1,1,1,1,D:\Documents\Programming\Thesis_G10\data\raw\CMU-MOSEI\segments\jjb1cWmkhI8_000.mp4,data\preprocessed\features\z_at\jjb1cWmkhI8_000.pt,data\preprocessed\features\z_v\jjb1cWmkhI8_000.pt
jjb1cWmkhI8_003,mosei_real,0,mosei_jjb1cWmkhI8_003,,,-1,1,1,1,D:\Documents\Programming\Thesis_G10\data\raw\CMU-MOSEI\segments\jjb1cWmkhI8_003.mp4,data\preprocessed\features\z_at\jjb1cWmkhI8_003.pt,data\preprocessed\features\z_v\jjb1cWmkhI8_003.pt
jjb1cWmkhI8_004,mosei_real,0,mosei_jjb1cWmkhI8_004,,,-1,1,1,1,D:\Documents\Programming\Thesis_G10\data\raw\CMU-MOSEI\segments\jjb1cWmkhI8_004.mp4,data\preprocessed\features\z_at\jjb1cWmkhI8_004.pt,data\preprocessed\features\z_v\jjb1cWmkhI8_004.pt
jjb1cWmkhI8_005,mosei_real,0,mosei_jjb1cWmkhI8_005,,,-1,1,1,1,D:\Documents\Programming\Thesis_G10\data\raw\CMU-MOSEI\segments\jjb1cWmkhI8_005.mp4,data\preprocessed\features\z_at\jjb1cWmkhI8_005.pt,data\preprocessed\features\z_v\jjb1cWmkhI8_005.pt
jlW4Iep4mmE_000,mosei_real,0,mosei_jlW4Iep4mmE_000,,,-1,1,1,1,D:\Documents\Programming\Thesis_G10\data\raw\CMU-MOSEI\segments\jlW4Iep4mmE_000.mp4,data\preprocessed\features\z_at\jlW4Iep4mmE_000.pt,data\preprocessed\features\z_v\jlW4Iep4mmE_000.pt
jnG9zog4NCs_000,mosei_real,0,mosei_jnG9zog4NCs_000,,,-1,1,1,1,D:\Documents\Programming\Thesis_G10\data\raw\CMU-MOSEI\segments\jnG9zog4NCs_000.mp4,data\preprocessed\features\z_at\jnG9zog4NCs_000.pt,data\preprocessed\features\z_v\jnG9zog4NCs_000.pt
jnG9zog4NCs_001,mosei_real,0,mosei_jnG9zog4NCs_001,,,-1,1,1,1,D:\Documents\Programming\Thesis_G10\data\raw\CMU-MOSEI\segments\jnG9zog4NCs_001.mp4,data\preprocessed\features\z_at\jnG9zog4NCs_001.pt,data\preprocessed\features\z_v\jnG9zog4NCs_001.pt
jnG9zog4NCs_002,mosei_real,0,mosei_jnG9zog4NCs_002,,,-1,1,1,1,D:\Documents\Programming\Thesis_G10\data\raw\CMU-MOSEI\segments\jnG9zog4NCs_002.mp4,data\preprocessed\features\z_at\jnG9zog4NCs_002.pt,data\preprocessed\features\z_v\jnG9zog4NCs_002.pt
jnG9zog4NCs_005,mosei_real,0,mosei_jnG9zog4NCs_005,,,-1,1,1,1,D:\Documents\Programming\Thesis_G10\data\raw\CMU-MOSEI\segments\jnG9zog4NCs_005.mp4,data\preprocessed\features\z_at\jnG9zog4NCs_005.pt,data\preprocessed\features\z_v\jnG9zog4NCs_005.pt
jnG9zog4NCs_006,mosei_real,0,mosei_jnG9zog4NCs_006,,,-1,1,1,1,D:\Documents\Programming\Thesis_G10\data\raw\CMU-MOSEI\segments\jnG9zog4NCs_006.mp4,data\preprocessed\features\z_at\jnG9zog4NCs_006.pt,data\preprocessed\features\z_v\jnG9zog4NCs_006.pt
jqKzaEniiKo_000,mosei_real,0,mosei_jqKzaEniiKo_000,,,-1,1,1,1,D:\Documents\Programming\Thesis_G10\data\raw\CMU-MOSEI\segments\jqKzaEniiKo_000.mp4,data\preprocessed\features\z_at\jqKzaEniiKo_000.pt,data\preprocessed\features\z_v\jqKzaEniiKo_000.pt
jqKzaEniiKo_001,mosei_real,0,mosei_jqKzaEniiKo_001,,,-1,1,1,1,D:\Documents\Programming\Thesis_G10\data\raw\CMU-MOSEI\segments\jqKzaEniiKo_001.mp4,data\preprocessed\features\z_at\jqKzaEniiKo_001.pt,data\preprocessed\features\z_v\jqKzaEniiKo_001.pt
jqKzaEniiKo_002,mosei_real,0,mosei_jqKzaEniiKo_002,,,-1,1,1,1,D:\Documents\Programming\Thesis_G10\data\raw\CMU-MOSEI\segments\jqKzaEniiKo_002.mp4,data\preprocessed\features\z_at\jqKzaEniiKo_002.pt,data\preprocessed\features\z_v\jqKzaEniiKo_002.pt
jqKzaEniiKo_004,mosei_real,0,mosei_jqKzaEniiKo_004,,,-1,1,1,1,D:\Documents\Programming\Thesis_G10\data\raw\CMU-MOSEI\segments\jqKzaEniiKo_004.mp4,data\preprocessed\features\z_at\jqKzaEniiKo_004.pt,data\preprocessed\features\z_v\jqKzaEniiKo_004.pt
jqKzaEniiKo_005,mosei_real,0,mosei_jqKzaEniiKo_005,,,-1,1,1,1,D:\Documents\Programming\Thesis_G10\data\raw\CMU-MOSEI\segments\jqKzaEniiKo_005.mp4,data\preprocessed\features\z_at\jqKzaEniiKo_005.pt,data\preprocessed\features\z_v\jqKzaEniiKo_005.pt
jscKL5jS-SQ_000,mosei_real,0,mosei_jscKL5jS-SQ_000,,,-1,1,1,1,D:\Documents\Programming\Thesis_G10\data\raw\CMU-MOSEI\segments\jscKL5jS-SQ_000.mp4,data\preprocessed\features\z_at\jscKL5jS-SQ_000.pt,data\preprocessed\features\z_v\jscKL5jS-SQ_000.pt
jscKL5jS-SQ_002,mosei_real,0,mosei_jscKL5jS-SQ_002,,,-1,1,1,1,D:\Documents\Programming\Thesis_G10\data\raw\CMU-MOSEI\segments\jscKL5jS-SQ_002.mp4,data\preprocessed\features\z_at\jscKL5jS-SQ_002.pt,data\preprocessed\features\z_v\jscKL5jS-SQ_002.pt
jscKL5jS-SQ_004,mosei_real,0,mosei_jscKL5jS-SQ_004,,,-1,1,1,1,D:\Documents\Programming\Thesis_G10\data\raw\CMU-MOSEI\segments\jscKL5jS-SQ_004.mp4,data\preprocessed\features\z_at\jscKL5jS-SQ_004.pt,data\preprocessed\features\z_v\jscKL5jS-SQ_004.pt
jscKL5jS-SQ_005,mosei_real,0,mosei_jscKL5jS-SQ_005,,,-1,1,1,1,D:\Documents\Programming\Thesis_G10\data\raw\CMU-MOSEI\segments\jscKL5jS-SQ_005.mp4,data\preprocessed\features\z_at\jscKL5jS-SQ_005.pt,data\preprocessed\features\z_v\jscKL5jS-SQ_005.pt
jscKL5jS-SQ_008,mosei_real,0,mosei_jscKL5jS-SQ_008,,,-1,1,1,1,D:\Documents\Programming\Thesis_G10\data\raw\CMU-MOSEI\segments\jscKL5jS-SQ_008.mp4,data\preprocessed\features\z_at\jscKL5jS-SQ_008.pt,data\preprocessed\features\z_v\jscKL5jS-SQ_008.pt
jscKL5jS-SQ_010,mosei_real,0,mosei_jscKL5jS-SQ_010,,,-1,1,1,1,D:\Documents\Programming\Thesis_G10\data\raw\CMU-MOSEI\segments\jscKL5jS-SQ_010.mp4,data\preprocessed\features\z_at\jscKL5jS-SQ_010.pt,data\preprocessed\features\z_v\jscKL5jS-SQ_010.pt
jscKL5jS-SQ_011,mosei_real,0,mosei_jscKL5jS-SQ_011,,,-1,1,1,1,D:\Documents\Programming\Thesis_G10\data\raw\CMU-MOSEI\segments\jscKL5jS-SQ_011.mp4,data\preprocessed\features\z_at\jscKL5jS-SQ_011.pt,data\preprocessed\features\z_v\jscKL5jS-SQ_011.pt
juI9KoLA87A_001,mosei_real,0,mosei_juI9KoLA87A_001,,,-1,1,1,1,D:\Documents\Programming\Thesis_G10\data\raw\CMU-MOSEI\segments\juI9KoLA87A_001.mp4,data\preprocessed\features\z_at\juI9KoLA87A_001.pt,data\preprocessed\features\z_v\juI9KoLA87A_001.pt
juI9KoLA87A_002,mosei_real,0,mosei_juI9KoLA87A_002,,,-1,1,1,1,D:\Documents\Programming\Thesis_G10\data\raw\CMU-MOSEI\segments\juI9KoLA87A_002.mp4,data\preprocessed\features\z_at\juI9KoLA87A_002.pt,data\preprocessed\features\z_v\juI9KoLA87A_002.pt
juI9KoLA87A_004,mosei_real,0,mosei_juI9KoLA87A_004,,,-1,1,1,1,D:\Documents\Programming\Thesis_G10\data\raw\CMU-MOSEI\segments\juI9KoLA87A_004.mp4,data\preprocessed\features\z_at\juI9KoLA87A_004.pt,data\preprocessed\features\z_v\juI9KoLA87A_004.pt
juI9KoLA87A_005,mosei_real,0,mosei_juI9KoLA87A_005,,,-1,1,1,1,D:\Documents\Programming\Thesis_G10\data\raw\CMU-MOSEI\segments\juI9KoLA87A_005.mp4,data\preprocessed\features\z_at\juI9KoLA87A_005.pt,data\preprocessed\features\z_v\juI9KoLA87A_005.pt
juI9KoLA87A_008,mosei_real,0,mosei_juI9KoLA87A_008,,,-1,1,1,1,D:\Documents\Programming\Thesis_G10\data\raw\CMU-MOSEI\segments\juI9KoLA87A_008.mp4,data\preprocessed\features\z_at\juI9KoLA87A_008.pt,data\preprocessed\features\z_v\juI9KoLA87A_008.pt
juI9KoLA87A_009,mosei_real,0,mosei_juI9KoLA87A_009,,,-1,1,1,1,D:\Documents\Programming\Thesis_G10\data\raw\CMU-MOSEI\segments\juI9KoLA87A_009.mp4,data\preprocessed\features\z_at\juI9KoLA87A_009.pt,data\preprocessed\features\z_v\juI9KoLA87A_009.pt
juI9KoLA87A_010,mosei_real,0,mosei_juI9KoLA87A_010,,,-1,1,1,1,D:\Documents\Programming\Thesis_G10\data\raw\CMU-MOSEI\segments\juI9KoLA87A_010.mp4,data\preprocessed\features\z_at\juI9KoLA87A_010.pt,data\preprocessed\features\z_v\juI9KoLA87A_010.pt
juI9KoLA87A_011,mosei_real,0,mosei_juI9KoLA87A_011,,,-1,1,1,1,D:\Documents\Programming\Thesis_G10\data\raw\CMU-MOSEI\segments\juI9KoLA87A_011.mp4,data\preprocessed\features\z_at\juI9KoLA87A_011.pt,data\preprocessed\features\z_v\juI9KoLA87A_011.pt
juI9KoLA87A_013,mosei_real,0,mosei_juI9KoLA87A_013,,,-1,1,1,1,D:\Documents\Programming\Thesis_G10\data\raw\CMU-MOSEI\segments\juI9KoLA87A_013.mp4,data\preprocessed\features\z_at\juI9KoLA87A_013.pt,data\preprocessed\features\z_v\juI9KoLA87A_013.pt
jzNIU-w0MVo_001,mosei_real,0,mosei_jzNIU-w0MVo_001,,,-1,1,1,1,D:\Documents\Programming\Thesis_G10\data\raw\CMU-MOSEI\segments\jzNIU-w0MVo_001.mp4,data\preprocessed\features\z_at\jzNIU-w0MVo_001.pt,data\preprocessed\features\z_v\jzNIU-w0MVo_001.pt
jzNIU-w0MVo_002,mosei_real,0,mosei_jzNIU-w0MVo_002,,,-1,1,1,1,D:\Documents\Programming\Thesis_G10\data\raw\CMU-MOSEI\segments\jzNIU-w0MVo_002.mp4,data\preprocessed\features\z_at\jzNIU-w0MVo_002.pt,data\preprocessed\features\z_v\jzNIU-w0MVo_002.pt
jzNIU-w0MVo_007,mosei_real,0,mosei_jzNIU-w0MVo_007,,,-1,1,1,1,D:\Documents\Programming\Thesis_G10\data\raw\CMU-MOSEI\segments\jzNIU-w0MVo_007.mp4,data\preprocessed\features\z_at\jzNIU-w0MVo_007.pt,data\preprocessed\features\z_v\jzNIU-w0MVo_007.pt
k0cGUNUHuyY_000,mosei_real,0,mosei_k0cGUNUHuyY_000,,,-1,1,1,1,D:\Documents\Programming\Thesis_G10\data\raw\CMU-MOSEI\segments\k0cGUNUHuyY_000.mp4,data\preprocessed\features\z_at\k0cGUNUHuyY_000.pt,data\preprocessed\features\z_v\k0cGUNUHuyY_000.pt
k1BrzX5bc7U_000,mosei_real,0,mosei_k1BrzX5bc7U_000,,,-1,1,1,1,D:\Documents\Programming\Thesis_G10\data\raw\CMU-MOSEI\segments\k1BrzX5bc7U_000.mp4,data\preprocessed\features\z_at\k1BrzX5bc7U_000.pt,data\preprocessed\features\z_v\k1BrzX5bc7U_000.pt
k1BrzX5bc7U_001,mosei_real,0,mosei_k1BrzX5bc7U_001,,,-1,1,1,1,D:\Documents\Programming\Thesis_G10\data\raw\CMU-MOSEI\segments\k1BrzX5bc7U_001.mp4,data\preprocessed\features\z_at\k1BrzX5bc7U_001.pt,data\preprocessed\features\z_v\k1BrzX5bc7U_001.pt
k1BrzX5bc7U_002,mosei_real,0,mosei_k1BrzX5bc7U_002,,,-1,1,1,1,D:\Documents\Programming\Thesis_G10\data\raw\CMU-MOSEI\segments\k1BrzX5bc7U_002.mp4,data\preprocessed\features\z_at\k1BrzX5bc7U_002.pt,data\preprocessed\features\z_v\k1BrzX5bc7U_002.pt
k4T6GaDrcjs_001,mosei_real,0,mosei_k4T6GaDrcjs_001,,,-1,1,1,1,D:\Documents\Programming\Thesis_G10\data\raw\CMU-MOSEI\segments\k4T6GaDrcjs_001.mp4,data\preprocessed\features\z_at\k4T6GaDrcjs_001.pt,data\preprocessed\features\z_v\k4T6GaDrcjs_001.pt
k4T6GaDrcjs_002,mosei_real,0,mosei_k4T6GaDrcjs_002,,,-1,1,1,1,D:\Documents\Programming\Thesis_G10\data\raw\CMU-MOSEI\segments\k4T6GaDrcjs_002.mp4,data\preprocessed\features\z_at\k4T6GaDrcjs_002.pt,data\preprocessed\features\z_v\k4T6GaDrcjs_002.pt
k4T6GaDrcjs_003,mosei_real,0,mosei_k4T6GaDrcjs_003,,,-1,1,1,1,D:\Documents\Programming\Thesis_G10\data\raw\CMU-MOSEI\segments\k4T6GaDrcjs_003.mp4,data\preprocessed\features\z_at\k4T6GaDrcjs_003.pt,data\preprocessed\features\z_v\k4T6GaDrcjs_003.pt
k4T6GaDrcjs_004,mosei_real,0,mosei_k4T6GaDrcjs_004,,,-1,1,1,1,D:\Documents\Programming\Thesis_G10\data\raw\CMU-MOSEI\segments\k4T6GaDrcjs_004.mp4,data\preprocessed\features\z_at\k4T6GaDrcjs_004.pt,data\preprocessed\features\z_v\k4T6GaDrcjs_004.pt
k4T6GaDrcjs_005,mosei_real,0,mosei_k4T6GaDrcjs_005,,,-1,1,1,1,D:\Documents\Programming\Thesis_G10\data\raw\CMU-MOSEI\segments\k4T6GaDrcjs_005.mp4,data\preprocessed\features\z_at\k4T6GaDrcjs_005.pt,data\preprocessed\features\z_v\k4T6GaDrcjs_005.pt
k4T6GaDrcjs_006,mosei_real,0,mosei_k4T6GaDrcjs_006,,,-1,1,1,1,D:\Documents\Programming\Thesis_G10\data\raw\CMU-MOSEI\segments\k4T6GaDrcjs_006.mp4,data\preprocessed\features\z_at\k4T6GaDrcjs_006.pt,data\preprocessed\features\z_v\k4T6GaDrcjs_006.pt
k4T6GaDrcjs_007,mosei_real,0,mosei_k4T6GaDrcjs_007,,,-1,1,1,1,D:\Documents\Programming\Thesis_G10\data\raw\CMU-MOSEI\segments\k4T6GaDrcjs_007.mp4,data\preprocessed\features\z_at\k4T6GaDrcjs_007.pt,data\preprocessed\features\z_v\k4T6GaDrcjs_007.pt
k4T6GaDrcjs_008,mosei_real,0,mosei_k4T6GaDrcjs_008,,,-1,1,1,1,D:\Documents\Programming\Thesis_G10\data\raw\CMU-MOSEI\segments\k4T6GaDrcjs_008.mp4,data\preprocessed\features\z_at\k4T6GaDrcjs_008.pt,data\preprocessed\features\z_v\k4T6GaDrcjs_008.pt
k4T6GaDrcjs_009,mosei_real,0,mosei_k4T6GaDrcjs_009,,,-1,1,1,1,D:\Documents\Programming\Thesis_G10\data\raw\CMU-MOSEI\segments\k4T6GaDrcjs_009.mp4,data\preprocessed\features\z_at\k4T6GaDrcjs_009.pt,data\preprocessed\features\z_v\k4T6GaDrcjs_009.pt
k4T6GaDrcjs_010,mosei_real,0,mosei_k4T6GaDrcjs_010,,,-1,1,1,1,D:\Documents\Programming\Thesis_G10\data\raw\CMU-MOSEI\segments\k4T6GaDrcjs_010.mp4,data\preprocessed\features\z_at\k4T6GaDrcjs_010.pt,data\preprocessed\features\z_v\k4T6GaDrcjs_010.pt
k5-3KuvCFms_000,mosei_real,0,mosei_k5-3KuvCFms_000,,,-1,1,1,1,D:\Documents\Programming\Thesis_G10\data\raw\CMU-MOSEI\segments\k5-3KuvCFms_000.mp4,data\preprocessed\features\z_at\k5-3KuvCFms_000.pt,data\preprocessed\features\z_v\k5-3KuvCFms_000.pt
k8NgVOCDYKM_001,mosei_real,0,mosei_k8NgVOCDYKM_001,,,-1,1,1,1,D:\Documents\Programming\Thesis_G10\data\raw\CMU-MOSEI\segments\k8NgVOCDYKM_001.mp4,data\preprocessed\features\z_at\k8NgVOCDYKM_001.pt,data\preprocessed\features\z_v\k8NgVOCDYKM_001.pt
k8NgVOCDYKM_005,mosei_real,0,mosei_k8NgVOCDYKM_005,,,-1,1,1,1,D:\Documents\Programming\Thesis_G10\data\raw\CMU-MOSEI\segments\k8NgVOCDYKM_005.mp4,data\preprocessed\features\z_at\k8NgVOCDYKM_005.pt,data\preprocessed\features\z_v\k8NgVOCDYKM_005.pt
k8NgVOCDYKM_006,mosei_real,0,mosei_k8NgVOCDYKM_006,,,-1,1,1,1,D:\Documents\Programming\Thesis_G10\data\raw\CMU-MOSEI\segments\k8NgVOCDYKM_006.mp4,data\preprocessed\features\z_at\k8NgVOCDYKM_006.pt,data\preprocessed\features\z_v\k8NgVOCDYKM_006.pt
kCQqLNiO0mk_000,mosei_real,0,mosei_kCQqLNiO0mk_000,,,-1,1,1,1,D:\Documents\Programming\Thesis_G10\data\raw\CMU-MOSEI\segments\kCQqLNiO0mk_000.mp4,data\preprocessed\features\z_at\kCQqLNiO0mk_000.pt,data\preprocessed\features\z_v\kCQqLNiO0mk_000.pt
kCQqLNiO0mk_003,mosei_real,0,mosei_kCQqLNiO0mk_003,,,-1,1,1,1,D:\Documents\Programming\Thesis_G10\data\raw\CMU-MOSEI\segments\kCQqLNiO0mk_003.mp4,data\preprocessed\features\z_at\kCQqLNiO0mk_003.pt,data\preprocessed\features\z_v\kCQqLNiO0mk_003.pt
kCQqLNiO0mk_004,mosei_real,0,mosei_kCQqLNiO0mk_004,,,-1,1,1,1,D:\Documents\Programming\Thesis_G10\data\raw\CMU-MOSEI\segments\kCQqLNiO0mk_004.mp4,data\preprocessed\features\z_at\kCQqLNiO0mk_004.pt,data\preprocessed\features\z_v\kCQqLNiO0mk_004.pt
kCQqLNiO0mk_005,mosei_real,0,mosei_kCQqLNiO0mk_005,,,-1,1,1,1,D:\Documents\Programming\Thesis_G10\data\raw\CMU-MOSEI\segments\kCQqLNiO0mk_005.mp4,data\preprocessed\features\z_at\kCQqLNiO0mk_005.pt,data\preprocessed\features\z_v\kCQqLNiO0mk_005.pt
kCQqLNiO0mk_007,mosei_real,0,mosei_kCQqLNiO0mk_007,,,-1,1,1,1,D:\Documents\Programming\Thesis_G10\data\raw\CMU-MOSEI\segments\kCQqLNiO0mk_007.mp4,data\preprocessed\features\z_at\kCQqLNiO0mk_007.pt,data\preprocessed\features\z_v\kCQqLNiO0mk_007.pt
kCQqLNiO0mk_009,mosei_real,0,mosei_kCQqLNiO0mk_009,,,-1,1,1,1,D:\Documents\Programming\Thesis_G10\data\raw\CMU-MOSEI\segments\kCQqLNiO0mk_009.mp4,data\preprocessed\features\z_at\kCQqLNiO0mk_009.pt,data\preprocessed\features\z_v\kCQqLNiO0mk_009.pt
kCQqLNiO0mk_011,mosei_real,0,mosei_kCQqLNiO0mk_011,,,-1,1,1,1,D:\Documents\Programming\Thesis_G10\data\raw\CMU-MOSEI\segments\kCQqLNiO0mk_011.mp4,data\preprocessed\features\z_at\kCQqLNiO0mk_011.pt,data\preprocessed\features\z_v\kCQqLNiO0mk_011.pt
kKkZihSbxF4_000,mosei_real,0,mosei_kKkZihSbxF4_000,,,-1,1,1,1,D:\Documents\Programming\Thesis_G10\data\raw\CMU-MOSEI\segments\kKkZihSbxF4_000.mp4,data\preprocessed\features\z_at\kKkZihSbxF4_000.pt,data\preprocessed\features\z_v\kKkZihSbxF4_000.pt
kKkZihSbxF4_001,mosei_real,0,mosei_kKkZihSbxF4_001,,,-1,1,1,1,D:\Documents\Programming\Thesis_G10\data\raw\CMU-MOSEI\segments\kKkZihSbxF4_001.mp4,data\preprocessed\features\z_at\kKkZihSbxF4_001.pt,data\preprocessed\features\z_v\kKkZihSbxF4_001.pt
kM6wo2bb3nw_001,mosei_real,0,mosei_kM6wo2bb3nw_001,,,-1,1,1,1,D:\Documents\Programming\Thesis_G10\data\raw\CMU-MOSEI\segments\kM6wo2bb3nw_001.mp4,data\preprocessed\features\z_at\kM6wo2bb3nw_001.pt,data\preprocessed\features\z_v\kM6wo2bb3nw_001.pt
kPn-t6NSxfQ_001,mosei_real,0,mosei_kPn-t6NSxfQ_001,,,-1,1,1,1,D:\Documents\Programming\Thesis_G10\data\raw\CMU-MOSEI\segments\kPn-t6NSxfQ_001.mp4,data\preprocessed\features\z_at\kPn-t6NSxfQ_001.pt,data\preprocessed\features\z_v\kPn-t6NSxfQ_001.pt
kPn-t6NSxfQ_002,mosei_real,0,mosei_kPn-t6NSxfQ_002,,,-1,1,1,1,D:\Documents\Programming\Thesis_G10\data\raw\CMU-MOSEI\segments\kPn-t6NSxfQ_002.mp4,data\preprocessed\features\z_at\kPn-t6NSxfQ_002.pt,data\preprocessed\features\z_v\kPn-t6NSxfQ_002.pt
kPn-t6NSxfQ_003,mosei_real,0,mosei_kPn-t6NSxfQ_003,,,-1,1,1,1,D:\Documents\Programming\Thesis_G10\data\raw\CMU-MOSEI\segments\kPn-t6NSxfQ_003.mp4,data\preprocessed\features\z_at\kPn-t6NSxfQ_003.pt,data\preprocessed\features\z_v\kPn-t6NSxfQ_003.pt
kPn-t6NSxfQ_006,mosei_real,0,mosei_kPn-t6NSxfQ_006,,,-1,1,1,1,D:\Documents\Programming\Thesis_G10\data\raw\CMU-MOSEI\segments\kPn-t6NSxfQ_006.mp4,data\preprocessed\features\z_at\kPn-t6NSxfQ_006.pt,data\preprocessed\features\z_v\kPn-t6NSxfQ_006.pt
kPn-t6NSxfQ_007,mosei_real,0,mosei_kPn-t6NSxfQ_007,,,-1,1,1,1,D:\Documents\Programming\Thesis_G10\data\raw\CMU-MOSEI\segments\kPn-t6NSxfQ_007.mp4,data\preprocessed\features\z_at\kPn-t6NSxfQ_007.pt,data\preprocessed\features\z_v\kPn-t6NSxfQ_007.pt
kPn-t6NSxfQ_009,mosei_real,0,mosei_kPn-t6NSxfQ_009,,,-1,1,1,1,D:\Documents\Programming\Thesis_G10\data\raw\CMU-MOSEI\segments\kPn-t6NSxfQ_009.mp4,data\preprocessed\features\z_at\kPn-t6NSxfQ_009.pt,data\preprocessed\features\z_v\kPn-t6NSxfQ_009.pt
kRs39SO-neY_000,mosei_real,0,mosei_kRs39SO-neY_000,,,-1,1,1,1,D:\Documents\Programming\Thesis_G10\data\raw\CMU-MOSEI\segments\kRs39SO-neY_000.mp4,data\preprocessed\features\z_at\kRs39SO-neY_000.pt,data\preprocessed\features\z_v\kRs39SO-neY_000.pt
kRs39SO-neY_002,mosei_real,0,mosei_kRs39SO-neY_002,,,-1,1,1,1,D:\Documents\Programming\Thesis_G10\data\raw\CMU-MOSEI\segments\kRs39SO-neY_002.mp4,data\preprocessed\features\z_at\kRs39SO-neY_002.pt,data\preprocessed\features\z_v\kRs39SO-neY_002.pt
kU6YY2z7z0I_000,mosei_real,0,mosei_kU6YY2z7z0I_000,,,-1,1,1,1,D:\Documents\Programming\Thesis_G10\data\raw\CMU-MOSEI\segments\kU6YY2z7z0I_000.mp4,data\preprocessed\features\z_at\kU6YY2z7z0I_000.pt,data\preprocessed\features\z_v\kU6YY2z7z0I_000.pt
kU6YY2z7z0I_002,mosei_real,0,mosei_kU6YY2z7z0I_002,,,-1,1,1,1,D:\Documents\Programming\Thesis_G10\data\raw\CMU-MOSEI\segments\kU6YY2z7z0I_002.mp4,data\preprocessed\features\z_at\kU6YY2z7z0I_002.pt,data\preprocessed\features\z_v\kU6YY2z7z0I_002.pt
kU6YY2z7z0I_003,mosei_real,0,mosei_kU6YY2z7z0I_003,,,-1,1,1,1,D:\Documents\Programming\Thesis_G10\data\raw\CMU-MOSEI\segments\kU6YY2z7z0I_003.mp4,data\preprocessed\features\z_at\kU6YY2z7z0I_003.pt,data\preprocessed\features\z_v\kU6YY2z7z0I_003.pt
kU6YY2z7z0I_005,mosei_real,0,mosei_kU6YY2z7z0I_005,,,-1,1,1,1,D:\Documents\Programming\Thesis_G10\data\raw\CMU-MOSEI\segments\kU6YY2z7z0I_005.mp4,data\preprocessed\features\z_at\kU6YY2z7z0I_005.pt,data\preprocessed\features\z_v\kU6YY2z7z0I_005.pt
kU6YY2z7z0I_006,mosei_real,0,mosei_kU6YY2z7z0I_006,,,-1,1,1,1,D:\Documents\Programming\Thesis_G10\data\raw\CMU-MOSEI\segments\kU6YY2z7z0I_006.mp4,data\preprocessed\features\z_at\kU6YY2z7z0I_006.pt,data\preprocessed\features\z_v\kU6YY2z7z0I_006.pt
kU6YY2z7z0I_007,mosei_real,0,mosei_kU6YY2z7z0I_007,,,-1,1,1,1,D:\Documents\Programming\Thesis_G10\data\raw\CMU-MOSEI\segments\kU6YY2z7z0I_007.mp4,data\preprocessed\features\z_at\kU6YY2z7z0I_007.pt,data\preprocessed\features\z_v\kU6YY2z7z0I_007.pt
kU6YY2z7z0I_009,mosei_real,0,mosei_kU6YY2z7z0I_009,,,-1,1,1,1,D:\Documents\Programming\Thesis_G10\data\raw\CMU-MOSEI\segments\kU6YY2z7z0I_009.mp4,data\preprocessed\features\z_at\kU6YY2z7z0I_009.pt,data\preprocessed\features\z_v\kU6YY2z7z0I_009.pt
kU6YY2z7z0I_010,mosei_real,0,mosei_kU6YY2z7z0I_010,,,-1,1,1,1,D:\Documents\Programming\Thesis_G10\data\raw\CMU-MOSEI\segments\kU6YY2z7z0I_010.mp4,data\preprocessed\features\z_at\kU6YY2z7z0I_010.pt,data\preprocessed\features\z_v\kU6YY2z7z0I_010.pt
kXhJ3hHK9hQ_000,mosei_real,0,mosei_kXhJ3hHK9hQ_000,,,-1,1,1,1,D:\Documents\Programming\Thesis_G10\data\raw\CMU-MOSEI\segments\kXhJ3hHK9hQ_000.mp4,data\preprocessed\features\z_at\kXhJ3hHK9hQ_000.pt,data\preprocessed\features\z_v\kXhJ3hHK9hQ_000.pt
kXhJ3hHK9hQ_001,mosei_real,0,mosei_kXhJ3hHK9hQ_001,,,-1,1,1,1,D:\Documents\Programming\Thesis_G10\data\raw\CMU-MOSEI\segments\kXhJ3hHK9hQ_001.mp4,data\preprocessed\features\z_at\kXhJ3hHK9hQ_001.pt,data\preprocessed\features\z_v\kXhJ3hHK9hQ_001.pt
kXhJ3hHK9hQ_002,mosei_real,0,mosei_kXhJ3hHK9hQ_002,,,-1,1,1,1,D:\Documents\Programming\Thesis_G10\data\raw\CMU-MOSEI\segments\kXhJ3hHK9hQ_002.mp4,data\preprocessed\features\z_at\kXhJ3hHK9hQ_002.pt,data\preprocessed\features\z_v\kXhJ3hHK9hQ_002.pt
kXhJ3hHK9hQ_005,mosei_real,0,mosei_kXhJ3hHK9hQ_005,,,-1,1,1,1,D:\Documents\Programming\Thesis_G10\data\raw\CMU-MOSEI\segments\kXhJ3hHK9hQ_005.mp4,data\preprocessed\features\z_at\kXhJ3hHK9hQ_005.pt,data\preprocessed\features\z_v\kXhJ3hHK9hQ_005.pt
kY64gXOapYk_001,mosei_real,0,mosei_kY64gXOapYk_001,,,-1,1,1,1,D:\Documents\Programming\Thesis_G10\data\raw\CMU-MOSEI\segments\kY64gXOapYk_001.mp4,data\preprocessed\features\z_at\kY64gXOapYk_001.pt,data\preprocessed\features\z_v\kY64gXOapYk_001.pt
kY64gXOapYk_003,mosei_real,0,mosei_kY64gXOapYk_003,,,-1,1,1,1,D:\Documents\Programming\Thesis_G10\data\raw\CMU-MOSEI\segments\kY64gXOapYk_003.mp4,data\preprocessed\features\z_at\kY64gXOapYk_003.pt,data\preprocessed\features\z_v\kY64gXOapYk_003.pt
kY64gXOapYk_004,mosei_real,0,mosei_kY64gXOapYk_004,,,-1,1,1,1,D:\Documents\Programming\Thesis_G10\data\raw\CMU-MOSEI\segments\kY64gXOapYk_004.mp4,data\preprocessed\features\z_at\kY64gXOapYk_004.pt,data\preprocessed\features\z_v\kY64gXOapYk_004.pt
kZfcQ4a0kx4_000,mosei_real,0,mosei_kZfcQ4a0kx4_000,,,-1,1,1,1,D:\Documents\Programming\Thesis_G10\data\raw\CMU-MOSEI\segments\kZfcQ4a0kx4_000.mp4,data\preprocessed\features\z_at\kZfcQ4a0kx4_000.pt,data\preprocessed\features\z_v\kZfcQ4a0kx4_000.pt
kZfcQ4a0kx4_003,mosei_real,0,mosei_kZfcQ4a0kx4_003,,,-1,1,1,1,D:\Documents\Programming\Thesis_G10\data\raw\CMU-MOSEI\segments\kZfcQ4a0kx4_003.mp4,data\preprocessed\features\z_at\kZfcQ4a0kx4_003.pt,data\preprocessed\features\z_v\kZfcQ4a0kx4_003.pt
kZfcQ4a0kx4_004,mosei_real,0,mosei_kZfcQ4a0kx4_004,,,-1,1,1,1,D:\Documents\Programming\Thesis_G10\data\raw\CMU-MOSEI\segments\kZfcQ4a0kx4_004.mp4,data\preprocessed\features\z_at\kZfcQ4a0kx4_004.pt,data\preprocessed\features\z_v\kZfcQ4a0kx4_004.pt
kZfcQ4a0kx4_006,mosei_real,0,mosei_kZfcQ4a0kx4_006,,,-1,1,1,1,D:\Documents\Programming\Thesis_G10\data\raw\CMU-MOSEI\segments\kZfcQ4a0kx4_006.mp4,data\preprocessed\features\z_at\kZfcQ4a0kx4_006.pt,data\preprocessed\features\z_v\kZfcQ4a0kx4_006.pt
kZfcQ4a0kx4_007,mosei_real,0,mosei_kZfcQ4a0kx4_007,,,-1,1,1,1,D:\Documents\Programming\Thesis_G10\data\raw\CMU-MOSEI\segments\kZfcQ4a0kx4_007.mp4,data\preprocessed\features\z_at\kZfcQ4a0kx4_007.pt,data\preprocessed\features\z_v\kZfcQ4a0kx4_007.pt
kZfcQ4a0kx4_009,mosei_real,0,mosei_kZfcQ4a0kx4_009,,,-1,1,1,1,D:\Documents\Programming\Thesis_G10\data\raw\CMU-MOSEI\segments\kZfcQ4a0kx4_009.mp4,data\preprocessed\features\z_at\kZfcQ4a0kx4_009.pt,data\preprocessed\features\z_v\kZfcQ4a0kx4_009.pt
kbRtSmJM5aU_000,mosei_real,0,mosei_kbRtSmJM5aU_000,,,-1,1,1,1,D:\Documents\Programming\Thesis_G10\data\raw\CMU-MOSEI\segments\kbRtSmJM5aU_000.mp4,data\preprocessed\features\z_at\kbRtSmJM5aU_000.pt,data\preprocessed\features\z_v\kbRtSmJM5aU_000.pt
kcIGTPHEsNo_000,mosei_real,0,mosei_kcIGTPHEsNo_000,,,-1,1,1,1,D:\Documents\Programming\Thesis_G10\data\raw\CMU-MOSEI\segments\kcIGTPHEsNo_000.mp4,data\preprocessed\features\z_at\kcIGTPHEsNo_000.pt,data\preprocessed\features\z_v\kcIGTPHEsNo_000.pt
kcIGTPHEsNo_008,mosei_real,0,mosei_kcIGTPHEsNo_008,,,-1,1,1,1,D:\Documents\Programming\Thesis_G10\data\raw\CMU-MOSEI\segments\kcIGTPHEsNo_008.mp4,data\preprocessed\features\z_at\kcIGTPHEsNo_008.pt,data\preprocessed\features\z_v\kcIGTPHEsNo_008.pt
kddCewAsxfA_001,mosei_real,0,mosei_kddCewAsxfA_001,,,-1,1,1,1,D:\Documents\Programming\Thesis_G10\data\raw\CMU-MOSEI\segments\kddCewAsxfA_001.mp4,data\preprocessed\features\z_at\kddCewAsxfA_001.pt,data\preprocessed\features\z_v\kddCewAsxfA_001.pt
kddCewAsxfA_002,mosei_real,0,mosei_kddCewAsxfA_002,,,-1,1,1,1,D:\Documents\Programming\Thesis_G10\data\raw\CMU-MOSEI\segments\kddCewAsxfA_002.mp4,data\preprocessed\features\z_at\kddCewAsxfA_002.pt,data\preprocessed\features\z_v\kddCewAsxfA_002.pt
kg-W6-hP2Do_001,mosei_real,0,mosei_kg-W6-hP2Do_001,,,-1,1,1,1,D:\Documents\Programming\Thesis_G10\data\raw\CMU-MOSEI\segments\kg-W6-hP2Do_001.mp4,data\preprocessed\features\z_at\kg-W6-hP2Do_001.pt,data\preprocessed\features\z_v\kg-W6-hP2Do_001.pt
kg-W6-hP2Do_002,mosei_real,0,mosei_kg-W6-hP2Do_002,,,-1,1,1,1,D:\Documents\Programming\Thesis_G10\data\raw\CMU-MOSEI\segments\kg-W6-hP2Do_002.mp4,data\preprocessed\features\z_at\kg-W6-hP2Do_002.pt,data\preprocessed\features\z_v\kg-W6-hP2Do_002.pt
kg-W6-hP2Do_003,mosei_real,0,mosei_kg-W6-hP2Do_003,,,-1,1,1,1,D:\Documents\Programming\Thesis_G10\data\raw\CMU-MOSEI\segments\kg-W6-hP2Do_003.mp4,data\preprocessed\features\z_at\kg-W6-hP2Do_003.pt,data\preprocessed\features\z_v\kg-W6-hP2Do_003.pt
kg-W6-hP2Do_005,mosei_real,0,mosei_kg-W6-hP2Do_005,,,-1,1,1,1,D:\Documents\Programming\Thesis_G10\data\raw\CMU-MOSEI\segments\kg-W6-hP2Do_005.mp4,data\preprocessed\features\z_at\kg-W6-hP2Do_005.pt,data\preprocessed\features\z_v\kg-W6-hP2Do_005.pt
kg-W6-hP2Do_006,mosei_real,0,mosei_kg-W6-hP2Do_006,,,-1,1,1,1,D:\Documents\Programming\Thesis_G10\data\raw\CMU-MOSEI\segments\kg-W6-hP2Do_006.mp4,data\preprocessed\features\z_at\kg-W6-hP2Do_006.pt,data\preprocessed\features\z_v\kg-W6-hP2Do_006.pt
kg-W6-hP2Do_007,mosei_real,0,mosei_kg-W6-hP2Do_007,,,-1,1,1,1,D:\Documents\Programming\Thesis_G10\data\raw\CMU-MOSEI\segments\kg-W6-hP2Do_007.mp4,data\preprocessed\features\z_at\kg-W6-hP2Do_007.pt,data\preprocessed\features\z_v\kg-W6-hP2Do_007.pt
kh6eynD9OIk_002,mosei_real,0,mosei_kh6eynD9OIk_002,,,-1,1,1,1,D:\Documents\Programming\Thesis_G10\data\raw\CMU-MOSEI\segments\kh6eynD9OIk_002.mp4,data\preprocessed\features\z_at\kh6eynD9OIk_002.pt,data\preprocessed\features\z_v\kh6eynD9OIk_002.pt
kh6eynD9OIk_005,mosei_real,0,mosei_kh6eynD9OIk_005,,,-1,1,1,1,D:\Documents\Programming\Thesis_G10\data\raw\CMU-MOSEI\segments\kh6eynD9OIk_005.mp4,data\preprocessed\features\z_at\kh6eynD9OIk_005.pt,data\preprocessed\features\z_v\kh6eynD9OIk_005.pt
kh6eynD9OIk_007,mosei_real,0,mosei_kh6eynD9OIk_007,,,-1,1,1,1,D:\Documents\Programming\Thesis_G10\data\raw\CMU-MOSEI\segments\kh6eynD9OIk_007.mp4,data\preprocessed\features\z_at\kh6eynD9OIk_007.pt,data\preprocessed\features\z_v\kh6eynD9OIk_007.pt
kh6eynD9OIk_009,mosei_real,0,mosei_kh6eynD9OIk_009,,,-1,1,1,1,D:\Documents\Programming\Thesis_G10\data\raw\CMU-MOSEI\segments\kh6eynD9OIk_009.mp4,data\preprocessed\features\z_at\kh6eynD9OIk_009.pt,data\preprocessed\features\z_v\kh6eynD9OIk_009.pt
kh6eynD9OIk_010,mosei_real,0,mosei_kh6eynD9OIk_010,,,-1,1,1,1,D:\Documents\Programming\Thesis_G10\data\raw\CMU-MOSEI\segments\kh6eynD9OIk_010.mp4,data\preprocessed\features\z_at\kh6eynD9OIk_010.pt,data\preprocessed\features\z_v\kh6eynD9OIk_010.pt
kh6eynD9OIk_011,mosei_real,0,mosei_kh6eynD9OIk_011,,,-1,1,1,1,D:\Documents\Programming\Thesis_G10\data\raw\CMU-MOSEI\segments\kh6eynD9OIk_011.mp4,data\preprocessed\features\z_at\kh6eynD9OIk_011.pt,data\preprocessed\features\z_v\kh6eynD9OIk_011.pt
kh6eynD9OIk_012,mosei_real,0,mosei_kh6eynD9OIk_012,,,-1,1,1,1,D:\Documents\Programming\Thesis_G10\data\raw\CMU-MOSEI\segments\kh6eynD9OIk_012.mp4,data\preprocessed\features\z_at\kh6eynD9OIk_012.pt,data\preprocessed\features\z_v\kh6eynD9OIk_012.pt
kh6eynD9OIk_013,mosei_real,0,mosei_kh6eynD9OIk_013,,,-1,1,1,1,D:\Documents\Programming\Thesis_G10\data\raw\CMU-MOSEI\segments\kh6eynD9OIk_013.mp4,data\preprocessed\features\z_at\kh6eynD9OIk_013.pt,data\preprocessed\features\z_v\kh6eynD9OIk_013.pt
kh6eynD9OIk_014,mosei_real,0,mosei_kh6eynD9OIk_014,,,-1,1,1,1,D:\Documents\Programming\Thesis_G10\data\raw\CMU-MOSEI\segments\kh6eynD9OIk_014.mp4,data\preprocessed\features\z_at\kh6eynD9OIk_014.pt,data\preprocessed\features\z_v\kh6eynD9OIk_014.pt
kj63uF0RhW8_000,mosei_real,0,mosei_kj63uF0RhW8_000,,,-1,1,1,1,D:\Documents\Programming\Thesis_G10\data\raw\CMU-MOSEI\segments\kj63uF0RhW8_000.mp4,data\preprocessed\features\z_at\kj63uF0RhW8_000.pt,data\preprocessed\features\z_v\kj63uF0RhW8_000.pt
kj63uF0RhW8_001,mosei_real,0,mosei_kj63uF0RhW8_001,,,-1,1,1,1,D:\Documents\Programming\Thesis_G10\data\raw\CMU-MOSEI\segments\kj63uF0RhW8_001.mp4,data\preprocessed\features\z_at\kj63uF0RhW8_001.pt,data\preprocessed\features\z_v\kj63uF0RhW8_001.pt
kjQAkrdbREk_002,mosei_real,0,mosei_kjQAkrdbREk_002,,,-1,1,1,1,D:\Documents\Programming\Thesis_G10\data\raw\CMU-MOSEI\segments\kjQAkrdbREk_002.mp4,data\preprocessed\features\z_at\kjQAkrdbREk_002.pt,data\preprocessed\features\z_v\kjQAkrdbREk_002.pt
kkaX3okuvjI_000,mosei_real,0,mosei_kkaX3okuvjI_000,,,-1,1,1,1,D:\Documents\Programming\Thesis_G10\data\raw\CMU-MOSEI\segments\kkaX3okuvjI_000.mp4,data\preprocessed\features\z_at\kkaX3okuvjI_000.pt,data\preprocessed\features\z_v\kkaX3okuvjI_000.pt
kkaX3okuvjI_002,mosei_real,0,mosei_kkaX3okuvjI_002,,,-1,1,1,1,D:\Documents\Programming\Thesis_G10\data\raw\CMU-MOSEI\segments\kkaX3okuvjI_002.mp4,data\preprocessed\features\z_at\kkaX3okuvjI_002.pt,data\preprocessed\features\z_v\kkaX3okuvjI_002.pt
kkaX3okuvjI_003,mosei_real,0,mosei_kkaX3okuvjI_003,,,-1,1,1,1,D:\Documents\Programming\Thesis_G10\data\raw\CMU-MOSEI\segments\kkaX3okuvjI_003.mp4,data\preprocessed\features\z_at\kkaX3okuvjI_003.pt,data\preprocessed\features\z_v\kkaX3okuvjI_003.pt
kpS4BXif_Sw_004,mosei_real,0,mosei_kpS4BXif_Sw_004,,,-1,1,1,1,D:\Documents\Programming\Thesis_G10\data\raw\CMU-MOSEI\segments\kpS4BXif_Sw_004.mp4,data\preprocessed\features\z_at\kpS4BXif_Sw_004.pt,data\preprocessed\features\z_v\kpS4BXif_Sw_004.pt
kpS4BXif_Sw_005,mosei_real,0,mosei_kpS4BXif_Sw_005,,,-1,1,1,1,D:\Documents\Programming\Thesis_G10\data\raw\CMU-MOSEI\segments\kpS4BXif_Sw_005.mp4,data\preprocessed\features\z_at\kpS4BXif_Sw_005.pt,data\preprocessed\features\z_v\kpS4BXif_Sw_005.pt
kpS4BXif_Sw_006,mosei_real,0,mosei_kpS4BXif_Sw_006,,,-1,1,1,1,D:\Documents\Programming\Thesis_G10\data\raw\CMU-MOSEI\segments\kpS4BXif_Sw_006.mp4,data\preprocessed\features\z_at\kpS4BXif_Sw_006.pt,data\preprocessed\features\z_v\kpS4BXif_Sw_006.pt
kpS4BXif_Sw_008,mosei_real,0,mosei_kpS4BXif_Sw_008,,,-1,1,1,1,D:\Documents\Programming\Thesis_G10\data\raw\CMU-MOSEI\segments\kpS4BXif_Sw_008.mp4,data\preprocessed\features\z_at\kpS4BXif_Sw_008.pt,data\preprocessed\features\z_v\kpS4BXif_Sw_008.pt
kpS4BXif_Sw_009,mosei_real,0,mosei_kpS4BXif_Sw_009,,,-1,1,1,1,D:\Documents\Programming\Thesis_G10\data\raw\CMU-MOSEI\segments\kpS4BXif_Sw_009.mp4,data\preprocessed\features\z_at\kpS4BXif_Sw_009.pt,data\preprocessed\features\z_v\kpS4BXif_Sw_009.pt
kpS4BXif_Sw_010,mosei_real,0,mosei_kpS4BXif_Sw_010,,,-1,1,1,1,D:\Documents\Programming\Thesis_G10\data\raw\CMU-MOSEI\segments\kpS4BXif_Sw_010.mp4,data\preprocessed\features\z_at\kpS4BXif_Sw_010.pt,data\preprocessed\features\z_v\kpS4BXif_Sw_010.pt
kpS4BXif_Sw_011,mosei_real,0,mosei_kpS4BXif_Sw_011,,,-1,1,1,1,D:\Documents\Programming\Thesis_G10\data\raw\CMU-MOSEI\segments\kpS4BXif_Sw_011.mp4,data\preprocessed\features\z_at\kpS4BXif_Sw_011.pt,data\preprocessed\features\z_v\kpS4BXif_Sw_011.pt
kpS4BXif_Sw_013,mosei_real,0,mosei_kpS4BXif_Sw_013,,,-1,1,1,1,D:\Documents\Programming\Thesis_G10\data\raw\CMU-MOSEI\segments\kpS4BXif_Sw_013.mp4,data\preprocessed\features\z_at\kpS4BXif_Sw_013.pt,data\preprocessed\features\z_v\kpS4BXif_Sw_013.pt
kpS4BXif_Sw_019,mosei_real,0,mosei_kpS4BXif_Sw_019,,,-1,1,1,1,D:\Documents\Programming\Thesis_G10\data\raw\CMU-MOSEI\segments\kpS4BXif_Sw_019.mp4,data\preprocessed\features\z_at\kpS4BXif_Sw_019.pt,data\preprocessed\features\z_v\kpS4BXif_Sw_019.pt
kqXpf26EL-s_000,mosei_real,0,mosei_kqXpf26EL-s_000,,,-1,1,1,1,D:\Documents\Programming\Thesis_G10\data\raw\CMU-MOSEI\segments\kqXpf26EL-s_000.mp4,data\preprocessed\features\z_at\kqXpf26EL-s_000.pt,data\preprocessed\features\z_v\kqXpf26EL-s_000.pt
kqXpf26EL-s_002,mosei_real,0,mosei_kqXpf26EL-s_002,,,-1,1,1,1,D:\Documents\Programming\Thesis_G10\data\raw\CMU-MOSEI\segments\kqXpf26EL-s_002.mp4,data\preprocessed\features\z_at\kqXpf26EL-s_002.pt,data\preprocessed\features\z_v\kqXpf26EL-s_002.pt
kqXpf26EL-s_004,mosei_real,0,mosei_kqXpf26EL-s_004,,,-1,1,1,1,D:\Documents\Programming\Thesis_G10\data\raw\CMU-MOSEI\segments\kqXpf26EL-s_004.mp4,data\preprocessed\features\z_at\kqXpf26EL-s_004.pt,data\preprocessed\features\z_v\kqXpf26EL-s_004.pt
kqXpf26EL-s_005,mosei_real,0,mosei_kqXpf26EL-s_005,,,-1,1,1,1,D:\Documents\Programming\Thesis_G10\data\raw\CMU-MOSEI\segments\kqXpf26EL-s_005.mp4,data\preprocessed\features\z_at\kqXpf26EL-s_005.pt,data\preprocessed\features\z_v\kqXpf26EL-s_005.pt
kqXpf26EL-s_008,mosei_real,0,mosei_kqXpf26EL-s_008,,,-1,1,1,1,D:\Documents\Programming\Thesis_G10\data\raw\CMU-MOSEI\segments\kqXpf26EL-s_008.mp4,data\preprocessed\features\z_at\kqXpf26EL-s_008.pt,data\preprocessed\features\z_v\kqXpf26EL-s_008.pt
ku-dtUqCm2o_000,mosei_real,0,mosei_ku-dtUqCm2o_000,,,-1,1,1,1,D:\Documents\Programming\Thesis_G10\data\raw\CMU-MOSEI\segments\ku-dtUqCm2o_000.mp4,data\preprocessed\features\z_at\ku-dtUqCm2o_000.pt,data\preprocessed\features\z_v\ku-dtUqCm2o_000.pt
kwkhYpCHWPw_000,mosei_real,0,mosei_kwkhYpCHWPw_000,,,-1,1,1,1,D:\Documents\Programming\Thesis_G10\data\raw\CMU-MOSEI\segments\kwkhYpCHWPw_000.mp4,data\preprocessed\features\z_at\kwkhYpCHWPw_000.pt,data\preprocessed\features\z_v\kwkhYpCHWPw_000.pt
kwkhYpCHWPw_005,mosei_real,0,mosei_kwkhYpCHWPw_005,,,-1,1,1,1,D:\Documents\Programming\Thesis_G10\data\raw\CMU-MOSEI\segments\kwkhYpCHWPw_005.mp4,data\preprocessed\features\z_at\kwkhYpCHWPw_005.pt,data\preprocessed\features\z_v\kwkhYpCHWPw_005.pt
kwkhYpCHWPw_007,mosei_real,0,mosei_kwkhYpCHWPw_007,,,-1,1,1,1,D:\Documents\Programming\Thesis_G10\data\raw\CMU-MOSEI\segments\kwkhYpCHWPw_007.mp4,data\preprocessed\features\z_at\kwkhYpCHWPw_007.pt,data\preprocessed\features\z_v\kwkhYpCHWPw_007.pt
kxcCxbsKx3w_000,mosei_real,0,mosei_kxcCxbsKx3w_000,,,-1,1,1,1,D:\Documents\Programming\Thesis_G10\data\raw\CMU-MOSEI\segments\kxcCxbsKx3w_000.mp4,data\preprocessed\features\z_at\kxcCxbsKx3w_000.pt,data\preprocessed\features\z_v\kxcCxbsKx3w_000.pt
kxcCxbsKx3w_001,mosei_real,0,mosei_kxcCxbsKx3w_001,,,-1,1,1,1,D:\Documents\Programming\Thesis_G10\data\raw\CMU-MOSEI\segments\kxcCxbsKx3w_001.mp4,data\preprocessed\features\z_at\kxcCxbsKx3w_001.pt,data\preprocessed\features\z_v\kxcCxbsKx3w_001.pt
kxcCxbsKx3w_003,mosei_real,0,mosei_kxcCxbsKx3w_003,,,-1,1,1,1,D:\Documents\Programming\Thesis_G10\data\raw\CMU-MOSEI\segments\kxcCxbsKx3w_003.mp4,data\preprocessed\features\z_at\kxcCxbsKx3w_003.pt,data\preprocessed\features\z_v\kxcCxbsKx3w_003.pt
kxcCxbsKx3w_005,mosei_real,0,mosei_kxcCxbsKx3w_005,,,-1,1,1,1,D:\Documents\Programming\Thesis_G10\data\raw\CMU-MOSEI\segments\kxcCxbsKx3w_005.mp4,data\preprocessed\features\z_at\kxcCxbsKx3w_005.pt,data\preprocessed\features\z_v\kxcCxbsKx3w_005.pt
kxcCxbsKx3w_006,mosei_real,0,mosei_kxcCxbsKx3w_006,,,-1,1,1,1,D:\Documents\Programming\Thesis_G10\data\raw\CMU-MOSEI\segments\kxcCxbsKx3w_006.mp4,data\preprocessed\features\z_at\kxcCxbsKx3w_006.pt,data\preprocessed\features\z_v\kxcCxbsKx3w_006.pt
kxcCxbsKx3w_008,mosei_real,0,mosei_kxcCxbsKx3w_008,,,-1,1,1,1,D:\Documents\Programming\Thesis_G10\data\raw\CMU-MOSEI\segments\kxcCxbsKx3w_008.mp4,data\preprocessed\features\z_at\kxcCxbsKx3w_008.pt,data\preprocessed\features\z_v\kxcCxbsKx3w_008.pt
ky7Q5onqxGw_002,mosei_real,0,mosei_ky7Q5onqxGw_002,,,-1,1,1,1,D:\Documents\Programming\Thesis_G10\data\raw\CMU-MOSEI\segments\ky7Q5onqxGw_002.mp4,data\preprocessed\features\z_at\ky7Q5onqxGw_002.pt,data\preprocessed\features\z_v\ky7Q5onqxGw_002.pt
kz7ahNfXFsk_000,mosei_real,0,mosei_kz7ahNfXFsk_000,,,-1,1,1,1,D:\Documents\Programming\Thesis_G10\data\raw\CMU-MOSEI\segments\kz7ahNfXFsk_000.mp4,data\preprocessed\features\z_at\kz7ahNfXFsk_000.pt,data\preprocessed\features\z_v\kz7ahNfXFsk_000.pt
l-nM_U1qpko_000,mosei_real,0,mosei_l-nM_U1qpko_000,,,-1,1,1,1,D:\Documents\Programming\Thesis_G10\data\raw\CMU-MOSEI\segments\l-nM_U1qpko_000.mp4,data\preprocessed\features\z_at\l-nM_U1qpko_000.pt,data\preprocessed\features\z_v\l-nM_U1qpko_000.pt
l-nM_U1qpko_001,mosei_real,0,mosei_l-nM_U1qpko_001,,,-1,1,1,1,D:\Documents\Programming\Thesis_G10\data\raw\CMU-MOSEI\segments\l-nM_U1qpko_001.mp4,data\preprocessed\features\z_at\l-nM_U1qpko_001.pt,data\preprocessed\features\z_v\l-nM_U1qpko_001.pt
l-nM_U1qpko_002,mosei_real,0,mosei_l-nM_U1qpko_002,,,-1,1,1,1,D:\Documents\Programming\Thesis_G10\data\raw\CMU-MOSEI\segments\l-nM_U1qpko_002.mp4,data\preprocessed\features\z_at\l-nM_U1qpko_002.pt,data\preprocessed\features\z_v\l-nM_U1qpko_002.pt
l-nM_U1qpko_003,mosei_real,0,mosei_l-nM_U1qpko_003,,,-1,1,1,1,D:\Documents\Programming\Thesis_G10\data\raw\CMU-MOSEI\segments\l-nM_U1qpko_003.mp4,data\preprocessed\features\z_at\l-nM_U1qpko_003.pt,data\preprocessed\features\z_v\l-nM_U1qpko_003.pt
l-nM_U1qpko_004,mosei_real,0,mosei_l-nM_U1qpko_004,,,-1,1,1,1,D:\Documents\Programming\Thesis_G10\data\raw\CMU-MOSEI\segments\l-nM_U1qpko_004.mp4,data\preprocessed\features\z_at\l-nM_U1qpko_004.pt,data\preprocessed\features\z_v\l-nM_U1qpko_004.pt
l-nM_U1qpko_005,mosei_real,0,mosei_l-nM_U1qpko_005,,,-1,1,1,1,D:\Documents\Programming\Thesis_G10\data\raw\CMU-MOSEI\segments\l-nM_U1qpko_005.mp4,data\preprocessed\features\z_at\l-nM_U1qpko_005.pt,data\preprocessed\features\z_v\l-nM_U1qpko_005.pt
l0vCKpk6Aes_000,mosei_real,0,mosei_l0vCKpk6Aes_000,,,-1,1,1,1,D:\Documents\Programming\Thesis_G10\data\raw\CMU-MOSEI\segments\l0vCKpk6Aes_000.mp4,data\preprocessed\features\z_at\l0vCKpk6Aes_000.pt,data\preprocessed\features\z_v\l0vCKpk6Aes_000.pt
l0vCKpk6Aes_001,mosei_real,0,mosei_l0vCKpk6Aes_001,,,-1,1,1,1,D:\Documents\Programming\Thesis_G10\data\raw\CMU-MOSEI\segments\l0vCKpk6Aes_001.mp4,data\preprocessed\features\z_at\l0vCKpk6Aes_001.pt,data\preprocessed\features\z_v\l0vCKpk6Aes_001.pt
l0vCKpk6Aes_003,mosei_real,0,mosei_l0vCKpk6Aes_003,,,-1,1,1,1,D:\Documents\Programming\Thesis_G10\data\raw\CMU-MOSEI\segments\l0vCKpk6Aes_003.mp4,data\preprocessed\features\z_at\l0vCKpk6Aes_003.pt,data\preprocessed\features\z_v\l0vCKpk6Aes_003.pt
l0vCKpk6Aes_005,mosei_real,0,mosei_l0vCKpk6Aes_005,,,-1,1,1,1,D:\Documents\Programming\Thesis_G10\data\raw\CMU-MOSEI\segments\l0vCKpk6Aes_005.mp4,data\preprocessed\features\z_at\l0vCKpk6Aes_005.pt,data\preprocessed\features\z_v\l0vCKpk6Aes_005.pt
l0vCKpk6Aes_007,mosei_real,0,mosei_l0vCKpk6Aes_007,,,-1,1,1,1,D:\Documents\Programming\Thesis_G10\data\raw\CMU-MOSEI\segments\l0vCKpk6Aes_007.mp4,data\preprocessed\features\z_at\l0vCKpk6Aes_007.pt,data\preprocessed\features\z_v\l0vCKpk6Aes_007.pt
l0vCKpk6Aes_009,mosei_real,0,mosei_l0vCKpk6Aes_009,,,-1,1,1,1,D:\Documents\Programming\Thesis_G10\data\raw\CMU-MOSEI\segments\l0vCKpk6Aes_009.mp4,data\preprocessed\features\z_at\l0vCKpk6Aes_009.pt,data\preprocessed\features\z_v\l0vCKpk6Aes_009.pt
l4oMbKDuW3Y_002,mosei_real,0,mosei_l4oMbKDuW3Y_002,,,-1,1,1,1,D:\Documents\Programming\Thesis_G10\data\raw\CMU-MOSEI\segments\l4oMbKDuW3Y_002.mp4,data\preprocessed\features\z_at\l4oMbKDuW3Y_002.pt,data\preprocessed\features\z_v\l4oMbKDuW3Y_002.pt
l5_DDqck4Rs_000,mosei_real,0,mosei_l5_DDqck4Rs_000,,,-1,1,1,1,D:\Documents\Programming\Thesis_G10\data\raw\CMU-MOSEI\segments\l5_DDqck4Rs_000.mp4,data\preprocessed\features\z_at\l5_DDqck4Rs_000.pt,data\preprocessed\features\z_v\l5_DDqck4Rs_000.pt
l8LTcZJ-_8k_000,mosei_real,0,mosei_l8LTcZJ-_8k_000,,,-1,1,1,1,D:\Documents\Programming\Thesis_G10\data\raw\CMU-MOSEI\segments\l8LTcZJ-_8k_000.mp4,data\preprocessed\features\z_at\l8LTcZJ-_8k_000.pt,data\preprocessed\features\z_v\l8LTcZJ-_8k_000.pt
l8LTcZJ-_8k_001,mosei_real,0,mosei_l8LTcZJ-_8k_001,,,-1,1,1,1,D:\Documents\Programming\Thesis_G10\data\raw\CMU-MOSEI\segments\l8LTcZJ-_8k_001.mp4,data\preprocessed\features\z_at\l8LTcZJ-_8k_001.pt,data\preprocessed\features\z_v\l8LTcZJ-_8k_001.pt
l8LTcZJ-_8k_002,mosei_real,0,mosei_l8LTcZJ-_8k_002,,,-1,1,1,1,D:\Documents\Programming\Thesis_G10\data\raw\CMU-MOSEI\segments\l8LTcZJ-_8k_002.mp4,data\preprocessed\features\z_at\l8LTcZJ-_8k_002.pt,data\preprocessed\features\z_v\l8LTcZJ-_8k_002.pt
l8LTcZJ-_8k_003,mosei_real,0,mosei_l8LTcZJ-_8k_003,,,-1,1,1,1,D:\Documents\Programming\Thesis_G10\data\raw\CMU-MOSEI\segments\l8LTcZJ-_8k_003.mp4,data\preprocessed\features\z_at\l8LTcZJ-_8k_003.pt,data\preprocessed\features\z_v\l8LTcZJ-_8k_003.pt
l8LTcZJ-_8k_004,mosei_real,0,mosei_l8LTcZJ-_8k_004,,,-1,1,1,1,D:\Documents\Programming\Thesis_G10\data\raw\CMU-MOSEI\segments\l8LTcZJ-_8k_004.mp4,data\preprocessed\features\z_at\l8LTcZJ-_8k_004.pt,data\preprocessed\features\z_v\l8LTcZJ-_8k_004.pt
l8LTcZJ-_8k_006,mosei_real,0,mosei_l8LTcZJ-_8k_006,,,-1,1,1,1,D:\Documents\Programming\Thesis_G10\data\raw\CMU-MOSEI\segments\l8LTcZJ-_8k_006.mp4,data\preprocessed\features\z_at\l8LTcZJ-_8k_006.pt,data\preprocessed\features\z_v\l8LTcZJ-_8k_006.pt
l8LTcZJ-_8k_008,mosei_real,0,mosei_l8LTcZJ-_8k_008,,,-1,1,1,1,D:\Documents\Programming\Thesis_G10\data\raw\CMU-MOSEI\segments\l8LTcZJ-_8k_008.mp4,data\preprocessed\features\z_at\l8LTcZJ-_8k_008.pt,data\preprocessed\features\z_v\l8LTcZJ-_8k_008.pt
l8LTcZJ-_8k_012,mosei_real,0,mosei_l8LTcZJ-_8k_012,,,-1,1,1,1,D:\Documents\Programming\Thesis_G10\data\raw\CMU-MOSEI\segments\l8LTcZJ-_8k_012.mp4,data\preprocessed\features\z_at\l8LTcZJ-_8k_012.pt,data\preprocessed\features\z_v\l8LTcZJ-_8k_012.pt
l8LTcZJ-_8k_013,mosei_real,0,mosei_l8LTcZJ-_8k_013,,,-1,1,1,1,D:\Documents\Programming\Thesis_G10\data\raw\CMU-MOSEI\segments\l8LTcZJ-_8k_013.mp4,data\preprocessed\features\z_at\l8LTcZJ-_8k_013.pt,data\preprocessed\features\z_v\l8LTcZJ-_8k_013.pt
l8LTcZJ-_8k_015,mosei_real,0,mosei_l8LTcZJ-_8k_015,,,-1,1,1,1,D:\Documents\Programming\Thesis_G10\data\raw\CMU-MOSEI\segments\l8LTcZJ-_8k_015.mp4,data\preprocessed\features\z_at\l8LTcZJ-_8k_015.pt,data\preprocessed\features\z_v\l8LTcZJ-_8k_015.pt
l8LTcZJ-_8k_016,mosei_real,0,mosei_l8LTcZJ-_8k_016,,,-1,1,1,1,D:\Documents\Programming\Thesis_G10\data\raw\CMU-MOSEI\segments\l8LTcZJ-_8k_016.mp4,data\preprocessed\features\z_at\l8LTcZJ-_8k_016.pt,data\preprocessed\features\z_v\l8LTcZJ-_8k_016.pt
l8LTcZJ-_8k_018,mosei_real,0,mosei_l8LTcZJ-_8k_018,,,-1,1,1,1,D:\Documents\Programming\Thesis_G10\data\raw\CMU-MOSEI\segments\l8LTcZJ-_8k_018.mp4,data\preprocessed\features\z_at\l8LTcZJ-_8k_018.pt,data\preprocessed\features\z_v\l8LTcZJ-_8k_018.pt
l8LTcZJ-_8k_020,mosei_real,0,mosei_l8LTcZJ-_8k_020,,,-1,1,1,1,D:\Documents\Programming\Thesis_G10\data\raw\CMU-MOSEI\segments\l8LTcZJ-_8k_020.mp4,data\preprocessed\features\z_at\l8LTcZJ-_8k_020.pt,data\preprocessed\features\z_v\l8LTcZJ-_8k_020.pt
l8LTcZJ-_8k_022,mosei_real,0,mosei_l8LTcZJ-_8k_022,,,-1,1,1,1,D:\Documents\Programming\Thesis_G10\data\raw\CMU-MOSEI\segments\l8LTcZJ-_8k_022.mp4,data\preprocessed\features\z_at\l8LTcZJ-_8k_022.pt,data\preprocessed\features\z_v\l8LTcZJ-_8k_022.pt
lD4xtQ6NpDY_001,mosei_real,0,mosei_lD4xtQ6NpDY_001,,,-1,1,1,1,D:\Documents\Programming\Thesis_G10\data\raw\CMU-MOSEI\segments\lD4xtQ6NpDY_001.mp4,data\preprocessed\features\z_at\lD4xtQ6NpDY_001.pt,data\preprocessed\features\z_v\lD4xtQ6NpDY_001.pt
lD4xtQ6NpDY_003,mosei_real,0,mosei_lD4xtQ6NpDY_003,,,-1,1,1,1,D:\Documents\Programming\Thesis_G10\data\raw\CMU-MOSEI\segments\lD4xtQ6NpDY_003.mp4,data\preprocessed\features\z_at\lD4xtQ6NpDY_003.pt,data\preprocessed\features\z_v\lD4xtQ6NpDY_003.pt
lD4xtQ6NpDY_005,mosei_real,0,mosei_lD4xtQ6NpDY_005,,,-1,1,1,1,D:\Documents\Programming\Thesis_G10\data\raw\CMU-MOSEI\segments\lD4xtQ6NpDY_005.mp4,data\preprocessed\features\z_at\lD4xtQ6NpDY_005.pt,data\preprocessed\features\z_v\lD4xtQ6NpDY_005.pt
lD4xtQ6NpDY_006,mosei_real,0,mosei_lD4xtQ6NpDY_006,,,-1,1,1,1,D:\Documents\Programming\Thesis_G10\data\raw\CMU-MOSEI\segments\lD4xtQ6NpDY_006.mp4,data\preprocessed\features\z_at\lD4xtQ6NpDY_006.pt,data\preprocessed\features\z_v\lD4xtQ6NpDY_006.pt
lD4xtQ6NpDY_007,mosei_real,0,mosei_lD4xtQ6NpDY_007,,,-1,1,1,1,D:\Documents\Programming\Thesis_G10\data\raw\CMU-MOSEI\segments\lD4xtQ6NpDY_007.mp4,data\preprocessed\features\z_at\lD4xtQ6NpDY_007.pt,data\preprocessed\features\z_v\lD4xtQ6NpDY_007.pt
lD4xtQ6NpDY_009,mosei_real,0,mosei_lD4xtQ6NpDY_009,,,-1,1,1,1,D:\Documents\Programming\Thesis_G10\data\raw\CMU-MOSEI\segments\lD4xtQ6NpDY_009.mp4,data\preprocessed\features\z_at\lD4xtQ6NpDY_009.pt,data\preprocessed\features\z_v\lD4xtQ6NpDY_009.pt
lD4xtQ6NpDY_010,mosei_real,0,mosei_lD4xtQ6NpDY_010,,,-1,1,1,1,D:\Documents\Programming\Thesis_G10\data\raw\CMU-MOSEI\segments\lD4xtQ6NpDY_010.mp4,data\preprocessed\features\z_at\lD4xtQ6NpDY_010.pt,data\preprocessed\features\z_v\lD4xtQ6NpDY_010.pt
lD4xtQ6NpDY_011,mosei_real,0,mosei_lD4xtQ6NpDY_011,,,-1,1,1,1,D:\Documents\Programming\Thesis_G10\data\raw\CMU-MOSEI\segments\lD4xtQ6NpDY_011.mp4,data\preprocessed\features\z_at\lD4xtQ6NpDY_011.pt,data\preprocessed\features\z_v\lD4xtQ6NpDY_011.pt
lKTeLK8nq8w_000,mosei_real,0,mosei_lKTeLK8nq8w_000,,,-1,1,1,1,D:\Documents\Programming\Thesis_G10\data\raw\CMU-MOSEI\segments\lKTeLK8nq8w_000.mp4,data\preprocessed\features\z_at\lKTeLK8nq8w_000.pt,data\preprocessed\features\z_v\lKTeLK8nq8w_000.pt
lKTeLK8nq8w_001,mosei_real,0,mosei_lKTeLK8nq8w_001,,,-1,1,1,1,D:\Documents\Programming\Thesis_G10\data\raw\CMU-MOSEI\segments\lKTeLK8nq8w_001.mp4,data\preprocessed\features\z_at\lKTeLK8nq8w_001.pt,data\preprocessed\features\z_v\lKTeLK8nq8w_001.pt
lKTeLK8nq8w_002,mosei_real,0,mosei_lKTeLK8nq8w_002,,,-1,1,1,1,D:\Documents\Programming\Thesis_G10\data\raw\CMU-MOSEI\segments\lKTeLK8nq8w_002.mp4,data\preprocessed\features\z_at\lKTeLK8nq8w_002.pt,data\preprocessed\features\z_v\lKTeLK8nq8w_002.pt
lKTeLK8nq8w_003,mosei_real,0,mosei_lKTeLK8nq8w_003,,,-1,1,1,1,D:\Documents\Programming\Thesis_G10\data\raw\CMU-MOSEI\segments\lKTeLK8nq8w_003.mp4,data\preprocessed\features\z_at\lKTeLK8nq8w_003.pt,data\preprocessed\features\z_v\lKTeLK8nq8w_003.pt
lKTeLK8nq8w_004,mosei_real,0,mosei_lKTeLK8nq8w_004,,,-1,1,1,1,D:\Documents\Programming\Thesis_G10\data\raw\CMU-MOSEI\segments\lKTeLK8nq8w_004.mp4,data\preprocessed\features\z_at\lKTeLK8nq8w_004.pt,data\preprocessed\features\z_v\lKTeLK8nq8w_004.pt
lKTeLK8nq8w_005,mosei_real,0,mosei_lKTeLK8nq8w_005,,,-1,1,1,1,D:\Documents\Programming\Thesis_G10\data\raw\CMU-MOSEI\segments\lKTeLK8nq8w_005.mp4,data\preprocessed\features\z_at\lKTeLK8nq8w_005.pt,data\preprocessed\features\z_v\lKTeLK8nq8w_005.pt
lKTeLK8nq8w_006,mosei_real,0,mosei_lKTeLK8nq8w_006,,,-1,1,1,1,D:\Documents\Programming\Thesis_G10\data\raw\CMU-MOSEI\segments\lKTeLK8nq8w_006.mp4,data\preprocessed\features\z_at\lKTeLK8nq8w_006.pt,data\preprocessed\features\z_v\lKTeLK8nq8w_006.pt
lKTeLK8nq8w_008,mosei_real,0,mosei_lKTeLK8nq8w_008,,,-1,1,1,1,D:\Documents\Programming\Thesis_G10\data\raw\CMU-MOSEI\segments\lKTeLK8nq8w_008.mp4,data\preprocessed\features\z_at\lKTeLK8nq8w_008.pt,data\preprocessed\features\z_v\lKTeLK8nq8w_008.pt
lO87-4Kf0cQ_000,mosei_real,0,mosei_lO87-4Kf0cQ_000,,,-1,1,1,1,D:\Documents\Programming\Thesis_G10\data\raw\CMU-MOSEI\segments\lO87-4Kf0cQ_000.mp4,data\preprocessed\features\z_at\lO87-4Kf0cQ_000.pt,data\preprocessed\features\z_v\lO87-4Kf0cQ_000.pt
lO87-4Kf0cQ_001,mosei_real,0,mosei_lO87-4Kf0cQ_001,,,-1,1,1,1,D:\Documents\Programming\Thesis_G10\data\raw\CMU-MOSEI\segments\lO87-4Kf0cQ_001.mp4,data\preprocessed\features\z_at\lO87-4Kf0cQ_001.pt,data\preprocessed\features\z_v\lO87-4Kf0cQ_001.pt
lO87-4Kf0cQ_002,mosei_real,0,mosei_lO87-4Kf0cQ_002,,,-1,1,1,1,D:\Documents\Programming\Thesis_G10\data\raw\CMU-MOSEI\segments\lO87-4Kf0cQ_002.mp4,data\preprocessed\features\z_at\lO87-4Kf0cQ_002.pt,data\preprocessed\features\z_v\lO87-4Kf0cQ_002.pt
lO87-4Kf0cQ_004,mosei_real,0,mosei_lO87-4Kf0cQ_004,,,-1,1,1,1,D:\Documents\Programming\Thesis_G10\data\raw\CMU-MOSEI\segments\lO87-4Kf0cQ_004.mp4,data\preprocessed\features\z_at\lO87-4Kf0cQ_004.pt,data\preprocessed\features\z_v\lO87-4Kf0cQ_004.pt
lTfsqoo-jKg_000,mosei_real,0,mosei_lTfsqoo-jKg_000,,,-1,1,1,1,D:\Documents\Programming\Thesis_G10\data\raw\CMU-MOSEI\segments\lTfsqoo-jKg_000.mp4,data\preprocessed\features\z_at\lTfsqoo-jKg_000.pt,data\preprocessed\features\z_v\lTfsqoo-jKg_000.pt
lTfsqoo-jKg_003,mosei_real,0,mosei_lTfsqoo-jKg_003,,,-1,1,1,1,D:\Documents\Programming\Thesis_G10\data\raw\CMU-MOSEI\segments\lTfsqoo-jKg_003.mp4,data\preprocessed\features\z_at\lTfsqoo-jKg_003.pt,data\preprocessed\features\z_v\lTfsqoo-jKg_003.pt
lTfsqoo-jKg_004,mosei_real,0,mosei_lTfsqoo-jKg_004,,,-1,1,1,1,D:\Documents\Programming\Thesis_G10\data\raw\CMU-MOSEI\segments\lTfsqoo-jKg_004.mp4,data\preprocessed\features\z_at\lTfsqoo-jKg_004.pt,data\preprocessed\features\z_v\lTfsqoo-jKg_004.pt
lTfsqoo-jKg_008,mosei_real,0,mosei_lTfsqoo-jKg_008,,,-1,1,1,1,D:\Documents\Programming\Thesis_G10\data\raw\CMU-MOSEI\segments\lTfsqoo-jKg_008.mp4,data\preprocessed\features\z_at\lTfsqoo-jKg_008.pt,data\preprocessed\features\z_v\lTfsqoo-jKg_008.pt
lTfsqoo-jKg_009,mosei_real,0,mosei_lTfsqoo-jKg_009,,,-1,1,1,1,D:\Documents\Programming\Thesis_G10\data\raw\CMU-MOSEI\segments\lTfsqoo-jKg_009.mp4,data\preprocessed\features\z_at\lTfsqoo-jKg_009.pt,data\preprocessed\features\z_v\lTfsqoo-jKg_009.pt
lWvaIexY2WU_000,mosei_real,0,mosei_lWvaIexY2WU_000,,,-1,1,1,1,D:\Documents\Programming\Thesis_G10\data\raw\CMU-MOSEI\segments\lWvaIexY2WU_000.mp4,data\preprocessed\features\z_at\lWvaIexY2WU_000.pt,data\preprocessed\features\z_v\lWvaIexY2WU_000.pt
lWvaIexY2WU_001,mosei_real,0,mosei_lWvaIexY2WU_001,,,-1,1,1,1,D:\Documents\Programming\Thesis_G10\data\raw\CMU-MOSEI\segments\lWvaIexY2WU_001.mp4,data\preprocessed\features\z_at\lWvaIexY2WU_001.pt,data\preprocessed\features\z_v\lWvaIexY2WU_001.pt
lYwgLa4R5XQ_000,mosei_real,0,mosei_lYwgLa4R5XQ_000,,,-1,1,1,1,D:\Documents\Programming\Thesis_G10\data\raw\CMU-MOSEI\segments\lYwgLa4R5XQ_000.mp4,data\preprocessed\features\z_at\lYwgLa4R5XQ_000.pt,data\preprocessed\features\z_v\lYwgLa4R5XQ_000.pt
lYwgLa4R5XQ_002,mosei_real,0,mosei_lYwgLa4R5XQ_002,,,-1,1,1,1,D:\Documents\Programming\Thesis_G10\data\raw\CMU-MOSEI\segments\lYwgLa4R5XQ_002.mp4,data\preprocessed\features\z_at\lYwgLa4R5XQ_002.pt,data\preprocessed\features\z_v\lYwgLa4R5XQ_002.pt
lYwgLa4R5XQ_003,mosei_real,0,mosei_lYwgLa4R5XQ_003,,,-1,1,1,1,D:\Documents\Programming\Thesis_G10\data\raw\CMU-MOSEI\segments\lYwgLa4R5XQ_003.mp4,data\preprocessed\features\z_at\lYwgLa4R5XQ_003.pt,data\preprocessed\features\z_v\lYwgLa4R5XQ_003.pt
lYwgLa4R5XQ_004,mosei_real,0,mosei_lYwgLa4R5XQ_004,,,-1,1,1,1,D:\Documents\Programming\Thesis_G10\data\raw\CMU-MOSEI\segments\lYwgLa4R5XQ_004.mp4,data\preprocessed\features\z_at\lYwgLa4R5XQ_004.pt,data\preprocessed\features\z_v\lYwgLa4R5XQ_004.pt
lYwgLa4R5XQ_005,mosei_real,0,mosei_lYwgLa4R5XQ_005,,,-1,1,1,1,D:\Documents\Programming\Thesis_G10\data\raw\CMU-MOSEI\segments\lYwgLa4R5XQ_005.mp4,data\preprocessed\features\z_at\lYwgLa4R5XQ_005.pt,data\preprocessed\features\z_v\lYwgLa4R5XQ_005.pt
lYwgLa4R5XQ_006,mosei_real,0,mosei_lYwgLa4R5XQ_006,,,-1,1,1,1,D:\Documents\Programming\Thesis_G10\data\raw\CMU-MOSEI\segments\lYwgLa4R5XQ_006.mp4,data\preprocessed\features\z_at\lYwgLa4R5XQ_006.pt,data\preprocessed\features\z_v\lYwgLa4R5XQ_006.pt
lYwgLa4R5XQ_007,mosei_real,0,mosei_lYwgLa4R5XQ_007,,,-1,1,1,1,D:\Documents\Programming\Thesis_G10\data\raw\CMU-MOSEI\segments\lYwgLa4R5XQ_007.mp4,data\preprocessed\features\z_at\lYwgLa4R5XQ_007.pt,data\preprocessed\features\z_v\lYwgLa4R5XQ_007.pt
lYwgLa4R5XQ_008,mosei_real,0,mosei_lYwgLa4R5XQ_008,,,-1,1,1,1,D:\Documents\Programming\Thesis_G10\data\raw\CMU-MOSEI\segments\lYwgLa4R5XQ_008.mp4,data\preprocessed\features\z_at\lYwgLa4R5XQ_008.pt,data\preprocessed\features\z_v\lYwgLa4R5XQ_008.pt
lYwgLa4R5XQ_009,mosei_real,0,mosei_lYwgLa4R5XQ_009,,,-1,1,1,1,D:\Documents\Programming\Thesis_G10\data\raw\CMU-MOSEI\segments\lYwgLa4R5XQ_009.mp4,data\preprocessed\features\z_at\lYwgLa4R5XQ_009.pt,data\preprocessed\features\z_v\lYwgLa4R5XQ_009.pt
lawHYX5eB20_000,mosei_real,0,mosei_lawHYX5eB20_000,,,-1,1,1,1,D:\Documents\Programming\Thesis_G10\data\raw\CMU-MOSEI\segments\lawHYX5eB20_000.mp4,data\preprocessed\features\z_at\lawHYX5eB20_000.pt,data\preprocessed\features\z_v\lawHYX5eB20_000.pt
laxadgca3Fo_000,mosei_real,0,mosei_laxadgca3Fo_000,,,-1,1,1,1,D:\Documents\Programming\Thesis_G10\data\raw\CMU-MOSEI\segments\laxadgca3Fo_000.mp4,data\preprocessed\features\z_at\laxadgca3Fo_000.pt,data\preprocessed\features\z_v\laxadgca3Fo_000.pt
lbx3eu8LUl8_000,mosei_real,0,mosei_lbx3eu8LUl8_000,,,-1,1,1,1,D:\Documents\Programming\Thesis_G10\data\raw\CMU-MOSEI\segments\lbx3eu8LUl8_000.mp4,data\preprocessed\features\z_at\lbx3eu8LUl8_000.pt,data\preprocessed\features\z_v\lbx3eu8LUl8_000.pt
lbx3eu8LUl8_001,mosei_real,0,mosei_lbx3eu8LUl8_001,,,-1,1,1,1,D:\Documents\Programming\Thesis_G10\data\raw\CMU-MOSEI\segments\lbx3eu8LUl8_001.mp4,data\preprocessed\features\z_at\lbx3eu8LUl8_001.pt,data\preprocessed\features\z_v\lbx3eu8LUl8_001.pt
lc5bSoGlQwY_002,mosei_real,0,mosei_lc5bSoGlQwY_002,,,-1,1,1,1,D:\Documents\Programming\Thesis_G10\data\raw\CMU-MOSEI\segments\lc5bSoGlQwY_002.mp4,data\preprocessed\features\z_at\lc5bSoGlQwY_002.pt,data\preprocessed\features\z_v\lc5bSoGlQwY_002.pt
lc5bSoGlQwY_003,mosei_real,0,mosei_lc5bSoGlQwY_003,,,-1,1,1,1,D:\Documents\Programming\Thesis_G10\data\raw\CMU-MOSEI\segments\lc5bSoGlQwY_003.mp4,data\preprocessed\features\z_at\lc5bSoGlQwY_003.pt,data\preprocessed\features\z_v\lc5bSoGlQwY_003.pt
lc5bSoGlQwY_004,mosei_real,0,mosei_lc5bSoGlQwY_004,,,-1,1,1,1,D:\Documents\Programming\Thesis_G10\data\raw\CMU-MOSEI\segments\lc5bSoGlQwY_004.mp4,data\preprocessed\features\z_at\lc5bSoGlQwY_004.pt,data\preprocessed\features\z_v\lc5bSoGlQwY_004.pt
liJO1yIFsJs_000,mosei_real,0,mosei_liJO1yIFsJs_000,,,-1,1,1,1,D:\Documents\Programming\Thesis_G10\data\raw\CMU-MOSEI\segments\liJO1yIFsJs_000.mp4,data\preprocessed\features\z_at\liJO1yIFsJs_000.pt,data\preprocessed\features\z_v\liJO1yIFsJs_000.pt
lkIe41StoGI_000,mosei_real,0,mosei_lkIe41StoGI_000,,,-1,1,1,1,D:\Documents\Programming\Thesis_G10\data\raw\CMU-MOSEI\segments\lkIe41StoGI_000.mp4,data\preprocessed\features\z_at\lkIe41StoGI_000.pt,data\preprocessed\features\z_v\lkIe41StoGI_000.pt
lkIe41StoGI_002,mosei_real,0,mosei_lkIe41StoGI_002,,,-1,1,1,1,D:\Documents\Programming\Thesis_G10\data\raw\CMU-MOSEI\segments\lkIe41StoGI_002.mp4,data\preprocessed\features\z_at\lkIe41StoGI_002.pt,data\preprocessed\features\z_v\lkIe41StoGI_002.pt
lkIe41StoGI_003,mosei_real,0,mosei_lkIe41StoGI_003,,,-1,1,1,1,D:\Documents\Programming\Thesis_G10\data\raw\CMU-MOSEI\segments\lkIe41StoGI_003.mp4,data\preprocessed\features\z_at\lkIe41StoGI_003.pt,data\preprocessed\features\z_v\lkIe41StoGI_003.pt
lkIe41StoGI_004,mosei_real,0,mosei_lkIe41StoGI_004,,,-1,1,1,1,D:\Documents\Programming\Thesis_G10\data\raw\CMU-MOSEI\segments\lkIe41StoGI_004.mp4,data\preprocessed\features\z_at\lkIe41StoGI_004.pt,data\preprocessed\features\z_v\lkIe41StoGI_004.pt
lkIe41StoGI_005,mosei_real,0,mosei_lkIe41StoGI_005,,,-1,1,1,1,D:\Documents\Programming\Thesis_G10\data\raw\CMU-MOSEI\segments\lkIe41StoGI_005.mp4,data\preprocessed\features\z_at\lkIe41StoGI_005.pt,data\preprocessed\features\z_v\lkIe41StoGI_005.pt
lkIe41StoGI_007,mosei_real,0,mosei_lkIe41StoGI_007,,,-1,1,1,1,D:\Documents\Programming\Thesis_G10\data\raw\CMU-MOSEI\segments\lkIe41StoGI_007.mp4,data\preprocessed\features\z_at\lkIe41StoGI_007.pt,data\preprocessed\features\z_v\lkIe41StoGI_007.pt
lkIe41StoGI_008,mosei_real,0,mosei_lkIe41StoGI_008,,,-1,1,1,1,D:\Documents\Programming\Thesis_G10\data\raw\CMU-MOSEI\segments\lkIe41StoGI_008.mp4,data\preprocessed\features\z_at\lkIe41StoGI_008.pt,data\preprocessed\features\z_v\lkIe41StoGI_008.pt
lkIe41StoGI_009,mosei_real,0,mosei_lkIe41StoGI_009,,,-1,1,1,1,D:\Documents\Programming\Thesis_G10\data\raw\CMU-MOSEI\segments\lkIe41StoGI_009.mp4,data\preprocessed\features\z_at\lkIe41StoGI_009.pt,data\preprocessed\features\z_v\lkIe41StoGI_009.pt
lkeVfgI0eEk_000,mosei_real,0,mosei_lkeVfgI0eEk_000,,,-1,1,1,1,D:\Documents\Programming\Thesis_G10\data\raw\CMU-MOSEI\segments\lkeVfgI0eEk_000.mp4,data\preprocessed\features\z_at\lkeVfgI0eEk_000.pt,data\preprocessed\features\z_v\lkeVfgI0eEk_000.pt
lkeVfgI0eEk_001,mosei_real,0,mosei_lkeVfgI0eEk_001,,,-1,1,1,1,D:\Documents\Programming\Thesis_G10\data\raw\CMU-MOSEI\segments\lkeVfgI0eEk_001.mp4,data\preprocessed\features\z_at\lkeVfgI0eEk_001.pt,data\preprocessed\features\z_v\lkeVfgI0eEk_001.pt
lkeVfgI0eEk_002,mosei_real,0,mosei_lkeVfgI0eEk_002,,,-1,1,1,1,D:\Documents\Programming\Thesis_G10\data\raw\CMU-MOSEI\segments\lkeVfgI0eEk_002.mp4,data\preprocessed\features\z_at\lkeVfgI0eEk_002.pt,data\preprocessed\features\z_v\lkeVfgI0eEk_002.pt
lkeVfgI0eEk_003,mosei_real,0,mosei_lkeVfgI0eEk_003,,,-1,1,1,1,D:\Documents\Programming\Thesis_G10\data\raw\CMU-MOSEI\segments\lkeVfgI0eEk_003.mp4,data\preprocessed\features\z_at\lkeVfgI0eEk_003.pt,data\preprocessed\features\z_v\lkeVfgI0eEk_003.pt
lkeVfgI0eEk_004,mosei_real,0,mosei_lkeVfgI0eEk_004,,,-1,1,1,1,D:\Documents\Programming\Thesis_G10\data\raw\CMU-MOSEI\segments\lkeVfgI0eEk_004.mp4,data\preprocessed\features\z_at\lkeVfgI0eEk_004.pt,data\preprocessed\features\z_v\lkeVfgI0eEk_004.pt
lkeVfgI0eEk_005,mosei_real,0,mosei_lkeVfgI0eEk_005,,,-1,1,1,1,D:\Documents\Programming\Thesis_G10\data\raw\CMU-MOSEI\segments\lkeVfgI0eEk_005.mp4,data\preprocessed\features\z_at\lkeVfgI0eEk_005.pt,data\preprocessed\features\z_v\lkeVfgI0eEk_005.pt
lkeVfgI0eEk_006,mosei_real,0,mosei_lkeVfgI0eEk_006,,,-1,1,1,1,D:\Documents\Programming\Thesis_G10\data\raw\CMU-MOSEI\segments\lkeVfgI0eEk_006.mp4,data\preprocessed\features\z_at\lkeVfgI0eEk_006.pt,data\preprocessed\features\z_v\lkeVfgI0eEk_006.pt
lkeVfgI0eEk_007,mosei_real,0,mosei_lkeVfgI0eEk_007,,,-1,1,1,1,D:\Documents\Programming\Thesis_G10\data\raw\CMU-MOSEI\segments\lkeVfgI0eEk_007.mp4,data\preprocessed\features\z_at\lkeVfgI0eEk_007.pt,data\preprocessed\features\z_v\lkeVfgI0eEk_007.pt
lksy-At0vxc_000,mosei_real,0,mosei_lksy-At0vxc_000,,,-1,1,1,1,D:\Documents\Programming\Thesis_G10\data\raw\CMU-MOSEI\segments\lksy-At0vxc_000.mp4,data\preprocessed\features\z_at\lksy-At0vxc_000.pt,data\preprocessed\features\z_v\lksy-At0vxc_000.pt
ll10nEjTvGE_000,mosei_real,0,mosei_ll10nEjTvGE_000,,,-1,1,1,1,D:\Documents\Programming\Thesis_G10\data\raw\CMU-MOSEI\segments\ll10nEjTvGE_000.mp4,data\preprocessed\features\z_at\ll10nEjTvGE_000.pt,data\preprocessed\features\z_v\ll10nEjTvGE_000.pt
ll10nEjTvGE_004,mosei_real,0,mosei_ll10nEjTvGE_004,,,-1,1,1,1,D:\Documents\Programming\Thesis_G10\data\raw\CMU-MOSEI\segments\ll10nEjTvGE_004.mp4,data\preprocessed\features\z_at\ll10nEjTvGE_004.pt,data\preprocessed\features\z_v\ll10nEjTvGE_004.pt
lo0R1mvjDT8_001,mosei_real,0,mosei_lo0R1mvjDT8_001,,,-1,1,1,1,D:\Documents\Programming\Thesis_G10\data\raw\CMU-MOSEI\segments\lo0R1mvjDT8_001.mp4,data\preprocessed\features\z_at\lo0R1mvjDT8_001.pt,data\preprocessed\features\z_v\lo0R1mvjDT8_001.pt
lo0R1mvjDT8_004,mosei_real,0,mosei_lo0R1mvjDT8_004,,,-1,1,1,1,D:\Documents\Programming\Thesis_G10\data\raw\CMU-MOSEI\segments\lo0R1mvjDT8_004.mp4,data\preprocessed\features\z_at\lo0R1mvjDT8_004.pt,data\preprocessed\features\z_v\lo0R1mvjDT8_004.pt
lp9vkkimXqg_000,mosei_real,0,mosei_lp9vkkimXqg_000,,,-1,1,1,1,D:\Documents\Programming\Thesis_G10\data\raw\CMU-MOSEI\segments\lp9vkkimXqg_000.mp4,data\preprocessed\features\z_at\lp9vkkimXqg_000.pt,data\preprocessed\features\z_v\lp9vkkimXqg_000.pt
lp9vkkimXqg_003,mosei_real,0,mosei_lp9vkkimXqg_003,,,-1,1,1,1,D:\Documents\Programming\Thesis_G10\data\raw\CMU-MOSEI\segments\lp9vkkimXqg_003.mp4,data\preprocessed\features\z_at\lp9vkkimXqg_003.pt,data\preprocessed\features\z_v\lp9vkkimXqg_003.pt
lp9vkkimXqg_004,mosei_real,0,mosei_lp9vkkimXqg_004,,,-1,1,1,1,D:\Documents\Programming\Thesis_G10\data\raw\CMU-MOSEI\segments\lp9vkkimXqg_004.mp4,data\preprocessed\features\z_at\lp9vkkimXqg_004.pt,data\preprocessed\features\z_v\lp9vkkimXqg_004.pt
lp9vkkimXqg_006,mosei_real,0,mosei_lp9vkkimXqg_006,,,-1,1,1,1,D:\Documents\Programming\Thesis_G10\data\raw\CMU-MOSEI\segments\lp9vkkimXqg_006.mp4,data\preprocessed\features\z_at\lp9vkkimXqg_006.pt,data\preprocessed\features\z_v\lp9vkkimXqg_006.pt
lp9vkkimXqg_008,mosei_real,0,mosei_lp9vkkimXqg_008,,,-1,1,1,1,D:\Documents\Programming\Thesis_G10\data\raw\CMU-MOSEI\segments\lp9vkkimXqg_008.mp4,data\preprocessed\features\z_at\lp9vkkimXqg_008.pt,data\preprocessed\features\z_v\lp9vkkimXqg_008.pt
lp9vkkimXqg_010,mosei_real,0,mosei_lp9vkkimXqg_010,,,-1,1,1,1,D:\Documents\Programming\Thesis_G10\data\raw\CMU-MOSEI\segments\lp9vkkimXqg_010.mp4,data\preprocessed\features\z_at\lp9vkkimXqg_010.pt,data\preprocessed\features\z_v\lp9vkkimXqg_010.pt
lp9vkkimXqg_014,mosei_real,0,mosei_lp9vkkimXqg_014,,,-1,1,1,1,D:\Documents\Programming\Thesis_G10\data\raw\CMU-MOSEI\segments\lp9vkkimXqg_014.mp4,data\preprocessed\features\z_at\lp9vkkimXqg_014.pt,data\preprocessed\features\z_v\lp9vkkimXqg_014.pt
lp9vkkimXqg_016,mosei_real,0,mosei_lp9vkkimXqg_016,,,-1,1,1,1,D:\Documents\Programming\Thesis_G10\data\raw\CMU-MOSEI\segments\lp9vkkimXqg_016.mp4,data\preprocessed\features\z_at\lp9vkkimXqg_016.pt,data\preprocessed\features\z_v\lp9vkkimXqg_016.pt
lp9vkkimXqg_017,mosei_real,0,mosei_lp9vkkimXqg_017,,,-1,1,1,1,D:\Documents\Programming\Thesis_G10\data\raw\CMU-MOSEI\segments\lp9vkkimXqg_017.mp4,data\preprocessed\features\z_at\lp9vkkimXqg_017.pt,data\preprocessed\features\z_v\lp9vkkimXqg_017.pt
lpF-yBYou0s_000,mosei_real,0,mosei_lpF-yBYou0s_000,,,-1,1,1,1,D:\Documents\Programming\Thesis_G10\data\raw\CMU-MOSEI\segments\lpF-yBYou0s_000.mp4,data\preprocessed\features\z_at\lpF-yBYou0s_000.pt,data\preprocessed\features\z_v\lpF-yBYou0s_000.pt
lpF-yBYou0s_002,mosei_real,0,mosei_lpF-yBYou0s_002,,,-1,1,1,1,D:\Documents\Programming\Thesis_G10\data\raw\CMU-MOSEI\segments\lpF-yBYou0s_002.mp4,data\preprocessed\features\z_at\lpF-yBYou0s_002.pt,data\preprocessed\features\z_v\lpF-yBYou0s_002.pt
lpF-yBYou0s_003,mosei_real,0,mosei_lpF-yBYou0s_003,,,-1,1,1,1,D:\Documents\Programming\Thesis_G10\data\raw\CMU-MOSEI\segments\lpF-yBYou0s_003.mp4,data\preprocessed\features\z_at\lpF-yBYou0s_003.pt,data\preprocessed\features\z_v\lpF-yBYou0s_003.pt
lwL4hjhkid4_000,mosei_real,0,mosei_lwL4hjhkid4_000,,,-1,1,1,1,D:\Documents\Programming\Thesis_G10\data\raw\CMU-MOSEI\segments\lwL4hjhkid4_000.mp4,data\preprocessed\features\z_at\lwL4hjhkid4_000.pt,data\preprocessed\features\z_v\lwL4hjhkid4_000.pt
lwL4hjhkid4_001,mosei_real,0,mosei_lwL4hjhkid4_001,,,-1,1,1,1,D:\Documents\Programming\Thesis_G10\data\raw\CMU-MOSEI\segments\lwL4hjhkid4_001.mp4,data\preprocessed\features\z_at\lwL4hjhkid4_001.pt,data\preprocessed\features\z_v\lwL4hjhkid4_001.pt
lwL4hjhkid4_003,mosei_real,0,mosei_lwL4hjhkid4_003,,,-1,1,1,1,D:\Documents\Programming\Thesis_G10\data\raw\CMU-MOSEI\segments\lwL4hjhkid4_003.mp4,data\preprocessed\features\z_at\lwL4hjhkid4_003.pt,data\preprocessed\features\z_v\lwL4hjhkid4_003.pt
lwL4hjhkid4_004,mosei_real,0,mosei_lwL4hjhkid4_004,,,-1,1,1,1,D:\Documents\Programming\Thesis_G10\data\raw\CMU-MOSEI\segments\lwL4hjhkid4_004.mp4,data\preprocessed\features\z_at\lwL4hjhkid4_004.pt,data\preprocessed\features\z_v\lwL4hjhkid4_004.pt
lxBKEPIUSgc_000,mosei_real,0,mosei_lxBKEPIUSgc_000,,,-1,1,1,1,D:\Documents\Programming\Thesis_G10\data\raw\CMU-MOSEI\segments\lxBKEPIUSgc_000.mp4,data\preprocessed\features\z_at\lxBKEPIUSgc_000.pt,data\preprocessed\features\z_v\lxBKEPIUSgc_000.pt
lzVA--tIse0_000,mosei_real,0,mosei_lzVA--tIse0_000,,,-1,1,1,1,D:\Documents\Programming\Thesis_G10\data\raw\CMU-MOSEI\segments\lzVA--tIse0_000.mp4,data\preprocessed\features\z_at\lzVA--tIse0_000.pt,data\preprocessed\features\z_v\lzVA--tIse0_000.pt
lzyVWNrkgbQ_002,mosei_real,0,mosei_lzyVWNrkgbQ_002,,,-1,1,1,1,D:\Documents\Programming\Thesis_G10\data\raw\CMU-MOSEI\segments\lzyVWNrkgbQ_002.mp4,data\preprocessed\features\z_at\lzyVWNrkgbQ_002.pt,data\preprocessed\features\z_v\lzyVWNrkgbQ_002.pt
m-7yRWZLwLY_002,mosei_real,0,mosei_m-7yRWZLwLY_002,,,-1,1,1,1,D:\Documents\Programming\Thesis_G10\data\raw\CMU-MOSEI\segments\m-7yRWZLwLY_002.mp4,data\preprocessed\features\z_at\m-7yRWZLwLY_002.pt,data\preprocessed\features\z_v\m-7yRWZLwLY_002.pt
m-7yRWZLwLY_003,mosei_real,0,mosei_m-7yRWZLwLY_003,,,-1,1,1,1,D:\Documents\Programming\Thesis_G10\data\raw\CMU-MOSEI\segments\m-7yRWZLwLY_003.mp4,data\preprocessed\features\z_at\m-7yRWZLwLY_003.pt,data\preprocessed\features\z_v\m-7yRWZLwLY_003.pt
m7SJs73SF8w_001,mosei_real,0,mosei_m7SJs73SF8w_001,,,-1,1,1,1,D:\Documents\Programming\Thesis_G10\data\raw\CMU-MOSEI\segments\m7SJs73SF8w_001.mp4,data\preprocessed\features\z_at\m7SJs73SF8w_001.pt,data\preprocessed\features\z_v\m7SJs73SF8w_001.pt
m8tzdtrgFUA_001,mosei_real,0,mosei_m8tzdtrgFUA_001,,,-1,1,1,1,D:\Documents\Programming\Thesis_G10\data\raw\CMU-MOSEI\segments\m8tzdtrgFUA_001.mp4,data\preprocessed\features\z_at\m8tzdtrgFUA_001.pt,data\preprocessed\features\z_v\m8tzdtrgFUA_001.pt
m8tzdtrgFUA_002,mosei_real,0,mosei_m8tzdtrgFUA_002,,,-1,1,1,1,D:\Documents\Programming\Thesis_G10\data\raw\CMU-MOSEI\segments\m8tzdtrgFUA_002.mp4,data\preprocessed\features\z_at\m8tzdtrgFUA_002.pt,data\preprocessed\features\z_v\m8tzdtrgFUA_002.pt
m8tzdtrgFUA_003,mosei_real,0,mosei_m8tzdtrgFUA_003,,,-1,1,1,1,D:\Documents\Programming\Thesis_G10\data\raw\CMU-MOSEI\segments\m8tzdtrgFUA_003.mp4,data\preprocessed\features\z_at\m8tzdtrgFUA_003.pt,data\preprocessed\features\z_v\m8tzdtrgFUA_003.pt
m8tzdtrgFUA_004,mosei_real,0,mosei_m8tzdtrgFUA_004,,,-1,1,1,1,D:\Documents\Programming\Thesis_G10\data\raw\CMU-MOSEI\segments\m8tzdtrgFUA_004.mp4,data\preprocessed\features\z_at\m8tzdtrgFUA_004.pt,data\preprocessed\features\z_v\m8tzdtrgFUA_004.pt
m8tzdtrgFUA_005,mosei_real,0,mosei_m8tzdtrgFUA_005,,,-1,1,1,1,D:\Documents\Programming\Thesis_G10\data\raw\CMU-MOSEI\segments\m8tzdtrgFUA_005.mp4,data\preprocessed\features\z_at\m8tzdtrgFUA_005.pt,data\preprocessed\features\z_v\m8tzdtrgFUA_005.pt
m8tzdtrgFUA_007,mosei_real,0,mosei_m8tzdtrgFUA_007,,,-1,1,1,1,D:\Documents\Programming\Thesis_G10\data\raw\CMU-MOSEI\segments\m8tzdtrgFUA_007.mp4,data\preprocessed\features\z_at\m8tzdtrgFUA_007.pt,data\preprocessed\features\z_v\m8tzdtrgFUA_007.pt
m8tzdtrgFUA_009,mosei_real,0,mosei_m8tzdtrgFUA_009,,,-1,1,1,1,D:\Documents\Programming\Thesis_G10\data\raw\CMU-MOSEI\segments\m8tzdtrgFUA_009.mp4,data\preprocessed\features\z_at\m8tzdtrgFUA_009.pt,data\preprocessed\features\z_v\m8tzdtrgFUA_009.pt
mHGaQ_nv9UY_000,mosei_real,0,mosei_mHGaQ_nv9UY_000,,,-1,1,1,1,D:\Documents\Programming\Thesis_G10\data\raw\CMU-MOSEI\segments\mHGaQ_nv9UY_000.mp4,data\preprocessed\features\z_at\mHGaQ_nv9UY_000.pt,data\preprocessed\features\z_v\mHGaQ_nv9UY_000.pt
mHGaQ_nv9UY_003,mosei_real,0,mosei_mHGaQ_nv9UY_003,,,-1,1,1,1,D:\Documents\Programming\Thesis_G10\data\raw\CMU-MOSEI\segments\mHGaQ_nv9UY_003.mp4,data\preprocessed\features\z_at\mHGaQ_nv9UY_003.pt,data\preprocessed\features\z_v\mHGaQ_nv9UY_003.pt
mHGaQ_nv9UY_017,mosei_real,0,mosei_mHGaQ_nv9UY_017,,,-1,1,1,1,D:\Documents\Programming\Thesis_G10\data\raw\CMU-MOSEI\segments\mHGaQ_nv9UY_017.mp4,data\preprocessed\features\z_at\mHGaQ_nv9UY_017.pt,data\preprocessed\features\z_v\mHGaQ_nv9UY_017.pt
mI50zj8cTNw_000,mosei_real,0,mosei_mI50zj8cTNw_000,,,-1,1,1,1,D:\Documents\Programming\Thesis_G10\data\raw\CMU-MOSEI\segments\mI50zj8cTNw_000.mp4,data\preprocessed\features\z_at\mI50zj8cTNw_000.pt,data\preprocessed\features\z_v\mI50zj8cTNw_000.pt
mI50zj8cTNw_002,mosei_real,0,mosei_mI50zj8cTNw_002,,,-1,1,1,1,D:\Documents\Programming\Thesis_G10\data\raw\CMU-MOSEI\segments\mI50zj8cTNw_002.mp4,data\preprocessed\features\z_at\mI50zj8cTNw_002.pt,data\preprocessed\features\z_v\mI50zj8cTNw_002.pt
mKP6TVuixWg_001,mosei_real,0,mosei_mKP6TVuixWg_001,,,-1,1,1,1,D:\Documents\Programming\Thesis_G10\data\raw\CMU-MOSEI\segments\mKP6TVuixWg_001.mp4,data\preprocessed\features\z_at\mKP6TVuixWg_001.pt,data\preprocessed\features\z_v\mKP6TVuixWg_001.pt
mKP6TVuixWg_002,mosei_real,0,mosei_mKP6TVuixWg_002,,,-1,1,1,1,D:\Documents\Programming\Thesis_G10\data\raw\CMU-MOSEI\segments\mKP6TVuixWg_002.mp4,data\preprocessed\features\z_at\mKP6TVuixWg_002.pt,data\preprocessed\features\z_v\mKP6TVuixWg_002.pt
mKP6TVuixWg_003,mosei_real,0,mosei_mKP6TVuixWg_003,,,-1,1,1,1,D:\Documents\Programming\Thesis_G10\data\raw\CMU-MOSEI\segments\mKP6TVuixWg_003.mp4,data\preprocessed\features\z_at\mKP6TVuixWg_003.pt,data\preprocessed\features\z_v\mKP6TVuixWg_003.pt
mKP6TVuixWg_005,mosei_real,0,mosei_mKP6TVuixWg_005,,,-1,1,1,1,D:\Documents\Programming\Thesis_G10\data\raw\CMU-MOSEI\segments\mKP6TVuixWg_005.mp4,data\preprocessed\features\z_at\mKP6TVuixWg_005.pt,data\preprocessed\features\z_v\mKP6TVuixWg_005.pt
mLW-jn67gRE_000,mosei_real,0,mosei_mLW-jn67gRE_000,,,-1,1,1,1,D:\Documents\Programming\Thesis_G10\data\raw\CMU-MOSEI\segments\mLW-jn67gRE_000.mp4,data\preprocessed\features\z_at\mLW-jn67gRE_000.pt,data\preprocessed\features\z_v\mLW-jn67gRE_000.pt
mLW-jn67gRE_001,mosei_real,0,mosei_mLW-jn67gRE_001,,,-1,1,1,1,D:\Documents\Programming\Thesis_G10\data\raw\CMU-MOSEI\segments\mLW-jn67gRE_001.mp4,data\preprocessed\features\z_at\mLW-jn67gRE_001.pt,data\preprocessed\features\z_v\mLW-jn67gRE_001.pt
mLW-jn67gRE_004,mosei_real,0,mosei_mLW-jn67gRE_004,,,-1,1,1,1,D:\Documents\Programming\Thesis_G10\data\raw\CMU-MOSEI\segments\mLW-jn67gRE_004.mp4,data\preprocessed\features\z_at\mLW-jn67gRE_004.pt,data\preprocessed\features\z_v\mLW-jn67gRE_004.pt
mLW-jn67gRE_006,mosei_real,0,mosei_mLW-jn67gRE_006,,,-1,1,1,1,D:\Documents\Programming\Thesis_G10\data\raw\CMU-MOSEI\segments\mLW-jn67gRE_006.mp4,data\preprocessed\features\z_at\mLW-jn67gRE_006.pt,data\preprocessed\features\z_v\mLW-jn67gRE_006.pt
mLW-jn67gRE_007,mosei_real,0,mosei_mLW-jn67gRE_007,,,-1,1,1,1,D:\Documents\Programming\Thesis_G10\data\raw\CMU-MOSEI\segments\mLW-jn67gRE_007.mp4,data\preprocessed\features\z_at\mLW-jn67gRE_007.pt,data\preprocessed\features\z_v\mLW-jn67gRE_007.pt
mLW-jn67gRE_008,mosei_real,0,mosei_mLW-jn67gRE_008,,,-1,1,1,1,D:\Documents\Programming\Thesis_G10\data\raw\CMU-MOSEI\segments\mLW-jn67gRE_008.mp4,data\preprocessed\features\z_at\mLW-jn67gRE_008.pt,data\preprocessed\features\z_v\mLW-jn67gRE_008.pt
mLW-jn67gRE_011,mosei_real,0,mosei_mLW-jn67gRE_011,,,-1,1,1,1,D:\Documents\Programming\Thesis_G10\data\raw\CMU-MOSEI\segments\mLW-jn67gRE_011.mp4,data\preprocessed\features\z_at\mLW-jn67gRE_011.pt,data\preprocessed\features\z_v\mLW-jn67gRE_011.pt
mLZZ174bqws_000,mosei_real,0,mosei_mLZZ174bqws_000,,,-1,1,1,1,D:\Documents\Programming\Thesis_G10\data\raw\CMU-MOSEI\segments\mLZZ174bqws_000.mp4,data\preprocessed\features\z_at\mLZZ174bqws_000.pt,data\preprocessed\features\z_v\mLZZ174bqws_000.pt
mLZZ174bqws_001,mosei_real,0,mosei_mLZZ174bqws_001,,,-1,1,1,1,D:\Documents\Programming\Thesis_G10\data\raw\CMU-MOSEI\segments\mLZZ174bqws_001.mp4,data\preprocessed\features\z_at\mLZZ174bqws_001.pt,data\preprocessed\features\z_v\mLZZ174bqws_001.pt
mLZZ174bqws_002,mosei_real,0,mosei_mLZZ174bqws_002,,,-1,1,1,1,D:\Documents\Programming\Thesis_G10\data\raw\CMU-MOSEI\segments\mLZZ174bqws_002.mp4,data\preprocessed\features\z_at\mLZZ174bqws_002.pt,data\preprocessed\features\z_v\mLZZ174bqws_002.pt
mN1Z5xEOy10_001,mosei_real,0,mosei_mN1Z5xEOy10_001,,,-1,1,1,1,D:\Documents\Programming\Thesis_G10\data\raw\CMU-MOSEI\segments\mN1Z5xEOy10_001.mp4,data\preprocessed\features\z_at\mN1Z5xEOy10_001.pt,data\preprocessed\features\z_v\mN1Z5xEOy10_001.pt
mN1Z5xEOy10_002,mosei_real,0,mosei_mN1Z5xEOy10_002,,,-1,1,1,1,D:\Documents\Programming\Thesis_G10\data\raw\CMU-MOSEI\segments\mN1Z5xEOy10_002.mp4,data\preprocessed\features\z_at\mN1Z5xEOy10_002.pt,data\preprocessed\features\z_v\mN1Z5xEOy10_002.pt
mRPIse3OO74_002,mosei_real,0,mosei_mRPIse3OO74_002,,,-1,1,1,1,D:\Documents\Programming\Thesis_G10\data\raw\CMU-MOSEI\segments\mRPIse3OO74_002.mp4,data\preprocessed\features\z_at\mRPIse3OO74_002.pt,data\preprocessed\features\z_v\mRPIse3OO74_002.pt
mRPIse3OO74_004,mosei_real,0,mosei_mRPIse3OO74_004,,,-1,1,1,1,D:\Documents\Programming\Thesis_G10\data\raw\CMU-MOSEI\segments\mRPIse3OO74_004.mp4,data\preprocessed\features\z_at\mRPIse3OO74_004.pt,data\preprocessed\features\z_v\mRPIse3OO74_004.pt
mRPIse3OO74_005,mosei_real,0,mosei_mRPIse3OO74_005,,,-1,1,1,1,D:\Documents\Programming\Thesis_G10\data\raw\CMU-MOSEI\segments\mRPIse3OO74_005.mp4,data\preprocessed\features\z_at\mRPIse3OO74_005.pt,data\preprocessed\features\z_v\mRPIse3OO74_005.pt
mRqqH_gx7Q0_000,mosei_real,0,mosei_mRqqH_gx7Q0_000,,,-1,1,1,1,D:\Documents\Programming\Thesis_G10\data\raw\CMU-MOSEI\segments\mRqqH_gx7Q0_000.mp4,data\preprocessed\features\z_at\mRqqH_gx7Q0_000.pt,data\preprocessed\features\z_v\mRqqH_gx7Q0_000.pt
mSWwz7dXUP8_000,mosei_real,0,mosei_mSWwz7dXUP8_000,,,-1,1,1,1,D:\Documents\Programming\Thesis_G10\data\raw\CMU-MOSEI\segments\mSWwz7dXUP8_000.mp4,data\preprocessed\features\z_at\mSWwz7dXUP8_000.pt,data\preprocessed\features\z_v\mSWwz7dXUP8_000.pt
mW8eL4e7Wrg_000,mosei_real,0,mosei_mW8eL4e7Wrg_000,,,-1,1,1,1,D:\Documents\Programming\Thesis_G10\data\raw\CMU-MOSEI\segments\mW8eL4e7Wrg_000.mp4,data\preprocessed\features\z_at\mW8eL4e7Wrg_000.pt,data\preprocessed\features\z_v\mW8eL4e7Wrg_000.pt
mW8eL4e7Wrg_002,mosei_real,0,mosei_mW8eL4e7Wrg_002,,,-1,1,1,1,D:\Documents\Programming\Thesis_G10\data\raw\CMU-MOSEI\segments\mW8eL4e7Wrg_002.mp4,data\preprocessed\features\z_at\mW8eL4e7Wrg_002.pt,data\preprocessed\features\z_v\mW8eL4e7Wrg_002.pt
mW8eL4e7Wrg_005,mosei_real,0,mosei_mW8eL4e7Wrg_005,,,-1,1,1,1,D:\Documents\Programming\Thesis_G10\data\raw\CMU-MOSEI\segments\mW8eL4e7Wrg_005.mp4,data\preprocessed\features\z_at\mW8eL4e7Wrg_005.pt,data\preprocessed\features\z_v\mW8eL4e7Wrg_005.pt
mXdvCxLbpuY_001,mosei_real,0,mosei_mXdvCxLbpuY_001,,,-1,1,1,1,D:\Documents\Programming\Thesis_G10\data\raw\CMU-MOSEI\segments\mXdvCxLbpuY_001.mp4,data\preprocessed\features\z_at\mXdvCxLbpuY_001.pt,data\preprocessed\features\z_v\mXdvCxLbpuY_001.pt
mZ_8em_-CGc_000,mosei_real,0,mosei_mZ_8em_-CGc_000,,,-1,1,1,1,D:\Documents\Programming\Thesis_G10\data\raw\CMU-MOSEI\segments\mZ_8em_-CGc_000.mp4,data\preprocessed\features\z_at\mZ_8em_-CGc_000.pt,data\preprocessed\features\z_v\mZ_8em_-CGc_000.pt
mfpR4CN9LZo_000,mosei_real,0,mosei_mfpR4CN9LZo_000,,,-1,1,1,1,D:\Documents\Programming\Thesis_G10\data\raw\CMU-MOSEI\segments\mfpR4CN9LZo_000.mp4,data\preprocessed\features\z_at\mfpR4CN9LZo_000.pt,data\preprocessed\features\z_v\mfpR4CN9LZo_000.pt
mfpR4CN9LZo_001,mosei_real,0,mosei_mfpR4CN9LZo_001,,,-1,1,1,1,D:\Documents\Programming\Thesis_G10\data\raw\CMU-MOSEI\segments\mfpR4CN9LZo_001.mp4,data\preprocessed\features\z_at\mfpR4CN9LZo_001.pt,data\preprocessed\features\z_v\mfpR4CN9LZo_001.pt
mfpR4CN9LZo_003,mosei_real,0,mosei_mfpR4CN9LZo_003,,,-1,1,1,1,D:\Documents\Programming\Thesis_G10\data\raw\CMU-MOSEI\segments\mfpR4CN9LZo_003.mp4,data\preprocessed\features\z_at\mfpR4CN9LZo_003.pt,data\preprocessed\features\z_v\mfpR4CN9LZo_003.pt
mfpR4CN9LZo_005,mosei_real,0,mosei_mfpR4CN9LZo_005,,,-1,1,1,1,D:\Documents\Programming\Thesis_G10\data\raw\CMU-MOSEI\segments\mfpR4CN9LZo_005.mp4,data\preprocessed\features\z_at\mfpR4CN9LZo_005.pt,data\preprocessed\features\z_v\mfpR4CN9LZo_005.pt
mgovo8VYtvk_001,mosei_real,0,mosei_mgovo8VYtvk_001,,,-1,1,1,1,D:\Documents\Programming\Thesis_G10\data\raw\CMU-MOSEI\segments\mgovo8VYtvk_001.mp4,data\preprocessed\features\z_at\mgovo8VYtvk_001.pt,data\preprocessed\features\z_v\mgovo8VYtvk_001.pt
mgovo8VYtvk_002,mosei_real,0,mosei_mgovo8VYtvk_002,,,-1,1,1,1,D:\Documents\Programming\Thesis_G10\data\raw\CMU-MOSEI\segments\mgovo8VYtvk_002.mp4,data\preprocessed\features\z_at\mgovo8VYtvk_002.pt,data\preprocessed\features\z_v\mgovo8VYtvk_002.pt
mgovo8VYtvk_005,mosei_real,0,mosei_mgovo8VYtvk_005,,,-1,1,1,1,D:\Documents\Programming\Thesis_G10\data\raw\CMU-MOSEI\segments\mgovo8VYtvk_005.mp4,data\preprocessed\features\z_at\mgovo8VYtvk_005.pt,data\preprocessed\features\z_v\mgovo8VYtvk_005.pt
mgovo8VYtvk_010,mosei_real,0,mosei_mgovo8VYtvk_010,,,-1,1,1,1,D:\Documents\Programming\Thesis_G10\data\raw\CMU-MOSEI\segments\mgovo8VYtvk_010.mp4,data\preprocessed\features\z_at\mgovo8VYtvk_010.pt,data\preprocessed\features\z_v\mgovo8VYtvk_010.pt
mgovo8VYtvk_012,mosei_real,0,mosei_mgovo8VYtvk_012,,,-1,1,1,1,D:\Documents\Programming\Thesis_G10\data\raw\CMU-MOSEI\segments\mgovo8VYtvk_012.mp4,data\preprocessed\features\z_at\mgovo8VYtvk_012.pt,data\preprocessed\features\z_v\mgovo8VYtvk_012.pt
mgovo8VYtvk_013,mosei_real,0,mosei_mgovo8VYtvk_013,,,-1,1,1,1,D:\Documents\Programming\Thesis_G10\data\raw\CMU-MOSEI\segments\mgovo8VYtvk_013.mp4,data\preprocessed\features\z_at\mgovo8VYtvk_013.pt,data\preprocessed\features\z_v\mgovo8VYtvk_013.pt
mgovo8VYtvk_014,mosei_real,0,mosei_mgovo8VYtvk_014,,,-1,1,1,1,D:\Documents\Programming\Thesis_G10\data\raw\CMU-MOSEI\segments\mgovo8VYtvk_014.mp4,data\preprocessed\features\z_at\mgovo8VYtvk_014.pt,data\preprocessed\features\z_v\mgovo8VYtvk_014.pt
mgovo8VYtvk_016,mosei_real,0,mosei_mgovo8VYtvk_016,,,-1,1,1,1,D:\Documents\Programming\Thesis_G10\data\raw\CMU-MOSEI\segments\mgovo8VYtvk_016.mp4,data\preprocessed\features\z_at\mgovo8VYtvk_016.pt,data\preprocessed\features\z_v\mgovo8VYtvk_016.pt
mgovo8VYtvk_018,mosei_real,0,mosei_mgovo8VYtvk_018,,,-1,1,1,1,D:\Documents\Programming\Thesis_G10\data\raw\CMU-MOSEI\segments\mgovo8VYtvk_018.mp4,data\preprocessed\features\z_at\mgovo8VYtvk_018.pt,data\preprocessed\features\z_v\mgovo8VYtvk_018.pt
mgovo8VYtvk_019,mosei_real,0,mosei_mgovo8VYtvk_019,,,-1,1,1,1,D:\Documents\Programming\Thesis_G10\data\raw\CMU-MOSEI\segments\mgovo8VYtvk_019.mp4,data\preprocessed\features\z_at\mgovo8VYtvk_019.pt,data\preprocessed\features\z_v\mgovo8VYtvk_019.pt
mgovo8VYtvk_020,mosei_real,0,mosei_mgovo8VYtvk_020,,,-1,1,1,1,D:\Documents\Programming\Thesis_G10\data\raw\CMU-MOSEI\segments\mgovo8VYtvk_020.mp4,data\preprocessed\features\z_at\mgovo8VYtvk_020.pt,data\preprocessed\features\z_v\mgovo8VYtvk_020.pt
mgovo8VYtvk_021,mosei_real,0,mosei_mgovo8VYtvk_021,,,-1,1,1,1,D:\Documents\Programming\Thesis_G10\data\raw\CMU-MOSEI\segments\mgovo8VYtvk_021.mp4,data\preprocessed\features\z_at\mgovo8VYtvk_021.pt,data\preprocessed\features\z_v\mgovo8VYtvk_021.pt
mgovo8VYtvk_022,mosei_real,0,mosei_mgovo8VYtvk_022,,,-1,1,1,1,D:\Documents\Programming\Thesis_G10\data\raw\CMU-MOSEI\segments\mgovo8VYtvk_022.mp4,data\preprocessed\features\z_at\mgovo8VYtvk_022.pt,data\preprocessed\features\z_v\mgovo8VYtvk_022.pt
mgovo8VYtvk_023,mosei_real,0,mosei_mgovo8VYtvk_023,,,-1,1,1,1,D:\Documents\Programming\Thesis_G10\data\raw\CMU-MOSEI\segments\mgovo8VYtvk_023.mp4,data\preprocessed\features\z_at\mgovo8VYtvk_023.pt,data\preprocessed\features\z_v\mgovo8VYtvk_023.pt
mgovo8VYtvk_025,mosei_real,0,mosei_mgovo8VYtvk_025,,,-1,1,1,1,D:\Documents\Programming\Thesis_G10\data\raw\CMU-MOSEI\segments\mgovo8VYtvk_025.mp4,data\preprocessed\features\z_at\mgovo8VYtvk_025.pt,data\preprocessed\features\z_v\mgovo8VYtvk_025.pt
mgovo8VYtvk_026,mosei_real,0,mosei_mgovo8VYtvk_026,,,-1,1,1,1,D:\Documents\Programming\Thesis_G10\data\raw\CMU-MOSEI\segments\mgovo8VYtvk_026.mp4,data\preprocessed\features\z_at\mgovo8VYtvk_026.pt,data\preprocessed\features\z_v\mgovo8VYtvk_026.pt
mgovo8VYtvk_028,mosei_real,0,mosei_mgovo8VYtvk_028,,,-1,1,1,1,D:\Documents\Programming\Thesis_G10\data\raw\CMU-MOSEI\segments\mgovo8VYtvk_028.mp4,data\preprocessed\features\z_at\mgovo8VYtvk_028.pt,data\preprocessed\features\z_v\mgovo8VYtvk_028.pt
mgovo8VYtvk_030,mosei_real,0,mosei_mgovo8VYtvk_030,,,-1,1,1,1,D:\Documents\Programming\Thesis_G10\data\raw\CMU-MOSEI\segments\mgovo8VYtvk_030.mp4,data\preprocessed\features\z_at\mgovo8VYtvk_030.pt,data\preprocessed\features\z_v\mgovo8VYtvk_030.pt
mgovo8VYtvk_032,mosei_real,0,mosei_mgovo8VYtvk_032,,,-1,1,1,1,D:\Documents\Programming\Thesis_G10\data\raw\CMU-MOSEI\segments\mgovo8VYtvk_032.mp4,data\preprocessed\features\z_at\mgovo8VYtvk_032.pt,data\preprocessed\features\z_v\mgovo8VYtvk_032.pt
mgovo8VYtvk_036,mosei_real,0,mosei_mgovo8VYtvk_036,,,-1,1,1,1,D:\Documents\Programming\Thesis_G10\data\raw\CMU-MOSEI\segments\mgovo8VYtvk_036.mp4,data\preprocessed\features\z_at\mgovo8VYtvk_036.pt,data\preprocessed\features\z_v\mgovo8VYtvk_036.pt
mgsvwAVQAQo_000,mosei_real,0,mosei_mgsvwAVQAQo_000,,,-1,1,1,1,D:\Documents\Programming\Thesis_G10\data\raw\CMU-MOSEI\segments\mgsvwAVQAQo_000.mp4,data\preprocessed\features\z_at\mgsvwAVQAQo_000.pt,data\preprocessed\features\z_v\mgsvwAVQAQo_000.pt
mgsvwAVQAQo_001,mosei_real,0,mosei_mgsvwAVQAQo_001,,,-1,1,1,1,D:\Documents\Programming\Thesis_G10\data\raw\CMU-MOSEI\segments\mgsvwAVQAQo_001.mp4,data\preprocessed\features\z_at\mgsvwAVQAQo_001.pt,data\preprocessed\features\z_v\mgsvwAVQAQo_001.pt
mgsvwAVQAQo_003,mosei_real,0,mosei_mgsvwAVQAQo_003,,,-1,1,1,1,D:\Documents\Programming\Thesis_G10\data\raw\CMU-MOSEI\segments\mgsvwAVQAQo_003.mp4,data\preprocessed\features\z_at\mgsvwAVQAQo_003.pt,data\preprocessed\features\z_v\mgsvwAVQAQo_003.pt
mgsvwAVQAQo_004,mosei_real,0,mosei_mgsvwAVQAQo_004,,,-1,1,1,1,D:\Documents\Programming\Thesis_G10\data\raw\CMU-MOSEI\segments\mgsvwAVQAQo_004.mp4,data\preprocessed\features\z_at\mgsvwAVQAQo_004.pt,data\preprocessed\features\z_v\mgsvwAVQAQo_004.pt
mjQfQx2K__8_001,mosei_real,0,mosei_mjQfQx2K__8_001,,,-1,1,1,1,D:\Documents\Programming\Thesis_G10\data\raw\CMU-MOSEI\segments\mjQfQx2K__8_001.mp4,data\preprocessed\features\z_at\mjQfQx2K__8_001.pt,data\preprocessed\features\z_v\mjQfQx2K__8_001.pt
mjQfQx2K__8_002,mosei_real,0,mosei_mjQfQx2K__8_002,,,-1,1,1,1,D:\Documents\Programming\Thesis_G10\data\raw\CMU-MOSEI\segments\mjQfQx2K__8_002.mp4,data\preprocessed\features\z_at\mjQfQx2K__8_002.pt,data\preprocessed\features\z_v\mjQfQx2K__8_002.pt
mjQfQx2K__8_003,mosei_real,0,mosei_mjQfQx2K__8_003,,,-1,1,1,1,D:\Documents\Programming\Thesis_G10\data\raw\CMU-MOSEI\segments\mjQfQx2K__8_003.mp4,data\preprocessed\features\z_at\mjQfQx2K__8_003.pt,data\preprocessed\features\z_v\mjQfQx2K__8_003.pt
mjQfQx2K__8_004,mosei_real,0,mosei_mjQfQx2K__8_004,,,-1,1,1,1,D:\Documents\Programming\Thesis_G10\data\raw\CMU-MOSEI\segments\mjQfQx2K__8_004.mp4,data\preprocessed\features\z_at\mjQfQx2K__8_004.pt,data\preprocessed\features\z_v\mjQfQx2K__8_004.pt
mjQfQx2K__8_007,mosei_real,0,mosei_mjQfQx2K__8_007,,,-1,1,1,1,D:\Documents\Programming\Thesis_G10\data\raw\CMU-MOSEI\segments\mjQfQx2K__8_007.mp4,data\preprocessed\features\z_at\mjQfQx2K__8_007.pt,data\preprocessed\features\z_v\mjQfQx2K__8_007.pt
mjQfQx2K__8_009,mosei_real,0,mosei_mjQfQx2K__8_009,,,-1,1,1,1,D:\Documents\Programming\Thesis_G10\data\raw\CMU-MOSEI\segments\mjQfQx2K__8_009.mp4,data\preprocessed\features\z_at\mjQfQx2K__8_009.pt,data\preprocessed\features\z_v\mjQfQx2K__8_009.pt
mkkoJ2iVbGs_001,mosei_real,0,mosei_mkkoJ2iVbGs_001,,,-1,1,1,1,D:\Documents\Programming\Thesis_G10\data\raw\CMU-MOSEI\segments\mkkoJ2iVbGs_001.mp4,data\preprocessed\features\z_at\mkkoJ2iVbGs_001.pt,data\preprocessed\features\z_v\mkkoJ2iVbGs_001.pt
mkkoJ2iVbGs_004,mosei_real,0,mosei_mkkoJ2iVbGs_004,,,-1,1,1,1,D:\Documents\Programming\Thesis_G10\data\raw\CMU-MOSEI\segments\mkkoJ2iVbGs_004.mp4,data\preprocessed\features\z_at\mkkoJ2iVbGs_004.pt,data\preprocessed\features\z_v\mkkoJ2iVbGs_004.pt
mkkoJ2iVbGs_006,mosei_real,0,mosei_mkkoJ2iVbGs_006,,,-1,1,1,1,D:\Documents\Programming\Thesis_G10\data\raw\CMU-MOSEI\segments\mkkoJ2iVbGs_006.mp4,data\preprocessed\features\z_at\mkkoJ2iVbGs_006.pt,data\preprocessed\features\z_v\mkkoJ2iVbGs_006.pt
mkkoJ2iVbGs_008,mosei_real,0,mosei_mkkoJ2iVbGs_008,,,-1,1,1,1,D:\Documents\Programming\Thesis_G10\data\raw\CMU-MOSEI\segments\mkkoJ2iVbGs_008.mp4,data\preprocessed\features\z_at\mkkoJ2iVbGs_008.pt,data\preprocessed\features\z_v\mkkoJ2iVbGs_008.pt
mpfSRGHFY0g_001,mosei_real,0,mosei_mpfSRGHFY0g_001,,,-1,1,1,1,D:\Documents\Programming\Thesis_G10\data\raw\CMU-MOSEI\segments\mpfSRGHFY0g_001.mp4,data\preprocessed\features\z_at\mpfSRGHFY0g_001.pt,data\preprocessed\features\z_v\mpfSRGHFY0g_001.pt
mrQIrm6hYMQ_000,mosei_real,0,mosei_mrQIrm6hYMQ_000,,,-1,1,1,1,D:\Documents\Programming\Thesis_G10\data\raw\CMU-MOSEI\segments\mrQIrm6hYMQ_000.mp4,data\preprocessed\features\z_at\mrQIrm6hYMQ_000.pt,data\preprocessed\features\z_v\mrQIrm6hYMQ_000.pt
muOYAxkG-Zo_002,mosei_real,0,mosei_muOYAxkG-Zo_002,,,-1,1,1,1,D:\Documents\Programming\Thesis_G10\data\raw\CMU-MOSEI\segments\muOYAxkG-Zo_002.mp4,data\preprocessed\features\z_at\muOYAxkG-Zo_002.pt,data\preprocessed\features\z_v\muOYAxkG-Zo_002.pt
muOYAxkG-Zo_003,mosei_real,0,mosei_muOYAxkG-Zo_003,,,-1,1,1,1,D:\Documents\Programming\Thesis_G10\data\raw\CMU-MOSEI\segments\muOYAxkG-Zo_003.mp4,data\preprocessed\features\z_at\muOYAxkG-Zo_003.pt,data\preprocessed\features\z_v\muOYAxkG-Zo_003.pt
muOYAxkG-Zo_005,mosei_real,0,mosei_muOYAxkG-Zo_005,,,-1,1,1,1,D:\Documents\Programming\Thesis_G10\data\raw\CMU-MOSEI\segments\muOYAxkG-Zo_005.mp4,data\preprocessed\features\z_at\muOYAxkG-Zo_005.pt,data\preprocessed\features\z_v\muOYAxkG-Zo_005.pt
muOYAxkG-Zo_007,mosei_real,0,mosei_muOYAxkG-Zo_007,,,-1,1,1,1,D:\Documents\Programming\Thesis_G10\data\raw\CMU-MOSEI\segments\muOYAxkG-Zo_007.mp4,data\preprocessed\features\z_at\muOYAxkG-Zo_007.pt,data\preprocessed\features\z_v\muOYAxkG-Zo_007.pt
muOYAxkG-Zo_008,mosei_real,0,mosei_muOYAxkG-Zo_008,,,-1,1,1,1,D:\Documents\Programming\Thesis_G10\data\raw\CMU-MOSEI\segments\muOYAxkG-Zo_008.mp4,data\preprocessed\features\z_at\muOYAxkG-Zo_008.pt,data\preprocessed\features\z_v\muOYAxkG-Zo_008.pt
muOYAxkG-Zo_009,mosei_real,0,mosei_muOYAxkG-Zo_009,,,-1,1,1,1,D:\Documents\Programming\Thesis_G10\data\raw\CMU-MOSEI\segments\muOYAxkG-Zo_009.mp4,data\preprocessed\features\z_at\muOYAxkG-Zo_009.pt,data\preprocessed\features\z_v\muOYAxkG-Zo_009.pt
muOYAxkG-Zo_010,mosei_real,0,mosei_muOYAxkG-Zo_010,,,-1,1,1,1,D:\Documents\Programming\Thesis_G10\data\raw\CMU-MOSEI\segments\muOYAxkG-Zo_010.mp4,data\preprocessed\features\z_at\muOYAxkG-Zo_010.pt,data\preprocessed\features\z_v\muOYAxkG-Zo_010.pt
mud6tEqFiEM_000,mosei_real,0,mosei_mud6tEqFiEM_000,,,-1,1,1,1,D:\Documents\Programming\Thesis_G10\data\raw\CMU-MOSEI\segments\mud6tEqFiEM_000.mp4,data\preprocessed\features\z_at\mud6tEqFiEM_000.pt,data\preprocessed\features\z_v\mud6tEqFiEM_000.pt
mud6tEqFiEM_002,mosei_real,0,mosei_mud6tEqFiEM_002,,,-1,1,1,1,D:\Documents\Programming\Thesis_G10\data\raw\CMU-MOSEI\segments\mud6tEqFiEM_002.mp4,data\preprocessed\features\z_at\mud6tEqFiEM_002.pt,data\preprocessed\features\z_v\mud6tEqFiEM_002.pt
mud6tEqFiEM_004,mosei_real,0,mosei_mud6tEqFiEM_004,,,-1,1,1,1,D:\Documents\Programming\Thesis_G10\data\raw\CMU-MOSEI\segments\mud6tEqFiEM_004.mp4,data\preprocessed\features\z_at\mud6tEqFiEM_004.pt,data\preprocessed\features\z_v\mud6tEqFiEM_004.pt
mud6tEqFiEM_005,mosei_real,0,mosei_mud6tEqFiEM_005,,,-1,1,1,1,D:\Documents\Programming\Thesis_G10\data\raw\CMU-MOSEI\segments\mud6tEqFiEM_005.mp4,data\preprocessed\features\z_at\mud6tEqFiEM_005.pt,data\preprocessed\features\z_v\mud6tEqFiEM_005.pt
mxa4KXSz9rw_000,mosei_real,0,mosei_mxa4KXSz9rw_000,,,-1,1,1,1,D:\Documents\Programming\Thesis_G10\data\raw\CMU-MOSEI\segments\mxa4KXSz9rw_000.mp4,data\preprocessed\features\z_at\mxa4KXSz9rw_000.pt,data\preprocessed\features\z_v\mxa4KXSz9rw_000.pt
mxa4KXSz9rw_002,mosei_real,0,mosei_mxa4KXSz9rw_002,,,-1,1,1,1,D:\Documents\Programming\Thesis_G10\data\raw\CMU-MOSEI\segments\mxa4KXSz9rw_002.mp4,data\preprocessed\features\z_at\mxa4KXSz9rw_002.pt,data\preprocessed\features\z_v\mxa4KXSz9rw_002.pt
mxa4KXSz9rw_004,mosei_real,0,mosei_mxa4KXSz9rw_004,,,-1,1,1,1,D:\Documents\Programming\Thesis_G10\data\raw\CMU-MOSEI\segments\mxa4KXSz9rw_004.mp4,data\preprocessed\features\z_at\mxa4KXSz9rw_004.pt,data\preprocessed\features\z_v\mxa4KXSz9rw_004.pt
mxa4KXSz9rw_006,mosei_real,0,mosei_mxa4KXSz9rw_006,,,-1,1,1,1,D:\Documents\Programming\Thesis_G10\data\raw\CMU-MOSEI\segments\mxa4KXSz9rw_006.mp4,data\preprocessed\features\z_at\mxa4KXSz9rw_006.pt,data\preprocessed\features\z_v\mxa4KXSz9rw_006.pt
mxa4KXSz9rw_007,mosei_real,0,mosei_mxa4KXSz9rw_007,,,-1,1,1,1,D:\Documents\Programming\Thesis_G10\data\raw\CMU-MOSEI\segments\mxa4KXSz9rw_007.mp4,data\preprocessed\features\z_at\mxa4KXSz9rw_007.pt,data\preprocessed\features\z_v\mxa4KXSz9rw_007.pt
mxa4KXSz9rw_008,mosei_real,0,mosei_mxa4KXSz9rw_008,,,-1,1,1,1,D:\Documents\Programming\Thesis_G10\data\raw\CMU-MOSEI\segments\mxa4KXSz9rw_008.mp4,data\preprocessed\features\z_at\mxa4KXSz9rw_008.pt,data\preprocessed\features\z_v\mxa4KXSz9rw_008.pt
mxa4KXSz9rw_010,mosei_real,0,mosei_mxa4KXSz9rw_010,,,-1,1,1,1,D:\Documents\Programming\Thesis_G10\data\raw\CMU-MOSEI\segments\mxa4KXSz9rw_010.mp4,data\preprocessed\features\z_at\mxa4KXSz9rw_010.pt,data\preprocessed\features\z_v\mxa4KXSz9rw_010.pt
mxa4KXSz9rw_011,mosei_real,0,mosei_mxa4KXSz9rw_011,,,-1,1,1,1,D:\Documents\Programming\Thesis_G10\data\raw\CMU-MOSEI\segments\mxa4KXSz9rw_011.mp4,data\preprocessed\features\z_at\mxa4KXSz9rw_011.pt,data\preprocessed\features\z_v\mxa4KXSz9rw_011.pt
mzAu5gxjE-w_001,mosei_real,0,mosei_mzAu5gxjE-w_001,,,-1,1,1,1,D:\Documents\Programming\Thesis_G10\data\raw\CMU-MOSEI\segments\mzAu5gxjE-w_001.mp4,data\preprocessed\features\z_at\mzAu5gxjE-w_001.pt,data\preprocessed\features\z_v\mzAu5gxjE-w_001.pt
n5J1ZkGUGnU_000,mosei_real,0,mosei_n5J1ZkGUGnU_000,,,-1,1,1,1,D:\Documents\Programming\Thesis_G10\data\raw\CMU-MOSEI\segments\n5J1ZkGUGnU_000.mp4,data\preprocessed\features\z_at\n5J1ZkGUGnU_000.pt,data\preprocessed\features\z_v\n5J1ZkGUGnU_000.pt
n5J1ZkGUGnU_001,mosei_real,0,mosei_n5J1ZkGUGnU_001,,,-1,1,1,1,D:\Documents\Programming\Thesis_G10\data\raw\CMU-MOSEI\segments\n5J1ZkGUGnU_001.mp4,data\preprocessed\features\z_at\n5J1ZkGUGnU_001.pt,data\preprocessed\features\z_v\n5J1ZkGUGnU_001.pt
n5J1ZkGUGnU_002,mosei_real,0,mosei_n5J1ZkGUGnU_002,,,-1,1,1,1,D:\Documents\Programming\Thesis_G10\data\raw\CMU-MOSEI\segments\n5J1ZkGUGnU_002.mp4,data\preprocessed\features\z_at\n5J1ZkGUGnU_002.pt,data\preprocessed\features\z_v\n5J1ZkGUGnU_002.pt
n5J1ZkGUGnU_004,mosei_real,0,mosei_n5J1ZkGUGnU_004,,,-1,1,1,1,D:\Documents\Programming\Thesis_G10\data\raw\CMU-MOSEI\segments\n5J1ZkGUGnU_004.mp4,data\preprocessed\features\z_at\n5J1ZkGUGnU_004.pt,data\preprocessed\features\z_v\n5J1ZkGUGnU_004.pt
