clip_id,source_pipeline,fake_label,speaker_id,audio_emotion,visual_emotion,sarcasm_label,has_z_at,has_z_v,is_ready_for_training,video_path,z_at_path,z_v_path
Q7nhtfkIPN4_006,mosei_real,0,mosei_Q7nhtfkIPN4_006,,,-1,1,1,1,D:\Documents\Programming\Thesis_G10\data\raw\CMU-MOSEI\segments\Q7nhtfkIPN4_006.mp4,data\preprocessed\features\z_at\Q7nhtfkIPN4_006.pt,data\preprocessed\features\z_v\Q7nhtfkIPN4_006.pt
Q7nhtfkIPN4_007,mosei_real,0,mosei_Q7nhtfkIPN4_007,,,-1,1,1,1,D:\Documents\Programming\Thesis_G10\data\raw\CMU-MOSEI\segments\Q7nhtfkIPN4_007.mp4,data\preprocessed\features\z_at\Q7nhtfkIPN4_007.pt,data\preprocessed\features\z_v\Q7nhtfkIPN4_007.pt
Q7nhtfkIPN4_009,mosei_real,0,mosei_Q7nhtfkIPN4_009,,,-1,1,1,1,D:\Documents\Programming\Thesis_G10\data\raw\CMU-MOSEI\segments\Q7nhtfkIPN4_009.mp4,data\preprocessed\features\z_at\Q7nhtfkIPN4_009.pt,data\preprocessed\features\z_v\Q7nhtfkIPN4_009.pt
Q7nhtfkIPN4_010,mosei_real,0,mosei_Q7nhtfkIPN4_010,,,-1,1,1,1,D:\Documents\Programming\Thesis_G10\data\raw\CMU-MOSEI\segments\Q7nhtfkIPN4_010.mp4,data\preprocessed\features\z_at\Q7nhtfkIPN4_010.pt,data\preprocessed\features\z_v\Q7nhtfkIPN4_010.pt
Q8naC1qriIU_002,mosei_real,0,mosei_Q8naC1qriIU_002,,,-1,1,1,1,D:\Documents\Programming\Thesis_G10\data\raw\CMU-MOSEI\segments\Q8naC1qriIU_002.mp4,data\preprocessed\features\z_at\Q8naC1qriIU_002.pt,data\preprocessed\features\z_v\Q8naC1qriIU_002.pt
QCR7uyowjhM_000,mosei_real,0,mosei_QCR7uyowjhM_000,,,-1,1,1,1,D:\Documents\Programming\Thesis_G10\data\raw\CMU-MOSEI\segments\QCR7uyowjhM_000.mp4,data\preprocessed\features\z_at\QCR7uyowjhM_000.pt,data\preprocessed\features\z_v\QCR7uyowjhM_000.pt
QCR7uyowjhM_001,mosei_real,0,mosei_QCR7uyowjhM_001,,,-1,1,1,1,D:\Documents\Programming\Thesis_G10\data\raw\CMU-MOSEI\segments\QCR7uyowjhM_001.mp4,data\preprocessed\features\z_at\QCR7uyowjhM_001.pt,data\preprocessed\features\z_v\QCR7uyowjhM_001.pt
QCR7uyowjhM_002,mosei_real,0,mosei_QCR7uyowjhM_002,,,-1,1,1,1,D:\Documents\Programming\Thesis_G10\data\raw\CMU-MOSEI\segments\QCR7uyowjhM_002.mp4,data\preprocessed\features\z_at\QCR7uyowjhM_002.pt,data\preprocessed\features\z_v\QCR7uyowjhM_002.pt
QCR7uyowjhM_003,mosei_real,0,mosei_QCR7uyowjhM_003,,,-1,1,1,1,D:\Documents\Programming\Thesis_G10\data\raw\CMU-MOSEI\segments\QCR7uyowjhM_003.mp4,data\preprocessed\features\z_at\QCR7uyowjhM_003.pt,data\preprocessed\features\z_v\QCR7uyowjhM_003.pt
QCR7uyowjhM_005,mosei_real,0,mosei_QCR7uyowjhM_005,,,-1,1,1,1,D:\Documents\Programming\Thesis_G10\data\raw\CMU-MOSEI\segments\QCR7uyowjhM_005.mp4,data\preprocessed\features\z_at\QCR7uyowjhM_005.pt,data\preprocessed\features\z_v\QCR7uyowjhM_005.pt
QCR7uyowjhM_007,mosei_real,0,mosei_QCR7uyowjhM_007,,,-1,1,1,1,D:\Documents\Programming\Thesis_G10\data\raw\CMU-MOSEI\segments\QCR7uyowjhM_007.mp4,data\preprocessed\features\z_at\QCR7uyowjhM_007.pt,data\preprocessed\features\z_v\QCR7uyowjhM_007.pt
QDRtKv8PvFs_000,mosei_real,0,mosei_QDRtKv8PvFs_000,,,-1,1,1,1,D:\Documents\Programming\Thesis_G10\data\raw\CMU-MOSEI\segments\QDRtKv8PvFs_000.mp4,data\preprocessed\features\z_at\QDRtKv8PvFs_000.pt,data\preprocessed\features\z_v\QDRtKv8PvFs_000.pt
QDRtKv8PvFs_002,mosei_real,0,mosei_QDRtKv8PvFs_002,,,-1,1,1,1,D:\Documents\Programming\Thesis_G10\data\raw\CMU-MOSEI\segments\QDRtKv8PvFs_002.mp4,data\preprocessed\features\z_at\QDRtKv8PvFs_002.pt,data\preprocessed\features\z_v\QDRtKv8PvFs_002.pt
QDRtKv8PvFs_003,mosei_real,0,mosei_QDRtKv8PvFs_003,,,-1,1,1,1,D:\Documents\Programming\Thesis_G10\data\raw\CMU-MOSEI\segments\QDRtKv8PvFs_003.mp4,data\preprocessed\features\z_at\QDRtKv8PvFs_003.pt,data\preprocessed\features\z_v\QDRtKv8PvFs_003.pt
QDRtKv8PvFs_004,mosei_real,0,mosei_QDRtKv8PvFs_004,,,-1,1,1,1,D:\Documents\Programming\Thesis_G10\data\raw\CMU-MOSEI\segments\QDRtKv8PvFs_004.mp4,data\preprocessed\features\z_at\QDRtKv8PvFs_004.pt,data\preprocessed\features\z_v\QDRtKv8PvFs_004.pt
QJCDZCllSYQ_000,mosei_real,0,mosei_QJCDZCllSYQ_000,,,-1,1,1,1,D:\Documents\Programming\Thesis_G10\data\raw\CMU-MOSEI\segments\QJCDZCllSYQ_000.mp4,data\preprocessed\features\z_at\QJCDZCllSYQ_000.pt,data\preprocessed\features\z_v\QJCDZCllSYQ_000.pt
QLEOYF7Mju0_004,mosei_real,0,mosei_QLEOYF7Mju0_004,,,-1,1,1,1,D:\Documents\Programming\Thesis_G10\data\raw\CMU-MOSEI\segments\QLEOYF7Mju0_004.mp4,data\preprocessed\features\z_at\QLEOYF7Mju0_004.pt,data\preprocessed\features\z_v\QLEOYF7Mju0_004.pt
QLEOYF7Mju0_008,mosei_real,0,mosei_QLEOYF7Mju0_008,,,-1,1,1,1,D:\Documents\Programming\Thesis_G10\data\raw\CMU-MOSEI\segments\QLEOYF7Mju0_008.mp4,data\preprocessed\features\z_at\QLEOYF7Mju0_008.pt,data\preprocessed\features\z_v\QLEOYF7Mju0_008.pt
QLEOYF7Mju0_009,mosei_real,0,mosei_QLEOYF7Mju0_009,,,-1,1,1,1,D:\Documents\Programming\Thesis_G10\data\raw\CMU-MOSEI\segments\QLEOYF7Mju0_009.mp4,data\preprocessed\features\z_at\QLEOYF7Mju0_009.pt,data\preprocessed\features\z_v\QLEOYF7Mju0_009.pt
QLEOYF7Mju0_010,mosei_real,0,mosei_QLEOYF7Mju0_010,,,-1,1,1,1,D:\Documents\Programming\Thesis_G10\data\raw\CMU-MOSEI\segments\QLEOYF7Mju0_010.mp4,data\preprocessed\features\z_at\QLEOYF7Mju0_010.pt,data\preprocessed\features\z_v\QLEOYF7Mju0_010.pt
QLI-OnegxFM_000,mosei_real,0,mosei_QLI-OnegxFM_000,,,-1,1,1,1,D:\Documents\Programming\Thesis_G10\data\raw\CMU-MOSEI\segments\QLI-OnegxFM_000.mp4,data\preprocessed\features\z_at\QLI-OnegxFM_000.pt,data\preprocessed\features\z_v\QLI-OnegxFM_000.pt
QMEgjkpyVzQ_000,mosei_real,0,mosei_QMEgjkpyVzQ_000,,,-1,1,1,1,D:\Documents\Programming\Thesis_G10\data\raw\CMU-MOSEI\segments\QMEgjkpyVzQ_000.mp4,data\preprocessed\features\z_at\QMEgjkpyVzQ_000.pt,data\preprocessed\features\z_v\QMEgjkpyVzQ_000.pt
QMEgjkpyVzQ_001,mosei_real,0,mosei_QMEgjkpyVzQ_001,,,-1,1,1,1,D:\Documents\Programming\Thesis_G10\data\raw\CMU-MOSEI\segments\QMEgjkpyVzQ_001.mp4,data\preprocessed\features\z_at\QMEgjkpyVzQ_001.pt,data\preprocessed\features\z_v\QMEgjkpyVzQ_001.pt
QOxIdbNwpx0_000,mosei_real,0,mosei_QOxIdbNwpx0_000,,,-1,1,1,1,D:\Documents\Programming\Thesis_G10\data\raw\CMU-MOSEI\segments\QOxIdbNwpx0_000.mp4,data\preprocessed\features\z_at\QOxIdbNwpx0_000.pt,data\preprocessed\features\z_v\QOxIdbNwpx0_000.pt
QOxIdbNwpx0_002,mosei_real,0,mosei_QOxIdbNwpx0_002,,,-1,1,1,1,D:\Documents\Programming\Thesis_G10\data\raw\CMU-MOSEI\segments\QOxIdbNwpx0_002.mp4,data\preprocessed\features\z_at\QOxIdbNwpx0_002.pt,data\preprocessed\features\z_v\QOxIdbNwpx0_002.pt
QOxIdbNwpx0_005,mosei_real,0,mosei_QOxIdbNwpx0_005,,,-1,1,1,1,D:\Documents\Programming\Thesis_G10\data\raw\CMU-MOSEI\segments\QOxIdbNwpx0_005.mp4,data\preprocessed\features\z_at\QOxIdbNwpx0_005.pt,data\preprocessed\features\z_v\QOxIdbNwpx0_005.pt
QUpI5kMw_nA_002,mosei_real,0,mosei_QUpI5kMw_nA_002,,,-1,1,1,1,D:\Documents\Programming\Thesis_G10\data\raw\CMU-MOSEI\segments\QUpI5kMw_nA_002.mp4,data\preprocessed\features\z_at\QUpI5kMw_nA_002.pt,data\preprocessed\features\z_v\QUpI5kMw_nA_002.pt
QWaUvAL-yiA_002,mosei_real,0,mosei_QWaUvAL-yiA_002,,,-1,1,1,1,D:\Documents\Programming\Thesis_G10\data\raw\CMU-MOSEI\segments\QWaUvAL-yiA_002.mp4,data\preprocessed\features\z_at\QWaUvAL-yiA_002.pt,data\preprocessed\features\z_v\QWaUvAL-yiA_002.pt
QWzIJuhLLrc_001,mosei_real,0,mosei_QWzIJuhLLrc_001,,,-1,1,1,1,D:\Documents\Programming\Thesis_G10\data\raw\CMU-MOSEI\segments\QWzIJuhLLrc_001.mp4,data\preprocessed\features\z_at\QWzIJuhLLrc_001.pt,data\preprocessed\features\z_v\QWzIJuhLLrc_001.pt
QYp0lGhyL6A_001,mosei_real,0,mosei_QYp0lGhyL6A_001,,,-1,1,1,1,D:\Documents\Programming\Thesis_G10\data\raw\CMU-MOSEI\segments\QYp0lGhyL6A_001.mp4,data\preprocessed\features\z_at\QYp0lGhyL6A_001.pt,data\preprocessed\features\z_v\QYp0lGhyL6A_001.pt
QYp0lGhyL6A_003,mosei_real,0,mosei_QYp0lGhyL6A_003,,,-1,1,1,1,D:\Documents\Programming\Thesis_G10\data\raw\CMU-MOSEI\segments\QYp0lGhyL6A_003.mp4,data\preprocessed\features\z_at\QYp0lGhyL6A_003.pt,data\preprocessed\features\z_v\QYp0lGhyL6A_003.pt
QYp0lGhyL6A_004,mosei_real,0,mosei_QYp0lGhyL6A_004,,,-1,1,1,1,D:\Documents\Programming\Thesis_G10\data\raw\CMU-MOSEI\segments\QYp0lGhyL6A_004.mp4,data\preprocessed\features\z_at\QYp0lGhyL6A_004.pt,data\preprocessed\features\z_v\QYp0lGhyL6A_004.pt
QYp0lGhyL6A_005,mosei_real,0,mosei_QYp0lGhyL6A_005,,,-1,1,1,1,D:\Documents\Programming\Thesis_G10\data\raw\CMU-MOSEI\segments\QYp0lGhyL6A_005.mp4,data\preprocessed\features\z_at\QYp0lGhyL6A_005.pt,data\preprocessed\features\z_v\QYp0lGhyL6A_005.pt
Q_py5n2fQXw_001,mosei_real,0,mosei_Q_py5n2fQXw_001,,,-1,1,1,1,D:\Documents\Programming\Thesis_G10\data\raw\CMU-MOSEI\segments\Q_py5n2fQXw_001.mp4,data\preprocessed\features\z_at\Q_py5n2fQXw_001.pt,data\preprocessed\features\z_v\Q_py5n2fQXw_001.pt
Q_py5n2fQXw_002,mosei_real,0,mosei_Q_py5n2fQXw_002,,,-1,1,1,1,D:\Documents\Programming\Thesis_G10\data\raw\CMU-MOSEI\segments\Q_py5n2fQXw_002.mp4,data\preprocessed\features\z_at\Q_py5n2fQXw_002.pt,data\preprocessed\features\z_v\Q_py5n2fQXw_002.pt
Qa6Yz62V-Yc_001,mosei_real,0,mosei_Qa6Yz62V-Yc_001,,,-1,1,1,1,D:\Documents\Programming\Thesis_G10\data\raw\CMU-MOSEI\segments\Qa6Yz62V-Yc_001.mp4,data\preprocessed\features\z_at\Qa6Yz62V-Yc_001.pt,data\preprocessed\features\z_v\Qa6Yz62V-Yc_001.pt
QbJiphIpzYc_000,mosei_real,0,mosei_QbJiphIpzYc_000,,,-1,1,1,1,D:\Documents\Programming\Thesis_G10\data\raw\CMU-MOSEI\segments\QbJiphIpzYc_000.mp4,data\preprocessed\features\z_at\QbJiphIpzYc_000.pt,data\preprocessed\features\z_v\QbJiphIpzYc_000.pt
QbJiphIpzYc_001,mosei_real,0,mosei_QbJiphIpzYc_001,,,-1,1,1,1,D:\Documents\Programming\Thesis_G10\data\raw\CMU-MOSEI\segments\QbJiphIpzYc_001.mp4,data\preprocessed\features\z_at\QbJiphIpzYc_001.pt,data\preprocessed\features\z_v\QbJiphIpzYc_001.pt
Qfa1fY_07bQ_000,mosei_real,0,mosei_Qfa1fY_07bQ_000,,,-1,1,1,1,D:\Documents\Programming\Thesis_G10\data\raw\CMU-MOSEI\segments\Qfa1fY_07bQ_000.mp4,data\preprocessed\features\z_at\Qfa1fY_07bQ_000.pt,data\preprocessed\features\z_v\Qfa1fY_07bQ_000.pt
Qfa1fY_07bQ_003,mosei_real,0,mosei_Qfa1fY_07bQ_003,,,-1,1,1,1,D:\Documents\Programming\Thesis_G10\data\raw\CMU-MOSEI\segments\Qfa1fY_07bQ_003.mp4,data\preprocessed\features\z_at\Qfa1fY_07bQ_003.pt,data\preprocessed\features\z_v\Qfa1fY_07bQ_003.pt
Qfa1fY_07bQ_004,mosei_real,0,mosei_Qfa1fY_07bQ_004,,,-1,1,1,1,D:\Documents\Programming\Thesis_G10\data\raw\CMU-MOSEI\segments\Qfa1fY_07bQ_004.mp4,data\preprocessed\features\z_at\Qfa1fY_07bQ_004.pt,data\preprocessed\features\z_v\Qfa1fY_07bQ_004.pt
Qfa1fY_07bQ_006,mosei_real,0,mosei_Qfa1fY_07bQ_006,,,-1,1,1,1,D:\Documents\Programming\Thesis_G10\data\raw\CMU-MOSEI\segments\Qfa1fY_07bQ_006.mp4,data\preprocessed\features\z_at\Qfa1fY_07bQ_006.pt,data\preprocessed\features\z_v\Qfa1fY_07bQ_006.pt
QjcQx8_PQfw_000,mosei_real,0,mosei_QjcQx8_PQfw_000,,,-1,1,1,1,D:\Documents\Programming\Thesis_G10\data\raw\CMU-MOSEI\segments\QjcQx8_PQfw_000.mp4,data\preprocessed\features\z_at\QjcQx8_PQfw_000.pt,data\preprocessed\features\z_v\QjcQx8_PQfw_000.pt
QjcQx8_PQfw_001,mosei_real,0,mosei_QjcQx8_PQfw_001,,,-1,1,1,1,D:\Documents\Programming\Thesis_G10\data\raw\CMU-MOSEI\segments\QjcQx8_PQfw_001.mp4,data\preprocessed\features\z_at\QjcQx8_PQfw_001.pt,data\preprocessed\features\z_v\QjcQx8_PQfw_001.pt
QkMTYY69JYQ_000,mosei_real,0,mosei_QkMTYY69JYQ_000,,,-1,1,1,1,D:\Documents\Programming\Thesis_G10\data\raw\CMU-MOSEI\segments\QkMTYY69JYQ_000.mp4,data\preprocessed\features\z_at\QkMTYY69JYQ_000.pt,data\preprocessed\features\z_v\QkMTYY69JYQ_000.pt
QkMTYY69JYQ_001,mosei_real,0,mosei_QkMTYY69JYQ_001,,,-1,1,1,1,D:\Documents\Programming\Thesis_G10\data\raw\CMU-MOSEI\segments\QkMTYY69JYQ_001.mp4,data\preprocessed\features\z_at\QkMTYY69JYQ_001.pt,data\preprocessed\features\z_v\QkMTYY69JYQ_001.pt
QkMTYY69JYQ_004,mosei_real,0,mosei_QkMTYY69JYQ_004,,,-1,1,1,1,D:\Documents\Programming\Thesis_G10\data\raw\CMU-MOSEI\segments\QkMTYY69JYQ_004.mp4,data\preprocessed\features\z_at\QkMTYY69JYQ_004.pt,data\preprocessed\features\z_v\QkMTYY69JYQ_004.pt
QkMTYY69JYQ_005,mosei_real,0,mosei_QkMTYY69JYQ_005,,,-1,1,1,1,D:\Documents\Programming\Thesis_G10\data\raw\CMU-MOSEI\segments\QkMTYY69JYQ_005.mp4,data\preprocessed\features\z_at\QkMTYY69JYQ_005.pt,data\preprocessed\features\z_v\QkMTYY69JYQ_005.pt
QkMTYY69JYQ_006,mosei_real,0,mosei_QkMTYY69JYQ_006,,,-1,1,1,1,D:\Documents\Programming\Thesis_G10\data\raw\CMU-MOSEI\segments\QkMTYY69JYQ_006.mp4,data\preprocessed\features\z_at\QkMTYY69JYQ_006.pt,data\preprocessed\features\z_v\QkMTYY69JYQ_006.pt
QkMTYY69JYQ_007,mosei_real,0,mosei_QkMTYY69JYQ_007,,,-1,1,1,1,D:\Documents\Programming\Thesis_G10\data\raw\CMU-MOSEI\segments\QkMTYY69JYQ_007.mp4,data\preprocessed\features\z_at\QkMTYY69JYQ_007.pt,data\preprocessed\features\z_v\QkMTYY69JYQ_007.pt
QnYlpSeVOYo_000,mosei_real,0,mosei_QnYlpSeVOYo_000,,,-1,1,1,1,D:\Documents\Programming\Thesis_G10\data\raw\CMU-MOSEI\segments\QnYlpSeVOYo_000.mp4,data\preprocessed\features\z_at\QnYlpSeVOYo_000.pt,data\preprocessed\features\z_v\QnYlpSeVOYo_000.pt
QoIsjc4-GIg_000,mosei_real,0,mosei_QoIsjc4-GIg_000,,,-1,1,1,1,D:\Documents\Programming\Thesis_G10\data\raw\CMU-MOSEI\segments\QoIsjc4-GIg_000.mp4,data\preprocessed\features\z_at\QoIsjc4-GIg_000.pt,data\preprocessed\features\z_v\QoIsjc4-GIg_000.pt
QoIsjc4-GIg_003,mosei_real,0,mosei_QoIsjc4-GIg_003,,,-1,1,1,1,D:\Documents\Programming\Thesis_G10\data\raw\CMU-MOSEI\segments\QoIsjc4-GIg_003.mp4,data\preprocessed\features\z_at\QoIsjc4-GIg_003.pt,data\preprocessed\features\z_v\QoIsjc4-GIg_003.pt
QoIsjc4-GIg_005,mosei_real,0,mosei_QoIsjc4-GIg_005,,,-1,1,1,1,D:\Documents\Programming\Thesis_G10\data\raw\CMU-MOSEI\segments\QoIsjc4-GIg_005.mp4,data\preprocessed\features\z_at\QoIsjc4-GIg_005.pt,data\preprocessed\features\z_v\QoIsjc4-GIg_005.pt
QoIsjc4-GIg_006,mosei_real,0,mosei_QoIsjc4-GIg_006,,,-1,1,1,1,D:\Documents\Programming\Thesis_G10\data\raw\CMU-MOSEI\segments\QoIsjc4-GIg_006.mp4,data\preprocessed\features\z_at\QoIsjc4-GIg_006.pt,data\preprocessed\features\z_v\QoIsjc4-GIg_006.pt
QoIsjc4-GIg_007,mosei_real,0,mosei_QoIsjc4-GIg_007,,,-1,1,1,1,D:\Documents\Programming\Thesis_G10\data\raw\CMU-MOSEI\segments\QoIsjc4-GIg_007.mp4,data\preprocessed\features\z_at\QoIsjc4-GIg_007.pt,data\preprocessed\features\z_v\QoIsjc4-GIg_007.pt
QoIsjc4-GIg_008,mosei_real,0,mosei_QoIsjc4-GIg_008,,,-1,1,1,1,D:\Documents\Programming\Thesis_G10\data\raw\CMU-MOSEI\segments\QoIsjc4-GIg_008.mp4,data\preprocessed\features\z_at\QoIsjc4-GIg_008.pt,data\preprocessed\features\z_v\QoIsjc4-GIg_008.pt
QoIsjc4-GIg_009,mosei_real,0,mosei_QoIsjc4-GIg_009,,,-1,1,1,1,D:\Documents\Programming\Thesis_G10\data\raw\CMU-MOSEI\segments\QoIsjc4-GIg_009.mp4,data\preprocessed\features\z_at\QoIsjc4-GIg_009.pt,data\preprocessed\features\z_v\QoIsjc4-GIg_009.pt
QpchvHpGFc8_000,mosei_real,0,mosei_QpchvHpGFc8_000,,,-1,1,1,1,D:\Documents\Programming\Thesis_G10\data\raw\CMU-MOSEI\segments\QpchvHpGFc8_000.mp4,data\preprocessed\features\z_at\QpchvHpGFc8_000.pt,data\preprocessed\features\z_v\QpchvHpGFc8_000.pt
QpchvHpGFc8_002,mosei_real,0,mosei_QpchvHpGFc8_002,,,-1,1,1,1,D:\Documents\Programming\Thesis_G10\data\raw\CMU-MOSEI\segments\QpchvHpGFc8_002.mp4,data\preprocessed\features\z_at\QpchvHpGFc8_002.pt,data\preprocessed\features\z_v\QpchvHpGFc8_002.pt
QpchvHpGFc8_003,mosei_real,0,mosei_QpchvHpGFc8_003,,,-1,1,1,1,D:\Documents\Programming\Thesis_G10\data\raw\CMU-MOSEI\segments\QpchvHpGFc8_003.mp4,data\preprocessed\features\z_at\QpchvHpGFc8_003.pt,data\preprocessed\features\z_v\QpchvHpGFc8_003.pt
QpchvHpGFc8_005,mosei_real,0,mosei_QpchvHpGFc8_005,,,-1,1,1,1,D:\Documents\Programming\Thesis_G10\data\raw\CMU-MOSEI\segments\QpchvHpGFc8_005.mp4,data\preprocessed\features\z_at\QpchvHpGFc8_005.pt,data\preprocessed\features\z_v\QpchvHpGFc8_005.pt
R-HKj8Yn06k_000,mosei_real,0,mosei_R-HKj8Yn06k_000,,,-1,1,1,1,D:\Documents\Programming\Thesis_G10\data\raw\CMU-MOSEI\segments\R-HKj8Yn06k_000.mp4,data\preprocessed\features\z_at\R-HKj8Yn06k_000.pt,data\preprocessed\features\z_v\R-HKj8Yn06k_000.pt
R0o37yJ1PP0_004,mosei_real,0,mosei_R0o37yJ1PP0_004,,,-1,1,1,1,D:\Documents\Programming\Thesis_G10\data\raw\CMU-MOSEI\segments\R0o37yJ1PP0_004.mp4,data\preprocessed\features\z_at\R0o37yJ1PP0_004.pt,data\preprocessed\features\z_v\R0o37yJ1PP0_004.pt
R0uRDh-engU_001,mosei_real,0,mosei_R0uRDh-engU_001,,,-1,1,1,1,D:\Documents\Programming\Thesis_G10\data\raw\CMU-MOSEI\segments\R0uRDh-engU_001.mp4,data\preprocessed\features\z_at\R0uRDh-engU_001.pt,data\preprocessed\features\z_v\R0uRDh-engU_001.pt
R7IkQVUuLew_000,mosei_real,0,mosei_R7IkQVUuLew_000,,,-1,1,1,1,D:\Documents\Programming\Thesis_G10\data\raw\CMU-MOSEI\segments\R7IkQVUuLew_000.mp4,data\preprocessed\features\z_at\R7IkQVUuLew_000.pt,data\preprocessed\features\z_v\R7IkQVUuLew_000.pt
R7IkQVUuLew_001,mosei_real,0,mosei_R7IkQVUuLew_001,,,-1,1,1,1,D:\Documents\Programming\Thesis_G10\data\raw\CMU-MOSEI\segments\R7IkQVUuLew_001.mp4,data\preprocessed\features\z_at\R7IkQVUuLew_001.pt,data\preprocessed\features\z_v\R7IkQVUuLew_001.pt
R8leu0tEJ4o_000,mosei_real,0,mosei_R8leu0tEJ4o_000,,,-1,1,1,1,D:\Documents\Programming\Thesis_G10\data\raw\CMU-MOSEI\segments\R8leu0tEJ4o_000.mp4,data\preprocessed\features\z_at\R8leu0tEJ4o_000.pt,data\preprocessed\features\z_v\R8leu0tEJ4o_000.pt
R8leu0tEJ4o_005,mosei_real,0,mosei_R8leu0tEJ4o_005,,,-1,1,1,1,D:\Documents\Programming\Thesis_G10\data\raw\CMU-MOSEI\segments\R8leu0tEJ4o_005.mp4,data\preprocessed\features\z_at\R8leu0tEJ4o_005.pt,data\preprocessed\features\z_v\R8leu0tEJ4o_005.pt
RArhIHk4Qs4_000,mosei_real,0,mosei_RArhIHk4Qs4_000,,,-1,1,1,1,D:\Documents\Programming\Thesis_G10\data\raw\CMU-MOSEI\segments\RArhIHk4Qs4_000.mp4,data\preprocessed\features\z_at\RArhIHk4Qs4_000.pt,data\preprocessed\features\z_v\RArhIHk4Qs4_000.pt
RArhIHk4Qs4_003,mosei_real,0,mosei_RArhIHk4Qs4_003,,,-1,1,1,1,D:\Documents\Programming\Thesis_G10\data\raw\CMU-MOSEI\segments\RArhIHk4Qs4_003.mp4,data\preprocessed\features\z_at\RArhIHk4Qs4_003.pt,data\preprocessed\features\z_v\RArhIHk4Qs4_003.pt
RArhIHk4Qs4_004,mosei_real,0,mosei_RArhIHk4Qs4_004,,,-1,1,1,1,D:\Documents\Programming\Thesis_G10\data\raw\CMU-MOSEI\segments\RArhIHk4Qs4_004.mp4,data\preprocessed\features\z_at\RArhIHk4Qs4_004.pt,data\preprocessed\features\z_v\RArhIHk4Qs4_004.pt
RArhIHk4Qs4_005,mosei_real,0,mosei_RArhIHk4Qs4_005,,,-1,1,1,1,D:\Documents\Programming\Thesis_G10\data\raw\CMU-MOSEI\segments\RArhIHk4Qs4_005.mp4,data\preprocessed\features\z_at\RArhIHk4Qs4_005.pt,data\preprocessed\features\z_v\RArhIHk4Qs4_005.pt
RArhIHk4Qs4_007,mosei_real,0,mosei_RArhIHk4Qs4_007,,,-1,1,1,1,D:\Documents\Programming\Thesis_G10\data\raw\CMU-MOSEI\segments\RArhIHk4Qs4_007.mp4,data\preprocessed\features\z_at\RArhIHk4Qs4_007.pt,data\preprocessed\features\z_v\RArhIHk4Qs4_007.pt
RArhIHk4Qs4_008,mosei_real,0,mosei_RArhIHk4Qs4_008,,,-1,1,1,1,D:\Documents\Programming\Thesis_G10\data\raw\CMU-MOSEI\segments\RArhIHk4Qs4_008.mp4,data\preprocessed\features\z_at\RArhIHk4Qs4_008.pt,data\preprocessed\features\z_v\RArhIHk4Qs4_008.pt
RArhIHk4Qs4_011,mosei_real,0,mosei_RArhIHk4Qs4_011,,,-1,1,1,1,D:\Documents\Programming\Thesis_G10\data\raw\CMU-MOSEI\segments\RArhIHk4Qs4_011.mp4,data\preprocessed\features\z_at\RArhIHk4Qs4_011.pt,data\preprocessed\features\z_v\RArhIHk4Qs4_011.pt
RArhIHk4Qs4_012,mosei_real,0,mosei_RArhIHk4Qs4_012,,,-1,1,1,1,D:\Documents\Programming\Thesis_G10\data\raw\CMU-MOSEI\segments\RArhIHk4Qs4_012.mp4,data\preprocessed\features\z_at\RArhIHk4Qs4_012.pt,data\preprocessed\features\z_v\RArhIHk4Qs4_012.pt
RArhIHk4Qs4_014,mosei_real,0,mosei_RArhIHk4Qs4_014,,,-1,1,1,1,D:\Documents\Programming\Thesis_G10\data\raw\CMU-MOSEI\segments\RArhIHk4Qs4_014.mp4,data\preprocessed\features\z_at\RArhIHk4Qs4_014.pt,data\preprocessed\features\z_v\RArhIHk4Qs4_014.pt
RArhIHk4Qs4_016,mosei_real,0,mosei_RArhIHk4Qs4_016,,,-1,1,1,1,D:\Documents\Programming\Thesis_G10\data\raw\CMU-MOSEI\segments\RArhIHk4Qs4_016.mp4,data\preprocessed\features\z_at\RArhIHk4Qs4_016.pt,data\preprocessed\features\z_v\RArhIHk4Qs4_016.pt
RArhIHk4Qs4_019,mosei_real,0,mosei_RArhIHk4Qs4_019,,,-1,1,1,1,D:\Documents\Programming\Thesis_G10\data\raw\CMU-MOSEI\segments\RArhIHk4Qs4_019.mp4,data\preprocessed\features\z_at\RArhIHk4Qs4_019.pt,data\preprocessed\features\z_v\RArhIHk4Qs4_019.pt
RArhIHk4Qs4_020,mosei_real,0,mosei_RArhIHk4Qs4_020,,,-1,1,1,1,D:\Documents\Programming\Thesis_G10\data\raw\CMU-MOSEI\segments\RArhIHk4Qs4_020.mp4,data\preprocessed\features\z_at\RArhIHk4Qs4_020.pt,data\preprocessed\features\z_v\RArhIHk4Qs4_020.pt
REkPZ77s3Vc_003,mosei_real,0,mosei_REkPZ77s3Vc_003,,,-1,1,1,1,D:\Documents\Programming\Thesis_G10\data\raw\CMU-MOSEI\segments\REkPZ77s3Vc_003.mp4,data\preprocessed\features\z_at\REkPZ77s3Vc_003.pt,data\preprocessed\features\z_v\REkPZ77s3Vc_003.pt
RIAEgUKtzxw_001,mosei_real,0,mosei_RIAEgUKtzxw_001,,,-1,1,1,1,D:\Documents\Programming\Thesis_G10\data\raw\CMU-MOSEI\segments\RIAEgUKtzxw_001.mp4,data\preprocessed\features\z_at\RIAEgUKtzxw_001.pt,data\preprocessed\features\z_v\RIAEgUKtzxw_001.pt
RIAEgUKtzxw_002,mosei_real,0,mosei_RIAEgUKtzxw_002,,,-1,1,1,1,D:\Documents\Programming\Thesis_G10\data\raw\CMU-MOSEI\segments\RIAEgUKtzxw_002.mp4,data\preprocessed\features\z_at\RIAEgUKtzxw_002.pt,data\preprocessed\features\z_v\RIAEgUKtzxw_002.pt
RLHZ6xtIWSM_001,mosei_real,0,mosei_RLHZ6xtIWSM_001,,,-1,1,1,1,D:\Documents\Programming\Thesis_G10\data\raw\CMU-MOSEI\segments\RLHZ6xtIWSM_001.mp4,data\preprocessed\features\z_at\RLHZ6xtIWSM_001.pt,data\preprocessed\features\z_v\RLHZ6xtIWSM_001.pt
RLHZ6xtIWSM_002,mosei_real,0,mosei_RLHZ6xtIWSM_002,,,-1,1,1,1,D:\Documents\Programming\Thesis_G10\data\raw\CMU-MOSEI\segments\RLHZ6xtIWSM_002.mp4,data\preprocessed\features\z_at\RLHZ6xtIWSM_002.pt,data\preprocessed\features\z_v\RLHZ6xtIWSM_002.pt
RLHZ6xtIWSM_004,mosei_real,0,mosei_RLHZ6xtIWSM_004,,,-1,1,1,1,D:\Documents\Programming\Thesis_G10\data\raw\CMU-MOSEI\segments\RLHZ6xtIWSM_004.mp4,data\preprocessed\features\z_at\RLHZ6xtIWSM_004.pt,data\preprocessed\features\z_v\RLHZ6xtIWSM_004.pt
RLHZ6xtIWSM_005,mosei_real,0,mosei_RLHZ6xtIWSM_005,,,-1,1,1,1,D:\Documents\Programming\Thesis_G10\data\raw\CMU-MOSEI\segments\RLHZ6xtIWSM_005.mp4,data\preprocessed\features\z_at\RLHZ6xtIWSM_005.pt,data\preprocessed\features\z_v\RLHZ6xtIWSM_005.pt
RLHZ6xtIWSM_006,mosei_real,0,mosei_RLHZ6xtIWSM_006,,,-1,1,1,1,D:\Documents\Programming\Thesis_G10\data\raw\CMU-MOSEI\segments\RLHZ6xtIWSM_006.mp4,data\preprocessed\features\z_at\RLHZ6xtIWSM_006.pt,data\preprocessed\features\z_v\RLHZ6xtIWSM_006.pt
ROcTx5VEn7o_001,mosei_real,0,mosei_ROcTx5VEn7o_001,,,-1,1,1,1,D:\Documents\Programming\Thesis_G10\data\raw\CMU-MOSEI\segments\ROcTx5VEn7o_001.mp4,data\preprocessed\features\z_at\ROcTx5VEn7o_001.pt,data\preprocessed\features\z_v\ROcTx5VEn7o_001.pt
ROcTx5VEn7o_005,mosei_real,0,mosei_ROcTx5VEn7o_005,,,-1,1,1,1,D:\Documents\Programming\Thesis_G10\data\raw\CMU-MOSEI\segments\ROcTx5VEn7o_005.mp4,data\preprocessed\features\z_at\ROcTx5VEn7o_005.pt,data\preprocessed\features\z_v\ROcTx5VEn7o_005.pt
RRKez9BR-94_001,mosei_real,0,mosei_RRKez9BR-94_001,,,-1,1,1,1,D:\Documents\Programming\Thesis_G10\data\raw\CMU-MOSEI\segments\RRKez9BR-94_001.mp4,data\preprocessed\features\z_at\RRKez9BR-94_001.pt,data\preprocessed\features\z_v\RRKez9BR-94_001.pt
RRKez9BR-94_003,mosei_real,0,mosei_RRKez9BR-94_003,,,-1,1,1,1,D:\Documents\Programming\Thesis_G10\data\raw\CMU-MOSEI\segments\RRKez9BR-94_003.mp4,data\preprocessed\features\z_at\RRKez9BR-94_003.pt,data\preprocessed\features\z_v\RRKez9BR-94_003.pt
RRKez9BR-94_004,mosei_real,0,mosei_RRKez9BR-94_004,,,-1,1,1,1,D:\Documents\Programming\Thesis_G10\data\raw\CMU-MOSEI\segments\RRKez9BR-94_004.mp4,data\preprocessed\features\z_at\RRKez9BR-94_004.pt,data\preprocessed\features\z_v\RRKez9BR-94_004.pt
RRKez9BR-94_006,mosei_real,0,mosei_RRKez9BR-94_006,,,-1,1,1,1,D:\Documents\Programming\Thesis_G10\data\raw\CMU-MOSEI\segments\RRKez9BR-94_006.mp4,data\preprocessed\features\z_at\RRKez9BR-94_006.pt,data\preprocessed\features\z_v\RRKez9BR-94_006.pt
RS5WM3q2ZZQ_005,mosei_real,0,mosei_RS5WM3q2ZZQ_005,,,-1,1,1,1,D:\Documents\Programming\Thesis_G10\data\raw\CMU-MOSEI\segments\RS5WM3q2ZZQ_005.mp4,data\preprocessed\features\z_at\RS5WM3q2ZZQ_005.pt,data\preprocessed\features\z_v\RS5WM3q2ZZQ_005.pt
RS5WM3q2ZZQ_008,mosei_real,0,mosei_RS5WM3q2ZZQ_008,,,-1,1,1,1,D:\Documents\Programming\Thesis_G10\data\raw\CMU-MOSEI\segments\RS5WM3q2ZZQ_008.mp4,data\preprocessed\features\z_at\RS5WM3q2ZZQ_008.pt,data\preprocessed\features\z_v\RS5WM3q2ZZQ_008.pt
RS5WM3q2ZZQ_009,mosei_real,0,mosei_RS5WM3q2ZZQ_009,,,-1,1,1,1,D:\Documents\Programming\Thesis_G10\data\raw\CMU-MOSEI\segments\RS5WM3q2ZZQ_009.mp4,data\preprocessed\features\z_at\RS5WM3q2ZZQ_009.pt,data\preprocessed\features\z_v\RS5WM3q2ZZQ_009.pt
RS5WM3q2ZZQ_011,mosei_real,0,mosei_RS5WM3q2ZZQ_011,,,-1,1,1,1,D:\Documents\Programming\Thesis_G10\data\raw\CMU-MOSEI\segments\RS5WM3q2ZZQ_011.mp4,data\preprocessed\features\z_at\RS5WM3q2ZZQ_011.pt,data\preprocessed\features\z_v\RS5WM3q2ZZQ_011.pt
RS5WM3q2ZZQ_014,mosei_real,0,mosei_RS5WM3q2ZZQ_014,,,-1,1,1,1,D:\Documents\Programming\Thesis_G10\data\raw\CMU-MOSEI\segments\RS5WM3q2ZZQ_014.mp4,data\preprocessed\features\z_at\RS5WM3q2ZZQ_014.pt,data\preprocessed\features\z_v\RS5WM3q2ZZQ_014.pt
RS5WM3q2ZZQ_016,mosei_real,0,mosei_RS5WM3q2ZZQ_016,,,-1,1,1,1,D:\Documents\Programming\Thesis_G10\data\raw\CMU-MOSEI\segments\RS5WM3q2ZZQ_016.mp4,data\preprocessed\features\z_at\RS5WM3q2ZZQ_016.pt,data\preprocessed\features\z_v\RS5WM3q2ZZQ_016.pt
RS5WM3q2ZZQ_017,mosei_real,0,mosei_RS5WM3q2ZZQ_017,,,-1,1,1,1,D:\Documents\Programming\Thesis_G10\data\raw\CMU-MOSEI\segments\RS5WM3q2ZZQ_017.mp4,data\preprocessed\features\z_at\RS5WM3q2ZZQ_017.pt,data\preprocessed\features\z_v\RS5WM3q2ZZQ_017.pt
RST6PgpsLws_001,mosei_real,0,mosei_RST6PgpsLws_001,,,-1,1,1,1,D:\Documents\Programming\Thesis_G10\data\raw\CMU-MOSEI\segments\RST6PgpsLws_001.mp4,data\preprocessed\features\z_at\RST6PgpsLws_001.pt,data\preprocessed\features\z_v\RST6PgpsLws_001.pt
RST6PgpsLws_002,mosei_real,0,mosei_RST6PgpsLws_002,,,-1,1,1,1,D:\Documents\Programming\Thesis_G10\data\raw\CMU-MOSEI\segments\RST6PgpsLws_002.mp4,data\preprocessed\features\z_at\RST6PgpsLws_002.pt,data\preprocessed\features\z_v\RST6PgpsLws_002.pt
RST6PgpsLws_004,mosei_real,0,mosei_RST6PgpsLws_004,,,-1,1,1,1,D:\Documents\Programming\Thesis_G10\data\raw\CMU-MOSEI\segments\RST6PgpsLws_004.mp4,data\preprocessed\features\z_at\RST6PgpsLws_004.pt,data\preprocessed\features\z_v\RST6PgpsLws_004.pt
RST6PgpsLws_007,mosei_real,0,mosei_RST6PgpsLws_007,,,-1,1,1,1,D:\Documents\Programming\Thesis_G10\data\raw\CMU-MOSEI\segments\RST6PgpsLws_007.mp4,data\preprocessed\features\z_at\RST6PgpsLws_007.pt,data\preprocessed\features\z_v\RST6PgpsLws_007.pt
RTzDzj4NxIM_000,mosei_real,0,mosei_RTzDzj4NxIM_000,,,-1,1,1,1,D:\Documents\Programming\Thesis_G10\data\raw\CMU-MOSEI\segments\RTzDzj4NxIM_000.mp4,data\preprocessed\features\z_at\RTzDzj4NxIM_000.pt,data\preprocessed\features\z_v\RTzDzj4NxIM_000.pt
RTzDzj4NxIM_001,mosei_real,0,mosei_RTzDzj4NxIM_001,,,-1,1,1,1,D:\Documents\Programming\Thesis_G10\data\raw\CMU-MOSEI\segments\RTzDzj4NxIM_001.mp4,data\preprocessed\features\z_at\RTzDzj4NxIM_001.pt,data\preprocessed\features\z_v\RTzDzj4NxIM_001.pt
RTzDzj4NxIM_002,mosei_real,0,mosei_RTzDzj4NxIM_002,,,-1,1,1,1,D:\Documents\Programming\Thesis_G10\data\raw\CMU-MOSEI\segments\RTzDzj4NxIM_002.mp4,data\preprocessed\features\z_at\RTzDzj4NxIM_002.pt,data\preprocessed\features\z_v\RTzDzj4NxIM_002.pt
RTzDzj4NxIM_003,mosei_real,0,mosei_RTzDzj4NxIM_003,,,-1,1,1,1,D:\Documents\Programming\Thesis_G10\data\raw\CMU-MOSEI\segments\RTzDzj4NxIM_003.mp4,data\preprocessed\features\z_at\RTzDzj4NxIM_003.pt,data\preprocessed\features\z_v\RTzDzj4NxIM_003.pt
RTzDzj4NxIM_004,mosei_real,0,mosei_RTzDzj4NxIM_004,,,-1,1,1,1,D:\Documents\Programming\Thesis_G10\data\raw\CMU-MOSEI\segments\RTzDzj4NxIM_004.mp4,data\preprocessed\features\z_at\RTzDzj4NxIM_004.pt,data\preprocessed\features\z_v\RTzDzj4NxIM_004.pt
RTzDzj4NxIM_006,mosei_real,0,mosei_RTzDzj4NxIM_006,,,-1,1,1,1,D:\Documents\Programming\Thesis_G10\data\raw\CMU-MOSEI\segments\RTzDzj4NxIM_006.mp4,data\preprocessed\features\z_at\RTzDzj4NxIM_006.pt,data\preprocessed\features\z_v\RTzDzj4NxIM_006.pt
RVC8l5hf2Eg_000,mosei_real,0,mosei_RVC8l5hf2Eg_000,,,-1,1,1,1,D:\Documents\Programming\Thesis_G10\data\raw\CMU-MOSEI\segments\RVC8l5hf2Eg_000.mp4,data\preprocessed\features\z_at\RVC8l5hf2Eg_000.pt,data\preprocessed\features\z_v\RVC8l5hf2Eg_000.pt
RVC8l5hf2Eg_002,mosei_real,0,mosei_RVC8l5hf2Eg_002,,,-1,1,1,1,D:\Documents\Programming\Thesis_G10\data\raw\CMU-MOSEI\segments\RVC8l5hf2Eg_002.mp4,data\preprocessed\features\z_at\RVC8l5hf2Eg_002.pt,data\preprocessed\features\z_v\RVC8l5hf2Eg_002.pt
RVC8l5hf2Eg_003,mosei_real,0,mosei_RVC8l5hf2Eg_003,,,-1,1,1,1,D:\Documents\Programming\Thesis_G10\data\raw\CMU-MOSEI\segments\RVC8l5hf2Eg_003.mp4,data\preprocessed\features\z_at\RVC8l5hf2Eg_003.pt,data\preprocessed\features\z_v\RVC8l5hf2Eg_003.pt
RVC8l5hf2Eg_008,mosei_real,0,mosei_RVC8l5hf2Eg_008,,,-1,1,1,1,D:\Documents\Programming\Thesis_G10\data\raw\CMU-MOSEI\segments\RVC8l5hf2Eg_008.mp4,data\preprocessed\features\z_at\RVC8l5hf2Eg_008.pt,data\preprocessed\features\z_v\RVC8l5hf2Eg_008.pt
RVC8l5hf2Eg_009,mosei_real,0,mosei_RVC8l5hf2Eg_009,,,-1,1,1,1,D:\Documents\Programming\Thesis_G10\data\raw\CMU-MOSEI\segments\RVC8l5hf2Eg_009.mp4,data\preprocessed\features\z_at\RVC8l5hf2Eg_009.pt,data\preprocessed\features\z_v\RVC8l5hf2Eg_009.pt
Rw2pzFGosmw_000,mosei_real,0,mosei_Rw2pzFGosmw_000,,,-1,1,1,1,D:\Documents\Programming\Thesis_G10\data\raw\CMU-MOSEI\segments\Rw2pzFGosmw_000.mp4,data\preprocessed\features\z_at\Rw2pzFGosmw_000.pt,data\preprocessed\features\z_v\Rw2pzFGosmw_000.pt
Rw2pzFGosmw_001,mosei_real,0,mosei_Rw2pzFGosmw_001,,,-1,1,1,1,D:\Documents\Programming\Thesis_G10\data\raw\CMU-MOSEI\segments\Rw2pzFGosmw_001.mp4,data\preprocessed\features\z_at\Rw2pzFGosmw_001.pt,data\preprocessed\features\z_v\Rw2pzFGosmw_001.pt
Rw2pzFGosmw_002,mosei_real,0,mosei_Rw2pzFGosmw_002,,,-1,1,1,1,D:\Documents\Programming\Thesis_G10\data\raw\CMU-MOSEI\segments\Rw2pzFGosmw_002.mp4,data\preprocessed\features\z_at\Rw2pzFGosmw_002.pt,data\preprocessed\features\z_v\Rw2pzFGosmw_002.pt
Rw2pzFGosmw_003,mosei_real,0,mosei_Rw2pzFGosmw_003,,,-1,1,1,1,D:\Documents\Programming\Thesis_G10\data\raw\CMU-MOSEI\segments\Rw2pzFGosmw_003.mp4,data\preprocessed\features\z_at\Rw2pzFGosmw_003.pt,data\preprocessed\features\z_v\Rw2pzFGosmw_003.pt
Rw2pzFGosmw_004,mosei_real,0,mosei_Rw2pzFGosmw_004,,,-1,1,1,1,D:\Documents\Programming\Thesis_G10\data\raw\CMU-MOSEI\segments\Rw2pzFGosmw_004.mp4,data\preprocessed\features\z_at\Rw2pzFGosmw_004.pt,data\preprocessed\features\z_v\Rw2pzFGosmw_004.pt
Rw2pzFGosmw_005,mosei_real,0,mosei_Rw2pzFGosmw_005,,,-1,1,1,1,D:\Documents\Programming\Thesis_G10\data\raw\CMU-MOSEI\segments\Rw2pzFGosmw_005.mp4,data\preprocessed\features\z_at\Rw2pzFGosmw_005.pt,data\preprocessed\features\z_v\Rw2pzFGosmw_005.pt
Rw2pzFGosmw_006,mosei_real,0,mosei_Rw2pzFGosmw_006,,,-1,1,1,1,D:\Documents\Programming\Thesis_G10\data\raw\CMU-MOSEI\segments\Rw2pzFGosmw_006.mp4,data\preprocessed\features\z_at\Rw2pzFGosmw_006.pt,data\preprocessed\features\z_v\Rw2pzFGosmw_006.pt
RwcTz-tOIeo_000,mosei_real,0,mosei_RwcTz-tOIeo_000,,,-1,1,1,1,D:\Documents\Programming\Thesis_G10\data\raw\CMU-MOSEI\segments\RwcTz-tOIeo_000.mp4,data\preprocessed\features\z_at\RwcTz-tOIeo_000.pt,data\preprocessed\features\z_v\RwcTz-tOIeo_000.pt
RwcTz-tOIeo_003,mosei_real,0,mosei_RwcTz-tOIeo_003,,,-1,1,1,1,D:\Documents\Programming\Thesis_G10\data\raw\CMU-MOSEI\segments\RwcTz-tOIeo_003.mp4,data\preprocessed\features\z_at\RwcTz-tOIeo_003.pt,data\preprocessed\features\z_v\RwcTz-tOIeo_003.pt
S0ecaAi_CJo_001,mosei_real,0,mosei_S0ecaAi_CJo_001,,,-1,1,1,1,D:\Documents\Programming\Thesis_G10\data\raw\CMU-MOSEI\segments\S0ecaAi_CJo_001.mp4,data\preprocessed\features\z_at\S0ecaAi_CJo_001.pt,data\preprocessed\features\z_v\S0ecaAi_CJo_001.pt
S9PDgK7fpJI_000,mosei_real,0,mosei_S9PDgK7fpJI_000,,,-1,1,1,1,D:\Documents\Programming\Thesis_G10\data\raw\CMU-MOSEI\segments\S9PDgK7fpJI_000.mp4,data\preprocessed\features\z_at\S9PDgK7fpJI_000.pt,data\preprocessed\features\z_v\S9PDgK7fpJI_000.pt
S9PDgK7fpJI_001,mosei_real,0,mosei_S9PDgK7fpJI_001,,,-1,1,1,1,D:\Documents\Programming\Thesis_G10\data\raw\CMU-MOSEI\segments\S9PDgK7fpJI_001.mp4,data\preprocessed\features\z_at\S9PDgK7fpJI_001.pt,data\preprocessed\features\z_v\S9PDgK7fpJI_001.pt
S9PDgK7fpJI_002,mosei_real,0,mosei_S9PDgK7fpJI_002,,,-1,1,1,1,D:\Documents\Programming\Thesis_G10\data\raw\CMU-MOSEI\segments\S9PDgK7fpJI_002.mp4,data\preprocessed\features\z_at\S9PDgK7fpJI_002.pt,data\preprocessed\features\z_v\S9PDgK7fpJI_002.pt
S9PDgK7fpJI_004,mosei_real,0,mosei_S9PDgK7fpJI_004,,,-1,1,1,1,D:\Documents\Programming\Thesis_G10\data\raw\CMU-MOSEI\segments\S9PDgK7fpJI_004.mp4,data\preprocessed\features\z_at\S9PDgK7fpJI_004.pt,data\preprocessed\features\z_v\S9PDgK7fpJI_004.pt
S9PDgK7fpJI_005,mosei_real,0,mosei_S9PDgK7fpJI_005,,,-1,1,1,1,D:\Documents\Programming\Thesis_G10\data\raw\CMU-MOSEI\segments\S9PDgK7fpJI_005.mp4,data\preprocessed\features\z_at\S9PDgK7fpJI_005.pt,data\preprocessed\features\z_v\S9PDgK7fpJI_005.pt
S9PDgK7fpJI_006,mosei_real,0,mosei_S9PDgK7fpJI_006,,,-1,1,1,1,D:\Documents\Programming\Thesis_G10\data\raw\CMU-MOSEI\segments\S9PDgK7fpJI_006.mp4,data\preprocessed\features\z_at\S9PDgK7fpJI_006.pt,data\preprocessed\features\z_v\S9PDgK7fpJI_006.pt
S9PDgK7fpJI_007,mosei_real,0,mosei_S9PDgK7fpJI_007,,,-1,1,1,1,D:\Documents\Programming\Thesis_G10\data\raw\CMU-MOSEI\segments\S9PDgK7fpJI_007.mp4,data\preprocessed\features\z_at\S9PDgK7fpJI_007.pt,data\preprocessed\features\z_v\S9PDgK7fpJI_007.pt
S9PDgK7fpJI_008,mosei_real,0,mosei_S9PDgK7fpJI_008,,,-1,1,1,1,D:\Documents\Programming\Thesis_G10\data\raw\CMU-MOSEI\segments\S9PDgK7fpJI_008.mp4,data\preprocessed\features\z_at\S9PDgK7fpJI_008.pt,data\preprocessed\features\z_v\S9PDgK7fpJI_008.pt
S9PDgK7fpJI_009,mosei_real,0,mosei_S9PDgK7fpJI_009,,,-1,1,1,1,D:\Documents\Programming\Thesis_G10\data\raw\CMU-MOSEI\segments\S9PDgK7fpJI_009.mp4,data\preprocessed\features\z_at\S9PDgK7fpJI_009.pt,data\preprocessed\features\z_v\S9PDgK7fpJI_009.pt
S9PDgK7fpJI_011,mosei_real,0,mosei_S9PDgK7fpJI_011,,,-1,1,1,1,D:\Documents\Programming\Thesis_G10\data\raw\CMU-MOSEI\segments\S9PDgK7fpJI_011.mp4,data\preprocessed\features\z_at\S9PDgK7fpJI_011.pt,data\preprocessed\features\z_v\S9PDgK7fpJI_011.pt
SGsiGz2fdpo_000,mosei_real,0,mosei_SGsiGz2fdpo_000,,,-1,1,1,1,D:\Documents\Programming\Thesis_G10\data\raw\CMU-MOSEI\segments\SGsiGz2fdpo_000.mp4,data\preprocessed\features\z_at\SGsiGz2fdpo_000.pt,data\preprocessed\features\z_v\SGsiGz2fdpo_000.pt
SGsiGz2fdpo_004,mosei_real,0,mosei_SGsiGz2fdpo_004,,,-1,1,1,1,D:\Documents\Programming\Thesis_G10\data\raw\CMU-MOSEI\segments\SGsiGz2fdpo_004.mp4,data\preprocessed\features\z_at\SGsiGz2fdpo_004.pt,data\preprocessed\features\z_v\SGsiGz2fdpo_004.pt
SGsiGz2fdpo_006,mosei_real,0,mosei_SGsiGz2fdpo_006,,,-1,1,1,1,D:\Documents\Programming\Thesis_G10\data\raw\CMU-MOSEI\segments\SGsiGz2fdpo_006.mp4,data\preprocessed\features\z_at\SGsiGz2fdpo_006.pt,data\preprocessed\features\z_v\SGsiGz2fdpo_006.pt
SGsiGz2fdpo_008,mosei_real,0,mosei_SGsiGz2fdpo_008,,,-1,1,1,1,D:\Documents\Programming\Thesis_G10\data\raw\CMU-MOSEI\segments\SGsiGz2fdpo_008.mp4,data\preprocessed\features\z_at\SGsiGz2fdpo_008.pt,data\preprocessed\features\z_v\SGsiGz2fdpo_008.pt
SGsiGz2fdpo_009,mosei_real,0,mosei_SGsiGz2fdpo_009,,,-1,1,1,1,D:\Documents\Programming\Thesis_G10\data\raw\CMU-MOSEI\segments\SGsiGz2fdpo_009.mp4,data\preprocessed\features\z_at\SGsiGz2fdpo_009.pt,data\preprocessed\features\z_v\SGsiGz2fdpo_009.pt
SGsiGz2fdpo_010,mosei_real,0,mosei_SGsiGz2fdpo_010,,,-1,1,1,1,D:\Documents\Programming\Thesis_G10\data\raw\CMU-MOSEI\segments\SGsiGz2fdpo_010.mp4,data\preprocessed\features\z_at\SGsiGz2fdpo_010.pt,data\preprocessed\features\z_v\SGsiGz2fdpo_010.pt
SGsiGz2fdpo_011,mosei_real,0,mosei_SGsiGz2fdpo_011,,,-1,1,1,1,D:\Documents\Programming\Thesis_G10\data\raw\CMU-MOSEI\segments\SGsiGz2fdpo_011.mp4,data\preprocessed\features\z_at\SGsiGz2fdpo_011.pt,data\preprocessed\features\z_v\SGsiGz2fdpo_011.pt
SGsiGz2fdpo_012,mosei_real,0,mosei_SGsiGz2fdpo_012,,,-1,1,1,1,D:\Documents\Programming\Thesis_G10\data\raw\CMU-MOSEI\segments\SGsiGz2fdpo_012.mp4,data\preprocessed\features\z_at\SGsiGz2fdpo_012.pt,data\preprocessed\features\z_v\SGsiGz2fdpo_012.pt
SGsiGz2fdpo_013,mosei_real,0,mosei_SGsiGz2fdpo_013,,,-1,1,1,1,D:\Documents\Programming\Thesis_G10\data\raw\CMU-MOSEI\segments\SGsiGz2fdpo_013.mp4,data\preprocessed\features\z_at\SGsiGz2fdpo_013.pt,data\preprocessed\features\z_v\SGsiGz2fdpo_013.pt
SGsiGz2fdpo_014,mosei_real,0,mosei_SGsiGz2fdpo_014,,,-1,1,1,1,D:\Documents\Programming\Thesis_G10\data\raw\CMU-MOSEI\segments\SGsiGz2fdpo_014.mp4,data\preprocessed\features\z_at\SGsiGz2fdpo_014.pt,data\preprocessed\features\z_v\SGsiGz2fdpo_014.pt
SGsiGz2fdpo_018,mosei_real,0,mosei_SGsiGz2fdpo_018,,,-1,1,1,1,D:\Documents\Programming\Thesis_G10\data\raw\CMU-MOSEI\segments\SGsiGz2fdpo_018.mp4,data\preprocessed\features\z_at\SGsiGz2fdpo_018.pt,data\preprocessed\features\z_v\SGsiGz2fdpo_018.pt
SGsiGz2fdpo_019,mosei_real,0,mosei_SGsiGz2fdpo_019,,,-1,1,1,1,D:\Documents\Programming\Thesis_G10\data\raw\CMU-MOSEI\segments\SGsiGz2fdpo_019.mp4,data\preprocessed\features\z_at\SGsiGz2fdpo_019.pt,data\preprocessed\features\z_v\SGsiGz2fdpo_019.pt
SGsiGz2fdpo_020,mosei_real,0,mosei_SGsiGz2fdpo_020,,,-1,1,1,1,D:\Documents\Programming\Thesis_G10\data\raw\CMU-MOSEI\segments\SGsiGz2fdpo_020.mp4,data\preprocessed\features\z_at\SGsiGz2fdpo_020.pt,data\preprocessed\features\z_v\SGsiGz2fdpo_020.pt
SGsiGz2fdpo_021,mosei_real,0,mosei_SGsiGz2fdpo_021,,,-1,1,1,1,D:\Documents\Programming\Thesis_G10\data\raw\CMU-MOSEI\segments\SGsiGz2fdpo_021.mp4,data\preprocessed\features\z_at\SGsiGz2fdpo_021.pt,data\preprocessed\features\z_v\SGsiGz2fdpo_021.pt
SGsiGz2fdpo_026,mosei_real,0,mosei_SGsiGz2fdpo_026,,,-1,1,1,1,D:\Documents\Programming\Thesis_G10\data\raw\CMU-MOSEI\segments\SGsiGz2fdpo_026.mp4,data\preprocessed\features\z_at\SGsiGz2fdpo_026.pt,data\preprocessed\features\z_v\SGsiGz2fdpo_026.pt
SGsiGz2fdpo_027,mosei_real,0,mosei_SGsiGz2fdpo_027,,,-1,1,1,1,D:\Documents\Programming\Thesis_G10\data\raw\CMU-MOSEI\segments\SGsiGz2fdpo_027.mp4,data\preprocessed\features\z_at\SGsiGz2fdpo_027.pt,data\preprocessed\features\z_v\SGsiGz2fdpo_027.pt
SGsiGz2fdpo_028,mosei_real,0,mosei_SGsiGz2fdpo_028,,,-1,1,1,1,D:\Documents\Programming\Thesis_G10\data\raw\CMU-MOSEI\segments\SGsiGz2fdpo_028.mp4,data\preprocessed\features\z_at\SGsiGz2fdpo_028.pt,data\preprocessed\features\z_v\SGsiGz2fdpo_028.pt
SGsiGz2fdpo_030,mosei_real,0,mosei_SGsiGz2fdpo_030,,,-1,1,1,1,D:\Documents\Programming\Thesis_G10\data\raw\CMU-MOSEI\segments\SGsiGz2fdpo_030.mp4,data\preprocessed\features\z_at\SGsiGz2fdpo_030.pt,data\preprocessed\features\z_v\SGsiGz2fdpo_030.pt
SH0OYx3fR7s_001,mosei_real,0,mosei_SH0OYx3fR7s_001,,,-1,1,1,1,D:\Documents\Programming\Thesis_G10\data\raw\CMU-MOSEI\segments\SH0OYx3fR7s_001.mp4,data\preprocessed\features\z_at\SH0OYx3fR7s_001.pt,data\preprocessed\features\z_v\SH0OYx3fR7s_001.pt
SH0OYx3fR7s_003,mosei_real,0,mosei_SH0OYx3fR7s_003,,,-1,1,1,1,D:\Documents\Programming\Thesis_G10\data\raw\CMU-MOSEI\segments\SH0OYx3fR7s_003.mp4,data\preprocessed\features\z_at\SH0OYx3fR7s_003.pt,data\preprocessed\features\z_v\SH0OYx3fR7s_003.pt
SHa756SwGJQ_000,mosei_real,0,mosei_SHa756SwGJQ_000,,,-1,1,1,1,D:\Documents\Programming\Thesis_G10\data\raw\CMU-MOSEI\segments\SHa756SwGJQ_000.mp4,data\preprocessed\features\z_at\SHa756SwGJQ_000.pt,data\preprocessed\features\z_v\SHa756SwGJQ_000.pt
SHa756SwGJQ_001,mosei_real,0,mosei_SHa756SwGJQ_001,,,-1,1,1,1,D:\Documents\Programming\Thesis_G10\data\raw\CMU-MOSEI\segments\SHa756SwGJQ_001.mp4,data\preprocessed\features\z_at\SHa756SwGJQ_001.pt,data\preprocessed\features\z_v\SHa756SwGJQ_001.pt
SHa756SwGJQ_003,mosei_real,0,mosei_SHa756SwGJQ_003,,,-1,1,1,1,D:\Documents\Programming\Thesis_G10\data\raw\CMU-MOSEI\segments\SHa756SwGJQ_003.mp4,data\preprocessed\features\z_at\SHa756SwGJQ_003.pt,data\preprocessed\features\z_v\SHa756SwGJQ_003.pt
SHa756SwGJQ_004,mosei_real,0,mosei_SHa756SwGJQ_004,,,-1,1,1,1,D:\Documents\Programming\Thesis_G10\data\raw\CMU-MOSEI\segments\SHa756SwGJQ_004.mp4,data\preprocessed\features\z_at\SHa756SwGJQ_004.pt,data\preprocessed\features\z_v\SHa756SwGJQ_004.pt
SI39azgVUR8_001,mosei_real,0,mosei_SI39azgVUR8_001,,,-1,1,1,1,D:\Documents\Programming\Thesis_G10\data\raw\CMU-MOSEI\segments\SI39azgVUR8_001.mp4,data\preprocessed\features\z_at\SI39azgVUR8_001.pt,data\preprocessed\features\z_v\SI39azgVUR8_001.pt
SI39azgVUR8_002,mosei_real,0,mosei_SI39azgVUR8_002,,,-1,1,1,1,D:\Documents\Programming\Thesis_G10\data\raw\CMU-MOSEI\segments\SI39azgVUR8_002.mp4,data\preprocessed\features\z_at\SI39azgVUR8_002.pt,data\preprocessed\features\z_v\SI39azgVUR8_002.pt
SI39azgVUR8_003,mosei_real,0,mosei_SI39azgVUR8_003,,,-1,1,1,1,D:\Documents\Programming\Thesis_G10\data\raw\CMU-MOSEI\segments\SI39azgVUR8_003.mp4,data\preprocessed\features\z_at\SI39azgVUR8_003.pt,data\preprocessed\features\z_v\SI39azgVUR8_003.pt
SKTyBOhDX6U_002,mosei_real,0,mosei_SKTyBOhDX6U_002,,,-1,1,1,1,D:\Documents\Programming\Thesis_G10\data\raw\CMU-MOSEI\segments\SKTyBOhDX6U_002.mp4,data\preprocessed\features\z_at\SKTyBOhDX6U_002.pt,data\preprocessed\features\z_v\SKTyBOhDX6U_002.pt
SKTyBOhDX6U_004,mosei_real,0,mosei_SKTyBOhDX6U_004,,,-1,1,1,1,D:\Documents\Programming\Thesis_G10\data\raw\CMU-MOSEI\segments\SKTyBOhDX6U_004.mp4,data\preprocessed\features\z_at\SKTyBOhDX6U_004.pt,data\preprocessed\features\z_v\SKTyBOhDX6U_004.pt
SKTyBOhDX6U_006,mosei_real,0,mosei_SKTyBOhDX6U_006,,,-1,1,1,1,D:\Documents\Programming\Thesis_G10\data\raw\CMU-MOSEI\segments\SKTyBOhDX6U_006.mp4,data\preprocessed\features\z_at\SKTyBOhDX6U_006.pt,data\preprocessed\features\z_v\SKTyBOhDX6U_006.pt
SKTyBOhDX6U_007,mosei_real,0,mosei_SKTyBOhDX6U_007,,,-1,1,1,1,D:\Documents\Programming\Thesis_G10\data\raw\CMU-MOSEI\segments\SKTyBOhDX6U_007.mp4,data\preprocessed\features\z_at\SKTyBOhDX6U_007.pt,data\preprocessed\features\z_v\SKTyBOhDX6U_007.pt
SKTyBOhDX6U_008,mosei_real,0,mosei_SKTyBOhDX6U_008,,,-1,1,1,1,D:\Documents\Programming\Thesis_G10\data\raw\CMU-MOSEI\segments\SKTyBOhDX6U_008.mp4,data\preprocessed\features\z_at\SKTyBOhDX6U_008.pt,data\preprocessed\features\z_v\SKTyBOhDX6U_008.pt
SKTyBOhDX6U_009,mosei_real,0,mosei_SKTyBOhDX6U_009,,,-1,1,1,1,D:\Documents\Programming\Thesis_G10\data\raw\CMU-MOSEI\segments\SKTyBOhDX6U_009.mp4,data\preprocessed\features\z_at\SKTyBOhDX6U_009.pt,data\preprocessed\features\z_v\SKTyBOhDX6U_009.pt
SLi2gT5H6m8_000,mosei_real,0,mosei_SLi2gT5H6m8_000,,,-1,1,1,1,D:\Documents\Programming\Thesis_G10\data\raw\CMU-MOSEI\segments\SLi2gT5H6m8_000.mp4,data\preprocessed\features\z_at\SLi2gT5H6m8_000.pt,data\preprocessed\features\z_v\SLi2gT5H6m8_000.pt
SLi2gT5H6m8_001,mosei_real,0,mosei_SLi2gT5H6m8_001,,,-1,1,1,1,D:\Documents\Programming\Thesis_G10\data\raw\CMU-MOSEI\segments\SLi2gT5H6m8_001.mp4,data\preprocessed\features\z_at\SLi2gT5H6m8_001.pt,data\preprocessed\features\z_v\SLi2gT5H6m8_001.pt
SLi2gT5H6m8_003,mosei_real,0,mosei_SLi2gT5H6m8_003,,,-1,1,1,1,D:\Documents\Programming\Thesis_G10\data\raw\CMU-MOSEI\segments\SLi2gT5H6m8_003.mp4,data\preprocessed\features\z_at\SLi2gT5H6m8_003.pt,data\preprocessed\features\z_v\SLi2gT5H6m8_003.pt
SLi2gT5H6m8_004,mosei_real,0,mosei_SLi2gT5H6m8_004,,,-1,1,1,1,D:\Documents\Programming\Thesis_G10\data\raw\CMU-MOSEI\segments\SLi2gT5H6m8_004.mp4,data\preprocessed\features\z_at\SLi2gT5H6m8_004.pt,data\preprocessed\features\z_v\SLi2gT5H6m8_004.pt
SLi2gT5H6m8_006,mosei_real,0,mosei_SLi2gT5H6m8_006,,,-1,1,1,1,D:\Documents\Programming\Thesis_G10\data\raw\CMU-MOSEI\segments\SLi2gT5H6m8_006.mp4,data\preprocessed\features\z_at\SLi2gT5H6m8_006.pt,data\preprocessed\features\z_v\SLi2gT5H6m8_006.pt
SLi2gT5H6m8_007,mosei_real,0,mosei_SLi2gT5H6m8_007,,,-1,1,1,1,D:\Documents\Programming\Thesis_G10\data\raw\CMU-MOSEI\segments\SLi2gT5H6m8_007.mp4,data\preprocessed\features\z_at\SLi2gT5H6m8_007.pt,data\preprocessed\features\z_v\SLi2gT5H6m8_007.pt
SLi2gT5H6m8_008,mosei_real,0,mosei_SLi2gT5H6m8_008,,,-1,1,1,1,D:\Documents\Programming\Thesis_G10\data\raw\CMU-MOSEI\segments\SLi2gT5H6m8_008.mp4,data\preprocessed\features\z_at\SLi2gT5H6m8_008.pt,data\preprocessed\features\z_v\SLi2gT5H6m8_008.pt
SLi2gT5H6m8_009,mosei_real,0,mosei_SLi2gT5H6m8_009,,,-1,1,1,1,D:\Documents\Programming\Thesis_G10\data\raw\CMU-MOSEI\segments\SLi2gT5H6m8_009.mp4,data\preprocessed\features\z_at\SLi2gT5H6m8_009.pt,data\preprocessed\features\z_v\SLi2gT5H6m8_009.pt
SMr2DprlLu4_000,mosei_real,0,mosei_SMr2DprlLu4_000,,,-1,1,1,1,D:\Documents\Programming\Thesis_G10\data\raw\CMU-MOSEI\segments\SMr2DprlLu4_000.mp4,data\preprocessed\features\z_at\SMr2DprlLu4_000.pt,data\preprocessed\features\z_v\SMr2DprlLu4_000.pt
STeqtJLakQQ_000,mosei_real,0,mosei_STeqtJLakQQ_000,,,-1,1,1,1,D:\Documents\Programming\Thesis_G10\data\raw\CMU-MOSEI\segments\STeqtJLakQQ_000.mp4,data\preprocessed\features\z_at\STeqtJLakQQ_000.pt,data\preprocessed\features\z_v\STeqtJLakQQ_000.pt
STeqtJLakQQ_003,mosei_real,0,mosei_STeqtJLakQQ_003,,,-1,1,1,1,D:\Documents\Programming\Thesis_G10\data\raw\CMU-MOSEI\segments\STeqtJLakQQ_003.mp4,data\preprocessed\features\z_at\STeqtJLakQQ_003.pt,data\preprocessed\features\z_v\STeqtJLakQQ_003.pt
STeqtJLakQQ_004,mosei_real,0,mosei_STeqtJLakQQ_004,,,-1,1,1,1,D:\Documents\Programming\Thesis_G10\data\raw\CMU-MOSEI\segments\STeqtJLakQQ_004.mp4,data\preprocessed\features\z_at\STeqtJLakQQ_004.pt,data\preprocessed\features\z_v\STeqtJLakQQ_004.pt
STeqtJLakQQ_005,mosei_real,0,mosei_STeqtJLakQQ_005,,,-1,1,1,1,D:\Documents\Programming\Thesis_G10\data\raw\CMU-MOSEI\segments\STeqtJLakQQ_005.mp4,data\preprocessed\features\z_at\STeqtJLakQQ_005.pt,data\preprocessed\features\z_v\STeqtJLakQQ_005.pt
STeqtJLakQQ_006,mosei_real,0,mosei_STeqtJLakQQ_006,,,-1,1,1,1,D:\Documents\Programming\Thesis_G10\data\raw\CMU-MOSEI\segments\STeqtJLakQQ_006.mp4,data\preprocessed\features\z_at\STeqtJLakQQ_006.pt,data\preprocessed\features\z_v\STeqtJLakQQ_006.pt
SWHmteF5Rlk_003,mosei_real,0,mosei_SWHmteF5Rlk_003,,,-1,1,1,1,D:\Documents\Programming\Thesis_G10\data\raw\CMU-MOSEI\segments\SWHmteF5Rlk_003.mp4,data\preprocessed\features\z_at\SWHmteF5Rlk_003.pt,data\preprocessed\features\z_v\SWHmteF5Rlk_003.pt
SWHmteF5Rlk_006,mosei_real,0,mosei_SWHmteF5Rlk_006,,,-1,1,1,1,D:\Documents\Programming\Thesis_G10\data\raw\CMU-MOSEI\segments\SWHmteF5Rlk_006.mp4,data\preprocessed\features\z_at\SWHmteF5Rlk_006.pt,data\preprocessed\features\z_v\SWHmteF5Rlk_006.pt
SYQ_zv8dWng_001,mosei_real,0,mosei_SYQ_zv8dWng_001,,,-1,1,1,1,D:\Documents\Programming\Thesis_G10\data\raw\CMU-MOSEI\segments\SYQ_zv8dWng_001.mp4,data\preprocessed\features\z_at\SYQ_zv8dWng_001.pt,data\preprocessed\features\z_v\SYQ_zv8dWng_001.pt
SYQ_zv8dWng_003,mosei_real,0,mosei_SYQ_zv8dWng_003,,,-1,1,1,1,D:\Documents\Programming\Thesis_G10\data\raw\CMU-MOSEI\segments\SYQ_zv8dWng_003.mp4,data\preprocessed\features\z_at\SYQ_zv8dWng_003.pt,data\preprocessed\features\z_v\SYQ_zv8dWng_003.pt
SYQ_zv8dWng_004,mosei_real,0,mosei_SYQ_zv8dWng_004,,,-1,1,1,1,D:\Documents\Programming\Thesis_G10\data\raw\CMU-MOSEI\segments\SYQ_zv8dWng_004.mp4,data\preprocessed\features\z_at\SYQ_zv8dWng_004.pt,data\preprocessed\features\z_v\SYQ_zv8dWng_004.pt
SYQ_zv8dWng_008,mosei_real,0,mosei_SYQ_zv8dWng_008,,,-1,1,1,1,D:\Documents\Programming\Thesis_G10\data\raw\CMU-MOSEI\segments\SYQ_zv8dWng_008.mp4,data\preprocessed\features\z_at\SYQ_zv8dWng_008.pt,data\preprocessed\features\z_v\SYQ_zv8dWng_008.pt
SYnygYs-fAg_004,mosei_real,0,mosei_SYnygYs-fAg_004,,,-1,1,1,1,D:\Documents\Programming\Thesis_G10\data\raw\CMU-MOSEI\segments\SYnygYs-fAg_004.mp4,data\preprocessed\features\z_at\SYnygYs-fAg_004.pt,data\preprocessed\features\z_v\SYnygYs-fAg_004.pt
SYnygYs-fAg_005,mosei_real,0,mosei_SYnygYs-fAg_005,,,-1,1,1,1,D:\Documents\Programming\Thesis_G10\data\raw\CMU-MOSEI\segments\SYnygYs-fAg_005.mp4,data\preprocessed\features\z_at\SYnygYs-fAg_005.pt,data\preprocessed\features\z_v\SYnygYs-fAg_005.pt
SYnygYs-fAg_007,mosei_real,0,mosei_SYnygYs-fAg_007,,,-1,1,1,1,D:\Documents\Programming\Thesis_G10\data\raw\CMU-MOSEI\segments\SYnygYs-fAg_007.mp4,data\preprocessed\features\z_at\SYnygYs-fAg_007.pt,data\preprocessed\features\z_v\SYnygYs-fAg_007.pt
SYnygYs-fAg_009,mosei_real,0,mosei_SYnygYs-fAg_009,,,-1,1,1,1,D:\Documents\Programming\Thesis_G10\data\raw\CMU-MOSEI\segments\SYnygYs-fAg_009.mp4,data\preprocessed\features\z_at\SYnygYs-fAg_009.pt,data\preprocessed\features\z_v\SYnygYs-fAg_009.pt
SYnygYs-fAg_010,mosei_real,0,mosei_SYnygYs-fAg_010,,,-1,1,1,1,D:\Documents\Programming\Thesis_G10\data\raw\CMU-MOSEI\segments\SYnygYs-fAg_010.mp4,data\preprocessed\features\z_at\SYnygYs-fAg_010.pt,data\preprocessed\features\z_v\SYnygYs-fAg_010.pt
SYnygYs-fAg_012,mosei_real,0,mosei_SYnygYs-fAg_012,,,-1,1,1,1,D:\Documents\Programming\Thesis_G10\data\raw\CMU-MOSEI\segments\SYnygYs-fAg_012.mp4,data\preprocessed\features\z_at\SYnygYs-fAg_012.pt,data\preprocessed\features\z_v\SYnygYs-fAg_012.pt
SYnygYs-fAg_015,mosei_real,0,mosei_SYnygYs-fAg_015,,,-1,1,1,1,D:\Documents\Programming\Thesis_G10\data\raw\CMU-MOSEI\segments\SYnygYs-fAg_015.mp4,data\preprocessed\features\z_at\SYnygYs-fAg_015.pt,data\preprocessed\features\z_v\SYnygYs-fAg_015.pt
SZ7HK5ns6mE_002,mosei_real,0,mosei_SZ7HK5ns6mE_002,,,-1,1,1,1,D:\Documents\Programming\Thesis_G10\data\raw\CMU-MOSEI\segments\SZ7HK5ns6mE_002.mp4,data\preprocessed\features\z_at\SZ7HK5ns6mE_002.pt,data\preprocessed\features\z_v\SZ7HK5ns6mE_002.pt
SZ7HK5ns6mE_003,mosei_real,0,mosei_SZ7HK5ns6mE_003,,,-1,1,1,1,D:\Documents\Programming\Thesis_G10\data\raw\CMU-MOSEI\segments\SZ7HK5ns6mE_003.mp4,data\preprocessed\features\z_at\SZ7HK5ns6mE_003.pt,data\preprocessed\features\z_v\SZ7HK5ns6mE_003.pt
SZ7HK5ns6mE_004,mosei_real,0,mosei_SZ7HK5ns6mE_004,,,-1,1,1,1,D:\Documents\Programming\Thesis_G10\data\raw\CMU-MOSEI\segments\SZ7HK5ns6mE_004.mp4,data\preprocessed\features\z_at\SZ7HK5ns6mE_004.pt,data\preprocessed\features\z_v\SZ7HK5ns6mE_004.pt
SZRxuS6fn9s_000,mosei_real,0,mosei_SZRxuS6fn9s_000,,,-1,1,1,1,D:\Documents\Programming\Thesis_G10\data\raw\CMU-MOSEI\segments\SZRxuS6fn9s_000.mp4,data\preprocessed\features\z_at\SZRxuS6fn9s_000.pt,data\preprocessed\features\z_v\SZRxuS6fn9s_000.pt
SZRxuS6fn9s_001,mosei_real,0,mosei_SZRxuS6fn9s_001,,,-1,1,1,1,D:\Documents\Programming\Thesis_G10\data\raw\CMU-MOSEI\segments\SZRxuS6fn9s_001.mp4,data\preprocessed\features\z_at\SZRxuS6fn9s_001.pt,data\preprocessed\features\z_v\SZRxuS6fn9s_001.pt
SZRxuS6fn9s_002,mosei_real,0,mosei_SZRxuS6fn9s_002,,,-1,1,1,1,D:\Documents\Programming\Thesis_G10\data\raw\CMU-MOSEI\segments\SZRxuS6fn9s_002.mp4,data\preprocessed\features\z_at\SZRxuS6fn9s_002.pt,data\preprocessed\features\z_v\SZRxuS6fn9s_002.pt
SZRxuS6fn9s_003,mosei_real,0,mosei_SZRxuS6fn9s_003,,,-1,1,1,1,D:\Documents\Programming\Thesis_G10\data\raw\CMU-MOSEI\segments\SZRxuS6fn9s_003.mp4,data\preprocessed\features\z_at\SZRxuS6fn9s_003.pt,data\preprocessed\features\z_v\SZRxuS6fn9s_003.pt
S_ISgjJR1bc_000,mosei_real,0,mosei_S_ISgjJR1bc_000,,,-1,1,1,1,D:\Documents\Programming\Thesis_G10\data\raw\CMU-MOSEI\segments\S_ISgjJR1bc_000.mp4,data\preprocessed\features\z_at\S_ISgjJR1bc_000.pt,data\preprocessed\features\z_v\S_ISgjJR1bc_000.pt
S_mxvk4LEh0_002,mosei_real,0,mosei_S_mxvk4LEh0_002,,,-1,1,1,1,D:\Documents\Programming\Thesis_G10\data\raw\CMU-MOSEI\segments\S_mxvk4LEh0_002.mp4,data\preprocessed\features\z_at\S_mxvk4LEh0_002.pt,data\preprocessed\features\z_v\S_mxvk4LEh0_002.pt
S_mxvk4LEh0_004,mosei_real,0,mosei_S_mxvk4LEh0_004,,,-1,1,1,1,D:\Documents\Programming\Thesis_G10\data\raw\CMU-MOSEI\segments\S_mxvk4LEh0_004.mp4,data\preprocessed\features\z_at\S_mxvk4LEh0_004.pt,data\preprocessed\features\z_v\S_mxvk4LEh0_004.pt
Sb2xMPwNKPo_000,mosei_real,0,mosei_Sb2xMPwNKPo_000,,,-1,1,1,1,D:\Documents\Programming\Thesis_G10\data\raw\CMU-MOSEI\segments\Sb2xMPwNKPo_000.mp4,data\preprocessed\features\z_at\Sb2xMPwNKPo_000.pt,data\preprocessed\features\z_v\Sb2xMPwNKPo_000.pt
Sb2xMPwNKPo_002,mosei_real,0,mosei_Sb2xMPwNKPo_002,,,-1,1,1,1,D:\Documents\Programming\Thesis_G10\data\raw\CMU-MOSEI\segments\Sb2xMPwNKPo_002.mp4,data\preprocessed\features\z_at\Sb2xMPwNKPo_002.pt,data\preprocessed\features\z_v\Sb2xMPwNKPo_002.pt
Sb2xMPwNKPo_004,mosei_real,0,mosei_Sb2xMPwNKPo_004,,,-1,1,1,1,D:\Documents\Programming\Thesis_G10\data\raw\CMU-MOSEI\segments\Sb2xMPwNKPo_004.mp4,data\preprocessed\features\z_at\Sb2xMPwNKPo_004.pt,data\preprocessed\features\z_v\Sb2xMPwNKPo_004.pt
Sb6ftNgzz9M_000,mosei_real,0,mosei_Sb6ftNgzz9M_000,,,-1,1,1,1,D:\Documents\Programming\Thesis_G10\data\raw\CMU-MOSEI\segments\Sb6ftNgzz9M_000.mp4,data\preprocessed\features\z_at\Sb6ftNgzz9M_000.pt,data\preprocessed\features\z_v\Sb6ftNgzz9M_000.pt
ShgrdU9WAJE_000,mosei_real,0,mosei_ShgrdU9WAJE_000,,,-1,1,1,1,D:\Documents\Programming\Thesis_G10\data\raw\CMU-MOSEI\segments\ShgrdU9WAJE_000.mp4,data\preprocessed\features\z_at\ShgrdU9WAJE_000.pt,data\preprocessed\features\z_v\ShgrdU9WAJE_000.pt
ShgrdU9WAJE_001,mosei_real,0,mosei_ShgrdU9WAJE_001,,,-1,1,1,1,D:\Documents\Programming\Thesis_G10\data\raw\CMU-MOSEI\segments\ShgrdU9WAJE_001.mp4,data\preprocessed\features\z_at\ShgrdU9WAJE_001.pt,data\preprocessed\features\z_v\ShgrdU9WAJE_001.pt
ShgrdU9WAJE_002,mosei_real,0,mosei_ShgrdU9WAJE_002,,,-1,1,1,1,D:\Documents\Programming\Thesis_G10\data\raw\CMU-MOSEI\segments\ShgrdU9WAJE_002.mp4,data\preprocessed\features\z_at\ShgrdU9WAJE_002.pt,data\preprocessed\features\z_v\ShgrdU9WAJE_002.pt
ShgrdU9WAJE_003,mosei_real,0,mosei_ShgrdU9WAJE_003,,,-1,1,1,1,D:\Documents\Programming\Thesis_G10\data\raw\CMU-MOSEI\segments\ShgrdU9WAJE_003.mp4,data\preprocessed\features\z_at\ShgrdU9WAJE_003.pt,data\preprocessed\features\z_v\ShgrdU9WAJE_003.pt
ShgrdU9WAJE_004,mosei_real,0,mosei_ShgrdU9WAJE_004,,,-1,1,1,1,D:\Documents\Programming\Thesis_G10\data\raw\CMU-MOSEI\segments\ShgrdU9WAJE_004.mp4,data\preprocessed\features\z_at\ShgrdU9WAJE_004.pt,data\preprocessed\features\z_v\ShgrdU9WAJE_004.pt
ShgrdU9WAJE_006,mosei_real,0,mosei_ShgrdU9WAJE_006,,,-1,1,1,1,D:\Documents\Programming\Thesis_G10\data\raw\CMU-MOSEI\segments\ShgrdU9WAJE_006.mp4,data\preprocessed\features\z_at\ShgrdU9WAJE_006.pt,data\preprocessed\features\z_v\ShgrdU9WAJE_006.pt
ShgrdU9WAJE_007,mosei_real,0,mosei_ShgrdU9WAJE_007,,,-1,1,1,1,D:\Documents\Programming\Thesis_G10\data\raw\CMU-MOSEI\segments\ShgrdU9WAJE_007.mp4,data\preprocessed\features\z_at\ShgrdU9WAJE_007.pt,data\preprocessed\features\z_v\ShgrdU9WAJE_007.pt
ShgrdU9WAJE_008,mosei_real,0,mosei_ShgrdU9WAJE_008,,,-1,1,1,1,D:\Documents\Programming\Thesis_G10\data\raw\CMU-MOSEI\segments\ShgrdU9WAJE_008.mp4,data\preprocessed\features\z_at\ShgrdU9WAJE_008.pt,data\preprocessed\features\z_v\ShgrdU9WAJE_008.pt
ShgrdU9WAJE_010,mosei_real,0,mosei_ShgrdU9WAJE_010,,,-1,1,1,1,D:\Documents\Programming\Thesis_G10\data\raw\CMU-MOSEI\segments\ShgrdU9WAJE_010.mp4,data\preprocessed\features\z_at\ShgrdU9WAJE_010.pt,data\preprocessed\features\z_v\ShgrdU9WAJE_010.pt
ShgrdU9WAJE_011,mosei_real,0,mosei_ShgrdU9WAJE_011,,,-1,1,1,1,D:\Documents\Programming\Thesis_G10\data\raw\CMU-MOSEI\segments\ShgrdU9WAJE_011.mp4,data\preprocessed\features\z_at\ShgrdU9WAJE_011.pt,data\preprocessed\features\z_v\ShgrdU9WAJE_011.pt
ShgrdU9WAJE_012,mosei_real,0,mosei_ShgrdU9WAJE_012,,,-1,1,1,1,D:\Documents\Programming\Thesis_G10\data\raw\CMU-MOSEI\segments\ShgrdU9WAJE_012.mp4,data\preprocessed\features\z_at\ShgrdU9WAJE_012.pt,data\preprocessed\features\z_v\ShgrdU9WAJE_012.pt
Sir2QeCh4B0_002,mosei_real,0,mosei_Sir2QeCh4B0_002,,,-1,1,1,1,D:\Documents\Programming\Thesis_G10\data\raw\CMU-MOSEI\segments\Sir2QeCh4B0_002.mp4,data\preprocessed\features\z_at\Sir2QeCh4B0_002.pt,data\preprocessed\features\z_v\Sir2QeCh4B0_002.pt
Sir2QeCh4B0_003,mosei_real,0,mosei_Sir2QeCh4B0_003,,,-1,1,1,1,D:\Documents\Programming\Thesis_G10\data\raw\CMU-MOSEI\segments\Sir2QeCh4B0_003.mp4,data\preprocessed\features\z_at\Sir2QeCh4B0_003.pt,data\preprocessed\features\z_v\Sir2QeCh4B0_003.pt
Sir2QeCh4B0_005,mosei_real,0,mosei_Sir2QeCh4B0_005,,,-1,1,1,1,D:\Documents\Programming\Thesis_G10\data\raw\CMU-MOSEI\segments\Sir2QeCh4B0_005.mp4,data\preprocessed\features\z_at\Sir2QeCh4B0_005.pt,data\preprocessed\features\z_v\Sir2QeCh4B0_005.pt
Sir2QeCh4B0_006,mosei_real,0,mosei_Sir2QeCh4B0_006,,,-1,1,1,1,D:\Documents\Programming\Thesis_G10\data\raw\CMU-MOSEI\segments\Sir2QeCh4B0_006.mp4,data\preprocessed\features\z_at\Sir2QeCh4B0_006.pt,data\preprocessed\features\z_v\Sir2QeCh4B0_006.pt
Sir2QeCh4B0_007,mosei_real,0,mosei_Sir2QeCh4B0_007,,,-1,1,1,1,D:\Documents\Programming\Thesis_G10\data\raw\CMU-MOSEI\segments\Sir2QeCh4B0_007.mp4,data\preprocessed\features\z_at\Sir2QeCh4B0_007.pt,data\preprocessed\features\z_v\Sir2QeCh4B0_007.pt
So3bPzg2bq0_000,mosei_real,0,mosei_So3bPzg2bq0_000,,,-1,1,1,1,D:\Documents\Programming\Thesis_G10\data\raw\CMU-MOSEI\segments\So3bPzg2bq0_000.mp4,data\preprocessed\features\z_at\So3bPzg2bq0_000.pt,data\preprocessed\features\z_v\So3bPzg2bq0_000.pt
So3bPzg2bq0_001,mosei_real,0,mosei_So3bPzg2bq0_001,,,-1,1,1,1,D:\Documents\Programming\Thesis_G10\data\raw\CMU-MOSEI\segments\So3bPzg2bq0_001.mp4,data\preprocessed\features\z_at\So3bPzg2bq0_001.pt,data\preprocessed\features\z_v\So3bPzg2bq0_001.pt
So3bPzg2bq0_002,mosei_real,0,mosei_So3bPzg2bq0_002,,,-1,1,1,1,D:\Documents\Programming\Thesis_G10\data\raw\CMU-MOSEI\segments\So3bPzg2bq0_002.mp4,data\preprocessed\features\z_at\So3bPzg2bq0_002.pt,data\preprocessed\features\z_v\So3bPzg2bq0_002.pt
So3bPzg2bq0_003,mosei_real,0,mosei_So3bPzg2bq0_003,,,-1,1,1,1,D:\Documents\Programming\Thesis_G10\data\raw\CMU-MOSEI\segments\So3bPzg2bq0_003.mp4,data\preprocessed\features\z_at\So3bPzg2bq0_003.pt,data\preprocessed\features\z_v\So3bPzg2bq0_003.pt
So3bPzg2bq0_006,mosei_real,0,mosei_So3bPzg2bq0_006,,,-1,1,1,1,D:\Documents\Programming\Thesis_G10\data\raw\CMU-MOSEI\segments\So3bPzg2bq0_006.mp4,data\preprocessed\features\z_at\So3bPzg2bq0_006.pt,data\preprocessed\features\z_v\So3bPzg2bq0_006.pt
SqAiJrvHXNA_002,mosei_real,0,mosei_SqAiJrvHXNA_002,,,-1,1,1,1,D:\Documents\Programming\Thesis_G10\data\raw\CMU-MOSEI\segments\SqAiJrvHXNA_002.mp4,data\preprocessed\features\z_at\SqAiJrvHXNA_002.pt,data\preprocessed\features\z_v\SqAiJrvHXNA_002.pt
SqAiJrvHXNA_006,mosei_real,0,mosei_SqAiJrvHXNA_006,,,-1,1,1,1,D:\Documents\Programming\Thesis_G10\data\raw\CMU-MOSEI\segments\SqAiJrvHXNA_006.mp4,data\preprocessed\features\z_at\SqAiJrvHXNA_006.pt,data\preprocessed\features\z_v\SqAiJrvHXNA_006.pt
SrMN3rwvCsE_002,mosei_real,0,mosei_SrMN3rwvCsE_002,,,-1,1,1,1,D:\Documents\Programming\Thesis_G10\data\raw\CMU-MOSEI\segments\SrMN3rwvCsE_002.mp4,data\preprocessed\features\z_at\SrMN3rwvCsE_002.pt,data\preprocessed\features\z_v\SrMN3rwvCsE_002.pt
SrMN3rwvCsE_003,mosei_real,0,mosei_SrMN3rwvCsE_003,,,-1,1,1,1,D:\Documents\Programming\Thesis_G10\data\raw\CMU-MOSEI\segments\SrMN3rwvCsE_003.mp4,data\preprocessed\features\z_at\SrMN3rwvCsE_003.pt,data\preprocessed\features\z_v\SrMN3rwvCsE_003.pt
SrMN3rwvCsE_004,mosei_real,0,mosei_SrMN3rwvCsE_004,,,-1,1,1,1,D:\Documents\Programming\Thesis_G10\data\raw\CMU-MOSEI\segments\SrMN3rwvCsE_004.mp4,data\preprocessed\features\z_at\SrMN3rwvCsE_004.pt,data\preprocessed\features\z_v\SrMN3rwvCsE_004.pt
SrMN3rwvCsE_005,mosei_real,0,mosei_SrMN3rwvCsE_005,,,-1,1,1,1,D:\Documents\Programming\Thesis_G10\data\raw\CMU-MOSEI\segments\SrMN3rwvCsE_005.mp4,data\preprocessed\features\z_at\SrMN3rwvCsE_005.pt,data\preprocessed\features\z_v\SrMN3rwvCsE_005.pt
StgqrTr0JqU_003,mosei_real,0,mosei_StgqrTr0JqU_003,,,-1,1,1,1,D:\Documents\Programming\Thesis_G10\data\raw\CMU-MOSEI\segments\StgqrTr0JqU_003.mp4,data\preprocessed\features\z_at\StgqrTr0JqU_003.pt,data\preprocessed\features\z_v\StgqrTr0JqU_003.pt
StgqrTr0JqU_008,mosei_real,0,mosei_StgqrTr0JqU_008,,,-1,1,1,1,D:\Documents\Programming\Thesis_G10\data\raw\CMU-MOSEI\segments\StgqrTr0JqU_008.mp4,data\preprocessed\features\z_at\StgqrTr0JqU_008.pt,data\preprocessed\features\z_v\StgqrTr0JqU_008.pt
StgqrTr0JqU_010,mosei_real,0,mosei_StgqrTr0JqU_010,,,-1,1,1,1,D:\Documents\Programming\Thesis_G10\data\raw\CMU-MOSEI\segments\StgqrTr0JqU_010.mp4,data\preprocessed\features\z_at\StgqrTr0JqU_010.pt,data\preprocessed\features\z_v\StgqrTr0JqU_010.pt
SuKnUzid-1g_001,mosei_real,0,mosei_SuKnUzid-1g_001,,,-1,1,1,1,D:\Documents\Programming\Thesis_G10\data\raw\CMU-MOSEI\segments\SuKnUzid-1g_001.mp4,data\preprocessed\features\z_at\SuKnUzid-1g_001.pt,data\preprocessed\features\z_v\SuKnUzid-1g_001.pt
SwT0gh0V8fI_003,mosei_real,0,mosei_SwT0gh0V8fI_003,,,-1,1,1,1,D:\Documents\Programming\Thesis_G10\data\raw\CMU-MOSEI\segments\SwT0gh0V8fI_003.mp4,data\preprocessed\features\z_at\SwT0gh0V8fI_003.pt,data\preprocessed\features\z_v\SwT0gh0V8fI_003.pt
SwT0gh0V8fI_006,mosei_real,0,mosei_SwT0gh0V8fI_006,,,-1,1,1,1,D:\Documents\Programming\Thesis_G10\data\raw\CMU-MOSEI\segments\SwT0gh0V8fI_006.mp4,data\preprocessed\features\z_at\SwT0gh0V8fI_006.pt,data\preprocessed\features\z_v\SwT0gh0V8fI_006.pt
SwT0gh0V8fI_013,mosei_real,0,mosei_SwT0gh0V8fI_013,,,-1,1,1,1,D:\Documents\Programming\Thesis_G10\data\raw\CMU-MOSEI\segments\SwT0gh0V8fI_013.mp4,data\preprocessed\features\z_at\SwT0gh0V8fI_013.pt,data\preprocessed\features\z_v\SwT0gh0V8fI_013.pt
SxbTZjZD0vU_000,mosei_real,0,mosei_SxbTZjZD0vU_000,,,-1,1,1,1,D:\Documents\Programming\Thesis_G10\data\raw\CMU-MOSEI\segments\SxbTZjZD0vU_000.mp4,data\preprocessed\features\z_at\SxbTZjZD0vU_000.pt,data\preprocessed\features\z_v\SxbTZjZD0vU_000.pt
SxbTZjZD0vU_001,mosei_real,0,mosei_SxbTZjZD0vU_001,,,-1,1,1,1,D:\Documents\Programming\Thesis_G10\data\raw\CMU-MOSEI\segments\SxbTZjZD0vU_001.mp4,data\preprocessed\features\z_at\SxbTZjZD0vU_001.pt,data\preprocessed\features\z_v\SxbTZjZD0vU_001.pt
SxbTZjZD0vU_004,mosei_real,0,mosei_SxbTZjZD0vU_004,,,-1,1,1,1,D:\Documents\Programming\Thesis_G10\data\raw\CMU-MOSEI\segments\SxbTZjZD0vU_004.mp4,data\preprocessed\features\z_at\SxbTZjZD0vU_004.pt,data\preprocessed\features\z_v\SxbTZjZD0vU_004.pt
SxbTZjZD0vU_005,mosei_real,0,mosei_SxbTZjZD0vU_005,,,-1,1,1,1,D:\Documents\Programming\Thesis_G10\data\raw\CMU-MOSEI\segments\SxbTZjZD0vU_005.mp4,data\preprocessed\features\z_at\SxbTZjZD0vU_005.pt,data\preprocessed\features\z_v\SxbTZjZD0vU_005.pt
T-8TvJcS78w_002,mosei_real,0,mosei_T-8TvJcS78w_002,,,-1,1,1,1,D:\Documents\Programming\Thesis_G10\data\raw\CMU-MOSEI\segments\T-8TvJcS78w_002.mp4,data\preprocessed\features\z_at\T-8TvJcS78w_002.pt,data\preprocessed\features\z_v\T-8TvJcS78w_002.pt
T-8TvJcS78w_004,mosei_real,0,mosei_T-8TvJcS78w_004,,,-1,1,1,1,D:\Documents\Programming\Thesis_G10\data\raw\CMU-MOSEI\segments\T-8TvJcS78w_004.mp4,data\preprocessed\features\z_at\T-8TvJcS78w_004.pt,data\preprocessed\features\z_v\T-8TvJcS78w_004.pt
T-8TvJcS78w_005,mosei_real,0,mosei_T-8TvJcS78w_005,,,-1,1,1,1,D:\Documents\Programming\Thesis_G10\data\raw\CMU-MOSEI\segments\T-8TvJcS78w_005.mp4,data\preprocessed\features\z_at\T-8TvJcS78w_005.pt,data\preprocessed\features\z_v\T-8TvJcS78w_005.pt
T-vqHR989bM_000,mosei_real,0,mosei_T-vqHR989bM_000,,,-1,1,1,1,D:\Documents\Programming\Thesis_G10\data\raw\CMU-MOSEI\segments\T-vqHR989bM_000.mp4,data\preprocessed\features\z_at\T-vqHR989bM_000.pt,data\preprocessed\features\z_v\T-vqHR989bM_000.pt
T-vqHR989bM_001,mosei_real,0,mosei_T-vqHR989bM_001,,,-1,1,1,1,D:\Documents\Programming\Thesis_G10\data\raw\CMU-MOSEI\segments\T-vqHR989bM_001.mp4,data\preprocessed\features\z_at\T-vqHR989bM_001.pt,data\preprocessed\features\z_v\T-vqHR989bM_001.pt
T4e4Ba1sRg0_002,mosei_real,0,mosei_T4e4Ba1sRg0_002,,,-1,1,1,1,D:\Documents\Programming\Thesis_G10\data\raw\CMU-MOSEI\segments\T4e4Ba1sRg0_002.mp4,data\preprocessed\features\z_at\T4e4Ba1sRg0_002.pt,data\preprocessed\features\z_v\T4e4Ba1sRg0_002.pt
T4e4Ba1sRg0_004,mosei_real,0,mosei_T4e4Ba1sRg0_004,,,-1,1,1,1,D:\Documents\Programming\Thesis_G10\data\raw\CMU-MOSEI\segments\T4e4Ba1sRg0_004.mp4,data\preprocessed\features\z_at\T4e4Ba1sRg0_004.pt,data\preprocessed\features\z_v\T4e4Ba1sRg0_004.pt
TBCjKGYBNIo_000,mosei_real,0,mosei_TBCjKGYBNIo_000,,,-1,1,1,1,D:\Documents\Programming\Thesis_G10\data\raw\CMU-MOSEI\segments\TBCjKGYBNIo_000.mp4,data\preprocessed\features\z_at\TBCjKGYBNIo_000.pt,data\preprocessed\features\z_v\TBCjKGYBNIo_000.pt
TBCjKGYBNIo_001,mosei_real,0,mosei_TBCjKGYBNIo_001,,,-1,1,1,1,D:\Documents\Programming\Thesis_G10\data\raw\CMU-MOSEI\segments\TBCjKGYBNIo_001.mp4,data\preprocessed\features\z_at\TBCjKGYBNIo_001.pt,data\preprocessed\features\z_v\TBCjKGYBNIo_001.pt
TBCjKGYBNIo_003,mosei_real,0,mosei_TBCjKGYBNIo_003,,,-1,1,1,1,D:\Documents\Programming\Thesis_G10\data\raw\CMU-MOSEI\segments\TBCjKGYBNIo_003.mp4,data\preprocessed\features\z_at\TBCjKGYBNIo_003.pt,data\preprocessed\features\z_v\TBCjKGYBNIo_003.pt
TBCjKGYBNIo_004,mosei_real,0,mosei_TBCjKGYBNIo_004,,,-1,1,1,1,D:\Documents\Programming\Thesis_G10\data\raw\CMU-MOSEI\segments\TBCjKGYBNIo_004.mp4,data\preprocessed\features\z_at\TBCjKGYBNIo_004.pt,data\preprocessed\features\z_v\TBCjKGYBNIo_004.pt
TBCjKGYBNIo_005,mosei_real,0,mosei_TBCjKGYBNIo_005,,,-1,1,1,1,D:\Documents\Programming\Thesis_G10\data\raw\CMU-MOSEI\segments\TBCjKGYBNIo_005.mp4,data\preprocessed\features\z_at\TBCjKGYBNIo_005.pt,data\preprocessed\features\z_v\TBCjKGYBNIo_005.pt
TBCjKGYBNIo_006,mosei_real,0,mosei_TBCjKGYBNIo_006,,,-1,1,1,1,D:\Documents\Programming\Thesis_G10\data\raw\CMU-MOSEI\segments\TBCjKGYBNIo_006.mp4,data\preprocessed\features\z_at\TBCjKGYBNIo_006.pt,data\preprocessed\features\z_v\TBCjKGYBNIo_006.pt
TBCjKGYBNIo_009,mosei_real,0,mosei_TBCjKGYBNIo_009,,,-1,1,1,1,D:\Documents\Programming\Thesis_G10\data\raw\CMU-MOSEI\segments\TBCjKGYBNIo_009.mp4,data\preprocessed\features\z_at\TBCjKGYBNIo_009.pt,data\preprocessed\features\z_v\TBCjKGYBNIo_009.pt
TBCjKGYBNIo_011,mosei_real,0,mosei_TBCjKGYBNIo_011,,,-1,1,1,1,D:\Documents\Programming\Thesis_G10\data\raw\CMU-MOSEI\segments\TBCjKGYBNIo_011.mp4,data\preprocessed\features\z_at\TBCjKGYBNIo_011.pt,data\preprocessed\features\z_v\TBCjKGYBNIo_011.pt
TBCjKGYBNIo_012,mosei_real,0,mosei_TBCjKGYBNIo_012,,,-1,1,1,1,D:\Documents\Programming\Thesis_G10\data\raw\CMU-MOSEI\segments\TBCjKGYBNIo_012.mp4,data\preprocessed\features\z_at\TBCjKGYBNIo_012.pt,data\preprocessed\features\z_v\TBCjKGYBNIo_012.pt
TBCjKGYBNIo_013,mosei_real,0,mosei_TBCjKGYBNIo_013,,,-1,1,1,1,D:\Documents\Programming\Thesis_G10\data\raw\CMU-MOSEI\segments\TBCjKGYBNIo_013.mp4,data\preprocessed\features\z_at\TBCjKGYBNIo_013.pt,data\preprocessed\features\z_v\TBCjKGYBNIo_013.pt
TBCjKGYBNIo_016,mosei_real,0,mosei_TBCjKGYBNIo_016,,,-1,1,1,1,D:\Documents\Programming\Thesis_G10\data\raw\CMU-MOSEI\segments\TBCjKGYBNIo_016.mp4,data\preprocessed\features\z_at\TBCjKGYBNIo_016.pt,data\preprocessed\features\z_v\TBCjKGYBNIo_016.pt
TBCjKGYBNIo_017,mosei_real,0,mosei_TBCjKGYBNIo_017,,,-1,1,1,1,D:\Documents\Programming\Thesis_G10\data\raw\CMU-MOSEI\segments\TBCjKGYBNIo_017.mp4,data\preprocessed\features\z_at\TBCjKGYBNIo_017.pt,data\preprocessed\features\z_v\TBCjKGYBNIo_017.pt
TBwetweXRb4_002,mosei_real,0,mosei_TBwetweXRb4_002,,,-1,1,1,1,D:\Documents\Programming\Thesis_G10\data\raw\CMU-MOSEI\segments\TBwetweXRb4_002.mp4,data\preprocessed\features\z_at\TBwetweXRb4_002.pt,data\preprocessed\features\z_v\TBwetweXRb4_002.pt
TH32jop4FiI_000,mosei_real,0,mosei_TH32jop4FiI_000,,,-1,1,1,1,D:\Documents\Programming\Thesis_G10\data\raw\CMU-MOSEI\segments\TH32jop4FiI_000.mp4,data\preprocessed\features\z_at\TH32jop4FiI_000.pt,data\preprocessed\features\z_v\TH32jop4FiI_000.pt
TH32jop4FiI_001,mosei_real,0,mosei_TH32jop4FiI_001,,,-1,1,1,1,D:\Documents\Programming\Thesis_G10\data\raw\CMU-MOSEI\segments\TH32jop4FiI_001.mp4,data\preprocessed\features\z_at\TH32jop4FiI_001.pt,data\preprocessed\features\z_v\TH32jop4FiI_001.pt
TH32jop4FiI_004,mosei_real,0,mosei_TH32jop4FiI_004,,,-1,1,1,1,D:\Documents\Programming\Thesis_G10\data\raw\CMU-MOSEI\segments\TH32jop4FiI_004.mp4,data\preprocessed\features\z_at\TH32jop4FiI_004.pt,data\preprocessed\features\z_v\TH32jop4FiI_004.pt
TH32jop4FiI_005,mosei_real,0,mosei_TH32jop4FiI_005,,,-1,1,1,1,D:\Documents\Programming\Thesis_G10\data\raw\CMU-MOSEI\segments\TH32jop4FiI_005.mp4,data\preprocessed\features\z_at\TH32jop4FiI_005.pt,data\preprocessed\features\z_v\TH32jop4FiI_005.pt
TH32jop4FiI_006,mosei_real,0,mosei_TH32jop4FiI_006,,,-1,1,1,1,D:\Documents\Programming\Thesis_G10\data\raw\CMU-MOSEI\segments\TH32jop4FiI_006.mp4,data\preprocessed\features\z_at\TH32jop4FiI_006.pt,data\preprocessed\features\z_v\TH32jop4FiI_006.pt
TH32jop4FiI_008,mosei_real,0,mosei_TH32jop4FiI_008,,,-1,1,1,1,D:\Documents\Programming\Thesis_G10\data\raw\CMU-MOSEI\segments\TH32jop4FiI_008.mp4,data\preprocessed\features\z_at\TH32jop4FiI_008.pt,data\preprocessed\features\z_v\TH32jop4FiI_008.pt
TH32jop4FiI_010,mosei_real,0,mosei_TH32jop4FiI_010,,,-1,1,1,1,D:\Documents\Programming\Thesis_G10\data\raw\CMU-MOSEI\segments\TH32jop4FiI_010.mp4,data\preprocessed\features\z_at\TH32jop4FiI_010.pt,data\preprocessed\features\z_v\TH32jop4FiI_010.pt
TH32jop4FiI_011,mosei_real,0,mosei_TH32jop4FiI_011,,,-1,1,1,1,D:\Documents\Programming\Thesis_G10\data\raw\CMU-MOSEI\segments\TH32jop4FiI_011.mp4,data\preprocessed\features\z_at\TH32jop4FiI_011.pt,data\preprocessed\features\z_v\TH32jop4FiI_011.pt
TJelZLbfT2A_002,mosei_real,0,mosei_TJelZLbfT2A_002,,,-1,1,1,1,D:\Documents\Programming\Thesis_G10\data\raw\CMU-MOSEI\segments\TJelZLbfT2A_002.mp4,data\preprocessed\features\z_at\TJelZLbfT2A_002.pt,data\preprocessed\features\z_v\TJelZLbfT2A_002.pt
TJelZLbfT2A_003,mosei_real,0,mosei_TJelZLbfT2A_003,,,-1,1,1,1,D:\Documents\Programming\Thesis_G10\data\raw\CMU-MOSEI\segments\TJelZLbfT2A_003.mp4,data\preprocessed\features\z_at\TJelZLbfT2A_003.pt,data\preprocessed\features\z_v\TJelZLbfT2A_003.pt
TJelZLbfT2A_006,mosei_real,0,mosei_TJelZLbfT2A_006,,,-1,1,1,1,D:\Documents\Programming\Thesis_G10\data\raw\CMU-MOSEI\segments\TJelZLbfT2A_006.mp4,data\preprocessed\features\z_at\TJelZLbfT2A_006.pt,data\preprocessed\features\z_v\TJelZLbfT2A_006.pt
TLPlduck5II_002,mosei_real,0,mosei_TLPlduck5II_002,,,-1,1,1,1,D:\Documents\Programming\Thesis_G10\data\raw\CMU-MOSEI\segments\TLPlduck5II_002.mp4,data\preprocessed\features\z_at\TLPlduck5II_002.pt,data\preprocessed\features\z_v\TLPlduck5II_002.pt
TLPlduck5II_004,mosei_real,0,mosei_TLPlduck5II_004,,,-1,1,1,1,D:\Documents\Programming\Thesis_G10\data\raw\CMU-MOSEI\segments\TLPlduck5II_004.mp4,data\preprocessed\features\z_at\TLPlduck5II_004.pt,data\preprocessed\features\z_v\TLPlduck5II_004.pt
TLPlduck5II_005,mosei_real,0,mosei_TLPlduck5II_005,,,-1,1,1,1,D:\Documents\Programming\Thesis_G10\data\raw\CMU-MOSEI\segments\TLPlduck5II_005.mp4,data\preprocessed\features\z_at\TLPlduck5II_005.pt,data\preprocessed\features\z_v\TLPlduck5II_005.pt
TM7cHOHfF70_003,mosei_real,0,mosei_TM7cHOHfF70_003,,,-1,1,1,1,D:\Documents\Programming\Thesis_G10\data\raw\CMU-MOSEI\segments\TM7cHOHfF70_003.mp4,data\preprocessed\features\z_at\TM7cHOHfF70_003.pt,data\preprocessed\features\z_v\TM7cHOHfF70_003.pt
TM7cHOHfF70_004,mosei_real,0,mosei_TM7cHOHfF70_004,,,-1,1,1,1,D:\Documents\Programming\Thesis_G10\data\raw\CMU-MOSEI\segments\TM7cHOHfF70_004.mp4,data\preprocessed\features\z_at\TM7cHOHfF70_004.pt,data\preprocessed\features\z_v\TM7cHOHfF70_004.pt
TM7cHOHfF70_007,mosei_real,0,mosei_TM7cHOHfF70_007,,,-1,1,1,1,D:\Documents\Programming\Thesis_G10\data\raw\CMU-MOSEI\segments\TM7cHOHfF70_007.mp4,data\preprocessed\features\z_at\TM7cHOHfF70_007.pt,data\preprocessed\features\z_v\TM7cHOHfF70_007.pt
TM7cHOHfF70_008,mosei_real,0,mosei_TM7cHOHfF70_008,,,-1,1,1,1,D:\Documents\Programming\Thesis_G10\data\raw\CMU-MOSEI\segments\TM7cHOHfF70_008.mp4,data\preprocessed\features\z_at\TM7cHOHfF70_008.pt,data\preprocessed\features\z_v\TM7cHOHfF70_008.pt
TM7cHOHfF70_009,mosei_real,0,mosei_TM7cHOHfF70_009,,,-1,1,1,1,D:\Documents\Programming\Thesis_G10\data\raw\CMU-MOSEI\segments\TM7cHOHfF70_009.mp4,data\preprocessed\features\z_at\TM7cHOHfF70_009.pt,data\preprocessed\features\z_v\TM7cHOHfF70_009.pt
TNwwVWA-oAE_002,mosei_real,0,mosei_TNwwVWA-oAE_002,,,-1,1,1,1,D:\Documents\Programming\Thesis_G10\data\raw\CMU-MOSEI\segments\TNwwVWA-oAE_002.mp4,data\preprocessed\features\z_at\TNwwVWA-oAE_002.pt,data\preprocessed\features\z_v\TNwwVWA-oAE_002.pt
TNwwVWA-oAE_003,mosei_real,0,mosei_TNwwVWA-oAE_003,,,-1,1,1,1,D:\Documents\Programming\Thesis_G10\data\raw\CMU-MOSEI\segments\TNwwVWA-oAE_003.mp4,data\preprocessed\features\z_at\TNwwVWA-oAE_003.pt,data\preprocessed\features\z_v\TNwwVWA-oAE_003.pt
TNwwVWA-oAE_005,mosei_real,0,mosei_TNwwVWA-oAE_005,,,-1,1,1,1,D:\Documents\Programming\Thesis_G10\data\raw\CMU-MOSEI\segments\TNwwVWA-oAE_005.mp4,data\preprocessed\features\z_at\TNwwVWA-oAE_005.pt,data\preprocessed\features\z_v\TNwwVWA-oAE_005.pt
TO5HjoK8Iu8_002,mosei_real,0,mosei_TO5HjoK8Iu8_002,,,-1,1,1,1,D:\Documents\Programming\Thesis_G10\data\raw\CMU-MOSEI\segments\TO5HjoK8Iu8_002.mp4,data\preprocessed\features\z_at\TO5HjoK8Iu8_002.pt,data\preprocessed\features\z_v\TO5HjoK8Iu8_002.pt
TO5HjoK8Iu8_008,mosei_real,0,mosei_TO5HjoK8Iu8_008,,,-1,1,1,1,D:\Documents\Programming\Thesis_G10\data\raw\CMU-MOSEI\segments\TO5HjoK8Iu8_008.mp4,data\preprocessed\features\z_at\TO5HjoK8Iu8_008.pt,data\preprocessed\features\z_v\TO5HjoK8Iu8_008.pt
TO5HjoK8Iu8_009,mosei_real,0,mosei_TO5HjoK8Iu8_009,,,-1,1,1,1,D:\Documents\Programming\Thesis_G10\data\raw\CMU-MOSEI\segments\TO5HjoK8Iu8_009.mp4,data\preprocessed\features\z_at\TO5HjoK8Iu8_009.pt,data\preprocessed\features\z_v\TO5HjoK8Iu8_009.pt
TSDC7CCyeGY_000,mosei_real,0,mosei_TSDC7CCyeGY_000,,,-1,1,1,1,D:\Documents\Programming\Thesis_G10\data\raw\CMU-MOSEI\segments\TSDC7CCyeGY_000.mp4,data\preprocessed\features\z_at\TSDC7CCyeGY_000.pt,data\preprocessed\features\z_v\TSDC7CCyeGY_000.pt
TSDC7CCyeGY_001,mosei_real,0,mosei_TSDC7CCyeGY_001,,,-1,1,1,1,D:\Documents\Programming\Thesis_G10\data\raw\CMU-MOSEI\segments\TSDC7CCyeGY_001.mp4,data\preprocessed\features\z_at\TSDC7CCyeGY_001.pt,data\preprocessed\features\z_v\TSDC7CCyeGY_001.pt
TSDC7CCyeGY_002,mosei_real,0,mosei_TSDC7CCyeGY_002,,,-1,1,1,1,D:\Documents\Programming\Thesis_G10\data\raw\CMU-MOSEI\segments\TSDC7CCyeGY_002.mp4,data\preprocessed\features\z_at\TSDC7CCyeGY_002.pt,data\preprocessed\features\z_v\TSDC7CCyeGY_002.pt
TSDC7CCyeGY_003,mosei_real,0,mosei_TSDC7CCyeGY_003,,,-1,1,1,1,D:\Documents\Programming\Thesis_G10\data\raw\CMU-MOSEI\segments\TSDC7CCyeGY_003.mp4,data\preprocessed\features\z_at\TSDC7CCyeGY_003.pt,data\preprocessed\features\z_v\TSDC7CCyeGY_003.pt
TSDC7CCyeGY_004,mosei_real,0,mosei_TSDC7CCyeGY_004,,,-1,1,1,1,D:\Documents\Programming\Thesis_G10\data\raw\CMU-MOSEI\segments\TSDC7CCyeGY_004.mp4,data\preprocessed\features\z_at\TSDC7CCyeGY_004.pt,data\preprocessed\features\z_v\TSDC7CCyeGY_004.pt
TWMFQED1Myk_000,mosei_real,0,mosei_TWMFQED1Myk_000,,,-1,1,1,1,D:\Documents\Programming\Thesis_G10\data\raw\CMU-MOSEI\segments\TWMFQED1Myk_000.mp4,data\preprocessed\features\z_at\TWMFQED1Myk_000.pt,data\preprocessed\features\z_v\TWMFQED1Myk_000.pt
TWMFQED1Myk_002,mosei_real,0,mosei_TWMFQED1Myk_002,,,-1,1,1,1,D:\Documents\Programming\Thesis_G10\data\raw\CMU-MOSEI\segments\TWMFQED1Myk_002.mp4,data\preprocessed\features\z_at\TWMFQED1Myk_002.pt,data\preprocessed\features\z_v\TWMFQED1Myk_002.pt
TWMFQED1Myk_003,mosei_real,0,mosei_TWMFQED1Myk_003,,,-1,1,1,1,D:\Documents\Programming\Thesis_G10\data\raw\CMU-MOSEI\segments\TWMFQED1Myk_003.mp4,data\preprocessed\features\z_at\TWMFQED1Myk_003.pt,data\preprocessed\features\z_v\TWMFQED1Myk_003.pt
TWMFQED1Myk_005,mosei_real,0,mosei_TWMFQED1Myk_005,,,-1,1,1,1,D:\Documents\Programming\Thesis_G10\data\raw\CMU-MOSEI\segments\TWMFQED1Myk_005.mp4,data\preprocessed\features\z_at\TWMFQED1Myk_005.pt,data\preprocessed\features\z_v\TWMFQED1Myk_005.pt
TWMFQED1Myk_008,mosei_real,0,mosei_TWMFQED1Myk_008,,,-1,1,1,1,D:\Documents\Programming\Thesis_G10\data\raw\CMU-MOSEI\segments\TWMFQED1Myk_008.mp4,data\preprocessed\features\z_at\TWMFQED1Myk_008.pt,data\preprocessed\features\z_v\TWMFQED1Myk_008.pt
TWszOxkOV0w_002,mosei_real,0,mosei_TWszOxkOV0w_002,,,-1,1,1,1,D:\Documents\Programming\Thesis_G10\data\raw\CMU-MOSEI\segments\TWszOxkOV0w_002.mp4,data\preprocessed\features\z_at\TWszOxkOV0w_002.pt,data\preprocessed\features\z_v\TWszOxkOV0w_002.pt
TYJzg5IJN8o_000,mosei_real,0,mosei_TYJzg5IJN8o_000,,,-1,1,1,1,D:\Documents\Programming\Thesis_G10\data\raw\CMU-MOSEI\segments\TYJzg5IJN8o_000.mp4,data\preprocessed\features\z_at\TYJzg5IJN8o_000.pt,data\preprocessed\features\z_v\TYJzg5IJN8o_000.pt
TYJzg5IJN8o_004,mosei_real,0,mosei_TYJzg5IJN8o_004,,,-1,1,1,1,D:\Documents\Programming\Thesis_G10\data\raw\CMU-MOSEI\segments\TYJzg5IJN8o_004.mp4,data\preprocessed\features\z_at\TYJzg5IJN8o_004.pt,data\preprocessed\features\z_v\TYJzg5IJN8o_004.pt
TYJzg5IJN8o_007,mosei_real,0,mosei_TYJzg5IJN8o_007,,,-1,1,1,1,D:\Documents\Programming\Thesis_G10\data\raw\CMU-MOSEI\segments\TYJzg5IJN8o_007.mp4,data\preprocessed\features\z_at\TYJzg5IJN8o_007.pt,data\preprocessed\features\z_v\TYJzg5IJN8o_007.pt
TZXcQemh8n8_001,mosei_real,0,mosei_TZXcQemh8n8_001,,,-1,1,1,1,D:\Documents\Programming\Thesis_G10\data\raw\CMU-MOSEI\segments\TZXcQemh8n8_001.mp4,data\preprocessed\features\z_at\TZXcQemh8n8_001.pt,data\preprocessed\features\z_v\TZXcQemh8n8_001.pt
Ta_IgA3XJ3s_000,mosei_real,0,mosei_Ta_IgA3XJ3s_000,,,-1,1,1,1,D:\Documents\Programming\Thesis_G10\data\raw\CMU-MOSEI\segments\Ta_IgA3XJ3s_000.mp4,data\preprocessed\features\z_at\Ta_IgA3XJ3s_000.pt,data\preprocessed\features\z_v\Ta_IgA3XJ3s_000.pt
Ta_IgA3XJ3s_002,mosei_real,0,mosei_Ta_IgA3XJ3s_002,,,-1,1,1,1,D:\Documents\Programming\Thesis_G10\data\raw\CMU-MOSEI\segments\Ta_IgA3XJ3s_002.mp4,data\preprocessed\features\z_at\Ta_IgA3XJ3s_002.pt,data\preprocessed\features\z_v\Ta_IgA3XJ3s_002.pt
Ta_IgA3XJ3s_003,mosei_real,0,mosei_Ta_IgA3XJ3s_003,,,-1,1,1,1,D:\Documents\Programming\Thesis_G10\data\raw\CMU-MOSEI\segments\Ta_IgA3XJ3s_003.mp4,data\preprocessed\features\z_at\Ta_IgA3XJ3s_003.pt,data\preprocessed\features\z_v\Ta_IgA3XJ3s_003.pt
Ta_IgA3XJ3s_004,mosei_real,0,mosei_Ta_IgA3XJ3s_004,,,-1,1,1,1,D:\Documents\Programming\Thesis_G10\data\raw\CMU-MOSEI\segments\Ta_IgA3XJ3s_004.mp4,data\preprocessed\features\z_at\Ta_IgA3XJ3s_004.pt,data\preprocessed\features\z_v\Ta_IgA3XJ3s_004.pt
Ta_IgA3XJ3s_005,mosei_real,0,mosei_Ta_IgA3XJ3s_005,,,-1,1,1,1,D:\Documents\Programming\Thesis_G10\data\raw\CMU-MOSEI\segments\Ta_IgA3XJ3s_005.mp4,data\preprocessed\features\z_at\Ta_IgA3XJ3s_005.pt,data\preprocessed\features\z_v\Ta_IgA3XJ3s_005.pt
TbZPa_keawc_000,mosei_real,0,mosei_TbZPa_keawc_000,,,-1,1,1,1,D:\Documents\Programming\Thesis_G10\data\raw\CMU-MOSEI\segments\TbZPa_keawc_000.mp4,data\preprocessed\features\z_at\TbZPa_keawc_000.pt,data\preprocessed\features\z_v\TbZPa_keawc_000.pt
TbZPa_keawc_002,mosei_real,0,mosei_TbZPa_keawc_002,,,-1,1,1,1,D:\Documents\Programming\Thesis_G10\data\raw\CMU-MOSEI\segments\TbZPa_keawc_002.mp4,data\preprocessed\features\z_at\TbZPa_keawc_002.pt,data\preprocessed\features\z_v\TbZPa_keawc_002.pt
TcTGCIh6e5s_001,mosei_real,0,mosei_TcTGCIh6e5s_001,,,-1,1,1,1,D:\Documents\Programming\Thesis_G10\data\raw\CMU-MOSEI\segments\TcTGCIh6e5s_001.mp4,data\preprocessed\features\z_at\TcTGCIh6e5s_001.pt,data\preprocessed\features\z_v\TcTGCIh6e5s_001.pt
TcTGCIh6e5s_002,mosei_real,0,mosei_TcTGCIh6e5s_002,,,-1,1,1,1,D:\Documents\Programming\Thesis_G10\data\raw\CMU-MOSEI\segments\TcTGCIh6e5s_002.mp4,data\preprocessed\features\z_at\TcTGCIh6e5s_002.pt,data\preprocessed\features\z_v\TcTGCIh6e5s_002.pt
TcTGCIh6e5s_003,mosei_real,0,mosei_TcTGCIh6e5s_003,,,-1,1,1,1,D:\Documents\Programming\Thesis_G10\data\raw\CMU-MOSEI\segments\TcTGCIh6e5s_003.mp4,data\preprocessed\features\z_at\TcTGCIh6e5s_003.pt,data\preprocessed\features\z_v\TcTGCIh6e5s_003.pt
TcTGCIh6e5s_004,mosei_real,0,mosei_TcTGCIh6e5s_004,,,-1,1,1,1,D:\Documents\Programming\Thesis_G10\data\raw\CMU-MOSEI\segments\TcTGCIh6e5s_004.mp4,data\preprocessed\features\z_at\TcTGCIh6e5s_004.pt,data\preprocessed\features\z_v\TcTGCIh6e5s_004.pt
TcTGCIh6e5s_006,mosei_real,0,mosei_TcTGCIh6e5s_006,,,-1,1,1,1,D:\Documents\Programming\Thesis_G10\data\raw\CMU-MOSEI\segments\TcTGCIh6e5s_006.mp4,data\preprocessed\features\z_at\TcTGCIh6e5s_006.pt,data\preprocessed\features\z_v\TcTGCIh6e5s_006.pt
TdCfpMRiA1c_000,mosei_real,0,mosei_TdCfpMRiA1c_000,,,-1,1,1,1,D:\Documents\Programming\Thesis_G10\data\raw\CMU-MOSEI\segments\TdCfpMRiA1c_000.mp4,data\preprocessed\features\z_at\TdCfpMRiA1c_000.pt,data\preprocessed\features\z_v\TdCfpMRiA1c_000.pt
TdCfpMRiA1c_005,mosei_real,0,mosei_TdCfpMRiA1c_005,,,-1,1,1,1,D:\Documents\Programming\Thesis_G10\data\raw\CMU-MOSEI\segments\TdCfpMRiA1c_005.mp4,data\preprocessed\features\z_at\TdCfpMRiA1c_005.pt,data\preprocessed\features\z_v\TdCfpMRiA1c_005.pt
TdCfpMRiA1c_006,mosei_real,0,mosei_TdCfpMRiA1c_006,,,-1,1,1,1,D:\Documents\Programming\Thesis_G10\data\raw\CMU-MOSEI\segments\TdCfpMRiA1c_006.mp4,data\preprocessed\features\z_at\TdCfpMRiA1c_006.pt,data\preprocessed\features\z_v\TdCfpMRiA1c_006.pt
TdCfpMRiA1c_007,mosei_real,0,mosei_TdCfpMRiA1c_007,,,-1,1,1,1,D:\Documents\Programming\Thesis_G10\data\raw\CMU-MOSEI\segments\TdCfpMRiA1c_007.mp4,data\preprocessed\features\z_at\TdCfpMRiA1c_007.pt,data\preprocessed\features\z_v\TdCfpMRiA1c_007.pt
Tiq67-bAV3M_000,mosei_real,0,mosei_Tiq67-bAV3M_000,,,-1,1,1,1,D:\Documents\Programming\Thesis_G10\data\raw\CMU-MOSEI\segments\Tiq67-bAV3M_000.mp4,data\preprocessed\features\z_at\Tiq67-bAV3M_000.pt,data\preprocessed\features\z_v\Tiq67-bAV3M_000.pt
Tiq67-bAV3M_001,mosei_real,0,mosei_Tiq67-bAV3M_001,,,-1,1,1,1,D:\Documents\Programming\Thesis_G10\data\raw\CMU-MOSEI\segments\Tiq67-bAV3M_001.mp4,data\preprocessed\features\z_at\Tiq67-bAV3M_001.pt,data\preprocessed\features\z_v\Tiq67-bAV3M_001.pt
Tiq67-bAV3M_004,mosei_real,0,mosei_Tiq67-bAV3M_004,,,-1,1,1,1,D:\Documents\Programming\Thesis_G10\data\raw\CMU-MOSEI\segments\Tiq67-bAV3M_004.mp4,data\preprocessed\features\z_at\Tiq67-bAV3M_004.pt,data\preprocessed\features\z_v\Tiq67-bAV3M_004.pt
TksWzxo81Mk_007,mosei_real,0,mosei_TksWzxo81Mk_007,,,-1,1,1,1,D:\Documents\Programming\Thesis_G10\data\raw\CMU-MOSEI\segments\TksWzxo81Mk_007.mp4,data\preprocessed\features\z_at\TksWzxo81Mk_007.pt,data\preprocessed\features\z_v\TksWzxo81Mk_007.pt
Tpdqfpuumg4_001,mosei_real,0,mosei_Tpdqfpuumg4_001,,,-1,1,1,1,D:\Documents\Programming\Thesis_G10\data\raw\CMU-MOSEI\segments\Tpdqfpuumg4_001.mp4,data\preprocessed\features\z_at\Tpdqfpuumg4_001.pt,data\preprocessed\features\z_v\Tpdqfpuumg4_001.pt
TqQgIxR7thU_000,mosei_real,0,mosei_TqQgIxR7thU_000,,,-1,1,1,1,D:\Documents\Programming\Thesis_G10\data\raw\CMU-MOSEI\segments\TqQgIxR7thU_000.mp4,data\preprocessed\features\z_at\TqQgIxR7thU_000.pt,data\preprocessed\features\z_v\TqQgIxR7thU_000.pt
TsfyeZ8hgwE_000,mosei_real,0,mosei_TsfyeZ8hgwE_000,,,-1,1,1,1,D:\Documents\Programming\Thesis_G10\data\raw\CMU-MOSEI\segments\TsfyeZ8hgwE_000.mp4,data\preprocessed\features\z_at\TsfyeZ8hgwE_000.pt,data\preprocessed\features\z_v\TsfyeZ8hgwE_000.pt
TwFl4epL244_000,mosei_real,0,mosei_TwFl4epL244_000,,,-1,1,1,1,D:\Documents\Programming\Thesis_G10\data\raw\CMU-MOSEI\segments\TwFl4epL244_000.mp4,data\preprocessed\features\z_at\TwFl4epL244_000.pt,data\preprocessed\features\z_v\TwFl4epL244_000.pt
TwFl4epL244_002,mosei_real,0,mosei_TwFl4epL244_002,,,-1,1,1,1,D:\Documents\Programming\Thesis_G10\data\raw\CMU-MOSEI\segments\TwFl4epL244_002.mp4,data\preprocessed\features\z_at\TwFl4epL244_002.pt,data\preprocessed\features\z_v\TwFl4epL244_002.pt
TwFl4epL244_004,mosei_real,0,mosei_TwFl4epL244_004,,,-1,1,1,1,D:\Documents\Programming\Thesis_G10\data\raw\CMU-MOSEI\segments\TwFl4epL244_004.mp4,data\preprocessed\features\z_at\TwFl4epL244_004.pt,data\preprocessed\features\z_v\TwFl4epL244_004.pt
TwFl4epL244_006,mosei_real,0,mosei_TwFl4epL244_006,,,-1,1,1,1,D:\Documents\Programming\Thesis_G10\data\raw\CMU-MOSEI\segments\TwFl4epL244_006.mp4,data\preprocessed\features\z_at\TwFl4epL244_006.pt,data\preprocessed\features\z_v\TwFl4epL244_006.pt
TwFl4epL244_007,mosei_real,0,mosei_TwFl4epL244_007,,,-1,1,1,1,D:\Documents\Programming\Thesis_G10\data\raw\CMU-MOSEI\segments\TwFl4epL244_007.mp4,data\preprocessed\features\z_at\TwFl4epL244_007.pt,data\preprocessed\features\z_v\TwFl4epL244_007.pt
TwTLsgfpKvA_000,mosei_real,0,mosei_TwTLsgfpKvA_000,,,-1,1,1,1,D:\Documents\Programming\Thesis_G10\data\raw\CMU-MOSEI\segments\TwTLsgfpKvA_000.mp4,data\preprocessed\features\z_at\TwTLsgfpKvA_000.pt,data\preprocessed\features\z_v\TwTLsgfpKvA_000.pt
TwTLsgfpKvA_001,mosei_real,0,mosei_TwTLsgfpKvA_001,,,-1,1,1,1,D:\Documents\Programming\Thesis_G10\data\raw\CMU-MOSEI\segments\TwTLsgfpKvA_001.mp4,data\preprocessed\features\z_at\TwTLsgfpKvA_001.pt,data\preprocessed\features\z_v\TwTLsgfpKvA_001.pt
TwTLsgfpKvA_002,mosei_real,0,mosei_TwTLsgfpKvA_002,,,-1,1,1,1,D:\Documents\Programming\Thesis_G10\data\raw\CMU-MOSEI\segments\TwTLsgfpKvA_002.mp4,data\preprocessed\features\z_at\TwTLsgfpKvA_002.pt,data\preprocessed\features\z_v\TwTLsgfpKvA_002.pt
TwTLsgfpKvA_003,mosei_real,0,mosei_TwTLsgfpKvA_003,,,-1,1,1,1,D:\Documents\Programming\Thesis_G10\data\raw\CMU-MOSEI\segments\TwTLsgfpKvA_003.mp4,data\preprocessed\features\z_at\TwTLsgfpKvA_003.pt,data\preprocessed\features\z_v\TwTLsgfpKvA_003.pt
TwTLsgfpKvA_005,mosei_real,0,mosei_TwTLsgfpKvA_005,,,-1,1,1,1,D:\Documents\Programming\Thesis_G10\data\raw\CMU-MOSEI\segments\TwTLsgfpKvA_005.mp4,data\preprocessed\features\z_at\TwTLsgfpKvA_005.pt,data\preprocessed\features\z_v\TwTLsgfpKvA_005.pt
TwTLsgfpKvA_009,mosei_real,0,mosei_TwTLsgfpKvA_009,,,-1,1,1,1,D:\Documents\Programming\Thesis_G10\data\raw\CMU-MOSEI\segments\TwTLsgfpKvA_009.mp4,data\preprocessed\features\z_at\TwTLsgfpKvA_009.pt,data\preprocessed\features\z_v\TwTLsgfpKvA_009.pt
TxRS6vJ9ak0_000,mosei_real,0,mosei_TxRS6vJ9ak0_000,,,-1,1,1,1,D:\Documents\Programming\Thesis_G10\data\raw\CMU-MOSEI\segments\TxRS6vJ9ak0_000.mp4,data\preprocessed\features\z_at\TxRS6vJ9ak0_000.pt,data\preprocessed\features\z_v\TxRS6vJ9ak0_000.pt
TxRS6vJ9ak0_001,mosei_real,0,mosei_TxRS6vJ9ak0_001,,,-1,1,1,1,D:\Documents\Programming\Thesis_G10\data\raw\CMU-MOSEI\segments\TxRS6vJ9ak0_001.mp4,data\preprocessed\features\z_at\TxRS6vJ9ak0_001.pt,data\preprocessed\features\z_v\TxRS6vJ9ak0_001.pt
TxRS6vJ9ak0_002,mosei_real,0,mosei_TxRS6vJ9ak0_002,,,-1,1,1,1,D:\Documents\Programming\Thesis_G10\data\raw\CMU-MOSEI\segments\TxRS6vJ9ak0_002.mp4,data\preprocessed\features\z_at\TxRS6vJ9ak0_002.pt,data\preprocessed\features\z_v\TxRS6vJ9ak0_002.pt
TxRS6vJ9ak0_006,mosei_real,0,mosei_TxRS6vJ9ak0_006,,,-1,1,1,1,D:\Documents\Programming\Thesis_G10\data\raw\CMU-MOSEI\segments\TxRS6vJ9ak0_006.mp4,data\preprocessed\features\z_at\TxRS6vJ9ak0_006.pt,data\preprocessed\features\z_v\TxRS6vJ9ak0_006.pt
TxRtSItpGMo_000,mosei_real,0,mosei_TxRtSItpGMo_000,,,-1,1,1,1,D:\Documents\Programming\Thesis_G10\data\raw\CMU-MOSEI\segments\TxRtSItpGMo_000.mp4,data\preprocessed\features\z_at\TxRtSItpGMo_000.pt,data\preprocessed\features\z_v\TxRtSItpGMo_000.pt
U-KihZeIfKI_000,mosei_real,0,mosei_U-KihZeIfKI_000,,,-1,1,1,1,D:\Documents\Programming\Thesis_G10\data\raw\CMU-MOSEI\segments\U-KihZeIfKI_000.mp4,data\preprocessed\features\z_at\U-KihZeIfKI_000.pt,data\preprocessed\features\z_v\U-KihZeIfKI_000.pt
U-KihZeIfKI_001,mosei_real,0,mosei_U-KihZeIfKI_001,,,-1,1,1,1,D:\Documents\Programming\Thesis_G10\data\raw\CMU-MOSEI\segments\U-KihZeIfKI_001.mp4,data\preprocessed\features\z_at\U-KihZeIfKI_001.pt,data\preprocessed\features\z_v\U-KihZeIfKI_001.pt
U-KihZeIfKI_002,mosei_real,0,mosei_U-KihZeIfKI_002,,,-1,1,1,1,D:\Documents\Programming\Thesis_G10\data\raw\CMU-MOSEI\segments\U-KihZeIfKI_002.mp4,data\preprocessed\features\z_at\U-KihZeIfKI_002.pt,data\preprocessed\features\z_v\U-KihZeIfKI_002.pt
U-KihZeIfKI_005,mosei_real,0,mosei_U-KihZeIfKI_005,,,-1,1,1,1,D:\Documents\Programming\Thesis_G10\data\raw\CMU-MOSEI\segments\U-KihZeIfKI_005.mp4,data\preprocessed\features\z_at\U-KihZeIfKI_005.pt,data\preprocessed\features\z_v\U-KihZeIfKI_005.pt
U-KihZeIfKI_006,mosei_real,0,mosei_U-KihZeIfKI_006,,,-1,1,1,1,D:\Documents\Programming\Thesis_G10\data\raw\CMU-MOSEI\segments\U-KihZeIfKI_006.mp4,data\preprocessed\features\z_at\U-KihZeIfKI_006.pt,data\preprocessed\features\z_v\U-KihZeIfKI_006.pt
U-KihZeIfKI_008,mosei_real,0,mosei_U-KihZeIfKI_008,,,-1,1,1,1,D:\Documents\Programming\Thesis_G10\data\raw\CMU-MOSEI\segments\U-KihZeIfKI_008.mp4,data\preprocessed\features\z_at\U-KihZeIfKI_008.pt,data\preprocessed\features\z_v\U-KihZeIfKI_008.pt
U-KihZeIfKI_014,mosei_real,0,mosei_U-KihZeIfKI_014,,,-1,1,1,1,D:\Documents\Programming\Thesis_G10\data\raw\CMU-MOSEI\segments\U-KihZeIfKI_014.mp4,data\preprocessed\features\z_at\U-KihZeIfKI_014.pt,data\preprocessed\features\z_v\U-KihZeIfKI_014.pt
U-KihZeIfKI_015,mosei_real,0,mosei_U-KihZeIfKI_015,,,-1,1,1,1,D:\Documents\Programming\Thesis_G10\data\raw\CMU-MOSEI\segments\U-KihZeIfKI_015.mp4,data\preprocessed\features\z_at\U-KihZeIfKI_015.pt,data\preprocessed\features\z_v\U-KihZeIfKI_015.pt
U-KihZeIfKI_016,mosei_real,0,mosei_U-KihZeIfKI_016,,,-1,1,1,1,D:\Documents\Programming\Thesis_G10\data\raw\CMU-MOSEI\segments\U-KihZeIfKI_016.mp4,data\preprocessed\features\z_at\U-KihZeIfKI_016.pt,data\preprocessed\features\z_v\U-KihZeIfKI_016.pt
U-KihZeIfKI_017,mosei_real,0,mosei_U-KihZeIfKI_017,,,-1,1,1,1,D:\Documents\Programming\Thesis_G10\data\raw\CMU-MOSEI\segments\U-KihZeIfKI_017.mp4,data\preprocessed\features\z_at\U-KihZeIfKI_017.pt,data\preprocessed\features\z_v\U-KihZeIfKI_017.pt
U-KihZeIfKI_018,mosei_real,0,mosei_U-KihZeIfKI_018,,,-1,1,1,1,D:\Documents\Programming\Thesis_G10\data\raw\CMU-MOSEI\segments\U-KihZeIfKI_018.mp4,data\preprocessed\features\z_at\U-KihZeIfKI_018.pt,data\preprocessed\features\z_v\U-KihZeIfKI_018.pt
U-KihZeIfKI_020,mosei_real,0,mosei_U-KihZeIfKI_020,,,-1,1,1,1,D:\Documents\Programming\Thesis_G10\data\raw\CMU-MOSEI\segments\U-KihZeIfKI_020.mp4,data\preprocessed\features\z_at\U-KihZeIfKI_020.pt,data\preprocessed\features\z_v\U-KihZeIfKI_020.pt
U-KihZeIfKI_023,mosei_real,0,mosei_U-KihZeIfKI_023,,,-1,1,1,1,D:\Documents\Programming\Thesis_G10\data\raw\CMU-MOSEI\segments\U-KihZeIfKI_023.mp4,data\preprocessed\features\z_at\U-KihZeIfKI_023.pt,data\preprocessed\features\z_v\U-KihZeIfKI_023.pt
U2Ydtq6qvL0_002,mosei_real,0,mosei_U2Ydtq6qvL0_002,,,-1,1,1,1,D:\Documents\Programming\Thesis_G10\data\raw\CMU-MOSEI\segments\U2Ydtq6qvL0_002.mp4,data\preprocessed\features\z_at\U2Ydtq6qvL0_002.pt,data\preprocessed\features\z_v\U2Ydtq6qvL0_002.pt
U8VYG_g6yVE_003,mosei_real,0,mosei_U8VYG_g6yVE_003,,,-1,1,1,1,D:\Documents\Programming\Thesis_G10\data\raw\CMU-MOSEI\segments\U8VYG_g6yVE_003.mp4,data\preprocessed\features\z_at\U8VYG_g6yVE_003.pt,data\preprocessed\features\z_v\U8VYG_g6yVE_003.pt
UF9OlX-QNHU_001,mosei_real,0,mosei_UF9OlX-QNHU_001,,,-1,1,1,1,D:\Documents\Programming\Thesis_G10\data\raw\CMU-MOSEI\segments\UF9OlX-QNHU_001.mp4,data\preprocessed\features\z_at\UF9OlX-QNHU_001.pt,data\preprocessed\features\z_v\UF9OlX-QNHU_001.pt
UKVwc6I06x8_000,mosei_real,0,mosei_UKVwc6I06x8_000,,,-1,1,1,1,D:\Documents\Programming\Thesis_G10\data\raw\CMU-MOSEI\segments\UKVwc6I06x8_000.mp4,data\preprocessed\features\z_at\UKVwc6I06x8_000.pt,data\preprocessed\features\z_v\UKVwc6I06x8_000.pt
UKVwc6I06x8_001,mosei_real,0,mosei_UKVwc6I06x8_001,,,-1,1,1,1,D:\Documents\Programming\Thesis_G10\data\raw\CMU-MOSEI\segments\UKVwc6I06x8_001.mp4,data\preprocessed\features\z_at\UKVwc6I06x8_001.pt,data\preprocessed\features\z_v\UKVwc6I06x8_001.pt
UK_IXtJ2BqI_000,mosei_real,0,mosei_UK_IXtJ2BqI_000,,,-1,1,1,1,D:\Documents\Programming\Thesis_G10\data\raw\CMU-MOSEI\segments\UK_IXtJ2BqI_000.mp4,data\preprocessed\features\z_at\UK_IXtJ2BqI_000.pt,data\preprocessed\features\z_v\UK_IXtJ2BqI_000.pt
UK_IXtJ2BqI_001,mosei_real,0,mosei_UK_IXtJ2BqI_001,,,-1,1,1,1,D:\Documents\Programming\Thesis_G10\data\raw\CMU-MOSEI\segments\UK_IXtJ2BqI_001.mp4,data\preprocessed\features\z_at\UK_IXtJ2BqI_001.pt,data\preprocessed\features\z_v\UK_IXtJ2BqI_001.pt
UK_IXtJ2BqI_004,mosei_real,0,mosei_UK_IXtJ2BqI_004,,,-1,1,1,1,D:\Documents\Programming\Thesis_G10\data\raw\CMU-MOSEI\segments\UK_IXtJ2BqI_004.mp4,data\preprocessed\features\z_at\UK_IXtJ2BqI_004.pt,data\preprocessed\features\z_v\UK_IXtJ2BqI_004.pt
UK_IXtJ2BqI_005,mosei_real,0,mosei_UK_IXtJ2BqI_005,,,-1,1,1,1,D:\Documents\Programming\Thesis_G10\data\raw\CMU-MOSEI\segments\UK_IXtJ2BqI_005.mp4,data\preprocessed\features\z_at\UK_IXtJ2BqI_005.pt,data\preprocessed\features\z_v\UK_IXtJ2BqI_005.pt
UK_IXtJ2BqI_006,mosei_real,0,mosei_UK_IXtJ2BqI_006,,,-1,1,1,1,D:\Documents\Programming\Thesis_G10\data\raw\CMU-MOSEI\segments\UK_IXtJ2BqI_006.mp4,data\preprocessed\features\z_at\UK_IXtJ2BqI_006.pt,data\preprocessed\features\z_v\UK_IXtJ2BqI_006.pt
UK_IXtJ2BqI_007,mosei_real,0,mosei_UK_IXtJ2BqI_007,,,-1,1,1,1,D:\Documents\Programming\Thesis_G10\data\raw\CMU-MOSEI\segments\UK_IXtJ2BqI_007.mp4,data\preprocessed\features\z_at\UK_IXtJ2BqI_007.pt,data\preprocessed\features\z_v\UK_IXtJ2BqI_007.pt
UK_IXtJ2BqI_008,mosei_real,0,mosei_UK_IXtJ2BqI_008,,,-1,1,1,1,D:\Documents\Programming\Thesis_G10\data\raw\CMU-MOSEI\segments\UK_IXtJ2BqI_008.mp4,data\preprocessed\features\z_at\UK_IXtJ2BqI_008.pt,data\preprocessed\features\z_v\UK_IXtJ2BqI_008.pt
UK_IXtJ2BqI_010,mosei_real,0,mosei_UK_IXtJ2BqI_010,,,-1,1,1,1,D:\Documents\Programming\Thesis_G10\data\raw\CMU-MOSEI\segments\UK_IXtJ2BqI_010.mp4,data\preprocessed\features\z_at\UK_IXtJ2BqI_010.pt,data\preprocessed\features\z_v\UK_IXtJ2BqI_010.pt
UK_IXtJ2BqI_011,mosei_real,0,mosei_UK_IXtJ2BqI_011,,,-1,1,1,1,D:\Documents\Programming\Thesis_G10\data\raw\CMU-MOSEI\segments\UK_IXtJ2BqI_011.mp4,data\preprocessed\features\z_at\UK_IXtJ2BqI_011.pt,data\preprocessed\features\z_v\UK_IXtJ2BqI_011.pt
UK_IXtJ2BqI_012,mosei_real,0,mosei_UK_IXtJ2BqI_012,,,-1,1,1,1,D:\Documents\Programming\Thesis_G10\data\raw\CMU-MOSEI\segments\UK_IXtJ2BqI_012.mp4,data\preprocessed\features\z_at\UK_IXtJ2BqI_012.pt,data\preprocessed\features\z_v\UK_IXtJ2BqI_012.pt
UK_IXtJ2BqI_013,mosei_real,0,mosei_UK_IXtJ2BqI_013,,,-1,1,1,1,D:\Documents\Programming\Thesis_G10\data\raw\CMU-MOSEI\segments\UK_IXtJ2BqI_013.mp4,data\preprocessed\features\z_at\UK_IXtJ2BqI_013.pt,data\preprocessed\features\z_v\UK_IXtJ2BqI_013.pt
UK_IXtJ2BqI_014,mosei_real,0,mosei_UK_IXtJ2BqI_014,,,-1,1,1,1,D:\Documents\Programming\Thesis_G10\data\raw\CMU-MOSEI\segments\UK_IXtJ2BqI_014.mp4,data\preprocessed\features\z_at\UK_IXtJ2BqI_014.pt,data\preprocessed\features\z_v\UK_IXtJ2BqI_014.pt
UK_IXtJ2BqI_015,mosei_real,0,mosei_UK_IXtJ2BqI_015,,,-1,1,1,1,D:\Documents\Programming\Thesis_G10\data\raw\CMU-MOSEI\segments\UK_IXtJ2BqI_015.mp4,data\preprocessed\features\z_at\UK_IXtJ2BqI_015.pt,data\preprocessed\features\z_v\UK_IXtJ2BqI_015.pt
UK_IXtJ2BqI_016,mosei_real,0,mosei_UK_IXtJ2BqI_016,,,-1,1,1,1,D:\Documents\Programming\Thesis_G10\data\raw\CMU-MOSEI\segments\UK_IXtJ2BqI_016.mp4,data\preprocessed\features\z_at\UK_IXtJ2BqI_016.pt,data\preprocessed\features\z_v\UK_IXtJ2BqI_016.pt
UK_IXtJ2BqI_017,mosei_real,0,mosei_UK_IXtJ2BqI_017,,,-1,1,1,1,D:\Documents\Programming\Thesis_G10\data\raw\CMU-MOSEI\segments\UK_IXtJ2BqI_017.mp4,data\preprocessed\features\z_at\UK_IXtJ2BqI_017.pt,data\preprocessed\features\z_v\UK_IXtJ2BqI_017.pt
ULkFbie8g-I_000,mosei_real,0,mosei_ULkFbie8g-I_000,,,-1,1,1,1,D:\Documents\Programming\Thesis_G10\data\raw\CMU-MOSEI\segments\ULkFbie8g-I_000.mp4,data\preprocessed\features\z_at\ULkFbie8g-I_000.pt,data\preprocessed\features\z_v\ULkFbie8g-I_000.pt
ULtBuI6nMaY_005,mosei_real,0,mosei_ULtBuI6nMaY_005,,,-1,1,1,1,D:\Documents\Programming\Thesis_G10\data\raw\CMU-MOSEI\segments\ULtBuI6nMaY_005.mp4,data\preprocessed\features\z_at\ULtBuI6nMaY_005.pt,data\preprocessed\features\z_v\ULtBuI6nMaY_005.pt
UPghCarcnMc_001,mosei_real,0,mosei_UPghCarcnMc_001,,,-1,1,1,1,D:\Documents\Programming\Thesis_G10\data\raw\CMU-MOSEI\segments\UPghCarcnMc_001.mp4,data\preprocessed\features\z_at\UPghCarcnMc_001.pt,data\preprocessed\features\z_v\UPghCarcnMc_001.pt
UTNP1roJV3I_000,mosei_real,0,mosei_UTNP1roJV3I_000,,,-1,1,1,1,D:\Documents\Programming\Thesis_G10\data\raw\CMU-MOSEI\segments\UTNP1roJV3I_000.mp4,data\preprocessed\features\z_at\UTNP1roJV3I_000.pt,data\preprocessed\features\z_v\UTNP1roJV3I_000.pt
UTNP1roJV3I_001,mosei_real,0,mosei_UTNP1roJV3I_001,,,-1,1,1,1,D:\Documents\Programming\Thesis_G10\data\raw\CMU-MOSEI\segments\UTNP1roJV3I_001.mp4,data\preprocessed\features\z_at\UTNP1roJV3I_001.pt,data\preprocessed\features\z_v\UTNP1roJV3I_001.pt
UTNP1roJV3I_003,mosei_real,0,mosei_UTNP1roJV3I_003,,,-1,1,1,1,D:\Documents\Programming\Thesis_G10\data\raw\CMU-MOSEI\segments\UTNP1roJV3I_003.mp4,data\preprocessed\features\z_at\UTNP1roJV3I_003.pt,data\preprocessed\features\z_v\UTNP1roJV3I_003.pt
UTNP1roJV3I_004,mosei_real,0,mosei_UTNP1roJV3I_004,,,-1,1,1,1,D:\Documents\Programming\Thesis_G10\data\raw\CMU-MOSEI\segments\UTNP1roJV3I_004.mp4,data\preprocessed\features\z_at\UTNP1roJV3I_004.pt,data\preprocessed\features\z_v\UTNP1roJV3I_004.pt
UUukBV82P9A_000,mosei_real,0,mosei_UUukBV82P9A_000,,,-1,1,1,1,D:\Documents\Programming\Thesis_G10\data\raw\CMU-MOSEI\segments\UUukBV82P9A_000.mp4,data\preprocessed\features\z_at\UUukBV82P9A_000.pt,data\preprocessed\features\z_v\UUukBV82P9A_000.pt
UUukBV82P9A_001,mosei_real,0,mosei_UUukBV82P9A_001,,,-1,1,1,1,D:\Documents\Programming\Thesis_G10\data\raw\CMU-MOSEI\segments\UUukBV82P9A_001.mp4,data\preprocessed\features\z_at\UUukBV82P9A_001.pt,data\preprocessed\features\z_v\UUukBV82P9A_001.pt
UUukBV82P9A_003,mosei_real,0,mosei_UUukBV82P9A_003,,,-1,1,1,1,D:\Documents\Programming\Thesis_G10\data\raw\CMU-MOSEI\segments\UUukBV82P9A_003.mp4,data\preprocessed\features\z_at\UUukBV82P9A_003.pt,data\preprocessed\features\z_v\UUukBV82P9A_003.pt
UUukBV82P9A_006,mosei_real,0,mosei_UUukBV82P9A_006,,,-1,1,1,1,D:\Documents\Programming\Thesis_G10\data\raw\CMU-MOSEI\segments\UUukBV82P9A_006.mp4,data\preprocessed\features\z_at\UUukBV82P9A_006.pt,data\preprocessed\features\z_v\UUukBV82P9A_006.pt
UUukBV82P9A_007,mosei_real,0,mosei_UUukBV82P9A_007,,,-1,1,1,1,D:\Documents\Programming\Thesis_G10\data\raw\CMU-MOSEI\segments\UUukBV82P9A_007.mp4,data\preprocessed\features\z_at\UUukBV82P9A_007.pt,data\preprocessed\features\z_v\UUukBV82P9A_007.pt
UUukBV82P9A_008,mosei_real,0,mosei_UUukBV82P9A_008,,,-1,1,1,1,D:\Documents\Programming\Thesis_G10\data\raw\CMU-MOSEI\segments\UUukBV82P9A_008.mp4,data\preprocessed\features\z_at\UUukBV82P9A_008.pt,data\preprocessed\features\z_v\UUukBV82P9A_008.pt
UUukBV82P9A_010,mosei_real,0,mosei_UUukBV82P9A_010,,,-1,1,1,1,D:\Documents\Programming\Thesis_G10\data\raw\CMU-MOSEI\segments\UUukBV82P9A_010.mp4,data\preprocessed\features\z_at\UUukBV82P9A_010.pt,data\preprocessed\features\z_v\UUukBV82P9A_010.pt
UXvMaHD9kmA_000,mosei_real,0,mosei_UXvMaHD9kmA_000,,,-1,1,1,1,D:\Documents\Programming\Thesis_G10\data\raw\CMU-MOSEI\segments\UXvMaHD9kmA_000.mp4,data\preprocessed\features\z_at\UXvMaHD9kmA_000.pt,data\preprocessed\features\z_v\UXvMaHD9kmA_000.pt
UXvMaHD9kmA_003,mosei_real,0,mosei_UXvMaHD9kmA_003,,,-1,1,1,1,D:\Documents\Programming\Thesis_G10\data\raw\CMU-MOSEI\segments\UXvMaHD9kmA_003.mp4,data\preprocessed\features\z_at\UXvMaHD9kmA_003.pt,data\preprocessed\features\z_v\UXvMaHD9kmA_003.pt
UXvMaHD9kmA_004,mosei_real,0,mosei_UXvMaHD9kmA_004,,,-1,1,1,1,D:\Documents\Programming\Thesis_G10\data\raw\CMU-MOSEI\segments\UXvMaHD9kmA_004.mp4,data\preprocessed\features\z_at\UXvMaHD9kmA_004.pt,data\preprocessed\features\z_v\UXvMaHD9kmA_004.pt
UXvMaHD9kmA_010,mosei_real,0,mosei_UXvMaHD9kmA_010,,,-1,1,1,1,D:\Documents\Programming\Thesis_G10\data\raw\CMU-MOSEI\segments\UXvMaHD9kmA_010.mp4,data\preprocessed\features\z_at\UXvMaHD9kmA_010.pt,data\preprocessed\features\z_v\UXvMaHD9kmA_010.pt
UXvMaHD9kmA_012,mosei_real,0,mosei_UXvMaHD9kmA_012,,,-1,1,1,1,D:\Documents\Programming\Thesis_G10\data\raw\CMU-MOSEI\segments\UXvMaHD9kmA_012.mp4,data\preprocessed\features\z_at\UXvMaHD9kmA_012.pt,data\preprocessed\features\z_v\UXvMaHD9kmA_012.pt
UXvMaHD9kmA_014,mosei_real,0,mosei_UXvMaHD9kmA_014,,,-1,1,1,1,D:\Documents\Programming\Thesis_G10\data\raw\CMU-MOSEI\segments\UXvMaHD9kmA_014.mp4,data\preprocessed\features\z_at\UXvMaHD9kmA_014.pt,data\preprocessed\features\z_v\UXvMaHD9kmA_014.pt
Ua4g9q0r-dI_000,mosei_real,0,mosei_Ua4g9q0r-dI_000,,,-1,1,1,1,D:\Documents\Programming\Thesis_G10\data\raw\CMU-MOSEI\segments\Ua4g9q0r-dI_000.mp4,data\preprocessed\features\z_at\Ua4g9q0r-dI_000.pt,data\preprocessed\features\z_v\Ua4g9q0r-dI_000.pt
Ua4g9q0r-dI_001,mosei_real,0,mosei_Ua4g9q0r-dI_001,,,-1,1,1,1,D:\Documents\Programming\Thesis_G10\data\raw\CMU-MOSEI\segments\Ua4g9q0r-dI_001.mp4,data\preprocessed\features\z_at\Ua4g9q0r-dI_001.pt,data\preprocessed\features\z_v\Ua4g9q0r-dI_001.pt
Ua4g9q0r-dI_003,mosei_real,0,mosei_Ua4g9q0r-dI_003,,,-1,1,1,1,D:\Documents\Programming\Thesis_G10\data\raw\CMU-MOSEI\segments\Ua4g9q0r-dI_003.mp4,data\preprocessed\features\z_at\Ua4g9q0r-dI_003.pt,data\preprocessed\features\z_v\Ua4g9q0r-dI_003.pt
Ua4g9q0r-dI_007,mosei_real,0,mosei_Ua4g9q0r-dI_007,,,-1,1,1,1,D:\Documents\Programming\Thesis_G10\data\raw\CMU-MOSEI\segments\Ua4g9q0r-dI_007.mp4,data\preprocessed\features\z_at\Ua4g9q0r-dI_007.pt,data\preprocessed\features\z_v\Ua4g9q0r-dI_007.pt
Ua4g9q0r-dI_008,mosei_real,0,mosei_Ua4g9q0r-dI_008,,,-1,1,1,1,D:\Documents\Programming\Thesis_G10\data\raw\CMU-MOSEI\segments\Ua4g9q0r-dI_008.mp4,data\preprocessed\features\z_at\Ua4g9q0r-dI_008.pt,data\preprocessed\features\z_v\Ua4g9q0r-dI_008.pt
Ua4g9q0r-dI_009,mosei_real,0,mosei_Ua4g9q0r-dI_009,,,-1,1,1,1,D:\Documents\Programming\Thesis_G10\data\raw\CMU-MOSEI\segments\Ua4g9q0r-dI_009.mp4,data\preprocessed\features\z_at\Ua4g9q0r-dI_009.pt,data\preprocessed\features\z_v\Ua4g9q0r-dI_009.pt
Ua4g9q0r-dI_010,mosei_real,0,mosei_Ua4g9q0r-dI_010,,,-1,1,1,1,D:\Documents\Programming\Thesis_G10\data\raw\CMU-MOSEI\segments\Ua4g9q0r-dI_010.mp4,data\preprocessed\features\z_at\Ua4g9q0r-dI_010.pt,data\preprocessed\features\z_v\Ua4g9q0r-dI_010.pt
Ua4g9q0r-dI_011,mosei_real,0,mosei_Ua4g9q0r-dI_011,,,-1,1,1,1,D:\Documents\Programming\Thesis_G10\data\raw\CMU-MOSEI\segments\Ua4g9q0r-dI_011.mp4,data\preprocessed\features\z_at\Ua4g9q0r-dI_011.pt,data\preprocessed\features\z_v\Ua4g9q0r-dI_011.pt
Ua4g9q0r-dI_012,mosei_real,0,mosei_Ua4g9q0r-dI_012,,,-1,1,1,1,D:\Documents\Programming\Thesis_G10\data\raw\CMU-MOSEI\segments\Ua4g9q0r-dI_012.mp4,data\preprocessed\features\z_at\Ua4g9q0r-dI_012.pt,data\preprocessed\features\z_v\Ua4g9q0r-dI_012.pt
Ua4g9q0r-dI_013,mosei_real,0,mosei_Ua4g9q0r-dI_013,,,-1,1,1,1,D:\Documents\Programming\Thesis_G10\data\raw\CMU-MOSEI\segments\Ua4g9q0r-dI_013.mp4,data\preprocessed\features\z_at\Ua4g9q0r-dI_013.pt,data\preprocessed\features\z_v\Ua4g9q0r-dI_013.pt
Uc-0G7RRxoY_001,mosei_real,0,mosei_Uc-0G7RRxoY_001,,,-1,1,1,1,D:\Documents\Programming\Thesis_G10\data\raw\CMU-MOSEI\segments\Uc-0G7RRxoY_001.mp4,data\preprocessed\features\z_at\Uc-0G7RRxoY_001.pt,data\preprocessed\features\z_v\Uc-0G7RRxoY_001.pt
Uc-0G7RRxoY_002,mosei_real,0,mosei_Uc-0G7RRxoY_002,,,-1,1,1,1,D:\Documents\Programming\Thesis_G10\data\raw\CMU-MOSEI\segments\Uc-0G7RRxoY_002.mp4,data\preprocessed\features\z_at\Uc-0G7RRxoY_002.pt,data\preprocessed\features\z_v\Uc-0G7RRxoY_002.pt
UcINGGuysBE_001,mosei_real,0,mosei_UcINGGuysBE_001,,,-1,1,1,1,D:\Documents\Programming\Thesis_G10\data\raw\CMU-MOSEI\segments\UcINGGuysBE_001.mp4,data\preprocessed\features\z_at\UcINGGuysBE_001.pt,data\preprocessed\features\z_v\UcINGGuysBE_001.pt
UcINGGuysBE_002,mosei_real,0,mosei_UcINGGuysBE_002,,,-1,1,1,1,D:\Documents\Programming\Thesis_G10\data\raw\CMU-MOSEI\segments\UcINGGuysBE_002.mp4,data\preprocessed\features\z_at\UcINGGuysBE_002.pt,data\preprocessed\features\z_v\UcINGGuysBE_002.pt
UcINGGuysBE_004,mosei_real,0,mosei_UcINGGuysBE_004,,,-1,1,1,1,D:\Documents\Programming\Thesis_G10\data\raw\CMU-MOSEI\segments\UcINGGuysBE_004.mp4,data\preprocessed\features\z_at\UcINGGuysBE_004.pt,data\preprocessed\features\z_v\UcINGGuysBE_004.pt
UcINGGuysBE_005,mosei_real,0,mosei_UcINGGuysBE_005,,,-1,1,1,1,D:\Documents\Programming\Thesis_G10\data\raw\CMU-MOSEI\segments\UcINGGuysBE_005.mp4,data\preprocessed\features\z_at\UcINGGuysBE_005.pt,data\preprocessed\features\z_v\UcINGGuysBE_005.pt
UcINGGuysBE_007,mosei_real,0,mosei_UcINGGuysBE_007,,,-1,1,1,1,D:\Documents\Programming\Thesis_G10\data\raw\CMU-MOSEI\segments\UcINGGuysBE_007.mp4,data\preprocessed\features\z_at\UcINGGuysBE_007.pt,data\preprocessed\features\z_v\UcINGGuysBE_007.pt
UcV-bpksJi0_000,mosei_real,0,mosei_UcV-bpksJi0_000,,,-1,1,1,1,D:\Documents\Programming\Thesis_G10\data\raw\CMU-MOSEI\segments\UcV-bpksJi0_000.mp4,data\preprocessed\features\z_at\UcV-bpksJi0_000.pt,data\preprocessed\features\z_v\UcV-bpksJi0_000.pt
UcV-bpksJi0_001,mosei_real,0,mosei_UcV-bpksJi0_001,,,-1,1,1,1,D:\Documents\Programming\Thesis_G10\data\raw\CMU-MOSEI\segments\UcV-bpksJi0_001.mp4,data\preprocessed\features\z_at\UcV-bpksJi0_001.pt,data\preprocessed\features\z_v\UcV-bpksJi0_001.pt
UcV-bpksJi0_002,mosei_real,0,mosei_UcV-bpksJi0_002,,,-1,1,1,1,D:\Documents\Programming\Thesis_G10\data\raw\CMU-MOSEI\segments\UcV-bpksJi0_002.mp4,data\preprocessed\features\z_at\UcV-bpksJi0_002.pt,data\preprocessed\features\z_v\UcV-bpksJi0_002.pt
Uc_6d-fkZEc_002,mosei_real,0,mosei_Uc_6d-fkZEc_002,,,-1,1,1,1,D:\Documents\Programming\Thesis_G10\data\raw\CMU-MOSEI\segments\Uc_6d-fkZEc_002.mp4,data\preprocessed\features\z_at\Uc_6d-fkZEc_002.pt,data\preprocessed\features\z_v\Uc_6d-fkZEc_002.pt
UeOIb6s0pVM_000,mosei_real,0,mosei_UeOIb6s0pVM_000,,,-1,1,1,1,D:\Documents\Programming\Thesis_G10\data\raw\CMU-MOSEI\segments\UeOIb6s0pVM_000.mp4,data\preprocessed\features\z_at\UeOIb6s0pVM_000.pt,data\preprocessed\features\z_v\UeOIb6s0pVM_000.pt
UeOIb6s0pVM_002,mosei_real,0,mosei_UeOIb6s0pVM_002,,,-1,1,1,1,D:\Documents\Programming\Thesis_G10\data\raw\CMU-MOSEI\segments\UeOIb6s0pVM_002.mp4,data\preprocessed\features\z_at\UeOIb6s0pVM_002.pt,data\preprocessed\features\z_v\UeOIb6s0pVM_002.pt
UeOIb6s0pVM_003,mosei_real,0,mosei_UeOIb6s0pVM_003,,,-1,1,1,1,D:\Documents\Programming\Thesis_G10\data\raw\CMU-MOSEI\segments\UeOIb6s0pVM_003.mp4,data\preprocessed\features\z_at\UeOIb6s0pVM_003.pt,data\preprocessed\features\z_v\UeOIb6s0pVM_003.pt
UeOIb6s0pVM_004,mosei_real,0,mosei_UeOIb6s0pVM_004,,,-1,1,1,1,D:\Documents\Programming\Thesis_G10\data\raw\CMU-MOSEI\segments\UeOIb6s0pVM_004.mp4,data\preprocessed\features\z_at\UeOIb6s0pVM_004.pt,data\preprocessed\features\z_v\UeOIb6s0pVM_004.pt
UeOIb6s0pVM_006,mosei_real,0,mosei_UeOIb6s0pVM_006,,,-1,1,1,1,D:\Documents\Programming\Thesis_G10\data\raw\CMU-MOSEI\segments\UeOIb6s0pVM_006.mp4,data\preprocessed\features\z_at\UeOIb6s0pVM_006.pt,data\preprocessed\features\z_v\UeOIb6s0pVM_006.pt
UeOIb6s0pVM_008,mosei_real,0,mosei_UeOIb6s0pVM_008,,,-1,1,1,1,D:\Documents\Programming\Thesis_G10\data\raw\CMU-MOSEI\segments\UeOIb6s0pVM_008.mp4,data\preprocessed\features\z_at\UeOIb6s0pVM_008.pt,data\preprocessed\features\z_v\UeOIb6s0pVM_008.pt
UeOIb6s0pVM_009,mosei_real,0,mosei_UeOIb6s0pVM_009,,,-1,1,1,1,D:\Documents\Programming\Thesis_G10\data\raw\CMU-MOSEI\segments\UeOIb6s0pVM_009.mp4,data\preprocessed\features\z_at\UeOIb6s0pVM_009.pt,data\preprocessed\features\z_v\UeOIb6s0pVM_009.pt
UeOIb6s0pVM_010,mosei_real,0,mosei_UeOIb6s0pVM_010,,,-1,1,1,1,D:\Documents\Programming\Thesis_G10\data\raw\CMU-MOSEI\segments\UeOIb6s0pVM_010.mp4,data\preprocessed\features\z_at\UeOIb6s0pVM_010.pt,data\preprocessed\features\z_v\UeOIb6s0pVM_010.pt
UgTM9y2rD38_000,mosei_real,0,mosei_UgTM9y2rD38_000,,,-1,1,1,1,D:\Documents\Programming\Thesis_G10\data\raw\CMU-MOSEI\segments\UgTM9y2rD38_000.mp4,data\preprocessed\features\z_at\UgTM9y2rD38_000.pt,data\preprocessed\features\z_v\UgTM9y2rD38_000.pt
UgTM9y2rD38_002,mosei_real,0,mosei_UgTM9y2rD38_002,,,-1,1,1,1,D:\Documents\Programming\Thesis_G10\data\raw\CMU-MOSEI\segments\UgTM9y2rD38_002.mp4,data\preprocessed\features\z_at\UgTM9y2rD38_002.pt,data\preprocessed\features\z_v\UgTM9y2rD38_002.pt
Uiq0lf9ibF8_000,mosei_real,0,mosei_Uiq0lf9ibF8_000,,,-1,1,1,1,D:\Documents\Programming\Thesis_G10\data\raw\CMU-MOSEI\segments\Uiq0lf9ibF8_000.mp4,data\preprocessed\features\z_at\Uiq0lf9ibF8_000.pt,data\preprocessed\features\z_v\Uiq0lf9ibF8_000.pt
UiurP5k-f1A_000,mosei_real,0,mosei_UiurP5k-f1A_000,,,-1,1,1,1,D:\Documents\Programming\Thesis_G10\data\raw\CMU-MOSEI\segments\UiurP5k-f1A_000.mp4,data\preprocessed\features\z_at\UiurP5k-f1A_000.pt,data\preprocessed\features\z_v\UiurP5k-f1A_000.pt
UjT8pHMN8Q8_000,mosei_real,0,mosei_UjT8pHMN8Q8_000,,,-1,1,1,1,D:\Documents\Programming\Thesis_G10\data\raw\CMU-MOSEI\segments\UjT8pHMN8Q8_000.mp4,data\preprocessed\features\z_at\UjT8pHMN8Q8_000.pt,data\preprocessed\features\z_v\UjT8pHMN8Q8_000.pt
UjT8pHMN8Q8_001,mosei_real,0,mosei_UjT8pHMN8Q8_001,,,-1,1,1,1,D:\Documents\Programming\Thesis_G10\data\raw\CMU-MOSEI\segments\UjT8pHMN8Q8_001.mp4,data\preprocessed\features\z_at\UjT8pHMN8Q8_001.pt,data\preprocessed\features\z_v\UjT8pHMN8Q8_001.pt
UjqA6KVW2m8_000,mosei_real,0,mosei_UjqA6KVW2m8_000,,,-1,1,1,1,D:\Documents\Programming\Thesis_G10\data\raw\CMU-MOSEI\segments\UjqA6KVW2m8_000.mp4,data\preprocessed\features\z_at\UjqA6KVW2m8_000.pt,data\preprocessed\features\z_v\UjqA6KVW2m8_000.pt
UjqA6KVW2m8_001,mosei_real,0,mosei_UjqA6KVW2m8_001,,,-1,1,1,1,D:\Documents\Programming\Thesis_G10\data\raw\CMU-MOSEI\segments\UjqA6KVW2m8_001.mp4,data\preprocessed\features\z_at\UjqA6KVW2m8_001.pt,data\preprocessed\features\z_v\UjqA6KVW2m8_001.pt
UjqA6KVW2m8_002,mosei_real,0,mosei_UjqA6KVW2m8_002,,,-1,1,1,1,D:\Documents\Programming\Thesis_G10\data\raw\CMU-MOSEI\segments\UjqA6KVW2m8_002.mp4,data\preprocessed\features\z_at\UjqA6KVW2m8_002.pt,data\preprocessed\features\z_v\UjqA6KVW2m8_002.pt
UjqA6KVW2m8_004,mosei_real,0,mosei_UjqA6KVW2m8_004,,,-1,1,1,1,D:\Documents\Programming\Thesis_G10\data\raw\CMU-MOSEI\segments\UjqA6KVW2m8_004.mp4,data\preprocessed\features\z_at\UjqA6KVW2m8_004.pt,data\preprocessed\features\z_v\UjqA6KVW2m8_004.pt
UjqA6KVW2m8_005,mosei_real,0,mosei_UjqA6KVW2m8_005,,,-1,1,1,1,D:\Documents\Programming\Thesis_G10\data\raw\CMU-MOSEI\segments\UjqA6KVW2m8_005.mp4,data\preprocessed\features\z_at\UjqA6KVW2m8_005.pt,data\preprocessed\features\z_v\UjqA6KVW2m8_005.pt
UjqA6KVW2m8_006,mosei_real,0,mosei_UjqA6KVW2m8_006,,,-1,1,1,1,D:\Documents\Programming\Thesis_G10\data\raw\CMU-MOSEI\segments\UjqA6KVW2m8_006.mp4,data\preprocessed\features\z_at\UjqA6KVW2m8_006.pt,data\preprocessed\features\z_v\UjqA6KVW2m8_006.pt
UjqA6KVW2m8_007,mosei_real,0,mosei_UjqA6KVW2m8_007,,,-1,1,1,1,D:\Documents\Programming\Thesis_G10\data\raw\CMU-MOSEI\segments\UjqA6KVW2m8_007.mp4,data\preprocessed\features\z_at\UjqA6KVW2m8_007.pt,data\preprocessed\features\z_v\UjqA6KVW2m8_007.pt
UjqA6KVW2m8_009,mosei_real,0,mosei_UjqA6KVW2m8_009,,,-1,1,1,1,D:\Documents\Programming\Thesis_G10\data\raw\CMU-MOSEI\segments\UjqA6KVW2m8_009.mp4,data\preprocessed\features\z_at\UjqA6KVW2m8_009.pt,data\preprocessed\features\z_v\UjqA6KVW2m8_009.pt
UkqTwAuA8jI_001,mosei_real,0,mosei_UkqTwAuA8jI_001,,,-1,1,1,1,D:\Documents\Programming\Thesis_G10\data\raw\CMU-MOSEI\segments\UkqTwAuA8jI_001.mp4,data\preprocessed\features\z_at\UkqTwAuA8jI_001.pt,data\preprocessed\features\z_v\UkqTwAuA8jI_001.pt
UkqTwAuA8jI_002,mosei_real,0,mosei_UkqTwAuA8jI_002,,,-1,1,1,1,D:\Documents\Programming\Thesis_G10\data\raw\CMU-MOSEI\segments\UkqTwAuA8jI_002.mp4,data\preprocessed\features\z_at\UkqTwAuA8jI_002.pt,data\preprocessed\features\z_v\UkqTwAuA8jI_002.pt
UmB5c_QqUPs_000,mosei_real,0,mosei_UmB5c_QqUPs_000,,,-1,1,1,1,D:\Documents\Programming\Thesis_G10\data\raw\CMU-MOSEI\segments\UmB5c_QqUPs_000.mp4,data\preprocessed\features\z_at\UmB5c_QqUPs_000.pt,data\preprocessed\features\z_v\UmB5c_QqUPs_000.pt
UmB5c_QqUPs_002,mosei_real,0,mosei_UmB5c_QqUPs_002,,,-1,1,1,1,D:\Documents\Programming\Thesis_G10\data\raw\CMU-MOSEI\segments\UmB5c_QqUPs_002.mp4,data\preprocessed\features\z_at\UmB5c_QqUPs_002.pt,data\preprocessed\features\z_v\UmB5c_QqUPs_002.pt
UmB5c_QqUPs_003,mosei_real,0,mosei_UmB5c_QqUPs_003,,,-1,1,1,1,D:\Documents\Programming\Thesis_G10\data\raw\CMU-MOSEI\segments\UmB5c_QqUPs_003.mp4,data\preprocessed\features\z_at\UmB5c_QqUPs_003.pt,data\preprocessed\features\z_v\UmB5c_QqUPs_003.pt
UmB5c_QqUPs_010,mosei_real,0,mosei_UmB5c_QqUPs_010,,,-1,1,1,1,D:\Documents\Programming\Thesis_G10\data\raw\CMU-MOSEI\segments\UmB5c_QqUPs_010.mp4,data\preprocessed\features\z_at\UmB5c_QqUPs_010.pt,data\preprocessed\features\z_v\UmB5c_QqUPs_010.pt
UmB5c_QqUPs_012,mosei_real,0,mosei_UmB5c_QqUPs_012,,,-1,1,1,1,D:\Documents\Programming\Thesis_G10\data\raw\CMU-MOSEI\segments\UmB5c_QqUPs_012.mp4,data\preprocessed\features\z_at\UmB5c_QqUPs_012.pt,data\preprocessed\features\z_v\UmB5c_QqUPs_012.pt
UtuTyW9pUN8_002,mosei_real,0,mosei_UtuTyW9pUN8_002,,,-1,1,1,1,D:\Documents\Programming\Thesis_G10\data\raw\CMU-MOSEI\segments\UtuTyW9pUN8_002.mp4,data\preprocessed\features\z_at\UtuTyW9pUN8_002.pt,data\preprocessed\features\z_v\UtuTyW9pUN8_002.pt
UtuTyW9pUN8_003,mosei_real,0,mosei_UtuTyW9pUN8_003,,,-1,1,1,1,D:\Documents\Programming\Thesis_G10\data\raw\CMU-MOSEI\segments\UtuTyW9pUN8_003.mp4,data\preprocessed\features\z_at\UtuTyW9pUN8_003.pt,data\preprocessed\features\z_v\UtuTyW9pUN8_003.pt
UtuTyW9pUN8_004,mosei_real,0,mosei_UtuTyW9pUN8_004,,,-1,1,1,1,D:\Documents\Programming\Thesis_G10\data\raw\CMU-MOSEI\segments\UtuTyW9pUN8_004.mp4,data\preprocessed\features\z_at\UtuTyW9pUN8_004.pt,data\preprocessed\features\z_v\UtuTyW9pUN8_004.pt
UtuTyW9pUN8_006,mosei_real,0,mosei_UtuTyW9pUN8_006,,,-1,1,1,1,D:\Documents\Programming\Thesis_G10\data\raw\CMU-MOSEI\segments\UtuTyW9pUN8_006.mp4,data\preprocessed\features\z_at\UtuTyW9pUN8_006.pt,data\preprocessed\features\z_v\UtuTyW9pUN8_006.pt
V0SvSPkiJUY_000,mosei_real,0,mosei_V0SvSPkiJUY_000,,,-1,1,1,1,D:\Documents\Programming\Thesis_G10\data\raw\CMU-MOSEI\segments\V0SvSPkiJUY_000.mp4,data\preprocessed\features\z_at\V0SvSPkiJUY_000.pt,data\preprocessed\features\z_v\V0SvSPkiJUY_000.pt
V0SvSPkiJUY_004,mosei_real,0,mosei_V0SvSPkiJUY_004,,,-1,1,1,1,D:\Documents\Programming\Thesis_G10\data\raw\CMU-MOSEI\segments\V0SvSPkiJUY_004.mp4,data\preprocessed\features\z_at\V0SvSPkiJUY_004.pt,data\preprocessed\features\z_v\V0SvSPkiJUY_004.pt
V0SvSPkiJUY_005,mosei_real,0,mosei_V0SvSPkiJUY_005,,,-1,1,1,1,D:\Documents\Programming\Thesis_G10\data\raw\CMU-MOSEI\segments\V0SvSPkiJUY_005.mp4,data\preprocessed\features\z_at\V0SvSPkiJUY_005.pt,data\preprocessed\features\z_v\V0SvSPkiJUY_005.pt
V0SvSPkiJUY_006,mosei_real,0,mosei_V0SvSPkiJUY_006,,,-1,1,1,1,D:\Documents\Programming\Thesis_G10\data\raw\CMU-MOSEI\segments\V0SvSPkiJUY_006.mp4,data\preprocessed\features\z_at\V0SvSPkiJUY_006.pt,data\preprocessed\features\z_v\V0SvSPkiJUY_006.pt
V2X1NU5RkwY_004,mosei_real,0,mosei_V2X1NU5RkwY_004,,,-1,1,1,1,D:\Documents\Programming\Thesis_G10\data\raw\CMU-MOSEI\segments\V2X1NU5RkwY_004.mp4,data\preprocessed\features\z_at\V2X1NU5RkwY_004.pt,data\preprocessed\features\z_v\V2X1NU5RkwY_004.pt
V2X1NU5RkwY_005,mosei_real,0,mosei_V2X1NU5RkwY_005,,,-1,1,1,1,D:\Documents\Programming\Thesis_G10\data\raw\CMU-MOSEI\segments\V2X1NU5RkwY_005.mp4,data\preprocessed\features\z_at\V2X1NU5RkwY_005.pt,data\preprocessed\features\z_v\V2X1NU5RkwY_005.pt
V2X1NU5RkwY_006,mosei_real,0,mosei_V2X1NU5RkwY_006,,,-1,1,1,1,D:\Documents\Programming\Thesis_G10\data\raw\CMU-MOSEI\segments\V2X1NU5RkwY_006.mp4,data\preprocessed\features\z_at\V2X1NU5RkwY_006.pt,data\preprocessed\features\z_v\V2X1NU5RkwY_006.pt
V7OFSHYcQD0_000,mosei_real,0,mosei_V7OFSHYcQD0_000,,,-1,1,1,1,D:\Documents\Programming\Thesis_G10\data\raw\CMU-MOSEI\segments\V7OFSHYcQD0_000.mp4,data\preprocessed\features\z_at\V7OFSHYcQD0_000.pt,data\preprocessed\features\z_v\V7OFSHYcQD0_000.pt
VA6lVHlj5d0_000,mosei_real,0,mosei_VA6lVHlj5d0_000,,,-1,1,1,1,D:\Documents\Programming\Thesis_G10\data\raw\CMU-MOSEI\segments\VA6lVHlj5d0_000.mp4,data\preprocessed\features\z_at\VA6lVHlj5d0_000.pt,data\preprocessed\features\z_v\VA6lVHlj5d0_000.pt
VA6lVHlj5d0_001,mosei_real,0,mosei_VA6lVHlj5d0_001,,,-1,1,1,1,D:\Documents\Programming\Thesis_G10\data\raw\CMU-MOSEI\segments\VA6lVHlj5d0_001.mp4,data\preprocessed\features\z_at\VA6lVHlj5d0_001.pt,data\preprocessed\features\z_v\VA6lVHlj5d0_001.pt
VA6lVHlj5d0_003,mosei_real,0,mosei_VA6lVHlj5d0_003,,,-1,1,1,1,D:\Documents\Programming\Thesis_G10\data\raw\CMU-MOSEI\segments\VA6lVHlj5d0_003.mp4,data\preprocessed\features\z_at\VA6lVHlj5d0_003.pt,data\preprocessed\features\z_v\VA6lVHlj5d0_003.pt
VA6lVHlj5d0_005,mosei_real,0,mosei_VA6lVHlj5d0_005,,,-1,1,1,1,D:\Documents\Programming\Thesis_G10\data\raw\CMU-MOSEI\segments\VA6lVHlj5d0_005.mp4,data\preprocessed\features\z_at\VA6lVHlj5d0_005.pt,data\preprocessed\features\z_v\VA6lVHlj5d0_005.pt
VA6lVHlj5d0_006,mosei_real,0,mosei_VA6lVHlj5d0_006,,,-1,1,1,1,D:\Documents\Programming\Thesis_G10\data\raw\CMU-MOSEI\segments\VA6lVHlj5d0_006.mp4,data\preprocessed\features\z_at\VA6lVHlj5d0_006.pt,data\preprocessed\features\z_v\VA6lVHlj5d0_006.pt
VAFdgtqZz4g_000,mosei_real,0,mosei_VAFdgtqZz4g_000,,,-1,1,1,1,D:\Documents\Programming\Thesis_G10\data\raw\CMU-MOSEI\segments\VAFdgtqZz4g_000.mp4,data\preprocessed\features\z_at\VAFdgtqZz4g_000.pt,data\preprocessed\features\z_v\VAFdgtqZz4g_000.pt
VAFdgtqZz4g_001,mosei_real,0,mosei_VAFdgtqZz4g_001,,,-1,1,1,1,D:\Documents\Programming\Thesis_G10\data\raw\CMU-MOSEI\segments\VAFdgtqZz4g_001.mp4,data\preprocessed\features\z_at\VAFdgtqZz4g_001.pt,data\preprocessed\features\z_v\VAFdgtqZz4g_001.pt
VAr7gJydnys_001,mosei_real,0,mosei_VAr7gJydnys_001,,,-1,1,1,1,D:\Documents\Programming\Thesis_G10\data\raw\CMU-MOSEI\segments\VAr7gJydnys_001.mp4,data\preprocessed\features\z_at\VAr7gJydnys_001.pt,data\preprocessed\features\z_v\VAr7gJydnys_001.pt
VAr7gJydnys_004,mosei_real,0,mosei_VAr7gJydnys_004,,,-1,1,1,1,D:\Documents\Programming\Thesis_G10\data\raw\CMU-MOSEI\segments\VAr7gJydnys_004.mp4,data\preprocessed\features\z_at\VAr7gJydnys_004.pt,data\preprocessed\features\z_v\VAr7gJydnys_004.pt
VAr7gJydnys_008,mosei_real,0,mosei_VAr7gJydnys_008,,,-1,1,1,1,D:\Documents\Programming\Thesis_G10\data\raw\CMU-MOSEI\segments\VAr7gJydnys_008.mp4,data\preprocessed\features\z_at\VAr7gJydnys_008.pt,data\preprocessed\features\z_v\VAr7gJydnys_008.pt
VAr7gJydnys_014,mosei_real,0,mosei_VAr7gJydnys_014,,,-1,1,1,1,D:\Documents\Programming\Thesis_G10\data\raw\CMU-MOSEI\segments\VAr7gJydnys_014.mp4,data\preprocessed\features\z_at\VAr7gJydnys_014.pt,data\preprocessed\features\z_v\VAr7gJydnys_014.pt
VDkBM0ZG4q8_000,mosei_real,0,mosei_VDkBM0ZG4q8_000,,,-1,1,1,1,D:\Documents\Programming\Thesis_G10\data\raw\CMU-MOSEI\segments\VDkBM0ZG4q8_000.mp4,data\preprocessed\features\z_at\VDkBM0ZG4q8_000.pt,data\preprocessed\features\z_v\VDkBM0ZG4q8_000.pt
VDkBM0ZG4q8_004,mosei_real,0,mosei_VDkBM0ZG4q8_004,,,-1,1,1,1,D:\Documents\Programming\Thesis_G10\data\raw\CMU-MOSEI\segments\VDkBM0ZG4q8_004.mp4,data\preprocessed\features\z_at\VDkBM0ZG4q8_004.pt,data\preprocessed\features\z_v\VDkBM0ZG4q8_004.pt
VDkBM0ZG4q8_005,mosei_real,0,mosei_VDkBM0ZG4q8_005,,,-1,1,1,1,D:\Documents\Programming\Thesis_G10\data\raw\CMU-MOSEI\segments\VDkBM0ZG4q8_005.mp4,data\preprocessed\features\z_at\VDkBM0ZG4q8_005.pt,data\preprocessed\features\z_v\VDkBM0ZG4q8_005.pt
VDkBM0ZG4q8_006,mosei_real,0,mosei_VDkBM0ZG4q8_006,,,-1,1,1,1,D:\Documents\Programming\Thesis_G10\data\raw\CMU-MOSEI\segments\VDkBM0ZG4q8_006.mp4,data\preprocessed\features\z_at\VDkBM0ZG4q8_006.pt,data\preprocessed\features\z_v\VDkBM0ZG4q8_006.pt
VDkBM0ZG4q8_008,mosei_real,0,mosei_VDkBM0ZG4q8_008,,,-1,1,1,1,D:\Documents\Programming\Thesis_G10\data\raw\CMU-MOSEI\segments\VDkBM0ZG4q8_008.mp4,data\preprocessed\features\z_at\VDkBM0ZG4q8_008.pt,data\preprocessed\features\z_v\VDkBM0ZG4q8_008.pt
VIVkYG31Oas_000,mosei_real,0,mosei_VIVkYG31Oas_000,,,-1,1,1,1,D:\Documents\Programming\Thesis_G10\data\raw\CMU-MOSEI\segments\VIVkYG31Oas_000.mp4,data\preprocessed\features\z_at\VIVkYG31Oas_000.pt,data\preprocessed\features\z_v\VIVkYG31Oas_000.pt
VVZLA2neYyw_001,mosei_real,0,mosei_VVZLA2neYyw_001,,,-1,1,1,1,D:\Documents\Programming\Thesis_G10\data\raw\CMU-MOSEI\segments\VVZLA2neYyw_001.mp4,data\preprocessed\features\z_at\VVZLA2neYyw_001.pt,data\preprocessed\features\z_v\VVZLA2neYyw_001.pt
VWik5oKP6IU_000,mosei_real,0,mosei_VWik5oKP6IU_000,,,-1,1,1,1,D:\Documents\Programming\Thesis_G10\data\raw\CMU-MOSEI\segments\VWik5oKP6IU_000.mp4,data\preprocessed\features\z_at\VWik5oKP6IU_000.pt,data\preprocessed\features\z_v\VWik5oKP6IU_000.pt
VWik5oKP6IU_002,mosei_real,0,mosei_VWik5oKP6IU_002,,,-1,1,1,1,D:\Documents\Programming\Thesis_G10\data\raw\CMU-MOSEI\segments\VWik5oKP6IU_002.mp4,data\preprocessed\features\z_at\VWik5oKP6IU_002.pt,data\preprocessed\features\z_v\VWik5oKP6IU_002.pt
VWik5oKP6IU_003,mosei_real,0,mosei_VWik5oKP6IU_003,,,-1,1,1,1,D:\Documents\Programming\Thesis_G10\data\raw\CMU-MOSEI\segments\VWik5oKP6IU_003.mp4,data\preprocessed\features\z_at\VWik5oKP6IU_003.pt,data\preprocessed\features\z_v\VWik5oKP6IU_003.pt
VWik5oKP6IU_004,mosei_real,0,mosei_VWik5oKP6IU_004,,,-1,1,1,1,D:\Documents\Programming\Thesis_G10\data\raw\CMU-MOSEI\segments\VWik5oKP6IU_004.mp4,data\preprocessed\features\z_at\VWik5oKP6IU_004.pt,data\preprocessed\features\z_v\VWik5oKP6IU_004.pt
VWik5oKP6IU_008,mosei_real,0,mosei_VWik5oKP6IU_008,,,-1,1,1,1,D:\Documents\Programming\Thesis_G10\data\raw\CMU-MOSEI\segments\VWik5oKP6IU_008.mp4,data\preprocessed\features\z_at\VWik5oKP6IU_008.pt,data\preprocessed\features\z_v\VWik5oKP6IU_008.pt
VZqkWIPmH6w_007,mosei_real,0,mosei_VZqkWIPmH6w_007,,,-1,1,1,1,D:\Documents\Programming\Thesis_G10\data\raw\CMU-MOSEI\segments\VZqkWIPmH6w_007.mp4,data\preprocessed\features\z_at\VZqkWIPmH6w_007.pt,data\preprocessed\features\z_v\VZqkWIPmH6w_007.pt
Va54WZgPTdY_000,mosei_real,0,mosei_Va54WZgPTdY_000,,,-1,1,1,1,D:\Documents\Programming\Thesis_G10\data\raw\CMU-MOSEI\segments\Va54WZgPTdY_000.mp4,data\preprocessed\features\z_at\Va54WZgPTdY_000.pt,data\preprocessed\features\z_v\Va54WZgPTdY_000.pt
Va54WZgPTdY_002,mosei_real,0,mosei_Va54WZgPTdY_002,,,-1,1,1,1,D:\Documents\Programming\Thesis_G10\data\raw\CMU-MOSEI\segments\Va54WZgPTdY_002.mp4,data\preprocessed\features\z_at\Va54WZgPTdY_002.pt,data\preprocessed\features\z_v\Va54WZgPTdY_002.pt
VbSsGRXIwjc_000,mosei_real,0,mosei_VbSsGRXIwjc_000,,,-1,1,1,1,D:\Documents\Programming\Thesis_G10\data\raw\CMU-MOSEI\segments\VbSsGRXIwjc_000.mp4,data\preprocessed\features\z_at\VbSsGRXIwjc_000.pt,data\preprocessed\features\z_v\VbSsGRXIwjc_000.pt
VbV9S4svrTg_002,mosei_real,0,mosei_VbV9S4svrTg_002,,,-1,1,1,1,D:\Documents\Programming\Thesis_G10\data\raw\CMU-MOSEI\segments\VbV9S4svrTg_002.mp4,data\preprocessed\features\z_at\VbV9S4svrTg_002.pt,data\preprocessed\features\z_v\VbV9S4svrTg_002.pt
VbV9S4svrTg_003,mosei_real,0,mosei_VbV9S4svrTg_003,,,-1,1,1,1,D:\Documents\Programming\Thesis_G10\data\raw\CMU-MOSEI\segments\VbV9S4svrTg_003.mp4,data\preprocessed\features\z_at\VbV9S4svrTg_003.pt,data\preprocessed\features\z_v\VbV9S4svrTg_003.pt
VbV9S4svrTg_005,mosei_real,0,mosei_VbV9S4svrTg_005,,,-1,1,1,1,D:\Documents\Programming\Thesis_G10\data\raw\CMU-MOSEI\segments\VbV9S4svrTg_005.mp4,data\preprocessed\features\z_at\VbV9S4svrTg_005.pt,data\preprocessed\features\z_v\VbV9S4svrTg_005.pt
VbV9S4svrTg_006,mosei_real,0,mosei_VbV9S4svrTg_006,,,-1,1,1,1,D:\Documents\Programming\Thesis_G10\data\raw\CMU-MOSEI\segments\VbV9S4svrTg_006.mp4,data\preprocessed\features\z_at\VbV9S4svrTg_006.pt,data\preprocessed\features\z_v\VbV9S4svrTg_006.pt
VbV9S4svrTg_007,mosei_real,0,mosei_VbV9S4svrTg_007,,,-1,1,1,1,D:\Documents\Programming\Thesis_G10\data\raw\CMU-MOSEI\segments\VbV9S4svrTg_007.mp4,data\preprocessed\features\z_at\VbV9S4svrTg_007.pt,data\preprocessed\features\z_v\VbV9S4svrTg_007.pt
VbV9S4svrTg_008,mosei_real,0,mosei_VbV9S4svrTg_008,,,-1,1,1,1,D:\Documents\Programming\Thesis_G10\data\raw\CMU-MOSEI\segments\VbV9S4svrTg_008.mp4,data\preprocessed\features\z_at\VbV9S4svrTg_008.pt,data\preprocessed\features\z_v\VbV9S4svrTg_008.pt
VbV9S4svrTg_009,mosei_real,0,mosei_VbV9S4svrTg_009,,,-1,1,1,1,D:\Documents\Programming\Thesis_G10\data\raw\CMU-MOSEI\segments\VbV9S4svrTg_009.mp4,data\preprocessed\features\z_at\VbV9S4svrTg_009.pt,data\preprocessed\features\z_v\VbV9S4svrTg_009.pt
VbV9S4svrTg_010,mosei_real,0,mosei_VbV9S4svrTg_010,,,-1,1,1,1,D:\Documents\Programming\Thesis_G10\data\raw\CMU-MOSEI\segments\VbV9S4svrTg_010.mp4,data\preprocessed\features\z_at\VbV9S4svrTg_010.pt,data\preprocessed\features\z_v\VbV9S4svrTg_010.pt
VbV9S4svrTg_012,mosei_real,0,mosei_VbV9S4svrTg_012,,,-1,1,1,1,D:\Documents\Programming\Thesis_G10\data\raw\CMU-MOSEI\segments\VbV9S4svrTg_012.mp4,data\preprocessed\features\z_at\VbV9S4svrTg_012.pt,data\preprocessed\features\z_v\VbV9S4svrTg_012.pt
VbV9S4svrTg_013,mosei_real,0,mosei_VbV9S4svrTg_013,,,-1,1,1,1,D:\Documents\Programming\Thesis_G10\data\raw\CMU-MOSEI\segments\VbV9S4svrTg_013.mp4,data\preprocessed\features\z_at\VbV9S4svrTg_013.pt,data\preprocessed\features\z_v\VbV9S4svrTg_013.pt
VcZffwwL0bw_005,mosei_real,0,mosei_VcZffwwL0bw_005,,,-1,1,1,1,D:\Documents\Programming\Thesis_G10\data\raw\CMU-MOSEI\segments\VcZffwwL0bw_005.mp4,data\preprocessed\features\z_at\VcZffwwL0bw_005.pt,data\preprocessed\features\z_v\VcZffwwL0bw_005.pt
VcZffwwL0bw_006,mosei_real,0,mosei_VcZffwwL0bw_006,,,-1,1,1,1,D:\Documents\Programming\Thesis_G10\data\raw\CMU-MOSEI\segments\VcZffwwL0bw_006.mp4,data\preprocessed\features\z_at\VcZffwwL0bw_006.pt,data\preprocessed\features\z_v\VcZffwwL0bw_006.pt
Vdf1McvE9ao_000,mosei_real,0,mosei_Vdf1McvE9ao_000,,,-1,1,1,1,D:\Documents\Programming\Thesis_G10\data\raw\CMU-MOSEI\segments\Vdf1McvE9ao_000.mp4,data\preprocessed\features\z_at\Vdf1McvE9ao_000.pt,data\preprocessed\features\z_v\Vdf1McvE9ao_000.pt
Vdf1McvE9ao_001,mosei_real,0,mosei_Vdf1McvE9ao_001,,,-1,1,1,1,D:\Documents\Programming\Thesis_G10\data\raw\CMU-MOSEI\segments\Vdf1McvE9ao_001.mp4,data\preprocessed\features\z_at\Vdf1McvE9ao_001.pt,data\preprocessed\features\z_v\Vdf1McvE9ao_001.pt
Vdf1McvE9ao_002,mosei_real,0,mosei_Vdf1McvE9ao_002,,,-1,1,1,1,D:\Documents\Programming\Thesis_G10\data\raw\CMU-MOSEI\segments\Vdf1McvE9ao_002.mp4,data\preprocessed\features\z_at\Vdf1McvE9ao_002.pt,data\preprocessed\features\z_v\Vdf1McvE9ao_002.pt
Vdf1McvE9ao_003,mosei_real,0,mosei_Vdf1McvE9ao_003,,,-1,1,1,1,D:\Documents\Programming\Thesis_G10\data\raw\CMU-MOSEI\segments\Vdf1McvE9ao_003.mp4,data\preprocessed\features\z_at\Vdf1McvE9ao_003.pt,data\preprocessed\features\z_v\Vdf1McvE9ao_003.pt
Vdf1McvE9ao_005,mosei_real,0,mosei_Vdf1McvE9ao_005,,,-1,1,1,1,D:\Documents\Programming\Thesis_G10\data\raw\CMU-MOSEI\segments\Vdf1McvE9ao_005.mp4,data\preprocessed\features\z_at\Vdf1McvE9ao_005.pt,data\preprocessed\features\z_v\Vdf1McvE9ao_005.pt
Vdf1McvE9ao_006,mosei_real,0,mosei_Vdf1McvE9ao_006,,,-1,1,1,1,D:\Documents\Programming\Thesis_G10\data\raw\CMU-MOSEI\segments\Vdf1McvE9ao_006.mp4,data\preprocessed\features\z_at\Vdf1McvE9ao_006.pt,data\preprocessed\features\z_v\Vdf1McvE9ao_006.pt
Vdf1McvE9ao_009,mosei_real,0,mosei_Vdf1McvE9ao_009,,,-1,1,1,1,D:\Documents\Programming\Thesis_G10\data\raw\CMU-MOSEI\segments\Vdf1McvE9ao_009.mp4,data\preprocessed\features\z_at\Vdf1McvE9ao_009.pt,data\preprocessed\features\z_v\Vdf1McvE9ao_009.pt
Vdf1McvE9ao_011,mosei_real,0,mosei_Vdf1McvE9ao_011,,,-1,1,1,1,D:\Documents\Programming\Thesis_G10\data\raw\CMU-MOSEI\segments\Vdf1McvE9ao_011.mp4,data\preprocessed\features\z_at\Vdf1McvE9ao_011.pt,data\preprocessed\features\z_v\Vdf1McvE9ao_011.pt
VinxKpWioTo_000,mosei_real,0,mosei_VinxKpWioTo_000,,,-1,1,1,1,D:\Documents\Programming\Thesis_G10\data\raw\CMU-MOSEI\segments\VinxKpWioTo_000.mp4,data\preprocessed\features\z_at\VinxKpWioTo_000.pt,data\preprocessed\features\z_v\VinxKpWioTo_000.pt
ViyQVpGW05w_000,mosei_real,0,mosei_ViyQVpGW05w_000,,,-1,1,1,1,D:\Documents\Programming\Thesis_G10\data\raw\CMU-MOSEI\segments\ViyQVpGW05w_000.mp4,data\preprocessed\features\z_at\ViyQVpGW05w_000.pt,data\preprocessed\features\z_v\ViyQVpGW05w_000.pt
ViyQVpGW05w_002,mosei_real,0,mosei_ViyQVpGW05w_002,,,-1,1,1,1,D:\Documents\Programming\Thesis_G10\data\raw\CMU-MOSEI\segments\ViyQVpGW05w_002.mp4,data\preprocessed\features\z_at\ViyQVpGW05w_002.pt,data\preprocessed\features\z_v\ViyQVpGW05w_002.pt
VjAvqFXEmmk_000,mosei_real,0,mosei_VjAvqFXEmmk_000,,,-1,1,1,1,D:\Documents\Programming\Thesis_G10\data\raw\CMU-MOSEI\segments\VjAvqFXEmmk_000.mp4,data\preprocessed\features\z_at\VjAvqFXEmmk_000.pt,data\preprocessed\features\z_v\VjAvqFXEmmk_000.pt
VjAvqFXEmmk_001,mosei_real,0,mosei_VjAvqFXEmmk_001,,,-1,1,1,1,D:\Documents\Programming\Thesis_G10\data\raw\CMU-MOSEI\segments\VjAvqFXEmmk_001.mp4,data\preprocessed\features\z_at\VjAvqFXEmmk_001.pt,data\preprocessed\features\z_v\VjAvqFXEmmk_001.pt
VjAvqFXEmmk_002,mosei_real,0,mosei_VjAvqFXEmmk_002,,,-1,1,1,1,D:\Documents\Programming\Thesis_G10\data\raw\CMU-MOSEI\segments\VjAvqFXEmmk_002.mp4,data\preprocessed\features\z_at\VjAvqFXEmmk_002.pt,data\preprocessed\features\z_v\VjAvqFXEmmk_002.pt
VjAvqFXEmmk_003,mosei_real,0,mosei_VjAvqFXEmmk_003,,,-1,1,1,1,D:\Documents\Programming\Thesis_G10\data\raw\CMU-MOSEI\segments\VjAvqFXEmmk_003.mp4,data\preprocessed\features\z_at\VjAvqFXEmmk_003.pt,data\preprocessed\features\z_v\VjAvqFXEmmk_003.pt
VjAvqFXEmmk_004,mosei_real,0,mosei_VjAvqFXEmmk_004,,,-1,1,1,1,D:\Documents\Programming\Thesis_G10\data\raw\CMU-MOSEI\segments\VjAvqFXEmmk_004.mp4,data\preprocessed\features\z_at\VjAvqFXEmmk_004.pt,data\preprocessed\features\z_v\VjAvqFXEmmk_004.pt
VjAvqFXEmmk_005,mosei_real,0,mosei_VjAvqFXEmmk_005,,,-1,1,1,1,D:\Documents\Programming\Thesis_G10\data\raw\CMU-MOSEI\segments\VjAvqFXEmmk_005.mp4,data\preprocessed\features\z_at\VjAvqFXEmmk_005.pt,data\preprocessed\features\z_v\VjAvqFXEmmk_005.pt
VjAvqFXEmmk_007,mosei_real,0,mosei_VjAvqFXEmmk_007,,,-1,1,1,1,D:\Documents\Programming\Thesis_G10\data\raw\CMU-MOSEI\segments\VjAvqFXEmmk_007.mp4,data\preprocessed\features\z_at\VjAvqFXEmmk_007.pt,data\preprocessed\features\z_v\VjAvqFXEmmk_007.pt
Vlas-mPydcg_002,mosei_real,0,mosei_Vlas-mPydcg_002,,,-1,1,1,1,D:\Documents\Programming\Thesis_G10\data\raw\CMU-MOSEI\segments\Vlas-mPydcg_002.mp4,data\preprocessed\features\z_at\Vlas-mPydcg_002.pt,data\preprocessed\features\z_v\Vlas-mPydcg_002.pt
Vlas-mPydcg_003,mosei_real,0,mosei_Vlas-mPydcg_003,,,-1,1,1,1,D:\Documents\Programming\Thesis_G10\data\raw\CMU-MOSEI\segments\Vlas-mPydcg_003.mp4,data\preprocessed\features\z_at\Vlas-mPydcg_003.pt,data\preprocessed\features\z_v\Vlas-mPydcg_003.pt
VsXGwSZazwA_000,mosei_real,0,mosei_VsXGwSZazwA_000,,,-1,1,1,1,D:\Documents\Programming\Thesis_G10\data\raw\CMU-MOSEI\segments\VsXGwSZazwA_000.mp4,data\preprocessed\features\z_at\VsXGwSZazwA_000.pt,data\preprocessed\features\z_v\VsXGwSZazwA_000.pt
VsXGwSZazwA_004,mosei_real,0,mosei_VsXGwSZazwA_004,,,-1,1,1,1,D:\Documents\Programming\Thesis_G10\data\raw\CMU-MOSEI\segments\VsXGwSZazwA_004.mp4,data\preprocessed\features\z_at\VsXGwSZazwA_004.pt,data\preprocessed\features\z_v\VsXGwSZazwA_004.pt
VsXGwSZazwA_005,mosei_real,0,mosei_VsXGwSZazwA_005,,,-1,1,1,1,D:\Documents\Programming\Thesis_G10\data\raw\CMU-MOSEI\segments\VsXGwSZazwA_005.mp4,data\preprocessed\features\z_at\VsXGwSZazwA_005.pt,data\preprocessed\features\z_v\VsXGwSZazwA_005.pt
VsXGwSZazwA_007,mosei_real,0,mosei_VsXGwSZazwA_007,,,-1,1,1,1,D:\Documents\Programming\Thesis_G10\data\raw\CMU-MOSEI\segments\VsXGwSZazwA_007.mp4,data\preprocessed\features\z_at\VsXGwSZazwA_007.pt,data\preprocessed\features\z_v\VsXGwSZazwA_007.pt
Vuay0mVKkik_000,mosei_real,0,mosei_Vuay0mVKkik_000,,,-1,1,1,1,D:\Documents\Programming\Thesis_G10\data\raw\CMU-MOSEI\segments\Vuay0mVKkik_000.mp4,data\preprocessed\features\z_at\Vuay0mVKkik_000.pt,data\preprocessed\features\z_v\Vuay0mVKkik_000.pt
Vuay0mVKkik_003,mosei_real,0,mosei_Vuay0mVKkik_003,,,-1,1,1,1,D:\Documents\Programming\Thesis_G10\data\raw\CMU-MOSEI\segments\Vuay0mVKkik_003.mp4,data\preprocessed\features\z_at\Vuay0mVKkik_003.pt,data\preprocessed\features\z_v\Vuay0mVKkik_003.pt
Vv2DTPyyw90_001,mosei_real,0,mosei_Vv2DTPyyw90_001,,,-1,1,1,1,D:\Documents\Programming\Thesis_G10\data\raw\CMU-MOSEI\segments\Vv2DTPyyw90_001.mp4,data\preprocessed\features\z_at\Vv2DTPyyw90_001.pt,data\preprocessed\features\z_v\Vv2DTPyyw90_001.pt
Vv2DTPyyw90_003,mosei_real,0,mosei_Vv2DTPyyw90_003,,,-1,1,1,1,D:\Documents\Programming\Thesis_G10\data\raw\CMU-MOSEI\segments\Vv2DTPyyw90_003.mp4,data\preprocessed\features\z_at\Vv2DTPyyw90_003.pt,data\preprocessed\features\z_v\Vv2DTPyyw90_003.pt
Vv2DTPyyw90_004,mosei_real,0,mosei_Vv2DTPyyw90_004,,,-1,1,1,1,D:\Documents\Programming\Thesis_G10\data\raw\CMU-MOSEI\segments\Vv2DTPyyw90_004.mp4,data\preprocessed\features\z_at\Vv2DTPyyw90_004.pt,data\preprocessed\features\z_v\Vv2DTPyyw90_004.pt
VwGPIUNayKM_002,mosei_real,0,mosei_VwGPIUNayKM_002,,,-1,1,1,1,D:\Documents\Programming\Thesis_G10\data\raw\CMU-MOSEI\segments\VwGPIUNayKM_002.mp4,data\preprocessed\features\z_at\VwGPIUNayKM_002.pt,data\preprocessed\features\z_v\VwGPIUNayKM_002.pt
VwGPIUNayKM_004,mosei_real,0,mosei_VwGPIUNayKM_004,,,-1,1,1,1,D:\Documents\Programming\Thesis_G10\data\raw\CMU-MOSEI\segments\VwGPIUNayKM_004.mp4,data\preprocessed\features\z_at\VwGPIUNayKM_004.pt,data\preprocessed\features\z_v\VwGPIUNayKM_004.pt
VwGPIUNayKM_006,mosei_real,0,mosei_VwGPIUNayKM_006,,,-1,1,1,1,D:\Documents\Programming\Thesis_G10\data\raw\CMU-MOSEI\segments\VwGPIUNayKM_006.mp4,data\preprocessed\features\z_at\VwGPIUNayKM_006.pt,data\preprocessed\features\z_v\VwGPIUNayKM_006.pt
VwvptdTkwEE_000,mosei_real,0,mosei_VwvptdTkwEE_000,,,-1,1,1,1,D:\Documents\Programming\Thesis_G10\data\raw\CMU-MOSEI\segments\VwvptdTkwEE_000.mp4,data\preprocessed\features\z_at\VwvptdTkwEE_000.pt,data\preprocessed\features\z_v\VwvptdTkwEE_000.pt
VwvptdTkwEE_003,mosei_real,0,mosei_VwvptdTkwEE_003,,,-1,1,1,1,D:\Documents\Programming\Thesis_G10\data\raw\CMU-MOSEI\segments\VwvptdTkwEE_003.mp4,data\preprocessed\features\z_at\VwvptdTkwEE_003.pt,data\preprocessed\features\z_v\VwvptdTkwEE_003.pt
Vx8npmcFxak_005,mosei_real,0,mosei_Vx8npmcFxak_005,,,-1,1,1,1,D:\Documents\Programming\Thesis_G10\data\raw\CMU-MOSEI\segments\Vx8npmcFxak_005.mp4,data\preprocessed\features\z_at\Vx8npmcFxak_005.pt,data\preprocessed\features\z_v\Vx8npmcFxak_005.pt
VybXjsmsjAY_000,mosei_real,0,mosei_VybXjsmsjAY_000,,,-1,1,1,1,D:\Documents\Programming\Thesis_G10\data\raw\CMU-MOSEI\segments\VybXjsmsjAY_000.mp4,data\preprocessed\features\z_at\VybXjsmsjAY_000.pt,data\preprocessed\features\z_v\VybXjsmsjAY_000.pt
VybXjsmsjAY_002,mosei_real,0,mosei_VybXjsmsjAY_002,,,-1,1,1,1,D:\Documents\Programming\Thesis_G10\data\raw\CMU-MOSEI\segments\VybXjsmsjAY_002.mp4,data\preprocessed\features\z_at\VybXjsmsjAY_002.pt,data\preprocessed\features\z_v\VybXjsmsjAY_002.pt
VybXjsmsjAY_003,mosei_real,0,mosei_VybXjsmsjAY_003,,,-1,1,1,1,D:\Documents\Programming\Thesis_G10\data\raw\CMU-MOSEI\segments\VybXjsmsjAY_003.mp4,data\preprocessed\features\z_at\VybXjsmsjAY_003.pt,data\preprocessed\features\z_v\VybXjsmsjAY_003.pt
VybXjsmsjAY_005,mosei_real,0,mosei_VybXjsmsjAY_005,,,-1,1,1,1,D:\Documents\Programming\Thesis_G10\data\raw\CMU-MOSEI\segments\VybXjsmsjAY_005.mp4,data\preprocessed\features\z_at\VybXjsmsjAY_005.pt,data\preprocessed\features\z_v\VybXjsmsjAY_005.pt
VybXjsmsjAY_006,mosei_real,0,mosei_VybXjsmsjAY_006,,,-1,1,1,1,D:\Documents\Programming\Thesis_G10\data\raw\CMU-MOSEI\segments\VybXjsmsjAY_006.mp4,data\preprocessed\features\z_at\VybXjsmsjAY_006.pt,data\preprocessed\features\z_v\VybXjsmsjAY_006.pt
VybXjsmsjAY_008,mosei_real,0,mosei_VybXjsmsjAY_008,,,-1,1,1,1,D:\Documents\Programming\Thesis_G10\data\raw\CMU-MOSEI\segments\VybXjsmsjAY_008.mp4,data\preprocessed\features\z_at\VybXjsmsjAY_008.pt,data\preprocessed\features\z_v\VybXjsmsjAY_008.pt
VzDXgBOe5iI_000,mosei_real,0,mosei_VzDXgBOe5iI_000,,,-1,1,1,1,D:\Documents\Programming\Thesis_G10\data\raw\CMU-MOSEI\segments\VzDXgBOe5iI_000.mp4,data\preprocessed\features\z_at\VzDXgBOe5iI_000.pt,data\preprocessed\features\z_v\VzDXgBOe5iI_000.pt
W-pA0lOGLR0_000,mosei_real,0,mosei_W-pA0lOGLR0_000,,,-1,1,1,1,D:\Documents\Programming\Thesis_G10\data\raw\CMU-MOSEI\segments\W-pA0lOGLR0_000.mp4,data\preprocessed\features\z_at\W-pA0lOGLR0_000.pt,data\preprocessed\features\z_v\W-pA0lOGLR0_000.pt
W-pA0lOGLR0_001,mosei_real,0,mosei_W-pA0lOGLR0_001,,,-1,1,1,1,D:\Documents\Programming\Thesis_G10\data\raw\CMU-MOSEI\segments\W-pA0lOGLR0_001.mp4,data\preprocessed\features\z_at\W-pA0lOGLR0_001.pt,data\preprocessed\features\z_v\W-pA0lOGLR0_001.pt
W-pA0lOGLR0_002,mosei_real,0,mosei_W-pA0lOGLR0_002,,,-1,1,1,1,D:\Documents\Programming\Thesis_G10\data\raw\CMU-MOSEI\segments\W-pA0lOGLR0_002.mp4,data\preprocessed\features\z_at\W-pA0lOGLR0_002.pt,data\preprocessed\features\z_v\W-pA0lOGLR0_002.pt
W-pA0lOGLR0_003,mosei_real,0,mosei_W-pA0lOGLR0_003,,,-1,1,1,1,D:\Documents\Programming\Thesis_G10\data\raw\CMU-MOSEI\segments\W-pA0lOGLR0_003.mp4,data\preprocessed\features\z_at\W-pA0lOGLR0_003.pt,data\preprocessed\features\z_v\W-pA0lOGLR0_003.pt
W-pA0lOGLR0_004,mosei_real,0,mosei_W-pA0lOGLR0_004,,,-1,1,1,1,D:\Documents\Programming\Thesis_G10\data\raw\CMU-MOSEI\segments\W-pA0lOGLR0_004.mp4,data\preprocessed\features\z_at\W-pA0lOGLR0_004.pt,data\preprocessed\features\z_v\W-pA0lOGLR0_004.pt
W-pA0lOGLR0_006,mosei_real,0,mosei_W-pA0lOGLR0_006,,,-1,1,1,1,D:\Documents\Programming\Thesis_G10\data\raw\CMU-MOSEI\segments\W-pA0lOGLR0_006.mp4,data\preprocessed\features\z_at\W-pA0lOGLR0_006.pt,data\preprocessed\features\z_v\W-pA0lOGLR0_006.pt
W-ptEZFARVo_001,mosei_real,0,mosei_W-ptEZFARVo_001,,,-1,1,1,1,D:\Documents\Programming\Thesis_G10\data\raw\CMU-MOSEI\segments\W-ptEZFARVo_001.mp4,data\preprocessed\features\z_at\W-ptEZFARVo_001.pt,data\preprocessed\features\z_v\W-ptEZFARVo_001.pt
W-ptEZFARVo_002,mosei_real,0,mosei_W-ptEZFARVo_002,,,-1,1,1,1,D:\Documents\Programming\Thesis_G10\data\raw\CMU-MOSEI\segments\W-ptEZFARVo_002.mp4,data\preprocessed\features\z_at\W-ptEZFARVo_002.pt,data\preprocessed\features\z_v\W-ptEZFARVo_002.pt
W-ptEZFARVo_003,mosei_real,0,mosei_W-ptEZFARVo_003,,,-1,1,1,1,D:\Documents\Programming\Thesis_G10\data\raw\CMU-MOSEI\segments\W-ptEZFARVo_003.mp4,data\preprocessed\features\z_at\W-ptEZFARVo_003.pt,data\preprocessed\features\z_v\W-ptEZFARVo_003.pt
W-ptEZFARVo_004,mosei_real,0,mosei_W-ptEZFARVo_004,,,-1,1,1,1,D:\Documents\Programming\Thesis_G10\data\raw\CMU-MOSEI\segments\W-ptEZFARVo_004.mp4,data\preprocessed\features\z_at\W-ptEZFARVo_004.pt,data\preprocessed\features\z_v\W-ptEZFARVo_004.pt
W-ptEZFARVo_005,mosei_real,0,mosei_W-ptEZFARVo_005,,,-1,1,1,1,D:\Documents\Programming\Thesis_G10\data\raw\CMU-MOSEI\segments\W-ptEZFARVo_005.mp4,data\preprocessed\features\z_at\W-ptEZFARVo_005.pt,data\preprocessed\features\z_v\W-ptEZFARVo_005.pt
W-ptEZFARVo_006,mosei_real,0,mosei_W-ptEZFARVo_006,,,-1,1,1,1,D:\Documents\Programming\Thesis_G10\data\raw\CMU-MOSEI\segments\W-ptEZFARVo_006.mp4,data\preprocessed\features\z_at\W-ptEZFARVo_006.pt,data\preprocessed\features\z_v\W-ptEZFARVo_006.pt
W-ptEZFARVo_007,mosei_real,0,mosei_W-ptEZFARVo_007,,,-1,1,1,1,D:\Documents\Programming\Thesis_G10\data\raw\CMU-MOSEI\segments\W-ptEZFARVo_007.mp4,data\preprocessed\features\z_at\W-ptEZFARVo_007.pt,data\preprocessed\features\z_v\W-ptEZFARVo_007.pt
W-ptEZFARVo_008,mosei_real,0,mosei_W-ptEZFARVo_008,,,-1,1,1,1,D:\Documents\Programming\Thesis_G10\data\raw\CMU-MOSEI\segments\W-ptEZFARVo_008.mp4,data\preprocessed\features\z_at\W-ptEZFARVo_008.pt,data\preprocessed\features\z_v\W-ptEZFARVo_008.pt
W-ptEZFARVo_009,mosei_real,0,mosei_W-ptEZFARVo_009,,,-1,1,1,1,D:\Documents\Programming\Thesis_G10\data\raw\CMU-MOSEI\segments\W-ptEZFARVo_009.mp4,data\preprocessed\features\z_at\W-ptEZFARVo_009.pt,data\preprocessed\features\z_v\W-ptEZFARVo_009.pt
W-ptEZFARVo_010,mosei_real,0,mosei_W-ptEZFARVo_010,,,-1,1,1,1,D:\Documents\Programming\Thesis_G10\data\raw\CMU-MOSEI\segments\W-ptEZFARVo_010.mp4,data\preprocessed\features\z_at\W-ptEZFARVo_010.pt,data\preprocessed\features\z_v\W-ptEZFARVo_010.pt
W-q9bPlMIVI_000,mosei_real,0,mosei_W-q9bPlMIVI_000,,,-1,1,1,1,D:\Documents\Programming\Thesis_G10\data\raw\CMU-MOSEI\segments\W-q9bPlMIVI_000.mp4,data\preprocessed\features\z_at\W-q9bPlMIVI_000.pt,data\preprocessed\features\z_v\W-q9bPlMIVI_000.pt
W-q9bPlMIVI_001,mosei_real,0,mosei_W-q9bPlMIVI_001,,,-1,1,1,1,D:\Documents\Programming\Thesis_G10\data\raw\CMU-MOSEI\segments\W-q9bPlMIVI_001.mp4,data\preprocessed\features\z_at\W-q9bPlMIVI_001.pt,data\preprocessed\features\z_v\W-q9bPlMIVI_001.pt
W-q9bPlMIVI_002,mosei_real,0,mosei_W-q9bPlMIVI_002,,,-1,1,1,1,D:\Documents\Programming\Thesis_G10\data\raw\CMU-MOSEI\segments\W-q9bPlMIVI_002.mp4,data\preprocessed\features\z_at\W-q9bPlMIVI_002.pt,data\preprocessed\features\z_v\W-q9bPlMIVI_002.pt
W-q9bPlMIVI_003,mosei_real,0,mosei_W-q9bPlMIVI_003,,,-1,1,1,1,D:\Documents\Programming\Thesis_G10\data\raw\CMU-MOSEI\segments\W-q9bPlMIVI_003.mp4,data\preprocessed\features\z_at\W-q9bPlMIVI_003.pt,data\preprocessed\features\z_v\W-q9bPlMIVI_003.pt
W-q9bPlMIVI_004,mosei_real,0,mosei_W-q9bPlMIVI_004,,,-1,1,1,1,D:\Documents\Programming\Thesis_G10\data\raw\CMU-MOSEI\segments\W-q9bPlMIVI_004.mp4,data\preprocessed\features\z_at\W-q9bPlMIVI_004.pt,data\preprocessed\features\z_v\W-q9bPlMIVI_004.pt
W-q9bPlMIVI_005,mosei_real,0,mosei_W-q9bPlMIVI_005,,,-1,1,1,1,D:\Documents\Programming\Thesis_G10\data\raw\CMU-MOSEI\segments\W-q9bPlMIVI_005.mp4,data\preprocessed\features\z_at\W-q9bPlMIVI_005.pt,data\preprocessed\features\z_v\W-q9bPlMIVI_005.pt
W-q9bPlMIVI_007,mosei_real,0,mosei_W-q9bPlMIVI_007,,,-1,1,1,1,D:\Documents\Programming\Thesis_G10\data\raw\CMU-MOSEI\segments\W-q9bPlMIVI_007.mp4,data\preprocessed\features\z_at\W-q9bPlMIVI_007.pt,data\preprocessed\features\z_v\W-q9bPlMIVI_007.pt
W-q9bPlMIVI_008,mosei_real,0,mosei_W-q9bPlMIVI_008,,,-1,1,1,1,D:\Documents\Programming\Thesis_G10\data\raw\CMU-MOSEI\segments\W-q9bPlMIVI_008.mp4,data\preprocessed\features\z_at\W-q9bPlMIVI_008.pt,data\preprocessed\features\z_v\W-q9bPlMIVI_008.pt
W-q9bPlMIVI_009,mosei_real,0,mosei_W-q9bPlMIVI_009,,,-1,1,1,1,D:\Documents\Programming\Thesis_G10\data\raw\CMU-MOSEI\segments\W-q9bPlMIVI_009.mp4,data\preprocessed\features\z_at\W-q9bPlMIVI_009.pt,data\preprocessed\features\z_v\W-q9bPlMIVI_009.pt
W-q9bPlMIVI_010,mosei_real,0,mosei_W-q9bPlMIVI_010,,,-1,1,1,1,D:\Documents\Programming\Thesis_G10\data\raw\CMU-MOSEI\segments\W-q9bPlMIVI_010.mp4,data\preprocessed\features\z_at\W-q9bPlMIVI_010.pt,data\preprocessed\features\z_v\W-q9bPlMIVI_010.pt
W-q9bPlMIVI_012,mosei_real,0,mosei_W-q9bPlMIVI_012,,,-1,1,1,1,D:\Documents\Programming\Thesis_G10\data\raw\CMU-MOSEI\segments\W-q9bPlMIVI_012.mp4,data\preprocessed\features\z_at\W-q9bPlMIVI_012.pt,data\preprocessed\features\z_v\W-q9bPlMIVI_012.pt
W-q9bPlMIVI_013,mosei_real,0,mosei_W-q9bPlMIVI_013,,,-1,1,1,1,D:\Documents\Programming\Thesis_G10\data\raw\CMU-MOSEI\segments\W-q9bPlMIVI_013.mp4,data\preprocessed\features\z_at\W-q9bPlMIVI_013.pt,data\preprocessed\features\z_v\W-q9bPlMIVI_013.pt
W40BaML7mzc_000,mosei_real,0,mosei_W40BaML7mzc_000,,,-1,1,1,1,D:\Documents\Programming\Thesis_G10\data\raw\CMU-MOSEI\segments\W40BaML7mzc_000.mp4,data\preprocessed\features\z_at\W40BaML7mzc_000.pt,data\preprocessed\features\z_v\W40BaML7mzc_000.pt
W40BaML7mzc_001,mosei_real,0,mosei_W40BaML7mzc_001,,,-1,1,1,1,D:\Documents\Programming\Thesis_G10\data\raw\CMU-MOSEI\segments\W40BaML7mzc_001.mp4,data\preprocessed\features\z_at\W40BaML7mzc_001.pt,data\preprocessed\features\z_v\W40BaML7mzc_001.pt
W53uRqITk2I_002,mosei_real,0,mosei_W53uRqITk2I_002,,,-1,1,1,1,D:\Documents\Programming\Thesis_G10\data\raw\CMU-MOSEI\segments\W53uRqITk2I_002.mp4,data\preprocessed\features\z_at\W53uRqITk2I_002.pt,data\preprocessed\features\z_v\W53uRqITk2I_002.pt
W53uRqITk2I_003,mosei_real,0,mosei_W53uRqITk2I_003,,,-1,1,1,1,D:\Documents\Programming\Thesis_G10\data\raw\CMU-MOSEI\segments\W53uRqITk2I_003.mp4,data\preprocessed\features\z_at\W53uRqITk2I_003.pt,data\preprocessed\features\z_v\W53uRqITk2I_003.pt
W53uRqITk2I_006,mosei_real,0,mosei_W53uRqITk2I_006,,,-1,1,1,1,D:\Documents\Programming\Thesis_G10\data\raw\CMU-MOSEI\segments\W53uRqITk2I_006.mp4,data\preprocessed\features\z_at\W53uRqITk2I_006.pt,data\preprocessed\features\z_v\W53uRqITk2I_006.pt
W53uRqITk2I_007,mosei_real,0,mosei_W53uRqITk2I_007,,,-1,1,1,1,D:\Documents\Programming\Thesis_G10\data\raw\CMU-MOSEI\segments\W53uRqITk2I_007.mp4,data\preprocessed\features\z_at\W53uRqITk2I_007.pt,data\preprocessed\features\z_v\W53uRqITk2I_007.pt
W53uRqITk2I_008,mosei_real,0,mosei_W53uRqITk2I_008,,,-1,1,1,1,D:\Documents\Programming\Thesis_G10\data\raw\CMU-MOSEI\segments\W53uRqITk2I_008.mp4,data\preprocessed\features\z_at\W53uRqITk2I_008.pt,data\preprocessed\features\z_v\W53uRqITk2I_008.pt
WANirpnKa4w_000,mosei_real,0,mosei_WANirpnKa4w_000,,,-1,1,1,1,D:\Documents\Programming\Thesis_G10\data\raw\CMU-MOSEI\segments\WANirpnKa4w_000.mp4,data\preprocessed\features\z_at\WANirpnKa4w_000.pt,data\preprocessed\features\z_v\WANirpnKa4w_000.pt
WANirpnKa4w_002,mosei_real,0,mosei_WANirpnKa4w_002,,,-1,1,1,1,D:\Documents\Programming\Thesis_G10\data\raw\CMU-MOSEI\segments\WANirpnKa4w_002.mp4,data\preprocessed\features\z_at\WANirpnKa4w_002.pt,data\preprocessed\features\z_v\WANirpnKa4w_002.pt
WAXJRnJXmOA_000,mosei_real,0,mosei_WAXJRnJXmOA_000,,,-1,1,1,1,D:\Documents\Programming\Thesis_G10\data\raw\CMU-MOSEI\segments\WAXJRnJXmOA_000.mp4,data\preprocessed\features\z_at\WAXJRnJXmOA_000.pt,data\preprocessed\features\z_v\WAXJRnJXmOA_000.pt
WAXJRnJXmOA_001,mosei_real,0,mosei_WAXJRnJXmOA_001,,,-1,1,1,1,D:\Documents\Programming\Thesis_G10\data\raw\CMU-MOSEI\segments\WAXJRnJXmOA_001.mp4,data\preprocessed\features\z_at\WAXJRnJXmOA_001.pt,data\preprocessed\features\z_v\WAXJRnJXmOA_001.pt
WAXJRnJXmOA_003,mosei_real,0,mosei_WAXJRnJXmOA_003,,,-1,1,1,1,D:\Documents\Programming\Thesis_G10\data\raw\CMU-MOSEI\segments\WAXJRnJXmOA_003.mp4,data\preprocessed\features\z_at\WAXJRnJXmOA_003.pt,data\preprocessed\features\z_v\WAXJRnJXmOA_003.pt
WAXJRnJXmOA_007,mosei_real,0,mosei_WAXJRnJXmOA_007,,,-1,1,1,1,D:\Documents\Programming\Thesis_G10\data\raw\CMU-MOSEI\segments\WAXJRnJXmOA_007.mp4,data\preprocessed\features\z_at\WAXJRnJXmOA_007.pt,data\preprocessed\features\z_v\WAXJRnJXmOA_007.pt
WBA79Q3e_PU_000,mosei_real,0,mosei_WBA79Q3e_PU_000,,,-1,1,1,1,D:\Documents\Programming\Thesis_G10\data\raw\CMU-MOSEI\segments\WBA79Q3e_PU_000.mp4,data\preprocessed\features\z_at\WBA79Q3e_PU_000.pt,data\preprocessed\features\z_v\WBA79Q3e_PU_000.pt
WBCRTcMJZZc_000,mosei_real,0,mosei_WBCRTcMJZZc_000,,,-1,1,1,1,D:\Documents\Programming\Thesis_G10\data\raw\CMU-MOSEI\segments\WBCRTcMJZZc_000.mp4,data\preprocessed\features\z_at\WBCRTcMJZZc_000.pt,data\preprocessed\features\z_v\WBCRTcMJZZc_000.pt
WBCRTcMJZZc_001,mosei_real,0,mosei_WBCRTcMJZZc_001,,,-1,1,1,1,D:\Documents\Programming\Thesis_G10\data\raw\CMU-MOSEI\segments\WBCRTcMJZZc_001.mp4,data\preprocessed\features\z_at\WBCRTcMJZZc_001.pt,data\preprocessed\features\z_v\WBCRTcMJZZc_001.pt
WBCRTcMJZZc_002,mosei_real,0,mosei_WBCRTcMJZZc_002,,,-1,1,1,1,D:\Documents\Programming\Thesis_G10\data\raw\CMU-MOSEI\segments\WBCRTcMJZZc_002.mp4,data\preprocessed\features\z_at\WBCRTcMJZZc_002.pt,data\preprocessed\features\z_v\WBCRTcMJZZc_002.pt
WBCRTcMJZZc_003,mosei_real,0,mosei_WBCRTcMJZZc_003,,,-1,1,1,1,D:\Documents\Programming\Thesis_G10\data\raw\CMU-MOSEI\segments\WBCRTcMJZZc_003.mp4,data\preprocessed\features\z_at\WBCRTcMJZZc_003.pt,data\preprocessed\features\z_v\WBCRTcMJZZc_003.pt
WGfGxoI05ew_000,mosei_real,0,mosei_WGfGxoI05ew_000,,,-1,1,1,1,D:\Documents\Programming\Thesis_G10\data\raw\CMU-MOSEI\segments\WGfGxoI05ew_000.mp4,data\preprocessed\features\z_at\WGfGxoI05ew_000.pt,data\preprocessed\features\z_v\WGfGxoI05ew_000.pt
WGfGxoI05ew_001,mosei_real,0,mosei_WGfGxoI05ew_001,,,-1,1,1,1,D:\Documents\Programming\Thesis_G10\data\raw\CMU-MOSEI\segments\WGfGxoI05ew_001.mp4,data\preprocessed\features\z_at\WGfGxoI05ew_001.pt,data\preprocessed\features\z_v\WGfGxoI05ew_001.pt
WHUHTmtBJWU_000,mosei_real,0,mosei_WHUHTmtBJWU_000,,,-1,1,1,1,D:\Documents\Programming\Thesis_G10\data\raw\CMU-MOSEI\segments\WHUHTmtBJWU_000.mp4,data\preprocessed\features\z_at\WHUHTmtBJWU_000.pt,data\preprocessed\features\z_v\WHUHTmtBJWU_000.pt
WJ2QF4Kw9Y8_001,mosei_real,0,mosei_WJ2QF4Kw9Y8_001,,,-1,1,1,1,D:\Documents\Programming\Thesis_G10\data\raw\CMU-MOSEI\segments\WJ2QF4Kw9Y8_001.mp4,data\preprocessed\features\z_at\WJ2QF4Kw9Y8_001.pt,data\preprocessed\features\z_v\WJ2QF4Kw9Y8_001.pt
WMzvDL7b4sM_000,mosei_real,0,mosei_WMzvDL7b4sM_000,,,-1,1,1,1,D:\Documents\Programming\Thesis_G10\data\raw\CMU-MOSEI\segments\WMzvDL7b4sM_000.mp4,data\preprocessed\features\z_at\WMzvDL7b4sM_000.pt,data\preprocessed\features\z_v\WMzvDL7b4sM_000.pt
WMzvDL7b4sM_001,mosei_real,0,mosei_WMzvDL7b4sM_001,,,-1,1,1,1,D:\Documents\Programming\Thesis_G10\data\raw\CMU-MOSEI\segments\WMzvDL7b4sM_001.mp4,data\preprocessed\features\z_at\WMzvDL7b4sM_001.pt,data\preprocessed\features\z_v\WMzvDL7b4sM_001.pt
WMzvDL7b4sM_002,mosei_real,0,mosei_WMzvDL7b4sM_002,,,-1,1,1,1,D:\Documents\Programming\Thesis_G10\data\raw\CMU-MOSEI\segments\WMzvDL7b4sM_002.mp4,data\preprocessed\features\z_at\WMzvDL7b4sM_002.pt,data\preprocessed\features\z_v\WMzvDL7b4sM_002.pt
WMzvDL7b4sM_003,mosei_real,0,mosei_WMzvDL7b4sM_003,,,-1,1,1,1,D:\Documents\Programming\Thesis_G10\data\raw\CMU-MOSEI\segments\WMzvDL7b4sM_003.mp4,data\preprocessed\features\z_at\WMzvDL7b4sM_003.pt,data\preprocessed\features\z_v\WMzvDL7b4sM_003.pt
WQFRctNL8AA_000,mosei_real,0,mosei_WQFRctNL8AA_000,,,-1,1,1,1,D:\Documents\Programming\Thesis_G10\data\raw\CMU-MOSEI\segments\WQFRctNL8AA_000.mp4,data\preprocessed\features\z_at\WQFRctNL8AA_000.pt,data\preprocessed\features\z_v\WQFRctNL8AA_000.pt
WQFRctNL8AA_001,mosei_real,0,mosei_WQFRctNL8AA_001,,,-1,1,1,1,D:\Documents\Programming\Thesis_G10\data\raw\CMU-MOSEI\segments\WQFRctNL8AA_001.mp4,data\preprocessed\features\z_at\WQFRctNL8AA_001.pt,data\preprocessed\features\z_v\WQFRctNL8AA_001.pt
WSjlhBDxNW8_000,mosei_real,0,mosei_WSjlhBDxNW8_000,,,-1,1,1,1,D:\Documents\Programming\Thesis_G10\data\raw\CMU-MOSEI\segments\WSjlhBDxNW8_000.mp4,data\preprocessed\features\z_at\WSjlhBDxNW8_000.pt,data\preprocessed\features\z_v\WSjlhBDxNW8_000.pt
WSjlhBDxNW8_002,mosei_real,0,mosei_WSjlhBDxNW8_002,,,-1,1,1,1,D:\Documents\Programming\Thesis_G10\data\raw\CMU-MOSEI\segments\WSjlhBDxNW8_002.mp4,data\preprocessed\features\z_at\WSjlhBDxNW8_002.pt,data\preprocessed\features\z_v\WSjlhBDxNW8_002.pt
WSjlhBDxNW8_003,mosei_real,0,mosei_WSjlhBDxNW8_003,,,-1,1,1,1,D:\Documents\Programming\Thesis_G10\data\raw\CMU-MOSEI\segments\WSjlhBDxNW8_003.mp4,data\preprocessed\features\z_at\WSjlhBDxNW8_003.pt,data\preprocessed\features\z_v\WSjlhBDxNW8_003.pt
WSjlhBDxNW8_004,mosei_real,0,mosei_WSjlhBDxNW8_004,,,-1,1,1,1,D:\Documents\Programming\Thesis_G10\data\raw\CMU-MOSEI\segments\WSjlhBDxNW8_004.mp4,data\preprocessed\features\z_at\WSjlhBDxNW8_004.pt,data\preprocessed\features\z_v\WSjlhBDxNW8_004.pt
WTF9xgqLIvI_000,mosei_real,0,mosei_WTF9xgqLIvI_000,,,-1,1,1,1,D:\Documents\Programming\Thesis_G10\data\raw\CMU-MOSEI\segments\WTF9xgqLIvI_000.mp4,data\preprocessed\features\z_at\WTF9xgqLIvI_000.pt,data\preprocessed\features\z_v\WTF9xgqLIvI_000.pt
WTF9xgqLIvI_001,mosei_real,0,mosei_WTF9xgqLIvI_001,,,-1,1,1,1,D:\Documents\Programming\Thesis_G10\data\raw\CMU-MOSEI\segments\WTF9xgqLIvI_001.mp4,data\preprocessed\features\z_at\WTF9xgqLIvI_001.pt,data\preprocessed\features\z_v\WTF9xgqLIvI_001.pt
WTF9xgqLIvI_003,mosei_real,0,mosei_WTF9xgqLIvI_003,,,-1,1,1,1,D:\Documents\Programming\Thesis_G10\data\raw\CMU-MOSEI\segments\WTF9xgqLIvI_003.mp4,data\preprocessed\features\z_at\WTF9xgqLIvI_003.pt,data\preprocessed\features\z_v\WTF9xgqLIvI_003.pt
WTF9xgqLIvI_004,mosei_real,0,mosei_WTF9xgqLIvI_004,,,-1,1,1,1,D:\Documents\Programming\Thesis_G10\data\raw\CMU-MOSEI\segments\WTF9xgqLIvI_004.mp4,data\preprocessed\features\z_at\WTF9xgqLIvI_004.pt,data\preprocessed\features\z_v\WTF9xgqLIvI_004.pt
WTF9xgqLIvI_006,mosei_real,0,mosei_WTF9xgqLIvI_006,,,-1,1,1,1,D:\Documents\Programming\Thesis_G10\data\raw\CMU-MOSEI\segments\WTF9xgqLIvI_006.mp4,data\preprocessed\features\z_at\WTF9xgqLIvI_006.pt,data\preprocessed\features\z_v\WTF9xgqLIvI_006.pt
WTF9xgqLIvI_008,mosei_real,0,mosei_WTF9xgqLIvI_008,,,-1,1,1,1,D:\Documents\Programming\Thesis_G10\data\raw\CMU-MOSEI\segments\WTF9xgqLIvI_008.mp4,data\preprocessed\features\z_at\WTF9xgqLIvI_008.pt,data\preprocessed\features\z_v\WTF9xgqLIvI_008.pt
WTF9xgqLIvI_009,mosei_real,0,mosei_WTF9xgqLIvI_009,,,-1,1,1,1,D:\Documents\Programming\Thesis_G10\data\raw\CMU-MOSEI\segments\WTF9xgqLIvI_009.mp4,data\preprocessed\features\z_at\WTF9xgqLIvI_009.pt,data\preprocessed\features\z_v\WTF9xgqLIvI_009.pt
WUeSV0Z23Kg_000,mosei_real,0,mosei_WUeSV0Z23Kg_000,,,-1,1,1,1,D:\Documents\Programming\Thesis_G10\data\raw\CMU-MOSEI\segments\WUeSV0Z23Kg_000.mp4,data\preprocessed\features\z_at\WUeSV0Z23Kg_000.pt,data\preprocessed\features\z_v\WUeSV0Z23Kg_000.pt
WUeSV0Z23Kg_001,mosei_real,0,mosei_WUeSV0Z23Kg_001,,,-1,1,1,1,D:\Documents\Programming\Thesis_G10\data\raw\CMU-MOSEI\segments\WUeSV0Z23Kg_001.mp4,data\preprocessed\features\z_at\WUeSV0Z23Kg_001.pt,data\preprocessed\features\z_v\WUeSV0Z23Kg_001.pt
WXKgBIiP8IA_000,mosei_real,0,mosei_WXKgBIiP8IA_000,,,-1,1,1,1,D:\Documents\Programming\Thesis_G10\data\raw\CMU-MOSEI\segments\WXKgBIiP8IA_000.mp4,data\preprocessed\features\z_at\WXKgBIiP8IA_000.pt,data\preprocessed\features\z_v\WXKgBIiP8IA_000.pt
WXKgBIiP8IA_001,mosei_real,0,mosei_WXKgBIiP8IA_001,,,-1,1,1,1,D:\Documents\Programming\Thesis_G10\data\raw\CMU-MOSEI\segments\WXKgBIiP8IA_001.mp4,data\preprocessed\features\z_at\WXKgBIiP8IA_001.pt,data\preprocessed\features\z_v\WXKgBIiP8IA_001.pt
WXKgBIiP8IA_002,mosei_real,0,mosei_WXKgBIiP8IA_002,,,-1,1,1,1,D:\Documents\Programming\Thesis_G10\data\raw\CMU-MOSEI\segments\WXKgBIiP8IA_002.mp4,data\preprocessed\features\z_at\WXKgBIiP8IA_002.pt,data\preprocessed\features\z_v\WXKgBIiP8IA_002.pt
WXKgBIiP8IA_003,mosei_real,0,mosei_WXKgBIiP8IA_003,,,-1,1,1,1,D:\Documents\Programming\Thesis_G10\data\raw\CMU-MOSEI\segments\WXKgBIiP8IA_003.mp4,data\preprocessed\features\z_at\WXKgBIiP8IA_003.pt,data\preprocessed\features\z_v\WXKgBIiP8IA_003.pt
WXKgBIiP8IA_004,mosei_real,0,mosei_WXKgBIiP8IA_004,,,-1,1,1,1,D:\Documents\Programming\Thesis_G10\data\raw\CMU-MOSEI\segments\WXKgBIiP8IA_004.mp4,data\preprocessed\features\z_at\WXKgBIiP8IA_004.pt,data\preprocessed\features\z_v\WXKgBIiP8IA_004.pt
WXKgBIiP8IA_006,mosei_real,0,mosei_WXKgBIiP8IA_006,,,-1,1,1,1,D:\Documents\Programming\Thesis_G10\data\raw\CMU-MOSEI\segments\WXKgBIiP8IA_006.mp4,data\preprocessed\features\z_at\WXKgBIiP8IA_006.pt,data\preprocessed\features\z_v\WXKgBIiP8IA_006.pt
WXKgBIiP8IA_007,mosei_real,0,mosei_WXKgBIiP8IA_007,,,-1,1,1,1,D:\Documents\Programming\Thesis_G10\data\raw\CMU-MOSEI\segments\WXKgBIiP8IA_007.mp4,data\preprocessed\features\z_at\WXKgBIiP8IA_007.pt,data\preprocessed\features\z_v\WXKgBIiP8IA_007.pt
WXKgBIiP8IA_008,mosei_real,0,mosei_WXKgBIiP8IA_008,,,-1,1,1,1,D:\Documents\Programming\Thesis_G10\data\raw\CMU-MOSEI\segments\WXKgBIiP8IA_008.mp4,data\preprocessed\features\z_at\WXKgBIiP8IA_008.pt,data\preprocessed\features\z_v\WXKgBIiP8IA_008.pt
WXKgBIiP8IA_009,mosei_real,0,mosei_WXKgBIiP8IA_009,,,-1,1,1,1,D:\Documents\Programming\Thesis_G10\data\raw\CMU-MOSEI\segments\WXKgBIiP8IA_009.mp4,data\preprocessed\features\z_at\WXKgBIiP8IA_009.pt,data\preprocessed\features\z_v\WXKgBIiP8IA_009.pt
WXKgBIiP8IA_010,mosei_real,0,mosei_WXKgBIiP8IA_010,,,-1,1,1,1,D:\Documents\Programming\Thesis_G10\data\raw\CMU-MOSEI\segments\WXKgBIiP8IA_010.mp4,data\preprocessed\features\z_at\WXKgBIiP8IA_010.pt,data\preprocessed\features\z_v\WXKgBIiP8IA_010.pt
WaaSYRPwQBw_000,mosei_real,0,mosei_WaaSYRPwQBw_000,,,-1,1,1,1,D:\Documents\Programming\Thesis_G10\data\raw\CMU-MOSEI\segments\WaaSYRPwQBw_000.mp4,data\preprocessed\features\z_at\WaaSYRPwQBw_000.pt,data\preprocessed\features\z_v\WaaSYRPwQBw_000.pt
WfNiQBXmPw8_000,mosei_real,0,mosei_WfNiQBXmPw8_000,,,-1,1,1,1,D:\Documents\Programming\Thesis_G10\data\raw\CMU-MOSEI\segments\WfNiQBXmPw8_000.mp4,data\preprocessed\features\z_at\WfNiQBXmPw8_000.pt,data\preprocessed\features\z_v\WfNiQBXmPw8_000.pt
WfNiQBXmPw8_001,mosei_real,0,mosei_WfNiQBXmPw8_001,,,-1,1,1,1,D:\Documents\Programming\Thesis_G10\data\raw\CMU-MOSEI\segments\WfNiQBXmPw8_001.mp4,data\preprocessed\features\z_at\WfNiQBXmPw8_001.pt,data\preprocessed\features\z_v\WfNiQBXmPw8_001.pt
WfNiQBXmPw8_002,mosei_real,0,mosei_WfNiQBXmPw8_002,,,-1,1,1,1,D:\Documents\Programming\Thesis_G10\data\raw\CMU-MOSEI\segments\WfNiQBXmPw8_002.mp4,data\preprocessed\features\z_at\WfNiQBXmPw8_002.pt,data\preprocessed\features\z_v\WfNiQBXmPw8_002.pt
WfNiQBXmPw8_003,mosei_real,0,mosei_WfNiQBXmPw8_003,,,-1,1,1,1,D:\Documents\Programming\Thesis_G10\data\raw\CMU-MOSEI\segments\WfNiQBXmPw8_003.mp4,data\preprocessed\features\z_at\WfNiQBXmPw8_003.pt,data\preprocessed\features\z_v\WfNiQBXmPw8_003.pt
WfNiQBXmPw8_004,mosei_real,0,mosei_WfNiQBXmPw8_004,,,-1,1,1,1,D:\Documents\Programming\Thesis_G10\data\raw\CMU-MOSEI\segments\WfNiQBXmPw8_004.mp4,data\preprocessed\features\z_at\WfNiQBXmPw8_004.pt,data\preprocessed\features\z_v\WfNiQBXmPw8_004.pt
WfNiQBXmPw8_005,mosei_real,0,mosei_WfNiQBXmPw8_005,,,-1,1,1,1,D:\Documents\Programming\Thesis_G10\data\raw\CMU-MOSEI\segments\WfNiQBXmPw8_005.mp4,data\preprocessed\features\z_at\WfNiQBXmPw8_005.pt,data\preprocessed\features\z_v\WfNiQBXmPw8_005.pt
WfNiQBXmPw8_006,mosei_real,0,mosei_WfNiQBXmPw8_006,,,-1,1,1,1,D:\Documents\Programming\Thesis_G10\data\raw\CMU-MOSEI\segments\WfNiQBXmPw8_006.mp4,data\preprocessed\features\z_at\WfNiQBXmPw8_006.pt,data\preprocessed\features\z_v\WfNiQBXmPw8_006.pt
WfNiQBXmPw8_007,mosei_real,0,mosei_WfNiQBXmPw8_007,,,-1,1,1,1,D:\Documents\Programming\Thesis_G10\data\raw\CMU-MOSEI\segments\WfNiQBXmPw8_007.mp4,data\preprocessed\features\z_at\WfNiQBXmPw8_007.pt,data\preprocessed\features\z_v\WfNiQBXmPw8_007.pt
WfNiQBXmPw8_008,mosei_real,0,mosei_WfNiQBXmPw8_008,,,-1,1,1,1,D:\Documents\Programming\Thesis_G10\data\raw\CMU-MOSEI\segments\WfNiQBXmPw8_008.mp4,data\preprocessed\features\z_at\WfNiQBXmPw8_008.pt,data\preprocessed\features\z_v\WfNiQBXmPw8_008.pt
WgI8IbJtXHw_000,mosei_real,0,mosei_WgI8IbJtXHw_000,,,-1,1,1,1,D:\Documents\Programming\Thesis_G10\data\raw\CMU-MOSEI\segments\WgI8IbJtXHw_000.mp4,data\preprocessed\features\z_at\WgI8IbJtXHw_000.pt,data\preprocessed\features\z_v\WgI8IbJtXHw_000.pt
Wmhif6hmPTQ_001,mosei_real,0,mosei_Wmhif6hmPTQ_001,,,-1,1,1,1,D:\Documents\Programming\Thesis_G10\data\raw\CMU-MOSEI\segments\Wmhif6hmPTQ_001.mp4,data\preprocessed\features\z_at\Wmhif6hmPTQ_001.pt,data\preprocessed\features\z_v\Wmhif6hmPTQ_001.pt
Wmhif6hmPTQ_002,mosei_real,0,mosei_Wmhif6hmPTQ_002,,,-1,1,1,1,D:\Documents\Programming\Thesis_G10\data\raw\CMU-MOSEI\segments\Wmhif6hmPTQ_002.mp4,data\preprocessed\features\z_at\Wmhif6hmPTQ_002.pt,data\preprocessed\features\z_v\Wmhif6hmPTQ_002.pt
Wnw1IAEDwDM_000,mosei_real,0,mosei_Wnw1IAEDwDM_000,,,-1,1,1,1,D:\Documents\Programming\Thesis_G10\data\raw\CMU-MOSEI\segments\Wnw1IAEDwDM_000.mp4,data\preprocessed\features\z_at\Wnw1IAEDwDM_000.pt,data\preprocessed\features\z_v\Wnw1IAEDwDM_000.pt
Wnw1IAEDwDM_001,mosei_real,0,mosei_Wnw1IAEDwDM_001,,,-1,1,1,1,D:\Documents\Programming\Thesis_G10\data\raw\CMU-MOSEI\segments\Wnw1IAEDwDM_001.mp4,data\preprocessed\features\z_at\Wnw1IAEDwDM_001.pt,data\preprocessed\features\z_v\Wnw1IAEDwDM_001.pt
Wo1RxRjXyYw_000,mosei_real,0,mosei_Wo1RxRjXyYw_000,,,-1,1,1,1,D:\Documents\Programming\Thesis_G10\data\raw\CMU-MOSEI\segments\Wo1RxRjXyYw_000.mp4,data\preprocessed\features\z_at\Wo1RxRjXyYw_000.pt,data\preprocessed\features\z_v\Wo1RxRjXyYw_000.pt
Wo1RxRjXyYw_001,mosei_real,0,mosei_Wo1RxRjXyYw_001,,,-1,1,1,1,D:\Documents\Programming\Thesis_G10\data\raw\CMU-MOSEI\segments\Wo1RxRjXyYw_001.mp4,data\preprocessed\features\z_at\Wo1RxRjXyYw_001.pt,data\preprocessed\features\z_v\Wo1RxRjXyYw_001.pt
Wo1RxRjXyYw_004,mosei_real,0,mosei_Wo1RxRjXyYw_004,,,-1,1,1,1,D:\Documents\Programming\Thesis_G10\data\raw\CMU-MOSEI\segments\Wo1RxRjXyYw_004.mp4,data\preprocessed\features\z_at\Wo1RxRjXyYw_004.pt,data\preprocessed\features\z_v\Wo1RxRjXyYw_004.pt
Wo1RxRjXyYw_005,mosei_real,0,mosei_Wo1RxRjXyYw_005,,,-1,1,1,1,D:\Documents\Programming\Thesis_G10\data\raw\CMU-MOSEI\segments\Wo1RxRjXyYw_005.mp4,data\preprocessed\features\z_at\Wo1RxRjXyYw_005.pt,data\preprocessed\features\z_v\Wo1RxRjXyYw_005.pt
WoL4fCxGd8Q_001,mosei_real,0,mosei_WoL4fCxGd8Q_001,,,-1,1,1,1,D:\Documents\Programming\Thesis_G10\data\raw\CMU-MOSEI\segments\WoL4fCxGd8Q_001.mp4,data\preprocessed\features\z_at\WoL4fCxGd8Q_001.pt,data\preprocessed\features\z_v\WoL4fCxGd8Q_001.pt
WoL4fCxGd8Q_003,mosei_real,0,mosei_WoL4fCxGd8Q_003,,,-1,1,1,1,D:\Documents\Programming\Thesis_G10\data\raw\CMU-MOSEI\segments\WoL4fCxGd8Q_003.mp4,data\preprocessed\features\z_at\WoL4fCxGd8Q_003.pt,data\preprocessed\features\z_v\WoL4fCxGd8Q_003.pt
WoL4fCxGd8Q_009,mosei_real,0,mosei_WoL4fCxGd8Q_009,,,-1,1,1,1,D:\Documents\Programming\Thesis_G10\data\raw\CMU-MOSEI\segments\WoL4fCxGd8Q_009.mp4,data\preprocessed\features\z_at\WoL4fCxGd8Q_009.pt,data\preprocessed\features\z_v\WoL4fCxGd8Q_009.pt
WoL4fCxGd8Q_011,mosei_real,0,mosei_WoL4fCxGd8Q_011,,,-1,1,1,1,D:\Documents\Programming\Thesis_G10\data\raw\CMU-MOSEI\segments\WoL4fCxGd8Q_011.mp4,data\preprocessed\features\z_at\WoL4fCxGd8Q_011.pt,data\preprocessed\features\z_v\WoL4fCxGd8Q_011.pt
Wrcf2xtqbkQ_002,mosei_real,0,mosei_Wrcf2xtqbkQ_002,,,-1,1,1,1,D:\Documents\Programming\Thesis_G10\data\raw\CMU-MOSEI\segments\Wrcf2xtqbkQ_002.mp4,data\preprocessed\features\z_at\Wrcf2xtqbkQ_002.pt,data\preprocessed\features\z_v\Wrcf2xtqbkQ_002.pt
Wu-wQTmxRgo_001,mosei_real,0,mosei_Wu-wQTmxRgo_001,,,-1,1,1,1,D:\Documents\Programming\Thesis_G10\data\raw\CMU-MOSEI\segments\Wu-wQTmxRgo_001.mp4,data\preprocessed\features\z_at\Wu-wQTmxRgo_001.pt,data\preprocessed\features\z_v\Wu-wQTmxRgo_001.pt
WuaoxGAKue0_000,mosei_real,0,mosei_WuaoxGAKue0_000,,,-1,1,1,1,D:\Documents\Programming\Thesis_G10\data\raw\CMU-MOSEI\segments\WuaoxGAKue0_000.mp4,data\preprocessed\features\z_at\WuaoxGAKue0_000.pt,data\preprocessed\features\z_v\WuaoxGAKue0_000.pt
Wx9nThz5z_Y_001,mosei_real,0,mosei_Wx9nThz5z_Y_001,,,-1,1,1,1,D:\Documents\Programming\Thesis_G10\data\raw\CMU-MOSEI\segments\Wx9nThz5z_Y_001.mp4,data\preprocessed\features\z_at\Wx9nThz5z_Y_001.pt,data\preprocessed\features\z_v\Wx9nThz5z_Y_001.pt
Wx9nThz5z_Y_002,mosei_real,0,mosei_Wx9nThz5z_Y_002,,,-1,1,1,1,D:\Documents\Programming\Thesis_G10\data\raw\CMU-MOSEI\segments\Wx9nThz5z_Y_002.mp4,data\preprocessed\features\z_at\Wx9nThz5z_Y_002.pt,data\preprocessed\features\z_v\Wx9nThz5z_Y_002.pt
WxajvjGKz7Y_000,mosei_real,0,mosei_WxajvjGKz7Y_000,,,-1,1,1,1,D:\Documents\Programming\Thesis_G10\data\raw\CMU-MOSEI\segments\WxajvjGKz7Y_000.mp4,data\preprocessed\features\z_at\WxajvjGKz7Y_000.pt,data\preprocessed\features\z_v\WxajvjGKz7Y_000.pt
WxajvjGKz7Y_001,mosei_real,0,mosei_WxajvjGKz7Y_001,,,-1,1,1,1,D:\Documents\Programming\Thesis_G10\data\raw\CMU-MOSEI\segments\WxajvjGKz7Y_001.mp4,data\preprocessed\features\z_at\WxajvjGKz7Y_001.pt,data\preprocessed\features\z_v\WxajvjGKz7Y_001.pt
WxajvjGKz7Y_003,mosei_real,0,mosei_WxajvjGKz7Y_003,,,-1,1,1,1,D:\Documents\Programming\Thesis_G10\data\raw\CMU-MOSEI\segments\WxajvjGKz7Y_003.mp4,data\preprocessed\features\z_at\WxajvjGKz7Y_003.pt,data\preprocessed\features\z_v\WxajvjGKz7Y_003.pt
WxajvjGKz7Y_005,mosei_real,0,mosei_WxajvjGKz7Y_005,,,-1,1,1,1,D:\Documents\Programming\Thesis_G10\data\raw\CMU-MOSEI\segments\WxajvjGKz7Y_005.mp4,data\preprocessed\features\z_at\WxajvjGKz7Y_005.pt,data\preprocessed\features\z_v\WxajvjGKz7Y_005.pt
X0jMZoxUL2A_000,mosei_real,0,mosei_X0jMZoxUL2A_000,,,-1,1,1,1,D:\Documents\Programming\Thesis_G10\data\raw\CMU-MOSEI\segments\X0jMZoxUL2A_000.mp4,data\preprocessed\features\z_at\X0jMZoxUL2A_000.pt,data\preprocessed\features\z_v\X0jMZoxUL2A_000.pt
X0jMZoxUL2A_001,mosei_real,0,mosei_X0jMZoxUL2A_001,,,-1,1,1,1,D:\Documents\Programming\Thesis_G10\data\raw\CMU-MOSEI\segments\X0jMZoxUL2A_001.mp4,data\preprocessed\features\z_at\X0jMZoxUL2A_001.pt,data\preprocessed\features\z_v\X0jMZoxUL2A_001.pt
X0jMZoxUL2A_002,mosei_real,0,mosei_X0jMZoxUL2A_002,,,-1,1,1,1,D:\Documents\Programming\Thesis_G10\data\raw\CMU-MOSEI\segments\X0jMZoxUL2A_002.mp4,data\preprocessed\features\z_at\X0jMZoxUL2A_002.pt,data\preprocessed\features\z_v\X0jMZoxUL2A_002.pt
X0jMZoxUL2A_004,mosei_real,0,mosei_X0jMZoxUL2A_004,,,-1,1,1,1,D:\Documents\Programming\Thesis_G10\data\raw\CMU-MOSEI\segments\X0jMZoxUL2A_004.mp4,data\preprocessed\features\z_at\X0jMZoxUL2A_004.pt,data\preprocessed\features\z_v\X0jMZoxUL2A_004.pt
X0jMZoxUL2A_005,mosei_real,0,mosei_X0jMZoxUL2A_005,,,-1,1,1,1,D:\Documents\Programming\Thesis_G10\data\raw\CMU-MOSEI\segments\X0jMZoxUL2A_005.mp4,data\preprocessed\features\z_at\X0jMZoxUL2A_005.pt,data\preprocessed\features\z_v\X0jMZoxUL2A_005.pt
X0jMZoxUL2A_006,mosei_real,0,mosei_X0jMZoxUL2A_006,,,-1,1,1,1,D:\Documents\Programming\Thesis_G10\data\raw\CMU-MOSEI\segments\X0jMZoxUL2A_006.mp4,data\preprocessed\features\z_at\X0jMZoxUL2A_006.pt,data\preprocessed\features\z_v\X0jMZoxUL2A_006.pt
X0jMZoxUL2A_008,mosei_real,0,mosei_X0jMZoxUL2A_008,,,-1,1,1,1,D:\Documents\Programming\Thesis_G10\data\raw\CMU-MOSEI\segments\X0jMZoxUL2A_008.mp4,data\preprocessed\features\z_at\X0jMZoxUL2A_008.pt,data\preprocessed\features\z_v\X0jMZoxUL2A_008.pt
X0jMZoxUL2A_009,mosei_real,0,mosei_X0jMZoxUL2A_009,,,-1,1,1,1,D:\Documents\Programming\Thesis_G10\data\raw\CMU-MOSEI\segments\X0jMZoxUL2A_009.mp4,data\preprocessed\features\z_at\X0jMZoxUL2A_009.pt,data\preprocessed\features\z_v\X0jMZoxUL2A_009.pt
X0jMZoxUL2A_010,mosei_real,0,mosei_X0jMZoxUL2A_010,,,-1,1,1,1,D:\Documents\Programming\Thesis_G10\data\raw\CMU-MOSEI\segments\X0jMZoxUL2A_010.mp4,data\preprocessed\features\z_at\X0jMZoxUL2A_010.pt,data\preprocessed\features\z_v\X0jMZoxUL2A_010.pt
X2leyjuolDM_000,mosei_real,0,mosei_X2leyjuolDM_000,,,-1,1,1,1,D:\Documents\Programming\Thesis_G10\data\raw\CMU-MOSEI\segments\X2leyjuolDM_000.mp4,data\preprocessed\features\z_at\X2leyjuolDM_000.pt,data\preprocessed\features\z_v\X2leyjuolDM_000.pt
X2leyjuolDM_005,mosei_real,0,mosei_X2leyjuolDM_005,,,-1,1,1,1,D:\Documents\Programming\Thesis_G10\data\raw\CMU-MOSEI\segments\X2leyjuolDM_005.mp4,data\preprocessed\features\z_at\X2leyjuolDM_005.pt,data\preprocessed\features\z_v\X2leyjuolDM_005.pt
X2leyjuolDM_006,mosei_real,0,mosei_X2leyjuolDM_006,,,-1,1,1,1,D:\Documents\Programming\Thesis_G10\data\raw\CMU-MOSEI\segments\X2leyjuolDM_006.mp4,data\preprocessed\features\z_at\X2leyjuolDM_006.pt,data\preprocessed\features\z_v\X2leyjuolDM_006.pt
X3p50qqFW_w_001,mosei_real,0,mosei_X3p50qqFW_w_001,,,-1,1,1,1,D:\Documents\Programming\Thesis_G10\data\raw\CMU-MOSEI\segments\X3p50qqFW_w_001.mp4,data\preprocessed\features\z_at\X3p50qqFW_w_001.pt,data\preprocessed\features\z_v\X3p50qqFW_w_001.pt
X3p50qqFW_w_005,mosei_real,0,mosei_X3p50qqFW_w_005,,,-1,1,1,1,D:\Documents\Programming\Thesis_G10\data\raw\CMU-MOSEI\segments\X3p50qqFW_w_005.mp4,data\preprocessed\features\z_at\X3p50qqFW_w_005.pt,data\preprocessed\features\z_v\X3p50qqFW_w_005.pt
X6-jJO00DMg_000,mosei_real,0,mosei_X6-jJO00DMg_000,,,-1,1,1,1,D:\Documents\Programming\Thesis_G10\data\raw\CMU-MOSEI\segments\X6-jJO00DMg_000.mp4,data\preprocessed\features\z_at\X6-jJO00DMg_000.pt,data\preprocessed\features\z_v\X6-jJO00DMg_000.pt
X6-jJO00DMg_001,mosei_real,0,mosei_X6-jJO00DMg_001,,,-1,1,1,1,D:\Documents\Programming\Thesis_G10\data\raw\CMU-MOSEI\segments\X6-jJO00DMg_001.mp4,data\preprocessed\features\z_at\X6-jJO00DMg_001.pt,data\preprocessed\features\z_v\X6-jJO00DMg_001.pt
X7-Gbk8gAD0_000,mosei_real,0,mosei_X7-Gbk8gAD0_000,,,-1,1,1,1,D:\Documents\Programming\Thesis_G10\data\raw\CMU-MOSEI\segments\X7-Gbk8gAD0_000.mp4,data\preprocessed\features\z_at\X7-Gbk8gAD0_000.pt,data\preprocessed\features\z_v\X7-Gbk8gAD0_000.pt
X7-Gbk8gAD0_001,mosei_real,0,mosei_X7-Gbk8gAD0_001,,,-1,1,1,1,D:\Documents\Programming\Thesis_G10\data\raw\CMU-MOSEI\segments\X7-Gbk8gAD0_001.mp4,data\preprocessed\features\z_at\X7-Gbk8gAD0_001.pt,data\preprocessed\features\z_v\X7-Gbk8gAD0_001.pt
X7-Gbk8gAD0_002,mosei_real,0,mosei_X7-Gbk8gAD0_002,,,-1,1,1,1,D:\Documents\Programming\Thesis_G10\data\raw\CMU-MOSEI\segments\X7-Gbk8gAD0_002.mp4,data\preprocessed\features\z_at\X7-Gbk8gAD0_002.pt,data\preprocessed\features\z_v\X7-Gbk8gAD0_002.pt
X7-Gbk8gAD0_003,mosei_real,0,mosei_X7-Gbk8gAD0_003,,,-1,1,1,1,D:\Documents\Programming\Thesis_G10\data\raw\CMU-MOSEI\segments\X7-Gbk8gAD0_003.mp4,data\preprocessed\features\z_at\X7-Gbk8gAD0_003.pt,data\preprocessed\features\z_v\X7-Gbk8gAD0_003.pt
X7-Gbk8gAD0_004,mosei_real,0,mosei_X7-Gbk8gAD0_004,,,-1,1,1,1,D:\Documents\Programming\Thesis_G10\data\raw\CMU-MOSEI\segments\X7-Gbk8gAD0_004.mp4,data\preprocessed\features\z_at\X7-Gbk8gAD0_004.pt,data\preprocessed\features\z_v\X7-Gbk8gAD0_004.pt
X7-Gbk8gAD0_006,mosei_real,0,mosei_X7-Gbk8gAD0_006,,,-1,1,1,1,D:\Documents\Programming\Thesis_G10\data\raw\CMU-MOSEI\segments\X7-Gbk8gAD0_006.mp4,data\preprocessed\features\z_at\X7-Gbk8gAD0_006.pt,data\preprocessed\features\z_v\X7-Gbk8gAD0_006.pt
XAazxiP6tP0_000,mosei_real,0,mosei_XAazxiP6tP0_000,,,-1,1,1,1,D:\Documents\Programming\Thesis_G10\data\raw\CMU-MOSEI\segments\XAazxiP6tP0_000.mp4,data\preprocessed\features\z_at\XAazxiP6tP0_000.pt,data\preprocessed\features\z_v\XAazxiP6tP0_000.pt
XAazxiP6tP0_004,mosei_real,0,mosei_XAazxiP6tP0_004,,,-1,1,1,1,D:\Documents\Programming\Thesis_G10\data\raw\CMU-MOSEI\segments\XAazxiP6tP0_004.mp4,data\preprocessed\features\z_at\XAazxiP6tP0_004.pt,data\preprocessed\features\z_v\XAazxiP6tP0_004.pt
XAazxiP6tP0_006,mosei_real,0,mosei_XAazxiP6tP0_006,,,-1,1,1,1,D:\Documents\Programming\Thesis_G10\data\raw\CMU-MOSEI\segments\XAazxiP6tP0_006.mp4,data\preprocessed\features\z_at\XAazxiP6tP0_006.pt,data\preprocessed\features\z_v\XAazxiP6tP0_006.pt
XAgD-xoil40_000,mosei_real,0,mosei_XAgD-xoil40_000,,,-1,1,1,1,D:\Documents\Programming\Thesis_G10\data\raw\CMU-MOSEI\segments\XAgD-xoil40_000.mp4,data\preprocessed\features\z_at\XAgD-xoil40_000.pt,data\preprocessed\features\z_v\XAgD-xoil40_000.pt
XAgD-xoil40_002,mosei_real,0,mosei_XAgD-xoil40_002,,,-1,1,1,1,D:\Documents\Programming\Thesis_G10\data\raw\CMU-MOSEI\segments\XAgD-xoil40_002.mp4,data\preprocessed\features\z_at\XAgD-xoil40_002.pt,data\preprocessed\features\z_v\XAgD-xoil40_002.pt
XAgD-xoil40_003,mosei_real,0,mosei_XAgD-xoil40_003,,,-1,1,1,1,D:\Documents\Programming\Thesis_G10\data\raw\CMU-MOSEI\segments\XAgD-xoil40_003.mp4,data\preprocessed\features\z_at\XAgD-xoil40_003.pt,data\preprocessed\features\z_v\XAgD-xoil40_003.pt
XAgD-xoil40_005,mosei_real,0,mosei_XAgD-xoil40_005,,,-1,1,1,1,D:\Documents\Programming\Thesis_G10\data\raw\CMU-MOSEI\segments\XAgD-xoil40_005.mp4,data\preprocessed\features\z_at\XAgD-xoil40_005.pt,data\preprocessed\features\z_v\XAgD-xoil40_005.pt
XCyngF93SmU_002,mosei_real,0,mosei_XCyngF93SmU_002,,,-1,1,1,1,D:\Documents\Programming\Thesis_G10\data\raw\CMU-MOSEI\segments\XCyngF93SmU_002.mp4,data\preprocessed\features\z_at\XCyngF93SmU_002.pt,data\preprocessed\features\z_v\XCyngF93SmU_002.pt
XCyngF93SmU_004,mosei_real,0,mosei_XCyngF93SmU_004,,,-1,1,1,1,D:\Documents\Programming\Thesis_G10\data\raw\CMU-MOSEI\segments\XCyngF93SmU_004.mp4,data\preprocessed\features\z_at\XCyngF93SmU_004.pt,data\preprocessed\features\z_v\XCyngF93SmU_004.pt
XDVkhOziCkg_001,mosei_real,0,mosei_XDVkhOziCkg_001,,,-1,1,1,1,D:\Documents\Programming\Thesis_G10\data\raw\CMU-MOSEI\segments\XDVkhOziCkg_001.mp4,data\preprocessed\features\z_at\XDVkhOziCkg_001.pt,data\preprocessed\features\z_v\XDVkhOziCkg_001.pt
XEZ7e4pf1xE_000,mosei_real,0,mosei_XEZ7e4pf1xE_000,,,-1,1,1,1,D:\Documents\Programming\Thesis_G10\data\raw\CMU-MOSEI\segments\XEZ7e4pf1xE_000.mp4,data\preprocessed\features\z_at\XEZ7e4pf1xE_000.pt,data\preprocessed\features\z_v\XEZ7e4pf1xE_000.pt
XEZ7e4pf1xE_004,mosei_real,0,mosei_XEZ7e4pf1xE_004,,,-1,1,1,1,D:\Documents\Programming\Thesis_G10\data\raw\CMU-MOSEI\segments\XEZ7e4pf1xE_004.mp4,data\preprocessed\features\z_at\XEZ7e4pf1xE_004.pt,data\preprocessed\features\z_v\XEZ7e4pf1xE_004.pt
XEZ7e4pf1xE_005,mosei_real,0,mosei_XEZ7e4pf1xE_005,,,-1,1,1,1,D:\Documents\Programming\Thesis_G10\data\raw\CMU-MOSEI\segments\XEZ7e4pf1xE_005.mp4,data\preprocessed\features\z_at\XEZ7e4pf1xE_005.pt,data\preprocessed\features\z_v\XEZ7e4pf1xE_005.pt
XEZ7e4pf1xE_006,mosei_real,0,mosei_XEZ7e4pf1xE_006,,,-1,1,1,1,D:\Documents\Programming\Thesis_G10\data\raw\CMU-MOSEI\segments\XEZ7e4pf1xE_006.mp4,data\preprocessed\features\z_at\XEZ7e4pf1xE_006.pt,data\preprocessed\features\z_v\XEZ7e4pf1xE_006.pt
XEZ7e4pf1xE_008,mosei_real,0,mosei_XEZ7e4pf1xE_008,,,-1,1,1,1,D:\Documents\Programming\Thesis_G10\data\raw\CMU-MOSEI\segments\XEZ7e4pf1xE_008.mp4,data\preprocessed\features\z_at\XEZ7e4pf1xE_008.pt,data\preprocessed\features\z_v\XEZ7e4pf1xE_008.pt
XEZ7e4pf1xE_010,mosei_real,0,mosei_XEZ7e4pf1xE_010,,,-1,1,1,1,D:\Documents\Programming\Thesis_G10\data\raw\CMU-MOSEI\segments\XEZ7e4pf1xE_010.mp4,data\preprocessed\features\z_at\XEZ7e4pf1xE_010.pt,data\preprocessed\features\z_v\XEZ7e4pf1xE_010.pt
XFGHTk_3hGg_000,mosei_real,0,mosei_XFGHTk_3hGg_000,,,-1,1,1,1,D:\Documents\Programming\Thesis_G10\data\raw\CMU-MOSEI\segments\XFGHTk_3hGg_000.mp4,data\preprocessed\features\z_at\XFGHTk_3hGg_000.pt,data\preprocessed\features\z_v\XFGHTk_3hGg_000.pt
XFGHTk_3hGg_001,mosei_real,0,mosei_XFGHTk_3hGg_001,,,-1,1,1,1,D:\Documents\Programming\Thesis_G10\data\raw\CMU-MOSEI\segments\XFGHTk_3hGg_001.mp4,data\preprocessed\features\z_at\XFGHTk_3hGg_001.pt,data\preprocessed\features\z_v\XFGHTk_3hGg_001.pt
XFGHTk_3hGg_002,mosei_real,0,mosei_XFGHTk_3hGg_002,,,-1,1,1,1,D:\Documents\Programming\Thesis_G10\data\raw\CMU-MOSEI\segments\XFGHTk_3hGg_002.mp4,data\preprocessed\features\z_at\XFGHTk_3hGg_002.pt,data\preprocessed\features\z_v\XFGHTk_3hGg_002.pt
XFGHTk_3hGg_003,mosei_real,0,mosei_XFGHTk_3hGg_003,,,-1,1,1,1,D:\Documents\Programming\Thesis_G10\data\raw\CMU-MOSEI\segments\XFGHTk_3hGg_003.mp4,data\preprocessed\features\z_at\XFGHTk_3hGg_003.pt,data\preprocessed\features\z_v\XFGHTk_3hGg_003.pt
XIGpuL-Kkyk_000,mosei_real,0,mosei_XIGpuL-Kkyk_000,,,-1,1,1,1,D:\Documents\Programming\Thesis_G10\data\raw\CMU-MOSEI\segments\XIGpuL-Kkyk_000.mp4,data\preprocessed\features\z_at\XIGpuL-Kkyk_000.pt,data\preprocessed\features\z_v\XIGpuL-Kkyk_000.pt
XIGpuL-Kkyk_001,mosei_real,0,mosei_XIGpuL-Kkyk_001,,,-1,1,1,1,D:\Documents\Programming\Thesis_G10\data\raw\CMU-MOSEI\segments\XIGpuL-Kkyk_001.mp4,data\preprocessed\features\z_at\XIGpuL-Kkyk_001.pt,data\preprocessed\features\z_v\XIGpuL-Kkyk_001.pt
XIGpuL-Kkyk_003,mosei_real,0,mosei_XIGpuL-Kkyk_003,,,-1,1,1,1,D:\Documents\Programming\Thesis_G10\data\raw\CMU-MOSEI\segments\XIGpuL-Kkyk_003.mp4,data\preprocessed\features\z_at\XIGpuL-Kkyk_003.pt,data\preprocessed\features\z_v\XIGpuL-Kkyk_003.pt
XIGpuL-Kkyk_004,mosei_real,0,mosei_XIGpuL-Kkyk_004,,,-1,1,1,1,D:\Documents\Programming\Thesis_G10\data\raw\CMU-MOSEI\segments\XIGpuL-Kkyk_004.mp4,data\preprocessed\features\z_at\XIGpuL-Kkyk_004.pt,data\preprocessed\features\z_v\XIGpuL-Kkyk_004.pt
XIGpuL-Kkyk_005,mosei_real,0,mosei_XIGpuL-Kkyk_005,,,-1,1,1,1,D:\Documents\Programming\Thesis_G10\data\raw\CMU-MOSEI\segments\XIGpuL-Kkyk_005.mp4,data\preprocessed\features\z_at\XIGpuL-Kkyk_005.pt,data\preprocessed\features\z_v\XIGpuL-Kkyk_005.pt
XKyumlBmix8_001,mosei_real,0,mosei_XKyumlBmix8_001,,,-1,1,1,1,D:\Documents\Programming\Thesis_G10\data\raw\CMU-MOSEI\segments\XKyumlBmix8_001.mp4,data\preprocessed\features\z_at\XKyumlBmix8_001.pt,data\preprocessed\features\z_v\XKyumlBmix8_001.pt
XKyumlBmix8_002,mosei_real,0,mosei_XKyumlBmix8_002,,,-1,1,1,1,D:\Documents\Programming\Thesis_G10\data\raw\CMU-MOSEI\segments\XKyumlBmix8_002.mp4,data\preprocessed\features\z_at\XKyumlBmix8_002.pt,data\preprocessed\features\z_v\XKyumlBmix8_002.pt
XKyumlBmix8_003,mosei_real,0,mosei_XKyumlBmix8_003,,,-1,1,1,1,D:\Documents\Programming\Thesis_G10\data\raw\CMU-MOSEI\segments\XKyumlBmix8_003.mp4,data\preprocessed\features\z_at\XKyumlBmix8_003.pt,data\preprocessed\features\z_v\XKyumlBmix8_003.pt
XPoY4LD-A1I_000,mosei_real,0,mosei_XPoY4LD-A1I_000,,,-1,1,1,1,D:\Documents\Programming\Thesis_G10\data\raw\CMU-MOSEI\segments\XPoY4LD-A1I_000.mp4,data\preprocessed\features\z_at\XPoY4LD-A1I_000.pt,data\preprocessed\features\z_v\XPoY4LD-A1I_000.pt
XPoY4LD-A1I_002,mosei_real,0,mosei_XPoY4LD-A1I_002,,,-1,1,1,1,D:\Documents\Programming\Thesis_G10\data\raw\CMU-MOSEI\segments\XPoY4LD-A1I_002.mp4,data\preprocessed\features\z_at\XPoY4LD-A1I_002.pt,data\preprocessed\features\z_v\XPoY4LD-A1I_002.pt
XPoY4LD-A1I_003,mosei_real,0,mosei_XPoY4LD-A1I_003,,,-1,1,1,1,D:\Documents\Programming\Thesis_G10\data\raw\CMU-MOSEI\segments\XPoY4LD-A1I_003.mp4,data\preprocessed\features\z_at\XPoY4LD-A1I_003.pt,data\preprocessed\features\z_v\XPoY4LD-A1I_003.pt
XPoY4LD-A1I_004,mosei_real,0,mosei_XPoY4LD-A1I_004,,,-1,1,1,1,D:\Documents\Programming\Thesis_G10\data\raw\CMU-MOSEI\segments\XPoY4LD-A1I_004.mp4,data\preprocessed\features\z_at\XPoY4LD-A1I_004.pt,data\preprocessed\features\z_v\XPoY4LD-A1I_004.pt
XPoY4LD-A1I_005,mosei_real,0,mosei_XPoY4LD-A1I_005,,,-1,1,1,1,D:\Documents\Programming\Thesis_G10\data\raw\CMU-MOSEI\segments\XPoY4LD-A1I_005.mp4,data\preprocessed\features\z_at\XPoY4LD-A1I_005.pt,data\preprocessed\features\z_v\XPoY4LD-A1I_005.pt
XVSDfgstFUQ_000,mosei_real,0,mosei_XVSDfgstFUQ_000,,,-1,1,1,1,D:\Documents\Programming\Thesis_G10\data\raw\CMU-MOSEI\segments\XVSDfgstFUQ_000.mp4,data\preprocessed\features\z_at\XVSDfgstFUQ_000.pt,data\preprocessed\features\z_v\XVSDfgstFUQ_000.pt
XVSDfgstFUQ_003,mosei_real,0,mosei_XVSDfgstFUQ_003,,,-1,1,1,1,D:\Documents\Programming\Thesis_G10\data\raw\CMU-MOSEI\segments\XVSDfgstFUQ_003.mp4,data\preprocessed\features\z_at\XVSDfgstFUQ_003.pt,data\preprocessed\features\z_v\XVSDfgstFUQ_003.pt
XVSDfgstFUQ_005,mosei_real,0,mosei_XVSDfgstFUQ_005,,,-1,1,1,1,D:\Documents\Programming\Thesis_G10\data\raw\CMU-MOSEI\segments\XVSDfgstFUQ_005.mp4,data\preprocessed\features\z_at\XVSDfgstFUQ_005.pt,data\preprocessed\features\z_v\XVSDfgstFUQ_005.pt
XVWiAArXYpE_000,mosei_real,0,mosei_XVWiAArXYpE_000,,,-1,1,1,1,D:\Documents\Programming\Thesis_G10\data\raw\CMU-MOSEI\segments\XVWiAArXYpE_000.mp4,data\preprocessed\features\z_at\XVWiAArXYpE_000.pt,data\preprocessed\features\z_v\XVWiAArXYpE_000.pt
XVWiAArXYpE_001,mosei_real,0,mosei_XVWiAArXYpE_001,,,-1,1,1,1,D:\Documents\Programming\Thesis_G10\data\raw\CMU-MOSEI\segments\XVWiAArXYpE_001.mp4,data\preprocessed\features\z_at\XVWiAArXYpE_001.pt,data\preprocessed\features\z_v\XVWiAArXYpE_001.pt
XVWiAArXYpE_002,mosei_real,0,mosei_XVWiAArXYpE_002,,,-1,1,1,1,D:\Documents\Programming\Thesis_G10\data\raw\CMU-MOSEI\segments\XVWiAArXYpE_002.mp4,data\preprocessed\features\z_at\XVWiAArXYpE_002.pt,data\preprocessed\features\z_v\XVWiAArXYpE_002.pt
XVWiAArXYpE_003,mosei_real,0,mosei_XVWiAArXYpE_003,,,-1,1,1,1,D:\Documents\Programming\Thesis_G10\data\raw\CMU-MOSEI\segments\XVWiAArXYpE_003.mp4,data\preprocessed\features\z_at\XVWiAArXYpE_003.pt,data\preprocessed\features\z_v\XVWiAArXYpE_003.pt
XVWiAArXYpE_004,mosei_real,0,mosei_XVWiAArXYpE_004,,,-1,1,1,1,D:\Documents\Programming\Thesis_G10\data\raw\CMU-MOSEI\segments\XVWiAArXYpE_004.mp4,data\preprocessed\features\z_at\XVWiAArXYpE_004.pt,data\preprocessed\features\z_v\XVWiAArXYpE_004.pt
