clip_id,source_pipeline,fake_label,speaker_id,audio_emotion,visual_emotion,sarcasm_label,has_z_at,has_z_v,is_ready_for_training,video_path,z_at_path,z_v_path
XVWiAArXYpE_006,mosei_real,0,mosei_XVWiAArXYpE_006,,,-1,1,1,1,D:\Documents\Programming\Thesis_G10\data\raw\CMU-MOSEI\segments\XVWiAArXYpE_006.mp4,data\preprocessed\features\z_at\XVWiAArXYpE_006.pt,data\preprocessed\features\z_v\XVWiAArXYpE_006.pt
XVWiAArXYpE_007,mosei_real,0,mosei_XVWiAArXYpE_007,,,-1,1,1,1,D:\Documents\Programming\Thesis_G10\data\raw\CMU-MOSEI\segments\XVWiAArXYpE_007.mp4,data\preprocessed\features\z_at\XVWiAArXYpE_007.pt,data\preprocessed\features\z_v\XVWiAArXYpE_007.pt
XVWiAArXYpE_009,mosei_real,0,mosei_XVWiAArXYpE_009,,,-1,1,1,1,D:\Documents\Programming\Thesis_G10\data\raw\CMU-MOSEI\segments\XVWiAArXYpE_009.mp4,data\preprocessed\features\z_at\XVWiAArXYpE_009.pt,data\preprocessed\features\z_v\XVWiAArXYpE_009.pt
XWIp0zH3qDM_000,mosei_real,0,mosei_XWIp0zH3qDM_000,,,-1,1,1,1,D:\Documents\Programming\Thesis_G10\data\raw\CMU-MOSEI\segments\XWIp0zH3qDM_000.mp4,data\preprocessed\features\z_at\XWIp0zH3qDM_000.pt,data\preprocessed\features\z_v\XWIp0zH3qDM_000.pt
XXvSLz8QmGk_000,mosei_real,0,mosei_XXvSLz8QmGk_000,,,-1,1,1,1,D:\Documents\Programming\Thesis_G10\data\raw\CMU-MOSEI\segments\XXvSLz8QmGk_000.mp4,data\preprocessed\features\z_at\XXvSLz8QmGk_000.pt,data\preprocessed\features\z_v\XXvSLz8QmGk_000.pt
XXvSLz8QmGk_006,mosei_real,0,mosei_XXvSLz8QmGk_006,,,-1,1,1,1,D:\Documents\Programming\Thesis_G10\data\raw\CMU-MOSEI\segments\XXvSLz8QmGk_006.mp4,data\preprocessed\features\z_at\XXvSLz8QmGk_006.pt,data\preprocessed\features\z_v\XXvSLz8QmGk_006.pt
XXvSLz8QmGk_010,mosei_real,0,mosei_XXvSLz8QmGk_010,,,-1,1,1,1,D:\Documents\Programming\Thesis_G10\data\raw\CMU-MOSEI\segments\XXvSLz8QmGk_010.mp4,data\preprocessed\features\z_at\XXvSLz8QmGk_010.pt,data\preprocessed\features\z_v\XXvSLz8QmGk_010.pt
X_TusmBIlC0_000,mosei_real,0,mosei_X_TusmBIlC0_000,,,-1,1,1,1,D:\Documents\Programming\Thesis_G10\data\raw\CMU-MOSEI\segments\X_TusmBIlC0_000.mp4,data\preprocessed\features\z_at\X_TusmBIlC0_000.pt,data\preprocessed\features\z_v\X_TusmBIlC0_000.pt
X_TusmBIlC0_001,mosei_real,0,mosei_X_TusmBIlC0_001,,,-1,1,1,1,D:\Documents\Programming\Thesis_G10\data\raw\CMU-MOSEI\segments\X_TusmBIlC0_001.mp4,data\preprocessed\features\z_at\X_TusmBIlC0_001.pt,data\preprocessed\features\z_v\X_TusmBIlC0_001.pt
Xa086gxLJ3Y_000,mosei_real,0,mosei_Xa086gxLJ3Y_000,,,-1,1,1,1,D:\Documents\Programming\Thesis_G10\data\raw\CMU-MOSEI\segments\Xa086gxLJ3Y_000.mp4,data\preprocessed\features\z_at\Xa086gxLJ3Y_000.pt,data\preprocessed\features\z_v\Xa086gxLJ3Y_000.pt
Xa086gxLJ3Y_001,mosei_real,0,mosei_Xa086gxLJ3Y_001,,,-1,1,1,1,D:\Documents\Programming\Thesis_G10\data\raw\CMU-MOSEI\segments\Xa086gxLJ3Y_001.mp4,data\preprocessed\features\z_at\Xa086gxLJ3Y_001.pt,data\preprocessed\features\z_v\Xa086gxLJ3Y_001.pt
Xa086gxLJ3Y_002,mosei_real,0,mosei_Xa086gxLJ3Y_002,,,-1,1,1,1,D:\Documents\Programming\Thesis_G10\data\raw\CMU-MOSEI\segments\Xa086gxLJ3Y_002.mp4,data\preprocessed\features\z_at\Xa086gxLJ3Y_002.pt,data\preprocessed\features\z_v\Xa086gxLJ3Y_002.pt
XaVYxIW0FDg_000,mosei_real,0,mosei_XaVYxIW0FDg_000,,,-1,1,1,1,D:\Documents\Programming\Thesis_G10\data\raw\CMU-MOSEI\segments\XaVYxIW0FDg_000.mp4,data\preprocessed\features\z_at\XaVYxIW0FDg_000.pt,data\preprocessed\features\z_v\XaVYxIW0FDg_000.pt
XbkYA-iXUwA_000,mosei_real,0,mosei_XbkYA-iXUwA_000,,,-1,1,1,1,D:\Documents\Programming\Thesis_G10\data\raw\CMU-MOSEI\segments\XbkYA-iXUwA_000.mp4,data\preprocessed\features\z_at\XbkYA-iXUwA_000.pt,data\preprocessed\features\z_v\XbkYA-iXUwA_000.pt
XbkYA-iXUwA_001,mosei_real,0,mosei_XbkYA-iXUwA_001,,,-1,1,1,1,D:\Documents\Programming\Thesis_G10\data\raw\CMU-MOSEI\segments\XbkYA-iXUwA_001.mp4,data\preprocessed\features\z_at\XbkYA-iXUwA_001.pt,data\preprocessed\features\z_v\XbkYA-iXUwA_001.pt
XbkYA-iXUwA_002,mosei_real,0,mosei_XbkYA-iXUwA_002,,,-1,1,1,1,D:\Documents\Programming\Thesis_G10\data\raw\CMU-MOSEI\segments\XbkYA-iXUwA_002.mp4,data\preprocessed\features\z_at\XbkYA-iXUwA_002.pt,data\preprocessed\features\z_v\XbkYA-iXUwA_002.pt
XblL7mcdDdg_003,mosei_real,0,mosei_XblL7mcdDdg_003,,,-1,1,1,1,D:\Documents\Programming\Thesis_G10\data\raw\CMU-MOSEI\segments\XblL7mcdDdg_003.mp4,data\preprocessed\features\z_at\XblL7mcdDdg_003.pt,data\preprocessed\features\z_v\XblL7mcdDdg_003.pt
XblL7mcdDdg_004,mosei_real,0,mosei_XblL7mcdDdg_004,,,-1,1,1,1,D:\Documents\Programming\Thesis_G10\data\raw\CMU-MOSEI\segments\XblL7mcdDdg_004.mp4,data\preprocessed\features\z_at\XblL7mcdDdg_004.pt,data\preprocessed\features\z_v\XblL7mcdDdg_004.pt
XbolrpSc0KU_000,mosei_real,0,mosei_XbolrpSc0KU_000,,,-1,1,1,1,D:\Documents\Programming\Thesis_G10\data\raw\CMU-MOSEI\segments\XbolrpSc0KU_000.mp4,data\preprocessed\features\z_at\XbolrpSc0KU_000.pt,data\preprocessed\features\z_v\XbolrpSc0KU_000.pt
XbolrpSc0KU_001,mosei_real,0,mosei_XbolrpSc0KU_001,,,-1,1,1,1,D:\Documents\Programming\Thesis_G10\data\raw\CMU-MOSEI\segments\XbolrpSc0KU_001.mp4,data\preprocessed\features\z_at\XbolrpSc0KU_001.pt,data\preprocessed\features\z_v\XbolrpSc0KU_001.pt
XbolrpSc0KU_003,mosei_real,0,mosei_XbolrpSc0KU_003,,,-1,1,1,1,D:\Documents\Programming\Thesis_G10\data\raw\CMU-MOSEI\segments\XbolrpSc0KU_003.mp4,data\preprocessed\features\z_at\XbolrpSc0KU_003.pt,data\preprocessed\features\z_v\XbolrpSc0KU_003.pt
XbolrpSc0KU_004,mosei_real,0,mosei_XbolrpSc0KU_004,,,-1,1,1,1,D:\Documents\Programming\Thesis_G10\data\raw\CMU-MOSEI\segments\XbolrpSc0KU_004.mp4,data\preprocessed\features\z_at\XbolrpSc0KU_004.pt,data\preprocessed\features\z_v\XbolrpSc0KU_004.pt
XlTYSOaZ_vM_000,mosei_real,0,mosei_XlTYSOaZ_vM_000,,,-1,1,1,1,D:\Documents\Programming\Thesis_G10\data\raw\CMU-MOSEI\segments\XlTYSOaZ_vM_000.mp4,data\preprocessed\features\z_at\XlTYSOaZ_vM_000.pt,data\preprocessed\features\z_v\XlTYSOaZ_vM_000.pt
XlTYSOaZ_vM_001,mosei_real,0,mosei_XlTYSOaZ_vM_001,,,-1,1,1,1,D:\Documents\Programming\Thesis_G10\data\raw\CMU-MOSEI\segments\XlTYSOaZ_vM_001.mp4,data\preprocessed\features\z_at\XlTYSOaZ_vM_001.pt,data\preprocessed\features\z_v\XlTYSOaZ_vM_001.pt
XnPnlRQXSkM_000,mosei_real,0,mosei_XnPnlRQXSkM_000,,,-1,1,1,1,D:\Documents\Programming\Thesis_G10\data\raw\CMU-MOSEI\segments\XnPnlRQXSkM_000.mp4,data\preprocessed\features\z_at\XnPnlRQXSkM_000.pt,data\preprocessed\features\z_v\XnPnlRQXSkM_000.pt
XnPnlRQXSkM_001,mosei_real,0,mosei_XnPnlRQXSkM_001,,,-1,1,1,1,D:\Documents\Programming\Thesis_G10\data\raw\CMU-MOSEI\segments\XnPnlRQXSkM_001.mp4,data\preprocessed\features\z_at\XnPnlRQXSkM_001.pt,data\preprocessed\features\z_v\XnPnlRQXSkM_001.pt
XnPnlRQXSkM_002,mosei_real,0,mosei_XnPnlRQXSkM_002,,,-1,1,1,1,D:\Documents\Programming\Thesis_G10\data\raw\CMU-MOSEI\segments\XnPnlRQXSkM_002.mp4,data\preprocessed\features\z_at\XnPnlRQXSkM_002.pt,data\preprocessed\features\z_v\XnPnlRQXSkM_002.pt
Xo6-V2RlWss_000,mosei_real,0,mosei_Xo6-V2RlWss_000,,,-1,1,1,1,D:\Documents\Programming\Thesis_G10\data\raw\CMU-MOSEI\segments\Xo6-V2RlWss_000.mp4,data\preprocessed\features\z_at\Xo6-V2RlWss_000.pt,data\preprocessed\features\z_v\Xo6-V2RlWss_000.pt
Xo6-V2RlWss_001,mosei_real,0,mosei_Xo6-V2RlWss_001,,,-1,1,1,1,D:\Documents\Programming\Thesis_G10\data\raw\CMU-MOSEI\segments\Xo6-V2RlWss_001.mp4,data\preprocessed\features\z_at\Xo6-V2RlWss_001.pt,data\preprocessed\features\z_v\Xo6-V2RlWss_001.pt
Xo6-V2RlWss_002,mosei_real,0,mosei_Xo6-V2RlWss_002,,,-1,1,1,1,D:\Documents\Programming\Thesis_G10\data\raw\CMU-MOSEI\segments\Xo6-V2RlWss_002.mp4,data\preprocessed\features\z_at\Xo6-V2RlWss_002.pt,data\preprocessed\features\z_v\Xo6-V2RlWss_002.pt
Xq7zLxYHxd8_000,mosei_real,0,mosei_Xq7zLxYHxd8_000,,,-1,1,1,1,D:\Documents\Programming\Thesis_G10\data\raw\CMU-MOSEI\segments\Xq7zLxYHxd8_000.mp4,data\preprocessed\features\z_at\Xq7zLxYHxd8_000.pt,data\preprocessed\features\z_v\Xq7zLxYHxd8_000.pt
Xq7zLxYHxd8_002,mosei_real,0,mosei_Xq7zLxYHxd8_002,,,-1,1,1,1,D:\Documents\Programming\Thesis_G10\data\raw\CMU-MOSEI\segments\Xq7zLxYHxd8_002.mp4,data\preprocessed\features\z_at\Xq7zLxYHxd8_002.pt,data\preprocessed\features\z_v\Xq7zLxYHxd8_002.pt
Xq7zLxYHxd8_003,mosei_real,0,mosei_Xq7zLxYHxd8_003,,,-1,1,1,1,D:\Documents\Programming\Thesis_G10\data\raw\CMU-MOSEI\segments\Xq7zLxYHxd8_003.mp4,data\preprocessed\features\z_at\Xq7zLxYHxd8_003.pt,data\preprocessed\features\z_v\Xq7zLxYHxd8_003.pt
Xq7zLxYHxd8_006,mosei_real,0,mosei_Xq7zLxYHxd8_006,,,-1,1,1,1,D:\Documents\Programming\Thesis_G10\data\raw\CMU-MOSEI\segments\Xq7zLxYHxd8_006.mp4,data\preprocessed\features\z_at\Xq7zLxYHxd8_006.pt,data\preprocessed\features\z_v\Xq7zLxYHxd8_006.pt
XsEPZydHWdo_001,mosei_real,0,mosei_XsEPZydHWdo_001,,,-1,1,1,1,D:\Documents\Programming\Thesis_G10\data\raw\CMU-MOSEI\segments\XsEPZydHWdo_001.mp4,data\preprocessed\features\z_at\XsEPZydHWdo_001.pt,data\preprocessed\features\z_v\XsEPZydHWdo_001.pt
Xx7Y2YIbleA_001,mosei_real,0,mosei_Xx7Y2YIbleA_001,,,-1,1,1,1,D:\Documents\Programming\Thesis_G10\data\raw\CMU-MOSEI\segments\Xx7Y2YIbleA_001.mp4,data\preprocessed\features\z_at\Xx7Y2YIbleA_001.pt,data\preprocessed\features\z_v\Xx7Y2YIbleA_001.pt
Xx7Y2YIbleA_002,mosei_real,0,mosei_Xx7Y2YIbleA_002,,,-1,1,1,1,D:\Documents\Programming\Thesis_G10\data\raw\CMU-MOSEI\segments\Xx7Y2YIbleA_002.mp4,data\preprocessed\features\z_at\Xx7Y2YIbleA_002.pt,data\preprocessed\features\z_v\Xx7Y2YIbleA_002.pt
Xx7Y2YIbleA_007,mosei_real,0,mosei_Xx7Y2YIbleA_007,,,-1,1,1,1,D:\Documents\Programming\Thesis_G10\data\raw\CMU-MOSEI\segments\Xx7Y2YIbleA_007.mp4,data\preprocessed\features\z_at\Xx7Y2YIbleA_007.pt,data\preprocessed\features\z_v\Xx7Y2YIbleA_007.pt
Xy57UpKRNEo_000,mosei_real,0,mosei_Xy57UpKRNEo_000,,,-1,1,1,1,D:\Documents\Programming\Thesis_G10\data\raw\CMU-MOSEI\segments\Xy57UpKRNEo_000.mp4,data\preprocessed\features\z_at\Xy57UpKRNEo_000.pt,data\preprocessed\features\z_v\Xy57UpKRNEo_000.pt
Xy57UpKRNEo_002,mosei_real,0,mosei_Xy57UpKRNEo_002,,,-1,1,1,1,D:\Documents\Programming\Thesis_G10\data\raw\CMU-MOSEI\segments\Xy57UpKRNEo_002.mp4,data\preprocessed\features\z_at\Xy57UpKRNEo_002.pt,data\preprocessed\features\z_v\Xy57UpKRNEo_002.pt
Xy57UpKRNEo_003,mosei_real,0,mosei_Xy57UpKRNEo_003,,,-1,1,1,1,D:\Documents\Programming\Thesis_G10\data\raw\CMU-MOSEI\segments\Xy57UpKRNEo_003.mp4,data\preprocessed\features\z_at\Xy57UpKRNEo_003.pt,data\preprocessed\features\z_v\Xy57UpKRNEo_003.pt
Xy57UpKRNEo_004,mosei_real,0,mosei_Xy57UpKRNEo_004,,,-1,1,1,1,D:\Documents\Programming\Thesis_G10\data\raw\CMU-MOSEI\segments\Xy57UpKRNEo_004.mp4,data\preprocessed\features\z_at\Xy57UpKRNEo_004.pt,data\preprocessed\features\z_v\Xy57UpKRNEo_004.pt
XyBU_gZtU0M_000,mosei_real,0,mosei_XyBU_gZtU0M_000,,,-1,1,1,1,D:\Documents\Programming\Thesis_G10\data\raw\CMU-MOSEI\segments\XyBU_gZtU0M_000.mp4,data\preprocessed\features\z_at\XyBU_gZtU0M_000.pt,data\preprocessed\features\z_v\XyBU_gZtU0M_000.pt
XyBU_gZtU0M_001,mosei_real,0,mosei_XyBU_gZtU0M_001,,,-1,1,1,1,D:\Documents\Programming\Thesis_G10\data\raw\CMU-MOSEI\segments\XyBU_gZtU0M_001.mp4,data\preprocessed\features\z_at\XyBU_gZtU0M_001.pt,data\preprocessed\features\z_v\XyBU_gZtU0M_001.pt
XyBU_gZtU0M_004,mosei_real,0,mosei_XyBU_gZtU0M_004,,,-1,1,1,1,D:\Documents\Programming\Thesis_G10\data\raw\CMU-MOSEI\segments\XyBU_gZtU0M_004.mp4,data\preprocessed\features\z_at\XyBU_gZtU0M_004.pt,data\preprocessed\features\z_v\XyBU_gZtU0M_004.pt
XyBU_gZtU0M_005,mosei_real,0,mosei_XyBU_gZtU0M_005,,,-1,1,1,1,D:\Documents\Programming\Thesis_G10\data\raw\CMU-MOSEI\segments\XyBU_gZtU0M_005.mp4,data\preprocessed\features\z_at\XyBU_gZtU0M_005.pt,data\preprocessed\features\z_v\XyBU_gZtU0M_005.pt
XyBU_gZtU0M_006,mosei_real,0,mosei_XyBU_gZtU0M_006,,,-1,1,1,1,D:\Documents\Programming\Thesis_G10\data\raw\CMU-MOSEI\segments\XyBU_gZtU0M_006.mp4,data\preprocessed\features\z_at\XyBU_gZtU0M_006.pt,data\preprocessed\features\z_v\XyBU_gZtU0M_006.pt
XyBU_gZtU0M_007,mosei_real,0,mosei_XyBU_gZtU0M_007,,,-1,1,1,1,D:\Documents\Programming\Thesis_G10\data\raw\CMU-MOSEI\segments\XyBU_gZtU0M_007.mp4,data\preprocessed\features\z_at\XyBU_gZtU0M_007.pt,data\preprocessed\features\z_v\XyBU_gZtU0M_007.pt
XyBU_gZtU0M_008,mosei_real,0,mosei_XyBU_gZtU0M_008,,,-1,1,1,1,D:\Documents\Programming\Thesis_G10\data\raw\CMU-MOSEI\segments\XyBU_gZtU0M_008.mp4,data\preprocessed\features\z_at\XyBU_gZtU0M_008.pt,data\preprocessed\features\z_v\XyBU_gZtU0M_008.pt
XyBU_gZtU0M_010,mosei_real,0,mosei_XyBU_gZtU0M_010,,,-1,1,1,1,D:\Documents\Programming\Thesis_G10\data\raw\CMU-MOSEI\segments\XyBU_gZtU0M_010.mp4,data\preprocessed\features\z_at\XyBU_gZtU0M_010.pt,data\preprocessed\features\z_v\XyBU_gZtU0M_010.pt
XyBU_gZtU0M_011,mosei_real,0,mosei_XyBU_gZtU0M_011,,,-1,1,1,1,D:\Documents\Programming\Thesis_G10\data\raw\CMU-MOSEI\segments\XyBU_gZtU0M_011.mp4,data\preprocessed\features\z_at\XyBU_gZtU0M_011.pt,data\preprocessed\features\z_v\XyBU_gZtU0M_011.pt
XyBU_gZtU0M_013,mosei_real,0,mosei_XyBU_gZtU0M_013,,,-1,1,1,1,D:\Documents\Programming\Thesis_G10\data\raw\CMU-MOSEI\segments\XyBU_gZtU0M_013.mp4,data\preprocessed\features\z_at\XyBU_gZtU0M_013.pt,data\preprocessed\features\z_v\XyBU_gZtU0M_013.pt
XyBU_gZtU0M_014,mosei_real,0,mosei_XyBU_gZtU0M_014,,,-1,1,1,1,D:\Documents\Programming\Thesis_G10\data\raw\CMU-MOSEI\segments\XyBU_gZtU0M_014.mp4,data\preprocessed\features\z_at\XyBU_gZtU0M_014.pt,data\preprocessed\features\z_v\XyBU_gZtU0M_014.pt
XyBU_gZtU0M_016,mosei_real,0,mosei_XyBU_gZtU0M_016,,,-1,1,1,1,D:\Documents\Programming\Thesis_G10\data\raw\CMU-MOSEI\segments\XyBU_gZtU0M_016.mp4,data\preprocessed\features\z_at\XyBU_gZtU0M_016.pt,data\preprocessed\features\z_v\XyBU_gZtU0M_016.pt
XyBU_gZtU0M_017,mosei_real,0,mosei_XyBU_gZtU0M_017,,,-1,1,1,1,D:\Documents\Programming\Thesis_G10\data\raw\CMU-MOSEI\segments\XyBU_gZtU0M_017.mp4,data\preprocessed\features\z_at\XyBU_gZtU0M_017.pt,data\preprocessed\features\z_v\XyBU_gZtU0M_017.pt
XyBU_gZtU0M_018,mosei_real,0,mosei_XyBU_gZtU0M_018,,,-1,1,1,1,D:\Documents\Programming\Thesis_G10\data\raw\CMU-MOSEI\segments\XyBU_gZtU0M_018.mp4,data\preprocessed\features\z_at\XyBU_gZtU0M_018.pt,data\preprocessed\features\z_v\XyBU_gZtU0M_018.pt
XyBU_gZtU0M_019,mosei_real,0,mosei_XyBU_gZtU0M_019,,,-1,1,1,1,D:\Documents\Programming\Thesis_G10\data\raw\CMU-MOSEI\segments\XyBU_gZtU0M_019.mp4,data\preprocessed\features\z_at\XyBU_gZtU0M_019.pt,data\preprocessed\features\z_v\XyBU_gZtU0M_019.pt
XyBU_gZtU0M_020,mosei_real,0,mosei_XyBU_gZtU0M_020,,,-1,1,1,1,D:\Documents\Programming\Thesis_G10\data\raw\CMU-MOSEI\segments\XyBU_gZtU0M_020.mp4,data\preprocessed\features\z_at\XyBU_gZtU0M_020.pt,data\preprocessed\features\z_v\XyBU_gZtU0M_020.pt
XyP8bVmGX6M_001,mosei_real,0,mosei_XyP8bVmGX6M_001,,,-1,1,1,1,D:\Documents\Programming\Thesis_G10\data\raw\CMU-MOSEI\segments\XyP8bVmGX6M_001.mp4,data\preprocessed\features\z_at\XyP8bVmGX6M_001.pt,data\preprocessed\features\z_v\XyP8bVmGX6M_001.pt
XzVapdEr_GY_000,mosei_real,0,mosei_XzVapdEr_GY_000,,,-1,1,1,1,D:\Documents\Programming\Thesis_G10\data\raw\CMU-MOSEI\segments\XzVapdEr_GY_000.mp4,data\preprocessed\features\z_at\XzVapdEr_GY_000.pt,data\preprocessed\features\z_v\XzVapdEr_GY_000.pt
XzVapdEr_GY_002,mosei_real,0,mosei_XzVapdEr_GY_002,,,-1,1,1,1,D:\Documents\Programming\Thesis_G10\data\raw\CMU-MOSEI\segments\XzVapdEr_GY_002.mp4,data\preprocessed\features\z_at\XzVapdEr_GY_002.pt,data\preprocessed\features\z_v\XzVapdEr_GY_002.pt
XzhRYIeczg4_000,mosei_real,0,mosei_XzhRYIeczg4_000,,,-1,1,1,1,D:\Documents\Programming\Thesis_G10\data\raw\CMU-MOSEI\segments\XzhRYIeczg4_000.mp4,data\preprocessed\features\z_at\XzhRYIeczg4_000.pt,data\preprocessed\features\z_v\XzhRYIeczg4_000.pt
XzhRYIeczg4_001,mosei_real,0,mosei_XzhRYIeczg4_001,,,-1,1,1,1,D:\Documents\Programming\Thesis_G10\data\raw\CMU-MOSEI\segments\XzhRYIeczg4_001.mp4,data\preprocessed\features\z_at\XzhRYIeczg4_001.pt,data\preprocessed\features\z_v\XzhRYIeczg4_001.pt
Y2F51I-dzAg_000,mosei_real,0,mosei_Y2F51I-dzAg_000,,,-1,1,1,1,D:\Documents\Programming\Thesis_G10\data\raw\CMU-MOSEI\segments\Y2F51I-dzAg_000.mp4,data\preprocessed\features\z_at\Y2F51I-dzAg_000.pt,data\preprocessed\features\z_v\Y2F51I-dzAg_000.pt
Y2F51I-dzAg_002,mosei_real,0,mosei_Y2F51I-dzAg_002,,,-1,1,1,1,D:\Documents\Programming\Thesis_G10\data\raw\CMU-MOSEI\segments\Y2F51I-dzAg_002.mp4,data\preprocessed\features\z_at\Y2F51I-dzAg_002.pt,data\preprocessed\features\z_v\Y2F51I-dzAg_002.pt
Y2F51I-dzAg_003,mosei_real,0,mosei_Y2F51I-dzAg_003,,,-1,1,1,1,D:\Documents\Programming\Thesis_G10\data\raw\CMU-MOSEI\segments\Y2F51I-dzAg_003.mp4,data\preprocessed\features\z_at\Y2F51I-dzAg_003.pt,data\preprocessed\features\z_v\Y2F51I-dzAg_003.pt
Y4izAQYtGEw_000,mosei_real,0,mosei_Y4izAQYtGEw_000,,,-1,1,1,1,D:\Documents\Programming\Thesis_G10\data\raw\CMU-MOSEI\segments\Y4izAQYtGEw_000.mp4,data\preprocessed\features\z_at\Y4izAQYtGEw_000.pt,data\preprocessed\features\z_v\Y4izAQYtGEw_000.pt
Y4izAQYtGEw_002,mosei_real,0,mosei_Y4izAQYtGEw_002,,,-1,1,1,1,D:\Documents\Programming\Thesis_G10\data\raw\CMU-MOSEI\segments\Y4izAQYtGEw_002.mp4,data\preprocessed\features\z_at\Y4izAQYtGEw_002.pt,data\preprocessed\features\z_v\Y4izAQYtGEw_002.pt
Y4izAQYtGEw_004,mosei_real,0,mosei_Y4izAQYtGEw_004,,,-1,1,1,1,D:\Documents\Programming\Thesis_G10\data\raw\CMU-MOSEI\segments\Y4izAQYtGEw_004.mp4,data\preprocessed\features\z_at\Y4izAQYtGEw_004.pt,data\preprocessed\features\z_v\Y4izAQYtGEw_004.pt
Y6s_vuUUsJM_001,mosei_real,0,mosei_Y6s_vuUUsJM_001,,,-1,1,1,1,D:\Documents\Programming\Thesis_G10\data\raw\CMU-MOSEI\segments\Y6s_vuUUsJM_001.mp4,data\preprocessed\features\z_at\Y6s_vuUUsJM_001.pt,data\preprocessed\features\z_v\Y6s_vuUUsJM_001.pt
Y6zyM1nDhN0_000,mosei_real,0,mosei_Y6zyM1nDhN0_000,,,-1,1,1,1,D:\Documents\Programming\Thesis_G10\data\raw\CMU-MOSEI\segments\Y6zyM1nDhN0_000.mp4,data\preprocessed\features\z_at\Y6zyM1nDhN0_000.pt,data\preprocessed\features\z_v\Y6zyM1nDhN0_000.pt
Y6zyM1nDhN0_001,mosei_real,0,mosei_Y6zyM1nDhN0_001,,,-1,1,1,1,D:\Documents\Programming\Thesis_G10\data\raw\CMU-MOSEI\segments\Y6zyM1nDhN0_001.mp4,data\preprocessed\features\z_at\Y6zyM1nDhN0_001.pt,data\preprocessed\features\z_v\Y6zyM1nDhN0_001.pt
Y6zyM1nDhN0_002,mosei_real,0,mosei_Y6zyM1nDhN0_002,,,-1,1,1,1,D:\Documents\Programming\Thesis_G10\data\raw\CMU-MOSEI\segments\Y6zyM1nDhN0_002.mp4,data\preprocessed\features\z_at\Y6zyM1nDhN0_002.pt,data\preprocessed\features\z_v\Y6zyM1nDhN0_002.pt
Y7h-S3cJ52o_000,mosei_real,0,mosei_Y7h-S3cJ52o_000,,,-1,1,1,1,D:\Documents\Programming\Thesis_G10\data\raw\CMU-MOSEI\segments\Y7h-S3cJ52o_000.mp4,data\preprocessed\features\z_at\Y7h-S3cJ52o_000.pt,data\preprocessed\features\z_v\Y7h-S3cJ52o_000.pt
YAYfMkxhRiQ_001,mosei_real,0,mosei_YAYfMkxhRiQ_001,,,-1,1,1,1,D:\Documents\Programming\Thesis_G10\data\raw\CMU-MOSEI\segments\YAYfMkxhRiQ_001.mp4,data\preprocessed\features\z_at\YAYfMkxhRiQ_001.pt,data\preprocessed\features\z_v\YAYfMkxhRiQ_001.pt
YAYfMkxhRiQ_003,mosei_real,0,mosei_YAYfMkxhRiQ_003,,,-1,1,1,1,D:\Documents\Programming\Thesis_G10\data\raw\CMU-MOSEI\segments\YAYfMkxhRiQ_003.mp4,data\preprocessed\features\z_at\YAYfMkxhRiQ_003.pt,data\preprocessed\features\z_v\YAYfMkxhRiQ_003.pt
YAYfMkxhRiQ_004,mosei_real,0,mosei_YAYfMkxhRiQ_004,,,-1,1,1,1,D:\Documents\Programming\Thesis_G10\data\raw\CMU-MOSEI\segments\YAYfMkxhRiQ_004.mp4,data\preprocessed\features\z_at\YAYfMkxhRiQ_004.pt,data\preprocessed\features\z_v\YAYfMkxhRiQ_004.pt
YB9EUgrzCCo_000,mosei_real,0,mosei_YB9EUgrzCCo_000,,,-1,1,1,1,D:\Documents\Programming\Thesis_G10\data\raw\CMU-MOSEI\segments\YB9EUgrzCCo_000.mp4,data\preprocessed\features\z_at\YB9EUgrzCCo_000.pt,data\preprocessed\features\z_v\YB9EUgrzCCo_000.pt
YB9EUgrzCCo_001,mosei_real,0,mosei_YB9EUgrzCCo_001,,,-1,1,1,1,D:\Documents\Programming\Thesis_G10\data\raw\CMU-MOSEI\segments\YB9EUgrzCCo_001.mp4,data\preprocessed\features\z_at\YB9EUgrzCCo_001.pt,data\preprocessed\features\z_v\YB9EUgrzCCo_001.pt
YB9EUgrzCCo_002,mosei_real,0,mosei_YB9EUgrzCCo_002,,,-1,1,1,1,D:\Documents\Programming\Thesis_G10\data\raw\CMU-MOSEI\segments\YB9EUgrzCCo_002.mp4,data\preprocessed\features\z_at\YB9EUgrzCCo_002.pt,data\preprocessed\features\z_v\YB9EUgrzCCo_002.pt
YB9EUgrzCCo_003,mosei_real,0,mosei_YB9EUgrzCCo_003,,,-1,1,1,1,D:\Documents\Programming\Thesis_G10\data\raw\CMU-MOSEI\segments\YB9EUgrzCCo_003.mp4,data\preprocessed\features\z_at\YB9EUgrzCCo_003.pt,data\preprocessed\features\z_v\YB9EUgrzCCo_003.pt
YCI-ZzclIPQ_000,mosei_real,0,mosei_YCI-ZzclIPQ_000,,,-1,1,1,1,D:\Documents\Programming\Thesis_G10\data\raw\CMU-MOSEI\segments\YCI-ZzclIPQ_000.mp4,data\preprocessed\features\z_at\YCI-ZzclIPQ_000.pt,data\preprocessed\features\z_v\YCI-ZzclIPQ_000.pt
YD5vqR15nco_000,mosei_real,0,mosei_YD5vqR15nco_000,,,-1,1,1,1,D:\Documents\Programming\Thesis_G10\data\raw\CMU-MOSEI\segments\YD5vqR15nco_000.mp4,data\preprocessed\features\z_at\YD5vqR15nco_000.pt,data\preprocessed\features\z_v\YD5vqR15nco_000.pt
YF3mDOuF46M_001,mosei_real,0,mosei_YF3mDOuF46M_001,,,-1,1,1,1,D:\Documents\Programming\Thesis_G10\data\raw\CMU-MOSEI\segments\YF3mDOuF46M_001.mp4,data\preprocessed\features\z_at\YF3mDOuF46M_001.pt,data\preprocessed\features\z_v\YF3mDOuF46M_001.pt
YF3mDOuF46M_002,mosei_real,0,mosei_YF3mDOuF46M_002,,,-1,1,1,1,D:\Documents\Programming\Thesis_G10\data\raw\CMU-MOSEI\segments\YF3mDOuF46M_002.mp4,data\preprocessed\features\z_at\YF3mDOuF46M_002.pt,data\preprocessed\features\z_v\YF3mDOuF46M_002.pt
YF3mDOuF46M_003,mosei_real,0,mosei_YF3mDOuF46M_003,,,-1,1,1,1,D:\Documents\Programming\Thesis_G10\data\raw\CMU-MOSEI\segments\YF3mDOuF46M_003.mp4,data\preprocessed\features\z_at\YF3mDOuF46M_003.pt,data\preprocessed\features\z_v\YF3mDOuF46M_003.pt
YF3mDOuF46M_006,mosei_real,0,mosei_YF3mDOuF46M_006,,,-1,1,1,1,D:\Documents\Programming\Thesis_G10\data\raw\CMU-MOSEI\segments\YF3mDOuF46M_006.mp4,data\preprocessed\features\z_at\YF3mDOuF46M_006.pt,data\preprocessed\features\z_v\YF3mDOuF46M_006.pt
YITXOmhQhYE_002,mosei_real,0,mosei_YITXOmhQhYE_002,,,-1,1,1,1,D:\Documents\Programming\Thesis_G10\data\raw\CMU-MOSEI\segments\YITXOmhQhYE_002.mp4,data\preprocessed\features\z_at\YITXOmhQhYE_002.pt,data\preprocessed\features\z_v\YITXOmhQhYE_002.pt
YITXOmhQhYE_003,mosei_real,0,mosei_YITXOmhQhYE_003,,,-1,1,1,1,D:\Documents\Programming\Thesis_G10\data\raw\CMU-MOSEI\segments\YITXOmhQhYE_003.mp4,data\preprocessed\features\z_at\YITXOmhQhYE_003.pt,data\preprocessed\features\z_v\YITXOmhQhYE_003.pt
YITXOmhQhYE_004,mosei_real,0,mosei_YITXOmhQhYE_004,,,-1,1,1,1,D:\Documents\Programming\Thesis_G10\data\raw\CMU-MOSEI\segments\YITXOmhQhYE_004.mp4,data\preprocessed\features\z_at\YITXOmhQhYE_004.pt,data\preprocessed\features\z_v\YITXOmhQhYE_004.pt
YITXOmhQhYE_006,mosei_real,0,mosei_YITXOmhQhYE_006,,,-1,1,1,1,D:\Documents\Programming\Thesis_G10\data\raw\CMU-MOSEI\segments\YITXOmhQhYE_006.mp4,data\preprocessed\features\z_at\YITXOmhQhYE_006.pt,data\preprocessed\features\z_v\YITXOmhQhYE_006.pt
YITXOmhQhYE_007,mosei_real,0,mosei_YITXOmhQhYE_007,,,-1,1,1,1,D:\Documents\Programming\Thesis_G10\data\raw\CMU-MOSEI\segments\YITXOmhQhYE_007.mp4,data\preprocessed\features\z_at\YITXOmhQhYE_007.pt,data\preprocessed\features\z_v\YITXOmhQhYE_007.pt
YQZPnHZRp1w_000,mosei_real,0,mosei_YQZPnHZRp1w_000,,,-1,1,1,1,D:\Documents\Programming\Thesis_G10\data\raw\CMU-MOSEI\segments\YQZPnHZRp1w_000.mp4,data\preprocessed\features\z_at\YQZPnHZRp1w_000.pt,data\preprocessed\features\z_v\YQZPnHZRp1w_000.pt
YRmjALBdTdE_002,mosei_real,0,mosei_YRmjALBdTdE_002,,,-1,1,1,1,D:\Documents\Programming\Thesis_G10\data\raw\CMU-MOSEI\segments\YRmjALBdTdE_002.mp4,data\preprocessed\features\z_at\YRmjALBdTdE_002.pt,data\preprocessed\features\z_v\YRmjALBdTdE_002.pt
YRmjALBdTdE_003,mosei_real,0,mosei_YRmjALBdTdE_003,,,-1,1,1,1,D:\Documents\Programming\Thesis_G10\data\raw\CMU-MOSEI\segments\YRmjALBdTdE_003.mp4,data\preprocessed\features\z_at\YRmjALBdTdE_003.pt,data\preprocessed\features\z_v\YRmjALBdTdE_003.pt
YRmjALBdTdE_005,mosei_real,0,mosei_YRmjALBdTdE_005,,,-1,1,1,1,D:\Documents\Programming\Thesis_G10\data\raw\CMU-MOSEI\segments\YRmjALBdTdE_005.mp4,data\preprocessed\features\z_at\YRmjALBdTdE_005.pt,data\preprocessed\features\z_v\YRmjALBdTdE_005.pt
YRmjALBdTdE_006,mosei_real,0,mosei_YRmjALBdTdE_006,,,-1,1,1,1,D:\Documents\Programming\Thesis_G10\data\raw\CMU-MOSEI\segments\YRmjALBdTdE_006.mp4,data\preprocessed\features\z_at\YRmjALBdTdE_006.pt,data\preprocessed\features\z_v\YRmjALBdTdE_006.pt
YVHJpAROBvQ_002,mosei_real,0,mosei_YVHJpAROBvQ_002,,,-1,1,1,1,D:\Documents\Programming\Thesis_G10\data\raw\CMU-MOSEI\segments\YVHJpAROBvQ_002.mp4,data\preprocessed\features\z_at\YVHJpAROBvQ_002.pt,data\preprocessed\features\z_v\YVHJpAROBvQ_002.pt
YVHJpAROBvQ_003,mosei_real,0,mosei_YVHJpAROBvQ_003,,,-1,1,1,1,D:\Documents\Programming\Thesis_G10\data\raw\CMU-MOSEI\segments\YVHJpAROBvQ_003.mp4,data\preprocessed\features\z_at\YVHJpAROBvQ_003.pt,data\preprocessed\features\z_v\YVHJpAROBvQ_003.pt
YWjTWl0oNLk_000,mosei_real,0,mosei_YWjTWl0oNLk_000,,,-1,1,1,1,D:\Documents\Programming\Thesis_G10\data\raw\CMU-MOSEI\segments\YWjTWl0oNLk_000.mp4,data\preprocessed\features\z_at\YWjTWl0oNLk_000.pt,data\preprocessed\features\z_v\YWjTWl0oNLk_000.pt
YWjTWl0oNLk_001,mosei_real,0,mosei_YWjTWl0oNLk_001,,,-1,1,1,1,D:\Documents\Programming\Thesis_G10\data\raw\CMU-MOSEI\segments\YWjTWl0oNLk_001.mp4,data\preprocessed\features\z_at\YWjTWl0oNLk_001.pt,data\preprocessed\features\z_v\YWjTWl0oNLk_001.pt
YWjTWl0oNLk_002,mosei_real,0,mosei_YWjTWl0oNLk_002,,,-1,1,1,1,D:\Documents\Programming\Thesis_G10\data\raw\CMU-MOSEI\segments\YWjTWl0oNLk_002.mp4,data\preprocessed\features\z_at\YWjTWl0oNLk_002.pt,data\preprocessed\features\z_v\YWjTWl0oNLk_002.pt
YWjTWl0oNLk_004,mosei_real,0,mosei_YWjTWl0oNLk_004,,,-1,1,1,1,D:\Documents\Programming\Thesis_G10\data\raw\CMU-MOSEI\segments\YWjTWl0oNLk_004.mp4,data\preprocessed\features\z_at\YWjTWl0oNLk_004.pt,data\preprocessed\features\z_v\YWjTWl0oNLk_004.pt
YWjTWl0oNLk_005,mosei_real,0,mosei_YWjTWl0oNLk_005,,,-1,1,1,1,D:\Documents\Programming\Thesis_G10\data\raw\CMU-MOSEI\segments\YWjTWl0oNLk_005.mp4,data\preprocessed\features\z_at\YWjTWl0oNLk_005.pt,data\preprocessed\features\z_v\YWjTWl0oNLk_005.pt
YWjTWl0oNLk_007,mosei_real,0,mosei_YWjTWl0oNLk_007,,,-1,1,1,1,D:\Documents\Programming\Thesis_G10\data\raw\CMU-MOSEI\segments\YWjTWl0oNLk_007.mp4,data\preprocessed\features\z_at\YWjTWl0oNLk_007.pt,data\preprocessed\features\z_v\YWjTWl0oNLk_007.pt
YWjTWl0oNLk_008,mosei_real,0,mosei_YWjTWl0oNLk_008,,,-1,1,1,1,D:\Documents\Programming\Thesis_G10\data\raw\CMU-MOSEI\segments\YWjTWl0oNLk_008.mp4,data\preprocessed\features\z_at\YWjTWl0oNLk_008.pt,data\preprocessed\features\z_v\YWjTWl0oNLk_008.pt
YWjTWl0oNLk_009,mosei_real,0,mosei_YWjTWl0oNLk_009,,,-1,1,1,1,D:\Documents\Programming\Thesis_G10\data\raw\CMU-MOSEI\segments\YWjTWl0oNLk_009.mp4,data\preprocessed\features\z_at\YWjTWl0oNLk_009.pt,data\preprocessed\features\z_v\YWjTWl0oNLk_009.pt
YbuG8xyUO-o_000,mosei_real,0,mosei_YbuG8xyUO-o_000,,,-1,1,1,1,D:\Documents\Programming\Thesis_G10\data\raw\CMU-MOSEI\segments\YbuG8xyUO-o_000.mp4,data\preprocessed\features\z_at\YbuG8xyUO-o_000.pt,data\preprocessed\features\z_v\YbuG8xyUO-o_000.pt
YbuG8xyUO-o_001,mosei_real,0,mosei_YbuG8xyUO-o_001,,,-1,1,1,1,D:\Documents\Programming\Thesis_G10\data\raw\CMU-MOSEI\segments\YbuG8xyUO-o_001.mp4,data\preprocessed\features\z_at\YbuG8xyUO-o_001.pt,data\preprocessed\features\z_v\YbuG8xyUO-o_001.pt
YbuG8xyUO-o_002,mosei_real,0,mosei_YbuG8xyUO-o_002,,,-1,1,1,1,D:\Documents\Programming\Thesis_G10\data\raw\CMU-MOSEI\segments\YbuG8xyUO-o_002.mp4,data\preprocessed\features\z_at\YbuG8xyUO-o_002.pt,data\preprocessed\features\z_v\YbuG8xyUO-o_002.pt
YbuG8xyUO-o_003,mosei_real,0,mosei_YbuG8xyUO-o_003,,,-1,1,1,1,D:\Documents\Programming\Thesis_G10\data\raw\CMU-MOSEI\segments\YbuG8xyUO-o_003.mp4,data\preprocessed\features\z_at\YbuG8xyUO-o_003.pt,data\preprocessed\features\z_v\YbuG8xyUO-o_003.pt
Z4iYSMMMycQ_000,mosei_real,0,mosei_Z4iYSMMMycQ_000,,,-1,1,1,1,D:\Documents\Programming\Thesis_G10\data\raw\CMU-MOSEI\segments\Z4iYSMMMycQ_000.mp4,data\preprocessed\features\z_at\Z4iYSMMMycQ_000.pt,data\preprocessed\features\z_v\Z4iYSMMMycQ_000.pt
ZLCK8WX6qFQ_000,mosei_real,0,mosei_ZLCK8WX6qFQ_000,,,-1,1,1,1,D:\Documents\Programming\Thesis_G10\data\raw\CMU-MOSEI\segments\ZLCK8WX6qFQ_000.mp4,data\preprocessed\features\z_at\ZLCK8WX6qFQ_000.pt,data\preprocessed\features\z_v\ZLCK8WX6qFQ_000.pt
ZS1Nb0OWYNE_000,mosei_real,0,mosei_ZS1Nb0OWYNE_000,,,-1,1,1,1,D:\Documents\Programming\Thesis_G10\data\raw\CMU-MOSEI\segments\ZS1Nb0OWYNE_000.mp4,data\preprocessed\features\z_at\ZS1Nb0OWYNE_000.pt,data\preprocessed\features\z_v\ZS1Nb0OWYNE_000.pt
ZS1Nb0OWYNE_002,mosei_real,0,mosei_ZS1Nb0OWYNE_002,,,-1,1,1,1,D:\Documents\Programming\Thesis_G10\data\raw\CMU-MOSEI\segments\ZS1Nb0OWYNE_002.mp4,data\preprocessed\features\z_at\ZS1Nb0OWYNE_002.pt,data\preprocessed\features\z_v\ZS1Nb0OWYNE_002.pt
ZS1Nb0OWYNE_003,mosei_real,0,mosei_ZS1Nb0OWYNE_003,,,-1,1,1,1,D:\Documents\Programming\Thesis_G10\data\raw\CMU-MOSEI\segments\ZS1Nb0OWYNE_003.mp4,data\preprocessed\features\z_at\ZS1Nb0OWYNE_003.pt,data\preprocessed\features\z_v\ZS1Nb0OWYNE_003.pt
ZS1Nb0OWYNE_006,mosei_real,0,mosei_ZS1Nb0OWYNE_006,,,-1,1,1,1,D:\Documents\Programming\Thesis_G10\data\raw\CMU-MOSEI\segments\ZS1Nb0OWYNE_006.mp4,data\preprocessed\features\z_at\ZS1Nb0OWYNE_006.pt,data\preprocessed\features\z_v\ZS1Nb0OWYNE_006.pt
ZS1Nb0OWYNE_010,mosei_real,0,mosei_ZS1Nb0OWYNE_010,,,-1,1,1,1,D:\Documents\Programming\Thesis_G10\data\raw\CMU-MOSEI\segments\ZS1Nb0OWYNE_010.mp4,data\preprocessed\features\z_at\ZS1Nb0OWYNE_010.pt,data\preprocessed\features\z_v\ZS1Nb0OWYNE_010.pt
ZS1Nb0OWYNE_011,mosei_real,0,mosei_ZS1Nb0OWYNE_011,,,-1,1,1,1,D:\Documents\Programming\Thesis_G10\data\raw\CMU-MOSEI\segments\ZS1Nb0OWYNE_011.mp4,data\preprocessed\features\z_at\ZS1Nb0OWYNE_011.pt,data\preprocessed\features\z_v\ZS1Nb0OWYNE_011.pt
ZS1Nb0OWYNE_012,mosei_real,0,mosei_ZS1Nb0OWYNE_012,,,-1,1,1,1,D:\Documents\Programming\Thesis_G10\data\raw\CMU-MOSEI\segments\ZS1Nb0OWYNE_012.mp4,data\preprocessed\features\z_at\ZS1Nb0OWYNE_012.pt,data\preprocessed\features\z_v\ZS1Nb0OWYNE_012.pt
ZS1Nb0OWYNE_013,mosei_real,0,mosei_ZS1Nb0OWYNE_013,,,-1,1,1,1,D:\Documents\Programming\Thesis_G10\data\raw\CMU-MOSEI\segments\ZS1Nb0OWYNE_013.mp4,data\preprocessed\features\z_at\ZS1Nb0OWYNE_013.pt,data\preprocessed\features\z_v\ZS1Nb0OWYNE_013.pt
ZS1Nb0OWYNE_015,mosei_real,0,mosei_ZS1Nb0OWYNE_015,,,-1,1,1,1,D:\Documents\Programming\Thesis_G10\data\raw\CMU-MOSEI\segments\ZS1Nb0OWYNE_015.mp4,data\preprocessed\features\z_at\ZS1Nb0OWYNE_015.pt,data\preprocessed\features\z_v\ZS1Nb0OWYNE_015.pt
Zo8jCDGMWjw_000,mosei_real,0,mosei_Zo8jCDGMWjw_000,,,-1,1,1,1,D:\Documents\Programming\Thesis_G10\data\raw\CMU-MOSEI\segments\Zo8jCDGMWjw_000.mp4,data\preprocessed\features\z_at\Zo8jCDGMWjw_000.pt,data\preprocessed\features\z_v\Zo8jCDGMWjw_000.pt
Zs8x712Y-CM_003,mosei_real,0,mosei_Zs8x712Y-CM_003,,,-1,1,1,1,D:\Documents\Programming\Thesis_G10\data\raw\CMU-MOSEI\segments\Zs8x712Y-CM_003.mp4,data\preprocessed\features\z_at\Zs8x712Y-CM_003.pt,data\preprocessed\features\z_v\Zs8x712Y-CM_003.pt
Zs8x712Y-CM_005,mosei_real,0,mosei_Zs8x712Y-CM_005,,,-1,1,1,1,D:\Documents\Programming\Thesis_G10\data\raw\CMU-MOSEI\segments\Zs8x712Y-CM_005.mp4,data\preprocessed\features\z_at\Zs8x712Y-CM_005.pt,data\preprocessed\features\z_v\Zs8x712Y-CM_005.pt
Zs8x712Y-CM_006,mosei_real,0,mosei_Zs8x712Y-CM_006,,,-1,1,1,1,D:\Documents\Programming\Thesis_G10\data\raw\CMU-MOSEI\segments\Zs8x712Y-CM_006.mp4,data\preprocessed\features\z_at\Zs8x712Y-CM_006.pt,data\preprocessed\features\z_v\Zs8x712Y-CM_006.pt
Zs8x712Y-CM_007,mosei_real,0,mosei_Zs8x712Y-CM_007,,,-1,1,1,1,D:\Documents\Programming\Thesis_G10\data\raw\CMU-MOSEI\segments\Zs8x712Y-CM_007.mp4,data\preprocessed\features\z_at\Zs8x712Y-CM_007.pt,data\preprocessed\features\z_v\Zs8x712Y-CM_007.pt
Zs8x712Y-CM_008,mosei_real,0,mosei_Zs8x712Y-CM_008,,,-1,1,1,1,D:\Documents\Programming\Thesis_G10\data\raw\CMU-MOSEI\segments\Zs8x712Y-CM_008.mp4,data\preprocessed\features\z_at\Zs8x712Y-CM_008.pt,data\preprocessed\features\z_v\Zs8x712Y-CM_008.pt
Zs8x712Y-CM_009,mosei_real,0,mosei_Zs8x712Y-CM_009,,,-1,1,1,1,D:\Documents\Programming\Thesis_G10\data\raw\CMU-MOSEI\segments\Zs8x712Y-CM_009.mp4,data\preprocessed\features\z_at\Zs8x712Y-CM_009.pt,data\preprocessed\features\z_v\Zs8x712Y-CM_009.pt
Zs8x712Y-CM_010,mosei_real,0,mosei_Zs8x712Y-CM_010,,,-1,1,1,1,D:\Documents\Programming\Thesis_G10\data\raw\CMU-MOSEI\segments\Zs8x712Y-CM_010.mp4,data\preprocessed\features\z_at\Zs8x712Y-CM_010.pt,data\preprocessed\features\z_v\Zs8x712Y-CM_010.pt
Zs8x712Y-CM_011,mosei_real,0,mosei_Zs8x712Y-CM_011,,,-1,1,1,1,D:\Documents\Programming\Thesis_G10\data\raw\CMU-MOSEI\segments\Zs8x712Y-CM_011.mp4,data\preprocessed\features\z_at\Zs8x712Y-CM_011.pt,data\preprocessed\features\z_v\Zs8x712Y-CM_011.pt
_1nvuNk7EFY_001,mosei_real,0,mosei__1nvuNk7EFY_001,,,-1,1,1,1,D:\Documents\Programming\Thesis_G10\data\raw\CMU-MOSEI\segments\_1nvuNk7EFY_001.mp4,data\preprocessed\features\z_at\_1nvuNk7EFY_001.pt,data\preprocessed\features\z_v\_1nvuNk7EFY_001.pt
_1nvuNk7EFY_003,mosei_real,0,mosei__1nvuNk7EFY_003,,,-1,1,1,1,D:\Documents\Programming\Thesis_G10\data\raw\CMU-MOSEI\segments\_1nvuNk7EFY_003.mp4,data\preprocessed\features\z_at\_1nvuNk7EFY_003.pt,data\preprocessed\features\z_v\_1nvuNk7EFY_003.pt
_1nvuNk7EFY_005,mosei_real,0,mosei__1nvuNk7EFY_005,,,-1,1,1,1,D:\Documents\Programming\Thesis_G10\data\raw\CMU-MOSEI\segments\_1nvuNk7EFY_005.mp4,data\preprocessed\features\z_at\_1nvuNk7EFY_005.pt,data\preprocessed\features\z_v\_1nvuNk7EFY_005.pt
_1nvuNk7EFY_007,mosei_real,0,mosei__1nvuNk7EFY_007,,,-1,1,1,1,D:\Documents\Programming\Thesis_G10\data\raw\CMU-MOSEI\segments\_1nvuNk7EFY_007.mp4,data\preprocessed\features\z_at\_1nvuNk7EFY_007.pt,data\preprocessed\features\z_v\_1nvuNk7EFY_007.pt
_1nvuNk7EFY_010,mosei_real,0,mosei__1nvuNk7EFY_010,,,-1,1,1,1,D:\Documents\Programming\Thesis_G10\data\raw\CMU-MOSEI\segments\_1nvuNk7EFY_010.mp4,data\preprocessed\features\z_at\_1nvuNk7EFY_010.pt,data\preprocessed\features\z_v\_1nvuNk7EFY_010.pt
_1nvuNk7EFY_011,mosei_real,0,mosei__1nvuNk7EFY_011,,,-1,1,1,1,D:\Documents\Programming\Thesis_G10\data\raw\CMU-MOSEI\segments\_1nvuNk7EFY_011.mp4,data\preprocessed\features\z_at\_1nvuNk7EFY_011.pt,data\preprocessed\features\z_v\_1nvuNk7EFY_011.pt
_BMdEKNF5Js_000,mosei_real,0,mosei__BMdEKNF5Js_000,,,-1,1,1,1,D:\Documents\Programming\Thesis_G10\data\raw\CMU-MOSEI\segments\_BMdEKNF5Js_000.mp4,data\preprocessed\features\z_at\_BMdEKNF5Js_000.pt,data\preprocessed\features\z_v\_BMdEKNF5Js_000.pt
a7HHg_JygJo_002,mosei_real,0,mosei_a7HHg_JygJo_002,,,-1,1,1,1,D:\Documents\Programming\Thesis_G10\data\raw\CMU-MOSEI\segments\a7HHg_JygJo_002.mp4,data\preprocessed\features\z_at\a7HHg_JygJo_002.pt,data\preprocessed\features\z_v\a7HHg_JygJo_002.pt
a7HHg_JygJo_004,mosei_real,0,mosei_a7HHg_JygJo_004,,,-1,1,1,1,D:\Documents\Programming\Thesis_G10\data\raw\CMU-MOSEI\segments\a7HHg_JygJo_004.mp4,data\preprocessed\features\z_at\a7HHg_JygJo_004.pt,data\preprocessed\features\z_v\a7HHg_JygJo_004.pt
a7HHg_JygJo_006,mosei_real,0,mosei_a7HHg_JygJo_006,,,-1,1,1,1,D:\Documents\Programming\Thesis_G10\data\raw\CMU-MOSEI\segments\a7HHg_JygJo_006.mp4,data\preprocessed\features\z_at\a7HHg_JygJo_006.pt,data\preprocessed\features\z_v\a7HHg_JygJo_006.pt
a8UMRrUjavI_000,mosei_real,0,mosei_a8UMRrUjavI_000,,,-1,1,1,1,D:\Documents\Programming\Thesis_G10\data\raw\CMU-MOSEI\segments\a8UMRrUjavI_000.mp4,data\preprocessed\features\z_at\a8UMRrUjavI_000.pt,data\preprocessed\features\z_v\a8UMRrUjavI_000.pt
a8UMRrUjavI_001,mosei_real,0,mosei_a8UMRrUjavI_001,,,-1,1,1,1,D:\Documents\Programming\Thesis_G10\data\raw\CMU-MOSEI\segments\a8UMRrUjavI_001.mp4,data\preprocessed\features\z_at\a8UMRrUjavI_001.pt,data\preprocessed\features\z_v\a8UMRrUjavI_001.pt
a8UMRrUjavI_002,mosei_real,0,mosei_a8UMRrUjavI_002,,,-1,1,1,1,D:\Documents\Programming\Thesis_G10\data\raw\CMU-MOSEI\segments\a8UMRrUjavI_002.mp4,data\preprocessed\features\z_at\a8UMRrUjavI_002.pt,data\preprocessed\features\z_v\a8UMRrUjavI_002.pt
a8UMRrUjavI_003,mosei_real,0,mosei_a8UMRrUjavI_003,,,-1,1,1,1,D:\Documents\Programming\Thesis_G10\data\raw\CMU-MOSEI\segments\a8UMRrUjavI_003.mp4,data\preprocessed\features\z_at\a8UMRrUjavI_003.pt,data\preprocessed\features\z_v\a8UMRrUjavI_003.pt
a8UMRrUjavI_004,mosei_real,0,mosei_a8UMRrUjavI_004,,,-1,1,1,1,D:\Documents\Programming\Thesis_G10\data\raw\CMU-MOSEI\segments\a8UMRrUjavI_004.mp4,data\preprocessed\features\z_at\a8UMRrUjavI_004.pt,data\preprocessed\features\z_v\a8UMRrUjavI_004.pt
a8UMRrUjavI_005,mosei_real,0,mosei_a8UMRrUjavI_005,,,-1,1,1,1,D:\Documents\Programming\Thesis_G10\data\raw\CMU-MOSEI\segments\a8UMRrUjavI_005.mp4,data\preprocessed\features\z_at\a8UMRrUjavI_005.pt,data\preprocessed\features\z_v\a8UMRrUjavI_005.pt
a8WV5KEMKSw_004,mosei_real,0,mosei_a8WV5KEMKSw_004,,,-1,1,1,1,D:\Documents\Programming\Thesis_G10\data\raw\CMU-MOSEI\segments\a8WV5KEMKSw_004.mp4,data\preprocessed\features\z_at\a8WV5KEMKSw_004.pt,data\preprocessed\features\z_v\a8WV5KEMKSw_004.pt
aDvgbBqTWWE_000,mosei_real,0,mosei_aDvgbBqTWWE_000,,,-1,1,1,1,D:\Documents\Programming\Thesis_G10\data\raw\CMU-MOSEI\segments\aDvgbBqTWWE_000.mp4,data\preprocessed\features\z_at\aDvgbBqTWWE_000.pt,data\preprocessed\features\z_v\aDvgbBqTWWE_000.pt
aDvgbBqTWWE_001,mosei_real,0,mosei_aDvgbBqTWWE_001,,,-1,1,1,1,D:\Documents\Programming\Thesis_G10\data\raw\CMU-MOSEI\segments\aDvgbBqTWWE_001.mp4,data\preprocessed\features\z_at\aDvgbBqTWWE_001.pt,data\preprocessed\features\z_v\aDvgbBqTWWE_001.pt
aDvgbBqTWWE_002,mosei_real,0,mosei_aDvgbBqTWWE_002,,,-1,1,1,1,D:\Documents\Programming\Thesis_G10\data\raw\CMU-MOSEI\segments\aDvgbBqTWWE_002.mp4,data\preprocessed\features\z_at\aDvgbBqTWWE_002.pt,data\preprocessed\features\z_v\aDvgbBqTWWE_002.pt
aDvgbBqTWWE_003,mosei_real,0,mosei_aDvgbBqTWWE_003,,,-1,1,1,1,D:\Documents\Programming\Thesis_G10\data\raw\CMU-MOSEI\segments\aDvgbBqTWWE_003.mp4,data\preprocessed\features\z_at\aDvgbBqTWWE_003.pt,data\preprocessed\features\z_v\aDvgbBqTWWE_003.pt
aDvgbBqTWWE_004,mosei_real,0,mosei_aDvgbBqTWWE_004,,,-1,1,1,1,D:\Documents\Programming\Thesis_G10\data\raw\CMU-MOSEI\segments\aDvgbBqTWWE_004.mp4,data\preprocessed\features\z_at\aDvgbBqTWWE_004.pt,data\preprocessed\features\z_v\aDvgbBqTWWE_004.pt
aDvgbBqTWWE_005,mosei_real,0,mosei_aDvgbBqTWWE_005,,,-1,1,1,1,D:\Documents\Programming\Thesis_G10\data\raw\CMU-MOSEI\segments\aDvgbBqTWWE_005.mp4,data\preprocessed\features\z_at\aDvgbBqTWWE_005.pt,data\preprocessed\features\z_v\aDvgbBqTWWE_005.pt
aE7sckIAWuw_000,mosei_real,0,mosei_aE7sckIAWuw_000,,,-1,1,1,1,D:\Documents\Programming\Thesis_G10\data\raw\CMU-MOSEI\segments\aE7sckIAWuw_000.mp4,data\preprocessed\features\z_at\aE7sckIAWuw_000.pt,data\preprocessed\features\z_v\aE7sckIAWuw_000.pt
aE7sckIAWuw_001,mosei_real,0,mosei_aE7sckIAWuw_001,,,-1,1,1,1,D:\Documents\Programming\Thesis_G10\data\raw\CMU-MOSEI\segments\aE7sckIAWuw_001.mp4,data\preprocessed\features\z_at\aE7sckIAWuw_001.pt,data\preprocessed\features\z_v\aE7sckIAWuw_001.pt
aE7sckIAWuw_002,mosei_real,0,mosei_aE7sckIAWuw_002,,,-1,1,1,1,D:\Documents\Programming\Thesis_G10\data\raw\CMU-MOSEI\segments\aE7sckIAWuw_002.mp4,data\preprocessed\features\z_at\aE7sckIAWuw_002.pt,data\preprocessed\features\z_v\aE7sckIAWuw_002.pt
aE7sckIAWuw_003,mosei_real,0,mosei_aE7sckIAWuw_003,,,-1,1,1,1,D:\Documents\Programming\Thesis_G10\data\raw\CMU-MOSEI\segments\aE7sckIAWuw_003.mp4,data\preprocessed\features\z_at\aE7sckIAWuw_003.pt,data\preprocessed\features\z_v\aE7sckIAWuw_003.pt
aE7sckIAWuw_004,mosei_real,0,mosei_aE7sckIAWuw_004,,,-1,1,1,1,D:\Documents\Programming\Thesis_G10\data\raw\CMU-MOSEI\segments\aE7sckIAWuw_004.mp4,data\preprocessed\features\z_at\aE7sckIAWuw_004.pt,data\preprocessed\features\z_v\aE7sckIAWuw_004.pt
aEaM_LOI-BM_003,mosei_real,0,mosei_aEaM_LOI-BM_003,,,-1,1,1,1,D:\Documents\Programming\Thesis_G10\data\raw\CMU-MOSEI\segments\aEaM_LOI-BM_003.mp4,data\preprocessed\features\z_at\aEaM_LOI-BM_003.pt,data\preprocessed\features\z_v\aEaM_LOI-BM_003.pt
aFhT0px8AMw_000,mosei_real,0,mosei_aFhT0px8AMw_000,,,-1,1,1,1,D:\Documents\Programming\Thesis_G10\data\raw\CMU-MOSEI\segments\aFhT0px8AMw_000.mp4,data\preprocessed\features\z_at\aFhT0px8AMw_000.pt,data\preprocessed\features\z_v\aFhT0px8AMw_000.pt
aFhc2ddipoM_000,mosei_real,0,mosei_aFhc2ddipoM_000,,,-1,1,1,1,D:\Documents\Programming\Thesis_G10\data\raw\CMU-MOSEI\segments\aFhc2ddipoM_000.mp4,data\preprocessed\features\z_at\aFhc2ddipoM_000.pt,data\preprocessed\features\z_v\aFhc2ddipoM_000.pt
aFhc2ddipoM_004,mosei_real,0,mosei_aFhc2ddipoM_004,,,-1,1,1,1,D:\Documents\Programming\Thesis_G10\data\raw\CMU-MOSEI\segments\aFhc2ddipoM_004.mp4,data\preprocessed\features\z_at\aFhc2ddipoM_004.pt,data\preprocessed\features\z_v\aFhc2ddipoM_004.pt
aFhc2ddipoM_005,mosei_real,0,mosei_aFhc2ddipoM_005,,,-1,1,1,1,D:\Documents\Programming\Thesis_G10\data\raw\CMU-MOSEI\segments\aFhc2ddipoM_005.mp4,data\preprocessed\features\z_at\aFhc2ddipoM_005.pt,data\preprocessed\features\z_v\aFhc2ddipoM_005.pt
aFhc2ddipoM_006,mosei_real,0,mosei_aFhc2ddipoM_006,,,-1,1,1,1,D:\Documents\Programming\Thesis_G10\data\raw\CMU-MOSEI\segments\aFhc2ddipoM_006.mp4,data\preprocessed\features\z_at\aFhc2ddipoM_006.pt,data\preprocessed\features\z_v\aFhc2ddipoM_006.pt
aFjMWlR1QAY_000,mosei_real,0,mosei_aFjMWlR1QAY_000,,,-1,1,1,1,D:\Documents\Programming\Thesis_G10\data\raw\CMU-MOSEI\segments\aFjMWlR1QAY_000.mp4,data\preprocessed\features\z_at\aFjMWlR1QAY_000.pt,data\preprocessed\features\z_v\aFjMWlR1QAY_000.pt
aFjMWlR1QAY_001,mosei_real,0,mosei_aFjMWlR1QAY_001,,,-1,1,1,1,D:\Documents\Programming\Thesis_G10\data\raw\CMU-MOSEI\segments\aFjMWlR1QAY_001.mp4,data\preprocessed\features\z_at\aFjMWlR1QAY_001.pt,data\preprocessed\features\z_v\aFjMWlR1QAY_001.pt
aFjMWlR1QAY_002,mosei_real,0,mosei_aFjMWlR1QAY_002,,,-1,1,1,1,D:\Documents\Programming\Thesis_G10\data\raw\CMU-MOSEI\segments\aFjMWlR1QAY_002.mp4,data\preprocessed\features\z_at\aFjMWlR1QAY_002.pt,data\preprocessed\features\z_v\aFjMWlR1QAY_002.pt
aFjMWlR1QAY_003,mosei_real,0,mosei_aFjMWlR1QAY_003,,,-1,1,1,1,D:\Documents\Programming\Thesis_G10\data\raw\CMU-MOSEI\segments\aFjMWlR1QAY_003.mp4,data\preprocessed\features\z_at\aFjMWlR1QAY_003.pt,data\preprocessed\features\z_v\aFjMWlR1QAY_003.pt
aFjMWlR1QAY_004,mosei_real,0,mosei_aFjMWlR1QAY_004,,,-1,1,1,1,D:\Documents\Programming\Thesis_G10\data\raw\CMU-MOSEI\segments\aFjMWlR1QAY_004.mp4,data\preprocessed\features\z_at\aFjMWlR1QAY_004.pt,data\preprocessed\features\z_v\aFjMWlR1QAY_004.pt
aFjMWlR1QAY_005,mosei_real,0,mosei_aFjMWlR1QAY_005,,,-1,1,1,1,D:\Documents\Programming\Thesis_G10\data\raw\CMU-MOSEI\segments\aFjMWlR1QAY_005.mp4,data\preprocessed\features\z_at\aFjMWlR1QAY_005.pt,data\preprocessed\features\z_v\aFjMWlR1QAY_005.pt
aFjMWlR1QAY_006,mosei_real,0,mosei_aFjMWlR1QAY_006,,,-1,1,1,1,D:\Documents\Programming\Thesis_G10\data\raw\CMU-MOSEI\segments\aFjMWlR1QAY_006.mp4,data\preprocessed\features\z_at\aFjMWlR1QAY_006.pt,data\preprocessed\features\z_v\aFjMWlR1QAY_006.pt
aFjMWlR1QAY_008,mosei_real,0,mosei_aFjMWlR1QAY_008,,,-1,1,1,1,D:\Documents\Programming\Thesis_G10\data\raw\CMU-MOSEI\segments\aFjMWlR1QAY_008.mp4,data\preprocessed\features\z_at\aFjMWlR1QAY_008.pt,data\preprocessed\features\z_v\aFjMWlR1QAY_008.pt
aFjMWlR1QAY_010,mosei_real,0,mosei_aFjMWlR1QAY_010,,,-1,1,1,1,D:\Documents\Programming\Thesis_G10\data\raw\CMU-MOSEI\segments\aFjMWlR1QAY_010.mp4,data\preprocessed\features\z_at\aFjMWlR1QAY_010.pt,data\preprocessed\features\z_v\aFjMWlR1QAY_010.pt
aFjMWlR1QAY_012,mosei_real,0,mosei_aFjMWlR1QAY_012,,,-1,1,1,1,D:\Documents\Programming\Thesis_G10\data\raw\CMU-MOSEI\segments\aFjMWlR1QAY_012.mp4,data\preprocessed\features\z_at\aFjMWlR1QAY_012.pt,data\preprocessed\features\z_v\aFjMWlR1QAY_012.pt
aKPfbyW-Qxw_005,mosei_real,0,mosei_aKPfbyW-Qxw_005,,,-1,1,1,1,D:\Documents\Programming\Thesis_G10\data\raw\CMU-MOSEI\segments\aKPfbyW-Qxw_005.mp4,data\preprocessed\features\z_at\aKPfbyW-Qxw_005.pt,data\preprocessed\features\z_v\aKPfbyW-Qxw_005.pt
aKPfbyW-Qxw_008,mosei_real,0,mosei_aKPfbyW-Qxw_008,,,-1,1,1,1,D:\Documents\Programming\Thesis_G10\data\raw\CMU-MOSEI\segments\aKPfbyW-Qxw_008.mp4,data\preprocessed\features\z_at\aKPfbyW-Qxw_008.pt,data\preprocessed\features\z_v\aKPfbyW-Qxw_008.pt
aMtFBGh2wKI_002,mosei_real,0,mosei_aMtFBGh2wKI_002,,,-1,1,1,1,D:\Documents\Programming\Thesis_G10\data\raw\CMU-MOSEI\segments\aMtFBGh2wKI_002.mp4,data\preprocessed\features\z_at\aMtFBGh2wKI_002.pt,data\preprocessed\features\z_v\aMtFBGh2wKI_002.pt
aYdMtEO0cbI_001,mosei_real,0,mosei_aYdMtEO0cbI_001,,,-1,1,1,1,D:\Documents\Programming\Thesis_G10\data\raw\CMU-MOSEI\segments\aYdMtEO0cbI_001.mp4,data\preprocessed\features\z_at\aYdMtEO0cbI_001.pt,data\preprocessed\features\z_v\aYdMtEO0cbI_001.pt
aa2MEQ6FL7k_000,mosei_real,0,mosei_aa2MEQ6FL7k_000,,,-1,1,1,1,D:\Documents\Programming\Thesis_G10\data\raw\CMU-MOSEI\segments\aa2MEQ6FL7k_000.mp4,data\preprocessed\features\z_at\aa2MEQ6FL7k_000.pt,data\preprocessed\features\z_v\aa2MEQ6FL7k_000.pt
aa2MEQ6FL7k_002,mosei_real,0,mosei_aa2MEQ6FL7k_002,,,-1,1,1,1,D:\Documents\Programming\Thesis_G10\data\raw\CMU-MOSEI\segments\aa2MEQ6FL7k_002.mp4,data\preprocessed\features\z_at\aa2MEQ6FL7k_002.pt,data\preprocessed\features\z_v\aa2MEQ6FL7k_002.pt
aa2MEQ6FL7k_003,mosei_real,0,mosei_aa2MEQ6FL7k_003,,,-1,1,1,1,D:\Documents\Programming\Thesis_G10\data\raw\CMU-MOSEI\segments\aa2MEQ6FL7k_003.mp4,data\preprocessed\features\z_at\aa2MEQ6FL7k_003.pt,data\preprocessed\features\z_v\aa2MEQ6FL7k_003.pt
ahG9c_uaf8s_002,mosei_real,0,mosei_ahG9c_uaf8s_002,,,-1,1,1,1,D:\Documents\Programming\Thesis_G10\data\raw\CMU-MOSEI\segments\ahG9c_uaf8s_002.mp4,data\preprocessed\features\z_at\ahG9c_uaf8s_002.pt,data\preprocessed\features\z_v\ahG9c_uaf8s_002.pt
ahcAFnY6iAY_000,mosei_real,0,mosei_ahcAFnY6iAY_000,,,-1,1,1,1,D:\Documents\Programming\Thesis_G10\data\raw\CMU-MOSEI\segments\ahcAFnY6iAY_000.mp4,data\preprocessed\features\z_at\ahcAFnY6iAY_000.pt,data\preprocessed\features\z_v\ahcAFnY6iAY_000.pt
aiUq5xksJy0_000,mosei_real,0,mosei_aiUq5xksJy0_000,,,-1,1,1,1,D:\Documents\Programming\Thesis_G10\data\raw\CMU-MOSEI\segments\aiUq5xksJy0_000.mp4,data\preprocessed\features\z_at\aiUq5xksJy0_000.pt,data\preprocessed\features\z_v\aiUq5xksJy0_000.pt
aiUq5xksJy0_001,mosei_real,0,mosei_aiUq5xksJy0_001,,,-1,1,1,1,D:\Documents\Programming\Thesis_G10\data\raw\CMU-MOSEI\segments\aiUq5xksJy0_001.mp4,data\preprocessed\features\z_at\aiUq5xksJy0_001.pt,data\preprocessed\features\z_v\aiUq5xksJy0_001.pt
aiUq5xksJy0_002,mosei_real,0,mosei_aiUq5xksJy0_002,,,-1,1,1,1,D:\Documents\Programming\Thesis_G10\data\raw\CMU-MOSEI\segments\aiUq5xksJy0_002.mp4,data\preprocessed\features\z_at\aiUq5xksJy0_002.pt,data\preprocessed\features\z_v\aiUq5xksJy0_002.pt
aiUq5xksJy0_003,mosei_real,0,mosei_aiUq5xksJy0_003,,,-1,1,1,1,D:\Documents\Programming\Thesis_G10\data\raw\CMU-MOSEI\segments\aiUq5xksJy0_003.mp4,data\preprocessed\features\z_at\aiUq5xksJy0_003.pt,data\preprocessed\features\z_v\aiUq5xksJy0_003.pt
aiUq5xksJy0_004,mosei_real,0,mosei_aiUq5xksJy0_004,,,-1,1,1,1,D:\Documents\Programming\Thesis_G10\data\raw\CMU-MOSEI\segments\aiUq5xksJy0_004.mp4,data\preprocessed\features\z_at\aiUq5xksJy0_004.pt,data\preprocessed\features\z_v\aiUq5xksJy0_004.pt
aiUq5xksJy0_006,mosei_real,0,mosei_aiUq5xksJy0_006,,,-1,1,1,1,D:\Documents\Programming\Thesis_G10\data\raw\CMU-MOSEI\segments\aiUq5xksJy0_006.mp4,data\preprocessed\features\z_at\aiUq5xksJy0_006.pt,data\preprocessed\features\z_v\aiUq5xksJy0_006.pt
ap465Tlzf88_000,mosei_real,0,mosei_ap465Tlzf88_000,,,-1,1,1,1,D:\Documents\Programming\Thesis_G10\data\raw\CMU-MOSEI\segments\ap465Tlzf88_000.mp4,data\preprocessed\features\z_at\ap465Tlzf88_000.pt,data\preprocessed\features\z_v\ap465Tlzf88_000.pt
aqmRPNfeOy8_003,mosei_real,0,mosei_aqmRPNfeOy8_003,,,-1,1,1,1,D:\Documents\Programming\Thesis_G10\data\raw\CMU-MOSEI\segments\aqmRPNfeOy8_003.mp4,data\preprocessed\features\z_at\aqmRPNfeOy8_003.pt,data\preprocessed\features\z_v\aqmRPNfeOy8_003.pt
asWraTfIqq0_001,mosei_real,0,mosei_asWraTfIqq0_001,,,-1,1,1,1,D:\Documents\Programming\Thesis_G10\data\raw\CMU-MOSEI\segments\asWraTfIqq0_001.mp4,data\preprocessed\features\z_at\asWraTfIqq0_001.pt,data\preprocessed\features\z_v\asWraTfIqq0_001.pt
asWraTfIqq0_003,mosei_real,0,mosei_asWraTfIqq0_003,,,-1,1,1,1,D:\Documents\Programming\Thesis_G10\data\raw\CMU-MOSEI\segments\asWraTfIqq0_003.mp4,data\preprocessed\features\z_at\asWraTfIqq0_003.pt,data\preprocessed\features\z_v\asWraTfIqq0_003.pt
asWraTfIqq0_004,mosei_real,0,mosei_asWraTfIqq0_004,,,-1,1,1,1,D:\Documents\Programming\Thesis_G10\data\raw\CMU-MOSEI\segments\asWraTfIqq0_004.mp4,data\preprocessed\features\z_at\asWraTfIqq0_004.pt,data\preprocessed\features\z_v\asWraTfIqq0_004.pt
asWraTfIqq0_005,mosei_real,0,mosei_asWraTfIqq0_005,,,-1,1,1,1,D:\Documents\Programming\Thesis_G10\data\raw\CMU-MOSEI\segments\asWraTfIqq0_005.mp4,data\preprocessed\features\z_at\asWraTfIqq0_005.pt,data\preprocessed\features\z_v\asWraTfIqq0_005.pt
asWraTfIqq0_009,mosei_real,0,mosei_asWraTfIqq0_009,,,-1,1,1,1,D:\Documents\Programming\Thesis_G10\data\raw\CMU-MOSEI\segments\asWraTfIqq0_009.mp4,data\preprocessed\features\z_at\asWraTfIqq0_009.pt,data\preprocessed\features\z_v\asWraTfIqq0_009.pt
atxoi7pB5TM_001,mosei_real,0,mosei_atxoi7pB5TM_001,,,-1,1,1,1,D:\Documents\Programming\Thesis_G10\data\raw\CMU-MOSEI\segments\atxoi7pB5TM_001.mp4,data\preprocessed\features\z_at\atxoi7pB5TM_001.pt,data\preprocessed\features\z_v\atxoi7pB5TM_001.pt
atxoi7pB5TM_002,mosei_real,0,mosei_atxoi7pB5TM_002,,,-1,1,1,1,D:\Documents\Programming\Thesis_G10\data\raw\CMU-MOSEI\segments\atxoi7pB5TM_002.mp4,data\preprocessed\features\z_at\atxoi7pB5TM_002.pt,data\preprocessed\features\z_v\atxoi7pB5TM_002.pt
auTpzciNgls_000,mosei_real,0,mosei_auTpzciNgls_000,,,-1,1,1,1,D:\Documents\Programming\Thesis_G10\data\raw\CMU-MOSEI\segments\auTpzciNgls_000.mp4,data\preprocessed\features\z_at\auTpzciNgls_000.pt,data\preprocessed\features\z_v\auTpzciNgls_000.pt
auTpzciNgls_001,mosei_real,0,mosei_auTpzciNgls_001,,,-1,1,1,1,D:\Documents\Programming\Thesis_G10\data\raw\CMU-MOSEI\segments\auTpzciNgls_001.mp4,data\preprocessed\features\z_at\auTpzciNgls_001.pt,data\preprocessed\features\z_v\auTpzciNgls_001.pt
b-FX9NOVQOM_000,mosei_real,0,mosei_b-FX9NOVQOM_000,,,-1,1,1,1,D:\Documents\Programming\Thesis_G10\data\raw\CMU-MOSEI\segments\b-FX9NOVQOM_000.mp4,data\preprocessed\features\z_at\b-FX9NOVQOM_000.pt,data\preprocessed\features\z_v\b-FX9NOVQOM_000.pt
b-FX9NOVQOM_002,mosei_real,0,mosei_b-FX9NOVQOM_002,,,-1,1,1,1,D:\Documents\Programming\Thesis_G10\data\raw\CMU-MOSEI\segments\b-FX9NOVQOM_002.mp4,data\preprocessed\features\z_at\b-FX9NOVQOM_002.pt,data\preprocessed\features\z_v\b-FX9NOVQOM_002.pt
b-FX9NOVQOM_003,mosei_real,0,mosei_b-FX9NOVQOM_003,,,-1,1,1,1,D:\Documents\Programming\Thesis_G10\data\raw\CMU-MOSEI\segments\b-FX9NOVQOM_003.mp4,data\preprocessed\features\z_at\b-FX9NOVQOM_003.pt,data\preprocessed\features\z_v\b-FX9NOVQOM_003.pt
b8xmgi4VV0M_005,mosei_real,0,mosei_b8xmgi4VV0M_005,,,-1,1,1,1,D:\Documents\Programming\Thesis_G10\data\raw\CMU-MOSEI\segments\b8xmgi4VV0M_005.mp4,data\preprocessed\features\z_at\b8xmgi4VV0M_005.pt,data\preprocessed\features\z_v\b8xmgi4VV0M_005.pt
b8xmgi4VV0M_008,mosei_real,0,mosei_b8xmgi4VV0M_008,,,-1,1,1,1,D:\Documents\Programming\Thesis_G10\data\raw\CMU-MOSEI\segments\b8xmgi4VV0M_008.mp4,data\preprocessed\features\z_at\b8xmgi4VV0M_008.pt,data\preprocessed\features\z_v\b8xmgi4VV0M_008.pt
bD0FqMn1KXw_002,mosei_real,0,mosei_bD0FqMn1KXw_002,,,-1,1,1,1,D:\Documents\Programming\Thesis_G10\data\raw\CMU-MOSEI\segments\bD0FqMn1KXw_002.mp4,data\preprocessed\features\z_at\bD0FqMn1KXw_002.pt,data\preprocessed\features\z_v\bD0FqMn1KXw_002.pt
bD0FqMn1KXw_004,mosei_real,0,mosei_bD0FqMn1KXw_004,,,-1,1,1,1,D:\Documents\Programming\Thesis_G10\data\raw\CMU-MOSEI\segments\bD0FqMn1KXw_004.mp4,data\preprocessed\features\z_at\bD0FqMn1KXw_004.pt,data\preprocessed\features\z_v\bD0FqMn1KXw_004.pt
bD0FqMn1KXw_006,mosei_real,0,mosei_bD0FqMn1KXw_006,,,-1,1,1,1,D:\Documents\Programming\Thesis_G10\data\raw\CMU-MOSEI\segments\bD0FqMn1KXw_006.mp4,data\preprocessed\features\z_at\bD0FqMn1KXw_006.pt,data\preprocessed\features\z_v\bD0FqMn1KXw_006.pt
bEXCrGIOoWU_001,mosei_real,0,mosei_bEXCrGIOoWU_001,,,-1,1,1,1,D:\Documents\Programming\Thesis_G10\data\raw\CMU-MOSEI\segments\bEXCrGIOoWU_001.mp4,data\preprocessed\features\z_at\bEXCrGIOoWU_001.pt,data\preprocessed\features\z_v\bEXCrGIOoWU_001.pt
bJI7-LnKPH4_000,mosei_real,0,mosei_bJI7-LnKPH4_000,,,-1,1,1,1,D:\Documents\Programming\Thesis_G10\data\raw\CMU-MOSEI\segments\bJI7-LnKPH4_000.mp4,data\preprocessed\features\z_at\bJI7-LnKPH4_000.pt,data\preprocessed\features\z_v\bJI7-LnKPH4_000.pt
bJI7-LnKPH4_001,mosei_real,0,mosei_bJI7-LnKPH4_001,,,-1,1,1,1,D:\Documents\Programming\Thesis_G10\data\raw\CMU-MOSEI\segments\bJI7-LnKPH4_001.mp4,data\preprocessed\features\z_at\bJI7-LnKPH4_001.pt,data\preprocessed\features\z_v\bJI7-LnKPH4_001.pt
bJI7-LnKPH4_002,mosei_real,0,mosei_bJI7-LnKPH4_002,,,-1,1,1,1,D:\Documents\Programming\Thesis_G10\data\raw\CMU-MOSEI\segments\bJI7-LnKPH4_002.mp4,data\preprocessed\features\z_at\bJI7-LnKPH4_002.pt,data\preprocessed\features\z_v\bJI7-LnKPH4_002.pt
bJI7-LnKPH4_004,mosei_real,0,mosei_bJI7-LnKPH4_004,,,-1,1,1,1,D:\Documents\Programming\Thesis_G10\data\raw\CMU-MOSEI\segments\bJI7-LnKPH4_004.mp4,data\preprocessed\features\z_at\bJI7-LnKPH4_004.pt,data\preprocessed\features\z_v\bJI7-LnKPH4_004.pt
bJI7-LnKPH4_005,mosei_real,0,mosei_bJI7-LnKPH4_005,,,-1,1,1,1,D:\Documents\Programming\Thesis_G10\data\raw\CMU-MOSEI\segments\bJI7-LnKPH4_005.mp4,data\preprocessed\features\z_at\bJI7-LnKPH4_005.pt,data\preprocessed\features\z_v\bJI7-LnKPH4_005.pt
bNQOeiAotbk_000,mosei_real,0,mosei_bNQOeiAotbk_000,,,-1,1,1,1,D:\Documents\Programming\Thesis_G10\data\raw\CMU-MOSEI\segments\bNQOeiAotbk_000.mp4,data\preprocessed\features\z_at\bNQOeiAotbk_000.pt,data\preprocessed\features\z_v\bNQOeiAotbk_000.pt
bNQOeiAotbk_001,mosei_real,0,mosei_bNQOeiAotbk_001,,,-1,1,1,1,D:\Documents\Programming\Thesis_G10\data\raw\CMU-MOSEI\segments\bNQOeiAotbk_001.mp4,data\preprocessed\features\z_at\bNQOeiAotbk_001.pt,data\preprocessed\features\z_v\bNQOeiAotbk_001.pt
bNQOeiAotbk_002,mosei_real,0,mosei_bNQOeiAotbk_002,,,-1,1,1,1,D:\Documents\Programming\Thesis_G10\data\raw\CMU-MOSEI\segments\bNQOeiAotbk_002.mp4,data\preprocessed\features\z_at\bNQOeiAotbk_002.pt,data\preprocessed\features\z_v\bNQOeiAotbk_002.pt
bNQOeiAotbk_008,mosei_real,0,mosei_bNQOeiAotbk_008,,,-1,1,1,1,D:\Documents\Programming\Thesis_G10\data\raw\CMU-MOSEI\segments\bNQOeiAotbk_008.mp4,data\preprocessed\features\z_at\bNQOeiAotbk_008.pt,data\preprocessed\features\z_v\bNQOeiAotbk_008.pt
bNQOeiAotbk_009,mosei_real,0,mosei_bNQOeiAotbk_009,,,-1,1,1,1,D:\Documents\Programming\Thesis_G10\data\raw\CMU-MOSEI\segments\bNQOeiAotbk_009.mp4,data\preprocessed\features\z_at\bNQOeiAotbk_009.pt,data\preprocessed\features\z_v\bNQOeiAotbk_009.pt
bNQOeiAotbk_010,mosei_real,0,mosei_bNQOeiAotbk_010,,,-1,1,1,1,D:\Documents\Programming\Thesis_G10\data\raw\CMU-MOSEI\segments\bNQOeiAotbk_010.mp4,data\preprocessed\features\z_at\bNQOeiAotbk_010.pt,data\preprocessed\features\z_v\bNQOeiAotbk_010.pt
bU6CgE_kMRY_003,mosei_real,0,mosei_bU6CgE_kMRY_003,,,-1,1,1,1,D:\Documents\Programming\Thesis_G10\data\raw\CMU-MOSEI\segments\bU6CgE_kMRY_003.mp4,data\preprocessed\features\z_at\bU6CgE_kMRY_003.pt,data\preprocessed\features\z_v\bU6CgE_kMRY_003.pt
bUFAN2TgPaU_001,mosei_real,0,mosei_bUFAN2TgPaU_001,,,-1,1,1,1,D:\Documents\Programming\Thesis_G10\data\raw\CMU-MOSEI\segments\bUFAN2TgPaU_001.mp4,data\preprocessed\features\z_at\bUFAN2TgPaU_001.pt,data\preprocessed\features\z_v\bUFAN2TgPaU_001.pt
bUFAN2TgPaU_002,mosei_real,0,mosei_bUFAN2TgPaU_002,,,-1,1,1,1,D:\Documents\Programming\Thesis_G10\data\raw\CMU-MOSEI\segments\bUFAN2TgPaU_002.mp4,data\preprocessed\features\z_at\bUFAN2TgPaU_002.pt,data\preprocessed\features\z_v\bUFAN2TgPaU_002.pt
bUFAN2TgPaU_004,mosei_real,0,mosei_bUFAN2TgPaU_004,,,-1,1,1,1,D:\Documents\Programming\Thesis_G10\data\raw\CMU-MOSEI\segments\bUFAN2TgPaU_004.mp4,data\preprocessed\features\z_at\bUFAN2TgPaU_004.pt,data\preprocessed\features\z_v\bUFAN2TgPaU_004.pt
bUFAN2TgPaU_005,mosei_real,0,mosei_bUFAN2TgPaU_005,,,-1,1,1,1,D:\Documents\Programming\Thesis_G10\data\raw\CMU-MOSEI\segments\bUFAN2TgPaU_005.mp4,data\preprocessed\features\z_at\bUFAN2TgPaU_005.pt,data\preprocessed\features\z_v\bUFAN2TgPaU_005.pt
bUFAN2TgPaU_006,mosei_real,0,mosei_bUFAN2TgPaU_006,,,-1,1,1,1,D:\Documents\Programming\Thesis_G10\data\raw\CMU-MOSEI\segments\bUFAN2TgPaU_006.mp4,data\preprocessed\features\z_at\bUFAN2TgPaU_006.pt,data\preprocessed\features\z_v\bUFAN2TgPaU_006.pt
bUFAN2TgPaU_007,mosei_real,0,mosei_bUFAN2TgPaU_007,,,-1,1,1,1,D:\Documents\Programming\Thesis_G10\data\raw\CMU-MOSEI\segments\bUFAN2TgPaU_007.mp4,data\preprocessed\features\z_at\bUFAN2TgPaU_007.pt,data\preprocessed\features\z_v\bUFAN2TgPaU_007.pt
bUFAN2TgPaU_008,mosei_real,0,mosei_bUFAN2TgPaU_008,,,-1,1,1,1,D:\Documents\Programming\Thesis_G10\data\raw\CMU-MOSEI\segments\bUFAN2TgPaU_008.mp4,data\preprocessed\features\z_at\bUFAN2TgPaU_008.pt,data\preprocessed\features\z_v\bUFAN2TgPaU_008.pt
bVhWpCvpSs4_002,mosei_real,0,mosei_bVhWpCvpSs4_002,,,-1,1,1,1,D:\Documents\Programming\Thesis_G10\data\raw\CMU-MOSEI\segments\bVhWpCvpSs4_002.mp4,data\preprocessed\features\z_at\bVhWpCvpSs4_002.pt,data\preprocessed\features\z_v\bVhWpCvpSs4_002.pt
bVhWpCvpSs4_003,mosei_real,0,mosei_bVhWpCvpSs4_003,,,-1,1,1,1,D:\Documents\Programming\Thesis_G10\data\raw\CMU-MOSEI\segments\bVhWpCvpSs4_003.mp4,data\preprocessed\features\z_at\bVhWpCvpSs4_003.pt,data\preprocessed\features\z_v\bVhWpCvpSs4_003.pt
bWmrrWQOVCM_002,mosei_real,0,mosei_bWmrrWQOVCM_002,,,-1,1,1,1,D:\Documents\Programming\Thesis_G10\data\raw\CMU-MOSEI\segments\bWmrrWQOVCM_002.mp4,data\preprocessed\features\z_at\bWmrrWQOVCM_002.pt,data\preprocessed\features\z_v\bWmrrWQOVCM_002.pt
bYt4wybVLRQ_000,mosei_real,0,mosei_bYt4wybVLRQ_000,,,-1,1,1,1,D:\Documents\Programming\Thesis_G10\data\raw\CMU-MOSEI\segments\bYt4wybVLRQ_000.mp4,data\preprocessed\features\z_at\bYt4wybVLRQ_000.pt,data\preprocessed\features\z_v\bYt4wybVLRQ_000.pt
bYt4wybVLRQ_001,mosei_real,0,mosei_bYt4wybVLRQ_001,,,-1,1,1,1,D:\Documents\Programming\Thesis_G10\data\raw\CMU-MOSEI\segments\bYt4wybVLRQ_001.mp4,data\preprocessed\features\z_at\bYt4wybVLRQ_001.pt,data\preprocessed\features\z_v\bYt4wybVLRQ_001.pt
bYt4wybVLRQ_002,mosei_real,0,mosei_bYt4wybVLRQ_002,,,-1,1,1,1,D:\Documents\Programming\Thesis_G10\data\raw\CMU-MOSEI\segments\bYt4wybVLRQ_002.mp4,data\preprocessed\features\z_at\bYt4wybVLRQ_002.pt,data\preprocessed\features\z_v\bYt4wybVLRQ_002.pt
bZ2ytqPtyK4_000,mosei_real,0,mosei_bZ2ytqPtyK4_000,,,-1,1,1,1,D:\Documents\Programming\Thesis_G10\data\raw\CMU-MOSEI\segments\bZ2ytqPtyK4_000.mp4,data\preprocessed\features\z_at\bZ2ytqPtyK4_000.pt,data\preprocessed\features\z_v\bZ2ytqPtyK4_000.pt
babuyKl7EAw_000,mosei_real,0,mosei_babuyKl7EAw_000,,,-1,1,1,1,D:\Documents\Programming\Thesis_G10\data\raw\CMU-MOSEI\segments\babuyKl7EAw_000.mp4,data\preprocessed\features\z_at\babuyKl7EAw_000.pt,data\preprocessed\features\z_v\babuyKl7EAw_000.pt
babuyKl7EAw_001,mosei_real,0,mosei_babuyKl7EAw_001,,,-1,1,1,1,D:\Documents\Programming\Thesis_G10\data\raw\CMU-MOSEI\segments\babuyKl7EAw_001.mp4,data\preprocessed\features\z_at\babuyKl7EAw_001.pt,data\preprocessed\features\z_v\babuyKl7EAw_001.pt
babuyKl7EAw_004,mosei_real,0,mosei_babuyKl7EAw_004,,,-1,1,1,1,D:\Documents\Programming\Thesis_G10\data\raw\CMU-MOSEI\segments\babuyKl7EAw_004.mp4,data\preprocessed\features\z_at\babuyKl7EAw_004.pt,data\preprocessed\features\z_v\babuyKl7EAw_004.pt
babuyKl7EAw_005,mosei_real,0,mosei_babuyKl7EAw_005,,,-1,1,1,1,D:\Documents\Programming\Thesis_G10\data\raw\CMU-MOSEI\segments\babuyKl7EAw_005.mp4,data\preprocessed\features\z_at\babuyKl7EAw_005.pt,data\preprocessed\features\z_v\babuyKl7EAw_005.pt
babuyKl7EAw_006,mosei_real,0,mosei_babuyKl7EAw_006,,,-1,1,1,1,D:\Documents\Programming\Thesis_G10\data\raw\CMU-MOSEI\segments\babuyKl7EAw_006.mp4,data\preprocessed\features\z_at\babuyKl7EAw_006.pt,data\preprocessed\features\z_v\babuyKl7EAw_006.pt
babuyKl7EAw_008,mosei_real,0,mosei_babuyKl7EAw_008,,,-1,1,1,1,D:\Documents\Programming\Thesis_G10\data\raw\CMU-MOSEI\segments\babuyKl7EAw_008.mp4,data\preprocessed\features\z_at\babuyKl7EAw_008.pt,data\preprocessed\features\z_v\babuyKl7EAw_008.pt
babuyKl7EAw_011,mosei_real,0,mosei_babuyKl7EAw_011,,,-1,1,1,1,D:\Documents\Programming\Thesis_G10\data\raw\CMU-MOSEI\segments\babuyKl7EAw_011.mp4,data\preprocessed\features\z_at\babuyKl7EAw_011.pt,data\preprocessed\features\z_v\babuyKl7EAw_011.pt
badtXoOJaf8_000,mosei_real,0,mosei_badtXoOJaf8_000,,,-1,1,1,1,D:\Documents\Programming\Thesis_G10\data\raw\CMU-MOSEI\segments\badtXoOJaf8_000.mp4,data\preprocessed\features\z_at\badtXoOJaf8_000.pt,data\preprocessed\features\z_v\badtXoOJaf8_000.pt
badtXoOJaf8_001,mosei_real,0,mosei_badtXoOJaf8_001,,,-1,1,1,1,D:\Documents\Programming\Thesis_G10\data\raw\CMU-MOSEI\segments\badtXoOJaf8_001.mp4,data\preprocessed\features\z_at\badtXoOJaf8_001.pt,data\preprocessed\features\z_v\badtXoOJaf8_001.pt
badtXoOJaf8_002,mosei_real,0,mosei_badtXoOJaf8_002,,,-1,1,1,1,D:\Documents\Programming\Thesis_G10\data\raw\CMU-MOSEI\segments\badtXoOJaf8_002.mp4,data\preprocessed\features\z_at\badtXoOJaf8_002.pt,data\preprocessed\features\z_v\badtXoOJaf8_002.pt
badtXoOJaf8_004,mosei_real,0,mosei_badtXoOJaf8_004,,,-1,1,1,1,D:\Documents\Programming\Thesis_G10\data\raw\CMU-MOSEI\segments\badtXoOJaf8_004.mp4,data\preprocessed\features\z_at\badtXoOJaf8_004.pt,data\preprocessed\features\z_v\badtXoOJaf8_004.pt
bcns0Gu66D8_000,mosei_real,0,mosei_bcns0Gu66D8_000,,,-1,1,1,1,D:\Documents\Programming\Thesis_G10\data\raw\CMU-MOSEI\segments\bcns0Gu66D8_000.mp4,data\preprocessed\features\z_at\bcns0Gu66D8_000.pt,data\preprocessed\features\z_v\bcns0Gu66D8_000.pt
bcns0Gu66D8_001,mosei_real,0,mosei_bcns0Gu66D8_001,,,-1,1,1,1,D:\Documents\Programming\Thesis_G10\data\raw\CMU-MOSEI\segments\bcns0Gu66D8_001.mp4,data\preprocessed\features\z_at\bcns0Gu66D8_001.pt,data\preprocessed\features\z_v\bcns0Gu66D8_001.pt
bcns0Gu66D8_002,mosei_real,0,mosei_bcns0Gu66D8_002,,,-1,1,1,1,D:\Documents\Programming\Thesis_G10\data\raw\CMU-MOSEI\segments\bcns0Gu66D8_002.mp4,data\preprocessed\features\z_at\bcns0Gu66D8_002.pt,data\preprocessed\features\z_v\bcns0Gu66D8_002.pt
bdFCD-3BCRg_000,mosei_real,0,mosei_bdFCD-3BCRg_000,,,-1,1,1,1,D:\Documents\Programming\Thesis_G10\data\raw\CMU-MOSEI\segments\bdFCD-3BCRg_000.mp4,data\preprocessed\features\z_at\bdFCD-3BCRg_000.pt,data\preprocessed\features\z_v\bdFCD-3BCRg_000.pt
bdFCD-3BCRg_004,mosei_real,0,mosei_bdFCD-3BCRg_004,,,-1,1,1,1,D:\Documents\Programming\Thesis_G10\data\raw\CMU-MOSEI\segments\bdFCD-3BCRg_004.mp4,data\preprocessed\features\z_at\bdFCD-3BCRg_004.pt,data\preprocessed\features\z_v\bdFCD-3BCRg_004.pt
bdFCD-3BCRg_005,mosei_real,0,mosei_bdFCD-3BCRg_005,,,-1,1,1,1,D:\Documents\Programming\Thesis_G10\data\raw\CMU-MOSEI\segments\bdFCD-3BCRg_005.mp4,data\preprocessed\features\z_at\bdFCD-3BCRg_005.pt,data\preprocessed\features\z_v\bdFCD-3BCRg_005.pt
bdFCD-3BCRg_006,mosei_real,0,mosei_bdFCD-3BCRg_006,,,-1,1,1,1,D:\Documents\Programming\Thesis_G10\data\raw\CMU-MOSEI\segments\bdFCD-3BCRg_006.mp4,data\preprocessed\features\z_at\bdFCD-3BCRg_006.pt,data\preprocessed\features\z_v\bdFCD-3BCRg_006.pt
bdFCD-3BCRg_008,mosei_real,0,mosei_bdFCD-3BCRg_008,,,-1,1,1,1,D:\Documents\Programming\Thesis_G10\data\raw\CMU-MOSEI\segments\bdFCD-3BCRg_008.mp4,data\preprocessed\features\z_at\bdFCD-3BCRg_008.pt,data\preprocessed\features\z_v\bdFCD-3BCRg_008.pt
bdFCD-3BCRg_010,mosei_real,0,mosei_bdFCD-3BCRg_010,,,-1,1,1,1,D:\Documents\Programming\Thesis_G10\data\raw\CMU-MOSEI\segments\bdFCD-3BCRg_010.mp4,data\preprocessed\features\z_at\bdFCD-3BCRg_010.pt,data\preprocessed\features\z_v\bdFCD-3BCRg_010.pt
bdFCD-3BCRg_011,mosei_real,0,mosei_bdFCD-3BCRg_011,,,-1,1,1,1,D:\Documents\Programming\Thesis_G10\data\raw\CMU-MOSEI\segments\bdFCD-3BCRg_011.mp4,data\preprocessed\features\z_at\bdFCD-3BCRg_011.pt,data\preprocessed\features\z_v\bdFCD-3BCRg_011.pt
bdFCD-3BCRg_013,mosei_real,0,mosei_bdFCD-3BCRg_013,,,-1,1,1,1,D:\Documents\Programming\Thesis_G10\data\raw\CMU-MOSEI\segments\bdFCD-3BCRg_013.mp4,data\preprocessed\features\z_at\bdFCD-3BCRg_013.pt,data\preprocessed\features\z_v\bdFCD-3BCRg_013.pt
bdFCD-3BCRg_014,mosei_real,0,mosei_bdFCD-3BCRg_014,,,-1,1,1,1,D:\Documents\Programming\Thesis_G10\data\raw\CMU-MOSEI\segments\bdFCD-3BCRg_014.mp4,data\preprocessed\features\z_at\bdFCD-3BCRg_014.pt,data\preprocessed\features\z_v\bdFCD-3BCRg_014.pt
bdFCD-3BCRg_015,mosei_real,0,mosei_bdFCD-3BCRg_015,,,-1,1,1,1,D:\Documents\Programming\Thesis_G10\data\raw\CMU-MOSEI\segments\bdFCD-3BCRg_015.mp4,data\preprocessed\features\z_at\bdFCD-3BCRg_015.pt,data\preprocessed\features\z_v\bdFCD-3BCRg_015.pt
bdFCD-3BCRg_018,mosei_real,0,mosei_bdFCD-3BCRg_018,,,-1,1,1,1,D:\Documents\Programming\Thesis_G10\data\raw\CMU-MOSEI\segments\bdFCD-3BCRg_018.mp4,data\preprocessed\features\z_at\bdFCD-3BCRg_018.pt,data\preprocessed\features\z_v\bdFCD-3BCRg_018.pt
bdFCD-3BCRg_019,mosei_real,0,mosei_bdFCD-3BCRg_019,,,-1,1,1,1,D:\Documents\Programming\Thesis_G10\data\raw\CMU-MOSEI\segments\bdFCD-3BCRg_019.mp4,data\preprocessed\features\z_at\bdFCD-3BCRg_019.pt,data\preprocessed\features\z_v\bdFCD-3BCRg_019.pt
bdFCD-3BCRg_020,mosei_real,0,mosei_bdFCD-3BCRg_020,,,-1,1,1,1,D:\Documents\Programming\Thesis_G10\data\raw\CMU-MOSEI\segments\bdFCD-3BCRg_020.mp4,data\preprocessed\features\z_at\bdFCD-3BCRg_020.pt,data\preprocessed\features\z_v\bdFCD-3BCRg_020.pt
bdFCD-3BCRg_021,mosei_real,0,mosei_bdFCD-3BCRg_021,,,-1,1,1,1,D:\Documents\Programming\Thesis_G10\data\raw\CMU-MOSEI\segments\bdFCD-3BCRg_021.mp4,data\preprocessed\features\z_at\bdFCD-3BCRg_021.pt,data\preprocessed\features\z_v\bdFCD-3BCRg_021.pt
bdFCD-3BCRg_022,mosei_real,0,mosei_bdFCD-3BCRg_022,,,-1,1,1,1,D:\Documents\Programming\Thesis_G10\data\raw\CMU-MOSEI\segments\bdFCD-3BCRg_022.mp4,data\preprocessed\features\z_at\bdFCD-3BCRg_022.pt,data\preprocessed\features\z_v\bdFCD-3BCRg_022.pt
bdFCD-3BCRg_023,mosei_real,0,mosei_bdFCD-3BCRg_023,,,-1,1,1,1,D:\Documents\Programming\Thesis_G10\data\raw\CMU-MOSEI\segments\bdFCD-3BCRg_023.mp4,data\preprocessed\features\z_at\bdFCD-3BCRg_023.pt,data\preprocessed\features\z_v\bdFCD-3BCRg_023.pt
bdFCD-3BCRg_024,mosei_real,0,mosei_bdFCD-3BCRg_024,,,-1,1,1,1,D:\Documents\Programming\Thesis_G10\data\raw\CMU-MOSEI\segments\bdFCD-3BCRg_024.mp4,data\preprocessed\features\z_at\bdFCD-3BCRg_024.pt,data\preprocessed\features\z_v\bdFCD-3BCRg_024.pt
bdFCD-3BCRg_025,mosei_real,0,mosei_bdFCD-3BCRg_025,,,-1,1,1,1,D:\Documents\Programming\Thesis_G10\data\raw\CMU-MOSEI\segments\bdFCD-3BCRg_025.mp4,data\preprocessed\features\z_at\bdFCD-3BCRg_025.pt,data\preprocessed\features\z_v\bdFCD-3BCRg_025.pt
bdtwQxwySN0_002,mosei_real,0,mosei_bdtwQxwySN0_002,,,-1,1,1,1,D:\Documents\Programming\Thesis_G10\data\raw\CMU-MOSEI\segments\bdtwQxwySN0_002.mp4,data\preprocessed\features\z_at\bdtwQxwySN0_002.pt,data\preprocessed\features\z_v\bdtwQxwySN0_002.pt
bdtwQxwySN0_004,mosei_real,0,mosei_bdtwQxwySN0_004,,,-1,1,1,1,D:\Documents\Programming\Thesis_G10\data\raw\CMU-MOSEI\segments\bdtwQxwySN0_004.mp4,data\preprocessed\features\z_at\bdtwQxwySN0_004.pt,data\preprocessed\features\z_v\bdtwQxwySN0_004.pt
bfy28AlY-TQ_000,mosei_real,0,mosei_bfy28AlY-TQ_000,,,-1,1,1,1,D:\Documents\Programming\Thesis_G10\data\raw\CMU-MOSEI\segments\bfy28AlY-TQ_000.mp4,data\preprocessed\features\z_at\bfy28AlY-TQ_000.pt,data\preprocessed\features\z_v\bfy28AlY-TQ_000.pt
bge5PUG3G4A_001,mosei_real,0,mosei_bge5PUG3G4A_001,,,-1,1,1,1,D:\Documents\Programming\Thesis_G10\data\raw\CMU-MOSEI\segments\bge5PUG3G4A_001.mp4,data\preprocessed\features\z_at\bge5PUG3G4A_001.pt,data\preprocessed\features\z_v\bge5PUG3G4A_001.pt
bhFK-xy76U4_001,mosei_real,0,mosei_bhFK-xy76U4_001,,,-1,1,1,1,D:\Documents\Programming\Thesis_G10\data\raw\CMU-MOSEI\segments\bhFK-xy76U4_001.mp4,data\preprocessed\features\z_at\bhFK-xy76U4_001.pt,data\preprocessed\features\z_v\bhFK-xy76U4_001.pt
bhPB19tr-JY_002,mosei_real,0,mosei_bhPB19tr-JY_002,,,-1,1,1,1,D:\Documents\Programming\Thesis_G10\data\raw\CMU-MOSEI\segments\bhPB19tr-JY_002.mp4,data\preprocessed\features\z_at\bhPB19tr-JY_002.pt,data\preprocessed\features\z_v\bhPB19tr-JY_002.pt
bhPB19tr-JY_005,mosei_real,0,mosei_bhPB19tr-JY_005,,,-1,1,1,1,D:\Documents\Programming\Thesis_G10\data\raw\CMU-MOSEI\segments\bhPB19tr-JY_005.mp4,data\preprocessed\features\z_at\bhPB19tr-JY_005.pt,data\preprocessed\features\z_v\bhPB19tr-JY_005.pt
bkX5FOX22Tw_000,mosei_real,0,mosei_bkX5FOX22Tw_000,,,-1,1,1,1,D:\Documents\Programming\Thesis_G10\data\raw\CMU-MOSEI\segments\bkX5FOX22Tw_000.mp4,data\preprocessed\features\z_at\bkX5FOX22Tw_000.pt,data\preprocessed\features\z_v\bkX5FOX22Tw_000.pt
bkX5FOX22Tw_001,mosei_real,0,mosei_bkX5FOX22Tw_001,,,-1,1,1,1,D:\Documents\Programming\Thesis_G10\data\raw\CMU-MOSEI\segments\bkX5FOX22Tw_001.mp4,data\preprocessed\features\z_at\bkX5FOX22Tw_001.pt,data\preprocessed\features\z_v\bkX5FOX22Tw_001.pt
bkX5FOX22Tw_002,mosei_real,0,mosei_bkX5FOX22Tw_002,,,-1,1,1,1,D:\Documents\Programming\Thesis_G10\data\raw\CMU-MOSEI\segments\bkX5FOX22Tw_002.mp4,data\preprocessed\features\z_at\bkX5FOX22Tw_002.pt,data\preprocessed\features\z_v\bkX5FOX22Tw_002.pt
bkX5FOX22Tw_004,mosei_real,0,mosei_bkX5FOX22Tw_004,,,-1,1,1,1,D:\Documents\Programming\Thesis_G10\data\raw\CMU-MOSEI\segments\bkX5FOX22Tw_004.mp4,data\preprocessed\features\z_at\bkX5FOX22Tw_004.pt,data\preprocessed\features\z_v\bkX5FOX22Tw_004.pt
bkX5FOX22Tw_005,mosei_real,0,mosei_bkX5FOX22Tw_005,,,-1,1,1,1,D:\Documents\Programming\Thesis_G10\data\raw\CMU-MOSEI\segments\bkX5FOX22Tw_005.mp4,data\preprocessed\features\z_at\bkX5FOX22Tw_005.pt,data\preprocessed\features\z_v\bkX5FOX22Tw_005.pt
bkX5FOX22Tw_006,mosei_real,0,mosei_bkX5FOX22Tw_006,,,-1,1,1,1,D:\Documents\Programming\Thesis_G10\data\raw\CMU-MOSEI\segments\bkX5FOX22Tw_006.mp4,data\preprocessed\features\z_at\bkX5FOX22Tw_006.pt,data\preprocessed\features\z_v\bkX5FOX22Tw_006.pt
bnzVR2ETQQ8_002,mosei_real,0,mosei_bnzVR2ETQQ8_002,,,-1,1,1,1,D:\Documents\Programming\Thesis_G10\data\raw\CMU-MOSEI\segments\bnzVR2ETQQ8_002.mp4,data\preprocessed\features\z_at\bnzVR2ETQQ8_002.pt,data\preprocessed\features\z_v\bnzVR2ETQQ8_002.pt
bpvYdXVlgvc_000,mosei_real,0,mosei_bpvYdXVlgvc_000,,,-1,1,1,1,D:\Documents\Programming\Thesis_G10\data\raw\CMU-MOSEI\segments\bpvYdXVlgvc_000.mp4,data\preprocessed\features\z_at\bpvYdXVlgvc_000.pt,data\preprocessed\features\z_v\bpvYdXVlgvc_000.pt
bpvYdXVlgvc_001,mosei_real,0,mosei_bpvYdXVlgvc_001,,,-1,1,1,1,D:\Documents\Programming\Thesis_G10\data\raw\CMU-MOSEI\segments\bpvYdXVlgvc_001.mp4,data\preprocessed\features\z_at\bpvYdXVlgvc_001.pt,data\preprocessed\features\z_v\bpvYdXVlgvc_001.pt
bpvYdXVlgvc_004,mosei_real,0,mosei_bpvYdXVlgvc_004,,,-1,1,1,1,D:\Documents\Programming\Thesis_G10\data\raw\CMU-MOSEI\segments\bpvYdXVlgvc_004.mp4,data\preprocessed\features\z_at\bpvYdXVlgvc_004.pt,data\preprocessed\features\z_v\bpvYdXVlgvc_004.pt
c1a1y9ytHH0_001,mosei_real,0,mosei_c1a1y9ytHH0_001,,,-1,1,1,1,D:\Documents\Programming\Thesis_G10\data\raw\CMU-MOSEI\segments\c1a1y9ytHH0_001.mp4,data\preprocessed\features\z_at\c1a1y9ytHH0_001.pt,data\preprocessed\features\z_v\c1a1y9ytHH0_001.pt
c5VEvmutmVg_002,mosei_real,0,mosei_c5VEvmutmVg_002,,,-1,1,1,1,D:\Documents\Programming\Thesis_G10\data\raw\CMU-MOSEI\segments\c5VEvmutmVg_002.mp4,data\preprocessed\features\z_at\c5VEvmutmVg_002.pt,data\preprocessed\features\z_v\c5VEvmutmVg_002.pt
c5VEvmutmVg_003,mosei_real,0,mosei_c5VEvmutmVg_003,,,-1,1,1,1,D:\Documents\Programming\Thesis_G10\data\raw\CMU-MOSEI\segments\c5VEvmutmVg_003.mp4,data\preprocessed\features\z_at\c5VEvmutmVg_003.pt,data\preprocessed\features\z_v\c5VEvmutmVg_003.pt
c5VEvmutmVg_007,mosei_real,0,mosei_c5VEvmutmVg_007,,,-1,1,1,1,D:\Documents\Programming\Thesis_G10\data\raw\CMU-MOSEI\segments\c5VEvmutmVg_007.mp4,data\preprocessed\features\z_at\c5VEvmutmVg_007.pt,data\preprocessed\features\z_v\c5VEvmutmVg_007.pt
c5VEvmutmVg_008,mosei_real,0,mosei_c5VEvmutmVg_008,,,-1,1,1,1,D:\Documents\Programming\Thesis_G10\data\raw\CMU-MOSEI\segments\c5VEvmutmVg_008.mp4,data\preprocessed\features\z_at\c5VEvmutmVg_008.pt,data\preprocessed\features\z_v\c5VEvmutmVg_008.pt
c5VEvmutmVg_009,mosei_real,0,mosei_c5VEvmutmVg_009,,,-1,1,1,1,D:\Documents\Programming\Thesis_G10\data\raw\CMU-MOSEI\segments\c5VEvmutmVg_009.mp4,data\preprocessed\features\z_at\c5VEvmutmVg_009.pt,data\preprocessed\features\z_v\c5VEvmutmVg_009.pt
c5VEvmutmVg_010,mosei_real,0,mosei_c5VEvmutmVg_010,,,-1,1,1,1,D:\Documents\Programming\Thesis_G10\data\raw\CMU-MOSEI\segments\c5VEvmutmVg_010.mp4,data\preprocessed\features\z_at\c5VEvmutmVg_010.pt,data\preprocessed\features\z_v\c5VEvmutmVg_010.pt
c5VEvmutmVg_012,mosei_real,0,mosei_c5VEvmutmVg_012,,,-1,1,1,1,D:\Documents\Programming\Thesis_G10\data\raw\CMU-MOSEI\segments\c5VEvmutmVg_012.mp4,data\preprocessed\features\z_at\c5VEvmutmVg_012.pt,data\preprocessed\features\z_v\c5VEvmutmVg_012.pt
c5VEvmutmVg_014,mosei_real,0,mosei_c5VEvmutmVg_014,,,-1,1,1,1,D:\Documents\Programming\Thesis_G10\data\raw\CMU-MOSEI\segments\c5VEvmutmVg_014.mp4,data\preprocessed\features\z_at\c5VEvmutmVg_014.pt,data\preprocessed\features\z_v\c5VEvmutmVg_014.pt
c5VEvmutmVg_018,mosei_real,0,mosei_c5VEvmutmVg_018,,,-1,1,1,1,D:\Documents\Programming\Thesis_G10\data\raw\CMU-MOSEI\segments\c5VEvmutmVg_018.mp4,data\preprocessed\features\z_at\c5VEvmutmVg_018.pt,data\preprocessed\features\z_v\c5VEvmutmVg_018.pt
c5VEvmutmVg_019,mosei_real,0,mosei_c5VEvmutmVg_019,,,-1,1,1,1,D:\Documents\Programming\Thesis_G10\data\raw\CMU-MOSEI\segments\c5VEvmutmVg_019.mp4,data\preprocessed\features\z_at\c5VEvmutmVg_019.pt,data\preprocessed\features\z_v\c5VEvmutmVg_019.pt
c5cB7AfVgcE_002,mosei_real,0,mosei_c5cB7AfVgcE_002,,,-1,1,1,1,D:\Documents\Programming\Thesis_G10\data\raw\CMU-MOSEI\segments\c5cB7AfVgcE_002.mp4,data\preprocessed\features\z_at\c5cB7AfVgcE_002.pt,data\preprocessed\features\z_v\c5cB7AfVgcE_002.pt
c5zxqITn3ZM_000,mosei_real,0,mosei_c5zxqITn3ZM_000,,,-1,1,1,1,D:\Documents\Programming\Thesis_G10\data\raw\CMU-MOSEI\segments\c5zxqITn3ZM_000.mp4,data\preprocessed\features\z_at\c5zxqITn3ZM_000.pt,data\preprocessed\features\z_v\c5zxqITn3ZM_000.pt
c5zxqITn3ZM_001,mosei_real,0,mosei_c5zxqITn3ZM_001,,,-1,1,1,1,D:\Documents\Programming\Thesis_G10\data\raw\CMU-MOSEI\segments\c5zxqITn3ZM_001.mp4,data\preprocessed\features\z_at\c5zxqITn3ZM_001.pt,data\preprocessed\features\z_v\c5zxqITn3ZM_001.pt
c5zxqITn3ZM_003,mosei_real,0,mosei_c5zxqITn3ZM_003,,,-1,1,1,1,D:\Documents\Programming\Thesis_G10\data\raw\CMU-MOSEI\segments\c5zxqITn3ZM_003.mp4,data\preprocessed\features\z_at\c5zxqITn3ZM_003.pt,data\preprocessed\features\z_v\c5zxqITn3ZM_003.pt
c5zxqITn3ZM_005,mosei_real,0,mosei_c5zxqITn3ZM_005,,,-1,1,1,1,D:\Documents\Programming\Thesis_G10\data\raw\CMU-MOSEI\segments\c5zxqITn3ZM_005.mp4,data\preprocessed\features\z_at\c5zxqITn3ZM_005.pt,data\preprocessed\features\z_v\c5zxqITn3ZM_005.pt
c6wuh0NRG1s_000,mosei_real,0,mosei_c6wuh0NRG1s_000,,,-1,1,1,1,D:\Documents\Programming\Thesis_G10\data\raw\CMU-MOSEI\segments\c6wuh0NRG1s_000.mp4,data\preprocessed\features\z_at\c6wuh0NRG1s_000.pt,data\preprocessed\features\z_v\c6wuh0NRG1s_000.pt
c6wuh0NRG1s_002,mosei_real,0,mosei_c6wuh0NRG1s_002,,,-1,1,1,1,D:\Documents\Programming\Thesis_G10\data\raw\CMU-MOSEI\segments\c6wuh0NRG1s_002.mp4,data\preprocessed\features\z_at\c6wuh0NRG1s_002.pt,data\preprocessed\features\z_v\c6wuh0NRG1s_002.pt
c6wuh0NRG1s_003,mosei_real,0,mosei_c6wuh0NRG1s_003,,,-1,1,1,1,D:\Documents\Programming\Thesis_G10\data\raw\CMU-MOSEI\segments\c6wuh0NRG1s_003.mp4,data\preprocessed\features\z_at\c6wuh0NRG1s_003.pt,data\preprocessed\features\z_v\c6wuh0NRG1s_003.pt
c6wuh0NRG1s_005,mosei_real,0,mosei_c6wuh0NRG1s_005,,,-1,1,1,1,D:\Documents\Programming\Thesis_G10\data\raw\CMU-MOSEI\segments\c6wuh0NRG1s_005.mp4,data\preprocessed\features\z_at\c6wuh0NRG1s_005.pt,data\preprocessed\features\z_v\c6wuh0NRG1s_005.pt
c6wuh0NRG1s_006,mosei_real,0,mosei_c6wuh0NRG1s_006,,,-1,1,1,1,D:\Documents\Programming\Thesis_G10\data\raw\CMU-MOSEI\segments\c6wuh0NRG1s_006.mp4,data\preprocessed\features\z_at\c6wuh0NRG1s_006.pt,data\preprocessed\features\z_v\c6wuh0NRG1s_006.pt
c7xUcM68IFE_000,mosei_real,0,mosei_c7xUcM68IFE_000,,,-1,1,1,1,D:\Documents\Programming\Thesis_G10\data\raw\CMU-MOSEI\segments\c7xUcM68IFE_000.mp4,data\preprocessed\features\z_at\c7xUcM68IFE_000.pt,data\preprocessed\features\z_v\c7xUcM68IFE_000.pt
c7xUcM68IFE_001,mosei_real,0,mosei_c7xUcM68IFE_001,,,-1,1,1,1,D:\Documents\Programming\Thesis_G10\data\raw\CMU-MOSEI\segments\c7xUcM68IFE_001.mp4,data\preprocessed\features\z_at\c7xUcM68IFE_001.pt,data\preprocessed\features\z_v\c7xUcM68IFE_001.pt
c7xUcM68IFE_002,mosei_real,0,mosei_c7xUcM68IFE_002,,,-1,1,1,1,D:\Documents\Programming\Thesis_G10\data\raw\CMU-MOSEI\segments\c7xUcM68IFE_002.mp4,data\preprocessed\features\z_at\c7xUcM68IFE_002.pt,data\preprocessed\features\z_v\c7xUcM68IFE_002.pt
c7xUcM68IFE_003,mosei_real,0,mosei_c7xUcM68IFE_003,,,-1,1,1,1,D:\Documents\Programming\Thesis_G10\data\raw\CMU-MOSEI\segments\c7xUcM68IFE_003.mp4,data\preprocessed\features\z_at\c7xUcM68IFE_003.pt,data\preprocessed\features\z_v\c7xUcM68IFE_003.pt
c7xUcM68IFE_005,mosei_real,0,mosei_c7xUcM68IFE_005,,,-1,1,1,1,D:\Documents\Programming\Thesis_G10\data\raw\CMU-MOSEI\segments\c7xUcM68IFE_005.mp4,data\preprocessed\features\z_at\c7xUcM68IFE_005.pt,data\preprocessed\features\z_v\c7xUcM68IFE_005.pt
c7xUcM68IFE_006,mosei_real,0,mosei_c7xUcM68IFE_006,,,-1,1,1,1,D:\Documents\Programming\Thesis_G10\data\raw\CMU-MOSEI\segments\c7xUcM68IFE_006.mp4,data\preprocessed\features\z_at\c7xUcM68IFE_006.pt,data\preprocessed\features\z_v\c7xUcM68IFE_006.pt
c7xUcM68IFE_007,mosei_real,0,mosei_c7xUcM68IFE_007,,,-1,1,1,1,D:\Documents\Programming\Thesis_G10\data\raw\CMU-MOSEI\segments\c7xUcM68IFE_007.mp4,data\preprocessed\features\z_at\c7xUcM68IFE_007.pt,data\preprocessed\features\z_v\c7xUcM68IFE_007.pt
c805Td8A_Ek_000,mosei_real,0,mosei_c805Td8A_Ek_000,,,-1,1,1,1,D:\Documents\Programming\Thesis_G10\data\raw\CMU-MOSEI\segments\c805Td8A_Ek_000.mp4,data\preprocessed\features\z_at\c805Td8A_Ek_000.pt,data\preprocessed\features\z_v\c805Td8A_Ek_000.pt
c805Td8A_Ek_001,mosei_real,0,mosei_c805Td8A_Ek_001,,,-1,1,1,1,D:\Documents\Programming\Thesis_G10\data\raw\CMU-MOSEI\segments\c805Td8A_Ek_001.mp4,data\preprocessed\features\z_at\c805Td8A_Ek_001.pt,data\preprocessed\features\z_v\c805Td8A_Ek_001.pt
c805Td8A_Ek_002,mosei_real,0,mosei_c805Td8A_Ek_002,,,-1,1,1,1,D:\Documents\Programming\Thesis_G10\data\raw\CMU-MOSEI\segments\c805Td8A_Ek_002.mp4,data\preprocessed\features\z_at\c805Td8A_Ek_002.pt,data\preprocessed\features\z_v\c805Td8A_Ek_002.pt
c805Td8A_Ek_004,mosei_real,0,mosei_c805Td8A_Ek_004,,,-1,1,1,1,D:\Documents\Programming\Thesis_G10\data\raw\CMU-MOSEI\segments\c805Td8A_Ek_004.mp4,data\preprocessed\features\z_at\c805Td8A_Ek_004.pt,data\preprocessed\features\z_v\c805Td8A_Ek_004.pt
c805Td8A_Ek_008,mosei_real,0,mosei_c805Td8A_Ek_008,,,-1,1,1,1,D:\Documents\Programming\Thesis_G10\data\raw\CMU-MOSEI\segments\c805Td8A_Ek_008.mp4,data\preprocessed\features\z_at\c805Td8A_Ek_008.pt,data\preprocessed\features\z_v\c805Td8A_Ek_008.pt
c9jD33baJ60_001,mosei_real,0,mosei_c9jD33baJ60_001,,,-1,1,1,1,D:\Documents\Programming\Thesis_G10\data\raw\CMU-MOSEI\segments\c9jD33baJ60_001.mp4,data\preprocessed\features\z_at\c9jD33baJ60_001.pt,data\preprocessed\features\z_v\c9jD33baJ60_001.pt
c9jD33baJ60_002,mosei_real,0,mosei_c9jD33baJ60_002,,,-1,1,1,1,D:\Documents\Programming\Thesis_G10\data\raw\CMU-MOSEI\segments\c9jD33baJ60_002.mp4,data\preprocessed\features\z_at\c9jD33baJ60_002.pt,data\preprocessed\features\z_v\c9jD33baJ60_002.pt
c9jD33baJ60_003,mosei_real,0,mosei_c9jD33baJ60_003,,,-1,1,1,1,D:\Documents\Programming\Thesis_G10\data\raw\CMU-MOSEI\segments\c9jD33baJ60_003.mp4,data\preprocessed\features\z_at\c9jD33baJ60_003.pt,data\preprocessed\features\z_v\c9jD33baJ60_003.pt
c9jD33baJ60_004,mosei_real,0,mosei_c9jD33baJ60_004,,,-1,1,1,1,D:\Documents\Programming\Thesis_G10\data\raw\CMU-MOSEI\segments\c9jD33baJ60_004.mp4,data\preprocessed\features\z_at\c9jD33baJ60_004.pt,data\preprocessed\features\z_v\c9jD33baJ60_004.pt
c9jD33baJ60_006,mosei_real,0,mosei_c9jD33baJ60_006,,,-1,1,1,1,D:\Documents\Programming\Thesis_G10\data\raw\CMU-MOSEI\segments\c9jD33baJ60_006.mp4,data\preprocessed\features\z_at\c9jD33baJ60_006.pt,data\preprocessed\features\z_v\c9jD33baJ60_006.pt
cEXJ2zFbC9I_000,mosei_real,0,mosei_cEXJ2zFbC9I_000,,,-1,1,1,1,D:\Documents\Programming\Thesis_G10\data\raw\CMU-MOSEI\segments\cEXJ2zFbC9I_000.mp4,data\preprocessed\features\z_at\cEXJ2zFbC9I_000.pt,data\preprocessed\features\z_v\cEXJ2zFbC9I_000.pt
cOcNe3L4VAg_000,mosei_real,0,mosei_cOcNe3L4VAg_000,,,-1,1,1,1,D:\Documents\Programming\Thesis_G10\data\raw\CMU-MOSEI\segments\cOcNe3L4VAg_000.mp4,data\preprocessed\features\z_at\cOcNe3L4VAg_000.pt,data\preprocessed\features\z_v\cOcNe3L4VAg_000.pt
cOcNe3L4VAg_002,mosei_real,0,mosei_cOcNe3L4VAg_002,,,-1,1,1,1,D:\Documents\Programming\Thesis_G10\data\raw\CMU-MOSEI\segments\cOcNe3L4VAg_002.mp4,data\preprocessed\features\z_at\cOcNe3L4VAg_002.pt,data\preprocessed\features\z_v\cOcNe3L4VAg_002.pt
cOcNe3L4VAg_005,mosei_real,0,mosei_cOcNe3L4VAg_005,,,-1,1,1,1,D:\Documents\Programming\Thesis_G10\data\raw\CMU-MOSEI\segments\cOcNe3L4VAg_005.mp4,data\preprocessed\features\z_at\cOcNe3L4VAg_005.pt,data\preprocessed\features\z_v\cOcNe3L4VAg_005.pt
cOcNe3L4VAg_008,mosei_real,0,mosei_cOcNe3L4VAg_008,,,-1,1,1,1,D:\Documents\Programming\Thesis_G10\data\raw\CMU-MOSEI\segments\cOcNe3L4VAg_008.mp4,data\preprocessed\features\z_at\cOcNe3L4VAg_008.pt,data\preprocessed\features\z_v\cOcNe3L4VAg_008.pt
cOcNe3L4VAg_009,mosei_real,0,mosei_cOcNe3L4VAg_009,,,-1,1,1,1,D:\Documents\Programming\Thesis_G10\data\raw\CMU-MOSEI\segments\cOcNe3L4VAg_009.mp4,data\preprocessed\features\z_at\cOcNe3L4VAg_009.pt,data\preprocessed\features\z_v\cOcNe3L4VAg_009.pt
cOcNe3L4VAg_011,mosei_real,0,mosei_cOcNe3L4VAg_011,,,-1,1,1,1,D:\Documents\Programming\Thesis_G10\data\raw\CMU-MOSEI\segments\cOcNe3L4VAg_011.mp4,data\preprocessed\features\z_at\cOcNe3L4VAg_011.pt,data\preprocessed\features\z_v\cOcNe3L4VAg_011.pt
cRFiXLzcCOA_000,mosei_real,0,mosei_cRFiXLzcCOA_000,,,-1,1,1,1,D:\Documents\Programming\Thesis_G10\data\raw\CMU-MOSEI\segments\cRFiXLzcCOA_000.mp4,data\preprocessed\features\z_at\cRFiXLzcCOA_000.pt,data\preprocessed\features\z_v\cRFiXLzcCOA_000.pt
cRFiXLzcCOA_003,mosei_real,0,mosei_cRFiXLzcCOA_003,,,-1,1,1,1,D:\Documents\Programming\Thesis_G10\data\raw\CMU-MOSEI\segments\cRFiXLzcCOA_003.mp4,data\preprocessed\features\z_at\cRFiXLzcCOA_003.pt,data\preprocessed\features\z_v\cRFiXLzcCOA_003.pt
cR_KQlNhoNE_000,mosei_real,0,mosei_cR_KQlNhoNE_000,,,-1,1,1,1,D:\Documents\Programming\Thesis_G10\data\raw\CMU-MOSEI\segments\cR_KQlNhoNE_000.mp4,data\preprocessed\features\z_at\cR_KQlNhoNE_000.pt,data\preprocessed\features\z_v\cR_KQlNhoNE_000.pt
cR_KQlNhoNE_001,mosei_real,0,mosei_cR_KQlNhoNE_001,,,-1,1,1,1,D:\Documents\Programming\Thesis_G10\data\raw\CMU-MOSEI\segments\cR_KQlNhoNE_001.mp4,data\preprocessed\features\z_at\cR_KQlNhoNE_001.pt,data\preprocessed\features\z_v\cR_KQlNhoNE_001.pt
cR_KQlNhoNE_002,mosei_real,0,mosei_cR_KQlNhoNE_002,,,-1,1,1,1,D:\Documents\Programming\Thesis_G10\data\raw\CMU-MOSEI\segments\cR_KQlNhoNE_002.mp4,data\preprocessed\features\z_at\cR_KQlNhoNE_002.pt,data\preprocessed\features\z_v\cR_KQlNhoNE_002.pt
cR_KQlNhoNE_003,mosei_real,0,mosei_cR_KQlNhoNE_003,,,-1,1,1,1,D:\Documents\Programming\Thesis_G10\data\raw\CMU-MOSEI\segments\cR_KQlNhoNE_003.mp4,data\preprocessed\features\z_at\cR_KQlNhoNE_003.pt,data\preprocessed\features\z_v\cR_KQlNhoNE_003.pt
cR_KQlNhoNE_004,mosei_real,0,mosei_cR_KQlNhoNE_004,,,-1,1,1,1,D:\Documents\Programming\Thesis_G10\data\raw\CMU-MOSEI\segments\cR_KQlNhoNE_004.mp4,data\preprocessed\features\z_at\cR_KQlNhoNE_004.pt,data\preprocessed\features\z_v\cR_KQlNhoNE_004.pt
cR_KQlNhoNE_005,mosei_real,0,mosei_cR_KQlNhoNE_005,,,-1,1,1,1,D:\Documents\Programming\Thesis_G10\data\raw\CMU-MOSEI\segments\cR_KQlNhoNE_005.mp4,data\preprocessed\features\z_at\cR_KQlNhoNE_005.pt,data\preprocessed\features\z_v\cR_KQlNhoNE_005.pt
cR_KQlNhoNE_008,mosei_real,0,mosei_cR_KQlNhoNE_008,,,-1,1,1,1,D:\Documents\Programming\Thesis_G10\data\raw\CMU-MOSEI\segments\cR_KQlNhoNE_008.mp4,data\preprocessed\features\z_at\cR_KQlNhoNE_008.pt,data\preprocessed\features\z_v\cR_KQlNhoNE_008.pt
cR_KQlNhoNE_009,mosei_real,0,mosei_cR_KQlNhoNE_009,,,-1,1,1,1,D:\Documents\Programming\Thesis_G10\data\raw\CMU-MOSEI\segments\cR_KQlNhoNE_009.mp4,data\preprocessed\features\z_at\cR_KQlNhoNE_009.pt,data\preprocessed\features\z_v\cR_KQlNhoNE_009.pt
cXu56oK462o_000,mosei_real,0,mosei_cXu56oK462o_000,,,-1,1,1,1,D:\Documents\Programming\Thesis_G10\data\raw\CMU-MOSEI\segments\cXu56oK462o_000.mp4,data\preprocessed\features\z_at\cXu56oK462o_000.pt,data\preprocessed\features\z_v\cXu56oK462o_000.pt
cXu56oK462o_001,mosei_real,0,mosei_cXu56oK462o_001,,,-1,1,1,1,D:\Documents\Programming\Thesis_G10\data\raw\CMU-MOSEI\segments\cXu56oK462o_001.mp4,data\preprocessed\features\z_at\cXu56oK462o_001.pt,data\preprocessed\features\z_v\cXu56oK462o_001.pt
cZDAM6NjBzE_000,mosei_real,0,mosei_cZDAM6NjBzE_000,,,-1,1,1,1,D:\Documents\Programming\Thesis_G10\data\raw\CMU-MOSEI\segments\cZDAM6NjBzE_000.mp4,data\preprocessed\features\z_at\cZDAM6NjBzE_000.pt,data\preprocessed\features\z_v\cZDAM6NjBzE_000.pt
cZDAM6NjBzE_001,mosei_real,0,mosei_cZDAM6NjBzE_001,,,-1,1,1,1,D:\Documents\Programming\Thesis_G10\data\raw\CMU-MOSEI\segments\cZDAM6NjBzE_001.mp4,data\preprocessed\features\z_at\cZDAM6NjBzE_001.pt,data\preprocessed\features\z_v\cZDAM6NjBzE_001.pt
cZDAM6NjBzE_002,mosei_real,0,mosei_cZDAM6NjBzE_002,,,-1,1,1,1,D:\Documents\Programming\Thesis_G10\data\raw\CMU-MOSEI\segments\cZDAM6NjBzE_002.mp4,data\preprocessed\features\z_at\cZDAM6NjBzE_002.pt,data\preprocessed\features\z_v\cZDAM6NjBzE_002.pt
cZVM4svwE90_001,mosei_real,0,mosei_cZVM4svwE90_001,,,-1,1,1,1,D:\Documents\Programming\Thesis_G10\data\raw\CMU-MOSEI\segments\cZVM4svwE90_001.mp4,data\preprocessed\features\z_at\cZVM4svwE90_001.pt,data\preprocessed\features\z_v\cZVM4svwE90_001.pt
cZVM4svwE90_004,mosei_real,0,mosei_cZVM4svwE90_004,,,-1,1,1,1,D:\Documents\Programming\Thesis_G10\data\raw\CMU-MOSEI\segments\cZVM4svwE90_004.mp4,data\preprocessed\features\z_at\cZVM4svwE90_004.pt,data\preprocessed\features\z_v\cZVM4svwE90_004.pt
cZVM4svwE90_005,mosei_real,0,mosei_cZVM4svwE90_005,,,-1,1,1,1,D:\Documents\Programming\Thesis_G10\data\raw\CMU-MOSEI\segments\cZVM4svwE90_005.mp4,data\preprocessed\features\z_at\cZVM4svwE90_005.pt,data\preprocessed\features\z_v\cZVM4svwE90_005.pt
cZVM4svwE90_011,mosei_real,0,mosei_cZVM4svwE90_011,,,-1,1,1,1,D:\Documents\Programming\Thesis_G10\data\raw\CMU-MOSEI\segments\cZVM4svwE90_011.mp4,data\preprocessed\features\z_at\cZVM4svwE90_011.pt,data\preprocessed\features\z_v\cZVM4svwE90_011.pt
cZVM4svwE90_013,mosei_real,0,mosei_cZVM4svwE90_013,,,-1,1,1,1,D:\Documents\Programming\Thesis_G10\data\raw\CMU-MOSEI\segments\cZVM4svwE90_013.mp4,data\preprocessed\features\z_at\cZVM4svwE90_013.pt,data\preprocessed\features\z_v\cZVM4svwE90_013.pt
cZVM4svwE90_015,mosei_real,0,mosei_cZVM4svwE90_015,,,-1,1,1,1,D:\Documents\Programming\Thesis_G10\data\raw\CMU-MOSEI\segments\cZVM4svwE90_015.mp4,data\preprocessed\features\z_at\cZVM4svwE90_015.pt,data\preprocessed\features\z_v\cZVM4svwE90_015.pt
cZVM4svwE90_016,mosei_real,0,mosei_cZVM4svwE90_016,,,-1,1,1,1,D:\Documents\Programming\Thesis_G10\data\raw\CMU-MOSEI\segments\cZVM4svwE90_016.mp4,data\preprocessed\features\z_at\cZVM4svwE90_016.pt,data\preprocessed\features\z_v\cZVM4svwE90_016.pt
cZVM4svwE90_021,mosei_real,0,mosei_cZVM4svwE90_021,,,-1,1,1,1,D:\Documents\Programming\Thesis_G10\data\raw\CMU-MOSEI\segments\cZVM4svwE90_021.mp4,data\preprocessed\features\z_at\cZVM4svwE90_021.pt,data\preprocessed\features\z_v\cZVM4svwE90_021.pt
cZVM4svwE90_022,mosei_real,0,mosei_cZVM4svwE90_022,,,-1,1,1,1,D:\Documents\Programming\Thesis_G10\data\raw\CMU-MOSEI\segments\cZVM4svwE90_022.mp4,data\preprocessed\features\z_at\cZVM4svwE90_022.pt,data\preprocessed\features\z_v\cZVM4svwE90_022.pt
cZVM4svwE90_023,mosei_real,0,mosei_cZVM4svwE90_023,,,-1,1,1,1,D:\Documents\Programming\Thesis_G10\data\raw\CMU-MOSEI\segments\cZVM4svwE90_023.mp4,data\preprocessed\features\z_at\cZVM4svwE90_023.pt,data\preprocessed\features\z_v\cZVM4svwE90_023.pt
cZVM4svwE90_024,mosei_real,0,mosei_cZVM4svwE90_024,,,-1,1,1,1,D:\Documents\Programming\Thesis_G10\data\raw\CMU-MOSEI\segments\cZVM4svwE90_024.mp4,data\preprocessed\features\z_at\cZVM4svwE90_024.pt,data\preprocessed\features\z_v\cZVM4svwE90_024.pt
cZVM4svwE90_025,mosei_real,0,mosei_cZVM4svwE90_025,,,-1,1,1,1,D:\Documents\Programming\Thesis_G10\data\raw\CMU-MOSEI\segments\cZVM4svwE90_025.mp4,data\preprocessed\features\z_at\cZVM4svwE90_025.pt,data\preprocessed\features\z_v\cZVM4svwE90_025.pt
caLWajc18Y4_005,mosei_real,0,mosei_caLWajc18Y4_005,,,-1,1,1,1,D:\Documents\Programming\Thesis_G10\data\raw\CMU-MOSEI\segments\caLWajc18Y4_005.mp4,data\preprocessed\features\z_at\caLWajc18Y4_005.pt,data\preprocessed\features\z_v\caLWajc18Y4_005.pt
caLWajc18Y4_006,mosei_real,0,mosei_caLWajc18Y4_006,,,-1,1,1,1,D:\Documents\Programming\Thesis_G10\data\raw\CMU-MOSEI\segments\caLWajc18Y4_006.mp4,data\preprocessed\features\z_at\caLWajc18Y4_006.pt,data\preprocessed\features\z_v\caLWajc18Y4_006.pt
caLWajc18Y4_007,mosei_real,0,mosei_caLWajc18Y4_007,,,-1,1,1,1,D:\Documents\Programming\Thesis_G10\data\raw\CMU-MOSEI\segments\caLWajc18Y4_007.mp4,data\preprocessed\features\z_at\caLWajc18Y4_007.pt,data\preprocessed\features\z_v\caLWajc18Y4_007.pt
caLWajc18Y4_008,mosei_real,0,mosei_caLWajc18Y4_008,,,-1,1,1,1,D:\Documents\Programming\Thesis_G10\data\raw\CMU-MOSEI\segments\caLWajc18Y4_008.mp4,data\preprocessed\features\z_at\caLWajc18Y4_008.pt,data\preprocessed\features\z_v\caLWajc18Y4_008.pt
caLWajc18Y4_009,mosei_real,0,mosei_caLWajc18Y4_009,,,-1,1,1,1,D:\Documents\Programming\Thesis_G10\data\raw\CMU-MOSEI\segments\caLWajc18Y4_009.mp4,data\preprocessed\features\z_at\caLWajc18Y4_009.pt,data\preprocessed\features\z_v\caLWajc18Y4_009.pt
ce1ObTPlI38_000,mosei_real,0,mosei_ce1ObTPlI38_000,,,-1,1,1,1,D:\Documents\Programming\Thesis_G10\data\raw\CMU-MOSEI\segments\ce1ObTPlI38_000.mp4,data\preprocessed\features\z_at\ce1ObTPlI38_000.pt,data\preprocessed\features\z_v\ce1ObTPlI38_000.pt
cfX_iuhCbRY_000,mosei_real,0,mosei_cfX_iuhCbRY_000,,,-1,1,1,1,D:\Documents\Programming\Thesis_G10\data\raw\CMU-MOSEI\segments\cfX_iuhCbRY_000.mp4,data\preprocessed\features\z_at\cfX_iuhCbRY_000.pt,data\preprocessed\features\z_v\cfX_iuhCbRY_000.pt
cfX_iuhCbRY_003,mosei_real,0,mosei_cfX_iuhCbRY_003,,,-1,1,1,1,D:\Documents\Programming\Thesis_G10\data\raw\CMU-MOSEI\segments\cfX_iuhCbRY_003.mp4,data\preprocessed\features\z_at\cfX_iuhCbRY_003.pt,data\preprocessed\features\z_v\cfX_iuhCbRY_003.pt
cfX_iuhCbRY_004,mosei_real,0,mosei_cfX_iuhCbRY_004,,,-1,1,1,1,D:\Documents\Programming\Thesis_G10\data\raw\CMU-MOSEI\segments\cfX_iuhCbRY_004.mp4,data\preprocessed\features\z_at\cfX_iuhCbRY_004.pt,data\preprocessed\features\z_v\cfX_iuhCbRY_004.pt
cfX_iuhCbRY_005,mosei_real,0,mosei_cfX_iuhCbRY_005,,,-1,1,1,1,D:\Documents\Programming\Thesis_G10\data\raw\CMU-MOSEI\segments\cfX_iuhCbRY_005.mp4,data\preprocessed\features\z_at\cfX_iuhCbRY_005.pt,data\preprocessed\features\z_v\cfX_iuhCbRY_005.pt
cjgq9d8Zn9g_000,mosei_real,0,mosei_cjgq9d8Zn9g_000,,,-1,1,1,1,D:\Documents\Programming\Thesis_G10\data\raw\CMU-MOSEI\segments\cjgq9d8Zn9g_000.mp4,data\preprocessed\features\z_at\cjgq9d8Zn9g_000.pt,data\preprocessed\features\z_v\cjgq9d8Zn9g_000.pt
cjgq9d8Zn9g_004,mosei_real,0,mosei_cjgq9d8Zn9g_004,,,-1,1,1,1,D:\Documents\Programming\Thesis_G10\data\raw\CMU-MOSEI\segments\cjgq9d8Zn9g_004.mp4,data\preprocessed\features\z_at\cjgq9d8Zn9g_004.pt,data\preprocessed\features\z_v\cjgq9d8Zn9g_004.pt
cjgq9d8Zn9g_006,mosei_real,0,mosei_cjgq9d8Zn9g_006,,,-1,1,1,1,D:\Documents\Programming\Thesis_G10\data\raw\CMU-MOSEI\segments\cjgq9d8Zn9g_006.mp4,data\preprocessed\features\z_at\cjgq9d8Zn9g_006.pt,data\preprocessed\features\z_v\cjgq9d8Zn9g_006.pt
cmJW6mkspkI_001,mosei_real,0,mosei_cmJW6mkspkI_001,,,-1,1,1,1,D:\Documents\Programming\Thesis_G10\data\raw\CMU-MOSEI\segments\cmJW6mkspkI_001.mp4,data\preprocessed\features\z_at\cmJW6mkspkI_001.pt,data\preprocessed\features\z_v\cmJW6mkspkI_001.pt
cml9rShionM_003,mosei_real,0,mosei_cml9rShionM_003,,,-1,1,1,1,D:\Documents\Programming\Thesis_G10\data\raw\CMU-MOSEI\segments\cml9rShionM_003.mp4,data\preprocessed\features\z_at\cml9rShionM_003.pt,data\preprocessed\features\z_v\cml9rShionM_003.pt
cml9rShionM_005,mosei_real,0,mosei_cml9rShionM_005,,,-1,1,1,1,D:\Documents\Programming\Thesis_G10\data\raw\CMU-MOSEI\segments\cml9rShionM_005.mp4,data\preprocessed\features\z_at\cml9rShionM_005.pt,data\preprocessed\features\z_v\cml9rShionM_005.pt
cn0WZ8-0Z1Y_000,mosei_real,0,mosei_cn0WZ8-0Z1Y_000,,,-1,1,1,1,D:\Documents\Programming\Thesis_G10\data\raw\CMU-MOSEI\segments\cn0WZ8-0Z1Y_000.mp4,data\preprocessed\features\z_at\cn0WZ8-0Z1Y_000.pt,data\preprocessed\features\z_v\cn0WZ8-0Z1Y_000.pt
cn0WZ8-0Z1Y_001,mosei_real,0,mosei_cn0WZ8-0Z1Y_001,,,-1,1,1,1,D:\Documents\Programming\Thesis_G10\data\raw\CMU-MOSEI\segments\cn0WZ8-0Z1Y_001.mp4,data\preprocessed\features\z_at\cn0WZ8-0Z1Y_001.pt,data\preprocessed\features\z_v\cn0WZ8-0Z1Y_001.pt
cn0WZ8-0Z1Y_002,mosei_real,0,mosei_cn0WZ8-0Z1Y_002,,,-1,1,1,1,D:\Documents\Programming\Thesis_G10\data\raw\CMU-MOSEI\segments\cn0WZ8-0Z1Y_002.mp4,data\preprocessed\features\z_at\cn0WZ8-0Z1Y_002.pt,data\preprocessed\features\z_v\cn0WZ8-0Z1Y_002.pt
cn0WZ8-0Z1Y_003,mosei_real,0,mosei_cn0WZ8-0Z1Y_003,,,-1,1,1,1,D:\Documents\Programming\Thesis_G10\data\raw\CMU-MOSEI\segments\cn0WZ8-0Z1Y_003.mp4,data\preprocessed\features\z_at\cn0WZ8-0Z1Y_003.pt,data\preprocessed\features\z_v\cn0WZ8-0Z1Y_003.pt
cn0WZ8-0Z1Y_006,mosei_real,0,mosei_cn0WZ8-0Z1Y_006,,,-1,1,1,1,D:\Documents\Programming\Thesis_G10\data\raw\CMU-MOSEI\segments\cn0WZ8-0Z1Y_006.mp4,data\preprocessed\features\z_at\cn0WZ8-0Z1Y_006.pt,data\preprocessed\features\z_v\cn0WZ8-0Z1Y_006.pt
cn0WZ8-0Z1Y_007,mosei_real,0,mosei_cn0WZ8-0Z1Y_007,,,-1,1,1,1,D:\Documents\Programming\Thesis_G10\data\raw\CMU-MOSEI\segments\cn0WZ8-0Z1Y_007.mp4,data\preprocessed\features\z_at\cn0WZ8-0Z1Y_007.pt,data\preprocessed\features\z_v\cn0WZ8-0Z1Y_007.pt
cnllFPRyBFs_001,mosei_real,0,mosei_cnllFPRyBFs_001,,,-1,1,1,1,D:\Documents\Programming\Thesis_G10\data\raw\CMU-MOSEI\segments\cnllFPRyBFs_001.mp4,data\preprocessed\features\z_at\cnllFPRyBFs_001.pt,data\preprocessed\features\z_v\cnllFPRyBFs_001.pt
ctMCSUT2LlQ_000,mosei_real,0,mosei_ctMCSUT2LlQ_000,,,-1,1,1,1,D:\Documents\Programming\Thesis_G10\data\raw\CMU-MOSEI\segments\ctMCSUT2LlQ_000.mp4,data\preprocessed\features\z_at\ctMCSUT2LlQ_000.pt,data\preprocessed\features\z_v\ctMCSUT2LlQ_000.pt
ctMCSUT2LlQ_001,mosei_real,0,mosei_ctMCSUT2LlQ_001,,,-1,1,1,1,D:\Documents\Programming\Thesis_G10\data\raw\CMU-MOSEI\segments\ctMCSUT2LlQ_001.mp4,data\preprocessed\features\z_at\ctMCSUT2LlQ_001.pt,data\preprocessed\features\z_v\ctMCSUT2LlQ_001.pt
ctMCSUT2LlQ_002,mosei_real,0,mosei_ctMCSUT2LlQ_002,,,-1,1,1,1,D:\Documents\Programming\Thesis_G10\data\raw\CMU-MOSEI\segments\ctMCSUT2LlQ_002.mp4,data\preprocessed\features\z_at\ctMCSUT2LlQ_002.pt,data\preprocessed\features\z_v\ctMCSUT2LlQ_002.pt
ctMCSUT2LlQ_003,mosei_real,0,mosei_ctMCSUT2LlQ_003,,,-1,1,1,1,D:\Documents\Programming\Thesis_G10\data\raw\CMU-MOSEI\segments\ctMCSUT2LlQ_003.mp4,data\preprocessed\features\z_at\ctMCSUT2LlQ_003.pt,data\preprocessed\features\z_v\ctMCSUT2LlQ_003.pt
ctMCSUT2LlQ_004,mosei_real,0,mosei_ctMCSUT2LlQ_004,,,-1,1,1,1,D:\Documents\Programming\Thesis_G10\data\raw\CMU-MOSEI\segments\ctMCSUT2LlQ_004.mp4,data\preprocessed\features\z_at\ctMCSUT2LlQ_004.pt,data\preprocessed\features\z_v\ctMCSUT2LlQ_004.pt
ctMCSUT2LlQ_006,mosei_real,0,mosei_ctMCSUT2LlQ_006,,,-1,1,1,1,D:\Documents\Programming\Thesis_G10\data\raw\CMU-MOSEI\segments\ctMCSUT2LlQ_006.mp4,data\preprocessed\features\z_at\ctMCSUT2LlQ_006.pt,data\preprocessed\features\z_v\ctMCSUT2LlQ_006.pt
ctMCSUT2LlQ_007,mosei_real,0,mosei_ctMCSUT2LlQ_007,,,-1,1,1,1,D:\Documents\Programming\Thesis_G10\data\raw\CMU-MOSEI\segments\ctMCSUT2LlQ_007.mp4,data\preprocessed\features\z_at\ctMCSUT2LlQ_007.pt,data\preprocessed\features\z_v\ctMCSUT2LlQ_007.pt
d0QNH2vcDgU_001,mosei_real,0,mosei_d0QNH2vcDgU_001,,,-1,1,1,1,D:\Documents\Programming\Thesis_G10\data\raw\CMU-MOSEI\segments\d0QNH2vcDgU_001.mp4,data\preprocessed\features\z_at\d0QNH2vcDgU_001.pt,data\preprocessed\features\z_v\d0QNH2vcDgU_001.pt
d0QNH2vcDgU_002,mosei_real,0,mosei_d0QNH2vcDgU_002,,,-1,1,1,1,D:\Documents\Programming\Thesis_G10\data\raw\CMU-MOSEI\segments\d0QNH2vcDgU_002.mp4,data\preprocessed\features\z_at\d0QNH2vcDgU_002.pt,data\preprocessed\features\z_v\d0QNH2vcDgU_002.pt
d0QNH2vcDgU_009,mosei_real,0,mosei_d0QNH2vcDgU_009,,,-1,1,1,1,D:\Documents\Programming\Thesis_G10\data\raw\CMU-MOSEI\segments\d0QNH2vcDgU_009.mp4,data\preprocessed\features\z_at\d0QNH2vcDgU_009.pt,data\preprocessed\features\z_v\d0QNH2vcDgU_009.pt
d0QNH2vcDgU_010,mosei_real,0,mosei_d0QNH2vcDgU_010,,,-1,1,1,1,D:\Documents\Programming\Thesis_G10\data\raw\CMU-MOSEI\segments\d0QNH2vcDgU_010.mp4,data\preprocessed\features\z_at\d0QNH2vcDgU_010.pt,data\preprocessed\features\z_v\d0QNH2vcDgU_010.pt
d0QNH2vcDgU_011,mosei_real,0,mosei_d0QNH2vcDgU_011,,,-1,1,1,1,D:\Documents\Programming\Thesis_G10\data\raw\CMU-MOSEI\segments\d0QNH2vcDgU_011.mp4,data\preprocessed\features\z_at\d0QNH2vcDgU_011.pt,data\preprocessed\features\z_v\d0QNH2vcDgU_011.pt
d0QNH2vcDgU_012,mosei_real,0,mosei_d0QNH2vcDgU_012,,,-1,1,1,1,D:\Documents\Programming\Thesis_G10\data\raw\CMU-MOSEI\segments\d0QNH2vcDgU_012.mp4,data\preprocessed\features\z_at\d0QNH2vcDgU_012.pt,data\preprocessed\features\z_v\d0QNH2vcDgU_012.pt
d0QNH2vcDgU_015,mosei_real,0,mosei_d0QNH2vcDgU_015,,,-1,1,1,1,D:\Documents\Programming\Thesis_G10\data\raw\CMU-MOSEI\segments\d0QNH2vcDgU_015.mp4,data\preprocessed\features\z_at\d0QNH2vcDgU_015.pt,data\preprocessed\features\z_v\d0QNH2vcDgU_015.pt
d0QNH2vcDgU_016,mosei_real,0,mosei_d0QNH2vcDgU_016,,,-1,1,1,1,D:\Documents\Programming\Thesis_G10\data\raw\CMU-MOSEI\segments\d0QNH2vcDgU_016.mp4,data\preprocessed\features\z_at\d0QNH2vcDgU_016.pt,data\preprocessed\features\z_v\d0QNH2vcDgU_016.pt
d0QNH2vcDgU_018,mosei_real,0,mosei_d0QNH2vcDgU_018,,,-1,1,1,1,D:\Documents\Programming\Thesis_G10\data\raw\CMU-MOSEI\segments\d0QNH2vcDgU_018.mp4,data\preprocessed\features\z_at\d0QNH2vcDgU_018.pt,data\preprocessed\features\z_v\d0QNH2vcDgU_018.pt
d0QNH2vcDgU_019,mosei_real,0,mosei_d0QNH2vcDgU_019,,,-1,1,1,1,D:\Documents\Programming\Thesis_G10\data\raw\CMU-MOSEI\segments\d0QNH2vcDgU_019.mp4,data\preprocessed\features\z_at\d0QNH2vcDgU_019.pt,data\preprocessed\features\z_v\d0QNH2vcDgU_019.pt
d0QNH2vcDgU_020,mosei_real,0,mosei_d0QNH2vcDgU_020,,,-1,1,1,1,D:\Documents\Programming\Thesis_G10\data\raw\CMU-MOSEI\segments\d0QNH2vcDgU_020.mp4,data\preprocessed\features\z_at\d0QNH2vcDgU_020.pt,data\preprocessed\features\z_v\d0QNH2vcDgU_020.pt
d0QNH2vcDgU_021,mosei_real,0,mosei_d0QNH2vcDgU_021,,,-1,1,1,1,D:\Documents\Programming\Thesis_G10\data\raw\CMU-MOSEI\segments\d0QNH2vcDgU_021.mp4,data\preprocessed\features\z_at\d0QNH2vcDgU_021.pt,data\preprocessed\features\z_v\d0QNH2vcDgU_021.pt
d1CDP6sMuLA_001,mosei_real,0,mosei_d1CDP6sMuLA_001,,,-1,1,1,1,D:\Documents\Programming\Thesis_G10\data\raw\CMU-MOSEI\segments\d1CDP6sMuLA_001.mp4,data\preprocessed\features\z_at\d1CDP6sMuLA_001.pt,data\preprocessed\features\z_v\d1CDP6sMuLA_001.pt
d1CDP6sMuLA_003,mosei_real,0,mosei_d1CDP6sMuLA_003,,,-1,1,1,1,D:\Documents\Programming\Thesis_G10\data\raw\CMU-MOSEI\segments\d1CDP6sMuLA_003.mp4,data\preprocessed\features\z_at\d1CDP6sMuLA_003.pt,data\preprocessed\features\z_v\d1CDP6sMuLA_003.pt
d1CDP6sMuLA_007,mosei_real,0,mosei_d1CDP6sMuLA_007,,,-1,1,1,1,D:\Documents\Programming\Thesis_G10\data\raw\CMU-MOSEI\segments\d1CDP6sMuLA_007.mp4,data\preprocessed\features\z_at\d1CDP6sMuLA_007.pt,data\preprocessed\features\z_v\d1CDP6sMuLA_007.pt
d1CDP6sMuLA_010,mosei_real,0,mosei_d1CDP6sMuLA_010,,,-1,1,1,1,D:\Documents\Programming\Thesis_G10\data\raw\CMU-MOSEI\segments\d1CDP6sMuLA_010.mp4,data\preprocessed\features\z_at\d1CDP6sMuLA_010.pt,data\preprocessed\features\z_v\d1CDP6sMuLA_010.pt
d1CDP6sMuLA_011,mosei_real,0,mosei_d1CDP6sMuLA_011,,,-1,1,1,1,D:\Documents\Programming\Thesis_G10\data\raw\CMU-MOSEI\segments\d1CDP6sMuLA_011.mp4,data\preprocessed\features\z_at\d1CDP6sMuLA_011.pt,data\preprocessed\features\z_v\d1CDP6sMuLA_011.pt
d1CDP6sMuLA_012,mosei_real,0,mosei_d1CDP6sMuLA_012,,,-1,1,1,1,D:\Documents\Programming\Thesis_G10\data\raw\CMU-MOSEI\segments\d1CDP6sMuLA_012.mp4,data\preprocessed\features\z_at\d1CDP6sMuLA_012.pt,data\preprocessed\features\z_v\d1CDP6sMuLA_012.pt
d38u9n5GOLM_002,mosei_real,0,mosei_d38u9n5GOLM_002,,,-1,1,1,1,D:\Documents\Programming\Thesis_G10\data\raw\CMU-MOSEI\segments\d38u9n5GOLM_002.mp4,data\preprocessed\features\z_at\d38u9n5GOLM_002.pt,data\preprocessed\features\z_v\d38u9n5GOLM_002.pt
d38u9n5GOLM_005,mosei_real,0,mosei_d38u9n5GOLM_005,,,-1,1,1,1,D:\Documents\Programming\Thesis_G10\data\raw\CMU-MOSEI\segments\d38u9n5GOLM_005.mp4,data\preprocessed\features\z_at\d38u9n5GOLM_005.pt,data\preprocessed\features\z_v\d38u9n5GOLM_005.pt
d38u9n5GOLM_006,mosei_real,0,mosei_d38u9n5GOLM_006,,,-1,1,1,1,D:\Documents\Programming\Thesis_G10\data\raw\CMU-MOSEI\segments\d38u9n5GOLM_006.mp4,data\preprocessed\features\z_at\d38u9n5GOLM_006.pt,data\preprocessed\features\z_v\d38u9n5GOLM_006.pt
d38u9n5GOLM_008,mosei_real,0,mosei_d38u9n5GOLM_008,,,-1,1,1,1,D:\Documents\Programming\Thesis_G10\data\raw\CMU-MOSEI\segments\d38u9n5GOLM_008.mp4,data\preprocessed\features\z_at\d38u9n5GOLM_008.pt,data\preprocessed\features\z_v\d38u9n5GOLM_008.pt
d38u9n5GOLM_009,mosei_real,0,mosei_d38u9n5GOLM_009,,,-1,1,1,1,D:\Documents\Programming\Thesis_G10\data\raw\CMU-MOSEI\segments\d38u9n5GOLM_009.mp4,data\preprocessed\features\z_at\d38u9n5GOLM_009.pt,data\preprocessed\features\z_v\d38u9n5GOLM_009.pt
d38u9n5GOLM_013,mosei_real,0,mosei_d38u9n5GOLM_013,,,-1,1,1,1,D:\Documents\Programming\Thesis_G10\data\raw\CMU-MOSEI\segments\d38u9n5GOLM_013.mp4,data\preprocessed\features\z_at\d38u9n5GOLM_013.pt,data\preprocessed\features\z_v\d38u9n5GOLM_013.pt
d89Z_olwc2Y_001,mosei_real,0,mosei_d89Z_olwc2Y_001,,,-1,1,1,1,D:\Documents\Programming\Thesis_G10\data\raw\CMU-MOSEI\segments\d89Z_olwc2Y_001.mp4,data\preprocessed\features\z_at\d89Z_olwc2Y_001.pt,data\preprocessed\features\z_v\d89Z_olwc2Y_001.pt
d89Z_olwc2Y_002,mosei_real,0,mosei_d89Z_olwc2Y_002,,,-1,1,1,1,D:\Documents\Programming\Thesis_G10\data\raw\CMU-MOSEI\segments\d89Z_olwc2Y_002.mp4,data\preprocessed\features\z_at\d89Z_olwc2Y_002.pt,data\preprocessed\features\z_v\d89Z_olwc2Y_002.pt
d89Z_olwc2Y_005,mosei_real,0,mosei_d89Z_olwc2Y_005,,,-1,1,1,1,D:\Documents\Programming\Thesis_G10\data\raw\CMU-MOSEI\segments\d89Z_olwc2Y_005.mp4,data\preprocessed\features\z_at\d89Z_olwc2Y_005.pt,data\preprocessed\features\z_v\d89Z_olwc2Y_005.pt
d8BR6hsvzoY_000,mosei_real,0,mosei_d8BR6hsvzoY_000,,,-1,1,1,1,D:\Documents\Programming\Thesis_G10\data\raw\CMU-MOSEI\segments\d8BR6hsvzoY_000.mp4,data\preprocessed\features\z_at\d8BR6hsvzoY_000.pt,data\preprocessed\features\z_v\d8BR6hsvzoY_000.pt
d8BR6hsvzoY_002,mosei_real,0,mosei_d8BR6hsvzoY_002,,,-1,1,1,1,D:\Documents\Programming\Thesis_G10\data\raw\CMU-MOSEI\segments\d8BR6hsvzoY_002.mp4,data\preprocessed\features\z_at\d8BR6hsvzoY_002.pt,data\preprocessed\features\z_v\d8BR6hsvzoY_002.pt
d8BR6hsvzoY_003,mosei_real,0,mosei_d8BR6hsvzoY_003,,,-1,1,1,1,D:\Documents\Programming\Thesis_G10\data\raw\CMU-MOSEI\segments\d8BR6hsvzoY_003.mp4,data\preprocessed\features\z_at\d8BR6hsvzoY_003.pt,data\preprocessed\features\z_v\d8BR6hsvzoY_003.pt
d8BR6hsvzoY_004,mosei_real,0,mosei_d8BR6hsvzoY_004,,,-1,1,1,1,D:\Documents\Programming\Thesis_G10\data\raw\CMU-MOSEI\segments\d8BR6hsvzoY_004.mp4,data\preprocessed\features\z_at\d8BR6hsvzoY_004.pt,data\preprocessed\features\z_v\d8BR6hsvzoY_004.pt
d8BR6hsvzoY_005,mosei_real,0,mosei_d8BR6hsvzoY_005,,,-1,1,1,1,D:\Documents\Programming\Thesis_G10\data\raw\CMU-MOSEI\segments\d8BR6hsvzoY_005.mp4,data\preprocessed\features\z_at\d8BR6hsvzoY_005.pt,data\preprocessed\features\z_v\d8BR6hsvzoY_005.pt
d99mfGIenCo_009,mosei_real,0,mosei_d99mfGIenCo_009,,,-1,1,1,1,D:\Documents\Programming\Thesis_G10\data\raw\CMU-MOSEI\segments\d99mfGIenCo_009.mp4,data\preprocessed\features\z_at\d99mfGIenCo_009.pt,data\preprocessed\features\z_v\d99mfGIenCo_009.pt
d99mfGIenCo_010,mosei_real,0,mosei_d99mfGIenCo_010,,,-1,1,1,1,D:\Documents\Programming\Thesis_G10\data\raw\CMU-MOSEI\segments\d99mfGIenCo_010.mp4,data\preprocessed\features\z_at\d99mfGIenCo_010.pt,data\preprocessed\features\z_v\d99mfGIenCo_010.pt
d99mfGIenCo_012,mosei_real,0,mosei_d99mfGIenCo_012,,,-1,1,1,1,D:\Documents\Programming\Thesis_G10\data\raw\CMU-MOSEI\segments\d99mfGIenCo_012.mp4,data\preprocessed\features\z_at\d99mfGIenCo_012.pt,data\preprocessed\features\z_v\d99mfGIenCo_012.pt
d99mfGIenCo_014,mosei_real,0,mosei_d99mfGIenCo_014,,,-1,1,1,1,D:\Documents\Programming\Thesis_G10\data\raw\CMU-MOSEI\segments\d99mfGIenCo_014.mp4,data\preprocessed\features\z_at\d99mfGIenCo_014.pt,data\preprocessed\features\z_v\d99mfGIenCo_014.pt
d99mfGIenCo_015,mosei_real,0,mosei_d99mfGIenCo_015,,,-1,1,1,1,D:\Documents\Programming\Thesis_G10\data\raw\CMU-MOSEI\segments\d99mfGIenCo_015.mp4,data\preprocessed\features\z_at\d99mfGIenCo_015.pt,data\preprocessed\features\z_v\d99mfGIenCo_015.pt
dBWvtPeHpWM_000,mosei_real,0,mosei_dBWvtPeHpWM_000,,,-1,1,1,1,D:\Documents\Programming\Thesis_G10\data\raw\CMU-MOSEI\segments\dBWvtPeHpWM_000.mp4,data\preprocessed\features\z_at\dBWvtPeHpWM_000.pt,data\preprocessed\features\z_v\dBWvtPeHpWM_000.pt
dBWvtPeHpWM_004,mosei_real,0,mosei_dBWvtPeHpWM_004,,,-1,1,1,1,D:\Documents\Programming\Thesis_G10\data\raw\CMU-MOSEI\segments\dBWvtPeHpWM_004.mp4,data\preprocessed\features\z_at\dBWvtPeHpWM_004.pt,data\preprocessed\features\z_v\dBWvtPeHpWM_004.pt
dBWvtPeHpWM_005,mosei_real,0,mosei_dBWvtPeHpWM_005,,,-1,1,1,1,D:\Documents\Programming\Thesis_G10\data\raw\CMU-MOSEI\segments\dBWvtPeHpWM_005.mp4,data\preprocessed\features\z_at\dBWvtPeHpWM_005.pt,data\preprocessed\features\z_v\dBWvtPeHpWM_005.pt
dBWvtPeHpWM_006,mosei_real,0,mosei_dBWvtPeHpWM_006,,,-1,1,1,1,D:\Documents\Programming\Thesis_G10\data\raw\CMU-MOSEI\segments\dBWvtPeHpWM_006.mp4,data\preprocessed\features\z_at\dBWvtPeHpWM_006.pt,data\preprocessed\features\z_v\dBWvtPeHpWM_006.pt
dBWvtPeHpWM_007,mosei_real,0,mosei_dBWvtPeHpWM_007,,,-1,1,1,1,D:\Documents\Programming\Thesis_G10\data\raw\CMU-MOSEI\segments\dBWvtPeHpWM_007.mp4,data\preprocessed\features\z_at\dBWvtPeHpWM_007.pt,data\preprocessed\features\z_v\dBWvtPeHpWM_007.pt
dBWvtPeHpWM_008,mosei_real,0,mosei_dBWvtPeHpWM_008,,,-1,1,1,1,D:\Documents\Programming\Thesis_G10\data\raw\CMU-MOSEI\segments\dBWvtPeHpWM_008.mp4,data\preprocessed\features\z_at\dBWvtPeHpWM_008.pt,data\preprocessed\features\z_v\dBWvtPeHpWM_008.pt
dBWvtPeHpWM_009,mosei_real,0,mosei_dBWvtPeHpWM_009,,,-1,1,1,1,D:\Documents\Programming\Thesis_G10\data\raw\CMU-MOSEI\segments\dBWvtPeHpWM_009.mp4,data\preprocessed\features\z_at\dBWvtPeHpWM_009.pt,data\preprocessed\features\z_v\dBWvtPeHpWM_009.pt
dCDAcBR505Q_000,mosei_real,0,mosei_dCDAcBR505Q_000,,,-1,1,1,1,D:\Documents\Programming\Thesis_G10\data\raw\CMU-MOSEI\segments\dCDAcBR505Q_000.mp4,data\preprocessed\features\z_at\dCDAcBR505Q_000.pt,data\preprocessed\features\z_v\dCDAcBR505Q_000.pt
dCDAcBR505Q_001,mosei_real,0,mosei_dCDAcBR505Q_001,,,-1,1,1,1,D:\Documents\Programming\Thesis_G10\data\raw\CMU-MOSEI\segments\dCDAcBR505Q_001.mp4,data\preprocessed\features\z_at\dCDAcBR505Q_001.pt,data\preprocessed\features\z_v\dCDAcBR505Q_001.pt
dDFyJp_OkeA_001,mosei_real,0,mosei_dDFyJp_OkeA_001,,,-1,1,1,1,D:\Documents\Programming\Thesis_G10\data\raw\CMU-MOSEI\segments\dDFyJp_OkeA_001.mp4,data\preprocessed\features\z_at\dDFyJp_OkeA_001.pt,data\preprocessed\features\z_v\dDFyJp_OkeA_001.pt
dEDbm2ubVRQ_000,mosei_real,0,mosei_dEDbm2ubVRQ_000,,,-1,1,1,1,D:\Documents\Programming\Thesis_G10\data\raw\CMU-MOSEI\segments\dEDbm2ubVRQ_000.mp4,data\preprocessed\features\z_at\dEDbm2ubVRQ_000.pt,data\preprocessed\features\z_v\dEDbm2ubVRQ_000.pt
dEDbm2ubVRQ_004,mosei_real,0,mosei_dEDbm2ubVRQ_004,,,-1,1,1,1,D:\Documents\Programming\Thesis_G10\data\raw\CMU-MOSEI\segments\dEDbm2ubVRQ_004.mp4,data\preprocessed\features\z_at\dEDbm2ubVRQ_004.pt,data\preprocessed\features\z_v\dEDbm2ubVRQ_004.pt
dH0FmwvOzs0_000,mosei_real,0,mosei_dH0FmwvOzs0_000,,,-1,1,1,1,D:\Documents\Programming\Thesis_G10\data\raw\CMU-MOSEI\segments\dH0FmwvOzs0_000.mp4,data\preprocessed\features\z_at\dH0FmwvOzs0_000.pt,data\preprocessed\features\z_v\dH0FmwvOzs0_000.pt
dH0FmwvOzs0_001,mosei_real,0,mosei_dH0FmwvOzs0_001,,,-1,1,1,1,D:\Documents\Programming\Thesis_G10\data\raw\CMU-MOSEI\segments\dH0FmwvOzs0_001.mp4,data\preprocessed\features\z_at\dH0FmwvOzs0_001.pt,data\preprocessed\features\z_v\dH0FmwvOzs0_001.pt
dJ5MXl66-UQ_002,mosei_real,0,mosei_dJ5MXl66-UQ_002,,,-1,1,1,1,D:\Documents\Programming\Thesis_G10\data\raw\CMU-MOSEI\segments\dJ5MXl66-UQ_002.mp4,data\preprocessed\features\z_at\dJ5MXl66-UQ_002.pt,data\preprocessed\features\z_v\dJ5MXl66-UQ_002.pt
dLmtsRyRH4s_000,mosei_real,0,mosei_dLmtsRyRH4s_000,,,-1,1,1,1,D:\Documents\Programming\Thesis_G10\data\raw\CMU-MOSEI\segments\dLmtsRyRH4s_000.mp4,data\preprocessed\features\z_at\dLmtsRyRH4s_000.pt,data\preprocessed\features\z_v\dLmtsRyRH4s_000.pt
dLzsNc_hzkQ_001,mosei_real,0,mosei_dLzsNc_hzkQ_001,,,-1,1,1,1,D:\Documents\Programming\Thesis_G10\data\raw\CMU-MOSEI\segments\dLzsNc_hzkQ_001.mp4,data\preprocessed\features\z_at\dLzsNc_hzkQ_001.pt,data\preprocessed\features\z_v\dLzsNc_hzkQ_001.pt
dR68gbeOWOc_001,mosei_real,0,mosei_dR68gbeOWOc_001,,,-1,1,1,1,D:\Documents\Programming\Thesis_G10\data\raw\CMU-MOSEI\segments\dR68gbeOWOc_001.mp4,data\preprocessed\features\z_at\dR68gbeOWOc_001.pt,data\preprocessed\features\z_v\dR68gbeOWOc_001.pt
dSax_7klbfE_000,mosei_real,0,mosei_dSax_7klbfE_000,,,-1,1,1,1,D:\Documents\Programming\Thesis_G10\data\raw\CMU-MOSEI\segments\dSax_7klbfE_000.mp4,data\preprocessed\features\z_at\dSax_7klbfE_000.pt,data\preprocessed\features\z_v\dSax_7klbfE_000.pt
dSax_7klbfE_005,mosei_real,0,mosei_dSax_7klbfE_005,,,-1,1,1,1,D:\Documents\Programming\Thesis_G10\data\raw\CMU-MOSEI\segments\dSax_7klbfE_005.mp4,data\preprocessed\features\z_at\dSax_7klbfE_005.pt,data\preprocessed\features\z_v\dSax_7klbfE_005.pt
dTcz1am1eUw_001,mosei_real,0,mosei_dTcz1am1eUw_001,,,-1,1,1,1,D:\Documents\Programming\Thesis_G10\data\raw\CMU-MOSEI\segments\dTcz1am1eUw_001.mp4,data\preprocessed\features\z_at\dTcz1am1eUw_001.pt,data\preprocessed\features\z_v\dTcz1am1eUw_001.pt
dWfgSGnd9zM_001,mosei_real,0,mosei_dWfgSGnd9zM_001,,,-1,1,1,1,D:\Documents\Programming\Thesis_G10\data\raw\CMU-MOSEI\segments\dWfgSGnd9zM_001.mp4,data\preprocessed\features\z_at\dWfgSGnd9zM_001.pt,data\preprocessed\features\z_v\dWfgSGnd9zM_001.pt
dWfgSGnd9zM_005,mosei_real,0,mosei_dWfgSGnd9zM_005,,,-1,1,1,1,D:\Documents\Programming\Thesis_G10\data\raw\CMU-MOSEI\segments\dWfgSGnd9zM_005.mp4,data\preprocessed\features\z_at\dWfgSGnd9zM_005.pt,data\preprocessed\features\z_v\dWfgSGnd9zM_005.pt
dXMAS2tIknw_000,mosei_real,0,mosei_dXMAS2tIknw_000,,,-1,1,1,1,D:\Documents\Programming\Thesis_G10\data\raw\CMU-MOSEI\segments\dXMAS2tIknw_000.mp4,data\preprocessed\features\z_at\dXMAS2tIknw_000.pt,data\preprocessed\features\z_v\dXMAS2tIknw_000.pt
dXMAS2tIknw_001,mosei_real,0,mosei_dXMAS2tIknw_001,,,-1,1,1,1,D:\Documents\Programming\Thesis_G10\data\raw\CMU-MOSEI\segments\dXMAS2tIknw_001.mp4,data\preprocessed\features\z_at\dXMAS2tIknw_001.pt,data\preprocessed\features\z_v\dXMAS2tIknw_001.pt
dXMAS2tIknw_005,mosei_real,0,mosei_dXMAS2tIknw_005,,,-1,1,1,1,D:\Documents\Programming\Thesis_G10\data\raw\CMU-MOSEI\segments\dXMAS2tIknw_005.mp4,data\preprocessed\features\z_at\dXMAS2tIknw_005.pt,data\preprocessed\features\z_v\dXMAS2tIknw_005.pt
dXMAS2tIknw_006,mosei_real,0,mosei_dXMAS2tIknw_006,,,-1,1,1,1,D:\Documents\Programming\Thesis_G10\data\raw\CMU-MOSEI\segments\dXMAS2tIknw_006.mp4,data\preprocessed\features\z_at\dXMAS2tIknw_006.pt,data\preprocessed\features\z_v\dXMAS2tIknw_006.pt
dYgmvmFegkQ_003,mosei_real,0,mosei_dYgmvmFegkQ_003,,,-1,1,1,1,D:\Documents\Programming\Thesis_G10\data\raw\CMU-MOSEI\segments\dYgmvmFegkQ_003.mp4,data\preprocessed\features\z_at\dYgmvmFegkQ_003.pt,data\preprocessed\features\z_v\dYgmvmFegkQ_003.pt
dYgmvmFegkQ_004,mosei_real,0,mosei_dYgmvmFegkQ_004,,,-1,1,1,1,D:\Documents\Programming\Thesis_G10\data\raw\CMU-MOSEI\segments\dYgmvmFegkQ_004.mp4,data\preprocessed\features\z_at\dYgmvmFegkQ_004.pt,data\preprocessed\features\z_v\dYgmvmFegkQ_004.pt
dYgmvmFegkQ_005,mosei_real,0,mosei_dYgmvmFegkQ_005,,,-1,1,1,1,D:\Documents\Programming\Thesis_G10\data\raw\CMU-MOSEI\segments\dYgmvmFegkQ_005.mp4,data\preprocessed\features\z_at\dYgmvmFegkQ_005.pt,data\preprocessed\features\z_v\dYgmvmFegkQ_005.pt
dZK01jhM27k_000,mosei_real,0,mosei_dZK01jhM27k_000,,,-1,1,1,1,D:\Documents\Programming\Thesis_G10\data\raw\CMU-MOSEI\segments\dZK01jhM27k_000.mp4,data\preprocessed\features\z_at\dZK01jhM27k_000.pt,data\preprocessed\features\z_v\dZK01jhM27k_000.pt
dZolFNqR-hA_000,mosei_real,0,mosei_dZolFNqR-hA_000,,,-1,1,1,1,D:\Documents\Programming\Thesis_G10\data\raw\CMU-MOSEI\segments\dZolFNqR-hA_000.mp4,data\preprocessed\features\z_at\dZolFNqR-hA_000.pt,data\preprocessed\features\z_v\dZolFNqR-hA_000.pt
damyXH7mBic_001,mosei_real,0,mosei_damyXH7mBic_001,,,-1,1,1,1,D:\Documents\Programming\Thesis_G10\data\raw\CMU-MOSEI\segments\damyXH7mBic_001.mp4,data\preprocessed\features\z_at\damyXH7mBic_001.pt,data\preprocessed\features\z_v\damyXH7mBic_001.pt
dbpGH5iP0GE_000,mosei_real,0,mosei_dbpGH5iP0GE_000,,,-1,1,1,1,D:\Documents\Programming\Thesis_G10\data\raw\CMU-MOSEI\segments\dbpGH5iP0GE_000.mp4,data\preprocessed\features\z_at\dbpGH5iP0GE_000.pt,data\preprocessed\features\z_v\dbpGH5iP0GE_000.pt
dbpGH5iP0GE_001,mosei_real,0,mosei_dbpGH5iP0GE_001,,,-1,1,1,1,D:\Documents\Programming\Thesis_G10\data\raw\CMU-MOSEI\segments\dbpGH5iP0GE_001.mp4,data\preprocessed\features\z_at\dbpGH5iP0GE_001.pt,data\preprocessed\features\z_v\dbpGH5iP0GE_001.pt
dcUlt6zk_S0_002,mosei_real,0,mosei_dcUlt6zk_S0_002,,,-1,1,1,1,D:\Documents\Programming\Thesis_G10\data\raw\CMU-MOSEI\segments\dcUlt6zk_S0_002.mp4,data\preprocessed\features\z_at\dcUlt6zk_S0_002.pt,data\preprocessed\features\z_v\dcUlt6zk_S0_002.pt
dlE05KC95uk_000,mosei_real,0,mosei_dlE05KC95uk_000,,,-1,1,1,1,D:\Documents\Programming\Thesis_G10\data\raw\CMU-MOSEI\segments\dlE05KC95uk_000.mp4,data\preprocessed\features\z_at\dlE05KC95uk_000.pt,data\preprocessed\features\z_v\dlE05KC95uk_000.pt
dlE05KC95uk_001,mosei_real,0,mosei_dlE05KC95uk_001,,,-1,1,1,1,D:\Documents\Programming\Thesis_G10\data\raw\CMU-MOSEI\segments\dlE05KC95uk_001.mp4,data\preprocessed\features\z_at\dlE05KC95uk_001.pt,data\preprocessed\features\z_v\dlE05KC95uk_001.pt
dlE05KC95uk_006,mosei_real,0,mosei_dlE05KC95uk_006,,,-1,1,1,1,D:\Documents\Programming\Thesis_G10\data\raw\CMU-MOSEI\segments\dlE05KC95uk_006.mp4,data\preprocessed\features\z_at\dlE05KC95uk_006.pt,data\preprocessed\features\z_v\dlE05KC95uk_006.pt
dlE05KC95uk_008,mosei_real,0,mosei_dlE05KC95uk_008,,,-1,1,1,1,D:\Documents\Programming\Thesis_G10\data\raw\CMU-MOSEI\segments\dlE05KC95uk_008.mp4,data\preprocessed\features\z_at\dlE05KC95uk_008.pt,data\preprocessed\features\z_v\dlE05KC95uk_008.pt
dqragS38hCk_000,mosei_real,0,mosei_dqragS38hCk_000,,,-1,1,1,1,D:\Documents\Programming\Thesis_G10\data\raw\CMU-MOSEI\segments\dqragS38hCk_000.mp4,data\preprocessed\features\z_at\dqragS38hCk_000.pt,data\preprocessed\features\z_v\dqragS38hCk_000.pt
dqragS38hCk_001,mosei_real,0,mosei_dqragS38hCk_001,,,-1,1,1,1,D:\Documents\Programming\Thesis_G10\data\raw\CMU-MOSEI\segments\dqragS38hCk_001.mp4,data\preprocessed\features\z_at\dqragS38hCk_001.pt,data\preprocessed\features\z_v\dqragS38hCk_001.pt
dqragS38hCk_002,mosei_real,0,mosei_dqragS38hCk_002,,,-1,1,1,1,D:\Documents\Programming\Thesis_G10\data\raw\CMU-MOSEI\segments\dqragS38hCk_002.mp4,data\preprocessed\features\z_at\dqragS38hCk_002.pt,data\preprocessed\features\z_v\dqragS38hCk_002.pt
dqragS38hCk_003,mosei_real,0,mosei_dqragS38hCk_003,,,-1,1,1,1,D:\Documents\Programming\Thesis_G10\data\raw\CMU-MOSEI\segments\dqragS38hCk_003.mp4,data\preprocessed\features\z_at\dqragS38hCk_003.pt,data\preprocessed\features\z_v\dqragS38hCk_003.pt
dqragS38hCk_005,mosei_real,0,mosei_dqragS38hCk_005,,,-1,1,1,1,D:\Documents\Programming\Thesis_G10\data\raw\CMU-MOSEI\segments\dqragS38hCk_005.mp4,data\preprocessed\features\z_at\dqragS38hCk_005.pt,data\preprocessed\features\z_v\dqragS38hCk_005.pt
dqragS38hCk_008,mosei_real,0,mosei_dqragS38hCk_008,,,-1,1,1,1,D:\Documents\Programming\Thesis_G10\data\raw\CMU-MOSEI\segments\dqragS38hCk_008.mp4,data\preprocessed\features\z_at\dqragS38hCk_008.pt,data\preprocessed\features\z_v\dqragS38hCk_008.pt
dsob2MgUPpA_000,mosei_real,0,mosei_dsob2MgUPpA_000,,,-1,1,1,1,D:\Documents\Programming\Thesis_G10\data\raw\CMU-MOSEI\segments\dsob2MgUPpA_000.mp4,data\preprocessed\features\z_at\dsob2MgUPpA_000.pt,data\preprocessed\features\z_v\dsob2MgUPpA_000.pt
dsob2MgUPpA_001,mosei_real,0,mosei_dsob2MgUPpA_001,,,-1,1,1,1,D:\Documents\Programming\Thesis_G10\data\raw\CMU-MOSEI\segments\dsob2MgUPpA_001.mp4,data\preprocessed\features\z_at\dsob2MgUPpA_001.pt,data\preprocessed\features\z_v\dsob2MgUPpA_001.pt
dsob2MgUPpA_003,mosei_real,0,mosei_dsob2MgUPpA_003,,,-1,1,1,1,D:\Documents\Programming\Thesis_G10\data\raw\CMU-MOSEI\segments\dsob2MgUPpA_003.mp4,data\preprocessed\features\z_at\dsob2MgUPpA_003.pt,data\preprocessed\features\z_v\dsob2MgUPpA_003.pt
dsob2MgUPpA_004,mosei_real,0,mosei_dsob2MgUPpA_004,,,-1,1,1,1,D:\Documents\Programming\Thesis_G10\data\raw\CMU-MOSEI\segments\dsob2MgUPpA_004.mp4,data\preprocessed\features\z_at\dsob2MgUPpA_004.pt,data\preprocessed\features\z_v\dsob2MgUPpA_004.pt
dsob2MgUPpA_008,mosei_real,0,mosei_dsob2MgUPpA_008,,,-1,1,1,1,D:\Documents\Programming\Thesis_G10\data\raw\CMU-MOSEI\segments\dsob2MgUPpA_008.mp4,data\preprocessed\features\z_at\dsob2MgUPpA_008.pt,data\preprocessed\features\z_v\dsob2MgUPpA_008.pt
dsob2MgUPpA_010,mosei_real,0,mosei_dsob2MgUPpA_010,,,-1,1,1,1,D:\Documents\Programming\Thesis_G10\data\raw\CMU-MOSEI\segments\dsob2MgUPpA_010.mp4,data\preprocessed\features\z_at\dsob2MgUPpA_010.pt,data\preprocessed\features\z_v\dsob2MgUPpA_010.pt
dsob2MgUPpA_011,mosei_real,0,mosei_dsob2MgUPpA_011,,,-1,1,1,1,D:\Documents\Programming\Thesis_G10\data\raw\CMU-MOSEI\segments\dsob2MgUPpA_011.mp4,data\preprocessed\features\z_at\dsob2MgUPpA_011.pt,data\preprocessed\features\z_v\dsob2MgUPpA_011.pt
dsob2MgUPpA_013,mosei_real,0,mosei_dsob2MgUPpA_013,,,-1,1,1,1,D:\Documents\Programming\Thesis_G10\data\raw\CMU-MOSEI\segments\dsob2MgUPpA_013.mp4,data\preprocessed\features\z_at\dsob2MgUPpA_013.pt,data\preprocessed\features\z_v\dsob2MgUPpA_013.pt
dsob2MgUPpA_015,mosei_real,0,mosei_dsob2MgUPpA_015,,,-1,1,1,1,D:\Documents\Programming\Thesis_G10\data\raw\CMU-MOSEI\segments\dsob2MgUPpA_015.mp4,data\preprocessed\features\z_at\dsob2MgUPpA_015.pt,data\preprocessed\features\z_v\dsob2MgUPpA_015.pt
dt641WxonBI_000,mosei_real,0,mosei_dt641WxonBI_000,,,-1,1,1,1,D:\Documents\Programming\Thesis_G10\data\raw\CMU-MOSEI\segments\dt641WxonBI_000.mp4,data\preprocessed\features\z_at\dt641WxonBI_000.pt,data\preprocessed\features\z_v\dt641WxonBI_000.pt
dyZdiWNflko_000,mosei_real,0,mosei_dyZdiWNflko_000,,,-1,1,1,1,D:\Documents\Programming\Thesis_G10\data\raw\CMU-MOSEI\segments\dyZdiWNflko_000.mp4,data\preprocessed\features\z_at\dyZdiWNflko_000.pt,data\preprocessed\features\z_v\dyZdiWNflko_000.pt
dyZdiWNflko_002,mosei_real,0,mosei_dyZdiWNflko_002,,,-1,1,1,1,D:\Documents\Programming\Thesis_G10\data\raw\CMU-MOSEI\segments\dyZdiWNflko_002.mp4,data\preprocessed\features\z_at\dyZdiWNflko_002.pt,data\preprocessed\features\z_v\dyZdiWNflko_002.pt
dyZdiWNflko_003,mosei_real,0,mosei_dyZdiWNflko_003,,,-1,1,1,1,D:\Documents\Programming\Thesis_G10\data\raw\CMU-MOSEI\segments\dyZdiWNflko_003.mp4,data\preprocessed\features\z_at\dyZdiWNflko_003.pt,data\preprocessed\features\z_v\dyZdiWNflko_003.pt
dyZdiWNflko_004,mosei_real,0,mosei_dyZdiWNflko_004,,,-1,1,1,1,D:\Documents\Programming\Thesis_G10\data\raw\CMU-MOSEI\segments\dyZdiWNflko_004.mp4,data\preprocessed\features\z_at\dyZdiWNflko_004.pt,data\preprocessed\features\z_v\dyZdiWNflko_004.pt
dyZdiWNflko_005,mosei_real,0,mosei_dyZdiWNflko_005,,,-1,1,1,1,D:\Documents\Programming\Thesis_G10\data\raw\CMU-MOSEI\segments\dyZdiWNflko_005.mp4,data\preprocessed\features\z_at\dyZdiWNflko_005.pt,data\preprocessed\features\z_v\dyZdiWNflko_005.pt
dyZdiWNflko_006,mosei_real,0,mosei_dyZdiWNflko_006,,,-1,1,1,1,D:\Documents\Programming\Thesis_G10\data\raw\CMU-MOSEI\segments\dyZdiWNflko_006.mp4,data\preprocessed\features\z_at\dyZdiWNflko_006.pt,data\preprocessed\features\z_v\dyZdiWNflko_006.pt
dyZdiWNflko_007,mosei_real,0,mosei_dyZdiWNflko_007,,,-1,1,1,1,D:\Documents\Programming\Thesis_G10\data\raw\CMU-MOSEI\segments\dyZdiWNflko_007.mp4,data\preprocessed\features\z_at\dyZdiWNflko_007.pt,data\preprocessed\features\z_v\dyZdiWNflko_007.pt
dyZdiWNflko_009,mosei_real,0,mosei_dyZdiWNflko_009,,,-1,1,1,1,D:\Documents\Programming\Thesis_G10\data\raw\CMU-MOSEI\segments\dyZdiWNflko_009.mp4,data\preprocessed\features\z_at\dyZdiWNflko_009.pt,data\preprocessed\features\z_v\dyZdiWNflko_009.pt
e-2QlzFeyNU_001,mosei_real,0,mosei_e-2QlzFeyNU_001,,,-1,1,1,1,D:\Documents\Programming\Thesis_G10\data\raw\CMU-MOSEI\segments\e-2QlzFeyNU_001.mp4,data\preprocessed\features\z_at\e-2QlzFeyNU_001.pt,data\preprocessed\features\z_v\e-2QlzFeyNU_001.pt
e1E5W_ZefmY_001,mosei_real,0,mosei_e1E5W_ZefmY_001,,,-1,1,1,1,D:\Documents\Programming\Thesis_G10\data\raw\CMU-MOSEI\segments\e1E5W_ZefmY_001.mp4,data\preprocessed\features\z_at\e1E5W_ZefmY_001.pt,data\preprocessed\features\z_v\e1E5W_ZefmY_001.pt
e1E5W_ZefmY_002,mosei_real,0,mosei_e1E5W_ZefmY_002,,,-1,1,1,1,D:\Documents\Programming\Thesis_G10\data\raw\CMU-MOSEI\segments\e1E5W_ZefmY_002.mp4,data\preprocessed\features\z_at\e1E5W_ZefmY_002.pt,data\preprocessed\features\z_v\e1E5W_ZefmY_002.pt
e1E5W_ZefmY_003,mosei_real,0,mosei_e1E5W_ZefmY_003,,,-1,1,1,1,D:\Documents\Programming\Thesis_G10\data\raw\CMU-MOSEI\segments\e1E5W_ZefmY_003.mp4,data\preprocessed\features\z_at\e1E5W_ZefmY_003.pt,data\preprocessed\features\z_v\e1E5W_ZefmY_003.pt
e1E5W_ZefmY_005,mosei_real,0,mosei_e1E5W_ZefmY_005,,,-1,1,1,1,D:\Documents\Programming\Thesis_G10\data\raw\CMU-MOSEI\segments\e1E5W_ZefmY_005.mp4,data\preprocessed\features\z_at\e1E5W_ZefmY_005.pt,data\preprocessed\features\z_v\e1E5W_ZefmY_005.pt
e1E5W_ZefmY_006,mosei_real,0,mosei_e1E5W_ZefmY_006,,,-1,1,1,1,D:\Documents\Programming\Thesis_G10\data\raw\CMU-MOSEI\segments\e1E5W_ZefmY_006.mp4,data\preprocessed\features\z_at\e1E5W_ZefmY_006.pt,data\preprocessed\features\z_v\e1E5W_ZefmY_006.pt
e7_2U4lm6TE_000,mosei_real,0,mosei_e7_2U4lm6TE_000,,,-1,1,1,1,D:\Documents\Programming\Thesis_G10\data\raw\CMU-MOSEI\segments\e7_2U4lm6TE_000.mp4,data\preprocessed\features\z_at\e7_2U4lm6TE_000.pt,data\preprocessed\features\z_v\e7_2U4lm6TE_000.pt
e7_2U4lm6TE_002,mosei_real,0,mosei_e7_2U4lm6TE_002,,,-1,1,1,1,D:\Documents\Programming\Thesis_G10\data\raw\CMU-MOSEI\segments\e7_2U4lm6TE_002.mp4,data\preprocessed\features\z_at\e7_2U4lm6TE_002.pt,data\preprocessed\features\z_v\e7_2U4lm6TE_002.pt
e7_2U4lm6TE_003,mosei_real,0,mosei_e7_2U4lm6TE_003,,,-1,1,1,1,D:\Documents\Programming\Thesis_G10\data\raw\CMU-MOSEI\segments\e7_2U4lm6TE_003.mp4,data\preprocessed\features\z_at\e7_2U4lm6TE_003.pt,data\preprocessed\features\z_v\e7_2U4lm6TE_003.pt
e7_2U4lm6TE_004,mosei_real,0,mosei_e7_2U4lm6TE_004,,,-1,1,1,1,D:\Documents\Programming\Thesis_G10\data\raw\CMU-MOSEI\segments\e7_2U4lm6TE_004.mp4,data\preprocessed\features\z_at\e7_2U4lm6TE_004.pt,data\preprocessed\features\z_v\e7_2U4lm6TE_004.pt
e7_2U4lm6TE_005,mosei_real,0,mosei_e7_2U4lm6TE_005,,,-1,1,1,1,D:\Documents\Programming\Thesis_G10\data\raw\CMU-MOSEI\segments\e7_2U4lm6TE_005.mp4,data\preprocessed\features\z_at\e7_2U4lm6TE_005.pt,data\preprocessed\features\z_v\e7_2U4lm6TE_005.pt
e7_2U4lm6TE_006,mosei_real,0,mosei_e7_2U4lm6TE_006,,,-1,1,1,1,D:\Documents\Programming\Thesis_G10\data\raw\CMU-MOSEI\segments\e7_2U4lm6TE_006.mp4,data\preprocessed\features\z_at\e7_2U4lm6TE_006.pt,data\preprocessed\features\z_v\e7_2U4lm6TE_006.pt
e7_2U4lm6TE_007,mosei_real,0,mosei_e7_2U4lm6TE_007,,,-1,1,1,1,D:\Documents\Programming\Thesis_G10\data\raw\CMU-MOSEI\segments\e7_2U4lm6TE_007.mp4,data\preprocessed\features\z_at\e7_2U4lm6TE_007.pt,data\preprocessed\features\z_v\e7_2U4lm6TE_007.pt
e7_2U4lm6TE_011,mosei_real,0,mosei_e7_2U4lm6TE_011,,,-1,1,1,1,D:\Documents\Programming\Thesis_G10\data\raw\CMU-MOSEI\segments\e7_2U4lm6TE_011.mp4,data\preprocessed\features\z_at\e7_2U4lm6TE_011.pt,data\preprocessed\features\z_v\e7_2U4lm6TE_011.pt
e7_2U4lm6TE_014,mosei_real,0,mosei_e7_2U4lm6TE_014,,,-1,1,1,1,D:\Documents\Programming\Thesis_G10\data\raw\CMU-MOSEI\segments\e7_2U4lm6TE_014.mp4,data\preprocessed\features\z_at\e7_2U4lm6TE_014.pt,data\preprocessed\features\z_v\e7_2U4lm6TE_014.pt
e7_2U4lm6TE_017,mosei_real,0,mosei_e7_2U4lm6TE_017,,,-1,1,1,1,D:\Documents\Programming\Thesis_G10\data\raw\CMU-MOSEI\segments\e7_2U4lm6TE_017.mp4,data\preprocessed\features\z_at\e7_2U4lm6TE_017.pt,data\preprocessed\features\z_v\e7_2U4lm6TE_017.pt
eE8Qr9fOvVA_000,mosei_real,0,mosei_eE8Qr9fOvVA_000,,,-1,1,1,1,D:\Documents\Programming\Thesis_G10\data\raw\CMU-MOSEI\segments\eE8Qr9fOvVA_000.mp4,data\preprocessed\features\z_at\eE8Qr9fOvVA_000.pt,data\preprocessed\features\z_v\eE8Qr9fOvVA_000.pt
eE8Qr9fOvVA_002,mosei_real,0,mosei_eE8Qr9fOvVA_002,,,-1,1,1,1,D:\Documents\Programming\Thesis_G10\data\raw\CMU-MOSEI\segments\eE8Qr9fOvVA_002.mp4,data\preprocessed\features\z_at\eE8Qr9fOvVA_002.pt,data\preprocessed\features\z_v\eE8Qr9fOvVA_002.pt
eFV7iFPYZB4_001,mosei_real,0,mosei_eFV7iFPYZB4_001,,,-1,1,1,1,D:\Documents\Programming\Thesis_G10\data\raw\CMU-MOSEI\segments\eFV7iFPYZB4_001.mp4,data\preprocessed\features\z_at\eFV7iFPYZB4_001.pt,data\preprocessed\features\z_v\eFV7iFPYZB4_001.pt
eFV7iFPYZB4_002,mosei_real,0,mosei_eFV7iFPYZB4_002,,,-1,1,1,1,D:\Documents\Programming\Thesis_G10\data\raw\CMU-MOSEI\segments\eFV7iFPYZB4_002.mp4,data\preprocessed\features\z_at\eFV7iFPYZB4_002.pt,data\preprocessed\features\z_v\eFV7iFPYZB4_002.pt
eFV7iFPYZB4_003,mosei_real,0,mosei_eFV7iFPYZB4_003,,,-1,1,1,1,D:\Documents\Programming\Thesis_G10\data\raw\CMU-MOSEI\segments\eFV7iFPYZB4_003.mp4,data\preprocessed\features\z_at\eFV7iFPYZB4_003.pt,data\preprocessed\features\z_v\eFV7iFPYZB4_003.pt
eFV7iFPYZB4_004,mosei_real,0,mosei_eFV7iFPYZB4_004,,,-1,1,1,1,D:\Documents\Programming\Thesis_G10\data\raw\CMU-MOSEI\segments\eFV7iFPYZB4_004.mp4,data\preprocessed\features\z_at\eFV7iFPYZB4_004.pt,data\preprocessed\features\z_v\eFV7iFPYZB4_004.pt
eFV7iFPYZB4_005,mosei_real,0,mosei_eFV7iFPYZB4_005,,,-1,1,1,1,D:\Documents\Programming\Thesis_G10\data\raw\CMU-MOSEI\segments\eFV7iFPYZB4_005.mp4,data\preprocessed\features\z_at\eFV7iFPYZB4_005.pt,data\preprocessed\features\z_v\eFV7iFPYZB4_005.pt
eFV7iFPYZB4_007,mosei_real,0,mosei_eFV7iFPYZB4_007,,,-1,1,1,1,D:\Documents\Programming\Thesis_G10\data\raw\CMU-MOSEI\segments\eFV7iFPYZB4_007.mp4,data\preprocessed\features\z_at\eFV7iFPYZB4_007.pt,data\preprocessed\features\z_v\eFV7iFPYZB4_007.pt
eFV7iFPYZB4_008,mosei_real,0,mosei_eFV7iFPYZB4_008,,,-1,1,1,1,D:\Documents\Programming\Thesis_G10\data\raw\CMU-MOSEI\segments\eFV7iFPYZB4_008.mp4,data\preprocessed\features\z_at\eFV7iFPYZB4_008.pt,data\preprocessed\features\z_v\eFV7iFPYZB4_008.pt
eFV7iFPYZB4_009,mosei_real,0,mosei_eFV7iFPYZB4_009,,,-1,1,1,1,D:\Documents\Programming\Thesis_G10\data\raw\CMU-MOSEI\segments\eFV7iFPYZB4_009.mp4,data\preprocessed\features\z_at\eFV7iFPYZB4_009.pt,data\preprocessed\features\z_v\eFV7iFPYZB4_009.pt
eFV7iFPYZB4_010,mosei_real,0,mosei_eFV7iFPYZB4_010,,,-1,1,1,1,D:\Documents\Programming\Thesis_G10\data\raw\CMU-MOSEI\segments\eFV7iFPYZB4_010.mp4,data\preprocessed\features\z_at\eFV7iFPYZB4_010.pt,data\preprocessed\features\z_v\eFV7iFPYZB4_010.pt
eFV7iFPYZB4_011,mosei_real,0,mosei_eFV7iFPYZB4_011,,,-1,1,1,1,D:\Documents\Programming\Thesis_G10\data\raw\CMU-MOSEI\segments\eFV7iFPYZB4_011.mp4,data\preprocessed\features\z_at\eFV7iFPYZB4_011.pt,data\preprocessed\features\z_v\eFV7iFPYZB4_011.pt
eJfT7-dDqzA_000,mosei_real,0,mosei_eJfT7-dDqzA_000,,,-1,1,1,1,D:\Documents\Programming\Thesis_G10\data\raw\CMU-MOSEI\segments\eJfT7-dDqzA_000.mp4,data\preprocessed\features\z_at\eJfT7-dDqzA_000.pt,data\preprocessed\features\z_v\eJfT7-dDqzA_000.pt
eJfT7-dDqzA_001,mosei_real,0,mosei_eJfT7-dDqzA_001,,,-1,1,1,1,D:\Documents\Programming\Thesis_G10\data\raw\CMU-MOSEI\segments\eJfT7-dDqzA_001.mp4,data\preprocessed\features\z_at\eJfT7-dDqzA_001.pt,data\preprocessed\features\z_v\eJfT7-dDqzA_001.pt
eJfT7-dDqzA_002,mosei_real,0,mosei_eJfT7-dDqzA_002,,,-1,1,1,1,D:\Documents\Programming\Thesis_G10\data\raw\CMU-MOSEI\segments\eJfT7-dDqzA_002.mp4,data\preprocessed\features\z_at\eJfT7-dDqzA_002.pt,data\preprocessed\features\z_v\eJfT7-dDqzA_002.pt
eJfT7-dDqzA_003,mosei_real,0,mosei_eJfT7-dDqzA_003,,,-1,1,1,1,D:\Documents\Programming\Thesis_G10\data\raw\CMU-MOSEI\segments\eJfT7-dDqzA_003.mp4,data\preprocessed\features\z_at\eJfT7-dDqzA_003.pt,data\preprocessed\features\z_v\eJfT7-dDqzA_003.pt
eJfT7-dDqzA_005,mosei_real,0,mosei_eJfT7-dDqzA_005,,,-1,1,1,1,D:\Documents\Programming\Thesis_G10\data\raw\CMU-MOSEI\segments\eJfT7-dDqzA_005.mp4,data\preprocessed\features\z_at\eJfT7-dDqzA_005.pt,data\preprocessed\features\z_v\eJfT7-dDqzA_005.pt
eKRWfaizBO0_000,mosei_real,0,mosei_eKRWfaizBO0_000,,,-1,1,1,1,D:\Documents\Programming\Thesis_G10\data\raw\CMU-MOSEI\segments\eKRWfaizBO0_000.mp4,data\preprocessed\features\z_at\eKRWfaizBO0_000.pt,data\preprocessed\features\z_v\eKRWfaizBO0_000.pt
eKRWfaizBO0_001,mosei_real,0,mosei_eKRWfaizBO0_001,,,-1,1,1,1,D:\Documents\Programming\Thesis_G10\data\raw\CMU-MOSEI\segments\eKRWfaizBO0_001.mp4,data\preprocessed\features\z_at\eKRWfaizBO0_001.pt,data\preprocessed\features\z_v\eKRWfaizBO0_001.pt
eOiC1kb17P4_002,mosei_real,0,mosei_eOiC1kb17P4_002,,,-1,1,1,1,D:\Documents\Programming\Thesis_G10\data\raw\CMU-MOSEI\segments\eOiC1kb17P4_002.mp4,data\preprocessed\features\z_at\eOiC1kb17P4_002.pt,data\preprocessed\features\z_v\eOiC1kb17P4_002.pt
ePiz4zU6crI_000,mosei_real,0,mosei_ePiz4zU6crI_000,,,-1,1,1,1,D:\Documents\Programming\Thesis_G10\data\raw\CMU-MOSEI\segments\ePiz4zU6crI_000.mp4,data\preprocessed\features\z_at\ePiz4zU6crI_000.pt,data\preprocessed\features\z_v\ePiz4zU6crI_000.pt
ePtlUYCdrNM_000,mosei_real,0,mosei_ePtlUYCdrNM_000,,,-1,1,1,1,D:\Documents\Programming\Thesis_G10\data\raw\CMU-MOSEI\segments\ePtlUYCdrNM_000.mp4,data\preprocessed\features\z_at\ePtlUYCdrNM_000.pt,data\preprocessed\features\z_v\ePtlUYCdrNM_000.pt
ePtlUYCdrNM_002,mosei_real,0,mosei_ePtlUYCdrNM_002,,,-1,1,1,1,D:\Documents\Programming\Thesis_G10\data\raw\CMU-MOSEI\segments\ePtlUYCdrNM_002.mp4,data\preprocessed\features\z_at\ePtlUYCdrNM_002.pt,data\preprocessed\features\z_v\ePtlUYCdrNM_002.pt
ePtlUYCdrNM_004,mosei_real,0,mosei_ePtlUYCdrNM_004,,,-1,1,1,1,D:\Documents\Programming\Thesis_G10\data\raw\CMU-MOSEI\segments\ePtlUYCdrNM_004.mp4,data\preprocessed\features\z_at\ePtlUYCdrNM_004.pt,data\preprocessed\features\z_v\ePtlUYCdrNM_004.pt
eSHOcLD5T58_001,mosei_real,0,mosei_eSHOcLD5T58_001,,,-1,1,1,1,D:\Documents\Programming\Thesis_G10\data\raw\CMU-MOSEI\segments\eSHOcLD5T58_001.mp4,data\preprocessed\features\z_at\eSHOcLD5T58_001.pt,data\preprocessed\features\z_v\eSHOcLD5T58_001.pt
eSHOcLD5T58_003,mosei_real,0,mosei_eSHOcLD5T58_003,,,-1,1,1,1,D:\Documents\Programming\Thesis_G10\data\raw\CMU-MOSEI\segments\eSHOcLD5T58_003.mp4,data\preprocessed\features\z_at\eSHOcLD5T58_003.pt,data\preprocessed\features\z_v\eSHOcLD5T58_003.pt
eSHOcLD5T58_004,mosei_real,0,mosei_eSHOcLD5T58_004,,,-1,1,1,1,D:\Documents\Programming\Thesis_G10\data\raw\CMU-MOSEI\segments\eSHOcLD5T58_004.mp4,data\preprocessed\features\z_at\eSHOcLD5T58_004.pt,data\preprocessed\features\z_v\eSHOcLD5T58_004.pt
eSHOcLD5T58_005,mosei_real,0,mosei_eSHOcLD5T58_005,,,-1,1,1,1,D:\Documents\Programming\Thesis_G10\data\raw\CMU-MOSEI\segments\eSHOcLD5T58_005.mp4,data\preprocessed\features\z_at\eSHOcLD5T58_005.pt,data\preprocessed\features\z_v\eSHOcLD5T58_005.pt
eSHOcLD5T58_006,mosei_real,0,mosei_eSHOcLD5T58_006,,,-1,1,1,1,D:\Documents\Programming\Thesis_G10\data\raw\CMU-MOSEI\segments\eSHOcLD5T58_006.mp4,data\preprocessed\features\z_at\eSHOcLD5T58_006.pt,data\preprocessed\features\z_v\eSHOcLD5T58_006.pt
eSHOcLD5T58_007,mosei_real,0,mosei_eSHOcLD5T58_007,,,-1,1,1,1,D:\Documents\Programming\Thesis_G10\data\raw\CMU-MOSEI\segments\eSHOcLD5T58_007.mp4,data\preprocessed\features\z_at\eSHOcLD5T58_007.pt,data\preprocessed\features\z_v\eSHOcLD5T58_007.pt
eY64P27khzk_002,mosei_real,0,mosei_eY64P27khzk_002,,,-1,1,1,1,D:\Documents\Programming\Thesis_G10\data\raw\CMU-MOSEI\segments\eY64P27khzk_002.mp4,data\preprocessed\features\z_at\eY64P27khzk_002.pt,data\preprocessed\features\z_v\eY64P27khzk_002.pt
eY64P27khzk_004,mosei_real,0,mosei_eY64P27khzk_004,,,-1,1,1,1,D:\Documents\Programming\Thesis_G10\data\raw\CMU-MOSEI\segments\eY64P27khzk_004.mp4,data\preprocessed\features\z_at\eY64P27khzk_004.pt,data\preprocessed\features\z_v\eY64P27khzk_004.pt
eZVcshSUD3Q_000,mosei_real,0,mosei_eZVcshSUD3Q_000,,,-1,1,1,1,D:\Documents\Programming\Thesis_G10\data\raw\CMU-MOSEI\segments\eZVcshSUD3Q_000.mp4,data\preprocessed\features\z_at\eZVcshSUD3Q_000.pt,data\preprocessed\features\z_v\eZVcshSUD3Q_000.pt
ehZrOdw6PhA_000,mosei_real,0,mosei_ehZrOdw6PhA_000,,,-1,1,1,1,D:\Documents\Programming\Thesis_G10\data\raw\CMU-MOSEI\segments\ehZrOdw6PhA_000.mp4,data\preprocessed\features\z_at\ehZrOdw6PhA_000.pt,data\preprocessed\features\z_v\ehZrOdw6PhA_000.pt
ehZrOdw6PhA_001,mosei_real,0,mosei_ehZrOdw6PhA_001,,,-1,1,1,1,D:\Documents\Programming\Thesis_G10\data\raw\CMU-MOSEI\segments\ehZrOdw6PhA_001.mp4,data\preprocessed\features\z_at\ehZrOdw6PhA_001.pt,data\preprocessed\features\z_v\ehZrOdw6PhA_001.pt
ejDe6hQWZOk_000,mosei_real,0,mosei_ejDe6hQWZOk_000,,,-1,1,1,1,D:\Documents\Programming\Thesis_G10\data\raw\CMU-MOSEI\segments\ejDe6hQWZOk_000.mp4,data\preprocessed\features\z_at\ejDe6hQWZOk_000.pt,data\preprocessed\features\z_v\ejDe6hQWZOk_000.pt
ejDe6hQWZOk_002,mosei_real,0,mosei_ejDe6hQWZOk_002,,,-1,1,1,1,D:\Documents\Programming\Thesis_G10\data\raw\CMU-MOSEI\segments\ejDe6hQWZOk_002.mp4,data\preprocessed\features\z_at\ejDe6hQWZOk_002.pt,data\preprocessed\features\z_v\ejDe6hQWZOk_002.pt
ep3IasggD3k_000,mosei_real,0,mosei_ep3IasggD3k_000,,,-1,1,1,1,D:\Documents\Programming\Thesis_G10\data\raw\CMU-MOSEI\segments\ep3IasggD3k_000.mp4,data\preprocessed\features\z_at\ep3IasggD3k_000.pt,data\preprocessed\features\z_v\ep3IasggD3k_000.pt
ep3IasggD3k_004,mosei_real,0,mosei_ep3IasggD3k_004,,,-1,1,1,1,D:\Documents\Programming\Thesis_G10\data\raw\CMU-MOSEI\segments\ep3IasggD3k_004.mp4,data\preprocessed\features\z_at\ep3IasggD3k_004.pt,data\preprocessed\features\z_v\ep3IasggD3k_004.pt
ep3IasggD3k_005,mosei_real,0,mosei_ep3IasggD3k_005,,,-1,1,1,1,D:\Documents\Programming\Thesis_G10\data\raw\CMU-MOSEI\segments\ep3IasggD3k_005.mp4,data\preprocessed\features\z_at\ep3IasggD3k_005.pt,data\preprocessed\features\z_v\ep3IasggD3k_005.pt
ep3IasggD3k_006,mosei_real,0,mosei_ep3IasggD3k_006,,,-1,1,1,1,D:\Documents\Programming\Thesis_G10\data\raw\CMU-MOSEI\segments\ep3IasggD3k_006.mp4,data\preprocessed\features\z_at\ep3IasggD3k_006.pt,data\preprocessed\features\z_v\ep3IasggD3k_006.pt
erNDEjQeox8_000,mosei_real,0,mosei_erNDEjQeox8_000,,,-1,1,1,1,D:\Documents\Programming\Thesis_G10\data\raw\CMU-MOSEI\segments\erNDEjQeox8_000.mp4,data\preprocessed\features\z_at\erNDEjQeox8_000.pt,data\preprocessed\features\z_v\erNDEjQeox8_000.pt
esnOE1LefKA_000,mosei_real,0,mosei_esnOE1LefKA_000,,,-1,1,1,1,D:\Documents\Programming\Thesis_G10\data\raw\CMU-MOSEI\segments\esnOE1LefKA_000.mp4,data\preprocessed\features\z_at\esnOE1LefKA_000.pt,data\preprocessed\features\z_v\esnOE1LefKA_000.pt
esnOE1LefKA_001,mosei_real,0,mosei_esnOE1LefKA_001,,,-1,1,1,1,D:\Documents\Programming\Thesis_G10\data\raw\CMU-MOSEI\segments\esnOE1LefKA_001.mp4,data\preprocessed\features\z_at\esnOE1LefKA_001.pt,data\preprocessed\features\z_v\esnOE1LefKA_001.pt
ex-dKshlXoY_000,mosei_real,0,mosei_ex-dKshlXoY_000,,,-1,1,1,1,D:\Documents\Programming\Thesis_G10\data\raw\CMU-MOSEI\segments\ex-dKshlXoY_000.mp4,data\preprocessed\features\z_at\ex-dKshlXoY_000.pt,data\preprocessed\features\z_v\ex-dKshlXoY_000.pt
ex-dKshlXoY_001,mosei_real,0,mosei_ex-dKshlXoY_001,,,-1,1,1,1,D:\Documents\Programming\Thesis_G10\data\raw\CMU-MOSEI\segments\ex-dKshlXoY_001.mp4,data\preprocessed\features\z_at\ex-dKshlXoY_001.pt,data\preprocessed\features\z_v\ex-dKshlXoY_001.pt
ey1lr8wFFDc_000,mosei_real,0,mosei_ey1lr8wFFDc_000,,,-1,1,1,1,D:\Documents\Programming\Thesis_G10\data\raw\CMU-MOSEI\segments\ey1lr8wFFDc_000.mp4,data\preprocessed\features\z_at\ey1lr8wFFDc_000.pt,data\preprocessed\features\z_v\ey1lr8wFFDc_000.pt
ezuWKsxPRSM_000,mosei_real,0,mosei_ezuWKsxPRSM_000,,,-1,1,1,1,D:\Documents\Programming\Thesis_G10\data\raw\CMU-MOSEI\segments\ezuWKsxPRSM_000.mp4,data\preprocessed\features\z_at\ezuWKsxPRSM_000.pt,data\preprocessed\features\z_v\ezuWKsxPRSM_000.pt
f-VdKweez2U_001,mosei_real,0,mosei_f-VdKweez2U_001,,,-1,1,1,1,D:\Documents\Programming\Thesis_G10\data\raw\CMU-MOSEI\segments\f-VdKweez2U_001.mp4,data\preprocessed\features\z_at\f-VdKweez2U_001.pt,data\preprocessed\features\z_v\f-VdKweez2U_001.pt
f-VdKweez2U_003,mosei_real,0,mosei_f-VdKweez2U_003,,,-1,1,1,1,D:\Documents\Programming\Thesis_G10\data\raw\CMU-MOSEI\segments\f-VdKweez2U_003.mp4,data\preprocessed\features\z_at\f-VdKweez2U_003.pt,data\preprocessed\features\z_v\f-VdKweez2U_003.pt
f-VdKweez2U_004,mosei_real,0,mosei_f-VdKweez2U_004,,,-1,1,1,1,D:\Documents\Programming\Thesis_G10\data\raw\CMU-MOSEI\segments\f-VdKweez2U_004.mp4,data\preprocessed\features\z_at\f-VdKweez2U_004.pt,data\preprocessed\features\z_v\f-VdKweez2U_004.pt
f5k5cF80aUE_000,mosei_real,0,mosei_f5k5cF80aUE_000,,,-1,1,1,1,D:\Documents\Programming\Thesis_G10\data\raw\CMU-MOSEI\segments\f5k5cF80aUE_000.mp4,data\preprocessed\features\z_at\f5k5cF80aUE_000.pt,data\preprocessed\features\z_v\f5k5cF80aUE_000.pt
f5k5cF80aUE_001,mosei_real,0,mosei_f5k5cF80aUE_001,,,-1,1,1,1,D:\Documents\Programming\Thesis_G10\data\raw\CMU-MOSEI\segments\f5k5cF80aUE_001.mp4,data\preprocessed\features\z_at\f5k5cF80aUE_001.pt,data\preprocessed\features\z_v\f5k5cF80aUE_001.pt
f5k5cF80aUE_002,mosei_real,0,mosei_f5k5cF80aUE_002,,,-1,1,1,1,D:\Documents\Programming\Thesis_G10\data\raw\CMU-MOSEI\segments\f5k5cF80aUE_002.mp4,data\preprocessed\features\z_at\f5k5cF80aUE_002.pt,data\preprocessed\features\z_v\f5k5cF80aUE_002.pt
f5k5cF80aUE_003,mosei_real,0,mosei_f5k5cF80aUE_003,,,-1,1,1,1,D:\Documents\Programming\Thesis_G10\data\raw\CMU-MOSEI\segments\f5k5cF80aUE_003.mp4,data\preprocessed\features\z_at\f5k5cF80aUE_003.pt,data\preprocessed\features\z_v\f5k5cF80aUE_003.pt
f6S2XNPIiFk_007,mosei_real,0,mosei_f6S2XNPIiFk_007,,,-1,1,1,1,D:\Documents\Programming\Thesis_G10\data\raw\CMU-MOSEI\segments\f6S2XNPIiFk_007.mp4,data\preprocessed\features\z_at\f6S2XNPIiFk_007.pt,data\preprocessed\features\z_v\f6S2XNPIiFk_007.pt
f6S2XNPIiFk_008,mosei_real,0,mosei_f6S2XNPIiFk_008,,,-1,1,1,1,D:\Documents\Programming\Thesis_G10\data\raw\CMU-MOSEI\segments\f6S2XNPIiFk_008.mp4,data\preprocessed\features\z_at\f6S2XNPIiFk_008.pt,data\preprocessed\features\z_v\f6S2XNPIiFk_008.pt
f8Puta8k8fU_000,mosei_real,0,mosei_f8Puta8k8fU_000,,,-1,1,1,1,D:\Documents\Programming\Thesis_G10\data\raw\CMU-MOSEI\segments\f8Puta8k8fU_000.mp4,data\preprocessed\features\z_at\f8Puta8k8fU_000.pt,data\preprocessed\features\z_v\f8Puta8k8fU_000.pt
fDYZINwIs_A_000,mosei_real,0,mosei_fDYZINwIs_A_000,,,-1,1,1,1,D:\Documents\Programming\Thesis_G10\data\raw\CMU-MOSEI\segments\fDYZINwIs_A_000.mp4,data\preprocessed\features\z_at\fDYZINwIs_A_000.pt,data\preprocessed\features\z_v\fDYZINwIs_A_000.pt
fI9KptYFZeg_001,mosei_real,0,mosei_fI9KptYFZeg_001,,,-1,1,1,1,D:\Documents\Programming\Thesis_G10\data\raw\CMU-MOSEI\segments\fI9KptYFZeg_001.mp4,data\preprocessed\features\z_at\fI9KptYFZeg_001.pt,data\preprocessed\features\z_v\fI9KptYFZeg_001.pt
fI9KptYFZeg_003,mosei_real,0,mosei_fI9KptYFZeg_003,,,-1,1,1,1,D:\Documents\Programming\Thesis_G10\data\raw\CMU-MOSEI\segments\fI9KptYFZeg_003.mp4,data\preprocessed\features\z_at\fI9KptYFZeg_003.pt,data\preprocessed\features\z_v\fI9KptYFZeg_003.pt
fOxg1NstCHA_000,mosei_real,0,mosei_fOxg1NstCHA_000,,,-1,1,1,1,D:\Documents\Programming\Thesis_G10\data\raw\CMU-MOSEI\segments\fOxg1NstCHA_000.mp4,data\preprocessed\features\z_at\fOxg1NstCHA_000.pt,data\preprocessed\features\z_v\fOxg1NstCHA_000.pt
fSOVk2cS-sY_000,mosei_real,0,mosei_fSOVk2cS-sY_000,,,-1,1,1,1,D:\Documents\Programming\Thesis_G10\data\raw\CMU-MOSEI\segments\fSOVk2cS-sY_000.mp4,data\preprocessed\features\z_at\fSOVk2cS-sY_000.pt,data\preprocessed\features\z_v\fSOVk2cS-sY_000.pt
fSOVk2cS-sY_003,mosei_real,0,mosei_fSOVk2cS-sY_003,,,-1,1,1,1,D:\Documents\Programming\Thesis_G10\data\raw\CMU-MOSEI\segments\fSOVk2cS-sY_003.mp4,data\preprocessed\features\z_at\fSOVk2cS-sY_003.pt,data\preprocessed\features\z_v\fSOVk2cS-sY_003.pt
fSOVk2cS-sY_004,mosei_real,0,mosei_fSOVk2cS-sY_004,,,-1,1,1,1,D:\Documents\Programming\Thesis_G10\data\raw\CMU-MOSEI\segments\fSOVk2cS-sY_004.mp4,data\preprocessed\features\z_at\fSOVk2cS-sY_004.pt,data\preprocessed\features\z_v\fSOVk2cS-sY_004.pt
fTNOAssiTYk_001,mosei_real,0,mosei_fTNOAssiTYk_001,,,-1,1,1,1,D:\Documents\Programming\Thesis_G10\data\raw\CMU-MOSEI\segments\fTNOAssiTYk_001.mp4,data\preprocessed\features\z_at\fTNOAssiTYk_001.pt,data\preprocessed\features\z_v\fTNOAssiTYk_001.pt
fTNOAssiTYk_004,mosei_real,0,mosei_fTNOAssiTYk_004,,,-1,1,1,1,D:\Documents\Programming\Thesis_G10\data\raw\CMU-MOSEI\segments\fTNOAssiTYk_004.mp4,data\preprocessed\features\z_at\fTNOAssiTYk_004.pt,data\preprocessed\features\z_v\fTNOAssiTYk_004.pt
fTNOAssiTYk_005,mosei_real,0,mosei_fTNOAssiTYk_005,,,-1,1,1,1,D:\Documents\Programming\Thesis_G10\data\raw\CMU-MOSEI\segments\fTNOAssiTYk_005.mp4,data\preprocessed\features\z_at\fTNOAssiTYk_005.pt,data\preprocessed\features\z_v\fTNOAssiTYk_005.pt
fW1pK2L6RgM_000,mosei_real,0,mosei_fW1pK2L6RgM_000,,,-1,1,1,1,D:\Documents\Programming\Thesis_G10\data\raw\CMU-MOSEI\segments\fW1pK2L6RgM_000.mp4,data\preprocessed\features\z_at\fW1pK2L6RgM_000.pt,data\preprocessed\features\z_v\fW1pK2L6RgM_000.pt
fW1pK2L6RgM_002,mosei_real,0,mosei_fW1pK2L6RgM_002,,,-1,1,1,1,D:\Documents\Programming\Thesis_G10\data\raw\CMU-MOSEI\segments\fW1pK2L6RgM_002.mp4,data\preprocessed\features\z_at\fW1pK2L6RgM_002.pt,data\preprocessed\features\z_v\fW1pK2L6RgM_002.pt
fW1pK2L6RgM_005,mosei_real,0,mosei_fW1pK2L6RgM_005,,,-1,1,1,1,D:\Documents\Programming\Thesis_G10\data\raw\CMU-MOSEI\segments\fW1pK2L6RgM_005.mp4,data\preprocessed\features\z_at\fW1pK2L6RgM_005.pt,data\preprocessed\features\z_v\fW1pK2L6RgM_005.pt
fWOIAxzBQFY_004,mosei_real,0,mosei_fWOIAxzBQFY_004,,,-1,1,1,1,D:\Documents\Programming\Thesis_G10\data\raw\CMU-MOSEI\segments\fWOIAxzBQFY_004.mp4,data\preprocessed\features\z_at\fWOIAxzBQFY_004.pt,data\preprocessed\features\z_v\fWOIAxzBQFY_004.pt
fWOIAxzBQFY_005,mosei_real,0,mosei_fWOIAxzBQFY_005,,,-1,1,1,1,D:\Documents\Programming\Thesis_G10\data\raw\CMU-MOSEI\segments\fWOIAxzBQFY_005.mp4,data\preprocessed\features\z_at\fWOIAxzBQFY_005.pt,data\preprocessed\features\z_v\fWOIAxzBQFY_005.pt
fWOIAxzBQFY_008,mosei_real,0,mosei_fWOIAxzBQFY_008,,,-1,1,1,1,D:\Documents\Programming\Thesis_G10\data\raw\CMU-MOSEI\segments\fWOIAxzBQFY_008.mp4,data\preprocessed\features\z_at\fWOIAxzBQFY_008.pt,data\preprocessed\features\z_v\fWOIAxzBQFY_008.pt
fWOIAxzBQFY_010,mosei_real,0,mosei_fWOIAxzBQFY_010,,,-1,1,1,1,D:\Documents\Programming\Thesis_G10\data\raw\CMU-MOSEI\segments\fWOIAxzBQFY_010.mp4,data\preprocessed\features\z_at\fWOIAxzBQFY_010.pt,data\preprocessed\features\z_v\fWOIAxzBQFY_010.pt
fWOIAxzBQFY_011,mosei_real,0,mosei_fWOIAxzBQFY_011,,,-1,1,1,1,D:\Documents\Programming\Thesis_G10\data\raw\CMU-MOSEI\segments\fWOIAxzBQFY_011.mp4,data\preprocessed\features\z_at\fWOIAxzBQFY_011.pt,data\preprocessed\features\z_v\fWOIAxzBQFY_011.pt
f_ZJ7L14oYQ_000,mosei_real,0,mosei_f_ZJ7L14oYQ_000,,,-1,1,1,1,D:\Documents\Programming\Thesis_G10\data\raw\CMU-MOSEI\segments\f_ZJ7L14oYQ_000.mp4,data\preprocessed\features\z_at\f_ZJ7L14oYQ_000.pt,data\preprocessed\features\z_v\f_ZJ7L14oYQ_000.pt
f_ZJ7L14oYQ_002,mosei_real,0,mosei_f_ZJ7L14oYQ_002,,,-1,1,1,1,D:\Documents\Programming\Thesis_G10\data\raw\CMU-MOSEI\segments\f_ZJ7L14oYQ_002.mp4,data\preprocessed\features\z_at\f_ZJ7L14oYQ_002.pt,data\preprocessed\features\z_v\f_ZJ7L14oYQ_002.pt
f_ZJ7L14oYQ_003,mosei_real,0,mosei_f_ZJ7L14oYQ_003,,,-1,1,1,1,D:\Documents\Programming\Thesis_G10\data\raw\CMU-MOSEI\segments\f_ZJ7L14oYQ_003.mp4,data\preprocessed\features\z_at\f_ZJ7L14oYQ_003.pt,data\preprocessed\features\z_v\f_ZJ7L14oYQ_003.pt
f_ZJ7L14oYQ_006,mosei_real,0,mosei_f_ZJ7L14oYQ_006,,,-1,1,1,1,D:\Documents\Programming\Thesis_G10\data\raw\CMU-MOSEI\segments\f_ZJ7L14oYQ_006.mp4,data\preprocessed\features\z_at\f_ZJ7L14oYQ_006.pt,data\preprocessed\features\z_v\f_ZJ7L14oYQ_006.pt
f_ZJ7L14oYQ_007,mosei_real,0,mosei_f_ZJ7L14oYQ_007,,,-1,1,1,1,D:\Documents\Programming\Thesis_G10\data\raw\CMU-MOSEI\segments\f_ZJ7L14oYQ_007.mp4,data\preprocessed\features\z_at\f_ZJ7L14oYQ_007.pt,data\preprocessed\features\z_v\f_ZJ7L14oYQ_007.pt
f_ZJ7L14oYQ_009,mosei_real,0,mosei_f_ZJ7L14oYQ_009,,,-1,1,1,1,D:\Documents\Programming\Thesis_G10\data\raw\CMU-MOSEI\segments\f_ZJ7L14oYQ_009.mp4,data\preprocessed\features\z_at\f_ZJ7L14oYQ_009.pt,data\preprocessed\features\z_v\f_ZJ7L14oYQ_009.pt
f_ZJ7L14oYQ_010,mosei_real,0,mosei_f_ZJ7L14oYQ_010,,,-1,1,1,1,D:\Documents\Programming\Thesis_G10\data\raw\CMU-MOSEI\segments\f_ZJ7L14oYQ_010.mp4,data\preprocessed\features\z_at\f_ZJ7L14oYQ_010.pt,data\preprocessed\features\z_v\f_ZJ7L14oYQ_010.pt
f_ZJ7L14oYQ_011,mosei_real,0,mosei_f_ZJ7L14oYQ_011,,,-1,1,1,1,D:\Documents\Programming\Thesis_G10\data\raw\CMU-MOSEI\segments\f_ZJ7L14oYQ_011.mp4,data\preprocessed\features\z_at\f_ZJ7L14oYQ_011.pt,data\preprocessed\features\z_v\f_ZJ7L14oYQ_011.pt
f_ZJ7L14oYQ_013,mosei_real,0,mosei_f_ZJ7L14oYQ_013,,,-1,1,1,1,D:\Documents\Programming\Thesis_G10\data\raw\CMU-MOSEI\segments\f_ZJ7L14oYQ_013.mp4,data\preprocessed\features\z_at\f_ZJ7L14oYQ_013.pt,data\preprocessed\features\z_v\f_ZJ7L14oYQ_013.pt
f_ZJ7L14oYQ_014,mosei_real,0,mosei_f_ZJ7L14oYQ_014,,,-1,1,1,1,D:\Documents\Programming\Thesis_G10\data\raw\CMU-MOSEI\segments\f_ZJ7L14oYQ_014.mp4,data\preprocessed\features\z_at\f_ZJ7L14oYQ_014.pt,data\preprocessed\features\z_v\f_ZJ7L14oYQ_014.pt
faUvT7zfsyk_000,mosei_real,0,mosei_faUvT7zfsyk_000,,,-1,1,1,1,D:\Documents\Programming\Thesis_G10\data\raw\CMU-MOSEI\segments\faUvT7zfsyk_000.mp4,data\preprocessed\features\z_at\faUvT7zfsyk_000.pt,data\preprocessed\features\z_v\faUvT7zfsyk_000.pt
faUvT7zfsyk_002,mosei_real,0,mosei_faUvT7zfsyk_002,,,-1,1,1,1,D:\Documents\Programming\Thesis_G10\data\raw\CMU-MOSEI\segments\faUvT7zfsyk_002.mp4,data\preprocessed\features\z_at\faUvT7zfsyk_002.pt,data\preprocessed\features\z_v\faUvT7zfsyk_002.pt
faXGVcVcVsE_000,mosei_real,0,mosei_faXGVcVcVsE_000,,,-1,1,1,1,D:\Documents\Programming\Thesis_G10\data\raw\CMU-MOSEI\segments\faXGVcVcVsE_000.mp4,data\preprocessed\features\z_at\faXGVcVcVsE_000.pt,data\preprocessed\features\z_v\faXGVcVcVsE_000.pt
faXGVcVcVsE_002,mosei_real,0,mosei_faXGVcVcVsE_002,,,-1,1,1,1,D:\Documents\Programming\Thesis_G10\data\raw\CMU-MOSEI\segments\faXGVcVcVsE_002.mp4,data\preprocessed\features\z_at\faXGVcVcVsE_002.pt,data\preprocessed\features\z_v\faXGVcVcVsE_002.pt
faXGVcVcVsE_005,mosei_real,0,mosei_faXGVcVcVsE_005,,,-1,1,1,1,D:\Documents\Programming\Thesis_G10\data\raw\CMU-MOSEI\segments\faXGVcVcVsE_005.mp4,data\preprocessed\features\z_at\faXGVcVcVsE_005.pt,data\preprocessed\features\z_v\faXGVcVcVsE_005.pt
faXGVcVcVsE_006,mosei_real,0,mosei_faXGVcVcVsE_006,,,-1,1,1,1,D:\Documents\Programming\Thesis_G10\data\raw\CMU-MOSEI\segments\faXGVcVcVsE_006.mp4,data\preprocessed\features\z_at\faXGVcVcVsE_006.pt,data\preprocessed\features\z_v\faXGVcVcVsE_006.pt
faXGVcVcVsE_015,mosei_real,0,mosei_faXGVcVcVsE_015,,,-1,1,1,1,D:\Documents\Programming\Thesis_G10\data\raw\CMU-MOSEI\segments\faXGVcVcVsE_015.mp4,data\preprocessed\features\z_at\faXGVcVcVsE_015.pt,data\preprocessed\features\z_v\faXGVcVcVsE_015.pt
fbHlBmq7Ipo_000,mosei_real,0,mosei_fbHlBmq7Ipo_000,,,-1,1,1,1,D:\Documents\Programming\Thesis_G10\data\raw\CMU-MOSEI\segments\fbHlBmq7Ipo_000.mp4,data\preprocessed\features\z_at\fbHlBmq7Ipo_000.pt,data\preprocessed\features\z_v\fbHlBmq7Ipo_000.pt
fbHlBmq7Ipo_002,mosei_real,0,mosei_fbHlBmq7Ipo_002,,,-1,1,1,1,D:\Documents\Programming\Thesis_G10\data\raw\CMU-MOSEI\segments\fbHlBmq7Ipo_002.mp4,data\preprocessed\features\z_at\fbHlBmq7Ipo_002.pt,data\preprocessed\features\z_v\fbHlBmq7Ipo_002.pt
fbHlBmq7Ipo_003,mosei_real,0,mosei_fbHlBmq7Ipo_003,,,-1,1,1,1,D:\Documents\Programming\Thesis_G10\data\raw\CMU-MOSEI\segments\fbHlBmq7Ipo_003.mp4,data\preprocessed\features\z_at\fbHlBmq7Ipo_003.pt,data\preprocessed\features\z_v\fbHlBmq7Ipo_003.pt
fbHlBmq7Ipo_005,mosei_real,0,mosei_fbHlBmq7Ipo_005,,,-1,1,1,1,D:\Documents\Programming\Thesis_G10\data\raw\CMU-MOSEI\segments\fbHlBmq7Ipo_005.mp4,data\preprocessed\features\z_at\fbHlBmq7Ipo_005.pt,data\preprocessed\features\z_v\fbHlBmq7Ipo_005.pt
fbHlBmq7Ipo_007,mosei_real,0,mosei_fbHlBmq7Ipo_007,,,-1,1,1,1,D:\Documents\Programming\Thesis_G10\data\raw\CMU-MOSEI\segments\fbHlBmq7Ipo_007.mp4,data\preprocessed\features\z_at\fbHlBmq7Ipo_007.pt,data\preprocessed\features\z_v\fbHlBmq7Ipo_007.pt
fbHlBmq7Ipo_008,mosei_real,0,mosei_fbHlBmq7Ipo_008,,,-1,1,1,1,D:\Documents\Programming\Thesis_G10\data\raw\CMU-MOSEI\segments\fbHlBmq7Ipo_008.mp4,data\preprocessed\features\z_at\fbHlBmq7Ipo_008.pt,data\preprocessed\features\z_v\fbHlBmq7Ipo_008.pt
fbHlBmq7Ipo_010,mosei_real,0,mosei_fbHlBmq7Ipo_010,,,-1,1,1,1,D:\Documents\Programming\Thesis_G10\data\raw\CMU-MOSEI\segments\fbHlBmq7Ipo_010.mp4,data\preprocessed\features\z_at\fbHlBmq7Ipo_010.pt,data\preprocessed\features\z_v\fbHlBmq7Ipo_010.pt
fbHlBmq7Ipo_011,mosei_real,0,mosei_fbHlBmq7Ipo_011,,,-1,1,1,1,D:\Documents\Programming\Thesis_G10\data\raw\CMU-MOSEI\segments\fbHlBmq7Ipo_011.mp4,data\preprocessed\features\z_at\fbHlBmq7Ipo_011.pt,data\preprocessed\features\z_v\fbHlBmq7Ipo_011.pt
fbSxct2JcKU_000,mosei_real,0,mosei_fbSxct2JcKU_000,,,-1,1,1,1,D:\Documents\Programming\Thesis_G10\data\raw\CMU-MOSEI\segments\fbSxct2JcKU_000.mp4,data\preprocessed\features\z_at\fbSxct2JcKU_000.pt,data\preprocessed\features\z_v\fbSxct2JcKU_000.pt
fcxbB7ybUfs_002,mosei_real,0,mosei_fcxbB7ybUfs_002,,,-1,1,1,1,D:\Documents\Programming\Thesis_G10\data\raw\CMU-MOSEI\segments\fcxbB7ybUfs_002.mp4,data\preprocessed\features\z_at\fcxbB7ybUfs_002.pt,data\preprocessed\features\z_v\fcxbB7ybUfs_002.pt
fdc7iyzKvFQ_000,mosei_real,0,mosei_fdc7iyzKvFQ_000,,,-1,1,1,1,D:\Documents\Programming\Thesis_G10\data\raw\CMU-MOSEI\segments\fdc7iyzKvFQ_000.mp4,data\preprocessed\features\z_at\fdc7iyzKvFQ_000.pt,data\preprocessed\features\z_v\fdc7iyzKvFQ_000.pt
fdc7iyzKvFQ_002,mosei_real,0,mosei_fdc7iyzKvFQ_002,,,-1,1,1,1,D:\Documents\Programming\Thesis_G10\data\raw\CMU-MOSEI\segments\fdc7iyzKvFQ_002.mp4,data\preprocessed\features\z_at\fdc7iyzKvFQ_002.pt,data\preprocessed\features\z_v\fdc7iyzKvFQ_002.pt
fe2CWCpdTF8_000,mosei_real,0,mosei_fe2CWCpdTF8_000,,,-1,1,1,1,D:\Documents\Programming\Thesis_G10\data\raw\CMU-MOSEI\segments\fe2CWCpdTF8_000.mp4,data\preprocessed\features\z_at\fe2CWCpdTF8_000.pt,data\preprocessed\features\z_v\fe2CWCpdTF8_000.pt
fhADeWE5VgU_002,mosei_real,0,mosei_fhADeWE5VgU_002,,,-1,1,1,1,D:\Documents\Programming\Thesis_G10\data\raw\CMU-MOSEI\segments\fhADeWE5VgU_002.mp4,data\preprocessed\features\z_at\fhADeWE5VgU_002.pt,data\preprocessed\features\z_v\fhADeWE5VgU_002.pt
fhY2vbnjuWY_000,mosei_real,0,mosei_fhY2vbnjuWY_000,,,-1,1,1,1,D:\Documents\Programming\Thesis_G10\data\raw\CMU-MOSEI\segments\fhY2vbnjuWY_000.mp4,data\preprocessed\features\z_at\fhY2vbnjuWY_000.pt,data\preprocessed\features\z_v\fhY2vbnjuWY_000.pt
fhY2vbnjuWY_001,mosei_real,0,mosei_fhY2vbnjuWY_001,,,-1,1,1,1,D:\Documents\Programming\Thesis_G10\data\raw\CMU-MOSEI\segments\fhY2vbnjuWY_001.mp4,data\preprocessed\features\z_at\fhY2vbnjuWY_001.pt,data\preprocessed\features\z_v\fhY2vbnjuWY_001.pt
fhY2vbnjuWY_002,mosei_real,0,mosei_fhY2vbnjuWY_002,,,-1,1,1,1,D:\Documents\Programming\Thesis_G10\data\raw\CMU-MOSEI\segments\fhY2vbnjuWY_002.mp4,data\preprocessed\features\z_at\fhY2vbnjuWY_002.pt,data\preprocessed\features\z_v\fhY2vbnjuWY_002.pt
fiXZqpbRYKk_000,mosei_real,0,mosei_fiXZqpbRYKk_000,,,-1,1,1,1,D:\Documents\Programming\Thesis_G10\data\raw\CMU-MOSEI\segments\fiXZqpbRYKk_000.mp4,data\preprocessed\features\z_at\fiXZqpbRYKk_000.pt,data\preprocessed\features\z_v\fiXZqpbRYKk_000.pt
fiXZqpbRYKk_001,mosei_real,0,mosei_fiXZqpbRYKk_001,,,-1,1,1,1,D:\Documents\Programming\Thesis_G10\data\raw\CMU-MOSEI\segments\fiXZqpbRYKk_001.mp4,data\preprocessed\features\z_at\fiXZqpbRYKk_001.pt,data\preprocessed\features\z_v\fiXZqpbRYKk_001.pt
fiXZqpbRYKk_002,mosei_real,0,mosei_fiXZqpbRYKk_002,,,-1,1,1,1,D:\Documents\Programming\Thesis_G10\data\raw\CMU-MOSEI\segments\fiXZqpbRYKk_002.mp4,data\preprocessed\features\z_at\fiXZqpbRYKk_002.pt,data\preprocessed\features\z_v\fiXZqpbRYKk_002.pt
fiXZqpbRYKk_003,mosei_real,0,mosei_fiXZqpbRYKk_003,,,-1,1,1,1,D:\Documents\Programming\Thesis_G10\data\raw\CMU-MOSEI\segments\fiXZqpbRYKk_003.mp4,data\preprocessed\features\z_at\fiXZqpbRYKk_003.pt,data\preprocessed\features\z_v\fiXZqpbRYKk_003.pt
fiXZqpbRYKk_004,mosei_real,0,mosei_fiXZqpbRYKk_004,,,-1,1,1,1,D:\Documents\Programming\Thesis_G10\data\raw\CMU-MOSEI\segments\fiXZqpbRYKk_004.mp4,data\preprocessed\features\z_at\fiXZqpbRYKk_004.pt,data\preprocessed\features\z_v\fiXZqpbRYKk_004.pt
fiXZqpbRYKk_005,mosei_real,0,mosei_fiXZqpbRYKk_005,,,-1,1,1,1,D:\Documents\Programming\Thesis_G10\data\raw\CMU-MOSEI\segments\fiXZqpbRYKk_005.mp4,data\preprocessed\features\z_at\fiXZqpbRYKk_005.pt,data\preprocessed\features\z_v\fiXZqpbRYKk_005.pt
fiXZqpbRYKk_006,mosei_real,0,mosei_fiXZqpbRYKk_006,,,-1,1,1,1,D:\Documents\Programming\Thesis_G10\data\raw\CMU-MOSEI\segments\fiXZqpbRYKk_006.mp4,data\preprocessed\features\z_at\fiXZqpbRYKk_006.pt,data\preprocessed\features\z_v\fiXZqpbRYKk_006.pt
fiXZqpbRYKk_007,mosei_real,0,mosei_fiXZqpbRYKk_007,,,-1,1,1,1,D:\Documents\Programming\Thesis_G10\data\raw\CMU-MOSEI\segments\fiXZqpbRYKk_007.mp4,data\preprocessed\features\z_at\fiXZqpbRYKk_007.pt,data\preprocessed\features\z_v\fiXZqpbRYKk_007.pt
fiXZqpbRYKk_008,mosei_real,0,mosei_fiXZqpbRYKk_008,,,-1,1,1,1,D:\Documents\Programming\Thesis_G10\data\raw\CMU-MOSEI\segments\fiXZqpbRYKk_008.mp4,data\preprocessed\features\z_at\fiXZqpbRYKk_008.pt,data\preprocessed\features\z_v\fiXZqpbRYKk_008.pt
fiXZqpbRYKk_010,mosei_real,0,mosei_fiXZqpbRYKk_010,,,-1,1,1,1,D:\Documents\Programming\Thesis_G10\data\raw\CMU-MOSEI\segments\fiXZqpbRYKk_010.mp4,data\preprocessed\features\z_at\fiXZqpbRYKk_010.pt,data\preprocessed\features\z_v\fiXZqpbRYKk_010.pt
fiXZqpbRYKk_011,mosei_real,0,mosei_fiXZqpbRYKk_011,,,-1,1,1,1,D:\Documents\Programming\Thesis_G10\data\raw\CMU-MOSEI\segments\fiXZqpbRYKk_011.mp4,data\preprocessed\features\z_at\fiXZqpbRYKk_011.pt,data\preprocessed\features\z_v\fiXZqpbRYKk_011.pt
flBtk736di4_000,mosei_real,0,mosei_flBtk736di4_000,,,-1,1,1,1,D:\Documents\Programming\Thesis_G10\data\raw\CMU-MOSEI\segments\flBtk736di4_000.mp4,data\preprocessed\features\z_at\flBtk736di4_000.pt,data\preprocessed\features\z_v\flBtk736di4_000.pt
flBtk736di4_006,mosei_real,0,mosei_flBtk736di4_006,,,-1,1,1,1,D:\Documents\Programming\Thesis_G10\data\raw\CMU-MOSEI\segments\flBtk736di4_006.mp4,data\preprocessed\features\z_at\flBtk736di4_006.pt,data\preprocessed\features\z_v\flBtk736di4_006.pt
flBtk736di4_007,mosei_real,0,mosei_flBtk736di4_007,,,-1,1,1,1,D:\Documents\Programming\Thesis_G10\data\raw\CMU-MOSEI\segments\flBtk736di4_007.mp4,data\preprocessed\features\z_at\flBtk736di4_007.pt,data\preprocessed\features\z_v\flBtk736di4_007.pt
flGZteJUNYU_000,mosei_real,0,mosei_flGZteJUNYU_000,,,-1,1,1,1,D:\Documents\Programming\Thesis_G10\data\raw\CMU-MOSEI\segments\flGZteJUNYU_000.mp4,data\preprocessed\features\z_at\flGZteJUNYU_000.pt,data\preprocessed\features\z_v\flGZteJUNYU_000.pt
foXArPhK0xY_000,mosei_real,0,mosei_foXArPhK0xY_000,,,-1,1,1,1,D:\Documents\Programming\Thesis_G10\data\raw\CMU-MOSEI\segments\foXArPhK0xY_000.mp4,data\preprocessed\features\z_at\foXArPhK0xY_000.pt,data\preprocessed\features\z_v\foXArPhK0xY_000.pt
foXArPhK0xY_004,mosei_real,0,mosei_foXArPhK0xY_004,,,-1,1,1,1,D:\Documents\Programming\Thesis_G10\data\raw\CMU-MOSEI\segments\foXArPhK0xY_004.mp4,data\preprocessed\features\z_at\foXArPhK0xY_004.pt,data\preprocessed\features\z_v\foXArPhK0xY_004.pt
foXArPhK0xY_005,mosei_real,0,mosei_foXArPhK0xY_005,,,-1,1,1,1,D:\Documents\Programming\Thesis_G10\data\raw\CMU-MOSEI\segments\foXArPhK0xY_005.mp4,data\preprocessed\features\z_at\foXArPhK0xY_005.pt,data\preprocessed\features\z_v\foXArPhK0xY_005.pt
foXArPhK0xY_006,mosei_real,0,mosei_foXArPhK0xY_006,,,-1,1,1,1,D:\Documents\Programming\Thesis_G10\data\raw\CMU-MOSEI\segments\foXArPhK0xY_006.mp4,data\preprocessed\features\z_at\foXArPhK0xY_006.pt,data\preprocessed\features\z_v\foXArPhK0xY_006.pt
frCWtiam4tE_001,mosei_real,0,mosei_frCWtiam4tE_001,,,-1,1,1,1,D:\Documents\Programming\Thesis_G10\data\raw\CMU-MOSEI\segments\frCWtiam4tE_001.mp4,data\preprocessed\features\z_at\frCWtiam4tE_001.pt,data\preprocessed\features\z_v\frCWtiam4tE_001.pt
frCWtiam4tE_002,mosei_real,0,mosei_frCWtiam4tE_002,,,-1,1,1,1,D:\Documents\Programming\Thesis_G10\data\raw\CMU-MOSEI\segments\frCWtiam4tE_002.mp4,data\preprocessed\features\z_at\frCWtiam4tE_002.pt,data\preprocessed\features\z_v\frCWtiam4tE_002.pt
fsd1qPLA3kY_000,mosei_real,0,mosei_fsd1qPLA3kY_000,,,-1,1,1,1,D:\Documents\Programming\Thesis_G10\data\raw\CMU-MOSEI\segments\fsd1qPLA3kY_000.mp4,data\preprocessed\features\z_at\fsd1qPLA3kY_000.pt,data\preprocessed\features\z_v\fsd1qPLA3kY_000.pt
fsd1qPLA3kY_002,mosei_real,0,mosei_fsd1qPLA3kY_002,,,-1,1,1,1,D:\Documents\Programming\Thesis_G10\data\raw\CMU-MOSEI\segments\fsd1qPLA3kY_002.mp4,data\preprocessed\features\z_at\fsd1qPLA3kY_002.pt,data\preprocessed\features\z_v\fsd1qPLA3kY_002.pt
fz-MzQcOBwQ_000,mosei_real,0,mosei_fz-MzQcOBwQ_000,,,-1,1,1,1,D:\Documents\Programming\Thesis_G10\data\raw\CMU-MOSEI\segments\fz-MzQcOBwQ_000.mp4,data\preprocessed\features\z_at\fz-MzQcOBwQ_000.pt,data\preprocessed\features\z_v\fz-MzQcOBwQ_000.pt
fz-MzQcOBwQ_002,mosei_real,0,mosei_fz-MzQcOBwQ_002,,,-1,1,1,1,D:\Documents\Programming\Thesis_G10\data\raw\CMU-MOSEI\segments\fz-MzQcOBwQ_002.mp4,data\preprocessed\features\z_at\fz-MzQcOBwQ_002.pt,data\preprocessed\features\z_v\fz-MzQcOBwQ_002.pt
fz-MzQcOBwQ_003,mosei_real,0,mosei_fz-MzQcOBwQ_003,,,-1,1,1,1,D:\Documents\Programming\Thesis_G10\data\raw\CMU-MOSEI\segments\fz-MzQcOBwQ_003.mp4,data\preprocessed\features\z_at\fz-MzQcOBwQ_003.pt,data\preprocessed\features\z_v\fz-MzQcOBwQ_003.pt
fz-MzQcOBwQ_004,mosei_real,0,mosei_fz-MzQcOBwQ_004,,,-1,1,1,1,D:\Documents\Programming\Thesis_G10\data\raw\CMU-MOSEI\segments\fz-MzQcOBwQ_004.mp4,data\preprocessed\features\z_at\fz-MzQcOBwQ_004.pt,data\preprocessed\features\z_v\fz-MzQcOBwQ_004.pt
fz-MzQcOBwQ_006,mosei_real,0,mosei_fz-MzQcOBwQ_006,,,-1,1,1,1,D:\Documents\Programming\Thesis_G10\data\raw\CMU-MOSEI\segments\fz-MzQcOBwQ_006.mp4,data\preprocessed\features\z_at\fz-MzQcOBwQ_006.pt,data\preprocessed\features\z_v\fz-MzQcOBwQ_006.pt
fz-MzQcOBwQ_007,mosei_real,0,mosei_fz-MzQcOBwQ_007,,,-1,1,1,1,D:\Documents\Programming\Thesis_G10\data\raw\CMU-MOSEI\segments\fz-MzQcOBwQ_007.mp4,data\preprocessed\features\z_at\fz-MzQcOBwQ_007.pt,data\preprocessed\features\z_v\fz-MzQcOBwQ_007.pt
fz-MzQcOBwQ_008,mosei_real,0,mosei_fz-MzQcOBwQ_008,,,-1,1,1,1,D:\Documents\Programming\Thesis_G10\data\raw\CMU-MOSEI\segments\fz-MzQcOBwQ_008.mp4,data\preprocessed\features\z_at\fz-MzQcOBwQ_008.pt,data\preprocessed\features\z_v\fz-MzQcOBwQ_008.pt
fz-MzQcOBwQ_012,mosei_real,0,mosei_fz-MzQcOBwQ_012,,,-1,1,1,1,D:\Documents\Programming\Thesis_G10\data\raw\CMU-MOSEI\segments\fz-MzQcOBwQ_012.mp4,data\preprocessed\features\z_at\fz-MzQcOBwQ_012.pt,data\preprocessed\features\z_v\fz-MzQcOBwQ_012.pt
g6VJg6ycUk0_000,mosei_real,0,mosei_g6VJg6ycUk0_000,,,-1,1,1,1,D:\Documents\Programming\Thesis_G10\data\raw\CMU-MOSEI\segments\g6VJg6ycUk0_000.mp4,data\preprocessed\features\z_at\g6VJg6ycUk0_000.pt,data\preprocessed\features\z_v\g6VJg6ycUk0_000.pt
g8Cl74tS3oY_000,mosei_real,0,mosei_g8Cl74tS3oY_000,,,-1,1,1,1,D:\Documents\Programming\Thesis_G10\data\raw\CMU-MOSEI\segments\g8Cl74tS3oY_000.mp4,data\preprocessed\features\z_at\g8Cl74tS3oY_000.pt,data\preprocessed\features\z_v\g8Cl74tS3oY_000.pt
g8Cl74tS3oY_002,mosei_real,0,mosei_g8Cl74tS3oY_002,,,-1,1,1,1,D:\Documents\Programming\Thesis_G10\data\raw\CMU-MOSEI\segments\g8Cl74tS3oY_002.mp4,data\preprocessed\features\z_at\g8Cl74tS3oY_002.pt,data\preprocessed\features\z_v\g8Cl74tS3oY_002.pt
g8NBNtY3cpU_000,mosei_real,0,mosei_g8NBNtY3cpU_000,,,-1,1,1,1,D:\Documents\Programming\Thesis_G10\data\raw\CMU-MOSEI\segments\g8NBNtY3cpU_000.mp4,data\preprocessed\features\z_at\g8NBNtY3cpU_000.pt,data\preprocessed\features\z_v\g8NBNtY3cpU_000.pt
g99kISQbyuI_000,mosei_real,0,mosei_g99kISQbyuI_000,,,-1,1,1,1,D:\Documents\Programming\Thesis_G10\data\raw\CMU-MOSEI\segments\g99kISQbyuI_000.mp4,data\preprocessed\features\z_at\g99kISQbyuI_000.pt,data\preprocessed\features\z_v\g99kISQbyuI_000.pt
g99kISQbyuI_002,mosei_real,0,mosei_g99kISQbyuI_002,,,-1,1,1,1,D:\Documents\Programming\Thesis_G10\data\raw\CMU-MOSEI\segments\g99kISQbyuI_002.mp4,data\preprocessed\features\z_at\g99kISQbyuI_002.pt,data\preprocessed\features\z_v\g99kISQbyuI_002.pt
g99kISQbyuI_004,mosei_real,0,mosei_g99kISQbyuI_004,,,-1,1,1,1,D:\Documents\Programming\Thesis_G10\data\raw\CMU-MOSEI\segments\g99kISQbyuI_004.mp4,data\preprocessed\features\z_at\g99kISQbyuI_004.pt,data\preprocessed\features\z_v\g99kISQbyuI_004.pt
g99kISQbyuI_005,mosei_real,0,mosei_g99kISQbyuI_005,,,-1,1,1,1,D:\Documents\Programming\Thesis_G10\data\raw\CMU-MOSEI\segments\g99kISQbyuI_005.mp4,data\preprocessed\features\z_at\g99kISQbyuI_005.pt,data\preprocessed\features\z_v\g99kISQbyuI_005.pt
g99kISQbyuI_006,mosei_real,0,mosei_g99kISQbyuI_006,,,-1,1,1,1,D:\Documents\Programming\Thesis_G10\data\raw\CMU-MOSEI\segments\g99kISQbyuI_006.mp4,data\preprocessed\features\z_at\g99kISQbyuI_006.pt,data\preprocessed\features\z_v\g99kISQbyuI_006.pt
g99kISQbyuI_007,mosei_real,0,mosei_g99kISQbyuI_007,,,-1,1,1,1,D:\Documents\Programming\Thesis_G10\data\raw\CMU-MOSEI\segments\g99kISQbyuI_007.mp4,data\preprocessed\features\z_at\g99kISQbyuI_007.pt,data\preprocessed\features\z_v\g99kISQbyuI_007.pt
g99kISQbyuI_008,mosei_real,0,mosei_g99kISQbyuI_008,,,-1,1,1,1,D:\Documents\Programming\Thesis_G10\data\raw\CMU-MOSEI\segments\g99kISQbyuI_008.mp4,data\preprocessed\features\z_at\g99kISQbyuI_008.pt,data\preprocessed\features\z_v\g99kISQbyuI_008.pt
g9rNhtFG9aU_001,mosei_real,0,mosei_g9rNhtFG9aU_001,,,-1,1,1,1,D:\Documents\Programming\Thesis_G10\data\raw\CMU-MOSEI\segments\g9rNhtFG9aU_001.mp4,data\preprocessed\features\z_at\g9rNhtFG9aU_001.pt,data\preprocessed\features\z_v\g9rNhtFG9aU_001.pt
g9rNhtFG9aU_003,mosei_real,0,mosei_g9rNhtFG9aU_003,,,-1,1,1,1,D:\Documents\Programming\Thesis_G10\data\raw\CMU-MOSEI\segments\g9rNhtFG9aU_003.mp4,data\preprocessed\features\z_at\g9rNhtFG9aU_003.pt,data\preprocessed\features\z_v\g9rNhtFG9aU_003.pt
g9rNhtFG9aU_005,mosei_real,0,mosei_g9rNhtFG9aU_005,,,-1,1,1,1,D:\Documents\Programming\Thesis_G10\data\raw\CMU-MOSEI\segments\g9rNhtFG9aU_005.mp4,data\preprocessed\features\z_at\g9rNhtFG9aU_005.pt,data\preprocessed\features\z_v\g9rNhtFG9aU_005.pt
gC_wF3uKFW0_001,mosei_real,0,mosei_gC_wF3uKFW0_001,,,-1,1,1,1,D:\Documents\Programming\Thesis_G10\data\raw\CMU-MOSEI\segments\gC_wF3uKFW0_001.mp4,data\preprocessed\features\z_at\gC_wF3uKFW0_001.pt,data\preprocessed\features\z_v\gC_wF3uKFW0_001.pt
gC_wF3uKFW0_002,mosei_real,0,mosei_gC_wF3uKFW0_002,,,-1,1,1,1,D:\Documents\Programming\Thesis_G10\data\raw\CMU-MOSEI\segments\gC_wF3uKFW0_002.mp4,data\preprocessed\features\z_at\gC_wF3uKFW0_002.pt,data\preprocessed\features\z_v\gC_wF3uKFW0_002.pt
gC_wF3uKFW0_003,mosei_real,0,mosei_gC_wF3uKFW0_003,,,-1,1,1,1,D:\Documents\Programming\Thesis_G10\data\raw\CMU-MOSEI\segments\gC_wF3uKFW0_003.mp4,data\preprocessed\features\z_at\gC_wF3uKFW0_003.pt,data\preprocessed\features\z_v\gC_wF3uKFW0_003.pt
gC_wF3uKFW0_004,mosei_real,0,mosei_gC_wF3uKFW0_004,,,-1,1,1,1,D:\Documents\Programming\Thesis_G10\data\raw\CMU-MOSEI\segments\gC_wF3uKFW0_004.mp4,data\preprocessed\features\z_at\gC_wF3uKFW0_004.pt,data\preprocessed\features\z_v\gC_wF3uKFW0_004.pt
gC_wF3uKFW0_005,mosei_real,0,mosei_gC_wF3uKFW0_005,,,-1,1,1,1,D:\Documents\Programming\Thesis_G10\data\raw\CMU-MOSEI\segments\gC_wF3uKFW0_005.mp4,data\preprocessed\features\z_at\gC_wF3uKFW0_005.pt,data\preprocessed\features\z_v\gC_wF3uKFW0_005.pt
gE7kUqMqQ9g_001,mosei_real,0,mosei_gE7kUqMqQ9g_001,,,-1,1,1,1,D:\Documents\Programming\Thesis_G10\data\raw\CMU-MOSEI\segments\gE7kUqMqQ9g_001.mp4,data\preprocessed\features\z_at\gE7kUqMqQ9g_001.pt,data\preprocessed\features\z_v\gE7kUqMqQ9g_001.pt
gEgcpVY8WK4_000,mosei_real,0,mosei_gEgcpVY8WK4_000,,,-1,1,1,1,D:\Documents\Programming\Thesis_G10\data\raw\CMU-MOSEI\segments\gEgcpVY8WK4_000.mp4,data\preprocessed\features\z_at\gEgcpVY8WK4_000.pt,data\preprocessed\features\z_v\gEgcpVY8WK4_000.pt
gEgcpVY8WK4_001,mosei_real,0,mosei_gEgcpVY8WK4_001,,,-1,1,1,1,D:\Documents\Programming\Thesis_G10\data\raw\CMU-MOSEI\segments\gEgcpVY8WK4_001.mp4,data\preprocessed\features\z_at\gEgcpVY8WK4_001.pt,data\preprocessed\features\z_v\gEgcpVY8WK4_001.pt
gEgcpVY8WK4_002,mosei_real,0,mosei_gEgcpVY8WK4_002,,,-1,1,1,1,D:\Documents\Programming\Thesis_G10\data\raw\CMU-MOSEI\segments\gEgcpVY8WK4_002.mp4,data\preprocessed\features\z_at\gEgcpVY8WK4_002.pt,data\preprocessed\features\z_v\gEgcpVY8WK4_002.pt
gEgcpVY8WK4_003,mosei_real,0,mosei_gEgcpVY8WK4_003,,,-1,1,1,1,D:\Documents\Programming\Thesis_G10\data\raw\CMU-MOSEI\segments\gEgcpVY8WK4_003.mp4,data\preprocessed\features\z_at\gEgcpVY8WK4_003.pt,data\preprocessed\features\z_v\gEgcpVY8WK4_003.pt
gEgcpVY8WK4_007,mosei_real,0,mosei_gEgcpVY8WK4_007,,,-1,1,1,1,D:\Documents\Programming\Thesis_G10\data\raw\CMU-MOSEI\segments\gEgcpVY8WK4_007.mp4,data\preprocessed\features\z_at\gEgcpVY8WK4_007.pt,data\preprocessed\features\z_v\gEgcpVY8WK4_007.pt
gEgcpVY8WK4_008,mosei_real,0,mosei_gEgcpVY8WK4_008,,,-1,1,1,1,D:\Documents\Programming\Thesis_G10\data\raw\CMU-MOSEI\segments\gEgcpVY8WK4_008.mp4,data\preprocessed\features\z_at\gEgcpVY8WK4_008.pt,data\preprocessed\features\z_v\gEgcpVY8WK4_008.pt
gEgcpVY8WK4_010,mosei_real,0,mosei_gEgcpVY8WK4_010,,,-1,1,1,1,D:\Documents\Programming\Thesis_G10\data\raw\CMU-MOSEI\segments\gEgcpVY8WK4_010.mp4,data\preprocessed\features\z_at\gEgcpVY8WK4_010.pt,data\preprocessed\features\z_v\gEgcpVY8WK4_010.pt
gEgcpVY8WK4_011,mosei_real,0,mosei_gEgcpVY8WK4_011,,,-1,1,1,1,D:\Documents\Programming\Thesis_G10\data\raw\CMU-MOSEI\segments\gEgcpVY8WK4_011.mp4,data\preprocessed\features\z_at\gEgcpVY8WK4_011.pt,data\preprocessed\features\z_v\gEgcpVY8WK4_011.pt
gEgcpVY8WK4_012,mosei_real,0,mosei_gEgcpVY8WK4_012,,,-1,1,1,1,D:\Documents\Programming\Thesis_G10\data\raw\CMU-MOSEI\segments\gEgcpVY8WK4_012.mp4,data\preprocessed\features\z_at\gEgcpVY8WK4_012.pt,data\preprocessed\features\z_v\gEgcpVY8WK4_012.pt
gEgcpVY8WK4_013,mosei_real,0,mosei_gEgcpVY8WK4_013,,,-1,1,1,1,D:\Documents\Programming\Thesis_G10\data\raw\CMU-MOSEI\segments\gEgcpVY8WK4_013.mp4,data\preprocessed\features\z_at\gEgcpVY8WK4_013.pt,data\preprocessed\features\z_v\gEgcpVY8WK4_013.pt
gEgcpVY8WK4_014,mosei_real,0,mosei_gEgcpVY8WK4_014,,,-1,1,1,1,D:\Documents\Programming\Thesis_G10\data\raw\CMU-MOSEI\segments\gEgcpVY8WK4_014.mp4,data\preprocessed\features\z_at\gEgcpVY8WK4_014.pt,data\preprocessed\features\z_v\gEgcpVY8WK4_014.pt
gEgcpVY8WK4_016,mosei_real,0,mosei_gEgcpVY8WK4_016,,,-1,1,1,1,D:\Documents\Programming\Thesis_G10\data\raw\CMU-MOSEI\segments\gEgcpVY8WK4_016.mp4,data\preprocessed\features\z_at\gEgcpVY8WK4_016.pt,data\preprocessed\features\z_v\gEgcpVY8WK4_016.pt
gEgcpVY8WK4_020,mosei_real,0,mosei_gEgcpVY8WK4_020,,,-1,1,1,1,D:\Documents\Programming\Thesis_G10\data\raw\CMU-MOSEI\segments\gEgcpVY8WK4_020.mp4,data\preprocessed\features\z_at\gEgcpVY8WK4_020.pt,data\preprocessed\features\z_v\gEgcpVY8WK4_020.pt
gEgcpVY8WK4_023,mosei_real,0,mosei_gEgcpVY8WK4_023,,,-1,1,1,1,D:\Documents\Programming\Thesis_G10\data\raw\CMU-MOSEI\segments\gEgcpVY8WK4_023.mp4,data\preprocessed\features\z_at\gEgcpVY8WK4_023.pt,data\preprocessed\features\z_v\gEgcpVY8WK4_023.pt
gEgcpVY8WK4_024,mosei_real,0,mosei_gEgcpVY8WK4_024,,,-1,1,1,1,D:\Documents\Programming\Thesis_G10\data\raw\CMU-MOSEI\segments\gEgcpVY8WK4_024.mp4,data\preprocessed\features\z_at\gEgcpVY8WK4_024.pt,data\preprocessed\features\z_v\gEgcpVY8WK4_024.pt
gEgcpVY8WK4_025,mosei_real,0,mosei_gEgcpVY8WK4_025,,,-1,1,1,1,D:\Documents\Programming\Thesis_G10\data\raw\CMU-MOSEI\segments\gEgcpVY8WK4_025.mp4,data\preprocessed\features\z_at\gEgcpVY8WK4_025.pt,data\preprocessed\features\z_v\gEgcpVY8WK4_025.pt
gEgcpVY8WK4_027,mosei_real,0,mosei_gEgcpVY8WK4_027,,,-1,1,1,1,D:\Documents\Programming\Thesis_G10\data\raw\CMU-MOSEI\segments\gEgcpVY8WK4_027.mp4,data\preprocessed\features\z_at\gEgcpVY8WK4_027.pt,data\preprocessed\features\z_v\gEgcpVY8WK4_027.pt
gEgcpVY8WK4_029,mosei_real,0,mosei_gEgcpVY8WK4_029,,,-1,1,1,1,D:\Documents\Programming\Thesis_G10\data\raw\CMU-MOSEI\segments\gEgcpVY8WK4_029.mp4,data\preprocessed\features\z_at\gEgcpVY8WK4_029.pt,data\preprocessed\features\z_v\gEgcpVY8WK4_029.pt
gEgcpVY8WK4_030,mosei_real,0,mosei_gEgcpVY8WK4_030,,,-1,1,1,1,D:\Documents\Programming\Thesis_G10\data\raw\CMU-MOSEI\segments\gEgcpVY8WK4_030.mp4,data\preprocessed\features\z_at\gEgcpVY8WK4_030.pt,data\preprocessed\features\z_v\gEgcpVY8WK4_030.pt
gEgcpVY8WK4_031,mosei_real,0,mosei_gEgcpVY8WK4_031,,,-1,1,1,1,D:\Documents\Programming\Thesis_G10\data\raw\CMU-MOSEI\segments\gEgcpVY8WK4_031.mp4,data\preprocessed\features\z_at\gEgcpVY8WK4_031.pt,data\preprocessed\features\z_v\gEgcpVY8WK4_031.pt
gJdSxPhf85M_002,mosei_real,0,mosei_gJdSxPhf85M_002,,,-1,1,1,1,D:\Documents\Programming\Thesis_G10\data\raw\CMU-MOSEI\segments\gJdSxPhf85M_002.mp4,data\preprocessed\features\z_at\gJdSxPhf85M_002.pt,data\preprocessed\features\z_v\gJdSxPhf85M_002.pt
gJjkCPO7iXg_002,mosei_real,0,mosei_gJjkCPO7iXg_002,,,-1,1,1,1,D:\Documents\Programming\Thesis_G10\data\raw\CMU-MOSEI\segments\gJjkCPO7iXg_002.mp4,data\preprocessed\features\z_at\gJjkCPO7iXg_002.pt,data\preprocessed\features\z_v\gJjkCPO7iXg_002.pt
gJjkCPO7iXg_003,mosei_real,0,mosei_gJjkCPO7iXg_003,,,-1,1,1,1,D:\Documents\Programming\Thesis_G10\data\raw\CMU-MOSEI\segments\gJjkCPO7iXg_003.mp4,data\preprocessed\features\z_at\gJjkCPO7iXg_003.pt,data\preprocessed\features\z_v\gJjkCPO7iXg_003.pt
gKojBrXHhUc_001,mosei_real,0,mosei_gKojBrXHhUc_001,,,-1,1,1,1,D:\Documents\Programming\Thesis_G10\data\raw\CMU-MOSEI\segments\gKojBrXHhUc_001.mp4,data\preprocessed\features\z_at\gKojBrXHhUc_001.pt,data\preprocessed\features\z_v\gKojBrXHhUc_001.pt
gL8h7lOPv1Q_000,mosei_real,0,mosei_gL8h7lOPv1Q_000,,,-1,1,1,1,D:\Documents\Programming\Thesis_G10\data\raw\CMU-MOSEI\segments\gL8h7lOPv1Q_000.mp4,data\preprocessed\features\z_at\gL8h7lOPv1Q_000.pt,data\preprocessed\features\z_v\gL8h7lOPv1Q_000.pt
gL8h7lOPv1Q_001,mosei_real,0,mosei_gL8h7lOPv1Q_001,,,-1,1,1,1,D:\Documents\Programming\Thesis_G10\data\raw\CMU-MOSEI\segments\gL8h7lOPv1Q_001.mp4,data\preprocessed\features\z_at\gL8h7lOPv1Q_001.pt,data\preprocessed\features\z_v\gL8h7lOPv1Q_001.pt
gL8h7lOPv1Q_004,mosei_real,0,mosei_gL8h7lOPv1Q_004,,,-1,1,1,1,D:\Documents\Programming\Thesis_G10\data\raw\CMU-MOSEI\segments\gL8h7lOPv1Q_004.mp4,data\preprocessed\features\z_at\gL8h7lOPv1Q_004.pt,data\preprocessed\features\z_v\gL8h7lOPv1Q_004.pt
gL8h7lOPv1Q_009,mosei_real,0,mosei_gL8h7lOPv1Q_009,,,-1,1,1,1,D:\Documents\Programming\Thesis_G10\data\raw\CMU-MOSEI\segments\gL8h7lOPv1Q_009.mp4,data\preprocessed\features\z_at\gL8h7lOPv1Q_009.pt,data\preprocessed\features\z_v\gL8h7lOPv1Q_009.pt
gLdRUsLw4CA_000,mosei_real,0,mosei_gLdRUsLw4CA_000,,,-1,1,1,1,D:\Documents\Programming\Thesis_G10\data\raw\CMU-MOSEI\segments\gLdRUsLw4CA_000.mp4,data\preprocessed\features\z_at\gLdRUsLw4CA_000.pt,data\preprocessed\features\z_v\gLdRUsLw4CA_000.pt
gLdRUsLw4CA_002,mosei_real,0,mosei_gLdRUsLw4CA_002,,,-1,1,1,1,D:\Documents\Programming\Thesis_G10\data\raw\CMU-MOSEI\segments\gLdRUsLw4CA_002.mp4,data\preprocessed\features\z_at\gLdRUsLw4CA_002.pt,data\preprocessed\features\z_v\gLdRUsLw4CA_002.pt
gPWyANEm0eE_006,mosei_real,0,mosei_gPWyANEm0eE_006,,,-1,1,1,1,D:\Documents\Programming\Thesis_G10\data\raw\CMU-MOSEI\segments\gPWyANEm0eE_006.mp4,data\preprocessed\features\z_at\gPWyANEm0eE_006.pt,data\preprocessed\features\z_v\gPWyANEm0eE_006.pt
gR3igiwaeyc_001,mosei_real,0,mosei_gR3igiwaeyc_001,,,-1,1,1,1,D:\Documents\Programming\Thesis_G10\data\raw\CMU-MOSEI\segments\gR3igiwaeyc_001.mp4,data\preprocessed\features\z_at\gR3igiwaeyc_001.pt,data\preprocessed\features\z_v\gR3igiwaeyc_001.pt
gR3igiwaeyc_004,mosei_real,0,mosei_gR3igiwaeyc_004,,,-1,1,1,1,D:\Documents\Programming\Thesis_G10\data\raw\CMU-MOSEI\segments\gR3igiwaeyc_004.mp4,data\preprocessed\features\z_at\gR3igiwaeyc_004.pt,data\preprocessed\features\z_v\gR3igiwaeyc_004.pt
gR3igiwaeyc_005,mosei_real,0,mosei_gR3igiwaeyc_005,,,-1,1,1,1,D:\Documents\Programming\Thesis_G10\data\raw\CMU-MOSEI\segments\gR3igiwaeyc_005.mp4,data\preprocessed\features\z_at\gR3igiwaeyc_005.pt,data\preprocessed\features\z_v\gR3igiwaeyc_005.pt
gR3igiwaeyc_006,mosei_real,0,mosei_gR3igiwaeyc_006,,,-1,1,1,1,D:\Documents\Programming\Thesis_G10\data\raw\CMU-MOSEI\segments\gR3igiwaeyc_006.mp4,data\preprocessed\features\z_at\gR3igiwaeyc_006.pt,data\preprocessed\features\z_v\gR3igiwaeyc_006.pt
gR4gM_WXesQ_000,mosei_real,0,mosei_gR4gM_WXesQ_000,,,-1,1,1,1,D:\Documents\Programming\Thesis_G10\data\raw\CMU-MOSEI\segments\gR4gM_WXesQ_000.mp4,data\preprocessed\features\z_at\gR4gM_WXesQ_000.pt,data\preprocessed\features\z_v\gR4gM_WXesQ_000.pt
gR4gM_WXesQ_003,mosei_real,0,mosei_gR4gM_WXesQ_003,,,-1,1,1,1,D:\Documents\Programming\Thesis_G10\data\raw\CMU-MOSEI\segments\gR4gM_WXesQ_003.mp4,data\preprocessed\features\z_at\gR4gM_WXesQ_003.pt,data\preprocessed\features\z_v\gR4gM_WXesQ_003.pt
gR4gM_WXesQ_006,mosei_real,0,mosei_gR4gM_WXesQ_006,,,-1,1,1,1,D:\Documents\Programming\Thesis_G10\data\raw\CMU-MOSEI\segments\gR4gM_WXesQ_006.mp4,data\preprocessed\features\z_at\gR4gM_WXesQ_006.pt,data\preprocessed\features\z_v\gR4gM_WXesQ_006.pt
gR4gM_WXesQ_009,mosei_real,0,mosei_gR4gM_WXesQ_009,,,-1,1,1,1,D:\Documents\Programming\Thesis_G10\data\raw\CMU-MOSEI\segments\gR4gM_WXesQ_009.mp4,data\preprocessed\features\z_at\gR4gM_WXesQ_009.pt,data\preprocessed\features\z_v\gR4gM_WXesQ_009.pt
gR4gM_WXesQ_010,mosei_real,0,mosei_gR4gM_WXesQ_010,,,-1,1,1,1,D:\Documents\Programming\Thesis_G10\data\raw\CMU-MOSEI\segments\gR4gM_WXesQ_010.mp4,data\preprocessed\features\z_at\gR4gM_WXesQ_010.pt,data\preprocessed\features\z_v\gR4gM_WXesQ_010.pt
gR4gM_WXesQ_012,mosei_real,0,mosei_gR4gM_WXesQ_012,,,-1,1,1,1,D:\Documents\Programming\Thesis_G10\data\raw\CMU-MOSEI\segments\gR4gM_WXesQ_012.mp4,data\preprocessed\features\z_at\gR4gM_WXesQ_012.pt,data\preprocessed\features\z_v\gR4gM_WXesQ_012.pt
gR4gM_WXesQ_013,mosei_real,0,mosei_gR4gM_WXesQ_013,,,-1,1,1,1,D:\Documents\Programming\Thesis_G10\data\raw\CMU-MOSEI\segments\gR4gM_WXesQ_013.mp4,data\preprocessed\features\z_at\gR4gM_WXesQ_013.pt,data\preprocessed\features\z_v\gR4gM_WXesQ_013.pt
gR4gM_WXesQ_016,mosei_real,0,mosei_gR4gM_WXesQ_016,,,-1,1,1,1,D:\Documents\Programming\Thesis_G10\data\raw\CMU-MOSEI\segments\gR4gM_WXesQ_016.mp4,data\preprocessed\features\z_at\gR4gM_WXesQ_016.pt,data\preprocessed\features\z_v\gR4gM_WXesQ_016.pt
gU7McujYYPY_002,mosei_real,0,mosei_gU7McujYYPY_002,,,-1,1,1,1,D:\Documents\Programming\Thesis_G10\data\raw\CMU-MOSEI\segments\gU7McujYYPY_002.mp4,data\preprocessed\features\z_at\gU7McujYYPY_002.pt,data\preprocessed\features\z_v\gU7McujYYPY_002.pt
gU7McujYYPY_003,mosei_real,0,mosei_gU7McujYYPY_003,,,-1,1,1,1,D:\Documents\Programming\Thesis_G10\data\raw\CMU-MOSEI\segments\gU7McujYYPY_003.mp4,data\preprocessed\features\z_at\gU7McujYYPY_003.pt,data\preprocessed\features\z_v\gU7McujYYPY_003.pt
gU7McujYYPY_004,mosei_real,0,mosei_gU7McujYYPY_004,,,-1,1,1,1,D:\Documents\Programming\Thesis_G10\data\raw\CMU-MOSEI\segments\gU7McujYYPY_004.mp4,data\preprocessed\features\z_at\gU7McujYYPY_004.pt,data\preprocessed\features\z_v\gU7McujYYPY_004.pt
gU7McujYYPY_005,mosei_real,0,mosei_gU7McujYYPY_005,,,-1,1,1,1,D:\Documents\Programming\Thesis_G10\data\raw\CMU-MOSEI\segments\gU7McujYYPY_005.mp4,data\preprocessed\features\z_at\gU7McujYYPY_005.pt,data\preprocessed\features\z_v\gU7McujYYPY_005.pt
gU7McujYYPY_006,mosei_real,0,mosei_gU7McujYYPY_006,,,-1,1,1,1,D:\Documents\Programming\Thesis_G10\data\raw\CMU-MOSEI\segments\gU7McujYYPY_006.mp4,data\preprocessed\features\z_at\gU7McujYYPY_006.pt,data\preprocessed\features\z_v\gU7McujYYPY_006.pt
gVqs4TzqySw_003,mosei_real,0,mosei_gVqs4TzqySw_003,,,-1,1,1,1,D:\Documents\Programming\Thesis_G10\data\raw\CMU-MOSEI\segments\gVqs4TzqySw_003.mp4,data\preprocessed\features\z_at\gVqs4TzqySw_003.pt,data\preprocessed\features\z_v\gVqs4TzqySw_003.pt
gVqs4TzqySw_004,mosei_real,0,mosei_gVqs4TzqySw_004,,,-1,1,1,1,D:\Documents\Programming\Thesis_G10\data\raw\CMU-MOSEI\segments\gVqs4TzqySw_004.mp4,data\preprocessed\features\z_at\gVqs4TzqySw_004.pt,data\preprocessed\features\z_v\gVqs4TzqySw_004.pt
gVqs4TzqySw_005,mosei_real,0,mosei_gVqs4TzqySw_005,,,-1,1,1,1,D:\Documents\Programming\Thesis_G10\data\raw\CMU-MOSEI\segments\gVqs4TzqySw_005.mp4,data\preprocessed\features\z_at\gVqs4TzqySw_005.pt,data\preprocessed\features\z_v\gVqs4TzqySw_005.pt
gXDRWhJbfFU_010,mosei_real,0,mosei_gXDRWhJbfFU_010,,,-1,1,1,1,D:\Documents\Programming\Thesis_G10\data\raw\CMU-MOSEI\segments\gXDRWhJbfFU_010.mp4,data\preprocessed\features\z_at\gXDRWhJbfFU_010.pt,data\preprocessed\features\z_v\gXDRWhJbfFU_010.pt
gXuiIWRxrw4_000,mosei_real,0,mosei_gXuiIWRxrw4_000,,,-1,1,1,1,D:\Documents\Programming\Thesis_G10\data\raw\CMU-MOSEI\segments\gXuiIWRxrw4_000.mp4,data\preprocessed\features\z_at\gXuiIWRxrw4_000.pt,data\preprocessed\features\z_v\gXuiIWRxrw4_000.pt
