clip_id,source_pipeline,fake_label,speaker_id,audio_emotion,visual_emotion,sarcasm_label,has_z_at,has_z_v,is_ready_for_training,video_path,z_at_path,z_v_path
FAKE_T1_1001_DFA_ANG_XX__AUDIO_1001_DFA_DIS_XX_styletts,track1,1,crema_1001,DIS,ANG,-1,1,1,1,,data\preprocessed\features\z_at\FAKE_T1_1001_DFA_ANG_XX__AUDIO_1001_DFA_DIS_XX_styletts.pt,data\preprocessed\features\z_v\FAKE_T1_1001_DFA_ANG_XX__AUDIO_1001_DFA_DIS_XX_styletts.pt
FAKE_T1_1001_DFA_FEA_XX__AUDIO_1001_DFA_HAP_XX_styletts,track1,1,crema_1001,HAP,FEA,-1,1,1,1,,data\preprocessed\features\z_at\FAKE_T1_1001_DFA_FEA_XX__AUDIO_1001_DFA_HAP_XX_styletts.pt,data\preprocessed\features\z_v\FAKE_T1_1001_DFA_FEA_XX__AUDIO_1001_DFA_HAP_XX_styletts.pt
FAKE_T1_1001_DFA_NEU_XX__AUDIO_1001_DFA_SAD_XX_styletts,track1,1,crema_1001,SAD,NEU,-1,1,1,1,,data\preprocessed\features\z_at\FAKE_T1_1001_DFA_NEU_XX__AUDIO_1001_DFA_SAD_XX_styletts.pt,data\preprocessed\features\z_v\FAKE_T1_1001_DFA_NEU_XX__AUDIO_1001_DFA_SAD_XX_styletts.pt
FAKE_T1_1001_IEO_NEU_XX__AUDIO_1001_IEO_SAD_HI_styletts,track1,1,crema_1001,SAD,NEU,-1,1,1,1,,data\preprocessed\features\z_at\FAKE_T1_1001_IEO_NEU_XX__AUDIO_1001_IEO_SAD_HI_styletts.pt,data\preprocessed\features\z_v\FAKE_T1_1001_IEO_NEU_XX__AUDIO_1001_IEO_SAD_HI_styletts.pt
FAKE_T1_1001_IOM_FEA_XX__AUDIO_1001_IOM_HAP_XX_styletts,track1,1,crema_1001,HAP,FEA,-1,1,1,1,,data\preprocessed\features\z_at\FAKE_T1_1001_IOM_FEA_XX__AUDIO_1001_IOM_HAP_XX_styletts.pt,data\preprocessed\features\z_v\FAKE_T1_1001_IOM_FEA_XX__AUDIO_1001_IOM_HAP_XX_styletts.pt
FAKE_T1_1001_IOM_NEU_XX__AUDIO_1001_IOM_SAD_XX_styletts,track1,1,crema_1001,SAD,NEU,-1,1,1,1,,data\preprocessed\features\z_at\FAKE_T1_1001_IOM_NEU_XX__AUDIO_1001_IOM_SAD_XX_styletts.pt,data\preprocessed\features\z_v\FAKE_T1_1001_IOM_NEU_XX__AUDIO_1001_IOM_SAD_XX_styletts.pt
FAKE_T1_1001_IOM_SAD_XX__AUDIO_1001_IOM_ANG_XX_styletts,track1,1,crema_1001,ANG,SAD,-1,1,1,1,,data\preprocessed\features\z_at\FAKE_T1_1001_IOM_SAD_XX__AUDIO_1001_IOM_ANG_XX_styletts.pt,data\preprocessed\features\z_v\FAKE_T1_1001_IOM_SAD_XX__AUDIO_1001_IOM_ANG_XX_styletts.pt
FAKE_T1_1001_ITH_DIS_XX__AUDIO_1001_ITH_FEA_XX_styletts,track1,1,crema_1001,FEA,DIS,-1,1,1,1,,data\preprocessed\features\z_at\FAKE_T1_1001_ITH_DIS_XX__AUDIO_1001_ITH_FEA_XX_styletts.pt,data\preprocessed\features\z_v\FAKE_T1_1001_ITH_DIS_XX__AUDIO_1001_ITH_FEA_XX_styletts.pt
FAKE_T1_1001_ITH_SAD_XX__AUDIO_1001_ITH_ANG_XX_styletts,track1,1,crema_1001,ANG,SAD,-1,1,1,1,,data\preprocessed\features\z_at\FAKE_T1_1001_ITH_SAD_XX__AUDIO_1001_ITH_ANG_XX_styletts.pt,data\preprocessed\features\z_v\FAKE_T1_1001_ITH_SAD_XX__AUDIO_1001_ITH_ANG_XX_styletts.pt
FAKE_T1_1001_IWL_ANG_XX__AUDIO_1001_IWL_DIS_XX_styletts,track1,1,crema_1001,DIS,ANG,-1,1,1,1,,data\preprocessed\features\z_at\FAKE_T1_1001_IWL_ANG_XX__AUDIO_1001_IWL_DIS_XX_styletts.pt,data\preprocessed\features\z_v\FAKE_T1_1001_IWL_ANG_XX__AUDIO_1001_IWL_DIS_XX_styletts.pt
FAKE_T1_1001_MTI_ANG_XX__AUDIO_1001_MTI_DIS_XX_styletts,track1,1,crema_1001,DIS,ANG,-1,1,1,1,,data\preprocessed\features\z_at\FAKE_T1_1001_MTI_ANG_XX__AUDIO_1001_MTI_DIS_XX_styletts.pt,data\preprocessed\features\z_v\FAKE_T1_1001_MTI_ANG_XX__AUDIO_1001_MTI_DIS_XX_styletts.pt
FAKE_T1_1001_MTI_NEU_XX__AUDIO_1001_MTI_SAD_XX_styletts,track1,1,crema_1001,SAD,NEU,-1,1,1,1,,data\preprocessed\features\z_at\FAKE_T1_1001_MTI_NEU_XX__AUDIO_1001_MTI_SAD_XX_styletts.pt,data\preprocessed\features\z_v\FAKE_T1_1001_MTI_NEU_XX__AUDIO_1001_MTI_SAD_XX_styletts.pt
FAKE_T1_1001_TAI_DIS_XX__AUDIO_1001_TAI_FEA_XX_styletts,track1,1,crema_1001,FEA,DIS,-1,1,1,1,,data\preprocessed\features\z_at\FAKE_T1_1001_TAI_DIS_XX__AUDIO_1001_TAI_FEA_XX_styletts.pt,data\preprocessed\features\z_v\FAKE_T1_1001_TAI_DIS_XX__AUDIO_1001_TAI_FEA_XX_styletts.pt
FAKE_T1_1001_TAI_HAP_XX__AUDIO_1001_TAI_NEU_XX_styletts,track1,1,crema_1001,NEU,HAP,-1,1,1,1,,data\preprocessed\features\z_at\FAKE_T1_1001_TAI_HAP_XX__AUDIO_1001_TAI_NEU_XX_styletts.pt,data\preprocessed\features\z_v\FAKE_T1_1001_TAI_HAP_XX__AUDIO_1001_TAI_NEU_XX_styletts.pt
FAKE_T1_1001_TAI_NEU_XX__AUDIO_1001_TAI_SAD_XX_styletts,track1,1,crema_1001,SAD,NEU,-1,1,1,1,,data\preprocessed\features\z_at\FAKE_T1_1001_TAI_NEU_XX__AUDIO_1001_TAI_SAD_XX_styletts.pt,data\preprocessed\features\z_v\FAKE_T1_1001_TAI_NEU_XX__AUDIO_1001_TAI_SAD_XX_styletts.pt
FAKE_T1_1001_TAI_SAD_XX__AUDIO_1001_TAI_ANG_XX_styletts,track1,1,crema_1001,ANG,SAD,-1,1,1,1,,data\preprocessed\features\z_at\FAKE_T1_1001_TAI_SAD_XX__AUDIO_1001_TAI_ANG_XX_styletts.pt,data\preprocessed\features\z_v\FAKE_T1_1001_TAI_SAD_XX__AUDIO_1001_TAI_ANG_XX_styletts.pt
FAKE_T1_1003_DFA_ANG_XX__AUDIO_1003_DFA_DIS_XX_styletts,track1,1,crema_1003,DIS,ANG,-1,1,1,1,,data\preprocessed\features\z_at\FAKE_T1_1003_DFA_ANG_XX__AUDIO_1003_DFA_DIS_XX_styletts.pt,data\preprocessed\features\z_v\FAKE_T1_1003_DFA_ANG_XX__AUDIO_1003_DFA_DIS_XX_styletts.pt
FAKE_T1_1003_DFA_HAP_XX__AUDIO_1003_DFA_NEU_XX_styletts,track1,1,crema_1003,NEU,HAP,-1,1,1,1,,data\preprocessed\features\z_at\FAKE_T1_1003_DFA_HAP_XX__AUDIO_1003_DFA_NEU_XX_styletts.pt,data\preprocessed\features\z_v\FAKE_T1_1003_DFA_HAP_XX__AUDIO_1003_DFA_NEU_XX_styletts.pt
FAKE_T1_1003_DFA_NEU_XX__AUDIO_1003_DFA_SAD_XX_styletts,track1,1,crema_1003,SAD,NEU,-1,1,1,1,,data\preprocessed\features\z_at\FAKE_T1_1003_DFA_NEU_XX__AUDIO_1003_DFA_SAD_XX_styletts.pt,data\preprocessed\features\z_v\FAKE_T1_1003_DFA_NEU_XX__AUDIO_1003_DFA_SAD_XX_styletts.pt
FAKE_T1_1003_IEO_DIS_LO__AUDIO_1003_IEO_FEA_LO_styletts,track1,1,crema_1003,FEA,DIS,-1,1,1,1,,data\preprocessed\features\z_at\FAKE_T1_1003_IEO_DIS_LO__AUDIO_1003_IEO_FEA_LO_styletts.pt,data\preprocessed\features\z_v\FAKE_T1_1003_IEO_DIS_LO__AUDIO_1003_IEO_FEA_LO_styletts.pt
FAKE_T1_1003_IEO_HAP_HI__AUDIO_1003_IEO_NEU_XX_styletts,track1,1,crema_1003,NEU,HAP,-1,1,1,1,,data\preprocessed\features\z_at\FAKE_T1_1003_IEO_HAP_HI__AUDIO_1003_IEO_NEU_XX_styletts.pt,data\preprocessed\features\z_v\FAKE_T1_1003_IEO_HAP_HI__AUDIO_1003_IEO_NEU_XX_styletts.pt
FAKE_T1_1003_IEO_SAD_HI__AUDIO_1003_IEO_ANG_HI_styletts,track1,1,crema_1003,ANG,SAD,-1,1,1,1,,data\preprocessed\features\z_at\FAKE_T1_1003_IEO_SAD_HI__AUDIO_1003_IEO_ANG_HI_styletts.pt,data\preprocessed\features\z_v\FAKE_T1_1003_IEO_SAD_HI__AUDIO_1003_IEO_ANG_HI_styletts.pt
FAKE_T1_1003_ITS_DIS_XX__AUDIO_1003_ITS_FEA_XX_styletts,track1,1,crema_1003,FEA,DIS,-1,1,1,1,,data\preprocessed\features\z_at\FAKE_T1_1003_ITS_DIS_XX__AUDIO_1003_ITS_FEA_XX_styletts.pt,data\preprocessed\features\z_v\FAKE_T1_1003_ITS_DIS_XX__AUDIO_1003_ITS_FEA_XX_styletts.pt
FAKE_T1_1003_ITS_FEA_XX__AUDIO_1003_ITS_HAP_XX_styletts,track1,1,crema_1003,HAP,FEA,-1,1,1,1,,data\preprocessed\features\z_at\FAKE_T1_1003_ITS_FEA_XX__AUDIO_1003_ITS_HAP_XX_styletts.pt,data\preprocessed\features\z_v\FAKE_T1_1003_ITS_FEA_XX__AUDIO_1003_ITS_HAP_XX_styletts.pt
FAKE_T1_1003_IWL_HAP_XX__AUDIO_1003_IWL_NEU_XX_styletts,track1,1,crema_1003,NEU,HAP,-1,1,1,1,,data\preprocessed\features\z_at\FAKE_T1_1003_IWL_HAP_XX__AUDIO_1003_IWL_NEU_XX_styletts.pt,data\preprocessed\features\z_v\FAKE_T1_1003_IWL_HAP_XX__AUDIO_1003_IWL_NEU_XX_styletts.pt
FAKE_T1_1003_IWL_NEU_XX__AUDIO_1003_IWL_SAD_XX_styletts,track1,1,crema_1003,SAD,NEU,-1,1,1,1,,data\preprocessed\features\z_at\FAKE_T1_1003_IWL_NEU_XX__AUDIO_1003_IWL_SAD_XX_styletts.pt,data\preprocessed\features\z_v\FAKE_T1_1003_IWL_NEU_XX__AUDIO_1003_IWL_SAD_XX_styletts.pt
FAKE_T1_1003_IWW_SAD_XX__AUDIO_1003_IWW_ANG_XX_styletts,track1,1,crema_1003,ANG,SAD,-1,1,1,1,,data\preprocessed\features\z_at\FAKE_T1_1003_IWW_SAD_XX__AUDIO_1003_IWW_ANG_XX_styletts.pt,data\preprocessed\features\z_v\FAKE_T1_1003_IWW_SAD_XX__AUDIO_1003_IWW_ANG_XX_styletts.pt
FAKE_T1_1003_MTI_ANG_XX__AUDIO_1003_MTI_DIS_XX_styletts,track1,1,crema_1003,DIS,ANG,-1,1,1,1,,data\preprocessed\features\z_at\FAKE_T1_1003_MTI_ANG_XX__AUDIO_1003_MTI_DIS_XX_styletts.pt,data\preprocessed\features\z_v\FAKE_T1_1003_MTI_ANG_XX__AUDIO_1003_MTI_DIS_XX_styletts.pt
FAKE_T1_1003_MTI_FEA_XX__AUDIO_1003_MTI_HAP_XX_styletts,track1,1,crema_1003,HAP,FEA,-1,1,1,1,,data\preprocessed\features\z_at\FAKE_T1_1003_MTI_FEA_XX__AUDIO_1003_MTI_HAP_XX_styletts.pt,data\preprocessed\features\z_v\FAKE_T1_1003_MTI_FEA_XX__AUDIO_1003_MTI_HAP_XX_styletts.pt
FAKE_T1_1003_TIE_ANG_XX__AUDIO_1003_TIE_DIS_XX_styletts,track1,1,crema_1003,DIS,ANG,-1,1,1,1,,data\preprocessed\features\z_at\FAKE_T1_1003_TIE_ANG_XX__AUDIO_1003_TIE_DIS_XX_styletts.pt,data\preprocessed\features\z_v\FAKE_T1_1003_TIE_ANG_XX__AUDIO_1003_TIE_DIS_XX_styletts.pt
FAKE_T1_1003_WSI_ANG_XX__AUDIO_1003_WSI_DIS_XX_styletts,track1,1,crema_1003,DIS,ANG,-1,1,1,1,,data\preprocessed\features\z_at\FAKE_T1_1003_WSI_ANG_XX__AUDIO_1003_WSI_DIS_XX_styletts.pt,data\preprocessed\features\z_v\FAKE_T1_1003_WSI_ANG_XX__AUDIO_1003_WSI_DIS_XX_styletts.pt
FAKE_T1_1003_WSI_NEU_XX__AUDIO_1003_WSI_SAD_XX_styletts,track1,1,crema_1003,SAD,NEU,-1,1,1,1,,data\preprocessed\features\z_at\FAKE_T1_1003_WSI_NEU_XX__AUDIO_1003_WSI_SAD_XX_styletts.pt,data\preprocessed\features\z_v\FAKE_T1_1003_WSI_NEU_XX__AUDIO_1003_WSI_SAD_XX_styletts.pt
FAKE_T1_1004_DFA_ANG_XX__AUDIO_1004_DFA_DIS_XX_styletts,track1,1,crema_1004,DIS,ANG,-1,1,1,1,,data\preprocessed\features\z_at\FAKE_T1_1004_DFA_ANG_XX__AUDIO_1004_DFA_DIS_XX_styletts.pt,data\preprocessed\features\z_v\FAKE_T1_1004_DFA_ANG_XX__AUDIO_1004_DFA_DIS_XX_styletts.pt
FAKE_T1_1004_IEO_FEA_LO__AUDIO_1004_IEO_HAP_LO_styletts,track1,1,crema_1004,HAP,FEA,-1,1,1,1,,data\preprocessed\features\z_at\FAKE_T1_1004_IEO_FEA_LO__AUDIO_1004_IEO_HAP_LO_styletts.pt,data\preprocessed\features\z_v\FAKE_T1_1004_IEO_FEA_LO__AUDIO_1004_IEO_HAP_LO_styletts.pt
FAKE_T1_1004_IOM_NEU_XX__AUDIO_1004_IOM_SAD_XX_styletts,track1,1,crema_1004,SAD,NEU,-1,1,1,1,,data\preprocessed\features\z_at\FAKE_T1_1004_IOM_NEU_XX__AUDIO_1004_IOM_SAD_XX_styletts.pt,data\preprocessed\features\z_v\FAKE_T1_1004_IOM_NEU_XX__AUDIO_1004_IOM_SAD_XX_styletts.pt
FAKE_T1_1004_ITH_ANG_XX__AUDIO_1004_ITH_DIS_XX_styletts,track1,1,crema_1004,DIS,ANG,-1,1,1,1,,data\preprocessed\features\z_at\FAKE_T1_1004_ITH_ANG_XX__AUDIO_1004_ITH_DIS_XX_styletts.pt,data\preprocessed\features\z_v\FAKE_T1_1004_ITH_ANG_XX__AUDIO_1004_ITH_DIS_XX_styletts.pt
FAKE_T1_1004_ITS_HAP_XX__AUDIO_1004_ITS_NEU_XX_styletts,track1,1,crema_1004,NEU,HAP,-1,1,1,1,,data\preprocessed\features\z_at\FAKE_T1_1004_ITS_HAP_XX__AUDIO_1004_ITS_NEU_XX_styletts.pt,data\preprocessed\features\z_v\FAKE_T1_1004_ITS_HAP_XX__AUDIO_1004_ITS_NEU_XX_styletts.pt
FAKE_T1_1004_IWL_ANG_XX__AUDIO_1004_IWL_DIS_XX_styletts,track1,1,crema_1004,DIS,ANG,-1,1,1,1,,data\preprocessed\features\z_at\FAKE_T1_1004_IWL_ANG_XX__AUDIO_1004_IWL_DIS_XX_styletts.pt,data\preprocessed\features\z_v\FAKE_T1_1004_IWL_ANG_XX__AUDIO_1004_IWL_DIS_XX_styletts.pt
FAKE_T1_1004_IWL_HAP_XX__AUDIO_1004_IWL_NEU_XX_styletts,track1,1,crema_1004,NEU,HAP,-1,1,1,1,,data\preprocessed\features\z_at\FAKE_T1_1004_IWL_HAP_XX__AUDIO_1004_IWL_NEU_XX_styletts.pt,data\preprocessed\features\z_v\FAKE_T1_1004_IWL_HAP_XX__AUDIO_1004_IWL_NEU_XX_styletts.pt
FAKE_T1_1004_IWW_ANG_XX__AUDIO_1004_IWW_DIS_XX_styletts,track1,1,crema_1004,DIS,ANG,-1,1,1,1,,data\preprocessed\features\z_at\FAKE_T1_1004_IWW_ANG_XX__AUDIO_1004_IWW_DIS_XX_styletts.pt,data\preprocessed\features\z_v\FAKE_T1_1004_IWW_ANG_XX__AUDIO_1004_IWW_DIS_XX_styletts.pt
FAKE_T1_1004_MTI_ANG_XX__AUDIO_1004_MTI_DIS_XX_styletts,track1,1,crema_1004,DIS,ANG,-1,1,1,1,,data\preprocessed\features\z_at\FAKE_T1_1004_MTI_ANG_XX__AUDIO_1004_MTI_DIS_XX_styletts.pt,data\preprocessed\features\z_v\FAKE_T1_1004_MTI_ANG_XX__AUDIO_1004_MTI_DIS_XX_styletts.pt
FAKE_T1_1004_MTI_HAP_XX__AUDIO_1004_MTI_NEU_XX_styletts,track1,1,crema_1004,NEU,HAP,-1,1,1,1,,data\preprocessed\features\z_at\FAKE_T1_1004_MTI_HAP_XX__AUDIO_1004_MTI_NEU_XX_styletts.pt,data\preprocessed\features\z_v\FAKE_T1_1004_MTI_HAP_XX__AUDIO_1004_MTI_NEU_XX_styletts.pt
FAKE_T1_1004_TAI_FEA_XX__AUDIO_1004_TAI_HAP_XX_styletts,track1,1,crema_1004,HAP,FEA,-1,1,1,1,,data\preprocessed\features\z_at\FAKE_T1_1004_TAI_FEA_XX__AUDIO_1004_TAI_HAP_XX_styletts.pt,data\preprocessed\features\z_v\FAKE_T1_1004_TAI_FEA_XX__AUDIO_1004_TAI_HAP_XX_styletts.pt
FAKE_T1_1004_TAI_HAP_XX__AUDIO_1004_TAI_NEU_XX_styletts,track1,1,crema_1004,NEU,HAP,-1,1,1,1,,data\preprocessed\features\z_at\FAKE_T1_1004_TAI_HAP_XX__AUDIO_1004_TAI_NEU_XX_styletts.pt,data\preprocessed\features\z_v\FAKE_T1_1004_TAI_HAP_XX__AUDIO_1004_TAI_NEU_XX_styletts.pt
FAKE_T1_1004_TAI_SAD_XX__AUDIO_1004_TAI_ANG_XX_styletts,track1,1,crema_1004,ANG,SAD,-1,1,1,1,,data\preprocessed\features\z_at\FAKE_T1_1004_TAI_SAD_XX__AUDIO_1004_TAI_ANG_XX_styletts.pt,data\preprocessed\features\z_v\FAKE_T1_1004_TAI_SAD_XX__AUDIO_1004_TAI_ANG_XX_styletts.pt
FAKE_T1_1004_WSI_ANG_XX__AUDIO_1004_WSI_DIS_XX_styletts,track1,1,crema_1004,DIS,ANG,-1,1,1,1,,data\preprocessed\features\z_at\FAKE_T1_1004_WSI_ANG_XX__AUDIO_1004_WSI_DIS_XX_styletts.pt,data\preprocessed\features\z_v\FAKE_T1_1004_WSI_ANG_XX__AUDIO_1004_WSI_DIS_XX_styletts.pt
FAKE_T1_1004_WSI_DIS_XX__AUDIO_1004_WSI_FEA_XX_styletts,track1,1,crema_1004,FEA,DIS,-1,1,1,1,,data\preprocessed\features\z_at\FAKE_T1_1004_WSI_DIS_XX__AUDIO_1004_WSI_FEA_XX_styletts.pt,data\preprocessed\features\z_v\FAKE_T1_1004_WSI_DIS_XX__AUDIO_1004_WSI_FEA_XX_styletts.pt
FAKE_T1_1004_WSI_HAP_XX__AUDIO_1004_WSI_NEU_XX_styletts,track1,1,crema_1004,NEU,HAP,-1,1,1,1,,data\preprocessed\features\z_at\FAKE_T1_1004_WSI_HAP_XX__AUDIO_1004_WSI_NEU_XX_styletts.pt,data\preprocessed\features\z_v\FAKE_T1_1004_WSI_HAP_XX__AUDIO_1004_WSI_NEU_XX_styletts.pt
FAKE_T1_1005_DFA_NEU_XX__AUDIO_1005_DFA_SAD_XX_styletts,track1,1,crema_1005,SAD,NEU,-1,1,1,1,,data\preprocessed\features\z_at\FAKE_T1_1005_DFA_NEU_XX__AUDIO_1005_DFA_SAD_XX_styletts.pt,data\preprocessed\features\z_v\FAKE_T1_1005_DFA_NEU_XX__AUDIO_1005_DFA_SAD_XX_styletts.pt
FAKE_T1_1005_IEO_SAD_LO__AUDIO_1005_IEO_ANG_LO_styletts,track1,1,crema_1005,ANG,SAD,-1,1,1,1,,data\preprocessed\features\z_at\FAKE_T1_1005_IEO_SAD_LO__AUDIO_1005_IEO_ANG_LO_styletts.pt,data\preprocessed\features\z_v\FAKE_T1_1005_IEO_SAD_LO__AUDIO_1005_IEO_ANG_LO_styletts.pt
FAKE_T1_1005_IOM_FEA_XX__AUDIO_1005_IOM_HAP_XX_styletts,track1,1,crema_1005,HAP,FEA,-1,1,1,1,,data\preprocessed\features\z_at\FAKE_T1_1005_IOM_FEA_XX__AUDIO_1005_IOM_HAP_XX_styletts.pt,data\preprocessed\features\z_v\FAKE_T1_1005_IOM_FEA_XX__AUDIO_1005_IOM_HAP_XX_styletts.pt
FAKE_T1_1005_ITH_HAP_XX__AUDIO_1005_ITH_NEU_XX_styletts,track1,1,crema_1005,NEU,HAP,-1,1,1,1,,data\preprocessed\features\z_at\FAKE_T1_1005_ITH_HAP_XX__AUDIO_1005_ITH_NEU_XX_styletts.pt,data\preprocessed\features\z_v\FAKE_T1_1005_ITH_HAP_XX__AUDIO_1005_ITH_NEU_XX_styletts.pt
FAKE_T1_1005_ITH_SAD_XX__AUDIO_1005_ITH_ANG_XX_styletts,track1,1,crema_1005,ANG,SAD,-1,1,1,1,,data\preprocessed\features\z_at\FAKE_T1_1005_ITH_SAD_XX__AUDIO_1005_ITH_ANG_XX_styletts.pt,data\preprocessed\features\z_v\FAKE_T1_1005_ITH_SAD_XX__AUDIO_1005_ITH_ANG_XX_styletts.pt
FAKE_T1_1005_ITS_FEA_XX__AUDIO_1005_ITS_HAP_XX_styletts,track1,1,crema_1005,HAP,FEA,-1,1,1,1,,data\preprocessed\features\z_at\FAKE_T1_1005_ITS_FEA_XX__AUDIO_1005_ITS_HAP_XX_styletts.pt,data\preprocessed\features\z_v\FAKE_T1_1005_ITS_FEA_XX__AUDIO_1005_ITS_HAP_XX_styletts.pt
FAKE_T1_1005_IWL_DIS_XX__AUDIO_1005_IWL_FEA_XX_styletts,track1,1,crema_1005,FEA,DIS,-1,1,1,1,,data\preprocessed\features\z_at\FAKE_T1_1005_IWL_DIS_XX__AUDIO_1005_IWL_FEA_XX_styletts.pt,data\preprocessed\features\z_v\FAKE_T1_1005_IWL_DIS_XX__AUDIO_1005_IWL_FEA_XX_styletts.pt
FAKE_T1_1005_IWL_FEA_XX__AUDIO_1005_IWL_HAP_XX_styletts,track1,1,crema_1005,HAP,FEA,-1,1,1,1,,data\preprocessed\features\z_at\FAKE_T1_1005_IWL_FEA_XX__AUDIO_1005_IWL_HAP_XX_styletts.pt,data\preprocessed\features\z_v\FAKE_T1_1005_IWL_FEA_XX__AUDIO_1005_IWL_HAP_XX_styletts.pt
FAKE_T1_1005_IWL_NEU_XX__AUDIO_1005_IWL_SAD_XX_styletts,track1,1,crema_1005,SAD,NEU,-1,1,1,1,,data\preprocessed\features\z_at\FAKE_T1_1005_IWL_NEU_XX__AUDIO_1005_IWL_SAD_XX_styletts.pt,data\preprocessed\features\z_v\FAKE_T1_1005_IWL_NEU_XX__AUDIO_1005_IWL_SAD_XX_styletts.pt
FAKE_T1_1005_IWW_FEA_XX__AUDIO_1005_IWW_HAP_XX_styletts,track1,1,crema_1005,HAP,FEA,-1,1,1,1,,data\preprocessed\features\z_at\FAKE_T1_1005_IWW_FEA_XX__AUDIO_1005_IWW_HAP_XX_styletts.pt,data\preprocessed\features\z_v\FAKE_T1_1005_IWW_FEA_XX__AUDIO_1005_IWW_HAP_XX_styletts.pt
FAKE_T1_1005_IWW_NEU_XX__AUDIO_1005_IWW_SAD_XX_styletts,track1,1,crema_1005,SAD,NEU,-1,1,1,1,,data\preprocessed\features\z_at\FAKE_T1_1005_IWW_NEU_XX__AUDIO_1005_IWW_SAD_XX_styletts.pt,data\preprocessed\features\z_v\FAKE_T1_1005_IWW_NEU_XX__AUDIO_1005_IWW_SAD_XX_styletts.pt
FAKE_T1_1005_TIE_SAD_XX__AUDIO_1005_TIE_ANG_XX_styletts,track1,1,crema_1005,ANG,SAD,-1,1,1,1,,data\preprocessed\features\z_at\FAKE_T1_1005_TIE_SAD_XX__AUDIO_1005_TIE_ANG_XX_styletts.pt,data\preprocessed\features\z_v\FAKE_T1_1005_TIE_SAD_XX__AUDIO_1005_TIE_ANG_XX_styletts.pt
FAKE_T1_1005_TSI_FEA_XX__AUDIO_1005_TSI_HAP_XX_styletts,track1,1,crema_1005,HAP,FEA,-1,1,1,1,,data\preprocessed\features\z_at\FAKE_T1_1005_TSI_FEA_XX__AUDIO_1005_TSI_HAP_XX_styletts.pt,data\preprocessed\features\z_v\FAKE_T1_1005_TSI_FEA_XX__AUDIO_1005_TSI_HAP_XX_styletts.pt
FAKE_T1_1005_TSI_HAP_XX__AUDIO_1005_TSI_NEU_XX_styletts,track1,1,crema_1005,NEU,HAP,-1,1,1,1,,data\preprocessed\features\z_at\FAKE_T1_1005_TSI_HAP_XX__AUDIO_1005_TSI_NEU_XX_styletts.pt,data\preprocessed\features\z_v\FAKE_T1_1005_TSI_HAP_XX__AUDIO_1005_TSI_NEU_XX_styletts.pt
FAKE_T1_1005_TSI_NEU_XX__AUDIO_1005_TSI_SAD_XX_styletts,track1,1,crema_1005,SAD,NEU,-1,1,1,1,,data\preprocessed\features\z_at\FAKE_T1_1005_TSI_NEU_XX__AUDIO_1005_TSI_SAD_XX_styletts.pt,data\preprocessed\features\z_v\FAKE_T1_1005_TSI_NEU_XX__AUDIO_1005_TSI_SAD_XX_styletts.pt
FAKE_T1_1005_WSI_SAD_XX__AUDIO_1005_WSI_ANG_XX_styletts,track1,1,crema_1005,ANG,SAD,-1,1,1,1,,data\preprocessed\features\z_at\FAKE_T1_1005_WSI_SAD_XX__AUDIO_1005_WSI_ANG_XX_styletts.pt,data\preprocessed\features\z_v\FAKE_T1_1005_WSI_SAD_XX__AUDIO_1005_WSI_ANG_XX_styletts.pt
FAKE_T1_1006_IEO_ANG_LO__AUDIO_1006_IEO_DIS_LO_styletts,track1,1,crema_1006,DIS,ANG,-1,1,1,1,,data\preprocessed\features\z_at\FAKE_T1_1006_IEO_ANG_LO__AUDIO_1006_IEO_DIS_LO_styletts.pt,data\preprocessed\features\z_v\FAKE_T1_1006_IEO_ANG_LO__AUDIO_1006_IEO_DIS_LO_styletts.pt
FAKE_T1_1006_IEO_DIS_HI__AUDIO_1006_IEO_FEA_HI_styletts,track1,1,crema_1006,FEA,DIS,-1,1,1,1,,data\preprocessed\features\z_at\FAKE_T1_1006_IEO_DIS_HI__AUDIO_1006_IEO_FEA_HI_styletts.pt,data\preprocessed\features\z_v\FAKE_T1_1006_IEO_DIS_HI__AUDIO_1006_IEO_FEA_HI_styletts.pt
FAKE_T1_1006_IEO_FEA_HI__AUDIO_1006_IEO_HAP_HI_styletts,track1,1,crema_1006,HAP,FEA,-1,1,1,1,,data\preprocessed\features\z_at\FAKE_T1_1006_IEO_FEA_HI__AUDIO_1006_IEO_HAP_HI_styletts.pt,data\preprocessed\features\z_v\FAKE_T1_1006_IEO_FEA_HI__AUDIO_1006_IEO_HAP_HI_styletts.pt
FAKE_T1_1006_IEO_FEA_LO__AUDIO_1006_IEO_HAP_LO_styletts,track1,1,crema_1006,HAP,FEA,-1,1,1,1,,data\preprocessed\features\z_at\FAKE_T1_1006_IEO_FEA_LO__AUDIO_1006_IEO_HAP_LO_styletts.pt,data\preprocessed\features\z_v\FAKE_T1_1006_IEO_FEA_LO__AUDIO_1006_IEO_HAP_LO_styletts.pt
FAKE_T1_1006_IEO_HAP_HI__AUDIO_1006_IEO_NEU_XX_styletts,track1,1,crema_1006,NEU,HAP,-1,1,1,1,,data\preprocessed\features\z_at\FAKE_T1_1006_IEO_HAP_HI__AUDIO_1006_IEO_NEU_XX_styletts.pt,data\preprocessed\features\z_v\FAKE_T1_1006_IEO_HAP_HI__AUDIO_1006_IEO_NEU_XX_styletts.pt
FAKE_T1_1006_IOM_DIS_XX__AUDIO_1006_IOM_FEA_XX_styletts,track1,1,crema_1006,FEA,DIS,-1,1,1,1,,data\preprocessed\features\z_at\FAKE_T1_1006_IOM_DIS_XX__AUDIO_1006_IOM_FEA_XX_styletts.pt,data\preprocessed\features\z_v\FAKE_T1_1006_IOM_DIS_XX__AUDIO_1006_IOM_FEA_XX_styletts.pt
FAKE_T1_1006_ITS_NEU_XX__AUDIO_1006_ITS_SAD_XX_styletts,track1,1,crema_1006,SAD,NEU,-1,1,1,1,,data\preprocessed\features\z_at\FAKE_T1_1006_ITS_NEU_XX__AUDIO_1006_ITS_SAD_XX_styletts.pt,data\preprocessed\features\z_v\FAKE_T1_1006_ITS_NEU_XX__AUDIO_1006_ITS_SAD_XX_styletts.pt
FAKE_T1_1006_IWL_ANG_XX__AUDIO_1006_IWL_DIS_XX_styletts,track1,1,crema_1006,DIS,ANG,-1,1,1,1,,data\preprocessed\features\z_at\FAKE_T1_1006_IWL_ANG_XX__AUDIO_1006_IWL_DIS_XX_styletts.pt,data\preprocessed\features\z_v\FAKE_T1_1006_IWL_ANG_XX__AUDIO_1006_IWL_DIS_XX_styletts.pt
FAKE_T1_1006_IWW_NEU_XX__AUDIO_1006_IWW_SAD_XX_styletts,track1,1,crema_1006,SAD,NEU,-1,1,1,1,,data\preprocessed\features\z_at\FAKE_T1_1006_IWW_NEU_XX__AUDIO_1006_IWW_SAD_XX_styletts.pt,data\preprocessed\features\z_v\FAKE_T1_1006_IWW_NEU_XX__AUDIO_1006_IWW_SAD_XX_styletts.pt
FAKE_T1_1006_MTI_NEU_XX__AUDIO_1006_MTI_SAD_XX_styletts,track1,1,crema_1006,SAD,NEU,-1,1,1,1,,data\preprocessed\features\z_at\FAKE_T1_1006_MTI_NEU_XX__AUDIO_1006_MTI_SAD_XX_styletts.pt,data\preprocessed\features\z_v\FAKE_T1_1006_MTI_NEU_XX__AUDIO_1006_MTI_SAD_XX_styletts.pt
FAKE_T1_1006_MTI_SAD_XX__AUDIO_1006_MTI_ANG_XX_styletts,track1,1,crema_1006,ANG,SAD,-1,1,1,1,,data\preprocessed\features\z_at\FAKE_T1_1006_MTI_SAD_XX__AUDIO_1006_MTI_ANG_XX_styletts.pt,data\preprocessed\features\z_v\FAKE_T1_1006_MTI_SAD_XX__AUDIO_1006_MTI_ANG_XX_styletts.pt
FAKE_T1_1006_TIE_DIS_XX__AUDIO_1006_TIE_FEA_XX_styletts,track1,1,crema_1006,FEA,DIS,-1,1,1,1,,data\preprocessed\features\z_at\FAKE_T1_1006_TIE_DIS_XX__AUDIO_1006_TIE_FEA_XX_styletts.pt,data\preprocessed\features\z_v\FAKE_T1_1006_TIE_DIS_XX__AUDIO_1006_TIE_FEA_XX_styletts.pt
FAKE_T1_1006_TIE_FEA_XX__AUDIO_1006_TIE_HAP_XX_styletts,track1,1,crema_1006,HAP,FEA,-1,1,1,1,,data\preprocessed\features\z_at\FAKE_T1_1006_TIE_FEA_XX__AUDIO_1006_TIE_HAP_XX_styletts.pt,data\preprocessed\features\z_v\FAKE_T1_1006_TIE_FEA_XX__AUDIO_1006_TIE_HAP_XX_styletts.pt
FAKE_T1_1006_TSI_ANG_XX__AUDIO_1006_TSI_DIS_XX_styletts,track1,1,crema_1006,DIS,ANG,-1,1,1,1,,data\preprocessed\features\z_at\FAKE_T1_1006_TSI_ANG_XX__AUDIO_1006_TSI_DIS_XX_styletts.pt,data\preprocessed\features\z_v\FAKE_T1_1006_TSI_ANG_XX__AUDIO_1006_TSI_DIS_XX_styletts.pt
FAKE_T1_1006_TSI_NEU_XX__AUDIO_1006_TSI_SAD_XX_styletts,track1,1,crema_1006,SAD,NEU,-1,1,1,1,,data\preprocessed\features\z_at\FAKE_T1_1006_TSI_NEU_XX__AUDIO_1006_TSI_SAD_XX_styletts.pt,data\preprocessed\features\z_v\FAKE_T1_1006_TSI_NEU_XX__AUDIO_1006_TSI_SAD_XX_styletts.pt
FAKE_T1_1006_WSI_FEA_XX__AUDIO_1006_WSI_HAP_XX_styletts,track1,1,crema_1006,HAP,FEA,-1,1,1,1,,data\preprocessed\features\z_at\FAKE_T1_1006_WSI_FEA_XX__AUDIO_1006_WSI_HAP_XX_styletts.pt,data\preprocessed\features\z_v\FAKE_T1_1006_WSI_FEA_XX__AUDIO_1006_WSI_HAP_XX_styletts.pt
FAKE_T1_1007_DFA_SAD_XX__AUDIO_1007_DFA_ANG_XX_styletts,track1,1,crema_1007,ANG,SAD,-1,1,1,1,,data\preprocessed\features\z_at\FAKE_T1_1007_DFA_SAD_XX__AUDIO_1007_DFA_ANG_XX_styletts.pt,data\preprocessed\features\z_v\FAKE_T1_1007_DFA_SAD_XX__AUDIO_1007_DFA_ANG_XX_styletts.pt
FAKE_T1_1007_IEO_DIS_MD__AUDIO_1007_IEO_FEA_MD_styletts,track1,1,crema_1007,FEA,DIS,-1,1,1,1,,data\preprocessed\features\z_at\FAKE_T1_1007_IEO_DIS_MD__AUDIO_1007_IEO_FEA_MD_styletts.pt,data\preprocessed\features\z_v\FAKE_T1_1007_IEO_DIS_MD__AUDIO_1007_IEO_FEA_MD_styletts.pt
FAKE_T1_1007_IEO_NEU_XX__AUDIO_1007_IEO_SAD_HI_styletts,track1,1,crema_1007,SAD,NEU,-1,1,1,1,,data\preprocessed\features\z_at\FAKE_T1_1007_IEO_NEU_XX__AUDIO_1007_IEO_SAD_HI_styletts.pt,data\preprocessed\features\z_v\FAKE_T1_1007_IEO_NEU_XX__AUDIO_1007_IEO_SAD_HI_styletts.pt
FAKE_T1_1007_IEO_SAD_HI__AUDIO_1007_IEO_ANG_HI_styletts,track1,1,crema_1007,ANG,SAD,-1,1,1,1,,data\preprocessed\features\z_at\FAKE_T1_1007_IEO_SAD_HI__AUDIO_1007_IEO_ANG_HI_styletts.pt,data\preprocessed\features\z_v\FAKE_T1_1007_IEO_SAD_HI__AUDIO_1007_IEO_ANG_HI_styletts.pt
FAKE_T1_1007_IOM_HAP_XX__AUDIO_1007_IOM_NEU_XX_styletts,track1,1,crema_1007,NEU,HAP,-1,1,1,1,,data\preprocessed\features\z_at\FAKE_T1_1007_IOM_HAP_XX__AUDIO_1007_IOM_NEU_XX_styletts.pt,data\preprocessed\features\z_v\FAKE_T1_1007_IOM_HAP_XX__AUDIO_1007_IOM_NEU_XX_styletts.pt
FAKE_T1_1007_IOM_SAD_XX__AUDIO_1007_IOM_ANG_XX_styletts,track1,1,crema_1007,ANG,SAD,-1,1,1,1,,data\preprocessed\features\z_at\FAKE_T1_1007_IOM_SAD_XX__AUDIO_1007_IOM_ANG_XX_styletts.pt,data\preprocessed\features\z_v\FAKE_T1_1007_IOM_SAD_XX__AUDIO_1007_IOM_ANG_XX_styletts.pt
FAKE_T1_1007_ITH_NEU_XX__AUDIO_1007_ITH_SAD_XX_styletts,track1,1,crema_1007,SAD,NEU,-1,1,1,1,,data\preprocessed\features\z_at\FAKE_T1_1007_ITH_NEU_XX__AUDIO_1007_ITH_SAD_XX_styletts.pt,data\preprocessed\features\z_v\FAKE_T1_1007_ITH_NEU_XX__AUDIO_1007_ITH_SAD_XX_styletts.pt
FAKE_T1_1007_ITS_ANG_XX__AUDIO_1007_ITS_DIS_XX_styletts,track1,1,crema_1007,DIS,ANG,-1,1,1,1,,data\preprocessed\features\z_at\FAKE_T1_1007_ITS_ANG_XX__AUDIO_1007_ITS_DIS_XX_styletts.pt,data\preprocessed\features\z_v\FAKE_T1_1007_ITS_ANG_XX__AUDIO_1007_ITS_DIS_XX_styletts.pt
FAKE_T1_1007_ITS_FEA_XX__AUDIO_1007_ITS_HAP_XX_styletts,track1,1,crema_1007,HAP,FEA,-1,1,1,1,,data\preprocessed\features\z_at\FAKE_T1_1007_ITS_FEA_XX__AUDIO_1007_ITS_HAP_XX_styletts.pt,data\preprocessed\features\z_v\FAKE_T1_1007_ITS_FEA_XX__AUDIO_1007_ITS_HAP_XX_styletts.pt
FAKE_T1_1007_ITS_SAD_XX__AUDIO_1007_ITS_ANG_XX_styletts,track1,1,crema_1007,ANG,SAD,-1,1,1,1,,data\preprocessed\features\z_at\FAKE_T1_1007_ITS_SAD_XX__AUDIO_1007_ITS_ANG_XX_styletts.pt,data\preprocessed\features\z_v\FAKE_T1_1007_ITS_SAD_XX__AUDIO_1007_ITS_ANG_XX_styletts.pt
FAKE_T1_1007_IWL_HAP_XX__AUDIO_1007_IWL_NEU_XX_styletts,track1,1,crema_1007,NEU,HAP,-1,1,1,1,,data\preprocessed\features\z_at\FAKE_T1_1007_IWL_HAP_XX__AUDIO_1007_IWL_NEU_XX_styletts.pt,data\preprocessed\features\z_v\FAKE_T1_1007_IWL_HAP_XX__AUDIO_1007_IWL_NEU_XX_styletts.pt
FAKE_T1_1007_IWW_NEU_XX__AUDIO_1007_IWW_SAD_XX_styletts,track1,1,crema_1007,SAD,NEU,-1,1,1,1,,data\preprocessed\features\z_at\FAKE_T1_1007_IWW_NEU_XX__AUDIO_1007_IWW_SAD_XX_styletts.pt,data\preprocessed\features\z_v\FAKE_T1_1007_IWW_NEU_XX__AUDIO_1007_IWW_SAD_XX_styletts.pt
FAKE_T1_1007_MTI_NEU_XX__AUDIO_1007_MTI_SAD_XX_styletts,track1,1,crema_1007,SAD,NEU,-1,1,1,1,,data\preprocessed\features\z_at\FAKE_T1_1007_MTI_NEU_XX__AUDIO_1007_MTI_SAD_XX_styletts.pt,data\preprocessed\features\z_v\FAKE_T1_1007_MTI_NEU_XX__AUDIO_1007_MTI_SAD_XX_styletts.pt
FAKE_T1_1007_TAI_ANG_XX__AUDIO_1007_TAI_DIS_XX_styletts,track1,1,crema_1007,DIS,ANG,-1,1,1,1,,data\preprocessed\features\z_at\FAKE_T1_1007_TAI_ANG_XX__AUDIO_1007_TAI_DIS_XX_styletts.pt,data\preprocessed\features\z_v\FAKE_T1_1007_TAI_ANG_XX__AUDIO_1007_TAI_DIS_XX_styletts.pt
FAKE_T1_1007_TSI_SAD_XX__AUDIO_1007_TSI_ANG_XX_styletts,track1,1,crema_1007,ANG,SAD,-1,1,1,1,,data\preprocessed\features\z_at\FAKE_T1_1007_TSI_SAD_XX__AUDIO_1007_TSI_ANG_XX_styletts.pt,data\preprocessed\features\z_v\FAKE_T1_1007_TSI_SAD_XX__AUDIO_1007_TSI_ANG_XX_styletts.pt
FAKE_T1_1007_WSI_DIS_XX__AUDIO_1007_WSI_FEA_XX_styletts,track1,1,crema_1007,FEA,DIS,-1,1,1,1,,data\preprocessed\features\z_at\FAKE_T1_1007_WSI_DIS_XX__AUDIO_1007_WSI_FEA_XX_styletts.pt,data\preprocessed\features\z_v\FAKE_T1_1007_WSI_DIS_XX__AUDIO_1007_WSI_FEA_XX_styletts.pt
FAKE_T1_1008_IEO_ANG_LO__AUDIO_1008_IEO_DIS_LO_styletts,track1,1,crema_1008,DIS,ANG,-1,1,1,1,,data\preprocessed\features\z_at\FAKE_T1_1008_IEO_ANG_LO__AUDIO_1008_IEO_DIS_LO_styletts.pt,data\preprocessed\features\z_v\FAKE_T1_1008_IEO_ANG_LO__AUDIO_1008_IEO_DIS_LO_styletts.pt
FAKE_T1_1008_IEO_DIS_HI__AUDIO_1008_IEO_FEA_HI_styletts,track1,1,crema_1008,FEA,DIS,-1,1,1,1,,data\preprocessed\features\z_at\FAKE_T1_1008_IEO_DIS_HI__AUDIO_1008_IEO_FEA_HI_styletts.pt,data\preprocessed\features\z_v\FAKE_T1_1008_IEO_DIS_HI__AUDIO_1008_IEO_FEA_HI_styletts.pt
FAKE_T1_1008_IEO_HAP_HI__AUDIO_1008_IEO_NEU_XX_styletts,track1,1,crema_1008,NEU,HAP,-1,1,1,1,,data\preprocessed\features\z_at\FAKE_T1_1008_IEO_HAP_HI__AUDIO_1008_IEO_NEU_XX_styletts.pt,data\preprocessed\features\z_v\FAKE_T1_1008_IEO_HAP_HI__AUDIO_1008_IEO_NEU_XX_styletts.pt
FAKE_T1_1008_IEO_HAP_MD__AUDIO_1008_IEO_NEU_XX_styletts,track1,1,crema_1008,NEU,HAP,-1,1,1,1,,data\preprocessed\features\z_at\FAKE_T1_1008_IEO_HAP_MD__AUDIO_1008_IEO_NEU_XX_styletts.pt,data\preprocessed\features\z_v\FAKE_T1_1008_IEO_HAP_MD__AUDIO_1008_IEO_NEU_XX_styletts.pt
FAKE_T1_1008_IOM_DIS_XX__AUDIO_1008_IOM_FEA_XX_styletts,track1,1,crema_1008,FEA,DIS,-1,1,1,1,,data\preprocessed\features\z_at\FAKE_T1_1008_IOM_DIS_XX__AUDIO_1008_IOM_FEA_XX_styletts.pt,data\preprocessed\features\z_v\FAKE_T1_1008_IOM_DIS_XX__AUDIO_1008_IOM_FEA_XX_styletts.pt
FAKE_T1_1008_IOM_FEA_XX__AUDIO_1008_IOM_HAP_XX_styletts,track1,1,crema_1008,HAP,FEA,-1,1,1,1,,data\preprocessed\features\z_at\FAKE_T1_1008_IOM_FEA_XX__AUDIO_1008_IOM_HAP_XX_styletts.pt,data\preprocessed\features\z_v\FAKE_T1_1008_IOM_FEA_XX__AUDIO_1008_IOM_HAP_XX_styletts.pt
FAKE_T1_1008_IOM_SAD_XX__AUDIO_1008_IOM_ANG_XX_styletts,track1,1,crema_1008,ANG,SAD,-1,1,1,1,,data\preprocessed\features\z_at\FAKE_T1_1008_IOM_SAD_XX__AUDIO_1008_IOM_ANG_XX_styletts.pt,data\preprocessed\features\z_v\FAKE_T1_1008_IOM_SAD_XX__AUDIO_1008_IOM_ANG_XX_styletts.pt
FAKE_T1_1008_ITH_ANG_XX__AUDIO_1008_ITH_DIS_XX_styletts,track1,1,crema_1008,DIS,ANG,-1,1,1,1,,data\preprocessed\features\z_at\FAKE_T1_1008_ITH_ANG_XX__AUDIO_1008_ITH_DIS_XX_styletts.pt,data\preprocessed\features\z_v\FAKE_T1_1008_ITH_ANG_XX__AUDIO_1008_ITH_DIS_XX_styletts.pt
FAKE_T1_1008_ITS_ANG_XX__AUDIO_1008_ITS_DIS_XX_styletts,track1,1,crema_1008,DIS,ANG,-1,1,1,1,,data\preprocessed\features\z_at\FAKE_T1_1008_ITS_ANG_XX__AUDIO_1008_ITS_DIS_XX_styletts.pt,data\preprocessed\features\z_v\FAKE_T1_1008_ITS_ANG_XX__AUDIO_1008_ITS_DIS_XX_styletts.pt
FAKE_T1_1008_MTI_FEA_XX__AUDIO_1008_MTI_HAP_XX_styletts,track1,1,crema_1008,HAP,FEA,-1,1,1,1,,data\preprocessed\features\z_at\FAKE_T1_1008_MTI_FEA_XX__AUDIO_1008_MTI_HAP_XX_styletts.pt,data\preprocessed\features\z_v\FAKE_T1_1008_MTI_FEA_XX__AUDIO_1008_MTI_HAP_XX_styletts.pt
FAKE_T1_1008_TAI_ANG_XX__AUDIO_1008_TAI_DIS_XX_styletts,track1,1,crema_1008,DIS,ANG,-1,1,1,1,,data\preprocessed\features\z_at\FAKE_T1_1008_TAI_ANG_XX__AUDIO_1008_TAI_DIS_XX_styletts.pt,data\preprocessed\features\z_v\FAKE_T1_1008_TAI_ANG_XX__AUDIO_1008_TAI_DIS_XX_styletts.pt
FAKE_T1_1008_TAI_DIS_XX__AUDIO_1008_TAI_FEA_XX_styletts,track1,1,crema_1008,FEA,DIS,-1,1,1,1,,data\preprocessed\features\z_at\FAKE_T1_1008_TAI_DIS_XX__AUDIO_1008_TAI_FEA_XX_styletts.pt,data\preprocessed\features\z_v\FAKE_T1_1008_TAI_DIS_XX__AUDIO_1008_TAI_FEA_XX_styletts.pt
FAKE_T1_1008_TAI_HAP_XX__AUDIO_1008_TAI_NEU_XX_styletts,track1,1,crema_1008,NEU,HAP,-1,1,1,1,,data\preprocessed\features\z_at\FAKE_T1_1008_TAI_HAP_XX__AUDIO_1008_TAI_NEU_XX_styletts.pt,data\preprocessed\features\z_v\FAKE_T1_1008_TAI_HAP_XX__AUDIO_1008_TAI_NEU_XX_styletts.pt
FAKE_T1_1008_TSI_HAP_XX__AUDIO_1008_TSI_NEU_XX_styletts,track1,1,crema_1008,NEU,HAP,-1,1,1,1,,data\preprocessed\features\z_at\FAKE_T1_1008_TSI_HAP_XX__AUDIO_1008_TSI_NEU_XX_styletts.pt,data\preprocessed\features\z_v\FAKE_T1_1008_TSI_HAP_XX__AUDIO_1008_TSI_NEU_XX_styletts.pt
FAKE_T1_1008_TSI_SAD_XX__AUDIO_1008_TSI_ANG_XX_styletts,track1,1,crema_1008,ANG,SAD,-1,1,1,1,,data\preprocessed\features\z_at\FAKE_T1_1008_TSI_SAD_XX__AUDIO_1008_TSI_ANG_XX_styletts.pt,data\preprocessed\features\z_v\FAKE_T1_1008_TSI_SAD_XX__AUDIO_1008_TSI_ANG_XX_styletts.pt
FAKE_T1_1009_IEO_DIS_HI__AUDIO_1009_IEO_FEA_HI_styletts,track1,1,crema_1009,FEA,DIS,-1,1,1,1,,data\preprocessed\features\z_at\FAKE_T1_1009_IEO_DIS_HI__AUDIO_1009_IEO_FEA_HI_styletts.pt,data\preprocessed\features\z_v\FAKE_T1_1009_IEO_DIS_HI__AUDIO_1009_IEO_FEA_HI_styletts.pt
FAKE_T1_1009_IEO_DIS_MD__AUDIO_1009_IEO_FEA_MD_styletts,track1,1,crema_1009,FEA,DIS,-1,1,1,1,,data\preprocessed\features\z_at\FAKE_T1_1009_IEO_DIS_MD__AUDIO_1009_IEO_FEA_MD_styletts.pt,data\preprocessed\features\z_v\FAKE_T1_1009_IEO_DIS_MD__AUDIO_1009_IEO_FEA_MD_styletts.pt
FAKE_T1_1009_IEO_HAP_HI__AUDIO_1009_IEO_NEU_XX_styletts,track1,1,crema_1009,NEU,HAP,-1,1,1,1,,data\preprocessed\features\z_at\FAKE_T1_1009_IEO_HAP_HI__AUDIO_1009_IEO_NEU_XX_styletts.pt,data\preprocessed\features\z_v\FAKE_T1_1009_IEO_HAP_HI__AUDIO_1009_IEO_NEU_XX_styletts.pt
FAKE_T1_1009_IEO_SAD_HI__AUDIO_1009_IEO_ANG_HI_styletts,track1,1,crema_1009,ANG,SAD,-1,1,1,1,,data\preprocessed\features\z_at\FAKE_T1_1009_IEO_SAD_HI__AUDIO_1009_IEO_ANG_HI_styletts.pt,data\preprocessed\features\z_v\FAKE_T1_1009_IEO_SAD_HI__AUDIO_1009_IEO_ANG_HI_styletts.pt
FAKE_T1_1009_IEO_SAD_MD__AUDIO_1009_IEO_ANG_MD_styletts,track1,1,crema_1009,ANG,SAD,-1,1,1,1,,data\preprocessed\features\z_at\FAKE_T1_1009_IEO_SAD_MD__AUDIO_1009_IEO_ANG_MD_styletts.pt,data\preprocessed\features\z_v\FAKE_T1_1009_IEO_SAD_MD__AUDIO_1009_IEO_ANG_MD_styletts.pt
FAKE_T1_1009_IOM_FEA_XX__AUDIO_1009_IOM_HAP_XX_styletts,track1,1,crema_1009,HAP,FEA,-1,1,1,1,,data\preprocessed\features\z_at\FAKE_T1_1009_IOM_FEA_XX__AUDIO_1009_IOM_HAP_XX_styletts.pt,data\preprocessed\features\z_v\FAKE_T1_1009_IOM_FEA_XX__AUDIO_1009_IOM_HAP_XX_styletts.pt
FAKE_T1_1009_IOM_NEU_XX__AUDIO_1009_IOM_SAD_XX_styletts,track1,1,crema_1009,SAD,NEU,-1,1,1,1,,data\preprocessed\features\z_at\FAKE_T1_1009_IOM_NEU_XX__AUDIO_1009_IOM_SAD_XX_styletts.pt,data\preprocessed\features\z_v\FAKE_T1_1009_IOM_NEU_XX__AUDIO_1009_IOM_SAD_XX_styletts.pt
FAKE_T1_1009_ITH_DIS_XX__AUDIO_1009_ITH_FEA_XX_styletts,track1,1,crema_1009,FEA,DIS,-1,1,1,1,,data\preprocessed\features\z_at\FAKE_T1_1009_ITH_DIS_XX__AUDIO_1009_ITH_FEA_XX_styletts.pt,data\preprocessed\features\z_v\FAKE_T1_1009_ITH_DIS_XX__AUDIO_1009_ITH_FEA_XX_styletts.pt
FAKE_T1_1009_ITH_FEA_XX__AUDIO_1009_ITH_HAP_XX_styletts,track1,1,crema_1009,HAP,FEA,-1,1,1,1,,data\preprocessed\features\z_at\FAKE_T1_1009_ITH_FEA_XX__AUDIO_1009_ITH_HAP_XX_styletts.pt,data\preprocessed\features\z_v\FAKE_T1_1009_ITH_FEA_XX__AUDIO_1009_ITH_HAP_XX_styletts.pt
FAKE_T1_1009_IWL_HAP_XX__AUDIO_1009_IWL_NEU_XX_styletts,track1,1,crema_1009,NEU,HAP,-1,1,1,1,,data\preprocessed\features\z_at\FAKE_T1_1009_IWL_HAP_XX__AUDIO_1009_IWL_NEU_XX_styletts.pt,data\preprocessed\features\z_v\FAKE_T1_1009_IWL_HAP_XX__AUDIO_1009_IWL_NEU_XX_styletts.pt
FAKE_T1_1009_IWL_SAD_XX__AUDIO_1009_IWL_ANG_XX_styletts,track1,1,crema_1009,ANG,SAD,-1,1,1,1,,data\preprocessed\features\z_at\FAKE_T1_1009_IWL_SAD_XX__AUDIO_1009_IWL_ANG_XX_styletts.pt,data\preprocessed\features\z_v\FAKE_T1_1009_IWL_SAD_XX__AUDIO_1009_IWL_ANG_XX_styletts.pt
FAKE_T1_1009_TAI_NEU_XX__AUDIO_1009_TAI_SAD_XX_styletts,track1,1,crema_1009,SAD,NEU,-1,1,1,1,,data\preprocessed\features\z_at\FAKE_T1_1009_TAI_NEU_XX__AUDIO_1009_TAI_SAD_XX_styletts.pt,data\preprocessed\features\z_v\FAKE_T1_1009_TAI_NEU_XX__AUDIO_1009_TAI_SAD_XX_styletts.pt
FAKE_T1_1009_TIE_ANG_XX__AUDIO_1009_TIE_DIS_XX_styletts,track1,1,crema_1009,DIS,ANG,-1,1,1,1,,data\preprocessed\features\z_at\FAKE_T1_1009_TIE_ANG_XX__AUDIO_1009_TIE_DIS_XX_styletts.pt,data\preprocessed\features\z_v\FAKE_T1_1009_TIE_ANG_XX__AUDIO_1009_TIE_DIS_XX_styletts.pt
FAKE_T1_1009_TSI_HAP_XX__AUDIO_1009_TSI_NEU_XX_styletts,track1,1,crema_1009,NEU,HAP,-1,1,1,1,,data\preprocessed\features\z_at\FAKE_T1_1009_TSI_HAP_XX__AUDIO_1009_TSI_NEU_XX_styletts.pt,data\preprocessed\features\z_v\FAKE_T1_1009_TSI_HAP_XX__AUDIO_1009_TSI_NEU_XX_styletts.pt
FAKE_T1_1009_WSI_HAP_XX__AUDIO_1009_WSI_NEU_XX_styletts,track1,1,crema_1009,NEU,HAP,-1,1,1,1,,data\preprocessed\features\z_at\FAKE_T1_1009_WSI_HAP_XX__AUDIO_1009_WSI_NEU_XX_styletts.pt,data\preprocessed\features\z_v\FAKE_T1_1009_WSI_HAP_XX__AUDIO_1009_WSI_NEU_XX_styletts.pt
FAKE_T1_1010_IEO_HAP_HI__AUDIO_1010_IEO_NEU_XX_styletts,track1,1,crema_1010,NEU,HAP,-1,1,1,1,,data\preprocessed\features\z_at\FAKE_T1_1010_IEO_HAP_HI__AUDIO_1010_IEO_NEU_XX_styletts.pt,data\preprocessed\features\z_v\FAKE_T1_1010_IEO_HAP_HI__AUDIO_1010_IEO_NEU_XX_styletts.pt
FAKE_T1_1010_IEO_HAP_MD__AUDIO_1010_IEO_NEU_XX_styletts,track1,1,crema_1010,NEU,HAP,-1,1,1,1,,data\preprocessed\features\z_at\FAKE_T1_1010_IEO_HAP_MD__AUDIO_1010_IEO_NEU_XX_styletts.pt,data\preprocessed\features\z_v\FAKE_T1_1010_IEO_HAP_MD__AUDIO_1010_IEO_NEU_XX_styletts.pt
FAKE_T1_1010_IEO_SAD_HI__AUDIO_1010_IEO_ANG_HI_styletts,track1,1,crema_1010,ANG,SAD,-1,1,1,1,,data\preprocessed\features\z_at\FAKE_T1_1010_IEO_SAD_HI__AUDIO_1010_IEO_ANG_HI_styletts.pt,data\preprocessed\features\z_v\FAKE_T1_1010_IEO_SAD_HI__AUDIO_1010_IEO_ANG_HI_styletts.pt
FAKE_T1_1010_ITS_ANG_XX__AUDIO_1010_ITS_DIS_XX_styletts,track1,1,crema_1010,DIS,ANG,-1,1,1,1,,data\preprocessed\features\z_at\FAKE_T1_1010_ITS_ANG_XX__AUDIO_1010_ITS_DIS_XX_styletts.pt,data\preprocessed\features\z_v\FAKE_T1_1010_ITS_ANG_XX__AUDIO_1010_ITS_DIS_XX_styletts.pt
FAKE_T1_1010_IWL_ANG_XX__AUDIO_1010_IWL_DIS_XX_styletts,track1,1,crema_1010,DIS,ANG,-1,1,1,1,,data\preprocessed\features\z_at\FAKE_T1_1010_IWL_ANG_XX__AUDIO_1010_IWL_DIS_XX_styletts.pt,data\preprocessed\features\z_v\FAKE_T1_1010_IWL_ANG_XX__AUDIO_1010_IWL_DIS_XX_styletts.pt
FAKE_T1_1010_IWL_FEA_XX__AUDIO_1010_IWL_HAP_XX_styletts,track1,1,crema_1010,HAP,FEA,-1,1,1,1,,data\preprocessed\features\z_at\FAKE_T1_1010_IWL_FEA_XX__AUDIO_1010_IWL_HAP_XX_styletts.pt,data\preprocessed\features\z_v\FAKE_T1_1010_IWL_FEA_XX__AUDIO_1010_IWL_HAP_XX_styletts.pt
FAKE_T1_1010_IWW_DIS_XX__AUDIO_1010_IWW_FEA_XX_styletts,track1,1,crema_1010,FEA,DIS,-1,1,1,1,,data\preprocessed\features\z_at\FAKE_T1_1010_IWW_DIS_XX__AUDIO_1010_IWW_FEA_XX_styletts.pt,data\preprocessed\features\z_v\FAKE_T1_1010_IWW_DIS_XX__AUDIO_1010_IWW_FEA_XX_styletts.pt
FAKE_T1_1010_IWW_FEA_XX__AUDIO_1010_IWW_HAP_XX_styletts,track1,1,crema_1010,HAP,FEA,-1,1,1,1,,data\preprocessed\features\z_at\FAKE_T1_1010_IWW_FEA_XX__AUDIO_1010_IWW_HAP_XX_styletts.pt,data\preprocessed\features\z_v\FAKE_T1_1010_IWW_FEA_XX__AUDIO_1010_IWW_HAP_XX_styletts.pt
FAKE_T1_1010_IWW_HAP_XX__AUDIO_1010_IWW_NEU_XX_styletts,track1,1,crema_1010,NEU,HAP,-1,1,1,1,,data\preprocessed\features\z_at\FAKE_T1_1010_IWW_HAP_XX__AUDIO_1010_IWW_NEU_XX_styletts.pt,data\preprocessed\features\z_v\FAKE_T1_1010_IWW_HAP_XX__AUDIO_1010_IWW_NEU_XX_styletts.pt
FAKE_T1_1010_MTI_DIS_XX__AUDIO_1010_MTI_FEA_XX_styletts,track1,1,crema_1010,FEA,DIS,-1,1,1,1,,data\preprocessed\features\z_at\FAKE_T1_1010_MTI_DIS_XX__AUDIO_1010_MTI_FEA_XX_styletts.pt,data\preprocessed\features\z_v\FAKE_T1_1010_MTI_DIS_XX__AUDIO_1010_MTI_FEA_XX_styletts.pt
FAKE_T1_1010_MTI_SAD_XX__AUDIO_1010_MTI_ANG_XX_styletts,track1,1,crema_1010,ANG,SAD,-1,1,1,1,,data\preprocessed\features\z_at\FAKE_T1_1010_MTI_SAD_XX__AUDIO_1010_MTI_ANG_XX_styletts.pt,data\preprocessed\features\z_v\FAKE_T1_1010_MTI_SAD_XX__AUDIO_1010_MTI_ANG_XX_styletts.pt
FAKE_T1_1010_TAI_SAD_XX__AUDIO_1010_TAI_ANG_XX_styletts,track1,1,crema_1010,ANG,SAD,-1,1,1,1,,data\preprocessed\features\z_at\FAKE_T1_1010_TAI_SAD_XX__AUDIO_1010_TAI_ANG_XX_styletts.pt,data\preprocessed\features\z_v\FAKE_T1_1010_TAI_SAD_XX__AUDIO_1010_TAI_ANG_XX_styletts.pt
FAKE_T1_1010_TIE_FEA_XX__AUDIO_1010_TIE_HAP_XX_styletts,track1,1,crema_1010,HAP,FEA,-1,1,1,1,,data\preprocessed\features\z_at\FAKE_T1_1010_TIE_FEA_XX__AUDIO_1010_TIE_HAP_XX_styletts.pt,data\preprocessed\features\z_v\FAKE_T1_1010_TIE_FEA_XX__AUDIO_1010_TIE_HAP_XX_styletts.pt
FAKE_T1_1010_WSI_ANG_XX__AUDIO_1010_WSI_DIS_XX_styletts,track1,1,crema_1010,DIS,ANG,-1,1,1,1,,data\preprocessed\features\z_at\FAKE_T1_1010_WSI_ANG_XX__AUDIO_1010_WSI_DIS_XX_styletts.pt,data\preprocessed\features\z_v\FAKE_T1_1010_WSI_ANG_XX__AUDIO_1010_WSI_DIS_XX_styletts.pt
FAKE_T1_1010_WSI_FEA_XX__AUDIO_1010_WSI_HAP_XX_styletts,track1,1,crema_1010,HAP,FEA,-1,1,1,1,,data\preprocessed\features\z_at\FAKE_T1_1010_WSI_FEA_XX__AUDIO_1010_WSI_HAP_XX_styletts.pt,data\preprocessed\features\z_v\FAKE_T1_1010_WSI_FEA_XX__AUDIO_1010_WSI_HAP_XX_styletts.pt
FAKE_T1_1010_WSI_NEU_XX__AUDIO_1010_WSI_SAD_XX_styletts,track1,1,crema_1010,SAD,NEU,-1,1,1,1,,data\preprocessed\features\z_at\FAKE_T1_1010_WSI_NEU_XX__AUDIO_1010_WSI_SAD_XX_styletts.pt,data\preprocessed\features\z_v\FAKE_T1_1010_WSI_NEU_XX__AUDIO_1010_WSI_SAD_XX_styletts.pt
FAKE_T1_1012_DFA_ANG_XX__AUDIO_1012_DFA_DIS_XX_styletts,track1,1,crema_1012,DIS,ANG,-1,1,1,1,,data\preprocessed\features\z_at\FAKE_T1_1012_DFA_ANG_XX__AUDIO_1012_DFA_DIS_XX_styletts.pt,data\preprocessed\features\z_v\FAKE_T1_1012_DFA_ANG_XX__AUDIO_1012_DFA_DIS_XX_styletts.pt
FAKE_T1_1012_DFA_FEA_XX__AUDIO_1012_DFA_HAP_XX_styletts,track1,1,crema_1012,HAP,FEA,-1,1,1,1,,data\preprocessed\features\z_at\FAKE_T1_1012_DFA_FEA_XX__AUDIO_1012_DFA_HAP_XX_styletts.pt,data\preprocessed\features\z_v\FAKE_T1_1012_DFA_FEA_XX__AUDIO_1012_DFA_HAP_XX_styletts.pt
FAKE_T1_1012_IEO_DIS_MD__AUDIO_1012_IEO_FEA_MD_styletts,track1,1,crema_1012,FEA,DIS,-1,1,1,1,,data\preprocessed\features\z_at\FAKE_T1_1012_IEO_DIS_MD__AUDIO_1012_IEO_FEA_MD_styletts.pt,data\preprocessed\features\z_v\FAKE_T1_1012_IEO_DIS_MD__AUDIO_1012_IEO_FEA_MD_styletts.pt
FAKE_T1_1012_IEO_NEU_XX__AUDIO_1012_IEO_SAD_HI_styletts,track1,1,crema_1012,SAD,NEU,-1,1,1,1,,data\preprocessed\features\z_at\FAKE_T1_1012_IEO_NEU_XX__AUDIO_1012_IEO_SAD_HI_styletts.pt,data\preprocessed\features\z_v\FAKE_T1_1012_IEO_NEU_XX__AUDIO_1012_IEO_SAD_HI_styletts.pt
FAKE_T1_1012_IEO_SAD_LO__AUDIO_1012_IEO_ANG_LO_styletts,track1,1,crema_1012,ANG,SAD,-1,1,1,1,,data\preprocessed\features\z_at\FAKE_T1_1012_IEO_SAD_LO__AUDIO_1012_IEO_ANG_LO_styletts.pt,data\preprocessed\features\z_v\FAKE_T1_1012_IEO_SAD_LO__AUDIO_1012_IEO_ANG_LO_styletts.pt
FAKE_T1_1012_ITS_FEA_XX__AUDIO_1012_ITS_HAP_XX_styletts,track1,1,crema_1012,HAP,FEA,-1,1,1,1,,data\preprocessed\features\z_at\FAKE_T1_1012_ITS_FEA_XX__AUDIO_1012_ITS_HAP_XX_styletts.pt,data\preprocessed\features\z_v\FAKE_T1_1012_ITS_FEA_XX__AUDIO_1012_ITS_HAP_XX_styletts.pt
FAKE_T1_1012_IWL_FEA_XX__AUDIO_1012_IWL_HAP_XX_styletts,track1,1,crema_1012,HAP,FEA,-1,1,1,1,,data\preprocessed\features\z_at\FAKE_T1_1012_IWL_FEA_XX__AUDIO_1012_IWL_HAP_XX_styletts.pt,data\preprocessed\features\z_v\FAKE_T1_1012_IWL_FEA_XX__AUDIO_1012_IWL_HAP_XX_styletts.pt
FAKE_T1_1012_IWW_HAP_XX__AUDIO_1012_IWW_NEU_XX_styletts,track1,1,crema_1012,NEU,HAP,-1,1,1,1,,data\preprocessed\features\z_at\FAKE_T1_1012_IWW_HAP_XX__AUDIO_1012_IWW_NEU_XX_styletts.pt,data\preprocessed\features\z_v\FAKE_T1_1012_IWW_HAP_XX__AUDIO_1012_IWW_NEU_XX_styletts.pt
FAKE_T1_1012_MTI_ANG_XX__AUDIO_1012_MTI_DIS_XX_styletts,track1,1,crema_1012,DIS,ANG,-1,1,1,1,,data\preprocessed\features\z_at\FAKE_T1_1012_MTI_ANG_XX__AUDIO_1012_MTI_DIS_XX_styletts.pt,data\preprocessed\features\z_v\FAKE_T1_1012_MTI_ANG_XX__AUDIO_1012_MTI_DIS_XX_styletts.pt
FAKE_T1_1012_MTI_SAD_XX__AUDIO_1012_MTI_ANG_XX_styletts,track1,1,crema_1012,ANG,SAD,-1,1,1,1,,data\preprocessed\features\z_at\FAKE_T1_1012_MTI_SAD_XX__AUDIO_1012_MTI_ANG_XX_styletts.pt,data\preprocessed\features\z_v\FAKE_T1_1012_MTI_SAD_XX__AUDIO_1012_MTI_ANG_XX_styletts.pt
FAKE_T1_1012_TAI_NEU_XX__AUDIO_1012_TAI_SAD_XX_styletts,track1,1,crema_1012,SAD,NEU,-1,1,1,1,,data\preprocessed\features\z_at\FAKE_T1_1012_TAI_NEU_XX__AUDIO_1012_TAI_SAD_XX_styletts.pt,data\preprocessed\features\z_v\FAKE_T1_1012_TAI_NEU_XX__AUDIO_1012_TAI_SAD_XX_styletts.pt
FAKE_T1_1012_TIE_ANG_XX__AUDIO_1012_TIE_DIS_XX_styletts,track1,1,crema_1012,DIS,ANG,-1,1,1,1,,data\preprocessed\features\z_at\FAKE_T1_1012_TIE_ANG_XX__AUDIO_1012_TIE_DIS_XX_styletts.pt,data\preprocessed\features\z_v\FAKE_T1_1012_TIE_ANG_XX__AUDIO_1012_TIE_DIS_XX_styletts.pt
FAKE_T1_1012_TSI_DIS_XX__AUDIO_1012_TSI_FEA_XX_styletts,track1,1,crema_1012,FEA,DIS,-1,1,1,1,,data\preprocessed\features\z_at\FAKE_T1_1012_TSI_DIS_XX__AUDIO_1012_TSI_FEA_XX_styletts.pt,data\preprocessed\features\z_v\FAKE_T1_1012_TSI_DIS_XX__AUDIO_1012_TSI_FEA_XX_styletts.pt
FAKE_T1_1012_TSI_HAP_XX__AUDIO_1012_TSI_NEU_XX_styletts,track1,1,crema_1012,NEU,HAP,-1,1,1,1,,data\preprocessed\features\z_at\FAKE_T1_1012_TSI_HAP_XX__AUDIO_1012_TSI_NEU_XX_styletts.pt,data\preprocessed\features\z_v\FAKE_T1_1012_TSI_HAP_XX__AUDIO_1012_TSI_NEU_XX_styletts.pt
FAKE_T1_1012_TSI_NEU_XX__AUDIO_1012_TSI_SAD_XX_styletts,track1,1,crema_1012,SAD,NEU,-1,1,1,1,,data\preprocessed\features\z_at\FAKE_T1_1012_TSI_NEU_XX__AUDIO_1012_TSI_SAD_XX_styletts.pt,data\preprocessed\features\z_v\FAKE_T1_1012_TSI_NEU_XX__AUDIO_1012_TSI_SAD_XX_styletts.pt
FAKE_T1_1012_WSI_DIS_XX__AUDIO_1012_WSI_FEA_XX_styletts,track1,1,crema_1012,FEA,DIS,-1,1,1,1,,data\preprocessed\features\z_at\FAKE_T1_1012_WSI_DIS_XX__AUDIO_1012_WSI_FEA_XX_styletts.pt,data\preprocessed\features\z_v\FAKE_T1_1012_WSI_DIS_XX__AUDIO_1012_WSI_FEA_XX_styletts.pt
FAKE_T1_1013_DFA_FEA_XX__AUDIO_1013_DFA_HAP_XX_styletts,track1,1,crema_1013,HAP,FEA,-1,1,1,1,,data\preprocessed\features\z_at\FAKE_T1_1013_DFA_FEA_XX__AUDIO_1013_DFA_HAP_XX_styletts.pt,data\preprocessed\features\z_v\FAKE_T1_1013_DFA_FEA_XX__AUDIO_1013_DFA_HAP_XX_styletts.pt
FAKE_T1_1013_DFA_SAD_XX__AUDIO_1013_DFA_ANG_XX_styletts,track1,1,crema_1013,ANG,SAD,-1,1,1,1,,data\preprocessed\features\z_at\FAKE_T1_1013_DFA_SAD_XX__AUDIO_1013_DFA_ANG_XX_styletts.pt,data\preprocessed\features\z_v\FAKE_T1_1013_DFA_SAD_XX__AUDIO_1013_DFA_ANG_XX_styletts.pt
FAKE_T1_1013_IEO_HAP_LO__AUDIO_1013_IEO_NEU_XX_styletts,track1,1,crema_1013,NEU,HAP,-1,1,1,1,,data\preprocessed\features\z_at\FAKE_T1_1013_IEO_HAP_LO__AUDIO_1013_IEO_NEU_XX_styletts.pt,data\preprocessed\features\z_v\FAKE_T1_1013_IEO_HAP_LO__AUDIO_1013_IEO_NEU_XX_styletts.pt
FAKE_T1_1013_IEO_HAP_MD__AUDIO_1013_IEO_NEU_XX_styletts,track1,1,crema_1013,NEU,HAP,-1,1,1,1,,data\preprocessed\features\z_at\FAKE_T1_1013_IEO_HAP_MD__AUDIO_1013_IEO_NEU_XX_styletts.pt,data\preprocessed\features\z_v\FAKE_T1_1013_IEO_HAP_MD__AUDIO_1013_IEO_NEU_XX_styletts.pt
FAKE_T1_1013_IOM_ANG_XX__AUDIO_1013_IOM_DIS_XX_styletts,track1,1,crema_1013,DIS,ANG,-1,1,1,1,,data\preprocessed\features\z_at\FAKE_T1_1013_IOM_ANG_XX__AUDIO_1013_IOM_DIS_XX_styletts.pt,data\preprocessed\features\z_v\FAKE_T1_1013_IOM_ANG_XX__AUDIO_1013_IOM_DIS_XX_styletts.pt
FAKE_T1_1013_IOM_NEU_XX__AUDIO_1013_IOM_SAD_XX_styletts,track1,1,crema_1013,SAD,NEU,-1,1,1,1,,data\preprocessed\features\z_at\FAKE_T1_1013_IOM_NEU_XX__AUDIO_1013_IOM_SAD_XX_styletts.pt,data\preprocessed\features\z_v\FAKE_T1_1013_IOM_NEU_XX__AUDIO_1013_IOM_SAD_XX_styletts.pt
FAKE_T1_1013_ITH_ANG_XX__AUDIO_1013_ITH_DIS_XX_styletts,track1,1,crema_1013,DIS,ANG,-1,1,1,1,,data\preprocessed\features\z_at\FAKE_T1_1013_ITH_ANG_XX__AUDIO_1013_ITH_DIS_XX_styletts.pt,data\preprocessed\features\z_v\FAKE_T1_1013_ITH_ANG_XX__AUDIO_1013_ITH_DIS_XX_styletts.pt
FAKE_T1_1013_ITS_ANG_XX__AUDIO_1013_ITS_DIS_XX_styletts,track1,1,crema_1013,DIS,ANG,-1,1,1,1,,data\preprocessed\features\z_at\FAKE_T1_1013_ITS_ANG_XX__AUDIO_1013_ITS_DIS_XX_styletts.pt,data\preprocessed\features\z_v\FAKE_T1_1013_ITS_ANG_XX__AUDIO_1013_ITS_DIS_XX_styletts.pt
FAKE_T1_1013_ITS_SAD_XX__AUDIO_1013_ITS_ANG_XX_styletts,track1,1,crema_1013,ANG,SAD,-1,1,1,1,,data\preprocessed\features\z_at\FAKE_T1_1013_ITS_SAD_XX__AUDIO_1013_ITS_ANG_XX_styletts.pt,data\preprocessed\features\z_v\FAKE_T1_1013_ITS_SAD_XX__AUDIO_1013_ITS_ANG_XX_styletts.pt
FAKE_T1_1013_IWL_DIS_XX__AUDIO_1013_IWL_FEA_XX_styletts,track1,1,crema_1013,FEA,DIS,-1,1,1,1,,data\preprocessed\features\z_at\FAKE_T1_1013_IWL_DIS_XX__AUDIO_1013_IWL_FEA_XX_styletts.pt,data\preprocessed\features\z_v\FAKE_T1_1013_IWL_DIS_XX__AUDIO_1013_IWL_FEA_XX_styletts.pt
FAKE_T1_1013_IWW_ANG_XX__AUDIO_1013_IWW_DIS_XX_styletts,track1,1,crema_1013,DIS,ANG,-1,1,1,1,,data\preprocessed\features\z_at\FAKE_T1_1013_IWW_ANG_XX__AUDIO_1013_IWW_DIS_XX_styletts.pt,data\preprocessed\features\z_v\FAKE_T1_1013_IWW_ANG_XX__AUDIO_1013_IWW_DIS_XX_styletts.pt
FAKE_T1_1013_TAI_HAP_XX__AUDIO_1013_TAI_NEU_XX_styletts,track1,1,crema_1013,NEU,HAP,-1,1,1,1,,data\preprocessed\features\z_at\FAKE_T1_1013_TAI_HAP_XX__AUDIO_1013_TAI_NEU_XX_styletts.pt,data\preprocessed\features\z_v\FAKE_T1_1013_TAI_HAP_XX__AUDIO_1013_TAI_NEU_XX_styletts.pt
FAKE_T1_1013_TSI_ANG_XX__AUDIO_1013_TSI_DIS_XX_styletts,track1,1,crema_1013,DIS,ANG,-1,1,1,1,,data\preprocessed\features\z_at\FAKE_T1_1013_TSI_ANG_XX__AUDIO_1013_TSI_DIS_XX_styletts.pt,data\preprocessed\features\z_v\FAKE_T1_1013_TSI_ANG_XX__AUDIO_1013_TSI_DIS_XX_styletts.pt
FAKE_T1_1013_TSI_DIS_XX__AUDIO_1013_TSI_FEA_XX_styletts,track1,1,crema_1013,FEA,DIS,-1,1,1,1,,data\preprocessed\features\z_at\FAKE_T1_1013_TSI_DIS_XX__AUDIO_1013_TSI_FEA_XX_styletts.pt,data\preprocessed\features\z_v\FAKE_T1_1013_TSI_DIS_XX__AUDIO_1013_TSI_FEA_XX_styletts.pt
FAKE_T1_1013_TSI_FEA_XX__AUDIO_1013_TSI_HAP_XX_styletts,track1,1,crema_1013,HAP,FEA,-1,1,1,1,,data\preprocessed\features\z_at\FAKE_T1_1013_TSI_FEA_XX__AUDIO_1013_TSI_HAP_XX_styletts.pt,data\preprocessed\features\z_v\FAKE_T1_1013_TSI_FEA_XX__AUDIO_1013_TSI_HAP_XX_styletts.pt
FAKE_T1_1013_TSI_HAP_XX__AUDIO_1013_TSI_NEU_XX_styletts,track1,1,crema_1013,NEU,HAP,-1,1,1,1,,data\preprocessed\features\z_at\FAKE_T1_1013_TSI_HAP_XX__AUDIO_1013_TSI_NEU_XX_styletts.pt,data\preprocessed\features\z_v\FAKE_T1_1013_TSI_HAP_XX__AUDIO_1013_TSI_NEU_XX_styletts.pt
FAKE_T1_1014_IEO_DIS_LO__AUDIO_1014_IEO_FEA_LO_styletts,track1,1,crema_1014,FEA,DIS,-1,1,1,1,,data\preprocessed\features\z_at\FAKE_T1_1014_IEO_DIS_LO__AUDIO_1014_IEO_FEA_LO_styletts.pt,data\preprocessed\features\z_v\FAKE_T1_1014_IEO_DIS_LO__AUDIO_1014_IEO_FEA_LO_styletts.pt
FAKE_T1_1014_IEO_NEU_XX__AUDIO_1014_IEO_SAD_HI_styletts,track1,1,crema_1014,SAD,NEU,-1,1,1,1,,data\preprocessed\features\z_at\FAKE_T1_1014_IEO_NEU_XX__AUDIO_1014_IEO_SAD_HI_styletts.pt,data\preprocessed\features\z_v\FAKE_T1_1014_IEO_NEU_XX__AUDIO_1014_IEO_SAD_HI_styletts.pt
FAKE_T1_1014_IEO_SAD_HI__AUDIO_1014_IEO_ANG_HI_styletts,track1,1,crema_1014,ANG,SAD,-1,1,1,1,,data\preprocessed\features\z_at\FAKE_T1_1014_IEO_SAD_HI__AUDIO_1014_IEO_ANG_HI_styletts.pt,data\preprocessed\features\z_v\FAKE_T1_1014_IEO_SAD_HI__AUDIO_1014_IEO_ANG_HI_styletts.pt
FAKE_T1_1014_IOM_FEA_XX__AUDIO_1014_IOM_HAP_XX_styletts,track1,1,crema_1014,HAP,FEA,-1,1,1,1,,data\preprocessed\features\z_at\FAKE_T1_1014_IOM_FEA_XX__AUDIO_1014_IOM_HAP_XX_styletts.pt,data\preprocessed\features\z_v\FAKE_T1_1014_IOM_FEA_XX__AUDIO_1014_IOM_HAP_XX_styletts.pt
FAKE_T1_1014_IOM_SAD_XX__AUDIO_1014_IOM_ANG_XX_styletts,track1,1,crema_1014,ANG,SAD,-1,1,1,1,,data\preprocessed\features\z_at\FAKE_T1_1014_IOM_SAD_XX__AUDIO_1014_IOM_ANG_XX_styletts.pt,data\preprocessed\features\z_v\FAKE_T1_1014_IOM_SAD_XX__AUDIO_1014_IOM_ANG_XX_styletts.pt
FAKE_T1_1014_ITH_NEU_XX__AUDIO_1014_ITH_SAD_XX_styletts,track1,1,crema_1014,SAD,NEU,-1,1,1,1,,data\preprocessed\features\z_at\FAKE_T1_1014_ITH_NEU_XX__AUDIO_1014_ITH_SAD_XX_styletts.pt,data\preprocessed\features\z_v\FAKE_T1_1014_ITH_NEU_XX__AUDIO_1014_ITH_SAD_XX_styletts.pt
FAKE_T1_1014_IWL_ANG_XX__AUDIO_1014_IWL_DIS_XX_styletts,track1,1,crema_1014,DIS,ANG,-1,1,1,1,,data\preprocessed\features\z_at\FAKE_T1_1014_IWL_ANG_XX__AUDIO_1014_IWL_DIS_XX_styletts.pt,data\preprocessed\features\z_v\FAKE_T1_1014_IWL_ANG_XX__AUDIO_1014_IWL_DIS_XX_styletts.pt
FAKE_T1_1014_IWW_FEA_XX__AUDIO_1014_IWW_HAP_XX_styletts,track1,1,crema_1014,HAP,FEA,-1,1,1,1,,data\preprocessed\features\z_at\FAKE_T1_1014_IWW_FEA_XX__AUDIO_1014_IWW_HAP_XX_styletts.pt,data\preprocessed\features\z_v\FAKE_T1_1014_IWW_FEA_XX__AUDIO_1014_IWW_HAP_XX_styletts.pt
FAKE_T1_1014_MTI_ANG_XX__AUDIO_1014_MTI_DIS_XX_styletts,track1,1,crema_1014,DIS,ANG,-1,1,1,1,,data\preprocessed\features\z_at\FAKE_T1_1014_MTI_ANG_XX__AUDIO_1014_MTI_DIS_XX_styletts.pt,data\preprocessed\features\z_v\FAKE_T1_1014_MTI_ANG_XX__AUDIO_1014_MTI_DIS_XX_styletts.pt
FAKE_T1_1014_MTI_HAP_XX__AUDIO_1014_MTI_NEU_XX_styletts,track1,1,crema_1014,NEU,HAP,-1,1,1,1,,data\preprocessed\features\z_at\FAKE_T1_1014_MTI_HAP_XX__AUDIO_1014_MTI_NEU_XX_styletts.pt,data\preprocessed\features\z_v\FAKE_T1_1014_MTI_HAP_XX__AUDIO_1014_MTI_NEU_XX_styletts.pt
FAKE_T1_1014_TAI_SAD_XX__AUDIO_1014_TAI_ANG_XX_styletts,track1,1,crema_1014,ANG,SAD,-1,1,1,1,,data\preprocessed\features\z_at\FAKE_T1_1014_TAI_SAD_XX__AUDIO_1014_TAI_ANG_XX_styletts.pt,data\preprocessed\features\z_v\FAKE_T1_1014_TAI_SAD_XX__AUDIO_1014_TAI_ANG_XX_styletts.pt
FAKE_T1_1014_TSI_ANG_XX__AUDIO_1014_TSI_DIS_XX_styletts,track1,1,crema_1014,DIS,ANG,-1,1,1,1,,data\preprocessed\features\z_at\FAKE_T1_1014_TSI_ANG_XX__AUDIO_1014_TSI_DIS_XX_styletts.pt,data\preprocessed\features\z_v\FAKE_T1_1014_TSI_ANG_XX__AUDIO_1014_TSI_DIS_XX_styletts.pt
FAKE_T1_1014_TSI_DIS_XX__AUDIO_1014_TSI_FEA_XX_styletts,track1,1,crema_1014,FEA,DIS,-1,1,1,1,,data\preprocessed\features\z_at\FAKE_T1_1014_TSI_DIS_XX__AUDIO_1014_TSI_FEA_XX_styletts.pt,data\preprocessed\features\z_v\FAKE_T1_1014_TSI_DIS_XX__AUDIO_1014_TSI_FEA_XX_styletts.pt
FAKE_T1_1014_TSI_FEA_XX__AUDIO_1014_TSI_HAP_XX_styletts,track1,1,crema_1014,HAP,FEA,-1,1,1,1,,data\preprocessed\features\z_at\FAKE_T1_1014_TSI_FEA_XX__AUDIO_1014_TSI_HAP_XX_styletts.pt,data\preprocessed\features\z_v\FAKE_T1_1014_TSI_FEA_XX__AUDIO_1014_TSI_HAP_XX_styletts.pt
FAKE_T1_1014_WSI_HAP_XX__AUDIO_1014_WSI_NEU_XX_styletts,track1,1,crema_1014,NEU,HAP,-1,1,1,1,,data\preprocessed\features\z_at\FAKE_T1_1014_WSI_HAP_XX__AUDIO_1014_WSI_NEU_XX_styletts.pt,data\preprocessed\features\z_v\FAKE_T1_1014_WSI_HAP_XX__AUDIO_1014_WSI_NEU_XX_styletts.pt
FAKE_T1_1014_WSI_SAD_XX__AUDIO_1014_WSI_ANG_XX_styletts,track1,1,crema_1014,ANG,SAD,-1,1,1,1,,data\preprocessed\features\z_at\FAKE_T1_1014_WSI_SAD_XX__AUDIO_1014_WSI_ANG_XX_styletts.pt,data\preprocessed\features\z_v\FAKE_T1_1014_WSI_SAD_XX__AUDIO_1014_WSI_ANG_XX_styletts.pt
FAKE_T1_1015_IEO_ANG_HI__AUDIO_1015_IEO_DIS_HI_styletts,track1,1,crema_1015,DIS,ANG,-1,1,1,1,,data\preprocessed\features\z_at\FAKE_T1_1015_IEO_ANG_HI__AUDIO_1015_IEO_DIS_HI_styletts.pt,data\preprocessed\features\z_v\FAKE_T1_1015_IEO_ANG_HI__AUDIO_1015_IEO_DIS_HI_styletts.pt
FAKE_T1_1015_IEO_ANG_LO__AUDIO_1015_IEO_DIS_LO_styletts,track1,1,crema_1015,DIS,ANG,-1,1,1,1,,data\preprocessed\features\z_at\FAKE_T1_1015_IEO_ANG_LO__AUDIO_1015_IEO_DIS_LO_styletts.pt,data\preprocessed\features\z_v\FAKE_T1_1015_IEO_ANG_LO__AUDIO_1015_IEO_DIS_LO_styletts.pt
FAKE_T1_1015_IEO_FEA_LO__AUDIO_1015_IEO_HAP_LO_styletts,track1,1,crema_1015,HAP,FEA,-1,1,1,1,,data\preprocessed\features\z_at\FAKE_T1_1015_IEO_FEA_LO__AUDIO_1015_IEO_HAP_LO_styletts.pt,data\preprocessed\features\z_v\FAKE_T1_1015_IEO_FEA_LO__AUDIO_1015_IEO_HAP_LO_styletts.pt
FAKE_T1_1015_IEO_HAP_HI__AUDIO_1015_IEO_NEU_XX_styletts,track1,1,crema_1015,NEU,HAP,-1,1,1,1,,data\preprocessed\features\z_at\FAKE_T1_1015_IEO_HAP_HI__AUDIO_1015_IEO_NEU_XX_styletts.pt,data\preprocessed\features\z_v\FAKE_T1_1015_IEO_HAP_HI__AUDIO_1015_IEO_NEU_XX_styletts.pt
FAKE_T1_1015_IOM_DIS_XX__AUDIO_1015_IOM_FEA_XX_styletts,track1,1,crema_1015,FEA,DIS,-1,1,1,1,,data\preprocessed\features\z_at\FAKE_T1_1015_IOM_DIS_XX__AUDIO_1015_IOM_FEA_XX_styletts.pt,data\preprocessed\features\z_v\FAKE_T1_1015_IOM_DIS_XX__AUDIO_1015_IOM_FEA_XX_styletts.pt
FAKE_T1_1015_IOM_FEA_XX__AUDIO_1015_IOM_HAP_XX_styletts,track1,1,crema_1015,HAP,FEA,-1,1,1,1,,data\preprocessed\features\z_at\FAKE_T1_1015_IOM_FEA_XX__AUDIO_1015_IOM_HAP_XX_styletts.pt,data\preprocessed\features\z_v\FAKE_T1_1015_IOM_FEA_XX__AUDIO_1015_IOM_HAP_XX_styletts.pt
FAKE_T1_1015_IOM_SAD_XX__AUDIO_1015_IOM_ANG_XX_styletts,track1,1,crema_1015,ANG,SAD,-1,1,1,1,,data\preprocessed\features\z_at\FAKE_T1_1015_IOM_SAD_XX__AUDIO_1015_IOM_ANG_XX_styletts.pt,data\preprocessed\features\z_v\FAKE_T1_1015_IOM_SAD_XX__AUDIO_1015_IOM_ANG_XX_styletts.pt
FAKE_T1_1015_ITH_NEU_XX__AUDIO_1015_ITH_SAD_XX_styletts,track1,1,crema_1015,SAD,NEU,-1,1,1,1,,data\preprocessed\features\z_at\FAKE_T1_1015_ITH_NEU_XX__AUDIO_1015_ITH_SAD_XX_styletts.pt,data\preprocessed\features\z_v\FAKE_T1_1015_ITH_NEU_XX__AUDIO_1015_ITH_SAD_XX_styletts.pt
FAKE_T1_1015_ITS_HAP_XX__AUDIO_1015_ITS_NEU_XX_styletts,track1,1,crema_1015,NEU,HAP,-1,1,1,1,,data\preprocessed\features\z_at\FAKE_T1_1015_ITS_HAP_XX__AUDIO_1015_ITS_NEU_XX_styletts.pt,data\preprocessed\features\z_v\FAKE_T1_1015_ITS_HAP_XX__AUDIO_1015_ITS_NEU_XX_styletts.pt
FAKE_T1_1015_ITS_SAD_XX__AUDIO_1015_ITS_ANG_XX_styletts,track1,1,crema_1015,ANG,SAD,-1,1,1,1,,data\preprocessed\features\z_at\FAKE_T1_1015_ITS_SAD_XX__AUDIO_1015_ITS_ANG_XX_styletts.pt,data\preprocessed\features\z_v\FAKE_T1_1015_ITS_SAD_XX__AUDIO_1015_ITS_ANG_XX_styletts.pt
FAKE_T1_1015_IWW_DIS_XX__AUDIO_1015_IWW_FEA_XX_styletts,track1,1,crema_1015,FEA,DIS,-1,1,1,1,,data\preprocessed\features\z_at\FAKE_T1_1015_IWW_DIS_XX__AUDIO_1015_IWW_FEA_XX_styletts.pt,data\preprocessed\features\z_v\FAKE_T1_1015_IWW_DIS_XX__AUDIO_1015_IWW_FEA_XX_styletts.pt
FAKE_T1_1015_TAI_ANG_XX__AUDIO_1015_TAI_DIS_XX_styletts,track1,1,crema_1015,DIS,ANG,-1,1,1,1,,data\preprocessed\features\z_at\FAKE_T1_1015_TAI_ANG_XX__AUDIO_1015_TAI_DIS_XX_styletts.pt,data\preprocessed\features\z_v\FAKE_T1_1015_TAI_ANG_XX__AUDIO_1015_TAI_DIS_XX_styletts.pt
FAKE_T1_1015_TIE_DIS_XX__AUDIO_1015_TIE_FEA_XX_styletts,track1,1,crema_1015,FEA,DIS,-1,1,1,1,,data\preprocessed\features\z_at\FAKE_T1_1015_TIE_DIS_XX__AUDIO_1015_TIE_FEA_XX_styletts.pt,data\preprocessed\features\z_v\FAKE_T1_1015_TIE_DIS_XX__AUDIO_1015_TIE_FEA_XX_styletts.pt
FAKE_T1_1015_TIE_HAP_XX__AUDIO_1015_TIE_NEU_XX_styletts,track1,1,crema_1015,NEU,HAP,-1,1,1,1,,data\preprocessed\features\z_at\FAKE_T1_1015_TIE_HAP_XX__AUDIO_1015_TIE_NEU_XX_styletts.pt,data\preprocessed\features\z_v\FAKE_T1_1015_TIE_HAP_XX__AUDIO_1015_TIE_NEU_XX_styletts.pt
FAKE_T1_1015_TSI_ANG_XX__AUDIO_1015_TSI_DIS_XX_styletts,track1,1,crema_1015,DIS,ANG,-1,1,1,1,,data\preprocessed\features\z_at\FAKE_T1_1015_TSI_ANG_XX__AUDIO_1015_TSI_DIS_XX_styletts.pt,data\preprocessed\features\z_v\FAKE_T1_1015_TSI_ANG_XX__AUDIO_1015_TSI_DIS_XX_styletts.pt
FAKE_T1_1015_TSI_HAP_XX__AUDIO_1015_TSI_NEU_XX_styletts,track1,1,crema_1015,NEU,HAP,-1,1,1,1,,data\preprocessed\features\z_at\FAKE_T1_1015_TSI_HAP_XX__AUDIO_1015_TSI_NEU_XX_styletts.pt,data\preprocessed\features\z_v\FAKE_T1_1015_TSI_HAP_XX__AUDIO_1015_TSI_NEU_XX_styletts.pt
FAKE_T1_1017_IEO_HAP_HI__AUDIO_1017_IEO_NEU_XX_styletts,track1,1,crema_1017,NEU,HAP,-1,1,1,1,,data\preprocessed\features\z_at\FAKE_T1_1017_IEO_HAP_HI__AUDIO_1017_IEO_NEU_XX_styletts.pt,data\preprocessed\features\z_v\FAKE_T1_1017_IEO_HAP_HI__AUDIO_1017_IEO_NEU_XX_styletts.pt
FAKE_T1_1017_IEO_NEU_XX__AUDIO_1017_IEO_SAD_HI_styletts,track1,1,crema_1017,SAD,NEU,-1,1,1,1,,data\preprocessed\features\z_at\FAKE_T1_1017_IEO_NEU_XX__AUDIO_1017_IEO_SAD_HI_styletts.pt,data\preprocessed\features\z_v\FAKE_T1_1017_IEO_NEU_XX__AUDIO_1017_IEO_SAD_HI_styletts.pt
FAKE_T1_1017_IEO_SAD_MD__AUDIO_1017_IEO_ANG_MD_styletts,track1,1,crema_1017,ANG,SAD,-1,1,1,1,,data\preprocessed\features\z_at\FAKE_T1_1017_IEO_SAD_MD__AUDIO_1017_IEO_ANG_MD_styletts.pt,data\preprocessed\features\z_v\FAKE_T1_1017_IEO_SAD_MD__AUDIO_1017_IEO_ANG_MD_styletts.pt
FAKE_T1_1017_IOM_FEA_XX__AUDIO_1017_IOM_HAP_XX_styletts,track1,1,crema_1017,HAP,FEA,-1,1,1,1,,data\preprocessed\features\z_at\FAKE_T1_1017_IOM_FEA_XX__AUDIO_1017_IOM_HAP_XX_styletts.pt,data\preprocessed\features\z_v\FAKE_T1_1017_IOM_FEA_XX__AUDIO_1017_IOM_HAP_XX_styletts.pt
FAKE_T1_1017_IOM_HAP_XX__AUDIO_1017_IOM_NEU_XX_styletts,track1,1,crema_1017,NEU,HAP,-1,1,1,1,,data\preprocessed\features\z_at\FAKE_T1_1017_IOM_HAP_XX__AUDIO_1017_IOM_NEU_XX_styletts.pt,data\preprocessed\features\z_v\FAKE_T1_1017_IOM_HAP_XX__AUDIO_1017_IOM_NEU_XX_styletts.pt
FAKE_T1_1017_ITH_DIS_XX__AUDIO_1017_ITH_FEA_XX_styletts,track1,1,crema_1017,FEA,DIS,-1,1,1,1,,data\preprocessed\features\z_at\FAKE_T1_1017_ITH_DIS_XX__AUDIO_1017_ITH_FEA_XX_styletts.pt,data\preprocessed\features\z_v\FAKE_T1_1017_ITH_DIS_XX__AUDIO_1017_ITH_FEA_XX_styletts.pt
FAKE_T1_1017_ITH_FEA_XX__AUDIO_1017_ITH_HAP_XX_styletts,track1,1,crema_1017,HAP,FEA,-1,1,1,1,,data\preprocessed\features\z_at\FAKE_T1_1017_ITH_FEA_XX__AUDIO_1017_ITH_HAP_XX_styletts.pt,data\preprocessed\features\z_v\FAKE_T1_1017_ITH_FEA_XX__AUDIO_1017_ITH_HAP_XX_styletts.pt
FAKE_T1_1017_ITH_HAP_XX__AUDIO_1017_ITH_NEU_XX_styletts,track1,1,crema_1017,NEU,HAP,-1,1,1,1,,data\preprocessed\features\z_at\FAKE_T1_1017_ITH_HAP_XX__AUDIO_1017_ITH_NEU_XX_styletts.pt,data\preprocessed\features\z_v\FAKE_T1_1017_ITH_HAP_XX__AUDIO_1017_ITH_NEU_XX_styletts.pt
FAKE_T1_1017_ITH_SAD_XX__AUDIO_1017_ITH_ANG_XX_styletts,track1,1,crema_1017,ANG,SAD,-1,1,1,1,,data\preprocessed\features\z_at\FAKE_T1_1017_ITH_SAD_XX__AUDIO_1017_ITH_ANG_XX_styletts.pt,data\preprocessed\features\z_v\FAKE_T1_1017_ITH_SAD_XX__AUDIO_1017_ITH_ANG_XX_styletts.pt
FAKE_T1_1017_ITS_DIS_XX__AUDIO_1017_ITS_FEA_XX_styletts,track1,1,crema_1017,FEA,DIS,-1,1,1,1,,data\preprocessed\features\z_at\FAKE_T1_1017_ITS_DIS_XX__AUDIO_1017_ITS_FEA_XX_styletts.pt,data\preprocessed\features\z_v\FAKE_T1_1017_ITS_DIS_XX__AUDIO_1017_ITS_FEA_XX_styletts.pt
FAKE_T1_1017_IWL_NEU_XX__AUDIO_1017_IWL_SAD_XX_styletts,track1,1,crema_1017,SAD,NEU,-1,1,1,1,,data\preprocessed\features\z_at\FAKE_T1_1017_IWL_NEU_XX__AUDIO_1017_IWL_SAD_XX_styletts.pt,data\preprocessed\features\z_v\FAKE_T1_1017_IWL_NEU_XX__AUDIO_1017_IWL_SAD_XX_styletts.pt
FAKE_T1_1017_MTI_FEA_XX__AUDIO_1017_MTI_HAP_XX_styletts,track1,1,crema_1017,HAP,FEA,-1,1,1,1,,data\preprocessed\features\z_at\FAKE_T1_1017_MTI_FEA_XX__AUDIO_1017_MTI_HAP_XX_styletts.pt,data\preprocessed\features\z_v\FAKE_T1_1017_MTI_FEA_XX__AUDIO_1017_MTI_HAP_XX_styletts.pt
FAKE_T1_1017_MTI_HAP_XX__AUDIO_1017_MTI_NEU_XX_styletts,track1,1,crema_1017,NEU,HAP,-1,1,1,1,,data\preprocessed\features\z_at\FAKE_T1_1017_MTI_HAP_XX__AUDIO_1017_MTI_NEU_XX_styletts.pt,data\preprocessed\features\z_v\FAKE_T1_1017_MTI_HAP_XX__AUDIO_1017_MTI_NEU_XX_styletts.pt
FAKE_T1_1017_TAI_DIS_XX__AUDIO_1017_TAI_FEA_XX_styletts,track1,1,crema_1017,FEA,DIS,-1,1,1,1,,data\preprocessed\features\z_at\FAKE_T1_1017_TAI_DIS_XX__AUDIO_1017_TAI_FEA_XX_styletts.pt,data\preprocessed\features\z_v\FAKE_T1_1017_TAI_DIS_XX__AUDIO_1017_TAI_FEA_XX_styletts.pt
FAKE_T1_1017_TIE_DIS_XX__AUDIO_1017_TIE_FEA_XX_styletts,track1,1,crema_1017,FEA,DIS,-1,1,1,1,,data\preprocessed\features\z_at\FAKE_T1_1017_TIE_DIS_XX__AUDIO_1017_TIE_FEA_XX_styletts.pt,data\preprocessed\features\z_v\FAKE_T1_1017_TIE_DIS_XX__AUDIO_1017_TIE_FEA_XX_styletts.pt
FAKE_T1_1017_TIE_NEU_XX__AUDIO_1017_TIE_SAD_XX_styletts,track1,1,crema_1017,SAD,NEU,-1,1,1,1,,data\preprocessed\features\z_at\FAKE_T1_1017_TIE_NEU_XX__AUDIO_1017_TIE_SAD_XX_styletts.pt,data\preprocessed\features\z_v\FAKE_T1_1017_TIE_NEU_XX__AUDIO_1017_TIE_SAD_XX_styletts.pt
FAKE_T1_1018_DFA_ANG_XX__AUDIO_1018_DFA_DIS_XX_styletts,track1,1,crema_1018,DIS,ANG,-1,1,1,1,,data\preprocessed\features\z_at\FAKE_T1_1018_DFA_ANG_XX__AUDIO_1018_DFA_DIS_XX_styletts.pt,data\preprocessed\features\z_v\FAKE_T1_1018_DFA_ANG_XX__AUDIO_1018_DFA_DIS_XX_styletts.pt
FAKE_T1_1018_IEO_FEA_MD__AUDIO_1018_IEO_HAP_MD_styletts,track1,1,crema_1018,HAP,FEA,-1,1,1,1,,data\preprocessed\features\z_at\FAKE_T1_1018_IEO_FEA_MD__AUDIO_1018_IEO_HAP_MD_styletts.pt,data\preprocessed\features\z_v\FAKE_T1_1018_IEO_FEA_MD__AUDIO_1018_IEO_HAP_MD_styletts.pt
FAKE_T1_1018_IEO_NEU_XX__AUDIO_1018_IEO_SAD_HI_styletts,track1,1,crema_1018,SAD,NEU,-1,1,1,1,,data\preprocessed\features\z_at\FAKE_T1_1018_IEO_NEU_XX__AUDIO_1018_IEO_SAD_HI_styletts.pt,data\preprocessed\features\z_v\FAKE_T1_1018_IEO_NEU_XX__AUDIO_1018_IEO_SAD_HI_styletts.pt
FAKE_T1_1018_IEO_SAD_LO__AUDIO_1018_IEO_ANG_LO_styletts,track1,1,crema_1018,ANG,SAD,-1,1,1,1,,data\preprocessed\features\z_at\FAKE_T1_1018_IEO_SAD_LO__AUDIO_1018_IEO_ANG_LO_styletts.pt,data\preprocessed\features\z_v\FAKE_T1_1018_IEO_SAD_LO__AUDIO_1018_IEO_ANG_LO_styletts.pt
FAKE_T1_1018_IOM_ANG_XX__AUDIO_1018_IOM_DIS_XX_styletts,track1,1,crema_1018,DIS,ANG,-1,1,1,1,,data\preprocessed\features\z_at\FAKE_T1_1018_IOM_ANG_XX__AUDIO_1018_IOM_DIS_XX_styletts.pt,data\preprocessed\features\z_v\FAKE_T1_1018_IOM_ANG_XX__AUDIO_1018_IOM_DIS_XX_styletts.pt
FAKE_T1_1018_IOM_FEA_XX__AUDIO_1018_IOM_HAP_XX_styletts,track1,1,crema_1018,HAP,FEA,-1,1,1,1,,data\preprocessed\features\z_at\FAKE_T1_1018_IOM_FEA_XX__AUDIO_1018_IOM_HAP_XX_styletts.pt,data\preprocessed\features\z_v\FAKE_T1_1018_IOM_FEA_XX__AUDIO_1018_IOM_HAP_XX_styletts.pt
FAKE_T1_1018_ITH_HAP_XX__AUDIO_1018_ITH_NEU_XX_styletts,track1,1,crema_1018,NEU,HAP,-1,1,1,1,,data\preprocessed\features\z_at\FAKE_T1_1018_ITH_HAP_XX__AUDIO_1018_ITH_NEU_XX_styletts.pt,data\preprocessed\features\z_v\FAKE_T1_1018_ITH_HAP_XX__AUDIO_1018_ITH_NEU_XX_styletts.pt
FAKE_T1_1018_ITS_HAP_XX__AUDIO_1018_ITS_NEU_XX_styletts,track1,1,crema_1018,NEU,HAP,-1,1,1,1,,data\preprocessed\features\z_at\FAKE_T1_1018_ITS_HAP_XX__AUDIO_1018_ITS_NEU_XX_styletts.pt,data\preprocessed\features\z_v\FAKE_T1_1018_ITS_HAP_XX__AUDIO_1018_ITS_NEU_XX_styletts.pt
FAKE_T1_1018_IWL_DIS_XX__AUDIO_1018_IWL_FEA_XX_styletts,track1,1,crema_1018,FEA,DIS,-1,1,1,1,,data\preprocessed\features\z_at\FAKE_T1_1018_IWL_DIS_XX__AUDIO_1018_IWL_FEA_XX_styletts.pt,data\preprocessed\features\z_v\FAKE_T1_1018_IWL_DIS_XX__AUDIO_1018_IWL_FEA_XX_styletts.pt
FAKE_T1_1018_IWW_ANG_XX__AUDIO_1018_IWW_DIS_XX_styletts,track1,1,crema_1018,DIS,ANG,-1,1,1,1,,data\preprocessed\features\z_at\FAKE_T1_1018_IWW_ANG_XX__AUDIO_1018_IWW_DIS_XX_styletts.pt,data\preprocessed\features\z_v\FAKE_T1_1018_IWW_ANG_XX__AUDIO_1018_IWW_DIS_XX_styletts.pt
FAKE_T1_1018_MTI_HAP_XX__AUDIO_1018_MTI_NEU_XX_styletts,track1,1,crema_1018,NEU,HAP,-1,1,1,1,,data\preprocessed\features\z_at\FAKE_T1_1018_MTI_HAP_XX__AUDIO_1018_MTI_NEU_XX_styletts.pt,data\preprocessed\features\z_v\FAKE_T1_1018_MTI_HAP_XX__AUDIO_1018_MTI_NEU_XX_styletts.pt
FAKE_T1_1018_MTI_SAD_XX__AUDIO_1018_MTI_ANG_XX_styletts,track1,1,crema_1018,ANG,SAD,-1,1,1,1,,data\preprocessed\features\z_at\FAKE_T1_1018_MTI_SAD_XX__AUDIO_1018_MTI_ANG_XX_styletts.pt,data\preprocessed\features\z_v\FAKE_T1_1018_MTI_SAD_XX__AUDIO_1018_MTI_ANG_XX_styletts.pt
FAKE_T1_1018_TAI_HAP_XX__AUDIO_1018_TAI_NEU_XX_styletts,track1,1,crema_1018,NEU,HAP,-1,1,1,1,,data\preprocessed\features\z_at\FAKE_T1_1018_TAI_HAP_XX__AUDIO_1018_TAI_NEU_XX_styletts.pt,data\preprocessed\features\z_v\FAKE_T1_1018_TAI_HAP_XX__AUDIO_1018_TAI_NEU_XX_styletts.pt
FAKE_T1_1018_TAI_NEU_XX__AUDIO_1018_TAI_SAD_XX_styletts,track1,1,crema_1018,SAD,NEU,-1,1,1,1,,data\preprocessed\features\z_at\FAKE_T1_1018_TAI_NEU_XX__AUDIO_1018_TAI_SAD_XX_styletts.pt,data\preprocessed\features\z_v\FAKE_T1_1018_TAI_NEU_XX__AUDIO_1018_TAI_SAD_XX_styletts.pt
FAKE_T1_1018_TAI_SAD_XX__AUDIO_1018_TAI_ANG_XX_styletts,track1,1,crema_1018,ANG,SAD,-1,1,1,1,,data\preprocessed\features\z_at\FAKE_T1_1018_TAI_SAD_XX__AUDIO_1018_TAI_ANG_XX_styletts.pt,data\preprocessed\features\z_v\FAKE_T1_1018_TAI_SAD_XX__AUDIO_1018_TAI_ANG_XX_styletts.pt
FAKE_T1_1018_TSI_HAP_XX__AUDIO_1018_TSI_NEU_XX_styletts,track1,1,crema_1018,NEU,HAP,-1,1,1,1,,data\preprocessed\features\z_at\FAKE_T1_1018_TSI_HAP_XX__AUDIO_1018_TSI_NEU_XX_styletts.pt,data\preprocessed\features\z_v\FAKE_T1_1018_TSI_HAP_XX__AUDIO_1018_TSI_NEU_XX_styletts.pt
FAKE_T1_1019_IEO_ANG_LO__AUDIO_1019_IEO_DIS_LO_styletts,track1,1,crema_1019,DIS,ANG,-1,1,1,1,,data\preprocessed\features\z_at\FAKE_T1_1019_IEO_ANG_LO__AUDIO_1019_IEO_DIS_LO_styletts.pt,data\preprocessed\features\z_v\FAKE_T1_1019_IEO_ANG_LO__AUDIO_1019_IEO_DIS_LO_styletts.pt
FAKE_T1_1019_IEO_SAD_HI__AUDIO_1019_IEO_ANG_HI_styletts,track1,1,crema_1019,ANG,SAD,-1,1,1,1,,data\preprocessed\features\z_at\FAKE_T1_1019_IEO_SAD_HI__AUDIO_1019_IEO_ANG_HI_styletts.pt,data\preprocessed\features\z_v\FAKE_T1_1019_IEO_SAD_HI__AUDIO_1019_IEO_ANG_HI_styletts.pt
FAKE_T1_1019_IEO_SAD_LO__AUDIO_1019_IEO_ANG_LO_styletts,track1,1,crema_1019,ANG,SAD,-1,1,1,1,,data\preprocessed\features\z_at\FAKE_T1_1019_IEO_SAD_LO__AUDIO_1019_IEO_ANG_LO_styletts.pt,data\preprocessed\features\z_v\FAKE_T1_1019_IEO_SAD_LO__AUDIO_1019_IEO_ANG_LO_styletts.pt
FAKE_T1_1019_ITS_DIS_XX__AUDIO_1019_ITS_FEA_XX_styletts,track1,1,crema_1019,FEA,DIS,-1,1,1,1,,data\preprocessed\features\z_at\FAKE_T1_1019_ITS_DIS_XX__AUDIO_1019_ITS_FEA_XX_styletts.pt,data\preprocessed\features\z_v\FAKE_T1_1019_ITS_DIS_XX__AUDIO_1019_ITS_FEA_XX_styletts.pt
FAKE_T1_1019_ITS_NEU_XX__AUDIO_1019_ITS_SAD_XX_styletts,track1,1,crema_1019,SAD,NEU,-1,1,1,1,,data\preprocessed\features\z_at\FAKE_T1_1019_ITS_NEU_XX__AUDIO_1019_ITS_SAD_XX_styletts.pt,data\preprocessed\features\z_v\FAKE_T1_1019_ITS_NEU_XX__AUDIO_1019_ITS_SAD_XX_styletts.pt
FAKE_T1_1019_ITS_SAD_XX__AUDIO_1019_ITS_ANG_XX_styletts,track1,1,crema_1019,ANG,SAD,-1,1,1,1,,data\preprocessed\features\z_at\FAKE_T1_1019_ITS_SAD_XX__AUDIO_1019_ITS_ANG_XX_styletts.pt,data\preprocessed\features\z_v\FAKE_T1_1019_ITS_SAD_XX__AUDIO_1019_ITS_ANG_XX_styletts.pt
FAKE_T1_1019_IWL_SAD_XX__AUDIO_1019_IWL_ANG_XX_styletts,track1,1,crema_1019,ANG,SAD,-1,1,1,1,,data\preprocessed\features\z_at\FAKE_T1_1019_IWL_SAD_XX__AUDIO_1019_IWL_ANG_XX_styletts.pt,data\preprocessed\features\z_v\FAKE_T1_1019_IWL_SAD_XX__AUDIO_1019_IWL_ANG_XX_styletts.pt
FAKE_T1_1019_IWW_SAD_XX__AUDIO_1019_IWW_ANG_XX_styletts,track1,1,crema_1019,ANG,SAD,-1,1,1,1,,data\preprocessed\features\z_at\FAKE_T1_1019_IWW_SAD_XX__AUDIO_1019_IWW_ANG_XX_styletts.pt,data\preprocessed\features\z_v\FAKE_T1_1019_IWW_SAD_XX__AUDIO_1019_IWW_ANG_XX_styletts.pt
FAKE_T1_1019_MTI_HAP_XX__AUDIO_1019_MTI_NEU_XX_styletts,track1,1,crema_1019,NEU,HAP,-1,1,1,1,,data\preprocessed\features\z_at\FAKE_T1_1019_MTI_HAP_XX__AUDIO_1019_MTI_NEU_XX_styletts.pt,data\preprocessed\features\z_v\FAKE_T1_1019_MTI_HAP_XX__AUDIO_1019_MTI_NEU_XX_styletts.pt
FAKE_T1_1019_TAI_FEA_XX__AUDIO_1019_TAI_HAP_XX_styletts,track1,1,crema_1019,HAP,FEA,-1,1,1,1,,data\preprocessed\features\z_at\FAKE_T1_1019_TAI_FEA_XX__AUDIO_1019_TAI_HAP_XX_styletts.pt,data\preprocessed\features\z_v\FAKE_T1_1019_TAI_FEA_XX__AUDIO_1019_TAI_HAP_XX_styletts.pt
FAKE_T1_1019_TAI_NEU_XX__AUDIO_1019_TAI_SAD_XX_styletts,track1,1,crema_1019,SAD,NEU,-1,1,1,1,,data\preprocessed\features\z_at\FAKE_T1_1019_TAI_NEU_XX__AUDIO_1019_TAI_SAD_XX_styletts.pt,data\preprocessed\features\z_v\FAKE_T1_1019_TAI_NEU_XX__AUDIO_1019_TAI_SAD_XX_styletts.pt
FAKE_T1_1019_TAI_SAD_XX__AUDIO_1019_TAI_ANG_XX_styletts,track1,1,crema_1019,ANG,SAD,-1,1,1,1,,data\preprocessed\features\z_at\FAKE_T1_1019_TAI_SAD_XX__AUDIO_1019_TAI_ANG_XX_styletts.pt,data\preprocessed\features\z_v\FAKE_T1_1019_TAI_SAD_XX__AUDIO_1019_TAI_ANG_XX_styletts.pt
FAKE_T1_1019_TSI_DIS_XX__AUDIO_1019_TSI_FEA_XX_styletts,track1,1,crema_1019,FEA,DIS,-1,1,1,1,,data\preprocessed\features\z_at\FAKE_T1_1019_TSI_DIS_XX__AUDIO_1019_TSI_FEA_XX_styletts.pt,data\preprocessed\features\z_v\FAKE_T1_1019_TSI_DIS_XX__AUDIO_1019_TSI_FEA_XX_styletts.pt
FAKE_T1_1019_WSI_DIS_XX__AUDIO_1019_WSI_FEA_XX_styletts,track1,1,crema_1019,FEA,DIS,-1,1,1,1,,data\preprocessed\features\z_at\FAKE_T1_1019_WSI_DIS_XX__AUDIO_1019_WSI_FEA_XX_styletts.pt,data\preprocessed\features\z_v\FAKE_T1_1019_WSI_DIS_XX__AUDIO_1019_WSI_FEA_XX_styletts.pt
FAKE_T1_1019_WSI_HAP_XX__AUDIO_1019_WSI_NEU_XX_styletts,track1,1,crema_1019,NEU,HAP,-1,1,1,1,,data\preprocessed\features\z_at\FAKE_T1_1019_WSI_HAP_XX__AUDIO_1019_WSI_NEU_XX_styletts.pt,data\preprocessed\features\z_v\FAKE_T1_1019_WSI_HAP_XX__AUDIO_1019_WSI_NEU_XX_styletts.pt
FAKE_T1_1021_DFA_HAP_XX__AUDIO_1021_DFA_NEU_XX_styletts,track1,1,crema_1021,NEU,HAP,-1,1,1,1,,data\preprocessed\features\z_at\FAKE_T1_1021_DFA_HAP_XX__AUDIO_1021_DFA_NEU_XX_styletts.pt,data\preprocessed\features\z_v\FAKE_T1_1021_DFA_HAP_XX__AUDIO_1021_DFA_NEU_XX_styletts.pt
FAKE_T1_1021_DFA_SAD_XX__AUDIO_1021_DFA_ANG_XX_styletts,track1,1,crema_1021,ANG,SAD,-1,1,1,1,,data\preprocessed\features\z_at\FAKE_T1_1021_DFA_SAD_XX__AUDIO_1021_DFA_ANG_XX_styletts.pt,data\preprocessed\features\z_v\FAKE_T1_1021_DFA_SAD_XX__AUDIO_1021_DFA_ANG_XX_styletts.pt
FAKE_T1_1021_IEO_DIS_LO__AUDIO_1021_IEO_FEA_LO_styletts,track1,1,crema_1021,FEA,DIS,-1,1,1,1,,data\preprocessed\features\z_at\FAKE_T1_1021_IEO_DIS_LO__AUDIO_1021_IEO_FEA_LO_styletts.pt,data\preprocessed\features\z_v\FAKE_T1_1021_IEO_DIS_LO__AUDIO_1021_IEO_FEA_LO_styletts.pt
FAKE_T1_1021_IEO_DIS_MD__AUDIO_1021_IEO_FEA_MD_styletts,track1,1,crema_1021,FEA,DIS,-1,1,1,1,,data\preprocessed\features\z_at\FAKE_T1_1021_IEO_DIS_MD__AUDIO_1021_IEO_FEA_MD_styletts.pt,data\preprocessed\features\z_v\FAKE_T1_1021_IEO_DIS_MD__AUDIO_1021_IEO_FEA_MD_styletts.pt
FAKE_T1_1021_IEO_FEA_MD__AUDIO_1021_IEO_HAP_MD_styletts,track1,1,crema_1021,HAP,FEA,-1,1,1,1,,data\preprocessed\features\z_at\FAKE_T1_1021_IEO_FEA_MD__AUDIO_1021_IEO_HAP_MD_styletts.pt,data\preprocessed\features\z_v\FAKE_T1_1021_IEO_FEA_MD__AUDIO_1021_IEO_HAP_MD_styletts.pt
FAKE_T1_1021_IEO_HAP_LO__AUDIO_1021_IEO_NEU_XX_styletts,track1,1,crema_1021,NEU,HAP,-1,1,1,1,,data\preprocessed\features\z_at\FAKE_T1_1021_IEO_HAP_LO__AUDIO_1021_IEO_NEU_XX_styletts.pt,data\preprocessed\features\z_v\FAKE_T1_1021_IEO_HAP_LO__AUDIO_1021_IEO_NEU_XX_styletts.pt
FAKE_T1_1021_IOM_ANG_XX__AUDIO_1021_IOM_DIS_XX_styletts,track1,1,crema_1021,DIS,ANG,-1,1,1,1,,data\preprocessed\features\z_at\FAKE_T1_1021_IOM_ANG_XX__AUDIO_1021_IOM_DIS_XX_styletts.pt,data\preprocessed\features\z_v\FAKE_T1_1021_IOM_ANG_XX__AUDIO_1021_IOM_DIS_XX_styletts.pt
FAKE_T1_1021_IOM_FEA_XX__AUDIO_1021_IOM_HAP_XX_styletts,track1,1,crema_1021,HAP,FEA,-1,1,1,1,,data\preprocessed\features\z_at\FAKE_T1_1021_IOM_FEA_XX__AUDIO_1021_IOM_HAP_XX_styletts.pt,data\preprocessed\features\z_v\FAKE_T1_1021_IOM_FEA_XX__AUDIO_1021_IOM_HAP_XX_styletts.pt
FAKE_T1_1021_IOM_SAD_XX__AUDIO_1021_IOM_ANG_XX_styletts,track1,1,crema_1021,ANG,SAD,-1,1,1,1,,data\preprocessed\features\z_at\FAKE_T1_1021_IOM_SAD_XX__AUDIO_1021_IOM_ANG_XX_styletts.pt,data\preprocessed\features\z_v\FAKE_T1_1021_IOM_SAD_XX__AUDIO_1021_IOM_ANG_XX_styletts.pt
FAKE_T1_1021_ITH_ANG_XX__AUDIO_1021_ITH_DIS_XX_styletts,track1,1,crema_1021,DIS,ANG,-1,1,1,1,,data\preprocessed\features\z_at\FAKE_T1_1021_ITH_ANG_XX__AUDIO_1021_ITH_DIS_XX_styletts.pt,data\preprocessed\features\z_v\FAKE_T1_1021_ITH_ANG_XX__AUDIO_1021_ITH_DIS_XX_styletts.pt
FAKE_T1_1021_IWL_ANG_XX__AUDIO_1021_IWL_DIS_XX_styletts,track1,1,crema_1021,DIS,ANG,-1,1,1,1,,data\preprocessed\features\z_at\FAKE_T1_1021_IWL_ANG_XX__AUDIO_1021_IWL_DIS_XX_styletts.pt,data\preprocessed\features\z_v\FAKE_T1_1021_IWL_ANG_XX__AUDIO_1021_IWL_DIS_XX_styletts.pt
FAKE_T1_1021_MTI_ANG_XX__AUDIO_1021_MTI_DIS_XX_styletts,track1,1,crema_1021,DIS,ANG,-1,1,1,1,,data\preprocessed\features\z_at\FAKE_T1_1021_MTI_ANG_XX__AUDIO_1021_MTI_DIS_XX_styletts.pt,data\preprocessed\features\z_v\FAKE_T1_1021_MTI_ANG_XX__AUDIO_1021_MTI_DIS_XX_styletts.pt
FAKE_T1_1021_TAI_HAP_XX__AUDIO_1021_TAI_NEU_XX_styletts,track1,1,crema_1021,NEU,HAP,-1,1,1,1,,data\preprocessed\features\z_at\FAKE_T1_1021_TAI_HAP_XX__AUDIO_1021_TAI_NEU_XX_styletts.pt,data\preprocessed\features\z_v\FAKE_T1_1021_TAI_HAP_XX__AUDIO_1021_TAI_NEU_XX_styletts.pt
FAKE_T1_1021_TAI_NEU_XX__AUDIO_1021_TAI_SAD_XX_styletts,track1,1,crema_1021,SAD,NEU,-1,1,1,1,,data\preprocessed\features\z_at\FAKE_T1_1021_TAI_NEU_XX__AUDIO_1021_TAI_SAD_XX_styletts.pt,data\preprocessed\features\z_v\FAKE_T1_1021_TAI_NEU_XX__AUDIO_1021_TAI_SAD_XX_styletts.pt
FAKE_T1_1021_TIE_DIS_XX__AUDIO_1021_TIE_FEA_XX_styletts,track1,1,crema_1021,FEA,DIS,-1,1,1,1,,data\preprocessed\features\z_at\FAKE_T1_1021_TIE_DIS_XX__AUDIO_1021_TIE_FEA_XX_styletts.pt,data\preprocessed\features\z_v\FAKE_T1_1021_TIE_DIS_XX__AUDIO_1021_TIE_FEA_XX_styletts.pt
FAKE_T1_1021_TIE_FEA_XX__AUDIO_1021_TIE_HAP_XX_styletts,track1,1,crema_1021,HAP,FEA,-1,1,1,1,,data\preprocessed\features\z_at\FAKE_T1_1021_TIE_FEA_XX__AUDIO_1021_TIE_HAP_XX_styletts.pt,data\preprocessed\features\z_v\FAKE_T1_1021_TIE_FEA_XX__AUDIO_1021_TIE_HAP_XX_styletts.pt
FAKE_T1_1022_DFA_ANG_XX__AUDIO_1022_DFA_DIS_XX_styletts,track1,1,crema_1022,DIS,ANG,-1,1,1,1,,data\preprocessed\features\z_at\FAKE_T1_1022_DFA_ANG_XX__AUDIO_1022_DFA_DIS_XX_styletts.pt,data\preprocessed\features\z_v\FAKE_T1_1022_DFA_ANG_XX__AUDIO_1022_DFA_DIS_XX_styletts.pt
FAKE_T1_1022_DFA_DIS_XX__AUDIO_1022_DFA_FEA_XX_styletts,track1,1,crema_1022,FEA,DIS,-1,1,1,1,,data\preprocessed\features\z_at\FAKE_T1_1022_DFA_DIS_XX__AUDIO_1022_DFA_FEA_XX_styletts.pt,data\preprocessed\features\z_v\FAKE_T1_1022_DFA_DIS_XX__AUDIO_1022_DFA_FEA_XX_styletts.pt
FAKE_T1_1022_DFA_FEA_XX__AUDIO_1022_DFA_HAP_XX_styletts,track1,1,crema_1022,HAP,FEA,-1,1,1,1,,data\preprocessed\features\z_at\FAKE_T1_1022_DFA_FEA_XX__AUDIO_1022_DFA_HAP_XX_styletts.pt,data\preprocessed\features\z_v\FAKE_T1_1022_DFA_FEA_XX__AUDIO_1022_DFA_HAP_XX_styletts.pt
FAKE_T1_1022_IEO_DIS_MD__AUDIO_1022_IEO_FEA_MD_styletts,track1,1,crema_1022,FEA,DIS,-1,1,1,1,,data\preprocessed\features\z_at\FAKE_T1_1022_IEO_DIS_MD__AUDIO_1022_IEO_FEA_MD_styletts.pt,data\preprocessed\features\z_v\FAKE_T1_1022_IEO_DIS_MD__AUDIO_1022_IEO_FEA_MD_styletts.pt
FAKE_T1_1022_IEO_FEA_LO__AUDIO_1022_IEO_HAP_LO_styletts,track1,1,crema_1022,HAP,FEA,-1,1,1,1,,data\preprocessed\features\z_at\FAKE_T1_1022_IEO_FEA_LO__AUDIO_1022_IEO_HAP_LO_styletts.pt,data\preprocessed\features\z_v\FAKE_T1_1022_IEO_FEA_LO__AUDIO_1022_IEO_HAP_LO_styletts.pt
FAKE_T1_1022_IEO_HAP_MD__AUDIO_1022_IEO_NEU_XX_styletts,track1,1,crema_1022,NEU,HAP,-1,1,1,1,,data\preprocessed\features\z_at\FAKE_T1_1022_IEO_HAP_MD__AUDIO_1022_IEO_NEU_XX_styletts.pt,data\preprocessed\features\z_v\FAKE_T1_1022_IEO_HAP_MD__AUDIO_1022_IEO_NEU_XX_styletts.pt
FAKE_T1_1022_ITH_SAD_XX__AUDIO_1022_ITH_ANG_XX_styletts,track1,1,crema_1022,ANG,SAD,-1,1,1,1,,data\preprocessed\features\z_at\FAKE_T1_1022_ITH_SAD_XX__AUDIO_1022_ITH_ANG_XX_styletts.pt,data\preprocessed\features\z_v\FAKE_T1_1022_ITH_SAD_XX__AUDIO_1022_ITH_ANG_XX_styletts.pt
FAKE_T1_1022_ITS_NEU_XX__AUDIO_1022_ITS_SAD_XX_styletts,track1,1,crema_1022,SAD,NEU,-1,1,1,1,,data\preprocessed\features\z_at\FAKE_T1_1022_ITS_NEU_XX__AUDIO_1022_ITS_SAD_XX_styletts.pt,data\preprocessed\features\z_v\FAKE_T1_1022_ITS_NEU_XX__AUDIO_1022_ITS_SAD_XX_styletts.pt
FAKE_T1_1022_IWW_FEA_XX__AUDIO_1022_IWW_HAP_XX_styletts,track1,1,crema_1022,HAP,FEA,-1,1,1,1,,data\preprocessed\features\z_at\FAKE_T1_1022_IWW_FEA_XX__AUDIO_1022_IWW_HAP_XX_styletts.pt,data\preprocessed\features\z_v\FAKE_T1_1022_IWW_FEA_XX__AUDIO_1022_IWW_HAP_XX_styletts.pt
FAKE_T1_1022_IWW_NEU_XX__AUDIO_1022_IWW_SAD_XX_styletts,track1,1,crema_1022,SAD,NEU,-1,1,1,1,,data\preprocessed\features\z_at\FAKE_T1_1022_IWW_NEU_XX__AUDIO_1022_IWW_SAD_XX_styletts.pt,data\preprocessed\features\z_v\FAKE_T1_1022_IWW_NEU_XX__AUDIO_1022_IWW_SAD_XX_styletts.pt
FAKE_T1_1022_IWW_SAD_XX__AUDIO_1022_IWW_ANG_XX_styletts,track1,1,crema_1022,ANG,SAD,-1,1,1,1,,data\preprocessed\features\z_at\FAKE_T1_1022_IWW_SAD_XX__AUDIO_1022_IWW_ANG_XX_styletts.pt,data\preprocessed\features\z_v\FAKE_T1_1022_IWW_SAD_XX__AUDIO_1022_IWW_ANG_XX_styletts.pt
FAKE_T1_1022_TSI_ANG_XX__AUDIO_1022_TSI_DIS_XX_styletts,track1,1,crema_1022,DIS,ANG,-1,1,1,1,,data\preprocessed\features\z_at\FAKE_T1_1022_TSI_ANG_XX__AUDIO_1022_TSI_DIS_XX_styletts.pt,data\preprocessed\features\z_v\FAKE_T1_1022_TSI_ANG_XX__AUDIO_1022_TSI_DIS_XX_styletts.pt
FAKE_T1_1022_TSI_DIS_XX__AUDIO_1022_TSI_FEA_XX_styletts,track1,1,crema_1022,FEA,DIS,-1,1,1,1,,data\preprocessed\features\z_at\FAKE_T1_1022_TSI_DIS_XX__AUDIO_1022_TSI_FEA_XX_styletts.pt,data\preprocessed\features\z_v\FAKE_T1_1022_TSI_DIS_XX__AUDIO_1022_TSI_FEA_XX_styletts.pt
FAKE_T1_1022_TSI_FEA_XX__AUDIO_1022_TSI_HAP_XX_styletts,track1,1,crema_1022,HAP,FEA,-1,1,1,1,,data\preprocessed\features\z_at\FAKE_T1_1022_TSI_FEA_XX__AUDIO_1022_TSI_HAP_XX_styletts.pt,data\preprocessed\features\z_v\FAKE_T1_1022_TSI_FEA_XX__AUDIO_1022_TSI_HAP_XX_styletts.pt
FAKE_T1_1022_TSI_HAP_XX__AUDIO_1022_TSI_NEU_XX_styletts,track1,1,crema_1022,NEU,HAP,-1,1,1,1,,data\preprocessed\features\z_at\FAKE_T1_1022_TSI_HAP_XX__AUDIO_1022_TSI_NEU_XX_styletts.pt,data\preprocessed\features\z_v\FAKE_T1_1022_TSI_HAP_XX__AUDIO_1022_TSI_NEU_XX_styletts.pt
FAKE_T1_1022_WSI_FEA_XX__AUDIO_1022_WSI_HAP_XX_styletts,track1,1,crema_1022,HAP,FEA,-1,1,1,1,,data\preprocessed\features\z_at\FAKE_T1_1022_WSI_FEA_XX__AUDIO_1022_WSI_HAP_XX_styletts.pt,data\preprocessed\features\z_v\FAKE_T1_1022_WSI_FEA_XX__AUDIO_1022_WSI_HAP_XX_styletts.pt
FAKE_T1_1023_IEO_DIS_MD__AUDIO_1023_IEO_FEA_MD_styletts,track1,1,crema_1023,FEA,DIS,-1,1,1,1,,data\preprocessed\features\z_at\FAKE_T1_1023_IEO_DIS_MD__AUDIO_1023_IEO_FEA_MD_styletts.pt,data\preprocessed\features\z_v\FAKE_T1_1023_IEO_DIS_MD__AUDIO_1023_IEO_FEA_MD_styletts.pt
FAKE_T1_1023_IEO_FEA_HI__AUDIO_1023_IEO_HAP_HI_styletts,track1,1,crema_1023,HAP,FEA,-1,1,1,1,,data\preprocessed\features\z_at\FAKE_T1_1023_IEO_FEA_HI__AUDIO_1023_IEO_HAP_HI_styletts.pt,data\preprocessed\features\z_v\FAKE_T1_1023_IEO_FEA_HI__AUDIO_1023_IEO_HAP_HI_styletts.pt
FAKE_T1_1023_IEO_SAD_LO__AUDIO_1023_IEO_ANG_LO_styletts,track1,1,crema_1023,ANG,SAD,-1,1,1,1,,data\preprocessed\features\z_at\FAKE_T1_1023_IEO_SAD_LO__AUDIO_1023_IEO_ANG_LO_styletts.pt,data\preprocessed\features\z_v\FAKE_T1_1023_IEO_SAD_LO__AUDIO_1023_IEO_ANG_LO_styletts.pt
FAKE_T1_1023_IOM_FEA_XX__AUDIO_1023_IOM_HAP_XX_styletts,track1,1,crema_1023,HAP,FEA,-1,1,1,1,,data\preprocessed\features\z_at\FAKE_T1_1023_IOM_FEA_XX__AUDIO_1023_IOM_HAP_XX_styletts.pt,data\preprocessed\features\z_v\FAKE_T1_1023_IOM_FEA_XX__AUDIO_1023_IOM_HAP_XX_styletts.pt
FAKE_T1_1023_IOM_SAD_XX__AUDIO_1023_IOM_ANG_XX_styletts,track1,1,crema_1023,ANG,SAD,-1,1,1,1,,data\preprocessed\features\z_at\FAKE_T1_1023_IOM_SAD_XX__AUDIO_1023_IOM_ANG_XX_styletts.pt,data\preprocessed\features\z_v\FAKE_T1_1023_IOM_SAD_XX__AUDIO_1023_IOM_ANG_XX_styletts.pt
FAKE_T1_1023_ITH_FEA_XX__AUDIO_1023_ITH_HAP_XX_styletts,track1,1,crema_1023,HAP,FEA,-1,1,1,1,,data\preprocessed\features\z_at\FAKE_T1_1023_ITH_FEA_XX__AUDIO_1023_ITH_HAP_XX_styletts.pt,data\preprocessed\features\z_v\FAKE_T1_1023_ITH_FEA_XX__AUDIO_1023_ITH_HAP_XX_styletts.pt
FAKE_T1_1023_ITH_HAP_XX__AUDIO_1023_ITH_NEU_XX_styletts,track1,1,crema_1023,NEU,HAP,-1,1,1,1,,data\preprocessed\features\z_at\FAKE_T1_1023_ITH_HAP_XX__AUDIO_1023_ITH_NEU_XX_styletts.pt,data\preprocessed\features\z_v\FAKE_T1_1023_ITH_HAP_XX__AUDIO_1023_ITH_NEU_XX_styletts.pt
FAKE_T1_1023_ITH_NEU_XX__AUDIO_1023_ITH_SAD_XX_styletts,track1,1,crema_1023,SAD,NEU,-1,1,1,1,,data\preprocessed\features\z_at\FAKE_T1_1023_ITH_NEU_XX__AUDIO_1023_ITH_SAD_XX_styletts.pt,data\preprocessed\features\z_v\FAKE_T1_1023_ITH_NEU_XX__AUDIO_1023_ITH_SAD_XX_styletts.pt
FAKE_T1_1023_ITH_SAD_XX__AUDIO_1023_ITH_ANG_XX_styletts,track1,1,crema_1023,ANG,SAD,-1,1,1,1,,data\preprocessed\features\z_at\FAKE_T1_1023_ITH_SAD_XX__AUDIO_1023_ITH_ANG_XX_styletts.pt,data\preprocessed\features\z_v\FAKE_T1_1023_ITH_SAD_XX__AUDIO_1023_ITH_ANG_XX_styletts.pt
FAKE_T1_1023_IWL_DIS_XX__AUDIO_1023_IWL_FEA_XX_styletts,track1,1,crema_1023,FEA,DIS,-1,1,1,1,,data\preprocessed\features\z_at\FAKE_T1_1023_IWL_DIS_XX__AUDIO_1023_IWL_FEA_XX_styletts.pt,data\preprocessed\features\z_v\FAKE_T1_1023_IWL_DIS_XX__AUDIO_1023_IWL_FEA_XX_styletts.pt
FAKE_T1_1023_IWL_HAP_XX__AUDIO_1023_IWL_NEU_XX_styletts,track1,1,crema_1023,NEU,HAP,-1,1,1,1,,data\preprocessed\features\z_at\FAKE_T1_1023_IWL_HAP_XX__AUDIO_1023_IWL_NEU_XX_styletts.pt,data\preprocessed\features\z_v\FAKE_T1_1023_IWL_HAP_XX__AUDIO_1023_IWL_NEU_XX_styletts.pt
FAKE_T1_1023_IWL_SAD_XX__AUDIO_1023_IWL_ANG_XX_styletts,track1,1,crema_1023,ANG,SAD,-1,1,1,1,,data\preprocessed\features\z_at\FAKE_T1_1023_IWL_SAD_XX__AUDIO_1023_IWL_ANG_XX_styletts.pt,data\preprocessed\features\z_v\FAKE_T1_1023_IWL_SAD_XX__AUDIO_1023_IWL_ANG_XX_styletts.pt
FAKE_T1_1023_IWW_HAP_XX__AUDIO_1023_IWW_NEU_XX_styletts,track1,1,crema_1023,NEU,HAP,-1,1,1,1,,data\preprocessed\features\z_at\FAKE_T1_1023_IWW_HAP_XX__AUDIO_1023_IWW_NEU_XX_styletts.pt,data\preprocessed\features\z_v\FAKE_T1_1023_IWW_HAP_XX__AUDIO_1023_IWW_NEU_XX_styletts.pt
FAKE_T1_1023_MTI_DIS_XX__AUDIO_1023_MTI_FEA_XX_styletts,track1,1,crema_1023,FEA,DIS,-1,1,1,1,,data\preprocessed\features\z_at\FAKE_T1_1023_MTI_DIS_XX__AUDIO_1023_MTI_FEA_XX_styletts.pt,data\preprocessed\features\z_v\FAKE_T1_1023_MTI_DIS_XX__AUDIO_1023_MTI_FEA_XX_styletts.pt
FAKE_T1_1023_WSI_NEU_XX__AUDIO_1023_WSI_SAD_XX_styletts,track1,1,crema_1023,SAD,NEU,-1,1,1,1,,data\preprocessed\features\z_at\FAKE_T1_1023_WSI_NEU_XX__AUDIO_1023_WSI_SAD_XX_styletts.pt,data\preprocessed\features\z_v\FAKE_T1_1023_WSI_NEU_XX__AUDIO_1023_WSI_SAD_XX_styletts.pt
FAKE_T1_1023_WSI_SAD_XX__AUDIO_1023_WSI_ANG_XX_styletts,track1,1,crema_1023,ANG,SAD,-1,1,1,1,,data\preprocessed\features\z_at\FAKE_T1_1023_WSI_SAD_XX__AUDIO_1023_WSI_ANG_XX_styletts.pt,data\preprocessed\features\z_v\FAKE_T1_1023_WSI_SAD_XX__AUDIO_1023_WSI_ANG_XX_styletts.pt
FAKE_T1_1024_DFA_FEA_XX__AUDIO_1024_DFA_HAP_XX_styletts,track1,1,crema_1024,HAP,FEA,-1,1,1,1,,data\preprocessed\features\z_at\FAKE_T1_1024_DFA_FEA_XX__AUDIO_1024_DFA_HAP_XX_styletts.pt,data\preprocessed\features\z_v\FAKE_T1_1024_DFA_FEA_XX__AUDIO_1024_DFA_HAP_XX_styletts.pt
FAKE_T1_1024_DFA_HAP_XX__AUDIO_1024_DFA_NEU_XX_styletts,track1,1,crema_1024,NEU,HAP,-1,1,1,1,,data\preprocessed\features\z_at\FAKE_T1_1024_DFA_HAP_XX__AUDIO_1024_DFA_NEU_XX_styletts.pt,data\preprocessed\features\z_v\FAKE_T1_1024_DFA_HAP_XX__AUDIO_1024_DFA_NEU_XX_styletts.pt
FAKE_T1_1024_IEO_HAP_MD__AUDIO_1024_IEO_NEU_XX_styletts,track1,1,crema_1024,NEU,HAP,-1,1,1,1,,data\preprocessed\features\z_at\FAKE_T1_1024_IEO_HAP_MD__AUDIO_1024_IEO_NEU_XX_styletts.pt,data\preprocessed\features\z_v\FAKE_T1_1024_IEO_HAP_MD__AUDIO_1024_IEO_NEU_XX_styletts.pt
FAKE_T1_1024_IEO_NEU_XX__AUDIO_1024_IEO_SAD_HI_styletts,track1,1,crema_1024,SAD,NEU,-1,1,1,1,,data\preprocessed\features\z_at\FAKE_T1_1024_IEO_NEU_XX__AUDIO_1024_IEO_SAD_HI_styletts.pt,data\preprocessed\features\z_v\FAKE_T1_1024_IEO_NEU_XX__AUDIO_1024_IEO_SAD_HI_styletts.pt
FAKE_T1_1024_IOM_DIS_XX__AUDIO_1024_IOM_FEA_XX_styletts,track1,1,crema_1024,FEA,DIS,-1,1,1,1,,data\preprocessed\features\z_at\FAKE_T1_1024_IOM_DIS_XX__AUDIO_1024_IOM_FEA_XX_styletts.pt,data\preprocessed\features\z_v\FAKE_T1_1024_IOM_DIS_XX__AUDIO_1024_IOM_FEA_XX_styletts.pt
FAKE_T1_1024_IOM_NEU_XX__AUDIO_1024_IOM_SAD_XX_styletts,track1,1,crema_1024,SAD,NEU,-1,1,1,1,,data\preprocessed\features\z_at\FAKE_T1_1024_IOM_NEU_XX__AUDIO_1024_IOM_SAD_XX_styletts.pt,data\preprocessed\features\z_v\FAKE_T1_1024_IOM_NEU_XX__AUDIO_1024_IOM_SAD_XX_styletts.pt
FAKE_T1_1024_IOM_SAD_XX__AUDIO_1024_IOM_ANG_XX_styletts,track1,1,crema_1024,ANG,SAD,-1,1,1,1,,data\preprocessed\features\z_at\FAKE_T1_1024_IOM_SAD_XX__AUDIO_1024_IOM_ANG_XX_styletts.pt,data\preprocessed\features\z_v\FAKE_T1_1024_IOM_SAD_XX__AUDIO_1024_IOM_ANG_XX_styletts.pt
FAKE_T1_1024_ITS_DIS_XX__AUDIO_1024_ITS_FEA_XX_styletts,track1,1,crema_1024,FEA,DIS,-1,1,1,1,,data\preprocessed\features\z_at\FAKE_T1_1024_ITS_DIS_XX__AUDIO_1024_ITS_FEA_XX_styletts.pt,data\preprocessed\features\z_v\FAKE_T1_1024_ITS_DIS_XX__AUDIO_1024_ITS_FEA_XX_styletts.pt
FAKE_T1_1024_IWW_ANG_XX__AUDIO_1024_IWW_DIS_XX_styletts,track1,1,crema_1024,DIS,ANG,-1,1,1,1,,data\preprocessed\features\z_at\FAKE_T1_1024_IWW_ANG_XX__AUDIO_1024_IWW_DIS_XX_styletts.pt,data\preprocessed\features\z_v\FAKE_T1_1024_IWW_ANG_XX__AUDIO_1024_IWW_DIS_XX_styletts.pt
FAKE_T1_1024_TAI_FEA_XX__AUDIO_1024_TAI_HAP_XX_styletts,track1,1,crema_1024,HAP,FEA,-1,1,1,1,,data\preprocessed\features\z_at\FAKE_T1_1024_TAI_FEA_XX__AUDIO_1024_TAI_HAP_XX_styletts.pt,data\preprocessed\features\z_v\FAKE_T1_1024_TAI_FEA_XX__AUDIO_1024_TAI_HAP_XX_styletts.pt
FAKE_T1_1024_TIE_ANG_XX__AUDIO_1024_TIE_DIS_XX_styletts,track1,1,crema_1024,DIS,ANG,-1,1,1,1,,data\preprocessed\features\z_at\FAKE_T1_1024_TIE_ANG_XX__AUDIO_1024_TIE_DIS_XX_styletts.pt,data\preprocessed\features\z_v\FAKE_T1_1024_TIE_ANG_XX__AUDIO_1024_TIE_DIS_XX_styletts.pt
FAKE_T1_1024_TIE_NEU_XX__AUDIO_1024_TIE_SAD_XX_styletts,track1,1,crema_1024,SAD,NEU,-1,1,1,1,,data\preprocessed\features\z_at\FAKE_T1_1024_TIE_NEU_XX__AUDIO_1024_TIE_SAD_XX_styletts.pt,data\preprocessed\features\z_v\FAKE_T1_1024_TIE_NEU_XX__AUDIO_1024_TIE_SAD_XX_styletts.pt
FAKE_T1_1024_TSI_NEU_XX__AUDIO_1024_TSI_SAD_XX_styletts,track1,1,crema_1024,SAD,NEU,-1,1,1,1,,data\preprocessed\features\z_at\FAKE_T1_1024_TSI_NEU_XX__AUDIO_1024_TSI_SAD_XX_styletts.pt,data\preprocessed\features\z_v\FAKE_T1_1024_TSI_NEU_XX__AUDIO_1024_TSI_SAD_XX_styletts.pt
FAKE_T1_1024_WSI_ANG_XX__AUDIO_1024_WSI_DIS_XX_styletts,track1,1,crema_1024,DIS,ANG,-1,1,1,1,,data\preprocessed\features\z_at\FAKE_T1_1024_WSI_ANG_XX__AUDIO_1024_WSI_DIS_XX_styletts.pt,data\preprocessed\features\z_v\FAKE_T1_1024_WSI_ANG_XX__AUDIO_1024_WSI_DIS_XX_styletts.pt
FAKE_T1_1024_WSI_HAP_XX__AUDIO_1024_WSI_NEU_XX_styletts,track1,1,crema_1024,NEU,HAP,-1,1,1,1,,data\preprocessed\features\z_at\FAKE_T1_1024_WSI_HAP_XX__AUDIO_1024_WSI_NEU_XX_styletts.pt,data\preprocessed\features\z_v\FAKE_T1_1024_WSI_HAP_XX__AUDIO_1024_WSI_NEU_XX_styletts.pt
FAKE_T1_1024_WSI_SAD_XX__AUDIO_1024_WSI_ANG_XX_styletts,track1,1,crema_1024,ANG,SAD,-1,1,1,1,,data\preprocessed\features\z_at\FAKE_T1_1024_WSI_SAD_XX__AUDIO_1024_WSI_ANG_XX_styletts.pt,data\preprocessed\features\z_v\FAKE_T1_1024_WSI_SAD_XX__AUDIO_1024_WSI_ANG_XX_styletts.pt
FAKE_T1_1025_DFA_ANG_XX__AUDIO_1025_DFA_DIS_XX_styletts,track1,1,crema_1025,DIS,ANG,-1,1,1,1,,data\preprocessed\features\z_at\FAKE_T1_1025_DFA_ANG_XX__AUDIO_1025_DFA_DIS_XX_styletts.pt,data\preprocessed\features\z_v\FAKE_T1_1025_DFA_ANG_XX__AUDIO_1025_DFA_DIS_XX_styletts.pt
FAKE_T1_1025_DFA_DIS_XX__AUDIO_1025_DFA_FEA_XX_styletts,track1,1,crema_1025,FEA,DIS,-1,1,1,1,,data\preprocessed\features\z_at\FAKE_T1_1025_DFA_DIS_XX__AUDIO_1025_DFA_FEA_XX_styletts.pt,data\preprocessed\features\z_v\FAKE_T1_1025_DFA_DIS_XX__AUDIO_1025_DFA_FEA_XX_styletts.pt
FAKE_T1_1025_IEO_ANG_LO__AUDIO_1025_IEO_DIS_LO_styletts,track1,1,crema_1025,DIS,ANG,-1,1,1,1,,data\preprocessed\features\z_at\FAKE_T1_1025_IEO_ANG_LO__AUDIO_1025_IEO_DIS_LO_styletts.pt,data\preprocessed\features\z_v\FAKE_T1_1025_IEO_ANG_LO__AUDIO_1025_IEO_DIS_LO_styletts.pt
FAKE_T1_1025_IEO_FEA_HI__AUDIO_1025_IEO_HAP_HI_styletts,track1,1,crema_1025,HAP,FEA,-1,1,1,1,,data\preprocessed\features\z_at\FAKE_T1_1025_IEO_FEA_HI__AUDIO_1025_IEO_HAP_HI_styletts.pt,data\preprocessed\features\z_v\FAKE_T1_1025_IEO_FEA_HI__AUDIO_1025_IEO_HAP_HI_styletts.pt
FAKE_T1_1025_IEO_FEA_MD__AUDIO_1025_IEO_HAP_MD_styletts,track1,1,crema_1025,HAP,FEA,-1,1,1,1,,data\preprocessed\features\z_at\FAKE_T1_1025_IEO_FEA_MD__AUDIO_1025_IEO_HAP_MD_styletts.pt,data\preprocessed\features\z_v\FAKE_T1_1025_IEO_FEA_MD__AUDIO_1025_IEO_HAP_MD_styletts.pt
FAKE_T1_1025_IOM_DIS_XX__AUDIO_1025_IOM_FEA_XX_styletts,track1,1,crema_1025,FEA,DIS,-1,1,1,1,,data\preprocessed\features\z_at\FAKE_T1_1025_IOM_DIS_XX__AUDIO_1025_IOM_FEA_XX_styletts.pt,data\preprocessed\features\z_v\FAKE_T1_1025_IOM_DIS_XX__AUDIO_1025_IOM_FEA_XX_styletts.pt
FAKE_T1_1025_ITS_FEA_XX__AUDIO_1025_ITS_HAP_XX_styletts,track1,1,crema_1025,HAP,FEA,-1,1,1,1,,data\preprocessed\features\z_at\FAKE_T1_1025_ITS_FEA_XX__AUDIO_1025_ITS_HAP_XX_styletts.pt,data\preprocessed\features\z_v\FAKE_T1_1025_ITS_FEA_XX__AUDIO_1025_ITS_HAP_XX_styletts.pt
FAKE_T1_1025_IWL_ANG_XX__AUDIO_1025_IWL_DIS_XX_styletts,track1,1,crema_1025,DIS,ANG,-1,1,1,1,,data\preprocessed\features\z_at\FAKE_T1_1025_IWL_ANG_XX__AUDIO_1025_IWL_DIS_XX_styletts.pt,data\preprocessed\features\z_v\FAKE_T1_1025_IWL_ANG_XX__AUDIO_1025_IWL_DIS_XX_styletts.pt
FAKE_T1_1025_IWL_FEA_XX__AUDIO_1025_IWL_HAP_XX_styletts,track1,1,crema_1025,HAP,FEA,-1,1,1,1,,data\preprocessed\features\z_at\FAKE_T1_1025_IWL_FEA_XX__AUDIO_1025_IWL_HAP_XX_styletts.pt,data\preprocessed\features\z_v\FAKE_T1_1025_IWL_FEA_XX__AUDIO_1025_IWL_HAP_XX_styletts.pt
FAKE_T1_1025_IWW_FEA_XX__AUDIO_1025_IWW_HAP_XX_styletts,track1,1,crema_1025,HAP,FEA,-1,1,1,1,,data\preprocessed\features\z_at\FAKE_T1_1025_IWW_FEA_XX__AUDIO_1025_IWW_HAP_XX_styletts.pt,data\preprocessed\features\z_v\FAKE_T1_1025_IWW_FEA_XX__AUDIO_1025_IWW_HAP_XX_styletts.pt
FAKE_T1_1025_MTI_NEU_XX__AUDIO_1025_MTI_SAD_XX_styletts,track1,1,crema_1025,SAD,NEU,-1,1,1,1,,data\preprocessed\features\z_at\FAKE_T1_1025_MTI_NEU_XX__AUDIO_1025_MTI_SAD_XX_styletts.pt,data\preprocessed\features\z_v\FAKE_T1_1025_MTI_NEU_XX__AUDIO_1025_MTI_SAD_XX_styletts.pt
FAKE_T1_1025_TAI_DIS_XX__AUDIO_1025_TAI_FEA_XX_styletts,track1,1,crema_1025,FEA,DIS,-1,1,1,1,,data\preprocessed\features\z_at\FAKE_T1_1025_TAI_DIS_XX__AUDIO_1025_TAI_FEA_XX_styletts.pt,data\preprocessed\features\z_v\FAKE_T1_1025_TAI_DIS_XX__AUDIO_1025_TAI_FEA_XX_styletts.pt
FAKE_T1_1025_TIE_HAP_XX__AUDIO_1025_TIE_NEU_XX_styletts,track1,1,crema_1025,NEU,HAP,-1,1,1,1,,data\preprocessed\features\z_at\FAKE_T1_1025_TIE_HAP_XX__AUDIO_1025_TIE_NEU_XX_styletts.pt,data\preprocessed\features\z_v\FAKE_T1_1025_TIE_HAP_XX__AUDIO_1025_TIE_NEU_XX_styletts.pt
FAKE_T1_1025_TSI_ANG_XX__AUDIO_1025_TSI_DIS_XX_styletts,track1,1,crema_1025,DIS,ANG,-1,1,1,1,,data\preprocessed\features\z_at\FAKE_T1_1025_TSI_ANG_XX__AUDIO_1025_TSI_DIS_XX_styletts.pt,data\preprocessed\features\z_v\FAKE_T1_1025_TSI_ANG_XX__AUDIO_1025_TSI_DIS_XX_styletts.pt
FAKE_T1_1025_WSI_ANG_XX__AUDIO_1025_WSI_DIS_XX_styletts,track1,1,crema_1025,DIS,ANG,-1,1,1,1,,data\preprocessed\features\z_at\FAKE_T1_1025_WSI_ANG_XX__AUDIO_1025_WSI_DIS_XX_styletts.pt,data\preprocessed\features\z_v\FAKE_T1_1025_WSI_ANG_XX__AUDIO_1025_WSI_DIS_XX_styletts.pt
FAKE_T1_1025_WSI_SAD_XX__AUDIO_1025_WSI_ANG_XX_styletts,track1,1,crema_1025,ANG,SAD,-1,1,1,1,,data\preprocessed\features\z_at\FAKE_T1_1025_WSI_SAD_XX__AUDIO_1025_WSI_ANG_XX_styletts.pt,data\preprocessed\features\z_v\FAKE_T1_1025_WSI_SAD_XX__AUDIO_1025_WSI_ANG_XX_styletts.pt
FAKE_T1_1026_DFA_HAP_XX__AUDIO_1026_DFA_NEU_XX_styletts,track1,1,crema_1026,NEU,HAP,-1,1,1,1,,data\preprocessed\features\z_at\FAKE_T1_1026_DFA_HAP_XX__AUDIO_1026_DFA_NEU_XX_styletts.pt,data\preprocessed\features\z_v\FAKE_T1_1026_DFA_HAP_XX__AUDIO_1026_DFA_NEU_XX_styletts.pt
FAKE_T1_1026_IEO_ANG_LO__AUDIO_1026_IEO_DIS_LO_styletts,track1,1,crema_1026,DIS,ANG,-1,1,1,1,,data\preprocessed\features\z_at\FAKE_T1_1026_IEO_ANG_LO__AUDIO_1026_IEO_DIS_LO_styletts.pt,data\preprocessed\features\z_v\FAKE_T1_1026_IEO_ANG_LO__AUDIO_1026_IEO_DIS_LO_styletts.pt
FAKE_T1_1026_IEO_ANG_MD__AUDIO_1026_IEO_DIS_MD_styletts,track1,1,crema_1026,DIS,ANG,-1,1,1,1,,data\preprocessed\features\z_at\FAKE_T1_1026_IEO_ANG_MD__AUDIO_1026_IEO_DIS_MD_styletts.pt,data\preprocessed\features\z_v\FAKE_T1_1026_IEO_ANG_MD__AUDIO_1026_IEO_DIS_MD_styletts.pt
FAKE_T1_1026_IEO_HAP_HI__AUDIO_1026_IEO_NEU_XX_styletts,track1,1,crema_1026,NEU,HAP,-1,1,1,1,,data\preprocessed\features\z_at\FAKE_T1_1026_IEO_HAP_HI__AUDIO_1026_IEO_NEU_XX_styletts.pt,data\preprocessed\features\z_v\FAKE_T1_1026_IEO_HAP_HI__AUDIO_1026_IEO_NEU_XX_styletts.pt
FAKE_T1_1026_IEO_NEU_XX__AUDIO_1026_IEO_SAD_HI_styletts,track1,1,crema_1026,SAD,NEU,-1,1,1,1,,data\preprocessed\features\z_at\FAKE_T1_1026_IEO_NEU_XX__AUDIO_1026_IEO_SAD_HI_styletts.pt,data\preprocessed\features\z_v\FAKE_T1_1026_IEO_NEU_XX__AUDIO_1026_IEO_SAD_HI_styletts.pt
FAKE_T1_1026_ITH_ANG_XX__AUDIO_1026_ITH_DIS_XX_styletts,track1,1,crema_1026,DIS,ANG,-1,1,1,1,,data\preprocessed\features\z_at\FAKE_T1_1026_ITH_ANG_XX__AUDIO_1026_ITH_DIS_XX_styletts.pt,data\preprocessed\features\z_v\FAKE_T1_1026_ITH_ANG_XX__AUDIO_1026_ITH_DIS_XX_styletts.pt
FAKE_T1_1026_ITS_NEU_XX__AUDIO_1026_ITS_SAD_XX_styletts,track1,1,crema_1026,SAD,NEU,-1,1,1,1,,data\preprocessed\features\z_at\FAKE_T1_1026_ITS_NEU_XX__AUDIO_1026_ITS_SAD_XX_styletts.pt,data\preprocessed\features\z_v\FAKE_T1_1026_ITS_NEU_XX__AUDIO_1026_ITS_SAD_XX_styletts.pt
FAKE_T1_1026_IWL_ANG_XX__AUDIO_1026_IWL_DIS_XX_styletts,track1,1,crema_1026,DIS,ANG,-1,1,1,1,,data\preprocessed\features\z_at\FAKE_T1_1026_IWL_ANG_XX__AUDIO_1026_IWL_DIS_XX_styletts.pt,data\preprocessed\features\z_v\FAKE_T1_1026_IWL_ANG_XX__AUDIO_1026_IWL_DIS_XX_styletts.pt
FAKE_T1_1026_IWW_FEA_XX__AUDIO_1026_IWW_HAP_XX_styletts,track1,1,crema_1026,HAP,FEA,-1,1,1,1,,data\preprocessed\features\z_at\FAKE_T1_1026_IWW_FEA_XX__AUDIO_1026_IWW_HAP_XX_styletts.pt,data\preprocessed\features\z_v\FAKE_T1_1026_IWW_FEA_XX__AUDIO_1026_IWW_HAP_XX_styletts.pt
FAKE_T1_1026_MTI_FEA_XX__AUDIO_1026_MTI_HAP_XX_styletts,track1,1,crema_1026,HAP,FEA,-1,1,1,1,,data\preprocessed\features\z_at\FAKE_T1_1026_MTI_FEA_XX__AUDIO_1026_MTI_HAP_XX_styletts.pt,data\preprocessed\features\z_v\FAKE_T1_1026_MTI_FEA_XX__AUDIO_1026_MTI_HAP_XX_styletts.pt
FAKE_T1_1026_MTI_HAP_XX__AUDIO_1026_MTI_NEU_XX_styletts,track1,1,crema_1026,NEU,HAP,-1,1,1,1,,data\preprocessed\features\z_at\FAKE_T1_1026_MTI_HAP_XX__AUDIO_1026_MTI_NEU_XX_styletts.pt,data\preprocessed\features\z_v\FAKE_T1_1026_MTI_HAP_XX__AUDIO_1026_MTI_NEU_XX_styletts.pt
FAKE_T1_1026_TIE_HAP_XX__AUDIO_1026_TIE_NEU_XX_styletts,track1,1,crema_1026,NEU,HAP,-1,1,1,1,,data\preprocessed\features\z_at\FAKE_T1_1026_TIE_HAP_XX__AUDIO_1026_TIE_NEU_XX_styletts.pt,data\preprocessed\features\z_v\FAKE_T1_1026_TIE_HAP_XX__AUDIO_1026_TIE_NEU_XX_styletts.pt
FAKE_T1_1026_TSI_HAP_XX__AUDIO_1026_TSI_NEU_XX_styletts,track1,1,crema_1026,NEU,HAP,-1,1,1,1,,data\preprocessed\features\z_at\FAKE_T1_1026_TSI_HAP_XX__AUDIO_1026_TSI_NEU_XX_styletts.pt,data\preprocessed\features\z_v\FAKE_T1_1026_TSI_HAP_XX__AUDIO_1026_TSI_NEU_XX_styletts.pt
FAKE_T1_1026_WSI_DIS_XX__AUDIO_1026_WSI_FEA_XX_styletts,track1,1,crema_1026,FEA,DIS,-1,1,1,1,,data\preprocessed\features\z_at\FAKE_T1_1026_WSI_DIS_XX__AUDIO_1026_WSI_FEA_XX_styletts.pt,data\preprocessed\features\z_v\FAKE_T1_1026_WSI_DIS_XX__AUDIO_1026_WSI_FEA_XX_styletts.pt
FAKE_T1_1026_WSI_FEA_XX__AUDIO_1026_WSI_HAP_XX_styletts,track1,1,crema_1026,HAP,FEA,-1,1,1,1,,data\preprocessed\features\z_at\FAKE_T1_1026_WSI_FEA_XX__AUDIO_1026_WSI_HAP_XX_styletts.pt,data\preprocessed\features\z_v\FAKE_T1_1026_WSI_FEA_XX__AUDIO_1026_WSI_HAP_XX_styletts.pt
FAKE_T1_1026_WSI_HAP_XX__AUDIO_1026_WSI_NEU_XX_styletts,track1,1,crema_1026,NEU,HAP,-1,1,1,1,,data\preprocessed\features\z_at\FAKE_T1_1026_WSI_HAP_XX__AUDIO_1026_WSI_NEU_XX_styletts.pt,data\preprocessed\features\z_v\FAKE_T1_1026_WSI_HAP_XX__AUDIO_1026_WSI_NEU_XX_styletts.pt
FAKE_T1_1028_DFA_HAP_XX__AUDIO_1028_DFA_NEU_XX_styletts,track1,1,crema_1028,NEU,HAP,-1,1,1,1,,data\preprocessed\features\z_at\FAKE_T1_1028_DFA_HAP_XX__AUDIO_1028_DFA_NEU_XX_styletts.pt,data\preprocessed\features\z_v\FAKE_T1_1028_DFA_HAP_XX__AUDIO_1028_DFA_NEU_XX_styletts.pt
FAKE_T1_1028_IEO_ANG_MD__AUDIO_1028_IEO_DIS_MD_styletts,track1,1,crema_1028,DIS,ANG,-1,1,1,1,,data\preprocessed\features\z_at\FAKE_T1_1028_IEO_ANG_MD__AUDIO_1028_IEO_DIS_MD_styletts.pt,data\preprocessed\features\z_v\FAKE_T1_1028_IEO_ANG_MD__AUDIO_1028_IEO_DIS_MD_styletts.pt
FAKE_T1_1028_IOM_SAD_XX__AUDIO_1028_IOM_ANG_XX_styletts,track1,1,crema_1028,ANG,SAD,-1,1,1,1,,data\preprocessed\features\z_at\FAKE_T1_1028_IOM_SAD_XX__AUDIO_1028_IOM_ANG_XX_styletts.pt,data\preprocessed\features\z_v\FAKE_T1_1028_IOM_SAD_XX__AUDIO_1028_IOM_ANG_XX_styletts.pt
FAKE_T1_1028_ITH_FEA_XX__AUDIO_1028_ITH_HAP_XX_styletts,track1,1,crema_1028,HAP,FEA,-1,1,1,1,,data\preprocessed\features\z_at\FAKE_T1_1028_ITH_FEA_XX__AUDIO_1028_ITH_HAP_XX_styletts.pt,data\preprocessed\features\z_v\FAKE_T1_1028_ITH_FEA_XX__AUDIO_1028_ITH_HAP_XX_styletts.pt
FAKE_T1_1028_ITH_HAP_XX__AUDIO_1028_ITH_NEU_XX_styletts,track1,1,crema_1028,NEU,HAP,-1,1,1,1,,data\preprocessed\features\z_at\FAKE_T1_1028_ITH_HAP_XX__AUDIO_1028_ITH_NEU_XX_styletts.pt,data\preprocessed\features\z_v\FAKE_T1_1028_ITH_HAP_XX__AUDIO_1028_ITH_NEU_XX_styletts.pt
FAKE_T1_1028_ITH_SAD_XX__AUDIO_1028_ITH_ANG_XX_styletts,track1,1,crema_1028,ANG,SAD,-1,1,1,1,,data\preprocessed\features\z_at\FAKE_T1_1028_ITH_SAD_XX__AUDIO_1028_ITH_ANG_XX_styletts.pt,data\preprocessed\features\z_v\FAKE_T1_1028_ITH_SAD_XX__AUDIO_1028_ITH_ANG_XX_styletts.pt
FAKE_T1_1028_ITS_HAP_XX__AUDIO_1028_ITS_NEU_XX_styletts,track1,1,crema_1028,NEU,HAP,-1,1,1,1,,data\preprocessed\features\z_at\FAKE_T1_1028_ITS_HAP_XX__AUDIO_1028_ITS_NEU_XX_styletts.pt,data\preprocessed\features\z_v\FAKE_T1_1028_ITS_HAP_XX__AUDIO_1028_ITS_NEU_XX_styletts.pt
FAKE_T1_1028_IWL_ANG_XX__AUDIO_1028_IWL_DIS_XX_styletts,track1,1,crema_1028,DIS,ANG,-1,1,1,1,,data\preprocessed\features\z_at\FAKE_T1_1028_IWL_ANG_XX__AUDIO_1028_IWL_DIS_XX_styletts.pt,data\preprocessed\features\z_v\FAKE_T1_1028_IWL_ANG_XX__AUDIO_1028_IWL_DIS_XX_styletts.pt
FAKE_T1_1028_IWL_DIS_XX__AUDIO_1028_IWL_FEA_XX_styletts,track1,1,crema_1028,FEA,DIS,-1,1,1,1,,data\preprocessed\features\z_at\FAKE_T1_1028_IWL_DIS_XX__AUDIO_1028_IWL_FEA_XX_styletts.pt,data\preprocessed\features\z_v\FAKE_T1_1028_IWL_DIS_XX__AUDIO_1028_IWL_FEA_XX_styletts.pt
FAKE_T1_1028_MTI_ANG_XX__AUDIO_1028_MTI_DIS_XX_styletts,track1,1,crema_1028,DIS,ANG,-1,1,1,1,,data\preprocessed\features\z_at\FAKE_T1_1028_MTI_ANG_XX__AUDIO_1028_MTI_DIS_XX_styletts.pt,data\preprocessed\features\z_v\FAKE_T1_1028_MTI_ANG_XX__AUDIO_1028_MTI_DIS_XX_styletts.pt
FAKE_T1_1028_MTI_SAD_XX__AUDIO_1028_MTI_ANG_XX_styletts,track1,1,crema_1028,ANG,SAD,-1,1,1,1,,data\preprocessed\features\z_at\FAKE_T1_1028_MTI_SAD_XX__AUDIO_1028_MTI_ANG_XX_styletts.pt,data\preprocessed\features\z_v\FAKE_T1_1028_MTI_SAD_XX__AUDIO_1028_MTI_ANG_XX_styletts.pt
FAKE_T1_1028_TAI_DIS_XX__AUDIO_1028_TAI_FEA_XX_styletts,track1,1,crema_1028,FEA,DIS,-1,1,1,1,,data\preprocessed\features\z_at\FAKE_T1_1028_TAI_DIS_XX__AUDIO_1028_TAI_FEA_XX_styletts.pt,data\preprocessed\features\z_v\FAKE_T1_1028_TAI_DIS_XX__AUDIO_1028_TAI_FEA_XX_styletts.pt
FAKE_T1_1028_TAI_HAP_XX__AUDIO_1028_TAI_NEU_XX_styletts,track1,1,crema_1028,NEU,HAP,-1,1,1,1,,data\preprocessed\features\z_at\FAKE_T1_1028_TAI_HAP_XX__AUDIO_1028_TAI_NEU_XX_styletts.pt,data\preprocessed\features\z_v\FAKE_T1_1028_TAI_HAP_XX__AUDIO_1028_TAI_NEU_XX_styletts.pt
FAKE_T1_1028_TIE_FEA_XX__AUDIO_1028_TIE_HAP_XX_styletts,track1,1,crema_1028,HAP,FEA,-1,1,1,1,,data\preprocessed\features\z_at\FAKE_T1_1028_TIE_FEA_XX__AUDIO_1028_TIE_HAP_XX_styletts.pt,data\preprocessed\features\z_v\FAKE_T1_1028_TIE_FEA_XX__AUDIO_1028_TIE_HAP_XX_styletts.pt
FAKE_T1_1028_TSI_NEU_XX__AUDIO_1028_TSI_SAD_XX_styletts,track1,1,crema_1028,SAD,NEU,-1,1,1,1,,data\preprocessed\features\z_at\FAKE_T1_1028_TSI_NEU_XX__AUDIO_1028_TSI_SAD_XX_styletts.pt,data\preprocessed\features\z_v\FAKE_T1_1028_TSI_NEU_XX__AUDIO_1028_TSI_SAD_XX_styletts.pt
FAKE_T1_1028_WSI_NEU_XX__AUDIO_1028_WSI_SAD_XX_styletts,track1,1,crema_1028,SAD,NEU,-1,1,1,1,,data\preprocessed\features\z_at\FAKE_T1_1028_WSI_NEU_XX__AUDIO_1028_WSI_SAD_XX_styletts.pt,data\preprocessed\features\z_v\FAKE_T1_1028_WSI_NEU_XX__AUDIO_1028_WSI_SAD_XX_styletts.pt
FAKE_T1_1029_DFA_DIS_XX__AUDIO_1029_DFA_FEA_XX_styletts,track1,1,crema_1029,FEA,DIS,-1,1,1,1,,data\preprocessed\features\z_at\FAKE_T1_1029_DFA_DIS_XX__AUDIO_1029_DFA_FEA_XX_styletts.pt,data\preprocessed\features\z_v\FAKE_T1_1029_DFA_DIS_XX__AUDIO_1029_DFA_FEA_XX_styletts.pt
FAKE_T1_1029_DFA_FEA_XX__AUDIO_1029_DFA_HAP_XX_styletts,track1,1,crema_1029,HAP,FEA,-1,1,1,1,,data\preprocessed\features\z_at\FAKE_T1_1029_DFA_FEA_XX__AUDIO_1029_DFA_HAP_XX_styletts.pt,data\preprocessed\features\z_v\FAKE_T1_1029_DFA_FEA_XX__AUDIO_1029_DFA_HAP_XX_styletts.pt
FAKE_T1_1029_DFA_HAP_XX__AUDIO_1029_DFA_NEU_XX_styletts,track1,1,crema_1029,NEU,HAP,-1,1,1,1,,data\preprocessed\features\z_at\FAKE_T1_1029_DFA_HAP_XX__AUDIO_1029_DFA_NEU_XX_styletts.pt,data\preprocessed\features\z_v\FAKE_T1_1029_DFA_HAP_XX__AUDIO_1029_DFA_NEU_XX_styletts.pt
FAKE_T1_1029_IEO_ANG_MD__AUDIO_1029_IEO_DIS_MD_styletts,track1,1,crema_1029,DIS,ANG,-1,1,1,1,,data\preprocessed\features\z_at\FAKE_T1_1029_IEO_ANG_MD__AUDIO_1029_IEO_DIS_MD_styletts.pt,data\preprocessed\features\z_v\FAKE_T1_1029_IEO_ANG_MD__AUDIO_1029_IEO_DIS_MD_styletts.pt
FAKE_T1_1029_IOM_ANG_XX__AUDIO_1029_IOM_DIS_XX_styletts,track1,1,crema_1029,DIS,ANG,-1,1,1,1,,data\preprocessed\features\z_at\FAKE_T1_1029_IOM_ANG_XX__AUDIO_1029_IOM_DIS_XX_styletts.pt,data\preprocessed\features\z_v\FAKE_T1_1029_IOM_ANG_XX__AUDIO_1029_IOM_DIS_XX_styletts.pt
FAKE_T1_1029_ITH_HAP_XX__AUDIO_1029_ITH_NEU_XX_styletts,track1,1,crema_1029,NEU,HAP,-1,1,1,1,,data\preprocessed\features\z_at\FAKE_T1_1029_ITH_HAP_XX__AUDIO_1029_ITH_NEU_XX_styletts.pt,data\preprocessed\features\z_v\FAKE_T1_1029_ITH_HAP_XX__AUDIO_1029_ITH_NEU_XX_styletts.pt
FAKE_T1_1029_ITS_NEU_XX__AUDIO_1029_ITS_SAD_XX_styletts,track1,1,crema_1029,SAD,NEU,-1,1,1,1,,data\preprocessed\features\z_at\FAKE_T1_1029_ITS_NEU_XX__AUDIO_1029_ITS_SAD_XX_styletts.pt,data\preprocessed\features\z_v\FAKE_T1_1029_ITS_NEU_XX__AUDIO_1029_ITS_SAD_XX_styletts.pt
FAKE_T1_1029_IWL_FEA_XX__AUDIO_1029_IWL_HAP_XX_styletts,track1,1,crema_1029,HAP,FEA,-1,1,1,1,,data\preprocessed\features\z_at\FAKE_T1_1029_IWL_FEA_XX__AUDIO_1029_IWL_HAP_XX_styletts.pt,data\preprocessed\features\z_v\FAKE_T1_1029_IWL_FEA_XX__AUDIO_1029_IWL_HAP_XX_styletts.pt
FAKE_T1_1029_IWL_NEU_XX__AUDIO_1029_IWL_SAD_XX_styletts,track1,1,crema_1029,SAD,NEU,-1,1,1,1,,data\preprocessed\features\z_at\FAKE_T1_1029_IWL_NEU_XX__AUDIO_1029_IWL_SAD_XX_styletts.pt,data\preprocessed\features\z_v\FAKE_T1_1029_IWL_NEU_XX__AUDIO_1029_IWL_SAD_XX_styletts.pt
FAKE_T1_1029_IWW_DIS_XX__AUDIO_1029_IWW_FEA_XX_styletts,track1,1,crema_1029,FEA,DIS,-1,1,1,1,,data\preprocessed\features\z_at\FAKE_T1_1029_IWW_DIS_XX__AUDIO_1029_IWW_FEA_XX_styletts.pt,data\preprocessed\features\z_v\FAKE_T1_1029_IWW_DIS_XX__AUDIO_1029_IWW_FEA_XX_styletts.pt
FAKE_T1_1029_IWW_FEA_XX__AUDIO_1029_IWW_HAP_XX_styletts,track1,1,crema_1029,HAP,FEA,-1,1,1,1,,data\preprocessed\features\z_at\FAKE_T1_1029_IWW_FEA_XX__AUDIO_1029_IWW_HAP_XX_styletts.pt,data\preprocessed\features\z_v\FAKE_T1_1029_IWW_FEA_XX__AUDIO_1029_IWW_HAP_XX_styletts.pt
FAKE_T1_1029_MTI_ANG_XX__AUDIO_1029_MTI_DIS_XX_styletts,track1,1,crema_1029,DIS,ANG,-1,1,1,1,,data\preprocessed\features\z_at\FAKE_T1_1029_MTI_ANG_XX__AUDIO_1029_MTI_DIS_XX_styletts.pt,data\preprocessed\features\z_v\FAKE_T1_1029_MTI_ANG_XX__AUDIO_1029_MTI_DIS_XX_styletts.pt
FAKE_T1_1029_MTI_FEA_XX__AUDIO_1029_MTI_HAP_XX_styletts,track1,1,crema_1029,HAP,FEA,-1,1,1,1,,data\preprocessed\features\z_at\FAKE_T1_1029_MTI_FEA_XX__AUDIO_1029_MTI_HAP_XX_styletts.pt,data\preprocessed\features\z_v\FAKE_T1_1029_MTI_FEA_XX__AUDIO_1029_MTI_HAP_XX_styletts.pt
FAKE_T1_1029_TAI_DIS_XX__AUDIO_1029_TAI_FEA_XX_styletts,track1,1,crema_1029,FEA,DIS,-1,1,1,1,,data\preprocessed\features\z_at\FAKE_T1_1029_TAI_DIS_XX__AUDIO_1029_TAI_FEA_XX_styletts.pt,data\preprocessed\features\z_v\FAKE_T1_1029_TAI_DIS_XX__AUDIO_1029_TAI_FEA_XX_styletts.pt
FAKE_T1_1029_TAI_FEA_XX__AUDIO_1029_TAI_HAP_XX_styletts,track1,1,crema_1029,HAP,FEA,-1,1,1,1,,data\preprocessed\features\z_at\FAKE_T1_1029_TAI_FEA_XX__AUDIO_1029_TAI_HAP_XX_styletts.pt,data\preprocessed\features\z_v\FAKE_T1_1029_TAI_FEA_XX__AUDIO_1029_TAI_HAP_XX_styletts.pt
FAKE_T1_1029_TIE_DIS_XX__AUDIO_1029_TIE_FEA_XX_styletts,track1,1,crema_1029,FEA,DIS,-1,1,1,1,,data\preprocessed\features\z_at\FAKE_T1_1029_TIE_DIS_XX__AUDIO_1029_TIE_FEA_XX_styletts.pt,data\preprocessed\features\z_v\FAKE_T1_1029_TIE_DIS_XX__AUDIO_1029_TIE_FEA_XX_styletts.pt
FAKE_T1_1030_DFA_SAD_XX__AUDIO_1030_DFA_ANG_XX_styletts,track1,1,crema_1030,ANG,SAD,-1,1,1,1,,data\preprocessed\features\z_at\FAKE_T1_1030_DFA_SAD_XX__AUDIO_1030_DFA_ANG_XX_styletts.pt,data\preprocessed\features\z_v\FAKE_T1_1030_DFA_SAD_XX__AUDIO_1030_DFA_ANG_XX_styletts.pt
FAKE_T1_1030_IEO_DIS_LO__AUDIO_1030_IEO_FEA_LO_styletts,track1,1,crema_1030,FEA,DIS,-1,1,1,1,,data\preprocessed\features\z_at\FAKE_T1_1030_IEO_DIS_LO__AUDIO_1030_IEO_FEA_LO_styletts.pt,data\preprocessed\features\z_v\FAKE_T1_1030_IEO_DIS_LO__AUDIO_1030_IEO_FEA_LO_styletts.pt
FAKE_T1_1030_IEO_FEA_HI__AUDIO_1030_IEO_HAP_HI_styletts,track1,1,crema_1030,HAP,FEA,-1,1,1,1,,data\preprocessed\features\z_at\FAKE_T1_1030_IEO_FEA_HI__AUDIO_1030_IEO_HAP_HI_styletts.pt,data\preprocessed\features\z_v\FAKE_T1_1030_IEO_FEA_HI__AUDIO_1030_IEO_HAP_HI_styletts.pt
FAKE_T1_1030_IEO_SAD_HI__AUDIO_1030_IEO_ANG_HI_styletts,track1,1,crema_1030,ANG,SAD,-1,1,1,1,,data\preprocessed\features\z_at\FAKE_T1_1030_IEO_SAD_HI__AUDIO_1030_IEO_ANG_HI_styletts.pt,data\preprocessed\features\z_v\FAKE_T1_1030_IEO_SAD_HI__AUDIO_1030_IEO_ANG_HI_styletts.pt
FAKE_T1_1030_ITS_DIS_XX__AUDIO_1030_ITS_FEA_XX_styletts,track1,1,crema_1030,FEA,DIS,-1,1,1,1,,data\preprocessed\features\z_at\FAKE_T1_1030_ITS_DIS_XX__AUDIO_1030_ITS_FEA_XX_styletts.pt,data\preprocessed\features\z_v\FAKE_T1_1030_ITS_DIS_XX__AUDIO_1030_ITS_FEA_XX_styletts.pt
FAKE_T1_1030_IWL_SAD_XX__AUDIO_1030_IWL_ANG_XX_styletts,track1,1,crema_1030,ANG,SAD,-1,1,1,1,,data\preprocessed\features\z_at\FAKE_T1_1030_IWL_SAD_XX__AUDIO_1030_IWL_ANG_XX_styletts.pt,data\preprocessed\features\z_v\FAKE_T1_1030_IWL_SAD_XX__AUDIO_1030_IWL_ANG_XX_styletts.pt
FAKE_T1_1030_IWW_ANG_XX__AUDIO_1030_IWW_DIS_XX_styletts,track1,1,crema_1030,DIS,ANG,-1,1,1,1,,data\preprocessed\features\z_at\FAKE_T1_1030_IWW_ANG_XX__AUDIO_1030_IWW_DIS_XX_styletts.pt,data\preprocessed\features\z_v\FAKE_T1_1030_IWW_ANG_XX__AUDIO_1030_IWW_DIS_XX_styletts.pt
FAKE_T1_1030_IWW_DIS_XX__AUDIO_1030_IWW_FEA_XX_styletts,track1,1,crema_1030,FEA,DIS,-1,1,1,1,,data\preprocessed\features\z_at\FAKE_T1_1030_IWW_DIS_XX__AUDIO_1030_IWW_FEA_XX_styletts.pt,data\preprocessed\features\z_v\FAKE_T1_1030_IWW_DIS_XX__AUDIO_1030_IWW_FEA_XX_styletts.pt
FAKE_T1_1030_IWW_HAP_XX__AUDIO_1030_IWW_NEU_XX_styletts,track1,1,crema_1030,NEU,HAP,-1,1,1,1,,data\preprocessed\features\z_at\FAKE_T1_1030_IWW_HAP_XX__AUDIO_1030_IWW_NEU_XX_styletts.pt,data\preprocessed\features\z_v\FAKE_T1_1030_IWW_HAP_XX__AUDIO_1030_IWW_NEU_XX_styletts.pt
FAKE_T1_1030_IWW_SAD_XX__AUDIO_1030_IWW_ANG_XX_styletts,track1,1,crema_1030,ANG,SAD,-1,1,1,1,,data\preprocessed\features\z_at\FAKE_T1_1030_IWW_SAD_XX__AUDIO_1030_IWW_ANG_XX_styletts.pt,data\preprocessed\features\z_v\FAKE_T1_1030_IWW_SAD_XX__AUDIO_1030_IWW_ANG_XX_styletts.pt
FAKE_T1_1030_MTI_FEA_XX__AUDIO_1030_MTI_HAP_XX_styletts,track1,1,crema_1030,HAP,FEA,-1,1,1,1,,data\preprocessed\features\z_at\FAKE_T1_1030_MTI_FEA_XX__AUDIO_1030_MTI_HAP_XX_styletts.pt,data\preprocessed\features\z_v\FAKE_T1_1030_MTI_FEA_XX__AUDIO_1030_MTI_HAP_XX_styletts.pt
FAKE_T1_1030_MTI_HAP_XX__AUDIO_1030_MTI_NEU_XX_styletts,track1,1,crema_1030,NEU,HAP,-1,1,1,1,,data\preprocessed\features\z_at\FAKE_T1_1030_MTI_HAP_XX__AUDIO_1030_MTI_NEU_XX_styletts.pt,data\preprocessed\features\z_v\FAKE_T1_1030_MTI_HAP_XX__AUDIO_1030_MTI_NEU_XX_styletts.pt
FAKE_T1_1030_TAI_HAP_XX__AUDIO_1030_TAI_NEU_XX_styletts,track1,1,crema_1030,NEU,HAP,-1,1,1,1,,data\preprocessed\features\z_at\FAKE_T1_1030_TAI_HAP_XX__AUDIO_1030_TAI_NEU_XX_styletts.pt,data\preprocessed\features\z_v\FAKE_T1_1030_TAI_HAP_XX__AUDIO_1030_TAI_NEU_XX_styletts.pt
FAKE_T1_1030_TIE_DIS_XX__AUDIO_1030_TIE_FEA_XX_styletts,track1,1,crema_1030,FEA,DIS,-1,1,1,1,,data\preprocessed\features\z_at\FAKE_T1_1030_TIE_DIS_XX__AUDIO_1030_TIE_FEA_XX_styletts.pt,data\preprocessed\features\z_v\FAKE_T1_1030_TIE_DIS_XX__AUDIO_1030_TIE_FEA_XX_styletts.pt
FAKE_T1_1030_TIE_NEU_XX__AUDIO_1030_TIE_SAD_XX_styletts,track1,1,crema_1030,SAD,NEU,-1,1,1,1,,data\preprocessed\features\z_at\FAKE_T1_1030_TIE_NEU_XX__AUDIO_1030_TIE_SAD_XX_styletts.pt,data\preprocessed\features\z_v\FAKE_T1_1030_TIE_NEU_XX__AUDIO_1030_TIE_SAD_XX_styletts.pt
FAKE_T1_1030_WSI_FEA_XX__AUDIO_1030_WSI_HAP_XX_styletts,track1,1,crema_1030,HAP,FEA,-1,1,1,1,,data\preprocessed\features\z_at\FAKE_T1_1030_WSI_FEA_XX__AUDIO_1030_WSI_HAP_XX_styletts.pt,data\preprocessed\features\z_v\FAKE_T1_1030_WSI_FEA_XX__AUDIO_1030_WSI_HAP_XX_styletts.pt
FAKE_T1_1031_IEO_DIS_LO__AUDIO_1031_IEO_FEA_LO_styletts,track1,1,crema_1031,FEA,DIS,-1,1,1,1,,data\preprocessed\features\z_at\FAKE_T1_1031_IEO_DIS_LO__AUDIO_1031_IEO_FEA_LO_styletts.pt,data\preprocessed\features\z_v\FAKE_T1_1031_IEO_DIS_LO__AUDIO_1031_IEO_FEA_LO_styletts.pt
FAKE_T1_1031_IEO_FEA_MD__AUDIO_1031_IEO_HAP_MD_styletts,track1,1,crema_1031,HAP,FEA,-1,1,1,1,,data\preprocessed\features\z_at\FAKE_T1_1031_IEO_FEA_MD__AUDIO_1031_IEO_HAP_MD_styletts.pt,data\preprocessed\features\z_v\FAKE_T1_1031_IEO_FEA_MD__AUDIO_1031_IEO_HAP_MD_styletts.pt
FAKE_T1_1031_IEO_HAP_MD__AUDIO_1031_IEO_NEU_XX_styletts,track1,1,crema_1031,NEU,HAP,-1,1,1,1,,data\preprocessed\features\z_at\FAKE_T1_1031_IEO_HAP_MD__AUDIO_1031_IEO_NEU_XX_styletts.pt,data\preprocessed\features\z_v\FAKE_T1_1031_IEO_HAP_MD__AUDIO_1031_IEO_NEU_XX_styletts.pt
