clip_id,source_pipeline,fake_label,speaker_id,audio_emotion,visual_emotion,sarcasm_label,has_z_at,has_z_v,is_ready_for_training,video_path,z_at_path,z_v_path
FAKE_T1_1065_ITH_ANG_XX__AUDIO_1065_ITH_DIS_XX_styletts,track1,1,crema_1065,DIS,ANG,-1,1,1,1,,data\preprocessed\features\z_at\FAKE_T1_1065_ITH_ANG_XX__AUDIO_1065_ITH_DIS_XX_styletts.pt,data\preprocessed\features\z_v\FAKE_T1_1065_ITH_ANG_XX__AUDIO_1065_ITH_DIS_XX_styletts.pt
FAKE_T1_1065_ITH_DIS_XX__AUDIO_1065_ITH_FEA_XX_styletts,track1,1,crema_1065,FEA,DIS,-1,1,1,1,,data\preprocessed\features\z_at\FAKE_T1_1065_ITH_DIS_XX__AUDIO_1065_ITH_FEA_XX_styletts.pt,data\preprocessed\features\z_v\FAKE_T1_1065_ITH_DIS_XX__AUDIO_1065_ITH_FEA_XX_styletts.pt
FAKE_T1_1065_ITH_NEU_XX__AUDIO_1065_ITH_SAD_XX_styletts,track1,1,crema_1065,SAD,NEU,-1,1,1,1,,data\preprocessed\features\z_at\FAKE_T1_1065_ITH_NEU_XX__AUDIO_1065_ITH_SAD_XX_styletts.pt,data\preprocessed\features\z_v\FAKE_T1_1065_ITH_NEU_XX__AUDIO_1065_ITH_SAD_XX_styletts.pt
FAKE_T1_1065_ITH_SAD_XX__AUDIO_1065_ITH_ANG_XX_styletts,track1,1,crema_1065,ANG,SAD,-1,1,1,1,,data\preprocessed\features\z_at\FAKE_T1_1065_ITH_SAD_XX__AUDIO_1065_ITH_ANG_XX_styletts.pt,data\preprocessed\features\z_v\FAKE_T1_1065_ITH_SAD_XX__AUDIO_1065_ITH_ANG_XX_styletts.pt
FAKE_T1_1065_ITS_DIS_XX__AUDIO_1065_ITS_FEA_XX_styletts,track1,1,crema_1065,FEA,DIS,-1,1,1,1,,data\preprocessed\features\z_at\FAKE_T1_1065_ITS_DIS_XX__AUDIO_1065_ITS_FEA_XX_styletts.pt,data\preprocessed\features\z_v\FAKE_T1_1065_ITS_DIS_XX__AUDIO_1065_ITS_FEA_XX_styletts.pt
FAKE_T1_1065_IWW_NEU_XX__AUDIO_1065_IWW_SAD_XX_styletts,track1,1,crema_1065,SAD,NEU,-1,1,1,1,,data\preprocessed\features\z_at\FAKE_T1_1065_IWW_NEU_XX__AUDIO_1065_IWW_SAD_XX_styletts.pt,data\preprocessed\features\z_v\FAKE_T1_1065_IWW_NEU_XX__AUDIO_1065_IWW_SAD_XX_styletts.pt
FAKE_T1_1065_IWW_SAD_XX__AUDIO_1065_IWW_ANG_XX_styletts,track1,1,crema_1065,ANG,SAD,-1,1,1,1,,data\preprocessed\features\z_at\FAKE_T1_1065_IWW_SAD_XX__AUDIO_1065_IWW_ANG_XX_styletts.pt,data\preprocessed\features\z_v\FAKE_T1_1065_IWW_SAD_XX__AUDIO_1065_IWW_ANG_XX_styletts.pt
FAKE_T1_1065_TAI_NEU_XX__AUDIO_1065_TAI_SAD_XX_styletts,track1,1,crema_1065,SAD,NEU,-1,1,1,1,,data\preprocessed\features\z_at\FAKE_T1_1065_TAI_NEU_XX__AUDIO_1065_TAI_SAD_XX_styletts.pt,data\preprocessed\features\z_v\FAKE_T1_1065_TAI_NEU_XX__AUDIO_1065_TAI_SAD_XX_styletts.pt
FAKE_T1_1065_TAI_SAD_XX__AUDIO_1065_TAI_ANG_XX_styletts,track1,1,crema_1065,ANG,SAD,-1,1,1,1,,data\preprocessed\features\z_at\FAKE_T1_1065_TAI_SAD_XX__AUDIO_1065_TAI_ANG_XX_styletts.pt,data\preprocessed\features\z_v\FAKE_T1_1065_TAI_SAD_XX__AUDIO_1065_TAI_ANG_XX_styletts.pt
FAKE_T1_1065_TIE_NEU_XX__AUDIO_1065_TIE_SAD_XX_styletts,track1,1,crema_1065,SAD,NEU,-1,1,1,1,,data\preprocessed\features\z_at\FAKE_T1_1065_TIE_NEU_XX__AUDIO_1065_TIE_SAD_XX_styletts.pt,data\preprocessed\features\z_v\FAKE_T1_1065_TIE_NEU_XX__AUDIO_1065_TIE_SAD_XX_styletts.pt
FAKE_T1_1065_TSI_ANG_XX__AUDIO_1065_TSI_DIS_XX_styletts,track1,1,crema_1065,DIS,ANG,-1,1,1,1,,data\preprocessed\features\z_at\FAKE_T1_1065_TSI_ANG_XX__AUDIO_1065_TSI_DIS_XX_styletts.pt,data\preprocessed\features\z_v\FAKE_T1_1065_TSI_ANG_XX__AUDIO_1065_TSI_DIS_XX_styletts.pt
FAKE_T1_1065_WSI_ANG_XX__AUDIO_1065_WSI_DIS_XX_styletts,track1,1,crema_1065,DIS,ANG,-1,1,1,1,,data\preprocessed\features\z_at\FAKE_T1_1065_WSI_ANG_XX__AUDIO_1065_WSI_DIS_XX_styletts.pt,data\preprocessed\features\z_v\FAKE_T1_1065_WSI_ANG_XX__AUDIO_1065_WSI_DIS_XX_styletts.pt
FAKE_T1_1065_WSI_DIS_XX__AUDIO_1065_WSI_FEA_XX,track1,1,crema_1065,FEA,DIS,-1,1,1,1,,data\preprocessed\features\z_at\FAKE_T1_1065_WSI_DIS_XX__AUDIO_1065_WSI_FEA_XX.pt,data\preprocessed\features\z_v\FAKE_T1_1065_WSI_DIS_XX__AUDIO_1065_WSI_FEA_XX.pt
FAKE_T1_1066_DFA_FEA_XX__AUDIO_1066_DFA_HAP_XX_styletts,track1,1,crema_1066,HAP,FEA,-1,1,1,1,,data\preprocessed\features\z_at\FAKE_T1_1066_DFA_FEA_XX__AUDIO_1066_DFA_HAP_XX_styletts.pt,data\preprocessed\features\z_v\FAKE_T1_1066_DFA_FEA_XX__AUDIO_1066_DFA_HAP_XX_styletts.pt
FAKE_T1_1066_DFA_HAP_XX__AUDIO_1066_DFA_NEU_XX_styletts,track1,1,crema_1066,NEU,HAP,-1,1,1,1,,data\preprocessed\features\z_at\FAKE_T1_1066_DFA_HAP_XX__AUDIO_1066_DFA_NEU_XX_styletts.pt,data\preprocessed\features\z_v\FAKE_T1_1066_DFA_HAP_XX__AUDIO_1066_DFA_NEU_XX_styletts.pt
FAKE_T1_1066_IEO_DIS_MD__AUDIO_1066_IEO_FEA_MD_styletts,track1,1,crema_1066,FEA,DIS,-1,1,1,1,,data\preprocessed\features\z_at\FAKE_T1_1066_IEO_DIS_MD__AUDIO_1066_IEO_FEA_MD_styletts.pt,data\preprocessed\features\z_v\FAKE_T1_1066_IEO_DIS_MD__AUDIO_1066_IEO_FEA_MD_styletts.pt
FAKE_T1_1066_IEO_FEA_HI__AUDIO_1066_IEO_HAP_HI_styletts,track1,1,crema_1066,HAP,FEA,-1,1,1,1,,data\preprocessed\features\z_at\FAKE_T1_1066_IEO_FEA_HI__AUDIO_1066_IEO_HAP_HI_styletts.pt,data\preprocessed\features\z_v\FAKE_T1_1066_IEO_FEA_HI__AUDIO_1066_IEO_HAP_HI_styletts.pt
FAKE_T1_1066_IOM_HAP_XX__AUDIO_1066_IOM_NEU_XX_styletts,track1,1,crema_1066,NEU,HAP,-1,1,1,1,,data\preprocessed\features\z_at\FAKE_T1_1066_IOM_HAP_XX__AUDIO_1066_IOM_NEU_XX_styletts.pt,data\preprocessed\features\z_v\FAKE_T1_1066_IOM_HAP_XX__AUDIO_1066_IOM_NEU_XX_styletts.pt
FAKE_T1_1066_IWL_DIS_XX__AUDIO_1066_IWL_FEA_XX_styletts,track1,1,crema_1066,FEA,DIS,-1,1,1,1,,data\preprocessed\features\z_at\FAKE_T1_1066_IWL_DIS_XX__AUDIO_1066_IWL_FEA_XX_styletts.pt,data\preprocessed\features\z_v\FAKE_T1_1066_IWL_DIS_XX__AUDIO_1066_IWL_FEA_XX_styletts.pt
FAKE_T1_1066_IWL_FEA_XX__AUDIO_1066_IWL_HAP_XX_styletts,track1,1,crema_1066,HAP,FEA,-1,1,1,1,,data\preprocessed\features\z_at\FAKE_T1_1066_IWL_FEA_XX__AUDIO_1066_IWL_HAP_XX_styletts.pt,data\preprocessed\features\z_v\FAKE_T1_1066_IWL_FEA_XX__AUDIO_1066_IWL_HAP_XX_styletts.pt
FAKE_T1_1066_IWW_DIS_XX__AUDIO_1066_IWW_FEA_XX_styletts,track1,1,crema_1066,FEA,DIS,-1,1,1,1,,data\preprocessed\features\z_at\FAKE_T1_1066_IWW_DIS_XX__AUDIO_1066_IWW_FEA_XX_styletts.pt,data\preprocessed\features\z_v\FAKE_T1_1066_IWW_DIS_XX__AUDIO_1066_IWW_FEA_XX_styletts.pt
FAKE_T1_1066_IWW_FEA_XX__AUDIO_1066_IWW_HAP_XX_styletts,track1,1,crema_1066,HAP,FEA,-1,1,1,1,,data\preprocessed\features\z_at\FAKE_T1_1066_IWW_FEA_XX__AUDIO_1066_IWW_HAP_XX_styletts.pt,data\preprocessed\features\z_v\FAKE_T1_1066_IWW_FEA_XX__AUDIO_1066_IWW_HAP_XX_styletts.pt
FAKE_T1_1066_IWW_NEU_XX__AUDIO_1066_IWW_SAD_XX_styletts,track1,1,crema_1066,SAD,NEU,-1,1,1,1,,data\preprocessed\features\z_at\FAKE_T1_1066_IWW_NEU_XX__AUDIO_1066_IWW_SAD_XX_styletts.pt,data\preprocessed\features\z_v\FAKE_T1_1066_IWW_NEU_XX__AUDIO_1066_IWW_SAD_XX_styletts.pt
FAKE_T1_1066_TAI_DIS_XX__AUDIO_1066_TAI_FEA_XX_styletts,track1,1,crema_1066,FEA,DIS,-1,1,1,1,,data\preprocessed\features\z_at\FAKE_T1_1066_TAI_DIS_XX__AUDIO_1066_TAI_FEA_XX_styletts.pt,data\preprocessed\features\z_v\FAKE_T1_1066_TAI_DIS_XX__AUDIO_1066_TAI_FEA_XX_styletts.pt
FAKE_T1_1066_TIE_SAD_XX__AUDIO_1066_TIE_ANG_XX_styletts,track1,1,crema_1066,ANG,SAD,-1,1,1,1,,data\preprocessed\features\z_at\FAKE_T1_1066_TIE_SAD_XX__AUDIO_1066_TIE_ANG_XX_styletts.pt,data\preprocessed\features\z_v\FAKE_T1_1066_TIE_SAD_XX__AUDIO_1066_TIE_ANG_XX_styletts.pt
FAKE_T1_1066_TSI_NEU_XX__AUDIO_1066_TSI_SAD_XX_styletts,track1,1,crema_1066,SAD,NEU,-1,1,1,1,,data\preprocessed\features\z_at\FAKE_T1_1066_TSI_NEU_XX__AUDIO_1066_TSI_SAD_XX_styletts.pt,data\preprocessed\features\z_v\FAKE_T1_1066_TSI_NEU_XX__AUDIO_1066_TSI_SAD_XX_styletts.pt
FAKE_T1_1066_TSI_SAD_XX__AUDIO_1066_TSI_ANG_XX_styletts,track1,1,crema_1066,ANG,SAD,-1,1,1,1,,data\preprocessed\features\z_at\FAKE_T1_1066_TSI_SAD_XX__AUDIO_1066_TSI_ANG_XX_styletts.pt,data\preprocessed\features\z_v\FAKE_T1_1066_TSI_SAD_XX__AUDIO_1066_TSI_ANG_XX_styletts.pt
FAKE_T1_1066_WSI_DIS_XX__AUDIO_1066_WSI_FEA_XX_styletts,track1,1,crema_1066,FEA,DIS,-1,1,1,1,,data\preprocessed\features\z_at\FAKE_T1_1066_WSI_DIS_XX__AUDIO_1066_WSI_FEA_XX_styletts.pt,data\preprocessed\features\z_v\FAKE_T1_1066_WSI_DIS_XX__AUDIO_1066_WSI_FEA_XX_styletts.pt
FAKE_T1_1066_WSI_FEA_XX__AUDIO_1066_WSI_HAP_XX_styletts,track1,1,crema_1066,HAP,FEA,-1,1,1,1,,data\preprocessed\features\z_at\FAKE_T1_1066_WSI_FEA_XX__AUDIO_1066_WSI_HAP_XX_styletts.pt,data\preprocessed\features\z_v\FAKE_T1_1066_WSI_FEA_XX__AUDIO_1066_WSI_HAP_XX_styletts.pt
FAKE_T1_1069_IEO_ANG_HI__AUDIO_1069_IEO_DIS_HI_styletts,track1,1,crema_1069,DIS,ANG,-1,1,1,1,,data\preprocessed\features\z_at\FAKE_T1_1069_IEO_ANG_HI__AUDIO_1069_IEO_DIS_HI_styletts.pt,data\preprocessed\features\z_v\FAKE_T1_1069_IEO_ANG_HI__AUDIO_1069_IEO_DIS_HI_styletts.pt
FAKE_T1_1069_IEO_DIS_HI__AUDIO_1069_IEO_FEA_HI_styletts,track1,1,crema_1069,FEA,DIS,-1,1,1,1,,data\preprocessed\features\z_at\FAKE_T1_1069_IEO_DIS_HI__AUDIO_1069_IEO_FEA_HI_styletts.pt,data\preprocessed\features\z_v\FAKE_T1_1069_IEO_DIS_HI__AUDIO_1069_IEO_FEA_HI_styletts.pt
FAKE_T1_1069_IEO_FEA_MD__AUDIO_1069_IEO_HAP_MD_styletts,track1,1,crema_1069,HAP,FEA,-1,1,1,1,,data\preprocessed\features\z_at\FAKE_T1_1069_IEO_FEA_MD__AUDIO_1069_IEO_HAP_MD_styletts.pt,data\preprocessed\features\z_v\FAKE_T1_1069_IEO_FEA_MD__AUDIO_1069_IEO_HAP_MD_styletts.pt
FAKE_T1_1069_IEO_HAP_MD__AUDIO_1069_IEO_NEU_XX_styletts,track1,1,crema_1069,NEU,HAP,-1,1,1,1,,data\preprocessed\features\z_at\FAKE_T1_1069_IEO_HAP_MD__AUDIO_1069_IEO_NEU_XX_styletts.pt,data\preprocessed\features\z_v\FAKE_T1_1069_IEO_HAP_MD__AUDIO_1069_IEO_NEU_XX_styletts.pt
FAKE_T1_1069_IEO_SAD_LO__AUDIO_1069_IEO_ANG_LO_styletts,track1,1,crema_1069,ANG,SAD,-1,1,1,1,,data\preprocessed\features\z_at\FAKE_T1_1069_IEO_SAD_LO__AUDIO_1069_IEO_ANG_LO_styletts.pt,data\preprocessed\features\z_v\FAKE_T1_1069_IEO_SAD_LO__AUDIO_1069_IEO_ANG_LO_styletts.pt
FAKE_T1_1069_IOM_DIS_XX__AUDIO_1069_IOM_FEA_XX_styletts,track1,1,crema_1069,FEA,DIS,-1,1,1,1,,data\preprocessed\features\z_at\FAKE_T1_1069_IOM_DIS_XX__AUDIO_1069_IOM_FEA_XX_styletts.pt,data\preprocessed\features\z_v\FAKE_T1_1069_IOM_DIS_XX__AUDIO_1069_IOM_FEA_XX_styletts.pt
FAKE_T1_1069_ITH_ANG_XX__AUDIO_1069_ITH_DIS_XX_styletts,track1,1,crema_1069,DIS,ANG,-1,1,1,1,,data\preprocessed\features\z_at\FAKE_T1_1069_ITH_ANG_XX__AUDIO_1069_ITH_DIS_XX_styletts.pt,data\preprocessed\features\z_v\FAKE_T1_1069_ITH_ANG_XX__AUDIO_1069_ITH_DIS_XX_styletts.pt
FAKE_T1_1069_ITS_HAP_XX__AUDIO_1069_ITS_NEU_XX_styletts,track1,1,crema_1069,NEU,HAP,-1,1,1,1,,data\preprocessed\features\z_at\FAKE_T1_1069_ITS_HAP_XX__AUDIO_1069_ITS_NEU_XX_styletts.pt,data\preprocessed\features\z_v\FAKE_T1_1069_ITS_HAP_XX__AUDIO_1069_ITS_NEU_XX_styletts.pt
FAKE_T1_1069_IWL_SAD_XX__AUDIO_1069_IWL_ANG_XX_styletts,track1,1,crema_1069,ANG,SAD,-1,1,1,1,,data\preprocessed\features\z_at\FAKE_T1_1069_IWL_SAD_XX__AUDIO_1069_IWL_ANG_XX_styletts.pt,data\preprocessed\features\z_v\FAKE_T1_1069_IWL_SAD_XX__AUDIO_1069_IWL_ANG_XX_styletts.pt
FAKE_T1_1069_IWW_DIS_XX__AUDIO_1069_IWW_FEA_XX_styletts,track1,1,crema_1069,FEA,DIS,-1,1,1,1,,data\preprocessed\features\z_at\FAKE_T1_1069_IWW_DIS_XX__AUDIO_1069_IWW_FEA_XX_styletts.pt,data\preprocessed\features\z_v\FAKE_T1_1069_IWW_DIS_XX__AUDIO_1069_IWW_FEA_XX_styletts.pt
FAKE_T1_1069_IWW_FEA_XX__AUDIO_1069_IWW_HAP_XX_styletts,track1,1,crema_1069,HAP,FEA,-1,1,1,1,,data\preprocessed\features\z_at\FAKE_T1_1069_IWW_FEA_XX__AUDIO_1069_IWW_HAP_XX_styletts.pt,data\preprocessed\features\z_v\FAKE_T1_1069_IWW_FEA_XX__AUDIO_1069_IWW_HAP_XX_styletts.pt
FAKE_T1_1069_IWW_NEU_XX__AUDIO_1069_IWW_SAD_XX_styletts,track1,1,crema_1069,SAD,NEU,-1,1,1,1,,data\preprocessed\features\z_at\FAKE_T1_1069_IWW_NEU_XX__AUDIO_1069_IWW_SAD_XX_styletts.pt,data\preprocessed\features\z_v\FAKE_T1_1069_IWW_NEU_XX__AUDIO_1069_IWW_SAD_XX_styletts.pt
FAKE_T1_1069_TAI_SAD_XX__AUDIO_1069_TAI_ANG_XX_styletts,track1,1,crema_1069,ANG,SAD,-1,1,1,1,,data\preprocessed\features\z_at\FAKE_T1_1069_TAI_SAD_XX__AUDIO_1069_TAI_ANG_XX_styletts.pt,data\preprocessed\features\z_v\FAKE_T1_1069_TAI_SAD_XX__AUDIO_1069_TAI_ANG_XX_styletts.pt
FAKE_T1_1069_TIE_HAP_XX__AUDIO_1069_TIE_NEU_XX_styletts,track1,1,crema_1069,NEU,HAP,-1,1,1,1,,data\preprocessed\features\z_at\FAKE_T1_1069_TIE_HAP_XX__AUDIO_1069_TIE_NEU_XX_styletts.pt,data\preprocessed\features\z_v\FAKE_T1_1069_TIE_HAP_XX__AUDIO_1069_TIE_NEU_XX_styletts.pt
FAKE_T1_1069_TIE_SAD_XX__AUDIO_1069_TIE_ANG_XX_styletts,track1,1,crema_1069,ANG,SAD,-1,1,1,1,,data\preprocessed\features\z_at\FAKE_T1_1069_TIE_SAD_XX__AUDIO_1069_TIE_ANG_XX_styletts.pt,data\preprocessed\features\z_v\FAKE_T1_1069_TIE_SAD_XX__AUDIO_1069_TIE_ANG_XX_styletts.pt
FAKE_T1_1069_WSI_HAP_XX__AUDIO_1069_WSI_NEU_XX_styletts,track1,1,crema_1069,NEU,HAP,-1,1,1,1,,data\preprocessed\features\z_at\FAKE_T1_1069_WSI_HAP_XX__AUDIO_1069_WSI_NEU_XX_styletts.pt,data\preprocessed\features\z_v\FAKE_T1_1069_WSI_HAP_XX__AUDIO_1069_WSI_NEU_XX_styletts.pt
FAKE_T1_1070_DFA_FEA_XX__AUDIO_1070_DFA_HAP_XX_styletts,track1,1,crema_1070,HAP,FEA,-1,1,1,1,,data\preprocessed\features\z_at\FAKE_T1_1070_DFA_FEA_XX__AUDIO_1070_DFA_HAP_XX_styletts.pt,data\preprocessed\features\z_v\FAKE_T1_1070_DFA_FEA_XX__AUDIO_1070_DFA_HAP_XX_styletts.pt
FAKE_T1_1070_DFA_HAP_XX__AUDIO_1070_DFA_NEU_XX_styletts,track1,1,crema_1070,NEU,HAP,-1,1,1,1,,data\preprocessed\features\z_at\FAKE_T1_1070_DFA_HAP_XX__AUDIO_1070_DFA_NEU_XX_styletts.pt,data\preprocessed\features\z_v\FAKE_T1_1070_DFA_HAP_XX__AUDIO_1070_DFA_NEU_XX_styletts.pt
FAKE_T1_1070_DFA_NEU_XX__AUDIO_1070_DFA_SAD_XX_styletts,track1,1,crema_1070,SAD,NEU,-1,1,1,1,,data\preprocessed\features\z_at\FAKE_T1_1070_DFA_NEU_XX__AUDIO_1070_DFA_SAD_XX_styletts.pt,data\preprocessed\features\z_v\FAKE_T1_1070_DFA_NEU_XX__AUDIO_1070_DFA_SAD_XX_styletts.pt
FAKE_T1_1070_ITH_FEA_XX__AUDIO_1070_ITH_HAP_XX_styletts,track1,1,crema_1070,HAP,FEA,-1,1,1,1,,data\preprocessed\features\z_at\FAKE_T1_1070_ITH_FEA_XX__AUDIO_1070_ITH_HAP_XX_styletts.pt,data\preprocessed\features\z_v\FAKE_T1_1070_ITH_FEA_XX__AUDIO_1070_ITH_HAP_XX_styletts.pt
FAKE_T1_1070_ITS_DIS_XX__AUDIO_1070_ITS_FEA_XX_styletts,track1,1,crema_1070,FEA,DIS,-1,1,1,1,,data\preprocessed\features\z_at\FAKE_T1_1070_ITS_DIS_XX__AUDIO_1070_ITS_FEA_XX_styletts.pt,data\preprocessed\features\z_v\FAKE_T1_1070_ITS_DIS_XX__AUDIO_1070_ITS_FEA_XX_styletts.pt
FAKE_T1_1070_ITS_FEA_XX__AUDIO_1070_ITS_HAP_XX_styletts,track1,1,crema_1070,HAP,FEA,-1,1,1,1,,data\preprocessed\features\z_at\FAKE_T1_1070_ITS_FEA_XX__AUDIO_1070_ITS_HAP_XX_styletts.pt,data\preprocessed\features\z_v\FAKE_T1_1070_ITS_FEA_XX__AUDIO_1070_ITS_HAP_XX_styletts.pt
FAKE_T1_1070_ITS_NEU_XX__AUDIO_1070_ITS_SAD_XX_styletts,track1,1,crema_1070,SAD,NEU,-1,1,1,1,,data\preprocessed\features\z_at\FAKE_T1_1070_ITS_NEU_XX__AUDIO_1070_ITS_SAD_XX_styletts.pt,data\preprocessed\features\z_v\FAKE_T1_1070_ITS_NEU_XX__AUDIO_1070_ITS_SAD_XX_styletts.pt
FAKE_T1_1070_IWW_ANG_XX__AUDIO_1070_IWW_DIS_XX_styletts,track1,1,crema_1070,DIS,ANG,-1,1,1,1,,data\preprocessed\features\z_at\FAKE_T1_1070_IWW_ANG_XX__AUDIO_1070_IWW_DIS_XX_styletts.pt,data\preprocessed\features\z_v\FAKE_T1_1070_IWW_ANG_XX__AUDIO_1070_IWW_DIS_XX_styletts.pt
FAKE_T1_1070_IWW_DIS_XX__AUDIO_1070_IWW_FEA_XX_styletts,track1,1,crema_1070,FEA,DIS,-1,1,1,1,,data\preprocessed\features\z_at\FAKE_T1_1070_IWW_DIS_XX__AUDIO_1070_IWW_FEA_XX_styletts.pt,data\preprocessed\features\z_v\FAKE_T1_1070_IWW_DIS_XX__AUDIO_1070_IWW_FEA_XX_styletts.pt
FAKE_T1_1070_IWW_FEA_XX__AUDIO_1070_IWW_HAP_XX_styletts,track1,1,crema_1070,HAP,FEA,-1,1,1,1,,data\preprocessed\features\z_at\FAKE_T1_1070_IWW_FEA_XX__AUDIO_1070_IWW_HAP_XX_styletts.pt,data\preprocessed\features\z_v\FAKE_T1_1070_IWW_FEA_XX__AUDIO_1070_IWW_HAP_XX_styletts.pt
FAKE_T1_1070_IWW_HAP_XX__AUDIO_1070_IWW_NEU_XX_styletts,track1,1,crema_1070,NEU,HAP,-1,1,1,1,,data\preprocessed\features\z_at\FAKE_T1_1070_IWW_HAP_XX__AUDIO_1070_IWW_NEU_XX_styletts.pt,data\preprocessed\features\z_v\FAKE_T1_1070_IWW_HAP_XX__AUDIO_1070_IWW_NEU_XX_styletts.pt
FAKE_T1_1070_MTI_DIS_XX__AUDIO_1070_MTI_FEA_XX_styletts,track1,1,crema_1070,FEA,DIS,-1,1,1,1,,data\preprocessed\features\z_at\FAKE_T1_1070_MTI_DIS_XX__AUDIO_1070_MTI_FEA_XX_styletts.pt,data\preprocessed\features\z_v\FAKE_T1_1070_MTI_DIS_XX__AUDIO_1070_MTI_FEA_XX_styletts.pt
FAKE_T1_1070_TAI_HAP_XX__AUDIO_1070_TAI_NEU_XX_styletts,track1,1,crema_1070,NEU,HAP,-1,1,1,1,,data\preprocessed\features\z_at\FAKE_T1_1070_TAI_HAP_XX__AUDIO_1070_TAI_NEU_XX_styletts.pt,data\preprocessed\features\z_v\FAKE_T1_1070_TAI_HAP_XX__AUDIO_1070_TAI_NEU_XX_styletts.pt
FAKE_T1_1070_TIE_FEA_XX__AUDIO_1070_TIE_HAP_XX_styletts,track1,1,crema_1070,HAP,FEA,-1,1,1,1,,data\preprocessed\features\z_at\FAKE_T1_1070_TIE_FEA_XX__AUDIO_1070_TIE_HAP_XX_styletts.pt,data\preprocessed\features\z_v\FAKE_T1_1070_TIE_FEA_XX__AUDIO_1070_TIE_HAP_XX_styletts.pt
FAKE_T1_1070_TIE_NEU_XX__AUDIO_1070_TIE_SAD_XX_styletts,track1,1,crema_1070,SAD,NEU,-1,1,1,1,,data\preprocessed\features\z_at\FAKE_T1_1070_TIE_NEU_XX__AUDIO_1070_TIE_SAD_XX_styletts.pt,data\preprocessed\features\z_v\FAKE_T1_1070_TIE_NEU_XX__AUDIO_1070_TIE_SAD_XX_styletts.pt
FAKE_T1_1070_TSI_NEU_XX__AUDIO_1070_TSI_SAD_XX_styletts,track1,1,crema_1070,SAD,NEU,-1,1,1,1,,data\preprocessed\features\z_at\FAKE_T1_1070_TSI_NEU_XX__AUDIO_1070_TSI_SAD_XX_styletts.pt,data\preprocessed\features\z_v\FAKE_T1_1070_TSI_NEU_XX__AUDIO_1070_TSI_SAD_XX_styletts.pt
FAKE_T1_1072_DFA_ANG_XX__AUDIO_1072_DFA_DIS_XX_styletts,track1,1,crema_1072,DIS,ANG,-1,1,1,1,,data\preprocessed\features\z_at\FAKE_T1_1072_DFA_ANG_XX__AUDIO_1072_DFA_DIS_XX_styletts.pt,data\preprocessed\features\z_v\FAKE_T1_1072_DFA_ANG_XX__AUDIO_1072_DFA_DIS_XX_styletts.pt
FAKE_T1_1072_IEO_DIS_LO__AUDIO_1072_IEO_FEA_LO_styletts,track1,1,crema_1072,FEA,DIS,-1,1,1,1,,data\preprocessed\features\z_at\FAKE_T1_1072_IEO_DIS_LO__AUDIO_1072_IEO_FEA_LO_styletts.pt,data\preprocessed\features\z_v\FAKE_T1_1072_IEO_DIS_LO__AUDIO_1072_IEO_FEA_LO_styletts.pt
FAKE_T1_1072_IOM_ANG_XX__AUDIO_1072_IOM_DIS_XX_styletts,track1,1,crema_1072,DIS,ANG,-1,1,1,1,,data\preprocessed\features\z_at\FAKE_T1_1072_IOM_ANG_XX__AUDIO_1072_IOM_DIS_XX_styletts.pt,data\preprocessed\features\z_v\FAKE_T1_1072_IOM_ANG_XX__AUDIO_1072_IOM_DIS_XX_styletts.pt
FAKE_T1_1072_IOM_HAP_XX__AUDIO_1072_IOM_NEU_XX_styletts,track1,1,crema_1072,NEU,HAP,-1,1,1,1,,data\preprocessed\features\z_at\FAKE_T1_1072_IOM_HAP_XX__AUDIO_1072_IOM_NEU_XX_styletts.pt,data\preprocessed\features\z_v\FAKE_T1_1072_IOM_HAP_XX__AUDIO_1072_IOM_NEU_XX_styletts.pt
FAKE_T1_1072_IOM_SAD_XX__AUDIO_1072_IOM_ANG_XX_styletts,track1,1,crema_1072,ANG,SAD,-1,1,1,1,,data\preprocessed\features\z_at\FAKE_T1_1072_IOM_SAD_XX__AUDIO_1072_IOM_ANG_XX_styletts.pt,data\preprocessed\features\z_v\FAKE_T1_1072_IOM_SAD_XX__AUDIO_1072_IOM_ANG_XX_styletts.pt
FAKE_T1_1072_ITH_HAP_XX__AUDIO_1072_ITH_NEU_XX_styletts,track1,1,crema_1072,NEU,HAP,-1,1,1,1,,data\preprocessed\features\z_at\FAKE_T1_1072_ITH_HAP_XX__AUDIO_1072_ITH_NEU_XX_styletts.pt,data\preprocessed\features\z_v\FAKE_T1_1072_ITH_HAP_XX__AUDIO_1072_ITH_NEU_XX_styletts.pt
FAKE_T1_1072_ITS_HAP_XX__AUDIO_1072_ITS_NEU_XX_styletts,track1,1,crema_1072,NEU,HAP,-1,1,1,1,,data\preprocessed\features\z_at\FAKE_T1_1072_ITS_HAP_XX__AUDIO_1072_ITS_NEU_XX_styletts.pt,data\preprocessed\features\z_v\FAKE_T1_1072_ITS_HAP_XX__AUDIO_1072_ITS_NEU_XX_styletts.pt
FAKE_T1_1072_ITS_NEU_XX__AUDIO_1072_ITS_SAD_XX_styletts,track1,1,crema_1072,SAD,NEU,-1,1,1,1,,data\preprocessed\features\z_at\FAKE_T1_1072_ITS_NEU_XX__AUDIO_1072_ITS_SAD_XX_styletts.pt,data\preprocessed\features\z_v\FAKE_T1_1072_ITS_NEU_XX__AUDIO_1072_ITS_SAD_XX_styletts.pt
FAKE_T1_1072_IWL_SAD_XX__AUDIO_1072_IWL_ANG_XX_styletts,track1,1,crema_1072,ANG,SAD,-1,1,1,1,,data\preprocessed\features\z_at\FAKE_T1_1072_IWL_SAD_XX__AUDIO_1072_IWL_ANG_XX_styletts.pt,data\preprocessed\features\z_v\FAKE_T1_1072_IWL_SAD_XX__AUDIO_1072_IWL_ANG_XX_styletts.pt
FAKE_T1_1072_MTI_HAP_XX__AUDIO_1072_MTI_NEU_XX_styletts,track1,1,crema_1072,NEU,HAP,-1,1,1,1,,data\preprocessed\features\z_at\FAKE_T1_1072_MTI_HAP_XX__AUDIO_1072_MTI_NEU_XX_styletts.pt,data\preprocessed\features\z_v\FAKE_T1_1072_MTI_HAP_XX__AUDIO_1072_MTI_NEU_XX_styletts.pt
FAKE_T1_1072_MTI_SAD_XX__AUDIO_1072_MTI_ANG_XX_styletts,track1,1,crema_1072,ANG,SAD,-1,1,1,1,,data\preprocessed\features\z_at\FAKE_T1_1072_MTI_SAD_XX__AUDIO_1072_MTI_ANG_XX_styletts.pt,data\preprocessed\features\z_v\FAKE_T1_1072_MTI_SAD_XX__AUDIO_1072_MTI_ANG_XX_styletts.pt
FAKE_T1_1072_TAI_FEA_XX__AUDIO_1072_TAI_HAP_XX_styletts,track1,1,crema_1072,HAP,FEA,-1,1,1,1,,data\preprocessed\features\z_at\FAKE_T1_1072_TAI_FEA_XX__AUDIO_1072_TAI_HAP_XX_styletts.pt,data\preprocessed\features\z_v\FAKE_T1_1072_TAI_FEA_XX__AUDIO_1072_TAI_HAP_XX_styletts.pt
FAKE_T1_1072_TIE_FEA_XX__AUDIO_1072_TIE_HAP_XX_styletts,track1,1,crema_1072,HAP,FEA,-1,1,1,1,,data\preprocessed\features\z_at\FAKE_T1_1072_TIE_FEA_XX__AUDIO_1072_TIE_HAP_XX_styletts.pt,data\preprocessed\features\z_v\FAKE_T1_1072_TIE_FEA_XX__AUDIO_1072_TIE_HAP_XX_styletts.pt
FAKE_T1_1072_TIE_NEU_XX__AUDIO_1072_TIE_SAD_XX_styletts,track1,1,crema_1072,SAD,NEU,-1,1,1,1,,data\preprocessed\features\z_at\FAKE_T1_1072_TIE_NEU_XX__AUDIO_1072_TIE_SAD_XX_styletts.pt,data\preprocessed\features\z_v\FAKE_T1_1072_TIE_NEU_XX__AUDIO_1072_TIE_SAD_XX_styletts.pt
FAKE_T1_1072_TSI_NEU_XX__AUDIO_1072_TSI_SAD_XX_styletts,track1,1,crema_1072,SAD,NEU,-1,1,1,1,,data\preprocessed\features\z_at\FAKE_T1_1072_TSI_NEU_XX__AUDIO_1072_TSI_SAD_XX_styletts.pt,data\preprocessed\features\z_v\FAKE_T1_1072_TSI_NEU_XX__AUDIO_1072_TSI_SAD_XX_styletts.pt
FAKE_T1_1072_TSI_SAD_XX__AUDIO_1072_TSI_ANG_XX_styletts,track1,1,crema_1072,ANG,SAD,-1,1,1,1,,data\preprocessed\features\z_at\FAKE_T1_1072_TSI_SAD_XX__AUDIO_1072_TSI_ANG_XX_styletts.pt,data\preprocessed\features\z_v\FAKE_T1_1072_TSI_SAD_XX__AUDIO_1072_TSI_ANG_XX_styletts.pt
FAKE_T1_1073_DFA_HAP_XX__AUDIO_1073_DFA_NEU_XX_styletts,track1,1,crema_1073,NEU,HAP,-1,1,1,1,,data\preprocessed\features\z_at\FAKE_T1_1073_DFA_HAP_XX__AUDIO_1073_DFA_NEU_XX_styletts.pt,data\preprocessed\features\z_v\FAKE_T1_1073_DFA_HAP_XX__AUDIO_1073_DFA_NEU_XX_styletts.pt
FAKE_T1_1073_IEO_ANG_HI__AUDIO_1073_IEO_DIS_HI_styletts,track1,1,crema_1073,DIS,ANG,-1,1,1,1,,data\preprocessed\features\z_at\FAKE_T1_1073_IEO_ANG_HI__AUDIO_1073_IEO_DIS_HI_styletts.pt,data\preprocessed\features\z_v\FAKE_T1_1073_IEO_ANG_HI__AUDIO_1073_IEO_DIS_HI_styletts.pt
FAKE_T1_1073_IEO_ANG_LO__AUDIO_1073_IEO_DIS_LO_styletts,track1,1,crema_1073,DIS,ANG,-1,1,1,1,,data\preprocessed\features\z_at\FAKE_T1_1073_IEO_ANG_LO__AUDIO_1073_IEO_DIS_LO_styletts.pt,data\preprocessed\features\z_v\FAKE_T1_1073_IEO_ANG_LO__AUDIO_1073_IEO_DIS_LO_styletts.pt
FAKE_T1_1073_IEO_DIS_HI__AUDIO_1073_IEO_FEA_HI_styletts,track1,1,crema_1073,FEA,DIS,-1,1,1,1,,data\preprocessed\features\z_at\FAKE_T1_1073_IEO_DIS_HI__AUDIO_1073_IEO_FEA_HI_styletts.pt,data\preprocessed\features\z_v\FAKE_T1_1073_IEO_DIS_HI__AUDIO_1073_IEO_FEA_HI_styletts.pt
FAKE_T1_1073_IEO_DIS_LO__AUDIO_1073_IEO_FEA_LO_styletts,track1,1,crema_1073,FEA,DIS,-1,1,1,1,,data\preprocessed\features\z_at\FAKE_T1_1073_IEO_DIS_LO__AUDIO_1073_IEO_FEA_LO_styletts.pt,data\preprocessed\features\z_v\FAKE_T1_1073_IEO_DIS_LO__AUDIO_1073_IEO_FEA_LO_styletts.pt
FAKE_T1_1073_IOM_NEU_XX__AUDIO_1073_IOM_SAD_XX_styletts,track1,1,crema_1073,SAD,NEU,-1,1,1,1,,data\preprocessed\features\z_at\FAKE_T1_1073_IOM_NEU_XX__AUDIO_1073_IOM_SAD_XX_styletts.pt,data\preprocessed\features\z_v\FAKE_T1_1073_IOM_NEU_XX__AUDIO_1073_IOM_SAD_XX_styletts.pt
FAKE_T1_1073_ITH_NEU_XX__AUDIO_1073_ITH_SAD_XX_styletts,track1,1,crema_1073,SAD,NEU,-1,1,1,1,,data\preprocessed\features\z_at\FAKE_T1_1073_ITH_NEU_XX__AUDIO_1073_ITH_SAD_XX_styletts.pt,data\preprocessed\features\z_v\FAKE_T1_1073_ITH_NEU_XX__AUDIO_1073_ITH_SAD_XX_styletts.pt
FAKE_T1_1073_ITS_ANG_XX__AUDIO_1073_ITS_DIS_XX_styletts,track1,1,crema_1073,DIS,ANG,-1,1,1,1,,data\preprocessed\features\z_at\FAKE_T1_1073_ITS_ANG_XX__AUDIO_1073_ITS_DIS_XX_styletts.pt,data\preprocessed\features\z_v\FAKE_T1_1073_ITS_ANG_XX__AUDIO_1073_ITS_DIS_XX_styletts.pt
FAKE_T1_1073_IWL_HAP_XX__AUDIO_1073_IWL_NEU_XX_styletts,track1,1,crema_1073,NEU,HAP,-1,1,1,1,,data\preprocessed\features\z_at\FAKE_T1_1073_IWL_HAP_XX__AUDIO_1073_IWL_NEU_XX_styletts.pt,data\preprocessed\features\z_v\FAKE_T1_1073_IWL_HAP_XX__AUDIO_1073_IWL_NEU_XX_styletts.pt
FAKE_T1_1073_IWL_SAD_XX__AUDIO_1073_IWL_ANG_XX_styletts,track1,1,crema_1073,ANG,SAD,-1,1,1,1,,data\preprocessed\features\z_at\FAKE_T1_1073_IWL_SAD_XX__AUDIO_1073_IWL_ANG_XX_styletts.pt,data\preprocessed\features\z_v\FAKE_T1_1073_IWL_SAD_XX__AUDIO_1073_IWL_ANG_XX_styletts.pt
FAKE_T1_1073_TAI_FEA_XX__AUDIO_1073_TAI_HAP_XX_styletts,track1,1,crema_1073,HAP,FEA,-1,1,1,1,,data\preprocessed\features\z_at\FAKE_T1_1073_TAI_FEA_XX__AUDIO_1073_TAI_HAP_XX_styletts.pt,data\preprocessed\features\z_v\FAKE_T1_1073_TAI_FEA_XX__AUDIO_1073_TAI_HAP_XX_styletts.pt
FAKE_T1_1073_TIE_FEA_XX__AUDIO_1073_TIE_HAP_XX_styletts,track1,1,crema_1073,HAP,FEA,-1,1,1,1,,data\preprocessed\features\z_at\FAKE_T1_1073_TIE_FEA_XX__AUDIO_1073_TIE_HAP_XX_styletts.pt,data\preprocessed\features\z_v\FAKE_T1_1073_TIE_FEA_XX__AUDIO_1073_TIE_HAP_XX_styletts.pt
FAKE_T1_1073_TIE_NEU_XX__AUDIO_1073_TIE_SAD_XX_styletts,track1,1,crema_1073,SAD,NEU,-1,1,1,1,,data\preprocessed\features\z_at\FAKE_T1_1073_TIE_NEU_XX__AUDIO_1073_TIE_SAD_XX_styletts.pt,data\preprocessed\features\z_v\FAKE_T1_1073_TIE_NEU_XX__AUDIO_1073_TIE_SAD_XX_styletts.pt
FAKE_T1_1073_TSI_HAP_XX__AUDIO_1073_TSI_NEU_XX_styletts,track1,1,crema_1073,NEU,HAP,-1,1,1,1,,data\preprocessed\features\z_at\FAKE_T1_1073_TSI_HAP_XX__AUDIO_1073_TSI_NEU_XX_styletts.pt,data\preprocessed\features\z_v\FAKE_T1_1073_TSI_HAP_XX__AUDIO_1073_TSI_NEU_XX_styletts.pt
FAKE_T1_1073_WSI_NEU_XX__AUDIO_1073_WSI_SAD_XX_styletts,track1,1,crema_1073,SAD,NEU,-1,1,1,1,,data\preprocessed\features\z_at\FAKE_T1_1073_WSI_NEU_XX__AUDIO_1073_WSI_SAD_XX_styletts.pt,data\preprocessed\features\z_v\FAKE_T1_1073_WSI_NEU_XX__AUDIO_1073_WSI_SAD_XX_styletts.pt
FAKE_T1_1073_WSI_SAD_XX__AUDIO_1073_WSI_ANG_XX_styletts,track1,1,crema_1073,ANG,SAD,-1,1,1,1,,data\preprocessed\features\z_at\FAKE_T1_1073_WSI_SAD_XX__AUDIO_1073_WSI_ANG_XX_styletts.pt,data\preprocessed\features\z_v\FAKE_T1_1073_WSI_SAD_XX__AUDIO_1073_WSI_ANG_XX_styletts.pt
FAKE_T1_1075_IEO_DIS_HI__AUDIO_1075_IEO_FEA_HI_styletts,track1,1,crema_1075,FEA,DIS,-1,1,1,1,,data\preprocessed\features\z_at\FAKE_T1_1075_IEO_DIS_HI__AUDIO_1075_IEO_FEA_HI_styletts.pt,data\preprocessed\features\z_v\FAKE_T1_1075_IEO_DIS_HI__AUDIO_1075_IEO_FEA_HI_styletts.pt
FAKE_T1_1075_IEO_HAP_LO__AUDIO_1075_IEO_NEU_XX_styletts,track1,1,crema_1075,NEU,HAP,-1,1,1,1,,data\preprocessed\features\z_at\FAKE_T1_1075_IEO_HAP_LO__AUDIO_1075_IEO_NEU_XX_styletts.pt,data\preprocessed\features\z_v\FAKE_T1_1075_IEO_HAP_LO__AUDIO_1075_IEO_NEU_XX_styletts.pt
FAKE_T1_1075_IEO_NEU_XX__AUDIO_1075_IEO_SAD_HI_styletts,track1,1,crema_1075,SAD,NEU,-1,1,1,1,,data\preprocessed\features\z_at\FAKE_T1_1075_IEO_NEU_XX__AUDIO_1075_IEO_SAD_HI_styletts.pt,data\preprocessed\features\z_v\FAKE_T1_1075_IEO_NEU_XX__AUDIO_1075_IEO_SAD_HI_styletts.pt
FAKE_T1_1075_IEO_SAD_HI__AUDIO_1075_IEO_ANG_HI_styletts,track1,1,crema_1075,ANG,SAD,-1,1,1,1,,data\preprocessed\features\z_at\FAKE_T1_1075_IEO_SAD_HI__AUDIO_1075_IEO_ANG_HI_styletts.pt,data\preprocessed\features\z_v\FAKE_T1_1075_IEO_SAD_HI__AUDIO_1075_IEO_ANG_HI_styletts.pt
FAKE_T1_1075_IOM_HAP_XX__AUDIO_1075_IOM_NEU_XX_styletts,track1,1,crema_1075,NEU,HAP,-1,1,1,1,,data\preprocessed\features\z_at\FAKE_T1_1075_IOM_HAP_XX__AUDIO_1075_IOM_NEU_XX_styletts.pt,data\preprocessed\features\z_v\FAKE_T1_1075_IOM_HAP_XX__AUDIO_1075_IOM_NEU_XX_styletts.pt
FAKE_T1_1075_IOM_NEU_XX__AUDIO_1075_IOM_SAD_XX_styletts,track1,1,crema_1075,SAD,NEU,-1,1,1,1,,data\preprocessed\features\z_at\FAKE_T1_1075_IOM_NEU_XX__AUDIO_1075_IOM_SAD_XX_styletts.pt,data\preprocessed\features\z_v\FAKE_T1_1075_IOM_NEU_XX__AUDIO_1075_IOM_SAD_XX_styletts.pt
FAKE_T1_1075_IOM_SAD_XX__AUDIO_1075_IOM_ANG_XX_styletts,track1,1,crema_1075,ANG,SAD,-1,1,1,1,,data\preprocessed\features\z_at\FAKE_T1_1075_IOM_SAD_XX__AUDIO_1075_IOM_ANG_XX_styletts.pt,data\preprocessed\features\z_v\FAKE_T1_1075_IOM_SAD_XX__AUDIO_1075_IOM_ANG_XX_styletts.pt
FAKE_T1_1075_ITH_NEU_XX__AUDIO_1075_ITH_SAD_XX_styletts,track1,1,crema_1075,SAD,NEU,-1,1,1,1,,data\preprocessed\features\z_at\FAKE_T1_1075_ITH_NEU_XX__AUDIO_1075_ITH_SAD_XX_styletts.pt,data\preprocessed\features\z_v\FAKE_T1_1075_ITH_NEU_XX__AUDIO_1075_ITH_SAD_XX_styletts.pt
FAKE_T1_1075_IWL_FEA_XX__AUDIO_1075_IWL_HAP_XX_styletts,track1,1,crema_1075,HAP,FEA,-1,1,1,1,,data\preprocessed\features\z_at\FAKE_T1_1075_IWL_FEA_XX__AUDIO_1075_IWL_HAP_XX_styletts.pt,data\preprocessed\features\z_v\FAKE_T1_1075_IWL_FEA_XX__AUDIO_1075_IWL_HAP_XX_styletts.pt
FAKE_T1_1075_IWW_HAP_XX__AUDIO_1075_IWW_NEU_XX_styletts,track1,1,crema_1075,NEU,HAP,-1,1,1,1,,data\preprocessed\features\z_at\FAKE_T1_1075_IWW_HAP_XX__AUDIO_1075_IWW_NEU_XX_styletts.pt,data\preprocessed\features\z_v\FAKE_T1_1075_IWW_HAP_XX__AUDIO_1075_IWW_NEU_XX_styletts.pt
FAKE_T1_1075_IWW_NEU_XX__AUDIO_1075_IWW_SAD_XX_styletts,track1,1,crema_1075,SAD,NEU,-1,1,1,1,,data\preprocessed\features\z_at\FAKE_T1_1075_IWW_NEU_XX__AUDIO_1075_IWW_SAD_XX_styletts.pt,data\preprocessed\features\z_v\FAKE_T1_1075_IWW_NEU_XX__AUDIO_1075_IWW_SAD_XX_styletts.pt
FAKE_T1_1075_TSI_DIS_XX__AUDIO_1075_TSI_FEA_XX_styletts,track1,1,crema_1075,FEA,DIS,-1,1,1,1,,data\preprocessed\features\z_at\FAKE_T1_1075_TSI_DIS_XX__AUDIO_1075_TSI_FEA_XX_styletts.pt,data\preprocessed\features\z_v\FAKE_T1_1075_TSI_DIS_XX__AUDIO_1075_TSI_FEA_XX_styletts.pt
FAKE_T1_1075_TSI_HAP_XX__AUDIO_1075_TSI_NEU_XX_styletts,track1,1,crema_1075,NEU,HAP,-1,1,1,1,,data\preprocessed\features\z_at\FAKE_T1_1075_TSI_HAP_XX__AUDIO_1075_TSI_NEU_XX_styletts.pt,data\preprocessed\features\z_v\FAKE_T1_1075_TSI_HAP_XX__AUDIO_1075_TSI_NEU_XX_styletts.pt
FAKE_T1_1075_WSI_FEA_XX__AUDIO_1075_WSI_HAP_XX_styletts,track1,1,crema_1075,HAP,FEA,-1,1,1,1,,data\preprocessed\features\z_at\FAKE_T1_1075_WSI_FEA_XX__AUDIO_1075_WSI_HAP_XX_styletts.pt,data\preprocessed\features\z_v\FAKE_T1_1075_WSI_FEA_XX__AUDIO_1075_WSI_HAP_XX_styletts.pt
FAKE_T1_1075_WSI_HAP_XX__AUDIO_1075_WSI_NEU_XX_styletts,track1,1,crema_1075,NEU,HAP,-1,1,1,1,,data\preprocessed\features\z_at\FAKE_T1_1075_WSI_HAP_XX__AUDIO_1075_WSI_NEU_XX_styletts.pt,data\preprocessed\features\z_v\FAKE_T1_1075_WSI_HAP_XX__AUDIO_1075_WSI_NEU_XX_styletts.pt
FAKE_T1_1075_WSI_NEU_XX__AUDIO_1075_WSI_SAD_XX_styletts,track1,1,crema_1075,SAD,NEU,-1,1,1,1,,data\preprocessed\features\z_at\FAKE_T1_1075_WSI_NEU_XX__AUDIO_1075_WSI_SAD_XX_styletts.pt,data\preprocessed\features\z_v\FAKE_T1_1075_WSI_NEU_XX__AUDIO_1075_WSI_SAD_XX_styletts.pt
FAKE_T1_1076_DFA_NEU_XX__AUDIO_1076_DFA_SAD_XX_styletts,track1,1,crema_1076,SAD,NEU,-1,1,1,1,,data\preprocessed\features\z_at\FAKE_T1_1076_DFA_NEU_XX__AUDIO_1076_DFA_SAD_XX_styletts.pt,data\preprocessed\features\z_v\FAKE_T1_1076_DFA_NEU_XX__AUDIO_1076_DFA_SAD_XX_styletts.pt
FAKE_T1_1076_DFA_SAD_XX__AUDIO_1076_DFA_ANG_XX_styletts,track1,1,crema_1076,ANG,SAD,-1,1,1,1,,data\preprocessed\features\z_at\FAKE_T1_1076_DFA_SAD_XX__AUDIO_1076_DFA_ANG_XX_styletts.pt,data\preprocessed\features\z_v\FAKE_T1_1076_DFA_SAD_XX__AUDIO_1076_DFA_ANG_XX_styletts.pt
FAKE_T1_1076_IEO_FEA_HI__AUDIO_1076_IEO_HAP_HI_styletts,track1,1,crema_1076,HAP,FEA,-1,1,1,1,,data\preprocessed\features\z_at\FAKE_T1_1076_IEO_FEA_HI__AUDIO_1076_IEO_HAP_HI_styletts.pt,data\preprocessed\features\z_v\FAKE_T1_1076_IEO_FEA_HI__AUDIO_1076_IEO_HAP_HI_styletts.pt
FAKE_T1_1076_IEO_FEA_MD__AUDIO_1076_IEO_HAP_MD_styletts,track1,1,crema_1076,HAP,FEA,-1,1,1,1,,data\preprocessed\features\z_at\FAKE_T1_1076_IEO_FEA_MD__AUDIO_1076_IEO_HAP_MD_styletts.pt,data\preprocessed\features\z_v\FAKE_T1_1076_IEO_FEA_MD__AUDIO_1076_IEO_HAP_MD_styletts.pt
FAKE_T1_1076_IOM_HAP_XX__AUDIO_1076_IOM_NEU_XX_styletts,track1,1,crema_1076,NEU,HAP,-1,1,1,1,,data\preprocessed\features\z_at\FAKE_T1_1076_IOM_HAP_XX__AUDIO_1076_IOM_NEU_XX_styletts.pt,data\preprocessed\features\z_v\FAKE_T1_1076_IOM_HAP_XX__AUDIO_1076_IOM_NEU_XX_styletts.pt
FAKE_T1_1076_ITH_ANG_XX__AUDIO_1076_ITH_DIS_XX_styletts,track1,1,crema_1076,DIS,ANG,-1,1,1,1,,data\preprocessed\features\z_at\FAKE_T1_1076_ITH_ANG_XX__AUDIO_1076_ITH_DIS_XX_styletts.pt,data\preprocessed\features\z_v\FAKE_T1_1076_ITH_ANG_XX__AUDIO_1076_ITH_DIS_XX_styletts.pt
FAKE_T1_1076_ITH_DIS_XX__AUDIO_1076_ITH_FEA_XX_styletts,track1,1,crema_1076,FEA,DIS,-1,1,1,1,,data\preprocessed\features\z_at\FAKE_T1_1076_ITH_DIS_XX__AUDIO_1076_ITH_FEA_XX_styletts.pt,data\preprocessed\features\z_v\FAKE_T1_1076_ITH_DIS_XX__AUDIO_1076_ITH_FEA_XX_styletts.pt
FAKE_T1_1076_ITS_FEA_XX__AUDIO_1076_ITS_HAP_XX_styletts,track1,1,crema_1076,HAP,FEA,-1,1,1,1,,data\preprocessed\features\z_at\FAKE_T1_1076_ITS_FEA_XX__AUDIO_1076_ITS_HAP_XX_styletts.pt,data\preprocessed\features\z_v\FAKE_T1_1076_ITS_FEA_XX__AUDIO_1076_ITS_HAP_XX_styletts.pt
FAKE_T1_1076_IWL_HAP_XX__AUDIO_1076_IWL_NEU_XX_styletts,track1,1,crema_1076,NEU,HAP,-1,1,1,1,,data\preprocessed\features\z_at\FAKE_T1_1076_IWL_HAP_XX__AUDIO_1076_IWL_NEU_XX_styletts.pt,data\preprocessed\features\z_v\FAKE_T1_1076_IWL_HAP_XX__AUDIO_1076_IWL_NEU_XX_styletts.pt
FAKE_T1_1076_IWW_DIS_XX__AUDIO_1076_IWW_FEA_XX_styletts,track1,1,crema_1076,FEA,DIS,-1,1,1,1,,data\preprocessed\features\z_at\FAKE_T1_1076_IWW_DIS_XX__AUDIO_1076_IWW_FEA_XX_styletts.pt,data\preprocessed\features\z_v\FAKE_T1_1076_IWW_DIS_XX__AUDIO_1076_IWW_FEA_XX_styletts.pt
FAKE_T1_1076_TAI_DIS_XX__AUDIO_1076_TAI_FEA_XX_styletts,track1,1,crema_1076,FEA,DIS,-1,1,1,1,,data\preprocessed\features\z_at\FAKE_T1_1076_TAI_DIS_XX__AUDIO_1076_TAI_FEA_XX_styletts.pt,data\preprocessed\features\z_v\FAKE_T1_1076_TAI_DIS_XX__AUDIO_1076_TAI_FEA_XX_styletts.pt
FAKE_T1_1076_TAI_SAD_XX__AUDIO_1076_TAI_ANG_XX_styletts,track1,1,crema_1076,ANG,SAD,-1,1,1,1,,data\preprocessed\features\z_at\FAKE_T1_1076_TAI_SAD_XX__AUDIO_1076_TAI_ANG_XX_styletts.pt,data\preprocessed\features\z_v\FAKE_T1_1076_TAI_SAD_XX__AUDIO_1076_TAI_ANG_XX_styletts.pt
FAKE_T1_1076_TIE_DIS_XX__AUDIO_1076_TIE_FEA_XX_styletts,track1,1,crema_1076,FEA,DIS,-1,1,1,1,,data\preprocessed\features\z_at\FAKE_T1_1076_TIE_DIS_XX__AUDIO_1076_TIE_FEA_XX_styletts.pt,data\preprocessed\features\z_v\FAKE_T1_1076_TIE_DIS_XX__AUDIO_1076_TIE_FEA_XX_styletts.pt
FAKE_T1_1076_TSI_NEU_XX__AUDIO_1076_TSI_SAD_XX_styletts,track1,1,crema_1076,SAD,NEU,-1,1,1,1,,data\preprocessed\features\z_at\FAKE_T1_1076_TSI_NEU_XX__AUDIO_1076_TSI_SAD_XX_styletts.pt,data\preprocessed\features\z_v\FAKE_T1_1076_TSI_NEU_XX__AUDIO_1076_TSI_SAD_XX_styletts.pt
FAKE_T1_1076_WSI_DIS_XX__AUDIO_1076_WSI_FEA_XX_styletts,track1,1,crema_1076,FEA,DIS,-1,1,1,1,,data\preprocessed\features\z_at\FAKE_T1_1076_WSI_DIS_XX__AUDIO_1076_WSI_FEA_XX_styletts.pt,data\preprocessed\features\z_v\FAKE_T1_1076_WSI_DIS_XX__AUDIO_1076_WSI_FEA_XX_styletts.pt
FAKE_T1_1077_DFA_NEU_XX__AUDIO_1077_DFA_SAD_XX_styletts,track1,1,crema_1077,SAD,NEU,-1,1,1,1,,data\preprocessed\features\z_at\FAKE_T1_1077_DFA_NEU_XX__AUDIO_1077_DFA_SAD_XX_styletts.pt,data\preprocessed\features\z_v\FAKE_T1_1077_DFA_NEU_XX__AUDIO_1077_DFA_SAD_XX_styletts.pt
FAKE_T1_1077_DFA_SAD_XX__AUDIO_1077_DFA_ANG_XX_styletts,track1,1,crema_1077,ANG,SAD,-1,1,1,1,,data\preprocessed\features\z_at\FAKE_T1_1077_DFA_SAD_XX__AUDIO_1077_DFA_ANG_XX_styletts.pt,data\preprocessed\features\z_v\FAKE_T1_1077_DFA_SAD_XX__AUDIO_1077_DFA_ANG_XX_styletts.pt
FAKE_T1_1077_IEO_FEA_HI__AUDIO_1077_IEO_HAP_HI_styletts,track1,1,crema_1077,HAP,FEA,-1,1,1,1,,data\preprocessed\features\z_at\FAKE_T1_1077_IEO_FEA_HI__AUDIO_1077_IEO_HAP_HI_styletts.pt,data\preprocessed\features\z_v\FAKE_T1_1077_IEO_FEA_HI__AUDIO_1077_IEO_HAP_HI_styletts.pt
FAKE_T1_1077_IEO_FEA_LO__AUDIO_1077_IEO_HAP_LO_styletts,track1,1,crema_1077,HAP,FEA,-1,1,1,1,,data\preprocessed\features\z_at\FAKE_T1_1077_IEO_FEA_LO__AUDIO_1077_IEO_HAP_LO_styletts.pt,data\preprocessed\features\z_v\FAKE_T1_1077_IEO_FEA_LO__AUDIO_1077_IEO_HAP_LO_styletts.pt
FAKE_T1_1077_IEO_FEA_MD__AUDIO_1077_IEO_HAP_MD_styletts,track1,1,crema_1077,HAP,FEA,-1,1,1,1,,data\preprocessed\features\z_at\FAKE_T1_1077_IEO_FEA_MD__AUDIO_1077_IEO_HAP_MD_styletts.pt,data\preprocessed\features\z_v\FAKE_T1_1077_IEO_FEA_MD__AUDIO_1077_IEO_HAP_MD_styletts.pt
FAKE_T1_1077_IEO_SAD_LO__AUDIO_1077_IEO_ANG_LO_styletts,track1,1,crema_1077,ANG,SAD,-1,1,1,1,,data\preprocessed\features\z_at\FAKE_T1_1077_IEO_SAD_LO__AUDIO_1077_IEO_ANG_LO_styletts.pt,data\preprocessed\features\z_v\FAKE_T1_1077_IEO_SAD_LO__AUDIO_1077_IEO_ANG_LO_styletts.pt
FAKE_T1_1077_ITH_NEU_XX__AUDIO_1077_ITH_SAD_XX_styletts,track1,1,crema_1077,SAD,NEU,-1,1,1,1,,data\preprocessed\features\z_at\FAKE_T1_1077_ITH_NEU_XX__AUDIO_1077_ITH_SAD_XX_styletts.pt,data\preprocessed\features\z_v\FAKE_T1_1077_ITH_NEU_XX__AUDIO_1077_ITH_SAD_XX_styletts.pt
FAKE_T1_1077_ITH_SAD_XX__AUDIO_1077_ITH_ANG_XX_styletts,track1,1,crema_1077,ANG,SAD,-1,1,1,1,,data\preprocessed\features\z_at\FAKE_T1_1077_ITH_SAD_XX__AUDIO_1077_ITH_ANG_XX_styletts.pt,data\preprocessed\features\z_v\FAKE_T1_1077_ITH_SAD_XX__AUDIO_1077_ITH_ANG_XX_styletts.pt
FAKE_T1_1077_IWL_NEU_XX__AUDIO_1077_IWL_SAD_XX_styletts,track1,1,crema_1077,SAD,NEU,-1,1,1,1,,data\preprocessed\features\z_at\FAKE_T1_1077_IWL_NEU_XX__AUDIO_1077_IWL_SAD_XX_styletts.pt,data\preprocessed\features\z_v\FAKE_T1_1077_IWL_NEU_XX__AUDIO_1077_IWL_SAD_XX_styletts.pt
FAKE_T1_1077_IWW_DIS_XX__AUDIO_1077_IWW_FEA_XX_styletts,track1,1,crema_1077,FEA,DIS,-1,1,1,1,,data\preprocessed\features\z_at\FAKE_T1_1077_IWW_DIS_XX__AUDIO_1077_IWW_FEA_XX_styletts.pt,data\preprocessed\features\z_v\FAKE_T1_1077_IWW_DIS_XX__AUDIO_1077_IWW_FEA_XX_styletts.pt
FAKE_T1_1077_IWW_FEA_XX__AUDIO_1077_IWW_HAP_XX_styletts,track1,1,crema_1077,HAP,FEA,-1,1,1,1,,data\preprocessed\features\z_at\FAKE_T1_1077_IWW_FEA_XX__AUDIO_1077_IWW_HAP_XX_styletts.pt,data\preprocessed\features\z_v\FAKE_T1_1077_IWW_FEA_XX__AUDIO_1077_IWW_HAP_XX_styletts.pt
FAKE_T1_1077_MTI_ANG_XX__AUDIO_1077_MTI_DIS_XX_styletts,track1,1,crema_1077,DIS,ANG,-1,1,1,1,,data\preprocessed\features\z_at\FAKE_T1_1077_MTI_ANG_XX__AUDIO_1077_MTI_DIS_XX_styletts.pt,data\preprocessed\features\z_v\FAKE_T1_1077_MTI_ANG_XX__AUDIO_1077_MTI_DIS_XX_styletts.pt
FAKE_T1_1077_TAI_ANG_XX__AUDIO_1077_TAI_DIS_XX_styletts,track1,1,crema_1077,DIS,ANG,-1,1,1,1,,data\preprocessed\features\z_at\FAKE_T1_1077_TAI_ANG_XX__AUDIO_1077_TAI_DIS_XX_styletts.pt,data\preprocessed\features\z_v\FAKE_T1_1077_TAI_ANG_XX__AUDIO_1077_TAI_DIS_XX_styletts.pt
FAKE_T1_1077_TAI_NEU_XX__AUDIO_1077_TAI_SAD_XX_styletts,track1,1,crema_1077,SAD,NEU,-1,1,1,1,,data\preprocessed\features\z_at\FAKE_T1_1077_TAI_NEU_XX__AUDIO_1077_TAI_SAD_XX_styletts.pt,data\preprocessed\features\z_v\FAKE_T1_1077_TAI_NEU_XX__AUDIO_1077_TAI_SAD_XX_styletts.pt
FAKE_T1_1077_TAI_SAD_XX__AUDIO_1077_TAI_ANG_XX_styletts,track1,1,crema_1077,ANG,SAD,-1,1,1,1,,data\preprocessed\features\z_at\FAKE_T1_1077_TAI_SAD_XX__AUDIO_1077_TAI_ANG_XX_styletts.pt,data\preprocessed\features\z_v\FAKE_T1_1077_TAI_SAD_XX__AUDIO_1077_TAI_ANG_XX_styletts.pt
FAKE_T1_1077_WSI_ANG_XX__AUDIO_1077_WSI_DIS_XX_styletts,track1,1,crema_1077,DIS,ANG,-1,1,1,1,,data\preprocessed\features\z_at\FAKE_T1_1077_WSI_ANG_XX__AUDIO_1077_WSI_DIS_XX_styletts.pt,data\preprocessed\features\z_v\FAKE_T1_1077_WSI_ANG_XX__AUDIO_1077_WSI_DIS_XX_styletts.pt
FAKE_T1_1078_DFA_ANG_XX__AUDIO_1078_DFA_DIS_XX_styletts,track1,1,crema_1078,DIS,ANG,-1,1,1,1,,data\preprocessed\features\z_at\FAKE_T1_1078_DFA_ANG_XX__AUDIO_1078_DFA_DIS_XX_styletts.pt,data\preprocessed\features\z_v\FAKE_T1_1078_DFA_ANG_XX__AUDIO_1078_DFA_DIS_XX_styletts.pt
FAKE_T1_1078_DFA_FEA_XX__AUDIO_1078_DFA_HAP_XX_styletts,track1,1,crema_1078,HAP,FEA,-1,1,1,1,,data\preprocessed\features\z_at\FAKE_T1_1078_DFA_FEA_XX__AUDIO_1078_DFA_HAP_XX_styletts.pt,data\preprocessed\features\z_v\FAKE_T1_1078_DFA_FEA_XX__AUDIO_1078_DFA_HAP_XX_styletts.pt
FAKE_T1_1078_IEO_FEA_HI__AUDIO_1078_IEO_HAP_HI_styletts,track1,1,crema_1078,HAP,FEA,-1,1,1,1,,data\preprocessed\features\z_at\FAKE_T1_1078_IEO_FEA_HI__AUDIO_1078_IEO_HAP_HI_styletts.pt,data\preprocessed\features\z_v\FAKE_T1_1078_IEO_FEA_HI__AUDIO_1078_IEO_HAP_HI_styletts.pt
FAKE_T1_1078_IEO_FEA_LO__AUDIO_1078_IEO_HAP_LO_styletts,track1,1,crema_1078,HAP,FEA,-1,1,1,1,,data\preprocessed\features\z_at\FAKE_T1_1078_IEO_FEA_LO__AUDIO_1078_IEO_HAP_LO_styletts.pt,data\preprocessed\features\z_v\FAKE_T1_1078_IEO_FEA_LO__AUDIO_1078_IEO_HAP_LO_styletts.pt
FAKE_T1_1078_IEO_HAP_LO__AUDIO_1078_IEO_NEU_XX_styletts,track1,1,crema_1078,NEU,HAP,-1,1,1,1,,data\preprocessed\features\z_at\FAKE_T1_1078_IEO_HAP_LO__AUDIO_1078_IEO_NEU_XX_styletts.pt,data\preprocessed\features\z_v\FAKE_T1_1078_IEO_HAP_LO__AUDIO_1078_IEO_NEU_XX_styletts.pt
FAKE_T1_1078_IEO_SAD_LO__AUDIO_1078_IEO_ANG_LO_styletts,track1,1,crema_1078,ANG,SAD,-1,1,1,1,,data\preprocessed\features\z_at\FAKE_T1_1078_IEO_SAD_LO__AUDIO_1078_IEO_ANG_LO_styletts.pt,data\preprocessed\features\z_v\FAKE_T1_1078_IEO_SAD_LO__AUDIO_1078_IEO_ANG_LO_styletts.pt
FAKE_T1_1078_ITS_DIS_XX__AUDIO_1078_ITS_FEA_XX_styletts,track1,1,crema_1078,FEA,DIS,-1,1,1,1,,data\preprocessed\features\z_at\FAKE_T1_1078_ITS_DIS_XX__AUDIO_1078_ITS_FEA_XX_styletts.pt,data\preprocessed\features\z_v\FAKE_T1_1078_ITS_DIS_XX__AUDIO_1078_ITS_FEA_XX_styletts.pt
FAKE_T1_1078_ITS_HAP_XX__AUDIO_1078_ITS_NEU_XX_styletts,track1,1,crema_1078,NEU,HAP,-1,1,1,1,,data\preprocessed\features\z_at\FAKE_T1_1078_ITS_HAP_XX__AUDIO_1078_ITS_NEU_XX_styletts.pt,data\preprocessed\features\z_v\FAKE_T1_1078_ITS_HAP_XX__AUDIO_1078_ITS_NEU_XX_styletts.pt
FAKE_T1_1078_ITS_SAD_XX__AUDIO_1078_ITS_ANG_XX_styletts,track1,1,crema_1078,ANG,SAD,-1,1,1,1,,data\preprocessed\features\z_at\FAKE_T1_1078_ITS_SAD_XX__AUDIO_1078_ITS_ANG_XX_styletts.pt,data\preprocessed\features\z_v\FAKE_T1_1078_ITS_SAD_XX__AUDIO_1078_ITS_ANG_XX_styletts.pt
FAKE_T1_1078_IWW_NEU_XX__AUDIO_1078_IWW_SAD_XX_styletts,track1,1,crema_1078,SAD,NEU,-1,1,1,1,,data\preprocessed\features\z_at\FAKE_T1_1078_IWW_NEU_XX__AUDIO_1078_IWW_SAD_XX_styletts.pt,data\preprocessed\features\z_v\FAKE_T1_1078_IWW_NEU_XX__AUDIO_1078_IWW_SAD_XX_styletts.pt
FAKE_T1_1078_MTI_FEA_XX__AUDIO_1078_MTI_HAP_XX_styletts,track1,1,crema_1078,HAP,FEA,-1,1,1,1,,data\preprocessed\features\z_at\FAKE_T1_1078_MTI_FEA_XX__AUDIO_1078_MTI_HAP_XX_styletts.pt,data\preprocessed\features\z_v\FAKE_T1_1078_MTI_FEA_XX__AUDIO_1078_MTI_HAP_XX_styletts.pt
FAKE_T1_1078_MTI_NEU_XX__AUDIO_1078_MTI_SAD_XX_styletts,track1,1,crema_1078,SAD,NEU,-1,1,1,1,,data\preprocessed\features\z_at\FAKE_T1_1078_MTI_NEU_XX__AUDIO_1078_MTI_SAD_XX_styletts.pt,data\preprocessed\features\z_v\FAKE_T1_1078_MTI_NEU_XX__AUDIO_1078_MTI_SAD_XX_styletts.pt
FAKE_T1_1078_TSI_NEU_XX__AUDIO_1078_TSI_SAD_XX_styletts,track1,1,crema_1078,SAD,NEU,-1,1,1,1,,data\preprocessed\features\z_at\FAKE_T1_1078_TSI_NEU_XX__AUDIO_1078_TSI_SAD_XX_styletts.pt,data\preprocessed\features\z_v\FAKE_T1_1078_TSI_NEU_XX__AUDIO_1078_TSI_SAD_XX_styletts.pt
FAKE_T1_1078_WSI_ANG_XX__AUDIO_1078_WSI_DIS_XX_styletts,track1,1,crema_1078,DIS,ANG,-1,1,1,1,,data\preprocessed\features\z_at\FAKE_T1_1078_WSI_ANG_XX__AUDIO_1078_WSI_DIS_XX_styletts.pt,data\preprocessed\features\z_v\FAKE_T1_1078_WSI_ANG_XX__AUDIO_1078_WSI_DIS_XX_styletts.pt
FAKE_T1_1078_WSI_FEA_XX__AUDIO_1078_WSI_HAP_XX_styletts,track1,1,crema_1078,HAP,FEA,-1,1,1,1,,data\preprocessed\features\z_at\FAKE_T1_1078_WSI_FEA_XX__AUDIO_1078_WSI_HAP_XX_styletts.pt,data\preprocessed\features\z_v\FAKE_T1_1078_WSI_FEA_XX__AUDIO_1078_WSI_HAP_XX_styletts.pt
FAKE_T1_1078_WSI_NEU_XX__AUDIO_1078_WSI_SAD_XX_styletts,track1,1,crema_1078,SAD,NEU,-1,1,1,1,,data\preprocessed\features\z_at\FAKE_T1_1078_WSI_NEU_XX__AUDIO_1078_WSI_SAD_XX_styletts.pt,data\preprocessed\features\z_v\FAKE_T1_1078_WSI_NEU_XX__AUDIO_1078_WSI_SAD_XX_styletts.pt
FAKE_T1_1079_DFA_DIS_XX__AUDIO_1079_DFA_FEA_XX_styletts,track1,1,crema_1079,FEA,DIS,-1,1,1,1,,data\preprocessed\features\z_at\FAKE_T1_1079_DFA_DIS_XX__AUDIO_1079_DFA_FEA_XX_styletts.pt,data\preprocessed\features\z_v\FAKE_T1_1079_DFA_DIS_XX__AUDIO_1079_DFA_FEA_XX_styletts.pt
FAKE_T1_1079_IEO_DIS_HI__AUDIO_1079_IEO_FEA_HI_styletts,track1,1,crema_1079,FEA,DIS,-1,1,1,1,,data\preprocessed\features\z_at\FAKE_T1_1079_IEO_DIS_HI__AUDIO_1079_IEO_FEA_HI_styletts.pt,data\preprocessed\features\z_v\FAKE_T1_1079_IEO_DIS_HI__AUDIO_1079_IEO_FEA_HI_styletts.pt
FAKE_T1_1079_IEO_SAD_HI__AUDIO_1079_IEO_ANG_HI_styletts,track1,1,crema_1079,ANG,SAD,-1,1,1,1,,data\preprocessed\features\z_at\FAKE_T1_1079_IEO_SAD_HI__AUDIO_1079_IEO_ANG_HI_styletts.pt,data\preprocessed\features\z_v\FAKE_T1_1079_IEO_SAD_HI__AUDIO_1079_IEO_ANG_HI_styletts.pt
FAKE_T1_1079_IOM_NEU_XX__AUDIO_1079_IOM_SAD_XX_styletts,track1,1,crema_1079,SAD,NEU,-1,1,1,1,,data\preprocessed\features\z_at\FAKE_T1_1079_IOM_NEU_XX__AUDIO_1079_IOM_SAD_XX_styletts.pt,data\preprocessed\features\z_v\FAKE_T1_1079_IOM_NEU_XX__AUDIO_1079_IOM_SAD_XX_styletts.pt
FAKE_T1_1079_IOM_SAD_XX__AUDIO_1079_IOM_ANG_XX_styletts,track1,1,crema_1079,ANG,SAD,-1,1,1,1,,data\preprocessed\features\z_at\FAKE_T1_1079_IOM_SAD_XX__AUDIO_1079_IOM_ANG_XX_styletts.pt,data\preprocessed\features\z_v\FAKE_T1_1079_IOM_SAD_XX__AUDIO_1079_IOM_ANG_XX_styletts.pt
FAKE_T1_1079_ITH_ANG_XX__AUDIO_1079_ITH_DIS_XX_styletts,track1,1,crema_1079,DIS,ANG,-1,1,1,1,,data\preprocessed\features\z_at\FAKE_T1_1079_ITH_ANG_XX__AUDIO_1079_ITH_DIS_XX_styletts.pt,data\preprocessed\features\z_v\FAKE_T1_1079_ITH_ANG_XX__AUDIO_1079_ITH_DIS_XX_styletts.pt
FAKE_T1_1079_ITS_NEU_XX__AUDIO_1079_ITS_SAD_XX_styletts,track1,1,crema_1079,SAD,NEU,-1,1,1,1,,data\preprocessed\features\z_at\FAKE_T1_1079_ITS_NEU_XX__AUDIO_1079_ITS_SAD_XX_styletts.pt,data\preprocessed\features\z_v\FAKE_T1_1079_ITS_NEU_XX__AUDIO_1079_ITS_SAD_XX_styletts.pt
FAKE_T1_1079_IWW_DIS_XX__AUDIO_1079_IWW_FEA_XX_styletts,track1,1,crema_1079,FEA,DIS,-1,1,1,1,,data\preprocessed\features\z_at\FAKE_T1_1079_IWW_DIS_XX__AUDIO_1079_IWW_FEA_XX_styletts.pt,data\preprocessed\features\z_v\FAKE_T1_1079_IWW_DIS_XX__AUDIO_1079_IWW_FEA_XX_styletts.pt
FAKE_T1_1079_IWW_FEA_XX__AUDIO_1079_IWW_HAP_XX_styletts,track1,1,crema_1079,HAP,FEA,-1,1,1,1,,data\preprocessed\features\z_at\FAKE_T1_1079_IWW_FEA_XX__AUDIO_1079_IWW_HAP_XX_styletts.pt,data\preprocessed\features\z_v\FAKE_T1_1079_IWW_FEA_XX__AUDIO_1079_IWW_HAP_XX_styletts.pt
FAKE_T1_1079_IWW_NEU_XX__AUDIO_1079_IWW_SAD_XX_styletts,track1,1,crema_1079,SAD,NEU,-1,1,1,1,,data\preprocessed\features\z_at\FAKE_T1_1079_IWW_NEU_XX__AUDIO_1079_IWW_SAD_XX_styletts.pt,data\preprocessed\features\z_v\FAKE_T1_1079_IWW_NEU_XX__AUDIO_1079_IWW_SAD_XX_styletts.pt
FAKE_T1_1079_MTI_ANG_XX__AUDIO_1079_MTI_DIS_XX_styletts,track1,1,crema_1079,DIS,ANG,-1,1,1,1,,data\preprocessed\features\z_at\FAKE_T1_1079_MTI_ANG_XX__AUDIO_1079_MTI_DIS_XX_styletts.pt,data\preprocessed\features\z_v\FAKE_T1_1079_MTI_ANG_XX__AUDIO_1079_MTI_DIS_XX_styletts.pt
FAKE_T1_1079_TAI_ANG_XX__AUDIO_1079_TAI_DIS_XX_styletts,track1,1,crema_1079,DIS,ANG,-1,1,1,1,,data\preprocessed\features\z_at\FAKE_T1_1079_TAI_ANG_XX__AUDIO_1079_TAI_DIS_XX_styletts.pt,data\preprocessed\features\z_v\FAKE_T1_1079_TAI_ANG_XX__AUDIO_1079_TAI_DIS_XX_styletts.pt
FAKE_T1_1079_TIE_ANG_XX__AUDIO_1079_TIE_DIS_XX_styletts,track1,1,crema_1079,DIS,ANG,-1,1,1,1,,data\preprocessed\features\z_at\FAKE_T1_1079_TIE_ANG_XX__AUDIO_1079_TIE_DIS_XX_styletts.pt,data\preprocessed\features\z_v\FAKE_T1_1079_TIE_ANG_XX__AUDIO_1079_TIE_DIS_XX_styletts.pt
FAKE_T1_1079_TIE_HAP_XX__AUDIO_1079_TIE_NEU_XX_styletts,track1,1,crema_1079,NEU,HAP,-1,1,1,1,,data\preprocessed\features\z_at\FAKE_T1_1079_TIE_HAP_XX__AUDIO_1079_TIE_NEU_XX_styletts.pt,data\preprocessed\features\z_v\FAKE_T1_1079_TIE_HAP_XX__AUDIO_1079_TIE_NEU_XX_styletts.pt
FAKE_T1_1079_TSI_SAD_XX__AUDIO_1079_TSI_ANG_XX_styletts,track1,1,crema_1079,ANG,SAD,-1,1,1,1,,data\preprocessed\features\z_at\FAKE_T1_1079_TSI_SAD_XX__AUDIO_1079_TSI_ANG_XX_styletts.pt,data\preprocessed\features\z_v\FAKE_T1_1079_TSI_SAD_XX__AUDIO_1079_TSI_ANG_XX_styletts.pt
FAKE_T1_1079_WSI_ANG_XX__AUDIO_1079_WSI_DIS_XX_styletts,track1,1,crema_1079,DIS,ANG,-1,1,1,1,,data\preprocessed\features\z_at\FAKE_T1_1079_WSI_ANG_XX__AUDIO_1079_WSI_DIS_XX_styletts.pt,data\preprocessed\features\z_v\FAKE_T1_1079_WSI_ANG_XX__AUDIO_1079_WSI_DIS_XX_styletts.pt
FAKE_T1_1080_DFA_ANG_XX__AUDIO_1080_DFA_DIS_XX_styletts,track1,1,crema_1080,DIS,ANG,-1,1,1,1,,data\preprocessed\features\z_at\FAKE_T1_1080_DFA_ANG_XX__AUDIO_1080_DFA_DIS_XX_styletts.pt,data\preprocessed\features\z_v\FAKE_T1_1080_DFA_ANG_XX__AUDIO_1080_DFA_DIS_XX_styletts.pt
FAKE_T1_1080_DFA_NEU_XX__AUDIO_1080_DFA_SAD_XX_styletts,track1,1,crema_1080,SAD,NEU,-1,1,1,1,,data\preprocessed\features\z_at\FAKE_T1_1080_DFA_NEU_XX__AUDIO_1080_DFA_SAD_XX_styletts.pt,data\preprocessed\features\z_v\FAKE_T1_1080_DFA_NEU_XX__AUDIO_1080_DFA_SAD_XX_styletts.pt
FAKE_T1_1080_IEO_SAD_HI__AUDIO_1080_IEO_ANG_HI_styletts,track1,1,crema_1080,ANG,SAD,-1,1,1,1,,data\preprocessed\features\z_at\FAKE_T1_1080_IEO_SAD_HI__AUDIO_1080_IEO_ANG_HI_styletts.pt,data\preprocessed\features\z_v\FAKE_T1_1080_IEO_SAD_HI__AUDIO_1080_IEO_ANG_HI_styletts.pt
FAKE_T1_1080_IOM_FEA_XX__AUDIO_1080_IOM_HAP_XX_styletts,track1,1,crema_1080,HAP,FEA,-1,1,1,1,,data\preprocessed\features\z_at\FAKE_T1_1080_IOM_FEA_XX__AUDIO_1080_IOM_HAP_XX_styletts.pt,data\preprocessed\features\z_v\FAKE_T1_1080_IOM_FEA_XX__AUDIO_1080_IOM_HAP_XX_styletts.pt
FAKE_T1_1080_IOM_SAD_XX__AUDIO_1080_IOM_ANG_XX_styletts,track1,1,crema_1080,ANG,SAD,-1,1,1,1,,data\preprocessed\features\z_at\FAKE_T1_1080_IOM_SAD_XX__AUDIO_1080_IOM_ANG_XX_styletts.pt,data\preprocessed\features\z_v\FAKE_T1_1080_IOM_SAD_XX__AUDIO_1080_IOM_ANG_XX_styletts.pt
FAKE_T1_1080_ITH_DIS_XX__AUDIO_1080_ITH_FEA_XX_styletts,track1,1,crema_1080,FEA,DIS,-1,1,1,1,,data\preprocessed\features\z_at\FAKE_T1_1080_ITH_DIS_XX__AUDIO_1080_ITH_FEA_XX_styletts.pt,data\preprocessed\features\z_v\FAKE_T1_1080_ITH_DIS_XX__AUDIO_1080_ITH_FEA_XX_styletts.pt
FAKE_T1_1080_ITH_NEU_XX__AUDIO_1080_ITH_SAD_XX_styletts,track1,1,crema_1080,SAD,NEU,-1,1,1,1,,data\preprocessed\features\z_at\FAKE_T1_1080_ITH_NEU_XX__AUDIO_1080_ITH_SAD_XX_styletts.pt,data\preprocessed\features\z_v\FAKE_T1_1080_ITH_NEU_XX__AUDIO_1080_ITH_SAD_XX_styletts.pt
FAKE_T1_1080_ITS_DIS_XX__AUDIO_1080_ITS_FEA_XX_styletts,track1,1,crema_1080,FEA,DIS,-1,1,1,1,,data\preprocessed\features\z_at\FAKE_T1_1080_ITS_DIS_XX__AUDIO_1080_ITS_FEA_XX_styletts.pt,data\preprocessed\features\z_v\FAKE_T1_1080_ITS_DIS_XX__AUDIO_1080_ITS_FEA_XX_styletts.pt
FAKE_T1_1080_ITS_FEA_XX__AUDIO_1080_ITS_HAP_XX_styletts,track1,1,crema_1080,HAP,FEA,-1,1,1,1,,data\preprocessed\features\z_at\FAKE_T1_1080_ITS_FEA_XX__AUDIO_1080_ITS_HAP_XX_styletts.pt,data\preprocessed\features\z_v\FAKE_T1_1080_ITS_FEA_XX__AUDIO_1080_ITS_HAP_XX_styletts.pt
FAKE_T1_1080_IWW_DIS_XX__AUDIO_1080_IWW_FEA_XX_styletts,track1,1,crema_1080,FEA,DIS,-1,1,1,1,,data\preprocessed\features\z_at\FAKE_T1_1080_IWW_DIS_XX__AUDIO_1080_IWW_FEA_XX_styletts.pt,data\preprocessed\features\z_v\FAKE_T1_1080_IWW_DIS_XX__AUDIO_1080_IWW_FEA_XX_styletts.pt
FAKE_T1_1080_MTI_SAD_XX__AUDIO_1080_MTI_ANG_XX_styletts,track1,1,crema_1080,ANG,SAD,-1,1,1,1,,data\preprocessed\features\z_at\FAKE_T1_1080_MTI_SAD_XX__AUDIO_1080_MTI_ANG_XX_styletts.pt,data\preprocessed\features\z_v\FAKE_T1_1080_MTI_SAD_XX__AUDIO_1080_MTI_ANG_XX_styletts.pt
FAKE_T1_1080_TAI_DIS_XX__AUDIO_1080_TAI_FEA_XX_styletts,track1,1,crema_1080,FEA,DIS,-1,1,1,1,,data\preprocessed\features\z_at\FAKE_T1_1080_TAI_DIS_XX__AUDIO_1080_TAI_FEA_XX_styletts.pt,data\preprocessed\features\z_v\FAKE_T1_1080_TAI_DIS_XX__AUDIO_1080_TAI_FEA_XX_styletts.pt
FAKE_T1_1080_TAI_NEU_XX__AUDIO_1080_TAI_SAD_XX_styletts,track1,1,crema_1080,SAD,NEU,-1,1,1,1,,data\preprocessed\features\z_at\FAKE_T1_1080_TAI_NEU_XX__AUDIO_1080_TAI_SAD_XX_styletts.pt,data\preprocessed\features\z_v\FAKE_T1_1080_TAI_NEU_XX__AUDIO_1080_TAI_SAD_XX_styletts.pt
FAKE_T1_1080_TAI_SAD_XX__AUDIO_1080_TAI_ANG_XX_styletts,track1,1,crema_1080,ANG,SAD,-1,1,1,1,,data\preprocessed\features\z_at\FAKE_T1_1080_TAI_SAD_XX__AUDIO_1080_TAI_ANG_XX_styletts.pt,data\preprocessed\features\z_v\FAKE_T1_1080_TAI_SAD_XX__AUDIO_1080_TAI_ANG_XX_styletts.pt
FAKE_T1_1080_TSI_ANG_XX__AUDIO_1080_TSI_DIS_XX_styletts,track1,1,crema_1080,DIS,ANG,-1,1,1,1,,data\preprocessed\features\z_at\FAKE_T1_1080_TSI_ANG_XX__AUDIO_1080_TSI_DIS_XX_styletts.pt,data\preprocessed\features\z_v\FAKE_T1_1080_TSI_ANG_XX__AUDIO_1080_TSI_DIS_XX_styletts.pt
FAKE_T1_1080_TSI_NEU_XX__AUDIO_1080_TSI_SAD_XX_styletts,track1,1,crema_1080,SAD,NEU,-1,1,1,1,,data\preprocessed\features\z_at\FAKE_T1_1080_TSI_NEU_XX__AUDIO_1080_TSI_SAD_XX_styletts.pt,data\preprocessed\features\z_v\FAKE_T1_1080_TSI_NEU_XX__AUDIO_1080_TSI_SAD_XX_styletts.pt
FAKE_T1_1081_DFA_SAD_XX__AUDIO_1081_DFA_ANG_XX_styletts,track1,1,crema_1081,ANG,SAD,-1,1,1,1,,data\preprocessed\features\z_at\FAKE_T1_1081_DFA_SAD_XX__AUDIO_1081_DFA_ANG_XX_styletts.pt,data\preprocessed\features\z_v\FAKE_T1_1081_DFA_SAD_XX__AUDIO_1081_DFA_ANG_XX_styletts.pt
FAKE_T1_1081_IEO_DIS_LO__AUDIO_1081_IEO_FEA_LO_styletts,track1,1,crema_1081,FEA,DIS,-1,1,1,1,,data\preprocessed\features\z_at\FAKE_T1_1081_IEO_DIS_LO__AUDIO_1081_IEO_FEA_LO_styletts.pt,data\preprocessed\features\z_v\FAKE_T1_1081_IEO_DIS_LO__AUDIO_1081_IEO_FEA_LO_styletts.pt
FAKE_T1_1081_IEO_DIS_MD__AUDIO_1081_IEO_FEA_MD_styletts,track1,1,crema_1081,FEA,DIS,-1,1,1,1,,data\preprocessed\features\z_at\FAKE_T1_1081_IEO_DIS_MD__AUDIO_1081_IEO_FEA_MD_styletts.pt,data\preprocessed\features\z_v\FAKE_T1_1081_IEO_DIS_MD__AUDIO_1081_IEO_FEA_MD_styletts.pt
FAKE_T1_1081_IEO_HAP_MD__AUDIO_1081_IEO_NEU_XX_styletts,track1,1,crema_1081,NEU,HAP,-1,1,1,1,,data\preprocessed\features\z_at\FAKE_T1_1081_IEO_HAP_MD__AUDIO_1081_IEO_NEU_XX_styletts.pt,data\preprocessed\features\z_v\FAKE_T1_1081_IEO_HAP_MD__AUDIO_1081_IEO_NEU_XX_styletts.pt
FAKE_T1_1081_IOM_ANG_XX__AUDIO_1081_IOM_DIS_XX_styletts,track1,1,crema_1081,DIS,ANG,-1,1,1,1,,data\preprocessed\features\z_at\FAKE_T1_1081_IOM_ANG_XX__AUDIO_1081_IOM_DIS_XX_styletts.pt,data\preprocessed\features\z_v\FAKE_T1_1081_IOM_ANG_XX__AUDIO_1081_IOM_DIS_XX_styletts.pt
FAKE_T1_1081_ITH_ANG_XX__AUDIO_1081_ITH_DIS_XX_styletts,track1,1,crema_1081,DIS,ANG,-1,1,1,1,,data\preprocessed\features\z_at\FAKE_T1_1081_ITH_ANG_XX__AUDIO_1081_ITH_DIS_XX_styletts.pt,data\preprocessed\features\z_v\FAKE_T1_1081_ITH_ANG_XX__AUDIO_1081_ITH_DIS_XX_styletts.pt
FAKE_T1_1081_ITH_FEA_XX__AUDIO_1081_ITH_HAP_XX_styletts,track1,1,crema_1081,HAP,FEA,-1,1,1,1,,data\preprocessed\features\z_at\FAKE_T1_1081_ITH_FEA_XX__AUDIO_1081_ITH_HAP_XX_styletts.pt,data\preprocessed\features\z_v\FAKE_T1_1081_ITH_FEA_XX__AUDIO_1081_ITH_HAP_XX_styletts.pt
FAKE_T1_1081_ITS_FEA_XX__AUDIO_1081_ITS_HAP_XX_styletts,track1,1,crema_1081,HAP,FEA,-1,1,1,1,,data\preprocessed\features\z_at\FAKE_T1_1081_ITS_FEA_XX__AUDIO_1081_ITS_HAP_XX_styletts.pt,data\preprocessed\features\z_v\FAKE_T1_1081_ITS_FEA_XX__AUDIO_1081_ITS_HAP_XX_styletts.pt
FAKE_T1_1081_ITS_SAD_XX__AUDIO_1081_ITS_ANG_XX_styletts,track1,1,crema_1081,ANG,SAD,-1,1,1,1,,data\preprocessed\features\z_at\FAKE_T1_1081_ITS_SAD_XX__AUDIO_1081_ITS_ANG_XX_styletts.pt,data\preprocessed\features\z_v\FAKE_T1_1081_ITS_SAD_XX__AUDIO_1081_ITS_ANG_XX_styletts.pt
FAKE_T1_1081_IWL_HAP_XX__AUDIO_1081_IWL_NEU_XX_styletts,track1,1,crema_1081,NEU,HAP,-1,1,1,1,,data\preprocessed\features\z_at\FAKE_T1_1081_IWL_HAP_XX__AUDIO_1081_IWL_NEU_XX_styletts.pt,data\preprocessed\features\z_v\FAKE_T1_1081_IWL_HAP_XX__AUDIO_1081_IWL_NEU_XX_styletts.pt
FAKE_T1_1081_IWW_DIS_XX__AUDIO_1081_IWW_FEA_XX_styletts,track1,1,crema_1081,FEA,DIS,-1,1,1,1,,data\preprocessed\features\z_at\FAKE_T1_1081_IWW_DIS_XX__AUDIO_1081_IWW_FEA_XX_styletts.pt,data\preprocessed\features\z_v\FAKE_T1_1081_IWW_DIS_XX__AUDIO_1081_IWW_FEA_XX_styletts.pt
FAKE_T1_1081_IWW_NEU_XX__AUDIO_1081_IWW_SAD_XX_styletts,track1,1,crema_1081,SAD,NEU,-1,1,1,1,,data\preprocessed\features\z_at\FAKE_T1_1081_IWW_NEU_XX__AUDIO_1081_IWW_SAD_XX_styletts.pt,data\preprocessed\features\z_v\FAKE_T1_1081_IWW_NEU_XX__AUDIO_1081_IWW_SAD_XX_styletts.pt
FAKE_T1_1081_IWW_SAD_XX__AUDIO_1081_IWW_ANG_XX_styletts,track1,1,crema_1081,ANG,SAD,-1,1,1,1,,data\preprocessed\features\z_at\FAKE_T1_1081_IWW_SAD_XX__AUDIO_1081_IWW_ANG_XX_styletts.pt,data\preprocessed\features\z_v\FAKE_T1_1081_IWW_SAD_XX__AUDIO_1081_IWW_ANG_XX_styletts.pt
FAKE_T1_1081_MTI_FEA_XX__AUDIO_1081_MTI_HAP_XX_styletts,track1,1,crema_1081,HAP,FEA,-1,1,1,1,,data\preprocessed\features\z_at\FAKE_T1_1081_MTI_FEA_XX__AUDIO_1081_MTI_HAP_XX_styletts.pt,data\preprocessed\features\z_v\FAKE_T1_1081_MTI_FEA_XX__AUDIO_1081_MTI_HAP_XX_styletts.pt
FAKE_T1_1081_TSI_SAD_XX__AUDIO_1081_TSI_ANG_XX_styletts,track1,1,crema_1081,ANG,SAD,-1,1,1,1,,data\preprocessed\features\z_at\FAKE_T1_1081_TSI_SAD_XX__AUDIO_1081_TSI_ANG_XX_styletts.pt,data\preprocessed\features\z_v\FAKE_T1_1081_TSI_SAD_XX__AUDIO_1081_TSI_ANG_XX_styletts.pt
FAKE_T1_1081_WSI_SAD_XX__AUDIO_1081_WSI_ANG_XX_styletts,track1,1,crema_1081,ANG,SAD,-1,1,1,1,,data\preprocessed\features\z_at\FAKE_T1_1081_WSI_SAD_XX__AUDIO_1081_WSI_ANG_XX_styletts.pt,data\preprocessed\features\z_v\FAKE_T1_1081_WSI_SAD_XX__AUDIO_1081_WSI_ANG_XX_styletts.pt
FAKE_T1_1082_DFA_ANG_XX__AUDIO_1082_DFA_DIS_XX_styletts,track1,1,crema_1082,DIS,ANG,-1,1,1,1,,data\preprocessed\features\z_at\FAKE_T1_1082_DFA_ANG_XX__AUDIO_1082_DFA_DIS_XX_styletts.pt,data\preprocessed\features\z_v\FAKE_T1_1082_DFA_ANG_XX__AUDIO_1082_DFA_DIS_XX_styletts.pt
FAKE_T1_1082_DFA_FEA_XX__AUDIO_1082_DFA_HAP_XX_styletts,track1,1,crema_1082,HAP,FEA,-1,1,1,1,,data\preprocessed\features\z_at\FAKE_T1_1082_DFA_FEA_XX__AUDIO_1082_DFA_HAP_XX_styletts.pt,data\preprocessed\features\z_v\FAKE_T1_1082_DFA_FEA_XX__AUDIO_1082_DFA_HAP_XX_styletts.pt
FAKE_T1_1082_IEO_ANG_HI__AUDIO_1082_IEO_DIS_HI_styletts,track1,1,crema_1082,DIS,ANG,-1,1,1,1,,data\preprocessed\features\z_at\FAKE_T1_1082_IEO_ANG_HI__AUDIO_1082_IEO_DIS_HI_styletts.pt,data\preprocessed\features\z_v\FAKE_T1_1082_IEO_ANG_HI__AUDIO_1082_IEO_DIS_HI_styletts.pt
FAKE_T1_1082_IEO_FEA_MD__AUDIO_1082_IEO_HAP_MD_styletts,track1,1,crema_1082,HAP,FEA,-1,1,1,1,,data\preprocessed\features\z_at\FAKE_T1_1082_IEO_FEA_MD__AUDIO_1082_IEO_HAP_MD_styletts.pt,data\preprocessed\features\z_v\FAKE_T1_1082_IEO_FEA_MD__AUDIO_1082_IEO_HAP_MD_styletts.pt
FAKE_T1_1082_IEO_HAP_HI__AUDIO_1082_IEO_NEU_XX_styletts,track1,1,crema_1082,NEU,HAP,-1,1,1,1,,data\preprocessed\features\z_at\FAKE_T1_1082_IEO_HAP_HI__AUDIO_1082_IEO_NEU_XX_styletts.pt,data\preprocessed\features\z_v\FAKE_T1_1082_IEO_HAP_HI__AUDIO_1082_IEO_NEU_XX_styletts.pt
FAKE_T1_1082_IOM_DIS_XX__AUDIO_1082_IOM_FEA_XX_styletts,track1,1,crema_1082,FEA,DIS,-1,1,1,1,,data\preprocessed\features\z_at\FAKE_T1_1082_IOM_DIS_XX__AUDIO_1082_IOM_FEA_XX_styletts.pt,data\preprocessed\features\z_v\FAKE_T1_1082_IOM_DIS_XX__AUDIO_1082_IOM_FEA_XX_styletts.pt
FAKE_T1_1082_ITH_FEA_XX__AUDIO_1082_ITH_HAP_XX_styletts,track1,1,crema_1082,HAP,FEA,-1,1,1,1,,data\preprocessed\features\z_at\FAKE_T1_1082_ITH_FEA_XX__AUDIO_1082_ITH_HAP_XX_styletts.pt,data\preprocessed\features\z_v\FAKE_T1_1082_ITH_FEA_XX__AUDIO_1082_ITH_HAP_XX_styletts.pt
FAKE_T1_1082_ITS_DIS_XX__AUDIO_1082_ITS_FEA_XX_styletts,track1,1,crema_1082,FEA,DIS,-1,1,1,1,,data\preprocessed\features\z_at\FAKE_T1_1082_ITS_DIS_XX__AUDIO_1082_ITS_FEA_XX_styletts.pt,data\preprocessed\features\z_v\FAKE_T1_1082_ITS_DIS_XX__AUDIO_1082_ITS_FEA_XX_styletts.pt
FAKE_T1_1082_ITS_SAD_XX__AUDIO_1082_ITS_ANG_XX_styletts,track1,1,crema_1082,ANG,SAD,-1,1,1,1,,data\preprocessed\features\z_at\FAKE_T1_1082_ITS_SAD_XX__AUDIO_1082_ITS_ANG_XX_styletts.pt,data\preprocessed\features\z_v\FAKE_T1_1082_ITS_SAD_XX__AUDIO_1082_ITS_ANG_XX_styletts.pt
FAKE_T1_1082_TAI_ANG_XX__AUDIO_1082_TAI_DIS_XX_styletts,track1,1,crema_1082,DIS,ANG,-1,1,1,1,,data\preprocessed\features\z_at\FAKE_T1_1082_TAI_ANG_XX__AUDIO_1082_TAI_DIS_XX_styletts.pt,data\preprocessed\features\z_v\FAKE_T1_1082_TAI_ANG_XX__AUDIO_1082_TAI_DIS_XX_styletts.pt
FAKE_T1_1082_TAI_FEA_XX__AUDIO_1082_TAI_HAP_XX_styletts,track1,1,crema_1082,HAP,FEA,-1,1,1,1,,data\preprocessed\features\z_at\FAKE_T1_1082_TAI_FEA_XX__AUDIO_1082_TAI_HAP_XX_styletts.pt,data\preprocessed\features\z_v\FAKE_T1_1082_TAI_FEA_XX__AUDIO_1082_TAI_HAP_XX_styletts.pt
FAKE_T1_1082_TAI_HAP_XX__AUDIO_1082_TAI_NEU_XX_styletts,track1,1,crema_1082,NEU,HAP,-1,1,1,1,,data\preprocessed\features\z_at\FAKE_T1_1082_TAI_HAP_XX__AUDIO_1082_TAI_NEU_XX_styletts.pt,data\preprocessed\features\z_v\FAKE_T1_1082_TAI_HAP_XX__AUDIO_1082_TAI_NEU_XX_styletts.pt
FAKE_T1_1082_TSI_DIS_XX__AUDIO_1082_TSI_FEA_XX_styletts,track1,1,crema_1082,FEA,DIS,-1,1,1,1,,data\preprocessed\features\z_at\FAKE_T1_1082_TSI_DIS_XX__AUDIO_1082_TSI_FEA_XX_styletts.pt,data\preprocessed\features\z_v\FAKE_T1_1082_TSI_DIS_XX__AUDIO_1082_TSI_FEA_XX_styletts.pt
FAKE_T1_1082_TSI_FEA_XX__AUDIO_1082_TSI_HAP_XX_styletts,track1,1,crema_1082,HAP,FEA,-1,1,1,1,,data\preprocessed\features\z_at\FAKE_T1_1082_TSI_FEA_XX__AUDIO_1082_TSI_HAP_XX_styletts.pt,data\preprocessed\features\z_v\FAKE_T1_1082_TSI_FEA_XX__AUDIO_1082_TSI_HAP_XX_styletts.pt
FAKE_T1_1082_TSI_HAP_XX__AUDIO_1082_TSI_NEU_XX_styletts,track1,1,crema_1082,NEU,HAP,-1,1,1,1,,data\preprocessed\features\z_at\FAKE_T1_1082_TSI_HAP_XX__AUDIO_1082_TSI_NEU_XX_styletts.pt,data\preprocessed\features\z_v\FAKE_T1_1082_TSI_HAP_XX__AUDIO_1082_TSI_NEU_XX_styletts.pt
FAKE_T1_1082_WSI_DIS_XX__AUDIO_1082_WSI_FEA_XX_styletts,track1,1,crema_1082,FEA,DIS,-1,1,1,1,,data\preprocessed\features\z_at\FAKE_T1_1082_WSI_DIS_XX__AUDIO_1082_WSI_FEA_XX_styletts.pt,data\preprocessed\features\z_v\FAKE_T1_1082_WSI_DIS_XX__AUDIO_1082_WSI_FEA_XX_styletts.pt
FAKE_T1_1083_DFA_ANG_XX__AUDIO_1083_DFA_DIS_XX_styletts,track1,1,crema_1083,DIS,ANG,-1,1,1,1,,data\preprocessed\features\z_at\FAKE_T1_1083_DFA_ANG_XX__AUDIO_1083_DFA_DIS_XX_styletts.pt,data\preprocessed\features\z_v\FAKE_T1_1083_DFA_ANG_XX__AUDIO_1083_DFA_DIS_XX_styletts.pt
FAKE_T1_1083_IEO_FEA_LO__AUDIO_1083_IEO_HAP_LO_styletts,track1,1,crema_1083,HAP,FEA,-1,1,1,1,,data\preprocessed\features\z_at\FAKE_T1_1083_IEO_FEA_LO__AUDIO_1083_IEO_HAP_LO_styletts.pt,data\preprocessed\features\z_v\FAKE_T1_1083_IEO_FEA_LO__AUDIO_1083_IEO_HAP_LO_styletts.pt
FAKE_T1_1083_IEO_HAP_MD__AUDIO_1083_IEO_NEU_XX_styletts,track1,1,crema_1083,NEU,HAP,-1,1,1,1,,data\preprocessed\features\z_at\FAKE_T1_1083_IEO_HAP_MD__AUDIO_1083_IEO_NEU_XX_styletts.pt,data\preprocessed\features\z_v\FAKE_T1_1083_IEO_HAP_MD__AUDIO_1083_IEO_NEU_XX_styletts.pt
FAKE_T1_1083_IOM_HAP_XX__AUDIO_1083_IOM_NEU_XX_styletts,track1,1,crema_1083,NEU,HAP,-1,1,1,1,,data\preprocessed\features\z_at\FAKE_T1_1083_IOM_HAP_XX__AUDIO_1083_IOM_NEU_XX_styletts.pt,data\preprocessed\features\z_v\FAKE_T1_1083_IOM_HAP_XX__AUDIO_1083_IOM_NEU_XX_styletts.pt
FAKE_T1_1083_IOM_NEU_XX__AUDIO_1083_IOM_SAD_XX_styletts,track1,1,crema_1083,SAD,NEU,-1,1,1,1,,data\preprocessed\features\z_at\FAKE_T1_1083_IOM_NEU_XX__AUDIO_1083_IOM_SAD_XX_styletts.pt,data\preprocessed\features\z_v\FAKE_T1_1083_IOM_NEU_XX__AUDIO_1083_IOM_SAD_XX_styletts.pt
FAKE_T1_1083_ITH_DIS_XX__AUDIO_1083_ITH_FEA_XX_styletts,track1,1,crema_1083,FEA,DIS,-1,1,1,1,,data\preprocessed\features\z_at\FAKE_T1_1083_ITH_DIS_XX__AUDIO_1083_ITH_FEA_XX_styletts.pt,data\preprocessed\features\z_v\FAKE_T1_1083_ITH_DIS_XX__AUDIO_1083_ITH_FEA_XX_styletts.pt
FAKE_T1_1083_ITS_ANG_XX__AUDIO_1083_ITS_DIS_XX_styletts,track1,1,crema_1083,DIS,ANG,-1,1,1,1,,data\preprocessed\features\z_at\FAKE_T1_1083_ITS_ANG_XX__AUDIO_1083_ITS_DIS_XX_styletts.pt,data\preprocessed\features\z_v\FAKE_T1_1083_ITS_ANG_XX__AUDIO_1083_ITS_DIS_XX_styletts.pt
FAKE_T1_1083_ITS_SAD_XX__AUDIO_1083_ITS_ANG_XX_styletts,track1,1,crema_1083,ANG,SAD,-1,1,1,1,,data\preprocessed\features\z_at\FAKE_T1_1083_ITS_SAD_XX__AUDIO_1083_ITS_ANG_XX_styletts.pt,data\preprocessed\features\z_v\FAKE_T1_1083_ITS_SAD_XX__AUDIO_1083_ITS_ANG_XX_styletts.pt
FAKE_T1_1083_IWL_ANG_XX__AUDIO_1083_IWL_DIS_XX,track1,1,crema_1083,DIS,ANG,-1,1,1,1,,data\preprocessed\features\z_at\FAKE_T1_1083_IWL_ANG_XX__AUDIO_1083_IWL_DIS_XX.pt,data\preprocessed\features\z_v\FAKE_T1_1083_IWL_ANG_XX__AUDIO_1083_IWL_DIS_XX.pt
FAKE_T1_1083_IWW_HAP_XX__AUDIO_1083_IWW_NEU_XX_styletts,track1,1,crema_1083,NEU,HAP,-1,1,1,1,,data\preprocessed\features\z_at\FAKE_T1_1083_IWW_HAP_XX__AUDIO_1083_IWW_NEU_XX_styletts.pt,data\preprocessed\features\z_v\FAKE_T1_1083_IWW_HAP_XX__AUDIO_1083_IWW_NEU_XX_styletts.pt
FAKE_T1_1083_MTI_DIS_XX__AUDIO_1083_MTI_FEA_XX_styletts,track1,1,crema_1083,FEA,DIS,-1,1,1,1,,data\preprocessed\features\z_at\FAKE_T1_1083_MTI_DIS_XX__AUDIO_1083_MTI_FEA_XX_styletts.pt,data\preprocessed\features\z_v\FAKE_T1_1083_MTI_DIS_XX__AUDIO_1083_MTI_FEA_XX_styletts.pt
FAKE_T1_1083_TAI_DIS_XX__AUDIO_1083_TAI_FEA_XX_styletts,track1,1,crema_1083,FEA,DIS,-1,1,1,1,,data\preprocessed\features\z_at\FAKE_T1_1083_TAI_DIS_XX__AUDIO_1083_TAI_FEA_XX_styletts.pt,data\preprocessed\features\z_v\FAKE_T1_1083_TAI_DIS_XX__AUDIO_1083_TAI_FEA_XX_styletts.pt
FAKE_T1_1083_TAI_HAP_XX__AUDIO_1083_TAI_NEU_XX_styletts,track1,1,crema_1083,NEU,HAP,-1,1,1,1,,data\preprocessed\features\z_at\FAKE_T1_1083_TAI_HAP_XX__AUDIO_1083_TAI_NEU_XX_styletts.pt,data\preprocessed\features\z_v\FAKE_T1_1083_TAI_HAP_XX__AUDIO_1083_TAI_NEU_XX_styletts.pt
FAKE_T1_1083_TAI_SAD_XX__AUDIO_1083_TAI_ANG_XX_styletts,track1,1,crema_1083,ANG,SAD,-1,1,1,1,,data\preprocessed\features\z_at\FAKE_T1_1083_TAI_SAD_XX__AUDIO_1083_TAI_ANG_XX_styletts.pt,data\preprocessed\features\z_v\FAKE_T1_1083_TAI_SAD_XX__AUDIO_1083_TAI_ANG_XX_styletts.pt
FAKE_T1_1083_TIE_FEA_XX__AUDIO_1083_TIE_HAP_XX_styletts,track1,1,crema_1083,HAP,FEA,-1,1,1,1,,data\preprocessed\features\z_at\FAKE_T1_1083_TIE_FEA_XX__AUDIO_1083_TIE_HAP_XX_styletts.pt,data\preprocessed\features\z_v\FAKE_T1_1083_TIE_FEA_XX__AUDIO_1083_TIE_HAP_XX_styletts.pt
FAKE_T1_1083_TSI_ANG_XX__AUDIO_1083_TSI_DIS_XX_styletts,track1,1,crema_1083,DIS,ANG,-1,1,1,1,,data\preprocessed\features\z_at\FAKE_T1_1083_TSI_ANG_XX__AUDIO_1083_TSI_DIS_XX_styletts.pt,data\preprocessed\features\z_v\FAKE_T1_1083_TSI_ANG_XX__AUDIO_1083_TSI_DIS_XX_styletts.pt
FAKE_T1_1084_DFA_HAP_XX__AUDIO_1084_DFA_NEU_XX_styletts,track1,1,crema_1084,NEU,HAP,-1,1,1,1,,data\preprocessed\features\z_at\FAKE_T1_1084_DFA_HAP_XX__AUDIO_1084_DFA_NEU_XX_styletts.pt,data\preprocessed\features\z_v\FAKE_T1_1084_DFA_HAP_XX__AUDIO_1084_DFA_NEU_XX_styletts.pt
FAKE_T1_1084_IEO_FEA_MD__AUDIO_1084_IEO_HAP_MD_styletts,track1,1,crema_1084,HAP,FEA,-1,1,1,1,,data\preprocessed\features\z_at\FAKE_T1_1084_IEO_FEA_MD__AUDIO_1084_IEO_HAP_MD_styletts.pt,data\preprocessed\features\z_v\FAKE_T1_1084_IEO_FEA_MD__AUDIO_1084_IEO_HAP_MD_styletts.pt
FAKE_T1_1084_IEO_HAP_LO__AUDIO_1084_IEO_NEU_XX_styletts,track1,1,crema_1084,NEU,HAP,-1,1,1,1,,data\preprocessed\features\z_at\FAKE_T1_1084_IEO_HAP_LO__AUDIO_1084_IEO_NEU_XX_styletts.pt,data\preprocessed\features\z_v\FAKE_T1_1084_IEO_HAP_LO__AUDIO_1084_IEO_NEU_XX_styletts.pt
FAKE_T1_1084_ITH_FEA_XX__AUDIO_1084_ITH_HAP_XX_styletts,track1,1,crema_1084,HAP,FEA,-1,1,1,1,,data\preprocessed\features\z_at\FAKE_T1_1084_ITH_FEA_XX__AUDIO_1084_ITH_HAP_XX_styletts.pt,data\preprocessed\features\z_v\FAKE_T1_1084_ITH_FEA_XX__AUDIO_1084_ITH_HAP_XX_styletts.pt
FAKE_T1_1084_ITH_NEU_XX__AUDIO_1084_ITH_SAD_XX_styletts,track1,1,crema_1084,SAD,NEU,-1,1,1,1,,data\preprocessed\features\z_at\FAKE_T1_1084_ITH_NEU_XX__AUDIO_1084_ITH_SAD_XX_styletts.pt,data\preprocessed\features\z_v\FAKE_T1_1084_ITH_NEU_XX__AUDIO_1084_ITH_SAD_XX_styletts.pt
FAKE_T1_1084_ITH_SAD_XX__AUDIO_1084_ITH_ANG_XX_styletts,track1,1,crema_1084,ANG,SAD,-1,1,1,1,,data\preprocessed\features\z_at\FAKE_T1_1084_ITH_SAD_XX__AUDIO_1084_ITH_ANG_XX_styletts.pt,data\preprocessed\features\z_v\FAKE_T1_1084_ITH_SAD_XX__AUDIO_1084_ITH_ANG_XX_styletts.pt
FAKE_T1_1084_ITS_DIS_XX__AUDIO_1084_ITS_FEA_XX_styletts,track1,1,crema_1084,FEA,DIS,-1,1,1,1,,data\preprocessed\features\z_at\FAKE_T1_1084_ITS_DIS_XX__AUDIO_1084_ITS_FEA_XX_styletts.pt,data\preprocessed\features\z_v\FAKE_T1_1084_ITS_DIS_XX__AUDIO_1084_ITS_FEA_XX_styletts.pt
FAKE_T1_1084_IWL_FEA_XX__AUDIO_1084_IWL_HAP_XX_styletts,track1,1,crema_1084,HAP,FEA,-1,1,1,1,,data\preprocessed\features\z_at\FAKE_T1_1084_IWL_FEA_XX__AUDIO_1084_IWL_HAP_XX_styletts.pt,data\preprocessed\features\z_v\FAKE_T1_1084_IWL_FEA_XX__AUDIO_1084_IWL_HAP_XX_styletts.pt
FAKE_T1_1084_IWW_HAP_XX__AUDIO_1084_IWW_NEU_XX_styletts,track1,1,crema_1084,NEU,HAP,-1,1,1,1,,data\preprocessed\features\z_at\FAKE_T1_1084_IWW_HAP_XX__AUDIO_1084_IWW_NEU_XX_styletts.pt,data\preprocessed\features\z_v\FAKE_T1_1084_IWW_HAP_XX__AUDIO_1084_IWW_NEU_XX_styletts.pt
FAKE_T1_1084_IWW_NEU_XX__AUDIO_1084_IWW_SAD_XX_styletts,track1,1,crema_1084,SAD,NEU,-1,1,1,1,,data\preprocessed\features\z_at\FAKE_T1_1084_IWW_NEU_XX__AUDIO_1084_IWW_SAD_XX_styletts.pt,data\preprocessed\features\z_v\FAKE_T1_1084_IWW_NEU_XX__AUDIO_1084_IWW_SAD_XX_styletts.pt
FAKE_T1_1084_MTI_ANG_XX__AUDIO_1084_MTI_DIS_XX_styletts,track1,1,crema_1084,DIS,ANG,-1,1,1,1,,data\preprocessed\features\z_at\FAKE_T1_1084_MTI_ANG_XX__AUDIO_1084_MTI_DIS_XX_styletts.pt,data\preprocessed\features\z_v\FAKE_T1_1084_MTI_ANG_XX__AUDIO_1084_MTI_DIS_XX_styletts.pt
FAKE_T1_1084_MTI_DIS_XX__AUDIO_1084_MTI_FEA_XX_styletts,track1,1,crema_1084,FEA,DIS,-1,1,1,1,,data\preprocessed\features\z_at\FAKE_T1_1084_MTI_DIS_XX__AUDIO_1084_MTI_FEA_XX_styletts.pt,data\preprocessed\features\z_v\FAKE_T1_1084_MTI_DIS_XX__AUDIO_1084_MTI_FEA_XX_styletts.pt
FAKE_T1_1084_TAI_ANG_XX__AUDIO_1084_TAI_DIS_XX_styletts,track1,1,crema_1084,DIS,ANG,-1,1,1,1,,data\preprocessed\features\z_at\FAKE_T1_1084_TAI_ANG_XX__AUDIO_1084_TAI_DIS_XX_styletts.pt,data\preprocessed\features\z_v\FAKE_T1_1084_TAI_ANG_XX__AUDIO_1084_TAI_DIS_XX_styletts.pt
FAKE_T1_1084_TIE_HAP_XX__AUDIO_1084_TIE_NEU_XX_styletts,track1,1,crema_1084,NEU,HAP,-1,1,1,1,,data\preprocessed\features\z_at\FAKE_T1_1084_TIE_HAP_XX__AUDIO_1084_TIE_NEU_XX_styletts.pt,data\preprocessed\features\z_v\FAKE_T1_1084_TIE_HAP_XX__AUDIO_1084_TIE_NEU_XX_styletts.pt
FAKE_T1_1084_TSI_FEA_XX__AUDIO_1084_TSI_HAP_XX_styletts,track1,1,crema_1084,HAP,FEA,-1,1,1,1,,data\preprocessed\features\z_at\FAKE_T1_1084_TSI_FEA_XX__AUDIO_1084_TSI_HAP_XX_styletts.pt,data\preprocessed\features\z_v\FAKE_T1_1084_TSI_FEA_XX__AUDIO_1084_TSI_HAP_XX_styletts.pt
FAKE_T1_1084_WSI_DIS_XX__AUDIO_1084_WSI_FEA_XX_styletts,track1,1,crema_1084,FEA,DIS,-1,1,1,1,,data\preprocessed\features\z_at\FAKE_T1_1084_WSI_DIS_XX__AUDIO_1084_WSI_FEA_XX_styletts.pt,data\preprocessed\features\z_v\FAKE_T1_1084_WSI_DIS_XX__AUDIO_1084_WSI_FEA_XX_styletts.pt
FAKE_T1_1085_IEO_FEA_MD__AUDIO_1085_IEO_HAP_MD_styletts,track1,1,crema_1085,HAP,FEA,-1,1,1,1,,data\preprocessed\features\z_at\FAKE_T1_1085_IEO_FEA_MD__AUDIO_1085_IEO_HAP_MD_styletts.pt,data\preprocessed\features\z_v\FAKE_T1_1085_IEO_FEA_MD__AUDIO_1085_IEO_HAP_MD_styletts.pt
FAKE_T1_1085_IEO_HAP_HI__AUDIO_1085_IEO_NEU_XX_styletts,track1,1,crema_1085,NEU,HAP,-1,1,1,1,,data\preprocessed\features\z_at\FAKE_T1_1085_IEO_HAP_HI__AUDIO_1085_IEO_NEU_XX_styletts.pt,data\preprocessed\features\z_v\FAKE_T1_1085_IEO_HAP_HI__AUDIO_1085_IEO_NEU_XX_styletts.pt
FAKE_T1_1085_IEO_SAD_LO__AUDIO_1085_IEO_ANG_LO_styletts,track1,1,crema_1085,ANG,SAD,-1,1,1,1,,data\preprocessed\features\z_at\FAKE_T1_1085_IEO_SAD_LO__AUDIO_1085_IEO_ANG_LO_styletts.pt,data\preprocessed\features\z_v\FAKE_T1_1085_IEO_SAD_LO__AUDIO_1085_IEO_ANG_LO_styletts.pt
FAKE_T1_1085_IOM_SAD_XX__AUDIO_1085_IOM_ANG_XX_styletts,track1,1,crema_1085,ANG,SAD,-1,1,1,1,,data\preprocessed\features\z_at\FAKE_T1_1085_IOM_SAD_XX__AUDIO_1085_IOM_ANG_XX_styletts.pt,data\preprocessed\features\z_v\FAKE_T1_1085_IOM_SAD_XX__AUDIO_1085_IOM_ANG_XX_styletts.pt
FAKE_T1_1085_ITH_SAD_XX__AUDIO_1085_ITH_ANG_XX_styletts,track1,1,crema_1085,ANG,SAD,-1,1,1,1,,data\preprocessed\features\z_at\FAKE_T1_1085_ITH_SAD_XX__AUDIO_1085_ITH_ANG_XX_styletts.pt,data\preprocessed\features\z_v\FAKE_T1_1085_ITH_SAD_XX__AUDIO_1085_ITH_ANG_XX_styletts.pt
FAKE_T1_1085_ITS_FEA_XX__AUDIO_1085_ITS_HAP_XX_styletts,track1,1,crema_1085,HAP,FEA,-1,1,1,1,,data\preprocessed\features\z_at\FAKE_T1_1085_ITS_FEA_XX__AUDIO_1085_ITS_HAP_XX_styletts.pt,data\preprocessed\features\z_v\FAKE_T1_1085_ITS_FEA_XX__AUDIO_1085_ITS_HAP_XX_styletts.pt
FAKE_T1_1085_ITS_NEU_XX__AUDIO_1085_ITS_SAD_XX_styletts,track1,1,crema_1085,SAD,NEU,-1,1,1,1,,data\preprocessed\features\z_at\FAKE_T1_1085_ITS_NEU_XX__AUDIO_1085_ITS_SAD_XX_styletts.pt,data\preprocessed\features\z_v\FAKE_T1_1085_ITS_NEU_XX__AUDIO_1085_ITS_SAD_XX_styletts.pt
FAKE_T1_1085_IWL_FEA_XX__AUDIO_1085_IWL_HAP_XX_styletts,track1,1,crema_1085,HAP,FEA,-1,1,1,1,,data\preprocessed\features\z_at\FAKE_T1_1085_IWL_FEA_XX__AUDIO_1085_IWL_HAP_XX_styletts.pt,data\preprocessed\features\z_v\FAKE_T1_1085_IWL_FEA_XX__AUDIO_1085_IWL_HAP_XX_styletts.pt
FAKE_T1_1085_IWW_NEU_XX__AUDIO_1085_IWW_SAD_XX_styletts,track1,1,crema_1085,SAD,NEU,-1,1,1,1,,data\preprocessed\features\z_at\FAKE_T1_1085_IWW_NEU_XX__AUDIO_1085_IWW_SAD_XX_styletts.pt,data\preprocessed\features\z_v\FAKE_T1_1085_IWW_NEU_XX__AUDIO_1085_IWW_SAD_XX_styletts.pt
FAKE_T1_1085_MTI_FEA_XX__AUDIO_1085_MTI_HAP_XX_styletts,track1,1,crema_1085,HAP,FEA,-1,1,1,1,,data\preprocessed\features\z_at\FAKE_T1_1085_MTI_FEA_XX__AUDIO_1085_MTI_HAP_XX_styletts.pt,data\preprocessed\features\z_v\FAKE_T1_1085_MTI_FEA_XX__AUDIO_1085_MTI_HAP_XX_styletts.pt
FAKE_T1_1085_TAI_HAP_XX__AUDIO_1085_TAI_NEU_XX_styletts,track1,1,crema_1085,NEU,HAP,-1,1,1,1,,data\preprocessed\features\z_at\FAKE_T1_1085_TAI_HAP_XX__AUDIO_1085_TAI_NEU_XX_styletts.pt,data\preprocessed\features\z_v\FAKE_T1_1085_TAI_HAP_XX__AUDIO_1085_TAI_NEU_XX_styletts.pt
FAKE_T1_1085_TAI_SAD_XX__AUDIO_1085_TAI_ANG_XX_styletts,track1,1,crema_1085,ANG,SAD,-1,1,1,1,,data\preprocessed\features\z_at\FAKE_T1_1085_TAI_SAD_XX__AUDIO_1085_TAI_ANG_XX_styletts.pt,data\preprocessed\features\z_v\FAKE_T1_1085_TAI_SAD_XX__AUDIO_1085_TAI_ANG_XX_styletts.pt
FAKE_T1_1085_TIE_ANG_XX__AUDIO_1085_TIE_DIS_XX_styletts,track1,1,crema_1085,DIS,ANG,-1,1,1,1,,data\preprocessed\features\z_at\FAKE_T1_1085_TIE_ANG_XX__AUDIO_1085_TIE_DIS_XX_styletts.pt,data\preprocessed\features\z_v\FAKE_T1_1085_TIE_ANG_XX__AUDIO_1085_TIE_DIS_XX_styletts.pt
FAKE_T1_1085_TIE_DIS_XX__AUDIO_1085_TIE_FEA_XX_styletts,track1,1,crema_1085,FEA,DIS,-1,1,1,1,,data\preprocessed\features\z_at\FAKE_T1_1085_TIE_DIS_XX__AUDIO_1085_TIE_FEA_XX_styletts.pt,data\preprocessed\features\z_v\FAKE_T1_1085_TIE_DIS_XX__AUDIO_1085_TIE_FEA_XX_styletts.pt
FAKE_T1_1085_TIE_HAP_XX__AUDIO_1085_TIE_NEU_XX_styletts,track1,1,crema_1085,NEU,HAP,-1,1,1,1,,data\preprocessed\features\z_at\FAKE_T1_1085_TIE_HAP_XX__AUDIO_1085_TIE_NEU_XX_styletts.pt,data\preprocessed\features\z_v\FAKE_T1_1085_TIE_HAP_XX__AUDIO_1085_TIE_NEU_XX_styletts.pt
FAKE_T1_1085_TSI_DIS_XX__AUDIO_1085_TSI_FEA_XX_styletts,track1,1,crema_1085,FEA,DIS,-1,1,1,1,,data\preprocessed\features\z_at\FAKE_T1_1085_TSI_DIS_XX__AUDIO_1085_TSI_FEA_XX_styletts.pt,data\preprocessed\features\z_v\FAKE_T1_1085_TSI_DIS_XX__AUDIO_1085_TSI_FEA_XX_styletts.pt
FAKE_T1_1086_DFA_DIS_XX__AUDIO_1086_DFA_FEA_XX_styletts,track1,1,crema_1086,FEA,DIS,-1,1,1,1,,data\preprocessed\features\z_at\FAKE_T1_1086_DFA_DIS_XX__AUDIO_1086_DFA_FEA_XX_styletts.pt,data\preprocessed\features\z_v\FAKE_T1_1086_DFA_DIS_XX__AUDIO_1086_DFA_FEA_XX_styletts.pt
FAKE_T1_1086_DFA_HAP_XX__AUDIO_1086_DFA_NEU_XX_styletts,track1,1,crema_1086,NEU,HAP,-1,1,1,1,,data\preprocessed\features\z_at\FAKE_T1_1086_DFA_HAP_XX__AUDIO_1086_DFA_NEU_XX_styletts.pt,data\preprocessed\features\z_v\FAKE_T1_1086_DFA_HAP_XX__AUDIO_1086_DFA_NEU_XX_styletts.pt
FAKE_T1_1086_IEO_ANG_LO__AUDIO_1086_IEO_DIS_LO_styletts,track1,1,crema_1086,DIS,ANG,-1,1,1,1,,data\preprocessed\features\z_at\FAKE_T1_1086_IEO_ANG_LO__AUDIO_1086_IEO_DIS_LO_styletts.pt,data\preprocessed\features\z_v\FAKE_T1_1086_IEO_ANG_LO__AUDIO_1086_IEO_DIS_LO_styletts.pt
FAKE_T1_1086_IEO_DIS_HI__AUDIO_1086_IEO_FEA_HI_styletts,track1,1,crema_1086,FEA,DIS,-1,1,1,1,,data\preprocessed\features\z_at\FAKE_T1_1086_IEO_DIS_HI__AUDIO_1086_IEO_FEA_HI_styletts.pt,data\preprocessed\features\z_v\FAKE_T1_1086_IEO_DIS_HI__AUDIO_1086_IEO_FEA_HI_styletts.pt
FAKE_T1_1086_IEO_DIS_MD__AUDIO_1086_IEO_FEA_MD_styletts,track1,1,crema_1086,FEA,DIS,-1,1,1,1,,data\preprocessed\features\z_at\FAKE_T1_1086_IEO_DIS_MD__AUDIO_1086_IEO_FEA_MD_styletts.pt,data\preprocessed\features\z_v\FAKE_T1_1086_IEO_DIS_MD__AUDIO_1086_IEO_FEA_MD_styletts.pt
FAKE_T1_1086_IEO_HAP_LO__AUDIO_1086_IEO_NEU_XX_styletts,track1,1,crema_1086,NEU,HAP,-1,1,1,1,,data\preprocessed\features\z_at\FAKE_T1_1086_IEO_HAP_LO__AUDIO_1086_IEO_NEU_XX_styletts.pt,data\preprocessed\features\z_v\FAKE_T1_1086_IEO_HAP_LO__AUDIO_1086_IEO_NEU_XX_styletts.pt
FAKE_T1_1086_ITH_NEU_XX__AUDIO_1086_ITH_SAD_XX_styletts,track1,1,crema_1086,SAD,NEU,-1,1,1,1,,data\preprocessed\features\z_at\FAKE_T1_1086_ITH_NEU_XX__AUDIO_1086_ITH_SAD_XX_styletts.pt,data\preprocessed\features\z_v\FAKE_T1_1086_ITH_NEU_XX__AUDIO_1086_ITH_SAD_XX_styletts.pt
FAKE_T1_1086_ITS_DIS_XX__AUDIO_1086_ITS_FEA_XX_styletts,track1,1,crema_1086,FEA,DIS,-1,1,1,1,,data\preprocessed\features\z_at\FAKE_T1_1086_ITS_DIS_XX__AUDIO_1086_ITS_FEA_XX_styletts.pt,data\preprocessed\features\z_v\FAKE_T1_1086_ITS_DIS_XX__AUDIO_1086_ITS_FEA_XX_styletts.pt
FAKE_T1_1086_ITS_FEA_XX__AUDIO_1086_ITS_HAP_XX_styletts,track1,1,crema_1086,HAP,FEA,-1,1,1,1,,data\preprocessed\features\z_at\FAKE_T1_1086_ITS_FEA_XX__AUDIO_1086_ITS_HAP_XX_styletts.pt,data\preprocessed\features\z_v\FAKE_T1_1086_ITS_FEA_XX__AUDIO_1086_ITS_HAP_XX_styletts.pt
FAKE_T1_1086_IWL_HAP_XX__AUDIO_1086_IWL_NEU_XX_styletts,track1,1,crema_1086,NEU,HAP,-1,1,1,1,,data\preprocessed\features\z_at\FAKE_T1_1086_IWL_HAP_XX__AUDIO_1086_IWL_NEU_XX_styletts.pt,data\preprocessed\features\z_v\FAKE_T1_1086_IWL_HAP_XX__AUDIO_1086_IWL_NEU_XX_styletts.pt
FAKE_T1_1086_IWL_SAD_XX__AUDIO_1086_IWL_ANG_XX_styletts,track1,1,crema_1086,ANG,SAD,-1,1,1,1,,data\preprocessed\features\z_at\FAKE_T1_1086_IWL_SAD_XX__AUDIO_1086_IWL_ANG_XX_styletts.pt,data\preprocessed\features\z_v\FAKE_T1_1086_IWL_SAD_XX__AUDIO_1086_IWL_ANG_XX_styletts.pt
FAKE_T1_1086_MTI_SAD_XX__AUDIO_1086_MTI_ANG_XX_styletts,track1,1,crema_1086,ANG,SAD,-1,1,1,1,,data\preprocessed\features\z_at\FAKE_T1_1086_MTI_SAD_XX__AUDIO_1086_MTI_ANG_XX_styletts.pt,data\preprocessed\features\z_v\FAKE_T1_1086_MTI_SAD_XX__AUDIO_1086_MTI_ANG_XX_styletts.pt
FAKE_T1_1086_TAI_SAD_XX__AUDIO_1086_TAI_ANG_XX_styletts,track1,1,crema_1086,ANG,SAD,-1,1,1,1,,data\preprocessed\features\z_at\FAKE_T1_1086_TAI_SAD_XX__AUDIO_1086_TAI_ANG_XX_styletts.pt,data\preprocessed\features\z_v\FAKE_T1_1086_TAI_SAD_XX__AUDIO_1086_TAI_ANG_XX_styletts.pt
FAKE_T1_1086_TSI_ANG_XX__AUDIO_1086_TSI_DIS_XX_styletts,track1,1,crema_1086,DIS,ANG,-1,1,1,1,,data\preprocessed\features\z_at\FAKE_T1_1086_TSI_ANG_XX__AUDIO_1086_TSI_DIS_XX_styletts.pt,data\preprocessed\features\z_v\FAKE_T1_1086_TSI_ANG_XX__AUDIO_1086_TSI_DIS_XX_styletts.pt
FAKE_T1_1086_TSI_NEU_XX__AUDIO_1086_TSI_SAD_XX_styletts,track1,1,crema_1086,SAD,NEU,-1,1,1,1,,data\preprocessed\features\z_at\FAKE_T1_1086_TSI_NEU_XX__AUDIO_1086_TSI_SAD_XX_styletts.pt,data\preprocessed\features\z_v\FAKE_T1_1086_TSI_NEU_XX__AUDIO_1086_TSI_SAD_XX_styletts.pt
FAKE_T1_1086_WSI_SAD_XX__AUDIO_1086_WSI_ANG_XX_styletts,track1,1,crema_1086,ANG,SAD,-1,1,1,1,,data\preprocessed\features\z_at\FAKE_T1_1086_WSI_SAD_XX__AUDIO_1086_WSI_ANG_XX_styletts.pt,data\preprocessed\features\z_v\FAKE_T1_1086_WSI_SAD_XX__AUDIO_1086_WSI_ANG_XX_styletts.pt
FAKE_T1_1087_DFA_DIS_XX__AUDIO_1087_DFA_FEA_XX_styletts,track1,1,crema_1087,FEA,DIS,-1,1,1,1,,data\preprocessed\features\z_at\FAKE_T1_1087_DFA_DIS_XX__AUDIO_1087_DFA_FEA_XX_styletts.pt,data\preprocessed\features\z_v\FAKE_T1_1087_DFA_DIS_XX__AUDIO_1087_DFA_FEA_XX_styletts.pt
FAKE_T1_1087_DFA_SAD_XX__AUDIO_1087_DFA_ANG_XX_styletts,track1,1,crema_1087,ANG,SAD,-1,1,1,1,,data\preprocessed\features\z_at\FAKE_T1_1087_DFA_SAD_XX__AUDIO_1087_DFA_ANG_XX_styletts.pt,data\preprocessed\features\z_v\FAKE_T1_1087_DFA_SAD_XX__AUDIO_1087_DFA_ANG_XX_styletts.pt
FAKE_T1_1087_IEO_ANG_LO__AUDIO_1087_IEO_DIS_LO_styletts,track1,1,crema_1087,DIS,ANG,-1,1,1,1,,data\preprocessed\features\z_at\FAKE_T1_1087_IEO_ANG_LO__AUDIO_1087_IEO_DIS_LO_styletts.pt,data\preprocessed\features\z_v\FAKE_T1_1087_IEO_ANG_LO__AUDIO_1087_IEO_DIS_LO_styletts.pt
FAKE_T1_1087_IEO_DIS_LO__AUDIO_1087_IEO_FEA_LO_styletts,track1,1,crema_1087,FEA,DIS,-1,1,1,1,,data\preprocessed\features\z_at\FAKE_T1_1087_IEO_DIS_LO__AUDIO_1087_IEO_FEA_LO_styletts.pt,data\preprocessed\features\z_v\FAKE_T1_1087_IEO_DIS_LO__AUDIO_1087_IEO_FEA_LO_styletts.pt
FAKE_T1_1087_IEO_DIS_MD__AUDIO_1087_IEO_FEA_MD_styletts,track1,1,crema_1087,FEA,DIS,-1,1,1,1,,data\preprocessed\features\z_at\FAKE_T1_1087_IEO_DIS_MD__AUDIO_1087_IEO_FEA_MD_styletts.pt,data\preprocessed\features\z_v\FAKE_T1_1087_IEO_DIS_MD__AUDIO_1087_IEO_FEA_MD_styletts.pt
FAKE_T1_1087_IEO_FEA_MD__AUDIO_1087_IEO_HAP_MD_styletts,track1,1,crema_1087,HAP,FEA,-1,1,1,1,,data\preprocessed\features\z_at\FAKE_T1_1087_IEO_FEA_MD__AUDIO_1087_IEO_HAP_MD_styletts.pt,data\preprocessed\features\z_v\FAKE_T1_1087_IEO_FEA_MD__AUDIO_1087_IEO_HAP_MD_styletts.pt
FAKE_T1_1087_IEO_HAP_MD__AUDIO_1087_IEO_NEU_XX_styletts,track1,1,crema_1087,NEU,HAP,-1,1,1,1,,data\preprocessed\features\z_at\FAKE_T1_1087_IEO_HAP_MD__AUDIO_1087_IEO_NEU_XX_styletts.pt,data\preprocessed\features\z_v\FAKE_T1_1087_IEO_HAP_MD__AUDIO_1087_IEO_NEU_XX_styletts.pt
FAKE_T1_1087_IEO_SAD_MD__AUDIO_1087_IEO_ANG_MD_styletts,track1,1,crema_1087,ANG,SAD,-1,1,1,1,,data\preprocessed\features\z_at\FAKE_T1_1087_IEO_SAD_MD__AUDIO_1087_IEO_ANG_MD_styletts.pt,data\preprocessed\features\z_v\FAKE_T1_1087_IEO_SAD_MD__AUDIO_1087_IEO_ANG_MD_styletts.pt
FAKE_T1_1087_ITH_ANG_XX__AUDIO_1087_ITH_DIS_XX_styletts,track1,1,crema_1087,DIS,ANG,-1,1,1,1,,data\preprocessed\features\z_at\FAKE_T1_1087_ITH_ANG_XX__AUDIO_1087_ITH_DIS_XX_styletts.pt,data\preprocessed\features\z_v\FAKE_T1_1087_ITH_ANG_XX__AUDIO_1087_ITH_DIS_XX_styletts.pt
FAKE_T1_1087_ITH_DIS_XX__AUDIO_1087_ITH_FEA_XX_styletts,track1,1,crema_1087,FEA,DIS,-1,1,1,1,,data\preprocessed\features\z_at\FAKE_T1_1087_ITH_DIS_XX__AUDIO_1087_ITH_FEA_XX_styletts.pt,data\preprocessed\features\z_v\FAKE_T1_1087_ITH_DIS_XX__AUDIO_1087_ITH_FEA_XX_styletts.pt
FAKE_T1_1087_ITH_NEU_XX__AUDIO_1087_ITH_SAD_XX_styletts,track1,1,crema_1087,SAD,NEU,-1,1,1,1,,data\preprocessed\features\z_at\FAKE_T1_1087_ITH_NEU_XX__AUDIO_1087_ITH_SAD_XX_styletts.pt,data\preprocessed\features\z_v\FAKE_T1_1087_ITH_NEU_XX__AUDIO_1087_ITH_SAD_XX_styletts.pt
FAKE_T1_1087_ITS_ANG_XX__AUDIO_1087_ITS_DIS_XX_styletts,track1,1,crema_1087,DIS,ANG,-1,1,1,1,,data\preprocessed\features\z_at\FAKE_T1_1087_ITS_ANG_XX__AUDIO_1087_ITS_DIS_XX_styletts.pt,data\preprocessed\features\z_v\FAKE_T1_1087_ITS_ANG_XX__AUDIO_1087_ITS_DIS_XX_styletts.pt
FAKE_T1_1087_IWL_NEU_XX__AUDIO_1087_IWL_SAD_XX_styletts,track1,1,crema_1087,SAD,NEU,-1,1,1,1,,data\preprocessed\features\z_at\FAKE_T1_1087_IWL_NEU_XX__AUDIO_1087_IWL_SAD_XX_styletts.pt,data\preprocessed\features\z_v\FAKE_T1_1087_IWL_NEU_XX__AUDIO_1087_IWL_SAD_XX_styletts.pt
FAKE_T1_1087_IWW_NEU_XX__AUDIO_1087_IWW_SAD_XX_styletts,track1,1,crema_1087,SAD,NEU,-1,1,1,1,,data\preprocessed\features\z_at\FAKE_T1_1087_IWW_NEU_XX__AUDIO_1087_IWW_SAD_XX_styletts.pt,data\preprocessed\features\z_v\FAKE_T1_1087_IWW_NEU_XX__AUDIO_1087_IWW_SAD_XX_styletts.pt
FAKE_T1_1087_MTI_HAP_XX__AUDIO_1087_MTI_NEU_XX_styletts,track1,1,crema_1087,NEU,HAP,-1,1,1,1,,data\preprocessed\features\z_at\FAKE_T1_1087_MTI_HAP_XX__AUDIO_1087_MTI_NEU_XX_styletts.pt,data\preprocessed\features\z_v\FAKE_T1_1087_MTI_HAP_XX__AUDIO_1087_MTI_NEU_XX_styletts.pt
FAKE_T1_1087_TIE_HAP_XX__AUDIO_1087_TIE_NEU_XX_styletts,track1,1,crema_1087,NEU,HAP,-1,1,1,1,,data\preprocessed\features\z_at\FAKE_T1_1087_TIE_HAP_XX__AUDIO_1087_TIE_NEU_XX_styletts.pt,data\preprocessed\features\z_v\FAKE_T1_1087_TIE_HAP_XX__AUDIO_1087_TIE_NEU_XX_styletts.pt
FAKE_T1_1088_DFA_DIS_XX__AUDIO_1088_DFA_FEA_XX_styletts,track1,1,crema_1088,FEA,DIS,-1,1,1,1,,data\preprocessed\features\z_at\FAKE_T1_1088_DFA_DIS_XX__AUDIO_1088_DFA_FEA_XX_styletts.pt,data\preprocessed\features\z_v\FAKE_T1_1088_DFA_DIS_XX__AUDIO_1088_DFA_FEA_XX_styletts.pt
FAKE_T1_1088_IOM_NEU_XX__AUDIO_1088_IOM_SAD_XX_styletts,track1,1,crema_1088,SAD,NEU,-1,1,1,1,,data\preprocessed\features\z_at\FAKE_T1_1088_IOM_NEU_XX__AUDIO_1088_IOM_SAD_XX_styletts.pt,data\preprocessed\features\z_v\FAKE_T1_1088_IOM_NEU_XX__AUDIO_1088_IOM_SAD_XX_styletts.pt
FAKE_T1_1088_IOM_SAD_XX__AUDIO_1088_IOM_ANG_XX_styletts,track1,1,crema_1088,ANG,SAD,-1,1,1,1,,data\preprocessed\features\z_at\FAKE_T1_1088_IOM_SAD_XX__AUDIO_1088_IOM_ANG_XX_styletts.pt,data\preprocessed\features\z_v\FAKE_T1_1088_IOM_SAD_XX__AUDIO_1088_IOM_ANG_XX_styletts.pt
FAKE_T1_1088_ITS_FEA_XX__AUDIO_1088_ITS_HAP_XX_styletts,track1,1,crema_1088,HAP,FEA,-1,1,1,1,,data\preprocessed\features\z_at\FAKE_T1_1088_ITS_FEA_XX__AUDIO_1088_ITS_HAP_XX_styletts.pt,data\preprocessed\features\z_v\FAKE_T1_1088_ITS_FEA_XX__AUDIO_1088_ITS_HAP_XX_styletts.pt
FAKE_T1_1088_IWL_DIS_XX__AUDIO_1088_IWL_FEA_XX_styletts,track1,1,crema_1088,FEA,DIS,-1,1,1,1,,data\preprocessed\features\z_at\FAKE_T1_1088_IWL_DIS_XX__AUDIO_1088_IWL_FEA_XX_styletts.pt,data\preprocessed\features\z_v\FAKE_T1_1088_IWL_DIS_XX__AUDIO_1088_IWL_FEA_XX_styletts.pt
FAKE_T1_1088_IWL_HAP_XX__AUDIO_1088_IWL_NEU_XX_styletts,track1,1,crema_1088,NEU,HAP,-1,1,1,1,,data\preprocessed\features\z_at\FAKE_T1_1088_IWL_HAP_XX__AUDIO_1088_IWL_NEU_XX_styletts.pt,data\preprocessed\features\z_v\FAKE_T1_1088_IWL_HAP_XX__AUDIO_1088_IWL_NEU_XX_styletts.pt
FAKE_T1_1088_IWW_NEU_XX__AUDIO_1088_IWW_SAD_XX_styletts,track1,1,crema_1088,SAD,NEU,-1,1,1,1,,data\preprocessed\features\z_at\FAKE_T1_1088_IWW_NEU_XX__AUDIO_1088_IWW_SAD_XX_styletts.pt,data\preprocessed\features\z_v\FAKE_T1_1088_IWW_NEU_XX__AUDIO_1088_IWW_SAD_XX_styletts.pt
FAKE_T1_1088_MTI_DIS_XX__AUDIO_1088_MTI_FEA_XX_styletts,track1,1,crema_1088,FEA,DIS,-1,1,1,1,,data\preprocessed\features\z_at\FAKE_T1_1088_MTI_DIS_XX__AUDIO_1088_MTI_FEA_XX_styletts.pt,data\preprocessed\features\z_v\FAKE_T1_1088_MTI_DIS_XX__AUDIO_1088_MTI_FEA_XX_styletts.pt
FAKE_T1_1088_MTI_HAP_XX__AUDIO_1088_MTI_NEU_XX_styletts,track1,1,crema_1088,NEU,HAP,-1,1,1,1,,data\preprocessed\features\z_at\FAKE_T1_1088_MTI_HAP_XX__AUDIO_1088_MTI_NEU_XX_styletts.pt,data\preprocessed\features\z_v\FAKE_T1_1088_MTI_HAP_XX__AUDIO_1088_MTI_NEU_XX_styletts.pt
FAKE_T1_1088_TIE_ANG_XX__AUDIO_1088_TIE_DIS_XX_styletts,track1,1,crema_1088,DIS,ANG,-1,1,1,1,,data\preprocessed\features\z_at\FAKE_T1_1088_TIE_ANG_XX__AUDIO_1088_TIE_DIS_XX_styletts.pt,data\preprocessed\features\z_v\FAKE_T1_1088_TIE_ANG_XX__AUDIO_1088_TIE_DIS_XX_styletts.pt
FAKE_T1_1088_TIE_DIS_XX__AUDIO_1088_TIE_FEA_XX_styletts,track1,1,crema_1088,FEA,DIS,-1,1,1,1,,data\preprocessed\features\z_at\FAKE_T1_1088_TIE_DIS_XX__AUDIO_1088_TIE_FEA_XX_styletts.pt,data\preprocessed\features\z_v\FAKE_T1_1088_TIE_DIS_XX__AUDIO_1088_TIE_FEA_XX_styletts.pt
FAKE_T1_1088_TIE_FEA_XX__AUDIO_1088_TIE_HAP_XX_styletts,track1,1,crema_1088,HAP,FEA,-1,1,1,1,,data\preprocessed\features\z_at\FAKE_T1_1088_TIE_FEA_XX__AUDIO_1088_TIE_HAP_XX_styletts.pt,data\preprocessed\features\z_v\FAKE_T1_1088_TIE_FEA_XX__AUDIO_1088_TIE_HAP_XX_styletts.pt
FAKE_T1_1088_TSI_DIS_XX__AUDIO_1088_TSI_FEA_XX_styletts,track1,1,crema_1088,FEA,DIS,-1,1,1,1,,data\preprocessed\features\z_at\FAKE_T1_1088_TSI_DIS_XX__AUDIO_1088_TSI_FEA_XX_styletts.pt,data\preprocessed\features\z_v\FAKE_T1_1088_TSI_DIS_XX__AUDIO_1088_TSI_FEA_XX_styletts.pt
FAKE_T1_1088_TSI_SAD_XX__AUDIO_1088_TSI_ANG_XX_styletts,track1,1,crema_1088,ANG,SAD,-1,1,1,1,,data\preprocessed\features\z_at\FAKE_T1_1088_TSI_SAD_XX__AUDIO_1088_TSI_ANG_XX_styletts.pt,data\preprocessed\features\z_v\FAKE_T1_1088_TSI_SAD_XX__AUDIO_1088_TSI_ANG_XX_styletts.pt
FAKE_T1_1088_WSI_DIS_XX__AUDIO_1088_WSI_FEA_XX_styletts,track1,1,crema_1088,FEA,DIS,-1,1,1,1,,data\preprocessed\features\z_at\FAKE_T1_1088_WSI_DIS_XX__AUDIO_1088_WSI_FEA_XX_styletts.pt,data\preprocessed\features\z_v\FAKE_T1_1088_WSI_DIS_XX__AUDIO_1088_WSI_FEA_XX_styletts.pt
FAKE_T1_1088_WSI_HAP_XX__AUDIO_1088_WSI_NEU_XX_styletts,track1,1,crema_1088,NEU,HAP,-1,1,1,1,,data\preprocessed\features\z_at\FAKE_T1_1088_WSI_HAP_XX__AUDIO_1088_WSI_NEU_XX_styletts.pt,data\preprocessed\features\z_v\FAKE_T1_1088_WSI_HAP_XX__AUDIO_1088_WSI_NEU_XX_styletts.pt
FAKE_T1_1089_DFA_NEU_XX__AUDIO_1089_DFA_SAD_XX_styletts,track1,1,crema_1089,SAD,NEU,-1,1,1,1,,data\preprocessed\features\z_at\FAKE_T1_1089_DFA_NEU_XX__AUDIO_1089_DFA_SAD_XX_styletts.pt,data\preprocessed\features\z_v\FAKE_T1_1089_DFA_NEU_XX__AUDIO_1089_DFA_SAD_XX_styletts.pt
FAKE_T1_1089_DFA_SAD_XX__AUDIO_1089_DFA_ANG_XX_styletts,track1,1,crema_1089,ANG,SAD,-1,1,1,1,,data\preprocessed\features\z_at\FAKE_T1_1089_DFA_SAD_XX__AUDIO_1089_DFA_ANG_XX_styletts.pt,data\preprocessed\features\z_v\FAKE_T1_1089_DFA_SAD_XX__AUDIO_1089_DFA_ANG_XX_styletts.pt
FAKE_T1_1089_IEO_DIS_HI__AUDIO_1089_IEO_FEA_HI_styletts,track1,1,crema_1089,FEA,DIS,-1,1,1,1,,data\preprocessed\features\z_at\FAKE_T1_1089_IEO_DIS_HI__AUDIO_1089_IEO_FEA_HI_styletts.pt,data\preprocessed\features\z_v\FAKE_T1_1089_IEO_DIS_HI__AUDIO_1089_IEO_FEA_HI_styletts.pt
FAKE_T1_1089_IEO_HAP_MD__AUDIO_1089_IEO_NEU_XX_styletts,track1,1,crema_1089,NEU,HAP,-1,1,1,1,,data\preprocessed\features\z_at\FAKE_T1_1089_IEO_HAP_MD__AUDIO_1089_IEO_NEU_XX_styletts.pt,data\preprocessed\features\z_v\FAKE_T1_1089_IEO_HAP_MD__AUDIO_1089_IEO_NEU_XX_styletts.pt
FAKE_T1_1089_IEO_SAD_HI__AUDIO_1089_IEO_ANG_HI_styletts,track1,1,crema_1089,ANG,SAD,-1,1,1,1,,data\preprocessed\features\z_at\FAKE_T1_1089_IEO_SAD_HI__AUDIO_1089_IEO_ANG_HI_styletts.pt,data\preprocessed\features\z_v\FAKE_T1_1089_IEO_SAD_HI__AUDIO_1089_IEO_ANG_HI_styletts.pt
FAKE_T1_1089_IOM_DIS_XX__AUDIO_1089_IOM_FEA_XX_styletts,track1,1,crema_1089,FEA,DIS,-1,1,1,1,,data\preprocessed\features\z_at\FAKE_T1_1089_IOM_DIS_XX__AUDIO_1089_IOM_FEA_XX_styletts.pt,data\preprocessed\features\z_v\FAKE_T1_1089_IOM_DIS_XX__AUDIO_1089_IOM_FEA_XX_styletts.pt
FAKE_T1_1089_IOM_FEA_XX__AUDIO_1089_IOM_HAP_XX_styletts,track1,1,crema_1089,HAP,FEA,-1,1,1,1,,data\preprocessed\features\z_at\FAKE_T1_1089_IOM_FEA_XX__AUDIO_1089_IOM_HAP_XX_styletts.pt,data\preprocessed\features\z_v\FAKE_T1_1089_IOM_FEA_XX__AUDIO_1089_IOM_HAP_XX_styletts.pt
FAKE_T1_1089_ITH_FEA_XX__AUDIO_1089_ITH_HAP_XX_styletts,track1,1,crema_1089,HAP,FEA,-1,1,1,1,,data\preprocessed\features\z_at\FAKE_T1_1089_ITH_FEA_XX__AUDIO_1089_ITH_HAP_XX_styletts.pt,data\preprocessed\features\z_v\FAKE_T1_1089_ITH_FEA_XX__AUDIO_1089_ITH_HAP_XX_styletts.pt
FAKE_T1_1089_ITH_NEU_XX__AUDIO_1089_ITH_SAD_XX_styletts,track1,1,crema_1089,SAD,NEU,-1,1,1,1,,data\preprocessed\features\z_at\FAKE_T1_1089_ITH_NEU_XX__AUDIO_1089_ITH_SAD_XX_styletts.pt,data\preprocessed\features\z_v\FAKE_T1_1089_ITH_NEU_XX__AUDIO_1089_ITH_SAD_XX_styletts.pt
FAKE_T1_1089_ITS_HAP_XX__AUDIO_1089_ITS_NEU_XX_styletts,track1,1,crema_1089,NEU,HAP,-1,1,1,1,,data\preprocessed\features\z_at\FAKE_T1_1089_ITS_HAP_XX__AUDIO_1089_ITS_NEU_XX_styletts.pt,data\preprocessed\features\z_v\FAKE_T1_1089_ITS_HAP_XX__AUDIO_1089_ITS_NEU_XX_styletts.pt
FAKE_T1_1089_TAI_ANG_XX__AUDIO_1089_TAI_DIS_XX_styletts,track1,1,crema_1089,DIS,ANG,-1,1,1,1,,data\preprocessed\features\z_at\FAKE_T1_1089_TAI_ANG_XX__AUDIO_1089_TAI_DIS_XX_styletts.pt,data\preprocessed\features\z_v\FAKE_T1_1089_TAI_ANG_XX__AUDIO_1089_TAI_DIS_XX_styletts.pt
FAKE_T1_1089_TAI_NEU_XX__AUDIO_1089_TAI_SAD_XX_styletts,track1,1,crema_1089,SAD,NEU,-1,1,1,1,,data\preprocessed\features\z_at\FAKE_T1_1089_TAI_NEU_XX__AUDIO_1089_TAI_SAD_XX_styletts.pt,data\preprocessed\features\z_v\FAKE_T1_1089_TAI_NEU_XX__AUDIO_1089_TAI_SAD_XX_styletts.pt
FAKE_T1_1089_TAI_SAD_XX__AUDIO_1089_TAI_ANG_XX_styletts,track1,1,crema_1089,ANG,SAD,-1,1,1,1,,data\preprocessed\features\z_at\FAKE_T1_1089_TAI_SAD_XX__AUDIO_1089_TAI_ANG_XX_styletts.pt,data\preprocessed\features\z_v\FAKE_T1_1089_TAI_SAD_XX__AUDIO_1089_TAI_ANG_XX_styletts.pt
FAKE_T1_1089_TIE_NEU_XX__AUDIO_1089_TIE_SAD_XX_styletts,track1,1,crema_1089,SAD,NEU,-1,1,1,1,,data\preprocessed\features\z_at\FAKE_T1_1089_TIE_NEU_XX__AUDIO_1089_TIE_SAD_XX_styletts.pt,data\preprocessed\features\z_v\FAKE_T1_1089_TIE_NEU_XX__AUDIO_1089_TIE_SAD_XX_styletts.pt
FAKE_T1_1089_TSI_ANG_XX__AUDIO_1089_TSI_DIS_XX_styletts,track1,1,crema_1089,DIS,ANG,-1,1,1,1,,data\preprocessed\features\z_at\FAKE_T1_1089_TSI_ANG_XX__AUDIO_1089_TSI_DIS_XX_styletts.pt,data\preprocessed\features\z_v\FAKE_T1_1089_TSI_ANG_XX__AUDIO_1089_TSI_DIS_XX_styletts.pt
FAKE_T1_1089_TSI_SAD_XX__AUDIO_1089_TSI_ANG_XX_styletts,track1,1,crema_1089,ANG,SAD,-1,1,1,1,,data\preprocessed\features\z_at\FAKE_T1_1089_TSI_SAD_XX__AUDIO_1089_TSI_ANG_XX_styletts.pt,data\preprocessed\features\z_v\FAKE_T1_1089_TSI_SAD_XX__AUDIO_1089_TSI_ANG_XX_styletts.pt
FAKE_T1_1090_DFA_FEA_XX__AUDIO_1090_DFA_HAP_XX_styletts,track1,1,crema_1090,HAP,FEA,-1,1,1,1,,data\preprocessed\features\z_at\FAKE_T1_1090_DFA_FEA_XX__AUDIO_1090_DFA_HAP_XX_styletts.pt,data\preprocessed\features\z_v\FAKE_T1_1090_DFA_FEA_XX__AUDIO_1090_DFA_HAP_XX_styletts.pt
FAKE_T1_1090_IEO_ANG_LO__AUDIO_1090_IEO_DIS_LO_styletts,track1,1,crema_1090,DIS,ANG,-1,1,1,1,,data\preprocessed\features\z_at\FAKE_T1_1090_IEO_ANG_LO__AUDIO_1090_IEO_DIS_LO_styletts.pt,data\preprocessed\features\z_v\FAKE_T1_1090_IEO_ANG_LO__AUDIO_1090_IEO_DIS_LO_styletts.pt
FAKE_T1_1090_IEO_HAP_MD__AUDIO_1090_IEO_NEU_XX_styletts,track1,1,crema_1090,NEU,HAP,-1,1,1,1,,data\preprocessed\features\z_at\FAKE_T1_1090_IEO_HAP_MD__AUDIO_1090_IEO_NEU_XX_styletts.pt,data\preprocessed\features\z_v\FAKE_T1_1090_IEO_HAP_MD__AUDIO_1090_IEO_NEU_XX_styletts.pt
FAKE_T1_1090_IEO_NEU_XX__AUDIO_1090_IEO_SAD_HI_styletts,track1,1,crema_1090,SAD,NEU,-1,1,1,1,,data\preprocessed\features\z_at\FAKE_T1_1090_IEO_NEU_XX__AUDIO_1090_IEO_SAD_HI_styletts.pt,data\preprocessed\features\z_v\FAKE_T1_1090_IEO_NEU_XX__AUDIO_1090_IEO_SAD_HI_styletts.pt
FAKE_T1_1090_IOM_NEU_XX__AUDIO_1090_IOM_SAD_XX_styletts,track1,1,crema_1090,SAD,NEU,-1,1,1,1,,data\preprocessed\features\z_at\FAKE_T1_1090_IOM_NEU_XX__AUDIO_1090_IOM_SAD_XX_styletts.pt,data\preprocessed\features\z_v\FAKE_T1_1090_IOM_NEU_XX__AUDIO_1090_IOM_SAD_XX_styletts.pt
FAKE_T1_1090_ITH_HAP_XX__AUDIO_1090_ITH_NEU_XX_styletts,track1,1,crema_1090,NEU,HAP,-1,1,1,1,,data\preprocessed\features\z_at\FAKE_T1_1090_ITH_HAP_XX__AUDIO_1090_ITH_NEU_XX_styletts.pt,data\preprocessed\features\z_v\FAKE_T1_1090_ITH_HAP_XX__AUDIO_1090_ITH_NEU_XX_styletts.pt
FAKE_T1_1090_ITS_NEU_XX__AUDIO_1090_ITS_SAD_XX_styletts,track1,1,crema_1090,SAD,NEU,-1,1,1,1,,data\preprocessed\features\z_at\FAKE_T1_1090_ITS_NEU_XX__AUDIO_1090_ITS_SAD_XX_styletts.pt,data\preprocessed\features\z_v\FAKE_T1_1090_ITS_NEU_XX__AUDIO_1090_ITS_SAD_XX_styletts.pt
FAKE_T1_1090_IWL_ANG_XX__AUDIO_1090_IWL_DIS_XX_styletts,track1,1,crema_1090,DIS,ANG,-1,1,1,1,,data\preprocessed\features\z_at\FAKE_T1_1090_IWL_ANG_XX__AUDIO_1090_IWL_DIS_XX_styletts.pt,data\preprocessed\features\z_v\FAKE_T1_1090_IWL_ANG_XX__AUDIO_1090_IWL_DIS_XX_styletts.pt
FAKE_T1_1090_IWW_FEA_XX__AUDIO_1090_IWW_HAP_XX_styletts,track1,1,crema_1090,HAP,FEA,-1,1,1,1,,data\preprocessed\features\z_at\FAKE_T1_1090_IWW_FEA_XX__AUDIO_1090_IWW_HAP_XX_styletts.pt,data\preprocessed\features\z_v\FAKE_T1_1090_IWW_FEA_XX__AUDIO_1090_IWW_HAP_XX_styletts.pt
FAKE_T1_1090_MTI_ANG_XX__AUDIO_1090_MTI_DIS_XX_styletts,track1,1,crema_1090,DIS,ANG,-1,1,1,1,,data\preprocessed\features\z_at\FAKE_T1_1090_MTI_ANG_XX__AUDIO_1090_MTI_DIS_XX_styletts.pt,data\preprocessed\features\z_v\FAKE_T1_1090_MTI_ANG_XX__AUDIO_1090_MTI_DIS_XX_styletts.pt
FAKE_T1_1090_TAI_DIS_XX__AUDIO_1090_TAI_FEA_XX_styletts,track1,1,crema_1090,FEA,DIS,-1,1,1,1,,data\preprocessed\features\z_at\FAKE_T1_1090_TAI_DIS_XX__AUDIO_1090_TAI_FEA_XX_styletts.pt,data\preprocessed\features\z_v\FAKE_T1_1090_TAI_DIS_XX__AUDIO_1090_TAI_FEA_XX_styletts.pt
FAKE_T1_1090_TAI_NEU_XX__AUDIO_1090_TAI_SAD_XX_styletts,track1,1,crema_1090,SAD,NEU,-1,1,1,1,,data\preprocessed\features\z_at\FAKE_T1_1090_TAI_NEU_XX__AUDIO_1090_TAI_SAD_XX_styletts.pt,data\preprocessed\features\z_v\FAKE_T1_1090_TAI_NEU_XX__AUDIO_1090_TAI_SAD_XX_styletts.pt
FAKE_T1_1090_TSI_DIS_XX__AUDIO_1090_TSI_FEA_XX_styletts,track1,1,crema_1090,FEA,DIS,-1,1,1,1,,data\preprocessed\features\z_at\FAKE_T1_1090_TSI_DIS_XX__AUDIO_1090_TSI_FEA_XX_styletts.pt,data\preprocessed\features\z_v\FAKE_T1_1090_TSI_DIS_XX__AUDIO_1090_TSI_FEA_XX_styletts.pt
FAKE_T1_1090_TSI_HAP_XX__AUDIO_1090_TSI_NEU_XX_styletts,track1,1,crema_1090,NEU,HAP,-1,1,1,1,,data\preprocessed\features\z_at\FAKE_T1_1090_TSI_HAP_XX__AUDIO_1090_TSI_NEU_XX_styletts.pt,data\preprocessed\features\z_v\FAKE_T1_1090_TSI_HAP_XX__AUDIO_1090_TSI_NEU_XX_styletts.pt
FAKE_T1_1090_TSI_NEU_XX__AUDIO_1090_TSI_SAD_XX_styletts,track1,1,crema_1090,SAD,NEU,-1,1,1,1,,data\preprocessed\features\z_at\FAKE_T1_1090_TSI_NEU_XX__AUDIO_1090_TSI_SAD_XX_styletts.pt,data\preprocessed\features\z_v\FAKE_T1_1090_TSI_NEU_XX__AUDIO_1090_TSI_SAD_XX_styletts.pt
FAKE_T1_1090_WSI_NEU_XX__AUDIO_1090_WSI_SAD_XX_styletts,track1,1,crema_1090,SAD,NEU,-1,1,1,1,,data\preprocessed\features\z_at\FAKE_T1_1090_WSI_NEU_XX__AUDIO_1090_WSI_SAD_XX_styletts.pt,data\preprocessed\features\z_v\FAKE_T1_1090_WSI_NEU_XX__AUDIO_1090_WSI_SAD_XX_styletts.pt
FAKE_T1_1091_DFA_ANG_XX__AUDIO_1091_DFA_DIS_XX_styletts,track1,1,crema_1091,DIS,ANG,-1,1,1,1,,data\preprocessed\features\z_at\FAKE_T1_1091_DFA_ANG_XX__AUDIO_1091_DFA_DIS_XX_styletts.pt,data\preprocessed\features\z_v\FAKE_T1_1091_DFA_ANG_XX__AUDIO_1091_DFA_DIS_XX_styletts.pt
FAKE_T1_1091_DFA_NEU_XX__AUDIO_1091_DFA_SAD_XX_styletts,track1,1,crema_1091,SAD,NEU,-1,1,1,1,,data\preprocessed\features\z_at\FAKE_T1_1091_DFA_NEU_XX__AUDIO_1091_DFA_SAD_XX_styletts.pt,data\preprocessed\features\z_v\FAKE_T1_1091_DFA_NEU_XX__AUDIO_1091_DFA_SAD_XX_styletts.pt
FAKE_T1_1091_IEO_FEA_LO__AUDIO_1091_IEO_HAP_LO_styletts,track1,1,crema_1091,HAP,FEA,-1,1,1,1,,data\preprocessed\features\z_at\FAKE_T1_1091_IEO_FEA_LO__AUDIO_1091_IEO_HAP_LO_styletts.pt,data\preprocessed\features\z_v\FAKE_T1_1091_IEO_FEA_LO__AUDIO_1091_IEO_HAP_LO_styletts.pt
FAKE_T1_1091_IEO_HAP_HI__AUDIO_1091_IEO_NEU_XX_styletts,track1,1,crema_1091,NEU,HAP,-1,1,1,1,,data\preprocessed\features\z_at\FAKE_T1_1091_IEO_HAP_HI__AUDIO_1091_IEO_NEU_XX_styletts.pt,data\preprocessed\features\z_v\FAKE_T1_1091_IEO_HAP_HI__AUDIO_1091_IEO_NEU_XX_styletts.pt
FAKE_T1_1091_IOM_FEA_XX__AUDIO_1091_IOM_HAP_XX_styletts,track1,1,crema_1091,HAP,FEA,-1,1,1,1,,data\preprocessed\features\z_at\FAKE_T1_1091_IOM_FEA_XX__AUDIO_1091_IOM_HAP_XX_styletts.pt,data\preprocessed\features\z_v\FAKE_T1_1091_IOM_FEA_XX__AUDIO_1091_IOM_HAP_XX_styletts.pt
FAKE_T1_1091_ITH_DIS_XX__AUDIO_1091_ITH_FEA_XX_styletts,track1,1,crema_1091,FEA,DIS,-1,1,1,1,,data\preprocessed\features\z_at\FAKE_T1_1091_ITH_DIS_XX__AUDIO_1091_ITH_FEA_XX_styletts.pt,data\preprocessed\features\z_v\FAKE_T1_1091_ITH_DIS_XX__AUDIO_1091_ITH_FEA_XX_styletts.pt
FAKE_T1_1091_ITS_ANG_XX__AUDIO_1091_ITS_DIS_XX_styletts,track1,1,crema_1091,DIS,ANG,-1,1,1,1,,data\preprocessed\features\z_at\FAKE_T1_1091_ITS_ANG_XX__AUDIO_1091_ITS_DIS_XX_styletts.pt,data\preprocessed\features\z_v\FAKE_T1_1091_ITS_ANG_XX__AUDIO_1091_ITS_DIS_XX_styletts.pt
FAKE_T1_1091_IWW_ANG_XX__AUDIO_1091_IWW_DIS_XX_styletts,track1,1,crema_1091,DIS,ANG,-1,1,1,1,,data\preprocessed\features\z_at\FAKE_T1_1091_IWW_ANG_XX__AUDIO_1091_IWW_DIS_XX_styletts.pt,data\preprocessed\features\z_v\FAKE_T1_1091_IWW_ANG_XX__AUDIO_1091_IWW_DIS_XX_styletts.pt
FAKE_T1_1091_MTI_NEU_XX__AUDIO_1091_MTI_SAD_XX_styletts,track1,1,crema_1091,SAD,NEU,-1,1,1,1,,data\preprocessed\features\z_at\FAKE_T1_1091_MTI_NEU_XX__AUDIO_1091_MTI_SAD_XX_styletts.pt,data\preprocessed\features\z_v\FAKE_T1_1091_MTI_NEU_XX__AUDIO_1091_MTI_SAD_XX_styletts.pt
FAKE_T1_1091_TAI_DIS_XX__AUDIO_1091_TAI_FEA_XX_styletts,track1,1,crema_1091,FEA,DIS,-1,1,1,1,,data\preprocessed\features\z_at\FAKE_T1_1091_TAI_DIS_XX__AUDIO_1091_TAI_FEA_XX_styletts.pt,data\preprocessed\features\z_v\FAKE_T1_1091_TAI_DIS_XX__AUDIO_1091_TAI_FEA_XX_styletts.pt
FAKE_T1_1091_TAI_HAP_XX__AUDIO_1091_TAI_NEU_XX_styletts,track1,1,crema_1091,NEU,HAP,-1,1,1,1,,data\preprocessed\features\z_at\FAKE_T1_1091_TAI_HAP_XX__AUDIO_1091_TAI_NEU_XX_styletts.pt,data\preprocessed\features\z_v\FAKE_T1_1091_TAI_HAP_XX__AUDIO_1091_TAI_NEU_XX_styletts.pt
FAKE_T1_1091_TIE_ANG_XX__AUDIO_1091_TIE_DIS_XX_styletts,track1,1,crema_1091,DIS,ANG,-1,1,1,1,,data\preprocessed\features\z_at\FAKE_T1_1091_TIE_ANG_XX__AUDIO_1091_TIE_DIS_XX_styletts.pt,data\preprocessed\features\z_v\FAKE_T1_1091_TIE_ANG_XX__AUDIO_1091_TIE_DIS_XX_styletts.pt
FAKE_T1_1091_TSI_HAP_XX__AUDIO_1091_TSI_NEU_XX_styletts,track1,1,crema_1091,NEU,HAP,-1,1,1,1,,data\preprocessed\features\z_at\FAKE_T1_1091_TSI_HAP_XX__AUDIO_1091_TSI_NEU_XX_styletts.pt,data\preprocessed\features\z_v\FAKE_T1_1091_TSI_HAP_XX__AUDIO_1091_TSI_NEU_XX_styletts.pt
FAKE_T1_1091_TSI_NEU_XX__AUDIO_1091_TSI_SAD_XX_styletts,track1,1,crema_1091,SAD,NEU,-1,1,1,1,,data\preprocessed\features\z_at\FAKE_T1_1091_TSI_NEU_XX__AUDIO_1091_TSI_SAD_XX_styletts.pt,data\preprocessed\features\z_v\FAKE_T1_1091_TSI_NEU_XX__AUDIO_1091_TSI_SAD_XX_styletts.pt
FAKE_T1_1091_WSI_FEA_XX__AUDIO_1091_WSI_HAP_XX_styletts,track1,1,crema_1091,HAP,FEA,-1,1,1,1,,data\preprocessed\features\z_at\FAKE_T1_1091_WSI_FEA_XX__AUDIO_1091_WSI_HAP_XX_styletts.pt,data\preprocessed\features\z_v\FAKE_T1_1091_WSI_FEA_XX__AUDIO_1091_WSI_HAP_XX_styletts.pt
FAKE_T1_1091_WSI_SAD_XX__AUDIO_1091_WSI_ANG_XX_styletts,track1,1,crema_1091,ANG,SAD,-1,1,1,1,,data\preprocessed\features\z_at\FAKE_T1_1091_WSI_SAD_XX__AUDIO_1091_WSI_ANG_XX_styletts.pt,data\preprocessed\features\z_v\FAKE_T1_1091_WSI_SAD_XX__AUDIO_1091_WSI_ANG_XX_styletts.pt
