clip_id,source_pipeline,fake_label,speaker_id,audio_emotion,visual_emotion,sarcasm_label,has_z_at,has_z_v,is_ready_for_training,video_path,z_at_path,z_v_path
FAKE_T1_1031_IEO_SAD_HI__AUDIO_1031_IEO_ANG_HI_styletts,track1,1,crema_1031,ANG,SAD,-1,1,1,1,,data\preprocessed\features\z_at\FAKE_T1_1031_IEO_SAD_HI__AUDIO_1031_IEO_ANG_HI_styletts.pt,data\preprocessed\features\z_v\FAKE_T1_1031_IEO_SAD_HI__AUDIO_1031_IEO_ANG_HI_styletts.pt
FAKE_T1_1031_IEO_SAD_MD__AUDIO_1031_IEO_ANG_MD_styletts,track1,1,crema_1031,ANG,SAD,-1,1,1,1,,data\preprocessed\features\z_at\FAKE_T1_1031_IEO_SAD_MD__AUDIO_1031_IEO_ANG_MD_styletts.pt,data\preprocessed\features\z_v\FAKE_T1_1031_IEO_SAD_MD__AUDIO_1031_IEO_ANG_MD_styletts.pt
FAKE_T1_1031_IOM_HAP_XX__AUDIO_1031_IOM_NEU_XX_styletts,track1,1,crema_1031,NEU,HAP,-1,1,1,1,,data\preprocessed\features\z_at\FAKE_T1_1031_IOM_HAP_XX__AUDIO_1031_IOM_NEU_XX_styletts.pt,data\preprocessed\features\z_v\FAKE_T1_1031_IOM_HAP_XX__AUDIO_1031_IOM_NEU_XX_styletts.pt
FAKE_T1_1031_IOM_SAD_XX__AUDIO_1031_IOM_ANG_XX_styletts,track1,1,crema_1031,ANG,SAD,-1,1,1,1,,data\preprocessed\features\z_at\FAKE_T1_1031_IOM_SAD_XX__AUDIO_1031_IOM_ANG_XX_styletts.pt,data\preprocessed\features\z_v\FAKE_T1_1031_IOM_SAD_XX__AUDIO_1031_IOM_ANG_XX_styletts.pt
FAKE_T1_1031_ITH_SAD_XX__AUDIO_1031_ITH_ANG_XX_styletts,track1,1,crema_1031,ANG,SAD,-1,1,1,1,,data\preprocessed\features\z_at\FAKE_T1_1031_ITH_SAD_XX__AUDIO_1031_ITH_ANG_XX_styletts.pt,data\preprocessed\features\z_v\FAKE_T1_1031_ITH_SAD_XX__AUDIO_1031_ITH_ANG_XX_styletts.pt
FAKE_T1_1031_IWL_HAP_XX__AUDIO_1031_IWL_NEU_XX_styletts,track1,1,crema_1031,NEU,HAP,-1,1,1,1,,data\preprocessed\features\z_at\FAKE_T1_1031_IWL_HAP_XX__AUDIO_1031_IWL_NEU_XX_styletts.pt,data\preprocessed\features\z_v\FAKE_T1_1031_IWL_HAP_XX__AUDIO_1031_IWL_NEU_XX_styletts.pt
FAKE_T1_1031_IWW_HAP_XX__AUDIO_1031_IWW_NEU_XX_styletts,track1,1,crema_1031,NEU,HAP,-1,1,1,1,,data\preprocessed\features\z_at\FAKE_T1_1031_IWW_HAP_XX__AUDIO_1031_IWW_NEU_XX_styletts.pt,data\preprocessed\features\z_v\FAKE_T1_1031_IWW_HAP_XX__AUDIO_1031_IWW_NEU_XX_styletts.pt
FAKE_T1_1031_MTI_HAP_XX__AUDIO_1031_MTI_NEU_XX_styletts,track1,1,crema_1031,NEU,HAP,-1,1,1,1,,data\preprocessed\features\z_at\FAKE_T1_1031_MTI_HAP_XX__AUDIO_1031_MTI_NEU_XX_styletts.pt,data\preprocessed\features\z_v\FAKE_T1_1031_MTI_HAP_XX__AUDIO_1031_MTI_NEU_XX_styletts.pt
FAKE_T1_1031_TIE_ANG_XX__AUDIO_1031_TIE_DIS_XX_styletts,track1,1,crema_1031,DIS,ANG,-1,1,1,1,,data\preprocessed\features\z_at\FAKE_T1_1031_TIE_ANG_XX__AUDIO_1031_TIE_DIS_XX_styletts.pt,data\preprocessed\features\z_v\FAKE_T1_1031_TIE_ANG_XX__AUDIO_1031_TIE_DIS_XX_styletts.pt
FAKE_T1_1031_TIE_SAD_XX__AUDIO_1031_TIE_ANG_XX_styletts,track1,1,crema_1031,ANG,SAD,-1,1,1,1,,data\preprocessed\features\z_at\FAKE_T1_1031_TIE_SAD_XX__AUDIO_1031_TIE_ANG_XX_styletts.pt,data\preprocessed\features\z_v\FAKE_T1_1031_TIE_SAD_XX__AUDIO_1031_TIE_ANG_XX_styletts.pt
FAKE_T1_1031_TSI_DIS_XX__AUDIO_1031_TSI_FEA_XX_styletts,track1,1,crema_1031,FEA,DIS,-1,1,1,1,,data\preprocessed\features\z_at\FAKE_T1_1031_TSI_DIS_XX__AUDIO_1031_TSI_FEA_XX_styletts.pt,data\preprocessed\features\z_v\FAKE_T1_1031_TSI_DIS_XX__AUDIO_1031_TSI_FEA_XX_styletts.pt
FAKE_T1_1031_TSI_NEU_XX__AUDIO_1031_TSI_SAD_XX_styletts,track1,1,crema_1031,SAD,NEU,-1,1,1,1,,data\preprocessed\features\z_at\FAKE_T1_1031_TSI_NEU_XX__AUDIO_1031_TSI_SAD_XX_styletts.pt,data\preprocessed\features\z_v\FAKE_T1_1031_TSI_NEU_XX__AUDIO_1031_TSI_SAD_XX_styletts.pt
FAKE_T1_1031_WSI_SAD_XX__AUDIO_1031_WSI_ANG_XX_styletts,track1,1,crema_1031,ANG,SAD,-1,1,1,1,,data\preprocessed\features\z_at\FAKE_T1_1031_WSI_SAD_XX__AUDIO_1031_WSI_ANG_XX_styletts.pt,data\preprocessed\features\z_v\FAKE_T1_1031_WSI_SAD_XX__AUDIO_1031_WSI_ANG_XX_styletts.pt
FAKE_T1_1032_IEO_FEA_HI__AUDIO_1032_IEO_HAP_HI_styletts,track1,1,crema_1032,HAP,FEA,-1,1,1,1,,data\preprocessed\features\z_at\FAKE_T1_1032_IEO_FEA_HI__AUDIO_1032_IEO_HAP_HI_styletts.pt,data\preprocessed\features\z_v\FAKE_T1_1032_IEO_FEA_HI__AUDIO_1032_IEO_HAP_HI_styletts.pt
FAKE_T1_1032_IEO_SAD_LO__AUDIO_1032_IEO_ANG_LO_styletts,track1,1,crema_1032,ANG,SAD,-1,1,1,1,,data\preprocessed\features\z_at\FAKE_T1_1032_IEO_SAD_LO__AUDIO_1032_IEO_ANG_LO_styletts.pt,data\preprocessed\features\z_v\FAKE_T1_1032_IEO_SAD_LO__AUDIO_1032_IEO_ANG_LO_styletts.pt
FAKE_T1_1032_IOM_SAD_XX__AUDIO_1032_IOM_ANG_XX_styletts,track1,1,crema_1032,ANG,SAD,-1,1,1,1,,data\preprocessed\features\z_at\FAKE_T1_1032_IOM_SAD_XX__AUDIO_1032_IOM_ANG_XX_styletts.pt,data\preprocessed\features\z_v\FAKE_T1_1032_IOM_SAD_XX__AUDIO_1032_IOM_ANG_XX_styletts.pt
FAKE_T1_1032_ITS_ANG_XX__AUDIO_1032_ITS_DIS_XX_styletts,track1,1,crema_1032,DIS,ANG,-1,1,1,1,,data\preprocessed\features\z_at\FAKE_T1_1032_ITS_ANG_XX__AUDIO_1032_ITS_DIS_XX_styletts.pt,data\preprocessed\features\z_v\FAKE_T1_1032_ITS_ANG_XX__AUDIO_1032_ITS_DIS_XX_styletts.pt
FAKE_T1_1032_ITS_SAD_XX__AUDIO_1032_ITS_ANG_XX_styletts,track1,1,crema_1032,ANG,SAD,-1,1,1,1,,data\preprocessed\features\z_at\FAKE_T1_1032_ITS_SAD_XX__AUDIO_1032_ITS_ANG_XX_styletts.pt,data\preprocessed\features\z_v\FAKE_T1_1032_ITS_SAD_XX__AUDIO_1032_ITS_ANG_XX_styletts.pt
FAKE_T1_1032_IWL_NEU_XX__AUDIO_1032_IWL_SAD_XX_styletts,track1,1,crema_1032,SAD,NEU,-1,1,1,1,,data\preprocessed\features\z_at\FAKE_T1_1032_IWL_NEU_XX__AUDIO_1032_IWL_SAD_XX_styletts.pt,data\preprocessed\features\z_v\FAKE_T1_1032_IWL_NEU_XX__AUDIO_1032_IWL_SAD_XX_styletts.pt
FAKE_T1_1032_IWW_DIS_XX__AUDIO_1032_IWW_FEA_XX_styletts,track1,1,crema_1032,FEA,DIS,-1,1,1,1,,data\preprocessed\features\z_at\FAKE_T1_1032_IWW_DIS_XX__AUDIO_1032_IWW_FEA_XX_styletts.pt,data\preprocessed\features\z_v\FAKE_T1_1032_IWW_DIS_XX__AUDIO_1032_IWW_FEA_XX_styletts.pt
FAKE_T1_1032_MTI_DIS_XX__AUDIO_1032_MTI_FEA_XX_styletts,track1,1,crema_1032,FEA,DIS,-1,1,1,1,,data\preprocessed\features\z_at\FAKE_T1_1032_MTI_DIS_XX__AUDIO_1032_MTI_FEA_XX_styletts.pt,data\preprocessed\features\z_v\FAKE_T1_1032_MTI_DIS_XX__AUDIO_1032_MTI_FEA_XX_styletts.pt
FAKE_T1_1032_MTI_FEA_XX__AUDIO_1032_MTI_HAP_XX_styletts,track1,1,crema_1032,HAP,FEA,-1,1,1,1,,data\preprocessed\features\z_at\FAKE_T1_1032_MTI_FEA_XX__AUDIO_1032_MTI_HAP_XX_styletts.pt,data\preprocessed\features\z_v\FAKE_T1_1032_MTI_FEA_XX__AUDIO_1032_MTI_HAP_XX_styletts.pt
FAKE_T1_1032_TAI_DIS_XX__AUDIO_1032_TAI_FEA_XX_styletts,track1,1,crema_1032,FEA,DIS,-1,1,1,1,,data\preprocessed\features\z_at\FAKE_T1_1032_TAI_DIS_XX__AUDIO_1032_TAI_FEA_XX_styletts.pt,data\preprocessed\features\z_v\FAKE_T1_1032_TAI_DIS_XX__AUDIO_1032_TAI_FEA_XX_styletts.pt
FAKE_T1_1032_TAI_NEU_XX__AUDIO_1032_TAI_SAD_XX_styletts,track1,1,crema_1032,SAD,NEU,-1,1,1,1,,data\preprocessed\features\z_at\FAKE_T1_1032_TAI_NEU_XX__AUDIO_1032_TAI_SAD_XX_styletts.pt,data\preprocessed\features\z_v\FAKE_T1_1032_TAI_NEU_XX__AUDIO_1032_TAI_SAD_XX_styletts.pt
FAKE_T1_1032_TIE_DIS_XX__AUDIO_1032_TIE_FEA_XX_styletts,track1,1,crema_1032,FEA,DIS,-1,1,1,1,,data\preprocessed\features\z_at\FAKE_T1_1032_TIE_DIS_XX__AUDIO_1032_TIE_FEA_XX_styletts.pt,data\preprocessed\features\z_v\FAKE_T1_1032_TIE_DIS_XX__AUDIO_1032_TIE_FEA_XX_styletts.pt
FAKE_T1_1032_TIE_HAP_XX__AUDIO_1032_TIE_NEU_XX_styletts,track1,1,crema_1032,NEU,HAP,-1,1,1,1,,data\preprocessed\features\z_at\FAKE_T1_1032_TIE_HAP_XX__AUDIO_1032_TIE_NEU_XX_styletts.pt,data\preprocessed\features\z_v\FAKE_T1_1032_TIE_HAP_XX__AUDIO_1032_TIE_NEU_XX_styletts.pt
FAKE_T1_1032_WSI_ANG_XX__AUDIO_1032_WSI_DIS_XX_styletts,track1,1,crema_1032,DIS,ANG,-1,1,1,1,,data\preprocessed\features\z_at\FAKE_T1_1032_WSI_ANG_XX__AUDIO_1032_WSI_DIS_XX_styletts.pt,data\preprocessed\features\z_v\FAKE_T1_1032_WSI_ANG_XX__AUDIO_1032_WSI_DIS_XX_styletts.pt
FAKE_T1_1032_WSI_FEA_XX__AUDIO_1032_WSI_HAP_XX_styletts,track1,1,crema_1032,HAP,FEA,-1,1,1,1,,data\preprocessed\features\z_at\FAKE_T1_1032_WSI_FEA_XX__AUDIO_1032_WSI_HAP_XX_styletts.pt,data\preprocessed\features\z_v\FAKE_T1_1032_WSI_FEA_XX__AUDIO_1032_WSI_HAP_XX_styletts.pt
FAKE_T1_1032_WSI_NEU_XX__AUDIO_1032_WSI_SAD_XX_styletts,track1,1,crema_1032,SAD,NEU,-1,1,1,1,,data\preprocessed\features\z_at\FAKE_T1_1032_WSI_NEU_XX__AUDIO_1032_WSI_SAD_XX_styletts.pt,data\preprocessed\features\z_v\FAKE_T1_1032_WSI_NEU_XX__AUDIO_1032_WSI_SAD_XX_styletts.pt
FAKE_T1_1034_DFA_DIS_XX__AUDIO_1034_DFA_FEA_XX_styletts,track1,1,crema_1034,FEA,DIS,-1,1,1,1,,data\preprocessed\features\z_at\FAKE_T1_1034_DFA_DIS_XX__AUDIO_1034_DFA_FEA_XX_styletts.pt,data\preprocessed\features\z_v\FAKE_T1_1034_DFA_DIS_XX__AUDIO_1034_DFA_FEA_XX_styletts.pt
FAKE_T1_1034_DFA_NEU_XX__AUDIO_1034_DFA_SAD_XX_styletts,track1,1,crema_1034,SAD,NEU,-1,1,1,1,,data\preprocessed\features\z_at\FAKE_T1_1034_DFA_NEU_XX__AUDIO_1034_DFA_SAD_XX_styletts.pt,data\preprocessed\features\z_v\FAKE_T1_1034_DFA_NEU_XX__AUDIO_1034_DFA_SAD_XX_styletts.pt
FAKE_T1_1034_DFA_SAD_XX__AUDIO_1034_DFA_ANG_XX_styletts,track1,1,crema_1034,ANG,SAD,-1,1,1,1,,data\preprocessed\features\z_at\FAKE_T1_1034_DFA_SAD_XX__AUDIO_1034_DFA_ANG_XX_styletts.pt,data\preprocessed\features\z_v\FAKE_T1_1034_DFA_SAD_XX__AUDIO_1034_DFA_ANG_XX_styletts.pt
FAKE_T1_1034_IEO_FEA_HI__AUDIO_1034_IEO_HAP_HI_styletts,track1,1,crema_1034,HAP,FEA,-1,1,1,1,,data\preprocessed\features\z_at\FAKE_T1_1034_IEO_FEA_HI__AUDIO_1034_IEO_HAP_HI_styletts.pt,data\preprocessed\features\z_v\FAKE_T1_1034_IEO_FEA_HI__AUDIO_1034_IEO_HAP_HI_styletts.pt
FAKE_T1_1034_IEO_FEA_MD__AUDIO_1034_IEO_HAP_MD,track1,1,crema_1034,HAP,FEA,-1,1,1,1,,data\preprocessed\features\z_at\FAKE_T1_1034_IEO_FEA_MD__AUDIO_1034_IEO_HAP_MD.pt,data\preprocessed\features\z_v\FAKE_T1_1034_IEO_FEA_MD__AUDIO_1034_IEO_HAP_MD.pt
FAKE_T1_1034_IEO_HAP_MD__AUDIO_1034_IEO_NEU_XX_styletts,track1,1,crema_1034,NEU,HAP,-1,1,1,1,,data\preprocessed\features\z_at\FAKE_T1_1034_IEO_HAP_MD__AUDIO_1034_IEO_NEU_XX_styletts.pt,data\preprocessed\features\z_v\FAKE_T1_1034_IEO_HAP_MD__AUDIO_1034_IEO_NEU_XX_styletts.pt
FAKE_T1_1034_IEO_SAD_HI__AUDIO_1034_IEO_ANG_HI_styletts,track1,1,crema_1034,ANG,SAD,-1,1,1,1,,data\preprocessed\features\z_at\FAKE_T1_1034_IEO_SAD_HI__AUDIO_1034_IEO_ANG_HI_styletts.pt,data\preprocessed\features\z_v\FAKE_T1_1034_IEO_SAD_HI__AUDIO_1034_IEO_ANG_HI_styletts.pt
FAKE_T1_1034_IOM_HAP_XX__AUDIO_1034_IOM_NEU_XX_styletts,track1,1,crema_1034,NEU,HAP,-1,1,1,1,,data\preprocessed\features\z_at\FAKE_T1_1034_IOM_HAP_XX__AUDIO_1034_IOM_NEU_XX_styletts.pt,data\preprocessed\features\z_v\FAKE_T1_1034_IOM_HAP_XX__AUDIO_1034_IOM_NEU_XX_styletts.pt
FAKE_T1_1034_ITS_NEU_XX__AUDIO_1034_ITS_SAD_XX_styletts,track1,1,crema_1034,SAD,NEU,-1,1,1,1,,data\preprocessed\features\z_at\FAKE_T1_1034_ITS_NEU_XX__AUDIO_1034_ITS_SAD_XX_styletts.pt,data\preprocessed\features\z_v\FAKE_T1_1034_ITS_NEU_XX__AUDIO_1034_ITS_SAD_XX_styletts.pt
FAKE_T1_1034_IWL_SAD_XX__AUDIO_1034_IWL_ANG_XX_styletts,track1,1,crema_1034,ANG,SAD,-1,1,1,1,,data\preprocessed\features\z_at\FAKE_T1_1034_IWL_SAD_XX__AUDIO_1034_IWL_ANG_XX_styletts.pt,data\preprocessed\features\z_v\FAKE_T1_1034_IWL_SAD_XX__AUDIO_1034_IWL_ANG_XX_styletts.pt
FAKE_T1_1034_IWW_ANG_XX__AUDIO_1034_IWW_DIS_XX_styletts,track1,1,crema_1034,DIS,ANG,-1,1,1,1,,data\preprocessed\features\z_at\FAKE_T1_1034_IWW_ANG_XX__AUDIO_1034_IWW_DIS_XX_styletts.pt,data\preprocessed\features\z_v\FAKE_T1_1034_IWW_ANG_XX__AUDIO_1034_IWW_DIS_XX_styletts.pt
FAKE_T1_1034_IWW_NEU_XX__AUDIO_1034_IWW_SAD_XX_styletts,track1,1,crema_1034,SAD,NEU,-1,1,1,1,,data\preprocessed\features\z_at\FAKE_T1_1034_IWW_NEU_XX__AUDIO_1034_IWW_SAD_XX_styletts.pt,data\preprocessed\features\z_v\FAKE_T1_1034_IWW_NEU_XX__AUDIO_1034_IWW_SAD_XX_styletts.pt
FAKE_T1_1034_MTI_DIS_XX__AUDIO_1034_MTI_FEA_XX_styletts,track1,1,crema_1034,FEA,DIS,-1,1,1,1,,data\preprocessed\features\z_at\FAKE_T1_1034_MTI_DIS_XX__AUDIO_1034_MTI_FEA_XX_styletts.pt,data\preprocessed\features\z_v\FAKE_T1_1034_MTI_DIS_XX__AUDIO_1034_MTI_FEA_XX_styletts.pt
FAKE_T1_1034_MTI_NEU_XX__AUDIO_1034_MTI_SAD_XX_styletts,track1,1,crema_1034,SAD,NEU,-1,1,1,1,,data\preprocessed\features\z_at\FAKE_T1_1034_MTI_NEU_XX__AUDIO_1034_MTI_SAD_XX_styletts.pt,data\preprocessed\features\z_v\FAKE_T1_1034_MTI_NEU_XX__AUDIO_1034_MTI_SAD_XX_styletts.pt
FAKE_T1_1034_TSI_NEU_XX__AUDIO_1034_TSI_SAD_XX_styletts,track1,1,crema_1034,SAD,NEU,-1,1,1,1,,data\preprocessed\features\z_at\FAKE_T1_1034_TSI_NEU_XX__AUDIO_1034_TSI_SAD_XX_styletts.pt,data\preprocessed\features\z_v\FAKE_T1_1034_TSI_NEU_XX__AUDIO_1034_TSI_SAD_XX_styletts.pt
FAKE_T1_1034_WSI_FEA_XX__AUDIO_1034_WSI_HAP_XX_styletts,track1,1,crema_1034,HAP,FEA,-1,1,1,1,,data\preprocessed\features\z_at\FAKE_T1_1034_WSI_FEA_XX__AUDIO_1034_WSI_HAP_XX_styletts.pt,data\preprocessed\features\z_v\FAKE_T1_1034_WSI_FEA_XX__AUDIO_1034_WSI_HAP_XX_styletts.pt
FAKE_T1_1035_DFA_FEA_XX__AUDIO_1035_DFA_HAP_XX_styletts,track1,1,crema_1035,HAP,FEA,-1,1,1,1,,data\preprocessed\features\z_at\FAKE_T1_1035_DFA_FEA_XX__AUDIO_1035_DFA_HAP_XX_styletts.pt,data\preprocessed\features\z_v\FAKE_T1_1035_DFA_FEA_XX__AUDIO_1035_DFA_HAP_XX_styletts.pt
FAKE_T1_1035_DFA_HAP_XX__AUDIO_1035_DFA_NEU_XX_styletts,track1,1,crema_1035,NEU,HAP,-1,1,1,1,,data\preprocessed\features\z_at\FAKE_T1_1035_DFA_HAP_XX__AUDIO_1035_DFA_NEU_XX_styletts.pt,data\preprocessed\features\z_v\FAKE_T1_1035_DFA_HAP_XX__AUDIO_1035_DFA_NEU_XX_styletts.pt
FAKE_T1_1035_IEO_DIS_MD__AUDIO_1035_IEO_FEA_MD_styletts,track1,1,crema_1035,FEA,DIS,-1,1,1,1,,data\preprocessed\features\z_at\FAKE_T1_1035_IEO_DIS_MD__AUDIO_1035_IEO_FEA_MD_styletts.pt,data\preprocessed\features\z_v\FAKE_T1_1035_IEO_DIS_MD__AUDIO_1035_IEO_FEA_MD_styletts.pt
FAKE_T1_1035_IEO_FEA_LO__AUDIO_1035_IEO_HAP_LO_styletts,track1,1,crema_1035,HAP,FEA,-1,1,1,1,,data\preprocessed\features\z_at\FAKE_T1_1035_IEO_FEA_LO__AUDIO_1035_IEO_HAP_LO_styletts.pt,data\preprocessed\features\z_v\FAKE_T1_1035_IEO_FEA_LO__AUDIO_1035_IEO_HAP_LO_styletts.pt
FAKE_T1_1035_IEO_SAD_LO__AUDIO_1035_IEO_ANG_LO_styletts,track1,1,crema_1035,ANG,SAD,-1,1,1,1,,data\preprocessed\features\z_at\FAKE_T1_1035_IEO_SAD_LO__AUDIO_1035_IEO_ANG_LO_styletts.pt,data\preprocessed\features\z_v\FAKE_T1_1035_IEO_SAD_LO__AUDIO_1035_IEO_ANG_LO_styletts.pt
FAKE_T1_1035_IOM_NEU_XX__AUDIO_1035_IOM_SAD_XX_styletts,track1,1,crema_1035,SAD,NEU,-1,1,1,1,,data\preprocessed\features\z_at\FAKE_T1_1035_IOM_NEU_XX__AUDIO_1035_IOM_SAD_XX_styletts.pt,data\preprocessed\features\z_v\FAKE_T1_1035_IOM_NEU_XX__AUDIO_1035_IOM_SAD_XX_styletts.pt
FAKE_T1_1035_ITH_SAD_XX__AUDIO_1035_ITH_ANG_XX_styletts,track1,1,crema_1035,ANG,SAD,-1,1,1,1,,data\preprocessed\features\z_at\FAKE_T1_1035_ITH_SAD_XX__AUDIO_1035_ITH_ANG_XX_styletts.pt,data\preprocessed\features\z_v\FAKE_T1_1035_ITH_SAD_XX__AUDIO_1035_ITH_ANG_XX_styletts.pt
FAKE_T1_1035_IWL_HAP_XX__AUDIO_1035_IWL_NEU_XX_styletts,track1,1,crema_1035,NEU,HAP,-1,1,1,1,,data\preprocessed\features\z_at\FAKE_T1_1035_IWL_HAP_XX__AUDIO_1035_IWL_NEU_XX_styletts.pt,data\preprocessed\features\z_v\FAKE_T1_1035_IWL_HAP_XX__AUDIO_1035_IWL_NEU_XX_styletts.pt
FAKE_T1_1035_IWW_DIS_XX__AUDIO_1035_IWW_FEA_XX_styletts,track1,1,crema_1035,FEA,DIS,-1,1,1,1,,data\preprocessed\features\z_at\FAKE_T1_1035_IWW_DIS_XX__AUDIO_1035_IWW_FEA_XX_styletts.pt,data\preprocessed\features\z_v\FAKE_T1_1035_IWW_DIS_XX__AUDIO_1035_IWW_FEA_XX_styletts.pt
FAKE_T1_1035_IWW_HAP_XX__AUDIO_1035_IWW_NEU_XX_styletts,track1,1,crema_1035,NEU,HAP,-1,1,1,1,,data\preprocessed\features\z_at\FAKE_T1_1035_IWW_HAP_XX__AUDIO_1035_IWW_NEU_XX_styletts.pt,data\preprocessed\features\z_v\FAKE_T1_1035_IWW_HAP_XX__AUDIO_1035_IWW_NEU_XX_styletts.pt
FAKE_T1_1035_IWW_NEU_XX__AUDIO_1035_IWW_SAD_XX_styletts,track1,1,crema_1035,SAD,NEU,-1,1,1,1,,data\preprocessed\features\z_at\FAKE_T1_1035_IWW_NEU_XX__AUDIO_1035_IWW_SAD_XX_styletts.pt,data\preprocessed\features\z_v\FAKE_T1_1035_IWW_NEU_XX__AUDIO_1035_IWW_SAD_XX_styletts.pt
FAKE_T1_1035_MTI_DIS_XX__AUDIO_1035_MTI_FEA_XX_styletts,track1,1,crema_1035,FEA,DIS,-1,1,1,1,,data\preprocessed\features\z_at\FAKE_T1_1035_MTI_DIS_XX__AUDIO_1035_MTI_FEA_XX_styletts.pt,data\preprocessed\features\z_v\FAKE_T1_1035_MTI_DIS_XX__AUDIO_1035_MTI_FEA_XX_styletts.pt
FAKE_T1_1035_TAI_DIS_XX__AUDIO_1035_TAI_FEA_XX_styletts,track1,1,crema_1035,FEA,DIS,-1,1,1,1,,data\preprocessed\features\z_at\FAKE_T1_1035_TAI_DIS_XX__AUDIO_1035_TAI_FEA_XX_styletts.pt,data\preprocessed\features\z_v\FAKE_T1_1035_TAI_DIS_XX__AUDIO_1035_TAI_FEA_XX_styletts.pt
FAKE_T1_1035_TIE_FEA_XX__AUDIO_1035_TIE_HAP_XX_styletts,track1,1,crema_1035,HAP,FEA,-1,1,1,1,,data\preprocessed\features\z_at\FAKE_T1_1035_TIE_FEA_XX__AUDIO_1035_TIE_HAP_XX_styletts.pt,data\preprocessed\features\z_v\FAKE_T1_1035_TIE_FEA_XX__AUDIO_1035_TIE_HAP_XX_styletts.pt
FAKE_T1_1035_WSI_FEA_XX__AUDIO_1035_WSI_HAP_XX_styletts,track1,1,crema_1035,HAP,FEA,-1,1,1,1,,data\preprocessed\features\z_at\FAKE_T1_1035_WSI_FEA_XX__AUDIO_1035_WSI_HAP_XX_styletts.pt,data\preprocessed\features\z_v\FAKE_T1_1035_WSI_FEA_XX__AUDIO_1035_WSI_HAP_XX_styletts.pt
FAKE_T1_1035_WSI_SAD_XX__AUDIO_1035_WSI_ANG_XX_styletts,track1,1,crema_1035,ANG,SAD,-1,1,1,1,,data\preprocessed\features\z_at\FAKE_T1_1035_WSI_SAD_XX__AUDIO_1035_WSI_ANG_XX_styletts.pt,data\preprocessed\features\z_v\FAKE_T1_1035_WSI_SAD_XX__AUDIO_1035_WSI_ANG_XX_styletts.pt
FAKE_T1_1036_IEO_ANG_LO__AUDIO_1036_IEO_DIS_LO_styletts,track1,1,crema_1036,DIS,ANG,-1,1,1,1,,data\preprocessed\features\z_at\FAKE_T1_1036_IEO_ANG_LO__AUDIO_1036_IEO_DIS_LO_styletts.pt,data\preprocessed\features\z_v\FAKE_T1_1036_IEO_ANG_LO__AUDIO_1036_IEO_DIS_LO_styletts.pt
FAKE_T1_1036_IEO_FEA_HI__AUDIO_1036_IEO_HAP_HI_styletts,track1,1,crema_1036,HAP,FEA,-1,1,1,1,,data\preprocessed\features\z_at\FAKE_T1_1036_IEO_FEA_HI__AUDIO_1036_IEO_HAP_HI_styletts.pt,data\preprocessed\features\z_v\FAKE_T1_1036_IEO_FEA_HI__AUDIO_1036_IEO_HAP_HI_styletts.pt
FAKE_T1_1036_IEO_FEA_MD__AUDIO_1036_IEO_HAP_MD_styletts,track1,1,crema_1036,HAP,FEA,-1,1,1,1,,data\preprocessed\features\z_at\FAKE_T1_1036_IEO_FEA_MD__AUDIO_1036_IEO_HAP_MD_styletts.pt,data\preprocessed\features\z_v\FAKE_T1_1036_IEO_FEA_MD__AUDIO_1036_IEO_HAP_MD_styletts.pt
FAKE_T1_1036_IEO_HAP_MD__AUDIO_1036_IEO_NEU_XX_styletts,track1,1,crema_1036,NEU,HAP,-1,1,1,1,,data\preprocessed\features\z_at\FAKE_T1_1036_IEO_HAP_MD__AUDIO_1036_IEO_NEU_XX_styletts.pt,data\preprocessed\features\z_v\FAKE_T1_1036_IEO_HAP_MD__AUDIO_1036_IEO_NEU_XX_styletts.pt
FAKE_T1_1036_IOM_ANG_XX__AUDIO_1036_IOM_DIS_XX_styletts,track1,1,crema_1036,DIS,ANG,-1,1,1,1,,data\preprocessed\features\z_at\FAKE_T1_1036_IOM_ANG_XX__AUDIO_1036_IOM_DIS_XX_styletts.pt,data\preprocessed\features\z_v\FAKE_T1_1036_IOM_ANG_XX__AUDIO_1036_IOM_DIS_XX_styletts.pt
FAKE_T1_1036_IOM_FEA_XX__AUDIO_1036_IOM_HAP_XX_styletts,track1,1,crema_1036,HAP,FEA,-1,1,1,1,,data\preprocessed\features\z_at\FAKE_T1_1036_IOM_FEA_XX__AUDIO_1036_IOM_HAP_XX_styletts.pt,data\preprocessed\features\z_v\FAKE_T1_1036_IOM_FEA_XX__AUDIO_1036_IOM_HAP_XX_styletts.pt
FAKE_T1_1036_ITS_DIS_XX__AUDIO_1036_ITS_FEA_XX_styletts,track1,1,crema_1036,FEA,DIS,-1,1,1,1,,data\preprocessed\features\z_at\FAKE_T1_1036_ITS_DIS_XX__AUDIO_1036_ITS_FEA_XX_styletts.pt,data\preprocessed\features\z_v\FAKE_T1_1036_ITS_DIS_XX__AUDIO_1036_ITS_FEA_XX_styletts.pt
FAKE_T1_1036_ITS_FEA_XX__AUDIO_1036_ITS_HAP_XX_styletts,track1,1,crema_1036,HAP,FEA,-1,1,1,1,,data\preprocessed\features\z_at\FAKE_T1_1036_ITS_FEA_XX__AUDIO_1036_ITS_HAP_XX_styletts.pt,data\preprocessed\features\z_v\FAKE_T1_1036_ITS_FEA_XX__AUDIO_1036_ITS_HAP_XX_styletts.pt
FAKE_T1_1036_ITS_HAP_XX__AUDIO_1036_ITS_NEU_XX_styletts,track1,1,crema_1036,NEU,HAP,-1,1,1,1,,data\preprocessed\features\z_at\FAKE_T1_1036_ITS_HAP_XX__AUDIO_1036_ITS_NEU_XX_styletts.pt,data\preprocessed\features\z_v\FAKE_T1_1036_ITS_HAP_XX__AUDIO_1036_ITS_NEU_XX_styletts.pt
FAKE_T1_1036_IWL_HAP_XX__AUDIO_1036_IWL_NEU_XX_styletts,track1,1,crema_1036,NEU,HAP,-1,1,1,1,,data\preprocessed\features\z_at\FAKE_T1_1036_IWL_HAP_XX__AUDIO_1036_IWL_NEU_XX_styletts.pt,data\preprocessed\features\z_v\FAKE_T1_1036_IWL_HAP_XX__AUDIO_1036_IWL_NEU_XX_styletts.pt
FAKE_T1_1036_IWW_FEA_XX__AUDIO_1036_IWW_HAP_XX_styletts,track1,1,crema_1036,HAP,FEA,-1,1,1,1,,data\preprocessed\features\z_at\FAKE_T1_1036_IWW_FEA_XX__AUDIO_1036_IWW_HAP_XX_styletts.pt,data\preprocessed\features\z_v\FAKE_T1_1036_IWW_FEA_XX__AUDIO_1036_IWW_HAP_XX_styletts.pt
FAKE_T1_1036_IWW_SAD_XX__AUDIO_1036_IWW_ANG_XX_styletts,track1,1,crema_1036,ANG,SAD,-1,1,1,1,,data\preprocessed\features\z_at\FAKE_T1_1036_IWW_SAD_XX__AUDIO_1036_IWW_ANG_XX_styletts.pt,data\preprocessed\features\z_v\FAKE_T1_1036_IWW_SAD_XX__AUDIO_1036_IWW_ANG_XX_styletts.pt
FAKE_T1_1036_MTI_ANG_XX__AUDIO_1036_MTI_DIS_XX_styletts,track1,1,crema_1036,DIS,ANG,-1,1,1,1,,data\preprocessed\features\z_at\FAKE_T1_1036_MTI_ANG_XX__AUDIO_1036_MTI_DIS_XX_styletts.pt,data\preprocessed\features\z_v\FAKE_T1_1036_MTI_ANG_XX__AUDIO_1036_MTI_DIS_XX_styletts.pt
FAKE_T1_1036_WSI_ANG_XX__AUDIO_1036_WSI_DIS_XX_styletts,track1,1,crema_1036,DIS,ANG,-1,1,1,1,,data\preprocessed\features\z_at\FAKE_T1_1036_WSI_ANG_XX__AUDIO_1036_WSI_DIS_XX_styletts.pt,data\preprocessed\features\z_v\FAKE_T1_1036_WSI_ANG_XX__AUDIO_1036_WSI_DIS_XX_styletts.pt
FAKE_T1_1036_WSI_FEA_XX__AUDIO_1036_WSI_HAP_XX_styletts,track1,1,crema_1036,HAP,FEA,-1,1,1,1,,data\preprocessed\features\z_at\FAKE_T1_1036_WSI_FEA_XX__AUDIO_1036_WSI_HAP_XX_styletts.pt,data\preprocessed\features\z_v\FAKE_T1_1036_WSI_FEA_XX__AUDIO_1036_WSI_HAP_XX_styletts.pt
FAKE_T1_1036_WSI_SAD_XX__AUDIO_1036_WSI_ANG_XX_styletts,track1,1,crema_1036,ANG,SAD,-1,1,1,1,,data\preprocessed\features\z_at\FAKE_T1_1036_WSI_SAD_XX__AUDIO_1036_WSI_ANG_XX_styletts.pt,data\preprocessed\features\z_v\FAKE_T1_1036_WSI_SAD_XX__AUDIO_1036_WSI_ANG_XX_styletts.pt
FAKE_T1_1037_IEO_HAP_MD__AUDIO_1037_IEO_NEU_XX_styletts,track1,1,crema_1037,NEU,HAP,-1,1,1,1,,data\preprocessed\features\z_at\FAKE_T1_1037_IEO_HAP_MD__AUDIO_1037_IEO_NEU_XX_styletts.pt,data\preprocessed\features\z_v\FAKE_T1_1037_IEO_HAP_MD__AUDIO_1037_IEO_NEU_XX_styletts.pt
FAKE_T1_1037_IEO_SAD_HI__AUDIO_1037_IEO_ANG_HI_styletts,track1,1,crema_1037,ANG,SAD,-1,1,1,1,,data\preprocessed\features\z_at\FAKE_T1_1037_IEO_SAD_HI__AUDIO_1037_IEO_ANG_HI_styletts.pt,data\preprocessed\features\z_v\FAKE_T1_1037_IEO_SAD_HI__AUDIO_1037_IEO_ANG_HI_styletts.pt
FAKE_T1_1037_IOM_ANG_XX__AUDIO_1037_IOM_DIS_XX_styletts,track1,1,crema_1037,DIS,ANG,-1,1,1,1,,data\preprocessed\features\z_at\FAKE_T1_1037_IOM_ANG_XX__AUDIO_1037_IOM_DIS_XX_styletts.pt,data\preprocessed\features\z_v\FAKE_T1_1037_IOM_ANG_XX__AUDIO_1037_IOM_DIS_XX_styletts.pt
FAKE_T1_1037_IOM_FEA_XX__AUDIO_1037_IOM_HAP_XX_styletts,track1,1,crema_1037,HAP,FEA,-1,1,1,1,,data\preprocessed\features\z_at\FAKE_T1_1037_IOM_FEA_XX__AUDIO_1037_IOM_HAP_XX_styletts.pt,data\preprocessed\features\z_v\FAKE_T1_1037_IOM_FEA_XX__AUDIO_1037_IOM_HAP_XX_styletts.pt
FAKE_T1_1037_IOM_SAD_XX__AUDIO_1037_IOM_ANG_XX_styletts,track1,1,crema_1037,ANG,SAD,-1,1,1,1,,data\preprocessed\features\z_at\FAKE_T1_1037_IOM_SAD_XX__AUDIO_1037_IOM_ANG_XX_styletts.pt,data\preprocessed\features\z_v\FAKE_T1_1037_IOM_SAD_XX__AUDIO_1037_IOM_ANG_XX_styletts.pt
FAKE_T1_1037_ITH_HAP_XX__AUDIO_1037_ITH_NEU_XX_styletts,track1,1,crema_1037,NEU,HAP,-1,1,1,1,,data\preprocessed\features\z_at\FAKE_T1_1037_ITH_HAP_XX__AUDIO_1037_ITH_NEU_XX_styletts.pt,data\preprocessed\features\z_v\FAKE_T1_1037_ITH_HAP_XX__AUDIO_1037_ITH_NEU_XX_styletts.pt
FAKE_T1_1037_ITS_DIS_XX__AUDIO_1037_ITS_FEA_XX_styletts,track1,1,crema_1037,FEA,DIS,-1,1,1,1,,data\preprocessed\features\z_at\FAKE_T1_1037_ITS_DIS_XX__AUDIO_1037_ITS_FEA_XX_styletts.pt,data\preprocessed\features\z_v\FAKE_T1_1037_ITS_DIS_XX__AUDIO_1037_ITS_FEA_XX_styletts.pt
FAKE_T1_1037_IWL_ANG_XX__AUDIO_1037_IWL_DIS_XX_styletts,track1,1,crema_1037,DIS,ANG,-1,1,1,1,,data\preprocessed\features\z_at\FAKE_T1_1037_IWL_ANG_XX__AUDIO_1037_IWL_DIS_XX_styletts.pt,data\preprocessed\features\z_v\FAKE_T1_1037_IWL_ANG_XX__AUDIO_1037_IWL_DIS_XX_styletts.pt
FAKE_T1_1037_IWL_DIS_XX__AUDIO_1037_IWL_FEA_XX_styletts,track1,1,crema_1037,FEA,DIS,-1,1,1,1,,data\preprocessed\features\z_at\FAKE_T1_1037_IWL_DIS_XX__AUDIO_1037_IWL_FEA_XX_styletts.pt,data\preprocessed\features\z_v\FAKE_T1_1037_IWL_DIS_XX__AUDIO_1037_IWL_FEA_XX_styletts.pt
FAKE_T1_1037_IWW_ANG_XX__AUDIO_1037_IWW_DIS_XX_styletts,track1,1,crema_1037,DIS,ANG,-1,1,1,1,,data\preprocessed\features\z_at\FAKE_T1_1037_IWW_ANG_XX__AUDIO_1037_IWW_DIS_XX_styletts.pt,data\preprocessed\features\z_v\FAKE_T1_1037_IWW_ANG_XX__AUDIO_1037_IWW_DIS_XX_styletts.pt
FAKE_T1_1037_IWW_NEU_XX__AUDIO_1037_IWW_SAD_XX_styletts,track1,1,crema_1037,SAD,NEU,-1,1,1,1,,data\preprocessed\features\z_at\FAKE_T1_1037_IWW_NEU_XX__AUDIO_1037_IWW_SAD_XX_styletts.pt,data\preprocessed\features\z_v\FAKE_T1_1037_IWW_NEU_XX__AUDIO_1037_IWW_SAD_XX_styletts.pt
FAKE_T1_1037_MTI_ANG_XX__AUDIO_1037_MTI_DIS_XX_styletts,track1,1,crema_1037,DIS,ANG,-1,1,1,1,,data\preprocessed\features\z_at\FAKE_T1_1037_MTI_ANG_XX__AUDIO_1037_MTI_DIS_XX_styletts.pt,data\preprocessed\features\z_v\FAKE_T1_1037_MTI_ANG_XX__AUDIO_1037_MTI_DIS_XX_styletts.pt
FAKE_T1_1037_MTI_DIS_XX__AUDIO_1037_MTI_FEA_XX_styletts,track1,1,crema_1037,FEA,DIS,-1,1,1,1,,data\preprocessed\features\z_at\FAKE_T1_1037_MTI_DIS_XX__AUDIO_1037_MTI_FEA_XX_styletts.pt,data\preprocessed\features\z_v\FAKE_T1_1037_MTI_DIS_XX__AUDIO_1037_MTI_FEA_XX_styletts.pt
FAKE_T1_1037_TAI_SAD_XX__AUDIO_1037_TAI_ANG_XX_styletts,track1,1,crema_1037,ANG,SAD,-1,1,1,1,,data\preprocessed\features\z_at\FAKE_T1_1037_TAI_SAD_XX__AUDIO_1037_TAI_ANG_XX_styletts.pt,data\preprocessed\features\z_v\FAKE_T1_1037_TAI_SAD_XX__AUDIO_1037_TAI_ANG_XX_styletts.pt
FAKE_T1_1037_TSI_FEA_XX__AUDIO_1037_TSI_HAP_XX_styletts,track1,1,crema_1037,HAP,FEA,-1,1,1,1,,data\preprocessed\features\z_at\FAKE_T1_1037_TSI_FEA_XX__AUDIO_1037_TSI_HAP_XX_styletts.pt,data\preprocessed\features\z_v\FAKE_T1_1037_TSI_FEA_XX__AUDIO_1037_TSI_HAP_XX_styletts.pt
FAKE_T1_1037_WSI_ANG_XX__AUDIO_1037_WSI_DIS_XX_styletts,track1,1,crema_1037,DIS,ANG,-1,1,1,1,,data\preprocessed\features\z_at\FAKE_T1_1037_WSI_ANG_XX__AUDIO_1037_WSI_DIS_XX_styletts.pt,data\preprocessed\features\z_v\FAKE_T1_1037_WSI_ANG_XX__AUDIO_1037_WSI_DIS_XX_styletts.pt
FAKE_T1_1038_DFA_ANG_XX__AUDIO_1038_DFA_DIS_XX_styletts,track1,1,crema_1038,DIS,ANG,-1,1,1,1,,data\preprocessed\features\z_at\FAKE_T1_1038_DFA_ANG_XX__AUDIO_1038_DFA_DIS_XX_styletts.pt,data\preprocessed\features\z_v\FAKE_T1_1038_DFA_ANG_XX__AUDIO_1038_DFA_DIS_XX_styletts.pt
FAKE_T1_1038_DFA_DIS_XX__AUDIO_1038_DFA_FEA_XX_styletts,track1,1,crema_1038,FEA,DIS,-1,1,1,1,,data\preprocessed\features\z_at\FAKE_T1_1038_DFA_DIS_XX__AUDIO_1038_DFA_FEA_XX_styletts.pt,data\preprocessed\features\z_v\FAKE_T1_1038_DFA_DIS_XX__AUDIO_1038_DFA_FEA_XX_styletts.pt
FAKE_T1_1038_DFA_FEA_XX__AUDIO_1038_DFA_HAP_XX_styletts,track1,1,crema_1038,HAP,FEA,-1,1,1,1,,data\preprocessed\features\z_at\FAKE_T1_1038_DFA_FEA_XX__AUDIO_1038_DFA_HAP_XX_styletts.pt,data\preprocessed\features\z_v\FAKE_T1_1038_DFA_FEA_XX__AUDIO_1038_DFA_HAP_XX_styletts.pt
FAKE_T1_1038_IEO_DIS_LO__AUDIO_1038_IEO_FEA_LO_styletts,track1,1,crema_1038,FEA,DIS,-1,1,1,1,,data\preprocessed\features\z_at\FAKE_T1_1038_IEO_DIS_LO__AUDIO_1038_IEO_FEA_LO_styletts.pt,data\preprocessed\features\z_v\FAKE_T1_1038_IEO_DIS_LO__AUDIO_1038_IEO_FEA_LO_styletts.pt
FAKE_T1_1038_IEO_SAD_LO__AUDIO_1038_IEO_ANG_LO_styletts,track1,1,crema_1038,ANG,SAD,-1,1,1,1,,data\preprocessed\features\z_at\FAKE_T1_1038_IEO_SAD_LO__AUDIO_1038_IEO_ANG_LO_styletts.pt,data\preprocessed\features\z_v\FAKE_T1_1038_IEO_SAD_LO__AUDIO_1038_IEO_ANG_LO_styletts.pt
FAKE_T1_1038_IOM_FEA_XX__AUDIO_1038_IOM_HAP_XX_styletts,track1,1,crema_1038,HAP,FEA,-1,1,1,1,,data\preprocessed\features\z_at\FAKE_T1_1038_IOM_FEA_XX__AUDIO_1038_IOM_HAP_XX_styletts.pt,data\preprocessed\features\z_v\FAKE_T1_1038_IOM_FEA_XX__AUDIO_1038_IOM_HAP_XX_styletts.pt
FAKE_T1_1038_IOM_NEU_XX__AUDIO_1038_IOM_SAD_XX_styletts,track1,1,crema_1038,SAD,NEU,-1,1,1,1,,data\preprocessed\features\z_at\FAKE_T1_1038_IOM_NEU_XX__AUDIO_1038_IOM_SAD_XX_styletts.pt,data\preprocessed\features\z_v\FAKE_T1_1038_IOM_NEU_XX__AUDIO_1038_IOM_SAD_XX_styletts.pt
FAKE_T1_1038_ITH_HAP_XX__AUDIO_1038_ITH_NEU_XX_styletts,track1,1,crema_1038,NEU,HAP,-1,1,1,1,,data\preprocessed\features\z_at\FAKE_T1_1038_ITH_HAP_XX__AUDIO_1038_ITH_NEU_XX_styletts.pt,data\preprocessed\features\z_v\FAKE_T1_1038_ITH_HAP_XX__AUDIO_1038_ITH_NEU_XX_styletts.pt
FAKE_T1_1038_IWL_FEA_XX__AUDIO_1038_IWL_HAP_XX_styletts,track1,1,crema_1038,HAP,FEA,-1,1,1,1,,data\preprocessed\features\z_at\FAKE_T1_1038_IWL_FEA_XX__AUDIO_1038_IWL_HAP_XX_styletts.pt,data\preprocessed\features\z_v\FAKE_T1_1038_IWL_FEA_XX__AUDIO_1038_IWL_HAP_XX_styletts.pt
FAKE_T1_1038_IWL_HAP_XX__AUDIO_1038_IWL_NEU_XX_styletts,track1,1,crema_1038,NEU,HAP,-1,1,1,1,,data\preprocessed\features\z_at\FAKE_T1_1038_IWL_HAP_XX__AUDIO_1038_IWL_NEU_XX_styletts.pt,data\preprocessed\features\z_v\FAKE_T1_1038_IWL_HAP_XX__AUDIO_1038_IWL_NEU_XX_styletts.pt
FAKE_T1_1038_MTI_HAP_XX__AUDIO_1038_MTI_NEU_XX_styletts,track1,1,crema_1038,NEU,HAP,-1,1,1,1,,data\preprocessed\features\z_at\FAKE_T1_1038_MTI_HAP_XX__AUDIO_1038_MTI_NEU_XX_styletts.pt,data\preprocessed\features\z_v\FAKE_T1_1038_MTI_HAP_XX__AUDIO_1038_MTI_NEU_XX_styletts.pt
FAKE_T1_1038_TAI_DIS_XX__AUDIO_1038_TAI_FEA_XX_styletts,track1,1,crema_1038,FEA,DIS,-1,1,1,1,,data\preprocessed\features\z_at\FAKE_T1_1038_TAI_DIS_XX__AUDIO_1038_TAI_FEA_XX_styletts.pt,data\preprocessed\features\z_v\FAKE_T1_1038_TAI_DIS_XX__AUDIO_1038_TAI_FEA_XX_styletts.pt
FAKE_T1_1038_TAI_FEA_XX__AUDIO_1038_TAI_HAP_XX_styletts,track1,1,crema_1038,HAP,FEA,-1,1,1,1,,data\preprocessed\features\z_at\FAKE_T1_1038_TAI_FEA_XX__AUDIO_1038_TAI_HAP_XX_styletts.pt,data\preprocessed\features\z_v\FAKE_T1_1038_TAI_FEA_XX__AUDIO_1038_TAI_HAP_XX_styletts.pt
FAKE_T1_1038_TIE_DIS_XX__AUDIO_1038_TIE_FEA_XX_styletts,track1,1,crema_1038,FEA,DIS,-1,1,1,1,,data\preprocessed\features\z_at\FAKE_T1_1038_TIE_DIS_XX__AUDIO_1038_TIE_FEA_XX_styletts.pt,data\preprocessed\features\z_v\FAKE_T1_1038_TIE_DIS_XX__AUDIO_1038_TIE_FEA_XX_styletts.pt
FAKE_T1_1038_WSI_FEA_XX__AUDIO_1038_WSI_HAP_XX_styletts,track1,1,crema_1038,HAP,FEA,-1,1,1,1,,data\preprocessed\features\z_at\FAKE_T1_1038_WSI_FEA_XX__AUDIO_1038_WSI_HAP_XX_styletts.pt,data\preprocessed\features\z_v\FAKE_T1_1038_WSI_FEA_XX__AUDIO_1038_WSI_HAP_XX_styletts.pt
FAKE_T1_1038_WSI_HAP_XX__AUDIO_1038_WSI_NEU_XX_styletts,track1,1,crema_1038,NEU,HAP,-1,1,1,1,,data\preprocessed\features\z_at\FAKE_T1_1038_WSI_HAP_XX__AUDIO_1038_WSI_NEU_XX_styletts.pt,data\preprocessed\features\z_v\FAKE_T1_1038_WSI_HAP_XX__AUDIO_1038_WSI_NEU_XX_styletts.pt
FAKE_T1_1039_DFA_FEA_XX__AUDIO_1039_DFA_HAP_XX_styletts,track1,1,crema_1039,HAP,FEA,-1,1,1,1,,data\preprocessed\features\z_at\FAKE_T1_1039_DFA_FEA_XX__AUDIO_1039_DFA_HAP_XX_styletts.pt,data\preprocessed\features\z_v\FAKE_T1_1039_DFA_FEA_XX__AUDIO_1039_DFA_HAP_XX_styletts.pt
FAKE_T1_1039_IEO_ANG_LO__AUDIO_1039_IEO_DIS_LO_styletts,track1,1,crema_1039,DIS,ANG,-1,1,1,1,,data\preprocessed\features\z_at\FAKE_T1_1039_IEO_ANG_LO__AUDIO_1039_IEO_DIS_LO_styletts.pt,data\preprocessed\features\z_v\FAKE_T1_1039_IEO_ANG_LO__AUDIO_1039_IEO_DIS_LO_styletts.pt
FAKE_T1_1039_IEO_ANG_MD__AUDIO_1039_IEO_DIS_MD_styletts,track1,1,crema_1039,DIS,ANG,-1,1,1,1,,data\preprocessed\features\z_at\FAKE_T1_1039_IEO_ANG_MD__AUDIO_1039_IEO_DIS_MD_styletts.pt,data\preprocessed\features\z_v\FAKE_T1_1039_IEO_ANG_MD__AUDIO_1039_IEO_DIS_MD_styletts.pt
FAKE_T1_1039_IEO_FEA_MD__AUDIO_1039_IEO_HAP_MD_styletts,track1,1,crema_1039,HAP,FEA,-1,1,1,1,,data\preprocessed\features\z_at\FAKE_T1_1039_IEO_FEA_MD__AUDIO_1039_IEO_HAP_MD_styletts.pt,data\preprocessed\features\z_v\FAKE_T1_1039_IEO_FEA_MD__AUDIO_1039_IEO_HAP_MD_styletts.pt
FAKE_T1_1039_IEO_HAP_LO__AUDIO_1039_IEO_NEU_XX_styletts,track1,1,crema_1039,NEU,HAP,-1,1,1,1,,data\preprocessed\features\z_at\FAKE_T1_1039_IEO_HAP_LO__AUDIO_1039_IEO_NEU_XX_styletts.pt,data\preprocessed\features\z_v\FAKE_T1_1039_IEO_HAP_LO__AUDIO_1039_IEO_NEU_XX_styletts.pt
FAKE_T1_1039_IEO_NEU_XX__AUDIO_1039_IEO_SAD_HI_styletts,track1,1,crema_1039,SAD,NEU,-1,1,1,1,,data\preprocessed\features\z_at\FAKE_T1_1039_IEO_NEU_XX__AUDIO_1039_IEO_SAD_HI_styletts.pt,data\preprocessed\features\z_v\FAKE_T1_1039_IEO_NEU_XX__AUDIO_1039_IEO_SAD_HI_styletts.pt
FAKE_T1_1039_IEO_SAD_MD__AUDIO_1039_IEO_ANG_MD_styletts,track1,1,crema_1039,ANG,SAD,-1,1,1,1,,data\preprocessed\features\z_at\FAKE_T1_1039_IEO_SAD_MD__AUDIO_1039_IEO_ANG_MD_styletts.pt,data\preprocessed\features\z_v\FAKE_T1_1039_IEO_SAD_MD__AUDIO_1039_IEO_ANG_MD_styletts.pt
FAKE_T1_1039_IOM_ANG_XX__AUDIO_1039_IOM_DIS_XX_styletts,track1,1,crema_1039,DIS,ANG,-1,1,1,1,,data\preprocessed\features\z_at\FAKE_T1_1039_IOM_ANG_XX__AUDIO_1039_IOM_DIS_XX_styletts.pt,data\preprocessed\features\z_v\FAKE_T1_1039_IOM_ANG_XX__AUDIO_1039_IOM_DIS_XX_styletts.pt
FAKE_T1_1039_IOM_DIS_XX__AUDIO_1039_IOM_FEA_XX_styletts,track1,1,crema_1039,FEA,DIS,-1,1,1,1,,data\preprocessed\features\z_at\FAKE_T1_1039_IOM_DIS_XX__AUDIO_1039_IOM_FEA_XX_styletts.pt,data\preprocessed\features\z_v\FAKE_T1_1039_IOM_DIS_XX__AUDIO_1039_IOM_FEA_XX_styletts.pt
FAKE_T1_1039_IWW_ANG_XX__AUDIO_1039_IWW_DIS_XX_styletts,track1,1,crema_1039,DIS,ANG,-1,1,1,1,,data\preprocessed\features\z_at\FAKE_T1_1039_IWW_ANG_XX__AUDIO_1039_IWW_DIS_XX_styletts.pt,data\preprocessed\features\z_v\FAKE_T1_1039_IWW_ANG_XX__AUDIO_1039_IWW_DIS_XX_styletts.pt
FAKE_T1_1039_MTI_NEU_XX__AUDIO_1039_MTI_SAD_XX_styletts,track1,1,crema_1039,SAD,NEU,-1,1,1,1,,data\preprocessed\features\z_at\FAKE_T1_1039_MTI_NEU_XX__AUDIO_1039_MTI_SAD_XX_styletts.pt,data\preprocessed\features\z_v\FAKE_T1_1039_MTI_NEU_XX__AUDIO_1039_MTI_SAD_XX_styletts.pt
FAKE_T1_1039_MTI_SAD_XX__AUDIO_1039_MTI_ANG_XX_styletts,track1,1,crema_1039,ANG,SAD,-1,1,1,1,,data\preprocessed\features\z_at\FAKE_T1_1039_MTI_SAD_XX__AUDIO_1039_MTI_ANG_XX_styletts.pt,data\preprocessed\features\z_v\FAKE_T1_1039_MTI_SAD_XX__AUDIO_1039_MTI_ANG_XX_styletts.pt
FAKE_T1_1039_TAI_FEA_XX__AUDIO_1039_TAI_HAP_XX_styletts,track1,1,crema_1039,HAP,FEA,-1,1,1,1,,data\preprocessed\features\z_at\FAKE_T1_1039_TAI_FEA_XX__AUDIO_1039_TAI_HAP_XX_styletts.pt,data\preprocessed\features\z_v\FAKE_T1_1039_TAI_FEA_XX__AUDIO_1039_TAI_HAP_XX_styletts.pt
FAKE_T1_1039_TSI_FEA_XX__AUDIO_1039_TSI_HAP_XX_styletts,track1,1,crema_1039,HAP,FEA,-1,1,1,1,,data\preprocessed\features\z_at\FAKE_T1_1039_TSI_FEA_XX__AUDIO_1039_TSI_HAP_XX_styletts.pt,data\preprocessed\features\z_v\FAKE_T1_1039_TSI_FEA_XX__AUDIO_1039_TSI_HAP_XX_styletts.pt
FAKE_T1_1039_WSI_ANG_XX__AUDIO_1039_WSI_DIS_XX_styletts,track1,1,crema_1039,DIS,ANG,-1,1,1,1,,data\preprocessed\features\z_at\FAKE_T1_1039_WSI_ANG_XX__AUDIO_1039_WSI_DIS_XX_styletts.pt,data\preprocessed\features\z_v\FAKE_T1_1039_WSI_ANG_XX__AUDIO_1039_WSI_DIS_XX_styletts.pt
FAKE_T1_1039_WSI_DIS_XX__AUDIO_1039_WSI_FEA_XX_styletts,track1,1,crema_1039,FEA,DIS,-1,1,1,1,,data\preprocessed\features\z_at\FAKE_T1_1039_WSI_DIS_XX__AUDIO_1039_WSI_FEA_XX_styletts.pt,data\preprocessed\features\z_v\FAKE_T1_1039_WSI_DIS_XX__AUDIO_1039_WSI_FEA_XX_styletts.pt
FAKE_T1_1040_DFA_ANG_XX__AUDIO_1040_DFA_DIS_XX_styletts,track1,1,crema_1040,DIS,ANG,-1,1,1,1,,data\preprocessed\features\z_at\FAKE_T1_1040_DFA_ANG_XX__AUDIO_1040_DFA_DIS_XX_styletts.pt,data\preprocessed\features\z_v\FAKE_T1_1040_DFA_ANG_XX__AUDIO_1040_DFA_DIS_XX_styletts.pt
FAKE_T1_1040_DFA_SAD_XX__AUDIO_1040_DFA_ANG_XX_styletts,track1,1,crema_1040,ANG,SAD,-1,1,1,1,,data\preprocessed\features\z_at\FAKE_T1_1040_DFA_SAD_XX__AUDIO_1040_DFA_ANG_XX_styletts.pt,data\preprocessed\features\z_v\FAKE_T1_1040_DFA_SAD_XX__AUDIO_1040_DFA_ANG_XX_styletts.pt
FAKE_T1_1040_IEO_FEA_LO__AUDIO_1040_IEO_HAP_LO_styletts,track1,1,crema_1040,HAP,FEA,-1,1,1,1,,data\preprocessed\features\z_at\FAKE_T1_1040_IEO_FEA_LO__AUDIO_1040_IEO_HAP_LO_styletts.pt,data\preprocessed\features\z_v\FAKE_T1_1040_IEO_FEA_LO__AUDIO_1040_IEO_HAP_LO_styletts.pt
FAKE_T1_1040_IEO_FEA_MD__AUDIO_1040_IEO_HAP_MD_styletts,track1,1,crema_1040,HAP,FEA,-1,1,1,1,,data\preprocessed\features\z_at\FAKE_T1_1040_IEO_FEA_MD__AUDIO_1040_IEO_HAP_MD_styletts.pt,data\preprocessed\features\z_v\FAKE_T1_1040_IEO_FEA_MD__AUDIO_1040_IEO_HAP_MD_styletts.pt
FAKE_T1_1040_IEO_NEU_XX__AUDIO_1040_IEO_SAD_HI_styletts,track1,1,crema_1040,SAD,NEU,-1,1,1,1,,data\preprocessed\features\z_at\FAKE_T1_1040_IEO_NEU_XX__AUDIO_1040_IEO_SAD_HI_styletts.pt,data\preprocessed\features\z_v\FAKE_T1_1040_IEO_NEU_XX__AUDIO_1040_IEO_SAD_HI_styletts.pt
FAKE_T1_1040_IEO_SAD_HI__AUDIO_1040_IEO_ANG_HI_styletts,track1,1,crema_1040,ANG,SAD,-1,1,1,1,,data\preprocessed\features\z_at\FAKE_T1_1040_IEO_SAD_HI__AUDIO_1040_IEO_ANG_HI_styletts.pt,data\preprocessed\features\z_v\FAKE_T1_1040_IEO_SAD_HI__AUDIO_1040_IEO_ANG_HI_styletts.pt
FAKE_T1_1040_IOM_DIS_XX__AUDIO_1040_IOM_FEA_XX_styletts,track1,1,crema_1040,FEA,DIS,-1,1,1,1,,data\preprocessed\features\z_at\FAKE_T1_1040_IOM_DIS_XX__AUDIO_1040_IOM_FEA_XX_styletts.pt,data\preprocessed\features\z_v\FAKE_T1_1040_IOM_DIS_XX__AUDIO_1040_IOM_FEA_XX_styletts.pt
FAKE_T1_1040_ITH_SAD_XX__AUDIO_1040_ITH_ANG_XX_styletts,track1,1,crema_1040,ANG,SAD,-1,1,1,1,,data\preprocessed\features\z_at\FAKE_T1_1040_ITH_SAD_XX__AUDIO_1040_ITH_ANG_XX_styletts.pt,data\preprocessed\features\z_v\FAKE_T1_1040_ITH_SAD_XX__AUDIO_1040_ITH_ANG_XX_styletts.pt
FAKE_T1_1040_IWL_FEA_XX__AUDIO_1040_IWL_HAP_XX_styletts,track1,1,crema_1040,HAP,FEA,-1,1,1,1,,data\preprocessed\features\z_at\FAKE_T1_1040_IWL_FEA_XX__AUDIO_1040_IWL_HAP_XX_styletts.pt,data\preprocessed\features\z_v\FAKE_T1_1040_IWL_FEA_XX__AUDIO_1040_IWL_HAP_XX_styletts.pt
FAKE_T1_1040_IWL_NEU_XX__AUDIO_1040_IWL_SAD_XX_styletts,track1,1,crema_1040,SAD,NEU,-1,1,1,1,,data\preprocessed\features\z_at\FAKE_T1_1040_IWL_NEU_XX__AUDIO_1040_IWL_SAD_XX_styletts.pt,data\preprocessed\features\z_v\FAKE_T1_1040_IWL_NEU_XX__AUDIO_1040_IWL_SAD_XX_styletts.pt
FAKE_T1_1040_IWW_DIS_XX__AUDIO_1040_IWW_FEA_XX_styletts,track1,1,crema_1040,FEA,DIS,-1,1,1,1,,data\preprocessed\features\z_at\FAKE_T1_1040_IWW_DIS_XX__AUDIO_1040_IWW_FEA_XX_styletts.pt,data\preprocessed\features\z_v\FAKE_T1_1040_IWW_DIS_XX__AUDIO_1040_IWW_FEA_XX_styletts.pt
FAKE_T1_1040_MTI_SAD_XX__AUDIO_1040_MTI_ANG_XX_styletts,track1,1,crema_1040,ANG,SAD,-1,1,1,1,,data\preprocessed\features\z_at\FAKE_T1_1040_MTI_SAD_XX__AUDIO_1040_MTI_ANG_XX_styletts.pt,data\preprocessed\features\z_v\FAKE_T1_1040_MTI_SAD_XX__AUDIO_1040_MTI_ANG_XX_styletts.pt
FAKE_T1_1040_TAI_SAD_XX__AUDIO_1040_TAI_ANG_XX_styletts,track1,1,crema_1040,ANG,SAD,-1,1,1,1,,data\preprocessed\features\z_at\FAKE_T1_1040_TAI_SAD_XX__AUDIO_1040_TAI_ANG_XX_styletts.pt,data\preprocessed\features\z_v\FAKE_T1_1040_TAI_SAD_XX__AUDIO_1040_TAI_ANG_XX_styletts.pt
FAKE_T1_1040_TIE_DIS_XX__AUDIO_1040_TIE_FEA_XX_styletts,track1,1,crema_1040,FEA,DIS,-1,1,1,1,,data\preprocessed\features\z_at\FAKE_T1_1040_TIE_DIS_XX__AUDIO_1040_TIE_FEA_XX_styletts.pt,data\preprocessed\features\z_v\FAKE_T1_1040_TIE_DIS_XX__AUDIO_1040_TIE_FEA_XX_styletts.pt
FAKE_T1_1040_TSI_DIS_XX__AUDIO_1040_TSI_FEA_XX_styletts,track1,1,crema_1040,FEA,DIS,-1,1,1,1,,data\preprocessed\features\z_at\FAKE_T1_1040_TSI_DIS_XX__AUDIO_1040_TSI_FEA_XX_styletts.pt,data\preprocessed\features\z_v\FAKE_T1_1040_TSI_DIS_XX__AUDIO_1040_TSI_FEA_XX_styletts.pt
FAKE_T1_1040_TSI_HAP_XX__AUDIO_1040_TSI_NEU_XX_styletts,track1,1,crema_1040,NEU,HAP,-1,1,1,1,,data\preprocessed\features\z_at\FAKE_T1_1040_TSI_HAP_XX__AUDIO_1040_TSI_NEU_XX_styletts.pt,data\preprocessed\features\z_v\FAKE_T1_1040_TSI_HAP_XX__AUDIO_1040_TSI_NEU_XX_styletts.pt
FAKE_T1_1042_IEO_DIS_HI__AUDIO_1042_IEO_FEA_HI_styletts,track1,1,crema_1042,FEA,DIS,-1,1,1,1,,data\preprocessed\features\z_at\FAKE_T1_1042_IEO_DIS_HI__AUDIO_1042_IEO_FEA_HI_styletts.pt,data\preprocessed\features\z_v\FAKE_T1_1042_IEO_DIS_HI__AUDIO_1042_IEO_FEA_HI_styletts.pt
FAKE_T1_1042_IEO_FEA_HI__AUDIO_1042_IEO_HAP_HI_styletts,track1,1,crema_1042,HAP,FEA,-1,1,1,1,,data\preprocessed\features\z_at\FAKE_T1_1042_IEO_FEA_HI__AUDIO_1042_IEO_HAP_HI_styletts.pt,data\preprocessed\features\z_v\FAKE_T1_1042_IEO_FEA_HI__AUDIO_1042_IEO_HAP_HI_styletts.pt
FAKE_T1_1042_ITH_ANG_XX__AUDIO_1042_ITH_DIS_XX_styletts,track1,1,crema_1042,DIS,ANG,-1,1,1,1,,data\preprocessed\features\z_at\FAKE_T1_1042_ITH_ANG_XX__AUDIO_1042_ITH_DIS_XX_styletts.pt,data\preprocessed\features\z_v\FAKE_T1_1042_ITH_ANG_XX__AUDIO_1042_ITH_DIS_XX_styletts.pt
FAKE_T1_1042_ITH_FEA_XX__AUDIO_1042_ITH_HAP_XX_styletts,track1,1,crema_1042,HAP,FEA,-1,1,1,1,,data\preprocessed\features\z_at\FAKE_T1_1042_ITH_FEA_XX__AUDIO_1042_ITH_HAP_XX_styletts.pt,data\preprocessed\features\z_v\FAKE_T1_1042_ITH_FEA_XX__AUDIO_1042_ITH_HAP_XX_styletts.pt
FAKE_T1_1042_IWL_HAP_XX__AUDIO_1042_IWL_NEU_XX_styletts,track1,1,crema_1042,NEU,HAP,-1,1,1,1,,data\preprocessed\features\z_at\FAKE_T1_1042_IWL_HAP_XX__AUDIO_1042_IWL_NEU_XX_styletts.pt,data\preprocessed\features\z_v\FAKE_T1_1042_IWL_HAP_XX__AUDIO_1042_IWL_NEU_XX_styletts.pt
FAKE_T1_1042_IWW_ANG_XX__AUDIO_1042_IWW_DIS_XX_styletts,track1,1,crema_1042,DIS,ANG,-1,1,1,1,,data\preprocessed\features\z_at\FAKE_T1_1042_IWW_ANG_XX__AUDIO_1042_IWW_DIS_XX_styletts.pt,data\preprocessed\features\z_v\FAKE_T1_1042_IWW_ANG_XX__AUDIO_1042_IWW_DIS_XX_styletts.pt
FAKE_T1_1042_IWW_FEA_XX__AUDIO_1042_IWW_HAP_XX_styletts,track1,1,crema_1042,HAP,FEA,-1,1,1,1,,data\preprocessed\features\z_at\FAKE_T1_1042_IWW_FEA_XX__AUDIO_1042_IWW_HAP_XX_styletts.pt,data\preprocessed\features\z_v\FAKE_T1_1042_IWW_FEA_XX__AUDIO_1042_IWW_HAP_XX_styletts.pt
FAKE_T1_1042_TAI_DIS_XX__AUDIO_1042_TAI_FEA_XX_styletts,track1,1,crema_1042,FEA,DIS,-1,1,1,1,,data\preprocessed\features\z_at\FAKE_T1_1042_TAI_DIS_XX__AUDIO_1042_TAI_FEA_XX_styletts.pt,data\preprocessed\features\z_v\FAKE_T1_1042_TAI_DIS_XX__AUDIO_1042_TAI_FEA_XX_styletts.pt
FAKE_T1_1042_TAI_FEA_XX__AUDIO_1042_TAI_HAP_XX_styletts,track1,1,crema_1042,HAP,FEA,-1,1,1,1,,data\preprocessed\features\z_at\FAKE_T1_1042_TAI_FEA_XX__AUDIO_1042_TAI_HAP_XX_styletts.pt,data\preprocessed\features\z_v\FAKE_T1_1042_TAI_FEA_XX__AUDIO_1042_TAI_HAP_XX_styletts.pt
FAKE_T1_1042_TAI_NEU_XX__AUDIO_1042_TAI_SAD_XX_styletts,track1,1,crema_1042,SAD,NEU,-1,1,1,1,,data\preprocessed\features\z_at\FAKE_T1_1042_TAI_NEU_XX__AUDIO_1042_TAI_SAD_XX_styletts.pt,data\preprocessed\features\z_v\FAKE_T1_1042_TAI_NEU_XX__AUDIO_1042_TAI_SAD_XX_styletts.pt
FAKE_T1_1042_TIE_DIS_XX__AUDIO_1042_TIE_FEA_XX_styletts,track1,1,crema_1042,FEA,DIS,-1,1,1,1,,data\preprocessed\features\z_at\FAKE_T1_1042_TIE_DIS_XX__AUDIO_1042_TIE_FEA_XX_styletts.pt,data\preprocessed\features\z_v\FAKE_T1_1042_TIE_DIS_XX__AUDIO_1042_TIE_FEA_XX_styletts.pt
FAKE_T1_1042_TIE_HAP_XX__AUDIO_1042_TIE_NEU_XX_styletts,track1,1,crema_1042,NEU,HAP,-1,1,1,1,,data\preprocessed\features\z_at\FAKE_T1_1042_TIE_HAP_XX__AUDIO_1042_TIE_NEU_XX_styletts.pt,data\preprocessed\features\z_v\FAKE_T1_1042_TIE_HAP_XX__AUDIO_1042_TIE_NEU_XX_styletts.pt
FAKE_T1_1042_TIE_SAD_XX__AUDIO_1042_TIE_ANG_XX_styletts,track1,1,crema_1042,ANG,SAD,-1,1,1,1,,data\preprocessed\features\z_at\FAKE_T1_1042_TIE_SAD_XX__AUDIO_1042_TIE_ANG_XX_styletts.pt,data\preprocessed\features\z_v\FAKE_T1_1042_TIE_SAD_XX__AUDIO_1042_TIE_ANG_XX_styletts.pt
FAKE_T1_1042_TSI_NEU_XX__AUDIO_1042_TSI_SAD_XX_styletts,track1,1,crema_1042,SAD,NEU,-1,1,1,1,,data\preprocessed\features\z_at\FAKE_T1_1042_TSI_NEU_XX__AUDIO_1042_TSI_SAD_XX_styletts.pt,data\preprocessed\features\z_v\FAKE_T1_1042_TSI_NEU_XX__AUDIO_1042_TSI_SAD_XX_styletts.pt
FAKE_T1_1042_WSI_FEA_XX__AUDIO_1042_WSI_HAP_XX_styletts,track1,1,crema_1042,HAP,FEA,-1,1,1,1,,data\preprocessed\features\z_at\FAKE_T1_1042_WSI_FEA_XX__AUDIO_1042_WSI_HAP_XX_styletts.pt,data\preprocessed\features\z_v\FAKE_T1_1042_WSI_FEA_XX__AUDIO_1042_WSI_HAP_XX_styletts.pt
FAKE_T1_1042_WSI_HAP_XX__AUDIO_1042_WSI_NEU_XX_styletts,track1,1,crema_1042,NEU,HAP,-1,1,1,1,,data\preprocessed\features\z_at\FAKE_T1_1042_WSI_HAP_XX__AUDIO_1042_WSI_NEU_XX_styletts.pt,data\preprocessed\features\z_v\FAKE_T1_1042_WSI_HAP_XX__AUDIO_1042_WSI_NEU_XX_styletts.pt
FAKE_T1_1044_DFA_DIS_XX__AUDIO_1044_DFA_FEA_XX_styletts,track1,1,crema_1044,FEA,DIS,-1,1,1,1,,data\preprocessed\features\z_at\FAKE_T1_1044_DFA_DIS_XX__AUDIO_1044_DFA_FEA_XX_styletts.pt,data\preprocessed\features\z_v\FAKE_T1_1044_DFA_DIS_XX__AUDIO_1044_DFA_FEA_XX_styletts.pt
FAKE_T1_1044_DFA_SAD_XX__AUDIO_1044_DFA_ANG_XX_styletts,track1,1,crema_1044,ANG,SAD,-1,1,1,1,,data\preprocessed\features\z_at\FAKE_T1_1044_DFA_SAD_XX__AUDIO_1044_DFA_ANG_XX_styletts.pt,data\preprocessed\features\z_v\FAKE_T1_1044_DFA_SAD_XX__AUDIO_1044_DFA_ANG_XX_styletts.pt
FAKE_T1_1044_IEO_FEA_MD__AUDIO_1044_IEO_HAP_MD_styletts,track1,1,crema_1044,HAP,FEA,-1,1,1,1,,data\preprocessed\features\z_at\FAKE_T1_1044_IEO_FEA_MD__AUDIO_1044_IEO_HAP_MD_styletts.pt,data\preprocessed\features\z_v\FAKE_T1_1044_IEO_FEA_MD__AUDIO_1044_IEO_HAP_MD_styletts.pt
FAKE_T1_1044_IOM_FEA_XX__AUDIO_1044_IOM_HAP_XX_styletts,track1,1,crema_1044,HAP,FEA,-1,1,1,1,,data\preprocessed\features\z_at\FAKE_T1_1044_IOM_FEA_XX__AUDIO_1044_IOM_HAP_XX_styletts.pt,data\preprocessed\features\z_v\FAKE_T1_1044_IOM_FEA_XX__AUDIO_1044_IOM_HAP_XX_styletts.pt
FAKE_T1_1044_IOM_HAP_XX__AUDIO_1044_IOM_NEU_XX_styletts,track1,1,crema_1044,NEU,HAP,-1,1,1,1,,data\preprocessed\features\z_at\FAKE_T1_1044_IOM_HAP_XX__AUDIO_1044_IOM_NEU_XX_styletts.pt,data\preprocessed\features\z_v\FAKE_T1_1044_IOM_HAP_XX__AUDIO_1044_IOM_NEU_XX_styletts.pt
FAKE_T1_1044_IOM_NEU_XX__AUDIO_1044_IOM_SAD_XX_styletts,track1,1,crema_1044,SAD,NEU,-1,1,1,1,,data\preprocessed\features\z_at\FAKE_T1_1044_IOM_NEU_XX__AUDIO_1044_IOM_SAD_XX_styletts.pt,data\preprocessed\features\z_v\FAKE_T1_1044_IOM_NEU_XX__AUDIO_1044_IOM_SAD_XX_styletts.pt
FAKE_T1_1044_IOM_SAD_XX__AUDIO_1044_IOM_ANG_XX_styletts,track1,1,crema_1044,ANG,SAD,-1,1,1,1,,data\preprocessed\features\z_at\FAKE_T1_1044_IOM_SAD_XX__AUDIO_1044_IOM_ANG_XX_styletts.pt,data\preprocessed\features\z_v\FAKE_T1_1044_IOM_SAD_XX__AUDIO_1044_IOM_ANG_XX_styletts.pt
FAKE_T1_1044_ITH_FEA_XX__AUDIO_1044_ITH_HAP_XX_styletts,track1,1,crema_1044,HAP,FEA,-1,1,1,1,,data\preprocessed\features\z_at\FAKE_T1_1044_ITH_FEA_XX__AUDIO_1044_ITH_HAP_XX_styletts.pt,data\preprocessed\features\z_v\FAKE_T1_1044_ITH_FEA_XX__AUDIO_1044_ITH_HAP_XX_styletts.pt
FAKE_T1_1044_ITH_NEU_XX__AUDIO_1044_ITH_SAD_XX_styletts,track1,1,crema_1044,SAD,NEU,-1,1,1,1,,data\preprocessed\features\z_at\FAKE_T1_1044_ITH_NEU_XX__AUDIO_1044_ITH_SAD_XX_styletts.pt,data\preprocessed\features\z_v\FAKE_T1_1044_ITH_NEU_XX__AUDIO_1044_ITH_SAD_XX_styletts.pt
FAKE_T1_1044_ITS_SAD_XX__AUDIO_1044_ITS_ANG_XX_styletts,track1,1,crema_1044,ANG,SAD,-1,1,1,1,,data\preprocessed\features\z_at\FAKE_T1_1044_ITS_SAD_XX__AUDIO_1044_ITS_ANG_XX_styletts.pt,data\preprocessed\features\z_v\FAKE_T1_1044_ITS_SAD_XX__AUDIO_1044_ITS_ANG_XX_styletts.pt
FAKE_T1_1044_IWL_ANG_XX__AUDIO_1044_IWL_DIS_XX_styletts,track1,1,crema_1044,DIS,ANG,-1,1,1,1,,data\preprocessed\features\z_at\FAKE_T1_1044_IWL_ANG_XX__AUDIO_1044_IWL_DIS_XX_styletts.pt,data\preprocessed\features\z_v\FAKE_T1_1044_IWL_ANG_XX__AUDIO_1044_IWL_DIS_XX_styletts.pt
FAKE_T1_1044_IWW_ANG_XX__AUDIO_1044_IWW_DIS_XX_styletts,track1,1,crema_1044,DIS,ANG,-1,1,1,1,,data\preprocessed\features\z_at\FAKE_T1_1044_IWW_ANG_XX__AUDIO_1044_IWW_DIS_XX_styletts.pt,data\preprocessed\features\z_v\FAKE_T1_1044_IWW_ANG_XX__AUDIO_1044_IWW_DIS_XX_styletts.pt
FAKE_T1_1044_IWW_FEA_XX__AUDIO_1044_IWW_HAP_XX_styletts,track1,1,crema_1044,HAP,FEA,-1,1,1,1,,data\preprocessed\features\z_at\FAKE_T1_1044_IWW_FEA_XX__AUDIO_1044_IWW_HAP_XX_styletts.pt,data\preprocessed\features\z_v\FAKE_T1_1044_IWW_FEA_XX__AUDIO_1044_IWW_HAP_XX_styletts.pt
FAKE_T1_1044_TIE_ANG_XX__AUDIO_1044_TIE_DIS_XX_styletts,track1,1,crema_1044,DIS,ANG,-1,1,1,1,,data\preprocessed\features\z_at\FAKE_T1_1044_TIE_ANG_XX__AUDIO_1044_TIE_DIS_XX_styletts.pt,data\preprocessed\features\z_v\FAKE_T1_1044_TIE_ANG_XX__AUDIO_1044_TIE_DIS_XX_styletts.pt
FAKE_T1_1044_TSI_DIS_XX__AUDIO_1044_TSI_FEA_XX_styletts,track1,1,crema_1044,FEA,DIS,-1,1,1,1,,data\preprocessed\features\z_at\FAKE_T1_1044_TSI_DIS_XX__AUDIO_1044_TSI_FEA_XX_styletts.pt,data\preprocessed\features\z_v\FAKE_T1_1044_TSI_DIS_XX__AUDIO_1044_TSI_FEA_XX_styletts.pt
FAKE_T1_1044_WSI_FEA_XX__AUDIO_1044_WSI_HAP_XX_styletts,track1,1,crema_1044,HAP,FEA,-1,1,1,1,,data\preprocessed\features\z_at\FAKE_T1_1044_WSI_FEA_XX__AUDIO_1044_WSI_HAP_XX_styletts.pt,data\preprocessed\features\z_v\FAKE_T1_1044_WSI_FEA_XX__AUDIO_1044_WSI_HAP_XX_styletts.pt
FAKE_T1_1045_IEO_ANG_HI__AUDIO_1045_IEO_DIS_HI_styletts,track1,1,crema_1045,DIS,ANG,-1,1,1,1,,data\preprocessed\features\z_at\FAKE_T1_1045_IEO_ANG_HI__AUDIO_1045_IEO_DIS_HI_styletts.pt,data\preprocessed\features\z_v\FAKE_T1_1045_IEO_ANG_HI__AUDIO_1045_IEO_DIS_HI_styletts.pt
FAKE_T1_1045_IEO_ANG_LO__AUDIO_1045_IEO_DIS_LO_styletts,track1,1,crema_1045,DIS,ANG,-1,1,1,1,,data\preprocessed\features\z_at\FAKE_T1_1045_IEO_ANG_LO__AUDIO_1045_IEO_DIS_LO_styletts.pt,data\preprocessed\features\z_v\FAKE_T1_1045_IEO_ANG_LO__AUDIO_1045_IEO_DIS_LO_styletts.pt
FAKE_T1_1045_IEO_ANG_MD__AUDIO_1045_IEO_DIS_MD_styletts,track1,1,crema_1045,DIS,ANG,-1,1,1,1,,data\preprocessed\features\z_at\FAKE_T1_1045_IEO_ANG_MD__AUDIO_1045_IEO_DIS_MD_styletts.pt,data\preprocessed\features\z_v\FAKE_T1_1045_IEO_ANG_MD__AUDIO_1045_IEO_DIS_MD_styletts.pt
FAKE_T1_1045_ITH_FEA_XX__AUDIO_1045_ITH_HAP_XX_styletts,track1,1,crema_1045,HAP,FEA,-1,1,1,1,,data\preprocessed\features\z_at\FAKE_T1_1045_ITH_FEA_XX__AUDIO_1045_ITH_HAP_XX_styletts.pt,data\preprocessed\features\z_v\FAKE_T1_1045_ITH_FEA_XX__AUDIO_1045_ITH_HAP_XX_styletts.pt
FAKE_T1_1045_ITH_NEU_XX__AUDIO_1045_ITH_SAD_XX_styletts,track1,1,crema_1045,SAD,NEU,-1,1,1,1,,data\preprocessed\features\z_at\FAKE_T1_1045_ITH_NEU_XX__AUDIO_1045_ITH_SAD_XX_styletts.pt,data\preprocessed\features\z_v\FAKE_T1_1045_ITH_NEU_XX__AUDIO_1045_ITH_SAD_XX_styletts.pt
FAKE_T1_1045_ITS_SAD_XX__AUDIO_1045_ITS_ANG_XX_styletts,track1,1,crema_1045,ANG,SAD,-1,1,1,1,,data\preprocessed\features\z_at\FAKE_T1_1045_ITS_SAD_XX__AUDIO_1045_ITS_ANG_XX_styletts.pt,data\preprocessed\features\z_v\FAKE_T1_1045_ITS_SAD_XX__AUDIO_1045_ITS_ANG_XX_styletts.pt
FAKE_T1_1045_IWL_SAD_XX__AUDIO_1045_IWL_ANG_XX_styletts,track1,1,crema_1045,ANG,SAD,-1,1,1,1,,data\preprocessed\features\z_at\FAKE_T1_1045_IWL_SAD_XX__AUDIO_1045_IWL_ANG_XX_styletts.pt,data\preprocessed\features\z_v\FAKE_T1_1045_IWL_SAD_XX__AUDIO_1045_IWL_ANG_XX_styletts.pt
FAKE_T1_1045_IWW_ANG_XX__AUDIO_1045_IWW_DIS_XX_styletts,track1,1,crema_1045,DIS,ANG,-1,1,1,1,,data\preprocessed\features\z_at\FAKE_T1_1045_IWW_ANG_XX__AUDIO_1045_IWW_DIS_XX_styletts.pt,data\preprocessed\features\z_v\FAKE_T1_1045_IWW_ANG_XX__AUDIO_1045_IWW_DIS_XX_styletts.pt
FAKE_T1_1045_IWW_DIS_XX__AUDIO_1045_IWW_FEA_XX_styletts,track1,1,crema_1045,FEA,DIS,-1,1,1,1,,data\preprocessed\features\z_at\FAKE_T1_1045_IWW_DIS_XX__AUDIO_1045_IWW_FEA_XX_styletts.pt,data\preprocessed\features\z_v\FAKE_T1_1045_IWW_DIS_XX__AUDIO_1045_IWW_FEA_XX_styletts.pt
FAKE_T1_1045_IWW_FEA_XX__AUDIO_1045_IWW_HAP_XX_styletts,track1,1,crema_1045,HAP,FEA,-1,1,1,1,,data\preprocessed\features\z_at\FAKE_T1_1045_IWW_FEA_XX__AUDIO_1045_IWW_HAP_XX_styletts.pt,data\preprocessed\features\z_v\FAKE_T1_1045_IWW_FEA_XX__AUDIO_1045_IWW_HAP_XX_styletts.pt
FAKE_T1_1045_IWW_SAD_XX__AUDIO_1045_IWW_ANG_XX_styletts,track1,1,crema_1045,ANG,SAD,-1,1,1,1,,data\preprocessed\features\z_at\FAKE_T1_1045_IWW_SAD_XX__AUDIO_1045_IWW_ANG_XX_styletts.pt,data\preprocessed\features\z_v\FAKE_T1_1045_IWW_SAD_XX__AUDIO_1045_IWW_ANG_XX_styletts.pt
FAKE_T1_1045_MTI_ANG_XX__AUDIO_1045_MTI_DIS_XX_styletts,track1,1,crema_1045,DIS,ANG,-1,1,1,1,,data\preprocessed\features\z_at\FAKE_T1_1045_MTI_ANG_XX__AUDIO_1045_MTI_DIS_XX_styletts.pt,data\preprocessed\features\z_v\FAKE_T1_1045_MTI_ANG_XX__AUDIO_1045_MTI_DIS_XX_styletts.pt
FAKE_T1_1045_MTI_FEA_XX__AUDIO_1045_MTI_HAP_XX_styletts,track1,1,crema_1045,HAP,FEA,-1,1,1,1,,data\preprocessed\features\z_at\FAKE_T1_1045_MTI_FEA_XX__AUDIO_1045_MTI_HAP_XX_styletts.pt,data\preprocessed\features\z_v\FAKE_T1_1045_MTI_FEA_XX__AUDIO_1045_MTI_HAP_XX_styletts.pt
FAKE_T1_1045_TAI_HAP_XX__AUDIO_1045_TAI_NEU_XX_styletts,track1,1,crema_1045,NEU,HAP,-1,1,1,1,,data\preprocessed\features\z_at\FAKE_T1_1045_TAI_HAP_XX__AUDIO_1045_TAI_NEU_XX_styletts.pt,data\preprocessed\features\z_v\FAKE_T1_1045_TAI_HAP_XX__AUDIO_1045_TAI_NEU_XX_styletts.pt
FAKE_T1_1045_TSI_SAD_XX__AUDIO_1045_TSI_ANG_XX_styletts,track1,1,crema_1045,ANG,SAD,-1,1,1,1,,data\preprocessed\features\z_at\FAKE_T1_1045_TSI_SAD_XX__AUDIO_1045_TSI_ANG_XX_styletts.pt,data\preprocessed\features\z_v\FAKE_T1_1045_TSI_SAD_XX__AUDIO_1045_TSI_ANG_XX_styletts.pt
FAKE_T1_1045_WSI_HAP_XX__AUDIO_1045_WSI_NEU_XX_styletts,track1,1,crema_1045,NEU,HAP,-1,1,1,1,,data\preprocessed\features\z_at\FAKE_T1_1045_WSI_HAP_XX__AUDIO_1045_WSI_NEU_XX_styletts.pt,data\preprocessed\features\z_v\FAKE_T1_1045_WSI_HAP_XX__AUDIO_1045_WSI_NEU_XX_styletts.pt
FAKE_T1_1047_DFA_NEU_XX__AUDIO_1047_DFA_SAD_XX_styletts,track1,1,crema_1047,SAD,NEU,-1,1,1,1,,data\preprocessed\features\z_at\FAKE_T1_1047_DFA_NEU_XX__AUDIO_1047_DFA_SAD_XX_styletts.pt,data\preprocessed\features\z_v\FAKE_T1_1047_DFA_NEU_XX__AUDIO_1047_DFA_SAD_XX_styletts.pt
FAKE_T1_1047_IEO_DIS_LO__AUDIO_1047_IEO_FEA_LO_styletts,track1,1,crema_1047,FEA,DIS,-1,1,1,1,,data\preprocessed\features\z_at\FAKE_T1_1047_IEO_DIS_LO__AUDIO_1047_IEO_FEA_LO_styletts.pt,data\preprocessed\features\z_v\FAKE_T1_1047_IEO_DIS_LO__AUDIO_1047_IEO_FEA_LO_styletts.pt
FAKE_T1_1047_IEO_HAP_HI__AUDIO_1047_IEO_NEU_XX_styletts,track1,1,crema_1047,NEU,HAP,-1,1,1,1,,data\preprocessed\features\z_at\FAKE_T1_1047_IEO_HAP_HI__AUDIO_1047_IEO_NEU_XX_styletts.pt,data\preprocessed\features\z_v\FAKE_T1_1047_IEO_HAP_HI__AUDIO_1047_IEO_NEU_XX_styletts.pt
FAKE_T1_1047_IOM_DIS_XX__AUDIO_1047_IOM_FEA_XX_styletts,track1,1,crema_1047,FEA,DIS,-1,1,1,1,,data\preprocessed\features\z_at\FAKE_T1_1047_IOM_DIS_XX__AUDIO_1047_IOM_FEA_XX_styletts.pt,data\preprocessed\features\z_v\FAKE_T1_1047_IOM_DIS_XX__AUDIO_1047_IOM_FEA_XX_styletts.pt
FAKE_T1_1047_ITH_DIS_XX__AUDIO_1047_ITH_FEA_XX_styletts,track1,1,crema_1047,FEA,DIS,-1,1,1,1,,data\preprocessed\features\z_at\FAKE_T1_1047_ITH_DIS_XX__AUDIO_1047_ITH_FEA_XX_styletts.pt,data\preprocessed\features\z_v\FAKE_T1_1047_ITH_DIS_XX__AUDIO_1047_ITH_FEA_XX_styletts.pt
FAKE_T1_1047_ITH_FEA_XX__AUDIO_1047_ITH_HAP_XX_styletts,track1,1,crema_1047,HAP,FEA,-1,1,1,1,,data\preprocessed\features\z_at\FAKE_T1_1047_ITH_FEA_XX__AUDIO_1047_ITH_HAP_XX_styletts.pt,data\preprocessed\features\z_v\FAKE_T1_1047_ITH_FEA_XX__AUDIO_1047_ITH_HAP_XX_styletts.pt
FAKE_T1_1047_ITH_HAP_XX__AUDIO_1047_ITH_NEU_XX_styletts,track1,1,crema_1047,NEU,HAP,-1,1,1,1,,data\preprocessed\features\z_at\FAKE_T1_1047_ITH_HAP_XX__AUDIO_1047_ITH_NEU_XX_styletts.pt,data\preprocessed\features\z_v\FAKE_T1_1047_ITH_HAP_XX__AUDIO_1047_ITH_NEU_XX_styletts.pt
FAKE_T1_1047_ITH_NEU_XX__AUDIO_1047_ITH_SAD_XX_styletts,track1,1,crema_1047,SAD,NEU,-1,1,1,1,,data\preprocessed\features\z_at\FAKE_T1_1047_ITH_NEU_XX__AUDIO_1047_ITH_SAD_XX_styletts.pt,data\preprocessed\features\z_v\FAKE_T1_1047_ITH_NEU_XX__AUDIO_1047_ITH_SAD_XX_styletts.pt
FAKE_T1_1047_ITS_NEU_XX__AUDIO_1047_ITS_SAD_XX_styletts,track1,1,crema_1047,SAD,NEU,-1,1,1,1,,data\preprocessed\features\z_at\FAKE_T1_1047_ITS_NEU_XX__AUDIO_1047_ITS_SAD_XX_styletts.pt,data\preprocessed\features\z_v\FAKE_T1_1047_ITS_NEU_XX__AUDIO_1047_ITS_SAD_XX_styletts.pt
FAKE_T1_1047_IWL_SAD_XX__AUDIO_1047_IWL_ANG_XX_styletts,track1,1,crema_1047,ANG,SAD,-1,1,1,1,,data\preprocessed\features\z_at\FAKE_T1_1047_IWL_SAD_XX__AUDIO_1047_IWL_ANG_XX_styletts.pt,data\preprocessed\features\z_v\FAKE_T1_1047_IWL_SAD_XX__AUDIO_1047_IWL_ANG_XX_styletts.pt
FAKE_T1_1047_MTI_DIS_XX__AUDIO_1047_MTI_FEA_XX_styletts,track1,1,crema_1047,FEA,DIS,-1,1,1,1,,data\preprocessed\features\z_at\FAKE_T1_1047_MTI_DIS_XX__AUDIO_1047_MTI_FEA_XX_styletts.pt,data\preprocessed\features\z_v\FAKE_T1_1047_MTI_DIS_XX__AUDIO_1047_MTI_FEA_XX_styletts.pt
FAKE_T1_1047_MTI_HAP_XX__AUDIO_1047_MTI_NEU_XX_styletts,track1,1,crema_1047,NEU,HAP,-1,1,1,1,,data\preprocessed\features\z_at\FAKE_T1_1047_MTI_HAP_XX__AUDIO_1047_MTI_NEU_XX_styletts.pt,data\preprocessed\features\z_v\FAKE_T1_1047_MTI_HAP_XX__AUDIO_1047_MTI_NEU_XX_styletts.pt
FAKE_T1_1047_TAI_ANG_XX__AUDIO_1047_TAI_DIS_XX_styletts,track1,1,crema_1047,DIS,ANG,-1,1,1,1,,data\preprocessed\features\z_at\FAKE_T1_1047_TAI_ANG_XX__AUDIO_1047_TAI_DIS_XX_styletts.pt,data\preprocessed\features\z_v\FAKE_T1_1047_TAI_ANG_XX__AUDIO_1047_TAI_DIS_XX_styletts.pt
FAKE_T1_1047_TSI_DIS_XX__AUDIO_1047_TSI_FEA_XX_styletts,track1,1,crema_1047,FEA,DIS,-1,1,1,1,,data\preprocessed\features\z_at\FAKE_T1_1047_TSI_DIS_XX__AUDIO_1047_TSI_FEA_XX_styletts.pt,data\preprocessed\features\z_v\FAKE_T1_1047_TSI_DIS_XX__AUDIO_1047_TSI_FEA_XX_styletts.pt
FAKE_T1_1047_WSI_ANG_XX__AUDIO_1047_WSI_DIS_XX_styletts,track1,1,crema_1047,DIS,ANG,-1,1,1,1,,data\preprocessed\features\z_at\FAKE_T1_1047_WSI_ANG_XX__AUDIO_1047_WSI_DIS_XX_styletts.pt,data\preprocessed\features\z_v\FAKE_T1_1047_WSI_ANG_XX__AUDIO_1047_WSI_DIS_XX_styletts.pt
FAKE_T1_1047_WSI_DIS_XX__AUDIO_1047_WSI_FEA_XX_styletts,track1,1,crema_1047,FEA,DIS,-1,1,1,1,,data\preprocessed\features\z_at\FAKE_T1_1047_WSI_DIS_XX__AUDIO_1047_WSI_FEA_XX_styletts.pt,data\preprocessed\features\z_v\FAKE_T1_1047_WSI_DIS_XX__AUDIO_1047_WSI_FEA_XX_styletts.pt
FAKE_T1_1049_DFA_NEU_XX__AUDIO_1049_DFA_SAD_XX_styletts,track1,1,crema_1049,SAD,NEU,-1,1,1,1,,data\preprocessed\features\z_at\FAKE_T1_1049_DFA_NEU_XX__AUDIO_1049_DFA_SAD_XX_styletts.pt,data\preprocessed\features\z_v\FAKE_T1_1049_DFA_NEU_XX__AUDIO_1049_DFA_SAD_XX_styletts.pt
FAKE_T1_1049_IEO_DIS_HI__AUDIO_1049_IEO_FEA_HI_styletts,track1,1,crema_1049,FEA,DIS,-1,1,1,1,,data\preprocessed\features\z_at\FAKE_T1_1049_IEO_DIS_HI__AUDIO_1049_IEO_FEA_HI_styletts.pt,data\preprocessed\features\z_v\FAKE_T1_1049_IEO_DIS_HI__AUDIO_1049_IEO_FEA_HI_styletts.pt
FAKE_T1_1049_IOM_HAP_XX__AUDIO_1049_IOM_NEU_XX_styletts,track1,1,crema_1049,NEU,HAP,-1,1,1,1,,data\preprocessed\features\z_at\FAKE_T1_1049_IOM_HAP_XX__AUDIO_1049_IOM_NEU_XX_styletts.pt,data\preprocessed\features\z_v\FAKE_T1_1049_IOM_HAP_XX__AUDIO_1049_IOM_NEU_XX_styletts.pt
FAKE_T1_1049_ITH_ANG_XX__AUDIO_1049_ITH_DIS_XX_styletts,track1,1,crema_1049,DIS,ANG,-1,1,1,1,,data\preprocessed\features\z_at\FAKE_T1_1049_ITH_ANG_XX__AUDIO_1049_ITH_DIS_XX_styletts.pt,data\preprocessed\features\z_v\FAKE_T1_1049_ITH_ANG_XX__AUDIO_1049_ITH_DIS_XX_styletts.pt
FAKE_T1_1049_ITH_NEU_XX__AUDIO_1049_ITH_SAD_XX_styletts,track1,1,crema_1049,SAD,NEU,-1,1,1,1,,data\preprocessed\features\z_at\FAKE_T1_1049_ITH_NEU_XX__AUDIO_1049_ITH_SAD_XX_styletts.pt,data\preprocessed\features\z_v\FAKE_T1_1049_ITH_NEU_XX__AUDIO_1049_ITH_SAD_XX_styletts.pt
FAKE_T1_1049_ITH_SAD_XX__AUDIO_1049_ITH_ANG_XX_styletts,track1,1,crema_1049,ANG,SAD,-1,1,1,1,,data\preprocessed\features\z_at\FAKE_T1_1049_ITH_SAD_XX__AUDIO_1049_ITH_ANG_XX_styletts.pt,data\preprocessed\features\z_v\FAKE_T1_1049_ITH_SAD_XX__AUDIO_1049_ITH_ANG_XX_styletts.pt
FAKE_T1_1049_IWL_HAP_XX__AUDIO_1049_IWL_NEU_XX_styletts,track1,1,crema_1049,NEU,HAP,-1,1,1,1,,data\preprocessed\features\z_at\FAKE_T1_1049_IWL_HAP_XX__AUDIO_1049_IWL_NEU_XX_styletts.pt,data\preprocessed\features\z_v\FAKE_T1_1049_IWL_HAP_XX__AUDIO_1049_IWL_NEU_XX_styletts.pt
FAKE_T1_1049_IWW_ANG_XX__AUDIO_1049_IWW_DIS_XX_styletts,track1,1,crema_1049,DIS,ANG,-1,1,1,1,,data\preprocessed\features\z_at\FAKE_T1_1049_IWW_ANG_XX__AUDIO_1049_IWW_DIS_XX_styletts.pt,data\preprocessed\features\z_v\FAKE_T1_1049_IWW_ANG_XX__AUDIO_1049_IWW_DIS_XX_styletts.pt
FAKE_T1_1049_MTI_NEU_XX__AUDIO_1049_MTI_SAD_XX_styletts,track1,1,crema_1049,SAD,NEU,-1,1,1,1,,data\preprocessed\features\z_at\FAKE_T1_1049_MTI_NEU_XX__AUDIO_1049_MTI_SAD_XX_styletts.pt,data\preprocessed\features\z_v\FAKE_T1_1049_MTI_NEU_XX__AUDIO_1049_MTI_SAD_XX_styletts.pt
FAKE_T1_1049_MTI_SAD_XX__AUDIO_1049_MTI_ANG_XX_styletts,track1,1,crema_1049,ANG,SAD,-1,1,1,1,,data\preprocessed\features\z_at\FAKE_T1_1049_MTI_SAD_XX__AUDIO_1049_MTI_ANG_XX_styletts.pt,data\preprocessed\features\z_v\FAKE_T1_1049_MTI_SAD_XX__AUDIO_1049_MTI_ANG_XX_styletts.pt
FAKE_T1_1049_TAI_FEA_XX__AUDIO_1049_TAI_HAP_XX_styletts,track1,1,crema_1049,HAP,FEA,-1,1,1,1,,data\preprocessed\features\z_at\FAKE_T1_1049_TAI_FEA_XX__AUDIO_1049_TAI_HAP_XX_styletts.pt,data\preprocessed\features\z_v\FAKE_T1_1049_TAI_FEA_XX__AUDIO_1049_TAI_HAP_XX_styletts.pt
FAKE_T1_1049_TSI_ANG_XX__AUDIO_1049_TSI_DIS_XX_styletts,track1,1,crema_1049,DIS,ANG,-1,1,1,1,,data\preprocessed\features\z_at\FAKE_T1_1049_TSI_ANG_XX__AUDIO_1049_TSI_DIS_XX_styletts.pt,data\preprocessed\features\z_v\FAKE_T1_1049_TSI_ANG_XX__AUDIO_1049_TSI_DIS_XX_styletts.pt
FAKE_T1_1049_TSI_FEA_XX__AUDIO_1049_TSI_HAP_XX_styletts,track1,1,crema_1049,HAP,FEA,-1,1,1,1,,data\preprocessed\features\z_at\FAKE_T1_1049_TSI_FEA_XX__AUDIO_1049_TSI_HAP_XX_styletts.pt,data\preprocessed\features\z_v\FAKE_T1_1049_TSI_FEA_XX__AUDIO_1049_TSI_HAP_XX_styletts.pt
FAKE_T1_1049_TSI_SAD_XX__AUDIO_1049_TSI_ANG_XX_styletts,track1,1,crema_1049,ANG,SAD,-1,1,1,1,,data\preprocessed\features\z_at\FAKE_T1_1049_TSI_SAD_XX__AUDIO_1049_TSI_ANG_XX_styletts.pt,data\preprocessed\features\z_v\FAKE_T1_1049_TSI_SAD_XX__AUDIO_1049_TSI_ANG_XX_styletts.pt
FAKE_T1_1049_WSI_ANG_XX__AUDIO_1049_WSI_DIS_XX_styletts,track1,1,crema_1049,DIS,ANG,-1,1,1,1,,data\preprocessed\features\z_at\FAKE_T1_1049_WSI_ANG_XX__AUDIO_1049_WSI_DIS_XX_styletts.pt,data\preprocessed\features\z_v\FAKE_T1_1049_WSI_ANG_XX__AUDIO_1049_WSI_DIS_XX_styletts.pt
FAKE_T1_1049_WSI_SAD_XX__AUDIO_1049_WSI_ANG_XX_styletts,track1,1,crema_1049,ANG,SAD,-1,1,1,1,,data\preprocessed\features\z_at\FAKE_T1_1049_WSI_SAD_XX__AUDIO_1049_WSI_ANG_XX_styletts.pt,data\preprocessed\features\z_v\FAKE_T1_1049_WSI_SAD_XX__AUDIO_1049_WSI_ANG_XX_styletts.pt
FAKE_T1_1050_DFA_FEA_XX__AUDIO_1050_DFA_HAP_XX_styletts,track1,1,crema_1050,HAP,FEA,-1,1,1,1,,data\preprocessed\features\z_at\FAKE_T1_1050_DFA_FEA_XX__AUDIO_1050_DFA_HAP_XX_styletts.pt,data\preprocessed\features\z_v\FAKE_T1_1050_DFA_FEA_XX__AUDIO_1050_DFA_HAP_XX_styletts.pt
FAKE_T1_1050_DFA_HAP_XX__AUDIO_1050_DFA_NEU_XX_styletts,track1,1,crema_1050,NEU,HAP,-1,1,1,1,,data\preprocessed\features\z_at\FAKE_T1_1050_DFA_HAP_XX__AUDIO_1050_DFA_NEU_XX_styletts.pt,data\preprocessed\features\z_v\FAKE_T1_1050_DFA_HAP_XX__AUDIO_1050_DFA_NEU_XX_styletts.pt
FAKE_T1_1050_IEO_DIS_LO__AUDIO_1050_IEO_FEA_LO_styletts,track1,1,crema_1050,FEA,DIS,-1,1,1,1,,data\preprocessed\features\z_at\FAKE_T1_1050_IEO_DIS_LO__AUDIO_1050_IEO_FEA_LO_styletts.pt,data\preprocessed\features\z_v\FAKE_T1_1050_IEO_DIS_LO__AUDIO_1050_IEO_FEA_LO_styletts.pt
FAKE_T1_1050_IEO_HAP_LO__AUDIO_1050_IEO_NEU_XX_styletts,track1,1,crema_1050,NEU,HAP,-1,1,1,1,,data\preprocessed\features\z_at\FAKE_T1_1050_IEO_HAP_LO__AUDIO_1050_IEO_NEU_XX_styletts.pt,data\preprocessed\features\z_v\FAKE_T1_1050_IEO_HAP_LO__AUDIO_1050_IEO_NEU_XX_styletts.pt
FAKE_T1_1050_IEO_HAP_MD__AUDIO_1050_IEO_NEU_XX_styletts,track1,1,crema_1050,NEU,HAP,-1,1,1,1,,data\preprocessed\features\z_at\FAKE_T1_1050_IEO_HAP_MD__AUDIO_1050_IEO_NEU_XX_styletts.pt,data\preprocessed\features\z_v\FAKE_T1_1050_IEO_HAP_MD__AUDIO_1050_IEO_NEU_XX_styletts.pt
FAKE_T1_1050_ITH_DIS_XX__AUDIO_1050_ITH_FEA_XX_styletts,track1,1,crema_1050,FEA,DIS,-1,1,1,1,,data\preprocessed\features\z_at\FAKE_T1_1050_ITH_DIS_XX__AUDIO_1050_ITH_FEA_XX_styletts.pt,data\preprocessed\features\z_v\FAKE_T1_1050_ITH_DIS_XX__AUDIO_1050_ITH_FEA_XX_styletts.pt
FAKE_T1_1050_ITH_NEU_XX__AUDIO_1050_ITH_SAD_XX_styletts,track1,1,crema_1050,SAD,NEU,-1,1,1,1,,data\preprocessed\features\z_at\FAKE_T1_1050_ITH_NEU_XX__AUDIO_1050_ITH_SAD_XX_styletts.pt,data\preprocessed\features\z_v\FAKE_T1_1050_ITH_NEU_XX__AUDIO_1050_ITH_SAD_XX_styletts.pt
FAKE_T1_1050_ITH_SAD_XX__AUDIO_1050_ITH_ANG_XX_styletts,track1,1,crema_1050,ANG,SAD,-1,1,1,1,,data\preprocessed\features\z_at\FAKE_T1_1050_ITH_SAD_XX__AUDIO_1050_ITH_ANG_XX_styletts.pt,data\preprocessed\features\z_v\FAKE_T1_1050_ITH_SAD_XX__AUDIO_1050_ITH_ANG_XX_styletts.pt
FAKE_T1_1050_ITS_DIS_XX__AUDIO_1050_ITS_FEA_XX_styletts,track1,1,crema_1050,FEA,DIS,-1,1,1,1,,data\preprocessed\features\z_at\FAKE_T1_1050_ITS_DIS_XX__AUDIO_1050_ITS_FEA_XX_styletts.pt,data\preprocessed\features\z_v\FAKE_T1_1050_ITS_DIS_XX__AUDIO_1050_ITS_FEA_XX_styletts.pt
FAKE_T1_1050_ITS_NEU_XX__AUDIO_1050_ITS_SAD_XX_styletts,track1,1,crema_1050,SAD,NEU,-1,1,1,1,,data\preprocessed\features\z_at\FAKE_T1_1050_ITS_NEU_XX__AUDIO_1050_ITS_SAD_XX_styletts.pt,data\preprocessed\features\z_v\FAKE_T1_1050_ITS_NEU_XX__AUDIO_1050_ITS_SAD_XX_styletts.pt
FAKE_T1_1050_IWL_ANG_XX__AUDIO_1050_IWL_DIS_XX_styletts,track1,1,crema_1050,DIS,ANG,-1,1,1,1,,data\preprocessed\features\z_at\FAKE_T1_1050_IWL_ANG_XX__AUDIO_1050_IWL_DIS_XX_styletts.pt,data\preprocessed\features\z_v\FAKE_T1_1050_IWL_ANG_XX__AUDIO_1050_IWL_DIS_XX_styletts.pt
FAKE_T1_1050_IWL_DIS_XX__AUDIO_1050_IWL_FEA_XX_styletts,track1,1,crema_1050,FEA,DIS,-1,1,1,1,,data\preprocessed\features\z_at\FAKE_T1_1050_IWL_DIS_XX__AUDIO_1050_IWL_FEA_XX_styletts.pt,data\preprocessed\features\z_v\FAKE_T1_1050_IWL_DIS_XX__AUDIO_1050_IWL_FEA_XX_styletts.pt
FAKE_T1_1050_IWW_DIS_XX__AUDIO_1050_IWW_FEA_XX_styletts,track1,1,crema_1050,FEA,DIS,-1,1,1,1,,data\preprocessed\features\z_at\FAKE_T1_1050_IWW_DIS_XX__AUDIO_1050_IWW_FEA_XX_styletts.pt,data\preprocessed\features\z_v\FAKE_T1_1050_IWW_DIS_XX__AUDIO_1050_IWW_FEA_XX_styletts.pt
FAKE_T1_1050_MTI_FEA_XX__AUDIO_1050_MTI_HAP_XX_styletts,track1,1,crema_1050,HAP,FEA,-1,1,1,1,,data\preprocessed\features\z_at\FAKE_T1_1050_MTI_FEA_XX__AUDIO_1050_MTI_HAP_XX_styletts.pt,data\preprocessed\features\z_v\FAKE_T1_1050_MTI_FEA_XX__AUDIO_1050_MTI_HAP_XX_styletts.pt
FAKE_T1_1050_TSI_DIS_XX__AUDIO_1050_TSI_FEA_XX_styletts,track1,1,crema_1050,FEA,DIS,-1,1,1,1,,data\preprocessed\features\z_at\FAKE_T1_1050_TSI_DIS_XX__AUDIO_1050_TSI_FEA_XX_styletts.pt,data\preprocessed\features\z_v\FAKE_T1_1050_TSI_DIS_XX__AUDIO_1050_TSI_FEA_XX_styletts.pt
FAKE_T1_1050_TSI_FEA_XX__AUDIO_1050_TSI_HAP_XX_styletts,track1,1,crema_1050,HAP,FEA,-1,1,1,1,,data\preprocessed\features\z_at\FAKE_T1_1050_TSI_FEA_XX__AUDIO_1050_TSI_HAP_XX_styletts.pt,data\preprocessed\features\z_v\FAKE_T1_1050_TSI_FEA_XX__AUDIO_1050_TSI_HAP_XX_styletts.pt
FAKE_T1_1051_DFA_HAP_XX__AUDIO_1051_DFA_NEU_XX_styletts,track1,1,crema_1051,NEU,HAP,-1,1,1,1,,data\preprocessed\features\z_at\FAKE_T1_1051_DFA_HAP_XX__AUDIO_1051_DFA_NEU_XX_styletts.pt,data\preprocessed\features\z_v\FAKE_T1_1051_DFA_HAP_XX__AUDIO_1051_DFA_NEU_XX_styletts.pt
FAKE_T1_1051_DFA_SAD_XX__AUDIO_1051_DFA_ANG_XX_styletts,track1,1,crema_1051,ANG,SAD,-1,1,1,1,,data\preprocessed\features\z_at\FAKE_T1_1051_DFA_SAD_XX__AUDIO_1051_DFA_ANG_XX_styletts.pt,data\preprocessed\features\z_v\FAKE_T1_1051_DFA_SAD_XX__AUDIO_1051_DFA_ANG_XX_styletts.pt
FAKE_T1_1051_IEO_ANG_MD__AUDIO_1051_IEO_DIS_MD_styletts,track1,1,crema_1051,DIS,ANG,-1,1,1,1,,data\preprocessed\features\z_at\FAKE_T1_1051_IEO_ANG_MD__AUDIO_1051_IEO_DIS_MD_styletts.pt,data\preprocessed\features\z_v\FAKE_T1_1051_IEO_ANG_MD__AUDIO_1051_IEO_DIS_MD_styletts.pt
FAKE_T1_1051_IEO_DIS_HI__AUDIO_1051_IEO_FEA_HI_styletts,track1,1,crema_1051,FEA,DIS,-1,1,1,1,,data\preprocessed\features\z_at\FAKE_T1_1051_IEO_DIS_HI__AUDIO_1051_IEO_FEA_HI_styletts.pt,data\preprocessed\features\z_v\FAKE_T1_1051_IEO_DIS_HI__AUDIO_1051_IEO_FEA_HI_styletts.pt
FAKE_T1_1051_IOM_FEA_XX__AUDIO_1051_IOM_HAP_XX_styletts,track1,1,crema_1051,HAP,FEA,-1,1,1,1,,data\preprocessed\features\z_at\FAKE_T1_1051_IOM_FEA_XX__AUDIO_1051_IOM_HAP_XX_styletts.pt,data\preprocessed\features\z_v\FAKE_T1_1051_IOM_FEA_XX__AUDIO_1051_IOM_HAP_XX_styletts.pt
FAKE_T1_1051_IOM_NEU_XX__AUDIO_1051_IOM_SAD_XX_styletts,track1,1,crema_1051,SAD,NEU,-1,1,1,1,,data\preprocessed\features\z_at\FAKE_T1_1051_IOM_NEU_XX__AUDIO_1051_IOM_SAD_XX_styletts.pt,data\preprocessed\features\z_v\FAKE_T1_1051_IOM_NEU_XX__AUDIO_1051_IOM_SAD_XX_styletts.pt
FAKE_T1_1051_ITH_DIS_XX__AUDIO_1051_ITH_FEA_XX_styletts,track1,1,crema_1051,FEA,DIS,-1,1,1,1,,data\preprocessed\features\z_at\FAKE_T1_1051_ITH_DIS_XX__AUDIO_1051_ITH_FEA_XX_styletts.pt,data\preprocessed\features\z_v\FAKE_T1_1051_ITH_DIS_XX__AUDIO_1051_ITH_FEA_XX_styletts.pt
FAKE_T1_1051_ITS_ANG_XX__AUDIO_1051_ITS_DIS_XX_styletts,track1,1,crema_1051,DIS,ANG,-1,1,1,1,,data\preprocessed\features\z_at\FAKE_T1_1051_ITS_ANG_XX__AUDIO_1051_ITS_DIS_XX_styletts.pt,data\preprocessed\features\z_v\FAKE_T1_1051_ITS_ANG_XX__AUDIO_1051_ITS_DIS_XX_styletts.pt
FAKE_T1_1051_ITS_HAP_XX__AUDIO_1051_ITS_NEU_XX_styletts,track1,1,crema_1051,NEU,HAP,-1,1,1,1,,data\preprocessed\features\z_at\FAKE_T1_1051_ITS_HAP_XX__AUDIO_1051_ITS_NEU_XX_styletts.pt,data\preprocessed\features\z_v\FAKE_T1_1051_ITS_HAP_XX__AUDIO_1051_ITS_NEU_XX_styletts.pt
FAKE_T1_1051_IWW_ANG_XX__AUDIO_1051_IWW_DIS_XX_styletts,track1,1,crema_1051,DIS,ANG,-1,1,1,1,,data\preprocessed\features\z_at\FAKE_T1_1051_IWW_ANG_XX__AUDIO_1051_IWW_DIS_XX_styletts.pt,data\preprocessed\features\z_v\FAKE_T1_1051_IWW_ANG_XX__AUDIO_1051_IWW_DIS_XX_styletts.pt
FAKE_T1_1051_MTI_NEU_XX__AUDIO_1051_MTI_SAD_XX_styletts,track1,1,crema_1051,SAD,NEU,-1,1,1,1,,data\preprocessed\features\z_at\FAKE_T1_1051_MTI_NEU_XX__AUDIO_1051_MTI_SAD_XX_styletts.pt,data\preprocessed\features\z_v\FAKE_T1_1051_MTI_NEU_XX__AUDIO_1051_MTI_SAD_XX_styletts.pt
FAKE_T1_1051_MTI_SAD_XX__AUDIO_1051_MTI_ANG_XX_styletts,track1,1,crema_1051,ANG,SAD,-1,1,1,1,,data\preprocessed\features\z_at\FAKE_T1_1051_MTI_SAD_XX__AUDIO_1051_MTI_ANG_XX_styletts.pt,data\preprocessed\features\z_v\FAKE_T1_1051_MTI_SAD_XX__AUDIO_1051_MTI_ANG_XX_styletts.pt
FAKE_T1_1051_TIE_NEU_XX__AUDIO_1051_TIE_SAD_XX_styletts,track1,1,crema_1051,SAD,NEU,-1,1,1,1,,data\preprocessed\features\z_at\FAKE_T1_1051_TIE_NEU_XX__AUDIO_1051_TIE_SAD_XX_styletts.pt,data\preprocessed\features\z_v\FAKE_T1_1051_TIE_NEU_XX__AUDIO_1051_TIE_SAD_XX_styletts.pt
FAKE_T1_1051_TSI_DIS_XX__AUDIO_1051_TSI_FEA_XX_styletts,track1,1,crema_1051,FEA,DIS,-1,1,1,1,,data\preprocessed\features\z_at\FAKE_T1_1051_TSI_DIS_XX__AUDIO_1051_TSI_FEA_XX_styletts.pt,data\preprocessed\features\z_v\FAKE_T1_1051_TSI_DIS_XX__AUDIO_1051_TSI_FEA_XX_styletts.pt
FAKE_T1_1051_TSI_SAD_XX__AUDIO_1051_TSI_ANG_XX_styletts,track1,1,crema_1051,ANG,SAD,-1,1,1,1,,data\preprocessed\features\z_at\FAKE_T1_1051_TSI_SAD_XX__AUDIO_1051_TSI_ANG_XX_styletts.pt,data\preprocessed\features\z_v\FAKE_T1_1051_TSI_SAD_XX__AUDIO_1051_TSI_ANG_XX_styletts.pt
FAKE_T1_1051_WSI_SAD_XX__AUDIO_1051_WSI_ANG_XX_styletts,track1,1,crema_1051,ANG,SAD,-1,1,1,1,,data\preprocessed\features\z_at\FAKE_T1_1051_WSI_SAD_XX__AUDIO_1051_WSI_ANG_XX_styletts.pt,data\preprocessed\features\z_v\FAKE_T1_1051_WSI_SAD_XX__AUDIO_1051_WSI_ANG_XX_styletts.pt
FAKE_T1_1052_IEO_DIS_LO__AUDIO_1052_IEO_FEA_LO_styletts,track1,1,crema_1052,FEA,DIS,-1,1,1,1,,data\preprocessed\features\z_at\FAKE_T1_1052_IEO_DIS_LO__AUDIO_1052_IEO_FEA_LO_styletts.pt,data\preprocessed\features\z_v\FAKE_T1_1052_IEO_DIS_LO__AUDIO_1052_IEO_FEA_LO_styletts.pt
FAKE_T1_1052_IEO_HAP_HI__AUDIO_1052_IEO_NEU_XX_styletts,track1,1,crema_1052,NEU,HAP,-1,1,1,1,,data\preprocessed\features\z_at\FAKE_T1_1052_IEO_HAP_HI__AUDIO_1052_IEO_NEU_XX_styletts.pt,data\preprocessed\features\z_v\FAKE_T1_1052_IEO_HAP_HI__AUDIO_1052_IEO_NEU_XX_styletts.pt
FAKE_T1_1052_IEO_HAP_LO__AUDIO_1052_IEO_NEU_XX_styletts,track1,1,crema_1052,NEU,HAP,-1,1,1,1,,data\preprocessed\features\z_at\FAKE_T1_1052_IEO_HAP_LO__AUDIO_1052_IEO_NEU_XX_styletts.pt,data\preprocessed\features\z_v\FAKE_T1_1052_IEO_HAP_LO__AUDIO_1052_IEO_NEU_XX_styletts.pt
FAKE_T1_1052_ITH_FEA_XX__AUDIO_1052_ITH_HAP_XX_styletts,track1,1,crema_1052,HAP,FEA,-1,1,1,1,,data\preprocessed\features\z_at\FAKE_T1_1052_ITH_FEA_XX__AUDIO_1052_ITH_HAP_XX_styletts.pt,data\preprocessed\features\z_v\FAKE_T1_1052_ITH_FEA_XX__AUDIO_1052_ITH_HAP_XX_styletts.pt
FAKE_T1_1052_ITS_HAP_XX__AUDIO_1052_ITS_NEU_XX_styletts,track1,1,crema_1052,NEU,HAP,-1,1,1,1,,data\preprocessed\features\z_at\FAKE_T1_1052_ITS_HAP_XX__AUDIO_1052_ITS_NEU_XX_styletts.pt,data\preprocessed\features\z_v\FAKE_T1_1052_ITS_HAP_XX__AUDIO_1052_ITS_NEU_XX_styletts.pt
FAKE_T1_1052_IWL_FEA_XX__AUDIO_1052_IWL_HAP_XX_styletts,track1,1,crema_1052,HAP,FEA,-1,1,1,1,,data\preprocessed\features\z_at\FAKE_T1_1052_IWL_FEA_XX__AUDIO_1052_IWL_HAP_XX_styletts.pt,data\preprocessed\features\z_v\FAKE_T1_1052_IWL_FEA_XX__AUDIO_1052_IWL_HAP_XX_styletts.pt
FAKE_T1_1052_IWW_ANG_XX__AUDIO_1052_IWW_DIS_XX_styletts,track1,1,crema_1052,DIS,ANG,-1,1,1,1,,data\preprocessed\features\z_at\FAKE_T1_1052_IWW_ANG_XX__AUDIO_1052_IWW_DIS_XX_styletts.pt,data\preprocessed\features\z_v\FAKE_T1_1052_IWW_ANG_XX__AUDIO_1052_IWW_DIS_XX_styletts.pt
FAKE_T1_1052_IWW_NEU_XX__AUDIO_1052_IWW_SAD_XX_styletts,track1,1,crema_1052,SAD,NEU,-1,1,1,1,,data\preprocessed\features\z_at\FAKE_T1_1052_IWW_NEU_XX__AUDIO_1052_IWW_SAD_XX_styletts.pt,data\preprocessed\features\z_v\FAKE_T1_1052_IWW_NEU_XX__AUDIO_1052_IWW_SAD_XX_styletts.pt
FAKE_T1_1052_MTI_FEA_XX__AUDIO_1052_MTI_HAP_XX_styletts,track1,1,crema_1052,HAP,FEA,-1,1,1,1,,data\preprocessed\features\z_at\FAKE_T1_1052_MTI_FEA_XX__AUDIO_1052_MTI_HAP_XX_styletts.pt,data\preprocessed\features\z_v\FAKE_T1_1052_MTI_FEA_XX__AUDIO_1052_MTI_HAP_XX_styletts.pt
FAKE_T1_1052_MTI_NEU_XX__AUDIO_1052_MTI_SAD_XX_styletts,track1,1,crema_1052,SAD,NEU,-1,1,1,1,,data\preprocessed\features\z_at\FAKE_T1_1052_MTI_NEU_XX__AUDIO_1052_MTI_SAD_XX_styletts.pt,data\preprocessed\features\z_v\FAKE_T1_1052_MTI_NEU_XX__AUDIO_1052_MTI_SAD_XX_styletts.pt
FAKE_T1_1052_TAI_ANG_XX__AUDIO_1052_TAI_DIS_XX_styletts,track1,1,crema_1052,DIS,ANG,-1,1,1,1,,data\preprocessed\features\z_at\FAKE_T1_1052_TAI_ANG_XX__AUDIO_1052_TAI_DIS_XX_styletts.pt,data\preprocessed\features\z_v\FAKE_T1_1052_TAI_ANG_XX__AUDIO_1052_TAI_DIS_XX_styletts.pt
FAKE_T1_1052_TIE_ANG_XX__AUDIO_1052_TIE_DIS_XX_styletts,track1,1,crema_1052,DIS,ANG,-1,1,1,1,,data\preprocessed\features\z_at\FAKE_T1_1052_TIE_ANG_XX__AUDIO_1052_TIE_DIS_XX_styletts.pt,data\preprocessed\features\z_v\FAKE_T1_1052_TIE_ANG_XX__AUDIO_1052_TIE_DIS_XX_styletts.pt
FAKE_T1_1052_TIE_DIS_XX__AUDIO_1052_TIE_FEA_XX_styletts,track1,1,crema_1052,FEA,DIS,-1,1,1,1,,data\preprocessed\features\z_at\FAKE_T1_1052_TIE_DIS_XX__AUDIO_1052_TIE_FEA_XX_styletts.pt,data\preprocessed\features\z_v\FAKE_T1_1052_TIE_DIS_XX__AUDIO_1052_TIE_FEA_XX_styletts.pt
FAKE_T1_1052_TIE_FEA_XX__AUDIO_1052_TIE_HAP_XX_styletts,track1,1,crema_1052,HAP,FEA,-1,1,1,1,,data\preprocessed\features\z_at\FAKE_T1_1052_TIE_FEA_XX__AUDIO_1052_TIE_HAP_XX_styletts.pt,data\preprocessed\features\z_v\FAKE_T1_1052_TIE_FEA_XX__AUDIO_1052_TIE_HAP_XX_styletts.pt
FAKE_T1_1052_TIE_NEU_XX__AUDIO_1052_TIE_SAD_XX_styletts,track1,1,crema_1052,SAD,NEU,-1,1,1,1,,data\preprocessed\features\z_at\FAKE_T1_1052_TIE_NEU_XX__AUDIO_1052_TIE_SAD_XX_styletts.pt,data\preprocessed\features\z_v\FAKE_T1_1052_TIE_NEU_XX__AUDIO_1052_TIE_SAD_XX_styletts.pt
FAKE_T1_1052_TSI_FEA_XX__AUDIO_1052_TSI_HAP_XX_styletts,track1,1,crema_1052,HAP,FEA,-1,1,1,1,,data\preprocessed\features\z_at\FAKE_T1_1052_TSI_FEA_XX__AUDIO_1052_TSI_HAP_XX_styletts.pt,data\preprocessed\features\z_v\FAKE_T1_1052_TSI_FEA_XX__AUDIO_1052_TSI_HAP_XX_styletts.pt
FAKE_T1_1053_DFA_ANG_XX__AUDIO_1053_DFA_DIS_XX_styletts,track1,1,crema_1053,DIS,ANG,-1,1,1,1,,data\preprocessed\features\z_at\FAKE_T1_1053_DFA_ANG_XX__AUDIO_1053_DFA_DIS_XX_styletts.pt,data\preprocessed\features\z_v\FAKE_T1_1053_DFA_ANG_XX__AUDIO_1053_DFA_DIS_XX_styletts.pt
FAKE_T1_1053_IEO_ANG_MD__AUDIO_1053_IEO_DIS_MD_styletts,track1,1,crema_1053,DIS,ANG,-1,1,1,1,,data\preprocessed\features\z_at\FAKE_T1_1053_IEO_ANG_MD__AUDIO_1053_IEO_DIS_MD_styletts.pt,data\preprocessed\features\z_v\FAKE_T1_1053_IEO_ANG_MD__AUDIO_1053_IEO_DIS_MD_styletts.pt
FAKE_T1_1053_IEO_DIS_LO__AUDIO_1053_IEO_FEA_LO_styletts,track1,1,crema_1053,FEA,DIS,-1,1,1,1,,data\preprocessed\features\z_at\FAKE_T1_1053_IEO_DIS_LO__AUDIO_1053_IEO_FEA_LO_styletts.pt,data\preprocessed\features\z_v\FAKE_T1_1053_IEO_DIS_LO__AUDIO_1053_IEO_FEA_LO_styletts.pt
FAKE_T1_1053_IEO_HAP_HI__AUDIO_1053_IEO_NEU_XX_styletts,track1,1,crema_1053,NEU,HAP,-1,1,1,1,,data\preprocessed\features\z_at\FAKE_T1_1053_IEO_HAP_HI__AUDIO_1053_IEO_NEU_XX_styletts.pt,data\preprocessed\features\z_v\FAKE_T1_1053_IEO_HAP_HI__AUDIO_1053_IEO_NEU_XX_styletts.pt
FAKE_T1_1053_IEO_SAD_HI__AUDIO_1053_IEO_ANG_HI_styletts,track1,1,crema_1053,ANG,SAD,-1,1,1,1,,data\preprocessed\features\z_at\FAKE_T1_1053_IEO_SAD_HI__AUDIO_1053_IEO_ANG_HI_styletts.pt,data\preprocessed\features\z_v\FAKE_T1_1053_IEO_SAD_HI__AUDIO_1053_IEO_ANG_HI_styletts.pt
FAKE_T1_1053_IEO_SAD_MD__AUDIO_1053_IEO_ANG_MD_styletts,track1,1,crema_1053,ANG,SAD,-1,1,1,1,,data\preprocessed\features\z_at\FAKE_T1_1053_IEO_SAD_MD__AUDIO_1053_IEO_ANG_MD_styletts.pt,data\preprocessed\features\z_v\FAKE_T1_1053_IEO_SAD_MD__AUDIO_1053_IEO_ANG_MD_styletts.pt
FAKE_T1_1053_ITS_ANG_XX__AUDIO_1053_ITS_DIS_XX_styletts,track1,1,crema_1053,DIS,ANG,-1,1,1,1,,data\preprocessed\features\z_at\FAKE_T1_1053_ITS_ANG_XX__AUDIO_1053_ITS_DIS_XX_styletts.pt,data\preprocessed\features\z_v\FAKE_T1_1053_ITS_ANG_XX__AUDIO_1053_ITS_DIS_XX_styletts.pt
FAKE_T1_1053_ITS_NEU_XX__AUDIO_1053_ITS_SAD_XX_styletts,track1,1,crema_1053,SAD,NEU,-1,1,1,1,,data\preprocessed\features\z_at\FAKE_T1_1053_ITS_NEU_XX__AUDIO_1053_ITS_SAD_XX_styletts.pt,data\preprocessed\features\z_v\FAKE_T1_1053_ITS_NEU_XX__AUDIO_1053_ITS_SAD_XX_styletts.pt
FAKE_T1_1053_IWL_HAP_XX__AUDIO_1053_IWL_NEU_XX_styletts,track1,1,crema_1053,NEU,HAP,-1,1,1,1,,data\preprocessed\features\z_at\FAKE_T1_1053_IWL_HAP_XX__AUDIO_1053_IWL_NEU_XX_styletts.pt,data\preprocessed\features\z_v\FAKE_T1_1053_IWL_HAP_XX__AUDIO_1053_IWL_NEU_XX_styletts.pt
FAKE_T1_1053_IWW_SAD_XX__AUDIO_1053_IWW_ANG_XX_styletts,track1,1,crema_1053,ANG,SAD,-1,1,1,1,,data\preprocessed\features\z_at\FAKE_T1_1053_IWW_SAD_XX__AUDIO_1053_IWW_ANG_XX_styletts.pt,data\preprocessed\features\z_v\FAKE_T1_1053_IWW_SAD_XX__AUDIO_1053_IWW_ANG_XX_styletts.pt
FAKE_T1_1053_MTI_ANG_XX__AUDIO_1053_MTI_DIS_XX_styletts,track1,1,crema_1053,DIS,ANG,-1,1,1,1,,data\preprocessed\features\z_at\FAKE_T1_1053_MTI_ANG_XX__AUDIO_1053_MTI_DIS_XX_styletts.pt,data\preprocessed\features\z_v\FAKE_T1_1053_MTI_ANG_XX__AUDIO_1053_MTI_DIS_XX_styletts.pt
FAKE_T1_1053_TAI_HAP_XX__AUDIO_1053_TAI_NEU_XX_styletts,track1,1,crema_1053,NEU,HAP,-1,1,1,1,,data\preprocessed\features\z_at\FAKE_T1_1053_TAI_HAP_XX__AUDIO_1053_TAI_NEU_XX_styletts.pt,data\preprocessed\features\z_v\FAKE_T1_1053_TAI_HAP_XX__AUDIO_1053_TAI_NEU_XX_styletts.pt
FAKE_T1_1053_TAI_NEU_XX__AUDIO_1053_TAI_SAD_XX_styletts,track1,1,crema_1053,SAD,NEU,-1,1,1,1,,data\preprocessed\features\z_at\FAKE_T1_1053_TAI_NEU_XX__AUDIO_1053_TAI_SAD_XX_styletts.pt,data\preprocessed\features\z_v\FAKE_T1_1053_TAI_NEU_XX__AUDIO_1053_TAI_SAD_XX_styletts.pt
FAKE_T1_1053_TIE_FEA_XX__AUDIO_1053_TIE_HAP_XX_styletts,track1,1,crema_1053,HAP,FEA,-1,1,1,1,,data\preprocessed\features\z_at\FAKE_T1_1053_TIE_FEA_XX__AUDIO_1053_TIE_HAP_XX_styletts.pt,data\preprocessed\features\z_v\FAKE_T1_1053_TIE_FEA_XX__AUDIO_1053_TIE_HAP_XX_styletts.pt
FAKE_T1_1053_TIE_SAD_XX__AUDIO_1053_TIE_ANG_XX_styletts,track1,1,crema_1053,ANG,SAD,-1,1,1,1,,data\preprocessed\features\z_at\FAKE_T1_1053_TIE_SAD_XX__AUDIO_1053_TIE_ANG_XX_styletts.pt,data\preprocessed\features\z_v\FAKE_T1_1053_TIE_SAD_XX__AUDIO_1053_TIE_ANG_XX_styletts.pt
FAKE_T1_1053_WSI_ANG_XX__AUDIO_1053_WSI_DIS_XX_styletts,track1,1,crema_1053,DIS,ANG,-1,1,1,1,,data\preprocessed\features\z_at\FAKE_T1_1053_WSI_ANG_XX__AUDIO_1053_WSI_DIS_XX_styletts.pt,data\preprocessed\features\z_v\FAKE_T1_1053_WSI_ANG_XX__AUDIO_1053_WSI_DIS_XX_styletts.pt
FAKE_T1_1054_IEO_DIS_HI__AUDIO_1054_IEO_FEA_HI_styletts,track1,1,crema_1054,FEA,DIS,-1,1,1,1,,data\preprocessed\features\z_at\FAKE_T1_1054_IEO_DIS_HI__AUDIO_1054_IEO_FEA_HI_styletts.pt,data\preprocessed\features\z_v\FAKE_T1_1054_IEO_DIS_HI__AUDIO_1054_IEO_FEA_HI_styletts.pt
FAKE_T1_1054_IEO_DIS_LO__AUDIO_1054_IEO_FEA_LO_styletts,track1,1,crema_1054,FEA,DIS,-1,1,1,1,,data\preprocessed\features\z_at\FAKE_T1_1054_IEO_DIS_LO__AUDIO_1054_IEO_FEA_LO_styletts.pt,data\preprocessed\features\z_v\FAKE_T1_1054_IEO_DIS_LO__AUDIO_1054_IEO_FEA_LO_styletts.pt
FAKE_T1_1054_IEO_SAD_LO__AUDIO_1054_IEO_ANG_LO_styletts,track1,1,crema_1054,ANG,SAD,-1,1,1,1,,data\preprocessed\features\z_at\FAKE_T1_1054_IEO_SAD_LO__AUDIO_1054_IEO_ANG_LO_styletts.pt,data\preprocessed\features\z_v\FAKE_T1_1054_IEO_SAD_LO__AUDIO_1054_IEO_ANG_LO_styletts.pt
FAKE_T1_1054_ITH_NEU_XX__AUDIO_1054_ITH_SAD_XX_styletts,track1,1,crema_1054,SAD,NEU,-1,1,1,1,,data\preprocessed\features\z_at\FAKE_T1_1054_ITH_NEU_XX__AUDIO_1054_ITH_SAD_XX_styletts.pt,data\preprocessed\features\z_v\FAKE_T1_1054_ITH_NEU_XX__AUDIO_1054_ITH_SAD_XX_styletts.pt
FAKE_T1_1054_ITS_ANG_XX__AUDIO_1054_ITS_DIS_XX_styletts,track1,1,crema_1054,DIS,ANG,-1,1,1,1,,data\preprocessed\features\z_at\FAKE_T1_1054_ITS_ANG_XX__AUDIO_1054_ITS_DIS_XX_styletts.pt,data\preprocessed\features\z_v\FAKE_T1_1054_ITS_ANG_XX__AUDIO_1054_ITS_DIS_XX_styletts.pt
FAKE_T1_1054_ITS_FEA_XX__AUDIO_1054_ITS_HAP_XX_styletts,track1,1,crema_1054,HAP,FEA,-1,1,1,1,,data\preprocessed\features\z_at\FAKE_T1_1054_ITS_FEA_XX__AUDIO_1054_ITS_HAP_XX_styletts.pt,data\preprocessed\features\z_v\FAKE_T1_1054_ITS_FEA_XX__AUDIO_1054_ITS_HAP_XX_styletts.pt
FAKE_T1_1054_IWL_ANG_XX__AUDIO_1054_IWL_DIS_XX_styletts,track1,1,crema_1054,DIS,ANG,-1,1,1,1,,data\preprocessed\features\z_at\FAKE_T1_1054_IWL_ANG_XX__AUDIO_1054_IWL_DIS_XX_styletts.pt,data\preprocessed\features\z_v\FAKE_T1_1054_IWL_ANG_XX__AUDIO_1054_IWL_DIS_XX_styletts.pt
FAKE_T1_1054_IWL_NEU_XX__AUDIO_1054_IWL_SAD_XX_styletts,track1,1,crema_1054,SAD,NEU,-1,1,1,1,,data\preprocessed\features\z_at\FAKE_T1_1054_IWL_NEU_XX__AUDIO_1054_IWL_SAD_XX_styletts.pt,data\preprocessed\features\z_v\FAKE_T1_1054_IWL_NEU_XX__AUDIO_1054_IWL_SAD_XX_styletts.pt
FAKE_T1_1054_MTI_SAD_XX__AUDIO_1054_MTI_ANG_XX_styletts,track1,1,crema_1054,ANG,SAD,-1,1,1,1,,data\preprocessed\features\z_at\FAKE_T1_1054_MTI_SAD_XX__AUDIO_1054_MTI_ANG_XX_styletts.pt,data\preprocessed\features\z_v\FAKE_T1_1054_MTI_SAD_XX__AUDIO_1054_MTI_ANG_XX_styletts.pt
FAKE_T1_1054_TAI_ANG_XX__AUDIO_1054_TAI_DIS_XX_styletts,track1,1,crema_1054,DIS,ANG,-1,1,1,1,,data\preprocessed\features\z_at\FAKE_T1_1054_TAI_ANG_XX__AUDIO_1054_TAI_DIS_XX_styletts.pt,data\preprocessed\features\z_v\FAKE_T1_1054_TAI_ANG_XX__AUDIO_1054_TAI_DIS_XX_styletts.pt
FAKE_T1_1054_TAI_DIS_XX__AUDIO_1054_TAI_FEA_XX_styletts,track1,1,crema_1054,FEA,DIS,-1,1,1,1,,data\preprocessed\features\z_at\FAKE_T1_1054_TAI_DIS_XX__AUDIO_1054_TAI_FEA_XX_styletts.pt,data\preprocessed\features\z_v\FAKE_T1_1054_TAI_DIS_XX__AUDIO_1054_TAI_FEA_XX_styletts.pt
FAKE_T1_1054_TIE_FEA_XX__AUDIO_1054_TIE_HAP_XX_styletts,track1,1,crema_1054,HAP,FEA,-1,1,1,1,,data\preprocessed\features\z_at\FAKE_T1_1054_TIE_FEA_XX__AUDIO_1054_TIE_HAP_XX_styletts.pt,data\preprocessed\features\z_v\FAKE_T1_1054_TIE_FEA_XX__AUDIO_1054_TIE_HAP_XX_styletts.pt
FAKE_T1_1054_TIE_SAD_XX__AUDIO_1054_TIE_ANG_XX_styletts,track1,1,crema_1054,ANG,SAD,-1,1,1,1,,data\preprocessed\features\z_at\FAKE_T1_1054_TIE_SAD_XX__AUDIO_1054_TIE_ANG_XX_styletts.pt,data\preprocessed\features\z_v\FAKE_T1_1054_TIE_SAD_XX__AUDIO_1054_TIE_ANG_XX_styletts.pt
FAKE_T1_1054_TSI_ANG_XX__AUDIO_1054_TSI_DIS_XX_styletts,track1,1,crema_1054,DIS,ANG,-1,1,1,1,,data\preprocessed\features\z_at\FAKE_T1_1054_TSI_ANG_XX__AUDIO_1054_TSI_DIS_XX_styletts.pt,data\preprocessed\features\z_v\FAKE_T1_1054_TSI_ANG_XX__AUDIO_1054_TSI_DIS_XX_styletts.pt
FAKE_T1_1054_TSI_HAP_XX__AUDIO_1054_TSI_NEU_XX_styletts,track1,1,crema_1054,NEU,HAP,-1,1,1,1,,data\preprocessed\features\z_at\FAKE_T1_1054_TSI_HAP_XX__AUDIO_1054_TSI_NEU_XX_styletts.pt,data\preprocessed\features\z_v\FAKE_T1_1054_TSI_HAP_XX__AUDIO_1054_TSI_NEU_XX_styletts.pt
FAKE_T1_1054_WSI_ANG_XX__AUDIO_1054_WSI_DIS_XX_styletts,track1,1,crema_1054,DIS,ANG,-1,1,1,1,,data\preprocessed\features\z_at\FAKE_T1_1054_WSI_ANG_XX__AUDIO_1054_WSI_DIS_XX_styletts.pt,data\preprocessed\features\z_v\FAKE_T1_1054_WSI_ANG_XX__AUDIO_1054_WSI_DIS_XX_styletts.pt
FAKE_T1_1055_DFA_FEA_XX__AUDIO_1055_DFA_HAP_XX_styletts,track1,1,crema_1055,HAP,FEA,-1,1,1,1,,data\preprocessed\features\z_at\FAKE_T1_1055_DFA_FEA_XX__AUDIO_1055_DFA_HAP_XX_styletts.pt,data\preprocessed\features\z_v\FAKE_T1_1055_DFA_FEA_XX__AUDIO_1055_DFA_HAP_XX_styletts.pt
FAKE_T1_1055_IEO_ANG_MD__AUDIO_1055_IEO_DIS_MD_styletts,track1,1,crema_1055,DIS,ANG,-1,1,1,1,,data\preprocessed\features\z_at\FAKE_T1_1055_IEO_ANG_MD__AUDIO_1055_IEO_DIS_MD_styletts.pt,data\preprocessed\features\z_v\FAKE_T1_1055_IEO_ANG_MD__AUDIO_1055_IEO_DIS_MD_styletts.pt
FAKE_T1_1055_IEO_HAP_HI__AUDIO_1055_IEO_NEU_XX_styletts,track1,1,crema_1055,NEU,HAP,-1,1,1,1,,data\preprocessed\features\z_at\FAKE_T1_1055_IEO_HAP_HI__AUDIO_1055_IEO_NEU_XX_styletts.pt,data\preprocessed\features\z_v\FAKE_T1_1055_IEO_HAP_HI__AUDIO_1055_IEO_NEU_XX_styletts.pt
FAKE_T1_1055_IEO_SAD_LO__AUDIO_1055_IEO_ANG_LO_styletts,track1,1,crema_1055,ANG,SAD,-1,1,1,1,,data\preprocessed\features\z_at\FAKE_T1_1055_IEO_SAD_LO__AUDIO_1055_IEO_ANG_LO_styletts.pt,data\preprocessed\features\z_v\FAKE_T1_1055_IEO_SAD_LO__AUDIO_1055_IEO_ANG_LO_styletts.pt
FAKE_T1_1055_IOM_SAD_XX__AUDIO_1055_IOM_ANG_XX_styletts,track1,1,crema_1055,ANG,SAD,-1,1,1,1,,data\preprocessed\features\z_at\FAKE_T1_1055_IOM_SAD_XX__AUDIO_1055_IOM_ANG_XX_styletts.pt,data\preprocessed\features\z_v\FAKE_T1_1055_IOM_SAD_XX__AUDIO_1055_IOM_ANG_XX_styletts.pt
FAKE_T1_1055_ITH_ANG_XX__AUDIO_1055_ITH_DIS_XX_styletts,track1,1,crema_1055,DIS,ANG,-1,1,1,1,,data\preprocessed\features\z_at\FAKE_T1_1055_ITH_ANG_XX__AUDIO_1055_ITH_DIS_XX_styletts.pt,data\preprocessed\features\z_v\FAKE_T1_1055_ITH_ANG_XX__AUDIO_1055_ITH_DIS_XX_styletts.pt
FAKE_T1_1055_ITS_ANG_XX__AUDIO_1055_ITS_DIS_XX_styletts,track1,1,crema_1055,DIS,ANG,-1,1,1,1,,data\preprocessed\features\z_at\FAKE_T1_1055_ITS_ANG_XX__AUDIO_1055_ITS_DIS_XX_styletts.pt,data\preprocessed\features\z_v\FAKE_T1_1055_ITS_ANG_XX__AUDIO_1055_ITS_DIS_XX_styletts.pt
FAKE_T1_1055_IWL_FEA_XX__AUDIO_1055_IWL_HAP_XX_styletts,track1,1,crema_1055,HAP,FEA,-1,1,1,1,,data\preprocessed\features\z_at\FAKE_T1_1055_IWL_FEA_XX__AUDIO_1055_IWL_HAP_XX_styletts.pt,data\preprocessed\features\z_v\FAKE_T1_1055_IWL_FEA_XX__AUDIO_1055_IWL_HAP_XX_styletts.pt
FAKE_T1_1055_IWL_NEU_XX__AUDIO_1055_IWL_SAD_XX_styletts,track1,1,crema_1055,SAD,NEU,-1,1,1,1,,data\preprocessed\features\z_at\FAKE_T1_1055_IWL_NEU_XX__AUDIO_1055_IWL_SAD_XX_styletts.pt,data\preprocessed\features\z_v\FAKE_T1_1055_IWL_NEU_XX__AUDIO_1055_IWL_SAD_XX_styletts.pt
FAKE_T1_1055_MTI_FEA_XX__AUDIO_1055_MTI_HAP_XX_styletts,track1,1,crema_1055,HAP,FEA,-1,1,1,1,,data\preprocessed\features\z_at\FAKE_T1_1055_MTI_FEA_XX__AUDIO_1055_MTI_HAP_XX_styletts.pt,data\preprocessed\features\z_v\FAKE_T1_1055_MTI_FEA_XX__AUDIO_1055_MTI_HAP_XX_styletts.pt
FAKE_T1_1055_MTI_SAD_XX__AUDIO_1055_MTI_ANG_XX_styletts,track1,1,crema_1055,ANG,SAD,-1,1,1,1,,data\preprocessed\features\z_at\FAKE_T1_1055_MTI_SAD_XX__AUDIO_1055_MTI_ANG_XX_styletts.pt,data\preprocessed\features\z_v\FAKE_T1_1055_MTI_SAD_XX__AUDIO_1055_MTI_ANG_XX_styletts.pt
FAKE_T1_1055_TIE_ANG_XX__AUDIO_1055_TIE_DIS_XX_styletts,track1,1,crema_1055,DIS,ANG,-1,1,1,1,,data\preprocessed\features\z_at\FAKE_T1_1055_TIE_ANG_XX__AUDIO_1055_TIE_DIS_XX_styletts.pt,data\preprocessed\features\z_v\FAKE_T1_1055_TIE_ANG_XX__AUDIO_1055_TIE_DIS_XX_styletts.pt
FAKE_T1_1055_WSI_ANG_XX__AUDIO_1055_WSI_DIS_XX_styletts,track1,1,crema_1055,DIS,ANG,-1,1,1,1,,data\preprocessed\features\z_at\FAKE_T1_1055_WSI_ANG_XX__AUDIO_1055_WSI_DIS_XX_styletts.pt,data\preprocessed\features\z_v\FAKE_T1_1055_WSI_ANG_XX__AUDIO_1055_WSI_DIS_XX_styletts.pt
FAKE_T1_1055_WSI_FEA_XX__AUDIO_1055_WSI_HAP_XX_styletts,track1,1,crema_1055,HAP,FEA,-1,1,1,1,,data\preprocessed\features\z_at\FAKE_T1_1055_WSI_FEA_XX__AUDIO_1055_WSI_HAP_XX_styletts.pt,data\preprocessed\features\z_v\FAKE_T1_1055_WSI_FEA_XX__AUDIO_1055_WSI_HAP_XX_styletts.pt
FAKE_T1_1055_WSI_NEU_XX__AUDIO_1055_WSI_SAD_XX_styletts,track1,1,crema_1055,SAD,NEU,-1,1,1,1,,data\preprocessed\features\z_at\FAKE_T1_1055_WSI_NEU_XX__AUDIO_1055_WSI_SAD_XX_styletts.pt,data\preprocessed\features\z_v\FAKE_T1_1055_WSI_NEU_XX__AUDIO_1055_WSI_SAD_XX_styletts.pt
FAKE_T1_1055_WSI_SAD_XX__AUDIO_1055_WSI_ANG_XX_styletts,track1,1,crema_1055,ANG,SAD,-1,1,1,1,,data\preprocessed\features\z_at\FAKE_T1_1055_WSI_SAD_XX__AUDIO_1055_WSI_ANG_XX_styletts.pt,data\preprocessed\features\z_v\FAKE_T1_1055_WSI_SAD_XX__AUDIO_1055_WSI_ANG_XX_styletts.pt
FAKE_T1_1057_DFA_DIS_XX__AUDIO_1057_DFA_FEA_XX_styletts,track1,1,crema_1057,FEA,DIS,-1,1,1,1,,data\preprocessed\features\z_at\FAKE_T1_1057_DFA_DIS_XX__AUDIO_1057_DFA_FEA_XX_styletts.pt,data\preprocessed\features\z_v\FAKE_T1_1057_DFA_DIS_XX__AUDIO_1057_DFA_FEA_XX_styletts.pt
FAKE_T1_1057_DFA_SAD_XX__AUDIO_1057_DFA_ANG_XX_styletts,track1,1,crema_1057,ANG,SAD,-1,1,1,1,,data\preprocessed\features\z_at\FAKE_T1_1057_DFA_SAD_XX__AUDIO_1057_DFA_ANG_XX_styletts.pt,data\preprocessed\features\z_v\FAKE_T1_1057_DFA_SAD_XX__AUDIO_1057_DFA_ANG_XX_styletts.pt
FAKE_T1_1057_IEO_ANG_MD__AUDIO_1057_IEO_DIS_MD_styletts,track1,1,crema_1057,DIS,ANG,-1,1,1,1,,data\preprocessed\features\z_at\FAKE_T1_1057_IEO_ANG_MD__AUDIO_1057_IEO_DIS_MD_styletts.pt,data\preprocessed\features\z_v\FAKE_T1_1057_IEO_ANG_MD__AUDIO_1057_IEO_DIS_MD_styletts.pt
FAKE_T1_1057_IEO_FEA_LO__AUDIO_1057_IEO_HAP_LO_styletts,track1,1,crema_1057,HAP,FEA,-1,1,1,1,,data\preprocessed\features\z_at\FAKE_T1_1057_IEO_FEA_LO__AUDIO_1057_IEO_HAP_LO_styletts.pt,data\preprocessed\features\z_v\FAKE_T1_1057_IEO_FEA_LO__AUDIO_1057_IEO_HAP_LO_styletts.pt
FAKE_T1_1057_IOM_ANG_XX__AUDIO_1057_IOM_DIS_XX_styletts,track1,1,crema_1057,DIS,ANG,-1,1,1,1,,data\preprocessed\features\z_at\FAKE_T1_1057_IOM_ANG_XX__AUDIO_1057_IOM_DIS_XX_styletts.pt,data\preprocessed\features\z_v\FAKE_T1_1057_IOM_ANG_XX__AUDIO_1057_IOM_DIS_XX_styletts.pt
FAKE_T1_1057_ITH_DIS_XX__AUDIO_1057_ITH_FEA_XX_styletts,track1,1,crema_1057,FEA,DIS,-1,1,1,1,,data\preprocessed\features\z_at\FAKE_T1_1057_ITH_DIS_XX__AUDIO_1057_ITH_FEA_XX_styletts.pt,data\preprocessed\features\z_v\FAKE_T1_1057_ITH_DIS_XX__AUDIO_1057_ITH_FEA_XX_styletts.pt
FAKE_T1_1057_IWL_NEU_XX__AUDIO_1057_IWL_SAD_XX_styletts,track1,1,crema_1057,SAD,NEU,-1,1,1,1,,data\preprocessed\features\z_at\FAKE_T1_1057_IWL_NEU_XX__AUDIO_1057_IWL_SAD_XX_styletts.pt,data\preprocessed\features\z_v\FAKE_T1_1057_IWL_NEU_XX__AUDIO_1057_IWL_SAD_XX_styletts.pt
FAKE_T1_1057_IWL_SAD_XX__AUDIO_1057_IWL_ANG_XX_styletts,track1,1,crema_1057,ANG,SAD,-1,1,1,1,,data\preprocessed\features\z_at\FAKE_T1_1057_IWL_SAD_XX__AUDIO_1057_IWL_ANG_XX_styletts.pt,data\preprocessed\features\z_v\FAKE_T1_1057_IWL_SAD_XX__AUDIO_1057_IWL_ANG_XX_styletts.pt
FAKE_T1_1057_IWW_HAP_XX__AUDIO_1057_IWW_NEU_XX_styletts,track1,1,crema_1057,NEU,HAP,-1,1,1,1,,data\preprocessed\features\z_at\FAKE_T1_1057_IWW_HAP_XX__AUDIO_1057_IWW_NEU_XX_styletts.pt,data\preprocessed\features\z_v\FAKE_T1_1057_IWW_HAP_XX__AUDIO_1057_IWW_NEU_XX_styletts.pt
FAKE_T1_1057_IWW_NEU_XX__AUDIO_1057_IWW_SAD_XX_styletts,track1,1,crema_1057,SAD,NEU,-1,1,1,1,,data\preprocessed\features\z_at\FAKE_T1_1057_IWW_NEU_XX__AUDIO_1057_IWW_SAD_XX_styletts.pt,data\preprocessed\features\z_v\FAKE_T1_1057_IWW_NEU_XX__AUDIO_1057_IWW_SAD_XX_styletts.pt
FAKE_T1_1057_MTI_HAP_XX__AUDIO_1057_MTI_NEU_XX_styletts,track1,1,crema_1057,NEU,HAP,-1,1,1,1,,data\preprocessed\features\z_at\FAKE_T1_1057_MTI_HAP_XX__AUDIO_1057_MTI_NEU_XX_styletts.pt,data\preprocessed\features\z_v\FAKE_T1_1057_MTI_HAP_XX__AUDIO_1057_MTI_NEU_XX_styletts.pt
FAKE_T1_1057_MTI_NEU_XX__AUDIO_1057_MTI_SAD_XX_styletts,track1,1,crema_1057,SAD,NEU,-1,1,1,1,,data\preprocessed\features\z_at\FAKE_T1_1057_MTI_NEU_XX__AUDIO_1057_MTI_SAD_XX_styletts.pt,data\preprocessed\features\z_v\FAKE_T1_1057_MTI_NEU_XX__AUDIO_1057_MTI_SAD_XX_styletts.pt
FAKE_T1_1057_TIE_NEU_XX__AUDIO_1057_TIE_SAD_XX_styletts,track1,1,crema_1057,SAD,NEU,-1,1,1,1,,data\preprocessed\features\z_at\FAKE_T1_1057_TIE_NEU_XX__AUDIO_1057_TIE_SAD_XX_styletts.pt,data\preprocessed\features\z_v\FAKE_T1_1057_TIE_NEU_XX__AUDIO_1057_TIE_SAD_XX_styletts.pt
FAKE_T1_1057_TSI_ANG_XX__AUDIO_1057_TSI_DIS_XX_styletts,track1,1,crema_1057,DIS,ANG,-1,1,1,1,,data\preprocessed\features\z_at\FAKE_T1_1057_TSI_ANG_XX__AUDIO_1057_TSI_DIS_XX_styletts.pt,data\preprocessed\features\z_v\FAKE_T1_1057_TSI_ANG_XX__AUDIO_1057_TSI_DIS_XX_styletts.pt
FAKE_T1_1057_TSI_HAP_XX__AUDIO_1057_TSI_NEU_XX_styletts,track1,1,crema_1057,NEU,HAP,-1,1,1,1,,data\preprocessed\features\z_at\FAKE_T1_1057_TSI_HAP_XX__AUDIO_1057_TSI_NEU_XX_styletts.pt,data\preprocessed\features\z_v\FAKE_T1_1057_TSI_HAP_XX__AUDIO_1057_TSI_NEU_XX_styletts.pt
FAKE_T1_1057_WSI_FEA_XX__AUDIO_1057_WSI_HAP_XX_styletts,track1,1,crema_1057,HAP,FEA,-1,1,1,1,,data\preprocessed\features\z_at\FAKE_T1_1057_WSI_FEA_XX__AUDIO_1057_WSI_HAP_XX_styletts.pt,data\preprocessed\features\z_v\FAKE_T1_1057_WSI_FEA_XX__AUDIO_1057_WSI_HAP_XX_styletts.pt
FAKE_T1_1058_DFA_DIS_XX__AUDIO_1058_DFA_FEA_XX_styletts,track1,1,crema_1058,FEA,DIS,-1,1,1,1,,data\preprocessed\features\z_at\FAKE_T1_1058_DFA_DIS_XX__AUDIO_1058_DFA_FEA_XX_styletts.pt,data\preprocessed\features\z_v\FAKE_T1_1058_DFA_DIS_XX__AUDIO_1058_DFA_FEA_XX_styletts.pt
FAKE_T1_1058_DFA_SAD_XX__AUDIO_1058_DFA_ANG_XX_styletts,track1,1,crema_1058,ANG,SAD,-1,1,1,1,,data\preprocessed\features\z_at\FAKE_T1_1058_DFA_SAD_XX__AUDIO_1058_DFA_ANG_XX_styletts.pt,data\preprocessed\features\z_v\FAKE_T1_1058_DFA_SAD_XX__AUDIO_1058_DFA_ANG_XX_styletts.pt
FAKE_T1_1058_IEO_HAP_HI__AUDIO_1058_IEO_NEU_XX_styletts,track1,1,crema_1058,NEU,HAP,-1,1,1,1,,data\preprocessed\features\z_at\FAKE_T1_1058_IEO_HAP_HI__AUDIO_1058_IEO_NEU_XX_styletts.pt,data\preprocessed\features\z_v\FAKE_T1_1058_IEO_HAP_HI__AUDIO_1058_IEO_NEU_XX_styletts.pt
FAKE_T1_1058_IEO_NEU_XX__AUDIO_1058_IEO_SAD_HI_styletts,track1,1,crema_1058,SAD,NEU,-1,1,1,1,,data\preprocessed\features\z_at\FAKE_T1_1058_IEO_NEU_XX__AUDIO_1058_IEO_SAD_HI_styletts.pt,data\preprocessed\features\z_v\FAKE_T1_1058_IEO_NEU_XX__AUDIO_1058_IEO_SAD_HI_styletts.pt
FAKE_T1_1058_IEO_SAD_HI__AUDIO_1058_IEO_ANG_HI_styletts,track1,1,crema_1058,ANG,SAD,-1,1,1,1,,data\preprocessed\features\z_at\FAKE_T1_1058_IEO_SAD_HI__AUDIO_1058_IEO_ANG_HI_styletts.pt,data\preprocessed\features\z_v\FAKE_T1_1058_IEO_SAD_HI__AUDIO_1058_IEO_ANG_HI_styletts.pt
FAKE_T1_1058_IOM_DIS_XX__AUDIO_1058_IOM_FEA_XX_styletts,track1,1,crema_1058,FEA,DIS,-1,1,1,1,,data\preprocessed\features\z_at\FAKE_T1_1058_IOM_DIS_XX__AUDIO_1058_IOM_FEA_XX_styletts.pt,data\preprocessed\features\z_v\FAKE_T1_1058_IOM_DIS_XX__AUDIO_1058_IOM_FEA_XX_styletts.pt
FAKE_T1_1058_ITH_HAP_XX__AUDIO_1058_ITH_NEU_XX_styletts,track1,1,crema_1058,NEU,HAP,-1,1,1,1,,data\preprocessed\features\z_at\FAKE_T1_1058_ITH_HAP_XX__AUDIO_1058_ITH_NEU_XX_styletts.pt,data\preprocessed\features\z_v\FAKE_T1_1058_ITH_HAP_XX__AUDIO_1058_ITH_NEU_XX_styletts.pt
FAKE_T1_1058_IWW_HAP_XX__AUDIO_1058_IWW_NEU_XX_styletts,track1,1,crema_1058,NEU,HAP,-1,1,1,1,,data\preprocessed\features\z_at\FAKE_T1_1058_IWW_HAP_XX__AUDIO_1058_IWW_NEU_XX_styletts.pt,data\preprocessed\features\z_v\FAKE_T1_1058_IWW_HAP_XX__AUDIO_1058_IWW_NEU_XX_styletts.pt
FAKE_T1_1058_IWW_NEU_XX__AUDIO_1058_IWW_SAD_XX_styletts,track1,1,crema_1058,SAD,NEU,-1,1,1,1,,data\preprocessed\features\z_at\FAKE_T1_1058_IWW_NEU_XX__AUDIO_1058_IWW_SAD_XX_styletts.pt,data\preprocessed\features\z_v\FAKE_T1_1058_IWW_NEU_XX__AUDIO_1058_IWW_SAD_XX_styletts.pt
FAKE_T1_1058_MTI_DIS_XX__AUDIO_1058_MTI_FEA_XX_styletts,track1,1,crema_1058,FEA,DIS,-1,1,1,1,,data\preprocessed\features\z_at\FAKE_T1_1058_MTI_DIS_XX__AUDIO_1058_MTI_FEA_XX_styletts.pt,data\preprocessed\features\z_v\FAKE_T1_1058_MTI_DIS_XX__AUDIO_1058_MTI_FEA_XX_styletts.pt
FAKE_T1_1058_MTI_SAD_XX__AUDIO_1058_MTI_ANG_XX_styletts,track1,1,crema_1058,ANG,SAD,-1,1,1,1,,data\preprocessed\features\z_at\FAKE_T1_1058_MTI_SAD_XX__AUDIO_1058_MTI_ANG_XX_styletts.pt,data\preprocessed\features\z_v\FAKE_T1_1058_MTI_SAD_XX__AUDIO_1058_MTI_ANG_XX_styletts.pt
FAKE_T1_1058_TAI_SAD_XX__AUDIO_1058_TAI_ANG_XX_styletts,track1,1,crema_1058,ANG,SAD,-1,1,1,1,,data\preprocessed\features\z_at\FAKE_T1_1058_TAI_SAD_XX__AUDIO_1058_TAI_ANG_XX_styletts.pt,data\preprocessed\features\z_v\FAKE_T1_1058_TAI_SAD_XX__AUDIO_1058_TAI_ANG_XX_styletts.pt
FAKE_T1_1058_TIE_DIS_XX__AUDIO_1058_TIE_FEA_XX_styletts,track1,1,crema_1058,FEA,DIS,-1,1,1,1,,data\preprocessed\features\z_at\FAKE_T1_1058_TIE_DIS_XX__AUDIO_1058_TIE_FEA_XX_styletts.pt,data\preprocessed\features\z_v\FAKE_T1_1058_TIE_DIS_XX__AUDIO_1058_TIE_FEA_XX_styletts.pt
FAKE_T1_1058_TIE_FEA_XX__AUDIO_1058_TIE_HAP_XX_styletts,track1,1,crema_1058,HAP,FEA,-1,1,1,1,,data\preprocessed\features\z_at\FAKE_T1_1058_TIE_FEA_XX__AUDIO_1058_TIE_HAP_XX_styletts.pt,data\preprocessed\features\z_v\FAKE_T1_1058_TIE_FEA_XX__AUDIO_1058_TIE_HAP_XX_styletts.pt
FAKE_T1_1058_TIE_SAD_XX__AUDIO_1058_TIE_ANG_XX_styletts,track1,1,crema_1058,ANG,SAD,-1,1,1,1,,data\preprocessed\features\z_at\FAKE_T1_1058_TIE_SAD_XX__AUDIO_1058_TIE_ANG_XX_styletts.pt,data\preprocessed\features\z_v\FAKE_T1_1058_TIE_SAD_XX__AUDIO_1058_TIE_ANG_XX_styletts.pt
FAKE_T1_1058_WSI_DIS_XX__AUDIO_1058_WSI_FEA_XX_styletts,track1,1,crema_1058,FEA,DIS,-1,1,1,1,,data\preprocessed\features\z_at\FAKE_T1_1058_WSI_DIS_XX__AUDIO_1058_WSI_FEA_XX_styletts.pt,data\preprocessed\features\z_v\FAKE_T1_1058_WSI_DIS_XX__AUDIO_1058_WSI_FEA_XX_styletts.pt
FAKE_T1_1061_DFA_NEU_XX__AUDIO_1061_DFA_SAD_XX_styletts,track1,1,crema_1061,SAD,NEU,-1,1,1,1,,data\preprocessed\features\z_at\FAKE_T1_1061_DFA_NEU_XX__AUDIO_1061_DFA_SAD_XX_styletts.pt,data\preprocessed\features\z_v\FAKE_T1_1061_DFA_NEU_XX__AUDIO_1061_DFA_SAD_XX_styletts.pt
FAKE_T1_1061_IEO_ANG_MD__AUDIO_1061_IEO_DIS_MD_styletts,track1,1,crema_1061,DIS,ANG,-1,1,1,1,,data\preprocessed\features\z_at\FAKE_T1_1061_IEO_ANG_MD__AUDIO_1061_IEO_DIS_MD_styletts.pt,data\preprocessed\features\z_v\FAKE_T1_1061_IEO_ANG_MD__AUDIO_1061_IEO_DIS_MD_styletts.pt
FAKE_T1_1061_IEO_DIS_LO__AUDIO_1061_IEO_FEA_LO_styletts,track1,1,crema_1061,FEA,DIS,-1,1,1,1,,data\preprocessed\features\z_at\FAKE_T1_1061_IEO_DIS_LO__AUDIO_1061_IEO_FEA_LO_styletts.pt,data\preprocessed\features\z_v\FAKE_T1_1061_IEO_DIS_LO__AUDIO_1061_IEO_FEA_LO_styletts.pt
FAKE_T1_1061_IEO_DIS_MD__AUDIO_1061_IEO_FEA_MD_styletts,track1,1,crema_1061,FEA,DIS,-1,1,1,1,,data\preprocessed\features\z_at\FAKE_T1_1061_IEO_DIS_MD__AUDIO_1061_IEO_FEA_MD_styletts.pt,data\preprocessed\features\z_v\FAKE_T1_1061_IEO_DIS_MD__AUDIO_1061_IEO_FEA_MD_styletts.pt
FAKE_T1_1061_IEO_FEA_HI__AUDIO_1061_IEO_HAP_HI_styletts,track1,1,crema_1061,HAP,FEA,-1,1,1,1,,data\preprocessed\features\z_at\FAKE_T1_1061_IEO_FEA_HI__AUDIO_1061_IEO_HAP_HI_styletts.pt,data\preprocessed\features\z_v\FAKE_T1_1061_IEO_FEA_HI__AUDIO_1061_IEO_HAP_HI_styletts.pt
FAKE_T1_1061_IEO_SAD_MD__AUDIO_1061_IEO_ANG_MD_styletts,track1,1,crema_1061,ANG,SAD,-1,1,1,1,,data\preprocessed\features\z_at\FAKE_T1_1061_IEO_SAD_MD__AUDIO_1061_IEO_ANG_MD_styletts.pt,data\preprocessed\features\z_v\FAKE_T1_1061_IEO_SAD_MD__AUDIO_1061_IEO_ANG_MD_styletts.pt
FAKE_T1_1061_IOM_NEU_XX__AUDIO_1061_IOM_SAD_XX_styletts,track1,1,crema_1061,SAD,NEU,-1,1,1,1,,data\preprocessed\features\z_at\FAKE_T1_1061_IOM_NEU_XX__AUDIO_1061_IOM_SAD_XX_styletts.pt,data\preprocessed\features\z_v\FAKE_T1_1061_IOM_NEU_XX__AUDIO_1061_IOM_SAD_XX_styletts.pt
FAKE_T1_1061_ITH_FEA_XX__AUDIO_1061_ITH_HAP_XX_styletts,track1,1,crema_1061,HAP,FEA,-1,1,1,1,,data\preprocessed\features\z_at\FAKE_T1_1061_ITH_FEA_XX__AUDIO_1061_ITH_HAP_XX_styletts.pt,data\preprocessed\features\z_v\FAKE_T1_1061_ITH_FEA_XX__AUDIO_1061_ITH_HAP_XX_styletts.pt
FAKE_T1_1061_IWW_DIS_XX__AUDIO_1061_IWW_FEA_XX_styletts,track1,1,crema_1061,FEA,DIS,-1,1,1,1,,data\preprocessed\features\z_at\FAKE_T1_1061_IWW_DIS_XX__AUDIO_1061_IWW_FEA_XX_styletts.pt,data\preprocessed\features\z_v\FAKE_T1_1061_IWW_DIS_XX__AUDIO_1061_IWW_FEA_XX_styletts.pt
FAKE_T1_1061_IWW_HAP_XX__AUDIO_1061_IWW_NEU_XX_styletts,track1,1,crema_1061,NEU,HAP,-1,1,1,1,,data\preprocessed\features\z_at\FAKE_T1_1061_IWW_HAP_XX__AUDIO_1061_IWW_NEU_XX_styletts.pt,data\preprocessed\features\z_v\FAKE_T1_1061_IWW_HAP_XX__AUDIO_1061_IWW_NEU_XX_styletts.pt
FAKE_T1_1061_TAI_NEU_XX__AUDIO_1061_TAI_SAD_XX_styletts,track1,1,crema_1061,SAD,NEU,-1,1,1,1,,data\preprocessed\features\z_at\FAKE_T1_1061_TAI_NEU_XX__AUDIO_1061_TAI_SAD_XX_styletts.pt,data\preprocessed\features\z_v\FAKE_T1_1061_TAI_NEU_XX__AUDIO_1061_TAI_SAD_XX_styletts.pt
FAKE_T1_1061_TIE_ANG_XX__AUDIO_1061_TIE_DIS_XX_styletts,track1,1,crema_1061,DIS,ANG,-1,1,1,1,,data\preprocessed\features\z_at\FAKE_T1_1061_TIE_ANG_XX__AUDIO_1061_TIE_DIS_XX_styletts.pt,data\preprocessed\features\z_v\FAKE_T1_1061_TIE_ANG_XX__AUDIO_1061_TIE_DIS_XX_styletts.pt
FAKE_T1_1061_TIE_NEU_XX__AUDIO_1061_TIE_SAD_XX_styletts,track1,1,crema_1061,SAD,NEU,-1,1,1,1,,data\preprocessed\features\z_at\FAKE_T1_1061_TIE_NEU_XX__AUDIO_1061_TIE_SAD_XX_styletts.pt,data\preprocessed\features\z_v\FAKE_T1_1061_TIE_NEU_XX__AUDIO_1061_TIE_SAD_XX_styletts.pt
FAKE_T1_1061_TSI_DIS_XX__AUDIO_1061_TSI_FEA_XX_styletts,track1,1,crema_1061,FEA,DIS,-1,1,1,1,,data\preprocessed\features\z_at\FAKE_T1_1061_TSI_DIS_XX__AUDIO_1061_TSI_FEA_XX_styletts.pt,data\preprocessed\features\z_v\FAKE_T1_1061_TSI_DIS_XX__AUDIO_1061_TSI_FEA_XX_styletts.pt
FAKE_T1_1061_TSI_NEU_XX__AUDIO_1061_TSI_SAD_XX_styletts,track1,1,crema_1061,SAD,NEU,-1,1,1,1,,data\preprocessed\features\z_at\FAKE_T1_1061_TSI_NEU_XX__AUDIO_1061_TSI_SAD_XX_styletts.pt,data\preprocessed\features\z_v\FAKE_T1_1061_TSI_NEU_XX__AUDIO_1061_TSI_SAD_XX_styletts.pt
FAKE_T1_1061_WSI_FEA_XX__AUDIO_1061_WSI_HAP_XX_styletts,track1,1,crema_1061,HAP,FEA,-1,1,1,1,,data\preprocessed\features\z_at\FAKE_T1_1061_WSI_FEA_XX__AUDIO_1061_WSI_HAP_XX_styletts.pt,data\preprocessed\features\z_v\FAKE_T1_1061_WSI_FEA_XX__AUDIO_1061_WSI_HAP_XX_styletts.pt
FAKE_T1_1062_IEO_SAD_HI__AUDIO_1062_IEO_ANG_HI_styletts,track1,1,crema_1062,ANG,SAD,-1,1,1,1,,data\preprocessed\features\z_at\FAKE_T1_1062_IEO_SAD_HI__AUDIO_1062_IEO_ANG_HI_styletts.pt,data\preprocessed\features\z_v\FAKE_T1_1062_IEO_SAD_HI__AUDIO_1062_IEO_ANG_HI_styletts.pt
FAKE_T1_1062_IEO_SAD_MD__AUDIO_1062_IEO_ANG_MD_styletts,track1,1,crema_1062,ANG,SAD,-1,1,1,1,,data\preprocessed\features\z_at\FAKE_T1_1062_IEO_SAD_MD__AUDIO_1062_IEO_ANG_MD_styletts.pt,data\preprocessed\features\z_v\FAKE_T1_1062_IEO_SAD_MD__AUDIO_1062_IEO_ANG_MD_styletts.pt
FAKE_T1_1062_IOM_FEA_XX__AUDIO_1062_IOM_HAP_XX_styletts,track1,1,crema_1062,HAP,FEA,-1,1,1,1,,data\preprocessed\features\z_at\FAKE_T1_1062_IOM_FEA_XX__AUDIO_1062_IOM_HAP_XX_styletts.pt,data\preprocessed\features\z_v\FAKE_T1_1062_IOM_FEA_XX__AUDIO_1062_IOM_HAP_XX_styletts.pt
FAKE_T1_1062_ITH_DIS_XX__AUDIO_1062_ITH_FEA_XX_styletts,track1,1,crema_1062,FEA,DIS,-1,1,1,1,,data\preprocessed\features\z_at\FAKE_T1_1062_ITH_DIS_XX__AUDIO_1062_ITH_FEA_XX_styletts.pt,data\preprocessed\features\z_v\FAKE_T1_1062_ITH_DIS_XX__AUDIO_1062_ITH_FEA_XX_styletts.pt
FAKE_T1_1062_ITS_NEU_XX__AUDIO_1062_ITS_SAD_XX_styletts,track1,1,crema_1062,SAD,NEU,-1,1,1,1,,data\preprocessed\features\z_at\FAKE_T1_1062_ITS_NEU_XX__AUDIO_1062_ITS_SAD_XX_styletts.pt,data\preprocessed\features\z_v\FAKE_T1_1062_ITS_NEU_XX__AUDIO_1062_ITS_SAD_XX_styletts.pt
FAKE_T1_1062_ITS_SAD_XX__AUDIO_1062_ITS_ANG_XX_styletts,track1,1,crema_1062,ANG,SAD,-1,1,1,1,,data\preprocessed\features\z_at\FAKE_T1_1062_ITS_SAD_XX__AUDIO_1062_ITS_ANG_XX_styletts.pt,data\preprocessed\features\z_v\FAKE_T1_1062_ITS_SAD_XX__AUDIO_1062_ITS_ANG_XX_styletts.pt
FAKE_T1_1062_IWL_HAP_XX__AUDIO_1062_IWL_NEU_XX_styletts,track1,1,crema_1062,NEU,HAP,-1,1,1,1,,data\preprocessed\features\z_at\FAKE_T1_1062_IWL_HAP_XX__AUDIO_1062_IWL_NEU_XX_styletts.pt,data\preprocessed\features\z_v\FAKE_T1_1062_IWL_HAP_XX__AUDIO_1062_IWL_NEU_XX_styletts.pt
FAKE_T1_1062_IWW_FEA_XX__AUDIO_1062_IWW_HAP_XX_styletts,track1,1,crema_1062,HAP,FEA,-1,1,1,1,,data\preprocessed\features\z_at\FAKE_T1_1062_IWW_FEA_XX__AUDIO_1062_IWW_HAP_XX_styletts.pt,data\preprocessed\features\z_v\FAKE_T1_1062_IWW_FEA_XX__AUDIO_1062_IWW_HAP_XX_styletts.pt
FAKE_T1_1062_IWW_NEU_XX__AUDIO_1062_IWW_SAD_XX_styletts,track1,1,crema_1062,SAD,NEU,-1,1,1,1,,data\preprocessed\features\z_at\FAKE_T1_1062_IWW_NEU_XX__AUDIO_1062_IWW_SAD_XX_styletts.pt,data\preprocessed\features\z_v\FAKE_T1_1062_IWW_NEU_XX__AUDIO_1062_IWW_SAD_XX_styletts.pt
FAKE_T1_1062_MTI_DIS_XX__AUDIO_1062_MTI_FEA_XX_styletts,track1,1,crema_1062,FEA,DIS,-1,1,1,1,,data\preprocessed\features\z_at\FAKE_T1_1062_MTI_DIS_XX__AUDIO_1062_MTI_FEA_XX_styletts.pt,data\preprocessed\features\z_v\FAKE_T1_1062_MTI_DIS_XX__AUDIO_1062_MTI_FEA_XX_styletts.pt
FAKE_T1_1062_MTI_FEA_XX__AUDIO_1062_MTI_HAP_XX_styletts,track1,1,crema_1062,HAP,FEA,-1,1,1,1,,data\preprocessed\features\z_at\FAKE_T1_1062_MTI_FEA_XX__AUDIO_1062_MTI_HAP_XX_styletts.pt,data\preprocessed\features\z_v\FAKE_T1_1062_MTI_FEA_XX__AUDIO_1062_MTI_HAP_XX_styletts.pt
FAKE_T1_1062_TAI_SAD_XX__AUDIO_1062_TAI_ANG_XX_styletts,track1,1,crema_1062,ANG,SAD,-1,1,1,1,,data\preprocessed\features\z_at\FAKE_T1_1062_TAI_SAD_XX__AUDIO_1062_TAI_ANG_XX_styletts.pt,data\preprocessed\features\z_v\FAKE_T1_1062_TAI_SAD_XX__AUDIO_1062_TAI_ANG_XX_styletts.pt
FAKE_T1_1062_TIE_FEA_XX__AUDIO_1062_TIE_HAP_XX_styletts,track1,1,crema_1062,HAP,FEA,-1,1,1,1,,data\preprocessed\features\z_at\FAKE_T1_1062_TIE_FEA_XX__AUDIO_1062_TIE_HAP_XX_styletts.pt,data\preprocessed\features\z_v\FAKE_T1_1062_TIE_FEA_XX__AUDIO_1062_TIE_HAP_XX_styletts.pt
FAKE_T1_1062_TSI_ANG_XX__AUDIO_1062_TSI_DIS_XX_styletts,track1,1,crema_1062,DIS,ANG,-1,1,1,1,,data\preprocessed\features\z_at\FAKE_T1_1062_TSI_ANG_XX__AUDIO_1062_TSI_DIS_XX_styletts.pt,data\preprocessed\features\z_v\FAKE_T1_1062_TSI_ANG_XX__AUDIO_1062_TSI_DIS_XX_styletts.pt
FAKE_T1_1062_WSI_HAP_XX__AUDIO_1062_WSI_NEU_XX_styletts,track1,1,crema_1062,NEU,HAP,-1,1,1,1,,data\preprocessed\features\z_at\FAKE_T1_1062_WSI_HAP_XX__AUDIO_1062_WSI_NEU_XX_styletts.pt,data\preprocessed\features\z_v\FAKE_T1_1062_WSI_HAP_XX__AUDIO_1062_WSI_NEU_XX_styletts.pt
FAKE_T1_1062_WSI_SAD_XX__AUDIO_1062_WSI_ANG_XX_styletts,track1,1,crema_1062,ANG,SAD,-1,1,1,1,,data\preprocessed\features\z_at\FAKE_T1_1062_WSI_SAD_XX__AUDIO_1062_WSI_ANG_XX_styletts.pt,data\preprocessed\features\z_v\FAKE_T1_1062_WSI_SAD_XX__AUDIO_1062_WSI_ANG_XX_styletts.pt
FAKE_T1_1064_IEO_FEA_HI__AUDIO_1064_IEO_HAP_HI_styletts,track1,1,crema_1064,HAP,FEA,-1,1,1,1,,data\preprocessed\features\z_at\FAKE_T1_1064_IEO_FEA_HI__AUDIO_1064_IEO_HAP_HI_styletts.pt,data\preprocessed\features\z_v\FAKE_T1_1064_IEO_FEA_HI__AUDIO_1064_IEO_HAP_HI_styletts.pt
FAKE_T1_1064_IEO_FEA_MD__AUDIO_1064_IEO_HAP_MD_styletts,track1,1,crema_1064,HAP,FEA,-1,1,1,1,,data\preprocessed\features\z_at\FAKE_T1_1064_IEO_FEA_MD__AUDIO_1064_IEO_HAP_MD_styletts.pt,data\preprocessed\features\z_v\FAKE_T1_1064_IEO_FEA_MD__AUDIO_1064_IEO_HAP_MD_styletts.pt
FAKE_T1_1064_IEO_HAP_LO__AUDIO_1064_IEO_NEU_XX_styletts,track1,1,crema_1064,NEU,HAP,-1,1,1,1,,data\preprocessed\features\z_at\FAKE_T1_1064_IEO_HAP_LO__AUDIO_1064_IEO_NEU_XX_styletts.pt,data\preprocessed\features\z_v\FAKE_T1_1064_IEO_HAP_LO__AUDIO_1064_IEO_NEU_XX_styletts.pt
FAKE_T1_1064_IOM_ANG_XX__AUDIO_1064_IOM_DIS_XX_styletts,track1,1,crema_1064,DIS,ANG,-1,1,1,1,,data\preprocessed\features\z_at\FAKE_T1_1064_IOM_ANG_XX__AUDIO_1064_IOM_DIS_XX_styletts.pt,data\preprocessed\features\z_v\FAKE_T1_1064_IOM_ANG_XX__AUDIO_1064_IOM_DIS_XX_styletts.pt
FAKE_T1_1064_IOM_FEA_XX__AUDIO_1064_IOM_HAP_XX_styletts,track1,1,crema_1064,HAP,FEA,-1,1,1,1,,data\preprocessed\features\z_at\FAKE_T1_1064_IOM_FEA_XX__AUDIO_1064_IOM_HAP_XX_styletts.pt,data\preprocessed\features\z_v\FAKE_T1_1064_IOM_FEA_XX__AUDIO_1064_IOM_HAP_XX_styletts.pt
FAKE_T1_1064_IOM_SAD_XX__AUDIO_1064_IOM_ANG_XX_styletts,track1,1,crema_1064,ANG,SAD,-1,1,1,1,,data\preprocessed\features\z_at\FAKE_T1_1064_IOM_SAD_XX__AUDIO_1064_IOM_ANG_XX_styletts.pt,data\preprocessed\features\z_v\FAKE_T1_1064_IOM_SAD_XX__AUDIO_1064_IOM_ANG_XX_styletts.pt
FAKE_T1_1064_ITH_HAP_XX__AUDIO_1064_ITH_NEU_XX_styletts,track1,1,crema_1064,NEU,HAP,-1,1,1,1,,data\preprocessed\features\z_at\FAKE_T1_1064_ITH_HAP_XX__AUDIO_1064_ITH_NEU_XX_styletts.pt,data\preprocessed\features\z_v\FAKE_T1_1064_ITH_HAP_XX__AUDIO_1064_ITH_NEU_XX_styletts.pt
FAKE_T1_1064_ITS_DIS_XX__AUDIO_1064_ITS_FEA_XX_styletts,track1,1,crema_1064,FEA,DIS,-1,1,1,1,,data\preprocessed\features\z_at\FAKE_T1_1064_ITS_DIS_XX__AUDIO_1064_ITS_FEA_XX_styletts.pt,data\preprocessed\features\z_v\FAKE_T1_1064_ITS_DIS_XX__AUDIO_1064_ITS_FEA_XX_styletts.pt
FAKE_T1_1064_IWL_ANG_XX__AUDIO_1064_IWL_DIS_XX_styletts,track1,1,crema_1064,DIS,ANG,-1,1,1,1,,data\preprocessed\features\z_at\FAKE_T1_1064_IWL_ANG_XX__AUDIO_1064_IWL_DIS_XX_styletts.pt,data\preprocessed\features\z_v\FAKE_T1_1064_IWL_ANG_XX__AUDIO_1064_IWL_DIS_XX_styletts.pt
FAKE_T1_1064_MTI_DIS_XX__AUDIO_1064_MTI_FEA_XX_styletts,track1,1,crema_1064,FEA,DIS,-1,1,1,1,,data\preprocessed\features\z_at\FAKE_T1_1064_MTI_DIS_XX__AUDIO_1064_MTI_FEA_XX_styletts.pt,data\preprocessed\features\z_v\FAKE_T1_1064_MTI_DIS_XX__AUDIO_1064_MTI_FEA_XX_styletts.pt
FAKE_T1_1064_MTI_HAP_XX__AUDIO_1064_MTI_NEU_XX_styletts,track1,1,crema_1064,NEU,HAP,-1,1,1,1,,data\preprocessed\features\z_at\FAKE_T1_1064_MTI_HAP_XX__AUDIO_1064_MTI_NEU_XX_styletts.pt,data\preprocessed\features\z_v\FAKE_T1_1064_MTI_HAP_XX__AUDIO_1064_MTI_NEU_XX_styletts.pt
FAKE_T1_1064_TAI_ANG_XX__AUDIO_1064_TAI_DIS_XX_styletts,track1,1,crema_1064,DIS,ANG,-1,1,1,1,,data\preprocessed\features\z_at\FAKE_T1_1064_TAI_ANG_XX__AUDIO_1064_TAI_DIS_XX_styletts.pt,data\preprocessed\features\z_v\FAKE_T1_1064_TAI_ANG_XX__AUDIO_1064_TAI_DIS_XX_styletts.pt
FAKE_T1_1064_TAI_DIS_XX__AUDIO_1064_TAI_FEA_XX_styletts,track1,1,crema_1064,FEA,DIS,-1,1,1,1,,data\preprocessed\features\z_at\FAKE_T1_1064_TAI_DIS_XX__AUDIO_1064_TAI_FEA_XX_styletts.pt,data\preprocessed\features\z_v\FAKE_T1_1064_TAI_DIS_XX__AUDIO_1064_TAI_FEA_XX_styletts.pt
FAKE_T1_1064_TSI_HAP_XX__AUDIO_1064_TSI_NEU_XX_styletts,track1,1,crema_1064,NEU,HAP,-1,1,1,1,,data\preprocessed\features\z_at\FAKE_T1_1064_TSI_HAP_XX__AUDIO_1064_TSI_NEU_XX_styletts.pt,data\preprocessed\features\z_v\FAKE_T1_1064_TSI_HAP_XX__AUDIO_1064_TSI_NEU_XX_styletts.pt
FAKE_T1_1064_WSI_FEA_XX__AUDIO_1064_WSI_HAP_XX_styletts,track1,1,crema_1064,HAP,FEA,-1,1,1,1,,data\preprocessed\features\z_at\FAKE_T1_1064_WSI_FEA_XX__AUDIO_1064_WSI_HAP_XX_styletts.pt,data\preprocessed\features\z_v\FAKE_T1_1064_WSI_FEA_XX__AUDIO_1064_WSI_HAP_XX_styletts.pt
FAKE_T1_1064_WSI_HAP_XX__AUDIO_1064_WSI_NEU_XX_styletts,track1,1,crema_1064,NEU,HAP,-1,1,1,1,,data\preprocessed\features\z_at\FAKE_T1_1064_WSI_HAP_XX__AUDIO_1064_WSI_NEU_XX_styletts.pt,data\preprocessed\features\z_v\FAKE_T1_1064_WSI_HAP_XX__AUDIO_1064_WSI_NEU_XX_styletts.pt
FAKE_T1_1065_DFA_HAP_XX__AUDIO_1065_DFA_NEU_XX_styletts,track1,1,crema_1065,NEU,HAP,-1,1,1,1,,data\preprocessed\features\z_at\FAKE_T1_1065_DFA_HAP_XX__AUDIO_1065_DFA_NEU_XX_styletts.pt,data\preprocessed\features\z_v\FAKE_T1_1065_DFA_HAP_XX__AUDIO_1065_DFA_NEU_XX_styletts.pt
FAKE_T1_1065_DFA_NEU_XX__AUDIO_1065_DFA_SAD_XX_styletts,track1,1,crema_1065,SAD,NEU,-1,1,1,1,,data\preprocessed\features\z_at\FAKE_T1_1065_DFA_NEU_XX__AUDIO_1065_DFA_SAD_XX_styletts.pt,data\preprocessed\features\z_v\FAKE_T1_1065_DFA_NEU_XX__AUDIO_1065_DFA_SAD_XX_styletts.pt
FAKE_T1_1065_IEO_HAP_HI__AUDIO_1065_IEO_NEU_XX_styletts,track1,1,crema_1065,NEU,HAP,-1,1,1,1,,data\preprocessed\features\z_at\FAKE_T1_1065_IEO_HAP_HI__AUDIO_1065_IEO_NEU_XX_styletts.pt,data\preprocessed\features\z_v\FAKE_T1_1065_IEO_HAP_HI__AUDIO_1065_IEO_NEU_XX_styletts.pt
