clip_id,source_pipeline,fake_label,speaker_id,audio_emotion,visual_emotion,sarcasm_label,has_z_at,has_z_v,is_ready_for_training,video_path,z_at_path,z_v_path
FAKE_T2_1030_ITS_HAP_XX__AUDIO_1030_ITS_NEU_XX_wav2lip,track2,1,crema_1030,NEU,HAP,-1,1,1,1,,data\preprocessed\features\z_at\FAKE_T2_1030_ITS_HAP_XX__AUDIO_1030_ITS_NEU_XX_wav2lip.pt,data\preprocessed\features\z_v\FAKE_T2_1030_ITS_HAP_XX__AUDIO_1030_ITS_NEU_XX_wav2lip.pt
FAKE_T2_1030_ITS_NEU_XX__AUDIO_1030_ITS_SAD_XX_wav2lip,track2,1,crema_1030,SAD,NEU,-1,1,1,1,,data\preprocessed\features\z_at\FAKE_T2_1030_ITS_NEU_XX__AUDIO_1030_ITS_SAD_XX_wav2lip.pt,data\preprocessed\features\z_v\FAKE_T2_1030_ITS_NEU_XX__AUDIO_1030_ITS_SAD_XX_wav2lip.pt
FAKE_T2_1030_IWL_ANG_XX__AUDIO_1030_IWL_DIS_XX_wav2lip,track2,1,crema_1030,DIS,ANG,-1,1,1,1,,data\preprocessed\features\z_at\FAKE_T2_1030_IWL_ANG_XX__AUDIO_1030_IWL_DIS_XX_wav2lip.pt,data\preprocessed\features\z_v\FAKE_T2_1030_IWL_ANG_XX__AUDIO_1030_IWL_DIS_XX_wav2lip.pt
FAKE_T2_1030_IWW_NEU_XX__AUDIO_1030_IWW_SAD_XX_wav2lip,track2,1,crema_1030,SAD,NEU,-1,1,1,1,,data\preprocessed\features\z_at\FAKE_T2_1030_IWW_NEU_XX__AUDIO_1030_IWW_SAD_XX_wav2lip.pt,data\preprocessed\features\z_v\FAKE_T2_1030_IWW_NEU_XX__AUDIO_1030_IWW_SAD_XX_wav2lip.pt
FAKE_T2_1030_MTI_ANG_XX__AUDIO_1030_MTI_DIS_XX_wav2lip,track2,1,crema_1030,DIS,ANG,-1,1,1,1,,data\preprocessed\features\z_at\FAKE_T2_1030_MTI_ANG_XX__AUDIO_1030_MTI_DIS_XX_wav2lip.pt,data\preprocessed\features\z_v\FAKE_T2_1030_MTI_ANG_XX__AUDIO_1030_MTI_DIS_XX_wav2lip.pt
FAKE_T2_1030_MTI_NEU_XX__AUDIO_1030_MTI_SAD_XX_wav2lip,track2,1,crema_1030,SAD,NEU,-1,1,1,1,,data\preprocessed\features\z_at\FAKE_T2_1030_MTI_NEU_XX__AUDIO_1030_MTI_SAD_XX_wav2lip.pt,data\preprocessed\features\z_v\FAKE_T2_1030_MTI_NEU_XX__AUDIO_1030_MTI_SAD_XX_wav2lip.pt
FAKE_T2_1030_TAI_ANG_XX__AUDIO_1030_TAI_DIS_XX_wav2lip,track2,1,crema_1030,DIS,ANG,-1,1,1,1,,data\preprocessed\features\z_at\FAKE_T2_1030_TAI_ANG_XX__AUDIO_1030_TAI_DIS_XX_wav2lip.pt,data\preprocessed\features\z_v\FAKE_T2_1030_TAI_ANG_XX__AUDIO_1030_TAI_DIS_XX_wav2lip.pt
FAKE_T2_1030_TAI_DIS_XX__AUDIO_1030_TAI_FEA_XX_wav2lip,track2,1,crema_1030,FEA,DIS,-1,1,1,1,,data\preprocessed\features\z_at\FAKE_T2_1030_TAI_DIS_XX__AUDIO_1030_TAI_FEA_XX_wav2lip.pt,data\preprocessed\features\z_v\FAKE_T2_1030_TAI_DIS_XX__AUDIO_1030_TAI_FEA_XX_wav2lip.pt
FAKE_T2_1030_TAI_SAD_XX__AUDIO_1030_TAI_ANG_XX_wav2lip,track2,1,crema_1030,ANG,SAD,-1,1,1,1,,data\preprocessed\features\z_at\FAKE_T2_1030_TAI_SAD_XX__AUDIO_1030_TAI_ANG_XX_wav2lip.pt,data\preprocessed\features\z_v\FAKE_T2_1030_TAI_SAD_XX__AUDIO_1030_TAI_ANG_XX_wav2lip.pt
FAKE_T2_1030_TIE_ANG_XX__AUDIO_1030_TIE_DIS_XX_wav2lip,track2,1,crema_1030,DIS,ANG,-1,1,1,1,,data\preprocessed\features\z_at\FAKE_T2_1030_TIE_ANG_XX__AUDIO_1030_TIE_DIS_XX_wav2lip.pt,data\preprocessed\features\z_v\FAKE_T2_1030_TIE_ANG_XX__AUDIO_1030_TIE_DIS_XX_wav2lip.pt
FAKE_T2_1030_TSI_FEA_XX__AUDIO_1030_TSI_HAP_XX_wav2lip,track2,1,crema_1030,HAP,FEA,-1,1,1,1,,data\preprocessed\features\z_at\FAKE_T2_1030_TSI_FEA_XX__AUDIO_1030_TSI_HAP_XX_wav2lip.pt,data\preprocessed\features\z_v\FAKE_T2_1030_TSI_FEA_XX__AUDIO_1030_TSI_HAP_XX_wav2lip.pt
FAKE_T2_1030_WSI_NEU_XX__AUDIO_1030_WSI_SAD_XX_wav2lip,track2,1,crema_1030,SAD,NEU,-1,1,1,1,,data\preprocessed\features\z_at\FAKE_T2_1030_WSI_NEU_XX__AUDIO_1030_WSI_SAD_XX_wav2lip.pt,data\preprocessed\features\z_v\FAKE_T2_1030_WSI_NEU_XX__AUDIO_1030_WSI_SAD_XX_wav2lip.pt
FAKE_T2_1030_WSI_SAD_XX__AUDIO_1030_WSI_ANG_XX_wav2lip,track2,1,crema_1030,ANG,SAD,-1,1,1,1,,data\preprocessed\features\z_at\FAKE_T2_1030_WSI_SAD_XX__AUDIO_1030_WSI_ANG_XX_wav2lip.pt,data\preprocessed\features\z_v\FAKE_T2_1030_WSI_SAD_XX__AUDIO_1030_WSI_ANG_XX_wav2lip.pt
FAKE_T2_1031_DFA_ANG_XX__AUDIO_1031_DFA_DIS_XX_wav2lip,track2,1,crema_1031,DIS,ANG,-1,1,1,1,,data\preprocessed\features\z_at\FAKE_T2_1031_DFA_ANG_XX__AUDIO_1031_DFA_DIS_XX_wav2lip.pt,data\preprocessed\features\z_v\FAKE_T2_1031_DFA_ANG_XX__AUDIO_1031_DFA_DIS_XX_wav2lip.pt
FAKE_T2_1031_DFA_DIS_XX__AUDIO_1031_DFA_FEA_XX_wav2lip,track2,1,crema_1031,FEA,DIS,-1,1,1,1,,data\preprocessed\features\z_at\FAKE_T2_1031_DFA_DIS_XX__AUDIO_1031_DFA_FEA_XX_wav2lip.pt,data\preprocessed\features\z_v\FAKE_T2_1031_DFA_DIS_XX__AUDIO_1031_DFA_FEA_XX_wav2lip.pt
FAKE_T2_1031_IEO_DIS_HI__AUDIO_1031_IEO_FEA_HI_wav2lip,track2,1,crema_1031,FEA,DIS,-1,1,1,1,,data\preprocessed\features\z_at\FAKE_T2_1031_IEO_DIS_HI__AUDIO_1031_IEO_FEA_HI_wav2lip.pt,data\preprocessed\features\z_v\FAKE_T2_1031_IEO_DIS_HI__AUDIO_1031_IEO_FEA_HI_wav2lip.pt
FAKE_T2_1031_IEO_FEA_LO__AUDIO_1031_IEO_HAP_LO_wav2lip,track2,1,crema_1031,HAP,FEA,-1,1,1,1,,data\preprocessed\features\z_at\FAKE_T2_1031_IEO_FEA_LO__AUDIO_1031_IEO_HAP_LO_wav2lip.pt,data\preprocessed\features\z_v\FAKE_T2_1031_IEO_FEA_LO__AUDIO_1031_IEO_HAP_LO_wav2lip.pt
FAKE_T2_1031_IEO_NEU_XX__AUDIO_1031_IEO_SAD_HI_wav2lip,track2,1,crema_1031,SAD,NEU,-1,1,1,1,,data\preprocessed\features\z_at\FAKE_T2_1031_IEO_NEU_XX__AUDIO_1031_IEO_SAD_HI_wav2lip.pt,data\preprocessed\features\z_v\FAKE_T2_1031_IEO_NEU_XX__AUDIO_1031_IEO_SAD_HI_wav2lip.pt
FAKE_T2_1031_ITH_ANG_XX__AUDIO_1031_ITH_DIS_XX_wav2lip,track2,1,crema_1031,DIS,ANG,-1,1,1,1,,data\preprocessed\features\z_at\FAKE_T2_1031_ITH_ANG_XX__AUDIO_1031_ITH_DIS_XX_wav2lip.pt,data\preprocessed\features\z_v\FAKE_T2_1031_ITH_ANG_XX__AUDIO_1031_ITH_DIS_XX_wav2lip.pt
FAKE_T2_1031_ITH_HAP_XX__AUDIO_1031_ITH_NEU_XX_wav2lip,track2,1,crema_1031,NEU,HAP,-1,1,1,1,,data\preprocessed\features\z_at\FAKE_T2_1031_ITH_HAP_XX__AUDIO_1031_ITH_NEU_XX_wav2lip.pt,data\preprocessed\features\z_v\FAKE_T2_1031_ITH_HAP_XX__AUDIO_1031_ITH_NEU_XX_wav2lip.pt
FAKE_T2_1031_ITS_DIS_XX__AUDIO_1031_ITS_FEA_XX_wav2lip,track2,1,crema_1031,FEA,DIS,-1,1,1,1,,data\preprocessed\features\z_at\FAKE_T2_1031_ITS_DIS_XX__AUDIO_1031_ITS_FEA_XX_wav2lip.pt,data\preprocessed\features\z_v\FAKE_T2_1031_ITS_DIS_XX__AUDIO_1031_ITS_FEA_XX_wav2lip.pt
FAKE_T2_1031_ITS_FEA_XX__AUDIO_1031_ITS_HAP_XX_wav2lip,track2,1,crema_1031,HAP,FEA,-1,1,1,1,,data\preprocessed\features\z_at\FAKE_T2_1031_ITS_FEA_XX__AUDIO_1031_ITS_HAP_XX_wav2lip.pt,data\preprocessed\features\z_v\FAKE_T2_1031_ITS_FEA_XX__AUDIO_1031_ITS_HAP_XX_wav2lip.pt
FAKE_T2_1031_ITS_SAD_XX__AUDIO_1031_ITS_ANG_XX_wav2lip,track2,1,crema_1031,ANG,SAD,-1,1,1,1,,data\preprocessed\features\z_at\FAKE_T2_1031_ITS_SAD_XX__AUDIO_1031_ITS_ANG_XX_wav2lip.pt,data\preprocessed\features\z_v\FAKE_T2_1031_ITS_SAD_XX__AUDIO_1031_ITS_ANG_XX_wav2lip.pt
FAKE_T2_1031_IWL_DIS_XX__AUDIO_1031_IWL_FEA_XX_wav2lip,track2,1,crema_1031,FEA,DIS,-1,1,1,1,,data\preprocessed\features\z_at\FAKE_T2_1031_IWL_DIS_XX__AUDIO_1031_IWL_FEA_XX_wav2lip.pt,data\preprocessed\features\z_v\FAKE_T2_1031_IWL_DIS_XX__AUDIO_1031_IWL_FEA_XX_wav2lip.pt
FAKE_T2_1031_IWL_SAD_XX__AUDIO_1031_IWL_ANG_XX_wav2lip,track2,1,crema_1031,ANG,SAD,-1,1,1,1,,data\preprocessed\features\z_at\FAKE_T2_1031_IWL_SAD_XX__AUDIO_1031_IWL_ANG_XX_wav2lip.pt,data\preprocessed\features\z_v\FAKE_T2_1031_IWL_SAD_XX__AUDIO_1031_IWL_ANG_XX_wav2lip.pt
FAKE_T2_1031_IWW_ANG_XX__AUDIO_1031_IWW_DIS_XX_wav2lip,track2,1,crema_1031,DIS,ANG,-1,1,1,1,,data\preprocessed\features\z_at\FAKE_T2_1031_IWW_ANG_XX__AUDIO_1031_IWW_DIS_XX_wav2lip.pt,data\preprocessed\features\z_v\FAKE_T2_1031_IWW_ANG_XX__AUDIO_1031_IWW_DIS_XX_wav2lip.pt
FAKE_T2_1031_IWW_DIS_XX__AUDIO_1031_IWW_FEA_XX_wav2lip,track2,1,crema_1031,FEA,DIS,-1,1,1,1,,data\preprocessed\features\z_at\FAKE_T2_1031_IWW_DIS_XX__AUDIO_1031_IWW_FEA_XX_wav2lip.pt,data\preprocessed\features\z_v\FAKE_T2_1031_IWW_DIS_XX__AUDIO_1031_IWW_FEA_XX_wav2lip.pt
FAKE_T2_1031_IWW_FEA_XX__AUDIO_1031_IWW_HAP_XX_wav2lip,track2,1,crema_1031,HAP,FEA,-1,1,1,1,,data\preprocessed\features\z_at\FAKE_T2_1031_IWW_FEA_XX__AUDIO_1031_IWW_HAP_XX_wav2lip.pt,data\preprocessed\features\z_v\FAKE_T2_1031_IWW_FEA_XX__AUDIO_1031_IWW_HAP_XX_wav2lip.pt
FAKE_T2_1031_IWW_NEU_XX__AUDIO_1031_IWW_SAD_XX_wav2lip,track2,1,crema_1031,SAD,NEU,-1,1,1,1,,data\preprocessed\features\z_at\FAKE_T2_1031_IWW_NEU_XX__AUDIO_1031_IWW_SAD_XX_wav2lip.pt,data\preprocessed\features\z_v\FAKE_T2_1031_IWW_NEU_XX__AUDIO_1031_IWW_SAD_XX_wav2lip.pt
FAKE_T2_1031_MTI_DIS_XX__AUDIO_1031_MTI_FEA_XX_wav2lip,track2,1,crema_1031,FEA,DIS,-1,1,1,1,,data\preprocessed\features\z_at\FAKE_T2_1031_MTI_DIS_XX__AUDIO_1031_MTI_FEA_XX_wav2lip.pt,data\preprocessed\features\z_v\FAKE_T2_1031_MTI_DIS_XX__AUDIO_1031_MTI_FEA_XX_wav2lip.pt
FAKE_T2_1031_MTI_NEU_XX__AUDIO_1031_MTI_SAD_XX_wav2lip,track2,1,crema_1031,SAD,NEU,-1,1,1,1,,data\preprocessed\features\z_at\FAKE_T2_1031_MTI_NEU_XX__AUDIO_1031_MTI_SAD_XX_wav2lip.pt,data\preprocessed\features\z_v\FAKE_T2_1031_MTI_NEU_XX__AUDIO_1031_MTI_SAD_XX_wav2lip.pt
FAKE_T2_1031_MTI_SAD_XX__AUDIO_1031_MTI_ANG_XX_wav2lip,track2,1,crema_1031,ANG,SAD,-1,1,1,1,,data\preprocessed\features\z_at\FAKE_T2_1031_MTI_SAD_XX__AUDIO_1031_MTI_ANG_XX_wav2lip.pt,data\preprocessed\features\z_v\FAKE_T2_1031_MTI_SAD_XX__AUDIO_1031_MTI_ANG_XX_wav2lip.pt
FAKE_T2_1031_TAI_ANG_XX__AUDIO_1031_TAI_DIS_XX_wav2lip,track2,1,crema_1031,DIS,ANG,-1,1,1,1,,data\preprocessed\features\z_at\FAKE_T2_1031_TAI_ANG_XX__AUDIO_1031_TAI_DIS_XX_wav2lip.pt,data\preprocessed\features\z_v\FAKE_T2_1031_TAI_ANG_XX__AUDIO_1031_TAI_DIS_XX_wav2lip.pt
FAKE_T2_1031_TAI_DIS_XX__AUDIO_1031_TAI_FEA_XX_wav2lip,track2,1,crema_1031,FEA,DIS,-1,1,1,1,,data\preprocessed\features\z_at\FAKE_T2_1031_TAI_DIS_XX__AUDIO_1031_TAI_FEA_XX_wav2lip.pt,data\preprocessed\features\z_v\FAKE_T2_1031_TAI_DIS_XX__AUDIO_1031_TAI_FEA_XX_wav2lip.pt
FAKE_T2_1031_TIE_DIS_XX__AUDIO_1031_TIE_FEA_XX_wav2lip,track2,1,crema_1031,FEA,DIS,-1,1,1,1,,data\preprocessed\features\z_at\FAKE_T2_1031_TIE_DIS_XX__AUDIO_1031_TIE_FEA_XX_wav2lip.pt,data\preprocessed\features\z_v\FAKE_T2_1031_TIE_DIS_XX__AUDIO_1031_TIE_FEA_XX_wav2lip.pt
FAKE_T2_1031_TIE_NEU_XX__AUDIO_1031_TIE_SAD_XX_wav2lip,track2,1,crema_1031,SAD,NEU,-1,1,1,1,,data\preprocessed\features\z_at\FAKE_T2_1031_TIE_NEU_XX__AUDIO_1031_TIE_SAD_XX_wav2lip.pt,data\preprocessed\features\z_v\FAKE_T2_1031_TIE_NEU_XX__AUDIO_1031_TIE_SAD_XX_wav2lip.pt
FAKE_T2_1031_TSI_SAD_XX__AUDIO_1031_TSI_ANG_XX_wav2lip,track2,1,crema_1031,ANG,SAD,-1,1,1,1,,data\preprocessed\features\z_at\FAKE_T2_1031_TSI_SAD_XX__AUDIO_1031_TSI_ANG_XX_wav2lip.pt,data\preprocessed\features\z_v\FAKE_T2_1031_TSI_SAD_XX__AUDIO_1031_TSI_ANG_XX_wav2lip.pt
FAKE_T2_1031_WSI_NEU_XX__AUDIO_1031_WSI_SAD_XX_wav2lip,track2,1,crema_1031,SAD,NEU,-1,1,1,1,,data\preprocessed\features\z_at\FAKE_T2_1031_WSI_NEU_XX__AUDIO_1031_WSI_SAD_XX_wav2lip.pt,data\preprocessed\features\z_v\FAKE_T2_1031_WSI_NEU_XX__AUDIO_1031_WSI_SAD_XX_wav2lip.pt
FAKE_T2_1032_DFA_ANG_XX__AUDIO_1032_DFA_DIS_XX_wav2lip,track2,1,crema_1032,DIS,ANG,-1,1,1,1,,data\preprocessed\features\z_at\FAKE_T2_1032_DFA_ANG_XX__AUDIO_1032_DFA_DIS_XX_wav2lip.pt,data\preprocessed\features\z_v\FAKE_T2_1032_DFA_ANG_XX__AUDIO_1032_DFA_DIS_XX_wav2lip.pt
FAKE_T2_1032_DFA_FEA_XX__AUDIO_1032_DFA_HAP_XX_wav2lip,track2,1,crema_1032,HAP,FEA,-1,1,1,1,,data\preprocessed\features\z_at\FAKE_T2_1032_DFA_FEA_XX__AUDIO_1032_DFA_HAP_XX_wav2lip.pt,data\preprocessed\features\z_v\FAKE_T2_1032_DFA_FEA_XX__AUDIO_1032_DFA_HAP_XX_wav2lip.pt
FAKE_T2_1032_DFA_NEU_XX__AUDIO_1032_DFA_SAD_XX_wav2lip,track2,1,crema_1032,SAD,NEU,-1,1,1,1,,data\preprocessed\features\z_at\FAKE_T2_1032_DFA_NEU_XX__AUDIO_1032_DFA_SAD_XX_wav2lip.pt,data\preprocessed\features\z_v\FAKE_T2_1032_DFA_NEU_XX__AUDIO_1032_DFA_SAD_XX_wav2lip.pt
FAKE_T2_1032_DFA_SAD_XX__AUDIO_1032_DFA_ANG_XX_wav2lip,track2,1,crema_1032,ANG,SAD,-1,1,1,1,,data\preprocessed\features\z_at\FAKE_T2_1032_DFA_SAD_XX__AUDIO_1032_DFA_ANG_XX_wav2lip.pt,data\preprocessed\features\z_v\FAKE_T2_1032_DFA_SAD_XX__AUDIO_1032_DFA_ANG_XX_wav2lip.pt
FAKE_T2_1032_IEO_ANG_LO__AUDIO_1032_IEO_DIS_LO_wav2lip,track2,1,crema_1032,DIS,ANG,-1,1,1,1,,data\preprocessed\features\z_at\FAKE_T2_1032_IEO_ANG_LO__AUDIO_1032_IEO_DIS_LO_wav2lip.pt,data\preprocessed\features\z_v\FAKE_T2_1032_IEO_ANG_LO__AUDIO_1032_IEO_DIS_LO_wav2lip.pt
FAKE_T2_1032_IEO_DIS_HI__AUDIO_1032_IEO_FEA_HI_wav2lip,track2,1,crema_1032,FEA,DIS,-1,1,1,1,,data\preprocessed\features\z_at\FAKE_T2_1032_IEO_DIS_HI__AUDIO_1032_IEO_FEA_HI_wav2lip.pt,data\preprocessed\features\z_v\FAKE_T2_1032_IEO_DIS_HI__AUDIO_1032_IEO_FEA_HI_wav2lip.pt
FAKE_T2_1032_IEO_DIS_MD__AUDIO_1032_IEO_FEA_MD_wav2lip,track2,1,crema_1032,FEA,DIS,-1,1,1,1,,data\preprocessed\features\z_at\FAKE_T2_1032_IEO_DIS_MD__AUDIO_1032_IEO_FEA_MD_wav2lip.pt,data\preprocessed\features\z_v\FAKE_T2_1032_IEO_DIS_MD__AUDIO_1032_IEO_FEA_MD_wav2lip.pt
FAKE_T2_1032_IEO_HAP_HI__AUDIO_1032_IEO_NEU_XX_wav2lip,track2,1,crema_1032,NEU,HAP,-1,1,1,1,,data\preprocessed\features\z_at\FAKE_T2_1032_IEO_HAP_HI__AUDIO_1032_IEO_NEU_XX_wav2lip.pt,data\preprocessed\features\z_v\FAKE_T2_1032_IEO_HAP_HI__AUDIO_1032_IEO_NEU_XX_wav2lip.pt
FAKE_T2_1032_IEO_HAP_LO__AUDIO_1032_IEO_NEU_XX_wav2lip,track2,1,crema_1032,NEU,HAP,-1,1,1,1,,data\preprocessed\features\z_at\FAKE_T2_1032_IEO_HAP_LO__AUDIO_1032_IEO_NEU_XX_wav2lip.pt,data\preprocessed\features\z_v\FAKE_T2_1032_IEO_HAP_LO__AUDIO_1032_IEO_NEU_XX_wav2lip.pt
FAKE_T2_1032_IOM_ANG_XX__AUDIO_1032_IOM_DIS_XX_wav2lip,track2,1,crema_1032,DIS,ANG,-1,1,1,1,,data\preprocessed\features\z_at\FAKE_T2_1032_IOM_ANG_XX__AUDIO_1032_IOM_DIS_XX_wav2lip.pt,data\preprocessed\features\z_v\FAKE_T2_1032_IOM_ANG_XX__AUDIO_1032_IOM_DIS_XX_wav2lip.pt
FAKE_T2_1032_IOM_DIS_XX__AUDIO_1032_IOM_FEA_XX_wav2lip,track2,1,crema_1032,FEA,DIS,-1,1,1,1,,data\preprocessed\features\z_at\FAKE_T2_1032_IOM_DIS_XX__AUDIO_1032_IOM_FEA_XX_wav2lip.pt,data\preprocessed\features\z_v\FAKE_T2_1032_IOM_DIS_XX__AUDIO_1032_IOM_FEA_XX_wav2lip.pt
FAKE_T2_1032_IOM_HAP_XX__AUDIO_1032_IOM_NEU_XX_wav2lip,track2,1,crema_1032,NEU,HAP,-1,1,1,1,,data\preprocessed\features\z_at\FAKE_T2_1032_IOM_HAP_XX__AUDIO_1032_IOM_NEU_XX_wav2lip.pt,data\preprocessed\features\z_v\FAKE_T2_1032_IOM_HAP_XX__AUDIO_1032_IOM_NEU_XX_wav2lip.pt
FAKE_T2_1032_IWL_FEA_XX__AUDIO_1032_IWL_HAP_XX_wav2lip,track2,1,crema_1032,HAP,FEA,-1,1,1,1,,data\preprocessed\features\z_at\FAKE_T2_1032_IWL_FEA_XX__AUDIO_1032_IWL_HAP_XX_wav2lip.pt,data\preprocessed\features\z_v\FAKE_T2_1032_IWL_FEA_XX__AUDIO_1032_IWL_HAP_XX_wav2lip.pt
FAKE_T2_1032_IWL_SAD_XX__AUDIO_1032_IWL_ANG_XX_wav2lip,track2,1,crema_1032,ANG,SAD,-1,1,1,1,,data\preprocessed\features\z_at\FAKE_T2_1032_IWL_SAD_XX__AUDIO_1032_IWL_ANG_XX_wav2lip.pt,data\preprocessed\features\z_v\FAKE_T2_1032_IWL_SAD_XX__AUDIO_1032_IWL_ANG_XX_wav2lip.pt
FAKE_T2_1032_IWW_ANG_XX__AUDIO_1032_IWW_DIS_XX_wav2lip,track2,1,crema_1032,DIS,ANG,-1,1,1,1,,data\preprocessed\features\z_at\FAKE_T2_1032_IWW_ANG_XX__AUDIO_1032_IWW_DIS_XX_wav2lip.pt,data\preprocessed\features\z_v\FAKE_T2_1032_IWW_ANG_XX__AUDIO_1032_IWW_DIS_XX_wav2lip.pt
FAKE_T2_1032_IWW_NEU_XX__AUDIO_1032_IWW_SAD_XX_wav2lip,track2,1,crema_1032,SAD,NEU,-1,1,1,1,,data\preprocessed\features\z_at\FAKE_T2_1032_IWW_NEU_XX__AUDIO_1032_IWW_SAD_XX_wav2lip.pt,data\preprocessed\features\z_v\FAKE_T2_1032_IWW_NEU_XX__AUDIO_1032_IWW_SAD_XX_wav2lip.pt
FAKE_T2_1032_IWW_SAD_XX__AUDIO_1032_IWW_ANG_XX_wav2lip,track2,1,crema_1032,ANG,SAD,-1,1,1,1,,data\preprocessed\features\z_at\FAKE_T2_1032_IWW_SAD_XX__AUDIO_1032_IWW_ANG_XX_wav2lip.pt,data\preprocessed\features\z_v\FAKE_T2_1032_IWW_SAD_XX__AUDIO_1032_IWW_ANG_XX_wav2lip.pt
FAKE_T2_1032_MTI_ANG_XX__AUDIO_1032_MTI_DIS_XX_wav2lip,track2,1,crema_1032,DIS,ANG,-1,1,1,1,,data\preprocessed\features\z_at\FAKE_T2_1032_MTI_ANG_XX__AUDIO_1032_MTI_DIS_XX_wav2lip.pt,data\preprocessed\features\z_v\FAKE_T2_1032_MTI_ANG_XX__AUDIO_1032_MTI_DIS_XX_wav2lip.pt
FAKE_T2_1032_TAI_SAD_XX__AUDIO_1032_TAI_ANG_XX_wav2lip,track2,1,crema_1032,ANG,SAD,-1,1,1,1,,data\preprocessed\features\z_at\FAKE_T2_1032_TAI_SAD_XX__AUDIO_1032_TAI_ANG_XX_wav2lip.pt,data\preprocessed\features\z_v\FAKE_T2_1032_TAI_SAD_XX__AUDIO_1032_TAI_ANG_XX_wav2lip.pt
FAKE_T2_1032_TIE_NEU_XX__AUDIO_1032_TIE_SAD_XX_wav2lip,track2,1,crema_1032,SAD,NEU,-1,1,1,1,,data\preprocessed\features\z_at\FAKE_T2_1032_TIE_NEU_XX__AUDIO_1032_TIE_SAD_XX_wav2lip.pt,data\preprocessed\features\z_v\FAKE_T2_1032_TIE_NEU_XX__AUDIO_1032_TIE_SAD_XX_wav2lip.pt
FAKE_T2_1032_TSI_ANG_XX__AUDIO_1032_TSI_DIS_XX_wav2lip,track2,1,crema_1032,DIS,ANG,-1,1,1,1,,data\preprocessed\features\z_at\FAKE_T2_1032_TSI_ANG_XX__AUDIO_1032_TSI_DIS_XX_wav2lip.pt,data\preprocessed\features\z_v\FAKE_T2_1032_TSI_ANG_XX__AUDIO_1032_TSI_DIS_XX_wav2lip.pt
FAKE_T2_1032_TSI_DIS_XX__AUDIO_1032_TSI_FEA_XX_wav2lip,track2,1,crema_1032,FEA,DIS,-1,1,1,1,,data\preprocessed\features\z_at\FAKE_T2_1032_TSI_DIS_XX__AUDIO_1032_TSI_FEA_XX_wav2lip.pt,data\preprocessed\features\z_v\FAKE_T2_1032_TSI_DIS_XX__AUDIO_1032_TSI_FEA_XX_wav2lip.pt
FAKE_T2_1032_TSI_NEU_XX__AUDIO_1032_TSI_SAD_XX_wav2lip,track2,1,crema_1032,SAD,NEU,-1,1,1,1,,data\preprocessed\features\z_at\FAKE_T2_1032_TSI_NEU_XX__AUDIO_1032_TSI_SAD_XX_wav2lip.pt,data\preprocessed\features\z_v\FAKE_T2_1032_TSI_NEU_XX__AUDIO_1032_TSI_SAD_XX_wav2lip.pt
FAKE_T2_1032_WSI_DIS_XX__AUDIO_1032_WSI_FEA_XX_wav2lip,track2,1,crema_1032,FEA,DIS,-1,1,1,1,,data\preprocessed\features\z_at\FAKE_T2_1032_WSI_DIS_XX__AUDIO_1032_WSI_FEA_XX_wav2lip.pt,data\preprocessed\features\z_v\FAKE_T2_1032_WSI_DIS_XX__AUDIO_1032_WSI_FEA_XX_wav2lip.pt
FAKE_T2_1032_WSI_HAP_XX__AUDIO_1032_WSI_NEU_XX_wav2lip,track2,1,crema_1032,NEU,HAP,-1,1,1,1,,data\preprocessed\features\z_at\FAKE_T2_1032_WSI_HAP_XX__AUDIO_1032_WSI_NEU_XX_wav2lip.pt,data\preprocessed\features\z_v\FAKE_T2_1032_WSI_HAP_XX__AUDIO_1032_WSI_NEU_XX_wav2lip.pt
FAKE_T2_1034_DFA_HAP_XX__AUDIO_1034_DFA_NEU_XX_wav2lip,track2,1,crema_1034,NEU,HAP,-1,1,1,1,,data\preprocessed\features\z_at\FAKE_T2_1034_DFA_HAP_XX__AUDIO_1034_DFA_NEU_XX_wav2lip.pt,data\preprocessed\features\z_v\FAKE_T2_1034_DFA_HAP_XX__AUDIO_1034_DFA_NEU_XX_wav2lip.pt
FAKE_T2_1034_IEO_ANG_HI__AUDIO_1034_IEO_DIS_HI_wav2lip,track2,1,crema_1034,DIS,ANG,-1,1,1,1,,data\preprocessed\features\z_at\FAKE_T2_1034_IEO_ANG_HI__AUDIO_1034_IEO_DIS_HI_wav2lip.pt,data\preprocessed\features\z_v\FAKE_T2_1034_IEO_ANG_HI__AUDIO_1034_IEO_DIS_HI_wav2lip.pt
FAKE_T2_1034_IEO_DIS_HI__AUDIO_1034_IEO_FEA_HI_wav2lip,track2,1,crema_1034,FEA,DIS,-1,1,1,1,,data\preprocessed\features\z_at\FAKE_T2_1034_IEO_DIS_HI__AUDIO_1034_IEO_FEA_HI_wav2lip.pt,data\preprocessed\features\z_v\FAKE_T2_1034_IEO_DIS_HI__AUDIO_1034_IEO_FEA_HI_wav2lip.pt
FAKE_T2_1034_IOM_NEU_XX__AUDIO_1034_IOM_SAD_XX_wav2lip,track2,1,crema_1034,SAD,NEU,-1,1,1,1,,data\preprocessed\features\z_at\FAKE_T2_1034_IOM_NEU_XX__AUDIO_1034_IOM_SAD_XX_wav2lip.pt,data\preprocessed\features\z_v\FAKE_T2_1034_IOM_NEU_XX__AUDIO_1034_IOM_SAD_XX_wav2lip.pt
FAKE_T2_1034_ITH_FEA_XX__AUDIO_1034_ITH_HAP_XX_wav2lip,track2,1,crema_1034,HAP,FEA,-1,1,1,1,,data\preprocessed\features\z_at\FAKE_T2_1034_ITH_FEA_XX__AUDIO_1034_ITH_HAP_XX_wav2lip.pt,data\preprocessed\features\z_v\FAKE_T2_1034_ITH_FEA_XX__AUDIO_1034_ITH_HAP_XX_wav2lip.pt
FAKE_T2_1034_ITH_SAD_XX__AUDIO_1034_ITH_ANG_XX_wav2lip,track2,1,crema_1034,ANG,SAD,-1,1,1,1,,data\preprocessed\features\z_at\FAKE_T2_1034_ITH_SAD_XX__AUDIO_1034_ITH_ANG_XX_wav2lip.pt,data\preprocessed\features\z_v\FAKE_T2_1034_ITH_SAD_XX__AUDIO_1034_ITH_ANG_XX_wav2lip.pt
FAKE_T2_1034_ITS_ANG_XX__AUDIO_1034_ITS_DIS_XX_wav2lip,track2,1,crema_1034,DIS,ANG,-1,1,1,1,,data\preprocessed\features\z_at\FAKE_T2_1034_ITS_ANG_XX__AUDIO_1034_ITS_DIS_XX_wav2lip.pt,data\preprocessed\features\z_v\FAKE_T2_1034_ITS_ANG_XX__AUDIO_1034_ITS_DIS_XX_wav2lip.pt
FAKE_T2_1034_ITS_FEA_XX__AUDIO_1034_ITS_HAP_XX_wav2lip,track2,1,crema_1034,HAP,FEA,-1,1,1,1,,data\preprocessed\features\z_at\FAKE_T2_1034_ITS_FEA_XX__AUDIO_1034_ITS_HAP_XX_wav2lip.pt,data\preprocessed\features\z_v\FAKE_T2_1034_ITS_FEA_XX__AUDIO_1034_ITS_HAP_XX_wav2lip.pt
FAKE_T2_1034_ITS_HAP_XX__AUDIO_1034_ITS_NEU_XX_wav2lip,track2,1,crema_1034,NEU,HAP,-1,1,1,1,,data\preprocessed\features\z_at\FAKE_T2_1034_ITS_HAP_XX__AUDIO_1034_ITS_NEU_XX_wav2lip.pt,data\preprocessed\features\z_v\FAKE_T2_1034_ITS_HAP_XX__AUDIO_1034_ITS_NEU_XX_wav2lip.pt
FAKE_T2_1034_IWL_ANG_XX__AUDIO_1034_IWL_DIS_XX_wav2lip,track2,1,crema_1034,DIS,ANG,-1,1,1,1,,data\preprocessed\features\z_at\FAKE_T2_1034_IWL_ANG_XX__AUDIO_1034_IWL_DIS_XX_wav2lip.pt,data\preprocessed\features\z_v\FAKE_T2_1034_IWL_ANG_XX__AUDIO_1034_IWL_DIS_XX_wav2lip.pt
FAKE_T2_1034_IWL_DIS_XX__AUDIO_1034_IWL_FEA_XX_wav2lip,track2,1,crema_1034,FEA,DIS,-1,1,1,1,,data\preprocessed\features\z_at\FAKE_T2_1034_IWL_DIS_XX__AUDIO_1034_IWL_FEA_XX_wav2lip.pt,data\preprocessed\features\z_v\FAKE_T2_1034_IWL_DIS_XX__AUDIO_1034_IWL_FEA_XX_wav2lip.pt
FAKE_T2_1034_IWL_HAP_XX__AUDIO_1034_IWL_NEU_XX_wav2lip,track2,1,crema_1034,NEU,HAP,-1,1,1,1,,data\preprocessed\features\z_at\FAKE_T2_1034_IWL_HAP_XX__AUDIO_1034_IWL_NEU_XX_wav2lip.pt,data\preprocessed\features\z_v\FAKE_T2_1034_IWL_HAP_XX__AUDIO_1034_IWL_NEU_XX_wav2lip.pt
FAKE_T2_1034_IWW_DIS_XX__AUDIO_1034_IWW_FEA_XX_wav2lip,track2,1,crema_1034,FEA,DIS,-1,1,1,1,,data\preprocessed\features\z_at\FAKE_T2_1034_IWW_DIS_XX__AUDIO_1034_IWW_FEA_XX_wav2lip.pt,data\preprocessed\features\z_v\FAKE_T2_1034_IWW_DIS_XX__AUDIO_1034_IWW_FEA_XX_wav2lip.pt
FAKE_T2_1034_IWW_FEA_XX__AUDIO_1034_IWW_HAP_XX_wav2lip,track2,1,crema_1034,HAP,FEA,-1,1,1,1,,data\preprocessed\features\z_at\FAKE_T2_1034_IWW_FEA_XX__AUDIO_1034_IWW_HAP_XX_wav2lip.pt,data\preprocessed\features\z_v\FAKE_T2_1034_IWW_FEA_XX__AUDIO_1034_IWW_HAP_XX_wav2lip.pt
FAKE_T2_1034_IWW_HAP_XX__AUDIO_1034_IWW_NEU_XX_wav2lip,track2,1,crema_1034,NEU,HAP,-1,1,1,1,,data\preprocessed\features\z_at\FAKE_T2_1034_IWW_HAP_XX__AUDIO_1034_IWW_NEU_XX_wav2lip.pt,data\preprocessed\features\z_v\FAKE_T2_1034_IWW_HAP_XX__AUDIO_1034_IWW_NEU_XX_wav2lip.pt
FAKE_T2_1034_MTI_FEA_XX__AUDIO_1034_MTI_HAP_XX_wav2lip,track2,1,crema_1034,HAP,FEA,-1,1,1,1,,data\preprocessed\features\z_at\FAKE_T2_1034_MTI_FEA_XX__AUDIO_1034_MTI_HAP_XX_wav2lip.pt,data\preprocessed\features\z_v\FAKE_T2_1034_MTI_FEA_XX__AUDIO_1034_MTI_HAP_XX_wav2lip.pt
FAKE_T2_1034_TAI_DIS_XX__AUDIO_1034_TAI_FEA_XX_wav2lip,track2,1,crema_1034,FEA,DIS,-1,1,1,1,,data\preprocessed\features\z_at\FAKE_T2_1034_TAI_DIS_XX__AUDIO_1034_TAI_FEA_XX_wav2lip.pt,data\preprocessed\features\z_v\FAKE_T2_1034_TAI_DIS_XX__AUDIO_1034_TAI_FEA_XX_wav2lip.pt
FAKE_T2_1034_TAI_FEA_XX__AUDIO_1034_TAI_HAP_XX_wav2lip,track2,1,crema_1034,HAP,FEA,-1,1,1,1,,data\preprocessed\features\z_at\FAKE_T2_1034_TAI_FEA_XX__AUDIO_1034_TAI_HAP_XX_wav2lip.pt,data\preprocessed\features\z_v\FAKE_T2_1034_TAI_FEA_XX__AUDIO_1034_TAI_HAP_XX_wav2lip.pt
FAKE_T2_1034_TAI_HAP_XX__AUDIO_1034_TAI_NEU_XX_wav2lip,track2,1,crema_1034,NEU,HAP,-1,1,1,1,,data\preprocessed\features\z_at\FAKE_T2_1034_TAI_HAP_XX__AUDIO_1034_TAI_NEU_XX_wav2lip.pt,data\preprocessed\features\z_v\FAKE_T2_1034_TAI_HAP_XX__AUDIO_1034_TAI_NEU_XX_wav2lip.pt
FAKE_T2_1034_TIE_ANG_XX__AUDIO_1034_TIE_DIS_XX_wav2lip,track2,1,crema_1034,DIS,ANG,-1,1,1,1,,data\preprocessed\features\z_at\FAKE_T2_1034_TIE_ANG_XX__AUDIO_1034_TIE_DIS_XX_wav2lip.pt,data\preprocessed\features\z_v\FAKE_T2_1034_TIE_ANG_XX__AUDIO_1034_TIE_DIS_XX_wav2lip.pt
FAKE_T2_1034_TIE_FEA_XX__AUDIO_1034_TIE_HAP_XX_wav2lip,track2,1,crema_1034,HAP,FEA,-1,1,1,1,,data\preprocessed\features\z_at\FAKE_T2_1034_TIE_FEA_XX__AUDIO_1034_TIE_HAP_XX_wav2lip.pt,data\preprocessed\features\z_v\FAKE_T2_1034_TIE_FEA_XX__AUDIO_1034_TIE_HAP_XX_wav2lip.pt
FAKE_T2_1034_TIE_SAD_XX__AUDIO_1034_TIE_ANG_XX_wav2lip,track2,1,crema_1034,ANG,SAD,-1,1,1,1,,data\preprocessed\features\z_at\FAKE_T2_1034_TIE_SAD_XX__AUDIO_1034_TIE_ANG_XX_wav2lip.pt,data\preprocessed\features\z_v\FAKE_T2_1034_TIE_SAD_XX__AUDIO_1034_TIE_ANG_XX_wav2lip.pt
FAKE_T2_1034_TSI_DIS_XX__AUDIO_1034_TSI_FEA_XX_wav2lip,track2,1,crema_1034,FEA,DIS,-1,1,1,1,,data\preprocessed\features\z_at\FAKE_T2_1034_TSI_DIS_XX__AUDIO_1034_TSI_FEA_XX_wav2lip.pt,data\preprocessed\features\z_v\FAKE_T2_1034_TSI_DIS_XX__AUDIO_1034_TSI_FEA_XX_wav2lip.pt
FAKE_T2_1034_WSI_NEU_XX__AUDIO_1034_WSI_SAD_XX_wav2lip,track2,1,crema_1034,SAD,NEU,-1,1,1,1,,data\preprocessed\features\z_at\FAKE_T2_1034_WSI_NEU_XX__AUDIO_1034_WSI_SAD_XX_wav2lip.pt,data\preprocessed\features\z_v\FAKE_T2_1034_WSI_NEU_XX__AUDIO_1034_WSI_SAD_XX_wav2lip.pt
FAKE_T2_1034_WSI_SAD_XX__AUDIO_1034_WSI_ANG_XX_wav2lip,track2,1,crema_1034,ANG,SAD,-1,1,1,1,,data\preprocessed\features\z_at\FAKE_T2_1034_WSI_SAD_XX__AUDIO_1034_WSI_ANG_XX_wav2lip.pt,data\preprocessed\features\z_v\FAKE_T2_1034_WSI_SAD_XX__AUDIO_1034_WSI_ANG_XX_wav2lip.pt
FAKE_T2_1035_DFA_ANG_XX__AUDIO_1035_DFA_DIS_XX_wav2lip,track2,1,crema_1035,DIS,ANG,-1,1,1,1,,data\preprocessed\features\z_at\FAKE_T2_1035_DFA_ANG_XX__AUDIO_1035_DFA_DIS_XX_wav2lip.pt,data\preprocessed\features\z_v\FAKE_T2_1035_DFA_ANG_XX__AUDIO_1035_DFA_DIS_XX_wav2lip.pt
FAKE_T2_1035_DFA_DIS_XX__AUDIO_1035_DFA_FEA_XX_wav2lip,track2,1,crema_1035,FEA,DIS,-1,1,1,1,,data\preprocessed\features\z_at\FAKE_T2_1035_DFA_DIS_XX__AUDIO_1035_DFA_FEA_XX_wav2lip.pt,data\preprocessed\features\z_v\FAKE_T2_1035_DFA_DIS_XX__AUDIO_1035_DFA_FEA_XX_wav2lip.pt
FAKE_T2_1035_DFA_NEU_XX__AUDIO_1035_DFA_SAD_XX_wav2lip,track2,1,crema_1035,SAD,NEU,-1,1,1,1,,data\preprocessed\features\z_at\FAKE_T2_1035_DFA_NEU_XX__AUDIO_1035_DFA_SAD_XX_wav2lip.pt,data\preprocessed\features\z_v\FAKE_T2_1035_DFA_NEU_XX__AUDIO_1035_DFA_SAD_XX_wav2lip.pt
FAKE_T2_1035_DFA_SAD_XX__AUDIO_1035_DFA_ANG_XX_wav2lip,track2,1,crema_1035,ANG,SAD,-1,1,1,1,,data\preprocessed\features\z_at\FAKE_T2_1035_DFA_SAD_XX__AUDIO_1035_DFA_ANG_XX_wav2lip.pt,data\preprocessed\features\z_v\FAKE_T2_1035_DFA_SAD_XX__AUDIO_1035_DFA_ANG_XX_wav2lip.pt
FAKE_T2_1035_IEO_ANG_LO__AUDIO_1035_IEO_DIS_LO_wav2lip,track2,1,crema_1035,DIS,ANG,-1,1,1,1,,data\preprocessed\features\z_at\FAKE_T2_1035_IEO_ANG_LO__AUDIO_1035_IEO_DIS_LO_wav2lip.pt,data\preprocessed\features\z_v\FAKE_T2_1035_IEO_ANG_LO__AUDIO_1035_IEO_DIS_LO_wav2lip.pt
FAKE_T2_1035_IEO_DIS_LO__AUDIO_1035_IEO_FEA_LO_wav2lip,track2,1,crema_1035,FEA,DIS,-1,1,1,1,,data\preprocessed\features\z_at\FAKE_T2_1035_IEO_DIS_LO__AUDIO_1035_IEO_FEA_LO_wav2lip.pt,data\preprocessed\features\z_v\FAKE_T2_1035_IEO_DIS_LO__AUDIO_1035_IEO_FEA_LO_wav2lip.pt
FAKE_T2_1035_IEO_HAP_LO__AUDIO_1035_IEO_NEU_XX_wav2lip,track2,1,crema_1035,NEU,HAP,-1,1,1,1,,data\preprocessed\features\z_at\FAKE_T2_1035_IEO_HAP_LO__AUDIO_1035_IEO_NEU_XX_wav2lip.pt,data\preprocessed\features\z_v\FAKE_T2_1035_IEO_HAP_LO__AUDIO_1035_IEO_NEU_XX_wav2lip.pt
FAKE_T2_1035_IEO_NEU_XX__AUDIO_1035_IEO_SAD_HI_wav2lip,track2,1,crema_1035,SAD,NEU,-1,1,1,1,,data\preprocessed\features\z_at\FAKE_T2_1035_IEO_NEU_XX__AUDIO_1035_IEO_SAD_HI_wav2lip.pt,data\preprocessed\features\z_v\FAKE_T2_1035_IEO_NEU_XX__AUDIO_1035_IEO_SAD_HI_wav2lip.pt
FAKE_T2_1035_IOM_FEA_XX__AUDIO_1035_IOM_HAP_XX_wav2lip,track2,1,crema_1035,HAP,FEA,-1,1,1,1,,data\preprocessed\features\z_at\FAKE_T2_1035_IOM_FEA_XX__AUDIO_1035_IOM_HAP_XX_wav2lip.pt,data\preprocessed\features\z_v\FAKE_T2_1035_IOM_FEA_XX__AUDIO_1035_IOM_HAP_XX_wav2lip.pt
FAKE_T2_1035_IOM_HAP_XX__AUDIO_1035_IOM_NEU_XX_wav2lip,track2,1,crema_1035,NEU,HAP,-1,1,1,1,,data\preprocessed\features\z_at\FAKE_T2_1035_IOM_HAP_XX__AUDIO_1035_IOM_NEU_XX_wav2lip.pt,data\preprocessed\features\z_v\FAKE_T2_1035_IOM_HAP_XX__AUDIO_1035_IOM_NEU_XX_wav2lip.pt
FAKE_T2_1035_ITH_HAP_XX__AUDIO_1035_ITH_NEU_XX_wav2lip,track2,1,crema_1035,NEU,HAP,-1,1,1,1,,data\preprocessed\features\z_at\FAKE_T2_1035_ITH_HAP_XX__AUDIO_1035_ITH_NEU_XX_wav2lip.pt,data\preprocessed\features\z_v\FAKE_T2_1035_ITH_HAP_XX__AUDIO_1035_ITH_NEU_XX_wav2lip.pt
FAKE_T2_1035_ITS_FEA_XX__AUDIO_1035_ITS_HAP_XX_wav2lip,track2,1,crema_1035,HAP,FEA,-1,1,1,1,,data\preprocessed\features\z_at\FAKE_T2_1035_ITS_FEA_XX__AUDIO_1035_ITS_HAP_XX_wav2lip.pt,data\preprocessed\features\z_v\FAKE_T2_1035_ITS_FEA_XX__AUDIO_1035_ITS_HAP_XX_wav2lip.pt
FAKE_T2_1035_ITS_SAD_XX__AUDIO_1035_ITS_ANG_XX_wav2lip,track2,1,crema_1035,ANG,SAD,-1,1,1,1,,data\preprocessed\features\z_at\FAKE_T2_1035_ITS_SAD_XX__AUDIO_1035_ITS_ANG_XX_wav2lip.pt,data\preprocessed\features\z_v\FAKE_T2_1035_ITS_SAD_XX__AUDIO_1035_ITS_ANG_XX_wav2lip.pt
FAKE_T2_1035_IWL_SAD_XX__AUDIO_1035_IWL_ANG_XX_wav2lip,track2,1,crema_1035,ANG,SAD,-1,1,1,1,,data\preprocessed\features\z_at\FAKE_T2_1035_IWL_SAD_XX__AUDIO_1035_IWL_ANG_XX_wav2lip.pt,data\preprocessed\features\z_v\FAKE_T2_1035_IWL_SAD_XX__AUDIO_1035_IWL_ANG_XX_wav2lip.pt
FAKE_T2_1035_IWW_SAD_XX__AUDIO_1035_IWW_ANG_XX_wav2lip,track2,1,crema_1035,ANG,SAD,-1,1,1,1,,data\preprocessed\features\z_at\FAKE_T2_1035_IWW_SAD_XX__AUDIO_1035_IWW_ANG_XX_wav2lip.pt,data\preprocessed\features\z_v\FAKE_T2_1035_IWW_SAD_XX__AUDIO_1035_IWW_ANG_XX_wav2lip.pt
FAKE_T2_1035_MTI_HAP_XX__AUDIO_1035_MTI_NEU_XX_wav2lip,track2,1,crema_1035,NEU,HAP,-1,1,1,1,,data\preprocessed\features\z_at\FAKE_T2_1035_MTI_HAP_XX__AUDIO_1035_MTI_NEU_XX_wav2lip.pt,data\preprocessed\features\z_v\FAKE_T2_1035_MTI_HAP_XX__AUDIO_1035_MTI_NEU_XX_wav2lip.pt
FAKE_T2_1035_MTI_SAD_XX__AUDIO_1035_MTI_ANG_XX_wav2lip,track2,1,crema_1035,ANG,SAD,-1,1,1,1,,data\preprocessed\features\z_at\FAKE_T2_1035_MTI_SAD_XX__AUDIO_1035_MTI_ANG_XX_wav2lip.pt,data\preprocessed\features\z_v\FAKE_T2_1035_MTI_SAD_XX__AUDIO_1035_MTI_ANG_XX_wav2lip.pt
FAKE_T2_1035_TAI_HAP_XX__AUDIO_1035_TAI_NEU_XX_wav2lip,track2,1,crema_1035,NEU,HAP,-1,1,1,1,,data\preprocessed\features\z_at\FAKE_T2_1035_TAI_HAP_XX__AUDIO_1035_TAI_NEU_XX_wav2lip.pt,data\preprocessed\features\z_v\FAKE_T2_1035_TAI_HAP_XX__AUDIO_1035_TAI_NEU_XX_wav2lip.pt
FAKE_T2_1035_TAI_NEU_XX__AUDIO_1035_TAI_SAD_XX_wav2lip,track2,1,crema_1035,SAD,NEU,-1,1,1,1,,data\preprocessed\features\z_at\FAKE_T2_1035_TAI_NEU_XX__AUDIO_1035_TAI_SAD_XX_wav2lip.pt,data\preprocessed\features\z_v\FAKE_T2_1035_TAI_NEU_XX__AUDIO_1035_TAI_SAD_XX_wav2lip.pt
FAKE_T2_1035_TIE_DIS_XX__AUDIO_1035_TIE_FEA_XX_wav2lip,track2,1,crema_1035,FEA,DIS,-1,1,1,1,,data\preprocessed\features\z_at\FAKE_T2_1035_TIE_DIS_XX__AUDIO_1035_TIE_FEA_XX_wav2lip.pt,data\preprocessed\features\z_v\FAKE_T2_1035_TIE_DIS_XX__AUDIO_1035_TIE_FEA_XX_wav2lip.pt
FAKE_T2_1035_TSI_ANG_XX__AUDIO_1035_TSI_DIS_XX_wav2lip,track2,1,crema_1035,DIS,ANG,-1,1,1,1,,data\preprocessed\features\z_at\FAKE_T2_1035_TSI_ANG_XX__AUDIO_1035_TSI_DIS_XX_wav2lip.pt,data\preprocessed\features\z_v\FAKE_T2_1035_TSI_ANG_XX__AUDIO_1035_TSI_DIS_XX_wav2lip.pt
FAKE_T2_1035_TSI_FEA_XX__AUDIO_1035_TSI_HAP_XX_wav2lip,track2,1,crema_1035,HAP,FEA,-1,1,1,1,,data\preprocessed\features\z_at\FAKE_T2_1035_TSI_FEA_XX__AUDIO_1035_TSI_HAP_XX_wav2lip.pt,data\preprocessed\features\z_v\FAKE_T2_1035_TSI_FEA_XX__AUDIO_1035_TSI_HAP_XX_wav2lip.pt
FAKE_T2_1035_TSI_NEU_XX__AUDIO_1035_TSI_SAD_XX_wav2lip,track2,1,crema_1035,SAD,NEU,-1,1,1,1,,data\preprocessed\features\z_at\FAKE_T2_1035_TSI_NEU_XX__AUDIO_1035_TSI_SAD_XX_wav2lip.pt,data\preprocessed\features\z_v\FAKE_T2_1035_TSI_NEU_XX__AUDIO_1035_TSI_SAD_XX_wav2lip.pt
FAKE_T2_1035_WSI_DIS_XX__AUDIO_1035_WSI_FEA_XX_wav2lip,track2,1,crema_1035,FEA,DIS,-1,1,1,1,,data\preprocessed\features\z_at\FAKE_T2_1035_WSI_DIS_XX__AUDIO_1035_WSI_FEA_XX_wav2lip.pt,data\preprocessed\features\z_v\FAKE_T2_1035_WSI_DIS_XX__AUDIO_1035_WSI_FEA_XX_wav2lip.pt
FAKE_T2_1035_WSI_NEU_XX__AUDIO_1035_WSI_SAD_XX_wav2lip,track2,1,crema_1035,SAD,NEU,-1,1,1,1,,data\preprocessed\features\z_at\FAKE_T2_1035_WSI_NEU_XX__AUDIO_1035_WSI_SAD_XX_wav2lip.pt,data\preprocessed\features\z_v\FAKE_T2_1035_WSI_NEU_XX__AUDIO_1035_WSI_SAD_XX_wav2lip.pt
FAKE_T2_1036_DFA_ANG_XX__AUDIO_1036_DFA_DIS_XX_wav2lip,track2,1,crema_1036,DIS,ANG,-1,1,1,1,,data\preprocessed\features\z_at\FAKE_T2_1036_DFA_ANG_XX__AUDIO_1036_DFA_DIS_XX_wav2lip.pt,data\preprocessed\features\z_v\FAKE_T2_1036_DFA_ANG_XX__AUDIO_1036_DFA_DIS_XX_wav2lip.pt
FAKE_T2_1036_DFA_NEU_XX__AUDIO_1036_DFA_SAD_XX_wav2lip,track2,1,crema_1036,SAD,NEU,-1,1,1,1,,data\preprocessed\features\z_at\FAKE_T2_1036_DFA_NEU_XX__AUDIO_1036_DFA_SAD_XX_wav2lip.pt,data\preprocessed\features\z_v\FAKE_T2_1036_DFA_NEU_XX__AUDIO_1036_DFA_SAD_XX_wav2lip.pt
FAKE_T2_1036_IEO_DIS_HI__AUDIO_1036_IEO_FEA_HI_wav2lip,track2,1,crema_1036,FEA,DIS,-1,1,1,1,,data\preprocessed\features\z_at\FAKE_T2_1036_IEO_DIS_HI__AUDIO_1036_IEO_FEA_HI_wav2lip.pt,data\preprocessed\features\z_v\FAKE_T2_1036_IEO_DIS_HI__AUDIO_1036_IEO_FEA_HI_wav2lip.pt
FAKE_T2_1036_IEO_DIS_LO__AUDIO_1036_IEO_FEA_LO_wav2lip,track2,1,crema_1036,FEA,DIS,-1,1,1,1,,data\preprocessed\features\z_at\FAKE_T2_1036_IEO_DIS_LO__AUDIO_1036_IEO_FEA_LO_wav2lip.pt,data\preprocessed\features\z_v\FAKE_T2_1036_IEO_DIS_LO__AUDIO_1036_IEO_FEA_LO_wav2lip.pt
FAKE_T2_1036_IEO_DIS_MD__AUDIO_1036_IEO_FEA_MD_wav2lip,track2,1,crema_1036,FEA,DIS,-1,1,1,1,,data\preprocessed\features\z_at\FAKE_T2_1036_IEO_DIS_MD__AUDIO_1036_IEO_FEA_MD_wav2lip.pt,data\preprocessed\features\z_v\FAKE_T2_1036_IEO_DIS_MD__AUDIO_1036_IEO_FEA_MD_wav2lip.pt
FAKE_T2_1036_IEO_SAD_HI__AUDIO_1036_IEO_ANG_HI_wav2lip,track2,1,crema_1036,ANG,SAD,-1,1,1,1,,data\preprocessed\features\z_at\FAKE_T2_1036_IEO_SAD_HI__AUDIO_1036_IEO_ANG_HI_wav2lip.pt,data\preprocessed\features\z_v\FAKE_T2_1036_IEO_SAD_HI__AUDIO_1036_IEO_ANG_HI_wav2lip.pt
FAKE_T2_1036_IEO_SAD_LO__AUDIO_1036_IEO_ANG_LO_wav2lip,track2,1,crema_1036,ANG,SAD,-1,1,1,1,,data\preprocessed\features\z_at\FAKE_T2_1036_IEO_SAD_LO__AUDIO_1036_IEO_ANG_LO_wav2lip.pt,data\preprocessed\features\z_v\FAKE_T2_1036_IEO_SAD_LO__AUDIO_1036_IEO_ANG_LO_wav2lip.pt
FAKE_T2_1036_IEO_SAD_MD__AUDIO_1036_IEO_ANG_MD_wav2lip,track2,1,crema_1036,ANG,SAD,-1,1,1,1,,data\preprocessed\features\z_at\FAKE_T2_1036_IEO_SAD_MD__AUDIO_1036_IEO_ANG_MD_wav2lip.pt,data\preprocessed\features\z_v\FAKE_T2_1036_IEO_SAD_MD__AUDIO_1036_IEO_ANG_MD_wav2lip.pt
FAKE_T2_1036_IOM_NEU_XX__AUDIO_1036_IOM_SAD_XX_wav2lip,track2,1,crema_1036,SAD,NEU,-1,1,1,1,,data\preprocessed\features\z_at\FAKE_T2_1036_IOM_NEU_XX__AUDIO_1036_IOM_SAD_XX_wav2lip.pt,data\preprocessed\features\z_v\FAKE_T2_1036_IOM_NEU_XX__AUDIO_1036_IOM_SAD_XX_wav2lip.pt
FAKE_T2_1036_IOM_SAD_XX__AUDIO_1036_IOM_ANG_XX_wav2lip,track2,1,crema_1036,ANG,SAD,-1,1,1,1,,data\preprocessed\features\z_at\FAKE_T2_1036_IOM_SAD_XX__AUDIO_1036_IOM_ANG_XX_wav2lip.pt,data\preprocessed\features\z_v\FAKE_T2_1036_IOM_SAD_XX__AUDIO_1036_IOM_ANG_XX_wav2lip.pt
FAKE_T2_1036_ITH_ANG_XX__AUDIO_1036_ITH_DIS_XX_wav2lip,track2,1,crema_1036,DIS,ANG,-1,1,1,1,,data\preprocessed\features\z_at\FAKE_T2_1036_ITH_ANG_XX__AUDIO_1036_ITH_DIS_XX_wav2lip.pt,data\preprocessed\features\z_v\FAKE_T2_1036_ITH_ANG_XX__AUDIO_1036_ITH_DIS_XX_wav2lip.pt
FAKE_T2_1036_ITH_FEA_XX__AUDIO_1036_ITH_HAP_XX_wav2lip,track2,1,crema_1036,HAP,FEA,-1,1,1,1,,data\preprocessed\features\z_at\FAKE_T2_1036_ITH_FEA_XX__AUDIO_1036_ITH_HAP_XX_wav2lip.pt,data\preprocessed\features\z_v\FAKE_T2_1036_ITH_FEA_XX__AUDIO_1036_ITH_HAP_XX_wav2lip.pt
FAKE_T2_1036_ITH_HAP_XX__AUDIO_1036_ITH_NEU_XX_wav2lip,track2,1,crema_1036,NEU,HAP,-1,1,1,1,,data\preprocessed\features\z_at\FAKE_T2_1036_ITH_HAP_XX__AUDIO_1036_ITH_NEU_XX_wav2lip.pt,data\preprocessed\features\z_v\FAKE_T2_1036_ITH_HAP_XX__AUDIO_1036_ITH_NEU_XX_wav2lip.pt
FAKE_T2_1036_ITH_NEU_XX__AUDIO_1036_ITH_SAD_XX_wav2lip,track2,1,crema_1036,SAD,NEU,-1,1,1,1,,data\preprocessed\features\z_at\FAKE_T2_1036_ITH_NEU_XX__AUDIO_1036_ITH_SAD_XX_wav2lip.pt,data\preprocessed\features\z_v\FAKE_T2_1036_ITH_NEU_XX__AUDIO_1036_ITH_SAD_XX_wav2lip.pt
FAKE_T2_1036_ITS_SAD_XX__AUDIO_1036_ITS_ANG_XX_wav2lip,track2,1,crema_1036,ANG,SAD,-1,1,1,1,,data\preprocessed\features\z_at\FAKE_T2_1036_ITS_SAD_XX__AUDIO_1036_ITS_ANG_XX_wav2lip.pt,data\preprocessed\features\z_v\FAKE_T2_1036_ITS_SAD_XX__AUDIO_1036_ITS_ANG_XX_wav2lip.pt
FAKE_T2_1036_IWL_DIS_XX__AUDIO_1036_IWL_FEA_XX_wav2lip,track2,1,crema_1036,FEA,DIS,-1,1,1,1,,data\preprocessed\features\z_at\FAKE_T2_1036_IWL_DIS_XX__AUDIO_1036_IWL_FEA_XX_wav2lip.pt,data\preprocessed\features\z_v\FAKE_T2_1036_IWL_DIS_XX__AUDIO_1036_IWL_FEA_XX_wav2lip.pt
FAKE_T2_1036_IWL_FEA_XX__AUDIO_1036_IWL_HAP_XX_wav2lip,track2,1,crema_1036,HAP,FEA,-1,1,1,1,,data\preprocessed\features\z_at\FAKE_T2_1036_IWL_FEA_XX__AUDIO_1036_IWL_HAP_XX_wav2lip.pt,data\preprocessed\features\z_v\FAKE_T2_1036_IWL_FEA_XX__AUDIO_1036_IWL_HAP_XX_wav2lip.pt
FAKE_T2_1036_IWW_DIS_XX__AUDIO_1036_IWW_FEA_XX_wav2lip,track2,1,crema_1036,FEA,DIS,-1,1,1,1,,data\preprocessed\features\z_at\FAKE_T2_1036_IWW_DIS_XX__AUDIO_1036_IWW_FEA_XX_wav2lip.pt,data\preprocessed\features\z_v\FAKE_T2_1036_IWW_DIS_XX__AUDIO_1036_IWW_FEA_XX_wav2lip.pt
FAKE_T2_1036_MTI_FEA_XX__AUDIO_1036_MTI_HAP_XX_wav2lip,track2,1,crema_1036,HAP,FEA,-1,1,1,1,,data\preprocessed\features\z_at\FAKE_T2_1036_MTI_FEA_XX__AUDIO_1036_MTI_HAP_XX_wav2lip.pt,data\preprocessed\features\z_v\FAKE_T2_1036_MTI_FEA_XX__AUDIO_1036_MTI_HAP_XX_wav2lip.pt
FAKE_T2_1036_MTI_HAP_XX__AUDIO_1036_MTI_NEU_XX_wav2lip,track2,1,crema_1036,NEU,HAP,-1,1,1,1,,data\preprocessed\features\z_at\FAKE_T2_1036_MTI_HAP_XX__AUDIO_1036_MTI_NEU_XX_wav2lip.pt,data\preprocessed\features\z_v\FAKE_T2_1036_MTI_HAP_XX__AUDIO_1036_MTI_NEU_XX_wav2lip.pt
FAKE_T2_1036_MTI_SAD_XX__AUDIO_1036_MTI_ANG_XX_wav2lip,track2,1,crema_1036,ANG,SAD,-1,1,1,1,,data\preprocessed\features\z_at\FAKE_T2_1036_MTI_SAD_XX__AUDIO_1036_MTI_ANG_XX_wav2lip.pt,data\preprocessed\features\z_v\FAKE_T2_1036_MTI_SAD_XX__AUDIO_1036_MTI_ANG_XX_wav2lip.pt
FAKE_T2_1036_TIE_NEU_XX__AUDIO_1036_TIE_SAD_XX_wav2lip,track2,1,crema_1036,SAD,NEU,-1,1,1,1,,data\preprocessed\features\z_at\FAKE_T2_1036_TIE_NEU_XX__AUDIO_1036_TIE_SAD_XX_wav2lip.pt,data\preprocessed\features\z_v\FAKE_T2_1036_TIE_NEU_XX__AUDIO_1036_TIE_SAD_XX_wav2lip.pt
FAKE_T2_1036_TSI_DIS_XX__AUDIO_1036_TSI_FEA_XX_wav2lip,track2,1,crema_1036,FEA,DIS,-1,1,1,1,,data\preprocessed\features\z_at\FAKE_T2_1036_TSI_DIS_XX__AUDIO_1036_TSI_FEA_XX_wav2lip.pt,data\preprocessed\features\z_v\FAKE_T2_1036_TSI_DIS_XX__AUDIO_1036_TSI_FEA_XX_wav2lip.pt
FAKE_T2_1036_TSI_NEU_XX__AUDIO_1036_TSI_SAD_XX_wav2lip,track2,1,crema_1036,SAD,NEU,-1,1,1,1,,data\preprocessed\features\z_at\FAKE_T2_1036_TSI_NEU_XX__AUDIO_1036_TSI_SAD_XX_wav2lip.pt,data\preprocessed\features\z_v\FAKE_T2_1036_TSI_NEU_XX__AUDIO_1036_TSI_SAD_XX_wav2lip.pt
FAKE_T2_1036_WSI_HAP_XX__AUDIO_1036_WSI_NEU_XX_wav2lip,track2,1,crema_1036,NEU,HAP,-1,1,1,1,,data\preprocessed\features\z_at\FAKE_T2_1036_WSI_HAP_XX__AUDIO_1036_WSI_NEU_XX_wav2lip.pt,data\preprocessed\features\z_v\FAKE_T2_1036_WSI_HAP_XX__AUDIO_1036_WSI_NEU_XX_wav2lip.pt
FAKE_T2_1037_DFA_SAD_XX__AUDIO_1037_DFA_ANG_XX_wav2lip,track2,1,crema_1037,ANG,SAD,-1,1,1,1,,data\preprocessed\features\z_at\FAKE_T2_1037_DFA_SAD_XX__AUDIO_1037_DFA_ANG_XX_wav2lip.pt,data\preprocessed\features\z_v\FAKE_T2_1037_DFA_SAD_XX__AUDIO_1037_DFA_ANG_XX_wav2lip.pt
FAKE_T2_1037_IEO_FEA_HI__AUDIO_1037_IEO_HAP_HI_wav2lip,track2,1,crema_1037,HAP,FEA,-1,1,1,1,,data\preprocessed\features\z_at\FAKE_T2_1037_IEO_FEA_HI__AUDIO_1037_IEO_HAP_HI_wav2lip.pt,data\preprocessed\features\z_v\FAKE_T2_1037_IEO_FEA_HI__AUDIO_1037_IEO_HAP_HI_wav2lip.pt
FAKE_T2_1037_IEO_FEA_MD__AUDIO_1037_IEO_HAP_MD_wav2lip,track2,1,crema_1037,HAP,FEA,-1,1,1,1,,data\preprocessed\features\z_at\FAKE_T2_1037_IEO_FEA_MD__AUDIO_1037_IEO_HAP_MD_wav2lip.pt,data\preprocessed\features\z_v\FAKE_T2_1037_IEO_FEA_MD__AUDIO_1037_IEO_HAP_MD_wav2lip.pt
FAKE_T2_1037_IEO_HAP_LO__AUDIO_1037_IEO_NEU_XX_wav2lip,track2,1,crema_1037,NEU,HAP,-1,1,1,1,,data\preprocessed\features\z_at\FAKE_T2_1037_IEO_HAP_LO__AUDIO_1037_IEO_NEU_XX_wav2lip.pt,data\preprocessed\features\z_v\FAKE_T2_1037_IEO_HAP_LO__AUDIO_1037_IEO_NEU_XX_wav2lip.pt
FAKE_T2_1037_IEO_NEU_XX__AUDIO_1037_IEO_SAD_HI_wav2lip,track2,1,crema_1037,SAD,NEU,-1,1,1,1,,data\preprocessed\features\z_at\FAKE_T2_1037_IEO_NEU_XX__AUDIO_1037_IEO_SAD_HI_wav2lip.pt,data\preprocessed\features\z_v\FAKE_T2_1037_IEO_NEU_XX__AUDIO_1037_IEO_SAD_HI_wav2lip.pt
FAKE_T2_1037_IEO_SAD_LO__AUDIO_1037_IEO_ANG_LO_wav2lip,track2,1,crema_1037,ANG,SAD,-1,1,1,1,,data\preprocessed\features\z_at\FAKE_T2_1037_IEO_SAD_LO__AUDIO_1037_IEO_ANG_LO_wav2lip.pt,data\preprocessed\features\z_v\FAKE_T2_1037_IEO_SAD_LO__AUDIO_1037_IEO_ANG_LO_wav2lip.pt
FAKE_T2_1037_IOM_DIS_XX__AUDIO_1037_IOM_FEA_XX_wav2lip,track2,1,crema_1037,FEA,DIS,-1,1,1,1,,data\preprocessed\features\z_at\FAKE_T2_1037_IOM_DIS_XX__AUDIO_1037_IOM_FEA_XX_wav2lip.pt,data\preprocessed\features\z_v\FAKE_T2_1037_IOM_DIS_XX__AUDIO_1037_IOM_FEA_XX_wav2lip.pt
FAKE_T2_1037_IOM_HAP_XX__AUDIO_1037_IOM_NEU_XX_wav2lip,track2,1,crema_1037,NEU,HAP,-1,1,1,1,,data\preprocessed\features\z_at\FAKE_T2_1037_IOM_HAP_XX__AUDIO_1037_IOM_NEU_XX_wav2lip.pt,data\preprocessed\features\z_v\FAKE_T2_1037_IOM_HAP_XX__AUDIO_1037_IOM_NEU_XX_wav2lip.pt
FAKE_T2_1037_ITH_ANG_XX__AUDIO_1037_ITH_DIS_XX_wav2lip,track2,1,crema_1037,DIS,ANG,-1,1,1,1,,data\preprocessed\features\z_at\FAKE_T2_1037_ITH_ANG_XX__AUDIO_1037_ITH_DIS_XX_wav2lip.pt,data\preprocessed\features\z_v\FAKE_T2_1037_ITH_ANG_XX__AUDIO_1037_ITH_DIS_XX_wav2lip.pt
FAKE_T2_1037_ITH_DIS_XX__AUDIO_1037_ITH_FEA_XX_wav2lip,track2,1,crema_1037,FEA,DIS,-1,1,1,1,,data\preprocessed\features\z_at\FAKE_T2_1037_ITH_DIS_XX__AUDIO_1037_ITH_FEA_XX_wav2lip.pt,data\preprocessed\features\z_v\FAKE_T2_1037_ITH_DIS_XX__AUDIO_1037_ITH_FEA_XX_wav2lip.pt
FAKE_T2_1037_ITH_FEA_XX__AUDIO_1037_ITH_HAP_XX_wav2lip,track2,1,crema_1037,HAP,FEA,-1,1,1,1,,data\preprocessed\features\z_at\FAKE_T2_1037_ITH_FEA_XX__AUDIO_1037_ITH_HAP_XX_wav2lip.pt,data\preprocessed\features\z_v\FAKE_T2_1037_ITH_FEA_XX__AUDIO_1037_ITH_HAP_XX_wav2lip.pt
FAKE_T2_1037_ITS_HAP_XX__AUDIO_1037_ITS_NEU_XX_wav2lip,track2,1,crema_1037,NEU,HAP,-1,1,1,1,,data\preprocessed\features\z_at\FAKE_T2_1037_ITS_HAP_XX__AUDIO_1037_ITS_NEU_XX_wav2lip.pt,data\preprocessed\features\z_v\FAKE_T2_1037_ITS_HAP_XX__AUDIO_1037_ITS_NEU_XX_wav2lip.pt
FAKE_T2_1037_IWL_SAD_XX__AUDIO_1037_IWL_ANG_XX_wav2lip,track2,1,crema_1037,ANG,SAD,-1,1,1,1,,data\preprocessed\features\z_at\FAKE_T2_1037_IWL_SAD_XX__AUDIO_1037_IWL_ANG_XX_wav2lip.pt,data\preprocessed\features\z_v\FAKE_T2_1037_IWL_SAD_XX__AUDIO_1037_IWL_ANG_XX_wav2lip.pt
FAKE_T2_1037_MTI_FEA_XX__AUDIO_1037_MTI_HAP_XX_wav2lip,track2,1,crema_1037,HAP,FEA,-1,1,1,1,,data\preprocessed\features\z_at\FAKE_T2_1037_MTI_FEA_XX__AUDIO_1037_MTI_HAP_XX_wav2lip.pt,data\preprocessed\features\z_v\FAKE_T2_1037_MTI_FEA_XX__AUDIO_1037_MTI_HAP_XX_wav2lip.pt
FAKE_T2_1037_TAI_DIS_XX__AUDIO_1037_TAI_FEA_XX_wav2lip,track2,1,crema_1037,FEA,DIS,-1,1,1,1,,data\preprocessed\features\z_at\FAKE_T2_1037_TAI_DIS_XX__AUDIO_1037_TAI_FEA_XX_wav2lip.pt,data\preprocessed\features\z_v\FAKE_T2_1037_TAI_DIS_XX__AUDIO_1037_TAI_FEA_XX_wav2lip.pt
FAKE_T2_1037_TAI_FEA_XX__AUDIO_1037_TAI_HAP_XX_wav2lip,track2,1,crema_1037,HAP,FEA,-1,1,1,1,,data\preprocessed\features\z_at\FAKE_T2_1037_TAI_FEA_XX__AUDIO_1037_TAI_HAP_XX_wav2lip.pt,data\preprocessed\features\z_v\FAKE_T2_1037_TAI_FEA_XX__AUDIO_1037_TAI_HAP_XX_wav2lip.pt
FAKE_T2_1037_TAI_NEU_XX__AUDIO_1037_TAI_SAD_XX_wav2lip,track2,1,crema_1037,SAD,NEU,-1,1,1,1,,data\preprocessed\features\z_at\FAKE_T2_1037_TAI_NEU_XX__AUDIO_1037_TAI_SAD_XX_wav2lip.pt,data\preprocessed\features\z_v\FAKE_T2_1037_TAI_NEU_XX__AUDIO_1037_TAI_SAD_XX_wav2lip.pt
FAKE_T2_1037_TIE_DIS_XX__AUDIO_1037_TIE_FEA_XX_wav2lip,track2,1,crema_1037,FEA,DIS,-1,1,1,1,,data\preprocessed\features\z_at\FAKE_T2_1037_TIE_DIS_XX__AUDIO_1037_TIE_FEA_XX_wav2lip.pt,data\preprocessed\features\z_v\FAKE_T2_1037_TIE_DIS_XX__AUDIO_1037_TIE_FEA_XX_wav2lip.pt
FAKE_T2_1037_TIE_FEA_XX__AUDIO_1037_TIE_HAP_XX_wav2lip,track2,1,crema_1037,HAP,FEA,-1,1,1,1,,data\preprocessed\features\z_at\FAKE_T2_1037_TIE_FEA_XX__AUDIO_1037_TIE_HAP_XX_wav2lip.pt,data\preprocessed\features\z_v\FAKE_T2_1037_TIE_FEA_XX__AUDIO_1037_TIE_HAP_XX_wav2lip.pt
FAKE_T2_1037_TIE_SAD_XX__AUDIO_1037_TIE_ANG_XX_wav2lip,track2,1,crema_1037,ANG,SAD,-1,1,1,1,,data\preprocessed\features\z_at\FAKE_T2_1037_TIE_SAD_XX__AUDIO_1037_TIE_ANG_XX_wav2lip.pt,data\preprocessed\features\z_v\FAKE_T2_1037_TIE_SAD_XX__AUDIO_1037_TIE_ANG_XX_wav2lip.pt
FAKE_T2_1037_TSI_HAP_XX__AUDIO_1037_TSI_NEU_XX_wav2lip,track2,1,crema_1037,NEU,HAP,-1,1,1,1,,data\preprocessed\features\z_at\FAKE_T2_1037_TSI_HAP_XX__AUDIO_1037_TSI_NEU_XX_wav2lip.pt,data\preprocessed\features\z_v\FAKE_T2_1037_TSI_HAP_XX__AUDIO_1037_TSI_NEU_XX_wav2lip.pt
FAKE_T2_1037_TSI_NEU_XX__AUDIO_1037_TSI_SAD_XX_wav2lip,track2,1,crema_1037,SAD,NEU,-1,1,1,1,,data\preprocessed\features\z_at\FAKE_T2_1037_TSI_NEU_XX__AUDIO_1037_TSI_SAD_XX_wav2lip.pt,data\preprocessed\features\z_v\FAKE_T2_1037_TSI_NEU_XX__AUDIO_1037_TSI_SAD_XX_wav2lip.pt
FAKE_T2_1037_TSI_SAD_XX__AUDIO_1037_TSI_ANG_XX_wav2lip,track2,1,crema_1037,ANG,SAD,-1,1,1,1,,data\preprocessed\features\z_at\FAKE_T2_1037_TSI_SAD_XX__AUDIO_1037_TSI_ANG_XX_wav2lip.pt,data\preprocessed\features\z_v\FAKE_T2_1037_TSI_SAD_XX__AUDIO_1037_TSI_ANG_XX_wav2lip.pt
FAKE_T2_1037_WSI_DIS_XX__AUDIO_1037_WSI_FEA_XX_wav2lip,track2,1,crema_1037,FEA,DIS,-1,1,1,1,,data\preprocessed\features\z_at\FAKE_T2_1037_WSI_DIS_XX__AUDIO_1037_WSI_FEA_XX_wav2lip.pt,data\preprocessed\features\z_v\FAKE_T2_1037_WSI_DIS_XX__AUDIO_1037_WSI_FEA_XX_wav2lip.pt
FAKE_T2_1037_WSI_FEA_XX__AUDIO_1037_WSI_HAP_XX_wav2lip,track2,1,crema_1037,HAP,FEA,-1,1,1,1,,data\preprocessed\features\z_at\FAKE_T2_1037_WSI_FEA_XX__AUDIO_1037_WSI_HAP_XX_wav2lip.pt,data\preprocessed\features\z_v\FAKE_T2_1037_WSI_FEA_XX__AUDIO_1037_WSI_HAP_XX_wav2lip.pt
FAKE_T2_1038_DFA_NEU_XX__AUDIO_1038_DFA_SAD_XX_wav2lip,track2,1,crema_1038,SAD,NEU,-1,1,1,1,,data\preprocessed\features\z_at\FAKE_T2_1038_DFA_NEU_XX__AUDIO_1038_DFA_SAD_XX_wav2lip.pt,data\preprocessed\features\z_v\FAKE_T2_1038_DFA_NEU_XX__AUDIO_1038_DFA_SAD_XX_wav2lip.pt
FAKE_T2_1038_DFA_SAD_XX__AUDIO_1038_DFA_ANG_XX_wav2lip,track2,1,crema_1038,ANG,SAD,-1,1,1,1,,data\preprocessed\features\z_at\FAKE_T2_1038_DFA_SAD_XX__AUDIO_1038_DFA_ANG_XX_wav2lip.pt,data\preprocessed\features\z_v\FAKE_T2_1038_DFA_SAD_XX__AUDIO_1038_DFA_ANG_XX_wav2lip.pt
FAKE_T2_1038_IEO_ANG_HI__AUDIO_1038_IEO_DIS_HI_wav2lip,track2,1,crema_1038,DIS,ANG,-1,1,1,1,,data\preprocessed\features\z_at\FAKE_T2_1038_IEO_ANG_HI__AUDIO_1038_IEO_DIS_HI_wav2lip.pt,data\preprocessed\features\z_v\FAKE_T2_1038_IEO_ANG_HI__AUDIO_1038_IEO_DIS_HI_wav2lip.pt
FAKE_T2_1038_IEO_ANG_LO__AUDIO_1038_IEO_DIS_LO_wav2lip,track2,1,crema_1038,DIS,ANG,-1,1,1,1,,data\preprocessed\features\z_at\FAKE_T2_1038_IEO_ANG_LO__AUDIO_1038_IEO_DIS_LO_wav2lip.pt,data\preprocessed\features\z_v\FAKE_T2_1038_IEO_ANG_LO__AUDIO_1038_IEO_DIS_LO_wav2lip.pt
FAKE_T2_1038_IEO_ANG_MD__AUDIO_1038_IEO_DIS_MD_wav2lip,track2,1,crema_1038,DIS,ANG,-1,1,1,1,,data\preprocessed\features\z_at\FAKE_T2_1038_IEO_ANG_MD__AUDIO_1038_IEO_DIS_MD_wav2lip.pt,data\preprocessed\features\z_v\FAKE_T2_1038_IEO_ANG_MD__AUDIO_1038_IEO_DIS_MD_wav2lip.pt
FAKE_T2_1038_IEO_DIS_MD__AUDIO_1038_IEO_FEA_MD_wav2lip,track2,1,crema_1038,FEA,DIS,-1,1,1,1,,data\preprocessed\features\z_at\FAKE_T2_1038_IEO_DIS_MD__AUDIO_1038_IEO_FEA_MD_wav2lip.pt,data\preprocessed\features\z_v\FAKE_T2_1038_IEO_DIS_MD__AUDIO_1038_IEO_FEA_MD_wav2lip.pt
FAKE_T2_1038_IEO_HAP_LO__AUDIO_1038_IEO_NEU_XX_wav2lip,track2,1,crema_1038,NEU,HAP,-1,1,1,1,,data\preprocessed\features\z_at\FAKE_T2_1038_IEO_HAP_LO__AUDIO_1038_IEO_NEU_XX_wav2lip.pt,data\preprocessed\features\z_v\FAKE_T2_1038_IEO_HAP_LO__AUDIO_1038_IEO_NEU_XX_wav2lip.pt
FAKE_T2_1038_IEO_SAD_HI__AUDIO_1038_IEO_ANG_HI_wav2lip,track2,1,crema_1038,ANG,SAD,-1,1,1,1,,data\preprocessed\features\z_at\FAKE_T2_1038_IEO_SAD_HI__AUDIO_1038_IEO_ANG_HI_wav2lip.pt,data\preprocessed\features\z_v\FAKE_T2_1038_IEO_SAD_HI__AUDIO_1038_IEO_ANG_HI_wav2lip.pt
FAKE_T2_1038_IOM_DIS_XX__AUDIO_1038_IOM_FEA_XX_wav2lip,track2,1,crema_1038,FEA,DIS,-1,1,1,1,,data\preprocessed\features\z_at\FAKE_T2_1038_IOM_DIS_XX__AUDIO_1038_IOM_FEA_XX_wav2lip.pt,data\preprocessed\features\z_v\FAKE_T2_1038_IOM_DIS_XX__AUDIO_1038_IOM_FEA_XX_wav2lip.pt
FAKE_T2_1038_ITS_DIS_XX__AUDIO_1038_ITS_FEA_XX_wav2lip,track2,1,crema_1038,FEA,DIS,-1,1,1,1,,data\preprocessed\features\z_at\FAKE_T2_1038_ITS_DIS_XX__AUDIO_1038_ITS_FEA_XX_wav2lip.pt,data\preprocessed\features\z_v\FAKE_T2_1038_ITS_DIS_XX__AUDIO_1038_ITS_FEA_XX_wav2lip.pt
FAKE_T2_1038_ITS_NEU_XX__AUDIO_1038_ITS_SAD_XX_wav2lip,track2,1,crema_1038,SAD,NEU,-1,1,1,1,,data\preprocessed\features\z_at\FAKE_T2_1038_ITS_NEU_XX__AUDIO_1038_ITS_SAD_XX_wav2lip.pt,data\preprocessed\features\z_v\FAKE_T2_1038_ITS_NEU_XX__AUDIO_1038_ITS_SAD_XX_wav2lip.pt
FAKE_T2_1038_IWL_DIS_XX__AUDIO_1038_IWL_FEA_XX_wav2lip,track2,1,crema_1038,FEA,DIS,-1,1,1,1,,data\preprocessed\features\z_at\FAKE_T2_1038_IWL_DIS_XX__AUDIO_1038_IWL_FEA_XX_wav2lip.pt,data\preprocessed\features\z_v\FAKE_T2_1038_IWL_DIS_XX__AUDIO_1038_IWL_FEA_XX_wav2lip.pt
FAKE_T2_1038_IWW_ANG_XX__AUDIO_1038_IWW_DIS_XX_wav2lip,track2,1,crema_1038,DIS,ANG,-1,1,1,1,,data\preprocessed\features\z_at\FAKE_T2_1038_IWW_ANG_XX__AUDIO_1038_IWW_DIS_XX_wav2lip.pt,data\preprocessed\features\z_v\FAKE_T2_1038_IWW_ANG_XX__AUDIO_1038_IWW_DIS_XX_wav2lip.pt
FAKE_T2_1038_IWW_FEA_XX__AUDIO_1038_IWW_HAP_XX_wav2lip,track2,1,crema_1038,HAP,FEA,-1,1,1,1,,data\preprocessed\features\z_at\FAKE_T2_1038_IWW_FEA_XX__AUDIO_1038_IWW_HAP_XX_wav2lip.pt,data\preprocessed\features\z_v\FAKE_T2_1038_IWW_FEA_XX__AUDIO_1038_IWW_HAP_XX_wav2lip.pt
FAKE_T2_1038_IWW_NEU_XX__AUDIO_1038_IWW_SAD_XX_wav2lip,track2,1,crema_1038,SAD,NEU,-1,1,1,1,,data\preprocessed\features\z_at\FAKE_T2_1038_IWW_NEU_XX__AUDIO_1038_IWW_SAD_XX_wav2lip.pt,data\preprocessed\features\z_v\FAKE_T2_1038_IWW_NEU_XX__AUDIO_1038_IWW_SAD_XX_wav2lip.pt
FAKE_T2_1038_TAI_ANG_XX__AUDIO_1038_TAI_DIS_XX_wav2lip,track2,1,crema_1038,DIS,ANG,-1,1,1,1,,data\preprocessed\features\z_at\FAKE_T2_1038_TAI_ANG_XX__AUDIO_1038_TAI_DIS_XX_wav2lip.pt,data\preprocessed\features\z_v\FAKE_T2_1038_TAI_ANG_XX__AUDIO_1038_TAI_DIS_XX_wav2lip.pt
FAKE_T2_1038_TIE_ANG_XX__AUDIO_1038_TIE_DIS_XX_wav2lip,track2,1,crema_1038,DIS,ANG,-1,1,1,1,,data\preprocessed\features\z_at\FAKE_T2_1038_TIE_ANG_XX__AUDIO_1038_TIE_DIS_XX_wav2lip.pt,data\preprocessed\features\z_v\FAKE_T2_1038_TIE_ANG_XX__AUDIO_1038_TIE_DIS_XX_wav2lip.pt
FAKE_T2_1038_TIE_FEA_XX__AUDIO_1038_TIE_HAP_XX_wav2lip,track2,1,crema_1038,HAP,FEA,-1,1,1,1,,data\preprocessed\features\z_at\FAKE_T2_1038_TIE_FEA_XX__AUDIO_1038_TIE_HAP_XX_wav2lip.pt,data\preprocessed\features\z_v\FAKE_T2_1038_TIE_FEA_XX__AUDIO_1038_TIE_HAP_XX_wav2lip.pt
FAKE_T2_1038_TIE_NEU_XX__AUDIO_1038_TIE_SAD_XX_wav2lip,track2,1,crema_1038,SAD,NEU,-1,1,1,1,,data\preprocessed\features\z_at\FAKE_T2_1038_TIE_NEU_XX__AUDIO_1038_TIE_SAD_XX_wav2lip.pt,data\preprocessed\features\z_v\FAKE_T2_1038_TIE_NEU_XX__AUDIO_1038_TIE_SAD_XX_wav2lip.pt
FAKE_T2_1038_TIE_SAD_XX__AUDIO_1038_TIE_ANG_XX_wav2lip,track2,1,crema_1038,ANG,SAD,-1,1,1,1,,data\preprocessed\features\z_at\FAKE_T2_1038_TIE_SAD_XX__AUDIO_1038_TIE_ANG_XX_wav2lip.pt,data\preprocessed\features\z_v\FAKE_T2_1038_TIE_SAD_XX__AUDIO_1038_TIE_ANG_XX_wav2lip.pt
FAKE_T2_1038_TSI_HAP_XX__AUDIO_1038_TSI_NEU_XX_wav2lip,track2,1,crema_1038,NEU,HAP,-1,1,1,1,,data\preprocessed\features\z_at\FAKE_T2_1038_TSI_HAP_XX__AUDIO_1038_TSI_NEU_XX_wav2lip.pt,data\preprocessed\features\z_v\FAKE_T2_1038_TSI_HAP_XX__AUDIO_1038_TSI_NEU_XX_wav2lip.pt
FAKE_T2_1038_TSI_NEU_XX__AUDIO_1038_TSI_SAD_XX_wav2lip,track2,1,crema_1038,SAD,NEU,-1,1,1,1,,data\preprocessed\features\z_at\FAKE_T2_1038_TSI_NEU_XX__AUDIO_1038_TSI_SAD_XX_wav2lip.pt,data\preprocessed\features\z_v\FAKE_T2_1038_TSI_NEU_XX__AUDIO_1038_TSI_SAD_XX_wav2lip.pt
FAKE_T2_1038_TSI_SAD_XX__AUDIO_1038_TSI_ANG_XX_wav2lip,track2,1,crema_1038,ANG,SAD,-1,1,1,1,,data\preprocessed\features\z_at\FAKE_T2_1038_TSI_SAD_XX__AUDIO_1038_TSI_ANG_XX_wav2lip.pt,data\preprocessed\features\z_v\FAKE_T2_1038_TSI_SAD_XX__AUDIO_1038_TSI_ANG_XX_wav2lip.pt
FAKE_T2_1038_WSI_ANG_XX__AUDIO_1038_WSI_DIS_XX_wav2lip,track2,1,crema_1038,DIS,ANG,-1,1,1,1,,data\preprocessed\features\z_at\FAKE_T2_1038_WSI_ANG_XX__AUDIO_1038_WSI_DIS_XX_wav2lip.pt,data\preprocessed\features\z_v\FAKE_T2_1038_WSI_ANG_XX__AUDIO_1038_WSI_DIS_XX_wav2lip.pt
FAKE_T2_1038_WSI_SAD_XX__AUDIO_1038_WSI_ANG_XX_wav2lip,track2,1,crema_1038,ANG,SAD,-1,1,1,1,,data\preprocessed\features\z_at\FAKE_T2_1038_WSI_SAD_XX__AUDIO_1038_WSI_ANG_XX_wav2lip.pt,data\preprocessed\features\z_v\FAKE_T2_1038_WSI_SAD_XX__AUDIO_1038_WSI_ANG_XX_wav2lip.pt
FAKE_T2_1039_DFA_NEU_XX__AUDIO_1039_DFA_SAD_XX_wav2lip,track2,1,crema_1039,SAD,NEU,-1,1,1,1,,data\preprocessed\features\z_at\FAKE_T2_1039_DFA_NEU_XX__AUDIO_1039_DFA_SAD_XX_wav2lip.pt,data\preprocessed\features\z_v\FAKE_T2_1039_DFA_NEU_XX__AUDIO_1039_DFA_SAD_XX_wav2lip.pt
FAKE_T2_1039_DFA_SAD_XX__AUDIO_1039_DFA_ANG_XX_wav2lip,track2,1,crema_1039,ANG,SAD,-1,1,1,1,,data\preprocessed\features\z_at\FAKE_T2_1039_DFA_SAD_XX__AUDIO_1039_DFA_ANG_XX_wav2lip.pt,data\preprocessed\features\z_v\FAKE_T2_1039_DFA_SAD_XX__AUDIO_1039_DFA_ANG_XX_wav2lip.pt
FAKE_T2_1039_IEO_DIS_LO__AUDIO_1039_IEO_FEA_LO_wav2lip,track2,1,crema_1039,FEA,DIS,-1,1,1,1,,data\preprocessed\features\z_at\FAKE_T2_1039_IEO_DIS_LO__AUDIO_1039_IEO_FEA_LO_wav2lip.pt,data\preprocessed\features\z_v\FAKE_T2_1039_IEO_DIS_LO__AUDIO_1039_IEO_FEA_LO_wav2lip.pt
FAKE_T2_1039_IEO_DIS_MD__AUDIO_1039_IEO_FEA_MD_wav2lip,track2,1,crema_1039,FEA,DIS,-1,1,1,1,,data\preprocessed\features\z_at\FAKE_T2_1039_IEO_DIS_MD__AUDIO_1039_IEO_FEA_MD_wav2lip.pt,data\preprocessed\features\z_v\FAKE_T2_1039_IEO_DIS_MD__AUDIO_1039_IEO_FEA_MD_wav2lip.pt
FAKE_T2_1039_IEO_HAP_HI__AUDIO_1039_IEO_NEU_XX_wav2lip,track2,1,crema_1039,NEU,HAP,-1,1,1,1,,data\preprocessed\features\z_at\FAKE_T2_1039_IEO_HAP_HI__AUDIO_1039_IEO_NEU_XX_wav2lip.pt,data\preprocessed\features\z_v\FAKE_T2_1039_IEO_HAP_HI__AUDIO_1039_IEO_NEU_XX_wav2lip.pt
FAKE_T2_1039_IOM_NEU_XX__AUDIO_1039_IOM_SAD_XX_wav2lip,track2,1,crema_1039,SAD,NEU,-1,1,1,1,,data\preprocessed\features\z_at\FAKE_T2_1039_IOM_NEU_XX__AUDIO_1039_IOM_SAD_XX_wav2lip.pt,data\preprocessed\features\z_v\FAKE_T2_1039_IOM_NEU_XX__AUDIO_1039_IOM_SAD_XX_wav2lip.pt
FAKE_T2_1039_ITS_DIS_XX__AUDIO_1039_ITS_FEA_XX_wav2lip,track2,1,crema_1039,FEA,DIS,-1,1,1,1,,data\preprocessed\features\z_at\FAKE_T2_1039_ITS_DIS_XX__AUDIO_1039_ITS_FEA_XX_wav2lip.pt,data\preprocessed\features\z_v\FAKE_T2_1039_ITS_DIS_XX__AUDIO_1039_ITS_FEA_XX_wav2lip.pt
FAKE_T2_1039_ITS_FEA_XX__AUDIO_1039_ITS_HAP_XX_wav2lip,track2,1,crema_1039,HAP,FEA,-1,1,1,1,,data\preprocessed\features\z_at\FAKE_T2_1039_ITS_FEA_XX__AUDIO_1039_ITS_HAP_XX_wav2lip.pt,data\preprocessed\features\z_v\FAKE_T2_1039_ITS_FEA_XX__AUDIO_1039_ITS_HAP_XX_wav2lip.pt
FAKE_T2_1039_ITS_NEU_XX__AUDIO_1039_ITS_SAD_XX_wav2lip,track2,1,crema_1039,SAD,NEU,-1,1,1,1,,data\preprocessed\features\z_at\FAKE_T2_1039_ITS_NEU_XX__AUDIO_1039_ITS_SAD_XX_wav2lip.pt,data\preprocessed\features\z_v\FAKE_T2_1039_ITS_NEU_XX__AUDIO_1039_ITS_SAD_XX_wav2lip.pt
FAKE_T2_1039_IWL_FEA_XX__AUDIO_1039_IWL_HAP_XX_wav2lip,track2,1,crema_1039,HAP,FEA,-1,1,1,1,,data\preprocessed\features\z_at\FAKE_T2_1039_IWL_FEA_XX__AUDIO_1039_IWL_HAP_XX_wav2lip.pt,data\preprocessed\features\z_v\FAKE_T2_1039_IWL_FEA_XX__AUDIO_1039_IWL_HAP_XX_wav2lip.pt
FAKE_T2_1039_IWW_DIS_XX__AUDIO_1039_IWW_FEA_XX_wav2lip,track2,1,crema_1039,FEA,DIS,-1,1,1,1,,data\preprocessed\features\z_at\FAKE_T2_1039_IWW_DIS_XX__AUDIO_1039_IWW_FEA_XX_wav2lip.pt,data\preprocessed\features\z_v\FAKE_T2_1039_IWW_DIS_XX__AUDIO_1039_IWW_FEA_XX_wav2lip.pt
FAKE_T2_1039_IWW_FEA_XX__AUDIO_1039_IWW_HAP_XX_wav2lip,track2,1,crema_1039,HAP,FEA,-1,1,1,1,,data\preprocessed\features\z_at\FAKE_T2_1039_IWW_FEA_XX__AUDIO_1039_IWW_HAP_XX_wav2lip.pt,data\preprocessed\features\z_v\FAKE_T2_1039_IWW_FEA_XX__AUDIO_1039_IWW_HAP_XX_wav2lip.pt
FAKE_T2_1039_IWW_HAP_XX__AUDIO_1039_IWW_NEU_XX_wav2lip,track2,1,crema_1039,NEU,HAP,-1,1,1,1,,data\preprocessed\features\z_at\FAKE_T2_1039_IWW_HAP_XX__AUDIO_1039_IWW_NEU_XX_wav2lip.pt,data\preprocessed\features\z_v\FAKE_T2_1039_IWW_HAP_XX__AUDIO_1039_IWW_NEU_XX_wav2lip.pt
FAKE_T2_1039_IWW_NEU_XX__AUDIO_1039_IWW_SAD_XX_wav2lip,track2,1,crema_1039,SAD,NEU,-1,1,1,1,,data\preprocessed\features\z_at\FAKE_T2_1039_IWW_NEU_XX__AUDIO_1039_IWW_SAD_XX_wav2lip.pt,data\preprocessed\features\z_v\FAKE_T2_1039_IWW_NEU_XX__AUDIO_1039_IWW_SAD_XX_wav2lip.pt
FAKE_T2_1039_IWW_SAD_XX__AUDIO_1039_IWW_ANG_XX_wav2lip,track2,1,crema_1039,ANG,SAD,-1,1,1,1,,data\preprocessed\features\z_at\FAKE_T2_1039_IWW_SAD_XX__AUDIO_1039_IWW_ANG_XX_wav2lip.pt,data\preprocessed\features\z_v\FAKE_T2_1039_IWW_SAD_XX__AUDIO_1039_IWW_ANG_XX_wav2lip.pt
FAKE_T2_1039_MTI_DIS_XX__AUDIO_1039_MTI_FEA_XX_wav2lip,track2,1,crema_1039,FEA,DIS,-1,1,1,1,,data\preprocessed\features\z_at\FAKE_T2_1039_MTI_DIS_XX__AUDIO_1039_MTI_FEA_XX_wav2lip.pt,data\preprocessed\features\z_v\FAKE_T2_1039_MTI_DIS_XX__AUDIO_1039_MTI_FEA_XX_wav2lip.pt
FAKE_T2_1039_MTI_FEA_XX__AUDIO_1039_MTI_HAP_XX_wav2lip,track2,1,crema_1039,HAP,FEA,-1,1,1,1,,data\preprocessed\features\z_at\FAKE_T2_1039_MTI_FEA_XX__AUDIO_1039_MTI_HAP_XX_wav2lip.pt,data\preprocessed\features\z_v\FAKE_T2_1039_MTI_FEA_XX__AUDIO_1039_MTI_HAP_XX_wav2lip.pt
FAKE_T2_1039_TAI_DIS_XX__AUDIO_1039_TAI_FEA_XX_wav2lip,track2,1,crema_1039,FEA,DIS,-1,1,1,1,,data\preprocessed\features\z_at\FAKE_T2_1039_TAI_DIS_XX__AUDIO_1039_TAI_FEA_XX_wav2lip.pt,data\preprocessed\features\z_v\FAKE_T2_1039_TAI_DIS_XX__AUDIO_1039_TAI_FEA_XX_wav2lip.pt
FAKE_T2_1039_TAI_NEU_XX__AUDIO_1039_TAI_SAD_XX_wav2lip,track2,1,crema_1039,SAD,NEU,-1,1,1,1,,data\preprocessed\features\z_at\FAKE_T2_1039_TAI_NEU_XX__AUDIO_1039_TAI_SAD_XX_wav2lip.pt,data\preprocessed\features\z_v\FAKE_T2_1039_TAI_NEU_XX__AUDIO_1039_TAI_SAD_XX_wav2lip.pt
FAKE_T2_1039_TAI_SAD_XX__AUDIO_1039_TAI_ANG_XX_wav2lip,track2,1,crema_1039,ANG,SAD,-1,1,1,1,,data\preprocessed\features\z_at\FAKE_T2_1039_TAI_SAD_XX__AUDIO_1039_TAI_ANG_XX_wav2lip.pt,data\preprocessed\features\z_v\FAKE_T2_1039_TAI_SAD_XX__AUDIO_1039_TAI_ANG_XX_wav2lip.pt
FAKE_T2_1039_TIE_SAD_XX__AUDIO_1039_TIE_ANG_XX_wav2lip,track2,1,crema_1039,ANG,SAD,-1,1,1,1,,data\preprocessed\features\z_at\FAKE_T2_1039_TIE_SAD_XX__AUDIO_1039_TIE_ANG_XX_wav2lip.pt,data\preprocessed\features\z_v\FAKE_T2_1039_TIE_SAD_XX__AUDIO_1039_TIE_ANG_XX_wav2lip.pt
FAKE_T2_1039_TSI_DIS_XX__AUDIO_1039_TSI_FEA_XX_wav2lip,track2,1,crema_1039,FEA,DIS,-1,1,1,1,,data\preprocessed\features\z_at\FAKE_T2_1039_TSI_DIS_XX__AUDIO_1039_TSI_FEA_XX_wav2lip.pt,data\preprocessed\features\z_v\FAKE_T2_1039_TSI_DIS_XX__AUDIO_1039_TSI_FEA_XX_wav2lip.pt
FAKE_T2_1039_TSI_HAP_XX__AUDIO_1039_TSI_NEU_XX_wav2lip,track2,1,crema_1039,NEU,HAP,-1,1,1,1,,data\preprocessed\features\z_at\FAKE_T2_1039_TSI_HAP_XX__AUDIO_1039_TSI_NEU_XX_wav2lip.pt,data\preprocessed\features\z_v\FAKE_T2_1039_TSI_HAP_XX__AUDIO_1039_TSI_NEU_XX_wav2lip.pt
FAKE_T2_1039_TSI_NEU_XX__AUDIO_1039_TSI_SAD_XX_wav2lip,track2,1,crema_1039,SAD,NEU,-1,1,1,1,,data\preprocessed\features\z_at\FAKE_T2_1039_TSI_NEU_XX__AUDIO_1039_TSI_SAD_XX_wav2lip.pt,data\preprocessed\features\z_v\FAKE_T2_1039_TSI_NEU_XX__AUDIO_1039_TSI_SAD_XX_wav2lip.pt
FAKE_T2_1039_TSI_SAD_XX__AUDIO_1039_TSI_ANG_XX_wav2lip,track2,1,crema_1039,ANG,SAD,-1,1,1,1,,data\preprocessed\features\z_at\FAKE_T2_1039_TSI_SAD_XX__AUDIO_1039_TSI_ANG_XX_wav2lip.pt,data\preprocessed\features\z_v\FAKE_T2_1039_TSI_SAD_XX__AUDIO_1039_TSI_ANG_XX_wav2lip.pt
FAKE_T2_1040_DFA_NEU_XX__AUDIO_1040_DFA_SAD_XX_wav2lip,track2,1,crema_1040,SAD,NEU,-1,1,1,1,,data\preprocessed\features\z_at\FAKE_T2_1040_DFA_NEU_XX__AUDIO_1040_DFA_SAD_XX_wav2lip.pt,data\preprocessed\features\z_v\FAKE_T2_1040_DFA_NEU_XX__AUDIO_1040_DFA_SAD_XX_wav2lip.pt
FAKE_T2_1040_IEO_ANG_HI__AUDIO_1040_IEO_DIS_HI_wav2lip,track2,1,crema_1040,DIS,ANG,-1,1,1,1,,data\preprocessed\features\z_at\FAKE_T2_1040_IEO_ANG_HI__AUDIO_1040_IEO_DIS_HI_wav2lip.pt,data\preprocessed\features\z_v\FAKE_T2_1040_IEO_ANG_HI__AUDIO_1040_IEO_DIS_HI_wav2lip.pt
FAKE_T2_1040_IEO_HAP_LO__AUDIO_1040_IEO_NEU_XX_wav2lip,track2,1,crema_1040,NEU,HAP,-1,1,1,1,,data\preprocessed\features\z_at\FAKE_T2_1040_IEO_HAP_LO__AUDIO_1040_IEO_NEU_XX_wav2lip.pt,data\preprocessed\features\z_v\FAKE_T2_1040_IEO_HAP_LO__AUDIO_1040_IEO_NEU_XX_wav2lip.pt
FAKE_T2_1040_IOM_HAP_XX__AUDIO_1040_IOM_NEU_XX_wav2lip,track2,1,crema_1040,NEU,HAP,-1,1,1,1,,data\preprocessed\features\z_at\FAKE_T2_1040_IOM_HAP_XX__AUDIO_1040_IOM_NEU_XX_wav2lip.pt,data\preprocessed\features\z_v\FAKE_T2_1040_IOM_HAP_XX__AUDIO_1040_IOM_NEU_XX_wav2lip.pt
FAKE_T2_1040_IOM_NEU_XX__AUDIO_1040_IOM_SAD_XX_wav2lip,track2,1,crema_1040,SAD,NEU,-1,1,1,1,,data\preprocessed\features\z_at\FAKE_T2_1040_IOM_NEU_XX__AUDIO_1040_IOM_SAD_XX_wav2lip.pt,data\preprocessed\features\z_v\FAKE_T2_1040_IOM_NEU_XX__AUDIO_1040_IOM_SAD_XX_wav2lip.pt
FAKE_T2_1040_ITH_ANG_XX__AUDIO_1040_ITH_DIS_XX_wav2lip,track2,1,crema_1040,DIS,ANG,-1,1,1,1,,data\preprocessed\features\z_at\FAKE_T2_1040_ITH_ANG_XX__AUDIO_1040_ITH_DIS_XX_wav2lip.pt,data\preprocessed\features\z_v\FAKE_T2_1040_ITH_ANG_XX__AUDIO_1040_ITH_DIS_XX_wav2lip.pt
FAKE_T2_1040_ITS_ANG_XX__AUDIO_1040_ITS_DIS_XX_wav2lip,track2,1,crema_1040,DIS,ANG,-1,1,1,1,,data\preprocessed\features\z_at\FAKE_T2_1040_ITS_ANG_XX__AUDIO_1040_ITS_DIS_XX_wav2lip.pt,data\preprocessed\features\z_v\FAKE_T2_1040_ITS_ANG_XX__AUDIO_1040_ITS_DIS_XX_wav2lip.pt
FAKE_T2_1040_ITS_SAD_XX__AUDIO_1040_ITS_ANG_XX_wav2lip,track2,1,crema_1040,ANG,SAD,-1,1,1,1,,data\preprocessed\features\z_at\FAKE_T2_1040_ITS_SAD_XX__AUDIO_1040_ITS_ANG_XX_wav2lip.pt,data\preprocessed\features\z_v\FAKE_T2_1040_ITS_SAD_XX__AUDIO_1040_ITS_ANG_XX_wav2lip.pt
FAKE_T2_1040_IWL_ANG_XX__AUDIO_1040_IWL_DIS_XX_wav2lip,track2,1,crema_1040,DIS,ANG,-1,1,1,1,,data\preprocessed\features\z_at\FAKE_T2_1040_IWL_ANG_XX__AUDIO_1040_IWL_DIS_XX_wav2lip.pt,data\preprocessed\features\z_v\FAKE_T2_1040_IWL_ANG_XX__AUDIO_1040_IWL_DIS_XX_wav2lip.pt
FAKE_T2_1040_IWW_ANG_XX__AUDIO_1040_IWW_DIS_XX_wav2lip,track2,1,crema_1040,DIS,ANG,-1,1,1,1,,data\preprocessed\features\z_at\FAKE_T2_1040_IWW_ANG_XX__AUDIO_1040_IWW_DIS_XX_wav2lip.pt,data\preprocessed\features\z_v\FAKE_T2_1040_IWW_ANG_XX__AUDIO_1040_IWW_DIS_XX_wav2lip.pt
FAKE_T2_1040_IWW_FEA_XX__AUDIO_1040_IWW_HAP_XX_wav2lip,track2,1,crema_1040,HAP,FEA,-1,1,1,1,,data\preprocessed\features\z_at\FAKE_T2_1040_IWW_FEA_XX__AUDIO_1040_IWW_HAP_XX_wav2lip.pt,data\preprocessed\features\z_v\FAKE_T2_1040_IWW_FEA_XX__AUDIO_1040_IWW_HAP_XX_wav2lip.pt
FAKE_T2_1040_IWW_HAP_XX__AUDIO_1040_IWW_NEU_XX_wav2lip,track2,1,crema_1040,NEU,HAP,-1,1,1,1,,data\preprocessed\features\z_at\FAKE_T2_1040_IWW_HAP_XX__AUDIO_1040_IWW_NEU_XX_wav2lip.pt,data\preprocessed\features\z_v\FAKE_T2_1040_IWW_HAP_XX__AUDIO_1040_IWW_NEU_XX_wav2lip.pt
FAKE_T2_1040_IWW_NEU_XX__AUDIO_1040_IWW_SAD_XX_wav2lip,track2,1,crema_1040,SAD,NEU,-1,1,1,1,,data\preprocessed\features\z_at\FAKE_T2_1040_IWW_NEU_XX__AUDIO_1040_IWW_SAD_XX_wav2lip.pt,data\preprocessed\features\z_v\FAKE_T2_1040_IWW_NEU_XX__AUDIO_1040_IWW_SAD_XX_wav2lip.pt
FAKE_T2_1040_MTI_NEU_XX__AUDIO_1040_MTI_SAD_XX_wav2lip,track2,1,crema_1040,SAD,NEU,-1,1,1,1,,data\preprocessed\features\z_at\FAKE_T2_1040_MTI_NEU_XX__AUDIO_1040_MTI_SAD_XX_wav2lip.pt,data\preprocessed\features\z_v\FAKE_T2_1040_MTI_NEU_XX__AUDIO_1040_MTI_SAD_XX_wav2lip.pt
FAKE_T2_1040_TAI_DIS_XX__AUDIO_1040_TAI_FEA_XX_wav2lip,track2,1,crema_1040,FEA,DIS,-1,1,1,1,,data\preprocessed\features\z_at\FAKE_T2_1040_TAI_DIS_XX__AUDIO_1040_TAI_FEA_XX_wav2lip.pt,data\preprocessed\features\z_v\FAKE_T2_1040_TAI_DIS_XX__AUDIO_1040_TAI_FEA_XX_wav2lip.pt
FAKE_T2_1040_TAI_FEA_XX__AUDIO_1040_TAI_HAP_XX_wav2lip,track2,1,crema_1040,HAP,FEA,-1,1,1,1,,data\preprocessed\features\z_at\FAKE_T2_1040_TAI_FEA_XX__AUDIO_1040_TAI_HAP_XX_wav2lip.pt,data\preprocessed\features\z_v\FAKE_T2_1040_TAI_FEA_XX__AUDIO_1040_TAI_HAP_XX_wav2lip.pt
FAKE_T2_1040_TAI_NEU_XX__AUDIO_1040_TAI_SAD_XX_wav2lip,track2,1,crema_1040,SAD,NEU,-1,1,1,1,,data\preprocessed\features\z_at\FAKE_T2_1040_TAI_NEU_XX__AUDIO_1040_TAI_SAD_XX_wav2lip.pt,data\preprocessed\features\z_v\FAKE_T2_1040_TAI_NEU_XX__AUDIO_1040_TAI_SAD_XX_wav2lip.pt
FAKE_T2_1040_TIE_FEA_XX__AUDIO_1040_TIE_HAP_XX_wav2lip,track2,1,crema_1040,HAP,FEA,-1,1,1,1,,data\preprocessed\features\z_at\FAKE_T2_1040_TIE_FEA_XX__AUDIO_1040_TIE_HAP_XX_wav2lip.pt,data\preprocessed\features\z_v\FAKE_T2_1040_TIE_FEA_XX__AUDIO_1040_TIE_HAP_XX_wav2lip.pt
FAKE_T2_1040_TIE_SAD_XX__AUDIO_1040_TIE_ANG_XX_wav2lip,track2,1,crema_1040,ANG,SAD,-1,1,1,1,,data\preprocessed\features\z_at\FAKE_T2_1040_TIE_SAD_XX__AUDIO_1040_TIE_ANG_XX_wav2lip.pt,data\preprocessed\features\z_v\FAKE_T2_1040_TIE_SAD_XX__AUDIO_1040_TIE_ANG_XX_wav2lip.pt
FAKE_T2_1040_TSI_ANG_XX__AUDIO_1040_TSI_DIS_XX_wav2lip,track2,1,crema_1040,DIS,ANG,-1,1,1,1,,data\preprocessed\features\z_at\FAKE_T2_1040_TSI_ANG_XX__AUDIO_1040_TSI_DIS_XX_wav2lip.pt,data\preprocessed\features\z_v\FAKE_T2_1040_TSI_ANG_XX__AUDIO_1040_TSI_DIS_XX_wav2lip.pt
FAKE_T2_1040_TSI_FEA_XX__AUDIO_1040_TSI_HAP_XX_wav2lip,track2,1,crema_1040,HAP,FEA,-1,1,1,1,,data\preprocessed\features\z_at\FAKE_T2_1040_TSI_FEA_XX__AUDIO_1040_TSI_HAP_XX_wav2lip.pt,data\preprocessed\features\z_v\FAKE_T2_1040_TSI_FEA_XX__AUDIO_1040_TSI_HAP_XX_wav2lip.pt
FAKE_T2_1040_TSI_NEU_XX__AUDIO_1040_TSI_SAD_XX_wav2lip,track2,1,crema_1040,SAD,NEU,-1,1,1,1,,data\preprocessed\features\z_at\FAKE_T2_1040_TSI_NEU_XX__AUDIO_1040_TSI_SAD_XX_wav2lip.pt,data\preprocessed\features\z_v\FAKE_T2_1040_TSI_NEU_XX__AUDIO_1040_TSI_SAD_XX_wav2lip.pt
FAKE_T2_1040_WSI_DIS_XX__AUDIO_1040_WSI_FEA_XX_wav2lip,track2,1,crema_1040,FEA,DIS,-1,1,1,1,,data\preprocessed\features\z_at\FAKE_T2_1040_WSI_DIS_XX__AUDIO_1040_WSI_FEA_XX_wav2lip.pt,data\preprocessed\features\z_v\FAKE_T2_1040_WSI_DIS_XX__AUDIO_1040_WSI_FEA_XX_wav2lip.pt
FAKE_T2_1040_WSI_FEA_XX__AUDIO_1040_WSI_HAP_XX_wav2lip,track2,1,crema_1040,HAP,FEA,-1,1,1,1,,data\preprocessed\features\z_at\FAKE_T2_1040_WSI_FEA_XX__AUDIO_1040_WSI_HAP_XX_wav2lip.pt,data\preprocessed\features\z_v\FAKE_T2_1040_WSI_FEA_XX__AUDIO_1040_WSI_HAP_XX_wav2lip.pt
FAKE_T2_1040_WSI_NEU_XX__AUDIO_1040_WSI_SAD_XX_wav2lip,track2,1,crema_1040,SAD,NEU,-1,1,1,1,,data\preprocessed\features\z_at\FAKE_T2_1040_WSI_NEU_XX__AUDIO_1040_WSI_SAD_XX_wav2lip.pt,data\preprocessed\features\z_v\FAKE_T2_1040_WSI_NEU_XX__AUDIO_1040_WSI_SAD_XX_wav2lip.pt
FAKE_T2_1042_DFA_DIS_XX__AUDIO_1042_DFA_FEA_XX_wav2lip,track2,1,crema_1042,FEA,DIS,-1,1,1,1,,data\preprocessed\features\z_at\FAKE_T2_1042_DFA_DIS_XX__AUDIO_1042_DFA_FEA_XX_wav2lip.pt,data\preprocessed\features\z_v\FAKE_T2_1042_DFA_DIS_XX__AUDIO_1042_DFA_FEA_XX_wav2lip.pt
FAKE_T2_1042_DFA_HAP_XX__AUDIO_1042_DFA_NEU_XX_wav2lip,track2,1,crema_1042,NEU,HAP,-1,1,1,1,,data\preprocessed\features\z_at\FAKE_T2_1042_DFA_HAP_XX__AUDIO_1042_DFA_NEU_XX_wav2lip.pt,data\preprocessed\features\z_v\FAKE_T2_1042_DFA_HAP_XX__AUDIO_1042_DFA_NEU_XX_wav2lip.pt
FAKE_T2_1042_DFA_SAD_XX__AUDIO_1042_DFA_ANG_XX_wav2lip,track2,1,crema_1042,ANG,SAD,-1,1,1,1,,data\preprocessed\features\z_at\FAKE_T2_1042_DFA_SAD_XX__AUDIO_1042_DFA_ANG_XX_wav2lip.pt,data\preprocessed\features\z_v\FAKE_T2_1042_DFA_SAD_XX__AUDIO_1042_DFA_ANG_XX_wav2lip.pt
FAKE_T2_1042_IEO_DIS_LO__AUDIO_1042_IEO_FEA_LO_wav2lip,track2,1,crema_1042,FEA,DIS,-1,1,1,1,,data\preprocessed\features\z_at\FAKE_T2_1042_IEO_DIS_LO__AUDIO_1042_IEO_FEA_LO_wav2lip.pt,data\preprocessed\features\z_v\FAKE_T2_1042_IEO_DIS_LO__AUDIO_1042_IEO_FEA_LO_wav2lip.pt
FAKE_T2_1042_IEO_DIS_MD__AUDIO_1042_IEO_FEA_MD_wav2lip,track2,1,crema_1042,FEA,DIS,-1,1,1,1,,data\preprocessed\features\z_at\FAKE_T2_1042_IEO_DIS_MD__AUDIO_1042_IEO_FEA_MD_wav2lip.pt,data\preprocessed\features\z_v\FAKE_T2_1042_IEO_DIS_MD__AUDIO_1042_IEO_FEA_MD_wav2lip.pt
FAKE_T2_1042_IEO_HAP_HI__AUDIO_1042_IEO_NEU_XX_wav2lip,track2,1,crema_1042,NEU,HAP,-1,1,1,1,,data\preprocessed\features\z_at\FAKE_T2_1042_IEO_HAP_HI__AUDIO_1042_IEO_NEU_XX_wav2lip.pt,data\preprocessed\features\z_v\FAKE_T2_1042_IEO_HAP_HI__AUDIO_1042_IEO_NEU_XX_wav2lip.pt
FAKE_T2_1042_IEO_HAP_MD__AUDIO_1042_IEO_NEU_XX_wav2lip,track2,1,crema_1042,NEU,HAP,-1,1,1,1,,data\preprocessed\features\z_at\FAKE_T2_1042_IEO_HAP_MD__AUDIO_1042_IEO_NEU_XX_wav2lip.pt,data\preprocessed\features\z_v\FAKE_T2_1042_IEO_HAP_MD__AUDIO_1042_IEO_NEU_XX_wav2lip.pt
FAKE_T2_1042_IOM_ANG_XX__AUDIO_1042_IOM_DIS_XX_wav2lip,track2,1,crema_1042,DIS,ANG,-1,1,1,1,,data\preprocessed\features\z_at\FAKE_T2_1042_IOM_ANG_XX__AUDIO_1042_IOM_DIS_XX_wav2lip.pt,data\preprocessed\features\z_v\FAKE_T2_1042_IOM_ANG_XX__AUDIO_1042_IOM_DIS_XX_wav2lip.pt
FAKE_T2_1042_IOM_DIS_XX__AUDIO_1042_IOM_FEA_XX_wav2lip,track2,1,crema_1042,FEA,DIS,-1,1,1,1,,data\preprocessed\features\z_at\FAKE_T2_1042_IOM_DIS_XX__AUDIO_1042_IOM_FEA_XX_wav2lip.pt,data\preprocessed\features\z_v\FAKE_T2_1042_IOM_DIS_XX__AUDIO_1042_IOM_FEA_XX_wav2lip.pt
FAKE_T2_1042_ITH_HAP_XX__AUDIO_1042_ITH_NEU_XX_wav2lip,track2,1,crema_1042,NEU,HAP,-1,1,1,1,,data\preprocessed\features\z_at\FAKE_T2_1042_ITH_HAP_XX__AUDIO_1042_ITH_NEU_XX_wav2lip.pt,data\preprocessed\features\z_v\FAKE_T2_1042_ITH_HAP_XX__AUDIO_1042_ITH_NEU_XX_wav2lip.pt
FAKE_T2_1042_ITH_NEU_XX__AUDIO_1042_ITH_SAD_XX_wav2lip,track2,1,crema_1042,SAD,NEU,-1,1,1,1,,data\preprocessed\features\z_at\FAKE_T2_1042_ITH_NEU_XX__AUDIO_1042_ITH_SAD_XX_wav2lip.pt,data\preprocessed\features\z_v\FAKE_T2_1042_ITH_NEU_XX__AUDIO_1042_ITH_SAD_XX_wav2lip.pt
FAKE_T2_1042_ITH_SAD_XX__AUDIO_1042_ITH_ANG_XX_wav2lip,track2,1,crema_1042,ANG,SAD,-1,1,1,1,,data\preprocessed\features\z_at\FAKE_T2_1042_ITH_SAD_XX__AUDIO_1042_ITH_ANG_XX_wav2lip.pt,data\preprocessed\features\z_v\FAKE_T2_1042_ITH_SAD_XX__AUDIO_1042_ITH_ANG_XX_wav2lip.pt
FAKE_T2_1042_ITS_ANG_XX__AUDIO_1042_ITS_DIS_XX_wav2lip,track2,1,crema_1042,DIS,ANG,-1,1,1,1,,data\preprocessed\features\z_at\FAKE_T2_1042_ITS_ANG_XX__AUDIO_1042_ITS_DIS_XX_wav2lip.pt,data\preprocessed\features\z_v\FAKE_T2_1042_ITS_ANG_XX__AUDIO_1042_ITS_DIS_XX_wav2lip.pt
FAKE_T2_1042_ITS_NEU_XX__AUDIO_1042_ITS_SAD_XX_wav2lip,track2,1,crema_1042,SAD,NEU,-1,1,1,1,,data\preprocessed\features\z_at\FAKE_T2_1042_ITS_NEU_XX__AUDIO_1042_ITS_SAD_XX_wav2lip.pt,data\preprocessed\features\z_v\FAKE_T2_1042_ITS_NEU_XX__AUDIO_1042_ITS_SAD_XX_wav2lip.pt
FAKE_T2_1042_IWL_ANG_XX__AUDIO_1042_IWL_DIS_XX_wav2lip,track2,1,crema_1042,DIS,ANG,-1,1,1,1,,data\preprocessed\features\z_at\FAKE_T2_1042_IWL_ANG_XX__AUDIO_1042_IWL_DIS_XX_wav2lip.pt,data\preprocessed\features\z_v\FAKE_T2_1042_IWL_ANG_XX__AUDIO_1042_IWL_DIS_XX_wav2lip.pt
FAKE_T2_1042_IWL_DIS_XX__AUDIO_1042_IWL_FEA_XX_wav2lip,track2,1,crema_1042,FEA,DIS,-1,1,1,1,,data\preprocessed\features\z_at\FAKE_T2_1042_IWL_DIS_XX__AUDIO_1042_IWL_FEA_XX_wav2lip.pt,data\preprocessed\features\z_v\FAKE_T2_1042_IWL_DIS_XX__AUDIO_1042_IWL_FEA_XX_wav2lip.pt
FAKE_T2_1042_IWL_FEA_XX__AUDIO_1042_IWL_HAP_XX_wav2lip,track2,1,crema_1042,HAP,FEA,-1,1,1,1,,data\preprocessed\features\z_at\FAKE_T2_1042_IWL_FEA_XX__AUDIO_1042_IWL_HAP_XX_wav2lip.pt,data\preprocessed\features\z_v\FAKE_T2_1042_IWL_FEA_XX__AUDIO_1042_IWL_HAP_XX_wav2lip.pt
FAKE_T2_1042_IWL_NEU_XX__AUDIO_1042_IWL_SAD_XX_wav2lip,track2,1,crema_1042,SAD,NEU,-1,1,1,1,,data\preprocessed\features\z_at\FAKE_T2_1042_IWL_NEU_XX__AUDIO_1042_IWL_SAD_XX_wav2lip.pt,data\preprocessed\features\z_v\FAKE_T2_1042_IWL_NEU_XX__AUDIO_1042_IWL_SAD_XX_wav2lip.pt
FAKE_T2_1042_IWL_SAD_XX__AUDIO_1042_IWL_ANG_XX_wav2lip,track2,1,crema_1042,ANG,SAD,-1,1,1,1,,data\preprocessed\features\z_at\FAKE_T2_1042_IWL_SAD_XX__AUDIO_1042_IWL_ANG_XX_wav2lip.pt,data\preprocessed\features\z_v\FAKE_T2_1042_IWL_SAD_XX__AUDIO_1042_IWL_ANG_XX_wav2lip.pt
FAKE_T2_1042_IWW_NEU_XX__AUDIO_1042_IWW_SAD_XX_wav2lip,track2,1,crema_1042,SAD,NEU,-1,1,1,1,,data\preprocessed\features\z_at\FAKE_T2_1042_IWW_NEU_XX__AUDIO_1042_IWW_SAD_XX_wav2lip.pt,data\preprocessed\features\z_v\FAKE_T2_1042_IWW_NEU_XX__AUDIO_1042_IWW_SAD_XX_wav2lip.pt
FAKE_T2_1042_MTI_DIS_XX__AUDIO_1042_MTI_FEA_XX_wav2lip,track2,1,crema_1042,FEA,DIS,-1,1,1,1,,data\preprocessed\features\z_at\FAKE_T2_1042_MTI_DIS_XX__AUDIO_1042_MTI_FEA_XX_wav2lip.pt,data\preprocessed\features\z_v\FAKE_T2_1042_MTI_DIS_XX__AUDIO_1042_MTI_FEA_XX_wav2lip.pt
FAKE_T2_1042_MTI_NEU_XX__AUDIO_1042_MTI_SAD_XX_wav2lip,track2,1,crema_1042,SAD,NEU,-1,1,1,1,,data\preprocessed\features\z_at\FAKE_T2_1042_MTI_NEU_XX__AUDIO_1042_MTI_SAD_XX_wav2lip.pt,data\preprocessed\features\z_v\FAKE_T2_1042_MTI_NEU_XX__AUDIO_1042_MTI_SAD_XX_wav2lip.pt
FAKE_T2_1042_TAI_HAP_XX__AUDIO_1042_TAI_NEU_XX_wav2lip,track2,1,crema_1042,NEU,HAP,-1,1,1,1,,data\preprocessed\features\z_at\FAKE_T2_1042_TAI_HAP_XX__AUDIO_1042_TAI_NEU_XX_wav2lip.pt,data\preprocessed\features\z_v\FAKE_T2_1042_TAI_HAP_XX__AUDIO_1042_TAI_NEU_XX_wav2lip.pt
FAKE_T2_1042_WSI_DIS_XX__AUDIO_1042_WSI_FEA_XX_wav2lip,track2,1,crema_1042,FEA,DIS,-1,1,1,1,,data\preprocessed\features\z_at\FAKE_T2_1042_WSI_DIS_XX__AUDIO_1042_WSI_FEA_XX_wav2lip.pt,data\preprocessed\features\z_v\FAKE_T2_1042_WSI_DIS_XX__AUDIO_1042_WSI_FEA_XX_wav2lip.pt
FAKE_T2_1042_WSI_SAD_XX__AUDIO_1042_WSI_ANG_XX_wav2lip,track2,1,crema_1042,ANG,SAD,-1,1,1,1,,data\preprocessed\features\z_at\FAKE_T2_1042_WSI_SAD_XX__AUDIO_1042_WSI_ANG_XX_wav2lip.pt,data\preprocessed\features\z_v\FAKE_T2_1042_WSI_SAD_XX__AUDIO_1042_WSI_ANG_XX_wav2lip.pt
FAKE_T2_1044_IEO_ANG_MD__AUDIO_1044_IEO_DIS_MD_wav2lip,track2,1,crema_1044,DIS,ANG,-1,1,1,1,,data\preprocessed\features\z_at\FAKE_T2_1044_IEO_ANG_MD__AUDIO_1044_IEO_DIS_MD_wav2lip.pt,data\preprocessed\features\z_v\FAKE_T2_1044_IEO_ANG_MD__AUDIO_1044_IEO_DIS_MD_wav2lip.pt
FAKE_T2_1044_IEO_DIS_HI__AUDIO_1044_IEO_FEA_HI_wav2lip,track2,1,crema_1044,FEA,DIS,-1,1,1,1,,data\preprocessed\features\z_at\FAKE_T2_1044_IEO_DIS_HI__AUDIO_1044_IEO_FEA_HI_wav2lip.pt,data\preprocessed\features\z_v\FAKE_T2_1044_IEO_DIS_HI__AUDIO_1044_IEO_FEA_HI_wav2lip.pt
FAKE_T2_1044_IEO_DIS_MD__AUDIO_1044_IEO_FEA_MD_wav2lip,track2,1,crema_1044,FEA,DIS,-1,1,1,1,,data\preprocessed\features\z_at\FAKE_T2_1044_IEO_DIS_MD__AUDIO_1044_IEO_FEA_MD_wav2lip.pt,data\preprocessed\features\z_v\FAKE_T2_1044_IEO_DIS_MD__AUDIO_1044_IEO_FEA_MD_wav2lip.pt
FAKE_T2_1044_IEO_FEA_HI__AUDIO_1044_IEO_HAP_HI_wav2lip,track2,1,crema_1044,HAP,FEA,-1,1,1,1,,data\preprocessed\features\z_at\FAKE_T2_1044_IEO_FEA_HI__AUDIO_1044_IEO_HAP_HI_wav2lip.pt,data\preprocessed\features\z_v\FAKE_T2_1044_IEO_FEA_HI__AUDIO_1044_IEO_HAP_HI_wav2lip.pt
FAKE_T2_1044_IEO_HAP_HI__AUDIO_1044_IEO_NEU_XX_wav2lip,track2,1,crema_1044,NEU,HAP,-1,1,1,1,,data\preprocessed\features\z_at\FAKE_T2_1044_IEO_HAP_HI__AUDIO_1044_IEO_NEU_XX_wav2lip.pt,data\preprocessed\features\z_v\FAKE_T2_1044_IEO_HAP_HI__AUDIO_1044_IEO_NEU_XX_wav2lip.pt
FAKE_T2_1044_IEO_SAD_LO__AUDIO_1044_IEO_ANG_LO_wav2lip,track2,1,crema_1044,ANG,SAD,-1,1,1,1,,data\preprocessed\features\z_at\FAKE_T2_1044_IEO_SAD_LO__AUDIO_1044_IEO_ANG_LO_wav2lip.pt,data\preprocessed\features\z_v\FAKE_T2_1044_IEO_SAD_LO__AUDIO_1044_IEO_ANG_LO_wav2lip.pt
FAKE_T2_1044_IOM_DIS_XX__AUDIO_1044_IOM_FEA_XX_wav2lip,track2,1,crema_1044,FEA,DIS,-1,1,1,1,,data\preprocessed\features\z_at\FAKE_T2_1044_IOM_DIS_XX__AUDIO_1044_IOM_FEA_XX_wav2lip.pt,data\preprocessed\features\z_v\FAKE_T2_1044_IOM_DIS_XX__AUDIO_1044_IOM_FEA_XX_wav2lip.pt
FAKE_T2_1044_ITH_ANG_XX__AUDIO_1044_ITH_DIS_XX_wav2lip,track2,1,crema_1044,DIS,ANG,-1,1,1,1,,data\preprocessed\features\z_at\FAKE_T2_1044_ITH_ANG_XX__AUDIO_1044_ITH_DIS_XX_wav2lip.pt,data\preprocessed\features\z_v\FAKE_T2_1044_ITH_ANG_XX__AUDIO_1044_ITH_DIS_XX_wav2lip.pt
FAKE_T2_1044_ITH_DIS_XX__AUDIO_1044_ITH_FEA_XX_wav2lip,track2,1,crema_1044,FEA,DIS,-1,1,1,1,,data\preprocessed\features\z_at\FAKE_T2_1044_ITH_DIS_XX__AUDIO_1044_ITH_FEA_XX_wav2lip.pt,data\preprocessed\features\z_v\FAKE_T2_1044_ITH_DIS_XX__AUDIO_1044_ITH_FEA_XX_wav2lip.pt
FAKE_T2_1044_ITH_HAP_XX__AUDIO_1044_ITH_NEU_XX_wav2lip,track2,1,crema_1044,NEU,HAP,-1,1,1,1,,data\preprocessed\features\z_at\FAKE_T2_1044_ITH_HAP_XX__AUDIO_1044_ITH_NEU_XX_wav2lip.pt,data\preprocessed\features\z_v\FAKE_T2_1044_ITH_HAP_XX__AUDIO_1044_ITH_NEU_XX_wav2lip.pt
FAKE_T2_1044_ITH_SAD_XX__AUDIO_1044_ITH_ANG_XX_wav2lip,track2,1,crema_1044,ANG,SAD,-1,1,1,1,,data\preprocessed\features\z_at\FAKE_T2_1044_ITH_SAD_XX__AUDIO_1044_ITH_ANG_XX_wav2lip.pt,data\preprocessed\features\z_v\FAKE_T2_1044_ITH_SAD_XX__AUDIO_1044_ITH_ANG_XX_wav2lip.pt
FAKE_T2_1044_ITS_ANG_XX__AUDIO_1044_ITS_DIS_XX_wav2lip,track2,1,crema_1044,DIS,ANG,-1,1,1,1,,data\preprocessed\features\z_at\FAKE_T2_1044_ITS_ANG_XX__AUDIO_1044_ITS_DIS_XX_wav2lip.pt,data\preprocessed\features\z_v\FAKE_T2_1044_ITS_ANG_XX__AUDIO_1044_ITS_DIS_XX_wav2lip.pt
FAKE_T2_1044_ITS_FEA_XX__AUDIO_1044_ITS_HAP_XX_wav2lip,track2,1,crema_1044,HAP,FEA,-1,1,1,1,,data\preprocessed\features\z_at\FAKE_T2_1044_ITS_FEA_XX__AUDIO_1044_ITS_HAP_XX_wav2lip.pt,data\preprocessed\features\z_v\FAKE_T2_1044_ITS_FEA_XX__AUDIO_1044_ITS_HAP_XX_wav2lip.pt
FAKE_T2_1044_IWL_NEU_XX__AUDIO_1044_IWL_SAD_XX_wav2lip,track2,1,crema_1044,SAD,NEU,-1,1,1,1,,data\preprocessed\features\z_at\FAKE_T2_1044_IWL_NEU_XX__AUDIO_1044_IWL_SAD_XX_wav2lip.pt,data\preprocessed\features\z_v\FAKE_T2_1044_IWL_NEU_XX__AUDIO_1044_IWL_SAD_XX_wav2lip.pt
FAKE_T2_1044_IWW_SAD_XX__AUDIO_1044_IWW_ANG_XX_wav2lip,track2,1,crema_1044,ANG,SAD,-1,1,1,1,,data\preprocessed\features\z_at\FAKE_T2_1044_IWW_SAD_XX__AUDIO_1044_IWW_ANG_XX_wav2lip.pt,data\preprocessed\features\z_v\FAKE_T2_1044_IWW_SAD_XX__AUDIO_1044_IWW_ANG_XX_wav2lip.pt
FAKE_T2_1044_MTI_FEA_XX__AUDIO_1044_MTI_HAP_XX_wav2lip,track2,1,crema_1044,HAP,FEA,-1,1,1,1,,data\preprocessed\features\z_at\FAKE_T2_1044_MTI_FEA_XX__AUDIO_1044_MTI_HAP_XX_wav2lip.pt,data\preprocessed\features\z_v\FAKE_T2_1044_MTI_FEA_XX__AUDIO_1044_MTI_HAP_XX_wav2lip.pt
FAKE_T2_1044_TAI_ANG_XX__AUDIO_1044_TAI_DIS_XX_wav2lip,track2,1,crema_1044,DIS,ANG,-1,1,1,1,,data\preprocessed\features\z_at\FAKE_T2_1044_TAI_ANG_XX__AUDIO_1044_TAI_DIS_XX_wav2lip.pt,data\preprocessed\features\z_v\FAKE_T2_1044_TAI_ANG_XX__AUDIO_1044_TAI_DIS_XX_wav2lip.pt
FAKE_T2_1044_TAI_DIS_XX__AUDIO_1044_TAI_FEA_XX_wav2lip,track2,1,crema_1044,FEA,DIS,-1,1,1,1,,data\preprocessed\features\z_at\FAKE_T2_1044_TAI_DIS_XX__AUDIO_1044_TAI_FEA_XX_wav2lip.pt,data\preprocessed\features\z_v\FAKE_T2_1044_TAI_DIS_XX__AUDIO_1044_TAI_FEA_XX_wav2lip.pt
FAKE_T2_1044_TAI_NEU_XX__AUDIO_1044_TAI_SAD_XX_wav2lip,track2,1,crema_1044,SAD,NEU,-1,1,1,1,,data\preprocessed\features\z_at\FAKE_T2_1044_TAI_NEU_XX__AUDIO_1044_TAI_SAD_XX_wav2lip.pt,data\preprocessed\features\z_v\FAKE_T2_1044_TAI_NEU_XX__AUDIO_1044_TAI_SAD_XX_wav2lip.pt
FAKE_T2_1044_TIE_DIS_XX__AUDIO_1044_TIE_FEA_XX_wav2lip,track2,1,crema_1044,FEA,DIS,-1,1,1,1,,data\preprocessed\features\z_at\FAKE_T2_1044_TIE_DIS_XX__AUDIO_1044_TIE_FEA_XX_wav2lip.pt,data\preprocessed\features\z_v\FAKE_T2_1044_TIE_DIS_XX__AUDIO_1044_TIE_FEA_XX_wav2lip.pt
FAKE_T2_1044_TIE_FEA_XX__AUDIO_1044_TIE_HAP_XX_wav2lip,track2,1,crema_1044,HAP,FEA,-1,1,1,1,,data\preprocessed\features\z_at\FAKE_T2_1044_TIE_FEA_XX__AUDIO_1044_TIE_HAP_XX_wav2lip.pt,data\preprocessed\features\z_v\FAKE_T2_1044_TIE_FEA_XX__AUDIO_1044_TIE_HAP_XX_wav2lip.pt
FAKE_T2_1044_TIE_NEU_XX__AUDIO_1044_TIE_SAD_XX_wav2lip,track2,1,crema_1044,SAD,NEU,-1,1,1,1,,data\preprocessed\features\z_at\FAKE_T2_1044_TIE_NEU_XX__AUDIO_1044_TIE_SAD_XX_wav2lip.pt,data\preprocessed\features\z_v\FAKE_T2_1044_TIE_NEU_XX__AUDIO_1044_TIE_SAD_XX_wav2lip.pt
FAKE_T2_1044_TSI_HAP_XX__AUDIO_1044_TSI_NEU_XX_wav2lip,track2,1,crema_1044,NEU,HAP,-1,1,1,1,,data\preprocessed\features\z_at\FAKE_T2_1044_TSI_HAP_XX__AUDIO_1044_TSI_NEU_XX_wav2lip.pt,data\preprocessed\features\z_v\FAKE_T2_1044_TSI_HAP_XX__AUDIO_1044_TSI_NEU_XX_wav2lip.pt
FAKE_T2_1044_TSI_NEU_XX__AUDIO_1044_TSI_SAD_XX_wav2lip,track2,1,crema_1044,SAD,NEU,-1,1,1,1,,data\preprocessed\features\z_at\FAKE_T2_1044_TSI_NEU_XX__AUDIO_1044_TSI_SAD_XX_wav2lip.pt,data\preprocessed\features\z_v\FAKE_T2_1044_TSI_NEU_XX__AUDIO_1044_TSI_SAD_XX_wav2lip.pt
FAKE_T2_1044_TSI_SAD_XX__AUDIO_1044_TSI_ANG_XX_wav2lip,track2,1,crema_1044,ANG,SAD,-1,1,1,1,,data\preprocessed\features\z_at\FAKE_T2_1044_TSI_SAD_XX__AUDIO_1044_TSI_ANG_XX_wav2lip.pt,data\preprocessed\features\z_v\FAKE_T2_1044_TSI_SAD_XX__AUDIO_1044_TSI_ANG_XX_wav2lip.pt
FAKE_T2_1045_DFA_DIS_XX__AUDIO_1045_DFA_FEA_XX_wav2lip,track2,1,crema_1045,FEA,DIS,-1,1,1,1,,data\preprocessed\features\z_at\FAKE_T2_1045_DFA_DIS_XX__AUDIO_1045_DFA_FEA_XX_wav2lip.pt,data\preprocessed\features\z_v\FAKE_T2_1045_DFA_DIS_XX__AUDIO_1045_DFA_FEA_XX_wav2lip.pt
FAKE_T2_1045_DFA_SAD_XX__AUDIO_1045_DFA_ANG_XX_wav2lip,track2,1,crema_1045,ANG,SAD,-1,1,1,1,,data\preprocessed\features\z_at\FAKE_T2_1045_DFA_SAD_XX__AUDIO_1045_DFA_ANG_XX_wav2lip.pt,data\preprocessed\features\z_v\FAKE_T2_1045_DFA_SAD_XX__AUDIO_1045_DFA_ANG_XX_wav2lip.pt
FAKE_T2_1045_IEO_DIS_MD__AUDIO_1045_IEO_FEA_MD_wav2lip,track2,1,crema_1045,FEA,DIS,-1,1,1,1,,data\preprocessed\features\z_at\FAKE_T2_1045_IEO_DIS_MD__AUDIO_1045_IEO_FEA_MD_wav2lip.pt,data\preprocessed\features\z_v\FAKE_T2_1045_IEO_DIS_MD__AUDIO_1045_IEO_FEA_MD_wav2lip.pt
FAKE_T2_1045_IEO_HAP_HI__AUDIO_1045_IEO_NEU_XX_wav2lip,track2,1,crema_1045,NEU,HAP,-1,1,1,1,,data\preprocessed\features\z_at\FAKE_T2_1045_IEO_HAP_HI__AUDIO_1045_IEO_NEU_XX_wav2lip.pt,data\preprocessed\features\z_v\FAKE_T2_1045_IEO_HAP_HI__AUDIO_1045_IEO_NEU_XX_wav2lip.pt
FAKE_T2_1045_IEO_HAP_MD__AUDIO_1045_IEO_NEU_XX_wav2lip,track2,1,crema_1045,NEU,HAP,-1,1,1,1,,data\preprocessed\features\z_at\FAKE_T2_1045_IEO_HAP_MD__AUDIO_1045_IEO_NEU_XX_wav2lip.pt,data\preprocessed\features\z_v\FAKE_T2_1045_IEO_HAP_MD__AUDIO_1045_IEO_NEU_XX_wav2lip.pt
FAKE_T2_1045_IEO_SAD_HI__AUDIO_1045_IEO_ANG_HI_wav2lip,track2,1,crema_1045,ANG,SAD,-1,1,1,1,,data\preprocessed\features\z_at\FAKE_T2_1045_IEO_SAD_HI__AUDIO_1045_IEO_ANG_HI_wav2lip.pt,data\preprocessed\features\z_v\FAKE_T2_1045_IEO_SAD_HI__AUDIO_1045_IEO_ANG_HI_wav2lip.pt
FAKE_T2_1045_IEO_SAD_LO__AUDIO_1045_IEO_ANG_LO_wav2lip,track2,1,crema_1045,ANG,SAD,-1,1,1,1,,data\preprocessed\features\z_at\FAKE_T2_1045_IEO_SAD_LO__AUDIO_1045_IEO_ANG_LO_wav2lip.pt,data\preprocessed\features\z_v\FAKE_T2_1045_IEO_SAD_LO__AUDIO_1045_IEO_ANG_LO_wav2lip.pt
FAKE_T2_1045_IOM_ANG_XX__AUDIO_1045_IOM_DIS_XX_wav2lip,track2,1,crema_1045,DIS,ANG,-1,1,1,1,,data\preprocessed\features\z_at\FAKE_T2_1045_IOM_ANG_XX__AUDIO_1045_IOM_DIS_XX_wav2lip.pt,data\preprocessed\features\z_v\FAKE_T2_1045_IOM_ANG_XX__AUDIO_1045_IOM_DIS_XX_wav2lip.pt
FAKE_T2_1045_IOM_NEU_XX__AUDIO_1045_IOM_SAD_XX_wav2lip,track2,1,crema_1045,SAD,NEU,-1,1,1,1,,data\preprocessed\features\z_at\FAKE_T2_1045_IOM_NEU_XX__AUDIO_1045_IOM_SAD_XX_wav2lip.pt,data\preprocessed\features\z_v\FAKE_T2_1045_IOM_NEU_XX__AUDIO_1045_IOM_SAD_XX_wav2lip.pt
FAKE_T2_1045_ITH_DIS_XX__AUDIO_1045_ITH_FEA_XX_wav2lip,track2,1,crema_1045,FEA,DIS,-1,1,1,1,,data\preprocessed\features\z_at\FAKE_T2_1045_ITH_DIS_XX__AUDIO_1045_ITH_FEA_XX_wav2lip.pt,data\preprocessed\features\z_v\FAKE_T2_1045_ITH_DIS_XX__AUDIO_1045_ITH_FEA_XX_wav2lip.pt
FAKE_T2_1045_ITS_ANG_XX__AUDIO_1045_ITS_DIS_XX_wav2lip,track2,1,crema_1045,DIS,ANG,-1,1,1,1,,data\preprocessed\features\z_at\FAKE_T2_1045_ITS_ANG_XX__AUDIO_1045_ITS_DIS_XX_wav2lip.pt,data\preprocessed\features\z_v\FAKE_T2_1045_ITS_ANG_XX__AUDIO_1045_ITS_DIS_XX_wav2lip.pt
FAKE_T2_1045_ITS_HAP_XX__AUDIO_1045_ITS_NEU_XX_wav2lip,track2,1,crema_1045,NEU,HAP,-1,1,1,1,,data\preprocessed\features\z_at\FAKE_T2_1045_ITS_HAP_XX__AUDIO_1045_ITS_NEU_XX_wav2lip.pt,data\preprocessed\features\z_v\FAKE_T2_1045_ITS_HAP_XX__AUDIO_1045_ITS_NEU_XX_wav2lip.pt
FAKE_T2_1045_IWL_DIS_XX__AUDIO_1045_IWL_FEA_XX_wav2lip,track2,1,crema_1045,FEA,DIS,-1,1,1,1,,data\preprocessed\features\z_at\FAKE_T2_1045_IWL_DIS_XX__AUDIO_1045_IWL_FEA_XX_wav2lip.pt,data\preprocessed\features\z_v\FAKE_T2_1045_IWL_DIS_XX__AUDIO_1045_IWL_FEA_XX_wav2lip.pt
FAKE_T2_1045_IWL_FEA_XX__AUDIO_1045_IWL_HAP_XX_wav2lip,track2,1,crema_1045,HAP,FEA,-1,1,1,1,,data\preprocessed\features\z_at\FAKE_T2_1045_IWL_FEA_XX__AUDIO_1045_IWL_HAP_XX_wav2lip.pt,data\preprocessed\features\z_v\FAKE_T2_1045_IWL_FEA_XX__AUDIO_1045_IWL_HAP_XX_wav2lip.pt
FAKE_T2_1045_IWL_HAP_XX__AUDIO_1045_IWL_NEU_XX_wav2lip,track2,1,crema_1045,NEU,HAP,-1,1,1,1,,data\preprocessed\features\z_at\FAKE_T2_1045_IWL_HAP_XX__AUDIO_1045_IWL_NEU_XX_wav2lip.pt,data\preprocessed\features\z_v\FAKE_T2_1045_IWL_HAP_XX__AUDIO_1045_IWL_NEU_XX_wav2lip.pt
FAKE_T2_1045_IWL_NEU_XX__AUDIO_1045_IWL_SAD_XX_wav2lip,track2,1,crema_1045,SAD,NEU,-1,1,1,1,,data\preprocessed\features\z_at\FAKE_T2_1045_IWL_NEU_XX__AUDIO_1045_IWL_SAD_XX_wav2lip.pt,data\preprocessed\features\z_v\FAKE_T2_1045_IWL_NEU_XX__AUDIO_1045_IWL_SAD_XX_wav2lip.pt
FAKE_T2_1045_IWW_NEU_XX__AUDIO_1045_IWW_SAD_XX_wav2lip,track2,1,crema_1045,SAD,NEU,-1,1,1,1,,data\preprocessed\features\z_at\FAKE_T2_1045_IWW_NEU_XX__AUDIO_1045_IWW_SAD_XX_wav2lip.pt,data\preprocessed\features\z_v\FAKE_T2_1045_IWW_NEU_XX__AUDIO_1045_IWW_SAD_XX_wav2lip.pt
FAKE_T2_1045_MTI_DIS_XX__AUDIO_1045_MTI_FEA_XX_wav2lip,track2,1,crema_1045,FEA,DIS,-1,1,1,1,,data\preprocessed\features\z_at\FAKE_T2_1045_MTI_DIS_XX__AUDIO_1045_MTI_FEA_XX_wav2lip.pt,data\preprocessed\features\z_v\FAKE_T2_1045_MTI_DIS_XX__AUDIO_1045_MTI_FEA_XX_wav2lip.pt
FAKE_T2_1045_TAI_FEA_XX__AUDIO_1045_TAI_HAP_XX_wav2lip,track2,1,crema_1045,HAP,FEA,-1,1,1,1,,data\preprocessed\features\z_at\FAKE_T2_1045_TAI_FEA_XX__AUDIO_1045_TAI_HAP_XX_wav2lip.pt,data\preprocessed\features\z_v\FAKE_T2_1045_TAI_FEA_XX__AUDIO_1045_TAI_HAP_XX_wav2lip.pt
FAKE_T2_1045_TIE_SAD_XX__AUDIO_1045_TIE_ANG_XX_wav2lip,track2,1,crema_1045,ANG,SAD,-1,1,1,1,,data\preprocessed\features\z_at\FAKE_T2_1045_TIE_SAD_XX__AUDIO_1045_TIE_ANG_XX_wav2lip.pt,data\preprocessed\features\z_v\FAKE_T2_1045_TIE_SAD_XX__AUDIO_1045_TIE_ANG_XX_wav2lip.pt
FAKE_T2_1045_TSI_DIS_XX__AUDIO_1045_TSI_FEA_XX_wav2lip,track2,1,crema_1045,FEA,DIS,-1,1,1,1,,data\preprocessed\features\z_at\FAKE_T2_1045_TSI_DIS_XX__AUDIO_1045_TSI_FEA_XX_wav2lip.pt,data\preprocessed\features\z_v\FAKE_T2_1045_TSI_DIS_XX__AUDIO_1045_TSI_FEA_XX_wav2lip.pt
FAKE_T2_1045_WSI_ANG_XX__AUDIO_1045_WSI_DIS_XX_wav2lip,track2,1,crema_1045,DIS,ANG,-1,1,1,1,,data\preprocessed\features\z_at\FAKE_T2_1045_WSI_ANG_XX__AUDIO_1045_WSI_DIS_XX_wav2lip.pt,data\preprocessed\features\z_v\FAKE_T2_1045_WSI_ANG_XX__AUDIO_1045_WSI_DIS_XX_wav2lip.pt
FAKE_T2_1045_WSI_DIS_XX__AUDIO_1045_WSI_FEA_XX_wav2lip,track2,1,crema_1045,FEA,DIS,-1,1,1,1,,data\preprocessed\features\z_at\FAKE_T2_1045_WSI_DIS_XX__AUDIO_1045_WSI_FEA_XX_wav2lip.pt,data\preprocessed\features\z_v\FAKE_T2_1045_WSI_DIS_XX__AUDIO_1045_WSI_FEA_XX_wav2lip.pt
FAKE_T2_1045_WSI_FEA_XX__AUDIO_1045_WSI_HAP_XX_wav2lip,track2,1,crema_1045,HAP,FEA,-1,1,1,1,,data\preprocessed\features\z_at\FAKE_T2_1045_WSI_FEA_XX__AUDIO_1045_WSI_HAP_XX_wav2lip.pt,data\preprocessed\features\z_v\FAKE_T2_1045_WSI_FEA_XX__AUDIO_1045_WSI_HAP_XX_wav2lip.pt
FAKE_T2_1045_WSI_SAD_XX__AUDIO_1045_WSI_ANG_XX_wav2lip,track2,1,crema_1045,ANG,SAD,-1,1,1,1,,data\preprocessed\features\z_at\FAKE_T2_1045_WSI_SAD_XX__AUDIO_1045_WSI_ANG_XX_wav2lip.pt,data\preprocessed\features\z_v\FAKE_T2_1045_WSI_SAD_XX__AUDIO_1045_WSI_ANG_XX_wav2lip.pt
FAKE_T2_1047_DFA_ANG_XX__AUDIO_1047_DFA_DIS_XX_wav2lip,track2,1,crema_1047,DIS,ANG,-1,1,1,1,,data\preprocessed\features\z_at\FAKE_T2_1047_DFA_ANG_XX__AUDIO_1047_DFA_DIS_XX_wav2lip.pt,data\preprocessed\features\z_v\FAKE_T2_1047_DFA_ANG_XX__AUDIO_1047_DFA_DIS_XX_wav2lip.pt
FAKE_T2_1047_DFA_FEA_XX__AUDIO_1047_DFA_HAP_XX_wav2lip,track2,1,crema_1047,HAP,FEA,-1,1,1,1,,data\preprocessed\features\z_at\FAKE_T2_1047_DFA_FEA_XX__AUDIO_1047_DFA_HAP_XX_wav2lip.pt,data\preprocessed\features\z_v\FAKE_T2_1047_DFA_FEA_XX__AUDIO_1047_DFA_HAP_XX_wav2lip.pt
FAKE_T2_1047_DFA_HAP_XX__AUDIO_1047_DFA_NEU_XX_wav2lip,track2,1,crema_1047,NEU,HAP,-1,1,1,1,,data\preprocessed\features\z_at\FAKE_T2_1047_DFA_HAP_XX__AUDIO_1047_DFA_NEU_XX_wav2lip.pt,data\preprocessed\features\z_v\FAKE_T2_1047_DFA_HAP_XX__AUDIO_1047_DFA_NEU_XX_wav2lip.pt
FAKE_T2_1047_IEO_ANG_HI__AUDIO_1047_IEO_DIS_HI_wav2lip,track2,1,crema_1047,DIS,ANG,-1,1,1,1,,data\preprocessed\features\z_at\FAKE_T2_1047_IEO_ANG_HI__AUDIO_1047_IEO_DIS_HI_wav2lip.pt,data\preprocessed\features\z_v\FAKE_T2_1047_IEO_ANG_HI__AUDIO_1047_IEO_DIS_HI_wav2lip.pt
FAKE_T2_1047_IEO_ANG_LO__AUDIO_1047_IEO_DIS_LO_wav2lip,track2,1,crema_1047,DIS,ANG,-1,1,1,1,,data\preprocessed\features\z_at\FAKE_T2_1047_IEO_ANG_LO__AUDIO_1047_IEO_DIS_LO_wav2lip.pt,data\preprocessed\features\z_v\FAKE_T2_1047_IEO_ANG_LO__AUDIO_1047_IEO_DIS_LO_wav2lip.pt
FAKE_T2_1047_IEO_DIS_HI__AUDIO_1047_IEO_FEA_HI_wav2lip,track2,1,crema_1047,FEA,DIS,-1,1,1,1,,data\preprocessed\features\z_at\FAKE_T2_1047_IEO_DIS_HI__AUDIO_1047_IEO_FEA_HI_wav2lip.pt,data\preprocessed\features\z_v\FAKE_T2_1047_IEO_DIS_HI__AUDIO_1047_IEO_FEA_HI_wav2lip.pt
FAKE_T2_1047_IEO_FEA_LO__AUDIO_1047_IEO_HAP_LO_wav2lip,track2,1,crema_1047,HAP,FEA,-1,1,1,1,,data\preprocessed\features\z_at\FAKE_T2_1047_IEO_FEA_LO__AUDIO_1047_IEO_HAP_LO_wav2lip.pt,data\preprocessed\features\z_v\FAKE_T2_1047_IEO_FEA_LO__AUDIO_1047_IEO_HAP_LO_wav2lip.pt
FAKE_T2_1047_IEO_HAP_LO__AUDIO_1047_IEO_NEU_XX_wav2lip,track2,1,crema_1047,NEU,HAP,-1,1,1,1,,data\preprocessed\features\z_at\FAKE_T2_1047_IEO_HAP_LO__AUDIO_1047_IEO_NEU_XX_wav2lip.pt,data\preprocessed\features\z_v\FAKE_T2_1047_IEO_HAP_LO__AUDIO_1047_IEO_NEU_XX_wav2lip.pt
FAKE_T2_1047_IEO_NEU_XX__AUDIO_1047_IEO_SAD_HI_wav2lip,track2,1,crema_1047,SAD,NEU,-1,1,1,1,,data\preprocessed\features\z_at\FAKE_T2_1047_IEO_NEU_XX__AUDIO_1047_IEO_SAD_HI_wav2lip.pt,data\preprocessed\features\z_v\FAKE_T2_1047_IEO_NEU_XX__AUDIO_1047_IEO_SAD_HI_wav2lip.pt
FAKE_T2_1047_IEO_SAD_MD__AUDIO_1047_IEO_ANG_MD_wav2lip,track2,1,crema_1047,ANG,SAD,-1,1,1,1,,data\preprocessed\features\z_at\FAKE_T2_1047_IEO_SAD_MD__AUDIO_1047_IEO_ANG_MD_wav2lip.pt,data\preprocessed\features\z_v\FAKE_T2_1047_IEO_SAD_MD__AUDIO_1047_IEO_ANG_MD_wav2lip.pt
FAKE_T2_1047_IOM_SAD_XX__AUDIO_1047_IOM_ANG_XX_wav2lip,track2,1,crema_1047,ANG,SAD,-1,1,1,1,,data\preprocessed\features\z_at\FAKE_T2_1047_IOM_SAD_XX__AUDIO_1047_IOM_ANG_XX_wav2lip.pt,data\preprocessed\features\z_v\FAKE_T2_1047_IOM_SAD_XX__AUDIO_1047_IOM_ANG_XX_wav2lip.pt
FAKE_T2_1047_ITH_ANG_XX__AUDIO_1047_ITH_DIS_XX_wav2lip,track2,1,crema_1047,DIS,ANG,-1,1,1,1,,data\preprocessed\features\z_at\FAKE_T2_1047_ITH_ANG_XX__AUDIO_1047_ITH_DIS_XX_wav2lip.pt,data\preprocessed\features\z_v\FAKE_T2_1047_ITH_ANG_XX__AUDIO_1047_ITH_DIS_XX_wav2lip.pt
FAKE_T2_1047_ITS_FEA_XX__AUDIO_1047_ITS_HAP_XX_wav2lip,track2,1,crema_1047,HAP,FEA,-1,1,1,1,,data\preprocessed\features\z_at\FAKE_T2_1047_ITS_FEA_XX__AUDIO_1047_ITS_HAP_XX_wav2lip.pt,data\preprocessed\features\z_v\FAKE_T2_1047_ITS_FEA_XX__AUDIO_1047_ITS_HAP_XX_wav2lip.pt
FAKE_T2_1047_ITS_SAD_XX__AUDIO_1047_ITS_ANG_XX_wav2lip,track2,1,crema_1047,ANG,SAD,-1,1,1,1,,data\preprocessed\features\z_at\FAKE_T2_1047_ITS_SAD_XX__AUDIO_1047_ITS_ANG_XX_wav2lip.pt,data\preprocessed\features\z_v\FAKE_T2_1047_ITS_SAD_XX__AUDIO_1047_ITS_ANG_XX_wav2lip.pt
FAKE_T2_1047_IWL_FEA_XX__AUDIO_1047_IWL_HAP_XX_wav2lip,track2,1,crema_1047,HAP,FEA,-1,1,1,1,,data\preprocessed\features\z_at\FAKE_T2_1047_IWL_FEA_XX__AUDIO_1047_IWL_HAP_XX_wav2lip.pt,data\preprocessed\features\z_v\FAKE_T2_1047_IWL_FEA_XX__AUDIO_1047_IWL_HAP_XX_wav2lip.pt
FAKE_T2_1047_IWW_ANG_XX__AUDIO_1047_IWW_DIS_XX_wav2lip,track2,1,crema_1047,DIS,ANG,-1,1,1,1,,data\preprocessed\features\z_at\FAKE_T2_1047_IWW_ANG_XX__AUDIO_1047_IWW_DIS_XX_wav2lip.pt,data\preprocessed\features\z_v\FAKE_T2_1047_IWW_ANG_XX__AUDIO_1047_IWW_DIS_XX_wav2lip.pt
FAKE_T2_1047_IWW_SAD_XX__AUDIO_1047_IWW_ANG_XX_wav2lip,track2,1,crema_1047,ANG,SAD,-1,1,1,1,,data\preprocessed\features\z_at\FAKE_T2_1047_IWW_SAD_XX__AUDIO_1047_IWW_ANG_XX_wav2lip.pt,data\preprocessed\features\z_v\FAKE_T2_1047_IWW_SAD_XX__AUDIO_1047_IWW_ANG_XX_wav2lip.pt
FAKE_T2_1047_MTI_FEA_XX__AUDIO_1047_MTI_HAP_XX_wav2lip,track2,1,crema_1047,HAP,FEA,-1,1,1,1,,data\preprocessed\features\z_at\FAKE_T2_1047_MTI_FEA_XX__AUDIO_1047_MTI_HAP_XX_wav2lip.pt,data\preprocessed\features\z_v\FAKE_T2_1047_MTI_FEA_XX__AUDIO_1047_MTI_HAP_XX_wav2lip.pt
FAKE_T2_1047_TAI_HAP_XX__AUDIO_1047_TAI_NEU_XX_wav2lip,track2,1,crema_1047,NEU,HAP,-1,1,1,1,,data\preprocessed\features\z_at\FAKE_T2_1047_TAI_HAP_XX__AUDIO_1047_TAI_NEU_XX_wav2lip.pt,data\preprocessed\features\z_v\FAKE_T2_1047_TAI_HAP_XX__AUDIO_1047_TAI_NEU_XX_wav2lip.pt
FAKE_T2_1047_TAI_NEU_XX__AUDIO_1047_TAI_SAD_XX_wav2lip,track2,1,crema_1047,SAD,NEU,-1,1,1,1,,data\preprocessed\features\z_at\FAKE_T2_1047_TAI_NEU_XX__AUDIO_1047_TAI_SAD_XX_wav2lip.pt,data\preprocessed\features\z_v\FAKE_T2_1047_TAI_NEU_XX__AUDIO_1047_TAI_SAD_XX_wav2lip.pt
FAKE_T2_1047_TIE_ANG_XX__AUDIO_1047_TIE_DIS_XX_wav2lip,track2,1,crema_1047,DIS,ANG,-1,1,1,1,,data\preprocessed\features\z_at\FAKE_T2_1047_TIE_ANG_XX__AUDIO_1047_TIE_DIS_XX_wav2lip.pt,data\preprocessed\features\z_v\FAKE_T2_1047_TIE_ANG_XX__AUDIO_1047_TIE_DIS_XX_wav2lip.pt
FAKE_T2_1047_TIE_DIS_XX__AUDIO_1047_TIE_FEA_XX_wav2lip,track2,1,crema_1047,FEA,DIS,-1,1,1,1,,data\preprocessed\features\z_at\FAKE_T2_1047_TIE_DIS_XX__AUDIO_1047_TIE_FEA_XX_wav2lip.pt,data\preprocessed\features\z_v\FAKE_T2_1047_TIE_DIS_XX__AUDIO_1047_TIE_FEA_XX_wav2lip.pt
FAKE_T2_1047_TIE_FEA_XX__AUDIO_1047_TIE_HAP_XX_wav2lip,track2,1,crema_1047,HAP,FEA,-1,1,1,1,,data\preprocessed\features\z_at\FAKE_T2_1047_TIE_FEA_XX__AUDIO_1047_TIE_HAP_XX_wav2lip.pt,data\preprocessed\features\z_v\FAKE_T2_1047_TIE_FEA_XX__AUDIO_1047_TIE_HAP_XX_wav2lip.pt
FAKE_T2_1047_TIE_HAP_XX__AUDIO_1047_TIE_NEU_XX_wav2lip,track2,1,crema_1047,NEU,HAP,-1,1,1,1,,data\preprocessed\features\z_at\FAKE_T2_1047_TIE_HAP_XX__AUDIO_1047_TIE_NEU_XX_wav2lip.pt,data\preprocessed\features\z_v\FAKE_T2_1047_TIE_HAP_XX__AUDIO_1047_TIE_NEU_XX_wav2lip.pt
FAKE_T2_1047_WSI_SAD_XX__AUDIO_1047_WSI_ANG_XX_wav2lip,track2,1,crema_1047,ANG,SAD,-1,1,1,1,,data\preprocessed\features\z_at\FAKE_T2_1047_WSI_SAD_XX__AUDIO_1047_WSI_ANG_XX_wav2lip.pt,data\preprocessed\features\z_v\FAKE_T2_1047_WSI_SAD_XX__AUDIO_1047_WSI_ANG_XX_wav2lip.pt
FAKE_T2_1049_DFA_ANG_XX__AUDIO_1049_DFA_DIS_XX_wav2lip,track2,1,crema_1049,DIS,ANG,-1,1,1,1,,data\preprocessed\features\z_at\FAKE_T2_1049_DFA_ANG_XX__AUDIO_1049_DFA_DIS_XX_wav2lip.pt,data\preprocessed\features\z_v\FAKE_T2_1049_DFA_ANG_XX__AUDIO_1049_DFA_DIS_XX_wav2lip.pt
FAKE_T2_1049_DFA_FEA_XX__AUDIO_1049_DFA_HAP_XX_wav2lip,track2,1,crema_1049,HAP,FEA,-1,1,1,1,,data\preprocessed\features\z_at\FAKE_T2_1049_DFA_FEA_XX__AUDIO_1049_DFA_HAP_XX_wav2lip.pt,data\preprocessed\features\z_v\FAKE_T2_1049_DFA_FEA_XX__AUDIO_1049_DFA_HAP_XX_wav2lip.pt
FAKE_T2_1049_DFA_SAD_XX__AUDIO_1049_DFA_ANG_XX_wav2lip,track2,1,crema_1049,ANG,SAD,-1,1,1,1,,data\preprocessed\features\z_at\FAKE_T2_1049_DFA_SAD_XX__AUDIO_1049_DFA_ANG_XX_wav2lip.pt,data\preprocessed\features\z_v\FAKE_T2_1049_DFA_SAD_XX__AUDIO_1049_DFA_ANG_XX_wav2lip.pt
FAKE_T2_1049_IEO_ANG_LO__AUDIO_1049_IEO_DIS_LO_wav2lip,track2,1,crema_1049,DIS,ANG,-1,1,1,1,,data\preprocessed\features\z_at\FAKE_T2_1049_IEO_ANG_LO__AUDIO_1049_IEO_DIS_LO_wav2lip.pt,data\preprocessed\features\z_v\FAKE_T2_1049_IEO_ANG_LO__AUDIO_1049_IEO_DIS_LO_wav2lip.pt
FAKE_T2_1049_IEO_DIS_LO__AUDIO_1049_IEO_FEA_LO_wav2lip,track2,1,crema_1049,FEA,DIS,-1,1,1,1,,data\preprocessed\features\z_at\FAKE_T2_1049_IEO_DIS_LO__AUDIO_1049_IEO_FEA_LO_wav2lip.pt,data\preprocessed\features\z_v\FAKE_T2_1049_IEO_DIS_LO__AUDIO_1049_IEO_FEA_LO_wav2lip.pt
FAKE_T2_1049_IEO_HAP_HI__AUDIO_1049_IEO_NEU_XX_wav2lip,track2,1,crema_1049,NEU,HAP,-1,1,1,1,,data\preprocessed\features\z_at\FAKE_T2_1049_IEO_HAP_HI__AUDIO_1049_IEO_NEU_XX_wav2lip.pt,data\preprocessed\features\z_v\FAKE_T2_1049_IEO_HAP_HI__AUDIO_1049_IEO_NEU_XX_wav2lip.pt
FAKE_T2_1049_IEO_HAP_LO__AUDIO_1049_IEO_NEU_XX_wav2lip,track2,1,crema_1049,NEU,HAP,-1,1,1,1,,data\preprocessed\features\z_at\FAKE_T2_1049_IEO_HAP_LO__AUDIO_1049_IEO_NEU_XX_wav2lip.pt,data\preprocessed\features\z_v\FAKE_T2_1049_IEO_HAP_LO__AUDIO_1049_IEO_NEU_XX_wav2lip.pt
FAKE_T2_1049_IEO_NEU_XX__AUDIO_1049_IEO_SAD_HI_wav2lip,track2,1,crema_1049,SAD,NEU,-1,1,1,1,,data\preprocessed\features\z_at\FAKE_T2_1049_IEO_NEU_XX__AUDIO_1049_IEO_SAD_HI_wav2lip.pt,data\preprocessed\features\z_v\FAKE_T2_1049_IEO_NEU_XX__AUDIO_1049_IEO_SAD_HI_wav2lip.pt
FAKE_T2_1049_IOM_SAD_XX__AUDIO_1049_IOM_ANG_XX_wav2lip,track2,1,crema_1049,ANG,SAD,-1,1,1,1,,data\preprocessed\features\z_at\FAKE_T2_1049_IOM_SAD_XX__AUDIO_1049_IOM_ANG_XX_wav2lip.pt,data\preprocessed\features\z_v\FAKE_T2_1049_IOM_SAD_XX__AUDIO_1049_IOM_ANG_XX_wav2lip.pt
FAKE_T2_1049_ITH_FEA_XX__AUDIO_1049_ITH_HAP_XX_wav2lip,track2,1,crema_1049,HAP,FEA,-1,1,1,1,,data\preprocessed\features\z_at\FAKE_T2_1049_ITH_FEA_XX__AUDIO_1049_ITH_HAP_XX_wav2lip.pt,data\preprocessed\features\z_v\FAKE_T2_1049_ITH_FEA_XX__AUDIO_1049_ITH_HAP_XX_wav2lip.pt
FAKE_T2_1049_IWL_ANG_XX__AUDIO_1049_IWL_DIS_XX_wav2lip,track2,1,crema_1049,DIS,ANG,-1,1,1,1,,data\preprocessed\features\z_at\FAKE_T2_1049_IWL_ANG_XX__AUDIO_1049_IWL_DIS_XX_wav2lip.pt,data\preprocessed\features\z_v\FAKE_T2_1049_IWL_ANG_XX__AUDIO_1049_IWL_DIS_XX_wav2lip.pt
FAKE_T2_1049_IWL_DIS_XX__AUDIO_1049_IWL_FEA_XX_wav2lip,track2,1,crema_1049,FEA,DIS,-1,1,1,1,,data\preprocessed\features\z_at\FAKE_T2_1049_IWL_DIS_XX__AUDIO_1049_IWL_FEA_XX_wav2lip.pt,data\preprocessed\features\z_v\FAKE_T2_1049_IWL_DIS_XX__AUDIO_1049_IWL_FEA_XX_wav2lip.pt
FAKE_T2_1049_IWL_FEA_XX__AUDIO_1049_IWL_HAP_XX_wav2lip,track2,1,crema_1049,HAP,FEA,-1,1,1,1,,data\preprocessed\features\z_at\FAKE_T2_1049_IWL_FEA_XX__AUDIO_1049_IWL_HAP_XX_wav2lip.pt,data\preprocessed\features\z_v\FAKE_T2_1049_IWL_FEA_XX__AUDIO_1049_IWL_HAP_XX_wav2lip.pt
FAKE_T2_1049_IWL_SAD_XX__AUDIO_1049_IWL_ANG_XX_wav2lip,track2,1,crema_1049,ANG,SAD,-1,1,1,1,,data\preprocessed\features\z_at\FAKE_T2_1049_IWL_SAD_XX__AUDIO_1049_IWL_ANG_XX_wav2lip.pt,data\preprocessed\features\z_v\FAKE_T2_1049_IWL_SAD_XX__AUDIO_1049_IWL_ANG_XX_wav2lip.pt
FAKE_T2_1049_IWW_DIS_XX__AUDIO_1049_IWW_FEA_XX_wav2lip,track2,1,crema_1049,FEA,DIS,-1,1,1,1,,data\preprocessed\features\z_at\FAKE_T2_1049_IWW_DIS_XX__AUDIO_1049_IWW_FEA_XX_wav2lip.pt,data\preprocessed\features\z_v\FAKE_T2_1049_IWW_DIS_XX__AUDIO_1049_IWW_FEA_XX_wav2lip.pt
FAKE_T2_1049_IWW_HAP_XX__AUDIO_1049_IWW_NEU_XX_wav2lip,track2,1,crema_1049,NEU,HAP,-1,1,1,1,,data\preprocessed\features\z_at\FAKE_T2_1049_IWW_HAP_XX__AUDIO_1049_IWW_NEU_XX_wav2lip.pt,data\preprocessed\features\z_v\FAKE_T2_1049_IWW_HAP_XX__AUDIO_1049_IWW_NEU_XX_wav2lip.pt
FAKE_T2_1049_IWW_SAD_XX__AUDIO_1049_IWW_ANG_XX_wav2lip,track2,1,crema_1049,ANG,SAD,-1,1,1,1,,data\preprocessed\features\z_at\FAKE_T2_1049_IWW_SAD_XX__AUDIO_1049_IWW_ANG_XX_wav2lip.pt,data\preprocessed\features\z_v\FAKE_T2_1049_IWW_SAD_XX__AUDIO_1049_IWW_ANG_XX_wav2lip.pt
FAKE_T2_1049_MTI_DIS_XX__AUDIO_1049_MTI_FEA_XX_wav2lip,track2,1,crema_1049,FEA,DIS,-1,1,1,1,,data\preprocessed\features\z_at\FAKE_T2_1049_MTI_DIS_XX__AUDIO_1049_MTI_FEA_XX_wav2lip.pt,data\preprocessed\features\z_v\FAKE_T2_1049_MTI_DIS_XX__AUDIO_1049_MTI_FEA_XX_wav2lip.pt
FAKE_T2_1049_MTI_FEA_XX__AUDIO_1049_MTI_HAP_XX_wav2lip,track2,1,crema_1049,HAP,FEA,-1,1,1,1,,data\preprocessed\features\z_at\FAKE_T2_1049_MTI_FEA_XX__AUDIO_1049_MTI_HAP_XX_wav2lip.pt,data\preprocessed\features\z_v\FAKE_T2_1049_MTI_FEA_XX__AUDIO_1049_MTI_HAP_XX_wav2lip.pt
FAKE_T2_1049_TAI_ANG_XX__AUDIO_1049_TAI_DIS_XX_wav2lip,track2,1,crema_1049,DIS,ANG,-1,1,1,1,,data\preprocessed\features\z_at\FAKE_T2_1049_TAI_ANG_XX__AUDIO_1049_TAI_DIS_XX_wav2lip.pt,data\preprocessed\features\z_v\FAKE_T2_1049_TAI_ANG_XX__AUDIO_1049_TAI_DIS_XX_wav2lip.pt
FAKE_T2_1049_TAI_HAP_XX__AUDIO_1049_TAI_NEU_XX_wav2lip,track2,1,crema_1049,NEU,HAP,-1,1,1,1,,data\preprocessed\features\z_at\FAKE_T2_1049_TAI_HAP_XX__AUDIO_1049_TAI_NEU_XX_wav2lip.pt,data\preprocessed\features\z_v\FAKE_T2_1049_TAI_HAP_XX__AUDIO_1049_TAI_NEU_XX_wav2lip.pt
FAKE_T2_1049_TIE_ANG_XX__AUDIO_1049_TIE_DIS_XX_wav2lip,track2,1,crema_1049,DIS,ANG,-1,1,1,1,,data\preprocessed\features\z_at\FAKE_T2_1049_TIE_ANG_XX__AUDIO_1049_TIE_DIS_XX_wav2lip.pt,data\preprocessed\features\z_v\FAKE_T2_1049_TIE_ANG_XX__AUDIO_1049_TIE_DIS_XX_wav2lip.pt
FAKE_T2_1049_TIE_HAP_XX__AUDIO_1049_TIE_NEU_XX_wav2lip,track2,1,crema_1049,NEU,HAP,-1,1,1,1,,data\preprocessed\features\z_at\FAKE_T2_1049_TIE_HAP_XX__AUDIO_1049_TIE_NEU_XX_wav2lip.pt,data\preprocessed\features\z_v\FAKE_T2_1049_TIE_HAP_XX__AUDIO_1049_TIE_NEU_XX_wav2lip.pt
FAKE_T2_1049_TSI_DIS_XX__AUDIO_1049_TSI_FEA_XX_wav2lip,track2,1,crema_1049,FEA,DIS,-1,1,1,1,,data\preprocessed\features\z_at\FAKE_T2_1049_TSI_DIS_XX__AUDIO_1049_TSI_FEA_XX_wav2lip.pt,data\preprocessed\features\z_v\FAKE_T2_1049_TSI_DIS_XX__AUDIO_1049_TSI_FEA_XX_wav2lip.pt
FAKE_T2_1049_WSI_HAP_XX__AUDIO_1049_WSI_NEU_XX_wav2lip,track2,1,crema_1049,NEU,HAP,-1,1,1,1,,data\preprocessed\features\z_at\FAKE_T2_1049_WSI_HAP_XX__AUDIO_1049_WSI_NEU_XX_wav2lip.pt,data\preprocessed\features\z_v\FAKE_T2_1049_WSI_HAP_XX__AUDIO_1049_WSI_NEU_XX_wav2lip.pt
FAKE_T2_1050_DFA_DIS_XX__AUDIO_1050_DFA_FEA_XX_wav2lip,track2,1,crema_1050,FEA,DIS,-1,1,1,1,,data\preprocessed\features\z_at\FAKE_T2_1050_DFA_DIS_XX__AUDIO_1050_DFA_FEA_XX_wav2lip.pt,data\preprocessed\features\z_v\FAKE_T2_1050_DFA_DIS_XX__AUDIO_1050_DFA_FEA_XX_wav2lip.pt
FAKE_T2_1050_IEO_ANG_LO__AUDIO_1050_IEO_DIS_LO_wav2lip,track2,1,crema_1050,DIS,ANG,-1,1,1,1,,data\preprocessed\features\z_at\FAKE_T2_1050_IEO_ANG_LO__AUDIO_1050_IEO_DIS_LO_wav2lip.pt,data\preprocessed\features\z_v\FAKE_T2_1050_IEO_ANG_LO__AUDIO_1050_IEO_DIS_LO_wav2lip.pt
FAKE_T2_1050_IEO_ANG_MD__AUDIO_1050_IEO_DIS_MD_wav2lip,track2,1,crema_1050,DIS,ANG,-1,1,1,1,,data\preprocessed\features\z_at\FAKE_T2_1050_IEO_ANG_MD__AUDIO_1050_IEO_DIS_MD_wav2lip.pt,data\preprocessed\features\z_v\FAKE_T2_1050_IEO_ANG_MD__AUDIO_1050_IEO_DIS_MD_wav2lip.pt
FAKE_T2_1050_IEO_DIS_HI__AUDIO_1050_IEO_FEA_HI_wav2lip,track2,1,crema_1050,FEA,DIS,-1,1,1,1,,data\preprocessed\features\z_at\FAKE_T2_1050_IEO_DIS_HI__AUDIO_1050_IEO_FEA_HI_wav2lip.pt,data\preprocessed\features\z_v\FAKE_T2_1050_IEO_DIS_HI__AUDIO_1050_IEO_FEA_HI_wav2lip.pt
FAKE_T2_1050_IEO_DIS_MD__AUDIO_1050_IEO_FEA_MD_wav2lip,track2,1,crema_1050,FEA,DIS,-1,1,1,1,,data\preprocessed\features\z_at\FAKE_T2_1050_IEO_DIS_MD__AUDIO_1050_IEO_FEA_MD_wav2lip.pt,data\preprocessed\features\z_v\FAKE_T2_1050_IEO_DIS_MD__AUDIO_1050_IEO_FEA_MD_wav2lip.pt
FAKE_T2_1050_IEO_FEA_HI__AUDIO_1050_IEO_HAP_HI_wav2lip,track2,1,crema_1050,HAP,FEA,-1,1,1,1,,data\preprocessed\features\z_at\FAKE_T2_1050_IEO_FEA_HI__AUDIO_1050_IEO_HAP_HI_wav2lip.pt,data\preprocessed\features\z_v\FAKE_T2_1050_IEO_FEA_HI__AUDIO_1050_IEO_HAP_HI_wav2lip.pt
FAKE_T2_1050_IEO_FEA_MD__AUDIO_1050_IEO_HAP_MD_wav2lip,track2,1,crema_1050,HAP,FEA,-1,1,1,1,,data\preprocessed\features\z_at\FAKE_T2_1050_IEO_FEA_MD__AUDIO_1050_IEO_HAP_MD_wav2lip.pt,data\preprocessed\features\z_v\FAKE_T2_1050_IEO_FEA_MD__AUDIO_1050_IEO_HAP_MD_wav2lip.pt
FAKE_T2_1050_IEO_HAP_HI__AUDIO_1050_IEO_NEU_XX_wav2lip,track2,1,crema_1050,NEU,HAP,-1,1,1,1,,data\preprocessed\features\z_at\FAKE_T2_1050_IEO_HAP_HI__AUDIO_1050_IEO_NEU_XX_wav2lip.pt,data\preprocessed\features\z_v\FAKE_T2_1050_IEO_HAP_HI__AUDIO_1050_IEO_NEU_XX_wav2lip.pt
FAKE_T2_1050_IEO_NEU_XX__AUDIO_1050_IEO_SAD_HI_wav2lip,track2,1,crema_1050,SAD,NEU,-1,1,1,1,,data\preprocessed\features\z_at\FAKE_T2_1050_IEO_NEU_XX__AUDIO_1050_IEO_SAD_HI_wav2lip.pt,data\preprocessed\features\z_v\FAKE_T2_1050_IEO_NEU_XX__AUDIO_1050_IEO_SAD_HI_wav2lip.pt
FAKE_T2_1050_ITH_ANG_XX__AUDIO_1050_ITH_DIS_XX_wav2lip,track2,1,crema_1050,DIS,ANG,-1,1,1,1,,data\preprocessed\features\z_at\FAKE_T2_1050_ITH_ANG_XX__AUDIO_1050_ITH_DIS_XX_wav2lip.pt,data\preprocessed\features\z_v\FAKE_T2_1050_ITH_ANG_XX__AUDIO_1050_ITH_DIS_XX_wav2lip.pt
FAKE_T2_1050_ITH_FEA_XX__AUDIO_1050_ITH_HAP_XX_wav2lip,track2,1,crema_1050,HAP,FEA,-1,1,1,1,,data\preprocessed\features\z_at\FAKE_T2_1050_ITH_FEA_XX__AUDIO_1050_ITH_HAP_XX_wav2lip.pt,data\preprocessed\features\z_v\FAKE_T2_1050_ITH_FEA_XX__AUDIO_1050_ITH_HAP_XX_wav2lip.pt
FAKE_T2_1050_IWL_SAD_XX__AUDIO_1050_IWL_ANG_XX_wav2lip,track2,1,crema_1050,ANG,SAD,-1,1,1,1,,data\preprocessed\features\z_at\FAKE_T2_1050_IWL_SAD_XX__AUDIO_1050_IWL_ANG_XX_wav2lip.pt,data\preprocessed\features\z_v\FAKE_T2_1050_IWL_SAD_XX__AUDIO_1050_IWL_ANG_XX_wav2lip.pt
FAKE_T2_1050_IWW_ANG_XX__AUDIO_1050_IWW_DIS_XX_wav2lip,track2,1,crema_1050,DIS,ANG,-1,1,1,1,,data\preprocessed\features\z_at\FAKE_T2_1050_IWW_ANG_XX__AUDIO_1050_IWW_DIS_XX_wav2lip.pt,data\preprocessed\features\z_v\FAKE_T2_1050_IWW_ANG_XX__AUDIO_1050_IWW_DIS_XX_wav2lip.pt
FAKE_T2_1050_IWW_FEA_XX__AUDIO_1050_IWW_HAP_XX_wav2lip,track2,1,crema_1050,HAP,FEA,-1,1,1,1,,data\preprocessed\features\z_at\FAKE_T2_1050_IWW_FEA_XX__AUDIO_1050_IWW_HAP_XX_wav2lip.pt,data\preprocessed\features\z_v\FAKE_T2_1050_IWW_FEA_XX__AUDIO_1050_IWW_HAP_XX_wav2lip.pt
FAKE_T2_1050_IWW_NEU_XX__AUDIO_1050_IWW_SAD_XX_wav2lip,track2,1,crema_1050,SAD,NEU,-1,1,1,1,,data\preprocessed\features\z_at\FAKE_T2_1050_IWW_NEU_XX__AUDIO_1050_IWW_SAD_XX_wav2lip.pt,data\preprocessed\features\z_v\FAKE_T2_1050_IWW_NEU_XX__AUDIO_1050_IWW_SAD_XX_wav2lip.pt
FAKE_T2_1050_MTI_HAP_XX__AUDIO_1050_MTI_NEU_XX_wav2lip,track2,1,crema_1050,NEU,HAP,-1,1,1,1,,data\preprocessed\features\z_at\FAKE_T2_1050_MTI_HAP_XX__AUDIO_1050_MTI_NEU_XX_wav2lip.pt,data\preprocessed\features\z_v\FAKE_T2_1050_MTI_HAP_XX__AUDIO_1050_MTI_NEU_XX_wav2lip.pt
FAKE_T2_1050_MTI_NEU_XX__AUDIO_1050_MTI_SAD_XX_wav2lip,track2,1,crema_1050,SAD,NEU,-1,1,1,1,,data\preprocessed\features\z_at\FAKE_T2_1050_MTI_NEU_XX__AUDIO_1050_MTI_SAD_XX_wav2lip.pt,data\preprocessed\features\z_v\FAKE_T2_1050_MTI_NEU_XX__AUDIO_1050_MTI_SAD_XX_wav2lip.pt
FAKE_T2_1050_TAI_ANG_XX__AUDIO_1050_TAI_DIS_XX_wav2lip,track2,1,crema_1050,DIS,ANG,-1,1,1,1,,data\preprocessed\features\z_at\FAKE_T2_1050_TAI_ANG_XX__AUDIO_1050_TAI_DIS_XX_wav2lip.pt,data\preprocessed\features\z_v\FAKE_T2_1050_TAI_ANG_XX__AUDIO_1050_TAI_DIS_XX_wav2lip.pt
FAKE_T2_1050_TAI_NEU_XX__AUDIO_1050_TAI_SAD_XX_wav2lip,track2,1,crema_1050,SAD,NEU,-1,1,1,1,,data\preprocessed\features\z_at\FAKE_T2_1050_TAI_NEU_XX__AUDIO_1050_TAI_SAD_XX_wav2lip.pt,data\preprocessed\features\z_v\FAKE_T2_1050_TAI_NEU_XX__AUDIO_1050_TAI_SAD_XX_wav2lip.pt
FAKE_T2_1050_TIE_ANG_XX__AUDIO_1050_TIE_DIS_XX_wav2lip,track2,1,crema_1050,DIS,ANG,-1,1,1,1,,data\preprocessed\features\z_at\FAKE_T2_1050_TIE_ANG_XX__AUDIO_1050_TIE_DIS_XX_wav2lip.pt,data\preprocessed\features\z_v\FAKE_T2_1050_TIE_ANG_XX__AUDIO_1050_TIE_DIS_XX_wav2lip.pt
FAKE_T2_1050_TIE_DIS_XX__AUDIO_1050_TIE_FEA_XX_wav2lip,track2,1,crema_1050,FEA,DIS,-1,1,1,1,,data\preprocessed\features\z_at\FAKE_T2_1050_TIE_DIS_XX__AUDIO_1050_TIE_FEA_XX_wav2lip.pt,data\preprocessed\features\z_v\FAKE_T2_1050_TIE_DIS_XX__AUDIO_1050_TIE_FEA_XX_wav2lip.pt
FAKE_T2_1050_TIE_HAP_XX__AUDIO_1050_TIE_NEU_XX_wav2lip,track2,1,crema_1050,NEU,HAP,-1,1,1,1,,data\preprocessed\features\z_at\FAKE_T2_1050_TIE_HAP_XX__AUDIO_1050_TIE_NEU_XX_wav2lip.pt,data\preprocessed\features\z_v\FAKE_T2_1050_TIE_HAP_XX__AUDIO_1050_TIE_NEU_XX_wav2lip.pt
FAKE_T2_1050_WSI_ANG_XX__AUDIO_1050_WSI_DIS_XX_wav2lip,track2,1,crema_1050,DIS,ANG,-1,1,1,1,,data\preprocessed\features\z_at\FAKE_T2_1050_WSI_ANG_XX__AUDIO_1050_WSI_DIS_XX_wav2lip.pt,data\preprocessed\features\z_v\FAKE_T2_1050_WSI_ANG_XX__AUDIO_1050_WSI_DIS_XX_wav2lip.pt
FAKE_T2_1050_WSI_DIS_XX__AUDIO_1050_WSI_FEA_XX_wav2lip,track2,1,crema_1050,FEA,DIS,-1,1,1,1,,data\preprocessed\features\z_at\FAKE_T2_1050_WSI_DIS_XX__AUDIO_1050_WSI_FEA_XX_wav2lip.pt,data\preprocessed\features\z_v\FAKE_T2_1050_WSI_DIS_XX__AUDIO_1050_WSI_FEA_XX_wav2lip.pt
FAKE_T2_1050_WSI_NEU_XX__AUDIO_1050_WSI_SAD_XX_wav2lip,track2,1,crema_1050,SAD,NEU,-1,1,1,1,,data\preprocessed\features\z_at\FAKE_T2_1050_WSI_NEU_XX__AUDIO_1050_WSI_SAD_XX_wav2lip.pt,data\preprocessed\features\z_v\FAKE_T2_1050_WSI_NEU_XX__AUDIO_1050_WSI_SAD_XX_wav2lip.pt
FAKE_T2_1051_DFA_DIS_XX__AUDIO_1051_DFA_FEA_XX_wav2lip,track2,1,crema_1051,FEA,DIS,-1,1,1,1,,data\preprocessed\features\z_at\FAKE_T2_1051_DFA_DIS_XX__AUDIO_1051_DFA_FEA_XX_wav2lip.pt,data\preprocessed\features\z_v\FAKE_T2_1051_DFA_DIS_XX__AUDIO_1051_DFA_FEA_XX_wav2lip.pt
FAKE_T2_1051_DFA_NEU_XX__AUDIO_1051_DFA_SAD_XX_wav2lip,track2,1,crema_1051,SAD,NEU,-1,1,1,1,,data\preprocessed\features\z_at\FAKE_T2_1051_DFA_NEU_XX__AUDIO_1051_DFA_SAD_XX_wav2lip.pt,data\preprocessed\features\z_v\FAKE_T2_1051_DFA_NEU_XX__AUDIO_1051_DFA_SAD_XX_wav2lip.pt
FAKE_T2_1051_IEO_DIS_MD__AUDIO_1051_IEO_FEA_MD_wav2lip,track2,1,crema_1051,FEA,DIS,-1,1,1,1,,data\preprocessed\features\z_at\FAKE_T2_1051_IEO_DIS_MD__AUDIO_1051_IEO_FEA_MD_wav2lip.pt,data\preprocessed\features\z_v\FAKE_T2_1051_IEO_DIS_MD__AUDIO_1051_IEO_FEA_MD_wav2lip.pt
FAKE_T2_1051_IEO_FEA_HI__AUDIO_1051_IEO_HAP_HI_wav2lip,track2,1,crema_1051,HAP,FEA,-1,1,1,1,,data\preprocessed\features\z_at\FAKE_T2_1051_IEO_FEA_HI__AUDIO_1051_IEO_HAP_HI_wav2lip.pt,data\preprocessed\features\z_v\FAKE_T2_1051_IEO_FEA_HI__AUDIO_1051_IEO_HAP_HI_wav2lip.pt
FAKE_T2_1051_IEO_FEA_MD__AUDIO_1051_IEO_HAP_MD_wav2lip,track2,1,crema_1051,HAP,FEA,-1,1,1,1,,data\preprocessed\features\z_at\FAKE_T2_1051_IEO_FEA_MD__AUDIO_1051_IEO_HAP_MD_wav2lip.pt,data\preprocessed\features\z_v\FAKE_T2_1051_IEO_FEA_MD__AUDIO_1051_IEO_HAP_MD_wav2lip.pt
FAKE_T2_1051_IEO_SAD_HI__AUDIO_1051_IEO_ANG_HI_wav2lip,track2,1,crema_1051,ANG,SAD,-1,1,1,1,,data\preprocessed\features\z_at\FAKE_T2_1051_IEO_SAD_HI__AUDIO_1051_IEO_ANG_HI_wav2lip.pt,data\preprocessed\features\z_v\FAKE_T2_1051_IEO_SAD_HI__AUDIO_1051_IEO_ANG_HI_wav2lip.pt
FAKE_T2_1051_IEO_SAD_LO__AUDIO_1051_IEO_ANG_LO_wav2lip,track2,1,crema_1051,ANG,SAD,-1,1,1,1,,data\preprocessed\features\z_at\FAKE_T2_1051_IEO_SAD_LO__AUDIO_1051_IEO_ANG_LO_wav2lip.pt,data\preprocessed\features\z_v\FAKE_T2_1051_IEO_SAD_LO__AUDIO_1051_IEO_ANG_LO_wav2lip.pt
FAKE_T2_1051_IEO_SAD_MD__AUDIO_1051_IEO_ANG_MD_wav2lip,track2,1,crema_1051,ANG,SAD,-1,1,1,1,,data\preprocessed\features\z_at\FAKE_T2_1051_IEO_SAD_MD__AUDIO_1051_IEO_ANG_MD_wav2lip.pt,data\preprocessed\features\z_v\FAKE_T2_1051_IEO_SAD_MD__AUDIO_1051_IEO_ANG_MD_wav2lip.pt
FAKE_T2_1051_IOM_HAP_XX__AUDIO_1051_IOM_NEU_XX_wav2lip,track2,1,crema_1051,NEU,HAP,-1,1,1,1,,data\preprocessed\features\z_at\FAKE_T2_1051_IOM_HAP_XX__AUDIO_1051_IOM_NEU_XX_wav2lip.pt,data\preprocessed\features\z_v\FAKE_T2_1051_IOM_HAP_XX__AUDIO_1051_IOM_NEU_XX_wav2lip.pt
FAKE_T2_1051_IOM_SAD_XX__AUDIO_1051_IOM_ANG_XX_wav2lip,track2,1,crema_1051,ANG,SAD,-1,1,1,1,,data\preprocessed\features\z_at\FAKE_T2_1051_IOM_SAD_XX__AUDIO_1051_IOM_ANG_XX_wav2lip.pt,data\preprocessed\features\z_v\FAKE_T2_1051_IOM_SAD_XX__AUDIO_1051_IOM_ANG_XX_wav2lip.pt
FAKE_T2_1051_ITH_ANG_XX__AUDIO_1051_ITH_DIS_XX_wav2lip,track2,1,crema_1051,DIS,ANG,-1,1,1,1,,data\preprocessed\features\z_at\FAKE_T2_1051_ITH_ANG_XX__AUDIO_1051_ITH_DIS_XX_wav2lip.pt,data\preprocessed\features\z_v\FAKE_T2_1051_ITH_ANG_XX__AUDIO_1051_ITH_DIS_XX_wav2lip.pt
FAKE_T2_1051_ITH_FEA_XX__AUDIO_1051_ITH_HAP_XX_wav2lip,track2,1,crema_1051,HAP,FEA,-1,1,1,1,,data\preprocessed\features\z_at\FAKE_T2_1051_ITH_FEA_XX__AUDIO_1051_ITH_HAP_XX_wav2lip.pt,data\preprocessed\features\z_v\FAKE_T2_1051_ITH_FEA_XX__AUDIO_1051_ITH_HAP_XX_wav2lip.pt
FAKE_T2_1051_ITH_HAP_XX__AUDIO_1051_ITH_NEU_XX_wav2lip,track2,1,crema_1051,NEU,HAP,-1,1,1,1,,data\preprocessed\features\z_at\FAKE_T2_1051_ITH_HAP_XX__AUDIO_1051_ITH_NEU_XX_wav2lip.pt,data\preprocessed\features\z_v\FAKE_T2_1051_ITH_HAP_XX__AUDIO_1051_ITH_NEU_XX_wav2lip.pt
FAKE_T2_1051_ITH_SAD_XX__AUDIO_1051_ITH_ANG_XX_wav2lip,track2,1,crema_1051,ANG,SAD,-1,1,1,1,,data\preprocessed\features\z_at\FAKE_T2_1051_ITH_SAD_XX__AUDIO_1051_ITH_ANG_XX_wav2lip.pt,data\preprocessed\features\z_v\FAKE_T2_1051_ITH_SAD_XX__AUDIO_1051_ITH_ANG_XX_wav2lip.pt
FAKE_T2_1051_IWL_ANG_XX__AUDIO_1051_IWL_DIS_XX_wav2lip,track2,1,crema_1051,DIS,ANG,-1,1,1,1,,data\preprocessed\features\z_at\FAKE_T2_1051_IWL_ANG_XX__AUDIO_1051_IWL_DIS_XX_wav2lip.pt,data\preprocessed\features\z_v\FAKE_T2_1051_IWL_ANG_XX__AUDIO_1051_IWL_DIS_XX_wav2lip.pt
FAKE_T2_1051_IWL_DIS_XX__AUDIO_1051_IWL_FEA_XX_wav2lip,track2,1,crema_1051,FEA,DIS,-1,1,1,1,,data\preprocessed\features\z_at\FAKE_T2_1051_IWL_DIS_XX__AUDIO_1051_IWL_FEA_XX_wav2lip.pt,data\preprocessed\features\z_v\FAKE_T2_1051_IWL_DIS_XX__AUDIO_1051_IWL_FEA_XX_wav2lip.pt
FAKE_T2_1051_IWL_HAP_XX__AUDIO_1051_IWL_NEU_XX_wav2lip,track2,1,crema_1051,NEU,HAP,-1,1,1,1,,data\preprocessed\features\z_at\FAKE_T2_1051_IWL_HAP_XX__AUDIO_1051_IWL_NEU_XX_wav2lip.pt,data\preprocessed\features\z_v\FAKE_T2_1051_IWL_HAP_XX__AUDIO_1051_IWL_NEU_XX_wav2lip.pt
FAKE_T2_1051_IWW_DIS_XX__AUDIO_1051_IWW_FEA_XX_wav2lip,track2,1,crema_1051,FEA,DIS,-1,1,1,1,,data\preprocessed\features\z_at\FAKE_T2_1051_IWW_DIS_XX__AUDIO_1051_IWW_FEA_XX_wav2lip.pt,data\preprocessed\features\z_v\FAKE_T2_1051_IWW_DIS_XX__AUDIO_1051_IWW_FEA_XX_wav2lip.pt
FAKE_T2_1051_IWW_FEA_XX__AUDIO_1051_IWW_HAP_XX_wav2lip,track2,1,crema_1051,HAP,FEA,-1,1,1,1,,data\preprocessed\features\z_at\FAKE_T2_1051_IWW_FEA_XX__AUDIO_1051_IWW_HAP_XX_wav2lip.pt,data\preprocessed\features\z_v\FAKE_T2_1051_IWW_FEA_XX__AUDIO_1051_IWW_HAP_XX_wav2lip.pt
FAKE_T2_1051_IWW_HAP_XX__AUDIO_1051_IWW_NEU_XX_wav2lip,track2,1,crema_1051,NEU,HAP,-1,1,1,1,,data\preprocessed\features\z_at\FAKE_T2_1051_IWW_HAP_XX__AUDIO_1051_IWW_NEU_XX_wav2lip.pt,data\preprocessed\features\z_v\FAKE_T2_1051_IWW_HAP_XX__AUDIO_1051_IWW_NEU_XX_wav2lip.pt
FAKE_T2_1051_MTI_HAP_XX__AUDIO_1051_MTI_NEU_XX_wav2lip,track2,1,crema_1051,NEU,HAP,-1,1,1,1,,data\preprocessed\features\z_at\FAKE_T2_1051_MTI_HAP_XX__AUDIO_1051_MTI_NEU_XX_wav2lip.pt,data\preprocessed\features\z_v\FAKE_T2_1051_MTI_HAP_XX__AUDIO_1051_MTI_NEU_XX_wav2lip.pt
FAKE_T2_1051_TAI_ANG_XX__AUDIO_1051_TAI_DIS_XX_wav2lip,track2,1,crema_1051,DIS,ANG,-1,1,1,1,,data\preprocessed\features\z_at\FAKE_T2_1051_TAI_ANG_XX__AUDIO_1051_TAI_DIS_XX_wav2lip.pt,data\preprocessed\features\z_v\FAKE_T2_1051_TAI_ANG_XX__AUDIO_1051_TAI_DIS_XX_wav2lip.pt
FAKE_T2_1051_TAI_FEA_XX__AUDIO_1051_TAI_HAP_XX_wav2lip,track2,1,crema_1051,HAP,FEA,-1,1,1,1,,data\preprocessed\features\z_at\FAKE_T2_1051_TAI_FEA_XX__AUDIO_1051_TAI_HAP_XX_wav2lip.pt,data\preprocessed\features\z_v\FAKE_T2_1051_TAI_FEA_XX__AUDIO_1051_TAI_HAP_XX_wav2lip.pt
FAKE_T2_1051_TAI_HAP_XX__AUDIO_1051_TAI_NEU_XX_wav2lip,track2,1,crema_1051,NEU,HAP,-1,1,1,1,,data\preprocessed\features\z_at\FAKE_T2_1051_TAI_HAP_XX__AUDIO_1051_TAI_NEU_XX_wav2lip.pt,data\preprocessed\features\z_v\FAKE_T2_1051_TAI_HAP_XX__AUDIO_1051_TAI_NEU_XX_wav2lip.pt
FAKE_T2_1051_WSI_DIS_XX__AUDIO_1051_WSI_FEA_XX_wav2lip,track2,1,crema_1051,FEA,DIS,-1,1,1,1,,data\preprocessed\features\z_at\FAKE_T2_1051_WSI_DIS_XX__AUDIO_1051_WSI_FEA_XX_wav2lip.pt,data\preprocessed\features\z_v\FAKE_T2_1051_WSI_DIS_XX__AUDIO_1051_WSI_FEA_XX_wav2lip.pt
FAKE_T2_1052_DFA_HAP_XX__AUDIO_1052_DFA_NEU_XX_wav2lip,track2,1,crema_1052,NEU,HAP,-1,1,1,1,,data\preprocessed\features\z_at\FAKE_T2_1052_DFA_HAP_XX__AUDIO_1052_DFA_NEU_XX_wav2lip.pt,data\preprocessed\features\z_v\FAKE_T2_1052_DFA_HAP_XX__AUDIO_1052_DFA_NEU_XX_wav2lip.pt
FAKE_T2_1052_IEO_ANG_MD__AUDIO_1052_IEO_DIS_MD_wav2lip,track2,1,crema_1052,DIS,ANG,-1,1,1,1,,data\preprocessed\features\z_at\FAKE_T2_1052_IEO_ANG_MD__AUDIO_1052_IEO_DIS_MD_wav2lip.pt,data\preprocessed\features\z_v\FAKE_T2_1052_IEO_ANG_MD__AUDIO_1052_IEO_DIS_MD_wav2lip.pt
FAKE_T2_1052_IEO_DIS_HI__AUDIO_1052_IEO_FEA_HI_wav2lip,track2,1,crema_1052,FEA,DIS,-1,1,1,1,,data\preprocessed\features\z_at\FAKE_T2_1052_IEO_DIS_HI__AUDIO_1052_IEO_FEA_HI_wav2lip.pt,data\preprocessed\features\z_v\FAKE_T2_1052_IEO_DIS_HI__AUDIO_1052_IEO_FEA_HI_wav2lip.pt
FAKE_T2_1052_IEO_FEA_LO__AUDIO_1052_IEO_HAP_LO_wav2lip,track2,1,crema_1052,HAP,FEA,-1,1,1,1,,data\preprocessed\features\z_at\FAKE_T2_1052_IEO_FEA_LO__AUDIO_1052_IEO_HAP_LO_wav2lip.pt,data\preprocessed\features\z_v\FAKE_T2_1052_IEO_FEA_LO__AUDIO_1052_IEO_HAP_LO_wav2lip.pt
FAKE_T2_1052_IEO_FEA_MD__AUDIO_1052_IEO_HAP_MD_wav2lip,track2,1,crema_1052,HAP,FEA,-1,1,1,1,,data\preprocessed\features\z_at\FAKE_T2_1052_IEO_FEA_MD__AUDIO_1052_IEO_HAP_MD_wav2lip.pt,data\preprocessed\features\z_v\FAKE_T2_1052_IEO_FEA_MD__AUDIO_1052_IEO_HAP_MD_wav2lip.pt
FAKE_T2_1052_IEO_HAP_MD__AUDIO_1052_IEO_NEU_XX_wav2lip,track2,1,crema_1052,NEU,HAP,-1,1,1,1,,data\preprocessed\features\z_at\FAKE_T2_1052_IEO_HAP_MD__AUDIO_1052_IEO_NEU_XX_wav2lip.pt,data\preprocessed\features\z_v\FAKE_T2_1052_IEO_HAP_MD__AUDIO_1052_IEO_NEU_XX_wav2lip.pt
FAKE_T2_1052_IEO_SAD_HI__AUDIO_1052_IEO_ANG_HI_wav2lip,track2,1,crema_1052,ANG,SAD,-1,1,1,1,,data\preprocessed\features\z_at\FAKE_T2_1052_IEO_SAD_HI__AUDIO_1052_IEO_ANG_HI_wav2lip.pt,data\preprocessed\features\z_v\FAKE_T2_1052_IEO_SAD_HI__AUDIO_1052_IEO_ANG_HI_wav2lip.pt
FAKE_T2_1052_IEO_SAD_LO__AUDIO_1052_IEO_ANG_LO_wav2lip,track2,1,crema_1052,ANG,SAD,-1,1,1,1,,data\preprocessed\features\z_at\FAKE_T2_1052_IEO_SAD_LO__AUDIO_1052_IEO_ANG_LO_wav2lip.pt,data\preprocessed\features\z_v\FAKE_T2_1052_IEO_SAD_LO__AUDIO_1052_IEO_ANG_LO_wav2lip.pt
FAKE_T2_1052_IOM_FEA_XX__AUDIO_1052_IOM_HAP_XX_wav2lip,track2,1,crema_1052,HAP,FEA,-1,1,1,1,,data\preprocessed\features\z_at\FAKE_T2_1052_IOM_FEA_XX__AUDIO_1052_IOM_HAP_XX_wav2lip.pt,data\preprocessed\features\z_v\FAKE_T2_1052_IOM_FEA_XX__AUDIO_1052_IOM_HAP_XX_wav2lip.pt
FAKE_T2_1052_IOM_HAP_XX__AUDIO_1052_IOM_NEU_XX_wav2lip,track2,1,crema_1052,NEU,HAP,-1,1,1,1,,data\preprocessed\features\z_at\FAKE_T2_1052_IOM_HAP_XX__AUDIO_1052_IOM_NEU_XX_wav2lip.pt,data\preprocessed\features\z_v\FAKE_T2_1052_IOM_HAP_XX__AUDIO_1052_IOM_NEU_XX_wav2lip.pt
FAKE_T2_1052_ITH_ANG_XX__AUDIO_1052_ITH_DIS_XX_wav2lip,track2,1,crema_1052,DIS,ANG,-1,1,1,1,,data\preprocessed\features\z_at\FAKE_T2_1052_ITH_ANG_XX__AUDIO_1052_ITH_DIS_XX_wav2lip.pt,data\preprocessed\features\z_v\FAKE_T2_1052_ITH_ANG_XX__AUDIO_1052_ITH_DIS_XX_wav2lip.pt
FAKE_T2_1052_ITH_HAP_XX__AUDIO_1052_ITH_NEU_XX_wav2lip,track2,1,crema_1052,NEU,HAP,-1,1,1,1,,data\preprocessed\features\z_at\FAKE_T2_1052_ITH_HAP_XX__AUDIO_1052_ITH_NEU_XX_wav2lip.pt,data\preprocessed\features\z_v\FAKE_T2_1052_ITH_HAP_XX__AUDIO_1052_ITH_NEU_XX_wav2lip.pt
FAKE_T2_1052_ITH_SAD_XX__AUDIO_1052_ITH_ANG_XX_wav2lip,track2,1,crema_1052,ANG,SAD,-1,1,1,1,,data\preprocessed\features\z_at\FAKE_T2_1052_ITH_SAD_XX__AUDIO_1052_ITH_ANG_XX_wav2lip.pt,data\preprocessed\features\z_v\FAKE_T2_1052_ITH_SAD_XX__AUDIO_1052_ITH_ANG_XX_wav2lip.pt
FAKE_T2_1052_ITS_ANG_XX__AUDIO_1052_ITS_DIS_XX_wav2lip,track2,1,crema_1052,DIS,ANG,-1,1,1,1,,data\preprocessed\features\z_at\FAKE_T2_1052_ITS_ANG_XX__AUDIO_1052_ITS_DIS_XX_wav2lip.pt,data\preprocessed\features\z_v\FAKE_T2_1052_ITS_ANG_XX__AUDIO_1052_ITS_DIS_XX_wav2lip.pt
FAKE_T2_1052_IWL_ANG_XX__AUDIO_1052_IWL_DIS_XX_wav2lip,track2,1,crema_1052,DIS,ANG,-1,1,1,1,,data\preprocessed\features\z_at\FAKE_T2_1052_IWL_ANG_XX__AUDIO_1052_IWL_DIS_XX_wav2lip.pt,data\preprocessed\features\z_v\FAKE_T2_1052_IWL_ANG_XX__AUDIO_1052_IWL_DIS_XX_wav2lip.pt
FAKE_T2_1052_IWL_DIS_XX__AUDIO_1052_IWL_FEA_XX_wav2lip,track2,1,crema_1052,FEA,DIS,-1,1,1,1,,data\preprocessed\features\z_at\FAKE_T2_1052_IWL_DIS_XX__AUDIO_1052_IWL_FEA_XX_wav2lip.pt,data\preprocessed\features\z_v\FAKE_T2_1052_IWL_DIS_XX__AUDIO_1052_IWL_FEA_XX_wav2lip.pt
FAKE_T2_1052_IWL_SAD_XX__AUDIO_1052_IWL_ANG_XX_wav2lip,track2,1,crema_1052,ANG,SAD,-1,1,1,1,,data\preprocessed\features\z_at\FAKE_T2_1052_IWL_SAD_XX__AUDIO_1052_IWL_ANG_XX_wav2lip.pt,data\preprocessed\features\z_v\FAKE_T2_1052_IWL_SAD_XX__AUDIO_1052_IWL_ANG_XX_wav2lip.pt
FAKE_T2_1052_IWW_SAD_XX__AUDIO_1052_IWW_ANG_XX_wav2lip,track2,1,crema_1052,ANG,SAD,-1,1,1,1,,data\preprocessed\features\z_at\FAKE_T2_1052_IWW_SAD_XX__AUDIO_1052_IWW_ANG_XX_wav2lip.pt,data\preprocessed\features\z_v\FAKE_T2_1052_IWW_SAD_XX__AUDIO_1052_IWW_ANG_XX_wav2lip.pt
FAKE_T2_1052_MTI_ANG_XX__AUDIO_1052_MTI_DIS_XX_wav2lip,track2,1,crema_1052,DIS,ANG,-1,1,1,1,,data\preprocessed\features\z_at\FAKE_T2_1052_MTI_ANG_XX__AUDIO_1052_MTI_DIS_XX_wav2lip.pt,data\preprocessed\features\z_v\FAKE_T2_1052_MTI_ANG_XX__AUDIO_1052_MTI_DIS_XX_wav2lip.pt
FAKE_T2_1052_MTI_DIS_XX__AUDIO_1052_MTI_FEA_XX_wav2lip,track2,1,crema_1052,FEA,DIS,-1,1,1,1,,data\preprocessed\features\z_at\FAKE_T2_1052_MTI_DIS_XX__AUDIO_1052_MTI_FEA_XX_wav2lip.pt,data\preprocessed\features\z_v\FAKE_T2_1052_MTI_DIS_XX__AUDIO_1052_MTI_FEA_XX_wav2lip.pt
FAKE_T2_1052_TAI_FEA_XX__AUDIO_1052_TAI_HAP_XX_wav2lip,track2,1,crema_1052,HAP,FEA,-1,1,1,1,,data\preprocessed\features\z_at\FAKE_T2_1052_TAI_FEA_XX__AUDIO_1052_TAI_HAP_XX_wav2lip.pt,data\preprocessed\features\z_v\FAKE_T2_1052_TAI_FEA_XX__AUDIO_1052_TAI_HAP_XX_wav2lip.pt
FAKE_T2_1052_TSI_NEU_XX__AUDIO_1052_TSI_SAD_XX_wav2lip,track2,1,crema_1052,SAD,NEU,-1,1,1,1,,data\preprocessed\features\z_at\FAKE_T2_1052_TSI_NEU_XX__AUDIO_1052_TSI_SAD_XX_wav2lip.pt,data\preprocessed\features\z_v\FAKE_T2_1052_TSI_NEU_XX__AUDIO_1052_TSI_SAD_XX_wav2lip.pt
FAKE_T2_1052_TSI_SAD_XX__AUDIO_1052_TSI_ANG_XX_wav2lip,track2,1,crema_1052,ANG,SAD,-1,1,1,1,,data\preprocessed\features\z_at\FAKE_T2_1052_TSI_SAD_XX__AUDIO_1052_TSI_ANG_XX_wav2lip.pt,data\preprocessed\features\z_v\FAKE_T2_1052_TSI_SAD_XX__AUDIO_1052_TSI_ANG_XX_wav2lip.pt
FAKE_T2_1052_WSI_HAP_XX__AUDIO_1052_WSI_NEU_XX_wav2lip,track2,1,crema_1052,NEU,HAP,-1,1,1,1,,data\preprocessed\features\z_at\FAKE_T2_1052_WSI_HAP_XX__AUDIO_1052_WSI_NEU_XX_wav2lip.pt,data\preprocessed\features\z_v\FAKE_T2_1052_WSI_HAP_XX__AUDIO_1052_WSI_NEU_XX_wav2lip.pt
FAKE_T2_1052_WSI_SAD_XX__AUDIO_1052_WSI_ANG_XX_wav2lip,track2,1,crema_1052,ANG,SAD,-1,1,1,1,,data\preprocessed\features\z_at\FAKE_T2_1052_WSI_SAD_XX__AUDIO_1052_WSI_ANG_XX_wav2lip.pt,data\preprocessed\features\z_v\FAKE_T2_1052_WSI_SAD_XX__AUDIO_1052_WSI_ANG_XX_wav2lip.pt
FAKE_T2_1053_DFA_DIS_XX__AUDIO_1053_DFA_FEA_XX_wav2lip,track2,1,crema_1053,FEA,DIS,-1,1,1,1,,data\preprocessed\features\z_at\FAKE_T2_1053_DFA_DIS_XX__AUDIO_1053_DFA_FEA_XX_wav2lip.pt,data\preprocessed\features\z_v\FAKE_T2_1053_DFA_DIS_XX__AUDIO_1053_DFA_FEA_XX_wav2lip.pt
FAKE_T2_1053_DFA_NEU_XX__AUDIO_1053_DFA_SAD_XX_wav2lip,track2,1,crema_1053,SAD,NEU,-1,1,1,1,,data\preprocessed\features\z_at\FAKE_T2_1053_DFA_NEU_XX__AUDIO_1053_DFA_SAD_XX_wav2lip.pt,data\preprocessed\features\z_v\FAKE_T2_1053_DFA_NEU_XX__AUDIO_1053_DFA_SAD_XX_wav2lip.pt
FAKE_T2_1053_DFA_SAD_XX__AUDIO_1053_DFA_ANG_XX_wav2lip,track2,1,crema_1053,ANG,SAD,-1,1,1,1,,data\preprocessed\features\z_at\FAKE_T2_1053_DFA_SAD_XX__AUDIO_1053_DFA_ANG_XX_wav2lip.pt,data\preprocessed\features\z_v\FAKE_T2_1053_DFA_SAD_XX__AUDIO_1053_DFA_ANG_XX_wav2lip.pt
FAKE_T2_1053_IEO_NEU_XX__AUDIO_1053_IEO_SAD_HI_wav2lip,track2,1,crema_1053,SAD,NEU,-1,1,1,1,,data\preprocessed\features\z_at\FAKE_T2_1053_IEO_NEU_XX__AUDIO_1053_IEO_SAD_HI_wav2lip.pt,data\preprocessed\features\z_v\FAKE_T2_1053_IEO_NEU_XX__AUDIO_1053_IEO_SAD_HI_wav2lip.pt
FAKE_T2_1053_IOM_DIS_XX__AUDIO_1053_IOM_FEA_XX_wav2lip,track2,1,crema_1053,FEA,DIS,-1,1,1,1,,data\preprocessed\features\z_at\FAKE_T2_1053_IOM_DIS_XX__AUDIO_1053_IOM_FEA_XX_wav2lip.pt,data\preprocessed\features\z_v\FAKE_T2_1053_IOM_DIS_XX__AUDIO_1053_IOM_FEA_XX_wav2lip.pt
FAKE_T2_1053_IOM_SAD_XX__AUDIO_1053_IOM_ANG_XX_wav2lip,track2,1,crema_1053,ANG,SAD,-1,1,1,1,,data\preprocessed\features\z_at\FAKE_T2_1053_IOM_SAD_XX__AUDIO_1053_IOM_ANG_XX_wav2lip.pt,data\preprocessed\features\z_v\FAKE_T2_1053_IOM_SAD_XX__AUDIO_1053_IOM_ANG_XX_wav2lip.pt
FAKE_T2_1053_ITH_ANG_XX__AUDIO_1053_ITH_DIS_XX_wav2lip,track2,1,crema_1053,DIS,ANG,-1,1,1,1,,data\preprocessed\features\z_at\FAKE_T2_1053_ITH_ANG_XX__AUDIO_1053_ITH_DIS_XX_wav2lip.pt,data\preprocessed\features\z_v\FAKE_T2_1053_ITH_ANG_XX__AUDIO_1053_ITH_DIS_XX_wav2lip.pt
FAKE_T2_1053_ITH_NEU_XX__AUDIO_1053_ITH_SAD_XX_wav2lip,track2,1,crema_1053,SAD,NEU,-1,1,1,1,,data\preprocessed\features\z_at\FAKE_T2_1053_ITH_NEU_XX__AUDIO_1053_ITH_SAD_XX_wav2lip.pt,data\preprocessed\features\z_v\FAKE_T2_1053_ITH_NEU_XX__AUDIO_1053_ITH_SAD_XX_wav2lip.pt
FAKE_T2_1053_ITH_SAD_XX__AUDIO_1053_ITH_ANG_XX_wav2lip,track2,1,crema_1053,ANG,SAD,-1,1,1,1,,data\preprocessed\features\z_at\FAKE_T2_1053_ITH_SAD_XX__AUDIO_1053_ITH_ANG_XX_wav2lip.pt,data\preprocessed\features\z_v\FAKE_T2_1053_ITH_SAD_XX__AUDIO_1053_ITH_ANG_XX_wav2lip.pt
FAKE_T2_1053_ITS_DIS_XX__AUDIO_1053_ITS_FEA_XX_wav2lip,track2,1,crema_1053,FEA,DIS,-1,1,1,1,,data\preprocessed\features\z_at\FAKE_T2_1053_ITS_DIS_XX__AUDIO_1053_ITS_FEA_XX_wav2lip.pt,data\preprocessed\features\z_v\FAKE_T2_1053_ITS_DIS_XX__AUDIO_1053_ITS_FEA_XX_wav2lip.pt
FAKE_T2_1053_IWL_FEA_XX__AUDIO_1053_IWL_HAP_XX_wav2lip,track2,1,crema_1053,HAP,FEA,-1,1,1,1,,data\preprocessed\features\z_at\FAKE_T2_1053_IWL_FEA_XX__AUDIO_1053_IWL_HAP_XX_wav2lip.pt,data\preprocessed\features\z_v\FAKE_T2_1053_IWL_FEA_XX__AUDIO_1053_IWL_HAP_XX_wav2lip.pt
FAKE_T2_1053_IWL_SAD_XX__AUDIO_1053_IWL_ANG_XX_wav2lip,track2,1,crema_1053,ANG,SAD,-1,1,1,1,,data\preprocessed\features\z_at\FAKE_T2_1053_IWL_SAD_XX__AUDIO_1053_IWL_ANG_XX_wav2lip.pt,data\preprocessed\features\z_v\FAKE_T2_1053_IWL_SAD_XX__AUDIO_1053_IWL_ANG_XX_wav2lip.pt
FAKE_T2_1053_IWW_HAP_XX__AUDIO_1053_IWW_NEU_XX_wav2lip,track2,1,crema_1053,NEU,HAP,-1,1,1,1,,data\preprocessed\features\z_at\FAKE_T2_1053_IWW_HAP_XX__AUDIO_1053_IWW_NEU_XX_wav2lip.pt,data\preprocessed\features\z_v\FAKE_T2_1053_IWW_HAP_XX__AUDIO_1053_IWW_NEU_XX_wav2lip.pt
FAKE_T2_1053_MTI_DIS_XX__AUDIO_1053_MTI_FEA_XX_wav2lip,track2,1,crema_1053,FEA,DIS,-1,1,1,1,,data\preprocessed\features\z_at\FAKE_T2_1053_MTI_DIS_XX__AUDIO_1053_MTI_FEA_XX_wav2lip.pt,data\preprocessed\features\z_v\FAKE_T2_1053_MTI_DIS_XX__AUDIO_1053_MTI_FEA_XX_wav2lip.pt
FAKE_T2_1053_MTI_FEA_XX__AUDIO_1053_MTI_HAP_XX_wav2lip,track2,1,crema_1053,HAP,FEA,-1,1,1,1,,data\preprocessed\features\z_at\FAKE_T2_1053_MTI_FEA_XX__AUDIO_1053_MTI_HAP_XX_wav2lip.pt,data\preprocessed\features\z_v\FAKE_T2_1053_MTI_FEA_XX__AUDIO_1053_MTI_HAP_XX_wav2lip.pt
FAKE_T2_1053_MTI_HAP_XX__AUDIO_1053_MTI_NEU_XX_wav2lip,track2,1,crema_1053,NEU,HAP,-1,1,1,1,,data\preprocessed\features\z_at\FAKE_T2_1053_MTI_HAP_XX__AUDIO_1053_MTI_NEU_XX_wav2lip.pt,data\preprocessed\features\z_v\FAKE_T2_1053_MTI_HAP_XX__AUDIO_1053_MTI_NEU_XX_wav2lip.pt
FAKE_T2_1053_TAI_DIS_XX__AUDIO_1053_TAI_FEA_XX_wav2lip,track2,1,crema_1053,FEA,DIS,-1,1,1,1,,data\preprocessed\features\z_at\FAKE_T2_1053_TAI_DIS_XX__AUDIO_1053_TAI_FEA_XX_wav2lip.pt,data\preprocessed\features\z_v\FAKE_T2_1053_TAI_DIS_XX__AUDIO_1053_TAI_FEA_XX_wav2lip.pt
FAKE_T2_1053_TAI_FEA_XX__AUDIO_1053_TAI_HAP_XX_wav2lip,track2,1,crema_1053,HAP,FEA,-1,1,1,1,,data\preprocessed\features\z_at\FAKE_T2_1053_TAI_FEA_XX__AUDIO_1053_TAI_HAP_XX_wav2lip.pt,data\preprocessed\features\z_v\FAKE_T2_1053_TAI_FEA_XX__AUDIO_1053_TAI_HAP_XX_wav2lip.pt
FAKE_T2_1053_TAI_SAD_XX__AUDIO_1053_TAI_ANG_XX_wav2lip,track2,1,crema_1053,ANG,SAD,-1,1,1,1,,data\preprocessed\features\z_at\FAKE_T2_1053_TAI_SAD_XX__AUDIO_1053_TAI_ANG_XX_wav2lip.pt,data\preprocessed\features\z_v\FAKE_T2_1053_TAI_SAD_XX__AUDIO_1053_TAI_ANG_XX_wav2lip.pt
FAKE_T2_1053_TIE_ANG_XX__AUDIO_1053_TIE_DIS_XX_wav2lip,track2,1,crema_1053,DIS,ANG,-1,1,1,1,,data\preprocessed\features\z_at\FAKE_T2_1053_TIE_ANG_XX__AUDIO_1053_TIE_DIS_XX_wav2lip.pt,data\preprocessed\features\z_v\FAKE_T2_1053_TIE_ANG_XX__AUDIO_1053_TIE_DIS_XX_wav2lip.pt
FAKE_T2_1053_TIE_HAP_XX__AUDIO_1053_TIE_NEU_XX_wav2lip,track2,1,crema_1053,NEU,HAP,-1,1,1,1,,data\preprocessed\features\z_at\FAKE_T2_1053_TIE_HAP_XX__AUDIO_1053_TIE_NEU_XX_wav2lip.pt,data\preprocessed\features\z_v\FAKE_T2_1053_TIE_HAP_XX__AUDIO_1053_TIE_NEU_XX_wav2lip.pt
FAKE_T2_1053_TIE_NEU_XX__AUDIO_1053_TIE_SAD_XX_wav2lip,track2,1,crema_1053,SAD,NEU,-1,1,1,1,,data\preprocessed\features\z_at\FAKE_T2_1053_TIE_NEU_XX__AUDIO_1053_TIE_SAD_XX_wav2lip.pt,data\preprocessed\features\z_v\FAKE_T2_1053_TIE_NEU_XX__AUDIO_1053_TIE_SAD_XX_wav2lip.pt
FAKE_T2_1053_TSI_ANG_XX__AUDIO_1053_TSI_DIS_XX_wav2lip,track2,1,crema_1053,DIS,ANG,-1,1,1,1,,data\preprocessed\features\z_at\FAKE_T2_1053_TSI_ANG_XX__AUDIO_1053_TSI_DIS_XX_wav2lip.pt,data\preprocessed\features\z_v\FAKE_T2_1053_TSI_ANG_XX__AUDIO_1053_TSI_DIS_XX_wav2lip.pt
FAKE_T2_1053_TSI_FEA_XX__AUDIO_1053_TSI_HAP_XX_wav2lip,track2,1,crema_1053,HAP,FEA,-1,1,1,1,,data\preprocessed\features\z_at\FAKE_T2_1053_TSI_FEA_XX__AUDIO_1053_TSI_HAP_XX_wav2lip.pt,data\preprocessed\features\z_v\FAKE_T2_1053_TSI_FEA_XX__AUDIO_1053_TSI_HAP_XX_wav2lip.pt
FAKE_T2_1053_WSI_HAP_XX__AUDIO_1053_WSI_NEU_XX_wav2lip,track2,1,crema_1053,NEU,HAP,-1,1,1,1,,data\preprocessed\features\z_at\FAKE_T2_1053_WSI_HAP_XX__AUDIO_1053_WSI_NEU_XX_wav2lip.pt,data\preprocessed\features\z_v\FAKE_T2_1053_WSI_HAP_XX__AUDIO_1053_WSI_NEU_XX_wav2lip.pt
FAKE_T2_1054_DFA_NEU_XX__AUDIO_1054_DFA_SAD_XX_wav2lip,track2,1,crema_1054,SAD,NEU,-1,1,1,1,,data\preprocessed\features\z_at\FAKE_T2_1054_DFA_NEU_XX__AUDIO_1054_DFA_SAD_XX_wav2lip.pt,data\preprocessed\features\z_v\FAKE_T2_1054_DFA_NEU_XX__AUDIO_1054_DFA_SAD_XX_wav2lip.pt
FAKE_T2_1054_IEO_FEA_MD__AUDIO_1054_IEO_HAP_MD_wav2lip,track2,1,crema_1054,HAP,FEA,-1,1,1,1,,data\preprocessed\features\z_at\FAKE_T2_1054_IEO_FEA_MD__AUDIO_1054_IEO_HAP_MD_wav2lip.pt,data\preprocessed\features\z_v\FAKE_T2_1054_IEO_FEA_MD__AUDIO_1054_IEO_HAP_MD_wav2lip.pt
FAKE_T2_1054_IEO_HAP_MD__AUDIO_1054_IEO_NEU_XX_wav2lip,track2,1,crema_1054,NEU,HAP,-1,1,1,1,,data\preprocessed\features\z_at\FAKE_T2_1054_IEO_HAP_MD__AUDIO_1054_IEO_NEU_XX_wav2lip.pt,data\preprocessed\features\z_v\FAKE_T2_1054_IEO_HAP_MD__AUDIO_1054_IEO_NEU_XX_wav2lip.pt
FAKE_T2_1054_IEO_NEU_XX__AUDIO_1054_IEO_SAD_HI_wav2lip,track2,1,crema_1054,SAD,NEU,-1,1,1,1,,data\preprocessed\features\z_at\FAKE_T2_1054_IEO_NEU_XX__AUDIO_1054_IEO_SAD_HI_wav2lip.pt,data\preprocessed\features\z_v\FAKE_T2_1054_IEO_NEU_XX__AUDIO_1054_IEO_SAD_HI_wav2lip.pt
FAKE_T2_1054_IEO_SAD_HI__AUDIO_1054_IEO_ANG_HI_wav2lip,track2,1,crema_1054,ANG,SAD,-1,1,1,1,,data\preprocessed\features\z_at\FAKE_T2_1054_IEO_SAD_HI__AUDIO_1054_IEO_ANG_HI_wav2lip.pt,data\preprocessed\features\z_v\FAKE_T2_1054_IEO_SAD_HI__AUDIO_1054_IEO_ANG_HI_wav2lip.pt
FAKE_T2_1054_IOM_ANG_XX__AUDIO_1054_IOM_DIS_XX_wav2lip,track2,1,crema_1054,DIS,ANG,-1,1,1,1,,data\preprocessed\features\z_at\FAKE_T2_1054_IOM_ANG_XX__AUDIO_1054_IOM_DIS_XX_wav2lip.pt,data\preprocessed\features\z_v\FAKE_T2_1054_IOM_ANG_XX__AUDIO_1054_IOM_DIS_XX_wav2lip.pt
FAKE_T2_1054_IOM_NEU_XX__AUDIO_1054_IOM_SAD_XX_wav2lip,track2,1,crema_1054,SAD,NEU,-1,1,1,1,,data\preprocessed\features\z_at\FAKE_T2_1054_IOM_NEU_XX__AUDIO_1054_IOM_SAD_XX_wav2lip.pt,data\preprocessed\features\z_v\FAKE_T2_1054_IOM_NEU_XX__AUDIO_1054_IOM_SAD_XX_wav2lip.pt
FAKE_T2_1054_IOM_SAD_XX__AUDIO_1054_IOM_ANG_XX_wav2lip,track2,1,crema_1054,ANG,SAD,-1,1,1,1,,data\preprocessed\features\z_at\FAKE_T2_1054_IOM_SAD_XX__AUDIO_1054_IOM_ANG_XX_wav2lip.pt,data\preprocessed\features\z_v\FAKE_T2_1054_IOM_SAD_XX__AUDIO_1054_IOM_ANG_XX_wav2lip.pt
FAKE_T2_1054_ITH_HAP_XX__AUDIO_1054_ITH_NEU_XX_wav2lip,track2,1,crema_1054,NEU,HAP,-1,1,1,1,,data\preprocessed\features\z_at\FAKE_T2_1054_ITH_HAP_XX__AUDIO_1054_ITH_NEU_XX_wav2lip.pt,data\preprocessed\features\z_v\FAKE_T2_1054_ITH_HAP_XX__AUDIO_1054_ITH_NEU_XX_wav2lip.pt
FAKE_T2_1054_ITS_DIS_XX__AUDIO_1054_ITS_FEA_XX_wav2lip,track2,1,crema_1054,FEA,DIS,-1,1,1,1,,data\preprocessed\features\z_at\FAKE_T2_1054_ITS_DIS_XX__AUDIO_1054_ITS_FEA_XX_wav2lip.pt,data\preprocessed\features\z_v\FAKE_T2_1054_ITS_DIS_XX__AUDIO_1054_ITS_FEA_XX_wav2lip.pt
FAKE_T2_1054_ITS_SAD_XX__AUDIO_1054_ITS_ANG_XX_wav2lip,track2,1,crema_1054,ANG,SAD,-1,1,1,1,,data\preprocessed\features\z_at\FAKE_T2_1054_ITS_SAD_XX__AUDIO_1054_ITS_ANG_XX_wav2lip.pt,data\preprocessed\features\z_v\FAKE_T2_1054_ITS_SAD_XX__AUDIO_1054_ITS_ANG_XX_wav2lip.pt
FAKE_T2_1054_IWL_FEA_XX__AUDIO_1054_IWL_HAP_XX_wav2lip,track2,1,crema_1054,HAP,FEA,-1,1,1,1,,data\preprocessed\features\z_at\FAKE_T2_1054_IWL_FEA_XX__AUDIO_1054_IWL_HAP_XX_wav2lip.pt,data\preprocessed\features\z_v\FAKE_T2_1054_IWL_FEA_XX__AUDIO_1054_IWL_HAP_XX_wav2lip.pt
FAKE_T2_1054_IWW_DIS_XX__AUDIO_1054_IWW_FEA_XX_wav2lip,track2,1,crema_1054,FEA,DIS,-1,1,1,1,,data\preprocessed\features\z_at\FAKE_T2_1054_IWW_DIS_XX__AUDIO_1054_IWW_FEA_XX_wav2lip.pt,data\preprocessed\features\z_v\FAKE_T2_1054_IWW_DIS_XX__AUDIO_1054_IWW_FEA_XX_wav2lip.pt
FAKE_T2_1054_IWW_FEA_XX__AUDIO_1054_IWW_HAP_XX_wav2lip,track2,1,crema_1054,HAP,FEA,-1,1,1,1,,data\preprocessed\features\z_at\FAKE_T2_1054_IWW_FEA_XX__AUDIO_1054_IWW_HAP_XX_wav2lip.pt,data\preprocessed\features\z_v\FAKE_T2_1054_IWW_FEA_XX__AUDIO_1054_IWW_HAP_XX_wav2lip.pt
FAKE_T2_1054_IWW_NEU_XX__AUDIO_1054_IWW_SAD_XX_wav2lip,track2,1,crema_1054,SAD,NEU,-1,1,1,1,,data\preprocessed\features\z_at\FAKE_T2_1054_IWW_NEU_XX__AUDIO_1054_IWW_SAD_XX_wav2lip.pt,data\preprocessed\features\z_v\FAKE_T2_1054_IWW_NEU_XX__AUDIO_1054_IWW_SAD_XX_wav2lip.pt
FAKE_T2_1054_MTI_DIS_XX__AUDIO_1054_MTI_FEA_XX_wav2lip,track2,1,crema_1054,FEA,DIS,-1,1,1,1,,data\preprocessed\features\z_at\FAKE_T2_1054_MTI_DIS_XX__AUDIO_1054_MTI_FEA_XX_wav2lip.pt,data\preprocessed\features\z_v\FAKE_T2_1054_MTI_DIS_XX__AUDIO_1054_MTI_FEA_XX_wav2lip.pt
FAKE_T2_1054_MTI_FEA_XX__AUDIO_1054_MTI_HAP_XX_wav2lip,track2,1,crema_1054,HAP,FEA,-1,1,1,1,,data\preprocessed\features\z_at\FAKE_T2_1054_MTI_FEA_XX__AUDIO_1054_MTI_HAP_XX_wav2lip.pt,data\preprocessed\features\z_v\FAKE_T2_1054_MTI_FEA_XX__AUDIO_1054_MTI_HAP_XX_wav2lip.pt
FAKE_T2_1054_TAI_FEA_XX__AUDIO_1054_TAI_HAP_XX_wav2lip,track2,1,crema_1054,HAP,FEA,-1,1,1,1,,data\preprocessed\features\z_at\FAKE_T2_1054_TAI_FEA_XX__AUDIO_1054_TAI_HAP_XX_wav2lip.pt,data\preprocessed\features\z_v\FAKE_T2_1054_TAI_FEA_XX__AUDIO_1054_TAI_HAP_XX_wav2lip.pt
FAKE_T2_1054_TAI_NEU_XX__AUDIO_1054_TAI_SAD_XX_wav2lip,track2,1,crema_1054,SAD,NEU,-1,1,1,1,,data\preprocessed\features\z_at\FAKE_T2_1054_TAI_NEU_XX__AUDIO_1054_TAI_SAD_XX_wav2lip.pt,data\preprocessed\features\z_v\FAKE_T2_1054_TAI_NEU_XX__AUDIO_1054_TAI_SAD_XX_wav2lip.pt
FAKE_T2_1054_TIE_ANG_XX__AUDIO_1054_TIE_DIS_XX_wav2lip,track2,1,crema_1054,DIS,ANG,-1,1,1,1,,data\preprocessed\features\z_at\FAKE_T2_1054_TIE_ANG_XX__AUDIO_1054_TIE_DIS_XX_wav2lip.pt,data\preprocessed\features\z_v\FAKE_T2_1054_TIE_ANG_XX__AUDIO_1054_TIE_DIS_XX_wav2lip.pt
FAKE_T2_1054_TIE_DIS_XX__AUDIO_1054_TIE_FEA_XX_wav2lip,track2,1,crema_1054,FEA,DIS,-1,1,1,1,,data\preprocessed\features\z_at\FAKE_T2_1054_TIE_DIS_XX__AUDIO_1054_TIE_FEA_XX_wav2lip.pt,data\preprocessed\features\z_v\FAKE_T2_1054_TIE_DIS_XX__AUDIO_1054_TIE_FEA_XX_wav2lip.pt
FAKE_T2_1054_TIE_HAP_XX__AUDIO_1054_TIE_NEU_XX_wav2lip,track2,1,crema_1054,NEU,HAP,-1,1,1,1,,data\preprocessed\features\z_at\FAKE_T2_1054_TIE_HAP_XX__AUDIO_1054_TIE_NEU_XX_wav2lip.pt,data\preprocessed\features\z_v\FAKE_T2_1054_TIE_HAP_XX__AUDIO_1054_TIE_NEU_XX_wav2lip.pt
FAKE_T2_1054_TIE_NEU_XX__AUDIO_1054_TIE_SAD_XX_wav2lip,track2,1,crema_1054,SAD,NEU,-1,1,1,1,,data\preprocessed\features\z_at\FAKE_T2_1054_TIE_NEU_XX__AUDIO_1054_TIE_SAD_XX_wav2lip.pt,data\preprocessed\features\z_v\FAKE_T2_1054_TIE_NEU_XX__AUDIO_1054_TIE_SAD_XX_wav2lip.pt
FAKE_T2_1054_TSI_FEA_XX__AUDIO_1054_TSI_HAP_XX_wav2lip,track2,1,crema_1054,HAP,FEA,-1,1,1,1,,data\preprocessed\features\z_at\FAKE_T2_1054_TSI_FEA_XX__AUDIO_1054_TSI_HAP_XX_wav2lip.pt,data\preprocessed\features\z_v\FAKE_T2_1054_TSI_FEA_XX__AUDIO_1054_TSI_HAP_XX_wav2lip.pt
FAKE_T2_1054_WSI_FEA_XX__AUDIO_1054_WSI_HAP_XX_wav2lip,track2,1,crema_1054,HAP,FEA,-1,1,1,1,,data\preprocessed\features\z_at\FAKE_T2_1054_WSI_FEA_XX__AUDIO_1054_WSI_HAP_XX_wav2lip.pt,data\preprocessed\features\z_v\FAKE_T2_1054_WSI_FEA_XX__AUDIO_1054_WSI_HAP_XX_wav2lip.pt
FAKE_T2_1055_IEO_ANG_HI__AUDIO_1055_IEO_DIS_HI_wav2lip,track2,1,crema_1055,DIS,ANG,-1,1,1,1,,data\preprocessed\features\z_at\FAKE_T2_1055_IEO_ANG_HI__AUDIO_1055_IEO_DIS_HI_wav2lip.pt,data\preprocessed\features\z_v\FAKE_T2_1055_IEO_ANG_HI__AUDIO_1055_IEO_DIS_HI_wav2lip.pt
FAKE_T2_1055_IEO_DIS_HI__AUDIO_1055_IEO_FEA_HI_wav2lip,track2,1,crema_1055,FEA,DIS,-1,1,1,1,,data\preprocessed\features\z_at\FAKE_T2_1055_IEO_DIS_HI__AUDIO_1055_IEO_FEA_HI_wav2lip.pt,data\preprocessed\features\z_v\FAKE_T2_1055_IEO_DIS_HI__AUDIO_1055_IEO_FEA_HI_wav2lip.pt
FAKE_T2_1055_IEO_DIS_MD__AUDIO_1055_IEO_FEA_MD_wav2lip,track2,1,crema_1055,FEA,DIS,-1,1,1,1,,data\preprocessed\features\z_at\FAKE_T2_1055_IEO_DIS_MD__AUDIO_1055_IEO_FEA_MD_wav2lip.pt,data\preprocessed\features\z_v\FAKE_T2_1055_IEO_DIS_MD__AUDIO_1055_IEO_FEA_MD_wav2lip.pt
FAKE_T2_1055_IEO_FEA_HI__AUDIO_1055_IEO_HAP_HI_wav2lip,track2,1,crema_1055,HAP,FEA,-1,1,1,1,,data\preprocessed\features\z_at\FAKE_T2_1055_IEO_FEA_HI__AUDIO_1055_IEO_HAP_HI_wav2lip.pt,data\preprocessed\features\z_v\FAKE_T2_1055_IEO_FEA_HI__AUDIO_1055_IEO_HAP_HI_wav2lip.pt
FAKE_T2_1055_IEO_FEA_LO__AUDIO_1055_IEO_HAP_LO_wav2lip,track2,1,crema_1055,HAP,FEA,-1,1,1,1,,data\preprocessed\features\z_at\FAKE_T2_1055_IEO_FEA_LO__AUDIO_1055_IEO_HAP_LO_wav2lip.pt,data\preprocessed\features\z_v\FAKE_T2_1055_IEO_FEA_LO__AUDIO_1055_IEO_HAP_LO_wav2lip.pt
FAKE_T2_1055_IEO_HAP_LO__AUDIO_1055_IEO_NEU_XX_wav2lip,track2,1,crema_1055,NEU,HAP,-1,1,1,1,,data\preprocessed\features\z_at\FAKE_T2_1055_IEO_HAP_LO__AUDIO_1055_IEO_NEU_XX_wav2lip.pt,data\preprocessed\features\z_v\FAKE_T2_1055_IEO_HAP_LO__AUDIO_1055_IEO_NEU_XX_wav2lip.pt
FAKE_T2_1055_IEO_SAD_HI__AUDIO_1055_IEO_ANG_HI_wav2lip,track2,1,crema_1055,ANG,SAD,-1,1,1,1,,data\preprocessed\features\z_at\FAKE_T2_1055_IEO_SAD_HI__AUDIO_1055_IEO_ANG_HI_wav2lip.pt,data\preprocessed\features\z_v\FAKE_T2_1055_IEO_SAD_HI__AUDIO_1055_IEO_ANG_HI_wav2lip.pt
FAKE_T2_1055_IOM_HAP_XX__AUDIO_1055_IOM_NEU_XX_wav2lip,track2,1,crema_1055,NEU,HAP,-1,1,1,1,,data\preprocessed\features\z_at\FAKE_T2_1055_IOM_HAP_XX__AUDIO_1055_IOM_NEU_XX_wav2lip.pt,data\preprocessed\features\z_v\FAKE_T2_1055_IOM_HAP_XX__AUDIO_1055_IOM_NEU_XX_wav2lip.pt
FAKE_T2_1055_ITH_DIS_XX__AUDIO_1055_ITH_FEA_XX_wav2lip,track2,1,crema_1055,FEA,DIS,-1,1,1,1,,data\preprocessed\features\z_at\FAKE_T2_1055_ITH_DIS_XX__AUDIO_1055_ITH_FEA_XX_wav2lip.pt,data\preprocessed\features\z_v\FAKE_T2_1055_ITH_DIS_XX__AUDIO_1055_ITH_FEA_XX_wav2lip.pt
FAKE_T2_1055_ITH_FEA_XX__AUDIO_1055_ITH_HAP_XX_wav2lip,track2,1,crema_1055,HAP,FEA,-1,1,1,1,,data\preprocessed\features\z_at\FAKE_T2_1055_ITH_FEA_XX__AUDIO_1055_ITH_HAP_XX_wav2lip.pt,data\preprocessed\features\z_v\FAKE_T2_1055_ITH_FEA_XX__AUDIO_1055_ITH_HAP_XX_wav2lip.pt
FAKE_T2_1055_ITH_SAD_XX__AUDIO_1055_ITH_ANG_XX_wav2lip,track2,1,crema_1055,ANG,SAD,-1,1,1,1,,data\preprocessed\features\z_at\FAKE_T2_1055_ITH_SAD_XX__AUDIO_1055_ITH_ANG_XX_wav2lip.pt,data\preprocessed\features\z_v\FAKE_T2_1055_ITH_SAD_XX__AUDIO_1055_ITH_ANG_XX_wav2lip.pt
FAKE_T2_1055_IWL_DIS_XX__AUDIO_1055_IWL_FEA_XX_wav2lip,track2,1,crema_1055,FEA,DIS,-1,1,1,1,,data\preprocessed\features\z_at\FAKE_T2_1055_IWL_DIS_XX__AUDIO_1055_IWL_FEA_XX_wav2lip.pt,data\preprocessed\features\z_v\FAKE_T2_1055_IWL_DIS_XX__AUDIO_1055_IWL_FEA_XX_wav2lip.pt
FAKE_T2_1055_IWL_HAP_XX__AUDIO_1055_IWL_NEU_XX_wav2lip,track2,1,crema_1055,NEU,HAP,-1,1,1,1,,data\preprocessed\features\z_at\FAKE_T2_1055_IWL_HAP_XX__AUDIO_1055_IWL_NEU_XX_wav2lip.pt,data\preprocessed\features\z_v\FAKE_T2_1055_IWL_HAP_XX__AUDIO_1055_IWL_NEU_XX_wav2lip.pt
FAKE_T2_1055_IWL_SAD_XX__AUDIO_1055_IWL_ANG_XX_wav2lip,track2,1,crema_1055,ANG,SAD,-1,1,1,1,,data\preprocessed\features\z_at\FAKE_T2_1055_IWL_SAD_XX__AUDIO_1055_IWL_ANG_XX_wav2lip.pt,data\preprocessed\features\z_v\FAKE_T2_1055_IWL_SAD_XX__AUDIO_1055_IWL_ANG_XX_wav2lip.pt
FAKE_T2_1055_MTI_ANG_XX__AUDIO_1055_MTI_DIS_XX_wav2lip,track2,1,crema_1055,DIS,ANG,-1,1,1,1,,data\preprocessed\features\z_at\FAKE_T2_1055_MTI_ANG_XX__AUDIO_1055_MTI_DIS_XX_wav2lip.pt,data\preprocessed\features\z_v\FAKE_T2_1055_MTI_ANG_XX__AUDIO_1055_MTI_DIS_XX_wav2lip.pt
FAKE_T2_1055_MTI_HAP_XX__AUDIO_1055_MTI_NEU_XX_wav2lip,track2,1,crema_1055,NEU,HAP,-1,1,1,1,,data\preprocessed\features\z_at\FAKE_T2_1055_MTI_HAP_XX__AUDIO_1055_MTI_NEU_XX_wav2lip.pt,data\preprocessed\features\z_v\FAKE_T2_1055_MTI_HAP_XX__AUDIO_1055_MTI_NEU_XX_wav2lip.pt
FAKE_T2_1055_MTI_NEU_XX__AUDIO_1055_MTI_SAD_XX_wav2lip,track2,1,crema_1055,SAD,NEU,-1,1,1,1,,data\preprocessed\features\z_at\FAKE_T2_1055_MTI_NEU_XX__AUDIO_1055_MTI_SAD_XX_wav2lip.pt,data\preprocessed\features\z_v\FAKE_T2_1055_MTI_NEU_XX__AUDIO_1055_MTI_SAD_XX_wav2lip.pt
FAKE_T2_1055_TAI_ANG_XX__AUDIO_1055_TAI_DIS_XX_wav2lip,track2,1,crema_1055,DIS,ANG,-1,1,1,1,,data\preprocessed\features\z_at\FAKE_T2_1055_TAI_ANG_XX__AUDIO_1055_TAI_DIS_XX_wav2lip.pt,data\preprocessed\features\z_v\FAKE_T2_1055_TAI_ANG_XX__AUDIO_1055_TAI_DIS_XX_wav2lip.pt
FAKE_T2_1055_TAI_FEA_XX__AUDIO_1055_TAI_HAP_XX_wav2lip,track2,1,crema_1055,HAP,FEA,-1,1,1,1,,data\preprocessed\features\z_at\FAKE_T2_1055_TAI_FEA_XX__AUDIO_1055_TAI_HAP_XX_wav2lip.pt,data\preprocessed\features\z_v\FAKE_T2_1055_TAI_FEA_XX__AUDIO_1055_TAI_HAP_XX_wav2lip.pt
FAKE_T2_1055_TAI_SAD_XX__AUDIO_1055_TAI_ANG_XX_wav2lip,track2,1,crema_1055,ANG,SAD,-1,1,1,1,,data\preprocessed\features\z_at\FAKE_T2_1055_TAI_SAD_XX__AUDIO_1055_TAI_ANG_XX_wav2lip.pt,data\preprocessed\features\z_v\FAKE_T2_1055_TAI_SAD_XX__AUDIO_1055_TAI_ANG_XX_wav2lip.pt
FAKE_T2_1055_TIE_HAP_XX__AUDIO_1055_TIE_NEU_XX_wav2lip,track2,1,crema_1055,NEU,HAP,-1,1,1,1,,data\preprocessed\features\z_at\FAKE_T2_1055_TIE_HAP_XX__AUDIO_1055_TIE_NEU_XX_wav2lip.pt,data\preprocessed\features\z_v\FAKE_T2_1055_TIE_HAP_XX__AUDIO_1055_TIE_NEU_XX_wav2lip.pt
FAKE_T2_1055_TIE_NEU_XX__AUDIO_1055_TIE_SAD_XX_wav2lip,track2,1,crema_1055,SAD,NEU,-1,1,1,1,,data\preprocessed\features\z_at\FAKE_T2_1055_TIE_NEU_XX__AUDIO_1055_TIE_SAD_XX_wav2lip.pt,data\preprocessed\features\z_v\FAKE_T2_1055_TIE_NEU_XX__AUDIO_1055_TIE_SAD_XX_wav2lip.pt
FAKE_T2_1055_TSI_NEU_XX__AUDIO_1055_TSI_SAD_XX_wav2lip,track2,1,crema_1055,SAD,NEU,-1,1,1,1,,data\preprocessed\features\z_at\FAKE_T2_1055_TSI_NEU_XX__AUDIO_1055_TSI_SAD_XX_wav2lip.pt,data\preprocessed\features\z_v\FAKE_T2_1055_TSI_NEU_XX__AUDIO_1055_TSI_SAD_XX_wav2lip.pt
FAKE_T2_1055_TSI_SAD_XX__AUDIO_1055_TSI_ANG_XX_wav2lip,track2,1,crema_1055,ANG,SAD,-1,1,1,1,,data\preprocessed\features\z_at\FAKE_T2_1055_TSI_SAD_XX__AUDIO_1055_TSI_ANG_XX_wav2lip.pt,data\preprocessed\features\z_v\FAKE_T2_1055_TSI_SAD_XX__AUDIO_1055_TSI_ANG_XX_wav2lip.pt
FAKE_T2_1055_WSI_DIS_XX__AUDIO_1055_WSI_FEA_XX_wav2lip,track2,1,crema_1055,FEA,DIS,-1,1,1,1,,data\preprocessed\features\z_at\FAKE_T2_1055_WSI_DIS_XX__AUDIO_1055_WSI_FEA_XX_wav2lip.pt,data\preprocessed\features\z_v\FAKE_T2_1055_WSI_DIS_XX__AUDIO_1055_WSI_FEA_XX_wav2lip.pt
FAKE_T2_1057_DFA_ANG_XX__AUDIO_1057_DFA_DIS_XX_wav2lip,track2,1,crema_1057,DIS,ANG,-1,1,1,1,,data\preprocessed\features\z_at\FAKE_T2_1057_DFA_ANG_XX__AUDIO_1057_DFA_DIS_XX_wav2lip.pt,data\preprocessed\features\z_v\FAKE_T2_1057_DFA_ANG_XX__AUDIO_1057_DFA_DIS_XX_wav2lip.pt
FAKE_T2_1057_DFA_HAP_XX__AUDIO_1057_DFA_NEU_XX_wav2lip,track2,1,crema_1057,NEU,HAP,-1,1,1,1,,data\preprocessed\features\z_at\FAKE_T2_1057_DFA_HAP_XX__AUDIO_1057_DFA_NEU_XX_wav2lip.pt,data\preprocessed\features\z_v\FAKE_T2_1057_DFA_HAP_XX__AUDIO_1057_DFA_NEU_XX_wav2lip.pt
FAKE_T2_1057_IEO_FEA_HI__AUDIO_1057_IEO_HAP_HI_wav2lip,track2,1,crema_1057,HAP,FEA,-1,1,1,1,,data\preprocessed\features\z_at\FAKE_T2_1057_IEO_FEA_HI__AUDIO_1057_IEO_HAP_HI_wav2lip.pt,data\preprocessed\features\z_v\FAKE_T2_1057_IEO_FEA_HI__AUDIO_1057_IEO_HAP_HI_wav2lip.pt
FAKE_T2_1057_IEO_FEA_MD__AUDIO_1057_IEO_HAP_MD_wav2lip,track2,1,crema_1057,HAP,FEA,-1,1,1,1,,data\preprocessed\features\z_at\FAKE_T2_1057_IEO_FEA_MD__AUDIO_1057_IEO_HAP_MD_wav2lip.pt,data\preprocessed\features\z_v\FAKE_T2_1057_IEO_FEA_MD__AUDIO_1057_IEO_HAP_MD_wav2lip.pt
FAKE_T2_1057_IEO_HAP_HI__AUDIO_1057_IEO_NEU_XX_wav2lip,track2,1,crema_1057,NEU,HAP,-1,1,1,1,,data\preprocessed\features\z_at\FAKE_T2_1057_IEO_HAP_HI__AUDIO_1057_IEO_NEU_XX_wav2lip.pt,data\preprocessed\features\z_v\FAKE_T2_1057_IEO_HAP_HI__AUDIO_1057_IEO_NEU_XX_wav2lip.pt
FAKE_T2_1057_IEO_SAD_HI__AUDIO_1057_IEO_ANG_HI_wav2lip,track2,1,crema_1057,ANG,SAD,-1,1,1,1,,data\preprocessed\features\z_at\FAKE_T2_1057_IEO_SAD_HI__AUDIO_1057_IEO_ANG_HI_wav2lip.pt,data\preprocessed\features\z_v\FAKE_T2_1057_IEO_SAD_HI__AUDIO_1057_IEO_ANG_HI_wav2lip.pt
FAKE_T2_1057_IEO_SAD_MD__AUDIO_1057_IEO_ANG_MD_wav2lip,track2,1,crema_1057,ANG,SAD,-1,1,1,1,,data\preprocessed\features\z_at\FAKE_T2_1057_IEO_SAD_MD__AUDIO_1057_IEO_ANG_MD_wav2lip.pt,data\preprocessed\features\z_v\FAKE_T2_1057_IEO_SAD_MD__AUDIO_1057_IEO_ANG_MD_wav2lip.pt
FAKE_T2_1057_IOM_DIS_XX__AUDIO_1057_IOM_FEA_XX_wav2lip,track2,1,crema_1057,FEA,DIS,-1,1,1,1,,data\preprocessed\features\z_at\FAKE_T2_1057_IOM_DIS_XX__AUDIO_1057_IOM_FEA_XX_wav2lip.pt,data\preprocessed\features\z_v\FAKE_T2_1057_IOM_DIS_XX__AUDIO_1057_IOM_FEA_XX_wav2lip.pt
FAKE_T2_1057_IOM_FEA_XX__AUDIO_1057_IOM_HAP_XX_wav2lip,track2,1,crema_1057,HAP,FEA,-1,1,1,1,,data\preprocessed\features\z_at\FAKE_T2_1057_IOM_FEA_XX__AUDIO_1057_IOM_HAP_XX_wav2lip.pt,data\preprocessed\features\z_v\FAKE_T2_1057_IOM_FEA_XX__AUDIO_1057_IOM_HAP_XX_wav2lip.pt
FAKE_T2_1057_IOM_HAP_XX__AUDIO_1057_IOM_NEU_XX_wav2lip,track2,1,crema_1057,NEU,HAP,-1,1,1,1,,data\preprocessed\features\z_at\FAKE_T2_1057_IOM_HAP_XX__AUDIO_1057_IOM_NEU_XX_wav2lip.pt,data\preprocessed\features\z_v\FAKE_T2_1057_IOM_HAP_XX__AUDIO_1057_IOM_NEU_XX_wav2lip.pt
FAKE_T2_1057_ITH_ANG_XX__AUDIO_1057_ITH_DIS_XX_wav2lip,track2,1,crema_1057,DIS,ANG,-1,1,1,1,,data\preprocessed\features\z_at\FAKE_T2_1057_ITH_ANG_XX__AUDIO_1057_ITH_DIS_XX_wav2lip.pt,data\preprocessed\features\z_v\FAKE_T2_1057_ITH_ANG_XX__AUDIO_1057_ITH_DIS_XX_wav2lip.pt
FAKE_T2_1057_ITH_HAP_XX__AUDIO_1057_ITH_NEU_XX_wav2lip,track2,1,crema_1057,NEU,HAP,-1,1,1,1,,data\preprocessed\features\z_at\FAKE_T2_1057_ITH_HAP_XX__AUDIO_1057_ITH_NEU_XX_wav2lip.pt,data\preprocessed\features\z_v\FAKE_T2_1057_ITH_HAP_XX__AUDIO_1057_ITH_NEU_XX_wav2lip.pt
FAKE_T2_1057_ITH_NEU_XX__AUDIO_1057_ITH_SAD_XX_wav2lip,track2,1,crema_1057,SAD,NEU,-1,1,1,1,,data\preprocessed\features\z_at\FAKE_T2_1057_ITH_NEU_XX__AUDIO_1057_ITH_SAD_XX_wav2lip.pt,data\preprocessed\features\z_v\FAKE_T2_1057_ITH_NEU_XX__AUDIO_1057_ITH_SAD_XX_wav2lip.pt
FAKE_T2_1057_ITS_FEA_XX__AUDIO_1057_ITS_HAP_XX_wav2lip,track2,1,crema_1057,HAP,FEA,-1,1,1,1,,data\preprocessed\features\z_at\FAKE_T2_1057_ITS_FEA_XX__AUDIO_1057_ITS_HAP_XX_wav2lip.pt,data\preprocessed\features\z_v\FAKE_T2_1057_ITS_FEA_XX__AUDIO_1057_ITS_HAP_XX_wav2lip.pt
FAKE_T2_1057_ITS_NEU_XX__AUDIO_1057_ITS_SAD_XX_wav2lip,track2,1,crema_1057,SAD,NEU,-1,1,1,1,,data\preprocessed\features\z_at\FAKE_T2_1057_ITS_NEU_XX__AUDIO_1057_ITS_SAD_XX_wav2lip.pt,data\preprocessed\features\z_v\FAKE_T2_1057_ITS_NEU_XX__AUDIO_1057_ITS_SAD_XX_wav2lip.pt
FAKE_T2_1057_ITS_SAD_XX__AUDIO_1057_ITS_ANG_XX_wav2lip,track2,1,crema_1057,ANG,SAD,-1,1,1,1,,data\preprocessed\features\z_at\FAKE_T2_1057_ITS_SAD_XX__AUDIO_1057_ITS_ANG_XX_wav2lip.pt,data\preprocessed\features\z_v\FAKE_T2_1057_ITS_SAD_XX__AUDIO_1057_ITS_ANG_XX_wav2lip.pt
FAKE_T2_1057_IWL_FEA_XX__AUDIO_1057_IWL_HAP_XX_wav2lip,track2,1,crema_1057,HAP,FEA,-1,1,1,1,,data\preprocessed\features\z_at\FAKE_T2_1057_IWL_FEA_XX__AUDIO_1057_IWL_HAP_XX_wav2lip.pt,data\preprocessed\features\z_v\FAKE_T2_1057_IWL_FEA_XX__AUDIO_1057_IWL_HAP_XX_wav2lip.pt
FAKE_T2_1057_IWW_DIS_XX__AUDIO_1057_IWW_FEA_XX_wav2lip,track2,1,crema_1057,FEA,DIS,-1,1,1,1,,data\preprocessed\features\z_at\FAKE_T2_1057_IWW_DIS_XX__AUDIO_1057_IWW_FEA_XX_wav2lip.pt,data\preprocessed\features\z_v\FAKE_T2_1057_IWW_DIS_XX__AUDIO_1057_IWW_FEA_XX_wav2lip.pt
FAKE_T2_1057_MTI_FEA_XX__AUDIO_1057_MTI_HAP_XX_wav2lip,track2,1,crema_1057,HAP,FEA,-1,1,1,1,,data\preprocessed\features\z_at\FAKE_T2_1057_MTI_FEA_XX__AUDIO_1057_MTI_HAP_XX_wav2lip.pt,data\preprocessed\features\z_v\FAKE_T2_1057_MTI_FEA_XX__AUDIO_1057_MTI_HAP_XX_wav2lip.pt
FAKE_T2_1057_TAI_HAP_XX__AUDIO_1057_TAI_NEU_XX_wav2lip,track2,1,crema_1057,NEU,HAP,-1,1,1,1,,data\preprocessed\features\z_at\FAKE_T2_1057_TAI_HAP_XX__AUDIO_1057_TAI_NEU_XX_wav2lip.pt,data\preprocessed\features\z_v\FAKE_T2_1057_TAI_HAP_XX__AUDIO_1057_TAI_NEU_XX_wav2lip.pt
FAKE_T2_1057_TAI_SAD_XX__AUDIO_1057_TAI_ANG_XX_wav2lip,track2,1,crema_1057,ANG,SAD,-1,1,1,1,,data\preprocessed\features\z_at\FAKE_T2_1057_TAI_SAD_XX__AUDIO_1057_TAI_ANG_XX_wav2lip.pt,data\preprocessed\features\z_v\FAKE_T2_1057_TAI_SAD_XX__AUDIO_1057_TAI_ANG_XX_wav2lip.pt
FAKE_T2_1057_TSI_DIS_XX__AUDIO_1057_TSI_FEA_XX_wav2lip,track2,1,crema_1057,FEA,DIS,-1,1,1,1,,data\preprocessed\features\z_at\FAKE_T2_1057_TSI_DIS_XX__AUDIO_1057_TSI_FEA_XX_wav2lip.pt,data\preprocessed\features\z_v\FAKE_T2_1057_TSI_DIS_XX__AUDIO_1057_TSI_FEA_XX_wav2lip.pt
FAKE_T2_1057_TSI_NEU_XX__AUDIO_1057_TSI_SAD_XX_wav2lip,track2,1,crema_1057,SAD,NEU,-1,1,1,1,,data\preprocessed\features\z_at\FAKE_T2_1057_TSI_NEU_XX__AUDIO_1057_TSI_SAD_XX_wav2lip.pt,data\preprocessed\features\z_v\FAKE_T2_1057_TSI_NEU_XX__AUDIO_1057_TSI_SAD_XX_wav2lip.pt
FAKE_T2_1057_WSI_ANG_XX__AUDIO_1057_WSI_DIS_XX_wav2lip,track2,1,crema_1057,DIS,ANG,-1,1,1,1,,data\preprocessed\features\z_at\FAKE_T2_1057_WSI_ANG_XX__AUDIO_1057_WSI_DIS_XX_wav2lip.pt,data\preprocessed\features\z_v\FAKE_T2_1057_WSI_ANG_XX__AUDIO_1057_WSI_DIS_XX_wav2lip.pt
FAKE_T2_1057_WSI_SAD_XX__AUDIO_1057_WSI_ANG_XX_wav2lip,track2,1,crema_1057,ANG,SAD,-1,1,1,1,,data\preprocessed\features\z_at\FAKE_T2_1057_WSI_SAD_XX__AUDIO_1057_WSI_ANG_XX_wav2lip.pt,data\preprocessed\features\z_v\FAKE_T2_1057_WSI_SAD_XX__AUDIO_1057_WSI_ANG_XX_wav2lip.pt
FAKE_T2_1058_DFA_ANG_XX__AUDIO_1058_DFA_DIS_XX_wav2lip,track2,1,crema_1058,DIS,ANG,-1,1,1,1,,data\preprocessed\features\z_at\FAKE_T2_1058_DFA_ANG_XX__AUDIO_1058_DFA_DIS_XX_wav2lip.pt,data\preprocessed\features\z_v\FAKE_T2_1058_DFA_ANG_XX__AUDIO_1058_DFA_DIS_XX_wav2lip.pt
FAKE_T2_1058_DFA_FEA_XX__AUDIO_1058_DFA_HAP_XX_wav2lip,track2,1,crema_1058,HAP,FEA,-1,1,1,1,,data\preprocessed\features\z_at\FAKE_T2_1058_DFA_FEA_XX__AUDIO_1058_DFA_HAP_XX_wav2lip.pt,data\preprocessed\features\z_v\FAKE_T2_1058_DFA_FEA_XX__AUDIO_1058_DFA_HAP_XX_wav2lip.pt
FAKE_T2_1058_DFA_HAP_XX__AUDIO_1058_DFA_NEU_XX_wav2lip,track2,1,crema_1058,NEU,HAP,-1,1,1,1,,data\preprocessed\features\z_at\FAKE_T2_1058_DFA_HAP_XX__AUDIO_1058_DFA_NEU_XX_wav2lip.pt,data\preprocessed\features\z_v\FAKE_T2_1058_DFA_HAP_XX__AUDIO_1058_DFA_NEU_XX_wav2lip.pt
FAKE_T2_1058_IEO_ANG_MD__AUDIO_1058_IEO_DIS_MD_wav2lip,track2,1,crema_1058,DIS,ANG,-1,1,1,1,,data\preprocessed\features\z_at\FAKE_T2_1058_IEO_ANG_MD__AUDIO_1058_IEO_DIS_MD_wav2lip.pt,data\preprocessed\features\z_v\FAKE_T2_1058_IEO_ANG_MD__AUDIO_1058_IEO_DIS_MD_wav2lip.pt
FAKE_T2_1058_IEO_FEA_LO__AUDIO_1058_IEO_HAP_LO_wav2lip,track2,1,crema_1058,HAP,FEA,-1,1,1,1,,data\preprocessed\features\z_at\FAKE_T2_1058_IEO_FEA_LO__AUDIO_1058_IEO_HAP_LO_wav2lip.pt,data\preprocessed\features\z_v\FAKE_T2_1058_IEO_FEA_LO__AUDIO_1058_IEO_HAP_LO_wav2lip.pt
FAKE_T2_1058_IEO_HAP_LO__AUDIO_1058_IEO_NEU_XX_wav2lip,track2,1,crema_1058,NEU,HAP,-1,1,1,1,,data\preprocessed\features\z_at\FAKE_T2_1058_IEO_HAP_LO__AUDIO_1058_IEO_NEU_XX_wav2lip.pt,data\preprocessed\features\z_v\FAKE_T2_1058_IEO_HAP_LO__AUDIO_1058_IEO_NEU_XX_wav2lip.pt
FAKE_T2_1058_IEO_SAD_MD__AUDIO_1058_IEO_ANG_MD_wav2lip,track2,1,crema_1058,ANG,SAD,-1,1,1,1,,data\preprocessed\features\z_at\FAKE_T2_1058_IEO_SAD_MD__AUDIO_1058_IEO_ANG_MD_wav2lip.pt,data\preprocessed\features\z_v\FAKE_T2_1058_IEO_SAD_MD__AUDIO_1058_IEO_ANG_MD_wav2lip.pt
FAKE_T2_1058_IOM_NEU_XX__AUDIO_1058_IOM_SAD_XX_wav2lip,track2,1,crema_1058,SAD,NEU,-1,1,1,1,,data\preprocessed\features\z_at\FAKE_T2_1058_IOM_NEU_XX__AUDIO_1058_IOM_SAD_XX_wav2lip.pt,data\preprocessed\features\z_v\FAKE_T2_1058_IOM_NEU_XX__AUDIO_1058_IOM_SAD_XX_wav2lip.pt
FAKE_T2_1058_ITH_ANG_XX__AUDIO_1058_ITH_DIS_XX_wav2lip,track2,1,crema_1058,DIS,ANG,-1,1,1,1,,data\preprocessed\features\z_at\FAKE_T2_1058_ITH_ANG_XX__AUDIO_1058_ITH_DIS_XX_wav2lip.pt,data\preprocessed\features\z_v\FAKE_T2_1058_ITH_ANG_XX__AUDIO_1058_ITH_DIS_XX_wav2lip.pt
FAKE_T2_1058_ITH_SAD_XX__AUDIO_1058_ITH_ANG_XX_wav2lip,track2,1,crema_1058,ANG,SAD,-1,1,1,1,,data\preprocessed\features\z_at\FAKE_T2_1058_ITH_SAD_XX__AUDIO_1058_ITH_ANG_XX_wav2lip.pt,data\preprocessed\features\z_v\FAKE_T2_1058_ITH_SAD_XX__AUDIO_1058_ITH_ANG_XX_wav2lip.pt
FAKE_T2_1058_ITS_HAP_XX__AUDIO_1058_ITS_NEU_XX_wav2lip,track2,1,crema_1058,NEU,HAP,-1,1,1,1,,data\preprocessed\features\z_at\FAKE_T2_1058_ITS_HAP_XX__AUDIO_1058_ITS_NEU_XX_wav2lip.pt,data\preprocessed\features\z_v\FAKE_T2_1058_ITS_HAP_XX__AUDIO_1058_ITS_NEU_XX_wav2lip.pt
FAKE_T2_1058_ITS_NEU_XX__AUDIO_1058_ITS_SAD_XX_wav2lip,track2,1,crema_1058,SAD,NEU,-1,1,1,1,,data\preprocessed\features\z_at\FAKE_T2_1058_ITS_NEU_XX__AUDIO_1058_ITS_SAD_XX_wav2lip.pt,data\preprocessed\features\z_v\FAKE_T2_1058_ITS_NEU_XX__AUDIO_1058_ITS_SAD_XX_wav2lip.pt
FAKE_T2_1058_ITS_SAD_XX__AUDIO_1058_ITS_ANG_XX_wav2lip,track2,1,crema_1058,ANG,SAD,-1,1,1,1,,data\preprocessed\features\z_at\FAKE_T2_1058_ITS_SAD_XX__AUDIO_1058_ITS_ANG_XX_wav2lip.pt,data\preprocessed\features\z_v\FAKE_T2_1058_ITS_SAD_XX__AUDIO_1058_ITS_ANG_XX_wav2lip.pt
FAKE_T2_1058_IWL_ANG_XX__AUDIO_1058_IWL_DIS_XX_wav2lip,track2,1,crema_1058,DIS,ANG,-1,1,1,1,,data\preprocessed\features\z_at\FAKE_T2_1058_IWL_ANG_XX__AUDIO_1058_IWL_DIS_XX_wav2lip.pt,data\preprocessed\features\z_v\FAKE_T2_1058_IWL_ANG_XX__AUDIO_1058_IWL_DIS_XX_wav2lip.pt
FAKE_T2_1058_IWL_SAD_XX__AUDIO_1058_IWL_ANG_XX_wav2lip,track2,1,crema_1058,ANG,SAD,-1,1,1,1,,data\preprocessed\features\z_at\FAKE_T2_1058_IWL_SAD_XX__AUDIO_1058_IWL_ANG_XX_wav2lip.pt,data\preprocessed\features\z_v\FAKE_T2_1058_IWL_SAD_XX__AUDIO_1058_IWL_ANG_XX_wav2lip.pt
FAKE_T2_1058_IWW_DIS_XX__AUDIO_1058_IWW_FEA_XX_wav2lip,track2,1,crema_1058,FEA,DIS,-1,1,1,1,,data\preprocessed\features\z_at\FAKE_T2_1058_IWW_DIS_XX__AUDIO_1058_IWW_FEA_XX_wav2lip.pt,data\preprocessed\features\z_v\FAKE_T2_1058_IWW_DIS_XX__AUDIO_1058_IWW_FEA_XX_wav2lip.pt
FAKE_T2_1058_IWW_FEA_XX__AUDIO_1058_IWW_HAP_XX_wav2lip,track2,1,crema_1058,HAP,FEA,-1,1,1,1,,data\preprocessed\features\z_at\FAKE_T2_1058_IWW_FEA_XX__AUDIO_1058_IWW_HAP_XX_wav2lip.pt,data\preprocessed\features\z_v\FAKE_T2_1058_IWW_FEA_XX__AUDIO_1058_IWW_HAP_XX_wav2lip.pt
FAKE_T2_1058_TAI_ANG_XX__AUDIO_1058_TAI_DIS_XX_wav2lip,track2,1,crema_1058,DIS,ANG,-1,1,1,1,,data\preprocessed\features\z_at\FAKE_T2_1058_TAI_ANG_XX__AUDIO_1058_TAI_DIS_XX_wav2lip.pt,data\preprocessed\features\z_v\FAKE_T2_1058_TAI_ANG_XX__AUDIO_1058_TAI_DIS_XX_wav2lip.pt
FAKE_T2_1058_TAI_HAP_XX__AUDIO_1058_TAI_NEU_XX_wav2lip,track2,1,crema_1058,NEU,HAP,-1,1,1,1,,data\preprocessed\features\z_at\FAKE_T2_1058_TAI_HAP_XX__AUDIO_1058_TAI_NEU_XX_wav2lip.pt,data\preprocessed\features\z_v\FAKE_T2_1058_TAI_HAP_XX__AUDIO_1058_TAI_NEU_XX_wav2lip.pt
FAKE_T2_1058_TIE_ANG_XX__AUDIO_1058_TIE_DIS_XX_wav2lip,track2,1,crema_1058,DIS,ANG,-1,1,1,1,,data\preprocessed\features\z_at\FAKE_T2_1058_TIE_ANG_XX__AUDIO_1058_TIE_DIS_XX_wav2lip.pt,data\preprocessed\features\z_v\FAKE_T2_1058_TIE_ANG_XX__AUDIO_1058_TIE_DIS_XX_wav2lip.pt
FAKE_T2_1058_TIE_NEU_XX__AUDIO_1058_TIE_SAD_XX_wav2lip,track2,1,crema_1058,SAD,NEU,-1,1,1,1,,data\preprocessed\features\z_at\FAKE_T2_1058_TIE_NEU_XX__AUDIO_1058_TIE_SAD_XX_wav2lip.pt,data\preprocessed\features\z_v\FAKE_T2_1058_TIE_NEU_XX__AUDIO_1058_TIE_SAD_XX_wav2lip.pt
FAKE_T2_1058_TSI_DIS_XX__AUDIO_1058_TSI_FEA_XX_wav2lip,track2,1,crema_1058,FEA,DIS,-1,1,1,1,,data\preprocessed\features\z_at\FAKE_T2_1058_TSI_DIS_XX__AUDIO_1058_TSI_FEA_XX_wav2lip.pt,data\preprocessed\features\z_v\FAKE_T2_1058_TSI_DIS_XX__AUDIO_1058_TSI_FEA_XX_wav2lip.pt
FAKE_T2_1058_TSI_HAP_XX__AUDIO_1058_TSI_NEU_XX_wav2lip,track2,1,crema_1058,NEU,HAP,-1,1,1,1,,data\preprocessed\features\z_at\FAKE_T2_1058_TSI_HAP_XX__AUDIO_1058_TSI_NEU_XX_wav2lip.pt,data\preprocessed\features\z_v\FAKE_T2_1058_TSI_HAP_XX__AUDIO_1058_TSI_NEU_XX_wav2lip.pt
FAKE_T2_1058_WSI_ANG_XX__AUDIO_1058_WSI_DIS_XX_wav2lip,track2,1,crema_1058,DIS,ANG,-1,1,1,1,,data\preprocessed\features\z_at\FAKE_T2_1058_WSI_ANG_XX__AUDIO_1058_WSI_DIS_XX_wav2lip.pt,data\preprocessed\features\z_v\FAKE_T2_1058_WSI_ANG_XX__AUDIO_1058_WSI_DIS_XX_wav2lip.pt
FAKE_T2_1058_WSI_NEU_XX__AUDIO_1058_WSI_SAD_XX_wav2lip,track2,1,crema_1058,SAD,NEU,-1,1,1,1,,data\preprocessed\features\z_at\FAKE_T2_1058_WSI_NEU_XX__AUDIO_1058_WSI_SAD_XX_wav2lip.pt,data\preprocessed\features\z_v\FAKE_T2_1058_WSI_NEU_XX__AUDIO_1058_WSI_SAD_XX_wav2lip.pt
FAKE_T2_1061_DFA_DIS_XX__AUDIO_1061_DFA_FEA_XX_wav2lip,track2,1,crema_1061,FEA,DIS,-1,1,1,1,,data\preprocessed\features\z_at\FAKE_T2_1061_DFA_DIS_XX__AUDIO_1061_DFA_FEA_XX_wav2lip.pt,data\preprocessed\features\z_v\FAKE_T2_1061_DFA_DIS_XX__AUDIO_1061_DFA_FEA_XX_wav2lip.pt
FAKE_T2_1061_DFA_FEA_XX__AUDIO_1061_DFA_HAP_XX_wav2lip,track2,1,crema_1061,HAP,FEA,-1,1,1,1,,data\preprocessed\features\z_at\FAKE_T2_1061_DFA_FEA_XX__AUDIO_1061_DFA_HAP_XX_wav2lip.pt,data\preprocessed\features\z_v\FAKE_T2_1061_DFA_FEA_XX__AUDIO_1061_DFA_HAP_XX_wav2lip.pt
FAKE_T2_1061_IEO_FEA_MD__AUDIO_1061_IEO_HAP_MD_wav2lip,track2,1,crema_1061,HAP,FEA,-1,1,1,1,,data\preprocessed\features\z_at\FAKE_T2_1061_IEO_FEA_MD__AUDIO_1061_IEO_HAP_MD_wav2lip.pt,data\preprocessed\features\z_v\FAKE_T2_1061_IEO_FEA_MD__AUDIO_1061_IEO_HAP_MD_wav2lip.pt
FAKE_T2_1061_IEO_SAD_LO__AUDIO_1061_IEO_ANG_LO_wav2lip,track2,1,crema_1061,ANG,SAD,-1,1,1,1,,data\preprocessed\features\z_at\FAKE_T2_1061_IEO_SAD_LO__AUDIO_1061_IEO_ANG_LO_wav2lip.pt,data\preprocessed\features\z_v\FAKE_T2_1061_IEO_SAD_LO__AUDIO_1061_IEO_ANG_LO_wav2lip.pt
FAKE_T2_1061_IOM_ANG_XX__AUDIO_1061_IOM_DIS_XX_wav2lip,track2,1,crema_1061,DIS,ANG,-1,1,1,1,,data\preprocessed\features\z_at\FAKE_T2_1061_IOM_ANG_XX__AUDIO_1061_IOM_DIS_XX_wav2lip.pt,data\preprocessed\features\z_v\FAKE_T2_1061_IOM_ANG_XX__AUDIO_1061_IOM_DIS_XX_wav2lip.pt
FAKE_T2_1061_IOM_HAP_XX__AUDIO_1061_IOM_NEU_XX_wav2lip,track2,1,crema_1061,NEU,HAP,-1,1,1,1,,data\preprocessed\features\z_at\FAKE_T2_1061_IOM_HAP_XX__AUDIO_1061_IOM_NEU_XX_wav2lip.pt,data\preprocessed\features\z_v\FAKE_T2_1061_IOM_HAP_XX__AUDIO_1061_IOM_NEU_XX_wav2lip.pt
FAKE_T2_1061_ITH_DIS_XX__AUDIO_1061_ITH_FEA_XX_wav2lip,track2,1,crema_1061,FEA,DIS,-1,1,1,1,,data\preprocessed\features\z_at\FAKE_T2_1061_ITH_DIS_XX__AUDIO_1061_ITH_FEA_XX_wav2lip.pt,data\preprocessed\features\z_v\FAKE_T2_1061_ITH_DIS_XX__AUDIO_1061_ITH_FEA_XX_wav2lip.pt
FAKE_T2_1061_ITH_HAP_XX__AUDIO_1061_ITH_NEU_XX_wav2lip,track2,1,crema_1061,NEU,HAP,-1,1,1,1,,data\preprocessed\features\z_at\FAKE_T2_1061_ITH_HAP_XX__AUDIO_1061_ITH_NEU_XX_wav2lip.pt,data\preprocessed\features\z_v\FAKE_T2_1061_ITH_HAP_XX__AUDIO_1061_ITH_NEU_XX_wav2lip.pt
FAKE_T2_1061_ITH_NEU_XX__AUDIO_1061_ITH_SAD_XX_wav2lip,track2,1,crema_1061,SAD,NEU,-1,1,1,1,,data\preprocessed\features\z_at\FAKE_T2_1061_ITH_NEU_XX__AUDIO_1061_ITH_SAD_XX_wav2lip.pt,data\preprocessed\features\z_v\FAKE_T2_1061_ITH_NEU_XX__AUDIO_1061_ITH_SAD_XX_wav2lip.pt
FAKE_T2_1061_ITS_FEA_XX__AUDIO_1061_ITS_HAP_XX_wav2lip,track2,1,crema_1061,HAP,FEA,-1,1,1,1,,data\preprocessed\features\z_at\FAKE_T2_1061_ITS_FEA_XX__AUDIO_1061_ITS_HAP_XX_wav2lip.pt,data\preprocessed\features\z_v\FAKE_T2_1061_ITS_FEA_XX__AUDIO_1061_ITS_HAP_XX_wav2lip.pt
FAKE_T2_1061_ITS_HAP_XX__AUDIO_1061_ITS_NEU_XX_wav2lip,track2,1,crema_1061,NEU,HAP,-1,1,1,1,,data\preprocessed\features\z_at\FAKE_T2_1061_ITS_HAP_XX__AUDIO_1061_ITS_NEU_XX_wav2lip.pt,data\preprocessed\features\z_v\FAKE_T2_1061_ITS_HAP_XX__AUDIO_1061_ITS_NEU_XX_wav2lip.pt
FAKE_T2_1061_ITS_NEU_XX__AUDIO_1061_ITS_SAD_XX_wav2lip,track2,1,crema_1061,SAD,NEU,-1,1,1,1,,data\preprocessed\features\z_at\FAKE_T2_1061_ITS_NEU_XX__AUDIO_1061_ITS_SAD_XX_wav2lip.pt,data\preprocessed\features\z_v\FAKE_T2_1061_ITS_NEU_XX__AUDIO_1061_ITS_SAD_XX_wav2lip.pt
FAKE_T2_1061_IWL_DIS_XX__AUDIO_1061_IWL_FEA_XX_wav2lip,track2,1,crema_1061,FEA,DIS,-1,1,1,1,,data\preprocessed\features\z_at\FAKE_T2_1061_IWL_DIS_XX__AUDIO_1061_IWL_FEA_XX_wav2lip.pt,data\preprocessed\features\z_v\FAKE_T2_1061_IWL_DIS_XX__AUDIO_1061_IWL_FEA_XX_wav2lip.pt
FAKE_T2_1061_IWL_HAP_XX__AUDIO_1061_IWL_NEU_XX_wav2lip,track2,1,crema_1061,NEU,HAP,-1,1,1,1,,data\preprocessed\features\z_at\FAKE_T2_1061_IWL_HAP_XX__AUDIO_1061_IWL_NEU_XX_wav2lip.pt,data\preprocessed\features\z_v\FAKE_T2_1061_IWL_HAP_XX__AUDIO_1061_IWL_NEU_XX_wav2lip.pt
FAKE_T2_1061_IWW_SAD_XX__AUDIO_1061_IWW_ANG_XX_wav2lip,track2,1,crema_1061,ANG,SAD,-1,1,1,1,,data\preprocessed\features\z_at\FAKE_T2_1061_IWW_SAD_XX__AUDIO_1061_IWW_ANG_XX_wav2lip.pt,data\preprocessed\features\z_v\FAKE_T2_1061_IWW_SAD_XX__AUDIO_1061_IWW_ANG_XX_wav2lip.pt
FAKE_T2_1061_MTI_ANG_XX__AUDIO_1061_MTI_DIS_XX_wav2lip,track2,1,crema_1061,DIS,ANG,-1,1,1,1,,data\preprocessed\features\z_at\FAKE_T2_1061_MTI_ANG_XX__AUDIO_1061_MTI_DIS_XX_wav2lip.pt,data\preprocessed\features\z_v\FAKE_T2_1061_MTI_ANG_XX__AUDIO_1061_MTI_DIS_XX_wav2lip.pt
FAKE_T2_1061_MTI_DIS_XX__AUDIO_1061_MTI_FEA_XX_wav2lip,track2,1,crema_1061,FEA,DIS,-1,1,1,1,,data\preprocessed\features\z_at\FAKE_T2_1061_MTI_DIS_XX__AUDIO_1061_MTI_FEA_XX_wav2lip.pt,data\preprocessed\features\z_v\FAKE_T2_1061_MTI_DIS_XX__AUDIO_1061_MTI_FEA_XX_wav2lip.pt
FAKE_T2_1061_MTI_HAP_XX__AUDIO_1061_MTI_NEU_XX_wav2lip,track2,1,crema_1061,NEU,HAP,-1,1,1,1,,data\preprocessed\features\z_at\FAKE_T2_1061_MTI_HAP_XX__AUDIO_1061_MTI_NEU_XX_wav2lip.pt,data\preprocessed\features\z_v\FAKE_T2_1061_MTI_HAP_XX__AUDIO_1061_MTI_NEU_XX_wav2lip.pt
FAKE_T2_1061_MTI_SAD_XX__AUDIO_1061_MTI_ANG_XX_wav2lip,track2,1,crema_1061,ANG,SAD,-1,1,1,1,,data\preprocessed\features\z_at\FAKE_T2_1061_MTI_SAD_XX__AUDIO_1061_MTI_ANG_XX_wav2lip.pt,data\preprocessed\features\z_v\FAKE_T2_1061_MTI_SAD_XX__AUDIO_1061_MTI_ANG_XX_wav2lip.pt
FAKE_T2_1061_TAI_ANG_XX__AUDIO_1061_TAI_DIS_XX_wav2lip,track2,1,crema_1061,DIS,ANG,-1,1,1,1,,data\preprocessed\features\z_at\FAKE_T2_1061_TAI_ANG_XX__AUDIO_1061_TAI_DIS_XX_wav2lip.pt,data\preprocessed\features\z_v\FAKE_T2_1061_TAI_ANG_XX__AUDIO_1061_TAI_DIS_XX_wav2lip.pt
FAKE_T2_1061_TAI_FEA_XX__AUDIO_1061_TAI_HAP_XX_wav2lip,track2,1,crema_1061,HAP,FEA,-1,1,1,1,,data\preprocessed\features\z_at\FAKE_T2_1061_TAI_FEA_XX__AUDIO_1061_TAI_HAP_XX_wav2lip.pt,data\preprocessed\features\z_v\FAKE_T2_1061_TAI_FEA_XX__AUDIO_1061_TAI_HAP_XX_wav2lip.pt
FAKE_T2_1061_TAI_HAP_XX__AUDIO_1061_TAI_NEU_XX_wav2lip,track2,1,crema_1061,NEU,HAP,-1,1,1,1,,data\preprocessed\features\z_at\FAKE_T2_1061_TAI_HAP_XX__AUDIO_1061_TAI_NEU_XX_wav2lip.pt,data\preprocessed\features\z_v\FAKE_T2_1061_TAI_HAP_XX__AUDIO_1061_TAI_NEU_XX_wav2lip.pt
FAKE_T2_1061_TIE_HAP_XX__AUDIO_1061_TIE_NEU_XX_wav2lip,track2,1,crema_1061,NEU,HAP,-1,1,1,1,,data\preprocessed\features\z_at\FAKE_T2_1061_TIE_HAP_XX__AUDIO_1061_TIE_NEU_XX_wav2lip.pt,data\preprocessed\features\z_v\FAKE_T2_1061_TIE_HAP_XX__AUDIO_1061_TIE_NEU_XX_wav2lip.pt
FAKE_T2_1061_TSI_ANG_XX__AUDIO_1061_TSI_DIS_XX_wav2lip,track2,1,crema_1061,DIS,ANG,-1,1,1,1,,data\preprocessed\features\z_at\FAKE_T2_1061_TSI_ANG_XX__AUDIO_1061_TSI_DIS_XX_wav2lip.pt,data\preprocessed\features\z_v\FAKE_T2_1061_TSI_ANG_XX__AUDIO_1061_TSI_DIS_XX_wav2lip.pt
FAKE_T2_1061_TSI_FEA_XX__AUDIO_1061_TSI_HAP_XX_wav2lip,track2,1,crema_1061,HAP,FEA,-1,1,1,1,,data\preprocessed\features\z_at\FAKE_T2_1061_TSI_FEA_XX__AUDIO_1061_TSI_HAP_XX_wav2lip.pt,data\preprocessed\features\z_v\FAKE_T2_1061_TSI_FEA_XX__AUDIO_1061_TSI_HAP_XX_wav2lip.pt
FAKE_T2_1062_DFA_ANG_XX__AUDIO_1062_DFA_DIS_XX_wav2lip,track2,1,crema_1062,DIS,ANG,-1,1,1,1,,data\preprocessed\features\z_at\FAKE_T2_1062_DFA_ANG_XX__AUDIO_1062_DFA_DIS_XX_wav2lip.pt,data\preprocessed\features\z_v\FAKE_T2_1062_DFA_ANG_XX__AUDIO_1062_DFA_DIS_XX_wav2lip.pt
FAKE_T2_1062_DFA_FEA_XX__AUDIO_1062_DFA_HAP_XX_wav2lip,track2,1,crema_1062,HAP,FEA,-1,1,1,1,,data\preprocessed\features\z_at\FAKE_T2_1062_DFA_FEA_XX__AUDIO_1062_DFA_HAP_XX_wav2lip.pt,data\preprocessed\features\z_v\FAKE_T2_1062_DFA_FEA_XX__AUDIO_1062_DFA_HAP_XX_wav2lip.pt
FAKE_T2_1062_DFA_SAD_XX__AUDIO_1062_DFA_ANG_XX_wav2lip,track2,1,crema_1062,ANG,SAD,-1,1,1,1,,data\preprocessed\features\z_at\FAKE_T2_1062_DFA_SAD_XX__AUDIO_1062_DFA_ANG_XX_wav2lip.pt,data\preprocessed\features\z_v\FAKE_T2_1062_DFA_SAD_XX__AUDIO_1062_DFA_ANG_XX_wav2lip.pt
FAKE_T2_1062_IEO_ANG_HI__AUDIO_1062_IEO_DIS_HI_wav2lip,track2,1,crema_1062,DIS,ANG,-1,1,1,1,,data\preprocessed\features\z_at\FAKE_T2_1062_IEO_ANG_HI__AUDIO_1062_IEO_DIS_HI_wav2lip.pt,data\preprocessed\features\z_v\FAKE_T2_1062_IEO_ANG_HI__AUDIO_1062_IEO_DIS_HI_wav2lip.pt
FAKE_T2_1062_IEO_ANG_MD__AUDIO_1062_IEO_DIS_MD_wav2lip,track2,1,crema_1062,DIS,ANG,-1,1,1,1,,data\preprocessed\features\z_at\FAKE_T2_1062_IEO_ANG_MD__AUDIO_1062_IEO_DIS_MD_wav2lip.pt,data\preprocessed\features\z_v\FAKE_T2_1062_IEO_ANG_MD__AUDIO_1062_IEO_DIS_MD_wav2lip.pt
FAKE_T2_1062_IEO_DIS_LO__AUDIO_1062_IEO_FEA_LO_wav2lip,track2,1,crema_1062,FEA,DIS,-1,1,1,1,,data\preprocessed\features\z_at\FAKE_T2_1062_IEO_DIS_LO__AUDIO_1062_IEO_FEA_LO_wav2lip.pt,data\preprocessed\features\z_v\FAKE_T2_1062_IEO_DIS_LO__AUDIO_1062_IEO_FEA_LO_wav2lip.pt
FAKE_T2_1062_IEO_FEA_HI__AUDIO_1062_IEO_HAP_HI_wav2lip,track2,1,crema_1062,HAP,FEA,-1,1,1,1,,data\preprocessed\features\z_at\FAKE_T2_1062_IEO_FEA_HI__AUDIO_1062_IEO_HAP_HI_wav2lip.pt,data\preprocessed\features\z_v\FAKE_T2_1062_IEO_FEA_HI__AUDIO_1062_IEO_HAP_HI_wav2lip.pt
FAKE_T2_1062_IEO_FEA_MD__AUDIO_1062_IEO_HAP_MD_wav2lip,track2,1,crema_1062,HAP,FEA,-1,1,1,1,,data\preprocessed\features\z_at\FAKE_T2_1062_IEO_FEA_MD__AUDIO_1062_IEO_HAP_MD_wav2lip.pt,data\preprocessed\features\z_v\FAKE_T2_1062_IEO_FEA_MD__AUDIO_1062_IEO_HAP_MD_wav2lip.pt
FAKE_T2_1062_IOM_DIS_XX__AUDIO_1062_IOM_FEA_XX_wav2lip,track2,1,crema_1062,FEA,DIS,-1,1,1,1,,data\preprocessed\features\z_at\FAKE_T2_1062_IOM_DIS_XX__AUDIO_1062_IOM_FEA_XX_wav2lip.pt,data\preprocessed\features\z_v\FAKE_T2_1062_IOM_DIS_XX__AUDIO_1062_IOM_FEA_XX_wav2lip.pt
FAKE_T2_1062_IOM_HAP_XX__AUDIO_1062_IOM_NEU_XX_wav2lip,track2,1,crema_1062,NEU,HAP,-1,1,1,1,,data\preprocessed\features\z_at\FAKE_T2_1062_IOM_HAP_XX__AUDIO_1062_IOM_NEU_XX_wav2lip.pt,data\preprocessed\features\z_v\FAKE_T2_1062_IOM_HAP_XX__AUDIO_1062_IOM_NEU_XX_wav2lip.pt
FAKE_T2_1062_IOM_NEU_XX__AUDIO_1062_IOM_SAD_XX_wav2lip,track2,1,crema_1062,SAD,NEU,-1,1,1,1,,data\preprocessed\features\z_at\FAKE_T2_1062_IOM_NEU_XX__AUDIO_1062_IOM_SAD_XX_wav2lip.pt,data\preprocessed\features\z_v\FAKE_T2_1062_IOM_NEU_XX__AUDIO_1062_IOM_SAD_XX_wav2lip.pt
FAKE_T2_1062_IOM_SAD_XX__AUDIO_1062_IOM_ANG_XX_wav2lip,track2,1,crema_1062,ANG,SAD,-1,1,1,1,,data\preprocessed\features\z_at\FAKE_T2_1062_IOM_SAD_XX__AUDIO_1062_IOM_ANG_XX_wav2lip.pt,data\preprocessed\features\z_v\FAKE_T2_1062_IOM_SAD_XX__AUDIO_1062_IOM_ANG_XX_wav2lip.pt
FAKE_T2_1062_ITH_HAP_XX__AUDIO_1062_ITH_NEU_XX_wav2lip,track2,1,crema_1062,NEU,HAP,-1,1,1,1,,data\preprocessed\features\z_at\FAKE_T2_1062_ITH_HAP_XX__AUDIO_1062_ITH_NEU_XX_wav2lip.pt,data\preprocessed\features\z_v\FAKE_T2_1062_ITH_HAP_XX__AUDIO_1062_ITH_NEU_XX_wav2lip.pt
FAKE_T2_1062_ITS_ANG_XX__AUDIO_1062_ITS_DIS_XX_wav2lip,track2,1,crema_1062,DIS,ANG,-1,1,1,1,,data\preprocessed\features\z_at\FAKE_T2_1062_ITS_ANG_XX__AUDIO_1062_ITS_DIS_XX_wav2lip.pt,data\preprocessed\features\z_v\FAKE_T2_1062_ITS_ANG_XX__AUDIO_1062_ITS_DIS_XX_wav2lip.pt
FAKE_T2_1062_ITS_DIS_XX__AUDIO_1062_ITS_FEA_XX_wav2lip,track2,1,crema_1062,FEA,DIS,-1,1,1,1,,data\preprocessed\features\z_at\FAKE_T2_1062_ITS_DIS_XX__AUDIO_1062_ITS_FEA_XX_wav2lip.pt,data\preprocessed\features\z_v\FAKE_T2_1062_ITS_DIS_XX__AUDIO_1062_ITS_FEA_XX_wav2lip.pt
FAKE_T2_1062_IWL_ANG_XX__AUDIO_1062_IWL_DIS_XX_wav2lip,track2,1,crema_1062,DIS,ANG,-1,1,1,1,,data\preprocessed\features\z_at\FAKE_T2_1062_IWL_ANG_XX__AUDIO_1062_IWL_DIS_XX_wav2lip.pt,data\preprocessed\features\z_v\FAKE_T2_1062_IWL_ANG_XX__AUDIO_1062_IWL_DIS_XX_wav2lip.pt
FAKE_T2_1062_IWL_DIS_XX__AUDIO_1062_IWL_FEA_XX_wav2lip,track2,1,crema_1062,FEA,DIS,-1,1,1,1,,data\preprocessed\features\z_at\FAKE_T2_1062_IWL_DIS_XX__AUDIO_1062_IWL_FEA_XX_wav2lip.pt,data\preprocessed\features\z_v\FAKE_T2_1062_IWL_DIS_XX__AUDIO_1062_IWL_FEA_XX_wav2lip.pt
FAKE_T2_1062_IWL_NEU_XX__AUDIO_1062_IWL_SAD_XX_wav2lip,track2,1,crema_1062,SAD,NEU,-1,1,1,1,,data\preprocessed\features\z_at\FAKE_T2_1062_IWL_NEU_XX__AUDIO_1062_IWL_SAD_XX_wav2lip.pt,data\preprocessed\features\z_v\FAKE_T2_1062_IWL_NEU_XX__AUDIO_1062_IWL_SAD_XX_wav2lip.pt
