clip_id,source_pipeline,fake_label,speaker_id,audio_emotion,visual_emotion,sarcasm_label,has_z_at,has_z_v,is_ready_for_training,video_path,z_at_path,z_v_path
FAKE_T2_1023_IEO_HAP_MD__AUDIO_1023_IEO_NEU_XX_wav2lip,track2,1,crema_1023,NEU,HAP,-1,1,1,1,,data\preprocessed\features\z_at\FAKE_T2_1023_IEO_HAP_MD__AUDIO_1023_IEO_NEU_XX_wav2lip.pt,data\preprocessed\features\z_v\FAKE_T2_1023_IEO_HAP_MD__AUDIO_1023_IEO_NEU_XX_wav2lip.pt
FAKE_T2_1023_IEO_NEU_XX__AUDIO_1023_IEO_SAD_HI_wav2lip,track2,1,crema_1023,SAD,NEU,-1,1,1,1,,data\preprocessed\features\z_at\FAKE_T2_1023_IEO_NEU_XX__AUDIO_1023_IEO_SAD_HI_wav2lip.pt,data\preprocessed\features\z_v\FAKE_T2_1023_IEO_NEU_XX__AUDIO_1023_IEO_SAD_HI_wav2lip.pt
FAKE_T2_1023_IEO_SAD_MD__AUDIO_1023_IEO_ANG_MD_wav2lip,track2,1,crema_1023,ANG,SAD,-1,1,1,1,,data\preprocessed\features\z_at\FAKE_T2_1023_IEO_SAD_MD__AUDIO_1023_IEO_ANG_MD_wav2lip.pt,data\preprocessed\features\z_v\FAKE_T2_1023_IEO_SAD_MD__AUDIO_1023_IEO_ANG_MD_wav2lip.pt
FAKE_T2_1023_IOM_DIS_XX__AUDIO_1023_IOM_FEA_XX_wav2lip,track2,1,crema_1023,FEA,DIS,-1,1,1,1,,data\preprocessed\features\z_at\FAKE_T2_1023_IOM_DIS_XX__AUDIO_1023_IOM_FEA_XX_wav2lip.pt,data\preprocessed\features\z_v\FAKE_T2_1023_IOM_DIS_XX__AUDIO_1023_IOM_FEA_XX_wav2lip.pt
FAKE_T2_1023_IOM_HAP_XX__AUDIO_1023_IOM_NEU_XX_wav2lip,track2,1,crema_1023,NEU,HAP,-1,1,1,1,,data\preprocessed\features\z_at\FAKE_T2_1023_IOM_HAP_XX__AUDIO_1023_IOM_NEU_XX_wav2lip.pt,data\preprocessed\features\z_v\FAKE_T2_1023_IOM_HAP_XX__AUDIO_1023_IOM_NEU_XX_wav2lip.pt
FAKE_T2_1023_ITH_ANG_XX__AUDIO_1023_ITH_DIS_XX_wav2lip,track2,1,crema_1023,DIS,ANG,-1,1,1,1,,data\preprocessed\features\z_at\FAKE_T2_1023_ITH_ANG_XX__AUDIO_1023_ITH_DIS_XX_wav2lip.pt,data\preprocessed\features\z_v\FAKE_T2_1023_ITH_ANG_XX__AUDIO_1023_ITH_DIS_XX_wav2lip.pt
FAKE_T2_1023_ITS_ANG_XX__AUDIO_1023_ITS_DIS_XX_wav2lip,track2,1,crema_1023,DIS,ANG,-1,1,1,1,,data\preprocessed\features\z_at\FAKE_T2_1023_ITS_ANG_XX__AUDIO_1023_ITS_DIS_XX_wav2lip.pt,data\preprocessed\features\z_v\FAKE_T2_1023_ITS_ANG_XX__AUDIO_1023_ITS_DIS_XX_wav2lip.pt
FAKE_T2_1023_ITS_NEU_XX__AUDIO_1023_ITS_SAD_XX_wav2lip,track2,1,crema_1023,SAD,NEU,-1,1,1,1,,data\preprocessed\features\z_at\FAKE_T2_1023_ITS_NEU_XX__AUDIO_1023_ITS_SAD_XX_wav2lip.pt,data\preprocessed\features\z_v\FAKE_T2_1023_ITS_NEU_XX__AUDIO_1023_ITS_SAD_XX_wav2lip.pt
FAKE_T2_1023_IWL_NEU_XX__AUDIO_1023_IWL_SAD_XX_wav2lip,track2,1,crema_1023,SAD,NEU,-1,1,1,1,,data\preprocessed\features\z_at\FAKE_T2_1023_IWL_NEU_XX__AUDIO_1023_IWL_SAD_XX_wav2lip.pt,data\preprocessed\features\z_v\FAKE_T2_1023_IWL_NEU_XX__AUDIO_1023_IWL_SAD_XX_wav2lip.pt
FAKE_T2_1023_IWW_ANG_XX__AUDIO_1023_IWW_DIS_XX_wav2lip,track2,1,crema_1023,DIS,ANG,-1,1,1,1,,data\preprocessed\features\z_at\FAKE_T2_1023_IWW_ANG_XX__AUDIO_1023_IWW_DIS_XX_wav2lip.pt,data\preprocessed\features\z_v\FAKE_T2_1023_IWW_ANG_XX__AUDIO_1023_IWW_DIS_XX_wav2lip.pt
FAKE_T2_1023_IWW_NEU_XX__AUDIO_1023_IWW_SAD_XX_wav2lip,track2,1,crema_1023,SAD,NEU,-1,1,1,1,,data\preprocessed\features\z_at\FAKE_T2_1023_IWW_NEU_XX__AUDIO_1023_IWW_SAD_XX_wav2lip.pt,data\preprocessed\features\z_v\FAKE_T2_1023_IWW_NEU_XX__AUDIO_1023_IWW_SAD_XX_wav2lip.pt
FAKE_T2_1023_MTI_HAP_XX__AUDIO_1023_MTI_NEU_XX_wav2lip,track2,1,crema_1023,NEU,HAP,-1,1,1,1,,data\preprocessed\features\z_at\FAKE_T2_1023_MTI_HAP_XX__AUDIO_1023_MTI_NEU_XX_wav2lip.pt,data\preprocessed\features\z_v\FAKE_T2_1023_MTI_HAP_XX__AUDIO_1023_MTI_NEU_XX_wav2lip.pt
FAKE_T2_1023_TAI_NEU_XX__AUDIO_1023_TAI_SAD_XX_wav2lip,track2,1,crema_1023,SAD,NEU,-1,1,1,1,,data\preprocessed\features\z_at\FAKE_T2_1023_TAI_NEU_XX__AUDIO_1023_TAI_SAD_XX_wav2lip.pt,data\preprocessed\features\z_v\FAKE_T2_1023_TAI_NEU_XX__AUDIO_1023_TAI_SAD_XX_wav2lip.pt
FAKE_T2_1023_TIE_DIS_XX__AUDIO_1023_TIE_FEA_XX_wav2lip,track2,1,crema_1023,FEA,DIS,-1,1,1,1,,data\preprocessed\features\z_at\FAKE_T2_1023_TIE_DIS_XX__AUDIO_1023_TIE_FEA_XX_wav2lip.pt,data\preprocessed\features\z_v\FAKE_T2_1023_TIE_DIS_XX__AUDIO_1023_TIE_FEA_XX_wav2lip.pt
FAKE_T2_1023_TIE_HAP_XX__AUDIO_1023_TIE_NEU_XX_wav2lip,track2,1,crema_1023,NEU,HAP,-1,1,1,1,,data\preprocessed\features\z_at\FAKE_T2_1023_TIE_HAP_XX__AUDIO_1023_TIE_NEU_XX_wav2lip.pt,data\preprocessed\features\z_v\FAKE_T2_1023_TIE_HAP_XX__AUDIO_1023_TIE_NEU_XX_wav2lip.pt
FAKE_T2_1023_TSI_DIS_XX__AUDIO_1023_TSI_FEA_XX_wav2lip,track2,1,crema_1023,FEA,DIS,-1,1,1,1,,data\preprocessed\features\z_at\FAKE_T2_1023_TSI_DIS_XX__AUDIO_1023_TSI_FEA_XX_wav2lip.pt,data\preprocessed\features\z_v\FAKE_T2_1023_TSI_DIS_XX__AUDIO_1023_TSI_FEA_XX_wav2lip.pt
FAKE_T2_1023_TSI_FEA_XX__AUDIO_1023_TSI_HAP_XX_wav2lip,track2,1,crema_1023,HAP,FEA,-1,1,1,1,,data\preprocessed\features\z_at\FAKE_T2_1023_TSI_FEA_XX__AUDIO_1023_TSI_HAP_XX_wav2lip.pt,data\preprocessed\features\z_v\FAKE_T2_1023_TSI_FEA_XX__AUDIO_1023_TSI_HAP_XX_wav2lip.pt
FAKE_T2_1023_TSI_HAP_XX__AUDIO_1023_TSI_NEU_XX_wav2lip,track2,1,crema_1023,NEU,HAP,-1,1,1,1,,data\preprocessed\features\z_at\FAKE_T2_1023_TSI_HAP_XX__AUDIO_1023_TSI_NEU_XX_wav2lip.pt,data\preprocessed\features\z_v\FAKE_T2_1023_TSI_HAP_XX__AUDIO_1023_TSI_NEU_XX_wav2lip.pt
FAKE_T2_1023_WSI_HAP_XX__AUDIO_1023_WSI_NEU_XX_wav2lip,track2,1,crema_1023,NEU,HAP,-1,1,1,1,,data\preprocessed\features\z_at\FAKE_T2_1023_WSI_HAP_XX__AUDIO_1023_WSI_NEU_XX_wav2lip.pt,data\preprocessed\features\z_v\FAKE_T2_1023_WSI_HAP_XX__AUDIO_1023_WSI_NEU_XX_wav2lip.pt
FAKE_T2_1024_DFA_NEU_XX__AUDIO_1024_DFA_SAD_XX_wav2lip,track2,1,crema_1024,SAD,NEU,-1,1,1,1,,data\preprocessed\features\z_at\FAKE_T2_1024_DFA_NEU_XX__AUDIO_1024_DFA_SAD_XX_wav2lip.pt,data\preprocessed\features\z_v\FAKE_T2_1024_DFA_NEU_XX__AUDIO_1024_DFA_SAD_XX_wav2lip.pt
FAKE_T2_1024_IEO_ANG_HI__AUDIO_1024_IEO_DIS_HI_wav2lip,track2,1,crema_1024,DIS,ANG,-1,1,1,1,,data\preprocessed\features\z_at\FAKE_T2_1024_IEO_ANG_HI__AUDIO_1024_IEO_DIS_HI_wav2lip.pt,data\preprocessed\features\z_v\FAKE_T2_1024_IEO_ANG_HI__AUDIO_1024_IEO_DIS_HI_wav2lip.pt
FAKE_T2_1024_IEO_DIS_LO__AUDIO_1024_IEO_FEA_LO_wav2lip,track2,1,crema_1024,FEA,DIS,-1,1,1,1,,data\preprocessed\features\z_at\FAKE_T2_1024_IEO_DIS_LO__AUDIO_1024_IEO_FEA_LO_wav2lip.pt,data\preprocessed\features\z_v\FAKE_T2_1024_IEO_DIS_LO__AUDIO_1024_IEO_FEA_LO_wav2lip.pt
FAKE_T2_1024_IEO_DIS_MD__AUDIO_1024_IEO_FEA_MD_wav2lip,track2,1,crema_1024,FEA,DIS,-1,1,1,1,,data\preprocessed\features\z_at\FAKE_T2_1024_IEO_DIS_MD__AUDIO_1024_IEO_FEA_MD_wav2lip.pt,data\preprocessed\features\z_v\FAKE_T2_1024_IEO_DIS_MD__AUDIO_1024_IEO_FEA_MD_wav2lip.pt
FAKE_T2_1024_IEO_FEA_HI__AUDIO_1024_IEO_HAP_HI_wav2lip,track2,1,crema_1024,HAP,FEA,-1,1,1,1,,data\preprocessed\features\z_at\FAKE_T2_1024_IEO_FEA_HI__AUDIO_1024_IEO_HAP_HI_wav2lip.pt,data\preprocessed\features\z_v\FAKE_T2_1024_IEO_FEA_HI__AUDIO_1024_IEO_HAP_HI_wav2lip.pt
FAKE_T2_1024_IEO_FEA_LO__AUDIO_1024_IEO_HAP_LO_wav2lip,track2,1,crema_1024,HAP,FEA,-1,1,1,1,,data\preprocessed\features\z_at\FAKE_T2_1024_IEO_FEA_LO__AUDIO_1024_IEO_HAP_LO_wav2lip.pt,data\preprocessed\features\z_v\FAKE_T2_1024_IEO_FEA_LO__AUDIO_1024_IEO_HAP_LO_wav2lip.pt
FAKE_T2_1024_IEO_HAP_LO__AUDIO_1024_IEO_NEU_XX_wav2lip,track2,1,crema_1024,NEU,HAP,-1,1,1,1,,data\preprocessed\features\z_at\FAKE_T2_1024_IEO_HAP_LO__AUDIO_1024_IEO_NEU_XX_wav2lip.pt,data\preprocessed\features\z_v\FAKE_T2_1024_IEO_HAP_LO__AUDIO_1024_IEO_NEU_XX_wav2lip.pt
FAKE_T2_1024_IOM_ANG_XX__AUDIO_1024_IOM_DIS_XX_wav2lip,track2,1,crema_1024,DIS,ANG,-1,1,1,1,,data\preprocessed\features\z_at\FAKE_T2_1024_IOM_ANG_XX__AUDIO_1024_IOM_DIS_XX_wav2lip.pt,data\preprocessed\features\z_v\FAKE_T2_1024_IOM_ANG_XX__AUDIO_1024_IOM_DIS_XX_wav2lip.pt
FAKE_T2_1024_IOM_FEA_XX__AUDIO_1024_IOM_HAP_XX_wav2lip,track2,1,crema_1024,HAP,FEA,-1,1,1,1,,data\preprocessed\features\z_at\FAKE_T2_1024_IOM_FEA_XX__AUDIO_1024_IOM_HAP_XX_wav2lip.pt,data\preprocessed\features\z_v\FAKE_T2_1024_IOM_FEA_XX__AUDIO_1024_IOM_HAP_XX_wav2lip.pt
FAKE_T2_1024_ITH_DIS_XX__AUDIO_1024_ITH_FEA_XX_wav2lip,track2,1,crema_1024,FEA,DIS,-1,1,1,1,,data\preprocessed\features\z_at\FAKE_T2_1024_ITH_DIS_XX__AUDIO_1024_ITH_FEA_XX_wav2lip.pt,data\preprocessed\features\z_v\FAKE_T2_1024_ITH_DIS_XX__AUDIO_1024_ITH_FEA_XX_wav2lip.pt
FAKE_T2_1024_ITH_FEA_XX__AUDIO_1024_ITH_HAP_XX_wav2lip,track2,1,crema_1024,HAP,FEA,-1,1,1,1,,data\preprocessed\features\z_at\FAKE_T2_1024_ITH_FEA_XX__AUDIO_1024_ITH_HAP_XX_wav2lip.pt,data\preprocessed\features\z_v\FAKE_T2_1024_ITH_FEA_XX__AUDIO_1024_ITH_HAP_XX_wav2lip.pt
FAKE_T2_1024_ITH_SAD_XX__AUDIO_1024_ITH_ANG_XX_wav2lip,track2,1,crema_1024,ANG,SAD,-1,1,1,1,,data\preprocessed\features\z_at\FAKE_T2_1024_ITH_SAD_XX__AUDIO_1024_ITH_ANG_XX_wav2lip.pt,data\preprocessed\features\z_v\FAKE_T2_1024_ITH_SAD_XX__AUDIO_1024_ITH_ANG_XX_wav2lip.pt
FAKE_T2_1024_ITS_ANG_XX__AUDIO_1024_ITS_DIS_XX_wav2lip,track2,1,crema_1024,DIS,ANG,-1,1,1,1,,data\preprocessed\features\z_at\FAKE_T2_1024_ITS_ANG_XX__AUDIO_1024_ITS_DIS_XX_wav2lip.pt,data\preprocessed\features\z_v\FAKE_T2_1024_ITS_ANG_XX__AUDIO_1024_ITS_DIS_XX_wav2lip.pt
FAKE_T2_1024_ITS_FEA_XX__AUDIO_1024_ITS_HAP_XX_wav2lip,track2,1,crema_1024,HAP,FEA,-1,1,1,1,,data\preprocessed\features\z_at\FAKE_T2_1024_ITS_FEA_XX__AUDIO_1024_ITS_HAP_XX_wav2lip.pt,data\preprocessed\features\z_v\FAKE_T2_1024_ITS_FEA_XX__AUDIO_1024_ITS_HAP_XX_wav2lip.pt
FAKE_T2_1024_ITS_HAP_XX__AUDIO_1024_ITS_NEU_XX_wav2lip,track2,1,crema_1024,NEU,HAP,-1,1,1,1,,data\preprocessed\features\z_at\FAKE_T2_1024_ITS_HAP_XX__AUDIO_1024_ITS_NEU_XX_wav2lip.pt,data\preprocessed\features\z_v\FAKE_T2_1024_ITS_HAP_XX__AUDIO_1024_ITS_NEU_XX_wav2lip.pt
FAKE_T2_1024_IWL_FEA_XX__AUDIO_1024_IWL_HAP_XX_wav2lip,track2,1,crema_1024,HAP,FEA,-1,1,1,1,,data\preprocessed\features\z_at\FAKE_T2_1024_IWL_FEA_XX__AUDIO_1024_IWL_HAP_XX_wav2lip.pt,data\preprocessed\features\z_v\FAKE_T2_1024_IWL_FEA_XX__AUDIO_1024_IWL_HAP_XX_wav2lip.pt
FAKE_T2_1024_IWW_FEA_XX__AUDIO_1024_IWW_HAP_XX_wav2lip,track2,1,crema_1024,HAP,FEA,-1,1,1,1,,data\preprocessed\features\z_at\FAKE_T2_1024_IWW_FEA_XX__AUDIO_1024_IWW_HAP_XX_wav2lip.pt,data\preprocessed\features\z_v\FAKE_T2_1024_IWW_FEA_XX__AUDIO_1024_IWW_HAP_XX_wav2lip.pt
FAKE_T2_1024_MTI_DIS_XX__AUDIO_1024_MTI_FEA_XX_wav2lip,track2,1,crema_1024,FEA,DIS,-1,1,1,1,,data\preprocessed\features\z_at\FAKE_T2_1024_MTI_DIS_XX__AUDIO_1024_MTI_FEA_XX_wav2lip.pt,data\preprocessed\features\z_v\FAKE_T2_1024_MTI_DIS_XX__AUDIO_1024_MTI_FEA_XX_wav2lip.pt
FAKE_T2_1024_MTI_HAP_XX__AUDIO_1024_MTI_NEU_XX_wav2lip,track2,1,crema_1024,NEU,HAP,-1,1,1,1,,data\preprocessed\features\z_at\FAKE_T2_1024_MTI_HAP_XX__AUDIO_1024_MTI_NEU_XX_wav2lip.pt,data\preprocessed\features\z_v\FAKE_T2_1024_MTI_HAP_XX__AUDIO_1024_MTI_NEU_XX_wav2lip.pt
FAKE_T2_1024_TIE_FEA_XX__AUDIO_1024_TIE_HAP_XX_wav2lip,track2,1,crema_1024,HAP,FEA,-1,1,1,1,,data\preprocessed\features\z_at\FAKE_T2_1024_TIE_FEA_XX__AUDIO_1024_TIE_HAP_XX_wav2lip.pt,data\preprocessed\features\z_v\FAKE_T2_1024_TIE_FEA_XX__AUDIO_1024_TIE_HAP_XX_wav2lip.pt
FAKE_T2_1024_TIE_HAP_XX__AUDIO_1024_TIE_NEU_XX_wav2lip,track2,1,crema_1024,NEU,HAP,-1,1,1,1,,data\preprocessed\features\z_at\FAKE_T2_1024_TIE_HAP_XX__AUDIO_1024_TIE_NEU_XX_wav2lip.pt,data\preprocessed\features\z_v\FAKE_T2_1024_TIE_HAP_XX__AUDIO_1024_TIE_NEU_XX_wav2lip.pt
FAKE_T2_1024_TIE_SAD_XX__AUDIO_1024_TIE_ANG_XX_wav2lip,track2,1,crema_1024,ANG,SAD,-1,1,1,1,,data\preprocessed\features\z_at\FAKE_T2_1024_TIE_SAD_XX__AUDIO_1024_TIE_ANG_XX_wav2lip.pt,data\preprocessed\features\z_v\FAKE_T2_1024_TIE_SAD_XX__AUDIO_1024_TIE_ANG_XX_wav2lip.pt
FAKE_T2_1024_TSI_DIS_XX__AUDIO_1024_TSI_FEA_XX_wav2lip,track2,1,crema_1024,FEA,DIS,-1,1,1,1,,data\preprocessed\features\z_at\FAKE_T2_1024_TSI_DIS_XX__AUDIO_1024_TSI_FEA_XX_wav2lip.pt,data\preprocessed\features\z_v\FAKE_T2_1024_TSI_DIS_XX__AUDIO_1024_TSI_FEA_XX_wav2lip.pt
FAKE_T2_1024_TSI_HAP_XX__AUDIO_1024_TSI_NEU_XX_wav2lip,track2,1,crema_1024,NEU,HAP,-1,1,1,1,,data\preprocessed\features\z_at\FAKE_T2_1024_TSI_HAP_XX__AUDIO_1024_TSI_NEU_XX_wav2lip.pt,data\preprocessed\features\z_v\FAKE_T2_1024_TSI_HAP_XX__AUDIO_1024_TSI_NEU_XX_wav2lip.pt
FAKE_T2_1024_WSI_NEU_XX__AUDIO_1024_WSI_SAD_XX_wav2lip,track2,1,crema_1024,SAD,NEU,-1,1,1,1,,data\preprocessed\features\z_at\FAKE_T2_1024_WSI_NEU_XX__AUDIO_1024_WSI_SAD_XX_wav2lip.pt,data\preprocessed\features\z_v\FAKE_T2_1024_WSI_NEU_XX__AUDIO_1024_WSI_SAD_XX_wav2lip.pt
FAKE_T2_1025_DFA_FEA_XX__AUDIO_1025_DFA_HAP_XX_wav2lip,track2,1,crema_1025,HAP,FEA,-1,1,1,1,,data\preprocessed\features\z_at\FAKE_T2_1025_DFA_FEA_XX__AUDIO_1025_DFA_HAP_XX_wav2lip.pt,data\preprocessed\features\z_v\FAKE_T2_1025_DFA_FEA_XX__AUDIO_1025_DFA_HAP_XX_wav2lip.pt
FAKE_T2_1025_IEO_DIS_HI__AUDIO_1025_IEO_FEA_HI_wav2lip,track2,1,crema_1025,FEA,DIS,-1,1,1,1,,data\preprocessed\features\z_at\FAKE_T2_1025_IEO_DIS_HI__AUDIO_1025_IEO_FEA_HI_wav2lip.pt,data\preprocessed\features\z_v\FAKE_T2_1025_IEO_DIS_HI__AUDIO_1025_IEO_FEA_HI_wav2lip.pt
FAKE_T2_1025_IEO_DIS_LO__AUDIO_1025_IEO_FEA_LO_wav2lip,track2,1,crema_1025,FEA,DIS,-1,1,1,1,,data\preprocessed\features\z_at\FAKE_T2_1025_IEO_DIS_LO__AUDIO_1025_IEO_FEA_LO_wav2lip.pt,data\preprocessed\features\z_v\FAKE_T2_1025_IEO_DIS_LO__AUDIO_1025_IEO_FEA_LO_wav2lip.pt
FAKE_T2_1025_IEO_HAP_LO__AUDIO_1025_IEO_NEU_XX_wav2lip,track2,1,crema_1025,NEU,HAP,-1,1,1,1,,data\preprocessed\features\z_at\FAKE_T2_1025_IEO_HAP_LO__AUDIO_1025_IEO_NEU_XX_wav2lip.pt,data\preprocessed\features\z_v\FAKE_T2_1025_IEO_HAP_LO__AUDIO_1025_IEO_NEU_XX_wav2lip.pt
FAKE_T2_1025_IOM_HAP_XX__AUDIO_1025_IOM_NEU_XX_wav2lip,track2,1,crema_1025,NEU,HAP,-1,1,1,1,,data\preprocessed\features\z_at\FAKE_T2_1025_IOM_HAP_XX__AUDIO_1025_IOM_NEU_XX_wav2lip.pt,data\preprocessed\features\z_v\FAKE_T2_1025_IOM_HAP_XX__AUDIO_1025_IOM_NEU_XX_wav2lip.pt
FAKE_T2_1025_IOM_SAD_XX__AUDIO_1025_IOM_ANG_XX_wav2lip,track2,1,crema_1025,ANG,SAD,-1,1,1,1,,data\preprocessed\features\z_at\FAKE_T2_1025_IOM_SAD_XX__AUDIO_1025_IOM_ANG_XX_wav2lip.pt,data\preprocessed\features\z_v\FAKE_T2_1025_IOM_SAD_XX__AUDIO_1025_IOM_ANG_XX_wav2lip.pt
FAKE_T2_1025_ITH_ANG_XX__AUDIO_1025_ITH_DIS_XX_wav2lip,track2,1,crema_1025,DIS,ANG,-1,1,1,1,,data\preprocessed\features\z_at\FAKE_T2_1025_ITH_ANG_XX__AUDIO_1025_ITH_DIS_XX_wav2lip.pt,data\preprocessed\features\z_v\FAKE_T2_1025_ITH_ANG_XX__AUDIO_1025_ITH_DIS_XX_wav2lip.pt
FAKE_T2_1025_ITH_HAP_XX__AUDIO_1025_ITH_NEU_XX_wav2lip,track2,1,crema_1025,NEU,HAP,-1,1,1,1,,data\preprocessed\features\z_at\FAKE_T2_1025_ITH_HAP_XX__AUDIO_1025_ITH_NEU_XX_wav2lip.pt,data\preprocessed\features\z_v\FAKE_T2_1025_ITH_HAP_XX__AUDIO_1025_ITH_NEU_XX_wav2lip.pt
FAKE_T2_1025_ITS_DIS_XX__AUDIO_1025_ITS_FEA_XX_wav2lip,track2,1,crema_1025,FEA,DIS,-1,1,1,1,,data\preprocessed\features\z_at\FAKE_T2_1025_ITS_DIS_XX__AUDIO_1025_ITS_FEA_XX_wav2lip.pt,data\preprocessed\features\z_v\FAKE_T2_1025_ITS_DIS_XX__AUDIO_1025_ITS_FEA_XX_wav2lip.pt
FAKE_T2_1025_ITS_NEU_XX__AUDIO_1025_ITS_SAD_XX_wav2lip,track2,1,crema_1025,SAD,NEU,-1,1,1,1,,data\preprocessed\features\z_at\FAKE_T2_1025_ITS_NEU_XX__AUDIO_1025_ITS_SAD_XX_wav2lip.pt,data\preprocessed\features\z_v\FAKE_T2_1025_ITS_NEU_XX__AUDIO_1025_ITS_SAD_XX_wav2lip.pt
FAKE_T2_1025_IWL_NEU_XX__AUDIO_1025_IWL_SAD_XX_wav2lip,track2,1,crema_1025,SAD,NEU,-1,1,1,1,,data\preprocessed\features\z_at\FAKE_T2_1025_IWL_NEU_XX__AUDIO_1025_IWL_SAD_XX_wav2lip.pt,data\preprocessed\features\z_v\FAKE_T2_1025_IWL_NEU_XX__AUDIO_1025_IWL_SAD_XX_wav2lip.pt
FAKE_T2_1025_IWL_SAD_XX__AUDIO_1025_IWL_ANG_XX_wav2lip,track2,1,crema_1025,ANG,SAD,-1,1,1,1,,data\preprocessed\features\z_at\FAKE_T2_1025_IWL_SAD_XX__AUDIO_1025_IWL_ANG_XX_wav2lip.pt,data\preprocessed\features\z_v\FAKE_T2_1025_IWL_SAD_XX__AUDIO_1025_IWL_ANG_XX_wav2lip.pt
FAKE_T2_1025_IWW_ANG_XX__AUDIO_1025_IWW_DIS_XX_wav2lip,track2,1,crema_1025,DIS,ANG,-1,1,1,1,,data\preprocessed\features\z_at\FAKE_T2_1025_IWW_ANG_XX__AUDIO_1025_IWW_DIS_XX_wav2lip.pt,data\preprocessed\features\z_v\FAKE_T2_1025_IWW_ANG_XX__AUDIO_1025_IWW_DIS_XX_wav2lip.pt
FAKE_T2_1025_IWW_DIS_XX__AUDIO_1025_IWW_FEA_XX_wav2lip,track2,1,crema_1025,FEA,DIS,-1,1,1,1,,data\preprocessed\features\z_at\FAKE_T2_1025_IWW_DIS_XX__AUDIO_1025_IWW_FEA_XX_wav2lip.pt,data\preprocessed\features\z_v\FAKE_T2_1025_IWW_DIS_XX__AUDIO_1025_IWW_FEA_XX_wav2lip.pt
FAKE_T2_1025_MTI_ANG_XX__AUDIO_1025_MTI_DIS_XX_wav2lip,track2,1,crema_1025,DIS,ANG,-1,1,1,1,,data\preprocessed\features\z_at\FAKE_T2_1025_MTI_ANG_XX__AUDIO_1025_MTI_DIS_XX_wav2lip.pt,data\preprocessed\features\z_v\FAKE_T2_1025_MTI_ANG_XX__AUDIO_1025_MTI_DIS_XX_wav2lip.pt
FAKE_T2_1025_TAI_ANG_XX__AUDIO_1025_TAI_DIS_XX_wav2lip,track2,1,crema_1025,DIS,ANG,-1,1,1,1,,data\preprocessed\features\z_at\FAKE_T2_1025_TAI_ANG_XX__AUDIO_1025_TAI_DIS_XX_wav2lip.pt,data\preprocessed\features\z_v\FAKE_T2_1025_TAI_ANG_XX__AUDIO_1025_TAI_DIS_XX_wav2lip.pt
FAKE_T2_1025_TAI_FEA_XX__AUDIO_1025_TAI_HAP_XX_wav2lip,track2,1,crema_1025,HAP,FEA,-1,1,1,1,,data\preprocessed\features\z_at\FAKE_T2_1025_TAI_FEA_XX__AUDIO_1025_TAI_HAP_XX_wav2lip.pt,data\preprocessed\features\z_v\FAKE_T2_1025_TAI_FEA_XX__AUDIO_1025_TAI_HAP_XX_wav2lip.pt
FAKE_T2_1025_TAI_HAP_XX__AUDIO_1025_TAI_NEU_XX_wav2lip,track2,1,crema_1025,NEU,HAP,-1,1,1,1,,data\preprocessed\features\z_at\FAKE_T2_1025_TAI_HAP_XX__AUDIO_1025_TAI_NEU_XX_wav2lip.pt,data\preprocessed\features\z_v\FAKE_T2_1025_TAI_HAP_XX__AUDIO_1025_TAI_NEU_XX_wav2lip.pt
FAKE_T2_1025_TIE_ANG_XX__AUDIO_1025_TIE_DIS_XX_wav2lip,track2,1,crema_1025,DIS,ANG,-1,1,1,1,,data\preprocessed\features\z_at\FAKE_T2_1025_TIE_ANG_XX__AUDIO_1025_TIE_DIS_XX_wav2lip.pt,data\preprocessed\features\z_v\FAKE_T2_1025_TIE_ANG_XX__AUDIO_1025_TIE_DIS_XX_wav2lip.pt
FAKE_T2_1025_TIE_DIS_XX__AUDIO_1025_TIE_FEA_XX_wav2lip,track2,1,crema_1025,FEA,DIS,-1,1,1,1,,data\preprocessed\features\z_at\FAKE_T2_1025_TIE_DIS_XX__AUDIO_1025_TIE_FEA_XX_wav2lip.pt,data\preprocessed\features\z_v\FAKE_T2_1025_TIE_DIS_XX__AUDIO_1025_TIE_FEA_XX_wav2lip.pt
FAKE_T2_1025_TIE_NEU_XX__AUDIO_1025_TIE_SAD_XX_wav2lip,track2,1,crema_1025,SAD,NEU,-1,1,1,1,,data\preprocessed\features\z_at\FAKE_T2_1025_TIE_NEU_XX__AUDIO_1025_TIE_SAD_XX_wav2lip.pt,data\preprocessed\features\z_v\FAKE_T2_1025_TIE_NEU_XX__AUDIO_1025_TIE_SAD_XX_wav2lip.pt
FAKE_T2_1025_TSI_HAP_XX__AUDIO_1025_TSI_NEU_XX_wav2lip,track2,1,crema_1025,NEU,HAP,-1,1,1,1,,data\preprocessed\features\z_at\FAKE_T2_1025_TSI_HAP_XX__AUDIO_1025_TSI_NEU_XX_wav2lip.pt,data\preprocessed\features\z_v\FAKE_T2_1025_TSI_HAP_XX__AUDIO_1025_TSI_NEU_XX_wav2lip.pt
FAKE_T2_1025_TSI_NEU_XX__AUDIO_1025_TSI_SAD_XX_wav2lip,track2,1,crema_1025,SAD,NEU,-1,1,1,1,,data\preprocessed\features\z_at\FAKE_T2_1025_TSI_NEU_XX__AUDIO_1025_TSI_SAD_XX_wav2lip.pt,data\preprocessed\features\z_v\FAKE_T2_1025_TSI_NEU_XX__AUDIO_1025_TSI_SAD_XX_wav2lip.pt
FAKE_T2_1025_TSI_SAD_XX__AUDIO_1025_TSI_ANG_XX_wav2lip,track2,1,crema_1025,ANG,SAD,-1,1,1,1,,data\preprocessed\features\z_at\FAKE_T2_1025_TSI_SAD_XX__AUDIO_1025_TSI_ANG_XX_wav2lip.pt,data\preprocessed\features\z_v\FAKE_T2_1025_TSI_SAD_XX__AUDIO_1025_TSI_ANG_XX_wav2lip.pt
FAKE_T2_1025_WSI_NEU_XX__AUDIO_1025_WSI_SAD_XX_wav2lip,track2,1,crema_1025,SAD,NEU,-1,1,1,1,,data\preprocessed\features\z_at\FAKE_T2_1025_WSI_NEU_XX__AUDIO_1025_WSI_SAD_XX_wav2lip.pt,data\preprocessed\features\z_v\FAKE_T2_1025_WSI_NEU_XX__AUDIO_1025_WSI_SAD_XX_wav2lip.pt
FAKE_T2_1026_DFA_ANG_XX__AUDIO_1026_DFA_DIS_XX_wav2lip,track2,1,crema_1026,DIS,ANG,-1,1,1,1,,data\preprocessed\features\z_at\FAKE_T2_1026_DFA_ANG_XX__AUDIO_1026_DFA_DIS_XX_wav2lip.pt,data\preprocessed\features\z_v\FAKE_T2_1026_DFA_ANG_XX__AUDIO_1026_DFA_DIS_XX_wav2lip.pt
FAKE_T2_1026_DFA_NEU_XX__AUDIO_1026_DFA_SAD_XX_wav2lip,track2,1,crema_1026,SAD,NEU,-1,1,1,1,,data\preprocessed\features\z_at\FAKE_T2_1026_DFA_NEU_XX__AUDIO_1026_DFA_SAD_XX_wav2lip.pt,data\preprocessed\features\z_v\FAKE_T2_1026_DFA_NEU_XX__AUDIO_1026_DFA_SAD_XX_wav2lip.pt
FAKE_T2_1026_IEO_ANG_HI__AUDIO_1026_IEO_DIS_HI_wav2lip,track2,1,crema_1026,DIS,ANG,-1,1,1,1,,data\preprocessed\features\z_at\FAKE_T2_1026_IEO_ANG_HI__AUDIO_1026_IEO_DIS_HI_wav2lip.pt,data\preprocessed\features\z_v\FAKE_T2_1026_IEO_ANG_HI__AUDIO_1026_IEO_DIS_HI_wav2lip.pt
FAKE_T2_1026_IEO_DIS_HI__AUDIO_1026_IEO_FEA_HI_wav2lip,track2,1,crema_1026,FEA,DIS,-1,1,1,1,,data\preprocessed\features\z_at\FAKE_T2_1026_IEO_DIS_HI__AUDIO_1026_IEO_FEA_HI_wav2lip.pt,data\preprocessed\features\z_v\FAKE_T2_1026_IEO_DIS_HI__AUDIO_1026_IEO_FEA_HI_wav2lip.pt
FAKE_T2_1026_IEO_FEA_HI__AUDIO_1026_IEO_HAP_HI_wav2lip,track2,1,crema_1026,HAP,FEA,-1,1,1,1,,data\preprocessed\features\z_at\FAKE_T2_1026_IEO_FEA_HI__AUDIO_1026_IEO_HAP_HI_wav2lip.pt,data\preprocessed\features\z_v\FAKE_T2_1026_IEO_FEA_HI__AUDIO_1026_IEO_HAP_HI_wav2lip.pt
FAKE_T2_1026_IEO_FEA_MD__AUDIO_1026_IEO_HAP_MD_wav2lip,track2,1,crema_1026,HAP,FEA,-1,1,1,1,,data\preprocessed\features\z_at\FAKE_T2_1026_IEO_FEA_MD__AUDIO_1026_IEO_HAP_MD_wav2lip.pt,data\preprocessed\features\z_v\FAKE_T2_1026_IEO_FEA_MD__AUDIO_1026_IEO_HAP_MD_wav2lip.pt
FAKE_T2_1026_IEO_HAP_LO__AUDIO_1026_IEO_NEU_XX_wav2lip,track2,1,crema_1026,NEU,HAP,-1,1,1,1,,data\preprocessed\features\z_at\FAKE_T2_1026_IEO_HAP_LO__AUDIO_1026_IEO_NEU_XX_wav2lip.pt,data\preprocessed\features\z_v\FAKE_T2_1026_IEO_HAP_LO__AUDIO_1026_IEO_NEU_XX_wav2lip.pt
FAKE_T2_1026_IEO_SAD_MD__AUDIO_1026_IEO_ANG_MD_wav2lip,track2,1,crema_1026,ANG,SAD,-1,1,1,1,,data\preprocessed\features\z_at\FAKE_T2_1026_IEO_SAD_MD__AUDIO_1026_IEO_ANG_MD_wav2lip.pt,data\preprocessed\features\z_v\FAKE_T2_1026_IEO_SAD_MD__AUDIO_1026_IEO_ANG_MD_wav2lip.pt
FAKE_T2_1026_IOM_ANG_XX__AUDIO_1026_IOM_DIS_XX_wav2lip,track2,1,crema_1026,DIS,ANG,-1,1,1,1,,data\preprocessed\features\z_at\FAKE_T2_1026_IOM_ANG_XX__AUDIO_1026_IOM_DIS_XX_wav2lip.pt,data\preprocessed\features\z_v\FAKE_T2_1026_IOM_ANG_XX__AUDIO_1026_IOM_DIS_XX_wav2lip.pt
FAKE_T2_1026_ITH_DIS_XX__AUDIO_1026_ITH_FEA_XX_wav2lip,track2,1,crema_1026,FEA,DIS,-1,1,1,1,,data\preprocessed\features\z_at\FAKE_T2_1026_ITH_DIS_XX__AUDIO_1026_ITH_FEA_XX_wav2lip.pt,data\preprocessed\features\z_v\FAKE_T2_1026_ITH_DIS_XX__AUDIO_1026_ITH_FEA_XX_wav2lip.pt
FAKE_T2_1026_ITH_NEU_XX__AUDIO_1026_ITH_SAD_XX_wav2lip,track2,1,crema_1026,SAD,NEU,-1,1,1,1,,data\preprocessed\features\z_at\FAKE_T2_1026_ITH_NEU_XX__AUDIO_1026_ITH_SAD_XX_wav2lip.pt,data\preprocessed\features\z_v\FAKE_T2_1026_ITH_NEU_XX__AUDIO_1026_ITH_SAD_XX_wav2lip.pt
FAKE_T2_1026_ITS_FEA_XX__AUDIO_1026_ITS_HAP_XX_wav2lip,track2,1,crema_1026,HAP,FEA,-1,1,1,1,,data\preprocessed\features\z_at\FAKE_T2_1026_ITS_FEA_XX__AUDIO_1026_ITS_HAP_XX_wav2lip.pt,data\preprocessed\features\z_v\FAKE_T2_1026_ITS_FEA_XX__AUDIO_1026_ITS_HAP_XX_wav2lip.pt
FAKE_T2_1026_IWL_NEU_XX__AUDIO_1026_IWL_SAD_XX_wav2lip,track2,1,crema_1026,SAD,NEU,-1,1,1,1,,data\preprocessed\features\z_at\FAKE_T2_1026_IWL_NEU_XX__AUDIO_1026_IWL_SAD_XX_wav2lip.pt,data\preprocessed\features\z_v\FAKE_T2_1026_IWL_NEU_XX__AUDIO_1026_IWL_SAD_XX_wav2lip.pt
FAKE_T2_1026_IWL_SAD_XX__AUDIO_1026_IWL_ANG_XX_wav2lip,track2,1,crema_1026,ANG,SAD,-1,1,1,1,,data\preprocessed\features\z_at\FAKE_T2_1026_IWL_SAD_XX__AUDIO_1026_IWL_ANG_XX_wav2lip.pt,data\preprocessed\features\z_v\FAKE_T2_1026_IWL_SAD_XX__AUDIO_1026_IWL_ANG_XX_wav2lip.pt
FAKE_T2_1026_IWW_DIS_XX__AUDIO_1026_IWW_FEA_XX_wav2lip,track2,1,crema_1026,FEA,DIS,-1,1,1,1,,data\preprocessed\features\z_at\FAKE_T2_1026_IWW_DIS_XX__AUDIO_1026_IWW_FEA_XX_wav2lip.pt,data\preprocessed\features\z_v\FAKE_T2_1026_IWW_DIS_XX__AUDIO_1026_IWW_FEA_XX_wav2lip.pt
FAKE_T2_1026_IWW_NEU_XX__AUDIO_1026_IWW_SAD_XX_wav2lip,track2,1,crema_1026,SAD,NEU,-1,1,1,1,,data\preprocessed\features\z_at\FAKE_T2_1026_IWW_NEU_XX__AUDIO_1026_IWW_SAD_XX_wav2lip.pt,data\preprocessed\features\z_v\FAKE_T2_1026_IWW_NEU_XX__AUDIO_1026_IWW_SAD_XX_wav2lip.pt
FAKE_T2_1026_IWW_SAD_XX__AUDIO_1026_IWW_ANG_XX_wav2lip,track2,1,crema_1026,ANG,SAD,-1,1,1,1,,data\preprocessed\features\z_at\FAKE_T2_1026_IWW_SAD_XX__AUDIO_1026_IWW_ANG_XX_wav2lip.pt,data\preprocessed\features\z_v\FAKE_T2_1026_IWW_SAD_XX__AUDIO_1026_IWW_ANG_XX_wav2lip.pt
FAKE_T2_1026_MTI_ANG_XX__AUDIO_1026_MTI_DIS_XX_wav2lip,track2,1,crema_1026,DIS,ANG,-1,1,1,1,,data\preprocessed\features\z_at\FAKE_T2_1026_MTI_ANG_XX__AUDIO_1026_MTI_DIS_XX_wav2lip.pt,data\preprocessed\features\z_v\FAKE_T2_1026_MTI_ANG_XX__AUDIO_1026_MTI_DIS_XX_wav2lip.pt
FAKE_T2_1026_MTI_SAD_XX__AUDIO_1026_MTI_ANG_XX_wav2lip,track2,1,crema_1026,ANG,SAD,-1,1,1,1,,data\preprocessed\features\z_at\FAKE_T2_1026_MTI_SAD_XX__AUDIO_1026_MTI_ANG_XX_wav2lip.pt,data\preprocessed\features\z_v\FAKE_T2_1026_MTI_SAD_XX__AUDIO_1026_MTI_ANG_XX_wav2lip.pt
FAKE_T2_1026_TAI_SAD_XX__AUDIO_1026_TAI_ANG_XX_wav2lip,track2,1,crema_1026,ANG,SAD,-1,1,1,1,,data\preprocessed\features\z_at\FAKE_T2_1026_TAI_SAD_XX__AUDIO_1026_TAI_ANG_XX_wav2lip.pt,data\preprocessed\features\z_v\FAKE_T2_1026_TAI_SAD_XX__AUDIO_1026_TAI_ANG_XX_wav2lip.pt
FAKE_T2_1026_TIE_SAD_XX__AUDIO_1026_TIE_ANG_XX_wav2lip,track2,1,crema_1026,ANG,SAD,-1,1,1,1,,data\preprocessed\features\z_at\FAKE_T2_1026_TIE_SAD_XX__AUDIO_1026_TIE_ANG_XX_wav2lip.pt,data\preprocessed\features\z_v\FAKE_T2_1026_TIE_SAD_XX__AUDIO_1026_TIE_ANG_XX_wav2lip.pt
FAKE_T2_1026_TSI_FEA_XX__AUDIO_1026_TSI_HAP_XX_wav2lip,track2,1,crema_1026,HAP,FEA,-1,1,1,1,,data\preprocessed\features\z_at\FAKE_T2_1026_TSI_FEA_XX__AUDIO_1026_TSI_HAP_XX_wav2lip.pt,data\preprocessed\features\z_v\FAKE_T2_1026_TSI_FEA_XX__AUDIO_1026_TSI_HAP_XX_wav2lip.pt
FAKE_T2_1026_TSI_SAD_XX__AUDIO_1026_TSI_ANG_XX_wav2lip,track2,1,crema_1026,ANG,SAD,-1,1,1,1,,data\preprocessed\features\z_at\FAKE_T2_1026_TSI_SAD_XX__AUDIO_1026_TSI_ANG_XX_wav2lip.pt,data\preprocessed\features\z_v\FAKE_T2_1026_TSI_SAD_XX__AUDIO_1026_TSI_ANG_XX_wav2lip.pt
FAKE_T2_1026_WSI_ANG_XX__AUDIO_1026_WSI_DIS_XX_wav2lip,track2,1,crema_1026,DIS,ANG,-1,1,1,1,,data\preprocessed\features\z_at\FAKE_T2_1026_WSI_ANG_XX__AUDIO_1026_WSI_DIS_XX_wav2lip.pt,data\preprocessed\features\z_v\FAKE_T2_1026_WSI_ANG_XX__AUDIO_1026_WSI_DIS_XX_wav2lip.pt
FAKE_T2_1026_WSI_SAD_XX__AUDIO_1026_WSI_ANG_XX_wav2lip,track2,1,crema_1026,ANG,SAD,-1,1,1,1,,data\preprocessed\features\z_at\FAKE_T2_1026_WSI_SAD_XX__AUDIO_1026_WSI_ANG_XX_wav2lip.pt,data\preprocessed\features\z_v\FAKE_T2_1026_WSI_SAD_XX__AUDIO_1026_WSI_ANG_XX_wav2lip.pt
FAKE_T2_1028_DFA_ANG_XX__AUDIO_1028_DFA_DIS_XX_wav2lip,track2,1,crema_1028,DIS,ANG,-1,1,1,1,,data\preprocessed\features\z_at\FAKE_T2_1028_DFA_ANG_XX__AUDIO_1028_DFA_DIS_XX_wav2lip.pt,data\preprocessed\features\z_v\FAKE_T2_1028_DFA_ANG_XX__AUDIO_1028_DFA_DIS_XX_wav2lip.pt
FAKE_T2_1028_IEO_ANG_HI__AUDIO_1028_IEO_DIS_HI_wav2lip,track2,1,crema_1028,DIS,ANG,-1,1,1,1,,data\preprocessed\features\z_at\FAKE_T2_1028_IEO_ANG_HI__AUDIO_1028_IEO_DIS_HI_wav2lip.pt,data\preprocessed\features\z_v\FAKE_T2_1028_IEO_ANG_HI__AUDIO_1028_IEO_DIS_HI_wav2lip.pt
FAKE_T2_1028_IEO_DIS_HI__AUDIO_1028_IEO_FEA_HI_wav2lip,track2,1,crema_1028,FEA,DIS,-1,1,1,1,,data\preprocessed\features\z_at\FAKE_T2_1028_IEO_DIS_HI__AUDIO_1028_IEO_FEA_HI_wav2lip.pt,data\preprocessed\features\z_v\FAKE_T2_1028_IEO_DIS_HI__AUDIO_1028_IEO_FEA_HI_wav2lip.pt
FAKE_T2_1028_IEO_FEA_LO__AUDIO_1028_IEO_HAP_LO_wav2lip,track2,1,crema_1028,HAP,FEA,-1,1,1,1,,data\preprocessed\features\z_at\FAKE_T2_1028_IEO_FEA_LO__AUDIO_1028_IEO_HAP_LO_wav2lip.pt,data\preprocessed\features\z_v\FAKE_T2_1028_IEO_FEA_LO__AUDIO_1028_IEO_HAP_LO_wav2lip.pt
FAKE_T2_1028_IEO_NEU_XX__AUDIO_1028_IEO_SAD_HI_wav2lip,track2,1,crema_1028,SAD,NEU,-1,1,1,1,,data\preprocessed\features\z_at\FAKE_T2_1028_IEO_NEU_XX__AUDIO_1028_IEO_SAD_HI_wav2lip.pt,data\preprocessed\features\z_v\FAKE_T2_1028_IEO_NEU_XX__AUDIO_1028_IEO_SAD_HI_wav2lip.pt
FAKE_T2_1028_IEO_SAD_HI__AUDIO_1028_IEO_ANG_HI_wav2lip,track2,1,crema_1028,ANG,SAD,-1,1,1,1,,data\preprocessed\features\z_at\FAKE_T2_1028_IEO_SAD_HI__AUDIO_1028_IEO_ANG_HI_wav2lip.pt,data\preprocessed\features\z_v\FAKE_T2_1028_IEO_SAD_HI__AUDIO_1028_IEO_ANG_HI_wav2lip.pt
FAKE_T2_1028_IEO_SAD_LO__AUDIO_1028_IEO_ANG_LO_wav2lip,track2,1,crema_1028,ANG,SAD,-1,1,1,1,,data\preprocessed\features\z_at\FAKE_T2_1028_IEO_SAD_LO__AUDIO_1028_IEO_ANG_LO_wav2lip.pt,data\preprocessed\features\z_v\FAKE_T2_1028_IEO_SAD_LO__AUDIO_1028_IEO_ANG_LO_wav2lip.pt
FAKE_T2_1028_IOM_NEU_XX__AUDIO_1028_IOM_SAD_XX_wav2lip,track2,1,crema_1028,SAD,NEU,-1,1,1,1,,data\preprocessed\features\z_at\FAKE_T2_1028_IOM_NEU_XX__AUDIO_1028_IOM_SAD_XX_wav2lip.pt,data\preprocessed\features\z_v\FAKE_T2_1028_IOM_NEU_XX__AUDIO_1028_IOM_SAD_XX_wav2lip.pt
FAKE_T2_1028_ITS_ANG_XX__AUDIO_1028_ITS_DIS_XX_wav2lip,track2,1,crema_1028,DIS,ANG,-1,1,1,1,,data\preprocessed\features\z_at\FAKE_T2_1028_ITS_ANG_XX__AUDIO_1028_ITS_DIS_XX_wav2lip.pt,data\preprocessed\features\z_v\FAKE_T2_1028_ITS_ANG_XX__AUDIO_1028_ITS_DIS_XX_wav2lip.pt
FAKE_T2_1028_ITS_DIS_XX__AUDIO_1028_ITS_FEA_XX_wav2lip,track2,1,crema_1028,FEA,DIS,-1,1,1,1,,data\preprocessed\features\z_at\FAKE_T2_1028_ITS_DIS_XX__AUDIO_1028_ITS_FEA_XX_wav2lip.pt,data\preprocessed\features\z_v\FAKE_T2_1028_ITS_DIS_XX__AUDIO_1028_ITS_FEA_XX_wav2lip.pt
FAKE_T2_1028_ITS_FEA_XX__AUDIO_1028_ITS_HAP_XX_wav2lip,track2,1,crema_1028,HAP,FEA,-1,1,1,1,,data\preprocessed\features\z_at\FAKE_T2_1028_ITS_FEA_XX__AUDIO_1028_ITS_HAP_XX_wav2lip.pt,data\preprocessed\features\z_v\FAKE_T2_1028_ITS_FEA_XX__AUDIO_1028_ITS_HAP_XX_wav2lip.pt
FAKE_T2_1028_ITS_SAD_XX__AUDIO_1028_ITS_ANG_XX_wav2lip,track2,1,crema_1028,ANG,SAD,-1,1,1,1,,data\preprocessed\features\z_at\FAKE_T2_1028_ITS_SAD_XX__AUDIO_1028_ITS_ANG_XX_wav2lip.pt,data\preprocessed\features\z_v\FAKE_T2_1028_ITS_SAD_XX__AUDIO_1028_ITS_ANG_XX_wav2lip.pt
FAKE_T2_1028_IWL_FEA_XX__AUDIO_1028_IWL_HAP_XX_wav2lip,track2,1,crema_1028,HAP,FEA,-1,1,1,1,,data\preprocessed\features\z_at\FAKE_T2_1028_IWL_FEA_XX__AUDIO_1028_IWL_HAP_XX_wav2lip.pt,data\preprocessed\features\z_v\FAKE_T2_1028_IWL_FEA_XX__AUDIO_1028_IWL_HAP_XX_wav2lip.pt
FAKE_T2_1028_IWL_SAD_XX__AUDIO_1028_IWL_ANG_XX_wav2lip,track2,1,crema_1028,ANG,SAD,-1,1,1,1,,data\preprocessed\features\z_at\FAKE_T2_1028_IWL_SAD_XX__AUDIO_1028_IWL_ANG_XX_wav2lip.pt,data\preprocessed\features\z_v\FAKE_T2_1028_IWL_SAD_XX__AUDIO_1028_IWL_ANG_XX_wav2lip.pt
FAKE_T2_1028_IWW_ANG_XX__AUDIO_1028_IWW_DIS_XX_wav2lip,track2,1,crema_1028,DIS,ANG,-1,1,1,1,,data\preprocessed\features\z_at\FAKE_T2_1028_IWW_ANG_XX__AUDIO_1028_IWW_DIS_XX_wav2lip.pt,data\preprocessed\features\z_v\FAKE_T2_1028_IWW_ANG_XX__AUDIO_1028_IWW_DIS_XX_wav2lip.pt
FAKE_T2_1028_IWW_DIS_XX__AUDIO_1028_IWW_FEA_XX_wav2lip,track2,1,crema_1028,FEA,DIS,-1,1,1,1,,data\preprocessed\features\z_at\FAKE_T2_1028_IWW_DIS_XX__AUDIO_1028_IWW_FEA_XX_wav2lip.pt,data\preprocessed\features\z_v\FAKE_T2_1028_IWW_DIS_XX__AUDIO_1028_IWW_FEA_XX_wav2lip.pt
FAKE_T2_1028_MTI_NEU_XX__AUDIO_1028_MTI_SAD_XX_wav2lip,track2,1,crema_1028,SAD,NEU,-1,1,1,1,,data\preprocessed\features\z_at\FAKE_T2_1028_MTI_NEU_XX__AUDIO_1028_MTI_SAD_XX_wav2lip.pt,data\preprocessed\features\z_v\FAKE_T2_1028_MTI_NEU_XX__AUDIO_1028_MTI_SAD_XX_wav2lip.pt
FAKE_T2_1028_TAI_FEA_XX__AUDIO_1028_TAI_HAP_XX_wav2lip,track2,1,crema_1028,HAP,FEA,-1,1,1,1,,data\preprocessed\features\z_at\FAKE_T2_1028_TAI_FEA_XX__AUDIO_1028_TAI_HAP_XX_wav2lip.pt,data\preprocessed\features\z_v\FAKE_T2_1028_TAI_FEA_XX__AUDIO_1028_TAI_HAP_XX_wav2lip.pt
FAKE_T2_1028_TAI_NEU_XX__AUDIO_1028_TAI_SAD_XX_wav2lip,track2,1,crema_1028,SAD,NEU,-1,1,1,1,,data\preprocessed\features\z_at\FAKE_T2_1028_TAI_NEU_XX__AUDIO_1028_TAI_SAD_XX_wav2lip.pt,data\preprocessed\features\z_v\FAKE_T2_1028_TAI_NEU_XX__AUDIO_1028_TAI_SAD_XX_wav2lip.pt
FAKE_T2_1028_TSI_DIS_XX__AUDIO_1028_TSI_FEA_XX_wav2lip,track2,1,crema_1028,FEA,DIS,-1,1,1,1,,data\preprocessed\features\z_at\FAKE_T2_1028_TSI_DIS_XX__AUDIO_1028_TSI_FEA_XX_wav2lip.pt,data\preprocessed\features\z_v\FAKE_T2_1028_TSI_DIS_XX__AUDIO_1028_TSI_FEA_XX_wav2lip.pt
FAKE_T2_1028_TSI_HAP_XX__AUDIO_1028_TSI_NEU_XX_wav2lip,track2,1,crema_1028,NEU,HAP,-1,1,1,1,,data\preprocessed\features\z_at\FAKE_T2_1028_TSI_HAP_XX__AUDIO_1028_TSI_NEU_XX_wav2lip.pt,data\preprocessed\features\z_v\FAKE_T2_1028_TSI_HAP_XX__AUDIO_1028_TSI_NEU_XX_wav2lip.pt
FAKE_T2_1028_TSI_SAD_XX__AUDIO_1028_TSI_ANG_XX_wav2lip,track2,1,crema_1028,ANG,SAD,-1,1,1,1,,data\preprocessed\features\z_at\FAKE_T2_1028_TSI_SAD_XX__AUDIO_1028_TSI_ANG_XX_wav2lip.pt,data\preprocessed\features\z_v\FAKE_T2_1028_TSI_SAD_XX__AUDIO_1028_TSI_ANG_XX_wav2lip.pt
FAKE_T2_1028_WSI_ANG_XX__AUDIO_1028_WSI_DIS_XX_wav2lip,track2,1,crema_1028,DIS,ANG,-1,1,1,1,,data\preprocessed\features\z_at\FAKE_T2_1028_WSI_ANG_XX__AUDIO_1028_WSI_DIS_XX_wav2lip.pt,data\preprocessed\features\z_v\FAKE_T2_1028_WSI_ANG_XX__AUDIO_1028_WSI_DIS_XX_wav2lip.pt
FAKE_T2_1028_WSI_DIS_XX__AUDIO_1028_WSI_FEA_XX_wav2lip,track2,1,crema_1028,FEA,DIS,-1,1,1,1,,data\preprocessed\features\z_at\FAKE_T2_1028_WSI_DIS_XX__AUDIO_1028_WSI_FEA_XX_wav2lip.pt,data\preprocessed\features\z_v\FAKE_T2_1028_WSI_DIS_XX__AUDIO_1028_WSI_FEA_XX_wav2lip.pt
FAKE_T2_1028_WSI_FEA_XX__AUDIO_1028_WSI_HAP_XX_wav2lip,track2,1,crema_1028,HAP,FEA,-1,1,1,1,,data\preprocessed\features\z_at\FAKE_T2_1028_WSI_FEA_XX__AUDIO_1028_WSI_HAP_XX_wav2lip.pt,data\preprocessed\features\z_v\FAKE_T2_1028_WSI_FEA_XX__AUDIO_1028_WSI_HAP_XX_wav2lip.pt
FAKE_T2_1029_DFA_NEU_XX__AUDIO_1029_DFA_SAD_XX_wav2lip,track2,1,crema_1029,SAD,NEU,-1,1,1,1,,data\preprocessed\features\z_at\FAKE_T2_1029_DFA_NEU_XX__AUDIO_1029_DFA_SAD_XX_wav2lip.pt,data\preprocessed\features\z_v\FAKE_T2_1029_DFA_NEU_XX__AUDIO_1029_DFA_SAD_XX_wav2lip.pt
FAKE_T2_1029_IEO_DIS_HI__AUDIO_1029_IEO_FEA_HI_wav2lip,track2,1,crema_1029,FEA,DIS,-1,1,1,1,,data\preprocessed\features\z_at\FAKE_T2_1029_IEO_DIS_HI__AUDIO_1029_IEO_FEA_HI_wav2lip.pt,data\preprocessed\features\z_v\FAKE_T2_1029_IEO_DIS_HI__AUDIO_1029_IEO_FEA_HI_wav2lip.pt
FAKE_T2_1029_IEO_DIS_MD__AUDIO_1029_IEO_FEA_MD_wav2lip,track2,1,crema_1029,FEA,DIS,-1,1,1,1,,data\preprocessed\features\z_at\FAKE_T2_1029_IEO_DIS_MD__AUDIO_1029_IEO_FEA_MD_wav2lip.pt,data\preprocessed\features\z_v\FAKE_T2_1029_IEO_DIS_MD__AUDIO_1029_IEO_FEA_MD_wav2lip.pt
FAKE_T2_1029_IEO_FEA_HI__AUDIO_1029_IEO_HAP_HI_wav2lip,track2,1,crema_1029,HAP,FEA,-1,1,1,1,,data\preprocessed\features\z_at\FAKE_T2_1029_IEO_FEA_HI__AUDIO_1029_IEO_HAP_HI_wav2lip.pt,data\preprocessed\features\z_v\FAKE_T2_1029_IEO_FEA_HI__AUDIO_1029_IEO_HAP_HI_wav2lip.pt
FAKE_T2_1029_IEO_HAP_LO__AUDIO_1029_IEO_NEU_XX_wav2lip,track2,1,crema_1029,NEU,HAP,-1,1,1,1,,data\preprocessed\features\z_at\FAKE_T2_1029_IEO_HAP_LO__AUDIO_1029_IEO_NEU_XX_wav2lip.pt,data\preprocessed\features\z_v\FAKE_T2_1029_IEO_HAP_LO__AUDIO_1029_IEO_NEU_XX_wav2lip.pt
FAKE_T2_1029_IEO_SAD_LO__AUDIO_1029_IEO_ANG_LO_wav2lip,track2,1,crema_1029,ANG,SAD,-1,1,1,1,,data\preprocessed\features\z_at\FAKE_T2_1029_IEO_SAD_LO__AUDIO_1029_IEO_ANG_LO_wav2lip.pt,data\preprocessed\features\z_v\FAKE_T2_1029_IEO_SAD_LO__AUDIO_1029_IEO_ANG_LO_wav2lip.pt
FAKE_T2_1029_ITH_NEU_XX__AUDIO_1029_ITH_SAD_XX_wav2lip,track2,1,crema_1029,SAD,NEU,-1,1,1,1,,data\preprocessed\features\z_at\FAKE_T2_1029_ITH_NEU_XX__AUDIO_1029_ITH_SAD_XX_wav2lip.pt,data\preprocessed\features\z_v\FAKE_T2_1029_ITH_NEU_XX__AUDIO_1029_ITH_SAD_XX_wav2lip.pt
FAKE_T2_1029_ITH_SAD_XX__AUDIO_1029_ITH_ANG_XX_wav2lip,track2,1,crema_1029,ANG,SAD,-1,1,1,1,,data\preprocessed\features\z_at\FAKE_T2_1029_ITH_SAD_XX__AUDIO_1029_ITH_ANG_XX_wav2lip.pt,data\preprocessed\features\z_v\FAKE_T2_1029_ITH_SAD_XX__AUDIO_1029_ITH_ANG_XX_wav2lip.pt
FAKE_T2_1029_ITS_ANG_XX__AUDIO_1029_ITS_DIS_XX_wav2lip,track2,1,crema_1029,DIS,ANG,-1,1,1,1,,data\preprocessed\features\z_at\FAKE_T2_1029_ITS_ANG_XX__AUDIO_1029_ITS_DIS_XX_wav2lip.pt,data\preprocessed\features\z_v\FAKE_T2_1029_ITS_ANG_XX__AUDIO_1029_ITS_DIS_XX_wav2lip.pt
FAKE_T2_1029_ITS_FEA_XX__AUDIO_1029_ITS_HAP_XX_wav2lip,track2,1,crema_1029,HAP,FEA,-1,1,1,1,,data\preprocessed\features\z_at\FAKE_T2_1029_ITS_FEA_XX__AUDIO_1029_ITS_HAP_XX_wav2lip.pt,data\preprocessed\features\z_v\FAKE_T2_1029_ITS_FEA_XX__AUDIO_1029_ITS_HAP_XX_wav2lip.pt
FAKE_T2_1029_ITS_HAP_XX__AUDIO_1029_ITS_NEU_XX_wav2lip,track2,1,crema_1029,NEU,HAP,-1,1,1,1,,data\preprocessed\features\z_at\FAKE_T2_1029_ITS_HAP_XX__AUDIO_1029_ITS_NEU_XX_wav2lip.pt,data\preprocessed\features\z_v\FAKE_T2_1029_ITS_HAP_XX__AUDIO_1029_ITS_NEU_XX_wav2lip.pt
FAKE_T2_1029_IWL_SAD_XX__AUDIO_1029_IWL_ANG_XX_wav2lip,track2,1,crema_1029,ANG,SAD,-1,1,1,1,,data\preprocessed\features\z_at\FAKE_T2_1029_IWL_SAD_XX__AUDIO_1029_IWL_ANG_XX_wav2lip.pt,data\preprocessed\features\z_v\FAKE_T2_1029_IWL_SAD_XX__AUDIO_1029_IWL_ANG_XX_wav2lip.pt
FAKE_T2_1029_IWW_HAP_XX__AUDIO_1029_IWW_NEU_XX_wav2lip,track2,1,crema_1029,NEU,HAP,-1,1,1,1,,data\preprocessed\features\z_at\FAKE_T2_1029_IWW_HAP_XX__AUDIO_1029_IWW_NEU_XX_wav2lip.pt,data\preprocessed\features\z_v\FAKE_T2_1029_IWW_HAP_XX__AUDIO_1029_IWW_NEU_XX_wav2lip.pt
FAKE_T2_1029_IWW_SAD_XX__AUDIO_1029_IWW_ANG_XX_wav2lip,track2,1,crema_1029,ANG,SAD,-1,1,1,1,,data\preprocessed\features\z_at\FAKE_T2_1029_IWW_SAD_XX__AUDIO_1029_IWW_ANG_XX_wav2lip.pt,data\preprocessed\features\z_v\FAKE_T2_1029_IWW_SAD_XX__AUDIO_1029_IWW_ANG_XX_wav2lip.pt
FAKE_T2_1029_MTI_NEU_XX__AUDIO_1029_MTI_SAD_XX_wav2lip,track2,1,crema_1029,SAD,NEU,-1,1,1,1,,data\preprocessed\features\z_at\FAKE_T2_1029_MTI_NEU_XX__AUDIO_1029_MTI_SAD_XX_wav2lip.pt,data\preprocessed\features\z_v\FAKE_T2_1029_MTI_NEU_XX__AUDIO_1029_MTI_SAD_XX_wav2lip.pt
FAKE_T2_1029_TAI_HAP_XX__AUDIO_1029_TAI_NEU_XX_wav2lip,track2,1,crema_1029,NEU,HAP,-1,1,1,1,,data\preprocessed\features\z_at\FAKE_T2_1029_TAI_HAP_XX__AUDIO_1029_TAI_NEU_XX_wav2lip.pt,data\preprocessed\features\z_v\FAKE_T2_1029_TAI_HAP_XX__AUDIO_1029_TAI_NEU_XX_wav2lip.pt
FAKE_T2_1029_TAI_SAD_XX__AUDIO_1029_TAI_ANG_XX_wav2lip,track2,1,crema_1029,ANG,SAD,-1,1,1,1,,data\preprocessed\features\z_at\FAKE_T2_1029_TAI_SAD_XX__AUDIO_1029_TAI_ANG_XX_wav2lip.pt,data\preprocessed\features\z_v\FAKE_T2_1029_TAI_SAD_XX__AUDIO_1029_TAI_ANG_XX_wav2lip.pt
FAKE_T2_1029_TIE_SAD_XX__AUDIO_1029_TIE_ANG_XX_wav2lip,track2,1,crema_1029,ANG,SAD,-1,1,1,1,,data\preprocessed\features\z_at\FAKE_T2_1029_TIE_SAD_XX__AUDIO_1029_TIE_ANG_XX_wav2lip.pt,data\preprocessed\features\z_v\FAKE_T2_1029_TIE_SAD_XX__AUDIO_1029_TIE_ANG_XX_wav2lip.pt
FAKE_T2_1029_TSI_FEA_XX__AUDIO_1029_TSI_HAP_XX_wav2lip,track2,1,crema_1029,HAP,FEA,-1,1,1,1,,data\preprocessed\features\z_at\FAKE_T2_1029_TSI_FEA_XX__AUDIO_1029_TSI_HAP_XX_wav2lip.pt,data\preprocessed\features\z_v\FAKE_T2_1029_TSI_FEA_XX__AUDIO_1029_TSI_HAP_XX_wav2lip.pt
FAKE_T2_1029_TSI_NEU_XX__AUDIO_1029_TSI_SAD_XX_wav2lip,track2,1,crema_1029,SAD,NEU,-1,1,1,1,,data\preprocessed\features\z_at\FAKE_T2_1029_TSI_NEU_XX__AUDIO_1029_TSI_SAD_XX_wav2lip.pt,data\preprocessed\features\z_v\FAKE_T2_1029_TSI_NEU_XX__AUDIO_1029_TSI_SAD_XX_wav2lip.pt
FAKE_T2_1029_TSI_SAD_XX__AUDIO_1029_TSI_ANG_XX_wav2lip,track2,1,crema_1029,ANG,SAD,-1,1,1,1,,data\preprocessed\features\z_at\FAKE_T2_1029_TSI_SAD_XX__AUDIO_1029_TSI_ANG_XX_wav2lip.pt,data\preprocessed\features\z_v\FAKE_T2_1029_TSI_SAD_XX__AUDIO_1029_TSI_ANG_XX_wav2lip.pt
FAKE_T2_1029_WSI_FEA_XX__AUDIO_1029_WSI_HAP_XX_wav2lip,track2,1,crema_1029,HAP,FEA,-1,1,1,1,,data\preprocessed\features\z_at\FAKE_T2_1029_WSI_FEA_XX__AUDIO_1029_WSI_HAP_XX_wav2lip.pt,data\preprocessed\features\z_v\FAKE_T2_1029_WSI_FEA_XX__AUDIO_1029_WSI_HAP_XX_wav2lip.pt
FAKE_T2_1029_WSI_HAP_XX__AUDIO_1029_WSI_NEU_XX_wav2lip,track2,1,crema_1029,NEU,HAP,-1,1,1,1,,data\preprocessed\features\z_at\FAKE_T2_1029_WSI_HAP_XX__AUDIO_1029_WSI_NEU_XX_wav2lip.pt,data\preprocessed\features\z_v\FAKE_T2_1029_WSI_HAP_XX__AUDIO_1029_WSI_NEU_XX_wav2lip.pt
FAKE_T2_1029_WSI_NEU_XX__AUDIO_1029_WSI_SAD_XX_wav2lip,track2,1,crema_1029,SAD,NEU,-1,1,1,1,,data\preprocessed\features\z_at\FAKE_T2_1029_WSI_NEU_XX__AUDIO_1029_WSI_SAD_XX_wav2lip.pt,data\preprocessed\features\z_v\FAKE_T2_1029_WSI_NEU_XX__AUDIO_1029_WSI_SAD_XX_wav2lip.pt
FAKE_T2_1029_WSI_SAD_XX__AUDIO_1029_WSI_ANG_XX_wav2lip,track2,1,crema_1029,ANG,SAD,-1,1,1,1,,data\preprocessed\features\z_at\FAKE_T2_1029_WSI_SAD_XX__AUDIO_1029_WSI_ANG_XX_wav2lip.pt,data\preprocessed\features\z_v\FAKE_T2_1029_WSI_SAD_XX__AUDIO_1029_WSI_ANG_XX_wav2lip.pt
FAKE_T2_1030_DFA_DIS_XX__AUDIO_1030_DFA_FEA_XX_wav2lip,track2,1,crema_1030,FEA,DIS,-1,1,1,1,,data\preprocessed\features\z_at\FAKE_T2_1030_DFA_DIS_XX__AUDIO_1030_DFA_FEA_XX_wav2lip.pt,data\preprocessed\features\z_v\FAKE_T2_1030_DFA_DIS_XX__AUDIO_1030_DFA_FEA_XX_wav2lip.pt
FAKE_T2_1030_IEO_ANG_LO__AUDIO_1030_IEO_DIS_LO_wav2lip,track2,1,crema_1030,DIS,ANG,-1,1,1,1,,data\preprocessed\features\z_at\FAKE_T2_1030_IEO_ANG_LO__AUDIO_1030_IEO_DIS_LO_wav2lip.pt,data\preprocessed\features\z_v\FAKE_T2_1030_IEO_ANG_LO__AUDIO_1030_IEO_DIS_LO_wav2lip.pt
FAKE_T2_1030_IEO_ANG_MD__AUDIO_1030_IEO_DIS_MD_wav2lip,track2,1,crema_1030,DIS,ANG,-1,1,1,1,,data\preprocessed\features\z_at\FAKE_T2_1030_IEO_ANG_MD__AUDIO_1030_IEO_DIS_MD_wav2lip.pt,data\preprocessed\features\z_v\FAKE_T2_1030_IEO_ANG_MD__AUDIO_1030_IEO_DIS_MD_wav2lip.pt
FAKE_T2_1030_IEO_DIS_HI__AUDIO_1030_IEO_FEA_HI_wav2lip,track2,1,crema_1030,FEA,DIS,-1,1,1,1,,data\preprocessed\features\z_at\FAKE_T2_1030_IEO_DIS_HI__AUDIO_1030_IEO_FEA_HI_wav2lip.pt,data\preprocessed\features\z_v\FAKE_T2_1030_IEO_DIS_HI__AUDIO_1030_IEO_FEA_HI_wav2lip.pt
FAKE_T2_1030_IEO_FEA_LO__AUDIO_1030_IEO_HAP_LO_wav2lip,track2,1,crema_1030,HAP,FEA,-1,1,1,1,,data\preprocessed\features\z_at\FAKE_T2_1030_IEO_FEA_LO__AUDIO_1030_IEO_HAP_LO_wav2lip.pt,data\preprocessed\features\z_v\FAKE_T2_1030_IEO_FEA_LO__AUDIO_1030_IEO_HAP_LO_wav2lip.pt
FAKE_T2_1030_IEO_HAP_MD__AUDIO_1030_IEO_NEU_XX_wav2lip,track2,1,crema_1030,NEU,HAP,-1,1,1,1,,data\preprocessed\features\z_at\FAKE_T2_1030_IEO_HAP_MD__AUDIO_1030_IEO_NEU_XX_wav2lip.pt,data\preprocessed\features\z_v\FAKE_T2_1030_IEO_HAP_MD__AUDIO_1030_IEO_NEU_XX_wav2lip.pt
FAKE_T2_1030_IEO_SAD_MD__AUDIO_1030_IEO_ANG_MD_wav2lip,track2,1,crema_1030,ANG,SAD,-1,1,1,1,,data\preprocessed\features\z_at\FAKE_T2_1030_IEO_SAD_MD__AUDIO_1030_IEO_ANG_MD_wav2lip.pt,data\preprocessed\features\z_v\FAKE_T2_1030_IEO_SAD_MD__AUDIO_1030_IEO_ANG_MD_wav2lip.pt
FAKE_T2_1030_IOM_ANG_XX__AUDIO_1030_IOM_DIS_XX_wav2lip,track2,1,crema_1030,DIS,ANG,-1,1,1,1,,data\preprocessed\features\z_at\FAKE_T2_1030_IOM_ANG_XX__AUDIO_1030_IOM_DIS_XX_wav2lip.pt,data\preprocessed\features\z_v\FAKE_T2_1030_IOM_ANG_XX__AUDIO_1030_IOM_DIS_XX_wav2lip.pt
FAKE_T2_1030_IOM_FEA_XX__AUDIO_1030_IOM_HAP_XX_wav2lip,track2,1,crema_1030,HAP,FEA,-1,1,1,1,,data\preprocessed\features\z_at\FAKE_T2_1030_IOM_FEA_XX__AUDIO_1030_IOM_HAP_XX_wav2lip.pt,data\preprocessed\features\z_v\FAKE_T2_1030_IOM_FEA_XX__AUDIO_1030_IOM_HAP_XX_wav2lip.pt
FAKE_T2_1030_IOM_SAD_XX__AUDIO_1030_IOM_ANG_XX_wav2lip,track2,1,crema_1030,ANG,SAD,-1,1,1,1,,data\preprocessed\features\z_at\FAKE_T2_1030_IOM_SAD_XX__AUDIO_1030_IOM_ANG_XX_wav2lip.pt,data\preprocessed\features\z_v\FAKE_T2_1030_IOM_SAD_XX__AUDIO_1030_IOM_ANG_XX_wav2lip.pt
FAKE_T2_1030_ITH_NEU_XX__AUDIO_1030_ITH_SAD_XX_wav2lip,track2,1,crema_1030,SAD,NEU,-1,1,1,1,,data\preprocessed\features\z_at\FAKE_T2_1030_ITH_NEU_XX__AUDIO_1030_ITH_SAD_XX_wav2lip.pt,data\preprocessed\features\z_v\FAKE_T2_1030_ITH_NEU_XX__AUDIO_1030_ITH_SAD_XX_wav2lip.pt
FAKE_T2_1030_ITS_ANG_XX__AUDIO_1030_ITS_DIS_XX_wav2lip,track2,1,crema_1030,DIS,ANG,-1,1,1,1,,data\preprocessed\features\z_at\FAKE_T2_1030_ITS_ANG_XX__AUDIO_1030_ITS_DIS_XX_wav2lip.pt,data\preprocessed\features\z_v\FAKE_T2_1030_ITS_ANG_XX__AUDIO_1030_ITS_DIS_XX_wav2lip.pt
FAKE_T2_1030_ITS_HAP_XX__AUDIO_1030_ITS_NEU_XX_wav2lip,track2,1,crema_1030,NEU,HAP,-1,1,1,1,,data\preprocessed\features\z_at\FAKE_T2_1030_ITS_HAP_XX__AUDIO_1030_ITS_NEU_XX_wav2lip.pt,data\preprocessed\features\z_v\FAKE_T2_1030_ITS_HAP_XX__AUDIO_1030_ITS_NEU_XX_wav2lip.pt
FAKE_T2_1030_ITS_NEU_XX__AUDIO_1030_ITS_SAD_XX_wav2lip,track2,1,crema_1030,SAD,NEU,-1,1,1,1,,data\preprocessed\features\z_at\FAKE_T2_1030_ITS_NEU_XX__AUDIO_1030_ITS_SAD_XX_wav2lip.pt,data\preprocessed\features\z_v\FAKE_T2_1030_ITS_NEU_XX__AUDIO_1030_ITS_SAD_XX_wav2lip.pt
FAKE_T2_1030_IWL_ANG_XX__AUDIO_1030_IWL_DIS_XX_wav2lip,track2,1,crema_1030,DIS,ANG,-1,1,1,1,,data\preprocessed\features\z_at\FAKE_T2_1030_IWL_ANG_XX__AUDIO_1030_IWL_DIS_XX_wav2lip.pt,data\preprocessed\features\z_v\FAKE_T2_1030_IWL_ANG_XX__AUDIO_1030_IWL_DIS_XX_wav2lip.pt
FAKE_T2_1030_IWW_NEU_XX__AUDIO_1030_IWW_SAD_XX_wav2lip,track2,1,crema_1030,SAD,NEU,-1,1,1,1,,data\preprocessed\features\z_at\FAKE_T2_1030_IWW_NEU_XX__AUDIO_1030_IWW_SAD_XX_wav2lip.pt,data\preprocessed\features\z_v\FAKE_T2_1030_IWW_NEU_XX__AUDIO_1030_IWW_SAD_XX_wav2lip.pt
FAKE_T2_1030_MTI_ANG_XX__AUDIO_1030_MTI_DIS_XX_wav2lip,track2,1,crema_1030,DIS,ANG,-1,1,1,1,,data\preprocessed\features\z_at\FAKE_T2_1030_MTI_ANG_XX__AUDIO_1030_MTI_DIS_XX_wav2lip.pt,data\preprocessed\features\z_v\FAKE_T2_1030_MTI_ANG_XX__AUDIO_1030_MTI_DIS_XX_wav2lip.pt
FAKE_T2_1030_MTI_NEU_XX__AUDIO_1030_MTI_SAD_XX_wav2lip,track2,1,crema_1030,SAD,NEU,-1,1,1,1,,data\preprocessed\features\z_at\FAKE_T2_1030_MTI_NEU_XX__AUDIO_1030_MTI_SAD_XX_wav2lip.pt,data\preprocessed\features\z_v\FAKE_T2_1030_MTI_NEU_XX__AUDIO_1030_MTI_SAD_XX_wav2lip.pt
FAKE_T2_1030_TAI_ANG_XX__AUDIO_1030_TAI_DIS_XX_wav2lip,track2,1,crema_1030,DIS,ANG,-1,1,1,1,,data\preprocessed\features\z_at\FAKE_T2_1030_TAI_ANG_XX__AUDIO_1030_TAI_DIS_XX_wav2lip.pt,data\preprocessed\features\z_v\FAKE_T2_1030_TAI_ANG_XX__AUDIO_1030_TAI_DIS_XX_wav2lip.pt
FAKE_T2_1030_TAI_DIS_XX__AUDIO_1030_TAI_FEA_XX_wav2lip,track2,1,crema_1030,FEA,DIS,-1,1,1,1,,data\preprocessed\features\z_at\FAKE_T2_1030_TAI_DIS_XX__AUDIO_1030_TAI_FEA_XX_wav2lip.pt,data\preprocessed\features\z_v\FAKE_T2_1030_TAI_DIS_XX__AUDIO_1030_TAI_FEA_XX_wav2lip.pt
FAKE_T2_1030_TAI_SAD_XX__AUDIO_1030_TAI_ANG_XX_wav2lip,track2,1,crema_1030,ANG,SAD,-1,1,1,1,,data\preprocessed\features\z_at\FAKE_T2_1030_TAI_SAD_XX__AUDIO_1030_TAI_ANG_XX_wav2lip.pt,data\preprocessed\features\z_v\FAKE_T2_1030_TAI_SAD_XX__AUDIO_1030_TAI_ANG_XX_wav2lip.pt
FAKE_T2_1030_TIE_ANG_XX__AUDIO_1030_TIE_DIS_XX_wav2lip,track2,1,crema_1030,DIS,ANG,-1,1,1,1,,data\preprocessed\features\z_at\FAKE_T2_1030_TIE_ANG_XX__AUDIO_1030_TIE_DIS_XX_wav2lip.pt,data\preprocessed\features\z_v\FAKE_T2_1030_TIE_ANG_XX__AUDIO_1030_TIE_DIS_XX_wav2lip.pt
FAKE_T2_1030_TSI_FEA_XX__AUDIO_1030_TSI_HAP_XX_wav2lip,track2,1,crema_1030,HAP,FEA,-1,1,1,1,,data\preprocessed\features\z_at\FAKE_T2_1030_TSI_FEA_XX__AUDIO_1030_TSI_HAP_XX_wav2lip.pt,data\preprocessed\features\z_v\FAKE_T2_1030_TSI_FEA_XX__AUDIO_1030_TSI_HAP_XX_wav2lip.pt
FAKE_T2_1030_WSI_NEU_XX__AUDIO_1030_WSI_SAD_XX_wav2lip,track2,1,crema_1030,SAD,NEU,-1,1,1,1,,data\preprocessed\features\z_at\FAKE_T2_1030_WSI_NEU_XX__AUDIO_1030_WSI_SAD_XX_wav2lip.pt,data\preprocessed\features\z_v\FAKE_T2_1030_WSI_NEU_XX__AUDIO_1030_WSI_SAD_XX_wav2lip.pt
FAKE_T2_1030_WSI_SAD_XX__AUDIO_1030_WSI_ANG_XX_wav2lip,track2,1,crema_1030,ANG,SAD,-1,1,1,1,,data\preprocessed\features\z_at\FAKE_T2_1030_WSI_SAD_XX__AUDIO_1030_WSI_ANG_XX_wav2lip.pt,data\preprocessed\features\z_v\FAKE_T2_1030_WSI_SAD_XX__AUDIO_1030_WSI_ANG_XX_wav2lip.pt
FAKE_T2_1031_DFA_ANG_XX__AUDIO_1031_DFA_DIS_XX_wav2lip,track2,1,crema_1031,DIS,ANG,-1,1,1,1,,data\preprocessed\features\z_at\FAKE_T2_1031_DFA_ANG_XX__AUDIO_1031_DFA_DIS_XX_wav2lip.pt,data\preprocessed\features\z_v\FAKE_T2_1031_DFA_ANG_XX__AUDIO_1031_DFA_DIS_XX_wav2lip.pt
FAKE_T2_1031_DFA_DIS_XX__AUDIO_1031_DFA_FEA_XX_wav2lip,track2,1,crema_1031,FEA,DIS,-1,1,1,1,,data\preprocessed\features\z_at\FAKE_T2_1031_DFA_DIS_XX__AUDIO_1031_DFA_FEA_XX_wav2lip.pt,data\preprocessed\features\z_v\FAKE_T2_1031_DFA_DIS_XX__AUDIO_1031_DFA_FEA_XX_wav2lip.pt
FAKE_T2_1031_IEO_DIS_HI__AUDIO_1031_IEO_FEA_HI_wav2lip,track2,1,crema_1031,FEA,DIS,-1,1,1,1,,data\preprocessed\features\z_at\FAKE_T2_1031_IEO_DIS_HI__AUDIO_1031_IEO_FEA_HI_wav2lip.pt,data\preprocessed\features\z_v\FAKE_T2_1031_IEO_DIS_HI__AUDIO_1031_IEO_FEA_HI_wav2lip.pt
FAKE_T2_1031_IEO_FEA_LO__AUDIO_1031_IEO_HAP_LO_wav2lip,track2,1,crema_1031,HAP,FEA,-1,1,1,1,,data\preprocessed\features\z_at\FAKE_T2_1031_IEO_FEA_LO__AUDIO_1031_IEO_HAP_LO_wav2lip.pt,data\preprocessed\features\z_v\FAKE_T2_1031_IEO_FEA_LO__AUDIO_1031_IEO_HAP_LO_wav2lip.pt
FAKE_T2_1031_IEO_NEU_XX__AUDIO_1031_IEO_SAD_HI_wav2lip,track2,1,crema_1031,SAD,NEU,-1,1,1,1,,data\preprocessed\features\z_at\FAKE_T2_1031_IEO_NEU_XX__AUDIO_1031_IEO_SAD_HI_wav2lip.pt,data\preprocessed\features\z_v\FAKE_T2_1031_IEO_NEU_XX__AUDIO_1031_IEO_SAD_HI_wav2lip.pt
FAKE_T2_1031_ITH_ANG_XX__AUDIO_1031_ITH_DIS_XX_wav2lip,track2,1,crema_1031,DIS,ANG,-1,1,1,1,,data\preprocessed\features\z_at\FAKE_T2_1031_ITH_ANG_XX__AUDIO_1031_ITH_DIS_XX_wav2lip.pt,data\preprocessed\features\z_v\FAKE_T2_1031_ITH_ANG_XX__AUDIO_1031_ITH_DIS_XX_wav2lip.pt
FAKE_T2_1031_ITH_HAP_XX__AUDIO_1031_ITH_NEU_XX_wav2lip,track2,1,crema_1031,NEU,HAP,-1,1,1,1,,data\preprocessed\features\z_at\FAKE_T2_1031_ITH_HAP_XX__AUDIO_1031_ITH_NEU_XX_wav2lip.pt,data\preprocessed\features\z_v\FAKE_T2_1031_ITH_HAP_XX__AUDIO_1031_ITH_NEU_XX_wav2lip.pt
FAKE_T2_1031_ITS_DIS_XX__AUDIO_1031_ITS_FEA_XX_wav2lip,track2,1,crema_1031,FEA,DIS,-1,1,1,1,,data\preprocessed\features\z_at\FAKE_T2_1031_ITS_DIS_XX__AUDIO_1031_ITS_FEA_XX_wav2lip.pt,data\preprocessed\features\z_v\FAKE_T2_1031_ITS_DIS_XX__AUDIO_1031_ITS_FEA_XX_wav2lip.pt
FAKE_T2_1031_ITS_FEA_XX__AUDIO_1031_ITS_HAP_XX_wav2lip,track2,1,crema_1031,HAP,FEA,-1,1,1,1,,data\preprocessed\features\z_at\FAKE_T2_1031_ITS_FEA_XX__AUDIO_1031_ITS_HAP_XX_wav2lip.pt,data\preprocessed\features\z_v\FAKE_T2_1031_ITS_FEA_XX__AUDIO_1031_ITS_HAP_XX_wav2lip.pt
FAKE_T2_1031_ITS_SAD_XX__AUDIO_1031_ITS_ANG_XX_wav2lip,track2,1,crema_1031,ANG,SAD,-1,1,1,1,,data\preprocessed\features\z_at\FAKE_T2_1031_ITS_SAD_XX__AUDIO_1031_ITS_ANG_XX_wav2lip.pt,data\preprocessed\features\z_v\FAKE_T2_1031_ITS_SAD_XX__AUDIO_1031_ITS_ANG_XX_wav2lip.pt
FAKE_T2_1031_IWL_DIS_XX__AUDIO_1031_IWL_FEA_XX_wav2lip,track2,1,crema_1031,FEA,DIS,-1,1,1,1,,data\preprocessed\features\z_at\FAKE_T2_1031_IWL_DIS_XX__AUDIO_1031_IWL_FEA_XX_wav2lip.pt,data\preprocessed\features\z_v\FAKE_T2_1031_IWL_DIS_XX__AUDIO_1031_IWL_FEA_XX_wav2lip.pt
FAKE_T2_1031_IWL_SAD_XX__AUDIO_1031_IWL_ANG_XX_wav2lip,track2,1,crema_1031,ANG,SAD,-1,1,1,1,,data\preprocessed\features\z_at\FAKE_T2_1031_IWL_SAD_XX__AUDIO_1031_IWL_ANG_XX_wav2lip.pt,data\preprocessed\features\z_v\FAKE_T2_1031_IWL_SAD_XX__AUDIO_1031_IWL_ANG_XX_wav2lip.pt
FAKE_T2_1031_IWW_ANG_XX__AUDIO_1031_IWW_DIS_XX_wav2lip,track2,1,crema_1031,DIS,ANG,-1,1,1,1,,data\preprocessed\features\z_at\FAKE_T2_1031_IWW_ANG_XX__AUDIO_1031_IWW_DIS_XX_wav2lip.pt,data\preprocessed\features\z_v\FAKE_T2_1031_IWW_ANG_XX__AUDIO_1031_IWW_DIS_XX_wav2lip.pt
FAKE_T2_1031_IWW_DIS_XX__AUDIO_1031_IWW_FEA_XX_wav2lip,track2,1,crema_1031,FEA,DIS,-1,1,1,1,,data\preprocessed\features\z_at\FAKE_T2_1031_IWW_DIS_XX__AUDIO_1031_IWW_FEA_XX_wav2lip.pt,data\preprocessed\features\z_v\FAKE_T2_1031_IWW_DIS_XX__AUDIO_1031_IWW_FEA_XX_wav2lip.pt
FAKE_T2_1031_IWW_FEA_XX__AUDIO_1031_IWW_HAP_XX_wav2lip,track2,1,crema_1031,HAP,FEA,-1,1,1,1,,data\preprocessed\features\z_at\FAKE_T2_1031_IWW_FEA_XX__AUDIO_1031_IWW_HAP_XX_wav2lip.pt,data\preprocessed\features\z_v\FAKE_T2_1031_IWW_FEA_XX__AUDIO_1031_IWW_HAP_XX_wav2lip.pt
FAKE_T2_1031_IWW_NEU_XX__AUDIO_1031_IWW_SAD_XX_wav2lip,track2,1,crema_1031,SAD,NEU,-1,1,1,1,,data\preprocessed\features\z_at\FAKE_T2_1031_IWW_NEU_XX__AUDIO_1031_IWW_SAD_XX_wav2lip.pt,data\preprocessed\features\z_v\FAKE_T2_1031_IWW_NEU_XX__AUDIO_1031_IWW_SAD_XX_wav2lip.pt
FAKE_T2_1031_MTI_DIS_XX__AUDIO_1031_MTI_FEA_XX_wav2lip,track2,1,crema_1031,FEA,DIS,-1,1,1,1,,data\preprocessed\features\z_at\FAKE_T2_1031_MTI_DIS_XX__AUDIO_1031_MTI_FEA_XX_wav2lip.pt,data\preprocessed\features\z_v\FAKE_T2_1031_MTI_DIS_XX__AUDIO_1031_MTI_FEA_XX_wav2lip.pt
FAKE_T2_1031_MTI_NEU_XX__AUDIO_1031_MTI_SAD_XX_wav2lip,track2,1,crema_1031,SAD,NEU,-1,1,1,1,,data\preprocessed\features\z_at\FAKE_T2_1031_MTI_NEU_XX__AUDIO_1031_MTI_SAD_XX_wav2lip.pt,data\preprocessed\features\z_v\FAKE_T2_1031_MTI_NEU_XX__AUDIO_1031_MTI_SAD_XX_wav2lip.pt
FAKE_T2_1031_MTI_SAD_XX__AUDIO_1031_MTI_ANG_XX_wav2lip,track2,1,crema_1031,ANG,SAD,-1,1,1,1,,data\preprocessed\features\z_at\FAKE_T2_1031_MTI_SAD_XX__AUDIO_1031_MTI_ANG_XX_wav2lip.pt,data\preprocessed\features\z_v\FAKE_T2_1031_MTI_SAD_XX__AUDIO_1031_MTI_ANG_XX_wav2lip.pt
FAKE_T2_1031_TAI_ANG_XX__AUDIO_1031_TAI_DIS_XX_wav2lip,track2,1,crema_1031,DIS,ANG,-1,1,1,1,,data\preprocessed\features\z_at\FAKE_T2_1031_TAI_ANG_XX__AUDIO_1031_TAI_DIS_XX_wav2lip.pt,data\preprocessed\features\z_v\FAKE_T2_1031_TAI_ANG_XX__AUDIO_1031_TAI_DIS_XX_wav2lip.pt
FAKE_T2_1031_TAI_DIS_XX__AUDIO_1031_TAI_FEA_XX_wav2lip,track2,1,crema_1031,FEA,DIS,-1,1,1,1,,data\preprocessed\features\z_at\FAKE_T2_1031_TAI_DIS_XX__AUDIO_1031_TAI_FEA_XX_wav2lip.pt,data\preprocessed\features\z_v\FAKE_T2_1031_TAI_DIS_XX__AUDIO_1031_TAI_FEA_XX_wav2lip.pt
FAKE_T2_1031_TIE_DIS_XX__AUDIO_1031_TIE_FEA_XX_wav2lip,track2,1,crema_1031,FEA,DIS,-1,1,1,1,,data\preprocessed\features\z_at\FAKE_T2_1031_TIE_DIS_XX__AUDIO_1031_TIE_FEA_XX_wav2lip.pt,data\preprocessed\features\z_v\FAKE_T2_1031_TIE_DIS_XX__AUDIO_1031_TIE_FEA_XX_wav2lip.pt
FAKE_T2_1031_TIE_NEU_XX__AUDIO_1031_TIE_SAD_XX_wav2lip,track2,1,crema_1031,SAD,NEU,-1,1,1,1,,data\preprocessed\features\z_at\FAKE_T2_1031_TIE_NEU_XX__AUDIO_1031_TIE_SAD_XX_wav2lip.pt,data\preprocessed\features\z_v\FAKE_T2_1031_TIE_NEU_XX__AUDIO_1031_TIE_SAD_XX_wav2lip.pt
FAKE_T2_1031_TSI_SAD_XX__AUDIO_1031_TSI_ANG_XX_wav2lip,track2,1,crema_1031,ANG,SAD,-1,1,1,1,,data\preprocessed\features\z_at\FAKE_T2_1031_TSI_SAD_XX__AUDIO_1031_TSI_ANG_XX_wav2lip.pt,data\preprocessed\features\z_v\FAKE_T2_1031_TSI_SAD_XX__AUDIO_1031_TSI_ANG_XX_wav2lip.pt
FAKE_T2_1031_WSI_NEU_XX__AUDIO_1031_WSI_SAD_XX_wav2lip,track2,1,crema_1031,SAD,NEU,-1,1,1,1,,data\preprocessed\features\z_at\FAKE_T2_1031_WSI_NEU_XX__AUDIO_1031_WSI_SAD_XX_wav2lip.pt,data\preprocessed\features\z_v\FAKE_T2_1031_WSI_NEU_XX__AUDIO_1031_WSI_SAD_XX_wav2lip.pt
FAKE_T2_1032_DFA_ANG_XX__AUDIO_1032_DFA_DIS_XX_wav2lip,track2,1,crema_1032,DIS,ANG,-1,1,1,1,,data\preprocessed\features\z_at\FAKE_T2_1032_DFA_ANG_XX__AUDIO_1032_DFA_DIS_XX_wav2lip.pt,data\preprocessed\features\z_v\FAKE_T2_1032_DFA_ANG_XX__AUDIO_1032_DFA_DIS_XX_wav2lip.pt
FAKE_T2_1032_DFA_FEA_XX__AUDIO_1032_DFA_HAP_XX_wav2lip,track2,1,crema_1032,HAP,FEA,-1,1,1,1,,data\preprocessed\features\z_at\FAKE_T2_1032_DFA_FEA_XX__AUDIO_1032_DFA_HAP_XX_wav2lip.pt,data\preprocessed\features\z_v\FAKE_T2_1032_DFA_FEA_XX__AUDIO_1032_DFA_HAP_XX_wav2lip.pt
FAKE_T2_1032_DFA_NEU_XX__AUDIO_1032_DFA_SAD_XX_wav2lip,track2,1,crema_1032,SAD,NEU,-1,1,1,1,,data\preprocessed\features\z_at\FAKE_T2_1032_DFA_NEU_XX__AUDIO_1032_DFA_SAD_XX_wav2lip.pt,data\preprocessed\features\z_v\FAKE_T2_1032_DFA_NEU_XX__AUDIO_1032_DFA_SAD_XX_wav2lip.pt
FAKE_T2_1032_DFA_SAD_XX__AUDIO_1032_DFA_ANG_XX_wav2lip,track2,1,crema_1032,ANG,SAD,-1,1,1,1,,data\preprocessed\features\z_at\FAKE_T2_1032_DFA_SAD_XX__AUDIO_1032_DFA_ANG_XX_wav2lip.pt,data\preprocessed\features\z_v\FAKE_T2_1032_DFA_SAD_XX__AUDIO_1032_DFA_ANG_XX_wav2lip.pt
FAKE_T2_1032_IEO_ANG_LO__AUDIO_1032_IEO_DIS_LO_wav2lip,track2,1,crema_1032,DIS,ANG,-1,1,1,1,,data\preprocessed\features\z_at\FAKE_T2_1032_IEO_ANG_LO__AUDIO_1032_IEO_DIS_LO_wav2lip.pt,data\preprocessed\features\z_v\FAKE_T2_1032_IEO_ANG_LO__AUDIO_1032_IEO_DIS_LO_wav2lip.pt
FAKE_T2_1032_IEO_DIS_HI__AUDIO_1032_IEO_FEA_HI_wav2lip,track2,1,crema_1032,FEA,DIS,-1,1,1,1,,data\preprocessed\features\z_at\FAKE_T2_1032_IEO_DIS_HI__AUDIO_1032_IEO_FEA_HI_wav2lip.pt,data\preprocessed\features\z_v\FAKE_T2_1032_IEO_DIS_HI__AUDIO_1032_IEO_FEA_HI_wav2lip.pt
FAKE_T2_1032_IEO_DIS_MD__AUDIO_1032_IEO_FEA_MD_wav2lip,track2,1,crema_1032,FEA,DIS,-1,1,1,1,,data\preprocessed\features\z_at\FAKE_T2_1032_IEO_DIS_MD__AUDIO_1032_IEO_FEA_MD_wav2lip.pt,data\preprocessed\features\z_v\FAKE_T2_1032_IEO_DIS_MD__AUDIO_1032_IEO_FEA_MD_wav2lip.pt
FAKE_T2_1032_IEO_HAP_HI__AUDIO_1032_IEO_NEU_XX_wav2lip,track2,1,crema_1032,NEU,HAP,-1,1,1,1,,data\preprocessed\features\z_at\FAKE_T2_1032_IEO_HAP_HI__AUDIO_1032_IEO_NEU_XX_wav2lip.pt,data\preprocessed\features\z_v\FAKE_T2_1032_IEO_HAP_HI__AUDIO_1032_IEO_NEU_XX_wav2lip.pt
FAKE_T2_1032_IEO_HAP_LO__AUDIO_1032_IEO_NEU_XX_wav2lip,track2,1,crema_1032,NEU,HAP,-1,1,1,1,,data\preprocessed\features\z_at\FAKE_T2_1032_IEO_HAP_LO__AUDIO_1032_IEO_NEU_XX_wav2lip.pt,data\preprocessed\features\z_v\FAKE_T2_1032_IEO_HAP_LO__AUDIO_1032_IEO_NEU_XX_wav2lip.pt
FAKE_T2_1032_IOM_ANG_XX__AUDIO_1032_IOM_DIS_XX_wav2lip,track2,1,crema_1032,DIS,ANG,-1,1,1,1,,data\preprocessed\features\z_at\FAKE_T2_1032_IOM_ANG_XX__AUDIO_1032_IOM_DIS_XX_wav2lip.pt,data\preprocessed\features\z_v\FAKE_T2_1032_IOM_ANG_XX__AUDIO_1032_IOM_DIS_XX_wav2lip.pt
FAKE_T2_1032_IOM_DIS_XX__AUDIO_1032_IOM_FEA_XX_wav2lip,track2,1,crema_1032,FEA,DIS,-1,1,1,1,,data\preprocessed\features\z_at\FAKE_T2_1032_IOM_DIS_XX__AUDIO_1032_IOM_FEA_XX_wav2lip.pt,data\preprocessed\features\z_v\FAKE_T2_1032_IOM_DIS_XX__AUDIO_1032_IOM_FEA_XX_wav2lip.pt
FAKE_T2_1032_IOM_HAP_XX__AUDIO_1032_IOM_NEU_XX_wav2lip,track2,1,crema_1032,NEU,HAP,-1,1,1,1,,data\preprocessed\features\z_at\FAKE_T2_1032_IOM_HAP_XX__AUDIO_1032_IOM_NEU_XX_wav2lip.pt,data\preprocessed\features\z_v\FAKE_T2_1032_IOM_HAP_XX__AUDIO_1032_IOM_NEU_XX_wav2lip.pt
FAKE_T2_1032_IWL_FEA_XX__AUDIO_1032_IWL_HAP_XX_wav2lip,track2,1,crema_1032,HAP,FEA,-1,1,1,1,,data\preprocessed\features\z_at\FAKE_T2_1032_IWL_FEA_XX__AUDIO_1032_IWL_HAP_XX_wav2lip.pt,data\preprocessed\features\z_v\FAKE_T2_1032_IWL_FEA_XX__AUDIO_1032_IWL_HAP_XX_wav2lip.pt
FAKE_T2_1032_IWL_SAD_XX__AUDIO_1032_IWL_ANG_XX_wav2lip,track2,1,crema_1032,ANG,SAD,-1,1,1,1,,data\preprocessed\features\z_at\FAKE_T2_1032_IWL_SAD_XX__AUDIO_1032_IWL_ANG_XX_wav2lip.pt,data\preprocessed\features\z_v\FAKE_T2_1032_IWL_SAD_XX__AUDIO_1032_IWL_ANG_XX_wav2lip.pt
FAKE_T2_1032_IWW_ANG_XX__AUDIO_1032_IWW_DIS_XX_wav2lip,track2,1,crema_1032,DIS,ANG,-1,1,1,1,,data\preprocessed\features\z_at\FAKE_T2_1032_IWW_ANG_XX__AUDIO_1032_IWW_DIS_XX_wav2lip.pt,data\preprocessed\features\z_v\FAKE_T2_1032_IWW_ANG_XX__AUDIO_1032_IWW_DIS_XX_wav2lip.pt
FAKE_T2_1032_IWW_NEU_XX__AUDIO_1032_IWW_SAD_XX_wav2lip,track2,1,crema_1032,SAD,NEU,-1,1,1,1,,data\preprocessed\features\z_at\FAKE_T2_1032_IWW_NEU_XX__AUDIO_1032_IWW_SAD_XX_wav2lip.pt,data\preprocessed\features\z_v\FAKE_T2_1032_IWW_NEU_XX__AUDIO_1032_IWW_SAD_XX_wav2lip.pt
FAKE_T2_1032_IWW_SAD_XX__AUDIO_1032_IWW_ANG_XX_wav2lip,track2,1,crema_1032,ANG,SAD,-1,1,1,1,,data\preprocessed\features\z_at\FAKE_T2_1032_IWW_SAD_XX__AUDIO_1032_IWW_ANG_XX_wav2lip.pt,data\preprocessed\features\z_v\FAKE_T2_1032_IWW_SAD_XX__AUDIO_1032_IWW_ANG_XX_wav2lip.pt
FAKE_T2_1032_MTI_ANG_XX__AUDIO_1032_MTI_DIS_XX_wav2lip,track2,1,crema_1032,DIS,ANG,-1,1,1,1,,data\preprocessed\features\z_at\FAKE_T2_1032_MTI_ANG_XX__AUDIO_1032_MTI_DIS_XX_wav2lip.pt,data\preprocessed\features\z_v\FAKE_T2_1032_MTI_ANG_XX__AUDIO_1032_MTI_DIS_XX_wav2lip.pt
FAKE_T2_1032_TAI_SAD_XX__AUDIO_1032_TAI_ANG_XX_wav2lip,track2,1,crema_1032,ANG,SAD,-1,1,1,1,,data\preprocessed\features\z_at\FAKE_T2_1032_TAI_SAD_XX__AUDIO_1032_TAI_ANG_XX_wav2lip.pt,data\preprocessed\features\z_v\FAKE_T2_1032_TAI_SAD_XX__AUDIO_1032_TAI_ANG_XX_wav2lip.pt
FAKE_T2_1032_TIE_NEU_XX__AUDIO_1032_TIE_SAD_XX_wav2lip,track2,1,crema_1032,SAD,NEU,-1,1,1,1,,data\preprocessed\features\z_at\FAKE_T2_1032_TIE_NEU_XX__AUDIO_1032_TIE_SAD_XX_wav2lip.pt,data\preprocessed\features\z_v\FAKE_T2_1032_TIE_NEU_XX__AUDIO_1032_TIE_SAD_XX_wav2lip.pt
FAKE_T2_1032_TSI_ANG_XX__AUDIO_1032_TSI_DIS_XX_wav2lip,track2,1,crema_1032,DIS,ANG,-1,1,1,1,,data\preprocessed\features\z_at\FAKE_T2_1032_TSI_ANG_XX__AUDIO_1032_TSI_DIS_XX_wav2lip.pt,data\preprocessed\features\z_v\FAKE_T2_1032_TSI_ANG_XX__AUDIO_1032_TSI_DIS_XX_wav2lip.pt
FAKE_T2_1032_TSI_DIS_XX__AUDIO_1032_TSI_FEA_XX_wav2lip,track2,1,crema_1032,FEA,DIS,-1,1,1,1,,data\preprocessed\features\z_at\FAKE_T2_1032_TSI_DIS_XX__AUDIO_1032_TSI_FEA_XX_wav2lip.pt,data\preprocessed\features\z_v\FAKE_T2_1032_TSI_DIS_XX__AUDIO_1032_TSI_FEA_XX_wav2lip.pt
FAKE_T2_1032_TSI_NEU_XX__AUDIO_1032_TSI_SAD_XX_wav2lip,track2,1,crema_1032,SAD,NEU,-1,1,1,1,,data\preprocessed\features\z_at\FAKE_T2_1032_TSI_NEU_XX__AUDIO_1032_TSI_SAD_XX_wav2lip.pt,data\preprocessed\features\z_v\FAKE_T2_1032_TSI_NEU_XX__AUDIO_1032_TSI_SAD_XX_wav2lip.pt
FAKE_T2_1032_WSI_DIS_XX__AUDIO_1032_WSI_FEA_XX_wav2lip,track2,1,crema_1032,FEA,DIS,-1,1,1,1,,data\preprocessed\features\z_at\FAKE_T2_1032_WSI_DIS_XX__AUDIO_1032_WSI_FEA_XX_wav2lip.pt,data\preprocessed\features\z_v\FAKE_T2_1032_WSI_DIS_XX__AUDIO_1032_WSI_FEA_XX_wav2lip.pt
FAKE_T2_1032_WSI_HAP_XX__AUDIO_1032_WSI_NEU_XX_wav2lip,track2,1,crema_1032,NEU,HAP,-1,1,1,1,,data\preprocessed\features\z_at\FAKE_T2_1032_WSI_HAP_XX__AUDIO_1032_WSI_NEU_XX_wav2lip.pt,data\preprocessed\features\z_v\FAKE_T2_1032_WSI_HAP_XX__AUDIO_1032_WSI_NEU_XX_wav2lip.pt
FAKE_T2_1034_DFA_HAP_XX__AUDIO_1034_DFA_NEU_XX_wav2lip,track2,1,crema_1034,NEU,HAP,-1,1,1,1,,data\preprocessed\features\z_at\FAKE_T2_1034_DFA_HAP_XX__AUDIO_1034_DFA_NEU_XX_wav2lip.pt,data\preprocessed\features\z_v\FAKE_T2_1034_DFA_HAP_XX__AUDIO_1034_DFA_NEU_XX_wav2lip.pt
FAKE_T2_1034_IEO_ANG_HI__AUDIO_1034_IEO_DIS_HI_wav2lip,track2,1,crema_1034,DIS,ANG,-1,1,1,1,,data\preprocessed\features\z_at\FAKE_T2_1034_IEO_ANG_HI__AUDIO_1034_IEO_DIS_HI_wav2lip.pt,data\preprocessed\features\z_v\FAKE_T2_1034_IEO_ANG_HI__AUDIO_1034_IEO_DIS_HI_wav2lip.pt
FAKE_T2_1034_IEO_DIS_HI__AUDIO_1034_IEO_FEA_HI_wav2lip,track2,1,crema_1034,FEA,DIS,-1,1,1,1,,data\preprocessed\features\z_at\FAKE_T2_1034_IEO_DIS_HI__AUDIO_1034_IEO_FEA_HI_wav2lip.pt,data\preprocessed\features\z_v\FAKE_T2_1034_IEO_DIS_HI__AUDIO_1034_IEO_FEA_HI_wav2lip.pt
FAKE_T2_1034_IOM_NEU_XX__AUDIO_1034_IOM_SAD_XX_wav2lip,track2,1,crema_1034,SAD,NEU,-1,1,1,1,,data\preprocessed\features\z_at\FAKE_T2_1034_IOM_NEU_XX__AUDIO_1034_IOM_SAD_XX_wav2lip.pt,data\preprocessed\features\z_v\FAKE_T2_1034_IOM_NEU_XX__AUDIO_1034_IOM_SAD_XX_wav2lip.pt
FAKE_T2_1034_ITH_FEA_XX__AUDIO_1034_ITH_HAP_XX_wav2lip,track2,1,crema_1034,HAP,FEA,-1,1,1,1,,data\preprocessed\features\z_at\FAKE_T2_1034_ITH_FEA_XX__AUDIO_1034_ITH_HAP_XX_wav2lip.pt,data\preprocessed\features\z_v\FAKE_T2_1034_ITH_FEA_XX__AUDIO_1034_ITH_HAP_XX_wav2lip.pt
FAKE_T2_1034_ITH_SAD_XX__AUDIO_1034_ITH_ANG_XX_wav2lip,track2,1,crema_1034,ANG,SAD,-1,1,1,1,,data\preprocessed\features\z_at\FAKE_T2_1034_ITH_SAD_XX__AUDIO_1034_ITH_ANG_XX_wav2lip.pt,data\preprocessed\features\z_v\FAKE_T2_1034_ITH_SAD_XX__AUDIO_1034_ITH_ANG_XX_wav2lip.pt
FAKE_T2_1034_ITS_ANG_XX__AUDIO_1034_ITS_DIS_XX_wav2lip,track2,1,crema_1034,DIS,ANG,-1,1,1,1,,data\preprocessed\features\z_at\FAKE_T2_1034_ITS_ANG_XX__AUDIO_1034_ITS_DIS_XX_wav2lip.pt,data\preprocessed\features\z_v\FAKE_T2_1034_ITS_ANG_XX__AUDIO_1034_ITS_DIS_XX_wav2lip.pt
FAKE_T2_1034_ITS_FEA_XX__AUDIO_1034_ITS_HAP_XX_wav2lip,track2,1,crema_1034,HAP,FEA,-1,1,1,1,,data\preprocessed\features\z_at\FAKE_T2_1034_ITS_FEA_XX__AUDIO_1034_ITS_HAP_XX_wav2lip.pt,data\preprocessed\features\z_v\FAKE_T2_1034_ITS_FEA_XX__AUDIO_1034_ITS_HAP_XX_wav2lip.pt
FAKE_T2_1034_ITS_HAP_XX__AUDIO_1034_ITS_NEU_XX_wav2lip,track2,1,crema_1034,NEU,HAP,-1,1,1,1,,data\preprocessed\features\z_at\FAKE_T2_1034_ITS_HAP_XX__AUDIO_1034_ITS_NEU_XX_wav2lip.pt,data\preprocessed\features\z_v\FAKE_T2_1034_ITS_HAP_XX__AUDIO_1034_ITS_NEU_XX_wav2lip.pt
FAKE_T2_1034_IWL_ANG_XX__AUDIO_1034_IWL_DIS_XX_wav2lip,track2,1,crema_1034,DIS,ANG,-1,1,1,1,,data\preprocessed\features\z_at\FAKE_T2_1034_IWL_ANG_XX__AUDIO_1034_IWL_DIS_XX_wav2lip.pt,data\preprocessed\features\z_v\FAKE_T2_1034_IWL_ANG_XX__AUDIO_1034_IWL_DIS_XX_wav2lip.pt
FAKE_T2_1034_IWL_DIS_XX__AUDIO_1034_IWL_FEA_XX_wav2lip,track2,1,crema_1034,FEA,DIS,-1,1,1,1,,data\preprocessed\features\z_at\FAKE_T2_1034_IWL_DIS_XX__AUDIO_1034_IWL_FEA_XX_wav2lip.pt,data\preprocessed\features\z_v\FAKE_T2_1034_IWL_DIS_XX__AUDIO_1034_IWL_FEA_XX_wav2lip.pt
FAKE_T2_1034_IWL_HAP_XX__AUDIO_1034_IWL_NEU_XX_wav2lip,track2,1,crema_1034,NEU,HAP,-1,1,1,1,,data\preprocessed\features\z_at\FAKE_T2_1034_IWL_HAP_XX__AUDIO_1034_IWL_NEU_XX_wav2lip.pt,data\preprocessed\features\z_v\FAKE_T2_1034_IWL_HAP_XX__AUDIO_1034_IWL_NEU_XX_wav2lip.pt
FAKE_T2_1034_IWW_DIS_XX__AUDIO_1034_IWW_FEA_XX_wav2lip,track2,1,crema_1034,FEA,DIS,-1,1,1,1,,data\preprocessed\features\z_at\FAKE_T2_1034_IWW_DIS_XX__AUDIO_1034_IWW_FEA_XX_wav2lip.pt,data\preprocessed\features\z_v\FAKE_T2_1034_IWW_DIS_XX__AUDIO_1034_IWW_FEA_XX_wav2lip.pt
FAKE_T2_1034_IWW_FEA_XX__AUDIO_1034_IWW_HAP_XX_wav2lip,track2,1,crema_1034,HAP,FEA,-1,1,1,1,,data\preprocessed\features\z_at\FAKE_T2_1034_IWW_FEA_XX__AUDIO_1034_IWW_HAP_XX_wav2lip.pt,data\preprocessed\features\z_v\FAKE_T2_1034_IWW_FEA_XX__AUDIO_1034_IWW_HAP_XX_wav2lip.pt
FAKE_T2_1034_IWW_HAP_XX__AUDIO_1034_IWW_NEU_XX_wav2lip,track2,1,crema_1034,NEU,HAP,-1,1,1,1,,data\preprocessed\features\z_at\FAKE_T2_1034_IWW_HAP_XX__AUDIO_1034_IWW_NEU_XX_wav2lip.pt,data\preprocessed\features\z_v\FAKE_T2_1034_IWW_HAP_XX__AUDIO_1034_IWW_NEU_XX_wav2lip.pt
FAKE_T2_1034_MTI_FEA_XX__AUDIO_1034_MTI_HAP_XX_wav2lip,track2,1,crema_1034,HAP,FEA,-1,1,1,1,,data\preprocessed\features\z_at\FAKE_T2_1034_MTI_FEA_XX__AUDIO_1034_MTI_HAP_XX_wav2lip.pt,data\preprocessed\features\z_v\FAKE_T2_1034_MTI_FEA_XX__AUDIO_1034_MTI_HAP_XX_wav2lip.pt
FAKE_T2_1034_TAI_DIS_XX__AUDIO_1034_TAI_FEA_XX_wav2lip,track2,1,crema_1034,FEA,DIS,-1,1,1,1,,data\preprocessed\features\z_at\FAKE_T2_1034_TAI_DIS_XX__AUDIO_1034_TAI_FEA_XX_wav2lip.pt,data\preprocessed\features\z_v\FAKE_T2_1034_TAI_DIS_XX__AUDIO_1034_TAI_FEA_XX_wav2lip.pt
FAKE_T2_1034_TAI_FEA_XX__AUDIO_1034_TAI_HAP_XX_wav2lip,track2,1,crema_1034,HAP,FEA,-1,1,1,1,,data\preprocessed\features\z_at\FAKE_T2_1034_TAI_FEA_XX__AUDIO_1034_TAI_HAP_XX_wav2lip.pt,data\preprocessed\features\z_v\FAKE_T2_1034_TAI_FEA_XX__AUDIO_1034_TAI_HAP_XX_wav2lip.pt
FAKE_T2_1034_TAI_HAP_XX__AUDIO_1034_TAI_NEU_XX_wav2lip,track2,1,crema_1034,NEU,HAP,-1,1,1,1,,data\preprocessed\features\z_at\FAKE_T2_1034_TAI_HAP_XX__AUDIO_1034_TAI_NEU_XX_wav2lip.pt,data\preprocessed\features\z_v\FAKE_T2_1034_TAI_HAP_XX__AUDIO_1034_TAI_NEU_XX_wav2lip.pt
FAKE_T2_1034_TIE_ANG_XX__AUDIO_1034_TIE_DIS_XX_wav2lip,track2,1,crema_1034,DIS,ANG,-1,1,1,1,,data\preprocessed\features\z_at\FAKE_T2_1034_TIE_ANG_XX__AUDIO_1034_TIE_DIS_XX_wav2lip.pt,data\preprocessed\features\z_v\FAKE_T2_1034_TIE_ANG_XX__AUDIO_1034_TIE_DIS_XX_wav2lip.pt
FAKE_T2_1034_TIE_FEA_XX__AUDIO_1034_TIE_HAP_XX_wav2lip,track2,1,crema_1034,HAP,FEA,-1,1,1,1,,data\preprocessed\features\z_at\FAKE_T2_1034_TIE_FEA_XX__AUDIO_1034_TIE_HAP_XX_wav2lip.pt,data\preprocessed\features\z_v\FAKE_T2_1034_TIE_FEA_XX__AUDIO_1034_TIE_HAP_XX_wav2lip.pt
FAKE_T2_1034_TIE_SAD_XX__AUDIO_1034_TIE_ANG_XX_wav2lip,track2,1,crema_1034,ANG,SAD,-1,1,1,1,,data\preprocessed\features\z_at\FAKE_T2_1034_TIE_SAD_XX__AUDIO_1034_TIE_ANG_XX_wav2lip.pt,data\preprocessed\features\z_v\FAKE_T2_1034_TIE_SAD_XX__AUDIO_1034_TIE_ANG_XX_wav2lip.pt
FAKE_T2_1034_TSI_DIS_XX__AUDIO_1034_TSI_FEA_XX_wav2lip,track2,1,crema_1034,FEA,DIS,-1,1,1,1,,data\preprocessed\features\z_at\FAKE_T2_1034_TSI_DIS_XX__AUDIO_1034_TSI_FEA_XX_wav2lip.pt,data\preprocessed\features\z_v\FAKE_T2_1034_TSI_DIS_XX__AUDIO_1034_TSI_FEA_XX_wav2lip.pt
FAKE_T2_1034_WSI_NEU_XX__AUDIO_1034_WSI_SAD_XX_wav2lip,track2,1,crema_1034,SAD,NEU,-1,1,1,1,,data\preprocessed\features\z_at\FAKE_T2_1034_WSI_NEU_XX__AUDIO_1034_WSI_SAD_XX_wav2lip.pt,data\preprocessed\features\z_v\FAKE_T2_1034_WSI_NEU_XX__AUDIO_1034_WSI_SAD_XX_wav2lip.pt
FAKE_T2_1034_WSI_SAD_XX__AUDIO_1034_WSI_ANG_XX_wav2lip,track2,1,crema_1034,ANG,SAD,-1,1,1,1,,data\preprocessed\features\z_at\FAKE_T2_1034_WSI_SAD_XX__AUDIO_1034_WSI_ANG_XX_wav2lip.pt,data\preprocessed\features\z_v\FAKE_T2_1034_WSI_SAD_XX__AUDIO_1034_WSI_ANG_XX_wav2lip.pt
FAKE_T2_1035_DFA_ANG_XX__AUDIO_1035_DFA_DIS_XX_wav2lip,track2,1,crema_1035,DIS,ANG,-1,1,1,1,,data\preprocessed\features\z_at\FAKE_T2_1035_DFA_ANG_XX__AUDIO_1035_DFA_DIS_XX_wav2lip.pt,data\preprocessed\features\z_v\FAKE_T2_1035_DFA_ANG_XX__AUDIO_1035_DFA_DIS_XX_wav2lip.pt
FAKE_T2_1035_DFA_DIS_XX__AUDIO_1035_DFA_FEA_XX_wav2lip,track2,1,crema_1035,FEA,DIS,-1,1,1,1,,data\preprocessed\features\z_at\FAKE_T2_1035_DFA_DIS_XX__AUDIO_1035_DFA_FEA_XX_wav2lip.pt,data\preprocessed\features\z_v\FAKE_T2_1035_DFA_DIS_XX__AUDIO_1035_DFA_FEA_XX_wav2lip.pt
FAKE_T2_1035_DFA_NEU_XX__AUDIO_1035_DFA_SAD_XX_wav2lip,track2,1,crema_1035,SAD,NEU,-1,1,1,1,,data\preprocessed\features\z_at\FAKE_T2_1035_DFA_NEU_XX__AUDIO_1035_DFA_SAD_XX_wav2lip.pt,data\preprocessed\features\z_v\FAKE_T2_1035_DFA_NEU_XX__AUDIO_1035_DFA_SAD_XX_wav2lip.pt
FAKE_T2_1035_DFA_SAD_XX__AUDIO_1035_DFA_ANG_XX_wav2lip,track2,1,crema_1035,ANG,SAD,-1,1,1,1,,data\preprocessed\features\z_at\FAKE_T2_1035_DFA_SAD_XX__AUDIO_1035_DFA_ANG_XX_wav2lip.pt,data\preprocessed\features\z_v\FAKE_T2_1035_DFA_SAD_XX__AUDIO_1035_DFA_ANG_XX_wav2lip.pt
FAKE_T2_1035_IEO_ANG_LO__AUDIO_1035_IEO_DIS_LO_wav2lip,track2,1,crema_1035,DIS,ANG,-1,1,1,1,,data\preprocessed\features\z_at\FAKE_T2_1035_IEO_ANG_LO__AUDIO_1035_IEO_DIS_LO_wav2lip.pt,data\preprocessed\features\z_v\FAKE_T2_1035_IEO_ANG_LO__AUDIO_1035_IEO_DIS_LO_wav2lip.pt
FAKE_T2_1035_IEO_DIS_LO__AUDIO_1035_IEO_FEA_LO_wav2lip,track2,1,crema_1035,FEA,DIS,-1,1,1,1,,data\preprocessed\features\z_at\FAKE_T2_1035_IEO_DIS_LO__AUDIO_1035_IEO_FEA_LO_wav2lip.pt,data\preprocessed\features\z_v\FAKE_T2_1035_IEO_DIS_LO__AUDIO_1035_IEO_FEA_LO_wav2lip.pt
FAKE_T2_1035_IEO_HAP_LO__AUDIO_1035_IEO_NEU_XX_wav2lip,track2,1,crema_1035,NEU,HAP,-1,1,1,1,,data\preprocessed\features\z_at\FAKE_T2_1035_IEO_HAP_LO__AUDIO_1035_IEO_NEU_XX_wav2lip.pt,data\preprocessed\features\z_v\FAKE_T2_1035_IEO_HAP_LO__AUDIO_1035_IEO_NEU_XX_wav2lip.pt
FAKE_T2_1035_IEO_NEU_XX__AUDIO_1035_IEO_SAD_HI_wav2lip,track2,1,crema_1035,SAD,NEU,-1,1,1,1,,data\preprocessed\features\z_at\FAKE_T2_1035_IEO_NEU_XX__AUDIO_1035_IEO_SAD_HI_wav2lip.pt,data\preprocessed\features\z_v\FAKE_T2_1035_IEO_NEU_XX__AUDIO_1035_IEO_SAD_HI_wav2lip.pt
FAKE_T2_1035_IOM_FEA_XX__AUDIO_1035_IOM_HAP_XX_wav2lip,track2,1,crema_1035,HAP,FEA,-1,1,1,1,,data\preprocessed\features\z_at\FAKE_T2_1035_IOM_FEA_XX__AUDIO_1035_IOM_HAP_XX_wav2lip.pt,data\preprocessed\features\z_v\FAKE_T2_1035_IOM_FEA_XX__AUDIO_1035_IOM_HAP_XX_wav2lip.pt
FAKE_T2_1035_IOM_HAP_XX__AUDIO_1035_IOM_NEU_XX_wav2lip,track2,1,crema_1035,NEU,HAP,-1,1,1,1,,data\preprocessed\features\z_at\FAKE_T2_1035_IOM_HAP_XX__AUDIO_1035_IOM_NEU_XX_wav2lip.pt,data\preprocessed\features\z_v\FAKE_T2_1035_IOM_HAP_XX__AUDIO_1035_IOM_NEU_XX_wav2lip.pt
FAKE_T2_1035_ITH_HAP_XX__AUDIO_1035_ITH_NEU_XX_wav2lip,track2,1,crema_1035,NEU,HAP,-1,1,1,1,,data\preprocessed\features\z_at\FAKE_T2_1035_ITH_HAP_XX__AUDIO_1035_ITH_NEU_XX_wav2lip.pt,data\preprocessed\features\z_v\FAKE_T2_1035_ITH_HAP_XX__AUDIO_1035_ITH_NEU_XX_wav2lip.pt
FAKE_T2_1035_ITS_FEA_XX__AUDIO_1035_ITS_HAP_XX_wav2lip,track2,1,crema_1035,HAP,FEA,-1,1,1,1,,data\preprocessed\features\z_at\FAKE_T2_1035_ITS_FEA_XX__AUDIO_1035_ITS_HAP_XX_wav2lip.pt,data\preprocessed\features\z_v\FAKE_T2_1035_ITS_FEA_XX__AUDIO_1035_ITS_HAP_XX_wav2lip.pt
FAKE_T2_1035_ITS_SAD_XX__AUDIO_1035_ITS_ANG_XX_wav2lip,track2,1,crema_1035,ANG,SAD,-1,1,1,1,,data\preprocessed\features\z_at\FAKE_T2_1035_ITS_SAD_XX__AUDIO_1035_ITS_ANG_XX_wav2lip.pt,data\preprocessed\features\z_v\FAKE_T2_1035_ITS_SAD_XX__AUDIO_1035_ITS_ANG_XX_wav2lip.pt
FAKE_T2_1035_IWL_SAD_XX__AUDIO_1035_IWL_ANG_XX_wav2lip,track2,1,crema_1035,ANG,SAD,-1,1,1,1,,data\preprocessed\features\z_at\FAKE_T2_1035_IWL_SAD_XX__AUDIO_1035_IWL_ANG_XX_wav2lip.pt,data\preprocessed\features\z_v\FAKE_T2_1035_IWL_SAD_XX__AUDIO_1035_IWL_ANG_XX_wav2lip.pt
FAKE_T2_1035_IWW_SAD_XX__AUDIO_1035_IWW_ANG_XX_wav2lip,track2,1,crema_1035,ANG,SAD,-1,1,1,1,,data\preprocessed\features\z_at\FAKE_T2_1035_IWW_SAD_XX__AUDIO_1035_IWW_ANG_XX_wav2lip.pt,data\preprocessed\features\z_v\FAKE_T2_1035_IWW_SAD_XX__AUDIO_1035_IWW_ANG_XX_wav2lip.pt
FAKE_T2_1035_MTI_HAP_XX__AUDIO_1035_MTI_NEU_XX_wav2lip,track2,1,crema_1035,NEU,HAP,-1,1,1,1,,data\preprocessed\features\z_at\FAKE_T2_1035_MTI_HAP_XX__AUDIO_1035_MTI_NEU_XX_wav2lip.pt,data\preprocessed\features\z_v\FAKE_T2_1035_MTI_HAP_XX__AUDIO_1035_MTI_NEU_XX_wav2lip.pt
FAKE_T2_1035_MTI_SAD_XX__AUDIO_1035_MTI_ANG_XX_wav2lip,track2,1,crema_1035,ANG,SAD,-1,1,1,1,,data\preprocessed\features\z_at\FAKE_T2_1035_MTI_SAD_XX__AUDIO_1035_MTI_ANG_XX_wav2lip.pt,data\preprocessed\features\z_v\FAKE_T2_1035_MTI_SAD_XX__AUDIO_1035_MTI_ANG_XX_wav2lip.pt
FAKE_T2_1035_TAI_HAP_XX__AUDIO_1035_TAI_NEU_XX_wav2lip,track2,1,crema_1035,NEU,HAP,-1,1,1,1,,data\preprocessed\features\z_at\FAKE_T2_1035_TAI_HAP_XX__AUDIO_1035_TAI_NEU_XX_wav2lip.pt,data\preprocessed\features\z_v\FAKE_T2_1035_TAI_HAP_XX__AUDIO_1035_TAI_NEU_XX_wav2lip.pt
FAKE_T2_1035_TAI_NEU_XX__AUDIO_1035_TAI_SAD_XX_wav2lip,track2,1,crema_1035,SAD,NEU,-1,1,1,1,,data\preprocessed\features\z_at\FAKE_T2_1035_TAI_NEU_XX__AUDIO_1035_TAI_SAD_XX_wav2lip.pt,data\preprocessed\features\z_v\FAKE_T2_1035_TAI_NEU_XX__AUDIO_1035_TAI_SAD_XX_wav2lip.pt
FAKE_T2_1035_TIE_DIS_XX__AUDIO_1035_TIE_FEA_XX_wav2lip,track2,1,crema_1035,FEA,DIS,-1,1,1,1,,data\preprocessed\features\z_at\FAKE_T2_1035_TIE_DIS_XX__AUDIO_1035_TIE_FEA_XX_wav2lip.pt,data\preprocessed\features\z_v\FAKE_T2_1035_TIE_DIS_XX__AUDIO_1035_TIE_FEA_XX_wav2lip.pt
FAKE_T2_1035_TSI_ANG_XX__AUDIO_1035_TSI_DIS_XX_wav2lip,track2,1,crema_1035,DIS,ANG,-1,1,1,1,,data\preprocessed\features\z_at\FAKE_T2_1035_TSI_ANG_XX__AUDIO_1035_TSI_DIS_XX_wav2lip.pt,data\preprocessed\features\z_v\FAKE_T2_1035_TSI_ANG_XX__AUDIO_1035_TSI_DIS_XX_wav2lip.pt
FAKE_T2_1035_TSI_FEA_XX__AUDIO_1035_TSI_HAP_XX_wav2lip,track2,1,crema_1035,HAP,FEA,-1,1,1,1,,data\preprocessed\features\z_at\FAKE_T2_1035_TSI_FEA_XX__AUDIO_1035_TSI_HAP_XX_wav2lip.pt,data\preprocessed\features\z_v\FAKE_T2_1035_TSI_FEA_XX__AUDIO_1035_TSI_HAP_XX_wav2lip.pt
FAKE_T2_1035_TSI_NEU_XX__AUDIO_1035_TSI_SAD_XX_wav2lip,track2,1,crema_1035,SAD,NEU,-1,1,1,1,,data\preprocessed\features\z_at\FAKE_T2_1035_TSI_NEU_XX__AUDIO_1035_TSI_SAD_XX_wav2lip.pt,data\preprocessed\features\z_v\FAKE_T2_1035_TSI_NEU_XX__AUDIO_1035_TSI_SAD_XX_wav2lip.pt
FAKE_T2_1035_WSI_DIS_XX__AUDIO_1035_WSI_FEA_XX_wav2lip,track2,1,crema_1035,FEA,DIS,-1,1,1,1,,data\preprocessed\features\z_at\FAKE_T2_1035_WSI_DIS_XX__AUDIO_1035_WSI_FEA_XX_wav2lip.pt,data\preprocessed\features\z_v\FAKE_T2_1035_WSI_DIS_XX__AUDIO_1035_WSI_FEA_XX_wav2lip.pt
FAKE_T2_1035_WSI_NEU_XX__AUDIO_1035_WSI_SAD_XX_wav2lip,track2,1,crema_1035,SAD,NEU,-1,1,1,1,,data\preprocessed\features\z_at\FAKE_T2_1035_WSI_NEU_XX__AUDIO_1035_WSI_SAD_XX_wav2lip.pt,data\preprocessed\features\z_v\FAKE_T2_1035_WSI_NEU_XX__AUDIO_1035_WSI_SAD_XX_wav2lip.pt
FAKE_T2_1036_DFA_ANG_XX__AUDIO_1036_DFA_DIS_XX_wav2lip,track2,1,crema_1036,DIS,ANG,-1,1,1,1,,data\preprocessed\features\z_at\FAKE_T2_1036_DFA_ANG_XX__AUDIO_1036_DFA_DIS_XX_wav2lip.pt,data\preprocessed\features\z_v\FAKE_T2_1036_DFA_ANG_XX__AUDIO_1036_DFA_DIS_XX_wav2lip.pt
FAKE_T2_1036_DFA_NEU_XX__AUDIO_1036_DFA_SAD_XX_wav2lip,track2,1,crema_1036,SAD,NEU,-1,1,1,1,,data\preprocessed\features\z_at\FAKE_T2_1036_DFA_NEU_XX__AUDIO_1036_DFA_SAD_XX_wav2lip.pt,data\preprocessed\features\z_v\FAKE_T2_1036_DFA_NEU_XX__AUDIO_1036_DFA_SAD_XX_wav2lip.pt
FAKE_T2_1036_IEO_DIS_HI__AUDIO_1036_IEO_FEA_HI_wav2lip,track2,1,crema_1036,FEA,DIS,-1,1,1,1,,data\preprocessed\features\z_at\FAKE_T2_1036_IEO_DIS_HI__AUDIO_1036_IEO_FEA_HI_wav2lip.pt,data\preprocessed\features\z_v\FAKE_T2_1036_IEO_DIS_HI__AUDIO_1036_IEO_FEA_HI_wav2lip.pt
FAKE_T2_1036_IEO_DIS_LO__AUDIO_1036_IEO_FEA_LO_wav2lip,track2,1,crema_1036,FEA,DIS,-1,1,1,1,,data\preprocessed\features\z_at\FAKE_T2_1036_IEO_DIS_LO__AUDIO_1036_IEO_FEA_LO_wav2lip.pt,data\preprocessed\features\z_v\FAKE_T2_1036_IEO_DIS_LO__AUDIO_1036_IEO_FEA_LO_wav2lip.pt
FAKE_T2_1036_IEO_DIS_MD__AUDIO_1036_IEO_FEA_MD_wav2lip,track2,1,crema_1036,FEA,DIS,-1,1,1,1,,data\preprocessed\features\z_at\FAKE_T2_1036_IEO_DIS_MD__AUDIO_1036_IEO_FEA_MD_wav2lip.pt,data\preprocessed\features\z_v\FAKE_T2_1036_IEO_DIS_MD__AUDIO_1036_IEO_FEA_MD_wav2lip.pt
FAKE_T2_1036_IEO_SAD_HI__AUDIO_1036_IEO_ANG_HI_wav2lip,track2,1,crema_1036,ANG,SAD,-1,1,1,1,,data\preprocessed\features\z_at\FAKE_T2_1036_IEO_SAD_HI__AUDIO_1036_IEO_ANG_HI_wav2lip.pt,data\preprocessed\features\z_v\FAKE_T2_1036_IEO_SAD_HI__AUDIO_1036_IEO_ANG_HI_wav2lip.pt
FAKE_T2_1036_IEO_SAD_LO__AUDIO_1036_IEO_ANG_LO_wav2lip,track2,1,crema_1036,ANG,SAD,-1,1,1,1,,data\preprocessed\features\z_at\FAKE_T2_1036_IEO_SAD_LO__AUDIO_1036_IEO_ANG_LO_wav2lip.pt,data\preprocessed\features\z_v\FAKE_T2_1036_IEO_SAD_LO__AUDIO_1036_IEO_ANG_LO_wav2lip.pt
FAKE_T2_1036_IEO_SAD_MD__AUDIO_1036_IEO_ANG_MD_wav2lip,track2,1,crema_1036,ANG,SAD,-1,1,1,1,,data\preprocessed\features\z_at\FAKE_T2_1036_IEO_SAD_MD__AUDIO_1036_IEO_ANG_MD_wav2lip.pt,data\preprocessed\features\z_v\FAKE_T2_1036_IEO_SAD_MD__AUDIO_1036_IEO_ANG_MD_wav2lip.pt
FAKE_T2_1036_IOM_NEU_XX__AUDIO_1036_IOM_SAD_XX_wav2lip,track2,1,crema_1036,SAD,NEU,-1,1,1,1,,data\preprocessed\features\z_at\FAKE_T2_1036_IOM_NEU_XX__AUDIO_1036_IOM_SAD_XX_wav2lip.pt,data\preprocessed\features\z_v\FAKE_T2_1036_IOM_NEU_XX__AUDIO_1036_IOM_SAD_XX_wav2lip.pt
FAKE_T2_1036_IOM_SAD_XX__AUDIO_1036_IOM_ANG_XX_wav2lip,track2,1,crema_1036,ANG,SAD,-1,1,1,1,,data\preprocessed\features\z_at\FAKE_T2_1036_IOM_SAD_XX__AUDIO_1036_IOM_ANG_XX_wav2lip.pt,data\preprocessed\features\z_v\FAKE_T2_1036_IOM_SAD_XX__AUDIO_1036_IOM_ANG_XX_wav2lip.pt
FAKE_T2_1036_ITH_ANG_XX__AUDIO_1036_ITH_DIS_XX_wav2lip,track2,1,crema_1036,DIS,ANG,-1,1,1,1,,data\preprocessed\features\z_at\FAKE_T2_1036_ITH_ANG_XX__AUDIO_1036_ITH_DIS_XX_wav2lip.pt,data\preprocessed\features\z_v\FAKE_T2_1036_ITH_ANG_XX__AUDIO_1036_ITH_DIS_XX_wav2lip.pt
FAKE_T2_1036_ITH_FEA_XX__AUDIO_1036_ITH_HAP_XX_wav2lip,track2,1,crema_1036,HAP,FEA,-1,1,1,1,,data\preprocessed\features\z_at\FAKE_T2_1036_ITH_FEA_XX__AUDIO_1036_ITH_HAP_XX_wav2lip.pt,data\preprocessed\features\z_v\FAKE_T2_1036_ITH_FEA_XX__AUDIO_1036_ITH_HAP_XX_wav2lip.pt
FAKE_T2_1036_ITH_HAP_XX__AUDIO_1036_ITH_NEU_XX_wav2lip,track2,1,crema_1036,NEU,HAP,-1,1,1,1,,data\preprocessed\features\z_at\FAKE_T2_1036_ITH_HAP_XX__AUDIO_1036_ITH_NEU_XX_wav2lip.pt,data\preprocessed\features\z_v\FAKE_T2_1036_ITH_HAP_XX__AUDIO_1036_ITH_NEU_XX_wav2lip.pt
FAKE_T2_1036_ITH_NEU_XX__AUDIO_1036_ITH_SAD_XX_wav2lip,track2,1,crema_1036,SAD,NEU,-1,1,1,1,,data\preprocessed\features\z_at\FAKE_T2_1036_ITH_NEU_XX__AUDIO_1036_ITH_SAD_XX_wav2lip.pt,data\preprocessed\features\z_v\FAKE_T2_1036_ITH_NEU_XX__AUDIO_1036_ITH_SAD_XX_wav2lip.pt
FAKE_T2_1036_ITS_SAD_XX__AUDIO_1036_ITS_ANG_XX_wav2lip,track2,1,crema_1036,ANG,SAD,-1,1,1,1,,data\preprocessed\features\z_at\FAKE_T2_1036_ITS_SAD_XX__AUDIO_1036_ITS_ANG_XX_wav2lip.pt,data\preprocessed\features\z_v\FAKE_T2_1036_ITS_SAD_XX__AUDIO_1036_ITS_ANG_XX_wav2lip.pt
FAKE_T2_1036_IWL_DIS_XX__AUDIO_1036_IWL_FEA_XX_wav2lip,track2,1,crema_1036,FEA,DIS,-1,1,1,1,,data\preprocessed\features\z_at\FAKE_T2_1036_IWL_DIS_XX__AUDIO_1036_IWL_FEA_XX_wav2lip.pt,data\preprocessed\features\z_v\FAKE_T2_1036_IWL_DIS_XX__AUDIO_1036_IWL_FEA_XX_wav2lip.pt
FAKE_T2_1036_IWL_FEA_XX__AUDIO_1036_IWL_HAP_XX_wav2lip,track2,1,crema_1036,HAP,FEA,-1,1,1,1,,data\preprocessed\features\z_at\FAKE_T2_1036_IWL_FEA_XX__AUDIO_1036_IWL_HAP_XX_wav2lip.pt,data\preprocessed\features\z_v\FAKE_T2_1036_IWL_FEA_XX__AUDIO_1036_IWL_HAP_XX_wav2lip.pt
FAKE_T2_1036_IWW_DIS_XX__AUDIO_1036_IWW_FEA_XX_wav2lip,track2,1,crema_1036,FEA,DIS,-1,1,1,1,,data\preprocessed\features\z_at\FAKE_T2_1036_IWW_DIS_XX__AUDIO_1036_IWW_FEA_XX_wav2lip.pt,data\preprocessed\features\z_v\FAKE_T2_1036_IWW_DIS_XX__AUDIO_1036_IWW_FEA_XX_wav2lip.pt
FAKE_T2_1036_MTI_FEA_XX__AUDIO_1036_MTI_HAP_XX_wav2lip,track2,1,crema_1036,HAP,FEA,-1,1,1,1,,data\preprocessed\features\z_at\FAKE_T2_1036_MTI_FEA_XX__AUDIO_1036_MTI_HAP_XX_wav2lip.pt,data\preprocessed\features\z_v\FAKE_T2_1036_MTI_FEA_XX__AUDIO_1036_MTI_HAP_XX_wav2lip.pt
FAKE_T2_1036_MTI_HAP_XX__AUDIO_1036_MTI_NEU_XX_wav2lip,track2,1,crema_1036,NEU,HAP,-1,1,1,1,,data\preprocessed\features\z_at\FAKE_T2_1036_MTI_HAP_XX__AUDIO_1036_MTI_NEU_XX_wav2lip.pt,data\preprocessed\features\z_v\FAKE_T2_1036_MTI_HAP_XX__AUDIO_1036_MTI_NEU_XX_wav2lip.pt
FAKE_T2_1036_MTI_SAD_XX__AUDIO_1036_MTI_ANG_XX_wav2lip,track2,1,crema_1036,ANG,SAD,-1,1,1,1,,data\preprocessed\features\z_at\FAKE_T2_1036_MTI_SAD_XX__AUDIO_1036_MTI_ANG_XX_wav2lip.pt,data\preprocessed\features\z_v\FAKE_T2_1036_MTI_SAD_XX__AUDIO_1036_MTI_ANG_XX_wav2lip.pt
FAKE_T2_1036_TIE_NEU_XX__AUDIO_1036_TIE_SAD_XX_wav2lip,track2,1,crema_1036,SAD,NEU,-1,1,1,1,,data\preprocessed\features\z_at\FAKE_T2_1036_TIE_NEU_XX__AUDIO_1036_TIE_SAD_XX_wav2lip.pt,data\preprocessed\features\z_v\FAKE_T2_1036_TIE_NEU_XX__AUDIO_1036_TIE_SAD_XX_wav2lip.pt
FAKE_T2_1036_TSI_DIS_XX__AUDIO_1036_TSI_FEA_XX_wav2lip,track2,1,crema_1036,FEA,DIS,-1,1,1,1,,data\preprocessed\features\z_at\FAKE_T2_1036_TSI_DIS_XX__AUDIO_1036_TSI_FEA_XX_wav2lip.pt,data\preprocessed\features\z_v\FAKE_T2_1036_TSI_DIS_XX__AUDIO_1036_TSI_FEA_XX_wav2lip.pt
FAKE_T2_1036_TSI_NEU_XX__AUDIO_1036_TSI_SAD_XX_wav2lip,track2,1,crema_1036,SAD,NEU,-1,1,1,1,,data\preprocessed\features\z_at\FAKE_T2_1036_TSI_NEU_XX__AUDIO_1036_TSI_SAD_XX_wav2lip.pt,data\preprocessed\features\z_v\FAKE_T2_1036_TSI_NEU_XX__AUDIO_1036_TSI_SAD_XX_wav2lip.pt
FAKE_T2_1036_WSI_HAP_XX__AUDIO_1036_WSI_NEU_XX_wav2lip,track2,1,crema_1036,NEU,HAP,-1,1,1,1,,data\preprocessed\features\z_at\FAKE_T2_1036_WSI_HAP_XX__AUDIO_1036_WSI_NEU_XX_wav2lip.pt,data\preprocessed\features\z_v\FAKE_T2_1036_WSI_HAP_XX__AUDIO_1036_WSI_NEU_XX_wav2lip.pt
FAKE_T2_1037_DFA_SAD_XX__AUDIO_1037_DFA_ANG_XX_wav2lip,track2,1,crema_1037,ANG,SAD,-1,1,1,1,,data\preprocessed\features\z_at\FAKE_T2_1037_DFA_SAD_XX__AUDIO_1037_DFA_ANG_XX_wav2lip.pt,data\preprocessed\features\z_v\FAKE_T2_1037_DFA_SAD_XX__AUDIO_1037_DFA_ANG_XX_wav2lip.pt
FAKE_T2_1037_IEO_FEA_HI__AUDIO_1037_IEO_HAP_HI_wav2lip,track2,1,crema_1037,HAP,FEA,-1,1,1,1,,data\preprocessed\features\z_at\FAKE_T2_1037_IEO_FEA_HI__AUDIO_1037_IEO_HAP_HI_wav2lip.pt,data\preprocessed\features\z_v\FAKE_T2_1037_IEO_FEA_HI__AUDIO_1037_IEO_HAP_HI_wav2lip.pt
FAKE_T2_1037_IEO_FEA_MD__AUDIO_1037_IEO_HAP_MD_wav2lip,track2,1,crema_1037,HAP,FEA,-1,1,1,1,,data\preprocessed\features\z_at\FAKE_T2_1037_IEO_FEA_MD__AUDIO_1037_IEO_HAP_MD_wav2lip.pt,data\preprocessed\features\z_v\FAKE_T2_1037_IEO_FEA_MD__AUDIO_1037_IEO_HAP_MD_wav2lip.pt
FAKE_T2_1037_IEO_HAP_LO__AUDIO_1037_IEO_NEU_XX_wav2lip,track2,1,crema_1037,NEU,HAP,-1,1,1,1,,data\preprocessed\features\z_at\FAKE_T2_1037_IEO_HAP_LO__AUDIO_1037_IEO_NEU_XX_wav2lip.pt,data\preprocessed\features\z_v\FAKE_T2_1037_IEO_HAP_LO__AUDIO_1037_IEO_NEU_XX_wav2lip.pt
FAKE_T2_1037_IEO_NEU_XX__AUDIO_1037_IEO_SAD_HI_wav2lip,track2,1,crema_1037,SAD,NEU,-1,1,1,1,,data\preprocessed\features\z_at\FAKE_T2_1037_IEO_NEU_XX__AUDIO_1037_IEO_SAD_HI_wav2lip.pt,data\preprocessed\features\z_v\FAKE_T2_1037_IEO_NEU_XX__AUDIO_1037_IEO_SAD_HI_wav2lip.pt
FAKE_T2_1037_IEO_SAD_LO__AUDIO_1037_IEO_ANG_LO_wav2lip,track2,1,crema_1037,ANG,SAD,-1,1,1,1,,data\preprocessed\features\z_at\FAKE_T2_1037_IEO_SAD_LO__AUDIO_1037_IEO_ANG_LO_wav2lip.pt,data\preprocessed\features\z_v\FAKE_T2_1037_IEO_SAD_LO__AUDIO_1037_IEO_ANG_LO_wav2lip.pt
FAKE_T2_1037_IOM_DIS_XX__AUDIO_1037_IOM_FEA_XX_wav2lip,track2,1,crema_1037,FEA,DIS,-1,1,1,1,,data\preprocessed\features\z_at\FAKE_T2_1037_IOM_DIS_XX__AUDIO_1037_IOM_FEA_XX_wav2lip.pt,data\preprocessed\features\z_v\FAKE_T2_1037_IOM_DIS_XX__AUDIO_1037_IOM_FEA_XX_wav2lip.pt
FAKE_T2_1037_IOM_HAP_XX__AUDIO_1037_IOM_NEU_XX_wav2lip,track2,1,crema_1037,NEU,HAP,-1,1,1,1,,data\preprocessed\features\z_at\FAKE_T2_1037_IOM_HAP_XX__AUDIO_1037_IOM_NEU_XX_wav2lip.pt,data\preprocessed\features\z_v\FAKE_T2_1037_IOM_HAP_XX__AUDIO_1037_IOM_NEU_XX_wav2lip.pt
FAKE_T2_1037_ITH_ANG_XX__AUDIO_1037_ITH_DIS_XX_wav2lip,track2,1,crema_1037,DIS,ANG,-1,1,1,1,,data\preprocessed\features\z_at\FAKE_T2_1037_ITH_ANG_XX__AUDIO_1037_ITH_DIS_XX_wav2lip.pt,data\preprocessed\features\z_v\FAKE_T2_1037_ITH_ANG_XX__AUDIO_1037_ITH_DIS_XX_wav2lip.pt
FAKE_T2_1037_ITH_DIS_XX__AUDIO_1037_ITH_FEA_XX_wav2lip,track2,1,crema_1037,FEA,DIS,-1,1,1,1,,data\preprocessed\features\z_at\FAKE_T2_1037_ITH_DIS_XX__AUDIO_1037_ITH_FEA_XX_wav2lip.pt,data\preprocessed\features\z_v\FAKE_T2_1037_ITH_DIS_XX__AUDIO_1037_ITH_FEA_XX_wav2lip.pt
FAKE_T2_1037_ITH_FEA_XX__AUDIO_1037_ITH_HAP_XX_wav2lip,track2,1,crema_1037,HAP,FEA,-1,1,1,1,,data\preprocessed\features\z_at\FAKE_T2_1037_ITH_FEA_XX__AUDIO_1037_ITH_HAP_XX_wav2lip.pt,data\preprocessed\features\z_v\FAKE_T2_1037_ITH_FEA_XX__AUDIO_1037_ITH_HAP_XX_wav2lip.pt
FAKE_T2_1037_ITS_HAP_XX__AUDIO_1037_ITS_NEU_XX_wav2lip,track2,1,crema_1037,NEU,HAP,-1,1,1,1,,data\preprocessed\features\z_at\FAKE_T2_1037_ITS_HAP_XX__AUDIO_1037_ITS_NEU_XX_wav2lip.pt,data\preprocessed\features\z_v\FAKE_T2_1037_ITS_HAP_XX__AUDIO_1037_ITS_NEU_XX_wav2lip.pt
FAKE_T2_1037_IWL_SAD_XX__AUDIO_1037_IWL_ANG_XX_wav2lip,track2,1,crema_1037,ANG,SAD,-1,1,1,1,,data\preprocessed\features\z_at\FAKE_T2_1037_IWL_SAD_XX__AUDIO_1037_IWL_ANG_XX_wav2lip.pt,data\preprocessed\features\z_v\FAKE_T2_1037_IWL_SAD_XX__AUDIO_1037_IWL_ANG_XX_wav2lip.pt
FAKE_T2_1037_MTI_FEA_XX__AUDIO_1037_MTI_HAP_XX_wav2lip,track2,1,crema_1037,HAP,FEA,-1,1,1,1,,data\preprocessed\features\z_at\FAKE_T2_1037_MTI_FEA_XX__AUDIO_1037_MTI_HAP_XX_wav2lip.pt,data\preprocessed\features\z_v\FAKE_T2_1037_MTI_FEA_XX__AUDIO_1037_MTI_HAP_XX_wav2lip.pt
FAKE_T2_1037_TAI_DIS_XX__AUDIO_1037_TAI_FEA_XX_wav2lip,track2,1,crema_1037,FEA,DIS,-1,1,1,1,,data\preprocessed\features\z_at\FAKE_T2_1037_TAI_DIS_XX__AUDIO_1037_TAI_FEA_XX_wav2lip.pt,data\preprocessed\features\z_v\FAKE_T2_1037_TAI_DIS_XX__AUDIO_1037_TAI_FEA_XX_wav2lip.pt
FAKE_T2_1037_TAI_FEA_XX__AUDIO_1037_TAI_HAP_XX_wav2lip,track2,1,crema_1037,HAP,FEA,-1,1,1,1,,data\preprocessed\features\z_at\FAKE_T2_1037_TAI_FEA_XX__AUDIO_1037_TAI_HAP_XX_wav2lip.pt,data\preprocessed\features\z_v\FAKE_T2_1037_TAI_FEA_XX__AUDIO_1037_TAI_HAP_XX_wav2lip.pt
FAKE_T2_1037_TAI_NEU_XX__AUDIO_1037_TAI_SAD_XX_wav2lip,track2,1,crema_1037,SAD,NEU,-1,1,1,1,,data\preprocessed\features\z_at\FAKE_T2_1037_TAI_NEU_XX__AUDIO_1037_TAI_SAD_XX_wav2lip.pt,data\preprocessed\features\z_v\FAKE_T2_1037_TAI_NEU_XX__AUDIO_1037_TAI_SAD_XX_wav2lip.pt
FAKE_T2_1037_TIE_DIS_XX__AUDIO_1037_TIE_FEA_XX_wav2lip,track2,1,crema_1037,FEA,DIS,-1,1,1,1,,data\preprocessed\features\z_at\FAKE_T2_1037_TIE_DIS_XX__AUDIO_1037_TIE_FEA_XX_wav2lip.pt,data\preprocessed\features\z_v\FAKE_T2_1037_TIE_DIS_XX__AUDIO_1037_TIE_FEA_XX_wav2lip.pt
FAKE_T2_1037_TIE_FEA_XX__AUDIO_1037_TIE_HAP_XX_wav2lip,track2,1,crema_1037,HAP,FEA,-1,1,1,1,,data\preprocessed\features\z_at\FAKE_T2_1037_TIE_FEA_XX__AUDIO_1037_TIE_HAP_XX_wav2lip.pt,data\preprocessed\features\z_v\FAKE_T2_1037_TIE_FEA_XX__AUDIO_1037_TIE_HAP_XX_wav2lip.pt
FAKE_T2_1037_TIE_SAD_XX__AUDIO_1037_TIE_ANG_XX_wav2lip,track2,1,crema_1037,ANG,SAD,-1,1,1,1,,data\preprocessed\features\z_at\FAKE_T2_1037_TIE_SAD_XX__AUDIO_1037_TIE_ANG_XX_wav2lip.pt,data\preprocessed\features\z_v\FAKE_T2_1037_TIE_SAD_XX__AUDIO_1037_TIE_ANG_XX_wav2lip.pt
FAKE_T2_1037_TSI_HAP_XX__AUDIO_1037_TSI_NEU_XX_wav2lip,track2,1,crema_1037,NEU,HAP,-1,1,1,1,,data\preprocessed\features\z_at\FAKE_T2_1037_TSI_HAP_XX__AUDIO_1037_TSI_NEU_XX_wav2lip.pt,data\preprocessed\features\z_v\FAKE_T2_1037_TSI_HAP_XX__AUDIO_1037_TSI_NEU_XX_wav2lip.pt
FAKE_T2_1037_TSI_NEU_XX__AUDIO_1037_TSI_SAD_XX_wav2lip,track2,1,crema_1037,SAD,NEU,-1,1,1,1,,data\preprocessed\features\z_at\FAKE_T2_1037_TSI_NEU_XX__AUDIO_1037_TSI_SAD_XX_wav2lip.pt,data\preprocessed\features\z_v\FAKE_T2_1037_TSI_NEU_XX__AUDIO_1037_TSI_SAD_XX_wav2lip.pt
FAKE_T2_1037_TSI_SAD_XX__AUDIO_1037_TSI_ANG_XX_wav2lip,track2,1,crema_1037,ANG,SAD,-1,1,1,1,,data\preprocessed\features\z_at\FAKE_T2_1037_TSI_SAD_XX__AUDIO_1037_TSI_ANG_XX_wav2lip.pt,data\preprocessed\features\z_v\FAKE_T2_1037_TSI_SAD_XX__AUDIO_1037_TSI_ANG_XX_wav2lip.pt
FAKE_T2_1037_WSI_DIS_XX__AUDIO_1037_WSI_FEA_XX_wav2lip,track2,1,crema_1037,FEA,DIS,-1,1,1,1,,data\preprocessed\features\z_at\FAKE_T2_1037_WSI_DIS_XX__AUDIO_1037_WSI_FEA_XX_wav2lip.pt,data\preprocessed\features\z_v\FAKE_T2_1037_WSI_DIS_XX__AUDIO_1037_WSI_FEA_XX_wav2lip.pt
FAKE_T2_1037_WSI_FEA_XX__AUDIO_1037_WSI_HAP_XX_wav2lip,track2,1,crema_1037,HAP,FEA,-1,1,1,1,,data\preprocessed\features\z_at\FAKE_T2_1037_WSI_FEA_XX__AUDIO_1037_WSI_HAP_XX_wav2lip.pt,data\preprocessed\features\z_v\FAKE_T2_1037_WSI_FEA_XX__AUDIO_1037_WSI_HAP_XX_wav2lip.pt
FAKE_T2_1038_DFA_NEU_XX__AUDIO_1038_DFA_SAD_XX_wav2lip,track2,1,crema_1038,SAD,NEU,-1,1,1,1,,data\preprocessed\features\z_at\FAKE_T2_1038_DFA_NEU_XX__AUDIO_1038_DFA_SAD_XX_wav2lip.pt,data\preprocessed\features\z_v\FAKE_T2_1038_DFA_NEU_XX__AUDIO_1038_DFA_SAD_XX_wav2lip.pt
FAKE_T2_1038_DFA_SAD_XX__AUDIO_1038_DFA_ANG_XX_wav2lip,track2,1,crema_1038,ANG,SAD,-1,1,1,1,,data\preprocessed\features\z_at\FAKE_T2_1038_DFA_SAD_XX__AUDIO_1038_DFA_ANG_XX_wav2lip.pt,data\preprocessed\features\z_v\FAKE_T2_1038_DFA_SAD_XX__AUDIO_1038_DFA_ANG_XX_wav2lip.pt
FAKE_T2_1038_IEO_ANG_HI__AUDIO_1038_IEO_DIS_HI_wav2lip,track2,1,crema_1038,DIS,ANG,-1,1,1,1,,data\preprocessed\features\z_at\FAKE_T2_1038_IEO_ANG_HI__AUDIO_1038_IEO_DIS_HI_wav2lip.pt,data\preprocessed\features\z_v\FAKE_T2_1038_IEO_ANG_HI__AUDIO_1038_IEO_DIS_HI_wav2lip.pt
FAKE_T2_1038_IEO_ANG_LO__AUDIO_1038_IEO_DIS_LO_wav2lip,track2,1,crema_1038,DIS,ANG,-1,1,1,1,,data\preprocessed\features\z_at\FAKE_T2_1038_IEO_ANG_LO__AUDIO_1038_IEO_DIS_LO_wav2lip.pt,data\preprocessed\features\z_v\FAKE_T2_1038_IEO_ANG_LO__AUDIO_1038_IEO_DIS_LO_wav2lip.pt
FAKE_T2_1038_IEO_ANG_MD__AUDIO_1038_IEO_DIS_MD_wav2lip,track2,1,crema_1038,DIS,ANG,-1,1,1,1,,data\preprocessed\features\z_at\FAKE_T2_1038_IEO_ANG_MD__AUDIO_1038_IEO_DIS_MD_wav2lip.pt,data\preprocessed\features\z_v\FAKE_T2_1038_IEO_ANG_MD__AUDIO_1038_IEO_DIS_MD_wav2lip.pt
FAKE_T2_1038_IEO_DIS_MD__AUDIO_1038_IEO_FEA_MD_wav2lip,track2,1,crema_1038,FEA,DIS,-1,1,1,1,,data\preprocessed\features\z_at\FAKE_T2_1038_IEO_DIS_MD__AUDIO_1038_IEO_FEA_MD_wav2lip.pt,data\preprocessed\features\z_v\FAKE_T2_1038_IEO_DIS_MD__AUDIO_1038_IEO_FEA_MD_wav2lip.pt
FAKE_T2_1038_IEO_HAP_LO__AUDIO_1038_IEO_NEU_XX_wav2lip,track2,1,crema_1038,NEU,HAP,-1,1,1,1,,data\preprocessed\features\z_at\FAKE_T2_1038_IEO_HAP_LO__AUDIO_1038_IEO_NEU_XX_wav2lip.pt,data\preprocessed\features\z_v\FAKE_T2_1038_IEO_HAP_LO__AUDIO_1038_IEO_NEU_XX_wav2lip.pt
FAKE_T2_1038_IEO_SAD_HI__AUDIO_1038_IEO_ANG_HI_wav2lip,track2,1,crema_1038,ANG,SAD,-1,1,1,1,,data\preprocessed\features\z_at\FAKE_T2_1038_IEO_SAD_HI__AUDIO_1038_IEO_ANG_HI_wav2lip.pt,data\preprocessed\features\z_v\FAKE_T2_1038_IEO_SAD_HI__AUDIO_1038_IEO_ANG_HI_wav2lip.pt
FAKE_T2_1038_IOM_DIS_XX__AUDIO_1038_IOM_FEA_XX_wav2lip,track2,1,crema_1038,FEA,DIS,-1,1,1,1,,data\preprocessed\features\z_at\FAKE_T2_1038_IOM_DIS_XX__AUDIO_1038_IOM_FEA_XX_wav2lip.pt,data\preprocessed\features\z_v\FAKE_T2_1038_IOM_DIS_XX__AUDIO_1038_IOM_FEA_XX_wav2lip.pt
FAKE_T2_1038_ITS_DIS_XX__AUDIO_1038_ITS_FEA_XX_wav2lip,track2,1,crema_1038,FEA,DIS,-1,1,1,1,,data\preprocessed\features\z_at\FAKE_T2_1038_ITS_DIS_XX__AUDIO_1038_ITS_FEA_XX_wav2lip.pt,data\preprocessed\features\z_v\FAKE_T2_1038_ITS_DIS_XX__AUDIO_1038_ITS_FEA_XX_wav2lip.pt
FAKE_T2_1038_ITS_NEU_XX__AUDIO_1038_ITS_SAD_XX_wav2lip,track2,1,crema_1038,SAD,NEU,-1,1,1,1,,data\preprocessed\features\z_at\FAKE_T2_1038_ITS_NEU_XX__AUDIO_1038_ITS_SAD_XX_wav2lip.pt,data\preprocessed\features\z_v\FAKE_T2_1038_ITS_NEU_XX__AUDIO_1038_ITS_SAD_XX_wav2lip.pt
FAKE_T2_1038_IWL_DIS_XX__AUDIO_1038_IWL_FEA_XX_wav2lip,track2,1,crema_1038,FEA,DIS,-1,1,1,1,,data\preprocessed\features\z_at\FAKE_T2_1038_IWL_DIS_XX__AUDIO_1038_IWL_FEA_XX_wav2lip.pt,data\preprocessed\features\z_v\FAKE_T2_1038_IWL_DIS_XX__AUDIO_1038_IWL_FEA_XX_wav2lip.pt
FAKE_T2_1038_IWW_ANG_XX__AUDIO_1038_IWW_DIS_XX_wav2lip,track2,1,crema_1038,DIS,ANG,-1,1,1,1,,data\preprocessed\features\z_at\FAKE_T2_1038_IWW_ANG_XX__AUDIO_1038_IWW_DIS_XX_wav2lip.pt,data\preprocessed\features\z_v\FAKE_T2_1038_IWW_ANG_XX__AUDIO_1038_IWW_DIS_XX_wav2lip.pt
FAKE_T2_1038_IWW_FEA_XX__AUDIO_1038_IWW_HAP_XX_wav2lip,track2,1,crema_1038,HAP,FEA,-1,1,1,1,,data\preprocessed\features\z_at\FAKE_T2_1038_IWW_FEA_XX__AUDIO_1038_IWW_HAP_XX_wav2lip.pt,data\preprocessed\features\z_v\FAKE_T2_1038_IWW_FEA_XX__AUDIO_1038_IWW_HAP_XX_wav2lip.pt
FAKE_T2_1038_IWW_NEU_XX__AUDIO_1038_IWW_SAD_XX_wav2lip,track2,1,crema_1038,SAD,NEU,-1,1,1,1,,data\preprocessed\features\z_at\FAKE_T2_1038_IWW_NEU_XX__AUDIO_1038_IWW_SAD_XX_wav2lip.pt,data\preprocessed\features\z_v\FAKE_T2_1038_IWW_NEU_XX__AUDIO_1038_IWW_SAD_XX_wav2lip.pt
FAKE_T2_1038_TAI_ANG_XX__AUDIO_1038_TAI_DIS_XX_wav2lip,track2,1,crema_1038,DIS,ANG,-1,1,1,1,,data\preprocessed\features\z_at\FAKE_T2_1038_TAI_ANG_XX__AUDIO_1038_TAI_DIS_XX_wav2lip.pt,data\preprocessed\features\z_v\FAKE_T2_1038_TAI_ANG_XX__AUDIO_1038_TAI_DIS_XX_wav2lip.pt
FAKE_T2_1038_TIE_ANG_XX__AUDIO_1038_TIE_DIS_XX_wav2lip,track2,1,crema_1038,DIS,ANG,-1,1,1,1,,data\preprocessed\features\z_at\FAKE_T2_1038_TIE_ANG_XX__AUDIO_1038_TIE_DIS_XX_wav2lip.pt,data\preprocessed\features\z_v\FAKE_T2_1038_TIE_ANG_XX__AUDIO_1038_TIE_DIS_XX_wav2lip.pt
FAKE_T2_1038_TIE_FEA_XX__AUDIO_1038_TIE_HAP_XX_wav2lip,track2,1,crema_1038,HAP,FEA,-1,1,1,1,,data\preprocessed\features\z_at\FAKE_T2_1038_TIE_FEA_XX__AUDIO_1038_TIE_HAP_XX_wav2lip.pt,data\preprocessed\features\z_v\FAKE_T2_1038_TIE_FEA_XX__AUDIO_1038_TIE_HAP_XX_wav2lip.pt
FAKE_T2_1038_TIE_NEU_XX__AUDIO_1038_TIE_SAD_XX_wav2lip,track2,1,crema_1038,SAD,NEU,-1,1,1,1,,data\preprocessed\features\z_at\FAKE_T2_1038_TIE_NEU_XX__AUDIO_1038_TIE_SAD_XX_wav2lip.pt,data\preprocessed\features\z_v\FAKE_T2_1038_TIE_NEU_XX__AUDIO_1038_TIE_SAD_XX_wav2lip.pt
FAKE_T2_1038_TIE_SAD_XX__AUDIO_1038_TIE_ANG_XX_wav2lip,track2,1,crema_1038,ANG,SAD,-1,1,1,1,,data\preprocessed\features\z_at\FAKE_T2_1038_TIE_SAD_XX__AUDIO_1038_TIE_ANG_XX_wav2lip.pt,data\preprocessed\features\z_v\FAKE_T2_1038_TIE_SAD_XX__AUDIO_1038_TIE_ANG_XX_wav2lip.pt
FAKE_T2_1038_TSI_HAP_XX__AUDIO_1038_TSI_NEU_XX_wav2lip,track2,1,crema_1038,NEU,HAP,-1,1,1,1,,data\preprocessed\features\z_at\FAKE_T2_1038_TSI_HAP_XX__AUDIO_1038_TSI_NEU_XX_wav2lip.pt,data\preprocessed\features\z_v\FAKE_T2_1038_TSI_HAP_XX__AUDIO_1038_TSI_NEU_XX_wav2lip.pt
FAKE_T2_1038_TSI_NEU_XX__AUDIO_1038_TSI_SAD_XX_wav2lip,track2,1,crema_1038,SAD,NEU,-1,1,1,1,,data\preprocessed\features\z_at\FAKE_T2_1038_TSI_NEU_XX__AUDIO_1038_TSI_SAD_XX_wav2lip.pt,data\preprocessed\features\z_v\FAKE_T2_1038_TSI_NEU_XX__AUDIO_1038_TSI_SAD_XX_wav2lip.pt
FAKE_T2_1038_TSI_SAD_XX__AUDIO_1038_TSI_ANG_XX_wav2lip,track2,1,crema_1038,ANG,SAD,-1,1,1,1,,data\preprocessed\features\z_at\FAKE_T2_1038_TSI_SAD_XX__AUDIO_1038_TSI_ANG_XX_wav2lip.pt,data\preprocessed\features\z_v\FAKE_T2_1038_TSI_SAD_XX__AUDIO_1038_TSI_ANG_XX_wav2lip.pt
FAKE_T2_1038_WSI_ANG_XX__AUDIO_1038_WSI_DIS_XX_wav2lip,track2,1,crema_1038,DIS,ANG,-1,1,1,1,,data\preprocessed\features\z_at\FAKE_T2_1038_WSI_ANG_XX__AUDIO_1038_WSI_DIS_XX_wav2lip.pt,data\preprocessed\features\z_v\FAKE_T2_1038_WSI_ANG_XX__AUDIO_1038_WSI_DIS_XX_wav2lip.pt
FAKE_T2_1038_WSI_SAD_XX__AUDIO_1038_WSI_ANG_XX_wav2lip,track2,1,crema_1038,ANG,SAD,-1,1,1,1,,data\preprocessed\features\z_at\FAKE_T2_1038_WSI_SAD_XX__AUDIO_1038_WSI_ANG_XX_wav2lip.pt,data\preprocessed\features\z_v\FAKE_T2_1038_WSI_SAD_XX__AUDIO_1038_WSI_ANG_XX_wav2lip.pt
FAKE_T2_1039_DFA_NEU_XX__AUDIO_1039_DFA_SAD_XX_wav2lip,track2,1,crema_1039,SAD,NEU,-1,1,1,1,,data\preprocessed\features\z_at\FAKE_T2_1039_DFA_NEU_XX__AUDIO_1039_DFA_SAD_XX_wav2lip.pt,data\preprocessed\features\z_v\FAKE_T2_1039_DFA_NEU_XX__AUDIO_1039_DFA_SAD_XX_wav2lip.pt
FAKE_T2_1039_DFA_SAD_XX__AUDIO_1039_DFA_ANG_XX_wav2lip,track2,1,crema_1039,ANG,SAD,-1,1,1,1,,data\preprocessed\features\z_at\FAKE_T2_1039_DFA_SAD_XX__AUDIO_1039_DFA_ANG_XX_wav2lip.pt,data\preprocessed\features\z_v\FAKE_T2_1039_DFA_SAD_XX__AUDIO_1039_DFA_ANG_XX_wav2lip.pt
FAKE_T2_1039_IEO_DIS_LO__AUDIO_1039_IEO_FEA_LO_wav2lip,track2,1,crema_1039,FEA,DIS,-1,1,1,1,,data\preprocessed\features\z_at\FAKE_T2_1039_IEO_DIS_LO__AUDIO_1039_IEO_FEA_LO_wav2lip.pt,data\preprocessed\features\z_v\FAKE_T2_1039_IEO_DIS_LO__AUDIO_1039_IEO_FEA_LO_wav2lip.pt
FAKE_T2_1039_IEO_DIS_MD__AUDIO_1039_IEO_FEA_MD_wav2lip,track2,1,crema_1039,FEA,DIS,-1,1,1,1,,data\preprocessed\features\z_at\FAKE_T2_1039_IEO_DIS_MD__AUDIO_1039_IEO_FEA_MD_wav2lip.pt,data\preprocessed\features\z_v\FAKE_T2_1039_IEO_DIS_MD__AUDIO_1039_IEO_FEA_MD_wav2lip.pt
FAKE_T2_1039_IEO_HAP_HI__AUDIO_1039_IEO_NEU_XX_wav2lip,track2,1,crema_1039,NEU,HAP,-1,1,1,1,,data\preprocessed\features\z_at\FAKE_T2_1039_IEO_HAP_HI__AUDIO_1039_IEO_NEU_XX_wav2lip.pt,data\preprocessed\features\z_v\FAKE_T2_1039_IEO_HAP_HI__AUDIO_1039_IEO_NEU_XX_wav2lip.pt
FAKE_T2_1039_IOM_NEU_XX__AUDIO_1039_IOM_SAD_XX_wav2lip,track2,1,crema_1039,SAD,NEU,-1,1,1,1,,data\preprocessed\features\z_at\FAKE_T2_1039_IOM_NEU_XX__AUDIO_1039_IOM_SAD_XX_wav2lip.pt,data\preprocessed\features\z_v\FAKE_T2_1039_IOM_NEU_XX__AUDIO_1039_IOM_SAD_XX_wav2lip.pt
FAKE_T2_1039_ITS_DIS_XX__AUDIO_1039_ITS_FEA_XX_wav2lip,track2,1,crema_1039,FEA,DIS,-1,1,1,1,,data\preprocessed\features\z_at\FAKE_T2_1039_ITS_DIS_XX__AUDIO_1039_ITS_FEA_XX_wav2lip.pt,data\preprocessed\features\z_v\FAKE_T2_1039_ITS_DIS_XX__AUDIO_1039_ITS_FEA_XX_wav2lip.pt
FAKE_T2_1039_ITS_FEA_XX__AUDIO_1039_ITS_HAP_XX_wav2lip,track2,1,crema_1039,HAP,FEA,-1,1,1,1,,data\preprocessed\features\z_at\FAKE_T2_1039_ITS_FEA_XX__AUDIO_1039_ITS_HAP_XX_wav2lip.pt,data\preprocessed\features\z_v\FAKE_T2_1039_ITS_FEA_XX__AUDIO_1039_ITS_HAP_XX_wav2lip.pt
FAKE_T2_1039_ITS_NEU_XX__AUDIO_1039_ITS_SAD_XX_wav2lip,track2,1,crema_1039,SAD,NEU,-1,1,1,1,,data\preprocessed\features\z_at\FAKE_T2_1039_ITS_NEU_XX__AUDIO_1039_ITS_SAD_XX_wav2lip.pt,data\preprocessed\features\z_v\FAKE_T2_1039_ITS_NEU_XX__AUDIO_1039_ITS_SAD_XX_wav2lip.pt
FAKE_T2_1039_IWL_FEA_XX__AUDIO_1039_IWL_HAP_XX_wav2lip,track2,1,crema_1039,HAP,FEA,-1,1,1,1,,data\preprocessed\features\z_at\FAKE_T2_1039_IWL_FEA_XX__AUDIO_1039_IWL_HAP_XX_wav2lip.pt,data\preprocessed\features\z_v\FAKE_T2_1039_IWL_FEA_XX__AUDIO_1039_IWL_HAP_XX_wav2lip.pt
FAKE_T2_1039_IWW_DIS_XX__AUDIO_1039_IWW_FEA_XX_wav2lip,track2,1,crema_1039,FEA,DIS,-1,1,1,1,,data\preprocessed\features\z_at\FAKE_T2_1039_IWW_DIS_XX__AUDIO_1039_IWW_FEA_XX_wav2lip.pt,data\preprocessed\features\z_v\FAKE_T2_1039_IWW_DIS_XX__AUDIO_1039_IWW_FEA_XX_wav2lip.pt
FAKE_T2_1039_IWW_FEA_XX__AUDIO_1039_IWW_HAP_XX_wav2lip,track2,1,crema_1039,HAP,FEA,-1,1,1,1,,data\preprocessed\features\z_at\FAKE_T2_1039_IWW_FEA_XX__AUDIO_1039_IWW_HAP_XX_wav2lip.pt,data\preprocessed\features\z_v\FAKE_T2_1039_IWW_FEA_XX__AUDIO_1039_IWW_HAP_XX_wav2lip.pt
FAKE_T2_1039_IWW_HAP_XX__AUDIO_1039_IWW_NEU_XX_wav2lip,track2,1,crema_1039,NEU,HAP,-1,1,1,1,,data\preprocessed\features\z_at\FAKE_T2_1039_IWW_HAP_XX__AUDIO_1039_IWW_NEU_XX_wav2lip.pt,data\preprocessed\features\z_v\FAKE_T2_1039_IWW_HAP_XX__AUDIO_1039_IWW_NEU_XX_wav2lip.pt
FAKE_T2_1039_IWW_NEU_XX__AUDIO_1039_IWW_SAD_XX_wav2lip,track2,1,crema_1039,SAD,NEU,-1,1,1,1,,data\preprocessed\features\z_at\FAKE_T2_1039_IWW_NEU_XX__AUDIO_1039_IWW_SAD_XX_wav2lip.pt,data\preprocessed\features\z_v\FAKE_T2_1039_IWW_NEU_XX__AUDIO_1039_IWW_SAD_XX_wav2lip.pt
FAKE_T2_1039_IWW_SAD_XX__AUDIO_1039_IWW_ANG_XX_wav2lip,track2,1,crema_1039,ANG,SAD,-1,1,1,1,,data\preprocessed\features\z_at\FAKE_T2_1039_IWW_SAD_XX__AUDIO_1039_IWW_ANG_XX_wav2lip.pt,data\preprocessed\features\z_v\FAKE_T2_1039_IWW_SAD_XX__AUDIO_1039_IWW_ANG_XX_wav2lip.pt
FAKE_T2_1039_MTI_DIS_XX__AUDIO_1039_MTI_FEA_XX_wav2lip,track2,1,crema_1039,FEA,DIS,-1,1,1,1,,data\preprocessed\features\z_at\FAKE_T2_1039_MTI_DIS_XX__AUDIO_1039_MTI_FEA_XX_wav2lip.pt,data\preprocessed\features\z_v\FAKE_T2_1039_MTI_DIS_XX__AUDIO_1039_MTI_FEA_XX_wav2lip.pt
FAKE_T2_1039_MTI_FEA_XX__AUDIO_1039_MTI_HAP_XX_wav2lip,track2,1,crema_1039,HAP,FEA,-1,1,1,1,,data\preprocessed\features\z_at\FAKE_T2_1039_MTI_FEA_XX__AUDIO_1039_MTI_HAP_XX_wav2lip.pt,data\preprocessed\features\z_v\FAKE_T2_1039_MTI_FEA_XX__AUDIO_1039_MTI_HAP_XX_wav2lip.pt
FAKE_T2_1039_TAI_DIS_XX__AUDIO_1039_TAI_FEA_XX_wav2lip,track2,1,crema_1039,FEA,DIS,-1,1,1,1,,data\preprocessed\features\z_at\FAKE_T2_1039_TAI_DIS_XX__AUDIO_1039_TAI_FEA_XX_wav2lip.pt,data\preprocessed\features\z_v\FAKE_T2_1039_TAI_DIS_XX__AUDIO_1039_TAI_FEA_XX_wav2lip.pt
FAKE_T2_1039_TAI_NEU_XX__AUDIO_1039_TAI_SAD_XX_wav2lip,track2,1,crema_1039,SAD,NEU,-1,1,1,1,,data\preprocessed\features\z_at\FAKE_T2_1039_TAI_NEU_XX__AUDIO_1039_TAI_SAD_XX_wav2lip.pt,data\preprocessed\features\z_v\FAKE_T2_1039_TAI_NEU_XX__AUDIO_1039_TAI_SAD_XX_wav2lip.pt
FAKE_T2_1039_TAI_SAD_XX__AUDIO_1039_TAI_ANG_XX_wav2lip,track2,1,crema_1039,ANG,SAD,-1,1,1,1,,data\preprocessed\features\z_at\FAKE_T2_1039_TAI_SAD_XX__AUDIO_1039_TAI_ANG_XX_wav2lip.pt,data\preprocessed\features\z_v\FAKE_T2_1039_TAI_SAD_XX__AUDIO_1039_TAI_ANG_XX_wav2lip.pt
FAKE_T2_1039_TIE_SAD_XX__AUDIO_1039_TIE_ANG_XX_wav2lip,track2,1,crema_1039,ANG,SAD,-1,1,1,1,,data\preprocessed\features\z_at\FAKE_T2_1039_TIE_SAD_XX__AUDIO_1039_TIE_ANG_XX_wav2lip.pt,data\preprocessed\features\z_v\FAKE_T2_1039_TIE_SAD_XX__AUDIO_1039_TIE_ANG_XX_wav2lip.pt
FAKE_T2_1039_TSI_DIS_XX__AUDIO_1039_TSI_FEA_XX_wav2lip,track2,1,crema_1039,FEA,DIS,-1,1,1,1,,data\preprocessed\features\z_at\FAKE_T2_1039_TSI_DIS_XX__AUDIO_1039_TSI_FEA_XX_wav2lip.pt,data\preprocessed\features\z_v\FAKE_T2_1039_TSI_DIS_XX__AUDIO_1039_TSI_FEA_XX_wav2lip.pt
FAKE_T2_1039_TSI_HAP_XX__AUDIO_1039_TSI_NEU_XX_wav2lip,track2,1,crema_1039,NEU,HAP,-1,1,1,1,,data\preprocessed\features\z_at\FAKE_T2_1039_TSI_HAP_XX__AUDIO_1039_TSI_NEU_XX_wav2lip.pt,data\preprocessed\features\z_v\FAKE_T2_1039_TSI_HAP_XX__AUDIO_1039_TSI_NEU_XX_wav2lip.pt
FAKE_T2_1039_TSI_NEU_XX__AUDIO_1039_TSI_SAD_XX_wav2lip,track2,1,crema_1039,SAD,NEU,-1,1,1,1,,data\preprocessed\features\z_at\FAKE_T2_1039_TSI_NEU_XX__AUDIO_1039_TSI_SAD_XX_wav2lip.pt,data\preprocessed\features\z_v\FAKE_T2_1039_TSI_NEU_XX__AUDIO_1039_TSI_SAD_XX_wav2lip.pt
FAKE_T2_1039_TSI_SAD_XX__AUDIO_1039_TSI_ANG_XX_wav2lip,track2,1,crema_1039,ANG,SAD,-1,1,1,1,,data\preprocessed\features\z_at\FAKE_T2_1039_TSI_SAD_XX__AUDIO_1039_TSI_ANG_XX_wav2lip.pt,data\preprocessed\features\z_v\FAKE_T2_1039_TSI_SAD_XX__AUDIO_1039_TSI_ANG_XX_wav2lip.pt
FAKE_T2_1040_DFA_NEU_XX__AUDIO_1040_DFA_SAD_XX_wav2lip,track2,1,crema_1040,SAD,NEU,-1,1,1,1,,data\preprocessed\features\z_at\FAKE_T2_1040_DFA_NEU_XX__AUDIO_1040_DFA_SAD_XX_wav2lip.pt,data\preprocessed\features\z_v\FAKE_T2_1040_DFA_NEU_XX__AUDIO_1040_DFA_SAD_XX_wav2lip.pt
FAKE_T2_1040_IEO_ANG_HI__AUDIO_1040_IEO_DIS_HI_wav2lip,track2,1,crema_1040,DIS,ANG,-1,1,1,1,,data\preprocessed\features\z_at\FAKE_T2_1040_IEO_ANG_HI__AUDIO_1040_IEO_DIS_HI_wav2lip.pt,data\preprocessed\features\z_v\FAKE_T2_1040_IEO_ANG_HI__AUDIO_1040_IEO_DIS_HI_wav2lip.pt
FAKE_T2_1040_IEO_HAP_LO__AUDIO_1040_IEO_NEU_XX_wav2lip,track2,1,crema_1040,NEU,HAP,-1,1,1,1,,data\preprocessed\features\z_at\FAKE_T2_1040_IEO_HAP_LO__AUDIO_1040_IEO_NEU_XX_wav2lip.pt,data\preprocessed\features\z_v\FAKE_T2_1040_IEO_HAP_LO__AUDIO_1040_IEO_NEU_XX_wav2lip.pt
FAKE_T2_1040_IOM_HAP_XX__AUDIO_1040_IOM_NEU_XX_wav2lip,track2,1,crema_1040,NEU,HAP,-1,1,1,1,,data\preprocessed\features\z_at\FAKE_T2_1040_IOM_HAP_XX__AUDIO_1040_IOM_NEU_XX_wav2lip.pt,data\preprocessed\features\z_v\FAKE_T2_1040_IOM_HAP_XX__AUDIO_1040_IOM_NEU_XX_wav2lip.pt
FAKE_T2_1040_IOM_NEU_XX__AUDIO_1040_IOM_SAD_XX_wav2lip,track2,1,crema_1040,SAD,NEU,-1,1,1,1,,data\preprocessed\features\z_at\FAKE_T2_1040_IOM_NEU_XX__AUDIO_1040_IOM_SAD_XX_wav2lip.pt,data\preprocessed\features\z_v\FAKE_T2_1040_IOM_NEU_XX__AUDIO_1040_IOM_SAD_XX_wav2lip.pt
FAKE_T2_1040_ITH_ANG_XX__AUDIO_1040_ITH_DIS_XX_wav2lip,track2,1,crema_1040,DIS,ANG,-1,1,1,1,,data\preprocessed\features\z_at\FAKE_T2_1040_ITH_ANG_XX__AUDIO_1040_ITH_DIS_XX_wav2lip.pt,data\preprocessed\features\z_v\FAKE_T2_1040_ITH_ANG_XX__AUDIO_1040_ITH_DIS_XX_wav2lip.pt
FAKE_T2_1040_ITS_ANG_XX__AUDIO_1040_ITS_DIS_XX_wav2lip,track2,1,crema_1040,DIS,ANG,-1,1,1,1,,data\preprocessed\features\z_at\FAKE_T2_1040_ITS_ANG_XX__AUDIO_1040_ITS_DIS_XX_wav2lip.pt,data\preprocessed\features\z_v\FAKE_T2_1040_ITS_ANG_XX__AUDIO_1040_ITS_DIS_XX_wav2lip.pt
FAKE_T2_1040_ITS_SAD_XX__AUDIO_1040_ITS_ANG_XX_wav2lip,track2,1,crema_1040,ANG,SAD,-1,1,1,1,,data\preprocessed\features\z_at\FAKE_T2_1040_ITS_SAD_XX__AUDIO_1040_ITS_ANG_XX_wav2lip.pt,data\preprocessed\features\z_v\FAKE_T2_1040_ITS_SAD_XX__AUDIO_1040_ITS_ANG_XX_wav2lip.pt
FAKE_T2_1040_IWL_ANG_XX__AUDIO_1040_IWL_DIS_XX_wav2lip,track2,1,crema_1040,DIS,ANG,-1,1,1,1,,data\preprocessed\features\z_at\FAKE_T2_1040_IWL_ANG_XX__AUDIO_1040_IWL_DIS_XX_wav2lip.pt,data\preprocessed\features\z_v\FAKE_T2_1040_IWL_ANG_XX__AUDIO_1040_IWL_DIS_XX_wav2lip.pt
FAKE_T2_1040_IWW_ANG_XX__AUDIO_1040_IWW_DIS_XX_wav2lip,track2,1,crema_1040,DIS,ANG,-1,1,1,1,,data\preprocessed\features\z_at\FAKE_T2_1040_IWW_ANG_XX__AUDIO_1040_IWW_DIS_XX_wav2lip.pt,data\preprocessed\features\z_v\FAKE_T2_1040_IWW_ANG_XX__AUDIO_1040_IWW_DIS_XX_wav2lip.pt
FAKE_T2_1040_IWW_FEA_XX__AUDIO_1040_IWW_HAP_XX_wav2lip,track2,1,crema_1040,HAP,FEA,-1,1,1,1,,data\preprocessed\features\z_at\FAKE_T2_1040_IWW_FEA_XX__AUDIO_1040_IWW_HAP_XX_wav2lip.pt,data\preprocessed\features\z_v\FAKE_T2_1040_IWW_FEA_XX__AUDIO_1040_IWW_HAP_XX_wav2lip.pt
FAKE_T2_1040_IWW_HAP_XX__AUDIO_1040_IWW_NEU_XX_wav2lip,track2,1,crema_1040,NEU,HAP,-1,1,1,1,,data\preprocessed\features\z_at\FAKE_T2_1040_IWW_HAP_XX__AUDIO_1040_IWW_NEU_XX_wav2lip.pt,data\preprocessed\features\z_v\FAKE_T2_1040_IWW_HAP_XX__AUDIO_1040_IWW_NEU_XX_wav2lip.pt
FAKE_T2_1040_IWW_NEU_XX__AUDIO_1040_IWW_SAD_XX_wav2lip,track2,1,crema_1040,SAD,NEU,-1,1,1,1,,data\preprocessed\features\z_at\FAKE_T2_1040_IWW_NEU_XX__AUDIO_1040_IWW_SAD_XX_wav2lip.pt,data\preprocessed\features\z_v\FAKE_T2_1040_IWW_NEU_XX__AUDIO_1040_IWW_SAD_XX_wav2lip.pt
FAKE_T2_1040_MTI_NEU_XX__AUDIO_1040_MTI_SAD_XX_wav2lip,track2,1,crema_1040,SAD,NEU,-1,1,1,1,,data\preprocessed\features\z_at\FAKE_T2_1040_MTI_NEU_XX__AUDIO_1040_MTI_SAD_XX_wav2lip.pt,data\preprocessed\features\z_v\FAKE_T2_1040_MTI_NEU_XX__AUDIO_1040_MTI_SAD_XX_wav2lip.pt
FAKE_T2_1040_TAI_DIS_XX__AUDIO_1040_TAI_FEA_XX_wav2lip,track2,1,crema_1040,FEA,DIS,-1,1,1,1,,data\preprocessed\features\z_at\FAKE_T2_1040_TAI_DIS_XX__AUDIO_1040_TAI_FEA_XX_wav2lip.pt,data\preprocessed\features\z_v\FAKE_T2_1040_TAI_DIS_XX__AUDIO_1040_TAI_FEA_XX_wav2lip.pt
FAKE_T2_1040_TAI_FEA_XX__AUDIO_1040_TAI_HAP_XX_wav2lip,track2,1,crema_1040,HAP,FEA,-1,1,1,1,,data\preprocessed\features\z_at\FAKE_T2_1040_TAI_FEA_XX__AUDIO_1040_TAI_HAP_XX_wav2lip.pt,data\preprocessed\features\z_v\FAKE_T2_1040_TAI_FEA_XX__AUDIO_1040_TAI_HAP_XX_wav2lip.pt
FAKE_T2_1040_TAI_NEU_XX__AUDIO_1040_TAI_SAD_XX_wav2lip,track2,1,crema_1040,SAD,NEU,-1,1,1,1,,data\preprocessed\features\z_at\FAKE_T2_1040_TAI_NEU_XX__AUDIO_1040_TAI_SAD_XX_wav2lip.pt,data\preprocessed\features\z_v\FAKE_T2_1040_TAI_NEU_XX__AUDIO_1040_TAI_SAD_XX_wav2lip.pt
FAKE_T2_1040_TIE_FEA_XX__AUDIO_1040_TIE_HAP_XX_wav2lip,track2,1,crema_1040,HAP,FEA,-1,1,1,1,,data\preprocessed\features\z_at\FAKE_T2_1040_TIE_FEA_XX__AUDIO_1040_TIE_HAP_XX_wav2lip.pt,data\preprocessed\features\z_v\FAKE_T2_1040_TIE_FEA_XX__AUDIO_1040_TIE_HAP_XX_wav2lip.pt
FAKE_T2_1040_TIE_SAD_XX__AUDIO_1040_TIE_ANG_XX_wav2lip,track2,1,crema_1040,ANG,SAD,-1,1,1,1,,data\preprocessed\features\z_at\FAKE_T2_1040_TIE_SAD_XX__AUDIO_1040_TIE_ANG_XX_wav2lip.pt,data\preprocessed\features\z_v\FAKE_T2_1040_TIE_SAD_XX__AUDIO_1040_TIE_ANG_XX_wav2lip.pt
FAKE_T2_1040_TSI_ANG_XX__AUDIO_1040_TSI_DIS_XX_wav2lip,track2,1,crema_1040,DIS,ANG,-1,1,1,1,,data\preprocessed\features\z_at\FAKE_T2_1040_TSI_ANG_XX__AUDIO_1040_TSI_DIS_XX_wav2lip.pt,data\preprocessed\features\z_v\FAKE_T2_1040_TSI_ANG_XX__AUDIO_1040_TSI_DIS_XX_wav2lip.pt
FAKE_T2_1040_TSI_FEA_XX__AUDIO_1040_TSI_HAP_XX_wav2lip,track2,1,crema_1040,HAP,FEA,-1,1,1,1,,data\preprocessed\features\z_at\FAKE_T2_1040_TSI_FEA_XX__AUDIO_1040_TSI_HAP_XX_wav2lip.pt,data\preprocessed\features\z_v\FAKE_T2_1040_TSI_FEA_XX__AUDIO_1040_TSI_HAP_XX_wav2lip.pt
FAKE_T2_1040_TSI_NEU_XX__AUDIO_1040_TSI_SAD_XX_wav2lip,track2,1,crema_1040,SAD,NEU,-1,1,1,1,,data\preprocessed\features\z_at\FAKE_T2_1040_TSI_NEU_XX__AUDIO_1040_TSI_SAD_XX_wav2lip.pt,data\preprocessed\features\z_v\FAKE_T2_1040_TSI_NEU_XX__AUDIO_1040_TSI_SAD_XX_wav2lip.pt
FAKE_T2_1040_WSI_DIS_XX__AUDIO_1040_WSI_FEA_XX_wav2lip,track2,1,crema_1040,FEA,DIS,-1,1,1,1,,data\preprocessed\features\z_at\FAKE_T2_1040_WSI_DIS_XX__AUDIO_1040_WSI_FEA_XX_wav2lip.pt,data\preprocessed\features\z_v\FAKE_T2_1040_WSI_DIS_XX__AUDIO_1040_WSI_FEA_XX_wav2lip.pt
FAKE_T2_1040_WSI_FEA_XX__AUDIO_1040_WSI_HAP_XX_wav2lip,track2,1,crema_1040,HAP,FEA,-1,1,1,1,,data\preprocessed\features\z_at\FAKE_T2_1040_WSI_FEA_XX__AUDIO_1040_WSI_HAP_XX_wav2lip.pt,data\preprocessed\features\z_v\FAKE_T2_1040_WSI_FEA_XX__AUDIO_1040_WSI_HAP_XX_wav2lip.pt
FAKE_T2_1040_WSI_NEU_XX__AUDIO_1040_WSI_SAD_XX_wav2lip,track2,1,crema_1040,SAD,NEU,-1,1,1,1,,data\preprocessed\features\z_at\FAKE_T2_1040_WSI_NEU_XX__AUDIO_1040_WSI_SAD_XX_wav2lip.pt,data\preprocessed\features\z_v\FAKE_T2_1040_WSI_NEU_XX__AUDIO_1040_WSI_SAD_XX_wav2lip.pt
FAKE_T2_1042_DFA_DIS_XX__AUDIO_1042_DFA_FEA_XX_wav2lip,track2,1,crema_1042,FEA,DIS,-1,1,1,1,,data\preprocessed\features\z_at\FAKE_T2_1042_DFA_DIS_XX__AUDIO_1042_DFA_FEA_XX_wav2lip.pt,data\preprocessed\features\z_v\FAKE_T2_1042_DFA_DIS_XX__AUDIO_1042_DFA_FEA_XX_wav2lip.pt
FAKE_T2_1042_DFA_HAP_XX__AUDIO_1042_DFA_NEU_XX_wav2lip,track2,1,crema_1042,NEU,HAP,-1,1,1,1,,data\preprocessed\features\z_at\FAKE_T2_1042_DFA_HAP_XX__AUDIO_1042_DFA_NEU_XX_wav2lip.pt,data\preprocessed\features\z_v\FAKE_T2_1042_DFA_HAP_XX__AUDIO_1042_DFA_NEU_XX_wav2lip.pt
FAKE_T2_1042_DFA_SAD_XX__AUDIO_1042_DFA_ANG_XX_wav2lip,track2,1,crema_1042,ANG,SAD,-1,1,1,1,,data\preprocessed\features\z_at\FAKE_T2_1042_DFA_SAD_XX__AUDIO_1042_DFA_ANG_XX_wav2lip.pt,data\preprocessed\features\z_v\FAKE_T2_1042_DFA_SAD_XX__AUDIO_1042_DFA_ANG_XX_wav2lip.pt
FAKE_T2_1042_IEO_DIS_LO__AUDIO_1042_IEO_FEA_LO_wav2lip,track2,1,crema_1042,FEA,DIS,-1,1,1,1,,data\preprocessed\features\z_at\FAKE_T2_1042_IEO_DIS_LO__AUDIO_1042_IEO_FEA_LO_wav2lip.pt,data\preprocessed\features\z_v\FAKE_T2_1042_IEO_DIS_LO__AUDIO_1042_IEO_FEA_LO_wav2lip.pt
FAKE_T2_1042_IEO_DIS_MD__AUDIO_1042_IEO_FEA_MD_wav2lip,track2,1,crema_1042,FEA,DIS,-1,1,1,1,,data\preprocessed\features\z_at\FAKE_T2_1042_IEO_DIS_MD__AUDIO_1042_IEO_FEA_MD_wav2lip.pt,data\preprocessed\features\z_v\FAKE_T2_1042_IEO_DIS_MD__AUDIO_1042_IEO_FEA_MD_wav2lip.pt
FAKE_T2_1042_IEO_HAP_HI__AUDIO_1042_IEO_NEU_XX_wav2lip,track2,1,crema_1042,NEU,HAP,-1,1,1,1,,data\preprocessed\features\z_at\FAKE_T2_1042_IEO_HAP_HI__AUDIO_1042_IEO_NEU_XX_wav2lip.pt,data\preprocessed\features\z_v\FAKE_T2_1042_IEO_HAP_HI__AUDIO_1042_IEO_NEU_XX_wav2lip.pt
FAKE_T2_1042_IEO_HAP_MD__AUDIO_1042_IEO_NEU_XX_wav2lip,track2,1,crema_1042,NEU,HAP,-1,1,1,1,,data\preprocessed\features\z_at\FAKE_T2_1042_IEO_HAP_MD__AUDIO_1042_IEO_NEU_XX_wav2lip.pt,data\preprocessed\features\z_v\FAKE_T2_1042_IEO_HAP_MD__AUDIO_1042_IEO_NEU_XX_wav2lip.pt
FAKE_T2_1042_IOM_ANG_XX__AUDIO_1042_IOM_DIS_XX_wav2lip,track2,1,crema_1042,DIS,ANG,-1,1,1,1,,data\preprocessed\features\z_at\FAKE_T2_1042_IOM_ANG_XX__AUDIO_1042_IOM_DIS_XX_wav2lip.pt,data\preprocessed\features\z_v\FAKE_T2_1042_IOM_ANG_XX__AUDIO_1042_IOM_DIS_XX_wav2lip.pt
FAKE_T2_1042_IOM_DIS_XX__AUDIO_1042_IOM_FEA_XX_wav2lip,track2,1,crema_1042,FEA,DIS,-1,1,1,1,,data\preprocessed\features\z_at\FAKE_T2_1042_IOM_DIS_XX__AUDIO_1042_IOM_FEA_XX_wav2lip.pt,data\preprocessed\features\z_v\FAKE_T2_1042_IOM_DIS_XX__AUDIO_1042_IOM_FEA_XX_wav2lip.pt
FAKE_T2_1042_ITH_HAP_XX__AUDIO_1042_ITH_NEU_XX_wav2lip,track2,1,crema_1042,NEU,HAP,-1,1,1,1,,data\preprocessed\features\z_at\FAKE_T2_1042_ITH_HAP_XX__AUDIO_1042_ITH_NEU_XX_wav2lip.pt,data\preprocessed\features\z_v\FAKE_T2_1042_ITH_HAP_XX__AUDIO_1042_ITH_NEU_XX_wav2lip.pt
FAKE_T2_1042_ITH_NEU_XX__AUDIO_1042_ITH_SAD_XX_wav2lip,track2,1,crema_1042,SAD,NEU,-1,1,1,1,,data\preprocessed\features\z_at\FAKE_T2_1042_ITH_NEU_XX__AUDIO_1042_ITH_SAD_XX_wav2lip.pt,data\preprocessed\features\z_v\FAKE_T2_1042_ITH_NEU_XX__AUDIO_1042_ITH_SAD_XX_wav2lip.pt
FAKE_T2_1042_ITH_SAD_XX__AUDIO_1042_ITH_ANG_XX_wav2lip,track2,1,crema_1042,ANG,SAD,-1,1,1,1,,data\preprocessed\features\z_at\FAKE_T2_1042_ITH_SAD_XX__AUDIO_1042_ITH_ANG_XX_wav2lip.pt,data\preprocessed\features\z_v\FAKE_T2_1042_ITH_SAD_XX__AUDIO_1042_ITH_ANG_XX_wav2lip.pt
FAKE_T2_1042_ITS_ANG_XX__AUDIO_1042_ITS_DIS_XX_wav2lip,track2,1,crema_1042,DIS,ANG,-1,1,1,1,,data\preprocessed\features\z_at\FAKE_T2_1042_ITS_ANG_XX__AUDIO_1042_ITS_DIS_XX_wav2lip.pt,data\preprocessed\features\z_v\FAKE_T2_1042_ITS_ANG_XX__AUDIO_1042_ITS_DIS_XX_wav2lip.pt
FAKE_T2_1042_ITS_NEU_XX__AUDIO_1042_ITS_SAD_XX_wav2lip,track2,1,crema_1042,SAD,NEU,-1,1,1,1,,data\preprocessed\features\z_at\FAKE_T2_1042_ITS_NEU_XX__AUDIO_1042_ITS_SAD_XX_wav2lip.pt,data\preprocessed\features\z_v\FAKE_T2_1042_ITS_NEU_XX__AUDIO_1042_ITS_SAD_XX_wav2lip.pt
FAKE_T2_1042_IWL_ANG_XX__AUDIO_1042_IWL_DIS_XX_wav2lip,track2,1,crema_1042,DIS,ANG,-1,1,1,1,,data\preprocessed\features\z_at\FAKE_T2_1042_IWL_ANG_XX__AUDIO_1042_IWL_DIS_XX_wav2lip.pt,data\preprocessed\features\z_v\FAKE_T2_1042_IWL_ANG_XX__AUDIO_1042_IWL_DIS_XX_wav2lip.pt
FAKE_T2_1042_IWL_DIS_XX__AUDIO_1042_IWL_FEA_XX_wav2lip,track2,1,crema_1042,FEA,DIS,-1,1,1,1,,data\preprocessed\features\z_at\FAKE_T2_1042_IWL_DIS_XX__AUDIO_1042_IWL_FEA_XX_wav2lip.pt,data\preprocessed\features\z_v\FAKE_T2_1042_IWL_DIS_XX__AUDIO_1042_IWL_FEA_XX_wav2lip.pt
FAKE_T2_1042_IWL_FEA_XX__AUDIO_1042_IWL_HAP_XX_wav2lip,track2,1,crema_1042,HAP,FEA,-1,1,1,1,,data\preprocessed\features\z_at\FAKE_T2_1042_IWL_FEA_XX__AUDIO_1042_IWL_HAP_XX_wav2lip.pt,data\preprocessed\features\z_v\FAKE_T2_1042_IWL_FEA_XX__AUDIO_1042_IWL_HAP_XX_wav2lip.pt
FAKE_T2_1042_IWL_NEU_XX__AUDIO_1042_IWL_SAD_XX_wav2lip,track2,1,crema_1042,SAD,NEU,-1,1,1,1,,data\preprocessed\features\z_at\FAKE_T2_1042_IWL_NEU_XX__AUDIO_1042_IWL_SAD_XX_wav2lip.pt,data\preprocessed\features\z_v\FAKE_T2_1042_IWL_NEU_XX__AUDIO_1042_IWL_SAD_XX_wav2lip.pt
FAKE_T2_1042_IWL_SAD_XX__AUDIO_1042_IWL_ANG_XX_wav2lip,track2,1,crema_1042,ANG,SAD,-1,1,1,1,,data\preprocessed\features\z_at\FAKE_T2_1042_IWL_SAD_XX__AUDIO_1042_IWL_ANG_XX_wav2lip.pt,data\preprocessed\features\z_v\FAKE_T2_1042_IWL_SAD_XX__AUDIO_1042_IWL_ANG_XX_wav2lip.pt
FAKE_T2_1042_IWW_NEU_XX__AUDIO_1042_IWW_SAD_XX_wav2lip,track2,1,crema_1042,SAD,NEU,-1,1,1,1,,data\preprocessed\features\z_at\FAKE_T2_1042_IWW_NEU_XX__AUDIO_1042_IWW_SAD_XX_wav2lip.pt,data\preprocessed\features\z_v\FAKE_T2_1042_IWW_NEU_XX__AUDIO_1042_IWW_SAD_XX_wav2lip.pt
FAKE_T2_1042_MTI_DIS_XX__AUDIO_1042_MTI_FEA_XX_wav2lip,track2,1,crema_1042,FEA,DIS,-1,1,1,1,,data\preprocessed\features\z_at\FAKE_T2_1042_MTI_DIS_XX__AUDIO_1042_MTI_FEA_XX_wav2lip.pt,data\preprocessed\features\z_v\FAKE_T2_1042_MTI_DIS_XX__AUDIO_1042_MTI_FEA_XX_wav2lip.pt
FAKE_T2_1042_MTI_NEU_XX__AUDIO_1042_MTI_SAD_XX_wav2lip,track2,1,crema_1042,SAD,NEU,-1,1,1,1,,data\preprocessed\features\z_at\FAKE_T2_1042_MTI_NEU_XX__AUDIO_1042_MTI_SAD_XX_wav2lip.pt,data\preprocessed\features\z_v\FAKE_T2_1042_MTI_NEU_XX__AUDIO_1042_MTI_SAD_XX_wav2lip.pt
FAKE_T2_1042_TAI_HAP_XX__AUDIO_1042_TAI_NEU_XX_wav2lip,track2,1,crema_1042,NEU,HAP,-1,1,1,1,,data\preprocessed\features\z_at\FAKE_T2_1042_TAI_HAP_XX__AUDIO_1042_TAI_NEU_XX_wav2lip.pt,data\preprocessed\features\z_v\FAKE_T2_1042_TAI_HAP_XX__AUDIO_1042_TAI_NEU_XX_wav2lip.pt
FAKE_T2_1042_WSI_DIS_XX__AUDIO_1042_WSI_FEA_XX_wav2lip,track2,1,crema_1042,FEA,DIS,-1,1,1,1,,data\preprocessed\features\z_at\FAKE_T2_1042_WSI_DIS_XX__AUDIO_1042_WSI_FEA_XX_wav2lip.pt,data\preprocessed\features\z_v\FAKE_T2_1042_WSI_DIS_XX__AUDIO_1042_WSI_FEA_XX_wav2lip.pt
FAKE_T2_1042_WSI_SAD_XX__AUDIO_1042_WSI_ANG_XX_wav2lip,track2,1,crema_1042,ANG,SAD,-1,1,1,1,,data\preprocessed\features\z_at\FAKE_T2_1042_WSI_SAD_XX__AUDIO_1042_WSI_ANG_XX_wav2lip.pt,data\preprocessed\features\z_v\FAKE_T2_1042_WSI_SAD_XX__AUDIO_1042_WSI_ANG_XX_wav2lip.pt
FAKE_T2_1044_IEO_ANG_MD__AUDIO_1044_IEO_DIS_MD_wav2lip,track2,1,crema_1044,DIS,ANG,-1,1,1,1,,data\preprocessed\features\z_at\FAKE_T2_1044_IEO_ANG_MD__AUDIO_1044_IEO_DIS_MD_wav2lip.pt,data\preprocessed\features\z_v\FAKE_T2_1044_IEO_ANG_MD__AUDIO_1044_IEO_DIS_MD_wav2lip.pt
FAKE_T2_1044_IEO_DIS_HI__AUDIO_1044_IEO_FEA_HI_wav2lip,track2,1,crema_1044,FEA,DIS,-1,1,1,1,,data\preprocessed\features\z_at\FAKE_T2_1044_IEO_DIS_HI__AUDIO_1044_IEO_FEA_HI_wav2lip.pt,data\preprocessed\features\z_v\FAKE_T2_1044_IEO_DIS_HI__AUDIO_1044_IEO_FEA_HI_wav2lip.pt
FAKE_T2_1044_IEO_DIS_MD__AUDIO_1044_IEO_FEA_MD_wav2lip,track2,1,crema_1044,FEA,DIS,-1,1,1,1,,data\preprocessed\features\z_at\FAKE_T2_1044_IEO_DIS_MD__AUDIO_1044_IEO_FEA_MD_wav2lip.pt,data\preprocessed\features\z_v\FAKE_T2_1044_IEO_DIS_MD__AUDIO_1044_IEO_FEA_MD_wav2lip.pt
FAKE_T2_1044_IEO_FEA_HI__AUDIO_1044_IEO_HAP_HI_wav2lip,track2,1,crema_1044,HAP,FEA,-1,1,1,1,,data\preprocessed\features\z_at\FAKE_T2_1044_IEO_FEA_HI__AUDIO_1044_IEO_HAP_HI_wav2lip.pt,data\preprocessed\features\z_v\FAKE_T2_1044_IEO_FEA_HI__AUDIO_1044_IEO_HAP_HI_wav2lip.pt
FAKE_T2_1044_IEO_HAP_HI__AUDIO_1044_IEO_NEU_XX_wav2lip,track2,1,crema_1044,NEU,HAP,-1,1,1,1,,data\preprocessed\features\z_at\FAKE_T2_1044_IEO_HAP_HI__AUDIO_1044_IEO_NEU_XX_wav2lip.pt,data\preprocessed\features\z_v\FAKE_T2_1044_IEO_HAP_HI__AUDIO_1044_IEO_NEU_XX_wav2lip.pt
FAKE_T2_1044_IEO_SAD_LO__AUDIO_1044_IEO_ANG_LO_wav2lip,track2,1,crema_1044,ANG,SAD,-1,1,1,1,,data\preprocessed\features\z_at\FAKE_T2_1044_IEO_SAD_LO__AUDIO_1044_IEO_ANG_LO_wav2lip.pt,data\preprocessed\features\z_v\FAKE_T2_1044_IEO_SAD_LO__AUDIO_1044_IEO_ANG_LO_wav2lip.pt
FAKE_T2_1044_IOM_DIS_XX__AUDIO_1044_IOM_FEA_XX_wav2lip,track2,1,crema_1044,FEA,DIS,-1,1,1,1,,data\preprocessed\features\z_at\FAKE_T2_1044_IOM_DIS_XX__AUDIO_1044_IOM_FEA_XX_wav2lip.pt,data\preprocessed\features\z_v\FAKE_T2_1044_IOM_DIS_XX__AUDIO_1044_IOM_FEA_XX_wav2lip.pt
FAKE_T2_1044_ITH_ANG_XX__AUDIO_1044_ITH_DIS_XX_wav2lip,track2,1,crema_1044,DIS,ANG,-1,1,1,1,,data\preprocessed\features\z_at\FAKE_T2_1044_ITH_ANG_XX__AUDIO_1044_ITH_DIS_XX_wav2lip.pt,data\preprocessed\features\z_v\FAKE_T2_1044_ITH_ANG_XX__AUDIO_1044_ITH_DIS_XX_wav2lip.pt
FAKE_T2_1044_ITH_DIS_XX__AUDIO_1044_ITH_FEA_XX_wav2lip,track2,1,crema_1044,FEA,DIS,-1,1,1,1,,data\preprocessed\features\z_at\FAKE_T2_1044_ITH_DIS_XX__AUDIO_1044_ITH_FEA_XX_wav2lip.pt,data\preprocessed\features\z_v\FAKE_T2_1044_ITH_DIS_XX__AUDIO_1044_ITH_FEA_XX_wav2lip.pt
FAKE_T2_1044_ITH_HAP_XX__AUDIO_1044_ITH_NEU_XX_wav2lip,track2,1,crema_1044,NEU,HAP,-1,1,1,1,,data\preprocessed\features\z_at\FAKE_T2_1044_ITH_HAP_XX__AUDIO_1044_ITH_NEU_XX_wav2lip.pt,data\preprocessed\features\z_v\FAKE_T2_1044_ITH_HAP_XX__AUDIO_1044_ITH_NEU_XX_wav2lip.pt
FAKE_T2_1044_ITH_SAD_XX__AUDIO_1044_ITH_ANG_XX_wav2lip,track2,1,crema_1044,ANG,SAD,-1,1,1,1,,data\preprocessed\features\z_at\FAKE_T2_1044_ITH_SAD_XX__AUDIO_1044_ITH_ANG_XX_wav2lip.pt,data\preprocessed\features\z_v\FAKE_T2_1044_ITH_SAD_XX__AUDIO_1044_ITH_ANG_XX_wav2lip.pt
FAKE_T2_1044_ITS_ANG_XX__AUDIO_1044_ITS_DIS_XX_wav2lip,track2,1,crema_1044,DIS,ANG,-1,1,1,1,,data\preprocessed\features\z_at\FAKE_T2_1044_ITS_ANG_XX__AUDIO_1044_ITS_DIS_XX_wav2lip.pt,data\preprocessed\features\z_v\FAKE_T2_1044_ITS_ANG_XX__AUDIO_1044_ITS_DIS_XX_wav2lip.pt
FAKE_T2_1044_ITS_FEA_XX__AUDIO_1044_ITS_HAP_XX_wav2lip,track2,1,crema_1044,HAP,FEA,-1,1,1,1,,data\preprocessed\features\z_at\FAKE_T2_1044_ITS_FEA_XX__AUDIO_1044_ITS_HAP_XX_wav2lip.pt,data\preprocessed\features\z_v\FAKE_T2_1044_ITS_FEA_XX__AUDIO_1044_ITS_HAP_XX_wav2lip.pt
FAKE_T2_1044_IWL_NEU_XX__AUDIO_1044_IWL_SAD_XX_wav2lip,track2,1,crema_1044,SAD,NEU,-1,1,1,1,,data\preprocessed\features\z_at\FAKE_T2_1044_IWL_NEU_XX__AUDIO_1044_IWL_SAD_XX_wav2lip.pt,data\preprocessed\features\z_v\FAKE_T2_1044_IWL_NEU_XX__AUDIO_1044_IWL_SAD_XX_wav2lip.pt
FAKE_T2_1044_IWW_SAD_XX__AUDIO_1044_IWW_ANG_XX_wav2lip,track2,1,crema_1044,ANG,SAD,-1,1,1,1,,data\preprocessed\features\z_at\FAKE_T2_1044_IWW_SAD_XX__AUDIO_1044_IWW_ANG_XX_wav2lip.pt,data\preprocessed\features\z_v\FAKE_T2_1044_IWW_SAD_XX__AUDIO_1044_IWW_ANG_XX_wav2lip.pt
FAKE_T2_1044_MTI_FEA_XX__AUDIO_1044_MTI_HAP_XX_wav2lip,track2,1,crema_1044,HAP,FEA,-1,1,1,1,,data\preprocessed\features\z_at\FAKE_T2_1044_MTI_FEA_XX__AUDIO_1044_MTI_HAP_XX_wav2lip.pt,data\preprocessed\features\z_v\FAKE_T2_1044_MTI_FEA_XX__AUDIO_1044_MTI_HAP_XX_wav2lip.pt
FAKE_T2_1044_TAI_ANG_XX__AUDIO_1044_TAI_DIS_XX_wav2lip,track2,1,crema_1044,DIS,ANG,-1,1,1,1,,data\preprocessed\features\z_at\FAKE_T2_1044_TAI_ANG_XX__AUDIO_1044_TAI_DIS_XX_wav2lip.pt,data\preprocessed\features\z_v\FAKE_T2_1044_TAI_ANG_XX__AUDIO_1044_TAI_DIS_XX_wav2lip.pt
FAKE_T2_1044_TAI_DIS_XX__AUDIO_1044_TAI_FEA_XX_wav2lip,track2,1,crema_1044,FEA,DIS,-1,1,1,1,,data\preprocessed\features\z_at\FAKE_T2_1044_TAI_DIS_XX__AUDIO_1044_TAI_FEA_XX_wav2lip.pt,data\preprocessed\features\z_v\FAKE_T2_1044_TAI_DIS_XX__AUDIO_1044_TAI_FEA_XX_wav2lip.pt
FAKE_T2_1044_TAI_NEU_XX__AUDIO_1044_TAI_SAD_XX_wav2lip,track2,1,crema_1044,SAD,NEU,-1,1,1,1,,data\preprocessed\features\z_at\FAKE_T2_1044_TAI_NEU_XX__AUDIO_1044_TAI_SAD_XX_wav2lip.pt,data\preprocessed\features\z_v\FAKE_T2_1044_TAI_NEU_XX__AUDIO_1044_TAI_SAD_XX_wav2lip.pt
FAKE_T2_1044_TIE_DIS_XX__AUDIO_1044_TIE_FEA_XX_wav2lip,track2,1,crema_1044,FEA,DIS,-1,1,1,1,,data\preprocessed\features\z_at\FAKE_T2_1044_TIE_DIS_XX__AUDIO_1044_TIE_FEA_XX_wav2lip.pt,data\preprocessed\features\z_v\FAKE_T2_1044_TIE_DIS_XX__AUDIO_1044_TIE_FEA_XX_wav2lip.pt
FAKE_T2_1044_TIE_FEA_XX__AUDIO_1044_TIE_HAP_XX_wav2lip,track2,1,crema_1044,HAP,FEA,-1,1,1,1,,data\preprocessed\features\z_at\FAKE_T2_1044_TIE_FEA_XX__AUDIO_1044_TIE_HAP_XX_wav2lip.pt,data\preprocessed\features\z_v\FAKE_T2_1044_TIE_FEA_XX__AUDIO_1044_TIE_HAP_XX_wav2lip.pt
FAKE_T2_1044_TIE_NEU_XX__AUDIO_1044_TIE_SAD_XX_wav2lip,track2,1,crema_1044,SAD,NEU,-1,1,1,1,,data\preprocessed\features\z_at\FAKE_T2_1044_TIE_NEU_XX__AUDIO_1044_TIE_SAD_XX_wav2lip.pt,data\preprocessed\features\z_v\FAKE_T2_1044_TIE_NEU_XX__AUDIO_1044_TIE_SAD_XX_wav2lip.pt
FAKE_T2_1044_TSI_HAP_XX__AUDIO_1044_TSI_NEU_XX_wav2lip,track2,1,crema_1044,NEU,HAP,-1,1,1,1,,data\preprocessed\features\z_at\FAKE_T2_1044_TSI_HAP_XX__AUDIO_1044_TSI_NEU_XX_wav2lip.pt,data\preprocessed\features\z_v\FAKE_T2_1044_TSI_HAP_XX__AUDIO_1044_TSI_NEU_XX_wav2lip.pt
FAKE_T2_1044_TSI_NEU_XX__AUDIO_1044_TSI_SAD_XX_wav2lip,track2,1,crema_1044,SAD,NEU,-1,1,1,1,,data\preprocessed\features\z_at\FAKE_T2_1044_TSI_NEU_XX__AUDIO_1044_TSI_SAD_XX_wav2lip.pt,data\preprocessed\features\z_v\FAKE_T2_1044_TSI_NEU_XX__AUDIO_1044_TSI_SAD_XX_wav2lip.pt
FAKE_T2_1044_TSI_SAD_XX__AUDIO_1044_TSI_ANG_XX_wav2lip,track2,1,crema_1044,ANG,SAD,-1,1,1,1,,data\preprocessed\features\z_at\FAKE_T2_1044_TSI_SAD_XX__AUDIO_1044_TSI_ANG_XX_wav2lip.pt,data\preprocessed\features\z_v\FAKE_T2_1044_TSI_SAD_XX__AUDIO_1044_TSI_ANG_XX_wav2lip.pt
FAKE_T2_1045_DFA_DIS_XX__AUDIO_1045_DFA_FEA_XX_wav2lip,track2,1,crema_1045,FEA,DIS,-1,1,1,1,,data\preprocessed\features\z_at\FAKE_T2_1045_DFA_DIS_XX__AUDIO_1045_DFA_FEA_XX_wav2lip.pt,data\preprocessed\features\z_v\FAKE_T2_1045_DFA_DIS_XX__AUDIO_1045_DFA_FEA_XX_wav2lip.pt
FAKE_T2_1045_DFA_SAD_XX__AUDIO_1045_DFA_ANG_XX_wav2lip,track2,1,crema_1045,ANG,SAD,-1,1,1,1,,data\preprocessed\features\z_at\FAKE_T2_1045_DFA_SAD_XX__AUDIO_1045_DFA_ANG_XX_wav2lip.pt,data\preprocessed\features\z_v\FAKE_T2_1045_DFA_SAD_XX__AUDIO_1045_DFA_ANG_XX_wav2lip.pt
FAKE_T2_1045_IEO_DIS_MD__AUDIO_1045_IEO_FEA_MD_wav2lip,track2,1,crema_1045,FEA,DIS,-1,1,1,1,,data\preprocessed\features\z_at\FAKE_T2_1045_IEO_DIS_MD__AUDIO_1045_IEO_FEA_MD_wav2lip.pt,data\preprocessed\features\z_v\FAKE_T2_1045_IEO_DIS_MD__AUDIO_1045_IEO_FEA_MD_wav2lip.pt
FAKE_T2_1045_IEO_HAP_HI__AUDIO_1045_IEO_NEU_XX_wav2lip,track2,1,crema_1045,NEU,HAP,-1,1,1,1,,data\preprocessed\features\z_at\FAKE_T2_1045_IEO_HAP_HI__AUDIO_1045_IEO_NEU_XX_wav2lip.pt,data\preprocessed\features\z_v\FAKE_T2_1045_IEO_HAP_HI__AUDIO_1045_IEO_NEU_XX_wav2lip.pt
FAKE_T2_1045_IEO_HAP_MD__AUDIO_1045_IEO_NEU_XX_wav2lip,track2,1,crema_1045,NEU,HAP,-1,1,1,1,,data\preprocessed\features\z_at\FAKE_T2_1045_IEO_HAP_MD__AUDIO_1045_IEO_NEU_XX_wav2lip.pt,data\preprocessed\features\z_v\FAKE_T2_1045_IEO_HAP_MD__AUDIO_1045_IEO_NEU_XX_wav2lip.pt
FAKE_T2_1045_IEO_SAD_HI__AUDIO_1045_IEO_ANG_HI_wav2lip,track2,1,crema_1045,ANG,SAD,-1,1,1,1,,data\preprocessed\features\z_at\FAKE_T2_1045_IEO_SAD_HI__AUDIO_1045_IEO_ANG_HI_wav2lip.pt,data\preprocessed\features\z_v\FAKE_T2_1045_IEO_SAD_HI__AUDIO_1045_IEO_ANG_HI_wav2lip.pt
