clip_id,source_pipeline,fake_label,speaker_id,audio_emotion,visual_emotion,sarcasm_label,has_z_at,has_z_v,is_ready_for_training,video_path,z_at_path,z_v_path
FAKE_T3_1014_IEO_ANG_HI__AUDIO_1014_IEO_DIS_HI_sadtalker,track3,1,crema_1014,DIS,ANG,-1,1,1,1,,data\preprocessed\features\z_at\FAKE_T3_1014_IEO_ANG_HI__AUDIO_1014_IEO_DIS_HI_sadtalker.pt,data\preprocessed\features\z_v\FAKE_T3_1014_IEO_ANG_HI__AUDIO_1014_IEO_DIS_HI_sadtalker.pt
FAKE_T3_1014_IEO_ANG_MD__AUDIO_1014_IEO_DIS_MD_sadtalker,track3,1,crema_1014,DIS,ANG,-1,1,1,1,,data\preprocessed\features\z_at\FAKE_T3_1014_IEO_ANG_MD__AUDIO_1014_IEO_DIS_MD_sadtalker.pt,data\preprocessed\features\z_v\FAKE_T3_1014_IEO_ANG_MD__AUDIO_1014_IEO_DIS_MD_sadtalker.pt
FAKE_T3_1014_IEO_FEA_HI__AUDIO_1014_IEO_HAP_HI_sadtalker,track3,1,crema_1014,HAP,FEA,-1,1,1,1,,data\preprocessed\features\z_at\FAKE_T3_1014_IEO_FEA_HI__AUDIO_1014_IEO_HAP_HI_sadtalker.pt,data\preprocessed\features\z_v\FAKE_T3_1014_IEO_FEA_HI__AUDIO_1014_IEO_HAP_HI_sadtalker.pt
FAKE_T3_1014_IEO_FEA_MD__AUDIO_1014_IEO_HAP_MD_sadtalker,track3,1,crema_1014,HAP,FEA,-1,1,1,1,,data\preprocessed\features\z_at\FAKE_T3_1014_IEO_FEA_MD__AUDIO_1014_IEO_HAP_MD_sadtalker.pt,data\preprocessed\features\z_v\FAKE_T3_1014_IEO_FEA_MD__AUDIO_1014_IEO_HAP_MD_sadtalker.pt
FAKE_T3_1014_IEO_HAP_HI__AUDIO_1014_IEO_NEU_XX_sadtalker,track3,1,crema_1014,NEU,HAP,-1,1,1,1,,data\preprocessed\features\z_at\FAKE_T3_1014_IEO_HAP_HI__AUDIO_1014_IEO_NEU_XX_sadtalker.pt,data\preprocessed\features\z_v\FAKE_T3_1014_IEO_HAP_HI__AUDIO_1014_IEO_NEU_XX_sadtalker.pt
FAKE_T3_1014_IEO_HAP_MD__AUDIO_1014_IEO_NEU_XX_sadtalker,track3,1,crema_1014,NEU,HAP,-1,1,1,1,,data\preprocessed\features\z_at\FAKE_T3_1014_IEO_HAP_MD__AUDIO_1014_IEO_NEU_XX_sadtalker.pt,data\preprocessed\features\z_v\FAKE_T3_1014_IEO_HAP_MD__AUDIO_1014_IEO_NEU_XX_sadtalker.pt
FAKE_T3_1014_IOM_HAP_XX__AUDIO_1014_IOM_NEU_XX_sadtalker,track3,1,crema_1014,NEU,HAP,-1,1,1,1,,data\preprocessed\features\z_at\FAKE_T3_1014_IOM_HAP_XX__AUDIO_1014_IOM_NEU_XX_sadtalker.pt,data\preprocessed\features\z_v\FAKE_T3_1014_IOM_HAP_XX__AUDIO_1014_IOM_NEU_XX_sadtalker.pt
FAKE_T3_1014_ITH_ANG_XX__AUDIO_1014_ITH_DIS_XX_sadtalker,track3,1,crema_1014,DIS,ANG,-1,1,1,1,,data\preprocessed\features\z_at\FAKE_T3_1014_ITH_ANG_XX__AUDIO_1014_ITH_DIS_XX_sadtalker.pt,data\preprocessed\features\z_v\FAKE_T3_1014_ITH_ANG_XX__AUDIO_1014_ITH_DIS_XX_sadtalker.pt
FAKE_T3_1014_ITH_DIS_XX__AUDIO_1014_ITH_FEA_XX_sadtalker,track3,1,crema_1014,FEA,DIS,-1,1,1,1,,data\preprocessed\features\z_at\FAKE_T3_1014_ITH_DIS_XX__AUDIO_1014_ITH_FEA_XX_sadtalker.pt,data\preprocessed\features\z_v\FAKE_T3_1014_ITH_DIS_XX__AUDIO_1014_ITH_FEA_XX_sadtalker.pt
FAKE_T3_1014_ITH_FEA_XX__AUDIO_1014_ITH_HAP_XX_sadtalker,track3,1,crema_1014,HAP,FEA,-1,1,1,1,,data\preprocessed\features\z_at\FAKE_T3_1014_ITH_FEA_XX__AUDIO_1014_ITH_HAP_XX_sadtalker.pt,data\preprocessed\features\z_v\FAKE_T3_1014_ITH_FEA_XX__AUDIO_1014_ITH_HAP_XX_sadtalker.pt
FAKE_T3_1014_ITH_HAP_XX__AUDIO_1014_ITH_NEU_XX_sadtalker,track3,1,crema_1014,NEU,HAP,-1,1,1,1,,data\preprocessed\features\z_at\FAKE_T3_1014_ITH_HAP_XX__AUDIO_1014_ITH_NEU_XX_sadtalker.pt,data\preprocessed\features\z_v\FAKE_T3_1014_ITH_HAP_XX__AUDIO_1014_ITH_NEU_XX_sadtalker.pt
FAKE_T3_1014_ITH_SAD_XX__AUDIO_1014_ITH_ANG_XX_sadtalker,track3,1,crema_1014,ANG,SAD,-1,1,1,1,,data\preprocessed\features\z_at\FAKE_T3_1014_ITH_SAD_XX__AUDIO_1014_ITH_ANG_XX_sadtalker.pt,data\preprocessed\features\z_v\FAKE_T3_1014_ITH_SAD_XX__AUDIO_1014_ITH_ANG_XX_sadtalker.pt
FAKE_T3_1014_ITS_ANG_XX__AUDIO_1014_ITS_DIS_XX_sadtalker,track3,1,crema_1014,DIS,ANG,-1,1,1,1,,data\preprocessed\features\z_at\FAKE_T3_1014_ITS_ANG_XX__AUDIO_1014_ITS_DIS_XX_sadtalker.pt,data\preprocessed\features\z_v\FAKE_T3_1014_ITS_ANG_XX__AUDIO_1014_ITS_DIS_XX_sadtalker.pt
FAKE_T3_1014_ITS_DIS_XX__AUDIO_1014_ITS_FEA_XX_sadtalker,track3,1,crema_1014,FEA,DIS,-1,1,1,1,,data\preprocessed\features\z_at\FAKE_T3_1014_ITS_DIS_XX__AUDIO_1014_ITS_FEA_XX_sadtalker.pt,data\preprocessed\features\z_v\FAKE_T3_1014_ITS_DIS_XX__AUDIO_1014_ITS_FEA_XX_sadtalker.pt
FAKE_T3_1014_ITS_FEA_XX__AUDIO_1014_ITS_HAP_XX_sadtalker,track3,1,crema_1014,HAP,FEA,-1,1,1,1,,data\preprocessed\features\z_at\FAKE_T3_1014_ITS_FEA_XX__AUDIO_1014_ITS_HAP_XX_sadtalker.pt,data\preprocessed\features\z_v\FAKE_T3_1014_ITS_FEA_XX__AUDIO_1014_ITS_HAP_XX_sadtalker.pt
FAKE_T3_1014_IWL_DIS_XX__AUDIO_1014_IWL_FEA_XX_sadtalker,track3,1,crema_1014,FEA,DIS,-1,1,1,1,,data\preprocessed\features\z_at\FAKE_T3_1014_IWL_DIS_XX__AUDIO_1014_IWL_FEA_XX_sadtalker.pt,data\preprocessed\features\z_v\FAKE_T3_1014_IWL_DIS_XX__AUDIO_1014_IWL_FEA_XX_sadtalker.pt
FAKE_T3_1014_IWL_FEA_XX__AUDIO_1014_IWL_HAP_XX_sadtalker,track3,1,crema_1014,HAP,FEA,-1,1,1,1,,data\preprocessed\features\z_at\FAKE_T3_1014_IWL_FEA_XX__AUDIO_1014_IWL_HAP_XX_sadtalker.pt,data\preprocessed\features\z_v\FAKE_T3_1014_IWL_FEA_XX__AUDIO_1014_IWL_HAP_XX_sadtalker.pt
FAKE_T3_1014_IWL_HAP_XX__AUDIO_1014_IWL_NEU_XX_sadtalker,track3,1,crema_1014,NEU,HAP,-1,1,1,1,,data\preprocessed\features\z_at\FAKE_T3_1014_IWL_HAP_XX__AUDIO_1014_IWL_NEU_XX_sadtalker.pt,data\preprocessed\features\z_v\FAKE_T3_1014_IWL_HAP_XX__AUDIO_1014_IWL_NEU_XX_sadtalker.pt
FAKE_T3_1014_IWL_NEU_XX__AUDIO_1014_IWL_SAD_XX_sadtalker,track3,1,crema_1014,SAD,NEU,-1,1,1,1,,data\preprocessed\features\z_at\FAKE_T3_1014_IWL_NEU_XX__AUDIO_1014_IWL_SAD_XX_sadtalker.pt,data\preprocessed\features\z_v\FAKE_T3_1014_IWL_NEU_XX__AUDIO_1014_IWL_SAD_XX_sadtalker.pt
FAKE_T3_1014_IWW_ANG_XX__AUDIO_1014_IWW_DIS_XX_sadtalker,track3,1,crema_1014,DIS,ANG,-1,1,1,1,,data\preprocessed\features\z_at\FAKE_T3_1014_IWW_ANG_XX__AUDIO_1014_IWW_DIS_XX_sadtalker.pt,data\preprocessed\features\z_v\FAKE_T3_1014_IWW_ANG_XX__AUDIO_1014_IWW_DIS_XX_sadtalker.pt
FAKE_T3_1014_IWW_DIS_XX__AUDIO_1014_IWW_FEA_XX_sadtalker,track3,1,crema_1014,FEA,DIS,-1,1,1,1,,data\preprocessed\features\z_at\FAKE_T3_1014_IWW_DIS_XX__AUDIO_1014_IWW_FEA_XX_sadtalker.pt,data\preprocessed\features\z_v\FAKE_T3_1014_IWW_DIS_XX__AUDIO_1014_IWW_FEA_XX_sadtalker.pt
FAKE_T3_1014_IWW_HAP_XX__AUDIO_1014_IWW_NEU_XX_sadtalker,track3,1,crema_1014,NEU,HAP,-1,1,1,1,,data\preprocessed\features\z_at\FAKE_T3_1014_IWW_HAP_XX__AUDIO_1014_IWW_NEU_XX_sadtalker.pt,data\preprocessed\features\z_v\FAKE_T3_1014_IWW_HAP_XX__AUDIO_1014_IWW_NEU_XX_sadtalker.pt
FAKE_T3_1014_IWW_NEU_XX__AUDIO_1014_IWW_SAD_XX_sadtalker,track3,1,crema_1014,SAD,NEU,-1,1,1,1,,data\preprocessed\features\z_at\FAKE_T3_1014_IWW_NEU_XX__AUDIO_1014_IWW_SAD_XX_sadtalker.pt,data\preprocessed\features\z_v\FAKE_T3_1014_IWW_NEU_XX__AUDIO_1014_IWW_SAD_XX_sadtalker.pt
FAKE_T3_1014_IWW_SAD_XX__AUDIO_1014_IWW_ANG_XX_sadtalker,track3,1,crema_1014,ANG,SAD,-1,1,1,1,,data\preprocessed\features\z_at\FAKE_T3_1014_IWW_SAD_XX__AUDIO_1014_IWW_ANG_XX_sadtalker.pt,data\preprocessed\features\z_v\FAKE_T3_1014_IWW_SAD_XX__AUDIO_1014_IWW_ANG_XX_sadtalker.pt
FAKE_T3_1014_MTI_SAD_XX__AUDIO_1014_MTI_ANG_XX_sadtalker,track3,1,crema_1014,ANG,SAD,-1,1,1,1,,data\preprocessed\features\z_at\FAKE_T3_1014_MTI_SAD_XX__AUDIO_1014_MTI_ANG_XX_sadtalker.pt,data\preprocessed\features\z_v\FAKE_T3_1014_MTI_SAD_XX__AUDIO_1014_MTI_ANG_XX_sadtalker.pt
FAKE_T3_1014_TAI_ANG_XX__AUDIO_1014_TAI_DIS_XX_sadtalker,track3,1,crema_1014,DIS,ANG,-1,1,1,1,,data\preprocessed\features\z_at\FAKE_T3_1014_TAI_ANG_XX__AUDIO_1014_TAI_DIS_XX_sadtalker.pt,data\preprocessed\features\z_v\FAKE_T3_1014_TAI_ANG_XX__AUDIO_1014_TAI_DIS_XX_sadtalker.pt
FAKE_T3_1014_TAI_DIS_XX__AUDIO_1014_TAI_FEA_XX_sadtalker,track3,1,crema_1014,FEA,DIS,-1,1,1,1,,data\preprocessed\features\z_at\FAKE_T3_1014_TAI_DIS_XX__AUDIO_1014_TAI_FEA_XX_sadtalker.pt,data\preprocessed\features\z_v\FAKE_T3_1014_TAI_DIS_XX__AUDIO_1014_TAI_FEA_XX_sadtalker.pt
FAKE_T3_1014_TAI_FEA_XX__AUDIO_1014_TAI_HAP_XX_sadtalker,track3,1,crema_1014,HAP,FEA,-1,1,1,1,,data\preprocessed\features\z_at\FAKE_T3_1014_TAI_FEA_XX__AUDIO_1014_TAI_HAP_XX_sadtalker.pt,data\preprocessed\features\z_v\FAKE_T3_1014_TAI_FEA_XX__AUDIO_1014_TAI_HAP_XX_sadtalker.pt
FAKE_T3_1014_TAI_HAP_XX__AUDIO_1014_TAI_NEU_XX_sadtalker,track3,1,crema_1014,NEU,HAP,-1,1,1,1,,data\preprocessed\features\z_at\FAKE_T3_1014_TAI_HAP_XX__AUDIO_1014_TAI_NEU_XX_sadtalker.pt,data\preprocessed\features\z_v\FAKE_T3_1014_TAI_HAP_XX__AUDIO_1014_TAI_NEU_XX_sadtalker.pt
FAKE_T3_1014_TIE_ANG_XX__AUDIO_1014_TIE_DIS_XX_sadtalker,track3,1,crema_1014,DIS,ANG,-1,1,1,1,,data\preprocessed\features\z_at\FAKE_T3_1014_TIE_ANG_XX__AUDIO_1014_TIE_DIS_XX_sadtalker.pt,data\preprocessed\features\z_v\FAKE_T3_1014_TIE_ANG_XX__AUDIO_1014_TIE_DIS_XX_sadtalker.pt
FAKE_T3_1014_TIE_NEU_XX__AUDIO_1014_TIE_SAD_XX_sadtalker,track3,1,crema_1014,SAD,NEU,-1,1,1,1,,data\preprocessed\features\z_at\FAKE_T3_1014_TIE_NEU_XX__AUDIO_1014_TIE_SAD_XX_sadtalker.pt,data\preprocessed\features\z_v\FAKE_T3_1014_TIE_NEU_XX__AUDIO_1014_TIE_SAD_XX_sadtalker.pt
FAKE_T3_1014_TSI_HAP_XX__AUDIO_1014_TSI_NEU_XX_sadtalker,track3,1,crema_1014,NEU,HAP,-1,1,1,1,,data\preprocessed\features\z_at\FAKE_T3_1014_TSI_HAP_XX__AUDIO_1014_TSI_NEU_XX_sadtalker.pt,data\preprocessed\features\z_v\FAKE_T3_1014_TSI_HAP_XX__AUDIO_1014_TSI_NEU_XX_sadtalker.pt
FAKE_T3_1014_TSI_NEU_XX__AUDIO_1014_TSI_SAD_XX_sadtalker,track3,1,crema_1014,SAD,NEU,-1,1,1,1,,data\preprocessed\features\z_at\FAKE_T3_1014_TSI_NEU_XX__AUDIO_1014_TSI_SAD_XX_sadtalker.pt,data\preprocessed\features\z_v\FAKE_T3_1014_TSI_NEU_XX__AUDIO_1014_TSI_SAD_XX_sadtalker.pt
FAKE_T3_1014_TSI_SAD_XX__AUDIO_1014_TSI_ANG_XX_sadtalker,track3,1,crema_1014,ANG,SAD,-1,1,1,1,,data\preprocessed\features\z_at\FAKE_T3_1014_TSI_SAD_XX__AUDIO_1014_TSI_ANG_XX_sadtalker.pt,data\preprocessed\features\z_v\FAKE_T3_1014_TSI_SAD_XX__AUDIO_1014_TSI_ANG_XX_sadtalker.pt
FAKE_T3_1014_WSI_DIS_XX__AUDIO_1014_WSI_FEA_XX_sadtalker,track3,1,crema_1014,FEA,DIS,-1,1,1,1,,data\preprocessed\features\z_at\FAKE_T3_1014_WSI_DIS_XX__AUDIO_1014_WSI_FEA_XX_sadtalker.pt,data\preprocessed\features\z_v\FAKE_T3_1014_WSI_DIS_XX__AUDIO_1014_WSI_FEA_XX_sadtalker.pt
FAKE_T3_1014_WSI_FEA_XX__AUDIO_1014_WSI_HAP_XX_sadtalker,track3,1,crema_1014,HAP,FEA,-1,1,1,1,,data\preprocessed\features\z_at\FAKE_T3_1014_WSI_FEA_XX__AUDIO_1014_WSI_HAP_XX_sadtalker.pt,data\preprocessed\features\z_v\FAKE_T3_1014_WSI_FEA_XX__AUDIO_1014_WSI_HAP_XX_sadtalker.pt
FAKE_T3_1015_DFA_ANG_XX__AUDIO_1015_DFA_DIS_XX_sadtalker,track3,1,crema_1015,DIS,ANG,-1,1,1,1,,data\preprocessed\features\z_at\FAKE_T3_1015_DFA_ANG_XX__AUDIO_1015_DFA_DIS_XX_sadtalker.pt,data\preprocessed\features\z_v\FAKE_T3_1015_DFA_ANG_XX__AUDIO_1015_DFA_DIS_XX_sadtalker.pt
FAKE_T3_1015_DFA_DIS_XX__AUDIO_1015_DFA_FEA_XX_sadtalker,track3,1,crema_1015,FEA,DIS,-1,1,1,1,,data\preprocessed\features\z_at\FAKE_T3_1015_DFA_DIS_XX__AUDIO_1015_DFA_FEA_XX_sadtalker.pt,data\preprocessed\features\z_v\FAKE_T3_1015_DFA_DIS_XX__AUDIO_1015_DFA_FEA_XX_sadtalker.pt
FAKE_T3_1015_DFA_FEA_XX__AUDIO_1015_DFA_HAP_XX_sadtalker,track3,1,crema_1015,HAP,FEA,-1,1,1,1,,data\preprocessed\features\z_at\FAKE_T3_1015_DFA_FEA_XX__AUDIO_1015_DFA_HAP_XX_sadtalker.pt,data\preprocessed\features\z_v\FAKE_T3_1015_DFA_FEA_XX__AUDIO_1015_DFA_HAP_XX_sadtalker.pt
FAKE_T3_1015_DFA_HAP_XX__AUDIO_1015_DFA_NEU_XX_sadtalker,track3,1,crema_1015,NEU,HAP,-1,1,1,1,,data\preprocessed\features\z_at\FAKE_T3_1015_DFA_HAP_XX__AUDIO_1015_DFA_NEU_XX_sadtalker.pt,data\preprocessed\features\z_v\FAKE_T3_1015_DFA_HAP_XX__AUDIO_1015_DFA_NEU_XX_sadtalker.pt
FAKE_T3_1015_DFA_SAD_XX__AUDIO_1015_DFA_ANG_XX_sadtalker,track3,1,crema_1015,ANG,SAD,-1,1,1,1,,data\preprocessed\features\z_at\FAKE_T3_1015_DFA_SAD_XX__AUDIO_1015_DFA_ANG_XX_sadtalker.pt,data\preprocessed\features\z_v\FAKE_T3_1015_DFA_SAD_XX__AUDIO_1015_DFA_ANG_XX_sadtalker.pt
FAKE_T3_1015_IEO_DIS_HI__AUDIO_1015_IEO_FEA_HI_sadtalker,track3,1,crema_1015,FEA,DIS,-1,1,1,1,,data\preprocessed\features\z_at\FAKE_T3_1015_IEO_DIS_HI__AUDIO_1015_IEO_FEA_HI_sadtalker.pt,data\preprocessed\features\z_v\FAKE_T3_1015_IEO_DIS_HI__AUDIO_1015_IEO_FEA_HI_sadtalker.pt
FAKE_T3_1015_IEO_DIS_MD__AUDIO_1015_IEO_FEA_MD_sadtalker,track3,1,crema_1015,FEA,DIS,-1,1,1,1,,data\preprocessed\features\z_at\FAKE_T3_1015_IEO_DIS_MD__AUDIO_1015_IEO_FEA_MD_sadtalker.pt,data\preprocessed\features\z_v\FAKE_T3_1015_IEO_DIS_MD__AUDIO_1015_IEO_FEA_MD_sadtalker.pt
FAKE_T3_1015_IEO_FEA_MD__AUDIO_1015_IEO_HAP_MD_sadtalker,track3,1,crema_1015,HAP,FEA,-1,1,1,1,,data\preprocessed\features\z_at\FAKE_T3_1015_IEO_FEA_MD__AUDIO_1015_IEO_HAP_MD_sadtalker.pt,data\preprocessed\features\z_v\FAKE_T3_1015_IEO_FEA_MD__AUDIO_1015_IEO_HAP_MD_sadtalker.pt
FAKE_T3_1015_IEO_HAP_MD__AUDIO_1015_IEO_NEU_XX_sadtalker,track3,1,crema_1015,NEU,HAP,-1,1,1,1,,data\preprocessed\features\z_at\FAKE_T3_1015_IEO_HAP_MD__AUDIO_1015_IEO_NEU_XX_sadtalker.pt,data\preprocessed\features\z_v\FAKE_T3_1015_IEO_HAP_MD__AUDIO_1015_IEO_NEU_XX_sadtalker.pt
FAKE_T3_1015_IEO_NEU_XX__AUDIO_1015_IEO_SAD_HI_sadtalker,track3,1,crema_1015,SAD,NEU,-1,1,1,1,,data\preprocessed\features\z_at\FAKE_T3_1015_IEO_NEU_XX__AUDIO_1015_IEO_SAD_HI_sadtalker.pt,data\preprocessed\features\z_v\FAKE_T3_1015_IEO_NEU_XX__AUDIO_1015_IEO_SAD_HI_sadtalker.pt
FAKE_T3_1015_IEO_SAD_MD__AUDIO_1015_IEO_ANG_MD_sadtalker,track3,1,crema_1015,ANG,SAD,-1,1,1,1,,data\preprocessed\features\z_at\FAKE_T3_1015_IEO_SAD_MD__AUDIO_1015_IEO_ANG_MD_sadtalker.pt,data\preprocessed\features\z_v\FAKE_T3_1015_IEO_SAD_MD__AUDIO_1015_IEO_ANG_MD_sadtalker.pt
FAKE_T3_1015_IOM_ANG_XX__AUDIO_1015_IOM_DIS_XX_sadtalker,track3,1,crema_1015,DIS,ANG,-1,1,1,1,,data\preprocessed\features\z_at\FAKE_T3_1015_IOM_ANG_XX__AUDIO_1015_IOM_DIS_XX_sadtalker.pt,data\preprocessed\features\z_v\FAKE_T3_1015_IOM_ANG_XX__AUDIO_1015_IOM_DIS_XX_sadtalker.pt
FAKE_T3_1015_IOM_HAP_XX__AUDIO_1015_IOM_NEU_XX_sadtalker,track3,1,crema_1015,NEU,HAP,-1,1,1,1,,data\preprocessed\features\z_at\FAKE_T3_1015_IOM_HAP_XX__AUDIO_1015_IOM_NEU_XX_sadtalker.pt,data\preprocessed\features\z_v\FAKE_T3_1015_IOM_HAP_XX__AUDIO_1015_IOM_NEU_XX_sadtalker.pt
FAKE_T3_1015_ITH_DIS_XX__AUDIO_1015_ITH_FEA_XX_sadtalker,track3,1,crema_1015,FEA,DIS,-1,1,1,1,,data\preprocessed\features\z_at\FAKE_T3_1015_ITH_DIS_XX__AUDIO_1015_ITH_FEA_XX_sadtalker.pt,data\preprocessed\features\z_v\FAKE_T3_1015_ITH_DIS_XX__AUDIO_1015_ITH_FEA_XX_sadtalker.pt
FAKE_T3_1015_ITH_FEA_XX__AUDIO_1015_ITH_HAP_XX_sadtalker,track3,1,crema_1015,HAP,FEA,-1,1,1,1,,data\preprocessed\features\z_at\FAKE_T3_1015_ITH_FEA_XX__AUDIO_1015_ITH_HAP_XX_sadtalker.pt,data\preprocessed\features\z_v\FAKE_T3_1015_ITH_FEA_XX__AUDIO_1015_ITH_HAP_XX_sadtalker.pt
FAKE_T3_1015_ITH_HAP_XX__AUDIO_1015_ITH_NEU_XX_sadtalker,track3,1,crema_1015,NEU,HAP,-1,1,1,1,,data\preprocessed\features\z_at\FAKE_T3_1015_ITH_HAP_XX__AUDIO_1015_ITH_NEU_XX_sadtalker.pt,data\preprocessed\features\z_v\FAKE_T3_1015_ITH_HAP_XX__AUDIO_1015_ITH_NEU_XX_sadtalker.pt
FAKE_T3_1015_ITH_SAD_XX__AUDIO_1015_ITH_ANG_XX_sadtalker,track3,1,crema_1015,ANG,SAD,-1,1,1,1,,data\preprocessed\features\z_at\FAKE_T3_1015_ITH_SAD_XX__AUDIO_1015_ITH_ANG_XX_sadtalker.pt,data\preprocessed\features\z_v\FAKE_T3_1015_ITH_SAD_XX__AUDIO_1015_ITH_ANG_XX_sadtalker.pt
FAKE_T3_1015_ITS_ANG_XX__AUDIO_1015_ITS_DIS_XX_sadtalker,track3,1,crema_1015,DIS,ANG,-1,1,1,1,,data\preprocessed\features\z_at\FAKE_T3_1015_ITS_ANG_XX__AUDIO_1015_ITS_DIS_XX_sadtalker.pt,data\preprocessed\features\z_v\FAKE_T3_1015_ITS_ANG_XX__AUDIO_1015_ITS_DIS_XX_sadtalker.pt
FAKE_T3_1015_ITS_FEA_XX__AUDIO_1015_ITS_HAP_XX_sadtalker,track3,1,crema_1015,HAP,FEA,-1,1,1,1,,data\preprocessed\features\z_at\FAKE_T3_1015_ITS_FEA_XX__AUDIO_1015_ITS_HAP_XX_sadtalker.pt,data\preprocessed\features\z_v\FAKE_T3_1015_ITS_FEA_XX__AUDIO_1015_ITS_HAP_XX_sadtalker.pt
FAKE_T3_1015_ITS_NEU_XX__AUDIO_1015_ITS_SAD_XX_sadtalker,track3,1,crema_1015,SAD,NEU,-1,1,1,1,,data\preprocessed\features\z_at\FAKE_T3_1015_ITS_NEU_XX__AUDIO_1015_ITS_SAD_XX_sadtalker.pt,data\preprocessed\features\z_v\FAKE_T3_1015_ITS_NEU_XX__AUDIO_1015_ITS_SAD_XX_sadtalker.pt
FAKE_T3_1015_IWL_ANG_XX__AUDIO_1015_IWL_DIS_XX_sadtalker,track3,1,crema_1015,DIS,ANG,-1,1,1,1,,data\preprocessed\features\z_at\FAKE_T3_1015_IWL_ANG_XX__AUDIO_1015_IWL_DIS_XX_sadtalker.pt,data\preprocessed\features\z_v\FAKE_T3_1015_IWL_ANG_XX__AUDIO_1015_IWL_DIS_XX_sadtalker.pt
FAKE_T3_1015_IWL_FEA_XX__AUDIO_1015_IWL_HAP_XX_sadtalker,track3,1,crema_1015,HAP,FEA,-1,1,1,1,,data\preprocessed\features\z_at\FAKE_T3_1015_IWL_FEA_XX__AUDIO_1015_IWL_HAP_XX_sadtalker.pt,data\preprocessed\features\z_v\FAKE_T3_1015_IWL_FEA_XX__AUDIO_1015_IWL_HAP_XX_sadtalker.pt
FAKE_T3_1015_IWL_HAP_XX__AUDIO_1015_IWL_NEU_XX_sadtalker,track3,1,crema_1015,NEU,HAP,-1,1,1,1,,data\preprocessed\features\z_at\FAKE_T3_1015_IWL_HAP_XX__AUDIO_1015_IWL_NEU_XX_sadtalker.pt,data\preprocessed\features\z_v\FAKE_T3_1015_IWL_HAP_XX__AUDIO_1015_IWL_NEU_XX_sadtalker.pt
FAKE_T3_1015_IWL_NEU_XX__AUDIO_1015_IWL_SAD_XX_sadtalker,track3,1,crema_1015,SAD,NEU,-1,1,1,1,,data\preprocessed\features\z_at\FAKE_T3_1015_IWL_NEU_XX__AUDIO_1015_IWL_SAD_XX_sadtalker.pt,data\preprocessed\features\z_v\FAKE_T3_1015_IWL_NEU_XX__AUDIO_1015_IWL_SAD_XX_sadtalker.pt
FAKE_T3_1015_IWL_SAD_XX__AUDIO_1015_IWL_ANG_XX_sadtalker,track3,1,crema_1015,ANG,SAD,-1,1,1,1,,data\preprocessed\features\z_at\FAKE_T3_1015_IWL_SAD_XX__AUDIO_1015_IWL_ANG_XX_sadtalker.pt,data\preprocessed\features\z_v\FAKE_T3_1015_IWL_SAD_XX__AUDIO_1015_IWL_ANG_XX_sadtalker.pt
FAKE_T3_1015_IWW_ANG_XX__AUDIO_1015_IWW_DIS_XX_sadtalker,track3,1,crema_1015,DIS,ANG,-1,1,1,1,,data\preprocessed\features\z_at\FAKE_T3_1015_IWW_ANG_XX__AUDIO_1015_IWW_DIS_XX_sadtalker.pt,data\preprocessed\features\z_v\FAKE_T3_1015_IWW_ANG_XX__AUDIO_1015_IWW_DIS_XX_sadtalker.pt
FAKE_T3_1015_IWW_FEA_XX__AUDIO_1015_IWW_HAP_XX_sadtalker,track3,1,crema_1015,HAP,FEA,-1,1,1,1,,data\preprocessed\features\z_at\FAKE_T3_1015_IWW_FEA_XX__AUDIO_1015_IWW_HAP_XX_sadtalker.pt,data\preprocessed\features\z_v\FAKE_T3_1015_IWW_FEA_XX__AUDIO_1015_IWW_HAP_XX_sadtalker.pt
FAKE_T3_1015_IWW_HAP_XX__AUDIO_1015_IWW_NEU_XX_sadtalker,track3,1,crema_1015,NEU,HAP,-1,1,1,1,,data\preprocessed\features\z_at\FAKE_T3_1015_IWW_HAP_XX__AUDIO_1015_IWW_NEU_XX_sadtalker.pt,data\preprocessed\features\z_v\FAKE_T3_1015_IWW_HAP_XX__AUDIO_1015_IWW_NEU_XX_sadtalker.pt
FAKE_T3_1015_IWW_NEU_XX__AUDIO_1015_IWW_SAD_XX_sadtalker,track3,1,crema_1015,SAD,NEU,-1,1,1,1,,data\preprocessed\features\z_at\FAKE_T3_1015_IWW_NEU_XX__AUDIO_1015_IWW_SAD_XX_sadtalker.pt,data\preprocessed\features\z_v\FAKE_T3_1015_IWW_NEU_XX__AUDIO_1015_IWW_SAD_XX_sadtalker.pt
FAKE_T3_1015_IWW_SAD_XX__AUDIO_1015_IWW_ANG_XX_sadtalker,track3,1,crema_1015,ANG,SAD,-1,1,1,1,,data\preprocessed\features\z_at\FAKE_T3_1015_IWW_SAD_XX__AUDIO_1015_IWW_ANG_XX_sadtalker.pt,data\preprocessed\features\z_v\FAKE_T3_1015_IWW_SAD_XX__AUDIO_1015_IWW_ANG_XX_sadtalker.pt
FAKE_T3_1015_MTI_ANG_XX__AUDIO_1015_MTI_DIS_XX_sadtalker,track3,1,crema_1015,DIS,ANG,-1,1,1,1,,data\preprocessed\features\z_at\FAKE_T3_1015_MTI_ANG_XX__AUDIO_1015_MTI_DIS_XX_sadtalker.pt,data\preprocessed\features\z_v\FAKE_T3_1015_MTI_ANG_XX__AUDIO_1015_MTI_DIS_XX_sadtalker.pt
FAKE_T3_1015_MTI_DIS_XX__AUDIO_1015_MTI_FEA_XX_sadtalker,track3,1,crema_1015,FEA,DIS,-1,1,1,1,,data\preprocessed\features\z_at\FAKE_T3_1015_MTI_DIS_XX__AUDIO_1015_MTI_FEA_XX_sadtalker.pt,data\preprocessed\features\z_v\FAKE_T3_1015_MTI_DIS_XX__AUDIO_1015_MTI_FEA_XX_sadtalker.pt
FAKE_T3_1015_MTI_HAP_XX__AUDIO_1015_MTI_NEU_XX_sadtalker,track3,1,crema_1015,NEU,HAP,-1,1,1,1,,data\preprocessed\features\z_at\FAKE_T3_1015_MTI_HAP_XX__AUDIO_1015_MTI_NEU_XX_sadtalker.pt,data\preprocessed\features\z_v\FAKE_T3_1015_MTI_HAP_XX__AUDIO_1015_MTI_NEU_XX_sadtalker.pt
FAKE_T3_1015_TIE_FEA_XX__AUDIO_1015_TIE_HAP_XX_sadtalker,track3,1,crema_1015,HAP,FEA,-1,1,1,1,,data\preprocessed\features\z_at\FAKE_T3_1015_TIE_FEA_XX__AUDIO_1015_TIE_HAP_XX_sadtalker.pt,data\preprocessed\features\z_v\FAKE_T3_1015_TIE_FEA_XX__AUDIO_1015_TIE_HAP_XX_sadtalker.pt
FAKE_T3_1015_TIE_NEU_XX__AUDIO_1015_TIE_SAD_XX_sadtalker,track3,1,crema_1015,SAD,NEU,-1,1,1,1,,data\preprocessed\features\z_at\FAKE_T3_1015_TIE_NEU_XX__AUDIO_1015_TIE_SAD_XX_sadtalker.pt,data\preprocessed\features\z_v\FAKE_T3_1015_TIE_NEU_XX__AUDIO_1015_TIE_SAD_XX_sadtalker.pt
FAKE_T3_1015_TSI_DIS_XX__AUDIO_1015_TSI_FEA_XX_sadtalker,track3,1,crema_1015,FEA,DIS,-1,1,1,1,,data\preprocessed\features\z_at\FAKE_T3_1015_TSI_DIS_XX__AUDIO_1015_TSI_FEA_XX_sadtalker.pt,data\preprocessed\features\z_v\FAKE_T3_1015_TSI_DIS_XX__AUDIO_1015_TSI_FEA_XX_sadtalker.pt
FAKE_T3_1015_TSI_FEA_XX__AUDIO_1015_TSI_HAP_XX_sadtalker,track3,1,crema_1015,HAP,FEA,-1,1,1,1,,data\preprocessed\features\z_at\FAKE_T3_1015_TSI_FEA_XX__AUDIO_1015_TSI_HAP_XX_sadtalker.pt,data\preprocessed\features\z_v\FAKE_T3_1015_TSI_FEA_XX__AUDIO_1015_TSI_HAP_XX_sadtalker.pt
FAKE_T3_1015_TSI_NEU_XX__AUDIO_1015_TSI_SAD_XX_sadtalker,track3,1,crema_1015,SAD,NEU,-1,1,1,1,,data\preprocessed\features\z_at\FAKE_T3_1015_TSI_NEU_XX__AUDIO_1015_TSI_SAD_XX_sadtalker.pt,data\preprocessed\features\z_v\FAKE_T3_1015_TSI_NEU_XX__AUDIO_1015_TSI_SAD_XX_sadtalker.pt
FAKE_T3_1015_WSI_ANG_XX__AUDIO_1015_WSI_DIS_XX_sadtalker,track3,1,crema_1015,DIS,ANG,-1,1,1,1,,data\preprocessed\features\z_at\FAKE_T3_1015_WSI_ANG_XX__AUDIO_1015_WSI_DIS_XX_sadtalker.pt,data\preprocessed\features\z_v\FAKE_T3_1015_WSI_ANG_XX__AUDIO_1015_WSI_DIS_XX_sadtalker.pt
FAKE_T3_1015_WSI_DIS_XX__AUDIO_1015_WSI_FEA_XX_sadtalker,track3,1,crema_1015,FEA,DIS,-1,1,1,1,,data\preprocessed\features\z_at\FAKE_T3_1015_WSI_DIS_XX__AUDIO_1015_WSI_FEA_XX_sadtalker.pt,data\preprocessed\features\z_v\FAKE_T3_1015_WSI_DIS_XX__AUDIO_1015_WSI_FEA_XX_sadtalker.pt
FAKE_T3_1015_WSI_HAP_XX__AUDIO_1015_WSI_NEU_XX_sadtalker,track3,1,crema_1015,NEU,HAP,-1,1,1,1,,data\preprocessed\features\z_at\FAKE_T3_1015_WSI_HAP_XX__AUDIO_1015_WSI_NEU_XX_sadtalker.pt,data\preprocessed\features\z_v\FAKE_T3_1015_WSI_HAP_XX__AUDIO_1015_WSI_NEU_XX_sadtalker.pt
FAKE_T3_1017_DFA_ANG_XX__AUDIO_1017_DFA_DIS_XX_sadtalker,track3,1,crema_1017,DIS,ANG,-1,1,1,1,,data\preprocessed\features\z_at\FAKE_T3_1017_DFA_ANG_XX__AUDIO_1017_DFA_DIS_XX_sadtalker.pt,data\preprocessed\features\z_v\FAKE_T3_1017_DFA_ANG_XX__AUDIO_1017_DFA_DIS_XX_sadtalker.pt
FAKE_T3_1017_DFA_HAP_XX__AUDIO_1017_DFA_NEU_XX_sadtalker,track3,1,crema_1017,NEU,HAP,-1,1,1,1,,data\preprocessed\features\z_at\FAKE_T3_1017_DFA_HAP_XX__AUDIO_1017_DFA_NEU_XX_sadtalker.pt,data\preprocessed\features\z_v\FAKE_T3_1017_DFA_HAP_XX__AUDIO_1017_DFA_NEU_XX_sadtalker.pt
FAKE_T3_1017_DFA_NEU_XX__AUDIO_1017_DFA_SAD_XX_sadtalker,track3,1,crema_1017,SAD,NEU,-1,1,1,1,,data\preprocessed\features\z_at\FAKE_T3_1017_DFA_NEU_XX__AUDIO_1017_DFA_SAD_XX_sadtalker.pt,data\preprocessed\features\z_v\FAKE_T3_1017_DFA_NEU_XX__AUDIO_1017_DFA_SAD_XX_sadtalker.pt
FAKE_T3_1017_IEO_ANG_LO__AUDIO_1017_IEO_DIS_LO_sadtalker,track3,1,crema_1017,DIS,ANG,-1,1,1,1,,data\preprocessed\features\z_at\FAKE_T3_1017_IEO_ANG_LO__AUDIO_1017_IEO_DIS_LO_sadtalker.pt,data\preprocessed\features\z_v\FAKE_T3_1017_IEO_ANG_LO__AUDIO_1017_IEO_DIS_LO_sadtalker.pt
FAKE_T3_1017_IEO_ANG_MD__AUDIO_1017_IEO_DIS_MD_sadtalker,track3,1,crema_1017,DIS,ANG,-1,1,1,1,,data\preprocessed\features\z_at\FAKE_T3_1017_IEO_ANG_MD__AUDIO_1017_IEO_DIS_MD_sadtalker.pt,data\preprocessed\features\z_v\FAKE_T3_1017_IEO_ANG_MD__AUDIO_1017_IEO_DIS_MD_sadtalker.pt
FAKE_T3_1017_IEO_FEA_HI__AUDIO_1017_IEO_HAP_HI_sadtalker,track3,1,crema_1017,HAP,FEA,-1,1,1,1,,data\preprocessed\features\z_at\FAKE_T3_1017_IEO_FEA_HI__AUDIO_1017_IEO_HAP_HI_sadtalker.pt,data\preprocessed\features\z_v\FAKE_T3_1017_IEO_FEA_HI__AUDIO_1017_IEO_HAP_HI_sadtalker.pt
FAKE_T3_1017_IEO_FEA_LO__AUDIO_1017_IEO_HAP_LO_sadtalker,track3,1,crema_1017,HAP,FEA,-1,1,1,1,,data\preprocessed\features\z_at\FAKE_T3_1017_IEO_FEA_LO__AUDIO_1017_IEO_HAP_LO_sadtalker.pt,data\preprocessed\features\z_v\FAKE_T3_1017_IEO_FEA_LO__AUDIO_1017_IEO_HAP_LO_sadtalker.pt
FAKE_T3_1017_IEO_FEA_MD__AUDIO_1017_IEO_HAP_MD_sadtalker,track3,1,crema_1017,HAP,FEA,-1,1,1,1,,data\preprocessed\features\z_at\FAKE_T3_1017_IEO_FEA_MD__AUDIO_1017_IEO_HAP_MD_sadtalker.pt,data\preprocessed\features\z_v\FAKE_T3_1017_IEO_FEA_MD__AUDIO_1017_IEO_HAP_MD_sadtalker.pt
FAKE_T3_1017_IEO_HAP_MD__AUDIO_1017_IEO_NEU_XX_sadtalker,track3,1,crema_1017,NEU,HAP,-1,1,1,1,,data\preprocessed\features\z_at\FAKE_T3_1017_IEO_HAP_MD__AUDIO_1017_IEO_NEU_XX_sadtalker.pt,data\preprocessed\features\z_v\FAKE_T3_1017_IEO_HAP_MD__AUDIO_1017_IEO_NEU_XX_sadtalker.pt
FAKE_T3_1017_IEO_SAD_HI__AUDIO_1017_IEO_ANG_HI_sadtalker,track3,1,crema_1017,ANG,SAD,-1,1,1,1,,data\preprocessed\features\z_at\FAKE_T3_1017_IEO_SAD_HI__AUDIO_1017_IEO_ANG_HI_sadtalker.pt,data\preprocessed\features\z_v\FAKE_T3_1017_IEO_SAD_HI__AUDIO_1017_IEO_ANG_HI_sadtalker.pt
FAKE_T3_1017_IOM_SAD_XX__AUDIO_1017_IOM_ANG_XX_sadtalker,track3,1,crema_1017,ANG,SAD,-1,1,1,1,,data\preprocessed\features\z_at\FAKE_T3_1017_IOM_SAD_XX__AUDIO_1017_IOM_ANG_XX_sadtalker.pt,data\preprocessed\features\z_v\FAKE_T3_1017_IOM_SAD_XX__AUDIO_1017_IOM_ANG_XX_sadtalker.pt
FAKE_T3_1017_ITH_NEU_XX__AUDIO_1017_ITH_SAD_XX_sadtalker,track3,1,crema_1017,SAD,NEU,-1,1,1,1,,data\preprocessed\features\z_at\FAKE_T3_1017_ITH_NEU_XX__AUDIO_1017_ITH_SAD_XX_sadtalker.pt,data\preprocessed\features\z_v\FAKE_T3_1017_ITH_NEU_XX__AUDIO_1017_ITH_SAD_XX_sadtalker.pt
FAKE_T3_1017_ITS_FEA_XX__AUDIO_1017_ITS_HAP_XX_sadtalker,track3,1,crema_1017,HAP,FEA,-1,1,1,1,,data\preprocessed\features\z_at\FAKE_T3_1017_ITS_FEA_XX__AUDIO_1017_ITS_HAP_XX_sadtalker.pt,data\preprocessed\features\z_v\FAKE_T3_1017_ITS_FEA_XX__AUDIO_1017_ITS_HAP_XX_sadtalker.pt
FAKE_T3_1017_ITS_HAP_XX__AUDIO_1017_ITS_NEU_XX_sadtalker,track3,1,crema_1017,NEU,HAP,-1,1,1,1,,data\preprocessed\features\z_at\FAKE_T3_1017_ITS_HAP_XX__AUDIO_1017_ITS_NEU_XX_sadtalker.pt,data\preprocessed\features\z_v\FAKE_T3_1017_ITS_HAP_XX__AUDIO_1017_ITS_NEU_XX_sadtalker.pt
FAKE_T3_1017_ITS_SAD_XX__AUDIO_1017_ITS_ANG_XX_sadtalker,track3,1,crema_1017,ANG,SAD,-1,1,1,1,,data\preprocessed\features\z_at\FAKE_T3_1017_ITS_SAD_XX__AUDIO_1017_ITS_ANG_XX_sadtalker.pt,data\preprocessed\features\z_v\FAKE_T3_1017_ITS_SAD_XX__AUDIO_1017_ITS_ANG_XX_sadtalker.pt
FAKE_T3_1017_IWL_ANG_XX__AUDIO_1017_IWL_DIS_XX_sadtalker,track3,1,crema_1017,DIS,ANG,-1,1,1,1,,data\preprocessed\features\z_at\FAKE_T3_1017_IWL_ANG_XX__AUDIO_1017_IWL_DIS_XX_sadtalker.pt,data\preprocessed\features\z_v\FAKE_T3_1017_IWL_ANG_XX__AUDIO_1017_IWL_DIS_XX_sadtalker.pt
FAKE_T3_1017_IWL_DIS_XX__AUDIO_1017_IWL_FEA_XX_sadtalker,track3,1,crema_1017,FEA,DIS,-1,1,1,1,,data\preprocessed\features\z_at\FAKE_T3_1017_IWL_DIS_XX__AUDIO_1017_IWL_FEA_XX_sadtalker.pt,data\preprocessed\features\z_v\FAKE_T3_1017_IWL_DIS_XX__AUDIO_1017_IWL_FEA_XX_sadtalker.pt
FAKE_T3_1017_IWL_HAP_XX__AUDIO_1017_IWL_NEU_XX_sadtalker,track3,1,crema_1017,NEU,HAP,-1,1,1,1,,data\preprocessed\features\z_at\FAKE_T3_1017_IWL_HAP_XX__AUDIO_1017_IWL_NEU_XX_sadtalker.pt,data\preprocessed\features\z_v\FAKE_T3_1017_IWL_HAP_XX__AUDIO_1017_IWL_NEU_XX_sadtalker.pt
FAKE_T3_1017_IWW_ANG_XX__AUDIO_1017_IWW_DIS_XX_sadtalker,track3,1,crema_1017,DIS,ANG,-1,1,1,1,,data\preprocessed\features\z_at\FAKE_T3_1017_IWW_ANG_XX__AUDIO_1017_IWW_DIS_XX_sadtalker.pt,data\preprocessed\features\z_v\FAKE_T3_1017_IWW_ANG_XX__AUDIO_1017_IWW_DIS_XX_sadtalker.pt
FAKE_T3_1017_IWW_DIS_XX__AUDIO_1017_IWW_FEA_XX_sadtalker,track3,1,crema_1017,FEA,DIS,-1,1,1,1,,data\preprocessed\features\z_at\FAKE_T3_1017_IWW_DIS_XX__AUDIO_1017_IWW_FEA_XX_sadtalker.pt,data\preprocessed\features\z_v\FAKE_T3_1017_IWW_DIS_XX__AUDIO_1017_IWW_FEA_XX_sadtalker.pt
FAKE_T3_1017_IWW_FEA_XX__AUDIO_1017_IWW_HAP_XX_sadtalker,track3,1,crema_1017,HAP,FEA,-1,1,1,1,,data\preprocessed\features\z_at\FAKE_T3_1017_IWW_FEA_XX__AUDIO_1017_IWW_HAP_XX_sadtalker.pt,data\preprocessed\features\z_v\FAKE_T3_1017_IWW_FEA_XX__AUDIO_1017_IWW_HAP_XX_sadtalker.pt
FAKE_T3_1017_IWW_HAP_XX__AUDIO_1017_IWW_NEU_XX_sadtalker,track3,1,crema_1017,NEU,HAP,-1,1,1,1,,data\preprocessed\features\z_at\FAKE_T3_1017_IWW_HAP_XX__AUDIO_1017_IWW_NEU_XX_sadtalker.pt,data\preprocessed\features\z_v\FAKE_T3_1017_IWW_HAP_XX__AUDIO_1017_IWW_NEU_XX_sadtalker.pt
FAKE_T3_1017_IWW_SAD_XX__AUDIO_1017_IWW_ANG_XX_sadtalker,track3,1,crema_1017,ANG,SAD,-1,1,1,1,,data\preprocessed\features\z_at\FAKE_T3_1017_IWW_SAD_XX__AUDIO_1017_IWW_ANG_XX_sadtalker.pt,data\preprocessed\features\z_v\FAKE_T3_1017_IWW_SAD_XX__AUDIO_1017_IWW_ANG_XX_sadtalker.pt
FAKE_T3_1017_MTI_ANG_XX__AUDIO_1017_MTI_DIS_XX_sadtalker,track3,1,crema_1017,DIS,ANG,-1,1,1,1,,data\preprocessed\features\z_at\FAKE_T3_1017_MTI_ANG_XX__AUDIO_1017_MTI_DIS_XX_sadtalker.pt,data\preprocessed\features\z_v\FAKE_T3_1017_MTI_ANG_XX__AUDIO_1017_MTI_DIS_XX_sadtalker.pt
FAKE_T3_1017_MTI_DIS_XX__AUDIO_1017_MTI_FEA_XX_sadtalker,track3,1,crema_1017,FEA,DIS,-1,1,1,1,,data\preprocessed\features\z_at\FAKE_T3_1017_MTI_DIS_XX__AUDIO_1017_MTI_FEA_XX_sadtalker.pt,data\preprocessed\features\z_v\FAKE_T3_1017_MTI_DIS_XX__AUDIO_1017_MTI_FEA_XX_sadtalker.pt
FAKE_T3_1017_MTI_SAD_XX__AUDIO_1017_MTI_ANG_XX_sadtalker,track3,1,crema_1017,ANG,SAD,-1,1,1,1,,data\preprocessed\features\z_at\FAKE_T3_1017_MTI_SAD_XX__AUDIO_1017_MTI_ANG_XX_sadtalker.pt,data\preprocessed\features\z_v\FAKE_T3_1017_MTI_SAD_XX__AUDIO_1017_MTI_ANG_XX_sadtalker.pt
FAKE_T3_1017_TAI_FEA_XX__AUDIO_1017_TAI_HAP_XX_sadtalker,track3,1,crema_1017,HAP,FEA,-1,1,1,1,,data\preprocessed\features\z_at\FAKE_T3_1017_TAI_FEA_XX__AUDIO_1017_TAI_HAP_XX_sadtalker.pt,data\preprocessed\features\z_v\FAKE_T3_1017_TAI_FEA_XX__AUDIO_1017_TAI_HAP_XX_sadtalker.pt
FAKE_T3_1017_TAI_HAP_XX__AUDIO_1017_TAI_NEU_XX_sadtalker,track3,1,crema_1017,NEU,HAP,-1,1,1,1,,data\preprocessed\features\z_at\FAKE_T3_1017_TAI_HAP_XX__AUDIO_1017_TAI_NEU_XX_sadtalker.pt,data\preprocessed\features\z_v\FAKE_T3_1017_TAI_HAP_XX__AUDIO_1017_TAI_NEU_XX_sadtalker.pt
FAKE_T3_1017_TAI_NEU_XX__AUDIO_1017_TAI_SAD_XX_sadtalker,track3,1,crema_1017,SAD,NEU,-1,1,1,1,,data\preprocessed\features\z_at\FAKE_T3_1017_TAI_NEU_XX__AUDIO_1017_TAI_SAD_XX_sadtalker.pt,data\preprocessed\features\z_v\FAKE_T3_1017_TAI_NEU_XX__AUDIO_1017_TAI_SAD_XX_sadtalker.pt
FAKE_T3_1017_TAI_SAD_XX__AUDIO_1017_TAI_ANG_XX_sadtalker,track3,1,crema_1017,ANG,SAD,-1,1,1,1,,data\preprocessed\features\z_at\FAKE_T3_1017_TAI_SAD_XX__AUDIO_1017_TAI_ANG_XX_sadtalker.pt,data\preprocessed\features\z_v\FAKE_T3_1017_TAI_SAD_XX__AUDIO_1017_TAI_ANG_XX_sadtalker.pt
FAKE_T3_1017_TIE_ANG_XX__AUDIO_1017_TIE_DIS_XX_sadtalker,track3,1,crema_1017,DIS,ANG,-1,1,1,1,,data\preprocessed\features\z_at\FAKE_T3_1017_TIE_ANG_XX__AUDIO_1017_TIE_DIS_XX_sadtalker.pt,data\preprocessed\features\z_v\FAKE_T3_1017_TIE_ANG_XX__AUDIO_1017_TIE_DIS_XX_sadtalker.pt
FAKE_T3_1017_TIE_FEA_XX__AUDIO_1017_TIE_HAP_XX_sadtalker,track3,1,crema_1017,HAP,FEA,-1,1,1,1,,data\preprocessed\features\z_at\FAKE_T3_1017_TIE_FEA_XX__AUDIO_1017_TIE_HAP_XX_sadtalker.pt,data\preprocessed\features\z_v\FAKE_T3_1017_TIE_FEA_XX__AUDIO_1017_TIE_HAP_XX_sadtalker.pt
FAKE_T3_1017_TIE_HAP_XX__AUDIO_1017_TIE_NEU_XX_sadtalker,track3,1,crema_1017,NEU,HAP,-1,1,1,1,,data\preprocessed\features\z_at\FAKE_T3_1017_TIE_HAP_XX__AUDIO_1017_TIE_NEU_XX_sadtalker.pt,data\preprocessed\features\z_v\FAKE_T3_1017_TIE_HAP_XX__AUDIO_1017_TIE_NEU_XX_sadtalker.pt
FAKE_T3_1017_TIE_SAD_XX__AUDIO_1017_TIE_ANG_XX_sadtalker,track3,1,crema_1017,ANG,SAD,-1,1,1,1,,data\preprocessed\features\z_at\FAKE_T3_1017_TIE_SAD_XX__AUDIO_1017_TIE_ANG_XX_sadtalker.pt,data\preprocessed\features\z_v\FAKE_T3_1017_TIE_SAD_XX__AUDIO_1017_TIE_ANG_XX_sadtalker.pt
FAKE_T3_1017_TSI_FEA_XX__AUDIO_1017_TSI_HAP_XX_sadtalker,track3,1,crema_1017,HAP,FEA,-1,1,1,1,,data\preprocessed\features\z_at\FAKE_T3_1017_TSI_FEA_XX__AUDIO_1017_TSI_HAP_XX_sadtalker.pt,data\preprocessed\features\z_v\FAKE_T3_1017_TSI_FEA_XX__AUDIO_1017_TSI_HAP_XX_sadtalker.pt
FAKE_T3_1017_TSI_HAP_XX__AUDIO_1017_TSI_NEU_XX_sadtalker,track3,1,crema_1017,NEU,HAP,-1,1,1,1,,data\preprocessed\features\z_at\FAKE_T3_1017_TSI_HAP_XX__AUDIO_1017_TSI_NEU_XX_sadtalker.pt,data\preprocessed\features\z_v\FAKE_T3_1017_TSI_HAP_XX__AUDIO_1017_TSI_NEU_XX_sadtalker.pt
FAKE_T3_1017_TSI_NEU_XX__AUDIO_1017_TSI_SAD_XX_sadtalker,track3,1,crema_1017,SAD,NEU,-1,1,1,1,,data\preprocessed\features\z_at\FAKE_T3_1017_TSI_NEU_XX__AUDIO_1017_TSI_SAD_XX_sadtalker.pt,data\preprocessed\features\z_v\FAKE_T3_1017_TSI_NEU_XX__AUDIO_1017_TSI_SAD_XX_sadtalker.pt
FAKE_T3_1017_TSI_SAD_XX__AUDIO_1017_TSI_ANG_XX_sadtalker,track3,1,crema_1017,ANG,SAD,-1,1,1,1,,data\preprocessed\features\z_at\FAKE_T3_1017_TSI_SAD_XX__AUDIO_1017_TSI_ANG_XX_sadtalker.pt,data\preprocessed\features\z_v\FAKE_T3_1017_TSI_SAD_XX__AUDIO_1017_TSI_ANG_XX_sadtalker.pt
FAKE_T3_1017_WSI_FEA_XX__AUDIO_1017_WSI_HAP_XX_sadtalker,track3,1,crema_1017,HAP,FEA,-1,1,1,1,,data\preprocessed\features\z_at\FAKE_T3_1017_WSI_FEA_XX__AUDIO_1017_WSI_HAP_XX_sadtalker.pt,data\preprocessed\features\z_v\FAKE_T3_1017_WSI_FEA_XX__AUDIO_1017_WSI_HAP_XX_sadtalker.pt
FAKE_T3_1017_WSI_HAP_XX__AUDIO_1017_WSI_NEU_XX_sadtalker,track3,1,crema_1017,NEU,HAP,-1,1,1,1,,data\preprocessed\features\z_at\FAKE_T3_1017_WSI_HAP_XX__AUDIO_1017_WSI_NEU_XX_sadtalker.pt,data\preprocessed\features\z_v\FAKE_T3_1017_WSI_HAP_XX__AUDIO_1017_WSI_NEU_XX_sadtalker.pt
FAKE_T3_1017_WSI_SAD_XX__AUDIO_1017_WSI_ANG_XX_sadtalker,track3,1,crema_1017,ANG,SAD,-1,1,1,1,,data\preprocessed\features\z_at\FAKE_T3_1017_WSI_SAD_XX__AUDIO_1017_WSI_ANG_XX_sadtalker.pt,data\preprocessed\features\z_v\FAKE_T3_1017_WSI_SAD_XX__AUDIO_1017_WSI_ANG_XX_sadtalker.pt
FAKE_T3_1018_DFA_DIS_XX__AUDIO_1018_DFA_FEA_XX_sadtalker,track3,1,crema_1018,FEA,DIS,-1,1,1,1,,data\preprocessed\features\z_at\FAKE_T3_1018_DFA_DIS_XX__AUDIO_1018_DFA_FEA_XX_sadtalker.pt,data\preprocessed\features\z_v\FAKE_T3_1018_DFA_DIS_XX__AUDIO_1018_DFA_FEA_XX_sadtalker.pt
FAKE_T3_1018_DFA_FEA_XX__AUDIO_1018_DFA_HAP_XX_sadtalker,track3,1,crema_1018,HAP,FEA,-1,1,1,1,,data\preprocessed\features\z_at\FAKE_T3_1018_DFA_FEA_XX__AUDIO_1018_DFA_HAP_XX_sadtalker.pt,data\preprocessed\features\z_v\FAKE_T3_1018_DFA_FEA_XX__AUDIO_1018_DFA_HAP_XX_sadtalker.pt
FAKE_T3_1018_DFA_HAP_XX__AUDIO_1018_DFA_NEU_XX_sadtalker,track3,1,crema_1018,NEU,HAP,-1,1,1,1,,data\preprocessed\features\z_at\FAKE_T3_1018_DFA_HAP_XX__AUDIO_1018_DFA_NEU_XX_sadtalker.pt,data\preprocessed\features\z_v\FAKE_T3_1018_DFA_HAP_XX__AUDIO_1018_DFA_NEU_XX_sadtalker.pt
FAKE_T3_1018_DFA_SAD_XX__AUDIO_1018_DFA_ANG_XX_sadtalker,track3,1,crema_1018,ANG,SAD,-1,1,1,1,,data\preprocessed\features\z_at\FAKE_T3_1018_DFA_SAD_XX__AUDIO_1018_DFA_ANG_XX_sadtalker.pt,data\preprocessed\features\z_v\FAKE_T3_1018_DFA_SAD_XX__AUDIO_1018_DFA_ANG_XX_sadtalker.pt
FAKE_T3_1018_IEO_ANG_HI__AUDIO_1018_IEO_DIS_HI_sadtalker,track3,1,crema_1018,DIS,ANG,-1,1,1,1,,data\preprocessed\features\z_at\FAKE_T3_1018_IEO_ANG_HI__AUDIO_1018_IEO_DIS_HI_sadtalker.pt,data\preprocessed\features\z_v\FAKE_T3_1018_IEO_ANG_HI__AUDIO_1018_IEO_DIS_HI_sadtalker.pt
FAKE_T3_1018_IEO_ANG_LO__AUDIO_1018_IEO_DIS_LO_sadtalker,track3,1,crema_1018,DIS,ANG,-1,1,1,1,,data\preprocessed\features\z_at\FAKE_T3_1018_IEO_ANG_LO__AUDIO_1018_IEO_DIS_LO_sadtalker.pt,data\preprocessed\features\z_v\FAKE_T3_1018_IEO_ANG_LO__AUDIO_1018_IEO_DIS_LO_sadtalker.pt
FAKE_T3_1018_IEO_ANG_MD__AUDIO_1018_IEO_DIS_MD_sadtalker,track3,1,crema_1018,DIS,ANG,-1,1,1,1,,data\preprocessed\features\z_at\FAKE_T3_1018_IEO_ANG_MD__AUDIO_1018_IEO_DIS_MD_sadtalker.pt,data\preprocessed\features\z_v\FAKE_T3_1018_IEO_ANG_MD__AUDIO_1018_IEO_DIS_MD_sadtalker.pt
FAKE_T3_1018_IEO_DIS_LO__AUDIO_1018_IEO_FEA_LO_sadtalker,track3,1,crema_1018,FEA,DIS,-1,1,1,1,,data\preprocessed\features\z_at\FAKE_T3_1018_IEO_DIS_LO__AUDIO_1018_IEO_FEA_LO_sadtalker.pt,data\preprocessed\features\z_v\FAKE_T3_1018_IEO_DIS_LO__AUDIO_1018_IEO_FEA_LO_sadtalker.pt
FAKE_T3_1018_IEO_HAP_LO__AUDIO_1018_IEO_NEU_XX_sadtalker,track3,1,crema_1018,NEU,HAP,-1,1,1,1,,data\preprocessed\features\z_at\FAKE_T3_1018_IEO_HAP_LO__AUDIO_1018_IEO_NEU_XX_sadtalker.pt,data\preprocessed\features\z_v\FAKE_T3_1018_IEO_HAP_LO__AUDIO_1018_IEO_NEU_XX_sadtalker.pt
FAKE_T3_1018_IEO_HAP_MD__AUDIO_1018_IEO_NEU_XX_sadtalker,track3,1,crema_1018,NEU,HAP,-1,1,1,1,,data\preprocessed\features\z_at\FAKE_T3_1018_IEO_HAP_MD__AUDIO_1018_IEO_NEU_XX_sadtalker.pt,data\preprocessed\features\z_v\FAKE_T3_1018_IEO_HAP_MD__AUDIO_1018_IEO_NEU_XX_sadtalker.pt
FAKE_T3_1018_IEO_SAD_HI__AUDIO_1018_IEO_ANG_HI_sadtalker,track3,1,crema_1018,ANG,SAD,-1,1,1,1,,data\preprocessed\features\z_at\FAKE_T3_1018_IEO_SAD_HI__AUDIO_1018_IEO_ANG_HI_sadtalker.pt,data\preprocessed\features\z_v\FAKE_T3_1018_IEO_SAD_HI__AUDIO_1018_IEO_ANG_HI_sadtalker.pt
FAKE_T3_1018_IOM_DIS_XX__AUDIO_1018_IOM_FEA_XX_sadtalker,track3,1,crema_1018,FEA,DIS,-1,1,1,1,,data\preprocessed\features\z_at\FAKE_T3_1018_IOM_DIS_XX__AUDIO_1018_IOM_FEA_XX_sadtalker.pt,data\preprocessed\features\z_v\FAKE_T3_1018_IOM_DIS_XX__AUDIO_1018_IOM_FEA_XX_sadtalker.pt
FAKE_T3_1018_IOM_SAD_XX__AUDIO_1018_IOM_ANG_XX_sadtalker,track3,1,crema_1018,ANG,SAD,-1,1,1,1,,data\preprocessed\features\z_at\FAKE_T3_1018_IOM_SAD_XX__AUDIO_1018_IOM_ANG_XX_sadtalker.pt,data\preprocessed\features\z_v\FAKE_T3_1018_IOM_SAD_XX__AUDIO_1018_IOM_ANG_XX_sadtalker.pt
FAKE_T3_1018_ITH_ANG_XX__AUDIO_1018_ITH_DIS_XX_sadtalker,track3,1,crema_1018,DIS,ANG,-1,1,1,1,,data\preprocessed\features\z_at\FAKE_T3_1018_ITH_ANG_XX__AUDIO_1018_ITH_DIS_XX_sadtalker.pt,data\preprocessed\features\z_v\FAKE_T3_1018_ITH_ANG_XX__AUDIO_1018_ITH_DIS_XX_sadtalker.pt
FAKE_T3_1018_ITH_DIS_XX__AUDIO_1018_ITH_FEA_XX_sadtalker,track3,1,crema_1018,FEA,DIS,-1,1,1,1,,data\preprocessed\features\z_at\FAKE_T3_1018_ITH_DIS_XX__AUDIO_1018_ITH_FEA_XX_sadtalker.pt,data\preprocessed\features\z_v\FAKE_T3_1018_ITH_DIS_XX__AUDIO_1018_ITH_FEA_XX_sadtalker.pt
FAKE_T3_1018_ITH_FEA_XX__AUDIO_1018_ITH_HAP_XX_sadtalker,track3,1,crema_1018,HAP,FEA,-1,1,1,1,,data\preprocessed\features\z_at\FAKE_T3_1018_ITH_FEA_XX__AUDIO_1018_ITH_HAP_XX_sadtalker.pt,data\preprocessed\features\z_v\FAKE_T3_1018_ITH_FEA_XX__AUDIO_1018_ITH_HAP_XX_sadtalker.pt
FAKE_T3_1018_ITS_ANG_XX__AUDIO_1018_ITS_DIS_XX_sadtalker,track3,1,crema_1018,DIS,ANG,-1,1,1,1,,data\preprocessed\features\z_at\FAKE_T3_1018_ITS_ANG_XX__AUDIO_1018_ITS_DIS_XX_sadtalker.pt,data\preprocessed\features\z_v\FAKE_T3_1018_ITS_ANG_XX__AUDIO_1018_ITS_DIS_XX_sadtalker.pt
FAKE_T3_1018_ITS_DIS_XX__AUDIO_1018_ITS_FEA_XX_sadtalker,track3,1,crema_1018,FEA,DIS,-1,1,1,1,,data\preprocessed\features\z_at\FAKE_T3_1018_ITS_DIS_XX__AUDIO_1018_ITS_FEA_XX_sadtalker.pt,data\preprocessed\features\z_v\FAKE_T3_1018_ITS_DIS_XX__AUDIO_1018_ITS_FEA_XX_sadtalker.pt
FAKE_T3_1018_ITS_FEA_XX__AUDIO_1018_ITS_HAP_XX_sadtalker,track3,1,crema_1018,HAP,FEA,-1,1,1,1,,data\preprocessed\features\z_at\FAKE_T3_1018_ITS_FEA_XX__AUDIO_1018_ITS_HAP_XX_sadtalker.pt,data\preprocessed\features\z_v\FAKE_T3_1018_ITS_FEA_XX__AUDIO_1018_ITS_HAP_XX_sadtalker.pt
FAKE_T3_1018_ITS_NEU_XX__AUDIO_1018_ITS_SAD_XX_sadtalker,track3,1,crema_1018,SAD,NEU,-1,1,1,1,,data\preprocessed\features\z_at\FAKE_T3_1018_ITS_NEU_XX__AUDIO_1018_ITS_SAD_XX_sadtalker.pt,data\preprocessed\features\z_v\FAKE_T3_1018_ITS_NEU_XX__AUDIO_1018_ITS_SAD_XX_sadtalker.pt
FAKE_T3_1018_IWL_ANG_XX__AUDIO_1018_IWL_DIS_XX_sadtalker,track3,1,crema_1018,DIS,ANG,-1,1,1,1,,data\preprocessed\features\z_at\FAKE_T3_1018_IWL_ANG_XX__AUDIO_1018_IWL_DIS_XX_sadtalker.pt,data\preprocessed\features\z_v\FAKE_T3_1018_IWL_ANG_XX__AUDIO_1018_IWL_DIS_XX_sadtalker.pt
FAKE_T3_1018_IWL_FEA_XX__AUDIO_1018_IWL_HAP_XX_sadtalker,track3,1,crema_1018,HAP,FEA,-1,1,1,1,,data\preprocessed\features\z_at\FAKE_T3_1018_IWL_FEA_XX__AUDIO_1018_IWL_HAP_XX_sadtalker.pt,data\preprocessed\features\z_v\FAKE_T3_1018_IWL_FEA_XX__AUDIO_1018_IWL_HAP_XX_sadtalker.pt
FAKE_T3_1018_IWL_NEU_XX__AUDIO_1018_IWL_SAD_XX_sadtalker,track3,1,crema_1018,SAD,NEU,-1,1,1,1,,data\preprocessed\features\z_at\FAKE_T3_1018_IWL_NEU_XX__AUDIO_1018_IWL_SAD_XX_sadtalker.pt,data\preprocessed\features\z_v\FAKE_T3_1018_IWL_NEU_XX__AUDIO_1018_IWL_SAD_XX_sadtalker.pt
FAKE_T3_1018_IWL_SAD_XX__AUDIO_1018_IWL_ANG_XX_sadtalker,track3,1,crema_1018,ANG,SAD,-1,1,1,1,,data\preprocessed\features\z_at\FAKE_T3_1018_IWL_SAD_XX__AUDIO_1018_IWL_ANG_XX_sadtalker.pt,data\preprocessed\features\z_v\FAKE_T3_1018_IWL_SAD_XX__AUDIO_1018_IWL_ANG_XX_sadtalker.pt
FAKE_T3_1018_IWW_HAP_XX__AUDIO_1018_IWW_NEU_XX_sadtalker,track3,1,crema_1018,NEU,HAP,-1,1,1,1,,data\preprocessed\features\z_at\FAKE_T3_1018_IWW_HAP_XX__AUDIO_1018_IWW_NEU_XX_sadtalker.pt,data\preprocessed\features\z_v\FAKE_T3_1018_IWW_HAP_XX__AUDIO_1018_IWW_NEU_XX_sadtalker.pt
FAKE_T3_1018_IWW_NEU_XX__AUDIO_1018_IWW_SAD_XX_sadtalker,track3,1,crema_1018,SAD,NEU,-1,1,1,1,,data\preprocessed\features\z_at\FAKE_T3_1018_IWW_NEU_XX__AUDIO_1018_IWW_SAD_XX_sadtalker.pt,data\preprocessed\features\z_v\FAKE_T3_1018_IWW_NEU_XX__AUDIO_1018_IWW_SAD_XX_sadtalker.pt
FAKE_T3_1018_MTI_ANG_XX__AUDIO_1018_MTI_DIS_XX_sadtalker,track3,1,crema_1018,DIS,ANG,-1,1,1,1,,data\preprocessed\features\z_at\FAKE_T3_1018_MTI_ANG_XX__AUDIO_1018_MTI_DIS_XX_sadtalker.pt,data\preprocessed\features\z_v\FAKE_T3_1018_MTI_ANG_XX__AUDIO_1018_MTI_DIS_XX_sadtalker.pt
FAKE_T3_1018_MTI_DIS_XX__AUDIO_1018_MTI_FEA_XX_sadtalker,track3,1,crema_1018,FEA,DIS,-1,1,1,1,,data\preprocessed\features\z_at\FAKE_T3_1018_MTI_DIS_XX__AUDIO_1018_MTI_FEA_XX_sadtalker.pt,data\preprocessed\features\z_v\FAKE_T3_1018_MTI_DIS_XX__AUDIO_1018_MTI_FEA_XX_sadtalker.pt
FAKE_T3_1018_MTI_NEU_XX__AUDIO_1018_MTI_SAD_XX_sadtalker,track3,1,crema_1018,SAD,NEU,-1,1,1,1,,data\preprocessed\features\z_at\FAKE_T3_1018_MTI_NEU_XX__AUDIO_1018_MTI_SAD_XX_sadtalker.pt,data\preprocessed\features\z_v\FAKE_T3_1018_MTI_NEU_XX__AUDIO_1018_MTI_SAD_XX_sadtalker.pt
FAKE_T3_1018_TAI_ANG_XX__AUDIO_1018_TAI_DIS_XX_sadtalker,track3,1,crema_1018,DIS,ANG,-1,1,1,1,,data\preprocessed\features\z_at\FAKE_T3_1018_TAI_ANG_XX__AUDIO_1018_TAI_DIS_XX_sadtalker.pt,data\preprocessed\features\z_v\FAKE_T3_1018_TAI_ANG_XX__AUDIO_1018_TAI_DIS_XX_sadtalker.pt
FAKE_T3_1018_TAI_DIS_XX__AUDIO_1018_TAI_FEA_XX_sadtalker,track3,1,crema_1018,FEA,DIS,-1,1,1,1,,data\preprocessed\features\z_at\FAKE_T3_1018_TAI_DIS_XX__AUDIO_1018_TAI_FEA_XX_sadtalker.pt,data\preprocessed\features\z_v\FAKE_T3_1018_TAI_DIS_XX__AUDIO_1018_TAI_FEA_XX_sadtalker.pt
FAKE_T3_1018_TAI_FEA_XX__AUDIO_1018_TAI_HAP_XX_sadtalker,track3,1,crema_1018,HAP,FEA,-1,1,1,1,,data\preprocessed\features\z_at\FAKE_T3_1018_TAI_FEA_XX__AUDIO_1018_TAI_HAP_XX_sadtalker.pt,data\preprocessed\features\z_v\FAKE_T3_1018_TAI_FEA_XX__AUDIO_1018_TAI_HAP_XX_sadtalker.pt
FAKE_T3_1018_TIE_ANG_XX__AUDIO_1018_TIE_DIS_XX_sadtalker,track3,1,crema_1018,DIS,ANG,-1,1,1,1,,data\preprocessed\features\z_at\FAKE_T3_1018_TIE_ANG_XX__AUDIO_1018_TIE_DIS_XX_sadtalker.pt,data\preprocessed\features\z_v\FAKE_T3_1018_TIE_ANG_XX__AUDIO_1018_TIE_DIS_XX_sadtalker.pt
FAKE_T3_1018_TIE_DIS_XX__AUDIO_1018_TIE_FEA_XX_sadtalker,track3,1,crema_1018,FEA,DIS,-1,1,1,1,,data\preprocessed\features\z_at\FAKE_T3_1018_TIE_DIS_XX__AUDIO_1018_TIE_FEA_XX_sadtalker.pt,data\preprocessed\features\z_v\FAKE_T3_1018_TIE_DIS_XX__AUDIO_1018_TIE_FEA_XX_sadtalker.pt
FAKE_T3_1018_TIE_FEA_XX__AUDIO_1018_TIE_HAP_XX_sadtalker,track3,1,crema_1018,HAP,FEA,-1,1,1,1,,data\preprocessed\features\z_at\FAKE_T3_1018_TIE_FEA_XX__AUDIO_1018_TIE_HAP_XX_sadtalker.pt,data\preprocessed\features\z_v\FAKE_T3_1018_TIE_FEA_XX__AUDIO_1018_TIE_HAP_XX_sadtalker.pt
FAKE_T3_1018_TSI_ANG_XX__AUDIO_1018_TSI_DIS_XX_sadtalker,track3,1,crema_1018,DIS,ANG,-1,1,1,1,,data\preprocessed\features\z_at\FAKE_T3_1018_TSI_ANG_XX__AUDIO_1018_TSI_DIS_XX_sadtalker.pt,data\preprocessed\features\z_v\FAKE_T3_1018_TSI_ANG_XX__AUDIO_1018_TSI_DIS_XX_sadtalker.pt
FAKE_T3_1018_TSI_FEA_XX__AUDIO_1018_TSI_HAP_XX_sadtalker,track3,1,crema_1018,HAP,FEA,-1,1,1,1,,data\preprocessed\features\z_at\FAKE_T3_1018_TSI_FEA_XX__AUDIO_1018_TSI_HAP_XX_sadtalker.pt,data\preprocessed\features\z_v\FAKE_T3_1018_TSI_FEA_XX__AUDIO_1018_TSI_HAP_XX_sadtalker.pt
FAKE_T3_1018_TSI_NEU_XX__AUDIO_1018_TSI_SAD_XX_sadtalker,track3,1,crema_1018,SAD,NEU,-1,1,1,1,,data\preprocessed\features\z_at\FAKE_T3_1018_TSI_NEU_XX__AUDIO_1018_TSI_SAD_XX_sadtalker.pt,data\preprocessed\features\z_v\FAKE_T3_1018_TSI_NEU_XX__AUDIO_1018_TSI_SAD_XX_sadtalker.pt
FAKE_T3_1018_TSI_SAD_XX__AUDIO_1018_TSI_ANG_XX_sadtalker,track3,1,crema_1018,ANG,SAD,-1,1,1,1,,data\preprocessed\features\z_at\FAKE_T3_1018_TSI_SAD_XX__AUDIO_1018_TSI_ANG_XX_sadtalker.pt,data\preprocessed\features\z_v\FAKE_T3_1018_TSI_SAD_XX__AUDIO_1018_TSI_ANG_XX_sadtalker.pt
FAKE_T3_1018_WSI_ANG_XX__AUDIO_1018_WSI_DIS_XX_sadtalker,track3,1,crema_1018,DIS,ANG,-1,1,1,1,,data\preprocessed\features\z_at\FAKE_T3_1018_WSI_ANG_XX__AUDIO_1018_WSI_DIS_XX_sadtalker.pt,data\preprocessed\features\z_v\FAKE_T3_1018_WSI_ANG_XX__AUDIO_1018_WSI_DIS_XX_sadtalker.pt
FAKE_T3_1018_WSI_FEA_XX__AUDIO_1018_WSI_HAP_XX_sadtalker,track3,1,crema_1018,HAP,FEA,-1,1,1,1,,data\preprocessed\features\z_at\FAKE_T3_1018_WSI_FEA_XX__AUDIO_1018_WSI_HAP_XX_sadtalker.pt,data\preprocessed\features\z_v\FAKE_T3_1018_WSI_FEA_XX__AUDIO_1018_WSI_HAP_XX_sadtalker.pt
FAKE_T3_1019_DFA_ANG_XX__AUDIO_1019_DFA_DIS_XX_sadtalker,track3,1,crema_1019,DIS,ANG,-1,1,1,1,,data\preprocessed\features\z_at\FAKE_T3_1019_DFA_ANG_XX__AUDIO_1019_DFA_DIS_XX_sadtalker.pt,data\preprocessed\features\z_v\FAKE_T3_1019_DFA_ANG_XX__AUDIO_1019_DFA_DIS_XX_sadtalker.pt
FAKE_T3_1019_DFA_DIS_XX__AUDIO_1019_DFA_FEA_XX_sadtalker,track3,1,crema_1019,FEA,DIS,-1,1,1,1,,data\preprocessed\features\z_at\FAKE_T3_1019_DFA_DIS_XX__AUDIO_1019_DFA_FEA_XX_sadtalker.pt,data\preprocessed\features\z_v\FAKE_T3_1019_DFA_DIS_XX__AUDIO_1019_DFA_FEA_XX_sadtalker.pt
FAKE_T3_1019_DFA_HAP_XX__AUDIO_1019_DFA_NEU_XX_sadtalker,track3,1,crema_1019,NEU,HAP,-1,1,1,1,,data\preprocessed\features\z_at\FAKE_T3_1019_DFA_HAP_XX__AUDIO_1019_DFA_NEU_XX_sadtalker.pt,data\preprocessed\features\z_v\FAKE_T3_1019_DFA_HAP_XX__AUDIO_1019_DFA_NEU_XX_sadtalker.pt
FAKE_T3_1019_IEO_ANG_MD__AUDIO_1019_IEO_DIS_MD_sadtalker,track3,1,crema_1019,DIS,ANG,-1,1,1,1,,data\preprocessed\features\z_at\FAKE_T3_1019_IEO_ANG_MD__AUDIO_1019_IEO_DIS_MD_sadtalker.pt,data\preprocessed\features\z_v\FAKE_T3_1019_IEO_ANG_MD__AUDIO_1019_IEO_DIS_MD_sadtalker.pt
FAKE_T3_1019_IEO_DIS_MD__AUDIO_1019_IEO_FEA_MD_sadtalker,track3,1,crema_1019,FEA,DIS,-1,1,1,1,,data\preprocessed\features\z_at\FAKE_T3_1019_IEO_DIS_MD__AUDIO_1019_IEO_FEA_MD_sadtalker.pt,data\preprocessed\features\z_v\FAKE_T3_1019_IEO_DIS_MD__AUDIO_1019_IEO_FEA_MD_sadtalker.pt
FAKE_T3_1019_IEO_FEA_HI__AUDIO_1019_IEO_HAP_HI_sadtalker,track3,1,crema_1019,HAP,FEA,-1,1,1,1,,data\preprocessed\features\z_at\FAKE_T3_1019_IEO_FEA_HI__AUDIO_1019_IEO_HAP_HI_sadtalker.pt,data\preprocessed\features\z_v\FAKE_T3_1019_IEO_FEA_HI__AUDIO_1019_IEO_HAP_HI_sadtalker.pt
FAKE_T3_1019_IEO_FEA_LO__AUDIO_1019_IEO_HAP_LO_sadtalker,track3,1,crema_1019,HAP,FEA,-1,1,1,1,,data\preprocessed\features\z_at\FAKE_T3_1019_IEO_FEA_LO__AUDIO_1019_IEO_HAP_LO_sadtalker.pt,data\preprocessed\features\z_v\FAKE_T3_1019_IEO_FEA_LO__AUDIO_1019_IEO_HAP_LO_sadtalker.pt
FAKE_T3_1019_IEO_FEA_MD__AUDIO_1019_IEO_HAP_MD_sadtalker,track3,1,crema_1019,HAP,FEA,-1,1,1,1,,data\preprocessed\features\z_at\FAKE_T3_1019_IEO_FEA_MD__AUDIO_1019_IEO_HAP_MD_sadtalker.pt,data\preprocessed\features\z_v\FAKE_T3_1019_IEO_FEA_MD__AUDIO_1019_IEO_HAP_MD_sadtalker.pt
FAKE_T3_1019_IEO_HAP_LO__AUDIO_1019_IEO_NEU_XX_sadtalker,track3,1,crema_1019,NEU,HAP,-1,1,1,1,,data\preprocessed\features\z_at\FAKE_T3_1019_IEO_HAP_LO__AUDIO_1019_IEO_NEU_XX_sadtalker.pt,data\preprocessed\features\z_v\FAKE_T3_1019_IEO_HAP_LO__AUDIO_1019_IEO_NEU_XX_sadtalker.pt
FAKE_T3_1019_IEO_HAP_MD__AUDIO_1019_IEO_NEU_XX_sadtalker,track3,1,crema_1019,NEU,HAP,-1,1,1,1,,data\preprocessed\features\z_at\FAKE_T3_1019_IEO_HAP_MD__AUDIO_1019_IEO_NEU_XX_sadtalker.pt,data\preprocessed\features\z_v\FAKE_T3_1019_IEO_HAP_MD__AUDIO_1019_IEO_NEU_XX_sadtalker.pt
FAKE_T3_1019_IEO_NEU_XX__AUDIO_1019_IEO_SAD_HI_sadtalker,track3,1,crema_1019,SAD,NEU,-1,1,1,1,,data\preprocessed\features\z_at\FAKE_T3_1019_IEO_NEU_XX__AUDIO_1019_IEO_SAD_HI_sadtalker.pt,data\preprocessed\features\z_v\FAKE_T3_1019_IEO_NEU_XX__AUDIO_1019_IEO_SAD_HI_sadtalker.pt
FAKE_T3_1019_IEO_SAD_MD__AUDIO_1019_IEO_ANG_MD_sadtalker,track3,1,crema_1019,ANG,SAD,-1,1,1,1,,data\preprocessed\features\z_at\FAKE_T3_1019_IEO_SAD_MD__AUDIO_1019_IEO_ANG_MD_sadtalker.pt,data\preprocessed\features\z_v\FAKE_T3_1019_IEO_SAD_MD__AUDIO_1019_IEO_ANG_MD_sadtalker.pt
FAKE_T3_1019_IOM_DIS_XX__AUDIO_1019_IOM_FEA_XX_sadtalker,track3,1,crema_1019,FEA,DIS,-1,1,1,1,,data\preprocessed\features\z_at\FAKE_T3_1019_IOM_DIS_XX__AUDIO_1019_IOM_FEA_XX_sadtalker.pt,data\preprocessed\features\z_v\FAKE_T3_1019_IOM_DIS_XX__AUDIO_1019_IOM_FEA_XX_sadtalker.pt
FAKE_T3_1019_IOM_HAP_XX__AUDIO_1019_IOM_NEU_XX_sadtalker,track3,1,crema_1019,NEU,HAP,-1,1,1,1,,data\preprocessed\features\z_at\FAKE_T3_1019_IOM_HAP_XX__AUDIO_1019_IOM_NEU_XX_sadtalker.pt,data\preprocessed\features\z_v\FAKE_T3_1019_IOM_HAP_XX__AUDIO_1019_IOM_NEU_XX_sadtalker.pt
FAKE_T3_1019_IOM_NEU_XX__AUDIO_1019_IOM_SAD_XX_sadtalker,track3,1,crema_1019,SAD,NEU,-1,1,1,1,,data\preprocessed\features\z_at\FAKE_T3_1019_IOM_NEU_XX__AUDIO_1019_IOM_SAD_XX_sadtalker.pt,data\preprocessed\features\z_v\FAKE_T3_1019_IOM_NEU_XX__AUDIO_1019_IOM_SAD_XX_sadtalker.pt
FAKE_T3_1019_ITS_FEA_XX__AUDIO_1019_ITS_HAP_XX_sadtalker,track3,1,crema_1019,HAP,FEA,-1,1,1,1,,data\preprocessed\features\z_at\FAKE_T3_1019_ITS_FEA_XX__AUDIO_1019_ITS_HAP_XX_sadtalker.pt,data\preprocessed\features\z_v\FAKE_T3_1019_ITS_FEA_XX__AUDIO_1019_ITS_HAP_XX_sadtalker.pt
FAKE_T3_1019_IWL_DIS_XX__AUDIO_1019_IWL_FEA_XX_sadtalker,track3,1,crema_1019,FEA,DIS,-1,1,1,1,,data\preprocessed\features\z_at\FAKE_T3_1019_IWL_DIS_XX__AUDIO_1019_IWL_FEA_XX_sadtalker.pt,data\preprocessed\features\z_v\FAKE_T3_1019_IWL_DIS_XX__AUDIO_1019_IWL_FEA_XX_sadtalker.pt
FAKE_T3_1019_IWL_FEA_XX__AUDIO_1019_IWL_HAP_XX_sadtalker,track3,1,crema_1019,HAP,FEA,-1,1,1,1,,data\preprocessed\features\z_at\FAKE_T3_1019_IWL_FEA_XX__AUDIO_1019_IWL_HAP_XX_sadtalker.pt,data\preprocessed\features\z_v\FAKE_T3_1019_IWL_FEA_XX__AUDIO_1019_IWL_HAP_XX_sadtalker.pt
FAKE_T3_1019_IWL_HAP_XX__AUDIO_1019_IWL_NEU_XX_sadtalker,track3,1,crema_1019,NEU,HAP,-1,1,1,1,,data\preprocessed\features\z_at\FAKE_T3_1019_IWL_HAP_XX__AUDIO_1019_IWL_NEU_XX_sadtalker.pt,data\preprocessed\features\z_v\FAKE_T3_1019_IWL_HAP_XX__AUDIO_1019_IWL_NEU_XX_sadtalker.pt
FAKE_T3_1019_IWL_NEU_XX__AUDIO_1019_IWL_SAD_XX_sadtalker,track3,1,crema_1019,SAD,NEU,-1,1,1,1,,data\preprocessed\features\z_at\FAKE_T3_1019_IWL_NEU_XX__AUDIO_1019_IWL_SAD_XX_sadtalker.pt,data\preprocessed\features\z_v\FAKE_T3_1019_IWL_NEU_XX__AUDIO_1019_IWL_SAD_XX_sadtalker.pt
FAKE_T3_1019_IWW_DIS_XX__AUDIO_1019_IWW_FEA_XX_sadtalker,track3,1,crema_1019,FEA,DIS,-1,1,1,1,,data\preprocessed\features\z_at\FAKE_T3_1019_IWW_DIS_XX__AUDIO_1019_IWW_FEA_XX_sadtalker.pt,data\preprocessed\features\z_v\FAKE_T3_1019_IWW_DIS_XX__AUDIO_1019_IWW_FEA_XX_sadtalker.pt
FAKE_T3_1019_IWW_FEA_XX__AUDIO_1019_IWW_HAP_XX_sadtalker,track3,1,crema_1019,HAP,FEA,-1,1,1,1,,data\preprocessed\features\z_at\FAKE_T3_1019_IWW_FEA_XX__AUDIO_1019_IWW_HAP_XX_sadtalker.pt,data\preprocessed\features\z_v\FAKE_T3_1019_IWW_FEA_XX__AUDIO_1019_IWW_HAP_XX_sadtalker.pt
FAKE_T3_1019_IWW_NEU_XX__AUDIO_1019_IWW_SAD_XX_sadtalker,track3,1,crema_1019,SAD,NEU,-1,1,1,1,,data\preprocessed\features\z_at\FAKE_T3_1019_IWW_NEU_XX__AUDIO_1019_IWW_SAD_XX_sadtalker.pt,data\preprocessed\features\z_v\FAKE_T3_1019_IWW_NEU_XX__AUDIO_1019_IWW_SAD_XX_sadtalker.pt
FAKE_T3_1019_MTI_ANG_XX__AUDIO_1019_MTI_DIS_XX_sadtalker,track3,1,crema_1019,DIS,ANG,-1,1,1,1,,data\preprocessed\features\z_at\FAKE_T3_1019_MTI_ANG_XX__AUDIO_1019_MTI_DIS_XX_sadtalker.pt,data\preprocessed\features\z_v\FAKE_T3_1019_MTI_ANG_XX__AUDIO_1019_MTI_DIS_XX_sadtalker.pt
FAKE_T3_1019_MTI_DIS_XX__AUDIO_1019_MTI_FEA_XX_sadtalker,track3,1,crema_1019,FEA,DIS,-1,1,1,1,,data\preprocessed\features\z_at\FAKE_T3_1019_MTI_DIS_XX__AUDIO_1019_MTI_FEA_XX_sadtalker.pt,data\preprocessed\features\z_v\FAKE_T3_1019_MTI_DIS_XX__AUDIO_1019_MTI_FEA_XX_sadtalker.pt
FAKE_T3_1019_MTI_FEA_XX__AUDIO_1019_MTI_HAP_XX_sadtalker,track3,1,crema_1019,HAP,FEA,-1,1,1,1,,data\preprocessed\features\z_at\FAKE_T3_1019_MTI_FEA_XX__AUDIO_1019_MTI_HAP_XX_sadtalker.pt,data\preprocessed\features\z_v\FAKE_T3_1019_MTI_FEA_XX__AUDIO_1019_MTI_HAP_XX_sadtalker.pt
FAKE_T3_1019_MTI_NEU_XX__AUDIO_1019_MTI_SAD_XX_sadtalker,track3,1,crema_1019,SAD,NEU,-1,1,1,1,,data\preprocessed\features\z_at\FAKE_T3_1019_MTI_NEU_XX__AUDIO_1019_MTI_SAD_XX_sadtalker.pt,data\preprocessed\features\z_v\FAKE_T3_1019_MTI_NEU_XX__AUDIO_1019_MTI_SAD_XX_sadtalker.pt
FAKE_T3_1019_MTI_SAD_XX__AUDIO_1019_MTI_ANG_XX_sadtalker,track3,1,crema_1019,ANG,SAD,-1,1,1,1,,data\preprocessed\features\z_at\FAKE_T3_1019_MTI_SAD_XX__AUDIO_1019_MTI_ANG_XX_sadtalker.pt,data\preprocessed\features\z_v\FAKE_T3_1019_MTI_SAD_XX__AUDIO_1019_MTI_ANG_XX_sadtalker.pt
FAKE_T3_1019_TAI_DIS_XX__AUDIO_1019_TAI_FEA_XX_sadtalker,track3,1,crema_1019,FEA,DIS,-1,1,1,1,,data\preprocessed\features\z_at\FAKE_T3_1019_TAI_DIS_XX__AUDIO_1019_TAI_FEA_XX_sadtalker.pt,data\preprocessed\features\z_v\FAKE_T3_1019_TAI_DIS_XX__AUDIO_1019_TAI_FEA_XX_sadtalker.pt
FAKE_T3_1019_TIE_ANG_XX__AUDIO_1019_TIE_DIS_XX_sadtalker,track3,1,crema_1019,DIS,ANG,-1,1,1,1,,data\preprocessed\features\z_at\FAKE_T3_1019_TIE_ANG_XX__AUDIO_1019_TIE_DIS_XX_sadtalker.pt,data\preprocessed\features\z_v\FAKE_T3_1019_TIE_ANG_XX__AUDIO_1019_TIE_DIS_XX_sadtalker.pt
FAKE_T3_1019_TIE_HAP_XX__AUDIO_1019_TIE_NEU_XX_sadtalker,track3,1,crema_1019,NEU,HAP,-1,1,1,1,,data\preprocessed\features\z_at\FAKE_T3_1019_TIE_HAP_XX__AUDIO_1019_TIE_NEU_XX_sadtalker.pt,data\preprocessed\features\z_v\FAKE_T3_1019_TIE_HAP_XX__AUDIO_1019_TIE_NEU_XX_sadtalker.pt
FAKE_T3_1019_TIE_NEU_XX__AUDIO_1019_TIE_SAD_XX_sadtalker,track3,1,crema_1019,SAD,NEU,-1,1,1,1,,data\preprocessed\features\z_at\FAKE_T3_1019_TIE_NEU_XX__AUDIO_1019_TIE_SAD_XX_sadtalker.pt,data\preprocessed\features\z_v\FAKE_T3_1019_TIE_NEU_XX__AUDIO_1019_TIE_SAD_XX_sadtalker.pt
FAKE_T3_1019_TIE_SAD_XX__AUDIO_1019_TIE_ANG_XX_sadtalker,track3,1,crema_1019,ANG,SAD,-1,1,1,1,,data\preprocessed\features\z_at\FAKE_T3_1019_TIE_SAD_XX__AUDIO_1019_TIE_ANG_XX_sadtalker.pt,data\preprocessed\features\z_v\FAKE_T3_1019_TIE_SAD_XX__AUDIO_1019_TIE_ANG_XX_sadtalker.pt
FAKE_T3_1019_TSI_ANG_XX__AUDIO_1019_TSI_DIS_XX_sadtalker,track3,1,crema_1019,DIS,ANG,-1,1,1,1,,data\preprocessed\features\z_at\FAKE_T3_1019_TSI_ANG_XX__AUDIO_1019_TSI_DIS_XX_sadtalker.pt,data\preprocessed\features\z_v\FAKE_T3_1019_TSI_ANG_XX__AUDIO_1019_TSI_DIS_XX_sadtalker.pt
FAKE_T3_1019_TSI_HAP_XX__AUDIO_1019_TSI_NEU_XX_sadtalker,track3,1,crema_1019,NEU,HAP,-1,1,1,1,,data\preprocessed\features\z_at\FAKE_T3_1019_TSI_HAP_XX__AUDIO_1019_TSI_NEU_XX_sadtalker.pt,data\preprocessed\features\z_v\FAKE_T3_1019_TSI_HAP_XX__AUDIO_1019_TSI_NEU_XX_sadtalker.pt
FAKE_T3_1019_TSI_NEU_XX__AUDIO_1019_TSI_SAD_XX_sadtalker,track3,1,crema_1019,SAD,NEU,-1,1,1,1,,data\preprocessed\features\z_at\FAKE_T3_1019_TSI_NEU_XX__AUDIO_1019_TSI_SAD_XX_sadtalker.pt,data\preprocessed\features\z_v\FAKE_T3_1019_TSI_NEU_XX__AUDIO_1019_TSI_SAD_XX_sadtalker.pt
FAKE_T3_1019_TSI_SAD_XX__AUDIO_1019_TSI_ANG_XX_sadtalker,track3,1,crema_1019,ANG,SAD,-1,1,1,1,,data\preprocessed\features\z_at\FAKE_T3_1019_TSI_SAD_XX__AUDIO_1019_TSI_ANG_XX_sadtalker.pt,data\preprocessed\features\z_v\FAKE_T3_1019_TSI_SAD_XX__AUDIO_1019_TSI_ANG_XX_sadtalker.pt
FAKE_T3_1019_WSI_FEA_XX__AUDIO_1019_WSI_HAP_XX_sadtalker,track3,1,crema_1019,HAP,FEA,-1,1,1,1,,data\preprocessed\features\z_at\FAKE_T3_1019_WSI_FEA_XX__AUDIO_1019_WSI_HAP_XX_sadtalker.pt,data\preprocessed\features\z_v\FAKE_T3_1019_WSI_FEA_XX__AUDIO_1019_WSI_HAP_XX_sadtalker.pt
FAKE_T3_1021_DFA_FEA_XX__AUDIO_1021_DFA_HAP_XX_sadtalker,track3,1,crema_1021,HAP,FEA,-1,1,1,1,,data\preprocessed\features\z_at\FAKE_T3_1021_DFA_FEA_XX__AUDIO_1021_DFA_HAP_XX_sadtalker.pt,data\preprocessed\features\z_v\FAKE_T3_1021_DFA_FEA_XX__AUDIO_1021_DFA_HAP_XX_sadtalker.pt
FAKE_T3_1021_IEO_ANG_HI__AUDIO_1021_IEO_DIS_HI_sadtalker,track3,1,crema_1021,DIS,ANG,-1,1,1,1,,data\preprocessed\features\z_at\FAKE_T3_1021_IEO_ANG_HI__AUDIO_1021_IEO_DIS_HI_sadtalker.pt,data\preprocessed\features\z_v\FAKE_T3_1021_IEO_ANG_HI__AUDIO_1021_IEO_DIS_HI_sadtalker.pt
FAKE_T3_1021_IEO_ANG_LO__AUDIO_1021_IEO_DIS_LO_sadtalker,track3,1,crema_1021,DIS,ANG,-1,1,1,1,,data\preprocessed\features\z_at\FAKE_T3_1021_IEO_ANG_LO__AUDIO_1021_IEO_DIS_LO_sadtalker.pt,data\preprocessed\features\z_v\FAKE_T3_1021_IEO_ANG_LO__AUDIO_1021_IEO_DIS_LO_sadtalker.pt
FAKE_T3_1021_IEO_DIS_HI__AUDIO_1021_IEO_FEA_HI_sadtalker,track3,1,crema_1021,FEA,DIS,-1,1,1,1,,data\preprocessed\features\z_at\FAKE_T3_1021_IEO_DIS_HI__AUDIO_1021_IEO_FEA_HI_sadtalker.pt,data\preprocessed\features\z_v\FAKE_T3_1021_IEO_DIS_HI__AUDIO_1021_IEO_FEA_HI_sadtalker.pt
FAKE_T3_1021_IEO_NEU_XX__AUDIO_1021_IEO_SAD_HI_sadtalker,track3,1,crema_1021,SAD,NEU,-1,1,1,1,,data\preprocessed\features\z_at\FAKE_T3_1021_IEO_NEU_XX__AUDIO_1021_IEO_SAD_HI_sadtalker.pt,data\preprocessed\features\z_v\FAKE_T3_1021_IEO_NEU_XX__AUDIO_1021_IEO_SAD_HI_sadtalker.pt
FAKE_T3_1021_IEO_SAD_HI__AUDIO_1021_IEO_ANG_HI_sadtalker,track3,1,crema_1021,ANG,SAD,-1,1,1,1,,data\preprocessed\features\z_at\FAKE_T3_1021_IEO_SAD_HI__AUDIO_1021_IEO_ANG_HI_sadtalker.pt,data\preprocessed\features\z_v\FAKE_T3_1021_IEO_SAD_HI__AUDIO_1021_IEO_ANG_HI_sadtalker.pt
FAKE_T3_1021_IEO_SAD_LO__AUDIO_1021_IEO_ANG_LO_sadtalker,track3,1,crema_1021,ANG,SAD,-1,1,1,1,,data\preprocessed\features\z_at\FAKE_T3_1021_IEO_SAD_LO__AUDIO_1021_IEO_ANG_LO_sadtalker.pt,data\preprocessed\features\z_v\FAKE_T3_1021_IEO_SAD_LO__AUDIO_1021_IEO_ANG_LO_sadtalker.pt
FAKE_T3_1021_IEO_SAD_MD__AUDIO_1021_IEO_ANG_MD_sadtalker,track3,1,crema_1021,ANG,SAD,-1,1,1,1,,data\preprocessed\features\z_at\FAKE_T3_1021_IEO_SAD_MD__AUDIO_1021_IEO_ANG_MD_sadtalker.pt,data\preprocessed\features\z_v\FAKE_T3_1021_IEO_SAD_MD__AUDIO_1021_IEO_ANG_MD_sadtalker.pt
FAKE_T3_1021_IOM_HAP_XX__AUDIO_1021_IOM_NEU_XX_sadtalker,track3,1,crema_1021,NEU,HAP,-1,1,1,1,,data\preprocessed\features\z_at\FAKE_T3_1021_IOM_HAP_XX__AUDIO_1021_IOM_NEU_XX_sadtalker.pt,data\preprocessed\features\z_v\FAKE_T3_1021_IOM_HAP_XX__AUDIO_1021_IOM_NEU_XX_sadtalker.pt
FAKE_T3_1021_IOM_NEU_XX__AUDIO_1021_IOM_SAD_XX_sadtalker,track3,1,crema_1021,SAD,NEU,-1,1,1,1,,data\preprocessed\features\z_at\FAKE_T3_1021_IOM_NEU_XX__AUDIO_1021_IOM_SAD_XX_sadtalker.pt,data\preprocessed\features\z_v\FAKE_T3_1021_IOM_NEU_XX__AUDIO_1021_IOM_SAD_XX_sadtalker.pt
FAKE_T3_1021_ITH_FEA_XX__AUDIO_1021_ITH_HAP_XX_sadtalker,track3,1,crema_1021,HAP,FEA,-1,1,1,1,,data\preprocessed\features\z_at\FAKE_T3_1021_ITH_FEA_XX__AUDIO_1021_ITH_HAP_XX_sadtalker.pt,data\preprocessed\features\z_v\FAKE_T3_1021_ITH_FEA_XX__AUDIO_1021_ITH_HAP_XX_sadtalker.pt
FAKE_T3_1021_ITH_NEU_XX__AUDIO_1021_ITH_SAD_XX_sadtalker,track3,1,crema_1021,SAD,NEU,-1,1,1,1,,data\preprocessed\features\z_at\FAKE_T3_1021_ITH_NEU_XX__AUDIO_1021_ITH_SAD_XX_sadtalker.pt,data\preprocessed\features\z_v\FAKE_T3_1021_ITH_NEU_XX__AUDIO_1021_ITH_SAD_XX_sadtalker.pt
FAKE_T3_1021_ITH_SAD_XX__AUDIO_1021_ITH_ANG_XX_sadtalker,track3,1,crema_1021,ANG,SAD,-1,1,1,1,,data\preprocessed\features\z_at\FAKE_T3_1021_ITH_SAD_XX__AUDIO_1021_ITH_ANG_XX_sadtalker.pt,data\preprocessed\features\z_v\FAKE_T3_1021_ITH_SAD_XX__AUDIO_1021_ITH_ANG_XX_sadtalker.pt
FAKE_T3_1021_ITS_ANG_XX__AUDIO_1021_ITS_DIS_XX_sadtalker,track3,1,crema_1021,DIS,ANG,-1,1,1,1,,data\preprocessed\features\z_at\FAKE_T3_1021_ITS_ANG_XX__AUDIO_1021_ITS_DIS_XX_sadtalker.pt,data\preprocessed\features\z_v\FAKE_T3_1021_ITS_ANG_XX__AUDIO_1021_ITS_DIS_XX_sadtalker.pt
FAKE_T3_1021_ITS_DIS_XX__AUDIO_1021_ITS_FEA_XX_sadtalker,track3,1,crema_1021,FEA,DIS,-1,1,1,1,,data\preprocessed\features\z_at\FAKE_T3_1021_ITS_DIS_XX__AUDIO_1021_ITS_FEA_XX_sadtalker.pt,data\preprocessed\features\z_v\FAKE_T3_1021_ITS_DIS_XX__AUDIO_1021_ITS_FEA_XX_sadtalker.pt
FAKE_T3_1021_ITS_FEA_XX__AUDIO_1021_ITS_HAP_XX_sadtalker,track3,1,crema_1021,HAP,FEA,-1,1,1,1,,data\preprocessed\features\z_at\FAKE_T3_1021_ITS_FEA_XX__AUDIO_1021_ITS_HAP_XX_sadtalker.pt,data\preprocessed\features\z_v\FAKE_T3_1021_ITS_FEA_XX__AUDIO_1021_ITS_HAP_XX_sadtalker.pt
FAKE_T3_1021_ITS_HAP_XX__AUDIO_1021_ITS_NEU_XX_sadtalker,track3,1,crema_1021,NEU,HAP,-1,1,1,1,,data\preprocessed\features\z_at\FAKE_T3_1021_ITS_HAP_XX__AUDIO_1021_ITS_NEU_XX_sadtalker.pt,data\preprocessed\features\z_v\FAKE_T3_1021_ITS_HAP_XX__AUDIO_1021_ITS_NEU_XX_sadtalker.pt
FAKE_T3_1021_ITS_SAD_XX__AUDIO_1021_ITS_ANG_XX_sadtalker,track3,1,crema_1021,ANG,SAD,-1,1,1,1,,data\preprocessed\features\z_at\FAKE_T3_1021_ITS_SAD_XX__AUDIO_1021_ITS_ANG_XX_sadtalker.pt,data\preprocessed\features\z_v\FAKE_T3_1021_ITS_SAD_XX__AUDIO_1021_ITS_ANG_XX_sadtalker.pt
FAKE_T3_1021_IWL_DIS_XX__AUDIO_1021_IWL_FEA_XX_sadtalker,track3,1,crema_1021,FEA,DIS,-1,1,1,1,,data\preprocessed\features\z_at\FAKE_T3_1021_IWL_DIS_XX__AUDIO_1021_IWL_FEA_XX_sadtalker.pt,data\preprocessed\features\z_v\FAKE_T3_1021_IWL_DIS_XX__AUDIO_1021_IWL_FEA_XX_sadtalker.pt
FAKE_T3_1021_IWL_HAP_XX__AUDIO_1021_IWL_NEU_XX_sadtalker,track3,1,crema_1021,NEU,HAP,-1,1,1,1,,data\preprocessed\features\z_at\FAKE_T3_1021_IWL_HAP_XX__AUDIO_1021_IWL_NEU_XX_sadtalker.pt,data\preprocessed\features\z_v\FAKE_T3_1021_IWL_HAP_XX__AUDIO_1021_IWL_NEU_XX_sadtalker.pt
FAKE_T3_1021_IWL_NEU_XX__AUDIO_1021_IWL_SAD_XX_sadtalker,track3,1,crema_1021,SAD,NEU,-1,1,1,1,,data\preprocessed\features\z_at\FAKE_T3_1021_IWL_NEU_XX__AUDIO_1021_IWL_SAD_XX_sadtalker.pt,data\preprocessed\features\z_v\FAKE_T3_1021_IWL_NEU_XX__AUDIO_1021_IWL_SAD_XX_sadtalker.pt
FAKE_T3_1021_IWL_SAD_XX__AUDIO_1021_IWL_ANG_XX_sadtalker,track3,1,crema_1021,ANG,SAD,-1,1,1,1,,data\preprocessed\features\z_at\FAKE_T3_1021_IWL_SAD_XX__AUDIO_1021_IWL_ANG_XX_sadtalker.pt,data\preprocessed\features\z_v\FAKE_T3_1021_IWL_SAD_XX__AUDIO_1021_IWL_ANG_XX_sadtalker.pt
FAKE_T3_1021_IWW_ANG_XX__AUDIO_1021_IWW_DIS_XX_sadtalker,track3,1,crema_1021,DIS,ANG,-1,1,1,1,,data\preprocessed\features\z_at\FAKE_T3_1021_IWW_ANG_XX__AUDIO_1021_IWW_DIS_XX_sadtalker.pt,data\preprocessed\features\z_v\FAKE_T3_1021_IWW_ANG_XX__AUDIO_1021_IWW_DIS_XX_sadtalker.pt
FAKE_T3_1021_IWW_FEA_XX__AUDIO_1021_IWW_HAP_XX_sadtalker,track3,1,crema_1021,HAP,FEA,-1,1,1,1,,data\preprocessed\features\z_at\FAKE_T3_1021_IWW_FEA_XX__AUDIO_1021_IWW_HAP_XX_sadtalker.pt,data\preprocessed\features\z_v\FAKE_T3_1021_IWW_FEA_XX__AUDIO_1021_IWW_HAP_XX_sadtalker.pt
FAKE_T3_1021_MTI_FEA_XX__AUDIO_1021_MTI_HAP_XX_sadtalker,track3,1,crema_1021,HAP,FEA,-1,1,1,1,,data\preprocessed\features\z_at\FAKE_T3_1021_MTI_FEA_XX__AUDIO_1021_MTI_HAP_XX_sadtalker.pt,data\preprocessed\features\z_v\FAKE_T3_1021_MTI_FEA_XX__AUDIO_1021_MTI_HAP_XX_sadtalker.pt
FAKE_T3_1021_MTI_HAP_XX__AUDIO_1021_MTI_NEU_XX_sadtalker,track3,1,crema_1021,NEU,HAP,-1,1,1,1,,data\preprocessed\features\z_at\FAKE_T3_1021_MTI_HAP_XX__AUDIO_1021_MTI_NEU_XX_sadtalker.pt,data\preprocessed\features\z_v\FAKE_T3_1021_MTI_HAP_XX__AUDIO_1021_MTI_NEU_XX_sadtalker.pt
FAKE_T3_1021_MTI_SAD_XX__AUDIO_1021_MTI_ANG_XX_sadtalker,track3,1,crema_1021,ANG,SAD,-1,1,1,1,,data\preprocessed\features\z_at\FAKE_T3_1021_MTI_SAD_XX__AUDIO_1021_MTI_ANG_XX_sadtalker.pt,data\preprocessed\features\z_v\FAKE_T3_1021_MTI_SAD_XX__AUDIO_1021_MTI_ANG_XX_sadtalker.pt
FAKE_T3_1021_TAI_ANG_XX__AUDIO_1021_TAI_DIS_XX_sadtalker,track3,1,crema_1021,DIS,ANG,-1,1,1,1,,data\preprocessed\features\z_at\FAKE_T3_1021_TAI_ANG_XX__AUDIO_1021_TAI_DIS_XX_sadtalker.pt,data\preprocessed\features\z_v\FAKE_T3_1021_TAI_ANG_XX__AUDIO_1021_TAI_DIS_XX_sadtalker.pt
FAKE_T3_1021_TAI_FEA_XX__AUDIO_1021_TAI_HAP_XX_sadtalker,track3,1,crema_1021,HAP,FEA,-1,1,1,1,,data\preprocessed\features\z_at\FAKE_T3_1021_TAI_FEA_XX__AUDIO_1021_TAI_HAP_XX_sadtalker.pt,data\preprocessed\features\z_v\FAKE_T3_1021_TAI_FEA_XX__AUDIO_1021_TAI_HAP_XX_sadtalker.pt
FAKE_T3_1021_TIE_ANG_XX__AUDIO_1021_TIE_DIS_XX_sadtalker,track3,1,crema_1021,DIS,ANG,-1,1,1,1,,data\preprocessed\features\z_at\FAKE_T3_1021_TIE_ANG_XX__AUDIO_1021_TIE_DIS_XX_sadtalker.pt,data\preprocessed\features\z_v\FAKE_T3_1021_TIE_ANG_XX__AUDIO_1021_TIE_DIS_XX_sadtalker.pt
FAKE_T3_1021_TIE_HAP_XX__AUDIO_1021_TIE_NEU_XX_sadtalker,track3,1,crema_1021,NEU,HAP,-1,1,1,1,,data\preprocessed\features\z_at\FAKE_T3_1021_TIE_HAP_XX__AUDIO_1021_TIE_NEU_XX_sadtalker.pt,data\preprocessed\features\z_v\FAKE_T3_1021_TIE_HAP_XX__AUDIO_1021_TIE_NEU_XX_sadtalker.pt
FAKE_T3_1021_TIE_NEU_XX__AUDIO_1021_TIE_SAD_XX_sadtalker,track3,1,crema_1021,SAD,NEU,-1,1,1,1,,data\preprocessed\features\z_at\FAKE_T3_1021_TIE_NEU_XX__AUDIO_1021_TIE_SAD_XX_sadtalker.pt,data\preprocessed\features\z_v\FAKE_T3_1021_TIE_NEU_XX__AUDIO_1021_TIE_SAD_XX_sadtalker.pt
FAKE_T3_1021_TIE_SAD_XX__AUDIO_1021_TIE_ANG_XX_sadtalker,track3,1,crema_1021,ANG,SAD,-1,1,1,1,,data\preprocessed\features\z_at\FAKE_T3_1021_TIE_SAD_XX__AUDIO_1021_TIE_ANG_XX_sadtalker.pt,data\preprocessed\features\z_v\FAKE_T3_1021_TIE_SAD_XX__AUDIO_1021_TIE_ANG_XX_sadtalker.pt
FAKE_T3_1021_TSI_ANG_XX__AUDIO_1021_TSI_DIS_XX_sadtalker,track3,1,crema_1021,DIS,ANG,-1,1,1,1,,data\preprocessed\features\z_at\FAKE_T3_1021_TSI_ANG_XX__AUDIO_1021_TSI_DIS_XX_sadtalker.pt,data\preprocessed\features\z_v\FAKE_T3_1021_TSI_ANG_XX__AUDIO_1021_TSI_DIS_XX_sadtalker.pt
FAKE_T3_1021_TSI_DIS_XX__AUDIO_1021_TSI_FEA_XX_sadtalker,track3,1,crema_1021,FEA,DIS,-1,1,1,1,,data\preprocessed\features\z_at\FAKE_T3_1021_TSI_DIS_XX__AUDIO_1021_TSI_FEA_XX_sadtalker.pt,data\preprocessed\features\z_v\FAKE_T3_1021_TSI_DIS_XX__AUDIO_1021_TSI_FEA_XX_sadtalker.pt
FAKE_T3_1021_TSI_FEA_XX__AUDIO_1021_TSI_HAP_XX_sadtalker,track3,1,crema_1021,HAP,FEA,-1,1,1,1,,data\preprocessed\features\z_at\FAKE_T3_1021_TSI_FEA_XX__AUDIO_1021_TSI_HAP_XX_sadtalker.pt,data\preprocessed\features\z_v\FAKE_T3_1021_TSI_FEA_XX__AUDIO_1021_TSI_HAP_XX_sadtalker.pt
FAKE_T3_1021_TSI_HAP_XX__AUDIO_1021_TSI_NEU_XX_sadtalker,track3,1,crema_1021,NEU,HAP,-1,1,1,1,,data\preprocessed\features\z_at\FAKE_T3_1021_TSI_HAP_XX__AUDIO_1021_TSI_NEU_XX_sadtalker.pt,data\preprocessed\features\z_v\FAKE_T3_1021_TSI_HAP_XX__AUDIO_1021_TSI_NEU_XX_sadtalker.pt
FAKE_T3_1021_TSI_SAD_XX__AUDIO_1021_TSI_ANG_XX_sadtalker,track3,1,crema_1021,ANG,SAD,-1,1,1,1,,data\preprocessed\features\z_at\FAKE_T3_1021_TSI_SAD_XX__AUDIO_1021_TSI_ANG_XX_sadtalker.pt,data\preprocessed\features\z_v\FAKE_T3_1021_TSI_SAD_XX__AUDIO_1021_TSI_ANG_XX_sadtalker.pt
FAKE_T3_1021_WSI_ANG_XX__AUDIO_1021_WSI_DIS_XX_sadtalker,track3,1,crema_1021,DIS,ANG,-1,1,1,1,,data\preprocessed\features\z_at\FAKE_T3_1021_WSI_ANG_XX__AUDIO_1021_WSI_DIS_XX_sadtalker.pt,data\preprocessed\features\z_v\FAKE_T3_1021_WSI_ANG_XX__AUDIO_1021_WSI_DIS_XX_sadtalker.pt
FAKE_T3_1021_WSI_HAP_XX__AUDIO_1021_WSI_NEU_XX_sadtalker,track3,1,crema_1021,NEU,HAP,-1,1,1,1,,data\preprocessed\features\z_at\FAKE_T3_1021_WSI_HAP_XX__AUDIO_1021_WSI_NEU_XX_sadtalker.pt,data\preprocessed\features\z_v\FAKE_T3_1021_WSI_HAP_XX__AUDIO_1021_WSI_NEU_XX_sadtalker.pt
FAKE_T3_1021_WSI_SAD_XX__AUDIO_1021_WSI_ANG_XX_sadtalker,track3,1,crema_1021,ANG,SAD,-1,1,1,1,,data\preprocessed\features\z_at\FAKE_T3_1021_WSI_SAD_XX__AUDIO_1021_WSI_ANG_XX_sadtalker.pt,data\preprocessed\features\z_v\FAKE_T3_1021_WSI_SAD_XX__AUDIO_1021_WSI_ANG_XX_sadtalker.pt
FAKE_T3_1022_DFA_HAP_XX__AUDIO_1022_DFA_NEU_XX_sadtalker,track3,1,crema_1022,NEU,HAP,-1,1,1,1,,data\preprocessed\features\z_at\FAKE_T3_1022_DFA_HAP_XX__AUDIO_1022_DFA_NEU_XX_sadtalker.pt,data\preprocessed\features\z_v\FAKE_T3_1022_DFA_HAP_XX__AUDIO_1022_DFA_NEU_XX_sadtalker.pt
FAKE_T3_1022_DFA_NEU_XX__AUDIO_1022_DFA_SAD_XX_sadtalker,track3,1,crema_1022,SAD,NEU,-1,1,1,1,,data\preprocessed\features\z_at\FAKE_T3_1022_DFA_NEU_XX__AUDIO_1022_DFA_SAD_XX_sadtalker.pt,data\preprocessed\features\z_v\FAKE_T3_1022_DFA_NEU_XX__AUDIO_1022_DFA_SAD_XX_sadtalker.pt
FAKE_T3_1022_DFA_SAD_XX__AUDIO_1022_DFA_ANG_XX_sadtalker,track3,1,crema_1022,ANG,SAD,-1,1,1,1,,data\preprocessed\features\z_at\FAKE_T3_1022_DFA_SAD_XX__AUDIO_1022_DFA_ANG_XX_sadtalker.pt,data\preprocessed\features\z_v\FAKE_T3_1022_DFA_SAD_XX__AUDIO_1022_DFA_ANG_XX_sadtalker.pt
FAKE_T3_1022_IEO_ANG_HI__AUDIO_1022_IEO_DIS_HI_sadtalker,track3,1,crema_1022,DIS,ANG,-1,1,1,1,,data\preprocessed\features\z_at\FAKE_T3_1022_IEO_ANG_HI__AUDIO_1022_IEO_DIS_HI_sadtalker.pt,data\preprocessed\features\z_v\FAKE_T3_1022_IEO_ANG_HI__AUDIO_1022_IEO_DIS_HI_sadtalker.pt
FAKE_T3_1022_IEO_ANG_MD__AUDIO_1022_IEO_DIS_MD_sadtalker,track3,1,crema_1022,DIS,ANG,-1,1,1,1,,data\preprocessed\features\z_at\FAKE_T3_1022_IEO_ANG_MD__AUDIO_1022_IEO_DIS_MD_sadtalker.pt,data\preprocessed\features\z_v\FAKE_T3_1022_IEO_ANG_MD__AUDIO_1022_IEO_DIS_MD_sadtalker.pt
FAKE_T3_1022_IEO_DIS_HI__AUDIO_1022_IEO_FEA_HI_sadtalker,track3,1,crema_1022,FEA,DIS,-1,1,1,1,,data\preprocessed\features\z_at\FAKE_T3_1022_IEO_DIS_HI__AUDIO_1022_IEO_FEA_HI_sadtalker.pt,data\preprocessed\features\z_v\FAKE_T3_1022_IEO_DIS_HI__AUDIO_1022_IEO_FEA_HI_sadtalker.pt
FAKE_T3_1022_IEO_DIS_LO__AUDIO_1022_IEO_FEA_LO_sadtalker,track3,1,crema_1022,FEA,DIS,-1,1,1,1,,data\preprocessed\features\z_at\FAKE_T3_1022_IEO_DIS_LO__AUDIO_1022_IEO_FEA_LO_sadtalker.pt,data\preprocessed\features\z_v\FAKE_T3_1022_IEO_DIS_LO__AUDIO_1022_IEO_FEA_LO_sadtalker.pt
FAKE_T3_1022_IEO_FEA_HI__AUDIO_1022_IEO_HAP_HI_sadtalker,track3,1,crema_1022,HAP,FEA,-1,1,1,1,,data\preprocessed\features\z_at\FAKE_T3_1022_IEO_FEA_HI__AUDIO_1022_IEO_HAP_HI_sadtalker.pt,data\preprocessed\features\z_v\FAKE_T3_1022_IEO_FEA_HI__AUDIO_1022_IEO_HAP_HI_sadtalker.pt
FAKE_T3_1022_IEO_FEA_MD__AUDIO_1022_IEO_HAP_MD_sadtalker,track3,1,crema_1022,HAP,FEA,-1,1,1,1,,data\preprocessed\features\z_at\FAKE_T3_1022_IEO_FEA_MD__AUDIO_1022_IEO_HAP_MD_sadtalker.pt,data\preprocessed\features\z_v\FAKE_T3_1022_IEO_FEA_MD__AUDIO_1022_IEO_HAP_MD_sadtalker.pt
FAKE_T3_1022_IEO_HAP_HI__AUDIO_1022_IEO_NEU_XX_sadtalker,track3,1,crema_1022,NEU,HAP,-1,1,1,1,,data\preprocessed\features\z_at\FAKE_T3_1022_IEO_HAP_HI__AUDIO_1022_IEO_NEU_XX_sadtalker.pt,data\preprocessed\features\z_v\FAKE_T3_1022_IEO_HAP_HI__AUDIO_1022_IEO_NEU_XX_sadtalker.pt
FAKE_T3_1022_IEO_NEU_XX__AUDIO_1022_IEO_SAD_HI_sadtalker,track3,1,crema_1022,SAD,NEU,-1,1,1,1,,data\preprocessed\features\z_at\FAKE_T3_1022_IEO_NEU_XX__AUDIO_1022_IEO_SAD_HI_sadtalker.pt,data\preprocessed\features\z_v\FAKE_T3_1022_IEO_NEU_XX__AUDIO_1022_IEO_SAD_HI_sadtalker.pt
FAKE_T3_1022_IEO_SAD_HI__AUDIO_1022_IEO_ANG_HI_sadtalker,track3,1,crema_1022,ANG,SAD,-1,1,1,1,,data\preprocessed\features\z_at\FAKE_T3_1022_IEO_SAD_HI__AUDIO_1022_IEO_ANG_HI_sadtalker.pt,data\preprocessed\features\z_v\FAKE_T3_1022_IEO_SAD_HI__AUDIO_1022_IEO_ANG_HI_sadtalker.pt
FAKE_T3_1022_IEO_SAD_MD__AUDIO_1022_IEO_ANG_MD_sadtalker,track3,1,crema_1022,ANG,SAD,-1,1,1,1,,data\preprocessed\features\z_at\FAKE_T3_1022_IEO_SAD_MD__AUDIO_1022_IEO_ANG_MD_sadtalker.pt,data\preprocessed\features\z_v\FAKE_T3_1022_IEO_SAD_MD__AUDIO_1022_IEO_ANG_MD_sadtalker.pt
FAKE_T3_1022_IOM_DIS_XX__AUDIO_1022_IOM_FEA_XX_sadtalker,track3,1,crema_1022,FEA,DIS,-1,1,1,1,,data\preprocessed\features\z_at\FAKE_T3_1022_IOM_DIS_XX__AUDIO_1022_IOM_FEA_XX_sadtalker.pt,data\preprocessed\features\z_v\FAKE_T3_1022_IOM_DIS_XX__AUDIO_1022_IOM_FEA_XX_sadtalker.pt
FAKE_T3_1022_IOM_SAD_XX__AUDIO_1022_IOM_ANG_XX_sadtalker,track3,1,crema_1022,ANG,SAD,-1,1,1,1,,data\preprocessed\features\z_at\FAKE_T3_1022_IOM_SAD_XX__AUDIO_1022_IOM_ANG_XX_sadtalker.pt,data\preprocessed\features\z_v\FAKE_T3_1022_IOM_SAD_XX__AUDIO_1022_IOM_ANG_XX_sadtalker.pt
FAKE_T3_1022_ITH_ANG_XX__AUDIO_1022_ITH_DIS_XX_sadtalker,track3,1,crema_1022,DIS,ANG,-1,1,1,1,,data\preprocessed\features\z_at\FAKE_T3_1022_ITH_ANG_XX__AUDIO_1022_ITH_DIS_XX_sadtalker.pt,data\preprocessed\features\z_v\FAKE_T3_1022_ITH_ANG_XX__AUDIO_1022_ITH_DIS_XX_sadtalker.pt
FAKE_T3_1022_ITH_NEU_XX__AUDIO_1022_ITH_SAD_XX_sadtalker,track3,1,crema_1022,SAD,NEU,-1,1,1,1,,data\preprocessed\features\z_at\FAKE_T3_1022_ITH_NEU_XX__AUDIO_1022_ITH_SAD_XX_sadtalker.pt,data\preprocessed\features\z_v\FAKE_T3_1022_ITH_NEU_XX__AUDIO_1022_ITH_SAD_XX_sadtalker.pt
FAKE_T3_1022_ITS_ANG_XX__AUDIO_1022_ITS_DIS_XX_sadtalker,track3,1,crema_1022,DIS,ANG,-1,1,1,1,,data\preprocessed\features\z_at\FAKE_T3_1022_ITS_ANG_XX__AUDIO_1022_ITS_DIS_XX_sadtalker.pt,data\preprocessed\features\z_v\FAKE_T3_1022_ITS_ANG_XX__AUDIO_1022_ITS_DIS_XX_sadtalker.pt
FAKE_T3_1022_ITS_FEA_XX__AUDIO_1022_ITS_HAP_XX_sadtalker,track3,1,crema_1022,HAP,FEA,-1,1,1,1,,data\preprocessed\features\z_at\FAKE_T3_1022_ITS_FEA_XX__AUDIO_1022_ITS_HAP_XX_sadtalker.pt,data\preprocessed\features\z_v\FAKE_T3_1022_ITS_FEA_XX__AUDIO_1022_ITS_HAP_XX_sadtalker.pt
FAKE_T3_1022_ITS_HAP_XX__AUDIO_1022_ITS_NEU_XX_sadtalker,track3,1,crema_1022,NEU,HAP,-1,1,1,1,,data\preprocessed\features\z_at\FAKE_T3_1022_ITS_HAP_XX__AUDIO_1022_ITS_NEU_XX_sadtalker.pt,data\preprocessed\features\z_v\FAKE_T3_1022_ITS_HAP_XX__AUDIO_1022_ITS_NEU_XX_sadtalker.pt
FAKE_T3_1022_IWL_DIS_XX__AUDIO_1022_IWL_FEA_XX_sadtalker,track3,1,crema_1022,FEA,DIS,-1,1,1,1,,data\preprocessed\features\z_at\FAKE_T3_1022_IWL_DIS_XX__AUDIO_1022_IWL_FEA_XX_sadtalker.pt,data\preprocessed\features\z_v\FAKE_T3_1022_IWL_DIS_XX__AUDIO_1022_IWL_FEA_XX_sadtalker.pt
FAKE_T3_1022_IWL_SAD_XX__AUDIO_1022_IWL_ANG_XX_sadtalker,track3,1,crema_1022,ANG,SAD,-1,1,1,1,,data\preprocessed\features\z_at\FAKE_T3_1022_IWL_SAD_XX__AUDIO_1022_IWL_ANG_XX_sadtalker.pt,data\preprocessed\features\z_v\FAKE_T3_1022_IWL_SAD_XX__AUDIO_1022_IWL_ANG_XX_sadtalker.pt
FAKE_T3_1022_IWW_DIS_XX__AUDIO_1022_IWW_FEA_XX_sadtalker,track3,1,crema_1022,FEA,DIS,-1,1,1,1,,data\preprocessed\features\z_at\FAKE_T3_1022_IWW_DIS_XX__AUDIO_1022_IWW_FEA_XX_sadtalker.pt,data\preprocessed\features\z_v\FAKE_T3_1022_IWW_DIS_XX__AUDIO_1022_IWW_FEA_XX_sadtalker.pt
FAKE_T3_1022_IWW_HAP_XX__AUDIO_1022_IWW_NEU_XX_sadtalker,track3,1,crema_1022,NEU,HAP,-1,1,1,1,,data\preprocessed\features\z_at\FAKE_T3_1022_IWW_HAP_XX__AUDIO_1022_IWW_NEU_XX_sadtalker.pt,data\preprocessed\features\z_v\FAKE_T3_1022_IWW_HAP_XX__AUDIO_1022_IWW_NEU_XX_sadtalker.pt
FAKE_T3_1022_MTI_ANG_XX__AUDIO_1022_MTI_DIS_XX_sadtalker,track3,1,crema_1022,DIS,ANG,-1,1,1,1,,data\preprocessed\features\z_at\FAKE_T3_1022_MTI_ANG_XX__AUDIO_1022_MTI_DIS_XX_sadtalker.pt,data\preprocessed\features\z_v\FAKE_T3_1022_MTI_ANG_XX__AUDIO_1022_MTI_DIS_XX_sadtalker.pt
FAKE_T3_1022_MTI_DIS_XX__AUDIO_1022_MTI_FEA_XX_sadtalker,track3,1,crema_1022,FEA,DIS,-1,1,1,1,,data\preprocessed\features\z_at\FAKE_T3_1022_MTI_DIS_XX__AUDIO_1022_MTI_FEA_XX_sadtalker.pt,data\preprocessed\features\z_v\FAKE_T3_1022_MTI_DIS_XX__AUDIO_1022_MTI_FEA_XX_sadtalker.pt
FAKE_T3_1022_MTI_FEA_XX__AUDIO_1022_MTI_HAP_XX_sadtalker,track3,1,crema_1022,HAP,FEA,-1,1,1,1,,data\preprocessed\features\z_at\FAKE_T3_1022_MTI_FEA_XX__AUDIO_1022_MTI_HAP_XX_sadtalker.pt,data\preprocessed\features\z_v\FAKE_T3_1022_MTI_FEA_XX__AUDIO_1022_MTI_HAP_XX_sadtalker.pt
FAKE_T3_1022_MTI_HAP_XX__AUDIO_1022_MTI_NEU_XX_sadtalker,track3,1,crema_1022,NEU,HAP,-1,1,1,1,,data\preprocessed\features\z_at\FAKE_T3_1022_MTI_HAP_XX__AUDIO_1022_MTI_NEU_XX_sadtalker.pt,data\preprocessed\features\z_v\FAKE_T3_1022_MTI_HAP_XX__AUDIO_1022_MTI_NEU_XX_sadtalker.pt
FAKE_T3_1022_MTI_NEU_XX__AUDIO_1022_MTI_SAD_XX_sadtalker,track3,1,crema_1022,SAD,NEU,-1,1,1,1,,data\preprocessed\features\z_at\FAKE_T3_1022_MTI_NEU_XX__AUDIO_1022_MTI_SAD_XX_sadtalker.pt,data\preprocessed\features\z_v\FAKE_T3_1022_MTI_NEU_XX__AUDIO_1022_MTI_SAD_XX_sadtalker.pt
FAKE_T3_1022_TAI_ANG_XX__AUDIO_1022_TAI_DIS_XX_sadtalker,track3,1,crema_1022,DIS,ANG,-1,1,1,1,,data\preprocessed\features\z_at\FAKE_T3_1022_TAI_ANG_XX__AUDIO_1022_TAI_DIS_XX_sadtalker.pt,data\preprocessed\features\z_v\FAKE_T3_1022_TAI_ANG_XX__AUDIO_1022_TAI_DIS_XX_sadtalker.pt
FAKE_T3_1022_TAI_DIS_XX__AUDIO_1022_TAI_FEA_XX_sadtalker,track3,1,crema_1022,FEA,DIS,-1,1,1,1,,data\preprocessed\features\z_at\FAKE_T3_1022_TAI_DIS_XX__AUDIO_1022_TAI_FEA_XX_sadtalker.pt,data\preprocessed\features\z_v\FAKE_T3_1022_TAI_DIS_XX__AUDIO_1022_TAI_FEA_XX_sadtalker.pt
FAKE_T3_1022_TAI_FEA_XX__AUDIO_1022_TAI_HAP_XX_sadtalker,track3,1,crema_1022,HAP,FEA,-1,1,1,1,,data\preprocessed\features\z_at\FAKE_T3_1022_TAI_FEA_XX__AUDIO_1022_TAI_HAP_XX_sadtalker.pt,data\preprocessed\features\z_v\FAKE_T3_1022_TAI_FEA_XX__AUDIO_1022_TAI_HAP_XX_sadtalker.pt
FAKE_T3_1022_TAI_NEU_XX__AUDIO_1022_TAI_SAD_XX_sadtalker,track3,1,crema_1022,SAD,NEU,-1,1,1,1,,data\preprocessed\features\z_at\FAKE_T3_1022_TAI_NEU_XX__AUDIO_1022_TAI_SAD_XX_sadtalker.pt,data\preprocessed\features\z_v\FAKE_T3_1022_TAI_NEU_XX__AUDIO_1022_TAI_SAD_XX_sadtalker.pt
FAKE_T3_1022_TAI_SAD_XX__AUDIO_1022_TAI_ANG_XX_sadtalker,track3,1,crema_1022,ANG,SAD,-1,1,1,1,,data\preprocessed\features\z_at\FAKE_T3_1022_TAI_SAD_XX__AUDIO_1022_TAI_ANG_XX_sadtalker.pt,data\preprocessed\features\z_v\FAKE_T3_1022_TAI_SAD_XX__AUDIO_1022_TAI_ANG_XX_sadtalker.pt
FAKE_T3_1022_TIE_ANG_XX__AUDIO_1022_TIE_DIS_XX_sadtalker,track3,1,crema_1022,DIS,ANG,-1,1,1,1,,data\preprocessed\features\z_at\FAKE_T3_1022_TIE_ANG_XX__AUDIO_1022_TIE_DIS_XX_sadtalker.pt,data\preprocessed\features\z_v\FAKE_T3_1022_TIE_ANG_XX__AUDIO_1022_TIE_DIS_XX_sadtalker.pt
FAKE_T3_1022_TIE_SAD_XX__AUDIO_1022_TIE_ANG_XX_sadtalker,track3,1,crema_1022,ANG,SAD,-1,1,1,1,,data\preprocessed\features\z_at\FAKE_T3_1022_TIE_SAD_XX__AUDIO_1022_TIE_ANG_XX_sadtalker.pt,data\preprocessed\features\z_v\FAKE_T3_1022_TIE_SAD_XX__AUDIO_1022_TIE_ANG_XX_sadtalker.pt
FAKE_T3_1022_TSI_NEU_XX__AUDIO_1022_TSI_SAD_XX_sadtalker,track3,1,crema_1022,SAD,NEU,-1,1,1,1,,data\preprocessed\features\z_at\FAKE_T3_1022_TSI_NEU_XX__AUDIO_1022_TSI_SAD_XX_sadtalker.pt,data\preprocessed\features\z_v\FAKE_T3_1022_TSI_NEU_XX__AUDIO_1022_TSI_SAD_XX_sadtalker.pt
FAKE_T3_1022_TSI_SAD_XX__AUDIO_1022_TSI_ANG_XX_sadtalker,track3,1,crema_1022,ANG,SAD,-1,1,1,1,,data\preprocessed\features\z_at\FAKE_T3_1022_TSI_SAD_XX__AUDIO_1022_TSI_ANG_XX_sadtalker.pt,data\preprocessed\features\z_v\FAKE_T3_1022_TSI_SAD_XX__AUDIO_1022_TSI_ANG_XX_sadtalker.pt
FAKE_T3_1022_WSI_ANG_XX__AUDIO_1022_WSI_DIS_XX_sadtalker,track3,1,crema_1022,DIS,ANG,-1,1,1,1,,data\preprocessed\features\z_at\FAKE_T3_1022_WSI_ANG_XX__AUDIO_1022_WSI_DIS_XX_sadtalker.pt,data\preprocessed\features\z_v\FAKE_T3_1022_WSI_ANG_XX__AUDIO_1022_WSI_DIS_XX_sadtalker.pt
FAKE_T3_1022_WSI_HAP_XX__AUDIO_1022_WSI_NEU_XX_sadtalker,track3,1,crema_1022,NEU,HAP,-1,1,1,1,,data\preprocessed\features\z_at\FAKE_T3_1022_WSI_HAP_XX__AUDIO_1022_WSI_NEU_XX_sadtalker.pt,data\preprocessed\features\z_v\FAKE_T3_1022_WSI_HAP_XX__AUDIO_1022_WSI_NEU_XX_sadtalker.pt
FAKE_T3_1022_WSI_SAD_XX__AUDIO_1022_WSI_ANG_XX_sadtalker,track3,1,crema_1022,ANG,SAD,-1,1,1,1,,data\preprocessed\features\z_at\FAKE_T3_1022_WSI_SAD_XX__AUDIO_1022_WSI_ANG_XX_sadtalker.pt,data\preprocessed\features\z_v\FAKE_T3_1022_WSI_SAD_XX__AUDIO_1022_WSI_ANG_XX_sadtalker.pt
FAKE_T3_1023_DFA_ANG_XX__AUDIO_1023_DFA_DIS_XX_sadtalker,track3,1,crema_1023,DIS,ANG,-1,1,1,1,,data\preprocessed\features\z_at\FAKE_T3_1023_DFA_ANG_XX__AUDIO_1023_DFA_DIS_XX_sadtalker.pt,data\preprocessed\features\z_v\FAKE_T3_1023_DFA_ANG_XX__AUDIO_1023_DFA_DIS_XX_sadtalker.pt
FAKE_T3_1023_DFA_DIS_XX__AUDIO_1023_DFA_FEA_XX_sadtalker,track3,1,crema_1023,FEA,DIS,-1,1,1,1,,data\preprocessed\features\z_at\FAKE_T3_1023_DFA_DIS_XX__AUDIO_1023_DFA_FEA_XX_sadtalker.pt,data\preprocessed\features\z_v\FAKE_T3_1023_DFA_DIS_XX__AUDIO_1023_DFA_FEA_XX_sadtalker.pt
FAKE_T3_1023_DFA_FEA_XX__AUDIO_1023_DFA_HAP_XX_sadtalker,track3,1,crema_1023,HAP,FEA,-1,1,1,1,,data\preprocessed\features\z_at\FAKE_T3_1023_DFA_FEA_XX__AUDIO_1023_DFA_HAP_XX_sadtalker.pt,data\preprocessed\features\z_v\FAKE_T3_1023_DFA_FEA_XX__AUDIO_1023_DFA_HAP_XX_sadtalker.pt
FAKE_T3_1023_DFA_HAP_XX__AUDIO_1023_DFA_NEU_XX_sadtalker,track3,1,crema_1023,NEU,HAP,-1,1,1,1,,data\preprocessed\features\z_at\FAKE_T3_1023_DFA_HAP_XX__AUDIO_1023_DFA_NEU_XX_sadtalker.pt,data\preprocessed\features\z_v\FAKE_T3_1023_DFA_HAP_XX__AUDIO_1023_DFA_NEU_XX_sadtalker.pt
FAKE_T3_1023_DFA_NEU_XX__AUDIO_1023_DFA_SAD_XX_sadtalker,track3,1,crema_1023,SAD,NEU,-1,1,1,1,,data\preprocessed\features\z_at\FAKE_T3_1023_DFA_NEU_XX__AUDIO_1023_DFA_SAD_XX_sadtalker.pt,data\preprocessed\features\z_v\FAKE_T3_1023_DFA_NEU_XX__AUDIO_1023_DFA_SAD_XX_sadtalker.pt
FAKE_T3_1023_IEO_ANG_LO__AUDIO_1023_IEO_DIS_LO_sadtalker,track3,1,crema_1023,DIS,ANG,-1,1,1,1,,data\preprocessed\features\z_at\FAKE_T3_1023_IEO_ANG_LO__AUDIO_1023_IEO_DIS_LO_sadtalker.pt,data\preprocessed\features\z_v\FAKE_T3_1023_IEO_ANG_LO__AUDIO_1023_IEO_DIS_LO_sadtalker.pt
FAKE_T3_1023_IEO_ANG_MD__AUDIO_1023_IEO_DIS_MD_sadtalker,track3,1,crema_1023,DIS,ANG,-1,1,1,1,,data\preprocessed\features\z_at\FAKE_T3_1023_IEO_ANG_MD__AUDIO_1023_IEO_DIS_MD_sadtalker.pt,data\preprocessed\features\z_v\FAKE_T3_1023_IEO_ANG_MD__AUDIO_1023_IEO_DIS_MD_sadtalker.pt
FAKE_T3_1023_IEO_FEA_MD__AUDIO_1023_IEO_HAP_MD_sadtalker,track3,1,crema_1023,HAP,FEA,-1,1,1,1,,data\preprocessed\features\z_at\FAKE_T3_1023_IEO_FEA_MD__AUDIO_1023_IEO_HAP_MD_sadtalker.pt,data\preprocessed\features\z_v\FAKE_T3_1023_IEO_FEA_MD__AUDIO_1023_IEO_HAP_MD_sadtalker.pt
FAKE_T3_1023_IEO_HAP_HI__AUDIO_1023_IEO_NEU_XX_sadtalker,track3,1,crema_1023,NEU,HAP,-1,1,1,1,,data\preprocessed\features\z_at\FAKE_T3_1023_IEO_HAP_HI__AUDIO_1023_IEO_NEU_XX_sadtalker.pt,data\preprocessed\features\z_v\FAKE_T3_1023_IEO_HAP_HI__AUDIO_1023_IEO_NEU_XX_sadtalker.pt
FAKE_T3_1023_IEO_SAD_HI__AUDIO_1023_IEO_ANG_HI_sadtalker,track3,1,crema_1023,ANG,SAD,-1,1,1,1,,data\preprocessed\features\z_at\FAKE_T3_1023_IEO_SAD_HI__AUDIO_1023_IEO_ANG_HI_sadtalker.pt,data\preprocessed\features\z_v\FAKE_T3_1023_IEO_SAD_HI__AUDIO_1023_IEO_ANG_HI_sadtalker.pt
FAKE_T3_1023_IOM_ANG_XX__AUDIO_1023_IOM_DIS_XX_sadtalker,track3,1,crema_1023,DIS,ANG,-1,1,1,1,,data\preprocessed\features\z_at\FAKE_T3_1023_IOM_ANG_XX__AUDIO_1023_IOM_DIS_XX_sadtalker.pt,data\preprocessed\features\z_v\FAKE_T3_1023_IOM_ANG_XX__AUDIO_1023_IOM_DIS_XX_sadtalker.pt
FAKE_T3_1023_IOM_NEU_XX__AUDIO_1023_IOM_SAD_XX_sadtalker,track3,1,crema_1023,SAD,NEU,-1,1,1,1,,data\preprocessed\features\z_at\FAKE_T3_1023_IOM_NEU_XX__AUDIO_1023_IOM_SAD_XX_sadtalker.pt,data\preprocessed\features\z_v\FAKE_T3_1023_IOM_NEU_XX__AUDIO_1023_IOM_SAD_XX_sadtalker.pt
FAKE_T3_1023_ITH_DIS_XX__AUDIO_1023_ITH_FEA_XX_sadtalker,track3,1,crema_1023,FEA,DIS,-1,1,1,1,,data\preprocessed\features\z_at\FAKE_T3_1023_ITH_DIS_XX__AUDIO_1023_ITH_FEA_XX_sadtalker.pt,data\preprocessed\features\z_v\FAKE_T3_1023_ITH_DIS_XX__AUDIO_1023_ITH_FEA_XX_sadtalker.pt
FAKE_T3_1023_ITS_DIS_XX__AUDIO_1023_ITS_FEA_XX_sadtalker,track3,1,crema_1023,FEA,DIS,-1,1,1,1,,data\preprocessed\features\z_at\FAKE_T3_1023_ITS_DIS_XX__AUDIO_1023_ITS_FEA_XX_sadtalker.pt,data\preprocessed\features\z_v\FAKE_T3_1023_ITS_DIS_XX__AUDIO_1023_ITS_FEA_XX_sadtalker.pt
FAKE_T3_1023_ITS_FEA_XX__AUDIO_1023_ITS_HAP_XX_sadtalker,track3,1,crema_1023,HAP,FEA,-1,1,1,1,,data\preprocessed\features\z_at\FAKE_T3_1023_ITS_FEA_XX__AUDIO_1023_ITS_HAP_XX_sadtalker.pt,data\preprocessed\features\z_v\FAKE_T3_1023_ITS_FEA_XX__AUDIO_1023_ITS_HAP_XX_sadtalker.pt
FAKE_T3_1023_ITS_HAP_XX__AUDIO_1023_ITS_NEU_XX_sadtalker,track3,1,crema_1023,NEU,HAP,-1,1,1,1,,data\preprocessed\features\z_at\FAKE_T3_1023_ITS_HAP_XX__AUDIO_1023_ITS_NEU_XX_sadtalker.pt,data\preprocessed\features\z_v\FAKE_T3_1023_ITS_HAP_XX__AUDIO_1023_ITS_NEU_XX_sadtalker.pt
FAKE_T3_1023_ITS_SAD_XX__AUDIO_1023_ITS_ANG_XX_sadtalker,track3,1,crema_1023,ANG,SAD,-1,1,1,1,,data\preprocessed\features\z_at\FAKE_T3_1023_ITS_SAD_XX__AUDIO_1023_ITS_ANG_XX_sadtalker.pt,data\preprocessed\features\z_v\FAKE_T3_1023_ITS_SAD_XX__AUDIO_1023_ITS_ANG_XX_sadtalker.pt
FAKE_T3_1023_IWL_ANG_XX__AUDIO_1023_IWL_DIS_XX_sadtalker,track3,1,crema_1023,DIS,ANG,-1,1,1,1,,data\preprocessed\features\z_at\FAKE_T3_1023_IWL_ANG_XX__AUDIO_1023_IWL_DIS_XX_sadtalker.pt,data\preprocessed\features\z_v\FAKE_T3_1023_IWL_ANG_XX__AUDIO_1023_IWL_DIS_XX_sadtalker.pt
FAKE_T3_1023_IWL_FEA_XX__AUDIO_1023_IWL_HAP_XX_sadtalker,track3,1,crema_1023,HAP,FEA,-1,1,1,1,,data\preprocessed\features\z_at\FAKE_T3_1023_IWL_FEA_XX__AUDIO_1023_IWL_HAP_XX_sadtalker.pt,data\preprocessed\features\z_v\FAKE_T3_1023_IWL_FEA_XX__AUDIO_1023_IWL_HAP_XX_sadtalker.pt
FAKE_T3_1023_IWW_DIS_XX__AUDIO_1023_IWW_FEA_XX_sadtalker,track3,1,crema_1023,FEA,DIS,-1,1,1,1,,data\preprocessed\features\z_at\FAKE_T3_1023_IWW_DIS_XX__AUDIO_1023_IWW_FEA_XX_sadtalker.pt,data\preprocessed\features\z_v\FAKE_T3_1023_IWW_DIS_XX__AUDIO_1023_IWW_FEA_XX_sadtalker.pt
FAKE_T3_1023_IWW_FEA_XX__AUDIO_1023_IWW_HAP_XX_sadtalker,track3,1,crema_1023,HAP,FEA,-1,1,1,1,,data\preprocessed\features\z_at\FAKE_T3_1023_IWW_FEA_XX__AUDIO_1023_IWW_HAP_XX_sadtalker.pt,data\preprocessed\features\z_v\FAKE_T3_1023_IWW_FEA_XX__AUDIO_1023_IWW_HAP_XX_sadtalker.pt
FAKE_T3_1023_IWW_SAD_XX__AUDIO_1023_IWW_ANG_XX_sadtalker,track3,1,crema_1023,ANG,SAD,-1,1,1,1,,data\preprocessed\features\z_at\FAKE_T3_1023_IWW_SAD_XX__AUDIO_1023_IWW_ANG_XX_sadtalker.pt,data\preprocessed\features\z_v\FAKE_T3_1023_IWW_SAD_XX__AUDIO_1023_IWW_ANG_XX_sadtalker.pt
FAKE_T3_1023_MTI_ANG_XX__AUDIO_1023_MTI_DIS_XX_sadtalker,track3,1,crema_1023,DIS,ANG,-1,1,1,1,,data\preprocessed\features\z_at\FAKE_T3_1023_MTI_ANG_XX__AUDIO_1023_MTI_DIS_XX_sadtalker.pt,data\preprocessed\features\z_v\FAKE_T3_1023_MTI_ANG_XX__AUDIO_1023_MTI_DIS_XX_sadtalker.pt
FAKE_T3_1023_MTI_FEA_XX__AUDIO_1023_MTI_HAP_XX_sadtalker,track3,1,crema_1023,HAP,FEA,-1,1,1,1,,data\preprocessed\features\z_at\FAKE_T3_1023_MTI_FEA_XX__AUDIO_1023_MTI_HAP_XX_sadtalker.pt,data\preprocessed\features\z_v\FAKE_T3_1023_MTI_FEA_XX__AUDIO_1023_MTI_HAP_XX_sadtalker.pt
FAKE_T3_1023_MTI_NEU_XX__AUDIO_1023_MTI_SAD_XX_sadtalker,track3,1,crema_1023,SAD,NEU,-1,1,1,1,,data\preprocessed\features\z_at\FAKE_T3_1023_MTI_NEU_XX__AUDIO_1023_MTI_SAD_XX_sadtalker.pt,data\preprocessed\features\z_v\FAKE_T3_1023_MTI_NEU_XX__AUDIO_1023_MTI_SAD_XX_sadtalker.pt
FAKE_T3_1023_MTI_SAD_XX__AUDIO_1023_MTI_ANG_XX_sadtalker,track3,1,crema_1023,ANG,SAD,-1,1,1,1,,data\preprocessed\features\z_at\FAKE_T3_1023_MTI_SAD_XX__AUDIO_1023_MTI_ANG_XX_sadtalker.pt,data\preprocessed\features\z_v\FAKE_T3_1023_MTI_SAD_XX__AUDIO_1023_MTI_ANG_XX_sadtalker.pt
FAKE_T3_1023_TAI_ANG_XX__AUDIO_1023_TAI_DIS_XX_sadtalker,track3,1,crema_1023,DIS,ANG,-1,1,1,1,,data\preprocessed\features\z_at\FAKE_T3_1023_TAI_ANG_XX__AUDIO_1023_TAI_DIS_XX_sadtalker.pt,data\preprocessed\features\z_v\FAKE_T3_1023_TAI_ANG_XX__AUDIO_1023_TAI_DIS_XX_sadtalker.pt
FAKE_T3_1023_TAI_DIS_XX__AUDIO_1023_TAI_FEA_XX_sadtalker,track3,1,crema_1023,FEA,DIS,-1,1,1,1,,data\preprocessed\features\z_at\FAKE_T3_1023_TAI_DIS_XX__AUDIO_1023_TAI_FEA_XX_sadtalker.pt,data\preprocessed\features\z_v\FAKE_T3_1023_TAI_DIS_XX__AUDIO_1023_TAI_FEA_XX_sadtalker.pt
FAKE_T3_1023_TAI_FEA_XX__AUDIO_1023_TAI_HAP_XX_sadtalker,track3,1,crema_1023,HAP,FEA,-1,1,1,1,,data\preprocessed\features\z_at\FAKE_T3_1023_TAI_FEA_XX__AUDIO_1023_TAI_HAP_XX_sadtalker.pt,data\preprocessed\features\z_v\FAKE_T3_1023_TAI_FEA_XX__AUDIO_1023_TAI_HAP_XX_sadtalker.pt
FAKE_T3_1023_TAI_HAP_XX__AUDIO_1023_TAI_NEU_XX_sadtalker,track3,1,crema_1023,NEU,HAP,-1,1,1,1,,data\preprocessed\features\z_at\FAKE_T3_1023_TAI_HAP_XX__AUDIO_1023_TAI_NEU_XX_sadtalker.pt,data\preprocessed\features\z_v\FAKE_T3_1023_TAI_HAP_XX__AUDIO_1023_TAI_NEU_XX_sadtalker.pt
FAKE_T3_1023_TAI_SAD_XX__AUDIO_1023_TAI_ANG_XX_sadtalker,track3,1,crema_1023,ANG,SAD,-1,1,1,1,,data\preprocessed\features\z_at\FAKE_T3_1023_TAI_SAD_XX__AUDIO_1023_TAI_ANG_XX_sadtalker.pt,data\preprocessed\features\z_v\FAKE_T3_1023_TAI_SAD_XX__AUDIO_1023_TAI_ANG_XX_sadtalker.pt
FAKE_T3_1023_TIE_ANG_XX__AUDIO_1023_TIE_DIS_XX_sadtalker,track3,1,crema_1023,DIS,ANG,-1,1,1,1,,data\preprocessed\features\z_at\FAKE_T3_1023_TIE_ANG_XX__AUDIO_1023_TIE_DIS_XX_sadtalker.pt,data\preprocessed\features\z_v\FAKE_T3_1023_TIE_ANG_XX__AUDIO_1023_TIE_DIS_XX_sadtalker.pt
FAKE_T3_1023_TIE_FEA_XX__AUDIO_1023_TIE_HAP_XX_sadtalker,track3,1,crema_1023,HAP,FEA,-1,1,1,1,,data\preprocessed\features\z_at\FAKE_T3_1023_TIE_FEA_XX__AUDIO_1023_TIE_HAP_XX_sadtalker.pt,data\preprocessed\features\z_v\FAKE_T3_1023_TIE_FEA_XX__AUDIO_1023_TIE_HAP_XX_sadtalker.pt
FAKE_T3_1023_TIE_NEU_XX__AUDIO_1023_TIE_SAD_XX_sadtalker,track3,1,crema_1023,SAD,NEU,-1,1,1,1,,data\preprocessed\features\z_at\FAKE_T3_1023_TIE_NEU_XX__AUDIO_1023_TIE_SAD_XX_sadtalker.pt,data\preprocessed\features\z_v\FAKE_T3_1023_TIE_NEU_XX__AUDIO_1023_TIE_SAD_XX_sadtalker.pt
FAKE_T3_1023_TIE_SAD_XX__AUDIO_1023_TIE_ANG_XX_sadtalker,track3,1,crema_1023,ANG,SAD,-1,1,1,1,,data\preprocessed\features\z_at\FAKE_T3_1023_TIE_SAD_XX__AUDIO_1023_TIE_ANG_XX_sadtalker.pt,data\preprocessed\features\z_v\FAKE_T3_1023_TIE_SAD_XX__AUDIO_1023_TIE_ANG_XX_sadtalker.pt
FAKE_T3_1023_TSI_ANG_XX__AUDIO_1023_TSI_DIS_XX_sadtalker,track3,1,crema_1023,DIS,ANG,-1,1,1,1,,data\preprocessed\features\z_at\FAKE_T3_1023_TSI_ANG_XX__AUDIO_1023_TSI_DIS_XX_sadtalker.pt,data\preprocessed\features\z_v\FAKE_T3_1023_TSI_ANG_XX__AUDIO_1023_TSI_DIS_XX_sadtalker.pt
FAKE_T3_1023_TSI_NEU_XX__AUDIO_1023_TSI_SAD_XX_sadtalker,track3,1,crema_1023,SAD,NEU,-1,1,1,1,,data\preprocessed\features\z_at\FAKE_T3_1023_TSI_NEU_XX__AUDIO_1023_TSI_SAD_XX_sadtalker.pt,data\preprocessed\features\z_v\FAKE_T3_1023_TSI_NEU_XX__AUDIO_1023_TSI_SAD_XX_sadtalker.pt
FAKE_T3_1023_TSI_SAD_XX__AUDIO_1023_TSI_ANG_XX_sadtalker,track3,1,crema_1023,ANG,SAD,-1,1,1,1,,data\preprocessed\features\z_at\FAKE_T3_1023_TSI_SAD_XX__AUDIO_1023_TSI_ANG_XX_sadtalker.pt,data\preprocessed\features\z_v\FAKE_T3_1023_TSI_SAD_XX__AUDIO_1023_TSI_ANG_XX_sadtalker.pt
FAKE_T3_1023_WSI_ANG_XX__AUDIO_1023_WSI_DIS_XX_sadtalker,track3,1,crema_1023,DIS,ANG,-1,1,1,1,,data\preprocessed\features\z_at\FAKE_T3_1023_WSI_ANG_XX__AUDIO_1023_WSI_DIS_XX_sadtalker.pt,data\preprocessed\features\z_v\FAKE_T3_1023_WSI_ANG_XX__AUDIO_1023_WSI_DIS_XX_sadtalker.pt
FAKE_T3_1023_WSI_DIS_XX__AUDIO_1023_WSI_FEA_XX_sadtalker,track3,1,crema_1023,FEA,DIS,-1,1,1,1,,data\preprocessed\features\z_at\FAKE_T3_1023_WSI_DIS_XX__AUDIO_1023_WSI_FEA_XX_sadtalker.pt,data\preprocessed\features\z_v\FAKE_T3_1023_WSI_DIS_XX__AUDIO_1023_WSI_FEA_XX_sadtalker.pt
FAKE_T3_1023_WSI_FEA_XX__AUDIO_1023_WSI_HAP_XX_sadtalker,track3,1,crema_1023,HAP,FEA,-1,1,1,1,,data\preprocessed\features\z_at\FAKE_T3_1023_WSI_FEA_XX__AUDIO_1023_WSI_HAP_XX_sadtalker.pt,data\preprocessed\features\z_v\FAKE_T3_1023_WSI_FEA_XX__AUDIO_1023_WSI_HAP_XX_sadtalker.pt
FAKE_T3_1024_DFA_ANG_XX__AUDIO_1024_DFA_DIS_XX_sadtalker,track3,1,crema_1024,DIS,ANG,-1,1,1,1,,data\preprocessed\features\z_at\FAKE_T3_1024_DFA_ANG_XX__AUDIO_1024_DFA_DIS_XX_sadtalker.pt,data\preprocessed\features\z_v\FAKE_T3_1024_DFA_ANG_XX__AUDIO_1024_DFA_DIS_XX_sadtalker.pt
FAKE_T3_1024_DFA_DIS_XX__AUDIO_1024_DFA_FEA_XX_sadtalker,track3,1,crema_1024,FEA,DIS,-1,1,1,1,,data\preprocessed\features\z_at\FAKE_T3_1024_DFA_DIS_XX__AUDIO_1024_DFA_FEA_XX_sadtalker.pt,data\preprocessed\features\z_v\FAKE_T3_1024_DFA_DIS_XX__AUDIO_1024_DFA_FEA_XX_sadtalker.pt
FAKE_T3_1024_DFA_SAD_XX__AUDIO_1024_DFA_ANG_XX_sadtalker,track3,1,crema_1024,ANG,SAD,-1,1,1,1,,data\preprocessed\features\z_at\FAKE_T3_1024_DFA_SAD_XX__AUDIO_1024_DFA_ANG_XX_sadtalker.pt,data\preprocessed\features\z_v\FAKE_T3_1024_DFA_SAD_XX__AUDIO_1024_DFA_ANG_XX_sadtalker.pt
FAKE_T3_1024_IEO_ANG_LO__AUDIO_1024_IEO_DIS_LO_sadtalker,track3,1,crema_1024,DIS,ANG,-1,1,1,1,,data\preprocessed\features\z_at\FAKE_T3_1024_IEO_ANG_LO__AUDIO_1024_IEO_DIS_LO_sadtalker.pt,data\preprocessed\features\z_v\FAKE_T3_1024_IEO_ANG_LO__AUDIO_1024_IEO_DIS_LO_sadtalker.pt
FAKE_T3_1024_IEO_ANG_MD__AUDIO_1024_IEO_DIS_MD_sadtalker,track3,1,crema_1024,DIS,ANG,-1,1,1,1,,data\preprocessed\features\z_at\FAKE_T3_1024_IEO_ANG_MD__AUDIO_1024_IEO_DIS_MD_sadtalker.pt,data\preprocessed\features\z_v\FAKE_T3_1024_IEO_ANG_MD__AUDIO_1024_IEO_DIS_MD_sadtalker.pt
FAKE_T3_1024_IEO_DIS_HI__AUDIO_1024_IEO_FEA_HI_sadtalker,track3,1,crema_1024,FEA,DIS,-1,1,1,1,,data\preprocessed\features\z_at\FAKE_T3_1024_IEO_DIS_HI__AUDIO_1024_IEO_FEA_HI_sadtalker.pt,data\preprocessed\features\z_v\FAKE_T3_1024_IEO_DIS_HI__AUDIO_1024_IEO_FEA_HI_sadtalker.pt
FAKE_T3_1024_IEO_FEA_MD__AUDIO_1024_IEO_HAP_MD_sadtalker,track3,1,crema_1024,HAP,FEA,-1,1,1,1,,data\preprocessed\features\z_at\FAKE_T3_1024_IEO_FEA_MD__AUDIO_1024_IEO_HAP_MD_sadtalker.pt,data\preprocessed\features\z_v\FAKE_T3_1024_IEO_FEA_MD__AUDIO_1024_IEO_HAP_MD_sadtalker.pt
FAKE_T3_1024_IEO_HAP_HI__AUDIO_1024_IEO_NEU_XX_sadtalker,track3,1,crema_1024,NEU,HAP,-1,1,1,1,,data\preprocessed\features\z_at\FAKE_T3_1024_IEO_HAP_HI__AUDIO_1024_IEO_NEU_XX_sadtalker.pt,data\preprocessed\features\z_v\FAKE_T3_1024_IEO_HAP_HI__AUDIO_1024_IEO_NEU_XX_sadtalker.pt
FAKE_T3_1024_IEO_SAD_HI__AUDIO_1024_IEO_ANG_HI_sadtalker,track3,1,crema_1024,ANG,SAD,-1,1,1,1,,data\preprocessed\features\z_at\FAKE_T3_1024_IEO_SAD_HI__AUDIO_1024_IEO_ANG_HI_sadtalker.pt,data\preprocessed\features\z_v\FAKE_T3_1024_IEO_SAD_HI__AUDIO_1024_IEO_ANG_HI_sadtalker.pt
FAKE_T3_1024_IEO_SAD_LO__AUDIO_1024_IEO_ANG_LO_sadtalker,track3,1,crema_1024,ANG,SAD,-1,1,1,1,,data\preprocessed\features\z_at\FAKE_T3_1024_IEO_SAD_LO__AUDIO_1024_IEO_ANG_LO_sadtalker.pt,data\preprocessed\features\z_v\FAKE_T3_1024_IEO_SAD_LO__AUDIO_1024_IEO_ANG_LO_sadtalker.pt
FAKE_T3_1024_IEO_SAD_MD__AUDIO_1024_IEO_ANG_MD_sadtalker,track3,1,crema_1024,ANG,SAD,-1,1,1,1,,data\preprocessed\features\z_at\FAKE_T3_1024_IEO_SAD_MD__AUDIO_1024_IEO_ANG_MD_sadtalker.pt,data\preprocessed\features\z_v\FAKE_T3_1024_IEO_SAD_MD__AUDIO_1024_IEO_ANG_MD_sadtalker.pt
FAKE_T3_1024_IOM_HAP_XX__AUDIO_1024_IOM_NEU_XX_sadtalker,track3,1,crema_1024,NEU,HAP,-1,1,1,1,,data\preprocessed\features\z_at\FAKE_T3_1024_IOM_HAP_XX__AUDIO_1024_IOM_NEU_XX_sadtalker.pt,data\preprocessed\features\z_v\FAKE_T3_1024_IOM_HAP_XX__AUDIO_1024_IOM_NEU_XX_sadtalker.pt
FAKE_T3_1024_ITH_ANG_XX__AUDIO_1024_ITH_DIS_XX_sadtalker,track3,1,crema_1024,DIS,ANG,-1,1,1,1,,data\preprocessed\features\z_at\FAKE_T3_1024_ITH_ANG_XX__AUDIO_1024_ITH_DIS_XX_sadtalker.pt,data\preprocessed\features\z_v\FAKE_T3_1024_ITH_ANG_XX__AUDIO_1024_ITH_DIS_XX_sadtalker.pt
FAKE_T3_1024_ITH_HAP_XX__AUDIO_1024_ITH_NEU_XX_sadtalker,track3,1,crema_1024,NEU,HAP,-1,1,1,1,,data\preprocessed\features\z_at\FAKE_T3_1024_ITH_HAP_XX__AUDIO_1024_ITH_NEU_XX_sadtalker.pt,data\preprocessed\features\z_v\FAKE_T3_1024_ITH_HAP_XX__AUDIO_1024_ITH_NEU_XX_sadtalker.pt
FAKE_T3_1024_ITH_NEU_XX__AUDIO_1024_ITH_SAD_XX_sadtalker,track3,1,crema_1024,SAD,NEU,-1,1,1,1,,data\preprocessed\features\z_at\FAKE_T3_1024_ITH_NEU_XX__AUDIO_1024_ITH_SAD_XX_sadtalker.pt,data\preprocessed\features\z_v\FAKE_T3_1024_ITH_NEU_XX__AUDIO_1024_ITH_SAD_XX_sadtalker.pt
FAKE_T3_1024_ITS_NEU_XX__AUDIO_1024_ITS_SAD_XX_sadtalker,track3,1,crema_1024,SAD,NEU,-1,1,1,1,,data\preprocessed\features\z_at\FAKE_T3_1024_ITS_NEU_XX__AUDIO_1024_ITS_SAD_XX_sadtalker.pt,data\preprocessed\features\z_v\FAKE_T3_1024_ITS_NEU_XX__AUDIO_1024_ITS_SAD_XX_sadtalker.pt
FAKE_T3_1024_ITS_SAD_XX__AUDIO_1024_ITS_ANG_XX_sadtalker,track3,1,crema_1024,ANG,SAD,-1,1,1,1,,data\preprocessed\features\z_at\FAKE_T3_1024_ITS_SAD_XX__AUDIO_1024_ITS_ANG_XX_sadtalker.pt,data\preprocessed\features\z_v\FAKE_T3_1024_ITS_SAD_XX__AUDIO_1024_ITS_ANG_XX_sadtalker.pt
FAKE_T3_1024_IWL_ANG_XX__AUDIO_1024_IWL_DIS_XX_sadtalker,track3,1,crema_1024,DIS,ANG,-1,1,1,1,,data\preprocessed\features\z_at\FAKE_T3_1024_IWL_ANG_XX__AUDIO_1024_IWL_DIS_XX_sadtalker.pt,data\preprocessed\features\z_v\FAKE_T3_1024_IWL_ANG_XX__AUDIO_1024_IWL_DIS_XX_sadtalker.pt
FAKE_T3_1024_IWL_DIS_XX__AUDIO_1024_IWL_FEA_XX_sadtalker,track3,1,crema_1024,FEA,DIS,-1,1,1,1,,data\preprocessed\features\z_at\FAKE_T3_1024_IWL_DIS_XX__AUDIO_1024_IWL_FEA_XX_sadtalker.pt,data\preprocessed\features\z_v\FAKE_T3_1024_IWL_DIS_XX__AUDIO_1024_IWL_FEA_XX_sadtalker.pt
FAKE_T3_1024_IWL_HAP_XX__AUDIO_1024_IWL_NEU_XX_sadtalker,track3,1,crema_1024,NEU,HAP,-1,1,1,1,,data\preprocessed\features\z_at\FAKE_T3_1024_IWL_HAP_XX__AUDIO_1024_IWL_NEU_XX_sadtalker.pt,data\preprocessed\features\z_v\FAKE_T3_1024_IWL_HAP_XX__AUDIO_1024_IWL_NEU_XX_sadtalker.pt
FAKE_T3_1024_IWL_NEU_XX__AUDIO_1024_IWL_SAD_XX_sadtalker,track3,1,crema_1024,SAD,NEU,-1,1,1,1,,data\preprocessed\features\z_at\FAKE_T3_1024_IWL_NEU_XX__AUDIO_1024_IWL_SAD_XX_sadtalker.pt,data\preprocessed\features\z_v\FAKE_T3_1024_IWL_NEU_XX__AUDIO_1024_IWL_SAD_XX_sadtalker.pt
FAKE_T3_1024_IWL_SAD_XX__AUDIO_1024_IWL_ANG_XX_sadtalker,track3,1,crema_1024,ANG,SAD,-1,1,1,1,,data\preprocessed\features\z_at\FAKE_T3_1024_IWL_SAD_XX__AUDIO_1024_IWL_ANG_XX_sadtalker.pt,data\preprocessed\features\z_v\FAKE_T3_1024_IWL_SAD_XX__AUDIO_1024_IWL_ANG_XX_sadtalker.pt
FAKE_T3_1024_IWW_DIS_XX__AUDIO_1024_IWW_FEA_XX_sadtalker,track3,1,crema_1024,FEA,DIS,-1,1,1,1,,data\preprocessed\features\z_at\FAKE_T3_1024_IWW_DIS_XX__AUDIO_1024_IWW_FEA_XX_sadtalker.pt,data\preprocessed\features\z_v\FAKE_T3_1024_IWW_DIS_XX__AUDIO_1024_IWW_FEA_XX_sadtalker.pt
FAKE_T3_1024_IWW_HAP_XX__AUDIO_1024_IWW_NEU_XX_sadtalker,track3,1,crema_1024,NEU,HAP,-1,1,1,1,,data\preprocessed\features\z_at\FAKE_T3_1024_IWW_HAP_XX__AUDIO_1024_IWW_NEU_XX_sadtalker.pt,data\preprocessed\features\z_v\FAKE_T3_1024_IWW_HAP_XX__AUDIO_1024_IWW_NEU_XX_sadtalker.pt
FAKE_T3_1024_IWW_NEU_XX__AUDIO_1024_IWW_SAD_XX_sadtalker,track3,1,crema_1024,SAD,NEU,-1,1,1,1,,data\preprocessed\features\z_at\FAKE_T3_1024_IWW_NEU_XX__AUDIO_1024_IWW_SAD_XX_sadtalker.pt,data\preprocessed\features\z_v\FAKE_T3_1024_IWW_NEU_XX__AUDIO_1024_IWW_SAD_XX_sadtalker.pt
FAKE_T3_1024_IWW_SAD_XX__AUDIO_1024_IWW_ANG_XX_sadtalker,track3,1,crema_1024,ANG,SAD,-1,1,1,1,,data\preprocessed\features\z_at\FAKE_T3_1024_IWW_SAD_XX__AUDIO_1024_IWW_ANG_XX_sadtalker.pt,data\preprocessed\features\z_v\FAKE_T3_1024_IWW_SAD_XX__AUDIO_1024_IWW_ANG_XX_sadtalker.pt
FAKE_T3_1024_MTI_ANG_XX__AUDIO_1024_MTI_DIS_XX_sadtalker,track3,1,crema_1024,DIS,ANG,-1,1,1,1,,data\preprocessed\features\z_at\FAKE_T3_1024_MTI_ANG_XX__AUDIO_1024_MTI_DIS_XX_sadtalker.pt,data\preprocessed\features\z_v\FAKE_T3_1024_MTI_ANG_XX__AUDIO_1024_MTI_DIS_XX_sadtalker.pt
FAKE_T3_1024_MTI_FEA_XX__AUDIO_1024_MTI_HAP_XX_sadtalker,track3,1,crema_1024,HAP,FEA,-1,1,1,1,,data\preprocessed\features\z_at\FAKE_T3_1024_MTI_FEA_XX__AUDIO_1024_MTI_HAP_XX_sadtalker.pt,data\preprocessed\features\z_v\FAKE_T3_1024_MTI_FEA_XX__AUDIO_1024_MTI_HAP_XX_sadtalker.pt
FAKE_T3_1024_MTI_NEU_XX__AUDIO_1024_MTI_SAD_XX_sadtalker,track3,1,crema_1024,SAD,NEU,-1,1,1,1,,data\preprocessed\features\z_at\FAKE_T3_1024_MTI_NEU_XX__AUDIO_1024_MTI_SAD_XX_sadtalker.pt,data\preprocessed\features\z_v\FAKE_T3_1024_MTI_NEU_XX__AUDIO_1024_MTI_SAD_XX_sadtalker.pt
FAKE_T3_1024_MTI_SAD_XX__AUDIO_1024_MTI_ANG_XX_sadtalker,track3,1,crema_1024,ANG,SAD,-1,1,1,1,,data\preprocessed\features\z_at\FAKE_T3_1024_MTI_SAD_XX__AUDIO_1024_MTI_ANG_XX_sadtalker.pt,data\preprocessed\features\z_v\FAKE_T3_1024_MTI_SAD_XX__AUDIO_1024_MTI_ANG_XX_sadtalker.pt
FAKE_T3_1024_TAI_ANG_XX__AUDIO_1024_TAI_DIS_XX_sadtalker,track3,1,crema_1024,DIS,ANG,-1,1,1,1,,data\preprocessed\features\z_at\FAKE_T3_1024_TAI_ANG_XX__AUDIO_1024_TAI_DIS_XX_sadtalker.pt,data\preprocessed\features\z_v\FAKE_T3_1024_TAI_ANG_XX__AUDIO_1024_TAI_DIS_XX_sadtalker.pt
FAKE_T3_1024_TAI_DIS_XX__AUDIO_1024_TAI_FEA_XX_sadtalker,track3,1,crema_1024,FEA,DIS,-1,1,1,1,,data\preprocessed\features\z_at\FAKE_T3_1024_TAI_DIS_XX__AUDIO_1024_TAI_FEA_XX_sadtalker.pt,data\preprocessed\features\z_v\FAKE_T3_1024_TAI_DIS_XX__AUDIO_1024_TAI_FEA_XX_sadtalker.pt
FAKE_T3_1024_TAI_HAP_XX__AUDIO_1024_TAI_NEU_XX_sadtalker,track3,1,crema_1024,NEU,HAP,-1,1,1,1,,data\preprocessed\features\z_at\FAKE_T3_1024_TAI_HAP_XX__AUDIO_1024_TAI_NEU_XX_sadtalker.pt,data\preprocessed\features\z_v\FAKE_T3_1024_TAI_HAP_XX__AUDIO_1024_TAI_NEU_XX_sadtalker.pt
FAKE_T3_1024_TAI_NEU_XX__AUDIO_1024_TAI_SAD_XX_sadtalker,track3,1,crema_1024,SAD,NEU,-1,1,1,1,,data\preprocessed\features\z_at\FAKE_T3_1024_TAI_NEU_XX__AUDIO_1024_TAI_SAD_XX_sadtalker.pt,data\preprocessed\features\z_v\FAKE_T3_1024_TAI_NEU_XX__AUDIO_1024_TAI_SAD_XX_sadtalker.pt
FAKE_T3_1024_TAI_SAD_XX__AUDIO_1024_TAI_ANG_XX_sadtalker,track3,1,crema_1024,ANG,SAD,-1,1,1,1,,data\preprocessed\features\z_at\FAKE_T3_1024_TAI_SAD_XX__AUDIO_1024_TAI_ANG_XX_sadtalker.pt,data\preprocessed\features\z_v\FAKE_T3_1024_TAI_SAD_XX__AUDIO_1024_TAI_ANG_XX_sadtalker.pt
FAKE_T3_1024_TIE_DIS_XX__AUDIO_1024_TIE_FEA_XX_sadtalker,track3,1,crema_1024,FEA,DIS,-1,1,1,1,,data\preprocessed\features\z_at\FAKE_T3_1024_TIE_DIS_XX__AUDIO_1024_TIE_FEA_XX_sadtalker.pt,data\preprocessed\features\z_v\FAKE_T3_1024_TIE_DIS_XX__AUDIO_1024_TIE_FEA_XX_sadtalker.pt
FAKE_T3_1024_TSI_ANG_XX__AUDIO_1024_TSI_DIS_XX_sadtalker,track3,1,crema_1024,DIS,ANG,-1,1,1,1,,data\preprocessed\features\z_at\FAKE_T3_1024_TSI_ANG_XX__AUDIO_1024_TSI_DIS_XX_sadtalker.pt,data\preprocessed\features\z_v\FAKE_T3_1024_TSI_ANG_XX__AUDIO_1024_TSI_DIS_XX_sadtalker.pt
FAKE_T3_1024_TSI_FEA_XX__AUDIO_1024_TSI_HAP_XX_sadtalker,track3,1,crema_1024,HAP,FEA,-1,1,1,1,,data\preprocessed\features\z_at\FAKE_T3_1024_TSI_FEA_XX__AUDIO_1024_TSI_HAP_XX_sadtalker.pt,data\preprocessed\features\z_v\FAKE_T3_1024_TSI_FEA_XX__AUDIO_1024_TSI_HAP_XX_sadtalker.pt
FAKE_T3_1024_TSI_SAD_XX__AUDIO_1024_TSI_ANG_XX_sadtalker,track3,1,crema_1024,ANG,SAD,-1,1,1,1,,data\preprocessed\features\z_at\FAKE_T3_1024_TSI_SAD_XX__AUDIO_1024_TSI_ANG_XX_sadtalker.pt,data\preprocessed\features\z_v\FAKE_T3_1024_TSI_SAD_XX__AUDIO_1024_TSI_ANG_XX_sadtalker.pt
FAKE_T3_1024_WSI_DIS_XX__AUDIO_1024_WSI_FEA_XX_sadtalker,track3,1,crema_1024,FEA,DIS,-1,1,1,1,,data\preprocessed\features\z_at\FAKE_T3_1024_WSI_DIS_XX__AUDIO_1024_WSI_FEA_XX_sadtalker.pt,data\preprocessed\features\z_v\FAKE_T3_1024_WSI_DIS_XX__AUDIO_1024_WSI_FEA_XX_sadtalker.pt
FAKE_T3_1024_WSI_FEA_XX__AUDIO_1024_WSI_HAP_XX_sadtalker,track3,1,crema_1024,HAP,FEA,-1,1,1,1,,data\preprocessed\features\z_at\FAKE_T3_1024_WSI_FEA_XX__AUDIO_1024_WSI_HAP_XX_sadtalker.pt,data\preprocessed\features\z_v\FAKE_T3_1024_WSI_FEA_XX__AUDIO_1024_WSI_HAP_XX_sadtalker.pt
FAKE_T3_1025_DFA_HAP_XX__AUDIO_1025_DFA_NEU_XX_sadtalker,track3,1,crema_1025,NEU,HAP,-1,1,1,1,,data\preprocessed\features\z_at\FAKE_T3_1025_DFA_HAP_XX__AUDIO_1025_DFA_NEU_XX_sadtalker.pt,data\preprocessed\features\z_v\FAKE_T3_1025_DFA_HAP_XX__AUDIO_1025_DFA_NEU_XX_sadtalker.pt
FAKE_T3_1025_DFA_NEU_XX__AUDIO_1025_DFA_SAD_XX_sadtalker,track3,1,crema_1025,SAD,NEU,-1,1,1,1,,data\preprocessed\features\z_at\FAKE_T3_1025_DFA_NEU_XX__AUDIO_1025_DFA_SAD_XX_sadtalker.pt,data\preprocessed\features\z_v\FAKE_T3_1025_DFA_NEU_XX__AUDIO_1025_DFA_SAD_XX_sadtalker.pt
FAKE_T3_1025_DFA_SAD_XX__AUDIO_1025_DFA_ANG_XX_sadtalker,track3,1,crema_1025,ANG,SAD,-1,1,1,1,,data\preprocessed\features\z_at\FAKE_T3_1025_DFA_SAD_XX__AUDIO_1025_DFA_ANG_XX_sadtalker.pt,data\preprocessed\features\z_v\FAKE_T3_1025_DFA_SAD_XX__AUDIO_1025_DFA_ANG_XX_sadtalker.pt
FAKE_T3_1025_IEO_ANG_HI__AUDIO_1025_IEO_DIS_HI_sadtalker,track3,1,crema_1025,DIS,ANG,-1,1,1,1,,data\preprocessed\features\z_at\FAKE_T3_1025_IEO_ANG_HI__AUDIO_1025_IEO_DIS_HI_sadtalker.pt,data\preprocessed\features\z_v\FAKE_T3_1025_IEO_ANG_HI__AUDIO_1025_IEO_DIS_HI_sadtalker.pt
FAKE_T3_1025_IEO_ANG_MD__AUDIO_1025_IEO_DIS_MD_sadtalker,track3,1,crema_1025,DIS,ANG,-1,1,1,1,,data\preprocessed\features\z_at\FAKE_T3_1025_IEO_ANG_MD__AUDIO_1025_IEO_DIS_MD_sadtalker.pt,data\preprocessed\features\z_v\FAKE_T3_1025_IEO_ANG_MD__AUDIO_1025_IEO_DIS_MD_sadtalker.pt
FAKE_T3_1025_IEO_DIS_MD__AUDIO_1025_IEO_FEA_MD_sadtalker,track3,1,crema_1025,FEA,DIS,-1,1,1,1,,data\preprocessed\features\z_at\FAKE_T3_1025_IEO_DIS_MD__AUDIO_1025_IEO_FEA_MD_sadtalker.pt,data\preprocessed\features\z_v\FAKE_T3_1025_IEO_DIS_MD__AUDIO_1025_IEO_FEA_MD_sadtalker.pt
FAKE_T3_1025_IEO_FEA_LO__AUDIO_1025_IEO_HAP_LO_sadtalker,track3,1,crema_1025,HAP,FEA,-1,1,1,1,,data\preprocessed\features\z_at\FAKE_T3_1025_IEO_FEA_LO__AUDIO_1025_IEO_HAP_LO_sadtalker.pt,data\preprocessed\features\z_v\FAKE_T3_1025_IEO_FEA_LO__AUDIO_1025_IEO_HAP_LO_sadtalker.pt
FAKE_T3_1025_IEO_HAP_HI__AUDIO_1025_IEO_NEU_XX_sadtalker,track3,1,crema_1025,NEU,HAP,-1,1,1,1,,data\preprocessed\features\z_at\FAKE_T3_1025_IEO_HAP_HI__AUDIO_1025_IEO_NEU_XX_sadtalker.pt,data\preprocessed\features\z_v\FAKE_T3_1025_IEO_HAP_HI__AUDIO_1025_IEO_NEU_XX_sadtalker.pt
FAKE_T3_1025_IEO_HAP_MD__AUDIO_1025_IEO_NEU_XX_sadtalker,track3,1,crema_1025,NEU,HAP,-1,1,1,1,,data\preprocessed\features\z_at\FAKE_T3_1025_IEO_HAP_MD__AUDIO_1025_IEO_NEU_XX_sadtalker.pt,data\preprocessed\features\z_v\FAKE_T3_1025_IEO_HAP_MD__AUDIO_1025_IEO_NEU_XX_sadtalker.pt
FAKE_T3_1025_IEO_NEU_XX__AUDIO_1025_IEO_SAD_HI_sadtalker,track3,1,crema_1025,SAD,NEU,-1,1,1,1,,data\preprocessed\features\z_at\FAKE_T3_1025_IEO_NEU_XX__AUDIO_1025_IEO_SAD_HI_sadtalker.pt,data\preprocessed\features\z_v\FAKE_T3_1025_IEO_NEU_XX__AUDIO_1025_IEO_SAD_HI_sadtalker.pt
FAKE_T3_1025_IEO_SAD_HI__AUDIO_1025_IEO_ANG_HI_sadtalker,track3,1,crema_1025,ANG,SAD,-1,1,1,1,,data\preprocessed\features\z_at\FAKE_T3_1025_IEO_SAD_HI__AUDIO_1025_IEO_ANG_HI_sadtalker.pt,data\preprocessed\features\z_v\FAKE_T3_1025_IEO_SAD_HI__AUDIO_1025_IEO_ANG_HI_sadtalker.pt
FAKE_T3_1025_IEO_SAD_LO__AUDIO_1025_IEO_ANG_LO_sadtalker,track3,1,crema_1025,ANG,SAD,-1,1,1,1,,data\preprocessed\features\z_at\FAKE_T3_1025_IEO_SAD_LO__AUDIO_1025_IEO_ANG_LO_sadtalker.pt,data\preprocessed\features\z_v\FAKE_T3_1025_IEO_SAD_LO__AUDIO_1025_IEO_ANG_LO_sadtalker.pt
FAKE_T3_1025_IEO_SAD_MD__AUDIO_1025_IEO_ANG_MD_sadtalker,track3,1,crema_1025,ANG,SAD,-1,1,1,1,,data\preprocessed\features\z_at\FAKE_T3_1025_IEO_SAD_MD__AUDIO_1025_IEO_ANG_MD_sadtalker.pt,data\preprocessed\features\z_v\FAKE_T3_1025_IEO_SAD_MD__AUDIO_1025_IEO_ANG_MD_sadtalker.pt
FAKE_T3_1025_IOM_ANG_XX__AUDIO_1025_IOM_DIS_XX_sadtalker,track3,1,crema_1025,DIS,ANG,-1,1,1,1,,data\preprocessed\features\z_at\FAKE_T3_1025_IOM_ANG_XX__AUDIO_1025_IOM_DIS_XX_sadtalker.pt,data\preprocessed\features\z_v\FAKE_T3_1025_IOM_ANG_XX__AUDIO_1025_IOM_DIS_XX_sadtalker.pt
FAKE_T3_1025_IOM_FEA_XX__AUDIO_1025_IOM_HAP_XX_sadtalker,track3,1,crema_1025,HAP,FEA,-1,1,1,1,,data\preprocessed\features\z_at\FAKE_T3_1025_IOM_FEA_XX__AUDIO_1025_IOM_HAP_XX_sadtalker.pt,data\preprocessed\features\z_v\FAKE_T3_1025_IOM_FEA_XX__AUDIO_1025_IOM_HAP_XX_sadtalker.pt
FAKE_T3_1025_IOM_NEU_XX__AUDIO_1025_IOM_SAD_XX_sadtalker,track3,1,crema_1025,SAD,NEU,-1,1,1,1,,data\preprocessed\features\z_at\FAKE_T3_1025_IOM_NEU_XX__AUDIO_1025_IOM_SAD_XX_sadtalker.pt,data\preprocessed\features\z_v\FAKE_T3_1025_IOM_NEU_XX__AUDIO_1025_IOM_SAD_XX_sadtalker.pt
FAKE_T3_1025_ITH_DIS_XX__AUDIO_1025_ITH_FEA_XX_sadtalker,track3,1,crema_1025,FEA,DIS,-1,1,1,1,,data\preprocessed\features\z_at\FAKE_T3_1025_ITH_DIS_XX__AUDIO_1025_ITH_FEA_XX_sadtalker.pt,data\preprocessed\features\z_v\FAKE_T3_1025_ITH_DIS_XX__AUDIO_1025_ITH_FEA_XX_sadtalker.pt
FAKE_T3_1025_ITH_FEA_XX__AUDIO_1025_ITH_HAP_XX_sadtalker,track3,1,crema_1025,HAP,FEA,-1,1,1,1,,data\preprocessed\features\z_at\FAKE_T3_1025_ITH_FEA_XX__AUDIO_1025_ITH_HAP_XX_sadtalker.pt,data\preprocessed\features\z_v\FAKE_T3_1025_ITH_FEA_XX__AUDIO_1025_ITH_HAP_XX_sadtalker.pt
FAKE_T3_1025_ITH_NEU_XX__AUDIO_1025_ITH_SAD_XX_sadtalker,track3,1,crema_1025,SAD,NEU,-1,1,1,1,,data\preprocessed\features\z_at\FAKE_T3_1025_ITH_NEU_XX__AUDIO_1025_ITH_SAD_XX_sadtalker.pt,data\preprocessed\features\z_v\FAKE_T3_1025_ITH_NEU_XX__AUDIO_1025_ITH_SAD_XX_sadtalker.pt
FAKE_T3_1025_ITH_SAD_XX__AUDIO_1025_ITH_ANG_XX_sadtalker,track3,1,crema_1025,ANG,SAD,-1,1,1,1,,data\preprocessed\features\z_at\FAKE_T3_1025_ITH_SAD_XX__AUDIO_1025_ITH_ANG_XX_sadtalker.pt,data\preprocessed\features\z_v\FAKE_T3_1025_ITH_SAD_XX__AUDIO_1025_ITH_ANG_XX_sadtalker.pt
FAKE_T3_1025_ITS_ANG_XX__AUDIO_1025_ITS_DIS_XX_sadtalker,track3,1,crema_1025,DIS,ANG,-1,1,1,1,,data\preprocessed\features\z_at\FAKE_T3_1025_ITS_ANG_XX__AUDIO_1025_ITS_DIS_XX_sadtalker.pt,data\preprocessed\features\z_v\FAKE_T3_1025_ITS_ANG_XX__AUDIO_1025_ITS_DIS_XX_sadtalker.pt
FAKE_T3_1025_ITS_HAP_XX__AUDIO_1025_ITS_NEU_XX_sadtalker,track3,1,crema_1025,NEU,HAP,-1,1,1,1,,data\preprocessed\features\z_at\FAKE_T3_1025_ITS_HAP_XX__AUDIO_1025_ITS_NEU_XX_sadtalker.pt,data\preprocessed\features\z_v\FAKE_T3_1025_ITS_HAP_XX__AUDIO_1025_ITS_NEU_XX_sadtalker.pt
FAKE_T3_1025_ITS_SAD_XX__AUDIO_1025_ITS_ANG_XX_sadtalker,track3,1,crema_1025,ANG,SAD,-1,1,1,1,,data\preprocessed\features\z_at\FAKE_T3_1025_ITS_SAD_XX__AUDIO_1025_ITS_ANG_XX_sadtalker.pt,data\preprocessed\features\z_v\FAKE_T3_1025_ITS_SAD_XX__AUDIO_1025_ITS_ANG_XX_sadtalker.pt
FAKE_T3_1025_IWL_DIS_XX__AUDIO_1025_IWL_FEA_XX_sadtalker,track3,1,crema_1025,FEA,DIS,-1,1,1,1,,data\preprocessed\features\z_at\FAKE_T3_1025_IWL_DIS_XX__AUDIO_1025_IWL_FEA_XX_sadtalker.pt,data\preprocessed\features\z_v\FAKE_T3_1025_IWL_DIS_XX__AUDIO_1025_IWL_FEA_XX_sadtalker.pt
FAKE_T3_1025_IWL_HAP_XX__AUDIO_1025_IWL_NEU_XX_sadtalker,track3,1,crema_1025,NEU,HAP,-1,1,1,1,,data\preprocessed\features\z_at\FAKE_T3_1025_IWL_HAP_XX__AUDIO_1025_IWL_NEU_XX_sadtalker.pt,data\preprocessed\features\z_v\FAKE_T3_1025_IWL_HAP_XX__AUDIO_1025_IWL_NEU_XX_sadtalker.pt
FAKE_T3_1025_IWW_HAP_XX__AUDIO_1025_IWW_NEU_XX_sadtalker,track3,1,crema_1025,NEU,HAP,-1,1,1,1,,data\preprocessed\features\z_at\FAKE_T3_1025_IWW_HAP_XX__AUDIO_1025_IWW_NEU_XX_sadtalker.pt,data\preprocessed\features\z_v\FAKE_T3_1025_IWW_HAP_XX__AUDIO_1025_IWW_NEU_XX_sadtalker.pt
FAKE_T3_1025_IWW_NEU_XX__AUDIO_1025_IWW_SAD_XX_sadtalker,track3,1,crema_1025,SAD,NEU,-1,1,1,1,,data\preprocessed\features\z_at\FAKE_T3_1025_IWW_NEU_XX__AUDIO_1025_IWW_SAD_XX_sadtalker.pt,data\preprocessed\features\z_v\FAKE_T3_1025_IWW_NEU_XX__AUDIO_1025_IWW_SAD_XX_sadtalker.pt
FAKE_T3_1025_IWW_SAD_XX__AUDIO_1025_IWW_ANG_XX_sadtalker,track3,1,crema_1025,ANG,SAD,-1,1,1,1,,data\preprocessed\features\z_at\FAKE_T3_1025_IWW_SAD_XX__AUDIO_1025_IWW_ANG_XX_sadtalker.pt,data\preprocessed\features\z_v\FAKE_T3_1025_IWW_SAD_XX__AUDIO_1025_IWW_ANG_XX_sadtalker.pt
FAKE_T3_1025_MTI_DIS_XX__AUDIO_1025_MTI_FEA_XX_sadtalker,track3,1,crema_1025,FEA,DIS,-1,1,1,1,,data\preprocessed\features\z_at\FAKE_T3_1025_MTI_DIS_XX__AUDIO_1025_MTI_FEA_XX_sadtalker.pt,data\preprocessed\features\z_v\FAKE_T3_1025_MTI_DIS_XX__AUDIO_1025_MTI_FEA_XX_sadtalker.pt
FAKE_T3_1025_MTI_FEA_XX__AUDIO_1025_MTI_HAP_XX_sadtalker,track3,1,crema_1025,HAP,FEA,-1,1,1,1,,data\preprocessed\features\z_at\FAKE_T3_1025_MTI_FEA_XX__AUDIO_1025_MTI_HAP_XX_sadtalker.pt,data\preprocessed\features\z_v\FAKE_T3_1025_MTI_FEA_XX__AUDIO_1025_MTI_HAP_XX_sadtalker.pt
FAKE_T3_1025_MTI_HAP_XX__AUDIO_1025_MTI_NEU_XX_sadtalker,track3,1,crema_1025,NEU,HAP,-1,1,1,1,,data\preprocessed\features\z_at\FAKE_T3_1025_MTI_HAP_XX__AUDIO_1025_MTI_NEU_XX_sadtalker.pt,data\preprocessed\features\z_v\FAKE_T3_1025_MTI_HAP_XX__AUDIO_1025_MTI_NEU_XX_sadtalker.pt
FAKE_T3_1025_MTI_SAD_XX__AUDIO_1025_MTI_ANG_XX_sadtalker,track3,1,crema_1025,ANG,SAD,-1,1,1,1,,data\preprocessed\features\z_at\FAKE_T3_1025_MTI_SAD_XX__AUDIO_1025_MTI_ANG_XX_sadtalker.pt,data\preprocessed\features\z_v\FAKE_T3_1025_MTI_SAD_XX__AUDIO_1025_MTI_ANG_XX_sadtalker.pt
FAKE_T3_1025_TAI_NEU_XX__AUDIO_1025_TAI_SAD_XX_sadtalker,track3,1,crema_1025,SAD,NEU,-1,1,1,1,,data\preprocessed\features\z_at\FAKE_T3_1025_TAI_NEU_XX__AUDIO_1025_TAI_SAD_XX_sadtalker.pt,data\preprocessed\features\z_v\FAKE_T3_1025_TAI_NEU_XX__AUDIO_1025_TAI_SAD_XX_sadtalker.pt
FAKE_T3_1025_TAI_SAD_XX__AUDIO_1025_TAI_ANG_XX_sadtalker,track3,1,crema_1025,ANG,SAD,-1,1,1,1,,data\preprocessed\features\z_at\FAKE_T3_1025_TAI_SAD_XX__AUDIO_1025_TAI_ANG_XX_sadtalker.pt,data\preprocessed\features\z_v\FAKE_T3_1025_TAI_SAD_XX__AUDIO_1025_TAI_ANG_XX_sadtalker.pt
FAKE_T3_1025_TIE_FEA_XX__AUDIO_1025_TIE_HAP_XX_sadtalker,track3,1,crema_1025,HAP,FEA,-1,1,1,1,,data\preprocessed\features\z_at\FAKE_T3_1025_TIE_FEA_XX__AUDIO_1025_TIE_HAP_XX_sadtalker.pt,data\preprocessed\features\z_v\FAKE_T3_1025_TIE_FEA_XX__AUDIO_1025_TIE_HAP_XX_sadtalker.pt
FAKE_T3_1025_TIE_SAD_XX__AUDIO_1025_TIE_ANG_XX_sadtalker,track3,1,crema_1025,ANG,SAD,-1,1,1,1,,data\preprocessed\features\z_at\FAKE_T3_1025_TIE_SAD_XX__AUDIO_1025_TIE_ANG_XX_sadtalker.pt,data\preprocessed\features\z_v\FAKE_T3_1025_TIE_SAD_XX__AUDIO_1025_TIE_ANG_XX_sadtalker.pt
FAKE_T3_1025_TSI_DIS_XX__AUDIO_1025_TSI_FEA_XX_sadtalker,track3,1,crema_1025,FEA,DIS,-1,1,1,1,,data\preprocessed\features\z_at\FAKE_T3_1025_TSI_DIS_XX__AUDIO_1025_TSI_FEA_XX_sadtalker.pt,data\preprocessed\features\z_v\FAKE_T3_1025_TSI_DIS_XX__AUDIO_1025_TSI_FEA_XX_sadtalker.pt
FAKE_T3_1025_TSI_FEA_XX__AUDIO_1025_TSI_HAP_XX_sadtalker,track3,1,crema_1025,HAP,FEA,-1,1,1,1,,data\preprocessed\features\z_at\FAKE_T3_1025_TSI_FEA_XX__AUDIO_1025_TSI_HAP_XX_sadtalker.pt,data\preprocessed\features\z_v\FAKE_T3_1025_TSI_FEA_XX__AUDIO_1025_TSI_HAP_XX_sadtalker.pt
FAKE_T3_1025_WSI_DIS_XX__AUDIO_1025_WSI_FEA_XX_sadtalker,track3,1,crema_1025,FEA,DIS,-1,1,1,1,,data\preprocessed\features\z_at\FAKE_T3_1025_WSI_DIS_XX__AUDIO_1025_WSI_FEA_XX_sadtalker.pt,data\preprocessed\features\z_v\FAKE_T3_1025_WSI_DIS_XX__AUDIO_1025_WSI_FEA_XX_sadtalker.pt
FAKE_T3_1025_WSI_FEA_XX__AUDIO_1025_WSI_HAP_XX_sadtalker,track3,1,crema_1025,HAP,FEA,-1,1,1,1,,data\preprocessed\features\z_at\FAKE_T3_1025_WSI_FEA_XX__AUDIO_1025_WSI_HAP_XX_sadtalker.pt,data\preprocessed\features\z_v\FAKE_T3_1025_WSI_FEA_XX__AUDIO_1025_WSI_HAP_XX_sadtalker.pt
FAKE_T3_1025_WSI_HAP_XX__AUDIO_1025_WSI_NEU_XX_sadtalker,track3,1,crema_1025,NEU,HAP,-1,1,1,1,,data\preprocessed\features\z_at\FAKE_T3_1025_WSI_HAP_XX__AUDIO_1025_WSI_NEU_XX_sadtalker.pt,data\preprocessed\features\z_v\FAKE_T3_1025_WSI_HAP_XX__AUDIO_1025_WSI_NEU_XX_sadtalker.pt
FAKE_T3_1026_DFA_DIS_XX__AUDIO_1026_DFA_FEA_XX_sadtalker,track3,1,crema_1026,FEA,DIS,-1,1,1,1,,data\preprocessed\features\z_at\FAKE_T3_1026_DFA_DIS_XX__AUDIO_1026_DFA_FEA_XX_sadtalker.pt,data\preprocessed\features\z_v\FAKE_T3_1026_DFA_DIS_XX__AUDIO_1026_DFA_FEA_XX_sadtalker.pt
FAKE_T3_1026_DFA_FEA_XX__AUDIO_1026_DFA_HAP_XX_sadtalker,track3,1,crema_1026,HAP,FEA,-1,1,1,1,,data\preprocessed\features\z_at\FAKE_T3_1026_DFA_FEA_XX__AUDIO_1026_DFA_HAP_XX_sadtalker.pt,data\preprocessed\features\z_v\FAKE_T3_1026_DFA_FEA_XX__AUDIO_1026_DFA_HAP_XX_sadtalker.pt
FAKE_T3_1026_DFA_SAD_XX__AUDIO_1026_DFA_ANG_XX_sadtalker,track3,1,crema_1026,ANG,SAD,-1,1,1,1,,data\preprocessed\features\z_at\FAKE_T3_1026_DFA_SAD_XX__AUDIO_1026_DFA_ANG_XX_sadtalker.pt,data\preprocessed\features\z_v\FAKE_T3_1026_DFA_SAD_XX__AUDIO_1026_DFA_ANG_XX_sadtalker.pt
FAKE_T3_1026_IEO_DIS_LO__AUDIO_1026_IEO_FEA_LO_sadtalker,track3,1,crema_1026,FEA,DIS,-1,1,1,1,,data\preprocessed\features\z_at\FAKE_T3_1026_IEO_DIS_LO__AUDIO_1026_IEO_FEA_LO_sadtalker.pt,data\preprocessed\features\z_v\FAKE_T3_1026_IEO_DIS_LO__AUDIO_1026_IEO_FEA_LO_sadtalker.pt
FAKE_T3_1026_IEO_DIS_MD__AUDIO_1026_IEO_FEA_MD_sadtalker,track3,1,crema_1026,FEA,DIS,-1,1,1,1,,data\preprocessed\features\z_at\FAKE_T3_1026_IEO_DIS_MD__AUDIO_1026_IEO_FEA_MD_sadtalker.pt,data\preprocessed\features\z_v\FAKE_T3_1026_IEO_DIS_MD__AUDIO_1026_IEO_FEA_MD_sadtalker.pt
FAKE_T3_1026_IEO_FEA_LO__AUDIO_1026_IEO_HAP_LO_sadtalker,track3,1,crema_1026,HAP,FEA,-1,1,1,1,,data\preprocessed\features\z_at\FAKE_T3_1026_IEO_FEA_LO__AUDIO_1026_IEO_HAP_LO_sadtalker.pt,data\preprocessed\features\z_v\FAKE_T3_1026_IEO_FEA_LO__AUDIO_1026_IEO_HAP_LO_sadtalker.pt
FAKE_T3_1026_IEO_HAP_MD__AUDIO_1026_IEO_NEU_XX_sadtalker,track3,1,crema_1026,NEU,HAP,-1,1,1,1,,data\preprocessed\features\z_at\FAKE_T3_1026_IEO_HAP_MD__AUDIO_1026_IEO_NEU_XX_sadtalker.pt,data\preprocessed\features\z_v\FAKE_T3_1026_IEO_HAP_MD__AUDIO_1026_IEO_NEU_XX_sadtalker.pt
FAKE_T3_1026_IEO_SAD_HI__AUDIO_1026_IEO_ANG_HI_sadtalker,track3,1,crema_1026,ANG,SAD,-1,1,1,1,,data\preprocessed\features\z_at\FAKE_T3_1026_IEO_SAD_HI__AUDIO_1026_IEO_ANG_HI_sadtalker.pt,data\preprocessed\features\z_v\FAKE_T3_1026_IEO_SAD_HI__AUDIO_1026_IEO_ANG_HI_sadtalker.pt
FAKE_T3_1026_IEO_SAD_LO__AUDIO_1026_IEO_ANG_LO_sadtalker,track3,1,crema_1026,ANG,SAD,-1,1,1,1,,data\preprocessed\features\z_at\FAKE_T3_1026_IEO_SAD_LO__AUDIO_1026_IEO_ANG_LO_sadtalker.pt,data\preprocessed\features\z_v\FAKE_T3_1026_IEO_SAD_LO__AUDIO_1026_IEO_ANG_LO_sadtalker.pt
FAKE_T3_1026_IOM_DIS_XX__AUDIO_1026_IOM_FEA_XX_sadtalker,track3,1,crema_1026,FEA,DIS,-1,1,1,1,,data\preprocessed\features\z_at\FAKE_T3_1026_IOM_DIS_XX__AUDIO_1026_IOM_FEA_XX_sadtalker.pt,data\preprocessed\features\z_v\FAKE_T3_1026_IOM_DIS_XX__AUDIO_1026_IOM_FEA_XX_sadtalker.pt
FAKE_T3_1026_IOM_FEA_XX__AUDIO_1026_IOM_HAP_XX_sadtalker,track3,1,crema_1026,HAP,FEA,-1,1,1,1,,data\preprocessed\features\z_at\FAKE_T3_1026_IOM_FEA_XX__AUDIO_1026_IOM_HAP_XX_sadtalker.pt,data\preprocessed\features\z_v\FAKE_T3_1026_IOM_FEA_XX__AUDIO_1026_IOM_HAP_XX_sadtalker.pt
FAKE_T3_1026_IOM_HAP_XX__AUDIO_1026_IOM_NEU_XX_sadtalker,track3,1,crema_1026,NEU,HAP,-1,1,1,1,,data\preprocessed\features\z_at\FAKE_T3_1026_IOM_HAP_XX__AUDIO_1026_IOM_NEU_XX_sadtalker.pt,data\preprocessed\features\z_v\FAKE_T3_1026_IOM_HAP_XX__AUDIO_1026_IOM_NEU_XX_sadtalker.pt
FAKE_T3_1026_IOM_NEU_XX__AUDIO_1026_IOM_SAD_XX_sadtalker,track3,1,crema_1026,SAD,NEU,-1,1,1,1,,data\preprocessed\features\z_at\FAKE_T3_1026_IOM_NEU_XX__AUDIO_1026_IOM_SAD_XX_sadtalker.pt,data\preprocessed\features\z_v\FAKE_T3_1026_IOM_NEU_XX__AUDIO_1026_IOM_SAD_XX_sadtalker.pt
FAKE_T3_1026_IOM_SAD_XX__AUDIO_1026_IOM_ANG_XX_sadtalker,track3,1,crema_1026,ANG,SAD,-1,1,1,1,,data\preprocessed\features\z_at\FAKE_T3_1026_IOM_SAD_XX__AUDIO_1026_IOM_ANG_XX_sadtalker.pt,data\preprocessed\features\z_v\FAKE_T3_1026_IOM_SAD_XX__AUDIO_1026_IOM_ANG_XX_sadtalker.pt
FAKE_T3_1026_ITH_FEA_XX__AUDIO_1026_ITH_HAP_XX_sadtalker,track3,1,crema_1026,HAP,FEA,-1,1,1,1,,data\preprocessed\features\z_at\FAKE_T3_1026_ITH_FEA_XX__AUDIO_1026_ITH_HAP_XX_sadtalker.pt,data\preprocessed\features\z_v\FAKE_T3_1026_ITH_FEA_XX__AUDIO_1026_ITH_HAP_XX_sadtalker.pt
FAKE_T3_1026_ITH_HAP_XX__AUDIO_1026_ITH_NEU_XX_sadtalker,track3,1,crema_1026,NEU,HAP,-1,1,1,1,,data\preprocessed\features\z_at\FAKE_T3_1026_ITH_HAP_XX__AUDIO_1026_ITH_NEU_XX_sadtalker.pt,data\preprocessed\features\z_v\FAKE_T3_1026_ITH_HAP_XX__AUDIO_1026_ITH_NEU_XX_sadtalker.pt
FAKE_T3_1026_ITH_SAD_XX__AUDIO_1026_ITH_ANG_XX_sadtalker,track3,1,crema_1026,ANG,SAD,-1,1,1,1,,data\preprocessed\features\z_at\FAKE_T3_1026_ITH_SAD_XX__AUDIO_1026_ITH_ANG_XX_sadtalker.pt,data\preprocessed\features\z_v\FAKE_T3_1026_ITH_SAD_XX__AUDIO_1026_ITH_ANG_XX_sadtalker.pt
FAKE_T3_1026_ITS_ANG_XX__AUDIO_1026_ITS_DIS_XX_sadtalker,track3,1,crema_1026,DIS,ANG,-1,1,1,1,,data\preprocessed\features\z_at\FAKE_T3_1026_ITS_ANG_XX__AUDIO_1026_ITS_DIS_XX_sadtalker.pt,data\preprocessed\features\z_v\FAKE_T3_1026_ITS_ANG_XX__AUDIO_1026_ITS_DIS_XX_sadtalker.pt
FAKE_T3_1026_ITS_DIS_XX__AUDIO_1026_ITS_FEA_XX_sadtalker,track3,1,crema_1026,FEA,DIS,-1,1,1,1,,data\preprocessed\features\z_at\FAKE_T3_1026_ITS_DIS_XX__AUDIO_1026_ITS_FEA_XX_sadtalker.pt,data\preprocessed\features\z_v\FAKE_T3_1026_ITS_DIS_XX__AUDIO_1026_ITS_FEA_XX_sadtalker.pt
FAKE_T3_1026_ITS_HAP_XX__AUDIO_1026_ITS_NEU_XX_sadtalker,track3,1,crema_1026,NEU,HAP,-1,1,1,1,,data\preprocessed\features\z_at\FAKE_T3_1026_ITS_HAP_XX__AUDIO_1026_ITS_NEU_XX_sadtalker.pt,data\preprocessed\features\z_v\FAKE_T3_1026_ITS_HAP_XX__AUDIO_1026_ITS_NEU_XX_sadtalker.pt
FAKE_T3_1026_ITS_SAD_XX__AUDIO_1026_ITS_ANG_XX_sadtalker,track3,1,crema_1026,ANG,SAD,-1,1,1,1,,data\preprocessed\features\z_at\FAKE_T3_1026_ITS_SAD_XX__AUDIO_1026_ITS_ANG_XX_sadtalker.pt,data\preprocessed\features\z_v\FAKE_T3_1026_ITS_SAD_XX__AUDIO_1026_ITS_ANG_XX_sadtalker.pt
FAKE_T3_1026_IWL_DIS_XX__AUDIO_1026_IWL_FEA_XX_sadtalker,track3,1,crema_1026,FEA,DIS,-1,1,1,1,,data\preprocessed\features\z_at\FAKE_T3_1026_IWL_DIS_XX__AUDIO_1026_IWL_FEA_XX_sadtalker.pt,data\preprocessed\features\z_v\FAKE_T3_1026_IWL_DIS_XX__AUDIO_1026_IWL_FEA_XX_sadtalker.pt
FAKE_T3_1026_IWL_FEA_XX__AUDIO_1026_IWL_HAP_XX_sadtalker,track3,1,crema_1026,HAP,FEA,-1,1,1,1,,data\preprocessed\features\z_at\FAKE_T3_1026_IWL_FEA_XX__AUDIO_1026_IWL_HAP_XX_sadtalker.pt,data\preprocessed\features\z_v\FAKE_T3_1026_IWL_FEA_XX__AUDIO_1026_IWL_HAP_XX_sadtalker.pt
FAKE_T3_1026_IWL_HAP_XX__AUDIO_1026_IWL_NEU_XX_sadtalker,track3,1,crema_1026,NEU,HAP,-1,1,1,1,,data\preprocessed\features\z_at\FAKE_T3_1026_IWL_HAP_XX__AUDIO_1026_IWL_NEU_XX_sadtalker.pt,data\preprocessed\features\z_v\FAKE_T3_1026_IWL_HAP_XX__AUDIO_1026_IWL_NEU_XX_sadtalker.pt
FAKE_T3_1026_IWW_ANG_XX__AUDIO_1026_IWW_DIS_XX_sadtalker,track3,1,crema_1026,DIS,ANG,-1,1,1,1,,data\preprocessed\features\z_at\FAKE_T3_1026_IWW_ANG_XX__AUDIO_1026_IWW_DIS_XX_sadtalker.pt,data\preprocessed\features\z_v\FAKE_T3_1026_IWW_ANG_XX__AUDIO_1026_IWW_DIS_XX_sadtalker.pt
FAKE_T3_1026_IWW_HAP_XX__AUDIO_1026_IWW_NEU_XX_sadtalker,track3,1,crema_1026,NEU,HAP,-1,1,1,1,,data\preprocessed\features\z_at\FAKE_T3_1026_IWW_HAP_XX__AUDIO_1026_IWW_NEU_XX_sadtalker.pt,data\preprocessed\features\z_v\FAKE_T3_1026_IWW_HAP_XX__AUDIO_1026_IWW_NEU_XX_sadtalker.pt
FAKE_T3_1026_MTI_DIS_XX__AUDIO_1026_MTI_FEA_XX_sadtalker,track3,1,crema_1026,FEA,DIS,-1,1,1,1,,data\preprocessed\features\z_at\FAKE_T3_1026_MTI_DIS_XX__AUDIO_1026_MTI_FEA_XX_sadtalker.pt,data\preprocessed\features\z_v\FAKE_T3_1026_MTI_DIS_XX__AUDIO_1026_MTI_FEA_XX_sadtalker.pt
FAKE_T3_1026_MTI_NEU_XX__AUDIO_1026_MTI_SAD_XX_sadtalker,track3,1,crema_1026,SAD,NEU,-1,1,1,1,,data\preprocessed\features\z_at\FAKE_T3_1026_MTI_NEU_XX__AUDIO_1026_MTI_SAD_XX_sadtalker.pt,data\preprocessed\features\z_v\FAKE_T3_1026_MTI_NEU_XX__AUDIO_1026_MTI_SAD_XX_sadtalker.pt
FAKE_T3_1026_TAI_ANG_XX__AUDIO_1026_TAI_DIS_XX_sadtalker,track3,1,crema_1026,DIS,ANG,-1,1,1,1,,data\preprocessed\features\z_at\FAKE_T3_1026_TAI_ANG_XX__AUDIO_1026_TAI_DIS_XX_sadtalker.pt,data\preprocessed\features\z_v\FAKE_T3_1026_TAI_ANG_XX__AUDIO_1026_TAI_DIS_XX_sadtalker.pt
FAKE_T3_1026_TAI_DIS_XX__AUDIO_1026_TAI_FEA_XX_sadtalker,track3,1,crema_1026,FEA,DIS,-1,1,1,1,,data\preprocessed\features\z_at\FAKE_T3_1026_TAI_DIS_XX__AUDIO_1026_TAI_FEA_XX_sadtalker.pt,data\preprocessed\features\z_v\FAKE_T3_1026_TAI_DIS_XX__AUDIO_1026_TAI_FEA_XX_sadtalker.pt
FAKE_T3_1026_TAI_FEA_XX__AUDIO_1026_TAI_HAP_XX_sadtalker,track3,1,crema_1026,HAP,FEA,-1,1,1,1,,data\preprocessed\features\z_at\FAKE_T3_1026_TAI_FEA_XX__AUDIO_1026_TAI_HAP_XX_sadtalker.pt,data\preprocessed\features\z_v\FAKE_T3_1026_TAI_FEA_XX__AUDIO_1026_TAI_HAP_XX_sadtalker.pt
FAKE_T3_1026_TAI_HAP_XX__AUDIO_1026_TAI_NEU_XX_sadtalker,track3,1,crema_1026,NEU,HAP,-1,1,1,1,,data\preprocessed\features\z_at\FAKE_T3_1026_TAI_HAP_XX__AUDIO_1026_TAI_NEU_XX_sadtalker.pt,data\preprocessed\features\z_v\FAKE_T3_1026_TAI_HAP_XX__AUDIO_1026_TAI_NEU_XX_sadtalker.pt
FAKE_T3_1026_TAI_NEU_XX__AUDIO_1026_TAI_SAD_XX_sadtalker,track3,1,crema_1026,SAD,NEU,-1,1,1,1,,data\preprocessed\features\z_at\FAKE_T3_1026_TAI_NEU_XX__AUDIO_1026_TAI_SAD_XX_sadtalker.pt,data\preprocessed\features\z_v\FAKE_T3_1026_TAI_NEU_XX__AUDIO_1026_TAI_SAD_XX_sadtalker.pt
FAKE_T3_1026_TIE_ANG_XX__AUDIO_1026_TIE_DIS_XX_sadtalker,track3,1,crema_1026,DIS,ANG,-1,1,1,1,,data\preprocessed\features\z_at\FAKE_T3_1026_TIE_ANG_XX__AUDIO_1026_TIE_DIS_XX_sadtalker.pt,data\preprocessed\features\z_v\FAKE_T3_1026_TIE_ANG_XX__AUDIO_1026_TIE_DIS_XX_sadtalker.pt
FAKE_T3_1026_TIE_DIS_XX__AUDIO_1026_TIE_FEA_XX_sadtalker,track3,1,crema_1026,FEA,DIS,-1,1,1,1,,data\preprocessed\features\z_at\FAKE_T3_1026_TIE_DIS_XX__AUDIO_1026_TIE_FEA_XX_sadtalker.pt,data\preprocessed\features\z_v\FAKE_T3_1026_TIE_DIS_XX__AUDIO_1026_TIE_FEA_XX_sadtalker.pt
FAKE_T3_1026_TIE_FEA_XX__AUDIO_1026_TIE_HAP_XX_sadtalker,track3,1,crema_1026,HAP,FEA,-1,1,1,1,,data\preprocessed\features\z_at\FAKE_T3_1026_TIE_FEA_XX__AUDIO_1026_TIE_HAP_XX_sadtalker.pt,data\preprocessed\features\z_v\FAKE_T3_1026_TIE_FEA_XX__AUDIO_1026_TIE_HAP_XX_sadtalker.pt
FAKE_T3_1026_TIE_NEU_XX__AUDIO_1026_TIE_SAD_XX_sadtalker,track3,1,crema_1026,SAD,NEU,-1,1,1,1,,data\preprocessed\features\z_at\FAKE_T3_1026_TIE_NEU_XX__AUDIO_1026_TIE_SAD_XX_sadtalker.pt,data\preprocessed\features\z_v\FAKE_T3_1026_TIE_NEU_XX__AUDIO_1026_TIE_SAD_XX_sadtalker.pt
FAKE_T3_1026_TSI_ANG_XX__AUDIO_1026_TSI_DIS_XX_sadtalker,track3,1,crema_1026,DIS,ANG,-1,1,1,1,,data\preprocessed\features\z_at\FAKE_T3_1026_TSI_ANG_XX__AUDIO_1026_TSI_DIS_XX_sadtalker.pt,data\preprocessed\features\z_v\FAKE_T3_1026_TSI_ANG_XX__AUDIO_1026_TSI_DIS_XX_sadtalker.pt
FAKE_T3_1026_TSI_DIS_XX__AUDIO_1026_TSI_FEA_XX_sadtalker,track3,1,crema_1026,FEA,DIS,-1,1,1,1,,data\preprocessed\features\z_at\FAKE_T3_1026_TSI_DIS_XX__AUDIO_1026_TSI_FEA_XX_sadtalker.pt,data\preprocessed\features\z_v\FAKE_T3_1026_TSI_DIS_XX__AUDIO_1026_TSI_FEA_XX_sadtalker.pt
FAKE_T3_1026_TSI_NEU_XX__AUDIO_1026_TSI_SAD_XX_sadtalker,track3,1,crema_1026,SAD,NEU,-1,1,1,1,,data\preprocessed\features\z_at\FAKE_T3_1026_TSI_NEU_XX__AUDIO_1026_TSI_SAD_XX_sadtalker.pt,data\preprocessed\features\z_v\FAKE_T3_1026_TSI_NEU_XX__AUDIO_1026_TSI_SAD_XX_sadtalker.pt
FAKE_T3_1026_WSI_NEU_XX__AUDIO_1026_WSI_SAD_XX_sadtalker,track3,1,crema_1026,SAD,NEU,-1,1,1,1,,data\preprocessed\features\z_at\FAKE_T3_1026_WSI_NEU_XX__AUDIO_1026_WSI_SAD_XX_sadtalker.pt,data\preprocessed\features\z_v\FAKE_T3_1026_WSI_NEU_XX__AUDIO_1026_WSI_SAD_XX_sadtalker.pt
FAKE_T3_1028_DFA_DIS_XX__AUDIO_1028_DFA_FEA_XX_sadtalker,track3,1,crema_1028,FEA,DIS,-1,1,1,1,,data\preprocessed\features\z_at\FAKE_T3_1028_DFA_DIS_XX__AUDIO_1028_DFA_FEA_XX_sadtalker.pt,data\preprocessed\features\z_v\FAKE_T3_1028_DFA_DIS_XX__AUDIO_1028_DFA_FEA_XX_sadtalker.pt
FAKE_T3_1028_DFA_FEA_XX__AUDIO_1028_DFA_HAP_XX_sadtalker,track3,1,crema_1028,HAP,FEA,-1,1,1,1,,data\preprocessed\features\z_at\FAKE_T3_1028_DFA_FEA_XX__AUDIO_1028_DFA_HAP_XX_sadtalker.pt,data\preprocessed\features\z_v\FAKE_T3_1028_DFA_FEA_XX__AUDIO_1028_DFA_HAP_XX_sadtalker.pt
FAKE_T3_1028_DFA_NEU_XX__AUDIO_1028_DFA_SAD_XX_sadtalker,track3,1,crema_1028,SAD,NEU,-1,1,1,1,,data\preprocessed\features\z_at\FAKE_T3_1028_DFA_NEU_XX__AUDIO_1028_DFA_SAD_XX_sadtalker.pt,data\preprocessed\features\z_v\FAKE_T3_1028_DFA_NEU_XX__AUDIO_1028_DFA_SAD_XX_sadtalker.pt
FAKE_T3_1028_DFA_SAD_XX__AUDIO_1028_DFA_ANG_XX_sadtalker,track3,1,crema_1028,ANG,SAD,-1,1,1,1,,data\preprocessed\features\z_at\FAKE_T3_1028_DFA_SAD_XX__AUDIO_1028_DFA_ANG_XX_sadtalker.pt,data\preprocessed\features\z_v\FAKE_T3_1028_DFA_SAD_XX__AUDIO_1028_DFA_ANG_XX_sadtalker.pt
FAKE_T3_1028_IEO_ANG_LO__AUDIO_1028_IEO_DIS_LO_sadtalker,track3,1,crema_1028,DIS,ANG,-1,1,1,1,,data\preprocessed\features\z_at\FAKE_T3_1028_IEO_ANG_LO__AUDIO_1028_IEO_DIS_LO_sadtalker.pt,data\preprocessed\features\z_v\FAKE_T3_1028_IEO_ANG_LO__AUDIO_1028_IEO_DIS_LO_sadtalker.pt
FAKE_T3_1028_IEO_DIS_LO__AUDIO_1028_IEO_FEA_LO_sadtalker,track3,1,crema_1028,FEA,DIS,-1,1,1,1,,data\preprocessed\features\z_at\FAKE_T3_1028_IEO_DIS_LO__AUDIO_1028_IEO_FEA_LO_sadtalker.pt,data\preprocessed\features\z_v\FAKE_T3_1028_IEO_DIS_LO__AUDIO_1028_IEO_FEA_LO_sadtalker.pt
FAKE_T3_1028_IEO_DIS_MD__AUDIO_1028_IEO_FEA_MD_sadtalker,track3,1,crema_1028,FEA,DIS,-1,1,1,1,,data\preprocessed\features\z_at\FAKE_T3_1028_IEO_DIS_MD__AUDIO_1028_IEO_FEA_MD_sadtalker.pt,data\preprocessed\features\z_v\FAKE_T3_1028_IEO_DIS_MD__AUDIO_1028_IEO_FEA_MD_sadtalker.pt
