clip_id,source_pipeline,fake_label,speaker_id,audio_emotion,visual_emotion,sarcasm_label,has_z_at,has_z_v,is_ready_for_training,video_path,z_at_path,z_v_path
FAKE_T3_1028_IEO_FEA_HI__AUDIO_1028_IEO_HAP_HI_sadtalker,track3,1,crema_1028,HAP,FEA,-1,1,1,1,,data\preprocessed\features\z_at\FAKE_T3_1028_IEO_FEA_HI__AUDIO_1028_IEO_HAP_HI_sadtalker.pt,data\preprocessed\features\z_v\FAKE_T3_1028_IEO_FEA_HI__AUDIO_1028_IEO_HAP_HI_sadtalker.pt
FAKE_T3_1028_IEO_FEA_MD__AUDIO_1028_IEO_HAP_MD_sadtalker,track3,1,crema_1028,HAP,FEA,-1,1,1,1,,data\preprocessed\features\z_at\FAKE_T3_1028_IEO_FEA_MD__AUDIO_1028_IEO_HAP_MD_sadtalker.pt,data\preprocessed\features\z_v\FAKE_T3_1028_IEO_FEA_MD__AUDIO_1028_IEO_HAP_MD_sadtalker.pt
FAKE_T3_1028_IEO_HAP_HI__AUDIO_1028_IEO_NEU_XX_sadtalker,track3,1,crema_1028,NEU,HAP,-1,1,1,1,,data\preprocessed\features\z_at\FAKE_T3_1028_IEO_HAP_HI__AUDIO_1028_IEO_NEU_XX_sadtalker.pt,data\preprocessed\features\z_v\FAKE_T3_1028_IEO_HAP_HI__AUDIO_1028_IEO_NEU_XX_sadtalker.pt
FAKE_T3_1028_IEO_HAP_LO__AUDIO_1028_IEO_NEU_XX_sadtalker,track3,1,crema_1028,NEU,HAP,-1,1,1,1,,data\preprocessed\features\z_at\FAKE_T3_1028_IEO_HAP_LO__AUDIO_1028_IEO_NEU_XX_sadtalker.pt,data\preprocessed\features\z_v\FAKE_T3_1028_IEO_HAP_LO__AUDIO_1028_IEO_NEU_XX_sadtalker.pt
FAKE_T3_1028_IEO_HAP_MD__AUDIO_1028_IEO_NEU_XX_sadtalker,track3,1,crema_1028,NEU,HAP,-1,1,1,1,,data\preprocessed\features\z_at\FAKE_T3_1028_IEO_HAP_MD__AUDIO_1028_IEO_NEU_XX_sadtalker.pt,data\preprocessed\features\z_v\FAKE_T3_1028_IEO_HAP_MD__AUDIO_1028_IEO_NEU_XX_sadtalker.pt
FAKE_T3_1028_IEO_SAD_MD__AUDIO_1028_IEO_ANG_MD_sadtalker,track3,1,crema_1028,ANG,SAD,-1,1,1,1,,data\preprocessed\features\z_at\FAKE_T3_1028_IEO_SAD_MD__AUDIO_1028_IEO_ANG_MD_sadtalker.pt,data\preprocessed\features\z_v\FAKE_T3_1028_IEO_SAD_MD__AUDIO_1028_IEO_ANG_MD_sadtalker.pt
FAKE_T3_1028_IOM_ANG_XX__AUDIO_1028_IOM_DIS_XX_sadtalker,track3,1,crema_1028,DIS,ANG,-1,1,1,1,,data\preprocessed\features\z_at\FAKE_T3_1028_IOM_ANG_XX__AUDIO_1028_IOM_DIS_XX_sadtalker.pt,data\preprocessed\features\z_v\FAKE_T3_1028_IOM_ANG_XX__AUDIO_1028_IOM_DIS_XX_sadtalker.pt
FAKE_T3_1028_IOM_DIS_XX__AUDIO_1028_IOM_FEA_XX_sadtalker,track3,1,crema_1028,FEA,DIS,-1,1,1,1,,data\preprocessed\features\z_at\FAKE_T3_1028_IOM_DIS_XX__AUDIO_1028_IOM_FEA_XX_sadtalker.pt,data\preprocessed\features\z_v\FAKE_T3_1028_IOM_DIS_XX__AUDIO_1028_IOM_FEA_XX_sadtalker.pt
FAKE_T3_1028_IOM_FEA_XX__AUDIO_1028_IOM_HAP_XX_sadtalker,track3,1,crema_1028,HAP,FEA,-1,1,1,1,,data\preprocessed\features\z_at\FAKE_T3_1028_IOM_FEA_XX__AUDIO_1028_IOM_HAP_XX_sadtalker.pt,data\preprocessed\features\z_v\FAKE_T3_1028_IOM_FEA_XX__AUDIO_1028_IOM_HAP_XX_sadtalker.pt
FAKE_T3_1028_IOM_HAP_XX__AUDIO_1028_IOM_NEU_XX_sadtalker,track3,1,crema_1028,NEU,HAP,-1,1,1,1,,data\preprocessed\features\z_at\FAKE_T3_1028_IOM_HAP_XX__AUDIO_1028_IOM_NEU_XX_sadtalker.pt,data\preprocessed\features\z_v\FAKE_T3_1028_IOM_HAP_XX__AUDIO_1028_IOM_NEU_XX_sadtalker.pt
FAKE_T3_1028_ITH_ANG_XX__AUDIO_1028_ITH_DIS_XX_sadtalker,track3,1,crema_1028,DIS,ANG,-1,1,1,1,,data\preprocessed\features\z_at\FAKE_T3_1028_ITH_ANG_XX__AUDIO_1028_ITH_DIS_XX_sadtalker.pt,data\preprocessed\features\z_v\FAKE_T3_1028_ITH_ANG_XX__AUDIO_1028_ITH_DIS_XX_sadtalker.pt
FAKE_T3_1028_ITH_DIS_XX__AUDIO_1028_ITH_FEA_XX_sadtalker,track3,1,crema_1028,FEA,DIS,-1,1,1,1,,data\preprocessed\features\z_at\FAKE_T3_1028_ITH_DIS_XX__AUDIO_1028_ITH_FEA_XX_sadtalker.pt,data\preprocessed\features\z_v\FAKE_T3_1028_ITH_DIS_XX__AUDIO_1028_ITH_FEA_XX_sadtalker.pt
FAKE_T3_1028_ITH_NEU_XX__AUDIO_1028_ITH_SAD_XX_sadtalker,track3,1,crema_1028,SAD,NEU,-1,1,1,1,,data\preprocessed\features\z_at\FAKE_T3_1028_ITH_NEU_XX__AUDIO_1028_ITH_SAD_XX_sadtalker.pt,data\preprocessed\features\z_v\FAKE_T3_1028_ITH_NEU_XX__AUDIO_1028_ITH_SAD_XX_sadtalker.pt
FAKE_T3_1028_ITS_NEU_XX__AUDIO_1028_ITS_SAD_XX_sadtalker,track3,1,crema_1028,SAD,NEU,-1,1,1,1,,data\preprocessed\features\z_at\FAKE_T3_1028_ITS_NEU_XX__AUDIO_1028_ITS_SAD_XX_sadtalker.pt,data\preprocessed\features\z_v\FAKE_T3_1028_ITS_NEU_XX__AUDIO_1028_ITS_SAD_XX_sadtalker.pt
FAKE_T3_1028_IWL_HAP_XX__AUDIO_1028_IWL_NEU_XX_sadtalker,track3,1,crema_1028,NEU,HAP,-1,1,1,1,,data\preprocessed\features\z_at\FAKE_T3_1028_IWL_HAP_XX__AUDIO_1028_IWL_NEU_XX_sadtalker.pt,data\preprocessed\features\z_v\FAKE_T3_1028_IWL_HAP_XX__AUDIO_1028_IWL_NEU_XX_sadtalker.pt
FAKE_T3_1028_IWL_NEU_XX__AUDIO_1028_IWL_SAD_XX_sadtalker,track3,1,crema_1028,SAD,NEU,-1,1,1,1,,data\preprocessed\features\z_at\FAKE_T3_1028_IWL_NEU_XX__AUDIO_1028_IWL_SAD_XX_sadtalker.pt,data\preprocessed\features\z_v\FAKE_T3_1028_IWL_NEU_XX__AUDIO_1028_IWL_SAD_XX_sadtalker.pt
FAKE_T3_1028_IWW_FEA_XX__AUDIO_1028_IWW_HAP_XX_sadtalker,track3,1,crema_1028,HAP,FEA,-1,1,1,1,,data\preprocessed\features\z_at\FAKE_T3_1028_IWW_FEA_XX__AUDIO_1028_IWW_HAP_XX_sadtalker.pt,data\preprocessed\features\z_v\FAKE_T3_1028_IWW_FEA_XX__AUDIO_1028_IWW_HAP_XX_sadtalker.pt
FAKE_T3_1028_IWW_HAP_XX__AUDIO_1028_IWW_NEU_XX_sadtalker,track3,1,crema_1028,NEU,HAP,-1,1,1,1,,data\preprocessed\features\z_at\FAKE_T3_1028_IWW_HAP_XX__AUDIO_1028_IWW_NEU_XX_sadtalker.pt,data\preprocessed\features\z_v\FAKE_T3_1028_IWW_HAP_XX__AUDIO_1028_IWW_NEU_XX_sadtalker.pt
FAKE_T3_1028_IWW_NEU_XX__AUDIO_1028_IWW_SAD_XX_sadtalker,track3,1,crema_1028,SAD,NEU,-1,1,1,1,,data\preprocessed\features\z_at\FAKE_T3_1028_IWW_NEU_XX__AUDIO_1028_IWW_SAD_XX_sadtalker.pt,data\preprocessed\features\z_v\FAKE_T3_1028_IWW_NEU_XX__AUDIO_1028_IWW_SAD_XX_sadtalker.pt
FAKE_T3_1028_IWW_SAD_XX__AUDIO_1028_IWW_ANG_XX_sadtalker,track3,1,crema_1028,ANG,SAD,-1,1,1,1,,data\preprocessed\features\z_at\FAKE_T3_1028_IWW_SAD_XX__AUDIO_1028_IWW_ANG_XX_sadtalker.pt,data\preprocessed\features\z_v\FAKE_T3_1028_IWW_SAD_XX__AUDIO_1028_IWW_ANG_XX_sadtalker.pt
FAKE_T3_1028_MTI_DIS_XX__AUDIO_1028_MTI_FEA_XX_sadtalker,track3,1,crema_1028,FEA,DIS,-1,1,1,1,,data\preprocessed\features\z_at\FAKE_T3_1028_MTI_DIS_XX__AUDIO_1028_MTI_FEA_XX_sadtalker.pt,data\preprocessed\features\z_v\FAKE_T3_1028_MTI_DIS_XX__AUDIO_1028_MTI_FEA_XX_sadtalker.pt
FAKE_T3_1028_MTI_FEA_XX__AUDIO_1028_MTI_HAP_XX_sadtalker,track3,1,crema_1028,HAP,FEA,-1,1,1,1,,data\preprocessed\features\z_at\FAKE_T3_1028_MTI_FEA_XX__AUDIO_1028_MTI_HAP_XX_sadtalker.pt,data\preprocessed\features\z_v\FAKE_T3_1028_MTI_FEA_XX__AUDIO_1028_MTI_HAP_XX_sadtalker.pt
FAKE_T3_1028_MTI_HAP_XX__AUDIO_1028_MTI_NEU_XX_sadtalker,track3,1,crema_1028,NEU,HAP,-1,1,1,1,,data\preprocessed\features\z_at\FAKE_T3_1028_MTI_HAP_XX__AUDIO_1028_MTI_NEU_XX_sadtalker.pt,data\preprocessed\features\z_v\FAKE_T3_1028_MTI_HAP_XX__AUDIO_1028_MTI_NEU_XX_sadtalker.pt
FAKE_T3_1028_TAI_ANG_XX__AUDIO_1028_TAI_DIS_XX_sadtalker,track3,1,crema_1028,DIS,ANG,-1,1,1,1,,data\preprocessed\features\z_at\FAKE_T3_1028_TAI_ANG_XX__AUDIO_1028_TAI_DIS_XX_sadtalker.pt,data\preprocessed\features\z_v\FAKE_T3_1028_TAI_ANG_XX__AUDIO_1028_TAI_DIS_XX_sadtalker.pt
FAKE_T3_1028_TAI_SAD_XX__AUDIO_1028_TAI_ANG_XX_sadtalker,track3,1,crema_1028,ANG,SAD,-1,1,1,1,,data\preprocessed\features\z_at\FAKE_T3_1028_TAI_SAD_XX__AUDIO_1028_TAI_ANG_XX_sadtalker.pt,data\preprocessed\features\z_v\FAKE_T3_1028_TAI_SAD_XX__AUDIO_1028_TAI_ANG_XX_sadtalker.pt
FAKE_T3_1028_TIE_ANG_XX__AUDIO_1028_TIE_DIS_XX_sadtalker,track3,1,crema_1028,DIS,ANG,-1,1,1,1,,data\preprocessed\features\z_at\FAKE_T3_1028_TIE_ANG_XX__AUDIO_1028_TIE_DIS_XX_sadtalker.pt,data\preprocessed\features\z_v\FAKE_T3_1028_TIE_ANG_XX__AUDIO_1028_TIE_DIS_XX_sadtalker.pt
FAKE_T3_1028_TIE_DIS_XX__AUDIO_1028_TIE_FEA_XX_sadtalker,track3,1,crema_1028,FEA,DIS,-1,1,1,1,,data\preprocessed\features\z_at\FAKE_T3_1028_TIE_DIS_XX__AUDIO_1028_TIE_FEA_XX_sadtalker.pt,data\preprocessed\features\z_v\FAKE_T3_1028_TIE_DIS_XX__AUDIO_1028_TIE_FEA_XX_sadtalker.pt
FAKE_T3_1028_TIE_HAP_XX__AUDIO_1028_TIE_NEU_XX_sadtalker,track3,1,crema_1028,NEU,HAP,-1,1,1,1,,data\preprocessed\features\z_at\FAKE_T3_1028_TIE_HAP_XX__AUDIO_1028_TIE_NEU_XX_sadtalker.pt,data\preprocessed\features\z_v\FAKE_T3_1028_TIE_HAP_XX__AUDIO_1028_TIE_NEU_XX_sadtalker.pt
FAKE_T3_1028_TIE_NEU_XX__AUDIO_1028_TIE_SAD_XX_sadtalker,track3,1,crema_1028,SAD,NEU,-1,1,1,1,,data\preprocessed\features\z_at\FAKE_T3_1028_TIE_NEU_XX__AUDIO_1028_TIE_SAD_XX_sadtalker.pt,data\preprocessed\features\z_v\FAKE_T3_1028_TIE_NEU_XX__AUDIO_1028_TIE_SAD_XX_sadtalker.pt
FAKE_T3_1028_TIE_SAD_XX__AUDIO_1028_TIE_ANG_XX_sadtalker,track3,1,crema_1028,ANG,SAD,-1,1,1,1,,data\preprocessed\features\z_at\FAKE_T3_1028_TIE_SAD_XX__AUDIO_1028_TIE_ANG_XX_sadtalker.pt,data\preprocessed\features\z_v\FAKE_T3_1028_TIE_SAD_XX__AUDIO_1028_TIE_ANG_XX_sadtalker.pt
FAKE_T3_1028_TSI_ANG_XX__AUDIO_1028_TSI_DIS_XX_sadtalker,track3,1,crema_1028,DIS,ANG,-1,1,1,1,,data\preprocessed\features\z_at\FAKE_T3_1028_TSI_ANG_XX__AUDIO_1028_TSI_DIS_XX_sadtalker.pt,data\preprocessed\features\z_v\FAKE_T3_1028_TSI_ANG_XX__AUDIO_1028_TSI_DIS_XX_sadtalker.pt
FAKE_T3_1028_TSI_FEA_XX__AUDIO_1028_TSI_HAP_XX_sadtalker,track3,1,crema_1028,HAP,FEA,-1,1,1,1,,data\preprocessed\features\z_at\FAKE_T3_1028_TSI_FEA_XX__AUDIO_1028_TSI_HAP_XX_sadtalker.pt,data\preprocessed\features\z_v\FAKE_T3_1028_TSI_FEA_XX__AUDIO_1028_TSI_HAP_XX_sadtalker.pt
FAKE_T3_1028_WSI_HAP_XX__AUDIO_1028_WSI_NEU_XX_sadtalker,track3,1,crema_1028,NEU,HAP,-1,1,1,1,,data\preprocessed\features\z_at\FAKE_T3_1028_WSI_HAP_XX__AUDIO_1028_WSI_NEU_XX_sadtalker.pt,data\preprocessed\features\z_v\FAKE_T3_1028_WSI_HAP_XX__AUDIO_1028_WSI_NEU_XX_sadtalker.pt
FAKE_T3_1028_WSI_SAD_XX__AUDIO_1028_WSI_ANG_XX_sadtalker,track3,1,crema_1028,ANG,SAD,-1,1,1,1,,data\preprocessed\features\z_at\FAKE_T3_1028_WSI_SAD_XX__AUDIO_1028_WSI_ANG_XX_sadtalker.pt,data\preprocessed\features\z_v\FAKE_T3_1028_WSI_SAD_XX__AUDIO_1028_WSI_ANG_XX_sadtalker.pt
FAKE_T3_1029_DFA_ANG_XX__AUDIO_1029_DFA_DIS_XX_sadtalker,track3,1,crema_1029,DIS,ANG,-1,1,1,1,,data\preprocessed\features\z_at\FAKE_T3_1029_DFA_ANG_XX__AUDIO_1029_DFA_DIS_XX_sadtalker.pt,data\preprocessed\features\z_v\FAKE_T3_1029_DFA_ANG_XX__AUDIO_1029_DFA_DIS_XX_sadtalker.pt
FAKE_T3_1029_DFA_SAD_XX__AUDIO_1029_DFA_ANG_XX_sadtalker,track3,1,crema_1029,ANG,SAD,-1,1,1,1,,data\preprocessed\features\z_at\FAKE_T3_1029_DFA_SAD_XX__AUDIO_1029_DFA_ANG_XX_sadtalker.pt,data\preprocessed\features\z_v\FAKE_T3_1029_DFA_SAD_XX__AUDIO_1029_DFA_ANG_XX_sadtalker.pt
FAKE_T3_1029_IEO_ANG_HI__AUDIO_1029_IEO_DIS_HI_sadtalker,track3,1,crema_1029,DIS,ANG,-1,1,1,1,,data\preprocessed\features\z_at\FAKE_T3_1029_IEO_ANG_HI__AUDIO_1029_IEO_DIS_HI_sadtalker.pt,data\preprocessed\features\z_v\FAKE_T3_1029_IEO_ANG_HI__AUDIO_1029_IEO_DIS_HI_sadtalker.pt
FAKE_T3_1029_IEO_ANG_LO__AUDIO_1029_IEO_DIS_LO_sadtalker,track3,1,crema_1029,DIS,ANG,-1,1,1,1,,data\preprocessed\features\z_at\FAKE_T3_1029_IEO_ANG_LO__AUDIO_1029_IEO_DIS_LO_sadtalker.pt,data\preprocessed\features\z_v\FAKE_T3_1029_IEO_ANG_LO__AUDIO_1029_IEO_DIS_LO_sadtalker.pt
FAKE_T3_1029_IEO_DIS_LO__AUDIO_1029_IEO_FEA_LO_sadtalker,track3,1,crema_1029,FEA,DIS,-1,1,1,1,,data\preprocessed\features\z_at\FAKE_T3_1029_IEO_DIS_LO__AUDIO_1029_IEO_FEA_LO_sadtalker.pt,data\preprocessed\features\z_v\FAKE_T3_1029_IEO_DIS_LO__AUDIO_1029_IEO_FEA_LO_sadtalker.pt
FAKE_T3_1029_IEO_FEA_LO__AUDIO_1029_IEO_HAP_LO_sadtalker,track3,1,crema_1029,HAP,FEA,-1,1,1,1,,data\preprocessed\features\z_at\FAKE_T3_1029_IEO_FEA_LO__AUDIO_1029_IEO_HAP_LO_sadtalker.pt,data\preprocessed\features\z_v\FAKE_T3_1029_IEO_FEA_LO__AUDIO_1029_IEO_HAP_LO_sadtalker.pt
FAKE_T3_1029_IEO_FEA_MD__AUDIO_1029_IEO_HAP_MD_sadtalker,track3,1,crema_1029,HAP,FEA,-1,1,1,1,,data\preprocessed\features\z_at\FAKE_T3_1029_IEO_FEA_MD__AUDIO_1029_IEO_HAP_MD_sadtalker.pt,data\preprocessed\features\z_v\FAKE_T3_1029_IEO_FEA_MD__AUDIO_1029_IEO_HAP_MD_sadtalker.pt
FAKE_T3_1029_IEO_HAP_HI__AUDIO_1029_IEO_NEU_XX_sadtalker,track3,1,crema_1029,NEU,HAP,-1,1,1,1,,data\preprocessed\features\z_at\FAKE_T3_1029_IEO_HAP_HI__AUDIO_1029_IEO_NEU_XX_sadtalker.pt,data\preprocessed\features\z_v\FAKE_T3_1029_IEO_HAP_HI__AUDIO_1029_IEO_NEU_XX_sadtalker.pt
FAKE_T3_1029_IEO_HAP_MD__AUDIO_1029_IEO_NEU_XX_sadtalker,track3,1,crema_1029,NEU,HAP,-1,1,1,1,,data\preprocessed\features\z_at\FAKE_T3_1029_IEO_HAP_MD__AUDIO_1029_IEO_NEU_XX_sadtalker.pt,data\preprocessed\features\z_v\FAKE_T3_1029_IEO_HAP_MD__AUDIO_1029_IEO_NEU_XX_sadtalker.pt
FAKE_T3_1029_IEO_NEU_XX__AUDIO_1029_IEO_SAD_HI_sadtalker,track3,1,crema_1029,SAD,NEU,-1,1,1,1,,data\preprocessed\features\z_at\FAKE_T3_1029_IEO_NEU_XX__AUDIO_1029_IEO_SAD_HI_sadtalker.pt,data\preprocessed\features\z_v\FAKE_T3_1029_IEO_NEU_XX__AUDIO_1029_IEO_SAD_HI_sadtalker.pt
FAKE_T3_1029_IEO_SAD_HI__AUDIO_1029_IEO_ANG_HI_sadtalker,track3,1,crema_1029,ANG,SAD,-1,1,1,1,,data\preprocessed\features\z_at\FAKE_T3_1029_IEO_SAD_HI__AUDIO_1029_IEO_ANG_HI_sadtalker.pt,data\preprocessed\features\z_v\FAKE_T3_1029_IEO_SAD_HI__AUDIO_1029_IEO_ANG_HI_sadtalker.pt
FAKE_T3_1029_IEO_SAD_MD__AUDIO_1029_IEO_ANG_MD_sadtalker,track3,1,crema_1029,ANG,SAD,-1,1,1,1,,data\preprocessed\features\z_at\FAKE_T3_1029_IEO_SAD_MD__AUDIO_1029_IEO_ANG_MD_sadtalker.pt,data\preprocessed\features\z_v\FAKE_T3_1029_IEO_SAD_MD__AUDIO_1029_IEO_ANG_MD_sadtalker.pt
FAKE_T3_1029_IOM_DIS_XX__AUDIO_1029_IOM_FEA_XX_sadtalker,track3,1,crema_1029,FEA,DIS,-1,1,1,1,,data\preprocessed\features\z_at\FAKE_T3_1029_IOM_DIS_XX__AUDIO_1029_IOM_FEA_XX_sadtalker.pt,data\preprocessed\features\z_v\FAKE_T3_1029_IOM_DIS_XX__AUDIO_1029_IOM_FEA_XX_sadtalker.pt
FAKE_T3_1029_IOM_FEA_XX__AUDIO_1029_IOM_HAP_XX_sadtalker,track3,1,crema_1029,HAP,FEA,-1,1,1,1,,data\preprocessed\features\z_at\FAKE_T3_1029_IOM_FEA_XX__AUDIO_1029_IOM_HAP_XX_sadtalker.pt,data\preprocessed\features\z_v\FAKE_T3_1029_IOM_FEA_XX__AUDIO_1029_IOM_HAP_XX_sadtalker.pt
FAKE_T3_1029_IOM_HAP_XX__AUDIO_1029_IOM_NEU_XX_sadtalker,track3,1,crema_1029,NEU,HAP,-1,1,1,1,,data\preprocessed\features\z_at\FAKE_T3_1029_IOM_HAP_XX__AUDIO_1029_IOM_NEU_XX_sadtalker.pt,data\preprocessed\features\z_v\FAKE_T3_1029_IOM_HAP_XX__AUDIO_1029_IOM_NEU_XX_sadtalker.pt
FAKE_T3_1029_IOM_NEU_XX__AUDIO_1029_IOM_SAD_XX_sadtalker,track3,1,crema_1029,SAD,NEU,-1,1,1,1,,data\preprocessed\features\z_at\FAKE_T3_1029_IOM_NEU_XX__AUDIO_1029_IOM_SAD_XX_sadtalker.pt,data\preprocessed\features\z_v\FAKE_T3_1029_IOM_NEU_XX__AUDIO_1029_IOM_SAD_XX_sadtalker.pt
FAKE_T3_1029_IOM_SAD_XX__AUDIO_1029_IOM_ANG_XX_sadtalker,track3,1,crema_1029,ANG,SAD,-1,1,1,1,,data\preprocessed\features\z_at\FAKE_T3_1029_IOM_SAD_XX__AUDIO_1029_IOM_ANG_XX_sadtalker.pt,data\preprocessed\features\z_v\FAKE_T3_1029_IOM_SAD_XX__AUDIO_1029_IOM_ANG_XX_sadtalker.pt
FAKE_T3_1029_ITH_ANG_XX__AUDIO_1029_ITH_DIS_XX_sadtalker,track3,1,crema_1029,DIS,ANG,-1,1,1,1,,data\preprocessed\features\z_at\FAKE_T3_1029_ITH_ANG_XX__AUDIO_1029_ITH_DIS_XX_sadtalker.pt,data\preprocessed\features\z_v\FAKE_T3_1029_ITH_ANG_XX__AUDIO_1029_ITH_DIS_XX_sadtalker.pt
FAKE_T3_1029_ITH_DIS_XX__AUDIO_1029_ITH_FEA_XX_sadtalker,track3,1,crema_1029,FEA,DIS,-1,1,1,1,,data\preprocessed\features\z_at\FAKE_T3_1029_ITH_DIS_XX__AUDIO_1029_ITH_FEA_XX_sadtalker.pt,data\preprocessed\features\z_v\FAKE_T3_1029_ITH_DIS_XX__AUDIO_1029_ITH_FEA_XX_sadtalker.pt
FAKE_T3_1029_ITH_FEA_XX__AUDIO_1029_ITH_HAP_XX_sadtalker,track3,1,crema_1029,HAP,FEA,-1,1,1,1,,data\preprocessed\features\z_at\FAKE_T3_1029_ITH_FEA_XX__AUDIO_1029_ITH_HAP_XX_sadtalker.pt,data\preprocessed\features\z_v\FAKE_T3_1029_ITH_FEA_XX__AUDIO_1029_ITH_HAP_XX_sadtalker.pt
FAKE_T3_1029_ITS_DIS_XX__AUDIO_1029_ITS_FEA_XX_sadtalker,track3,1,crema_1029,FEA,DIS,-1,1,1,1,,data\preprocessed\features\z_at\FAKE_T3_1029_ITS_DIS_XX__AUDIO_1029_ITS_FEA_XX_sadtalker.pt,data\preprocessed\features\z_v\FAKE_T3_1029_ITS_DIS_XX__AUDIO_1029_ITS_FEA_XX_sadtalker.pt
FAKE_T3_1029_ITS_SAD_XX__AUDIO_1029_ITS_ANG_XX_sadtalker,track3,1,crema_1029,ANG,SAD,-1,1,1,1,,data\preprocessed\features\z_at\FAKE_T3_1029_ITS_SAD_XX__AUDIO_1029_ITS_ANG_XX_sadtalker.pt,data\preprocessed\features\z_v\FAKE_T3_1029_ITS_SAD_XX__AUDIO_1029_ITS_ANG_XX_sadtalker.pt
FAKE_T3_1029_IWL_ANG_XX__AUDIO_1029_IWL_DIS_XX_sadtalker,track3,1,crema_1029,DIS,ANG,-1,1,1,1,,data\preprocessed\features\z_at\FAKE_T3_1029_IWL_ANG_XX__AUDIO_1029_IWL_DIS_XX_sadtalker.pt,data\preprocessed\features\z_v\FAKE_T3_1029_IWL_ANG_XX__AUDIO_1029_IWL_DIS_XX_sadtalker.pt
FAKE_T3_1029_IWL_DIS_XX__AUDIO_1029_IWL_FEA_XX_sadtalker,track3,1,crema_1029,FEA,DIS,-1,1,1,1,,data\preprocessed\features\z_at\FAKE_T3_1029_IWL_DIS_XX__AUDIO_1029_IWL_FEA_XX_sadtalker.pt,data\preprocessed\features\z_v\FAKE_T3_1029_IWL_DIS_XX__AUDIO_1029_IWL_FEA_XX_sadtalker.pt
FAKE_T3_1029_IWL_HAP_XX__AUDIO_1029_IWL_NEU_XX_sadtalker,track3,1,crema_1029,NEU,HAP,-1,1,1,1,,data\preprocessed\features\z_at\FAKE_T3_1029_IWL_HAP_XX__AUDIO_1029_IWL_NEU_XX_sadtalker.pt,data\preprocessed\features\z_v\FAKE_T3_1029_IWL_HAP_XX__AUDIO_1029_IWL_NEU_XX_sadtalker.pt
FAKE_T3_1029_IWW_ANG_XX__AUDIO_1029_IWW_DIS_XX_sadtalker,track3,1,crema_1029,DIS,ANG,-1,1,1,1,,data\preprocessed\features\z_at\FAKE_T3_1029_IWW_ANG_XX__AUDIO_1029_IWW_DIS_XX_sadtalker.pt,data\preprocessed\features\z_v\FAKE_T3_1029_IWW_ANG_XX__AUDIO_1029_IWW_DIS_XX_sadtalker.pt
FAKE_T3_1029_IWW_NEU_XX__AUDIO_1029_IWW_SAD_XX_sadtalker,track3,1,crema_1029,SAD,NEU,-1,1,1,1,,data\preprocessed\features\z_at\FAKE_T3_1029_IWW_NEU_XX__AUDIO_1029_IWW_SAD_XX_sadtalker.pt,data\preprocessed\features\z_v\FAKE_T3_1029_IWW_NEU_XX__AUDIO_1029_IWW_SAD_XX_sadtalker.pt
FAKE_T3_1029_MTI_DIS_XX__AUDIO_1029_MTI_FEA_XX_sadtalker,track3,1,crema_1029,FEA,DIS,-1,1,1,1,,data\preprocessed\features\z_at\FAKE_T3_1029_MTI_DIS_XX__AUDIO_1029_MTI_FEA_XX_sadtalker.pt,data\preprocessed\features\z_v\FAKE_T3_1029_MTI_DIS_XX__AUDIO_1029_MTI_FEA_XX_sadtalker.pt
FAKE_T3_1029_MTI_HAP_XX__AUDIO_1029_MTI_NEU_XX_sadtalker,track3,1,crema_1029,NEU,HAP,-1,1,1,1,,data\preprocessed\features\z_at\FAKE_T3_1029_MTI_HAP_XX__AUDIO_1029_MTI_NEU_XX_sadtalker.pt,data\preprocessed\features\z_v\FAKE_T3_1029_MTI_HAP_XX__AUDIO_1029_MTI_NEU_XX_sadtalker.pt
FAKE_T3_1029_MTI_SAD_XX__AUDIO_1029_MTI_ANG_XX_sadtalker,track3,1,crema_1029,ANG,SAD,-1,1,1,1,,data\preprocessed\features\z_at\FAKE_T3_1029_MTI_SAD_XX__AUDIO_1029_MTI_ANG_XX_sadtalker.pt,data\preprocessed\features\z_v\FAKE_T3_1029_MTI_SAD_XX__AUDIO_1029_MTI_ANG_XX_sadtalker.pt
FAKE_T3_1029_TAI_ANG_XX__AUDIO_1029_TAI_DIS_XX_sadtalker,track3,1,crema_1029,DIS,ANG,-1,1,1,1,,data\preprocessed\features\z_at\FAKE_T3_1029_TAI_ANG_XX__AUDIO_1029_TAI_DIS_XX_sadtalker.pt,data\preprocessed\features\z_v\FAKE_T3_1029_TAI_ANG_XX__AUDIO_1029_TAI_DIS_XX_sadtalker.pt
FAKE_T3_1029_TAI_NEU_XX__AUDIO_1029_TAI_SAD_XX_sadtalker,track3,1,crema_1029,SAD,NEU,-1,1,1,1,,data\preprocessed\features\z_at\FAKE_T3_1029_TAI_NEU_XX__AUDIO_1029_TAI_SAD_XX_sadtalker.pt,data\preprocessed\features\z_v\FAKE_T3_1029_TAI_NEU_XX__AUDIO_1029_TAI_SAD_XX_sadtalker.pt
FAKE_T3_1029_TIE_ANG_XX__AUDIO_1029_TIE_DIS_XX_sadtalker,track3,1,crema_1029,DIS,ANG,-1,1,1,1,,data\preprocessed\features\z_at\FAKE_T3_1029_TIE_ANG_XX__AUDIO_1029_TIE_DIS_XX_sadtalker.pt,data\preprocessed\features\z_v\FAKE_T3_1029_TIE_ANG_XX__AUDIO_1029_TIE_DIS_XX_sadtalker.pt
FAKE_T3_1029_TIE_FEA_XX__AUDIO_1029_TIE_HAP_XX_sadtalker,track3,1,crema_1029,HAP,FEA,-1,1,1,1,,data\preprocessed\features\z_at\FAKE_T3_1029_TIE_FEA_XX__AUDIO_1029_TIE_HAP_XX_sadtalker.pt,data\preprocessed\features\z_v\FAKE_T3_1029_TIE_FEA_XX__AUDIO_1029_TIE_HAP_XX_sadtalker.pt
FAKE_T3_1029_TIE_HAP_XX__AUDIO_1029_TIE_NEU_XX_sadtalker,track3,1,crema_1029,NEU,HAP,-1,1,1,1,,data\preprocessed\features\z_at\FAKE_T3_1029_TIE_HAP_XX__AUDIO_1029_TIE_NEU_XX_sadtalker.pt,data\preprocessed\features\z_v\FAKE_T3_1029_TIE_HAP_XX__AUDIO_1029_TIE_NEU_XX_sadtalker.pt
FAKE_T3_1029_TIE_NEU_XX__AUDIO_1029_TIE_SAD_XX_sadtalker,track3,1,crema_1029,SAD,NEU,-1,1,1,1,,data\preprocessed\features\z_at\FAKE_T3_1029_TIE_NEU_XX__AUDIO_1029_TIE_SAD_XX_sadtalker.pt,data\preprocessed\features\z_v\FAKE_T3_1029_TIE_NEU_XX__AUDIO_1029_TIE_SAD_XX_sadtalker.pt
FAKE_T3_1029_TSI_ANG_XX__AUDIO_1029_TSI_DIS_XX_sadtalker,track3,1,crema_1029,DIS,ANG,-1,1,1,1,,data\preprocessed\features\z_at\FAKE_T3_1029_TSI_ANG_XX__AUDIO_1029_TSI_DIS_XX_sadtalker.pt,data\preprocessed\features\z_v\FAKE_T3_1029_TSI_ANG_XX__AUDIO_1029_TSI_DIS_XX_sadtalker.pt
FAKE_T3_1029_TSI_DIS_XX__AUDIO_1029_TSI_FEA_XX_sadtalker,track3,1,crema_1029,FEA,DIS,-1,1,1,1,,data\preprocessed\features\z_at\FAKE_T3_1029_TSI_DIS_XX__AUDIO_1029_TSI_FEA_XX_sadtalker.pt,data\preprocessed\features\z_v\FAKE_T3_1029_TSI_DIS_XX__AUDIO_1029_TSI_FEA_XX_sadtalker.pt
FAKE_T3_1029_TSI_HAP_XX__AUDIO_1029_TSI_NEU_XX_sadtalker,track3,1,crema_1029,NEU,HAP,-1,1,1,1,,data\preprocessed\features\z_at\FAKE_T3_1029_TSI_HAP_XX__AUDIO_1029_TSI_NEU_XX_sadtalker.pt,data\preprocessed\features\z_v\FAKE_T3_1029_TSI_HAP_XX__AUDIO_1029_TSI_NEU_XX_sadtalker.pt
FAKE_T3_1029_WSI_ANG_XX__AUDIO_1029_WSI_DIS_XX_sadtalker,track3,1,crema_1029,DIS,ANG,-1,1,1,1,,data\preprocessed\features\z_at\FAKE_T3_1029_WSI_ANG_XX__AUDIO_1029_WSI_DIS_XX_sadtalker.pt,data\preprocessed\features\z_v\FAKE_T3_1029_WSI_ANG_XX__AUDIO_1029_WSI_DIS_XX_sadtalker.pt
FAKE_T3_1029_WSI_DIS_XX__AUDIO_1029_WSI_FEA_XX_sadtalker,track3,1,crema_1029,FEA,DIS,-1,1,1,1,,data\preprocessed\features\z_at\FAKE_T3_1029_WSI_DIS_XX__AUDIO_1029_WSI_FEA_XX_sadtalker.pt,data\preprocessed\features\z_v\FAKE_T3_1029_WSI_DIS_XX__AUDIO_1029_WSI_FEA_XX_sadtalker.pt
FAKE_T3_1030_DFA_ANG_XX__AUDIO_1030_DFA_DIS_XX_sadtalker,track3,1,crema_1030,DIS,ANG,-1,1,1,1,,data\preprocessed\features\z_at\FAKE_T3_1030_DFA_ANG_XX__AUDIO_1030_DFA_DIS_XX_sadtalker.pt,data\preprocessed\features\z_v\FAKE_T3_1030_DFA_ANG_XX__AUDIO_1030_DFA_DIS_XX_sadtalker.pt
FAKE_T3_1030_DFA_FEA_XX__AUDIO_1030_DFA_HAP_XX_sadtalker,track3,1,crema_1030,HAP,FEA,-1,1,1,1,,data\preprocessed\features\z_at\FAKE_T3_1030_DFA_FEA_XX__AUDIO_1030_DFA_HAP_XX_sadtalker.pt,data\preprocessed\features\z_v\FAKE_T3_1030_DFA_FEA_XX__AUDIO_1030_DFA_HAP_XX_sadtalker.pt
FAKE_T3_1030_DFA_HAP_XX__AUDIO_1030_DFA_NEU_XX_sadtalker,track3,1,crema_1030,NEU,HAP,-1,1,1,1,,data\preprocessed\features\z_at\FAKE_T3_1030_DFA_HAP_XX__AUDIO_1030_DFA_NEU_XX_sadtalker.pt,data\preprocessed\features\z_v\FAKE_T3_1030_DFA_HAP_XX__AUDIO_1030_DFA_NEU_XX_sadtalker.pt
FAKE_T3_1030_DFA_NEU_XX__AUDIO_1030_DFA_SAD_XX_sadtalker,track3,1,crema_1030,SAD,NEU,-1,1,1,1,,data\preprocessed\features\z_at\FAKE_T3_1030_DFA_NEU_XX__AUDIO_1030_DFA_SAD_XX_sadtalker.pt,data\preprocessed\features\z_v\FAKE_T3_1030_DFA_NEU_XX__AUDIO_1030_DFA_SAD_XX_sadtalker.pt
FAKE_T3_1030_IEO_ANG_HI__AUDIO_1030_IEO_DIS_HI_sadtalker,track3,1,crema_1030,DIS,ANG,-1,1,1,1,,data\preprocessed\features\z_at\FAKE_T3_1030_IEO_ANG_HI__AUDIO_1030_IEO_DIS_HI_sadtalker.pt,data\preprocessed\features\z_v\FAKE_T3_1030_IEO_ANG_HI__AUDIO_1030_IEO_DIS_HI_sadtalker.pt
FAKE_T3_1030_IEO_DIS_MD__AUDIO_1030_IEO_FEA_MD_sadtalker,track3,1,crema_1030,FEA,DIS,-1,1,1,1,,data\preprocessed\features\z_at\FAKE_T3_1030_IEO_DIS_MD__AUDIO_1030_IEO_FEA_MD_sadtalker.pt,data\preprocessed\features\z_v\FAKE_T3_1030_IEO_DIS_MD__AUDIO_1030_IEO_FEA_MD_sadtalker.pt
FAKE_T3_1030_IEO_FEA_MD__AUDIO_1030_IEO_HAP_MD_sadtalker,track3,1,crema_1030,HAP,FEA,-1,1,1,1,,data\preprocessed\features\z_at\FAKE_T3_1030_IEO_FEA_MD__AUDIO_1030_IEO_HAP_MD_sadtalker.pt,data\preprocessed\features\z_v\FAKE_T3_1030_IEO_FEA_MD__AUDIO_1030_IEO_HAP_MD_sadtalker.pt
FAKE_T3_1030_IEO_HAP_HI__AUDIO_1030_IEO_NEU_XX_sadtalker,track3,1,crema_1030,NEU,HAP,-1,1,1,1,,data\preprocessed\features\z_at\FAKE_T3_1030_IEO_HAP_HI__AUDIO_1030_IEO_NEU_XX_sadtalker.pt,data\preprocessed\features\z_v\FAKE_T3_1030_IEO_HAP_HI__AUDIO_1030_IEO_NEU_XX_sadtalker.pt
FAKE_T3_1030_IEO_HAP_LO__AUDIO_1030_IEO_NEU_XX_sadtalker,track3,1,crema_1030,NEU,HAP,-1,1,1,1,,data\preprocessed\features\z_at\FAKE_T3_1030_IEO_HAP_LO__AUDIO_1030_IEO_NEU_XX_sadtalker.pt,data\preprocessed\features\z_v\FAKE_T3_1030_IEO_HAP_LO__AUDIO_1030_IEO_NEU_XX_sadtalker.pt
FAKE_T3_1030_IEO_NEU_XX__AUDIO_1030_IEO_SAD_HI_sadtalker,track3,1,crema_1030,SAD,NEU,-1,1,1,1,,data\preprocessed\features\z_at\FAKE_T3_1030_IEO_NEU_XX__AUDIO_1030_IEO_SAD_HI_sadtalker.pt,data\preprocessed\features\z_v\FAKE_T3_1030_IEO_NEU_XX__AUDIO_1030_IEO_SAD_HI_sadtalker.pt
FAKE_T3_1030_IEO_SAD_LO__AUDIO_1030_IEO_ANG_LO_sadtalker,track3,1,crema_1030,ANG,SAD,-1,1,1,1,,data\preprocessed\features\z_at\FAKE_T3_1030_IEO_SAD_LO__AUDIO_1030_IEO_ANG_LO_sadtalker.pt,data\preprocessed\features\z_v\FAKE_T3_1030_IEO_SAD_LO__AUDIO_1030_IEO_ANG_LO_sadtalker.pt
FAKE_T3_1030_IOM_DIS_XX__AUDIO_1030_IOM_FEA_XX_sadtalker,track3,1,crema_1030,FEA,DIS,-1,1,1,1,,data\preprocessed\features\z_at\FAKE_T3_1030_IOM_DIS_XX__AUDIO_1030_IOM_FEA_XX_sadtalker.pt,data\preprocessed\features\z_v\FAKE_T3_1030_IOM_DIS_XX__AUDIO_1030_IOM_FEA_XX_sadtalker.pt
FAKE_T3_1030_IOM_HAP_XX__AUDIO_1030_IOM_NEU_XX_sadtalker,track3,1,crema_1030,NEU,HAP,-1,1,1,1,,data\preprocessed\features\z_at\FAKE_T3_1030_IOM_HAP_XX__AUDIO_1030_IOM_NEU_XX_sadtalker.pt,data\preprocessed\features\z_v\FAKE_T3_1030_IOM_HAP_XX__AUDIO_1030_IOM_NEU_XX_sadtalker.pt
FAKE_T3_1030_IOM_NEU_XX__AUDIO_1030_IOM_SAD_XX_sadtalker,track3,1,crema_1030,SAD,NEU,-1,1,1,1,,data\preprocessed\features\z_at\FAKE_T3_1030_IOM_NEU_XX__AUDIO_1030_IOM_SAD_XX_sadtalker.pt,data\preprocessed\features\z_v\FAKE_T3_1030_IOM_NEU_XX__AUDIO_1030_IOM_SAD_XX_sadtalker.pt
FAKE_T3_1030_ITH_ANG_XX__AUDIO_1030_ITH_DIS_XX_sadtalker,track3,1,crema_1030,DIS,ANG,-1,1,1,1,,data\preprocessed\features\z_at\FAKE_T3_1030_ITH_ANG_XX__AUDIO_1030_ITH_DIS_XX_sadtalker.pt,data\preprocessed\features\z_v\FAKE_T3_1030_ITH_ANG_XX__AUDIO_1030_ITH_DIS_XX_sadtalker.pt
FAKE_T3_1030_ITH_DIS_XX__AUDIO_1030_ITH_FEA_XX_sadtalker,track3,1,crema_1030,FEA,DIS,-1,1,1,1,,data\preprocessed\features\z_at\FAKE_T3_1030_ITH_DIS_XX__AUDIO_1030_ITH_FEA_XX_sadtalker.pt,data\preprocessed\features\z_v\FAKE_T3_1030_ITH_DIS_XX__AUDIO_1030_ITH_FEA_XX_sadtalker.pt
FAKE_T3_1030_ITH_FEA_XX__AUDIO_1030_ITH_HAP_XX_sadtalker,track3,1,crema_1030,HAP,FEA,-1,1,1,1,,data\preprocessed\features\z_at\FAKE_T3_1030_ITH_FEA_XX__AUDIO_1030_ITH_HAP_XX_sadtalker.pt,data\preprocessed\features\z_v\FAKE_T3_1030_ITH_FEA_XX__AUDIO_1030_ITH_HAP_XX_sadtalker.pt
FAKE_T3_1030_ITH_HAP_XX__AUDIO_1030_ITH_NEU_XX_sadtalker,track3,1,crema_1030,NEU,HAP,-1,1,1,1,,data\preprocessed\features\z_at\FAKE_T3_1030_ITH_HAP_XX__AUDIO_1030_ITH_NEU_XX_sadtalker.pt,data\preprocessed\features\z_v\FAKE_T3_1030_ITH_HAP_XX__AUDIO_1030_ITH_NEU_XX_sadtalker.pt
FAKE_T3_1030_ITH_SAD_XX__AUDIO_1030_ITH_ANG_XX_sadtalker,track3,1,crema_1030,ANG,SAD,-1,1,1,1,,data\preprocessed\features\z_at\FAKE_T3_1030_ITH_SAD_XX__AUDIO_1030_ITH_ANG_XX_sadtalker.pt,data\preprocessed\features\z_v\FAKE_T3_1030_ITH_SAD_XX__AUDIO_1030_ITH_ANG_XX_sadtalker.pt
FAKE_T3_1030_ITS_FEA_XX__AUDIO_1030_ITS_HAP_XX_sadtalker,track3,1,crema_1030,HAP,FEA,-1,1,1,1,,data\preprocessed\features\z_at\FAKE_T3_1030_ITS_FEA_XX__AUDIO_1030_ITS_HAP_XX_sadtalker.pt,data\preprocessed\features\z_v\FAKE_T3_1030_ITS_FEA_XX__AUDIO_1030_ITS_HAP_XX_sadtalker.pt
FAKE_T3_1030_ITS_SAD_XX__AUDIO_1030_ITS_ANG_XX_sadtalker,track3,1,crema_1030,ANG,SAD,-1,1,1,1,,data\preprocessed\features\z_at\FAKE_T3_1030_ITS_SAD_XX__AUDIO_1030_ITS_ANG_XX_sadtalker.pt,data\preprocessed\features\z_v\FAKE_T3_1030_ITS_SAD_XX__AUDIO_1030_ITS_ANG_XX_sadtalker.pt
FAKE_T3_1030_IWL_DIS_XX__AUDIO_1030_IWL_FEA_XX_sadtalker,track3,1,crema_1030,FEA,DIS,-1,1,1,1,,data\preprocessed\features\z_at\FAKE_T3_1030_IWL_DIS_XX__AUDIO_1030_IWL_FEA_XX_sadtalker.pt,data\preprocessed\features\z_v\FAKE_T3_1030_IWL_DIS_XX__AUDIO_1030_IWL_FEA_XX_sadtalker.pt
FAKE_T3_1030_IWL_FEA_XX__AUDIO_1030_IWL_HAP_XX_sadtalker,track3,1,crema_1030,HAP,FEA,-1,1,1,1,,data\preprocessed\features\z_at\FAKE_T3_1030_IWL_FEA_XX__AUDIO_1030_IWL_HAP_XX_sadtalker.pt,data\preprocessed\features\z_v\FAKE_T3_1030_IWL_FEA_XX__AUDIO_1030_IWL_HAP_XX_sadtalker.pt
FAKE_T3_1030_IWL_HAP_XX__AUDIO_1030_IWL_NEU_XX_sadtalker,track3,1,crema_1030,NEU,HAP,-1,1,1,1,,data\preprocessed\features\z_at\FAKE_T3_1030_IWL_HAP_XX__AUDIO_1030_IWL_NEU_XX_sadtalker.pt,data\preprocessed\features\z_v\FAKE_T3_1030_IWL_HAP_XX__AUDIO_1030_IWL_NEU_XX_sadtalker.pt
FAKE_T3_1030_IWL_NEU_XX__AUDIO_1030_IWL_SAD_XX_sadtalker,track3,1,crema_1030,SAD,NEU,-1,1,1,1,,data\preprocessed\features\z_at\FAKE_T3_1030_IWL_NEU_XX__AUDIO_1030_IWL_SAD_XX_sadtalker.pt,data\preprocessed\features\z_v\FAKE_T3_1030_IWL_NEU_XX__AUDIO_1030_IWL_SAD_XX_sadtalker.pt
FAKE_T3_1030_IWW_FEA_XX__AUDIO_1030_IWW_HAP_XX_sadtalker,track3,1,crema_1030,HAP,FEA,-1,1,1,1,,data\preprocessed\features\z_at\FAKE_T3_1030_IWW_FEA_XX__AUDIO_1030_IWW_HAP_XX_sadtalker.pt,data\preprocessed\features\z_v\FAKE_T3_1030_IWW_FEA_XX__AUDIO_1030_IWW_HAP_XX_sadtalker.pt
FAKE_T3_1030_MTI_DIS_XX__AUDIO_1030_MTI_FEA_XX_sadtalker,track3,1,crema_1030,FEA,DIS,-1,1,1,1,,data\preprocessed\features\z_at\FAKE_T3_1030_MTI_DIS_XX__AUDIO_1030_MTI_FEA_XX_sadtalker.pt,data\preprocessed\features\z_v\FAKE_T3_1030_MTI_DIS_XX__AUDIO_1030_MTI_FEA_XX_sadtalker.pt
FAKE_T3_1030_MTI_SAD_XX__AUDIO_1030_MTI_ANG_XX_sadtalker,track3,1,crema_1030,ANG,SAD,-1,1,1,1,,data\preprocessed\features\z_at\FAKE_T3_1030_MTI_SAD_XX__AUDIO_1030_MTI_ANG_XX_sadtalker.pt,data\preprocessed\features\z_v\FAKE_T3_1030_MTI_SAD_XX__AUDIO_1030_MTI_ANG_XX_sadtalker.pt
FAKE_T3_1030_TAI_FEA_XX__AUDIO_1030_TAI_HAP_XX_sadtalker,track3,1,crema_1030,HAP,FEA,-1,1,1,1,,data\preprocessed\features\z_at\FAKE_T3_1030_TAI_FEA_XX__AUDIO_1030_TAI_HAP_XX_sadtalker.pt,data\preprocessed\features\z_v\FAKE_T3_1030_TAI_FEA_XX__AUDIO_1030_TAI_HAP_XX_sadtalker.pt
FAKE_T3_1030_TAI_NEU_XX__AUDIO_1030_TAI_SAD_XX_sadtalker,track3,1,crema_1030,SAD,NEU,-1,1,1,1,,data\preprocessed\features\z_at\FAKE_T3_1030_TAI_NEU_XX__AUDIO_1030_TAI_SAD_XX_sadtalker.pt,data\preprocessed\features\z_v\FAKE_T3_1030_TAI_NEU_XX__AUDIO_1030_TAI_SAD_XX_sadtalker.pt
FAKE_T3_1030_TIE_FEA_XX__AUDIO_1030_TIE_HAP_XX_sadtalker,track3,1,crema_1030,HAP,FEA,-1,1,1,1,,data\preprocessed\features\z_at\FAKE_T3_1030_TIE_FEA_XX__AUDIO_1030_TIE_HAP_XX_sadtalker.pt,data\preprocessed\features\z_v\FAKE_T3_1030_TIE_FEA_XX__AUDIO_1030_TIE_HAP_XX_sadtalker.pt
FAKE_T3_1030_TIE_HAP_XX__AUDIO_1030_TIE_NEU_XX_sadtalker,track3,1,crema_1030,NEU,HAP,-1,1,1,1,,data\preprocessed\features\z_at\FAKE_T3_1030_TIE_HAP_XX__AUDIO_1030_TIE_NEU_XX_sadtalker.pt,data\preprocessed\features\z_v\FAKE_T3_1030_TIE_HAP_XX__AUDIO_1030_TIE_NEU_XX_sadtalker.pt
FAKE_T3_1030_TIE_SAD_XX__AUDIO_1030_TIE_ANG_XX_sadtalker,track3,1,crema_1030,ANG,SAD,-1,1,1,1,,data\preprocessed\features\z_at\FAKE_T3_1030_TIE_SAD_XX__AUDIO_1030_TIE_ANG_XX_sadtalker.pt,data\preprocessed\features\z_v\FAKE_T3_1030_TIE_SAD_XX__AUDIO_1030_TIE_ANG_XX_sadtalker.pt
FAKE_T3_1030_TSI_ANG_XX__AUDIO_1030_TSI_DIS_XX_sadtalker,track3,1,crema_1030,DIS,ANG,-1,1,1,1,,data\preprocessed\features\z_at\FAKE_T3_1030_TSI_ANG_XX__AUDIO_1030_TSI_DIS_XX_sadtalker.pt,data\preprocessed\features\z_v\FAKE_T3_1030_TSI_ANG_XX__AUDIO_1030_TSI_DIS_XX_sadtalker.pt
FAKE_T3_1030_TSI_DIS_XX__AUDIO_1030_TSI_FEA_XX_sadtalker,track3,1,crema_1030,FEA,DIS,-1,1,1,1,,data\preprocessed\features\z_at\FAKE_T3_1030_TSI_DIS_XX__AUDIO_1030_TSI_FEA_XX_sadtalker.pt,data\preprocessed\features\z_v\FAKE_T3_1030_TSI_DIS_XX__AUDIO_1030_TSI_FEA_XX_sadtalker.pt
FAKE_T3_1030_TSI_HAP_XX__AUDIO_1030_TSI_NEU_XX_sadtalker,track3,1,crema_1030,NEU,HAP,-1,1,1,1,,data\preprocessed\features\z_at\FAKE_T3_1030_TSI_HAP_XX__AUDIO_1030_TSI_NEU_XX_sadtalker.pt,data\preprocessed\features\z_v\FAKE_T3_1030_TSI_HAP_XX__AUDIO_1030_TSI_NEU_XX_sadtalker.pt
FAKE_T3_1030_TSI_NEU_XX__AUDIO_1030_TSI_SAD_XX_sadtalker,track3,1,crema_1030,SAD,NEU,-1,1,1,1,,data\preprocessed\features\z_at\FAKE_T3_1030_TSI_NEU_XX__AUDIO_1030_TSI_SAD_XX_sadtalker.pt,data\preprocessed\features\z_v\FAKE_T3_1030_TSI_NEU_XX__AUDIO_1030_TSI_SAD_XX_sadtalker.pt
FAKE_T3_1030_TSI_SAD_XX__AUDIO_1030_TSI_ANG_XX_sadtalker,track3,1,crema_1030,ANG,SAD,-1,1,1,1,,data\preprocessed\features\z_at\FAKE_T3_1030_TSI_SAD_XX__AUDIO_1030_TSI_ANG_XX_sadtalker.pt,data\preprocessed\features\z_v\FAKE_T3_1030_TSI_SAD_XX__AUDIO_1030_TSI_ANG_XX_sadtalker.pt
FAKE_T3_1030_WSI_ANG_XX__AUDIO_1030_WSI_DIS_XX_sadtalker,track3,1,crema_1030,DIS,ANG,-1,1,1,1,,data\preprocessed\features\z_at\FAKE_T3_1030_WSI_ANG_XX__AUDIO_1030_WSI_DIS_XX_sadtalker.pt,data\preprocessed\features\z_v\FAKE_T3_1030_WSI_ANG_XX__AUDIO_1030_WSI_DIS_XX_sadtalker.pt
FAKE_T3_1030_WSI_DIS_XX__AUDIO_1030_WSI_FEA_XX_sadtalker,track3,1,crema_1030,FEA,DIS,-1,1,1,1,,data\preprocessed\features\z_at\FAKE_T3_1030_WSI_DIS_XX__AUDIO_1030_WSI_FEA_XX_sadtalker.pt,data\preprocessed\features\z_v\FAKE_T3_1030_WSI_DIS_XX__AUDIO_1030_WSI_FEA_XX_sadtalker.pt
FAKE_T3_1030_WSI_HAP_XX__AUDIO_1030_WSI_NEU_XX_sadtalker,track3,1,crema_1030,NEU,HAP,-1,1,1,1,,data\preprocessed\features\z_at\FAKE_T3_1030_WSI_HAP_XX__AUDIO_1030_WSI_NEU_XX_sadtalker.pt,data\preprocessed\features\z_v\FAKE_T3_1030_WSI_HAP_XX__AUDIO_1030_WSI_NEU_XX_sadtalker.pt
FAKE_T3_1031_DFA_FEA_XX__AUDIO_1031_DFA_HAP_XX_sadtalker,track3,1,crema_1031,HAP,FEA,-1,1,1,1,,data\preprocessed\features\z_at\FAKE_T3_1031_DFA_FEA_XX__AUDIO_1031_DFA_HAP_XX_sadtalker.pt,data\preprocessed\features\z_v\FAKE_T3_1031_DFA_FEA_XX__AUDIO_1031_DFA_HAP_XX_sadtalker.pt
FAKE_T3_1031_DFA_HAP_XX__AUDIO_1031_DFA_NEU_XX_sadtalker,track3,1,crema_1031,NEU,HAP,-1,1,1,1,,data\preprocessed\features\z_at\FAKE_T3_1031_DFA_HAP_XX__AUDIO_1031_DFA_NEU_XX_sadtalker.pt,data\preprocessed\features\z_v\FAKE_T3_1031_DFA_HAP_XX__AUDIO_1031_DFA_NEU_XX_sadtalker.pt
FAKE_T3_1031_DFA_NEU_XX__AUDIO_1031_DFA_SAD_XX_sadtalker,track3,1,crema_1031,SAD,NEU,-1,1,1,1,,data\preprocessed\features\z_at\FAKE_T3_1031_DFA_NEU_XX__AUDIO_1031_DFA_SAD_XX_sadtalker.pt,data\preprocessed\features\z_v\FAKE_T3_1031_DFA_NEU_XX__AUDIO_1031_DFA_SAD_XX_sadtalker.pt
FAKE_T3_1031_DFA_SAD_XX__AUDIO_1031_DFA_ANG_XX_sadtalker,track3,1,crema_1031,ANG,SAD,-1,1,1,1,,data\preprocessed\features\z_at\FAKE_T3_1031_DFA_SAD_XX__AUDIO_1031_DFA_ANG_XX_sadtalker.pt,data\preprocessed\features\z_v\FAKE_T3_1031_DFA_SAD_XX__AUDIO_1031_DFA_ANG_XX_sadtalker.pt
FAKE_T3_1031_IEO_ANG_HI__AUDIO_1031_IEO_DIS_HI_sadtalker,track3,1,crema_1031,DIS,ANG,-1,1,1,1,,data\preprocessed\features\z_at\FAKE_T3_1031_IEO_ANG_HI__AUDIO_1031_IEO_DIS_HI_sadtalker.pt,data\preprocessed\features\z_v\FAKE_T3_1031_IEO_ANG_HI__AUDIO_1031_IEO_DIS_HI_sadtalker.pt
FAKE_T3_1031_IEO_ANG_LO__AUDIO_1031_IEO_DIS_LO_sadtalker,track3,1,crema_1031,DIS,ANG,-1,1,1,1,,data\preprocessed\features\z_at\FAKE_T3_1031_IEO_ANG_LO__AUDIO_1031_IEO_DIS_LO_sadtalker.pt,data\preprocessed\features\z_v\FAKE_T3_1031_IEO_ANG_LO__AUDIO_1031_IEO_DIS_LO_sadtalker.pt
FAKE_T3_1031_IEO_ANG_MD__AUDIO_1031_IEO_DIS_MD_sadtalker,track3,1,crema_1031,DIS,ANG,-1,1,1,1,,data\preprocessed\features\z_at\FAKE_T3_1031_IEO_ANG_MD__AUDIO_1031_IEO_DIS_MD_sadtalker.pt,data\preprocessed\features\z_v\FAKE_T3_1031_IEO_ANG_MD__AUDIO_1031_IEO_DIS_MD_sadtalker.pt
FAKE_T3_1031_IEO_DIS_MD__AUDIO_1031_IEO_FEA_MD_sadtalker,track3,1,crema_1031,FEA,DIS,-1,1,1,1,,data\preprocessed\features\z_at\FAKE_T3_1031_IEO_DIS_MD__AUDIO_1031_IEO_FEA_MD_sadtalker.pt,data\preprocessed\features\z_v\FAKE_T3_1031_IEO_DIS_MD__AUDIO_1031_IEO_FEA_MD_sadtalker.pt
FAKE_T3_1031_IEO_FEA_HI__AUDIO_1031_IEO_HAP_HI_sadtalker,track3,1,crema_1031,HAP,FEA,-1,1,1,1,,data\preprocessed\features\z_at\FAKE_T3_1031_IEO_FEA_HI__AUDIO_1031_IEO_HAP_HI_sadtalker.pt,data\preprocessed\features\z_v\FAKE_T3_1031_IEO_FEA_HI__AUDIO_1031_IEO_HAP_HI_sadtalker.pt
FAKE_T3_1031_IEO_HAP_HI__AUDIO_1031_IEO_NEU_XX_sadtalker,track3,1,crema_1031,NEU,HAP,-1,1,1,1,,data\preprocessed\features\z_at\FAKE_T3_1031_IEO_HAP_HI__AUDIO_1031_IEO_NEU_XX_sadtalker.pt,data\preprocessed\features\z_v\FAKE_T3_1031_IEO_HAP_HI__AUDIO_1031_IEO_NEU_XX_sadtalker.pt
FAKE_T3_1031_IEO_HAP_LO__AUDIO_1031_IEO_NEU_XX_sadtalker,track3,1,crema_1031,NEU,HAP,-1,1,1,1,,data\preprocessed\features\z_at\FAKE_T3_1031_IEO_HAP_LO__AUDIO_1031_IEO_NEU_XX_sadtalker.pt,data\preprocessed\features\z_v\FAKE_T3_1031_IEO_HAP_LO__AUDIO_1031_IEO_NEU_XX_sadtalker.pt
FAKE_T3_1031_IEO_SAD_LO__AUDIO_1031_IEO_ANG_LO_sadtalker,track3,1,crema_1031,ANG,SAD,-1,1,1,1,,data\preprocessed\features\z_at\FAKE_T3_1031_IEO_SAD_LO__AUDIO_1031_IEO_ANG_LO_sadtalker.pt,data\preprocessed\features\z_v\FAKE_T3_1031_IEO_SAD_LO__AUDIO_1031_IEO_ANG_LO_sadtalker.pt
FAKE_T3_1031_IOM_ANG_XX__AUDIO_1031_IOM_DIS_XX_sadtalker,track3,1,crema_1031,DIS,ANG,-1,1,1,1,,data\preprocessed\features\z_at\FAKE_T3_1031_IOM_ANG_XX__AUDIO_1031_IOM_DIS_XX_sadtalker.pt,data\preprocessed\features\z_v\FAKE_T3_1031_IOM_ANG_XX__AUDIO_1031_IOM_DIS_XX_sadtalker.pt
FAKE_T3_1031_IOM_DIS_XX__AUDIO_1031_IOM_FEA_XX_sadtalker,track3,1,crema_1031,FEA,DIS,-1,1,1,1,,data\preprocessed\features\z_at\FAKE_T3_1031_IOM_DIS_XX__AUDIO_1031_IOM_FEA_XX_sadtalker.pt,data\preprocessed\features\z_v\FAKE_T3_1031_IOM_DIS_XX__AUDIO_1031_IOM_FEA_XX_sadtalker.pt
FAKE_T3_1031_IOM_FEA_XX__AUDIO_1031_IOM_HAP_XX_sadtalker,track3,1,crema_1031,HAP,FEA,-1,1,1,1,,data\preprocessed\features\z_at\FAKE_T3_1031_IOM_FEA_XX__AUDIO_1031_IOM_HAP_XX_sadtalker.pt,data\preprocessed\features\z_v\FAKE_T3_1031_IOM_FEA_XX__AUDIO_1031_IOM_HAP_XX_sadtalker.pt
FAKE_T3_1031_IOM_NEU_XX__AUDIO_1031_IOM_SAD_XX_sadtalker,track3,1,crema_1031,SAD,NEU,-1,1,1,1,,data\preprocessed\features\z_at\FAKE_T3_1031_IOM_NEU_XX__AUDIO_1031_IOM_SAD_XX_sadtalker.pt,data\preprocessed\features\z_v\FAKE_T3_1031_IOM_NEU_XX__AUDIO_1031_IOM_SAD_XX_sadtalker.pt
FAKE_T3_1031_ITH_DIS_XX__AUDIO_1031_ITH_FEA_XX_sadtalker,track3,1,crema_1031,FEA,DIS,-1,1,1,1,,data\preprocessed\features\z_at\FAKE_T3_1031_ITH_DIS_XX__AUDIO_1031_ITH_FEA_XX_sadtalker.pt,data\preprocessed\features\z_v\FAKE_T3_1031_ITH_DIS_XX__AUDIO_1031_ITH_FEA_XX_sadtalker.pt
FAKE_T3_1031_ITH_FEA_XX__AUDIO_1031_ITH_HAP_XX_sadtalker,track3,1,crema_1031,HAP,FEA,-1,1,1,1,,data\preprocessed\features\z_at\FAKE_T3_1031_ITH_FEA_XX__AUDIO_1031_ITH_HAP_XX_sadtalker.pt,data\preprocessed\features\z_v\FAKE_T3_1031_ITH_FEA_XX__AUDIO_1031_ITH_HAP_XX_sadtalker.pt
FAKE_T3_1031_ITH_NEU_XX__AUDIO_1031_ITH_SAD_XX_sadtalker,track3,1,crema_1031,SAD,NEU,-1,1,1,1,,data\preprocessed\features\z_at\FAKE_T3_1031_ITH_NEU_XX__AUDIO_1031_ITH_SAD_XX_sadtalker.pt,data\preprocessed\features\z_v\FAKE_T3_1031_ITH_NEU_XX__AUDIO_1031_ITH_SAD_XX_sadtalker.pt
FAKE_T3_1031_ITS_ANG_XX__AUDIO_1031_ITS_DIS_XX_sadtalker,track3,1,crema_1031,DIS,ANG,-1,1,1,1,,data\preprocessed\features\z_at\FAKE_T3_1031_ITS_ANG_XX__AUDIO_1031_ITS_DIS_XX_sadtalker.pt,data\preprocessed\features\z_v\FAKE_T3_1031_ITS_ANG_XX__AUDIO_1031_ITS_DIS_XX_sadtalker.pt
FAKE_T3_1031_ITS_HAP_XX__AUDIO_1031_ITS_NEU_XX_sadtalker,track3,1,crema_1031,NEU,HAP,-1,1,1,1,,data\preprocessed\features\z_at\FAKE_T3_1031_ITS_HAP_XX__AUDIO_1031_ITS_NEU_XX_sadtalker.pt,data\preprocessed\features\z_v\FAKE_T3_1031_ITS_HAP_XX__AUDIO_1031_ITS_NEU_XX_sadtalker.pt
FAKE_T3_1031_ITS_NEU_XX__AUDIO_1031_ITS_SAD_XX_sadtalker,track3,1,crema_1031,SAD,NEU,-1,1,1,1,,data\preprocessed\features\z_at\FAKE_T3_1031_ITS_NEU_XX__AUDIO_1031_ITS_SAD_XX_sadtalker.pt,data\preprocessed\features\z_v\FAKE_T3_1031_ITS_NEU_XX__AUDIO_1031_ITS_SAD_XX_sadtalker.pt
FAKE_T3_1031_IWL_ANG_XX__AUDIO_1031_IWL_DIS_XX_sadtalker,track3,1,crema_1031,DIS,ANG,-1,1,1,1,,data\preprocessed\features\z_at\FAKE_T3_1031_IWL_ANG_XX__AUDIO_1031_IWL_DIS_XX_sadtalker.pt,data\preprocessed\features\z_v\FAKE_T3_1031_IWL_ANG_XX__AUDIO_1031_IWL_DIS_XX_sadtalker.pt
FAKE_T3_1031_IWL_FEA_XX__AUDIO_1031_IWL_HAP_XX_sadtalker,track3,1,crema_1031,HAP,FEA,-1,1,1,1,,data\preprocessed\features\z_at\FAKE_T3_1031_IWL_FEA_XX__AUDIO_1031_IWL_HAP_XX_sadtalker.pt,data\preprocessed\features\z_v\FAKE_T3_1031_IWL_FEA_XX__AUDIO_1031_IWL_HAP_XX_sadtalker.pt
FAKE_T3_1031_IWL_NEU_XX__AUDIO_1031_IWL_SAD_XX_sadtalker,track3,1,crema_1031,SAD,NEU,-1,1,1,1,,data\preprocessed\features\z_at\FAKE_T3_1031_IWL_NEU_XX__AUDIO_1031_IWL_SAD_XX_sadtalker.pt,data\preprocessed\features\z_v\FAKE_T3_1031_IWL_NEU_XX__AUDIO_1031_IWL_SAD_XX_sadtalker.pt
FAKE_T3_1031_IWW_SAD_XX__AUDIO_1031_IWW_ANG_XX_sadtalker,track3,1,crema_1031,ANG,SAD,-1,1,1,1,,data\preprocessed\features\z_at\FAKE_T3_1031_IWW_SAD_XX__AUDIO_1031_IWW_ANG_XX_sadtalker.pt,data\preprocessed\features\z_v\FAKE_T3_1031_IWW_SAD_XX__AUDIO_1031_IWW_ANG_XX_sadtalker.pt
FAKE_T3_1031_MTI_ANG_XX__AUDIO_1031_MTI_DIS_XX_sadtalker,track3,1,crema_1031,DIS,ANG,-1,1,1,1,,data\preprocessed\features\z_at\FAKE_T3_1031_MTI_ANG_XX__AUDIO_1031_MTI_DIS_XX_sadtalker.pt,data\preprocessed\features\z_v\FAKE_T3_1031_MTI_ANG_XX__AUDIO_1031_MTI_DIS_XX_sadtalker.pt
FAKE_T3_1031_MTI_FEA_XX__AUDIO_1031_MTI_HAP_XX_sadtalker,track3,1,crema_1031,HAP,FEA,-1,1,1,1,,data\preprocessed\features\z_at\FAKE_T3_1031_MTI_FEA_XX__AUDIO_1031_MTI_HAP_XX_sadtalker.pt,data\preprocessed\features\z_v\FAKE_T3_1031_MTI_FEA_XX__AUDIO_1031_MTI_HAP_XX_sadtalker.pt
FAKE_T3_1031_TAI_FEA_XX__AUDIO_1031_TAI_HAP_XX_sadtalker,track3,1,crema_1031,HAP,FEA,-1,1,1,1,,data\preprocessed\features\z_at\FAKE_T3_1031_TAI_FEA_XX__AUDIO_1031_TAI_HAP_XX_sadtalker.pt,data\preprocessed\features\z_v\FAKE_T3_1031_TAI_FEA_XX__AUDIO_1031_TAI_HAP_XX_sadtalker.pt
FAKE_T3_1031_TAI_HAP_XX__AUDIO_1031_TAI_NEU_XX_sadtalker,track3,1,crema_1031,NEU,HAP,-1,1,1,1,,data\preprocessed\features\z_at\FAKE_T3_1031_TAI_HAP_XX__AUDIO_1031_TAI_NEU_XX_sadtalker.pt,data\preprocessed\features\z_v\FAKE_T3_1031_TAI_HAP_XX__AUDIO_1031_TAI_NEU_XX_sadtalker.pt
FAKE_T3_1031_TAI_NEU_XX__AUDIO_1031_TAI_SAD_XX_sadtalker,track3,1,crema_1031,SAD,NEU,-1,1,1,1,,data\preprocessed\features\z_at\FAKE_T3_1031_TAI_NEU_XX__AUDIO_1031_TAI_SAD_XX_sadtalker.pt,data\preprocessed\features\z_v\FAKE_T3_1031_TAI_NEU_XX__AUDIO_1031_TAI_SAD_XX_sadtalker.pt
FAKE_T3_1031_TAI_SAD_XX__AUDIO_1031_TAI_ANG_XX_sadtalker,track3,1,crema_1031,ANG,SAD,-1,1,1,1,,data\preprocessed\features\z_at\FAKE_T3_1031_TAI_SAD_XX__AUDIO_1031_TAI_ANG_XX_sadtalker.pt,data\preprocessed\features\z_v\FAKE_T3_1031_TAI_SAD_XX__AUDIO_1031_TAI_ANG_XX_sadtalker.pt
FAKE_T3_1031_TIE_FEA_XX__AUDIO_1031_TIE_HAP_XX_sadtalker,track3,1,crema_1031,HAP,FEA,-1,1,1,1,,data\preprocessed\features\z_at\FAKE_T3_1031_TIE_FEA_XX__AUDIO_1031_TIE_HAP_XX_sadtalker.pt,data\preprocessed\features\z_v\FAKE_T3_1031_TIE_FEA_XX__AUDIO_1031_TIE_HAP_XX_sadtalker.pt
FAKE_T3_1031_TIE_HAP_XX__AUDIO_1031_TIE_NEU_XX_sadtalker,track3,1,crema_1031,NEU,HAP,-1,1,1,1,,data\preprocessed\features\z_at\FAKE_T3_1031_TIE_HAP_XX__AUDIO_1031_TIE_NEU_XX_sadtalker.pt,data\preprocessed\features\z_v\FAKE_T3_1031_TIE_HAP_XX__AUDIO_1031_TIE_NEU_XX_sadtalker.pt
FAKE_T3_1031_TSI_ANG_XX__AUDIO_1031_TSI_DIS_XX_sadtalker,track3,1,crema_1031,DIS,ANG,-1,1,1,1,,data\preprocessed\features\z_at\FAKE_T3_1031_TSI_ANG_XX__AUDIO_1031_TSI_DIS_XX_sadtalker.pt,data\preprocessed\features\z_v\FAKE_T3_1031_TSI_ANG_XX__AUDIO_1031_TSI_DIS_XX_sadtalker.pt
FAKE_T3_1031_TSI_FEA_XX__AUDIO_1031_TSI_HAP_XX_sadtalker,track3,1,crema_1031,HAP,FEA,-1,1,1,1,,data\preprocessed\features\z_at\FAKE_T3_1031_TSI_FEA_XX__AUDIO_1031_TSI_HAP_XX_sadtalker.pt,data\preprocessed\features\z_v\FAKE_T3_1031_TSI_FEA_XX__AUDIO_1031_TSI_HAP_XX_sadtalker.pt
FAKE_T3_1031_TSI_HAP_XX__AUDIO_1031_TSI_NEU_XX_sadtalker,track3,1,crema_1031,NEU,HAP,-1,1,1,1,,data\preprocessed\features\z_at\FAKE_T3_1031_TSI_HAP_XX__AUDIO_1031_TSI_NEU_XX_sadtalker.pt,data\preprocessed\features\z_v\FAKE_T3_1031_TSI_HAP_XX__AUDIO_1031_TSI_NEU_XX_sadtalker.pt
FAKE_T3_1031_WSI_ANG_XX__AUDIO_1031_WSI_DIS_XX_sadtalker,track3,1,crema_1031,DIS,ANG,-1,1,1,1,,data\preprocessed\features\z_at\FAKE_T3_1031_WSI_ANG_XX__AUDIO_1031_WSI_DIS_XX_sadtalker.pt,data\preprocessed\features\z_v\FAKE_T3_1031_WSI_ANG_XX__AUDIO_1031_WSI_DIS_XX_sadtalker.pt
FAKE_T3_1031_WSI_DIS_XX__AUDIO_1031_WSI_FEA_XX_sadtalker,track3,1,crema_1031,FEA,DIS,-1,1,1,1,,data\preprocessed\features\z_at\FAKE_T3_1031_WSI_DIS_XX__AUDIO_1031_WSI_FEA_XX_sadtalker.pt,data\preprocessed\features\z_v\FAKE_T3_1031_WSI_DIS_XX__AUDIO_1031_WSI_FEA_XX_sadtalker.pt
FAKE_T3_1031_WSI_FEA_XX__AUDIO_1031_WSI_HAP_XX_sadtalker,track3,1,crema_1031,HAP,FEA,-1,1,1,1,,data\preprocessed\features\z_at\FAKE_T3_1031_WSI_FEA_XX__AUDIO_1031_WSI_HAP_XX_sadtalker.pt,data\preprocessed\features\z_v\FAKE_T3_1031_WSI_FEA_XX__AUDIO_1031_WSI_HAP_XX_sadtalker.pt
FAKE_T3_1031_WSI_HAP_XX__AUDIO_1031_WSI_NEU_XX_sadtalker,track3,1,crema_1031,NEU,HAP,-1,1,1,1,,data\preprocessed\features\z_at\FAKE_T3_1031_WSI_HAP_XX__AUDIO_1031_WSI_NEU_XX_sadtalker.pt,data\preprocessed\features\z_v\FAKE_T3_1031_WSI_HAP_XX__AUDIO_1031_WSI_NEU_XX_sadtalker.pt
FAKE_T3_1032_DFA_DIS_XX__AUDIO_1032_DFA_FEA_XX_sadtalker,track3,1,crema_1032,FEA,DIS,-1,1,1,1,,data\preprocessed\features\z_at\FAKE_T3_1032_DFA_DIS_XX__AUDIO_1032_DFA_FEA_XX_sadtalker.pt,data\preprocessed\features\z_v\FAKE_T3_1032_DFA_DIS_XX__AUDIO_1032_DFA_FEA_XX_sadtalker.pt
FAKE_T3_1032_DFA_HAP_XX__AUDIO_1032_DFA_NEU_XX_sadtalker,track3,1,crema_1032,NEU,HAP,-1,1,1,1,,data\preprocessed\features\z_at\FAKE_T3_1032_DFA_HAP_XX__AUDIO_1032_DFA_NEU_XX_sadtalker.pt,data\preprocessed\features\z_v\FAKE_T3_1032_DFA_HAP_XX__AUDIO_1032_DFA_NEU_XX_sadtalker.pt
FAKE_T3_1032_IEO_ANG_HI__AUDIO_1032_IEO_DIS_HI_sadtalker,track3,1,crema_1032,DIS,ANG,-1,1,1,1,,data\preprocessed\features\z_at\FAKE_T3_1032_IEO_ANG_HI__AUDIO_1032_IEO_DIS_HI_sadtalker.pt,data\preprocessed\features\z_v\FAKE_T3_1032_IEO_ANG_HI__AUDIO_1032_IEO_DIS_HI_sadtalker.pt
FAKE_T3_1032_IEO_ANG_MD__AUDIO_1032_IEO_DIS_MD_sadtalker,track3,1,crema_1032,DIS,ANG,-1,1,1,1,,data\preprocessed\features\z_at\FAKE_T3_1032_IEO_ANG_MD__AUDIO_1032_IEO_DIS_MD_sadtalker.pt,data\preprocessed\features\z_v\FAKE_T3_1032_IEO_ANG_MD__AUDIO_1032_IEO_DIS_MD_sadtalker.pt
FAKE_T3_1032_IEO_DIS_LO__AUDIO_1032_IEO_FEA_LO_sadtalker,track3,1,crema_1032,FEA,DIS,-1,1,1,1,,data\preprocessed\features\z_at\FAKE_T3_1032_IEO_DIS_LO__AUDIO_1032_IEO_FEA_LO_sadtalker.pt,data\preprocessed\features\z_v\FAKE_T3_1032_IEO_DIS_LO__AUDIO_1032_IEO_FEA_LO_sadtalker.pt
FAKE_T3_1032_IEO_FEA_LO__AUDIO_1032_IEO_HAP_LO_sadtalker,track3,1,crema_1032,HAP,FEA,-1,1,1,1,,data\preprocessed\features\z_at\FAKE_T3_1032_IEO_FEA_LO__AUDIO_1032_IEO_HAP_LO_sadtalker.pt,data\preprocessed\features\z_v\FAKE_T3_1032_IEO_FEA_LO__AUDIO_1032_IEO_HAP_LO_sadtalker.pt
FAKE_T3_1032_IEO_FEA_MD__AUDIO_1032_IEO_HAP_MD_sadtalker,track3,1,crema_1032,HAP,FEA,-1,1,1,1,,data\preprocessed\features\z_at\FAKE_T3_1032_IEO_FEA_MD__AUDIO_1032_IEO_HAP_MD_sadtalker.pt,data\preprocessed\features\z_v\FAKE_T3_1032_IEO_FEA_MD__AUDIO_1032_IEO_HAP_MD_sadtalker.pt
FAKE_T3_1032_IEO_HAP_MD__AUDIO_1032_IEO_NEU_XX_sadtalker,track3,1,crema_1032,NEU,HAP,-1,1,1,1,,data\preprocessed\features\z_at\FAKE_T3_1032_IEO_HAP_MD__AUDIO_1032_IEO_NEU_XX_sadtalker.pt,data\preprocessed\features\z_v\FAKE_T3_1032_IEO_HAP_MD__AUDIO_1032_IEO_NEU_XX_sadtalker.pt
FAKE_T3_1032_IEO_NEU_XX__AUDIO_1032_IEO_SAD_HI_sadtalker,track3,1,crema_1032,SAD,NEU,-1,1,1,1,,data\preprocessed\features\z_at\FAKE_T3_1032_IEO_NEU_XX__AUDIO_1032_IEO_SAD_HI_sadtalker.pt,data\preprocessed\features\z_v\FAKE_T3_1032_IEO_NEU_XX__AUDIO_1032_IEO_SAD_HI_sadtalker.pt
FAKE_T3_1032_IEO_SAD_HI__AUDIO_1032_IEO_ANG_HI_sadtalker,track3,1,crema_1032,ANG,SAD,-1,1,1,1,,data\preprocessed\features\z_at\FAKE_T3_1032_IEO_SAD_HI__AUDIO_1032_IEO_ANG_HI_sadtalker.pt,data\preprocessed\features\z_v\FAKE_T3_1032_IEO_SAD_HI__AUDIO_1032_IEO_ANG_HI_sadtalker.pt
FAKE_T3_1032_IEO_SAD_MD__AUDIO_1032_IEO_ANG_MD_sadtalker,track3,1,crema_1032,ANG,SAD,-1,1,1,1,,data\preprocessed\features\z_at\FAKE_T3_1032_IEO_SAD_MD__AUDIO_1032_IEO_ANG_MD_sadtalker.pt,data\preprocessed\features\z_v\FAKE_T3_1032_IEO_SAD_MD__AUDIO_1032_IEO_ANG_MD_sadtalker.pt
FAKE_T3_1032_IOM_FEA_XX__AUDIO_1032_IOM_HAP_XX_sadtalker,track3,1,crema_1032,HAP,FEA,-1,1,1,1,,data\preprocessed\features\z_at\FAKE_T3_1032_IOM_FEA_XX__AUDIO_1032_IOM_HAP_XX_sadtalker.pt,data\preprocessed\features\z_v\FAKE_T3_1032_IOM_FEA_XX__AUDIO_1032_IOM_HAP_XX_sadtalker.pt
FAKE_T3_1032_IOM_NEU_XX__AUDIO_1032_IOM_SAD_XX_sadtalker,track3,1,crema_1032,SAD,NEU,-1,1,1,1,,data\preprocessed\features\z_at\FAKE_T3_1032_IOM_NEU_XX__AUDIO_1032_IOM_SAD_XX_sadtalker.pt,data\preprocessed\features\z_v\FAKE_T3_1032_IOM_NEU_XX__AUDIO_1032_IOM_SAD_XX_sadtalker.pt
FAKE_T3_1032_ITH_ANG_XX__AUDIO_1032_ITH_DIS_XX_sadtalker,track3,1,crema_1032,DIS,ANG,-1,1,1,1,,data\preprocessed\features\z_at\FAKE_T3_1032_ITH_ANG_XX__AUDIO_1032_ITH_DIS_XX_sadtalker.pt,data\preprocessed\features\z_v\FAKE_T3_1032_ITH_ANG_XX__AUDIO_1032_ITH_DIS_XX_sadtalker.pt
FAKE_T3_1032_ITH_DIS_XX__AUDIO_1032_ITH_FEA_XX_sadtalker,track3,1,crema_1032,FEA,DIS,-1,1,1,1,,data\preprocessed\features\z_at\FAKE_T3_1032_ITH_DIS_XX__AUDIO_1032_ITH_FEA_XX_sadtalker.pt,data\preprocessed\features\z_v\FAKE_T3_1032_ITH_DIS_XX__AUDIO_1032_ITH_FEA_XX_sadtalker.pt
FAKE_T3_1032_ITH_FEA_XX__AUDIO_1032_ITH_HAP_XX_sadtalker,track3,1,crema_1032,HAP,FEA,-1,1,1,1,,data\preprocessed\features\z_at\FAKE_T3_1032_ITH_FEA_XX__AUDIO_1032_ITH_HAP_XX_sadtalker.pt,data\preprocessed\features\z_v\FAKE_T3_1032_ITH_FEA_XX__AUDIO_1032_ITH_HAP_XX_sadtalker.pt
FAKE_T3_1032_ITH_HAP_XX__AUDIO_1032_ITH_NEU_XX_sadtalker,track3,1,crema_1032,NEU,HAP,-1,1,1,1,,data\preprocessed\features\z_at\FAKE_T3_1032_ITH_HAP_XX__AUDIO_1032_ITH_NEU_XX_sadtalker.pt,data\preprocessed\features\z_v\FAKE_T3_1032_ITH_HAP_XX__AUDIO_1032_ITH_NEU_XX_sadtalker.pt
FAKE_T3_1032_ITH_NEU_XX__AUDIO_1032_ITH_SAD_XX_sadtalker,track3,1,crema_1032,SAD,NEU,-1,1,1,1,,data\preprocessed\features\z_at\FAKE_T3_1032_ITH_NEU_XX__AUDIO_1032_ITH_SAD_XX_sadtalker.pt,data\preprocessed\features\z_v\FAKE_T3_1032_ITH_NEU_XX__AUDIO_1032_ITH_SAD_XX_sadtalker.pt
FAKE_T3_1032_ITH_SAD_XX__AUDIO_1032_ITH_ANG_XX_sadtalker,track3,1,crema_1032,ANG,SAD,-1,1,1,1,,data\preprocessed\features\z_at\FAKE_T3_1032_ITH_SAD_XX__AUDIO_1032_ITH_ANG_XX_sadtalker.pt,data\preprocessed\features\z_v\FAKE_T3_1032_ITH_SAD_XX__AUDIO_1032_ITH_ANG_XX_sadtalker.pt
FAKE_T3_1032_ITS_DIS_XX__AUDIO_1032_ITS_FEA_XX_sadtalker,track3,1,crema_1032,FEA,DIS,-1,1,1,1,,data\preprocessed\features\z_at\FAKE_T3_1032_ITS_DIS_XX__AUDIO_1032_ITS_FEA_XX_sadtalker.pt,data\preprocessed\features\z_v\FAKE_T3_1032_ITS_DIS_XX__AUDIO_1032_ITS_FEA_XX_sadtalker.pt
FAKE_T3_1032_ITS_FEA_XX__AUDIO_1032_ITS_HAP_XX_sadtalker,track3,1,crema_1032,HAP,FEA,-1,1,1,1,,data\preprocessed\features\z_at\FAKE_T3_1032_ITS_FEA_XX__AUDIO_1032_ITS_HAP_XX_sadtalker.pt,data\preprocessed\features\z_v\FAKE_T3_1032_ITS_FEA_XX__AUDIO_1032_ITS_HAP_XX_sadtalker.pt
FAKE_T3_1032_ITS_HAP_XX__AUDIO_1032_ITS_NEU_XX_sadtalker,track3,1,crema_1032,NEU,HAP,-1,1,1,1,,data\preprocessed\features\z_at\FAKE_T3_1032_ITS_HAP_XX__AUDIO_1032_ITS_NEU_XX_sadtalker.pt,data\preprocessed\features\z_v\FAKE_T3_1032_ITS_HAP_XX__AUDIO_1032_ITS_NEU_XX_sadtalker.pt
FAKE_T3_1032_ITS_NEU_XX__AUDIO_1032_ITS_SAD_XX_sadtalker,track3,1,crema_1032,SAD,NEU,-1,1,1,1,,data\preprocessed\features\z_at\FAKE_T3_1032_ITS_NEU_XX__AUDIO_1032_ITS_SAD_XX_sadtalker.pt,data\preprocessed\features\z_v\FAKE_T3_1032_ITS_NEU_XX__AUDIO_1032_ITS_SAD_XX_sadtalker.pt
FAKE_T3_1032_IWL_ANG_XX__AUDIO_1032_IWL_DIS_XX_sadtalker,track3,1,crema_1032,DIS,ANG,-1,1,1,1,,data\preprocessed\features\z_at\FAKE_T3_1032_IWL_ANG_XX__AUDIO_1032_IWL_DIS_XX_sadtalker.pt,data\preprocessed\features\z_v\FAKE_T3_1032_IWL_ANG_XX__AUDIO_1032_IWL_DIS_XX_sadtalker.pt
FAKE_T3_1032_IWL_DIS_XX__AUDIO_1032_IWL_FEA_XX_sadtalker,track3,1,crema_1032,FEA,DIS,-1,1,1,1,,data\preprocessed\features\z_at\FAKE_T3_1032_IWL_DIS_XX__AUDIO_1032_IWL_FEA_XX_sadtalker.pt,data\preprocessed\features\z_v\FAKE_T3_1032_IWL_DIS_XX__AUDIO_1032_IWL_FEA_XX_sadtalker.pt
FAKE_T3_1032_IWL_HAP_XX__AUDIO_1032_IWL_NEU_XX_sadtalker,track3,1,crema_1032,NEU,HAP,-1,1,1,1,,data\preprocessed\features\z_at\FAKE_T3_1032_IWL_HAP_XX__AUDIO_1032_IWL_NEU_XX_sadtalker.pt,data\preprocessed\features\z_v\FAKE_T3_1032_IWL_HAP_XX__AUDIO_1032_IWL_NEU_XX_sadtalker.pt
FAKE_T3_1032_IWW_FEA_XX__AUDIO_1032_IWW_HAP_XX_sadtalker,track3,1,crema_1032,HAP,FEA,-1,1,1,1,,data\preprocessed\features\z_at\FAKE_T3_1032_IWW_FEA_XX__AUDIO_1032_IWW_HAP_XX_sadtalker.pt,data\preprocessed\features\z_v\FAKE_T3_1032_IWW_FEA_XX__AUDIO_1032_IWW_HAP_XX_sadtalker.pt
FAKE_T3_1032_IWW_HAP_XX__AUDIO_1032_IWW_NEU_XX_sadtalker,track3,1,crema_1032,NEU,HAP,-1,1,1,1,,data\preprocessed\features\z_at\FAKE_T3_1032_IWW_HAP_XX__AUDIO_1032_IWW_NEU_XX_sadtalker.pt,data\preprocessed\features\z_v\FAKE_T3_1032_IWW_HAP_XX__AUDIO_1032_IWW_NEU_XX_sadtalker.pt
FAKE_T3_1032_MTI_HAP_XX__AUDIO_1032_MTI_NEU_XX_sadtalker,track3,1,crema_1032,NEU,HAP,-1,1,1,1,,data\preprocessed\features\z_at\FAKE_T3_1032_MTI_HAP_XX__AUDIO_1032_MTI_NEU_XX_sadtalker.pt,data\preprocessed\features\z_v\FAKE_T3_1032_MTI_HAP_XX__AUDIO_1032_MTI_NEU_XX_sadtalker.pt
FAKE_T3_1032_MTI_NEU_XX__AUDIO_1032_MTI_SAD_XX_sadtalker,track3,1,crema_1032,SAD,NEU,-1,1,1,1,,data\preprocessed\features\z_at\FAKE_T3_1032_MTI_NEU_XX__AUDIO_1032_MTI_SAD_XX_sadtalker.pt,data\preprocessed\features\z_v\FAKE_T3_1032_MTI_NEU_XX__AUDIO_1032_MTI_SAD_XX_sadtalker.pt
FAKE_T3_1032_MTI_SAD_XX__AUDIO_1032_MTI_ANG_XX_sadtalker,track3,1,crema_1032,ANG,SAD,-1,1,1,1,,data\preprocessed\features\z_at\FAKE_T3_1032_MTI_SAD_XX__AUDIO_1032_MTI_ANG_XX_sadtalker.pt,data\preprocessed\features\z_v\FAKE_T3_1032_MTI_SAD_XX__AUDIO_1032_MTI_ANG_XX_sadtalker.pt
FAKE_T3_1032_TAI_ANG_XX__AUDIO_1032_TAI_DIS_XX_sadtalker,track3,1,crema_1032,DIS,ANG,-1,1,1,1,,data\preprocessed\features\z_at\FAKE_T3_1032_TAI_ANG_XX__AUDIO_1032_TAI_DIS_XX_sadtalker.pt,data\preprocessed\features\z_v\FAKE_T3_1032_TAI_ANG_XX__AUDIO_1032_TAI_DIS_XX_sadtalker.pt
FAKE_T3_1032_TAI_FEA_XX__AUDIO_1032_TAI_HAP_XX_sadtalker,track3,1,crema_1032,HAP,FEA,-1,1,1,1,,data\preprocessed\features\z_at\FAKE_T3_1032_TAI_FEA_XX__AUDIO_1032_TAI_HAP_XX_sadtalker.pt,data\preprocessed\features\z_v\FAKE_T3_1032_TAI_FEA_XX__AUDIO_1032_TAI_HAP_XX_sadtalker.pt
FAKE_T3_1032_TAI_HAP_XX__AUDIO_1032_TAI_NEU_XX_sadtalker,track3,1,crema_1032,NEU,HAP,-1,1,1,1,,data\preprocessed\features\z_at\FAKE_T3_1032_TAI_HAP_XX__AUDIO_1032_TAI_NEU_XX_sadtalker.pt,data\preprocessed\features\z_v\FAKE_T3_1032_TAI_HAP_XX__AUDIO_1032_TAI_NEU_XX_sadtalker.pt
FAKE_T3_1032_TIE_ANG_XX__AUDIO_1032_TIE_DIS_XX_sadtalker,track3,1,crema_1032,DIS,ANG,-1,1,1,1,,data\preprocessed\features\z_at\FAKE_T3_1032_TIE_ANG_XX__AUDIO_1032_TIE_DIS_XX_sadtalker.pt,data\preprocessed\features\z_v\FAKE_T3_1032_TIE_ANG_XX__AUDIO_1032_TIE_DIS_XX_sadtalker.pt
FAKE_T3_1032_TIE_FEA_XX__AUDIO_1032_TIE_HAP_XX_sadtalker,track3,1,crema_1032,HAP,FEA,-1,1,1,1,,data\preprocessed\features\z_at\FAKE_T3_1032_TIE_FEA_XX__AUDIO_1032_TIE_HAP_XX_sadtalker.pt,data\preprocessed\features\z_v\FAKE_T3_1032_TIE_FEA_XX__AUDIO_1032_TIE_HAP_XX_sadtalker.pt
FAKE_T3_1032_TIE_SAD_XX__AUDIO_1032_TIE_ANG_XX_sadtalker,track3,1,crema_1032,ANG,SAD,-1,1,1,1,,data\preprocessed\features\z_at\FAKE_T3_1032_TIE_SAD_XX__AUDIO_1032_TIE_ANG_XX_sadtalker.pt,data\preprocessed\features\z_v\FAKE_T3_1032_TIE_SAD_XX__AUDIO_1032_TIE_ANG_XX_sadtalker.pt
FAKE_T3_1032_TSI_FEA_XX__AUDIO_1032_TSI_HAP_XX_sadtalker,track3,1,crema_1032,HAP,FEA,-1,1,1,1,,data\preprocessed\features\z_at\FAKE_T3_1032_TSI_FEA_XX__AUDIO_1032_TSI_HAP_XX_sadtalker.pt,data\preprocessed\features\z_v\FAKE_T3_1032_TSI_FEA_XX__AUDIO_1032_TSI_HAP_XX_sadtalker.pt
FAKE_T3_1032_TSI_HAP_XX__AUDIO_1032_TSI_NEU_XX_sadtalker,track3,1,crema_1032,NEU,HAP,-1,1,1,1,,data\preprocessed\features\z_at\FAKE_T3_1032_TSI_HAP_XX__AUDIO_1032_TSI_NEU_XX_sadtalker.pt,data\preprocessed\features\z_v\FAKE_T3_1032_TSI_HAP_XX__AUDIO_1032_TSI_NEU_XX_sadtalker.pt
FAKE_T3_1032_TSI_SAD_XX__AUDIO_1032_TSI_ANG_XX_sadtalker,track3,1,crema_1032,ANG,SAD,-1,1,1,1,,data\preprocessed\features\z_at\FAKE_T3_1032_TSI_SAD_XX__AUDIO_1032_TSI_ANG_XX_sadtalker.pt,data\preprocessed\features\z_v\FAKE_T3_1032_TSI_SAD_XX__AUDIO_1032_TSI_ANG_XX_sadtalker.pt
FAKE_T3_1032_WSI_SAD_XX__AUDIO_1032_WSI_ANG_XX_sadtalker,track3,1,crema_1032,ANG,SAD,-1,1,1,1,,data\preprocessed\features\z_at\FAKE_T3_1032_WSI_SAD_XX__AUDIO_1032_WSI_ANG_XX_sadtalker.pt,data\preprocessed\features\z_v\FAKE_T3_1032_WSI_SAD_XX__AUDIO_1032_WSI_ANG_XX_sadtalker.pt
FAKE_T3_1034_DFA_ANG_XX__AUDIO_1034_DFA_DIS_XX_sadtalker,track3,1,crema_1034,DIS,ANG,-1,1,1,1,,data\preprocessed\features\z_at\FAKE_T3_1034_DFA_ANG_XX__AUDIO_1034_DFA_DIS_XX_sadtalker.pt,data\preprocessed\features\z_v\FAKE_T3_1034_DFA_ANG_XX__AUDIO_1034_DFA_DIS_XX_sadtalker.pt
FAKE_T3_1034_DFA_FEA_XX__AUDIO_1034_DFA_HAP_XX_sadtalker,track3,1,crema_1034,HAP,FEA,-1,1,1,1,,data\preprocessed\features\z_at\FAKE_T3_1034_DFA_FEA_XX__AUDIO_1034_DFA_HAP_XX_sadtalker.pt,data\preprocessed\features\z_v\FAKE_T3_1034_DFA_FEA_XX__AUDIO_1034_DFA_HAP_XX_sadtalker.pt
FAKE_T3_1034_IEO_ANG_LO__AUDIO_1034_IEO_DIS_LO_sadtalker,track3,1,crema_1034,DIS,ANG,-1,1,1,1,,data\preprocessed\features\z_at\FAKE_T3_1034_IEO_ANG_LO__AUDIO_1034_IEO_DIS_LO_sadtalker.pt,data\preprocessed\features\z_v\FAKE_T3_1034_IEO_ANG_LO__AUDIO_1034_IEO_DIS_LO_sadtalker.pt
FAKE_T3_1034_IEO_ANG_MD__AUDIO_1034_IEO_DIS_MD_sadtalker,track3,1,crema_1034,DIS,ANG,-1,1,1,1,,data\preprocessed\features\z_at\FAKE_T3_1034_IEO_ANG_MD__AUDIO_1034_IEO_DIS_MD_sadtalker.pt,data\preprocessed\features\z_v\FAKE_T3_1034_IEO_ANG_MD__AUDIO_1034_IEO_DIS_MD_sadtalker.pt
FAKE_T3_1034_IEO_DIS_LO__AUDIO_1034_IEO_FEA_LO_sadtalker,track3,1,crema_1034,FEA,DIS,-1,1,1,1,,data\preprocessed\features\z_at\FAKE_T3_1034_IEO_DIS_LO__AUDIO_1034_IEO_FEA_LO_sadtalker.pt,data\preprocessed\features\z_v\FAKE_T3_1034_IEO_DIS_LO__AUDIO_1034_IEO_FEA_LO_sadtalker.pt
FAKE_T3_1034_IEO_DIS_MD__AUDIO_1034_IEO_FEA_MD_sadtalker,track3,1,crema_1034,FEA,DIS,-1,1,1,1,,data\preprocessed\features\z_at\FAKE_T3_1034_IEO_DIS_MD__AUDIO_1034_IEO_FEA_MD_sadtalker.pt,data\preprocessed\features\z_v\FAKE_T3_1034_IEO_DIS_MD__AUDIO_1034_IEO_FEA_MD_sadtalker.pt
FAKE_T3_1034_IEO_FEA_LO__AUDIO_1034_IEO_HAP_LO_sadtalker,track3,1,crema_1034,HAP,FEA,-1,1,1,1,,data\preprocessed\features\z_at\FAKE_T3_1034_IEO_FEA_LO__AUDIO_1034_IEO_HAP_LO_sadtalker.pt,data\preprocessed\features\z_v\FAKE_T3_1034_IEO_FEA_LO__AUDIO_1034_IEO_HAP_LO_sadtalker.pt
FAKE_T3_1034_IEO_HAP_HI__AUDIO_1034_IEO_NEU_XX_sadtalker,track3,1,crema_1034,NEU,HAP,-1,1,1,1,,data\preprocessed\features\z_at\FAKE_T3_1034_IEO_HAP_HI__AUDIO_1034_IEO_NEU_XX_sadtalker.pt,data\preprocessed\features\z_v\FAKE_T3_1034_IEO_HAP_HI__AUDIO_1034_IEO_NEU_XX_sadtalker.pt
FAKE_T3_1034_IEO_HAP_LO__AUDIO_1034_IEO_NEU_XX_sadtalker,track3,1,crema_1034,NEU,HAP,-1,1,1,1,,data\preprocessed\features\z_at\FAKE_T3_1034_IEO_HAP_LO__AUDIO_1034_IEO_NEU_XX_sadtalker.pt,data\preprocessed\features\z_v\FAKE_T3_1034_IEO_HAP_LO__AUDIO_1034_IEO_NEU_XX_sadtalker.pt
FAKE_T3_1034_IEO_NEU_XX__AUDIO_1034_IEO_SAD_HI_sadtalker,track3,1,crema_1034,SAD,NEU,-1,1,1,1,,data\preprocessed\features\z_at\FAKE_T3_1034_IEO_NEU_XX__AUDIO_1034_IEO_SAD_HI_sadtalker.pt,data\preprocessed\features\z_v\FAKE_T3_1034_IEO_NEU_XX__AUDIO_1034_IEO_SAD_HI_sadtalker.pt
FAKE_T3_1034_IEO_SAD_LO__AUDIO_1034_IEO_ANG_LO_sadtalker,track3,1,crema_1034,ANG,SAD,-1,1,1,1,,data\preprocessed\features\z_at\FAKE_T3_1034_IEO_SAD_LO__AUDIO_1034_IEO_ANG_LO_sadtalker.pt,data\preprocessed\features\z_v\FAKE_T3_1034_IEO_SAD_LO__AUDIO_1034_IEO_ANG_LO_sadtalker.pt
FAKE_T3_1034_IEO_SAD_MD__AUDIO_1034_IEO_ANG_MD_sadtalker,track3,1,crema_1034,ANG,SAD,-1,1,1,1,,data\preprocessed\features\z_at\FAKE_T3_1034_IEO_SAD_MD__AUDIO_1034_IEO_ANG_MD_sadtalker.pt,data\preprocessed\features\z_v\FAKE_T3_1034_IEO_SAD_MD__AUDIO_1034_IEO_ANG_MD_sadtalker.pt
FAKE_T3_1034_IOM_ANG_XX__AUDIO_1034_IOM_DIS_XX_sadtalker,track3,1,crema_1034,DIS,ANG,-1,1,1,1,,data\preprocessed\features\z_at\FAKE_T3_1034_IOM_ANG_XX__AUDIO_1034_IOM_DIS_XX_sadtalker.pt,data\preprocessed\features\z_v\FAKE_T3_1034_IOM_ANG_XX__AUDIO_1034_IOM_DIS_XX_sadtalker.pt
FAKE_T3_1034_IOM_DIS_XX__AUDIO_1034_IOM_FEA_XX_sadtalker,track3,1,crema_1034,FEA,DIS,-1,1,1,1,,data\preprocessed\features\z_at\FAKE_T3_1034_IOM_DIS_XX__AUDIO_1034_IOM_FEA_XX_sadtalker.pt,data\preprocessed\features\z_v\FAKE_T3_1034_IOM_DIS_XX__AUDIO_1034_IOM_FEA_XX_sadtalker.pt
FAKE_T3_1034_IOM_FEA_XX__AUDIO_1034_IOM_HAP_XX_sadtalker,track3,1,crema_1034,HAP,FEA,-1,1,1,1,,data\preprocessed\features\z_at\FAKE_T3_1034_IOM_FEA_XX__AUDIO_1034_IOM_HAP_XX_sadtalker.pt,data\preprocessed\features\z_v\FAKE_T3_1034_IOM_FEA_XX__AUDIO_1034_IOM_HAP_XX_sadtalker.pt
FAKE_T3_1034_IOM_SAD_XX__AUDIO_1034_IOM_ANG_XX_sadtalker,track3,1,crema_1034,ANG,SAD,-1,1,1,1,,data\preprocessed\features\z_at\FAKE_T3_1034_IOM_SAD_XX__AUDIO_1034_IOM_ANG_XX_sadtalker.pt,data\preprocessed\features\z_v\FAKE_T3_1034_IOM_SAD_XX__AUDIO_1034_IOM_ANG_XX_sadtalker.pt
FAKE_T3_1034_ITH_ANG_XX__AUDIO_1034_ITH_DIS_XX_sadtalker,track3,1,crema_1034,DIS,ANG,-1,1,1,1,,data\preprocessed\features\z_at\FAKE_T3_1034_ITH_ANG_XX__AUDIO_1034_ITH_DIS_XX_sadtalker.pt,data\preprocessed\features\z_v\FAKE_T3_1034_ITH_ANG_XX__AUDIO_1034_ITH_DIS_XX_sadtalker.pt
FAKE_T3_1034_ITH_DIS_XX__AUDIO_1034_ITH_FEA_XX_sadtalker,track3,1,crema_1034,FEA,DIS,-1,1,1,1,,data\preprocessed\features\z_at\FAKE_T3_1034_ITH_DIS_XX__AUDIO_1034_ITH_FEA_XX_sadtalker.pt,data\preprocessed\features\z_v\FAKE_T3_1034_ITH_DIS_XX__AUDIO_1034_ITH_FEA_XX_sadtalker.pt
FAKE_T3_1034_ITH_HAP_XX__AUDIO_1034_ITH_NEU_XX_sadtalker,track3,1,crema_1034,NEU,HAP,-1,1,1,1,,data\preprocessed\features\z_at\FAKE_T3_1034_ITH_HAP_XX__AUDIO_1034_ITH_NEU_XX_sadtalker.pt,data\preprocessed\features\z_v\FAKE_T3_1034_ITH_HAP_XX__AUDIO_1034_ITH_NEU_XX_sadtalker.pt
FAKE_T3_1034_ITH_NEU_XX__AUDIO_1034_ITH_SAD_XX_sadtalker,track3,1,crema_1034,SAD,NEU,-1,1,1,1,,data\preprocessed\features\z_at\FAKE_T3_1034_ITH_NEU_XX__AUDIO_1034_ITH_SAD_XX_sadtalker.pt,data\preprocessed\features\z_v\FAKE_T3_1034_ITH_NEU_XX__AUDIO_1034_ITH_SAD_XX_sadtalker.pt
FAKE_T3_1034_ITS_DIS_XX__AUDIO_1034_ITS_FEA_XX_sadtalker,track3,1,crema_1034,FEA,DIS,-1,1,1,1,,data\preprocessed\features\z_at\FAKE_T3_1034_ITS_DIS_XX__AUDIO_1034_ITS_FEA_XX_sadtalker.pt,data\preprocessed\features\z_v\FAKE_T3_1034_ITS_DIS_XX__AUDIO_1034_ITS_FEA_XX_sadtalker.pt
FAKE_T3_1034_ITS_SAD_XX__AUDIO_1034_ITS_ANG_XX_sadtalker,track3,1,crema_1034,ANG,SAD,-1,1,1,1,,data\preprocessed\features\z_at\FAKE_T3_1034_ITS_SAD_XX__AUDIO_1034_ITS_ANG_XX_sadtalker.pt,data\preprocessed\features\z_v\FAKE_T3_1034_ITS_SAD_XX__AUDIO_1034_ITS_ANG_XX_sadtalker.pt
FAKE_T3_1034_IWL_FEA_XX__AUDIO_1034_IWL_HAP_XX_sadtalker,track3,1,crema_1034,HAP,FEA,-1,1,1,1,,data\preprocessed\features\z_at\FAKE_T3_1034_IWL_FEA_XX__AUDIO_1034_IWL_HAP_XX_sadtalker.pt,data\preprocessed\features\z_v\FAKE_T3_1034_IWL_FEA_XX__AUDIO_1034_IWL_HAP_XX_sadtalker.pt
FAKE_T3_1034_IWL_NEU_XX__AUDIO_1034_IWL_SAD_XX_sadtalker,track3,1,crema_1034,SAD,NEU,-1,1,1,1,,data\preprocessed\features\z_at\FAKE_T3_1034_IWL_NEU_XX__AUDIO_1034_IWL_SAD_XX_sadtalker.pt,data\preprocessed\features\z_v\FAKE_T3_1034_IWL_NEU_XX__AUDIO_1034_IWL_SAD_XX_sadtalker.pt
FAKE_T3_1034_IWW_SAD_XX__AUDIO_1034_IWW_ANG_XX_sadtalker,track3,1,crema_1034,ANG,SAD,-1,1,1,1,,data\preprocessed\features\z_at\FAKE_T3_1034_IWW_SAD_XX__AUDIO_1034_IWW_ANG_XX_sadtalker.pt,data\preprocessed\features\z_v\FAKE_T3_1034_IWW_SAD_XX__AUDIO_1034_IWW_ANG_XX_sadtalker.pt
FAKE_T3_1034_MTI_ANG_XX__AUDIO_1034_MTI_DIS_XX_sadtalker,track3,1,crema_1034,DIS,ANG,-1,1,1,1,,data\preprocessed\features\z_at\FAKE_T3_1034_MTI_ANG_XX__AUDIO_1034_MTI_DIS_XX_sadtalker.pt,data\preprocessed\features\z_v\FAKE_T3_1034_MTI_ANG_XX__AUDIO_1034_MTI_DIS_XX_sadtalker.pt
FAKE_T3_1034_MTI_HAP_XX__AUDIO_1034_MTI_NEU_XX_sadtalker,track3,1,crema_1034,NEU,HAP,-1,1,1,1,,data\preprocessed\features\z_at\FAKE_T3_1034_MTI_HAP_XX__AUDIO_1034_MTI_NEU_XX_sadtalker.pt,data\preprocessed\features\z_v\FAKE_T3_1034_MTI_HAP_XX__AUDIO_1034_MTI_NEU_XX_sadtalker.pt
FAKE_T3_1034_MTI_SAD_XX__AUDIO_1034_MTI_ANG_XX_sadtalker,track3,1,crema_1034,ANG,SAD,-1,1,1,1,,data\preprocessed\features\z_at\FAKE_T3_1034_MTI_SAD_XX__AUDIO_1034_MTI_ANG_XX_sadtalker.pt,data\preprocessed\features\z_v\FAKE_T3_1034_MTI_SAD_XX__AUDIO_1034_MTI_ANG_XX_sadtalker.pt
FAKE_T3_1034_TAI_ANG_XX__AUDIO_1034_TAI_DIS_XX_sadtalker,track3,1,crema_1034,DIS,ANG,-1,1,1,1,,data\preprocessed\features\z_at\FAKE_T3_1034_TAI_ANG_XX__AUDIO_1034_TAI_DIS_XX_sadtalker.pt,data\preprocessed\features\z_v\FAKE_T3_1034_TAI_ANG_XX__AUDIO_1034_TAI_DIS_XX_sadtalker.pt
FAKE_T3_1034_TAI_NEU_XX__AUDIO_1034_TAI_SAD_XX_sadtalker,track3,1,crema_1034,SAD,NEU,-1,1,1,1,,data\preprocessed\features\z_at\FAKE_T3_1034_TAI_NEU_XX__AUDIO_1034_TAI_SAD_XX_sadtalker.pt,data\preprocessed\features\z_v\FAKE_T3_1034_TAI_NEU_XX__AUDIO_1034_TAI_SAD_XX_sadtalker.pt
FAKE_T3_1034_TAI_SAD_XX__AUDIO_1034_TAI_ANG_XX_sadtalker,track3,1,crema_1034,ANG,SAD,-1,1,1,1,,data\preprocessed\features\z_at\FAKE_T3_1034_TAI_SAD_XX__AUDIO_1034_TAI_ANG_XX_sadtalker.pt,data\preprocessed\features\z_v\FAKE_T3_1034_TAI_SAD_XX__AUDIO_1034_TAI_ANG_XX_sadtalker.pt
FAKE_T3_1034_TIE_DIS_XX__AUDIO_1034_TIE_FEA_XX_sadtalker,track3,1,crema_1034,FEA,DIS,-1,1,1,1,,data\preprocessed\features\z_at\FAKE_T3_1034_TIE_DIS_XX__AUDIO_1034_TIE_FEA_XX_sadtalker.pt,data\preprocessed\features\z_v\FAKE_T3_1034_TIE_DIS_XX__AUDIO_1034_TIE_FEA_XX_sadtalker.pt
FAKE_T3_1034_TIE_HAP_XX__AUDIO_1034_TIE_NEU_XX_sadtalker,track3,1,crema_1034,NEU,HAP,-1,1,1,1,,data\preprocessed\features\z_at\FAKE_T3_1034_TIE_HAP_XX__AUDIO_1034_TIE_NEU_XX_sadtalker.pt,data\preprocessed\features\z_v\FAKE_T3_1034_TIE_HAP_XX__AUDIO_1034_TIE_NEU_XX_sadtalker.pt
FAKE_T3_1034_TIE_NEU_XX__AUDIO_1034_TIE_SAD_XX_sadtalker,track3,1,crema_1034,SAD,NEU,-1,1,1,1,,data\preprocessed\features\z_at\FAKE_T3_1034_TIE_NEU_XX__AUDIO_1034_TIE_SAD_XX_sadtalker.pt,data\preprocessed\features\z_v\FAKE_T3_1034_TIE_NEU_XX__AUDIO_1034_TIE_SAD_XX_sadtalker.pt
FAKE_T3_1034_TSI_ANG_XX__AUDIO_1034_TSI_DIS_XX_sadtalker,track3,1,crema_1034,DIS,ANG,-1,1,1,1,,data\preprocessed\features\z_at\FAKE_T3_1034_TSI_ANG_XX__AUDIO_1034_TSI_DIS_XX_sadtalker.pt,data\preprocessed\features\z_v\FAKE_T3_1034_TSI_ANG_XX__AUDIO_1034_TSI_DIS_XX_sadtalker.pt
FAKE_T3_1034_TSI_FEA_XX__AUDIO_1034_TSI_HAP_XX_sadtalker,track3,1,crema_1034,HAP,FEA,-1,1,1,1,,data\preprocessed\features\z_at\FAKE_T3_1034_TSI_FEA_XX__AUDIO_1034_TSI_HAP_XX_sadtalker.pt,data\preprocessed\features\z_v\FAKE_T3_1034_TSI_FEA_XX__AUDIO_1034_TSI_HAP_XX_sadtalker.pt
FAKE_T3_1034_TSI_HAP_XX__AUDIO_1034_TSI_NEU_XX_sadtalker,track3,1,crema_1034,NEU,HAP,-1,1,1,1,,data\preprocessed\features\z_at\FAKE_T3_1034_TSI_HAP_XX__AUDIO_1034_TSI_NEU_XX_sadtalker.pt,data\preprocessed\features\z_v\FAKE_T3_1034_TSI_HAP_XX__AUDIO_1034_TSI_NEU_XX_sadtalker.pt
FAKE_T3_1034_TSI_SAD_XX__AUDIO_1034_TSI_ANG_XX_sadtalker,track3,1,crema_1034,ANG,SAD,-1,1,1,1,,data\preprocessed\features\z_at\FAKE_T3_1034_TSI_SAD_XX__AUDIO_1034_TSI_ANG_XX_sadtalker.pt,data\preprocessed\features\z_v\FAKE_T3_1034_TSI_SAD_XX__AUDIO_1034_TSI_ANG_XX_sadtalker.pt
FAKE_T3_1034_WSI_ANG_XX__AUDIO_1034_WSI_DIS_XX_sadtalker,track3,1,crema_1034,DIS,ANG,-1,1,1,1,,data\preprocessed\features\z_at\FAKE_T3_1034_WSI_ANG_XX__AUDIO_1034_WSI_DIS_XX_sadtalker.pt,data\preprocessed\features\z_v\FAKE_T3_1034_WSI_ANG_XX__AUDIO_1034_WSI_DIS_XX_sadtalker.pt
FAKE_T3_1034_WSI_DIS_XX__AUDIO_1034_WSI_FEA_XX_sadtalker,track3,1,crema_1034,FEA,DIS,-1,1,1,1,,data\preprocessed\features\z_at\FAKE_T3_1034_WSI_DIS_XX__AUDIO_1034_WSI_FEA_XX_sadtalker.pt,data\preprocessed\features\z_v\FAKE_T3_1034_WSI_DIS_XX__AUDIO_1034_WSI_FEA_XX_sadtalker.pt
FAKE_T3_1034_WSI_HAP_XX__AUDIO_1034_WSI_NEU_XX_sadtalker,track3,1,crema_1034,NEU,HAP,-1,1,1,1,,data\preprocessed\features\z_at\FAKE_T3_1034_WSI_HAP_XX__AUDIO_1034_WSI_NEU_XX_sadtalker.pt,data\preprocessed\features\z_v\FAKE_T3_1034_WSI_HAP_XX__AUDIO_1034_WSI_NEU_XX_sadtalker.pt
FAKE_T3_1035_IEO_ANG_HI__AUDIO_1035_IEO_DIS_HI_sadtalker,track3,1,crema_1035,DIS,ANG,-1,1,1,1,,data\preprocessed\features\z_at\FAKE_T3_1035_IEO_ANG_HI__AUDIO_1035_IEO_DIS_HI_sadtalker.pt,data\preprocessed\features\z_v\FAKE_T3_1035_IEO_ANG_HI__AUDIO_1035_IEO_DIS_HI_sadtalker.pt
FAKE_T3_1035_IEO_ANG_MD__AUDIO_1035_IEO_DIS_MD_sadtalker,track3,1,crema_1035,DIS,ANG,-1,1,1,1,,data\preprocessed\features\z_at\FAKE_T3_1035_IEO_ANG_MD__AUDIO_1035_IEO_DIS_MD_sadtalker.pt,data\preprocessed\features\z_v\FAKE_T3_1035_IEO_ANG_MD__AUDIO_1035_IEO_DIS_MD_sadtalker.pt
FAKE_T3_1035_IEO_DIS_HI__AUDIO_1035_IEO_FEA_HI_sadtalker,track3,1,crema_1035,FEA,DIS,-1,1,1,1,,data\preprocessed\features\z_at\FAKE_T3_1035_IEO_DIS_HI__AUDIO_1035_IEO_FEA_HI_sadtalker.pt,data\preprocessed\features\z_v\FAKE_T3_1035_IEO_DIS_HI__AUDIO_1035_IEO_FEA_HI_sadtalker.pt
FAKE_T3_1035_IEO_FEA_HI__AUDIO_1035_IEO_HAP_HI_sadtalker,track3,1,crema_1035,HAP,FEA,-1,1,1,1,,data\preprocessed\features\z_at\FAKE_T3_1035_IEO_FEA_HI__AUDIO_1035_IEO_HAP_HI_sadtalker.pt,data\preprocessed\features\z_v\FAKE_T3_1035_IEO_FEA_HI__AUDIO_1035_IEO_HAP_HI_sadtalker.pt
FAKE_T3_1035_IEO_FEA_MD__AUDIO_1035_IEO_HAP_MD_sadtalker,track3,1,crema_1035,HAP,FEA,-1,1,1,1,,data\preprocessed\features\z_at\FAKE_T3_1035_IEO_FEA_MD__AUDIO_1035_IEO_HAP_MD_sadtalker.pt,data\preprocessed\features\z_v\FAKE_T3_1035_IEO_FEA_MD__AUDIO_1035_IEO_HAP_MD_sadtalker.pt
FAKE_T3_1035_IEO_HAP_HI__AUDIO_1035_IEO_NEU_XX_sadtalker,track3,1,crema_1035,NEU,HAP,-1,1,1,1,,data\preprocessed\features\z_at\FAKE_T3_1035_IEO_HAP_HI__AUDIO_1035_IEO_NEU_XX_sadtalker.pt,data\preprocessed\features\z_v\FAKE_T3_1035_IEO_HAP_HI__AUDIO_1035_IEO_NEU_XX_sadtalker.pt
FAKE_T3_1035_IEO_HAP_MD__AUDIO_1035_IEO_NEU_XX_sadtalker,track3,1,crema_1035,NEU,HAP,-1,1,1,1,,data\preprocessed\features\z_at\FAKE_T3_1035_IEO_HAP_MD__AUDIO_1035_IEO_NEU_XX_sadtalker.pt,data\preprocessed\features\z_v\FAKE_T3_1035_IEO_HAP_MD__AUDIO_1035_IEO_NEU_XX_sadtalker.pt
FAKE_T3_1035_IEO_SAD_HI__AUDIO_1035_IEO_ANG_HI_sadtalker,track3,1,crema_1035,ANG,SAD,-1,1,1,1,,data\preprocessed\features\z_at\FAKE_T3_1035_IEO_SAD_HI__AUDIO_1035_IEO_ANG_HI_sadtalker.pt,data\preprocessed\features\z_v\FAKE_T3_1035_IEO_SAD_HI__AUDIO_1035_IEO_ANG_HI_sadtalker.pt
FAKE_T3_1035_IEO_SAD_MD__AUDIO_1035_IEO_ANG_MD_sadtalker,track3,1,crema_1035,ANG,SAD,-1,1,1,1,,data\preprocessed\features\z_at\FAKE_T3_1035_IEO_SAD_MD__AUDIO_1035_IEO_ANG_MD_sadtalker.pt,data\preprocessed\features\z_v\FAKE_T3_1035_IEO_SAD_MD__AUDIO_1035_IEO_ANG_MD_sadtalker.pt
FAKE_T3_1035_IOM_ANG_XX__AUDIO_1035_IOM_DIS_XX_sadtalker,track3,1,crema_1035,DIS,ANG,-1,1,1,1,,data\preprocessed\features\z_at\FAKE_T3_1035_IOM_ANG_XX__AUDIO_1035_IOM_DIS_XX_sadtalker.pt,data\preprocessed\features\z_v\FAKE_T3_1035_IOM_ANG_XX__AUDIO_1035_IOM_DIS_XX_sadtalker.pt
FAKE_T3_1035_IOM_DIS_XX__AUDIO_1035_IOM_FEA_XX_sadtalker,track3,1,crema_1035,FEA,DIS,-1,1,1,1,,data\preprocessed\features\z_at\FAKE_T3_1035_IOM_DIS_XX__AUDIO_1035_IOM_FEA_XX_sadtalker.pt,data\preprocessed\features\z_v\FAKE_T3_1035_IOM_DIS_XX__AUDIO_1035_IOM_FEA_XX_sadtalker.pt
FAKE_T3_1035_IOM_SAD_XX__AUDIO_1035_IOM_ANG_XX_sadtalker,track3,1,crema_1035,ANG,SAD,-1,1,1,1,,data\preprocessed\features\z_at\FAKE_T3_1035_IOM_SAD_XX__AUDIO_1035_IOM_ANG_XX_sadtalker.pt,data\preprocessed\features\z_v\FAKE_T3_1035_IOM_SAD_XX__AUDIO_1035_IOM_ANG_XX_sadtalker.pt
FAKE_T3_1035_ITH_ANG_XX__AUDIO_1035_ITH_DIS_XX_sadtalker,track3,1,crema_1035,DIS,ANG,-1,1,1,1,,data\preprocessed\features\z_at\FAKE_T3_1035_ITH_ANG_XX__AUDIO_1035_ITH_DIS_XX_sadtalker.pt,data\preprocessed\features\z_v\FAKE_T3_1035_ITH_ANG_XX__AUDIO_1035_ITH_DIS_XX_sadtalker.pt
FAKE_T3_1035_ITH_DIS_XX__AUDIO_1035_ITH_FEA_XX_sadtalker,track3,1,crema_1035,FEA,DIS,-1,1,1,1,,data\preprocessed\features\z_at\FAKE_T3_1035_ITH_DIS_XX__AUDIO_1035_ITH_FEA_XX_sadtalker.pt,data\preprocessed\features\z_v\FAKE_T3_1035_ITH_DIS_XX__AUDIO_1035_ITH_FEA_XX_sadtalker.pt
FAKE_T3_1035_ITH_FEA_XX__AUDIO_1035_ITH_HAP_XX_sadtalker,track3,1,crema_1035,HAP,FEA,-1,1,1,1,,data\preprocessed\features\z_at\FAKE_T3_1035_ITH_FEA_XX__AUDIO_1035_ITH_HAP_XX_sadtalker.pt,data\preprocessed\features\z_v\FAKE_T3_1035_ITH_FEA_XX__AUDIO_1035_ITH_HAP_XX_sadtalker.pt
FAKE_T3_1035_ITH_NEU_XX__AUDIO_1035_ITH_SAD_XX_sadtalker,track3,1,crema_1035,SAD,NEU,-1,1,1,1,,data\preprocessed\features\z_at\FAKE_T3_1035_ITH_NEU_XX__AUDIO_1035_ITH_SAD_XX_sadtalker.pt,data\preprocessed\features\z_v\FAKE_T3_1035_ITH_NEU_XX__AUDIO_1035_ITH_SAD_XX_sadtalker.pt
FAKE_T3_1035_ITS_ANG_XX__AUDIO_1035_ITS_DIS_XX_sadtalker,track3,1,crema_1035,DIS,ANG,-1,1,1,1,,data\preprocessed\features\z_at\FAKE_T3_1035_ITS_ANG_XX__AUDIO_1035_ITS_DIS_XX_sadtalker.pt,data\preprocessed\features\z_v\FAKE_T3_1035_ITS_ANG_XX__AUDIO_1035_ITS_DIS_XX_sadtalker.pt
FAKE_T3_1035_ITS_DIS_XX__AUDIO_1035_ITS_FEA_XX_sadtalker,track3,1,crema_1035,FEA,DIS,-1,1,1,1,,data\preprocessed\features\z_at\FAKE_T3_1035_ITS_DIS_XX__AUDIO_1035_ITS_FEA_XX_sadtalker.pt,data\preprocessed\features\z_v\FAKE_T3_1035_ITS_DIS_XX__AUDIO_1035_ITS_FEA_XX_sadtalker.pt
FAKE_T3_1035_ITS_HAP_XX__AUDIO_1035_ITS_NEU_XX_sadtalker,track3,1,crema_1035,NEU,HAP,-1,1,1,1,,data\preprocessed\features\z_at\FAKE_T3_1035_ITS_HAP_XX__AUDIO_1035_ITS_NEU_XX_sadtalker.pt,data\preprocessed\features\z_v\FAKE_T3_1035_ITS_HAP_XX__AUDIO_1035_ITS_NEU_XX_sadtalker.pt
FAKE_T3_1035_ITS_NEU_XX__AUDIO_1035_ITS_SAD_XX_sadtalker,track3,1,crema_1035,SAD,NEU,-1,1,1,1,,data\preprocessed\features\z_at\FAKE_T3_1035_ITS_NEU_XX__AUDIO_1035_ITS_SAD_XX_sadtalker.pt,data\preprocessed\features\z_v\FAKE_T3_1035_ITS_NEU_XX__AUDIO_1035_ITS_SAD_XX_sadtalker.pt
FAKE_T3_1035_IWL_ANG_XX__AUDIO_1035_IWL_DIS_XX_sadtalker,track3,1,crema_1035,DIS,ANG,-1,1,1,1,,data\preprocessed\features\z_at\FAKE_T3_1035_IWL_ANG_XX__AUDIO_1035_IWL_DIS_XX_sadtalker.pt,data\preprocessed\features\z_v\FAKE_T3_1035_IWL_ANG_XX__AUDIO_1035_IWL_DIS_XX_sadtalker.pt
FAKE_T3_1035_IWL_DIS_XX__AUDIO_1035_IWL_FEA_XX_sadtalker,track3,1,crema_1035,FEA,DIS,-1,1,1,1,,data\preprocessed\features\z_at\FAKE_T3_1035_IWL_DIS_XX__AUDIO_1035_IWL_FEA_XX_sadtalker.pt,data\preprocessed\features\z_v\FAKE_T3_1035_IWL_DIS_XX__AUDIO_1035_IWL_FEA_XX_sadtalker.pt
FAKE_T3_1035_IWL_FEA_XX__AUDIO_1035_IWL_HAP_XX_sadtalker,track3,1,crema_1035,HAP,FEA,-1,1,1,1,,data\preprocessed\features\z_at\FAKE_T3_1035_IWL_FEA_XX__AUDIO_1035_IWL_HAP_XX_sadtalker.pt,data\preprocessed\features\z_v\FAKE_T3_1035_IWL_FEA_XX__AUDIO_1035_IWL_HAP_XX_sadtalker.pt
FAKE_T3_1035_IWL_NEU_XX__AUDIO_1035_IWL_SAD_XX_sadtalker,track3,1,crema_1035,SAD,NEU,-1,1,1,1,,data\preprocessed\features\z_at\FAKE_T3_1035_IWL_NEU_XX__AUDIO_1035_IWL_SAD_XX_sadtalker.pt,data\preprocessed\features\z_v\FAKE_T3_1035_IWL_NEU_XX__AUDIO_1035_IWL_SAD_XX_sadtalker.pt
FAKE_T3_1035_IWW_ANG_XX__AUDIO_1035_IWW_DIS_XX_sadtalker,track3,1,crema_1035,DIS,ANG,-1,1,1,1,,data\preprocessed\features\z_at\FAKE_T3_1035_IWW_ANG_XX__AUDIO_1035_IWW_DIS_XX_sadtalker.pt,data\preprocessed\features\z_v\FAKE_T3_1035_IWW_ANG_XX__AUDIO_1035_IWW_DIS_XX_sadtalker.pt
FAKE_T3_1035_IWW_FEA_XX__AUDIO_1035_IWW_HAP_XX_sadtalker,track3,1,crema_1035,HAP,FEA,-1,1,1,1,,data\preprocessed\features\z_at\FAKE_T3_1035_IWW_FEA_XX__AUDIO_1035_IWW_HAP_XX_sadtalker.pt,data\preprocessed\features\z_v\FAKE_T3_1035_IWW_FEA_XX__AUDIO_1035_IWW_HAP_XX_sadtalker.pt
FAKE_T3_1035_MTI_ANG_XX__AUDIO_1035_MTI_DIS_XX_sadtalker,track3,1,crema_1035,DIS,ANG,-1,1,1,1,,data\preprocessed\features\z_at\FAKE_T3_1035_MTI_ANG_XX__AUDIO_1035_MTI_DIS_XX_sadtalker.pt,data\preprocessed\features\z_v\FAKE_T3_1035_MTI_ANG_XX__AUDIO_1035_MTI_DIS_XX_sadtalker.pt
FAKE_T3_1035_MTI_FEA_XX__AUDIO_1035_MTI_HAP_XX_sadtalker,track3,1,crema_1035,HAP,FEA,-1,1,1,1,,data\preprocessed\features\z_at\FAKE_T3_1035_MTI_FEA_XX__AUDIO_1035_MTI_HAP_XX_sadtalker.pt,data\preprocessed\features\z_v\FAKE_T3_1035_MTI_FEA_XX__AUDIO_1035_MTI_HAP_XX_sadtalker.pt
FAKE_T3_1035_MTI_NEU_XX__AUDIO_1035_MTI_SAD_XX_sadtalker,track3,1,crema_1035,SAD,NEU,-1,1,1,1,,data\preprocessed\features\z_at\FAKE_T3_1035_MTI_NEU_XX__AUDIO_1035_MTI_SAD_XX_sadtalker.pt,data\preprocessed\features\z_v\FAKE_T3_1035_MTI_NEU_XX__AUDIO_1035_MTI_SAD_XX_sadtalker.pt
FAKE_T3_1035_TAI_ANG_XX__AUDIO_1035_TAI_DIS_XX_sadtalker,track3,1,crema_1035,DIS,ANG,-1,1,1,1,,data\preprocessed\features\z_at\FAKE_T3_1035_TAI_ANG_XX__AUDIO_1035_TAI_DIS_XX_sadtalker.pt,data\preprocessed\features\z_v\FAKE_T3_1035_TAI_ANG_XX__AUDIO_1035_TAI_DIS_XX_sadtalker.pt
FAKE_T3_1035_TAI_FEA_XX__AUDIO_1035_TAI_HAP_XX_sadtalker,track3,1,crema_1035,HAP,FEA,-1,1,1,1,,data\preprocessed\features\z_at\FAKE_T3_1035_TAI_FEA_XX__AUDIO_1035_TAI_HAP_XX_sadtalker.pt,data\preprocessed\features\z_v\FAKE_T3_1035_TAI_FEA_XX__AUDIO_1035_TAI_HAP_XX_sadtalker.pt
FAKE_T3_1035_TAI_SAD_XX__AUDIO_1035_TAI_ANG_XX_sadtalker,track3,1,crema_1035,ANG,SAD,-1,1,1,1,,data\preprocessed\features\z_at\FAKE_T3_1035_TAI_SAD_XX__AUDIO_1035_TAI_ANG_XX_sadtalker.pt,data\preprocessed\features\z_v\FAKE_T3_1035_TAI_SAD_XX__AUDIO_1035_TAI_ANG_XX_sadtalker.pt
FAKE_T3_1035_TIE_ANG_XX__AUDIO_1035_TIE_DIS_XX_sadtalker,track3,1,crema_1035,DIS,ANG,-1,1,1,1,,data\preprocessed\features\z_at\FAKE_T3_1035_TIE_ANG_XX__AUDIO_1035_TIE_DIS_XX_sadtalker.pt,data\preprocessed\features\z_v\FAKE_T3_1035_TIE_ANG_XX__AUDIO_1035_TIE_DIS_XX_sadtalker.pt
FAKE_T3_1035_TIE_HAP_XX__AUDIO_1035_TIE_NEU_XX_sadtalker,track3,1,crema_1035,NEU,HAP,-1,1,1,1,,data\preprocessed\features\z_at\FAKE_T3_1035_TIE_HAP_XX__AUDIO_1035_TIE_NEU_XX_sadtalker.pt,data\preprocessed\features\z_v\FAKE_T3_1035_TIE_HAP_XX__AUDIO_1035_TIE_NEU_XX_sadtalker.pt
FAKE_T3_1035_TIE_NEU_XX__AUDIO_1035_TIE_SAD_XX_sadtalker,track3,1,crema_1035,SAD,NEU,-1,1,1,1,,data\preprocessed\features\z_at\FAKE_T3_1035_TIE_NEU_XX__AUDIO_1035_TIE_SAD_XX_sadtalker.pt,data\preprocessed\features\z_v\FAKE_T3_1035_TIE_NEU_XX__AUDIO_1035_TIE_SAD_XX_sadtalker.pt
FAKE_T3_1035_TIE_SAD_XX__AUDIO_1035_TIE_ANG_XX_sadtalker,track3,1,crema_1035,ANG,SAD,-1,1,1,1,,data\preprocessed\features\z_at\FAKE_T3_1035_TIE_SAD_XX__AUDIO_1035_TIE_ANG_XX_sadtalker.pt,data\preprocessed\features\z_v\FAKE_T3_1035_TIE_SAD_XX__AUDIO_1035_TIE_ANG_XX_sadtalker.pt
FAKE_T3_1035_TSI_DIS_XX__AUDIO_1035_TSI_FEA_XX_sadtalker,track3,1,crema_1035,FEA,DIS,-1,1,1,1,,data\preprocessed\features\z_at\FAKE_T3_1035_TSI_DIS_XX__AUDIO_1035_TSI_FEA_XX_sadtalker.pt,data\preprocessed\features\z_v\FAKE_T3_1035_TSI_DIS_XX__AUDIO_1035_TSI_FEA_XX_sadtalker.pt
FAKE_T3_1035_TSI_HAP_XX__AUDIO_1035_TSI_NEU_XX_sadtalker,track3,1,crema_1035,NEU,HAP,-1,1,1,1,,data\preprocessed\features\z_at\FAKE_T3_1035_TSI_HAP_XX__AUDIO_1035_TSI_NEU_XX_sadtalker.pt,data\preprocessed\features\z_v\FAKE_T3_1035_TSI_HAP_XX__AUDIO_1035_TSI_NEU_XX_sadtalker.pt
FAKE_T3_1035_TSI_SAD_XX__AUDIO_1035_TSI_ANG_XX_sadtalker,track3,1,crema_1035,ANG,SAD,-1,1,1,1,,data\preprocessed\features\z_at\FAKE_T3_1035_TSI_SAD_XX__AUDIO_1035_TSI_ANG_XX_sadtalker.pt,data\preprocessed\features\z_v\FAKE_T3_1035_TSI_SAD_XX__AUDIO_1035_TSI_ANG_XX_sadtalker.pt
FAKE_T3_1035_WSI_ANG_XX__AUDIO_1035_WSI_DIS_XX_sadtalker,track3,1,crema_1035,DIS,ANG,-1,1,1,1,,data\preprocessed\features\z_at\FAKE_T3_1035_WSI_ANG_XX__AUDIO_1035_WSI_DIS_XX_sadtalker.pt,data\preprocessed\features\z_v\FAKE_T3_1035_WSI_ANG_XX__AUDIO_1035_WSI_DIS_XX_sadtalker.pt
FAKE_T3_1035_WSI_HAP_XX__AUDIO_1035_WSI_NEU_XX_sadtalker,track3,1,crema_1035,NEU,HAP,-1,1,1,1,,data\preprocessed\features\z_at\FAKE_T3_1035_WSI_HAP_XX__AUDIO_1035_WSI_NEU_XX_sadtalker.pt,data\preprocessed\features\z_v\FAKE_T3_1035_WSI_HAP_XX__AUDIO_1035_WSI_NEU_XX_sadtalker.pt
FAKE_T3_1036_DFA_DIS_XX__AUDIO_1036_DFA_FEA_XX_sadtalker,track3,1,crema_1036,FEA,DIS,-1,1,1,1,,data\preprocessed\features\z_at\FAKE_T3_1036_DFA_DIS_XX__AUDIO_1036_DFA_FEA_XX_sadtalker.pt,data\preprocessed\features\z_v\FAKE_T3_1036_DFA_DIS_XX__AUDIO_1036_DFA_FEA_XX_sadtalker.pt
FAKE_T3_1036_DFA_FEA_XX__AUDIO_1036_DFA_HAP_XX_sadtalker,track3,1,crema_1036,HAP,FEA,-1,1,1,1,,data\preprocessed\features\z_at\FAKE_T3_1036_DFA_FEA_XX__AUDIO_1036_DFA_HAP_XX_sadtalker.pt,data\preprocessed\features\z_v\FAKE_T3_1036_DFA_FEA_XX__AUDIO_1036_DFA_HAP_XX_sadtalker.pt
FAKE_T3_1036_DFA_HAP_XX__AUDIO_1036_DFA_NEU_XX_sadtalker,track3,1,crema_1036,NEU,HAP,-1,1,1,1,,data\preprocessed\features\z_at\FAKE_T3_1036_DFA_HAP_XX__AUDIO_1036_DFA_NEU_XX_sadtalker.pt,data\preprocessed\features\z_v\FAKE_T3_1036_DFA_HAP_XX__AUDIO_1036_DFA_NEU_XX_sadtalker.pt
FAKE_T3_1036_DFA_SAD_XX__AUDIO_1036_DFA_ANG_XX_sadtalker,track3,1,crema_1036,ANG,SAD,-1,1,1,1,,data\preprocessed\features\z_at\FAKE_T3_1036_DFA_SAD_XX__AUDIO_1036_DFA_ANG_XX_sadtalker.pt,data\preprocessed\features\z_v\FAKE_T3_1036_DFA_SAD_XX__AUDIO_1036_DFA_ANG_XX_sadtalker.pt
FAKE_T3_1036_IEO_ANG_HI__AUDIO_1036_IEO_DIS_HI_sadtalker,track3,1,crema_1036,DIS,ANG,-1,1,1,1,,data\preprocessed\features\z_at\FAKE_T3_1036_IEO_ANG_HI__AUDIO_1036_IEO_DIS_HI_sadtalker.pt,data\preprocessed\features\z_v\FAKE_T3_1036_IEO_ANG_HI__AUDIO_1036_IEO_DIS_HI_sadtalker.pt
FAKE_T3_1036_IEO_ANG_MD__AUDIO_1036_IEO_DIS_MD_sadtalker,track3,1,crema_1036,DIS,ANG,-1,1,1,1,,data\preprocessed\features\z_at\FAKE_T3_1036_IEO_ANG_MD__AUDIO_1036_IEO_DIS_MD_sadtalker.pt,data\preprocessed\features\z_v\FAKE_T3_1036_IEO_ANG_MD__AUDIO_1036_IEO_DIS_MD_sadtalker.pt
FAKE_T3_1036_IEO_FEA_LO__AUDIO_1036_IEO_HAP_LO_sadtalker,track3,1,crema_1036,HAP,FEA,-1,1,1,1,,data\preprocessed\features\z_at\FAKE_T3_1036_IEO_FEA_LO__AUDIO_1036_IEO_HAP_LO_sadtalker.pt,data\preprocessed\features\z_v\FAKE_T3_1036_IEO_FEA_LO__AUDIO_1036_IEO_HAP_LO_sadtalker.pt
FAKE_T3_1036_IEO_HAP_HI__AUDIO_1036_IEO_NEU_XX_sadtalker,track3,1,crema_1036,NEU,HAP,-1,1,1,1,,data\preprocessed\features\z_at\FAKE_T3_1036_IEO_HAP_HI__AUDIO_1036_IEO_NEU_XX_sadtalker.pt,data\preprocessed\features\z_v\FAKE_T3_1036_IEO_HAP_HI__AUDIO_1036_IEO_NEU_XX_sadtalker.pt
FAKE_T3_1036_IEO_HAP_LO__AUDIO_1036_IEO_NEU_XX_sadtalker,track3,1,crema_1036,NEU,HAP,-1,1,1,1,,data\preprocessed\features\z_at\FAKE_T3_1036_IEO_HAP_LO__AUDIO_1036_IEO_NEU_XX_sadtalker.pt,data\preprocessed\features\z_v\FAKE_T3_1036_IEO_HAP_LO__AUDIO_1036_IEO_NEU_XX_sadtalker.pt
FAKE_T3_1036_IEO_NEU_XX__AUDIO_1036_IEO_SAD_HI_sadtalker,track3,1,crema_1036,SAD,NEU,-1,1,1,1,,data\preprocessed\features\z_at\FAKE_T3_1036_IEO_NEU_XX__AUDIO_1036_IEO_SAD_HI_sadtalker.pt,data\preprocessed\features\z_v\FAKE_T3_1036_IEO_NEU_XX__AUDIO_1036_IEO_SAD_HI_sadtalker.pt
FAKE_T3_1036_IOM_DIS_XX__AUDIO_1036_IOM_FEA_XX_sadtalker,track3,1,crema_1036,FEA,DIS,-1,1,1,1,,data\preprocessed\features\z_at\FAKE_T3_1036_IOM_DIS_XX__AUDIO_1036_IOM_FEA_XX_sadtalker.pt,data\preprocessed\features\z_v\FAKE_T3_1036_IOM_DIS_XX__AUDIO_1036_IOM_FEA_XX_sadtalker.pt
FAKE_T3_1036_IOM_HAP_XX__AUDIO_1036_IOM_NEU_XX_sadtalker,track3,1,crema_1036,NEU,HAP,-1,1,1,1,,data\preprocessed\features\z_at\FAKE_T3_1036_IOM_HAP_XX__AUDIO_1036_IOM_NEU_XX_sadtalker.pt,data\preprocessed\features\z_v\FAKE_T3_1036_IOM_HAP_XX__AUDIO_1036_IOM_NEU_XX_sadtalker.pt
FAKE_T3_1036_ITH_DIS_XX__AUDIO_1036_ITH_FEA_XX_sadtalker,track3,1,crema_1036,FEA,DIS,-1,1,1,1,,data\preprocessed\features\z_at\FAKE_T3_1036_ITH_DIS_XX__AUDIO_1036_ITH_FEA_XX_sadtalker.pt,data\preprocessed\features\z_v\FAKE_T3_1036_ITH_DIS_XX__AUDIO_1036_ITH_FEA_XX_sadtalker.pt
FAKE_T3_1036_ITH_SAD_XX__AUDIO_1036_ITH_ANG_XX_sadtalker,track3,1,crema_1036,ANG,SAD,-1,1,1,1,,data\preprocessed\features\z_at\FAKE_T3_1036_ITH_SAD_XX__AUDIO_1036_ITH_ANG_XX_sadtalker.pt,data\preprocessed\features\z_v\FAKE_T3_1036_ITH_SAD_XX__AUDIO_1036_ITH_ANG_XX_sadtalker.pt
FAKE_T3_1036_ITS_ANG_XX__AUDIO_1036_ITS_DIS_XX_sadtalker,track3,1,crema_1036,DIS,ANG,-1,1,1,1,,data\preprocessed\features\z_at\FAKE_T3_1036_ITS_ANG_XX__AUDIO_1036_ITS_DIS_XX_sadtalker.pt,data\preprocessed\features\z_v\FAKE_T3_1036_ITS_ANG_XX__AUDIO_1036_ITS_DIS_XX_sadtalker.pt
FAKE_T3_1036_ITS_NEU_XX__AUDIO_1036_ITS_SAD_XX_sadtalker,track3,1,crema_1036,SAD,NEU,-1,1,1,1,,data\preprocessed\features\z_at\FAKE_T3_1036_ITS_NEU_XX__AUDIO_1036_ITS_SAD_XX_sadtalker.pt,data\preprocessed\features\z_v\FAKE_T3_1036_ITS_NEU_XX__AUDIO_1036_ITS_SAD_XX_sadtalker.pt
FAKE_T3_1036_IWL_ANG_XX__AUDIO_1036_IWL_DIS_XX_sadtalker,track3,1,crema_1036,DIS,ANG,-1,1,1,1,,data\preprocessed\features\z_at\FAKE_T3_1036_IWL_ANG_XX__AUDIO_1036_IWL_DIS_XX_sadtalker.pt,data\preprocessed\features\z_v\FAKE_T3_1036_IWL_ANG_XX__AUDIO_1036_IWL_DIS_XX_sadtalker.pt
FAKE_T3_1036_IWL_NEU_XX__AUDIO_1036_IWL_SAD_XX_sadtalker,track3,1,crema_1036,SAD,NEU,-1,1,1,1,,data\preprocessed\features\z_at\FAKE_T3_1036_IWL_NEU_XX__AUDIO_1036_IWL_SAD_XX_sadtalker.pt,data\preprocessed\features\z_v\FAKE_T3_1036_IWL_NEU_XX__AUDIO_1036_IWL_SAD_XX_sadtalker.pt
FAKE_T3_1036_IWL_SAD_XX__AUDIO_1036_IWL_ANG_XX_sadtalker,track3,1,crema_1036,ANG,SAD,-1,1,1,1,,data\preprocessed\features\z_at\FAKE_T3_1036_IWL_SAD_XX__AUDIO_1036_IWL_ANG_XX_sadtalker.pt,data\preprocessed\features\z_v\FAKE_T3_1036_IWL_SAD_XX__AUDIO_1036_IWL_ANG_XX_sadtalker.pt
FAKE_T3_1036_IWW_ANG_XX__AUDIO_1036_IWW_DIS_XX_sadtalker,track3,1,crema_1036,DIS,ANG,-1,1,1,1,,data\preprocessed\features\z_at\FAKE_T3_1036_IWW_ANG_XX__AUDIO_1036_IWW_DIS_XX_sadtalker.pt,data\preprocessed\features\z_v\FAKE_T3_1036_IWW_ANG_XX__AUDIO_1036_IWW_DIS_XX_sadtalker.pt
FAKE_T3_1036_IWW_HAP_XX__AUDIO_1036_IWW_NEU_XX_sadtalker,track3,1,crema_1036,NEU,HAP,-1,1,1,1,,data\preprocessed\features\z_at\FAKE_T3_1036_IWW_HAP_XX__AUDIO_1036_IWW_NEU_XX_sadtalker.pt,data\preprocessed\features\z_v\FAKE_T3_1036_IWW_HAP_XX__AUDIO_1036_IWW_NEU_XX_sadtalker.pt
FAKE_T3_1036_IWW_NEU_XX__AUDIO_1036_IWW_SAD_XX_sadtalker,track3,1,crema_1036,SAD,NEU,-1,1,1,1,,data\preprocessed\features\z_at\FAKE_T3_1036_IWW_NEU_XX__AUDIO_1036_IWW_SAD_XX_sadtalker.pt,data\preprocessed\features\z_v\FAKE_T3_1036_IWW_NEU_XX__AUDIO_1036_IWW_SAD_XX_sadtalker.pt
FAKE_T3_1036_MTI_DIS_XX__AUDIO_1036_MTI_FEA_XX_sadtalker,track3,1,crema_1036,FEA,DIS,-1,1,1,1,,data\preprocessed\features\z_at\FAKE_T3_1036_MTI_DIS_XX__AUDIO_1036_MTI_FEA_XX_sadtalker.pt,data\preprocessed\features\z_v\FAKE_T3_1036_MTI_DIS_XX__AUDIO_1036_MTI_FEA_XX_sadtalker.pt
FAKE_T3_1036_MTI_NEU_XX__AUDIO_1036_MTI_SAD_XX_sadtalker,track3,1,crema_1036,SAD,NEU,-1,1,1,1,,data\preprocessed\features\z_at\FAKE_T3_1036_MTI_NEU_XX__AUDIO_1036_MTI_SAD_XX_sadtalker.pt,data\preprocessed\features\z_v\FAKE_T3_1036_MTI_NEU_XX__AUDIO_1036_MTI_SAD_XX_sadtalker.pt
FAKE_T3_1036_TAI_ANG_XX__AUDIO_1036_TAI_DIS_XX_sadtalker,track3,1,crema_1036,DIS,ANG,-1,1,1,1,,data\preprocessed\features\z_at\FAKE_T3_1036_TAI_ANG_XX__AUDIO_1036_TAI_DIS_XX_sadtalker.pt,data\preprocessed\features\z_v\FAKE_T3_1036_TAI_ANG_XX__AUDIO_1036_TAI_DIS_XX_sadtalker.pt
FAKE_T3_1036_TAI_DIS_XX__AUDIO_1036_TAI_FEA_XX_sadtalker,track3,1,crema_1036,FEA,DIS,-1,1,1,1,,data\preprocessed\features\z_at\FAKE_T3_1036_TAI_DIS_XX__AUDIO_1036_TAI_FEA_XX_sadtalker.pt,data\preprocessed\features\z_v\FAKE_T3_1036_TAI_DIS_XX__AUDIO_1036_TAI_FEA_XX_sadtalker.pt
FAKE_T3_1036_TAI_FEA_XX__AUDIO_1036_TAI_HAP_XX_sadtalker,track3,1,crema_1036,HAP,FEA,-1,1,1,1,,data\preprocessed\features\z_at\FAKE_T3_1036_TAI_FEA_XX__AUDIO_1036_TAI_HAP_XX_sadtalker.pt,data\preprocessed\features\z_v\FAKE_T3_1036_TAI_FEA_XX__AUDIO_1036_TAI_HAP_XX_sadtalker.pt
FAKE_T3_1036_TAI_HAP_XX__AUDIO_1036_TAI_NEU_XX_sadtalker,track3,1,crema_1036,NEU,HAP,-1,1,1,1,,data\preprocessed\features\z_at\FAKE_T3_1036_TAI_HAP_XX__AUDIO_1036_TAI_NEU_XX_sadtalker.pt,data\preprocessed\features\z_v\FAKE_T3_1036_TAI_HAP_XX__AUDIO_1036_TAI_NEU_XX_sadtalker.pt
FAKE_T3_1036_TAI_NEU_XX__AUDIO_1036_TAI_SAD_XX_sadtalker,track3,1,crema_1036,SAD,NEU,-1,1,1,1,,data\preprocessed\features\z_at\FAKE_T3_1036_TAI_NEU_XX__AUDIO_1036_TAI_SAD_XX_sadtalker.pt,data\preprocessed\features\z_v\FAKE_T3_1036_TAI_NEU_XX__AUDIO_1036_TAI_SAD_XX_sadtalker.pt
FAKE_T3_1036_TAI_SAD_XX__AUDIO_1036_TAI_ANG_XX_sadtalker,track3,1,crema_1036,ANG,SAD,-1,1,1,1,,data\preprocessed\features\z_at\FAKE_T3_1036_TAI_SAD_XX__AUDIO_1036_TAI_ANG_XX_sadtalker.pt,data\preprocessed\features\z_v\FAKE_T3_1036_TAI_SAD_XX__AUDIO_1036_TAI_ANG_XX_sadtalker.pt
FAKE_T3_1036_TIE_ANG_XX__AUDIO_1036_TIE_DIS_XX_sadtalker,track3,1,crema_1036,DIS,ANG,-1,1,1,1,,data\preprocessed\features\z_at\FAKE_T3_1036_TIE_ANG_XX__AUDIO_1036_TIE_DIS_XX_sadtalker.pt,data\preprocessed\features\z_v\FAKE_T3_1036_TIE_ANG_XX__AUDIO_1036_TIE_DIS_XX_sadtalker.pt
FAKE_T3_1036_TIE_DIS_XX__AUDIO_1036_TIE_FEA_XX_sadtalker,track3,1,crema_1036,FEA,DIS,-1,1,1,1,,data\preprocessed\features\z_at\FAKE_T3_1036_TIE_DIS_XX__AUDIO_1036_TIE_FEA_XX_sadtalker.pt,data\preprocessed\features\z_v\FAKE_T3_1036_TIE_DIS_XX__AUDIO_1036_TIE_FEA_XX_sadtalker.pt
FAKE_T3_1036_TIE_FEA_XX__AUDIO_1036_TIE_HAP_XX_sadtalker,track3,1,crema_1036,HAP,FEA,-1,1,1,1,,data\preprocessed\features\z_at\FAKE_T3_1036_TIE_FEA_XX__AUDIO_1036_TIE_HAP_XX_sadtalker.pt,data\preprocessed\features\z_v\FAKE_T3_1036_TIE_FEA_XX__AUDIO_1036_TIE_HAP_XX_sadtalker.pt
FAKE_T3_1036_TIE_HAP_XX__AUDIO_1036_TIE_NEU_XX_sadtalker,track3,1,crema_1036,NEU,HAP,-1,1,1,1,,data\preprocessed\features\z_at\FAKE_T3_1036_TIE_HAP_XX__AUDIO_1036_TIE_NEU_XX_sadtalker.pt,data\preprocessed\features\z_v\FAKE_T3_1036_TIE_HAP_XX__AUDIO_1036_TIE_NEU_XX_sadtalker.pt
FAKE_T3_1036_TIE_SAD_XX__AUDIO_1036_TIE_ANG_XX_sadtalker,track3,1,crema_1036,ANG,SAD,-1,1,1,1,,data\preprocessed\features\z_at\FAKE_T3_1036_TIE_SAD_XX__AUDIO_1036_TIE_ANG_XX_sadtalker.pt,data\preprocessed\features\z_v\FAKE_T3_1036_TIE_SAD_XX__AUDIO_1036_TIE_ANG_XX_sadtalker.pt
FAKE_T3_1036_TSI_ANG_XX__AUDIO_1036_TSI_DIS_XX_sadtalker,track3,1,crema_1036,DIS,ANG,-1,1,1,1,,data\preprocessed\features\z_at\FAKE_T3_1036_TSI_ANG_XX__AUDIO_1036_TSI_DIS_XX_sadtalker.pt,data\preprocessed\features\z_v\FAKE_T3_1036_TSI_ANG_XX__AUDIO_1036_TSI_DIS_XX_sadtalker.pt
FAKE_T3_1036_TSI_FEA_XX__AUDIO_1036_TSI_HAP_XX_sadtalker,track3,1,crema_1036,HAP,FEA,-1,1,1,1,,data\preprocessed\features\z_at\FAKE_T3_1036_TSI_FEA_XX__AUDIO_1036_TSI_HAP_XX_sadtalker.pt,data\preprocessed\features\z_v\FAKE_T3_1036_TSI_FEA_XX__AUDIO_1036_TSI_HAP_XX_sadtalker.pt
FAKE_T3_1036_TSI_HAP_XX__AUDIO_1036_TSI_NEU_XX_sadtalker,track3,1,crema_1036,NEU,HAP,-1,1,1,1,,data\preprocessed\features\z_at\FAKE_T3_1036_TSI_HAP_XX__AUDIO_1036_TSI_NEU_XX_sadtalker.pt,data\preprocessed\features\z_v\FAKE_T3_1036_TSI_HAP_XX__AUDIO_1036_TSI_NEU_XX_sadtalker.pt
FAKE_T3_1036_TSI_SAD_XX__AUDIO_1036_TSI_ANG_XX_sadtalker,track3,1,crema_1036,ANG,SAD,-1,1,1,1,,data\preprocessed\features\z_at\FAKE_T3_1036_TSI_SAD_XX__AUDIO_1036_TSI_ANG_XX_sadtalker.pt,data\preprocessed\features\z_v\FAKE_T3_1036_TSI_SAD_XX__AUDIO_1036_TSI_ANG_XX_sadtalker.pt
FAKE_T3_1036_WSI_DIS_XX__AUDIO_1036_WSI_FEA_XX_sadtalker,track3,1,crema_1036,FEA,DIS,-1,1,1,1,,data\preprocessed\features\z_at\FAKE_T3_1036_WSI_DIS_XX__AUDIO_1036_WSI_FEA_XX_sadtalker.pt,data\preprocessed\features\z_v\FAKE_T3_1036_WSI_DIS_XX__AUDIO_1036_WSI_FEA_XX_sadtalker.pt
FAKE_T3_1036_WSI_NEU_XX__AUDIO_1036_WSI_SAD_XX_sadtalker,track3,1,crema_1036,SAD,NEU,-1,1,1,1,,data\preprocessed\features\z_at\FAKE_T3_1036_WSI_NEU_XX__AUDIO_1036_WSI_SAD_XX_sadtalker.pt,data\preprocessed\features\z_v\FAKE_T3_1036_WSI_NEU_XX__AUDIO_1036_WSI_SAD_XX_sadtalker.pt
FAKE_T3_1037_DFA_ANG_XX__AUDIO_1037_DFA_DIS_XX_sadtalker,track3,1,crema_1037,DIS,ANG,-1,1,1,1,,data\preprocessed\features\z_at\FAKE_T3_1037_DFA_ANG_XX__AUDIO_1037_DFA_DIS_XX_sadtalker.pt,data\preprocessed\features\z_v\FAKE_T3_1037_DFA_ANG_XX__AUDIO_1037_DFA_DIS_XX_sadtalker.pt
FAKE_T3_1037_DFA_DIS_XX__AUDIO_1037_DFA_FEA_XX_sadtalker,track3,1,crema_1037,FEA,DIS,-1,1,1,1,,data\preprocessed\features\z_at\FAKE_T3_1037_DFA_DIS_XX__AUDIO_1037_DFA_FEA_XX_sadtalker.pt,data\preprocessed\features\z_v\FAKE_T3_1037_DFA_DIS_XX__AUDIO_1037_DFA_FEA_XX_sadtalker.pt
FAKE_T3_1037_DFA_FEA_XX__AUDIO_1037_DFA_HAP_XX_sadtalker,track3,1,crema_1037,HAP,FEA,-1,1,1,1,,data\preprocessed\features\z_at\FAKE_T3_1037_DFA_FEA_XX__AUDIO_1037_DFA_HAP_XX_sadtalker.pt,data\preprocessed\features\z_v\FAKE_T3_1037_DFA_FEA_XX__AUDIO_1037_DFA_HAP_XX_sadtalker.pt
FAKE_T3_1037_DFA_HAP_XX__AUDIO_1037_DFA_NEU_XX_sadtalker,track3,1,crema_1037,NEU,HAP,-1,1,1,1,,data\preprocessed\features\z_at\FAKE_T3_1037_DFA_HAP_XX__AUDIO_1037_DFA_NEU_XX_sadtalker.pt,data\preprocessed\features\z_v\FAKE_T3_1037_DFA_HAP_XX__AUDIO_1037_DFA_NEU_XX_sadtalker.pt
FAKE_T3_1037_DFA_NEU_XX__AUDIO_1037_DFA_SAD_XX_sadtalker,track3,1,crema_1037,SAD,NEU,-1,1,1,1,,data\preprocessed\features\z_at\FAKE_T3_1037_DFA_NEU_XX__AUDIO_1037_DFA_SAD_XX_sadtalker.pt,data\preprocessed\features\z_v\FAKE_T3_1037_DFA_NEU_XX__AUDIO_1037_DFA_SAD_XX_sadtalker.pt
FAKE_T3_1037_IEO_ANG_HI__AUDIO_1037_IEO_DIS_HI_sadtalker,track3,1,crema_1037,DIS,ANG,-1,1,1,1,,data\preprocessed\features\z_at\FAKE_T3_1037_IEO_ANG_HI__AUDIO_1037_IEO_DIS_HI_sadtalker.pt,data\preprocessed\features\z_v\FAKE_T3_1037_IEO_ANG_HI__AUDIO_1037_IEO_DIS_HI_sadtalker.pt
FAKE_T3_1037_IEO_ANG_LO__AUDIO_1037_IEO_DIS_LO_sadtalker,track3,1,crema_1037,DIS,ANG,-1,1,1,1,,data\preprocessed\features\z_at\FAKE_T3_1037_IEO_ANG_LO__AUDIO_1037_IEO_DIS_LO_sadtalker.pt,data\preprocessed\features\z_v\FAKE_T3_1037_IEO_ANG_LO__AUDIO_1037_IEO_DIS_LO_sadtalker.pt
FAKE_T3_1037_IEO_ANG_MD__AUDIO_1037_IEO_DIS_MD_sadtalker,track3,1,crema_1037,DIS,ANG,-1,1,1,1,,data\preprocessed\features\z_at\FAKE_T3_1037_IEO_ANG_MD__AUDIO_1037_IEO_DIS_MD_sadtalker.pt,data\preprocessed\features\z_v\FAKE_T3_1037_IEO_ANG_MD__AUDIO_1037_IEO_DIS_MD_sadtalker.pt
FAKE_T3_1037_IEO_DIS_HI__AUDIO_1037_IEO_FEA_HI_sadtalker,track3,1,crema_1037,FEA,DIS,-1,1,1,1,,data\preprocessed\features\z_at\FAKE_T3_1037_IEO_DIS_HI__AUDIO_1037_IEO_FEA_HI_sadtalker.pt,data\preprocessed\features\z_v\FAKE_T3_1037_IEO_DIS_HI__AUDIO_1037_IEO_FEA_HI_sadtalker.pt
FAKE_T3_1037_IEO_DIS_LO__AUDIO_1037_IEO_FEA_LO_sadtalker,track3,1,crema_1037,FEA,DIS,-1,1,1,1,,data\preprocessed\features\z_at\FAKE_T3_1037_IEO_DIS_LO__AUDIO_1037_IEO_FEA_LO_sadtalker.pt,data\preprocessed\features\z_v\FAKE_T3_1037_IEO_DIS_LO__AUDIO_1037_IEO_FEA_LO_sadtalker.pt
FAKE_T3_1037_IEO_DIS_MD__AUDIO_1037_IEO_FEA_MD_sadtalker,track3,1,crema_1037,FEA,DIS,-1,1,1,1,,data\preprocessed\features\z_at\FAKE_T3_1037_IEO_DIS_MD__AUDIO_1037_IEO_FEA_MD_sadtalker.pt,data\preprocessed\features\z_v\FAKE_T3_1037_IEO_DIS_MD__AUDIO_1037_IEO_FEA_MD_sadtalker.pt
FAKE_T3_1037_IEO_FEA_LO__AUDIO_1037_IEO_HAP_LO_sadtalker,track3,1,crema_1037,HAP,FEA,-1,1,1,1,,data\preprocessed\features\z_at\FAKE_T3_1037_IEO_FEA_LO__AUDIO_1037_IEO_HAP_LO_sadtalker.pt,data\preprocessed\features\z_v\FAKE_T3_1037_IEO_FEA_LO__AUDIO_1037_IEO_HAP_LO_sadtalker.pt
FAKE_T3_1037_IEO_HAP_HI__AUDIO_1037_IEO_NEU_XX_sadtalker,track3,1,crema_1037,NEU,HAP,-1,1,1,1,,data\preprocessed\features\z_at\FAKE_T3_1037_IEO_HAP_HI__AUDIO_1037_IEO_NEU_XX_sadtalker.pt,data\preprocessed\features\z_v\FAKE_T3_1037_IEO_HAP_HI__AUDIO_1037_IEO_NEU_XX_sadtalker.pt
FAKE_T3_1037_IEO_SAD_MD__AUDIO_1037_IEO_ANG_MD_sadtalker,track3,1,crema_1037,ANG,SAD,-1,1,1,1,,data\preprocessed\features\z_at\FAKE_T3_1037_IEO_SAD_MD__AUDIO_1037_IEO_ANG_MD_sadtalker.pt,data\preprocessed\features\z_v\FAKE_T3_1037_IEO_SAD_MD__AUDIO_1037_IEO_ANG_MD_sadtalker.pt
FAKE_T3_1037_IOM_NEU_XX__AUDIO_1037_IOM_SAD_XX_sadtalker,track3,1,crema_1037,SAD,NEU,-1,1,1,1,,data\preprocessed\features\z_at\FAKE_T3_1037_IOM_NEU_XX__AUDIO_1037_IOM_SAD_XX_sadtalker.pt,data\preprocessed\features\z_v\FAKE_T3_1037_IOM_NEU_XX__AUDIO_1037_IOM_SAD_XX_sadtalker.pt
FAKE_T3_1037_ITH_NEU_XX__AUDIO_1037_ITH_SAD_XX_sadtalker,track3,1,crema_1037,SAD,NEU,-1,1,1,1,,data\preprocessed\features\z_at\FAKE_T3_1037_ITH_NEU_XX__AUDIO_1037_ITH_SAD_XX_sadtalker.pt,data\preprocessed\features\z_v\FAKE_T3_1037_ITH_NEU_XX__AUDIO_1037_ITH_SAD_XX_sadtalker.pt
FAKE_T3_1037_ITH_SAD_XX__AUDIO_1037_ITH_ANG_XX_sadtalker,track3,1,crema_1037,ANG,SAD,-1,1,1,1,,data\preprocessed\features\z_at\FAKE_T3_1037_ITH_SAD_XX__AUDIO_1037_ITH_ANG_XX_sadtalker.pt,data\preprocessed\features\z_v\FAKE_T3_1037_ITH_SAD_XX__AUDIO_1037_ITH_ANG_XX_sadtalker.pt
FAKE_T3_1037_ITS_ANG_XX__AUDIO_1037_ITS_DIS_XX_sadtalker,track3,1,crema_1037,DIS,ANG,-1,1,1,1,,data\preprocessed\features\z_at\FAKE_T3_1037_ITS_ANG_XX__AUDIO_1037_ITS_DIS_XX_sadtalker.pt,data\preprocessed\features\z_v\FAKE_T3_1037_ITS_ANG_XX__AUDIO_1037_ITS_DIS_XX_sadtalker.pt
FAKE_T3_1037_ITS_FEA_XX__AUDIO_1037_ITS_HAP_XX_sadtalker,track3,1,crema_1037,HAP,FEA,-1,1,1,1,,data\preprocessed\features\z_at\FAKE_T3_1037_ITS_FEA_XX__AUDIO_1037_ITS_HAP_XX_sadtalker.pt,data\preprocessed\features\z_v\FAKE_T3_1037_ITS_FEA_XX__AUDIO_1037_ITS_HAP_XX_sadtalker.pt
FAKE_T3_1037_ITS_NEU_XX__AUDIO_1037_ITS_SAD_XX_sadtalker,track3,1,crema_1037,SAD,NEU,-1,1,1,1,,data\preprocessed\features\z_at\FAKE_T3_1037_ITS_NEU_XX__AUDIO_1037_ITS_SAD_XX_sadtalker.pt,data\preprocessed\features\z_v\FAKE_T3_1037_ITS_NEU_XX__AUDIO_1037_ITS_SAD_XX_sadtalker.pt
FAKE_T3_1037_ITS_SAD_XX__AUDIO_1037_ITS_ANG_XX_sadtalker,track3,1,crema_1037,ANG,SAD,-1,1,1,1,,data\preprocessed\features\z_at\FAKE_T3_1037_ITS_SAD_XX__AUDIO_1037_ITS_ANG_XX_sadtalker.pt,data\preprocessed\features\z_v\FAKE_T3_1037_ITS_SAD_XX__AUDIO_1037_ITS_ANG_XX_sadtalker.pt
FAKE_T3_1037_IWL_FEA_XX__AUDIO_1037_IWL_HAP_XX_sadtalker,track3,1,crema_1037,HAP,FEA,-1,1,1,1,,data\preprocessed\features\z_at\FAKE_T3_1037_IWL_FEA_XX__AUDIO_1037_IWL_HAP_XX_sadtalker.pt,data\preprocessed\features\z_v\FAKE_T3_1037_IWL_FEA_XX__AUDIO_1037_IWL_HAP_XX_sadtalker.pt
FAKE_T3_1037_IWL_HAP_XX__AUDIO_1037_IWL_NEU_XX_sadtalker,track3,1,crema_1037,NEU,HAP,-1,1,1,1,,data\preprocessed\features\z_at\FAKE_T3_1037_IWL_HAP_XX__AUDIO_1037_IWL_NEU_XX_sadtalker.pt,data\preprocessed\features\z_v\FAKE_T3_1037_IWL_HAP_XX__AUDIO_1037_IWL_NEU_XX_sadtalker.pt
FAKE_T3_1037_IWL_NEU_XX__AUDIO_1037_IWL_SAD_XX_sadtalker,track3,1,crema_1037,SAD,NEU,-1,1,1,1,,data\preprocessed\features\z_at\FAKE_T3_1037_IWL_NEU_XX__AUDIO_1037_IWL_SAD_XX_sadtalker.pt,data\preprocessed\features\z_v\FAKE_T3_1037_IWL_NEU_XX__AUDIO_1037_IWL_SAD_XX_sadtalker.pt
FAKE_T3_1037_IWW_DIS_XX__AUDIO_1037_IWW_FEA_XX_sadtalker,track3,1,crema_1037,FEA,DIS,-1,1,1,1,,data\preprocessed\features\z_at\FAKE_T3_1037_IWW_DIS_XX__AUDIO_1037_IWW_FEA_XX_sadtalker.pt,data\preprocessed\features\z_v\FAKE_T3_1037_IWW_DIS_XX__AUDIO_1037_IWW_FEA_XX_sadtalker.pt
FAKE_T3_1037_IWW_FEA_XX__AUDIO_1037_IWW_HAP_XX_sadtalker,track3,1,crema_1037,HAP,FEA,-1,1,1,1,,data\preprocessed\features\z_at\FAKE_T3_1037_IWW_FEA_XX__AUDIO_1037_IWW_HAP_XX_sadtalker.pt,data\preprocessed\features\z_v\FAKE_T3_1037_IWW_FEA_XX__AUDIO_1037_IWW_HAP_XX_sadtalker.pt
FAKE_T3_1037_IWW_HAP_XX__AUDIO_1037_IWW_NEU_XX_sadtalker,track3,1,crema_1037,NEU,HAP,-1,1,1,1,,data\preprocessed\features\z_at\FAKE_T3_1037_IWW_HAP_XX__AUDIO_1037_IWW_NEU_XX_sadtalker.pt,data\preprocessed\features\z_v\FAKE_T3_1037_IWW_HAP_XX__AUDIO_1037_IWW_NEU_XX_sadtalker.pt
FAKE_T3_1037_IWW_SAD_XX__AUDIO_1037_IWW_ANG_XX_sadtalker,track3,1,crema_1037,ANG,SAD,-1,1,1,1,,data\preprocessed\features\z_at\FAKE_T3_1037_IWW_SAD_XX__AUDIO_1037_IWW_ANG_XX_sadtalker.pt,data\preprocessed\features\z_v\FAKE_T3_1037_IWW_SAD_XX__AUDIO_1037_IWW_ANG_XX_sadtalker.pt
FAKE_T3_1037_MTI_HAP_XX__AUDIO_1037_MTI_NEU_XX_sadtalker,track3,1,crema_1037,NEU,HAP,-1,1,1,1,,data\preprocessed\features\z_at\FAKE_T3_1037_MTI_HAP_XX__AUDIO_1037_MTI_NEU_XX_sadtalker.pt,data\preprocessed\features\z_v\FAKE_T3_1037_MTI_HAP_XX__AUDIO_1037_MTI_NEU_XX_sadtalker.pt
FAKE_T3_1037_MTI_NEU_XX__AUDIO_1037_MTI_SAD_XX_sadtalker,track3,1,crema_1037,SAD,NEU,-1,1,1,1,,data\preprocessed\features\z_at\FAKE_T3_1037_MTI_NEU_XX__AUDIO_1037_MTI_SAD_XX_sadtalker.pt,data\preprocessed\features\z_v\FAKE_T3_1037_MTI_NEU_XX__AUDIO_1037_MTI_SAD_XX_sadtalker.pt
FAKE_T3_1037_MTI_SAD_XX__AUDIO_1037_MTI_ANG_XX_sadtalker,track3,1,crema_1037,ANG,SAD,-1,1,1,1,,data\preprocessed\features\z_at\FAKE_T3_1037_MTI_SAD_XX__AUDIO_1037_MTI_ANG_XX_sadtalker.pt,data\preprocessed\features\z_v\FAKE_T3_1037_MTI_SAD_XX__AUDIO_1037_MTI_ANG_XX_sadtalker.pt
FAKE_T3_1037_TAI_ANG_XX__AUDIO_1037_TAI_DIS_XX_sadtalker,track3,1,crema_1037,DIS,ANG,-1,1,1,1,,data\preprocessed\features\z_at\FAKE_T3_1037_TAI_ANG_XX__AUDIO_1037_TAI_DIS_XX_sadtalker.pt,data\preprocessed\features\z_v\FAKE_T3_1037_TAI_ANG_XX__AUDIO_1037_TAI_DIS_XX_sadtalker.pt
FAKE_T3_1037_TAI_HAP_XX__AUDIO_1037_TAI_NEU_XX_sadtalker,track3,1,crema_1037,NEU,HAP,-1,1,1,1,,data\preprocessed\features\z_at\FAKE_T3_1037_TAI_HAP_XX__AUDIO_1037_TAI_NEU_XX_sadtalker.pt,data\preprocessed\features\z_v\FAKE_T3_1037_TAI_HAP_XX__AUDIO_1037_TAI_NEU_XX_sadtalker.pt
FAKE_T3_1037_TIE_ANG_XX__AUDIO_1037_TIE_DIS_XX_sadtalker,track3,1,crema_1037,DIS,ANG,-1,1,1,1,,data\preprocessed\features\z_at\FAKE_T3_1037_TIE_ANG_XX__AUDIO_1037_TIE_DIS_XX_sadtalker.pt,data\preprocessed\features\z_v\FAKE_T3_1037_TIE_ANG_XX__AUDIO_1037_TIE_DIS_XX_sadtalker.pt
FAKE_T3_1037_TIE_HAP_XX__AUDIO_1037_TIE_NEU_XX_sadtalker,track3,1,crema_1037,NEU,HAP,-1,1,1,1,,data\preprocessed\features\z_at\FAKE_T3_1037_TIE_HAP_XX__AUDIO_1037_TIE_NEU_XX_sadtalker.pt,data\preprocessed\features\z_v\FAKE_T3_1037_TIE_HAP_XX__AUDIO_1037_TIE_NEU_XX_sadtalker.pt
FAKE_T3_1037_TIE_NEU_XX__AUDIO_1037_TIE_SAD_XX_sadtalker,track3,1,crema_1037,SAD,NEU,-1,1,1,1,,data\preprocessed\features\z_at\FAKE_T3_1037_TIE_NEU_XX__AUDIO_1037_TIE_SAD_XX_sadtalker.pt,data\preprocessed\features\z_v\FAKE_T3_1037_TIE_NEU_XX__AUDIO_1037_TIE_SAD_XX_sadtalker.pt
FAKE_T3_1037_TSI_ANG_XX__AUDIO_1037_TSI_DIS_XX_sadtalker,track3,1,crema_1037,DIS,ANG,-1,1,1,1,,data\preprocessed\features\z_at\FAKE_T3_1037_TSI_ANG_XX__AUDIO_1037_TSI_DIS_XX_sadtalker.pt,data\preprocessed\features\z_v\FAKE_T3_1037_TSI_ANG_XX__AUDIO_1037_TSI_DIS_XX_sadtalker.pt
FAKE_T3_1037_TSI_DIS_XX__AUDIO_1037_TSI_FEA_XX_sadtalker,track3,1,crema_1037,FEA,DIS,-1,1,1,1,,data\preprocessed\features\z_at\FAKE_T3_1037_TSI_DIS_XX__AUDIO_1037_TSI_FEA_XX_sadtalker.pt,data\preprocessed\features\z_v\FAKE_T3_1037_TSI_DIS_XX__AUDIO_1037_TSI_FEA_XX_sadtalker.pt
FAKE_T3_1037_WSI_HAP_XX__AUDIO_1037_WSI_NEU_XX_sadtalker,track3,1,crema_1037,NEU,HAP,-1,1,1,1,,data\preprocessed\features\z_at\FAKE_T3_1037_WSI_HAP_XX__AUDIO_1037_WSI_NEU_XX_sadtalker.pt,data\preprocessed\features\z_v\FAKE_T3_1037_WSI_HAP_XX__AUDIO_1037_WSI_NEU_XX_sadtalker.pt
FAKE_T3_1037_WSI_NEU_XX__AUDIO_1037_WSI_SAD_XX_sadtalker,track3,1,crema_1037,SAD,NEU,-1,1,1,1,,data\preprocessed\features\z_at\FAKE_T3_1037_WSI_NEU_XX__AUDIO_1037_WSI_SAD_XX_sadtalker.pt,data\preprocessed\features\z_v\FAKE_T3_1037_WSI_NEU_XX__AUDIO_1037_WSI_SAD_XX_sadtalker.pt
FAKE_T3_1037_WSI_SAD_XX__AUDIO_1037_WSI_ANG_XX_sadtalker,track3,1,crema_1037,ANG,SAD,-1,1,1,1,,data\preprocessed\features\z_at\FAKE_T3_1037_WSI_SAD_XX__AUDIO_1037_WSI_ANG_XX_sadtalker.pt,data\preprocessed\features\z_v\FAKE_T3_1037_WSI_SAD_XX__AUDIO_1037_WSI_ANG_XX_sadtalker.pt
FAKE_T3_1038_DFA_HAP_XX__AUDIO_1038_DFA_NEU_XX_sadtalker,track3,1,crema_1038,NEU,HAP,-1,1,1,1,,data\preprocessed\features\z_at\FAKE_T3_1038_DFA_HAP_XX__AUDIO_1038_DFA_NEU_XX_sadtalker.pt,data\preprocessed\features\z_v\FAKE_T3_1038_DFA_HAP_XX__AUDIO_1038_DFA_NEU_XX_sadtalker.pt
FAKE_T3_1038_IEO_DIS_HI__AUDIO_1038_IEO_FEA_HI_sadtalker,track3,1,crema_1038,FEA,DIS,-1,1,1,1,,data\preprocessed\features\z_at\FAKE_T3_1038_IEO_DIS_HI__AUDIO_1038_IEO_FEA_HI_sadtalker.pt,data\preprocessed\features\z_v\FAKE_T3_1038_IEO_DIS_HI__AUDIO_1038_IEO_FEA_HI_sadtalker.pt
FAKE_T3_1038_IEO_FEA_HI__AUDIO_1038_IEO_HAP_HI_sadtalker,track3,1,crema_1038,HAP,FEA,-1,1,1,1,,data\preprocessed\features\z_at\FAKE_T3_1038_IEO_FEA_HI__AUDIO_1038_IEO_HAP_HI_sadtalker.pt,data\preprocessed\features\z_v\FAKE_T3_1038_IEO_FEA_HI__AUDIO_1038_IEO_HAP_HI_sadtalker.pt
FAKE_T3_1038_IEO_FEA_LO__AUDIO_1038_IEO_HAP_LO_sadtalker,track3,1,crema_1038,HAP,FEA,-1,1,1,1,,data\preprocessed\features\z_at\FAKE_T3_1038_IEO_FEA_LO__AUDIO_1038_IEO_HAP_LO_sadtalker.pt,data\preprocessed\features\z_v\FAKE_T3_1038_IEO_FEA_LO__AUDIO_1038_IEO_HAP_LO_sadtalker.pt
FAKE_T3_1038_IEO_FEA_MD__AUDIO_1038_IEO_HAP_MD_sadtalker,track3,1,crema_1038,HAP,FEA,-1,1,1,1,,data\preprocessed\features\z_at\FAKE_T3_1038_IEO_FEA_MD__AUDIO_1038_IEO_HAP_MD_sadtalker.pt,data\preprocessed\features\z_v\FAKE_T3_1038_IEO_FEA_MD__AUDIO_1038_IEO_HAP_MD_sadtalker.pt
FAKE_T3_1038_IEO_HAP_HI__AUDIO_1038_IEO_NEU_XX_sadtalker,track3,1,crema_1038,NEU,HAP,-1,1,1,1,,data\preprocessed\features\z_at\FAKE_T3_1038_IEO_HAP_HI__AUDIO_1038_IEO_NEU_XX_sadtalker.pt,data\preprocessed\features\z_v\FAKE_T3_1038_IEO_HAP_HI__AUDIO_1038_IEO_NEU_XX_sadtalker.pt
FAKE_T3_1038_IEO_HAP_MD__AUDIO_1038_IEO_NEU_XX_sadtalker,track3,1,crema_1038,NEU,HAP,-1,1,1,1,,data\preprocessed\features\z_at\FAKE_T3_1038_IEO_HAP_MD__AUDIO_1038_IEO_NEU_XX_sadtalker.pt,data\preprocessed\features\z_v\FAKE_T3_1038_IEO_HAP_MD__AUDIO_1038_IEO_NEU_XX_sadtalker.pt
FAKE_T3_1038_IEO_NEU_XX__AUDIO_1038_IEO_SAD_HI_sadtalker,track3,1,crema_1038,SAD,NEU,-1,1,1,1,,data\preprocessed\features\z_at\FAKE_T3_1038_IEO_NEU_XX__AUDIO_1038_IEO_SAD_HI_sadtalker.pt,data\preprocessed\features\z_v\FAKE_T3_1038_IEO_NEU_XX__AUDIO_1038_IEO_SAD_HI_sadtalker.pt
FAKE_T3_1038_IEO_SAD_MD__AUDIO_1038_IEO_ANG_MD_sadtalker,track3,1,crema_1038,ANG,SAD,-1,1,1,1,,data\preprocessed\features\z_at\FAKE_T3_1038_IEO_SAD_MD__AUDIO_1038_IEO_ANG_MD_sadtalker.pt,data\preprocessed\features\z_v\FAKE_T3_1038_IEO_SAD_MD__AUDIO_1038_IEO_ANG_MD_sadtalker.pt
FAKE_T3_1038_IOM_ANG_XX__AUDIO_1038_IOM_DIS_XX_sadtalker,track3,1,crema_1038,DIS,ANG,-1,1,1,1,,data\preprocessed\features\z_at\FAKE_T3_1038_IOM_ANG_XX__AUDIO_1038_IOM_DIS_XX_sadtalker.pt,data\preprocessed\features\z_v\FAKE_T3_1038_IOM_ANG_XX__AUDIO_1038_IOM_DIS_XX_sadtalker.pt
FAKE_T3_1038_IOM_HAP_XX__AUDIO_1038_IOM_NEU_XX_sadtalker,track3,1,crema_1038,NEU,HAP,-1,1,1,1,,data\preprocessed\features\z_at\FAKE_T3_1038_IOM_HAP_XX__AUDIO_1038_IOM_NEU_XX_sadtalker.pt,data\preprocessed\features\z_v\FAKE_T3_1038_IOM_HAP_XX__AUDIO_1038_IOM_NEU_XX_sadtalker.pt
FAKE_T3_1038_IOM_SAD_XX__AUDIO_1038_IOM_ANG_XX_sadtalker,track3,1,crema_1038,ANG,SAD,-1,1,1,1,,data\preprocessed\features\z_at\FAKE_T3_1038_IOM_SAD_XX__AUDIO_1038_IOM_ANG_XX_sadtalker.pt,data\preprocessed\features\z_v\FAKE_T3_1038_IOM_SAD_XX__AUDIO_1038_IOM_ANG_XX_sadtalker.pt
FAKE_T3_1038_ITH_ANG_XX__AUDIO_1038_ITH_DIS_XX_sadtalker,track3,1,crema_1038,DIS,ANG,-1,1,1,1,,data\preprocessed\features\z_at\FAKE_T3_1038_ITH_ANG_XX__AUDIO_1038_ITH_DIS_XX_sadtalker.pt,data\preprocessed\features\z_v\FAKE_T3_1038_ITH_ANG_XX__AUDIO_1038_ITH_DIS_XX_sadtalker.pt
FAKE_T3_1038_ITH_DIS_XX__AUDIO_1038_ITH_FEA_XX_sadtalker,track3,1,crema_1038,FEA,DIS,-1,1,1,1,,data\preprocessed\features\z_at\FAKE_T3_1038_ITH_DIS_XX__AUDIO_1038_ITH_FEA_XX_sadtalker.pt,data\preprocessed\features\z_v\FAKE_T3_1038_ITH_DIS_XX__AUDIO_1038_ITH_FEA_XX_sadtalker.pt
FAKE_T3_1038_ITH_FEA_XX__AUDIO_1038_ITH_HAP_XX_sadtalker,track3,1,crema_1038,HAP,FEA,-1,1,1,1,,data\preprocessed\features\z_at\FAKE_T3_1038_ITH_FEA_XX__AUDIO_1038_ITH_HAP_XX_sadtalker.pt,data\preprocessed\features\z_v\FAKE_T3_1038_ITH_FEA_XX__AUDIO_1038_ITH_HAP_XX_sadtalker.pt
FAKE_T3_1038_ITH_NEU_XX__AUDIO_1038_ITH_SAD_XX_sadtalker,track3,1,crema_1038,SAD,NEU,-1,1,1,1,,data\preprocessed\features\z_at\FAKE_T3_1038_ITH_NEU_XX__AUDIO_1038_ITH_SAD_XX_sadtalker.pt,data\preprocessed\features\z_v\FAKE_T3_1038_ITH_NEU_XX__AUDIO_1038_ITH_SAD_XX_sadtalker.pt
FAKE_T3_1038_ITH_SAD_XX__AUDIO_1038_ITH_ANG_XX_sadtalker,track3,1,crema_1038,ANG,SAD,-1,1,1,1,,data\preprocessed\features\z_at\FAKE_T3_1038_ITH_SAD_XX__AUDIO_1038_ITH_ANG_XX_sadtalker.pt,data\preprocessed\features\z_v\FAKE_T3_1038_ITH_SAD_XX__AUDIO_1038_ITH_ANG_XX_sadtalker.pt
FAKE_T3_1038_ITS_ANG_XX__AUDIO_1038_ITS_DIS_XX_sadtalker,track3,1,crema_1038,DIS,ANG,-1,1,1,1,,data\preprocessed\features\z_at\FAKE_T3_1038_ITS_ANG_XX__AUDIO_1038_ITS_DIS_XX_sadtalker.pt,data\preprocessed\features\z_v\FAKE_T3_1038_ITS_ANG_XX__AUDIO_1038_ITS_DIS_XX_sadtalker.pt
FAKE_T3_1038_ITS_FEA_XX__AUDIO_1038_ITS_HAP_XX_sadtalker,track3,1,crema_1038,HAP,FEA,-1,1,1,1,,data\preprocessed\features\z_at\FAKE_T3_1038_ITS_FEA_XX__AUDIO_1038_ITS_HAP_XX_sadtalker.pt,data\preprocessed\features\z_v\FAKE_T3_1038_ITS_FEA_XX__AUDIO_1038_ITS_HAP_XX_sadtalker.pt
FAKE_T3_1038_ITS_HAP_XX__AUDIO_1038_ITS_NEU_XX_sadtalker,track3,1,crema_1038,NEU,HAP,-1,1,1,1,,data\preprocessed\features\z_at\FAKE_T3_1038_ITS_HAP_XX__AUDIO_1038_ITS_NEU_XX_sadtalker.pt,data\preprocessed\features\z_v\FAKE_T3_1038_ITS_HAP_XX__AUDIO_1038_ITS_NEU_XX_sadtalker.pt
FAKE_T3_1038_ITS_SAD_XX__AUDIO_1038_ITS_ANG_XX_sadtalker,track3,1,crema_1038,ANG,SAD,-1,1,1,1,,data\preprocessed\features\z_at\FAKE_T3_1038_ITS_SAD_XX__AUDIO_1038_ITS_ANG_XX_sadtalker.pt,data\preprocessed\features\z_v\FAKE_T3_1038_ITS_SAD_XX__AUDIO_1038_ITS_ANG_XX_sadtalker.pt
FAKE_T3_1038_IWL_ANG_XX__AUDIO_1038_IWL_DIS_XX_sadtalker,track3,1,crema_1038,DIS,ANG,-1,1,1,1,,data\preprocessed\features\z_at\FAKE_T3_1038_IWL_ANG_XX__AUDIO_1038_IWL_DIS_XX_sadtalker.pt,data\preprocessed\features\z_v\FAKE_T3_1038_IWL_ANG_XX__AUDIO_1038_IWL_DIS_XX_sadtalker.pt
FAKE_T3_1038_IWL_NEU_XX__AUDIO_1038_IWL_SAD_XX_sadtalker,track3,1,crema_1038,SAD,NEU,-1,1,1,1,,data\preprocessed\features\z_at\FAKE_T3_1038_IWL_NEU_XX__AUDIO_1038_IWL_SAD_XX_sadtalker.pt,data\preprocessed\features\z_v\FAKE_T3_1038_IWL_NEU_XX__AUDIO_1038_IWL_SAD_XX_sadtalker.pt
FAKE_T3_1038_IWL_SAD_XX__AUDIO_1038_IWL_ANG_XX_sadtalker,track3,1,crema_1038,ANG,SAD,-1,1,1,1,,data\preprocessed\features\z_at\FAKE_T3_1038_IWL_SAD_XX__AUDIO_1038_IWL_ANG_XX_sadtalker.pt,data\preprocessed\features\z_v\FAKE_T3_1038_IWL_SAD_XX__AUDIO_1038_IWL_ANG_XX_sadtalker.pt
FAKE_T3_1038_IWW_DIS_XX__AUDIO_1038_IWW_FEA_XX_sadtalker,track3,1,crema_1038,FEA,DIS,-1,1,1,1,,data\preprocessed\features\z_at\FAKE_T3_1038_IWW_DIS_XX__AUDIO_1038_IWW_FEA_XX_sadtalker.pt,data\preprocessed\features\z_v\FAKE_T3_1038_IWW_DIS_XX__AUDIO_1038_IWW_FEA_XX_sadtalker.pt
FAKE_T3_1038_IWW_HAP_XX__AUDIO_1038_IWW_NEU_XX_sadtalker,track3,1,crema_1038,NEU,HAP,-1,1,1,1,,data\preprocessed\features\z_at\FAKE_T3_1038_IWW_HAP_XX__AUDIO_1038_IWW_NEU_XX_sadtalker.pt,data\preprocessed\features\z_v\FAKE_T3_1038_IWW_HAP_XX__AUDIO_1038_IWW_NEU_XX_sadtalker.pt
FAKE_T3_1038_IWW_SAD_XX__AUDIO_1038_IWW_ANG_XX_sadtalker,track3,1,crema_1038,ANG,SAD,-1,1,1,1,,data\preprocessed\features\z_at\FAKE_T3_1038_IWW_SAD_XX__AUDIO_1038_IWW_ANG_XX_sadtalker.pt,data\preprocessed\features\z_v\FAKE_T3_1038_IWW_SAD_XX__AUDIO_1038_IWW_ANG_XX_sadtalker.pt
FAKE_T3_1038_MTI_ANG_XX__AUDIO_1038_MTI_DIS_XX_sadtalker,track3,1,crema_1038,DIS,ANG,-1,1,1,1,,data\preprocessed\features\z_at\FAKE_T3_1038_MTI_ANG_XX__AUDIO_1038_MTI_DIS_XX_sadtalker.pt,data\preprocessed\features\z_v\FAKE_T3_1038_MTI_ANG_XX__AUDIO_1038_MTI_DIS_XX_sadtalker.pt
FAKE_T3_1038_MTI_DIS_XX__AUDIO_1038_MTI_FEA_XX_sadtalker,track3,1,crema_1038,FEA,DIS,-1,1,1,1,,data\preprocessed\features\z_at\FAKE_T3_1038_MTI_DIS_XX__AUDIO_1038_MTI_FEA_XX_sadtalker.pt,data\preprocessed\features\z_v\FAKE_T3_1038_MTI_DIS_XX__AUDIO_1038_MTI_FEA_XX_sadtalker.pt
FAKE_T3_1038_MTI_FEA_XX__AUDIO_1038_MTI_HAP_XX_sadtalker,track3,1,crema_1038,HAP,FEA,-1,1,1,1,,data\preprocessed\features\z_at\FAKE_T3_1038_MTI_FEA_XX__AUDIO_1038_MTI_HAP_XX_sadtalker.pt,data\preprocessed\features\z_v\FAKE_T3_1038_MTI_FEA_XX__AUDIO_1038_MTI_HAP_XX_sadtalker.pt
FAKE_T3_1038_MTI_NEU_XX__AUDIO_1038_MTI_SAD_XX_sadtalker,track3,1,crema_1038,SAD,NEU,-1,1,1,1,,data\preprocessed\features\z_at\FAKE_T3_1038_MTI_NEU_XX__AUDIO_1038_MTI_SAD_XX_sadtalker.pt,data\preprocessed\features\z_v\FAKE_T3_1038_MTI_NEU_XX__AUDIO_1038_MTI_SAD_XX_sadtalker.pt
FAKE_T3_1038_MTI_SAD_XX__AUDIO_1038_MTI_ANG_XX_sadtalker,track3,1,crema_1038,ANG,SAD,-1,1,1,1,,data\preprocessed\features\z_at\FAKE_T3_1038_MTI_SAD_XX__AUDIO_1038_MTI_ANG_XX_sadtalker.pt,data\preprocessed\features\z_v\FAKE_T3_1038_MTI_SAD_XX__AUDIO_1038_MTI_ANG_XX_sadtalker.pt
FAKE_T3_1038_TAI_HAP_XX__AUDIO_1038_TAI_NEU_XX_sadtalker,track3,1,crema_1038,NEU,HAP,-1,1,1,1,,data\preprocessed\features\z_at\FAKE_T3_1038_TAI_HAP_XX__AUDIO_1038_TAI_NEU_XX_sadtalker.pt,data\preprocessed\features\z_v\FAKE_T3_1038_TAI_HAP_XX__AUDIO_1038_TAI_NEU_XX_sadtalker.pt
FAKE_T3_1038_TAI_NEU_XX__AUDIO_1038_TAI_SAD_XX_sadtalker,track3,1,crema_1038,SAD,NEU,-1,1,1,1,,data\preprocessed\features\z_at\FAKE_T3_1038_TAI_NEU_XX__AUDIO_1038_TAI_SAD_XX_sadtalker.pt,data\preprocessed\features\z_v\FAKE_T3_1038_TAI_NEU_XX__AUDIO_1038_TAI_SAD_XX_sadtalker.pt
FAKE_T3_1038_TAI_SAD_XX__AUDIO_1038_TAI_ANG_XX_sadtalker,track3,1,crema_1038,ANG,SAD,-1,1,1,1,,data\preprocessed\features\z_at\FAKE_T3_1038_TAI_SAD_XX__AUDIO_1038_TAI_ANG_XX_sadtalker.pt,data\preprocessed\features\z_v\FAKE_T3_1038_TAI_SAD_XX__AUDIO_1038_TAI_ANG_XX_sadtalker.pt
FAKE_T3_1038_TIE_HAP_XX__AUDIO_1038_TIE_NEU_XX_sadtalker,track3,1,crema_1038,NEU,HAP,-1,1,1,1,,data\preprocessed\features\z_at\FAKE_T3_1038_TIE_HAP_XX__AUDIO_1038_TIE_NEU_XX_sadtalker.pt,data\preprocessed\features\z_v\FAKE_T3_1038_TIE_HAP_XX__AUDIO_1038_TIE_NEU_XX_sadtalker.pt
FAKE_T3_1038_TSI_ANG_XX__AUDIO_1038_TSI_DIS_XX_sadtalker,track3,1,crema_1038,DIS,ANG,-1,1,1,1,,data\preprocessed\features\z_at\FAKE_T3_1038_TSI_ANG_XX__AUDIO_1038_TSI_DIS_XX_sadtalker.pt,data\preprocessed\features\z_v\FAKE_T3_1038_TSI_ANG_XX__AUDIO_1038_TSI_DIS_XX_sadtalker.pt
FAKE_T3_1038_TSI_DIS_XX__AUDIO_1038_TSI_FEA_XX_sadtalker,track3,1,crema_1038,FEA,DIS,-1,1,1,1,,data\preprocessed\features\z_at\FAKE_T3_1038_TSI_DIS_XX__AUDIO_1038_TSI_FEA_XX_sadtalker.pt,data\preprocessed\features\z_v\FAKE_T3_1038_TSI_DIS_XX__AUDIO_1038_TSI_FEA_XX_sadtalker.pt
FAKE_T3_1038_TSI_FEA_XX__AUDIO_1038_TSI_HAP_XX_sadtalker,track3,1,crema_1038,HAP,FEA,-1,1,1,1,,data\preprocessed\features\z_at\FAKE_T3_1038_TSI_FEA_XX__AUDIO_1038_TSI_HAP_XX_sadtalker.pt,data\preprocessed\features\z_v\FAKE_T3_1038_TSI_FEA_XX__AUDIO_1038_TSI_HAP_XX_sadtalker.pt
FAKE_T3_1038_WSI_DIS_XX__AUDIO_1038_WSI_FEA_XX_sadtalker,track3,1,crema_1038,FEA,DIS,-1,1,1,1,,data\preprocessed\features\z_at\FAKE_T3_1038_WSI_DIS_XX__AUDIO_1038_WSI_FEA_XX_sadtalker.pt,data\preprocessed\features\z_v\FAKE_T3_1038_WSI_DIS_XX__AUDIO_1038_WSI_FEA_XX_sadtalker.pt
FAKE_T3_1038_WSI_NEU_XX__AUDIO_1038_WSI_SAD_XX_sadtalker,track3,1,crema_1038,SAD,NEU,-1,1,1,1,,data\preprocessed\features\z_at\FAKE_T3_1038_WSI_NEU_XX__AUDIO_1038_WSI_SAD_XX_sadtalker.pt,data\preprocessed\features\z_v\FAKE_T3_1038_WSI_NEU_XX__AUDIO_1038_WSI_SAD_XX_sadtalker.pt
FAKE_T3_1039_DFA_ANG_XX__AUDIO_1039_DFA_DIS_XX_sadtalker,track3,1,crema_1039,DIS,ANG,-1,1,1,1,,data\preprocessed\features\z_at\FAKE_T3_1039_DFA_ANG_XX__AUDIO_1039_DFA_DIS_XX_sadtalker.pt,data\preprocessed\features\z_v\FAKE_T3_1039_DFA_ANG_XX__AUDIO_1039_DFA_DIS_XX_sadtalker.pt
FAKE_T3_1039_DFA_DIS_XX__AUDIO_1039_DFA_FEA_XX_sadtalker,track3,1,crema_1039,FEA,DIS,-1,1,1,1,,data\preprocessed\features\z_at\FAKE_T3_1039_DFA_DIS_XX__AUDIO_1039_DFA_FEA_XX_sadtalker.pt,data\preprocessed\features\z_v\FAKE_T3_1039_DFA_DIS_XX__AUDIO_1039_DFA_FEA_XX_sadtalker.pt
FAKE_T3_1039_DFA_HAP_XX__AUDIO_1039_DFA_NEU_XX_sadtalker,track3,1,crema_1039,NEU,HAP,-1,1,1,1,,data\preprocessed\features\z_at\FAKE_T3_1039_DFA_HAP_XX__AUDIO_1039_DFA_NEU_XX_sadtalker.pt,data\preprocessed\features\z_v\FAKE_T3_1039_DFA_HAP_XX__AUDIO_1039_DFA_NEU_XX_sadtalker.pt
FAKE_T3_1039_IEO_ANG_HI__AUDIO_1039_IEO_DIS_HI_sadtalker,track3,1,crema_1039,DIS,ANG,-1,1,1,1,,data\preprocessed\features\z_at\FAKE_T3_1039_IEO_ANG_HI__AUDIO_1039_IEO_DIS_HI_sadtalker.pt,data\preprocessed\features\z_v\FAKE_T3_1039_IEO_ANG_HI__AUDIO_1039_IEO_DIS_HI_sadtalker.pt
FAKE_T3_1039_IEO_DIS_HI__AUDIO_1039_IEO_FEA_HI_sadtalker,track3,1,crema_1039,FEA,DIS,-1,1,1,1,,data\preprocessed\features\z_at\FAKE_T3_1039_IEO_DIS_HI__AUDIO_1039_IEO_FEA_HI_sadtalker.pt,data\preprocessed\features\z_v\FAKE_T3_1039_IEO_DIS_HI__AUDIO_1039_IEO_FEA_HI_sadtalker.pt
FAKE_T3_1039_IEO_FEA_HI__AUDIO_1039_IEO_HAP_HI_sadtalker,track3,1,crema_1039,HAP,FEA,-1,1,1,1,,data\preprocessed\features\z_at\FAKE_T3_1039_IEO_FEA_HI__AUDIO_1039_IEO_HAP_HI_sadtalker.pt,data\preprocessed\features\z_v\FAKE_T3_1039_IEO_FEA_HI__AUDIO_1039_IEO_HAP_HI_sadtalker.pt
FAKE_T3_1039_IEO_FEA_LO__AUDIO_1039_IEO_HAP_LO_sadtalker,track3,1,crema_1039,HAP,FEA,-1,1,1,1,,data\preprocessed\features\z_at\FAKE_T3_1039_IEO_FEA_LO__AUDIO_1039_IEO_HAP_LO_sadtalker.pt,data\preprocessed\features\z_v\FAKE_T3_1039_IEO_FEA_LO__AUDIO_1039_IEO_HAP_LO_sadtalker.pt
FAKE_T3_1039_IEO_HAP_MD__AUDIO_1039_IEO_NEU_XX_sadtalker,track3,1,crema_1039,NEU,HAP,-1,1,1,1,,data\preprocessed\features\z_at\FAKE_T3_1039_IEO_HAP_MD__AUDIO_1039_IEO_NEU_XX_sadtalker.pt,data\preprocessed\features\z_v\FAKE_T3_1039_IEO_HAP_MD__AUDIO_1039_IEO_NEU_XX_sadtalker.pt
FAKE_T3_1039_IEO_SAD_HI__AUDIO_1039_IEO_ANG_HI_sadtalker,track3,1,crema_1039,ANG,SAD,-1,1,1,1,,data\preprocessed\features\z_at\FAKE_T3_1039_IEO_SAD_HI__AUDIO_1039_IEO_ANG_HI_sadtalker.pt,data\preprocessed\features\z_v\FAKE_T3_1039_IEO_SAD_HI__AUDIO_1039_IEO_ANG_HI_sadtalker.pt
FAKE_T3_1039_IEO_SAD_LO__AUDIO_1039_IEO_ANG_LO_sadtalker,track3,1,crema_1039,ANG,SAD,-1,1,1,1,,data\preprocessed\features\z_at\FAKE_T3_1039_IEO_SAD_LO__AUDIO_1039_IEO_ANG_LO_sadtalker.pt,data\preprocessed\features\z_v\FAKE_T3_1039_IEO_SAD_LO__AUDIO_1039_IEO_ANG_LO_sadtalker.pt
FAKE_T3_1039_IOM_FEA_XX__AUDIO_1039_IOM_HAP_XX_sadtalker,track3,1,crema_1039,HAP,FEA,-1,1,1,1,,data\preprocessed\features\z_at\FAKE_T3_1039_IOM_FEA_XX__AUDIO_1039_IOM_HAP_XX_sadtalker.pt,data\preprocessed\features\z_v\FAKE_T3_1039_IOM_FEA_XX__AUDIO_1039_IOM_HAP_XX_sadtalker.pt
FAKE_T3_1039_IOM_HAP_XX__AUDIO_1039_IOM_NEU_XX_sadtalker,track3,1,crema_1039,NEU,HAP,-1,1,1,1,,data\preprocessed\features\z_at\FAKE_T3_1039_IOM_HAP_XX__AUDIO_1039_IOM_NEU_XX_sadtalker.pt,data\preprocessed\features\z_v\FAKE_T3_1039_IOM_HAP_XX__AUDIO_1039_IOM_NEU_XX_sadtalker.pt
FAKE_T3_1039_IOM_SAD_XX__AUDIO_1039_IOM_ANG_XX_sadtalker,track3,1,crema_1039,ANG,SAD,-1,1,1,1,,data\preprocessed\features\z_at\FAKE_T3_1039_IOM_SAD_XX__AUDIO_1039_IOM_ANG_XX_sadtalker.pt,data\preprocessed\features\z_v\FAKE_T3_1039_IOM_SAD_XX__AUDIO_1039_IOM_ANG_XX_sadtalker.pt
FAKE_T3_1039_ITH_ANG_XX__AUDIO_1039_ITH_DIS_XX_sadtalker,track3,1,crema_1039,DIS,ANG,-1,1,1,1,,data\preprocessed\features\z_at\FAKE_T3_1039_ITH_ANG_XX__AUDIO_1039_ITH_DIS_XX_sadtalker.pt,data\preprocessed\features\z_v\FAKE_T3_1039_ITH_ANG_XX__AUDIO_1039_ITH_DIS_XX_sadtalker.pt
FAKE_T3_1039_ITH_DIS_XX__AUDIO_1039_ITH_FEA_XX_sadtalker,track3,1,crema_1039,FEA,DIS,-1,1,1,1,,data\preprocessed\features\z_at\FAKE_T3_1039_ITH_DIS_XX__AUDIO_1039_ITH_FEA_XX_sadtalker.pt,data\preprocessed\features\z_v\FAKE_T3_1039_ITH_DIS_XX__AUDIO_1039_ITH_FEA_XX_sadtalker.pt
FAKE_T3_1039_ITH_FEA_XX__AUDIO_1039_ITH_HAP_XX_sadtalker,track3,1,crema_1039,HAP,FEA,-1,1,1,1,,data\preprocessed\features\z_at\FAKE_T3_1039_ITH_FEA_XX__AUDIO_1039_ITH_HAP_XX_sadtalker.pt,data\preprocessed\features\z_v\FAKE_T3_1039_ITH_FEA_XX__AUDIO_1039_ITH_HAP_XX_sadtalker.pt
FAKE_T3_1039_ITH_HAP_XX__AUDIO_1039_ITH_NEU_XX_sadtalker,track3,1,crema_1039,NEU,HAP,-1,1,1,1,,data\preprocessed\features\z_at\FAKE_T3_1039_ITH_HAP_XX__AUDIO_1039_ITH_NEU_XX_sadtalker.pt,data\preprocessed\features\z_v\FAKE_T3_1039_ITH_HAP_XX__AUDIO_1039_ITH_NEU_XX_sadtalker.pt
FAKE_T3_1039_ITH_NEU_XX__AUDIO_1039_ITH_SAD_XX_sadtalker,track3,1,crema_1039,SAD,NEU,-1,1,1,1,,data\preprocessed\features\z_at\FAKE_T3_1039_ITH_NEU_XX__AUDIO_1039_ITH_SAD_XX_sadtalker.pt,data\preprocessed\features\z_v\FAKE_T3_1039_ITH_NEU_XX__AUDIO_1039_ITH_SAD_XX_sadtalker.pt
FAKE_T3_1039_ITH_SAD_XX__AUDIO_1039_ITH_ANG_XX_sadtalker,track3,1,crema_1039,ANG,SAD,-1,1,1,1,,data\preprocessed\features\z_at\FAKE_T3_1039_ITH_SAD_XX__AUDIO_1039_ITH_ANG_XX_sadtalker.pt,data\preprocessed\features\z_v\FAKE_T3_1039_ITH_SAD_XX__AUDIO_1039_ITH_ANG_XX_sadtalker.pt
FAKE_T3_1039_ITS_ANG_XX__AUDIO_1039_ITS_DIS_XX_sadtalker,track3,1,crema_1039,DIS,ANG,-1,1,1,1,,data\preprocessed\features\z_at\FAKE_T3_1039_ITS_ANG_XX__AUDIO_1039_ITS_DIS_XX_sadtalker.pt,data\preprocessed\features\z_v\FAKE_T3_1039_ITS_ANG_XX__AUDIO_1039_ITS_DIS_XX_sadtalker.pt
FAKE_T3_1039_ITS_HAP_XX__AUDIO_1039_ITS_NEU_XX_sadtalker,track3,1,crema_1039,NEU,HAP,-1,1,1,1,,data\preprocessed\features\z_at\FAKE_T3_1039_ITS_HAP_XX__AUDIO_1039_ITS_NEU_XX_sadtalker.pt,data\preprocessed\features\z_v\FAKE_T3_1039_ITS_HAP_XX__AUDIO_1039_ITS_NEU_XX_sadtalker.pt
FAKE_T3_1039_ITS_SAD_XX__AUDIO_1039_ITS_ANG_XX_sadtalker,track3,1,crema_1039,ANG,SAD,-1,1,1,1,,data\preprocessed\features\z_at\FAKE_T3_1039_ITS_SAD_XX__AUDIO_1039_ITS_ANG_XX_sadtalker.pt,data\preprocessed\features\z_v\FAKE_T3_1039_ITS_SAD_XX__AUDIO_1039_ITS_ANG_XX_sadtalker.pt
FAKE_T3_1039_IWL_ANG_XX__AUDIO_1039_IWL_DIS_XX_sadtalker,track3,1,crema_1039,DIS,ANG,-1,1,1,1,,data\preprocessed\features\z_at\FAKE_T3_1039_IWL_ANG_XX__AUDIO_1039_IWL_DIS_XX_sadtalker.pt,data\preprocessed\features\z_v\FAKE_T3_1039_IWL_ANG_XX__AUDIO_1039_IWL_DIS_XX_sadtalker.pt
FAKE_T3_1039_IWL_DIS_XX__AUDIO_1039_IWL_FEA_XX_sadtalker,track3,1,crema_1039,FEA,DIS,-1,1,1,1,,data\preprocessed\features\z_at\FAKE_T3_1039_IWL_DIS_XX__AUDIO_1039_IWL_FEA_XX_sadtalker.pt,data\preprocessed\features\z_v\FAKE_T3_1039_IWL_DIS_XX__AUDIO_1039_IWL_FEA_XX_sadtalker.pt
FAKE_T3_1039_IWL_HAP_XX__AUDIO_1039_IWL_NEU_XX_sadtalker,track3,1,crema_1039,NEU,HAP,-1,1,1,1,,data\preprocessed\features\z_at\FAKE_T3_1039_IWL_HAP_XX__AUDIO_1039_IWL_NEU_XX_sadtalker.pt,data\preprocessed\features\z_v\FAKE_T3_1039_IWL_HAP_XX__AUDIO_1039_IWL_NEU_XX_sadtalker.pt
FAKE_T3_1039_IWL_NEU_XX__AUDIO_1039_IWL_SAD_XX_sadtalker,track3,1,crema_1039,SAD,NEU,-1,1,1,1,,data\preprocessed\features\z_at\FAKE_T3_1039_IWL_NEU_XX__AUDIO_1039_IWL_SAD_XX_sadtalker.pt,data\preprocessed\features\z_v\FAKE_T3_1039_IWL_NEU_XX__AUDIO_1039_IWL_SAD_XX_sadtalker.pt
FAKE_T3_1039_IWL_SAD_XX__AUDIO_1039_IWL_ANG_XX_sadtalker,track3,1,crema_1039,ANG,SAD,-1,1,1,1,,data\preprocessed\features\z_at\FAKE_T3_1039_IWL_SAD_XX__AUDIO_1039_IWL_ANG_XX_sadtalker.pt,data\preprocessed\features\z_v\FAKE_T3_1039_IWL_SAD_XX__AUDIO_1039_IWL_ANG_XX_sadtalker.pt
FAKE_T3_1039_MTI_ANG_XX__AUDIO_1039_MTI_DIS_XX_sadtalker,track3,1,crema_1039,DIS,ANG,-1,1,1,1,,data\preprocessed\features\z_at\FAKE_T3_1039_MTI_ANG_XX__AUDIO_1039_MTI_DIS_XX_sadtalker.pt,data\preprocessed\features\z_v\FAKE_T3_1039_MTI_ANG_XX__AUDIO_1039_MTI_DIS_XX_sadtalker.pt
FAKE_T3_1039_MTI_HAP_XX__AUDIO_1039_MTI_NEU_XX_sadtalker,track3,1,crema_1039,NEU,HAP,-1,1,1,1,,data\preprocessed\features\z_at\FAKE_T3_1039_MTI_HAP_XX__AUDIO_1039_MTI_NEU_XX_sadtalker.pt,data\preprocessed\features\z_v\FAKE_T3_1039_MTI_HAP_XX__AUDIO_1039_MTI_NEU_XX_sadtalker.pt
FAKE_T3_1039_TAI_ANG_XX__AUDIO_1039_TAI_DIS_XX_sadtalker,track3,1,crema_1039,DIS,ANG,-1,1,1,1,,data\preprocessed\features\z_at\FAKE_T3_1039_TAI_ANG_XX__AUDIO_1039_TAI_DIS_XX_sadtalker.pt,data\preprocessed\features\z_v\FAKE_T3_1039_TAI_ANG_XX__AUDIO_1039_TAI_DIS_XX_sadtalker.pt
FAKE_T3_1039_TAI_HAP_XX__AUDIO_1039_TAI_NEU_XX_sadtalker,track3,1,crema_1039,NEU,HAP,-1,1,1,1,,data\preprocessed\features\z_at\FAKE_T3_1039_TAI_HAP_XX__AUDIO_1039_TAI_NEU_XX_sadtalker.pt,data\preprocessed\features\z_v\FAKE_T3_1039_TAI_HAP_XX__AUDIO_1039_TAI_NEU_XX_sadtalker.pt
FAKE_T3_1039_TIE_ANG_XX__AUDIO_1039_TIE_DIS_XX_sadtalker,track3,1,crema_1039,DIS,ANG,-1,1,1,1,,data\preprocessed\features\z_at\FAKE_T3_1039_TIE_ANG_XX__AUDIO_1039_TIE_DIS_XX_sadtalker.pt,data\preprocessed\features\z_v\FAKE_T3_1039_TIE_ANG_XX__AUDIO_1039_TIE_DIS_XX_sadtalker.pt
FAKE_T3_1039_TIE_DIS_XX__AUDIO_1039_TIE_FEA_XX_sadtalker,track3,1,crema_1039,FEA,DIS,-1,1,1,1,,data\preprocessed\features\z_at\FAKE_T3_1039_TIE_DIS_XX__AUDIO_1039_TIE_FEA_XX_sadtalker.pt,data\preprocessed\features\z_v\FAKE_T3_1039_TIE_DIS_XX__AUDIO_1039_TIE_FEA_XX_sadtalker.pt
FAKE_T3_1039_TIE_FEA_XX__AUDIO_1039_TIE_HAP_XX_sadtalker,track3,1,crema_1039,HAP,FEA,-1,1,1,1,,data\preprocessed\features\z_at\FAKE_T3_1039_TIE_FEA_XX__AUDIO_1039_TIE_HAP_XX_sadtalker.pt,data\preprocessed\features\z_v\FAKE_T3_1039_TIE_FEA_XX__AUDIO_1039_TIE_HAP_XX_sadtalker.pt
FAKE_T3_1039_TIE_HAP_XX__AUDIO_1039_TIE_NEU_XX_sadtalker,track3,1,crema_1039,NEU,HAP,-1,1,1,1,,data\preprocessed\features\z_at\FAKE_T3_1039_TIE_HAP_XX__AUDIO_1039_TIE_NEU_XX_sadtalker.pt,data\preprocessed\features\z_v\FAKE_T3_1039_TIE_HAP_XX__AUDIO_1039_TIE_NEU_XX_sadtalker.pt
FAKE_T3_1039_TIE_NEU_XX__AUDIO_1039_TIE_SAD_XX_sadtalker,track3,1,crema_1039,SAD,NEU,-1,1,1,1,,data\preprocessed\features\z_at\FAKE_T3_1039_TIE_NEU_XX__AUDIO_1039_TIE_SAD_XX_sadtalker.pt,data\preprocessed\features\z_v\FAKE_T3_1039_TIE_NEU_XX__AUDIO_1039_TIE_SAD_XX_sadtalker.pt
FAKE_T3_1039_TSI_ANG_XX__AUDIO_1039_TSI_DIS_XX_sadtalker,track3,1,crema_1039,DIS,ANG,-1,1,1,1,,data\preprocessed\features\z_at\FAKE_T3_1039_TSI_ANG_XX__AUDIO_1039_TSI_DIS_XX_sadtalker.pt,data\preprocessed\features\z_v\FAKE_T3_1039_TSI_ANG_XX__AUDIO_1039_TSI_DIS_XX_sadtalker.pt
FAKE_T3_1039_WSI_FEA_XX__AUDIO_1039_WSI_HAP_XX_sadtalker,track3,1,crema_1039,HAP,FEA,-1,1,1,1,,data\preprocessed\features\z_at\FAKE_T3_1039_WSI_FEA_XX__AUDIO_1039_WSI_HAP_XX_sadtalker.pt,data\preprocessed\features\z_v\FAKE_T3_1039_WSI_FEA_XX__AUDIO_1039_WSI_HAP_XX_sadtalker.pt
FAKE_T3_1039_WSI_HAP_XX__AUDIO_1039_WSI_NEU_XX_sadtalker,track3,1,crema_1039,NEU,HAP,-1,1,1,1,,data\preprocessed\features\z_at\FAKE_T3_1039_WSI_HAP_XX__AUDIO_1039_WSI_NEU_XX_sadtalker.pt,data\preprocessed\features\z_v\FAKE_T3_1039_WSI_HAP_XX__AUDIO_1039_WSI_NEU_XX_sadtalker.pt
FAKE_T3_1039_WSI_NEU_XX__AUDIO_1039_WSI_SAD_XX_sadtalker,track3,1,crema_1039,SAD,NEU,-1,1,1,1,,data\preprocessed\features\z_at\FAKE_T3_1039_WSI_NEU_XX__AUDIO_1039_WSI_SAD_XX_sadtalker.pt,data\preprocessed\features\z_v\FAKE_T3_1039_WSI_NEU_XX__AUDIO_1039_WSI_SAD_XX_sadtalker.pt
FAKE_T3_1039_WSI_SAD_XX__AUDIO_1039_WSI_ANG_XX_sadtalker,track3,1,crema_1039,ANG,SAD,-1,1,1,1,,data\preprocessed\features\z_at\FAKE_T3_1039_WSI_SAD_XX__AUDIO_1039_WSI_ANG_XX_sadtalker.pt,data\preprocessed\features\z_v\FAKE_T3_1039_WSI_SAD_XX__AUDIO_1039_WSI_ANG_XX_sadtalker.pt
FAKE_T3_1040_DFA_DIS_XX__AUDIO_1040_DFA_FEA_XX_sadtalker,track3,1,crema_1040,FEA,DIS,-1,1,1,1,,data\preprocessed\features\z_at\FAKE_T3_1040_DFA_DIS_XX__AUDIO_1040_DFA_FEA_XX_sadtalker.pt,data\preprocessed\features\z_v\FAKE_T3_1040_DFA_DIS_XX__AUDIO_1040_DFA_FEA_XX_sadtalker.pt
FAKE_T3_1040_DFA_FEA_XX__AUDIO_1040_DFA_HAP_XX_sadtalker,track3,1,crema_1040,HAP,FEA,-1,1,1,1,,data\preprocessed\features\z_at\FAKE_T3_1040_DFA_FEA_XX__AUDIO_1040_DFA_HAP_XX_sadtalker.pt,data\preprocessed\features\z_v\FAKE_T3_1040_DFA_FEA_XX__AUDIO_1040_DFA_HAP_XX_sadtalker.pt
FAKE_T3_1040_DFA_HAP_XX__AUDIO_1040_DFA_NEU_XX_sadtalker,track3,1,crema_1040,NEU,HAP,-1,1,1,1,,data\preprocessed\features\z_at\FAKE_T3_1040_DFA_HAP_XX__AUDIO_1040_DFA_NEU_XX_sadtalker.pt,data\preprocessed\features\z_v\FAKE_T3_1040_DFA_HAP_XX__AUDIO_1040_DFA_NEU_XX_sadtalker.pt
FAKE_T3_1040_IEO_ANG_LO__AUDIO_1040_IEO_DIS_LO_sadtalker,track3,1,crema_1040,DIS,ANG,-1,1,1,1,,data\preprocessed\features\z_at\FAKE_T3_1040_IEO_ANG_LO__AUDIO_1040_IEO_DIS_LO_sadtalker.pt,data\preprocessed\features\z_v\FAKE_T3_1040_IEO_ANG_LO__AUDIO_1040_IEO_DIS_LO_sadtalker.pt
FAKE_T3_1040_IEO_ANG_MD__AUDIO_1040_IEO_DIS_MD_sadtalker,track3,1,crema_1040,DIS,ANG,-1,1,1,1,,data\preprocessed\features\z_at\FAKE_T3_1040_IEO_ANG_MD__AUDIO_1040_IEO_DIS_MD_sadtalker.pt,data\preprocessed\features\z_v\FAKE_T3_1040_IEO_ANG_MD__AUDIO_1040_IEO_DIS_MD_sadtalker.pt
FAKE_T3_1040_IEO_DIS_HI__AUDIO_1040_IEO_FEA_HI_sadtalker,track3,1,crema_1040,FEA,DIS,-1,1,1,1,,data\preprocessed\features\z_at\FAKE_T3_1040_IEO_DIS_HI__AUDIO_1040_IEO_FEA_HI_sadtalker.pt,data\preprocessed\features\z_v\FAKE_T3_1040_IEO_DIS_HI__AUDIO_1040_IEO_FEA_HI_sadtalker.pt
