clip_id,source_pipeline,fake_label,speaker_id,audio_emotion,visual_emotion,sarcasm_label,has_z_at,has_z_v,is_ready_for_training,video_path,z_at_path,z_v_path
FAKE_T3_1040_IEO_DIS_LO__AUDIO_1040_IEO_FEA_LO_sadtalker,track3,1,crema_1040,FEA,DIS,-1,1,1,1,,data\preprocessed\features\z_at\FAKE_T3_1040_IEO_DIS_LO__AUDIO_1040_IEO_FEA_LO_sadtalker.pt,data\preprocessed\features\z_v\FAKE_T3_1040_IEO_DIS_LO__AUDIO_1040_IEO_FEA_LO_sadtalker.pt
FAKE_T3_1040_IEO_DIS_MD__AUDIO_1040_IEO_FEA_MD_sadtalker,track3,1,crema_1040,FEA,DIS,-1,1,1,1,,data\preprocessed\features\z_at\FAKE_T3_1040_IEO_DIS_MD__AUDIO_1040_IEO_FEA_MD_sadtalker.pt,data\preprocessed\features\z_v\FAKE_T3_1040_IEO_DIS_MD__AUDIO_1040_IEO_FEA_MD_sadtalker.pt
FAKE_T3_1040_IEO_FEA_HI__AUDIO_1040_IEO_HAP_HI_sadtalker,track3,1,crema_1040,HAP,FEA,-1,1,1,1,,data\preprocessed\features\z_at\FAKE_T3_1040_IEO_FEA_HI__AUDIO_1040_IEO_HAP_HI_sadtalker.pt,data\preprocessed\features\z_v\FAKE_T3_1040_IEO_FEA_HI__AUDIO_1040_IEO_HAP_HI_sadtalker.pt
FAKE_T3_1040_IEO_HAP_HI__AUDIO_1040_IEO_NEU_XX_sadtalker,track3,1,crema_1040,NEU,HAP,-1,1,1,1,,data\preprocessed\features\z_at\FAKE_T3_1040_IEO_HAP_HI__AUDIO_1040_IEO_NEU_XX_sadtalker.pt,data\preprocessed\features\z_v\FAKE_T3_1040_IEO_HAP_HI__AUDIO_1040_IEO_NEU_XX_sadtalker.pt
FAKE_T3_1040_IEO_HAP_MD__AUDIO_1040_IEO_NEU_XX_sadtalker,track3,1,crema_1040,NEU,HAP,-1,1,1,1,,data\preprocessed\features\z_at\FAKE_T3_1040_IEO_HAP_MD__AUDIO_1040_IEO_NEU_XX_sadtalker.pt,data\preprocessed\features\z_v\FAKE_T3_1040_IEO_HAP_MD__AUDIO_1040_IEO_NEU_XX_sadtalker.pt
FAKE_T3_1040_IEO_SAD_LO__AUDIO_1040_IEO_ANG_LO_sadtalker,track3,1,crema_1040,ANG,SAD,-1,1,1,1,,data\preprocessed\features\z_at\FAKE_T3_1040_IEO_SAD_LO__AUDIO_1040_IEO_ANG_LO_sadtalker.pt,data\preprocessed\features\z_v\FAKE_T3_1040_IEO_SAD_LO__AUDIO_1040_IEO_ANG_LO_sadtalker.pt
FAKE_T3_1040_IEO_SAD_MD__AUDIO_1040_IEO_ANG_MD_sadtalker,track3,1,crema_1040,ANG,SAD,-1,1,1,1,,data\preprocessed\features\z_at\FAKE_T3_1040_IEO_SAD_MD__AUDIO_1040_IEO_ANG_MD_sadtalker.pt,data\preprocessed\features\z_v\FAKE_T3_1040_IEO_SAD_MD__AUDIO_1040_IEO_ANG_MD_sadtalker.pt
FAKE_T3_1040_IOM_ANG_XX__AUDIO_1040_IOM_DIS_XX_sadtalker,track3,1,crema_1040,DIS,ANG,-1,1,1,1,,data\preprocessed\features\z_at\FAKE_T3_1040_IOM_ANG_XX__AUDIO_1040_IOM_DIS_XX_sadtalker.pt,data\preprocessed\features\z_v\FAKE_T3_1040_IOM_ANG_XX__AUDIO_1040_IOM_DIS_XX_sadtalker.pt
FAKE_T3_1040_IOM_FEA_XX__AUDIO_1040_IOM_HAP_XX_sadtalker,track3,1,crema_1040,HAP,FEA,-1,1,1,1,,data\preprocessed\features\z_at\FAKE_T3_1040_IOM_FEA_XX__AUDIO_1040_IOM_HAP_XX_sadtalker.pt,data\preprocessed\features\z_v\FAKE_T3_1040_IOM_FEA_XX__AUDIO_1040_IOM_HAP_XX_sadtalker.pt
FAKE_T3_1040_IOM_SAD_XX__AUDIO_1040_IOM_ANG_XX_sadtalker,track3,1,crema_1040,ANG,SAD,-1,1,1,1,,data\preprocessed\features\z_at\FAKE_T3_1040_IOM_SAD_XX__AUDIO_1040_IOM_ANG_XX_sadtalker.pt,data\preprocessed\features\z_v\FAKE_T3_1040_IOM_SAD_XX__AUDIO_1040_IOM_ANG_XX_sadtalker.pt
FAKE_T3_1040_ITH_DIS_XX__AUDIO_1040_ITH_FEA_XX_sadtalker,track3,1,crema_1040,FEA,DIS,-1,1,1,1,,data\preprocessed\features\z_at\FAKE_T3_1040_ITH_DIS_XX__AUDIO_1040_ITH_FEA_XX_sadtalker.pt,data\preprocessed\features\z_v\FAKE_T3_1040_ITH_DIS_XX__AUDIO_1040_ITH_FEA_XX_sadtalker.pt
FAKE_T3_1040_ITH_FEA_XX__AUDIO_1040_ITH_HAP_XX_sadtalker,track3,1,crema_1040,HAP,FEA,-1,1,1,1,,data\preprocessed\features\z_at\FAKE_T3_1040_ITH_FEA_XX__AUDIO_1040_ITH_HAP_XX_sadtalker.pt,data\preprocessed\features\z_v\FAKE_T3_1040_ITH_FEA_XX__AUDIO_1040_ITH_HAP_XX_sadtalker.pt
FAKE_T3_1040_ITH_HAP_XX__AUDIO_1040_ITH_NEU_XX_sadtalker,track3,1,crema_1040,NEU,HAP,-1,1,1,1,,data\preprocessed\features\z_at\FAKE_T3_1040_ITH_HAP_XX__AUDIO_1040_ITH_NEU_XX_sadtalker.pt,data\preprocessed\features\z_v\FAKE_T3_1040_ITH_HAP_XX__AUDIO_1040_ITH_NEU_XX_sadtalker.pt
FAKE_T3_1040_ITH_NEU_XX__AUDIO_1040_ITH_SAD_XX_sadtalker,track3,1,crema_1040,SAD,NEU,-1,1,1,1,,data\preprocessed\features\z_at\FAKE_T3_1040_ITH_NEU_XX__AUDIO_1040_ITH_SAD_XX_sadtalker.pt,data\preprocessed\features\z_v\FAKE_T3_1040_ITH_NEU_XX__AUDIO_1040_ITH_SAD_XX_sadtalker.pt
FAKE_T3_1040_ITS_DIS_XX__AUDIO_1040_ITS_FEA_XX_sadtalker,track3,1,crema_1040,FEA,DIS,-1,1,1,1,,data\preprocessed\features\z_at\FAKE_T3_1040_ITS_DIS_XX__AUDIO_1040_ITS_FEA_XX_sadtalker.pt,data\preprocessed\features\z_v\FAKE_T3_1040_ITS_DIS_XX__AUDIO_1040_ITS_FEA_XX_sadtalker.pt
FAKE_T3_1040_ITS_FEA_XX__AUDIO_1040_ITS_HAP_XX_sadtalker,track3,1,crema_1040,HAP,FEA,-1,1,1,1,,data\preprocessed\features\z_at\FAKE_T3_1040_ITS_FEA_XX__AUDIO_1040_ITS_HAP_XX_sadtalker.pt,data\preprocessed\features\z_v\FAKE_T3_1040_ITS_FEA_XX__AUDIO_1040_ITS_HAP_XX_sadtalker.pt
FAKE_T3_1040_ITS_HAP_XX__AUDIO_1040_ITS_NEU_XX_sadtalker,track3,1,crema_1040,NEU,HAP,-1,1,1,1,,data\preprocessed\features\z_at\FAKE_T3_1040_ITS_HAP_XX__AUDIO_1040_ITS_NEU_XX_sadtalker.pt,data\preprocessed\features\z_v\FAKE_T3_1040_ITS_HAP_XX__AUDIO_1040_ITS_NEU_XX_sadtalker.pt
FAKE_T3_1040_ITS_NEU_XX__AUDIO_1040_ITS_SAD_XX_sadtalker,track3,1,crema_1040,SAD,NEU,-1,1,1,1,,data\preprocessed\features\z_at\FAKE_T3_1040_ITS_NEU_XX__AUDIO_1040_ITS_SAD_XX_sadtalker.pt,data\preprocessed\features\z_v\FAKE_T3_1040_ITS_NEU_XX__AUDIO_1040_ITS_SAD_XX_sadtalker.pt
FAKE_T3_1040_IWL_DIS_XX__AUDIO_1040_IWL_FEA_XX_sadtalker,track3,1,crema_1040,FEA,DIS,-1,1,1,1,,data\preprocessed\features\z_at\FAKE_T3_1040_IWL_DIS_XX__AUDIO_1040_IWL_FEA_XX_sadtalker.pt,data\preprocessed\features\z_v\FAKE_T3_1040_IWL_DIS_XX__AUDIO_1040_IWL_FEA_XX_sadtalker.pt
FAKE_T3_1040_IWL_HAP_XX__AUDIO_1040_IWL_NEU_XX_sadtalker,track3,1,crema_1040,NEU,HAP,-1,1,1,1,,data\preprocessed\features\z_at\FAKE_T3_1040_IWL_HAP_XX__AUDIO_1040_IWL_NEU_XX_sadtalker.pt,data\preprocessed\features\z_v\FAKE_T3_1040_IWL_HAP_XX__AUDIO_1040_IWL_NEU_XX_sadtalker.pt
FAKE_T3_1040_IWL_SAD_XX__AUDIO_1040_IWL_ANG_XX_sadtalker,track3,1,crema_1040,ANG,SAD,-1,1,1,1,,data\preprocessed\features\z_at\FAKE_T3_1040_IWL_SAD_XX__AUDIO_1040_IWL_ANG_XX_sadtalker.pt,data\preprocessed\features\z_v\FAKE_T3_1040_IWL_SAD_XX__AUDIO_1040_IWL_ANG_XX_sadtalker.pt
FAKE_T3_1040_IWW_SAD_XX__AUDIO_1040_IWW_ANG_XX_sadtalker,track3,1,crema_1040,ANG,SAD,-1,1,1,1,,data\preprocessed\features\z_at\FAKE_T3_1040_IWW_SAD_XX__AUDIO_1040_IWW_ANG_XX_sadtalker.pt,data\preprocessed\features\z_v\FAKE_T3_1040_IWW_SAD_XX__AUDIO_1040_IWW_ANG_XX_sadtalker.pt
FAKE_T3_1040_MTI_ANG_XX__AUDIO_1040_MTI_DIS_XX_sadtalker,track3,1,crema_1040,DIS,ANG,-1,1,1,1,,data\preprocessed\features\z_at\FAKE_T3_1040_MTI_ANG_XX__AUDIO_1040_MTI_DIS_XX_sadtalker.pt,data\preprocessed\features\z_v\FAKE_T3_1040_MTI_ANG_XX__AUDIO_1040_MTI_DIS_XX_sadtalker.pt
FAKE_T3_1040_MTI_DIS_XX__AUDIO_1040_MTI_FEA_XX_sadtalker,track3,1,crema_1040,FEA,DIS,-1,1,1,1,,data\preprocessed\features\z_at\FAKE_T3_1040_MTI_DIS_XX__AUDIO_1040_MTI_FEA_XX_sadtalker.pt,data\preprocessed\features\z_v\FAKE_T3_1040_MTI_DIS_XX__AUDIO_1040_MTI_FEA_XX_sadtalker.pt
FAKE_T3_1040_MTI_FEA_XX__AUDIO_1040_MTI_HAP_XX_sadtalker,track3,1,crema_1040,HAP,FEA,-1,1,1,1,,data\preprocessed\features\z_at\FAKE_T3_1040_MTI_FEA_XX__AUDIO_1040_MTI_HAP_XX_sadtalker.pt,data\preprocessed\features\z_v\FAKE_T3_1040_MTI_FEA_XX__AUDIO_1040_MTI_HAP_XX_sadtalker.pt
FAKE_T3_1040_MTI_HAP_XX__AUDIO_1040_MTI_NEU_XX_sadtalker,track3,1,crema_1040,NEU,HAP,-1,1,1,1,,data\preprocessed\features\z_at\FAKE_T3_1040_MTI_HAP_XX__AUDIO_1040_MTI_NEU_XX_sadtalker.pt,data\preprocessed\features\z_v\FAKE_T3_1040_MTI_HAP_XX__AUDIO_1040_MTI_NEU_XX_sadtalker.pt
FAKE_T3_1040_TAI_ANG_XX__AUDIO_1040_TAI_DIS_XX_sadtalker,track3,1,crema_1040,DIS,ANG,-1,1,1,1,,data\preprocessed\features\z_at\FAKE_T3_1040_TAI_ANG_XX__AUDIO_1040_TAI_DIS_XX_sadtalker.pt,data\preprocessed\features\z_v\FAKE_T3_1040_TAI_ANG_XX__AUDIO_1040_TAI_DIS_XX_sadtalker.pt
FAKE_T3_1040_TAI_HAP_XX__AUDIO_1040_TAI_NEU_XX_sadtalker,track3,1,crema_1040,NEU,HAP,-1,1,1,1,,data\preprocessed\features\z_at\FAKE_T3_1040_TAI_HAP_XX__AUDIO_1040_TAI_NEU_XX_sadtalker.pt,data\preprocessed\features\z_v\FAKE_T3_1040_TAI_HAP_XX__AUDIO_1040_TAI_NEU_XX_sadtalker.pt
FAKE_T3_1040_TIE_ANG_XX__AUDIO_1040_TIE_DIS_XX_sadtalker,track3,1,crema_1040,DIS,ANG,-1,1,1,1,,data\preprocessed\features\z_at\FAKE_T3_1040_TIE_ANG_XX__AUDIO_1040_TIE_DIS_XX_sadtalker.pt,data\preprocessed\features\z_v\FAKE_T3_1040_TIE_ANG_XX__AUDIO_1040_TIE_DIS_XX_sadtalker.pt
FAKE_T3_1040_TIE_HAP_XX__AUDIO_1040_TIE_NEU_XX_sadtalker,track3,1,crema_1040,NEU,HAP,-1,1,1,1,,data\preprocessed\features\z_at\FAKE_T3_1040_TIE_HAP_XX__AUDIO_1040_TIE_NEU_XX_sadtalker.pt,data\preprocessed\features\z_v\FAKE_T3_1040_TIE_HAP_XX__AUDIO_1040_TIE_NEU_XX_sadtalker.pt
FAKE_T3_1040_TIE_NEU_XX__AUDIO_1040_TIE_SAD_XX_sadtalker,track3,1,crema_1040,SAD,NEU,-1,1,1,1,,data\preprocessed\features\z_at\FAKE_T3_1040_TIE_NEU_XX__AUDIO_1040_TIE_SAD_XX_sadtalker.pt,data\preprocessed\features\z_v\FAKE_T3_1040_TIE_NEU_XX__AUDIO_1040_TIE_SAD_XX_sadtalker.pt
FAKE_T3_1040_TSI_SAD_XX__AUDIO_1040_TSI_ANG_XX_sadtalker,track3,1,crema_1040,ANG,SAD,-1,1,1,1,,data\preprocessed\features\z_at\FAKE_T3_1040_TSI_SAD_XX__AUDIO_1040_TSI_ANG_XX_sadtalker.pt,data\preprocessed\features\z_v\FAKE_T3_1040_TSI_SAD_XX__AUDIO_1040_TSI_ANG_XX_sadtalker.pt
FAKE_T3_1040_WSI_ANG_XX__AUDIO_1040_WSI_DIS_XX_sadtalker,track3,1,crema_1040,DIS,ANG,-1,1,1,1,,data\preprocessed\features\z_at\FAKE_T3_1040_WSI_ANG_XX__AUDIO_1040_WSI_DIS_XX_sadtalker.pt,data\preprocessed\features\z_v\FAKE_T3_1040_WSI_ANG_XX__AUDIO_1040_WSI_DIS_XX_sadtalker.pt
FAKE_T3_1040_WSI_HAP_XX__AUDIO_1040_WSI_NEU_XX_sadtalker,track3,1,crema_1040,NEU,HAP,-1,1,1,1,,data\preprocessed\features\z_at\FAKE_T3_1040_WSI_HAP_XX__AUDIO_1040_WSI_NEU_XX_sadtalker.pt,data\preprocessed\features\z_v\FAKE_T3_1040_WSI_HAP_XX__AUDIO_1040_WSI_NEU_XX_sadtalker.pt
FAKE_T3_1040_WSI_SAD_XX__AUDIO_1040_WSI_ANG_XX_sadtalker,track3,1,crema_1040,ANG,SAD,-1,1,1,1,,data\preprocessed\features\z_at\FAKE_T3_1040_WSI_SAD_XX__AUDIO_1040_WSI_ANG_XX_sadtalker.pt,data\preprocessed\features\z_v\FAKE_T3_1040_WSI_SAD_XX__AUDIO_1040_WSI_ANG_XX_sadtalker.pt
FAKE_T3_1042_DFA_ANG_XX__AUDIO_1042_DFA_DIS_XX_sadtalker,track3,1,crema_1042,DIS,ANG,-1,1,1,1,,data\preprocessed\features\z_at\FAKE_T3_1042_DFA_ANG_XX__AUDIO_1042_DFA_DIS_XX_sadtalker.pt,data\preprocessed\features\z_v\FAKE_T3_1042_DFA_ANG_XX__AUDIO_1042_DFA_DIS_XX_sadtalker.pt
FAKE_T3_1042_DFA_FEA_XX__AUDIO_1042_DFA_HAP_XX_sadtalker,track3,1,crema_1042,HAP,FEA,-1,1,1,1,,data\preprocessed\features\z_at\FAKE_T3_1042_DFA_FEA_XX__AUDIO_1042_DFA_HAP_XX_sadtalker.pt,data\preprocessed\features\z_v\FAKE_T3_1042_DFA_FEA_XX__AUDIO_1042_DFA_HAP_XX_sadtalker.pt
FAKE_T3_1042_DFA_NEU_XX__AUDIO_1042_DFA_SAD_XX_sadtalker,track3,1,crema_1042,SAD,NEU,-1,1,1,1,,data\preprocessed\features\z_at\FAKE_T3_1042_DFA_NEU_XX__AUDIO_1042_DFA_SAD_XX_sadtalker.pt,data\preprocessed\features\z_v\FAKE_T3_1042_DFA_NEU_XX__AUDIO_1042_DFA_SAD_XX_sadtalker.pt
FAKE_T3_1042_IEO_ANG_HI__AUDIO_1042_IEO_DIS_HI_sadtalker,track3,1,crema_1042,DIS,ANG,-1,1,1,1,,data\preprocessed\features\z_at\FAKE_T3_1042_IEO_ANG_HI__AUDIO_1042_IEO_DIS_HI_sadtalker.pt,data\preprocessed\features\z_v\FAKE_T3_1042_IEO_ANG_HI__AUDIO_1042_IEO_DIS_HI_sadtalker.pt
FAKE_T3_1042_IEO_ANG_LO__AUDIO_1042_IEO_DIS_LO_sadtalker,track3,1,crema_1042,DIS,ANG,-1,1,1,1,,data\preprocessed\features\z_at\FAKE_T3_1042_IEO_ANG_LO__AUDIO_1042_IEO_DIS_LO_sadtalker.pt,data\preprocessed\features\z_v\FAKE_T3_1042_IEO_ANG_LO__AUDIO_1042_IEO_DIS_LO_sadtalker.pt
FAKE_T3_1042_IEO_ANG_MD__AUDIO_1042_IEO_DIS_MD_sadtalker,track3,1,crema_1042,DIS,ANG,-1,1,1,1,,data\preprocessed\features\z_at\FAKE_T3_1042_IEO_ANG_MD__AUDIO_1042_IEO_DIS_MD_sadtalker.pt,data\preprocessed\features\z_v\FAKE_T3_1042_IEO_ANG_MD__AUDIO_1042_IEO_DIS_MD_sadtalker.pt
FAKE_T3_1042_IEO_FEA_LO__AUDIO_1042_IEO_HAP_LO_sadtalker,track3,1,crema_1042,HAP,FEA,-1,1,1,1,,data\preprocessed\features\z_at\FAKE_T3_1042_IEO_FEA_LO__AUDIO_1042_IEO_HAP_LO_sadtalker.pt,data\preprocessed\features\z_v\FAKE_T3_1042_IEO_FEA_LO__AUDIO_1042_IEO_HAP_LO_sadtalker.pt
FAKE_T3_1042_IEO_FEA_MD__AUDIO_1042_IEO_HAP_MD_sadtalker,track3,1,crema_1042,HAP,FEA,-1,1,1,1,,data\preprocessed\features\z_at\FAKE_T3_1042_IEO_FEA_MD__AUDIO_1042_IEO_HAP_MD_sadtalker.pt,data\preprocessed\features\z_v\FAKE_T3_1042_IEO_FEA_MD__AUDIO_1042_IEO_HAP_MD_sadtalker.pt
FAKE_T3_1042_IEO_HAP_LO__AUDIO_1042_IEO_NEU_XX_sadtalker,track3,1,crema_1042,NEU,HAP,-1,1,1,1,,data\preprocessed\features\z_at\FAKE_T3_1042_IEO_HAP_LO__AUDIO_1042_IEO_NEU_XX_sadtalker.pt,data\preprocessed\features\z_v\FAKE_T3_1042_IEO_HAP_LO__AUDIO_1042_IEO_NEU_XX_sadtalker.pt
FAKE_T3_1042_IEO_NEU_XX__AUDIO_1042_IEO_SAD_HI_sadtalker,track3,1,crema_1042,SAD,NEU,-1,1,1,1,,data\preprocessed\features\z_at\FAKE_T3_1042_IEO_NEU_XX__AUDIO_1042_IEO_SAD_HI_sadtalker.pt,data\preprocessed\features\z_v\FAKE_T3_1042_IEO_NEU_XX__AUDIO_1042_IEO_SAD_HI_sadtalker.pt
FAKE_T3_1042_IEO_SAD_HI__AUDIO_1042_IEO_ANG_HI_sadtalker,track3,1,crema_1042,ANG,SAD,-1,1,1,1,,data\preprocessed\features\z_at\FAKE_T3_1042_IEO_SAD_HI__AUDIO_1042_IEO_ANG_HI_sadtalker.pt,data\preprocessed\features\z_v\FAKE_T3_1042_IEO_SAD_HI__AUDIO_1042_IEO_ANG_HI_sadtalker.pt
FAKE_T3_1042_IEO_SAD_LO__AUDIO_1042_IEO_ANG_LO_sadtalker,track3,1,crema_1042,ANG,SAD,-1,1,1,1,,data\preprocessed\features\z_at\FAKE_T3_1042_IEO_SAD_LO__AUDIO_1042_IEO_ANG_LO_sadtalker.pt,data\preprocessed\features\z_v\FAKE_T3_1042_IEO_SAD_LO__AUDIO_1042_IEO_ANG_LO_sadtalker.pt
FAKE_T3_1042_IEO_SAD_MD__AUDIO_1042_IEO_ANG_MD_sadtalker,track3,1,crema_1042,ANG,SAD,-1,1,1,1,,data\preprocessed\features\z_at\FAKE_T3_1042_IEO_SAD_MD__AUDIO_1042_IEO_ANG_MD_sadtalker.pt,data\preprocessed\features\z_v\FAKE_T3_1042_IEO_SAD_MD__AUDIO_1042_IEO_ANG_MD_sadtalker.pt
FAKE_T3_1042_IOM_FEA_XX__AUDIO_1042_IOM_HAP_XX_sadtalker,track3,1,crema_1042,HAP,FEA,-1,1,1,1,,data\preprocessed\features\z_at\FAKE_T3_1042_IOM_FEA_XX__AUDIO_1042_IOM_HAP_XX_sadtalker.pt,data\preprocessed\features\z_v\FAKE_T3_1042_IOM_FEA_XX__AUDIO_1042_IOM_HAP_XX_sadtalker.pt
FAKE_T3_1042_IOM_HAP_XX__AUDIO_1042_IOM_NEU_XX_sadtalker,track3,1,crema_1042,NEU,HAP,-1,1,1,1,,data\preprocessed\features\z_at\FAKE_T3_1042_IOM_HAP_XX__AUDIO_1042_IOM_NEU_XX_sadtalker.pt,data\preprocessed\features\z_v\FAKE_T3_1042_IOM_HAP_XX__AUDIO_1042_IOM_NEU_XX_sadtalker.pt
FAKE_T3_1042_IOM_NEU_XX__AUDIO_1042_IOM_SAD_XX_sadtalker,track3,1,crema_1042,SAD,NEU,-1,1,1,1,,data\preprocessed\features\z_at\FAKE_T3_1042_IOM_NEU_XX__AUDIO_1042_IOM_SAD_XX_sadtalker.pt,data\preprocessed\features\z_v\FAKE_T3_1042_IOM_NEU_XX__AUDIO_1042_IOM_SAD_XX_sadtalker.pt
FAKE_T3_1042_IOM_SAD_XX__AUDIO_1042_IOM_ANG_XX_sadtalker,track3,1,crema_1042,ANG,SAD,-1,1,1,1,,data\preprocessed\features\z_at\FAKE_T3_1042_IOM_SAD_XX__AUDIO_1042_IOM_ANG_XX_sadtalker.pt,data\preprocessed\features\z_v\FAKE_T3_1042_IOM_SAD_XX__AUDIO_1042_IOM_ANG_XX_sadtalker.pt
FAKE_T3_1042_ITH_DIS_XX__AUDIO_1042_ITH_FEA_XX_sadtalker,track3,1,crema_1042,FEA,DIS,-1,1,1,1,,data\preprocessed\features\z_at\FAKE_T3_1042_ITH_DIS_XX__AUDIO_1042_ITH_FEA_XX_sadtalker.pt,data\preprocessed\features\z_v\FAKE_T3_1042_ITH_DIS_XX__AUDIO_1042_ITH_FEA_XX_sadtalker.pt
FAKE_T3_1042_ITS_DIS_XX__AUDIO_1042_ITS_FEA_XX_sadtalker,track3,1,crema_1042,FEA,DIS,-1,1,1,1,,data\preprocessed\features\z_at\FAKE_T3_1042_ITS_DIS_XX__AUDIO_1042_ITS_FEA_XX_sadtalker.pt,data\preprocessed\features\z_v\FAKE_T3_1042_ITS_DIS_XX__AUDIO_1042_ITS_FEA_XX_sadtalker.pt
FAKE_T3_1042_ITS_FEA_XX__AUDIO_1042_ITS_HAP_XX_sadtalker,track3,1,crema_1042,HAP,FEA,-1,1,1,1,,data\preprocessed\features\z_at\FAKE_T3_1042_ITS_FEA_XX__AUDIO_1042_ITS_HAP_XX_sadtalker.pt,data\preprocessed\features\z_v\FAKE_T3_1042_ITS_FEA_XX__AUDIO_1042_ITS_HAP_XX_sadtalker.pt
FAKE_T3_1042_ITS_HAP_XX__AUDIO_1042_ITS_NEU_XX_sadtalker,track3,1,crema_1042,NEU,HAP,-1,1,1,1,,data\preprocessed\features\z_at\FAKE_T3_1042_ITS_HAP_XX__AUDIO_1042_ITS_NEU_XX_sadtalker.pt,data\preprocessed\features\z_v\FAKE_T3_1042_ITS_HAP_XX__AUDIO_1042_ITS_NEU_XX_sadtalker.pt
FAKE_T3_1042_ITS_SAD_XX__AUDIO_1042_ITS_ANG_XX_sadtalker,track3,1,crema_1042,ANG,SAD,-1,1,1,1,,data\preprocessed\features\z_at\FAKE_T3_1042_ITS_SAD_XX__AUDIO_1042_ITS_ANG_XX_sadtalker.pt,data\preprocessed\features\z_v\FAKE_T3_1042_ITS_SAD_XX__AUDIO_1042_ITS_ANG_XX_sadtalker.pt
FAKE_T3_1042_IWW_DIS_XX__AUDIO_1042_IWW_FEA_XX_sadtalker,track3,1,crema_1042,FEA,DIS,-1,1,1,1,,data\preprocessed\features\z_at\FAKE_T3_1042_IWW_DIS_XX__AUDIO_1042_IWW_FEA_XX_sadtalker.pt,data\preprocessed\features\z_v\FAKE_T3_1042_IWW_DIS_XX__AUDIO_1042_IWW_FEA_XX_sadtalker.pt
FAKE_T3_1042_IWW_HAP_XX__AUDIO_1042_IWW_NEU_XX_sadtalker,track3,1,crema_1042,NEU,HAP,-1,1,1,1,,data\preprocessed\features\z_at\FAKE_T3_1042_IWW_HAP_XX__AUDIO_1042_IWW_NEU_XX_sadtalker.pt,data\preprocessed\features\z_v\FAKE_T3_1042_IWW_HAP_XX__AUDIO_1042_IWW_NEU_XX_sadtalker.pt
FAKE_T3_1042_IWW_SAD_XX__AUDIO_1042_IWW_ANG_XX_sadtalker,track3,1,crema_1042,ANG,SAD,-1,1,1,1,,data\preprocessed\features\z_at\FAKE_T3_1042_IWW_SAD_XX__AUDIO_1042_IWW_ANG_XX_sadtalker.pt,data\preprocessed\features\z_v\FAKE_T3_1042_IWW_SAD_XX__AUDIO_1042_IWW_ANG_XX_sadtalker.pt
FAKE_T3_1042_MTI_ANG_XX__AUDIO_1042_MTI_DIS_XX_sadtalker,track3,1,crema_1042,DIS,ANG,-1,1,1,1,,data\preprocessed\features\z_at\FAKE_T3_1042_MTI_ANG_XX__AUDIO_1042_MTI_DIS_XX_sadtalker.pt,data\preprocessed\features\z_v\FAKE_T3_1042_MTI_ANG_XX__AUDIO_1042_MTI_DIS_XX_sadtalker.pt
FAKE_T3_1042_MTI_FEA_XX__AUDIO_1042_MTI_HAP_XX_sadtalker,track3,1,crema_1042,HAP,FEA,-1,1,1,1,,data\preprocessed\features\z_at\FAKE_T3_1042_MTI_FEA_XX__AUDIO_1042_MTI_HAP_XX_sadtalker.pt,data\preprocessed\features\z_v\FAKE_T3_1042_MTI_FEA_XX__AUDIO_1042_MTI_HAP_XX_sadtalker.pt
FAKE_T3_1042_MTI_HAP_XX__AUDIO_1042_MTI_NEU_XX_sadtalker,track3,1,crema_1042,NEU,HAP,-1,1,1,1,,data\preprocessed\features\z_at\FAKE_T3_1042_MTI_HAP_XX__AUDIO_1042_MTI_NEU_XX_sadtalker.pt,data\preprocessed\features\z_v\FAKE_T3_1042_MTI_HAP_XX__AUDIO_1042_MTI_NEU_XX_sadtalker.pt
FAKE_T3_1042_MTI_SAD_XX__AUDIO_1042_MTI_ANG_XX_sadtalker,track3,1,crema_1042,ANG,SAD,-1,1,1,1,,data\preprocessed\features\z_at\FAKE_T3_1042_MTI_SAD_XX__AUDIO_1042_MTI_ANG_XX_sadtalker.pt,data\preprocessed\features\z_v\FAKE_T3_1042_MTI_SAD_XX__AUDIO_1042_MTI_ANG_XX_sadtalker.pt
FAKE_T3_1042_TAI_ANG_XX__AUDIO_1042_TAI_DIS_XX_sadtalker,track3,1,crema_1042,DIS,ANG,-1,1,1,1,,data\preprocessed\features\z_at\FAKE_T3_1042_TAI_ANG_XX__AUDIO_1042_TAI_DIS_XX_sadtalker.pt,data\preprocessed\features\z_v\FAKE_T3_1042_TAI_ANG_XX__AUDIO_1042_TAI_DIS_XX_sadtalker.pt
FAKE_T3_1042_TAI_SAD_XX__AUDIO_1042_TAI_ANG_XX_sadtalker,track3,1,crema_1042,ANG,SAD,-1,1,1,1,,data\preprocessed\features\z_at\FAKE_T3_1042_TAI_SAD_XX__AUDIO_1042_TAI_ANG_XX_sadtalker.pt,data\preprocessed\features\z_v\FAKE_T3_1042_TAI_SAD_XX__AUDIO_1042_TAI_ANG_XX_sadtalker.pt
FAKE_T3_1042_TIE_ANG_XX__AUDIO_1042_TIE_DIS_XX_sadtalker,track3,1,crema_1042,DIS,ANG,-1,1,1,1,,data\preprocessed\features\z_at\FAKE_T3_1042_TIE_ANG_XX__AUDIO_1042_TIE_DIS_XX_sadtalker.pt,data\preprocessed\features\z_v\FAKE_T3_1042_TIE_ANG_XX__AUDIO_1042_TIE_DIS_XX_sadtalker.pt
FAKE_T3_1042_TIE_FEA_XX__AUDIO_1042_TIE_HAP_XX_sadtalker,track3,1,crema_1042,HAP,FEA,-1,1,1,1,,data\preprocessed\features\z_at\FAKE_T3_1042_TIE_FEA_XX__AUDIO_1042_TIE_HAP_XX_sadtalker.pt,data\preprocessed\features\z_v\FAKE_T3_1042_TIE_FEA_XX__AUDIO_1042_TIE_HAP_XX_sadtalker.pt
FAKE_T3_1042_TIE_NEU_XX__AUDIO_1042_TIE_SAD_XX_sadtalker,track3,1,crema_1042,SAD,NEU,-1,1,1,1,,data\preprocessed\features\z_at\FAKE_T3_1042_TIE_NEU_XX__AUDIO_1042_TIE_SAD_XX_sadtalker.pt,data\preprocessed\features\z_v\FAKE_T3_1042_TIE_NEU_XX__AUDIO_1042_TIE_SAD_XX_sadtalker.pt
FAKE_T3_1042_TSI_ANG_XX__AUDIO_1042_TSI_DIS_XX_sadtalker,track3,1,crema_1042,DIS,ANG,-1,1,1,1,,data\preprocessed\features\z_at\FAKE_T3_1042_TSI_ANG_XX__AUDIO_1042_TSI_DIS_XX_sadtalker.pt,data\preprocessed\features\z_v\FAKE_T3_1042_TSI_ANG_XX__AUDIO_1042_TSI_DIS_XX_sadtalker.pt
FAKE_T3_1042_TSI_DIS_XX__AUDIO_1042_TSI_FEA_XX_sadtalker,track3,1,crema_1042,FEA,DIS,-1,1,1,1,,data\preprocessed\features\z_at\FAKE_T3_1042_TSI_DIS_XX__AUDIO_1042_TSI_FEA_XX_sadtalker.pt,data\preprocessed\features\z_v\FAKE_T3_1042_TSI_DIS_XX__AUDIO_1042_TSI_FEA_XX_sadtalker.pt
FAKE_T3_1042_TSI_FEA_XX__AUDIO_1042_TSI_HAP_XX_sadtalker,track3,1,crema_1042,HAP,FEA,-1,1,1,1,,data\preprocessed\features\z_at\FAKE_T3_1042_TSI_FEA_XX__AUDIO_1042_TSI_HAP_XX_sadtalker.pt,data\preprocessed\features\z_v\FAKE_T3_1042_TSI_FEA_XX__AUDIO_1042_TSI_HAP_XX_sadtalker.pt
FAKE_T3_1042_TSI_HAP_XX__AUDIO_1042_TSI_NEU_XX_sadtalker,track3,1,crema_1042,NEU,HAP,-1,1,1,1,,data\preprocessed\features\z_at\FAKE_T3_1042_TSI_HAP_XX__AUDIO_1042_TSI_NEU_XX_sadtalker.pt,data\preprocessed\features\z_v\FAKE_T3_1042_TSI_HAP_XX__AUDIO_1042_TSI_NEU_XX_sadtalker.pt
FAKE_T3_1042_TSI_SAD_XX__AUDIO_1042_TSI_ANG_XX_sadtalker,track3,1,crema_1042,ANG,SAD,-1,1,1,1,,data\preprocessed\features\z_at\FAKE_T3_1042_TSI_SAD_XX__AUDIO_1042_TSI_ANG_XX_sadtalker.pt,data\preprocessed\features\z_v\FAKE_T3_1042_TSI_SAD_XX__AUDIO_1042_TSI_ANG_XX_sadtalker.pt
FAKE_T3_1042_WSI_ANG_XX__AUDIO_1042_WSI_DIS_XX_sadtalker,track3,1,crema_1042,DIS,ANG,-1,1,1,1,,data\preprocessed\features\z_at\FAKE_T3_1042_WSI_ANG_XX__AUDIO_1042_WSI_DIS_XX_sadtalker.pt,data\preprocessed\features\z_v\FAKE_T3_1042_WSI_ANG_XX__AUDIO_1042_WSI_DIS_XX_sadtalker.pt
FAKE_T3_1042_WSI_NEU_XX__AUDIO_1042_WSI_SAD_XX_sadtalker,track3,1,crema_1042,SAD,NEU,-1,1,1,1,,data\preprocessed\features\z_at\FAKE_T3_1042_WSI_NEU_XX__AUDIO_1042_WSI_SAD_XX_sadtalker.pt,data\preprocessed\features\z_v\FAKE_T3_1042_WSI_NEU_XX__AUDIO_1042_WSI_SAD_XX_sadtalker.pt
FAKE_T3_1044_DFA_ANG_XX__AUDIO_1044_DFA_DIS_XX_sadtalker,track3,1,crema_1044,DIS,ANG,-1,1,1,1,,data\preprocessed\features\z_at\FAKE_T3_1044_DFA_ANG_XX__AUDIO_1044_DFA_DIS_XX_sadtalker.pt,data\preprocessed\features\z_v\FAKE_T3_1044_DFA_ANG_XX__AUDIO_1044_DFA_DIS_XX_sadtalker.pt
FAKE_T3_1044_DFA_FEA_XX__AUDIO_1044_DFA_HAP_XX_sadtalker,track3,1,crema_1044,HAP,FEA,-1,1,1,1,,data\preprocessed\features\z_at\FAKE_T3_1044_DFA_FEA_XX__AUDIO_1044_DFA_HAP_XX_sadtalker.pt,data\preprocessed\features\z_v\FAKE_T3_1044_DFA_FEA_XX__AUDIO_1044_DFA_HAP_XX_sadtalker.pt
FAKE_T3_1044_DFA_HAP_XX__AUDIO_1044_DFA_NEU_XX_sadtalker,track3,1,crema_1044,NEU,HAP,-1,1,1,1,,data\preprocessed\features\z_at\FAKE_T3_1044_DFA_HAP_XX__AUDIO_1044_DFA_NEU_XX_sadtalker.pt,data\preprocessed\features\z_v\FAKE_T3_1044_DFA_HAP_XX__AUDIO_1044_DFA_NEU_XX_sadtalker.pt
FAKE_T3_1044_DFA_NEU_XX__AUDIO_1044_DFA_SAD_XX_sadtalker,track3,1,crema_1044,SAD,NEU,-1,1,1,1,,data\preprocessed\features\z_at\FAKE_T3_1044_DFA_NEU_XX__AUDIO_1044_DFA_SAD_XX_sadtalker.pt,data\preprocessed\features\z_v\FAKE_T3_1044_DFA_NEU_XX__AUDIO_1044_DFA_SAD_XX_sadtalker.pt
FAKE_T3_1044_IEO_ANG_HI__AUDIO_1044_IEO_DIS_HI_sadtalker,track3,1,crema_1044,DIS,ANG,-1,1,1,1,,data\preprocessed\features\z_at\FAKE_T3_1044_IEO_ANG_HI__AUDIO_1044_IEO_DIS_HI_sadtalker.pt,data\preprocessed\features\z_v\FAKE_T3_1044_IEO_ANG_HI__AUDIO_1044_IEO_DIS_HI_sadtalker.pt
FAKE_T3_1044_IEO_ANG_LO__AUDIO_1044_IEO_DIS_LO_sadtalker,track3,1,crema_1044,DIS,ANG,-1,1,1,1,,data\preprocessed\features\z_at\FAKE_T3_1044_IEO_ANG_LO__AUDIO_1044_IEO_DIS_LO_sadtalker.pt,data\preprocessed\features\z_v\FAKE_T3_1044_IEO_ANG_LO__AUDIO_1044_IEO_DIS_LO_sadtalker.pt
FAKE_T3_1044_IEO_DIS_LO__AUDIO_1044_IEO_FEA_LO_sadtalker,track3,1,crema_1044,FEA,DIS,-1,1,1,1,,data\preprocessed\features\z_at\FAKE_T3_1044_IEO_DIS_LO__AUDIO_1044_IEO_FEA_LO_sadtalker.pt,data\preprocessed\features\z_v\FAKE_T3_1044_IEO_DIS_LO__AUDIO_1044_IEO_FEA_LO_sadtalker.pt
FAKE_T3_1044_IEO_FEA_LO__AUDIO_1044_IEO_HAP_LO_sadtalker,track3,1,crema_1044,HAP,FEA,-1,1,1,1,,data\preprocessed\features\z_at\FAKE_T3_1044_IEO_FEA_LO__AUDIO_1044_IEO_HAP_LO_sadtalker.pt,data\preprocessed\features\z_v\FAKE_T3_1044_IEO_FEA_LO__AUDIO_1044_IEO_HAP_LO_sadtalker.pt
FAKE_T3_1044_IEO_HAP_LO__AUDIO_1044_IEO_NEU_XX_sadtalker,track3,1,crema_1044,NEU,HAP,-1,1,1,1,,data\preprocessed\features\z_at\FAKE_T3_1044_IEO_HAP_LO__AUDIO_1044_IEO_NEU_XX_sadtalker.pt,data\preprocessed\features\z_v\FAKE_T3_1044_IEO_HAP_LO__AUDIO_1044_IEO_NEU_XX_sadtalker.pt
FAKE_T3_1044_IEO_HAP_MD__AUDIO_1044_IEO_NEU_XX_sadtalker,track3,1,crema_1044,NEU,HAP,-1,1,1,1,,data\preprocessed\features\z_at\FAKE_T3_1044_IEO_HAP_MD__AUDIO_1044_IEO_NEU_XX_sadtalker.pt,data\preprocessed\features\z_v\FAKE_T3_1044_IEO_HAP_MD__AUDIO_1044_IEO_NEU_XX_sadtalker.pt
FAKE_T3_1044_IEO_NEU_XX__AUDIO_1044_IEO_SAD_HI_sadtalker,track3,1,crema_1044,SAD,NEU,-1,1,1,1,,data\preprocessed\features\z_at\FAKE_T3_1044_IEO_NEU_XX__AUDIO_1044_IEO_SAD_HI_sadtalker.pt,data\preprocessed\features\z_v\FAKE_T3_1044_IEO_NEU_XX__AUDIO_1044_IEO_SAD_HI_sadtalker.pt
FAKE_T3_1044_IEO_SAD_HI__AUDIO_1044_IEO_ANG_HI_sadtalker,track3,1,crema_1044,ANG,SAD,-1,1,1,1,,data\preprocessed\features\z_at\FAKE_T3_1044_IEO_SAD_HI__AUDIO_1044_IEO_ANG_HI_sadtalker.pt,data\preprocessed\features\z_v\FAKE_T3_1044_IEO_SAD_HI__AUDIO_1044_IEO_ANG_HI_sadtalker.pt
FAKE_T3_1044_IEO_SAD_MD__AUDIO_1044_IEO_ANG_MD_sadtalker,track3,1,crema_1044,ANG,SAD,-1,1,1,1,,data\preprocessed\features\z_at\FAKE_T3_1044_IEO_SAD_MD__AUDIO_1044_IEO_ANG_MD_sadtalker.pt,data\preprocessed\features\z_v\FAKE_T3_1044_IEO_SAD_MD__AUDIO_1044_IEO_ANG_MD_sadtalker.pt
FAKE_T3_1044_IOM_ANG_XX__AUDIO_1044_IOM_DIS_XX_sadtalker,track3,1,crema_1044,DIS,ANG,-1,1,1,1,,data\preprocessed\features\z_at\FAKE_T3_1044_IOM_ANG_XX__AUDIO_1044_IOM_DIS_XX_sadtalker.pt,data\preprocessed\features\z_v\FAKE_T3_1044_IOM_ANG_XX__AUDIO_1044_IOM_DIS_XX_sadtalker.pt
FAKE_T3_1044_ITS_DIS_XX__AUDIO_1044_ITS_FEA_XX_sadtalker,track3,1,crema_1044,FEA,DIS,-1,1,1,1,,data\preprocessed\features\z_at\FAKE_T3_1044_ITS_DIS_XX__AUDIO_1044_ITS_FEA_XX_sadtalker.pt,data\preprocessed\features\z_v\FAKE_T3_1044_ITS_DIS_XX__AUDIO_1044_ITS_FEA_XX_sadtalker.pt
FAKE_T3_1044_ITS_HAP_XX__AUDIO_1044_ITS_NEU_XX_sadtalker,track3,1,crema_1044,NEU,HAP,-1,1,1,1,,data\preprocessed\features\z_at\FAKE_T3_1044_ITS_HAP_XX__AUDIO_1044_ITS_NEU_XX_sadtalker.pt,data\preprocessed\features\z_v\FAKE_T3_1044_ITS_HAP_XX__AUDIO_1044_ITS_NEU_XX_sadtalker.pt
FAKE_T3_1044_ITS_NEU_XX__AUDIO_1044_ITS_SAD_XX_sadtalker,track3,1,crema_1044,SAD,NEU,-1,1,1,1,,data\preprocessed\features\z_at\FAKE_T3_1044_ITS_NEU_XX__AUDIO_1044_ITS_SAD_XX_sadtalker.pt,data\preprocessed\features\z_v\FAKE_T3_1044_ITS_NEU_XX__AUDIO_1044_ITS_SAD_XX_sadtalker.pt
FAKE_T3_1044_IWL_DIS_XX__AUDIO_1044_IWL_FEA_XX_sadtalker,track3,1,crema_1044,FEA,DIS,-1,1,1,1,,data\preprocessed\features\z_at\FAKE_T3_1044_IWL_DIS_XX__AUDIO_1044_IWL_FEA_XX_sadtalker.pt,data\preprocessed\features\z_v\FAKE_T3_1044_IWL_DIS_XX__AUDIO_1044_IWL_FEA_XX_sadtalker.pt
FAKE_T3_1044_IWL_FEA_XX__AUDIO_1044_IWL_HAP_XX_sadtalker,track3,1,crema_1044,HAP,FEA,-1,1,1,1,,data\preprocessed\features\z_at\FAKE_T3_1044_IWL_FEA_XX__AUDIO_1044_IWL_HAP_XX_sadtalker.pt,data\preprocessed\features\z_v\FAKE_T3_1044_IWL_FEA_XX__AUDIO_1044_IWL_HAP_XX_sadtalker.pt
FAKE_T3_1044_IWL_HAP_XX__AUDIO_1044_IWL_NEU_XX_sadtalker,track3,1,crema_1044,NEU,HAP,-1,1,1,1,,data\preprocessed\features\z_at\FAKE_T3_1044_IWL_HAP_XX__AUDIO_1044_IWL_NEU_XX_sadtalker.pt,data\preprocessed\features\z_v\FAKE_T3_1044_IWL_HAP_XX__AUDIO_1044_IWL_NEU_XX_sadtalker.pt
FAKE_T3_1044_IWL_SAD_XX__AUDIO_1044_IWL_ANG_XX_sadtalker,track3,1,crema_1044,ANG,SAD,-1,1,1,1,,data\preprocessed\features\z_at\FAKE_T3_1044_IWL_SAD_XX__AUDIO_1044_IWL_ANG_XX_sadtalker.pt,data\preprocessed\features\z_v\FAKE_T3_1044_IWL_SAD_XX__AUDIO_1044_IWL_ANG_XX_sadtalker.pt
FAKE_T3_1044_IWW_DIS_XX__AUDIO_1044_IWW_FEA_XX_sadtalker,track3,1,crema_1044,FEA,DIS,-1,1,1,1,,data\preprocessed\features\z_at\FAKE_T3_1044_IWW_DIS_XX__AUDIO_1044_IWW_FEA_XX_sadtalker.pt,data\preprocessed\features\z_v\FAKE_T3_1044_IWW_DIS_XX__AUDIO_1044_IWW_FEA_XX_sadtalker.pt
FAKE_T3_1044_IWW_HAP_XX__AUDIO_1044_IWW_NEU_XX_sadtalker,track3,1,crema_1044,NEU,HAP,-1,1,1,1,,data\preprocessed\features\z_at\FAKE_T3_1044_IWW_HAP_XX__AUDIO_1044_IWW_NEU_XX_sadtalker.pt,data\preprocessed\features\z_v\FAKE_T3_1044_IWW_HAP_XX__AUDIO_1044_IWW_NEU_XX_sadtalker.pt
FAKE_T3_1044_IWW_NEU_XX__AUDIO_1044_IWW_SAD_XX_sadtalker,track3,1,crema_1044,SAD,NEU,-1,1,1,1,,data\preprocessed\features\z_at\FAKE_T3_1044_IWW_NEU_XX__AUDIO_1044_IWW_SAD_XX_sadtalker.pt,data\preprocessed\features\z_v\FAKE_T3_1044_IWW_NEU_XX__AUDIO_1044_IWW_SAD_XX_sadtalker.pt
FAKE_T3_1044_MTI_ANG_XX__AUDIO_1044_MTI_DIS_XX_sadtalker,track3,1,crema_1044,DIS,ANG,-1,1,1,1,,data\preprocessed\features\z_at\FAKE_T3_1044_MTI_ANG_XX__AUDIO_1044_MTI_DIS_XX_sadtalker.pt,data\preprocessed\features\z_v\FAKE_T3_1044_MTI_ANG_XX__AUDIO_1044_MTI_DIS_XX_sadtalker.pt
FAKE_T3_1044_MTI_DIS_XX__AUDIO_1044_MTI_FEA_XX_sadtalker,track3,1,crema_1044,FEA,DIS,-1,1,1,1,,data\preprocessed\features\z_at\FAKE_T3_1044_MTI_DIS_XX__AUDIO_1044_MTI_FEA_XX_sadtalker.pt,data\preprocessed\features\z_v\FAKE_T3_1044_MTI_DIS_XX__AUDIO_1044_MTI_FEA_XX_sadtalker.pt
FAKE_T3_1044_MTI_HAP_XX__AUDIO_1044_MTI_NEU_XX_sadtalker,track3,1,crema_1044,NEU,HAP,-1,1,1,1,,data\preprocessed\features\z_at\FAKE_T3_1044_MTI_HAP_XX__AUDIO_1044_MTI_NEU_XX_sadtalker.pt,data\preprocessed\features\z_v\FAKE_T3_1044_MTI_HAP_XX__AUDIO_1044_MTI_NEU_XX_sadtalker.pt
FAKE_T3_1044_MTI_NEU_XX__AUDIO_1044_MTI_SAD_XX_sadtalker,track3,1,crema_1044,SAD,NEU,-1,1,1,1,,data\preprocessed\features\z_at\FAKE_T3_1044_MTI_NEU_XX__AUDIO_1044_MTI_SAD_XX_sadtalker.pt,data\preprocessed\features\z_v\FAKE_T3_1044_MTI_NEU_XX__AUDIO_1044_MTI_SAD_XX_sadtalker.pt
FAKE_T3_1044_MTI_SAD_XX__AUDIO_1044_MTI_ANG_XX_sadtalker,track3,1,crema_1044,ANG,SAD,-1,1,1,1,,data\preprocessed\features\z_at\FAKE_T3_1044_MTI_SAD_XX__AUDIO_1044_MTI_ANG_XX_sadtalker.pt,data\preprocessed\features\z_v\FAKE_T3_1044_MTI_SAD_XX__AUDIO_1044_MTI_ANG_XX_sadtalker.pt
FAKE_T3_1044_TAI_FEA_XX__AUDIO_1044_TAI_HAP_XX_sadtalker,track3,1,crema_1044,HAP,FEA,-1,1,1,1,,data\preprocessed\features\z_at\FAKE_T3_1044_TAI_FEA_XX__AUDIO_1044_TAI_HAP_XX_sadtalker.pt,data\preprocessed\features\z_v\FAKE_T3_1044_TAI_FEA_XX__AUDIO_1044_TAI_HAP_XX_sadtalker.pt
FAKE_T3_1044_TAI_HAP_XX__AUDIO_1044_TAI_NEU_XX_sadtalker,track3,1,crema_1044,NEU,HAP,-1,1,1,1,,data\preprocessed\features\z_at\FAKE_T3_1044_TAI_HAP_XX__AUDIO_1044_TAI_NEU_XX_sadtalker.pt,data\preprocessed\features\z_v\FAKE_T3_1044_TAI_HAP_XX__AUDIO_1044_TAI_NEU_XX_sadtalker.pt
FAKE_T3_1044_TAI_SAD_XX__AUDIO_1044_TAI_ANG_XX_sadtalker,track3,1,crema_1044,ANG,SAD,-1,1,1,1,,data\preprocessed\features\z_at\FAKE_T3_1044_TAI_SAD_XX__AUDIO_1044_TAI_ANG_XX_sadtalker.pt,data\preprocessed\features\z_v\FAKE_T3_1044_TAI_SAD_XX__AUDIO_1044_TAI_ANG_XX_sadtalker.pt
FAKE_T3_1044_TIE_HAP_XX__AUDIO_1044_TIE_NEU_XX_sadtalker,track3,1,crema_1044,NEU,HAP,-1,1,1,1,,data\preprocessed\features\z_at\FAKE_T3_1044_TIE_HAP_XX__AUDIO_1044_TIE_NEU_XX_sadtalker.pt,data\preprocessed\features\z_v\FAKE_T3_1044_TIE_HAP_XX__AUDIO_1044_TIE_NEU_XX_sadtalker.pt
FAKE_T3_1044_TIE_SAD_XX__AUDIO_1044_TIE_ANG_XX_sadtalker,track3,1,crema_1044,ANG,SAD,-1,1,1,1,,data\preprocessed\features\z_at\FAKE_T3_1044_TIE_SAD_XX__AUDIO_1044_TIE_ANG_XX_sadtalker.pt,data\preprocessed\features\z_v\FAKE_T3_1044_TIE_SAD_XX__AUDIO_1044_TIE_ANG_XX_sadtalker.pt
FAKE_T3_1044_TSI_ANG_XX__AUDIO_1044_TSI_DIS_XX_sadtalker,track3,1,crema_1044,DIS,ANG,-1,1,1,1,,data\preprocessed\features\z_at\FAKE_T3_1044_TSI_ANG_XX__AUDIO_1044_TSI_DIS_XX_sadtalker.pt,data\preprocessed\features\z_v\FAKE_T3_1044_TSI_ANG_XX__AUDIO_1044_TSI_DIS_XX_sadtalker.pt
FAKE_T3_1044_TSI_FEA_XX__AUDIO_1044_TSI_HAP_XX_sadtalker,track3,1,crema_1044,HAP,FEA,-1,1,1,1,,data\preprocessed\features\z_at\FAKE_T3_1044_TSI_FEA_XX__AUDIO_1044_TSI_HAP_XX_sadtalker.pt,data\preprocessed\features\z_v\FAKE_T3_1044_TSI_FEA_XX__AUDIO_1044_TSI_HAP_XX_sadtalker.pt
FAKE_T3_1044_WSI_ANG_XX__AUDIO_1044_WSI_DIS_XX_sadtalker,track3,1,crema_1044,DIS,ANG,-1,1,1,1,,data\preprocessed\features\z_at\FAKE_T3_1044_WSI_ANG_XX__AUDIO_1044_WSI_DIS_XX_sadtalker.pt,data\preprocessed\features\z_v\FAKE_T3_1044_WSI_ANG_XX__AUDIO_1044_WSI_DIS_XX_sadtalker.pt
FAKE_T3_1044_WSI_DIS_XX__AUDIO_1044_WSI_FEA_XX_sadtalker,track3,1,crema_1044,FEA,DIS,-1,1,1,1,,data\preprocessed\features\z_at\FAKE_T3_1044_WSI_DIS_XX__AUDIO_1044_WSI_FEA_XX_sadtalker.pt,data\preprocessed\features\z_v\FAKE_T3_1044_WSI_DIS_XX__AUDIO_1044_WSI_FEA_XX_sadtalker.pt
FAKE_T3_1044_WSI_HAP_XX__AUDIO_1044_WSI_NEU_XX_sadtalker,track3,1,crema_1044,NEU,HAP,-1,1,1,1,,data\preprocessed\features\z_at\FAKE_T3_1044_WSI_HAP_XX__AUDIO_1044_WSI_NEU_XX_sadtalker.pt,data\preprocessed\features\z_v\FAKE_T3_1044_WSI_HAP_XX__AUDIO_1044_WSI_NEU_XX_sadtalker.pt
FAKE_T3_1044_WSI_NEU_XX__AUDIO_1044_WSI_SAD_XX_sadtalker,track3,1,crema_1044,SAD,NEU,-1,1,1,1,,data\preprocessed\features\z_at\FAKE_T3_1044_WSI_NEU_XX__AUDIO_1044_WSI_SAD_XX_sadtalker.pt,data\preprocessed\features\z_v\FAKE_T3_1044_WSI_NEU_XX__AUDIO_1044_WSI_SAD_XX_sadtalker.pt
FAKE_T3_1044_WSI_SAD_XX__AUDIO_1044_WSI_ANG_XX_sadtalker,track3,1,crema_1044,ANG,SAD,-1,1,1,1,,data\preprocessed\features\z_at\FAKE_T3_1044_WSI_SAD_XX__AUDIO_1044_WSI_ANG_XX_sadtalker.pt,data\preprocessed\features\z_v\FAKE_T3_1044_WSI_SAD_XX__AUDIO_1044_WSI_ANG_XX_sadtalker.pt
FAKE_T3_1045_DFA_ANG_XX__AUDIO_1045_DFA_DIS_XX_sadtalker,track3,1,crema_1045,DIS,ANG,-1,1,1,1,,data\preprocessed\features\z_at\FAKE_T3_1045_DFA_ANG_XX__AUDIO_1045_DFA_DIS_XX_sadtalker.pt,data\preprocessed\features\z_v\FAKE_T3_1045_DFA_ANG_XX__AUDIO_1045_DFA_DIS_XX_sadtalker.pt
FAKE_T3_1045_DFA_FEA_XX__AUDIO_1045_DFA_HAP_XX_sadtalker,track3,1,crema_1045,HAP,FEA,-1,1,1,1,,data\preprocessed\features\z_at\FAKE_T3_1045_DFA_FEA_XX__AUDIO_1045_DFA_HAP_XX_sadtalker.pt,data\preprocessed\features\z_v\FAKE_T3_1045_DFA_FEA_XX__AUDIO_1045_DFA_HAP_XX_sadtalker.pt
FAKE_T3_1045_DFA_HAP_XX__AUDIO_1045_DFA_NEU_XX_sadtalker,track3,1,crema_1045,NEU,HAP,-1,1,1,1,,data\preprocessed\features\z_at\FAKE_T3_1045_DFA_HAP_XX__AUDIO_1045_DFA_NEU_XX_sadtalker.pt,data\preprocessed\features\z_v\FAKE_T3_1045_DFA_HAP_XX__AUDIO_1045_DFA_NEU_XX_sadtalker.pt
FAKE_T3_1045_DFA_NEU_XX__AUDIO_1045_DFA_SAD_XX_sadtalker,track3,1,crema_1045,SAD,NEU,-1,1,1,1,,data\preprocessed\features\z_at\FAKE_T3_1045_DFA_NEU_XX__AUDIO_1045_DFA_SAD_XX_sadtalker.pt,data\preprocessed\features\z_v\FAKE_T3_1045_DFA_NEU_XX__AUDIO_1045_DFA_SAD_XX_sadtalker.pt
FAKE_T3_1045_IEO_DIS_HI__AUDIO_1045_IEO_FEA_HI_sadtalker,track3,1,crema_1045,FEA,DIS,-1,1,1,1,,data\preprocessed\features\z_at\FAKE_T3_1045_IEO_DIS_HI__AUDIO_1045_IEO_FEA_HI_sadtalker.pt,data\preprocessed\features\z_v\FAKE_T3_1045_IEO_DIS_HI__AUDIO_1045_IEO_FEA_HI_sadtalker.pt
FAKE_T3_1045_IEO_DIS_LO__AUDIO_1045_IEO_FEA_LO_sadtalker,track3,1,crema_1045,FEA,DIS,-1,1,1,1,,data\preprocessed\features\z_at\FAKE_T3_1045_IEO_DIS_LO__AUDIO_1045_IEO_FEA_LO_sadtalker.pt,data\preprocessed\features\z_v\FAKE_T3_1045_IEO_DIS_LO__AUDIO_1045_IEO_FEA_LO_sadtalker.pt
FAKE_T3_1045_IEO_FEA_HI__AUDIO_1045_IEO_HAP_HI_sadtalker,track3,1,crema_1045,HAP,FEA,-1,1,1,1,,data\preprocessed\features\z_at\FAKE_T3_1045_IEO_FEA_HI__AUDIO_1045_IEO_HAP_HI_sadtalker.pt,data\preprocessed\features\z_v\FAKE_T3_1045_IEO_FEA_HI__AUDIO_1045_IEO_HAP_HI_sadtalker.pt
FAKE_T3_1045_IEO_FEA_LO__AUDIO_1045_IEO_HAP_LO_sadtalker,track3,1,crema_1045,HAP,FEA,-1,1,1,1,,data\preprocessed\features\z_at\FAKE_T3_1045_IEO_FEA_LO__AUDIO_1045_IEO_HAP_LO_sadtalker.pt,data\preprocessed\features\z_v\FAKE_T3_1045_IEO_FEA_LO__AUDIO_1045_IEO_HAP_LO_sadtalker.pt
FAKE_T3_1045_IEO_FEA_MD__AUDIO_1045_IEO_HAP_MD_sadtalker,track3,1,crema_1045,HAP,FEA,-1,1,1,1,,data\preprocessed\features\z_at\FAKE_T3_1045_IEO_FEA_MD__AUDIO_1045_IEO_HAP_MD_sadtalker.pt,data\preprocessed\features\z_v\FAKE_T3_1045_IEO_FEA_MD__AUDIO_1045_IEO_HAP_MD_sadtalker.pt
FAKE_T3_1045_IEO_HAP_LO__AUDIO_1045_IEO_NEU_XX_sadtalker,track3,1,crema_1045,NEU,HAP,-1,1,1,1,,data\preprocessed\features\z_at\FAKE_T3_1045_IEO_HAP_LO__AUDIO_1045_IEO_NEU_XX_sadtalker.pt,data\preprocessed\features\z_v\FAKE_T3_1045_IEO_HAP_LO__AUDIO_1045_IEO_NEU_XX_sadtalker.pt
FAKE_T3_1045_IEO_NEU_XX__AUDIO_1045_IEO_SAD_HI_sadtalker,track3,1,crema_1045,SAD,NEU,-1,1,1,1,,data\preprocessed\features\z_at\FAKE_T3_1045_IEO_NEU_XX__AUDIO_1045_IEO_SAD_HI_sadtalker.pt,data\preprocessed\features\z_v\FAKE_T3_1045_IEO_NEU_XX__AUDIO_1045_IEO_SAD_HI_sadtalker.pt
FAKE_T3_1045_IEO_SAD_MD__AUDIO_1045_IEO_ANG_MD_sadtalker,track3,1,crema_1045,ANG,SAD,-1,1,1,1,,data\preprocessed\features\z_at\FAKE_T3_1045_IEO_SAD_MD__AUDIO_1045_IEO_ANG_MD_sadtalker.pt,data\preprocessed\features\z_v\FAKE_T3_1045_IEO_SAD_MD__AUDIO_1045_IEO_ANG_MD_sadtalker.pt
FAKE_T3_1045_IOM_DIS_XX__AUDIO_1045_IOM_FEA_XX_sadtalker,track3,1,crema_1045,FEA,DIS,-1,1,1,1,,data\preprocessed\features\z_at\FAKE_T3_1045_IOM_DIS_XX__AUDIO_1045_IOM_FEA_XX_sadtalker.pt,data\preprocessed\features\z_v\FAKE_T3_1045_IOM_DIS_XX__AUDIO_1045_IOM_FEA_XX_sadtalker.pt
FAKE_T3_1045_IOM_FEA_XX__AUDIO_1045_IOM_HAP_XX_sadtalker,track3,1,crema_1045,HAP,FEA,-1,1,1,1,,data\preprocessed\features\z_at\FAKE_T3_1045_IOM_FEA_XX__AUDIO_1045_IOM_HAP_XX_sadtalker.pt,data\preprocessed\features\z_v\FAKE_T3_1045_IOM_FEA_XX__AUDIO_1045_IOM_HAP_XX_sadtalker.pt
FAKE_T3_1045_IOM_HAP_XX__AUDIO_1045_IOM_NEU_XX_sadtalker,track3,1,crema_1045,NEU,HAP,-1,1,1,1,,data\preprocessed\features\z_at\FAKE_T3_1045_IOM_HAP_XX__AUDIO_1045_IOM_NEU_XX_sadtalker.pt,data\preprocessed\features\z_v\FAKE_T3_1045_IOM_HAP_XX__AUDIO_1045_IOM_NEU_XX_sadtalker.pt
FAKE_T3_1045_IOM_SAD_XX__AUDIO_1045_IOM_ANG_XX_sadtalker,track3,1,crema_1045,ANG,SAD,-1,1,1,1,,data\preprocessed\features\z_at\FAKE_T3_1045_IOM_SAD_XX__AUDIO_1045_IOM_ANG_XX_sadtalker.pt,data\preprocessed\features\z_v\FAKE_T3_1045_IOM_SAD_XX__AUDIO_1045_IOM_ANG_XX_sadtalker.pt
FAKE_T3_1045_ITH_ANG_XX__AUDIO_1045_ITH_DIS_XX_sadtalker,track3,1,crema_1045,DIS,ANG,-1,1,1,1,,data\preprocessed\features\z_at\FAKE_T3_1045_ITH_ANG_XX__AUDIO_1045_ITH_DIS_XX_sadtalker.pt,data\preprocessed\features\z_v\FAKE_T3_1045_ITH_ANG_XX__AUDIO_1045_ITH_DIS_XX_sadtalker.pt
FAKE_T3_1045_ITH_HAP_XX__AUDIO_1045_ITH_NEU_XX_sadtalker,track3,1,crema_1045,NEU,HAP,-1,1,1,1,,data\preprocessed\features\z_at\FAKE_T3_1045_ITH_HAP_XX__AUDIO_1045_ITH_NEU_XX_sadtalker.pt,data\preprocessed\features\z_v\FAKE_T3_1045_ITH_HAP_XX__AUDIO_1045_ITH_NEU_XX_sadtalker.pt
FAKE_T3_1045_ITH_SAD_XX__AUDIO_1045_ITH_ANG_XX_sadtalker,track3,1,crema_1045,ANG,SAD,-1,1,1,1,,data\preprocessed\features\z_at\FAKE_T3_1045_ITH_SAD_XX__AUDIO_1045_ITH_ANG_XX_sadtalker.pt,data\preprocessed\features\z_v\FAKE_T3_1045_ITH_SAD_XX__AUDIO_1045_ITH_ANG_XX_sadtalker.pt
FAKE_T3_1045_ITS_DIS_XX__AUDIO_1045_ITS_FEA_XX_sadtalker,track3,1,crema_1045,FEA,DIS,-1,1,1,1,,data\preprocessed\features\z_at\FAKE_T3_1045_ITS_DIS_XX__AUDIO_1045_ITS_FEA_XX_sadtalker.pt,data\preprocessed\features\z_v\FAKE_T3_1045_ITS_DIS_XX__AUDIO_1045_ITS_FEA_XX_sadtalker.pt
FAKE_T3_1045_ITS_FEA_XX__AUDIO_1045_ITS_HAP_XX_sadtalker,track3,1,crema_1045,HAP,FEA,-1,1,1,1,,data\preprocessed\features\z_at\FAKE_T3_1045_ITS_FEA_XX__AUDIO_1045_ITS_HAP_XX_sadtalker.pt,data\preprocessed\features\z_v\FAKE_T3_1045_ITS_FEA_XX__AUDIO_1045_ITS_HAP_XX_sadtalker.pt
FAKE_T3_1045_ITS_NEU_XX__AUDIO_1045_ITS_SAD_XX_sadtalker,track3,1,crema_1045,SAD,NEU,-1,1,1,1,,data\preprocessed\features\z_at\FAKE_T3_1045_ITS_NEU_XX__AUDIO_1045_ITS_SAD_XX_sadtalker.pt,data\preprocessed\features\z_v\FAKE_T3_1045_ITS_NEU_XX__AUDIO_1045_ITS_SAD_XX_sadtalker.pt
FAKE_T3_1045_IWL_ANG_XX__AUDIO_1045_IWL_DIS_XX_sadtalker,track3,1,crema_1045,DIS,ANG,-1,1,1,1,,data\preprocessed\features\z_at\FAKE_T3_1045_IWL_ANG_XX__AUDIO_1045_IWL_DIS_XX_sadtalker.pt,data\preprocessed\features\z_v\FAKE_T3_1045_IWL_ANG_XX__AUDIO_1045_IWL_DIS_XX_sadtalker.pt
FAKE_T3_1045_IWW_HAP_XX__AUDIO_1045_IWW_NEU_XX_sadtalker,track3,1,crema_1045,NEU,HAP,-1,1,1,1,,data\preprocessed\features\z_at\FAKE_T3_1045_IWW_HAP_XX__AUDIO_1045_IWW_NEU_XX_sadtalker.pt,data\preprocessed\features\z_v\FAKE_T3_1045_IWW_HAP_XX__AUDIO_1045_IWW_NEU_XX_sadtalker.pt
FAKE_T3_1045_MTI_HAP_XX__AUDIO_1045_MTI_NEU_XX_sadtalker,track3,1,crema_1045,NEU,HAP,-1,1,1,1,,data\preprocessed\features\z_at\FAKE_T3_1045_MTI_HAP_XX__AUDIO_1045_MTI_NEU_XX_sadtalker.pt,data\preprocessed\features\z_v\FAKE_T3_1045_MTI_HAP_XX__AUDIO_1045_MTI_NEU_XX_sadtalker.pt
FAKE_T3_1045_MTI_NEU_XX__AUDIO_1045_MTI_SAD_XX_sadtalker,track3,1,crema_1045,SAD,NEU,-1,1,1,1,,data\preprocessed\features\z_at\FAKE_T3_1045_MTI_NEU_XX__AUDIO_1045_MTI_SAD_XX_sadtalker.pt,data\preprocessed\features\z_v\FAKE_T3_1045_MTI_NEU_XX__AUDIO_1045_MTI_SAD_XX_sadtalker.pt
FAKE_T3_1045_MTI_SAD_XX__AUDIO_1045_MTI_ANG_XX_sadtalker,track3,1,crema_1045,ANG,SAD,-1,1,1,1,,data\preprocessed\features\z_at\FAKE_T3_1045_MTI_SAD_XX__AUDIO_1045_MTI_ANG_XX_sadtalker.pt,data\preprocessed\features\z_v\FAKE_T3_1045_MTI_SAD_XX__AUDIO_1045_MTI_ANG_XX_sadtalker.pt
FAKE_T3_1045_TAI_ANG_XX__AUDIO_1045_TAI_DIS_XX_sadtalker,track3,1,crema_1045,DIS,ANG,-1,1,1,1,,data\preprocessed\features\z_at\FAKE_T3_1045_TAI_ANG_XX__AUDIO_1045_TAI_DIS_XX_sadtalker.pt,data\preprocessed\features\z_v\FAKE_T3_1045_TAI_ANG_XX__AUDIO_1045_TAI_DIS_XX_sadtalker.pt
FAKE_T3_1045_TAI_DIS_XX__AUDIO_1045_TAI_FEA_XX_sadtalker,track3,1,crema_1045,FEA,DIS,-1,1,1,1,,data\preprocessed\features\z_at\FAKE_T3_1045_TAI_DIS_XX__AUDIO_1045_TAI_FEA_XX_sadtalker.pt,data\preprocessed\features\z_v\FAKE_T3_1045_TAI_DIS_XX__AUDIO_1045_TAI_FEA_XX_sadtalker.pt
FAKE_T3_1045_TAI_NEU_XX__AUDIO_1045_TAI_SAD_XX_sadtalker,track3,1,crema_1045,SAD,NEU,-1,1,1,1,,data\preprocessed\features\z_at\FAKE_T3_1045_TAI_NEU_XX__AUDIO_1045_TAI_SAD_XX_sadtalker.pt,data\preprocessed\features\z_v\FAKE_T3_1045_TAI_NEU_XX__AUDIO_1045_TAI_SAD_XX_sadtalker.pt
FAKE_T3_1045_TAI_SAD_XX__AUDIO_1045_TAI_ANG_XX_sadtalker,track3,1,crema_1045,ANG,SAD,-1,1,1,1,,data\preprocessed\features\z_at\FAKE_T3_1045_TAI_SAD_XX__AUDIO_1045_TAI_ANG_XX_sadtalker.pt,data\preprocessed\features\z_v\FAKE_T3_1045_TAI_SAD_XX__AUDIO_1045_TAI_ANG_XX_sadtalker.pt
FAKE_T3_1045_TIE_ANG_XX__AUDIO_1045_TIE_DIS_XX_sadtalker,track3,1,crema_1045,DIS,ANG,-1,1,1,1,,data\preprocessed\features\z_at\FAKE_T3_1045_TIE_ANG_XX__AUDIO_1045_TIE_DIS_XX_sadtalker.pt,data\preprocessed\features\z_v\FAKE_T3_1045_TIE_ANG_XX__AUDIO_1045_TIE_DIS_XX_sadtalker.pt
FAKE_T3_1045_TIE_DIS_XX__AUDIO_1045_TIE_FEA_XX_sadtalker,track3,1,crema_1045,FEA,DIS,-1,1,1,1,,data\preprocessed\features\z_at\FAKE_T3_1045_TIE_DIS_XX__AUDIO_1045_TIE_FEA_XX_sadtalker.pt,data\preprocessed\features\z_v\FAKE_T3_1045_TIE_DIS_XX__AUDIO_1045_TIE_FEA_XX_sadtalker.pt
FAKE_T3_1045_TIE_FEA_XX__AUDIO_1045_TIE_HAP_XX_sadtalker,track3,1,crema_1045,HAP,FEA,-1,1,1,1,,data\preprocessed\features\z_at\FAKE_T3_1045_TIE_FEA_XX__AUDIO_1045_TIE_HAP_XX_sadtalker.pt,data\preprocessed\features\z_v\FAKE_T3_1045_TIE_FEA_XX__AUDIO_1045_TIE_HAP_XX_sadtalker.pt
FAKE_T3_1045_TIE_HAP_XX__AUDIO_1045_TIE_NEU_XX_sadtalker,track3,1,crema_1045,NEU,HAP,-1,1,1,1,,data\preprocessed\features\z_at\FAKE_T3_1045_TIE_HAP_XX__AUDIO_1045_TIE_NEU_XX_sadtalker.pt,data\preprocessed\features\z_v\FAKE_T3_1045_TIE_HAP_XX__AUDIO_1045_TIE_NEU_XX_sadtalker.pt
FAKE_T3_1045_TIE_NEU_XX__AUDIO_1045_TIE_SAD_XX_sadtalker,track3,1,crema_1045,SAD,NEU,-1,1,1,1,,data\preprocessed\features\z_at\FAKE_T3_1045_TIE_NEU_XX__AUDIO_1045_TIE_SAD_XX_sadtalker.pt,data\preprocessed\features\z_v\FAKE_T3_1045_TIE_NEU_XX__AUDIO_1045_TIE_SAD_XX_sadtalker.pt
FAKE_T3_1045_TSI_ANG_XX__AUDIO_1045_TSI_DIS_XX_sadtalker,track3,1,crema_1045,DIS,ANG,-1,1,1,1,,data\preprocessed\features\z_at\FAKE_T3_1045_TSI_ANG_XX__AUDIO_1045_TSI_DIS_XX_sadtalker.pt,data\preprocessed\features\z_v\FAKE_T3_1045_TSI_ANG_XX__AUDIO_1045_TSI_DIS_XX_sadtalker.pt
FAKE_T3_1045_TSI_FEA_XX__AUDIO_1045_TSI_HAP_XX_sadtalker,track3,1,crema_1045,HAP,FEA,-1,1,1,1,,data\preprocessed\features\z_at\FAKE_T3_1045_TSI_FEA_XX__AUDIO_1045_TSI_HAP_XX_sadtalker.pt,data\preprocessed\features\z_v\FAKE_T3_1045_TSI_FEA_XX__AUDIO_1045_TSI_HAP_XX_sadtalker.pt
FAKE_T3_1045_TSI_HAP_XX__AUDIO_1045_TSI_NEU_XX_sadtalker,track3,1,crema_1045,NEU,HAP,-1,1,1,1,,data\preprocessed\features\z_at\FAKE_T3_1045_TSI_HAP_XX__AUDIO_1045_TSI_NEU_XX_sadtalker.pt,data\preprocessed\features\z_v\FAKE_T3_1045_TSI_HAP_XX__AUDIO_1045_TSI_NEU_XX_sadtalker.pt
FAKE_T3_1045_TSI_NEU_XX__AUDIO_1045_TSI_SAD_XX_sadtalker,track3,1,crema_1045,SAD,NEU,-1,1,1,1,,data\preprocessed\features\z_at\FAKE_T3_1045_TSI_NEU_XX__AUDIO_1045_TSI_SAD_XX_sadtalker.pt,data\preprocessed\features\z_v\FAKE_T3_1045_TSI_NEU_XX__AUDIO_1045_TSI_SAD_XX_sadtalker.pt
FAKE_T3_1045_WSI_NEU_XX__AUDIO_1045_WSI_SAD_XX_sadtalker,track3,1,crema_1045,SAD,NEU,-1,1,1,1,,data\preprocessed\features\z_at\FAKE_T3_1045_WSI_NEU_XX__AUDIO_1045_WSI_SAD_XX_sadtalker.pt,data\preprocessed\features\z_v\FAKE_T3_1045_WSI_NEU_XX__AUDIO_1045_WSI_SAD_XX_sadtalker.pt
FAKE_T3_1047_DFA_DIS_XX__AUDIO_1047_DFA_FEA_XX_sadtalker,track3,1,crema_1047,FEA,DIS,-1,1,1,1,,data\preprocessed\features\z_at\FAKE_T3_1047_DFA_DIS_XX__AUDIO_1047_DFA_FEA_XX_sadtalker.pt,data\preprocessed\features\z_v\FAKE_T3_1047_DFA_DIS_XX__AUDIO_1047_DFA_FEA_XX_sadtalker.pt
FAKE_T3_1047_DFA_SAD_XX__AUDIO_1047_DFA_ANG_XX_sadtalker,track3,1,crema_1047,ANG,SAD,-1,1,1,1,,data\preprocessed\features\z_at\FAKE_T3_1047_DFA_SAD_XX__AUDIO_1047_DFA_ANG_XX_sadtalker.pt,data\preprocessed\features\z_v\FAKE_T3_1047_DFA_SAD_XX__AUDIO_1047_DFA_ANG_XX_sadtalker.pt
FAKE_T3_1047_IEO_ANG_MD__AUDIO_1047_IEO_DIS_MD_sadtalker,track3,1,crema_1047,DIS,ANG,-1,1,1,1,,data\preprocessed\features\z_at\FAKE_T3_1047_IEO_ANG_MD__AUDIO_1047_IEO_DIS_MD_sadtalker.pt,data\preprocessed\features\z_v\FAKE_T3_1047_IEO_ANG_MD__AUDIO_1047_IEO_DIS_MD_sadtalker.pt
FAKE_T3_1047_IEO_DIS_MD__AUDIO_1047_IEO_FEA_MD_sadtalker,track3,1,crema_1047,FEA,DIS,-1,1,1,1,,data\preprocessed\features\z_at\FAKE_T3_1047_IEO_DIS_MD__AUDIO_1047_IEO_FEA_MD_sadtalker.pt,data\preprocessed\features\z_v\FAKE_T3_1047_IEO_DIS_MD__AUDIO_1047_IEO_FEA_MD_sadtalker.pt
FAKE_T3_1047_IEO_FEA_HI__AUDIO_1047_IEO_HAP_HI_sadtalker,track3,1,crema_1047,HAP,FEA,-1,1,1,1,,data\preprocessed\features\z_at\FAKE_T3_1047_IEO_FEA_HI__AUDIO_1047_IEO_HAP_HI_sadtalker.pt,data\preprocessed\features\z_v\FAKE_T3_1047_IEO_FEA_HI__AUDIO_1047_IEO_HAP_HI_sadtalker.pt
FAKE_T3_1047_IEO_FEA_MD__AUDIO_1047_IEO_HAP_MD_sadtalker,track3,1,crema_1047,HAP,FEA,-1,1,1,1,,data\preprocessed\features\z_at\FAKE_T3_1047_IEO_FEA_MD__AUDIO_1047_IEO_HAP_MD_sadtalker.pt,data\preprocessed\features\z_v\FAKE_T3_1047_IEO_FEA_MD__AUDIO_1047_IEO_HAP_MD_sadtalker.pt
FAKE_T3_1047_IEO_HAP_MD__AUDIO_1047_IEO_NEU_XX_sadtalker,track3,1,crema_1047,NEU,HAP,-1,1,1,1,,data\preprocessed\features\z_at\FAKE_T3_1047_IEO_HAP_MD__AUDIO_1047_IEO_NEU_XX_sadtalker.pt,data\preprocessed\features\z_v\FAKE_T3_1047_IEO_HAP_MD__AUDIO_1047_IEO_NEU_XX_sadtalker.pt
FAKE_T3_1047_IEO_SAD_HI__AUDIO_1047_IEO_ANG_HI_sadtalker,track3,1,crema_1047,ANG,SAD,-1,1,1,1,,data\preprocessed\features\z_at\FAKE_T3_1047_IEO_SAD_HI__AUDIO_1047_IEO_ANG_HI_sadtalker.pt,data\preprocessed\features\z_v\FAKE_T3_1047_IEO_SAD_HI__AUDIO_1047_IEO_ANG_HI_sadtalker.pt
FAKE_T3_1047_IEO_SAD_LO__AUDIO_1047_IEO_ANG_LO_sadtalker,track3,1,crema_1047,ANG,SAD,-1,1,1,1,,data\preprocessed\features\z_at\FAKE_T3_1047_IEO_SAD_LO__AUDIO_1047_IEO_ANG_LO_sadtalker.pt,data\preprocessed\features\z_v\FAKE_T3_1047_IEO_SAD_LO__AUDIO_1047_IEO_ANG_LO_sadtalker.pt
FAKE_T3_1047_IOM_ANG_XX__AUDIO_1047_IOM_DIS_XX_sadtalker,track3,1,crema_1047,DIS,ANG,-1,1,1,1,,data\preprocessed\features\z_at\FAKE_T3_1047_IOM_ANG_XX__AUDIO_1047_IOM_DIS_XX_sadtalker.pt,data\preprocessed\features\z_v\FAKE_T3_1047_IOM_ANG_XX__AUDIO_1047_IOM_DIS_XX_sadtalker.pt
FAKE_T3_1047_IOM_FEA_XX__AUDIO_1047_IOM_HAP_XX_sadtalker,track3,1,crema_1047,HAP,FEA,-1,1,1,1,,data\preprocessed\features\z_at\FAKE_T3_1047_IOM_FEA_XX__AUDIO_1047_IOM_HAP_XX_sadtalker.pt,data\preprocessed\features\z_v\FAKE_T3_1047_IOM_FEA_XX__AUDIO_1047_IOM_HAP_XX_sadtalker.pt
FAKE_T3_1047_IOM_HAP_XX__AUDIO_1047_IOM_NEU_XX_sadtalker,track3,1,crema_1047,NEU,HAP,-1,1,1,1,,data\preprocessed\features\z_at\FAKE_T3_1047_IOM_HAP_XX__AUDIO_1047_IOM_NEU_XX_sadtalker.pt,data\preprocessed\features\z_v\FAKE_T3_1047_IOM_HAP_XX__AUDIO_1047_IOM_NEU_XX_sadtalker.pt
FAKE_T3_1047_IOM_NEU_XX__AUDIO_1047_IOM_SAD_XX_sadtalker,track3,1,crema_1047,SAD,NEU,-1,1,1,1,,data\preprocessed\features\z_at\FAKE_T3_1047_IOM_NEU_XX__AUDIO_1047_IOM_SAD_XX_sadtalker.pt,data\preprocessed\features\z_v\FAKE_T3_1047_IOM_NEU_XX__AUDIO_1047_IOM_SAD_XX_sadtalker.pt
FAKE_T3_1047_ITH_SAD_XX__AUDIO_1047_ITH_ANG_XX_sadtalker,track3,1,crema_1047,ANG,SAD,-1,1,1,1,,data\preprocessed\features\z_at\FAKE_T3_1047_ITH_SAD_XX__AUDIO_1047_ITH_ANG_XX_sadtalker.pt,data\preprocessed\features\z_v\FAKE_T3_1047_ITH_SAD_XX__AUDIO_1047_ITH_ANG_XX_sadtalker.pt
FAKE_T3_1047_ITS_ANG_XX__AUDIO_1047_ITS_DIS_XX_sadtalker,track3,1,crema_1047,DIS,ANG,-1,1,1,1,,data\preprocessed\features\z_at\FAKE_T3_1047_ITS_ANG_XX__AUDIO_1047_ITS_DIS_XX_sadtalker.pt,data\preprocessed\features\z_v\FAKE_T3_1047_ITS_ANG_XX__AUDIO_1047_ITS_DIS_XX_sadtalker.pt
FAKE_T3_1047_ITS_DIS_XX__AUDIO_1047_ITS_FEA_XX_sadtalker,track3,1,crema_1047,FEA,DIS,-1,1,1,1,,data\preprocessed\features\z_at\FAKE_T3_1047_ITS_DIS_XX__AUDIO_1047_ITS_FEA_XX_sadtalker.pt,data\preprocessed\features\z_v\FAKE_T3_1047_ITS_DIS_XX__AUDIO_1047_ITS_FEA_XX_sadtalker.pt
FAKE_T3_1047_ITS_HAP_XX__AUDIO_1047_ITS_NEU_XX_sadtalker,track3,1,crema_1047,NEU,HAP,-1,1,1,1,,data\preprocessed\features\z_at\FAKE_T3_1047_ITS_HAP_XX__AUDIO_1047_ITS_NEU_XX_sadtalker.pt,data\preprocessed\features\z_v\FAKE_T3_1047_ITS_HAP_XX__AUDIO_1047_ITS_NEU_XX_sadtalker.pt
FAKE_T3_1047_IWL_ANG_XX__AUDIO_1047_IWL_DIS_XX_sadtalker,track3,1,crema_1047,DIS,ANG,-1,1,1,1,,data\preprocessed\features\z_at\FAKE_T3_1047_IWL_ANG_XX__AUDIO_1047_IWL_DIS_XX_sadtalker.pt,data\preprocessed\features\z_v\FAKE_T3_1047_IWL_ANG_XX__AUDIO_1047_IWL_DIS_XX_sadtalker.pt
FAKE_T3_1047_IWL_DIS_XX__AUDIO_1047_IWL_FEA_XX_sadtalker,track3,1,crema_1047,FEA,DIS,-1,1,1,1,,data\preprocessed\features\z_at\FAKE_T3_1047_IWL_DIS_XX__AUDIO_1047_IWL_FEA_XX_sadtalker.pt,data\preprocessed\features\z_v\FAKE_T3_1047_IWL_DIS_XX__AUDIO_1047_IWL_FEA_XX_sadtalker.pt
FAKE_T3_1047_IWL_HAP_XX__AUDIO_1047_IWL_NEU_XX_sadtalker,track3,1,crema_1047,NEU,HAP,-1,1,1,1,,data\preprocessed\features\z_at\FAKE_T3_1047_IWL_HAP_XX__AUDIO_1047_IWL_NEU_XX_sadtalker.pt,data\preprocessed\features\z_v\FAKE_T3_1047_IWL_HAP_XX__AUDIO_1047_IWL_NEU_XX_sadtalker.pt
FAKE_T3_1047_IWL_NEU_XX__AUDIO_1047_IWL_SAD_XX_sadtalker,track3,1,crema_1047,SAD,NEU,-1,1,1,1,,data\preprocessed\features\z_at\FAKE_T3_1047_IWL_NEU_XX__AUDIO_1047_IWL_SAD_XX_sadtalker.pt,data\preprocessed\features\z_v\FAKE_T3_1047_IWL_NEU_XX__AUDIO_1047_IWL_SAD_XX_sadtalker.pt
FAKE_T3_1047_IWW_DIS_XX__AUDIO_1047_IWW_FEA_XX_sadtalker,track3,1,crema_1047,FEA,DIS,-1,1,1,1,,data\preprocessed\features\z_at\FAKE_T3_1047_IWW_DIS_XX__AUDIO_1047_IWW_FEA_XX_sadtalker.pt,data\preprocessed\features\z_v\FAKE_T3_1047_IWW_DIS_XX__AUDIO_1047_IWW_FEA_XX_sadtalker.pt
FAKE_T3_1047_IWW_FEA_XX__AUDIO_1047_IWW_HAP_XX_sadtalker,track3,1,crema_1047,HAP,FEA,-1,1,1,1,,data\preprocessed\features\z_at\FAKE_T3_1047_IWW_FEA_XX__AUDIO_1047_IWW_HAP_XX_sadtalker.pt,data\preprocessed\features\z_v\FAKE_T3_1047_IWW_FEA_XX__AUDIO_1047_IWW_HAP_XX_sadtalker.pt
FAKE_T3_1047_IWW_HAP_XX__AUDIO_1047_IWW_NEU_XX_sadtalker,track3,1,crema_1047,NEU,HAP,-1,1,1,1,,data\preprocessed\features\z_at\FAKE_T3_1047_IWW_HAP_XX__AUDIO_1047_IWW_NEU_XX_sadtalker.pt,data\preprocessed\features\z_v\FAKE_T3_1047_IWW_HAP_XX__AUDIO_1047_IWW_NEU_XX_sadtalker.pt
FAKE_T3_1047_IWW_NEU_XX__AUDIO_1047_IWW_SAD_XX_sadtalker,track3,1,crema_1047,SAD,NEU,-1,1,1,1,,data\preprocessed\features\z_at\FAKE_T3_1047_IWW_NEU_XX__AUDIO_1047_IWW_SAD_XX_sadtalker.pt,data\preprocessed\features\z_v\FAKE_T3_1047_IWW_NEU_XX__AUDIO_1047_IWW_SAD_XX_sadtalker.pt
FAKE_T3_1047_MTI_ANG_XX__AUDIO_1047_MTI_DIS_XX_sadtalker,track3,1,crema_1047,DIS,ANG,-1,1,1,1,,data\preprocessed\features\z_at\FAKE_T3_1047_MTI_ANG_XX__AUDIO_1047_MTI_DIS_XX_sadtalker.pt,data\preprocessed\features\z_v\FAKE_T3_1047_MTI_ANG_XX__AUDIO_1047_MTI_DIS_XX_sadtalker.pt
FAKE_T3_1047_MTI_NEU_XX__AUDIO_1047_MTI_SAD_XX_sadtalker,track3,1,crema_1047,SAD,NEU,-1,1,1,1,,data\preprocessed\features\z_at\FAKE_T3_1047_MTI_NEU_XX__AUDIO_1047_MTI_SAD_XX_sadtalker.pt,data\preprocessed\features\z_v\FAKE_T3_1047_MTI_NEU_XX__AUDIO_1047_MTI_SAD_XX_sadtalker.pt
FAKE_T3_1047_MTI_SAD_XX__AUDIO_1047_MTI_ANG_XX_sadtalker,track3,1,crema_1047,ANG,SAD,-1,1,1,1,,data\preprocessed\features\z_at\FAKE_T3_1047_MTI_SAD_XX__AUDIO_1047_MTI_ANG_XX_sadtalker.pt,data\preprocessed\features\z_v\FAKE_T3_1047_MTI_SAD_XX__AUDIO_1047_MTI_ANG_XX_sadtalker.pt
FAKE_T3_1047_TAI_DIS_XX__AUDIO_1047_TAI_FEA_XX_sadtalker,track3,1,crema_1047,FEA,DIS,-1,1,1,1,,data\preprocessed\features\z_at\FAKE_T3_1047_TAI_DIS_XX__AUDIO_1047_TAI_FEA_XX_sadtalker.pt,data\preprocessed\features\z_v\FAKE_T3_1047_TAI_DIS_XX__AUDIO_1047_TAI_FEA_XX_sadtalker.pt
FAKE_T3_1047_TAI_FEA_XX__AUDIO_1047_TAI_HAP_XX_sadtalker,track3,1,crema_1047,HAP,FEA,-1,1,1,1,,data\preprocessed\features\z_at\FAKE_T3_1047_TAI_FEA_XX__AUDIO_1047_TAI_HAP_XX_sadtalker.pt,data\preprocessed\features\z_v\FAKE_T3_1047_TAI_FEA_XX__AUDIO_1047_TAI_HAP_XX_sadtalker.pt
FAKE_T3_1047_TAI_SAD_XX__AUDIO_1047_TAI_ANG_XX_sadtalker,track3,1,crema_1047,ANG,SAD,-1,1,1,1,,data\preprocessed\features\z_at\FAKE_T3_1047_TAI_SAD_XX__AUDIO_1047_TAI_ANG_XX_sadtalker.pt,data\preprocessed\features\z_v\FAKE_T3_1047_TAI_SAD_XX__AUDIO_1047_TAI_ANG_XX_sadtalker.pt
FAKE_T3_1047_TIE_NEU_XX__AUDIO_1047_TIE_SAD_XX_sadtalker,track3,1,crema_1047,SAD,NEU,-1,1,1,1,,data\preprocessed\features\z_at\FAKE_T3_1047_TIE_NEU_XX__AUDIO_1047_TIE_SAD_XX_sadtalker.pt,data\preprocessed\features\z_v\FAKE_T3_1047_TIE_NEU_XX__AUDIO_1047_TIE_SAD_XX_sadtalker.pt
FAKE_T3_1047_TIE_SAD_XX__AUDIO_1047_TIE_ANG_XX_sadtalker,track3,1,crema_1047,ANG,SAD,-1,1,1,1,,data\preprocessed\features\z_at\FAKE_T3_1047_TIE_SAD_XX__AUDIO_1047_TIE_ANG_XX_sadtalker.pt,data\preprocessed\features\z_v\FAKE_T3_1047_TIE_SAD_XX__AUDIO_1047_TIE_ANG_XX_sadtalker.pt
FAKE_T3_1047_TSI_ANG_XX__AUDIO_1047_TSI_DIS_XX_sadtalker,track3,1,crema_1047,DIS,ANG,-1,1,1,1,,data\preprocessed\features\z_at\FAKE_T3_1047_TSI_ANG_XX__AUDIO_1047_TSI_DIS_XX_sadtalker.pt,data\preprocessed\features\z_v\FAKE_T3_1047_TSI_ANG_XX__AUDIO_1047_TSI_DIS_XX_sadtalker.pt
FAKE_T3_1047_TSI_FEA_XX__AUDIO_1047_TSI_HAP_XX_sadtalker,track3,1,crema_1047,HAP,FEA,-1,1,1,1,,data\preprocessed\features\z_at\FAKE_T3_1047_TSI_FEA_XX__AUDIO_1047_TSI_HAP_XX_sadtalker.pt,data\preprocessed\features\z_v\FAKE_T3_1047_TSI_FEA_XX__AUDIO_1047_TSI_HAP_XX_sadtalker.pt
FAKE_T3_1047_TSI_HAP_XX__AUDIO_1047_TSI_NEU_XX_sadtalker,track3,1,crema_1047,NEU,HAP,-1,1,1,1,,data\preprocessed\features\z_at\FAKE_T3_1047_TSI_HAP_XX__AUDIO_1047_TSI_NEU_XX_sadtalker.pt,data\preprocessed\features\z_v\FAKE_T3_1047_TSI_HAP_XX__AUDIO_1047_TSI_NEU_XX_sadtalker.pt
FAKE_T3_1047_TSI_NEU_XX__AUDIO_1047_TSI_SAD_XX_sadtalker,track3,1,crema_1047,SAD,NEU,-1,1,1,1,,data\preprocessed\features\z_at\FAKE_T3_1047_TSI_NEU_XX__AUDIO_1047_TSI_SAD_XX_sadtalker.pt,data\preprocessed\features\z_v\FAKE_T3_1047_TSI_NEU_XX__AUDIO_1047_TSI_SAD_XX_sadtalker.pt
FAKE_T3_1047_TSI_SAD_XX__AUDIO_1047_TSI_ANG_XX_sadtalker,track3,1,crema_1047,ANG,SAD,-1,1,1,1,,data\preprocessed\features\z_at\FAKE_T3_1047_TSI_SAD_XX__AUDIO_1047_TSI_ANG_XX_sadtalker.pt,data\preprocessed\features\z_v\FAKE_T3_1047_TSI_SAD_XX__AUDIO_1047_TSI_ANG_XX_sadtalker.pt
FAKE_T3_1047_WSI_FEA_XX__AUDIO_1047_WSI_HAP_XX_sadtalker,track3,1,crema_1047,HAP,FEA,-1,1,1,1,,data\preprocessed\features\z_at\FAKE_T3_1047_WSI_FEA_XX__AUDIO_1047_WSI_HAP_XX_sadtalker.pt,data\preprocessed\features\z_v\FAKE_T3_1047_WSI_FEA_XX__AUDIO_1047_WSI_HAP_XX_sadtalker.pt
FAKE_T3_1047_WSI_HAP_XX__AUDIO_1047_WSI_NEU_XX_sadtalker,track3,1,crema_1047,NEU,HAP,-1,1,1,1,,data\preprocessed\features\z_at\FAKE_T3_1047_WSI_HAP_XX__AUDIO_1047_WSI_NEU_XX_sadtalker.pt,data\preprocessed\features\z_v\FAKE_T3_1047_WSI_HAP_XX__AUDIO_1047_WSI_NEU_XX_sadtalker.pt
FAKE_T3_1047_WSI_NEU_XX__AUDIO_1047_WSI_SAD_XX_sadtalker,track3,1,crema_1047,SAD,NEU,-1,1,1,1,,data\preprocessed\features\z_at\FAKE_T3_1047_WSI_NEU_XX__AUDIO_1047_WSI_SAD_XX_sadtalker.pt,data\preprocessed\features\z_v\FAKE_T3_1047_WSI_NEU_XX__AUDIO_1047_WSI_SAD_XX_sadtalker.pt
FAKE_T3_1049_DFA_DIS_XX__AUDIO_1049_DFA_FEA_XX_sadtalker,track3,1,crema_1049,FEA,DIS,-1,1,1,1,,data\preprocessed\features\z_at\FAKE_T3_1049_DFA_DIS_XX__AUDIO_1049_DFA_FEA_XX_sadtalker.pt,data\preprocessed\features\z_v\FAKE_T3_1049_DFA_DIS_XX__AUDIO_1049_DFA_FEA_XX_sadtalker.pt
FAKE_T3_1049_DFA_HAP_XX__AUDIO_1049_DFA_NEU_XX_sadtalker,track3,1,crema_1049,NEU,HAP,-1,1,1,1,,data\preprocessed\features\z_at\FAKE_T3_1049_DFA_HAP_XX__AUDIO_1049_DFA_NEU_XX_sadtalker.pt,data\preprocessed\features\z_v\FAKE_T3_1049_DFA_HAP_XX__AUDIO_1049_DFA_NEU_XX_sadtalker.pt
FAKE_T3_1049_IEO_ANG_HI__AUDIO_1049_IEO_DIS_HI_sadtalker,track3,1,crema_1049,DIS,ANG,-1,1,1,1,,data\preprocessed\features\z_at\FAKE_T3_1049_IEO_ANG_HI__AUDIO_1049_IEO_DIS_HI_sadtalker.pt,data\preprocessed\features\z_v\FAKE_T3_1049_IEO_ANG_HI__AUDIO_1049_IEO_DIS_HI_sadtalker.pt
FAKE_T3_1049_IEO_ANG_MD__AUDIO_1049_IEO_DIS_MD_sadtalker,track3,1,crema_1049,DIS,ANG,-1,1,1,1,,data\preprocessed\features\z_at\FAKE_T3_1049_IEO_ANG_MD__AUDIO_1049_IEO_DIS_MD_sadtalker.pt,data\preprocessed\features\z_v\FAKE_T3_1049_IEO_ANG_MD__AUDIO_1049_IEO_DIS_MD_sadtalker.pt
FAKE_T3_1049_IEO_DIS_MD__AUDIO_1049_IEO_FEA_MD_sadtalker,track3,1,crema_1049,FEA,DIS,-1,1,1,1,,data\preprocessed\features\z_at\FAKE_T3_1049_IEO_DIS_MD__AUDIO_1049_IEO_FEA_MD_sadtalker.pt,data\preprocessed\features\z_v\FAKE_T3_1049_IEO_DIS_MD__AUDIO_1049_IEO_FEA_MD_sadtalker.pt
FAKE_T3_1049_IEO_FEA_HI__AUDIO_1049_IEO_HAP_HI_sadtalker,track3,1,crema_1049,HAP,FEA,-1,1,1,1,,data\preprocessed\features\z_at\FAKE_T3_1049_IEO_FEA_HI__AUDIO_1049_IEO_HAP_HI_sadtalker.pt,data\preprocessed\features\z_v\FAKE_T3_1049_IEO_FEA_HI__AUDIO_1049_IEO_HAP_HI_sadtalker.pt
FAKE_T3_1049_IEO_FEA_LO__AUDIO_1049_IEO_HAP_LO_sadtalker,track3,1,crema_1049,HAP,FEA,-1,1,1,1,,data\preprocessed\features\z_at\FAKE_T3_1049_IEO_FEA_LO__AUDIO_1049_IEO_HAP_LO_sadtalker.pt,data\preprocessed\features\z_v\FAKE_T3_1049_IEO_FEA_LO__AUDIO_1049_IEO_HAP_LO_sadtalker.pt
FAKE_T3_1049_IEO_FEA_MD__AUDIO_1049_IEO_HAP_MD_sadtalker,track3,1,crema_1049,HAP,FEA,-1,1,1,1,,data\preprocessed\features\z_at\FAKE_T3_1049_IEO_FEA_MD__AUDIO_1049_IEO_HAP_MD_sadtalker.pt,data\preprocessed\features\z_v\FAKE_T3_1049_IEO_FEA_MD__AUDIO_1049_IEO_HAP_MD_sadtalker.pt
FAKE_T3_1049_IEO_HAP_MD__AUDIO_1049_IEO_NEU_XX_sadtalker,track3,1,crema_1049,NEU,HAP,-1,1,1,1,,data\preprocessed\features\z_at\FAKE_T3_1049_IEO_HAP_MD__AUDIO_1049_IEO_NEU_XX_sadtalker.pt,data\preprocessed\features\z_v\FAKE_T3_1049_IEO_HAP_MD__AUDIO_1049_IEO_NEU_XX_sadtalker.pt
FAKE_T3_1049_IEO_SAD_HI__AUDIO_1049_IEO_ANG_HI_sadtalker,track3,1,crema_1049,ANG,SAD,-1,1,1,1,,data\preprocessed\features\z_at\FAKE_T3_1049_IEO_SAD_HI__AUDIO_1049_IEO_ANG_HI_sadtalker.pt,data\preprocessed\features\z_v\FAKE_T3_1049_IEO_SAD_HI__AUDIO_1049_IEO_ANG_HI_sadtalker.pt
FAKE_T3_1049_IEO_SAD_LO__AUDIO_1049_IEO_ANG_LO_sadtalker,track3,1,crema_1049,ANG,SAD,-1,1,1,1,,data\preprocessed\features\z_at\FAKE_T3_1049_IEO_SAD_LO__AUDIO_1049_IEO_ANG_LO_sadtalker.pt,data\preprocessed\features\z_v\FAKE_T3_1049_IEO_SAD_LO__AUDIO_1049_IEO_ANG_LO_sadtalker.pt
FAKE_T3_1049_IEO_SAD_MD__AUDIO_1049_IEO_ANG_MD_sadtalker,track3,1,crema_1049,ANG,SAD,-1,1,1,1,,data\preprocessed\features\z_at\FAKE_T3_1049_IEO_SAD_MD__AUDIO_1049_IEO_ANG_MD_sadtalker.pt,data\preprocessed\features\z_v\FAKE_T3_1049_IEO_SAD_MD__AUDIO_1049_IEO_ANG_MD_sadtalker.pt
FAKE_T3_1049_IOM_ANG_XX__AUDIO_1049_IOM_DIS_XX_sadtalker,track3,1,crema_1049,DIS,ANG,-1,1,1,1,,data\preprocessed\features\z_at\FAKE_T3_1049_IOM_ANG_XX__AUDIO_1049_IOM_DIS_XX_sadtalker.pt,data\preprocessed\features\z_v\FAKE_T3_1049_IOM_ANG_XX__AUDIO_1049_IOM_DIS_XX_sadtalker.pt
FAKE_T3_1049_IOM_DIS_XX__AUDIO_1049_IOM_FEA_XX_sadtalker,track3,1,crema_1049,FEA,DIS,-1,1,1,1,,data\preprocessed\features\z_at\FAKE_T3_1049_IOM_DIS_XX__AUDIO_1049_IOM_FEA_XX_sadtalker.pt,data\preprocessed\features\z_v\FAKE_T3_1049_IOM_DIS_XX__AUDIO_1049_IOM_FEA_XX_sadtalker.pt
FAKE_T3_1049_IOM_FEA_XX__AUDIO_1049_IOM_HAP_XX_sadtalker,track3,1,crema_1049,HAP,FEA,-1,1,1,1,,data\preprocessed\features\z_at\FAKE_T3_1049_IOM_FEA_XX__AUDIO_1049_IOM_HAP_XX_sadtalker.pt,data\preprocessed\features\z_v\FAKE_T3_1049_IOM_FEA_XX__AUDIO_1049_IOM_HAP_XX_sadtalker.pt
FAKE_T3_1049_IOM_NEU_XX__AUDIO_1049_IOM_SAD_XX_sadtalker,track3,1,crema_1049,SAD,NEU,-1,1,1,1,,data\preprocessed\features\z_at\FAKE_T3_1049_IOM_NEU_XX__AUDIO_1049_IOM_SAD_XX_sadtalker.pt,data\preprocessed\features\z_v\FAKE_T3_1049_IOM_NEU_XX__AUDIO_1049_IOM_SAD_XX_sadtalker.pt
FAKE_T3_1049_ITH_DIS_XX__AUDIO_1049_ITH_FEA_XX_sadtalker,track3,1,crema_1049,FEA,DIS,-1,1,1,1,,data\preprocessed\features\z_at\FAKE_T3_1049_ITH_DIS_XX__AUDIO_1049_ITH_FEA_XX_sadtalker.pt,data\preprocessed\features\z_v\FAKE_T3_1049_ITH_DIS_XX__AUDIO_1049_ITH_FEA_XX_sadtalker.pt
FAKE_T3_1049_ITH_HAP_XX__AUDIO_1049_ITH_NEU_XX_sadtalker,track3,1,crema_1049,NEU,HAP,-1,1,1,1,,data\preprocessed\features\z_at\FAKE_T3_1049_ITH_HAP_XX__AUDIO_1049_ITH_NEU_XX_sadtalker.pt,data\preprocessed\features\z_v\FAKE_T3_1049_ITH_HAP_XX__AUDIO_1049_ITH_NEU_XX_sadtalker.pt
FAKE_T3_1049_ITS_ANG_XX__AUDIO_1049_ITS_DIS_XX_sadtalker,track3,1,crema_1049,DIS,ANG,-1,1,1,1,,data\preprocessed\features\z_at\FAKE_T3_1049_ITS_ANG_XX__AUDIO_1049_ITS_DIS_XX_sadtalker.pt,data\preprocessed\features\z_v\FAKE_T3_1049_ITS_ANG_XX__AUDIO_1049_ITS_DIS_XX_sadtalker.pt
FAKE_T3_1049_ITS_DIS_XX__AUDIO_1049_ITS_FEA_XX_sadtalker,track3,1,crema_1049,FEA,DIS,-1,1,1,1,,data\preprocessed\features\z_at\FAKE_T3_1049_ITS_DIS_XX__AUDIO_1049_ITS_FEA_XX_sadtalker.pt,data\preprocessed\features\z_v\FAKE_T3_1049_ITS_DIS_XX__AUDIO_1049_ITS_FEA_XX_sadtalker.pt
FAKE_T3_1049_ITS_FEA_XX__AUDIO_1049_ITS_HAP_XX_sadtalker,track3,1,crema_1049,HAP,FEA,-1,1,1,1,,data\preprocessed\features\z_at\FAKE_T3_1049_ITS_FEA_XX__AUDIO_1049_ITS_HAP_XX_sadtalker.pt,data\preprocessed\features\z_v\FAKE_T3_1049_ITS_FEA_XX__AUDIO_1049_ITS_HAP_XX_sadtalker.pt
FAKE_T3_1049_ITS_HAP_XX__AUDIO_1049_ITS_NEU_XX_sadtalker,track3,1,crema_1049,NEU,HAP,-1,1,1,1,,data\preprocessed\features\z_at\FAKE_T3_1049_ITS_HAP_XX__AUDIO_1049_ITS_NEU_XX_sadtalker.pt,data\preprocessed\features\z_v\FAKE_T3_1049_ITS_HAP_XX__AUDIO_1049_ITS_NEU_XX_sadtalker.pt
FAKE_T3_1049_ITS_NEU_XX__AUDIO_1049_ITS_SAD_XX_sadtalker,track3,1,crema_1049,SAD,NEU,-1,1,1,1,,data\preprocessed\features\z_at\FAKE_T3_1049_ITS_NEU_XX__AUDIO_1049_ITS_SAD_XX_sadtalker.pt,data\preprocessed\features\z_v\FAKE_T3_1049_ITS_NEU_XX__AUDIO_1049_ITS_SAD_XX_sadtalker.pt
FAKE_T3_1049_ITS_SAD_XX__AUDIO_1049_ITS_ANG_XX_sadtalker,track3,1,crema_1049,ANG,SAD,-1,1,1,1,,data\preprocessed\features\z_at\FAKE_T3_1049_ITS_SAD_XX__AUDIO_1049_ITS_ANG_XX_sadtalker.pt,data\preprocessed\features\z_v\FAKE_T3_1049_ITS_SAD_XX__AUDIO_1049_ITS_ANG_XX_sadtalker.pt
FAKE_T3_1049_IWL_NEU_XX__AUDIO_1049_IWL_SAD_XX_sadtalker,track3,1,crema_1049,SAD,NEU,-1,1,1,1,,data\preprocessed\features\z_at\FAKE_T3_1049_IWL_NEU_XX__AUDIO_1049_IWL_SAD_XX_sadtalker.pt,data\preprocessed\features\z_v\FAKE_T3_1049_IWL_NEU_XX__AUDIO_1049_IWL_SAD_XX_sadtalker.pt
FAKE_T3_1049_IWW_FEA_XX__AUDIO_1049_IWW_HAP_XX_sadtalker,track3,1,crema_1049,HAP,FEA,-1,1,1,1,,data\preprocessed\features\z_at\FAKE_T3_1049_IWW_FEA_XX__AUDIO_1049_IWW_HAP_XX_sadtalker.pt,data\preprocessed\features\z_v\FAKE_T3_1049_IWW_FEA_XX__AUDIO_1049_IWW_HAP_XX_sadtalker.pt
FAKE_T3_1049_IWW_NEU_XX__AUDIO_1049_IWW_SAD_XX_sadtalker,track3,1,crema_1049,SAD,NEU,-1,1,1,1,,data\preprocessed\features\z_at\FAKE_T3_1049_IWW_NEU_XX__AUDIO_1049_IWW_SAD_XX_sadtalker.pt,data\preprocessed\features\z_v\FAKE_T3_1049_IWW_NEU_XX__AUDIO_1049_IWW_SAD_XX_sadtalker.pt
FAKE_T3_1049_MTI_ANG_XX__AUDIO_1049_MTI_DIS_XX_sadtalker,track3,1,crema_1049,DIS,ANG,-1,1,1,1,,data\preprocessed\features\z_at\FAKE_T3_1049_MTI_ANG_XX__AUDIO_1049_MTI_DIS_XX_sadtalker.pt,data\preprocessed\features\z_v\FAKE_T3_1049_MTI_ANG_XX__AUDIO_1049_MTI_DIS_XX_sadtalker.pt
FAKE_T3_1049_MTI_HAP_XX__AUDIO_1049_MTI_NEU_XX_sadtalker,track3,1,crema_1049,NEU,HAP,-1,1,1,1,,data\preprocessed\features\z_at\FAKE_T3_1049_MTI_HAP_XX__AUDIO_1049_MTI_NEU_XX_sadtalker.pt,data\preprocessed\features\z_v\FAKE_T3_1049_MTI_HAP_XX__AUDIO_1049_MTI_NEU_XX_sadtalker.pt
FAKE_T3_1049_TAI_DIS_XX__AUDIO_1049_TAI_FEA_XX_sadtalker,track3,1,crema_1049,FEA,DIS,-1,1,1,1,,data\preprocessed\features\z_at\FAKE_T3_1049_TAI_DIS_XX__AUDIO_1049_TAI_FEA_XX_sadtalker.pt,data\preprocessed\features\z_v\FAKE_T3_1049_TAI_DIS_XX__AUDIO_1049_TAI_FEA_XX_sadtalker.pt
FAKE_T3_1049_TAI_NEU_XX__AUDIO_1049_TAI_SAD_XX_sadtalker,track3,1,crema_1049,SAD,NEU,-1,1,1,1,,data\preprocessed\features\z_at\FAKE_T3_1049_TAI_NEU_XX__AUDIO_1049_TAI_SAD_XX_sadtalker.pt,data\preprocessed\features\z_v\FAKE_T3_1049_TAI_NEU_XX__AUDIO_1049_TAI_SAD_XX_sadtalker.pt
FAKE_T3_1049_TAI_SAD_XX__AUDIO_1049_TAI_ANG_XX_sadtalker,track3,1,crema_1049,ANG,SAD,-1,1,1,1,,data\preprocessed\features\z_at\FAKE_T3_1049_TAI_SAD_XX__AUDIO_1049_TAI_ANG_XX_sadtalker.pt,data\preprocessed\features\z_v\FAKE_T3_1049_TAI_SAD_XX__AUDIO_1049_TAI_ANG_XX_sadtalker.pt
FAKE_T3_1049_TIE_DIS_XX__AUDIO_1049_TIE_FEA_XX_sadtalker,track3,1,crema_1049,FEA,DIS,-1,1,1,1,,data\preprocessed\features\z_at\FAKE_T3_1049_TIE_DIS_XX__AUDIO_1049_TIE_FEA_XX_sadtalker.pt,data\preprocessed\features\z_v\FAKE_T3_1049_TIE_DIS_XX__AUDIO_1049_TIE_FEA_XX_sadtalker.pt
FAKE_T3_1049_TIE_FEA_XX__AUDIO_1049_TIE_HAP_XX_sadtalker,track3,1,crema_1049,HAP,FEA,-1,1,1,1,,data\preprocessed\features\z_at\FAKE_T3_1049_TIE_FEA_XX__AUDIO_1049_TIE_HAP_XX_sadtalker.pt,data\preprocessed\features\z_v\FAKE_T3_1049_TIE_FEA_XX__AUDIO_1049_TIE_HAP_XX_sadtalker.pt
FAKE_T3_1049_TIE_NEU_XX__AUDIO_1049_TIE_SAD_XX_sadtalker,track3,1,crema_1049,SAD,NEU,-1,1,1,1,,data\preprocessed\features\z_at\FAKE_T3_1049_TIE_NEU_XX__AUDIO_1049_TIE_SAD_XX_sadtalker.pt,data\preprocessed\features\z_v\FAKE_T3_1049_TIE_NEU_XX__AUDIO_1049_TIE_SAD_XX_sadtalker.pt
FAKE_T3_1049_TIE_SAD_XX__AUDIO_1049_TIE_ANG_XX_sadtalker,track3,1,crema_1049,ANG,SAD,-1,1,1,1,,data\preprocessed\features\z_at\FAKE_T3_1049_TIE_SAD_XX__AUDIO_1049_TIE_ANG_XX_sadtalker.pt,data\preprocessed\features\z_v\FAKE_T3_1049_TIE_SAD_XX__AUDIO_1049_TIE_ANG_XX_sadtalker.pt
FAKE_T3_1049_TSI_HAP_XX__AUDIO_1049_TSI_NEU_XX_sadtalker,track3,1,crema_1049,NEU,HAP,-1,1,1,1,,data\preprocessed\features\z_at\FAKE_T3_1049_TSI_HAP_XX__AUDIO_1049_TSI_NEU_XX_sadtalker.pt,data\preprocessed\features\z_v\FAKE_T3_1049_TSI_HAP_XX__AUDIO_1049_TSI_NEU_XX_sadtalker.pt
FAKE_T3_1049_TSI_NEU_XX__AUDIO_1049_TSI_SAD_XX_sadtalker,track3,1,crema_1049,SAD,NEU,-1,1,1,1,,data\preprocessed\features\z_at\FAKE_T3_1049_TSI_NEU_XX__AUDIO_1049_TSI_SAD_XX_sadtalker.pt,data\preprocessed\features\z_v\FAKE_T3_1049_TSI_NEU_XX__AUDIO_1049_TSI_SAD_XX_sadtalker.pt
FAKE_T3_1049_WSI_DIS_XX__AUDIO_1049_WSI_FEA_XX_sadtalker,track3,1,crema_1049,FEA,DIS,-1,1,1,1,,data\preprocessed\features\z_at\FAKE_T3_1049_WSI_DIS_XX__AUDIO_1049_WSI_FEA_XX_sadtalker.pt,data\preprocessed\features\z_v\FAKE_T3_1049_WSI_DIS_XX__AUDIO_1049_WSI_FEA_XX_sadtalker.pt
FAKE_T3_1049_WSI_FEA_XX__AUDIO_1049_WSI_HAP_XX_sadtalker,track3,1,crema_1049,HAP,FEA,-1,1,1,1,,data\preprocessed\features\z_at\FAKE_T3_1049_WSI_FEA_XX__AUDIO_1049_WSI_HAP_XX_sadtalker.pt,data\preprocessed\features\z_v\FAKE_T3_1049_WSI_FEA_XX__AUDIO_1049_WSI_HAP_XX_sadtalker.pt
FAKE_T3_1049_WSI_NEU_XX__AUDIO_1049_WSI_SAD_XX_sadtalker,track3,1,crema_1049,SAD,NEU,-1,1,1,1,,data\preprocessed\features\z_at\FAKE_T3_1049_WSI_NEU_XX__AUDIO_1049_WSI_SAD_XX_sadtalker.pt,data\preprocessed\features\z_v\FAKE_T3_1049_WSI_NEU_XX__AUDIO_1049_WSI_SAD_XX_sadtalker.pt
FAKE_T3_1050_DFA_ANG_XX__AUDIO_1050_DFA_DIS_XX_sadtalker,track3,1,crema_1050,DIS,ANG,-1,1,1,1,,data\preprocessed\features\z_at\FAKE_T3_1050_DFA_ANG_XX__AUDIO_1050_DFA_DIS_XX_sadtalker.pt,data\preprocessed\features\z_v\FAKE_T3_1050_DFA_ANG_XX__AUDIO_1050_DFA_DIS_XX_sadtalker.pt
FAKE_T3_1050_DFA_NEU_XX__AUDIO_1050_DFA_SAD_XX_sadtalker,track3,1,crema_1050,SAD,NEU,-1,1,1,1,,data\preprocessed\features\z_at\FAKE_T3_1050_DFA_NEU_XX__AUDIO_1050_DFA_SAD_XX_sadtalker.pt,data\preprocessed\features\z_v\FAKE_T3_1050_DFA_NEU_XX__AUDIO_1050_DFA_SAD_XX_sadtalker.pt
FAKE_T3_1050_DFA_SAD_XX__AUDIO_1050_DFA_ANG_XX_sadtalker,track3,1,crema_1050,ANG,SAD,-1,1,1,1,,data\preprocessed\features\z_at\FAKE_T3_1050_DFA_SAD_XX__AUDIO_1050_DFA_ANG_XX_sadtalker.pt,data\preprocessed\features\z_v\FAKE_T3_1050_DFA_SAD_XX__AUDIO_1050_DFA_ANG_XX_sadtalker.pt
FAKE_T3_1050_IEO_ANG_HI__AUDIO_1050_IEO_DIS_HI_sadtalker,track3,1,crema_1050,DIS,ANG,-1,1,1,1,,data\preprocessed\features\z_at\FAKE_T3_1050_IEO_ANG_HI__AUDIO_1050_IEO_DIS_HI_sadtalker.pt,data\preprocessed\features\z_v\FAKE_T3_1050_IEO_ANG_HI__AUDIO_1050_IEO_DIS_HI_sadtalker.pt
FAKE_T3_1050_IEO_FEA_LO__AUDIO_1050_IEO_HAP_LO_sadtalker,track3,1,crema_1050,HAP,FEA,-1,1,1,1,,data\preprocessed\features\z_at\FAKE_T3_1050_IEO_FEA_LO__AUDIO_1050_IEO_HAP_LO_sadtalker.pt,data\preprocessed\features\z_v\FAKE_T3_1050_IEO_FEA_LO__AUDIO_1050_IEO_HAP_LO_sadtalker.pt
FAKE_T3_1050_IEO_SAD_HI__AUDIO_1050_IEO_ANG_HI_sadtalker,track3,1,crema_1050,ANG,SAD,-1,1,1,1,,data\preprocessed\features\z_at\FAKE_T3_1050_IEO_SAD_HI__AUDIO_1050_IEO_ANG_HI_sadtalker.pt,data\preprocessed\features\z_v\FAKE_T3_1050_IEO_SAD_HI__AUDIO_1050_IEO_ANG_HI_sadtalker.pt
FAKE_T3_1050_IEO_SAD_LO__AUDIO_1050_IEO_ANG_LO_sadtalker,track3,1,crema_1050,ANG,SAD,-1,1,1,1,,data\preprocessed\features\z_at\FAKE_T3_1050_IEO_SAD_LO__AUDIO_1050_IEO_ANG_LO_sadtalker.pt,data\preprocessed\features\z_v\FAKE_T3_1050_IEO_SAD_LO__AUDIO_1050_IEO_ANG_LO_sadtalker.pt
FAKE_T3_1050_IEO_SAD_MD__AUDIO_1050_IEO_ANG_MD_sadtalker,track3,1,crema_1050,ANG,SAD,-1,1,1,1,,data\preprocessed\features\z_at\FAKE_T3_1050_IEO_SAD_MD__AUDIO_1050_IEO_ANG_MD_sadtalker.pt,data\preprocessed\features\z_v\FAKE_T3_1050_IEO_SAD_MD__AUDIO_1050_IEO_ANG_MD_sadtalker.pt
FAKE_T3_1050_IOM_ANG_XX__AUDIO_1050_IOM_DIS_XX_sadtalker,track3,1,crema_1050,DIS,ANG,-1,1,1,1,,data\preprocessed\features\z_at\FAKE_T3_1050_IOM_ANG_XX__AUDIO_1050_IOM_DIS_XX_sadtalker.pt,data\preprocessed\features\z_v\FAKE_T3_1050_IOM_ANG_XX__AUDIO_1050_IOM_DIS_XX_sadtalker.pt
FAKE_T3_1050_IOM_DIS_XX__AUDIO_1050_IOM_FEA_XX_sadtalker,track3,1,crema_1050,FEA,DIS,-1,1,1,1,,data\preprocessed\features\z_at\FAKE_T3_1050_IOM_DIS_XX__AUDIO_1050_IOM_FEA_XX_sadtalker.pt,data\preprocessed\features\z_v\FAKE_T3_1050_IOM_DIS_XX__AUDIO_1050_IOM_FEA_XX_sadtalker.pt
FAKE_T3_1050_IOM_FEA_XX__AUDIO_1050_IOM_HAP_XX_sadtalker,track3,1,crema_1050,HAP,FEA,-1,1,1,1,,data\preprocessed\features\z_at\FAKE_T3_1050_IOM_FEA_XX__AUDIO_1050_IOM_HAP_XX_sadtalker.pt,data\preprocessed\features\z_v\FAKE_T3_1050_IOM_FEA_XX__AUDIO_1050_IOM_HAP_XX_sadtalker.pt
FAKE_T3_1050_IOM_HAP_XX__AUDIO_1050_IOM_NEU_XX_sadtalker,track3,1,crema_1050,NEU,HAP,-1,1,1,1,,data\preprocessed\features\z_at\FAKE_T3_1050_IOM_HAP_XX__AUDIO_1050_IOM_NEU_XX_sadtalker.pt,data\preprocessed\features\z_v\FAKE_T3_1050_IOM_HAP_XX__AUDIO_1050_IOM_NEU_XX_sadtalker.pt
FAKE_T3_1050_IOM_NEU_XX__AUDIO_1050_IOM_SAD_XX_sadtalker,track3,1,crema_1050,SAD,NEU,-1,1,1,1,,data\preprocessed\features\z_at\FAKE_T3_1050_IOM_NEU_XX__AUDIO_1050_IOM_SAD_XX_sadtalker.pt,data\preprocessed\features\z_v\FAKE_T3_1050_IOM_NEU_XX__AUDIO_1050_IOM_SAD_XX_sadtalker.pt
FAKE_T3_1050_IOM_SAD_XX__AUDIO_1050_IOM_ANG_XX_sadtalker,track3,1,crema_1050,ANG,SAD,-1,1,1,1,,data\preprocessed\features\z_at\FAKE_T3_1050_IOM_SAD_XX__AUDIO_1050_IOM_ANG_XX_sadtalker.pt,data\preprocessed\features\z_v\FAKE_T3_1050_IOM_SAD_XX__AUDIO_1050_IOM_ANG_XX_sadtalker.pt
FAKE_T3_1050_ITH_HAP_XX__AUDIO_1050_ITH_NEU_XX_sadtalker,track3,1,crema_1050,NEU,HAP,-1,1,1,1,,data\preprocessed\features\z_at\FAKE_T3_1050_ITH_HAP_XX__AUDIO_1050_ITH_NEU_XX_sadtalker.pt,data\preprocessed\features\z_v\FAKE_T3_1050_ITH_HAP_XX__AUDIO_1050_ITH_NEU_XX_sadtalker.pt
FAKE_T3_1050_ITS_ANG_XX__AUDIO_1050_ITS_DIS_XX_sadtalker,track3,1,crema_1050,DIS,ANG,-1,1,1,1,,data\preprocessed\features\z_at\FAKE_T3_1050_ITS_ANG_XX__AUDIO_1050_ITS_DIS_XX_sadtalker.pt,data\preprocessed\features\z_v\FAKE_T3_1050_ITS_ANG_XX__AUDIO_1050_ITS_DIS_XX_sadtalker.pt
FAKE_T3_1050_ITS_FEA_XX__AUDIO_1050_ITS_HAP_XX_sadtalker,track3,1,crema_1050,HAP,FEA,-1,1,1,1,,data\preprocessed\features\z_at\FAKE_T3_1050_ITS_FEA_XX__AUDIO_1050_ITS_HAP_XX_sadtalker.pt,data\preprocessed\features\z_v\FAKE_T3_1050_ITS_FEA_XX__AUDIO_1050_ITS_HAP_XX_sadtalker.pt
FAKE_T3_1050_ITS_HAP_XX__AUDIO_1050_ITS_NEU_XX_sadtalker,track3,1,crema_1050,NEU,HAP,-1,1,1,1,,data\preprocessed\features\z_at\FAKE_T3_1050_ITS_HAP_XX__AUDIO_1050_ITS_NEU_XX_sadtalker.pt,data\preprocessed\features\z_v\FAKE_T3_1050_ITS_HAP_XX__AUDIO_1050_ITS_NEU_XX_sadtalker.pt
FAKE_T3_1050_ITS_SAD_XX__AUDIO_1050_ITS_ANG_XX_sadtalker,track3,1,crema_1050,ANG,SAD,-1,1,1,1,,data\preprocessed\features\z_at\FAKE_T3_1050_ITS_SAD_XX__AUDIO_1050_ITS_ANG_XX_sadtalker.pt,data\preprocessed\features\z_v\FAKE_T3_1050_ITS_SAD_XX__AUDIO_1050_ITS_ANG_XX_sadtalker.pt
FAKE_T3_1050_IWL_FEA_XX__AUDIO_1050_IWL_HAP_XX_sadtalker,track3,1,crema_1050,HAP,FEA,-1,1,1,1,,data\preprocessed\features\z_at\FAKE_T3_1050_IWL_FEA_XX__AUDIO_1050_IWL_HAP_XX_sadtalker.pt,data\preprocessed\features\z_v\FAKE_T3_1050_IWL_FEA_XX__AUDIO_1050_IWL_HAP_XX_sadtalker.pt
FAKE_T3_1050_IWL_HAP_XX__AUDIO_1050_IWL_NEU_XX_sadtalker,track3,1,crema_1050,NEU,HAP,-1,1,1,1,,data\preprocessed\features\z_at\FAKE_T3_1050_IWL_HAP_XX__AUDIO_1050_IWL_NEU_XX_sadtalker.pt,data\preprocessed\features\z_v\FAKE_T3_1050_IWL_HAP_XX__AUDIO_1050_IWL_NEU_XX_sadtalker.pt
FAKE_T3_1050_IWL_NEU_XX__AUDIO_1050_IWL_SAD_XX_sadtalker,track3,1,crema_1050,SAD,NEU,-1,1,1,1,,data\preprocessed\features\z_at\FAKE_T3_1050_IWL_NEU_XX__AUDIO_1050_IWL_SAD_XX_sadtalker.pt,data\preprocessed\features\z_v\FAKE_T3_1050_IWL_NEU_XX__AUDIO_1050_IWL_SAD_XX_sadtalker.pt
FAKE_T3_1050_IWW_HAP_XX__AUDIO_1050_IWW_NEU_XX_sadtalker,track3,1,crema_1050,NEU,HAP,-1,1,1,1,,data\preprocessed\features\z_at\FAKE_T3_1050_IWW_HAP_XX__AUDIO_1050_IWW_NEU_XX_sadtalker.pt,data\preprocessed\features\z_v\FAKE_T3_1050_IWW_HAP_XX__AUDIO_1050_IWW_NEU_XX_sadtalker.pt
FAKE_T3_1050_IWW_SAD_XX__AUDIO_1050_IWW_ANG_XX_sadtalker,track3,1,crema_1050,ANG,SAD,-1,1,1,1,,data\preprocessed\features\z_at\FAKE_T3_1050_IWW_SAD_XX__AUDIO_1050_IWW_ANG_XX_sadtalker.pt,data\preprocessed\features\z_v\FAKE_T3_1050_IWW_SAD_XX__AUDIO_1050_IWW_ANG_XX_sadtalker.pt
FAKE_T3_1050_MTI_ANG_XX__AUDIO_1050_MTI_DIS_XX_sadtalker,track3,1,crema_1050,DIS,ANG,-1,1,1,1,,data\preprocessed\features\z_at\FAKE_T3_1050_MTI_ANG_XX__AUDIO_1050_MTI_DIS_XX_sadtalker.pt,data\preprocessed\features\z_v\FAKE_T3_1050_MTI_ANG_XX__AUDIO_1050_MTI_DIS_XX_sadtalker.pt
FAKE_T3_1050_MTI_DIS_XX__AUDIO_1050_MTI_FEA_XX_sadtalker,track3,1,crema_1050,FEA,DIS,-1,1,1,1,,data\preprocessed\features\z_at\FAKE_T3_1050_MTI_DIS_XX__AUDIO_1050_MTI_FEA_XX_sadtalker.pt,data\preprocessed\features\z_v\FAKE_T3_1050_MTI_DIS_XX__AUDIO_1050_MTI_FEA_XX_sadtalker.pt
FAKE_T3_1050_MTI_SAD_XX__AUDIO_1050_MTI_ANG_XX_sadtalker,track3,1,crema_1050,ANG,SAD,-1,1,1,1,,data\preprocessed\features\z_at\FAKE_T3_1050_MTI_SAD_XX__AUDIO_1050_MTI_ANG_XX_sadtalker.pt,data\preprocessed\features\z_v\FAKE_T3_1050_MTI_SAD_XX__AUDIO_1050_MTI_ANG_XX_sadtalker.pt
FAKE_T3_1050_TAI_DIS_XX__AUDIO_1050_TAI_FEA_XX_sadtalker,track3,1,crema_1050,FEA,DIS,-1,1,1,1,,data\preprocessed\features\z_at\FAKE_T3_1050_TAI_DIS_XX__AUDIO_1050_TAI_FEA_XX_sadtalker.pt,data\preprocessed\features\z_v\FAKE_T3_1050_TAI_DIS_XX__AUDIO_1050_TAI_FEA_XX_sadtalker.pt
FAKE_T3_1050_TAI_FEA_XX__AUDIO_1050_TAI_HAP_XX_sadtalker,track3,1,crema_1050,HAP,FEA,-1,1,1,1,,data\preprocessed\features\z_at\FAKE_T3_1050_TAI_FEA_XX__AUDIO_1050_TAI_HAP_XX_sadtalker.pt,data\preprocessed\features\z_v\FAKE_T3_1050_TAI_FEA_XX__AUDIO_1050_TAI_HAP_XX_sadtalker.pt
FAKE_T3_1050_TAI_HAP_XX__AUDIO_1050_TAI_NEU_XX_sadtalker,track3,1,crema_1050,NEU,HAP,-1,1,1,1,,data\preprocessed\features\z_at\FAKE_T3_1050_TAI_HAP_XX__AUDIO_1050_TAI_NEU_XX_sadtalker.pt,data\preprocessed\features\z_v\FAKE_T3_1050_TAI_HAP_XX__AUDIO_1050_TAI_NEU_XX_sadtalker.pt
FAKE_T3_1050_TAI_SAD_XX__AUDIO_1050_TAI_ANG_XX_sadtalker,track3,1,crema_1050,ANG,SAD,-1,1,1,1,,data\preprocessed\features\z_at\FAKE_T3_1050_TAI_SAD_XX__AUDIO_1050_TAI_ANG_XX_sadtalker.pt,data\preprocessed\features\z_v\FAKE_T3_1050_TAI_SAD_XX__AUDIO_1050_TAI_ANG_XX_sadtalker.pt
FAKE_T3_1050_TIE_FEA_XX__AUDIO_1050_TIE_HAP_XX_sadtalker,track3,1,crema_1050,HAP,FEA,-1,1,1,1,,data\preprocessed\features\z_at\FAKE_T3_1050_TIE_FEA_XX__AUDIO_1050_TIE_HAP_XX_sadtalker.pt,data\preprocessed\features\z_v\FAKE_T3_1050_TIE_FEA_XX__AUDIO_1050_TIE_HAP_XX_sadtalker.pt
FAKE_T3_1050_TIE_NEU_XX__AUDIO_1050_TIE_SAD_XX_sadtalker,track3,1,crema_1050,SAD,NEU,-1,1,1,1,,data\preprocessed\features\z_at\FAKE_T3_1050_TIE_NEU_XX__AUDIO_1050_TIE_SAD_XX_sadtalker.pt,data\preprocessed\features\z_v\FAKE_T3_1050_TIE_NEU_XX__AUDIO_1050_TIE_SAD_XX_sadtalker.pt
FAKE_T3_1050_TIE_SAD_XX__AUDIO_1050_TIE_ANG_XX_sadtalker,track3,1,crema_1050,ANG,SAD,-1,1,1,1,,data\preprocessed\features\z_at\FAKE_T3_1050_TIE_SAD_XX__AUDIO_1050_TIE_ANG_XX_sadtalker.pt,data\preprocessed\features\z_v\FAKE_T3_1050_TIE_SAD_XX__AUDIO_1050_TIE_ANG_XX_sadtalker.pt
FAKE_T3_1050_TSI_ANG_XX__AUDIO_1050_TSI_DIS_XX_sadtalker,track3,1,crema_1050,DIS,ANG,-1,1,1,1,,data\preprocessed\features\z_at\FAKE_T3_1050_TSI_ANG_XX__AUDIO_1050_TSI_DIS_XX_sadtalker.pt,data\preprocessed\features\z_v\FAKE_T3_1050_TSI_ANG_XX__AUDIO_1050_TSI_DIS_XX_sadtalker.pt
FAKE_T3_1050_TSI_HAP_XX__AUDIO_1050_TSI_NEU_XX_sadtalker,track3,1,crema_1050,NEU,HAP,-1,1,1,1,,data\preprocessed\features\z_at\FAKE_T3_1050_TSI_HAP_XX__AUDIO_1050_TSI_NEU_XX_sadtalker.pt,data\preprocessed\features\z_v\FAKE_T3_1050_TSI_HAP_XX__AUDIO_1050_TSI_NEU_XX_sadtalker.pt
FAKE_T3_1050_TSI_NEU_XX__AUDIO_1050_TSI_SAD_XX_sadtalker,track3,1,crema_1050,SAD,NEU,-1,1,1,1,,data\preprocessed\features\z_at\FAKE_T3_1050_TSI_NEU_XX__AUDIO_1050_TSI_SAD_XX_sadtalker.pt,data\preprocessed\features\z_v\FAKE_T3_1050_TSI_NEU_XX__AUDIO_1050_TSI_SAD_XX_sadtalker.pt
FAKE_T3_1050_TSI_SAD_XX__AUDIO_1050_TSI_ANG_XX_sadtalker,track3,1,crema_1050,ANG,SAD,-1,1,1,1,,data\preprocessed\features\z_at\FAKE_T3_1050_TSI_SAD_XX__AUDIO_1050_TSI_ANG_XX_sadtalker.pt,data\preprocessed\features\z_v\FAKE_T3_1050_TSI_SAD_XX__AUDIO_1050_TSI_ANG_XX_sadtalker.pt
FAKE_T3_1050_WSI_FEA_XX__AUDIO_1050_WSI_HAP_XX_sadtalker,track3,1,crema_1050,HAP,FEA,-1,1,1,1,,data\preprocessed\features\z_at\FAKE_T3_1050_WSI_FEA_XX__AUDIO_1050_WSI_HAP_XX_sadtalker.pt,data\preprocessed\features\z_v\FAKE_T3_1050_WSI_FEA_XX__AUDIO_1050_WSI_HAP_XX_sadtalker.pt
FAKE_T3_1050_WSI_HAP_XX__AUDIO_1050_WSI_NEU_XX_sadtalker,track3,1,crema_1050,NEU,HAP,-1,1,1,1,,data\preprocessed\features\z_at\FAKE_T3_1050_WSI_HAP_XX__AUDIO_1050_WSI_NEU_XX_sadtalker.pt,data\preprocessed\features\z_v\FAKE_T3_1050_WSI_HAP_XX__AUDIO_1050_WSI_NEU_XX_sadtalker.pt
FAKE_T3_1050_WSI_SAD_XX__AUDIO_1050_WSI_ANG_XX_sadtalker,track3,1,crema_1050,ANG,SAD,-1,1,1,1,,data\preprocessed\features\z_at\FAKE_T3_1050_WSI_SAD_XX__AUDIO_1050_WSI_ANG_XX_sadtalker.pt,data\preprocessed\features\z_v\FAKE_T3_1050_WSI_SAD_XX__AUDIO_1050_WSI_ANG_XX_sadtalker.pt
FAKE_T3_1051_DFA_ANG_XX__AUDIO_1051_DFA_DIS_XX_sadtalker,track3,1,crema_1051,DIS,ANG,-1,1,1,1,,data\preprocessed\features\z_at\FAKE_T3_1051_DFA_ANG_XX__AUDIO_1051_DFA_DIS_XX_sadtalker.pt,data\preprocessed\features\z_v\FAKE_T3_1051_DFA_ANG_XX__AUDIO_1051_DFA_DIS_XX_sadtalker.pt
FAKE_T3_1051_DFA_FEA_XX__AUDIO_1051_DFA_HAP_XX_sadtalker,track3,1,crema_1051,HAP,FEA,-1,1,1,1,,data\preprocessed\features\z_at\FAKE_T3_1051_DFA_FEA_XX__AUDIO_1051_DFA_HAP_XX_sadtalker.pt,data\preprocessed\features\z_v\FAKE_T3_1051_DFA_FEA_XX__AUDIO_1051_DFA_HAP_XX_sadtalker.pt
FAKE_T3_1051_IEO_ANG_HI__AUDIO_1051_IEO_DIS_HI_sadtalker,track3,1,crema_1051,DIS,ANG,-1,1,1,1,,data\preprocessed\features\z_at\FAKE_T3_1051_IEO_ANG_HI__AUDIO_1051_IEO_DIS_HI_sadtalker.pt,data\preprocessed\features\z_v\FAKE_T3_1051_IEO_ANG_HI__AUDIO_1051_IEO_DIS_HI_sadtalker.pt
FAKE_T3_1051_IEO_ANG_LO__AUDIO_1051_IEO_DIS_LO_sadtalker,track3,1,crema_1051,DIS,ANG,-1,1,1,1,,data\preprocessed\features\z_at\FAKE_T3_1051_IEO_ANG_LO__AUDIO_1051_IEO_DIS_LO_sadtalker.pt,data\preprocessed\features\z_v\FAKE_T3_1051_IEO_ANG_LO__AUDIO_1051_IEO_DIS_LO_sadtalker.pt
FAKE_T3_1051_IEO_DIS_LO__AUDIO_1051_IEO_FEA_LO_sadtalker,track3,1,crema_1051,FEA,DIS,-1,1,1,1,,data\preprocessed\features\z_at\FAKE_T3_1051_IEO_DIS_LO__AUDIO_1051_IEO_FEA_LO_sadtalker.pt,data\preprocessed\features\z_v\FAKE_T3_1051_IEO_DIS_LO__AUDIO_1051_IEO_FEA_LO_sadtalker.pt
FAKE_T3_1051_IEO_FEA_LO__AUDIO_1051_IEO_HAP_LO_sadtalker,track3,1,crema_1051,HAP,FEA,-1,1,1,1,,data\preprocessed\features\z_at\FAKE_T3_1051_IEO_FEA_LO__AUDIO_1051_IEO_HAP_LO_sadtalker.pt,data\preprocessed\features\z_v\FAKE_T3_1051_IEO_FEA_LO__AUDIO_1051_IEO_HAP_LO_sadtalker.pt
FAKE_T3_1051_IEO_HAP_HI__AUDIO_1051_IEO_NEU_XX_sadtalker,track3,1,crema_1051,NEU,HAP,-1,1,1,1,,data\preprocessed\features\z_at\FAKE_T3_1051_IEO_HAP_HI__AUDIO_1051_IEO_NEU_XX_sadtalker.pt,data\preprocessed\features\z_v\FAKE_T3_1051_IEO_HAP_HI__AUDIO_1051_IEO_NEU_XX_sadtalker.pt
FAKE_T3_1051_IEO_HAP_LO__AUDIO_1051_IEO_NEU_XX_sadtalker,track3,1,crema_1051,NEU,HAP,-1,1,1,1,,data\preprocessed\features\z_at\FAKE_T3_1051_IEO_HAP_LO__AUDIO_1051_IEO_NEU_XX_sadtalker.pt,data\preprocessed\features\z_v\FAKE_T3_1051_IEO_HAP_LO__AUDIO_1051_IEO_NEU_XX_sadtalker.pt
FAKE_T3_1051_IEO_HAP_MD__AUDIO_1051_IEO_NEU_XX_sadtalker,track3,1,crema_1051,NEU,HAP,-1,1,1,1,,data\preprocessed\features\z_at\FAKE_T3_1051_IEO_HAP_MD__AUDIO_1051_IEO_NEU_XX_sadtalker.pt,data\preprocessed\features\z_v\FAKE_T3_1051_IEO_HAP_MD__AUDIO_1051_IEO_NEU_XX_sadtalker.pt
FAKE_T3_1051_IEO_NEU_XX__AUDIO_1051_IEO_SAD_HI_sadtalker,track3,1,crema_1051,SAD,NEU,-1,1,1,1,,data\preprocessed\features\z_at\FAKE_T3_1051_IEO_NEU_XX__AUDIO_1051_IEO_SAD_HI_sadtalker.pt,data\preprocessed\features\z_v\FAKE_T3_1051_IEO_NEU_XX__AUDIO_1051_IEO_SAD_HI_sadtalker.pt
FAKE_T3_1051_IOM_ANG_XX__AUDIO_1051_IOM_DIS_XX_sadtalker,track3,1,crema_1051,DIS,ANG,-1,1,1,1,,data\preprocessed\features\z_at\FAKE_T3_1051_IOM_ANG_XX__AUDIO_1051_IOM_DIS_XX_sadtalker.pt,data\preprocessed\features\z_v\FAKE_T3_1051_IOM_ANG_XX__AUDIO_1051_IOM_DIS_XX_sadtalker.pt
FAKE_T3_1051_IOM_DIS_XX__AUDIO_1051_IOM_FEA_XX_sadtalker,track3,1,crema_1051,FEA,DIS,-1,1,1,1,,data\preprocessed\features\z_at\FAKE_T3_1051_IOM_DIS_XX__AUDIO_1051_IOM_FEA_XX_sadtalker.pt,data\preprocessed\features\z_v\FAKE_T3_1051_IOM_DIS_XX__AUDIO_1051_IOM_FEA_XX_sadtalker.pt
FAKE_T3_1051_ITH_NEU_XX__AUDIO_1051_ITH_SAD_XX_sadtalker,track3,1,crema_1051,SAD,NEU,-1,1,1,1,,data\preprocessed\features\z_at\FAKE_T3_1051_ITH_NEU_XX__AUDIO_1051_ITH_SAD_XX_sadtalker.pt,data\preprocessed\features\z_v\FAKE_T3_1051_ITH_NEU_XX__AUDIO_1051_ITH_SAD_XX_sadtalker.pt
FAKE_T3_1051_ITS_DIS_XX__AUDIO_1051_ITS_FEA_XX_sadtalker,track3,1,crema_1051,FEA,DIS,-1,1,1,1,,data\preprocessed\features\z_at\FAKE_T3_1051_ITS_DIS_XX__AUDIO_1051_ITS_FEA_XX_sadtalker.pt,data\preprocessed\features\z_v\FAKE_T3_1051_ITS_DIS_XX__AUDIO_1051_ITS_FEA_XX_sadtalker.pt
FAKE_T3_1051_ITS_FEA_XX__AUDIO_1051_ITS_HAP_XX_sadtalker,track3,1,crema_1051,HAP,FEA,-1,1,1,1,,data\preprocessed\features\z_at\FAKE_T3_1051_ITS_FEA_XX__AUDIO_1051_ITS_HAP_XX_sadtalker.pt,data\preprocessed\features\z_v\FAKE_T3_1051_ITS_FEA_XX__AUDIO_1051_ITS_HAP_XX_sadtalker.pt
FAKE_T3_1051_ITS_NEU_XX__AUDIO_1051_ITS_SAD_XX_sadtalker,track3,1,crema_1051,SAD,NEU,-1,1,1,1,,data\preprocessed\features\z_at\FAKE_T3_1051_ITS_NEU_XX__AUDIO_1051_ITS_SAD_XX_sadtalker.pt,data\preprocessed\features\z_v\FAKE_T3_1051_ITS_NEU_XX__AUDIO_1051_ITS_SAD_XX_sadtalker.pt
FAKE_T3_1051_ITS_SAD_XX__AUDIO_1051_ITS_ANG_XX_sadtalker,track3,1,crema_1051,ANG,SAD,-1,1,1,1,,data\preprocessed\features\z_at\FAKE_T3_1051_ITS_SAD_XX__AUDIO_1051_ITS_ANG_XX_sadtalker.pt,data\preprocessed\features\z_v\FAKE_T3_1051_ITS_SAD_XX__AUDIO_1051_ITS_ANG_XX_sadtalker.pt
FAKE_T3_1051_IWL_FEA_XX__AUDIO_1051_IWL_HAP_XX_sadtalker,track3,1,crema_1051,HAP,FEA,-1,1,1,1,,data\preprocessed\features\z_at\FAKE_T3_1051_IWL_FEA_XX__AUDIO_1051_IWL_HAP_XX_sadtalker.pt,data\preprocessed\features\z_v\FAKE_T3_1051_IWL_FEA_XX__AUDIO_1051_IWL_HAP_XX_sadtalker.pt
FAKE_T3_1051_IWL_NEU_XX__AUDIO_1051_IWL_SAD_XX_sadtalker,track3,1,crema_1051,SAD,NEU,-1,1,1,1,,data\preprocessed\features\z_at\FAKE_T3_1051_IWL_NEU_XX__AUDIO_1051_IWL_SAD_XX_sadtalker.pt,data\preprocessed\features\z_v\FAKE_T3_1051_IWL_NEU_XX__AUDIO_1051_IWL_SAD_XX_sadtalker.pt
FAKE_T3_1051_IWL_SAD_XX__AUDIO_1051_IWL_ANG_XX_sadtalker,track3,1,crema_1051,ANG,SAD,-1,1,1,1,,data\preprocessed\features\z_at\FAKE_T3_1051_IWL_SAD_XX__AUDIO_1051_IWL_ANG_XX_sadtalker.pt,data\preprocessed\features\z_v\FAKE_T3_1051_IWL_SAD_XX__AUDIO_1051_IWL_ANG_XX_sadtalker.pt
FAKE_T3_1051_IWW_NEU_XX__AUDIO_1051_IWW_SAD_XX_sadtalker,track3,1,crema_1051,SAD,NEU,-1,1,1,1,,data\preprocessed\features\z_at\FAKE_T3_1051_IWW_NEU_XX__AUDIO_1051_IWW_SAD_XX_sadtalker.pt,data\preprocessed\features\z_v\FAKE_T3_1051_IWW_NEU_XX__AUDIO_1051_IWW_SAD_XX_sadtalker.pt
FAKE_T3_1051_IWW_SAD_XX__AUDIO_1051_IWW_ANG_XX_sadtalker,track3,1,crema_1051,ANG,SAD,-1,1,1,1,,data\preprocessed\features\z_at\FAKE_T3_1051_IWW_SAD_XX__AUDIO_1051_IWW_ANG_XX_sadtalker.pt,data\preprocessed\features\z_v\FAKE_T3_1051_IWW_SAD_XX__AUDIO_1051_IWW_ANG_XX_sadtalker.pt
FAKE_T3_1051_MTI_ANG_XX__AUDIO_1051_MTI_DIS_XX_sadtalker,track3,1,crema_1051,DIS,ANG,-1,1,1,1,,data\preprocessed\features\z_at\FAKE_T3_1051_MTI_ANG_XX__AUDIO_1051_MTI_DIS_XX_sadtalker.pt,data\preprocessed\features\z_v\FAKE_T3_1051_MTI_ANG_XX__AUDIO_1051_MTI_DIS_XX_sadtalker.pt
FAKE_T3_1051_MTI_DIS_XX__AUDIO_1051_MTI_FEA_XX_sadtalker,track3,1,crema_1051,FEA,DIS,-1,1,1,1,,data\preprocessed\features\z_at\FAKE_T3_1051_MTI_DIS_XX__AUDIO_1051_MTI_FEA_XX_sadtalker.pt,data\preprocessed\features\z_v\FAKE_T3_1051_MTI_DIS_XX__AUDIO_1051_MTI_FEA_XX_sadtalker.pt
FAKE_T3_1051_MTI_FEA_XX__AUDIO_1051_MTI_HAP_XX_sadtalker,track3,1,crema_1051,HAP,FEA,-1,1,1,1,,data\preprocessed\features\z_at\FAKE_T3_1051_MTI_FEA_XX__AUDIO_1051_MTI_HAP_XX_sadtalker.pt,data\preprocessed\features\z_v\FAKE_T3_1051_MTI_FEA_XX__AUDIO_1051_MTI_HAP_XX_sadtalker.pt
FAKE_T3_1051_TAI_DIS_XX__AUDIO_1051_TAI_FEA_XX_sadtalker,track3,1,crema_1051,FEA,DIS,-1,1,1,1,,data\preprocessed\features\z_at\FAKE_T3_1051_TAI_DIS_XX__AUDIO_1051_TAI_FEA_XX_sadtalker.pt,data\preprocessed\features\z_v\FAKE_T3_1051_TAI_DIS_XX__AUDIO_1051_TAI_FEA_XX_sadtalker.pt
FAKE_T3_1051_TAI_NEU_XX__AUDIO_1051_TAI_SAD_XX_sadtalker,track3,1,crema_1051,SAD,NEU,-1,1,1,1,,data\preprocessed\features\z_at\FAKE_T3_1051_TAI_NEU_XX__AUDIO_1051_TAI_SAD_XX_sadtalker.pt,data\preprocessed\features\z_v\FAKE_T3_1051_TAI_NEU_XX__AUDIO_1051_TAI_SAD_XX_sadtalker.pt
FAKE_T3_1051_TAI_SAD_XX__AUDIO_1051_TAI_ANG_XX_sadtalker,track3,1,crema_1051,ANG,SAD,-1,1,1,1,,data\preprocessed\features\z_at\FAKE_T3_1051_TAI_SAD_XX__AUDIO_1051_TAI_ANG_XX_sadtalker.pt,data\preprocessed\features\z_v\FAKE_T3_1051_TAI_SAD_XX__AUDIO_1051_TAI_ANG_XX_sadtalker.pt
FAKE_T3_1051_TIE_ANG_XX__AUDIO_1051_TIE_DIS_XX_sadtalker,track3,1,crema_1051,DIS,ANG,-1,1,1,1,,data\preprocessed\features\z_at\FAKE_T3_1051_TIE_ANG_XX__AUDIO_1051_TIE_DIS_XX_sadtalker.pt,data\preprocessed\features\z_v\FAKE_T3_1051_TIE_ANG_XX__AUDIO_1051_TIE_DIS_XX_sadtalker.pt
FAKE_T3_1051_TIE_DIS_XX__AUDIO_1051_TIE_FEA_XX_sadtalker,track3,1,crema_1051,FEA,DIS,-1,1,1,1,,data\preprocessed\features\z_at\FAKE_T3_1051_TIE_DIS_XX__AUDIO_1051_TIE_FEA_XX_sadtalker.pt,data\preprocessed\features\z_v\FAKE_T3_1051_TIE_DIS_XX__AUDIO_1051_TIE_FEA_XX_sadtalker.pt
FAKE_T3_1051_TIE_FEA_XX__AUDIO_1051_TIE_HAP_XX_sadtalker,track3,1,crema_1051,HAP,FEA,-1,1,1,1,,data\preprocessed\features\z_at\FAKE_T3_1051_TIE_FEA_XX__AUDIO_1051_TIE_HAP_XX_sadtalker.pt,data\preprocessed\features\z_v\FAKE_T3_1051_TIE_FEA_XX__AUDIO_1051_TIE_HAP_XX_sadtalker.pt
FAKE_T3_1051_TIE_HAP_XX__AUDIO_1051_TIE_NEU_XX_sadtalker,track3,1,crema_1051,NEU,HAP,-1,1,1,1,,data\preprocessed\features\z_at\FAKE_T3_1051_TIE_HAP_XX__AUDIO_1051_TIE_NEU_XX_sadtalker.pt,data\preprocessed\features\z_v\FAKE_T3_1051_TIE_HAP_XX__AUDIO_1051_TIE_NEU_XX_sadtalker.pt
FAKE_T3_1051_TIE_SAD_XX__AUDIO_1051_TIE_ANG_XX_sadtalker,track3,1,crema_1051,ANG,SAD,-1,1,1,1,,data\preprocessed\features\z_at\FAKE_T3_1051_TIE_SAD_XX__AUDIO_1051_TIE_ANG_XX_sadtalker.pt,data\preprocessed\features\z_v\FAKE_T3_1051_TIE_SAD_XX__AUDIO_1051_TIE_ANG_XX_sadtalker.pt
FAKE_T3_1051_TSI_ANG_XX__AUDIO_1051_TSI_DIS_XX_sadtalker,track3,1,crema_1051,DIS,ANG,-1,1,1,1,,data\preprocessed\features\z_at\FAKE_T3_1051_TSI_ANG_XX__AUDIO_1051_TSI_DIS_XX_sadtalker.pt,data\preprocessed\features\z_v\FAKE_T3_1051_TSI_ANG_XX__AUDIO_1051_TSI_DIS_XX_sadtalker.pt
FAKE_T3_1051_TSI_FEA_XX__AUDIO_1051_TSI_HAP_XX_sadtalker,track3,1,crema_1051,HAP,FEA,-1,1,1,1,,data\preprocessed\features\z_at\FAKE_T3_1051_TSI_FEA_XX__AUDIO_1051_TSI_HAP_XX_sadtalker.pt,data\preprocessed\features\z_v\FAKE_T3_1051_TSI_FEA_XX__AUDIO_1051_TSI_HAP_XX_sadtalker.pt
FAKE_T3_1051_TSI_HAP_XX__AUDIO_1051_TSI_NEU_XX_sadtalker,track3,1,crema_1051,NEU,HAP,-1,1,1,1,,data\preprocessed\features\z_at\FAKE_T3_1051_TSI_HAP_XX__AUDIO_1051_TSI_NEU_XX_sadtalker.pt,data\preprocessed\features\z_v\FAKE_T3_1051_TSI_HAP_XX__AUDIO_1051_TSI_NEU_XX_sadtalker.pt
FAKE_T3_1051_TSI_NEU_XX__AUDIO_1051_TSI_SAD_XX_sadtalker,track3,1,crema_1051,SAD,NEU,-1,1,1,1,,data\preprocessed\features\z_at\FAKE_T3_1051_TSI_NEU_XX__AUDIO_1051_TSI_SAD_XX_sadtalker.pt,data\preprocessed\features\z_v\FAKE_T3_1051_TSI_NEU_XX__AUDIO_1051_TSI_SAD_XX_sadtalker.pt
FAKE_T3_1051_WSI_ANG_XX__AUDIO_1051_WSI_DIS_XX_sadtalker,track3,1,crema_1051,DIS,ANG,-1,1,1,1,,data\preprocessed\features\z_at\FAKE_T3_1051_WSI_ANG_XX__AUDIO_1051_WSI_DIS_XX_sadtalker.pt,data\preprocessed\features\z_v\FAKE_T3_1051_WSI_ANG_XX__AUDIO_1051_WSI_DIS_XX_sadtalker.pt
FAKE_T3_1051_WSI_FEA_XX__AUDIO_1051_WSI_HAP_XX_sadtalker,track3,1,crema_1051,HAP,FEA,-1,1,1,1,,data\preprocessed\features\z_at\FAKE_T3_1051_WSI_FEA_XX__AUDIO_1051_WSI_HAP_XX_sadtalker.pt,data\preprocessed\features\z_v\FAKE_T3_1051_WSI_FEA_XX__AUDIO_1051_WSI_HAP_XX_sadtalker.pt
FAKE_T3_1051_WSI_HAP_XX__AUDIO_1051_WSI_NEU_XX_sadtalker,track3,1,crema_1051,NEU,HAP,-1,1,1,1,,data\preprocessed\features\z_at\FAKE_T3_1051_WSI_HAP_XX__AUDIO_1051_WSI_NEU_XX_sadtalker.pt,data\preprocessed\features\z_v\FAKE_T3_1051_WSI_HAP_XX__AUDIO_1051_WSI_NEU_XX_sadtalker.pt
FAKE_T3_1051_WSI_NEU_XX__AUDIO_1051_WSI_SAD_XX_sadtalker,track3,1,crema_1051,SAD,NEU,-1,1,1,1,,data\preprocessed\features\z_at\FAKE_T3_1051_WSI_NEU_XX__AUDIO_1051_WSI_SAD_XX_sadtalker.pt,data\preprocessed\features\z_v\FAKE_T3_1051_WSI_NEU_XX__AUDIO_1051_WSI_SAD_XX_sadtalker.pt
FAKE_T3_1052_DFA_ANG_XX__AUDIO_1052_DFA_DIS_XX_sadtalker,track3,1,crema_1052,DIS,ANG,-1,1,1,1,,data\preprocessed\features\z_at\FAKE_T3_1052_DFA_ANG_XX__AUDIO_1052_DFA_DIS_XX_sadtalker.pt,data\preprocessed\features\z_v\FAKE_T3_1052_DFA_ANG_XX__AUDIO_1052_DFA_DIS_XX_sadtalker.pt
FAKE_T3_1052_DFA_DIS_XX__AUDIO_1052_DFA_FEA_XX_sadtalker,track3,1,crema_1052,FEA,DIS,-1,1,1,1,,data\preprocessed\features\z_at\FAKE_T3_1052_DFA_DIS_XX__AUDIO_1052_DFA_FEA_XX_sadtalker.pt,data\preprocessed\features\z_v\FAKE_T3_1052_DFA_DIS_XX__AUDIO_1052_DFA_FEA_XX_sadtalker.pt
FAKE_T3_1052_DFA_FEA_XX__AUDIO_1052_DFA_HAP_XX_sadtalker,track3,1,crema_1052,HAP,FEA,-1,1,1,1,,data\preprocessed\features\z_at\FAKE_T3_1052_DFA_FEA_XX__AUDIO_1052_DFA_HAP_XX_sadtalker.pt,data\preprocessed\features\z_v\FAKE_T3_1052_DFA_FEA_XX__AUDIO_1052_DFA_HAP_XX_sadtalker.pt
FAKE_T3_1052_DFA_NEU_XX__AUDIO_1052_DFA_SAD_XX_sadtalker,track3,1,crema_1052,SAD,NEU,-1,1,1,1,,data\preprocessed\features\z_at\FAKE_T3_1052_DFA_NEU_XX__AUDIO_1052_DFA_SAD_XX_sadtalker.pt,data\preprocessed\features\z_v\FAKE_T3_1052_DFA_NEU_XX__AUDIO_1052_DFA_SAD_XX_sadtalker.pt
FAKE_T3_1052_DFA_SAD_XX__AUDIO_1052_DFA_ANG_XX_sadtalker,track3,1,crema_1052,ANG,SAD,-1,1,1,1,,data\preprocessed\features\z_at\FAKE_T3_1052_DFA_SAD_XX__AUDIO_1052_DFA_ANG_XX_sadtalker.pt,data\preprocessed\features\z_v\FAKE_T3_1052_DFA_SAD_XX__AUDIO_1052_DFA_ANG_XX_sadtalker.pt
FAKE_T3_1052_IEO_ANG_HI__AUDIO_1052_IEO_DIS_HI_sadtalker,track3,1,crema_1052,DIS,ANG,-1,1,1,1,,data\preprocessed\features\z_at\FAKE_T3_1052_IEO_ANG_HI__AUDIO_1052_IEO_DIS_HI_sadtalker.pt,data\preprocessed\features\z_v\FAKE_T3_1052_IEO_ANG_HI__AUDIO_1052_IEO_DIS_HI_sadtalker.pt
FAKE_T3_1052_IEO_ANG_LO__AUDIO_1052_IEO_DIS_LO_sadtalker,track3,1,crema_1052,DIS,ANG,-1,1,1,1,,data\preprocessed\features\z_at\FAKE_T3_1052_IEO_ANG_LO__AUDIO_1052_IEO_DIS_LO_sadtalker.pt,data\preprocessed\features\z_v\FAKE_T3_1052_IEO_ANG_LO__AUDIO_1052_IEO_DIS_LO_sadtalker.pt
FAKE_T3_1052_IEO_DIS_MD__AUDIO_1052_IEO_FEA_MD_sadtalker,track3,1,crema_1052,FEA,DIS,-1,1,1,1,,data\preprocessed\features\z_at\FAKE_T3_1052_IEO_DIS_MD__AUDIO_1052_IEO_FEA_MD_sadtalker.pt,data\preprocessed\features\z_v\FAKE_T3_1052_IEO_DIS_MD__AUDIO_1052_IEO_FEA_MD_sadtalker.pt
FAKE_T3_1052_IEO_FEA_HI__AUDIO_1052_IEO_HAP_HI_sadtalker,track3,1,crema_1052,HAP,FEA,-1,1,1,1,,data\preprocessed\features\z_at\FAKE_T3_1052_IEO_FEA_HI__AUDIO_1052_IEO_HAP_HI_sadtalker.pt,data\preprocessed\features\z_v\FAKE_T3_1052_IEO_FEA_HI__AUDIO_1052_IEO_HAP_HI_sadtalker.pt
FAKE_T3_1052_IEO_NEU_XX__AUDIO_1052_IEO_SAD_HI_sadtalker,track3,1,crema_1052,SAD,NEU,-1,1,1,1,,data\preprocessed\features\z_at\FAKE_T3_1052_IEO_NEU_XX__AUDIO_1052_IEO_SAD_HI_sadtalker.pt,data\preprocessed\features\z_v\FAKE_T3_1052_IEO_NEU_XX__AUDIO_1052_IEO_SAD_HI_sadtalker.pt
FAKE_T3_1052_IEO_SAD_MD__AUDIO_1052_IEO_ANG_MD_sadtalker,track3,1,crema_1052,ANG,SAD,-1,1,1,1,,data\preprocessed\features\z_at\FAKE_T3_1052_IEO_SAD_MD__AUDIO_1052_IEO_ANG_MD_sadtalker.pt,data\preprocessed\features\z_v\FAKE_T3_1052_IEO_SAD_MD__AUDIO_1052_IEO_ANG_MD_sadtalker.pt
FAKE_T3_1052_IOM_ANG_XX__AUDIO_1052_IOM_DIS_XX_sadtalker,track3,1,crema_1052,DIS,ANG,-1,1,1,1,,data\preprocessed\features\z_at\FAKE_T3_1052_IOM_ANG_XX__AUDIO_1052_IOM_DIS_XX_sadtalker.pt,data\preprocessed\features\z_v\FAKE_T3_1052_IOM_ANG_XX__AUDIO_1052_IOM_DIS_XX_sadtalker.pt
FAKE_T3_1052_IOM_DIS_XX__AUDIO_1052_IOM_FEA_XX_sadtalker,track3,1,crema_1052,FEA,DIS,-1,1,1,1,,data\preprocessed\features\z_at\FAKE_T3_1052_IOM_DIS_XX__AUDIO_1052_IOM_FEA_XX_sadtalker.pt,data\preprocessed\features\z_v\FAKE_T3_1052_IOM_DIS_XX__AUDIO_1052_IOM_FEA_XX_sadtalker.pt
FAKE_T3_1052_IOM_NEU_XX__AUDIO_1052_IOM_SAD_XX_sadtalker,track3,1,crema_1052,SAD,NEU,-1,1,1,1,,data\preprocessed\features\z_at\FAKE_T3_1052_IOM_NEU_XX__AUDIO_1052_IOM_SAD_XX_sadtalker.pt,data\preprocessed\features\z_v\FAKE_T3_1052_IOM_NEU_XX__AUDIO_1052_IOM_SAD_XX_sadtalker.pt
FAKE_T3_1052_IOM_SAD_XX__AUDIO_1052_IOM_ANG_XX_sadtalker,track3,1,crema_1052,ANG,SAD,-1,1,1,1,,data\preprocessed\features\z_at\FAKE_T3_1052_IOM_SAD_XX__AUDIO_1052_IOM_ANG_XX_sadtalker.pt,data\preprocessed\features\z_v\FAKE_T3_1052_IOM_SAD_XX__AUDIO_1052_IOM_ANG_XX_sadtalker.pt
FAKE_T3_1052_ITH_DIS_XX__AUDIO_1052_ITH_FEA_XX_sadtalker,track3,1,crema_1052,FEA,DIS,-1,1,1,1,,data\preprocessed\features\z_at\FAKE_T3_1052_ITH_DIS_XX__AUDIO_1052_ITH_FEA_XX_sadtalker.pt,data\preprocessed\features\z_v\FAKE_T3_1052_ITH_DIS_XX__AUDIO_1052_ITH_FEA_XX_sadtalker.pt
FAKE_T3_1052_ITH_NEU_XX__AUDIO_1052_ITH_SAD_XX_sadtalker,track3,1,crema_1052,SAD,NEU,-1,1,1,1,,data\preprocessed\features\z_at\FAKE_T3_1052_ITH_NEU_XX__AUDIO_1052_ITH_SAD_XX_sadtalker.pt,data\preprocessed\features\z_v\FAKE_T3_1052_ITH_NEU_XX__AUDIO_1052_ITH_SAD_XX_sadtalker.pt
FAKE_T3_1052_ITS_DIS_XX__AUDIO_1052_ITS_FEA_XX_sadtalker,track3,1,crema_1052,FEA,DIS,-1,1,1,1,,data\preprocessed\features\z_at\FAKE_T3_1052_ITS_DIS_XX__AUDIO_1052_ITS_FEA_XX_sadtalker.pt,data\preprocessed\features\z_v\FAKE_T3_1052_ITS_DIS_XX__AUDIO_1052_ITS_FEA_XX_sadtalker.pt
FAKE_T3_1052_ITS_FEA_XX__AUDIO_1052_ITS_HAP_XX_sadtalker,track3,1,crema_1052,HAP,FEA,-1,1,1,1,,data\preprocessed\features\z_at\FAKE_T3_1052_ITS_FEA_XX__AUDIO_1052_ITS_HAP_XX_sadtalker.pt,data\preprocessed\features\z_v\FAKE_T3_1052_ITS_FEA_XX__AUDIO_1052_ITS_HAP_XX_sadtalker.pt
FAKE_T3_1052_ITS_NEU_XX__AUDIO_1052_ITS_SAD_XX_sadtalker,track3,1,crema_1052,SAD,NEU,-1,1,1,1,,data\preprocessed\features\z_at\FAKE_T3_1052_ITS_NEU_XX__AUDIO_1052_ITS_SAD_XX_sadtalker.pt,data\preprocessed\features\z_v\FAKE_T3_1052_ITS_NEU_XX__AUDIO_1052_ITS_SAD_XX_sadtalker.pt
FAKE_T3_1052_ITS_SAD_XX__AUDIO_1052_ITS_ANG_XX_sadtalker,track3,1,crema_1052,ANG,SAD,-1,1,1,1,,data\preprocessed\features\z_at\FAKE_T3_1052_ITS_SAD_XX__AUDIO_1052_ITS_ANG_XX_sadtalker.pt,data\preprocessed\features\z_v\FAKE_T3_1052_ITS_SAD_XX__AUDIO_1052_ITS_ANG_XX_sadtalker.pt
FAKE_T3_1052_IWL_HAP_XX__AUDIO_1052_IWL_NEU_XX_sadtalker,track3,1,crema_1052,NEU,HAP,-1,1,1,1,,data\preprocessed\features\z_at\FAKE_T3_1052_IWL_HAP_XX__AUDIO_1052_IWL_NEU_XX_sadtalker.pt,data\preprocessed\features\z_v\FAKE_T3_1052_IWL_HAP_XX__AUDIO_1052_IWL_NEU_XX_sadtalker.pt
FAKE_T3_1052_IWL_NEU_XX__AUDIO_1052_IWL_SAD_XX_sadtalker,track3,1,crema_1052,SAD,NEU,-1,1,1,1,,data\preprocessed\features\z_at\FAKE_T3_1052_IWL_NEU_XX__AUDIO_1052_IWL_SAD_XX_sadtalker.pt,data\preprocessed\features\z_v\FAKE_T3_1052_IWL_NEU_XX__AUDIO_1052_IWL_SAD_XX_sadtalker.pt
FAKE_T3_1052_IWW_DIS_XX__AUDIO_1052_IWW_FEA_XX_sadtalker,track3,1,crema_1052,FEA,DIS,-1,1,1,1,,data\preprocessed\features\z_at\FAKE_T3_1052_IWW_DIS_XX__AUDIO_1052_IWW_FEA_XX_sadtalker.pt,data\preprocessed\features\z_v\FAKE_T3_1052_IWW_DIS_XX__AUDIO_1052_IWW_FEA_XX_sadtalker.pt
FAKE_T3_1052_IWW_FEA_XX__AUDIO_1052_IWW_HAP_XX_sadtalker,track3,1,crema_1052,HAP,FEA,-1,1,1,1,,data\preprocessed\features\z_at\FAKE_T3_1052_IWW_FEA_XX__AUDIO_1052_IWW_HAP_XX_sadtalker.pt,data\preprocessed\features\z_v\FAKE_T3_1052_IWW_FEA_XX__AUDIO_1052_IWW_HAP_XX_sadtalker.pt
FAKE_T3_1052_IWW_HAP_XX__AUDIO_1052_IWW_NEU_XX_sadtalker,track3,1,crema_1052,NEU,HAP,-1,1,1,1,,data\preprocessed\features\z_at\FAKE_T3_1052_IWW_HAP_XX__AUDIO_1052_IWW_NEU_XX_sadtalker.pt,data\preprocessed\features\z_v\FAKE_T3_1052_IWW_HAP_XX__AUDIO_1052_IWW_NEU_XX_sadtalker.pt
FAKE_T3_1052_MTI_HAP_XX__AUDIO_1052_MTI_NEU_XX_sadtalker,track3,1,crema_1052,NEU,HAP,-1,1,1,1,,data\preprocessed\features\z_at\FAKE_T3_1052_MTI_HAP_XX__AUDIO_1052_MTI_NEU_XX_sadtalker.pt,data\preprocessed\features\z_v\FAKE_T3_1052_MTI_HAP_XX__AUDIO_1052_MTI_NEU_XX_sadtalker.pt
FAKE_T3_1052_MTI_SAD_XX__AUDIO_1052_MTI_ANG_XX_sadtalker,track3,1,crema_1052,ANG,SAD,-1,1,1,1,,data\preprocessed\features\z_at\FAKE_T3_1052_MTI_SAD_XX__AUDIO_1052_MTI_ANG_XX_sadtalker.pt,data\preprocessed\features\z_v\FAKE_T3_1052_MTI_SAD_XX__AUDIO_1052_MTI_ANG_XX_sadtalker.pt
FAKE_T3_1052_TAI_DIS_XX__AUDIO_1052_TAI_FEA_XX_sadtalker,track3,1,crema_1052,FEA,DIS,-1,1,1,1,,data\preprocessed\features\z_at\FAKE_T3_1052_TAI_DIS_XX__AUDIO_1052_TAI_FEA_XX_sadtalker.pt,data\preprocessed\features\z_v\FAKE_T3_1052_TAI_DIS_XX__AUDIO_1052_TAI_FEA_XX_sadtalker.pt
FAKE_T3_1052_TAI_HAP_XX__AUDIO_1052_TAI_NEU_XX_sadtalker,track3,1,crema_1052,NEU,HAP,-1,1,1,1,,data\preprocessed\features\z_at\FAKE_T3_1052_TAI_HAP_XX__AUDIO_1052_TAI_NEU_XX_sadtalker.pt,data\preprocessed\features\z_v\FAKE_T3_1052_TAI_HAP_XX__AUDIO_1052_TAI_NEU_XX_sadtalker.pt
FAKE_T3_1052_TAI_NEU_XX__AUDIO_1052_TAI_SAD_XX_sadtalker,track3,1,crema_1052,SAD,NEU,-1,1,1,1,,data\preprocessed\features\z_at\FAKE_T3_1052_TAI_NEU_XX__AUDIO_1052_TAI_SAD_XX_sadtalker.pt,data\preprocessed\features\z_v\FAKE_T3_1052_TAI_NEU_XX__AUDIO_1052_TAI_SAD_XX_sadtalker.pt
FAKE_T3_1052_TAI_SAD_XX__AUDIO_1052_TAI_ANG_XX_sadtalker,track3,1,crema_1052,ANG,SAD,-1,1,1,1,,data\preprocessed\features\z_at\FAKE_T3_1052_TAI_SAD_XX__AUDIO_1052_TAI_ANG_XX_sadtalker.pt,data\preprocessed\features\z_v\FAKE_T3_1052_TAI_SAD_XX__AUDIO_1052_TAI_ANG_XX_sadtalker.pt
FAKE_T3_1052_TIE_HAP_XX__AUDIO_1052_TIE_NEU_XX_sadtalker,track3,1,crema_1052,NEU,HAP,-1,1,1,1,,data\preprocessed\features\z_at\FAKE_T3_1052_TIE_HAP_XX__AUDIO_1052_TIE_NEU_XX_sadtalker.pt,data\preprocessed\features\z_v\FAKE_T3_1052_TIE_HAP_XX__AUDIO_1052_TIE_NEU_XX_sadtalker.pt
FAKE_T3_1052_TIE_SAD_XX__AUDIO_1052_TIE_ANG_XX_sadtalker,track3,1,crema_1052,ANG,SAD,-1,1,1,1,,data\preprocessed\features\z_at\FAKE_T3_1052_TIE_SAD_XX__AUDIO_1052_TIE_ANG_XX_sadtalker.pt,data\preprocessed\features\z_v\FAKE_T3_1052_TIE_SAD_XX__AUDIO_1052_TIE_ANG_XX_sadtalker.pt
FAKE_T3_1052_TSI_ANG_XX__AUDIO_1052_TSI_DIS_XX_sadtalker,track3,1,crema_1052,DIS,ANG,-1,1,1,1,,data\preprocessed\features\z_at\FAKE_T3_1052_TSI_ANG_XX__AUDIO_1052_TSI_DIS_XX_sadtalker.pt,data\preprocessed\features\z_v\FAKE_T3_1052_TSI_ANG_XX__AUDIO_1052_TSI_DIS_XX_sadtalker.pt
FAKE_T3_1052_TSI_DIS_XX__AUDIO_1052_TSI_FEA_XX_sadtalker,track3,1,crema_1052,FEA,DIS,-1,1,1,1,,data\preprocessed\features\z_at\FAKE_T3_1052_TSI_DIS_XX__AUDIO_1052_TSI_FEA_XX_sadtalker.pt,data\preprocessed\features\z_v\FAKE_T3_1052_TSI_DIS_XX__AUDIO_1052_TSI_FEA_XX_sadtalker.pt
FAKE_T3_1052_TSI_HAP_XX__AUDIO_1052_TSI_NEU_XX_sadtalker,track3,1,crema_1052,NEU,HAP,-1,1,1,1,,data\preprocessed\features\z_at\FAKE_T3_1052_TSI_HAP_XX__AUDIO_1052_TSI_NEU_XX_sadtalker.pt,data\preprocessed\features\z_v\FAKE_T3_1052_TSI_HAP_XX__AUDIO_1052_TSI_NEU_XX_sadtalker.pt
FAKE_T3_1052_WSI_ANG_XX__AUDIO_1052_WSI_DIS_XX_sadtalker,track3,1,crema_1052,DIS,ANG,-1,1,1,1,,data\preprocessed\features\z_at\FAKE_T3_1052_WSI_ANG_XX__AUDIO_1052_WSI_DIS_XX_sadtalker.pt,data\preprocessed\features\z_v\FAKE_T3_1052_WSI_ANG_XX__AUDIO_1052_WSI_DIS_XX_sadtalker.pt
FAKE_T3_1052_WSI_DIS_XX__AUDIO_1052_WSI_FEA_XX_sadtalker,track3,1,crema_1052,FEA,DIS,-1,1,1,1,,data\preprocessed\features\z_at\FAKE_T3_1052_WSI_DIS_XX__AUDIO_1052_WSI_FEA_XX_sadtalker.pt,data\preprocessed\features\z_v\FAKE_T3_1052_WSI_DIS_XX__AUDIO_1052_WSI_FEA_XX_sadtalker.pt
FAKE_T3_1052_WSI_FEA_XX__AUDIO_1052_WSI_HAP_XX_sadtalker,track3,1,crema_1052,HAP,FEA,-1,1,1,1,,data\preprocessed\features\z_at\FAKE_T3_1052_WSI_FEA_XX__AUDIO_1052_WSI_HAP_XX_sadtalker.pt,data\preprocessed\features\z_v\FAKE_T3_1052_WSI_FEA_XX__AUDIO_1052_WSI_HAP_XX_sadtalker.pt
FAKE_T3_1052_WSI_NEU_XX__AUDIO_1052_WSI_SAD_XX_sadtalker,track3,1,crema_1052,SAD,NEU,-1,1,1,1,,data\preprocessed\features\z_at\FAKE_T3_1052_WSI_NEU_XX__AUDIO_1052_WSI_SAD_XX_sadtalker.pt,data\preprocessed\features\z_v\FAKE_T3_1052_WSI_NEU_XX__AUDIO_1052_WSI_SAD_XX_sadtalker.pt
FAKE_T3_1053_DFA_FEA_XX__AUDIO_1053_DFA_HAP_XX_sadtalker,track3,1,crema_1053,HAP,FEA,-1,1,1,1,,data\preprocessed\features\z_at\FAKE_T3_1053_DFA_FEA_XX__AUDIO_1053_DFA_HAP_XX_sadtalker.pt,data\preprocessed\features\z_v\FAKE_T3_1053_DFA_FEA_XX__AUDIO_1053_DFA_HAP_XX_sadtalker.pt
FAKE_T3_1053_DFA_HAP_XX__AUDIO_1053_DFA_NEU_XX_sadtalker,track3,1,crema_1053,NEU,HAP,-1,1,1,1,,data\preprocessed\features\z_at\FAKE_T3_1053_DFA_HAP_XX__AUDIO_1053_DFA_NEU_XX_sadtalker.pt,data\preprocessed\features\z_v\FAKE_T3_1053_DFA_HAP_XX__AUDIO_1053_DFA_NEU_XX_sadtalker.pt
FAKE_T3_1053_IEO_ANG_HI__AUDIO_1053_IEO_DIS_HI_sadtalker,track3,1,crema_1053,DIS,ANG,-1,1,1,1,,data\preprocessed\features\z_at\FAKE_T3_1053_IEO_ANG_HI__AUDIO_1053_IEO_DIS_HI_sadtalker.pt,data\preprocessed\features\z_v\FAKE_T3_1053_IEO_ANG_HI__AUDIO_1053_IEO_DIS_HI_sadtalker.pt
FAKE_T3_1053_IEO_ANG_LO__AUDIO_1053_IEO_DIS_LO_sadtalker,track3,1,crema_1053,DIS,ANG,-1,1,1,1,,data\preprocessed\features\z_at\FAKE_T3_1053_IEO_ANG_LO__AUDIO_1053_IEO_DIS_LO_sadtalker.pt,data\preprocessed\features\z_v\FAKE_T3_1053_IEO_ANG_LO__AUDIO_1053_IEO_DIS_LO_sadtalker.pt
FAKE_T3_1053_IEO_DIS_HI__AUDIO_1053_IEO_FEA_HI_sadtalker,track3,1,crema_1053,FEA,DIS,-1,1,1,1,,data\preprocessed\features\z_at\FAKE_T3_1053_IEO_DIS_HI__AUDIO_1053_IEO_FEA_HI_sadtalker.pt,data\preprocessed\features\z_v\FAKE_T3_1053_IEO_DIS_HI__AUDIO_1053_IEO_FEA_HI_sadtalker.pt
FAKE_T3_1053_IEO_DIS_MD__AUDIO_1053_IEO_FEA_MD_sadtalker,track3,1,crema_1053,FEA,DIS,-1,1,1,1,,data\preprocessed\features\z_at\FAKE_T3_1053_IEO_DIS_MD__AUDIO_1053_IEO_FEA_MD_sadtalker.pt,data\preprocessed\features\z_v\FAKE_T3_1053_IEO_DIS_MD__AUDIO_1053_IEO_FEA_MD_sadtalker.pt
FAKE_T3_1053_IEO_FEA_HI__AUDIO_1053_IEO_HAP_HI_sadtalker,track3,1,crema_1053,HAP,FEA,-1,1,1,1,,data\preprocessed\features\z_at\FAKE_T3_1053_IEO_FEA_HI__AUDIO_1053_IEO_HAP_HI_sadtalker.pt,data\preprocessed\features\z_v\FAKE_T3_1053_IEO_FEA_HI__AUDIO_1053_IEO_HAP_HI_sadtalker.pt
FAKE_T3_1053_IEO_FEA_LO__AUDIO_1053_IEO_HAP_LO_sadtalker,track3,1,crema_1053,HAP,FEA,-1,1,1,1,,data\preprocessed\features\z_at\FAKE_T3_1053_IEO_FEA_LO__AUDIO_1053_IEO_HAP_LO_sadtalker.pt,data\preprocessed\features\z_v\FAKE_T3_1053_IEO_FEA_LO__AUDIO_1053_IEO_HAP_LO_sadtalker.pt
FAKE_T3_1053_IEO_FEA_MD__AUDIO_1053_IEO_HAP_MD_sadtalker,track3,1,crema_1053,HAP,FEA,-1,1,1,1,,data\preprocessed\features\z_at\FAKE_T3_1053_IEO_FEA_MD__AUDIO_1053_IEO_HAP_MD_sadtalker.pt,data\preprocessed\features\z_v\FAKE_T3_1053_IEO_FEA_MD__AUDIO_1053_IEO_HAP_MD_sadtalker.pt
FAKE_T3_1053_IEO_HAP_LO__AUDIO_1053_IEO_NEU_XX_sadtalker,track3,1,crema_1053,NEU,HAP,-1,1,1,1,,data\preprocessed\features\z_at\FAKE_T3_1053_IEO_HAP_LO__AUDIO_1053_IEO_NEU_XX_sadtalker.pt,data\preprocessed\features\z_v\FAKE_T3_1053_IEO_HAP_LO__AUDIO_1053_IEO_NEU_XX_sadtalker.pt
FAKE_T3_1053_IEO_HAP_MD__AUDIO_1053_IEO_NEU_XX_sadtalker,track3,1,crema_1053,NEU,HAP,-1,1,1,1,,data\preprocessed\features\z_at\FAKE_T3_1053_IEO_HAP_MD__AUDIO_1053_IEO_NEU_XX_sadtalker.pt,data\preprocessed\features\z_v\FAKE_T3_1053_IEO_HAP_MD__AUDIO_1053_IEO_NEU_XX_sadtalker.pt
FAKE_T3_1053_IEO_SAD_LO__AUDIO_1053_IEO_ANG_LO_sadtalker,track3,1,crema_1053,ANG,SAD,-1,1,1,1,,data\preprocessed\features\z_at\FAKE_T3_1053_IEO_SAD_LO__AUDIO_1053_IEO_ANG_LO_sadtalker.pt,data\preprocessed\features\z_v\FAKE_T3_1053_IEO_SAD_LO__AUDIO_1053_IEO_ANG_LO_sadtalker.pt
FAKE_T3_1053_IOM_ANG_XX__AUDIO_1053_IOM_DIS_XX_sadtalker,track3,1,crema_1053,DIS,ANG,-1,1,1,1,,data\preprocessed\features\z_at\FAKE_T3_1053_IOM_ANG_XX__AUDIO_1053_IOM_DIS_XX_sadtalker.pt,data\preprocessed\features\z_v\FAKE_T3_1053_IOM_ANG_XX__AUDIO_1053_IOM_DIS_XX_sadtalker.pt
FAKE_T3_1053_IOM_FEA_XX__AUDIO_1053_IOM_HAP_XX_sadtalker,track3,1,crema_1053,HAP,FEA,-1,1,1,1,,data\preprocessed\features\z_at\FAKE_T3_1053_IOM_FEA_XX__AUDIO_1053_IOM_HAP_XX_sadtalker.pt,data\preprocessed\features\z_v\FAKE_T3_1053_IOM_FEA_XX__AUDIO_1053_IOM_HAP_XX_sadtalker.pt
FAKE_T3_1053_IOM_HAP_XX__AUDIO_1053_IOM_NEU_XX_sadtalker,track3,1,crema_1053,NEU,HAP,-1,1,1,1,,data\preprocessed\features\z_at\FAKE_T3_1053_IOM_HAP_XX__AUDIO_1053_IOM_NEU_XX_sadtalker.pt,data\preprocessed\features\z_v\FAKE_T3_1053_IOM_HAP_XX__AUDIO_1053_IOM_NEU_XX_sadtalker.pt
FAKE_T3_1053_IOM_NEU_XX__AUDIO_1053_IOM_SAD_XX_sadtalker,track3,1,crema_1053,SAD,NEU,-1,1,1,1,,data\preprocessed\features\z_at\FAKE_T3_1053_IOM_NEU_XX__AUDIO_1053_IOM_SAD_XX_sadtalker.pt,data\preprocessed\features\z_v\FAKE_T3_1053_IOM_NEU_XX__AUDIO_1053_IOM_SAD_XX_sadtalker.pt
FAKE_T3_1053_ITH_DIS_XX__AUDIO_1053_ITH_FEA_XX_sadtalker,track3,1,crema_1053,FEA,DIS,-1,1,1,1,,data\preprocessed\features\z_at\FAKE_T3_1053_ITH_DIS_XX__AUDIO_1053_ITH_FEA_XX_sadtalker.pt,data\preprocessed\features\z_v\FAKE_T3_1053_ITH_DIS_XX__AUDIO_1053_ITH_FEA_XX_sadtalker.pt
FAKE_T3_1053_ITH_FEA_XX__AUDIO_1053_ITH_HAP_XX_sadtalker,track3,1,crema_1053,HAP,FEA,-1,1,1,1,,data\preprocessed\features\z_at\FAKE_T3_1053_ITH_FEA_XX__AUDIO_1053_ITH_HAP_XX_sadtalker.pt,data\preprocessed\features\z_v\FAKE_T3_1053_ITH_FEA_XX__AUDIO_1053_ITH_HAP_XX_sadtalker.pt
FAKE_T3_1053_ITH_HAP_XX__AUDIO_1053_ITH_NEU_XX_sadtalker,track3,1,crema_1053,NEU,HAP,-1,1,1,1,,data\preprocessed\features\z_at\FAKE_T3_1053_ITH_HAP_XX__AUDIO_1053_ITH_NEU_XX_sadtalker.pt,data\preprocessed\features\z_v\FAKE_T3_1053_ITH_HAP_XX__AUDIO_1053_ITH_NEU_XX_sadtalker.pt
FAKE_T3_1053_ITS_FEA_XX__AUDIO_1053_ITS_HAP_XX_sadtalker,track3,1,crema_1053,HAP,FEA,-1,1,1,1,,data\preprocessed\features\z_at\FAKE_T3_1053_ITS_FEA_XX__AUDIO_1053_ITS_HAP_XX_sadtalker.pt,data\preprocessed\features\z_v\FAKE_T3_1053_ITS_FEA_XX__AUDIO_1053_ITS_HAP_XX_sadtalker.pt
FAKE_T3_1053_ITS_HAP_XX__AUDIO_1053_ITS_NEU_XX_sadtalker,track3,1,crema_1053,NEU,HAP,-1,1,1,1,,data\preprocessed\features\z_at\FAKE_T3_1053_ITS_HAP_XX__AUDIO_1053_ITS_NEU_XX_sadtalker.pt,data\preprocessed\features\z_v\FAKE_T3_1053_ITS_HAP_XX__AUDIO_1053_ITS_NEU_XX_sadtalker.pt
FAKE_T3_1053_ITS_SAD_XX__AUDIO_1053_ITS_ANG_XX_sadtalker,track3,1,crema_1053,ANG,SAD,-1,1,1,1,,data\preprocessed\features\z_at\FAKE_T3_1053_ITS_SAD_XX__AUDIO_1053_ITS_ANG_XX_sadtalker.pt,data\preprocessed\features\z_v\FAKE_T3_1053_ITS_SAD_XX__AUDIO_1053_ITS_ANG_XX_sadtalker.pt
FAKE_T3_1053_IWL_ANG_XX__AUDIO_1053_IWL_DIS_XX_sadtalker,track3,1,crema_1053,DIS,ANG,-1,1,1,1,,data\preprocessed\features\z_at\FAKE_T3_1053_IWL_ANG_XX__AUDIO_1053_IWL_DIS_XX_sadtalker.pt,data\preprocessed\features\z_v\FAKE_T3_1053_IWL_ANG_XX__AUDIO_1053_IWL_DIS_XX_sadtalker.pt
FAKE_T3_1053_IWL_DIS_XX__AUDIO_1053_IWL_FEA_XX_sadtalker,track3,1,crema_1053,FEA,DIS,-1,1,1,1,,data\preprocessed\features\z_at\FAKE_T3_1053_IWL_DIS_XX__AUDIO_1053_IWL_FEA_XX_sadtalker.pt,data\preprocessed\features\z_v\FAKE_T3_1053_IWL_DIS_XX__AUDIO_1053_IWL_FEA_XX_sadtalker.pt
FAKE_T3_1053_IWL_NEU_XX__AUDIO_1053_IWL_SAD_XX_sadtalker,track3,1,crema_1053,SAD,NEU,-1,1,1,1,,data\preprocessed\features\z_at\FAKE_T3_1053_IWL_NEU_XX__AUDIO_1053_IWL_SAD_XX_sadtalker.pt,data\preprocessed\features\z_v\FAKE_T3_1053_IWL_NEU_XX__AUDIO_1053_IWL_SAD_XX_sadtalker.pt
FAKE_T3_1053_IWW_ANG_XX__AUDIO_1053_IWW_DIS_XX_sadtalker,track3,1,crema_1053,DIS,ANG,-1,1,1,1,,data\preprocessed\features\z_at\FAKE_T3_1053_IWW_ANG_XX__AUDIO_1053_IWW_DIS_XX_sadtalker.pt,data\preprocessed\features\z_v\FAKE_T3_1053_IWW_ANG_XX__AUDIO_1053_IWW_DIS_XX_sadtalker.pt
FAKE_T3_1053_IWW_DIS_XX__AUDIO_1053_IWW_FEA_XX_sadtalker,track3,1,crema_1053,FEA,DIS,-1,1,1,1,,data\preprocessed\features\z_at\FAKE_T3_1053_IWW_DIS_XX__AUDIO_1053_IWW_FEA_XX_sadtalker.pt,data\preprocessed\features\z_v\FAKE_T3_1053_IWW_DIS_XX__AUDIO_1053_IWW_FEA_XX_sadtalker.pt
FAKE_T3_1053_IWW_FEA_XX__AUDIO_1053_IWW_HAP_XX_sadtalker,track3,1,crema_1053,HAP,FEA,-1,1,1,1,,data\preprocessed\features\z_at\FAKE_T3_1053_IWW_FEA_XX__AUDIO_1053_IWW_HAP_XX_sadtalker.pt,data\preprocessed\features\z_v\FAKE_T3_1053_IWW_FEA_XX__AUDIO_1053_IWW_HAP_XX_sadtalker.pt
FAKE_T3_1053_IWW_NEU_XX__AUDIO_1053_IWW_SAD_XX_sadtalker,track3,1,crema_1053,SAD,NEU,-1,1,1,1,,data\preprocessed\features\z_at\FAKE_T3_1053_IWW_NEU_XX__AUDIO_1053_IWW_SAD_XX_sadtalker.pt,data\preprocessed\features\z_v\FAKE_T3_1053_IWW_NEU_XX__AUDIO_1053_IWW_SAD_XX_sadtalker.pt
FAKE_T3_1053_MTI_NEU_XX__AUDIO_1053_MTI_SAD_XX_sadtalker,track3,1,crema_1053,SAD,NEU,-1,1,1,1,,data\preprocessed\features\z_at\FAKE_T3_1053_MTI_NEU_XX__AUDIO_1053_MTI_SAD_XX_sadtalker.pt,data\preprocessed\features\z_v\FAKE_T3_1053_MTI_NEU_XX__AUDIO_1053_MTI_SAD_XX_sadtalker.pt
FAKE_T3_1053_MTI_SAD_XX__AUDIO_1053_MTI_ANG_XX_sadtalker,track3,1,crema_1053,ANG,SAD,-1,1,1,1,,data\preprocessed\features\z_at\FAKE_T3_1053_MTI_SAD_XX__AUDIO_1053_MTI_ANG_XX_sadtalker.pt,data\preprocessed\features\z_v\FAKE_T3_1053_MTI_SAD_XX__AUDIO_1053_MTI_ANG_XX_sadtalker.pt
FAKE_T3_1053_TAI_ANG_XX__AUDIO_1053_TAI_DIS_XX_sadtalker,track3,1,crema_1053,DIS,ANG,-1,1,1,1,,data\preprocessed\features\z_at\FAKE_T3_1053_TAI_ANG_XX__AUDIO_1053_TAI_DIS_XX_sadtalker.pt,data\preprocessed\features\z_v\FAKE_T3_1053_TAI_ANG_XX__AUDIO_1053_TAI_DIS_XX_sadtalker.pt
FAKE_T3_1053_TIE_DIS_XX__AUDIO_1053_TIE_FEA_XX_sadtalker,track3,1,crema_1053,FEA,DIS,-1,1,1,1,,data\preprocessed\features\z_at\FAKE_T3_1053_TIE_DIS_XX__AUDIO_1053_TIE_FEA_XX_sadtalker.pt,data\preprocessed\features\z_v\FAKE_T3_1053_TIE_DIS_XX__AUDIO_1053_TIE_FEA_XX_sadtalker.pt
FAKE_T3_1053_TSI_DIS_XX__AUDIO_1053_TSI_FEA_XX_sadtalker,track3,1,crema_1053,FEA,DIS,-1,1,1,1,,data\preprocessed\features\z_at\FAKE_T3_1053_TSI_DIS_XX__AUDIO_1053_TSI_FEA_XX_sadtalker.pt,data\preprocessed\features\z_v\FAKE_T3_1053_TSI_DIS_XX__AUDIO_1053_TSI_FEA_XX_sadtalker.pt
FAKE_T3_1053_TSI_HAP_XX__AUDIO_1053_TSI_NEU_XX_sadtalker,track3,1,crema_1053,NEU,HAP,-1,1,1,1,,data\preprocessed\features\z_at\FAKE_T3_1053_TSI_HAP_XX__AUDIO_1053_TSI_NEU_XX_sadtalker.pt,data\preprocessed\features\z_v\FAKE_T3_1053_TSI_HAP_XX__AUDIO_1053_TSI_NEU_XX_sadtalker.pt
FAKE_T3_1053_TSI_NEU_XX__AUDIO_1053_TSI_SAD_XX_sadtalker,track3,1,crema_1053,SAD,NEU,-1,1,1,1,,data\preprocessed\features\z_at\FAKE_T3_1053_TSI_NEU_XX__AUDIO_1053_TSI_SAD_XX_sadtalker.pt,data\preprocessed\features\z_v\FAKE_T3_1053_TSI_NEU_XX__AUDIO_1053_TSI_SAD_XX_sadtalker.pt
FAKE_T3_1053_TSI_SAD_XX__AUDIO_1053_TSI_ANG_XX_sadtalker,track3,1,crema_1053,ANG,SAD,-1,1,1,1,,data\preprocessed\features\z_at\FAKE_T3_1053_TSI_SAD_XX__AUDIO_1053_TSI_ANG_XX_sadtalker.pt,data\preprocessed\features\z_v\FAKE_T3_1053_TSI_SAD_XX__AUDIO_1053_TSI_ANG_XX_sadtalker.pt
FAKE_T3_1053_WSI_DIS_XX__AUDIO_1053_WSI_FEA_XX_sadtalker,track3,1,crema_1053,FEA,DIS,-1,1,1,1,,data\preprocessed\features\z_at\FAKE_T3_1053_WSI_DIS_XX__AUDIO_1053_WSI_FEA_XX_sadtalker.pt,data\preprocessed\features\z_v\FAKE_T3_1053_WSI_DIS_XX__AUDIO_1053_WSI_FEA_XX_sadtalker.pt
FAKE_T3_1053_WSI_FEA_XX__AUDIO_1053_WSI_HAP_XX_sadtalker,track3,1,crema_1053,HAP,FEA,-1,1,1,1,,data\preprocessed\features\z_at\FAKE_T3_1053_WSI_FEA_XX__AUDIO_1053_WSI_HAP_XX_sadtalker.pt,data\preprocessed\features\z_v\FAKE_T3_1053_WSI_FEA_XX__AUDIO_1053_WSI_HAP_XX_sadtalker.pt
FAKE_T3_1053_WSI_NEU_XX__AUDIO_1053_WSI_SAD_XX_sadtalker,track3,1,crema_1053,SAD,NEU,-1,1,1,1,,data\preprocessed\features\z_at\FAKE_T3_1053_WSI_NEU_XX__AUDIO_1053_WSI_SAD_XX_sadtalker.pt,data\preprocessed\features\z_v\FAKE_T3_1053_WSI_NEU_XX__AUDIO_1053_WSI_SAD_XX_sadtalker.pt
FAKE_T3_1053_WSI_SAD_XX__AUDIO_1053_WSI_ANG_XX_sadtalker,track3,1,crema_1053,ANG,SAD,-1,1,1,1,,data\preprocessed\features\z_at\FAKE_T3_1053_WSI_SAD_XX__AUDIO_1053_WSI_ANG_XX_sadtalker.pt,data\preprocessed\features\z_v\FAKE_T3_1053_WSI_SAD_XX__AUDIO_1053_WSI_ANG_XX_sadtalker.pt
FAKE_T3_1054_DFA_ANG_XX__AUDIO_1054_DFA_DIS_XX_sadtalker,track3,1,crema_1054,DIS,ANG,-1,1,1,1,,data\preprocessed\features\z_at\FAKE_T3_1054_DFA_ANG_XX__AUDIO_1054_DFA_DIS_XX_sadtalker.pt,data\preprocessed\features\z_v\FAKE_T3_1054_DFA_ANG_XX__AUDIO_1054_DFA_DIS_XX_sadtalker.pt
FAKE_T3_1054_DFA_DIS_XX__AUDIO_1054_DFA_FEA_XX_sadtalker,track3,1,crema_1054,FEA,DIS,-1,1,1,1,,data\preprocessed\features\z_at\FAKE_T3_1054_DFA_DIS_XX__AUDIO_1054_DFA_FEA_XX_sadtalker.pt,data\preprocessed\features\z_v\FAKE_T3_1054_DFA_DIS_XX__AUDIO_1054_DFA_FEA_XX_sadtalker.pt
FAKE_T3_1054_DFA_FEA_XX__AUDIO_1054_DFA_HAP_XX_sadtalker,track3,1,crema_1054,HAP,FEA,-1,1,1,1,,data\preprocessed\features\z_at\FAKE_T3_1054_DFA_FEA_XX__AUDIO_1054_DFA_HAP_XX_sadtalker.pt,data\preprocessed\features\z_v\FAKE_T3_1054_DFA_FEA_XX__AUDIO_1054_DFA_HAP_XX_sadtalker.pt
FAKE_T3_1054_DFA_HAP_XX__AUDIO_1054_DFA_NEU_XX_sadtalker,track3,1,crema_1054,NEU,HAP,-1,1,1,1,,data\preprocessed\features\z_at\FAKE_T3_1054_DFA_HAP_XX__AUDIO_1054_DFA_NEU_XX_sadtalker.pt,data\preprocessed\features\z_v\FAKE_T3_1054_DFA_HAP_XX__AUDIO_1054_DFA_NEU_XX_sadtalker.pt
FAKE_T3_1054_DFA_SAD_XX__AUDIO_1054_DFA_ANG_XX_sadtalker,track3,1,crema_1054,ANG,SAD,-1,1,1,1,,data\preprocessed\features\z_at\FAKE_T3_1054_DFA_SAD_XX__AUDIO_1054_DFA_ANG_XX_sadtalker.pt,data\preprocessed\features\z_v\FAKE_T3_1054_DFA_SAD_XX__AUDIO_1054_DFA_ANG_XX_sadtalker.pt
FAKE_T3_1054_IEO_ANG_HI__AUDIO_1054_IEO_DIS_HI_sadtalker,track3,1,crema_1054,DIS,ANG,-1,1,1,1,,data\preprocessed\features\z_at\FAKE_T3_1054_IEO_ANG_HI__AUDIO_1054_IEO_DIS_HI_sadtalker.pt,data\preprocessed\features\z_v\FAKE_T3_1054_IEO_ANG_HI__AUDIO_1054_IEO_DIS_HI_sadtalker.pt
FAKE_T3_1054_IEO_ANG_LO__AUDIO_1054_IEO_DIS_LO_sadtalker,track3,1,crema_1054,DIS,ANG,-1,1,1,1,,data\preprocessed\features\z_at\FAKE_T3_1054_IEO_ANG_LO__AUDIO_1054_IEO_DIS_LO_sadtalker.pt,data\preprocessed\features\z_v\FAKE_T3_1054_IEO_ANG_LO__AUDIO_1054_IEO_DIS_LO_sadtalker.pt
FAKE_T3_1054_IEO_ANG_MD__AUDIO_1054_IEO_DIS_MD_sadtalker,track3,1,crema_1054,DIS,ANG,-1,1,1,1,,data\preprocessed\features\z_at\FAKE_T3_1054_IEO_ANG_MD__AUDIO_1054_IEO_DIS_MD_sadtalker.pt,data\preprocessed\features\z_v\FAKE_T3_1054_IEO_ANG_MD__AUDIO_1054_IEO_DIS_MD_sadtalker.pt
FAKE_T3_1054_IEO_DIS_MD__AUDIO_1054_IEO_FEA_MD_sadtalker,track3,1,crema_1054,FEA,DIS,-1,1,1,1,,data\preprocessed\features\z_at\FAKE_T3_1054_IEO_DIS_MD__AUDIO_1054_IEO_FEA_MD_sadtalker.pt,data\preprocessed\features\z_v\FAKE_T3_1054_IEO_DIS_MD__AUDIO_1054_IEO_FEA_MD_sadtalker.pt
FAKE_T3_1054_IEO_FEA_HI__AUDIO_1054_IEO_HAP_HI_sadtalker,track3,1,crema_1054,HAP,FEA,-1,1,1,1,,data\preprocessed\features\z_at\FAKE_T3_1054_IEO_FEA_HI__AUDIO_1054_IEO_HAP_HI_sadtalker.pt,data\preprocessed\features\z_v\FAKE_T3_1054_IEO_FEA_HI__AUDIO_1054_IEO_HAP_HI_sadtalker.pt
FAKE_T3_1054_IEO_FEA_LO__AUDIO_1054_IEO_HAP_LO_sadtalker,track3,1,crema_1054,HAP,FEA,-1,1,1,1,,data\preprocessed\features\z_at\FAKE_T3_1054_IEO_FEA_LO__AUDIO_1054_IEO_HAP_LO_sadtalker.pt,data\preprocessed\features\z_v\FAKE_T3_1054_IEO_FEA_LO__AUDIO_1054_IEO_HAP_LO_sadtalker.pt
FAKE_T3_1054_IEO_HAP_HI__AUDIO_1054_IEO_NEU_XX_sadtalker,track3,1,crema_1054,NEU,HAP,-1,1,1,1,,data\preprocessed\features\z_at\FAKE_T3_1054_IEO_HAP_HI__AUDIO_1054_IEO_NEU_XX_sadtalker.pt,data\preprocessed\features\z_v\FAKE_T3_1054_IEO_HAP_HI__AUDIO_1054_IEO_NEU_XX_sadtalker.pt
FAKE_T3_1054_IEO_HAP_LO__AUDIO_1054_IEO_NEU_XX_sadtalker,track3,1,crema_1054,NEU,HAP,-1,1,1,1,,data\preprocessed\features\z_at\FAKE_T3_1054_IEO_HAP_LO__AUDIO_1054_IEO_NEU_XX_sadtalker.pt,data\preprocessed\features\z_v\FAKE_T3_1054_IEO_HAP_LO__AUDIO_1054_IEO_NEU_XX_sadtalker.pt
FAKE_T3_1054_IEO_SAD_MD__AUDIO_1054_IEO_ANG_MD_sadtalker,track3,1,crema_1054,ANG,SAD,-1,1,1,1,,data\preprocessed\features\z_at\FAKE_T3_1054_IEO_SAD_MD__AUDIO_1054_IEO_ANG_MD_sadtalker.pt,data\preprocessed\features\z_v\FAKE_T3_1054_IEO_SAD_MD__AUDIO_1054_IEO_ANG_MD_sadtalker.pt
FAKE_T3_1054_IOM_DIS_XX__AUDIO_1054_IOM_FEA_XX_sadtalker,track3,1,crema_1054,FEA,DIS,-1,1,1,1,,data\preprocessed\features\z_at\FAKE_T3_1054_IOM_DIS_XX__AUDIO_1054_IOM_FEA_XX_sadtalker.pt,data\preprocessed\features\z_v\FAKE_T3_1054_IOM_DIS_XX__AUDIO_1054_IOM_FEA_XX_sadtalker.pt
FAKE_T3_1054_IOM_FEA_XX__AUDIO_1054_IOM_HAP_XX_sadtalker,track3,1,crema_1054,HAP,FEA,-1,1,1,1,,data\preprocessed\features\z_at\FAKE_T3_1054_IOM_FEA_XX__AUDIO_1054_IOM_HAP_XX_sadtalker.pt,data\preprocessed\features\z_v\FAKE_T3_1054_IOM_FEA_XX__AUDIO_1054_IOM_HAP_XX_sadtalker.pt
FAKE_T3_1054_IOM_HAP_XX__AUDIO_1054_IOM_NEU_XX_sadtalker,track3,1,crema_1054,NEU,HAP,-1,1,1,1,,data\preprocessed\features\z_at\FAKE_T3_1054_IOM_HAP_XX__AUDIO_1054_IOM_NEU_XX_sadtalker.pt,data\preprocessed\features\z_v\FAKE_T3_1054_IOM_HAP_XX__AUDIO_1054_IOM_NEU_XX_sadtalker.pt
FAKE_T3_1054_ITH_ANG_XX__AUDIO_1054_ITH_DIS_XX_sadtalker,track3,1,crema_1054,DIS,ANG,-1,1,1,1,,data\preprocessed\features\z_at\FAKE_T3_1054_ITH_ANG_XX__AUDIO_1054_ITH_DIS_XX_sadtalker.pt,data\preprocessed\features\z_v\FAKE_T3_1054_ITH_ANG_XX__AUDIO_1054_ITH_DIS_XX_sadtalker.pt
FAKE_T3_1054_ITH_DIS_XX__AUDIO_1054_ITH_FEA_XX_sadtalker,track3,1,crema_1054,FEA,DIS,-1,1,1,1,,data\preprocessed\features\z_at\FAKE_T3_1054_ITH_DIS_XX__AUDIO_1054_ITH_FEA_XX_sadtalker.pt,data\preprocessed\features\z_v\FAKE_T3_1054_ITH_DIS_XX__AUDIO_1054_ITH_FEA_XX_sadtalker.pt
FAKE_T3_1054_ITH_FEA_XX__AUDIO_1054_ITH_HAP_XX_sadtalker,track3,1,crema_1054,HAP,FEA,-1,1,1,1,,data\preprocessed\features\z_at\FAKE_T3_1054_ITH_FEA_XX__AUDIO_1054_ITH_HAP_XX_sadtalker.pt,data\preprocessed\features\z_v\FAKE_T3_1054_ITH_FEA_XX__AUDIO_1054_ITH_HAP_XX_sadtalker.pt
FAKE_T3_1054_ITH_SAD_XX__AUDIO_1054_ITH_ANG_XX_sadtalker,track3,1,crema_1054,ANG,SAD,-1,1,1,1,,data\preprocessed\features\z_at\FAKE_T3_1054_ITH_SAD_XX__AUDIO_1054_ITH_ANG_XX_sadtalker.pt,data\preprocessed\features\z_v\FAKE_T3_1054_ITH_SAD_XX__AUDIO_1054_ITH_ANG_XX_sadtalker.pt
FAKE_T3_1054_ITS_HAP_XX__AUDIO_1054_ITS_NEU_XX_sadtalker,track3,1,crema_1054,NEU,HAP,-1,1,1,1,,data\preprocessed\features\z_at\FAKE_T3_1054_ITS_HAP_XX__AUDIO_1054_ITS_NEU_XX_sadtalker.pt,data\preprocessed\features\z_v\FAKE_T3_1054_ITS_HAP_XX__AUDIO_1054_ITS_NEU_XX_sadtalker.pt
FAKE_T3_1054_ITS_NEU_XX__AUDIO_1054_ITS_SAD_XX_sadtalker,track3,1,crema_1054,SAD,NEU,-1,1,1,1,,data\preprocessed\features\z_at\FAKE_T3_1054_ITS_NEU_XX__AUDIO_1054_ITS_SAD_XX_sadtalker.pt,data\preprocessed\features\z_v\FAKE_T3_1054_ITS_NEU_XX__AUDIO_1054_ITS_SAD_XX_sadtalker.pt
FAKE_T3_1054_IWL_DIS_XX__AUDIO_1054_IWL_FEA_XX_sadtalker,track3,1,crema_1054,FEA,DIS,-1,1,1,1,,data\preprocessed\features\z_at\FAKE_T3_1054_IWL_DIS_XX__AUDIO_1054_IWL_FEA_XX_sadtalker.pt,data\preprocessed\features\z_v\FAKE_T3_1054_IWL_DIS_XX__AUDIO_1054_IWL_FEA_XX_sadtalker.pt
FAKE_T3_1054_IWL_HAP_XX__AUDIO_1054_IWL_NEU_XX_sadtalker,track3,1,crema_1054,NEU,HAP,-1,1,1,1,,data\preprocessed\features\z_at\FAKE_T3_1054_IWL_HAP_XX__AUDIO_1054_IWL_NEU_XX_sadtalker.pt,data\preprocessed\features\z_v\FAKE_T3_1054_IWL_HAP_XX__AUDIO_1054_IWL_NEU_XX_sadtalker.pt
FAKE_T3_1054_IWL_SAD_XX__AUDIO_1054_IWL_ANG_XX_sadtalker,track3,1,crema_1054,ANG,SAD,-1,1,1,1,,data\preprocessed\features\z_at\FAKE_T3_1054_IWL_SAD_XX__AUDIO_1054_IWL_ANG_XX_sadtalker.pt,data\preprocessed\features\z_v\FAKE_T3_1054_IWL_SAD_XX__AUDIO_1054_IWL_ANG_XX_sadtalker.pt
FAKE_T3_1054_IWW_ANG_XX__AUDIO_1054_IWW_DIS_XX_sadtalker,track3,1,crema_1054,DIS,ANG,-1,1,1,1,,data\preprocessed\features\z_at\FAKE_T3_1054_IWW_ANG_XX__AUDIO_1054_IWW_DIS_XX_sadtalker.pt,data\preprocessed\features\z_v\FAKE_T3_1054_IWW_ANG_XX__AUDIO_1054_IWW_DIS_XX_sadtalker.pt
FAKE_T3_1054_IWW_HAP_XX__AUDIO_1054_IWW_NEU_XX_sadtalker,track3,1,crema_1054,NEU,HAP,-1,1,1,1,,data\preprocessed\features\z_at\FAKE_T3_1054_IWW_HAP_XX__AUDIO_1054_IWW_NEU_XX_sadtalker.pt,data\preprocessed\features\z_v\FAKE_T3_1054_IWW_HAP_XX__AUDIO_1054_IWW_NEU_XX_sadtalker.pt
FAKE_T3_1054_IWW_SAD_XX__AUDIO_1054_IWW_ANG_XX_sadtalker,track3,1,crema_1054,ANG,SAD,-1,1,1,1,,data\preprocessed\features\z_at\FAKE_T3_1054_IWW_SAD_XX__AUDIO_1054_IWW_ANG_XX_sadtalker.pt,data\preprocessed\features\z_v\FAKE_T3_1054_IWW_SAD_XX__AUDIO_1054_IWW_ANG_XX_sadtalker.pt
FAKE_T3_1054_MTI_ANG_XX__AUDIO_1054_MTI_DIS_XX_sadtalker,track3,1,crema_1054,DIS,ANG,-1,1,1,1,,data\preprocessed\features\z_at\FAKE_T3_1054_MTI_ANG_XX__AUDIO_1054_MTI_DIS_XX_sadtalker.pt,data\preprocessed\features\z_v\FAKE_T3_1054_MTI_ANG_XX__AUDIO_1054_MTI_DIS_XX_sadtalker.pt
FAKE_T3_1054_MTI_HAP_XX__AUDIO_1054_MTI_NEU_XX_sadtalker,track3,1,crema_1054,NEU,HAP,-1,1,1,1,,data\preprocessed\features\z_at\FAKE_T3_1054_MTI_HAP_XX__AUDIO_1054_MTI_NEU_XX_sadtalker.pt,data\preprocessed\features\z_v\FAKE_T3_1054_MTI_HAP_XX__AUDIO_1054_MTI_NEU_XX_sadtalker.pt
FAKE_T3_1054_MTI_NEU_XX__AUDIO_1054_MTI_SAD_XX_sadtalker,track3,1,crema_1054,SAD,NEU,-1,1,1,1,,data\preprocessed\features\z_at\FAKE_T3_1054_MTI_NEU_XX__AUDIO_1054_MTI_SAD_XX_sadtalker.pt,data\preprocessed\features\z_v\FAKE_T3_1054_MTI_NEU_XX__AUDIO_1054_MTI_SAD_XX_sadtalker.pt
FAKE_T3_1054_TAI_HAP_XX__AUDIO_1054_TAI_NEU_XX_sadtalker,track3,1,crema_1054,NEU,HAP,-1,1,1,1,,data\preprocessed\features\z_at\FAKE_T3_1054_TAI_HAP_XX__AUDIO_1054_TAI_NEU_XX_sadtalker.pt,data\preprocessed\features\z_v\FAKE_T3_1054_TAI_HAP_XX__AUDIO_1054_TAI_NEU_XX_sadtalker.pt
FAKE_T3_1054_TAI_SAD_XX__AUDIO_1054_TAI_ANG_XX_sadtalker,track3,1,crema_1054,ANG,SAD,-1,1,1,1,,data\preprocessed\features\z_at\FAKE_T3_1054_TAI_SAD_XX__AUDIO_1054_TAI_ANG_XX_sadtalker.pt,data\preprocessed\features\z_v\FAKE_T3_1054_TAI_SAD_XX__AUDIO_1054_TAI_ANG_XX_sadtalker.pt
FAKE_T3_1054_TSI_DIS_XX__AUDIO_1054_TSI_FEA_XX_sadtalker,track3,1,crema_1054,FEA,DIS,-1,1,1,1,,data\preprocessed\features\z_at\FAKE_T3_1054_TSI_DIS_XX__AUDIO_1054_TSI_FEA_XX_sadtalker.pt,data\preprocessed\features\z_v\FAKE_T3_1054_TSI_DIS_XX__AUDIO_1054_TSI_FEA_XX_sadtalker.pt
FAKE_T3_1054_TSI_NEU_XX__AUDIO_1054_TSI_SAD_XX_sadtalker,track3,1,crema_1054,SAD,NEU,-1,1,1,1,,data\preprocessed\features\z_at\FAKE_T3_1054_TSI_NEU_XX__AUDIO_1054_TSI_SAD_XX_sadtalker.pt,data\preprocessed\features\z_v\FAKE_T3_1054_TSI_NEU_XX__AUDIO_1054_TSI_SAD_XX_sadtalker.pt
FAKE_T3_1054_TSI_SAD_XX__AUDIO_1054_TSI_ANG_XX_sadtalker,track3,1,crema_1054,ANG,SAD,-1,1,1,1,,data\preprocessed\features\z_at\FAKE_T3_1054_TSI_SAD_XX__AUDIO_1054_TSI_ANG_XX_sadtalker.pt,data\preprocessed\features\z_v\FAKE_T3_1054_TSI_SAD_XX__AUDIO_1054_TSI_ANG_XX_sadtalker.pt
FAKE_T3_1054_WSI_DIS_XX__AUDIO_1054_WSI_FEA_XX_sadtalker,track3,1,crema_1054,FEA,DIS,-1,1,1,1,,data\preprocessed\features\z_at\FAKE_T3_1054_WSI_DIS_XX__AUDIO_1054_WSI_FEA_XX_sadtalker.pt,data\preprocessed\features\z_v\FAKE_T3_1054_WSI_DIS_XX__AUDIO_1054_WSI_FEA_XX_sadtalker.pt
FAKE_T3_1054_WSI_HAP_XX__AUDIO_1054_WSI_NEU_XX_sadtalker,track3,1,crema_1054,NEU,HAP,-1,1,1,1,,data\preprocessed\features\z_at\FAKE_T3_1054_WSI_HAP_XX__AUDIO_1054_WSI_NEU_XX_sadtalker.pt,data\preprocessed\features\z_v\FAKE_T3_1054_WSI_HAP_XX__AUDIO_1054_WSI_NEU_XX_sadtalker.pt
FAKE_T3_1054_WSI_NEU_XX__AUDIO_1054_WSI_SAD_XX_sadtalker,track3,1,crema_1054,SAD,NEU,-1,1,1,1,,data\preprocessed\features\z_at\FAKE_T3_1054_WSI_NEU_XX__AUDIO_1054_WSI_SAD_XX_sadtalker.pt,data\preprocessed\features\z_v\FAKE_T3_1054_WSI_NEU_XX__AUDIO_1054_WSI_SAD_XX_sadtalker.pt
FAKE_T3_1054_WSI_SAD_XX__AUDIO_1054_WSI_ANG_XX_sadtalker,track3,1,crema_1054,ANG,SAD,-1,1,1,1,,data\preprocessed\features\z_at\FAKE_T3_1054_WSI_SAD_XX__AUDIO_1054_WSI_ANG_XX_sadtalker.pt,data\preprocessed\features\z_v\FAKE_T3_1054_WSI_SAD_XX__AUDIO_1054_WSI_ANG_XX_sadtalker.pt
FAKE_T3_1055_DFA_ANG_XX__AUDIO_1055_DFA_DIS_XX_sadtalker,track3,1,crema_1055,DIS,ANG,-1,1,1,1,,data\preprocessed\features\z_at\FAKE_T3_1055_DFA_ANG_XX__AUDIO_1055_DFA_DIS_XX_sadtalker.pt,data\preprocessed\features\z_v\FAKE_T3_1055_DFA_ANG_XX__AUDIO_1055_DFA_DIS_XX_sadtalker.pt
FAKE_T3_1055_DFA_DIS_XX__AUDIO_1055_DFA_FEA_XX_sadtalker,track3,1,crema_1055,FEA,DIS,-1,1,1,1,,data\preprocessed\features\z_at\FAKE_T3_1055_DFA_DIS_XX__AUDIO_1055_DFA_FEA_XX_sadtalker.pt,data\preprocessed\features\z_v\FAKE_T3_1055_DFA_DIS_XX__AUDIO_1055_DFA_FEA_XX_sadtalker.pt
FAKE_T3_1055_DFA_HAP_XX__AUDIO_1055_DFA_NEU_XX_sadtalker,track3,1,crema_1055,NEU,HAP,-1,1,1,1,,data\preprocessed\features\z_at\FAKE_T3_1055_DFA_HAP_XX__AUDIO_1055_DFA_NEU_XX_sadtalker.pt,data\preprocessed\features\z_v\FAKE_T3_1055_DFA_HAP_XX__AUDIO_1055_DFA_NEU_XX_sadtalker.pt
FAKE_T3_1055_DFA_NEU_XX__AUDIO_1055_DFA_SAD_XX_sadtalker,track3,1,crema_1055,SAD,NEU,-1,1,1,1,,data\preprocessed\features\z_at\FAKE_T3_1055_DFA_NEU_XX__AUDIO_1055_DFA_SAD_XX_sadtalker.pt,data\preprocessed\features\z_v\FAKE_T3_1055_DFA_NEU_XX__AUDIO_1055_DFA_SAD_XX_sadtalker.pt
FAKE_T3_1055_DFA_SAD_XX__AUDIO_1055_DFA_ANG_XX_sadtalker,track3,1,crema_1055,ANG,SAD,-1,1,1,1,,data\preprocessed\features\z_at\FAKE_T3_1055_DFA_SAD_XX__AUDIO_1055_DFA_ANG_XX_sadtalker.pt,data\preprocessed\features\z_v\FAKE_T3_1055_DFA_SAD_XX__AUDIO_1055_DFA_ANG_XX_sadtalker.pt
