clip_id,source_pipeline,fake_label,speaker_id,audio_emotion,visual_emotion,sarcasm_label,has_z_at,has_z_v,is_ready_for_training,video_path,z_at_path,z_v_path
FAKE_T3_1045_MTI_NEU_XX__AUDIO_1045_MTI_SAD_XX_sadtalker,track3,1,crema_1045,SAD,NEU,-1,1,1,1,,data\preprocessed\features\z_at\FAKE_T3_1045_MTI_NEU_XX__AUDIO_1045_MTI_SAD_XX_sadtalker.pt,data\preprocessed\features\z_v\FAKE_T3_1045_MTI_NEU_XX__AUDIO_1045_MTI_SAD_XX_sadtalker.pt
FAKE_T3_1045_MTI_SAD_XX__AUDIO_1045_MTI_ANG_XX_sadtalker,track3,1,crema_1045,ANG,SAD,-1,1,1,1,,data\preprocessed\features\z_at\FAKE_T3_1045_MTI_SAD_XX__AUDIO_1045_MTI_ANG_XX_sadtalker.pt,data\preprocessed\features\z_v\FAKE_T3_1045_MTI_SAD_XX__AUDIO_1045_MTI_ANG_XX_sadtalker.pt
FAKE_T3_1045_TAI_ANG_XX__AUDIO_1045_TAI_DIS_XX_sadtalker,track3,1,crema_1045,DIS,ANG,-1,1,1,1,,data\preprocessed\features\z_at\FAKE_T3_1045_TAI_ANG_XX__AUDIO_1045_TAI_DIS_XX_sadtalker.pt,data\preprocessed\features\z_v\FAKE_T3_1045_TAI_ANG_XX__AUDIO_1045_TAI_DIS_XX_sadtalker.pt
FAKE_T3_1045_TAI_DIS_XX__AUDIO_1045_TAI_FEA_XX_sadtalker,track3,1,crema_1045,FEA,DIS,-1,1,1,1,,data\preprocessed\features\z_at\FAKE_T3_1045_TAI_DIS_XX__AUDIO_1045_TAI_FEA_XX_sadtalker.pt,data\preprocessed\features\z_v\FAKE_T3_1045_TAI_DIS_XX__AUDIO_1045_TAI_FEA_XX_sadtalker.pt
FAKE_T3_1045_TAI_NEU_XX__AUDIO_1045_TAI_SAD_XX_sadtalker,track3,1,crema_1045,SAD,NEU,-1,1,1,1,,data\preprocessed\features\z_at\FAKE_T3_1045_TAI_NEU_XX__AUDIO_1045_TAI_SAD_XX_sadtalker.pt,data\preprocessed\features\z_v\FAKE_T3_1045_TAI_NEU_XX__AUDIO_1045_TAI_SAD_XX_sadtalker.pt
FAKE_T3_1045_TAI_SAD_XX__AUDIO_1045_TAI_ANG_XX_sadtalker,track3,1,crema_1045,ANG,SAD,-1,1,1,1,,data\preprocessed\features\z_at\FAKE_T3_1045_TAI_SAD_XX__AUDIO_1045_TAI_ANG_XX_sadtalker.pt,data\preprocessed\features\z_v\FAKE_T3_1045_TAI_SAD_XX__AUDIO_1045_TAI_ANG_XX_sadtalker.pt
FAKE_T3_1045_TIE_ANG_XX__AUDIO_1045_TIE_DIS_XX_sadtalker,track3,1,crema_1045,DIS,ANG,-1,1,1,1,,data\preprocessed\features\z_at\FAKE_T3_1045_TIE_ANG_XX__AUDIO_1045_TIE_DIS_XX_sadtalker.pt,data\preprocessed\features\z_v\FAKE_T3_1045_TIE_ANG_XX__AUDIO_1045_TIE_DIS_XX_sadtalker.pt
FAKE_T3_1045_TIE_DIS_XX__AUDIO_1045_TIE_FEA_XX_sadtalker,track3,1,crema_1045,FEA,DIS,-1,1,1,1,,data\preprocessed\features\z_at\FAKE_T3_1045_TIE_DIS_XX__AUDIO_1045_TIE_FEA_XX_sadtalker.pt,data\preprocessed\features\z_v\FAKE_T3_1045_TIE_DIS_XX__AUDIO_1045_TIE_FEA_XX_sadtalker.pt
FAKE_T3_1045_TIE_FEA_XX__AUDIO_1045_TIE_HAP_XX_sadtalker,track3,1,crema_1045,HAP,FEA,-1,1,1,1,,data\preprocessed\features\z_at\FAKE_T3_1045_TIE_FEA_XX__AUDIO_1045_TIE_HAP_XX_sadtalker.pt,data\preprocessed\features\z_v\FAKE_T3_1045_TIE_FEA_XX__AUDIO_1045_TIE_HAP_XX_sadtalker.pt
FAKE_T3_1045_TIE_HAP_XX__AUDIO_1045_TIE_NEU_XX_sadtalker,track3,1,crema_1045,NEU,HAP,-1,1,1,1,,data\preprocessed\features\z_at\FAKE_T3_1045_TIE_HAP_XX__AUDIO_1045_TIE_NEU_XX_sadtalker.pt,data\preprocessed\features\z_v\FAKE_T3_1045_TIE_HAP_XX__AUDIO_1045_TIE_NEU_XX_sadtalker.pt
FAKE_T3_1045_TIE_NEU_XX__AUDIO_1045_TIE_SAD_XX_sadtalker,track3,1,crema_1045,SAD,NEU,-1,1,1,1,,data\preprocessed\features\z_at\FAKE_T3_1045_TIE_NEU_XX__AUDIO_1045_TIE_SAD_XX_sadtalker.pt,data\preprocessed\features\z_v\FAKE_T3_1045_TIE_NEU_XX__AUDIO_1045_TIE_SAD_XX_sadtalker.pt
FAKE_T3_1045_TSI_ANG_XX__AUDIO_1045_TSI_DIS_XX_sadtalker,track3,1,crema_1045,DIS,ANG,-1,1,1,1,,data\preprocessed\features\z_at\FAKE_T3_1045_TSI_ANG_XX__AUDIO_1045_TSI_DIS_XX_sadtalker.pt,data\preprocessed\features\z_v\FAKE_T3_1045_TSI_ANG_XX__AUDIO_1045_TSI_DIS_XX_sadtalker.pt
FAKE_T3_1045_TSI_FEA_XX__AUDIO_1045_TSI_HAP_XX_sadtalker,track3,1,crema_1045,HAP,FEA,-1,1,1,1,,data\preprocessed\features\z_at\FAKE_T3_1045_TSI_FEA_XX__AUDIO_1045_TSI_HAP_XX_sadtalker.pt,data\preprocessed\features\z_v\FAKE_T3_1045_TSI_FEA_XX__AUDIO_1045_TSI_HAP_XX_sadtalker.pt
FAKE_T3_1045_TSI_HAP_XX__AUDIO_1045_TSI_NEU_XX_sadtalker,track3,1,crema_1045,NEU,HAP,-1,1,1,1,,data\preprocessed\features\z_at\FAKE_T3_1045_TSI_HAP_XX__AUDIO_1045_TSI_NEU_XX_sadtalker.pt,data\preprocessed\features\z_v\FAKE_T3_1045_TSI_HAP_XX__AUDIO_1045_TSI_NEU_XX_sadtalker.pt
FAKE_T3_1045_TSI_NEU_XX__AUDIO_1045_TSI_SAD_XX_sadtalker,track3,1,crema_1045,SAD,NEU,-1,1,1,1,,data\preprocessed\features\z_at\FAKE_T3_1045_TSI_NEU_XX__AUDIO_1045_TSI_SAD_XX_sadtalker.pt,data\preprocessed\features\z_v\FAKE_T3_1045_TSI_NEU_XX__AUDIO_1045_TSI_SAD_XX_sadtalker.pt
FAKE_T3_1045_WSI_NEU_XX__AUDIO_1045_WSI_SAD_XX_sadtalker,track3,1,crema_1045,SAD,NEU,-1,1,1,1,,data\preprocessed\features\z_at\FAKE_T3_1045_WSI_NEU_XX__AUDIO_1045_WSI_SAD_XX_sadtalker.pt,data\preprocessed\features\z_v\FAKE_T3_1045_WSI_NEU_XX__AUDIO_1045_WSI_SAD_XX_sadtalker.pt
FAKE_T3_1047_DFA_DIS_XX__AUDIO_1047_DFA_FEA_XX_sadtalker,track3,1,crema_1047,FEA,DIS,-1,1,1,1,,data\preprocessed\features\z_at\FAKE_T3_1047_DFA_DIS_XX__AUDIO_1047_DFA_FEA_XX_sadtalker.pt,data\preprocessed\features\z_v\FAKE_T3_1047_DFA_DIS_XX__AUDIO_1047_DFA_FEA_XX_sadtalker.pt
FAKE_T3_1047_DFA_SAD_XX__AUDIO_1047_DFA_ANG_XX_sadtalker,track3,1,crema_1047,ANG,SAD,-1,1,1,1,,data\preprocessed\features\z_at\FAKE_T3_1047_DFA_SAD_XX__AUDIO_1047_DFA_ANG_XX_sadtalker.pt,data\preprocessed\features\z_v\FAKE_T3_1047_DFA_SAD_XX__AUDIO_1047_DFA_ANG_XX_sadtalker.pt
FAKE_T3_1047_IEO_ANG_MD__AUDIO_1047_IEO_DIS_MD_sadtalker,track3,1,crema_1047,DIS,ANG,-1,1,1,1,,data\preprocessed\features\z_at\FAKE_T3_1047_IEO_ANG_MD__AUDIO_1047_IEO_DIS_MD_sadtalker.pt,data\preprocessed\features\z_v\FAKE_T3_1047_IEO_ANG_MD__AUDIO_1047_IEO_DIS_MD_sadtalker.pt
FAKE_T3_1047_IEO_DIS_MD__AUDIO_1047_IEO_FEA_MD_sadtalker,track3,1,crema_1047,FEA,DIS,-1,1,1,1,,data\preprocessed\features\z_at\FAKE_T3_1047_IEO_DIS_MD__AUDIO_1047_IEO_FEA_MD_sadtalker.pt,data\preprocessed\features\z_v\FAKE_T3_1047_IEO_DIS_MD__AUDIO_1047_IEO_FEA_MD_sadtalker.pt
FAKE_T3_1047_IEO_FEA_HI__AUDIO_1047_IEO_HAP_HI_sadtalker,track3,1,crema_1047,HAP,FEA,-1,1,1,1,,data\preprocessed\features\z_at\FAKE_T3_1047_IEO_FEA_HI__AUDIO_1047_IEO_HAP_HI_sadtalker.pt,data\preprocessed\features\z_v\FAKE_T3_1047_IEO_FEA_HI__AUDIO_1047_IEO_HAP_HI_sadtalker.pt
FAKE_T3_1047_IEO_FEA_MD__AUDIO_1047_IEO_HAP_MD_sadtalker,track3,1,crema_1047,HAP,FEA,-1,1,1,1,,data\preprocessed\features\z_at\FAKE_T3_1047_IEO_FEA_MD__AUDIO_1047_IEO_HAP_MD_sadtalker.pt,data\preprocessed\features\z_v\FAKE_T3_1047_IEO_FEA_MD__AUDIO_1047_IEO_HAP_MD_sadtalker.pt
FAKE_T3_1047_IEO_HAP_MD__AUDIO_1047_IEO_NEU_XX_sadtalker,track3,1,crema_1047,NEU,HAP,-1,1,1,1,,data\preprocessed\features\z_at\FAKE_T3_1047_IEO_HAP_MD__AUDIO_1047_IEO_NEU_XX_sadtalker.pt,data\preprocessed\features\z_v\FAKE_T3_1047_IEO_HAP_MD__AUDIO_1047_IEO_NEU_XX_sadtalker.pt
FAKE_T3_1047_IEO_SAD_HI__AUDIO_1047_IEO_ANG_HI_sadtalker,track3,1,crema_1047,ANG,SAD,-1,1,1,1,,data\preprocessed\features\z_at\FAKE_T3_1047_IEO_SAD_HI__AUDIO_1047_IEO_ANG_HI_sadtalker.pt,data\preprocessed\features\z_v\FAKE_T3_1047_IEO_SAD_HI__AUDIO_1047_IEO_ANG_HI_sadtalker.pt
FAKE_T3_1047_IEO_SAD_LO__AUDIO_1047_IEO_ANG_LO_sadtalker,track3,1,crema_1047,ANG,SAD,-1,1,1,1,,data\preprocessed\features\z_at\FAKE_T3_1047_IEO_SAD_LO__AUDIO_1047_IEO_ANG_LO_sadtalker.pt,data\preprocessed\features\z_v\FAKE_T3_1047_IEO_SAD_LO__AUDIO_1047_IEO_ANG_LO_sadtalker.pt
FAKE_T3_1047_IOM_ANG_XX__AUDIO_1047_IOM_DIS_XX_sadtalker,track3,1,crema_1047,DIS,ANG,-1,1,1,1,,data\preprocessed\features\z_at\FAKE_T3_1047_IOM_ANG_XX__AUDIO_1047_IOM_DIS_XX_sadtalker.pt,data\preprocessed\features\z_v\FAKE_T3_1047_IOM_ANG_XX__AUDIO_1047_IOM_DIS_XX_sadtalker.pt
FAKE_T3_1047_IOM_FEA_XX__AUDIO_1047_IOM_HAP_XX_sadtalker,track3,1,crema_1047,HAP,FEA,-1,1,1,1,,data\preprocessed\features\z_at\FAKE_T3_1047_IOM_FEA_XX__AUDIO_1047_IOM_HAP_XX_sadtalker.pt,data\preprocessed\features\z_v\FAKE_T3_1047_IOM_FEA_XX__AUDIO_1047_IOM_HAP_XX_sadtalker.pt
FAKE_T3_1047_IOM_HAP_XX__AUDIO_1047_IOM_NEU_XX_sadtalker,track3,1,crema_1047,NEU,HAP,-1,1,1,1,,data\preprocessed\features\z_at\FAKE_T3_1047_IOM_HAP_XX__AUDIO_1047_IOM_NEU_XX_sadtalker.pt,data\preprocessed\features\z_v\FAKE_T3_1047_IOM_HAP_XX__AUDIO_1047_IOM_NEU_XX_sadtalker.pt
FAKE_T3_1047_IOM_NEU_XX__AUDIO_1047_IOM_SAD_XX_sadtalker,track3,1,crema_1047,SAD,NEU,-1,1,1,1,,data\preprocessed\features\z_at\FAKE_T3_1047_IOM_NEU_XX__AUDIO_1047_IOM_SAD_XX_sadtalker.pt,data\preprocessed\features\z_v\FAKE_T3_1047_IOM_NEU_XX__AUDIO_1047_IOM_SAD_XX_sadtalker.pt
FAKE_T3_1047_ITH_SAD_XX__AUDIO_1047_ITH_ANG_XX_sadtalker,track3,1,crema_1047,ANG,SAD,-1,1,1,1,,data\preprocessed\features\z_at\FAKE_T3_1047_ITH_SAD_XX__AUDIO_1047_ITH_ANG_XX_sadtalker.pt,data\preprocessed\features\z_v\FAKE_T3_1047_ITH_SAD_XX__AUDIO_1047_ITH_ANG_XX_sadtalker.pt
FAKE_T3_1047_ITS_ANG_XX__AUDIO_1047_ITS_DIS_XX_sadtalker,track3,1,crema_1047,DIS,ANG,-1,1,1,1,,data\preprocessed\features\z_at\FAKE_T3_1047_ITS_ANG_XX__AUDIO_1047_ITS_DIS_XX_sadtalker.pt,data\preprocessed\features\z_v\FAKE_T3_1047_ITS_ANG_XX__AUDIO_1047_ITS_DIS_XX_sadtalker.pt
FAKE_T3_1047_ITS_DIS_XX__AUDIO_1047_ITS_FEA_XX_sadtalker,track3,1,crema_1047,FEA,DIS,-1,1,1,1,,data\preprocessed\features\z_at\FAKE_T3_1047_ITS_DIS_XX__AUDIO_1047_ITS_FEA_XX_sadtalker.pt,data\preprocessed\features\z_v\FAKE_T3_1047_ITS_DIS_XX__AUDIO_1047_ITS_FEA_XX_sadtalker.pt
FAKE_T3_1047_ITS_HAP_XX__AUDIO_1047_ITS_NEU_XX_sadtalker,track3,1,crema_1047,NEU,HAP,-1,1,1,1,,data\preprocessed\features\z_at\FAKE_T3_1047_ITS_HAP_XX__AUDIO_1047_ITS_NEU_XX_sadtalker.pt,data\preprocessed\features\z_v\FAKE_T3_1047_ITS_HAP_XX__AUDIO_1047_ITS_NEU_XX_sadtalker.pt
FAKE_T3_1047_IWL_ANG_XX__AUDIO_1047_IWL_DIS_XX_sadtalker,track3,1,crema_1047,DIS,ANG,-1,1,1,1,,data\preprocessed\features\z_at\FAKE_T3_1047_IWL_ANG_XX__AUDIO_1047_IWL_DIS_XX_sadtalker.pt,data\preprocessed\features\z_v\FAKE_T3_1047_IWL_ANG_XX__AUDIO_1047_IWL_DIS_XX_sadtalker.pt
FAKE_T3_1047_IWL_DIS_XX__AUDIO_1047_IWL_FEA_XX_sadtalker,track3,1,crema_1047,FEA,DIS,-1,1,1,1,,data\preprocessed\features\z_at\FAKE_T3_1047_IWL_DIS_XX__AUDIO_1047_IWL_FEA_XX_sadtalker.pt,data\preprocessed\features\z_v\FAKE_T3_1047_IWL_DIS_XX__AUDIO_1047_IWL_FEA_XX_sadtalker.pt
FAKE_T3_1047_IWL_HAP_XX__AUDIO_1047_IWL_NEU_XX_sadtalker,track3,1,crema_1047,NEU,HAP,-1,1,1,1,,data\preprocessed\features\z_at\FAKE_T3_1047_IWL_HAP_XX__AUDIO_1047_IWL_NEU_XX_sadtalker.pt,data\preprocessed\features\z_v\FAKE_T3_1047_IWL_HAP_XX__AUDIO_1047_IWL_NEU_XX_sadtalker.pt
FAKE_T3_1047_IWL_NEU_XX__AUDIO_1047_IWL_SAD_XX_sadtalker,track3,1,crema_1047,SAD,NEU,-1,1,1,1,,data\preprocessed\features\z_at\FAKE_T3_1047_IWL_NEU_XX__AUDIO_1047_IWL_SAD_XX_sadtalker.pt,data\preprocessed\features\z_v\FAKE_T3_1047_IWL_NEU_XX__AUDIO_1047_IWL_SAD_XX_sadtalker.pt
FAKE_T3_1047_IWW_DIS_XX__AUDIO_1047_IWW_FEA_XX_sadtalker,track3,1,crema_1047,FEA,DIS,-1,1,1,1,,data\preprocessed\features\z_at\FAKE_T3_1047_IWW_DIS_XX__AUDIO_1047_IWW_FEA_XX_sadtalker.pt,data\preprocessed\features\z_v\FAKE_T3_1047_IWW_DIS_XX__AUDIO_1047_IWW_FEA_XX_sadtalker.pt
FAKE_T3_1047_IWW_FEA_XX__AUDIO_1047_IWW_HAP_XX_sadtalker,track3,1,crema_1047,HAP,FEA,-1,1,1,1,,data\preprocessed\features\z_at\FAKE_T3_1047_IWW_FEA_XX__AUDIO_1047_IWW_HAP_XX_sadtalker.pt,data\preprocessed\features\z_v\FAKE_T3_1047_IWW_FEA_XX__AUDIO_1047_IWW_HAP_XX_sadtalker.pt
FAKE_T3_1047_IWW_HAP_XX__AUDIO_1047_IWW_NEU_XX_sadtalker,track3,1,crema_1047,NEU,HAP,-1,1,1,1,,data\preprocessed\features\z_at\FAKE_T3_1047_IWW_HAP_XX__AUDIO_1047_IWW_NEU_XX_sadtalker.pt,data\preprocessed\features\z_v\FAKE_T3_1047_IWW_HAP_XX__AUDIO_1047_IWW_NEU_XX_sadtalker.pt
FAKE_T3_1047_IWW_NEU_XX__AUDIO_1047_IWW_SAD_XX_sadtalker,track3,1,crema_1047,SAD,NEU,-1,1,1,1,,data\preprocessed\features\z_at\FAKE_T3_1047_IWW_NEU_XX__AUDIO_1047_IWW_SAD_XX_sadtalker.pt,data\preprocessed\features\z_v\FAKE_T3_1047_IWW_NEU_XX__AUDIO_1047_IWW_SAD_XX_sadtalker.pt
FAKE_T3_1047_MTI_ANG_XX__AUDIO_1047_MTI_DIS_XX_sadtalker,track3,1,crema_1047,DIS,ANG,-1,1,1,1,,data\preprocessed\features\z_at\FAKE_T3_1047_MTI_ANG_XX__AUDIO_1047_MTI_DIS_XX_sadtalker.pt,data\preprocessed\features\z_v\FAKE_T3_1047_MTI_ANG_XX__AUDIO_1047_MTI_DIS_XX_sadtalker.pt
FAKE_T3_1047_MTI_NEU_XX__AUDIO_1047_MTI_SAD_XX_sadtalker,track3,1,crema_1047,SAD,NEU,-1,1,1,1,,data\preprocessed\features\z_at\FAKE_T3_1047_MTI_NEU_XX__AUDIO_1047_MTI_SAD_XX_sadtalker.pt,data\preprocessed\features\z_v\FAKE_T3_1047_MTI_NEU_XX__AUDIO_1047_MTI_SAD_XX_sadtalker.pt
FAKE_T3_1047_MTI_SAD_XX__AUDIO_1047_MTI_ANG_XX_sadtalker,track3,1,crema_1047,ANG,SAD,-1,1,1,1,,data\preprocessed\features\z_at\FAKE_T3_1047_MTI_SAD_XX__AUDIO_1047_MTI_ANG_XX_sadtalker.pt,data\preprocessed\features\z_v\FAKE_T3_1047_MTI_SAD_XX__AUDIO_1047_MTI_ANG_XX_sadtalker.pt
FAKE_T3_1047_TAI_DIS_XX__AUDIO_1047_TAI_FEA_XX_sadtalker,track3,1,crema_1047,FEA,DIS,-1,1,1,1,,data\preprocessed\features\z_at\FAKE_T3_1047_TAI_DIS_XX__AUDIO_1047_TAI_FEA_XX_sadtalker.pt,data\preprocessed\features\z_v\FAKE_T3_1047_TAI_DIS_XX__AUDIO_1047_TAI_FEA_XX_sadtalker.pt
FAKE_T3_1047_TAI_FEA_XX__AUDIO_1047_TAI_HAP_XX_sadtalker,track3,1,crema_1047,HAP,FEA,-1,1,1,1,,data\preprocessed\features\z_at\FAKE_T3_1047_TAI_FEA_XX__AUDIO_1047_TAI_HAP_XX_sadtalker.pt,data\preprocessed\features\z_v\FAKE_T3_1047_TAI_FEA_XX__AUDIO_1047_TAI_HAP_XX_sadtalker.pt
FAKE_T3_1047_TAI_SAD_XX__AUDIO_1047_TAI_ANG_XX_sadtalker,track3,1,crema_1047,ANG,SAD,-1,1,1,1,,data\preprocessed\features\z_at\FAKE_T3_1047_TAI_SAD_XX__AUDIO_1047_TAI_ANG_XX_sadtalker.pt,data\preprocessed\features\z_v\FAKE_T3_1047_TAI_SAD_XX__AUDIO_1047_TAI_ANG_XX_sadtalker.pt
FAKE_T3_1047_TIE_NEU_XX__AUDIO_1047_TIE_SAD_XX_sadtalker,track3,1,crema_1047,SAD,NEU,-1,1,1,1,,data\preprocessed\features\z_at\FAKE_T3_1047_TIE_NEU_XX__AUDIO_1047_TIE_SAD_XX_sadtalker.pt,data\preprocessed\features\z_v\FAKE_T3_1047_TIE_NEU_XX__AUDIO_1047_TIE_SAD_XX_sadtalker.pt
FAKE_T3_1047_TIE_SAD_XX__AUDIO_1047_TIE_ANG_XX_sadtalker,track3,1,crema_1047,ANG,SAD,-1,1,1,1,,data\preprocessed\features\z_at\FAKE_T3_1047_TIE_SAD_XX__AUDIO_1047_TIE_ANG_XX_sadtalker.pt,data\preprocessed\features\z_v\FAKE_T3_1047_TIE_SAD_XX__AUDIO_1047_TIE_ANG_XX_sadtalker.pt
FAKE_T3_1047_TSI_ANG_XX__AUDIO_1047_TSI_DIS_XX_sadtalker,track3,1,crema_1047,DIS,ANG,-1,1,1,1,,data\preprocessed\features\z_at\FAKE_T3_1047_TSI_ANG_XX__AUDIO_1047_TSI_DIS_XX_sadtalker.pt,data\preprocessed\features\z_v\FAKE_T3_1047_TSI_ANG_XX__AUDIO_1047_TSI_DIS_XX_sadtalker.pt
FAKE_T3_1047_TSI_FEA_XX__AUDIO_1047_TSI_HAP_XX_sadtalker,track3,1,crema_1047,HAP,FEA,-1,1,1,1,,data\preprocessed\features\z_at\FAKE_T3_1047_TSI_FEA_XX__AUDIO_1047_TSI_HAP_XX_sadtalker.pt,data\preprocessed\features\z_v\FAKE_T3_1047_TSI_FEA_XX__AUDIO_1047_TSI_HAP_XX_sadtalker.pt
FAKE_T3_1047_TSI_HAP_XX__AUDIO_1047_TSI_NEU_XX_sadtalker,track3,1,crema_1047,NEU,HAP,-1,1,1,1,,data\preprocessed\features\z_at\FAKE_T3_1047_TSI_HAP_XX__AUDIO_1047_TSI_NEU_XX_sadtalker.pt,data\preprocessed\features\z_v\FAKE_T3_1047_TSI_HAP_XX__AUDIO_1047_TSI_NEU_XX_sadtalker.pt
FAKE_T3_1047_TSI_NEU_XX__AUDIO_1047_TSI_SAD_XX_sadtalker,track3,1,crema_1047,SAD,NEU,-1,1,1,1,,data\preprocessed\features\z_at\FAKE_T3_1047_TSI_NEU_XX__AUDIO_1047_TSI_SAD_XX_sadtalker.pt,data\preprocessed\features\z_v\FAKE_T3_1047_TSI_NEU_XX__AUDIO_1047_TSI_SAD_XX_sadtalker.pt
FAKE_T3_1047_TSI_SAD_XX__AUDIO_1047_TSI_ANG_XX_sadtalker,track3,1,crema_1047,ANG,SAD,-1,1,1,1,,data\preprocessed\features\z_at\FAKE_T3_1047_TSI_SAD_XX__AUDIO_1047_TSI_ANG_XX_sadtalker.pt,data\preprocessed\features\z_v\FAKE_T3_1047_TSI_SAD_XX__AUDIO_1047_TSI_ANG_XX_sadtalker.pt
FAKE_T3_1047_WSI_FEA_XX__AUDIO_1047_WSI_HAP_XX_sadtalker,track3,1,crema_1047,HAP,FEA,-1,1,1,1,,data\preprocessed\features\z_at\FAKE_T3_1047_WSI_FEA_XX__AUDIO_1047_WSI_HAP_XX_sadtalker.pt,data\preprocessed\features\z_v\FAKE_T3_1047_WSI_FEA_XX__AUDIO_1047_WSI_HAP_XX_sadtalker.pt
FAKE_T3_1047_WSI_HAP_XX__AUDIO_1047_WSI_NEU_XX_sadtalker,track3,1,crema_1047,NEU,HAP,-1,1,1,1,,data\preprocessed\features\z_at\FAKE_T3_1047_WSI_HAP_XX__AUDIO_1047_WSI_NEU_XX_sadtalker.pt,data\preprocessed\features\z_v\FAKE_T3_1047_WSI_HAP_XX__AUDIO_1047_WSI_NEU_XX_sadtalker.pt
FAKE_T3_1047_WSI_NEU_XX__AUDIO_1047_WSI_SAD_XX_sadtalker,track3,1,crema_1047,SAD,NEU,-1,1,1,1,,data\preprocessed\features\z_at\FAKE_T3_1047_WSI_NEU_XX__AUDIO_1047_WSI_SAD_XX_sadtalker.pt,data\preprocessed\features\z_v\FAKE_T3_1047_WSI_NEU_XX__AUDIO_1047_WSI_SAD_XX_sadtalker.pt
FAKE_T3_1049_DFA_DIS_XX__AUDIO_1049_DFA_FEA_XX_sadtalker,track3,1,crema_1049,FEA,DIS,-1,1,1,1,,data\preprocessed\features\z_at\FAKE_T3_1049_DFA_DIS_XX__AUDIO_1049_DFA_FEA_XX_sadtalker.pt,data\preprocessed\features\z_v\FAKE_T3_1049_DFA_DIS_XX__AUDIO_1049_DFA_FEA_XX_sadtalker.pt
FAKE_T3_1049_DFA_HAP_XX__AUDIO_1049_DFA_NEU_XX_sadtalker,track3,1,crema_1049,NEU,HAP,-1,1,1,1,,data\preprocessed\features\z_at\FAKE_T3_1049_DFA_HAP_XX__AUDIO_1049_DFA_NEU_XX_sadtalker.pt,data\preprocessed\features\z_v\FAKE_T3_1049_DFA_HAP_XX__AUDIO_1049_DFA_NEU_XX_sadtalker.pt
FAKE_T3_1049_IEO_ANG_HI__AUDIO_1049_IEO_DIS_HI_sadtalker,track3,1,crema_1049,DIS,ANG,-1,1,1,1,,data\preprocessed\features\z_at\FAKE_T3_1049_IEO_ANG_HI__AUDIO_1049_IEO_DIS_HI_sadtalker.pt,data\preprocessed\features\z_v\FAKE_T3_1049_IEO_ANG_HI__AUDIO_1049_IEO_DIS_HI_sadtalker.pt
FAKE_T3_1049_IEO_ANG_MD__AUDIO_1049_IEO_DIS_MD_sadtalker,track3,1,crema_1049,DIS,ANG,-1,1,1,1,,data\preprocessed\features\z_at\FAKE_T3_1049_IEO_ANG_MD__AUDIO_1049_IEO_DIS_MD_sadtalker.pt,data\preprocessed\features\z_v\FAKE_T3_1049_IEO_ANG_MD__AUDIO_1049_IEO_DIS_MD_sadtalker.pt
FAKE_T3_1049_IEO_DIS_MD__AUDIO_1049_IEO_FEA_MD_sadtalker,track3,1,crema_1049,FEA,DIS,-1,1,1,1,,data\preprocessed\features\z_at\FAKE_T3_1049_IEO_DIS_MD__AUDIO_1049_IEO_FEA_MD_sadtalker.pt,data\preprocessed\features\z_v\FAKE_T3_1049_IEO_DIS_MD__AUDIO_1049_IEO_FEA_MD_sadtalker.pt
FAKE_T3_1049_IEO_FEA_HI__AUDIO_1049_IEO_HAP_HI_sadtalker,track3,1,crema_1049,HAP,FEA,-1,1,1,1,,data\preprocessed\features\z_at\FAKE_T3_1049_IEO_FEA_HI__AUDIO_1049_IEO_HAP_HI_sadtalker.pt,data\preprocessed\features\z_v\FAKE_T3_1049_IEO_FEA_HI__AUDIO_1049_IEO_HAP_HI_sadtalker.pt
FAKE_T3_1049_IEO_FEA_LO__AUDIO_1049_IEO_HAP_LO_sadtalker,track3,1,crema_1049,HAP,FEA,-1,1,1,1,,data\preprocessed\features\z_at\FAKE_T3_1049_IEO_FEA_LO__AUDIO_1049_IEO_HAP_LO_sadtalker.pt,data\preprocessed\features\z_v\FAKE_T3_1049_IEO_FEA_LO__AUDIO_1049_IEO_HAP_LO_sadtalker.pt
FAKE_T3_1049_IEO_FEA_MD__AUDIO_1049_IEO_HAP_MD_sadtalker,track3,1,crema_1049,HAP,FEA,-1,1,1,1,,data\preprocessed\features\z_at\FAKE_T3_1049_IEO_FEA_MD__AUDIO_1049_IEO_HAP_MD_sadtalker.pt,data\preprocessed\features\z_v\FAKE_T3_1049_IEO_FEA_MD__AUDIO_1049_IEO_HAP_MD_sadtalker.pt
FAKE_T3_1049_IEO_HAP_MD__AUDIO_1049_IEO_NEU_XX_sadtalker,track3,1,crema_1049,NEU,HAP,-1,1,1,1,,data\preprocessed\features\z_at\FAKE_T3_1049_IEO_HAP_MD__AUDIO_1049_IEO_NEU_XX_sadtalker.pt,data\preprocessed\features\z_v\FAKE_T3_1049_IEO_HAP_MD__AUDIO_1049_IEO_NEU_XX_sadtalker.pt
FAKE_T3_1049_IEO_SAD_HI__AUDIO_1049_IEO_ANG_HI_sadtalker,track3,1,crema_1049,ANG,SAD,-1,1,1,1,,data\preprocessed\features\z_at\FAKE_T3_1049_IEO_SAD_HI__AUDIO_1049_IEO_ANG_HI_sadtalker.pt,data\preprocessed\features\z_v\FAKE_T3_1049_IEO_SAD_HI__AUDIO_1049_IEO_ANG_HI_sadtalker.pt
FAKE_T3_1049_IEO_SAD_LO__AUDIO_1049_IEO_ANG_LO_sadtalker,track3,1,crema_1049,ANG,SAD,-1,1,1,1,,data\preprocessed\features\z_at\FAKE_T3_1049_IEO_SAD_LO__AUDIO_1049_IEO_ANG_LO_sadtalker.pt,data\preprocessed\features\z_v\FAKE_T3_1049_IEO_SAD_LO__AUDIO_1049_IEO_ANG_LO_sadtalker.pt
FAKE_T3_1049_IEO_SAD_MD__AUDIO_1049_IEO_ANG_MD_sadtalker,track3,1,crema_1049,ANG,SAD,-1,1,1,1,,data\preprocessed\features\z_at\FAKE_T3_1049_IEO_SAD_MD__AUDIO_1049_IEO_ANG_MD_sadtalker.pt,data\preprocessed\features\z_v\FAKE_T3_1049_IEO_SAD_MD__AUDIO_1049_IEO_ANG_MD_sadtalker.pt
FAKE_T3_1049_IOM_ANG_XX__AUDIO_1049_IOM_DIS_XX_sadtalker,track3,1,crema_1049,DIS,ANG,-1,1,1,1,,data\preprocessed\features\z_at\FAKE_T3_1049_IOM_ANG_XX__AUDIO_1049_IOM_DIS_XX_sadtalker.pt,data\preprocessed\features\z_v\FAKE_T3_1049_IOM_ANG_XX__AUDIO_1049_IOM_DIS_XX_sadtalker.pt
FAKE_T3_1049_IOM_DIS_XX__AUDIO_1049_IOM_FEA_XX_sadtalker,track3,1,crema_1049,FEA,DIS,-1,1,1,1,,data\preprocessed\features\z_at\FAKE_T3_1049_IOM_DIS_XX__AUDIO_1049_IOM_FEA_XX_sadtalker.pt,data\preprocessed\features\z_v\FAKE_T3_1049_IOM_DIS_XX__AUDIO_1049_IOM_FEA_XX_sadtalker.pt
FAKE_T3_1049_IOM_FEA_XX__AUDIO_1049_IOM_HAP_XX_sadtalker,track3,1,crema_1049,HAP,FEA,-1,1,1,1,,data\preprocessed\features\z_at\FAKE_T3_1049_IOM_FEA_XX__AUDIO_1049_IOM_HAP_XX_sadtalker.pt,data\preprocessed\features\z_v\FAKE_T3_1049_IOM_FEA_XX__AUDIO_1049_IOM_HAP_XX_sadtalker.pt
FAKE_T3_1049_IOM_NEU_XX__AUDIO_1049_IOM_SAD_XX_sadtalker,track3,1,crema_1049,SAD,NEU,-1,1,1,1,,data\preprocessed\features\z_at\FAKE_T3_1049_IOM_NEU_XX__AUDIO_1049_IOM_SAD_XX_sadtalker.pt,data\preprocessed\features\z_v\FAKE_T3_1049_IOM_NEU_XX__AUDIO_1049_IOM_SAD_XX_sadtalker.pt
FAKE_T3_1049_ITH_DIS_XX__AUDIO_1049_ITH_FEA_XX_sadtalker,track3,1,crema_1049,FEA,DIS,-1,1,1,1,,data\preprocessed\features\z_at\FAKE_T3_1049_ITH_DIS_XX__AUDIO_1049_ITH_FEA_XX_sadtalker.pt,data\preprocessed\features\z_v\FAKE_T3_1049_ITH_DIS_XX__AUDIO_1049_ITH_FEA_XX_sadtalker.pt
FAKE_T3_1049_ITH_HAP_XX__AUDIO_1049_ITH_NEU_XX_sadtalker,track3,1,crema_1049,NEU,HAP,-1,1,1,1,,data\preprocessed\features\z_at\FAKE_T3_1049_ITH_HAP_XX__AUDIO_1049_ITH_NEU_XX_sadtalker.pt,data\preprocessed\features\z_v\FAKE_T3_1049_ITH_HAP_XX__AUDIO_1049_ITH_NEU_XX_sadtalker.pt
FAKE_T3_1049_ITS_ANG_XX__AUDIO_1049_ITS_DIS_XX_sadtalker,track3,1,crema_1049,DIS,ANG,-1,1,1,1,,data\preprocessed\features\z_at\FAKE_T3_1049_ITS_ANG_XX__AUDIO_1049_ITS_DIS_XX_sadtalker.pt,data\preprocessed\features\z_v\FAKE_T3_1049_ITS_ANG_XX__AUDIO_1049_ITS_DIS_XX_sadtalker.pt
FAKE_T3_1049_ITS_DIS_XX__AUDIO_1049_ITS_FEA_XX_sadtalker,track3,1,crema_1049,FEA,DIS,-1,1,1,1,,data\preprocessed\features\z_at\FAKE_T3_1049_ITS_DIS_XX__AUDIO_1049_ITS_FEA_XX_sadtalker.pt,data\preprocessed\features\z_v\FAKE_T3_1049_ITS_DIS_XX__AUDIO_1049_ITS_FEA_XX_sadtalker.pt
FAKE_T3_1049_ITS_FEA_XX__AUDIO_1049_ITS_HAP_XX_sadtalker,track3,1,crema_1049,HAP,FEA,-1,1,1,1,,data\preprocessed\features\z_at\FAKE_T3_1049_ITS_FEA_XX__AUDIO_1049_ITS_HAP_XX_sadtalker.pt,data\preprocessed\features\z_v\FAKE_T3_1049_ITS_FEA_XX__AUDIO_1049_ITS_HAP_XX_sadtalker.pt
FAKE_T3_1049_ITS_HAP_XX__AUDIO_1049_ITS_NEU_XX_sadtalker,track3,1,crema_1049,NEU,HAP,-1,1,1,1,,data\preprocessed\features\z_at\FAKE_T3_1049_ITS_HAP_XX__AUDIO_1049_ITS_NEU_XX_sadtalker.pt,data\preprocessed\features\z_v\FAKE_T3_1049_ITS_HAP_XX__AUDIO_1049_ITS_NEU_XX_sadtalker.pt
FAKE_T3_1049_ITS_NEU_XX__AUDIO_1049_ITS_SAD_XX_sadtalker,track3,1,crema_1049,SAD,NEU,-1,1,1,1,,data\preprocessed\features\z_at\FAKE_T3_1049_ITS_NEU_XX__AUDIO_1049_ITS_SAD_XX_sadtalker.pt,data\preprocessed\features\z_v\FAKE_T3_1049_ITS_NEU_XX__AUDIO_1049_ITS_SAD_XX_sadtalker.pt
FAKE_T3_1049_ITS_SAD_XX__AUDIO_1049_ITS_ANG_XX_sadtalker,track3,1,crema_1049,ANG,SAD,-1,1,1,1,,data\preprocessed\features\z_at\FAKE_T3_1049_ITS_SAD_XX__AUDIO_1049_ITS_ANG_XX_sadtalker.pt,data\preprocessed\features\z_v\FAKE_T3_1049_ITS_SAD_XX__AUDIO_1049_ITS_ANG_XX_sadtalker.pt
FAKE_T3_1049_IWL_NEU_XX__AUDIO_1049_IWL_SAD_XX_sadtalker,track3,1,crema_1049,SAD,NEU,-1,1,1,1,,data\preprocessed\features\z_at\FAKE_T3_1049_IWL_NEU_XX__AUDIO_1049_IWL_SAD_XX_sadtalker.pt,data\preprocessed\features\z_v\FAKE_T3_1049_IWL_NEU_XX__AUDIO_1049_IWL_SAD_XX_sadtalker.pt
FAKE_T3_1049_IWW_FEA_XX__AUDIO_1049_IWW_HAP_XX_sadtalker,track3,1,crema_1049,HAP,FEA,-1,1,1,1,,data\preprocessed\features\z_at\FAKE_T3_1049_IWW_FEA_XX__AUDIO_1049_IWW_HAP_XX_sadtalker.pt,data\preprocessed\features\z_v\FAKE_T3_1049_IWW_FEA_XX__AUDIO_1049_IWW_HAP_XX_sadtalker.pt
FAKE_T3_1049_IWW_NEU_XX__AUDIO_1049_IWW_SAD_XX_sadtalker,track3,1,crema_1049,SAD,NEU,-1,1,1,1,,data\preprocessed\features\z_at\FAKE_T3_1049_IWW_NEU_XX__AUDIO_1049_IWW_SAD_XX_sadtalker.pt,data\preprocessed\features\z_v\FAKE_T3_1049_IWW_NEU_XX__AUDIO_1049_IWW_SAD_XX_sadtalker.pt
FAKE_T3_1049_MTI_ANG_XX__AUDIO_1049_MTI_DIS_XX_sadtalker,track3,1,crema_1049,DIS,ANG,-1,1,1,1,,data\preprocessed\features\z_at\FAKE_T3_1049_MTI_ANG_XX__AUDIO_1049_MTI_DIS_XX_sadtalker.pt,data\preprocessed\features\z_v\FAKE_T3_1049_MTI_ANG_XX__AUDIO_1049_MTI_DIS_XX_sadtalker.pt
FAKE_T3_1049_MTI_HAP_XX__AUDIO_1049_MTI_NEU_XX_sadtalker,track3,1,crema_1049,NEU,HAP,-1,1,1,1,,data\preprocessed\features\z_at\FAKE_T3_1049_MTI_HAP_XX__AUDIO_1049_MTI_NEU_XX_sadtalker.pt,data\preprocessed\features\z_v\FAKE_T3_1049_MTI_HAP_XX__AUDIO_1049_MTI_NEU_XX_sadtalker.pt
FAKE_T3_1049_TAI_DIS_XX__AUDIO_1049_TAI_FEA_XX_sadtalker,track3,1,crema_1049,FEA,DIS,-1,1,1,1,,data\preprocessed\features\z_at\FAKE_T3_1049_TAI_DIS_XX__AUDIO_1049_TAI_FEA_XX_sadtalker.pt,data\preprocessed\features\z_v\FAKE_T3_1049_TAI_DIS_XX__AUDIO_1049_TAI_FEA_XX_sadtalker.pt
FAKE_T3_1049_TAI_NEU_XX__AUDIO_1049_TAI_SAD_XX_sadtalker,track3,1,crema_1049,SAD,NEU,-1,1,1,1,,data\preprocessed\features\z_at\FAKE_T3_1049_TAI_NEU_XX__AUDIO_1049_TAI_SAD_XX_sadtalker.pt,data\preprocessed\features\z_v\FAKE_T3_1049_TAI_NEU_XX__AUDIO_1049_TAI_SAD_XX_sadtalker.pt
FAKE_T3_1049_TAI_SAD_XX__AUDIO_1049_TAI_ANG_XX_sadtalker,track3,1,crema_1049,ANG,SAD,-1,1,1,1,,data\preprocessed\features\z_at\FAKE_T3_1049_TAI_SAD_XX__AUDIO_1049_TAI_ANG_XX_sadtalker.pt,data\preprocessed\features\z_v\FAKE_T3_1049_TAI_SAD_XX__AUDIO_1049_TAI_ANG_XX_sadtalker.pt
FAKE_T3_1049_TIE_DIS_XX__AUDIO_1049_TIE_FEA_XX_sadtalker,track3,1,crema_1049,FEA,DIS,-1,1,1,1,,data\preprocessed\features\z_at\FAKE_T3_1049_TIE_DIS_XX__AUDIO_1049_TIE_FEA_XX_sadtalker.pt,data\preprocessed\features\z_v\FAKE_T3_1049_TIE_DIS_XX__AUDIO_1049_TIE_FEA_XX_sadtalker.pt
FAKE_T3_1049_TIE_FEA_XX__AUDIO_1049_TIE_HAP_XX_sadtalker,track3,1,crema_1049,HAP,FEA,-1,1,1,1,,data\preprocessed\features\z_at\FAKE_T3_1049_TIE_FEA_XX__AUDIO_1049_TIE_HAP_XX_sadtalker.pt,data\preprocessed\features\z_v\FAKE_T3_1049_TIE_FEA_XX__AUDIO_1049_TIE_HAP_XX_sadtalker.pt
FAKE_T3_1049_TIE_NEU_XX__AUDIO_1049_TIE_SAD_XX_sadtalker,track3,1,crema_1049,SAD,NEU,-1,1,1,1,,data\preprocessed\features\z_at\FAKE_T3_1049_TIE_NEU_XX__AUDIO_1049_TIE_SAD_XX_sadtalker.pt,data\preprocessed\features\z_v\FAKE_T3_1049_TIE_NEU_XX__AUDIO_1049_TIE_SAD_XX_sadtalker.pt
FAKE_T3_1049_TIE_SAD_XX__AUDIO_1049_TIE_ANG_XX_sadtalker,track3,1,crema_1049,ANG,SAD,-1,1,1,1,,data\preprocessed\features\z_at\FAKE_T3_1049_TIE_SAD_XX__AUDIO_1049_TIE_ANG_XX_sadtalker.pt,data\preprocessed\features\z_v\FAKE_T3_1049_TIE_SAD_XX__AUDIO_1049_TIE_ANG_XX_sadtalker.pt
FAKE_T3_1049_TSI_HAP_XX__AUDIO_1049_TSI_NEU_XX_sadtalker,track3,1,crema_1049,NEU,HAP,-1,1,1,1,,data\preprocessed\features\z_at\FAKE_T3_1049_TSI_HAP_XX__AUDIO_1049_TSI_NEU_XX_sadtalker.pt,data\preprocessed\features\z_v\FAKE_T3_1049_TSI_HAP_XX__AUDIO_1049_TSI_NEU_XX_sadtalker.pt
FAKE_T3_1049_TSI_NEU_XX__AUDIO_1049_TSI_SAD_XX_sadtalker,track3,1,crema_1049,SAD,NEU,-1,1,1,1,,data\preprocessed\features\z_at\FAKE_T3_1049_TSI_NEU_XX__AUDIO_1049_TSI_SAD_XX_sadtalker.pt,data\preprocessed\features\z_v\FAKE_T3_1049_TSI_NEU_XX__AUDIO_1049_TSI_SAD_XX_sadtalker.pt
FAKE_T3_1049_WSI_DIS_XX__AUDIO_1049_WSI_FEA_XX_sadtalker,track3,1,crema_1049,FEA,DIS,-1,1,1,1,,data\preprocessed\features\z_at\FAKE_T3_1049_WSI_DIS_XX__AUDIO_1049_WSI_FEA_XX_sadtalker.pt,data\preprocessed\features\z_v\FAKE_T3_1049_WSI_DIS_XX__AUDIO_1049_WSI_FEA_XX_sadtalker.pt
FAKE_T3_1049_WSI_FEA_XX__AUDIO_1049_WSI_HAP_XX_sadtalker,track3,1,crema_1049,HAP,FEA,-1,1,1,1,,data\preprocessed\features\z_at\FAKE_T3_1049_WSI_FEA_XX__AUDIO_1049_WSI_HAP_XX_sadtalker.pt,data\preprocessed\features\z_v\FAKE_T3_1049_WSI_FEA_XX__AUDIO_1049_WSI_HAP_XX_sadtalker.pt
FAKE_T3_1049_WSI_NEU_XX__AUDIO_1049_WSI_SAD_XX_sadtalker,track3,1,crema_1049,SAD,NEU,-1,1,1,1,,data\preprocessed\features\z_at\FAKE_T3_1049_WSI_NEU_XX__AUDIO_1049_WSI_SAD_XX_sadtalker.pt,data\preprocessed\features\z_v\FAKE_T3_1049_WSI_NEU_XX__AUDIO_1049_WSI_SAD_XX_sadtalker.pt
FAKE_T3_1050_DFA_ANG_XX__AUDIO_1050_DFA_DIS_XX_sadtalker,track3,1,crema_1050,DIS,ANG,-1,1,1,1,,data\preprocessed\features\z_at\FAKE_T3_1050_DFA_ANG_XX__AUDIO_1050_DFA_DIS_XX_sadtalker.pt,data\preprocessed\features\z_v\FAKE_T3_1050_DFA_ANG_XX__AUDIO_1050_DFA_DIS_XX_sadtalker.pt
FAKE_T3_1050_DFA_NEU_XX__AUDIO_1050_DFA_SAD_XX_sadtalker,track3,1,crema_1050,SAD,NEU,-1,1,1,1,,data\preprocessed\features\z_at\FAKE_T3_1050_DFA_NEU_XX__AUDIO_1050_DFA_SAD_XX_sadtalker.pt,data\preprocessed\features\z_v\FAKE_T3_1050_DFA_NEU_XX__AUDIO_1050_DFA_SAD_XX_sadtalker.pt
FAKE_T3_1050_DFA_SAD_XX__AUDIO_1050_DFA_ANG_XX_sadtalker,track3,1,crema_1050,ANG,SAD,-1,1,1,1,,data\preprocessed\features\z_at\FAKE_T3_1050_DFA_SAD_XX__AUDIO_1050_DFA_ANG_XX_sadtalker.pt,data\preprocessed\features\z_v\FAKE_T3_1050_DFA_SAD_XX__AUDIO_1050_DFA_ANG_XX_sadtalker.pt
FAKE_T3_1050_IEO_ANG_HI__AUDIO_1050_IEO_DIS_HI_sadtalker,track3,1,crema_1050,DIS,ANG,-1,1,1,1,,data\preprocessed\features\z_at\FAKE_T3_1050_IEO_ANG_HI__AUDIO_1050_IEO_DIS_HI_sadtalker.pt,data\preprocessed\features\z_v\FAKE_T3_1050_IEO_ANG_HI__AUDIO_1050_IEO_DIS_HI_sadtalker.pt
FAKE_T3_1050_IEO_FEA_LO__AUDIO_1050_IEO_HAP_LO_sadtalker,track3,1,crema_1050,HAP,FEA,-1,1,1,1,,data\preprocessed\features\z_at\FAKE_T3_1050_IEO_FEA_LO__AUDIO_1050_IEO_HAP_LO_sadtalker.pt,data\preprocessed\features\z_v\FAKE_T3_1050_IEO_FEA_LO__AUDIO_1050_IEO_HAP_LO_sadtalker.pt
FAKE_T3_1050_IEO_SAD_HI__AUDIO_1050_IEO_ANG_HI_sadtalker,track3,1,crema_1050,ANG,SAD,-1,1,1,1,,data\preprocessed\features\z_at\FAKE_T3_1050_IEO_SAD_HI__AUDIO_1050_IEO_ANG_HI_sadtalker.pt,data\preprocessed\features\z_v\FAKE_T3_1050_IEO_SAD_HI__AUDIO_1050_IEO_ANG_HI_sadtalker.pt
FAKE_T3_1050_IEO_SAD_LO__AUDIO_1050_IEO_ANG_LO_sadtalker,track3,1,crema_1050,ANG,SAD,-1,1,1,1,,data\preprocessed\features\z_at\FAKE_T3_1050_IEO_SAD_LO__AUDIO_1050_IEO_ANG_LO_sadtalker.pt,data\preprocessed\features\z_v\FAKE_T3_1050_IEO_SAD_LO__AUDIO_1050_IEO_ANG_LO_sadtalker.pt
FAKE_T3_1050_IEO_SAD_MD__AUDIO_1050_IEO_ANG_MD_sadtalker,track3,1,crema_1050,ANG,SAD,-1,1,1,1,,data\preprocessed\features\z_at\FAKE_T3_1050_IEO_SAD_MD__AUDIO_1050_IEO_ANG_MD_sadtalker.pt,data\preprocessed\features\z_v\FAKE_T3_1050_IEO_SAD_MD__AUDIO_1050_IEO_ANG_MD_sadtalker.pt
FAKE_T3_1050_IOM_ANG_XX__AUDIO_1050_IOM_DIS_XX_sadtalker,track3,1,crema_1050,DIS,ANG,-1,1,1,1,,data\preprocessed\features\z_at\FAKE_T3_1050_IOM_ANG_XX__AUDIO_1050_IOM_DIS_XX_sadtalker.pt,data\preprocessed\features\z_v\FAKE_T3_1050_IOM_ANG_XX__AUDIO_1050_IOM_DIS_XX_sadtalker.pt
FAKE_T3_1050_IOM_DIS_XX__AUDIO_1050_IOM_FEA_XX_sadtalker,track3,1,crema_1050,FEA,DIS,-1,1,1,1,,data\preprocessed\features\z_at\FAKE_T3_1050_IOM_DIS_XX__AUDIO_1050_IOM_FEA_XX_sadtalker.pt,data\preprocessed\features\z_v\FAKE_T3_1050_IOM_DIS_XX__AUDIO_1050_IOM_FEA_XX_sadtalker.pt
FAKE_T3_1050_IOM_FEA_XX__AUDIO_1050_IOM_HAP_XX_sadtalker,track3,1,crema_1050,HAP,FEA,-1,1,1,1,,data\preprocessed\features\z_at\FAKE_T3_1050_IOM_FEA_XX__AUDIO_1050_IOM_HAP_XX_sadtalker.pt,data\preprocessed\features\z_v\FAKE_T3_1050_IOM_FEA_XX__AUDIO_1050_IOM_HAP_XX_sadtalker.pt
FAKE_T3_1050_IOM_HAP_XX__AUDIO_1050_IOM_NEU_XX_sadtalker,track3,1,crema_1050,NEU,HAP,-1,1,1,1,,data\preprocessed\features\z_at\FAKE_T3_1050_IOM_HAP_XX__AUDIO_1050_IOM_NEU_XX_sadtalker.pt,data\preprocessed\features\z_v\FAKE_T3_1050_IOM_HAP_XX__AUDIO_1050_IOM_NEU_XX_sadtalker.pt
FAKE_T3_1050_IOM_NEU_XX__AUDIO_1050_IOM_SAD_XX_sadtalker,track3,1,crema_1050,SAD,NEU,-1,1,1,1,,data\preprocessed\features\z_at\FAKE_T3_1050_IOM_NEU_XX__AUDIO_1050_IOM_SAD_XX_sadtalker.pt,data\preprocessed\features\z_v\FAKE_T3_1050_IOM_NEU_XX__AUDIO_1050_IOM_SAD_XX_sadtalker.pt
FAKE_T3_1050_IOM_SAD_XX__AUDIO_1050_IOM_ANG_XX_sadtalker,track3,1,crema_1050,ANG,SAD,-1,1,1,1,,data\preprocessed\features\z_at\FAKE_T3_1050_IOM_SAD_XX__AUDIO_1050_IOM_ANG_XX_sadtalker.pt,data\preprocessed\features\z_v\FAKE_T3_1050_IOM_SAD_XX__AUDIO_1050_IOM_ANG_XX_sadtalker.pt
FAKE_T3_1050_ITH_HAP_XX__AUDIO_1050_ITH_NEU_XX_sadtalker,track3,1,crema_1050,NEU,HAP,-1,1,1,1,,data\preprocessed\features\z_at\FAKE_T3_1050_ITH_HAP_XX__AUDIO_1050_ITH_NEU_XX_sadtalker.pt,data\preprocessed\features\z_v\FAKE_T3_1050_ITH_HAP_XX__AUDIO_1050_ITH_NEU_XX_sadtalker.pt
FAKE_T3_1050_ITS_ANG_XX__AUDIO_1050_ITS_DIS_XX_sadtalker,track3,1,crema_1050,DIS,ANG,-1,1,1,1,,data\preprocessed\features\z_at\FAKE_T3_1050_ITS_ANG_XX__AUDIO_1050_ITS_DIS_XX_sadtalker.pt,data\preprocessed\features\z_v\FAKE_T3_1050_ITS_ANG_XX__AUDIO_1050_ITS_DIS_XX_sadtalker.pt
FAKE_T3_1050_ITS_FEA_XX__AUDIO_1050_ITS_HAP_XX_sadtalker,track3,1,crema_1050,HAP,FEA,-1,1,1,1,,data\preprocessed\features\z_at\FAKE_T3_1050_ITS_FEA_XX__AUDIO_1050_ITS_HAP_XX_sadtalker.pt,data\preprocessed\features\z_v\FAKE_T3_1050_ITS_FEA_XX__AUDIO_1050_ITS_HAP_XX_sadtalker.pt
FAKE_T3_1050_ITS_HAP_XX__AUDIO_1050_ITS_NEU_XX_sadtalker,track3,1,crema_1050,NEU,HAP,-1,1,1,1,,data\preprocessed\features\z_at\FAKE_T3_1050_ITS_HAP_XX__AUDIO_1050_ITS_NEU_XX_sadtalker.pt,data\preprocessed\features\z_v\FAKE_T3_1050_ITS_HAP_XX__AUDIO_1050_ITS_NEU_XX_sadtalker.pt
FAKE_T3_1050_ITS_SAD_XX__AUDIO_1050_ITS_ANG_XX_sadtalker,track3,1,crema_1050,ANG,SAD,-1,1,1,1,,data\preprocessed\features\z_at\FAKE_T3_1050_ITS_SAD_XX__AUDIO_1050_ITS_ANG_XX_sadtalker.pt,data\preprocessed\features\z_v\FAKE_T3_1050_ITS_SAD_XX__AUDIO_1050_ITS_ANG_XX_sadtalker.pt
FAKE_T3_1050_IWL_FEA_XX__AUDIO_1050_IWL_HAP_XX_sadtalker,track3,1,crema_1050,HAP,FEA,-1,1,1,1,,data\preprocessed\features\z_at\FAKE_T3_1050_IWL_FEA_XX__AUDIO_1050_IWL_HAP_XX_sadtalker.pt,data\preprocessed\features\z_v\FAKE_T3_1050_IWL_FEA_XX__AUDIO_1050_IWL_HAP_XX_sadtalker.pt
FAKE_T3_1050_IWL_HAP_XX__AUDIO_1050_IWL_NEU_XX_sadtalker,track3,1,crema_1050,NEU,HAP,-1,1,1,1,,data\preprocessed\features\z_at\FAKE_T3_1050_IWL_HAP_XX__AUDIO_1050_IWL_NEU_XX_sadtalker.pt,data\preprocessed\features\z_v\FAKE_T3_1050_IWL_HAP_XX__AUDIO_1050_IWL_NEU_XX_sadtalker.pt
FAKE_T3_1050_IWL_NEU_XX__AUDIO_1050_IWL_SAD_XX_sadtalker,track3,1,crema_1050,SAD,NEU,-1,1,1,1,,data\preprocessed\features\z_at\FAKE_T3_1050_IWL_NEU_XX__AUDIO_1050_IWL_SAD_XX_sadtalker.pt,data\preprocessed\features\z_v\FAKE_T3_1050_IWL_NEU_XX__AUDIO_1050_IWL_SAD_XX_sadtalker.pt
FAKE_T3_1050_IWW_HAP_XX__AUDIO_1050_IWW_NEU_XX_sadtalker,track3,1,crema_1050,NEU,HAP,-1,1,1,1,,data\preprocessed\features\z_at\FAKE_T3_1050_IWW_HAP_XX__AUDIO_1050_IWW_NEU_XX_sadtalker.pt,data\preprocessed\features\z_v\FAKE_T3_1050_IWW_HAP_XX__AUDIO_1050_IWW_NEU_XX_sadtalker.pt
FAKE_T3_1050_IWW_SAD_XX__AUDIO_1050_IWW_ANG_XX_sadtalker,track3,1,crema_1050,ANG,SAD,-1,1,1,1,,data\preprocessed\features\z_at\FAKE_T3_1050_IWW_SAD_XX__AUDIO_1050_IWW_ANG_XX_sadtalker.pt,data\preprocessed\features\z_v\FAKE_T3_1050_IWW_SAD_XX__AUDIO_1050_IWW_ANG_XX_sadtalker.pt
FAKE_T3_1050_MTI_ANG_XX__AUDIO_1050_MTI_DIS_XX_sadtalker,track3,1,crema_1050,DIS,ANG,-1,1,1,1,,data\preprocessed\features\z_at\FAKE_T3_1050_MTI_ANG_XX__AUDIO_1050_MTI_DIS_XX_sadtalker.pt,data\preprocessed\features\z_v\FAKE_T3_1050_MTI_ANG_XX__AUDIO_1050_MTI_DIS_XX_sadtalker.pt
FAKE_T3_1050_MTI_DIS_XX__AUDIO_1050_MTI_FEA_XX_sadtalker,track3,1,crema_1050,FEA,DIS,-1,1,1,1,,data\preprocessed\features\z_at\FAKE_T3_1050_MTI_DIS_XX__AUDIO_1050_MTI_FEA_XX_sadtalker.pt,data\preprocessed\features\z_v\FAKE_T3_1050_MTI_DIS_XX__AUDIO_1050_MTI_FEA_XX_sadtalker.pt
FAKE_T3_1050_MTI_SAD_XX__AUDIO_1050_MTI_ANG_XX_sadtalker,track3,1,crema_1050,ANG,SAD,-1,1,1,1,,data\preprocessed\features\z_at\FAKE_T3_1050_MTI_SAD_XX__AUDIO_1050_MTI_ANG_XX_sadtalker.pt,data\preprocessed\features\z_v\FAKE_T3_1050_MTI_SAD_XX__AUDIO_1050_MTI_ANG_XX_sadtalker.pt
FAKE_T3_1050_TAI_DIS_XX__AUDIO_1050_TAI_FEA_XX_sadtalker,track3,1,crema_1050,FEA,DIS,-1,1,1,1,,data\preprocessed\features\z_at\FAKE_T3_1050_TAI_DIS_XX__AUDIO_1050_TAI_FEA_XX_sadtalker.pt,data\preprocessed\features\z_v\FAKE_T3_1050_TAI_DIS_XX__AUDIO_1050_TAI_FEA_XX_sadtalker.pt
FAKE_T3_1050_TAI_FEA_XX__AUDIO_1050_TAI_HAP_XX_sadtalker,track3,1,crema_1050,HAP,FEA,-1,1,1,1,,data\preprocessed\features\z_at\FAKE_T3_1050_TAI_FEA_XX__AUDIO_1050_TAI_HAP_XX_sadtalker.pt,data\preprocessed\features\z_v\FAKE_T3_1050_TAI_FEA_XX__AUDIO_1050_TAI_HAP_XX_sadtalker.pt
FAKE_T3_1050_TAI_HAP_XX__AUDIO_1050_TAI_NEU_XX_sadtalker,track3,1,crema_1050,NEU,HAP,-1,1,1,1,,data\preprocessed\features\z_at\FAKE_T3_1050_TAI_HAP_XX__AUDIO_1050_TAI_NEU_XX_sadtalker.pt,data\preprocessed\features\z_v\FAKE_T3_1050_TAI_HAP_XX__AUDIO_1050_TAI_NEU_XX_sadtalker.pt
FAKE_T3_1050_TAI_SAD_XX__AUDIO_1050_TAI_ANG_XX_sadtalker,track3,1,crema_1050,ANG,SAD,-1,1,1,1,,data\preprocessed\features\z_at\FAKE_T3_1050_TAI_SAD_XX__AUDIO_1050_TAI_ANG_XX_sadtalker.pt,data\preprocessed\features\z_v\FAKE_T3_1050_TAI_SAD_XX__AUDIO_1050_TAI_ANG_XX_sadtalker.pt
FAKE_T3_1050_TIE_FEA_XX__AUDIO_1050_TIE_HAP_XX_sadtalker,track3,1,crema_1050,HAP,FEA,-1,1,1,1,,data\preprocessed\features\z_at\FAKE_T3_1050_TIE_FEA_XX__AUDIO_1050_TIE_HAP_XX_sadtalker.pt,data\preprocessed\features\z_v\FAKE_T3_1050_TIE_FEA_XX__AUDIO_1050_TIE_HAP_XX_sadtalker.pt
FAKE_T3_1050_TIE_NEU_XX__AUDIO_1050_TIE_SAD_XX_sadtalker,track3,1,crema_1050,SAD,NEU,-1,1,1,1,,data\preprocessed\features\z_at\FAKE_T3_1050_TIE_NEU_XX__AUDIO_1050_TIE_SAD_XX_sadtalker.pt,data\preprocessed\features\z_v\FAKE_T3_1050_TIE_NEU_XX__AUDIO_1050_TIE_SAD_XX_sadtalker.pt
FAKE_T3_1050_TIE_SAD_XX__AUDIO_1050_TIE_ANG_XX_sadtalker,track3,1,crema_1050,ANG,SAD,-1,1,1,1,,data\preprocessed\features\z_at\FAKE_T3_1050_TIE_SAD_XX__AUDIO_1050_TIE_ANG_XX_sadtalker.pt,data\preprocessed\features\z_v\FAKE_T3_1050_TIE_SAD_XX__AUDIO_1050_TIE_ANG_XX_sadtalker.pt
FAKE_T3_1050_TSI_ANG_XX__AUDIO_1050_TSI_DIS_XX_sadtalker,track3,1,crema_1050,DIS,ANG,-1,1,1,1,,data\preprocessed\features\z_at\FAKE_T3_1050_TSI_ANG_XX__AUDIO_1050_TSI_DIS_XX_sadtalker.pt,data\preprocessed\features\z_v\FAKE_T3_1050_TSI_ANG_XX__AUDIO_1050_TSI_DIS_XX_sadtalker.pt
FAKE_T3_1050_TSI_HAP_XX__AUDIO_1050_TSI_NEU_XX_sadtalker,track3,1,crema_1050,NEU,HAP,-1,1,1,1,,data\preprocessed\features\z_at\FAKE_T3_1050_TSI_HAP_XX__AUDIO_1050_TSI_NEU_XX_sadtalker.pt,data\preprocessed\features\z_v\FAKE_T3_1050_TSI_HAP_XX__AUDIO_1050_TSI_NEU_XX_sadtalker.pt
FAKE_T3_1050_TSI_NEU_XX__AUDIO_1050_TSI_SAD_XX_sadtalker,track3,1,crema_1050,SAD,NEU,-1,1,1,1,,data\preprocessed\features\z_at\FAKE_T3_1050_TSI_NEU_XX__AUDIO_1050_TSI_SAD_XX_sadtalker.pt,data\preprocessed\features\z_v\FAKE_T3_1050_TSI_NEU_XX__AUDIO_1050_TSI_SAD_XX_sadtalker.pt
FAKE_T3_1050_TSI_SAD_XX__AUDIO_1050_TSI_ANG_XX_sadtalker,track3,1,crema_1050,ANG,SAD,-1,1,1,1,,data\preprocessed\features\z_at\FAKE_T3_1050_TSI_SAD_XX__AUDIO_1050_TSI_ANG_XX_sadtalker.pt,data\preprocessed\features\z_v\FAKE_T3_1050_TSI_SAD_XX__AUDIO_1050_TSI_ANG_XX_sadtalker.pt
FAKE_T3_1050_WSI_FEA_XX__AUDIO_1050_WSI_HAP_XX_sadtalker,track3,1,crema_1050,HAP,FEA,-1,1,1,1,,data\preprocessed\features\z_at\FAKE_T3_1050_WSI_FEA_XX__AUDIO_1050_WSI_HAP_XX_sadtalker.pt,data\preprocessed\features\z_v\FAKE_T3_1050_WSI_FEA_XX__AUDIO_1050_WSI_HAP_XX_sadtalker.pt
FAKE_T3_1050_WSI_HAP_XX__AUDIO_1050_WSI_NEU_XX_sadtalker,track3,1,crema_1050,NEU,HAP,-1,1,1,1,,data\preprocessed\features\z_at\FAKE_T3_1050_WSI_HAP_XX__AUDIO_1050_WSI_NEU_XX_sadtalker.pt,data\preprocessed\features\z_v\FAKE_T3_1050_WSI_HAP_XX__AUDIO_1050_WSI_NEU_XX_sadtalker.pt
FAKE_T3_1050_WSI_SAD_XX__AUDIO_1050_WSI_ANG_XX_sadtalker,track3,1,crema_1050,ANG,SAD,-1,1,1,1,,data\preprocessed\features\z_at\FAKE_T3_1050_WSI_SAD_XX__AUDIO_1050_WSI_ANG_XX_sadtalker.pt,data\preprocessed\features\z_v\FAKE_T3_1050_WSI_SAD_XX__AUDIO_1050_WSI_ANG_XX_sadtalker.pt
FAKE_T3_1051_DFA_ANG_XX__AUDIO_1051_DFA_DIS_XX_sadtalker,track3,1,crema_1051,DIS,ANG,-1,1,1,1,,data\preprocessed\features\z_at\FAKE_T3_1051_DFA_ANG_XX__AUDIO_1051_DFA_DIS_XX_sadtalker.pt,data\preprocessed\features\z_v\FAKE_T3_1051_DFA_ANG_XX__AUDIO_1051_DFA_DIS_XX_sadtalker.pt
FAKE_T3_1051_DFA_FEA_XX__AUDIO_1051_DFA_HAP_XX_sadtalker,track3,1,crema_1051,HAP,FEA,-1,1,1,1,,data\preprocessed\features\z_at\FAKE_T3_1051_DFA_FEA_XX__AUDIO_1051_DFA_HAP_XX_sadtalker.pt,data\preprocessed\features\z_v\FAKE_T3_1051_DFA_FEA_XX__AUDIO_1051_DFA_HAP_XX_sadtalker.pt
FAKE_T3_1051_IEO_ANG_HI__AUDIO_1051_IEO_DIS_HI_sadtalker,track3,1,crema_1051,DIS,ANG,-1,1,1,1,,data\preprocessed\features\z_at\FAKE_T3_1051_IEO_ANG_HI__AUDIO_1051_IEO_DIS_HI_sadtalker.pt,data\preprocessed\features\z_v\FAKE_T3_1051_IEO_ANG_HI__AUDIO_1051_IEO_DIS_HI_sadtalker.pt
FAKE_T3_1051_IEO_ANG_LO__AUDIO_1051_IEO_DIS_LO_sadtalker,track3,1,crema_1051,DIS,ANG,-1,1,1,1,,data\preprocessed\features\z_at\FAKE_T3_1051_IEO_ANG_LO__AUDIO_1051_IEO_DIS_LO_sadtalker.pt,data\preprocessed\features\z_v\FAKE_T3_1051_IEO_ANG_LO__AUDIO_1051_IEO_DIS_LO_sadtalker.pt
FAKE_T3_1051_IEO_DIS_LO__AUDIO_1051_IEO_FEA_LO_sadtalker,track3,1,crema_1051,FEA,DIS,-1,1,1,1,,data\preprocessed\features\z_at\FAKE_T3_1051_IEO_DIS_LO__AUDIO_1051_IEO_FEA_LO_sadtalker.pt,data\preprocessed\features\z_v\FAKE_T3_1051_IEO_DIS_LO__AUDIO_1051_IEO_FEA_LO_sadtalker.pt
FAKE_T3_1051_IEO_FEA_LO__AUDIO_1051_IEO_HAP_LO_sadtalker,track3,1,crema_1051,HAP,FEA,-1,1,1,1,,data\preprocessed\features\z_at\FAKE_T3_1051_IEO_FEA_LO__AUDIO_1051_IEO_HAP_LO_sadtalker.pt,data\preprocessed\features\z_v\FAKE_T3_1051_IEO_FEA_LO__AUDIO_1051_IEO_HAP_LO_sadtalker.pt
FAKE_T3_1051_IEO_HAP_HI__AUDIO_1051_IEO_NEU_XX_sadtalker,track3,1,crema_1051,NEU,HAP,-1,1,1,1,,data\preprocessed\features\z_at\FAKE_T3_1051_IEO_HAP_HI__AUDIO_1051_IEO_NEU_XX_sadtalker.pt,data\preprocessed\features\z_v\FAKE_T3_1051_IEO_HAP_HI__AUDIO_1051_IEO_NEU_XX_sadtalker.pt
FAKE_T3_1051_IEO_HAP_LO__AUDIO_1051_IEO_NEU_XX_sadtalker,track3,1,crema_1051,NEU,HAP,-1,1,1,1,,data\preprocessed\features\z_at\FAKE_T3_1051_IEO_HAP_LO__AUDIO_1051_IEO_NEU_XX_sadtalker.pt,data\preprocessed\features\z_v\FAKE_T3_1051_IEO_HAP_LO__AUDIO_1051_IEO_NEU_XX_sadtalker.pt
FAKE_T3_1051_IEO_HAP_MD__AUDIO_1051_IEO_NEU_XX_sadtalker,track3,1,crema_1051,NEU,HAP,-1,1,1,1,,data\preprocessed\features\z_at\FAKE_T3_1051_IEO_HAP_MD__AUDIO_1051_IEO_NEU_XX_sadtalker.pt,data\preprocessed\features\z_v\FAKE_T3_1051_IEO_HAP_MD__AUDIO_1051_IEO_NEU_XX_sadtalker.pt
FAKE_T3_1051_IEO_NEU_XX__AUDIO_1051_IEO_SAD_HI_sadtalker,track3,1,crema_1051,SAD,NEU,-1,1,1,1,,data\preprocessed\features\z_at\FAKE_T3_1051_IEO_NEU_XX__AUDIO_1051_IEO_SAD_HI_sadtalker.pt,data\preprocessed\features\z_v\FAKE_T3_1051_IEO_NEU_XX__AUDIO_1051_IEO_SAD_HI_sadtalker.pt
FAKE_T3_1051_IOM_ANG_XX__AUDIO_1051_IOM_DIS_XX_sadtalker,track3,1,crema_1051,DIS,ANG,-1,1,1,1,,data\preprocessed\features\z_at\FAKE_T3_1051_IOM_ANG_XX__AUDIO_1051_IOM_DIS_XX_sadtalker.pt,data\preprocessed\features\z_v\FAKE_T3_1051_IOM_ANG_XX__AUDIO_1051_IOM_DIS_XX_sadtalker.pt
FAKE_T3_1051_IOM_DIS_XX__AUDIO_1051_IOM_FEA_XX_sadtalker,track3,1,crema_1051,FEA,DIS,-1,1,1,1,,data\preprocessed\features\z_at\FAKE_T3_1051_IOM_DIS_XX__AUDIO_1051_IOM_FEA_XX_sadtalker.pt,data\preprocessed\features\z_v\FAKE_T3_1051_IOM_DIS_XX__AUDIO_1051_IOM_FEA_XX_sadtalker.pt
FAKE_T3_1051_ITH_NEU_XX__AUDIO_1051_ITH_SAD_XX_sadtalker,track3,1,crema_1051,SAD,NEU,-1,1,1,1,,data\preprocessed\features\z_at\FAKE_T3_1051_ITH_NEU_XX__AUDIO_1051_ITH_SAD_XX_sadtalker.pt,data\preprocessed\features\z_v\FAKE_T3_1051_ITH_NEU_XX__AUDIO_1051_ITH_SAD_XX_sadtalker.pt
FAKE_T3_1051_ITS_DIS_XX__AUDIO_1051_ITS_FEA_XX_sadtalker,track3,1,crema_1051,FEA,DIS,-1,1,1,1,,data\preprocessed\features\z_at\FAKE_T3_1051_ITS_DIS_XX__AUDIO_1051_ITS_FEA_XX_sadtalker.pt,data\preprocessed\features\z_v\FAKE_T3_1051_ITS_DIS_XX__AUDIO_1051_ITS_FEA_XX_sadtalker.pt
FAKE_T3_1051_ITS_FEA_XX__AUDIO_1051_ITS_HAP_XX_sadtalker,track3,1,crema_1051,HAP,FEA,-1,1,1,1,,data\preprocessed\features\z_at\FAKE_T3_1051_ITS_FEA_XX__AUDIO_1051_ITS_HAP_XX_sadtalker.pt,data\preprocessed\features\z_v\FAKE_T3_1051_ITS_FEA_XX__AUDIO_1051_ITS_HAP_XX_sadtalker.pt
FAKE_T3_1051_ITS_NEU_XX__AUDIO_1051_ITS_SAD_XX_sadtalker,track3,1,crema_1051,SAD,NEU,-1,1,1,1,,data\preprocessed\features\z_at\FAKE_T3_1051_ITS_NEU_XX__AUDIO_1051_ITS_SAD_XX_sadtalker.pt,data\preprocessed\features\z_v\FAKE_T3_1051_ITS_NEU_XX__AUDIO_1051_ITS_SAD_XX_sadtalker.pt
FAKE_T3_1051_ITS_SAD_XX__AUDIO_1051_ITS_ANG_XX_sadtalker,track3,1,crema_1051,ANG,SAD,-1,1,1,1,,data\preprocessed\features\z_at\FAKE_T3_1051_ITS_SAD_XX__AUDIO_1051_ITS_ANG_XX_sadtalker.pt,data\preprocessed\features\z_v\FAKE_T3_1051_ITS_SAD_XX__AUDIO_1051_ITS_ANG_XX_sadtalker.pt
FAKE_T3_1051_IWL_FEA_XX__AUDIO_1051_IWL_HAP_XX_sadtalker,track3,1,crema_1051,HAP,FEA,-1,1,1,1,,data\preprocessed\features\z_at\FAKE_T3_1051_IWL_FEA_XX__AUDIO_1051_IWL_HAP_XX_sadtalker.pt,data\preprocessed\features\z_v\FAKE_T3_1051_IWL_FEA_XX__AUDIO_1051_IWL_HAP_XX_sadtalker.pt
FAKE_T3_1051_IWL_NEU_XX__AUDIO_1051_IWL_SAD_XX_sadtalker,track3,1,crema_1051,SAD,NEU,-1,1,1,1,,data\preprocessed\features\z_at\FAKE_T3_1051_IWL_NEU_XX__AUDIO_1051_IWL_SAD_XX_sadtalker.pt,data\preprocessed\features\z_v\FAKE_T3_1051_IWL_NEU_XX__AUDIO_1051_IWL_SAD_XX_sadtalker.pt
FAKE_T3_1051_IWL_SAD_XX__AUDIO_1051_IWL_ANG_XX_sadtalker,track3,1,crema_1051,ANG,SAD,-1,1,1,1,,data\preprocessed\features\z_at\FAKE_T3_1051_IWL_SAD_XX__AUDIO_1051_IWL_ANG_XX_sadtalker.pt,data\preprocessed\features\z_v\FAKE_T3_1051_IWL_SAD_XX__AUDIO_1051_IWL_ANG_XX_sadtalker.pt
FAKE_T3_1051_IWW_NEU_XX__AUDIO_1051_IWW_SAD_XX_sadtalker,track3,1,crema_1051,SAD,NEU,-1,1,1,1,,data\preprocessed\features\z_at\FAKE_T3_1051_IWW_NEU_XX__AUDIO_1051_IWW_SAD_XX_sadtalker.pt,data\preprocessed\features\z_v\FAKE_T3_1051_IWW_NEU_XX__AUDIO_1051_IWW_SAD_XX_sadtalker.pt
FAKE_T3_1051_IWW_SAD_XX__AUDIO_1051_IWW_ANG_XX_sadtalker,track3,1,crema_1051,ANG,SAD,-1,1,1,1,,data\preprocessed\features\z_at\FAKE_T3_1051_IWW_SAD_XX__AUDIO_1051_IWW_ANG_XX_sadtalker.pt,data\preprocessed\features\z_v\FAKE_T3_1051_IWW_SAD_XX__AUDIO_1051_IWW_ANG_XX_sadtalker.pt
FAKE_T3_1051_MTI_ANG_XX__AUDIO_1051_MTI_DIS_XX_sadtalker,track3,1,crema_1051,DIS,ANG,-1,1,1,1,,data\preprocessed\features\z_at\FAKE_T3_1051_MTI_ANG_XX__AUDIO_1051_MTI_DIS_XX_sadtalker.pt,data\preprocessed\features\z_v\FAKE_T3_1051_MTI_ANG_XX__AUDIO_1051_MTI_DIS_XX_sadtalker.pt
FAKE_T3_1051_MTI_DIS_XX__AUDIO_1051_MTI_FEA_XX_sadtalker,track3,1,crema_1051,FEA,DIS,-1,1,1,1,,data\preprocessed\features\z_at\FAKE_T3_1051_MTI_DIS_XX__AUDIO_1051_MTI_FEA_XX_sadtalker.pt,data\preprocessed\features\z_v\FAKE_T3_1051_MTI_DIS_XX__AUDIO_1051_MTI_FEA_XX_sadtalker.pt
FAKE_T3_1051_MTI_FEA_XX__AUDIO_1051_MTI_HAP_XX_sadtalker,track3,1,crema_1051,HAP,FEA,-1,1,1,1,,data\preprocessed\features\z_at\FAKE_T3_1051_MTI_FEA_XX__AUDIO_1051_MTI_HAP_XX_sadtalker.pt,data\preprocessed\features\z_v\FAKE_T3_1051_MTI_FEA_XX__AUDIO_1051_MTI_HAP_XX_sadtalker.pt
FAKE_T3_1051_TAI_DIS_XX__AUDIO_1051_TAI_FEA_XX_sadtalker,track3,1,crema_1051,FEA,DIS,-1,1,1,1,,data\preprocessed\features\z_at\FAKE_T3_1051_TAI_DIS_XX__AUDIO_1051_TAI_FEA_XX_sadtalker.pt,data\preprocessed\features\z_v\FAKE_T3_1051_TAI_DIS_XX__AUDIO_1051_TAI_FEA_XX_sadtalker.pt
FAKE_T3_1051_TAI_NEU_XX__AUDIO_1051_TAI_SAD_XX_sadtalker,track3,1,crema_1051,SAD,NEU,-1,1,1,1,,data\preprocessed\features\z_at\FAKE_T3_1051_TAI_NEU_XX__AUDIO_1051_TAI_SAD_XX_sadtalker.pt,data\preprocessed\features\z_v\FAKE_T3_1051_TAI_NEU_XX__AUDIO_1051_TAI_SAD_XX_sadtalker.pt
FAKE_T3_1051_TAI_SAD_XX__AUDIO_1051_TAI_ANG_XX_sadtalker,track3,1,crema_1051,ANG,SAD,-1,1,1,1,,data\preprocessed\features\z_at\FAKE_T3_1051_TAI_SAD_XX__AUDIO_1051_TAI_ANG_XX_sadtalker.pt,data\preprocessed\features\z_v\FAKE_T3_1051_TAI_SAD_XX__AUDIO_1051_TAI_ANG_XX_sadtalker.pt
FAKE_T3_1051_TIE_ANG_XX__AUDIO_1051_TIE_DIS_XX_sadtalker,track3,1,crema_1051,DIS,ANG,-1,1,1,1,,data\preprocessed\features\z_at\FAKE_T3_1051_TIE_ANG_XX__AUDIO_1051_TIE_DIS_XX_sadtalker.pt,data\preprocessed\features\z_v\FAKE_T3_1051_TIE_ANG_XX__AUDIO_1051_TIE_DIS_XX_sadtalker.pt
FAKE_T3_1051_TIE_DIS_XX__AUDIO_1051_TIE_FEA_XX_sadtalker,track3,1,crema_1051,FEA,DIS,-1,1,1,1,,data\preprocessed\features\z_at\FAKE_T3_1051_TIE_DIS_XX__AUDIO_1051_TIE_FEA_XX_sadtalker.pt,data\preprocessed\features\z_v\FAKE_T3_1051_TIE_DIS_XX__AUDIO_1051_TIE_FEA_XX_sadtalker.pt
FAKE_T3_1051_TIE_FEA_XX__AUDIO_1051_TIE_HAP_XX_sadtalker,track3,1,crema_1051,HAP,FEA,-1,1,1,1,,data\preprocessed\features\z_at\FAKE_T3_1051_TIE_FEA_XX__AUDIO_1051_TIE_HAP_XX_sadtalker.pt,data\preprocessed\features\z_v\FAKE_T3_1051_TIE_FEA_XX__AUDIO_1051_TIE_HAP_XX_sadtalker.pt
FAKE_T3_1051_TIE_HAP_XX__AUDIO_1051_TIE_NEU_XX_sadtalker,track3,1,crema_1051,NEU,HAP,-1,1,1,1,,data\preprocessed\features\z_at\FAKE_T3_1051_TIE_HAP_XX__AUDIO_1051_TIE_NEU_XX_sadtalker.pt,data\preprocessed\features\z_v\FAKE_T3_1051_TIE_HAP_XX__AUDIO_1051_TIE_NEU_XX_sadtalker.pt
FAKE_T3_1051_TIE_SAD_XX__AUDIO_1051_TIE_ANG_XX_sadtalker,track3,1,crema_1051,ANG,SAD,-1,1,1,1,,data\preprocessed\features\z_at\FAKE_T3_1051_TIE_SAD_XX__AUDIO_1051_TIE_ANG_XX_sadtalker.pt,data\preprocessed\features\z_v\FAKE_T3_1051_TIE_SAD_XX__AUDIO_1051_TIE_ANG_XX_sadtalker.pt
FAKE_T3_1051_TSI_ANG_XX__AUDIO_1051_TSI_DIS_XX_sadtalker,track3,1,crema_1051,DIS,ANG,-1,1,1,1,,data\preprocessed\features\z_at\FAKE_T3_1051_TSI_ANG_XX__AUDIO_1051_TSI_DIS_XX_sadtalker.pt,data\preprocessed\features\z_v\FAKE_T3_1051_TSI_ANG_XX__AUDIO_1051_TSI_DIS_XX_sadtalker.pt
FAKE_T3_1051_TSI_FEA_XX__AUDIO_1051_TSI_HAP_XX_sadtalker,track3,1,crema_1051,HAP,FEA,-1,1,1,1,,data\preprocessed\features\z_at\FAKE_T3_1051_TSI_FEA_XX__AUDIO_1051_TSI_HAP_XX_sadtalker.pt,data\preprocessed\features\z_v\FAKE_T3_1051_TSI_FEA_XX__AUDIO_1051_TSI_HAP_XX_sadtalker.pt
FAKE_T3_1051_TSI_HAP_XX__AUDIO_1051_TSI_NEU_XX_sadtalker,track3,1,crema_1051,NEU,HAP,-1,1,1,1,,data\preprocessed\features\z_at\FAKE_T3_1051_TSI_HAP_XX__AUDIO_1051_TSI_NEU_XX_sadtalker.pt,data\preprocessed\features\z_v\FAKE_T3_1051_TSI_HAP_XX__AUDIO_1051_TSI_NEU_XX_sadtalker.pt
FAKE_T3_1051_TSI_NEU_XX__AUDIO_1051_TSI_SAD_XX_sadtalker,track3,1,crema_1051,SAD,NEU,-1,1,1,1,,data\preprocessed\features\z_at\FAKE_T3_1051_TSI_NEU_XX__AUDIO_1051_TSI_SAD_XX_sadtalker.pt,data\preprocessed\features\z_v\FAKE_T3_1051_TSI_NEU_XX__AUDIO_1051_TSI_SAD_XX_sadtalker.pt
FAKE_T3_1051_WSI_ANG_XX__AUDIO_1051_WSI_DIS_XX_sadtalker,track3,1,crema_1051,DIS,ANG,-1,1,1,1,,data\preprocessed\features\z_at\FAKE_T3_1051_WSI_ANG_XX__AUDIO_1051_WSI_DIS_XX_sadtalker.pt,data\preprocessed\features\z_v\FAKE_T3_1051_WSI_ANG_XX__AUDIO_1051_WSI_DIS_XX_sadtalker.pt
FAKE_T3_1051_WSI_FEA_XX__AUDIO_1051_WSI_HAP_XX_sadtalker,track3,1,crema_1051,HAP,FEA,-1,1,1,1,,data\preprocessed\features\z_at\FAKE_T3_1051_WSI_FEA_XX__AUDIO_1051_WSI_HAP_XX_sadtalker.pt,data\preprocessed\features\z_v\FAKE_T3_1051_WSI_FEA_XX__AUDIO_1051_WSI_HAP_XX_sadtalker.pt
FAKE_T3_1051_WSI_HAP_XX__AUDIO_1051_WSI_NEU_XX_sadtalker,track3,1,crema_1051,NEU,HAP,-1,1,1,1,,data\preprocessed\features\z_at\FAKE_T3_1051_WSI_HAP_XX__AUDIO_1051_WSI_NEU_XX_sadtalker.pt,data\preprocessed\features\z_v\FAKE_T3_1051_WSI_HAP_XX__AUDIO_1051_WSI_NEU_XX_sadtalker.pt
FAKE_T3_1051_WSI_NEU_XX__AUDIO_1051_WSI_SAD_XX_sadtalker,track3,1,crema_1051,SAD,NEU,-1,1,1,1,,data\preprocessed\features\z_at\FAKE_T3_1051_WSI_NEU_XX__AUDIO_1051_WSI_SAD_XX_sadtalker.pt,data\preprocessed\features\z_v\FAKE_T3_1051_WSI_NEU_XX__AUDIO_1051_WSI_SAD_XX_sadtalker.pt
FAKE_T3_1052_DFA_ANG_XX__AUDIO_1052_DFA_DIS_XX_sadtalker,track3,1,crema_1052,DIS,ANG,-1,1,1,1,,data\preprocessed\features\z_at\FAKE_T3_1052_DFA_ANG_XX__AUDIO_1052_DFA_DIS_XX_sadtalker.pt,data\preprocessed\features\z_v\FAKE_T3_1052_DFA_ANG_XX__AUDIO_1052_DFA_DIS_XX_sadtalker.pt
FAKE_T3_1052_DFA_DIS_XX__AUDIO_1052_DFA_FEA_XX_sadtalker,track3,1,crema_1052,FEA,DIS,-1,1,1,1,,data\preprocessed\features\z_at\FAKE_T3_1052_DFA_DIS_XX__AUDIO_1052_DFA_FEA_XX_sadtalker.pt,data\preprocessed\features\z_v\FAKE_T3_1052_DFA_DIS_XX__AUDIO_1052_DFA_FEA_XX_sadtalker.pt
FAKE_T3_1052_DFA_FEA_XX__AUDIO_1052_DFA_HAP_XX_sadtalker,track3,1,crema_1052,HAP,FEA,-1,1,1,1,,data\preprocessed\features\z_at\FAKE_T3_1052_DFA_FEA_XX__AUDIO_1052_DFA_HAP_XX_sadtalker.pt,data\preprocessed\features\z_v\FAKE_T3_1052_DFA_FEA_XX__AUDIO_1052_DFA_HAP_XX_sadtalker.pt
FAKE_T3_1052_DFA_NEU_XX__AUDIO_1052_DFA_SAD_XX_sadtalker,track3,1,crema_1052,SAD,NEU,-1,1,1,1,,data\preprocessed\features\z_at\FAKE_T3_1052_DFA_NEU_XX__AUDIO_1052_DFA_SAD_XX_sadtalker.pt,data\preprocessed\features\z_v\FAKE_T3_1052_DFA_NEU_XX__AUDIO_1052_DFA_SAD_XX_sadtalker.pt
FAKE_T3_1052_DFA_SAD_XX__AUDIO_1052_DFA_ANG_XX_sadtalker,track3,1,crema_1052,ANG,SAD,-1,1,1,1,,data\preprocessed\features\z_at\FAKE_T3_1052_DFA_SAD_XX__AUDIO_1052_DFA_ANG_XX_sadtalker.pt,data\preprocessed\features\z_v\FAKE_T3_1052_DFA_SAD_XX__AUDIO_1052_DFA_ANG_XX_sadtalker.pt
FAKE_T3_1052_IEO_ANG_HI__AUDIO_1052_IEO_DIS_HI_sadtalker,track3,1,crema_1052,DIS,ANG,-1,1,1,1,,data\preprocessed\features\z_at\FAKE_T3_1052_IEO_ANG_HI__AUDIO_1052_IEO_DIS_HI_sadtalker.pt,data\preprocessed\features\z_v\FAKE_T3_1052_IEO_ANG_HI__AUDIO_1052_IEO_DIS_HI_sadtalker.pt
FAKE_T3_1052_IEO_ANG_LO__AUDIO_1052_IEO_DIS_LO_sadtalker,track3,1,crema_1052,DIS,ANG,-1,1,1,1,,data\preprocessed\features\z_at\FAKE_T3_1052_IEO_ANG_LO__AUDIO_1052_IEO_DIS_LO_sadtalker.pt,data\preprocessed\features\z_v\FAKE_T3_1052_IEO_ANG_LO__AUDIO_1052_IEO_DIS_LO_sadtalker.pt
FAKE_T3_1052_IEO_DIS_MD__AUDIO_1052_IEO_FEA_MD_sadtalker,track3,1,crema_1052,FEA,DIS,-1,1,1,1,,data\preprocessed\features\z_at\FAKE_T3_1052_IEO_DIS_MD__AUDIO_1052_IEO_FEA_MD_sadtalker.pt,data\preprocessed\features\z_v\FAKE_T3_1052_IEO_DIS_MD__AUDIO_1052_IEO_FEA_MD_sadtalker.pt
FAKE_T3_1052_IEO_FEA_HI__AUDIO_1052_IEO_HAP_HI_sadtalker,track3,1,crema_1052,HAP,FEA,-1,1,1,1,,data\preprocessed\features\z_at\FAKE_T3_1052_IEO_FEA_HI__AUDIO_1052_IEO_HAP_HI_sadtalker.pt,data\preprocessed\features\z_v\FAKE_T3_1052_IEO_FEA_HI__AUDIO_1052_IEO_HAP_HI_sadtalker.pt
FAKE_T3_1052_IEO_NEU_XX__AUDIO_1052_IEO_SAD_HI_sadtalker,track3,1,crema_1052,SAD,NEU,-1,1,1,1,,data\preprocessed\features\z_at\FAKE_T3_1052_IEO_NEU_XX__AUDIO_1052_IEO_SAD_HI_sadtalker.pt,data\preprocessed\features\z_v\FAKE_T3_1052_IEO_NEU_XX__AUDIO_1052_IEO_SAD_HI_sadtalker.pt
FAKE_T3_1052_IEO_SAD_MD__AUDIO_1052_IEO_ANG_MD_sadtalker,track3,1,crema_1052,ANG,SAD,-1,1,1,1,,data\preprocessed\features\z_at\FAKE_T3_1052_IEO_SAD_MD__AUDIO_1052_IEO_ANG_MD_sadtalker.pt,data\preprocessed\features\z_v\FAKE_T3_1052_IEO_SAD_MD__AUDIO_1052_IEO_ANG_MD_sadtalker.pt
FAKE_T3_1052_IOM_ANG_XX__AUDIO_1052_IOM_DIS_XX_sadtalker,track3,1,crema_1052,DIS,ANG,-1,1,1,1,,data\preprocessed\features\z_at\FAKE_T3_1052_IOM_ANG_XX__AUDIO_1052_IOM_DIS_XX_sadtalker.pt,data\preprocessed\features\z_v\FAKE_T3_1052_IOM_ANG_XX__AUDIO_1052_IOM_DIS_XX_sadtalker.pt
FAKE_T3_1052_IOM_DIS_XX__AUDIO_1052_IOM_FEA_XX_sadtalker,track3,1,crema_1052,FEA,DIS,-1,1,1,1,,data\preprocessed\features\z_at\FAKE_T3_1052_IOM_DIS_XX__AUDIO_1052_IOM_FEA_XX_sadtalker.pt,data\preprocessed\features\z_v\FAKE_T3_1052_IOM_DIS_XX__AUDIO_1052_IOM_FEA_XX_sadtalker.pt
FAKE_T3_1052_IOM_NEU_XX__AUDIO_1052_IOM_SAD_XX_sadtalker,track3,1,crema_1052,SAD,NEU,-1,1,1,1,,data\preprocessed\features\z_at\FAKE_T3_1052_IOM_NEU_XX__AUDIO_1052_IOM_SAD_XX_sadtalker.pt,data\preprocessed\features\z_v\FAKE_T3_1052_IOM_NEU_XX__AUDIO_1052_IOM_SAD_XX_sadtalker.pt
FAKE_T3_1052_IOM_SAD_XX__AUDIO_1052_IOM_ANG_XX_sadtalker,track3,1,crema_1052,ANG,SAD,-1,1,1,1,,data\preprocessed\features\z_at\FAKE_T3_1052_IOM_SAD_XX__AUDIO_1052_IOM_ANG_XX_sadtalker.pt,data\preprocessed\features\z_v\FAKE_T3_1052_IOM_SAD_XX__AUDIO_1052_IOM_ANG_XX_sadtalker.pt
FAKE_T3_1052_ITH_DIS_XX__AUDIO_1052_ITH_FEA_XX_sadtalker,track3,1,crema_1052,FEA,DIS,-1,1,1,1,,data\preprocessed\features\z_at\FAKE_T3_1052_ITH_DIS_XX__AUDIO_1052_ITH_FEA_XX_sadtalker.pt,data\preprocessed\features\z_v\FAKE_T3_1052_ITH_DIS_XX__AUDIO_1052_ITH_FEA_XX_sadtalker.pt
FAKE_T3_1052_ITH_NEU_XX__AUDIO_1052_ITH_SAD_XX_sadtalker,track3,1,crema_1052,SAD,NEU,-1,1,1,1,,data\preprocessed\features\z_at\FAKE_T3_1052_ITH_NEU_XX__AUDIO_1052_ITH_SAD_XX_sadtalker.pt,data\preprocessed\features\z_v\FAKE_T3_1052_ITH_NEU_XX__AUDIO_1052_ITH_SAD_XX_sadtalker.pt
FAKE_T3_1052_ITS_DIS_XX__AUDIO_1052_ITS_FEA_XX_sadtalker,track3,1,crema_1052,FEA,DIS,-1,1,1,1,,data\preprocessed\features\z_at\FAKE_T3_1052_ITS_DIS_XX__AUDIO_1052_ITS_FEA_XX_sadtalker.pt,data\preprocessed\features\z_v\FAKE_T3_1052_ITS_DIS_XX__AUDIO_1052_ITS_FEA_XX_sadtalker.pt
FAKE_T3_1052_ITS_FEA_XX__AUDIO_1052_ITS_HAP_XX_sadtalker,track3,1,crema_1052,HAP,FEA,-1,1,1,1,,data\preprocessed\features\z_at\FAKE_T3_1052_ITS_FEA_XX__AUDIO_1052_ITS_HAP_XX_sadtalker.pt,data\preprocessed\features\z_v\FAKE_T3_1052_ITS_FEA_XX__AUDIO_1052_ITS_HAP_XX_sadtalker.pt
FAKE_T3_1052_ITS_NEU_XX__AUDIO_1052_ITS_SAD_XX_sadtalker,track3,1,crema_1052,SAD,NEU,-1,1,1,1,,data\preprocessed\features\z_at\FAKE_T3_1052_ITS_NEU_XX__AUDIO_1052_ITS_SAD_XX_sadtalker.pt,data\preprocessed\features\z_v\FAKE_T3_1052_ITS_NEU_XX__AUDIO_1052_ITS_SAD_XX_sadtalker.pt
FAKE_T3_1052_ITS_SAD_XX__AUDIO_1052_ITS_ANG_XX_sadtalker,track3,1,crema_1052,ANG,SAD,-1,1,1,1,,data\preprocessed\features\z_at\FAKE_T3_1052_ITS_SAD_XX__AUDIO_1052_ITS_ANG_XX_sadtalker.pt,data\preprocessed\features\z_v\FAKE_T3_1052_ITS_SAD_XX__AUDIO_1052_ITS_ANG_XX_sadtalker.pt
FAKE_T3_1052_IWL_HAP_XX__AUDIO_1052_IWL_NEU_XX_sadtalker,track3,1,crema_1052,NEU,HAP,-1,1,1,1,,data\preprocessed\features\z_at\FAKE_T3_1052_IWL_HAP_XX__AUDIO_1052_IWL_NEU_XX_sadtalker.pt,data\preprocessed\features\z_v\FAKE_T3_1052_IWL_HAP_XX__AUDIO_1052_IWL_NEU_XX_sadtalker.pt
FAKE_T3_1052_IWL_NEU_XX__AUDIO_1052_IWL_SAD_XX_sadtalker,track3,1,crema_1052,SAD,NEU,-1,1,1,1,,data\preprocessed\features\z_at\FAKE_T3_1052_IWL_NEU_XX__AUDIO_1052_IWL_SAD_XX_sadtalker.pt,data\preprocessed\features\z_v\FAKE_T3_1052_IWL_NEU_XX__AUDIO_1052_IWL_SAD_XX_sadtalker.pt
FAKE_T3_1052_IWW_DIS_XX__AUDIO_1052_IWW_FEA_XX_sadtalker,track3,1,crema_1052,FEA,DIS,-1,1,1,1,,data\preprocessed\features\z_at\FAKE_T3_1052_IWW_DIS_XX__AUDIO_1052_IWW_FEA_XX_sadtalker.pt,data\preprocessed\features\z_v\FAKE_T3_1052_IWW_DIS_XX__AUDIO_1052_IWW_FEA_XX_sadtalker.pt
FAKE_T3_1052_IWW_FEA_XX__AUDIO_1052_IWW_HAP_XX_sadtalker,track3,1,crema_1052,HAP,FEA,-1,1,1,1,,data\preprocessed\features\z_at\FAKE_T3_1052_IWW_FEA_XX__AUDIO_1052_IWW_HAP_XX_sadtalker.pt,data\preprocessed\features\z_v\FAKE_T3_1052_IWW_FEA_XX__AUDIO_1052_IWW_HAP_XX_sadtalker.pt
FAKE_T3_1052_IWW_HAP_XX__AUDIO_1052_IWW_NEU_XX_sadtalker,track3,1,crema_1052,NEU,HAP,-1,1,1,1,,data\preprocessed\features\z_at\FAKE_T3_1052_IWW_HAP_XX__AUDIO_1052_IWW_NEU_XX_sadtalker.pt,data\preprocessed\features\z_v\FAKE_T3_1052_IWW_HAP_XX__AUDIO_1052_IWW_NEU_XX_sadtalker.pt
FAKE_T3_1052_MTI_HAP_XX__AUDIO_1052_MTI_NEU_XX_sadtalker,track3,1,crema_1052,NEU,HAP,-1,1,1,1,,data\preprocessed\features\z_at\FAKE_T3_1052_MTI_HAP_XX__AUDIO_1052_MTI_NEU_XX_sadtalker.pt,data\preprocessed\features\z_v\FAKE_T3_1052_MTI_HAP_XX__AUDIO_1052_MTI_NEU_XX_sadtalker.pt
FAKE_T3_1052_MTI_SAD_XX__AUDIO_1052_MTI_ANG_XX_sadtalker,track3,1,crema_1052,ANG,SAD,-1,1,1,1,,data\preprocessed\features\z_at\FAKE_T3_1052_MTI_SAD_XX__AUDIO_1052_MTI_ANG_XX_sadtalker.pt,data\preprocessed\features\z_v\FAKE_T3_1052_MTI_SAD_XX__AUDIO_1052_MTI_ANG_XX_sadtalker.pt
FAKE_T3_1052_TAI_DIS_XX__AUDIO_1052_TAI_FEA_XX_sadtalker,track3,1,crema_1052,FEA,DIS,-1,1,1,1,,data\preprocessed\features\z_at\FAKE_T3_1052_TAI_DIS_XX__AUDIO_1052_TAI_FEA_XX_sadtalker.pt,data\preprocessed\features\z_v\FAKE_T3_1052_TAI_DIS_XX__AUDIO_1052_TAI_FEA_XX_sadtalker.pt
FAKE_T3_1052_TAI_HAP_XX__AUDIO_1052_TAI_NEU_XX_sadtalker,track3,1,crema_1052,NEU,HAP,-1,1,1,1,,data\preprocessed\features\z_at\FAKE_T3_1052_TAI_HAP_XX__AUDIO_1052_TAI_NEU_XX_sadtalker.pt,data\preprocessed\features\z_v\FAKE_T3_1052_TAI_HAP_XX__AUDIO_1052_TAI_NEU_XX_sadtalker.pt
FAKE_T3_1052_TAI_NEU_XX__AUDIO_1052_TAI_SAD_XX_sadtalker,track3,1,crema_1052,SAD,NEU,-1,1,1,1,,data\preprocessed\features\z_at\FAKE_T3_1052_TAI_NEU_XX__AUDIO_1052_TAI_SAD_XX_sadtalker.pt,data\preprocessed\features\z_v\FAKE_T3_1052_TAI_NEU_XX__AUDIO_1052_TAI_SAD_XX_sadtalker.pt
FAKE_T3_1052_TAI_SAD_XX__AUDIO_1052_TAI_ANG_XX_sadtalker,track3,1,crema_1052,ANG,SAD,-1,1,1,1,,data\preprocessed\features\z_at\FAKE_T3_1052_TAI_SAD_XX__AUDIO_1052_TAI_ANG_XX_sadtalker.pt,data\preprocessed\features\z_v\FAKE_T3_1052_TAI_SAD_XX__AUDIO_1052_TAI_ANG_XX_sadtalker.pt
FAKE_T3_1052_TIE_HAP_XX__AUDIO_1052_TIE_NEU_XX_sadtalker,track3,1,crema_1052,NEU,HAP,-1,1,1,1,,data\preprocessed\features\z_at\FAKE_T3_1052_TIE_HAP_XX__AUDIO_1052_TIE_NEU_XX_sadtalker.pt,data\preprocessed\features\z_v\FAKE_T3_1052_TIE_HAP_XX__AUDIO_1052_TIE_NEU_XX_sadtalker.pt
FAKE_T3_1052_TIE_SAD_XX__AUDIO_1052_TIE_ANG_XX_sadtalker,track3,1,crema_1052,ANG,SAD,-1,1,1,1,,data\preprocessed\features\z_at\FAKE_T3_1052_TIE_SAD_XX__AUDIO_1052_TIE_ANG_XX_sadtalker.pt,data\preprocessed\features\z_v\FAKE_T3_1052_TIE_SAD_XX__AUDIO_1052_TIE_ANG_XX_sadtalker.pt
FAKE_T3_1052_TSI_ANG_XX__AUDIO_1052_TSI_DIS_XX_sadtalker,track3,1,crema_1052,DIS,ANG,-1,1,1,1,,data\preprocessed\features\z_at\FAKE_T3_1052_TSI_ANG_XX__AUDIO_1052_TSI_DIS_XX_sadtalker.pt,data\preprocessed\features\z_v\FAKE_T3_1052_TSI_ANG_XX__AUDIO_1052_TSI_DIS_XX_sadtalker.pt
FAKE_T3_1052_TSI_DIS_XX__AUDIO_1052_TSI_FEA_XX_sadtalker,track3,1,crema_1052,FEA,DIS,-1,1,1,1,,data\preprocessed\features\z_at\FAKE_T3_1052_TSI_DIS_XX__AUDIO_1052_TSI_FEA_XX_sadtalker.pt,data\preprocessed\features\z_v\FAKE_T3_1052_TSI_DIS_XX__AUDIO_1052_TSI_FEA_XX_sadtalker.pt
FAKE_T3_1052_TSI_HAP_XX__AUDIO_1052_TSI_NEU_XX_sadtalker,track3,1,crema_1052,NEU,HAP,-1,1,1,1,,data\preprocessed\features\z_at\FAKE_T3_1052_TSI_HAP_XX__AUDIO_1052_TSI_NEU_XX_sadtalker.pt,data\preprocessed\features\z_v\FAKE_T3_1052_TSI_HAP_XX__AUDIO_1052_TSI_NEU_XX_sadtalker.pt
FAKE_T3_1052_WSI_ANG_XX__AUDIO_1052_WSI_DIS_XX_sadtalker,track3,1,crema_1052,DIS,ANG,-1,1,1,1,,data\preprocessed\features\z_at\FAKE_T3_1052_WSI_ANG_XX__AUDIO_1052_WSI_DIS_XX_sadtalker.pt,data\preprocessed\features\z_v\FAKE_T3_1052_WSI_ANG_XX__AUDIO_1052_WSI_DIS_XX_sadtalker.pt
FAKE_T3_1052_WSI_DIS_XX__AUDIO_1052_WSI_FEA_XX_sadtalker,track3,1,crema_1052,FEA,DIS,-1,1,1,1,,data\preprocessed\features\z_at\FAKE_T3_1052_WSI_DIS_XX__AUDIO_1052_WSI_FEA_XX_sadtalker.pt,data\preprocessed\features\z_v\FAKE_T3_1052_WSI_DIS_XX__AUDIO_1052_WSI_FEA_XX_sadtalker.pt
FAKE_T3_1052_WSI_FEA_XX__AUDIO_1052_WSI_HAP_XX_sadtalker,track3,1,crema_1052,HAP,FEA,-1,1,1,1,,data\preprocessed\features\z_at\FAKE_T3_1052_WSI_FEA_XX__AUDIO_1052_WSI_HAP_XX_sadtalker.pt,data\preprocessed\features\z_v\FAKE_T3_1052_WSI_FEA_XX__AUDIO_1052_WSI_HAP_XX_sadtalker.pt
FAKE_T3_1052_WSI_NEU_XX__AUDIO_1052_WSI_SAD_XX_sadtalker,track3,1,crema_1052,SAD,NEU,-1,1,1,1,,data\preprocessed\features\z_at\FAKE_T3_1052_WSI_NEU_XX__AUDIO_1052_WSI_SAD_XX_sadtalker.pt,data\preprocessed\features\z_v\FAKE_T3_1052_WSI_NEU_XX__AUDIO_1052_WSI_SAD_XX_sadtalker.pt
FAKE_T3_1053_DFA_FEA_XX__AUDIO_1053_DFA_HAP_XX_sadtalker,track3,1,crema_1053,HAP,FEA,-1,1,1,1,,data\preprocessed\features\z_at\FAKE_T3_1053_DFA_FEA_XX__AUDIO_1053_DFA_HAP_XX_sadtalker.pt,data\preprocessed\features\z_v\FAKE_T3_1053_DFA_FEA_XX__AUDIO_1053_DFA_HAP_XX_sadtalker.pt
FAKE_T3_1053_DFA_HAP_XX__AUDIO_1053_DFA_NEU_XX_sadtalker,track3,1,crema_1053,NEU,HAP,-1,1,1,1,,data\preprocessed\features\z_at\FAKE_T3_1053_DFA_HAP_XX__AUDIO_1053_DFA_NEU_XX_sadtalker.pt,data\preprocessed\features\z_v\FAKE_T3_1053_DFA_HAP_XX__AUDIO_1053_DFA_NEU_XX_sadtalker.pt
FAKE_T3_1053_IEO_ANG_HI__AUDIO_1053_IEO_DIS_HI_sadtalker,track3,1,crema_1053,DIS,ANG,-1,1,1,1,,data\preprocessed\features\z_at\FAKE_T3_1053_IEO_ANG_HI__AUDIO_1053_IEO_DIS_HI_sadtalker.pt,data\preprocessed\features\z_v\FAKE_T3_1053_IEO_ANG_HI__AUDIO_1053_IEO_DIS_HI_sadtalker.pt
FAKE_T3_1053_IEO_ANG_LO__AUDIO_1053_IEO_DIS_LO_sadtalker,track3,1,crema_1053,DIS,ANG,-1,1,1,1,,data\preprocessed\features\z_at\FAKE_T3_1053_IEO_ANG_LO__AUDIO_1053_IEO_DIS_LO_sadtalker.pt,data\preprocessed\features\z_v\FAKE_T3_1053_IEO_ANG_LO__AUDIO_1053_IEO_DIS_LO_sadtalker.pt
FAKE_T3_1053_IEO_DIS_HI__AUDIO_1053_IEO_FEA_HI_sadtalker,track3,1,crema_1053,FEA,DIS,-1,1,1,1,,data\preprocessed\features\z_at\FAKE_T3_1053_IEO_DIS_HI__AUDIO_1053_IEO_FEA_HI_sadtalker.pt,data\preprocessed\features\z_v\FAKE_T3_1053_IEO_DIS_HI__AUDIO_1053_IEO_FEA_HI_sadtalker.pt
FAKE_T3_1053_IEO_DIS_MD__AUDIO_1053_IEO_FEA_MD_sadtalker,track3,1,crema_1053,FEA,DIS,-1,1,1,1,,data\preprocessed\features\z_at\FAKE_T3_1053_IEO_DIS_MD__AUDIO_1053_IEO_FEA_MD_sadtalker.pt,data\preprocessed\features\z_v\FAKE_T3_1053_IEO_DIS_MD__AUDIO_1053_IEO_FEA_MD_sadtalker.pt
FAKE_T3_1053_IEO_FEA_HI__AUDIO_1053_IEO_HAP_HI_sadtalker,track3,1,crema_1053,HAP,FEA,-1,1,1,1,,data\preprocessed\features\z_at\FAKE_T3_1053_IEO_FEA_HI__AUDIO_1053_IEO_HAP_HI_sadtalker.pt,data\preprocessed\features\z_v\FAKE_T3_1053_IEO_FEA_HI__AUDIO_1053_IEO_HAP_HI_sadtalker.pt
FAKE_T3_1053_IEO_FEA_LO__AUDIO_1053_IEO_HAP_LO_sadtalker,track3,1,crema_1053,HAP,FEA,-1,1,1,1,,data\preprocessed\features\z_at\FAKE_T3_1053_IEO_FEA_LO__AUDIO_1053_IEO_HAP_LO_sadtalker.pt,data\preprocessed\features\z_v\FAKE_T3_1053_IEO_FEA_LO__AUDIO_1053_IEO_HAP_LO_sadtalker.pt
FAKE_T3_1053_IEO_FEA_MD__AUDIO_1053_IEO_HAP_MD_sadtalker,track3,1,crema_1053,HAP,FEA,-1,1,1,1,,data\preprocessed\features\z_at\FAKE_T3_1053_IEO_FEA_MD__AUDIO_1053_IEO_HAP_MD_sadtalker.pt,data\preprocessed\features\z_v\FAKE_T3_1053_IEO_FEA_MD__AUDIO_1053_IEO_HAP_MD_sadtalker.pt
FAKE_T3_1053_IEO_HAP_LO__AUDIO_1053_IEO_NEU_XX_sadtalker,track3,1,crema_1053,NEU,HAP,-1,1,1,1,,data\preprocessed\features\z_at\FAKE_T3_1053_IEO_HAP_LO__AUDIO_1053_IEO_NEU_XX_sadtalker.pt,data\preprocessed\features\z_v\FAKE_T3_1053_IEO_HAP_LO__AUDIO_1053_IEO_NEU_XX_sadtalker.pt
FAKE_T3_1053_IEO_HAP_MD__AUDIO_1053_IEO_NEU_XX_sadtalker,track3,1,crema_1053,NEU,HAP,-1,1,1,1,,data\preprocessed\features\z_at\FAKE_T3_1053_IEO_HAP_MD__AUDIO_1053_IEO_NEU_XX_sadtalker.pt,data\preprocessed\features\z_v\FAKE_T3_1053_IEO_HAP_MD__AUDIO_1053_IEO_NEU_XX_sadtalker.pt
FAKE_T3_1053_IEO_SAD_LO__AUDIO_1053_IEO_ANG_LO_sadtalker,track3,1,crema_1053,ANG,SAD,-1,1,1,1,,data\preprocessed\features\z_at\FAKE_T3_1053_IEO_SAD_LO__AUDIO_1053_IEO_ANG_LO_sadtalker.pt,data\preprocessed\features\z_v\FAKE_T3_1053_IEO_SAD_LO__AUDIO_1053_IEO_ANG_LO_sadtalker.pt
FAKE_T3_1053_IOM_ANG_XX__AUDIO_1053_IOM_DIS_XX_sadtalker,track3,1,crema_1053,DIS,ANG,-1,1,1,1,,data\preprocessed\features\z_at\FAKE_T3_1053_IOM_ANG_XX__AUDIO_1053_IOM_DIS_XX_sadtalker.pt,data\preprocessed\features\z_v\FAKE_T3_1053_IOM_ANG_XX__AUDIO_1053_IOM_DIS_XX_sadtalker.pt
FAKE_T3_1053_IOM_FEA_XX__AUDIO_1053_IOM_HAP_XX_sadtalker,track3,1,crema_1053,HAP,FEA,-1,1,1,1,,data\preprocessed\features\z_at\FAKE_T3_1053_IOM_FEA_XX__AUDIO_1053_IOM_HAP_XX_sadtalker.pt,data\preprocessed\features\z_v\FAKE_T3_1053_IOM_FEA_XX__AUDIO_1053_IOM_HAP_XX_sadtalker.pt
FAKE_T3_1053_IOM_HAP_XX__AUDIO_1053_IOM_NEU_XX_sadtalker,track3,1,crema_1053,NEU,HAP,-1,1,1,1,,data\preprocessed\features\z_at\FAKE_T3_1053_IOM_HAP_XX__AUDIO_1053_IOM_NEU_XX_sadtalker.pt,data\preprocessed\features\z_v\FAKE_T3_1053_IOM_HAP_XX__AUDIO_1053_IOM_NEU_XX_sadtalker.pt
FAKE_T3_1053_IOM_NEU_XX__AUDIO_1053_IOM_SAD_XX_sadtalker,track3,1,crema_1053,SAD,NEU,-1,1,1,1,,data\preprocessed\features\z_at\FAKE_T3_1053_IOM_NEU_XX__AUDIO_1053_IOM_SAD_XX_sadtalker.pt,data\preprocessed\features\z_v\FAKE_T3_1053_IOM_NEU_XX__AUDIO_1053_IOM_SAD_XX_sadtalker.pt
FAKE_T3_1053_ITH_DIS_XX__AUDIO_1053_ITH_FEA_XX_sadtalker,track3,1,crema_1053,FEA,DIS,-1,1,1,1,,data\preprocessed\features\z_at\FAKE_T3_1053_ITH_DIS_XX__AUDIO_1053_ITH_FEA_XX_sadtalker.pt,data\preprocessed\features\z_v\FAKE_T3_1053_ITH_DIS_XX__AUDIO_1053_ITH_FEA_XX_sadtalker.pt
FAKE_T3_1053_ITH_FEA_XX__AUDIO_1053_ITH_HAP_XX_sadtalker,track3,1,crema_1053,HAP,FEA,-1,1,1,1,,data\preprocessed\features\z_at\FAKE_T3_1053_ITH_FEA_XX__AUDIO_1053_ITH_HAP_XX_sadtalker.pt,data\preprocessed\features\z_v\FAKE_T3_1053_ITH_FEA_XX__AUDIO_1053_ITH_HAP_XX_sadtalker.pt
FAKE_T3_1053_ITH_HAP_XX__AUDIO_1053_ITH_NEU_XX_sadtalker,track3,1,crema_1053,NEU,HAP,-1,1,1,1,,data\preprocessed\features\z_at\FAKE_T3_1053_ITH_HAP_XX__AUDIO_1053_ITH_NEU_XX_sadtalker.pt,data\preprocessed\features\z_v\FAKE_T3_1053_ITH_HAP_XX__AUDIO_1053_ITH_NEU_XX_sadtalker.pt
FAKE_T3_1053_ITS_FEA_XX__AUDIO_1053_ITS_HAP_XX_sadtalker,track3,1,crema_1053,HAP,FEA,-1,1,1,1,,data\preprocessed\features\z_at\FAKE_T3_1053_ITS_FEA_XX__AUDIO_1053_ITS_HAP_XX_sadtalker.pt,data\preprocessed\features\z_v\FAKE_T3_1053_ITS_FEA_XX__AUDIO_1053_ITS_HAP_XX_sadtalker.pt
FAKE_T3_1053_ITS_HAP_XX__AUDIO_1053_ITS_NEU_XX_sadtalker,track3,1,crema_1053,NEU,HAP,-1,1,1,1,,data\preprocessed\features\z_at\FAKE_T3_1053_ITS_HAP_XX__AUDIO_1053_ITS_NEU_XX_sadtalker.pt,data\preprocessed\features\z_v\FAKE_T3_1053_ITS_HAP_XX__AUDIO_1053_ITS_NEU_XX_sadtalker.pt
FAKE_T3_1053_ITS_SAD_XX__AUDIO_1053_ITS_ANG_XX_sadtalker,track3,1,crema_1053,ANG,SAD,-1,1,1,1,,data\preprocessed\features\z_at\FAKE_T3_1053_ITS_SAD_XX__AUDIO_1053_ITS_ANG_XX_sadtalker.pt,data\preprocessed\features\z_v\FAKE_T3_1053_ITS_SAD_XX__AUDIO_1053_ITS_ANG_XX_sadtalker.pt
FAKE_T3_1053_IWL_ANG_XX__AUDIO_1053_IWL_DIS_XX_sadtalker,track3,1,crema_1053,DIS,ANG,-1,1,1,1,,data\preprocessed\features\z_at\FAKE_T3_1053_IWL_ANG_XX__AUDIO_1053_IWL_DIS_XX_sadtalker.pt,data\preprocessed\features\z_v\FAKE_T3_1053_IWL_ANG_XX__AUDIO_1053_IWL_DIS_XX_sadtalker.pt
FAKE_T3_1053_IWL_DIS_XX__AUDIO_1053_IWL_FEA_XX_sadtalker,track3,1,crema_1053,FEA,DIS,-1,1,1,1,,data\preprocessed\features\z_at\FAKE_T3_1053_IWL_DIS_XX__AUDIO_1053_IWL_FEA_XX_sadtalker.pt,data\preprocessed\features\z_v\FAKE_T3_1053_IWL_DIS_XX__AUDIO_1053_IWL_FEA_XX_sadtalker.pt
FAKE_T3_1053_IWL_NEU_XX__AUDIO_1053_IWL_SAD_XX_sadtalker,track3,1,crema_1053,SAD,NEU,-1,1,1,1,,data\preprocessed\features\z_at\FAKE_T3_1053_IWL_NEU_XX__AUDIO_1053_IWL_SAD_XX_sadtalker.pt,data\preprocessed\features\z_v\FAKE_T3_1053_IWL_NEU_XX__AUDIO_1053_IWL_SAD_XX_sadtalker.pt
FAKE_T3_1053_IWW_ANG_XX__AUDIO_1053_IWW_DIS_XX_sadtalker,track3,1,crema_1053,DIS,ANG,-1,1,1,1,,data\preprocessed\features\z_at\FAKE_T3_1053_IWW_ANG_XX__AUDIO_1053_IWW_DIS_XX_sadtalker.pt,data\preprocessed\features\z_v\FAKE_T3_1053_IWW_ANG_XX__AUDIO_1053_IWW_DIS_XX_sadtalker.pt
FAKE_T3_1053_IWW_DIS_XX__AUDIO_1053_IWW_FEA_XX_sadtalker,track3,1,crema_1053,FEA,DIS,-1,1,1,1,,data\preprocessed\features\z_at\FAKE_T3_1053_IWW_DIS_XX__AUDIO_1053_IWW_FEA_XX_sadtalker.pt,data\preprocessed\features\z_v\FAKE_T3_1053_IWW_DIS_XX__AUDIO_1053_IWW_FEA_XX_sadtalker.pt
FAKE_T3_1053_IWW_FEA_XX__AUDIO_1053_IWW_HAP_XX_sadtalker,track3,1,crema_1053,HAP,FEA,-1,1,1,1,,data\preprocessed\features\z_at\FAKE_T3_1053_IWW_FEA_XX__AUDIO_1053_IWW_HAP_XX_sadtalker.pt,data\preprocessed\features\z_v\FAKE_T3_1053_IWW_FEA_XX__AUDIO_1053_IWW_HAP_XX_sadtalker.pt
FAKE_T3_1053_IWW_NEU_XX__AUDIO_1053_IWW_SAD_XX_sadtalker,track3,1,crema_1053,SAD,NEU,-1,1,1,1,,data\preprocessed\features\z_at\FAKE_T3_1053_IWW_NEU_XX__AUDIO_1053_IWW_SAD_XX_sadtalker.pt,data\preprocessed\features\z_v\FAKE_T3_1053_IWW_NEU_XX__AUDIO_1053_IWW_SAD_XX_sadtalker.pt
FAKE_T3_1053_MTI_NEU_XX__AUDIO_1053_MTI_SAD_XX_sadtalker,track3,1,crema_1053,SAD,NEU,-1,1,1,1,,data\preprocessed\features\z_at\FAKE_T3_1053_MTI_NEU_XX__AUDIO_1053_MTI_SAD_XX_sadtalker.pt,data\preprocessed\features\z_v\FAKE_T3_1053_MTI_NEU_XX__AUDIO_1053_MTI_SAD_XX_sadtalker.pt
FAKE_T3_1053_MTI_SAD_XX__AUDIO_1053_MTI_ANG_XX_sadtalker,track3,1,crema_1053,ANG,SAD,-1,1,1,1,,data\preprocessed\features\z_at\FAKE_T3_1053_MTI_SAD_XX__AUDIO_1053_MTI_ANG_XX_sadtalker.pt,data\preprocessed\features\z_v\FAKE_T3_1053_MTI_SAD_XX__AUDIO_1053_MTI_ANG_XX_sadtalker.pt
FAKE_T3_1053_TAI_ANG_XX__AUDIO_1053_TAI_DIS_XX_sadtalker,track3,1,crema_1053,DIS,ANG,-1,1,1,1,,data\preprocessed\features\z_at\FAKE_T3_1053_TAI_ANG_XX__AUDIO_1053_TAI_DIS_XX_sadtalker.pt,data\preprocessed\features\z_v\FAKE_T3_1053_TAI_ANG_XX__AUDIO_1053_TAI_DIS_XX_sadtalker.pt
FAKE_T3_1053_TIE_DIS_XX__AUDIO_1053_TIE_FEA_XX_sadtalker,track3,1,crema_1053,FEA,DIS,-1,1,1,1,,data\preprocessed\features\z_at\FAKE_T3_1053_TIE_DIS_XX__AUDIO_1053_TIE_FEA_XX_sadtalker.pt,data\preprocessed\features\z_v\FAKE_T3_1053_TIE_DIS_XX__AUDIO_1053_TIE_FEA_XX_sadtalker.pt
FAKE_T3_1053_TSI_DIS_XX__AUDIO_1053_TSI_FEA_XX_sadtalker,track3,1,crema_1053,FEA,DIS,-1,1,1,1,,data\preprocessed\features\z_at\FAKE_T3_1053_TSI_DIS_XX__AUDIO_1053_TSI_FEA_XX_sadtalker.pt,data\preprocessed\features\z_v\FAKE_T3_1053_TSI_DIS_XX__AUDIO_1053_TSI_FEA_XX_sadtalker.pt
FAKE_T3_1053_TSI_HAP_XX__AUDIO_1053_TSI_NEU_XX_sadtalker,track3,1,crema_1053,NEU,HAP,-1,1,1,1,,data\preprocessed\features\z_at\FAKE_T3_1053_TSI_HAP_XX__AUDIO_1053_TSI_NEU_XX_sadtalker.pt,data\preprocessed\features\z_v\FAKE_T3_1053_TSI_HAP_XX__AUDIO_1053_TSI_NEU_XX_sadtalker.pt
FAKE_T3_1053_TSI_NEU_XX__AUDIO_1053_TSI_SAD_XX_sadtalker,track3,1,crema_1053,SAD,NEU,-1,1,1,1,,data\preprocessed\features\z_at\FAKE_T3_1053_TSI_NEU_XX__AUDIO_1053_TSI_SAD_XX_sadtalker.pt,data\preprocessed\features\z_v\FAKE_T3_1053_TSI_NEU_XX__AUDIO_1053_TSI_SAD_XX_sadtalker.pt
FAKE_T3_1053_TSI_SAD_XX__AUDIO_1053_TSI_ANG_XX_sadtalker,track3,1,crema_1053,ANG,SAD,-1,1,1,1,,data\preprocessed\features\z_at\FAKE_T3_1053_TSI_SAD_XX__AUDIO_1053_TSI_ANG_XX_sadtalker.pt,data\preprocessed\features\z_v\FAKE_T3_1053_TSI_SAD_XX__AUDIO_1053_TSI_ANG_XX_sadtalker.pt
FAKE_T3_1053_WSI_DIS_XX__AUDIO_1053_WSI_FEA_XX_sadtalker,track3,1,crema_1053,FEA,DIS,-1,1,1,1,,data\preprocessed\features\z_at\FAKE_T3_1053_WSI_DIS_XX__AUDIO_1053_WSI_FEA_XX_sadtalker.pt,data\preprocessed\features\z_v\FAKE_T3_1053_WSI_DIS_XX__AUDIO_1053_WSI_FEA_XX_sadtalker.pt
FAKE_T3_1053_WSI_FEA_XX__AUDIO_1053_WSI_HAP_XX_sadtalker,track3,1,crema_1053,HAP,FEA,-1,1,1,1,,data\preprocessed\features\z_at\FAKE_T3_1053_WSI_FEA_XX__AUDIO_1053_WSI_HAP_XX_sadtalker.pt,data\preprocessed\features\z_v\FAKE_T3_1053_WSI_FEA_XX__AUDIO_1053_WSI_HAP_XX_sadtalker.pt
FAKE_T3_1053_WSI_NEU_XX__AUDIO_1053_WSI_SAD_XX_sadtalker,track3,1,crema_1053,SAD,NEU,-1,1,1,1,,data\preprocessed\features\z_at\FAKE_T3_1053_WSI_NEU_XX__AUDIO_1053_WSI_SAD_XX_sadtalker.pt,data\preprocessed\features\z_v\FAKE_T3_1053_WSI_NEU_XX__AUDIO_1053_WSI_SAD_XX_sadtalker.pt
FAKE_T3_1053_WSI_SAD_XX__AUDIO_1053_WSI_ANG_XX_sadtalker,track3,1,crema_1053,ANG,SAD,-1,1,1,1,,data\preprocessed\features\z_at\FAKE_T3_1053_WSI_SAD_XX__AUDIO_1053_WSI_ANG_XX_sadtalker.pt,data\preprocessed\features\z_v\FAKE_T3_1053_WSI_SAD_XX__AUDIO_1053_WSI_ANG_XX_sadtalker.pt
FAKE_T3_1054_DFA_ANG_XX__AUDIO_1054_DFA_DIS_XX_sadtalker,track3,1,crema_1054,DIS,ANG,-1,1,1,1,,data\preprocessed\features\z_at\FAKE_T3_1054_DFA_ANG_XX__AUDIO_1054_DFA_DIS_XX_sadtalker.pt,data\preprocessed\features\z_v\FAKE_T3_1054_DFA_ANG_XX__AUDIO_1054_DFA_DIS_XX_sadtalker.pt
FAKE_T3_1054_DFA_DIS_XX__AUDIO_1054_DFA_FEA_XX_sadtalker,track3,1,crema_1054,FEA,DIS,-1,1,1,1,,data\preprocessed\features\z_at\FAKE_T3_1054_DFA_DIS_XX__AUDIO_1054_DFA_FEA_XX_sadtalker.pt,data\preprocessed\features\z_v\FAKE_T3_1054_DFA_DIS_XX__AUDIO_1054_DFA_FEA_XX_sadtalker.pt
FAKE_T3_1054_DFA_FEA_XX__AUDIO_1054_DFA_HAP_XX_sadtalker,track3,1,crema_1054,HAP,FEA,-1,1,1,1,,data\preprocessed\features\z_at\FAKE_T3_1054_DFA_FEA_XX__AUDIO_1054_DFA_HAP_XX_sadtalker.pt,data\preprocessed\features\z_v\FAKE_T3_1054_DFA_FEA_XX__AUDIO_1054_DFA_HAP_XX_sadtalker.pt
FAKE_T3_1054_DFA_HAP_XX__AUDIO_1054_DFA_NEU_XX_sadtalker,track3,1,crema_1054,NEU,HAP,-1,1,1,1,,data\preprocessed\features\z_at\FAKE_T3_1054_DFA_HAP_XX__AUDIO_1054_DFA_NEU_XX_sadtalker.pt,data\preprocessed\features\z_v\FAKE_T3_1054_DFA_HAP_XX__AUDIO_1054_DFA_NEU_XX_sadtalker.pt
FAKE_T3_1054_DFA_SAD_XX__AUDIO_1054_DFA_ANG_XX_sadtalker,track3,1,crema_1054,ANG,SAD,-1,1,1,1,,data\preprocessed\features\z_at\FAKE_T3_1054_DFA_SAD_XX__AUDIO_1054_DFA_ANG_XX_sadtalker.pt,data\preprocessed\features\z_v\FAKE_T3_1054_DFA_SAD_XX__AUDIO_1054_DFA_ANG_XX_sadtalker.pt
FAKE_T3_1054_IEO_ANG_HI__AUDIO_1054_IEO_DIS_HI_sadtalker,track3,1,crema_1054,DIS,ANG,-1,1,1,1,,data\preprocessed\features\z_at\FAKE_T3_1054_IEO_ANG_HI__AUDIO_1054_IEO_DIS_HI_sadtalker.pt,data\preprocessed\features\z_v\FAKE_T3_1054_IEO_ANG_HI__AUDIO_1054_IEO_DIS_HI_sadtalker.pt
FAKE_T3_1054_IEO_ANG_LO__AUDIO_1054_IEO_DIS_LO_sadtalker,track3,1,crema_1054,DIS,ANG,-1,1,1,1,,data\preprocessed\features\z_at\FAKE_T3_1054_IEO_ANG_LO__AUDIO_1054_IEO_DIS_LO_sadtalker.pt,data\preprocessed\features\z_v\FAKE_T3_1054_IEO_ANG_LO__AUDIO_1054_IEO_DIS_LO_sadtalker.pt
FAKE_T3_1054_IEO_ANG_MD__AUDIO_1054_IEO_DIS_MD_sadtalker,track3,1,crema_1054,DIS,ANG,-1,1,1,1,,data\preprocessed\features\z_at\FAKE_T3_1054_IEO_ANG_MD__AUDIO_1054_IEO_DIS_MD_sadtalker.pt,data\preprocessed\features\z_v\FAKE_T3_1054_IEO_ANG_MD__AUDIO_1054_IEO_DIS_MD_sadtalker.pt
FAKE_T3_1054_IEO_DIS_MD__AUDIO_1054_IEO_FEA_MD_sadtalker,track3,1,crema_1054,FEA,DIS,-1,1,1,1,,data\preprocessed\features\z_at\FAKE_T3_1054_IEO_DIS_MD__AUDIO_1054_IEO_FEA_MD_sadtalker.pt,data\preprocessed\features\z_v\FAKE_T3_1054_IEO_DIS_MD__AUDIO_1054_IEO_FEA_MD_sadtalker.pt
FAKE_T3_1054_IEO_FEA_HI__AUDIO_1054_IEO_HAP_HI_sadtalker,track3,1,crema_1054,HAP,FEA,-1,1,1,1,,data\preprocessed\features\z_at\FAKE_T3_1054_IEO_FEA_HI__AUDIO_1054_IEO_HAP_HI_sadtalker.pt,data\preprocessed\features\z_v\FAKE_T3_1054_IEO_FEA_HI__AUDIO_1054_IEO_HAP_HI_sadtalker.pt
FAKE_T3_1054_IEO_FEA_LO__AUDIO_1054_IEO_HAP_LO_sadtalker,track3,1,crema_1054,HAP,FEA,-1,1,1,1,,data\preprocessed\features\z_at\FAKE_T3_1054_IEO_FEA_LO__AUDIO_1054_IEO_HAP_LO_sadtalker.pt,data\preprocessed\features\z_v\FAKE_T3_1054_IEO_FEA_LO__AUDIO_1054_IEO_HAP_LO_sadtalker.pt
FAKE_T3_1054_IEO_HAP_HI__AUDIO_1054_IEO_NEU_XX_sadtalker,track3,1,crema_1054,NEU,HAP,-1,1,1,1,,data\preprocessed\features\z_at\FAKE_T3_1054_IEO_HAP_HI__AUDIO_1054_IEO_NEU_XX_sadtalker.pt,data\preprocessed\features\z_v\FAKE_T3_1054_IEO_HAP_HI__AUDIO_1054_IEO_NEU_XX_sadtalker.pt
FAKE_T3_1054_IEO_HAP_LO__AUDIO_1054_IEO_NEU_XX_sadtalker,track3,1,crema_1054,NEU,HAP,-1,1,1,1,,data\preprocessed\features\z_at\FAKE_T3_1054_IEO_HAP_LO__AUDIO_1054_IEO_NEU_XX_sadtalker.pt,data\preprocessed\features\z_v\FAKE_T3_1054_IEO_HAP_LO__AUDIO_1054_IEO_NEU_XX_sadtalker.pt
FAKE_T3_1054_IEO_SAD_MD__AUDIO_1054_IEO_ANG_MD_sadtalker,track3,1,crema_1054,ANG,SAD,-1,1,1,1,,data\preprocessed\features\z_at\FAKE_T3_1054_IEO_SAD_MD__AUDIO_1054_IEO_ANG_MD_sadtalker.pt,data\preprocessed\features\z_v\FAKE_T3_1054_IEO_SAD_MD__AUDIO_1054_IEO_ANG_MD_sadtalker.pt
FAKE_T3_1054_IOM_DIS_XX__AUDIO_1054_IOM_FEA_XX_sadtalker,track3,1,crema_1054,FEA,DIS,-1,1,1,1,,data\preprocessed\features\z_at\FAKE_T3_1054_IOM_DIS_XX__AUDIO_1054_IOM_FEA_XX_sadtalker.pt,data\preprocessed\features\z_v\FAKE_T3_1054_IOM_DIS_XX__AUDIO_1054_IOM_FEA_XX_sadtalker.pt
FAKE_T3_1054_IOM_FEA_XX__AUDIO_1054_IOM_HAP_XX_sadtalker,track3,1,crema_1054,HAP,FEA,-1,1,1,1,,data\preprocessed\features\z_at\FAKE_T3_1054_IOM_FEA_XX__AUDIO_1054_IOM_HAP_XX_sadtalker.pt,data\preprocessed\features\z_v\FAKE_T3_1054_IOM_FEA_XX__AUDIO_1054_IOM_HAP_XX_sadtalker.pt
FAKE_T3_1054_IOM_HAP_XX__AUDIO_1054_IOM_NEU_XX_sadtalker,track3,1,crema_1054,NEU,HAP,-1,1,1,1,,data\preprocessed\features\z_at\FAKE_T3_1054_IOM_HAP_XX__AUDIO_1054_IOM_NEU_XX_sadtalker.pt,data\preprocessed\features\z_v\FAKE_T3_1054_IOM_HAP_XX__AUDIO_1054_IOM_NEU_XX_sadtalker.pt
FAKE_T3_1054_ITH_ANG_XX__AUDIO_1054_ITH_DIS_XX_sadtalker,track3,1,crema_1054,DIS,ANG,-1,1,1,1,,data\preprocessed\features\z_at\FAKE_T3_1054_ITH_ANG_XX__AUDIO_1054_ITH_DIS_XX_sadtalker.pt,data\preprocessed\features\z_v\FAKE_T3_1054_ITH_ANG_XX__AUDIO_1054_ITH_DIS_XX_sadtalker.pt
FAKE_T3_1054_ITH_DIS_XX__AUDIO_1054_ITH_FEA_XX_sadtalker,track3,1,crema_1054,FEA,DIS,-1,1,1,1,,data\preprocessed\features\z_at\FAKE_T3_1054_ITH_DIS_XX__AUDIO_1054_ITH_FEA_XX_sadtalker.pt,data\preprocessed\features\z_v\FAKE_T3_1054_ITH_DIS_XX__AUDIO_1054_ITH_FEA_XX_sadtalker.pt
FAKE_T3_1054_ITH_FEA_XX__AUDIO_1054_ITH_HAP_XX_sadtalker,track3,1,crema_1054,HAP,FEA,-1,1,1,1,,data\preprocessed\features\z_at\FAKE_T3_1054_ITH_FEA_XX__AUDIO_1054_ITH_HAP_XX_sadtalker.pt,data\preprocessed\features\z_v\FAKE_T3_1054_ITH_FEA_XX__AUDIO_1054_ITH_HAP_XX_sadtalker.pt
FAKE_T3_1054_ITH_SAD_XX__AUDIO_1054_ITH_ANG_XX_sadtalker,track3,1,crema_1054,ANG,SAD,-1,1,1,1,,data\preprocessed\features\z_at\FAKE_T3_1054_ITH_SAD_XX__AUDIO_1054_ITH_ANG_XX_sadtalker.pt,data\preprocessed\features\z_v\FAKE_T3_1054_ITH_SAD_XX__AUDIO_1054_ITH_ANG_XX_sadtalker.pt
FAKE_T3_1054_ITS_HAP_XX__AUDIO_1054_ITS_NEU_XX_sadtalker,track3,1,crema_1054,NEU,HAP,-1,1,1,1,,data\preprocessed\features\z_at\FAKE_T3_1054_ITS_HAP_XX__AUDIO_1054_ITS_NEU_XX_sadtalker.pt,data\preprocessed\features\z_v\FAKE_T3_1054_ITS_HAP_XX__AUDIO_1054_ITS_NEU_XX_sadtalker.pt
FAKE_T3_1054_ITS_NEU_XX__AUDIO_1054_ITS_SAD_XX_sadtalker,track3,1,crema_1054,SAD,NEU,-1,1,1,1,,data\preprocessed\features\z_at\FAKE_T3_1054_ITS_NEU_XX__AUDIO_1054_ITS_SAD_XX_sadtalker.pt,data\preprocessed\features\z_v\FAKE_T3_1054_ITS_NEU_XX__AUDIO_1054_ITS_SAD_XX_sadtalker.pt
FAKE_T3_1054_IWL_DIS_XX__AUDIO_1054_IWL_FEA_XX_sadtalker,track3,1,crema_1054,FEA,DIS,-1,1,1,1,,data\preprocessed\features\z_at\FAKE_T3_1054_IWL_DIS_XX__AUDIO_1054_IWL_FEA_XX_sadtalker.pt,data\preprocessed\features\z_v\FAKE_T3_1054_IWL_DIS_XX__AUDIO_1054_IWL_FEA_XX_sadtalker.pt
FAKE_T3_1054_IWL_HAP_XX__AUDIO_1054_IWL_NEU_XX_sadtalker,track3,1,crema_1054,NEU,HAP,-1,1,1,1,,data\preprocessed\features\z_at\FAKE_T3_1054_IWL_HAP_XX__AUDIO_1054_IWL_NEU_XX_sadtalker.pt,data\preprocessed\features\z_v\FAKE_T3_1054_IWL_HAP_XX__AUDIO_1054_IWL_NEU_XX_sadtalker.pt
FAKE_T3_1054_IWL_SAD_XX__AUDIO_1054_IWL_ANG_XX_sadtalker,track3,1,crema_1054,ANG,SAD,-1,1,1,1,,data\preprocessed\features\z_at\FAKE_T3_1054_IWL_SAD_XX__AUDIO_1054_IWL_ANG_XX_sadtalker.pt,data\preprocessed\features\z_v\FAKE_T3_1054_IWL_SAD_XX__AUDIO_1054_IWL_ANG_XX_sadtalker.pt
FAKE_T3_1054_IWW_ANG_XX__AUDIO_1054_IWW_DIS_XX_sadtalker,track3,1,crema_1054,DIS,ANG,-1,1,1,1,,data\preprocessed\features\z_at\FAKE_T3_1054_IWW_ANG_XX__AUDIO_1054_IWW_DIS_XX_sadtalker.pt,data\preprocessed\features\z_v\FAKE_T3_1054_IWW_ANG_XX__AUDIO_1054_IWW_DIS_XX_sadtalker.pt
FAKE_T3_1054_IWW_HAP_XX__AUDIO_1054_IWW_NEU_XX_sadtalker,track3,1,crema_1054,NEU,HAP,-1,1,1,1,,data\preprocessed\features\z_at\FAKE_T3_1054_IWW_HAP_XX__AUDIO_1054_IWW_NEU_XX_sadtalker.pt,data\preprocessed\features\z_v\FAKE_T3_1054_IWW_HAP_XX__AUDIO_1054_IWW_NEU_XX_sadtalker.pt
FAKE_T3_1054_IWW_SAD_XX__AUDIO_1054_IWW_ANG_XX_sadtalker,track3,1,crema_1054,ANG,SAD,-1,1,1,1,,data\preprocessed\features\z_at\FAKE_T3_1054_IWW_SAD_XX__AUDIO_1054_IWW_ANG_XX_sadtalker.pt,data\preprocessed\features\z_v\FAKE_T3_1054_IWW_SAD_XX__AUDIO_1054_IWW_ANG_XX_sadtalker.pt
FAKE_T3_1054_MTI_ANG_XX__AUDIO_1054_MTI_DIS_XX_sadtalker,track3,1,crema_1054,DIS,ANG,-1,1,1,1,,data\preprocessed\features\z_at\FAKE_T3_1054_MTI_ANG_XX__AUDIO_1054_MTI_DIS_XX_sadtalker.pt,data\preprocessed\features\z_v\FAKE_T3_1054_MTI_ANG_XX__AUDIO_1054_MTI_DIS_XX_sadtalker.pt
FAKE_T3_1054_MTI_HAP_XX__AUDIO_1054_MTI_NEU_XX_sadtalker,track3,1,crema_1054,NEU,HAP,-1,1,1,1,,data\preprocessed\features\z_at\FAKE_T3_1054_MTI_HAP_XX__AUDIO_1054_MTI_NEU_XX_sadtalker.pt,data\preprocessed\features\z_v\FAKE_T3_1054_MTI_HAP_XX__AUDIO_1054_MTI_NEU_XX_sadtalker.pt
FAKE_T3_1054_MTI_NEU_XX__AUDIO_1054_MTI_SAD_XX_sadtalker,track3,1,crema_1054,SAD,NEU,-1,1,1,1,,data\preprocessed\features\z_at\FAKE_T3_1054_MTI_NEU_XX__AUDIO_1054_MTI_SAD_XX_sadtalker.pt,data\preprocessed\features\z_v\FAKE_T3_1054_MTI_NEU_XX__AUDIO_1054_MTI_SAD_XX_sadtalker.pt
FAKE_T3_1054_TAI_HAP_XX__AUDIO_1054_TAI_NEU_XX_sadtalker,track3,1,crema_1054,NEU,HAP,-1,1,1,1,,data\preprocessed\features\z_at\FAKE_T3_1054_TAI_HAP_XX__AUDIO_1054_TAI_NEU_XX_sadtalker.pt,data\preprocessed\features\z_v\FAKE_T3_1054_TAI_HAP_XX__AUDIO_1054_TAI_NEU_XX_sadtalker.pt
FAKE_T3_1054_TAI_SAD_XX__AUDIO_1054_TAI_ANG_XX_sadtalker,track3,1,crema_1054,ANG,SAD,-1,1,1,1,,data\preprocessed\features\z_at\FAKE_T3_1054_TAI_SAD_XX__AUDIO_1054_TAI_ANG_XX_sadtalker.pt,data\preprocessed\features\z_v\FAKE_T3_1054_TAI_SAD_XX__AUDIO_1054_TAI_ANG_XX_sadtalker.pt
FAKE_T3_1054_TSI_DIS_XX__AUDIO_1054_TSI_FEA_XX_sadtalker,track3,1,crema_1054,FEA,DIS,-1,1,1,1,,data\preprocessed\features\z_at\FAKE_T3_1054_TSI_DIS_XX__AUDIO_1054_TSI_FEA_XX_sadtalker.pt,data\preprocessed\features\z_v\FAKE_T3_1054_TSI_DIS_XX__AUDIO_1054_TSI_FEA_XX_sadtalker.pt
FAKE_T3_1054_TSI_NEU_XX__AUDIO_1054_TSI_SAD_XX_sadtalker,track3,1,crema_1054,SAD,NEU,-1,1,1,1,,data\preprocessed\features\z_at\FAKE_T3_1054_TSI_NEU_XX__AUDIO_1054_TSI_SAD_XX_sadtalker.pt,data\preprocessed\features\z_v\FAKE_T3_1054_TSI_NEU_XX__AUDIO_1054_TSI_SAD_XX_sadtalker.pt
FAKE_T3_1054_TSI_SAD_XX__AUDIO_1054_TSI_ANG_XX_sadtalker,track3,1,crema_1054,ANG,SAD,-1,1,1,1,,data\preprocessed\features\z_at\FAKE_T3_1054_TSI_SAD_XX__AUDIO_1054_TSI_ANG_XX_sadtalker.pt,data\preprocessed\features\z_v\FAKE_T3_1054_TSI_SAD_XX__AUDIO_1054_TSI_ANG_XX_sadtalker.pt
FAKE_T3_1054_WSI_DIS_XX__AUDIO_1054_WSI_FEA_XX_sadtalker,track3,1,crema_1054,FEA,DIS,-1,1,1,1,,data\preprocessed\features\z_at\FAKE_T3_1054_WSI_DIS_XX__AUDIO_1054_WSI_FEA_XX_sadtalker.pt,data\preprocessed\features\z_v\FAKE_T3_1054_WSI_DIS_XX__AUDIO_1054_WSI_FEA_XX_sadtalker.pt
FAKE_T3_1054_WSI_HAP_XX__AUDIO_1054_WSI_NEU_XX_sadtalker,track3,1,crema_1054,NEU,HAP,-1,1,1,1,,data\preprocessed\features\z_at\FAKE_T3_1054_WSI_HAP_XX__AUDIO_1054_WSI_NEU_XX_sadtalker.pt,data\preprocessed\features\z_v\FAKE_T3_1054_WSI_HAP_XX__AUDIO_1054_WSI_NEU_XX_sadtalker.pt
FAKE_T3_1054_WSI_NEU_XX__AUDIO_1054_WSI_SAD_XX_sadtalker,track3,1,crema_1054,SAD,NEU,-1,1,1,1,,data\preprocessed\features\z_at\FAKE_T3_1054_WSI_NEU_XX__AUDIO_1054_WSI_SAD_XX_sadtalker.pt,data\preprocessed\features\z_v\FAKE_T3_1054_WSI_NEU_XX__AUDIO_1054_WSI_SAD_XX_sadtalker.pt
FAKE_T3_1054_WSI_SAD_XX__AUDIO_1054_WSI_ANG_XX_sadtalker,track3,1,crema_1054,ANG,SAD,-1,1,1,1,,data\preprocessed\features\z_at\FAKE_T3_1054_WSI_SAD_XX__AUDIO_1054_WSI_ANG_XX_sadtalker.pt,data\preprocessed\features\z_v\FAKE_T3_1054_WSI_SAD_XX__AUDIO_1054_WSI_ANG_XX_sadtalker.pt
FAKE_T3_1055_DFA_ANG_XX__AUDIO_1055_DFA_DIS_XX_sadtalker,track3,1,crema_1055,DIS,ANG,-1,1,1,1,,data\preprocessed\features\z_at\FAKE_T3_1055_DFA_ANG_XX__AUDIO_1055_DFA_DIS_XX_sadtalker.pt,data\preprocessed\features\z_v\FAKE_T3_1055_DFA_ANG_XX__AUDIO_1055_DFA_DIS_XX_sadtalker.pt
FAKE_T3_1055_DFA_DIS_XX__AUDIO_1055_DFA_FEA_XX_sadtalker,track3,1,crema_1055,FEA,DIS,-1,1,1,1,,data\preprocessed\features\z_at\FAKE_T3_1055_DFA_DIS_XX__AUDIO_1055_DFA_FEA_XX_sadtalker.pt,data\preprocessed\features\z_v\FAKE_T3_1055_DFA_DIS_XX__AUDIO_1055_DFA_FEA_XX_sadtalker.pt
FAKE_T3_1055_DFA_HAP_XX__AUDIO_1055_DFA_NEU_XX_sadtalker,track3,1,crema_1055,NEU,HAP,-1,1,1,1,,data\preprocessed\features\z_at\FAKE_T3_1055_DFA_HAP_XX__AUDIO_1055_DFA_NEU_XX_sadtalker.pt,data\preprocessed\features\z_v\FAKE_T3_1055_DFA_HAP_XX__AUDIO_1055_DFA_NEU_XX_sadtalker.pt
FAKE_T3_1055_DFA_NEU_XX__AUDIO_1055_DFA_SAD_XX_sadtalker,track3,1,crema_1055,SAD,NEU,-1,1,1,1,,data\preprocessed\features\z_at\FAKE_T3_1055_DFA_NEU_XX__AUDIO_1055_DFA_SAD_XX_sadtalker.pt,data\preprocessed\features\z_v\FAKE_T3_1055_DFA_NEU_XX__AUDIO_1055_DFA_SAD_XX_sadtalker.pt
FAKE_T3_1055_DFA_SAD_XX__AUDIO_1055_DFA_ANG_XX_sadtalker,track3,1,crema_1055,ANG,SAD,-1,1,1,1,,data\preprocessed\features\z_at\FAKE_T3_1055_DFA_SAD_XX__AUDIO_1055_DFA_ANG_XX_sadtalker.pt,data\preprocessed\features\z_v\FAKE_T3_1055_DFA_SAD_XX__AUDIO_1055_DFA_ANG_XX_sadtalker.pt
FAKE_T3_1055_IEO_ANG_LO__AUDIO_1055_IEO_DIS_LO_sadtalker,track3,1,crema_1055,DIS,ANG,-1,1,1,1,,data\preprocessed\features\z_at\FAKE_T3_1055_IEO_ANG_LO__AUDIO_1055_IEO_DIS_LO_sadtalker.pt,data\preprocessed\features\z_v\FAKE_T3_1055_IEO_ANG_LO__AUDIO_1055_IEO_DIS_LO_sadtalker.pt
FAKE_T3_1055_IEO_DIS_LO__AUDIO_1055_IEO_FEA_LO_sadtalker,track3,1,crema_1055,FEA,DIS,-1,1,1,1,,data\preprocessed\features\z_at\FAKE_T3_1055_IEO_DIS_LO__AUDIO_1055_IEO_FEA_LO_sadtalker.pt,data\preprocessed\features\z_v\FAKE_T3_1055_IEO_DIS_LO__AUDIO_1055_IEO_FEA_LO_sadtalker.pt
FAKE_T3_1055_IEO_FEA_MD__AUDIO_1055_IEO_HAP_MD_sadtalker,track3,1,crema_1055,HAP,FEA,-1,1,1,1,,data\preprocessed\features\z_at\FAKE_T3_1055_IEO_FEA_MD__AUDIO_1055_IEO_HAP_MD_sadtalker.pt,data\preprocessed\features\z_v\FAKE_T3_1055_IEO_FEA_MD__AUDIO_1055_IEO_HAP_MD_sadtalker.pt
FAKE_T3_1055_IEO_HAP_MD__AUDIO_1055_IEO_NEU_XX_sadtalker,track3,1,crema_1055,NEU,HAP,-1,1,1,1,,data\preprocessed\features\z_at\FAKE_T3_1055_IEO_HAP_MD__AUDIO_1055_IEO_NEU_XX_sadtalker.pt,data\preprocessed\features\z_v\FAKE_T3_1055_IEO_HAP_MD__AUDIO_1055_IEO_NEU_XX_sadtalker.pt
FAKE_T3_1055_IEO_NEU_XX__AUDIO_1055_IEO_SAD_HI_sadtalker,track3,1,crema_1055,SAD,NEU,-1,1,1,1,,data\preprocessed\features\z_at\FAKE_T3_1055_IEO_NEU_XX__AUDIO_1055_IEO_SAD_HI_sadtalker.pt,data\preprocessed\features\z_v\FAKE_T3_1055_IEO_NEU_XX__AUDIO_1055_IEO_SAD_HI_sadtalker.pt
FAKE_T3_1055_IEO_SAD_MD__AUDIO_1055_IEO_ANG_MD_sadtalker,track3,1,crema_1055,ANG,SAD,-1,1,1,1,,data\preprocessed\features\z_at\FAKE_T3_1055_IEO_SAD_MD__AUDIO_1055_IEO_ANG_MD_sadtalker.pt,data\preprocessed\features\z_v\FAKE_T3_1055_IEO_SAD_MD__AUDIO_1055_IEO_ANG_MD_sadtalker.pt
FAKE_T3_1055_IOM_ANG_XX__AUDIO_1055_IOM_DIS_XX_sadtalker,track3,1,crema_1055,DIS,ANG,-1,1,1,1,,data\preprocessed\features\z_at\FAKE_T3_1055_IOM_ANG_XX__AUDIO_1055_IOM_DIS_XX_sadtalker.pt,data\preprocessed\features\z_v\FAKE_T3_1055_IOM_ANG_XX__AUDIO_1055_IOM_DIS_XX_sadtalker.pt
FAKE_T3_1055_IOM_DIS_XX__AUDIO_1055_IOM_FEA_XX_sadtalker,track3,1,crema_1055,FEA,DIS,-1,1,1,1,,data\preprocessed\features\z_at\FAKE_T3_1055_IOM_DIS_XX__AUDIO_1055_IOM_FEA_XX_sadtalker.pt,data\preprocessed\features\z_v\FAKE_T3_1055_IOM_DIS_XX__AUDIO_1055_IOM_FEA_XX_sadtalker.pt
FAKE_T3_1055_IOM_FEA_XX__AUDIO_1055_IOM_HAP_XX_sadtalker,track3,1,crema_1055,HAP,FEA,-1,1,1,1,,data\preprocessed\features\z_at\FAKE_T3_1055_IOM_FEA_XX__AUDIO_1055_IOM_HAP_XX_sadtalker.pt,data\preprocessed\features\z_v\FAKE_T3_1055_IOM_FEA_XX__AUDIO_1055_IOM_HAP_XX_sadtalker.pt
FAKE_T3_1055_IOM_NEU_XX__AUDIO_1055_IOM_SAD_XX_sadtalker,track3,1,crema_1055,SAD,NEU,-1,1,1,1,,data\preprocessed\features\z_at\FAKE_T3_1055_IOM_NEU_XX__AUDIO_1055_IOM_SAD_XX_sadtalker.pt,data\preprocessed\features\z_v\FAKE_T3_1055_IOM_NEU_XX__AUDIO_1055_IOM_SAD_XX_sadtalker.pt
FAKE_T3_1055_ITH_HAP_XX__AUDIO_1055_ITH_NEU_XX_sadtalker,track3,1,crema_1055,NEU,HAP,-1,1,1,1,,data\preprocessed\features\z_at\FAKE_T3_1055_ITH_HAP_XX__AUDIO_1055_ITH_NEU_XX_sadtalker.pt,data\preprocessed\features\z_v\FAKE_T3_1055_ITH_HAP_XX__AUDIO_1055_ITH_NEU_XX_sadtalker.pt
FAKE_T3_1055_ITH_NEU_XX__AUDIO_1055_ITH_SAD_XX_sadtalker,track3,1,crema_1055,SAD,NEU,-1,1,1,1,,data\preprocessed\features\z_at\FAKE_T3_1055_ITH_NEU_XX__AUDIO_1055_ITH_SAD_XX_sadtalker.pt,data\preprocessed\features\z_v\FAKE_T3_1055_ITH_NEU_XX__AUDIO_1055_ITH_SAD_XX_sadtalker.pt
FAKE_T3_1055_ITS_DIS_XX__AUDIO_1055_ITS_FEA_XX_sadtalker,track3,1,crema_1055,FEA,DIS,-1,1,1,1,,data\preprocessed\features\z_at\FAKE_T3_1055_ITS_DIS_XX__AUDIO_1055_ITS_FEA_XX_sadtalker.pt,data\preprocessed\features\z_v\FAKE_T3_1055_ITS_DIS_XX__AUDIO_1055_ITS_FEA_XX_sadtalker.pt
FAKE_T3_1055_ITS_FEA_XX__AUDIO_1055_ITS_HAP_XX_sadtalker,track3,1,crema_1055,HAP,FEA,-1,1,1,1,,data\preprocessed\features\z_at\FAKE_T3_1055_ITS_FEA_XX__AUDIO_1055_ITS_HAP_XX_sadtalker.pt,data\preprocessed\features\z_v\FAKE_T3_1055_ITS_FEA_XX__AUDIO_1055_ITS_HAP_XX_sadtalker.pt
FAKE_T3_1055_ITS_HAP_XX__AUDIO_1055_ITS_NEU_XX_sadtalker,track3,1,crema_1055,NEU,HAP,-1,1,1,1,,data\preprocessed\features\z_at\FAKE_T3_1055_ITS_HAP_XX__AUDIO_1055_ITS_NEU_XX_sadtalker.pt,data\preprocessed\features\z_v\FAKE_T3_1055_ITS_HAP_XX__AUDIO_1055_ITS_NEU_XX_sadtalker.pt
FAKE_T3_1055_ITS_NEU_XX__AUDIO_1055_ITS_SAD_XX_sadtalker,track3,1,crema_1055,SAD,NEU,-1,1,1,1,,data\preprocessed\features\z_at\FAKE_T3_1055_ITS_NEU_XX__AUDIO_1055_ITS_SAD_XX_sadtalker.pt,data\preprocessed\features\z_v\FAKE_T3_1055_ITS_NEU_XX__AUDIO_1055_ITS_SAD_XX_sadtalker.pt
FAKE_T3_1055_ITS_SAD_XX__AUDIO_1055_ITS_ANG_XX_sadtalker,track3,1,crema_1055,ANG,SAD,-1,1,1,1,,data\preprocessed\features\z_at\FAKE_T3_1055_ITS_SAD_XX__AUDIO_1055_ITS_ANG_XX_sadtalker.pt,data\preprocessed\features\z_v\FAKE_T3_1055_ITS_SAD_XX__AUDIO_1055_ITS_ANG_XX_sadtalker.pt
FAKE_T3_1055_IWL_ANG_XX__AUDIO_1055_IWL_DIS_XX_sadtalker,track3,1,crema_1055,DIS,ANG,-1,1,1,1,,data\preprocessed\features\z_at\FAKE_T3_1055_IWL_ANG_XX__AUDIO_1055_IWL_DIS_XX_sadtalker.pt,data\preprocessed\features\z_v\FAKE_T3_1055_IWL_ANG_XX__AUDIO_1055_IWL_DIS_XX_sadtalker.pt
FAKE_T3_1055_IWW_ANG_XX__AUDIO_1055_IWW_DIS_XX_sadtalker,track3,1,crema_1055,DIS,ANG,-1,1,1,1,,data\preprocessed\features\z_at\FAKE_T3_1055_IWW_ANG_XX__AUDIO_1055_IWW_DIS_XX_sadtalker.pt,data\preprocessed\features\z_v\FAKE_T3_1055_IWW_ANG_XX__AUDIO_1055_IWW_DIS_XX_sadtalker.pt
FAKE_T3_1055_IWW_DIS_XX__AUDIO_1055_IWW_FEA_XX_sadtalker,track3,1,crema_1055,FEA,DIS,-1,1,1,1,,data\preprocessed\features\z_at\FAKE_T3_1055_IWW_DIS_XX__AUDIO_1055_IWW_FEA_XX_sadtalker.pt,data\preprocessed\features\z_v\FAKE_T3_1055_IWW_DIS_XX__AUDIO_1055_IWW_FEA_XX_sadtalker.pt
FAKE_T3_1055_IWW_FEA_XX__AUDIO_1055_IWW_HAP_XX_sadtalker,track3,1,crema_1055,HAP,FEA,-1,1,1,1,,data\preprocessed\features\z_at\FAKE_T3_1055_IWW_FEA_XX__AUDIO_1055_IWW_HAP_XX_sadtalker.pt,data\preprocessed\features\z_v\FAKE_T3_1055_IWW_FEA_XX__AUDIO_1055_IWW_HAP_XX_sadtalker.pt
FAKE_T3_1055_IWW_HAP_XX__AUDIO_1055_IWW_NEU_XX_sadtalker,track3,1,crema_1055,NEU,HAP,-1,1,1,1,,data\preprocessed\features\z_at\FAKE_T3_1055_IWW_HAP_XX__AUDIO_1055_IWW_NEU_XX_sadtalker.pt,data\preprocessed\features\z_v\FAKE_T3_1055_IWW_HAP_XX__AUDIO_1055_IWW_NEU_XX_sadtalker.pt
FAKE_T3_1055_IWW_NEU_XX__AUDIO_1055_IWW_SAD_XX_sadtalker,track3,1,crema_1055,SAD,NEU,-1,1,1,1,,data\preprocessed\features\z_at\FAKE_T3_1055_IWW_NEU_XX__AUDIO_1055_IWW_SAD_XX_sadtalker.pt,data\preprocessed\features\z_v\FAKE_T3_1055_IWW_NEU_XX__AUDIO_1055_IWW_SAD_XX_sadtalker.pt
FAKE_T3_1055_IWW_SAD_XX__AUDIO_1055_IWW_ANG_XX_sadtalker,track3,1,crema_1055,ANG,SAD,-1,1,1,1,,data\preprocessed\features\z_at\FAKE_T3_1055_IWW_SAD_XX__AUDIO_1055_IWW_ANG_XX_sadtalker.pt,data\preprocessed\features\z_v\FAKE_T3_1055_IWW_SAD_XX__AUDIO_1055_IWW_ANG_XX_sadtalker.pt
FAKE_T3_1055_MTI_DIS_XX__AUDIO_1055_MTI_FEA_XX_sadtalker,track3,1,crema_1055,FEA,DIS,-1,1,1,1,,data\preprocessed\features\z_at\FAKE_T3_1055_MTI_DIS_XX__AUDIO_1055_MTI_FEA_XX_sadtalker.pt,data\preprocessed\features\z_v\FAKE_T3_1055_MTI_DIS_XX__AUDIO_1055_MTI_FEA_XX_sadtalker.pt
FAKE_T3_1055_TAI_DIS_XX__AUDIO_1055_TAI_FEA_XX_sadtalker,track3,1,crema_1055,FEA,DIS,-1,1,1,1,,data\preprocessed\features\z_at\FAKE_T3_1055_TAI_DIS_XX__AUDIO_1055_TAI_FEA_XX_sadtalker.pt,data\preprocessed\features\z_v\FAKE_T3_1055_TAI_DIS_XX__AUDIO_1055_TAI_FEA_XX_sadtalker.pt
FAKE_T3_1055_TAI_HAP_XX__AUDIO_1055_TAI_NEU_XX_sadtalker,track3,1,crema_1055,NEU,HAP,-1,1,1,1,,data\preprocessed\features\z_at\FAKE_T3_1055_TAI_HAP_XX__AUDIO_1055_TAI_NEU_XX_sadtalker.pt,data\preprocessed\features\z_v\FAKE_T3_1055_TAI_HAP_XX__AUDIO_1055_TAI_NEU_XX_sadtalker.pt
FAKE_T3_1055_TAI_NEU_XX__AUDIO_1055_TAI_SAD_XX_sadtalker,track3,1,crema_1055,SAD,NEU,-1,1,1,1,,data\preprocessed\features\z_at\FAKE_T3_1055_TAI_NEU_XX__AUDIO_1055_TAI_SAD_XX_sadtalker.pt,data\preprocessed\features\z_v\FAKE_T3_1055_TAI_NEU_XX__AUDIO_1055_TAI_SAD_XX_sadtalker.pt
FAKE_T3_1055_TIE_DIS_XX__AUDIO_1055_TIE_FEA_XX_sadtalker,track3,1,crema_1055,FEA,DIS,-1,1,1,1,,data\preprocessed\features\z_at\FAKE_T3_1055_TIE_DIS_XX__AUDIO_1055_TIE_FEA_XX_sadtalker.pt,data\preprocessed\features\z_v\FAKE_T3_1055_TIE_DIS_XX__AUDIO_1055_TIE_FEA_XX_sadtalker.pt
FAKE_T3_1055_TIE_FEA_XX__AUDIO_1055_TIE_HAP_XX_sadtalker,track3,1,crema_1055,HAP,FEA,-1,1,1,1,,data\preprocessed\features\z_at\FAKE_T3_1055_TIE_FEA_XX__AUDIO_1055_TIE_HAP_XX_sadtalker.pt,data\preprocessed\features\z_v\FAKE_T3_1055_TIE_FEA_XX__AUDIO_1055_TIE_HAP_XX_sadtalker.pt
FAKE_T3_1055_TIE_SAD_XX__AUDIO_1055_TIE_ANG_XX_sadtalker,track3,1,crema_1055,ANG,SAD,-1,1,1,1,,data\preprocessed\features\z_at\FAKE_T3_1055_TIE_SAD_XX__AUDIO_1055_TIE_ANG_XX_sadtalker.pt,data\preprocessed\features\z_v\FAKE_T3_1055_TIE_SAD_XX__AUDIO_1055_TIE_ANG_XX_sadtalker.pt
FAKE_T3_1055_TSI_ANG_XX__AUDIO_1055_TSI_DIS_XX_sadtalker,track3,1,crema_1055,DIS,ANG,-1,1,1,1,,data\preprocessed\features\z_at\FAKE_T3_1055_TSI_ANG_XX__AUDIO_1055_TSI_DIS_XX_sadtalker.pt,data\preprocessed\features\z_v\FAKE_T3_1055_TSI_ANG_XX__AUDIO_1055_TSI_DIS_XX_sadtalker.pt
FAKE_T3_1055_TSI_DIS_XX__AUDIO_1055_TSI_FEA_XX_sadtalker,track3,1,crema_1055,FEA,DIS,-1,1,1,1,,data\preprocessed\features\z_at\FAKE_T3_1055_TSI_DIS_XX__AUDIO_1055_TSI_FEA_XX_sadtalker.pt,data\preprocessed\features\z_v\FAKE_T3_1055_TSI_DIS_XX__AUDIO_1055_TSI_FEA_XX_sadtalker.pt
FAKE_T3_1055_TSI_FEA_XX__AUDIO_1055_TSI_HAP_XX_sadtalker,track3,1,crema_1055,HAP,FEA,-1,1,1,1,,data\preprocessed\features\z_at\FAKE_T3_1055_TSI_FEA_XX__AUDIO_1055_TSI_HAP_XX_sadtalker.pt,data\preprocessed\features\z_v\FAKE_T3_1055_TSI_FEA_XX__AUDIO_1055_TSI_HAP_XX_sadtalker.pt
FAKE_T3_1055_TSI_HAP_XX__AUDIO_1055_TSI_NEU_XX_sadtalker,track3,1,crema_1055,NEU,HAP,-1,1,1,1,,data\preprocessed\features\z_at\FAKE_T3_1055_TSI_HAP_XX__AUDIO_1055_TSI_NEU_XX_sadtalker.pt,data\preprocessed\features\z_v\FAKE_T3_1055_TSI_HAP_XX__AUDIO_1055_TSI_NEU_XX_sadtalker.pt
FAKE_T3_1055_WSI_HAP_XX__AUDIO_1055_WSI_NEU_XX_sadtalker,track3,1,crema_1055,NEU,HAP,-1,1,1,1,,data\preprocessed\features\z_at\FAKE_T3_1055_WSI_HAP_XX__AUDIO_1055_WSI_NEU_XX_sadtalker.pt,data\preprocessed\features\z_v\FAKE_T3_1055_WSI_HAP_XX__AUDIO_1055_WSI_NEU_XX_sadtalker.pt
FAKE_T3_1057_DFA_FEA_XX__AUDIO_1057_DFA_HAP_XX_sadtalker,track3,1,crema_1057,HAP,FEA,-1,1,1,1,,data\preprocessed\features\z_at\FAKE_T3_1057_DFA_FEA_XX__AUDIO_1057_DFA_HAP_XX_sadtalker.pt,data\preprocessed\features\z_v\FAKE_T3_1057_DFA_FEA_XX__AUDIO_1057_DFA_HAP_XX_sadtalker.pt
FAKE_T3_1057_DFA_NEU_XX__AUDIO_1057_DFA_SAD_XX_sadtalker,track3,1,crema_1057,SAD,NEU,-1,1,1,1,,data\preprocessed\features\z_at\FAKE_T3_1057_DFA_NEU_XX__AUDIO_1057_DFA_SAD_XX_sadtalker.pt,data\preprocessed\features\z_v\FAKE_T3_1057_DFA_NEU_XX__AUDIO_1057_DFA_SAD_XX_sadtalker.pt
FAKE_T3_1057_IEO_ANG_HI__AUDIO_1057_IEO_DIS_HI_sadtalker,track3,1,crema_1057,DIS,ANG,-1,1,1,1,,data\preprocessed\features\z_at\FAKE_T3_1057_IEO_ANG_HI__AUDIO_1057_IEO_DIS_HI_sadtalker.pt,data\preprocessed\features\z_v\FAKE_T3_1057_IEO_ANG_HI__AUDIO_1057_IEO_DIS_HI_sadtalker.pt
FAKE_T3_1057_IEO_ANG_LO__AUDIO_1057_IEO_DIS_LO_sadtalker,track3,1,crema_1057,DIS,ANG,-1,1,1,1,,data\preprocessed\features\z_at\FAKE_T3_1057_IEO_ANG_LO__AUDIO_1057_IEO_DIS_LO_sadtalker.pt,data\preprocessed\features\z_v\FAKE_T3_1057_IEO_ANG_LO__AUDIO_1057_IEO_DIS_LO_sadtalker.pt
FAKE_T3_1057_IEO_DIS_HI__AUDIO_1057_IEO_FEA_HI_sadtalker,track3,1,crema_1057,FEA,DIS,-1,1,1,1,,data\preprocessed\features\z_at\FAKE_T3_1057_IEO_DIS_HI__AUDIO_1057_IEO_FEA_HI_sadtalker.pt,data\preprocessed\features\z_v\FAKE_T3_1057_IEO_DIS_HI__AUDIO_1057_IEO_FEA_HI_sadtalker.pt
FAKE_T3_1057_IEO_DIS_LO__AUDIO_1057_IEO_FEA_LO_sadtalker,track3,1,crema_1057,FEA,DIS,-1,1,1,1,,data\preprocessed\features\z_at\FAKE_T3_1057_IEO_DIS_LO__AUDIO_1057_IEO_FEA_LO_sadtalker.pt,data\preprocessed\features\z_v\FAKE_T3_1057_IEO_DIS_LO__AUDIO_1057_IEO_FEA_LO_sadtalker.pt
FAKE_T3_1057_IEO_DIS_MD__AUDIO_1057_IEO_FEA_MD_sadtalker,track3,1,crema_1057,FEA,DIS,-1,1,1,1,,data\preprocessed\features\z_at\FAKE_T3_1057_IEO_DIS_MD__AUDIO_1057_IEO_FEA_MD_sadtalker.pt,data\preprocessed\features\z_v\FAKE_T3_1057_IEO_DIS_MD__AUDIO_1057_IEO_FEA_MD_sadtalker.pt
FAKE_T3_1057_IEO_HAP_LO__AUDIO_1057_IEO_NEU_XX_sadtalker,track3,1,crema_1057,NEU,HAP,-1,1,1,1,,data\preprocessed\features\z_at\FAKE_T3_1057_IEO_HAP_LO__AUDIO_1057_IEO_NEU_XX_sadtalker.pt,data\preprocessed\features\z_v\FAKE_T3_1057_IEO_HAP_LO__AUDIO_1057_IEO_NEU_XX_sadtalker.pt
FAKE_T3_1057_IEO_HAP_MD__AUDIO_1057_IEO_NEU_XX_sadtalker,track3,1,crema_1057,NEU,HAP,-1,1,1,1,,data\preprocessed\features\z_at\FAKE_T3_1057_IEO_HAP_MD__AUDIO_1057_IEO_NEU_XX_sadtalker.pt,data\preprocessed\features\z_v\FAKE_T3_1057_IEO_HAP_MD__AUDIO_1057_IEO_NEU_XX_sadtalker.pt
FAKE_T3_1057_IEO_NEU_XX__AUDIO_1057_IEO_SAD_HI_sadtalker,track3,1,crema_1057,SAD,NEU,-1,1,1,1,,data\preprocessed\features\z_at\FAKE_T3_1057_IEO_NEU_XX__AUDIO_1057_IEO_SAD_HI_sadtalker.pt,data\preprocessed\features\z_v\FAKE_T3_1057_IEO_NEU_XX__AUDIO_1057_IEO_SAD_HI_sadtalker.pt
FAKE_T3_1057_IEO_SAD_LO__AUDIO_1057_IEO_ANG_LO_sadtalker,track3,1,crema_1057,ANG,SAD,-1,1,1,1,,data\preprocessed\features\z_at\FAKE_T3_1057_IEO_SAD_LO__AUDIO_1057_IEO_ANG_LO_sadtalker.pt,data\preprocessed\features\z_v\FAKE_T3_1057_IEO_SAD_LO__AUDIO_1057_IEO_ANG_LO_sadtalker.pt
FAKE_T3_1057_IOM_NEU_XX__AUDIO_1057_IOM_SAD_XX_sadtalker,track3,1,crema_1057,SAD,NEU,-1,1,1,1,,data\preprocessed\features\z_at\FAKE_T3_1057_IOM_NEU_XX__AUDIO_1057_IOM_SAD_XX_sadtalker.pt,data\preprocessed\features\z_v\FAKE_T3_1057_IOM_NEU_XX__AUDIO_1057_IOM_SAD_XX_sadtalker.pt
FAKE_T3_1057_IOM_SAD_XX__AUDIO_1057_IOM_ANG_XX_sadtalker,track3,1,crema_1057,ANG,SAD,-1,1,1,1,,data\preprocessed\features\z_at\FAKE_T3_1057_IOM_SAD_XX__AUDIO_1057_IOM_ANG_XX_sadtalker.pt,data\preprocessed\features\z_v\FAKE_T3_1057_IOM_SAD_XX__AUDIO_1057_IOM_ANG_XX_sadtalker.pt
FAKE_T3_1057_ITH_FEA_XX__AUDIO_1057_ITH_HAP_XX_sadtalker,track3,1,crema_1057,HAP,FEA,-1,1,1,1,,data\preprocessed\features\z_at\FAKE_T3_1057_ITH_FEA_XX__AUDIO_1057_ITH_HAP_XX_sadtalker.pt,data\preprocessed\features\z_v\FAKE_T3_1057_ITH_FEA_XX__AUDIO_1057_ITH_HAP_XX_sadtalker.pt
FAKE_T3_1057_ITH_SAD_XX__AUDIO_1057_ITH_ANG_XX_sadtalker,track3,1,crema_1057,ANG,SAD,-1,1,1,1,,data\preprocessed\features\z_at\FAKE_T3_1057_ITH_SAD_XX__AUDIO_1057_ITH_ANG_XX_sadtalker.pt,data\preprocessed\features\z_v\FAKE_T3_1057_ITH_SAD_XX__AUDIO_1057_ITH_ANG_XX_sadtalker.pt
FAKE_T3_1057_ITS_ANG_XX__AUDIO_1057_ITS_DIS_XX_sadtalker,track3,1,crema_1057,DIS,ANG,-1,1,1,1,,data\preprocessed\features\z_at\FAKE_T3_1057_ITS_ANG_XX__AUDIO_1057_ITS_DIS_XX_sadtalker.pt,data\preprocessed\features\z_v\FAKE_T3_1057_ITS_ANG_XX__AUDIO_1057_ITS_DIS_XX_sadtalker.pt
FAKE_T3_1057_ITS_DIS_XX__AUDIO_1057_ITS_FEA_XX_sadtalker,track3,1,crema_1057,FEA,DIS,-1,1,1,1,,data\preprocessed\features\z_at\FAKE_T3_1057_ITS_DIS_XX__AUDIO_1057_ITS_FEA_XX_sadtalker.pt,data\preprocessed\features\z_v\FAKE_T3_1057_ITS_DIS_XX__AUDIO_1057_ITS_FEA_XX_sadtalker.pt
FAKE_T3_1057_ITS_HAP_XX__AUDIO_1057_ITS_NEU_XX_sadtalker,track3,1,crema_1057,NEU,HAP,-1,1,1,1,,data\preprocessed\features\z_at\FAKE_T3_1057_ITS_HAP_XX__AUDIO_1057_ITS_NEU_XX_sadtalker.pt,data\preprocessed\features\z_v\FAKE_T3_1057_ITS_HAP_XX__AUDIO_1057_ITS_NEU_XX_sadtalker.pt
FAKE_T3_1057_IWL_ANG_XX__AUDIO_1057_IWL_DIS_XX_sadtalker,track3,1,crema_1057,DIS,ANG,-1,1,1,1,,data\preprocessed\features\z_at\FAKE_T3_1057_IWL_ANG_XX__AUDIO_1057_IWL_DIS_XX_sadtalker.pt,data\preprocessed\features\z_v\FAKE_T3_1057_IWL_ANG_XX__AUDIO_1057_IWL_DIS_XX_sadtalker.pt
FAKE_T3_1057_IWL_DIS_XX__AUDIO_1057_IWL_FEA_XX_sadtalker,track3,1,crema_1057,FEA,DIS,-1,1,1,1,,data\preprocessed\features\z_at\FAKE_T3_1057_IWL_DIS_XX__AUDIO_1057_IWL_FEA_XX_sadtalker.pt,data\preprocessed\features\z_v\FAKE_T3_1057_IWL_DIS_XX__AUDIO_1057_IWL_FEA_XX_sadtalker.pt
FAKE_T3_1057_IWL_HAP_XX__AUDIO_1057_IWL_NEU_XX_sadtalker,track3,1,crema_1057,NEU,HAP,-1,1,1,1,,data\preprocessed\features\z_at\FAKE_T3_1057_IWL_HAP_XX__AUDIO_1057_IWL_NEU_XX_sadtalker.pt,data\preprocessed\features\z_v\FAKE_T3_1057_IWL_HAP_XX__AUDIO_1057_IWL_NEU_XX_sadtalker.pt
FAKE_T3_1057_IWW_ANG_XX__AUDIO_1057_IWW_DIS_XX_sadtalker,track3,1,crema_1057,DIS,ANG,-1,1,1,1,,data\preprocessed\features\z_at\FAKE_T3_1057_IWW_ANG_XX__AUDIO_1057_IWW_DIS_XX_sadtalker.pt,data\preprocessed\features\z_v\FAKE_T3_1057_IWW_ANG_XX__AUDIO_1057_IWW_DIS_XX_sadtalker.pt
FAKE_T3_1057_IWW_FEA_XX__AUDIO_1057_IWW_HAP_XX_sadtalker,track3,1,crema_1057,HAP,FEA,-1,1,1,1,,data\preprocessed\features\z_at\FAKE_T3_1057_IWW_FEA_XX__AUDIO_1057_IWW_HAP_XX_sadtalker.pt,data\preprocessed\features\z_v\FAKE_T3_1057_IWW_FEA_XX__AUDIO_1057_IWW_HAP_XX_sadtalker.pt
FAKE_T3_1057_IWW_SAD_XX__AUDIO_1057_IWW_ANG_XX_sadtalker,track3,1,crema_1057,ANG,SAD,-1,1,1,1,,data\preprocessed\features\z_at\FAKE_T3_1057_IWW_SAD_XX__AUDIO_1057_IWW_ANG_XX_sadtalker.pt,data\preprocessed\features\z_v\FAKE_T3_1057_IWW_SAD_XX__AUDIO_1057_IWW_ANG_XX_sadtalker.pt
FAKE_T3_1057_MTI_ANG_XX__AUDIO_1057_MTI_DIS_XX_sadtalker,track3,1,crema_1057,DIS,ANG,-1,1,1,1,,data\preprocessed\features\z_at\FAKE_T3_1057_MTI_ANG_XX__AUDIO_1057_MTI_DIS_XX_sadtalker.pt,data\preprocessed\features\z_v\FAKE_T3_1057_MTI_ANG_XX__AUDIO_1057_MTI_DIS_XX_sadtalker.pt
FAKE_T3_1057_MTI_DIS_XX__AUDIO_1057_MTI_FEA_XX_sadtalker,track3,1,crema_1057,FEA,DIS,-1,1,1,1,,data\preprocessed\features\z_at\FAKE_T3_1057_MTI_DIS_XX__AUDIO_1057_MTI_FEA_XX_sadtalker.pt,data\preprocessed\features\z_v\FAKE_T3_1057_MTI_DIS_XX__AUDIO_1057_MTI_FEA_XX_sadtalker.pt
FAKE_T3_1057_MTI_SAD_XX__AUDIO_1057_MTI_ANG_XX_sadtalker,track3,1,crema_1057,ANG,SAD,-1,1,1,1,,data\preprocessed\features\z_at\FAKE_T3_1057_MTI_SAD_XX__AUDIO_1057_MTI_ANG_XX_sadtalker.pt,data\preprocessed\features\z_v\FAKE_T3_1057_MTI_SAD_XX__AUDIO_1057_MTI_ANG_XX_sadtalker.pt
FAKE_T3_1057_TAI_ANG_XX__AUDIO_1057_TAI_DIS_XX_sadtalker,track3,1,crema_1057,DIS,ANG,-1,1,1,1,,data\preprocessed\features\z_at\FAKE_T3_1057_TAI_ANG_XX__AUDIO_1057_TAI_DIS_XX_sadtalker.pt,data\preprocessed\features\z_v\FAKE_T3_1057_TAI_ANG_XX__AUDIO_1057_TAI_DIS_XX_sadtalker.pt
FAKE_T3_1057_TAI_DIS_XX__AUDIO_1057_TAI_FEA_XX_sadtalker,track3,1,crema_1057,FEA,DIS,-1,1,1,1,,data\preprocessed\features\z_at\FAKE_T3_1057_TAI_DIS_XX__AUDIO_1057_TAI_FEA_XX_sadtalker.pt,data\preprocessed\features\z_v\FAKE_T3_1057_TAI_DIS_XX__AUDIO_1057_TAI_FEA_XX_sadtalker.pt
FAKE_T3_1057_TAI_FEA_XX__AUDIO_1057_TAI_HAP_XX_sadtalker,track3,1,crema_1057,HAP,FEA,-1,1,1,1,,data\preprocessed\features\z_at\FAKE_T3_1057_TAI_FEA_XX__AUDIO_1057_TAI_HAP_XX_sadtalker.pt,data\preprocessed\features\z_v\FAKE_T3_1057_TAI_FEA_XX__AUDIO_1057_TAI_HAP_XX_sadtalker.pt
FAKE_T3_1057_TAI_NEU_XX__AUDIO_1057_TAI_SAD_XX_sadtalker,track3,1,crema_1057,SAD,NEU,-1,1,1,1,,data\preprocessed\features\z_at\FAKE_T3_1057_TAI_NEU_XX__AUDIO_1057_TAI_SAD_XX_sadtalker.pt,data\preprocessed\features\z_v\FAKE_T3_1057_TAI_NEU_XX__AUDIO_1057_TAI_SAD_XX_sadtalker.pt
FAKE_T3_1057_TIE_ANG_XX__AUDIO_1057_TIE_DIS_XX_sadtalker,track3,1,crema_1057,DIS,ANG,-1,1,1,1,,data\preprocessed\features\z_at\FAKE_T3_1057_TIE_ANG_XX__AUDIO_1057_TIE_DIS_XX_sadtalker.pt,data\preprocessed\features\z_v\FAKE_T3_1057_TIE_ANG_XX__AUDIO_1057_TIE_DIS_XX_sadtalker.pt
FAKE_T3_1057_TIE_DIS_XX__AUDIO_1057_TIE_FEA_XX_sadtalker,track3,1,crema_1057,FEA,DIS,-1,1,1,1,,data\preprocessed\features\z_at\FAKE_T3_1057_TIE_DIS_XX__AUDIO_1057_TIE_FEA_XX_sadtalker.pt,data\preprocessed\features\z_v\FAKE_T3_1057_TIE_DIS_XX__AUDIO_1057_TIE_FEA_XX_sadtalker.pt
FAKE_T3_1057_TIE_FEA_XX__AUDIO_1057_TIE_HAP_XX_sadtalker,track3,1,crema_1057,HAP,FEA,-1,1,1,1,,data\preprocessed\features\z_at\FAKE_T3_1057_TIE_FEA_XX__AUDIO_1057_TIE_HAP_XX_sadtalker.pt,data\preprocessed\features\z_v\FAKE_T3_1057_TIE_FEA_XX__AUDIO_1057_TIE_HAP_XX_sadtalker.pt
FAKE_T3_1057_TIE_HAP_XX__AUDIO_1057_TIE_NEU_XX_sadtalker,track3,1,crema_1057,NEU,HAP,-1,1,1,1,,data\preprocessed\features\z_at\FAKE_T3_1057_TIE_HAP_XX__AUDIO_1057_TIE_NEU_XX_sadtalker.pt,data\preprocessed\features\z_v\FAKE_T3_1057_TIE_HAP_XX__AUDIO_1057_TIE_NEU_XX_sadtalker.pt
FAKE_T3_1057_TIE_SAD_XX__AUDIO_1057_TIE_ANG_XX_sadtalker,track3,1,crema_1057,ANG,SAD,-1,1,1,1,,data\preprocessed\features\z_at\FAKE_T3_1057_TIE_SAD_XX__AUDIO_1057_TIE_ANG_XX_sadtalker.pt,data\preprocessed\features\z_v\FAKE_T3_1057_TIE_SAD_XX__AUDIO_1057_TIE_ANG_XX_sadtalker.pt
FAKE_T3_1057_TSI_FEA_XX__AUDIO_1057_TSI_HAP_XX_sadtalker,track3,1,crema_1057,HAP,FEA,-1,1,1,1,,data\preprocessed\features\z_at\FAKE_T3_1057_TSI_FEA_XX__AUDIO_1057_TSI_HAP_XX_sadtalker.pt,data\preprocessed\features\z_v\FAKE_T3_1057_TSI_FEA_XX__AUDIO_1057_TSI_HAP_XX_sadtalker.pt
FAKE_T3_1057_TSI_SAD_XX__AUDIO_1057_TSI_ANG_XX_sadtalker,track3,1,crema_1057,ANG,SAD,-1,1,1,1,,data\preprocessed\features\z_at\FAKE_T3_1057_TSI_SAD_XX__AUDIO_1057_TSI_ANG_XX_sadtalker.pt,data\preprocessed\features\z_v\FAKE_T3_1057_TSI_SAD_XX__AUDIO_1057_TSI_ANG_XX_sadtalker.pt
FAKE_T3_1057_WSI_DIS_XX__AUDIO_1057_WSI_FEA_XX_sadtalker,track3,1,crema_1057,FEA,DIS,-1,1,1,1,,data\preprocessed\features\z_at\FAKE_T3_1057_WSI_DIS_XX__AUDIO_1057_WSI_FEA_XX_sadtalker.pt,data\preprocessed\features\z_v\FAKE_T3_1057_WSI_DIS_XX__AUDIO_1057_WSI_FEA_XX_sadtalker.pt
FAKE_T3_1057_WSI_HAP_XX__AUDIO_1057_WSI_NEU_XX_sadtalker,track3,1,crema_1057,NEU,HAP,-1,1,1,1,,data\preprocessed\features\z_at\FAKE_T3_1057_WSI_HAP_XX__AUDIO_1057_WSI_NEU_XX_sadtalker.pt,data\preprocessed\features\z_v\FAKE_T3_1057_WSI_HAP_XX__AUDIO_1057_WSI_NEU_XX_sadtalker.pt
FAKE_T3_1057_WSI_NEU_XX__AUDIO_1057_WSI_SAD_XX_sadtalker,track3,1,crema_1057,SAD,NEU,-1,1,1,1,,data\preprocessed\features\z_at\FAKE_T3_1057_WSI_NEU_XX__AUDIO_1057_WSI_SAD_XX_sadtalker.pt,data\preprocessed\features\z_v\FAKE_T3_1057_WSI_NEU_XX__AUDIO_1057_WSI_SAD_XX_sadtalker.pt
FAKE_T3_1058_DFA_NEU_XX__AUDIO_1058_DFA_SAD_XX_sadtalker,track3,1,crema_1058,SAD,NEU,-1,1,1,1,,data\preprocessed\features\z_at\FAKE_T3_1058_DFA_NEU_XX__AUDIO_1058_DFA_SAD_XX_sadtalker.pt,data\preprocessed\features\z_v\FAKE_T3_1058_DFA_NEU_XX__AUDIO_1058_DFA_SAD_XX_sadtalker.pt
FAKE_T3_1058_IEO_ANG_HI__AUDIO_1058_IEO_DIS_HI_sadtalker,track3,1,crema_1058,DIS,ANG,-1,1,1,1,,data\preprocessed\features\z_at\FAKE_T3_1058_IEO_ANG_HI__AUDIO_1058_IEO_DIS_HI_sadtalker.pt,data\preprocessed\features\z_v\FAKE_T3_1058_IEO_ANG_HI__AUDIO_1058_IEO_DIS_HI_sadtalker.pt
FAKE_T3_1058_IEO_ANG_LO__AUDIO_1058_IEO_DIS_LO_sadtalker,track3,1,crema_1058,DIS,ANG,-1,1,1,1,,data\preprocessed\features\z_at\FAKE_T3_1058_IEO_ANG_LO__AUDIO_1058_IEO_DIS_LO_sadtalker.pt,data\preprocessed\features\z_v\FAKE_T3_1058_IEO_ANG_LO__AUDIO_1058_IEO_DIS_LO_sadtalker.pt
FAKE_T3_1058_IEO_DIS_HI__AUDIO_1058_IEO_FEA_HI_sadtalker,track3,1,crema_1058,FEA,DIS,-1,1,1,1,,data\preprocessed\features\z_at\FAKE_T3_1058_IEO_DIS_HI__AUDIO_1058_IEO_FEA_HI_sadtalker.pt,data\preprocessed\features\z_v\FAKE_T3_1058_IEO_DIS_HI__AUDIO_1058_IEO_FEA_HI_sadtalker.pt
FAKE_T3_1058_IEO_DIS_LO__AUDIO_1058_IEO_FEA_LO_sadtalker,track3,1,crema_1058,FEA,DIS,-1,1,1,1,,data\preprocessed\features\z_at\FAKE_T3_1058_IEO_DIS_LO__AUDIO_1058_IEO_FEA_LO_sadtalker.pt,data\preprocessed\features\z_v\FAKE_T3_1058_IEO_DIS_LO__AUDIO_1058_IEO_FEA_LO_sadtalker.pt
FAKE_T3_1058_IEO_DIS_MD__AUDIO_1058_IEO_FEA_MD_sadtalker,track3,1,crema_1058,FEA,DIS,-1,1,1,1,,data\preprocessed\features\z_at\FAKE_T3_1058_IEO_DIS_MD__AUDIO_1058_IEO_FEA_MD_sadtalker.pt,data\preprocessed\features\z_v\FAKE_T3_1058_IEO_DIS_MD__AUDIO_1058_IEO_FEA_MD_sadtalker.pt
FAKE_T3_1058_IEO_FEA_HI__AUDIO_1058_IEO_HAP_HI_sadtalker,track3,1,crema_1058,HAP,FEA,-1,1,1,1,,data\preprocessed\features\z_at\FAKE_T3_1058_IEO_FEA_HI__AUDIO_1058_IEO_HAP_HI_sadtalker.pt,data\preprocessed\features\z_v\FAKE_T3_1058_IEO_FEA_HI__AUDIO_1058_IEO_HAP_HI_sadtalker.pt
FAKE_T3_1058_IEO_FEA_MD__AUDIO_1058_IEO_HAP_MD_sadtalker,track3,1,crema_1058,HAP,FEA,-1,1,1,1,,data\preprocessed\features\z_at\FAKE_T3_1058_IEO_FEA_MD__AUDIO_1058_IEO_HAP_MD_sadtalker.pt,data\preprocessed\features\z_v\FAKE_T3_1058_IEO_FEA_MD__AUDIO_1058_IEO_HAP_MD_sadtalker.pt
FAKE_T3_1058_IEO_HAP_MD__AUDIO_1058_IEO_NEU_XX_sadtalker,track3,1,crema_1058,NEU,HAP,-1,1,1,1,,data\preprocessed\features\z_at\FAKE_T3_1058_IEO_HAP_MD__AUDIO_1058_IEO_NEU_XX_sadtalker.pt,data\preprocessed\features\z_v\FAKE_T3_1058_IEO_HAP_MD__AUDIO_1058_IEO_NEU_XX_sadtalker.pt
FAKE_T3_1058_IEO_SAD_LO__AUDIO_1058_IEO_ANG_LO_sadtalker,track3,1,crema_1058,ANG,SAD,-1,1,1,1,,data\preprocessed\features\z_at\FAKE_T3_1058_IEO_SAD_LO__AUDIO_1058_IEO_ANG_LO_sadtalker.pt,data\preprocessed\features\z_v\FAKE_T3_1058_IEO_SAD_LO__AUDIO_1058_IEO_ANG_LO_sadtalker.pt
FAKE_T3_1058_IOM_ANG_XX__AUDIO_1058_IOM_DIS_XX_sadtalker,track3,1,crema_1058,DIS,ANG,-1,1,1,1,,data\preprocessed\features\z_at\FAKE_T3_1058_IOM_ANG_XX__AUDIO_1058_IOM_DIS_XX_sadtalker.pt,data\preprocessed\features\z_v\FAKE_T3_1058_IOM_ANG_XX__AUDIO_1058_IOM_DIS_XX_sadtalker.pt
FAKE_T3_1058_IOM_FEA_XX__AUDIO_1058_IOM_HAP_XX_sadtalker,track3,1,crema_1058,HAP,FEA,-1,1,1,1,,data\preprocessed\features\z_at\FAKE_T3_1058_IOM_FEA_XX__AUDIO_1058_IOM_HAP_XX_sadtalker.pt,data\preprocessed\features\z_v\FAKE_T3_1058_IOM_FEA_XX__AUDIO_1058_IOM_HAP_XX_sadtalker.pt
FAKE_T3_1058_IOM_HAP_XX__AUDIO_1058_IOM_NEU_XX_sadtalker,track3,1,crema_1058,NEU,HAP,-1,1,1,1,,data\preprocessed\features\z_at\FAKE_T3_1058_IOM_HAP_XX__AUDIO_1058_IOM_NEU_XX_sadtalker.pt,data\preprocessed\features\z_v\FAKE_T3_1058_IOM_HAP_XX__AUDIO_1058_IOM_NEU_XX_sadtalker.pt
FAKE_T3_1058_IOM_SAD_XX__AUDIO_1058_IOM_ANG_XX_sadtalker,track3,1,crema_1058,ANG,SAD,-1,1,1,1,,data\preprocessed\features\z_at\FAKE_T3_1058_IOM_SAD_XX__AUDIO_1058_IOM_ANG_XX_sadtalker.pt,data\preprocessed\features\z_v\FAKE_T3_1058_IOM_SAD_XX__AUDIO_1058_IOM_ANG_XX_sadtalker.pt
FAKE_T3_1058_ITH_DIS_XX__AUDIO_1058_ITH_FEA_XX_sadtalker,track3,1,crema_1058,FEA,DIS,-1,1,1,1,,data\preprocessed\features\z_at\FAKE_T3_1058_ITH_DIS_XX__AUDIO_1058_ITH_FEA_XX_sadtalker.pt,data\preprocessed\features\z_v\FAKE_T3_1058_ITH_DIS_XX__AUDIO_1058_ITH_FEA_XX_sadtalker.pt
FAKE_T3_1058_ITH_FEA_XX__AUDIO_1058_ITH_HAP_XX_sadtalker,track3,1,crema_1058,HAP,FEA,-1,1,1,1,,data\preprocessed\features\z_at\FAKE_T3_1058_ITH_FEA_XX__AUDIO_1058_ITH_HAP_XX_sadtalker.pt,data\preprocessed\features\z_v\FAKE_T3_1058_ITH_FEA_XX__AUDIO_1058_ITH_HAP_XX_sadtalker.pt
FAKE_T3_1058_ITH_NEU_XX__AUDIO_1058_ITH_SAD_XX_sadtalker,track3,1,crema_1058,SAD,NEU,-1,1,1,1,,data\preprocessed\features\z_at\FAKE_T3_1058_ITH_NEU_XX__AUDIO_1058_ITH_SAD_XX_sadtalker.pt,data\preprocessed\features\z_v\FAKE_T3_1058_ITH_NEU_XX__AUDIO_1058_ITH_SAD_XX_sadtalker.pt
FAKE_T3_1058_ITS_ANG_XX__AUDIO_1058_ITS_DIS_XX_sadtalker,track3,1,crema_1058,DIS,ANG,-1,1,1,1,,data\preprocessed\features\z_at\FAKE_T3_1058_ITS_ANG_XX__AUDIO_1058_ITS_DIS_XX_sadtalker.pt,data\preprocessed\features\z_v\FAKE_T3_1058_ITS_ANG_XX__AUDIO_1058_ITS_DIS_XX_sadtalker.pt
FAKE_T3_1058_ITS_DIS_XX__AUDIO_1058_ITS_FEA_XX_sadtalker,track3,1,crema_1058,FEA,DIS,-1,1,1,1,,data\preprocessed\features\z_at\FAKE_T3_1058_ITS_DIS_XX__AUDIO_1058_ITS_FEA_XX_sadtalker.pt,data\preprocessed\features\z_v\FAKE_T3_1058_ITS_DIS_XX__AUDIO_1058_ITS_FEA_XX_sadtalker.pt
FAKE_T3_1058_ITS_FEA_XX__AUDIO_1058_ITS_HAP_XX_sadtalker,track3,1,crema_1058,HAP,FEA,-1,1,1,1,,data\preprocessed\features\z_at\FAKE_T3_1058_ITS_FEA_XX__AUDIO_1058_ITS_HAP_XX_sadtalker.pt,data\preprocessed\features\z_v\FAKE_T3_1058_ITS_FEA_XX__AUDIO_1058_ITS_HAP_XX_sadtalker.pt
FAKE_T3_1058_IWL_DIS_XX__AUDIO_1058_IWL_FEA_XX_sadtalker,track3,1,crema_1058,FEA,DIS,-1,1,1,1,,data\preprocessed\features\z_at\FAKE_T3_1058_IWL_DIS_XX__AUDIO_1058_IWL_FEA_XX_sadtalker.pt,data\preprocessed\features\z_v\FAKE_T3_1058_IWL_DIS_XX__AUDIO_1058_IWL_FEA_XX_sadtalker.pt
FAKE_T3_1058_IWL_FEA_XX__AUDIO_1058_IWL_HAP_XX_sadtalker,track3,1,crema_1058,HAP,FEA,-1,1,1,1,,data\preprocessed\features\z_at\FAKE_T3_1058_IWL_FEA_XX__AUDIO_1058_IWL_HAP_XX_sadtalker.pt,data\preprocessed\features\z_v\FAKE_T3_1058_IWL_FEA_XX__AUDIO_1058_IWL_HAP_XX_sadtalker.pt
FAKE_T3_1058_IWL_HAP_XX__AUDIO_1058_IWL_NEU_XX_sadtalker,track3,1,crema_1058,NEU,HAP,-1,1,1,1,,data\preprocessed\features\z_at\FAKE_T3_1058_IWL_HAP_XX__AUDIO_1058_IWL_NEU_XX_sadtalker.pt,data\preprocessed\features\z_v\FAKE_T3_1058_IWL_HAP_XX__AUDIO_1058_IWL_NEU_XX_sadtalker.pt
FAKE_T3_1058_IWL_NEU_XX__AUDIO_1058_IWL_SAD_XX_sadtalker,track3,1,crema_1058,SAD,NEU,-1,1,1,1,,data\preprocessed\features\z_at\FAKE_T3_1058_IWL_NEU_XX__AUDIO_1058_IWL_SAD_XX_sadtalker.pt,data\preprocessed\features\z_v\FAKE_T3_1058_IWL_NEU_XX__AUDIO_1058_IWL_SAD_XX_sadtalker.pt
FAKE_T3_1058_IWW_ANG_XX__AUDIO_1058_IWW_DIS_XX_sadtalker,track3,1,crema_1058,DIS,ANG,-1,1,1,1,,data\preprocessed\features\z_at\FAKE_T3_1058_IWW_ANG_XX__AUDIO_1058_IWW_DIS_XX_sadtalker.pt,data\preprocessed\features\z_v\FAKE_T3_1058_IWW_ANG_XX__AUDIO_1058_IWW_DIS_XX_sadtalker.pt
FAKE_T3_1058_IWW_SAD_XX__AUDIO_1058_IWW_ANG_XX_sadtalker,track3,1,crema_1058,ANG,SAD,-1,1,1,1,,data\preprocessed\features\z_at\FAKE_T3_1058_IWW_SAD_XX__AUDIO_1058_IWW_ANG_XX_sadtalker.pt,data\preprocessed\features\z_v\FAKE_T3_1058_IWW_SAD_XX__AUDIO_1058_IWW_ANG_XX_sadtalker.pt
FAKE_T3_1058_MTI_ANG_XX__AUDIO_1058_MTI_DIS_XX_sadtalker,track3,1,crema_1058,DIS,ANG,-1,1,1,1,,data\preprocessed\features\z_at\FAKE_T3_1058_MTI_ANG_XX__AUDIO_1058_MTI_DIS_XX_sadtalker.pt,data\preprocessed\features\z_v\FAKE_T3_1058_MTI_ANG_XX__AUDIO_1058_MTI_DIS_XX_sadtalker.pt
FAKE_T3_1058_MTI_FEA_XX__AUDIO_1058_MTI_HAP_XX_sadtalker,track3,1,crema_1058,HAP,FEA,-1,1,1,1,,data\preprocessed\features\z_at\FAKE_T3_1058_MTI_FEA_XX__AUDIO_1058_MTI_HAP_XX_sadtalker.pt,data\preprocessed\features\z_v\FAKE_T3_1058_MTI_FEA_XX__AUDIO_1058_MTI_HAP_XX_sadtalker.pt
FAKE_T3_1058_MTI_HAP_XX__AUDIO_1058_MTI_NEU_XX_sadtalker,track3,1,crema_1058,NEU,HAP,-1,1,1,1,,data\preprocessed\features\z_at\FAKE_T3_1058_MTI_HAP_XX__AUDIO_1058_MTI_NEU_XX_sadtalker.pt,data\preprocessed\features\z_v\FAKE_T3_1058_MTI_HAP_XX__AUDIO_1058_MTI_NEU_XX_sadtalker.pt
FAKE_T3_1058_MTI_NEU_XX__AUDIO_1058_MTI_SAD_XX_sadtalker,track3,1,crema_1058,SAD,NEU,-1,1,1,1,,data\preprocessed\features\z_at\FAKE_T3_1058_MTI_NEU_XX__AUDIO_1058_MTI_SAD_XX_sadtalker.pt,data\preprocessed\features\z_v\FAKE_T3_1058_MTI_NEU_XX__AUDIO_1058_MTI_SAD_XX_sadtalker.pt
FAKE_T3_1058_TAI_DIS_XX__AUDIO_1058_TAI_FEA_XX_sadtalker,track3,1,crema_1058,FEA,DIS,-1,1,1,1,,data\preprocessed\features\z_at\FAKE_T3_1058_TAI_DIS_XX__AUDIO_1058_TAI_FEA_XX_sadtalker.pt,data\preprocessed\features\z_v\FAKE_T3_1058_TAI_DIS_XX__AUDIO_1058_TAI_FEA_XX_sadtalker.pt
FAKE_T3_1058_TAI_FEA_XX__AUDIO_1058_TAI_HAP_XX_sadtalker,track3,1,crema_1058,HAP,FEA,-1,1,1,1,,data\preprocessed\features\z_at\FAKE_T3_1058_TAI_FEA_XX__AUDIO_1058_TAI_HAP_XX_sadtalker.pt,data\preprocessed\features\z_v\FAKE_T3_1058_TAI_FEA_XX__AUDIO_1058_TAI_HAP_XX_sadtalker.pt
FAKE_T3_1058_TAI_NEU_XX__AUDIO_1058_TAI_SAD_XX_sadtalker,track3,1,crema_1058,SAD,NEU,-1,1,1,1,,data\preprocessed\features\z_at\FAKE_T3_1058_TAI_NEU_XX__AUDIO_1058_TAI_SAD_XX_sadtalker.pt,data\preprocessed\features\z_v\FAKE_T3_1058_TAI_NEU_XX__AUDIO_1058_TAI_SAD_XX_sadtalker.pt
FAKE_T3_1058_TIE_HAP_XX__AUDIO_1058_TIE_NEU_XX_sadtalker,track3,1,crema_1058,NEU,HAP,-1,1,1,1,,data\preprocessed\features\z_at\FAKE_T3_1058_TIE_HAP_XX__AUDIO_1058_TIE_NEU_XX_sadtalker.pt,data\preprocessed\features\z_v\FAKE_T3_1058_TIE_HAP_XX__AUDIO_1058_TIE_NEU_XX_sadtalker.pt
FAKE_T3_1058_TSI_ANG_XX__AUDIO_1058_TSI_DIS_XX_sadtalker,track3,1,crema_1058,DIS,ANG,-1,1,1,1,,data\preprocessed\features\z_at\FAKE_T3_1058_TSI_ANG_XX__AUDIO_1058_TSI_DIS_XX_sadtalker.pt,data\preprocessed\features\z_v\FAKE_T3_1058_TSI_ANG_XX__AUDIO_1058_TSI_DIS_XX_sadtalker.pt
FAKE_T3_1058_TSI_FEA_XX__AUDIO_1058_TSI_HAP_XX_sadtalker,track3,1,crema_1058,HAP,FEA,-1,1,1,1,,data\preprocessed\features\z_at\FAKE_T3_1058_TSI_FEA_XX__AUDIO_1058_TSI_HAP_XX_sadtalker.pt,data\preprocessed\features\z_v\FAKE_T3_1058_TSI_FEA_XX__AUDIO_1058_TSI_HAP_XX_sadtalker.pt
FAKE_T3_1058_TSI_NEU_XX__AUDIO_1058_TSI_SAD_XX_sadtalker,track3,1,crema_1058,SAD,NEU,-1,1,1,1,,data\preprocessed\features\z_at\FAKE_T3_1058_TSI_NEU_XX__AUDIO_1058_TSI_SAD_XX_sadtalker.pt,data\preprocessed\features\z_v\FAKE_T3_1058_TSI_NEU_XX__AUDIO_1058_TSI_SAD_XX_sadtalker.pt
FAKE_T3_1058_TSI_SAD_XX__AUDIO_1058_TSI_ANG_XX_sadtalker,track3,1,crema_1058,ANG,SAD,-1,1,1,1,,data\preprocessed\features\z_at\FAKE_T3_1058_TSI_SAD_XX__AUDIO_1058_TSI_ANG_XX_sadtalker.pt,data\preprocessed\features\z_v\FAKE_T3_1058_TSI_SAD_XX__AUDIO_1058_TSI_ANG_XX_sadtalker.pt
FAKE_T3_1058_WSI_FEA_XX__AUDIO_1058_WSI_HAP_XX_sadtalker,track3,1,crema_1058,HAP,FEA,-1,1,1,1,,data\preprocessed\features\z_at\FAKE_T3_1058_WSI_FEA_XX__AUDIO_1058_WSI_HAP_XX_sadtalker.pt,data\preprocessed\features\z_v\FAKE_T3_1058_WSI_FEA_XX__AUDIO_1058_WSI_HAP_XX_sadtalker.pt
FAKE_T3_1058_WSI_HAP_XX__AUDIO_1058_WSI_NEU_XX_sadtalker,track3,1,crema_1058,NEU,HAP,-1,1,1,1,,data\preprocessed\features\z_at\FAKE_T3_1058_WSI_HAP_XX__AUDIO_1058_WSI_NEU_XX_sadtalker.pt,data\preprocessed\features\z_v\FAKE_T3_1058_WSI_HAP_XX__AUDIO_1058_WSI_NEU_XX_sadtalker.pt
FAKE_T3_1058_WSI_SAD_XX__AUDIO_1058_WSI_ANG_XX_sadtalker,track3,1,crema_1058,ANG,SAD,-1,1,1,1,,data\preprocessed\features\z_at\FAKE_T3_1058_WSI_SAD_XX__AUDIO_1058_WSI_ANG_XX_sadtalker.pt,data\preprocessed\features\z_v\FAKE_T3_1058_WSI_SAD_XX__AUDIO_1058_WSI_ANG_XX_sadtalker.pt
FAKE_T3_1061_DFA_ANG_XX__AUDIO_1061_DFA_DIS_XX_sadtalker,track3,1,crema_1061,DIS,ANG,-1,1,1,1,,data\preprocessed\features\z_at\FAKE_T3_1061_DFA_ANG_XX__AUDIO_1061_DFA_DIS_XX_sadtalker.pt,data\preprocessed\features\z_v\FAKE_T3_1061_DFA_ANG_XX__AUDIO_1061_DFA_DIS_XX_sadtalker.pt
FAKE_T3_1061_DFA_HAP_XX__AUDIO_1061_DFA_NEU_XX_sadtalker,track3,1,crema_1061,NEU,HAP,-1,1,1,1,,data\preprocessed\features\z_at\FAKE_T3_1061_DFA_HAP_XX__AUDIO_1061_DFA_NEU_XX_sadtalker.pt,data\preprocessed\features\z_v\FAKE_T3_1061_DFA_HAP_XX__AUDIO_1061_DFA_NEU_XX_sadtalker.pt
FAKE_T3_1061_DFA_SAD_XX__AUDIO_1061_DFA_ANG_XX_sadtalker,track3,1,crema_1061,ANG,SAD,-1,1,1,1,,data\preprocessed\features\z_at\FAKE_T3_1061_DFA_SAD_XX__AUDIO_1061_DFA_ANG_XX_sadtalker.pt,data\preprocessed\features\z_v\FAKE_T3_1061_DFA_SAD_XX__AUDIO_1061_DFA_ANG_XX_sadtalker.pt
FAKE_T3_1061_IEO_ANG_HI__AUDIO_1061_IEO_DIS_HI_sadtalker,track3,1,crema_1061,DIS,ANG,-1,1,1,1,,data\preprocessed\features\z_at\FAKE_T3_1061_IEO_ANG_HI__AUDIO_1061_IEO_DIS_HI_sadtalker.pt,data\preprocessed\features\z_v\FAKE_T3_1061_IEO_ANG_HI__AUDIO_1061_IEO_DIS_HI_sadtalker.pt
FAKE_T3_1061_IEO_ANG_LO__AUDIO_1061_IEO_DIS_LO_sadtalker,track3,1,crema_1061,DIS,ANG,-1,1,1,1,,data\preprocessed\features\z_at\FAKE_T3_1061_IEO_ANG_LO__AUDIO_1061_IEO_DIS_LO_sadtalker.pt,data\preprocessed\features\z_v\FAKE_T3_1061_IEO_ANG_LO__AUDIO_1061_IEO_DIS_LO_sadtalker.pt
FAKE_T3_1061_IEO_DIS_HI__AUDIO_1061_IEO_FEA_HI_sadtalker,track3,1,crema_1061,FEA,DIS,-1,1,1,1,,data\preprocessed\features\z_at\FAKE_T3_1061_IEO_DIS_HI__AUDIO_1061_IEO_FEA_HI_sadtalker.pt,data\preprocessed\features\z_v\FAKE_T3_1061_IEO_DIS_HI__AUDIO_1061_IEO_FEA_HI_sadtalker.pt
FAKE_T3_1061_IEO_FEA_LO__AUDIO_1061_IEO_HAP_LO_sadtalker,track3,1,crema_1061,HAP,FEA,-1,1,1,1,,data\preprocessed\features\z_at\FAKE_T3_1061_IEO_FEA_LO__AUDIO_1061_IEO_HAP_LO_sadtalker.pt,data\preprocessed\features\z_v\FAKE_T3_1061_IEO_FEA_LO__AUDIO_1061_IEO_HAP_LO_sadtalker.pt
FAKE_T3_1061_IEO_HAP_HI__AUDIO_1061_IEO_NEU_XX_sadtalker,track3,1,crema_1061,NEU,HAP,-1,1,1,1,,data\preprocessed\features\z_at\FAKE_T3_1061_IEO_HAP_HI__AUDIO_1061_IEO_NEU_XX_sadtalker.pt,data\preprocessed\features\z_v\FAKE_T3_1061_IEO_HAP_HI__AUDIO_1061_IEO_NEU_XX_sadtalker.pt
FAKE_T3_1061_IEO_HAP_LO__AUDIO_1061_IEO_NEU_XX_sadtalker,track3,1,crema_1061,NEU,HAP,-1,1,1,1,,data\preprocessed\features\z_at\FAKE_T3_1061_IEO_HAP_LO__AUDIO_1061_IEO_NEU_XX_sadtalker.pt,data\preprocessed\features\z_v\FAKE_T3_1061_IEO_HAP_LO__AUDIO_1061_IEO_NEU_XX_sadtalker.pt
FAKE_T3_1061_IEO_HAP_MD__AUDIO_1061_IEO_NEU_XX_sadtalker,track3,1,crema_1061,NEU,HAP,-1,1,1,1,,data\preprocessed\features\z_at\FAKE_T3_1061_IEO_HAP_MD__AUDIO_1061_IEO_NEU_XX_sadtalker.pt,data\preprocessed\features\z_v\FAKE_T3_1061_IEO_HAP_MD__AUDIO_1061_IEO_NEU_XX_sadtalker.pt
FAKE_T3_1061_IEO_NEU_XX__AUDIO_1061_IEO_SAD_HI_sadtalker,track3,1,crema_1061,SAD,NEU,-1,1,1,1,,data\preprocessed\features\z_at\FAKE_T3_1061_IEO_NEU_XX__AUDIO_1061_IEO_SAD_HI_sadtalker.pt,data\preprocessed\features\z_v\FAKE_T3_1061_IEO_NEU_XX__AUDIO_1061_IEO_SAD_HI_sadtalker.pt
FAKE_T3_1061_IEO_SAD_HI__AUDIO_1061_IEO_ANG_HI_sadtalker,track3,1,crema_1061,ANG,SAD,-1,1,1,1,,data\preprocessed\features\z_at\FAKE_T3_1061_IEO_SAD_HI__AUDIO_1061_IEO_ANG_HI_sadtalker.pt,data\preprocessed\features\z_v\FAKE_T3_1061_IEO_SAD_HI__AUDIO_1061_IEO_ANG_HI_sadtalker.pt
FAKE_T3_1061_IOM_DIS_XX__AUDIO_1061_IOM_FEA_XX_sadtalker,track3,1,crema_1061,FEA,DIS,-1,1,1,1,,data\preprocessed\features\z_at\FAKE_T3_1061_IOM_DIS_XX__AUDIO_1061_IOM_FEA_XX_sadtalker.pt,data\preprocessed\features\z_v\FAKE_T3_1061_IOM_DIS_XX__AUDIO_1061_IOM_FEA_XX_sadtalker.pt
FAKE_T3_1061_IOM_FEA_XX__AUDIO_1061_IOM_HAP_XX_sadtalker,track3,1,crema_1061,HAP,FEA,-1,1,1,1,,data\preprocessed\features\z_at\FAKE_T3_1061_IOM_FEA_XX__AUDIO_1061_IOM_HAP_XX_sadtalker.pt,data\preprocessed\features\z_v\FAKE_T3_1061_IOM_FEA_XX__AUDIO_1061_IOM_HAP_XX_sadtalker.pt
FAKE_T3_1061_IOM_SAD_XX__AUDIO_1061_IOM_ANG_XX_sadtalker,track3,1,crema_1061,ANG,SAD,-1,1,1,1,,data\preprocessed\features\z_at\FAKE_T3_1061_IOM_SAD_XX__AUDIO_1061_IOM_ANG_XX_sadtalker.pt,data\preprocessed\features\z_v\FAKE_T3_1061_IOM_SAD_XX__AUDIO_1061_IOM_ANG_XX_sadtalker.pt
FAKE_T3_1061_ITH_ANG_XX__AUDIO_1061_ITH_DIS_XX_sadtalker,track3,1,crema_1061,DIS,ANG,-1,1,1,1,,data\preprocessed\features\z_at\FAKE_T3_1061_ITH_ANG_XX__AUDIO_1061_ITH_DIS_XX_sadtalker.pt,data\preprocessed\features\z_v\FAKE_T3_1061_ITH_ANG_XX__AUDIO_1061_ITH_DIS_XX_sadtalker.pt
FAKE_T3_1061_ITH_SAD_XX__AUDIO_1061_ITH_ANG_XX_sadtalker,track3,1,crema_1061,ANG,SAD,-1,1,1,1,,data\preprocessed\features\z_at\FAKE_T3_1061_ITH_SAD_XX__AUDIO_1061_ITH_ANG_XX_sadtalker.pt,data\preprocessed\features\z_v\FAKE_T3_1061_ITH_SAD_XX__AUDIO_1061_ITH_ANG_XX_sadtalker.pt
FAKE_T3_1061_ITS_ANG_XX__AUDIO_1061_ITS_DIS_XX_sadtalker,track3,1,crema_1061,DIS,ANG,-1,1,1,1,,data\preprocessed\features\z_at\FAKE_T3_1061_ITS_ANG_XX__AUDIO_1061_ITS_DIS_XX_sadtalker.pt,data\preprocessed\features\z_v\FAKE_T3_1061_ITS_ANG_XX__AUDIO_1061_ITS_DIS_XX_sadtalker.pt
FAKE_T3_1061_ITS_DIS_XX__AUDIO_1061_ITS_FEA_XX_sadtalker,track3,1,crema_1061,FEA,DIS,-1,1,1,1,,data\preprocessed\features\z_at\FAKE_T3_1061_ITS_DIS_XX__AUDIO_1061_ITS_FEA_XX_sadtalker.pt,data\preprocessed\features\z_v\FAKE_T3_1061_ITS_DIS_XX__AUDIO_1061_ITS_FEA_XX_sadtalker.pt
FAKE_T3_1061_ITS_SAD_XX__AUDIO_1061_ITS_ANG_XX_sadtalker,track3,1,crema_1061,ANG,SAD,-1,1,1,1,,data\preprocessed\features\z_at\FAKE_T3_1061_ITS_SAD_XX__AUDIO_1061_ITS_ANG_XX_sadtalker.pt,data\preprocessed\features\z_v\FAKE_T3_1061_ITS_SAD_XX__AUDIO_1061_ITS_ANG_XX_sadtalker.pt
FAKE_T3_1061_IWL_ANG_XX__AUDIO_1061_IWL_DIS_XX_sadtalker,track3,1,crema_1061,DIS,ANG,-1,1,1,1,,data\preprocessed\features\z_at\FAKE_T3_1061_IWL_ANG_XX__AUDIO_1061_IWL_DIS_XX_sadtalker.pt,data\preprocessed\features\z_v\FAKE_T3_1061_IWL_ANG_XX__AUDIO_1061_IWL_DIS_XX_sadtalker.pt
FAKE_T3_1061_IWL_FEA_XX__AUDIO_1061_IWL_HAP_XX_sadtalker,track3,1,crema_1061,HAP,FEA,-1,1,1,1,,data\preprocessed\features\z_at\FAKE_T3_1061_IWL_FEA_XX__AUDIO_1061_IWL_HAP_XX_sadtalker.pt,data\preprocessed\features\z_v\FAKE_T3_1061_IWL_FEA_XX__AUDIO_1061_IWL_HAP_XX_sadtalker.pt
FAKE_T3_1061_IWL_NEU_XX__AUDIO_1061_IWL_SAD_XX_sadtalker,track3,1,crema_1061,SAD,NEU,-1,1,1,1,,data\preprocessed\features\z_at\FAKE_T3_1061_IWL_NEU_XX__AUDIO_1061_IWL_SAD_XX_sadtalker.pt,data\preprocessed\features\z_v\FAKE_T3_1061_IWL_NEU_XX__AUDIO_1061_IWL_SAD_XX_sadtalker.pt
FAKE_T3_1061_IWL_SAD_XX__AUDIO_1061_IWL_ANG_XX_sadtalker,track3,1,crema_1061,ANG,SAD,-1,1,1,1,,data\preprocessed\features\z_at\FAKE_T3_1061_IWL_SAD_XX__AUDIO_1061_IWL_ANG_XX_sadtalker.pt,data\preprocessed\features\z_v\FAKE_T3_1061_IWL_SAD_XX__AUDIO_1061_IWL_ANG_XX_sadtalker.pt
FAKE_T3_1061_IWW_ANG_XX__AUDIO_1061_IWW_DIS_XX_sadtalker,track3,1,crema_1061,DIS,ANG,-1,1,1,1,,data\preprocessed\features\z_at\FAKE_T3_1061_IWW_ANG_XX__AUDIO_1061_IWW_DIS_XX_sadtalker.pt,data\preprocessed\features\z_v\FAKE_T3_1061_IWW_ANG_XX__AUDIO_1061_IWW_DIS_XX_sadtalker.pt
FAKE_T3_1061_IWW_FEA_XX__AUDIO_1061_IWW_HAP_XX_sadtalker,track3,1,crema_1061,HAP,FEA,-1,1,1,1,,data\preprocessed\features\z_at\FAKE_T3_1061_IWW_FEA_XX__AUDIO_1061_IWW_HAP_XX_sadtalker.pt,data\preprocessed\features\z_v\FAKE_T3_1061_IWW_FEA_XX__AUDIO_1061_IWW_HAP_XX_sadtalker.pt
FAKE_T3_1061_IWW_NEU_XX__AUDIO_1061_IWW_SAD_XX_sadtalker,track3,1,crema_1061,SAD,NEU,-1,1,1,1,,data\preprocessed\features\z_at\FAKE_T3_1061_IWW_NEU_XX__AUDIO_1061_IWW_SAD_XX_sadtalker.pt,data\preprocessed\features\z_v\FAKE_T3_1061_IWW_NEU_XX__AUDIO_1061_IWW_SAD_XX_sadtalker.pt
FAKE_T3_1061_MTI_FEA_XX__AUDIO_1061_MTI_HAP_XX_sadtalker,track3,1,crema_1061,HAP,FEA,-1,1,1,1,,data\preprocessed\features\z_at\FAKE_T3_1061_MTI_FEA_XX__AUDIO_1061_MTI_HAP_XX_sadtalker.pt,data\preprocessed\features\z_v\FAKE_T3_1061_MTI_FEA_XX__AUDIO_1061_MTI_HAP_XX_sadtalker.pt
FAKE_T3_1061_MTI_NEU_XX__AUDIO_1061_MTI_SAD_XX_sadtalker,track3,1,crema_1061,SAD,NEU,-1,1,1,1,,data\preprocessed\features\z_at\FAKE_T3_1061_MTI_NEU_XX__AUDIO_1061_MTI_SAD_XX_sadtalker.pt,data\preprocessed\features\z_v\FAKE_T3_1061_MTI_NEU_XX__AUDIO_1061_MTI_SAD_XX_sadtalker.pt
FAKE_T3_1061_TAI_DIS_XX__AUDIO_1061_TAI_FEA_XX_sadtalker,track3,1,crema_1061,FEA,DIS,-1,1,1,1,,data\preprocessed\features\z_at\FAKE_T3_1061_TAI_DIS_XX__AUDIO_1061_TAI_FEA_XX_sadtalker.pt,data\preprocessed\features\z_v\FAKE_T3_1061_TAI_DIS_XX__AUDIO_1061_TAI_FEA_XX_sadtalker.pt
FAKE_T3_1061_TAI_SAD_XX__AUDIO_1061_TAI_ANG_XX_sadtalker,track3,1,crema_1061,ANG,SAD,-1,1,1,1,,data\preprocessed\features\z_at\FAKE_T3_1061_TAI_SAD_XX__AUDIO_1061_TAI_ANG_XX_sadtalker.pt,data\preprocessed\features\z_v\FAKE_T3_1061_TAI_SAD_XX__AUDIO_1061_TAI_ANG_XX_sadtalker.pt
FAKE_T3_1061_TIE_DIS_XX__AUDIO_1061_TIE_FEA_XX_sadtalker,track3,1,crema_1061,FEA,DIS,-1,1,1,1,,data\preprocessed\features\z_at\FAKE_T3_1061_TIE_DIS_XX__AUDIO_1061_TIE_FEA_XX_sadtalker.pt,data\preprocessed\features\z_v\FAKE_T3_1061_TIE_DIS_XX__AUDIO_1061_TIE_FEA_XX_sadtalker.pt
FAKE_T3_1061_TIE_FEA_XX__AUDIO_1061_TIE_HAP_XX_sadtalker,track3,1,crema_1061,HAP,FEA,-1,1,1,1,,data\preprocessed\features\z_at\FAKE_T3_1061_TIE_FEA_XX__AUDIO_1061_TIE_HAP_XX_sadtalker.pt,data\preprocessed\features\z_v\FAKE_T3_1061_TIE_FEA_XX__AUDIO_1061_TIE_HAP_XX_sadtalker.pt
FAKE_T3_1061_TIE_SAD_XX__AUDIO_1061_TIE_ANG_XX_sadtalker,track3,1,crema_1061,ANG,SAD,-1,1,1,1,,data\preprocessed\features\z_at\FAKE_T3_1061_TIE_SAD_XX__AUDIO_1061_TIE_ANG_XX_sadtalker.pt,data\preprocessed\features\z_v\FAKE_T3_1061_TIE_SAD_XX__AUDIO_1061_TIE_ANG_XX_sadtalker.pt
FAKE_T3_1061_TSI_HAP_XX__AUDIO_1061_TSI_NEU_XX_sadtalker,track3,1,crema_1061,NEU,HAP,-1,1,1,1,,data\preprocessed\features\z_at\FAKE_T3_1061_TSI_HAP_XX__AUDIO_1061_TSI_NEU_XX_sadtalker.pt,data\preprocessed\features\z_v\FAKE_T3_1061_TSI_HAP_XX__AUDIO_1061_TSI_NEU_XX_sadtalker.pt
FAKE_T3_1061_TSI_SAD_XX__AUDIO_1061_TSI_ANG_XX_sadtalker,track3,1,crema_1061,ANG,SAD,-1,1,1,1,,data\preprocessed\features\z_at\FAKE_T3_1061_TSI_SAD_XX__AUDIO_1061_TSI_ANG_XX_sadtalker.pt,data\preprocessed\features\z_v\FAKE_T3_1061_TSI_SAD_XX__AUDIO_1061_TSI_ANG_XX_sadtalker.pt
FAKE_T3_1061_WSI_ANG_XX__AUDIO_1061_WSI_DIS_XX_sadtalker,track3,1,crema_1061,DIS,ANG,-1,1,1,1,,data\preprocessed\features\z_at\FAKE_T3_1061_WSI_ANG_XX__AUDIO_1061_WSI_DIS_XX_sadtalker.pt,data\preprocessed\features\z_v\FAKE_T3_1061_WSI_ANG_XX__AUDIO_1061_WSI_DIS_XX_sadtalker.pt
FAKE_T3_1061_WSI_DIS_XX__AUDIO_1061_WSI_FEA_XX_sadtalker,track3,1,crema_1061,FEA,DIS,-1,1,1,1,,data\preprocessed\features\z_at\FAKE_T3_1061_WSI_DIS_XX__AUDIO_1061_WSI_FEA_XX_sadtalker.pt,data\preprocessed\features\z_v\FAKE_T3_1061_WSI_DIS_XX__AUDIO_1061_WSI_FEA_XX_sadtalker.pt
FAKE_T3_1061_WSI_HAP_XX__AUDIO_1061_WSI_NEU_XX_sadtalker,track3,1,crema_1061,NEU,HAP,-1,1,1,1,,data\preprocessed\features\z_at\FAKE_T3_1061_WSI_HAP_XX__AUDIO_1061_WSI_NEU_XX_sadtalker.pt,data\preprocessed\features\z_v\FAKE_T3_1061_WSI_HAP_XX__AUDIO_1061_WSI_NEU_XX_sadtalker.pt
FAKE_T3_1061_WSI_NEU_XX__AUDIO_1061_WSI_SAD_XX_sadtalker,track3,1,crema_1061,SAD,NEU,-1,1,1,1,,data\preprocessed\features\z_at\FAKE_T3_1061_WSI_NEU_XX__AUDIO_1061_WSI_SAD_XX_sadtalker.pt,data\preprocessed\features\z_v\FAKE_T3_1061_WSI_NEU_XX__AUDIO_1061_WSI_SAD_XX_sadtalker.pt
FAKE_T3_1061_WSI_SAD_XX__AUDIO_1061_WSI_ANG_XX_sadtalker,track3,1,crema_1061,ANG,SAD,-1,1,1,1,,data\preprocessed\features\z_at\FAKE_T3_1061_WSI_SAD_XX__AUDIO_1061_WSI_ANG_XX_sadtalker.pt,data\preprocessed\features\z_v\FAKE_T3_1061_WSI_SAD_XX__AUDIO_1061_WSI_ANG_XX_sadtalker.pt
FAKE_T3_1062_DFA_DIS_XX__AUDIO_1062_DFA_FEA_XX_sadtalker,track3,1,crema_1062,FEA,DIS,-1,1,1,1,,data\preprocessed\features\z_at\FAKE_T3_1062_DFA_DIS_XX__AUDIO_1062_DFA_FEA_XX_sadtalker.pt,data\preprocessed\features\z_v\FAKE_T3_1062_DFA_DIS_XX__AUDIO_1062_DFA_FEA_XX_sadtalker.pt
FAKE_T3_1062_DFA_HAP_XX__AUDIO_1062_DFA_NEU_XX_sadtalker,track3,1,crema_1062,NEU,HAP,-1,1,1,1,,data\preprocessed\features\z_at\FAKE_T3_1062_DFA_HAP_XX__AUDIO_1062_DFA_NEU_XX_sadtalker.pt,data\preprocessed\features\z_v\FAKE_T3_1062_DFA_HAP_XX__AUDIO_1062_DFA_NEU_XX_sadtalker.pt
FAKE_T3_1062_DFA_NEU_XX__AUDIO_1062_DFA_SAD_XX_sadtalker,track3,1,crema_1062,SAD,NEU,-1,1,1,1,,data\preprocessed\features\z_at\FAKE_T3_1062_DFA_NEU_XX__AUDIO_1062_DFA_SAD_XX_sadtalker.pt,data\preprocessed\features\z_v\FAKE_T3_1062_DFA_NEU_XX__AUDIO_1062_DFA_SAD_XX_sadtalker.pt
FAKE_T3_1062_IEO_ANG_LO__AUDIO_1062_IEO_DIS_LO_sadtalker,track3,1,crema_1062,DIS,ANG,-1,1,1,1,,data\preprocessed\features\z_at\FAKE_T3_1062_IEO_ANG_LO__AUDIO_1062_IEO_DIS_LO_sadtalker.pt,data\preprocessed\features\z_v\FAKE_T3_1062_IEO_ANG_LO__AUDIO_1062_IEO_DIS_LO_sadtalker.pt
FAKE_T3_1062_IEO_DIS_HI__AUDIO_1062_IEO_FEA_HI_sadtalker,track3,1,crema_1062,FEA,DIS,-1,1,1,1,,data\preprocessed\features\z_at\FAKE_T3_1062_IEO_DIS_HI__AUDIO_1062_IEO_FEA_HI_sadtalker.pt,data\preprocessed\features\z_v\FAKE_T3_1062_IEO_DIS_HI__AUDIO_1062_IEO_FEA_HI_sadtalker.pt
FAKE_T3_1062_IEO_DIS_MD__AUDIO_1062_IEO_FEA_MD_sadtalker,track3,1,crema_1062,FEA,DIS,-1,1,1,1,,data\preprocessed\features\z_at\FAKE_T3_1062_IEO_DIS_MD__AUDIO_1062_IEO_FEA_MD_sadtalker.pt,data\preprocessed\features\z_v\FAKE_T3_1062_IEO_DIS_MD__AUDIO_1062_IEO_FEA_MD_sadtalker.pt
FAKE_T3_1062_IEO_FEA_LO__AUDIO_1062_IEO_HAP_LO_sadtalker,track3,1,crema_1062,HAP,FEA,-1,1,1,1,,data\preprocessed\features\z_at\FAKE_T3_1062_IEO_FEA_LO__AUDIO_1062_IEO_HAP_LO_sadtalker.pt,data\preprocessed\features\z_v\FAKE_T3_1062_IEO_FEA_LO__AUDIO_1062_IEO_HAP_LO_sadtalker.pt
FAKE_T3_1062_IEO_HAP_HI__AUDIO_1062_IEO_NEU_XX_sadtalker,track3,1,crema_1062,NEU,HAP,-1,1,1,1,,data\preprocessed\features\z_at\FAKE_T3_1062_IEO_HAP_HI__AUDIO_1062_IEO_NEU_XX_sadtalker.pt,data\preprocessed\features\z_v\FAKE_T3_1062_IEO_HAP_HI__AUDIO_1062_IEO_NEU_XX_sadtalker.pt
FAKE_T3_1062_IEO_HAP_LO__AUDIO_1062_IEO_NEU_XX_sadtalker,track3,1,crema_1062,NEU,HAP,-1,1,1,1,,data\preprocessed\features\z_at\FAKE_T3_1062_IEO_HAP_LO__AUDIO_1062_IEO_NEU_XX_sadtalker.pt,data\preprocessed\features\z_v\FAKE_T3_1062_IEO_HAP_LO__AUDIO_1062_IEO_NEU_XX_sadtalker.pt
FAKE_T3_1062_IEO_HAP_MD__AUDIO_1062_IEO_NEU_XX_sadtalker,track3,1,crema_1062,NEU,HAP,-1,1,1,1,,data\preprocessed\features\z_at\FAKE_T3_1062_IEO_HAP_MD__AUDIO_1062_IEO_NEU_XX_sadtalker.pt,data\preprocessed\features\z_v\FAKE_T3_1062_IEO_HAP_MD__AUDIO_1062_IEO_NEU_XX_sadtalker.pt
FAKE_T3_1062_IEO_NEU_XX__AUDIO_1062_IEO_SAD_HI_sadtalker,track3,1,crema_1062,SAD,NEU,-1,1,1,1,,data\preprocessed\features\z_at\FAKE_T3_1062_IEO_NEU_XX__AUDIO_1062_IEO_SAD_HI_sadtalker.pt,data\preprocessed\features\z_v\FAKE_T3_1062_IEO_NEU_XX__AUDIO_1062_IEO_SAD_HI_sadtalker.pt
FAKE_T3_1062_IEO_SAD_LO__AUDIO_1062_IEO_ANG_LO_sadtalker,track3,1,crema_1062,ANG,SAD,-1,1,1,1,,data\preprocessed\features\z_at\FAKE_T3_1062_IEO_SAD_LO__AUDIO_1062_IEO_ANG_LO_sadtalker.pt,data\preprocessed\features\z_v\FAKE_T3_1062_IEO_SAD_LO__AUDIO_1062_IEO_ANG_LO_sadtalker.pt
FAKE_T3_1062_IOM_ANG_XX__AUDIO_1062_IOM_DIS_XX_sadtalker,track3,1,crema_1062,DIS,ANG,-1,1,1,1,,data\preprocessed\features\z_at\FAKE_T3_1062_IOM_ANG_XX__AUDIO_1062_IOM_DIS_XX_sadtalker.pt,data\preprocessed\features\z_v\FAKE_T3_1062_IOM_ANG_XX__AUDIO_1062_IOM_DIS_XX_sadtalker.pt
FAKE_T3_1062_ITH_ANG_XX__AUDIO_1062_ITH_DIS_XX_sadtalker,track3,1,crema_1062,DIS,ANG,-1,1,1,1,,data\preprocessed\features\z_at\FAKE_T3_1062_ITH_ANG_XX__AUDIO_1062_ITH_DIS_XX_sadtalker.pt,data\preprocessed\features\z_v\FAKE_T3_1062_ITH_ANG_XX__AUDIO_1062_ITH_DIS_XX_sadtalker.pt
FAKE_T3_1062_ITH_FEA_XX__AUDIO_1062_ITH_HAP_XX_sadtalker,track3,1,crema_1062,HAP,FEA,-1,1,1,1,,data\preprocessed\features\z_at\FAKE_T3_1062_ITH_FEA_XX__AUDIO_1062_ITH_HAP_XX_sadtalker.pt,data\preprocessed\features\z_v\FAKE_T3_1062_ITH_FEA_XX__AUDIO_1062_ITH_HAP_XX_sadtalker.pt
FAKE_T3_1062_ITH_NEU_XX__AUDIO_1062_ITH_SAD_XX_sadtalker,track3,1,crema_1062,SAD,NEU,-1,1,1,1,,data\preprocessed\features\z_at\FAKE_T3_1062_ITH_NEU_XX__AUDIO_1062_ITH_SAD_XX_sadtalker.pt,data\preprocessed\features\z_v\FAKE_T3_1062_ITH_NEU_XX__AUDIO_1062_ITH_SAD_XX_sadtalker.pt
FAKE_T3_1062_ITH_SAD_XX__AUDIO_1062_ITH_ANG_XX_sadtalker,track3,1,crema_1062,ANG,SAD,-1,1,1,1,,data\preprocessed\features\z_at\FAKE_T3_1062_ITH_SAD_XX__AUDIO_1062_ITH_ANG_XX_sadtalker.pt,data\preprocessed\features\z_v\FAKE_T3_1062_ITH_SAD_XX__AUDIO_1062_ITH_ANG_XX_sadtalker.pt
FAKE_T3_1062_ITS_FEA_XX__AUDIO_1062_ITS_HAP_XX_sadtalker,track3,1,crema_1062,HAP,FEA,-1,1,1,1,,data\preprocessed\features\z_at\FAKE_T3_1062_ITS_FEA_XX__AUDIO_1062_ITS_HAP_XX_sadtalker.pt,data\preprocessed\features\z_v\FAKE_T3_1062_ITS_FEA_XX__AUDIO_1062_ITS_HAP_XX_sadtalker.pt
FAKE_T3_1062_ITS_HAP_XX__AUDIO_1062_ITS_NEU_XX_sadtalker,track3,1,crema_1062,NEU,HAP,-1,1,1,1,,data\preprocessed\features\z_at\FAKE_T3_1062_ITS_HAP_XX__AUDIO_1062_ITS_NEU_XX_sadtalker.pt,data\preprocessed\features\z_v\FAKE_T3_1062_ITS_HAP_XX__AUDIO_1062_ITS_NEU_XX_sadtalker.pt
FAKE_T3_1062_IWL_FEA_XX__AUDIO_1062_IWL_HAP_XX_sadtalker,track3,1,crema_1062,HAP,FEA,-1,1,1,1,,data\preprocessed\features\z_at\FAKE_T3_1062_IWL_FEA_XX__AUDIO_1062_IWL_HAP_XX_sadtalker.pt,data\preprocessed\features\z_v\FAKE_T3_1062_IWL_FEA_XX__AUDIO_1062_IWL_HAP_XX_sadtalker.pt
FAKE_T3_1062_IWL_SAD_XX__AUDIO_1062_IWL_ANG_XX_sadtalker,track3,1,crema_1062,ANG,SAD,-1,1,1,1,,data\preprocessed\features\z_at\FAKE_T3_1062_IWL_SAD_XX__AUDIO_1062_IWL_ANG_XX_sadtalker.pt,data\preprocessed\features\z_v\FAKE_T3_1062_IWL_SAD_XX__AUDIO_1062_IWL_ANG_XX_sadtalker.pt
FAKE_T3_1062_IWW_ANG_XX__AUDIO_1062_IWW_DIS_XX_sadtalker,track3,1,crema_1062,DIS,ANG,-1,1,1,1,,data\preprocessed\features\z_at\FAKE_T3_1062_IWW_ANG_XX__AUDIO_1062_IWW_DIS_XX_sadtalker.pt,data\preprocessed\features\z_v\FAKE_T3_1062_IWW_ANG_XX__AUDIO_1062_IWW_DIS_XX_sadtalker.pt
FAKE_T3_1062_IWW_DIS_XX__AUDIO_1062_IWW_FEA_XX_sadtalker,track3,1,crema_1062,FEA,DIS,-1,1,1,1,,data\preprocessed\features\z_at\FAKE_T3_1062_IWW_DIS_XX__AUDIO_1062_IWW_FEA_XX_sadtalker.pt,data\preprocessed\features\z_v\FAKE_T3_1062_IWW_DIS_XX__AUDIO_1062_IWW_FEA_XX_sadtalker.pt
FAKE_T3_1062_IWW_HAP_XX__AUDIO_1062_IWW_NEU_XX_sadtalker,track3,1,crema_1062,NEU,HAP,-1,1,1,1,,data\preprocessed\features\z_at\FAKE_T3_1062_IWW_HAP_XX__AUDIO_1062_IWW_NEU_XX_sadtalker.pt,data\preprocessed\features\z_v\FAKE_T3_1062_IWW_HAP_XX__AUDIO_1062_IWW_NEU_XX_sadtalker.pt
FAKE_T3_1062_MTI_ANG_XX__AUDIO_1062_MTI_DIS_XX_sadtalker,track3,1,crema_1062,DIS,ANG,-1,1,1,1,,data\preprocessed\features\z_at\FAKE_T3_1062_MTI_ANG_XX__AUDIO_1062_MTI_DIS_XX_sadtalker.pt,data\preprocessed\features\z_v\FAKE_T3_1062_MTI_ANG_XX__AUDIO_1062_MTI_DIS_XX_sadtalker.pt
FAKE_T3_1062_MTI_HAP_XX__AUDIO_1062_MTI_NEU_XX_sadtalker,track3,1,crema_1062,NEU,HAP,-1,1,1,1,,data\preprocessed\features\z_at\FAKE_T3_1062_MTI_HAP_XX__AUDIO_1062_MTI_NEU_XX_sadtalker.pt,data\preprocessed\features\z_v\FAKE_T3_1062_MTI_HAP_XX__AUDIO_1062_MTI_NEU_XX_sadtalker.pt
FAKE_T3_1062_MTI_SAD_XX__AUDIO_1062_MTI_ANG_XX_sadtalker,track3,1,crema_1062,ANG,SAD,-1,1,1,1,,data\preprocessed\features\z_at\FAKE_T3_1062_MTI_SAD_XX__AUDIO_1062_MTI_ANG_XX_sadtalker.pt,data\preprocessed\features\z_v\FAKE_T3_1062_MTI_SAD_XX__AUDIO_1062_MTI_ANG_XX_sadtalker.pt
FAKE_T3_1062_TAI_ANG_XX__AUDIO_1062_TAI_DIS_XX_sadtalker,track3,1,crema_1062,DIS,ANG,-1,1,1,1,,data\preprocessed\features\z_at\FAKE_T3_1062_TAI_ANG_XX__AUDIO_1062_TAI_DIS_XX_sadtalker.pt,data\preprocessed\features\z_v\FAKE_T3_1062_TAI_ANG_XX__AUDIO_1062_TAI_DIS_XX_sadtalker.pt
FAKE_T3_1062_TAI_DIS_XX__AUDIO_1062_TAI_FEA_XX_sadtalker,track3,1,crema_1062,FEA,DIS,-1,1,1,1,,data\preprocessed\features\z_at\FAKE_T3_1062_TAI_DIS_XX__AUDIO_1062_TAI_FEA_XX_sadtalker.pt,data\preprocessed\features\z_v\FAKE_T3_1062_TAI_DIS_XX__AUDIO_1062_TAI_FEA_XX_sadtalker.pt
FAKE_T3_1062_TAI_NEU_XX__AUDIO_1062_TAI_SAD_XX_sadtalker,track3,1,crema_1062,SAD,NEU,-1,1,1,1,,data\preprocessed\features\z_at\FAKE_T3_1062_TAI_NEU_XX__AUDIO_1062_TAI_SAD_XX_sadtalker.pt,data\preprocessed\features\z_v\FAKE_T3_1062_TAI_NEU_XX__AUDIO_1062_TAI_SAD_XX_sadtalker.pt
FAKE_T3_1062_TIE_ANG_XX__AUDIO_1062_TIE_DIS_XX_sadtalker,track3,1,crema_1062,DIS,ANG,-1,1,1,1,,data\preprocessed\features\z_at\FAKE_T3_1062_TIE_ANG_XX__AUDIO_1062_TIE_DIS_XX_sadtalker.pt,data\preprocessed\features\z_v\FAKE_T3_1062_TIE_ANG_XX__AUDIO_1062_TIE_DIS_XX_sadtalker.pt
FAKE_T3_1062_TIE_DIS_XX__AUDIO_1062_TIE_FEA_XX_sadtalker,track3,1,crema_1062,FEA,DIS,-1,1,1,1,,data\preprocessed\features\z_at\FAKE_T3_1062_TIE_DIS_XX__AUDIO_1062_TIE_FEA_XX_sadtalker.pt,data\preprocessed\features\z_v\FAKE_T3_1062_TIE_DIS_XX__AUDIO_1062_TIE_FEA_XX_sadtalker.pt
FAKE_T3_1062_TIE_HAP_XX__AUDIO_1062_TIE_NEU_XX_sadtalker,track3,1,crema_1062,NEU,HAP,-1,1,1,1,,data\preprocessed\features\z_at\FAKE_T3_1062_TIE_HAP_XX__AUDIO_1062_TIE_NEU_XX_sadtalker.pt,data\preprocessed\features\z_v\FAKE_T3_1062_TIE_HAP_XX__AUDIO_1062_TIE_NEU_XX_sadtalker.pt
FAKE_T3_1062_TIE_NEU_XX__AUDIO_1062_TIE_SAD_XX_sadtalker,track3,1,crema_1062,SAD,NEU,-1,1,1,1,,data\preprocessed\features\z_at\FAKE_T3_1062_TIE_NEU_XX__AUDIO_1062_TIE_SAD_XX_sadtalker.pt,data\preprocessed\features\z_v\FAKE_T3_1062_TIE_NEU_XX__AUDIO_1062_TIE_SAD_XX_sadtalker.pt
FAKE_T3_1062_TSI_FEA_XX__AUDIO_1062_TSI_HAP_XX_sadtalker,track3,1,crema_1062,HAP,FEA,-1,1,1,1,,data\preprocessed\features\z_at\FAKE_T3_1062_TSI_FEA_XX__AUDIO_1062_TSI_HAP_XX_sadtalker.pt,data\preprocessed\features\z_v\FAKE_T3_1062_TSI_FEA_XX__AUDIO_1062_TSI_HAP_XX_sadtalker.pt
FAKE_T3_1062_TSI_HAP_XX__AUDIO_1062_TSI_NEU_XX_sadtalker,track3,1,crema_1062,NEU,HAP,-1,1,1,1,,data\preprocessed\features\z_at\FAKE_T3_1062_TSI_HAP_XX__AUDIO_1062_TSI_NEU_XX_sadtalker.pt,data\preprocessed\features\z_v\FAKE_T3_1062_TSI_HAP_XX__AUDIO_1062_TSI_NEU_XX_sadtalker.pt
FAKE_T3_1062_TSI_NEU_XX__AUDIO_1062_TSI_SAD_XX_sadtalker,track3,1,crema_1062,SAD,NEU,-1,1,1,1,,data\preprocessed\features\z_at\FAKE_T3_1062_TSI_NEU_XX__AUDIO_1062_TSI_SAD_XX_sadtalker.pt,data\preprocessed\features\z_v\FAKE_T3_1062_TSI_NEU_XX__AUDIO_1062_TSI_SAD_XX_sadtalker.pt
FAKE_T3_1062_TSI_SAD_XX__AUDIO_1062_TSI_ANG_XX_sadtalker,track3,1,crema_1062,ANG,SAD,-1,1,1,1,,data\preprocessed\features\z_at\FAKE_T3_1062_TSI_SAD_XX__AUDIO_1062_TSI_ANG_XX_sadtalker.pt,data\preprocessed\features\z_v\FAKE_T3_1062_TSI_SAD_XX__AUDIO_1062_TSI_ANG_XX_sadtalker.pt
FAKE_T3_1062_WSI_ANG_XX__AUDIO_1062_WSI_DIS_XX_sadtalker,track3,1,crema_1062,DIS,ANG,-1,1,1,1,,data\preprocessed\features\z_at\FAKE_T3_1062_WSI_ANG_XX__AUDIO_1062_WSI_DIS_XX_sadtalker.pt,data\preprocessed\features\z_v\FAKE_T3_1062_WSI_ANG_XX__AUDIO_1062_WSI_DIS_XX_sadtalker.pt
FAKE_T3_1062_WSI_DIS_XX__AUDIO_1062_WSI_FEA_XX_sadtalker,track3,1,crema_1062,FEA,DIS,-1,1,1,1,,data\preprocessed\features\z_at\FAKE_T3_1062_WSI_DIS_XX__AUDIO_1062_WSI_FEA_XX_sadtalker.pt,data\preprocessed\features\z_v\FAKE_T3_1062_WSI_DIS_XX__AUDIO_1062_WSI_FEA_XX_sadtalker.pt
FAKE_T3_1062_WSI_NEU_XX__AUDIO_1062_WSI_SAD_XX_sadtalker,track3,1,crema_1062,SAD,NEU,-1,1,1,1,,data\preprocessed\features\z_at\FAKE_T3_1062_WSI_NEU_XX__AUDIO_1062_WSI_SAD_XX_sadtalker.pt,data\preprocessed\features\z_v\FAKE_T3_1062_WSI_NEU_XX__AUDIO_1062_WSI_SAD_XX_sadtalker.pt
FAKE_T3_1064_DFA_ANG_XX__AUDIO_1064_DFA_DIS_XX_sadtalker,track3,1,crema_1064,DIS,ANG,-1,1,1,1,,data\preprocessed\features\z_at\FAKE_T3_1064_DFA_ANG_XX__AUDIO_1064_DFA_DIS_XX_sadtalker.pt,data\preprocessed\features\z_v\FAKE_T3_1064_DFA_ANG_XX__AUDIO_1064_DFA_DIS_XX_sadtalker.pt
FAKE_T3_1064_DFA_DIS_XX__AUDIO_1064_DFA_FEA_XX_sadtalker,track3,1,crema_1064,FEA,DIS,-1,1,1,1,,data\preprocessed\features\z_at\FAKE_T3_1064_DFA_DIS_XX__AUDIO_1064_DFA_FEA_XX_sadtalker.pt,data\preprocessed\features\z_v\FAKE_T3_1064_DFA_DIS_XX__AUDIO_1064_DFA_FEA_XX_sadtalker.pt
FAKE_T3_1064_DFA_FEA_XX__AUDIO_1064_DFA_HAP_XX_sadtalker,track3,1,crema_1064,HAP,FEA,-1,1,1,1,,data\preprocessed\features\z_at\FAKE_T3_1064_DFA_FEA_XX__AUDIO_1064_DFA_HAP_XX_sadtalker.pt,data\preprocessed\features\z_v\FAKE_T3_1064_DFA_FEA_XX__AUDIO_1064_DFA_HAP_XX_sadtalker.pt
FAKE_T3_1064_DFA_HAP_XX__AUDIO_1064_DFA_NEU_XX_sadtalker,track3,1,crema_1064,NEU,HAP,-1,1,1,1,,data\preprocessed\features\z_at\FAKE_T3_1064_DFA_HAP_XX__AUDIO_1064_DFA_NEU_XX_sadtalker.pt,data\preprocessed\features\z_v\FAKE_T3_1064_DFA_HAP_XX__AUDIO_1064_DFA_NEU_XX_sadtalker.pt
FAKE_T3_1064_DFA_NEU_XX__AUDIO_1064_DFA_SAD_XX_sadtalker,track3,1,crema_1064,SAD,NEU,-1,1,1,1,,data\preprocessed\features\z_at\FAKE_T3_1064_DFA_NEU_XX__AUDIO_1064_DFA_SAD_XX_sadtalker.pt,data\preprocessed\features\z_v\FAKE_T3_1064_DFA_NEU_XX__AUDIO_1064_DFA_SAD_XX_sadtalker.pt
FAKE_T3_1064_IEO_ANG_LO__AUDIO_1064_IEO_DIS_LO_sadtalker,track3,1,crema_1064,DIS,ANG,-1,1,1,1,,data\preprocessed\features\z_at\FAKE_T3_1064_IEO_ANG_LO__AUDIO_1064_IEO_DIS_LO_sadtalker.pt,data\preprocessed\features\z_v\FAKE_T3_1064_IEO_ANG_LO__AUDIO_1064_IEO_DIS_LO_sadtalker.pt
FAKE_T3_1064_IEO_DIS_HI__AUDIO_1064_IEO_FEA_HI_sadtalker,track3,1,crema_1064,FEA,DIS,-1,1,1,1,,data\preprocessed\features\z_at\FAKE_T3_1064_IEO_DIS_HI__AUDIO_1064_IEO_FEA_HI_sadtalker.pt,data\preprocessed\features\z_v\FAKE_T3_1064_IEO_DIS_HI__AUDIO_1064_IEO_FEA_HI_sadtalker.pt
FAKE_T3_1064_IEO_DIS_LO__AUDIO_1064_IEO_FEA_LO_sadtalker,track3,1,crema_1064,FEA,DIS,-1,1,1,1,,data\preprocessed\features\z_at\FAKE_T3_1064_IEO_DIS_LO__AUDIO_1064_IEO_FEA_LO_sadtalker.pt,data\preprocessed\features\z_v\FAKE_T3_1064_IEO_DIS_LO__AUDIO_1064_IEO_FEA_LO_sadtalker.pt
FAKE_T3_1064_IEO_DIS_MD__AUDIO_1064_IEO_FEA_MD_sadtalker,track3,1,crema_1064,FEA,DIS,-1,1,1,1,,data\preprocessed\features\z_at\FAKE_T3_1064_IEO_DIS_MD__AUDIO_1064_IEO_FEA_MD_sadtalker.pt,data\preprocessed\features\z_v\FAKE_T3_1064_IEO_DIS_MD__AUDIO_1064_IEO_FEA_MD_sadtalker.pt
FAKE_T3_1064_IEO_FEA_LO__AUDIO_1064_IEO_HAP_LO_sadtalker,track3,1,crema_1064,HAP,FEA,-1,1,1,1,,data\preprocessed\features\z_at\FAKE_T3_1064_IEO_FEA_LO__AUDIO_1064_IEO_HAP_LO_sadtalker.pt,data\preprocessed\features\z_v\FAKE_T3_1064_IEO_FEA_LO__AUDIO_1064_IEO_HAP_LO_sadtalker.pt
FAKE_T3_1064_IEO_HAP_HI__AUDIO_1064_IEO_NEU_XX_sadtalker,track3,1,crema_1064,NEU,HAP,-1,1,1,1,,data\preprocessed\features\z_at\FAKE_T3_1064_IEO_HAP_HI__AUDIO_1064_IEO_NEU_XX_sadtalker.pt,data\preprocessed\features\z_v\FAKE_T3_1064_IEO_HAP_HI__AUDIO_1064_IEO_NEU_XX_sadtalker.pt
FAKE_T3_1064_IEO_SAD_MD__AUDIO_1064_IEO_ANG_MD_sadtalker,track3,1,crema_1064,ANG,SAD,-1,1,1,1,,data\preprocessed\features\z_at\FAKE_T3_1064_IEO_SAD_MD__AUDIO_1064_IEO_ANG_MD_sadtalker.pt,data\preprocessed\features\z_v\FAKE_T3_1064_IEO_SAD_MD__AUDIO_1064_IEO_ANG_MD_sadtalker.pt
FAKE_T3_1064_IOM_NEU_XX__AUDIO_1064_IOM_SAD_XX_sadtalker,track3,1,crema_1064,SAD,NEU,-1,1,1,1,,data\preprocessed\features\z_at\FAKE_T3_1064_IOM_NEU_XX__AUDIO_1064_IOM_SAD_XX_sadtalker.pt,data\preprocessed\features\z_v\FAKE_T3_1064_IOM_NEU_XX__AUDIO_1064_IOM_SAD_XX_sadtalker.pt
FAKE_T3_1064_ITH_DIS_XX__AUDIO_1064_ITH_FEA_XX_sadtalker,track3,1,crema_1064,FEA,DIS,-1,1,1,1,,data\preprocessed\features\z_at\FAKE_T3_1064_ITH_DIS_XX__AUDIO_1064_ITH_FEA_XX_sadtalker.pt,data\preprocessed\features\z_v\FAKE_T3_1064_ITH_DIS_XX__AUDIO_1064_ITH_FEA_XX_sadtalker.pt
FAKE_T3_1064_ITH_NEU_XX__AUDIO_1064_ITH_SAD_XX_sadtalker,track3,1,crema_1064,SAD,NEU,-1,1,1,1,,data\preprocessed\features\z_at\FAKE_T3_1064_ITH_NEU_XX__AUDIO_1064_ITH_SAD_XX_sadtalker.pt,data\preprocessed\features\z_v\FAKE_T3_1064_ITH_NEU_XX__AUDIO_1064_ITH_SAD_XX_sadtalker.pt
FAKE_T3_1064_ITH_SAD_XX__AUDIO_1064_ITH_ANG_XX_sadtalker,track3,1,crema_1064,ANG,SAD,-1,1,1,1,,data\preprocessed\features\z_at\FAKE_T3_1064_ITH_SAD_XX__AUDIO_1064_ITH_ANG_XX_sadtalker.pt,data\preprocessed\features\z_v\FAKE_T3_1064_ITH_SAD_XX__AUDIO_1064_ITH_ANG_XX_sadtalker.pt
FAKE_T3_1064_ITS_FEA_XX__AUDIO_1064_ITS_HAP_XX_sadtalker,track3,1,crema_1064,HAP,FEA,-1,1,1,1,,data\preprocessed\features\z_at\FAKE_T3_1064_ITS_FEA_XX__AUDIO_1064_ITS_HAP_XX_sadtalker.pt,data\preprocessed\features\z_v\FAKE_T3_1064_ITS_FEA_XX__AUDIO_1064_ITS_HAP_XX_sadtalker.pt
FAKE_T3_1064_ITS_HAP_XX__AUDIO_1064_ITS_NEU_XX_sadtalker,track3,1,crema_1064,NEU,HAP,-1,1,1,1,,data\preprocessed\features\z_at\FAKE_T3_1064_ITS_HAP_XX__AUDIO_1064_ITS_NEU_XX_sadtalker.pt,data\preprocessed\features\z_v\FAKE_T3_1064_ITS_HAP_XX__AUDIO_1064_ITS_NEU_XX_sadtalker.pt
FAKE_T3_1064_ITS_NEU_XX__AUDIO_1064_ITS_SAD_XX_sadtalker,track3,1,crema_1064,SAD,NEU,-1,1,1,1,,data\preprocessed\features\z_at\FAKE_T3_1064_ITS_NEU_XX__AUDIO_1064_ITS_SAD_XX_sadtalker.pt,data\preprocessed\features\z_v\FAKE_T3_1064_ITS_NEU_XX__AUDIO_1064_ITS_SAD_XX_sadtalker.pt
FAKE_T3_1064_ITS_SAD_XX__AUDIO_1064_ITS_ANG_XX_sadtalker,track3,1,crema_1064,ANG,SAD,-1,1,1,1,,data\preprocessed\features\z_at\FAKE_T3_1064_ITS_SAD_XX__AUDIO_1064_ITS_ANG_XX_sadtalker.pt,data\preprocessed\features\z_v\FAKE_T3_1064_ITS_SAD_XX__AUDIO_1064_ITS_ANG_XX_sadtalker.pt
FAKE_T3_1064_IWL_DIS_XX__AUDIO_1064_IWL_FEA_XX_sadtalker,track3,1,crema_1064,FEA,DIS,-1,1,1,1,,data\preprocessed\features\z_at\FAKE_T3_1064_IWL_DIS_XX__AUDIO_1064_IWL_FEA_XX_sadtalker.pt,data\preprocessed\features\z_v\FAKE_T3_1064_IWL_DIS_XX__AUDIO_1064_IWL_FEA_XX_sadtalker.pt
FAKE_T3_1064_IWL_SAD_XX__AUDIO_1064_IWL_ANG_XX_sadtalker,track3,1,crema_1064,ANG,SAD,-1,1,1,1,,data\preprocessed\features\z_at\FAKE_T3_1064_IWL_SAD_XX__AUDIO_1064_IWL_ANG_XX_sadtalker.pt,data\preprocessed\features\z_v\FAKE_T3_1064_IWL_SAD_XX__AUDIO_1064_IWL_ANG_XX_sadtalker.pt
FAKE_T3_1064_IWW_ANG_XX__AUDIO_1064_IWW_DIS_XX_sadtalker,track3,1,crema_1064,DIS,ANG,-1,1,1,1,,data\preprocessed\features\z_at\FAKE_T3_1064_IWW_ANG_XX__AUDIO_1064_IWW_DIS_XX_sadtalker.pt,data\preprocessed\features\z_v\FAKE_T3_1064_IWW_ANG_XX__AUDIO_1064_IWW_DIS_XX_sadtalker.pt
FAKE_T3_1064_IWW_DIS_XX__AUDIO_1064_IWW_FEA_XX_sadtalker,track3,1,crema_1064,FEA,DIS,-1,1,1,1,,data\preprocessed\features\z_at\FAKE_T3_1064_IWW_DIS_XX__AUDIO_1064_IWW_FEA_XX_sadtalker.pt,data\preprocessed\features\z_v\FAKE_T3_1064_IWW_DIS_XX__AUDIO_1064_IWW_FEA_XX_sadtalker.pt
FAKE_T3_1064_IWW_HAP_XX__AUDIO_1064_IWW_NEU_XX_sadtalker,track3,1,crema_1064,NEU,HAP,-1,1,1,1,,data\preprocessed\features\z_at\FAKE_T3_1064_IWW_HAP_XX__AUDIO_1064_IWW_NEU_XX_sadtalker.pt,data\preprocessed\features\z_v\FAKE_T3_1064_IWW_HAP_XX__AUDIO_1064_IWW_NEU_XX_sadtalker.pt
FAKE_T3_1064_IWW_NEU_XX__AUDIO_1064_IWW_SAD_XX_sadtalker,track3,1,crema_1064,SAD,NEU,-1,1,1,1,,data\preprocessed\features\z_at\FAKE_T3_1064_IWW_NEU_XX__AUDIO_1064_IWW_SAD_XX_sadtalker.pt,data\preprocessed\features\z_v\FAKE_T3_1064_IWW_NEU_XX__AUDIO_1064_IWW_SAD_XX_sadtalker.pt
FAKE_T3_1064_MTI_ANG_XX__AUDIO_1064_MTI_DIS_XX_sadtalker,track3,1,crema_1064,DIS,ANG,-1,1,1,1,,data\preprocessed\features\z_at\FAKE_T3_1064_MTI_ANG_XX__AUDIO_1064_MTI_DIS_XX_sadtalker.pt,data\preprocessed\features\z_v\FAKE_T3_1064_MTI_ANG_XX__AUDIO_1064_MTI_DIS_XX_sadtalker.pt
FAKE_T3_1064_MTI_FEA_XX__AUDIO_1064_MTI_HAP_XX_sadtalker,track3,1,crema_1064,HAP,FEA,-1,1,1,1,,data\preprocessed\features\z_at\FAKE_T3_1064_MTI_FEA_XX__AUDIO_1064_MTI_HAP_XX_sadtalker.pt,data\preprocessed\features\z_v\FAKE_T3_1064_MTI_FEA_XX__AUDIO_1064_MTI_HAP_XX_sadtalker.pt
FAKE_T3_1064_MTI_NEU_XX__AUDIO_1064_MTI_SAD_XX_sadtalker,track3,1,crema_1064,SAD,NEU,-1,1,1,1,,data\preprocessed\features\z_at\FAKE_T3_1064_MTI_NEU_XX__AUDIO_1064_MTI_SAD_XX_sadtalker.pt,data\preprocessed\features\z_v\FAKE_T3_1064_MTI_NEU_XX__AUDIO_1064_MTI_SAD_XX_sadtalker.pt
FAKE_T3_1064_MTI_SAD_XX__AUDIO_1064_MTI_ANG_XX_sadtalker,track3,1,crema_1064,ANG,SAD,-1,1,1,1,,data\preprocessed\features\z_at\FAKE_T3_1064_MTI_SAD_XX__AUDIO_1064_MTI_ANG_XX_sadtalker.pt,data\preprocessed\features\z_v\FAKE_T3_1064_MTI_SAD_XX__AUDIO_1064_MTI_ANG_XX_sadtalker.pt
FAKE_T3_1064_TAI_FEA_XX__AUDIO_1064_TAI_HAP_XX_sadtalker,track3,1,crema_1064,HAP,FEA,-1,1,1,1,,data\preprocessed\features\z_at\FAKE_T3_1064_TAI_FEA_XX__AUDIO_1064_TAI_HAP_XX_sadtalker.pt,data\preprocessed\features\z_v\FAKE_T3_1064_TAI_FEA_XX__AUDIO_1064_TAI_HAP_XX_sadtalker.pt
FAKE_T3_1064_TAI_HAP_XX__AUDIO_1064_TAI_NEU_XX_sadtalker,track3,1,crema_1064,NEU,HAP,-1,1,1,1,,data\preprocessed\features\z_at\FAKE_T3_1064_TAI_HAP_XX__AUDIO_1064_TAI_NEU_XX_sadtalker.pt,data\preprocessed\features\z_v\FAKE_T3_1064_TAI_HAP_XX__AUDIO_1064_TAI_NEU_XX_sadtalker.pt
FAKE_T3_1064_TAI_SAD_XX__AUDIO_1064_TAI_ANG_XX_sadtalker,track3,1,crema_1064,ANG,SAD,-1,1,1,1,,data\preprocessed\features\z_at\FAKE_T3_1064_TAI_SAD_XX__AUDIO_1064_TAI_ANG_XX_sadtalker.pt,data\preprocessed\features\z_v\FAKE_T3_1064_TAI_SAD_XX__AUDIO_1064_TAI_ANG_XX_sadtalker.pt
FAKE_T3_1064_TIE_FEA_XX__AUDIO_1064_TIE_HAP_XX_sadtalker,track3,1,crema_1064,HAP,FEA,-1,1,1,1,,data\preprocessed\features\z_at\FAKE_T3_1064_TIE_FEA_XX__AUDIO_1064_TIE_HAP_XX_sadtalker.pt,data\preprocessed\features\z_v\FAKE_T3_1064_TIE_FEA_XX__AUDIO_1064_TIE_HAP_XX_sadtalker.pt
FAKE_T3_1064_TIE_HAP_XX__AUDIO_1064_TIE_NEU_XX_sadtalker,track3,1,crema_1064,NEU,HAP,-1,1,1,1,,data\preprocessed\features\z_at\FAKE_T3_1064_TIE_HAP_XX__AUDIO_1064_TIE_NEU_XX_sadtalker.pt,data\preprocessed\features\z_v\FAKE_T3_1064_TIE_HAP_XX__AUDIO_1064_TIE_NEU_XX_sadtalker.pt
FAKE_T3_1064_TIE_SAD_XX__AUDIO_1064_TIE_ANG_XX_sadtalker,track3,1,crema_1064,ANG,SAD,-1,1,1,1,,data\preprocessed\features\z_at\FAKE_T3_1064_TIE_SAD_XX__AUDIO_1064_TIE_ANG_XX_sadtalker.pt,data\preprocessed\features\z_v\FAKE_T3_1064_TIE_SAD_XX__AUDIO_1064_TIE_ANG_XX_sadtalker.pt
FAKE_T3_1064_TSI_DIS_XX__AUDIO_1064_TSI_FEA_XX_sadtalker,track3,1,crema_1064,FEA,DIS,-1,1,1,1,,data\preprocessed\features\z_at\FAKE_T3_1064_TSI_DIS_XX__AUDIO_1064_TSI_FEA_XX_sadtalker.pt,data\preprocessed\features\z_v\FAKE_T3_1064_TSI_DIS_XX__AUDIO_1064_TSI_FEA_XX_sadtalker.pt
FAKE_T3_1064_TSI_FEA_XX__AUDIO_1064_TSI_HAP_XX_sadtalker,track3,1,crema_1064,HAP,FEA,-1,1,1,1,,data\preprocessed\features\z_at\FAKE_T3_1064_TSI_FEA_XX__AUDIO_1064_TSI_HAP_XX_sadtalker.pt,data\preprocessed\features\z_v\FAKE_T3_1064_TSI_FEA_XX__AUDIO_1064_TSI_HAP_XX_sadtalker.pt
FAKE_T3_1064_TSI_NEU_XX__AUDIO_1064_TSI_SAD_XX_sadtalker,track3,1,crema_1064,SAD,NEU,-1,1,1,1,,data\preprocessed\features\z_at\FAKE_T3_1064_TSI_NEU_XX__AUDIO_1064_TSI_SAD_XX_sadtalker.pt,data\preprocessed\features\z_v\FAKE_T3_1064_TSI_NEU_XX__AUDIO_1064_TSI_SAD_XX_sadtalker.pt
FAKE_T3_1064_WSI_DIS_XX__AUDIO_1064_WSI_FEA_XX_sadtalker,track3,1,crema_1064,FEA,DIS,-1,1,1,1,,data\preprocessed\features\z_at\FAKE_T3_1064_WSI_DIS_XX__AUDIO_1064_WSI_FEA_XX_sadtalker.pt,data\preprocessed\features\z_v\FAKE_T3_1064_WSI_DIS_XX__AUDIO_1064_WSI_FEA_XX_sadtalker.pt
FAKE_T3_1064_WSI_SAD_XX__AUDIO_1064_WSI_ANG_XX_sadtalker,track3,1,crema_1064,ANG,SAD,-1,1,1,1,,data\preprocessed\features\z_at\FAKE_T3_1064_WSI_SAD_XX__AUDIO_1064_WSI_ANG_XX_sadtalker.pt,data\preprocessed\features\z_v\FAKE_T3_1064_WSI_SAD_XX__AUDIO_1064_WSI_ANG_XX_sadtalker.pt
FAKE_T3_1065_DFA_FEA_XX__AUDIO_1065_DFA_HAP_XX_sadtalker,track3,1,crema_1065,HAP,FEA,-1,1,1,1,,data\preprocessed\features\z_at\FAKE_T3_1065_DFA_FEA_XX__AUDIO_1065_DFA_HAP_XX_sadtalker.pt,data\preprocessed\features\z_v\FAKE_T3_1065_DFA_FEA_XX__AUDIO_1065_DFA_HAP_XX_sadtalker.pt
FAKE_T3_1065_DFA_SAD_XX__AUDIO_1065_DFA_ANG_XX_sadtalker,track3,1,crema_1065,ANG,SAD,-1,1,1,1,,data\preprocessed\features\z_at\FAKE_T3_1065_DFA_SAD_XX__AUDIO_1065_DFA_ANG_XX_sadtalker.pt,data\preprocessed\features\z_v\FAKE_T3_1065_DFA_SAD_XX__AUDIO_1065_DFA_ANG_XX_sadtalker.pt
FAKE_T3_1065_IEO_ANG_MD__AUDIO_1065_IEO_DIS_MD_sadtalker,track3,1,crema_1065,DIS,ANG,-1,1,1,1,,data\preprocessed\features\z_at\FAKE_T3_1065_IEO_ANG_MD__AUDIO_1065_IEO_DIS_MD_sadtalker.pt,data\preprocessed\features\z_v\FAKE_T3_1065_IEO_ANG_MD__AUDIO_1065_IEO_DIS_MD_sadtalker.pt
FAKE_T3_1065_IEO_DIS_HI__AUDIO_1065_IEO_FEA_HI_sadtalker,track3,1,crema_1065,FEA,DIS,-1,1,1,1,,data\preprocessed\features\z_at\FAKE_T3_1065_IEO_DIS_HI__AUDIO_1065_IEO_FEA_HI_sadtalker.pt,data\preprocessed\features\z_v\FAKE_T3_1065_IEO_DIS_HI__AUDIO_1065_IEO_FEA_HI_sadtalker.pt
FAKE_T3_1065_IEO_DIS_LO__AUDIO_1065_IEO_FEA_LO_sadtalker,track3,1,crema_1065,FEA,DIS,-1,1,1,1,,data\preprocessed\features\z_at\FAKE_T3_1065_IEO_DIS_LO__AUDIO_1065_IEO_FEA_LO_sadtalker.pt,data\preprocessed\features\z_v\FAKE_T3_1065_IEO_DIS_LO__AUDIO_1065_IEO_FEA_LO_sadtalker.pt
FAKE_T3_1065_IEO_DIS_MD__AUDIO_1065_IEO_FEA_MD,track3,1,crema_1065,FEA,DIS,-1,1,1,1,,data\preprocessed\features\z_at\FAKE_T3_1065_IEO_DIS_MD__AUDIO_1065_IEO_FEA_MD.pt,data\preprocessed\features\z_v\FAKE_T3_1065_IEO_DIS_MD__AUDIO_1065_IEO_FEA_MD.pt
FAKE_T3_1065_IEO_FEA_LO__AUDIO_1065_IEO_HAP_LO_sadtalker,track3,1,crema_1065,HAP,FEA,-1,1,1,1,,data\preprocessed\features\z_at\FAKE_T3_1065_IEO_FEA_LO__AUDIO_1065_IEO_HAP_LO_sadtalker.pt,data\preprocessed\features\z_v\FAKE_T3_1065_IEO_FEA_LO__AUDIO_1065_IEO_HAP_LO_sadtalker.pt
FAKE_T3_1065_IEO_FEA_MD__AUDIO_1065_IEO_HAP_MD_sadtalker,track3,1,crema_1065,HAP,FEA,-1,1,1,1,,data\preprocessed\features\z_at\FAKE_T3_1065_IEO_FEA_MD__AUDIO_1065_IEO_HAP_MD_sadtalker.pt,data\preprocessed\features\z_v\FAKE_T3_1065_IEO_FEA_MD__AUDIO_1065_IEO_HAP_MD_sadtalker.pt
FAKE_T3_1065_IEO_HAP_MD__AUDIO_1065_IEO_NEU_XX_sadtalker,track3,1,crema_1065,NEU,HAP,-1,1,1,1,,data\preprocessed\features\z_at\FAKE_T3_1065_IEO_HAP_MD__AUDIO_1065_IEO_NEU_XX_sadtalker.pt,data\preprocessed\features\z_v\FAKE_T3_1065_IEO_HAP_MD__AUDIO_1065_IEO_NEU_XX_sadtalker.pt
FAKE_T3_1065_IEO_NEU_XX__AUDIO_1065_IEO_SAD_HI_sadtalker,track3,1,crema_1065,SAD,NEU,-1,1,1,1,,data\preprocessed\features\z_at\FAKE_T3_1065_IEO_NEU_XX__AUDIO_1065_IEO_SAD_HI_sadtalker.pt,data\preprocessed\features\z_v\FAKE_T3_1065_IEO_NEU_XX__AUDIO_1065_IEO_SAD_HI_sadtalker.pt
FAKE_T3_1065_IEO_SAD_HI__AUDIO_1065_IEO_ANG_HI_sadtalker,track3,1,crema_1065,ANG,SAD,-1,1,1,1,,data\preprocessed\features\z_at\FAKE_T3_1065_IEO_SAD_HI__AUDIO_1065_IEO_ANG_HI_sadtalker.pt,data\preprocessed\features\z_v\FAKE_T3_1065_IEO_SAD_HI__AUDIO_1065_IEO_ANG_HI_sadtalker.pt
FAKE_T3_1065_IEO_SAD_LO__AUDIO_1065_IEO_ANG_LO_sadtalker,track3,1,crema_1065,ANG,SAD,-1,1,1,1,,data\preprocessed\features\z_at\FAKE_T3_1065_IEO_SAD_LO__AUDIO_1065_IEO_ANG_LO_sadtalker.pt,data\preprocessed\features\z_v\FAKE_T3_1065_IEO_SAD_LO__AUDIO_1065_IEO_ANG_LO_sadtalker.pt
FAKE_T3_1065_IEO_SAD_MD__AUDIO_1065_IEO_ANG_MD_sadtalker,track3,1,crema_1065,ANG,SAD,-1,1,1,1,,data\preprocessed\features\z_at\FAKE_T3_1065_IEO_SAD_MD__AUDIO_1065_IEO_ANG_MD_sadtalker.pt,data\preprocessed\features\z_v\FAKE_T3_1065_IEO_SAD_MD__AUDIO_1065_IEO_ANG_MD_sadtalker.pt
FAKE_T3_1065_IOM_FEA_XX__AUDIO_1065_IOM_HAP_XX_sadtalker,track3,1,crema_1065,HAP,FEA,-1,1,1,1,,data\preprocessed\features\z_at\FAKE_T3_1065_IOM_FEA_XX__AUDIO_1065_IOM_HAP_XX_sadtalker.pt,data\preprocessed\features\z_v\FAKE_T3_1065_IOM_FEA_XX__AUDIO_1065_IOM_HAP_XX_sadtalker.pt
FAKE_T3_1065_IOM_HAP_XX__AUDIO_1065_IOM_NEU_XX_sadtalker,track3,1,crema_1065,NEU,HAP,-1,1,1,1,,data\preprocessed\features\z_at\FAKE_T3_1065_IOM_HAP_XX__AUDIO_1065_IOM_NEU_XX_sadtalker.pt,data\preprocessed\features\z_v\FAKE_T3_1065_IOM_HAP_XX__AUDIO_1065_IOM_NEU_XX_sadtalker.pt
FAKE_T3_1065_IOM_SAD_XX__AUDIO_1065_IOM_ANG_XX_sadtalker,track3,1,crema_1065,ANG,SAD,-1,1,1,1,,data\preprocessed\features\z_at\FAKE_T3_1065_IOM_SAD_XX__AUDIO_1065_IOM_ANG_XX_sadtalker.pt,data\preprocessed\features\z_v\FAKE_T3_1065_IOM_SAD_XX__AUDIO_1065_IOM_ANG_XX_sadtalker.pt
FAKE_T3_1065_ITH_FEA_XX__AUDIO_1065_ITH_HAP_XX_sadtalker,track3,1,crema_1065,HAP,FEA,-1,1,1,1,,data\preprocessed\features\z_at\FAKE_T3_1065_ITH_FEA_XX__AUDIO_1065_ITH_HAP_XX_sadtalker.pt,data\preprocessed\features\z_v\FAKE_T3_1065_ITH_FEA_XX__AUDIO_1065_ITH_HAP_XX_sadtalker.pt
FAKE_T3_1065_ITH_HAP_XX__AUDIO_1065_ITH_NEU_XX_sadtalker,track3,1,crema_1065,NEU,HAP,-1,1,1,1,,data\preprocessed\features\z_at\FAKE_T3_1065_ITH_HAP_XX__AUDIO_1065_ITH_NEU_XX_sadtalker.pt,data\preprocessed\features\z_v\FAKE_T3_1065_ITH_HAP_XX__AUDIO_1065_ITH_NEU_XX_sadtalker.pt
FAKE_T3_1065_ITS_ANG_XX__AUDIO_1065_ITS_DIS_XX_sadtalker,track3,1,crema_1065,DIS,ANG,-1,1,1,1,,data\preprocessed\features\z_at\FAKE_T3_1065_ITS_ANG_XX__AUDIO_1065_ITS_DIS_XX_sadtalker.pt,data\preprocessed\features\z_v\FAKE_T3_1065_ITS_ANG_XX__AUDIO_1065_ITS_DIS_XX_sadtalker.pt
FAKE_T3_1065_ITS_FEA_XX__AUDIO_1065_ITS_HAP_XX_sadtalker,track3,1,crema_1065,HAP,FEA,-1,1,1,1,,data\preprocessed\features\z_at\FAKE_T3_1065_ITS_FEA_XX__AUDIO_1065_ITS_HAP_XX_sadtalker.pt,data\preprocessed\features\z_v\FAKE_T3_1065_ITS_FEA_XX__AUDIO_1065_ITS_HAP_XX_sadtalker.pt
FAKE_T3_1065_ITS_NEU_XX__AUDIO_1065_ITS_SAD_XX_sadtalker,track3,1,crema_1065,SAD,NEU,-1,1,1,1,,data\preprocessed\features\z_at\FAKE_T3_1065_ITS_NEU_XX__AUDIO_1065_ITS_SAD_XX_sadtalker.pt,data\preprocessed\features\z_v\FAKE_T3_1065_ITS_NEU_XX__AUDIO_1065_ITS_SAD_XX_sadtalker.pt
FAKE_T3_1065_IWL_ANG_XX__AUDIO_1065_IWL_DIS_XX_sadtalker,track3,1,crema_1065,DIS,ANG,-1,1,1,1,,data\preprocessed\features\z_at\FAKE_T3_1065_IWL_ANG_XX__AUDIO_1065_IWL_DIS_XX_sadtalker.pt,data\preprocessed\features\z_v\FAKE_T3_1065_IWL_ANG_XX__AUDIO_1065_IWL_DIS_XX_sadtalker.pt
FAKE_T3_1065_IWL_DIS_XX__AUDIO_1065_IWL_FEA_XX_sadtalker,track3,1,crema_1065,FEA,DIS,-1,1,1,1,,data\preprocessed\features\z_at\FAKE_T3_1065_IWL_DIS_XX__AUDIO_1065_IWL_FEA_XX_sadtalker.pt,data\preprocessed\features\z_v\FAKE_T3_1065_IWL_DIS_XX__AUDIO_1065_IWL_FEA_XX_sadtalker.pt
FAKE_T3_1065_IWW_ANG_XX__AUDIO_1065_IWW_DIS_XX_sadtalker,track3,1,crema_1065,DIS,ANG,-1,1,1,1,,data\preprocessed\features\z_at\FAKE_T3_1065_IWW_ANG_XX__AUDIO_1065_IWW_DIS_XX_sadtalker.pt,data\preprocessed\features\z_v\FAKE_T3_1065_IWW_ANG_XX__AUDIO_1065_IWW_DIS_XX_sadtalker.pt
FAKE_T3_1065_IWW_DIS_XX__AUDIO_1065_IWW_FEA_XX_sadtalker,track3,1,crema_1065,FEA,DIS,-1,1,1,1,,data\preprocessed\features\z_at\FAKE_T3_1065_IWW_DIS_XX__AUDIO_1065_IWW_FEA_XX_sadtalker.pt,data\preprocessed\features\z_v\FAKE_T3_1065_IWW_DIS_XX__AUDIO_1065_IWW_FEA_XX_sadtalker.pt
FAKE_T3_1065_IWW_FEA_XX__AUDIO_1065_IWW_HAP_XX_sadtalker,track3,1,crema_1065,HAP,FEA,-1,1,1,1,,data\preprocessed\features\z_at\FAKE_T3_1065_IWW_FEA_XX__AUDIO_1065_IWW_HAP_XX_sadtalker.pt,data\preprocessed\features\z_v\FAKE_T3_1065_IWW_FEA_XX__AUDIO_1065_IWW_HAP_XX_sadtalker.pt
FAKE_T3_1065_MTI_ANG_XX__AUDIO_1065_MTI_DIS_XX_sadtalker,track3,1,crema_1065,DIS,ANG,-1,1,1,1,,data\preprocessed\features\z_at\FAKE_T3_1065_MTI_ANG_XX__AUDIO_1065_MTI_DIS_XX_sadtalker.pt,data\preprocessed\features\z_v\FAKE_T3_1065_MTI_ANG_XX__AUDIO_1065_MTI_DIS_XX_sadtalker.pt
FAKE_T3_1065_MTI_FEA_XX__AUDIO_1065_MTI_HAP_XX_sadtalker,track3,1,crema_1065,HAP,FEA,-1,1,1,1,,data\preprocessed\features\z_at\FAKE_T3_1065_MTI_FEA_XX__AUDIO_1065_MTI_HAP_XX_sadtalker.pt,data\preprocessed\features\z_v\FAKE_T3_1065_MTI_FEA_XX__AUDIO_1065_MTI_HAP_XX_sadtalker.pt
FAKE_T3_1065_MTI_HAP_XX__AUDIO_1065_MTI_NEU_XX_sadtalker,track3,1,crema_1065,NEU,HAP,-1,1,1,1,,data\preprocessed\features\z_at\FAKE_T3_1065_MTI_HAP_XX__AUDIO_1065_MTI_NEU_XX_sadtalker.pt,data\preprocessed\features\z_v\FAKE_T3_1065_MTI_HAP_XX__AUDIO_1065_MTI_NEU_XX_sadtalker.pt
FAKE_T3_1065_TAI_DIS_XX__AUDIO_1065_TAI_FEA_XX_sadtalker,track3,1,crema_1065,FEA,DIS,-1,1,1,1,,data\preprocessed\features\z_at\FAKE_T3_1065_TAI_DIS_XX__AUDIO_1065_TAI_FEA_XX_sadtalker.pt,data\preprocessed\features\z_v\FAKE_T3_1065_TAI_DIS_XX__AUDIO_1065_TAI_FEA_XX_sadtalker.pt
FAKE_T3_1065_TAI_HAP_XX__AUDIO_1065_TAI_NEU_XX_sadtalker,track3,1,crema_1065,NEU,HAP,-1,1,1,1,,data\preprocessed\features\z_at\FAKE_T3_1065_TAI_HAP_XX__AUDIO_1065_TAI_NEU_XX_sadtalker.pt,data\preprocessed\features\z_v\FAKE_T3_1065_TAI_HAP_XX__AUDIO_1065_TAI_NEU_XX_sadtalker.pt
FAKE_T3_1065_TIE_ANG_XX__AUDIO_1065_TIE_DIS_XX_sadtalker,track3,1,crema_1065,DIS,ANG,-1,1,1,1,,data\preprocessed\features\z_at\FAKE_T3_1065_TIE_ANG_XX__AUDIO_1065_TIE_DIS_XX_sadtalker.pt,data\preprocessed\features\z_v\FAKE_T3_1065_TIE_ANG_XX__AUDIO_1065_TIE_DIS_XX_sadtalker.pt
FAKE_T3_1065_TIE_DIS_XX__AUDIO_1065_TIE_FEA_XX_sadtalker,track3,1,crema_1065,FEA,DIS,-1,1,1,1,,data\preprocessed\features\z_at\FAKE_T3_1065_TIE_DIS_XX__AUDIO_1065_TIE_FEA_XX_sadtalker.pt,data\preprocessed\features\z_v\FAKE_T3_1065_TIE_DIS_XX__AUDIO_1065_TIE_FEA_XX_sadtalker.pt
FAKE_T3_1065_TIE_FEA_XX__AUDIO_1065_TIE_HAP_XX_sadtalker,track3,1,crema_1065,HAP,FEA,-1,1,1,1,,data\preprocessed\features\z_at\FAKE_T3_1065_TIE_FEA_XX__AUDIO_1065_TIE_HAP_XX_sadtalker.pt,data\preprocessed\features\z_v\FAKE_T3_1065_TIE_FEA_XX__AUDIO_1065_TIE_HAP_XX_sadtalker.pt
FAKE_T3_1065_TIE_HAP_XX__AUDIO_1065_TIE_NEU_XX_sadtalker,track3,1,crema_1065,NEU,HAP,-1,1,1,1,,data\preprocessed\features\z_at\FAKE_T3_1065_TIE_HAP_XX__AUDIO_1065_TIE_NEU_XX_sadtalker.pt,data\preprocessed\features\z_v\FAKE_T3_1065_TIE_HAP_XX__AUDIO_1065_TIE_NEU_XX_sadtalker.pt
FAKE_T3_1065_TIE_SAD_XX__AUDIO_1065_TIE_ANG_XX_sadtalker,track3,1,crema_1065,ANG,SAD,-1,1,1,1,,data\preprocessed\features\z_at\FAKE_T3_1065_TIE_SAD_XX__AUDIO_1065_TIE_ANG_XX_sadtalker.pt,data\preprocessed\features\z_v\FAKE_T3_1065_TIE_SAD_XX__AUDIO_1065_TIE_ANG_XX_sadtalker.pt
FAKE_T3_1065_TSI_DIS_XX__AUDIO_1065_TSI_FEA_XX_sadtalker,track3,1,crema_1065,FEA,DIS,-1,1,1,1,,data\preprocessed\features\z_at\FAKE_T3_1065_TSI_DIS_XX__AUDIO_1065_TSI_FEA_XX_sadtalker.pt,data\preprocessed\features\z_v\FAKE_T3_1065_TSI_DIS_XX__AUDIO_1065_TSI_FEA_XX_sadtalker.pt
FAKE_T3_1065_TSI_FEA_XX__AUDIO_1065_TSI_HAP_XX_sadtalker,track3,1,crema_1065,HAP,FEA,-1,1,1,1,,data\preprocessed\features\z_at\FAKE_T3_1065_TSI_FEA_XX__AUDIO_1065_TSI_HAP_XX_sadtalker.pt,data\preprocessed\features\z_v\FAKE_T3_1065_TSI_FEA_XX__AUDIO_1065_TSI_HAP_XX_sadtalker.pt
FAKE_T3_1065_TSI_NEU_XX__AUDIO_1065_TSI_SAD_XX_sadtalker,track3,1,crema_1065,SAD,NEU,-1,1,1,1,,data\preprocessed\features\z_at\FAKE_T3_1065_TSI_NEU_XX__AUDIO_1065_TSI_SAD_XX_sadtalker.pt,data\preprocessed\features\z_v\FAKE_T3_1065_TSI_NEU_XX__AUDIO_1065_TSI_SAD_XX_sadtalker.pt
FAKE_T3_1065_TSI_SAD_XX__AUDIO_1065_TSI_ANG_XX_sadtalker,track3,1,crema_1065,ANG,SAD,-1,1,1,1,,data\preprocessed\features\z_at\FAKE_T3_1065_TSI_SAD_XX__AUDIO_1065_TSI_ANG_XX_sadtalker.pt,data\preprocessed\features\z_v\FAKE_T3_1065_TSI_SAD_XX__AUDIO_1065_TSI_ANG_XX_sadtalker.pt
FAKE_T3_1065_WSI_FEA_XX__AUDIO_1065_WSI_HAP_XX_sadtalker,track3,1,crema_1065,HAP,FEA,-1,1,1,1,,data\preprocessed\features\z_at\FAKE_T3_1065_WSI_FEA_XX__AUDIO_1065_WSI_HAP_XX_sadtalker.pt,data\preprocessed\features\z_v\FAKE_T3_1065_WSI_FEA_XX__AUDIO_1065_WSI_HAP_XX_sadtalker.pt
FAKE_T3_1066_DFA_SAD_XX__AUDIO_1066_DFA_ANG_XX_sadtalker,track3,1,crema_1066,ANG,SAD,-1,1,1,1,,data\preprocessed\features\z_at\FAKE_T3_1066_DFA_SAD_XX__AUDIO_1066_DFA_ANG_XX_sadtalker.pt,data\preprocessed\features\z_v\FAKE_T3_1066_DFA_SAD_XX__AUDIO_1066_DFA_ANG_XX_sadtalker.pt
FAKE_T3_1066_IEO_ANG_HI__AUDIO_1066_IEO_DIS_HI_sadtalker,track3,1,crema_1066,DIS,ANG,-1,1,1,1,,data\preprocessed\features\z_at\FAKE_T3_1066_IEO_ANG_HI__AUDIO_1066_IEO_DIS_HI_sadtalker.pt,data\preprocessed\features\z_v\FAKE_T3_1066_IEO_ANG_HI__AUDIO_1066_IEO_DIS_HI_sadtalker.pt
FAKE_T3_1066_IEO_DIS_LO__AUDIO_1066_IEO_FEA_LO_sadtalker,track3,1,crema_1066,FEA,DIS,-1,1,1,1,,data\preprocessed\features\z_at\FAKE_T3_1066_IEO_DIS_LO__AUDIO_1066_IEO_FEA_LO_sadtalker.pt,data\preprocessed\features\z_v\FAKE_T3_1066_IEO_DIS_LO__AUDIO_1066_IEO_FEA_LO_sadtalker.pt
FAKE_T3_1066_IEO_FEA_LO__AUDIO_1066_IEO_HAP_LO_sadtalker,track3,1,crema_1066,HAP,FEA,-1,1,1,1,,data\preprocessed\features\z_at\FAKE_T3_1066_IEO_FEA_LO__AUDIO_1066_IEO_HAP_LO_sadtalker.pt,data\preprocessed\features\z_v\FAKE_T3_1066_IEO_FEA_LO__AUDIO_1066_IEO_HAP_LO_sadtalker.pt
FAKE_T3_1066_IEO_FEA_MD__AUDIO_1066_IEO_HAP_MD_sadtalker,track3,1,crema_1066,HAP,FEA,-1,1,1,1,,data\preprocessed\features\z_at\FAKE_T3_1066_IEO_FEA_MD__AUDIO_1066_IEO_HAP_MD_sadtalker.pt,data\preprocessed\features\z_v\FAKE_T3_1066_IEO_FEA_MD__AUDIO_1066_IEO_HAP_MD_sadtalker.pt
FAKE_T3_1066_IEO_HAP_LO__AUDIO_1066_IEO_NEU_XX_sadtalker,track3,1,crema_1066,NEU,HAP,-1,1,1,1,,data\preprocessed\features\z_at\FAKE_T3_1066_IEO_HAP_LO__AUDIO_1066_IEO_NEU_XX_sadtalker.pt,data\preprocessed\features\z_v\FAKE_T3_1066_IEO_HAP_LO__AUDIO_1066_IEO_NEU_XX_sadtalker.pt
FAKE_T3_1066_IEO_HAP_MD__AUDIO_1066_IEO_NEU_XX_sadtalker,track3,1,crema_1066,NEU,HAP,-1,1,1,1,,data\preprocessed\features\z_at\FAKE_T3_1066_IEO_HAP_MD__AUDIO_1066_IEO_NEU_XX_sadtalker.pt,data\preprocessed\features\z_v\FAKE_T3_1066_IEO_HAP_MD__AUDIO_1066_IEO_NEU_XX_sadtalker.pt
FAKE_T3_1066_IEO_NEU_XX__AUDIO_1066_IEO_SAD_HI_sadtalker,track3,1,crema_1066,SAD,NEU,-1,1,1,1,,data\preprocessed\features\z_at\FAKE_T3_1066_IEO_NEU_XX__AUDIO_1066_IEO_SAD_HI_sadtalker.pt,data\preprocessed\features\z_v\FAKE_T3_1066_IEO_NEU_XX__AUDIO_1066_IEO_SAD_HI_sadtalker.pt
FAKE_T3_1066_IOM_ANG_XX__AUDIO_1066_IOM_DIS_XX_sadtalker,track3,1,crema_1066,DIS,ANG,-1,1,1,1,,data\preprocessed\features\z_at\FAKE_T3_1066_IOM_ANG_XX__AUDIO_1066_IOM_DIS_XX_sadtalker.pt,data\preprocessed\features\z_v\FAKE_T3_1066_IOM_ANG_XX__AUDIO_1066_IOM_DIS_XX_sadtalker.pt
FAKE_T3_1066_IOM_DIS_XX__AUDIO_1066_IOM_FEA_XX_sadtalker,track3,1,crema_1066,FEA,DIS,-1,1,1,1,,data\preprocessed\features\z_at\FAKE_T3_1066_IOM_DIS_XX__AUDIO_1066_IOM_FEA_XX_sadtalker.pt,data\preprocessed\features\z_v\FAKE_T3_1066_IOM_DIS_XX__AUDIO_1066_IOM_FEA_XX_sadtalker.pt
FAKE_T3_1066_IOM_FEA_XX__AUDIO_1066_IOM_HAP_XX_sadtalker,track3,1,crema_1066,HAP,FEA,-1,1,1,1,,data\preprocessed\features\z_at\FAKE_T3_1066_IOM_FEA_XX__AUDIO_1066_IOM_HAP_XX_sadtalker.pt,data\preprocessed\features\z_v\FAKE_T3_1066_IOM_FEA_XX__AUDIO_1066_IOM_HAP_XX_sadtalker.pt
FAKE_T3_1066_IOM_SAD_XX__AUDIO_1066_IOM_ANG_XX_sadtalker,track3,1,crema_1066,ANG,SAD,-1,1,1,1,,data\preprocessed\features\z_at\FAKE_T3_1066_IOM_SAD_XX__AUDIO_1066_IOM_ANG_XX_sadtalker.pt,data\preprocessed\features\z_v\FAKE_T3_1066_IOM_SAD_XX__AUDIO_1066_IOM_ANG_XX_sadtalker.pt
FAKE_T3_1066_ITH_ANG_XX__AUDIO_1066_ITH_DIS_XX_sadtalker,track3,1,crema_1066,DIS,ANG,-1,1,1,1,,data\preprocessed\features\z_at\FAKE_T3_1066_ITH_ANG_XX__AUDIO_1066_ITH_DIS_XX_sadtalker.pt,data\preprocessed\features\z_v\FAKE_T3_1066_ITH_ANG_XX__AUDIO_1066_ITH_DIS_XX_sadtalker.pt
FAKE_T3_1066_ITH_FEA_XX__AUDIO_1066_ITH_HAP_XX_sadtalker,track3,1,crema_1066,HAP,FEA,-1,1,1,1,,data\preprocessed\features\z_at\FAKE_T3_1066_ITH_FEA_XX__AUDIO_1066_ITH_HAP_XX_sadtalker.pt,data\preprocessed\features\z_v\FAKE_T3_1066_ITH_FEA_XX__AUDIO_1066_ITH_HAP_XX_sadtalker.pt
FAKE_T3_1066_ITH_HAP_XX__AUDIO_1066_ITH_NEU_XX_sadtalker,track3,1,crema_1066,NEU,HAP,-1,1,1,1,,data\preprocessed\features\z_at\FAKE_T3_1066_ITH_HAP_XX__AUDIO_1066_ITH_NEU_XX_sadtalker.pt,data\preprocessed\features\z_v\FAKE_T3_1066_ITH_HAP_XX__AUDIO_1066_ITH_NEU_XX_sadtalker.pt
FAKE_T3_1066_ITH_SAD_XX__AUDIO_1066_ITH_ANG_XX_sadtalker,track3,1,crema_1066,ANG,SAD,-1,1,1,1,,data\preprocessed\features\z_at\FAKE_T3_1066_ITH_SAD_XX__AUDIO_1066_ITH_ANG_XX_sadtalker.pt,data\preprocessed\features\z_v\FAKE_T3_1066_ITH_SAD_XX__AUDIO_1066_ITH_ANG_XX_sadtalker.pt
FAKE_T3_1066_ITS_ANG_XX__AUDIO_1066_ITS_DIS_XX_sadtalker,track3,1,crema_1066,DIS,ANG,-1,1,1,1,,data\preprocessed\features\z_at\FAKE_T3_1066_ITS_ANG_XX__AUDIO_1066_ITS_DIS_XX_sadtalker.pt,data\preprocessed\features\z_v\FAKE_T3_1066_ITS_ANG_XX__AUDIO_1066_ITS_DIS_XX_sadtalker.pt
FAKE_T3_1066_ITS_DIS_XX__AUDIO_1066_ITS_FEA_XX_sadtalker,track3,1,crema_1066,FEA,DIS,-1,1,1,1,,data\preprocessed\features\z_at\FAKE_T3_1066_ITS_DIS_XX__AUDIO_1066_ITS_FEA_XX_sadtalker.pt,data\preprocessed\features\z_v\FAKE_T3_1066_ITS_DIS_XX__AUDIO_1066_ITS_FEA_XX_sadtalker.pt
FAKE_T3_1066_ITS_FEA_XX__AUDIO_1066_ITS_HAP_XX_sadtalker,track3,1,crema_1066,HAP,FEA,-1,1,1,1,,data\preprocessed\features\z_at\FAKE_T3_1066_ITS_FEA_XX__AUDIO_1066_ITS_HAP_XX_sadtalker.pt,data\preprocessed\features\z_v\FAKE_T3_1066_ITS_FEA_XX__AUDIO_1066_ITS_HAP_XX_sadtalker.pt
FAKE_T3_1066_ITS_HAP_XX__AUDIO_1066_ITS_NEU_XX_sadtalker,track3,1,crema_1066,NEU,HAP,-1,1,1,1,,data\preprocessed\features\z_at\FAKE_T3_1066_ITS_HAP_XX__AUDIO_1066_ITS_NEU_XX_sadtalker.pt,data\preprocessed\features\z_v\FAKE_T3_1066_ITS_HAP_XX__AUDIO_1066_ITS_NEU_XX_sadtalker.pt
FAKE_T3_1066_ITS_NEU_XX__AUDIO_1066_ITS_SAD_XX_sadtalker,track3,1,crema_1066,SAD,NEU,-1,1,1,1,,data\preprocessed\features\z_at\FAKE_T3_1066_ITS_NEU_XX__AUDIO_1066_ITS_SAD_XX_sadtalker.pt,data\preprocessed\features\z_v\FAKE_T3_1066_ITS_NEU_XX__AUDIO_1066_ITS_SAD_XX_sadtalker.pt
FAKE_T3_1066_ITS_SAD_XX__AUDIO_1066_ITS_ANG_XX_sadtalker,track3,1,crema_1066,ANG,SAD,-1,1,1,1,,data\preprocessed\features\z_at\FAKE_T3_1066_ITS_SAD_XX__AUDIO_1066_ITS_ANG_XX_sadtalker.pt,data\preprocessed\features\z_v\FAKE_T3_1066_ITS_SAD_XX__AUDIO_1066_ITS_ANG_XX_sadtalker.pt
FAKE_T3_1066_IWL_NEU_XX__AUDIO_1066_IWL_SAD_XX_sadtalker,track3,1,crema_1066,SAD,NEU,-1,1,1,1,,data\preprocessed\features\z_at\FAKE_T3_1066_IWL_NEU_XX__AUDIO_1066_IWL_SAD_XX_sadtalker.pt,data\preprocessed\features\z_v\FAKE_T3_1066_IWL_NEU_XX__AUDIO_1066_IWL_SAD_XX_sadtalker.pt
FAKE_T3_1066_IWL_SAD_XX__AUDIO_1066_IWL_ANG_XX_sadtalker,track3,1,crema_1066,ANG,SAD,-1,1,1,1,,data\preprocessed\features\z_at\FAKE_T3_1066_IWL_SAD_XX__AUDIO_1066_IWL_ANG_XX_sadtalker.pt,data\preprocessed\features\z_v\FAKE_T3_1066_IWL_SAD_XX__AUDIO_1066_IWL_ANG_XX_sadtalker.pt
FAKE_T3_1066_IWW_SAD_XX__AUDIO_1066_IWW_ANG_XX_sadtalker,track3,1,crema_1066,ANG,SAD,-1,1,1,1,,data\preprocessed\features\z_at\FAKE_T3_1066_IWW_SAD_XX__AUDIO_1066_IWW_ANG_XX_sadtalker.pt,data\preprocessed\features\z_v\FAKE_T3_1066_IWW_SAD_XX__AUDIO_1066_IWW_ANG_XX_sadtalker.pt
FAKE_T3_1066_MTI_ANG_XX__AUDIO_1066_MTI_DIS_XX_sadtalker,track3,1,crema_1066,DIS,ANG,-1,1,1,1,,data\preprocessed\features\z_at\FAKE_T3_1066_MTI_ANG_XX__AUDIO_1066_MTI_DIS_XX_sadtalker.pt,data\preprocessed\features\z_v\FAKE_T3_1066_MTI_ANG_XX__AUDIO_1066_MTI_DIS_XX_sadtalker.pt
FAKE_T3_1066_MTI_DIS_XX__AUDIO_1066_MTI_FEA_XX_sadtalker,track3,1,crema_1066,FEA,DIS,-1,1,1,1,,data\preprocessed\features\z_at\FAKE_T3_1066_MTI_DIS_XX__AUDIO_1066_MTI_FEA_XX_sadtalker.pt,data\preprocessed\features\z_v\FAKE_T3_1066_MTI_DIS_XX__AUDIO_1066_MTI_FEA_XX_sadtalker.pt
FAKE_T3_1066_MTI_HAP_XX__AUDIO_1066_MTI_NEU_XX_sadtalker,track3,1,crema_1066,NEU,HAP,-1,1,1,1,,data\preprocessed\features\z_at\FAKE_T3_1066_MTI_HAP_XX__AUDIO_1066_MTI_NEU_XX_sadtalker.pt,data\preprocessed\features\z_v\FAKE_T3_1066_MTI_HAP_XX__AUDIO_1066_MTI_NEU_XX_sadtalker.pt
FAKE_T3_1066_TAI_ANG_XX__AUDIO_1066_TAI_DIS_XX_sadtalker,track3,1,crema_1066,DIS,ANG,-1,1,1,1,,data\preprocessed\features\z_at\FAKE_T3_1066_TAI_ANG_XX__AUDIO_1066_TAI_DIS_XX_sadtalker.pt,data\preprocessed\features\z_v\FAKE_T3_1066_TAI_ANG_XX__AUDIO_1066_TAI_DIS_XX_sadtalker.pt
FAKE_T3_1066_TAI_FEA_XX__AUDIO_1066_TAI_HAP_XX_sadtalker,track3,1,crema_1066,HAP,FEA,-1,1,1,1,,data\preprocessed\features\z_at\FAKE_T3_1066_TAI_FEA_XX__AUDIO_1066_TAI_HAP_XX_sadtalker.pt,data\preprocessed\features\z_v\FAKE_T3_1066_TAI_FEA_XX__AUDIO_1066_TAI_HAP_XX_sadtalker.pt
FAKE_T3_1066_TAI_HAP_XX__AUDIO_1066_TAI_NEU_XX_sadtalker,track3,1,crema_1066,NEU,HAP,-1,1,1,1,,data\preprocessed\features\z_at\FAKE_T3_1066_TAI_HAP_XX__AUDIO_1066_TAI_NEU_XX_sadtalker.pt,data\preprocessed\features\z_v\FAKE_T3_1066_TAI_HAP_XX__AUDIO_1066_TAI_NEU_XX_sadtalker.pt
FAKE_T3_1066_TAI_SAD_XX__AUDIO_1066_TAI_ANG_XX_sadtalker,track3,1,crema_1066,ANG,SAD,-1,1,1,1,,data\preprocessed\features\z_at\FAKE_T3_1066_TAI_SAD_XX__AUDIO_1066_TAI_ANG_XX_sadtalker.pt,data\preprocessed\features\z_v\FAKE_T3_1066_TAI_SAD_XX__AUDIO_1066_TAI_ANG_XX_sadtalker.pt
FAKE_T3_1066_TIE_ANG_XX__AUDIO_1066_TIE_DIS_XX_sadtalker,track3,1,crema_1066,DIS,ANG,-1,1,1,1,,data\preprocessed\features\z_at\FAKE_T3_1066_TIE_ANG_XX__AUDIO_1066_TIE_DIS_XX_sadtalker.pt,data\preprocessed\features\z_v\FAKE_T3_1066_TIE_ANG_XX__AUDIO_1066_TIE_DIS_XX_sadtalker.pt
FAKE_T3_1066_TIE_FEA_XX__AUDIO_1066_TIE_HAP_XX_sadtalker,track3,1,crema_1066,HAP,FEA,-1,1,1,1,,data\preprocessed\features\z_at\FAKE_T3_1066_TIE_FEA_XX__AUDIO_1066_TIE_HAP_XX_sadtalker.pt,data\preprocessed\features\z_v\FAKE_T3_1066_TIE_FEA_XX__AUDIO_1066_TIE_HAP_XX_sadtalker.pt
FAKE_T3_1066_TIE_NEU_XX__AUDIO_1066_TIE_SAD_XX_sadtalker,track3,1,crema_1066,SAD,NEU,-1,1,1,1,,data\preprocessed\features\z_at\FAKE_T3_1066_TIE_NEU_XX__AUDIO_1066_TIE_SAD_XX_sadtalker.pt,data\preprocessed\features\z_v\FAKE_T3_1066_TIE_NEU_XX__AUDIO_1066_TIE_SAD_XX_sadtalker.pt
FAKE_T3_1066_TSI_ANG_XX__AUDIO_1066_TSI_DIS_XX_sadtalker,track3,1,crema_1066,DIS,ANG,-1,1,1,1,,data\preprocessed\features\z_at\FAKE_T3_1066_TSI_ANG_XX__AUDIO_1066_TSI_DIS_XX_sadtalker.pt,data\preprocessed\features\z_v\FAKE_T3_1066_TSI_ANG_XX__AUDIO_1066_TSI_DIS_XX_sadtalker.pt
FAKE_T3_1066_TSI_DIS_XX__AUDIO_1066_TSI_FEA_XX_sadtalker,track3,1,crema_1066,FEA,DIS,-1,1,1,1,,data\preprocessed\features\z_at\FAKE_T3_1066_TSI_DIS_XX__AUDIO_1066_TSI_FEA_XX_sadtalker.pt,data\preprocessed\features\z_v\FAKE_T3_1066_TSI_DIS_XX__AUDIO_1066_TSI_FEA_XX_sadtalker.pt
FAKE_T3_1066_TSI_FEA_XX__AUDIO_1066_TSI_HAP_XX_sadtalker,track3,1,crema_1066,HAP,FEA,-1,1,1,1,,data\preprocessed\features\z_at\FAKE_T3_1066_TSI_FEA_XX__AUDIO_1066_TSI_HAP_XX_sadtalker.pt,data\preprocessed\features\z_v\FAKE_T3_1066_TSI_FEA_XX__AUDIO_1066_TSI_HAP_XX_sadtalker.pt
FAKE_T3_1066_TSI_HAP_XX__AUDIO_1066_TSI_NEU_XX_sadtalker,track3,1,crema_1066,NEU,HAP,-1,1,1,1,,data\preprocessed\features\z_at\FAKE_T3_1066_TSI_HAP_XX__AUDIO_1066_TSI_NEU_XX_sadtalker.pt,data\preprocessed\features\z_v\FAKE_T3_1066_TSI_HAP_XX__AUDIO_1066_TSI_NEU_XX_sadtalker.pt
FAKE_T3_1066_WSI_NEU_XX__AUDIO_1066_WSI_SAD_XX_sadtalker,track3,1,crema_1066,SAD,NEU,-1,1,1,1,,data\preprocessed\features\z_at\FAKE_T3_1066_WSI_NEU_XX__AUDIO_1066_WSI_SAD_XX_sadtalker.pt,data\preprocessed\features\z_v\FAKE_T3_1066_WSI_NEU_XX__AUDIO_1066_WSI_SAD_XX_sadtalker.pt
FAKE_T3_1066_WSI_SAD_XX__AUDIO_1066_WSI_ANG_XX_sadtalker,track3,1,crema_1066,ANG,SAD,-1,1,1,1,,data\preprocessed\features\z_at\FAKE_T3_1066_WSI_SAD_XX__AUDIO_1066_WSI_ANG_XX_sadtalker.pt,data\preprocessed\features\z_v\FAKE_T3_1066_WSI_SAD_XX__AUDIO_1066_WSI_ANG_XX_sadtalker.pt
FAKE_T3_1069_DFA_DIS_XX__AUDIO_1069_DFA_FEA_XX_sadtalker,track3,1,crema_1069,FEA,DIS,-1,1,1,1,,data\preprocessed\features\z_at\FAKE_T3_1069_DFA_DIS_XX__AUDIO_1069_DFA_FEA_XX_sadtalker.pt,data\preprocessed\features\z_v\FAKE_T3_1069_DFA_DIS_XX__AUDIO_1069_DFA_FEA_XX_sadtalker.pt
FAKE_T3_1069_DFA_HAP_XX__AUDIO_1069_DFA_NEU_XX_sadtalker,track3,1,crema_1069,NEU,HAP,-1,1,1,1,,data\preprocessed\features\z_at\FAKE_T3_1069_DFA_HAP_XX__AUDIO_1069_DFA_NEU_XX_sadtalker.pt,data\preprocessed\features\z_v\FAKE_T3_1069_DFA_HAP_XX__AUDIO_1069_DFA_NEU_XX_sadtalker.pt
FAKE_T3_1069_DFA_NEU_XX__AUDIO_1069_DFA_SAD_XX_sadtalker,track3,1,crema_1069,SAD,NEU,-1,1,1,1,,data\preprocessed\features\z_at\FAKE_T3_1069_DFA_NEU_XX__AUDIO_1069_DFA_SAD_XX_sadtalker.pt,data\preprocessed\features\z_v\FAKE_T3_1069_DFA_NEU_XX__AUDIO_1069_DFA_SAD_XX_sadtalker.pt
FAKE_T3_1069_DFA_SAD_XX__AUDIO_1069_DFA_ANG_XX_sadtalker,track3,1,crema_1069,ANG,SAD,-1,1,1,1,,data\preprocessed\features\z_at\FAKE_T3_1069_DFA_SAD_XX__AUDIO_1069_DFA_ANG_XX_sadtalker.pt,data\preprocessed\features\z_v\FAKE_T3_1069_DFA_SAD_XX__AUDIO_1069_DFA_ANG_XX_sadtalker.pt
FAKE_T3_1069_IEO_ANG_LO__AUDIO_1069_IEO_DIS_LO_sadtalker,track3,1,crema_1069,DIS,ANG,-1,1,1,1,,data\preprocessed\features\z_at\FAKE_T3_1069_IEO_ANG_LO__AUDIO_1069_IEO_DIS_LO_sadtalker.pt,data\preprocessed\features\z_v\FAKE_T3_1069_IEO_ANG_LO__AUDIO_1069_IEO_DIS_LO_sadtalker.pt
FAKE_T3_1069_IEO_ANG_MD__AUDIO_1069_IEO_DIS_MD_sadtalker,track3,1,crema_1069,DIS,ANG,-1,1,1,1,,data\preprocessed\features\z_at\FAKE_T3_1069_IEO_ANG_MD__AUDIO_1069_IEO_DIS_MD_sadtalker.pt,data\preprocessed\features\z_v\FAKE_T3_1069_IEO_ANG_MD__AUDIO_1069_IEO_DIS_MD_sadtalker.pt
FAKE_T3_1069_IEO_DIS_LO__AUDIO_1069_IEO_FEA_LO_sadtalker,track3,1,crema_1069,FEA,DIS,-1,1,1,1,,data\preprocessed\features\z_at\FAKE_T3_1069_IEO_DIS_LO__AUDIO_1069_IEO_FEA_LO_sadtalker.pt,data\preprocessed\features\z_v\FAKE_T3_1069_IEO_DIS_LO__AUDIO_1069_IEO_FEA_LO_sadtalker.pt
FAKE_T3_1069_IEO_FEA_HI__AUDIO_1069_IEO_HAP_HI_sadtalker,track3,1,crema_1069,HAP,FEA,-1,1,1,1,,data\preprocessed\features\z_at\FAKE_T3_1069_IEO_FEA_HI__AUDIO_1069_IEO_HAP_HI_sadtalker.pt,data\preprocessed\features\z_v\FAKE_T3_1069_IEO_FEA_HI__AUDIO_1069_IEO_HAP_HI_sadtalker.pt
FAKE_T3_1069_IEO_HAP_HI__AUDIO_1069_IEO_NEU_XX_sadtalker,track3,1,crema_1069,NEU,HAP,-1,1,1,1,,data\preprocessed\features\z_at\FAKE_T3_1069_IEO_HAP_HI__AUDIO_1069_IEO_NEU_XX_sadtalker.pt,data\preprocessed\features\z_v\FAKE_T3_1069_IEO_HAP_HI__AUDIO_1069_IEO_NEU_XX_sadtalker.pt
FAKE_T3_1069_IEO_SAD_HI__AUDIO_1069_IEO_ANG_HI_sadtalker,track3,1,crema_1069,ANG,SAD,-1,1,1,1,,data\preprocessed\features\z_at\FAKE_T3_1069_IEO_SAD_HI__AUDIO_1069_IEO_ANG_HI_sadtalker.pt,data\preprocessed\features\z_v\FAKE_T3_1069_IEO_SAD_HI__AUDIO_1069_IEO_ANG_HI_sadtalker.pt
FAKE_T3_1069_IOM_NEU_XX__AUDIO_1069_IOM_SAD_XX_sadtalker,track3,1,crema_1069,SAD,NEU,-1,1,1,1,,data\preprocessed\features\z_at\FAKE_T3_1069_IOM_NEU_XX__AUDIO_1069_IOM_SAD_XX_sadtalker.pt,data\preprocessed\features\z_v\FAKE_T3_1069_IOM_NEU_XX__AUDIO_1069_IOM_SAD_XX_sadtalker.pt
FAKE_T3_1069_IOM_SAD_XX__AUDIO_1069_IOM_ANG_XX_sadtalker,track3,1,crema_1069,ANG,SAD,-1,1,1,1,,data\preprocessed\features\z_at\FAKE_T3_1069_IOM_SAD_XX__AUDIO_1069_IOM_ANG_XX_sadtalker.pt,data\preprocessed\features\z_v\FAKE_T3_1069_IOM_SAD_XX__AUDIO_1069_IOM_ANG_XX_sadtalker.pt
FAKE_T3_1069_ITH_HAP_XX__AUDIO_1069_ITH_NEU_XX_sadtalker,track3,1,crema_1069,NEU,HAP,-1,1,1,1,,data\preprocessed\features\z_at\FAKE_T3_1069_ITH_HAP_XX__AUDIO_1069_ITH_NEU_XX_sadtalker.pt,data\preprocessed\features\z_v\FAKE_T3_1069_ITH_HAP_XX__AUDIO_1069_ITH_NEU_XX_sadtalker.pt
FAKE_T3_1069_ITH_NEU_XX__AUDIO_1069_ITH_SAD_XX_sadtalker,track3,1,crema_1069,SAD,NEU,-1,1,1,1,,data\preprocessed\features\z_at\FAKE_T3_1069_ITH_NEU_XX__AUDIO_1069_ITH_SAD_XX_sadtalker.pt,data\preprocessed\features\z_v\FAKE_T3_1069_ITH_NEU_XX__AUDIO_1069_ITH_SAD_XX_sadtalker.pt
FAKE_T3_1069_ITH_SAD_XX__AUDIO_1069_ITH_ANG_XX_sadtalker,track3,1,crema_1069,ANG,SAD,-1,1,1,1,,data\preprocessed\features\z_at\FAKE_T3_1069_ITH_SAD_XX__AUDIO_1069_ITH_ANG_XX_sadtalker.pt,data\preprocessed\features\z_v\FAKE_T3_1069_ITH_SAD_XX__AUDIO_1069_ITH_ANG_XX_sadtalker.pt
FAKE_T3_1069_ITS_ANG_XX__AUDIO_1069_ITS_DIS_XX_sadtalker,track3,1,crema_1069,DIS,ANG,-1,1,1,1,,data\preprocessed\features\z_at\FAKE_T3_1069_ITS_ANG_XX__AUDIO_1069_ITS_DIS_XX_sadtalker.pt,data\preprocessed\features\z_v\FAKE_T3_1069_ITS_ANG_XX__AUDIO_1069_ITS_DIS_XX_sadtalker.pt
FAKE_T3_1069_ITS_SAD_XX__AUDIO_1069_ITS_ANG_XX_sadtalker,track3,1,crema_1069,ANG,SAD,-1,1,1,1,,data\preprocessed\features\z_at\FAKE_T3_1069_ITS_SAD_XX__AUDIO_1069_ITS_ANG_XX_sadtalker.pt,data\preprocessed\features\z_v\FAKE_T3_1069_ITS_SAD_XX__AUDIO_1069_ITS_ANG_XX_sadtalker.pt
FAKE_T3_1069_IWL_ANG_XX__AUDIO_1069_IWL_DIS_XX_sadtalker,track3,1,crema_1069,DIS,ANG,-1,1,1,1,,data\preprocessed\features\z_at\FAKE_T3_1069_IWL_ANG_XX__AUDIO_1069_IWL_DIS_XX_sadtalker.pt,data\preprocessed\features\z_v\FAKE_T3_1069_IWL_ANG_XX__AUDIO_1069_IWL_DIS_XX_sadtalker.pt
FAKE_T3_1069_IWL_FEA_XX__AUDIO_1069_IWL_HAP_XX_sadtalker,track3,1,crema_1069,HAP,FEA,-1,1,1,1,,data\preprocessed\features\z_at\FAKE_T3_1069_IWL_FEA_XX__AUDIO_1069_IWL_HAP_XX_sadtalker.pt,data\preprocessed\features\z_v\FAKE_T3_1069_IWL_FEA_XX__AUDIO_1069_IWL_HAP_XX_sadtalker.pt
FAKE_T3_1069_IWL_HAP_XX__AUDIO_1069_IWL_NEU_XX_sadtalker,track3,1,crema_1069,NEU,HAP,-1,1,1,1,,data\preprocessed\features\z_at\FAKE_T3_1069_IWL_HAP_XX__AUDIO_1069_IWL_NEU_XX_sadtalker.pt,data\preprocessed\features\z_v\FAKE_T3_1069_IWL_HAP_XX__AUDIO_1069_IWL_NEU_XX_sadtalker.pt
FAKE_T3_1069_IWL_NEU_XX__AUDIO_1069_IWL_SAD_XX_sadtalker,track3,1,crema_1069,SAD,NEU,-1,1,1,1,,data\preprocessed\features\z_at\FAKE_T3_1069_IWL_NEU_XX__AUDIO_1069_IWL_SAD_XX_sadtalker.pt,data\preprocessed\features\z_v\FAKE_T3_1069_IWL_NEU_XX__AUDIO_1069_IWL_SAD_XX_sadtalker.pt
FAKE_T3_1069_IWW_ANG_XX__AUDIO_1069_IWW_DIS_XX_sadtalker,track3,1,crema_1069,DIS,ANG,-1,1,1,1,,data\preprocessed\features\z_at\FAKE_T3_1069_IWW_ANG_XX__AUDIO_1069_IWW_DIS_XX_sadtalker.pt,data\preprocessed\features\z_v\FAKE_T3_1069_IWW_ANG_XX__AUDIO_1069_IWW_DIS_XX_sadtalker.pt
FAKE_T3_1069_IWW_HAP_XX__AUDIO_1069_IWW_NEU_XX_sadtalker,track3,1,crema_1069,NEU,HAP,-1,1,1,1,,data\preprocessed\features\z_at\FAKE_T3_1069_IWW_HAP_XX__AUDIO_1069_IWW_NEU_XX_sadtalker.pt,data\preprocessed\features\z_v\FAKE_T3_1069_IWW_HAP_XX__AUDIO_1069_IWW_NEU_XX_sadtalker.pt
FAKE_T3_1069_MTI_DIS_XX__AUDIO_1069_MTI_FEA_XX_sadtalker,track3,1,crema_1069,FEA,DIS,-1,1,1,1,,data\preprocessed\features\z_at\FAKE_T3_1069_MTI_DIS_XX__AUDIO_1069_MTI_FEA_XX_sadtalker.pt,data\preprocessed\features\z_v\FAKE_T3_1069_MTI_DIS_XX__AUDIO_1069_MTI_FEA_XX_sadtalker.pt
FAKE_T3_1069_MTI_FEA_XX__AUDIO_1069_MTI_HAP_XX_sadtalker,track3,1,crema_1069,HAP,FEA,-1,1,1,1,,data\preprocessed\features\z_at\FAKE_T3_1069_MTI_FEA_XX__AUDIO_1069_MTI_HAP_XX_sadtalker.pt,data\preprocessed\features\z_v\FAKE_T3_1069_MTI_FEA_XX__AUDIO_1069_MTI_HAP_XX_sadtalker.pt
FAKE_T3_1069_MTI_HAP_XX__AUDIO_1069_MTI_NEU_XX_sadtalker,track3,1,crema_1069,NEU,HAP,-1,1,1,1,,data\preprocessed\features\z_at\FAKE_T3_1069_MTI_HAP_XX__AUDIO_1069_MTI_NEU_XX_sadtalker.pt,data\preprocessed\features\z_v\FAKE_T3_1069_MTI_HAP_XX__AUDIO_1069_MTI_NEU_XX_sadtalker.pt
FAKE_T3_1069_MTI_NEU_XX__AUDIO_1069_MTI_SAD_XX_sadtalker,track3,1,crema_1069,SAD,NEU,-1,1,1,1,,data\preprocessed\features\z_at\FAKE_T3_1069_MTI_NEU_XX__AUDIO_1069_MTI_SAD_XX_sadtalker.pt,data\preprocessed\features\z_v\FAKE_T3_1069_MTI_NEU_XX__AUDIO_1069_MTI_SAD_XX_sadtalker.pt
FAKE_T3_1069_TAI_DIS_XX__AUDIO_1069_TAI_FEA_XX_sadtalker,track3,1,crema_1069,FEA,DIS,-1,1,1,1,,data\preprocessed\features\z_at\FAKE_T3_1069_TAI_DIS_XX__AUDIO_1069_TAI_FEA_XX_sadtalker.pt,data\preprocessed\features\z_v\FAKE_T3_1069_TAI_DIS_XX__AUDIO_1069_TAI_FEA_XX_sadtalker.pt
FAKE_T3_1069_TAI_FEA_XX__AUDIO_1069_TAI_HAP_XX_sadtalker,track3,1,crema_1069,HAP,FEA,-1,1,1,1,,data\preprocessed\features\z_at\FAKE_T3_1069_TAI_FEA_XX__AUDIO_1069_TAI_HAP_XX_sadtalker.pt,data\preprocessed\features\z_v\FAKE_T3_1069_TAI_FEA_XX__AUDIO_1069_TAI_HAP_XX_sadtalker.pt
FAKE_T3_1069_TAI_HAP_XX__AUDIO_1069_TAI_NEU_XX_sadtalker,track3,1,crema_1069,NEU,HAP,-1,1,1,1,,data\preprocessed\features\z_at\FAKE_T3_1069_TAI_HAP_XX__AUDIO_1069_TAI_NEU_XX_sadtalker.pt,data\preprocessed\features\z_v\FAKE_T3_1069_TAI_HAP_XX__AUDIO_1069_TAI_NEU_XX_sadtalker.pt
FAKE_T3_1069_TAI_NEU_XX__AUDIO_1069_TAI_SAD_XX_sadtalker,track3,1,crema_1069,SAD,NEU,-1,1,1,1,,data\preprocessed\features\z_at\FAKE_T3_1069_TAI_NEU_XX__AUDIO_1069_TAI_SAD_XX_sadtalker.pt,data\preprocessed\features\z_v\FAKE_T3_1069_TAI_NEU_XX__AUDIO_1069_TAI_SAD_XX_sadtalker.pt
FAKE_T3_1069_TIE_ANG_XX__AUDIO_1069_TIE_DIS_XX_sadtalker,track3,1,crema_1069,DIS,ANG,-1,1,1,1,,data\preprocessed\features\z_at\FAKE_T3_1069_TIE_ANG_XX__AUDIO_1069_TIE_DIS_XX_sadtalker.pt,data\preprocessed\features\z_v\FAKE_T3_1069_TIE_ANG_XX__AUDIO_1069_TIE_DIS_XX_sadtalker.pt
FAKE_T3_1069_TIE_DIS_XX__AUDIO_1069_TIE_FEA_XX_sadtalker,track3,1,crema_1069,FEA,DIS,-1,1,1,1,,data\preprocessed\features\z_at\FAKE_T3_1069_TIE_DIS_XX__AUDIO_1069_TIE_FEA_XX_sadtalker.pt,data\preprocessed\features\z_v\FAKE_T3_1069_TIE_DIS_XX__AUDIO_1069_TIE_FEA_XX_sadtalker.pt
FAKE_T3_1069_TIE_FEA_XX__AUDIO_1069_TIE_HAP_XX_sadtalker,track3,1,crema_1069,HAP,FEA,-1,1,1,1,,data\preprocessed\features\z_at\FAKE_T3_1069_TIE_FEA_XX__AUDIO_1069_TIE_HAP_XX_sadtalker.pt,data\preprocessed\features\z_v\FAKE_T3_1069_TIE_FEA_XX__AUDIO_1069_TIE_HAP_XX_sadtalker.pt
FAKE_T3_1069_TIE_NEU_XX__AUDIO_1069_TIE_SAD_XX_sadtalker,track3,1,crema_1069,SAD,NEU,-1,1,1,1,,data\preprocessed\features\z_at\FAKE_T3_1069_TIE_NEU_XX__AUDIO_1069_TIE_SAD_XX_sadtalker.pt,data\preprocessed\features\z_v\FAKE_T3_1069_TIE_NEU_XX__AUDIO_1069_TIE_SAD_XX_sadtalker.pt
FAKE_T3_1069_TSI_ANG_XX__AUDIO_1069_TSI_DIS_XX_sadtalker,track3,1,crema_1069,DIS,ANG,-1,1,1,1,,data\preprocessed\features\z_at\FAKE_T3_1069_TSI_ANG_XX__AUDIO_1069_TSI_DIS_XX_sadtalker.pt,data\preprocessed\features\z_v\FAKE_T3_1069_TSI_ANG_XX__AUDIO_1069_TSI_DIS_XX_sadtalker.pt
FAKE_T3_1069_TSI_FEA_XX__AUDIO_1069_TSI_HAP_XX_sadtalker,track3,1,crema_1069,HAP,FEA,-1,1,1,1,,data\preprocessed\features\z_at\FAKE_T3_1069_TSI_FEA_XX__AUDIO_1069_TSI_HAP_XX_sadtalker.pt,data\preprocessed\features\z_v\FAKE_T3_1069_TSI_FEA_XX__AUDIO_1069_TSI_HAP_XX_sadtalker.pt
FAKE_T3_1069_TSI_NEU_XX__AUDIO_1069_TSI_SAD_XX_sadtalker,track3,1,crema_1069,SAD,NEU,-1,1,1,1,,data\preprocessed\features\z_at\FAKE_T3_1069_TSI_NEU_XX__AUDIO_1069_TSI_SAD_XX_sadtalker.pt,data\preprocessed\features\z_v\FAKE_T3_1069_TSI_NEU_XX__AUDIO_1069_TSI_SAD_XX_sadtalker.pt
FAKE_T3_1069_TSI_SAD_XX__AUDIO_1069_TSI_ANG_XX_sadtalker,track3,1,crema_1069,ANG,SAD,-1,1,1,1,,data\preprocessed\features\z_at\FAKE_T3_1069_TSI_SAD_XX__AUDIO_1069_TSI_ANG_XX_sadtalker.pt,data\preprocessed\features\z_v\FAKE_T3_1069_TSI_SAD_XX__AUDIO_1069_TSI_ANG_XX_sadtalker.pt
FAKE_T3_1069_WSI_DIS_XX__AUDIO_1069_WSI_FEA_XX_sadtalker,track3,1,crema_1069,FEA,DIS,-1,1,1,1,,data\preprocessed\features\z_at\FAKE_T3_1069_WSI_DIS_XX__AUDIO_1069_WSI_FEA_XX_sadtalker.pt,data\preprocessed\features\z_v\FAKE_T3_1069_WSI_DIS_XX__AUDIO_1069_WSI_FEA_XX_sadtalker.pt
FAKE_T3_1069_WSI_SAD_XX__AUDIO_1069_WSI_ANG_XX_sadtalker,track3,1,crema_1069,ANG,SAD,-1,1,1,1,,data\preprocessed\features\z_at\FAKE_T3_1069_WSI_SAD_XX__AUDIO_1069_WSI_ANG_XX_sadtalker.pt,data\preprocessed\features\z_v\FAKE_T3_1069_WSI_SAD_XX__AUDIO_1069_WSI_ANG_XX_sadtalker.pt
FAKE_T3_1070_DFA_ANG_XX__AUDIO_1070_DFA_DIS_XX_sadtalker,track3,1,crema_1070,DIS,ANG,-1,1,1,1,,data\preprocessed\features\z_at\FAKE_T3_1070_DFA_ANG_XX__AUDIO_1070_DFA_DIS_XX_sadtalker.pt,data\preprocessed\features\z_v\FAKE_T3_1070_DFA_ANG_XX__AUDIO_1070_DFA_DIS_XX_sadtalker.pt
FAKE_T3_1070_DFA_DIS_XX__AUDIO_1070_DFA_FEA_XX_sadtalker,track3,1,crema_1070,FEA,DIS,-1,1,1,1,,data\preprocessed\features\z_at\FAKE_T3_1070_DFA_DIS_XX__AUDIO_1070_DFA_FEA_XX_sadtalker.pt,data\preprocessed\features\z_v\FAKE_T3_1070_DFA_DIS_XX__AUDIO_1070_DFA_FEA_XX_sadtalker.pt
FAKE_T3_1070_DFA_SAD_XX__AUDIO_1070_DFA_ANG_XX_sadtalker,track3,1,crema_1070,ANG,SAD,-1,1,1,1,,data\preprocessed\features\z_at\FAKE_T3_1070_DFA_SAD_XX__AUDIO_1070_DFA_ANG_XX_sadtalker.pt,data\preprocessed\features\z_v\FAKE_T3_1070_DFA_SAD_XX__AUDIO_1070_DFA_ANG_XX_sadtalker.pt
FAKE_T3_1070_IEO_ANG_HI__AUDIO_1070_IEO_DIS_HI_sadtalker,track3,1,crema_1070,DIS,ANG,-1,1,1,1,,data\preprocessed\features\z_at\FAKE_T3_1070_IEO_ANG_HI__AUDIO_1070_IEO_DIS_HI_sadtalker.pt,data\preprocessed\features\z_v\FAKE_T3_1070_IEO_ANG_HI__AUDIO_1070_IEO_DIS_HI_sadtalker.pt
FAKE_T3_1070_IEO_ANG_MD__AUDIO_1070_IEO_DIS_MD_sadtalker,track3,1,crema_1070,DIS,ANG,-1,1,1,1,,data\preprocessed\features\z_at\FAKE_T3_1070_IEO_ANG_MD__AUDIO_1070_IEO_DIS_MD_sadtalker.pt,data\preprocessed\features\z_v\FAKE_T3_1070_IEO_ANG_MD__AUDIO_1070_IEO_DIS_MD_sadtalker.pt
FAKE_T3_1070_IEO_DIS_HI__AUDIO_1070_IEO_FEA_HI_sadtalker,track3,1,crema_1070,FEA,DIS,-1,1,1,1,,data\preprocessed\features\z_at\FAKE_T3_1070_IEO_DIS_HI__AUDIO_1070_IEO_FEA_HI_sadtalker.pt,data\preprocessed\features\z_v\FAKE_T3_1070_IEO_DIS_HI__AUDIO_1070_IEO_FEA_HI_sadtalker.pt
FAKE_T3_1070_IEO_HAP_LO__AUDIO_1070_IEO_NEU_XX_sadtalker,track3,1,crema_1070,NEU,HAP,-1,1,1,1,,data\preprocessed\features\z_at\FAKE_T3_1070_IEO_HAP_LO__AUDIO_1070_IEO_NEU_XX_sadtalker.pt,data\preprocessed\features\z_v\FAKE_T3_1070_IEO_HAP_LO__AUDIO_1070_IEO_NEU_XX_sadtalker.pt
FAKE_T3_1070_IEO_SAD_LO__AUDIO_1070_IEO_ANG_LO_sadtalker,track3,1,crema_1070,ANG,SAD,-1,1,1,1,,data\preprocessed\features\z_at\FAKE_T3_1070_IEO_SAD_LO__AUDIO_1070_IEO_ANG_LO_sadtalker.pt,data\preprocessed\features\z_v\FAKE_T3_1070_IEO_SAD_LO__AUDIO_1070_IEO_ANG_LO_sadtalker.pt
FAKE_T3_1070_IOM_ANG_XX__AUDIO_1070_IOM_DIS_XX_sadtalker,track3,1,crema_1070,DIS,ANG,-1,1,1,1,,data\preprocessed\features\z_at\FAKE_T3_1070_IOM_ANG_XX__AUDIO_1070_IOM_DIS_XX_sadtalker.pt,data\preprocessed\features\z_v\FAKE_T3_1070_IOM_ANG_XX__AUDIO_1070_IOM_DIS_XX_sadtalker.pt
FAKE_T3_1070_IOM_FEA_XX__AUDIO_1070_IOM_HAP_XX_sadtalker,track3,1,crema_1070,HAP,FEA,-1,1,1,1,,data\preprocessed\features\z_at\FAKE_T3_1070_IOM_FEA_XX__AUDIO_1070_IOM_HAP_XX_sadtalker.pt,data\preprocessed\features\z_v\FAKE_T3_1070_IOM_FEA_XX__AUDIO_1070_IOM_HAP_XX_sadtalker.pt
FAKE_T3_1070_IOM_HAP_XX__AUDIO_1070_IOM_NEU_XX_sadtalker,track3,1,crema_1070,NEU,HAP,-1,1,1,1,,data\preprocessed\features\z_at\FAKE_T3_1070_IOM_HAP_XX__AUDIO_1070_IOM_NEU_XX_sadtalker.pt,data\preprocessed\features\z_v\FAKE_T3_1070_IOM_HAP_XX__AUDIO_1070_IOM_NEU_XX_sadtalker.pt
FAKE_T3_1070_IOM_NEU_XX__AUDIO_1070_IOM_SAD_XX_sadtalker,track3,1,crema_1070,SAD,NEU,-1,1,1,1,,data\preprocessed\features\z_at\FAKE_T3_1070_IOM_NEU_XX__AUDIO_1070_IOM_SAD_XX_sadtalker.pt,data\preprocessed\features\z_v\FAKE_T3_1070_IOM_NEU_XX__AUDIO_1070_IOM_SAD_XX_sadtalker.pt
FAKE_T3_1070_ITH_ANG_XX__AUDIO_1070_ITH_DIS_XX_sadtalker,track3,1,crema_1070,DIS,ANG,-1,1,1,1,,data\preprocessed\features\z_at\FAKE_T3_1070_ITH_ANG_XX__AUDIO_1070_ITH_DIS_XX_sadtalker.pt,data\preprocessed\features\z_v\FAKE_T3_1070_ITH_ANG_XX__AUDIO_1070_ITH_DIS_XX_sadtalker.pt
FAKE_T3_1070_ITH_DIS_XX__AUDIO_1070_ITH_FEA_XX_sadtalker,track3,1,crema_1070,FEA,DIS,-1,1,1,1,,data\preprocessed\features\z_at\FAKE_T3_1070_ITH_DIS_XX__AUDIO_1070_ITH_FEA_XX_sadtalker.pt,data\preprocessed\features\z_v\FAKE_T3_1070_ITH_DIS_XX__AUDIO_1070_ITH_FEA_XX_sadtalker.pt
FAKE_T3_1070_ITH_NEU_XX__AUDIO_1070_ITH_SAD_XX_sadtalker,track3,1,crema_1070,SAD,NEU,-1,1,1,1,,data\preprocessed\features\z_at\FAKE_T3_1070_ITH_NEU_XX__AUDIO_1070_ITH_SAD_XX_sadtalker.pt,data\preprocessed\features\z_v\FAKE_T3_1070_ITH_NEU_XX__AUDIO_1070_ITH_SAD_XX_sadtalker.pt
FAKE_T3_1070_ITS_ANG_XX__AUDIO_1070_ITS_DIS_XX_sadtalker,track3,1,crema_1070,DIS,ANG,-1,1,1,1,,data\preprocessed\features\z_at\FAKE_T3_1070_ITS_ANG_XX__AUDIO_1070_ITS_DIS_XX_sadtalker.pt,data\preprocessed\features\z_v\FAKE_T3_1070_ITS_ANG_XX__AUDIO_1070_ITS_DIS_XX_sadtalker.pt
FAKE_T3_1070_IWL_ANG_XX__AUDIO_1070_IWL_DIS_XX_sadtalker,track3,1,crema_1070,DIS,ANG,-1,1,1,1,,data\preprocessed\features\z_at\FAKE_T3_1070_IWL_ANG_XX__AUDIO_1070_IWL_DIS_XX_sadtalker.pt,data\preprocessed\features\z_v\FAKE_T3_1070_IWL_ANG_XX__AUDIO_1070_IWL_DIS_XX_sadtalker.pt
FAKE_T3_1070_IWL_DIS_XX__AUDIO_1070_IWL_FEA_XX_sadtalker,track3,1,crema_1070,FEA,DIS,-1,1,1,1,,data\preprocessed\features\z_at\FAKE_T3_1070_IWL_DIS_XX__AUDIO_1070_IWL_FEA_XX_sadtalker.pt,data\preprocessed\features\z_v\FAKE_T3_1070_IWL_DIS_XX__AUDIO_1070_IWL_FEA_XX_sadtalker.pt
FAKE_T3_1070_IWL_FEA_XX__AUDIO_1070_IWL_HAP_XX_sadtalker,track3,1,crema_1070,HAP,FEA,-1,1,1,1,,data\preprocessed\features\z_at\FAKE_T3_1070_IWL_FEA_XX__AUDIO_1070_IWL_HAP_XX_sadtalker.pt,data\preprocessed\features\z_v\FAKE_T3_1070_IWL_FEA_XX__AUDIO_1070_IWL_HAP_XX_sadtalker.pt
FAKE_T3_1070_IWL_HAP_XX__AUDIO_1070_IWL_NEU_XX_sadtalker,track3,1,crema_1070,NEU,HAP,-1,1,1,1,,data\preprocessed\features\z_at\FAKE_T3_1070_IWL_HAP_XX__AUDIO_1070_IWL_NEU_XX_sadtalker.pt,data\preprocessed\features\z_v\FAKE_T3_1070_IWL_HAP_XX__AUDIO_1070_IWL_NEU_XX_sadtalker.pt
FAKE_T3_1070_IWL_NEU_XX__AUDIO_1070_IWL_SAD_XX_sadtalker,track3,1,crema_1070,SAD,NEU,-1,1,1,1,,data\preprocessed\features\z_at\FAKE_T3_1070_IWL_NEU_XX__AUDIO_1070_IWL_SAD_XX_sadtalker.pt,data\preprocessed\features\z_v\FAKE_T3_1070_IWL_NEU_XX__AUDIO_1070_IWL_SAD_XX_sadtalker.pt
FAKE_T3_1070_IWL_SAD_XX__AUDIO_1070_IWL_ANG_XX_sadtalker,track3,1,crema_1070,ANG,SAD,-1,1,1,1,,data\preprocessed\features\z_at\FAKE_T3_1070_IWL_SAD_XX__AUDIO_1070_IWL_ANG_XX_sadtalker.pt,data\preprocessed\features\z_v\FAKE_T3_1070_IWL_SAD_XX__AUDIO_1070_IWL_ANG_XX_sadtalker.pt
FAKE_T3_1070_IWW_NEU_XX__AUDIO_1070_IWW_SAD_XX_sadtalker,track3,1,crema_1070,SAD,NEU,-1,1,1,1,,data\preprocessed\features\z_at\FAKE_T3_1070_IWW_NEU_XX__AUDIO_1070_IWW_SAD_XX_sadtalker.pt,data\preprocessed\features\z_v\FAKE_T3_1070_IWW_NEU_XX__AUDIO_1070_IWW_SAD_XX_sadtalker.pt
FAKE_T3_1070_IWW_SAD_XX__AUDIO_1070_IWW_ANG_XX_sadtalker,track3,1,crema_1070,ANG,SAD,-1,1,1,1,,data\preprocessed\features\z_at\FAKE_T3_1070_IWW_SAD_XX__AUDIO_1070_IWW_ANG_XX_sadtalker.pt,data\preprocessed\features\z_v\FAKE_T3_1070_IWW_SAD_XX__AUDIO_1070_IWW_ANG_XX_sadtalker.pt
FAKE_T3_1070_MTI_ANG_XX__AUDIO_1070_MTI_DIS_XX_sadtalker,track3,1,crema_1070,DIS,ANG,-1,1,1,1,,data\preprocessed\features\z_at\FAKE_T3_1070_MTI_ANG_XX__AUDIO_1070_MTI_DIS_XX_sadtalker.pt,data\preprocessed\features\z_v\FAKE_T3_1070_MTI_ANG_XX__AUDIO_1070_MTI_DIS_XX_sadtalker.pt
FAKE_T3_1070_MTI_HAP_XX__AUDIO_1070_MTI_NEU_XX_sadtalker,track3,1,crema_1070,NEU,HAP,-1,1,1,1,,data\preprocessed\features\z_at\FAKE_T3_1070_MTI_HAP_XX__AUDIO_1070_MTI_NEU_XX_sadtalker.pt,data\preprocessed\features\z_v\FAKE_T3_1070_MTI_HAP_XX__AUDIO_1070_MTI_NEU_XX_sadtalker.pt
FAKE_T3_1070_TAI_ANG_XX__AUDIO_1070_TAI_DIS_XX_sadtalker,track3,1,crema_1070,DIS,ANG,-1,1,1,1,,data\preprocessed\features\z_at\FAKE_T3_1070_TAI_ANG_XX__AUDIO_1070_TAI_DIS_XX_sadtalker.pt,data\preprocessed\features\z_v\FAKE_T3_1070_TAI_ANG_XX__AUDIO_1070_TAI_DIS_XX_sadtalker.pt
FAKE_T3_1070_TAI_DIS_XX__AUDIO_1070_TAI_FEA_XX_sadtalker,track3,1,crema_1070,FEA,DIS,-1,1,1,1,,data\preprocessed\features\z_at\FAKE_T3_1070_TAI_DIS_XX__AUDIO_1070_TAI_FEA_XX_sadtalker.pt,data\preprocessed\features\z_v\FAKE_T3_1070_TAI_DIS_XX__AUDIO_1070_TAI_FEA_XX_sadtalker.pt
FAKE_T3_1070_TAI_FEA_XX__AUDIO_1070_TAI_HAP_XX_sadtalker,track3,1,crema_1070,HAP,FEA,-1,1,1,1,,data\preprocessed\features\z_at\FAKE_T3_1070_TAI_FEA_XX__AUDIO_1070_TAI_HAP_XX_sadtalker.pt,data\preprocessed\features\z_v\FAKE_T3_1070_TAI_FEA_XX__AUDIO_1070_TAI_HAP_XX_sadtalker.pt
FAKE_T3_1070_TAI_NEU_XX__AUDIO_1070_TAI_SAD_XX_sadtalker,track3,1,crema_1070,SAD,NEU,-1,1,1,1,,data\preprocessed\features\z_at\FAKE_T3_1070_TAI_NEU_XX__AUDIO_1070_TAI_SAD_XX_sadtalker.pt,data\preprocessed\features\z_v\FAKE_T3_1070_TAI_NEU_XX__AUDIO_1070_TAI_SAD_XX_sadtalker.pt
FAKE_T3_1070_TAI_SAD_XX__AUDIO_1070_TAI_ANG_XX_sadtalker,track3,1,crema_1070,ANG,SAD,-1,1,1,1,,data\preprocessed\features\z_at\FAKE_T3_1070_TAI_SAD_XX__AUDIO_1070_TAI_ANG_XX_sadtalker.pt,data\preprocessed\features\z_v\FAKE_T3_1070_TAI_SAD_XX__AUDIO_1070_TAI_ANG_XX_sadtalker.pt
FAKE_T3_1070_TIE_ANG_XX__AUDIO_1070_TIE_DIS_XX_sadtalker,track3,1,crema_1070,DIS,ANG,-1,1,1,1,,data\preprocessed\features\z_at\FAKE_T3_1070_TIE_ANG_XX__AUDIO_1070_TIE_DIS_XX_sadtalker.pt,data\preprocessed\features\z_v\FAKE_T3_1070_TIE_ANG_XX__AUDIO_1070_TIE_DIS_XX_sadtalker.pt
FAKE_T3_1070_TIE_DIS_XX__AUDIO_1070_TIE_FEA_XX_sadtalker,track3,1,crema_1070,FEA,DIS,-1,1,1,1,,data\preprocessed\features\z_at\FAKE_T3_1070_TIE_DIS_XX__AUDIO_1070_TIE_FEA_XX_sadtalker.pt,data\preprocessed\features\z_v\FAKE_T3_1070_TIE_DIS_XX__AUDIO_1070_TIE_FEA_XX_sadtalker.pt
FAKE_T3_1070_TIE_HAP_XX__AUDIO_1070_TIE_NEU_XX_sadtalker,track3,1,crema_1070,NEU,HAP,-1,1,1,1,,data\preprocessed\features\z_at\FAKE_T3_1070_TIE_HAP_XX__AUDIO_1070_TIE_NEU_XX_sadtalker.pt,data\preprocessed\features\z_v\FAKE_T3_1070_TIE_HAP_XX__AUDIO_1070_TIE_NEU_XX_sadtalker.pt
FAKE_T3_1070_TSI_ANG_XX__AUDIO_1070_TSI_DIS_XX_sadtalker,track3,1,crema_1070,DIS,ANG,-1,1,1,1,,data\preprocessed\features\z_at\FAKE_T3_1070_TSI_ANG_XX__AUDIO_1070_TSI_DIS_XX_sadtalker.pt,data\preprocessed\features\z_v\FAKE_T3_1070_TSI_ANG_XX__AUDIO_1070_TSI_DIS_XX_sadtalker.pt
FAKE_T3_1070_TSI_FEA_XX__AUDIO_1070_TSI_HAP_XX_sadtalker,track3,1,crema_1070,HAP,FEA,-1,1,1,1,,data\preprocessed\features\z_at\FAKE_T3_1070_TSI_FEA_XX__AUDIO_1070_TSI_HAP_XX_sadtalker.pt,data\preprocessed\features\z_v\FAKE_T3_1070_TSI_FEA_XX__AUDIO_1070_TSI_HAP_XX_sadtalker.pt
FAKE_T3_1070_WSI_ANG_XX__AUDIO_1070_WSI_DIS_XX_sadtalker,track3,1,crema_1070,DIS,ANG,-1,1,1,1,,data\preprocessed\features\z_at\FAKE_T3_1070_WSI_ANG_XX__AUDIO_1070_WSI_DIS_XX_sadtalker.pt,data\preprocessed\features\z_v\FAKE_T3_1070_WSI_ANG_XX__AUDIO_1070_WSI_DIS_XX_sadtalker.pt
FAKE_T3_1070_WSI_DIS_XX__AUDIO_1070_WSI_FEA_XX_sadtalker,track3,1,crema_1070,FEA,DIS,-1,1,1,1,,data\preprocessed\features\z_at\FAKE_T3_1070_WSI_DIS_XX__AUDIO_1070_WSI_FEA_XX_sadtalker.pt,data\preprocessed\features\z_v\FAKE_T3_1070_WSI_DIS_XX__AUDIO_1070_WSI_FEA_XX_sadtalker.pt
FAKE_T3_1070_WSI_HAP_XX__AUDIO_1070_WSI_NEU_XX_sadtalker,track3,1,crema_1070,NEU,HAP,-1,1,1,1,,data\preprocessed\features\z_at\FAKE_T3_1070_WSI_HAP_XX__AUDIO_1070_WSI_NEU_XX_sadtalker.pt,data\preprocessed\features\z_v\FAKE_T3_1070_WSI_HAP_XX__AUDIO_1070_WSI_NEU_XX_sadtalker.pt
FAKE_T3_1070_WSI_NEU_XX__AUDIO_1070_WSI_SAD_XX_sadtalker,track3,1,crema_1070,SAD,NEU,-1,1,1,1,,data\preprocessed\features\z_at\FAKE_T3_1070_WSI_NEU_XX__AUDIO_1070_WSI_SAD_XX_sadtalker.pt,data\preprocessed\features\z_v\FAKE_T3_1070_WSI_NEU_XX__AUDIO_1070_WSI_SAD_XX_sadtalker.pt
FAKE_T3_1070_WSI_SAD_XX__AUDIO_1070_WSI_ANG_XX_sadtalker,track3,1,crema_1070,ANG,SAD,-1,1,1,1,,data\preprocessed\features\z_at\FAKE_T3_1070_WSI_SAD_XX__AUDIO_1070_WSI_ANG_XX_sadtalker.pt,data\preprocessed\features\z_v\FAKE_T3_1070_WSI_SAD_XX__AUDIO_1070_WSI_ANG_XX_sadtalker.pt
FAKE_T3_1072_DFA_DIS_XX__AUDIO_1072_DFA_FEA_XX_sadtalker,track3,1,crema_1072,FEA,DIS,-1,1,1,1,,data\preprocessed\features\z_at\FAKE_T3_1072_DFA_DIS_XX__AUDIO_1072_DFA_FEA_XX_sadtalker.pt,data\preprocessed\features\z_v\FAKE_T3_1072_DFA_DIS_XX__AUDIO_1072_DFA_FEA_XX_sadtalker.pt
FAKE_T3_1072_DFA_NEU_XX__AUDIO_1072_DFA_SAD_XX_sadtalker,track3,1,crema_1072,SAD,NEU,-1,1,1,1,,data\preprocessed\features\z_at\FAKE_T3_1072_DFA_NEU_XX__AUDIO_1072_DFA_SAD_XX_sadtalker.pt,data\preprocessed\features\z_v\FAKE_T3_1072_DFA_NEU_XX__AUDIO_1072_DFA_SAD_XX_sadtalker.pt
FAKE_T3_1072_DFA_SAD_XX__AUDIO_1072_DFA_ANG_XX_sadtalker,track3,1,crema_1072,ANG,SAD,-1,1,1,1,,data\preprocessed\features\z_at\FAKE_T3_1072_DFA_SAD_XX__AUDIO_1072_DFA_ANG_XX_sadtalker.pt,data\preprocessed\features\z_v\FAKE_T3_1072_DFA_SAD_XX__AUDIO_1072_DFA_ANG_XX_sadtalker.pt
FAKE_T3_1072_IEO_ANG_HI__AUDIO_1072_IEO_DIS_HI_sadtalker,track3,1,crema_1072,DIS,ANG,-1,1,1,1,,data\preprocessed\features\z_at\FAKE_T3_1072_IEO_ANG_HI__AUDIO_1072_IEO_DIS_HI_sadtalker.pt,data\preprocessed\features\z_v\FAKE_T3_1072_IEO_ANG_HI__AUDIO_1072_IEO_DIS_HI_sadtalker.pt
FAKE_T3_1072_IEO_ANG_MD__AUDIO_1072_IEO_DIS_MD_sadtalker,track3,1,crema_1072,DIS,ANG,-1,1,1,1,,data\preprocessed\features\z_at\FAKE_T3_1072_IEO_ANG_MD__AUDIO_1072_IEO_DIS_MD_sadtalker.pt,data\preprocessed\features\z_v\FAKE_T3_1072_IEO_ANG_MD__AUDIO_1072_IEO_DIS_MD_sadtalker.pt
FAKE_T3_1072_IEO_DIS_HI__AUDIO_1072_IEO_FEA_HI_sadtalker,track3,1,crema_1072,FEA,DIS,-1,1,1,1,,data\preprocessed\features\z_at\FAKE_T3_1072_IEO_DIS_HI__AUDIO_1072_IEO_FEA_HI_sadtalker.pt,data\preprocessed\features\z_v\FAKE_T3_1072_IEO_DIS_HI__AUDIO_1072_IEO_FEA_HI_sadtalker.pt
FAKE_T3_1072_IEO_FEA_LO__AUDIO_1072_IEO_HAP_LO_sadtalker,track3,1,crema_1072,HAP,FEA,-1,1,1,1,,data\preprocessed\features\z_at\FAKE_T3_1072_IEO_FEA_LO__AUDIO_1072_IEO_HAP_LO_sadtalker.pt,data\preprocessed\features\z_v\FAKE_T3_1072_IEO_FEA_LO__AUDIO_1072_IEO_HAP_LO_sadtalker.pt
FAKE_T3_1072_IEO_HAP_LO__AUDIO_1072_IEO_NEU_XX_sadtalker,track3,1,crema_1072,NEU,HAP,-1,1,1,1,,data\preprocessed\features\z_at\FAKE_T3_1072_IEO_HAP_LO__AUDIO_1072_IEO_NEU_XX_sadtalker.pt,data\preprocessed\features\z_v\FAKE_T3_1072_IEO_HAP_LO__AUDIO_1072_IEO_NEU_XX_sadtalker.pt
FAKE_T3_1072_IEO_HAP_MD__AUDIO_1072_IEO_NEU_XX_sadtalker,track3,1,crema_1072,NEU,HAP,-1,1,1,1,,data\preprocessed\features\z_at\FAKE_T3_1072_IEO_HAP_MD__AUDIO_1072_IEO_NEU_XX_sadtalker.pt,data\preprocessed\features\z_v\FAKE_T3_1072_IEO_HAP_MD__AUDIO_1072_IEO_NEU_XX_sadtalker.pt
FAKE_T3_1072_IEO_NEU_XX__AUDIO_1072_IEO_SAD_HI_sadtalker,track3,1,crema_1072,SAD,NEU,-1,1,1,1,,data\preprocessed\features\z_at\FAKE_T3_1072_IEO_NEU_XX__AUDIO_1072_IEO_SAD_HI_sadtalker.pt,data\preprocessed\features\z_v\FAKE_T3_1072_IEO_NEU_XX__AUDIO_1072_IEO_SAD_HI_sadtalker.pt
FAKE_T3_1072_IEO_SAD_LO__AUDIO_1072_IEO_ANG_LO_sadtalker,track3,1,crema_1072,ANG,SAD,-1,1,1,1,,data\preprocessed\features\z_at\FAKE_T3_1072_IEO_SAD_LO__AUDIO_1072_IEO_ANG_LO_sadtalker.pt,data\preprocessed\features\z_v\FAKE_T3_1072_IEO_SAD_LO__AUDIO_1072_IEO_ANG_LO_sadtalker.pt
FAKE_T3_1072_IEO_SAD_MD__AUDIO_1072_IEO_ANG_MD_sadtalker,track3,1,crema_1072,ANG,SAD,-1,1,1,1,,data\preprocessed\features\z_at\FAKE_T3_1072_IEO_SAD_MD__AUDIO_1072_IEO_ANG_MD_sadtalker.pt,data\preprocessed\features\z_v\FAKE_T3_1072_IEO_SAD_MD__AUDIO_1072_IEO_ANG_MD_sadtalker.pt
FAKE_T3_1072_IOM_FEA_XX__AUDIO_1072_IOM_HAP_XX_sadtalker,track3,1,crema_1072,HAP,FEA,-1,1,1,1,,data\preprocessed\features\z_at\FAKE_T3_1072_IOM_FEA_XX__AUDIO_1072_IOM_HAP_XX_sadtalker.pt,data\preprocessed\features\z_v\FAKE_T3_1072_IOM_FEA_XX__AUDIO_1072_IOM_HAP_XX_sadtalker.pt
FAKE_T3_1072_IOM_NEU_XX__AUDIO_1072_IOM_SAD_XX_sadtalker,track3,1,crema_1072,SAD,NEU,-1,1,1,1,,data\preprocessed\features\z_at\FAKE_T3_1072_IOM_NEU_XX__AUDIO_1072_IOM_SAD_XX_sadtalker.pt,data\preprocessed\features\z_v\FAKE_T3_1072_IOM_NEU_XX__AUDIO_1072_IOM_SAD_XX_sadtalker.pt
FAKE_T3_1072_ITH_DIS_XX__AUDIO_1072_ITH_FEA_XX_sadtalker,track3,1,crema_1072,FEA,DIS,-1,1,1,1,,data\preprocessed\features\z_at\FAKE_T3_1072_ITH_DIS_XX__AUDIO_1072_ITH_FEA_XX_sadtalker.pt,data\preprocessed\features\z_v\FAKE_T3_1072_ITH_DIS_XX__AUDIO_1072_ITH_FEA_XX_sadtalker.pt
FAKE_T3_1072_ITH_NEU_XX__AUDIO_1072_ITH_SAD_XX_sadtalker,track3,1,crema_1072,SAD,NEU,-1,1,1,1,,data\preprocessed\features\z_at\FAKE_T3_1072_ITH_NEU_XX__AUDIO_1072_ITH_SAD_XX_sadtalker.pt,data\preprocessed\features\z_v\FAKE_T3_1072_ITH_NEU_XX__AUDIO_1072_ITH_SAD_XX_sadtalker.pt
FAKE_T3_1072_ITS_ANG_XX__AUDIO_1072_ITS_DIS_XX_sadtalker,track3,1,crema_1072,DIS,ANG,-1,1,1,1,,data\preprocessed\features\z_at\FAKE_T3_1072_ITS_ANG_XX__AUDIO_1072_ITS_DIS_XX_sadtalker.pt,data\preprocessed\features\z_v\FAKE_T3_1072_ITS_ANG_XX__AUDIO_1072_ITS_DIS_XX_sadtalker.pt
FAKE_T3_1072_ITS_FEA_XX__AUDIO_1072_ITS_HAP_XX_sadtalker,track3,1,crema_1072,HAP,FEA,-1,1,1,1,,data\preprocessed\features\z_at\FAKE_T3_1072_ITS_FEA_XX__AUDIO_1072_ITS_HAP_XX_sadtalker.pt,data\preprocessed\features\z_v\FAKE_T3_1072_ITS_FEA_XX__AUDIO_1072_ITS_HAP_XX_sadtalker.pt
FAKE_T3_1072_ITS_SAD_XX__AUDIO_1072_ITS_ANG_XX_sadtalker,track3,1,crema_1072,ANG,SAD,-1,1,1,1,,data\preprocessed\features\z_at\FAKE_T3_1072_ITS_SAD_XX__AUDIO_1072_ITS_ANG_XX_sadtalker.pt,data\preprocessed\features\z_v\FAKE_T3_1072_ITS_SAD_XX__AUDIO_1072_ITS_ANG_XX_sadtalker.pt
FAKE_T3_1072_IWL_ANG_XX__AUDIO_1072_IWL_DIS_XX_sadtalker,track3,1,crema_1072,DIS,ANG,-1,1,1,1,,data\preprocessed\features\z_at\FAKE_T3_1072_IWL_ANG_XX__AUDIO_1072_IWL_DIS_XX_sadtalker.pt,data\preprocessed\features\z_v\FAKE_T3_1072_IWL_ANG_XX__AUDIO_1072_IWL_DIS_XX_sadtalker.pt
FAKE_T3_1072_IWL_DIS_XX__AUDIO_1072_IWL_FEA_XX_sadtalker,track3,1,crema_1072,FEA,DIS,-1,1,1,1,,data\preprocessed\features\z_at\FAKE_T3_1072_IWL_DIS_XX__AUDIO_1072_IWL_FEA_XX_sadtalker.pt,data\preprocessed\features\z_v\FAKE_T3_1072_IWL_DIS_XX__AUDIO_1072_IWL_FEA_XX_sadtalker.pt
FAKE_T3_1072_IWL_HAP_XX__AUDIO_1072_IWL_NEU_XX_sadtalker,track3,1,crema_1072,NEU,HAP,-1,1,1,1,,data\preprocessed\features\z_at\FAKE_T3_1072_IWL_HAP_XX__AUDIO_1072_IWL_NEU_XX_sadtalker.pt,data\preprocessed\features\z_v\FAKE_T3_1072_IWL_HAP_XX__AUDIO_1072_IWL_NEU_XX_sadtalker.pt
FAKE_T3_1072_IWL_NEU_XX__AUDIO_1072_IWL_SAD_XX_sadtalker,track3,1,crema_1072,SAD,NEU,-1,1,1,1,,data\preprocessed\features\z_at\FAKE_T3_1072_IWL_NEU_XX__AUDIO_1072_IWL_SAD_XX_sadtalker.pt,data\preprocessed\features\z_v\FAKE_T3_1072_IWL_NEU_XX__AUDIO_1072_IWL_SAD_XX_sadtalker.pt
FAKE_T3_1072_IWW_ANG_XX__AUDIO_1072_IWW_DIS_XX_sadtalker,track3,1,crema_1072,DIS,ANG,-1,1,1,1,,data\preprocessed\features\z_at\FAKE_T3_1072_IWW_ANG_XX__AUDIO_1072_IWW_DIS_XX_sadtalker.pt,data\preprocessed\features\z_v\FAKE_T3_1072_IWW_ANG_XX__AUDIO_1072_IWW_DIS_XX_sadtalker.pt
FAKE_T3_1072_IWW_HAP_XX__AUDIO_1072_IWW_NEU_XX_sadtalker,track3,1,crema_1072,NEU,HAP,-1,1,1,1,,data\preprocessed\features\z_at\FAKE_T3_1072_IWW_HAP_XX__AUDIO_1072_IWW_NEU_XX_sadtalker.pt,data\preprocessed\features\z_v\FAKE_T3_1072_IWW_HAP_XX__AUDIO_1072_IWW_NEU_XX_sadtalker.pt
FAKE_T3_1072_IWW_SAD_XX__AUDIO_1072_IWW_ANG_XX_sadtalker,track3,1,crema_1072,ANG,SAD,-1,1,1,1,,data\preprocessed\features\z_at\FAKE_T3_1072_IWW_SAD_XX__AUDIO_1072_IWW_ANG_XX_sadtalker.pt,data\preprocessed\features\z_v\FAKE_T3_1072_IWW_SAD_XX__AUDIO_1072_IWW_ANG_XX_sadtalker.pt
FAKE_T3_1072_MTI_ANG_XX__AUDIO_1072_MTI_DIS_XX_sadtalker,track3,1,crema_1072,DIS,ANG,-1,1,1,1,,data\preprocessed\features\z_at\FAKE_T3_1072_MTI_ANG_XX__AUDIO_1072_MTI_DIS_XX_sadtalker.pt,data\preprocessed\features\z_v\FAKE_T3_1072_MTI_ANG_XX__AUDIO_1072_MTI_DIS_XX_sadtalker.pt
FAKE_T3_1072_MTI_FEA_XX__AUDIO_1072_MTI_HAP_XX_sadtalker,track3,1,crema_1072,HAP,FEA,-1,1,1,1,,data\preprocessed\features\z_at\FAKE_T3_1072_MTI_FEA_XX__AUDIO_1072_MTI_HAP_XX_sadtalker.pt,data\preprocessed\features\z_v\FAKE_T3_1072_MTI_FEA_XX__AUDIO_1072_MTI_HAP_XX_sadtalker.pt
FAKE_T3_1072_MTI_NEU_XX__AUDIO_1072_MTI_SAD_XX_sadtalker,track3,1,crema_1072,SAD,NEU,-1,1,1,1,,data\preprocessed\features\z_at\FAKE_T3_1072_MTI_NEU_XX__AUDIO_1072_MTI_SAD_XX_sadtalker.pt,data\preprocessed\features\z_v\FAKE_T3_1072_MTI_NEU_XX__AUDIO_1072_MTI_SAD_XX_sadtalker.pt
FAKE_T3_1072_TAI_DIS_XX__AUDIO_1072_TAI_FEA_XX_sadtalker,track3,1,crema_1072,FEA,DIS,-1,1,1,1,,data\preprocessed\features\z_at\FAKE_T3_1072_TAI_DIS_XX__AUDIO_1072_TAI_FEA_XX_sadtalker.pt,data\preprocessed\features\z_v\FAKE_T3_1072_TAI_DIS_XX__AUDIO_1072_TAI_FEA_XX_sadtalker.pt
FAKE_T3_1072_TAI_HAP_XX__AUDIO_1072_TAI_NEU_XX_sadtalker,track3,1,crema_1072,NEU,HAP,-1,1,1,1,,data\preprocessed\features\z_at\FAKE_T3_1072_TAI_HAP_XX__AUDIO_1072_TAI_NEU_XX_sadtalker.pt,data\preprocessed\features\z_v\FAKE_T3_1072_TAI_HAP_XX__AUDIO_1072_TAI_NEU_XX_sadtalker.pt
FAKE_T3_1072_TAI_NEU_XX__AUDIO_1072_TAI_SAD_XX_sadtalker,track3,1,crema_1072,SAD,NEU,-1,1,1,1,,data\preprocessed\features\z_at\FAKE_T3_1072_TAI_NEU_XX__AUDIO_1072_TAI_SAD_XX_sadtalker.pt,data\preprocessed\features\z_v\FAKE_T3_1072_TAI_NEU_XX__AUDIO_1072_TAI_SAD_XX_sadtalker.pt
FAKE_T3_1072_TIE_ANG_XX__AUDIO_1072_TIE_DIS_XX_sadtalker,track3,1,crema_1072,DIS,ANG,-1,1,1,1,,data\preprocessed\features\z_at\FAKE_T3_1072_TIE_ANG_XX__AUDIO_1072_TIE_DIS_XX_sadtalker.pt,data\preprocessed\features\z_v\FAKE_T3_1072_TIE_ANG_XX__AUDIO_1072_TIE_DIS_XX_sadtalker.pt
