clip_id,source_pipeline,fake_label,speaker_id,audio_emotion,visual_emotion,sarcasm_label,has_z_at,has_z_v,is_ready_for_training,video_path,z_at_path,z_v_path
FAKE_T3_1072_TIE_DIS_XX__AUDIO_1072_TIE_FEA_XX_sadtalker,track3,1,crema_1072,FEA,DIS,-1,1,1,1,,data\preprocessed\features\z_at\FAKE_T3_1072_TIE_DIS_XX__AUDIO_1072_TIE_FEA_XX_sadtalker.pt,data\preprocessed\features\z_v\FAKE_T3_1072_TIE_DIS_XX__AUDIO_1072_TIE_FEA_XX_sadtalker.pt
FAKE_T3_1072_TIE_SAD_XX__AUDIO_1072_TIE_ANG_XX_sadtalker,track3,1,crema_1072,ANG,SAD,-1,1,1,1,,data\preprocessed\features\z_at\FAKE_T3_1072_TIE_SAD_XX__AUDIO_1072_TIE_ANG_XX_sadtalker.pt,data\preprocessed\features\z_v\FAKE_T3_1072_TIE_SAD_XX__AUDIO_1072_TIE_ANG_XX_sadtalker.pt
FAKE_T3_1072_TSI_ANG_XX__AUDIO_1072_TSI_DIS_XX_sadtalker,track3,1,crema_1072,DIS,ANG,-1,1,1,1,,data\preprocessed\features\z_at\FAKE_T3_1072_TSI_ANG_XX__AUDIO_1072_TSI_DIS_XX_sadtalker.pt,data\preprocessed\features\z_v\FAKE_T3_1072_TSI_ANG_XX__AUDIO_1072_TSI_DIS_XX_sadtalker.pt
FAKE_T3_1072_TSI_DIS_XX__AUDIO_1072_TSI_FEA_XX_sadtalker,track3,1,crema_1072,FEA,DIS,-1,1,1,1,,data\preprocessed\features\z_at\FAKE_T3_1072_TSI_DIS_XX__AUDIO_1072_TSI_FEA_XX_sadtalker.pt,data\preprocessed\features\z_v\FAKE_T3_1072_TSI_DIS_XX__AUDIO_1072_TSI_FEA_XX_sadtalker.pt
FAKE_T3_1072_TSI_FEA_XX__AUDIO_1072_TSI_HAP_XX_sadtalker,track3,1,crema_1072,HAP,FEA,-1,1,1,1,,data\preprocessed\features\z_at\FAKE_T3_1072_TSI_FEA_XX__AUDIO_1072_TSI_HAP_XX_sadtalker.pt,data\preprocessed\features\z_v\FAKE_T3_1072_TSI_FEA_XX__AUDIO_1072_TSI_HAP_XX_sadtalker.pt
FAKE_T3_1072_WSI_FEA_XX__AUDIO_1072_WSI_HAP_XX_sadtalker,track3,1,crema_1072,HAP,FEA,-1,1,1,1,,data\preprocessed\features\z_at\FAKE_T3_1072_WSI_FEA_XX__AUDIO_1072_WSI_HAP_XX_sadtalker.pt,data\preprocessed\features\z_v\FAKE_T3_1072_WSI_FEA_XX__AUDIO_1072_WSI_HAP_XX_sadtalker.pt
FAKE_T3_1072_WSI_HAP_XX__AUDIO_1072_WSI_NEU_XX_sadtalker,track3,1,crema_1072,NEU,HAP,-1,1,1,1,,data\preprocessed\features\z_at\FAKE_T3_1072_WSI_HAP_XX__AUDIO_1072_WSI_NEU_XX_sadtalker.pt,data\preprocessed\features\z_v\FAKE_T3_1072_WSI_HAP_XX__AUDIO_1072_WSI_NEU_XX_sadtalker.pt
FAKE_T3_1072_WSI_NEU_XX__AUDIO_1072_WSI_SAD_XX_sadtalker,track3,1,crema_1072,SAD,NEU,-1,1,1,1,,data\preprocessed\features\z_at\FAKE_T3_1072_WSI_NEU_XX__AUDIO_1072_WSI_SAD_XX_sadtalker.pt,data\preprocessed\features\z_v\FAKE_T3_1072_WSI_NEU_XX__AUDIO_1072_WSI_SAD_XX_sadtalker.pt
FAKE_T3_1073_DFA_FEA_XX__AUDIO_1073_DFA_HAP_XX_sadtalker,track3,1,crema_1073,HAP,FEA,-1,1,1,1,,data\preprocessed\features\z_at\FAKE_T3_1073_DFA_FEA_XX__AUDIO_1073_DFA_HAP_XX_sadtalker.pt,data\preprocessed\features\z_v\FAKE_T3_1073_DFA_FEA_XX__AUDIO_1073_DFA_HAP_XX_sadtalker.pt
FAKE_T3_1073_IEO_DIS_MD__AUDIO_1073_IEO_FEA_MD_sadtalker,track3,1,crema_1073,FEA,DIS,-1,1,1,1,,data\preprocessed\features\z_at\FAKE_T3_1073_IEO_DIS_MD__AUDIO_1073_IEO_FEA_MD_sadtalker.pt,data\preprocessed\features\z_v\FAKE_T3_1073_IEO_DIS_MD__AUDIO_1073_IEO_FEA_MD_sadtalker.pt
FAKE_T3_1073_IEO_FEA_HI__AUDIO_1073_IEO_HAP_HI_sadtalker,track3,1,crema_1073,HAP,FEA,-1,1,1,1,,data\preprocessed\features\z_at\FAKE_T3_1073_IEO_FEA_HI__AUDIO_1073_IEO_HAP_HI_sadtalker.pt,data\preprocessed\features\z_v\FAKE_T3_1073_IEO_FEA_HI__AUDIO_1073_IEO_HAP_HI_sadtalker.pt
FAKE_T3_1073_IEO_FEA_LO__AUDIO_1073_IEO_HAP_LO_sadtalker,track3,1,crema_1073,HAP,FEA,-1,1,1,1,,data\preprocessed\features\z_at\FAKE_T3_1073_IEO_FEA_LO__AUDIO_1073_IEO_HAP_LO_sadtalker.pt,data\preprocessed\features\z_v\FAKE_T3_1073_IEO_FEA_LO__AUDIO_1073_IEO_HAP_LO_sadtalker.pt
FAKE_T3_1073_IEO_FEA_MD__AUDIO_1073_IEO_HAP_MD_sadtalker,track3,1,crema_1073,HAP,FEA,-1,1,1,1,,data\preprocessed\features\z_at\FAKE_T3_1073_IEO_FEA_MD__AUDIO_1073_IEO_HAP_MD_sadtalker.pt,data\preprocessed\features\z_v\FAKE_T3_1073_IEO_FEA_MD__AUDIO_1073_IEO_HAP_MD_sadtalker.pt
FAKE_T3_1073_IEO_HAP_LO__AUDIO_1073_IEO_NEU_XX_sadtalker,track3,1,crema_1073,NEU,HAP,-1,1,1,1,,data\preprocessed\features\z_at\FAKE_T3_1073_IEO_HAP_LO__AUDIO_1073_IEO_NEU_XX_sadtalker.pt,data\preprocessed\features\z_v\FAKE_T3_1073_IEO_HAP_LO__AUDIO_1073_IEO_NEU_XX_sadtalker.pt
FAKE_T3_1073_IEO_HAP_MD__AUDIO_1073_IEO_NEU_XX_sadtalker,track3,1,crema_1073,NEU,HAP,-1,1,1,1,,data\preprocessed\features\z_at\FAKE_T3_1073_IEO_HAP_MD__AUDIO_1073_IEO_NEU_XX_sadtalker.pt,data\preprocessed\features\z_v\FAKE_T3_1073_IEO_HAP_MD__AUDIO_1073_IEO_NEU_XX_sadtalker.pt
FAKE_T3_1073_IEO_SAD_LO__AUDIO_1073_IEO_ANG_LO_sadtalker,track3,1,crema_1073,ANG,SAD,-1,1,1,1,,data\preprocessed\features\z_at\FAKE_T3_1073_IEO_SAD_LO__AUDIO_1073_IEO_ANG_LO_sadtalker.pt,data\preprocessed\features\z_v\FAKE_T3_1073_IEO_SAD_LO__AUDIO_1073_IEO_ANG_LO_sadtalker.pt
FAKE_T3_1073_IOM_ANG_XX__AUDIO_1073_IOM_DIS_XX_sadtalker,track3,1,crema_1073,DIS,ANG,-1,1,1,1,,data\preprocessed\features\z_at\FAKE_T3_1073_IOM_ANG_XX__AUDIO_1073_IOM_DIS_XX_sadtalker.pt,data\preprocessed\features\z_v\FAKE_T3_1073_IOM_ANG_XX__AUDIO_1073_IOM_DIS_XX_sadtalker.pt
FAKE_T3_1073_IOM_DIS_XX__AUDIO_1073_IOM_FEA_XX_sadtalker,track3,1,crema_1073,FEA,DIS,-1,1,1,1,,data\preprocessed\features\z_at\FAKE_T3_1073_IOM_DIS_XX__AUDIO_1073_IOM_FEA_XX_sadtalker.pt,data\preprocessed\features\z_v\FAKE_T3_1073_IOM_DIS_XX__AUDIO_1073_IOM_FEA_XX_sadtalker.pt
FAKE_T3_1073_IOM_FEA_XX__AUDIO_1073_IOM_HAP_XX_sadtalker,track3,1,crema_1073,HAP,FEA,-1,1,1,1,,data\preprocessed\features\z_at\FAKE_T3_1073_IOM_FEA_XX__AUDIO_1073_IOM_HAP_XX_sadtalker.pt,data\preprocessed\features\z_v\FAKE_T3_1073_IOM_FEA_XX__AUDIO_1073_IOM_HAP_XX_sadtalker.pt
FAKE_T3_1073_IOM_HAP_XX__AUDIO_1073_IOM_NEU_XX_sadtalker,track3,1,crema_1073,NEU,HAP,-1,1,1,1,,data\preprocessed\features\z_at\FAKE_T3_1073_IOM_HAP_XX__AUDIO_1073_IOM_NEU_XX_sadtalker.pt,data\preprocessed\features\z_v\FAKE_T3_1073_IOM_HAP_XX__AUDIO_1073_IOM_NEU_XX_sadtalker.pt
FAKE_T3_1073_IOM_SAD_XX__AUDIO_1073_IOM_ANG_XX_sadtalker,track3,1,crema_1073,ANG,SAD,-1,1,1,1,,data\preprocessed\features\z_at\FAKE_T3_1073_IOM_SAD_XX__AUDIO_1073_IOM_ANG_XX_sadtalker.pt,data\preprocessed\features\z_v\FAKE_T3_1073_IOM_SAD_XX__AUDIO_1073_IOM_ANG_XX_sadtalker.pt
FAKE_T3_1073_ITH_ANG_XX__AUDIO_1073_ITH_DIS_XX_sadtalker,track3,1,crema_1073,DIS,ANG,-1,1,1,1,,data\preprocessed\features\z_at\FAKE_T3_1073_ITH_ANG_XX__AUDIO_1073_ITH_DIS_XX_sadtalker.pt,data\preprocessed\features\z_v\FAKE_T3_1073_ITH_ANG_XX__AUDIO_1073_ITH_DIS_XX_sadtalker.pt
FAKE_T3_1073_ITH_FEA_XX__AUDIO_1073_ITH_HAP_XX_sadtalker,track3,1,crema_1073,HAP,FEA,-1,1,1,1,,data\preprocessed\features\z_at\FAKE_T3_1073_ITH_FEA_XX__AUDIO_1073_ITH_HAP_XX_sadtalker.pt,data\preprocessed\features\z_v\FAKE_T3_1073_ITH_FEA_XX__AUDIO_1073_ITH_HAP_XX_sadtalker.pt
FAKE_T3_1073_ITH_HAP_XX__AUDIO_1073_ITH_NEU_XX_sadtalker,track3,1,crema_1073,NEU,HAP,-1,1,1,1,,data\preprocessed\features\z_at\FAKE_T3_1073_ITH_HAP_XX__AUDIO_1073_ITH_NEU_XX_sadtalker.pt,data\preprocessed\features\z_v\FAKE_T3_1073_ITH_HAP_XX__AUDIO_1073_ITH_NEU_XX_sadtalker.pt
FAKE_T3_1073_ITH_SAD_XX__AUDIO_1073_ITH_ANG_XX_sadtalker,track3,1,crema_1073,ANG,SAD,-1,1,1,1,,data\preprocessed\features\z_at\FAKE_T3_1073_ITH_SAD_XX__AUDIO_1073_ITH_ANG_XX_sadtalker.pt,data\preprocessed\features\z_v\FAKE_T3_1073_ITH_SAD_XX__AUDIO_1073_ITH_ANG_XX_sadtalker.pt
FAKE_T3_1073_ITS_DIS_XX__AUDIO_1073_ITS_FEA_XX_sadtalker,track3,1,crema_1073,FEA,DIS,-1,1,1,1,,data\preprocessed\features\z_at\FAKE_T3_1073_ITS_DIS_XX__AUDIO_1073_ITS_FEA_XX_sadtalker.pt,data\preprocessed\features\z_v\FAKE_T3_1073_ITS_DIS_XX__AUDIO_1073_ITS_FEA_XX_sadtalker.pt
FAKE_T3_1073_ITS_FEA_XX__AUDIO_1073_ITS_HAP_XX_sadtalker,track3,1,crema_1073,HAP,FEA,-1,1,1,1,,data\preprocessed\features\z_at\FAKE_T3_1073_ITS_FEA_XX__AUDIO_1073_ITS_HAP_XX_sadtalker.pt,data\preprocessed\features\z_v\FAKE_T3_1073_ITS_FEA_XX__AUDIO_1073_ITS_HAP_XX_sadtalker.pt
FAKE_T3_1073_ITS_HAP_XX__AUDIO_1073_ITS_NEU_XX_sadtalker,track3,1,crema_1073,NEU,HAP,-1,1,1,1,,data\preprocessed\features\z_at\FAKE_T3_1073_ITS_HAP_XX__AUDIO_1073_ITS_NEU_XX_sadtalker.pt,data\preprocessed\features\z_v\FAKE_T3_1073_ITS_HAP_XX__AUDIO_1073_ITS_NEU_XX_sadtalker.pt
FAKE_T3_1073_ITS_NEU_XX__AUDIO_1073_ITS_SAD_XX_sadtalker,track3,1,crema_1073,SAD,NEU,-1,1,1,1,,data\preprocessed\features\z_at\FAKE_T3_1073_ITS_NEU_XX__AUDIO_1073_ITS_SAD_XX_sadtalker.pt,data\preprocessed\features\z_v\FAKE_T3_1073_ITS_NEU_XX__AUDIO_1073_ITS_SAD_XX_sadtalker.pt
FAKE_T3_1073_ITS_SAD_XX__AUDIO_1073_ITS_ANG_XX_sadtalker,track3,1,crema_1073,ANG,SAD,-1,1,1,1,,data\preprocessed\features\z_at\FAKE_T3_1073_ITS_SAD_XX__AUDIO_1073_ITS_ANG_XX_sadtalker.pt,data\preprocessed\features\z_v\FAKE_T3_1073_ITS_SAD_XX__AUDIO_1073_ITS_ANG_XX_sadtalker.pt
FAKE_T3_1073_IWL_DIS_XX__AUDIO_1073_IWL_FEA_XX_sadtalker,track3,1,crema_1073,FEA,DIS,-1,1,1,1,,data\preprocessed\features\z_at\FAKE_T3_1073_IWL_DIS_XX__AUDIO_1073_IWL_FEA_XX_sadtalker.pt,data\preprocessed\features\z_v\FAKE_T3_1073_IWL_DIS_XX__AUDIO_1073_IWL_FEA_XX_sadtalker.pt
FAKE_T3_1073_IWW_ANG_XX__AUDIO_1073_IWW_DIS_XX_sadtalker,track3,1,crema_1073,DIS,ANG,-1,1,1,1,,data\preprocessed\features\z_at\FAKE_T3_1073_IWW_ANG_XX__AUDIO_1073_IWW_DIS_XX_sadtalker.pt,data\preprocessed\features\z_v\FAKE_T3_1073_IWW_ANG_XX__AUDIO_1073_IWW_DIS_XX_sadtalker.pt
FAKE_T3_1073_IWW_DIS_XX__AUDIO_1073_IWW_FEA_XX_sadtalker,track3,1,crema_1073,FEA,DIS,-1,1,1,1,,data\preprocessed\features\z_at\FAKE_T3_1073_IWW_DIS_XX__AUDIO_1073_IWW_FEA_XX_sadtalker.pt,data\preprocessed\features\z_v\FAKE_T3_1073_IWW_DIS_XX__AUDIO_1073_IWW_FEA_XX_sadtalker.pt
FAKE_T3_1073_IWW_HAP_XX__AUDIO_1073_IWW_NEU_XX_sadtalker,track3,1,crema_1073,NEU,HAP,-1,1,1,1,,data\preprocessed\features\z_at\FAKE_T3_1073_IWW_HAP_XX__AUDIO_1073_IWW_NEU_XX_sadtalker.pt,data\preprocessed\features\z_v\FAKE_T3_1073_IWW_HAP_XX__AUDIO_1073_IWW_NEU_XX_sadtalker.pt
FAKE_T3_1073_MTI_DIS_XX__AUDIO_1073_MTI_FEA_XX_sadtalker,track3,1,crema_1073,FEA,DIS,-1,1,1,1,,data\preprocessed\features\z_at\FAKE_T3_1073_MTI_DIS_XX__AUDIO_1073_MTI_FEA_XX_sadtalker.pt,data\preprocessed\features\z_v\FAKE_T3_1073_MTI_DIS_XX__AUDIO_1073_MTI_FEA_XX_sadtalker.pt
FAKE_T3_1073_MTI_FEA_XX__AUDIO_1073_MTI_HAP_XX_sadtalker,track3,1,crema_1073,HAP,FEA,-1,1,1,1,,data\preprocessed\features\z_at\FAKE_T3_1073_MTI_FEA_XX__AUDIO_1073_MTI_HAP_XX_sadtalker.pt,data\preprocessed\features\z_v\FAKE_T3_1073_MTI_FEA_XX__AUDIO_1073_MTI_HAP_XX_sadtalker.pt
FAKE_T3_1073_MTI_HAP_XX__AUDIO_1073_MTI_NEU_XX_sadtalker,track3,1,crema_1073,NEU,HAP,-1,1,1,1,,data\preprocessed\features\z_at\FAKE_T3_1073_MTI_HAP_XX__AUDIO_1073_MTI_NEU_XX_sadtalker.pt,data\preprocessed\features\z_v\FAKE_T3_1073_MTI_HAP_XX__AUDIO_1073_MTI_NEU_XX_sadtalker.pt
FAKE_T3_1073_TAI_ANG_XX__AUDIO_1073_TAI_DIS_XX_sadtalker,track3,1,crema_1073,DIS,ANG,-1,1,1,1,,data\preprocessed\features\z_at\FAKE_T3_1073_TAI_ANG_XX__AUDIO_1073_TAI_DIS_XX_sadtalker.pt,data\preprocessed\features\z_v\FAKE_T3_1073_TAI_ANG_XX__AUDIO_1073_TAI_DIS_XX_sadtalker.pt
FAKE_T3_1073_TAI_DIS_XX__AUDIO_1073_TAI_FEA_XX_sadtalker,track3,1,crema_1073,FEA,DIS,-1,1,1,1,,data\preprocessed\features\z_at\FAKE_T3_1073_TAI_DIS_XX__AUDIO_1073_TAI_FEA_XX_sadtalker.pt,data\preprocessed\features\z_v\FAKE_T3_1073_TAI_DIS_XX__AUDIO_1073_TAI_FEA_XX_sadtalker.pt
FAKE_T3_1073_TAI_HAP_XX__AUDIO_1073_TAI_NEU_XX_sadtalker,track3,1,crema_1073,NEU,HAP,-1,1,1,1,,data\preprocessed\features\z_at\FAKE_T3_1073_TAI_HAP_XX__AUDIO_1073_TAI_NEU_XX_sadtalker.pt,data\preprocessed\features\z_v\FAKE_T3_1073_TAI_HAP_XX__AUDIO_1073_TAI_NEU_XX_sadtalker.pt
FAKE_T3_1073_TAI_NEU_XX__AUDIO_1073_TAI_SAD_XX_sadtalker,track3,1,crema_1073,SAD,NEU,-1,1,1,1,,data\preprocessed\features\z_at\FAKE_T3_1073_TAI_NEU_XX__AUDIO_1073_TAI_SAD_XX_sadtalker.pt,data\preprocessed\features\z_v\FAKE_T3_1073_TAI_NEU_XX__AUDIO_1073_TAI_SAD_XX_sadtalker.pt
FAKE_T3_1073_TAI_SAD_XX__AUDIO_1073_TAI_ANG_XX_sadtalker,track3,1,crema_1073,ANG,SAD,-1,1,1,1,,data\preprocessed\features\z_at\FAKE_T3_1073_TAI_SAD_XX__AUDIO_1073_TAI_ANG_XX_sadtalker.pt,data\preprocessed\features\z_v\FAKE_T3_1073_TAI_SAD_XX__AUDIO_1073_TAI_ANG_XX_sadtalker.pt
FAKE_T3_1073_TIE_DIS_XX__AUDIO_1073_TIE_FEA_XX_sadtalker,track3,1,crema_1073,FEA,DIS,-1,1,1,1,,data\preprocessed\features\z_at\FAKE_T3_1073_TIE_DIS_XX__AUDIO_1073_TIE_FEA_XX_sadtalker.pt,data\preprocessed\features\z_v\FAKE_T3_1073_TIE_DIS_XX__AUDIO_1073_TIE_FEA_XX_sadtalker.pt
FAKE_T3_1073_TIE_SAD_XX__AUDIO_1073_TIE_ANG_XX_sadtalker,track3,1,crema_1073,ANG,SAD,-1,1,1,1,,data\preprocessed\features\z_at\FAKE_T3_1073_TIE_SAD_XX__AUDIO_1073_TIE_ANG_XX_sadtalker.pt,data\preprocessed\features\z_v\FAKE_T3_1073_TIE_SAD_XX__AUDIO_1073_TIE_ANG_XX_sadtalker.pt
FAKE_T3_1073_TSI_ANG_XX__AUDIO_1073_TSI_DIS_XX_sadtalker,track3,1,crema_1073,DIS,ANG,-1,1,1,1,,data\preprocessed\features\z_at\FAKE_T3_1073_TSI_ANG_XX__AUDIO_1073_TSI_DIS_XX_sadtalker.pt,data\preprocessed\features\z_v\FAKE_T3_1073_TSI_ANG_XX__AUDIO_1073_TSI_DIS_XX_sadtalker.pt
FAKE_T3_1073_TSI_FEA_XX__AUDIO_1073_TSI_HAP_XX_sadtalker,track3,1,crema_1073,HAP,FEA,-1,1,1,1,,data\preprocessed\features\z_at\FAKE_T3_1073_TSI_FEA_XX__AUDIO_1073_TSI_HAP_XX_sadtalker.pt,data\preprocessed\features\z_v\FAKE_T3_1073_TSI_FEA_XX__AUDIO_1073_TSI_HAP_XX_sadtalker.pt
FAKE_T3_1073_WSI_ANG_XX__AUDIO_1073_WSI_DIS_XX_sadtalker,track3,1,crema_1073,DIS,ANG,-1,1,1,1,,data\preprocessed\features\z_at\FAKE_T3_1073_WSI_ANG_XX__AUDIO_1073_WSI_DIS_XX_sadtalker.pt,data\preprocessed\features\z_v\FAKE_T3_1073_WSI_ANG_XX__AUDIO_1073_WSI_DIS_XX_sadtalker.pt
FAKE_T3_1073_WSI_DIS_XX__AUDIO_1073_WSI_FEA_XX_sadtalker,track3,1,crema_1073,FEA,DIS,-1,1,1,1,,data\preprocessed\features\z_at\FAKE_T3_1073_WSI_DIS_XX__AUDIO_1073_WSI_FEA_XX_sadtalker.pt,data\preprocessed\features\z_v\FAKE_T3_1073_WSI_DIS_XX__AUDIO_1073_WSI_FEA_XX_sadtalker.pt
FAKE_T3_1073_WSI_HAP_XX__AUDIO_1073_WSI_NEU_XX_sadtalker,track3,1,crema_1073,NEU,HAP,-1,1,1,1,,data\preprocessed\features\z_at\FAKE_T3_1073_WSI_HAP_XX__AUDIO_1073_WSI_NEU_XX_sadtalker.pt,data\preprocessed\features\z_v\FAKE_T3_1073_WSI_HAP_XX__AUDIO_1073_WSI_NEU_XX_sadtalker.pt
FAKE_T3_1075_DFA_DIS_XX__AUDIO_1075_DFA_FEA_XX_sadtalker,track3,1,crema_1075,FEA,DIS,-1,1,1,1,,data\preprocessed\features\z_at\FAKE_T3_1075_DFA_DIS_XX__AUDIO_1075_DFA_FEA_XX_sadtalker.pt,data\preprocessed\features\z_v\FAKE_T3_1075_DFA_DIS_XX__AUDIO_1075_DFA_FEA_XX_sadtalker.pt
FAKE_T3_1075_DFA_HAP_XX__AUDIO_1075_DFA_NEU_XX_sadtalker,track3,1,crema_1075,NEU,HAP,-1,1,1,1,,data\preprocessed\features\z_at\FAKE_T3_1075_DFA_HAP_XX__AUDIO_1075_DFA_NEU_XX_sadtalker.pt,data\preprocessed\features\z_v\FAKE_T3_1075_DFA_HAP_XX__AUDIO_1075_DFA_NEU_XX_sadtalker.pt
FAKE_T3_1075_DFA_SAD_XX__AUDIO_1075_DFA_ANG_XX_sadtalker,track3,1,crema_1075,ANG,SAD,-1,1,1,1,,data\preprocessed\features\z_at\FAKE_T3_1075_DFA_SAD_XX__AUDIO_1075_DFA_ANG_XX_sadtalker.pt,data\preprocessed\features\z_v\FAKE_T3_1075_DFA_SAD_XX__AUDIO_1075_DFA_ANG_XX_sadtalker.pt
FAKE_T3_1075_IEO_ANG_HI__AUDIO_1075_IEO_DIS_HI_sadtalker,track3,1,crema_1075,DIS,ANG,-1,1,1,1,,data\preprocessed\features\z_at\FAKE_T3_1075_IEO_ANG_HI__AUDIO_1075_IEO_DIS_HI_sadtalker.pt,data\preprocessed\features\z_v\FAKE_T3_1075_IEO_ANG_HI__AUDIO_1075_IEO_DIS_HI_sadtalker.pt
FAKE_T3_1075_IEO_ANG_LO__AUDIO_1075_IEO_DIS_LO_sadtalker,track3,1,crema_1075,DIS,ANG,-1,1,1,1,,data\preprocessed\features\z_at\FAKE_T3_1075_IEO_ANG_LO__AUDIO_1075_IEO_DIS_LO_sadtalker.pt,data\preprocessed\features\z_v\FAKE_T3_1075_IEO_ANG_LO__AUDIO_1075_IEO_DIS_LO_sadtalker.pt
FAKE_T3_1075_IEO_FEA_HI__AUDIO_1075_IEO_HAP_HI_sadtalker,track3,1,crema_1075,HAP,FEA,-1,1,1,1,,data\preprocessed\features\z_at\FAKE_T3_1075_IEO_FEA_HI__AUDIO_1075_IEO_HAP_HI_sadtalker.pt,data\preprocessed\features\z_v\FAKE_T3_1075_IEO_FEA_HI__AUDIO_1075_IEO_HAP_HI_sadtalker.pt
FAKE_T3_1075_IEO_FEA_LO__AUDIO_1075_IEO_HAP_LO_sadtalker,track3,1,crema_1075,HAP,FEA,-1,1,1,1,,data\preprocessed\features\z_at\FAKE_T3_1075_IEO_FEA_LO__AUDIO_1075_IEO_HAP_LO_sadtalker.pt,data\preprocessed\features\z_v\FAKE_T3_1075_IEO_FEA_LO__AUDIO_1075_IEO_HAP_LO_sadtalker.pt
FAKE_T3_1075_IEO_SAD_LO__AUDIO_1075_IEO_ANG_LO_sadtalker,track3,1,crema_1075,ANG,SAD,-1,1,1,1,,data\preprocessed\features\z_at\FAKE_T3_1075_IEO_SAD_LO__AUDIO_1075_IEO_ANG_LO_sadtalker.pt,data\preprocessed\features\z_v\FAKE_T3_1075_IEO_SAD_LO__AUDIO_1075_IEO_ANG_LO_sadtalker.pt
FAKE_T3_1075_IOM_ANG_XX__AUDIO_1075_IOM_DIS_XX_sadtalker,track3,1,crema_1075,DIS,ANG,-1,1,1,1,,data\preprocessed\features\z_at\FAKE_T3_1075_IOM_ANG_XX__AUDIO_1075_IOM_DIS_XX_sadtalker.pt,data\preprocessed\features\z_v\FAKE_T3_1075_IOM_ANG_XX__AUDIO_1075_IOM_DIS_XX_sadtalker.pt
FAKE_T3_1075_IOM_DIS_XX__AUDIO_1075_IOM_FEA_XX_sadtalker,track3,1,crema_1075,FEA,DIS,-1,1,1,1,,data\preprocessed\features\z_at\FAKE_T3_1075_IOM_DIS_XX__AUDIO_1075_IOM_FEA_XX_sadtalker.pt,data\preprocessed\features\z_v\FAKE_T3_1075_IOM_DIS_XX__AUDIO_1075_IOM_FEA_XX_sadtalker.pt
FAKE_T3_1075_IOM_FEA_XX__AUDIO_1075_IOM_HAP_XX_sadtalker,track3,1,crema_1075,HAP,FEA,-1,1,1,1,,data\preprocessed\features\z_at\FAKE_T3_1075_IOM_FEA_XX__AUDIO_1075_IOM_HAP_XX_sadtalker.pt,data\preprocessed\features\z_v\FAKE_T3_1075_IOM_FEA_XX__AUDIO_1075_IOM_HAP_XX_sadtalker.pt
FAKE_T3_1075_ITH_DIS_XX__AUDIO_1075_ITH_FEA_XX_sadtalker,track3,1,crema_1075,FEA,DIS,-1,1,1,1,,data\preprocessed\features\z_at\FAKE_T3_1075_ITH_DIS_XX__AUDIO_1075_ITH_FEA_XX_sadtalker.pt,data\preprocessed\features\z_v\FAKE_T3_1075_ITH_DIS_XX__AUDIO_1075_ITH_FEA_XX_sadtalker.pt
FAKE_T3_1075_ITH_FEA_XX__AUDIO_1075_ITH_HAP_XX_sadtalker,track3,1,crema_1075,HAP,FEA,-1,1,1,1,,data\preprocessed\features\z_at\FAKE_T3_1075_ITH_FEA_XX__AUDIO_1075_ITH_HAP_XX_sadtalker.pt,data\preprocessed\features\z_v\FAKE_T3_1075_ITH_FEA_XX__AUDIO_1075_ITH_HAP_XX_sadtalker.pt
FAKE_T3_1075_ITH_HAP_XX__AUDIO_1075_ITH_NEU_XX_sadtalker,track3,1,crema_1075,NEU,HAP,-1,1,1,1,,data\preprocessed\features\z_at\FAKE_T3_1075_ITH_HAP_XX__AUDIO_1075_ITH_NEU_XX_sadtalker.pt,data\preprocessed\features\z_v\FAKE_T3_1075_ITH_HAP_XX__AUDIO_1075_ITH_NEU_XX_sadtalker.pt
FAKE_T3_1075_ITH_SAD_XX__AUDIO_1075_ITH_ANG_XX_sadtalker,track3,1,crema_1075,ANG,SAD,-1,1,1,1,,data\preprocessed\features\z_at\FAKE_T3_1075_ITH_SAD_XX__AUDIO_1075_ITH_ANG_XX_sadtalker.pt,data\preprocessed\features\z_v\FAKE_T3_1075_ITH_SAD_XX__AUDIO_1075_ITH_ANG_XX_sadtalker.pt
FAKE_T3_1075_ITS_ANG_XX__AUDIO_1075_ITS_DIS_XX_sadtalker,track3,1,crema_1075,DIS,ANG,-1,1,1,1,,data\preprocessed\features\z_at\FAKE_T3_1075_ITS_ANG_XX__AUDIO_1075_ITS_DIS_XX_sadtalker.pt,data\preprocessed\features\z_v\FAKE_T3_1075_ITS_ANG_XX__AUDIO_1075_ITS_DIS_XX_sadtalker.pt
FAKE_T3_1075_ITS_DIS_XX__AUDIO_1075_ITS_FEA_XX_sadtalker,track3,1,crema_1075,FEA,DIS,-1,1,1,1,,data\preprocessed\features\z_at\FAKE_T3_1075_ITS_DIS_XX__AUDIO_1075_ITS_FEA_XX_sadtalker.pt,data\preprocessed\features\z_v\FAKE_T3_1075_ITS_DIS_XX__AUDIO_1075_ITS_FEA_XX_sadtalker.pt
FAKE_T3_1075_ITS_HAP_XX__AUDIO_1075_ITS_NEU_XX_sadtalker,track3,1,crema_1075,NEU,HAP,-1,1,1,1,,data\preprocessed\features\z_at\FAKE_T3_1075_ITS_HAP_XX__AUDIO_1075_ITS_NEU_XX_sadtalker.pt,data\preprocessed\features\z_v\FAKE_T3_1075_ITS_HAP_XX__AUDIO_1075_ITS_NEU_XX_sadtalker.pt
FAKE_T3_1075_ITS_NEU_XX__AUDIO_1075_ITS_SAD_XX_sadtalker,track3,1,crema_1075,SAD,NEU,-1,1,1,1,,data\preprocessed\features\z_at\FAKE_T3_1075_ITS_NEU_XX__AUDIO_1075_ITS_SAD_XX_sadtalker.pt,data\preprocessed\features\z_v\FAKE_T3_1075_ITS_NEU_XX__AUDIO_1075_ITS_SAD_XX_sadtalker.pt
FAKE_T3_1075_ITS_SAD_XX__AUDIO_1075_ITS_ANG_XX_sadtalker,track3,1,crema_1075,ANG,SAD,-1,1,1,1,,data\preprocessed\features\z_at\FAKE_T3_1075_ITS_SAD_XX__AUDIO_1075_ITS_ANG_XX_sadtalker.pt,data\preprocessed\features\z_v\FAKE_T3_1075_ITS_SAD_XX__AUDIO_1075_ITS_ANG_XX_sadtalker.pt
FAKE_T3_1075_IWL_ANG_XX__AUDIO_1075_IWL_DIS_XX_sadtalker,track3,1,crema_1075,DIS,ANG,-1,1,1,1,,data\preprocessed\features\z_at\FAKE_T3_1075_IWL_ANG_XX__AUDIO_1075_IWL_DIS_XX_sadtalker.pt,data\preprocessed\features\z_v\FAKE_T3_1075_IWL_ANG_XX__AUDIO_1075_IWL_DIS_XX_sadtalker.pt
FAKE_T3_1075_IWL_DIS_XX__AUDIO_1075_IWL_FEA_XX_sadtalker,track3,1,crema_1075,FEA,DIS,-1,1,1,1,,data\preprocessed\features\z_at\FAKE_T3_1075_IWL_DIS_XX__AUDIO_1075_IWL_FEA_XX_sadtalker.pt,data\preprocessed\features\z_v\FAKE_T3_1075_IWL_DIS_XX__AUDIO_1075_IWL_FEA_XX_sadtalker.pt
FAKE_T3_1075_IWL_HAP_XX__AUDIO_1075_IWL_NEU_XX_sadtalker,track3,1,crema_1075,NEU,HAP,-1,1,1,1,,data\preprocessed\features\z_at\FAKE_T3_1075_IWL_HAP_XX__AUDIO_1075_IWL_NEU_XX_sadtalker.pt,data\preprocessed\features\z_v\FAKE_T3_1075_IWL_HAP_XX__AUDIO_1075_IWL_NEU_XX_sadtalker.pt
FAKE_T3_1075_IWL_NEU_XX__AUDIO_1075_IWL_SAD_XX_sadtalker,track3,1,crema_1075,SAD,NEU,-1,1,1,1,,data\preprocessed\features\z_at\FAKE_T3_1075_IWL_NEU_XX__AUDIO_1075_IWL_SAD_XX_sadtalker.pt,data\preprocessed\features\z_v\FAKE_T3_1075_IWL_NEU_XX__AUDIO_1075_IWL_SAD_XX_sadtalker.pt
FAKE_T3_1075_IWW_FEA_XX__AUDIO_1075_IWW_HAP_XX_sadtalker,track3,1,crema_1075,HAP,FEA,-1,1,1,1,,data\preprocessed\features\z_at\FAKE_T3_1075_IWW_FEA_XX__AUDIO_1075_IWW_HAP_XX_sadtalker.pt,data\preprocessed\features\z_v\FAKE_T3_1075_IWW_FEA_XX__AUDIO_1075_IWW_HAP_XX_sadtalker.pt
FAKE_T3_1075_MTI_DIS_XX__AUDIO_1075_MTI_FEA_XX_sadtalker,track3,1,crema_1075,FEA,DIS,-1,1,1,1,,data\preprocessed\features\z_at\FAKE_T3_1075_MTI_DIS_XX__AUDIO_1075_MTI_FEA_XX_sadtalker.pt,data\preprocessed\features\z_v\FAKE_T3_1075_MTI_DIS_XX__AUDIO_1075_MTI_FEA_XX_sadtalker.pt
FAKE_T3_1075_MTI_FEA_XX__AUDIO_1075_MTI_HAP_XX_sadtalker,track3,1,crema_1075,HAP,FEA,-1,1,1,1,,data\preprocessed\features\z_at\FAKE_T3_1075_MTI_FEA_XX__AUDIO_1075_MTI_HAP_XX_sadtalker.pt,data\preprocessed\features\z_v\FAKE_T3_1075_MTI_FEA_XX__AUDIO_1075_MTI_HAP_XX_sadtalker.pt
FAKE_T3_1075_MTI_HAP_XX__AUDIO_1075_MTI_NEU_XX_sadtalker,track3,1,crema_1075,NEU,HAP,-1,1,1,1,,data\preprocessed\features\z_at\FAKE_T3_1075_MTI_HAP_XX__AUDIO_1075_MTI_NEU_XX_sadtalker.pt,data\preprocessed\features\z_v\FAKE_T3_1075_MTI_HAP_XX__AUDIO_1075_MTI_NEU_XX_sadtalker.pt
FAKE_T3_1075_TAI_ANG_XX__AUDIO_1075_TAI_DIS_XX_sadtalker,track3,1,crema_1075,DIS,ANG,-1,1,1,1,,data\preprocessed\features\z_at\FAKE_T3_1075_TAI_ANG_XX__AUDIO_1075_TAI_DIS_XX_sadtalker.pt,data\preprocessed\features\z_v\FAKE_T3_1075_TAI_ANG_XX__AUDIO_1075_TAI_DIS_XX_sadtalker.pt
FAKE_T3_1075_TAI_DIS_XX__AUDIO_1075_TAI_FEA_XX_sadtalker,track3,1,crema_1075,FEA,DIS,-1,1,1,1,,data\preprocessed\features\z_at\FAKE_T3_1075_TAI_DIS_XX__AUDIO_1075_TAI_FEA_XX_sadtalker.pt,data\preprocessed\features\z_v\FAKE_T3_1075_TAI_DIS_XX__AUDIO_1075_TAI_FEA_XX_sadtalker.pt
FAKE_T3_1075_TAI_FEA_XX__AUDIO_1075_TAI_HAP_XX_sadtalker,track3,1,crema_1075,HAP,FEA,-1,1,1,1,,data\preprocessed\features\z_at\FAKE_T3_1075_TAI_FEA_XX__AUDIO_1075_TAI_HAP_XX_sadtalker.pt,data\preprocessed\features\z_v\FAKE_T3_1075_TAI_FEA_XX__AUDIO_1075_TAI_HAP_XX_sadtalker.pt
FAKE_T3_1075_TAI_HAP_XX__AUDIO_1075_TAI_NEU_XX_sadtalker,track3,1,crema_1075,NEU,HAP,-1,1,1,1,,data\preprocessed\features\z_at\FAKE_T3_1075_TAI_HAP_XX__AUDIO_1075_TAI_NEU_XX_sadtalker.pt,data\preprocessed\features\z_v\FAKE_T3_1075_TAI_HAP_XX__AUDIO_1075_TAI_NEU_XX_sadtalker.pt
FAKE_T3_1075_TAI_NEU_XX__AUDIO_1075_TAI_SAD_XX_sadtalker,track3,1,crema_1075,SAD,NEU,-1,1,1,1,,data\preprocessed\features\z_at\FAKE_T3_1075_TAI_NEU_XX__AUDIO_1075_TAI_SAD_XX_sadtalker.pt,data\preprocessed\features\z_v\FAKE_T3_1075_TAI_NEU_XX__AUDIO_1075_TAI_SAD_XX_sadtalker.pt
FAKE_T3_1075_TAI_SAD_XX__AUDIO_1075_TAI_ANG_XX_sadtalker,track3,1,crema_1075,ANG,SAD,-1,1,1,1,,data\preprocessed\features\z_at\FAKE_T3_1075_TAI_SAD_XX__AUDIO_1075_TAI_ANG_XX_sadtalker.pt,data\preprocessed\features\z_v\FAKE_T3_1075_TAI_SAD_XX__AUDIO_1075_TAI_ANG_XX_sadtalker.pt
FAKE_T3_1075_TIE_DIS_XX__AUDIO_1075_TIE_FEA_XX_sadtalker,track3,1,crema_1075,FEA,DIS,-1,1,1,1,,data\preprocessed\features\z_at\FAKE_T3_1075_TIE_DIS_XX__AUDIO_1075_TIE_FEA_XX_sadtalker.pt,data\preprocessed\features\z_v\FAKE_T3_1075_TIE_DIS_XX__AUDIO_1075_TIE_FEA_XX_sadtalker.pt
FAKE_T3_1075_TIE_HAP_XX__AUDIO_1075_TIE_NEU_XX_sadtalker,track3,1,crema_1075,NEU,HAP,-1,1,1,1,,data\preprocessed\features\z_at\FAKE_T3_1075_TIE_HAP_XX__AUDIO_1075_TIE_NEU_XX_sadtalker.pt,data\preprocessed\features\z_v\FAKE_T3_1075_TIE_HAP_XX__AUDIO_1075_TIE_NEU_XX_sadtalker.pt
FAKE_T3_1075_TIE_SAD_XX__AUDIO_1075_TIE_ANG_XX_sadtalker,track3,1,crema_1075,ANG,SAD,-1,1,1,1,,data\preprocessed\features\z_at\FAKE_T3_1075_TIE_SAD_XX__AUDIO_1075_TIE_ANG_XX_sadtalker.pt,data\preprocessed\features\z_v\FAKE_T3_1075_TIE_SAD_XX__AUDIO_1075_TIE_ANG_XX_sadtalker.pt
FAKE_T3_1075_TSI_ANG_XX__AUDIO_1075_TSI_DIS_XX_sadtalker,track3,1,crema_1075,DIS,ANG,-1,1,1,1,,data\preprocessed\features\z_at\FAKE_T3_1075_TSI_ANG_XX__AUDIO_1075_TSI_DIS_XX_sadtalker.pt,data\preprocessed\features\z_v\FAKE_T3_1075_TSI_ANG_XX__AUDIO_1075_TSI_DIS_XX_sadtalker.pt
FAKE_T3_1075_TSI_SAD_XX__AUDIO_1075_TSI_ANG_XX_sadtalker,track3,1,crema_1075,ANG,SAD,-1,1,1,1,,data\preprocessed\features\z_at\FAKE_T3_1075_TSI_SAD_XX__AUDIO_1075_TSI_ANG_XX_sadtalker.pt,data\preprocessed\features\z_v\FAKE_T3_1075_TSI_SAD_XX__AUDIO_1075_TSI_ANG_XX_sadtalker.pt
FAKE_T3_1075_WSI_DIS_XX__AUDIO_1075_WSI_FEA_XX_sadtalker,track3,1,crema_1075,FEA,DIS,-1,1,1,1,,data\preprocessed\features\z_at\FAKE_T3_1075_WSI_DIS_XX__AUDIO_1075_WSI_FEA_XX_sadtalker.pt,data\preprocessed\features\z_v\FAKE_T3_1075_WSI_DIS_XX__AUDIO_1075_WSI_FEA_XX_sadtalker.pt
FAKE_T3_1075_WSI_SAD_XX__AUDIO_1075_WSI_ANG_XX_sadtalker,track3,1,crema_1075,ANG,SAD,-1,1,1,1,,data\preprocessed\features\z_at\FAKE_T3_1075_WSI_SAD_XX__AUDIO_1075_WSI_ANG_XX_sadtalker.pt,data\preprocessed\features\z_v\FAKE_T3_1075_WSI_SAD_XX__AUDIO_1075_WSI_ANG_XX_sadtalker.pt
FAKE_T3_1076_DFA_ANG_XX__AUDIO_1076_DFA_DIS_XX_sadtalker,track3,1,crema_1076,DIS,ANG,-1,1,1,1,,data\preprocessed\features\z_at\FAKE_T3_1076_DFA_ANG_XX__AUDIO_1076_DFA_DIS_XX_sadtalker.pt,data\preprocessed\features\z_v\FAKE_T3_1076_DFA_ANG_XX__AUDIO_1076_DFA_DIS_XX_sadtalker.pt
FAKE_T3_1076_IEO_ANG_LO__AUDIO_1076_IEO_DIS_LO_sadtalker,track3,1,crema_1076,DIS,ANG,-1,1,1,1,,data\preprocessed\features\z_at\FAKE_T3_1076_IEO_ANG_LO__AUDIO_1076_IEO_DIS_LO_sadtalker.pt,data\preprocessed\features\z_v\FAKE_T3_1076_IEO_ANG_LO__AUDIO_1076_IEO_DIS_LO_sadtalker.pt
FAKE_T3_1076_IEO_ANG_MD__AUDIO_1076_IEO_DIS_MD_sadtalker,track3,1,crema_1076,DIS,ANG,-1,1,1,1,,data\preprocessed\features\z_at\FAKE_T3_1076_IEO_ANG_MD__AUDIO_1076_IEO_DIS_MD_sadtalker.pt,data\preprocessed\features\z_v\FAKE_T3_1076_IEO_ANG_MD__AUDIO_1076_IEO_DIS_MD_sadtalker.pt
FAKE_T3_1076_IEO_DIS_HI__AUDIO_1076_IEO_FEA_HI_sadtalker,track3,1,crema_1076,FEA,DIS,-1,1,1,1,,data\preprocessed\features\z_at\FAKE_T3_1076_IEO_DIS_HI__AUDIO_1076_IEO_FEA_HI_sadtalker.pt,data\preprocessed\features\z_v\FAKE_T3_1076_IEO_DIS_HI__AUDIO_1076_IEO_FEA_HI_sadtalker.pt
FAKE_T3_1076_IEO_HAP_HI__AUDIO_1076_IEO_NEU_XX_sadtalker,track3,1,crema_1076,NEU,HAP,-1,1,1,1,,data\preprocessed\features\z_at\FAKE_T3_1076_IEO_HAP_HI__AUDIO_1076_IEO_NEU_XX_sadtalker.pt,data\preprocessed\features\z_v\FAKE_T3_1076_IEO_HAP_HI__AUDIO_1076_IEO_NEU_XX_sadtalker.pt
FAKE_T3_1076_IEO_HAP_LO__AUDIO_1076_IEO_NEU_XX_sadtalker,track3,1,crema_1076,NEU,HAP,-1,1,1,1,,data\preprocessed\features\z_at\FAKE_T3_1076_IEO_HAP_LO__AUDIO_1076_IEO_NEU_XX_sadtalker.pt,data\preprocessed\features\z_v\FAKE_T3_1076_IEO_HAP_LO__AUDIO_1076_IEO_NEU_XX_sadtalker.pt
FAKE_T3_1076_IEO_HAP_MD__AUDIO_1076_IEO_NEU_XX_sadtalker,track3,1,crema_1076,NEU,HAP,-1,1,1,1,,data\preprocessed\features\z_at\FAKE_T3_1076_IEO_HAP_MD__AUDIO_1076_IEO_NEU_XX_sadtalker.pt,data\preprocessed\features\z_v\FAKE_T3_1076_IEO_HAP_MD__AUDIO_1076_IEO_NEU_XX_sadtalker.pt
FAKE_T3_1076_IEO_SAD_HI__AUDIO_1076_IEO_ANG_HI_sadtalker,track3,1,crema_1076,ANG,SAD,-1,1,1,1,,data\preprocessed\features\z_at\FAKE_T3_1076_IEO_SAD_HI__AUDIO_1076_IEO_ANG_HI_sadtalker.pt,data\preprocessed\features\z_v\FAKE_T3_1076_IEO_SAD_HI__AUDIO_1076_IEO_ANG_HI_sadtalker.pt
FAKE_T3_1076_IEO_SAD_MD__AUDIO_1076_IEO_ANG_MD_sadtalker,track3,1,crema_1076,ANG,SAD,-1,1,1,1,,data\preprocessed\features\z_at\FAKE_T3_1076_IEO_SAD_MD__AUDIO_1076_IEO_ANG_MD_sadtalker.pt,data\preprocessed\features\z_v\FAKE_T3_1076_IEO_SAD_MD__AUDIO_1076_IEO_ANG_MD_sadtalker.pt
FAKE_T3_1076_IOM_ANG_XX__AUDIO_1076_IOM_DIS_XX_sadtalker,track3,1,crema_1076,DIS,ANG,-1,1,1,1,,data\preprocessed\features\z_at\FAKE_T3_1076_IOM_ANG_XX__AUDIO_1076_IOM_DIS_XX_sadtalker.pt,data\preprocessed\features\z_v\FAKE_T3_1076_IOM_ANG_XX__AUDIO_1076_IOM_DIS_XX_sadtalker.pt
FAKE_T3_1076_IOM_DIS_XX__AUDIO_1076_IOM_FEA_XX_sadtalker,track3,1,crema_1076,FEA,DIS,-1,1,1,1,,data\preprocessed\features\z_at\FAKE_T3_1076_IOM_DIS_XX__AUDIO_1076_IOM_FEA_XX_sadtalker.pt,data\preprocessed\features\z_v\FAKE_T3_1076_IOM_DIS_XX__AUDIO_1076_IOM_FEA_XX_sadtalker.pt
FAKE_T3_1076_IOM_NEU_XX__AUDIO_1076_IOM_SAD_XX_sadtalker,track3,1,crema_1076,SAD,NEU,-1,1,1,1,,data\preprocessed\features\z_at\FAKE_T3_1076_IOM_NEU_XX__AUDIO_1076_IOM_SAD_XX_sadtalker.pt,data\preprocessed\features\z_v\FAKE_T3_1076_IOM_NEU_XX__AUDIO_1076_IOM_SAD_XX_sadtalker.pt
FAKE_T3_1076_IOM_SAD_XX__AUDIO_1076_IOM_ANG_XX_sadtalker,track3,1,crema_1076,ANG,SAD,-1,1,1,1,,data\preprocessed\features\z_at\FAKE_T3_1076_IOM_SAD_XX__AUDIO_1076_IOM_ANG_XX_sadtalker.pt,data\preprocessed\features\z_v\FAKE_T3_1076_IOM_SAD_XX__AUDIO_1076_IOM_ANG_XX_sadtalker.pt
FAKE_T3_1076_ITH_FEA_XX__AUDIO_1076_ITH_HAP_XX_sadtalker,track3,1,crema_1076,HAP,FEA,-1,1,1,1,,data\preprocessed\features\z_at\FAKE_T3_1076_ITH_FEA_XX__AUDIO_1076_ITH_HAP_XX_sadtalker.pt,data\preprocessed\features\z_v\FAKE_T3_1076_ITH_FEA_XX__AUDIO_1076_ITH_HAP_XX_sadtalker.pt
FAKE_T3_1076_ITH_HAP_XX__AUDIO_1076_ITH_NEU_XX_sadtalker,track3,1,crema_1076,NEU,HAP,-1,1,1,1,,data\preprocessed\features\z_at\FAKE_T3_1076_ITH_HAP_XX__AUDIO_1076_ITH_NEU_XX_sadtalker.pt,data\preprocessed\features\z_v\FAKE_T3_1076_ITH_HAP_XX__AUDIO_1076_ITH_NEU_XX_sadtalker.pt
FAKE_T3_1076_ITH_NEU_XX__AUDIO_1076_ITH_SAD_XX_sadtalker,track3,1,crema_1076,SAD,NEU,-1,1,1,1,,data\preprocessed\features\z_at\FAKE_T3_1076_ITH_NEU_XX__AUDIO_1076_ITH_SAD_XX_sadtalker.pt,data\preprocessed\features\z_v\FAKE_T3_1076_ITH_NEU_XX__AUDIO_1076_ITH_SAD_XX_sadtalker.pt
FAKE_T3_1076_ITH_SAD_XX__AUDIO_1076_ITH_ANG_XX_sadtalker,track3,1,crema_1076,ANG,SAD,-1,1,1,1,,data\preprocessed\features\z_at\FAKE_T3_1076_ITH_SAD_XX__AUDIO_1076_ITH_ANG_XX_sadtalker.pt,data\preprocessed\features\z_v\FAKE_T3_1076_ITH_SAD_XX__AUDIO_1076_ITH_ANG_XX_sadtalker.pt
FAKE_T3_1076_ITS_DIS_XX__AUDIO_1076_ITS_FEA_XX_sadtalker,track3,1,crema_1076,FEA,DIS,-1,1,1,1,,data\preprocessed\features\z_at\FAKE_T3_1076_ITS_DIS_XX__AUDIO_1076_ITS_FEA_XX_sadtalker.pt,data\preprocessed\features\z_v\FAKE_T3_1076_ITS_DIS_XX__AUDIO_1076_ITS_FEA_XX_sadtalker.pt
FAKE_T3_1076_ITS_HAP_XX__AUDIO_1076_ITS_ANG_XX_sadtalker,track3,1,crema_1076,ANG,HAP,-1,1,1,1,,data\preprocessed\features\z_at\FAKE_T3_1076_ITS_HAP_XX__AUDIO_1076_ITS_ANG_XX_sadtalker.pt,data\preprocessed\features\z_v\FAKE_T3_1076_ITS_HAP_XX__AUDIO_1076_ITS_ANG_XX_sadtalker.pt
FAKE_T3_1076_ITS_SAD_XX__AUDIO_1076_ITS_ANG_XX_sadtalker,track3,1,crema_1076,ANG,SAD,-1,1,1,1,,data\preprocessed\features\z_at\FAKE_T3_1076_ITS_SAD_XX__AUDIO_1076_ITS_ANG_XX_sadtalker.pt,data\preprocessed\features\z_v\FAKE_T3_1076_ITS_SAD_XX__AUDIO_1076_ITS_ANG_XX_sadtalker.pt
FAKE_T3_1076_IWL_ANG_XX__AUDIO_1076_IWL_DIS_XX_sadtalker,track3,1,crema_1076,DIS,ANG,-1,1,1,1,,data\preprocessed\features\z_at\FAKE_T3_1076_IWL_ANG_XX__AUDIO_1076_IWL_DIS_XX_sadtalker.pt,data\preprocessed\features\z_v\FAKE_T3_1076_IWL_ANG_XX__AUDIO_1076_IWL_DIS_XX_sadtalker.pt
FAKE_T3_1076_IWL_DIS_XX__AUDIO_1076_IWL_FEA_XX_sadtalker,track3,1,crema_1076,FEA,DIS,-1,1,1,1,,data\preprocessed\features\z_at\FAKE_T3_1076_IWL_DIS_XX__AUDIO_1076_IWL_FEA_XX_sadtalker.pt,data\preprocessed\features\z_v\FAKE_T3_1076_IWL_DIS_XX__AUDIO_1076_IWL_FEA_XX_sadtalker.pt
FAKE_T3_1076_IWL_FEA_XX__AUDIO_1076_IWL_HAP_XX_sadtalker,track3,1,crema_1076,HAP,FEA,-1,1,1,1,,data\preprocessed\features\z_at\FAKE_T3_1076_IWL_FEA_XX__AUDIO_1076_IWL_HAP_XX_sadtalker.pt,data\preprocessed\features\z_v\FAKE_T3_1076_IWL_FEA_XX__AUDIO_1076_IWL_HAP_XX_sadtalker.pt
FAKE_T3_1076_IWW_NEU_XX__AUDIO_1076_IWW_SAD_XX_sadtalker,track3,1,crema_1076,SAD,NEU,-1,1,1,1,,data\preprocessed\features\z_at\FAKE_T3_1076_IWW_NEU_XX__AUDIO_1076_IWW_SAD_XX_sadtalker.pt,data\preprocessed\features\z_v\FAKE_T3_1076_IWW_NEU_XX__AUDIO_1076_IWW_SAD_XX_sadtalker.pt
FAKE_T3_1076_IWW_SAD_XX__AUDIO_1076_IWW_ANG_XX_sadtalker,track3,1,crema_1076,ANG,SAD,-1,1,1,1,,data\preprocessed\features\z_at\FAKE_T3_1076_IWW_SAD_XX__AUDIO_1076_IWW_ANG_XX_sadtalker.pt,data\preprocessed\features\z_v\FAKE_T3_1076_IWW_SAD_XX__AUDIO_1076_IWW_ANG_XX_sadtalker.pt
FAKE_T3_1076_MTI_ANG_XX__AUDIO_1076_MTI_DIS_XX_sadtalker,track3,1,crema_1076,DIS,ANG,-1,1,1,1,,data\preprocessed\features\z_at\FAKE_T3_1076_MTI_ANG_XX__AUDIO_1076_MTI_DIS_XX_sadtalker.pt,data\preprocessed\features\z_v\FAKE_T3_1076_MTI_ANG_XX__AUDIO_1076_MTI_DIS_XX_sadtalker.pt
FAKE_T3_1076_MTI_HAP_XX__AUDIO_1076_MTI_NEU_XX_sadtalker,track3,1,crema_1076,NEU,HAP,-1,1,1,1,,data\preprocessed\features\z_at\FAKE_T3_1076_MTI_HAP_XX__AUDIO_1076_MTI_NEU_XX_sadtalker.pt,data\preprocessed\features\z_v\FAKE_T3_1076_MTI_HAP_XX__AUDIO_1076_MTI_NEU_XX_sadtalker.pt
FAKE_T3_1076_MTI_NEU_XX__AUDIO_1076_MTI_SAD_XX_sadtalker,track3,1,crema_1076,SAD,NEU,-1,1,1,1,,data\preprocessed\features\z_at\FAKE_T3_1076_MTI_NEU_XX__AUDIO_1076_MTI_SAD_XX_sadtalker.pt,data\preprocessed\features\z_v\FAKE_T3_1076_MTI_NEU_XX__AUDIO_1076_MTI_SAD_XX_sadtalker.pt
FAKE_T3_1076_TAI_ANG_XX__AUDIO_1076_TAI_DIS_XX_sadtalker,track3,1,crema_1076,DIS,ANG,-1,1,1,1,,data\preprocessed\features\z_at\FAKE_T3_1076_TAI_ANG_XX__AUDIO_1076_TAI_DIS_XX_sadtalker.pt,data\preprocessed\features\z_v\FAKE_T3_1076_TAI_ANG_XX__AUDIO_1076_TAI_DIS_XX_sadtalker.pt
FAKE_T3_1076_TAI_FEA_XX__AUDIO_1076_TAI_HAP_XX_sadtalker,track3,1,crema_1076,HAP,FEA,-1,1,1,1,,data\preprocessed\features\z_at\FAKE_T3_1076_TAI_FEA_XX__AUDIO_1076_TAI_HAP_XX_sadtalker.pt,data\preprocessed\features\z_v\FAKE_T3_1076_TAI_FEA_XX__AUDIO_1076_TAI_HAP_XX_sadtalker.pt
FAKE_T3_1076_TAI_HAP_XX__AUDIO_1076_TAI_NEU_XX_sadtalker,track3,1,crema_1076,NEU,HAP,-1,1,1,1,,data\preprocessed\features\z_at\FAKE_T3_1076_TAI_HAP_XX__AUDIO_1076_TAI_NEU_XX_sadtalker.pt,data\preprocessed\features\z_v\FAKE_T3_1076_TAI_HAP_XX__AUDIO_1076_TAI_NEU_XX_sadtalker.pt
FAKE_T3_1076_TIE_ANG_XX__AUDIO_1076_TIE_DIS_XX_sadtalker,track3,1,crema_1076,DIS,ANG,-1,1,1,1,,data\preprocessed\features\z_at\FAKE_T3_1076_TIE_ANG_XX__AUDIO_1076_TIE_DIS_XX_sadtalker.pt,data\preprocessed\features\z_v\FAKE_T3_1076_TIE_ANG_XX__AUDIO_1076_TIE_DIS_XX_sadtalker.pt
FAKE_T3_1076_TIE_FEA_XX__AUDIO_1076_TIE_HAP_XX_sadtalker,track3,1,crema_1076,HAP,FEA,-1,1,1,1,,data\preprocessed\features\z_at\FAKE_T3_1076_TIE_FEA_XX__AUDIO_1076_TIE_HAP_XX_sadtalker.pt,data\preprocessed\features\z_v\FAKE_T3_1076_TIE_FEA_XX__AUDIO_1076_TIE_HAP_XX_sadtalker.pt
FAKE_T3_1076_TIE_HAP_XX__AUDIO_1076_TIE_NEU_XX_sadtalker,track3,1,crema_1076,NEU,HAP,-1,1,1,1,,data\preprocessed\features\z_at\FAKE_T3_1076_TIE_HAP_XX__AUDIO_1076_TIE_NEU_XX_sadtalker.pt,data\preprocessed\features\z_v\FAKE_T3_1076_TIE_HAP_XX__AUDIO_1076_TIE_NEU_XX_sadtalker.pt
FAKE_T3_1076_TIE_NEU_XX__AUDIO_1076_TIE_SAD_XX_sadtalker,track3,1,crema_1076,SAD,NEU,-1,1,1,1,,data\preprocessed\features\z_at\FAKE_T3_1076_TIE_NEU_XX__AUDIO_1076_TIE_SAD_XX_sadtalker.pt,data\preprocessed\features\z_v\FAKE_T3_1076_TIE_NEU_XX__AUDIO_1076_TIE_SAD_XX_sadtalker.pt
FAKE_T3_1076_TSI_DIS_XX__AUDIO_1076_TSI_FEA_XX_sadtalker,track3,1,crema_1076,FEA,DIS,-1,1,1,1,,data\preprocessed\features\z_at\FAKE_T3_1076_TSI_DIS_XX__AUDIO_1076_TSI_FEA_XX_sadtalker.pt,data\preprocessed\features\z_v\FAKE_T3_1076_TSI_DIS_XX__AUDIO_1076_TSI_FEA_XX_sadtalker.pt
FAKE_T3_1076_TSI_FEA_XX__AUDIO_1076_TSI_HAP_XX_sadtalker,track3,1,crema_1076,HAP,FEA,-1,1,1,1,,data\preprocessed\features\z_at\FAKE_T3_1076_TSI_FEA_XX__AUDIO_1076_TSI_HAP_XX_sadtalker.pt,data\preprocessed\features\z_v\FAKE_T3_1076_TSI_FEA_XX__AUDIO_1076_TSI_HAP_XX_sadtalker.pt
FAKE_T3_1076_TSI_HAP_XX__AUDIO_1076_TSI_NEU_XX_sadtalker,track3,1,crema_1076,NEU,HAP,-1,1,1,1,,data\preprocessed\features\z_at\FAKE_T3_1076_TSI_HAP_XX__AUDIO_1076_TSI_NEU_XX_sadtalker.pt,data\preprocessed\features\z_v\FAKE_T3_1076_TSI_HAP_XX__AUDIO_1076_TSI_NEU_XX_sadtalker.pt
FAKE_T3_1076_WSI_FEA_XX__AUDIO_1076_WSI_HAP_XX_sadtalker,track3,1,crema_1076,HAP,FEA,-1,1,1,1,,data\preprocessed\features\z_at\FAKE_T3_1076_WSI_FEA_XX__AUDIO_1076_WSI_HAP_XX_sadtalker.pt,data\preprocessed\features\z_v\FAKE_T3_1076_WSI_FEA_XX__AUDIO_1076_WSI_HAP_XX_sadtalker.pt
FAKE_T3_1076_WSI_HAP_XX__AUDIO_1076_WSI_NEU_XX_sadtalker,track3,1,crema_1076,NEU,HAP,-1,1,1,1,,data\preprocessed\features\z_at\FAKE_T3_1076_WSI_HAP_XX__AUDIO_1076_WSI_NEU_XX_sadtalker.pt,data\preprocessed\features\z_v\FAKE_T3_1076_WSI_HAP_XX__AUDIO_1076_WSI_NEU_XX_sadtalker.pt
FAKE_T3_1076_WSI_SAD_XX__AUDIO_1076_WSI_ANG_XX_sadtalker,track3,1,crema_1076,ANG,SAD,-1,1,1,1,,data\preprocessed\features\z_at\FAKE_T3_1076_WSI_SAD_XX__AUDIO_1076_WSI_ANG_XX_sadtalker.pt,data\preprocessed\features\z_v\FAKE_T3_1076_WSI_SAD_XX__AUDIO_1076_WSI_ANG_XX_sadtalker.pt
FAKE_T3_1077_DFA_HAP_XX__AUDIO_1077_DFA_NEU_XX_sadtalker,track3,1,crema_1077,NEU,HAP,-1,1,1,1,,data\preprocessed\features\z_at\FAKE_T3_1077_DFA_HAP_XX__AUDIO_1077_DFA_NEU_XX_sadtalker.pt,data\preprocessed\features\z_v\FAKE_T3_1077_DFA_HAP_XX__AUDIO_1077_DFA_NEU_XX_sadtalker.pt
FAKE_T3_1077_IEO_ANG_HI__AUDIO_1077_IEO_DIS_HI_sadtalker,track3,1,crema_1077,DIS,ANG,-1,1,1,1,,data\preprocessed\features\z_at\FAKE_T3_1077_IEO_ANG_HI__AUDIO_1077_IEO_DIS_HI_sadtalker.pt,data\preprocessed\features\z_v\FAKE_T3_1077_IEO_ANG_HI__AUDIO_1077_IEO_DIS_HI_sadtalker.pt
FAKE_T3_1077_IEO_ANG_LO__AUDIO_1077_IEO_DIS_LO_sadtalker,track3,1,crema_1077,DIS,ANG,-1,1,1,1,,data\preprocessed\features\z_at\FAKE_T3_1077_IEO_ANG_LO__AUDIO_1077_IEO_DIS_LO_sadtalker.pt,data\preprocessed\features\z_v\FAKE_T3_1077_IEO_ANG_LO__AUDIO_1077_IEO_DIS_LO_sadtalker.pt
FAKE_T3_1077_IEO_DIS_HI__AUDIO_1077_IEO_FEA_HI_sadtalker,track3,1,crema_1077,FEA,DIS,-1,1,1,1,,data\preprocessed\features\z_at\FAKE_T3_1077_IEO_DIS_HI__AUDIO_1077_IEO_FEA_HI_sadtalker.pt,data\preprocessed\features\z_v\FAKE_T3_1077_IEO_DIS_HI__AUDIO_1077_IEO_FEA_HI_sadtalker.pt
FAKE_T3_1077_IEO_DIS_LO__AUDIO_1077_IEO_FEA_LO_sadtalker,track3,1,crema_1077,FEA,DIS,-1,1,1,1,,data\preprocessed\features\z_at\FAKE_T3_1077_IEO_DIS_LO__AUDIO_1077_IEO_FEA_LO_sadtalker.pt,data\preprocessed\features\z_v\FAKE_T3_1077_IEO_DIS_LO__AUDIO_1077_IEO_FEA_LO_sadtalker.pt
FAKE_T3_1077_IEO_HAP_HI__AUDIO_1077_IEO_NEU_XX_sadtalker,track3,1,crema_1077,NEU,HAP,-1,1,1,1,,data\preprocessed\features\z_at\FAKE_T3_1077_IEO_HAP_HI__AUDIO_1077_IEO_NEU_XX_sadtalker.pt,data\preprocessed\features\z_v\FAKE_T3_1077_IEO_HAP_HI__AUDIO_1077_IEO_NEU_XX_sadtalker.pt
FAKE_T3_1077_IEO_HAP_LO__AUDIO_1077_IEO_NEU_XX_sadtalker,track3,1,crema_1077,NEU,HAP,-1,1,1,1,,data\preprocessed\features\z_at\FAKE_T3_1077_IEO_HAP_LO__AUDIO_1077_IEO_NEU_XX_sadtalker.pt,data\preprocessed\features\z_v\FAKE_T3_1077_IEO_HAP_LO__AUDIO_1077_IEO_NEU_XX_sadtalker.pt
FAKE_T3_1077_IEO_NEU_XX__AUDIO_1077_IEO_SAD_HI_sadtalker,track3,1,crema_1077,SAD,NEU,-1,1,1,1,,data\preprocessed\features\z_at\FAKE_T3_1077_IEO_NEU_XX__AUDIO_1077_IEO_SAD_HI_sadtalker.pt,data\preprocessed\features\z_v\FAKE_T3_1077_IEO_NEU_XX__AUDIO_1077_IEO_SAD_HI_sadtalker.pt
FAKE_T3_1077_IOM_ANG_XX__AUDIO_1077_IOM_DIS_XX_sadtalker,track3,1,crema_1077,DIS,ANG,-1,1,1,1,,data\preprocessed\features\z_at\FAKE_T3_1077_IOM_ANG_XX__AUDIO_1077_IOM_DIS_XX_sadtalker.pt,data\preprocessed\features\z_v\FAKE_T3_1077_IOM_ANG_XX__AUDIO_1077_IOM_DIS_XX_sadtalker.pt
FAKE_T3_1077_IOM_DIS_XX__AUDIO_1077_IOM_FEA_XX_sadtalker,track3,1,crema_1077,FEA,DIS,-1,1,1,1,,data\preprocessed\features\z_at\FAKE_T3_1077_IOM_DIS_XX__AUDIO_1077_IOM_FEA_XX_sadtalker.pt,data\preprocessed\features\z_v\FAKE_T3_1077_IOM_DIS_XX__AUDIO_1077_IOM_FEA_XX_sadtalker.pt
FAKE_T3_1077_IOM_FEA_XX__AUDIO_1077_IOM_HAP_XX_sadtalker,track3,1,crema_1077,HAP,FEA,-1,1,1,1,,data\preprocessed\features\z_at\FAKE_T3_1077_IOM_FEA_XX__AUDIO_1077_IOM_HAP_XX_sadtalker.pt,data\preprocessed\features\z_v\FAKE_T3_1077_IOM_FEA_XX__AUDIO_1077_IOM_HAP_XX_sadtalker.pt
FAKE_T3_1077_IOM_HAP_XX__AUDIO_1077_IOM_NEU_XX_sadtalker,track3,1,crema_1077,NEU,HAP,-1,1,1,1,,data\preprocessed\features\z_at\FAKE_T3_1077_IOM_HAP_XX__AUDIO_1077_IOM_NEU_XX_sadtalker.pt,data\preprocessed\features\z_v\FAKE_T3_1077_IOM_HAP_XX__AUDIO_1077_IOM_NEU_XX_sadtalker.pt
FAKE_T3_1077_IOM_NEU_XX__AUDIO_1077_IOM_SAD_XX_sadtalker,track3,1,crema_1077,SAD,NEU,-1,1,1,1,,data\preprocessed\features\z_at\FAKE_T3_1077_IOM_NEU_XX__AUDIO_1077_IOM_SAD_XX_sadtalker.pt,data\preprocessed\features\z_v\FAKE_T3_1077_IOM_NEU_XX__AUDIO_1077_IOM_SAD_XX_sadtalker.pt
FAKE_T3_1077_IOM_SAD_XX__AUDIO_1077_IOM_ANG_XX_sadtalker,track3,1,crema_1077,ANG,SAD,-1,1,1,1,,data\preprocessed\features\z_at\FAKE_T3_1077_IOM_SAD_XX__AUDIO_1077_IOM_ANG_XX_sadtalker.pt,data\preprocessed\features\z_v\FAKE_T3_1077_IOM_SAD_XX__AUDIO_1077_IOM_ANG_XX_sadtalker.pt
FAKE_T3_1077_ITH_ANG_XX__AUDIO_1077_ITH_DIS_XX_sadtalker,track3,1,crema_1077,DIS,ANG,-1,1,1,1,,data\preprocessed\features\z_at\FAKE_T3_1077_ITH_ANG_XX__AUDIO_1077_ITH_DIS_XX_sadtalker.pt,data\preprocessed\features\z_v\FAKE_T3_1077_ITH_ANG_XX__AUDIO_1077_ITH_DIS_XX_sadtalker.pt
FAKE_T3_1077_ITH_FEA_XX__AUDIO_1077_ITH_HAP_XX_sadtalker,track3,1,crema_1077,HAP,FEA,-1,1,1,1,,data\preprocessed\features\z_at\FAKE_T3_1077_ITH_FEA_XX__AUDIO_1077_ITH_HAP_XX_sadtalker.pt,data\preprocessed\features\z_v\FAKE_T3_1077_ITH_FEA_XX__AUDIO_1077_ITH_HAP_XX_sadtalker.pt
FAKE_T3_1077_ITS_ANG_XX__AUDIO_1077_ITS_DIS_XX_sadtalker,track3,1,crema_1077,DIS,ANG,-1,1,1,1,,data\preprocessed\features\z_at\FAKE_T3_1077_ITS_ANG_XX__AUDIO_1077_ITS_DIS_XX_sadtalker.pt,data\preprocessed\features\z_v\FAKE_T3_1077_ITS_ANG_XX__AUDIO_1077_ITS_DIS_XX_sadtalker.pt
FAKE_T3_1077_ITS_FEA_XX__AUDIO_1077_ITS_HAP_XX_sadtalker,track3,1,crema_1077,HAP,FEA,-1,1,1,1,,data\preprocessed\features\z_at\FAKE_T3_1077_ITS_FEA_XX__AUDIO_1077_ITS_HAP_XX_sadtalker.pt,data\preprocessed\features\z_v\FAKE_T3_1077_ITS_FEA_XX__AUDIO_1077_ITS_HAP_XX_sadtalker.pt
FAKE_T3_1077_ITS_HAP_XX__AUDIO_1077_ITS_NEU_XX_sadtalker,track3,1,crema_1077,NEU,HAP,-1,1,1,1,,data\preprocessed\features\z_at\FAKE_T3_1077_ITS_HAP_XX__AUDIO_1077_ITS_NEU_XX_sadtalker.pt,data\preprocessed\features\z_v\FAKE_T3_1077_ITS_HAP_XX__AUDIO_1077_ITS_NEU_XX_sadtalker.pt
FAKE_T3_1077_ITS_NEU_XX__AUDIO_1077_ITS_SAD_XX_sadtalker,track3,1,crema_1077,SAD,NEU,-1,1,1,1,,data\preprocessed\features\z_at\FAKE_T3_1077_ITS_NEU_XX__AUDIO_1077_ITS_SAD_XX_sadtalker.pt,data\preprocessed\features\z_v\FAKE_T3_1077_ITS_NEU_XX__AUDIO_1077_ITS_SAD_XX_sadtalker.pt
FAKE_T3_1077_ITS_SAD_XX__AUDIO_1077_ITS_ANG_XX_sadtalker,track3,1,crema_1077,ANG,SAD,-1,1,1,1,,data\preprocessed\features\z_at\FAKE_T3_1077_ITS_SAD_XX__AUDIO_1077_ITS_ANG_XX_sadtalker.pt,data\preprocessed\features\z_v\FAKE_T3_1077_ITS_SAD_XX__AUDIO_1077_ITS_ANG_XX_sadtalker.pt
FAKE_T3_1077_IWL_DIS_XX__AUDIO_1077_IWL_FEA_XX_sadtalker,track3,1,crema_1077,FEA,DIS,-1,1,1,1,,data\preprocessed\features\z_at\FAKE_T3_1077_IWL_DIS_XX__AUDIO_1077_IWL_FEA_XX_sadtalker.pt,data\preprocessed\features\z_v\FAKE_T3_1077_IWL_DIS_XX__AUDIO_1077_IWL_FEA_XX_sadtalker.pt
FAKE_T3_1077_IWL_FEA_XX__AUDIO_1077_IWL_HAP_XX_sadtalker,track3,1,crema_1077,HAP,FEA,-1,1,1,1,,data\preprocessed\features\z_at\FAKE_T3_1077_IWL_FEA_XX__AUDIO_1077_IWL_HAP_XX_sadtalker.pt,data\preprocessed\features\z_v\FAKE_T3_1077_IWL_FEA_XX__AUDIO_1077_IWL_HAP_XX_sadtalker.pt
FAKE_T3_1077_IWW_ANG_XX__AUDIO_1077_IWW_DIS_XX_sadtalker,track3,1,crema_1077,DIS,ANG,-1,1,1,1,,data\preprocessed\features\z_at\FAKE_T3_1077_IWW_ANG_XX__AUDIO_1077_IWW_DIS_XX_sadtalker.pt,data\preprocessed\features\z_v\FAKE_T3_1077_IWW_ANG_XX__AUDIO_1077_IWW_DIS_XX_sadtalker.pt
FAKE_T3_1077_IWW_HAP_XX__AUDIO_1077_IWW_NEU_XX_sadtalker,track3,1,crema_1077,NEU,HAP,-1,1,1,1,,data\preprocessed\features\z_at\FAKE_T3_1077_IWW_HAP_XX__AUDIO_1077_IWW_NEU_XX_sadtalker.pt,data\preprocessed\features\z_v\FAKE_T3_1077_IWW_HAP_XX__AUDIO_1077_IWW_NEU_XX_sadtalker.pt
FAKE_T3_1077_IWW_SAD_XX__AUDIO_1077_IWW_ANG_XX_sadtalker,track3,1,crema_1077,ANG,SAD,-1,1,1,1,,data\preprocessed\features\z_at\FAKE_T3_1077_IWW_SAD_XX__AUDIO_1077_IWW_ANG_XX_sadtalker.pt,data\preprocessed\features\z_v\FAKE_T3_1077_IWW_SAD_XX__AUDIO_1077_IWW_ANG_XX_sadtalker.pt
FAKE_T3_1077_MTI_DIS_XX__AUDIO_1077_MTI_FEA_XX_sadtalker,track3,1,crema_1077,FEA,DIS,-1,1,1,1,,data\preprocessed\features\z_at\FAKE_T3_1077_MTI_DIS_XX__AUDIO_1077_MTI_FEA_XX_sadtalker.pt,data\preprocessed\features\z_v\FAKE_T3_1077_MTI_DIS_XX__AUDIO_1077_MTI_FEA_XX_sadtalker.pt
FAKE_T3_1077_MTI_HAP_XX__AUDIO_1077_MTI_NEU_XX_sadtalker,track3,1,crema_1077,NEU,HAP,-1,1,1,1,,data\preprocessed\features\z_at\FAKE_T3_1077_MTI_HAP_XX__AUDIO_1077_MTI_NEU_XX_sadtalker.pt,data\preprocessed\features\z_v\FAKE_T3_1077_MTI_HAP_XX__AUDIO_1077_MTI_NEU_XX_sadtalker.pt
FAKE_T3_1077_MTI_SAD_XX__AUDIO_1077_MTI_ANG_XX_sadtalker,track3,1,crema_1077,ANG,SAD,-1,1,1,1,,data\preprocessed\features\z_at\FAKE_T3_1077_MTI_SAD_XX__AUDIO_1077_MTI_ANG_XX_sadtalker.pt,data\preprocessed\features\z_v\FAKE_T3_1077_MTI_SAD_XX__AUDIO_1077_MTI_ANG_XX_sadtalker.pt
FAKE_T3_1077_TAI_DIS_XX__AUDIO_1077_TAI_FEA_XX_sadtalker,track3,1,crema_1077,FEA,DIS,-1,1,1,1,,data\preprocessed\features\z_at\FAKE_T3_1077_TAI_DIS_XX__AUDIO_1077_TAI_FEA_XX_sadtalker.pt,data\preprocessed\features\z_v\FAKE_T3_1077_TAI_DIS_XX__AUDIO_1077_TAI_FEA_XX_sadtalker.pt
FAKE_T3_1077_TIE_ANG_XX__AUDIO_1077_TIE_DIS_XX_sadtalker,track3,1,crema_1077,DIS,ANG,-1,1,1,1,,data\preprocessed\features\z_at\FAKE_T3_1077_TIE_ANG_XX__AUDIO_1077_TIE_DIS_XX_sadtalker.pt,data\preprocessed\features\z_v\FAKE_T3_1077_TIE_ANG_XX__AUDIO_1077_TIE_DIS_XX_sadtalker.pt
FAKE_T3_1077_TIE_DIS_XX__AUDIO_1077_TIE_FEA_XX_sadtalker,track3,1,crema_1077,FEA,DIS,-1,1,1,1,,data\preprocessed\features\z_at\FAKE_T3_1077_TIE_DIS_XX__AUDIO_1077_TIE_FEA_XX_sadtalker.pt,data\preprocessed\features\z_v\FAKE_T3_1077_TIE_DIS_XX__AUDIO_1077_TIE_FEA_XX_sadtalker.pt
FAKE_T3_1077_TIE_FEA_XX__AUDIO_1077_TIE_HAP_XX_sadtalker,track3,1,crema_1077,HAP,FEA,-1,1,1,1,,data\preprocessed\features\z_at\FAKE_T3_1077_TIE_FEA_XX__AUDIO_1077_TIE_HAP_XX_sadtalker.pt,data\preprocessed\features\z_v\FAKE_T3_1077_TIE_FEA_XX__AUDIO_1077_TIE_HAP_XX_sadtalker.pt
FAKE_T3_1077_TIE_NEU_XX__AUDIO_1077_TIE_SAD_XX_sadtalker,track3,1,crema_1077,SAD,NEU,-1,1,1,1,,data\preprocessed\features\z_at\FAKE_T3_1077_TIE_NEU_XX__AUDIO_1077_TIE_SAD_XX_sadtalker.pt,data\preprocessed\features\z_v\FAKE_T3_1077_TIE_NEU_XX__AUDIO_1077_TIE_SAD_XX_sadtalker.pt
FAKE_T3_1077_TIE_SAD_XX__AUDIO_1077_TIE_ANG_XX_sadtalker,track3,1,crema_1077,ANG,SAD,-1,1,1,1,,data\preprocessed\features\z_at\FAKE_T3_1077_TIE_SAD_XX__AUDIO_1077_TIE_ANG_XX_sadtalker.pt,data\preprocessed\features\z_v\FAKE_T3_1077_TIE_SAD_XX__AUDIO_1077_TIE_ANG_XX_sadtalker.pt
FAKE_T3_1077_TSI_ANG_XX__AUDIO_1077_TSI_DIS_XX_sadtalker,track3,1,crema_1077,DIS,ANG,-1,1,1,1,,data\preprocessed\features\z_at\FAKE_T3_1077_TSI_ANG_XX__AUDIO_1077_TSI_DIS_XX_sadtalker.pt,data\preprocessed\features\z_v\FAKE_T3_1077_TSI_ANG_XX__AUDIO_1077_TSI_DIS_XX_sadtalker.pt
FAKE_T3_1077_TSI_DIS_XX__AUDIO_1077_TSI_FEA_XX_sadtalker,track3,1,crema_1077,FEA,DIS,-1,1,1,1,,data\preprocessed\features\z_at\FAKE_T3_1077_TSI_DIS_XX__AUDIO_1077_TSI_FEA_XX_sadtalker.pt,data\preprocessed\features\z_v\FAKE_T3_1077_TSI_DIS_XX__AUDIO_1077_TSI_FEA_XX_sadtalker.pt
FAKE_T3_1077_TSI_FEA_XX__AUDIO_1077_TSI_HAP_XX_sadtalker,track3,1,crema_1077,HAP,FEA,-1,1,1,1,,data\preprocessed\features\z_at\FAKE_T3_1077_TSI_FEA_XX__AUDIO_1077_TSI_HAP_XX_sadtalker.pt,data\preprocessed\features\z_v\FAKE_T3_1077_TSI_FEA_XX__AUDIO_1077_TSI_HAP_XX_sadtalker.pt
FAKE_T3_1077_TSI_NEU_XX__AUDIO_1077_TSI_SAD_XX_sadtalker,track3,1,crema_1077,SAD,NEU,-1,1,1,1,,data\preprocessed\features\z_at\FAKE_T3_1077_TSI_NEU_XX__AUDIO_1077_TSI_SAD_XX_sadtalker.pt,data\preprocessed\features\z_v\FAKE_T3_1077_TSI_NEU_XX__AUDIO_1077_TSI_SAD_XX_sadtalker.pt
FAKE_T3_1077_WSI_DIS_XX__AUDIO_1077_WSI_FEA_XX_sadtalker,track3,1,crema_1077,FEA,DIS,-1,1,1,1,,data\preprocessed\features\z_at\FAKE_T3_1077_WSI_DIS_XX__AUDIO_1077_WSI_FEA_XX_sadtalker.pt,data\preprocessed\features\z_v\FAKE_T3_1077_WSI_DIS_XX__AUDIO_1077_WSI_FEA_XX_sadtalker.pt
FAKE_T3_1077_WSI_SAD_XX__AUDIO_1077_WSI_ANG_XX_sadtalker,track3,1,crema_1077,ANG,SAD,-1,1,1,1,,data\preprocessed\features\z_at\FAKE_T3_1077_WSI_SAD_XX__AUDIO_1077_WSI_ANG_XX_sadtalker.pt,data\preprocessed\features\z_v\FAKE_T3_1077_WSI_SAD_XX__AUDIO_1077_WSI_ANG_XX_sadtalker.pt
FAKE_T3_1078_DFA_HAP_XX__AUDIO_1078_DFA_NEU_XX_sadtalker,track3,1,crema_1078,NEU,HAP,-1,1,1,1,,data\preprocessed\features\z_at\FAKE_T3_1078_DFA_HAP_XX__AUDIO_1078_DFA_NEU_XX_sadtalker.pt,data\preprocessed\features\z_v\FAKE_T3_1078_DFA_HAP_XX__AUDIO_1078_DFA_NEU_XX_sadtalker.pt
FAKE_T3_1078_DFA_NEU_XX__AUDIO_1078_DFA_SAD_XX_sadtalker,track3,1,crema_1078,SAD,NEU,-1,1,1,1,,data\preprocessed\features\z_at\FAKE_T3_1078_DFA_NEU_XX__AUDIO_1078_DFA_SAD_XX_sadtalker.pt,data\preprocessed\features\z_v\FAKE_T3_1078_DFA_NEU_XX__AUDIO_1078_DFA_SAD_XX_sadtalker.pt
FAKE_T3_1078_IEO_ANG_HI__AUDIO_1078_IEO_DIS_HI_sadtalker,track3,1,crema_1078,DIS,ANG,-1,1,1,1,,data\preprocessed\features\z_at\FAKE_T3_1078_IEO_ANG_HI__AUDIO_1078_IEO_DIS_HI_sadtalker.pt,data\preprocessed\features\z_v\FAKE_T3_1078_IEO_ANG_HI__AUDIO_1078_IEO_DIS_HI_sadtalker.pt
FAKE_T3_1078_IEO_DIS_LO__AUDIO_1078_IEO_FEA_LO_sadtalker,track3,1,crema_1078,FEA,DIS,-1,1,1,1,,data\preprocessed\features\z_at\FAKE_T3_1078_IEO_DIS_LO__AUDIO_1078_IEO_FEA_LO_sadtalker.pt,data\preprocessed\features\z_v\FAKE_T3_1078_IEO_DIS_LO__AUDIO_1078_IEO_FEA_LO_sadtalker.pt
FAKE_T3_1078_IEO_FEA_MD__AUDIO_1078_IEO_HAP_MD_sadtalker,track3,1,crema_1078,HAP,FEA,-1,1,1,1,,data\preprocessed\features\z_at\FAKE_T3_1078_IEO_FEA_MD__AUDIO_1078_IEO_HAP_MD_sadtalker.pt,data\preprocessed\features\z_v\FAKE_T3_1078_IEO_FEA_MD__AUDIO_1078_IEO_HAP_MD_sadtalker.pt
FAKE_T3_1078_IEO_NEU_XX__AUDIO_1078_IEO_SAD_HI_sadtalker,track3,1,crema_1078,SAD,NEU,-1,1,1,1,,data\preprocessed\features\z_at\FAKE_T3_1078_IEO_NEU_XX__AUDIO_1078_IEO_SAD_HI_sadtalker.pt,data\preprocessed\features\z_v\FAKE_T3_1078_IEO_NEU_XX__AUDIO_1078_IEO_SAD_HI_sadtalker.pt
FAKE_T3_1078_IEO_SAD_HI__AUDIO_1078_IEO_ANG_HI_sadtalker,track3,1,crema_1078,ANG,SAD,-1,1,1,1,,data\preprocessed\features\z_at\FAKE_T3_1078_IEO_SAD_HI__AUDIO_1078_IEO_ANG_HI_sadtalker.pt,data\preprocessed\features\z_v\FAKE_T3_1078_IEO_SAD_HI__AUDIO_1078_IEO_ANG_HI_sadtalker.pt
FAKE_T3_1078_IEO_SAD_MD__AUDIO_1078_IEO_ANG_MD_sadtalker,track3,1,crema_1078,ANG,SAD,-1,1,1,1,,data\preprocessed\features\z_at\FAKE_T3_1078_IEO_SAD_MD__AUDIO_1078_IEO_ANG_MD_sadtalker.pt,data\preprocessed\features\z_v\FAKE_T3_1078_IEO_SAD_MD__AUDIO_1078_IEO_ANG_MD_sadtalker.pt
FAKE_T3_1078_IOM_DIS_XX__AUDIO_1078_IOM_FEA_XX_sadtalker,track3,1,crema_1078,FEA,DIS,-1,1,1,1,,data\preprocessed\features\z_at\FAKE_T3_1078_IOM_DIS_XX__AUDIO_1078_IOM_FEA_XX_sadtalker.pt,data\preprocessed\features\z_v\FAKE_T3_1078_IOM_DIS_XX__AUDIO_1078_IOM_FEA_XX_sadtalker.pt
FAKE_T3_1078_IOM_HAP_XX__AUDIO_1078_IOM_NEU_XX_sadtalker,track3,1,crema_1078,NEU,HAP,-1,1,1,1,,data\preprocessed\features\z_at\FAKE_T3_1078_IOM_HAP_XX__AUDIO_1078_IOM_NEU_XX_sadtalker.pt,data\preprocessed\features\z_v\FAKE_T3_1078_IOM_HAP_XX__AUDIO_1078_IOM_NEU_XX_sadtalker.pt
FAKE_T3_1078_IOM_NEU_XX__AUDIO_1078_IOM_SAD_XX_sadtalker,track3,1,crema_1078,SAD,NEU,-1,1,1,1,,data\preprocessed\features\z_at\FAKE_T3_1078_IOM_NEU_XX__AUDIO_1078_IOM_SAD_XX_sadtalker.pt,data\preprocessed\features\z_v\FAKE_T3_1078_IOM_NEU_XX__AUDIO_1078_IOM_SAD_XX_sadtalker.pt
FAKE_T3_1078_ITH_ANG_XX__AUDIO_1078_ITH_DIS_XX_sadtalker,track3,1,crema_1078,DIS,ANG,-1,1,1,1,,data\preprocessed\features\z_at\FAKE_T3_1078_ITH_ANG_XX__AUDIO_1078_ITH_DIS_XX_sadtalker.pt,data\preprocessed\features\z_v\FAKE_T3_1078_ITH_ANG_XX__AUDIO_1078_ITH_DIS_XX_sadtalker.pt
FAKE_T3_1078_ITH_DIS_XX__AUDIO_1078_ITH_FEA_XX_sadtalker,track3,1,crema_1078,FEA,DIS,-1,1,1,1,,data\preprocessed\features\z_at\FAKE_T3_1078_ITH_DIS_XX__AUDIO_1078_ITH_FEA_XX_sadtalker.pt,data\preprocessed\features\z_v\FAKE_T3_1078_ITH_DIS_XX__AUDIO_1078_ITH_FEA_XX_sadtalker.pt
FAKE_T3_1078_ITH_SAD_XX__AUDIO_1078_ITH_ANG_XX_sadtalker,track3,1,crema_1078,ANG,SAD,-1,1,1,1,,data\preprocessed\features\z_at\FAKE_T3_1078_ITH_SAD_XX__AUDIO_1078_ITH_ANG_XX_sadtalker.pt,data\preprocessed\features\z_v\FAKE_T3_1078_ITH_SAD_XX__AUDIO_1078_ITH_ANG_XX_sadtalker.pt
FAKE_T3_1078_ITS_ANG_XX__AUDIO_1078_ITS_DIS_XX_sadtalker,track3,1,crema_1078,DIS,ANG,-1,1,1,1,,data\preprocessed\features\z_at\FAKE_T3_1078_ITS_ANG_XX__AUDIO_1078_ITS_DIS_XX_sadtalker.pt,data\preprocessed\features\z_v\FAKE_T3_1078_ITS_ANG_XX__AUDIO_1078_ITS_DIS_XX_sadtalker.pt
FAKE_T3_1078_ITS_FEA_XX__AUDIO_1078_ITS_HAP_XX_sadtalker,track3,1,crema_1078,HAP,FEA,-1,1,1,1,,data\preprocessed\features\z_at\FAKE_T3_1078_ITS_FEA_XX__AUDIO_1078_ITS_HAP_XX_sadtalker.pt,data\preprocessed\features\z_v\FAKE_T3_1078_ITS_FEA_XX__AUDIO_1078_ITS_HAP_XX_sadtalker.pt
FAKE_T3_1078_IWL_DIS_XX__AUDIO_1078_IWL_FEA_XX_sadtalker,track3,1,crema_1078,FEA,DIS,-1,1,1,1,,data\preprocessed\features\z_at\FAKE_T3_1078_IWL_DIS_XX__AUDIO_1078_IWL_FEA_XX_sadtalker.pt,data\preprocessed\features\z_v\FAKE_T3_1078_IWL_DIS_XX__AUDIO_1078_IWL_FEA_XX_sadtalker.pt
FAKE_T3_1078_IWL_FEA_XX__AUDIO_1078_IWL_HAP_XX_sadtalker,track3,1,crema_1078,HAP,FEA,-1,1,1,1,,data\preprocessed\features\z_at\FAKE_T3_1078_IWL_FEA_XX__AUDIO_1078_IWL_HAP_XX_sadtalker.pt,data\preprocessed\features\z_v\FAKE_T3_1078_IWL_FEA_XX__AUDIO_1078_IWL_HAP_XX_sadtalker.pt
FAKE_T3_1078_IWL_HAP_XX__AUDIO_1078_IWL_NEU_XX_sadtalker,track3,1,crema_1078,NEU,HAP,-1,1,1,1,,data\preprocessed\features\z_at\FAKE_T3_1078_IWL_HAP_XX__AUDIO_1078_IWL_NEU_XX_sadtalker.pt,data\preprocessed\features\z_v\FAKE_T3_1078_IWL_HAP_XX__AUDIO_1078_IWL_NEU_XX_sadtalker.pt
FAKE_T3_1078_IWL_NEU_XX__AUDIO_1078_IWL_SAD_XX_sadtalker,track3,1,crema_1078,SAD,NEU,-1,1,1,1,,data\preprocessed\features\z_at\FAKE_T3_1078_IWL_NEU_XX__AUDIO_1078_IWL_SAD_XX_sadtalker.pt,data\preprocessed\features\z_v\FAKE_T3_1078_IWL_NEU_XX__AUDIO_1078_IWL_SAD_XX_sadtalker.pt
FAKE_T3_1078_IWL_SAD_XX__AUDIO_1078_IWL_ANG_XX_sadtalker,track3,1,crema_1078,ANG,SAD,-1,1,1,1,,data\preprocessed\features\z_at\FAKE_T3_1078_IWL_SAD_XX__AUDIO_1078_IWL_ANG_XX_sadtalker.pt,data\preprocessed\features\z_v\FAKE_T3_1078_IWL_SAD_XX__AUDIO_1078_IWL_ANG_XX_sadtalker.pt
FAKE_T3_1078_IWW_ANG_XX__AUDIO_1078_IWW_DIS_XX_sadtalker,track3,1,crema_1078,DIS,ANG,-1,1,1,1,,data\preprocessed\features\z_at\FAKE_T3_1078_IWW_ANG_XX__AUDIO_1078_IWW_DIS_XX_sadtalker.pt,data\preprocessed\features\z_v\FAKE_T3_1078_IWW_ANG_XX__AUDIO_1078_IWW_DIS_XX_sadtalker.pt
FAKE_T3_1078_IWW_DIS_XX__AUDIO_1078_IWW_FEA_XX_sadtalker,track3,1,crema_1078,FEA,DIS,-1,1,1,1,,data\preprocessed\features\z_at\FAKE_T3_1078_IWW_DIS_XX__AUDIO_1078_IWW_FEA_XX_sadtalker.pt,data\preprocessed\features\z_v\FAKE_T3_1078_IWW_DIS_XX__AUDIO_1078_IWW_FEA_XX_sadtalker.pt
FAKE_T3_1078_IWW_FEA_XX__AUDIO_1078_IWW_HAP_XX_sadtalker,track3,1,crema_1078,HAP,FEA,-1,1,1,1,,data\preprocessed\features\z_at\FAKE_T3_1078_IWW_FEA_XX__AUDIO_1078_IWW_HAP_XX_sadtalker.pt,data\preprocessed\features\z_v\FAKE_T3_1078_IWW_FEA_XX__AUDIO_1078_IWW_HAP_XX_sadtalker.pt
FAKE_T3_1078_IWW_HAP_XX__AUDIO_1078_IWW_NEU_XX_sadtalker,track3,1,crema_1078,NEU,HAP,-1,1,1,1,,data\preprocessed\features\z_at\FAKE_T3_1078_IWW_HAP_XX__AUDIO_1078_IWW_NEU_XX_sadtalker.pt,data\preprocessed\features\z_v\FAKE_T3_1078_IWW_HAP_XX__AUDIO_1078_IWW_NEU_XX_sadtalker.pt
FAKE_T3_1078_MTI_DIS_XX__AUDIO_1078_MTI_FEA_XX_sadtalker,track3,1,crema_1078,FEA,DIS,-1,1,1,1,,data\preprocessed\features\z_at\FAKE_T3_1078_MTI_DIS_XX__AUDIO_1078_MTI_FEA_XX_sadtalker.pt,data\preprocessed\features\z_v\FAKE_T3_1078_MTI_DIS_XX__AUDIO_1078_MTI_FEA_XX_sadtalker.pt
FAKE_T3_1078_MTI_HAP_XX__AUDIO_1078_MTI_NEU_XX_sadtalker,track3,1,crema_1078,NEU,HAP,-1,1,1,1,,data\preprocessed\features\z_at\FAKE_T3_1078_MTI_HAP_XX__AUDIO_1078_MTI_NEU_XX_sadtalker.pt,data\preprocessed\features\z_v\FAKE_T3_1078_MTI_HAP_XX__AUDIO_1078_MTI_NEU_XX_sadtalker.pt
FAKE_T3_1078_MTI_SAD_XX__AUDIO_1078_MTI_ANG_XX_sadtalker,track3,1,crema_1078,ANG,SAD,-1,1,1,1,,data\preprocessed\features\z_at\FAKE_T3_1078_MTI_SAD_XX__AUDIO_1078_MTI_ANG_XX_sadtalker.pt,data\preprocessed\features\z_v\FAKE_T3_1078_MTI_SAD_XX__AUDIO_1078_MTI_ANG_XX_sadtalker.pt
FAKE_T3_1078_TAI_ANG_XX__AUDIO_1078_TAI_DIS_XX_sadtalker,track3,1,crema_1078,DIS,ANG,-1,1,1,1,,data\preprocessed\features\z_at\FAKE_T3_1078_TAI_ANG_XX__AUDIO_1078_TAI_DIS_XX_sadtalker.pt,data\preprocessed\features\z_v\FAKE_T3_1078_TAI_ANG_XX__AUDIO_1078_TAI_DIS_XX_sadtalker.pt
FAKE_T3_1078_TAI_DIS_XX__AUDIO_1078_TAI_FEA_XX_sadtalker,track3,1,crema_1078,FEA,DIS,-1,1,1,1,,data\preprocessed\features\z_at\FAKE_T3_1078_TAI_DIS_XX__AUDIO_1078_TAI_FEA_XX_sadtalker.pt,data\preprocessed\features\z_v\FAKE_T3_1078_TAI_DIS_XX__AUDIO_1078_TAI_FEA_XX_sadtalker.pt
FAKE_T3_1078_TAI_FEA_XX__AUDIO_1078_TAI_HAP_XX_sadtalker,track3,1,crema_1078,HAP,FEA,-1,1,1,1,,data\preprocessed\features\z_at\FAKE_T3_1078_TAI_FEA_XX__AUDIO_1078_TAI_HAP_XX_sadtalker.pt,data\preprocessed\features\z_v\FAKE_T3_1078_TAI_FEA_XX__AUDIO_1078_TAI_HAP_XX_sadtalker.pt
FAKE_T3_1078_TAI_HAP_XX__AUDIO_1078_TAI_NEU_XX_sadtalker,track3,1,crema_1078,NEU,HAP,-1,1,1,1,,data\preprocessed\features\z_at\FAKE_T3_1078_TAI_HAP_XX__AUDIO_1078_TAI_NEU_XX_sadtalker.pt,data\preprocessed\features\z_v\FAKE_T3_1078_TAI_HAP_XX__AUDIO_1078_TAI_NEU_XX_sadtalker.pt
FAKE_T3_1078_TAI_NEU_XX__AUDIO_1078_TAI_SAD_XX_sadtalker,track3,1,crema_1078,SAD,NEU,-1,1,1,1,,data\preprocessed\features\z_at\FAKE_T3_1078_TAI_NEU_XX__AUDIO_1078_TAI_SAD_XX_sadtalker.pt,data\preprocessed\features\z_v\FAKE_T3_1078_TAI_NEU_XX__AUDIO_1078_TAI_SAD_XX_sadtalker.pt
FAKE_T3_1078_TIE_ANG_XX__AUDIO_1078_TIE_DIS_XX_sadtalker,track3,1,crema_1078,DIS,ANG,-1,1,1,1,,data\preprocessed\features\z_at\FAKE_T3_1078_TIE_ANG_XX__AUDIO_1078_TIE_DIS_XX_sadtalker.pt,data\preprocessed\features\z_v\FAKE_T3_1078_TIE_ANG_XX__AUDIO_1078_TIE_DIS_XX_sadtalker.pt
FAKE_T3_1078_TIE_HAP_XX__AUDIO_1078_TIE_NEU_XX_sadtalker,track3,1,crema_1078,NEU,HAP,-1,1,1,1,,data\preprocessed\features\z_at\FAKE_T3_1078_TIE_HAP_XX__AUDIO_1078_TIE_NEU_XX_sadtalker.pt,data\preprocessed\features\z_v\FAKE_T3_1078_TIE_HAP_XX__AUDIO_1078_TIE_NEU_XX_sadtalker.pt
FAKE_T3_1078_TIE_SAD_XX__AUDIO_1078_TIE_ANG_XX_sadtalker,track3,1,crema_1078,ANG,SAD,-1,1,1,1,,data\preprocessed\features\z_at\FAKE_T3_1078_TIE_SAD_XX__AUDIO_1078_TIE_ANG_XX_sadtalker.pt,data\preprocessed\features\z_v\FAKE_T3_1078_TIE_SAD_XX__AUDIO_1078_TIE_ANG_XX_sadtalker.pt
FAKE_T3_1078_TSI_DIS_XX__AUDIO_1078_TSI_FEA_XX_sadtalker,track3,1,crema_1078,FEA,DIS,-1,1,1,1,,data\preprocessed\features\z_at\FAKE_T3_1078_TSI_DIS_XX__AUDIO_1078_TSI_FEA_XX_sadtalker.pt,data\preprocessed\features\z_v\FAKE_T3_1078_TSI_DIS_XX__AUDIO_1078_TSI_FEA_XX_sadtalker.pt
FAKE_T3_1078_TSI_HAP_XX__AUDIO_1078_TSI_NEU_XX_sadtalker,track3,1,crema_1078,NEU,HAP,-1,1,1,1,,data\preprocessed\features\z_at\FAKE_T3_1078_TSI_HAP_XX__AUDIO_1078_TSI_NEU_XX_sadtalker.pt,data\preprocessed\features\z_v\FAKE_T3_1078_TSI_HAP_XX__AUDIO_1078_TSI_NEU_XX_sadtalker.pt
FAKE_T3_1078_TSI_SAD_XX__AUDIO_1078_TSI_ANG_XX_sadtalker,track3,1,crema_1078,ANG,SAD,-1,1,1,1,,data\preprocessed\features\z_at\FAKE_T3_1078_TSI_SAD_XX__AUDIO_1078_TSI_ANG_XX_sadtalker.pt,data\preprocessed\features\z_v\FAKE_T3_1078_TSI_SAD_XX__AUDIO_1078_TSI_ANG_XX_sadtalker.pt
FAKE_T3_1078_WSI_HAP_XX__AUDIO_1078_WSI_NEU_XX_sadtalker,track3,1,crema_1078,NEU,HAP,-1,1,1,1,,data\preprocessed\features\z_at\FAKE_T3_1078_WSI_HAP_XX__AUDIO_1078_WSI_NEU_XX_sadtalker.pt,data\preprocessed\features\z_v\FAKE_T3_1078_WSI_HAP_XX__AUDIO_1078_WSI_NEU_XX_sadtalker.pt
FAKE_T3_1078_WSI_SAD_XX__AUDIO_1078_WSI_ANG_XX_sadtalker,track3,1,crema_1078,ANG,SAD,-1,1,1,1,,data\preprocessed\features\z_at\FAKE_T3_1078_WSI_SAD_XX__AUDIO_1078_WSI_ANG_XX_sadtalker.pt,data\preprocessed\features\z_v\FAKE_T3_1078_WSI_SAD_XX__AUDIO_1078_WSI_ANG_XX_sadtalker.pt
FAKE_T3_1079_DFA_FEA_XX__AUDIO_1079_DFA_HAP_XX_sadtalker,track3,1,crema_1079,HAP,FEA,-1,1,1,1,,data\preprocessed\features\z_at\FAKE_T3_1079_DFA_FEA_XX__AUDIO_1079_DFA_HAP_XX_sadtalker.pt,data\preprocessed\features\z_v\FAKE_T3_1079_DFA_FEA_XX__AUDIO_1079_DFA_HAP_XX_sadtalker.pt
FAKE_T3_1079_DFA_HAP_XX__AUDIO_1079_DFA_NEU_XX_sadtalker,track3,1,crema_1079,NEU,HAP,-1,1,1,1,,data\preprocessed\features\z_at\FAKE_T3_1079_DFA_HAP_XX__AUDIO_1079_DFA_NEU_XX_sadtalker.pt,data\preprocessed\features\z_v\FAKE_T3_1079_DFA_HAP_XX__AUDIO_1079_DFA_NEU_XX_sadtalker.pt
FAKE_T3_1079_DFA_NEU_XX__AUDIO_1079_DFA_SAD_XX_sadtalker,track3,1,crema_1079,SAD,NEU,-1,1,1,1,,data\preprocessed\features\z_at\FAKE_T3_1079_DFA_NEU_XX__AUDIO_1079_DFA_SAD_XX_sadtalker.pt,data\preprocessed\features\z_v\FAKE_T3_1079_DFA_NEU_XX__AUDIO_1079_DFA_SAD_XX_sadtalker.pt
FAKE_T3_1079_IEO_ANG_MD__AUDIO_1079_IEO_DIS_MD_sadtalker,track3,1,crema_1079,DIS,ANG,-1,1,1,1,,data\preprocessed\features\z_at\FAKE_T3_1079_IEO_ANG_MD__AUDIO_1079_IEO_DIS_MD_sadtalker.pt,data\preprocessed\features\z_v\FAKE_T3_1079_IEO_ANG_MD__AUDIO_1079_IEO_DIS_MD_sadtalker.pt
FAKE_T3_1079_IEO_FEA_HI__AUDIO_1079_IEO_HAP_HI_sadtalker,track3,1,crema_1079,HAP,FEA,-1,1,1,1,,data\preprocessed\features\z_at\FAKE_T3_1079_IEO_FEA_HI__AUDIO_1079_IEO_HAP_HI_sadtalker.pt,data\preprocessed\features\z_v\FAKE_T3_1079_IEO_FEA_HI__AUDIO_1079_IEO_HAP_HI_sadtalker.pt
FAKE_T3_1079_IEO_FEA_LO__AUDIO_1079_IEO_HAP_LO_sadtalker,track3,1,crema_1079,HAP,FEA,-1,1,1,1,,data\preprocessed\features\z_at\FAKE_T3_1079_IEO_FEA_LO__AUDIO_1079_IEO_HAP_LO_sadtalker.pt,data\preprocessed\features\z_v\FAKE_T3_1079_IEO_FEA_LO__AUDIO_1079_IEO_HAP_LO_sadtalker.pt
FAKE_T3_1079_IEO_FEA_MD__AUDIO_1079_IEO_HAP_MD_sadtalker,track3,1,crema_1079,HAP,FEA,-1,1,1,1,,data\preprocessed\features\z_at\FAKE_T3_1079_IEO_FEA_MD__AUDIO_1079_IEO_HAP_MD_sadtalker.pt,data\preprocessed\features\z_v\FAKE_T3_1079_IEO_FEA_MD__AUDIO_1079_IEO_HAP_MD_sadtalker.pt
FAKE_T3_1079_IEO_HAP_HI__AUDIO_1079_IEO_NEU_XX_sadtalker,track3,1,crema_1079,NEU,HAP,-1,1,1,1,,data\preprocessed\features\z_at\FAKE_T3_1079_IEO_HAP_HI__AUDIO_1079_IEO_NEU_XX_sadtalker.pt,data\preprocessed\features\z_v\FAKE_T3_1079_IEO_HAP_HI__AUDIO_1079_IEO_NEU_XX_sadtalker.pt
FAKE_T3_1079_IEO_NEU_XX__AUDIO_1079_IEO_SAD_HI_sadtalker,track3,1,crema_1079,SAD,NEU,-1,1,1,1,,data\preprocessed\features\z_at\FAKE_T3_1079_IEO_NEU_XX__AUDIO_1079_IEO_SAD_HI_sadtalker.pt,data\preprocessed\features\z_v\FAKE_T3_1079_IEO_NEU_XX__AUDIO_1079_IEO_SAD_HI_sadtalker.pt
FAKE_T3_1079_IEO_SAD_MD__AUDIO_1079_IEO_ANG_MD_sadtalker,track3,1,crema_1079,ANG,SAD,-1,1,1,1,,data\preprocessed\features\z_at\FAKE_T3_1079_IEO_SAD_MD__AUDIO_1079_IEO_ANG_MD_sadtalker.pt,data\preprocessed\features\z_v\FAKE_T3_1079_IEO_SAD_MD__AUDIO_1079_IEO_ANG_MD_sadtalker.pt
FAKE_T3_1079_IOM_DIS_XX__AUDIO_1079_IOM_FEA_XX_sadtalker,track3,1,crema_1079,FEA,DIS,-1,1,1,1,,data\preprocessed\features\z_at\FAKE_T3_1079_IOM_DIS_XX__AUDIO_1079_IOM_FEA_XX_sadtalker.pt,data\preprocessed\features\z_v\FAKE_T3_1079_IOM_DIS_XX__AUDIO_1079_IOM_FEA_XX_sadtalker.pt
FAKE_T3_1079_IOM_FEA_XX__AUDIO_1079_IOM_HAP_XX_sadtalker,track3,1,crema_1079,HAP,FEA,-1,1,1,1,,data\preprocessed\features\z_at\FAKE_T3_1079_IOM_FEA_XX__AUDIO_1079_IOM_HAP_XX_sadtalker.pt,data\preprocessed\features\z_v\FAKE_T3_1079_IOM_FEA_XX__AUDIO_1079_IOM_HAP_XX_sadtalker.pt
FAKE_T3_1079_IOM_HAP_XX__AUDIO_1079_IOM_NEU_XX_sadtalker,track3,1,crema_1079,NEU,HAP,-1,1,1,1,,data\preprocessed\features\z_at\FAKE_T3_1079_IOM_HAP_XX__AUDIO_1079_IOM_NEU_XX_sadtalker.pt,data\preprocessed\features\z_v\FAKE_T3_1079_IOM_HAP_XX__AUDIO_1079_IOM_NEU_XX_sadtalker.pt
FAKE_T3_1079_ITH_DIS_XX__AUDIO_1079_ITH_FEA_XX_sadtalker,track3,1,crema_1079,FEA,DIS,-1,1,1,1,,data\preprocessed\features\z_at\FAKE_T3_1079_ITH_DIS_XX__AUDIO_1079_ITH_FEA_XX_sadtalker.pt,data\preprocessed\features\z_v\FAKE_T3_1079_ITH_DIS_XX__AUDIO_1079_ITH_FEA_XX_sadtalker.pt
FAKE_T3_1079_ITH_FEA_XX__AUDIO_1079_ITH_HAP_XX_sadtalker,track3,1,crema_1079,HAP,FEA,-1,1,1,1,,data\preprocessed\features\z_at\FAKE_T3_1079_ITH_FEA_XX__AUDIO_1079_ITH_HAP_XX_sadtalker.pt,data\preprocessed\features\z_v\FAKE_T3_1079_ITH_FEA_XX__AUDIO_1079_ITH_HAP_XX_sadtalker.pt
FAKE_T3_1079_ITH_HAP_XX__AUDIO_1079_ITH_NEU_XX_sadtalker,track3,1,crema_1079,NEU,HAP,-1,1,1,1,,data\preprocessed\features\z_at\FAKE_T3_1079_ITH_HAP_XX__AUDIO_1079_ITH_NEU_XX_sadtalker.pt,data\preprocessed\features\z_v\FAKE_T3_1079_ITH_HAP_XX__AUDIO_1079_ITH_NEU_XX_sadtalker.pt
FAKE_T3_1079_ITH_NEU_XX__AUDIO_1079_ITH_SAD_XX_sadtalker,track3,1,crema_1079,SAD,NEU,-1,1,1,1,,data\preprocessed\features\z_at\FAKE_T3_1079_ITH_NEU_XX__AUDIO_1079_ITH_SAD_XX_sadtalker.pt,data\preprocessed\features\z_v\FAKE_T3_1079_ITH_NEU_XX__AUDIO_1079_ITH_SAD_XX_sadtalker.pt
FAKE_T3_1079_ITH_SAD_XX__AUDIO_1079_ITH_ANG_XX_sadtalker,track3,1,crema_1079,ANG,SAD,-1,1,1,1,,data\preprocessed\features\z_at\FAKE_T3_1079_ITH_SAD_XX__AUDIO_1079_ITH_ANG_XX_sadtalker.pt,data\preprocessed\features\z_v\FAKE_T3_1079_ITH_SAD_XX__AUDIO_1079_ITH_ANG_XX_sadtalker.pt
FAKE_T3_1079_ITS_DIS_XX__AUDIO_1079_ITS_FEA_XX_sadtalker,track3,1,crema_1079,FEA,DIS,-1,1,1,1,,data\preprocessed\features\z_at\FAKE_T3_1079_ITS_DIS_XX__AUDIO_1079_ITS_FEA_XX_sadtalker.pt,data\preprocessed\features\z_v\FAKE_T3_1079_ITS_DIS_XX__AUDIO_1079_ITS_FEA_XX_sadtalker.pt
FAKE_T3_1079_ITS_FEA_XX__AUDIO_1079_ITS_HAP_XX_sadtalker,track3,1,crema_1079,HAP,FEA,-1,1,1,1,,data\preprocessed\features\z_at\FAKE_T3_1079_ITS_FEA_XX__AUDIO_1079_ITS_HAP_XX_sadtalker.pt,data\preprocessed\features\z_v\FAKE_T3_1079_ITS_FEA_XX__AUDIO_1079_ITS_HAP_XX_sadtalker.pt
FAKE_T3_1079_ITS_SAD_XX__AUDIO_1079_ITS_ANG_XX_sadtalker,track3,1,crema_1079,ANG,SAD,-1,1,1,1,,data\preprocessed\features\z_at\FAKE_T3_1079_ITS_SAD_XX__AUDIO_1079_ITS_ANG_XX_sadtalker.pt,data\preprocessed\features\z_v\FAKE_T3_1079_ITS_SAD_XX__AUDIO_1079_ITS_ANG_XX_sadtalker.pt
FAKE_T3_1079_IWL_ANG_XX__AUDIO_1079_IWL_DIS_XX_sadtalker,track3,1,crema_1079,DIS,ANG,-1,1,1,1,,data\preprocessed\features\z_at\FAKE_T3_1079_IWL_ANG_XX__AUDIO_1079_IWL_DIS_XX_sadtalker.pt,data\preprocessed\features\z_v\FAKE_T3_1079_IWL_ANG_XX__AUDIO_1079_IWL_DIS_XX_sadtalker.pt
FAKE_T3_1079_IWL_DIS_XX__AUDIO_1079_IWL_FEA_XX_sadtalker,track3,1,crema_1079,FEA,DIS,-1,1,1,1,,data\preprocessed\features\z_at\FAKE_T3_1079_IWL_DIS_XX__AUDIO_1079_IWL_FEA_XX_sadtalker.pt,data\preprocessed\features\z_v\FAKE_T3_1079_IWL_DIS_XX__AUDIO_1079_IWL_FEA_XX_sadtalker.pt
FAKE_T3_1079_IWL_FEA_XX__AUDIO_1079_IWL_HAP_XX_sadtalker,track3,1,crema_1079,HAP,FEA,-1,1,1,1,,data\preprocessed\features\z_at\FAKE_T3_1079_IWL_FEA_XX__AUDIO_1079_IWL_HAP_XX_sadtalker.pt,data\preprocessed\features\z_v\FAKE_T3_1079_IWL_FEA_XX__AUDIO_1079_IWL_HAP_XX_sadtalker.pt
FAKE_T3_1079_IWL_NEU_XX__AUDIO_1079_IWL_SAD_XX_sadtalker,track3,1,crema_1079,SAD,NEU,-1,1,1,1,,data\preprocessed\features\z_at\FAKE_T3_1079_IWL_NEU_XX__AUDIO_1079_IWL_SAD_XX_sadtalker.pt,data\preprocessed\features\z_v\FAKE_T3_1079_IWL_NEU_XX__AUDIO_1079_IWL_SAD_XX_sadtalker.pt
FAKE_T3_1079_IWW_ANG_XX__AUDIO_1079_IWW_DIS_XX_sadtalker,track3,1,crema_1079,DIS,ANG,-1,1,1,1,,data\preprocessed\features\z_at\FAKE_T3_1079_IWW_ANG_XX__AUDIO_1079_IWW_DIS_XX_sadtalker.pt,data\preprocessed\features\z_v\FAKE_T3_1079_IWW_ANG_XX__AUDIO_1079_IWW_DIS_XX_sadtalker.pt
FAKE_T3_1079_IWW_HAP_XX__AUDIO_1079_IWW_NEU_XX_sadtalker,track3,1,crema_1079,NEU,HAP,-1,1,1,1,,data\preprocessed\features\z_at\FAKE_T3_1079_IWW_HAP_XX__AUDIO_1079_IWW_NEU_XX_sadtalker.pt,data\preprocessed\features\z_v\FAKE_T3_1079_IWW_HAP_XX__AUDIO_1079_IWW_NEU_XX_sadtalker.pt
FAKE_T3_1079_IWW_SAD_XX__AUDIO_1079_IWW_ANG_XX_sadtalker,track3,1,crema_1079,ANG,SAD,-1,1,1,1,,data\preprocessed\features\z_at\FAKE_T3_1079_IWW_SAD_XX__AUDIO_1079_IWW_ANG_XX_sadtalker.pt,data\preprocessed\features\z_v\FAKE_T3_1079_IWW_SAD_XX__AUDIO_1079_IWW_ANG_XX_sadtalker.pt
FAKE_T3_1079_MTI_FEA_XX__AUDIO_1079_MTI_HAP_XX_sadtalker,track3,1,crema_1079,HAP,FEA,-1,1,1,1,,data\preprocessed\features\z_at\FAKE_T3_1079_MTI_FEA_XX__AUDIO_1079_MTI_HAP_XX_sadtalker.pt,data\preprocessed\features\z_v\FAKE_T3_1079_MTI_FEA_XX__AUDIO_1079_MTI_HAP_XX_sadtalker.pt
FAKE_T3_1079_MTI_HAP_XX__AUDIO_1079_MTI_NEU_XX_sadtalker,track3,1,crema_1079,NEU,HAP,-1,1,1,1,,data\preprocessed\features\z_at\FAKE_T3_1079_MTI_HAP_XX__AUDIO_1079_MTI_NEU_XX_sadtalker.pt,data\preprocessed\features\z_v\FAKE_T3_1079_MTI_HAP_XX__AUDIO_1079_MTI_NEU_XX_sadtalker.pt
FAKE_T3_1079_MTI_NEU_XX__AUDIO_1079_MTI_SAD_XX_sadtalker,track3,1,crema_1079,SAD,NEU,-1,1,1,1,,data\preprocessed\features\z_at\FAKE_T3_1079_MTI_NEU_XX__AUDIO_1079_MTI_SAD_XX_sadtalker.pt,data\preprocessed\features\z_v\FAKE_T3_1079_MTI_NEU_XX__AUDIO_1079_MTI_SAD_XX_sadtalker.pt
FAKE_T3_1079_MTI_SAD_XX__AUDIO_1079_MTI_ANG_XX_sadtalker,track3,1,crema_1079,ANG,SAD,-1,1,1,1,,data\preprocessed\features\z_at\FAKE_T3_1079_MTI_SAD_XX__AUDIO_1079_MTI_ANG_XX_sadtalker.pt,data\preprocessed\features\z_v\FAKE_T3_1079_MTI_SAD_XX__AUDIO_1079_MTI_ANG_XX_sadtalker.pt
FAKE_T3_1079_TAI_HAP_XX__AUDIO_1079_TAI_NEU_XX_sadtalker,track3,1,crema_1079,NEU,HAP,-1,1,1,1,,data\preprocessed\features\z_at\FAKE_T3_1079_TAI_HAP_XX__AUDIO_1079_TAI_NEU_XX_sadtalker.pt,data\preprocessed\features\z_v\FAKE_T3_1079_TAI_HAP_XX__AUDIO_1079_TAI_NEU_XX_sadtalker.pt
FAKE_T3_1079_TIE_SAD_XX__AUDIO_1079_TIE_ANG_XX_sadtalker,track3,1,crema_1079,ANG,SAD,-1,1,1,1,,data\preprocessed\features\z_at\FAKE_T3_1079_TIE_SAD_XX__AUDIO_1079_TIE_ANG_XX_sadtalker.pt,data\preprocessed\features\z_v\FAKE_T3_1079_TIE_SAD_XX__AUDIO_1079_TIE_ANG_XX_sadtalker.pt
FAKE_T3_1079_TSI_ANG_XX__AUDIO_1079_TSI_DIS_XX_sadtalker,track3,1,crema_1079,DIS,ANG,-1,1,1,1,,data\preprocessed\features\z_at\FAKE_T3_1079_TSI_ANG_XX__AUDIO_1079_TSI_DIS_XX_sadtalker.pt,data\preprocessed\features\z_v\FAKE_T3_1079_TSI_ANG_XX__AUDIO_1079_TSI_DIS_XX_sadtalker.pt
FAKE_T3_1079_TSI_DIS_XX__AUDIO_1079_TSI_FEA_XX_sadtalker,track3,1,crema_1079,FEA,DIS,-1,1,1,1,,data\preprocessed\features\z_at\FAKE_T3_1079_TSI_DIS_XX__AUDIO_1079_TSI_FEA_XX_sadtalker.pt,data\preprocessed\features\z_v\FAKE_T3_1079_TSI_DIS_XX__AUDIO_1079_TSI_FEA_XX_sadtalker.pt
FAKE_T3_1079_TSI_FEA_XX__AUDIO_1079_TSI_HAP_XX_sadtalker,track3,1,crema_1079,HAP,FEA,-1,1,1,1,,data\preprocessed\features\z_at\FAKE_T3_1079_TSI_FEA_XX__AUDIO_1079_TSI_HAP_XX_sadtalker.pt,data\preprocessed\features\z_v\FAKE_T3_1079_TSI_FEA_XX__AUDIO_1079_TSI_HAP_XX_sadtalker.pt
FAKE_T3_1079_TSI_NEU_XX__AUDIO_1079_TSI_SAD_XX_sadtalker,track3,1,crema_1079,SAD,NEU,-1,1,1,1,,data\preprocessed\features\z_at\FAKE_T3_1079_TSI_NEU_XX__AUDIO_1079_TSI_SAD_XX_sadtalker.pt,data\preprocessed\features\z_v\FAKE_T3_1079_TSI_NEU_XX__AUDIO_1079_TSI_SAD_XX_sadtalker.pt
FAKE_T3_1079_WSI_HAP_XX__AUDIO_1079_WSI_NEU_XX_sadtalker,track3,1,crema_1079,NEU,HAP,-1,1,1,1,,data\preprocessed\features\z_at\FAKE_T3_1079_WSI_HAP_XX__AUDIO_1079_WSI_NEU_XX_sadtalker.pt,data\preprocessed\features\z_v\FAKE_T3_1079_WSI_HAP_XX__AUDIO_1079_WSI_NEU_XX_sadtalker.pt
FAKE_T3_1079_WSI_NEU_XX__AUDIO_1079_WSI_SAD_XX_sadtalker,track3,1,crema_1079,SAD,NEU,-1,1,1,1,,data\preprocessed\features\z_at\FAKE_T3_1079_WSI_NEU_XX__AUDIO_1079_WSI_SAD_XX_sadtalker.pt,data\preprocessed\features\z_v\FAKE_T3_1079_WSI_NEU_XX__AUDIO_1079_WSI_SAD_XX_sadtalker.pt
FAKE_T3_1079_WSI_SAD_XX__AUDIO_1079_WSI_ANG_XX_sadtalker,track3,1,crema_1079,ANG,SAD,-1,1,1,1,,data\preprocessed\features\z_at\FAKE_T3_1079_WSI_SAD_XX__AUDIO_1079_WSI_ANG_XX_sadtalker.pt,data\preprocessed\features\z_v\FAKE_T3_1079_WSI_SAD_XX__AUDIO_1079_WSI_ANG_XX_sadtalker.pt
FAKE_T3_1080_DFA_FEA_XX__AUDIO_1080_DFA_HAP_XX_sadtalker,track3,1,crema_1080,HAP,FEA,-1,1,1,1,,data\preprocessed\features\z_at\FAKE_T3_1080_DFA_FEA_XX__AUDIO_1080_DFA_HAP_XX_sadtalker.pt,data\preprocessed\features\z_v\FAKE_T3_1080_DFA_FEA_XX__AUDIO_1080_DFA_HAP_XX_sadtalker.pt
FAKE_T3_1080_DFA_SAD_XX__AUDIO_1080_DFA_ANG_XX_sadtalker,track3,1,crema_1080,ANG,SAD,-1,1,1,1,,data\preprocessed\features\z_at\FAKE_T3_1080_DFA_SAD_XX__AUDIO_1080_DFA_ANG_XX_sadtalker.pt,data\preprocessed\features\z_v\FAKE_T3_1080_DFA_SAD_XX__AUDIO_1080_DFA_ANG_XX_sadtalker.pt
FAKE_T3_1080_IEO_ANG_LO__AUDIO_1080_IEO_DIS_LO_sadtalker,track3,1,crema_1080,DIS,ANG,-1,1,1,1,,data\preprocessed\features\z_at\FAKE_T3_1080_IEO_ANG_LO__AUDIO_1080_IEO_DIS_LO_sadtalker.pt,data\preprocessed\features\z_v\FAKE_T3_1080_IEO_ANG_LO__AUDIO_1080_IEO_DIS_LO_sadtalker.pt
FAKE_T3_1080_IEO_ANG_MD__AUDIO_1080_IEO_DIS_MD_sadtalker,track3,1,crema_1080,DIS,ANG,-1,1,1,1,,data\preprocessed\features\z_at\FAKE_T3_1080_IEO_ANG_MD__AUDIO_1080_IEO_DIS_MD_sadtalker.pt,data\preprocessed\features\z_v\FAKE_T3_1080_IEO_ANG_MD__AUDIO_1080_IEO_DIS_MD_sadtalker.pt
FAKE_T3_1080_IEO_DIS_LO__AUDIO_1080_IEO_FEA_LO_sadtalker,track3,1,crema_1080,FEA,DIS,-1,1,1,1,,data\preprocessed\features\z_at\FAKE_T3_1080_IEO_DIS_LO__AUDIO_1080_IEO_FEA_LO_sadtalker.pt,data\preprocessed\features\z_v\FAKE_T3_1080_IEO_DIS_LO__AUDIO_1080_IEO_FEA_LO_sadtalker.pt
FAKE_T3_1080_IEO_FEA_HI__AUDIO_1080_IEO_HAP_HI_sadtalker,track3,1,crema_1080,HAP,FEA,-1,1,1,1,,data\preprocessed\features\z_at\FAKE_T3_1080_IEO_FEA_HI__AUDIO_1080_IEO_HAP_HI_sadtalker.pt,data\preprocessed\features\z_v\FAKE_T3_1080_IEO_FEA_HI__AUDIO_1080_IEO_HAP_HI_sadtalker.pt
FAKE_T3_1080_IEO_FEA_LO__AUDIO_1080_IEO_HAP_LO_sadtalker,track3,1,crema_1080,HAP,FEA,-1,1,1,1,,data\preprocessed\features\z_at\FAKE_T3_1080_IEO_FEA_LO__AUDIO_1080_IEO_HAP_LO_sadtalker.pt,data\preprocessed\features\z_v\FAKE_T3_1080_IEO_FEA_LO__AUDIO_1080_IEO_HAP_LO_sadtalker.pt
FAKE_T3_1080_IEO_FEA_MD__AUDIO_1080_IEO_HAP_MD_sadtalker,track3,1,crema_1080,HAP,FEA,-1,1,1,1,,data\preprocessed\features\z_at\FAKE_T3_1080_IEO_FEA_MD__AUDIO_1080_IEO_HAP_MD_sadtalker.pt,data\preprocessed\features\z_v\FAKE_T3_1080_IEO_FEA_MD__AUDIO_1080_IEO_HAP_MD_sadtalker.pt
FAKE_T3_1080_IEO_NEU_XX__AUDIO_1080_IEO_SAD_HI_sadtalker,track3,1,crema_1080,SAD,NEU,-1,1,1,1,,data\preprocessed\features\z_at\FAKE_T3_1080_IEO_NEU_XX__AUDIO_1080_IEO_SAD_HI_sadtalker.pt,data\preprocessed\features\z_v\FAKE_T3_1080_IEO_NEU_XX__AUDIO_1080_IEO_SAD_HI_sadtalker.pt
FAKE_T3_1080_IOM_ANG_XX__AUDIO_1080_IOM_DIS_XX_sadtalker,track3,1,crema_1080,DIS,ANG,-1,1,1,1,,data\preprocessed\features\z_at\FAKE_T3_1080_IOM_ANG_XX__AUDIO_1080_IOM_DIS_XX_sadtalker.pt,data\preprocessed\features\z_v\FAKE_T3_1080_IOM_ANG_XX__AUDIO_1080_IOM_DIS_XX_sadtalker.pt
FAKE_T3_1080_IOM_HAP_XX__AUDIO_1080_IOM_NEU_XX_sadtalker,track3,1,crema_1080,NEU,HAP,-1,1,1,1,,data\preprocessed\features\z_at\FAKE_T3_1080_IOM_HAP_XX__AUDIO_1080_IOM_NEU_XX_sadtalker.pt,data\preprocessed\features\z_v\FAKE_T3_1080_IOM_HAP_XX__AUDIO_1080_IOM_NEU_XX_sadtalker.pt
FAKE_T3_1080_ITH_ANG_XX__AUDIO_1080_ITH_DIS_XX_sadtalker,track3,1,crema_1080,DIS,ANG,-1,1,1,1,,data\preprocessed\features\z_at\FAKE_T3_1080_ITH_ANG_XX__AUDIO_1080_ITH_DIS_XX_sadtalker.pt,data\preprocessed\features\z_v\FAKE_T3_1080_ITH_ANG_XX__AUDIO_1080_ITH_DIS_XX_sadtalker.pt
FAKE_T3_1080_ITH_FEA_XX__AUDIO_1080_ITH_HAP_XX_sadtalker,track3,1,crema_1080,HAP,FEA,-1,1,1,1,,data\preprocessed\features\z_at\FAKE_T3_1080_ITH_FEA_XX__AUDIO_1080_ITH_HAP_XX_sadtalker.pt,data\preprocessed\features\z_v\FAKE_T3_1080_ITH_FEA_XX__AUDIO_1080_ITH_HAP_XX_sadtalker.pt
FAKE_T3_1080_ITH_HAP_XX__AUDIO_1080_ITH_NEU_XX_sadtalker,track3,1,crema_1080,NEU,HAP,-1,1,1,1,,data\preprocessed\features\z_at\FAKE_T3_1080_ITH_HAP_XX__AUDIO_1080_ITH_NEU_XX_sadtalker.pt,data\preprocessed\features\z_v\FAKE_T3_1080_ITH_HAP_XX__AUDIO_1080_ITH_NEU_XX_sadtalker.pt
FAKE_T3_1080_ITH_SAD_XX__AUDIO_1080_ITH_ANG_XX_sadtalker,track3,1,crema_1080,ANG,SAD,-1,1,1,1,,data\preprocessed\features\z_at\FAKE_T3_1080_ITH_SAD_XX__AUDIO_1080_ITH_ANG_XX_sadtalker.pt,data\preprocessed\features\z_v\FAKE_T3_1080_ITH_SAD_XX__AUDIO_1080_ITH_ANG_XX_sadtalker.pt
FAKE_T3_1080_ITS_ANG_XX__AUDIO_1080_ITS_DIS_XX_sadtalker,track3,1,crema_1080,DIS,ANG,-1,1,1,1,,data\preprocessed\features\z_at\FAKE_T3_1080_ITS_ANG_XX__AUDIO_1080_ITS_DIS_XX_sadtalker.pt,data\preprocessed\features\z_v\FAKE_T3_1080_ITS_ANG_XX__AUDIO_1080_ITS_DIS_XX_sadtalker.pt
FAKE_T3_1080_ITS_HAP_XX__AUDIO_1080_ITS_NEU_XX_sadtalker,track3,1,crema_1080,NEU,HAP,-1,1,1,1,,data\preprocessed\features\z_at\FAKE_T3_1080_ITS_HAP_XX__AUDIO_1080_ITS_NEU_XX_sadtalker.pt,data\preprocessed\features\z_v\FAKE_T3_1080_ITS_HAP_XX__AUDIO_1080_ITS_NEU_XX_sadtalker.pt
FAKE_T3_1080_ITS_NEU_XX__AUDIO_1080_ITS_SAD_XX_sadtalker,track3,1,crema_1080,SAD,NEU,-1,1,1,1,,data\preprocessed\features\z_at\FAKE_T3_1080_ITS_NEU_XX__AUDIO_1080_ITS_SAD_XX_sadtalker.pt,data\preprocessed\features\z_v\FAKE_T3_1080_ITS_NEU_XX__AUDIO_1080_ITS_SAD_XX_sadtalker.pt
FAKE_T3_1080_ITS_SAD_XX__AUDIO_1080_ITS_ANG_XX_sadtalker,track3,1,crema_1080,ANG,SAD,-1,1,1,1,,data\preprocessed\features\z_at\FAKE_T3_1080_ITS_SAD_XX__AUDIO_1080_ITS_ANG_XX_sadtalker.pt,data\preprocessed\features\z_v\FAKE_T3_1080_ITS_SAD_XX__AUDIO_1080_ITS_ANG_XX_sadtalker.pt
FAKE_T3_1080_IWL_ANG_XX__AUDIO_1080_IWL_DIS_XX_sadtalker,track3,1,crema_1080,DIS,ANG,-1,1,1,1,,data\preprocessed\features\z_at\FAKE_T3_1080_IWL_ANG_XX__AUDIO_1080_IWL_DIS_XX_sadtalker.pt,data\preprocessed\features\z_v\FAKE_T3_1080_IWL_ANG_XX__AUDIO_1080_IWL_DIS_XX_sadtalker.pt
FAKE_T3_1080_IWL_FEA_XX__AUDIO_1080_IWL_HAP_XX_sadtalker,track3,1,crema_1080,HAP,FEA,-1,1,1,1,,data\preprocessed\features\z_at\FAKE_T3_1080_IWL_FEA_XX__AUDIO_1080_IWL_HAP_XX_sadtalker.pt,data\preprocessed\features\z_v\FAKE_T3_1080_IWL_FEA_XX__AUDIO_1080_IWL_HAP_XX_sadtalker.pt
FAKE_T3_1080_IWL_NEU_XX__AUDIO_1080_IWL_SAD_XX_sadtalker,track3,1,crema_1080,SAD,NEU,-1,1,1,1,,data\preprocessed\features\z_at\FAKE_T3_1080_IWL_NEU_XX__AUDIO_1080_IWL_SAD_XX_sadtalker.pt,data\preprocessed\features\z_v\FAKE_T3_1080_IWL_NEU_XX__AUDIO_1080_IWL_SAD_XX_sadtalker.pt
FAKE_T3_1080_IWL_SAD_XX__AUDIO_1080_IWL_ANG_XX_sadtalker,track3,1,crema_1080,ANG,SAD,-1,1,1,1,,data\preprocessed\features\z_at\FAKE_T3_1080_IWL_SAD_XX__AUDIO_1080_IWL_ANG_XX_sadtalker.pt,data\preprocessed\features\z_v\FAKE_T3_1080_IWL_SAD_XX__AUDIO_1080_IWL_ANG_XX_sadtalker.pt
FAKE_T3_1080_IWW_FEA_XX__AUDIO_1080_IWW_HAP_XX_sadtalker,track3,1,crema_1080,HAP,FEA,-1,1,1,1,,data\preprocessed\features\z_at\FAKE_T3_1080_IWW_FEA_XX__AUDIO_1080_IWW_HAP_XX_sadtalker.pt,data\preprocessed\features\z_v\FAKE_T3_1080_IWW_FEA_XX__AUDIO_1080_IWW_HAP_XX_sadtalker.pt
FAKE_T3_1080_IWW_HAP_XX__AUDIO_1080_IWW_NEU_XX_sadtalker,track3,1,crema_1080,NEU,HAP,-1,1,1,1,,data\preprocessed\features\z_at\FAKE_T3_1080_IWW_HAP_XX__AUDIO_1080_IWW_NEU_XX_sadtalker.pt,data\preprocessed\features\z_v\FAKE_T3_1080_IWW_HAP_XX__AUDIO_1080_IWW_NEU_XX_sadtalker.pt
FAKE_T3_1080_IWW_NEU_XX__AUDIO_1080_IWW_SAD_XX_sadtalker,track3,1,crema_1080,SAD,NEU,-1,1,1,1,,data\preprocessed\features\z_at\FAKE_T3_1080_IWW_NEU_XX__AUDIO_1080_IWW_SAD_XX_sadtalker.pt,data\preprocessed\features\z_v\FAKE_T3_1080_IWW_NEU_XX__AUDIO_1080_IWW_SAD_XX_sadtalker.pt
FAKE_T3_1080_MTI_ANG_XX__AUDIO_1080_MTI_DIS_XX_sadtalker,track3,1,crema_1080,DIS,ANG,-1,1,1,1,,data\preprocessed\features\z_at\FAKE_T3_1080_MTI_ANG_XX__AUDIO_1080_MTI_DIS_XX_sadtalker.pt,data\preprocessed\features\z_v\FAKE_T3_1080_MTI_ANG_XX__AUDIO_1080_MTI_DIS_XX_sadtalker.pt
FAKE_T3_1080_MTI_DIS_XX__AUDIO_1080_MTI_FEA_XX_sadtalker,track3,1,crema_1080,FEA,DIS,-1,1,1,1,,data\preprocessed\features\z_at\FAKE_T3_1080_MTI_DIS_XX__AUDIO_1080_MTI_FEA_XX_sadtalker.pt,data\preprocessed\features\z_v\FAKE_T3_1080_MTI_DIS_XX__AUDIO_1080_MTI_FEA_XX_sadtalker.pt
FAKE_T3_1080_MTI_FEA_XX__AUDIO_1080_MTI_HAP_XX_sadtalker,track3,1,crema_1080,HAP,FEA,-1,1,1,1,,data\preprocessed\features\z_at\FAKE_T3_1080_MTI_FEA_XX__AUDIO_1080_MTI_HAP_XX_sadtalker.pt,data\preprocessed\features\z_v\FAKE_T3_1080_MTI_FEA_XX__AUDIO_1080_MTI_HAP_XX_sadtalker.pt
FAKE_T3_1080_MTI_HAP_XX__AUDIO_1080_MTI_NEU_XX_sadtalker,track3,1,crema_1080,NEU,HAP,-1,1,1,1,,data\preprocessed\features\z_at\FAKE_T3_1080_MTI_HAP_XX__AUDIO_1080_MTI_NEU_XX_sadtalker.pt,data\preprocessed\features\z_v\FAKE_T3_1080_MTI_HAP_XX__AUDIO_1080_MTI_NEU_XX_sadtalker.pt
FAKE_T3_1080_MTI_NEU_XX__AUDIO_1080_MTI_SAD_XX_sadtalker,track3,1,crema_1080,SAD,NEU,-1,1,1,1,,data\preprocessed\features\z_at\FAKE_T3_1080_MTI_NEU_XX__AUDIO_1080_MTI_SAD_XX_sadtalker.pt,data\preprocessed\features\z_v\FAKE_T3_1080_MTI_NEU_XX__AUDIO_1080_MTI_SAD_XX_sadtalker.pt
FAKE_T3_1080_TAI_FEA_XX__AUDIO_1080_TAI_HAP_XX_sadtalker,track3,1,crema_1080,HAP,FEA,-1,1,1,1,,data\preprocessed\features\z_at\FAKE_T3_1080_TAI_FEA_XX__AUDIO_1080_TAI_HAP_XX_sadtalker.pt,data\preprocessed\features\z_v\FAKE_T3_1080_TAI_FEA_XX__AUDIO_1080_TAI_HAP_XX_sadtalker.pt
FAKE_T3_1080_TAI_HAP_XX__AUDIO_1080_TAI_NEU_XX_sadtalker,track3,1,crema_1080,NEU,HAP,-1,1,1,1,,data\preprocessed\features\z_at\FAKE_T3_1080_TAI_HAP_XX__AUDIO_1080_TAI_NEU_XX_sadtalker.pt,data\preprocessed\features\z_v\FAKE_T3_1080_TAI_HAP_XX__AUDIO_1080_TAI_NEU_XX_sadtalker.pt
FAKE_T3_1080_TIE_ANG_XX__AUDIO_1080_TIE_DIS_XX_sadtalker,track3,1,crema_1080,DIS,ANG,-1,1,1,1,,data\preprocessed\features\z_at\FAKE_T3_1080_TIE_ANG_XX__AUDIO_1080_TIE_DIS_XX_sadtalker.pt,data\preprocessed\features\z_v\FAKE_T3_1080_TIE_ANG_XX__AUDIO_1080_TIE_DIS_XX_sadtalker.pt
FAKE_T3_1080_TIE_SAD_XX__AUDIO_1080_TIE_ANG_XX_sadtalker,track3,1,crema_1080,ANG,SAD,-1,1,1,1,,data\preprocessed\features\z_at\FAKE_T3_1080_TIE_SAD_XX__AUDIO_1080_TIE_ANG_XX_sadtalker.pt,data\preprocessed\features\z_v\FAKE_T3_1080_TIE_SAD_XX__AUDIO_1080_TIE_ANG_XX_sadtalker.pt
FAKE_T3_1080_TSI_HAP_XX__AUDIO_1080_TSI_NEU_XX_sadtalker,track3,1,crema_1080,NEU,HAP,-1,1,1,1,,data\preprocessed\features\z_at\FAKE_T3_1080_TSI_HAP_XX__AUDIO_1080_TSI_NEU_XX_sadtalker.pt,data\preprocessed\features\z_v\FAKE_T3_1080_TSI_HAP_XX__AUDIO_1080_TSI_NEU_XX_sadtalker.pt
FAKE_T3_1080_TSI_SAD_XX__AUDIO_1080_TSI_ANG_XX_sadtalker,track3,1,crema_1080,ANG,SAD,-1,1,1,1,,data\preprocessed\features\z_at\FAKE_T3_1080_TSI_SAD_XX__AUDIO_1080_TSI_ANG_XX_sadtalker.pt,data\preprocessed\features\z_v\FAKE_T3_1080_TSI_SAD_XX__AUDIO_1080_TSI_ANG_XX_sadtalker.pt
FAKE_T3_1080_WSI_FEA_XX__AUDIO_1080_WSI_HAP_XX_sadtalker,track3,1,crema_1080,HAP,FEA,-1,1,1,1,,data\preprocessed\features\z_at\FAKE_T3_1080_WSI_FEA_XX__AUDIO_1080_WSI_HAP_XX_sadtalker.pt,data\preprocessed\features\z_v\FAKE_T3_1080_WSI_FEA_XX__AUDIO_1080_WSI_HAP_XX_sadtalker.pt
FAKE_T3_1080_WSI_HAP_XX__AUDIO_1080_WSI_NEU_XX_sadtalker,track3,1,crema_1080,NEU,HAP,-1,1,1,1,,data\preprocessed\features\z_at\FAKE_T3_1080_WSI_HAP_XX__AUDIO_1080_WSI_NEU_XX_sadtalker.pt,data\preprocessed\features\z_v\FAKE_T3_1080_WSI_HAP_XX__AUDIO_1080_WSI_NEU_XX_sadtalker.pt
FAKE_T3_1080_WSI_NEU_XX__AUDIO_1080_WSI_SAD_XX_sadtalker,track3,1,crema_1080,SAD,NEU,-1,1,1,1,,data\preprocessed\features\z_at\FAKE_T3_1080_WSI_NEU_XX__AUDIO_1080_WSI_SAD_XX_sadtalker.pt,data\preprocessed\features\z_v\FAKE_T3_1080_WSI_NEU_XX__AUDIO_1080_WSI_SAD_XX_sadtalker.pt
FAKE_T3_1080_WSI_SAD_XX__AUDIO_1080_WSI_ANG_XX_sadtalker,track3,1,crema_1080,ANG,SAD,-1,1,1,1,,data\preprocessed\features\z_at\FAKE_T3_1080_WSI_SAD_XX__AUDIO_1080_WSI_ANG_XX_sadtalker.pt,data\preprocessed\features\z_v\FAKE_T3_1080_WSI_SAD_XX__AUDIO_1080_WSI_ANG_XX_sadtalker.pt
FAKE_T3_1081_DFA_ANG_XX__AUDIO_1081_DFA_DIS_XX_sadtalker,track3,1,crema_1081,DIS,ANG,-1,1,1,1,,data\preprocessed\features\z_at\FAKE_T3_1081_DFA_ANG_XX__AUDIO_1081_DFA_DIS_XX_sadtalker.pt,data\preprocessed\features\z_v\FAKE_T3_1081_DFA_ANG_XX__AUDIO_1081_DFA_DIS_XX_sadtalker.pt
FAKE_T3_1081_DFA_DIS_XX__AUDIO_1081_DFA_FEA_XX_sadtalker,track3,1,crema_1081,FEA,DIS,-1,1,1,1,,data\preprocessed\features\z_at\FAKE_T3_1081_DFA_DIS_XX__AUDIO_1081_DFA_FEA_XX_sadtalker.pt,data\preprocessed\features\z_v\FAKE_T3_1081_DFA_DIS_XX__AUDIO_1081_DFA_FEA_XX_sadtalker.pt
FAKE_T3_1081_DFA_NEU_XX__AUDIO_1081_DFA_SAD_XX_sadtalker,track3,1,crema_1081,SAD,NEU,-1,1,1,1,,data\preprocessed\features\z_at\FAKE_T3_1081_DFA_NEU_XX__AUDIO_1081_DFA_SAD_XX_sadtalker.pt,data\preprocessed\features\z_v\FAKE_T3_1081_DFA_NEU_XX__AUDIO_1081_DFA_SAD_XX_sadtalker.pt
FAKE_T3_1081_IEO_ANG_HI__AUDIO_1081_IEO_DIS_HI_sadtalker,track3,1,crema_1081,DIS,ANG,-1,1,1,1,,data\preprocessed\features\z_at\FAKE_T3_1081_IEO_ANG_HI__AUDIO_1081_IEO_DIS_HI_sadtalker.pt,data\preprocessed\features\z_v\FAKE_T3_1081_IEO_ANG_HI__AUDIO_1081_IEO_DIS_HI_sadtalker.pt
FAKE_T3_1081_IEO_DIS_HI__AUDIO_1081_IEO_FEA_HI_sadtalker,track3,1,crema_1081,FEA,DIS,-1,1,1,1,,data\preprocessed\features\z_at\FAKE_T3_1081_IEO_DIS_HI__AUDIO_1081_IEO_FEA_HI_sadtalker.pt,data\preprocessed\features\z_v\FAKE_T3_1081_IEO_DIS_HI__AUDIO_1081_IEO_FEA_HI_sadtalker.pt
FAKE_T3_1081_IEO_FEA_HI__AUDIO_1081_IEO_HAP_HI_sadtalker,track3,1,crema_1081,HAP,FEA,-1,1,1,1,,data\preprocessed\features\z_at\FAKE_T3_1081_IEO_FEA_HI__AUDIO_1081_IEO_HAP_HI_sadtalker.pt,data\preprocessed\features\z_v\FAKE_T3_1081_IEO_FEA_HI__AUDIO_1081_IEO_HAP_HI_sadtalker.pt
FAKE_T3_1081_IEO_FEA_LO__AUDIO_1081_IEO_HAP_LO_sadtalker,track3,1,crema_1081,HAP,FEA,-1,1,1,1,,data\preprocessed\features\z_at\FAKE_T3_1081_IEO_FEA_LO__AUDIO_1081_IEO_HAP_LO_sadtalker.pt,data\preprocessed\features\z_v\FAKE_T3_1081_IEO_FEA_LO__AUDIO_1081_IEO_HAP_LO_sadtalker.pt
FAKE_T3_1081_IEO_FEA_MD__AUDIO_1081_IEO_HAP_MD_sadtalker,track3,1,crema_1081,HAP,FEA,-1,1,1,1,,data\preprocessed\features\z_at\FAKE_T3_1081_IEO_FEA_MD__AUDIO_1081_IEO_HAP_MD_sadtalker.pt,data\preprocessed\features\z_v\FAKE_T3_1081_IEO_FEA_MD__AUDIO_1081_IEO_HAP_MD_sadtalker.pt
FAKE_T3_1081_IEO_NEU_XX__AUDIO_1081_IEO_SAD_HI_sadtalker,track3,1,crema_1081,SAD,NEU,-1,1,1,1,,data\preprocessed\features\z_at\FAKE_T3_1081_IEO_NEU_XX__AUDIO_1081_IEO_SAD_HI_sadtalker.pt,data\preprocessed\features\z_v\FAKE_T3_1081_IEO_NEU_XX__AUDIO_1081_IEO_SAD_HI_sadtalker.pt
FAKE_T3_1081_IEO_SAD_LO__AUDIO_1081_IEO_ANG_LO_sadtalker,track3,1,crema_1081,ANG,SAD,-1,1,1,1,,data\preprocessed\features\z_at\FAKE_T3_1081_IEO_SAD_LO__AUDIO_1081_IEO_ANG_LO_sadtalker.pt,data\preprocessed\features\z_v\FAKE_T3_1081_IEO_SAD_LO__AUDIO_1081_IEO_ANG_LO_sadtalker.pt
FAKE_T3_1081_IEO_SAD_MD__AUDIO_1081_IEO_ANG_MD_sadtalker,track3,1,crema_1081,ANG,SAD,-1,1,1,1,,data\preprocessed\features\z_at\FAKE_T3_1081_IEO_SAD_MD__AUDIO_1081_IEO_ANG_MD_sadtalker.pt,data\preprocessed\features\z_v\FAKE_T3_1081_IEO_SAD_MD__AUDIO_1081_IEO_ANG_MD_sadtalker.pt
FAKE_T3_1081_IOM_FEA_XX__AUDIO_1081_IOM_HAP_XX_sadtalker,track3,1,crema_1081,HAP,FEA,-1,1,1,1,,data\preprocessed\features\z_at\FAKE_T3_1081_IOM_FEA_XX__AUDIO_1081_IOM_HAP_XX_sadtalker.pt,data\preprocessed\features\z_v\FAKE_T3_1081_IOM_FEA_XX__AUDIO_1081_IOM_HAP_XX_sadtalker.pt
FAKE_T3_1081_IOM_HAP_XX__AUDIO_1081_IOM_NEU_XX_sadtalker,track3,1,crema_1081,NEU,HAP,-1,1,1,1,,data\preprocessed\features\z_at\FAKE_T3_1081_IOM_HAP_XX__AUDIO_1081_IOM_NEU_XX_sadtalker.pt,data\preprocessed\features\z_v\FAKE_T3_1081_IOM_HAP_XX__AUDIO_1081_IOM_NEU_XX_sadtalker.pt
FAKE_T3_1081_IOM_NEU_XX__AUDIO_1081_IOM_SAD_XX_sadtalker,track3,1,crema_1081,SAD,NEU,-1,1,1,1,,data\preprocessed\features\z_at\FAKE_T3_1081_IOM_NEU_XX__AUDIO_1081_IOM_SAD_XX_sadtalker.pt,data\preprocessed\features\z_v\FAKE_T3_1081_IOM_NEU_XX__AUDIO_1081_IOM_SAD_XX_sadtalker.pt
FAKE_T3_1081_IOM_SAD_XX__AUDIO_1081_IOM_ANG_XX_sadtalker,track3,1,crema_1081,ANG,SAD,-1,1,1,1,,data\preprocessed\features\z_at\FAKE_T3_1081_IOM_SAD_XX__AUDIO_1081_IOM_ANG_XX_sadtalker.pt,data\preprocessed\features\z_v\FAKE_T3_1081_IOM_SAD_XX__AUDIO_1081_IOM_ANG_XX_sadtalker.pt
FAKE_T3_1081_ITH_DIS_XX__AUDIO_1081_ITH_FEA_XX_sadtalker,track3,1,crema_1081,FEA,DIS,-1,1,1,1,,data\preprocessed\features\z_at\FAKE_T3_1081_ITH_DIS_XX__AUDIO_1081_ITH_FEA_XX_sadtalker.pt,data\preprocessed\features\z_v\FAKE_T3_1081_ITH_DIS_XX__AUDIO_1081_ITH_FEA_XX_sadtalker.pt
FAKE_T3_1081_ITH_NEU_XX__AUDIO_1081_ITH_SAD_XX_sadtalker,track3,1,crema_1081,SAD,NEU,-1,1,1,1,,data\preprocessed\features\z_at\FAKE_T3_1081_ITH_NEU_XX__AUDIO_1081_ITH_SAD_XX_sadtalker.pt,data\preprocessed\features\z_v\FAKE_T3_1081_ITH_NEU_XX__AUDIO_1081_ITH_SAD_XX_sadtalker.pt
FAKE_T3_1081_ITH_SAD_XX__AUDIO_1081_ITH_ANG_XX_sadtalker,track3,1,crema_1081,ANG,SAD,-1,1,1,1,,data\preprocessed\features\z_at\FAKE_T3_1081_ITH_SAD_XX__AUDIO_1081_ITH_ANG_XX_sadtalker.pt,data\preprocessed\features\z_v\FAKE_T3_1081_ITH_SAD_XX__AUDIO_1081_ITH_ANG_XX_sadtalker.pt
FAKE_T3_1081_ITS_DIS_XX__AUDIO_1081_ITS_FEA_XX_sadtalker,track3,1,crema_1081,FEA,DIS,-1,1,1,1,,data\preprocessed\features\z_at\FAKE_T3_1081_ITS_DIS_XX__AUDIO_1081_ITS_FEA_XX_sadtalker.pt,data\preprocessed\features\z_v\FAKE_T3_1081_ITS_DIS_XX__AUDIO_1081_ITS_FEA_XX_sadtalker.pt
FAKE_T3_1081_ITS_HAP_XX__AUDIO_1081_ITS_NEU_XX_sadtalker,track3,1,crema_1081,NEU,HAP,-1,1,1,1,,data\preprocessed\features\z_at\FAKE_T3_1081_ITS_HAP_XX__AUDIO_1081_ITS_NEU_XX_sadtalker.pt,data\preprocessed\features\z_v\FAKE_T3_1081_ITS_HAP_XX__AUDIO_1081_ITS_NEU_XX_sadtalker.pt
FAKE_T3_1081_IWL_DIS_XX__AUDIO_1081_IWL_FEA_XX_sadtalker,track3,1,crema_1081,FEA,DIS,-1,1,1,1,,data\preprocessed\features\z_at\FAKE_T3_1081_IWL_DIS_XX__AUDIO_1081_IWL_FEA_XX_sadtalker.pt,data\preprocessed\features\z_v\FAKE_T3_1081_IWL_DIS_XX__AUDIO_1081_IWL_FEA_XX_sadtalker.pt
FAKE_T3_1081_IWL_FEA_XX__AUDIO_1081_IWL_HAP_XX_sadtalker,track3,1,crema_1081,HAP,FEA,-1,1,1,1,,data\preprocessed\features\z_at\FAKE_T3_1081_IWL_FEA_XX__AUDIO_1081_IWL_HAP_XX_sadtalker.pt,data\preprocessed\features\z_v\FAKE_T3_1081_IWL_FEA_XX__AUDIO_1081_IWL_HAP_XX_sadtalker.pt
FAKE_T3_1081_IWW_FEA_XX__AUDIO_1081_IWW_HAP_XX_sadtalker,track3,1,crema_1081,HAP,FEA,-1,1,1,1,,data\preprocessed\features\z_at\FAKE_T3_1081_IWW_FEA_XX__AUDIO_1081_IWW_HAP_XX_sadtalker.pt,data\preprocessed\features\z_v\FAKE_T3_1081_IWW_FEA_XX__AUDIO_1081_IWW_HAP_XX_sadtalker.pt
FAKE_T3_1081_MTI_ANG_XX__AUDIO_1081_MTI_DIS_XX_sadtalker,track3,1,crema_1081,DIS,ANG,-1,1,1,1,,data\preprocessed\features\z_at\FAKE_T3_1081_MTI_ANG_XX__AUDIO_1081_MTI_DIS_XX_sadtalker.pt,data\preprocessed\features\z_v\FAKE_T3_1081_MTI_ANG_XX__AUDIO_1081_MTI_DIS_XX_sadtalker.pt
FAKE_T3_1081_MTI_DIS_XX__AUDIO_1081_MTI_FEA_XX_sadtalker,track3,1,crema_1081,FEA,DIS,-1,1,1,1,,data\preprocessed\features\z_at\FAKE_T3_1081_MTI_DIS_XX__AUDIO_1081_MTI_FEA_XX_sadtalker.pt,data\preprocessed\features\z_v\FAKE_T3_1081_MTI_DIS_XX__AUDIO_1081_MTI_FEA_XX_sadtalker.pt
FAKE_T3_1081_MTI_NEU_XX__AUDIO_1081_MTI_SAD_XX_sadtalker,track3,1,crema_1081,SAD,NEU,-1,1,1,1,,data\preprocessed\features\z_at\FAKE_T3_1081_MTI_NEU_XX__AUDIO_1081_MTI_SAD_XX_sadtalker.pt,data\preprocessed\features\z_v\FAKE_T3_1081_MTI_NEU_XX__AUDIO_1081_MTI_SAD_XX_sadtalker.pt
FAKE_T3_1081_MTI_SAD_XX__AUDIO_1081_MTI_ANG_XX_sadtalker,track3,1,crema_1081,ANG,SAD,-1,1,1,1,,data\preprocessed\features\z_at\FAKE_T3_1081_MTI_SAD_XX__AUDIO_1081_MTI_ANG_XX_sadtalker.pt,data\preprocessed\features\z_v\FAKE_T3_1081_MTI_SAD_XX__AUDIO_1081_MTI_ANG_XX_sadtalker.pt
FAKE_T3_1081_TAI_ANG_XX__AUDIO_1081_TAI_DIS_XX_sadtalker,track3,1,crema_1081,DIS,ANG,-1,1,1,1,,data\preprocessed\features\z_at\FAKE_T3_1081_TAI_ANG_XX__AUDIO_1081_TAI_DIS_XX_sadtalker.pt,data\preprocessed\features\z_v\FAKE_T3_1081_TAI_ANG_XX__AUDIO_1081_TAI_DIS_XX_sadtalker.pt
FAKE_T3_1081_TAI_FEA_XX__AUDIO_1081_TAI_HAP_XX_sadtalker,track3,1,crema_1081,HAP,FEA,-1,1,1,1,,data\preprocessed\features\z_at\FAKE_T3_1081_TAI_FEA_XX__AUDIO_1081_TAI_HAP_XX_sadtalker.pt,data\preprocessed\features\z_v\FAKE_T3_1081_TAI_FEA_XX__AUDIO_1081_TAI_HAP_XX_sadtalker.pt
FAKE_T3_1081_TAI_SAD_XX__AUDIO_1081_TAI_ANG_XX_sadtalker,track3,1,crema_1081,ANG,SAD,-1,1,1,1,,data\preprocessed\features\z_at\FAKE_T3_1081_TAI_SAD_XX__AUDIO_1081_TAI_ANG_XX_sadtalker.pt,data\preprocessed\features\z_v\FAKE_T3_1081_TAI_SAD_XX__AUDIO_1081_TAI_ANG_XX_sadtalker.pt
FAKE_T3_1081_TIE_HAP_XX__AUDIO_1081_TIE_NEU_XX_sadtalker,track3,1,crema_1081,NEU,HAP,-1,1,1,1,,data\preprocessed\features\z_at\FAKE_T3_1081_TIE_HAP_XX__AUDIO_1081_TIE_NEU_XX_sadtalker.pt,data\preprocessed\features\z_v\FAKE_T3_1081_TIE_HAP_XX__AUDIO_1081_TIE_NEU_XX_sadtalker.pt
FAKE_T3_1081_TIE_NEU_XX__AUDIO_1081_TIE_SAD_XX_sadtalker,track3,1,crema_1081,SAD,NEU,-1,1,1,1,,data\preprocessed\features\z_at\FAKE_T3_1081_TIE_NEU_XX__AUDIO_1081_TIE_SAD_XX_sadtalker.pt,data\preprocessed\features\z_v\FAKE_T3_1081_TIE_NEU_XX__AUDIO_1081_TIE_SAD_XX_sadtalker.pt
FAKE_T3_1081_TIE_SAD_XX__AUDIO_1081_TIE_ANG_XX_sadtalker,track3,1,crema_1081,ANG,SAD,-1,1,1,1,,data\preprocessed\features\z_at\FAKE_T3_1081_TIE_SAD_XX__AUDIO_1081_TIE_ANG_XX_sadtalker.pt,data\preprocessed\features\z_v\FAKE_T3_1081_TIE_SAD_XX__AUDIO_1081_TIE_ANG_XX_sadtalker.pt
FAKE_T3_1081_TSI_ANG_XX__AUDIO_1081_TSI_DIS_XX_sadtalker,track3,1,crema_1081,DIS,ANG,-1,1,1,1,,data\preprocessed\features\z_at\FAKE_T3_1081_TSI_ANG_XX__AUDIO_1081_TSI_DIS_XX_sadtalker.pt,data\preprocessed\features\z_v\FAKE_T3_1081_TSI_ANG_XX__AUDIO_1081_TSI_DIS_XX_sadtalker.pt
FAKE_T3_1081_TSI_DIS_XX__AUDIO_1081_TSI_FEA_XX_sadtalker,track3,1,crema_1081,FEA,DIS,-1,1,1,1,,data\preprocessed\features\z_at\FAKE_T3_1081_TSI_DIS_XX__AUDIO_1081_TSI_FEA_XX_sadtalker.pt,data\preprocessed\features\z_v\FAKE_T3_1081_TSI_DIS_XX__AUDIO_1081_TSI_FEA_XX_sadtalker.pt
FAKE_T3_1081_TSI_HAP_XX__AUDIO_1081_TSI_NEU_XX_sadtalker,track3,1,crema_1081,NEU,HAP,-1,1,1,1,,data\preprocessed\features\z_at\FAKE_T3_1081_TSI_HAP_XX__AUDIO_1081_TSI_NEU_XX_sadtalker.pt,data\preprocessed\features\z_v\FAKE_T3_1081_TSI_HAP_XX__AUDIO_1081_TSI_NEU_XX_sadtalker.pt
FAKE_T3_1081_TSI_NEU_XX__AUDIO_1081_TSI_SAD_XX_sadtalker,track3,1,crema_1081,SAD,NEU,-1,1,1,1,,data\preprocessed\features\z_at\FAKE_T3_1081_TSI_NEU_XX__AUDIO_1081_TSI_SAD_XX_sadtalker.pt,data\preprocessed\features\z_v\FAKE_T3_1081_TSI_NEU_XX__AUDIO_1081_TSI_SAD_XX_sadtalker.pt
FAKE_T3_1081_WSI_ANG_XX__AUDIO_1081_WSI_DIS_XX_sadtalker,track3,1,crema_1081,DIS,ANG,-1,1,1,1,,data\preprocessed\features\z_at\FAKE_T3_1081_WSI_ANG_XX__AUDIO_1081_WSI_DIS_XX_sadtalker.pt,data\preprocessed\features\z_v\FAKE_T3_1081_WSI_ANG_XX__AUDIO_1081_WSI_DIS_XX_sadtalker.pt
FAKE_T3_1081_WSI_DIS_XX__AUDIO_1081_WSI_FEA_XX_sadtalker,track3,1,crema_1081,FEA,DIS,-1,1,1,1,,data\preprocessed\features\z_at\FAKE_T3_1081_WSI_DIS_XX__AUDIO_1081_WSI_FEA_XX_sadtalker.pt,data\preprocessed\features\z_v\FAKE_T3_1081_WSI_DIS_XX__AUDIO_1081_WSI_FEA_XX_sadtalker.pt
FAKE_T3_1081_WSI_HAP_XX__AUDIO_1081_WSI_NEU_XX_sadtalker,track3,1,crema_1081,NEU,HAP,-1,1,1,1,,data\preprocessed\features\z_at\FAKE_T3_1081_WSI_HAP_XX__AUDIO_1081_WSI_NEU_XX_sadtalker.pt,data\preprocessed\features\z_v\FAKE_T3_1081_WSI_HAP_XX__AUDIO_1081_WSI_NEU_XX_sadtalker.pt
FAKE_T3_1081_WSI_NEU_XX__AUDIO_1081_WSI_SAD_XX_sadtalker,track3,1,crema_1081,SAD,NEU,-1,1,1,1,,data\preprocessed\features\z_at\FAKE_T3_1081_WSI_NEU_XX__AUDIO_1081_WSI_SAD_XX_sadtalker.pt,data\preprocessed\features\z_v\FAKE_T3_1081_WSI_NEU_XX__AUDIO_1081_WSI_SAD_XX_sadtalker.pt
FAKE_T3_1082_DFA_HAP_XX__AUDIO_1082_DFA_NEU_XX_sadtalker,track3,1,crema_1082,NEU,HAP,-1,1,1,1,,data\preprocessed\features\z_at\FAKE_T3_1082_DFA_HAP_XX__AUDIO_1082_DFA_NEU_XX_sadtalker.pt,data\preprocessed\features\z_v\FAKE_T3_1082_DFA_HAP_XX__AUDIO_1082_DFA_NEU_XX_sadtalker.pt
FAKE_T3_1082_DFA_NEU_XX__AUDIO_1082_DFA_SAD_XX_sadtalker,track3,1,crema_1082,SAD,NEU,-1,1,1,1,,data\preprocessed\features\z_at\FAKE_T3_1082_DFA_NEU_XX__AUDIO_1082_DFA_SAD_XX_sadtalker.pt,data\preprocessed\features\z_v\FAKE_T3_1082_DFA_NEU_XX__AUDIO_1082_DFA_SAD_XX_sadtalker.pt
FAKE_T3_1082_IEO_HAP_LO__AUDIO_1082_IEO_NEU_XX_sadtalker,track3,1,crema_1082,NEU,HAP,-1,1,1,1,,data\preprocessed\features\z_at\FAKE_T3_1082_IEO_HAP_LO__AUDIO_1082_IEO_NEU_XX_sadtalker.pt,data\preprocessed\features\z_v\FAKE_T3_1082_IEO_HAP_LO__AUDIO_1082_IEO_NEU_XX_sadtalker.pt
FAKE_T3_1082_IEO_HAP_MD__AUDIO_1082_IEO_NEU_XX_sadtalker,track3,1,crema_1082,NEU,HAP,-1,1,1,1,,data\preprocessed\features\z_at\FAKE_T3_1082_IEO_HAP_MD__AUDIO_1082_IEO_NEU_XX_sadtalker.pt,data\preprocessed\features\z_v\FAKE_T3_1082_IEO_HAP_MD__AUDIO_1082_IEO_NEU_XX_sadtalker.pt
FAKE_T3_1082_IEO_NEU_XX__AUDIO_1082_IEO_SAD_HI_sadtalker,track3,1,crema_1082,SAD,NEU,-1,1,1,1,,data\preprocessed\features\z_at\FAKE_T3_1082_IEO_NEU_XX__AUDIO_1082_IEO_SAD_HI_sadtalker.pt,data\preprocessed\features\z_v\FAKE_T3_1082_IEO_NEU_XX__AUDIO_1082_IEO_SAD_HI_sadtalker.pt
FAKE_T3_1082_IEO_SAD_HI__AUDIO_1082_IEO_ANG_HI_sadtalker,track3,1,crema_1082,ANG,SAD,-1,1,1,1,,data\preprocessed\features\z_at\FAKE_T3_1082_IEO_SAD_HI__AUDIO_1082_IEO_ANG_HI_sadtalker.pt,data\preprocessed\features\z_v\FAKE_T3_1082_IEO_SAD_HI__AUDIO_1082_IEO_ANG_HI_sadtalker.pt
FAKE_T3_1082_IEO_SAD_LO__AUDIO_1082_IEO_ANG_LO_sadtalker,track3,1,crema_1082,ANG,SAD,-1,1,1,1,,data\preprocessed\features\z_at\FAKE_T3_1082_IEO_SAD_LO__AUDIO_1082_IEO_ANG_LO_sadtalker.pt,data\preprocessed\features\z_v\FAKE_T3_1082_IEO_SAD_LO__AUDIO_1082_IEO_ANG_LO_sadtalker.pt
FAKE_T3_1082_IEO_SAD_MD__AUDIO_1082_IEO_ANG_MD_sadtalker,track3,1,crema_1082,ANG,SAD,-1,1,1,1,,data\preprocessed\features\z_at\FAKE_T3_1082_IEO_SAD_MD__AUDIO_1082_IEO_ANG_MD_sadtalker.pt,data\preprocessed\features\z_v\FAKE_T3_1082_IEO_SAD_MD__AUDIO_1082_IEO_ANG_MD_sadtalker.pt
FAKE_T3_1082_IOM_ANG_XX__AUDIO_1082_IOM_DIS_XX_sadtalker,track3,1,crema_1082,DIS,ANG,-1,1,1,1,,data\preprocessed\features\z_at\FAKE_T3_1082_IOM_ANG_XX__AUDIO_1082_IOM_DIS_XX_sadtalker.pt,data\preprocessed\features\z_v\FAKE_T3_1082_IOM_ANG_XX__AUDIO_1082_IOM_DIS_XX_sadtalker.pt
FAKE_T3_1082_IOM_FEA_XX__AUDIO_1082_IOM_HAP_XX_sadtalker,track3,1,crema_1082,HAP,FEA,-1,1,1,1,,data\preprocessed\features\z_at\FAKE_T3_1082_IOM_FEA_XX__AUDIO_1082_IOM_HAP_XX_sadtalker.pt,data\preprocessed\features\z_v\FAKE_T3_1082_IOM_FEA_XX__AUDIO_1082_IOM_HAP_XX_sadtalker.pt
FAKE_T3_1082_ITH_ANG_XX__AUDIO_1082_ITH_DIS_XX_sadtalker,track3,1,crema_1082,DIS,ANG,-1,1,1,1,,data\preprocessed\features\z_at\FAKE_T3_1082_ITH_ANG_XX__AUDIO_1082_ITH_DIS_XX_sadtalker.pt,data\preprocessed\features\z_v\FAKE_T3_1082_ITH_ANG_XX__AUDIO_1082_ITH_DIS_XX_sadtalker.pt
FAKE_T3_1082_ITH_DIS_XX__AUDIO_1082_ITH_FEA_XX_sadtalker,track3,1,crema_1082,FEA,DIS,-1,1,1,1,,data\preprocessed\features\z_at\FAKE_T3_1082_ITH_DIS_XX__AUDIO_1082_ITH_FEA_XX_sadtalker.pt,data\preprocessed\features\z_v\FAKE_T3_1082_ITH_DIS_XX__AUDIO_1082_ITH_FEA_XX_sadtalker.pt
FAKE_T3_1082_ITH_NEU_XX__AUDIO_1082_ITH_SAD_XX_sadtalker,track3,1,crema_1082,SAD,NEU,-1,1,1,1,,data\preprocessed\features\z_at\FAKE_T3_1082_ITH_NEU_XX__AUDIO_1082_ITH_SAD_XX_sadtalker.pt,data\preprocessed\features\z_v\FAKE_T3_1082_ITH_NEU_XX__AUDIO_1082_ITH_SAD_XX_sadtalker.pt
FAKE_T3_1082_ITH_SAD_XX__AUDIO_1082_ITH_ANG_XX_sadtalker,track3,1,crema_1082,ANG,SAD,-1,1,1,1,,data\preprocessed\features\z_at\FAKE_T3_1082_ITH_SAD_XX__AUDIO_1082_ITH_ANG_XX_sadtalker.pt,data\preprocessed\features\z_v\FAKE_T3_1082_ITH_SAD_XX__AUDIO_1082_ITH_ANG_XX_sadtalker.pt
FAKE_T3_1082_ITS_ANG_XX__AUDIO_1082_ITS_DIS_XX_sadtalker,track3,1,crema_1082,DIS,ANG,-1,1,1,1,,data\preprocessed\features\z_at\FAKE_T3_1082_ITS_ANG_XX__AUDIO_1082_ITS_DIS_XX_sadtalker.pt,data\preprocessed\features\z_v\FAKE_T3_1082_ITS_ANG_XX__AUDIO_1082_ITS_DIS_XX_sadtalker.pt
FAKE_T3_1082_ITS_FEA_XX__AUDIO_1082_ITS_HAP_XX_sadtalker,track3,1,crema_1082,HAP,FEA,-1,1,1,1,,data\preprocessed\features\z_at\FAKE_T3_1082_ITS_FEA_XX__AUDIO_1082_ITS_HAP_XX_sadtalker.pt,data\preprocessed\features\z_v\FAKE_T3_1082_ITS_FEA_XX__AUDIO_1082_ITS_HAP_XX_sadtalker.pt
FAKE_T3_1082_ITS_HAP_XX__AUDIO_1082_ITS_NEU_XX_sadtalker,track3,1,crema_1082,NEU,HAP,-1,1,1,1,,data\preprocessed\features\z_at\FAKE_T3_1082_ITS_HAP_XX__AUDIO_1082_ITS_NEU_XX_sadtalker.pt,data\preprocessed\features\z_v\FAKE_T3_1082_ITS_HAP_XX__AUDIO_1082_ITS_NEU_XX_sadtalker.pt
FAKE_T3_1082_ITS_NEU_XX__AUDIO_1082_ITS_SAD_XX_sadtalker,track3,1,crema_1082,SAD,NEU,-1,1,1,1,,data\preprocessed\features\z_at\FAKE_T3_1082_ITS_NEU_XX__AUDIO_1082_ITS_SAD_XX_sadtalker.pt,data\preprocessed\features\z_v\FAKE_T3_1082_ITS_NEU_XX__AUDIO_1082_ITS_SAD_XX_sadtalker.pt
FAKE_T3_1082_IWL_ANG_XX__AUDIO_1082_IWL_DIS_XX_sadtalker,track3,1,crema_1082,DIS,ANG,-1,1,1,1,,data\preprocessed\features\z_at\FAKE_T3_1082_IWL_ANG_XX__AUDIO_1082_IWL_DIS_XX_sadtalker.pt,data\preprocessed\features\z_v\FAKE_T3_1082_IWL_ANG_XX__AUDIO_1082_IWL_DIS_XX_sadtalker.pt
FAKE_T3_1082_IWL_FEA_XX__AUDIO_1082_IWL_HAP_XX_sadtalker,track3,1,crema_1082,HAP,FEA,-1,1,1,1,,data\preprocessed\features\z_at\FAKE_T3_1082_IWL_FEA_XX__AUDIO_1082_IWL_HAP_XX_sadtalker.pt,data\preprocessed\features\z_v\FAKE_T3_1082_IWL_FEA_XX__AUDIO_1082_IWL_HAP_XX_sadtalker.pt
FAKE_T3_1082_IWL_NEU_XX__AUDIO_1082_IWL_SAD_XX_sadtalker,track3,1,crema_1082,SAD,NEU,-1,1,1,1,,data\preprocessed\features\z_at\FAKE_T3_1082_IWL_NEU_XX__AUDIO_1082_IWL_SAD_XX_sadtalker.pt,data\preprocessed\features\z_v\FAKE_T3_1082_IWL_NEU_XX__AUDIO_1082_IWL_SAD_XX_sadtalker.pt
FAKE_T3_1082_IWW_DIS_XX__AUDIO_1082_IWW_FEA_XX_sadtalker,track3,1,crema_1082,FEA,DIS,-1,1,1,1,,data\preprocessed\features\z_at\FAKE_T3_1082_IWW_DIS_XX__AUDIO_1082_IWW_FEA_XX_sadtalker.pt,data\preprocessed\features\z_v\FAKE_T3_1082_IWW_DIS_XX__AUDIO_1082_IWW_FEA_XX_sadtalker.pt
FAKE_T3_1082_IWW_HAP_XX__AUDIO_1082_IWW_NEU_XX_sadtalker,track3,1,crema_1082,NEU,HAP,-1,1,1,1,,data\preprocessed\features\z_at\FAKE_T3_1082_IWW_HAP_XX__AUDIO_1082_IWW_NEU_XX_sadtalker.pt,data\preprocessed\features\z_v\FAKE_T3_1082_IWW_HAP_XX__AUDIO_1082_IWW_NEU_XX_sadtalker.pt
FAKE_T3_1082_IWW_NEU_XX__AUDIO_1082_IWW_SAD_XX_sadtalker,track3,1,crema_1082,SAD,NEU,-1,1,1,1,,data\preprocessed\features\z_at\FAKE_T3_1082_IWW_NEU_XX__AUDIO_1082_IWW_SAD_XX_sadtalker.pt,data\preprocessed\features\z_v\FAKE_T3_1082_IWW_NEU_XX__AUDIO_1082_IWW_SAD_XX_sadtalker.pt
FAKE_T3_1082_IWW_SAD_XX__AUDIO_1082_IWW_ANG_XX_sadtalker,track3,1,crema_1082,ANG,SAD,-1,1,1,1,,data\preprocessed\features\z_at\FAKE_T3_1082_IWW_SAD_XX__AUDIO_1082_IWW_ANG_XX_sadtalker.pt,data\preprocessed\features\z_v\FAKE_T3_1082_IWW_SAD_XX__AUDIO_1082_IWW_ANG_XX_sadtalker.pt
FAKE_T3_1082_MTI_ANG_XX__AUDIO_1082_MTI_DIS_XX_sadtalker,track3,1,crema_1082,DIS,ANG,-1,1,1,1,,data\preprocessed\features\z_at\FAKE_T3_1082_MTI_ANG_XX__AUDIO_1082_MTI_DIS_XX_sadtalker.pt,data\preprocessed\features\z_v\FAKE_T3_1082_MTI_ANG_XX__AUDIO_1082_MTI_DIS_XX_sadtalker.pt
FAKE_T3_1082_MTI_FEA_XX__AUDIO_1082_MTI_HAP_XX_sadtalker,track3,1,crema_1082,HAP,FEA,-1,1,1,1,,data\preprocessed\features\z_at\FAKE_T3_1082_MTI_FEA_XX__AUDIO_1082_MTI_HAP_XX_sadtalker.pt,data\preprocessed\features\z_v\FAKE_T3_1082_MTI_FEA_XX__AUDIO_1082_MTI_HAP_XX_sadtalker.pt
FAKE_T3_1082_MTI_HAP_XX__AUDIO_1082_MTI_NEU_XX_sadtalker,track3,1,crema_1082,NEU,HAP,-1,1,1,1,,data\preprocessed\features\z_at\FAKE_T3_1082_MTI_HAP_XX__AUDIO_1082_MTI_NEU_XX_sadtalker.pt,data\preprocessed\features\z_v\FAKE_T3_1082_MTI_HAP_XX__AUDIO_1082_MTI_NEU_XX_sadtalker.pt
FAKE_T3_1082_MTI_NEU_XX__AUDIO_1082_MTI_SAD_XX_sadtalker,track3,1,crema_1082,SAD,NEU,-1,1,1,1,,data\preprocessed\features\z_at\FAKE_T3_1082_MTI_NEU_XX__AUDIO_1082_MTI_SAD_XX_sadtalker.pt,data\preprocessed\features\z_v\FAKE_T3_1082_MTI_NEU_XX__AUDIO_1082_MTI_SAD_XX_sadtalker.pt
FAKE_T3_1082_MTI_SAD_XX__AUDIO_1082_MTI_ANG_XX_sadtalker,track3,1,crema_1082,ANG,SAD,-1,1,1,1,,data\preprocessed\features\z_at\FAKE_T3_1082_MTI_SAD_XX__AUDIO_1082_MTI_ANG_XX_sadtalker.pt,data\preprocessed\features\z_v\FAKE_T3_1082_MTI_SAD_XX__AUDIO_1082_MTI_ANG_XX_sadtalker.pt
FAKE_T3_1082_TAI_DIS_XX__AUDIO_1082_TAI_FEA_XX_sadtalker,track3,1,crema_1082,FEA,DIS,-1,1,1,1,,data\preprocessed\features\z_at\FAKE_T3_1082_TAI_DIS_XX__AUDIO_1082_TAI_FEA_XX_sadtalker.pt,data\preprocessed\features\z_v\FAKE_T3_1082_TAI_DIS_XX__AUDIO_1082_TAI_FEA_XX_sadtalker.pt
FAKE_T3_1082_TAI_NEU_XX__AUDIO_1082_TAI_SAD_XX_sadtalker,track3,1,crema_1082,SAD,NEU,-1,1,1,1,,data\preprocessed\features\z_at\FAKE_T3_1082_TAI_NEU_XX__AUDIO_1082_TAI_SAD_XX_sadtalker.pt,data\preprocessed\features\z_v\FAKE_T3_1082_TAI_NEU_XX__AUDIO_1082_TAI_SAD_XX_sadtalker.pt
FAKE_T3_1082_TIE_HAP_XX__AUDIO_1082_TIE_NEU_XX_sadtalker,track3,1,crema_1082,NEU,HAP,-1,1,1,1,,data\preprocessed\features\z_at\FAKE_T3_1082_TIE_HAP_XX__AUDIO_1082_TIE_NEU_XX_sadtalker.pt,data\preprocessed\features\z_v\FAKE_T3_1082_TIE_HAP_XX__AUDIO_1082_TIE_NEU_XX_sadtalker.pt
FAKE_T3_1082_TIE_NEU_XX__AUDIO_1082_TIE_SAD_XX_sadtalker,track3,1,crema_1082,SAD,NEU,-1,1,1,1,,data\preprocessed\features\z_at\FAKE_T3_1082_TIE_NEU_XX__AUDIO_1082_TIE_SAD_XX_sadtalker.pt,data\preprocessed\features\z_v\FAKE_T3_1082_TIE_NEU_XX__AUDIO_1082_TIE_SAD_XX_sadtalker.pt
FAKE_T3_1082_TIE_SAD_XX__AUDIO_1082_TIE_ANG_XX_sadtalker,track3,1,crema_1082,ANG,SAD,-1,1,1,1,,data\preprocessed\features\z_at\FAKE_T3_1082_TIE_SAD_XX__AUDIO_1082_TIE_ANG_XX_sadtalker.pt,data\preprocessed\features\z_v\FAKE_T3_1082_TIE_SAD_XX__AUDIO_1082_TIE_ANG_XX_sadtalker.pt
FAKE_T3_1082_TSI_NEU_XX__AUDIO_1082_TSI_SAD_XX_sadtalker,track3,1,crema_1082,SAD,NEU,-1,1,1,1,,data\preprocessed\features\z_at\FAKE_T3_1082_TSI_NEU_XX__AUDIO_1082_TSI_SAD_XX_sadtalker.pt,data\preprocessed\features\z_v\FAKE_T3_1082_TSI_NEU_XX__AUDIO_1082_TSI_SAD_XX_sadtalker.pt
FAKE_T3_1082_TSI_SAD_XX__AUDIO_1082_TSI_ANG_XX_sadtalker,track3,1,crema_1082,ANG,SAD,-1,1,1,1,,data\preprocessed\features\z_at\FAKE_T3_1082_TSI_SAD_XX__AUDIO_1082_TSI_ANG_XX_sadtalker.pt,data\preprocessed\features\z_v\FAKE_T3_1082_TSI_SAD_XX__AUDIO_1082_TSI_ANG_XX_sadtalker.pt
FAKE_T3_1082_WSI_FEA_XX__AUDIO_1082_WSI_HAP_XX_sadtalker,track3,1,crema_1082,HAP,FEA,-1,1,1,1,,data\preprocessed\features\z_at\FAKE_T3_1082_WSI_FEA_XX__AUDIO_1082_WSI_HAP_XX_sadtalker.pt,data\preprocessed\features\z_v\FAKE_T3_1082_WSI_FEA_XX__AUDIO_1082_WSI_HAP_XX_sadtalker.pt
FAKE_T3_1082_WSI_HAP_XX__AUDIO_1082_WSI_NEU_XX_sadtalker,track3,1,crema_1082,NEU,HAP,-1,1,1,1,,data\preprocessed\features\z_at\FAKE_T3_1082_WSI_HAP_XX__AUDIO_1082_WSI_NEU_XX_sadtalker.pt,data\preprocessed\features\z_v\FAKE_T3_1082_WSI_HAP_XX__AUDIO_1082_WSI_NEU_XX_sadtalker.pt
FAKE_T3_1082_WSI_NEU_XX__AUDIO_1082_WSI_SAD_XX_sadtalker,track3,1,crema_1082,SAD,NEU,-1,1,1,1,,data\preprocessed\features\z_at\FAKE_T3_1082_WSI_NEU_XX__AUDIO_1082_WSI_SAD_XX_sadtalker.pt,data\preprocessed\features\z_v\FAKE_T3_1082_WSI_NEU_XX__AUDIO_1082_WSI_SAD_XX_sadtalker.pt
FAKE_T3_1082_WSI_SAD_XX__AUDIO_1082_WSI_ANG_XX_sadtalker,track3,1,crema_1082,ANG,SAD,-1,1,1,1,,data\preprocessed\features\z_at\FAKE_T3_1082_WSI_SAD_XX__AUDIO_1082_WSI_ANG_XX_sadtalker.pt,data\preprocessed\features\z_v\FAKE_T3_1082_WSI_SAD_XX__AUDIO_1082_WSI_ANG_XX_sadtalker.pt
FAKE_T3_1083_DFA_DIS_XX__AUDIO_1083_DFA_FEA_XX_sadtalker,track3,1,crema_1083,FEA,DIS,-1,1,1,1,,data\preprocessed\features\z_at\FAKE_T3_1083_DFA_DIS_XX__AUDIO_1083_DFA_FEA_XX_sadtalker.pt,data\preprocessed\features\z_v\FAKE_T3_1083_DFA_DIS_XX__AUDIO_1083_DFA_FEA_XX_sadtalker.pt
FAKE_T3_1083_DFA_FEA_XX__AUDIO_1083_DFA_HAP_XX_sadtalker,track3,1,crema_1083,HAP,FEA,-1,1,1,1,,data\preprocessed\features\z_at\FAKE_T3_1083_DFA_FEA_XX__AUDIO_1083_DFA_HAP_XX_sadtalker.pt,data\preprocessed\features\z_v\FAKE_T3_1083_DFA_FEA_XX__AUDIO_1083_DFA_HAP_XX_sadtalker.pt
FAKE_T3_1083_DFA_HAP_XX__AUDIO_1083_DFA_NEU_XX_sadtalker,track3,1,crema_1083,NEU,HAP,-1,1,1,1,,data\preprocessed\features\z_at\FAKE_T3_1083_DFA_HAP_XX__AUDIO_1083_DFA_NEU_XX_sadtalker.pt,data\preprocessed\features\z_v\FAKE_T3_1083_DFA_HAP_XX__AUDIO_1083_DFA_NEU_XX_sadtalker.pt
FAKE_T3_1083_IEO_ANG_HI__AUDIO_1083_IEO_DIS_HI_sadtalker,track3,1,crema_1083,DIS,ANG,-1,1,1,1,,data\preprocessed\features\z_at\FAKE_T3_1083_IEO_ANG_HI__AUDIO_1083_IEO_DIS_HI_sadtalker.pt,data\preprocessed\features\z_v\FAKE_T3_1083_IEO_ANG_HI__AUDIO_1083_IEO_DIS_HI_sadtalker.pt
FAKE_T3_1083_IEO_ANG_LO__AUDIO_1083_IEO_DIS_LO_sadtalker,track3,1,crema_1083,DIS,ANG,-1,1,1,1,,data\preprocessed\features\z_at\FAKE_T3_1083_IEO_ANG_LO__AUDIO_1083_IEO_DIS_LO_sadtalker.pt,data\preprocessed\features\z_v\FAKE_T3_1083_IEO_ANG_LO__AUDIO_1083_IEO_DIS_LO_sadtalker.pt
FAKE_T3_1083_IEO_DIS_MD__AUDIO_1083_IEO_FEA_MD_sadtalker,track3,1,crema_1083,FEA,DIS,-1,1,1,1,,data\preprocessed\features\z_at\FAKE_T3_1083_IEO_DIS_MD__AUDIO_1083_IEO_FEA_MD_sadtalker.pt,data\preprocessed\features\z_v\FAKE_T3_1083_IEO_DIS_MD__AUDIO_1083_IEO_FEA_MD_sadtalker.pt
FAKE_T3_1083_IEO_FEA_HI__AUDIO_1083_IEO_HAP_HI_sadtalker,track3,1,crema_1083,HAP,FEA,-1,1,1,1,,data\preprocessed\features\z_at\FAKE_T3_1083_IEO_FEA_HI__AUDIO_1083_IEO_HAP_HI_sadtalker.pt,data\preprocessed\features\z_v\FAKE_T3_1083_IEO_FEA_HI__AUDIO_1083_IEO_HAP_HI_sadtalker.pt
FAKE_T3_1083_IEO_FEA_MD__AUDIO_1083_IEO_HAP_MD_sadtalker,track3,1,crema_1083,HAP,FEA,-1,1,1,1,,data\preprocessed\features\z_at\FAKE_T3_1083_IEO_FEA_MD__AUDIO_1083_IEO_HAP_MD_sadtalker.pt,data\preprocessed\features\z_v\FAKE_T3_1083_IEO_FEA_MD__AUDIO_1083_IEO_HAP_MD_sadtalker.pt
FAKE_T3_1083_IEO_HAP_HI__AUDIO_1083_IEO_NEU_XX_sadtalker,track3,1,crema_1083,NEU,HAP,-1,1,1,1,,data\preprocessed\features\z_at\FAKE_T3_1083_IEO_HAP_HI__AUDIO_1083_IEO_NEU_XX_sadtalker.pt,data\preprocessed\features\z_v\FAKE_T3_1083_IEO_HAP_HI__AUDIO_1083_IEO_NEU_XX_sadtalker.pt
FAKE_T3_1083_IEO_NEU_XX__AUDIO_1083_IEO_SAD_HI_sadtalker,track3,1,crema_1083,SAD,NEU,-1,1,1,1,,data\preprocessed\features\z_at\FAKE_T3_1083_IEO_NEU_XX__AUDIO_1083_IEO_SAD_HI_sadtalker.pt,data\preprocessed\features\z_v\FAKE_T3_1083_IEO_NEU_XX__AUDIO_1083_IEO_SAD_HI_sadtalker.pt
FAKE_T3_1083_IEO_SAD_MD__AUDIO_1083_IEO_ANG_MD_sadtalker,track3,1,crema_1083,ANG,SAD,-1,1,1,1,,data\preprocessed\features\z_at\FAKE_T3_1083_IEO_SAD_MD__AUDIO_1083_IEO_ANG_MD_sadtalker.pt,data\preprocessed\features\z_v\FAKE_T3_1083_IEO_SAD_MD__AUDIO_1083_IEO_ANG_MD_sadtalker.pt
FAKE_T3_1083_IOM_ANG_XX__AUDIO_1083_IOM_DIS_XX_sadtalker,track3,1,crema_1083,DIS,ANG,-1,1,1,1,,data\preprocessed\features\z_at\FAKE_T3_1083_IOM_ANG_XX__AUDIO_1083_IOM_DIS_XX_sadtalker.pt,data\preprocessed\features\z_v\FAKE_T3_1083_IOM_ANG_XX__AUDIO_1083_IOM_DIS_XX_sadtalker.pt
FAKE_T3_1083_IOM_DIS_XX__AUDIO_1083_IOM_FEA_XX_sadtalker,track3,1,crema_1083,FEA,DIS,-1,1,1,1,,data\preprocessed\features\z_at\FAKE_T3_1083_IOM_DIS_XX__AUDIO_1083_IOM_FEA_XX_sadtalker.pt,data\preprocessed\features\z_v\FAKE_T3_1083_IOM_DIS_XX__AUDIO_1083_IOM_FEA_XX_sadtalker.pt
FAKE_T3_1083_ITH_ANG_XX__AUDIO_1083_ITH_DIS_XX_sadtalker,track3,1,crema_1083,DIS,ANG,-1,1,1,1,,data\preprocessed\features\z_at\FAKE_T3_1083_ITH_ANG_XX__AUDIO_1083_ITH_DIS_XX_sadtalker.pt,data\preprocessed\features\z_v\FAKE_T3_1083_ITH_ANG_XX__AUDIO_1083_ITH_DIS_XX_sadtalker.pt
FAKE_T3_1083_ITH_HAP_XX__AUDIO_1083_ITH_NEU_XX_sadtalker,track3,1,crema_1083,NEU,HAP,-1,1,1,1,,data\preprocessed\features\z_at\FAKE_T3_1083_ITH_HAP_XX__AUDIO_1083_ITH_NEU_XX_sadtalker.pt,data\preprocessed\features\z_v\FAKE_T3_1083_ITH_HAP_XX__AUDIO_1083_ITH_NEU_XX_sadtalker.pt
FAKE_T3_1083_ITH_NEU_XX__AUDIO_1083_ITH_SAD_XX_sadtalker,track3,1,crema_1083,SAD,NEU,-1,1,1,1,,data\preprocessed\features\z_at\FAKE_T3_1083_ITH_NEU_XX__AUDIO_1083_ITH_SAD_XX_sadtalker.pt,data\preprocessed\features\z_v\FAKE_T3_1083_ITH_NEU_XX__AUDIO_1083_ITH_SAD_XX_sadtalker.pt
FAKE_T3_1083_ITH_SAD_XX__AUDIO_1083_ITH_ANG_XX_sadtalker,track3,1,crema_1083,ANG,SAD,-1,1,1,1,,data\preprocessed\features\z_at\FAKE_T3_1083_ITH_SAD_XX__AUDIO_1083_ITH_ANG_XX_sadtalker.pt,data\preprocessed\features\z_v\FAKE_T3_1083_ITH_SAD_XX__AUDIO_1083_ITH_ANG_XX_sadtalker.pt
FAKE_T3_1083_ITS_DIS_XX__AUDIO_1083_ITS_FEA_XX_sadtalker,track3,1,crema_1083,FEA,DIS,-1,1,1,1,,data\preprocessed\features\z_at\FAKE_T3_1083_ITS_DIS_XX__AUDIO_1083_ITS_FEA_XX_sadtalker.pt,data\preprocessed\features\z_v\FAKE_T3_1083_ITS_DIS_XX__AUDIO_1083_ITS_FEA_XX_sadtalker.pt
FAKE_T3_1083_ITS_FEA_XX__AUDIO_1083_ITS_HAP_XX_sadtalker,track3,1,crema_1083,HAP,FEA,-1,1,1,1,,data\preprocessed\features\z_at\FAKE_T3_1083_ITS_FEA_XX__AUDIO_1083_ITS_HAP_XX_sadtalker.pt,data\preprocessed\features\z_v\FAKE_T3_1083_ITS_FEA_XX__AUDIO_1083_ITS_HAP_XX_sadtalker.pt
FAKE_T3_1083_ITS_HAP_XX__AUDIO_1083_ITS_NEU_XX_sadtalker,track3,1,crema_1083,NEU,HAP,-1,1,1,1,,data\preprocessed\features\z_at\FAKE_T3_1083_ITS_HAP_XX__AUDIO_1083_ITS_NEU_XX_sadtalker.pt,data\preprocessed\features\z_v\FAKE_T3_1083_ITS_HAP_XX__AUDIO_1083_ITS_NEU_XX_sadtalker.pt
FAKE_T3_1083_IWL_FEA_XX__AUDIO_1083_IWL_HAP_XX_sadtalker,track3,1,crema_1083,HAP,FEA,-1,1,1,1,,data\preprocessed\features\z_at\FAKE_T3_1083_IWL_FEA_XX__AUDIO_1083_IWL_HAP_XX_sadtalker.pt,data\preprocessed\features\z_v\FAKE_T3_1083_IWL_FEA_XX__AUDIO_1083_IWL_HAP_XX_sadtalker.pt
FAKE_T3_1083_IWL_HAP_XX__AUDIO_1083_IWL_NEU_XX_sadtalker,track3,1,crema_1083,NEU,HAP,-1,1,1,1,,data\preprocessed\features\z_at\FAKE_T3_1083_IWL_HAP_XX__AUDIO_1083_IWL_NEU_XX_sadtalker.pt,data\preprocessed\features\z_v\FAKE_T3_1083_IWL_HAP_XX__AUDIO_1083_IWL_NEU_XX_sadtalker.pt
FAKE_T3_1083_IWL_NEU_XX__AUDIO_1083_IWL_SAD_XX_sadtalker,track3,1,crema_1083,SAD,NEU,-1,1,1,1,,data\preprocessed\features\z_at\FAKE_T3_1083_IWL_NEU_XX__AUDIO_1083_IWL_SAD_XX_sadtalker.pt,data\preprocessed\features\z_v\FAKE_T3_1083_IWL_NEU_XX__AUDIO_1083_IWL_SAD_XX_sadtalker.pt
FAKE_T3_1083_IWW_DIS_XX__AUDIO_1083_IWW_FEA_XX_sadtalker,track3,1,crema_1083,FEA,DIS,-1,1,1,1,,data\preprocessed\features\z_at\FAKE_T3_1083_IWW_DIS_XX__AUDIO_1083_IWW_FEA_XX_sadtalker.pt,data\preprocessed\features\z_v\FAKE_T3_1083_IWW_DIS_XX__AUDIO_1083_IWW_FEA_XX_sadtalker.pt
FAKE_T3_1083_IWW_NEU_XX__AUDIO_1083_IWW_SAD_XX_sadtalker,track3,1,crema_1083,SAD,NEU,-1,1,1,1,,data\preprocessed\features\z_at\FAKE_T3_1083_IWW_NEU_XX__AUDIO_1083_IWW_SAD_XX_sadtalker.pt,data\preprocessed\features\z_v\FAKE_T3_1083_IWW_NEU_XX__AUDIO_1083_IWW_SAD_XX_sadtalker.pt
FAKE_T3_1083_IWW_SAD_XX__AUDIO_1083_IWW_ANG_XX_sadtalker,track3,1,crema_1083,ANG,SAD,-1,1,1,1,,data\preprocessed\features\z_at\FAKE_T3_1083_IWW_SAD_XX__AUDIO_1083_IWW_ANG_XX_sadtalker.pt,data\preprocessed\features\z_v\FAKE_T3_1083_IWW_SAD_XX__AUDIO_1083_IWW_ANG_XX_sadtalker.pt
FAKE_T3_1083_MTI_FEA_XX__AUDIO_1083_MTI_HAP_XX_sadtalker,track3,1,crema_1083,HAP,FEA,-1,1,1,1,,data\preprocessed\features\z_at\FAKE_T3_1083_MTI_FEA_XX__AUDIO_1083_MTI_HAP_XX_sadtalker.pt,data\preprocessed\features\z_v\FAKE_T3_1083_MTI_FEA_XX__AUDIO_1083_MTI_HAP_XX_sadtalker.pt
FAKE_T3_1083_MTI_HAP_XX__AUDIO_1083_MTI_NEU_XX_sadtalker,track3,1,crema_1083,NEU,HAP,-1,1,1,1,,data\preprocessed\features\z_at\FAKE_T3_1083_MTI_HAP_XX__AUDIO_1083_MTI_NEU_XX_sadtalker.pt,data\preprocessed\features\z_v\FAKE_T3_1083_MTI_HAP_XX__AUDIO_1083_MTI_NEU_XX_sadtalker.pt
FAKE_T3_1083_MTI_NEU_XX__AUDIO_1083_MTI_SAD_XX_sadtalker,track3,1,crema_1083,SAD,NEU,-1,1,1,1,,data\preprocessed\features\z_at\FAKE_T3_1083_MTI_NEU_XX__AUDIO_1083_MTI_SAD_XX_sadtalker.pt,data\preprocessed\features\z_v\FAKE_T3_1083_MTI_NEU_XX__AUDIO_1083_MTI_SAD_XX_sadtalker.pt
FAKE_T3_1083_MTI_SAD_XX__AUDIO_1083_MTI_ANG_XX_sadtalker,track3,1,crema_1083,ANG,SAD,-1,1,1,1,,data\preprocessed\features\z_at\FAKE_T3_1083_MTI_SAD_XX__AUDIO_1083_MTI_ANG_XX_sadtalker.pt,data\preprocessed\features\z_v\FAKE_T3_1083_MTI_SAD_XX__AUDIO_1083_MTI_ANG_XX_sadtalker.pt
FAKE_T3_1083_TAI_NEU_XX__AUDIO_1083_TAI_SAD_XX_sadtalker,track3,1,crema_1083,SAD,NEU,-1,1,1,1,,data\preprocessed\features\z_at\FAKE_T3_1083_TAI_NEU_XX__AUDIO_1083_TAI_SAD_XX_sadtalker.pt,data\preprocessed\features\z_v\FAKE_T3_1083_TAI_NEU_XX__AUDIO_1083_TAI_SAD_XX_sadtalker.pt
FAKE_T3_1083_TIE_ANG_XX__AUDIO_1083_TIE_DIS_XX_sadtalker,track3,1,crema_1083,DIS,ANG,-1,1,1,1,,data\preprocessed\features\z_at\FAKE_T3_1083_TIE_ANG_XX__AUDIO_1083_TIE_DIS_XX_sadtalker.pt,data\preprocessed\features\z_v\FAKE_T3_1083_TIE_ANG_XX__AUDIO_1083_TIE_DIS_XX_sadtalker.pt
FAKE_T3_1083_TIE_HAP_XX__AUDIO_1083_TIE_NEU_XX_sadtalker,track3,1,crema_1083,NEU,HAP,-1,1,1,1,,data\preprocessed\features\z_at\FAKE_T3_1083_TIE_HAP_XX__AUDIO_1083_TIE_NEU_XX_sadtalker.pt,data\preprocessed\features\z_v\FAKE_T3_1083_TIE_HAP_XX__AUDIO_1083_TIE_NEU_XX_sadtalker.pt
FAKE_T3_1083_TIE_NEU_XX__AUDIO_1083_TIE_SAD_XX_sadtalker,track3,1,crema_1083,SAD,NEU,-1,1,1,1,,data\preprocessed\features\z_at\FAKE_T3_1083_TIE_NEU_XX__AUDIO_1083_TIE_SAD_XX_sadtalker.pt,data\preprocessed\features\z_v\FAKE_T3_1083_TIE_NEU_XX__AUDIO_1083_TIE_SAD_XX_sadtalker.pt
FAKE_T3_1083_TIE_SAD_XX__AUDIO_1083_TIE_ANG_XX_sadtalker,track3,1,crema_1083,ANG,SAD,-1,1,1,1,,data\preprocessed\features\z_at\FAKE_T3_1083_TIE_SAD_XX__AUDIO_1083_TIE_ANG_XX_sadtalker.pt,data\preprocessed\features\z_v\FAKE_T3_1083_TIE_SAD_XX__AUDIO_1083_TIE_ANG_XX_sadtalker.pt
FAKE_T3_1083_TSI_DIS_XX__AUDIO_1083_TSI_FEA_XX_sadtalker,track3,1,crema_1083,FEA,DIS,-1,1,1,1,,data\preprocessed\features\z_at\FAKE_T3_1083_TSI_DIS_XX__AUDIO_1083_TSI_FEA_XX_sadtalker.pt,data\preprocessed\features\z_v\FAKE_T3_1083_TSI_DIS_XX__AUDIO_1083_TSI_FEA_XX_sadtalker.pt
FAKE_T3_1083_TSI_FEA_XX__AUDIO_1083_TSI_HAP_XX_sadtalker,track3,1,crema_1083,HAP,FEA,-1,1,1,1,,data\preprocessed\features\z_at\FAKE_T3_1083_TSI_FEA_XX__AUDIO_1083_TSI_HAP_XX_sadtalker.pt,data\preprocessed\features\z_v\FAKE_T3_1083_TSI_FEA_XX__AUDIO_1083_TSI_HAP_XX_sadtalker.pt
FAKE_T3_1083_TSI_NEU_XX__AUDIO_1083_TSI_SAD_XX_sadtalker,track3,1,crema_1083,SAD,NEU,-1,1,1,1,,data\preprocessed\features\z_at\FAKE_T3_1083_TSI_NEU_XX__AUDIO_1083_TSI_SAD_XX_sadtalker.pt,data\preprocessed\features\z_v\FAKE_T3_1083_TSI_NEU_XX__AUDIO_1083_TSI_SAD_XX_sadtalker.pt
FAKE_T3_1083_WSI_FEA_XX__AUDIO_1083_WSI_HAP_XX_sadtalker,track3,1,crema_1083,HAP,FEA,-1,1,1,1,,data\preprocessed\features\z_at\FAKE_T3_1083_WSI_FEA_XX__AUDIO_1083_WSI_HAP_XX_sadtalker.pt,data\preprocessed\features\z_v\FAKE_T3_1083_WSI_FEA_XX__AUDIO_1083_WSI_HAP_XX_sadtalker.pt
FAKE_T3_1083_WSI_NEU_XX__AUDIO_1083_WSI_SAD_XX_sadtalker,track3,1,crema_1083,SAD,NEU,-1,1,1,1,,data\preprocessed\features\z_at\FAKE_T3_1083_WSI_NEU_XX__AUDIO_1083_WSI_SAD_XX_sadtalker.pt,data\preprocessed\features\z_v\FAKE_T3_1083_WSI_NEU_XX__AUDIO_1083_WSI_SAD_XX_sadtalker.pt
FAKE_T3_1083_WSI_SAD_XX__AUDIO_1083_WSI_ANG_XX_sadtalker,track3,1,crema_1083,ANG,SAD,-1,1,1,1,,data\preprocessed\features\z_at\FAKE_T3_1083_WSI_SAD_XX__AUDIO_1083_WSI_ANG_XX_sadtalker.pt,data\preprocessed\features\z_v\FAKE_T3_1083_WSI_SAD_XX__AUDIO_1083_WSI_ANG_XX_sadtalker.pt
FAKE_T3_1084_DFA_ANG_XX__AUDIO_1084_DFA_DIS_XX_sadtalker,track3,1,crema_1084,DIS,ANG,-1,1,1,1,,data\preprocessed\features\z_at\FAKE_T3_1084_DFA_ANG_XX__AUDIO_1084_DFA_DIS_XX_sadtalker.pt,data\preprocessed\features\z_v\FAKE_T3_1084_DFA_ANG_XX__AUDIO_1084_DFA_DIS_XX_sadtalker.pt
FAKE_T3_1084_DFA_DIS_XX__AUDIO_1084_DFA_FEA_XX_sadtalker,track3,1,crema_1084,FEA,DIS,-1,1,1,1,,data\preprocessed\features\z_at\FAKE_T3_1084_DFA_DIS_XX__AUDIO_1084_DFA_FEA_XX_sadtalker.pt,data\preprocessed\features\z_v\FAKE_T3_1084_DFA_DIS_XX__AUDIO_1084_DFA_FEA_XX_sadtalker.pt
FAKE_T3_1084_DFA_NEU_XX__AUDIO_1084_DFA_SAD_XX_sadtalker,track3,1,crema_1084,SAD,NEU,-1,1,1,1,,data\preprocessed\features\z_at\FAKE_T3_1084_DFA_NEU_XX__AUDIO_1084_DFA_SAD_XX_sadtalker.pt,data\preprocessed\features\z_v\FAKE_T3_1084_DFA_NEU_XX__AUDIO_1084_DFA_SAD_XX_sadtalker.pt
FAKE_T3_1084_DFA_SAD_XX__AUDIO_1084_DFA_ANG_XX_sadtalker,track3,1,crema_1084,ANG,SAD,-1,1,1,1,,data\preprocessed\features\z_at\FAKE_T3_1084_DFA_SAD_XX__AUDIO_1084_DFA_ANG_XX_sadtalker.pt,data\preprocessed\features\z_v\FAKE_T3_1084_DFA_SAD_XX__AUDIO_1084_DFA_ANG_XX_sadtalker.pt
FAKE_T3_1084_IEO_ANG_HI__AUDIO_1084_IEO_DIS_HI_sadtalker,track3,1,crema_1084,DIS,ANG,-1,1,1,1,,data\preprocessed\features\z_at\FAKE_T3_1084_IEO_ANG_HI__AUDIO_1084_IEO_DIS_HI_sadtalker.pt,data\preprocessed\features\z_v\FAKE_T3_1084_IEO_ANG_HI__AUDIO_1084_IEO_DIS_HI_sadtalker.pt
FAKE_T3_1084_IEO_ANG_LO__AUDIO_1084_IEO_DIS_LO_sadtalker,track3,1,crema_1084,DIS,ANG,-1,1,1,1,,data\preprocessed\features\z_at\FAKE_T3_1084_IEO_ANG_LO__AUDIO_1084_IEO_DIS_LO_sadtalker.pt,data\preprocessed\features\z_v\FAKE_T3_1084_IEO_ANG_LO__AUDIO_1084_IEO_DIS_LO_sadtalker.pt
FAKE_T3_1084_IEO_ANG_MD__AUDIO_1084_IEO_DIS_MD_sadtalker,track3,1,crema_1084,DIS,ANG,-1,1,1,1,,data\preprocessed\features\z_at\FAKE_T3_1084_IEO_ANG_MD__AUDIO_1084_IEO_DIS_MD_sadtalker.pt,data\preprocessed\features\z_v\FAKE_T3_1084_IEO_ANG_MD__AUDIO_1084_IEO_DIS_MD_sadtalker.pt
FAKE_T3_1084_IEO_DIS_HI__AUDIO_1084_IEO_FEA_HI_sadtalker,track3,1,crema_1084,FEA,DIS,-1,1,1,1,,data\preprocessed\features\z_at\FAKE_T3_1084_IEO_DIS_HI__AUDIO_1084_IEO_FEA_HI_sadtalker.pt,data\preprocessed\features\z_v\FAKE_T3_1084_IEO_DIS_HI__AUDIO_1084_IEO_FEA_HI_sadtalker.pt
FAKE_T3_1084_IEO_DIS_MD__AUDIO_1084_IEO_FEA_MD_sadtalker,track3,1,crema_1084,FEA,DIS,-1,1,1,1,,data\preprocessed\features\z_at\FAKE_T3_1084_IEO_DIS_MD__AUDIO_1084_IEO_FEA_MD_sadtalker.pt,data\preprocessed\features\z_v\FAKE_T3_1084_IEO_DIS_MD__AUDIO_1084_IEO_FEA_MD_sadtalker.pt
FAKE_T3_1084_IEO_FEA_HI__AUDIO_1084_IEO_HAP_HI_sadtalker,track3,1,crema_1084,HAP,FEA,-1,1,1,1,,data\preprocessed\features\z_at\FAKE_T3_1084_IEO_FEA_HI__AUDIO_1084_IEO_HAP_HI_sadtalker.pt,data\preprocessed\features\z_v\FAKE_T3_1084_IEO_FEA_HI__AUDIO_1084_IEO_HAP_HI_sadtalker.pt
FAKE_T3_1084_IEO_FEA_LO__AUDIO_1084_IEO_HAP_LO_sadtalker,track3,1,crema_1084,HAP,FEA,-1,1,1,1,,data\preprocessed\features\z_at\FAKE_T3_1084_IEO_FEA_LO__AUDIO_1084_IEO_HAP_LO_sadtalker.pt,data\preprocessed\features\z_v\FAKE_T3_1084_IEO_FEA_LO__AUDIO_1084_IEO_HAP_LO_sadtalker.pt
FAKE_T3_1084_IEO_HAP_MD__AUDIO_1084_IEO_NEU_XX_sadtalker,track3,1,crema_1084,NEU,HAP,-1,1,1,1,,data\preprocessed\features\z_at\FAKE_T3_1084_IEO_HAP_MD__AUDIO_1084_IEO_NEU_XX_sadtalker.pt,data\preprocessed\features\z_v\FAKE_T3_1084_IEO_HAP_MD__AUDIO_1084_IEO_NEU_XX_sadtalker.pt
FAKE_T3_1084_IEO_NEU_XX__AUDIO_1084_IEO_SAD_HI_sadtalker,track3,1,crema_1084,SAD,NEU,-1,1,1,1,,data\preprocessed\features\z_at\FAKE_T3_1084_IEO_NEU_XX__AUDIO_1084_IEO_SAD_HI_sadtalker.pt,data\preprocessed\features\z_v\FAKE_T3_1084_IEO_NEU_XX__AUDIO_1084_IEO_SAD_HI_sadtalker.pt
FAKE_T3_1084_IEO_SAD_LO__AUDIO_1084_IEO_ANG_LO_sadtalker,track3,1,crema_1084,ANG,SAD,-1,1,1,1,,data\preprocessed\features\z_at\FAKE_T3_1084_IEO_SAD_LO__AUDIO_1084_IEO_ANG_LO_sadtalker.pt,data\preprocessed\features\z_v\FAKE_T3_1084_IEO_SAD_LO__AUDIO_1084_IEO_ANG_LO_sadtalker.pt
FAKE_T3_1084_IEO_SAD_MD__AUDIO_1084_IEO_ANG_MD_sadtalker,track3,1,crema_1084,ANG,SAD,-1,1,1,1,,data\preprocessed\features\z_at\FAKE_T3_1084_IEO_SAD_MD__AUDIO_1084_IEO_ANG_MD_sadtalker.pt,data\preprocessed\features\z_v\FAKE_T3_1084_IEO_SAD_MD__AUDIO_1084_IEO_ANG_MD_sadtalker.pt
FAKE_T3_1084_IOM_ANG_XX__AUDIO_1084_IOM_DIS_XX_sadtalker,track3,1,crema_1084,DIS,ANG,-1,1,1,1,,data\preprocessed\features\z_at\FAKE_T3_1084_IOM_ANG_XX__AUDIO_1084_IOM_DIS_XX_sadtalker.pt,data\preprocessed\features\z_v\FAKE_T3_1084_IOM_ANG_XX__AUDIO_1084_IOM_DIS_XX_sadtalker.pt
FAKE_T3_1084_IOM_NEU_XX__AUDIO_1084_IOM_SAD_XX_sadtalker,track3,1,crema_1084,SAD,NEU,-1,1,1,1,,data\preprocessed\features\z_at\FAKE_T3_1084_IOM_NEU_XX__AUDIO_1084_IOM_SAD_XX_sadtalker.pt,data\preprocessed\features\z_v\FAKE_T3_1084_IOM_NEU_XX__AUDIO_1084_IOM_SAD_XX_sadtalker.pt
FAKE_T3_1084_ITH_DIS_XX__AUDIO_1084_ITH_FEA_XX_sadtalker,track3,1,crema_1084,FEA,DIS,-1,1,1,1,,data\preprocessed\features\z_at\FAKE_T3_1084_ITH_DIS_XX__AUDIO_1084_ITH_FEA_XX_sadtalker.pt,data\preprocessed\features\z_v\FAKE_T3_1084_ITH_DIS_XX__AUDIO_1084_ITH_FEA_XX_sadtalker.pt
FAKE_T3_1084_ITS_ANG_XX__AUDIO_1084_ITS_DIS_XX_sadtalker,track3,1,crema_1084,DIS,ANG,-1,1,1,1,,data\preprocessed\features\z_at\FAKE_T3_1084_ITS_ANG_XX__AUDIO_1084_ITS_DIS_XX_sadtalker.pt,data\preprocessed\features\z_v\FAKE_T3_1084_ITS_ANG_XX__AUDIO_1084_ITS_DIS_XX_sadtalker.pt
FAKE_T3_1084_ITS_HAP_XX__AUDIO_1084_ITS_NEU_XX_sadtalker,track3,1,crema_1084,NEU,HAP,-1,1,1,1,,data\preprocessed\features\z_at\FAKE_T3_1084_ITS_HAP_XX__AUDIO_1084_ITS_NEU_XX_sadtalker.pt,data\preprocessed\features\z_v\FAKE_T3_1084_ITS_HAP_XX__AUDIO_1084_ITS_NEU_XX_sadtalker.pt
FAKE_T3_1084_ITS_NEU_XX__AUDIO_1084_ITS_SAD_XX_sadtalker,track3,1,crema_1084,SAD,NEU,-1,1,1,1,,data\preprocessed\features\z_at\FAKE_T3_1084_ITS_NEU_XX__AUDIO_1084_ITS_SAD_XX_sadtalker.pt,data\preprocessed\features\z_v\FAKE_T3_1084_ITS_NEU_XX__AUDIO_1084_ITS_SAD_XX_sadtalker.pt
FAKE_T3_1084_ITS_SAD_XX__AUDIO_1084_ITS_ANG_XX_sadtalker,track3,1,crema_1084,ANG,SAD,-1,1,1,1,,data\preprocessed\features\z_at\FAKE_T3_1084_ITS_SAD_XX__AUDIO_1084_ITS_ANG_XX_sadtalker.pt,data\preprocessed\features\z_v\FAKE_T3_1084_ITS_SAD_XX__AUDIO_1084_ITS_ANG_XX_sadtalker.pt
FAKE_T3_1084_IWL_ANG_XX__AUDIO_1084_IWL_DIS_XX_sadtalker,track3,1,crema_1084,DIS,ANG,-1,1,1,1,,data\preprocessed\features\z_at\FAKE_T3_1084_IWL_ANG_XX__AUDIO_1084_IWL_DIS_XX_sadtalker.pt,data\preprocessed\features\z_v\FAKE_T3_1084_IWL_ANG_XX__AUDIO_1084_IWL_DIS_XX_sadtalker.pt
FAKE_T3_1084_IWL_SAD_XX__AUDIO_1084_IWL_ANG_XX_sadtalker,track3,1,crema_1084,ANG,SAD,-1,1,1,1,,data\preprocessed\features\z_at\FAKE_T3_1084_IWL_SAD_XX__AUDIO_1084_IWL_ANG_XX_sadtalker.pt,data\preprocessed\features\z_v\FAKE_T3_1084_IWL_SAD_XX__AUDIO_1084_IWL_ANG_XX_sadtalker.pt
FAKE_T3_1084_IWW_ANG_XX__AUDIO_1084_IWW_DIS_XX_sadtalker,track3,1,crema_1084,DIS,ANG,-1,1,1,1,,data\preprocessed\features\z_at\FAKE_T3_1084_IWW_ANG_XX__AUDIO_1084_IWW_DIS_XX_sadtalker.pt,data\preprocessed\features\z_v\FAKE_T3_1084_IWW_ANG_XX__AUDIO_1084_IWW_DIS_XX_sadtalker.pt
FAKE_T3_1084_MTI_FEA_XX__AUDIO_1084_MTI_HAP_XX_sadtalker,track3,1,crema_1084,HAP,FEA,-1,1,1,1,,data\preprocessed\features\z_at\FAKE_T3_1084_MTI_FEA_XX__AUDIO_1084_MTI_HAP_XX_sadtalker.pt,data\preprocessed\features\z_v\FAKE_T3_1084_MTI_FEA_XX__AUDIO_1084_MTI_HAP_XX_sadtalker.pt
FAKE_T3_1084_TAI_DIS_XX__AUDIO_1084_TAI_FEA_XX_sadtalker,track3,1,crema_1084,FEA,DIS,-1,1,1,1,,data\preprocessed\features\z_at\FAKE_T3_1084_TAI_DIS_XX__AUDIO_1084_TAI_FEA_XX_sadtalker.pt,data\preprocessed\features\z_v\FAKE_T3_1084_TAI_DIS_XX__AUDIO_1084_TAI_FEA_XX_sadtalker.pt
FAKE_T3_1084_TAI_FEA_XX__AUDIO_1084_TAI_HAP_XX_sadtalker,track3,1,crema_1084,HAP,FEA,-1,1,1,1,,data\preprocessed\features\z_at\FAKE_T3_1084_TAI_FEA_XX__AUDIO_1084_TAI_HAP_XX_sadtalker.pt,data\preprocessed\features\z_v\FAKE_T3_1084_TAI_FEA_XX__AUDIO_1084_TAI_HAP_XX_sadtalker.pt
FAKE_T3_1084_TAI_HAP_XX__AUDIO_1084_TAI_NEU_XX_sadtalker,track3,1,crema_1084,NEU,HAP,-1,1,1,1,,data\preprocessed\features\z_at\FAKE_T3_1084_TAI_HAP_XX__AUDIO_1084_TAI_NEU_XX_sadtalker.pt,data\preprocessed\features\z_v\FAKE_T3_1084_TAI_HAP_XX__AUDIO_1084_TAI_NEU_XX_sadtalker.pt
FAKE_T3_1084_TAI_NEU_XX__AUDIO_1084_TAI_SAD_XX_sadtalker,track3,1,crema_1084,SAD,NEU,-1,1,1,1,,data\preprocessed\features\z_at\FAKE_T3_1084_TAI_NEU_XX__AUDIO_1084_TAI_SAD_XX_sadtalker.pt,data\preprocessed\features\z_v\FAKE_T3_1084_TAI_NEU_XX__AUDIO_1084_TAI_SAD_XX_sadtalker.pt
FAKE_T3_1084_TAI_SAD_XX__AUDIO_1084_TAI_ANG_XX_sadtalker,track3,1,crema_1084,ANG,SAD,-1,1,1,1,,data\preprocessed\features\z_at\FAKE_T3_1084_TAI_SAD_XX__AUDIO_1084_TAI_ANG_XX_sadtalker.pt,data\preprocessed\features\z_v\FAKE_T3_1084_TAI_SAD_XX__AUDIO_1084_TAI_ANG_XX_sadtalker.pt
FAKE_T3_1084_TIE_ANG_XX__AUDIO_1084_TIE_DIS_XX_sadtalker,track3,1,crema_1084,DIS,ANG,-1,1,1,1,,data\preprocessed\features\z_at\FAKE_T3_1084_TIE_ANG_XX__AUDIO_1084_TIE_DIS_XX_sadtalker.pt,data\preprocessed\features\z_v\FAKE_T3_1084_TIE_ANG_XX__AUDIO_1084_TIE_DIS_XX_sadtalker.pt
FAKE_T3_1084_TIE_SAD_XX__AUDIO_1084_TIE_ANG_XX_sadtalker,track3,1,crema_1084,ANG,SAD,-1,1,1,1,,data\preprocessed\features\z_at\FAKE_T3_1084_TIE_SAD_XX__AUDIO_1084_TIE_ANG_XX_sadtalker.pt,data\preprocessed\features\z_v\FAKE_T3_1084_TIE_SAD_XX__AUDIO_1084_TIE_ANG_XX_sadtalker.pt
FAKE_T3_1084_TSI_DIS_XX__AUDIO_1084_TSI_FEA_XX_sadtalker,track3,1,crema_1084,FEA,DIS,-1,1,1,1,,data\preprocessed\features\z_at\FAKE_T3_1084_TSI_DIS_XX__AUDIO_1084_TSI_FEA_XX_sadtalker.pt,data\preprocessed\features\z_v\FAKE_T3_1084_TSI_DIS_XX__AUDIO_1084_TSI_FEA_XX_sadtalker.pt
FAKE_T3_1084_TSI_HAP_XX__AUDIO_1084_TSI_NEU_XX_sadtalker,track3,1,crema_1084,NEU,HAP,-1,1,1,1,,data\preprocessed\features\z_at\FAKE_T3_1084_TSI_HAP_XX__AUDIO_1084_TSI_NEU_XX_sadtalker.pt,data\preprocessed\features\z_v\FAKE_T3_1084_TSI_HAP_XX__AUDIO_1084_TSI_NEU_XX_sadtalker.pt
FAKE_T3_1084_TSI_NEU_XX__AUDIO_1084_TSI_SAD_XX_sadtalker,track3,1,crema_1084,SAD,NEU,-1,1,1,1,,data\preprocessed\features\z_at\FAKE_T3_1084_TSI_NEU_XX__AUDIO_1084_TSI_SAD_XX_sadtalker.pt,data\preprocessed\features\z_v\FAKE_T3_1084_TSI_NEU_XX__AUDIO_1084_TSI_SAD_XX_sadtalker.pt
FAKE_T3_1084_TSI_SAD_XX__AUDIO_1084_TSI_ANG_XX_sadtalker,track3,1,crema_1084,ANG,SAD,-1,1,1,1,,data\preprocessed\features\z_at\FAKE_T3_1084_TSI_SAD_XX__AUDIO_1084_TSI_ANG_XX_sadtalker.pt,data\preprocessed\features\z_v\FAKE_T3_1084_TSI_SAD_XX__AUDIO_1084_TSI_ANG_XX_sadtalker.pt
FAKE_T3_1084_WSI_ANG_XX__AUDIO_1084_WSI_DIS_XX_sadtalker,track3,1,crema_1084,DIS,ANG,-1,1,1,1,,data\preprocessed\features\z_at\FAKE_T3_1084_WSI_ANG_XX__AUDIO_1084_WSI_DIS_XX_sadtalker.pt,data\preprocessed\features\z_v\FAKE_T3_1084_WSI_ANG_XX__AUDIO_1084_WSI_DIS_XX_sadtalker.pt
FAKE_T3_1084_WSI_HAP_XX__AUDIO_1084_WSI_NEU_XX_sadtalker,track3,1,crema_1084,NEU,HAP,-1,1,1,1,,data\preprocessed\features\z_at\FAKE_T3_1084_WSI_HAP_XX__AUDIO_1084_WSI_NEU_XX_sadtalker.pt,data\preprocessed\features\z_v\FAKE_T3_1084_WSI_HAP_XX__AUDIO_1084_WSI_NEU_XX_sadtalker.pt
FAKE_T3_1084_WSI_NEU_XX__AUDIO_1084_WSI_SAD_XX_sadtalker,track3,1,crema_1084,SAD,NEU,-1,1,1,1,,data\preprocessed\features\z_at\FAKE_T3_1084_WSI_NEU_XX__AUDIO_1084_WSI_SAD_XX_sadtalker.pt,data\preprocessed\features\z_v\FAKE_T3_1084_WSI_NEU_XX__AUDIO_1084_WSI_SAD_XX_sadtalker.pt
FAKE_T3_1084_WSI_SAD_XX__AUDIO_1084_WSI_ANG_XX_sadtalker,track3,1,crema_1084,ANG,SAD,-1,1,1,1,,data\preprocessed\features\z_at\FAKE_T3_1084_WSI_SAD_XX__AUDIO_1084_WSI_ANG_XX_sadtalker.pt,data\preprocessed\features\z_v\FAKE_T3_1084_WSI_SAD_XX__AUDIO_1084_WSI_ANG_XX_sadtalker.pt
FAKE_T3_1085_DFA_DIS_XX__AUDIO_1085_DFA_FEA_XX_sadtalker,track3,1,crema_1085,FEA,DIS,-1,1,1,1,,data\preprocessed\features\z_at\FAKE_T3_1085_DFA_DIS_XX__AUDIO_1085_DFA_FEA_XX_sadtalker.pt,data\preprocessed\features\z_v\FAKE_T3_1085_DFA_DIS_XX__AUDIO_1085_DFA_FEA_XX_sadtalker.pt
FAKE_T3_1085_DFA_FEA_XX__AUDIO_1085_DFA_HAP_XX_sadtalker,track3,1,crema_1085,HAP,FEA,-1,1,1,1,,data\preprocessed\features\z_at\FAKE_T3_1085_DFA_FEA_XX__AUDIO_1085_DFA_HAP_XX_sadtalker.pt,data\preprocessed\features\z_v\FAKE_T3_1085_DFA_FEA_XX__AUDIO_1085_DFA_HAP_XX_sadtalker.pt
FAKE_T3_1085_DFA_HAP_XX__AUDIO_1085_DFA_NEU_XX_sadtalker,track3,1,crema_1085,NEU,HAP,-1,1,1,1,,data\preprocessed\features\z_at\FAKE_T3_1085_DFA_HAP_XX__AUDIO_1085_DFA_NEU_XX_sadtalker.pt,data\preprocessed\features\z_v\FAKE_T3_1085_DFA_HAP_XX__AUDIO_1085_DFA_NEU_XX_sadtalker.pt
FAKE_T3_1085_DFA_SAD_XX__AUDIO_1085_DFA_ANG_XX_sadtalker,track3,1,crema_1085,ANG,SAD,-1,1,1,1,,data\preprocessed\features\z_at\FAKE_T3_1085_DFA_SAD_XX__AUDIO_1085_DFA_ANG_XX_sadtalker.pt,data\preprocessed\features\z_v\FAKE_T3_1085_DFA_SAD_XX__AUDIO_1085_DFA_ANG_XX_sadtalker.pt
FAKE_T3_1085_IEO_ANG_HI__AUDIO_1085_IEO_DIS_HI_sadtalker,track3,1,crema_1085,DIS,ANG,-1,1,1,1,,data\preprocessed\features\z_at\FAKE_T3_1085_IEO_ANG_HI__AUDIO_1085_IEO_DIS_HI_sadtalker.pt,data\preprocessed\features\z_v\FAKE_T3_1085_IEO_ANG_HI__AUDIO_1085_IEO_DIS_HI_sadtalker.pt
FAKE_T3_1085_IEO_ANG_LO__AUDIO_1085_IEO_DIS_LO_sadtalker,track3,1,crema_1085,DIS,ANG,-1,1,1,1,,data\preprocessed\features\z_at\FAKE_T3_1085_IEO_ANG_LO__AUDIO_1085_IEO_DIS_LO_sadtalker.pt,data\preprocessed\features\z_v\FAKE_T3_1085_IEO_ANG_LO__AUDIO_1085_IEO_DIS_LO_sadtalker.pt
FAKE_T3_1085_IEO_ANG_MD__AUDIO_1085_IEO_DIS_MD_sadtalker,track3,1,crema_1085,DIS,ANG,-1,1,1,1,,data\preprocessed\features\z_at\FAKE_T3_1085_IEO_ANG_MD__AUDIO_1085_IEO_DIS_MD_sadtalker.pt,data\preprocessed\features\z_v\FAKE_T3_1085_IEO_ANG_MD__AUDIO_1085_IEO_DIS_MD_sadtalker.pt
FAKE_T3_1085_IEO_DIS_LO__AUDIO_1085_IEO_FEA_LO_sadtalker,track3,1,crema_1085,FEA,DIS,-1,1,1,1,,data\preprocessed\features\z_at\FAKE_T3_1085_IEO_DIS_LO__AUDIO_1085_IEO_FEA_LO_sadtalker.pt,data\preprocessed\features\z_v\FAKE_T3_1085_IEO_DIS_LO__AUDIO_1085_IEO_FEA_LO_sadtalker.pt
FAKE_T3_1085_IEO_DIS_MD__AUDIO_1085_IEO_FEA_MD_sadtalker,track3,1,crema_1085,FEA,DIS,-1,1,1,1,,data\preprocessed\features\z_at\FAKE_T3_1085_IEO_DIS_MD__AUDIO_1085_IEO_FEA_MD_sadtalker.pt,data\preprocessed\features\z_v\FAKE_T3_1085_IEO_DIS_MD__AUDIO_1085_IEO_FEA_MD_sadtalker.pt
FAKE_T3_1085_IEO_FEA_HI__AUDIO_1085_IEO_HAP_HI_sadtalker,track3,1,crema_1085,HAP,FEA,-1,1,1,1,,data\preprocessed\features\z_at\FAKE_T3_1085_IEO_FEA_HI__AUDIO_1085_IEO_HAP_HI_sadtalker.pt,data\preprocessed\features\z_v\FAKE_T3_1085_IEO_FEA_HI__AUDIO_1085_IEO_HAP_HI_sadtalker.pt
FAKE_T3_1085_IEO_FEA_LO__AUDIO_1085_IEO_HAP_LO_sadtalker,track3,1,crema_1085,HAP,FEA,-1,1,1,1,,data\preprocessed\features\z_at\FAKE_T3_1085_IEO_FEA_LO__AUDIO_1085_IEO_HAP_LO_sadtalker.pt,data\preprocessed\features\z_v\FAKE_T3_1085_IEO_FEA_LO__AUDIO_1085_IEO_HAP_LO_sadtalker.pt
FAKE_T3_1085_IEO_NEU_XX__AUDIO_1085_IEO_SAD_HI_sadtalker,track3,1,crema_1085,SAD,NEU,-1,1,1,1,,data\preprocessed\features\z_at\FAKE_T3_1085_IEO_NEU_XX__AUDIO_1085_IEO_SAD_HI_sadtalker.pt,data\preprocessed\features\z_v\FAKE_T3_1085_IEO_NEU_XX__AUDIO_1085_IEO_SAD_HI_sadtalker.pt
FAKE_T3_1085_IEO_SAD_HI__AUDIO_1085_IEO_ANG_HI_sadtalker,track3,1,crema_1085,ANG,SAD,-1,1,1,1,,data\preprocessed\features\z_at\FAKE_T3_1085_IEO_SAD_HI__AUDIO_1085_IEO_ANG_HI_sadtalker.pt,data\preprocessed\features\z_v\FAKE_T3_1085_IEO_SAD_HI__AUDIO_1085_IEO_ANG_HI_sadtalker.pt
FAKE_T3_1085_IEO_SAD_MD__AUDIO_1085_IEO_ANG_MD_sadtalker,track3,1,crema_1085,ANG,SAD,-1,1,1,1,,data\preprocessed\features\z_at\FAKE_T3_1085_IEO_SAD_MD__AUDIO_1085_IEO_ANG_MD_sadtalker.pt,data\preprocessed\features\z_v\FAKE_T3_1085_IEO_SAD_MD__AUDIO_1085_IEO_ANG_MD_sadtalker.pt
FAKE_T3_1085_IOM_ANG_XX__AUDIO_1085_IOM_DIS_XX_sadtalker,track3,1,crema_1085,DIS,ANG,-1,1,1,1,,data\preprocessed\features\z_at\FAKE_T3_1085_IOM_ANG_XX__AUDIO_1085_IOM_DIS_XX_sadtalker.pt,data\preprocessed\features\z_v\FAKE_T3_1085_IOM_ANG_XX__AUDIO_1085_IOM_DIS_XX_sadtalker.pt
FAKE_T3_1085_IOM_DIS_XX__AUDIO_1085_IOM_FEA_XX_sadtalker,track3,1,crema_1085,FEA,DIS,-1,1,1,1,,data\preprocessed\features\z_at\FAKE_T3_1085_IOM_DIS_XX__AUDIO_1085_IOM_FEA_XX_sadtalker.pt,data\preprocessed\features\z_v\FAKE_T3_1085_IOM_DIS_XX__AUDIO_1085_IOM_FEA_XX_sadtalker.pt
FAKE_T3_1085_IOM_FEA_XX__AUDIO_1085_IOM_HAP_XX_sadtalker,track3,1,crema_1085,HAP,FEA,-1,1,1,1,,data\preprocessed\features\z_at\FAKE_T3_1085_IOM_FEA_XX__AUDIO_1085_IOM_HAP_XX_sadtalker.pt,data\preprocessed\features\z_v\FAKE_T3_1085_IOM_FEA_XX__AUDIO_1085_IOM_HAP_XX_sadtalker.pt
FAKE_T3_1085_ITH_ANG_XX__AUDIO_1085_ITH_DIS_XX_sadtalker,track3,1,crema_1085,DIS,ANG,-1,1,1,1,,data\preprocessed\features\z_at\FAKE_T3_1085_ITH_ANG_XX__AUDIO_1085_ITH_DIS_XX_sadtalker.pt,data\preprocessed\features\z_v\FAKE_T3_1085_ITH_ANG_XX__AUDIO_1085_ITH_DIS_XX_sadtalker.pt
FAKE_T3_1085_ITH_DIS_XX__AUDIO_1085_ITH_FEA_XX_sadtalker,track3,1,crema_1085,FEA,DIS,-1,1,1,1,,data\preprocessed\features\z_at\FAKE_T3_1085_ITH_DIS_XX__AUDIO_1085_ITH_FEA_XX_sadtalker.pt,data\preprocessed\features\z_v\FAKE_T3_1085_ITH_DIS_XX__AUDIO_1085_ITH_FEA_XX_sadtalker.pt
FAKE_T3_1085_ITH_HAP_XX__AUDIO_1085_ITH_NEU_XX_sadtalker,track3,1,crema_1085,NEU,HAP,-1,1,1,1,,data\preprocessed\features\z_at\FAKE_T3_1085_ITH_HAP_XX__AUDIO_1085_ITH_NEU_XX_sadtalker.pt,data\preprocessed\features\z_v\FAKE_T3_1085_ITH_HAP_XX__AUDIO_1085_ITH_NEU_XX_sadtalker.pt
FAKE_T3_1085_ITS_DIS_XX__AUDIO_1085_ITS_FEA_XX_sadtalker,track3,1,crema_1085,FEA,DIS,-1,1,1,1,,data\preprocessed\features\z_at\FAKE_T3_1085_ITS_DIS_XX__AUDIO_1085_ITS_FEA_XX_sadtalker.pt,data\preprocessed\features\z_v\FAKE_T3_1085_ITS_DIS_XX__AUDIO_1085_ITS_FEA_XX_sadtalker.pt
FAKE_T3_1085_ITS_SAD_XX__AUDIO_1085_ITS_ANG_XX_sadtalker,track3,1,crema_1085,ANG,SAD,-1,1,1,1,,data\preprocessed\features\z_at\FAKE_T3_1085_ITS_SAD_XX__AUDIO_1085_ITS_ANG_XX_sadtalker.pt,data\preprocessed\features\z_v\FAKE_T3_1085_ITS_SAD_XX__AUDIO_1085_ITS_ANG_XX_sadtalker.pt
FAKE_T3_1085_IWL_ANG_XX__AUDIO_1085_IWL_DIS_XX_sadtalker,track3,1,crema_1085,DIS,ANG,-1,1,1,1,,data\preprocessed\features\z_at\FAKE_T3_1085_IWL_ANG_XX__AUDIO_1085_IWL_DIS_XX_sadtalker.pt,data\preprocessed\features\z_v\FAKE_T3_1085_IWL_ANG_XX__AUDIO_1085_IWL_DIS_XX_sadtalker.pt
FAKE_T3_1085_IWL_HAP_XX__AUDIO_1085_IWL_NEU_XX_sadtalker,track3,1,crema_1085,NEU,HAP,-1,1,1,1,,data\preprocessed\features\z_at\FAKE_T3_1085_IWL_HAP_XX__AUDIO_1085_IWL_NEU_XX_sadtalker.pt,data\preprocessed\features\z_v\FAKE_T3_1085_IWL_HAP_XX__AUDIO_1085_IWL_NEU_XX_sadtalker.pt
FAKE_T3_1085_IWL_SAD_XX__AUDIO_1085_IWL_ANG_XX_sadtalker,track3,1,crema_1085,ANG,SAD,-1,1,1,1,,data\preprocessed\features\z_at\FAKE_T3_1085_IWL_SAD_XX__AUDIO_1085_IWL_ANG_XX_sadtalker.pt,data\preprocessed\features\z_v\FAKE_T3_1085_IWL_SAD_XX__AUDIO_1085_IWL_ANG_XX_sadtalker.pt
FAKE_T3_1085_IWW_DIS_XX__AUDIO_1085_IWW_FEA_XX_sadtalker,track3,1,crema_1085,FEA,DIS,-1,1,1,1,,data\preprocessed\features\z_at\FAKE_T3_1085_IWW_DIS_XX__AUDIO_1085_IWW_FEA_XX_sadtalker.pt,data\preprocessed\features\z_v\FAKE_T3_1085_IWW_DIS_XX__AUDIO_1085_IWW_FEA_XX_sadtalker.pt
FAKE_T3_1085_IWW_FEA_XX__AUDIO_1085_IWW_HAP_XX_sadtalker,track3,1,crema_1085,HAP,FEA,-1,1,1,1,,data\preprocessed\features\z_at\FAKE_T3_1085_IWW_FEA_XX__AUDIO_1085_IWW_HAP_XX_sadtalker.pt,data\preprocessed\features\z_v\FAKE_T3_1085_IWW_FEA_XX__AUDIO_1085_IWW_HAP_XX_sadtalker.pt
FAKE_T3_1085_IWW_SAD_XX__AUDIO_1085_IWW_ANG_XX_sadtalker,track3,1,crema_1085,ANG,SAD,-1,1,1,1,,data\preprocessed\features\z_at\FAKE_T3_1085_IWW_SAD_XX__AUDIO_1085_IWW_ANG_XX_sadtalker.pt,data\preprocessed\features\z_v\FAKE_T3_1085_IWW_SAD_XX__AUDIO_1085_IWW_ANG_XX_sadtalker.pt
FAKE_T3_1085_MTI_ANG_XX__AUDIO_1085_MTI_DIS_XX_sadtalker,track3,1,crema_1085,DIS,ANG,-1,1,1,1,,data\preprocessed\features\z_at\FAKE_T3_1085_MTI_ANG_XX__AUDIO_1085_MTI_DIS_XX_sadtalker.pt,data\preprocessed\features\z_v\FAKE_T3_1085_MTI_ANG_XX__AUDIO_1085_MTI_DIS_XX_sadtalker.pt
FAKE_T3_1085_MTI_DIS_XX__AUDIO_1085_MTI_FEA_XX_sadtalker,track3,1,crema_1085,FEA,DIS,-1,1,1,1,,data\preprocessed\features\z_at\FAKE_T3_1085_MTI_DIS_XX__AUDIO_1085_MTI_FEA_XX_sadtalker.pt,data\preprocessed\features\z_v\FAKE_T3_1085_MTI_DIS_XX__AUDIO_1085_MTI_FEA_XX_sadtalker.pt
FAKE_T3_1085_MTI_HAP_XX__AUDIO_1085_MTI_NEU_XX_sadtalker,track3,1,crema_1085,NEU,HAP,-1,1,1,1,,data\preprocessed\features\z_at\FAKE_T3_1085_MTI_HAP_XX__AUDIO_1085_MTI_NEU_XX_sadtalker.pt,data\preprocessed\features\z_v\FAKE_T3_1085_MTI_HAP_XX__AUDIO_1085_MTI_NEU_XX_sadtalker.pt
FAKE_T3_1085_TAI_ANG_XX__AUDIO_1085_TAI_DIS_XX_sadtalker,track3,1,crema_1085,DIS,ANG,-1,1,1,1,,data\preprocessed\features\z_at\FAKE_T3_1085_TAI_ANG_XX__AUDIO_1085_TAI_DIS_XX_sadtalker.pt,data\preprocessed\features\z_v\FAKE_T3_1085_TAI_ANG_XX__AUDIO_1085_TAI_DIS_XX_sadtalker.pt
FAKE_T3_1085_TAI_FEA_XX__AUDIO_1085_TAI_HAP_XX_sadtalker,track3,1,crema_1085,HAP,FEA,-1,1,1,1,,data\preprocessed\features\z_at\FAKE_T3_1085_TAI_FEA_XX__AUDIO_1085_TAI_HAP_XX_sadtalker.pt,data\preprocessed\features\z_v\FAKE_T3_1085_TAI_FEA_XX__AUDIO_1085_TAI_HAP_XX_sadtalker.pt
FAKE_T3_1085_TIE_FEA_XX__AUDIO_1085_TIE_HAP_XX_sadtalker,track3,1,crema_1085,HAP,FEA,-1,1,1,1,,data\preprocessed\features\z_at\FAKE_T3_1085_TIE_FEA_XX__AUDIO_1085_TIE_HAP_XX_sadtalker.pt,data\preprocessed\features\z_v\FAKE_T3_1085_TIE_FEA_XX__AUDIO_1085_TIE_HAP_XX_sadtalker.pt
FAKE_T3_1085_TIE_NEU_XX__AUDIO_1085_TIE_SAD_XX_sadtalker,track3,1,crema_1085,SAD,NEU,-1,1,1,1,,data\preprocessed\features\z_at\FAKE_T3_1085_TIE_NEU_XX__AUDIO_1085_TIE_SAD_XX_sadtalker.pt,data\preprocessed\features\z_v\FAKE_T3_1085_TIE_NEU_XX__AUDIO_1085_TIE_SAD_XX_sadtalker.pt
FAKE_T3_1085_TSI_ANG_XX__AUDIO_1085_TSI_DIS_XX_sadtalker,track3,1,crema_1085,DIS,ANG,-1,1,1,1,,data\preprocessed\features\z_at\FAKE_T3_1085_TSI_ANG_XX__AUDIO_1085_TSI_DIS_XX_sadtalker.pt,data\preprocessed\features\z_v\FAKE_T3_1085_TSI_ANG_XX__AUDIO_1085_TSI_DIS_XX_sadtalker.pt
FAKE_T3_1085_TSI_FEA_XX__AUDIO_1085_TSI_HAP_XX_sadtalker,track3,1,crema_1085,HAP,FEA,-1,1,1,1,,data\preprocessed\features\z_at\FAKE_T3_1085_TSI_FEA_XX__AUDIO_1085_TSI_HAP_XX_sadtalker.pt,data\preprocessed\features\z_v\FAKE_T3_1085_TSI_FEA_XX__AUDIO_1085_TSI_HAP_XX_sadtalker.pt
FAKE_T3_1085_TSI_HAP_XX__AUDIO_1085_TSI_NEU_XX_sadtalker,track3,1,crema_1085,NEU,HAP,-1,1,1,1,,data\preprocessed\features\z_at\FAKE_T3_1085_TSI_HAP_XX__AUDIO_1085_TSI_NEU_XX_sadtalker.pt,data\preprocessed\features\z_v\FAKE_T3_1085_TSI_HAP_XX__AUDIO_1085_TSI_NEU_XX_sadtalker.pt
FAKE_T3_1085_TSI_SAD_XX__AUDIO_1085_TSI_ANG_XX_sadtalker,track3,1,crema_1085,ANG,SAD,-1,1,1,1,,data\preprocessed\features\z_at\FAKE_T3_1085_TSI_SAD_XX__AUDIO_1085_TSI_ANG_XX_sadtalker.pt,data\preprocessed\features\z_v\FAKE_T3_1085_TSI_SAD_XX__AUDIO_1085_TSI_ANG_XX_sadtalker.pt
FAKE_T3_1085_WSI_FEA_XX__AUDIO_1085_WSI_HAP_XX_sadtalker,track3,1,crema_1085,HAP,FEA,-1,1,1,1,,data\preprocessed\features\z_at\FAKE_T3_1085_WSI_FEA_XX__AUDIO_1085_WSI_HAP_XX_sadtalker.pt,data\preprocessed\features\z_v\FAKE_T3_1085_WSI_FEA_XX__AUDIO_1085_WSI_HAP_XX_sadtalker.pt
FAKE_T3_1085_WSI_NEU_XX__AUDIO_1085_WSI_SAD_XX_sadtalker,track3,1,crema_1085,SAD,NEU,-1,1,1,1,,data\preprocessed\features\z_at\FAKE_T3_1085_WSI_NEU_XX__AUDIO_1085_WSI_SAD_XX_sadtalker.pt,data\preprocessed\features\z_v\FAKE_T3_1085_WSI_NEU_XX__AUDIO_1085_WSI_SAD_XX_sadtalker.pt
FAKE_T3_1086_DFA_NEU_XX__AUDIO_1086_DFA_SAD_XX_sadtalker,track3,1,crema_1086,SAD,NEU,-1,1,1,1,,data\preprocessed\features\z_at\FAKE_T3_1086_DFA_NEU_XX__AUDIO_1086_DFA_SAD_XX_sadtalker.pt,data\preprocessed\features\z_v\FAKE_T3_1086_DFA_NEU_XX__AUDIO_1086_DFA_SAD_XX_sadtalker.pt
FAKE_T3_1086_DFA_SAD_XX__AUDIO_1086_DFA_ANG_XX_sadtalker,track3,1,crema_1086,ANG,SAD,-1,1,1,1,,data\preprocessed\features\z_at\FAKE_T3_1086_DFA_SAD_XX__AUDIO_1086_DFA_ANG_XX_sadtalker.pt,data\preprocessed\features\z_v\FAKE_T3_1086_DFA_SAD_XX__AUDIO_1086_DFA_ANG_XX_sadtalker.pt
FAKE_T3_1086_IEO_ANG_MD__AUDIO_1086_IEO_DIS_MD_sadtalker,track3,1,crema_1086,DIS,ANG,-1,1,1,1,,data\preprocessed\features\z_at\FAKE_T3_1086_IEO_ANG_MD__AUDIO_1086_IEO_DIS_MD_sadtalker.pt,data\preprocessed\features\z_v\FAKE_T3_1086_IEO_ANG_MD__AUDIO_1086_IEO_DIS_MD_sadtalker.pt
FAKE_T3_1086_IEO_FEA_HI__AUDIO_1086_IEO_HAP_HI_sadtalker,track3,1,crema_1086,HAP,FEA,-1,1,1,1,,data\preprocessed\features\z_at\FAKE_T3_1086_IEO_FEA_HI__AUDIO_1086_IEO_HAP_HI_sadtalker.pt,data\preprocessed\features\z_v\FAKE_T3_1086_IEO_FEA_HI__AUDIO_1086_IEO_HAP_HI_sadtalker.pt
FAKE_T3_1086_IEO_FEA_LO__AUDIO_1086_IEO_HAP_LO_sadtalker,track3,1,crema_1086,HAP,FEA,-1,1,1,1,,data\preprocessed\features\z_at\FAKE_T3_1086_IEO_FEA_LO__AUDIO_1086_IEO_HAP_LO_sadtalker.pt,data\preprocessed\features\z_v\FAKE_T3_1086_IEO_FEA_LO__AUDIO_1086_IEO_HAP_LO_sadtalker.pt
FAKE_T3_1086_IEO_FEA_MD__AUDIO_1086_IEO_HAP_MD_sadtalker,track3,1,crema_1086,HAP,FEA,-1,1,1,1,,data\preprocessed\features\z_at\FAKE_T3_1086_IEO_FEA_MD__AUDIO_1086_IEO_HAP_MD_sadtalker.pt,data\preprocessed\features\z_v\FAKE_T3_1086_IEO_FEA_MD__AUDIO_1086_IEO_HAP_MD_sadtalker.pt
FAKE_T3_1086_IEO_HAP_HI__AUDIO_1086_IEO_NEU_XX_sadtalker,track3,1,crema_1086,NEU,HAP,-1,1,1,1,,data\preprocessed\features\z_at\FAKE_T3_1086_IEO_HAP_HI__AUDIO_1086_IEO_NEU_XX_sadtalker.pt,data\preprocessed\features\z_v\FAKE_T3_1086_IEO_HAP_HI__AUDIO_1086_IEO_NEU_XX_sadtalker.pt
FAKE_T3_1086_IEO_HAP_MD__AUDIO_1086_IEO_NEU_XX_sadtalker,track3,1,crema_1086,NEU,HAP,-1,1,1,1,,data\preprocessed\features\z_at\FAKE_T3_1086_IEO_HAP_MD__AUDIO_1086_IEO_NEU_XX_sadtalker.pt,data\preprocessed\features\z_v\FAKE_T3_1086_IEO_HAP_MD__AUDIO_1086_IEO_NEU_XX_sadtalker.pt
FAKE_T3_1086_IEO_SAD_LO__AUDIO_1086_IEO_ANG_LO_sadtalker,track3,1,crema_1086,ANG,SAD,-1,1,1,1,,data\preprocessed\features\z_at\FAKE_T3_1086_IEO_SAD_LO__AUDIO_1086_IEO_ANG_LO_sadtalker.pt,data\preprocessed\features\z_v\FAKE_T3_1086_IEO_SAD_LO__AUDIO_1086_IEO_ANG_LO_sadtalker.pt
FAKE_T3_1086_IEO_SAD_MD__AUDIO_1086_IEO_ANG_MD_sadtalker,track3,1,crema_1086,ANG,SAD,-1,1,1,1,,data\preprocessed\features\z_at\FAKE_T3_1086_IEO_SAD_MD__AUDIO_1086_IEO_ANG_MD_sadtalker.pt,data\preprocessed\features\z_v\FAKE_T3_1086_IEO_SAD_MD__AUDIO_1086_IEO_ANG_MD_sadtalker.pt
FAKE_T3_1086_IOM_FEA_XX__AUDIO_1086_IOM_HAP_XX_sadtalker,track3,1,crema_1086,HAP,FEA,-1,1,1,1,,data\preprocessed\features\z_at\FAKE_T3_1086_IOM_FEA_XX__AUDIO_1086_IOM_HAP_XX_sadtalker.pt,data\preprocessed\features\z_v\FAKE_T3_1086_IOM_FEA_XX__AUDIO_1086_IOM_HAP_XX_sadtalker.pt
FAKE_T3_1086_IOM_NEU_XX__AUDIO_1086_IOM_SAD_XX_sadtalker,track3,1,crema_1086,SAD,NEU,-1,1,1,1,,data\preprocessed\features\z_at\FAKE_T3_1086_IOM_NEU_XX__AUDIO_1086_IOM_SAD_XX_sadtalker.pt,data\preprocessed\features\z_v\FAKE_T3_1086_IOM_NEU_XX__AUDIO_1086_IOM_SAD_XX_sadtalker.pt
FAKE_T3_1086_ITH_DIS_XX__AUDIO_1086_ITH_FEA_XX_sadtalker,track3,1,crema_1086,FEA,DIS,-1,1,1,1,,data\preprocessed\features\z_at\FAKE_T3_1086_ITH_DIS_XX__AUDIO_1086_ITH_FEA_XX_sadtalker.pt,data\preprocessed\features\z_v\FAKE_T3_1086_ITH_DIS_XX__AUDIO_1086_ITH_FEA_XX_sadtalker.pt
FAKE_T3_1086_ITH_HAP_XX__AUDIO_1086_ITH_NEU_XX_sadtalker,track3,1,crema_1086,NEU,HAP,-1,1,1,1,,data\preprocessed\features\z_at\FAKE_T3_1086_ITH_HAP_XX__AUDIO_1086_ITH_NEU_XX_sadtalker.pt,data\preprocessed\features\z_v\FAKE_T3_1086_ITH_HAP_XX__AUDIO_1086_ITH_NEU_XX_sadtalker.pt
FAKE_T3_1086_ITS_ANG_XX__AUDIO_1086_ITS_DIS_XX_sadtalker,track3,1,crema_1086,DIS,ANG,-1,1,1,1,,data\preprocessed\features\z_at\FAKE_T3_1086_ITS_ANG_XX__AUDIO_1086_ITS_DIS_XX_sadtalker.pt,data\preprocessed\features\z_v\FAKE_T3_1086_ITS_ANG_XX__AUDIO_1086_ITS_DIS_XX_sadtalker.pt
FAKE_T3_1086_ITS_NEU_XX__AUDIO_1086_ITS_SAD_XX_sadtalker,track3,1,crema_1086,SAD,NEU,-1,1,1,1,,data\preprocessed\features\z_at\FAKE_T3_1086_ITS_NEU_XX__AUDIO_1086_ITS_SAD_XX_sadtalker.pt,data\preprocessed\features\z_v\FAKE_T3_1086_ITS_NEU_XX__AUDIO_1086_ITS_SAD_XX_sadtalker.pt
FAKE_T3_1086_IWL_ANG_XX__AUDIO_1086_IWL_DIS_XX_sadtalker,track3,1,crema_1086,DIS,ANG,-1,1,1,1,,data\preprocessed\features\z_at\FAKE_T3_1086_IWL_ANG_XX__AUDIO_1086_IWL_DIS_XX_sadtalker.pt,data\preprocessed\features\z_v\FAKE_T3_1086_IWL_ANG_XX__AUDIO_1086_IWL_DIS_XX_sadtalker.pt
FAKE_T3_1086_IWL_NEU_XX__AUDIO_1086_IWL_SAD_XX_sadtalker,track3,1,crema_1086,SAD,NEU,-1,1,1,1,,data\preprocessed\features\z_at\FAKE_T3_1086_IWL_NEU_XX__AUDIO_1086_IWL_SAD_XX_sadtalker.pt,data\preprocessed\features\z_v\FAKE_T3_1086_IWL_NEU_XX__AUDIO_1086_IWL_SAD_XX_sadtalker.pt
FAKE_T3_1086_IWW_ANG_XX__AUDIO_1086_IWW_DIS_XX_sadtalker,track3,1,crema_1086,DIS,ANG,-1,1,1,1,,data\preprocessed\features\z_at\FAKE_T3_1086_IWW_ANG_XX__AUDIO_1086_IWW_DIS_XX_sadtalker.pt,data\preprocessed\features\z_v\FAKE_T3_1086_IWW_ANG_XX__AUDIO_1086_IWW_DIS_XX_sadtalker.pt
FAKE_T3_1086_IWW_DIS_XX__AUDIO_1086_IWW_FEA_XX_sadtalker,track3,1,crema_1086,FEA,DIS,-1,1,1,1,,data\preprocessed\features\z_at\FAKE_T3_1086_IWW_DIS_XX__AUDIO_1086_IWW_FEA_XX_sadtalker.pt,data\preprocessed\features\z_v\FAKE_T3_1086_IWW_DIS_XX__AUDIO_1086_IWW_FEA_XX_sadtalker.pt
FAKE_T3_1086_IWW_FEA_XX__AUDIO_1086_IWW_HAP_XX_sadtalker,track3,1,crema_1086,HAP,FEA,-1,1,1,1,,data\preprocessed\features\z_at\FAKE_T3_1086_IWW_FEA_XX__AUDIO_1086_IWW_HAP_XX_sadtalker.pt,data\preprocessed\features\z_v\FAKE_T3_1086_IWW_FEA_XX__AUDIO_1086_IWW_HAP_XX_sadtalker.pt
FAKE_T3_1086_IWW_HAP_XX__AUDIO_1086_IWW_NEU_XX_sadtalker,track3,1,crema_1086,NEU,HAP,-1,1,1,1,,data\preprocessed\features\z_at\FAKE_T3_1086_IWW_HAP_XX__AUDIO_1086_IWW_NEU_XX_sadtalker.pt,data\preprocessed\features\z_v\FAKE_T3_1086_IWW_HAP_XX__AUDIO_1086_IWW_NEU_XX_sadtalker.pt
FAKE_T3_1086_IWW_NEU_XX__AUDIO_1086_IWW_SAD_XX_sadtalker,track3,1,crema_1086,SAD,NEU,-1,1,1,1,,data\preprocessed\features\z_at\FAKE_T3_1086_IWW_NEU_XX__AUDIO_1086_IWW_SAD_XX_sadtalker.pt,data\preprocessed\features\z_v\FAKE_T3_1086_IWW_NEU_XX__AUDIO_1086_IWW_SAD_XX_sadtalker.pt
FAKE_T3_1086_IWW_SAD_XX__AUDIO_1086_IWW_ANG_XX_sadtalker,track3,1,crema_1086,ANG,SAD,-1,1,1,1,,data\preprocessed\features\z_at\FAKE_T3_1086_IWW_SAD_XX__AUDIO_1086_IWW_ANG_XX_sadtalker.pt,data\preprocessed\features\z_v\FAKE_T3_1086_IWW_SAD_XX__AUDIO_1086_IWW_ANG_XX_sadtalker.pt
FAKE_T3_1086_MTI_ANG_XX__AUDIO_1086_MTI_DIS_XX_sadtalker,track3,1,crema_1086,DIS,ANG,-1,1,1,1,,data\preprocessed\features\z_at\FAKE_T3_1086_MTI_ANG_XX__AUDIO_1086_MTI_DIS_XX_sadtalker.pt,data\preprocessed\features\z_v\FAKE_T3_1086_MTI_ANG_XX__AUDIO_1086_MTI_DIS_XX_sadtalker.pt
FAKE_T3_1086_MTI_FEA_XX__AUDIO_1086_MTI_HAP_XX_sadtalker,track3,1,crema_1086,HAP,FEA,-1,1,1,1,,data\preprocessed\features\z_at\FAKE_T3_1086_MTI_FEA_XX__AUDIO_1086_MTI_HAP_XX_sadtalker.pt,data\preprocessed\features\z_v\FAKE_T3_1086_MTI_FEA_XX__AUDIO_1086_MTI_HAP_XX_sadtalker.pt
FAKE_T3_1086_MTI_HAP_XX__AUDIO_1086_MTI_NEU_XX_sadtalker,track3,1,crema_1086,NEU,HAP,-1,1,1,1,,data\preprocessed\features\z_at\FAKE_T3_1086_MTI_HAP_XX__AUDIO_1086_MTI_NEU_XX_sadtalker.pt,data\preprocessed\features\z_v\FAKE_T3_1086_MTI_HAP_XX__AUDIO_1086_MTI_NEU_XX_sadtalker.pt
FAKE_T3_1086_MTI_NEU_XX__AUDIO_1086_MTI_SAD_XX_sadtalker,track3,1,crema_1086,SAD,NEU,-1,1,1,1,,data\preprocessed\features\z_at\FAKE_T3_1086_MTI_NEU_XX__AUDIO_1086_MTI_SAD_XX_sadtalker.pt,data\preprocessed\features\z_v\FAKE_T3_1086_MTI_NEU_XX__AUDIO_1086_MTI_SAD_XX_sadtalker.pt
FAKE_T3_1086_TAI_DIS_XX__AUDIO_1086_TAI_FEA_XX_sadtalker,track3,1,crema_1086,FEA,DIS,-1,1,1,1,,data\preprocessed\features\z_at\FAKE_T3_1086_TAI_DIS_XX__AUDIO_1086_TAI_FEA_XX_sadtalker.pt,data\preprocessed\features\z_v\FAKE_T3_1086_TAI_DIS_XX__AUDIO_1086_TAI_FEA_XX_sadtalker.pt
FAKE_T3_1086_TAI_HAP_XX__AUDIO_1086_TAI_NEU_XX_sadtalker,track3,1,crema_1086,NEU,HAP,-1,1,1,1,,data\preprocessed\features\z_at\FAKE_T3_1086_TAI_HAP_XX__AUDIO_1086_TAI_NEU_XX_sadtalker.pt,data\preprocessed\features\z_v\FAKE_T3_1086_TAI_HAP_XX__AUDIO_1086_TAI_NEU_XX_sadtalker.pt
FAKE_T3_1086_TAI_NEU_XX__AUDIO_1086_TAI_SAD_XX_sadtalker,track3,1,crema_1086,SAD,NEU,-1,1,1,1,,data\preprocessed\features\z_at\FAKE_T3_1086_TAI_NEU_XX__AUDIO_1086_TAI_SAD_XX_sadtalker.pt,data\preprocessed\features\z_v\FAKE_T3_1086_TAI_NEU_XX__AUDIO_1086_TAI_SAD_XX_sadtalker.pt
FAKE_T3_1086_TIE_ANG_XX__AUDIO_1086_TIE_DIS_XX_sadtalker,track3,1,crema_1086,DIS,ANG,-1,1,1,1,,data\preprocessed\features\z_at\FAKE_T3_1086_TIE_ANG_XX__AUDIO_1086_TIE_DIS_XX_sadtalker.pt,data\preprocessed\features\z_v\FAKE_T3_1086_TIE_ANG_XX__AUDIO_1086_TIE_DIS_XX_sadtalker.pt
FAKE_T3_1086_TIE_DIS_XX__AUDIO_1086_TIE_FEA_XX_sadtalker,track3,1,crema_1086,FEA,DIS,-1,1,1,1,,data\preprocessed\features\z_at\FAKE_T3_1086_TIE_DIS_XX__AUDIO_1086_TIE_FEA_XX_sadtalker.pt,data\preprocessed\features\z_v\FAKE_T3_1086_TIE_DIS_XX__AUDIO_1086_TIE_FEA_XX_sadtalker.pt
FAKE_T3_1086_TIE_FEA_XX__AUDIO_1086_TIE_HAP_XX_sadtalker,track3,1,crema_1086,HAP,FEA,-1,1,1,1,,data\preprocessed\features\z_at\FAKE_T3_1086_TIE_FEA_XX__AUDIO_1086_TIE_HAP_XX_sadtalker.pt,data\preprocessed\features\z_v\FAKE_T3_1086_TIE_FEA_XX__AUDIO_1086_TIE_HAP_XX_sadtalker.pt
FAKE_T3_1086_TIE_HAP_XX__AUDIO_1086_TIE_NEU_XX_sadtalker,track3,1,crema_1086,NEU,HAP,-1,1,1,1,,data\preprocessed\features\z_at\FAKE_T3_1086_TIE_HAP_XX__AUDIO_1086_TIE_NEU_XX_sadtalker.pt,data\preprocessed\features\z_v\FAKE_T3_1086_TIE_HAP_XX__AUDIO_1086_TIE_NEU_XX_sadtalker.pt
FAKE_T3_1086_TSI_DIS_XX__AUDIO_1086_TSI_FEA_XX_sadtalker,track3,1,crema_1086,FEA,DIS,-1,1,1,1,,data\preprocessed\features\z_at\FAKE_T3_1086_TSI_DIS_XX__AUDIO_1086_TSI_FEA_XX_sadtalker.pt,data\preprocessed\features\z_v\FAKE_T3_1086_TSI_DIS_XX__AUDIO_1086_TSI_FEA_XX_sadtalker.pt
FAKE_T3_1086_TSI_HAP_XX__AUDIO_1086_TSI_NEU_XX_sadtalker,track3,1,crema_1086,NEU,HAP,-1,1,1,1,,data\preprocessed\features\z_at\FAKE_T3_1086_TSI_HAP_XX__AUDIO_1086_TSI_NEU_XX_sadtalker.pt,data\preprocessed\features\z_v\FAKE_T3_1086_TSI_HAP_XX__AUDIO_1086_TSI_NEU_XX_sadtalker.pt
FAKE_T3_1086_TSI_SAD_XX__AUDIO_1086_TSI_ANG_XX_sadtalker,track3,1,crema_1086,ANG,SAD,-1,1,1,1,,data\preprocessed\features\z_at\FAKE_T3_1086_TSI_SAD_XX__AUDIO_1086_TSI_ANG_XX_sadtalker.pt,data\preprocessed\features\z_v\FAKE_T3_1086_TSI_SAD_XX__AUDIO_1086_TSI_ANG_XX_sadtalker.pt
FAKE_T3_1086_WSI_ANG_XX__AUDIO_1086_WSI_DIS_XX_sadtalker,track3,1,crema_1086,DIS,ANG,-1,1,1,1,,data\preprocessed\features\z_at\FAKE_T3_1086_WSI_ANG_XX__AUDIO_1086_WSI_DIS_XX_sadtalker.pt,data\preprocessed\features\z_v\FAKE_T3_1086_WSI_ANG_XX__AUDIO_1086_WSI_DIS_XX_sadtalker.pt
FAKE_T3_1086_WSI_DIS_XX__AUDIO_1086_WSI_FEA_XX_sadtalker,track3,1,crema_1086,FEA,DIS,-1,1,1,1,,data\preprocessed\features\z_at\FAKE_T3_1086_WSI_DIS_XX__AUDIO_1086_WSI_FEA_XX_sadtalker.pt,data\preprocessed\features\z_v\FAKE_T3_1086_WSI_DIS_XX__AUDIO_1086_WSI_FEA_XX_sadtalker.pt
FAKE_T3_1086_WSI_HAP_XX__AUDIO_1086_WSI_NEU_XX_sadtalker,track3,1,crema_1086,NEU,HAP,-1,1,1,1,,data\preprocessed\features\z_at\FAKE_T3_1086_WSI_HAP_XX__AUDIO_1086_WSI_NEU_XX_sadtalker.pt,data\preprocessed\features\z_v\FAKE_T3_1086_WSI_HAP_XX__AUDIO_1086_WSI_NEU_XX_sadtalker.pt
FAKE_T3_1087_DFA_FEA_XX__AUDIO_1087_DFA_HAP_XX_sadtalker,track3,1,crema_1087,HAP,FEA,-1,1,1,1,,data\preprocessed\features\z_at\FAKE_T3_1087_DFA_FEA_XX__AUDIO_1087_DFA_HAP_XX_sadtalker.pt,data\preprocessed\features\z_v\FAKE_T3_1087_DFA_FEA_XX__AUDIO_1087_DFA_HAP_XX_sadtalker.pt
FAKE_T3_1087_DFA_HAP_XX__AUDIO_1087_DFA_NEU_XX_sadtalker,track3,1,crema_1087,NEU,HAP,-1,1,1,1,,data\preprocessed\features\z_at\FAKE_T3_1087_DFA_HAP_XX__AUDIO_1087_DFA_NEU_XX_sadtalker.pt,data\preprocessed\features\z_v\FAKE_T3_1087_DFA_HAP_XX__AUDIO_1087_DFA_NEU_XX_sadtalker.pt
FAKE_T3_1087_DFA_NEU_XX__AUDIO_1087_DFA_SAD_XX_sadtalker,track3,1,crema_1087,SAD,NEU,-1,1,1,1,,data\preprocessed\features\z_at\FAKE_T3_1087_DFA_NEU_XX__AUDIO_1087_DFA_SAD_XX_sadtalker.pt,data\preprocessed\features\z_v\FAKE_T3_1087_DFA_NEU_XX__AUDIO_1087_DFA_SAD_XX_sadtalker.pt
FAKE_T3_1087_IEO_ANG_MD__AUDIO_1087_IEO_DIS_MD_sadtalker,track3,1,crema_1087,DIS,ANG,-1,1,1,1,,data\preprocessed\features\z_at\FAKE_T3_1087_IEO_ANG_MD__AUDIO_1087_IEO_DIS_MD_sadtalker.pt,data\preprocessed\features\z_v\FAKE_T3_1087_IEO_ANG_MD__AUDIO_1087_IEO_DIS_MD_sadtalker.pt
FAKE_T3_1087_IEO_FEA_HI__AUDIO_1087_IEO_HAP_HI_sadtalker,track3,1,crema_1087,HAP,FEA,-1,1,1,1,,data\preprocessed\features\z_at\FAKE_T3_1087_IEO_FEA_HI__AUDIO_1087_IEO_HAP_HI_sadtalker.pt,data\preprocessed\features\z_v\FAKE_T3_1087_IEO_FEA_HI__AUDIO_1087_IEO_HAP_HI_sadtalker.pt
FAKE_T3_1087_IEO_FEA_LO__AUDIO_1087_IEO_HAP_LO_sadtalker,track3,1,crema_1087,HAP,FEA,-1,1,1,1,,data\preprocessed\features\z_at\FAKE_T3_1087_IEO_FEA_LO__AUDIO_1087_IEO_HAP_LO_sadtalker.pt,data\preprocessed\features\z_v\FAKE_T3_1087_IEO_FEA_LO__AUDIO_1087_IEO_HAP_LO_sadtalker.pt
FAKE_T3_1087_IEO_HAP_HI__AUDIO_1087_IEO_NEU_XX_sadtalker,track3,1,crema_1087,NEU,HAP,-1,1,1,1,,data\preprocessed\features\z_at\FAKE_T3_1087_IEO_HAP_HI__AUDIO_1087_IEO_NEU_XX_sadtalker.pt,data\preprocessed\features\z_v\FAKE_T3_1087_IEO_HAP_HI__AUDIO_1087_IEO_NEU_XX_sadtalker.pt
FAKE_T3_1087_IEO_HAP_LO__AUDIO_1087_IEO_NEU_XX_sadtalker,track3,1,crema_1087,NEU,HAP,-1,1,1,1,,data\preprocessed\features\z_at\FAKE_T3_1087_IEO_HAP_LO__AUDIO_1087_IEO_NEU_XX_sadtalker.pt,data\preprocessed\features\z_v\FAKE_T3_1087_IEO_HAP_LO__AUDIO_1087_IEO_NEU_XX_sadtalker.pt
FAKE_T3_1087_IEO_SAD_LO__AUDIO_1087_IEO_ANG_LO_sadtalker,track3,1,crema_1087,ANG,SAD,-1,1,1,1,,data\preprocessed\features\z_at\FAKE_T3_1087_IEO_SAD_LO__AUDIO_1087_IEO_ANG_LO_sadtalker.pt,data\preprocessed\features\z_v\FAKE_T3_1087_IEO_SAD_LO__AUDIO_1087_IEO_ANG_LO_sadtalker.pt
FAKE_T3_1087_IOM_ANG_XX__AUDIO_1087_IOM_DIS_XX_sadtalker,track3,1,crema_1087,DIS,ANG,-1,1,1,1,,data\preprocessed\features\z_at\FAKE_T3_1087_IOM_ANG_XX__AUDIO_1087_IOM_DIS_XX_sadtalker.pt,data\preprocessed\features\z_v\FAKE_T3_1087_IOM_ANG_XX__AUDIO_1087_IOM_DIS_XX_sadtalker.pt
FAKE_T3_1087_IOM_FEA_XX__AUDIO_1087_IOM_HAP_XX_sadtalker,track3,1,crema_1087,HAP,FEA,-1,1,1,1,,data\preprocessed\features\z_at\FAKE_T3_1087_IOM_FEA_XX__AUDIO_1087_IOM_HAP_XX_sadtalker.pt,data\preprocessed\features\z_v\FAKE_T3_1087_IOM_FEA_XX__AUDIO_1087_IOM_HAP_XX_sadtalker.pt
FAKE_T3_1087_IOM_SAD_XX__AUDIO_1087_IOM_ANG_XX_sadtalker,track3,1,crema_1087,ANG,SAD,-1,1,1,1,,data\preprocessed\features\z_at\FAKE_T3_1087_IOM_SAD_XX__AUDIO_1087_IOM_ANG_XX_sadtalker.pt,data\preprocessed\features\z_v\FAKE_T3_1087_IOM_SAD_XX__AUDIO_1087_IOM_ANG_XX_sadtalker.pt
FAKE_T3_1087_ITH_FEA_XX__AUDIO_1087_ITH_HAP_XX_sadtalker,track3,1,crema_1087,HAP,FEA,-1,1,1,1,,data\preprocessed\features\z_at\FAKE_T3_1087_ITH_FEA_XX__AUDIO_1087_ITH_HAP_XX_sadtalker.pt,data\preprocessed\features\z_v\FAKE_T3_1087_ITH_FEA_XX__AUDIO_1087_ITH_HAP_XX_sadtalker.pt
FAKE_T3_1087_ITH_HAP_XX__AUDIO_1087_ITH_NEU_XX_sadtalker,track3,1,crema_1087,NEU,HAP,-1,1,1,1,,data\preprocessed\features\z_at\FAKE_T3_1087_ITH_HAP_XX__AUDIO_1087_ITH_NEU_XX_sadtalker.pt,data\preprocessed\features\z_v\FAKE_T3_1087_ITH_HAP_XX__AUDIO_1087_ITH_NEU_XX_sadtalker.pt
FAKE_T3_1087_ITH_SAD_XX__AUDIO_1087_ITH_ANG_XX_sadtalker,track3,1,crema_1087,ANG,SAD,-1,1,1,1,,data\preprocessed\features\z_at\FAKE_T3_1087_ITH_SAD_XX__AUDIO_1087_ITH_ANG_XX_sadtalker.pt,data\preprocessed\features\z_v\FAKE_T3_1087_ITH_SAD_XX__AUDIO_1087_ITH_ANG_XX_sadtalker.pt
FAKE_T3_1087_ITS_DIS_XX__AUDIO_1087_ITS_FEA_XX_sadtalker,track3,1,crema_1087,FEA,DIS,-1,1,1,1,,data\preprocessed\features\z_at\FAKE_T3_1087_ITS_DIS_XX__AUDIO_1087_ITS_FEA_XX_sadtalker.pt,data\preprocessed\features\z_v\FAKE_T3_1087_ITS_DIS_XX__AUDIO_1087_ITS_FEA_XX_sadtalker.pt
FAKE_T3_1087_ITS_FEA_XX__AUDIO_1087_ITS_HAP_XX_sadtalker,track3,1,crema_1087,HAP,FEA,-1,1,1,1,,data\preprocessed\features\z_at\FAKE_T3_1087_ITS_FEA_XX__AUDIO_1087_ITS_HAP_XX_sadtalker.pt,data\preprocessed\features\z_v\FAKE_T3_1087_ITS_FEA_XX__AUDIO_1087_ITS_HAP_XX_sadtalker.pt
FAKE_T3_1087_ITS_HAP_XX__AUDIO_1087_ITS_NEU_XX_sadtalker,track3,1,crema_1087,NEU,HAP,-1,1,1,1,,data\preprocessed\features\z_at\FAKE_T3_1087_ITS_HAP_XX__AUDIO_1087_ITS_NEU_XX_sadtalker.pt,data\preprocessed\features\z_v\FAKE_T3_1087_ITS_HAP_XX__AUDIO_1087_ITS_NEU_XX_sadtalker.pt
FAKE_T3_1087_ITS_NEU_XX__AUDIO_1087_ITS_SAD_XX_sadtalker,track3,1,crema_1087,SAD,NEU,-1,1,1,1,,data\preprocessed\features\z_at\FAKE_T3_1087_ITS_NEU_XX__AUDIO_1087_ITS_SAD_XX_sadtalker.pt,data\preprocessed\features\z_v\FAKE_T3_1087_ITS_NEU_XX__AUDIO_1087_ITS_SAD_XX_sadtalker.pt
FAKE_T3_1087_ITS_SAD_XX__AUDIO_1087_ITS_ANG_XX_sadtalker,track3,1,crema_1087,ANG,SAD,-1,1,1,1,,data\preprocessed\features\z_at\FAKE_T3_1087_ITS_SAD_XX__AUDIO_1087_ITS_ANG_XX_sadtalker.pt,data\preprocessed\features\z_v\FAKE_T3_1087_ITS_SAD_XX__AUDIO_1087_ITS_ANG_XX_sadtalker.pt
FAKE_T3_1087_IWL_ANG_XX__AUDIO_1087_IWL_DIS_XX_sadtalker,track3,1,crema_1087,DIS,ANG,-1,1,1,1,,data\preprocessed\features\z_at\FAKE_T3_1087_IWL_ANG_XX__AUDIO_1087_IWL_DIS_XX_sadtalker.pt,data\preprocessed\features\z_v\FAKE_T3_1087_IWL_ANG_XX__AUDIO_1087_IWL_DIS_XX_sadtalker.pt
FAKE_T3_1087_IWL_DIS_XX__AUDIO_1087_IWL_FEA_XX_sadtalker,track3,1,crema_1087,FEA,DIS,-1,1,1,1,,data\preprocessed\features\z_at\FAKE_T3_1087_IWL_DIS_XX__AUDIO_1087_IWL_FEA_XX_sadtalker.pt,data\preprocessed\features\z_v\FAKE_T3_1087_IWL_DIS_XX__AUDIO_1087_IWL_FEA_XX_sadtalker.pt
FAKE_T3_1087_IWL_HAP_XX__AUDIO_1087_IWL_NEU_XX_sadtalker,track3,1,crema_1087,NEU,HAP,-1,1,1,1,,data\preprocessed\features\z_at\FAKE_T3_1087_IWL_HAP_XX__AUDIO_1087_IWL_NEU_XX_sadtalker.pt,data\preprocessed\features\z_v\FAKE_T3_1087_IWL_HAP_XX__AUDIO_1087_IWL_NEU_XX_sadtalker.pt
FAKE_T3_1087_IWW_ANG_XX__AUDIO_1087_IWW_DIS_XX_sadtalker,track3,1,crema_1087,DIS,ANG,-1,1,1,1,,data\preprocessed\features\z_at\FAKE_T3_1087_IWW_ANG_XX__AUDIO_1087_IWW_DIS_XX_sadtalker.pt,data\preprocessed\features\z_v\FAKE_T3_1087_IWW_ANG_XX__AUDIO_1087_IWW_DIS_XX_sadtalker.pt
FAKE_T3_1087_IWW_HAP_XX__AUDIO_1087_IWW_NEU_XX_sadtalker,track3,1,crema_1087,NEU,HAP,-1,1,1,1,,data\preprocessed\features\z_at\FAKE_T3_1087_IWW_HAP_XX__AUDIO_1087_IWW_NEU_XX_sadtalker.pt,data\preprocessed\features\z_v\FAKE_T3_1087_IWW_HAP_XX__AUDIO_1087_IWW_NEU_XX_sadtalker.pt
FAKE_T3_1087_IWW_SAD_XX__AUDIO_1087_IWW_ANG_XX_sadtalker,track3,1,crema_1087,ANG,SAD,-1,1,1,1,,data\preprocessed\features\z_at\FAKE_T3_1087_IWW_SAD_XX__AUDIO_1087_IWW_ANG_XX_sadtalker.pt,data\preprocessed\features\z_v\FAKE_T3_1087_IWW_SAD_XX__AUDIO_1087_IWW_ANG_XX_sadtalker.pt
FAKE_T3_1087_MTI_DIS_XX__AUDIO_1087_MTI_FEA_XX_sadtalker,track3,1,crema_1087,FEA,DIS,-1,1,1,1,,data\preprocessed\features\z_at\FAKE_T3_1087_MTI_DIS_XX__AUDIO_1087_MTI_FEA_XX_sadtalker.pt,data\preprocessed\features\z_v\FAKE_T3_1087_MTI_DIS_XX__AUDIO_1087_MTI_FEA_XX_sadtalker.pt
FAKE_T3_1087_MTI_FEA_XX__AUDIO_1087_MTI_HAP_XX_sadtalker,track3,1,crema_1087,HAP,FEA,-1,1,1,1,,data\preprocessed\features\z_at\FAKE_T3_1087_MTI_FEA_XX__AUDIO_1087_MTI_HAP_XX_sadtalker.pt,data\preprocessed\features\z_v\FAKE_T3_1087_MTI_FEA_XX__AUDIO_1087_MTI_HAP_XX_sadtalker.pt
FAKE_T3_1087_MTI_SAD_XX__AUDIO_1087_MTI_ANG_XX_sadtalker,track3,1,crema_1087,ANG,SAD,-1,1,1,1,,data\preprocessed\features\z_at\FAKE_T3_1087_MTI_SAD_XX__AUDIO_1087_MTI_ANG_XX_sadtalker.pt,data\preprocessed\features\z_v\FAKE_T3_1087_MTI_SAD_XX__AUDIO_1087_MTI_ANG_XX_sadtalker.pt
FAKE_T3_1087_TAI_ANG_XX__AUDIO_1087_TAI_DIS_XX_sadtalker,track3,1,crema_1087,DIS,ANG,-1,1,1,1,,data\preprocessed\features\z_at\FAKE_T3_1087_TAI_ANG_XX__AUDIO_1087_TAI_DIS_XX_sadtalker.pt,data\preprocessed\features\z_v\FAKE_T3_1087_TAI_ANG_XX__AUDIO_1087_TAI_DIS_XX_sadtalker.pt
FAKE_T3_1087_TAI_HAP_XX__AUDIO_1087_TAI_NEU_XX_sadtalker,track3,1,crema_1087,NEU,HAP,-1,1,1,1,,data\preprocessed\features\z_at\FAKE_T3_1087_TAI_HAP_XX__AUDIO_1087_TAI_NEU_XX_sadtalker.pt,data\preprocessed\features\z_v\FAKE_T3_1087_TAI_HAP_XX__AUDIO_1087_TAI_NEU_XX_sadtalker.pt
FAKE_T3_1087_TAI_NEU_XX__AUDIO_1087_TAI_SAD_XX_sadtalker,track3,1,crema_1087,SAD,NEU,-1,1,1,1,,data\preprocessed\features\z_at\FAKE_T3_1087_TAI_NEU_XX__AUDIO_1087_TAI_SAD_XX_sadtalker.pt,data\preprocessed\features\z_v\FAKE_T3_1087_TAI_NEU_XX__AUDIO_1087_TAI_SAD_XX_sadtalker.pt
FAKE_T3_1087_TAI_SAD_XX__AUDIO_1087_TAI_ANG_XX_sadtalker,track3,1,crema_1087,ANG,SAD,-1,1,1,1,,data\preprocessed\features\z_at\FAKE_T3_1087_TAI_SAD_XX__AUDIO_1087_TAI_ANG_XX_sadtalker.pt,data\preprocessed\features\z_v\FAKE_T3_1087_TAI_SAD_XX__AUDIO_1087_TAI_ANG_XX_sadtalker.pt
FAKE_T3_1087_TIE_ANG_XX__AUDIO_1087_TIE_DIS_XX_sadtalker,track3,1,crema_1087,DIS,ANG,-1,1,1,1,,data\preprocessed\features\z_at\FAKE_T3_1087_TIE_ANG_XX__AUDIO_1087_TIE_DIS_XX_sadtalker.pt,data\preprocessed\features\z_v\FAKE_T3_1087_TIE_ANG_XX__AUDIO_1087_TIE_DIS_XX_sadtalker.pt
FAKE_T3_1087_TSI_ANG_XX__AUDIO_1087_TSI_DIS_XX_sadtalker,track3,1,crema_1087,DIS,ANG,-1,1,1,1,,data\preprocessed\features\z_at\FAKE_T3_1087_TSI_ANG_XX__AUDIO_1087_TSI_DIS_XX_sadtalker.pt,data\preprocessed\features\z_v\FAKE_T3_1087_TSI_ANG_XX__AUDIO_1087_TSI_DIS_XX_sadtalker.pt
FAKE_T3_1087_TSI_DIS_XX__AUDIO_1087_TSI_FEA_XX_sadtalker,track3,1,crema_1087,FEA,DIS,-1,1,1,1,,data\preprocessed\features\z_at\FAKE_T3_1087_TSI_DIS_XX__AUDIO_1087_TSI_FEA_XX_sadtalker.pt,data\preprocessed\features\z_v\FAKE_T3_1087_TSI_DIS_XX__AUDIO_1087_TSI_FEA_XX_sadtalker.pt
FAKE_T3_1087_TSI_FEA_XX__AUDIO_1087_TSI_HAP_XX_sadtalker,track3,1,crema_1087,HAP,FEA,-1,1,1,1,,data\preprocessed\features\z_at\FAKE_T3_1087_TSI_FEA_XX__AUDIO_1087_TSI_HAP_XX_sadtalker.pt,data\preprocessed\features\z_v\FAKE_T3_1087_TSI_FEA_XX__AUDIO_1087_TSI_HAP_XX_sadtalker.pt
FAKE_T3_1087_TSI_NEU_XX__AUDIO_1087_TSI_SAD_XX_sadtalker,track3,1,crema_1087,SAD,NEU,-1,1,1,1,,data\preprocessed\features\z_at\FAKE_T3_1087_TSI_NEU_XX__AUDIO_1087_TSI_SAD_XX_sadtalker.pt,data\preprocessed\features\z_v\FAKE_T3_1087_TSI_NEU_XX__AUDIO_1087_TSI_SAD_XX_sadtalker.pt
FAKE_T3_1087_TSI_SAD_XX__AUDIO_1087_TSI_ANG_XX_sadtalker,track3,1,crema_1087,ANG,SAD,-1,1,1,1,,data\preprocessed\features\z_at\FAKE_T3_1087_TSI_SAD_XX__AUDIO_1087_TSI_ANG_XX_sadtalker.pt,data\preprocessed\features\z_v\FAKE_T3_1087_TSI_SAD_XX__AUDIO_1087_TSI_ANG_XX_sadtalker.pt
FAKE_T3_1087_WSI_ANG_XX__AUDIO_1087_WSI_DIS_XX_sadtalker,track3,1,crema_1087,DIS,ANG,-1,1,1,1,,data\preprocessed\features\z_at\FAKE_T3_1087_WSI_ANG_XX__AUDIO_1087_WSI_DIS_XX_sadtalker.pt,data\preprocessed\features\z_v\FAKE_T3_1087_WSI_ANG_XX__AUDIO_1087_WSI_DIS_XX_sadtalker.pt
FAKE_T3_1087_WSI_NEU_XX__AUDIO_1087_WSI_SAD_XX_sadtalker,track3,1,crema_1087,SAD,NEU,-1,1,1,1,,data\preprocessed\features\z_at\FAKE_T3_1087_WSI_NEU_XX__AUDIO_1087_WSI_SAD_XX_sadtalker.pt,data\preprocessed\features\z_v\FAKE_T3_1087_WSI_NEU_XX__AUDIO_1087_WSI_SAD_XX_sadtalker.pt
FAKE_T3_1088_DFA_HAP_XX__AUDIO_1088_DFA_NEU_XX_sadtalker,track3,1,crema_1088,NEU,HAP,-1,1,1,1,,data\preprocessed\features\z_at\FAKE_T3_1088_DFA_HAP_XX__AUDIO_1088_DFA_NEU_XX_sadtalker.pt,data\preprocessed\features\z_v\FAKE_T3_1088_DFA_HAP_XX__AUDIO_1088_DFA_NEU_XX_sadtalker.pt
FAKE_T3_1088_DFA_SAD_XX__AUDIO_1088_DFA_ANG_XX_sadtalker,track3,1,crema_1088,ANG,SAD,-1,1,1,1,,data\preprocessed\features\z_at\FAKE_T3_1088_DFA_SAD_XX__AUDIO_1088_DFA_ANG_XX_sadtalker.pt,data\preprocessed\features\z_v\FAKE_T3_1088_DFA_SAD_XX__AUDIO_1088_DFA_ANG_XX_sadtalker.pt
FAKE_T3_1088_IEO_ANG_HI__AUDIO_1088_IEO_DIS_HI_sadtalker,track3,1,crema_1088,DIS,ANG,-1,1,1,1,,data\preprocessed\features\z_at\FAKE_T3_1088_IEO_ANG_HI__AUDIO_1088_IEO_DIS_HI_sadtalker.pt,data\preprocessed\features\z_v\FAKE_T3_1088_IEO_ANG_HI__AUDIO_1088_IEO_DIS_HI_sadtalker.pt
FAKE_T3_1088_IEO_ANG_LO__AUDIO_1088_IEO_DIS_LO_sadtalker,track3,1,crema_1088,DIS,ANG,-1,1,1,1,,data\preprocessed\features\z_at\FAKE_T3_1088_IEO_ANG_LO__AUDIO_1088_IEO_DIS_LO_sadtalker.pt,data\preprocessed\features\z_v\FAKE_T3_1088_IEO_ANG_LO__AUDIO_1088_IEO_DIS_LO_sadtalker.pt
FAKE_T3_1088_IEO_ANG_MD__AUDIO_1088_IEO_DIS_MD_sadtalker,track3,1,crema_1088,DIS,ANG,-1,1,1,1,,data\preprocessed\features\z_at\FAKE_T3_1088_IEO_ANG_MD__AUDIO_1088_IEO_DIS_MD_sadtalker.pt,data\preprocessed\features\z_v\FAKE_T3_1088_IEO_ANG_MD__AUDIO_1088_IEO_DIS_MD_sadtalker.pt
FAKE_T3_1088_IEO_DIS_HI__AUDIO_1088_IEO_FEA_HI_sadtalker,track3,1,crema_1088,FEA,DIS,-1,1,1,1,,data\preprocessed\features\z_at\FAKE_T3_1088_IEO_DIS_HI__AUDIO_1088_IEO_FEA_HI_sadtalker.pt,data\preprocessed\features\z_v\FAKE_T3_1088_IEO_DIS_HI__AUDIO_1088_IEO_FEA_HI_sadtalker.pt
FAKE_T3_1088_IEO_DIS_MD__AUDIO_1088_IEO_FEA_MD_sadtalker,track3,1,crema_1088,FEA,DIS,-1,1,1,1,,data\preprocessed\features\z_at\FAKE_T3_1088_IEO_DIS_MD__AUDIO_1088_IEO_FEA_MD_sadtalker.pt,data\preprocessed\features\z_v\FAKE_T3_1088_IEO_DIS_MD__AUDIO_1088_IEO_FEA_MD_sadtalker.pt
FAKE_T3_1088_IEO_FEA_HI__AUDIO_1088_IEO_HAP_HI_sadtalker,track3,1,crema_1088,HAP,FEA,-1,1,1,1,,data\preprocessed\features\z_at\FAKE_T3_1088_IEO_FEA_HI__AUDIO_1088_IEO_HAP_HI_sadtalker.pt,data\preprocessed\features\z_v\FAKE_T3_1088_IEO_FEA_HI__AUDIO_1088_IEO_HAP_HI_sadtalker.pt
FAKE_T3_1088_IEO_FEA_MD__AUDIO_1088_IEO_HAP_MD_sadtalker,track3,1,crema_1088,HAP,FEA,-1,1,1,1,,data\preprocessed\features\z_at\FAKE_T3_1088_IEO_FEA_MD__AUDIO_1088_IEO_HAP_MD_sadtalker.pt,data\preprocessed\features\z_v\FAKE_T3_1088_IEO_FEA_MD__AUDIO_1088_IEO_HAP_MD_sadtalker.pt
FAKE_T3_1088_IEO_HAP_HI__AUDIO_1088_IEO_NEU_XX_sadtalker,track3,1,crema_1088,NEU,HAP,-1,1,1,1,,data\preprocessed\features\z_at\FAKE_T3_1088_IEO_HAP_HI__AUDIO_1088_IEO_NEU_XX_sadtalker.pt,data\preprocessed\features\z_v\FAKE_T3_1088_IEO_HAP_HI__AUDIO_1088_IEO_NEU_XX_sadtalker.pt
FAKE_T3_1088_IEO_HAP_MD__AUDIO_1088_IEO_NEU_XX_sadtalker,track3,1,crema_1088,NEU,HAP,-1,1,1,1,,data\preprocessed\features\z_at\FAKE_T3_1088_IEO_HAP_MD__AUDIO_1088_IEO_NEU_XX_sadtalker.pt,data\preprocessed\features\z_v\FAKE_T3_1088_IEO_HAP_MD__AUDIO_1088_IEO_NEU_XX_sadtalker.pt
FAKE_T3_1088_IEO_NEU_XX__AUDIO_1088_IEO_SAD_HI_sadtalker,track3,1,crema_1088,SAD,NEU,-1,1,1,1,,data\preprocessed\features\z_at\FAKE_T3_1088_IEO_NEU_XX__AUDIO_1088_IEO_SAD_HI_sadtalker.pt,data\preprocessed\features\z_v\FAKE_T3_1088_IEO_NEU_XX__AUDIO_1088_IEO_SAD_HI_sadtalker.pt
FAKE_T3_1088_IEO_SAD_HI__AUDIO_1088_IEO_ANG_HI_sadtalker,track3,1,crema_1088,ANG,SAD,-1,1,1,1,,data\preprocessed\features\z_at\FAKE_T3_1088_IEO_SAD_HI__AUDIO_1088_IEO_ANG_HI_sadtalker.pt,data\preprocessed\features\z_v\FAKE_T3_1088_IEO_SAD_HI__AUDIO_1088_IEO_ANG_HI_sadtalker.pt
FAKE_T3_1088_IEO_SAD_LO__AUDIO_1088_IEO_ANG_LO_sadtalker,track3,1,crema_1088,ANG,SAD,-1,1,1,1,,data\preprocessed\features\z_at\FAKE_T3_1088_IEO_SAD_LO__AUDIO_1088_IEO_ANG_LO_sadtalker.pt,data\preprocessed\features\z_v\FAKE_T3_1088_IEO_SAD_LO__AUDIO_1088_IEO_ANG_LO_sadtalker.pt
FAKE_T3_1088_IOM_ANG_XX__AUDIO_1088_IOM_DIS_XX_sadtalker,track3,1,crema_1088,DIS,ANG,-1,1,1,1,,data\preprocessed\features\z_at\FAKE_T3_1088_IOM_ANG_XX__AUDIO_1088_IOM_DIS_XX_sadtalker.pt,data\preprocessed\features\z_v\FAKE_T3_1088_IOM_ANG_XX__AUDIO_1088_IOM_DIS_XX_sadtalker.pt
FAKE_T3_1088_IOM_FEA_XX__AUDIO_1088_IOM_HAP_XX_sadtalker,track3,1,crema_1088,HAP,FEA,-1,1,1,1,,data\preprocessed\features\z_at\FAKE_T3_1088_IOM_FEA_XX__AUDIO_1088_IOM_HAP_XX_sadtalker.pt,data\preprocessed\features\z_v\FAKE_T3_1088_IOM_FEA_XX__AUDIO_1088_IOM_HAP_XX_sadtalker.pt
FAKE_T3_1088_ITH_ANG_XX__AUDIO_1088_ITH_DIS_XX_sadtalker,track3,1,crema_1088,DIS,ANG,-1,1,1,1,,data\preprocessed\features\z_at\FAKE_T3_1088_ITH_ANG_XX__AUDIO_1088_ITH_DIS_XX_sadtalker.pt,data\preprocessed\features\z_v\FAKE_T3_1088_ITH_ANG_XX__AUDIO_1088_ITH_DIS_XX_sadtalker.pt
FAKE_T3_1088_ITH_DIS_XX__AUDIO_1088_ITH_FEA_XX_sadtalker,track3,1,crema_1088,FEA,DIS,-1,1,1,1,,data\preprocessed\features\z_at\FAKE_T3_1088_ITH_DIS_XX__AUDIO_1088_ITH_FEA_XX_sadtalker.pt,data\preprocessed\features\z_v\FAKE_T3_1088_ITH_DIS_XX__AUDIO_1088_ITH_FEA_XX_sadtalker.pt
FAKE_T3_1088_ITH_FEA_XX__AUDIO_1088_ITH_HAP_XX_sadtalker,track3,1,crema_1088,HAP,FEA,-1,1,1,1,,data\preprocessed\features\z_at\FAKE_T3_1088_ITH_FEA_XX__AUDIO_1088_ITH_HAP_XX_sadtalker.pt,data\preprocessed\features\z_v\FAKE_T3_1088_ITH_FEA_XX__AUDIO_1088_ITH_HAP_XX_sadtalker.pt
FAKE_T3_1088_ITH_HAP_XX__AUDIO_1088_ITH_NEU_XX_sadtalker,track3,1,crema_1088,NEU,HAP,-1,1,1,1,,data\preprocessed\features\z_at\FAKE_T3_1088_ITH_HAP_XX__AUDIO_1088_ITH_NEU_XX_sadtalker.pt,data\preprocessed\features\z_v\FAKE_T3_1088_ITH_HAP_XX__AUDIO_1088_ITH_NEU_XX_sadtalker.pt
FAKE_T3_1088_ITH_NEU_XX__AUDIO_1088_ITH_SAD_XX_sadtalker,track3,1,crema_1088,SAD,NEU,-1,1,1,1,,data\preprocessed\features\z_at\FAKE_T3_1088_ITH_NEU_XX__AUDIO_1088_ITH_SAD_XX_sadtalker.pt,data\preprocessed\features\z_v\FAKE_T3_1088_ITH_NEU_XX__AUDIO_1088_ITH_SAD_XX_sadtalker.pt
FAKE_T3_1088_ITS_ANG_XX__AUDIO_1088_ITS_DIS_XX_sadtalker,track3,1,crema_1088,DIS,ANG,-1,1,1,1,,data\preprocessed\features\z_at\FAKE_T3_1088_ITS_ANG_XX__AUDIO_1088_ITS_DIS_XX_sadtalker.pt,data\preprocessed\features\z_v\FAKE_T3_1088_ITS_ANG_XX__AUDIO_1088_ITS_DIS_XX_sadtalker.pt
FAKE_T3_1088_IWL_ANG_XX__AUDIO_1088_IWL_DIS_XX_sadtalker,track3,1,crema_1088,DIS,ANG,-1,1,1,1,,data\preprocessed\features\z_at\FAKE_T3_1088_IWL_ANG_XX__AUDIO_1088_IWL_DIS_XX_sadtalker.pt,data\preprocessed\features\z_v\FAKE_T3_1088_IWL_ANG_XX__AUDIO_1088_IWL_DIS_XX_sadtalker.pt
FAKE_T3_1088_IWL_SAD_XX__AUDIO_1088_IWL_ANG_XX_sadtalker,track3,1,crema_1088,ANG,SAD,-1,1,1,1,,data\preprocessed\features\z_at\FAKE_T3_1088_IWL_SAD_XX__AUDIO_1088_IWL_ANG_XX_sadtalker.pt,data\preprocessed\features\z_v\FAKE_T3_1088_IWL_SAD_XX__AUDIO_1088_IWL_ANG_XX_sadtalker.pt
FAKE_T3_1088_IWW_ANG_XX__AUDIO_1088_IWW_DIS_XX_sadtalker,track3,1,crema_1088,DIS,ANG,-1,1,1,1,,data\preprocessed\features\z_at\FAKE_T3_1088_IWW_ANG_XX__AUDIO_1088_IWW_DIS_XX_sadtalker.pt,data\preprocessed\features\z_v\FAKE_T3_1088_IWW_ANG_XX__AUDIO_1088_IWW_DIS_XX_sadtalker.pt
FAKE_T3_1088_IWW_DIS_XX__AUDIO_1088_IWW_FEA_XX_sadtalker,track3,1,crema_1088,FEA,DIS,-1,1,1,1,,data\preprocessed\features\z_at\FAKE_T3_1088_IWW_DIS_XX__AUDIO_1088_IWW_FEA_XX_sadtalker.pt,data\preprocessed\features\z_v\FAKE_T3_1088_IWW_DIS_XX__AUDIO_1088_IWW_FEA_XX_sadtalker.pt
FAKE_T3_1088_IWW_FEA_XX__AUDIO_1088_IWW_HAP_XX_sadtalker,track3,1,crema_1088,HAP,FEA,-1,1,1,1,,data\preprocessed\features\z_at\FAKE_T3_1088_IWW_FEA_XX__AUDIO_1088_IWW_HAP_XX_sadtalker.pt,data\preprocessed\features\z_v\FAKE_T3_1088_IWW_FEA_XX__AUDIO_1088_IWW_HAP_XX_sadtalker.pt
FAKE_T3_1088_IWW_HAP_XX__AUDIO_1088_IWW_NEU_XX_sadtalker,track3,1,crema_1088,NEU,HAP,-1,1,1,1,,data\preprocessed\features\z_at\FAKE_T3_1088_IWW_HAP_XX__AUDIO_1088_IWW_NEU_XX_sadtalker.pt,data\preprocessed\features\z_v\FAKE_T3_1088_IWW_HAP_XX__AUDIO_1088_IWW_NEU_XX_sadtalker.pt
FAKE_T3_1088_IWW_SAD_XX__AUDIO_1088_IWW_ANG_XX_sadtalker,track3,1,crema_1088,ANG,SAD,-1,1,1,1,,data\preprocessed\features\z_at\FAKE_T3_1088_IWW_SAD_XX__AUDIO_1088_IWW_ANG_XX_sadtalker.pt,data\preprocessed\features\z_v\FAKE_T3_1088_IWW_SAD_XX__AUDIO_1088_IWW_ANG_XX_sadtalker.pt
FAKE_T3_1088_MTI_FEA_XX__AUDIO_1088_MTI_HAP_XX_sadtalker,track3,1,crema_1088,HAP,FEA,-1,1,1,1,,data\preprocessed\features\z_at\FAKE_T3_1088_MTI_FEA_XX__AUDIO_1088_MTI_HAP_XX_sadtalker.pt,data\preprocessed\features\z_v\FAKE_T3_1088_MTI_FEA_XX__AUDIO_1088_MTI_HAP_XX_sadtalker.pt
FAKE_T3_1088_MTI_NEU_XX__AUDIO_1088_MTI_SAD_XX_sadtalker,track3,1,crema_1088,SAD,NEU,-1,1,1,1,,data\preprocessed\features\z_at\FAKE_T3_1088_MTI_NEU_XX__AUDIO_1088_MTI_SAD_XX_sadtalker.pt,data\preprocessed\features\z_v\FAKE_T3_1088_MTI_NEU_XX__AUDIO_1088_MTI_SAD_XX_sadtalker.pt
FAKE_T3_1088_MTI_SAD_XX__AUDIO_1088_MTI_ANG_XX_sadtalker,track3,1,crema_1088,ANG,SAD,-1,1,1,1,,data\preprocessed\features\z_at\FAKE_T3_1088_MTI_SAD_XX__AUDIO_1088_MTI_ANG_XX_sadtalker.pt,data\preprocessed\features\z_v\FAKE_T3_1088_MTI_SAD_XX__AUDIO_1088_MTI_ANG_XX_sadtalker.pt
FAKE_T3_1088_TAI_ANG_XX__AUDIO_1088_TAI_DIS_XX_sadtalker,track3,1,crema_1088,DIS,ANG,-1,1,1,1,,data\preprocessed\features\z_at\FAKE_T3_1088_TAI_ANG_XX__AUDIO_1088_TAI_DIS_XX_sadtalker.pt,data\preprocessed\features\z_v\FAKE_T3_1088_TAI_ANG_XX__AUDIO_1088_TAI_DIS_XX_sadtalker.pt
FAKE_T3_1088_TAI_SAD_XX__AUDIO_1088_TAI_ANG_XX_sadtalker,track3,1,crema_1088,ANG,SAD,-1,1,1,1,,data\preprocessed\features\z_at\FAKE_T3_1088_TAI_SAD_XX__AUDIO_1088_TAI_ANG_XX_sadtalker.pt,data\preprocessed\features\z_v\FAKE_T3_1088_TAI_SAD_XX__AUDIO_1088_TAI_ANG_XX_sadtalker.pt
FAKE_T3_1088_TIE_HAP_XX__AUDIO_1088_TIE_NEU_XX_sadtalker,track3,1,crema_1088,NEU,HAP,-1,1,1,1,,data\preprocessed\features\z_at\FAKE_T3_1088_TIE_HAP_XX__AUDIO_1088_TIE_NEU_XX_sadtalker.pt,data\preprocessed\features\z_v\FAKE_T3_1088_TIE_HAP_XX__AUDIO_1088_TIE_NEU_XX_sadtalker.pt
FAKE_T3_1088_TIE_NEU_XX__AUDIO_1088_TIE_SAD_XX_sadtalker,track3,1,crema_1088,SAD,NEU,-1,1,1,1,,data\preprocessed\features\z_at\FAKE_T3_1088_TIE_NEU_XX__AUDIO_1088_TIE_SAD_XX_sadtalker.pt,data\preprocessed\features\z_v\FAKE_T3_1088_TIE_NEU_XX__AUDIO_1088_TIE_SAD_XX_sadtalker.pt
FAKE_T3_1088_TSI_ANG_XX__AUDIO_1088_TSI_DIS_XX_sadtalker,track3,1,crema_1088,DIS,ANG,-1,1,1,1,,data\preprocessed\features\z_at\FAKE_T3_1088_TSI_ANG_XX__AUDIO_1088_TSI_DIS_XX_sadtalker.pt,data\preprocessed\features\z_v\FAKE_T3_1088_TSI_ANG_XX__AUDIO_1088_TSI_DIS_XX_sadtalker.pt
FAKE_T3_1088_TSI_FEA_XX__AUDIO_1088_TSI_HAP_XX_sadtalker,track3,1,crema_1088,HAP,FEA,-1,1,1,1,,data\preprocessed\features\z_at\FAKE_T3_1088_TSI_FEA_XX__AUDIO_1088_TSI_HAP_XX_sadtalker.pt,data\preprocessed\features\z_v\FAKE_T3_1088_TSI_FEA_XX__AUDIO_1088_TSI_HAP_XX_sadtalker.pt
FAKE_T3_1088_TSI_HAP_XX__AUDIO_1088_TSI_NEU_XX_sadtalker,track3,1,crema_1088,NEU,HAP,-1,1,1,1,,data\preprocessed\features\z_at\FAKE_T3_1088_TSI_HAP_XX__AUDIO_1088_TSI_NEU_XX_sadtalker.pt,data\preprocessed\features\z_v\FAKE_T3_1088_TSI_HAP_XX__AUDIO_1088_TSI_NEU_XX_sadtalker.pt
FAKE_T3_1088_WSI_FEA_XX__AUDIO_1088_WSI_HAP_XX_sadtalker,track3,1,crema_1088,HAP,FEA,-1,1,1,1,,data\preprocessed\features\z_at\FAKE_T3_1088_WSI_FEA_XX__AUDIO_1088_WSI_HAP_XX_sadtalker.pt,data\preprocessed\features\z_v\FAKE_T3_1088_WSI_FEA_XX__AUDIO_1088_WSI_HAP_XX_sadtalker.pt
FAKE_T3_1088_WSI_SAD_XX__AUDIO_1088_WSI_ANG_XX_sadtalker,track3,1,crema_1088,ANG,SAD,-1,1,1,1,,data\preprocessed\features\z_at\FAKE_T3_1088_WSI_SAD_XX__AUDIO_1088_WSI_ANG_XX_sadtalker.pt,data\preprocessed\features\z_v\FAKE_T3_1088_WSI_SAD_XX__AUDIO_1088_WSI_ANG_XX_sadtalker.pt
FAKE_T3_1089_DFA_ANG_XX__AUDIO_1089_DFA_DIS_XX_sadtalker,track3,1,crema_1089,DIS,ANG,-1,1,1,1,,data\preprocessed\features\z_at\FAKE_T3_1089_DFA_ANG_XX__AUDIO_1089_DFA_DIS_XX_sadtalker.pt,data\preprocessed\features\z_v\FAKE_T3_1089_DFA_ANG_XX__AUDIO_1089_DFA_DIS_XX_sadtalker.pt
FAKE_T3_1089_DFA_FEA_XX__AUDIO_1089_DFA_HAP_XX_sadtalker,track3,1,crema_1089,HAP,FEA,-1,1,1,1,,data\preprocessed\features\z_at\FAKE_T3_1089_DFA_FEA_XX__AUDIO_1089_DFA_HAP_XX_sadtalker.pt,data\preprocessed\features\z_v\FAKE_T3_1089_DFA_FEA_XX__AUDIO_1089_DFA_HAP_XX_sadtalker.pt
FAKE_T3_1089_DFA_HAP_XX__AUDIO_1089_DFA_NEU_XX_sadtalker,track3,1,crema_1089,NEU,HAP,-1,1,1,1,,data\preprocessed\features\z_at\FAKE_T3_1089_DFA_HAP_XX__AUDIO_1089_DFA_NEU_XX_sadtalker.pt,data\preprocessed\features\z_v\FAKE_T3_1089_DFA_HAP_XX__AUDIO_1089_DFA_NEU_XX_sadtalker.pt
FAKE_T3_1089_IEO_ANG_HI__AUDIO_1089_IEO_DIS_HI_sadtalker,track3,1,crema_1089,DIS,ANG,-1,1,1,1,,data\preprocessed\features\z_at\FAKE_T3_1089_IEO_ANG_HI__AUDIO_1089_IEO_DIS_HI_sadtalker.pt,data\preprocessed\features\z_v\FAKE_T3_1089_IEO_ANG_HI__AUDIO_1089_IEO_DIS_HI_sadtalker.pt
FAKE_T3_1089_IEO_ANG_LO__AUDIO_1089_IEO_DIS_LO_sadtalker,track3,1,crema_1089,DIS,ANG,-1,1,1,1,,data\preprocessed\features\z_at\FAKE_T3_1089_IEO_ANG_LO__AUDIO_1089_IEO_DIS_LO_sadtalker.pt,data\preprocessed\features\z_v\FAKE_T3_1089_IEO_ANG_LO__AUDIO_1089_IEO_DIS_LO_sadtalker.pt
FAKE_T3_1089_IEO_ANG_MD__AUDIO_1089_IEO_DIS_MD_sadtalker,track3,1,crema_1089,DIS,ANG,-1,1,1,1,,data\preprocessed\features\z_at\FAKE_T3_1089_IEO_ANG_MD__AUDIO_1089_IEO_DIS_MD_sadtalker.pt,data\preprocessed\features\z_v\FAKE_T3_1089_IEO_ANG_MD__AUDIO_1089_IEO_DIS_MD_sadtalker.pt
FAKE_T3_1089_IEO_DIS_LO__AUDIO_1089_IEO_FEA_LO_sadtalker,track3,1,crema_1089,FEA,DIS,-1,1,1,1,,data\preprocessed\features\z_at\FAKE_T3_1089_IEO_DIS_LO__AUDIO_1089_IEO_FEA_LO_sadtalker.pt,data\preprocessed\features\z_v\FAKE_T3_1089_IEO_DIS_LO__AUDIO_1089_IEO_FEA_LO_sadtalker.pt
FAKE_T3_1089_IEO_DIS_MD__AUDIO_1089_IEO_FEA_MD_sadtalker,track3,1,crema_1089,FEA,DIS,-1,1,1,1,,data\preprocessed\features\z_at\FAKE_T3_1089_IEO_DIS_MD__AUDIO_1089_IEO_FEA_MD_sadtalker.pt,data\preprocessed\features\z_v\FAKE_T3_1089_IEO_DIS_MD__AUDIO_1089_IEO_FEA_MD_sadtalker.pt
FAKE_T3_1089_IEO_FEA_HI__AUDIO_1089_IEO_HAP_HI_sadtalker,track3,1,crema_1089,HAP,FEA,-1,1,1,1,,data\preprocessed\features\z_at\FAKE_T3_1089_IEO_FEA_HI__AUDIO_1089_IEO_HAP_HI_sadtalker.pt,data\preprocessed\features\z_v\FAKE_T3_1089_IEO_FEA_HI__AUDIO_1089_IEO_HAP_HI_sadtalker.pt
FAKE_T3_1089_IEO_FEA_LO__AUDIO_1089_IEO_HAP_LO_sadtalker,track3,1,crema_1089,HAP,FEA,-1,1,1,1,,data\preprocessed\features\z_at\FAKE_T3_1089_IEO_FEA_LO__AUDIO_1089_IEO_HAP_LO_sadtalker.pt,data\preprocessed\features\z_v\FAKE_T3_1089_IEO_FEA_LO__AUDIO_1089_IEO_HAP_LO_sadtalker.pt
FAKE_T3_1089_IEO_FEA_MD__AUDIO_1089_IEO_HAP_MD_sadtalker,track3,1,crema_1089,HAP,FEA,-1,1,1,1,,data\preprocessed\features\z_at\FAKE_T3_1089_IEO_FEA_MD__AUDIO_1089_IEO_HAP_MD_sadtalker.pt,data\preprocessed\features\z_v\FAKE_T3_1089_IEO_FEA_MD__AUDIO_1089_IEO_HAP_MD_sadtalker.pt
FAKE_T3_1089_IEO_NEU_XX__AUDIO_1089_IEO_SAD_HI_sadtalker,track3,1,crema_1089,SAD,NEU,-1,1,1,1,,data\preprocessed\features\z_at\FAKE_T3_1089_IEO_NEU_XX__AUDIO_1089_IEO_SAD_HI_sadtalker.pt,data\preprocessed\features\z_v\FAKE_T3_1089_IEO_NEU_XX__AUDIO_1089_IEO_SAD_HI_sadtalker.pt
FAKE_T3_1089_IEO_SAD_LO__AUDIO_1089_IEO_ANG_LO_sadtalker,track3,1,crema_1089,ANG,SAD,-1,1,1,1,,data\preprocessed\features\z_at\FAKE_T3_1089_IEO_SAD_LO__AUDIO_1089_IEO_ANG_LO_sadtalker.pt,data\preprocessed\features\z_v\FAKE_T3_1089_IEO_SAD_LO__AUDIO_1089_IEO_ANG_LO_sadtalker.pt
FAKE_T3_1089_IEO_SAD_MD__AUDIO_1089_IEO_ANG_MD_sadtalker,track3,1,crema_1089,ANG,SAD,-1,1,1,1,,data\preprocessed\features\z_at\FAKE_T3_1089_IEO_SAD_MD__AUDIO_1089_IEO_ANG_MD_sadtalker.pt,data\preprocessed\features\z_v\FAKE_T3_1089_IEO_SAD_MD__AUDIO_1089_IEO_ANG_MD_sadtalker.pt
FAKE_T3_1089_IOM_NEU_XX__AUDIO_1089_IOM_SAD_XX_sadtalker,track3,1,crema_1089,SAD,NEU,-1,1,1,1,,data\preprocessed\features\z_at\FAKE_T3_1089_IOM_NEU_XX__AUDIO_1089_IOM_SAD_XX_sadtalker.pt,data\preprocessed\features\z_v\FAKE_T3_1089_IOM_NEU_XX__AUDIO_1089_IOM_SAD_XX_sadtalker.pt
FAKE_T3_1089_IOM_SAD_XX__AUDIO_1089_IOM_ANG_XX_sadtalker,track3,1,crema_1089,ANG,SAD,-1,1,1,1,,data\preprocessed\features\z_at\FAKE_T3_1089_IOM_SAD_XX__AUDIO_1089_IOM_ANG_XX_sadtalker.pt,data\preprocessed\features\z_v\FAKE_T3_1089_IOM_SAD_XX__AUDIO_1089_IOM_ANG_XX_sadtalker.pt
FAKE_T3_1089_ITH_DIS_XX__AUDIO_1089_ITH_FEA_XX_sadtalker,track3,1,crema_1089,FEA,DIS,-1,1,1,1,,data\preprocessed\features\z_at\FAKE_T3_1089_ITH_DIS_XX__AUDIO_1089_ITH_FEA_XX_sadtalker.pt,data\preprocessed\features\z_v\FAKE_T3_1089_ITH_DIS_XX__AUDIO_1089_ITH_FEA_XX_sadtalker.pt
FAKE_T3_1089_ITH_HAP_XX__AUDIO_1089_ITH_NEU_XX_sadtalker,track3,1,crema_1089,NEU,HAP,-1,1,1,1,,data\preprocessed\features\z_at\FAKE_T3_1089_ITH_HAP_XX__AUDIO_1089_ITH_NEU_XX_sadtalker.pt,data\preprocessed\features\z_v\FAKE_T3_1089_ITH_HAP_XX__AUDIO_1089_ITH_NEU_XX_sadtalker.pt
FAKE_T3_1089_ITS_ANG_XX__AUDIO_1089_ITS_DIS_XX_sadtalker,track3,1,crema_1089,DIS,ANG,-1,1,1,1,,data\preprocessed\features\z_at\FAKE_T3_1089_ITS_ANG_XX__AUDIO_1089_ITS_DIS_XX_sadtalker.pt,data\preprocessed\features\z_v\FAKE_T3_1089_ITS_ANG_XX__AUDIO_1089_ITS_DIS_XX_sadtalker.pt
FAKE_T3_1089_ITS_DIS_XX__AUDIO_1089_ITS_FEA_XX_sadtalker,track3,1,crema_1089,FEA,DIS,-1,1,1,1,,data\preprocessed\features\z_at\FAKE_T3_1089_ITS_DIS_XX__AUDIO_1089_ITS_FEA_XX_sadtalker.pt,data\preprocessed\features\z_v\FAKE_T3_1089_ITS_DIS_XX__AUDIO_1089_ITS_FEA_XX_sadtalker.pt
FAKE_T3_1089_ITS_SAD_XX__AUDIO_1089_ITS_ANG_XX_sadtalker,track3,1,crema_1089,ANG,SAD,-1,1,1,1,,data\preprocessed\features\z_at\FAKE_T3_1089_ITS_SAD_XX__AUDIO_1089_ITS_ANG_XX_sadtalker.pt,data\preprocessed\features\z_v\FAKE_T3_1089_ITS_SAD_XX__AUDIO_1089_ITS_ANG_XX_sadtalker.pt
FAKE_T3_1089_IWL_DIS_XX__AUDIO_1089_IWL_FEA_XX_sadtalker,track3,1,crema_1089,FEA,DIS,-1,1,1,1,,data\preprocessed\features\z_at\FAKE_T3_1089_IWL_DIS_XX__AUDIO_1089_IWL_FEA_XX_sadtalker.pt,data\preprocessed\features\z_v\FAKE_T3_1089_IWL_DIS_XX__AUDIO_1089_IWL_FEA_XX_sadtalker.pt
FAKE_T3_1089_IWW_ANG_XX__AUDIO_1089_IWW_DIS_XX_sadtalker,track3,1,crema_1089,DIS,ANG,-1,1,1,1,,data\preprocessed\features\z_at\FAKE_T3_1089_IWW_ANG_XX__AUDIO_1089_IWW_DIS_XX_sadtalker.pt,data\preprocessed\features\z_v\FAKE_T3_1089_IWW_ANG_XX__AUDIO_1089_IWW_DIS_XX_sadtalker.pt
FAKE_T3_1089_IWW_NEU_XX__AUDIO_1089_IWW_SAD_XX_sadtalker,track3,1,crema_1089,SAD,NEU,-1,1,1,1,,data\preprocessed\features\z_at\FAKE_T3_1089_IWW_NEU_XX__AUDIO_1089_IWW_SAD_XX_sadtalker.pt,data\preprocessed\features\z_v\FAKE_T3_1089_IWW_NEU_XX__AUDIO_1089_IWW_SAD_XX_sadtalker.pt
FAKE_T3_1089_IWW_SAD_XX__AUDIO_1089_IWW_ANG_XX_sadtalker,track3,1,crema_1089,ANG,SAD,-1,1,1,1,,data\preprocessed\features\z_at\FAKE_T3_1089_IWW_SAD_XX__AUDIO_1089_IWW_ANG_XX_sadtalker.pt,data\preprocessed\features\z_v\FAKE_T3_1089_IWW_SAD_XX__AUDIO_1089_IWW_ANG_XX_sadtalker.pt
FAKE_T3_1089_MTI_ANG_XX__AUDIO_1089_MTI_DIS_XX_sadtalker,track3,1,crema_1089,DIS,ANG,-1,1,1,1,,data\preprocessed\features\z_at\FAKE_T3_1089_MTI_ANG_XX__AUDIO_1089_MTI_DIS_XX_sadtalker.pt,data\preprocessed\features\z_v\FAKE_T3_1089_MTI_ANG_XX__AUDIO_1089_MTI_DIS_XX_sadtalker.pt
FAKE_T3_1089_MTI_DIS_XX__AUDIO_1089_MTI_FEA_XX_sadtalker,track3,1,crema_1089,FEA,DIS,-1,1,1,1,,data\preprocessed\features\z_at\FAKE_T3_1089_MTI_DIS_XX__AUDIO_1089_MTI_FEA_XX_sadtalker.pt,data\preprocessed\features\z_v\FAKE_T3_1089_MTI_DIS_XX__AUDIO_1089_MTI_FEA_XX_sadtalker.pt
FAKE_T3_1089_MTI_FEA_XX__AUDIO_1089_MTI_HAP_XX_sadtalker,track3,1,crema_1089,HAP,FEA,-1,1,1,1,,data\preprocessed\features\z_at\FAKE_T3_1089_MTI_FEA_XX__AUDIO_1089_MTI_HAP_XX_sadtalker.pt,data\preprocessed\features\z_v\FAKE_T3_1089_MTI_FEA_XX__AUDIO_1089_MTI_HAP_XX_sadtalker.pt
FAKE_T3_1089_MTI_HAP_XX__AUDIO_1089_MTI_NEU_XX_sadtalker,track3,1,crema_1089,NEU,HAP,-1,1,1,1,,data\preprocessed\features\z_at\FAKE_T3_1089_MTI_HAP_XX__AUDIO_1089_MTI_NEU_XX_sadtalker.pt,data\preprocessed\features\z_v\FAKE_T3_1089_MTI_HAP_XX__AUDIO_1089_MTI_NEU_XX_sadtalker.pt
FAKE_T3_1089_MTI_NEU_XX__AUDIO_1089_MTI_SAD_XX_sadtalker,track3,1,crema_1089,SAD,NEU,-1,1,1,1,,data\preprocessed\features\z_at\FAKE_T3_1089_MTI_NEU_XX__AUDIO_1089_MTI_SAD_XX_sadtalker.pt,data\preprocessed\features\z_v\FAKE_T3_1089_MTI_NEU_XX__AUDIO_1089_MTI_SAD_XX_sadtalker.pt
FAKE_T3_1089_MTI_SAD_XX__AUDIO_1089_MTI_ANG_XX_sadtalker,track3,1,crema_1089,ANG,SAD,-1,1,1,1,,data\preprocessed\features\z_at\FAKE_T3_1089_MTI_SAD_XX__AUDIO_1089_MTI_ANG_XX_sadtalker.pt,data\preprocessed\features\z_v\FAKE_T3_1089_MTI_SAD_XX__AUDIO_1089_MTI_ANG_XX_sadtalker.pt
FAKE_T3_1089_TAI_FEA_XX__AUDIO_1089_TAI_HAP_XX_sadtalker,track3,1,crema_1089,HAP,FEA,-1,1,1,1,,data\preprocessed\features\z_at\FAKE_T3_1089_TAI_FEA_XX__AUDIO_1089_TAI_HAP_XX_sadtalker.pt,data\preprocessed\features\z_v\FAKE_T3_1089_TAI_FEA_XX__AUDIO_1089_TAI_HAP_XX_sadtalker.pt
FAKE_T3_1089_TAI_HAP_XX__AUDIO_1089_TAI_NEU_XX_sadtalker,track3,1,crema_1089,NEU,HAP,-1,1,1,1,,data\preprocessed\features\z_at\FAKE_T3_1089_TAI_HAP_XX__AUDIO_1089_TAI_NEU_XX_sadtalker.pt,data\preprocessed\features\z_v\FAKE_T3_1089_TAI_HAP_XX__AUDIO_1089_TAI_NEU_XX_sadtalker.pt
FAKE_T3_1089_TIE_ANG_XX__AUDIO_1089_TIE_DIS_XX_sadtalker,track3,1,crema_1089,DIS,ANG,-1,1,1,1,,data\preprocessed\features\z_at\FAKE_T3_1089_TIE_ANG_XX__AUDIO_1089_TIE_DIS_XX_sadtalker.pt,data\preprocessed\features\z_v\FAKE_T3_1089_TIE_ANG_XX__AUDIO_1089_TIE_DIS_XX_sadtalker.pt
FAKE_T3_1089_TIE_DIS_XX__AUDIO_1089_TIE_FEA_XX_sadtalker,track3,1,crema_1089,FEA,DIS,-1,1,1,1,,data\preprocessed\features\z_at\FAKE_T3_1089_TIE_DIS_XX__AUDIO_1089_TIE_FEA_XX_sadtalker.pt,data\preprocessed\features\z_v\FAKE_T3_1089_TIE_DIS_XX__AUDIO_1089_TIE_FEA_XX_sadtalker.pt
FAKE_T3_1089_TIE_FEA_XX__AUDIO_1089_TIE_HAP_XX_sadtalker,track3,1,crema_1089,HAP,FEA,-1,1,1,1,,data\preprocessed\features\z_at\FAKE_T3_1089_TIE_FEA_XX__AUDIO_1089_TIE_HAP_XX_sadtalker.pt,data\preprocessed\features\z_v\FAKE_T3_1089_TIE_FEA_XX__AUDIO_1089_TIE_HAP_XX_sadtalker.pt
FAKE_T3_1089_TIE_HAP_XX__AUDIO_1089_TIE_NEU_XX_sadtalker,track3,1,crema_1089,NEU,HAP,-1,1,1,1,,data\preprocessed\features\z_at\FAKE_T3_1089_TIE_HAP_XX__AUDIO_1089_TIE_NEU_XX_sadtalker.pt,data\preprocessed\features\z_v\FAKE_T3_1089_TIE_HAP_XX__AUDIO_1089_TIE_NEU_XX_sadtalker.pt
FAKE_T3_1089_TIE_SAD_XX__AUDIO_1089_TIE_ANG_XX_sadtalker,track3,1,crema_1089,ANG,SAD,-1,1,1,1,,data\preprocessed\features\z_at\FAKE_T3_1089_TIE_SAD_XX__AUDIO_1089_TIE_ANG_XX_sadtalker.pt,data\preprocessed\features\z_v\FAKE_T3_1089_TIE_SAD_XX__AUDIO_1089_TIE_ANG_XX_sadtalker.pt
FAKE_T3_1089_TSI_DIS_XX__AUDIO_1089_TSI_FEA_XX_sadtalker,track3,1,crema_1089,FEA,DIS,-1,1,1,1,,data\preprocessed\features\z_at\FAKE_T3_1089_TSI_DIS_XX__AUDIO_1089_TSI_FEA_XX_sadtalker.pt,data\preprocessed\features\z_v\FAKE_T3_1089_TSI_DIS_XX__AUDIO_1089_TSI_FEA_XX_sadtalker.pt
FAKE_T3_1089_TSI_HAP_XX__AUDIO_1089_TSI_NEU_XX_sadtalker,track3,1,crema_1089,NEU,HAP,-1,1,1,1,,data\preprocessed\features\z_at\FAKE_T3_1089_TSI_HAP_XX__AUDIO_1089_TSI_NEU_XX_sadtalker.pt,data\preprocessed\features\z_v\FAKE_T3_1089_TSI_HAP_XX__AUDIO_1089_TSI_NEU_XX_sadtalker.pt
FAKE_T3_1089_WSI_SAD_XX__AUDIO_1089_WSI_ANG_XX_sadtalker,track3,1,crema_1089,ANG,SAD,-1,1,1,1,,data\preprocessed\features\z_at\FAKE_T3_1089_WSI_SAD_XX__AUDIO_1089_WSI_ANG_XX_sadtalker.pt,data\preprocessed\features\z_v\FAKE_T3_1089_WSI_SAD_XX__AUDIO_1089_WSI_ANG_XX_sadtalker.pt
FAKE_T3_1090_DFA_DIS_XX__AUDIO_1090_DFA_FEA_XX_sadtalker,track3,1,crema_1090,FEA,DIS,-1,1,1,1,,data\preprocessed\features\z_at\FAKE_T3_1090_DFA_DIS_XX__AUDIO_1090_DFA_FEA_XX_sadtalker.pt,data\preprocessed\features\z_v\FAKE_T3_1090_DFA_DIS_XX__AUDIO_1090_DFA_FEA_XX_sadtalker.pt
FAKE_T3_1090_DFA_HAP_XX__AUDIO_1090_DFA_NEU_XX_sadtalker,track3,1,crema_1090,NEU,HAP,-1,1,1,1,,data\preprocessed\features\z_at\FAKE_T3_1090_DFA_HAP_XX__AUDIO_1090_DFA_NEU_XX_sadtalker.pt,data\preprocessed\features\z_v\FAKE_T3_1090_DFA_HAP_XX__AUDIO_1090_DFA_NEU_XX_sadtalker.pt
FAKE_T3_1090_DFA_NEU_XX__AUDIO_1090_DFA_SAD_XX_sadtalker,track3,1,crema_1090,SAD,NEU,-1,1,1,1,,data\preprocessed\features\z_at\FAKE_T3_1090_DFA_NEU_XX__AUDIO_1090_DFA_SAD_XX_sadtalker.pt,data\preprocessed\features\z_v\FAKE_T3_1090_DFA_NEU_XX__AUDIO_1090_DFA_SAD_XX_sadtalker.pt
FAKE_T3_1090_DFA_SAD_XX__AUDIO_1090_DFA_ANG_XX_sadtalker,track3,1,crema_1090,ANG,SAD,-1,1,1,1,,data\preprocessed\features\z_at\FAKE_T3_1090_DFA_SAD_XX__AUDIO_1090_DFA_ANG_XX_sadtalker.pt,data\preprocessed\features\z_v\FAKE_T3_1090_DFA_SAD_XX__AUDIO_1090_DFA_ANG_XX_sadtalker.pt
FAKE_T3_1090_IEO_ANG_HI__AUDIO_1090_IEO_DIS_HI_sadtalker,track3,1,crema_1090,DIS,ANG,-1,1,1,1,,data\preprocessed\features\z_at\FAKE_T3_1090_IEO_ANG_HI__AUDIO_1090_IEO_DIS_HI_sadtalker.pt,data\preprocessed\features\z_v\FAKE_T3_1090_IEO_ANG_HI__AUDIO_1090_IEO_DIS_HI_sadtalker.pt
FAKE_T3_1090_IEO_DIS_HI__AUDIO_1090_IEO_FEA_HI_sadtalker,track3,1,crema_1090,FEA,DIS,-1,1,1,1,,data\preprocessed\features\z_at\FAKE_T3_1090_IEO_DIS_HI__AUDIO_1090_IEO_FEA_HI_sadtalker.pt,data\preprocessed\features\z_v\FAKE_T3_1090_IEO_DIS_HI__AUDIO_1090_IEO_FEA_HI_sadtalker.pt
FAKE_T3_1090_IEO_DIS_LO__AUDIO_1090_IEO_FEA_LO_sadtalker,track3,1,crema_1090,FEA,DIS,-1,1,1,1,,data\preprocessed\features\z_at\FAKE_T3_1090_IEO_DIS_LO__AUDIO_1090_IEO_FEA_LO_sadtalker.pt,data\preprocessed\features\z_v\FAKE_T3_1090_IEO_DIS_LO__AUDIO_1090_IEO_FEA_LO_sadtalker.pt
FAKE_T3_1090_IEO_DIS_MD__AUDIO_1090_IEO_FEA_MD_sadtalker,track3,1,crema_1090,FEA,DIS,-1,1,1,1,,data\preprocessed\features\z_at\FAKE_T3_1090_IEO_DIS_MD__AUDIO_1090_IEO_FEA_MD_sadtalker.pt,data\preprocessed\features\z_v\FAKE_T3_1090_IEO_DIS_MD__AUDIO_1090_IEO_FEA_MD_sadtalker.pt
FAKE_T3_1090_IEO_FEA_MD__AUDIO_1090_IEO_HAP_MD_sadtalker,track3,1,crema_1090,HAP,FEA,-1,1,1,1,,data\preprocessed\features\z_at\FAKE_T3_1090_IEO_FEA_MD__AUDIO_1090_IEO_HAP_MD_sadtalker.pt,data\preprocessed\features\z_v\FAKE_T3_1090_IEO_FEA_MD__AUDIO_1090_IEO_HAP_MD_sadtalker.pt
FAKE_T3_1090_IEO_HAP_HI__AUDIO_1090_IEO_NEU_XX_sadtalker,track3,1,crema_1090,NEU,HAP,-1,1,1,1,,data\preprocessed\features\z_at\FAKE_T3_1090_IEO_HAP_HI__AUDIO_1090_IEO_NEU_XX_sadtalker.pt,data\preprocessed\features\z_v\FAKE_T3_1090_IEO_HAP_HI__AUDIO_1090_IEO_NEU_XX_sadtalker.pt
FAKE_T3_1090_IEO_HAP_LO__AUDIO_1090_IEO_NEU_XX_sadtalker,track3,1,crema_1090,NEU,HAP,-1,1,1,1,,data\preprocessed\features\z_at\FAKE_T3_1090_IEO_HAP_LO__AUDIO_1090_IEO_NEU_XX_sadtalker.pt,data\preprocessed\features\z_v\FAKE_T3_1090_IEO_HAP_LO__AUDIO_1090_IEO_NEU_XX_sadtalker.pt
FAKE_T3_1090_IEO_SAD_LO__AUDIO_1090_IEO_ANG_LO_sadtalker,track3,1,crema_1090,ANG,SAD,-1,1,1,1,,data\preprocessed\features\z_at\FAKE_T3_1090_IEO_SAD_LO__AUDIO_1090_IEO_ANG_LO_sadtalker.pt,data\preprocessed\features\z_v\FAKE_T3_1090_IEO_SAD_LO__AUDIO_1090_IEO_ANG_LO_sadtalker.pt
FAKE_T3_1090_IEO_SAD_MD__AUDIO_1090_IEO_ANG_MD_sadtalker,track3,1,crema_1090,ANG,SAD,-1,1,1,1,,data\preprocessed\features\z_at\FAKE_T3_1090_IEO_SAD_MD__AUDIO_1090_IEO_ANG_MD_sadtalker.pt,data\preprocessed\features\z_v\FAKE_T3_1090_IEO_SAD_MD__AUDIO_1090_IEO_ANG_MD_sadtalker.pt
FAKE_T3_1090_IOM_DIS_XX__AUDIO_1090_IOM_FEA_XX_sadtalker,track3,1,crema_1090,FEA,DIS,-1,1,1,1,,data\preprocessed\features\z_at\FAKE_T3_1090_IOM_DIS_XX__AUDIO_1090_IOM_FEA_XX_sadtalker.pt,data\preprocessed\features\z_v\FAKE_T3_1090_IOM_DIS_XX__AUDIO_1090_IOM_FEA_XX_sadtalker.pt
FAKE_T3_1090_IOM_FEA_XX__AUDIO_1090_IOM_HAP_XX_sadtalker,track3,1,crema_1090,HAP,FEA,-1,1,1,1,,data\preprocessed\features\z_at\FAKE_T3_1090_IOM_FEA_XX__AUDIO_1090_IOM_HAP_XX_sadtalker.pt,data\preprocessed\features\z_v\FAKE_T3_1090_IOM_FEA_XX__AUDIO_1090_IOM_HAP_XX_sadtalker.pt
FAKE_T3_1090_ITH_ANG_XX__AUDIO_1090_ITH_DIS_XX_sadtalker,track3,1,crema_1090,DIS,ANG,-1,1,1,1,,data\preprocessed\features\z_at\FAKE_T3_1090_ITH_ANG_XX__AUDIO_1090_ITH_DIS_XX_sadtalker.pt,data\preprocessed\features\z_v\FAKE_T3_1090_ITH_ANG_XX__AUDIO_1090_ITH_DIS_XX_sadtalker.pt
FAKE_T3_1090_ITH_DIS_XX__AUDIO_1090_ITH_FEA_XX_sadtalker,track3,1,crema_1090,FEA,DIS,-1,1,1,1,,data\preprocessed\features\z_at\FAKE_T3_1090_ITH_DIS_XX__AUDIO_1090_ITH_FEA_XX_sadtalker.pt,data\preprocessed\features\z_v\FAKE_T3_1090_ITH_DIS_XX__AUDIO_1090_ITH_FEA_XX_sadtalker.pt
FAKE_T3_1090_ITH_FEA_XX__AUDIO_1090_ITH_HAP_XX_sadtalker,track3,1,crema_1090,HAP,FEA,-1,1,1,1,,data\preprocessed\features\z_at\FAKE_T3_1090_ITH_FEA_XX__AUDIO_1090_ITH_HAP_XX_sadtalker.pt,data\preprocessed\features\z_v\FAKE_T3_1090_ITH_FEA_XX__AUDIO_1090_ITH_HAP_XX_sadtalker.pt
FAKE_T3_1090_ITH_SAD_XX__AUDIO_1090_ITH_ANG_XX_sadtalker,track3,1,crema_1090,ANG,SAD,-1,1,1,1,,data\preprocessed\features\z_at\FAKE_T3_1090_ITH_SAD_XX__AUDIO_1090_ITH_ANG_XX_sadtalker.pt,data\preprocessed\features\z_v\FAKE_T3_1090_ITH_SAD_XX__AUDIO_1090_ITH_ANG_XX_sadtalker.pt
FAKE_T3_1090_ITS_ANG_XX__AUDIO_1090_ITS_DIS_XX_sadtalker,track3,1,crema_1090,DIS,ANG,-1,1,1,1,,data\preprocessed\features\z_at\FAKE_T3_1090_ITS_ANG_XX__AUDIO_1090_ITS_DIS_XX_sadtalker.pt,data\preprocessed\features\z_v\FAKE_T3_1090_ITS_ANG_XX__AUDIO_1090_ITS_DIS_XX_sadtalker.pt
FAKE_T3_1090_ITS_DIS_XX__AUDIO_1090_ITS_FEA_XX_sadtalker,track3,1,crema_1090,FEA,DIS,-1,1,1,1,,data\preprocessed\features\z_at\FAKE_T3_1090_ITS_DIS_XX__AUDIO_1090_ITS_FEA_XX_sadtalker.pt,data\preprocessed\features\z_v\FAKE_T3_1090_ITS_DIS_XX__AUDIO_1090_ITS_FEA_XX_sadtalker.pt
FAKE_T3_1090_ITS_FEA_XX__AUDIO_1090_ITS_HAP_XX_sadtalker,track3,1,crema_1090,HAP,FEA,-1,1,1,1,,data\preprocessed\features\z_at\FAKE_T3_1090_ITS_FEA_XX__AUDIO_1090_ITS_HAP_XX_sadtalker.pt,data\preprocessed\features\z_v\FAKE_T3_1090_ITS_FEA_XX__AUDIO_1090_ITS_HAP_XX_sadtalker.pt
FAKE_T3_1090_IWL_DIS_XX__AUDIO_1090_IWL_FEA_XX_sadtalker,track3,1,crema_1090,FEA,DIS,-1,1,1,1,,data\preprocessed\features\z_at\FAKE_T3_1090_IWL_DIS_XX__AUDIO_1090_IWL_FEA_XX_sadtalker.pt,data\preprocessed\features\z_v\FAKE_T3_1090_IWL_DIS_XX__AUDIO_1090_IWL_FEA_XX_sadtalker.pt
FAKE_T3_1090_IWL_FEA_XX__AUDIO_1090_IWL_HAP_XX_sadtalker,track3,1,crema_1090,HAP,FEA,-1,1,1,1,,data\preprocessed\features\z_at\FAKE_T3_1090_IWL_FEA_XX__AUDIO_1090_IWL_HAP_XX_sadtalker.pt,data\preprocessed\features\z_v\FAKE_T3_1090_IWL_FEA_XX__AUDIO_1090_IWL_HAP_XX_sadtalker.pt
FAKE_T3_1090_IWL_HAP_XX__AUDIO_1090_IWL_NEU_XX_sadtalker,track3,1,crema_1090,NEU,HAP,-1,1,1,1,,data\preprocessed\features\z_at\FAKE_T3_1090_IWL_HAP_XX__AUDIO_1090_IWL_NEU_XX_sadtalker.pt,data\preprocessed\features\z_v\FAKE_T3_1090_IWL_HAP_XX__AUDIO_1090_IWL_NEU_XX_sadtalker.pt
FAKE_T3_1090_IWL_NEU_XX__AUDIO_1090_IWL_SAD_XX_sadtalker,track3,1,crema_1090,SAD,NEU,-1,1,1,1,,data\preprocessed\features\z_at\FAKE_T3_1090_IWL_NEU_XX__AUDIO_1090_IWL_SAD_XX_sadtalker.pt,data\preprocessed\features\z_v\FAKE_T3_1090_IWL_NEU_XX__AUDIO_1090_IWL_SAD_XX_sadtalker.pt
FAKE_T3_1090_IWL_SAD_XX__AUDIO_1090_IWL_ANG_XX_sadtalker,track3,1,crema_1090,ANG,SAD,-1,1,1,1,,data\preprocessed\features\z_at\FAKE_T3_1090_IWL_SAD_XX__AUDIO_1090_IWL_ANG_XX_sadtalker.pt,data\preprocessed\features\z_v\FAKE_T3_1090_IWL_SAD_XX__AUDIO_1090_IWL_ANG_XX_sadtalker.pt
FAKE_T3_1090_IWW_ANG_XX__AUDIO_1090_IWW_DIS_XX_sadtalker,track3,1,crema_1090,DIS,ANG,-1,1,1,1,,data\preprocessed\features\z_at\FAKE_T3_1090_IWW_ANG_XX__AUDIO_1090_IWW_DIS_XX_sadtalker.pt,data\preprocessed\features\z_v\FAKE_T3_1090_IWW_ANG_XX__AUDIO_1090_IWW_DIS_XX_sadtalker.pt
FAKE_T3_1090_IWW_SAD_XX__AUDIO_1090_IWW_ANG_XX_sadtalker,track3,1,crema_1090,ANG,SAD,-1,1,1,1,,data\preprocessed\features\z_at\FAKE_T3_1090_IWW_SAD_XX__AUDIO_1090_IWW_ANG_XX_sadtalker.pt,data\preprocessed\features\z_v\FAKE_T3_1090_IWW_SAD_XX__AUDIO_1090_IWW_ANG_XX_sadtalker.pt
FAKE_T3_1090_MTI_FEA_XX__AUDIO_1090_MTI_HAP_XX_sadtalker,track3,1,crema_1090,HAP,FEA,-1,1,1,1,,data\preprocessed\features\z_at\FAKE_T3_1090_MTI_FEA_XX__AUDIO_1090_MTI_HAP_XX_sadtalker.pt,data\preprocessed\features\z_v\FAKE_T3_1090_MTI_FEA_XX__AUDIO_1090_MTI_HAP_XX_sadtalker.pt
FAKE_T3_1090_MTI_HAP_XX__AUDIO_1090_MTI_NEU_XX_sadtalker,track3,1,crema_1090,NEU,HAP,-1,1,1,1,,data\preprocessed\features\z_at\FAKE_T3_1090_MTI_HAP_XX__AUDIO_1090_MTI_NEU_XX_sadtalker.pt,data\preprocessed\features\z_v\FAKE_T3_1090_MTI_HAP_XX__AUDIO_1090_MTI_NEU_XX_sadtalker.pt
FAKE_T3_1090_MTI_SAD_XX__AUDIO_1090_MTI_ANG_XX_sadtalker,track3,1,crema_1090,ANG,SAD,-1,1,1,1,,data\preprocessed\features\z_at\FAKE_T3_1090_MTI_SAD_XX__AUDIO_1090_MTI_ANG_XX_sadtalker.pt,data\preprocessed\features\z_v\FAKE_T3_1090_MTI_SAD_XX__AUDIO_1090_MTI_ANG_XX_sadtalker.pt
FAKE_T3_1090_TAI_ANG_XX__AUDIO_1090_TAI_DIS_XX_sadtalker,track3,1,crema_1090,DIS,ANG,-1,1,1,1,,data\preprocessed\features\z_at\FAKE_T3_1090_TAI_ANG_XX__AUDIO_1090_TAI_DIS_XX_sadtalker.pt,data\preprocessed\features\z_v\FAKE_T3_1090_TAI_ANG_XX__AUDIO_1090_TAI_DIS_XX_sadtalker.pt
FAKE_T3_1090_TAI_SAD_XX__AUDIO_1090_TAI_ANG_XX_sadtalker,track3,1,crema_1090,ANG,SAD,-1,1,1,1,,data\preprocessed\features\z_at\FAKE_T3_1090_TAI_SAD_XX__AUDIO_1090_TAI_ANG_XX_sadtalker.pt,data\preprocessed\features\z_v\FAKE_T3_1090_TAI_SAD_XX__AUDIO_1090_TAI_ANG_XX_sadtalker.pt
FAKE_T3_1090_TIE_ANG_XX__AUDIO_1090_TIE_DIS_XX_sadtalker,track3,1,crema_1090,DIS,ANG,-1,1,1,1,,data\preprocessed\features\z_at\FAKE_T3_1090_TIE_ANG_XX__AUDIO_1090_TIE_DIS_XX_sadtalker.pt,data\preprocessed\features\z_v\FAKE_T3_1090_TIE_ANG_XX__AUDIO_1090_TIE_DIS_XX_sadtalker.pt
FAKE_T3_1090_TIE_DIS_XX__AUDIO_1090_TIE_FEA_XX_sadtalker,track3,1,crema_1090,FEA,DIS,-1,1,1,1,,data\preprocessed\features\z_at\FAKE_T3_1090_TIE_DIS_XX__AUDIO_1090_TIE_FEA_XX_sadtalker.pt,data\preprocessed\features\z_v\FAKE_T3_1090_TIE_DIS_XX__AUDIO_1090_TIE_FEA_XX_sadtalker.pt
FAKE_T3_1090_TIE_HAP_XX__AUDIO_1090_TIE_NEU_XX_sadtalker,track3,1,crema_1090,NEU,HAP,-1,1,1,1,,data\preprocessed\features\z_at\FAKE_T3_1090_TIE_HAP_XX__AUDIO_1090_TIE_NEU_XX_sadtalker.pt,data\preprocessed\features\z_v\FAKE_T3_1090_TIE_HAP_XX__AUDIO_1090_TIE_NEU_XX_sadtalker.pt
FAKE_T3_1090_TIE_SAD_XX__AUDIO_1090_TIE_ANG_XX_sadtalker,track3,1,crema_1090,ANG,SAD,-1,1,1,1,,data\preprocessed\features\z_at\FAKE_T3_1090_TIE_SAD_XX__AUDIO_1090_TIE_ANG_XX_sadtalker.pt,data\preprocessed\features\z_v\FAKE_T3_1090_TIE_SAD_XX__AUDIO_1090_TIE_ANG_XX_sadtalker.pt
FAKE_T3_1090_TSI_ANG_XX__AUDIO_1090_TSI_DIS_XX_sadtalker,track3,1,crema_1090,DIS,ANG,-1,1,1,1,,data\preprocessed\features\z_at\FAKE_T3_1090_TSI_ANG_XX__AUDIO_1090_TSI_DIS_XX_sadtalker.pt,data\preprocessed\features\z_v\FAKE_T3_1090_TSI_ANG_XX__AUDIO_1090_TSI_DIS_XX_sadtalker.pt
FAKE_T3_1090_WSI_DIS_XX__AUDIO_1090_WSI_FEA_XX_sadtalker,track3,1,crema_1090,FEA,DIS,-1,1,1,1,,data\preprocessed\features\z_at\FAKE_T3_1090_WSI_DIS_XX__AUDIO_1090_WSI_FEA_XX_sadtalker.pt,data\preprocessed\features\z_v\FAKE_T3_1090_WSI_DIS_XX__AUDIO_1090_WSI_FEA_XX_sadtalker.pt
FAKE_T3_1090_WSI_SAD_XX__AUDIO_1090_WSI_ANG_XX_sadtalker,track3,1,crema_1090,ANG,SAD,-1,1,1,1,,data\preprocessed\features\z_at\FAKE_T3_1090_WSI_SAD_XX__AUDIO_1090_WSI_ANG_XX_sadtalker.pt,data\preprocessed\features\z_v\FAKE_T3_1090_WSI_SAD_XX__AUDIO_1090_WSI_ANG_XX_sadtalker.pt
FAKE_T3_1091_DFA_DIS_XX__AUDIO_1091_DFA_FEA_XX_sadtalker,track3,1,crema_1091,FEA,DIS,-1,1,1,1,,data\preprocessed\features\z_at\FAKE_T3_1091_DFA_DIS_XX__AUDIO_1091_DFA_FEA_XX_sadtalker.pt,data\preprocessed\features\z_v\FAKE_T3_1091_DFA_DIS_XX__AUDIO_1091_DFA_FEA_XX_sadtalker.pt
FAKE_T3_1091_DFA_FEA_XX__AUDIO_1091_DFA_HAP_XX_sadtalker,track3,1,crema_1091,HAP,FEA,-1,1,1,1,,data\preprocessed\features\z_at\FAKE_T3_1091_DFA_FEA_XX__AUDIO_1091_DFA_HAP_XX_sadtalker.pt,data\preprocessed\features\z_v\FAKE_T3_1091_DFA_FEA_XX__AUDIO_1091_DFA_HAP_XX_sadtalker.pt
FAKE_T3_1091_DFA_HAP_XX__AUDIO_1091_DFA_NEU_XX_sadtalker,track3,1,crema_1091,NEU,HAP,-1,1,1,1,,data\preprocessed\features\z_at\FAKE_T3_1091_DFA_HAP_XX__AUDIO_1091_DFA_NEU_XX_sadtalker.pt,data\preprocessed\features\z_v\FAKE_T3_1091_DFA_HAP_XX__AUDIO_1091_DFA_NEU_XX_sadtalker.pt
FAKE_T3_1091_DFA_SAD_XX__AUDIO_1091_DFA_ANG_XX_sadtalker,track3,1,crema_1091,ANG,SAD,-1,1,1,1,,data\preprocessed\features\z_at\FAKE_T3_1091_DFA_SAD_XX__AUDIO_1091_DFA_ANG_XX_sadtalker.pt,data\preprocessed\features\z_v\FAKE_T3_1091_DFA_SAD_XX__AUDIO_1091_DFA_ANG_XX_sadtalker.pt
FAKE_T3_1091_IEO_ANG_LO__AUDIO_1091_IEO_DIS_LO_sadtalker,track3,1,crema_1091,DIS,ANG,-1,1,1,1,,data\preprocessed\features\z_at\FAKE_T3_1091_IEO_ANG_LO__AUDIO_1091_IEO_DIS_LO_sadtalker.pt,data\preprocessed\features\z_v\FAKE_T3_1091_IEO_ANG_LO__AUDIO_1091_IEO_DIS_LO_sadtalker.pt
FAKE_T3_1091_IEO_DIS_HI__AUDIO_1091_IEO_FEA_HI_sadtalker,track3,1,crema_1091,FEA,DIS,-1,1,1,1,,data\preprocessed\features\z_at\FAKE_T3_1091_IEO_DIS_HI__AUDIO_1091_IEO_FEA_HI_sadtalker.pt,data\preprocessed\features\z_v\FAKE_T3_1091_IEO_DIS_HI__AUDIO_1091_IEO_FEA_HI_sadtalker.pt
FAKE_T3_1091_IEO_DIS_LO__AUDIO_1091_IEO_FEA_LO_sadtalker,track3,1,crema_1091,FEA,DIS,-1,1,1,1,,data\preprocessed\features\z_at\FAKE_T3_1091_IEO_DIS_LO__AUDIO_1091_IEO_FEA_LO_sadtalker.pt,data\preprocessed\features\z_v\FAKE_T3_1091_IEO_DIS_LO__AUDIO_1091_IEO_FEA_LO_sadtalker.pt
FAKE_T3_1091_IEO_FEA_MD__AUDIO_1091_IEO_HAP_MD_sadtalker,track3,1,crema_1091,HAP,FEA,-1,1,1,1,,data\preprocessed\features\z_at\FAKE_T3_1091_IEO_FEA_MD__AUDIO_1091_IEO_HAP_MD_sadtalker.pt,data\preprocessed\features\z_v\FAKE_T3_1091_IEO_FEA_MD__AUDIO_1091_IEO_HAP_MD_sadtalker.pt
FAKE_T3_1091_IEO_HAP_LO__AUDIO_1091_IEO_NEU_XX_sadtalker,track3,1,crema_1091,NEU,HAP,-1,1,1,1,,data\preprocessed\features\z_at\FAKE_T3_1091_IEO_HAP_LO__AUDIO_1091_IEO_NEU_XX_sadtalker.pt,data\preprocessed\features\z_v\FAKE_T3_1091_IEO_HAP_LO__AUDIO_1091_IEO_NEU_XX_sadtalker.pt
FAKE_T3_1091_IEO_NEU_XX__AUDIO_1091_IEO_SAD_HI_sadtalker,track3,1,crema_1091,SAD,NEU,-1,1,1,1,,data\preprocessed\features\z_at\FAKE_T3_1091_IEO_NEU_XX__AUDIO_1091_IEO_SAD_HI_sadtalker.pt,data\preprocessed\features\z_v\FAKE_T3_1091_IEO_NEU_XX__AUDIO_1091_IEO_SAD_HI_sadtalker.pt
FAKE_T3_1091_IEO_SAD_HI__AUDIO_1091_IEO_ANG_HI_sadtalker,track3,1,crema_1091,ANG,SAD,-1,1,1,1,,data\preprocessed\features\z_at\FAKE_T3_1091_IEO_SAD_HI__AUDIO_1091_IEO_ANG_HI_sadtalker.pt,data\preprocessed\features\z_v\FAKE_T3_1091_IEO_SAD_HI__AUDIO_1091_IEO_ANG_HI_sadtalker.pt
FAKE_T3_1091_IEO_SAD_LO__AUDIO_1091_IEO_ANG_LO_sadtalker,track3,1,crema_1091,ANG,SAD,-1,1,1,1,,data\preprocessed\features\z_at\FAKE_T3_1091_IEO_SAD_LO__AUDIO_1091_IEO_ANG_LO_sadtalker.pt,data\preprocessed\features\z_v\FAKE_T3_1091_IEO_SAD_LO__AUDIO_1091_IEO_ANG_LO_sadtalker.pt
FAKE_T3_1091_IEO_SAD_MD__AUDIO_1091_IEO_ANG_MD_sadtalker,track3,1,crema_1091,ANG,SAD,-1,1,1,1,,data\preprocessed\features\z_at\FAKE_T3_1091_IEO_SAD_MD__AUDIO_1091_IEO_ANG_MD_sadtalker.pt,data\preprocessed\features\z_v\FAKE_T3_1091_IEO_SAD_MD__AUDIO_1091_IEO_ANG_MD_sadtalker.pt
FAKE_T3_1091_IOM_ANG_XX__AUDIO_1091_IOM_DIS_XX_sadtalker,track3,1,crema_1091,DIS,ANG,-1,1,1,1,,data\preprocessed\features\z_at\FAKE_T3_1091_IOM_ANG_XX__AUDIO_1091_IOM_DIS_XX_sadtalker.pt,data\preprocessed\features\z_v\FAKE_T3_1091_IOM_ANG_XX__AUDIO_1091_IOM_DIS_XX_sadtalker.pt
FAKE_T3_1091_IOM_SAD_XX__AUDIO_1091_IOM_ANG_XX_sadtalker,track3,1,crema_1091,ANG,SAD,-1,1,1,1,,data\preprocessed\features\z_at\FAKE_T3_1091_IOM_SAD_XX__AUDIO_1091_IOM_ANG_XX_sadtalker.pt,data\preprocessed\features\z_v\FAKE_T3_1091_IOM_SAD_XX__AUDIO_1091_IOM_ANG_XX_sadtalker.pt
FAKE_T3_1091_ITH_ANG_XX__AUDIO_1091_ITH_DIS_XX_sadtalker,track3,1,crema_1091,DIS,ANG,-1,1,1,1,,data\preprocessed\features\z_at\FAKE_T3_1091_ITH_ANG_XX__AUDIO_1091_ITH_DIS_XX_sadtalker.pt,data\preprocessed\features\z_v\FAKE_T3_1091_ITH_ANG_XX__AUDIO_1091_ITH_DIS_XX_sadtalker.pt
FAKE_T3_1091_ITH_FEA_XX__AUDIO_1091_ITH_HAP_XX_sadtalker,track3,1,crema_1091,HAP,FEA,-1,1,1,1,,data\preprocessed\features\z_at\FAKE_T3_1091_ITH_FEA_XX__AUDIO_1091_ITH_HAP_XX_sadtalker.pt,data\preprocessed\features\z_v\FAKE_T3_1091_ITH_FEA_XX__AUDIO_1091_ITH_HAP_XX_sadtalker.pt
FAKE_T3_1091_ITH_HAP_XX__AUDIO_1091_ITH_NEU_XX_sadtalker,track3,1,crema_1091,NEU,HAP,-1,1,1,1,,data\preprocessed\features\z_at\FAKE_T3_1091_ITH_HAP_XX__AUDIO_1091_ITH_NEU_XX_sadtalker.pt,data\preprocessed\features\z_v\FAKE_T3_1091_ITH_HAP_XX__AUDIO_1091_ITH_NEU_XX_sadtalker.pt
FAKE_T3_1091_ITH_NEU_XX__AUDIO_1091_ITH_SAD_XX_sadtalker,track3,1,crema_1091,SAD,NEU,-1,1,1,1,,data\preprocessed\features\z_at\FAKE_T3_1091_ITH_NEU_XX__AUDIO_1091_ITH_SAD_XX_sadtalker.pt,data\preprocessed\features\z_v\FAKE_T3_1091_ITH_NEU_XX__AUDIO_1091_ITH_SAD_XX_sadtalker.pt
FAKE_T3_1091_ITH_SAD_XX__AUDIO_1091_ITH_ANG_XX_sadtalker,track3,1,crema_1091,ANG,SAD,-1,1,1,1,,data\preprocessed\features\z_at\FAKE_T3_1091_ITH_SAD_XX__AUDIO_1091_ITH_ANG_XX_sadtalker.pt,data\preprocessed\features\z_v\FAKE_T3_1091_ITH_SAD_XX__AUDIO_1091_ITH_ANG_XX_sadtalker.pt
FAKE_T3_1091_ITS_FEA_XX__AUDIO_1091_ITS_HAP_XX_sadtalker,track3,1,crema_1091,HAP,FEA,-1,1,1,1,,data\preprocessed\features\z_at\FAKE_T3_1091_ITS_FEA_XX__AUDIO_1091_ITS_HAP_XX_sadtalker.pt,data\preprocessed\features\z_v\FAKE_T3_1091_ITS_FEA_XX__AUDIO_1091_ITS_HAP_XX_sadtalker.pt
FAKE_T3_1091_ITS_HAP_XX__AUDIO_1091_ITS_NEU_XX_sadtalker,track3,1,crema_1091,NEU,HAP,-1,1,1,1,,data\preprocessed\features\z_at\FAKE_T3_1091_ITS_HAP_XX__AUDIO_1091_ITS_NEU_XX_sadtalker.pt,data\preprocessed\features\z_v\FAKE_T3_1091_ITS_HAP_XX__AUDIO_1091_ITS_NEU_XX_sadtalker.pt
FAKE_T3_1091_ITS_SAD_XX__AUDIO_1091_ITS_ANG_XX_sadtalker,track3,1,crema_1091,ANG,SAD,-1,1,1,1,,data\preprocessed\features\z_at\FAKE_T3_1091_ITS_SAD_XX__AUDIO_1091_ITS_ANG_XX_sadtalker.pt,data\preprocessed\features\z_v\FAKE_T3_1091_ITS_SAD_XX__AUDIO_1091_ITS_ANG_XX_sadtalker.pt
FAKE_T3_1091_IWL_ANG_XX__AUDIO_1091_IWL_DIS_XX_sadtalker,track3,1,crema_1091,DIS,ANG,-1,1,1,1,,data\preprocessed\features\z_at\FAKE_T3_1091_IWL_ANG_XX__AUDIO_1091_IWL_DIS_XX_sadtalker.pt,data\preprocessed\features\z_v\FAKE_T3_1091_IWL_ANG_XX__AUDIO_1091_IWL_DIS_XX_sadtalker.pt
FAKE_T3_1091_IWL_FEA_XX__AUDIO_1091_IWL_HAP_XX_sadtalker,track3,1,crema_1091,HAP,FEA,-1,1,1,1,,data\preprocessed\features\z_at\FAKE_T3_1091_IWL_FEA_XX__AUDIO_1091_IWL_HAP_XX_sadtalker.pt,data\preprocessed\features\z_v\FAKE_T3_1091_IWL_FEA_XX__AUDIO_1091_IWL_HAP_XX_sadtalker.pt
FAKE_T3_1091_IWL_SAD_XX__AUDIO_1091_IWL_ANG_XX_sadtalker,track3,1,crema_1091,ANG,SAD,-1,1,1,1,,data\preprocessed\features\z_at\FAKE_T3_1091_IWL_SAD_XX__AUDIO_1091_IWL_ANG_XX_sadtalker.pt,data\preprocessed\features\z_v\FAKE_T3_1091_IWL_SAD_XX__AUDIO_1091_IWL_ANG_XX_sadtalker.pt
FAKE_T3_1091_IWW_DIS_XX__AUDIO_1091_IWW_FEA_XX_sadtalker,track3,1,crema_1091,FEA,DIS,-1,1,1,1,,data\preprocessed\features\z_at\FAKE_T3_1091_IWW_DIS_XX__AUDIO_1091_IWW_FEA_XX_sadtalker.pt,data\preprocessed\features\z_v\FAKE_T3_1091_IWW_DIS_XX__AUDIO_1091_IWW_FEA_XX_sadtalker.pt
FAKE_T3_1091_IWW_HAP_XX__AUDIO_1091_IWW_NEU_XX_sadtalker,track3,1,crema_1091,NEU,HAP,-1,1,1,1,,data\preprocessed\features\z_at\FAKE_T3_1091_IWW_HAP_XX__AUDIO_1091_IWW_NEU_XX_sadtalker.pt,data\preprocessed\features\z_v\FAKE_T3_1091_IWW_HAP_XX__AUDIO_1091_IWW_NEU_XX_sadtalker.pt
FAKE_T3_1091_IWW_SAD_XX__AUDIO_1091_IWW_ANG_XX_sadtalker,track3,1,crema_1091,ANG,SAD,-1,1,1,1,,data\preprocessed\features\z_at\FAKE_T3_1091_IWW_SAD_XX__AUDIO_1091_IWW_ANG_XX_sadtalker.pt,data\preprocessed\features\z_v\FAKE_T3_1091_IWW_SAD_XX__AUDIO_1091_IWW_ANG_XX_sadtalker.pt
FAKE_T3_1091_MTI_ANG_XX__AUDIO_1091_MTI_DIS_XX_sadtalker,track3,1,crema_1091,DIS,ANG,-1,1,1,1,,data\preprocessed\features\z_at\FAKE_T3_1091_MTI_ANG_XX__AUDIO_1091_MTI_DIS_XX_sadtalker.pt,data\preprocessed\features\z_v\FAKE_T3_1091_MTI_ANG_XX__AUDIO_1091_MTI_DIS_XX_sadtalker.pt
FAKE_T3_1091_MTI_DIS_XX__AUDIO_1091_MTI_FEA_XX_sadtalker,track3,1,crema_1091,FEA,DIS,-1,1,1,1,,data\preprocessed\features\z_at\FAKE_T3_1091_MTI_DIS_XX__AUDIO_1091_MTI_FEA_XX_sadtalker.pt,data\preprocessed\features\z_v\FAKE_T3_1091_MTI_DIS_XX__AUDIO_1091_MTI_FEA_XX_sadtalker.pt
FAKE_T3_1091_MTI_FEA_XX__AUDIO_1091_MTI_HAP_XX_sadtalker,track3,1,crema_1091,HAP,FEA,-1,1,1,1,,data\preprocessed\features\z_at\FAKE_T3_1091_MTI_FEA_XX__AUDIO_1091_MTI_HAP_XX_sadtalker.pt,data\preprocessed\features\z_v\FAKE_T3_1091_MTI_FEA_XX__AUDIO_1091_MTI_HAP_XX_sadtalker.pt
FAKE_T3_1091_MTI_HAP_XX__AUDIO_1091_MTI_NEU_XX_sadtalker,track3,1,crema_1091,NEU,HAP,-1,1,1,1,,data\preprocessed\features\z_at\FAKE_T3_1091_MTI_HAP_XX__AUDIO_1091_MTI_NEU_XX_sadtalker.pt,data\preprocessed\features\z_v\FAKE_T3_1091_MTI_HAP_XX__AUDIO_1091_MTI_NEU_XX_sadtalker.pt
FAKE_T3_1091_TAI_ANG_XX__AUDIO_1091_TAI_DIS_XX_sadtalker,track3,1,crema_1091,DIS,ANG,-1,1,1,1,,data\preprocessed\features\z_at\FAKE_T3_1091_TAI_ANG_XX__AUDIO_1091_TAI_DIS_XX_sadtalker.pt,data\preprocessed\features\z_v\FAKE_T3_1091_TAI_ANG_XX__AUDIO_1091_TAI_DIS_XX_sadtalker.pt
FAKE_T3_1091_TAI_FEA_XX__AUDIO_1091_TAI_HAP_XX_sadtalker,track3,1,crema_1091,HAP,FEA,-1,1,1,1,,data\preprocessed\features\z_at\FAKE_T3_1091_TAI_FEA_XX__AUDIO_1091_TAI_HAP_XX_sadtalker.pt,data\preprocessed\features\z_v\FAKE_T3_1091_TAI_FEA_XX__AUDIO_1091_TAI_HAP_XX_sadtalker.pt
FAKE_T3_1091_TAI_NEU_XX__AUDIO_1091_TAI_SAD_XX_sadtalker,track3,1,crema_1091,SAD,NEU,-1,1,1,1,,data\preprocessed\features\z_at\FAKE_T3_1091_TAI_NEU_XX__AUDIO_1091_TAI_SAD_XX_sadtalker.pt,data\preprocessed\features\z_v\FAKE_T3_1091_TAI_NEU_XX__AUDIO_1091_TAI_SAD_XX_sadtalker.pt
FAKE_T3_1091_TIE_DIS_XX__AUDIO_1091_TIE_FEA_XX_sadtalker,track3,1,crema_1091,FEA,DIS,-1,1,1,1,,data\preprocessed\features\z_at\FAKE_T3_1091_TIE_DIS_XX__AUDIO_1091_TIE_FEA_XX_sadtalker.pt,data\preprocessed\features\z_v\FAKE_T3_1091_TIE_DIS_XX__AUDIO_1091_TIE_FEA_XX_sadtalker.pt
FAKE_T3_1091_TIE_FEA_XX__AUDIO_1091_TIE_HAP_XX_sadtalker,track3,1,crema_1091,HAP,FEA,-1,1,1,1,,data\preprocessed\features\z_at\FAKE_T3_1091_TIE_FEA_XX__AUDIO_1091_TIE_HAP_XX_sadtalker.pt,data\preprocessed\features\z_v\FAKE_T3_1091_TIE_FEA_XX__AUDIO_1091_TIE_HAP_XX_sadtalker.pt
FAKE_T3_1091_TIE_NEU_XX__AUDIO_1091_TIE_SAD_XX_sadtalker,track3,1,crema_1091,SAD,NEU,-1,1,1,1,,data\preprocessed\features\z_at\FAKE_T3_1091_TIE_NEU_XX__AUDIO_1091_TIE_SAD_XX_sadtalker.pt,data\preprocessed\features\z_v\FAKE_T3_1091_TIE_NEU_XX__AUDIO_1091_TIE_SAD_XX_sadtalker.pt
FAKE_T3_1091_WSI_ANG_XX__AUDIO_1091_WSI_DIS_XX_sadtalker,track3,1,crema_1091,DIS,ANG,-1,1,1,1,,data\preprocessed\features\z_at\FAKE_T3_1091_WSI_ANG_XX__AUDIO_1091_WSI_DIS_XX_sadtalker.pt,data\preprocessed\features\z_v\FAKE_T3_1091_WSI_ANG_XX__AUDIO_1091_WSI_DIS_XX_sadtalker.pt
FAKE_T3_1091_WSI_DIS_XX__AUDIO_1091_WSI_FEA_XX_sadtalker,track3,1,crema_1091,FEA,DIS,-1,1,1,1,,data\preprocessed\features\z_at\FAKE_T3_1091_WSI_DIS_XX__AUDIO_1091_WSI_FEA_XX_sadtalker.pt,data\preprocessed\features\z_v\FAKE_T3_1091_WSI_DIS_XX__AUDIO_1091_WSI_FEA_XX_sadtalker.pt
