clip_id,source_pipeline,fake_label,speaker_id,audio_emotion,visual_emotion,sarcasm_label,has_z_at,has_z_v,is_ready_for_training,video_path,z_at_path,z_v_path
FAKE_T3_1001_DFA_HAP_XX__AUDIO_1001_DFA_NEU_XX_sadtalker,track3,1,crema_1001,NEU,HAP,-1,1,1,1,,data\preprocessed\features\z_at\FAKE_T3_1001_DFA_HAP_XX__AUDIO_1001_DFA_NEU_XX_sadtalker.pt,data\preprocessed\features\z_v\FAKE_T3_1001_DFA_HAP_XX__AUDIO_1001_DFA_NEU_XX_sadtalker.pt
FAKE_T3_1001_IEO_ANG_HI__AUDIO_1001_IEO_DIS_HI_sadtalker,track3,1,crema_1001,DIS,ANG,-1,1,1,1,,data\preprocessed\features\z_at\FAKE_T3_1001_IEO_ANG_HI__AUDIO_1001_IEO_DIS_HI_sadtalker.pt,data\preprocessed\features\z_v\FAKE_T3_1001_IEO_ANG_HI__AUDIO_1001_IEO_DIS_HI_sadtalker.pt
FAKE_T3_1001_IEO_ANG_MD__AUDIO_1001_IEO_DIS_MD_sadtalker,track3,1,crema_1001,DIS,ANG,-1,1,1,1,,data\preprocessed\features\z_at\FAKE_T3_1001_IEO_ANG_MD__AUDIO_1001_IEO_DIS_MD_sadtalker.pt,data\preprocessed\features\z_v\FAKE_T3_1001_IEO_ANG_MD__AUDIO_1001_IEO_DIS_MD_sadtalker.pt
FAKE_T3_1001_IEO_DIS_HI__AUDIO_1001_IEO_FEA_HI_sadtalker,track3,1,crema_1001,FEA,DIS,-1,1,1,1,,data\preprocessed\features\z_at\FAKE_T3_1001_IEO_DIS_HI__AUDIO_1001_IEO_FEA_HI_sadtalker.pt,data\preprocessed\features\z_v\FAKE_T3_1001_IEO_DIS_HI__AUDIO_1001_IEO_FEA_HI_sadtalker.pt
FAKE_T3_1001_IEO_DIS_LO__AUDIO_1001_IEO_FEA_LO_sadtalker,track3,1,crema_1001,FEA,DIS,-1,1,1,1,,data\preprocessed\features\z_at\FAKE_T3_1001_IEO_DIS_LO__AUDIO_1001_IEO_FEA_LO_sadtalker.pt,data\preprocessed\features\z_v\FAKE_T3_1001_IEO_DIS_LO__AUDIO_1001_IEO_FEA_LO_sadtalker.pt
FAKE_T3_1001_IEO_DIS_MD__AUDIO_1001_IEO_FEA_MD_sadtalker,track3,1,crema_1001,FEA,DIS,-1,1,1,1,,data\preprocessed\features\z_at\FAKE_T3_1001_IEO_DIS_MD__AUDIO_1001_IEO_FEA_MD_sadtalker.pt,data\preprocessed\features\z_v\FAKE_T3_1001_IEO_DIS_MD__AUDIO_1001_IEO_FEA_MD_sadtalker.pt
FAKE_T3_1001_IEO_FEA_HI__AUDIO_1001_IEO_HAP_HI_sadtalker,track3,1,crema_1001,HAP,FEA,-1,1,1,1,,data\preprocessed\features\z_at\FAKE_T3_1001_IEO_FEA_HI__AUDIO_1001_IEO_HAP_HI_sadtalker.pt,data\preprocessed\features\z_v\FAKE_T3_1001_IEO_FEA_HI__AUDIO_1001_IEO_HAP_HI_sadtalker.pt
FAKE_T3_1001_IEO_FEA_LO__AUDIO_1001_IEO_HAP_LO_sadtalker,track3,1,crema_1001,HAP,FEA,-1,1,1,1,,data\preprocessed\features\z_at\FAKE_T3_1001_IEO_FEA_LO__AUDIO_1001_IEO_HAP_LO_sadtalker.pt,data\preprocessed\features\z_v\FAKE_T3_1001_IEO_FEA_LO__AUDIO_1001_IEO_HAP_LO_sadtalker.pt
FAKE_T3_1001_IEO_FEA_MD__AUDIO_1001_IEO_HAP_MD_sadtalker,track3,1,crema_1001,HAP,FEA,-1,1,1,1,,data\preprocessed\features\z_at\FAKE_T3_1001_IEO_FEA_MD__AUDIO_1001_IEO_HAP_MD_sadtalker.pt,data\preprocessed\features\z_v\FAKE_T3_1001_IEO_FEA_MD__AUDIO_1001_IEO_HAP_MD_sadtalker.pt
FAKE_T3_1001_IEO_HAP_HI__AUDIO_1001_IEO_NEU_XX_sadtalker,track3,1,crema_1001,NEU,HAP,-1,1,1,1,,data\preprocessed\features\z_at\FAKE_T3_1001_IEO_HAP_HI__AUDIO_1001_IEO_NEU_XX_sadtalker.pt,data\preprocessed\features\z_v\FAKE_T3_1001_IEO_HAP_HI__AUDIO_1001_IEO_NEU_XX_sadtalker.pt
FAKE_T3_1001_IEO_HAP_LO__AUDIO_1001_IEO_NEU_XX_sadtalker,track3,1,crema_1001,NEU,HAP,-1,1,1,1,,data\preprocessed\features\z_at\FAKE_T3_1001_IEO_HAP_LO__AUDIO_1001_IEO_NEU_XX_sadtalker.pt,data\preprocessed\features\z_v\FAKE_T3_1001_IEO_HAP_LO__AUDIO_1001_IEO_NEU_XX_sadtalker.pt
FAKE_T3_1001_IEO_SAD_HI__AUDIO_1001_IEO_ANG_HI_sadtalker,track3,1,crema_1001,ANG,SAD,-1,1,1,1,,data\preprocessed\features\z_at\FAKE_T3_1001_IEO_SAD_HI__AUDIO_1001_IEO_ANG_HI_sadtalker.pt,data\preprocessed\features\z_v\FAKE_T3_1001_IEO_SAD_HI__AUDIO_1001_IEO_ANG_HI_sadtalker.pt
FAKE_T3_1001_IOM_ANG_XX__AUDIO_1001_IOM_DIS_XX_sadtalker,track3,1,crema_1001,DIS,ANG,-1,1,1,1,,data\preprocessed\features\z_at\FAKE_T3_1001_IOM_ANG_XX__AUDIO_1001_IOM_DIS_XX_sadtalker.pt,data\preprocessed\features\z_v\FAKE_T3_1001_IOM_ANG_XX__AUDIO_1001_IOM_DIS_XX_sadtalker.pt
FAKE_T3_1001_IOM_DIS_XX__AUDIO_1001_IOM_FEA_XX_sadtalker,track3,1,crema_1001,FEA,DIS,-1,1,1,1,,data\preprocessed\features\z_at\FAKE_T3_1001_IOM_DIS_XX__AUDIO_1001_IOM_FEA_XX_sadtalker.pt,data\preprocessed\features\z_v\FAKE_T3_1001_IOM_DIS_XX__AUDIO_1001_IOM_FEA_XX_sadtalker.pt
FAKE_T3_1001_ITH_FEA_XX__AUDIO_1001_ITH_HAP_XX_sadtalker,track3,1,crema_1001,HAP,FEA,-1,1,1,1,,data\preprocessed\features\z_at\FAKE_T3_1001_ITH_FEA_XX__AUDIO_1001_ITH_HAP_XX_sadtalker.pt,data\preprocessed\features\z_v\FAKE_T3_1001_ITH_FEA_XX__AUDIO_1001_ITH_HAP_XX_sadtalker.pt
FAKE_T3_1001_ITH_HAP_XX__AUDIO_1001_ITH_NEU_XX_sadtalker,track3,1,crema_1001,NEU,HAP,-1,1,1,1,,data\preprocessed\features\z_at\FAKE_T3_1001_ITH_HAP_XX__AUDIO_1001_ITH_NEU_XX_sadtalker.pt,data\preprocessed\features\z_v\FAKE_T3_1001_ITH_HAP_XX__AUDIO_1001_ITH_NEU_XX_sadtalker.pt
FAKE_T3_1001_ITS_ANG_XX__AUDIO_1001_ITS_DIS_XX_sadtalker,track3,1,crema_1001,DIS,ANG,-1,1,1,1,,data\preprocessed\features\z_at\FAKE_T3_1001_ITS_ANG_XX__AUDIO_1001_ITS_DIS_XX_sadtalker.pt,data\preprocessed\features\z_v\FAKE_T3_1001_ITS_ANG_XX__AUDIO_1001_ITS_DIS_XX_sadtalker.pt
FAKE_T3_1001_ITS_DIS_XX__AUDIO_1001_ITS_FEA_XX_sadtalker,track3,1,crema_1001,FEA,DIS,-1,1,1,1,,data\preprocessed\features\z_at\FAKE_T3_1001_ITS_DIS_XX__AUDIO_1001_ITS_FEA_XX_sadtalker.pt,data\preprocessed\features\z_v\FAKE_T3_1001_ITS_DIS_XX__AUDIO_1001_ITS_FEA_XX_sadtalker.pt
FAKE_T3_1001_ITS_FEA_XX__AUDIO_1001_ITS_HAP_XX_sadtalker,track3,1,crema_1001,HAP,FEA,-1,1,1,1,,data\preprocessed\features\z_at\FAKE_T3_1001_ITS_FEA_XX__AUDIO_1001_ITS_HAP_XX_sadtalker.pt,data\preprocessed\features\z_v\FAKE_T3_1001_ITS_FEA_XX__AUDIO_1001_ITS_HAP_XX_sadtalker.pt
FAKE_T3_1001_ITS_NEU_XX__AUDIO_1001_ITS_SAD_XX_sadtalker,track3,1,crema_1001,SAD,NEU,-1,1,1,1,,data\preprocessed\features\z_at\FAKE_T3_1001_ITS_NEU_XX__AUDIO_1001_ITS_SAD_XX_sadtalker.pt,data\preprocessed\features\z_v\FAKE_T3_1001_ITS_NEU_XX__AUDIO_1001_ITS_SAD_XX_sadtalker.pt
FAKE_T3_1001_IWL_DIS_XX__AUDIO_1001_IWL_FEA_XX_sadtalker,track3,1,crema_1001,FEA,DIS,-1,1,1,1,,data\preprocessed\features\z_at\FAKE_T3_1001_IWL_DIS_XX__AUDIO_1001_IWL_FEA_XX_sadtalker.pt,data\preprocessed\features\z_v\FAKE_T3_1001_IWL_DIS_XX__AUDIO_1001_IWL_FEA_XX_sadtalker.pt
FAKE_T3_1001_IWL_NEU_XX__AUDIO_1001_IWL_SAD_XX_sadtalker,track3,1,crema_1001,SAD,NEU,-1,1,1,1,,data\preprocessed\features\z_at\FAKE_T3_1001_IWL_NEU_XX__AUDIO_1001_IWL_SAD_XX_sadtalker.pt,data\preprocessed\features\z_v\FAKE_T3_1001_IWL_NEU_XX__AUDIO_1001_IWL_SAD_XX_sadtalker.pt
FAKE_T3_1001_IWW_ANG_XX__AUDIO_1001_IWW_DIS_XX_sadtalker,track3,1,crema_1001,DIS,ANG,-1,1,1,1,,data\preprocessed\features\z_at\FAKE_T3_1001_IWW_ANG_XX__AUDIO_1001_IWW_DIS_XX_sadtalker.pt,data\preprocessed\features\z_v\FAKE_T3_1001_IWW_ANG_XX__AUDIO_1001_IWW_DIS_XX_sadtalker.pt
FAKE_T3_1001_IWW_DIS_XX__AUDIO_1001_IWW_FEA_XX_sadtalker,track3,1,crema_1001,FEA,DIS,-1,1,1,1,,data\preprocessed\features\z_at\FAKE_T3_1001_IWW_DIS_XX__AUDIO_1001_IWW_FEA_XX_sadtalker.pt,data\preprocessed\features\z_v\FAKE_T3_1001_IWW_DIS_XX__AUDIO_1001_IWW_FEA_XX_sadtalker.pt
FAKE_T3_1001_IWW_FEA_XX__AUDIO_1001_IWW_HAP_XX_sadtalker,track3,1,crema_1001,HAP,FEA,-1,1,1,1,,data\preprocessed\features\z_at\FAKE_T3_1001_IWW_FEA_XX__AUDIO_1001_IWW_HAP_XX_sadtalker.pt,data\preprocessed\features\z_v\FAKE_T3_1001_IWW_FEA_XX__AUDIO_1001_IWW_HAP_XX_sadtalker.pt
FAKE_T3_1001_IWW_HAP_XX__AUDIO_1001_IWW_NEU_XX_sadtalker,track3,1,crema_1001,NEU,HAP,-1,1,1,1,,data\preprocessed\features\z_at\FAKE_T3_1001_IWW_HAP_XX__AUDIO_1001_IWW_NEU_XX_sadtalker.pt,data\preprocessed\features\z_v\FAKE_T3_1001_IWW_HAP_XX__AUDIO_1001_IWW_NEU_XX_sadtalker.pt
FAKE_T3_1001_IWW_NEU_XX__AUDIO_1001_IWW_SAD_XX_sadtalker,track3,1,crema_1001,SAD,NEU,-1,1,1,1,,data\preprocessed\features\z_at\FAKE_T3_1001_IWW_NEU_XX__AUDIO_1001_IWW_SAD_XX_sadtalker.pt,data\preprocessed\features\z_v\FAKE_T3_1001_IWW_NEU_XX__AUDIO_1001_IWW_SAD_XX_sadtalker.pt
FAKE_T3_1001_MTI_DIS_XX__AUDIO_1001_MTI_FEA_XX_sadtalker,track3,1,crema_1001,FEA,DIS,-1,1,1,1,,data\preprocessed\features\z_at\FAKE_T3_1001_MTI_DIS_XX__AUDIO_1001_MTI_FEA_XX_sadtalker.pt,data\preprocessed\features\z_v\FAKE_T3_1001_MTI_DIS_XX__AUDIO_1001_MTI_FEA_XX_sadtalker.pt
FAKE_T3_1001_MTI_FEA_XX__AUDIO_1001_MTI_HAP_XX_sadtalker,track3,1,crema_1001,HAP,FEA,-1,1,1,1,,data\preprocessed\features\z_at\FAKE_T3_1001_MTI_FEA_XX__AUDIO_1001_MTI_HAP_XX_sadtalker.pt,data\preprocessed\features\z_v\FAKE_T3_1001_MTI_FEA_XX__AUDIO_1001_MTI_HAP_XX_sadtalker.pt
FAKE_T3_1001_TAI_ANG_XX__AUDIO_1001_TAI_DIS_XX_sadtalker,track3,1,crema_1001,DIS,ANG,-1,1,1,1,,data\preprocessed\features\z_at\FAKE_T3_1001_TAI_ANG_XX__AUDIO_1001_TAI_DIS_XX_sadtalker.pt,data\preprocessed\features\z_v\FAKE_T3_1001_TAI_ANG_XX__AUDIO_1001_TAI_DIS_XX_sadtalker.pt
FAKE_T3_1001_TAI_FEA_XX__AUDIO_1001_TAI_HAP_XX_sadtalker,track3,1,crema_1001,HAP,FEA,-1,1,1,1,,data\preprocessed\features\z_at\FAKE_T3_1001_TAI_FEA_XX__AUDIO_1001_TAI_HAP_XX_sadtalker.pt,data\preprocessed\features\z_v\FAKE_T3_1001_TAI_FEA_XX__AUDIO_1001_TAI_HAP_XX_sadtalker.pt
FAKE_T3_1001_TIE_ANG_XX__AUDIO_1001_TIE_DIS_XX_sadtalker,track3,1,crema_1001,DIS,ANG,-1,1,1,1,,data\preprocessed\features\z_at\FAKE_T3_1001_TIE_ANG_XX__AUDIO_1001_TIE_DIS_XX_sadtalker.pt,data\preprocessed\features\z_v\FAKE_T3_1001_TIE_ANG_XX__AUDIO_1001_TIE_DIS_XX_sadtalker.pt
FAKE_T3_1001_TIE_DIS_XX__AUDIO_1001_TIE_FEA_XX_sadtalker,track3,1,crema_1001,FEA,DIS,-1,1,1,1,,data\preprocessed\features\z_at\FAKE_T3_1001_TIE_DIS_XX__AUDIO_1001_TIE_FEA_XX_sadtalker.pt,data\preprocessed\features\z_v\FAKE_T3_1001_TIE_DIS_XX__AUDIO_1001_TIE_FEA_XX_sadtalker.pt
FAKE_T3_1001_TIE_FEA_XX__AUDIO_1001_TIE_HAP_XX_sadtalker,track3,1,crema_1001,HAP,FEA,-1,1,1,1,,data\preprocessed\features\z_at\FAKE_T3_1001_TIE_FEA_XX__AUDIO_1001_TIE_HAP_XX_sadtalker.pt,data\preprocessed\features\z_v\FAKE_T3_1001_TIE_FEA_XX__AUDIO_1001_TIE_HAP_XX_sadtalker.pt
FAKE_T3_1001_TIE_HAP_XX__AUDIO_1001_TIE_NEU_XX_sadtalker,track3,1,crema_1001,NEU,HAP,-1,1,1,1,,data\preprocessed\features\z_at\FAKE_T3_1001_TIE_HAP_XX__AUDIO_1001_TIE_NEU_XX_sadtalker.pt,data\preprocessed\features\z_v\FAKE_T3_1001_TIE_HAP_XX__AUDIO_1001_TIE_NEU_XX_sadtalker.pt
FAKE_T3_1001_TSI_ANG_XX__AUDIO_1001_TSI_DIS_XX_sadtalker,track3,1,crema_1001,DIS,ANG,-1,1,1,1,,data\preprocessed\features\z_at\FAKE_T3_1001_TSI_ANG_XX__AUDIO_1001_TSI_DIS_XX_sadtalker.pt,data\preprocessed\features\z_v\FAKE_T3_1001_TSI_ANG_XX__AUDIO_1001_TSI_DIS_XX_sadtalker.pt
FAKE_T3_1001_TSI_DIS_XX__AUDIO_1001_TSI_FEA_XX_sadtalker,track3,1,crema_1001,FEA,DIS,-1,1,1,1,,data\preprocessed\features\z_at\FAKE_T3_1001_TSI_DIS_XX__AUDIO_1001_TSI_FEA_XX_sadtalker.pt,data\preprocessed\features\z_v\FAKE_T3_1001_TSI_DIS_XX__AUDIO_1001_TSI_FEA_XX_sadtalker.pt
FAKE_T3_1001_TSI_FEA_XX__AUDIO_1001_TSI_HAP_XX_sadtalker,track3,1,crema_1001,HAP,FEA,-1,1,1,1,,data\preprocessed\features\z_at\FAKE_T3_1001_TSI_FEA_XX__AUDIO_1001_TSI_HAP_XX_sadtalker.pt,data\preprocessed\features\z_v\FAKE_T3_1001_TSI_FEA_XX__AUDIO_1001_TSI_HAP_XX_sadtalker.pt
FAKE_T3_1001_WSI_ANG_XX__AUDIO_1001_WSI_DIS_XX_sadtalker,track3,1,crema_1001,DIS,ANG,-1,1,1,1,,data\preprocessed\features\z_at\FAKE_T3_1001_WSI_ANG_XX__AUDIO_1001_WSI_DIS_XX_sadtalker.pt,data\preprocessed\features\z_v\FAKE_T3_1001_WSI_ANG_XX__AUDIO_1001_WSI_DIS_XX_sadtalker.pt
FAKE_T3_1001_WSI_DIS_XX__AUDIO_1001_WSI_FEA_XX_sadtalker,track3,1,crema_1001,FEA,DIS,-1,1,1,1,,data\preprocessed\features\z_at\FAKE_T3_1001_WSI_DIS_XX__AUDIO_1001_WSI_FEA_XX_sadtalker.pt,data\preprocessed\features\z_v\FAKE_T3_1001_WSI_DIS_XX__AUDIO_1001_WSI_FEA_XX_sadtalker.pt
FAKE_T3_1001_WSI_FEA_XX__AUDIO_1001_WSI_HAP_XX_sadtalker,track3,1,crema_1001,HAP,FEA,-1,1,1,1,,data\preprocessed\features\z_at\FAKE_T3_1001_WSI_FEA_XX__AUDIO_1001_WSI_HAP_XX_sadtalker.pt,data\preprocessed\features\z_v\FAKE_T3_1001_WSI_FEA_XX__AUDIO_1001_WSI_HAP_XX_sadtalker.pt
FAKE_T3_1003_DFA_DIS_XX__AUDIO_1003_DFA_FEA_XX_sadtalker,track3,1,crema_1003,FEA,DIS,-1,1,1,1,,data\preprocessed\features\z_at\FAKE_T3_1003_DFA_DIS_XX__AUDIO_1003_DFA_FEA_XX_sadtalker.pt,data\preprocessed\features\z_v\FAKE_T3_1003_DFA_DIS_XX__AUDIO_1003_DFA_FEA_XX_sadtalker.pt
FAKE_T3_1003_IEO_ANG_LO__AUDIO_1003_IEO_DIS_LO_sadtalker,track3,1,crema_1003,DIS,ANG,-1,1,1,1,,data\preprocessed\features\z_at\FAKE_T3_1003_IEO_ANG_LO__AUDIO_1003_IEO_DIS_LO_sadtalker.pt,data\preprocessed\features\z_v\FAKE_T3_1003_IEO_ANG_LO__AUDIO_1003_IEO_DIS_LO_sadtalker.pt
FAKE_T3_1003_IEO_ANG_MD__AUDIO_1003_IEO_DIS_MD_sadtalker,track3,1,crema_1003,DIS,ANG,-1,1,1,1,,data\preprocessed\features\z_at\FAKE_T3_1003_IEO_ANG_MD__AUDIO_1003_IEO_DIS_MD_sadtalker.pt,data\preprocessed\features\z_v\FAKE_T3_1003_IEO_ANG_MD__AUDIO_1003_IEO_DIS_MD_sadtalker.pt
FAKE_T3_1003_IEO_DIS_MD__AUDIO_1003_IEO_FEA_MD_sadtalker,track3,1,crema_1003,FEA,DIS,-1,1,1,1,,data\preprocessed\features\z_at\FAKE_T3_1003_IEO_DIS_MD__AUDIO_1003_IEO_FEA_MD_sadtalker.pt,data\preprocessed\features\z_v\FAKE_T3_1003_IEO_DIS_MD__AUDIO_1003_IEO_FEA_MD_sadtalker.pt
FAKE_T3_1003_IEO_FEA_HI__AUDIO_1003_IEO_HAP_HI_sadtalker,track3,1,crema_1003,HAP,FEA,-1,1,1,1,,data\preprocessed\features\z_at\FAKE_T3_1003_IEO_FEA_HI__AUDIO_1003_IEO_HAP_HI_sadtalker.pt,data\preprocessed\features\z_v\FAKE_T3_1003_IEO_FEA_HI__AUDIO_1003_IEO_HAP_HI_sadtalker.pt
FAKE_T3_1003_IEO_FEA_LO__AUDIO_1003_IEO_HAP_LO_sadtalker,track3,1,crema_1003,HAP,FEA,-1,1,1,1,,data\preprocessed\features\z_at\FAKE_T3_1003_IEO_FEA_LO__AUDIO_1003_IEO_HAP_LO_sadtalker.pt,data\preprocessed\features\z_v\FAKE_T3_1003_IEO_FEA_LO__AUDIO_1003_IEO_HAP_LO_sadtalker.pt
FAKE_T3_1003_IEO_FEA_MD__AUDIO_1003_IEO_HAP_MD_sadtalker,track3,1,crema_1003,HAP,FEA,-1,1,1,1,,data\preprocessed\features\z_at\FAKE_T3_1003_IEO_FEA_MD__AUDIO_1003_IEO_HAP_MD_sadtalker.pt,data\preprocessed\features\z_v\FAKE_T3_1003_IEO_FEA_MD__AUDIO_1003_IEO_HAP_MD_sadtalker.pt
FAKE_T3_1003_IEO_HAP_MD__AUDIO_1003_IEO_NEU_XX_sadtalker,track3,1,crema_1003,NEU,HAP,-1,1,1,1,,data\preprocessed\features\z_at\FAKE_T3_1003_IEO_HAP_MD__AUDIO_1003_IEO_NEU_XX_sadtalker.pt,data\preprocessed\features\z_v\FAKE_T3_1003_IEO_HAP_MD__AUDIO_1003_IEO_NEU_XX_sadtalker.pt
FAKE_T3_1003_IEO_NEU_XX__AUDIO_1003_IEO_SAD_HI_sadtalker,track3,1,crema_1003,SAD,NEU,-1,1,1,1,,data\preprocessed\features\z_at\FAKE_T3_1003_IEO_NEU_XX__AUDIO_1003_IEO_SAD_HI_sadtalker.pt,data\preprocessed\features\z_v\FAKE_T3_1003_IEO_NEU_XX__AUDIO_1003_IEO_SAD_HI_sadtalker.pt
FAKE_T3_1003_IEO_SAD_LO__AUDIO_1003_IEO_ANG_LO_sadtalker,track3,1,crema_1003,ANG,SAD,-1,1,1,1,,data\preprocessed\features\z_at\FAKE_T3_1003_IEO_SAD_LO__AUDIO_1003_IEO_ANG_LO_sadtalker.pt,data\preprocessed\features\z_v\FAKE_T3_1003_IEO_SAD_LO__AUDIO_1003_IEO_ANG_LO_sadtalker.pt
FAKE_T3_1003_IEO_SAD_MD__AUDIO_1003_IEO_ANG_MD_sadtalker,track3,1,crema_1003,ANG,SAD,-1,1,1,1,,data\preprocessed\features\z_at\FAKE_T3_1003_IEO_SAD_MD__AUDIO_1003_IEO_ANG_MD_sadtalker.pt,data\preprocessed\features\z_v\FAKE_T3_1003_IEO_SAD_MD__AUDIO_1003_IEO_ANG_MD_sadtalker.pt
FAKE_T3_1003_IOM_ANG_XX__AUDIO_1003_IOM_DIS_XX_sadtalker,track3,1,crema_1003,DIS,ANG,-1,1,1,1,,data\preprocessed\features\z_at\FAKE_T3_1003_IOM_ANG_XX__AUDIO_1003_IOM_DIS_XX_sadtalker.pt,data\preprocessed\features\z_v\FAKE_T3_1003_IOM_ANG_XX__AUDIO_1003_IOM_DIS_XX_sadtalker.pt
FAKE_T3_1003_IOM_DIS_XX__AUDIO_1003_IOM_FEA_XX_sadtalker,track3,1,crema_1003,FEA,DIS,-1,1,1,1,,data\preprocessed\features\z_at\FAKE_T3_1003_IOM_DIS_XX__AUDIO_1003_IOM_FEA_XX_sadtalker.pt,data\preprocessed\features\z_v\FAKE_T3_1003_IOM_DIS_XX__AUDIO_1003_IOM_FEA_XX_sadtalker.pt
FAKE_T3_1003_IOM_FEA_XX__AUDIO_1003_IOM_HAP_XX_sadtalker,track3,1,crema_1003,HAP,FEA,-1,1,1,1,,data\preprocessed\features\z_at\FAKE_T3_1003_IOM_FEA_XX__AUDIO_1003_IOM_HAP_XX_sadtalker.pt,data\preprocessed\features\z_v\FAKE_T3_1003_IOM_FEA_XX__AUDIO_1003_IOM_HAP_XX_sadtalker.pt
FAKE_T3_1003_IOM_HAP_XX__AUDIO_1003_IOM_NEU_XX_sadtalker,track3,1,crema_1003,NEU,HAP,-1,1,1,1,,data\preprocessed\features\z_at\FAKE_T3_1003_IOM_HAP_XX__AUDIO_1003_IOM_NEU_XX_sadtalker.pt,data\preprocessed\features\z_v\FAKE_T3_1003_IOM_HAP_XX__AUDIO_1003_IOM_NEU_XX_sadtalker.pt
FAKE_T3_1003_IOM_SAD_XX__AUDIO_1003_IOM_ANG_XX_sadtalker,track3,1,crema_1003,ANG,SAD,-1,1,1,1,,data\preprocessed\features\z_at\FAKE_T3_1003_IOM_SAD_XX__AUDIO_1003_IOM_ANG_XX_sadtalker.pt,data\preprocessed\features\z_v\FAKE_T3_1003_IOM_SAD_XX__AUDIO_1003_IOM_ANG_XX_sadtalker.pt
FAKE_T3_1003_ITH_ANG_XX__AUDIO_1003_ITH_DIS_XX_sadtalker,track3,1,crema_1003,DIS,ANG,-1,1,1,1,,data\preprocessed\features\z_at\FAKE_T3_1003_ITH_ANG_XX__AUDIO_1003_ITH_DIS_XX_sadtalker.pt,data\preprocessed\features\z_v\FAKE_T3_1003_ITH_ANG_XX__AUDIO_1003_ITH_DIS_XX_sadtalker.pt
FAKE_T3_1003_ITH_DIS_XX__AUDIO_1003_ITH_FEA_XX_sadtalker,track3,1,crema_1003,FEA,DIS,-1,1,1,1,,data\preprocessed\features\z_at\FAKE_T3_1003_ITH_DIS_XX__AUDIO_1003_ITH_FEA_XX_sadtalker.pt,data\preprocessed\features\z_v\FAKE_T3_1003_ITH_DIS_XX__AUDIO_1003_ITH_FEA_XX_sadtalker.pt
FAKE_T3_1003_ITH_HAP_XX__AUDIO_1003_ITH_NEU_XX_sadtalker,track3,1,crema_1003,NEU,HAP,-1,1,1,1,,data\preprocessed\features\z_at\FAKE_T3_1003_ITH_HAP_XX__AUDIO_1003_ITH_NEU_XX_sadtalker.pt,data\preprocessed\features\z_v\FAKE_T3_1003_ITH_HAP_XX__AUDIO_1003_ITH_NEU_XX_sadtalker.pt
FAKE_T3_1003_ITH_NEU_XX__AUDIO_1003_ITH_SAD_XX_sadtalker,track3,1,crema_1003,SAD,NEU,-1,1,1,1,,data\preprocessed\features\z_at\FAKE_T3_1003_ITH_NEU_XX__AUDIO_1003_ITH_SAD_XX_sadtalker.pt,data\preprocessed\features\z_v\FAKE_T3_1003_ITH_NEU_XX__AUDIO_1003_ITH_SAD_XX_sadtalker.pt
FAKE_T3_1003_ITH_SAD_XX__AUDIO_1003_ITH_ANG_XX_sadtalker,track3,1,crema_1003,ANG,SAD,-1,1,1,1,,data\preprocessed\features\z_at\FAKE_T3_1003_ITH_SAD_XX__AUDIO_1003_ITH_ANG_XX_sadtalker.pt,data\preprocessed\features\z_v\FAKE_T3_1003_ITH_SAD_XX__AUDIO_1003_ITH_ANG_XX_sadtalker.pt
FAKE_T3_1003_ITS_ANG_XX__AUDIO_1003_ITS_DIS_XX_sadtalker,track3,1,crema_1003,DIS,ANG,-1,1,1,1,,data\preprocessed\features\z_at\FAKE_T3_1003_ITS_ANG_XX__AUDIO_1003_ITS_DIS_XX_sadtalker.pt,data\preprocessed\features\z_v\FAKE_T3_1003_ITS_ANG_XX__AUDIO_1003_ITS_DIS_XX_sadtalker.pt
FAKE_T3_1003_ITS_HAP_XX__AUDIO_1003_ITS_NEU_XX_sadtalker,track3,1,crema_1003,NEU,HAP,-1,1,1,1,,data\preprocessed\features\z_at\FAKE_T3_1003_ITS_HAP_XX__AUDIO_1003_ITS_NEU_XX_sadtalker.pt,data\preprocessed\features\z_v\FAKE_T3_1003_ITS_HAP_XX__AUDIO_1003_ITS_NEU_XX_sadtalker.pt
FAKE_T3_1003_ITS_SAD_XX__AUDIO_1003_ITS_ANG_XX_sadtalker,track3,1,crema_1003,ANG,SAD,-1,1,1,1,,data\preprocessed\features\z_at\FAKE_T3_1003_ITS_SAD_XX__AUDIO_1003_ITS_ANG_XX_sadtalker.pt,data\preprocessed\features\z_v\FAKE_T3_1003_ITS_SAD_XX__AUDIO_1003_ITS_ANG_XX_sadtalker.pt
FAKE_T3_1003_IWL_SAD_XX__AUDIO_1003_IWL_ANG_XX_sadtalker,track3,1,crema_1003,ANG,SAD,-1,1,1,1,,data\preprocessed\features\z_at\FAKE_T3_1003_IWL_SAD_XX__AUDIO_1003_IWL_ANG_XX_sadtalker.pt,data\preprocessed\features\z_v\FAKE_T3_1003_IWL_SAD_XX__AUDIO_1003_IWL_ANG_XX_sadtalker.pt
FAKE_T3_1003_IWW_DIS_XX__AUDIO_1003_IWW_FEA_XX_sadtalker,track3,1,crema_1003,FEA,DIS,-1,1,1,1,,data\preprocessed\features\z_at\FAKE_T3_1003_IWW_DIS_XX__AUDIO_1003_IWW_FEA_XX_sadtalker.pt,data\preprocessed\features\z_v\FAKE_T3_1003_IWW_DIS_XX__AUDIO_1003_IWW_FEA_XX_sadtalker.pt
FAKE_T3_1003_IWW_FEA_XX__AUDIO_1003_IWW_HAP_XX_sadtalker,track3,1,crema_1003,HAP,FEA,-1,1,1,1,,data\preprocessed\features\z_at\FAKE_T3_1003_IWW_FEA_XX__AUDIO_1003_IWW_HAP_XX_sadtalker.pt,data\preprocessed\features\z_v\FAKE_T3_1003_IWW_FEA_XX__AUDIO_1003_IWW_HAP_XX_sadtalker.pt
FAKE_T3_1003_MTI_DIS_XX__AUDIO_1003_MTI_FEA_XX_sadtalker,track3,1,crema_1003,FEA,DIS,-1,1,1,1,,data\preprocessed\features\z_at\FAKE_T3_1003_MTI_DIS_XX__AUDIO_1003_MTI_FEA_XX_sadtalker.pt,data\preprocessed\features\z_v\FAKE_T3_1003_MTI_DIS_XX__AUDIO_1003_MTI_FEA_XX_sadtalker.pt
FAKE_T3_1003_MTI_HAP_XX__AUDIO_1003_MTI_NEU_XX_sadtalker,track3,1,crema_1003,NEU,HAP,-1,1,1,1,,data\preprocessed\features\z_at\FAKE_T3_1003_MTI_HAP_XX__AUDIO_1003_MTI_NEU_XX_sadtalker.pt,data\preprocessed\features\z_v\FAKE_T3_1003_MTI_HAP_XX__AUDIO_1003_MTI_NEU_XX_sadtalker.pt
FAKE_T3_1003_MTI_NEU_XX__AUDIO_1003_MTI_SAD_XX_sadtalker,track3,1,crema_1003,SAD,NEU,-1,1,1,1,,data\preprocessed\features\z_at\FAKE_T3_1003_MTI_NEU_XX__AUDIO_1003_MTI_SAD_XX_sadtalker.pt,data\preprocessed\features\z_v\FAKE_T3_1003_MTI_NEU_XX__AUDIO_1003_MTI_SAD_XX_sadtalker.pt
FAKE_T3_1003_TAI_FEA_XX__AUDIO_1003_TAI_HAP_XX_sadtalker,track3,1,crema_1003,HAP,FEA,-1,1,1,1,,data\preprocessed\features\z_at\FAKE_T3_1003_TAI_FEA_XX__AUDIO_1003_TAI_HAP_XX_sadtalker.pt,data\preprocessed\features\z_v\FAKE_T3_1003_TAI_FEA_XX__AUDIO_1003_TAI_HAP_XX_sadtalker.pt
FAKE_T3_1003_TAI_HAP_XX__AUDIO_1003_TAI_NEU_XX_sadtalker,track3,1,crema_1003,NEU,HAP,-1,1,1,1,,data\preprocessed\features\z_at\FAKE_T3_1003_TAI_HAP_XX__AUDIO_1003_TAI_NEU_XX_sadtalker.pt,data\preprocessed\features\z_v\FAKE_T3_1003_TAI_HAP_XX__AUDIO_1003_TAI_NEU_XX_sadtalker.pt
FAKE_T3_1003_TAI_SAD_XX__AUDIO_1003_TAI_ANG_XX_sadtalker,track3,1,crema_1003,ANG,SAD,-1,1,1,1,,data\preprocessed\features\z_at\FAKE_T3_1003_TAI_SAD_XX__AUDIO_1003_TAI_ANG_XX_sadtalker.pt,data\preprocessed\features\z_v\FAKE_T3_1003_TAI_SAD_XX__AUDIO_1003_TAI_ANG_XX_sadtalker.pt
FAKE_T3_1003_TIE_DIS_XX__AUDIO_1003_TIE_FEA_XX_sadtalker,track3,1,crema_1003,FEA,DIS,-1,1,1,1,,data\preprocessed\features\z_at\FAKE_T3_1003_TIE_DIS_XX__AUDIO_1003_TIE_FEA_XX_sadtalker.pt,data\preprocessed\features\z_v\FAKE_T3_1003_TIE_DIS_XX__AUDIO_1003_TIE_FEA_XX_sadtalker.pt
FAKE_T3_1003_TIE_HAP_XX__AUDIO_1003_TIE_NEU_XX_sadtalker,track3,1,crema_1003,NEU,HAP,-1,1,1,1,,data\preprocessed\features\z_at\FAKE_T3_1003_TIE_HAP_XX__AUDIO_1003_TIE_NEU_XX_sadtalker.pt,data\preprocessed\features\z_v\FAKE_T3_1003_TIE_HAP_XX__AUDIO_1003_TIE_NEU_XX_sadtalker.pt
FAKE_T3_1003_TIE_SAD_XX__AUDIO_1003_TIE_ANG_XX_sadtalker,track3,1,crema_1003,ANG,SAD,-1,1,1,1,,data\preprocessed\features\z_at\FAKE_T3_1003_TIE_SAD_XX__AUDIO_1003_TIE_ANG_XX_sadtalker.pt,data\preprocessed\features\z_v\FAKE_T3_1003_TIE_SAD_XX__AUDIO_1003_TIE_ANG_XX_sadtalker.pt
FAKE_T3_1003_TSI_ANG_XX__AUDIO_1003_TSI_DIS_XX_sadtalker,track3,1,crema_1003,DIS,ANG,-1,1,1,1,,data\preprocessed\features\z_at\FAKE_T3_1003_TSI_ANG_XX__AUDIO_1003_TSI_DIS_XX_sadtalker.pt,data\preprocessed\features\z_v\FAKE_T3_1003_TSI_ANG_XX__AUDIO_1003_TSI_DIS_XX_sadtalker.pt
FAKE_T3_1003_TSI_NEU_XX__AUDIO_1003_TSI_SAD_XX_sadtalker,track3,1,crema_1003,SAD,NEU,-1,1,1,1,,data\preprocessed\features\z_at\FAKE_T3_1003_TSI_NEU_XX__AUDIO_1003_TSI_SAD_XX_sadtalker.pt,data\preprocessed\features\z_v\FAKE_T3_1003_TSI_NEU_XX__AUDIO_1003_TSI_SAD_XX_sadtalker.pt
FAKE_T3_1003_WSI_DIS_XX__AUDIO_1003_WSI_FEA_XX_sadtalker,track3,1,crema_1003,FEA,DIS,-1,1,1,1,,data\preprocessed\features\z_at\FAKE_T3_1003_WSI_DIS_XX__AUDIO_1003_WSI_FEA_XX_sadtalker.pt,data\preprocessed\features\z_v\FAKE_T3_1003_WSI_DIS_XX__AUDIO_1003_WSI_FEA_XX_sadtalker.pt
FAKE_T3_1003_WSI_FEA_XX__AUDIO_1003_WSI_HAP_XX_sadtalker,track3,1,crema_1003,HAP,FEA,-1,1,1,1,,data\preprocessed\features\z_at\FAKE_T3_1003_WSI_FEA_XX__AUDIO_1003_WSI_HAP_XX_sadtalker.pt,data\preprocessed\features\z_v\FAKE_T3_1003_WSI_FEA_XX__AUDIO_1003_WSI_HAP_XX_sadtalker.pt
FAKE_T3_1003_WSI_HAP_XX__AUDIO_1003_WSI_NEU_XX_sadtalker,track3,1,crema_1003,NEU,HAP,-1,1,1,1,,data\preprocessed\features\z_at\FAKE_T3_1003_WSI_HAP_XX__AUDIO_1003_WSI_NEU_XX_sadtalker.pt,data\preprocessed\features\z_v\FAKE_T3_1003_WSI_HAP_XX__AUDIO_1003_WSI_NEU_XX_sadtalker.pt
FAKE_T3_1004_DFA_FEA_XX__AUDIO_1004_DFA_HAP_XX_sadtalker,track3,1,crema_1004,HAP,FEA,-1,1,1,1,,data\preprocessed\features\z_at\FAKE_T3_1004_DFA_FEA_XX__AUDIO_1004_DFA_HAP_XX_sadtalker.pt,data\preprocessed\features\z_v\FAKE_T3_1004_DFA_FEA_XX__AUDIO_1004_DFA_HAP_XX_sadtalker.pt
FAKE_T3_1004_DFA_HAP_XX__AUDIO_1004_DFA_NEU_XX_sadtalker,track3,1,crema_1004,NEU,HAP,-1,1,1,1,,data\preprocessed\features\z_at\FAKE_T3_1004_DFA_HAP_XX__AUDIO_1004_DFA_NEU_XX_sadtalker.pt,data\preprocessed\features\z_v\FAKE_T3_1004_DFA_HAP_XX__AUDIO_1004_DFA_NEU_XX_sadtalker.pt
FAKE_T3_1004_IEO_ANG_HI__AUDIO_1004_IEO_DIS_HI_sadtalker,track3,1,crema_1004,DIS,ANG,-1,1,1,1,,data\preprocessed\features\z_at\FAKE_T3_1004_IEO_ANG_HI__AUDIO_1004_IEO_DIS_HI_sadtalker.pt,data\preprocessed\features\z_v\FAKE_T3_1004_IEO_ANG_HI__AUDIO_1004_IEO_DIS_HI_sadtalker.pt
FAKE_T3_1004_IEO_ANG_LO__AUDIO_1004_IEO_DIS_LO_sadtalker,track3,1,crema_1004,DIS,ANG,-1,1,1,1,,data\preprocessed\features\z_at\FAKE_T3_1004_IEO_ANG_LO__AUDIO_1004_IEO_DIS_LO_sadtalker.pt,data\preprocessed\features\z_v\FAKE_T3_1004_IEO_ANG_LO__AUDIO_1004_IEO_DIS_LO_sadtalker.pt
FAKE_T3_1004_IEO_ANG_MD__AUDIO_1004_IEO_DIS_MD_sadtalker,track3,1,crema_1004,DIS,ANG,-1,1,1,1,,data\preprocessed\features\z_at\FAKE_T3_1004_IEO_ANG_MD__AUDIO_1004_IEO_DIS_MD_sadtalker.pt,data\preprocessed\features\z_v\FAKE_T3_1004_IEO_ANG_MD__AUDIO_1004_IEO_DIS_MD_sadtalker.pt
FAKE_T3_1004_IEO_DIS_HI__AUDIO_1004_IEO_FEA_HI_sadtalker,track3,1,crema_1004,FEA,DIS,-1,1,1,1,,data\preprocessed\features\z_at\FAKE_T3_1004_IEO_DIS_HI__AUDIO_1004_IEO_FEA_HI_sadtalker.pt,data\preprocessed\features\z_v\FAKE_T3_1004_IEO_DIS_HI__AUDIO_1004_IEO_FEA_HI_sadtalker.pt
FAKE_T3_1004_IEO_DIS_LO__AUDIO_1004_IEO_FEA_LO_sadtalker,track3,1,crema_1004,FEA,DIS,-1,1,1,1,,data\preprocessed\features\z_at\FAKE_T3_1004_IEO_DIS_LO__AUDIO_1004_IEO_FEA_LO_sadtalker.pt,data\preprocessed\features\z_v\FAKE_T3_1004_IEO_DIS_LO__AUDIO_1004_IEO_FEA_LO_sadtalker.pt
FAKE_T3_1004_IEO_FEA_HI__AUDIO_1004_IEO_HAP_HI_sadtalker,track3,1,crema_1004,HAP,FEA,-1,1,1,1,,data\preprocessed\features\z_at\FAKE_T3_1004_IEO_FEA_HI__AUDIO_1004_IEO_HAP_HI_sadtalker.pt,data\preprocessed\features\z_v\FAKE_T3_1004_IEO_FEA_HI__AUDIO_1004_IEO_HAP_HI_sadtalker.pt
FAKE_T3_1004_IEO_HAP_HI__AUDIO_1004_IEO_NEU_XX_sadtalker,track3,1,crema_1004,NEU,HAP,-1,1,1,1,,data\preprocessed\features\z_at\FAKE_T3_1004_IEO_HAP_HI__AUDIO_1004_IEO_NEU_XX_sadtalker.pt,data\preprocessed\features\z_v\FAKE_T3_1004_IEO_HAP_HI__AUDIO_1004_IEO_NEU_XX_sadtalker.pt
FAKE_T3_1004_IEO_HAP_MD__AUDIO_1004_IEO_NEU_XX_sadtalker,track3,1,crema_1004,NEU,HAP,-1,1,1,1,,data\preprocessed\features\z_at\FAKE_T3_1004_IEO_HAP_MD__AUDIO_1004_IEO_NEU_XX_sadtalker.pt,data\preprocessed\features\z_v\FAKE_T3_1004_IEO_HAP_MD__AUDIO_1004_IEO_NEU_XX_sadtalker.pt
FAKE_T3_1004_IEO_NEU_XX__AUDIO_1004_IEO_SAD_HI_sadtalker,track3,1,crema_1004,SAD,NEU,-1,1,1,1,,data\preprocessed\features\z_at\FAKE_T3_1004_IEO_NEU_XX__AUDIO_1004_IEO_SAD_HI_sadtalker.pt,data\preprocessed\features\z_v\FAKE_T3_1004_IEO_NEU_XX__AUDIO_1004_IEO_SAD_HI_sadtalker.pt
FAKE_T3_1004_IEO_SAD_LO__AUDIO_1004_IEO_ANG_LO_sadtalker,track3,1,crema_1004,ANG,SAD,-1,1,1,1,,data\preprocessed\features\z_at\FAKE_T3_1004_IEO_SAD_LO__AUDIO_1004_IEO_ANG_LO_sadtalker.pt,data\preprocessed\features\z_v\FAKE_T3_1004_IEO_SAD_LO__AUDIO_1004_IEO_ANG_LO_sadtalker.pt
FAKE_T3_1004_IEO_SAD_MD__AUDIO_1004_IEO_ANG_MD_sadtalker,track3,1,crema_1004,ANG,SAD,-1,1,1,1,,data\preprocessed\features\z_at\FAKE_T3_1004_IEO_SAD_MD__AUDIO_1004_IEO_ANG_MD_sadtalker.pt,data\preprocessed\features\z_v\FAKE_T3_1004_IEO_SAD_MD__AUDIO_1004_IEO_ANG_MD_sadtalker.pt
FAKE_T3_1004_IOM_ANG_XX__AUDIO_1004_IOM_DIS_XX_sadtalker,track3,1,crema_1004,DIS,ANG,-1,1,1,1,,data\preprocessed\features\z_at\FAKE_T3_1004_IOM_ANG_XX__AUDIO_1004_IOM_DIS_XX_sadtalker.pt,data\preprocessed\features\z_v\FAKE_T3_1004_IOM_ANG_XX__AUDIO_1004_IOM_DIS_XX_sadtalker.pt
FAKE_T3_1004_IOM_HAP_XX__AUDIO_1004_IOM_NEU_XX_sadtalker,track3,1,crema_1004,NEU,HAP,-1,1,1,1,,data\preprocessed\features\z_at\FAKE_T3_1004_IOM_HAP_XX__AUDIO_1004_IOM_NEU_XX_sadtalker.pt,data\preprocessed\features\z_v\FAKE_T3_1004_IOM_HAP_XX__AUDIO_1004_IOM_NEU_XX_sadtalker.pt
FAKE_T3_1004_IOM_SAD_XX__AUDIO_1004_IOM_ANG_XX_sadtalker,track3,1,crema_1004,ANG,SAD,-1,1,1,1,,data\preprocessed\features\z_at\FAKE_T3_1004_IOM_SAD_XX__AUDIO_1004_IOM_ANG_XX_sadtalker.pt,data\preprocessed\features\z_v\FAKE_T3_1004_IOM_SAD_XX__AUDIO_1004_IOM_ANG_XX_sadtalker.pt
FAKE_T3_1004_ITH_DIS_XX__AUDIO_1004_ITH_FEA_XX_sadtalker,track3,1,crema_1004,FEA,DIS,-1,1,1,1,,data\preprocessed\features\z_at\FAKE_T3_1004_ITH_DIS_XX__AUDIO_1004_ITH_FEA_XX_sadtalker.pt,data\preprocessed\features\z_v\FAKE_T3_1004_ITH_DIS_XX__AUDIO_1004_ITH_FEA_XX_sadtalker.pt
FAKE_T3_1004_ITH_FEA_XX__AUDIO_1004_ITH_HAP_XX_sadtalker,track3,1,crema_1004,HAP,FEA,-1,1,1,1,,data\preprocessed\features\z_at\FAKE_T3_1004_ITH_FEA_XX__AUDIO_1004_ITH_HAP_XX_sadtalker.pt,data\preprocessed\features\z_v\FAKE_T3_1004_ITH_FEA_XX__AUDIO_1004_ITH_HAP_XX_sadtalker.pt
FAKE_T3_1004_ITH_NEU_XX__AUDIO_1004_ITH_SAD_XX_sadtalker,track3,1,crema_1004,SAD,NEU,-1,1,1,1,,data\preprocessed\features\z_at\FAKE_T3_1004_ITH_NEU_XX__AUDIO_1004_ITH_SAD_XX_sadtalker.pt,data\preprocessed\features\z_v\FAKE_T3_1004_ITH_NEU_XX__AUDIO_1004_ITH_SAD_XX_sadtalker.pt
FAKE_T3_1004_ITH_SAD_XX__AUDIO_1004_ITH_ANG_XX_sadtalker,track3,1,crema_1004,ANG,SAD,-1,1,1,1,,data\preprocessed\features\z_at\FAKE_T3_1004_ITH_SAD_XX__AUDIO_1004_ITH_ANG_XX_sadtalker.pt,data\preprocessed\features\z_v\FAKE_T3_1004_ITH_SAD_XX__AUDIO_1004_ITH_ANG_XX_sadtalker.pt
FAKE_T3_1004_ITS_DIS_XX__AUDIO_1004_ITS_FEA_XX_sadtalker,track3,1,crema_1004,FEA,DIS,-1,1,1,1,,data\preprocessed\features\z_at\FAKE_T3_1004_ITS_DIS_XX__AUDIO_1004_ITS_FEA_XX_sadtalker.pt,data\preprocessed\features\z_v\FAKE_T3_1004_ITS_DIS_XX__AUDIO_1004_ITS_FEA_XX_sadtalker.pt
FAKE_T3_1004_ITS_FEA_XX__AUDIO_1004_ITS_HAP_XX_sadtalker,track3,1,crema_1004,HAP,FEA,-1,1,1,1,,data\preprocessed\features\z_at\FAKE_T3_1004_ITS_FEA_XX__AUDIO_1004_ITS_HAP_XX_sadtalker.pt,data\preprocessed\features\z_v\FAKE_T3_1004_ITS_FEA_XX__AUDIO_1004_ITS_HAP_XX_sadtalker.pt
FAKE_T3_1004_ITS_NEU_XX__AUDIO_1004_ITS_SAD_XX_sadtalker,track3,1,crema_1004,SAD,NEU,-1,1,1,1,,data\preprocessed\features\z_at\FAKE_T3_1004_ITS_NEU_XX__AUDIO_1004_ITS_SAD_XX_sadtalker.pt,data\preprocessed\features\z_v\FAKE_T3_1004_ITS_NEU_XX__AUDIO_1004_ITS_SAD_XX_sadtalker.pt
FAKE_T3_1004_IWL_DIS_XX__AUDIO_1004_IWL_FEA_XX_sadtalker,track3,1,crema_1004,FEA,DIS,-1,1,1,1,,data\preprocessed\features\z_at\FAKE_T3_1004_IWL_DIS_XX__AUDIO_1004_IWL_FEA_XX_sadtalker.pt,data\preprocessed\features\z_v\FAKE_T3_1004_IWL_DIS_XX__AUDIO_1004_IWL_FEA_XX_sadtalker.pt
FAKE_T3_1004_IWL_FEA_XX__AUDIO_1004_IWL_HAP_XX_sadtalker,track3,1,crema_1004,HAP,FEA,-1,1,1,1,,data\preprocessed\features\z_at\FAKE_T3_1004_IWL_FEA_XX__AUDIO_1004_IWL_HAP_XX_sadtalker.pt,data\preprocessed\features\z_v\FAKE_T3_1004_IWL_FEA_XX__AUDIO_1004_IWL_HAP_XX_sadtalker.pt
FAKE_T3_1004_IWL_NEU_XX__AUDIO_1004_IWL_SAD_XX_sadtalker,track3,1,crema_1004,SAD,NEU,-1,1,1,1,,data\preprocessed\features\z_at\FAKE_T3_1004_IWL_NEU_XX__AUDIO_1004_IWL_SAD_XX_sadtalker.pt,data\preprocessed\features\z_v\FAKE_T3_1004_IWL_NEU_XX__AUDIO_1004_IWL_SAD_XX_sadtalker.pt
FAKE_T3_1004_IWL_SAD_XX__AUDIO_1004_IWL_ANG_XX_sadtalker,track3,1,crema_1004,ANG,SAD,-1,1,1,1,,data\preprocessed\features\z_at\FAKE_T3_1004_IWL_SAD_XX__AUDIO_1004_IWL_ANG_XX_sadtalker.pt,data\preprocessed\features\z_v\FAKE_T3_1004_IWL_SAD_XX__AUDIO_1004_IWL_ANG_XX_sadtalker.pt
FAKE_T3_1004_IWW_FEA_XX__AUDIO_1004_IWW_HAP_XX_sadtalker,track3,1,crema_1004,HAP,FEA,-1,1,1,1,,data\preprocessed\features\z_at\FAKE_T3_1004_IWW_FEA_XX__AUDIO_1004_IWW_HAP_XX_sadtalker.pt,data\preprocessed\features\z_v\FAKE_T3_1004_IWW_FEA_XX__AUDIO_1004_IWW_HAP_XX_sadtalker.pt
FAKE_T3_1004_IWW_HAP_XX__AUDIO_1004_IWW_NEU_XX_sadtalker,track3,1,crema_1004,NEU,HAP,-1,1,1,1,,data\preprocessed\features\z_at\FAKE_T3_1004_IWW_HAP_XX__AUDIO_1004_IWW_NEU_XX_sadtalker.pt,data\preprocessed\features\z_v\FAKE_T3_1004_IWW_HAP_XX__AUDIO_1004_IWW_NEU_XX_sadtalker.pt
FAKE_T3_1004_MTI_DIS_XX__AUDIO_1004_MTI_FEA_XX_sadtalker,track3,1,crema_1004,FEA,DIS,-1,1,1,1,,data\preprocessed\features\z_at\FAKE_T3_1004_MTI_DIS_XX__AUDIO_1004_MTI_FEA_XX_sadtalker.pt,data\preprocessed\features\z_v\FAKE_T3_1004_MTI_DIS_XX__AUDIO_1004_MTI_FEA_XX_sadtalker.pt
FAKE_T3_1004_MTI_FEA_XX__AUDIO_1004_MTI_HAP_XX_sadtalker,track3,1,crema_1004,HAP,FEA,-1,1,1,1,,data\preprocessed\features\z_at\FAKE_T3_1004_MTI_FEA_XX__AUDIO_1004_MTI_HAP_XX_sadtalker.pt,data\preprocessed\features\z_v\FAKE_T3_1004_MTI_FEA_XX__AUDIO_1004_MTI_HAP_XX_sadtalker.pt
FAKE_T3_1004_MTI_NEU_XX__AUDIO_1004_MTI_SAD_XX_sadtalker,track3,1,crema_1004,SAD,NEU,-1,1,1,1,,data\preprocessed\features\z_at\FAKE_T3_1004_MTI_NEU_XX__AUDIO_1004_MTI_SAD_XX_sadtalker.pt,data\preprocessed\features\z_v\FAKE_T3_1004_MTI_NEU_XX__AUDIO_1004_MTI_SAD_XX_sadtalker.pt
FAKE_T3_1004_TIE_ANG_XX__AUDIO_1004_TIE_DIS_XX_sadtalker,track3,1,crema_1004,DIS,ANG,-1,1,1,1,,data\preprocessed\features\z_at\FAKE_T3_1004_TIE_ANG_XX__AUDIO_1004_TIE_DIS_XX_sadtalker.pt,data\preprocessed\features\z_v\FAKE_T3_1004_TIE_ANG_XX__AUDIO_1004_TIE_DIS_XX_sadtalker.pt
FAKE_T3_1004_TIE_DIS_XX__AUDIO_1004_TIE_FEA_XX_sadtalker,track3,1,crema_1004,FEA,DIS,-1,1,1,1,,data\preprocessed\features\z_at\FAKE_T3_1004_TIE_DIS_XX__AUDIO_1004_TIE_FEA_XX_sadtalker.pt,data\preprocessed\features\z_v\FAKE_T3_1004_TIE_DIS_XX__AUDIO_1004_TIE_FEA_XX_sadtalker.pt
FAKE_T3_1004_TIE_FEA_XX__AUDIO_1004_TIE_HAP_XX_sadtalker,track3,1,crema_1004,HAP,FEA,-1,1,1,1,,data\preprocessed\features\z_at\FAKE_T3_1004_TIE_FEA_XX__AUDIO_1004_TIE_HAP_XX_sadtalker.pt,data\preprocessed\features\z_v\FAKE_T3_1004_TIE_FEA_XX__AUDIO_1004_TIE_HAP_XX_sadtalker.pt
FAKE_T3_1004_TIE_HAP_XX__AUDIO_1004_TIE_NEU_XX_sadtalker,track3,1,crema_1004,NEU,HAP,-1,1,1,1,,data\preprocessed\features\z_at\FAKE_T3_1004_TIE_HAP_XX__AUDIO_1004_TIE_NEU_XX_sadtalker.pt,data\preprocessed\features\z_v\FAKE_T3_1004_TIE_HAP_XX__AUDIO_1004_TIE_NEU_XX_sadtalker.pt
FAKE_T3_1004_TIE_NEU_XX__AUDIO_1004_TIE_SAD_XX_sadtalker,track3,1,crema_1004,SAD,NEU,-1,1,1,1,,data\preprocessed\features\z_at\FAKE_T3_1004_TIE_NEU_XX__AUDIO_1004_TIE_SAD_XX_sadtalker.pt,data\preprocessed\features\z_v\FAKE_T3_1004_TIE_NEU_XX__AUDIO_1004_TIE_SAD_XX_sadtalker.pt
FAKE_T3_1004_TSI_FEA_XX__AUDIO_1004_TSI_HAP_XX_sadtalker,track3,1,crema_1004,HAP,FEA,-1,1,1,1,,data\preprocessed\features\z_at\FAKE_T3_1004_TSI_FEA_XX__AUDIO_1004_TSI_HAP_XX_sadtalker.pt,data\preprocessed\features\z_v\FAKE_T3_1004_TSI_FEA_XX__AUDIO_1004_TSI_HAP_XX_sadtalker.pt
FAKE_T3_1004_TSI_HAP_XX__AUDIO_1004_TSI_NEU_XX_sadtalker,track3,1,crema_1004,NEU,HAP,-1,1,1,1,,data\preprocessed\features\z_at\FAKE_T3_1004_TSI_HAP_XX__AUDIO_1004_TSI_NEU_XX_sadtalker.pt,data\preprocessed\features\z_v\FAKE_T3_1004_TSI_HAP_XX__AUDIO_1004_TSI_NEU_XX_sadtalker.pt
FAKE_T3_1004_TSI_NEU_XX__AUDIO_1004_TSI_SAD_XX_sadtalker,track3,1,crema_1004,SAD,NEU,-1,1,1,1,,data\preprocessed\features\z_at\FAKE_T3_1004_TSI_NEU_XX__AUDIO_1004_TSI_SAD_XX_sadtalker.pt,data\preprocessed\features\z_v\FAKE_T3_1004_TSI_NEU_XX__AUDIO_1004_TSI_SAD_XX_sadtalker.pt
FAKE_T3_1004_WSI_FEA_XX__AUDIO_1004_WSI_HAP_XX_sadtalker,track3,1,crema_1004,HAP,FEA,-1,1,1,1,,data\preprocessed\features\z_at\FAKE_T3_1004_WSI_FEA_XX__AUDIO_1004_WSI_HAP_XX_sadtalker.pt,data\preprocessed\features\z_v\FAKE_T3_1004_WSI_FEA_XX__AUDIO_1004_WSI_HAP_XX_sadtalker.pt
FAKE_T3_1005_DFA_ANG_XX__AUDIO_1005_DFA_DIS_XX_sadtalker,track3,1,crema_1005,DIS,ANG,-1,1,1,1,,data\preprocessed\features\z_at\FAKE_T3_1005_DFA_ANG_XX__AUDIO_1005_DFA_DIS_XX_sadtalker.pt,data\preprocessed\features\z_v\FAKE_T3_1005_DFA_ANG_XX__AUDIO_1005_DFA_DIS_XX_sadtalker.pt
FAKE_T3_1005_DFA_FEA_XX__AUDIO_1005_DFA_HAP_XX_sadtalker,track3,1,crema_1005,HAP,FEA,-1,1,1,1,,data\preprocessed\features\z_at\FAKE_T3_1005_DFA_FEA_XX__AUDIO_1005_DFA_HAP_XX_sadtalker.pt,data\preprocessed\features\z_v\FAKE_T3_1005_DFA_FEA_XX__AUDIO_1005_DFA_HAP_XX_sadtalker.pt
FAKE_T3_1005_DFA_HAP_XX__AUDIO_1005_DFA_NEU_XX_sadtalker,track3,1,crema_1005,NEU,HAP,-1,1,1,1,,data\preprocessed\features\z_at\FAKE_T3_1005_DFA_HAP_XX__AUDIO_1005_DFA_NEU_XX_sadtalker.pt,data\preprocessed\features\z_v\FAKE_T3_1005_DFA_HAP_XX__AUDIO_1005_DFA_NEU_XX_sadtalker.pt
FAKE_T3_1005_DFA_SAD_XX__AUDIO_1005_DFA_ANG_XX_sadtalker,track3,1,crema_1005,ANG,SAD,-1,1,1,1,,data\preprocessed\features\z_at\FAKE_T3_1005_DFA_SAD_XX__AUDIO_1005_DFA_ANG_XX_sadtalker.pt,data\preprocessed\features\z_v\FAKE_T3_1005_DFA_SAD_XX__AUDIO_1005_DFA_ANG_XX_sadtalker.pt
FAKE_T3_1005_IEO_ANG_HI__AUDIO_1005_IEO_DIS_HI_sadtalker,track3,1,crema_1005,DIS,ANG,-1,1,1,1,,data\preprocessed\features\z_at\FAKE_T3_1005_IEO_ANG_HI__AUDIO_1005_IEO_DIS_HI_sadtalker.pt,data\preprocessed\features\z_v\FAKE_T3_1005_IEO_ANG_HI__AUDIO_1005_IEO_DIS_HI_sadtalker.pt
FAKE_T3_1005_IEO_ANG_LO__AUDIO_1005_IEO_DIS_LO_sadtalker,track3,1,crema_1005,DIS,ANG,-1,1,1,1,,data\preprocessed\features\z_at\FAKE_T3_1005_IEO_ANG_LO__AUDIO_1005_IEO_DIS_LO_sadtalker.pt,data\preprocessed\features\z_v\FAKE_T3_1005_IEO_ANG_LO__AUDIO_1005_IEO_DIS_LO_sadtalker.pt
FAKE_T3_1005_IEO_ANG_MD__AUDIO_1005_IEO_DIS_MD_sadtalker,track3,1,crema_1005,DIS,ANG,-1,1,1,1,,data\preprocessed\features\z_at\FAKE_T3_1005_IEO_ANG_MD__AUDIO_1005_IEO_DIS_MD_sadtalker.pt,data\preprocessed\features\z_v\FAKE_T3_1005_IEO_ANG_MD__AUDIO_1005_IEO_DIS_MD_sadtalker.pt
FAKE_T3_1005_IEO_DIS_HI__AUDIO_1005_IEO_FEA_HI_sadtalker,track3,1,crema_1005,FEA,DIS,-1,1,1,1,,data\preprocessed\features\z_at\FAKE_T3_1005_IEO_DIS_HI__AUDIO_1005_IEO_FEA_HI_sadtalker.pt,data\preprocessed\features\z_v\FAKE_T3_1005_IEO_DIS_HI__AUDIO_1005_IEO_FEA_HI_sadtalker.pt
FAKE_T3_1005_IEO_DIS_MD__AUDIO_1005_IEO_FEA_MD_sadtalker,track3,1,crema_1005,FEA,DIS,-1,1,1,1,,data\preprocessed\features\z_at\FAKE_T3_1005_IEO_DIS_MD__AUDIO_1005_IEO_FEA_MD_sadtalker.pt,data\preprocessed\features\z_v\FAKE_T3_1005_IEO_DIS_MD__AUDIO_1005_IEO_FEA_MD_sadtalker.pt
FAKE_T3_1005_IEO_FEA_HI__AUDIO_1005_IEO_HAP_HI_sadtalker,track3,1,crema_1005,HAP,FEA,-1,1,1,1,,data\preprocessed\features\z_at\FAKE_T3_1005_IEO_FEA_HI__AUDIO_1005_IEO_HAP_HI_sadtalker.pt,data\preprocessed\features\z_v\FAKE_T3_1005_IEO_FEA_HI__AUDIO_1005_IEO_HAP_HI_sadtalker.pt
FAKE_T3_1005_IEO_FEA_LO__AUDIO_1005_IEO_HAP_LO_sadtalker,track3,1,crema_1005,HAP,FEA,-1,1,1,1,,data\preprocessed\features\z_at\FAKE_T3_1005_IEO_FEA_LO__AUDIO_1005_IEO_HAP_LO_sadtalker.pt,data\preprocessed\features\z_v\FAKE_T3_1005_IEO_FEA_LO__AUDIO_1005_IEO_HAP_LO_sadtalker.pt
FAKE_T3_1005_IEO_FEA_MD__AUDIO_1005_IEO_HAP_MD_sadtalker,track3,1,crema_1005,HAP,FEA,-1,1,1,1,,data\preprocessed\features\z_at\FAKE_T3_1005_IEO_FEA_MD__AUDIO_1005_IEO_HAP_MD_sadtalker.pt,data\preprocessed\features\z_v\FAKE_T3_1005_IEO_FEA_MD__AUDIO_1005_IEO_HAP_MD_sadtalker.pt
FAKE_T3_1005_IEO_HAP_MD__AUDIO_1005_IEO_NEU_XX_sadtalker,track3,1,crema_1005,NEU,HAP,-1,1,1,1,,data\preprocessed\features\z_at\FAKE_T3_1005_IEO_HAP_MD__AUDIO_1005_IEO_NEU_XX_sadtalker.pt,data\preprocessed\features\z_v\FAKE_T3_1005_IEO_HAP_MD__AUDIO_1005_IEO_NEU_XX_sadtalker.pt
FAKE_T3_1005_IEO_NEU_XX__AUDIO_1005_IEO_SAD_HI_sadtalker,track3,1,crema_1005,SAD,NEU,-1,1,1,1,,data\preprocessed\features\z_at\FAKE_T3_1005_IEO_NEU_XX__AUDIO_1005_IEO_SAD_HI_sadtalker.pt,data\preprocessed\features\z_v\FAKE_T3_1005_IEO_NEU_XX__AUDIO_1005_IEO_SAD_HI_sadtalker.pt
FAKE_T3_1005_IEO_SAD_HI__AUDIO_1005_IEO_ANG_HI_sadtalker,track3,1,crema_1005,ANG,SAD,-1,1,1,1,,data\preprocessed\features\z_at\FAKE_T3_1005_IEO_SAD_HI__AUDIO_1005_IEO_ANG_HI_sadtalker.pt,data\preprocessed\features\z_v\FAKE_T3_1005_IEO_SAD_HI__AUDIO_1005_IEO_ANG_HI_sadtalker.pt
FAKE_T3_1005_IEO_SAD_MD__AUDIO_1005_IEO_ANG_MD_sadtalker,track3,1,crema_1005,ANG,SAD,-1,1,1,1,,data\preprocessed\features\z_at\FAKE_T3_1005_IEO_SAD_MD__AUDIO_1005_IEO_ANG_MD_sadtalker.pt,data\preprocessed\features\z_v\FAKE_T3_1005_IEO_SAD_MD__AUDIO_1005_IEO_ANG_MD_sadtalker.pt
FAKE_T3_1005_IOM_ANG_XX__AUDIO_1005_IOM_DIS_XX_sadtalker,track3,1,crema_1005,DIS,ANG,-1,1,1,1,,data\preprocessed\features\z_at\FAKE_T3_1005_IOM_ANG_XX__AUDIO_1005_IOM_DIS_XX_sadtalker.pt,data\preprocessed\features\z_v\FAKE_T3_1005_IOM_ANG_XX__AUDIO_1005_IOM_DIS_XX_sadtalker.pt
FAKE_T3_1005_IOM_DIS_XX__AUDIO_1005_IOM_FEA_XX_sadtalker,track3,1,crema_1005,FEA,DIS,-1,1,1,1,,data\preprocessed\features\z_at\FAKE_T3_1005_IOM_DIS_XX__AUDIO_1005_IOM_FEA_XX_sadtalker.pt,data\preprocessed\features\z_v\FAKE_T3_1005_IOM_DIS_XX__AUDIO_1005_IOM_FEA_XX_sadtalker.pt
FAKE_T3_1005_IOM_SAD_XX__AUDIO_1005_IOM_ANG_XX_sadtalker,track3,1,crema_1005,ANG,SAD,-1,1,1,1,,data\preprocessed\features\z_at\FAKE_T3_1005_IOM_SAD_XX__AUDIO_1005_IOM_ANG_XX_sadtalker.pt,data\preprocessed\features\z_v\FAKE_T3_1005_IOM_SAD_XX__AUDIO_1005_IOM_ANG_XX_sadtalker.pt
FAKE_T3_1005_ITH_ANG_XX__AUDIO_1005_ITH_DIS_XX_sadtalker,track3,1,crema_1005,DIS,ANG,-1,1,1,1,,data\preprocessed\features\z_at\FAKE_T3_1005_ITH_ANG_XX__AUDIO_1005_ITH_DIS_XX_sadtalker.pt,data\preprocessed\features\z_v\FAKE_T3_1005_ITH_ANG_XX__AUDIO_1005_ITH_DIS_XX_sadtalker.pt
FAKE_T3_1005_ITH_FEA_XX__AUDIO_1005_ITH_HAP_XX_sadtalker,track3,1,crema_1005,HAP,FEA,-1,1,1,1,,data\preprocessed\features\z_at\FAKE_T3_1005_ITH_FEA_XX__AUDIO_1005_ITH_HAP_XX_sadtalker.pt,data\preprocessed\features\z_v\FAKE_T3_1005_ITH_FEA_XX__AUDIO_1005_ITH_HAP_XX_sadtalker.pt
FAKE_T3_1005_ITH_NEU_XX__AUDIO_1005_ITH_SAD_XX_sadtalker,track3,1,crema_1005,SAD,NEU,-1,1,1,1,,data\preprocessed\features\z_at\FAKE_T3_1005_ITH_NEU_XX__AUDIO_1005_ITH_SAD_XX_sadtalker.pt,data\preprocessed\features\z_v\FAKE_T3_1005_ITH_NEU_XX__AUDIO_1005_ITH_SAD_XX_sadtalker.pt
FAKE_T3_1005_ITS_ANG_XX__AUDIO_1005_ITS_DIS_XX_sadtalker,track3,1,crema_1005,DIS,ANG,-1,1,1,1,,data\preprocessed\features\z_at\FAKE_T3_1005_ITS_ANG_XX__AUDIO_1005_ITS_DIS_XX_sadtalker.pt,data\preprocessed\features\z_v\FAKE_T3_1005_ITS_ANG_XX__AUDIO_1005_ITS_DIS_XX_sadtalker.pt
FAKE_T3_1005_ITS_DIS_XX__AUDIO_1005_ITS_FEA_XX_sadtalker,track3,1,crema_1005,FEA,DIS,-1,1,1,1,,data\preprocessed\features\z_at\FAKE_T3_1005_ITS_DIS_XX__AUDIO_1005_ITS_FEA_XX_sadtalker.pt,data\preprocessed\features\z_v\FAKE_T3_1005_ITS_DIS_XX__AUDIO_1005_ITS_FEA_XX_sadtalker.pt
FAKE_T3_1005_ITS_HAP_XX__AUDIO_1005_ITS_NEU_XX_sadtalker,track3,1,crema_1005,NEU,HAP,-1,1,1,1,,data\preprocessed\features\z_at\FAKE_T3_1005_ITS_HAP_XX__AUDIO_1005_ITS_NEU_XX_sadtalker.pt,data\preprocessed\features\z_v\FAKE_T3_1005_ITS_HAP_XX__AUDIO_1005_ITS_NEU_XX_sadtalker.pt
FAKE_T3_1005_ITS_NEU_XX__AUDIO_1005_ITS_SAD_XX_sadtalker,track3,1,crema_1005,SAD,NEU,-1,1,1,1,,data\preprocessed\features\z_at\FAKE_T3_1005_ITS_NEU_XX__AUDIO_1005_ITS_SAD_XX_sadtalker.pt,data\preprocessed\features\z_v\FAKE_T3_1005_ITS_NEU_XX__AUDIO_1005_ITS_SAD_XX_sadtalker.pt
FAKE_T3_1005_IWL_SAD_XX__AUDIO_1005_IWL_ANG_XX_sadtalker,track3,1,crema_1005,ANG,SAD,-1,1,1,1,,data\preprocessed\features\z_at\FAKE_T3_1005_IWL_SAD_XX__AUDIO_1005_IWL_ANG_XX_sadtalker.pt,data\preprocessed\features\z_v\FAKE_T3_1005_IWL_SAD_XX__AUDIO_1005_IWL_ANG_XX_sadtalker.pt
FAKE_T3_1005_IWW_ANG_XX__AUDIO_1005_IWW_DIS_XX_sadtalker,track3,1,crema_1005,DIS,ANG,-1,1,1,1,,data\preprocessed\features\z_at\FAKE_T3_1005_IWW_ANG_XX__AUDIO_1005_IWW_DIS_XX_sadtalker.pt,data\preprocessed\features\z_v\FAKE_T3_1005_IWW_ANG_XX__AUDIO_1005_IWW_DIS_XX_sadtalker.pt
FAKE_T3_1005_IWW_SAD_XX__AUDIO_1005_IWW_ANG_XX_sadtalker,track3,1,crema_1005,ANG,SAD,-1,1,1,1,,data\preprocessed\features\z_at\FAKE_T3_1005_IWW_SAD_XX__AUDIO_1005_IWW_ANG_XX_sadtalker.pt,data\preprocessed\features\z_v\FAKE_T3_1005_IWW_SAD_XX__AUDIO_1005_IWW_ANG_XX_sadtalker.pt
FAKE_T3_1005_MTI_ANG_XX__AUDIO_1005_MTI_DIS_XX_sadtalker,track3,1,crema_1005,DIS,ANG,-1,1,1,1,,data\preprocessed\features\z_at\FAKE_T3_1005_MTI_ANG_XX__AUDIO_1005_MTI_DIS_XX_sadtalker.pt,data\preprocessed\features\z_v\FAKE_T3_1005_MTI_ANG_XX__AUDIO_1005_MTI_DIS_XX_sadtalker.pt
FAKE_T3_1005_MTI_FEA_XX__AUDIO_1005_MTI_HAP_XX_sadtalker,track3,1,crema_1005,HAP,FEA,-1,1,1,1,,data\preprocessed\features\z_at\FAKE_T3_1005_MTI_FEA_XX__AUDIO_1005_MTI_HAP_XX_sadtalker.pt,data\preprocessed\features\z_v\FAKE_T3_1005_MTI_FEA_XX__AUDIO_1005_MTI_HAP_XX_sadtalker.pt
FAKE_T3_1005_MTI_HAP_XX__AUDIO_1005_MTI_NEU_XX_sadtalker,track3,1,crema_1005,NEU,HAP,-1,1,1,1,,data\preprocessed\features\z_at\FAKE_T3_1005_MTI_HAP_XX__AUDIO_1005_MTI_NEU_XX_sadtalker.pt,data\preprocessed\features\z_v\FAKE_T3_1005_MTI_HAP_XX__AUDIO_1005_MTI_NEU_XX_sadtalker.pt
FAKE_T3_1005_TAI_DIS_XX__AUDIO_1005_TAI_FEA_XX_sadtalker,track3,1,crema_1005,FEA,DIS,-1,1,1,1,,data\preprocessed\features\z_at\FAKE_T3_1005_TAI_DIS_XX__AUDIO_1005_TAI_FEA_XX_sadtalker.pt,data\preprocessed\features\z_v\FAKE_T3_1005_TAI_DIS_XX__AUDIO_1005_TAI_FEA_XX_sadtalker.pt
FAKE_T3_1005_TAI_SAD_XX__AUDIO_1005_TAI_ANG_XX_sadtalker,track3,1,crema_1005,ANG,SAD,-1,1,1,1,,data\preprocessed\features\z_at\FAKE_T3_1005_TAI_SAD_XX__AUDIO_1005_TAI_ANG_XX_sadtalker.pt,data\preprocessed\features\z_v\FAKE_T3_1005_TAI_SAD_XX__AUDIO_1005_TAI_ANG_XX_sadtalker.pt
FAKE_T3_1005_TIE_ANG_XX__AUDIO_1005_TIE_DIS_XX_sadtalker,track3,1,crema_1005,DIS,ANG,-1,1,1,1,,data\preprocessed\features\z_at\FAKE_T3_1005_TIE_ANG_XX__AUDIO_1005_TIE_DIS_XX_sadtalker.pt,data\preprocessed\features\z_v\FAKE_T3_1005_TIE_ANG_XX__AUDIO_1005_TIE_DIS_XX_sadtalker.pt
FAKE_T3_1005_TIE_DIS_XX__AUDIO_1005_TIE_FEA_XX_sadtalker,track3,1,crema_1005,FEA,DIS,-1,1,1,1,,data\preprocessed\features\z_at\FAKE_T3_1005_TIE_DIS_XX__AUDIO_1005_TIE_FEA_XX_sadtalker.pt,data\preprocessed\features\z_v\FAKE_T3_1005_TIE_DIS_XX__AUDIO_1005_TIE_FEA_XX_sadtalker.pt
FAKE_T3_1005_TSI_ANG_XX__AUDIO_1005_TSI_DIS_XX_sadtalker,track3,1,crema_1005,DIS,ANG,-1,1,1,1,,data\preprocessed\features\z_at\FAKE_T3_1005_TSI_ANG_XX__AUDIO_1005_TSI_DIS_XX_sadtalker.pt,data\preprocessed\features\z_v\FAKE_T3_1005_TSI_ANG_XX__AUDIO_1005_TSI_DIS_XX_sadtalker.pt
FAKE_T3_1005_TSI_DIS_XX__AUDIO_1005_TSI_FEA_XX_sadtalker,track3,1,crema_1005,FEA,DIS,-1,1,1,1,,data\preprocessed\features\z_at\FAKE_T3_1005_TSI_DIS_XX__AUDIO_1005_TSI_FEA_XX_sadtalker.pt,data\preprocessed\features\z_v\FAKE_T3_1005_TSI_DIS_XX__AUDIO_1005_TSI_FEA_XX_sadtalker.pt
FAKE_T3_1005_WSI_ANG_XX__AUDIO_1005_WSI_DIS_XX_sadtalker,track3,1,crema_1005,DIS,ANG,-1,1,1,1,,data\preprocessed\features\z_at\FAKE_T3_1005_WSI_ANG_XX__AUDIO_1005_WSI_DIS_XX_sadtalker.pt,data\preprocessed\features\z_v\FAKE_T3_1005_WSI_ANG_XX__AUDIO_1005_WSI_DIS_XX_sadtalker.pt
FAKE_T3_1005_WSI_DIS_XX__AUDIO_1005_WSI_FEA_XX_sadtalker,track3,1,crema_1005,FEA,DIS,-1,1,1,1,,data\preprocessed\features\z_at\FAKE_T3_1005_WSI_DIS_XX__AUDIO_1005_WSI_FEA_XX_sadtalker.pt,data\preprocessed\features\z_v\FAKE_T3_1005_WSI_DIS_XX__AUDIO_1005_WSI_FEA_XX_sadtalker.pt
FAKE_T3_1005_WSI_NEU_XX__AUDIO_1005_WSI_SAD_XX_sadtalker,track3,1,crema_1005,SAD,NEU,-1,1,1,1,,data\preprocessed\features\z_at\FAKE_T3_1005_WSI_NEU_XX__AUDIO_1005_WSI_SAD_XX_sadtalker.pt,data\preprocessed\features\z_v\FAKE_T3_1005_WSI_NEU_XX__AUDIO_1005_WSI_SAD_XX_sadtalker.pt
FAKE_T3_1006_DFA_FEA_XX__AUDIO_1006_DFA_HAP_XX_sadtalker,track3,1,crema_1006,HAP,FEA,-1,1,1,1,,data\preprocessed\features\z_at\FAKE_T3_1006_DFA_FEA_XX__AUDIO_1006_DFA_HAP_XX_sadtalker.pt,data\preprocessed\features\z_v\FAKE_T3_1006_DFA_FEA_XX__AUDIO_1006_DFA_HAP_XX_sadtalker.pt
FAKE_T3_1006_DFA_NEU_XX__AUDIO_1006_DFA_SAD_XX_sadtalker,track3,1,crema_1006,SAD,NEU,-1,1,1,1,,data\preprocessed\features\z_at\FAKE_T3_1006_DFA_NEU_XX__AUDIO_1006_DFA_SAD_XX_sadtalker.pt,data\preprocessed\features\z_v\FAKE_T3_1006_DFA_NEU_XX__AUDIO_1006_DFA_SAD_XX_sadtalker.pt
FAKE_T3_1006_DFA_SAD_XX__AUDIO_1006_DFA_ANG_XX_sadtalker,track3,1,crema_1006,ANG,SAD,-1,1,1,1,,data\preprocessed\features\z_at\FAKE_T3_1006_DFA_SAD_XX__AUDIO_1006_DFA_ANG_XX_sadtalker.pt,data\preprocessed\features\z_v\FAKE_T3_1006_DFA_SAD_XX__AUDIO_1006_DFA_ANG_XX_sadtalker.pt
FAKE_T3_1006_IEO_ANG_HI__AUDIO_1006_IEO_DIS_HI_sadtalker,track3,1,crema_1006,DIS,ANG,-1,1,1,1,,data\preprocessed\features\z_at\FAKE_T3_1006_IEO_ANG_HI__AUDIO_1006_IEO_DIS_HI_sadtalker.pt,data\preprocessed\features\z_v\FAKE_T3_1006_IEO_ANG_HI__AUDIO_1006_IEO_DIS_HI_sadtalker.pt
FAKE_T3_1006_IEO_DIS_LO__AUDIO_1006_IEO_FEA_LO_sadtalker,track3,1,crema_1006,FEA,DIS,-1,1,1,1,,data\preprocessed\features\z_at\FAKE_T3_1006_IEO_DIS_LO__AUDIO_1006_IEO_FEA_LO_sadtalker.pt,data\preprocessed\features\z_v\FAKE_T3_1006_IEO_DIS_LO__AUDIO_1006_IEO_FEA_LO_sadtalker.pt
FAKE_T3_1006_IEO_FEA_MD__AUDIO_1006_IEO_HAP_MD_sadtalker,track3,1,crema_1006,HAP,FEA,-1,1,1,1,,data\preprocessed\features\z_at\FAKE_T3_1006_IEO_FEA_MD__AUDIO_1006_IEO_HAP_MD_sadtalker.pt,data\preprocessed\features\z_v\FAKE_T3_1006_IEO_FEA_MD__AUDIO_1006_IEO_HAP_MD_sadtalker.pt
FAKE_T3_1006_IEO_HAP_MD__AUDIO_1006_IEO_NEU_XX_sadtalker,track3,1,crema_1006,NEU,HAP,-1,1,1,1,,data\preprocessed\features\z_at\FAKE_T3_1006_IEO_HAP_MD__AUDIO_1006_IEO_NEU_XX_sadtalker.pt,data\preprocessed\features\z_v\FAKE_T3_1006_IEO_HAP_MD__AUDIO_1006_IEO_NEU_XX_sadtalker.pt
FAKE_T3_1006_IEO_NEU_XX__AUDIO_1006_IEO_SAD_HI_sadtalker,track3,1,crema_1006,SAD,NEU,-1,1,1,1,,data\preprocessed\features\z_at\FAKE_T3_1006_IEO_NEU_XX__AUDIO_1006_IEO_SAD_HI_sadtalker.pt,data\preprocessed\features\z_v\FAKE_T3_1006_IEO_NEU_XX__AUDIO_1006_IEO_SAD_HI_sadtalker.pt
FAKE_T3_1006_IEO_SAD_LO__AUDIO_1006_IEO_ANG_LO_sadtalker,track3,1,crema_1006,ANG,SAD,-1,1,1,1,,data\preprocessed\features\z_at\FAKE_T3_1006_IEO_SAD_LO__AUDIO_1006_IEO_ANG_LO_sadtalker.pt,data\preprocessed\features\z_v\FAKE_T3_1006_IEO_SAD_LO__AUDIO_1006_IEO_ANG_LO_sadtalker.pt
FAKE_T3_1006_IOM_FEA_XX__AUDIO_1006_IOM_HAP_XX_sadtalker,track3,1,crema_1006,HAP,FEA,-1,1,1,1,,data\preprocessed\features\z_at\FAKE_T3_1006_IOM_FEA_XX__AUDIO_1006_IOM_HAP_XX_sadtalker.pt,data\preprocessed\features\z_v\FAKE_T3_1006_IOM_FEA_XX__AUDIO_1006_IOM_HAP_XX_sadtalker.pt
FAKE_T3_1006_IOM_HAP_XX__AUDIO_1006_IOM_NEU_XX_sadtalker,track3,1,crema_1006,NEU,HAP,-1,1,1,1,,data\preprocessed\features\z_at\FAKE_T3_1006_IOM_HAP_XX__AUDIO_1006_IOM_NEU_XX_sadtalker.pt,data\preprocessed\features\z_v\FAKE_T3_1006_IOM_HAP_XX__AUDIO_1006_IOM_NEU_XX_sadtalker.pt
FAKE_T3_1006_IOM_NEU_XX__AUDIO_1006_IOM_SAD_XX_sadtalker,track3,1,crema_1006,SAD,NEU,-1,1,1,1,,data\preprocessed\features\z_at\FAKE_T3_1006_IOM_NEU_XX__AUDIO_1006_IOM_SAD_XX_sadtalker.pt,data\preprocessed\features\z_v\FAKE_T3_1006_IOM_NEU_XX__AUDIO_1006_IOM_SAD_XX_sadtalker.pt
FAKE_T3_1006_IOM_SAD_XX__AUDIO_1006_IOM_ANG_XX_sadtalker,track3,1,crema_1006,ANG,SAD,-1,1,1,1,,data\preprocessed\features\z_at\FAKE_T3_1006_IOM_SAD_XX__AUDIO_1006_IOM_ANG_XX_sadtalker.pt,data\preprocessed\features\z_v\FAKE_T3_1006_IOM_SAD_XX__AUDIO_1006_IOM_ANG_XX_sadtalker.pt
FAKE_T3_1006_ITH_ANG_XX__AUDIO_1006_ITH_DIS_XX_sadtalker,track3,1,crema_1006,DIS,ANG,-1,1,1,1,,data\preprocessed\features\z_at\FAKE_T3_1006_ITH_ANG_XX__AUDIO_1006_ITH_DIS_XX_sadtalker.pt,data\preprocessed\features\z_v\FAKE_T3_1006_ITH_ANG_XX__AUDIO_1006_ITH_DIS_XX_sadtalker.pt
FAKE_T3_1006_ITH_HAP_XX__AUDIO_1006_ITH_NEU_XX_sadtalker,track3,1,crema_1006,NEU,HAP,-1,1,1,1,,data\preprocessed\features\z_at\FAKE_T3_1006_ITH_HAP_XX__AUDIO_1006_ITH_NEU_XX_sadtalker.pt,data\preprocessed\features\z_v\FAKE_T3_1006_ITH_HAP_XX__AUDIO_1006_ITH_NEU_XX_sadtalker.pt
FAKE_T3_1006_ITH_NEU_XX__AUDIO_1006_ITH_SAD_XX_sadtalker,track3,1,crema_1006,SAD,NEU,-1,1,1,1,,data\preprocessed\features\z_at\FAKE_T3_1006_ITH_NEU_XX__AUDIO_1006_ITH_SAD_XX_sadtalker.pt,data\preprocessed\features\z_v\FAKE_T3_1006_ITH_NEU_XX__AUDIO_1006_ITH_SAD_XX_sadtalker.pt
FAKE_T3_1006_ITH_SAD_XX__AUDIO_1006_ITH_ANG_XX_sadtalker,track3,1,crema_1006,ANG,SAD,-1,1,1,1,,data\preprocessed\features\z_at\FAKE_T3_1006_ITH_SAD_XX__AUDIO_1006_ITH_ANG_XX_sadtalker.pt,data\preprocessed\features\z_v\FAKE_T3_1006_ITH_SAD_XX__AUDIO_1006_ITH_ANG_XX_sadtalker.pt
FAKE_T3_1006_ITS_ANG_XX__AUDIO_1006_ITS_DIS_XX_sadtalker,track3,1,crema_1006,DIS,ANG,-1,1,1,1,,data\preprocessed\features\z_at\FAKE_T3_1006_ITS_ANG_XX__AUDIO_1006_ITS_DIS_XX_sadtalker.pt,data\preprocessed\features\z_v\FAKE_T3_1006_ITS_ANG_XX__AUDIO_1006_ITS_DIS_XX_sadtalker.pt
FAKE_T3_1006_ITS_DIS_XX__AUDIO_1006_ITS_FEA_XX_sadtalker,track3,1,crema_1006,FEA,DIS,-1,1,1,1,,data\preprocessed\features\z_at\FAKE_T3_1006_ITS_DIS_XX__AUDIO_1006_ITS_FEA_XX_sadtalker.pt,data\preprocessed\features\z_v\FAKE_T3_1006_ITS_DIS_XX__AUDIO_1006_ITS_FEA_XX_sadtalker.pt
FAKE_T3_1006_ITS_HAP_XX__AUDIO_1006_ITS_NEU_XX_sadtalker,track3,1,crema_1006,NEU,HAP,-1,1,1,1,,data\preprocessed\features\z_at\FAKE_T3_1006_ITS_HAP_XX__AUDIO_1006_ITS_NEU_XX_sadtalker.pt,data\preprocessed\features\z_v\FAKE_T3_1006_ITS_HAP_XX__AUDIO_1006_ITS_NEU_XX_sadtalker.pt
FAKE_T3_1006_ITS_SAD_XX__AUDIO_1006_ITS_ANG_XX_sadtalker,track3,1,crema_1006,ANG,SAD,-1,1,1,1,,data\preprocessed\features\z_at\FAKE_T3_1006_ITS_SAD_XX__AUDIO_1006_ITS_ANG_XX_sadtalker.pt,data\preprocessed\features\z_v\FAKE_T3_1006_ITS_SAD_XX__AUDIO_1006_ITS_ANG_XX_sadtalker.pt
FAKE_T3_1006_IWL_FEA_XX__AUDIO_1006_IWL_HAP_XX_sadtalker,track3,1,crema_1006,HAP,FEA,-1,1,1,1,,data\preprocessed\features\z_at\FAKE_T3_1006_IWL_FEA_XX__AUDIO_1006_IWL_HAP_XX_sadtalker.pt,data\preprocessed\features\z_v\FAKE_T3_1006_IWL_FEA_XX__AUDIO_1006_IWL_HAP_XX_sadtalker.pt
FAKE_T3_1006_IWL_HAP_XX__AUDIO_1006_IWL_NEU_XX_sadtalker,track3,1,crema_1006,NEU,HAP,-1,1,1,1,,data\preprocessed\features\z_at\FAKE_T3_1006_IWL_HAP_XX__AUDIO_1006_IWL_NEU_XX_sadtalker.pt,data\preprocessed\features\z_v\FAKE_T3_1006_IWL_HAP_XX__AUDIO_1006_IWL_NEU_XX_sadtalker.pt
FAKE_T3_1006_IWW_DIS_XX__AUDIO_1006_IWW_FEA_XX_sadtalker,track3,1,crema_1006,FEA,DIS,-1,1,1,1,,data\preprocessed\features\z_at\FAKE_T3_1006_IWW_DIS_XX__AUDIO_1006_IWW_FEA_XX_sadtalker.pt,data\preprocessed\features\z_v\FAKE_T3_1006_IWW_DIS_XX__AUDIO_1006_IWW_FEA_XX_sadtalker.pt
FAKE_T3_1006_IWW_HAP_XX__AUDIO_1006_IWW_NEU_XX_sadtalker,track3,1,crema_1006,NEU,HAP,-1,1,1,1,,data\preprocessed\features\z_at\FAKE_T3_1006_IWW_HAP_XX__AUDIO_1006_IWW_NEU_XX_sadtalker.pt,data\preprocessed\features\z_v\FAKE_T3_1006_IWW_HAP_XX__AUDIO_1006_IWW_NEU_XX_sadtalker.pt
FAKE_T3_1006_MTI_DIS_XX__AUDIO_1006_MTI_FEA_XX_sadtalker,track3,1,crema_1006,FEA,DIS,-1,1,1,1,,data\preprocessed\features\z_at\FAKE_T3_1006_MTI_DIS_XX__AUDIO_1006_MTI_FEA_XX_sadtalker.pt,data\preprocessed\features\z_v\FAKE_T3_1006_MTI_DIS_XX__AUDIO_1006_MTI_FEA_XX_sadtalker.pt
FAKE_T3_1006_MTI_HAP_XX__AUDIO_1006_MTI_NEU_XX_sadtalker,track3,1,crema_1006,NEU,HAP,-1,1,1,1,,data\preprocessed\features\z_at\FAKE_T3_1006_MTI_HAP_XX__AUDIO_1006_MTI_NEU_XX_sadtalker.pt,data\preprocessed\features\z_v\FAKE_T3_1006_MTI_HAP_XX__AUDIO_1006_MTI_NEU_XX_sadtalker.pt
FAKE_T3_1006_TAI_ANG_XX__AUDIO_1006_TAI_DIS_XX_sadtalker,track3,1,crema_1006,DIS,ANG,-1,1,1,1,,data\preprocessed\features\z_at\FAKE_T3_1006_TAI_ANG_XX__AUDIO_1006_TAI_DIS_XX_sadtalker.pt,data\preprocessed\features\z_v\FAKE_T3_1006_TAI_ANG_XX__AUDIO_1006_TAI_DIS_XX_sadtalker.pt
FAKE_T3_1006_TAI_FEA_XX__AUDIO_1006_TAI_HAP_XX_sadtalker,track3,1,crema_1006,HAP,FEA,-1,1,1,1,,data\preprocessed\features\z_at\FAKE_T3_1006_TAI_FEA_XX__AUDIO_1006_TAI_HAP_XX_sadtalker.pt,data\preprocessed\features\z_v\FAKE_T3_1006_TAI_FEA_XX__AUDIO_1006_TAI_HAP_XX_sadtalker.pt
FAKE_T3_1006_TAI_NEU_XX__AUDIO_1006_TAI_SAD_XX_sadtalker,track3,1,crema_1006,SAD,NEU,-1,1,1,1,,data\preprocessed\features\z_at\FAKE_T3_1006_TAI_NEU_XX__AUDIO_1006_TAI_SAD_XX_sadtalker.pt,data\preprocessed\features\z_v\FAKE_T3_1006_TAI_NEU_XX__AUDIO_1006_TAI_SAD_XX_sadtalker.pt
FAKE_T3_1006_TAI_SAD_XX__AUDIO_1006_TAI_ANG_XX_sadtalker,track3,1,crema_1006,ANG,SAD,-1,1,1,1,,data\preprocessed\features\z_at\FAKE_T3_1006_TAI_SAD_XX__AUDIO_1006_TAI_ANG_XX_sadtalker.pt,data\preprocessed\features\z_v\FAKE_T3_1006_TAI_SAD_XX__AUDIO_1006_TAI_ANG_XX_sadtalker.pt
FAKE_T3_1006_TIE_HAP_XX__AUDIO_1006_TIE_NEU_XX_sadtalker,track3,1,crema_1006,NEU,HAP,-1,1,1,1,,data\preprocessed\features\z_at\FAKE_T3_1006_TIE_HAP_XX__AUDIO_1006_TIE_NEU_XX_sadtalker.pt,data\preprocessed\features\z_v\FAKE_T3_1006_TIE_HAP_XX__AUDIO_1006_TIE_NEU_XX_sadtalker.pt
FAKE_T3_1006_TIE_NEU_XX__AUDIO_1006_TIE_SAD_XX_sadtalker,track3,1,crema_1006,SAD,NEU,-1,1,1,1,,data\preprocessed\features\z_at\FAKE_T3_1006_TIE_NEU_XX__AUDIO_1006_TIE_SAD_XX_sadtalker.pt,data\preprocessed\features\z_v\FAKE_T3_1006_TIE_NEU_XX__AUDIO_1006_TIE_SAD_XX_sadtalker.pt
FAKE_T3_1006_TIE_SAD_XX__AUDIO_1006_TIE_ANG_XX_sadtalker,track3,1,crema_1006,ANG,SAD,-1,1,1,1,,data\preprocessed\features\z_at\FAKE_T3_1006_TIE_SAD_XX__AUDIO_1006_TIE_ANG_XX_sadtalker.pt,data\preprocessed\features\z_v\FAKE_T3_1006_TIE_SAD_XX__AUDIO_1006_TIE_ANG_XX_sadtalker.pt
FAKE_T3_1006_TSI_DIS_XX__AUDIO_1006_TSI_FEA_XX_sadtalker,track3,1,crema_1006,FEA,DIS,-1,1,1,1,,data\preprocessed\features\z_at\FAKE_T3_1006_TSI_DIS_XX__AUDIO_1006_TSI_FEA_XX_sadtalker.pt,data\preprocessed\features\z_v\FAKE_T3_1006_TSI_DIS_XX__AUDIO_1006_TSI_FEA_XX_sadtalker.pt
FAKE_T3_1006_TSI_FEA_XX__AUDIO_1006_TSI_HAP_XX_sadtalker,track3,1,crema_1006,HAP,FEA,-1,1,1,1,,data\preprocessed\features\z_at\FAKE_T3_1006_TSI_FEA_XX__AUDIO_1006_TSI_HAP_XX_sadtalker.pt,data\preprocessed\features\z_v\FAKE_T3_1006_TSI_FEA_XX__AUDIO_1006_TSI_HAP_XX_sadtalker.pt
FAKE_T3_1006_TSI_SAD_XX__AUDIO_1006_TSI_ANG_XX_sadtalker,track3,1,crema_1006,ANG,SAD,-1,1,1,1,,data\preprocessed\features\z_at\FAKE_T3_1006_TSI_SAD_XX__AUDIO_1006_TSI_ANG_XX_sadtalker.pt,data\preprocessed\features\z_v\FAKE_T3_1006_TSI_SAD_XX__AUDIO_1006_TSI_ANG_XX_sadtalker.pt
FAKE_T3_1006_WSI_ANG_XX__AUDIO_1006_WSI_DIS_XX_sadtalker,track3,1,crema_1006,DIS,ANG,-1,1,1,1,,data\preprocessed\features\z_at\FAKE_T3_1006_WSI_ANG_XX__AUDIO_1006_WSI_DIS_XX_sadtalker.pt,data\preprocessed\features\z_v\FAKE_T3_1006_WSI_ANG_XX__AUDIO_1006_WSI_DIS_XX_sadtalker.pt
FAKE_T3_1006_WSI_HAP_XX__AUDIO_1006_WSI_NEU_XX_sadtalker,track3,1,crema_1006,NEU,HAP,-1,1,1,1,,data\preprocessed\features\z_at\FAKE_T3_1006_WSI_HAP_XX__AUDIO_1006_WSI_NEU_XX_sadtalker.pt,data\preprocessed\features\z_v\FAKE_T3_1006_WSI_HAP_XX__AUDIO_1006_WSI_NEU_XX_sadtalker.pt
FAKE_T3_1006_WSI_NEU_XX__AUDIO_1006_WSI_SAD_XX_sadtalker,track3,1,crema_1006,SAD,NEU,-1,1,1,1,,data\preprocessed\features\z_at\FAKE_T3_1006_WSI_NEU_XX__AUDIO_1006_WSI_SAD_XX_sadtalker.pt,data\preprocessed\features\z_v\FAKE_T3_1006_WSI_NEU_XX__AUDIO_1006_WSI_SAD_XX_sadtalker.pt
FAKE_T3_1006_WSI_SAD_XX__AUDIO_1006_WSI_ANG_XX_sadtalker,track3,1,crema_1006,ANG,SAD,-1,1,1,1,,data\preprocessed\features\z_at\FAKE_T3_1006_WSI_SAD_XX__AUDIO_1006_WSI_ANG_XX_sadtalker.pt,data\preprocessed\features\z_v\FAKE_T3_1006_WSI_SAD_XX__AUDIO_1006_WSI_ANG_XX_sadtalker.pt
FAKE_T3_1007_DFA_ANG_XX__AUDIO_1007_DFA_DIS_XX_sadtalker,track3,1,crema_1007,DIS,ANG,-1,1,1,1,,data\preprocessed\features\z_at\FAKE_T3_1007_DFA_ANG_XX__AUDIO_1007_DFA_DIS_XX_sadtalker.pt,data\preprocessed\features\z_v\FAKE_T3_1007_DFA_ANG_XX__AUDIO_1007_DFA_DIS_XX_sadtalker.pt
FAKE_T3_1007_DFA_FEA_XX__AUDIO_1007_DFA_HAP_XX_sadtalker,track3,1,crema_1007,HAP,FEA,-1,1,1,1,,data\preprocessed\features\z_at\FAKE_T3_1007_DFA_FEA_XX__AUDIO_1007_DFA_HAP_XX_sadtalker.pt,data\preprocessed\features\z_v\FAKE_T3_1007_DFA_FEA_XX__AUDIO_1007_DFA_HAP_XX_sadtalker.pt
FAKE_T3_1007_DFA_HAP_XX__AUDIO_1007_DFA_NEU_XX_sadtalker,track3,1,crema_1007,NEU,HAP,-1,1,1,1,,data\preprocessed\features\z_at\FAKE_T3_1007_DFA_HAP_XX__AUDIO_1007_DFA_NEU_XX_sadtalker.pt,data\preprocessed\features\z_v\FAKE_T3_1007_DFA_HAP_XX__AUDIO_1007_DFA_NEU_XX_sadtalker.pt
FAKE_T3_1007_DFA_NEU_XX__AUDIO_1007_DFA_SAD_XX_sadtalker,track3,1,crema_1007,SAD,NEU,-1,1,1,1,,data\preprocessed\features\z_at\FAKE_T3_1007_DFA_NEU_XX__AUDIO_1007_DFA_SAD_XX_sadtalker.pt,data\preprocessed\features\z_v\FAKE_T3_1007_DFA_NEU_XX__AUDIO_1007_DFA_SAD_XX_sadtalker.pt
FAKE_T3_1007_IEO_ANG_MD__AUDIO_1007_IEO_DIS_MD_sadtalker,track3,1,crema_1007,DIS,ANG,-1,1,1,1,,data\preprocessed\features\z_at\FAKE_T3_1007_IEO_ANG_MD__AUDIO_1007_IEO_DIS_MD_sadtalker.pt,data\preprocessed\features\z_v\FAKE_T3_1007_IEO_ANG_MD__AUDIO_1007_IEO_DIS_MD_sadtalker.pt
FAKE_T3_1007_IEO_DIS_HI__AUDIO_1007_IEO_FEA_HI_sadtalker,track3,1,crema_1007,FEA,DIS,-1,1,1,1,,data\preprocessed\features\z_at\FAKE_T3_1007_IEO_DIS_HI__AUDIO_1007_IEO_FEA_HI_sadtalker.pt,data\preprocessed\features\z_v\FAKE_T3_1007_IEO_DIS_HI__AUDIO_1007_IEO_FEA_HI_sadtalker.pt
FAKE_T3_1007_IEO_DIS_LO__AUDIO_1007_IEO_FEA_LO_sadtalker,track3,1,crema_1007,FEA,DIS,-1,1,1,1,,data\preprocessed\features\z_at\FAKE_T3_1007_IEO_DIS_LO__AUDIO_1007_IEO_FEA_LO_sadtalker.pt,data\preprocessed\features\z_v\FAKE_T3_1007_IEO_DIS_LO__AUDIO_1007_IEO_FEA_LO_sadtalker.pt
FAKE_T3_1007_IEO_FEA_LO__AUDIO_1007_IEO_HAP_LO_sadtalker,track3,1,crema_1007,HAP,FEA,-1,1,1,1,,data\preprocessed\features\z_at\FAKE_T3_1007_IEO_FEA_LO__AUDIO_1007_IEO_HAP_LO_sadtalker.pt,data\preprocessed\features\z_v\FAKE_T3_1007_IEO_FEA_LO__AUDIO_1007_IEO_HAP_LO_sadtalker.pt
FAKE_T3_1007_IEO_HAP_HI__AUDIO_1007_IEO_NEU_XX_sadtalker,track3,1,crema_1007,NEU,HAP,-1,1,1,1,,data\preprocessed\features\z_at\FAKE_T3_1007_IEO_HAP_HI__AUDIO_1007_IEO_NEU_XX_sadtalker.pt,data\preprocessed\features\z_v\FAKE_T3_1007_IEO_HAP_HI__AUDIO_1007_IEO_NEU_XX_sadtalker.pt
FAKE_T3_1007_IEO_HAP_LO__AUDIO_1007_IEO_NEU_XX_sadtalker,track3,1,crema_1007,NEU,HAP,-1,1,1,1,,data\preprocessed\features\z_at\FAKE_T3_1007_IEO_HAP_LO__AUDIO_1007_IEO_NEU_XX_sadtalker.pt,data\preprocessed\features\z_v\FAKE_T3_1007_IEO_HAP_LO__AUDIO_1007_IEO_NEU_XX_sadtalker.pt
FAKE_T3_1007_IEO_SAD_MD__AUDIO_1007_IEO_ANG_MD_sadtalker,track3,1,crema_1007,ANG,SAD,-1,1,1,1,,data\preprocessed\features\z_at\FAKE_T3_1007_IEO_SAD_MD__AUDIO_1007_IEO_ANG_MD_sadtalker.pt,data\preprocessed\features\z_v\FAKE_T3_1007_IEO_SAD_MD__AUDIO_1007_IEO_ANG_MD_sadtalker.pt
FAKE_T3_1007_IOM_ANG_XX__AUDIO_1007_IOM_DIS_XX_sadtalker,track3,1,crema_1007,DIS,ANG,-1,1,1,1,,data\preprocessed\features\z_at\FAKE_T3_1007_IOM_ANG_XX__AUDIO_1007_IOM_DIS_XX_sadtalker.pt,data\preprocessed\features\z_v\FAKE_T3_1007_IOM_ANG_XX__AUDIO_1007_IOM_DIS_XX_sadtalker.pt
FAKE_T3_1007_IOM_NEU_XX__AUDIO_1007_IOM_SAD_XX_sadtalker,track3,1,crema_1007,SAD,NEU,-1,1,1,1,,data\preprocessed\features\z_at\FAKE_T3_1007_IOM_NEU_XX__AUDIO_1007_IOM_SAD_XX_sadtalker.pt,data\preprocessed\features\z_v\FAKE_T3_1007_IOM_NEU_XX__AUDIO_1007_IOM_SAD_XX_sadtalker.pt
FAKE_T3_1007_ITH_ANG_XX__AUDIO_1007_ITH_DIS_XX_sadtalker,track3,1,crema_1007,DIS,ANG,-1,1,1,1,,data\preprocessed\features\z_at\FAKE_T3_1007_ITH_ANG_XX__AUDIO_1007_ITH_DIS_XX_sadtalker.pt,data\preprocessed\features\z_v\FAKE_T3_1007_ITH_ANG_XX__AUDIO_1007_ITH_DIS_XX_sadtalker.pt
FAKE_T3_1007_ITH_FEA_XX__AUDIO_1007_ITH_HAP_XX_sadtalker,track3,1,crema_1007,HAP,FEA,-1,1,1,1,,data\preprocessed\features\z_at\FAKE_T3_1007_ITH_FEA_XX__AUDIO_1007_ITH_HAP_XX_sadtalker.pt,data\preprocessed\features\z_v\FAKE_T3_1007_ITH_FEA_XX__AUDIO_1007_ITH_HAP_XX_sadtalker.pt
FAKE_T3_1007_ITH_HAP_XX__AUDIO_1007_ITH_NEU_XX_sadtalker,track3,1,crema_1007,NEU,HAP,-1,1,1,1,,data\preprocessed\features\z_at\FAKE_T3_1007_ITH_HAP_XX__AUDIO_1007_ITH_NEU_XX_sadtalker.pt,data\preprocessed\features\z_v\FAKE_T3_1007_ITH_HAP_XX__AUDIO_1007_ITH_NEU_XX_sadtalker.pt
FAKE_T3_1007_ITH_SAD_XX__AUDIO_1007_ITH_ANG_XX_sadtalker,track3,1,crema_1007,ANG,SAD,-1,1,1,1,,data\preprocessed\features\z_at\FAKE_T3_1007_ITH_SAD_XX__AUDIO_1007_ITH_ANG_XX_sadtalker.pt,data\preprocessed\features\z_v\FAKE_T3_1007_ITH_SAD_XX__AUDIO_1007_ITH_ANG_XX_sadtalker.pt
FAKE_T3_1007_ITS_DIS_XX__AUDIO_1007_ITS_FEA_XX_sadtalker,track3,1,crema_1007,FEA,DIS,-1,1,1,1,,data\preprocessed\features\z_at\FAKE_T3_1007_ITS_DIS_XX__AUDIO_1007_ITS_FEA_XX_sadtalker.pt,data\preprocessed\features\z_v\FAKE_T3_1007_ITS_DIS_XX__AUDIO_1007_ITS_FEA_XX_sadtalker.pt
FAKE_T3_1007_ITS_HAP_XX__AUDIO_1007_ITS_NEU_XX_sadtalker,track3,1,crema_1007,NEU,HAP,-1,1,1,1,,data\preprocessed\features\z_at\FAKE_T3_1007_ITS_HAP_XX__AUDIO_1007_ITS_NEU_XX_sadtalker.pt,data\preprocessed\features\z_v\FAKE_T3_1007_ITS_HAP_XX__AUDIO_1007_ITS_NEU_XX_sadtalker.pt
FAKE_T3_1007_ITS_NEU_XX__AUDIO_1007_ITS_SAD_XX_sadtalker,track3,1,crema_1007,SAD,NEU,-1,1,1,1,,data\preprocessed\features\z_at\FAKE_T3_1007_ITS_NEU_XX__AUDIO_1007_ITS_SAD_XX_sadtalker.pt,data\preprocessed\features\z_v\FAKE_T3_1007_ITS_NEU_XX__AUDIO_1007_ITS_SAD_XX_sadtalker.pt
FAKE_T3_1007_IWL_ANG_XX__AUDIO_1007_IWL_DIS_XX_sadtalker,track3,1,crema_1007,DIS,ANG,-1,1,1,1,,data\preprocessed\features\z_at\FAKE_T3_1007_IWL_ANG_XX__AUDIO_1007_IWL_DIS_XX_sadtalker.pt,data\preprocessed\features\z_v\FAKE_T3_1007_IWL_ANG_XX__AUDIO_1007_IWL_DIS_XX_sadtalker.pt
FAKE_T3_1007_IWL_DIS_XX__AUDIO_1007_IWL_FEA_XX_sadtalker,track3,1,crema_1007,FEA,DIS,-1,1,1,1,,data\preprocessed\features\z_at\FAKE_T3_1007_IWL_DIS_XX__AUDIO_1007_IWL_FEA_XX_sadtalker.pt,data\preprocessed\features\z_v\FAKE_T3_1007_IWL_DIS_XX__AUDIO_1007_IWL_FEA_XX_sadtalker.pt
FAKE_T3_1007_IWL_NEU_XX__AUDIO_1007_IWL_SAD_XX_sadtalker,track3,1,crema_1007,SAD,NEU,-1,1,1,1,,data\preprocessed\features\z_at\FAKE_T3_1007_IWL_NEU_XX__AUDIO_1007_IWL_SAD_XX_sadtalker.pt,data\preprocessed\features\z_v\FAKE_T3_1007_IWL_NEU_XX__AUDIO_1007_IWL_SAD_XX_sadtalker.pt
FAKE_T3_1007_IWL_SAD_XX__AUDIO_1007_IWL_ANG_XX_sadtalker,track3,1,crema_1007,ANG,SAD,-1,1,1,1,,data\preprocessed\features\z_at\FAKE_T3_1007_IWL_SAD_XX__AUDIO_1007_IWL_ANG_XX_sadtalker.pt,data\preprocessed\features\z_v\FAKE_T3_1007_IWL_SAD_XX__AUDIO_1007_IWL_ANG_XX_sadtalker.pt
FAKE_T3_1007_IWW_ANG_XX__AUDIO_1007_IWW_DIS_XX_sadtalker,track3,1,crema_1007,DIS,ANG,-1,1,1,1,,data\preprocessed\features\z_at\FAKE_T3_1007_IWW_ANG_XX__AUDIO_1007_IWW_DIS_XX_sadtalker.pt,data\preprocessed\features\z_v\FAKE_T3_1007_IWW_ANG_XX__AUDIO_1007_IWW_DIS_XX_sadtalker.pt
FAKE_T3_1007_IWW_DIS_XX__AUDIO_1007_IWW_FEA_XX_sadtalker,track3,1,crema_1007,FEA,DIS,-1,1,1,1,,data\preprocessed\features\z_at\FAKE_T3_1007_IWW_DIS_XX__AUDIO_1007_IWW_FEA_XX_sadtalker.pt,data\preprocessed\features\z_v\FAKE_T3_1007_IWW_DIS_XX__AUDIO_1007_IWW_FEA_XX_sadtalker.pt
FAKE_T3_1007_IWW_FEA_XX__AUDIO_1007_IWW_HAP_XX_sadtalker,track3,1,crema_1007,HAP,FEA,-1,1,1,1,,data\preprocessed\features\z_at\FAKE_T3_1007_IWW_FEA_XX__AUDIO_1007_IWW_HAP_XX_sadtalker.pt,data\preprocessed\features\z_v\FAKE_T3_1007_IWW_FEA_XX__AUDIO_1007_IWW_HAP_XX_sadtalker.pt
FAKE_T3_1007_IWW_HAP_XX__AUDIO_1007_IWW_NEU_XX_sadtalker,track3,1,crema_1007,NEU,HAP,-1,1,1,1,,data\preprocessed\features\z_at\FAKE_T3_1007_IWW_HAP_XX__AUDIO_1007_IWW_NEU_XX_sadtalker.pt,data\preprocessed\features\z_v\FAKE_T3_1007_IWW_HAP_XX__AUDIO_1007_IWW_NEU_XX_sadtalker.pt
FAKE_T3_1007_MTI_FEA_XX__AUDIO_1007_MTI_HAP_XX_sadtalker,track3,1,crema_1007,HAP,FEA,-1,1,1,1,,data\preprocessed\features\z_at\FAKE_T3_1007_MTI_FEA_XX__AUDIO_1007_MTI_HAP_XX_sadtalker.pt,data\preprocessed\features\z_v\FAKE_T3_1007_MTI_FEA_XX__AUDIO_1007_MTI_HAP_XX_sadtalker.pt
FAKE_T3_1007_MTI_HAP_XX__AUDIO_1007_MTI_NEU_XX_sadtalker,track3,1,crema_1007,NEU,HAP,-1,1,1,1,,data\preprocessed\features\z_at\FAKE_T3_1007_MTI_HAP_XX__AUDIO_1007_MTI_NEU_XX_sadtalker.pt,data\preprocessed\features\z_v\FAKE_T3_1007_MTI_HAP_XX__AUDIO_1007_MTI_NEU_XX_sadtalker.pt
FAKE_T3_1007_TAI_DIS_XX__AUDIO_1007_TAI_FEA_XX_sadtalker,track3,1,crema_1007,FEA,DIS,-1,1,1,1,,data\preprocessed\features\z_at\FAKE_T3_1007_TAI_DIS_XX__AUDIO_1007_TAI_FEA_XX_sadtalker.pt,data\preprocessed\features\z_v\FAKE_T3_1007_TAI_DIS_XX__AUDIO_1007_TAI_FEA_XX_sadtalker.pt
FAKE_T3_1007_TAI_FEA_XX__AUDIO_1007_TAI_HAP_XX_sadtalker,track3,1,crema_1007,HAP,FEA,-1,1,1,1,,data\preprocessed\features\z_at\FAKE_T3_1007_TAI_FEA_XX__AUDIO_1007_TAI_HAP_XX_sadtalker.pt,data\preprocessed\features\z_v\FAKE_T3_1007_TAI_FEA_XX__AUDIO_1007_TAI_HAP_XX_sadtalker.pt
FAKE_T3_1007_TAI_SAD_XX__AUDIO_1007_TAI_ANG_XX_sadtalker,track3,1,crema_1007,ANG,SAD,-1,1,1,1,,data\preprocessed\features\z_at\FAKE_T3_1007_TAI_SAD_XX__AUDIO_1007_TAI_ANG_XX_sadtalker.pt,data\preprocessed\features\z_v\FAKE_T3_1007_TAI_SAD_XX__AUDIO_1007_TAI_ANG_XX_sadtalker.pt
FAKE_T3_1007_TIE_DIS_XX__AUDIO_1007_TIE_FEA_XX_sadtalker,track3,1,crema_1007,FEA,DIS,-1,1,1,1,,data\preprocessed\features\z_at\FAKE_T3_1007_TIE_DIS_XX__AUDIO_1007_TIE_FEA_XX_sadtalker.pt,data\preprocessed\features\z_v\FAKE_T3_1007_TIE_DIS_XX__AUDIO_1007_TIE_FEA_XX_sadtalker.pt
FAKE_T3_1007_TIE_FEA_XX__AUDIO_1007_TIE_HAP_XX_sadtalker,track3,1,crema_1007,HAP,FEA,-1,1,1,1,,data\preprocessed\features\z_at\FAKE_T3_1007_TIE_FEA_XX__AUDIO_1007_TIE_HAP_XX_sadtalker.pt,data\preprocessed\features\z_v\FAKE_T3_1007_TIE_FEA_XX__AUDIO_1007_TIE_HAP_XX_sadtalker.pt
FAKE_T3_1007_TSI_ANG_XX__AUDIO_1007_TSI_DIS_XX_sadtalker,track3,1,crema_1007,DIS,ANG,-1,1,1,1,,data\preprocessed\features\z_at\FAKE_T3_1007_TSI_ANG_XX__AUDIO_1007_TSI_DIS_XX_sadtalker.pt,data\preprocessed\features\z_v\FAKE_T3_1007_TSI_ANG_XX__AUDIO_1007_TSI_DIS_XX_sadtalker.pt
FAKE_T3_1007_TSI_FEA_XX__AUDIO_1007_TSI_HAP_XX_sadtalker,track3,1,crema_1007,HAP,FEA,-1,1,1,1,,data\preprocessed\features\z_at\FAKE_T3_1007_TSI_FEA_XX__AUDIO_1007_TSI_HAP_XX_sadtalker.pt,data\preprocessed\features\z_v\FAKE_T3_1007_TSI_FEA_XX__AUDIO_1007_TSI_HAP_XX_sadtalker.pt
FAKE_T3_1007_TSI_NEU_XX__AUDIO_1007_TSI_SAD_XX_sadtalker,track3,1,crema_1007,SAD,NEU,-1,1,1,1,,data\preprocessed\features\z_at\FAKE_T3_1007_TSI_NEU_XX__AUDIO_1007_TSI_SAD_XX_sadtalker.pt,data\preprocessed\features\z_v\FAKE_T3_1007_TSI_NEU_XX__AUDIO_1007_TSI_SAD_XX_sadtalker.pt
FAKE_T3_1007_WSI_ANG_XX__AUDIO_1007_WSI_DIS_XX_sadtalker,track3,1,crema_1007,DIS,ANG,-1,1,1,1,,data\preprocessed\features\z_at\FAKE_T3_1007_WSI_ANG_XX__AUDIO_1007_WSI_DIS_XX_sadtalker.pt,data\preprocessed\features\z_v\FAKE_T3_1007_WSI_ANG_XX__AUDIO_1007_WSI_DIS_XX_sadtalker.pt
FAKE_T3_1007_WSI_NEU_XX__AUDIO_1007_WSI_SAD_XX_sadtalker,track3,1,crema_1007,SAD,NEU,-1,1,1,1,,data\preprocessed\features\z_at\FAKE_T3_1007_WSI_NEU_XX__AUDIO_1007_WSI_SAD_XX_sadtalker.pt,data\preprocessed\features\z_v\FAKE_T3_1007_WSI_NEU_XX__AUDIO_1007_WSI_SAD_XX_sadtalker.pt
FAKE_T3_1007_WSI_SAD_XX__AUDIO_1007_WSI_ANG_XX_sadtalker,track3,1,crema_1007,ANG,SAD,-1,1,1,1,,data\preprocessed\features\z_at\FAKE_T3_1007_WSI_SAD_XX__AUDIO_1007_WSI_ANG_XX_sadtalker.pt,data\preprocessed\features\z_v\FAKE_T3_1007_WSI_SAD_XX__AUDIO_1007_WSI_ANG_XX_sadtalker.pt
FAKE_T3_1008_DFA_ANG_XX__AUDIO_1008_DFA_DIS_XX_sadtalker,track3,1,crema_1008,DIS,ANG,-1,1,1,1,,data\preprocessed\features\z_at\FAKE_T3_1008_DFA_ANG_XX__AUDIO_1008_DFA_DIS_XX_sadtalker.pt,data\preprocessed\features\z_v\FAKE_T3_1008_DFA_ANG_XX__AUDIO_1008_DFA_DIS_XX_sadtalker.pt
FAKE_T3_1008_DFA_DIS_XX__AUDIO_1008_DFA_FEA_XX_sadtalker,track3,1,crema_1008,FEA,DIS,-1,1,1,1,,data\preprocessed\features\z_at\FAKE_T3_1008_DFA_DIS_XX__AUDIO_1008_DFA_FEA_XX_sadtalker.pt,data\preprocessed\features\z_v\FAKE_T3_1008_DFA_DIS_XX__AUDIO_1008_DFA_FEA_XX_sadtalker.pt
FAKE_T3_1008_DFA_HAP_XX__AUDIO_1008_DFA_NEU_XX_sadtalker,track3,1,crema_1008,NEU,HAP,-1,1,1,1,,data\preprocessed\features\z_at\FAKE_T3_1008_DFA_HAP_XX__AUDIO_1008_DFA_NEU_XX_sadtalker.pt,data\preprocessed\features\z_v\FAKE_T3_1008_DFA_HAP_XX__AUDIO_1008_DFA_NEU_XX_sadtalker.pt
FAKE_T3_1008_DFA_SAD_XX__AUDIO_1008_DFA_ANG_XX_sadtalker,track3,1,crema_1008,ANG,SAD,-1,1,1,1,,data\preprocessed\features\z_at\FAKE_T3_1008_DFA_SAD_XX__AUDIO_1008_DFA_ANG_XX_sadtalker.pt,data\preprocessed\features\z_v\FAKE_T3_1008_DFA_SAD_XX__AUDIO_1008_DFA_ANG_XX_sadtalker.pt
FAKE_T3_1008_IEO_ANG_HI__AUDIO_1008_IEO_DIS_HI_sadtalker,track3,1,crema_1008,DIS,ANG,-1,1,1,1,,data\preprocessed\features\z_at\FAKE_T3_1008_IEO_ANG_HI__AUDIO_1008_IEO_DIS_HI_sadtalker.pt,data\preprocessed\features\z_v\FAKE_T3_1008_IEO_ANG_HI__AUDIO_1008_IEO_DIS_HI_sadtalker.pt
FAKE_T3_1008_IEO_ANG_MD__AUDIO_1008_IEO_DIS_MD_sadtalker,track3,1,crema_1008,DIS,ANG,-1,1,1,1,,data\preprocessed\features\z_at\FAKE_T3_1008_IEO_ANG_MD__AUDIO_1008_IEO_DIS_MD_sadtalker.pt,data\preprocessed\features\z_v\FAKE_T3_1008_IEO_ANG_MD__AUDIO_1008_IEO_DIS_MD_sadtalker.pt
FAKE_T3_1008_IEO_FEA_HI__AUDIO_1008_IEO_HAP_HI_sadtalker,track3,1,crema_1008,HAP,FEA,-1,1,1,1,,data\preprocessed\features\z_at\FAKE_T3_1008_IEO_FEA_HI__AUDIO_1008_IEO_HAP_HI_sadtalker.pt,data\preprocessed\features\z_v\FAKE_T3_1008_IEO_FEA_HI__AUDIO_1008_IEO_HAP_HI_sadtalker.pt
FAKE_T3_1008_IEO_FEA_LO__AUDIO_1008_IEO_HAP_LO_sadtalker,track3,1,crema_1008,HAP,FEA,-1,1,1,1,,data\preprocessed\features\z_at\FAKE_T3_1008_IEO_FEA_LO__AUDIO_1008_IEO_HAP_LO_sadtalker.pt,data\preprocessed\features\z_v\FAKE_T3_1008_IEO_FEA_LO__AUDIO_1008_IEO_HAP_LO_sadtalker.pt
FAKE_T3_1008_IEO_FEA_MD__AUDIO_1008_IEO_HAP_MD_sadtalker,track3,1,crema_1008,HAP,FEA,-1,1,1,1,,data\preprocessed\features\z_at\FAKE_T3_1008_IEO_FEA_MD__AUDIO_1008_IEO_HAP_MD_sadtalker.pt,data\preprocessed\features\z_v\FAKE_T3_1008_IEO_FEA_MD__AUDIO_1008_IEO_HAP_MD_sadtalker.pt
FAKE_T3_1008_IEO_SAD_HI__AUDIO_1008_IEO_ANG_HI_sadtalker,track3,1,crema_1008,ANG,SAD,-1,1,1,1,,data\preprocessed\features\z_at\FAKE_T3_1008_IEO_SAD_HI__AUDIO_1008_IEO_ANG_HI_sadtalker.pt,data\preprocessed\features\z_v\FAKE_T3_1008_IEO_SAD_HI__AUDIO_1008_IEO_ANG_HI_sadtalker.pt
FAKE_T3_1008_IEO_SAD_LO__AUDIO_1008_IEO_ANG_LO_sadtalker,track3,1,crema_1008,ANG,SAD,-1,1,1,1,,data\preprocessed\features\z_at\FAKE_T3_1008_IEO_SAD_LO__AUDIO_1008_IEO_ANG_LO_sadtalker.pt,data\preprocessed\features\z_v\FAKE_T3_1008_IEO_SAD_LO__AUDIO_1008_IEO_ANG_LO_sadtalker.pt
FAKE_T3_1008_IEO_SAD_MD__AUDIO_1008_IEO_ANG_MD_sadtalker,track3,1,crema_1008,ANG,SAD,-1,1,1,1,,data\preprocessed\features\z_at\FAKE_T3_1008_IEO_SAD_MD__AUDIO_1008_IEO_ANG_MD_sadtalker.pt,data\preprocessed\features\z_v\FAKE_T3_1008_IEO_SAD_MD__AUDIO_1008_IEO_ANG_MD_sadtalker.pt
FAKE_T3_1008_IOM_ANG_XX__AUDIO_1008_IOM_DIS_XX_sadtalker,track3,1,crema_1008,DIS,ANG,-1,1,1,1,,data\preprocessed\features\z_at\FAKE_T3_1008_IOM_ANG_XX__AUDIO_1008_IOM_DIS_XX_sadtalker.pt,data\preprocessed\features\z_v\FAKE_T3_1008_IOM_ANG_XX__AUDIO_1008_IOM_DIS_XX_sadtalker.pt
FAKE_T3_1008_IOM_HAP_XX__AUDIO_1008_IOM_NEU_XX_sadtalker,track3,1,crema_1008,NEU,HAP,-1,1,1,1,,data\preprocessed\features\z_at\FAKE_T3_1008_IOM_HAP_XX__AUDIO_1008_IOM_NEU_XX_sadtalker.pt,data\preprocessed\features\z_v\FAKE_T3_1008_IOM_HAP_XX__AUDIO_1008_IOM_NEU_XX_sadtalker.pt
FAKE_T3_1008_IOM_NEU_XX__AUDIO_1008_IOM_SAD_XX_sadtalker,track3,1,crema_1008,SAD,NEU,-1,1,1,1,,data\preprocessed\features\z_at\FAKE_T3_1008_IOM_NEU_XX__AUDIO_1008_IOM_SAD_XX_sadtalker.pt,data\preprocessed\features\z_v\FAKE_T3_1008_IOM_NEU_XX__AUDIO_1008_IOM_SAD_XX_sadtalker.pt
FAKE_T3_1008_ITH_HAP_XX__AUDIO_1008_ITH_NEU_XX_sadtalker,track3,1,crema_1008,NEU,HAP,-1,1,1,1,,data\preprocessed\features\z_at\FAKE_T3_1008_ITH_HAP_XX__AUDIO_1008_ITH_NEU_XX_sadtalker.pt,data\preprocessed\features\z_v\FAKE_T3_1008_ITH_HAP_XX__AUDIO_1008_ITH_NEU_XX_sadtalker.pt
FAKE_T3_1008_ITH_SAD_XX__AUDIO_1008_ITH_ANG_XX_sadtalker,track3,1,crema_1008,ANG,SAD,-1,1,1,1,,data\preprocessed\features\z_at\FAKE_T3_1008_ITH_SAD_XX__AUDIO_1008_ITH_ANG_XX_sadtalker.pt,data\preprocessed\features\z_v\FAKE_T3_1008_ITH_SAD_XX__AUDIO_1008_ITH_ANG_XX_sadtalker.pt
FAKE_T3_1008_ITS_DIS_XX__AUDIO_1008_ITS_FEA_XX_sadtalker,track3,1,crema_1008,FEA,DIS,-1,1,1,1,,data\preprocessed\features\z_at\FAKE_T3_1008_ITS_DIS_XX__AUDIO_1008_ITS_FEA_XX_sadtalker.pt,data\preprocessed\features\z_v\FAKE_T3_1008_ITS_DIS_XX__AUDIO_1008_ITS_FEA_XX_sadtalker.pt
FAKE_T3_1008_ITS_FEA_XX__AUDIO_1008_ITS_HAP_XX_sadtalker,track3,1,crema_1008,HAP,FEA,-1,1,1,1,,data\preprocessed\features\z_at\FAKE_T3_1008_ITS_FEA_XX__AUDIO_1008_ITS_HAP_XX_sadtalker.pt,data\preprocessed\features\z_v\FAKE_T3_1008_ITS_FEA_XX__AUDIO_1008_ITS_HAP_XX_sadtalker.pt
FAKE_T3_1008_ITS_NEU_XX__AUDIO_1008_ITS_SAD_XX_sadtalker,track3,1,crema_1008,SAD,NEU,-1,1,1,1,,data\preprocessed\features\z_at\FAKE_T3_1008_ITS_NEU_XX__AUDIO_1008_ITS_SAD_XX_sadtalker.pt,data\preprocessed\features\z_v\FAKE_T3_1008_ITS_NEU_XX__AUDIO_1008_ITS_SAD_XX_sadtalker.pt
FAKE_T3_1008_IWL_FEA_XX__AUDIO_1008_IWL_HAP_XX_sadtalker,track3,1,crema_1008,HAP,FEA,-1,1,1,1,,data\preprocessed\features\z_at\FAKE_T3_1008_IWL_FEA_XX__AUDIO_1008_IWL_HAP_XX_sadtalker.pt,data\preprocessed\features\z_v\FAKE_T3_1008_IWL_FEA_XX__AUDIO_1008_IWL_HAP_XX_sadtalker.pt
FAKE_T3_1008_IWL_HAP_XX__AUDIO_1008_IWL_NEU_XX_sadtalker,track3,1,crema_1008,NEU,HAP,-1,1,1,1,,data\preprocessed\features\z_at\FAKE_T3_1008_IWL_HAP_XX__AUDIO_1008_IWL_NEU_XX_sadtalker.pt,data\preprocessed\features\z_v\FAKE_T3_1008_IWL_HAP_XX__AUDIO_1008_IWL_NEU_XX_sadtalker.pt
FAKE_T3_1008_IWL_SAD_XX__AUDIO_1008_IWL_ANG_XX_sadtalker,track3,1,crema_1008,ANG,SAD,-1,1,1,1,,data\preprocessed\features\z_at\FAKE_T3_1008_IWL_SAD_XX__AUDIO_1008_IWL_ANG_XX_sadtalker.pt,data\preprocessed\features\z_v\FAKE_T3_1008_IWL_SAD_XX__AUDIO_1008_IWL_ANG_XX_sadtalker.pt
FAKE_T3_1008_IWW_ANG_XX__AUDIO_1008_IWW_DIS_XX_sadtalker,track3,1,crema_1008,DIS,ANG,-1,1,1,1,,data\preprocessed\features\z_at\FAKE_T3_1008_IWW_ANG_XX__AUDIO_1008_IWW_DIS_XX_sadtalker.pt,data\preprocessed\features\z_v\FAKE_T3_1008_IWW_ANG_XX__AUDIO_1008_IWW_DIS_XX_sadtalker.pt
FAKE_T3_1008_IWW_DIS_XX__AUDIO_1008_IWW_FEA_XX_sadtalker,track3,1,crema_1008,FEA,DIS,-1,1,1,1,,data\preprocessed\features\z_at\FAKE_T3_1008_IWW_DIS_XX__AUDIO_1008_IWW_FEA_XX_sadtalker.pt,data\preprocessed\features\z_v\FAKE_T3_1008_IWW_DIS_XX__AUDIO_1008_IWW_FEA_XX_sadtalker.pt
FAKE_T3_1008_IWW_FEA_XX__AUDIO_1008_IWW_HAP_XX_sadtalker,track3,1,crema_1008,HAP,FEA,-1,1,1,1,,data\preprocessed\features\z_at\FAKE_T3_1008_IWW_FEA_XX__AUDIO_1008_IWW_HAP_XX_sadtalker.pt,data\preprocessed\features\z_v\FAKE_T3_1008_IWW_FEA_XX__AUDIO_1008_IWW_HAP_XX_sadtalker.pt
FAKE_T3_1008_IWW_NEU_XX__AUDIO_1008_IWW_SAD_XX_sadtalker,track3,1,crema_1008,SAD,NEU,-1,1,1,1,,data\preprocessed\features\z_at\FAKE_T3_1008_IWW_NEU_XX__AUDIO_1008_IWW_SAD_XX_sadtalker.pt,data\preprocessed\features\z_v\FAKE_T3_1008_IWW_NEU_XX__AUDIO_1008_IWW_SAD_XX_sadtalker.pt
FAKE_T3_1008_MTI_DIS_XX__AUDIO_1008_MTI_FEA_XX_sadtalker,track3,1,crema_1008,FEA,DIS,-1,1,1,1,,data\preprocessed\features\z_at\FAKE_T3_1008_MTI_DIS_XX__AUDIO_1008_MTI_FEA_XX_sadtalker.pt,data\preprocessed\features\z_v\FAKE_T3_1008_MTI_DIS_XX__AUDIO_1008_MTI_FEA_XX_sadtalker.pt
FAKE_T3_1008_MTI_HAP_XX__AUDIO_1008_MTI_NEU_XX_sadtalker,track3,1,crema_1008,NEU,HAP,-1,1,1,1,,data\preprocessed\features\z_at\FAKE_T3_1008_MTI_HAP_XX__AUDIO_1008_MTI_NEU_XX_sadtalker.pt,data\preprocessed\features\z_v\FAKE_T3_1008_MTI_HAP_XX__AUDIO_1008_MTI_NEU_XX_sadtalker.pt
FAKE_T3_1008_MTI_NEU_XX__AUDIO_1008_MTI_SAD_XX_sadtalker,track3,1,crema_1008,SAD,NEU,-1,1,1,1,,data\preprocessed\features\z_at\FAKE_T3_1008_MTI_NEU_XX__AUDIO_1008_MTI_SAD_XX_sadtalker.pt,data\preprocessed\features\z_v\FAKE_T3_1008_MTI_NEU_XX__AUDIO_1008_MTI_SAD_XX_sadtalker.pt
FAKE_T3_1008_TAI_FEA_XX__AUDIO_1008_TAI_HAP_XX_sadtalker,track3,1,crema_1008,HAP,FEA,-1,1,1,1,,data\preprocessed\features\z_at\FAKE_T3_1008_TAI_FEA_XX__AUDIO_1008_TAI_HAP_XX_sadtalker.pt,data\preprocessed\features\z_v\FAKE_T3_1008_TAI_FEA_XX__AUDIO_1008_TAI_HAP_XX_sadtalker.pt
FAKE_T3_1008_TAI_NEU_XX__AUDIO_1008_TAI_SAD_XX_sadtalker,track3,1,crema_1008,SAD,NEU,-1,1,1,1,,data\preprocessed\features\z_at\FAKE_T3_1008_TAI_NEU_XX__AUDIO_1008_TAI_SAD_XX_sadtalker.pt,data\preprocessed\features\z_v\FAKE_T3_1008_TAI_NEU_XX__AUDIO_1008_TAI_SAD_XX_sadtalker.pt
FAKE_T3_1008_TIE_DIS_XX__AUDIO_1008_TIE_FEA_XX_sadtalker,track3,1,crema_1008,FEA,DIS,-1,1,1,1,,data\preprocessed\features\z_at\FAKE_T3_1008_TIE_DIS_XX__AUDIO_1008_TIE_FEA_XX_sadtalker.pt,data\preprocessed\features\z_v\FAKE_T3_1008_TIE_DIS_XX__AUDIO_1008_TIE_FEA_XX_sadtalker.pt
FAKE_T3_1008_TIE_FEA_XX__AUDIO_1008_TIE_HAP_XX_sadtalker,track3,1,crema_1008,HAP,FEA,-1,1,1,1,,data\preprocessed\features\z_at\FAKE_T3_1008_TIE_FEA_XX__AUDIO_1008_TIE_HAP_XX_sadtalker.pt,data\preprocessed\features\z_v\FAKE_T3_1008_TIE_FEA_XX__AUDIO_1008_TIE_HAP_XX_sadtalker.pt
FAKE_T3_1008_TIE_NEU_XX__AUDIO_1008_TIE_SAD_XX_sadtalker,track3,1,crema_1008,SAD,NEU,-1,1,1,1,,data\preprocessed\features\z_at\FAKE_T3_1008_TIE_NEU_XX__AUDIO_1008_TIE_SAD_XX_sadtalker.pt,data\preprocessed\features\z_v\FAKE_T3_1008_TIE_NEU_XX__AUDIO_1008_TIE_SAD_XX_sadtalker.pt
FAKE_T3_1008_TSI_ANG_XX__AUDIO_1008_TSI_DIS_XX_sadtalker,track3,1,crema_1008,DIS,ANG,-1,1,1,1,,data\preprocessed\features\z_at\FAKE_T3_1008_TSI_ANG_XX__AUDIO_1008_TSI_DIS_XX_sadtalker.pt,data\preprocessed\features\z_v\FAKE_T3_1008_TSI_ANG_XX__AUDIO_1008_TSI_DIS_XX_sadtalker.pt
FAKE_T3_1008_TSI_DIS_XX__AUDIO_1008_TSI_FEA_XX_sadtalker,track3,1,crema_1008,FEA,DIS,-1,1,1,1,,data\preprocessed\features\z_at\FAKE_T3_1008_TSI_DIS_XX__AUDIO_1008_TSI_FEA_XX_sadtalker.pt,data\preprocessed\features\z_v\FAKE_T3_1008_TSI_DIS_XX__AUDIO_1008_TSI_FEA_XX_sadtalker.pt
FAKE_T3_1008_TSI_NEU_XX__AUDIO_1008_TSI_SAD_XX_sadtalker,track3,1,crema_1008,SAD,NEU,-1,1,1,1,,data\preprocessed\features\z_at\FAKE_T3_1008_TSI_NEU_XX__AUDIO_1008_TSI_SAD_XX_sadtalker.pt,data\preprocessed\features\z_v\FAKE_T3_1008_TSI_NEU_XX__AUDIO_1008_TSI_SAD_XX_sadtalker.pt
FAKE_T3_1009_DFA_ANG_XX__AUDIO_1009_DFA_DIS_XX_sadtalker,track3,1,crema_1009,DIS,ANG,-1,1,1,1,,data\preprocessed\features\z_at\FAKE_T3_1009_DFA_ANG_XX__AUDIO_1009_DFA_DIS_XX_sadtalker.pt,data\preprocessed\features\z_v\FAKE_T3_1009_DFA_ANG_XX__AUDIO_1009_DFA_DIS_XX_sadtalker.pt
FAKE_T3_1009_DFA_HAP_XX__AUDIO_1009_DFA_NEU_XX_sadtalker,track3,1,crema_1009,NEU,HAP,-1,1,1,1,,data\preprocessed\features\z_at\FAKE_T3_1009_DFA_HAP_XX__AUDIO_1009_DFA_NEU_XX_sadtalker.pt,data\preprocessed\features\z_v\FAKE_T3_1009_DFA_HAP_XX__AUDIO_1009_DFA_NEU_XX_sadtalker.pt
FAKE_T3_1009_DFA_NEU_XX__AUDIO_1009_DFA_SAD_XX_sadtalker,track3,1,crema_1009,SAD,NEU,-1,1,1,1,,data\preprocessed\features\z_at\FAKE_T3_1009_DFA_NEU_XX__AUDIO_1009_DFA_SAD_XX_sadtalker.pt,data\preprocessed\features\z_v\FAKE_T3_1009_DFA_NEU_XX__AUDIO_1009_DFA_SAD_XX_sadtalker.pt
FAKE_T3_1009_IEO_ANG_HI__AUDIO_1009_IEO_DIS_HI_sadtalker,track3,1,crema_1009,DIS,ANG,-1,1,1,1,,data\preprocessed\features\z_at\FAKE_T3_1009_IEO_ANG_HI__AUDIO_1009_IEO_DIS_HI_sadtalker.pt,data\preprocessed\features\z_v\FAKE_T3_1009_IEO_ANG_HI__AUDIO_1009_IEO_DIS_HI_sadtalker.pt
FAKE_T3_1009_IEO_ANG_LO__AUDIO_1009_IEO_DIS_LO_sadtalker,track3,1,crema_1009,DIS,ANG,-1,1,1,1,,data\preprocessed\features\z_at\FAKE_T3_1009_IEO_ANG_LO__AUDIO_1009_IEO_DIS_LO_sadtalker.pt,data\preprocessed\features\z_v\FAKE_T3_1009_IEO_ANG_LO__AUDIO_1009_IEO_DIS_LO_sadtalker.pt
FAKE_T3_1009_IEO_ANG_MD__AUDIO_1009_IEO_DIS_MD_sadtalker,track3,1,crema_1009,DIS,ANG,-1,1,1,1,,data\preprocessed\features\z_at\FAKE_T3_1009_IEO_ANG_MD__AUDIO_1009_IEO_DIS_MD_sadtalker.pt,data\preprocessed\features\z_v\FAKE_T3_1009_IEO_ANG_MD__AUDIO_1009_IEO_DIS_MD_sadtalker.pt
FAKE_T3_1009_IEO_FEA_HI__AUDIO_1009_IEO_HAP_HI_sadtalker,track3,1,crema_1009,HAP,FEA,-1,1,1,1,,data\preprocessed\features\z_at\FAKE_T3_1009_IEO_FEA_HI__AUDIO_1009_IEO_HAP_HI_sadtalker.pt,data\preprocessed\features\z_v\FAKE_T3_1009_IEO_FEA_HI__AUDIO_1009_IEO_HAP_HI_sadtalker.pt
FAKE_T3_1009_IEO_FEA_LO__AUDIO_1009_IEO_HAP_LO_sadtalker,track3,1,crema_1009,HAP,FEA,-1,1,1,1,,data\preprocessed\features\z_at\FAKE_T3_1009_IEO_FEA_LO__AUDIO_1009_IEO_HAP_LO_sadtalker.pt,data\preprocessed\features\z_v\FAKE_T3_1009_IEO_FEA_LO__AUDIO_1009_IEO_HAP_LO_sadtalker.pt
FAKE_T3_1009_IEO_NEU_XX__AUDIO_1009_IEO_SAD_HI_sadtalker,track3,1,crema_1009,SAD,NEU,-1,1,1,1,,data\preprocessed\features\z_at\FAKE_T3_1009_IEO_NEU_XX__AUDIO_1009_IEO_SAD_HI_sadtalker.pt,data\preprocessed\features\z_v\FAKE_T3_1009_IEO_NEU_XX__AUDIO_1009_IEO_SAD_HI_sadtalker.pt
FAKE_T3_1009_IEO_SAD_LO__AUDIO_1009_IEO_ANG_LO_sadtalker,track3,1,crema_1009,ANG,SAD,-1,1,1,1,,data\preprocessed\features\z_at\FAKE_T3_1009_IEO_SAD_LO__AUDIO_1009_IEO_ANG_LO_sadtalker.pt,data\preprocessed\features\z_v\FAKE_T3_1009_IEO_SAD_LO__AUDIO_1009_IEO_ANG_LO_sadtalker.pt
FAKE_T3_1009_IOM_ANG_XX__AUDIO_1009_IOM_DIS_XX_sadtalker,track3,1,crema_1009,DIS,ANG,-1,1,1,1,,data\preprocessed\features\z_at\FAKE_T3_1009_IOM_ANG_XX__AUDIO_1009_IOM_DIS_XX_sadtalker.pt,data\preprocessed\features\z_v\FAKE_T3_1009_IOM_ANG_XX__AUDIO_1009_IOM_DIS_XX_sadtalker.pt
FAKE_T3_1009_IOM_HAP_XX__AUDIO_1009_IOM_NEU_XX_sadtalker,track3,1,crema_1009,NEU,HAP,-1,1,1,1,,data\preprocessed\features\z_at\FAKE_T3_1009_IOM_HAP_XX__AUDIO_1009_IOM_NEU_XX_sadtalker.pt,data\preprocessed\features\z_v\FAKE_T3_1009_IOM_HAP_XX__AUDIO_1009_IOM_NEU_XX_sadtalker.pt
FAKE_T3_1009_ITH_ANG_XX__AUDIO_1009_ITH_DIS_XX_sadtalker,track3,1,crema_1009,DIS,ANG,-1,1,1,1,,data\preprocessed\features\z_at\FAKE_T3_1009_ITH_ANG_XX__AUDIO_1009_ITH_DIS_XX_sadtalker.pt,data\preprocessed\features\z_v\FAKE_T3_1009_ITH_ANG_XX__AUDIO_1009_ITH_DIS_XX_sadtalker.pt
FAKE_T3_1009_ITH_NEU_XX__AUDIO_1009_ITH_SAD_XX_sadtalker,track3,1,crema_1009,SAD,NEU,-1,1,1,1,,data\preprocessed\features\z_at\FAKE_T3_1009_ITH_NEU_XX__AUDIO_1009_ITH_SAD_XX_sadtalker.pt,data\preprocessed\features\z_v\FAKE_T3_1009_ITH_NEU_XX__AUDIO_1009_ITH_SAD_XX_sadtalker.pt
FAKE_T3_1009_ITS_ANG_XX__AUDIO_1009_ITS_DIS_XX_sadtalker,track3,1,crema_1009,DIS,ANG,-1,1,1,1,,data\preprocessed\features\z_at\FAKE_T3_1009_ITS_ANG_XX__AUDIO_1009_ITS_DIS_XX_sadtalker.pt,data\preprocessed\features\z_v\FAKE_T3_1009_ITS_ANG_XX__AUDIO_1009_ITS_DIS_XX_sadtalker.pt
FAKE_T3_1009_ITS_DIS_XX__AUDIO_1009_ITS_FEA_XX_sadtalker,track3,1,crema_1009,FEA,DIS,-1,1,1,1,,data\preprocessed\features\z_at\FAKE_T3_1009_ITS_DIS_XX__AUDIO_1009_ITS_FEA_XX_sadtalker.pt,data\preprocessed\features\z_v\FAKE_T3_1009_ITS_DIS_XX__AUDIO_1009_ITS_FEA_XX_sadtalker.pt
FAKE_T3_1009_ITS_FEA_XX__AUDIO_1009_ITS_HAP_XX_sadtalker,track3,1,crema_1009,HAP,FEA,-1,1,1,1,,data\preprocessed\features\z_at\FAKE_T3_1009_ITS_FEA_XX__AUDIO_1009_ITS_HAP_XX_sadtalker.pt,data\preprocessed\features\z_v\FAKE_T3_1009_ITS_FEA_XX__AUDIO_1009_ITS_HAP_XX_sadtalker.pt
FAKE_T3_1009_ITS_HAP_XX__AUDIO_1009_ITS_NEU_XX_sadtalker,track3,1,crema_1009,NEU,HAP,-1,1,1,1,,data\preprocessed\features\z_at\FAKE_T3_1009_ITS_HAP_XX__AUDIO_1009_ITS_NEU_XX_sadtalker.pt,data\preprocessed\features\z_v\FAKE_T3_1009_ITS_HAP_XX__AUDIO_1009_ITS_NEU_XX_sadtalker.pt
FAKE_T3_1009_IWL_ANG_XX__AUDIO_1009_IWL_DIS_XX_sadtalker,track3,1,crema_1009,DIS,ANG,-1,1,1,1,,data\preprocessed\features\z_at\FAKE_T3_1009_IWL_ANG_XX__AUDIO_1009_IWL_DIS_XX_sadtalker.pt,data\preprocessed\features\z_v\FAKE_T3_1009_IWL_ANG_XX__AUDIO_1009_IWL_DIS_XX_sadtalker.pt
FAKE_T3_1009_IWL_FEA_XX__AUDIO_1009_IWL_HAP_XX_sadtalker,track3,1,crema_1009,HAP,FEA,-1,1,1,1,,data\preprocessed\features\z_at\FAKE_T3_1009_IWL_FEA_XX__AUDIO_1009_IWL_HAP_XX_sadtalker.pt,data\preprocessed\features\z_v\FAKE_T3_1009_IWL_FEA_XX__AUDIO_1009_IWL_HAP_XX_sadtalker.pt
FAKE_T3_1009_IWL_NEU_XX__AUDIO_1009_IWL_SAD_XX_sadtalker,track3,1,crema_1009,SAD,NEU,-1,1,1,1,,data\preprocessed\features\z_at\FAKE_T3_1009_IWL_NEU_XX__AUDIO_1009_IWL_SAD_XX_sadtalker.pt,data\preprocessed\features\z_v\FAKE_T3_1009_IWL_NEU_XX__AUDIO_1009_IWL_SAD_XX_sadtalker.pt
FAKE_T3_1009_IWW_ANG_XX__AUDIO_1009_IWW_DIS_XX_sadtalker,track3,1,crema_1009,DIS,ANG,-1,1,1,1,,data\preprocessed\features\z_at\FAKE_T3_1009_IWW_ANG_XX__AUDIO_1009_IWW_DIS_XX_sadtalker.pt,data\preprocessed\features\z_v\FAKE_T3_1009_IWW_ANG_XX__AUDIO_1009_IWW_DIS_XX_sadtalker.pt
FAKE_T3_1009_IWW_FEA_XX__AUDIO_1009_IWW_HAP_XX_sadtalker,track3,1,crema_1009,HAP,FEA,-1,1,1,1,,data\preprocessed\features\z_at\FAKE_T3_1009_IWW_FEA_XX__AUDIO_1009_IWW_HAP_XX_sadtalker.pt,data\preprocessed\features\z_v\FAKE_T3_1009_IWW_FEA_XX__AUDIO_1009_IWW_HAP_XX_sadtalker.pt
FAKE_T3_1009_IWW_HAP_XX__AUDIO_1009_IWW_NEU_XX_sadtalker,track3,1,crema_1009,NEU,HAP,-1,1,1,1,,data\preprocessed\features\z_at\FAKE_T3_1009_IWW_HAP_XX__AUDIO_1009_IWW_NEU_XX_sadtalker.pt,data\preprocessed\features\z_v\FAKE_T3_1009_IWW_HAP_XX__AUDIO_1009_IWW_NEU_XX_sadtalker.pt
FAKE_T3_1009_IWW_NEU_XX__AUDIO_1009_IWW_SAD_XX_sadtalker,track3,1,crema_1009,SAD,NEU,-1,1,1,1,,data\preprocessed\features\z_at\FAKE_T3_1009_IWW_NEU_XX__AUDIO_1009_IWW_SAD_XX_sadtalker.pt,data\preprocessed\features\z_v\FAKE_T3_1009_IWW_NEU_XX__AUDIO_1009_IWW_SAD_XX_sadtalker.pt
FAKE_T3_1009_TAI_ANG_XX__AUDIO_1009_TAI_DIS_XX_sadtalker,track3,1,crema_1009,DIS,ANG,-1,1,1,1,,data\preprocessed\features\z_at\FAKE_T3_1009_TAI_ANG_XX__AUDIO_1009_TAI_DIS_XX_sadtalker.pt,data\preprocessed\features\z_v\FAKE_T3_1009_TAI_ANG_XX__AUDIO_1009_TAI_DIS_XX_sadtalker.pt
FAKE_T3_1009_TAI_DIS_XX__AUDIO_1009_TAI_FEA_XX_sadtalker,track3,1,crema_1009,FEA,DIS,-1,1,1,1,,data\preprocessed\features\z_at\FAKE_T3_1009_TAI_DIS_XX__AUDIO_1009_TAI_FEA_XX_sadtalker.pt,data\preprocessed\features\z_v\FAKE_T3_1009_TAI_DIS_XX__AUDIO_1009_TAI_FEA_XX_sadtalker.pt
FAKE_T3_1009_TAI_HAP_XX__AUDIO_1009_TAI_NEU_XX_sadtalker,track3,1,crema_1009,NEU,HAP,-1,1,1,1,,data\preprocessed\features\z_at\FAKE_T3_1009_TAI_HAP_XX__AUDIO_1009_TAI_NEU_XX_sadtalker.pt,data\preprocessed\features\z_v\FAKE_T3_1009_TAI_HAP_XX__AUDIO_1009_TAI_NEU_XX_sadtalker.pt
FAKE_T3_1009_TAI_SAD_XX__AUDIO_1009_TAI_ANG_XX_sadtalker,track3,1,crema_1009,ANG,SAD,-1,1,1,1,,data\preprocessed\features\z_at\FAKE_T3_1009_TAI_SAD_XX__AUDIO_1009_TAI_ANG_XX_sadtalker.pt,data\preprocessed\features\z_v\FAKE_T3_1009_TAI_SAD_XX__AUDIO_1009_TAI_ANG_XX_sadtalker.pt
FAKE_T3_1009_TIE_DIS_XX__AUDIO_1009_TIE_FEA_XX_sadtalker,track3,1,crema_1009,FEA,DIS,-1,1,1,1,,data\preprocessed\features\z_at\FAKE_T3_1009_TIE_DIS_XX__AUDIO_1009_TIE_FEA_XX_sadtalker.pt,data\preprocessed\features\z_v\FAKE_T3_1009_TIE_DIS_XX__AUDIO_1009_TIE_FEA_XX_sadtalker.pt
FAKE_T3_1009_TIE_FEA_XX__AUDIO_1009_TIE_HAP_XX_sadtalker,track3,1,crema_1009,HAP,FEA,-1,1,1,1,,data\preprocessed\features\z_at\FAKE_T3_1009_TIE_FEA_XX__AUDIO_1009_TIE_HAP_XX_sadtalker.pt,data\preprocessed\features\z_v\FAKE_T3_1009_TIE_FEA_XX__AUDIO_1009_TIE_HAP_XX_sadtalker.pt
FAKE_T3_1009_TIE_HAP_XX__AUDIO_1009_TIE_NEU_XX_sadtalker,track3,1,crema_1009,NEU,HAP,-1,1,1,1,,data\preprocessed\features\z_at\FAKE_T3_1009_TIE_HAP_XX__AUDIO_1009_TIE_NEU_XX_sadtalker.pt,data\preprocessed\features\z_v\FAKE_T3_1009_TIE_HAP_XX__AUDIO_1009_TIE_NEU_XX_sadtalker.pt
FAKE_T3_1009_TIE_NEU_XX__AUDIO_1009_TIE_SAD_XX_sadtalker,track3,1,crema_1009,SAD,NEU,-1,1,1,1,,data\preprocessed\features\z_at\FAKE_T3_1009_TIE_NEU_XX__AUDIO_1009_TIE_SAD_XX_sadtalker.pt,data\preprocessed\features\z_v\FAKE_T3_1009_TIE_NEU_XX__AUDIO_1009_TIE_SAD_XX_sadtalker.pt
FAKE_T3_1009_TSI_FEA_XX__AUDIO_1009_TSI_HAP_XX_sadtalker,track3,1,crema_1009,HAP,FEA,-1,1,1,1,,data\preprocessed\features\z_at\FAKE_T3_1009_TSI_FEA_XX__AUDIO_1009_TSI_HAP_XX_sadtalker.pt,data\preprocessed\features\z_v\FAKE_T3_1009_TSI_FEA_XX__AUDIO_1009_TSI_HAP_XX_sadtalker.pt
FAKE_T3_1009_TSI_SAD_XX__AUDIO_1009_TSI_ANG_XX_sadtalker,track3,1,crema_1009,ANG,SAD,-1,1,1,1,,data\preprocessed\features\z_at\FAKE_T3_1009_TSI_SAD_XX__AUDIO_1009_TSI_ANG_XX_sadtalker.pt,data\preprocessed\features\z_v\FAKE_T3_1009_TSI_SAD_XX__AUDIO_1009_TSI_ANG_XX_sadtalker.pt
FAKE_T3_1009_WSI_FEA_XX__AUDIO_1009_WSI_HAP_XX_sadtalker,track3,1,crema_1009,HAP,FEA,-1,1,1,1,,data\preprocessed\features\z_at\FAKE_T3_1009_WSI_FEA_XX__AUDIO_1009_WSI_HAP_XX_sadtalker.pt,data\preprocessed\features\z_v\FAKE_T3_1009_WSI_FEA_XX__AUDIO_1009_WSI_HAP_XX_sadtalker.pt
FAKE_T3_1009_WSI_NEU_XX__AUDIO_1009_WSI_SAD_XX_sadtalker,track3,1,crema_1009,SAD,NEU,-1,1,1,1,,data\preprocessed\features\z_at\FAKE_T3_1009_WSI_NEU_XX__AUDIO_1009_WSI_SAD_XX_sadtalker.pt,data\preprocessed\features\z_v\FAKE_T3_1009_WSI_NEU_XX__AUDIO_1009_WSI_SAD_XX_sadtalker.pt
FAKE_T3_1009_WSI_SAD_XX__AUDIO_1009_WSI_ANG_XX_sadtalker,track3,1,crema_1009,ANG,SAD,-1,1,1,1,,data\preprocessed\features\z_at\FAKE_T3_1009_WSI_SAD_XX__AUDIO_1009_WSI_ANG_XX_sadtalker.pt,data\preprocessed\features\z_v\FAKE_T3_1009_WSI_SAD_XX__AUDIO_1009_WSI_ANG_XX_sadtalker.pt
FAKE_T3_1010_DFA_ANG_XX__AUDIO_1010_DFA_DIS_XX_sadtalker,track3,1,crema_1010,DIS,ANG,-1,1,1,1,,data\preprocessed\features\z_at\FAKE_T3_1010_DFA_ANG_XX__AUDIO_1010_DFA_DIS_XX_sadtalker.pt,data\preprocessed\features\z_v\FAKE_T3_1010_DFA_ANG_XX__AUDIO_1010_DFA_DIS_XX_sadtalker.pt
FAKE_T3_1010_DFA_NEU_XX__AUDIO_1010_DFA_SAD_XX_sadtalker,track3,1,crema_1010,SAD,NEU,-1,1,1,1,,data\preprocessed\features\z_at\FAKE_T3_1010_DFA_NEU_XX__AUDIO_1010_DFA_SAD_XX_sadtalker.pt,data\preprocessed\features\z_v\FAKE_T3_1010_DFA_NEU_XX__AUDIO_1010_DFA_SAD_XX_sadtalker.pt
FAKE_T3_1010_DFA_SAD_XX__AUDIO_1010_DFA_ANG_XX_sadtalker,track3,1,crema_1010,ANG,SAD,-1,1,1,1,,data\preprocessed\features\z_at\FAKE_T3_1010_DFA_SAD_XX__AUDIO_1010_DFA_ANG_XX_sadtalker.pt,data\preprocessed\features\z_v\FAKE_T3_1010_DFA_SAD_XX__AUDIO_1010_DFA_ANG_XX_sadtalker.pt
FAKE_T3_1010_IEO_ANG_MD__AUDIO_1010_IEO_DIS_MD_sadtalker,track3,1,crema_1010,DIS,ANG,-1,1,1,1,,data\preprocessed\features\z_at\FAKE_T3_1010_IEO_ANG_MD__AUDIO_1010_IEO_DIS_MD_sadtalker.pt,data\preprocessed\features\z_v\FAKE_T3_1010_IEO_ANG_MD__AUDIO_1010_IEO_DIS_MD_sadtalker.pt
FAKE_T3_1010_IEO_DIS_HI__AUDIO_1010_IEO_FEA_HI_sadtalker,track3,1,crema_1010,FEA,DIS,-1,1,1,1,,data\preprocessed\features\z_at\FAKE_T3_1010_IEO_DIS_HI__AUDIO_1010_IEO_FEA_HI_sadtalker.pt,data\preprocessed\features\z_v\FAKE_T3_1010_IEO_DIS_HI__AUDIO_1010_IEO_FEA_HI_sadtalker.pt
FAKE_T3_1010_IEO_DIS_MD__AUDIO_1010_IEO_FEA_MD_sadtalker,track3,1,crema_1010,FEA,DIS,-1,1,1,1,,data\preprocessed\features\z_at\FAKE_T3_1010_IEO_DIS_MD__AUDIO_1010_IEO_FEA_MD_sadtalker.pt,data\preprocessed\features\z_v\FAKE_T3_1010_IEO_DIS_MD__AUDIO_1010_IEO_FEA_MD_sadtalker.pt
FAKE_T3_1010_IEO_FEA_LO__AUDIO_1010_IEO_HAP_LO_sadtalker,track3,1,crema_1010,HAP,FEA,-1,1,1,1,,data\preprocessed\features\z_at\FAKE_T3_1010_IEO_FEA_LO__AUDIO_1010_IEO_HAP_LO_sadtalker.pt,data\preprocessed\features\z_v\FAKE_T3_1010_IEO_FEA_LO__AUDIO_1010_IEO_HAP_LO_sadtalker.pt
FAKE_T3_1010_IEO_FEA_MD__AUDIO_1010_IEO_HAP_MD_sadtalker,track3,1,crema_1010,HAP,FEA,-1,1,1,1,,data\preprocessed\features\z_at\FAKE_T3_1010_IEO_FEA_MD__AUDIO_1010_IEO_HAP_MD_sadtalker.pt,data\preprocessed\features\z_v\FAKE_T3_1010_IEO_FEA_MD__AUDIO_1010_IEO_HAP_MD_sadtalker.pt
FAKE_T3_1010_IEO_HAP_LO__AUDIO_1010_IEO_NEU_XX_sadtalker,track3,1,crema_1010,NEU,HAP,-1,1,1,1,,data\preprocessed\features\z_at\FAKE_T3_1010_IEO_HAP_LO__AUDIO_1010_IEO_NEU_XX_sadtalker.pt,data\preprocessed\features\z_v\FAKE_T3_1010_IEO_HAP_LO__AUDIO_1010_IEO_NEU_XX_sadtalker.pt
FAKE_T3_1010_IEO_SAD_MD__AUDIO_1010_IEO_ANG_MD_sadtalker,track3,1,crema_1010,ANG,SAD,-1,1,1,1,,data\preprocessed\features\z_at\FAKE_T3_1010_IEO_SAD_MD__AUDIO_1010_IEO_ANG_MD_sadtalker.pt,data\preprocessed\features\z_v\FAKE_T3_1010_IEO_SAD_MD__AUDIO_1010_IEO_ANG_MD_sadtalker.pt
FAKE_T3_1010_IOM_DIS_XX__AUDIO_1010_IOM_FEA_XX_sadtalker,track3,1,crema_1010,FEA,DIS,-1,1,1,1,,data\preprocessed\features\z_at\FAKE_T3_1010_IOM_DIS_XX__AUDIO_1010_IOM_FEA_XX_sadtalker.pt,data\preprocessed\features\z_v\FAKE_T3_1010_IOM_DIS_XX__AUDIO_1010_IOM_FEA_XX_sadtalker.pt
FAKE_T3_1010_IOM_HAP_XX__AUDIO_1010_IOM_NEU_XX_sadtalker,track3,1,crema_1010,NEU,HAP,-1,1,1,1,,data\preprocessed\features\z_at\FAKE_T3_1010_IOM_HAP_XX__AUDIO_1010_IOM_NEU_XX_sadtalker.pt,data\preprocessed\features\z_v\FAKE_T3_1010_IOM_HAP_XX__AUDIO_1010_IOM_NEU_XX_sadtalker.pt
FAKE_T3_1010_IOM_NEU_XX__AUDIO_1010_IOM_SAD_XX_sadtalker,track3,1,crema_1010,SAD,NEU,-1,1,1,1,,data\preprocessed\features\z_at\FAKE_T3_1010_IOM_NEU_XX__AUDIO_1010_IOM_SAD_XX_sadtalker.pt,data\preprocessed\features\z_v\FAKE_T3_1010_IOM_NEU_XX__AUDIO_1010_IOM_SAD_XX_sadtalker.pt
FAKE_T3_1010_IOM_SAD_XX__AUDIO_1010_IOM_ANG_XX_sadtalker,track3,1,crema_1010,ANG,SAD,-1,1,1,1,,data\preprocessed\features\z_at\FAKE_T3_1010_IOM_SAD_XX__AUDIO_1010_IOM_ANG_XX_sadtalker.pt,data\preprocessed\features\z_v\FAKE_T3_1010_IOM_SAD_XX__AUDIO_1010_IOM_ANG_XX_sadtalker.pt
FAKE_T3_1010_ITH_ANG_XX__AUDIO_1010_ITH_DIS_XX_sadtalker,track3,1,crema_1010,DIS,ANG,-1,1,1,1,,data\preprocessed\features\z_at\FAKE_T3_1010_ITH_ANG_XX__AUDIO_1010_ITH_DIS_XX_sadtalker.pt,data\preprocessed\features\z_v\FAKE_T3_1010_ITH_ANG_XX__AUDIO_1010_ITH_DIS_XX_sadtalker.pt
FAKE_T3_1010_ITH_DIS_XX__AUDIO_1010_ITH_FEA_XX_sadtalker,track3,1,crema_1010,FEA,DIS,-1,1,1,1,,data\preprocessed\features\z_at\FAKE_T3_1010_ITH_DIS_XX__AUDIO_1010_ITH_FEA_XX_sadtalker.pt,data\preprocessed\features\z_v\FAKE_T3_1010_ITH_DIS_XX__AUDIO_1010_ITH_FEA_XX_sadtalker.pt
FAKE_T3_1010_ITH_FEA_XX__AUDIO_1010_ITH_HAP_XX_sadtalker,track3,1,crema_1010,HAP,FEA,-1,1,1,1,,data\preprocessed\features\z_at\FAKE_T3_1010_ITH_FEA_XX__AUDIO_1010_ITH_HAP_XX_sadtalker.pt,data\preprocessed\features\z_v\FAKE_T3_1010_ITH_FEA_XX__AUDIO_1010_ITH_HAP_XX_sadtalker.pt
FAKE_T3_1010_ITH_HAP_XX__AUDIO_1010_ITH_NEU_XX_sadtalker,track3,1,crema_1010,NEU,HAP,-1,1,1,1,,data\preprocessed\features\z_at\FAKE_T3_1010_ITH_HAP_XX__AUDIO_1010_ITH_NEU_XX_sadtalker.pt,data\preprocessed\features\z_v\FAKE_T3_1010_ITH_HAP_XX__AUDIO_1010_ITH_NEU_XX_sadtalker.pt
FAKE_T3_1010_ITH_NEU_XX__AUDIO_1010_ITH_SAD_XX_sadtalker,track3,1,crema_1010,SAD,NEU,-1,1,1,1,,data\preprocessed\features\z_at\FAKE_T3_1010_ITH_NEU_XX__AUDIO_1010_ITH_SAD_XX_sadtalker.pt,data\preprocessed\features\z_v\FAKE_T3_1010_ITH_NEU_XX__AUDIO_1010_ITH_SAD_XX_sadtalker.pt
FAKE_T3_1010_ITS_DIS_XX__AUDIO_1010_ITS_FEA_XX_sadtalker,track3,1,crema_1010,FEA,DIS,-1,1,1,1,,data\preprocessed\features\z_at\FAKE_T3_1010_ITS_DIS_XX__AUDIO_1010_ITS_FEA_XX_sadtalker.pt,data\preprocessed\features\z_v\FAKE_T3_1010_ITS_DIS_XX__AUDIO_1010_ITS_FEA_XX_sadtalker.pt
FAKE_T3_1010_ITS_SAD_XX__AUDIO_1010_ITS_ANG_XX_sadtalker,track3,1,crema_1010,ANG,SAD,-1,1,1,1,,data\preprocessed\features\z_at\FAKE_T3_1010_ITS_SAD_XX__AUDIO_1010_ITS_ANG_XX_sadtalker.pt,data\preprocessed\features\z_v\FAKE_T3_1010_ITS_SAD_XX__AUDIO_1010_ITS_ANG_XX_sadtalker.pt
FAKE_T3_1010_IWL_DIS_XX__AUDIO_1010_IWL_FEA_XX_sadtalker,track3,1,crema_1010,FEA,DIS,-1,1,1,1,,data\preprocessed\features\z_at\FAKE_T3_1010_IWL_DIS_XX__AUDIO_1010_IWL_FEA_XX_sadtalker.pt,data\preprocessed\features\z_v\FAKE_T3_1010_IWL_DIS_XX__AUDIO_1010_IWL_FEA_XX_sadtalker.pt
FAKE_T3_1010_IWL_HAP_XX__AUDIO_1010_IWL_NEU_XX_sadtalker,track3,1,crema_1010,NEU,HAP,-1,1,1,1,,data\preprocessed\features\z_at\FAKE_T3_1010_IWL_HAP_XX__AUDIO_1010_IWL_NEU_XX_sadtalker.pt,data\preprocessed\features\z_v\FAKE_T3_1010_IWL_HAP_XX__AUDIO_1010_IWL_NEU_XX_sadtalker.pt
FAKE_T3_1010_IWL_NEU_XX__AUDIO_1010_IWL_SAD_XX_sadtalker,track3,1,crema_1010,SAD,NEU,-1,1,1,1,,data\preprocessed\features\z_at\FAKE_T3_1010_IWL_NEU_XX__AUDIO_1010_IWL_SAD_XX_sadtalker.pt,data\preprocessed\features\z_v\FAKE_T3_1010_IWL_NEU_XX__AUDIO_1010_IWL_SAD_XX_sadtalker.pt
FAKE_T3_1010_IWW_ANG_XX__AUDIO_1010_IWW_DIS_XX_sadtalker,track3,1,crema_1010,DIS,ANG,-1,1,1,1,,data\preprocessed\features\z_at\FAKE_T3_1010_IWW_ANG_XX__AUDIO_1010_IWW_DIS_XX_sadtalker.pt,data\preprocessed\features\z_v\FAKE_T3_1010_IWW_ANG_XX__AUDIO_1010_IWW_DIS_XX_sadtalker.pt
FAKE_T3_1010_IWW_SAD_XX__AUDIO_1010_IWW_ANG_XX_sadtalker,track3,1,crema_1010,ANG,SAD,-1,1,1,1,,data\preprocessed\features\z_at\FAKE_T3_1010_IWW_SAD_XX__AUDIO_1010_IWW_ANG_XX_sadtalker.pt,data\preprocessed\features\z_v\FAKE_T3_1010_IWW_SAD_XX__AUDIO_1010_IWW_ANG_XX_sadtalker.pt
FAKE_T3_1010_MTI_ANG_XX__AUDIO_1010_MTI_DIS_XX_sadtalker,track3,1,crema_1010,DIS,ANG,-1,1,1,1,,data\preprocessed\features\z_at\FAKE_T3_1010_MTI_ANG_XX__AUDIO_1010_MTI_DIS_XX_sadtalker.pt,data\preprocessed\features\z_v\FAKE_T3_1010_MTI_ANG_XX__AUDIO_1010_MTI_DIS_XX_sadtalker.pt
FAKE_T3_1010_MTI_FEA_XX__AUDIO_1010_MTI_HAP_XX_sadtalker,track3,1,crema_1010,HAP,FEA,-1,1,1,1,,data\preprocessed\features\z_at\FAKE_T3_1010_MTI_FEA_XX__AUDIO_1010_MTI_HAP_XX_sadtalker.pt,data\preprocessed\features\z_v\FAKE_T3_1010_MTI_FEA_XX__AUDIO_1010_MTI_HAP_XX_sadtalker.pt
FAKE_T3_1010_MTI_HAP_XX__AUDIO_1010_MTI_NEU_XX_sadtalker,track3,1,crema_1010,NEU,HAP,-1,1,1,1,,data\preprocessed\features\z_at\FAKE_T3_1010_MTI_HAP_XX__AUDIO_1010_MTI_NEU_XX_sadtalker.pt,data\preprocessed\features\z_v\FAKE_T3_1010_MTI_HAP_XX__AUDIO_1010_MTI_NEU_XX_sadtalker.pt
FAKE_T3_1010_TAI_DIS_XX__AUDIO_1010_TAI_FEA_XX_sadtalker,track3,1,crema_1010,FEA,DIS,-1,1,1,1,,data\preprocessed\features\z_at\FAKE_T3_1010_TAI_DIS_XX__AUDIO_1010_TAI_FEA_XX_sadtalker.pt,data\preprocessed\features\z_v\FAKE_T3_1010_TAI_DIS_XX__AUDIO_1010_TAI_FEA_XX_sadtalker.pt
FAKE_T3_1010_TAI_FEA_XX__AUDIO_1010_TAI_HAP_XX_sadtalker,track3,1,crema_1010,HAP,FEA,-1,1,1,1,,data\preprocessed\features\z_at\FAKE_T3_1010_TAI_FEA_XX__AUDIO_1010_TAI_HAP_XX_sadtalker.pt,data\preprocessed\features\z_v\FAKE_T3_1010_TAI_FEA_XX__AUDIO_1010_TAI_HAP_XX_sadtalker.pt
FAKE_T3_1010_TAI_HAP_XX__AUDIO_1010_TAI_NEU_XX_sadtalker,track3,1,crema_1010,NEU,HAP,-1,1,1,1,,data\preprocessed\features\z_at\FAKE_T3_1010_TAI_HAP_XX__AUDIO_1010_TAI_NEU_XX_sadtalker.pt,data\preprocessed\features\z_v\FAKE_T3_1010_TAI_HAP_XX__AUDIO_1010_TAI_NEU_XX_sadtalker.pt
FAKE_T3_1010_TIE_ANG_XX__AUDIO_1010_TIE_DIS_XX_sadtalker,track3,1,crema_1010,DIS,ANG,-1,1,1,1,,data\preprocessed\features\z_at\FAKE_T3_1010_TIE_ANG_XX__AUDIO_1010_TIE_DIS_XX_sadtalker.pt,data\preprocessed\features\z_v\FAKE_T3_1010_TIE_ANG_XX__AUDIO_1010_TIE_DIS_XX_sadtalker.pt
FAKE_T3_1010_TIE_NEU_XX__AUDIO_1010_TIE_SAD_XX_sadtalker,track3,1,crema_1010,SAD,NEU,-1,1,1,1,,data\preprocessed\features\z_at\FAKE_T3_1010_TIE_NEU_XX__AUDIO_1010_TIE_SAD_XX_sadtalker.pt,data\preprocessed\features\z_v\FAKE_T3_1010_TIE_NEU_XX__AUDIO_1010_TIE_SAD_XX_sadtalker.pt
FAKE_T3_1010_TIE_SAD_XX__AUDIO_1010_TIE_ANG_XX_sadtalker,track3,1,crema_1010,ANG,SAD,-1,1,1,1,,data\preprocessed\features\z_at\FAKE_T3_1010_TIE_SAD_XX__AUDIO_1010_TIE_ANG_XX_sadtalker.pt,data\preprocessed\features\z_v\FAKE_T3_1010_TIE_SAD_XX__AUDIO_1010_TIE_ANG_XX_sadtalker.pt
FAKE_T3_1010_TSI_ANG_XX__AUDIO_1010_TSI_DIS_XX_sadtalker,track3,1,crema_1010,DIS,ANG,-1,1,1,1,,data\preprocessed\features\z_at\FAKE_T3_1010_TSI_ANG_XX__AUDIO_1010_TSI_DIS_XX_sadtalker.pt,data\preprocessed\features\z_v\FAKE_T3_1010_TSI_ANG_XX__AUDIO_1010_TSI_DIS_XX_sadtalker.pt
FAKE_T3_1010_TSI_FEA_XX__AUDIO_1010_TSI_HAP_XX_sadtalker,track3,1,crema_1010,HAP,FEA,-1,1,1,1,,data\preprocessed\features\z_at\FAKE_T3_1010_TSI_FEA_XX__AUDIO_1010_TSI_HAP_XX_sadtalker.pt,data\preprocessed\features\z_v\FAKE_T3_1010_TSI_FEA_XX__AUDIO_1010_TSI_HAP_XX_sadtalker.pt
FAKE_T3_1010_TSI_HAP_XX__AUDIO_1010_TSI_NEU_XX_sadtalker,track3,1,crema_1010,NEU,HAP,-1,1,1,1,,data\preprocessed\features\z_at\FAKE_T3_1010_TSI_HAP_XX__AUDIO_1010_TSI_NEU_XX_sadtalker.pt,data\preprocessed\features\z_v\FAKE_T3_1010_TSI_HAP_XX__AUDIO_1010_TSI_NEU_XX_sadtalker.pt
FAKE_T3_1010_TSI_NEU_XX__AUDIO_1010_TSI_SAD_XX_sadtalker,track3,1,crema_1010,SAD,NEU,-1,1,1,1,,data\preprocessed\features\z_at\FAKE_T3_1010_TSI_NEU_XX__AUDIO_1010_TSI_SAD_XX_sadtalker.pt,data\preprocessed\features\z_v\FAKE_T3_1010_TSI_NEU_XX__AUDIO_1010_TSI_SAD_XX_sadtalker.pt
FAKE_T3_1010_TSI_SAD_XX__AUDIO_1010_TSI_ANG_XX_sadtalker,track3,1,crema_1010,ANG,SAD,-1,1,1,1,,data\preprocessed\features\z_at\FAKE_T3_1010_TSI_SAD_XX__AUDIO_1010_TSI_ANG_XX_sadtalker.pt,data\preprocessed\features\z_v\FAKE_T3_1010_TSI_SAD_XX__AUDIO_1010_TSI_ANG_XX_sadtalker.pt
FAKE_T3_1010_WSI_DIS_XX__AUDIO_1010_WSI_FEA_XX_sadtalker,track3,1,crema_1010,FEA,DIS,-1,1,1,1,,data\preprocessed\features\z_at\FAKE_T3_1010_WSI_DIS_XX__AUDIO_1010_WSI_FEA_XX_sadtalker.pt,data\preprocessed\features\z_v\FAKE_T3_1010_WSI_DIS_XX__AUDIO_1010_WSI_FEA_XX_sadtalker.pt
FAKE_T3_1012_DFA_DIS_XX__AUDIO_1012_DFA_FEA_XX_sadtalker,track3,1,crema_1012,FEA,DIS,-1,1,1,1,,data\preprocessed\features\z_at\FAKE_T3_1012_DFA_DIS_XX__AUDIO_1012_DFA_FEA_XX_sadtalker.pt,data\preprocessed\features\z_v\FAKE_T3_1012_DFA_DIS_XX__AUDIO_1012_DFA_FEA_XX_sadtalker.pt
FAKE_T3_1012_DFA_HAP_XX__AUDIO_1012_DFA_NEU_XX_sadtalker,track3,1,crema_1012,NEU,HAP,-1,1,1,1,,data\preprocessed\features\z_at\FAKE_T3_1012_DFA_HAP_XX__AUDIO_1012_DFA_NEU_XX_sadtalker.pt,data\preprocessed\features\z_v\FAKE_T3_1012_DFA_HAP_XX__AUDIO_1012_DFA_NEU_XX_sadtalker.pt
FAKE_T3_1012_DFA_NEU_XX__AUDIO_1012_DFA_SAD_XX_sadtalker,track3,1,crema_1012,SAD,NEU,-1,1,1,1,,data\preprocessed\features\z_at\FAKE_T3_1012_DFA_NEU_XX__AUDIO_1012_DFA_SAD_XX_sadtalker.pt,data\preprocessed\features\z_v\FAKE_T3_1012_DFA_NEU_XX__AUDIO_1012_DFA_SAD_XX_sadtalker.pt
FAKE_T3_1012_IEO_ANG_MD__AUDIO_1012_IEO_DIS_MD_sadtalker,track3,1,crema_1012,DIS,ANG,-1,1,1,1,,data\preprocessed\features\z_at\FAKE_T3_1012_IEO_ANG_MD__AUDIO_1012_IEO_DIS_MD_sadtalker.pt,data\preprocessed\features\z_v\FAKE_T3_1012_IEO_ANG_MD__AUDIO_1012_IEO_DIS_MD_sadtalker.pt
FAKE_T3_1012_IEO_DIS_HI__AUDIO_1012_IEO_FEA_HI_sadtalker,track3,1,crema_1012,FEA,DIS,-1,1,1,1,,data\preprocessed\features\z_at\FAKE_T3_1012_IEO_DIS_HI__AUDIO_1012_IEO_FEA_HI_sadtalker.pt,data\preprocessed\features\z_v\FAKE_T3_1012_IEO_DIS_HI__AUDIO_1012_IEO_FEA_HI_sadtalker.pt
FAKE_T3_1012_IEO_FEA_LO__AUDIO_1012_IEO_HAP_LO_sadtalker,track3,1,crema_1012,HAP,FEA,-1,1,1,1,,data\preprocessed\features\z_at\FAKE_T3_1012_IEO_FEA_LO__AUDIO_1012_IEO_HAP_LO_sadtalker.pt,data\preprocessed\features\z_v\FAKE_T3_1012_IEO_FEA_LO__AUDIO_1012_IEO_HAP_LO_sadtalker.pt
FAKE_T3_1012_IEO_HAP_HI__AUDIO_1012_IEO_NEU_XX_sadtalker,track3,1,crema_1012,NEU,HAP,-1,1,1,1,,data\preprocessed\features\z_at\FAKE_T3_1012_IEO_HAP_HI__AUDIO_1012_IEO_NEU_XX_sadtalker.pt,data\preprocessed\features\z_v\FAKE_T3_1012_IEO_HAP_HI__AUDIO_1012_IEO_NEU_XX_sadtalker.pt
FAKE_T3_1012_IEO_HAP_MD__AUDIO_1012_IEO_NEU_XX_sadtalker,track3,1,crema_1012,NEU,HAP,-1,1,1,1,,data\preprocessed\features\z_at\FAKE_T3_1012_IEO_HAP_MD__AUDIO_1012_IEO_NEU_XX_sadtalker.pt,data\preprocessed\features\z_v\FAKE_T3_1012_IEO_HAP_MD__AUDIO_1012_IEO_NEU_XX_sadtalker.pt
FAKE_T3_1012_IEO_SAD_HI__AUDIO_1012_IEO_ANG_HI_sadtalker,track3,1,crema_1012,ANG,SAD,-1,1,1,1,,data\preprocessed\features\z_at\FAKE_T3_1012_IEO_SAD_HI__AUDIO_1012_IEO_ANG_HI_sadtalker.pt,data\preprocessed\features\z_v\FAKE_T3_1012_IEO_SAD_HI__AUDIO_1012_IEO_ANG_HI_sadtalker.pt
FAKE_T3_1012_IEO_SAD_MD__AUDIO_1012_IEO_ANG_MD_sadtalker,track3,1,crema_1012,ANG,SAD,-1,1,1,1,,data\preprocessed\features\z_at\FAKE_T3_1012_IEO_SAD_MD__AUDIO_1012_IEO_ANG_MD_sadtalker.pt,data\preprocessed\features\z_v\FAKE_T3_1012_IEO_SAD_MD__AUDIO_1012_IEO_ANG_MD_sadtalker.pt
FAKE_T3_1012_IOM_ANG_XX__AUDIO_1012_IOM_DIS_XX_sadtalker,track3,1,crema_1012,DIS,ANG,-1,1,1,1,,data\preprocessed\features\z_at\FAKE_T3_1012_IOM_ANG_XX__AUDIO_1012_IOM_DIS_XX_sadtalker.pt,data\preprocessed\features\z_v\FAKE_T3_1012_IOM_ANG_XX__AUDIO_1012_IOM_DIS_XX_sadtalker.pt
FAKE_T3_1012_IOM_DIS_XX__AUDIO_1012_IOM_FEA_XX_sadtalker,track3,1,crema_1012,FEA,DIS,-1,1,1,1,,data\preprocessed\features\z_at\FAKE_T3_1012_IOM_DIS_XX__AUDIO_1012_IOM_FEA_XX_sadtalker.pt,data\preprocessed\features\z_v\FAKE_T3_1012_IOM_DIS_XX__AUDIO_1012_IOM_FEA_XX_sadtalker.pt
FAKE_T3_1012_IOM_NEU_XX__AUDIO_1012_IOM_SAD_XX_sadtalker,track3,1,crema_1012,SAD,NEU,-1,1,1,1,,data\preprocessed\features\z_at\FAKE_T3_1012_IOM_NEU_XX__AUDIO_1012_IOM_SAD_XX_sadtalker.pt,data\preprocessed\features\z_v\FAKE_T3_1012_IOM_NEU_XX__AUDIO_1012_IOM_SAD_XX_sadtalker.pt
FAKE_T3_1012_IOM_SAD_XX__AUDIO_1012_IOM_ANG_XX_sadtalker,track3,1,crema_1012,ANG,SAD,-1,1,1,1,,data\preprocessed\features\z_at\FAKE_T3_1012_IOM_SAD_XX__AUDIO_1012_IOM_ANG_XX_sadtalker.pt,data\preprocessed\features\z_v\FAKE_T3_1012_IOM_SAD_XX__AUDIO_1012_IOM_ANG_XX_sadtalker.pt
FAKE_T3_1012_ITH_ANG_XX__AUDIO_1012_ITH_DIS_XX_sadtalker,track3,1,crema_1012,DIS,ANG,-1,1,1,1,,data\preprocessed\features\z_at\FAKE_T3_1012_ITH_ANG_XX__AUDIO_1012_ITH_DIS_XX_sadtalker.pt,data\preprocessed\features\z_v\FAKE_T3_1012_ITH_ANG_XX__AUDIO_1012_ITH_DIS_XX_sadtalker.pt
FAKE_T3_1012_ITH_DIS_XX__AUDIO_1012_ITH_FEA_XX_sadtalker,track3,1,crema_1012,FEA,DIS,-1,1,1,1,,data\preprocessed\features\z_at\FAKE_T3_1012_ITH_DIS_XX__AUDIO_1012_ITH_FEA_XX_sadtalker.pt,data\preprocessed\features\z_v\FAKE_T3_1012_ITH_DIS_XX__AUDIO_1012_ITH_FEA_XX_sadtalker.pt
FAKE_T3_1012_ITH_FEA_XX__AUDIO_1012_ITH_HAP_XX_sadtalker,track3,1,crema_1012,HAP,FEA,-1,1,1,1,,data\preprocessed\features\z_at\FAKE_T3_1012_ITH_FEA_XX__AUDIO_1012_ITH_HAP_XX_sadtalker.pt,data\preprocessed\features\z_v\FAKE_T3_1012_ITH_FEA_XX__AUDIO_1012_ITH_HAP_XX_sadtalker.pt
FAKE_T3_1012_ITH_HAP_XX__AUDIO_1012_ITH_NEU_XX_sadtalker,track3,1,crema_1012,NEU,HAP,-1,1,1,1,,data\preprocessed\features\z_at\FAKE_T3_1012_ITH_HAP_XX__AUDIO_1012_ITH_NEU_XX_sadtalker.pt,data\preprocessed\features\z_v\FAKE_T3_1012_ITH_HAP_XX__AUDIO_1012_ITH_NEU_XX_sadtalker.pt
FAKE_T3_1012_ITH_SAD_XX__AUDIO_1012_ITH_ANG_XX_sadtalker,track3,1,crema_1012,ANG,SAD,-1,1,1,1,,data\preprocessed\features\z_at\FAKE_T3_1012_ITH_SAD_XX__AUDIO_1012_ITH_ANG_XX_sadtalker.pt,data\preprocessed\features\z_v\FAKE_T3_1012_ITH_SAD_XX__AUDIO_1012_ITH_ANG_XX_sadtalker.pt
FAKE_T3_1012_ITS_ANG_XX__AUDIO_1012_ITS_DIS_XX_sadtalker,track3,1,crema_1012,DIS,ANG,-1,1,1,1,,data\preprocessed\features\z_at\FAKE_T3_1012_ITS_ANG_XX__AUDIO_1012_ITS_DIS_XX_sadtalker.pt,data\preprocessed\features\z_v\FAKE_T3_1012_ITS_ANG_XX__AUDIO_1012_ITS_DIS_XX_sadtalker.pt
FAKE_T3_1012_ITS_DIS_XX__AUDIO_1012_ITS_FEA_XX_sadtalker,track3,1,crema_1012,FEA,DIS,-1,1,1,1,,data\preprocessed\features\z_at\FAKE_T3_1012_ITS_DIS_XX__AUDIO_1012_ITS_FEA_XX_sadtalker.pt,data\preprocessed\features\z_v\FAKE_T3_1012_ITS_DIS_XX__AUDIO_1012_ITS_FEA_XX_sadtalker.pt
FAKE_T3_1012_ITS_HAP_XX__AUDIO_1012_ITS_NEU_XX_sadtalker,track3,1,crema_1012,NEU,HAP,-1,1,1,1,,data\preprocessed\features\z_at\FAKE_T3_1012_ITS_HAP_XX__AUDIO_1012_ITS_NEU_XX_sadtalker.pt,data\preprocessed\features\z_v\FAKE_T3_1012_ITS_HAP_XX__AUDIO_1012_ITS_NEU_XX_sadtalker.pt
FAKE_T3_1012_ITS_NEU_XX__AUDIO_1012_ITS_SAD_XX_sadtalker,track3,1,crema_1012,SAD,NEU,-1,1,1,1,,data\preprocessed\features\z_at\FAKE_T3_1012_ITS_NEU_XX__AUDIO_1012_ITS_SAD_XX_sadtalker.pt,data\preprocessed\features\z_v\FAKE_T3_1012_ITS_NEU_XX__AUDIO_1012_ITS_SAD_XX_sadtalker.pt
FAKE_T3_1012_ITS_SAD_XX__AUDIO_1012_ITS_ANG_XX_sadtalker,track3,1,crema_1012,ANG,SAD,-1,1,1,1,,data\preprocessed\features\z_at\FAKE_T3_1012_ITS_SAD_XX__AUDIO_1012_ITS_ANG_XX_sadtalker.pt,data\preprocessed\features\z_v\FAKE_T3_1012_ITS_SAD_XX__AUDIO_1012_ITS_ANG_XX_sadtalker.pt
FAKE_T3_1012_IWL_ANG_XX__AUDIO_1012_IWL_DIS_XX_sadtalker,track3,1,crema_1012,DIS,ANG,-1,1,1,1,,data\preprocessed\features\z_at\FAKE_T3_1012_IWL_ANG_XX__AUDIO_1012_IWL_DIS_XX_sadtalker.pt,data\preprocessed\features\z_v\FAKE_T3_1012_IWL_ANG_XX__AUDIO_1012_IWL_DIS_XX_sadtalker.pt
FAKE_T3_1012_IWL_DIS_XX__AUDIO_1012_IWL_FEA_XX_sadtalker,track3,1,crema_1012,FEA,DIS,-1,1,1,1,,data\preprocessed\features\z_at\FAKE_T3_1012_IWL_DIS_XX__AUDIO_1012_IWL_FEA_XX_sadtalker.pt,data\preprocessed\features\z_v\FAKE_T3_1012_IWL_DIS_XX__AUDIO_1012_IWL_FEA_XX_sadtalker.pt
FAKE_T3_1012_IWW_DIS_XX__AUDIO_1012_IWW_FEA_XX_sadtalker,track3,1,crema_1012,FEA,DIS,-1,1,1,1,,data\preprocessed\features\z_at\FAKE_T3_1012_IWW_DIS_XX__AUDIO_1012_IWW_FEA_XX_sadtalker.pt,data\preprocessed\features\z_v\FAKE_T3_1012_IWW_DIS_XX__AUDIO_1012_IWW_FEA_XX_sadtalker.pt
FAKE_T3_1012_IWW_FEA_XX__AUDIO_1012_IWW_HAP_XX_sadtalker,track3,1,crema_1012,HAP,FEA,-1,1,1,1,,data\preprocessed\features\z_at\FAKE_T3_1012_IWW_FEA_XX__AUDIO_1012_IWW_HAP_XX_sadtalker.pt,data\preprocessed\features\z_v\FAKE_T3_1012_IWW_FEA_XX__AUDIO_1012_IWW_HAP_XX_sadtalker.pt
FAKE_T3_1012_IWW_NEU_XX__AUDIO_1012_IWW_SAD_XX_sadtalker,track3,1,crema_1012,SAD,NEU,-1,1,1,1,,data\preprocessed\features\z_at\FAKE_T3_1012_IWW_NEU_XX__AUDIO_1012_IWW_SAD_XX_sadtalker.pt,data\preprocessed\features\z_v\FAKE_T3_1012_IWW_NEU_XX__AUDIO_1012_IWW_SAD_XX_sadtalker.pt
FAKE_T3_1012_MTI_DIS_XX__AUDIO_1012_MTI_FEA_XX_sadtalker,track3,1,crema_1012,FEA,DIS,-1,1,1,1,,data\preprocessed\features\z_at\FAKE_T3_1012_MTI_DIS_XX__AUDIO_1012_MTI_FEA_XX_sadtalker.pt,data\preprocessed\features\z_v\FAKE_T3_1012_MTI_DIS_XX__AUDIO_1012_MTI_FEA_XX_sadtalker.pt
FAKE_T3_1012_MTI_FEA_XX__AUDIO_1012_MTI_HAP_XX_sadtalker,track3,1,crema_1012,HAP,FEA,-1,1,1,1,,data\preprocessed\features\z_at\FAKE_T3_1012_MTI_FEA_XX__AUDIO_1012_MTI_HAP_XX_sadtalker.pt,data\preprocessed\features\z_v\FAKE_T3_1012_MTI_FEA_XX__AUDIO_1012_MTI_HAP_XX_sadtalker.pt
FAKE_T3_1012_MTI_HAP_XX__AUDIO_1012_MTI_NEU_XX_sadtalker,track3,1,crema_1012,NEU,HAP,-1,1,1,1,,data\preprocessed\features\z_at\FAKE_T3_1012_MTI_HAP_XX__AUDIO_1012_MTI_NEU_XX_sadtalker.pt,data\preprocessed\features\z_v\FAKE_T3_1012_MTI_HAP_XX__AUDIO_1012_MTI_NEU_XX_sadtalker.pt
FAKE_T3_1012_TAI_FEA_XX__AUDIO_1012_TAI_HAP_XX_sadtalker,track3,1,crema_1012,HAP,FEA,-1,1,1,1,,data\preprocessed\features\z_at\FAKE_T3_1012_TAI_FEA_XX__AUDIO_1012_TAI_HAP_XX_sadtalker.pt,data\preprocessed\features\z_v\FAKE_T3_1012_TAI_FEA_XX__AUDIO_1012_TAI_HAP_XX_sadtalker.pt
FAKE_T3_1012_TAI_HAP_XX__AUDIO_1012_TAI_NEU_XX_sadtalker,track3,1,crema_1012,NEU,HAP,-1,1,1,1,,data\preprocessed\features\z_at\FAKE_T3_1012_TAI_HAP_XX__AUDIO_1012_TAI_NEU_XX_sadtalker.pt,data\preprocessed\features\z_v\FAKE_T3_1012_TAI_HAP_XX__AUDIO_1012_TAI_NEU_XX_sadtalker.pt
FAKE_T3_1012_TAI_SAD_XX__AUDIO_1012_TAI_ANG_XX_sadtalker,track3,1,crema_1012,ANG,SAD,-1,1,1,1,,data\preprocessed\features\z_at\FAKE_T3_1012_TAI_SAD_XX__AUDIO_1012_TAI_ANG_XX_sadtalker.pt,data\preprocessed\features\z_v\FAKE_T3_1012_TAI_SAD_XX__AUDIO_1012_TAI_ANG_XX_sadtalker.pt
FAKE_T3_1012_TIE_DIS_XX__AUDIO_1012_TIE_FEA_XX_sadtalker,track3,1,crema_1012,FEA,DIS,-1,1,1,1,,data\preprocessed\features\z_at\FAKE_T3_1012_TIE_DIS_XX__AUDIO_1012_TIE_FEA_XX_sadtalker.pt,data\preprocessed\features\z_v\FAKE_T3_1012_TIE_DIS_XX__AUDIO_1012_TIE_FEA_XX_sadtalker.pt
FAKE_T3_1012_TSI_ANG_XX__AUDIO_1012_TSI_DIS_XX_sadtalker,track3,1,crema_1012,DIS,ANG,-1,1,1,1,,data\preprocessed\features\z_at\FAKE_T3_1012_TSI_ANG_XX__AUDIO_1012_TSI_DIS_XX_sadtalker.pt,data\preprocessed\features\z_v\FAKE_T3_1012_TSI_ANG_XX__AUDIO_1012_TSI_DIS_XX_sadtalker.pt
FAKE_T3_1012_TSI_FEA_XX__AUDIO_1012_TSI_HAP_XX_sadtalker,track3,1,crema_1012,HAP,FEA,-1,1,1,1,,data\preprocessed\features\z_at\FAKE_T3_1012_TSI_FEA_XX__AUDIO_1012_TSI_HAP_XX_sadtalker.pt,data\preprocessed\features\z_v\FAKE_T3_1012_TSI_FEA_XX__AUDIO_1012_TSI_HAP_XX_sadtalker.pt
FAKE_T3_1012_WSI_ANG_XX__AUDIO_1012_WSI_DIS_XX_sadtalker,track3,1,crema_1012,DIS,ANG,-1,1,1,1,,data\preprocessed\features\z_at\FAKE_T3_1012_WSI_ANG_XX__AUDIO_1012_WSI_DIS_XX_sadtalker.pt,data\preprocessed\features\z_v\FAKE_T3_1012_WSI_ANG_XX__AUDIO_1012_WSI_DIS_XX_sadtalker.pt
FAKE_T3_1012_WSI_FEA_XX__AUDIO_1012_WSI_HAP_XX_sadtalker,track3,1,crema_1012,HAP,FEA,-1,1,1,1,,data\preprocessed\features\z_at\FAKE_T3_1012_WSI_FEA_XX__AUDIO_1012_WSI_HAP_XX_sadtalker.pt,data\preprocessed\features\z_v\FAKE_T3_1012_WSI_FEA_XX__AUDIO_1012_WSI_HAP_XX_sadtalker.pt
FAKE_T3_1012_WSI_NEU_XX__AUDIO_1012_WSI_SAD_XX_sadtalker,track3,1,crema_1012,SAD,NEU,-1,1,1,1,,data\preprocessed\features\z_at\FAKE_T3_1012_WSI_NEU_XX__AUDIO_1012_WSI_SAD_XX_sadtalker.pt,data\preprocessed\features\z_v\FAKE_T3_1012_WSI_NEU_XX__AUDIO_1012_WSI_SAD_XX_sadtalker.pt
FAKE_T3_1013_DFA_DIS_XX__AUDIO_1013_DFA_FEA_XX_sadtalker,track3,1,crema_1013,FEA,DIS,-1,1,1,1,,data\preprocessed\features\z_at\FAKE_T3_1013_DFA_DIS_XX__AUDIO_1013_DFA_FEA_XX_sadtalker.pt,data\preprocessed\features\z_v\FAKE_T3_1013_DFA_DIS_XX__AUDIO_1013_DFA_FEA_XX_sadtalker.pt
FAKE_T3_1013_DFA_HAP_XX__AUDIO_1013_DFA_NEU_XX_sadtalker,track3,1,crema_1013,NEU,HAP,-1,1,1,1,,data\preprocessed\features\z_at\FAKE_T3_1013_DFA_HAP_XX__AUDIO_1013_DFA_NEU_XX_sadtalker.pt,data\preprocessed\features\z_v\FAKE_T3_1013_DFA_HAP_XX__AUDIO_1013_DFA_NEU_XX_sadtalker.pt
FAKE_T3_1013_IEO_ANG_LO__AUDIO_1013_IEO_DIS_LO_sadtalker,track3,1,crema_1013,DIS,ANG,-1,1,1,1,,data\preprocessed\features\z_at\FAKE_T3_1013_IEO_ANG_LO__AUDIO_1013_IEO_DIS_LO_sadtalker.pt,data\preprocessed\features\z_v\FAKE_T3_1013_IEO_ANG_LO__AUDIO_1013_IEO_DIS_LO_sadtalker.pt
FAKE_T3_1013_IEO_ANG_MD__AUDIO_1013_IEO_DIS_MD_sadtalker,track3,1,crema_1013,DIS,ANG,-1,1,1,1,,data\preprocessed\features\z_at\FAKE_T3_1013_IEO_ANG_MD__AUDIO_1013_IEO_DIS_MD_sadtalker.pt,data\preprocessed\features\z_v\FAKE_T3_1013_IEO_ANG_MD__AUDIO_1013_IEO_DIS_MD_sadtalker.pt
FAKE_T3_1013_IEO_DIS_HI__AUDIO_1013_IEO_FEA_HI_sadtalker,track3,1,crema_1013,FEA,DIS,-1,1,1,1,,data\preprocessed\features\z_at\FAKE_T3_1013_IEO_DIS_HI__AUDIO_1013_IEO_FEA_HI_sadtalker.pt,data\preprocessed\features\z_v\FAKE_T3_1013_IEO_DIS_HI__AUDIO_1013_IEO_FEA_HI_sadtalker.pt
FAKE_T3_1013_IEO_DIS_LO__AUDIO_1013_IEO_FEA_LO_sadtalker,track3,1,crema_1013,FEA,DIS,-1,1,1,1,,data\preprocessed\features\z_at\FAKE_T3_1013_IEO_DIS_LO__AUDIO_1013_IEO_FEA_LO_sadtalker.pt,data\preprocessed\features\z_v\FAKE_T3_1013_IEO_DIS_LO__AUDIO_1013_IEO_FEA_LO_sadtalker.pt
FAKE_T3_1013_IEO_DIS_MD__AUDIO_1013_IEO_FEA_MD_sadtalker,track3,1,crema_1013,FEA,DIS,-1,1,1,1,,data\preprocessed\features\z_at\FAKE_T3_1013_IEO_DIS_MD__AUDIO_1013_IEO_FEA_MD_sadtalker.pt,data\preprocessed\features\z_v\FAKE_T3_1013_IEO_DIS_MD__AUDIO_1013_IEO_FEA_MD_sadtalker.pt
FAKE_T3_1013_IEO_FEA_HI__AUDIO_1013_IEO_HAP_HI_sadtalker,track3,1,crema_1013,HAP,FEA,-1,1,1,1,,data\preprocessed\features\z_at\FAKE_T3_1013_IEO_FEA_HI__AUDIO_1013_IEO_HAP_HI_sadtalker.pt,data\preprocessed\features\z_v\FAKE_T3_1013_IEO_FEA_HI__AUDIO_1013_IEO_HAP_HI_sadtalker.pt
FAKE_T3_1013_IEO_FEA_LO__AUDIO_1013_IEO_HAP_LO_sadtalker,track3,1,crema_1013,HAP,FEA,-1,1,1,1,,data\preprocessed\features\z_at\FAKE_T3_1013_IEO_FEA_LO__AUDIO_1013_IEO_HAP_LO_sadtalker.pt,data\preprocessed\features\z_v\FAKE_T3_1013_IEO_FEA_LO__AUDIO_1013_IEO_HAP_LO_sadtalker.pt
FAKE_T3_1013_IEO_HAP_HI__AUDIO_1013_IEO_NEU_XX_sadtalker,track3,1,crema_1013,NEU,HAP,-1,1,1,1,,data\preprocessed\features\z_at\FAKE_T3_1013_IEO_HAP_HI__AUDIO_1013_IEO_NEU_XX_sadtalker.pt,data\preprocessed\features\z_v\FAKE_T3_1013_IEO_HAP_HI__AUDIO_1013_IEO_NEU_XX_sadtalker.pt
FAKE_T3_1013_IEO_NEU_XX__AUDIO_1013_IEO_SAD_HI_sadtalker,track3,1,crema_1013,SAD,NEU,-1,1,1,1,,data\preprocessed\features\z_at\FAKE_T3_1013_IEO_NEU_XX__AUDIO_1013_IEO_SAD_HI_sadtalker.pt,data\preprocessed\features\z_v\FAKE_T3_1013_IEO_NEU_XX__AUDIO_1013_IEO_SAD_HI_sadtalker.pt
FAKE_T3_1013_IEO_SAD_HI__AUDIO_1013_IEO_ANG_HI_sadtalker,track3,1,crema_1013,ANG,SAD,-1,1,1,1,,data\preprocessed\features\z_at\FAKE_T3_1013_IEO_SAD_HI__AUDIO_1013_IEO_ANG_HI_sadtalker.pt,data\preprocessed\features\z_v\FAKE_T3_1013_IEO_SAD_HI__AUDIO_1013_IEO_ANG_HI_sadtalker.pt
FAKE_T3_1013_IEO_SAD_LO__AUDIO_1013_IEO_ANG_LO_sadtalker,track3,1,crema_1013,ANG,SAD,-1,1,1,1,,data\preprocessed\features\z_at\FAKE_T3_1013_IEO_SAD_LO__AUDIO_1013_IEO_ANG_LO_sadtalker.pt,data\preprocessed\features\z_v\FAKE_T3_1013_IEO_SAD_LO__AUDIO_1013_IEO_ANG_LO_sadtalker.pt
FAKE_T3_1013_IEO_SAD_MD__AUDIO_1013_IEO_ANG_MD_sadtalker,track3,1,crema_1013,ANG,SAD,-1,1,1,1,,data\preprocessed\features\z_at\FAKE_T3_1013_IEO_SAD_MD__AUDIO_1013_IEO_ANG_MD_sadtalker.pt,data\preprocessed\features\z_v\FAKE_T3_1013_IEO_SAD_MD__AUDIO_1013_IEO_ANG_MD_sadtalker.pt
FAKE_T3_1013_IOM_DIS_XX__AUDIO_1013_IOM_FEA_XX_sadtalker,track3,1,crema_1013,FEA,DIS,-1,1,1,1,,data\preprocessed\features\z_at\FAKE_T3_1013_IOM_DIS_XX__AUDIO_1013_IOM_FEA_XX_sadtalker.pt,data\preprocessed\features\z_v\FAKE_T3_1013_IOM_DIS_XX__AUDIO_1013_IOM_FEA_XX_sadtalker.pt
FAKE_T3_1013_IOM_FEA_XX__AUDIO_1013_IOM_HAP_XX_sadtalker,track3,1,crema_1013,HAP,FEA,-1,1,1,1,,data\preprocessed\features\z_at\FAKE_T3_1013_IOM_FEA_XX__AUDIO_1013_IOM_HAP_XX_sadtalker.pt,data\preprocessed\features\z_v\FAKE_T3_1013_IOM_FEA_XX__AUDIO_1013_IOM_HAP_XX_sadtalker.pt
FAKE_T3_1013_IOM_SAD_XX__AUDIO_1013_IOM_ANG_XX_sadtalker,track3,1,crema_1013,ANG,SAD,-1,1,1,1,,data\preprocessed\features\z_at\FAKE_T3_1013_IOM_SAD_XX__AUDIO_1013_IOM_ANG_XX_sadtalker.pt,data\preprocessed\features\z_v\FAKE_T3_1013_IOM_SAD_XX__AUDIO_1013_IOM_ANG_XX_sadtalker.pt
FAKE_T3_1013_ITH_FEA_XX__AUDIO_1013_ITH_HAP_XX_sadtalker,track3,1,crema_1013,HAP,FEA,-1,1,1,1,,data\preprocessed\features\z_at\FAKE_T3_1013_ITH_FEA_XX__AUDIO_1013_ITH_HAP_XX_sadtalker.pt,data\preprocessed\features\z_v\FAKE_T3_1013_ITH_FEA_XX__AUDIO_1013_ITH_HAP_XX_sadtalker.pt
FAKE_T3_1013_ITH_HAP_XX__AUDIO_1013_ITH_NEU_XX_sadtalker,track3,1,crema_1013,NEU,HAP,-1,1,1,1,,data\preprocessed\features\z_at\FAKE_T3_1013_ITH_HAP_XX__AUDIO_1013_ITH_NEU_XX_sadtalker.pt,data\preprocessed\features\z_v\FAKE_T3_1013_ITH_HAP_XX__AUDIO_1013_ITH_NEU_XX_sadtalker.pt
FAKE_T3_1013_ITH_SAD_XX__AUDIO_1013_ITH_ANG_XX_sadtalker,track3,1,crema_1013,ANG,SAD,-1,1,1,1,,data\preprocessed\features\z_at\FAKE_T3_1013_ITH_SAD_XX__AUDIO_1013_ITH_ANG_XX_sadtalker.pt,data\preprocessed\features\z_v\FAKE_T3_1013_ITH_SAD_XX__AUDIO_1013_ITH_ANG_XX_sadtalker.pt
FAKE_T3_1013_ITS_DIS_XX__AUDIO_1013_ITS_FEA_XX_sadtalker,track3,1,crema_1013,FEA,DIS,-1,1,1,1,,data\preprocessed\features\z_at\FAKE_T3_1013_ITS_DIS_XX__AUDIO_1013_ITS_FEA_XX_sadtalker.pt,data\preprocessed\features\z_v\FAKE_T3_1013_ITS_DIS_XX__AUDIO_1013_ITS_FEA_XX_sadtalker.pt
FAKE_T3_1013_ITS_FEA_XX__AUDIO_1013_ITS_HAP_XX_sadtalker,track3,1,crema_1013,HAP,FEA,-1,1,1,1,,data\preprocessed\features\z_at\FAKE_T3_1013_ITS_FEA_XX__AUDIO_1013_ITS_HAP_XX_sadtalker.pt,data\preprocessed\features\z_v\FAKE_T3_1013_ITS_FEA_XX__AUDIO_1013_ITS_HAP_XX_sadtalker.pt
FAKE_T3_1013_ITS_NEU_XX__AUDIO_1013_ITS_SAD_XX_sadtalker,track3,1,crema_1013,SAD,NEU,-1,1,1,1,,data\preprocessed\features\z_at\FAKE_T3_1013_ITS_NEU_XX__AUDIO_1013_ITS_SAD_XX_sadtalker.pt,data\preprocessed\features\z_v\FAKE_T3_1013_ITS_NEU_XX__AUDIO_1013_ITS_SAD_XX_sadtalker.pt
FAKE_T3_1013_IWL_FEA_XX__AUDIO_1013_IWL_HAP_XX_sadtalker,track3,1,crema_1013,HAP,FEA,-1,1,1,1,,data\preprocessed\features\z_at\FAKE_T3_1013_IWL_FEA_XX__AUDIO_1013_IWL_HAP_XX_sadtalker.pt,data\preprocessed\features\z_v\FAKE_T3_1013_IWL_FEA_XX__AUDIO_1013_IWL_HAP_XX_sadtalker.pt
FAKE_T3_1013_IWW_NEU_XX__AUDIO_1013_IWW_SAD_XX_sadtalker,track3,1,crema_1013,SAD,NEU,-1,1,1,1,,data\preprocessed\features\z_at\FAKE_T3_1013_IWW_NEU_XX__AUDIO_1013_IWW_SAD_XX_sadtalker.pt,data\preprocessed\features\z_v\FAKE_T3_1013_IWW_NEU_XX__AUDIO_1013_IWW_SAD_XX_sadtalker.pt
FAKE_T3_1013_IWW_SAD_XX__AUDIO_1013_IWW_ANG_XX_sadtalker,track3,1,crema_1013,ANG,SAD,-1,1,1,1,,data\preprocessed\features\z_at\FAKE_T3_1013_IWW_SAD_XX__AUDIO_1013_IWW_ANG_XX_sadtalker.pt,data\preprocessed\features\z_v\FAKE_T3_1013_IWW_SAD_XX__AUDIO_1013_IWW_ANG_XX_sadtalker.pt
FAKE_T3_1013_MTI_DIS_XX__AUDIO_1013_MTI_FEA_XX_sadtalker,track3,1,crema_1013,FEA,DIS,-1,1,1,1,,data\preprocessed\features\z_at\FAKE_T3_1013_MTI_DIS_XX__AUDIO_1013_MTI_FEA_XX_sadtalker.pt,data\preprocessed\features\z_v\FAKE_T3_1013_MTI_DIS_XX__AUDIO_1013_MTI_FEA_XX_sadtalker.pt
FAKE_T3_1013_MTI_FEA_XX__AUDIO_1013_MTI_HAP_XX_sadtalker,track3,1,crema_1013,HAP,FEA,-1,1,1,1,,data\preprocessed\features\z_at\FAKE_T3_1013_MTI_FEA_XX__AUDIO_1013_MTI_HAP_XX_sadtalker.pt,data\preprocessed\features\z_v\FAKE_T3_1013_MTI_FEA_XX__AUDIO_1013_MTI_HAP_XX_sadtalker.pt
FAKE_T3_1013_MTI_SAD_XX__AUDIO_1013_MTI_ANG_XX_sadtalker,track3,1,crema_1013,ANG,SAD,-1,1,1,1,,data\preprocessed\features\z_at\FAKE_T3_1013_MTI_SAD_XX__AUDIO_1013_MTI_ANG_XX_sadtalker.pt,data\preprocessed\features\z_v\FAKE_T3_1013_MTI_SAD_XX__AUDIO_1013_MTI_ANG_XX_sadtalker.pt
FAKE_T3_1013_TAI_DIS_XX__AUDIO_1013_TAI_FEA_XX_sadtalker,track3,1,crema_1013,FEA,DIS,-1,1,1,1,,data\preprocessed\features\z_at\FAKE_T3_1013_TAI_DIS_XX__AUDIO_1013_TAI_FEA_XX_sadtalker.pt,data\preprocessed\features\z_v\FAKE_T3_1013_TAI_DIS_XX__AUDIO_1013_TAI_FEA_XX_sadtalker.pt
FAKE_T3_1013_TAI_FEA_XX__AUDIO_1013_TAI_HAP_XX_sadtalker,track3,1,crema_1013,HAP,FEA,-1,1,1,1,,data\preprocessed\features\z_at\FAKE_T3_1013_TAI_FEA_XX__AUDIO_1013_TAI_HAP_XX_sadtalker.pt,data\preprocessed\features\z_v\FAKE_T3_1013_TAI_FEA_XX__AUDIO_1013_TAI_HAP_XX_sadtalker.pt
FAKE_T3_1013_TAI_NEU_XX__AUDIO_1013_TAI_SAD_XX_sadtalker,track3,1,crema_1013,SAD,NEU,-1,1,1,1,,data\preprocessed\features\z_at\FAKE_T3_1013_TAI_NEU_XX__AUDIO_1013_TAI_SAD_XX_sadtalker.pt,data\preprocessed\features\z_v\FAKE_T3_1013_TAI_NEU_XX__AUDIO_1013_TAI_SAD_XX_sadtalker.pt
FAKE_T3_1013_TAI_SAD_XX__AUDIO_1013_TAI_ANG_XX_sadtalker,track3,1,crema_1013,ANG,SAD,-1,1,1,1,,data\preprocessed\features\z_at\FAKE_T3_1013_TAI_SAD_XX__AUDIO_1013_TAI_ANG_XX_sadtalker.pt,data\preprocessed\features\z_v\FAKE_T3_1013_TAI_SAD_XX__AUDIO_1013_TAI_ANG_XX_sadtalker.pt
FAKE_T3_1013_TIE_ANG_XX__AUDIO_1013_TIE_DIS_XX_sadtalker,track3,1,crema_1013,DIS,ANG,-1,1,1,1,,data\preprocessed\features\z_at\FAKE_T3_1013_TIE_ANG_XX__AUDIO_1013_TIE_DIS_XX_sadtalker.pt,data\preprocessed\features\z_v\FAKE_T3_1013_TIE_ANG_XX__AUDIO_1013_TIE_DIS_XX_sadtalker.pt
FAKE_T3_1013_TIE_DIS_XX__AUDIO_1013_TIE_FEA_XX_sadtalker,track3,1,crema_1013,FEA,DIS,-1,1,1,1,,data\preprocessed\features\z_at\FAKE_T3_1013_TIE_DIS_XX__AUDIO_1013_TIE_FEA_XX_sadtalker.pt,data\preprocessed\features\z_v\FAKE_T3_1013_TIE_DIS_XX__AUDIO_1013_TIE_FEA_XX_sadtalker.pt
FAKE_T3_1013_TIE_HAP_XX__AUDIO_1013_TIE_NEU_XX_sadtalker,track3,1,crema_1013,NEU,HAP,-1,1,1,1,,data\preprocessed\features\z_at\FAKE_T3_1013_TIE_HAP_XX__AUDIO_1013_TIE_NEU_XX_sadtalker.pt,data\preprocessed\features\z_v\FAKE_T3_1013_TIE_HAP_XX__AUDIO_1013_TIE_NEU_XX_sadtalker.pt
FAKE_T3_1013_TIE_NEU_XX__AUDIO_1013_TIE_SAD_XX_sadtalker,track3,1,crema_1013,SAD,NEU,-1,1,1,1,,data\preprocessed\features\z_at\FAKE_T3_1013_TIE_NEU_XX__AUDIO_1013_TIE_SAD_XX_sadtalker.pt,data\preprocessed\features\z_v\FAKE_T3_1013_TIE_NEU_XX__AUDIO_1013_TIE_SAD_XX_sadtalker.pt
FAKE_T3_1013_TSI_NEU_XX__AUDIO_1013_TSI_SAD_XX_sadtalker,track3,1,crema_1013,SAD,NEU,-1,1,1,1,,data\preprocessed\features\z_at\FAKE_T3_1013_TSI_NEU_XX__AUDIO_1013_TSI_SAD_XX_sadtalker.pt,data\preprocessed\features\z_v\FAKE_T3_1013_TSI_NEU_XX__AUDIO_1013_TSI_SAD_XX_sadtalker.pt
FAKE_T3_1013_WSI_ANG_XX__AUDIO_1013_WSI_DIS_XX_sadtalker,track3,1,crema_1013,DIS,ANG,-1,1,1,1,,data\preprocessed\features\z_at\FAKE_T3_1013_WSI_ANG_XX__AUDIO_1013_WSI_DIS_XX_sadtalker.pt,data\preprocessed\features\z_v\FAKE_T3_1013_WSI_ANG_XX__AUDIO_1013_WSI_DIS_XX_sadtalker.pt
FAKE_T3_1013_WSI_DIS_XX__AUDIO_1013_WSI_FEA_XX_sadtalker,track3,1,crema_1013,FEA,DIS,-1,1,1,1,,data\preprocessed\features\z_at\FAKE_T3_1013_WSI_DIS_XX__AUDIO_1013_WSI_FEA_XX_sadtalker.pt,data\preprocessed\features\z_v\FAKE_T3_1013_WSI_DIS_XX__AUDIO_1013_WSI_FEA_XX_sadtalker.pt
FAKE_T3_1013_WSI_HAP_XX__AUDIO_1013_WSI_NEU_XX_sadtalker,track3,1,crema_1013,NEU,HAP,-1,1,1,1,,data\preprocessed\features\z_at\FAKE_T3_1013_WSI_HAP_XX__AUDIO_1013_WSI_NEU_XX_sadtalker.pt,data\preprocessed\features\z_v\FAKE_T3_1013_WSI_HAP_XX__AUDIO_1013_WSI_NEU_XX_sadtalker.pt
FAKE_T3_1014_DFA_ANG_XX__AUDIO_1014_DFA_DIS_XX_sadtalker,track3,1,crema_1014,DIS,ANG,-1,1,1,1,,data\preprocessed\features\z_at\FAKE_T3_1014_DFA_ANG_XX__AUDIO_1014_DFA_DIS_XX_sadtalker.pt,data\preprocessed\features\z_v\FAKE_T3_1014_DFA_ANG_XX__AUDIO_1014_DFA_DIS_XX_sadtalker.pt
FAKE_T3_1014_DFA_FEA_XX__AUDIO_1014_DFA_HAP_XX_sadtalker,track3,1,crema_1014,HAP,FEA,-1,1,1,1,,data\preprocessed\features\z_at\FAKE_T3_1014_DFA_FEA_XX__AUDIO_1014_DFA_HAP_XX_sadtalker.pt,data\preprocessed\features\z_v\FAKE_T3_1014_DFA_FEA_XX__AUDIO_1014_DFA_HAP_XX_sadtalker.pt
FAKE_T3_1014_DFA_HAP_XX__AUDIO_1014_DFA_NEU_XX_sadtalker,track3,1,crema_1014,NEU,HAP,-1,1,1,1,,data\preprocessed\features\z_at\FAKE_T3_1014_DFA_HAP_XX__AUDIO_1014_DFA_NEU_XX_sadtalker.pt,data\preprocessed\features\z_v\FAKE_T3_1014_DFA_HAP_XX__AUDIO_1014_DFA_NEU_XX_sadtalker.pt
FAKE_T3_1014_DFA_NEU_XX__AUDIO_1014_DFA_SAD_XX_sadtalker,track3,1,crema_1014,SAD,NEU,-1,1,1,1,,data\preprocessed\features\z_at\FAKE_T3_1014_DFA_NEU_XX__AUDIO_1014_DFA_SAD_XX_sadtalker.pt,data\preprocessed\features\z_v\FAKE_T3_1014_DFA_NEU_XX__AUDIO_1014_DFA_SAD_XX_sadtalker.pt
FAKE_T3_1014_DFA_SAD_XX__AUDIO_1014_DFA_ANG_XX_sadtalker,track3,1,crema_1014,ANG,SAD,-1,1,1,1,,data\preprocessed\features\z_at\FAKE_T3_1014_DFA_SAD_XX__AUDIO_1014_DFA_ANG_XX_sadtalker.pt,data\preprocessed\features\z_v\FAKE_T3_1014_DFA_SAD_XX__AUDIO_1014_DFA_ANG_XX_sadtalker.pt
FAKE_T3_1014_IEO_ANG_HI__AUDIO_1014_IEO_DIS_HI_sadtalker,track3,1,crema_1014,DIS,ANG,-1,1,1,1,,data\preprocessed\features\z_at\FAKE_T3_1014_IEO_ANG_HI__AUDIO_1014_IEO_DIS_HI_sadtalker.pt,data\preprocessed\features\z_v\FAKE_T3_1014_IEO_ANG_HI__AUDIO_1014_IEO_DIS_HI_sadtalker.pt
FAKE_T3_1014_IEO_ANG_MD__AUDIO_1014_IEO_DIS_MD_sadtalker,track3,1,crema_1014,DIS,ANG,-1,1,1,1,,data\preprocessed\features\z_at\FAKE_T3_1014_IEO_ANG_MD__AUDIO_1014_IEO_DIS_MD_sadtalker.pt,data\preprocessed\features\z_v\FAKE_T3_1014_IEO_ANG_MD__AUDIO_1014_IEO_DIS_MD_sadtalker.pt
FAKE_T3_1014_IEO_FEA_HI__AUDIO_1014_IEO_HAP_HI_sadtalker,track3,1,crema_1014,HAP,FEA,-1,1,1,1,,data\preprocessed\features\z_at\FAKE_T3_1014_IEO_FEA_HI__AUDIO_1014_IEO_HAP_HI_sadtalker.pt,data\preprocessed\features\z_v\FAKE_T3_1014_IEO_FEA_HI__AUDIO_1014_IEO_HAP_HI_sadtalker.pt
FAKE_T3_1014_IEO_FEA_MD__AUDIO_1014_IEO_HAP_MD_sadtalker,track3,1,crema_1014,HAP,FEA,-1,1,1,1,,data\preprocessed\features\z_at\FAKE_T3_1014_IEO_FEA_MD__AUDIO_1014_IEO_HAP_MD_sadtalker.pt,data\preprocessed\features\z_v\FAKE_T3_1014_IEO_FEA_MD__AUDIO_1014_IEO_HAP_MD_sadtalker.pt
FAKE_T3_1014_IEO_HAP_HI__AUDIO_1014_IEO_NEU_XX_sadtalker,track3,1,crema_1014,NEU,HAP,-1,1,1,1,,data\preprocessed\features\z_at\FAKE_T3_1014_IEO_HAP_HI__AUDIO_1014_IEO_NEU_XX_sadtalker.pt,data\preprocessed\features\z_v\FAKE_T3_1014_IEO_HAP_HI__AUDIO_1014_IEO_NEU_XX_sadtalker.pt
FAKE_T3_1014_IEO_HAP_MD__AUDIO_1014_IEO_NEU_XX_sadtalker,track3,1,crema_1014,NEU,HAP,-1,1,1,1,,data\preprocessed\features\z_at\FAKE_T3_1014_IEO_HAP_MD__AUDIO_1014_IEO_NEU_XX_sadtalker.pt,data\preprocessed\features\z_v\FAKE_T3_1014_IEO_HAP_MD__AUDIO_1014_IEO_NEU_XX_sadtalker.pt
FAKE_T3_1014_IOM_HAP_XX__AUDIO_1014_IOM_NEU_XX_sadtalker,track3,1,crema_1014,NEU,HAP,-1,1,1,1,,data\preprocessed\features\z_at\FAKE_T3_1014_IOM_HAP_XX__AUDIO_1014_IOM_NEU_XX_sadtalker.pt,data\preprocessed\features\z_v\FAKE_T3_1014_IOM_HAP_XX__AUDIO_1014_IOM_NEU_XX_sadtalker.pt
FAKE_T3_1014_ITH_ANG_XX__AUDIO_1014_ITH_DIS_XX_sadtalker,track3,1,crema_1014,DIS,ANG,-1,1,1,1,,data\preprocessed\features\z_at\FAKE_T3_1014_ITH_ANG_XX__AUDIO_1014_ITH_DIS_XX_sadtalker.pt,data\preprocessed\features\z_v\FAKE_T3_1014_ITH_ANG_XX__AUDIO_1014_ITH_DIS_XX_sadtalker.pt
FAKE_T3_1014_ITH_DIS_XX__AUDIO_1014_ITH_FEA_XX_sadtalker,track3,1,crema_1014,FEA,DIS,-1,1,1,1,,data\preprocessed\features\z_at\FAKE_T3_1014_ITH_DIS_XX__AUDIO_1014_ITH_FEA_XX_sadtalker.pt,data\preprocessed\features\z_v\FAKE_T3_1014_ITH_DIS_XX__AUDIO_1014_ITH_FEA_XX_sadtalker.pt
FAKE_T3_1014_ITH_FEA_XX__AUDIO_1014_ITH_HAP_XX_sadtalker,track3,1,crema_1014,HAP,FEA,-1,1,1,1,,data\preprocessed\features\z_at\FAKE_T3_1014_ITH_FEA_XX__AUDIO_1014_ITH_HAP_XX_sadtalker.pt,data\preprocessed\features\z_v\FAKE_T3_1014_ITH_FEA_XX__AUDIO_1014_ITH_HAP_XX_sadtalker.pt
FAKE_T3_1014_ITH_HAP_XX__AUDIO_1014_ITH_NEU_XX_sadtalker,track3,1,crema_1014,NEU,HAP,-1,1,1,1,,data\preprocessed\features\z_at\FAKE_T3_1014_ITH_HAP_XX__AUDIO_1014_ITH_NEU_XX_sadtalker.pt,data\preprocessed\features\z_v\FAKE_T3_1014_ITH_HAP_XX__AUDIO_1014_ITH_NEU_XX_sadtalker.pt
FAKE_T3_1014_ITH_SAD_XX__AUDIO_1014_ITH_ANG_XX_sadtalker,track3,1,crema_1014,ANG,SAD,-1,1,1,1,,data\preprocessed\features\z_at\FAKE_T3_1014_ITH_SAD_XX__AUDIO_1014_ITH_ANG_XX_sadtalker.pt,data\preprocessed\features\z_v\FAKE_T3_1014_ITH_SAD_XX__AUDIO_1014_ITH_ANG_XX_sadtalker.pt
FAKE_T3_1014_ITS_ANG_XX__AUDIO_1014_ITS_DIS_XX_sadtalker,track3,1,crema_1014,DIS,ANG,-1,1,1,1,,data\preprocessed\features\z_at\FAKE_T3_1014_ITS_ANG_XX__AUDIO_1014_ITS_DIS_XX_sadtalker.pt,data\preprocessed\features\z_v\FAKE_T3_1014_ITS_ANG_XX__AUDIO_1014_ITS_DIS_XX_sadtalker.pt
FAKE_T3_1014_ITS_DIS_XX__AUDIO_1014_ITS_FEA_XX_sadtalker,track3,1,crema_1014,FEA,DIS,-1,1,1,1,,data\preprocessed\features\z_at\FAKE_T3_1014_ITS_DIS_XX__AUDIO_1014_ITS_FEA_XX_sadtalker.pt,data\preprocessed\features\z_v\FAKE_T3_1014_ITS_DIS_XX__AUDIO_1014_ITS_FEA_XX_sadtalker.pt
FAKE_T3_1014_ITS_FEA_XX__AUDIO_1014_ITS_HAP_XX_sadtalker,track3,1,crema_1014,HAP,FEA,-1,1,1,1,,data\preprocessed\features\z_at\FAKE_T3_1014_ITS_FEA_XX__AUDIO_1014_ITS_HAP_XX_sadtalker.pt,data\preprocessed\features\z_v\FAKE_T3_1014_ITS_FEA_XX__AUDIO_1014_ITS_HAP_XX_sadtalker.pt
FAKE_T3_1014_IWL_DIS_XX__AUDIO_1014_IWL_FEA_XX_sadtalker,track3,1,crema_1014,FEA,DIS,-1,1,1,1,,data\preprocessed\features\z_at\FAKE_T3_1014_IWL_DIS_XX__AUDIO_1014_IWL_FEA_XX_sadtalker.pt,data\preprocessed\features\z_v\FAKE_T3_1014_IWL_DIS_XX__AUDIO_1014_IWL_FEA_XX_sadtalker.pt
FAKE_T3_1014_IWL_FEA_XX__AUDIO_1014_IWL_HAP_XX_sadtalker,track3,1,crema_1014,HAP,FEA,-1,1,1,1,,data\preprocessed\features\z_at\FAKE_T3_1014_IWL_FEA_XX__AUDIO_1014_IWL_HAP_XX_sadtalker.pt,data\preprocessed\features\z_v\FAKE_T3_1014_IWL_FEA_XX__AUDIO_1014_IWL_HAP_XX_sadtalker.pt
FAKE_T3_1014_IWL_HAP_XX__AUDIO_1014_IWL_NEU_XX_sadtalker,track3,1,crema_1014,NEU,HAP,-1,1,1,1,,data\preprocessed\features\z_at\FAKE_T3_1014_IWL_HAP_XX__AUDIO_1014_IWL_NEU_XX_sadtalker.pt,data\preprocessed\features\z_v\FAKE_T3_1014_IWL_HAP_XX__AUDIO_1014_IWL_NEU_XX_sadtalker.pt
FAKE_T3_1014_IWL_NEU_XX__AUDIO_1014_IWL_SAD_XX_sadtalker,track3,1,crema_1014,SAD,NEU,-1,1,1,1,,data\preprocessed\features\z_at\FAKE_T3_1014_IWL_NEU_XX__AUDIO_1014_IWL_SAD_XX_sadtalker.pt,data\preprocessed\features\z_v\FAKE_T3_1014_IWL_NEU_XX__AUDIO_1014_IWL_SAD_XX_sadtalker.pt
FAKE_T3_1014_IWW_ANG_XX__AUDIO_1014_IWW_DIS_XX_sadtalker,track3,1,crema_1014,DIS,ANG,-1,1,1,1,,data\preprocessed\features\z_at\FAKE_T3_1014_IWW_ANG_XX__AUDIO_1014_IWW_DIS_XX_sadtalker.pt,data\preprocessed\features\z_v\FAKE_T3_1014_IWW_ANG_XX__AUDIO_1014_IWW_DIS_XX_sadtalker.pt
FAKE_T3_1014_IWW_DIS_XX__AUDIO_1014_IWW_FEA_XX_sadtalker,track3,1,crema_1014,FEA,DIS,-1,1,1,1,,data\preprocessed\features\z_at\FAKE_T3_1014_IWW_DIS_XX__AUDIO_1014_IWW_FEA_XX_sadtalker.pt,data\preprocessed\features\z_v\FAKE_T3_1014_IWW_DIS_XX__AUDIO_1014_IWW_FEA_XX_sadtalker.pt
FAKE_T3_1014_IWW_HAP_XX__AUDIO_1014_IWW_NEU_XX_sadtalker,track3,1,crema_1014,NEU,HAP,-1,1,1,1,,data\preprocessed\features\z_at\FAKE_T3_1014_IWW_HAP_XX__AUDIO_1014_IWW_NEU_XX_sadtalker.pt,data\preprocessed\features\z_v\FAKE_T3_1014_IWW_HAP_XX__AUDIO_1014_IWW_NEU_XX_sadtalker.pt
FAKE_T3_1014_IWW_NEU_XX__AUDIO_1014_IWW_SAD_XX_sadtalker,track3,1,crema_1014,SAD,NEU,-1,1,1,1,,data\preprocessed\features\z_at\FAKE_T3_1014_IWW_NEU_XX__AUDIO_1014_IWW_SAD_XX_sadtalker.pt,data\preprocessed\features\z_v\FAKE_T3_1014_IWW_NEU_XX__AUDIO_1014_IWW_SAD_XX_sadtalker.pt
FAKE_T3_1014_IWW_SAD_XX__AUDIO_1014_IWW_ANG_XX_sadtalker,track3,1,crema_1014,ANG,SAD,-1,1,1,1,,data\preprocessed\features\z_at\FAKE_T3_1014_IWW_SAD_XX__AUDIO_1014_IWW_ANG_XX_sadtalker.pt,data\preprocessed\features\z_v\FAKE_T3_1014_IWW_SAD_XX__AUDIO_1014_IWW_ANG_XX_sadtalker.pt
FAKE_T3_1014_MTI_SAD_XX__AUDIO_1014_MTI_ANG_XX_sadtalker,track3,1,crema_1014,ANG,SAD,-1,1,1,1,,data\preprocessed\features\z_at\FAKE_T3_1014_MTI_SAD_XX__AUDIO_1014_MTI_ANG_XX_sadtalker.pt,data\preprocessed\features\z_v\FAKE_T3_1014_MTI_SAD_XX__AUDIO_1014_MTI_ANG_XX_sadtalker.pt
FAKE_T3_1014_TAI_ANG_XX__AUDIO_1014_TAI_DIS_XX_sadtalker,track3,1,crema_1014,DIS,ANG,-1,1,1,1,,data\preprocessed\features\z_at\FAKE_T3_1014_TAI_ANG_XX__AUDIO_1014_TAI_DIS_XX_sadtalker.pt,data\preprocessed\features\z_v\FAKE_T3_1014_TAI_ANG_XX__AUDIO_1014_TAI_DIS_XX_sadtalker.pt
FAKE_T3_1014_TAI_DIS_XX__AUDIO_1014_TAI_FEA_XX_sadtalker,track3,1,crema_1014,FEA,DIS,-1,1,1,1,,data\preprocessed\features\z_at\FAKE_T3_1014_TAI_DIS_XX__AUDIO_1014_TAI_FEA_XX_sadtalker.pt,data\preprocessed\features\z_v\FAKE_T3_1014_TAI_DIS_XX__AUDIO_1014_TAI_FEA_XX_sadtalker.pt
FAKE_T3_1014_TAI_FEA_XX__AUDIO_1014_TAI_HAP_XX_sadtalker,track3,1,crema_1014,HAP,FEA,-1,1,1,1,,data\preprocessed\features\z_at\FAKE_T3_1014_TAI_FEA_XX__AUDIO_1014_TAI_HAP_XX_sadtalker.pt,data\preprocessed\features\z_v\FAKE_T3_1014_TAI_FEA_XX__AUDIO_1014_TAI_HAP_XX_sadtalker.pt
FAKE_T3_1014_TAI_HAP_XX__AUDIO_1014_TAI_NEU_XX_sadtalker,track3,1,crema_1014,NEU,HAP,-1,1,1,1,,data\preprocessed\features\z_at\FAKE_T3_1014_TAI_HAP_XX__AUDIO_1014_TAI_NEU_XX_sadtalker.pt,data\preprocessed\features\z_v\FAKE_T3_1014_TAI_HAP_XX__AUDIO_1014_TAI_NEU_XX_sadtalker.pt
FAKE_T3_1014_TIE_ANG_XX__AUDIO_1014_TIE_DIS_XX_sadtalker,track3,1,crema_1014,DIS,ANG,-1,1,1,1,,data\preprocessed\features\z_at\FAKE_T3_1014_TIE_ANG_XX__AUDIO_1014_TIE_DIS_XX_sadtalker.pt,data\preprocessed\features\z_v\FAKE_T3_1014_TIE_ANG_XX__AUDIO_1014_TIE_DIS_XX_sadtalker.pt
FAKE_T3_1014_TIE_NEU_XX__AUDIO_1014_TIE_SAD_XX_sadtalker,track3,1,crema_1014,SAD,NEU,-1,1,1,1,,data\preprocessed\features\z_at\FAKE_T3_1014_TIE_NEU_XX__AUDIO_1014_TIE_SAD_XX_sadtalker.pt,data\preprocessed\features\z_v\FAKE_T3_1014_TIE_NEU_XX__AUDIO_1014_TIE_SAD_XX_sadtalker.pt
FAKE_T3_1014_TSI_HAP_XX__AUDIO_1014_TSI_NEU_XX_sadtalker,track3,1,crema_1014,NEU,HAP,-1,1,1,1,,data\preprocessed\features\z_at\FAKE_T3_1014_TSI_HAP_XX__AUDIO_1014_TSI_NEU_XX_sadtalker.pt,data\preprocessed\features\z_v\FAKE_T3_1014_TSI_HAP_XX__AUDIO_1014_TSI_NEU_XX_sadtalker.pt
FAKE_T3_1014_TSI_NEU_XX__AUDIO_1014_TSI_SAD_XX_sadtalker,track3,1,crema_1014,SAD,NEU,-1,1,1,1,,data\preprocessed\features\z_at\FAKE_T3_1014_TSI_NEU_XX__AUDIO_1014_TSI_SAD_XX_sadtalker.pt,data\preprocessed\features\z_v\FAKE_T3_1014_TSI_NEU_XX__AUDIO_1014_TSI_SAD_XX_sadtalker.pt
FAKE_T3_1014_TSI_SAD_XX__AUDIO_1014_TSI_ANG_XX_sadtalker,track3,1,crema_1014,ANG,SAD,-1,1,1,1,,data\preprocessed\features\z_at\FAKE_T3_1014_TSI_SAD_XX__AUDIO_1014_TSI_ANG_XX_sadtalker.pt,data\preprocessed\features\z_v\FAKE_T3_1014_TSI_SAD_XX__AUDIO_1014_TSI_ANG_XX_sadtalker.pt
FAKE_T3_1014_WSI_DIS_XX__AUDIO_1014_WSI_FEA_XX_sadtalker,track3,1,crema_1014,FEA,DIS,-1,1,1,1,,data\preprocessed\features\z_at\FAKE_T3_1014_WSI_DIS_XX__AUDIO_1014_WSI_FEA_XX_sadtalker.pt,data\preprocessed\features\z_v\FAKE_T3_1014_WSI_DIS_XX__AUDIO_1014_WSI_FEA_XX_sadtalker.pt
FAKE_T3_1014_WSI_FEA_XX__AUDIO_1014_WSI_HAP_XX_sadtalker,track3,1,crema_1014,HAP,FEA,-1,1,1,1,,data\preprocessed\features\z_at\FAKE_T3_1014_WSI_FEA_XX__AUDIO_1014_WSI_HAP_XX_sadtalker.pt,data\preprocessed\features\z_v\FAKE_T3_1014_WSI_FEA_XX__AUDIO_1014_WSI_HAP_XX_sadtalker.pt
FAKE_T3_1015_DFA_ANG_XX__AUDIO_1015_DFA_DIS_XX_sadtalker,track3,1,crema_1015,DIS,ANG,-1,1,1,1,,data\preprocessed\features\z_at\FAKE_T3_1015_DFA_ANG_XX__AUDIO_1015_DFA_DIS_XX_sadtalker.pt,data\preprocessed\features\z_v\FAKE_T3_1015_DFA_ANG_XX__AUDIO_1015_DFA_DIS_XX_sadtalker.pt
FAKE_T3_1015_DFA_DIS_XX__AUDIO_1015_DFA_FEA_XX_sadtalker,track3,1,crema_1015,FEA,DIS,-1,1,1,1,,data\preprocessed\features\z_at\FAKE_T3_1015_DFA_DIS_XX__AUDIO_1015_DFA_FEA_XX_sadtalker.pt,data\preprocessed\features\z_v\FAKE_T3_1015_DFA_DIS_XX__AUDIO_1015_DFA_FEA_XX_sadtalker.pt
FAKE_T3_1015_DFA_FEA_XX__AUDIO_1015_DFA_HAP_XX_sadtalker,track3,1,crema_1015,HAP,FEA,-1,1,1,1,,data\preprocessed\features\z_at\FAKE_T3_1015_DFA_FEA_XX__AUDIO_1015_DFA_HAP_XX_sadtalker.pt,data\preprocessed\features\z_v\FAKE_T3_1015_DFA_FEA_XX__AUDIO_1015_DFA_HAP_XX_sadtalker.pt
FAKE_T3_1015_DFA_HAP_XX__AUDIO_1015_DFA_NEU_XX_sadtalker,track3,1,crema_1015,NEU,HAP,-1,1,1,1,,data\preprocessed\features\z_at\FAKE_T3_1015_DFA_HAP_XX__AUDIO_1015_DFA_NEU_XX_sadtalker.pt,data\preprocessed\features\z_v\FAKE_T3_1015_DFA_HAP_XX__AUDIO_1015_DFA_NEU_XX_sadtalker.pt
FAKE_T3_1015_DFA_SAD_XX__AUDIO_1015_DFA_ANG_XX_sadtalker,track3,1,crema_1015,ANG,SAD,-1,1,1,1,,data\preprocessed\features\z_at\FAKE_T3_1015_DFA_SAD_XX__AUDIO_1015_DFA_ANG_XX_sadtalker.pt,data\preprocessed\features\z_v\FAKE_T3_1015_DFA_SAD_XX__AUDIO_1015_DFA_ANG_XX_sadtalker.pt
FAKE_T3_1015_IEO_DIS_HI__AUDIO_1015_IEO_FEA_HI_sadtalker,track3,1,crema_1015,FEA,DIS,-1,1,1,1,,data\preprocessed\features\z_at\FAKE_T3_1015_IEO_DIS_HI__AUDIO_1015_IEO_FEA_HI_sadtalker.pt,data\preprocessed\features\z_v\FAKE_T3_1015_IEO_DIS_HI__AUDIO_1015_IEO_FEA_HI_sadtalker.pt
FAKE_T3_1015_IEO_DIS_MD__AUDIO_1015_IEO_FEA_MD_sadtalker,track3,1,crema_1015,FEA,DIS,-1,1,1,1,,data\preprocessed\features\z_at\FAKE_T3_1015_IEO_DIS_MD__AUDIO_1015_IEO_FEA_MD_sadtalker.pt,data\preprocessed\features\z_v\FAKE_T3_1015_IEO_DIS_MD__AUDIO_1015_IEO_FEA_MD_sadtalker.pt
FAKE_T3_1015_IEO_FEA_MD__AUDIO_1015_IEO_HAP_MD_sadtalker,track3,1,crema_1015,HAP,FEA,-1,1,1,1,,data\preprocessed\features\z_at\FAKE_T3_1015_IEO_FEA_MD__AUDIO_1015_IEO_HAP_MD_sadtalker.pt,data\preprocessed\features\z_v\FAKE_T3_1015_IEO_FEA_MD__AUDIO_1015_IEO_HAP_MD_sadtalker.pt
FAKE_T3_1015_IEO_HAP_MD__AUDIO_1015_IEO_NEU_XX_sadtalker,track3,1,crema_1015,NEU,HAP,-1,1,1,1,,data\preprocessed\features\z_at\FAKE_T3_1015_IEO_HAP_MD__AUDIO_1015_IEO_NEU_XX_sadtalker.pt,data\preprocessed\features\z_v\FAKE_T3_1015_IEO_HAP_MD__AUDIO_1015_IEO_NEU_XX_sadtalker.pt
FAKE_T3_1015_IEO_NEU_XX__AUDIO_1015_IEO_SAD_HI_sadtalker,track3,1,crema_1015,SAD,NEU,-1,1,1,1,,data\preprocessed\features\z_at\FAKE_T3_1015_IEO_NEU_XX__AUDIO_1015_IEO_SAD_HI_sadtalker.pt,data\preprocessed\features\z_v\FAKE_T3_1015_IEO_NEU_XX__AUDIO_1015_IEO_SAD_HI_sadtalker.pt
FAKE_T3_1015_IEO_SAD_MD__AUDIO_1015_IEO_ANG_MD_sadtalker,track3,1,crema_1015,ANG,SAD,-1,1,1,1,,data\preprocessed\features\z_at\FAKE_T3_1015_IEO_SAD_MD__AUDIO_1015_IEO_ANG_MD_sadtalker.pt,data\preprocessed\features\z_v\FAKE_T3_1015_IEO_SAD_MD__AUDIO_1015_IEO_ANG_MD_sadtalker.pt
FAKE_T3_1015_IOM_ANG_XX__AUDIO_1015_IOM_DIS_XX_sadtalker,track3,1,crema_1015,DIS,ANG,-1,1,1,1,,data\preprocessed\features\z_at\FAKE_T3_1015_IOM_ANG_XX__AUDIO_1015_IOM_DIS_XX_sadtalker.pt,data\preprocessed\features\z_v\FAKE_T3_1015_IOM_ANG_XX__AUDIO_1015_IOM_DIS_XX_sadtalker.pt
FAKE_T3_1015_IOM_HAP_XX__AUDIO_1015_IOM_NEU_XX_sadtalker,track3,1,crema_1015,NEU,HAP,-1,1,1,1,,data\preprocessed\features\z_at\FAKE_T3_1015_IOM_HAP_XX__AUDIO_1015_IOM_NEU_XX_sadtalker.pt,data\preprocessed\features\z_v\FAKE_T3_1015_IOM_HAP_XX__AUDIO_1015_IOM_NEU_XX_sadtalker.pt
FAKE_T3_1015_ITH_DIS_XX__AUDIO_1015_ITH_FEA_XX_sadtalker,track3,1,crema_1015,FEA,DIS,-1,1,1,1,,data\preprocessed\features\z_at\FAKE_T3_1015_ITH_DIS_XX__AUDIO_1015_ITH_FEA_XX_sadtalker.pt,data\preprocessed\features\z_v\FAKE_T3_1015_ITH_DIS_XX__AUDIO_1015_ITH_FEA_XX_sadtalker.pt
FAKE_T3_1015_ITH_FEA_XX__AUDIO_1015_ITH_HAP_XX_sadtalker,track3,1,crema_1015,HAP,FEA,-1,1,1,1,,data\preprocessed\features\z_at\FAKE_T3_1015_ITH_FEA_XX__AUDIO_1015_ITH_HAP_XX_sadtalker.pt,data\preprocessed\features\z_v\FAKE_T3_1015_ITH_FEA_XX__AUDIO_1015_ITH_HAP_XX_sadtalker.pt
FAKE_T3_1015_ITH_HAP_XX__AUDIO_1015_ITH_NEU_XX_sadtalker,track3,1,crema_1015,NEU,HAP,-1,1,1,1,,data\preprocessed\features\z_at\FAKE_T3_1015_ITH_HAP_XX__AUDIO_1015_ITH_NEU_XX_sadtalker.pt,data\preprocessed\features\z_v\FAKE_T3_1015_ITH_HAP_XX__AUDIO_1015_ITH_NEU_XX_sadtalker.pt
FAKE_T3_1015_ITH_SAD_XX__AUDIO_1015_ITH_ANG_XX_sadtalker,track3,1,crema_1015,ANG,SAD,-1,1,1,1,,data\preprocessed\features\z_at\FAKE_T3_1015_ITH_SAD_XX__AUDIO_1015_ITH_ANG_XX_sadtalker.pt,data\preprocessed\features\z_v\FAKE_T3_1015_ITH_SAD_XX__AUDIO_1015_ITH_ANG_XX_sadtalker.pt
FAKE_T3_1015_ITS_ANG_XX__AUDIO_1015_ITS_DIS_XX_sadtalker,track3,1,crema_1015,DIS,ANG,-1,1,1,1,,data\preprocessed\features\z_at\FAKE_T3_1015_ITS_ANG_XX__AUDIO_1015_ITS_DIS_XX_sadtalker.pt,data\preprocessed\features\z_v\FAKE_T3_1015_ITS_ANG_XX__AUDIO_1015_ITS_DIS_XX_sadtalker.pt
FAKE_T3_1015_ITS_FEA_XX__AUDIO_1015_ITS_HAP_XX_sadtalker,track3,1,crema_1015,HAP,FEA,-1,1,1,1,,data\preprocessed\features\z_at\FAKE_T3_1015_ITS_FEA_XX__AUDIO_1015_ITS_HAP_XX_sadtalker.pt,data\preprocessed\features\z_v\FAKE_T3_1015_ITS_FEA_XX__AUDIO_1015_ITS_HAP_XX_sadtalker.pt
FAKE_T3_1015_ITS_NEU_XX__AUDIO_1015_ITS_SAD_XX_sadtalker,track3,1,crema_1015,SAD,NEU,-1,1,1,1,,data\preprocessed\features\z_at\FAKE_T3_1015_ITS_NEU_XX__AUDIO_1015_ITS_SAD_XX_sadtalker.pt,data\preprocessed\features\z_v\FAKE_T3_1015_ITS_NEU_XX__AUDIO_1015_ITS_SAD_XX_sadtalker.pt
FAKE_T3_1015_IWL_ANG_XX__AUDIO_1015_IWL_DIS_XX_sadtalker,track3,1,crema_1015,DIS,ANG,-1,1,1,1,,data\preprocessed\features\z_at\FAKE_T3_1015_IWL_ANG_XX__AUDIO_1015_IWL_DIS_XX_sadtalker.pt,data\preprocessed\features\z_v\FAKE_T3_1015_IWL_ANG_XX__AUDIO_1015_IWL_DIS_XX_sadtalker.pt
FAKE_T3_1015_IWL_FEA_XX__AUDIO_1015_IWL_HAP_XX_sadtalker,track3,1,crema_1015,HAP,FEA,-1,1,1,1,,data\preprocessed\features\z_at\FAKE_T3_1015_IWL_FEA_XX__AUDIO_1015_IWL_HAP_XX_sadtalker.pt,data\preprocessed\features\z_v\FAKE_T3_1015_IWL_FEA_XX__AUDIO_1015_IWL_HAP_XX_sadtalker.pt
FAKE_T3_1015_IWL_HAP_XX__AUDIO_1015_IWL_NEU_XX_sadtalker,track3,1,crema_1015,NEU,HAP,-1,1,1,1,,data\preprocessed\features\z_at\FAKE_T3_1015_IWL_HAP_XX__AUDIO_1015_IWL_NEU_XX_sadtalker.pt,data\preprocessed\features\z_v\FAKE_T3_1015_IWL_HAP_XX__AUDIO_1015_IWL_NEU_XX_sadtalker.pt
FAKE_T3_1015_IWL_NEU_XX__AUDIO_1015_IWL_SAD_XX_sadtalker,track3,1,crema_1015,SAD,NEU,-1,1,1,1,,data\preprocessed\features\z_at\FAKE_T3_1015_IWL_NEU_XX__AUDIO_1015_IWL_SAD_XX_sadtalker.pt,data\preprocessed\features\z_v\FAKE_T3_1015_IWL_NEU_XX__AUDIO_1015_IWL_SAD_XX_sadtalker.pt
FAKE_T3_1015_IWL_SAD_XX__AUDIO_1015_IWL_ANG_XX_sadtalker,track3,1,crema_1015,ANG,SAD,-1,1,1,1,,data\preprocessed\features\z_at\FAKE_T3_1015_IWL_SAD_XX__AUDIO_1015_IWL_ANG_XX_sadtalker.pt,data\preprocessed\features\z_v\FAKE_T3_1015_IWL_SAD_XX__AUDIO_1015_IWL_ANG_XX_sadtalker.pt
FAKE_T3_1015_IWW_ANG_XX__AUDIO_1015_IWW_DIS_XX_sadtalker,track3,1,crema_1015,DIS,ANG,-1,1,1,1,,data\preprocessed\features\z_at\FAKE_T3_1015_IWW_ANG_XX__AUDIO_1015_IWW_DIS_XX_sadtalker.pt,data\preprocessed\features\z_v\FAKE_T3_1015_IWW_ANG_XX__AUDIO_1015_IWW_DIS_XX_sadtalker.pt
FAKE_T3_1015_IWW_FEA_XX__AUDIO_1015_IWW_HAP_XX_sadtalker,track3,1,crema_1015,HAP,FEA,-1,1,1,1,,data\preprocessed\features\z_at\FAKE_T3_1015_IWW_FEA_XX__AUDIO_1015_IWW_HAP_XX_sadtalker.pt,data\preprocessed\features\z_v\FAKE_T3_1015_IWW_FEA_XX__AUDIO_1015_IWW_HAP_XX_sadtalker.pt
FAKE_T3_1015_IWW_HAP_XX__AUDIO_1015_IWW_NEU_XX_sadtalker,track3,1,crema_1015,NEU,HAP,-1,1,1,1,,data\preprocessed\features\z_at\FAKE_T3_1015_IWW_HAP_XX__AUDIO_1015_IWW_NEU_XX_sadtalker.pt,data\preprocessed\features\z_v\FAKE_T3_1015_IWW_HAP_XX__AUDIO_1015_IWW_NEU_XX_sadtalker.pt
FAKE_T3_1015_IWW_NEU_XX__AUDIO_1015_IWW_SAD_XX_sadtalker,track3,1,crema_1015,SAD,NEU,-1,1,1,1,,data\preprocessed\features\z_at\FAKE_T3_1015_IWW_NEU_XX__AUDIO_1015_IWW_SAD_XX_sadtalker.pt,data\preprocessed\features\z_v\FAKE_T3_1015_IWW_NEU_XX__AUDIO_1015_IWW_SAD_XX_sadtalker.pt
FAKE_T3_1015_IWW_SAD_XX__AUDIO_1015_IWW_ANG_XX_sadtalker,track3,1,crema_1015,ANG,SAD,-1,1,1,1,,data\preprocessed\features\z_at\FAKE_T3_1015_IWW_SAD_XX__AUDIO_1015_IWW_ANG_XX_sadtalker.pt,data\preprocessed\features\z_v\FAKE_T3_1015_IWW_SAD_XX__AUDIO_1015_IWW_ANG_XX_sadtalker.pt
FAKE_T3_1015_MTI_ANG_XX__AUDIO_1015_MTI_DIS_XX_sadtalker,track3,1,crema_1015,DIS,ANG,-1,1,1,1,,data\preprocessed\features\z_at\FAKE_T3_1015_MTI_ANG_XX__AUDIO_1015_MTI_DIS_XX_sadtalker.pt,data\preprocessed\features\z_v\FAKE_T3_1015_MTI_ANG_XX__AUDIO_1015_MTI_DIS_XX_sadtalker.pt
FAKE_T3_1015_MTI_DIS_XX__AUDIO_1015_MTI_FEA_XX_sadtalker,track3,1,crema_1015,FEA,DIS,-1,1,1,1,,data\preprocessed\features\z_at\FAKE_T3_1015_MTI_DIS_XX__AUDIO_1015_MTI_FEA_XX_sadtalker.pt,data\preprocessed\features\z_v\FAKE_T3_1015_MTI_DIS_XX__AUDIO_1015_MTI_FEA_XX_sadtalker.pt
FAKE_T3_1015_MTI_HAP_XX__AUDIO_1015_MTI_NEU_XX_sadtalker,track3,1,crema_1015,NEU,HAP,-1,1,1,1,,data\preprocessed\features\z_at\FAKE_T3_1015_MTI_HAP_XX__AUDIO_1015_MTI_NEU_XX_sadtalker.pt,data\preprocessed\features\z_v\FAKE_T3_1015_MTI_HAP_XX__AUDIO_1015_MTI_NEU_XX_sadtalker.pt
FAKE_T3_1015_TIE_FEA_XX__AUDIO_1015_TIE_HAP_XX_sadtalker,track3,1,crema_1015,HAP,FEA,-1,1,1,1,,data\preprocessed\features\z_at\FAKE_T3_1015_TIE_FEA_XX__AUDIO_1015_TIE_HAP_XX_sadtalker.pt,data\preprocessed\features\z_v\FAKE_T3_1015_TIE_FEA_XX__AUDIO_1015_TIE_HAP_XX_sadtalker.pt
FAKE_T3_1015_TIE_NEU_XX__AUDIO_1015_TIE_SAD_XX_sadtalker,track3,1,crema_1015,SAD,NEU,-1,1,1,1,,data\preprocessed\features\z_at\FAKE_T3_1015_TIE_NEU_XX__AUDIO_1015_TIE_SAD_XX_sadtalker.pt,data\preprocessed\features\z_v\FAKE_T3_1015_TIE_NEU_XX__AUDIO_1015_TIE_SAD_XX_sadtalker.pt
FAKE_T3_1015_TSI_DIS_XX__AUDIO_1015_TSI_FEA_XX_sadtalker,track3,1,crema_1015,FEA,DIS,-1,1,1,1,,data\preprocessed\features\z_at\FAKE_T3_1015_TSI_DIS_XX__AUDIO_1015_TSI_FEA_XX_sadtalker.pt,data\preprocessed\features\z_v\FAKE_T3_1015_TSI_DIS_XX__AUDIO_1015_TSI_FEA_XX_sadtalker.pt
FAKE_T3_1015_TSI_FEA_XX__AUDIO_1015_TSI_HAP_XX_sadtalker,track3,1,crema_1015,HAP,FEA,-1,1,1,1,,data\preprocessed\features\z_at\FAKE_T3_1015_TSI_FEA_XX__AUDIO_1015_TSI_HAP_XX_sadtalker.pt,data\preprocessed\features\z_v\FAKE_T3_1015_TSI_FEA_XX__AUDIO_1015_TSI_HAP_XX_sadtalker.pt
FAKE_T3_1015_TSI_NEU_XX__AUDIO_1015_TSI_SAD_XX_sadtalker,track3,1,crema_1015,SAD,NEU,-1,1,1,1,,data\preprocessed\features\z_at\FAKE_T3_1015_TSI_NEU_XX__AUDIO_1015_TSI_SAD_XX_sadtalker.pt,data\preprocessed\features\z_v\FAKE_T3_1015_TSI_NEU_XX__AUDIO_1015_TSI_SAD_XX_sadtalker.pt
FAKE_T3_1015_WSI_ANG_XX__AUDIO_1015_WSI_DIS_XX_sadtalker,track3,1,crema_1015,DIS,ANG,-1,1,1,1,,data\preprocessed\features\z_at\FAKE_T3_1015_WSI_ANG_XX__AUDIO_1015_WSI_DIS_XX_sadtalker.pt,data\preprocessed\features\z_v\FAKE_T3_1015_WSI_ANG_XX__AUDIO_1015_WSI_DIS_XX_sadtalker.pt
FAKE_T3_1015_WSI_DIS_XX__AUDIO_1015_WSI_FEA_XX_sadtalker,track3,1,crema_1015,FEA,DIS,-1,1,1,1,,data\preprocessed\features\z_at\FAKE_T3_1015_WSI_DIS_XX__AUDIO_1015_WSI_FEA_XX_sadtalker.pt,data\preprocessed\features\z_v\FAKE_T3_1015_WSI_DIS_XX__AUDIO_1015_WSI_FEA_XX_sadtalker.pt
FAKE_T3_1015_WSI_HAP_XX__AUDIO_1015_WSI_NEU_XX_sadtalker,track3,1,crema_1015,NEU,HAP,-1,1,1,1,,data\preprocessed\features\z_at\FAKE_T3_1015_WSI_HAP_XX__AUDIO_1015_WSI_NEU_XX_sadtalker.pt,data\preprocessed\features\z_v\FAKE_T3_1015_WSI_HAP_XX__AUDIO_1015_WSI_NEU_XX_sadtalker.pt
FAKE_T3_1017_DFA_ANG_XX__AUDIO_1017_DFA_DIS_XX_sadtalker,track3,1,crema_1017,DIS,ANG,-1,1,1,1,,data\preprocessed\features\z_at\FAKE_T3_1017_DFA_ANG_XX__AUDIO_1017_DFA_DIS_XX_sadtalker.pt,data\preprocessed\features\z_v\FAKE_T3_1017_DFA_ANG_XX__AUDIO_1017_DFA_DIS_XX_sadtalker.pt
FAKE_T3_1017_DFA_HAP_XX__AUDIO_1017_DFA_NEU_XX_sadtalker,track3,1,crema_1017,NEU,HAP,-1,1,1,1,,data\preprocessed\features\z_at\FAKE_T3_1017_DFA_HAP_XX__AUDIO_1017_DFA_NEU_XX_sadtalker.pt,data\preprocessed\features\z_v\FAKE_T3_1017_DFA_HAP_XX__AUDIO_1017_DFA_NEU_XX_sadtalker.pt
FAKE_T3_1017_DFA_NEU_XX__AUDIO_1017_DFA_SAD_XX_sadtalker,track3,1,crema_1017,SAD,NEU,-1,1,1,1,,data\preprocessed\features\z_at\FAKE_T3_1017_DFA_NEU_XX__AUDIO_1017_DFA_SAD_XX_sadtalker.pt,data\preprocessed\features\z_v\FAKE_T3_1017_DFA_NEU_XX__AUDIO_1017_DFA_SAD_XX_sadtalker.pt
FAKE_T3_1017_IEO_ANG_LO__AUDIO_1017_IEO_DIS_LO_sadtalker,track3,1,crema_1017,DIS,ANG,-1,1,1,1,,data\preprocessed\features\z_at\FAKE_T3_1017_IEO_ANG_LO__AUDIO_1017_IEO_DIS_LO_sadtalker.pt,data\preprocessed\features\z_v\FAKE_T3_1017_IEO_ANG_LO__AUDIO_1017_IEO_DIS_LO_sadtalker.pt
FAKE_T3_1017_IEO_ANG_MD__AUDIO_1017_IEO_DIS_MD_sadtalker,track3,1,crema_1017,DIS,ANG,-1,1,1,1,,data\preprocessed\features\z_at\FAKE_T3_1017_IEO_ANG_MD__AUDIO_1017_IEO_DIS_MD_sadtalker.pt,data\preprocessed\features\z_v\FAKE_T3_1017_IEO_ANG_MD__AUDIO_1017_IEO_DIS_MD_sadtalker.pt
FAKE_T3_1017_IEO_FEA_HI__AUDIO_1017_IEO_HAP_HI_sadtalker,track3,1,crema_1017,HAP,FEA,-1,1,1,1,,data\preprocessed\features\z_at\FAKE_T3_1017_IEO_FEA_HI__AUDIO_1017_IEO_HAP_HI_sadtalker.pt,data\preprocessed\features\z_v\FAKE_T3_1017_IEO_FEA_HI__AUDIO_1017_IEO_HAP_HI_sadtalker.pt
FAKE_T3_1017_IEO_FEA_LO__AUDIO_1017_IEO_HAP_LO_sadtalker,track3,1,crema_1017,HAP,FEA,-1,1,1,1,,data\preprocessed\features\z_at\FAKE_T3_1017_IEO_FEA_LO__AUDIO_1017_IEO_HAP_LO_sadtalker.pt,data\preprocessed\features\z_v\FAKE_T3_1017_IEO_FEA_LO__AUDIO_1017_IEO_HAP_LO_sadtalker.pt
FAKE_T3_1017_IEO_FEA_MD__AUDIO_1017_IEO_HAP_MD_sadtalker,track3,1,crema_1017,HAP,FEA,-1,1,1,1,,data\preprocessed\features\z_at\FAKE_T3_1017_IEO_FEA_MD__AUDIO_1017_IEO_HAP_MD_sadtalker.pt,data\preprocessed\features\z_v\FAKE_T3_1017_IEO_FEA_MD__AUDIO_1017_IEO_HAP_MD_sadtalker.pt
FAKE_T3_1017_IEO_HAP_MD__AUDIO_1017_IEO_NEU_XX_sadtalker,track3,1,crema_1017,NEU,HAP,-1,1,1,1,,data\preprocessed\features\z_at\FAKE_T3_1017_IEO_HAP_MD__AUDIO_1017_IEO_NEU_XX_sadtalker.pt,data\preprocessed\features\z_v\FAKE_T3_1017_IEO_HAP_MD__AUDIO_1017_IEO_NEU_XX_sadtalker.pt
FAKE_T3_1017_IEO_SAD_HI__AUDIO_1017_IEO_ANG_HI_sadtalker,track3,1,crema_1017,ANG,SAD,-1,1,1,1,,data\preprocessed\features\z_at\FAKE_T3_1017_IEO_SAD_HI__AUDIO_1017_IEO_ANG_HI_sadtalker.pt,data\preprocessed\features\z_v\FAKE_T3_1017_IEO_SAD_HI__AUDIO_1017_IEO_ANG_HI_sadtalker.pt
FAKE_T3_1017_IOM_SAD_XX__AUDIO_1017_IOM_ANG_XX_sadtalker,track3,1,crema_1017,ANG,SAD,-1,1,1,1,,data\preprocessed\features\z_at\FAKE_T3_1017_IOM_SAD_XX__AUDIO_1017_IOM_ANG_XX_sadtalker.pt,data\preprocessed\features\z_v\FAKE_T3_1017_IOM_SAD_XX__AUDIO_1017_IOM_ANG_XX_sadtalker.pt
FAKE_T3_1017_ITH_NEU_XX__AUDIO_1017_ITH_SAD_XX_sadtalker,track3,1,crema_1017,SAD,NEU,-1,1,1,1,,data\preprocessed\features\z_at\FAKE_T3_1017_ITH_NEU_XX__AUDIO_1017_ITH_SAD_XX_sadtalker.pt,data\preprocessed\features\z_v\FAKE_T3_1017_ITH_NEU_XX__AUDIO_1017_ITH_SAD_XX_sadtalker.pt
FAKE_T3_1017_ITS_FEA_XX__AUDIO_1017_ITS_HAP_XX_sadtalker,track3,1,crema_1017,HAP,FEA,-1,1,1,1,,data\preprocessed\features\z_at\FAKE_T3_1017_ITS_FEA_XX__AUDIO_1017_ITS_HAP_XX_sadtalker.pt,data\preprocessed\features\z_v\FAKE_T3_1017_ITS_FEA_XX__AUDIO_1017_ITS_HAP_XX_sadtalker.pt
FAKE_T3_1017_ITS_HAP_XX__AUDIO_1017_ITS_NEU_XX_sadtalker,track3,1,crema_1017,NEU,HAP,-1,1,1,1,,data\preprocessed\features\z_at\FAKE_T3_1017_ITS_HAP_XX__AUDIO_1017_ITS_NEU_XX_sadtalker.pt,data\preprocessed\features\z_v\FAKE_T3_1017_ITS_HAP_XX__AUDIO_1017_ITS_NEU_XX_sadtalker.pt
FAKE_T3_1017_ITS_SAD_XX__AUDIO_1017_ITS_ANG_XX_sadtalker,track3,1,crema_1017,ANG,SAD,-1,1,1,1,,data\preprocessed\features\z_at\FAKE_T3_1017_ITS_SAD_XX__AUDIO_1017_ITS_ANG_XX_sadtalker.pt,data\preprocessed\features\z_v\FAKE_T3_1017_ITS_SAD_XX__AUDIO_1017_ITS_ANG_XX_sadtalker.pt
FAKE_T3_1017_IWL_ANG_XX__AUDIO_1017_IWL_DIS_XX_sadtalker,track3,1,crema_1017,DIS,ANG,-1,1,1,1,,data\preprocessed\features\z_at\FAKE_T3_1017_IWL_ANG_XX__AUDIO_1017_IWL_DIS_XX_sadtalker.pt,data\preprocessed\features\z_v\FAKE_T3_1017_IWL_ANG_XX__AUDIO_1017_IWL_DIS_XX_sadtalker.pt
FAKE_T3_1017_IWL_DIS_XX__AUDIO_1017_IWL_FEA_XX_sadtalker,track3,1,crema_1017,FEA,DIS,-1,1,1,1,,data\preprocessed\features\z_at\FAKE_T3_1017_IWL_DIS_XX__AUDIO_1017_IWL_FEA_XX_sadtalker.pt,data\preprocessed\features\z_v\FAKE_T3_1017_IWL_DIS_XX__AUDIO_1017_IWL_FEA_XX_sadtalker.pt
FAKE_T3_1017_IWL_HAP_XX__AUDIO_1017_IWL_NEU_XX_sadtalker,track3,1,crema_1017,NEU,HAP,-1,1,1,1,,data\preprocessed\features\z_at\FAKE_T3_1017_IWL_HAP_XX__AUDIO_1017_IWL_NEU_XX_sadtalker.pt,data\preprocessed\features\z_v\FAKE_T3_1017_IWL_HAP_XX__AUDIO_1017_IWL_NEU_XX_sadtalker.pt
FAKE_T3_1017_IWW_ANG_XX__AUDIO_1017_IWW_DIS_XX_sadtalker,track3,1,crema_1017,DIS,ANG,-1,1,1,1,,data\preprocessed\features\z_at\FAKE_T3_1017_IWW_ANG_XX__AUDIO_1017_IWW_DIS_XX_sadtalker.pt,data\preprocessed\features\z_v\FAKE_T3_1017_IWW_ANG_XX__AUDIO_1017_IWW_DIS_XX_sadtalker.pt
FAKE_T3_1017_IWW_DIS_XX__AUDIO_1017_IWW_FEA_XX_sadtalker,track3,1,crema_1017,FEA,DIS,-1,1,1,1,,data\preprocessed\features\z_at\FAKE_T3_1017_IWW_DIS_XX__AUDIO_1017_IWW_FEA_XX_sadtalker.pt,data\preprocessed\features\z_v\FAKE_T3_1017_IWW_DIS_XX__AUDIO_1017_IWW_FEA_XX_sadtalker.pt
FAKE_T3_1017_IWW_FEA_XX__AUDIO_1017_IWW_HAP_XX_sadtalker,track3,1,crema_1017,HAP,FEA,-1,1,1,1,,data\preprocessed\features\z_at\FAKE_T3_1017_IWW_FEA_XX__AUDIO_1017_IWW_HAP_XX_sadtalker.pt,data\preprocessed\features\z_v\FAKE_T3_1017_IWW_FEA_XX__AUDIO_1017_IWW_HAP_XX_sadtalker.pt
FAKE_T3_1017_IWW_HAP_XX__AUDIO_1017_IWW_NEU_XX_sadtalker,track3,1,crema_1017,NEU,HAP,-1,1,1,1,,data\preprocessed\features\z_at\FAKE_T3_1017_IWW_HAP_XX__AUDIO_1017_IWW_NEU_XX_sadtalker.pt,data\preprocessed\features\z_v\FAKE_T3_1017_IWW_HAP_XX__AUDIO_1017_IWW_NEU_XX_sadtalker.pt
FAKE_T3_1017_IWW_SAD_XX__AUDIO_1017_IWW_ANG_XX_sadtalker,track3,1,crema_1017,ANG,SAD,-1,1,1,1,,data\preprocessed\features\z_at\FAKE_T3_1017_IWW_SAD_XX__AUDIO_1017_IWW_ANG_XX_sadtalker.pt,data\preprocessed\features\z_v\FAKE_T3_1017_IWW_SAD_XX__AUDIO_1017_IWW_ANG_XX_sadtalker.pt
FAKE_T3_1017_MTI_ANG_XX__AUDIO_1017_MTI_DIS_XX_sadtalker,track3,1,crema_1017,DIS,ANG,-1,1,1,1,,data\preprocessed\features\z_at\FAKE_T3_1017_MTI_ANG_XX__AUDIO_1017_MTI_DIS_XX_sadtalker.pt,data\preprocessed\features\z_v\FAKE_T3_1017_MTI_ANG_XX__AUDIO_1017_MTI_DIS_XX_sadtalker.pt
FAKE_T3_1017_MTI_DIS_XX__AUDIO_1017_MTI_FEA_XX_sadtalker,track3,1,crema_1017,FEA,DIS,-1,1,1,1,,data\preprocessed\features\z_at\FAKE_T3_1017_MTI_DIS_XX__AUDIO_1017_MTI_FEA_XX_sadtalker.pt,data\preprocessed\features\z_v\FAKE_T3_1017_MTI_DIS_XX__AUDIO_1017_MTI_FEA_XX_sadtalker.pt
FAKE_T3_1017_MTI_SAD_XX__AUDIO_1017_MTI_ANG_XX_sadtalker,track3,1,crema_1017,ANG,SAD,-1,1,1,1,,data\preprocessed\features\z_at\FAKE_T3_1017_MTI_SAD_XX__AUDIO_1017_MTI_ANG_XX_sadtalker.pt,data\preprocessed\features\z_v\FAKE_T3_1017_MTI_SAD_XX__AUDIO_1017_MTI_ANG_XX_sadtalker.pt
FAKE_T3_1017_TAI_FEA_XX__AUDIO_1017_TAI_HAP_XX_sadtalker,track3,1,crema_1017,HAP,FEA,-1,1,1,1,,data\preprocessed\features\z_at\FAKE_T3_1017_TAI_FEA_XX__AUDIO_1017_TAI_HAP_XX_sadtalker.pt,data\preprocessed\features\z_v\FAKE_T3_1017_TAI_FEA_XX__AUDIO_1017_TAI_HAP_XX_sadtalker.pt
FAKE_T3_1017_TAI_HAP_XX__AUDIO_1017_TAI_NEU_XX_sadtalker,track3,1,crema_1017,NEU,HAP,-1,1,1,1,,data\preprocessed\features\z_at\FAKE_T3_1017_TAI_HAP_XX__AUDIO_1017_TAI_NEU_XX_sadtalker.pt,data\preprocessed\features\z_v\FAKE_T3_1017_TAI_HAP_XX__AUDIO_1017_TAI_NEU_XX_sadtalker.pt
FAKE_T3_1017_TAI_NEU_XX__AUDIO_1017_TAI_SAD_XX_sadtalker,track3,1,crema_1017,SAD,NEU,-1,1,1,1,,data\preprocessed\features\z_at\FAKE_T3_1017_TAI_NEU_XX__AUDIO_1017_TAI_SAD_XX_sadtalker.pt,data\preprocessed\features\z_v\FAKE_T3_1017_TAI_NEU_XX__AUDIO_1017_TAI_SAD_XX_sadtalker.pt
FAKE_T3_1017_TAI_SAD_XX__AUDIO_1017_TAI_ANG_XX_sadtalker,track3,1,crema_1017,ANG,SAD,-1,1,1,1,,data\preprocessed\features\z_at\FAKE_T3_1017_TAI_SAD_XX__AUDIO_1017_TAI_ANG_XX_sadtalker.pt,data\preprocessed\features\z_v\FAKE_T3_1017_TAI_SAD_XX__AUDIO_1017_TAI_ANG_XX_sadtalker.pt
FAKE_T3_1017_TIE_ANG_XX__AUDIO_1017_TIE_DIS_XX_sadtalker,track3,1,crema_1017,DIS,ANG,-1,1,1,1,,data\preprocessed\features\z_at\FAKE_T3_1017_TIE_ANG_XX__AUDIO_1017_TIE_DIS_XX_sadtalker.pt,data\preprocessed\features\z_v\FAKE_T3_1017_TIE_ANG_XX__AUDIO_1017_TIE_DIS_XX_sadtalker.pt
FAKE_T3_1017_TIE_FEA_XX__AUDIO_1017_TIE_HAP_XX_sadtalker,track3,1,crema_1017,HAP,FEA,-1,1,1,1,,data\preprocessed\features\z_at\FAKE_T3_1017_TIE_FEA_XX__AUDIO_1017_TIE_HAP_XX_sadtalker.pt,data\preprocessed\features\z_v\FAKE_T3_1017_TIE_FEA_XX__AUDIO_1017_TIE_HAP_XX_sadtalker.pt
FAKE_T3_1017_TIE_HAP_XX__AUDIO_1017_TIE_NEU_XX_sadtalker,track3,1,crema_1017,NEU,HAP,-1,1,1,1,,data\preprocessed\features\z_at\FAKE_T3_1017_TIE_HAP_XX__AUDIO_1017_TIE_NEU_XX_sadtalker.pt,data\preprocessed\features\z_v\FAKE_T3_1017_TIE_HAP_XX__AUDIO_1017_TIE_NEU_XX_sadtalker.pt
FAKE_T3_1017_TIE_SAD_XX__AUDIO_1017_TIE_ANG_XX_sadtalker,track3,1,crema_1017,ANG,SAD,-1,1,1,1,,data\preprocessed\features\z_at\FAKE_T3_1017_TIE_SAD_XX__AUDIO_1017_TIE_ANG_XX_sadtalker.pt,data\preprocessed\features\z_v\FAKE_T3_1017_TIE_SAD_XX__AUDIO_1017_TIE_ANG_XX_sadtalker.pt
FAKE_T3_1017_TSI_FEA_XX__AUDIO_1017_TSI_HAP_XX_sadtalker,track3,1,crema_1017,HAP,FEA,-1,1,1,1,,data\preprocessed\features\z_at\FAKE_T3_1017_TSI_FEA_XX__AUDIO_1017_TSI_HAP_XX_sadtalker.pt,data\preprocessed\features\z_v\FAKE_T3_1017_TSI_FEA_XX__AUDIO_1017_TSI_HAP_XX_sadtalker.pt
FAKE_T3_1017_TSI_HAP_XX__AUDIO_1017_TSI_NEU_XX_sadtalker,track3,1,crema_1017,NEU,HAP,-1,1,1,1,,data\preprocessed\features\z_at\FAKE_T3_1017_TSI_HAP_XX__AUDIO_1017_TSI_NEU_XX_sadtalker.pt,data\preprocessed\features\z_v\FAKE_T3_1017_TSI_HAP_XX__AUDIO_1017_TSI_NEU_XX_sadtalker.pt
FAKE_T3_1017_TSI_NEU_XX__AUDIO_1017_TSI_SAD_XX_sadtalker,track3,1,crema_1017,SAD,NEU,-1,1,1,1,,data\preprocessed\features\z_at\FAKE_T3_1017_TSI_NEU_XX__AUDIO_1017_TSI_SAD_XX_sadtalker.pt,data\preprocessed\features\z_v\FAKE_T3_1017_TSI_NEU_XX__AUDIO_1017_TSI_SAD_XX_sadtalker.pt
FAKE_T3_1017_TSI_SAD_XX__AUDIO_1017_TSI_ANG_XX_sadtalker,track3,1,crema_1017,ANG,SAD,-1,1,1,1,,data\preprocessed\features\z_at\FAKE_T3_1017_TSI_SAD_XX__AUDIO_1017_TSI_ANG_XX_sadtalker.pt,data\preprocessed\features\z_v\FAKE_T3_1017_TSI_SAD_XX__AUDIO_1017_TSI_ANG_XX_sadtalker.pt
FAKE_T3_1017_WSI_FEA_XX__AUDIO_1017_WSI_HAP_XX_sadtalker,track3,1,crema_1017,HAP,FEA,-1,1,1,1,,data\preprocessed\features\z_at\FAKE_T3_1017_WSI_FEA_XX__AUDIO_1017_WSI_HAP_XX_sadtalker.pt,data\preprocessed\features\z_v\FAKE_T3_1017_WSI_FEA_XX__AUDIO_1017_WSI_HAP_XX_sadtalker.pt
FAKE_T3_1017_WSI_HAP_XX__AUDIO_1017_WSI_NEU_XX_sadtalker,track3,1,crema_1017,NEU,HAP,-1,1,1,1,,data\preprocessed\features\z_at\FAKE_T3_1017_WSI_HAP_XX__AUDIO_1017_WSI_NEU_XX_sadtalker.pt,data\preprocessed\features\z_v\FAKE_T3_1017_WSI_HAP_XX__AUDIO_1017_WSI_NEU_XX_sadtalker.pt
FAKE_T3_1017_WSI_SAD_XX__AUDIO_1017_WSI_ANG_XX_sadtalker,track3,1,crema_1017,ANG,SAD,-1,1,1,1,,data\preprocessed\features\z_at\FAKE_T3_1017_WSI_SAD_XX__AUDIO_1017_WSI_ANG_XX_sadtalker.pt,data\preprocessed\features\z_v\FAKE_T3_1017_WSI_SAD_XX__AUDIO_1017_WSI_ANG_XX_sadtalker.pt
FAKE_T3_1018_DFA_DIS_XX__AUDIO_1018_DFA_FEA_XX_sadtalker,track3,1,crema_1018,FEA,DIS,-1,1,1,1,,data\preprocessed\features\z_at\FAKE_T3_1018_DFA_DIS_XX__AUDIO_1018_DFA_FEA_XX_sadtalker.pt,data\preprocessed\features\z_v\FAKE_T3_1018_DFA_DIS_XX__AUDIO_1018_DFA_FEA_XX_sadtalker.pt
FAKE_T3_1018_DFA_FEA_XX__AUDIO_1018_DFA_HAP_XX_sadtalker,track3,1,crema_1018,HAP,FEA,-1,1,1,1,,data\preprocessed\features\z_at\FAKE_T3_1018_DFA_FEA_XX__AUDIO_1018_DFA_HAP_XX_sadtalker.pt,data\preprocessed\features\z_v\FAKE_T3_1018_DFA_FEA_XX__AUDIO_1018_DFA_HAP_XX_sadtalker.pt
FAKE_T3_1018_DFA_HAP_XX__AUDIO_1018_DFA_NEU_XX_sadtalker,track3,1,crema_1018,NEU,HAP,-1,1,1,1,,data\preprocessed\features\z_at\FAKE_T3_1018_DFA_HAP_XX__AUDIO_1018_DFA_NEU_XX_sadtalker.pt,data\preprocessed\features\z_v\FAKE_T3_1018_DFA_HAP_XX__AUDIO_1018_DFA_NEU_XX_sadtalker.pt
FAKE_T3_1018_DFA_SAD_XX__AUDIO_1018_DFA_ANG_XX_sadtalker,track3,1,crema_1018,ANG,SAD,-1,1,1,1,,data\preprocessed\features\z_at\FAKE_T3_1018_DFA_SAD_XX__AUDIO_1018_DFA_ANG_XX_sadtalker.pt,data\preprocessed\features\z_v\FAKE_T3_1018_DFA_SAD_XX__AUDIO_1018_DFA_ANG_XX_sadtalker.pt
FAKE_T3_1018_IEO_ANG_HI__AUDIO_1018_IEO_DIS_HI_sadtalker,track3,1,crema_1018,DIS,ANG,-1,1,1,1,,data\preprocessed\features\z_at\FAKE_T3_1018_IEO_ANG_HI__AUDIO_1018_IEO_DIS_HI_sadtalker.pt,data\preprocessed\features\z_v\FAKE_T3_1018_IEO_ANG_HI__AUDIO_1018_IEO_DIS_HI_sadtalker.pt
FAKE_T3_1018_IEO_ANG_LO__AUDIO_1018_IEO_DIS_LO_sadtalker,track3,1,crema_1018,DIS,ANG,-1,1,1,1,,data\preprocessed\features\z_at\FAKE_T3_1018_IEO_ANG_LO__AUDIO_1018_IEO_DIS_LO_sadtalker.pt,data\preprocessed\features\z_v\FAKE_T3_1018_IEO_ANG_LO__AUDIO_1018_IEO_DIS_LO_sadtalker.pt
FAKE_T3_1018_IEO_ANG_MD__AUDIO_1018_IEO_DIS_MD_sadtalker,track3,1,crema_1018,DIS,ANG,-1,1,1,1,,data\preprocessed\features\z_at\FAKE_T3_1018_IEO_ANG_MD__AUDIO_1018_IEO_DIS_MD_sadtalker.pt,data\preprocessed\features\z_v\FAKE_T3_1018_IEO_ANG_MD__AUDIO_1018_IEO_DIS_MD_sadtalker.pt
FAKE_T3_1018_IEO_DIS_LO__AUDIO_1018_IEO_FEA_LO_sadtalker,track3,1,crema_1018,FEA,DIS,-1,1,1,1,,data\preprocessed\features\z_at\FAKE_T3_1018_IEO_DIS_LO__AUDIO_1018_IEO_FEA_LO_sadtalker.pt,data\preprocessed\features\z_v\FAKE_T3_1018_IEO_DIS_LO__AUDIO_1018_IEO_FEA_LO_sadtalker.pt
FAKE_T3_1018_IEO_HAP_LO__AUDIO_1018_IEO_NEU_XX_sadtalker,track3,1,crema_1018,NEU,HAP,-1,1,1,1,,data\preprocessed\features\z_at\FAKE_T3_1018_IEO_HAP_LO__AUDIO_1018_IEO_NEU_XX_sadtalker.pt,data\preprocessed\features\z_v\FAKE_T3_1018_IEO_HAP_LO__AUDIO_1018_IEO_NEU_XX_sadtalker.pt
FAKE_T3_1018_IEO_HAP_MD__AUDIO_1018_IEO_NEU_XX_sadtalker,track3,1,crema_1018,NEU,HAP,-1,1,1,1,,data\preprocessed\features\z_at\FAKE_T3_1018_IEO_HAP_MD__AUDIO_1018_IEO_NEU_XX_sadtalker.pt,data\preprocessed\features\z_v\FAKE_T3_1018_IEO_HAP_MD__AUDIO_1018_IEO_NEU_XX_sadtalker.pt
FAKE_T3_1018_IEO_SAD_HI__AUDIO_1018_IEO_ANG_HI_sadtalker,track3,1,crema_1018,ANG,SAD,-1,1,1,1,,data\preprocessed\features\z_at\FAKE_T3_1018_IEO_SAD_HI__AUDIO_1018_IEO_ANG_HI_sadtalker.pt,data\preprocessed\features\z_v\FAKE_T3_1018_IEO_SAD_HI__AUDIO_1018_IEO_ANG_HI_sadtalker.pt
FAKE_T3_1018_IOM_DIS_XX__AUDIO_1018_IOM_FEA_XX_sadtalker,track3,1,crema_1018,FEA,DIS,-1,1,1,1,,data\preprocessed\features\z_at\FAKE_T3_1018_IOM_DIS_XX__AUDIO_1018_IOM_FEA_XX_sadtalker.pt,data\preprocessed\features\z_v\FAKE_T3_1018_IOM_DIS_XX__AUDIO_1018_IOM_FEA_XX_sadtalker.pt
FAKE_T3_1018_IOM_SAD_XX__AUDIO_1018_IOM_ANG_XX_sadtalker,track3,1,crema_1018,ANG,SAD,-1,1,1,1,,data\preprocessed\features\z_at\FAKE_T3_1018_IOM_SAD_XX__AUDIO_1018_IOM_ANG_XX_sadtalker.pt,data\preprocessed\features\z_v\FAKE_T3_1018_IOM_SAD_XX__AUDIO_1018_IOM_ANG_XX_sadtalker.pt
FAKE_T3_1018_ITH_ANG_XX__AUDIO_1018_ITH_DIS_XX_sadtalker,track3,1,crema_1018,DIS,ANG,-1,1,1,1,,data\preprocessed\features\z_at\FAKE_T3_1018_ITH_ANG_XX__AUDIO_1018_ITH_DIS_XX_sadtalker.pt,data\preprocessed\features\z_v\FAKE_T3_1018_ITH_ANG_XX__AUDIO_1018_ITH_DIS_XX_sadtalker.pt
FAKE_T3_1018_ITH_DIS_XX__AUDIO_1018_ITH_FEA_XX_sadtalker,track3,1,crema_1018,FEA,DIS,-1,1,1,1,,data\preprocessed\features\z_at\FAKE_T3_1018_ITH_DIS_XX__AUDIO_1018_ITH_FEA_XX_sadtalker.pt,data\preprocessed\features\z_v\FAKE_T3_1018_ITH_DIS_XX__AUDIO_1018_ITH_FEA_XX_sadtalker.pt
FAKE_T3_1018_ITH_FEA_XX__AUDIO_1018_ITH_HAP_XX_sadtalker,track3,1,crema_1018,HAP,FEA,-1,1,1,1,,data\preprocessed\features\z_at\FAKE_T3_1018_ITH_FEA_XX__AUDIO_1018_ITH_HAP_XX_sadtalker.pt,data\preprocessed\features\z_v\FAKE_T3_1018_ITH_FEA_XX__AUDIO_1018_ITH_HAP_XX_sadtalker.pt
FAKE_T3_1018_ITS_ANG_XX__AUDIO_1018_ITS_DIS_XX_sadtalker,track3,1,crema_1018,DIS,ANG,-1,1,1,1,,data\preprocessed\features\z_at\FAKE_T3_1018_ITS_ANG_XX__AUDIO_1018_ITS_DIS_XX_sadtalker.pt,data\preprocessed\features\z_v\FAKE_T3_1018_ITS_ANG_XX__AUDIO_1018_ITS_DIS_XX_sadtalker.pt
FAKE_T3_1018_ITS_DIS_XX__AUDIO_1018_ITS_FEA_XX_sadtalker,track3,1,crema_1018,FEA,DIS,-1,1,1,1,,data\preprocessed\features\z_at\FAKE_T3_1018_ITS_DIS_XX__AUDIO_1018_ITS_FEA_XX_sadtalker.pt,data\preprocessed\features\z_v\FAKE_T3_1018_ITS_DIS_XX__AUDIO_1018_ITS_FEA_XX_sadtalker.pt
FAKE_T3_1018_ITS_FEA_XX__AUDIO_1018_ITS_HAP_XX_sadtalker,track3,1,crema_1018,HAP,FEA,-1,1,1,1,,data\preprocessed\features\z_at\FAKE_T3_1018_ITS_FEA_XX__AUDIO_1018_ITS_HAP_XX_sadtalker.pt,data\preprocessed\features\z_v\FAKE_T3_1018_ITS_FEA_XX__AUDIO_1018_ITS_HAP_XX_sadtalker.pt
FAKE_T3_1018_ITS_NEU_XX__AUDIO_1018_ITS_SAD_XX_sadtalker,track3,1,crema_1018,SAD,NEU,-1,1,1,1,,data\preprocessed\features\z_at\FAKE_T3_1018_ITS_NEU_XX__AUDIO_1018_ITS_SAD_XX_sadtalker.pt,data\preprocessed\features\z_v\FAKE_T3_1018_ITS_NEU_XX__AUDIO_1018_ITS_SAD_XX_sadtalker.pt
FAKE_T3_1018_IWL_ANG_XX__AUDIO_1018_IWL_DIS_XX_sadtalker,track3,1,crema_1018,DIS,ANG,-1,1,1,1,,data\preprocessed\features\z_at\FAKE_T3_1018_IWL_ANG_XX__AUDIO_1018_IWL_DIS_XX_sadtalker.pt,data\preprocessed\features\z_v\FAKE_T3_1018_IWL_ANG_XX__AUDIO_1018_IWL_DIS_XX_sadtalker.pt
FAKE_T3_1018_IWL_FEA_XX__AUDIO_1018_IWL_HAP_XX_sadtalker,track3,1,crema_1018,HAP,FEA,-1,1,1,1,,data\preprocessed\features\z_at\FAKE_T3_1018_IWL_FEA_XX__AUDIO_1018_IWL_HAP_XX_sadtalker.pt,data\preprocessed\features\z_v\FAKE_T3_1018_IWL_FEA_XX__AUDIO_1018_IWL_HAP_XX_sadtalker.pt
FAKE_T3_1018_IWL_NEU_XX__AUDIO_1018_IWL_SAD_XX_sadtalker,track3,1,crema_1018,SAD,NEU,-1,1,1,1,,data\preprocessed\features\z_at\FAKE_T3_1018_IWL_NEU_XX__AUDIO_1018_IWL_SAD_XX_sadtalker.pt,data\preprocessed\features\z_v\FAKE_T3_1018_IWL_NEU_XX__AUDIO_1018_IWL_SAD_XX_sadtalker.pt
FAKE_T3_1018_IWL_SAD_XX__AUDIO_1018_IWL_ANG_XX_sadtalker,track3,1,crema_1018,ANG,SAD,-1,1,1,1,,data\preprocessed\features\z_at\FAKE_T3_1018_IWL_SAD_XX__AUDIO_1018_IWL_ANG_XX_sadtalker.pt,data\preprocessed\features\z_v\FAKE_T3_1018_IWL_SAD_XX__AUDIO_1018_IWL_ANG_XX_sadtalker.pt
FAKE_T3_1018_IWW_HAP_XX__AUDIO_1018_IWW_NEU_XX_sadtalker,track3,1,crema_1018,NEU,HAP,-1,1,1,1,,data\preprocessed\features\z_at\FAKE_T3_1018_IWW_HAP_XX__AUDIO_1018_IWW_NEU_XX_sadtalker.pt,data\preprocessed\features\z_v\FAKE_T3_1018_IWW_HAP_XX__AUDIO_1018_IWW_NEU_XX_sadtalker.pt
FAKE_T3_1018_IWW_NEU_XX__AUDIO_1018_IWW_SAD_XX_sadtalker,track3,1,crema_1018,SAD,NEU,-1,1,1,1,,data\preprocessed\features\z_at\FAKE_T3_1018_IWW_NEU_XX__AUDIO_1018_IWW_SAD_XX_sadtalker.pt,data\preprocessed\features\z_v\FAKE_T3_1018_IWW_NEU_XX__AUDIO_1018_IWW_SAD_XX_sadtalker.pt
FAKE_T3_1018_MTI_ANG_XX__AUDIO_1018_MTI_DIS_XX_sadtalker,track3,1,crema_1018,DIS,ANG,-1,1,1,1,,data\preprocessed\features\z_at\FAKE_T3_1018_MTI_ANG_XX__AUDIO_1018_MTI_DIS_XX_sadtalker.pt,data\preprocessed\features\z_v\FAKE_T3_1018_MTI_ANG_XX__AUDIO_1018_MTI_DIS_XX_sadtalker.pt
FAKE_T3_1018_MTI_DIS_XX__AUDIO_1018_MTI_FEA_XX_sadtalker,track3,1,crema_1018,FEA,DIS,-1,1,1,1,,data\preprocessed\features\z_at\FAKE_T3_1018_MTI_DIS_XX__AUDIO_1018_MTI_FEA_XX_sadtalker.pt,data\preprocessed\features\z_v\FAKE_T3_1018_MTI_DIS_XX__AUDIO_1018_MTI_FEA_XX_sadtalker.pt
FAKE_T3_1018_MTI_NEU_XX__AUDIO_1018_MTI_SAD_XX_sadtalker,track3,1,crema_1018,SAD,NEU,-1,1,1,1,,data\preprocessed\features\z_at\FAKE_T3_1018_MTI_NEU_XX__AUDIO_1018_MTI_SAD_XX_sadtalker.pt,data\preprocessed\features\z_v\FAKE_T3_1018_MTI_NEU_XX__AUDIO_1018_MTI_SAD_XX_sadtalker.pt
FAKE_T3_1018_TAI_ANG_XX__AUDIO_1018_TAI_DIS_XX_sadtalker,track3,1,crema_1018,DIS,ANG,-1,1,1,1,,data\preprocessed\features\z_at\FAKE_T3_1018_TAI_ANG_XX__AUDIO_1018_TAI_DIS_XX_sadtalker.pt,data\preprocessed\features\z_v\FAKE_T3_1018_TAI_ANG_XX__AUDIO_1018_TAI_DIS_XX_sadtalker.pt
FAKE_T3_1018_TAI_DIS_XX__AUDIO_1018_TAI_FEA_XX_sadtalker,track3,1,crema_1018,FEA,DIS,-1,1,1,1,,data\preprocessed\features\z_at\FAKE_T3_1018_TAI_DIS_XX__AUDIO_1018_TAI_FEA_XX_sadtalker.pt,data\preprocessed\features\z_v\FAKE_T3_1018_TAI_DIS_XX__AUDIO_1018_TAI_FEA_XX_sadtalker.pt
FAKE_T3_1018_TAI_FEA_XX__AUDIO_1018_TAI_HAP_XX_sadtalker,track3,1,crema_1018,HAP,FEA,-1,1,1,1,,data\preprocessed\features\z_at\FAKE_T3_1018_TAI_FEA_XX__AUDIO_1018_TAI_HAP_XX_sadtalker.pt,data\preprocessed\features\z_v\FAKE_T3_1018_TAI_FEA_XX__AUDIO_1018_TAI_HAP_XX_sadtalker.pt
FAKE_T3_1018_TIE_ANG_XX__AUDIO_1018_TIE_DIS_XX_sadtalker,track3,1,crema_1018,DIS,ANG,-1,1,1,1,,data\preprocessed\features\z_at\FAKE_T3_1018_TIE_ANG_XX__AUDIO_1018_TIE_DIS_XX_sadtalker.pt,data\preprocessed\features\z_v\FAKE_T3_1018_TIE_ANG_XX__AUDIO_1018_TIE_DIS_XX_sadtalker.pt
FAKE_T3_1018_TIE_DIS_XX__AUDIO_1018_TIE_FEA_XX_sadtalker,track3,1,crema_1018,FEA,DIS,-1,1,1,1,,data\preprocessed\features\z_at\FAKE_T3_1018_TIE_DIS_XX__AUDIO_1018_TIE_FEA_XX_sadtalker.pt,data\preprocessed\features\z_v\FAKE_T3_1018_TIE_DIS_XX__AUDIO_1018_TIE_FEA_XX_sadtalker.pt
FAKE_T3_1018_TIE_FEA_XX__AUDIO_1018_TIE_HAP_XX_sadtalker,track3,1,crema_1018,HAP,FEA,-1,1,1,1,,data\preprocessed\features\z_at\FAKE_T3_1018_TIE_FEA_XX__AUDIO_1018_TIE_HAP_XX_sadtalker.pt,data\preprocessed\features\z_v\FAKE_T3_1018_TIE_FEA_XX__AUDIO_1018_TIE_HAP_XX_sadtalker.pt
FAKE_T3_1018_TSI_ANG_XX__AUDIO_1018_TSI_DIS_XX_sadtalker,track3,1,crema_1018,DIS,ANG,-1,1,1,1,,data\preprocessed\features\z_at\FAKE_T3_1018_TSI_ANG_XX__AUDIO_1018_TSI_DIS_XX_sadtalker.pt,data\preprocessed\features\z_v\FAKE_T3_1018_TSI_ANG_XX__AUDIO_1018_TSI_DIS_XX_sadtalker.pt
FAKE_T3_1018_TSI_FEA_XX__AUDIO_1018_TSI_HAP_XX_sadtalker,track3,1,crema_1018,HAP,FEA,-1,1,1,1,,data\preprocessed\features\z_at\FAKE_T3_1018_TSI_FEA_XX__AUDIO_1018_TSI_HAP_XX_sadtalker.pt,data\preprocessed\features\z_v\FAKE_T3_1018_TSI_FEA_XX__AUDIO_1018_TSI_HAP_XX_sadtalker.pt
FAKE_T3_1018_TSI_NEU_XX__AUDIO_1018_TSI_SAD_XX_sadtalker,track3,1,crema_1018,SAD,NEU,-1,1,1,1,,data\preprocessed\features\z_at\FAKE_T3_1018_TSI_NEU_XX__AUDIO_1018_TSI_SAD_XX_sadtalker.pt,data\preprocessed\features\z_v\FAKE_T3_1018_TSI_NEU_XX__AUDIO_1018_TSI_SAD_XX_sadtalker.pt
FAKE_T3_1018_TSI_SAD_XX__AUDIO_1018_TSI_ANG_XX_sadtalker,track3,1,crema_1018,ANG,SAD,-1,1,1,1,,data\preprocessed\features\z_at\FAKE_T3_1018_TSI_SAD_XX__AUDIO_1018_TSI_ANG_XX_sadtalker.pt,data\preprocessed\features\z_v\FAKE_T3_1018_TSI_SAD_XX__AUDIO_1018_TSI_ANG_XX_sadtalker.pt
FAKE_T3_1018_WSI_ANG_XX__AUDIO_1018_WSI_DIS_XX_sadtalker,track3,1,crema_1018,DIS,ANG,-1,1,1,1,,data\preprocessed\features\z_at\FAKE_T3_1018_WSI_ANG_XX__AUDIO_1018_WSI_DIS_XX_sadtalker.pt,data\preprocessed\features\z_v\FAKE_T3_1018_WSI_ANG_XX__AUDIO_1018_WSI_DIS_XX_sadtalker.pt
FAKE_T3_1018_WSI_FEA_XX__AUDIO_1018_WSI_HAP_XX_sadtalker,track3,1,crema_1018,HAP,FEA,-1,1,1,1,,data\preprocessed\features\z_at\FAKE_T3_1018_WSI_FEA_XX__AUDIO_1018_WSI_HAP_XX_sadtalker.pt,data\preprocessed\features\z_v\FAKE_T3_1018_WSI_FEA_XX__AUDIO_1018_WSI_HAP_XX_sadtalker.pt
FAKE_T3_1019_DFA_ANG_XX__AUDIO_1019_DFA_DIS_XX_sadtalker,track3,1,crema_1019,DIS,ANG,-1,1,1,1,,data\preprocessed\features\z_at\FAKE_T3_1019_DFA_ANG_XX__AUDIO_1019_DFA_DIS_XX_sadtalker.pt,data\preprocessed\features\z_v\FAKE_T3_1019_DFA_ANG_XX__AUDIO_1019_DFA_DIS_XX_sadtalker.pt
FAKE_T3_1019_DFA_DIS_XX__AUDIO_1019_DFA_FEA_XX_sadtalker,track3,1,crema_1019,FEA,DIS,-1,1,1,1,,data\preprocessed\features\z_at\FAKE_T3_1019_DFA_DIS_XX__AUDIO_1019_DFA_FEA_XX_sadtalker.pt,data\preprocessed\features\z_v\FAKE_T3_1019_DFA_DIS_XX__AUDIO_1019_DFA_FEA_XX_sadtalker.pt
FAKE_T3_1019_DFA_HAP_XX__AUDIO_1019_DFA_NEU_XX_sadtalker,track3,1,crema_1019,NEU,HAP,-1,1,1,1,,data\preprocessed\features\z_at\FAKE_T3_1019_DFA_HAP_XX__AUDIO_1019_DFA_NEU_XX_sadtalker.pt,data\preprocessed\features\z_v\FAKE_T3_1019_DFA_HAP_XX__AUDIO_1019_DFA_NEU_XX_sadtalker.pt
FAKE_T3_1019_IEO_ANG_MD__AUDIO_1019_IEO_DIS_MD_sadtalker,track3,1,crema_1019,DIS,ANG,-1,1,1,1,,data\preprocessed\features\z_at\FAKE_T3_1019_IEO_ANG_MD__AUDIO_1019_IEO_DIS_MD_sadtalker.pt,data\preprocessed\features\z_v\FAKE_T3_1019_IEO_ANG_MD__AUDIO_1019_IEO_DIS_MD_sadtalker.pt
FAKE_T3_1019_IEO_DIS_MD__AUDIO_1019_IEO_FEA_MD_sadtalker,track3,1,crema_1019,FEA,DIS,-1,1,1,1,,data\preprocessed\features\z_at\FAKE_T3_1019_IEO_DIS_MD__AUDIO_1019_IEO_FEA_MD_sadtalker.pt,data\preprocessed\features\z_v\FAKE_T3_1019_IEO_DIS_MD__AUDIO_1019_IEO_FEA_MD_sadtalker.pt
FAKE_T3_1019_IEO_FEA_HI__AUDIO_1019_IEO_HAP_HI_sadtalker,track3,1,crema_1019,HAP,FEA,-1,1,1,1,,data\preprocessed\features\z_at\FAKE_T3_1019_IEO_FEA_HI__AUDIO_1019_IEO_HAP_HI_sadtalker.pt,data\preprocessed\features\z_v\FAKE_T3_1019_IEO_FEA_HI__AUDIO_1019_IEO_HAP_HI_sadtalker.pt
FAKE_T3_1019_IEO_FEA_LO__AUDIO_1019_IEO_HAP_LO_sadtalker,track3,1,crema_1019,HAP,FEA,-1,1,1,1,,data\preprocessed\features\z_at\FAKE_T3_1019_IEO_FEA_LO__AUDIO_1019_IEO_HAP_LO_sadtalker.pt,data\preprocessed\features\z_v\FAKE_T3_1019_IEO_FEA_LO__AUDIO_1019_IEO_HAP_LO_sadtalker.pt
FAKE_T3_1019_IEO_FEA_MD__AUDIO_1019_IEO_HAP_MD_sadtalker,track3,1,crema_1019,HAP,FEA,-1,1,1,1,,data\preprocessed\features\z_at\FAKE_T3_1019_IEO_FEA_MD__AUDIO_1019_IEO_HAP_MD_sadtalker.pt,data\preprocessed\features\z_v\FAKE_T3_1019_IEO_FEA_MD__AUDIO_1019_IEO_HAP_MD_sadtalker.pt
FAKE_T3_1019_IEO_HAP_LO__AUDIO_1019_IEO_NEU_XX_sadtalker,track3,1,crema_1019,NEU,HAP,-1,1,1,1,,data\preprocessed\features\z_at\FAKE_T3_1019_IEO_HAP_LO__AUDIO_1019_IEO_NEU_XX_sadtalker.pt,data\preprocessed\features\z_v\FAKE_T3_1019_IEO_HAP_LO__AUDIO_1019_IEO_NEU_XX_sadtalker.pt
FAKE_T3_1019_IEO_HAP_MD__AUDIO_1019_IEO_NEU_XX_sadtalker,track3,1,crema_1019,NEU,HAP,-1,1,1,1,,data\preprocessed\features\z_at\FAKE_T3_1019_IEO_HAP_MD__AUDIO_1019_IEO_NEU_XX_sadtalker.pt,data\preprocessed\features\z_v\FAKE_T3_1019_IEO_HAP_MD__AUDIO_1019_IEO_NEU_XX_sadtalker.pt
FAKE_T3_1019_IEO_NEU_XX__AUDIO_1019_IEO_SAD_HI_sadtalker,track3,1,crema_1019,SAD,NEU,-1,1,1,1,,data\preprocessed\features\z_at\FAKE_T3_1019_IEO_NEU_XX__AUDIO_1019_IEO_SAD_HI_sadtalker.pt,data\preprocessed\features\z_v\FAKE_T3_1019_IEO_NEU_XX__AUDIO_1019_IEO_SAD_HI_sadtalker.pt
FAKE_T3_1019_IEO_SAD_MD__AUDIO_1019_IEO_ANG_MD_sadtalker,track3,1,crema_1019,ANG,SAD,-1,1,1,1,,data\preprocessed\features\z_at\FAKE_T3_1019_IEO_SAD_MD__AUDIO_1019_IEO_ANG_MD_sadtalker.pt,data\preprocessed\features\z_v\FAKE_T3_1019_IEO_SAD_MD__AUDIO_1019_IEO_ANG_MD_sadtalker.pt
FAKE_T3_1019_IOM_DIS_XX__AUDIO_1019_IOM_FEA_XX_sadtalker,track3,1,crema_1019,FEA,DIS,-1,1,1,1,,data\preprocessed\features\z_at\FAKE_T3_1019_IOM_DIS_XX__AUDIO_1019_IOM_FEA_XX_sadtalker.pt,data\preprocessed\features\z_v\FAKE_T3_1019_IOM_DIS_XX__AUDIO_1019_IOM_FEA_XX_sadtalker.pt
FAKE_T3_1019_IOM_HAP_XX__AUDIO_1019_IOM_NEU_XX_sadtalker,track3,1,crema_1019,NEU,HAP,-1,1,1,1,,data\preprocessed\features\z_at\FAKE_T3_1019_IOM_HAP_XX__AUDIO_1019_IOM_NEU_XX_sadtalker.pt,data\preprocessed\features\z_v\FAKE_T3_1019_IOM_HAP_XX__AUDIO_1019_IOM_NEU_XX_sadtalker.pt
FAKE_T3_1019_IOM_NEU_XX__AUDIO_1019_IOM_SAD_XX_sadtalker,track3,1,crema_1019,SAD,NEU,-1,1,1,1,,data\preprocessed\features\z_at\FAKE_T3_1019_IOM_NEU_XX__AUDIO_1019_IOM_SAD_XX_sadtalker.pt,data\preprocessed\features\z_v\FAKE_T3_1019_IOM_NEU_XX__AUDIO_1019_IOM_SAD_XX_sadtalker.pt
FAKE_T3_1019_ITS_FEA_XX__AUDIO_1019_ITS_HAP_XX_sadtalker,track3,1,crema_1019,HAP,FEA,-1,1,1,1,,data\preprocessed\features\z_at\FAKE_T3_1019_ITS_FEA_XX__AUDIO_1019_ITS_HAP_XX_sadtalker.pt,data\preprocessed\features\z_v\FAKE_T3_1019_ITS_FEA_XX__AUDIO_1019_ITS_HAP_XX_sadtalker.pt
FAKE_T3_1019_IWL_DIS_XX__AUDIO_1019_IWL_FEA_XX_sadtalker,track3,1,crema_1019,FEA,DIS,-1,1,1,1,,data\preprocessed\features\z_at\FAKE_T3_1019_IWL_DIS_XX__AUDIO_1019_IWL_FEA_XX_sadtalker.pt,data\preprocessed\features\z_v\FAKE_T3_1019_IWL_DIS_XX__AUDIO_1019_IWL_FEA_XX_sadtalker.pt
FAKE_T3_1019_IWL_FEA_XX__AUDIO_1019_IWL_HAP_XX_sadtalker,track3,1,crema_1019,HAP,FEA,-1,1,1,1,,data\preprocessed\features\z_at\FAKE_T3_1019_IWL_FEA_XX__AUDIO_1019_IWL_HAP_XX_sadtalker.pt,data\preprocessed\features\z_v\FAKE_T3_1019_IWL_FEA_XX__AUDIO_1019_IWL_HAP_XX_sadtalker.pt
FAKE_T3_1019_IWL_HAP_XX__AUDIO_1019_IWL_NEU_XX_sadtalker,track3,1,crema_1019,NEU,HAP,-1,1,1,1,,data\preprocessed\features\z_at\FAKE_T3_1019_IWL_HAP_XX__AUDIO_1019_IWL_NEU_XX_sadtalker.pt,data\preprocessed\features\z_v\FAKE_T3_1019_IWL_HAP_XX__AUDIO_1019_IWL_NEU_XX_sadtalker.pt
FAKE_T3_1019_IWL_NEU_XX__AUDIO_1019_IWL_SAD_XX_sadtalker,track3,1,crema_1019,SAD,NEU,-1,1,1,1,,data\preprocessed\features\z_at\FAKE_T3_1019_IWL_NEU_XX__AUDIO_1019_IWL_SAD_XX_sadtalker.pt,data\preprocessed\features\z_v\FAKE_T3_1019_IWL_NEU_XX__AUDIO_1019_IWL_SAD_XX_sadtalker.pt
FAKE_T3_1019_IWW_DIS_XX__AUDIO_1019_IWW_FEA_XX_sadtalker,track3,1,crema_1019,FEA,DIS,-1,1,1,1,,data\preprocessed\features\z_at\FAKE_T3_1019_IWW_DIS_XX__AUDIO_1019_IWW_FEA_XX_sadtalker.pt,data\preprocessed\features\z_v\FAKE_T3_1019_IWW_DIS_XX__AUDIO_1019_IWW_FEA_XX_sadtalker.pt
FAKE_T3_1019_IWW_FEA_XX__AUDIO_1019_IWW_HAP_XX_sadtalker,track3,1,crema_1019,HAP,FEA,-1,1,1,1,,data\preprocessed\features\z_at\FAKE_T3_1019_IWW_FEA_XX__AUDIO_1019_IWW_HAP_XX_sadtalker.pt,data\preprocessed\features\z_v\FAKE_T3_1019_IWW_FEA_XX__AUDIO_1019_IWW_HAP_XX_sadtalker.pt
FAKE_T3_1019_IWW_NEU_XX__AUDIO_1019_IWW_SAD_XX_sadtalker,track3,1,crema_1019,SAD,NEU,-1,1,1,1,,data\preprocessed\features\z_at\FAKE_T3_1019_IWW_NEU_XX__AUDIO_1019_IWW_SAD_XX_sadtalker.pt,data\preprocessed\features\z_v\FAKE_T3_1019_IWW_NEU_XX__AUDIO_1019_IWW_SAD_XX_sadtalker.pt
FAKE_T3_1019_MTI_ANG_XX__AUDIO_1019_MTI_DIS_XX_sadtalker,track3,1,crema_1019,DIS,ANG,-1,1,1,1,,data\preprocessed\features\z_at\FAKE_T3_1019_MTI_ANG_XX__AUDIO_1019_MTI_DIS_XX_sadtalker.pt,data\preprocessed\features\z_v\FAKE_T3_1019_MTI_ANG_XX__AUDIO_1019_MTI_DIS_XX_sadtalker.pt
FAKE_T3_1019_MTI_DIS_XX__AUDIO_1019_MTI_FEA_XX_sadtalker,track3,1,crema_1019,FEA,DIS,-1,1,1,1,,data\preprocessed\features\z_at\FAKE_T3_1019_MTI_DIS_XX__AUDIO_1019_MTI_FEA_XX_sadtalker.pt,data\preprocessed\features\z_v\FAKE_T3_1019_MTI_DIS_XX__AUDIO_1019_MTI_FEA_XX_sadtalker.pt
FAKE_T3_1019_MTI_FEA_XX__AUDIO_1019_MTI_HAP_XX_sadtalker,track3,1,crema_1019,HAP,FEA,-1,1,1,1,,data\preprocessed\features\z_at\FAKE_T3_1019_MTI_FEA_XX__AUDIO_1019_MTI_HAP_XX_sadtalker.pt,data\preprocessed\features\z_v\FAKE_T3_1019_MTI_FEA_XX__AUDIO_1019_MTI_HAP_XX_sadtalker.pt
FAKE_T3_1019_MTI_NEU_XX__AUDIO_1019_MTI_SAD_XX_sadtalker,track3,1,crema_1019,SAD,NEU,-1,1,1,1,,data\preprocessed\features\z_at\FAKE_T3_1019_MTI_NEU_XX__AUDIO_1019_MTI_SAD_XX_sadtalker.pt,data\preprocessed\features\z_v\FAKE_T3_1019_MTI_NEU_XX__AUDIO_1019_MTI_SAD_XX_sadtalker.pt
FAKE_T3_1019_MTI_SAD_XX__AUDIO_1019_MTI_ANG_XX_sadtalker,track3,1,crema_1019,ANG,SAD,-1,1,1,1,,data\preprocessed\features\z_at\FAKE_T3_1019_MTI_SAD_XX__AUDIO_1019_MTI_ANG_XX_sadtalker.pt,data\preprocessed\features\z_v\FAKE_T3_1019_MTI_SAD_XX__AUDIO_1019_MTI_ANG_XX_sadtalker.pt
FAKE_T3_1019_TAI_DIS_XX__AUDIO_1019_TAI_FEA_XX_sadtalker,track3,1,crema_1019,FEA,DIS,-1,1,1,1,,data\preprocessed\features\z_at\FAKE_T3_1019_TAI_DIS_XX__AUDIO_1019_TAI_FEA_XX_sadtalker.pt,data\preprocessed\features\z_v\FAKE_T3_1019_TAI_DIS_XX__AUDIO_1019_TAI_FEA_XX_sadtalker.pt
FAKE_T3_1019_TIE_ANG_XX__AUDIO_1019_TIE_DIS_XX_sadtalker,track3,1,crema_1019,DIS,ANG,-1,1,1,1,,data\preprocessed\features\z_at\FAKE_T3_1019_TIE_ANG_XX__AUDIO_1019_TIE_DIS_XX_sadtalker.pt,data\preprocessed\features\z_v\FAKE_T3_1019_TIE_ANG_XX__AUDIO_1019_TIE_DIS_XX_sadtalker.pt
FAKE_T3_1019_TIE_HAP_XX__AUDIO_1019_TIE_NEU_XX_sadtalker,track3,1,crema_1019,NEU,HAP,-1,1,1,1,,data\preprocessed\features\z_at\FAKE_T3_1019_TIE_HAP_XX__AUDIO_1019_TIE_NEU_XX_sadtalker.pt,data\preprocessed\features\z_v\FAKE_T3_1019_TIE_HAP_XX__AUDIO_1019_TIE_NEU_XX_sadtalker.pt
FAKE_T3_1019_TIE_NEU_XX__AUDIO_1019_TIE_SAD_XX_sadtalker,track3,1,crema_1019,SAD,NEU,-1,1,1,1,,data\preprocessed\features\z_at\FAKE_T3_1019_TIE_NEU_XX__AUDIO_1019_TIE_SAD_XX_sadtalker.pt,data\preprocessed\features\z_v\FAKE_T3_1019_TIE_NEU_XX__AUDIO_1019_TIE_SAD_XX_sadtalker.pt
FAKE_T3_1019_TIE_SAD_XX__AUDIO_1019_TIE_ANG_XX_sadtalker,track3,1,crema_1019,ANG,SAD,-1,1,1,1,,data\preprocessed\features\z_at\FAKE_T3_1019_TIE_SAD_XX__AUDIO_1019_TIE_ANG_XX_sadtalker.pt,data\preprocessed\features\z_v\FAKE_T3_1019_TIE_SAD_XX__AUDIO_1019_TIE_ANG_XX_sadtalker.pt
FAKE_T3_1019_TSI_ANG_XX__AUDIO_1019_TSI_DIS_XX_sadtalker,track3,1,crema_1019,DIS,ANG,-1,1,1,1,,data\preprocessed\features\z_at\FAKE_T3_1019_TSI_ANG_XX__AUDIO_1019_TSI_DIS_XX_sadtalker.pt,data\preprocessed\features\z_v\FAKE_T3_1019_TSI_ANG_XX__AUDIO_1019_TSI_DIS_XX_sadtalker.pt
FAKE_T3_1019_TSI_HAP_XX__AUDIO_1019_TSI_NEU_XX_sadtalker,track3,1,crema_1019,NEU,HAP,-1,1,1,1,,data\preprocessed\features\z_at\FAKE_T3_1019_TSI_HAP_XX__AUDIO_1019_TSI_NEU_XX_sadtalker.pt,data\preprocessed\features\z_v\FAKE_T3_1019_TSI_HAP_XX__AUDIO_1019_TSI_NEU_XX_sadtalker.pt
FAKE_T3_1019_TSI_NEU_XX__AUDIO_1019_TSI_SAD_XX_sadtalker,track3,1,crema_1019,SAD,NEU,-1,1,1,1,,data\preprocessed\features\z_at\FAKE_T3_1019_TSI_NEU_XX__AUDIO_1019_TSI_SAD_XX_sadtalker.pt,data\preprocessed\features\z_v\FAKE_T3_1019_TSI_NEU_XX__AUDIO_1019_TSI_SAD_XX_sadtalker.pt
FAKE_T3_1019_TSI_SAD_XX__AUDIO_1019_TSI_ANG_XX_sadtalker,track3,1,crema_1019,ANG,SAD,-1,1,1,1,,data\preprocessed\features\z_at\FAKE_T3_1019_TSI_SAD_XX__AUDIO_1019_TSI_ANG_XX_sadtalker.pt,data\preprocessed\features\z_v\FAKE_T3_1019_TSI_SAD_XX__AUDIO_1019_TSI_ANG_XX_sadtalker.pt
FAKE_T3_1019_WSI_FEA_XX__AUDIO_1019_WSI_HAP_XX_sadtalker,track3,1,crema_1019,HAP,FEA,-1,1,1,1,,data\preprocessed\features\z_at\FAKE_T3_1019_WSI_FEA_XX__AUDIO_1019_WSI_HAP_XX_sadtalker.pt,data\preprocessed\features\z_v\FAKE_T3_1019_WSI_FEA_XX__AUDIO_1019_WSI_HAP_XX_sadtalker.pt
FAKE_T3_1021_DFA_FEA_XX__AUDIO_1021_DFA_HAP_XX_sadtalker,track3,1,crema_1021,HAP,FEA,-1,1,1,1,,data\preprocessed\features\z_at\FAKE_T3_1021_DFA_FEA_XX__AUDIO_1021_DFA_HAP_XX_sadtalker.pt,data\preprocessed\features\z_v\FAKE_T3_1021_DFA_FEA_XX__AUDIO_1021_DFA_HAP_XX_sadtalker.pt
FAKE_T3_1021_IEO_ANG_HI__AUDIO_1021_IEO_DIS_HI_sadtalker,track3,1,crema_1021,DIS,ANG,-1,1,1,1,,data\preprocessed\features\z_at\FAKE_T3_1021_IEO_ANG_HI__AUDIO_1021_IEO_DIS_HI_sadtalker.pt,data\preprocessed\features\z_v\FAKE_T3_1021_IEO_ANG_HI__AUDIO_1021_IEO_DIS_HI_sadtalker.pt
FAKE_T3_1021_IEO_ANG_LO__AUDIO_1021_IEO_DIS_LO_sadtalker,track3,1,crema_1021,DIS,ANG,-1,1,1,1,,data\preprocessed\features\z_at\FAKE_T3_1021_IEO_ANG_LO__AUDIO_1021_IEO_DIS_LO_sadtalker.pt,data\preprocessed\features\z_v\FAKE_T3_1021_IEO_ANG_LO__AUDIO_1021_IEO_DIS_LO_sadtalker.pt
FAKE_T3_1021_IEO_DIS_HI__AUDIO_1021_IEO_FEA_HI_sadtalker,track3,1,crema_1021,FEA,DIS,-1,1,1,1,,data\preprocessed\features\z_at\FAKE_T3_1021_IEO_DIS_HI__AUDIO_1021_IEO_FEA_HI_sadtalker.pt,data\preprocessed\features\z_v\FAKE_T3_1021_IEO_DIS_HI__AUDIO_1021_IEO_FEA_HI_sadtalker.pt
FAKE_T3_1021_IEO_NEU_XX__AUDIO_1021_IEO_SAD_HI_sadtalker,track3,1,crema_1021,SAD,NEU,-1,1,1,1,,data\preprocessed\features\z_at\FAKE_T3_1021_IEO_NEU_XX__AUDIO_1021_IEO_SAD_HI_sadtalker.pt,data\preprocessed\features\z_v\FAKE_T3_1021_IEO_NEU_XX__AUDIO_1021_IEO_SAD_HI_sadtalker.pt
FAKE_T3_1021_IEO_SAD_HI__AUDIO_1021_IEO_ANG_HI_sadtalker,track3,1,crema_1021,ANG,SAD,-1,1,1,1,,data\preprocessed\features\z_at\FAKE_T3_1021_IEO_SAD_HI__AUDIO_1021_IEO_ANG_HI_sadtalker.pt,data\preprocessed\features\z_v\FAKE_T3_1021_IEO_SAD_HI__AUDIO_1021_IEO_ANG_HI_sadtalker.pt
FAKE_T3_1021_IEO_SAD_LO__AUDIO_1021_IEO_ANG_LO_sadtalker,track3,1,crema_1021,ANG,SAD,-1,1,1,1,,data\preprocessed\features\z_at\FAKE_T3_1021_IEO_SAD_LO__AUDIO_1021_IEO_ANG_LO_sadtalker.pt,data\preprocessed\features\z_v\FAKE_T3_1021_IEO_SAD_LO__AUDIO_1021_IEO_ANG_LO_sadtalker.pt
FAKE_T3_1021_IEO_SAD_MD__AUDIO_1021_IEO_ANG_MD_sadtalker,track3,1,crema_1021,ANG,SAD,-1,1,1,1,,data\preprocessed\features\z_at\FAKE_T3_1021_IEO_SAD_MD__AUDIO_1021_IEO_ANG_MD_sadtalker.pt,data\preprocessed\features\z_v\FAKE_T3_1021_IEO_SAD_MD__AUDIO_1021_IEO_ANG_MD_sadtalker.pt
FAKE_T3_1021_IOM_HAP_XX__AUDIO_1021_IOM_NEU_XX_sadtalker,track3,1,crema_1021,NEU,HAP,-1,1,1,1,,data\preprocessed\features\z_at\FAKE_T3_1021_IOM_HAP_XX__AUDIO_1021_IOM_NEU_XX_sadtalker.pt,data\preprocessed\features\z_v\FAKE_T3_1021_IOM_HAP_XX__AUDIO_1021_IOM_NEU_XX_sadtalker.pt
FAKE_T3_1021_IOM_NEU_XX__AUDIO_1021_IOM_SAD_XX_sadtalker,track3,1,crema_1021,SAD,NEU,-1,1,1,1,,data\preprocessed\features\z_at\FAKE_T3_1021_IOM_NEU_XX__AUDIO_1021_IOM_SAD_XX_sadtalker.pt,data\preprocessed\features\z_v\FAKE_T3_1021_IOM_NEU_XX__AUDIO_1021_IOM_SAD_XX_sadtalker.pt
FAKE_T3_1021_ITH_FEA_XX__AUDIO_1021_ITH_HAP_XX_sadtalker,track3,1,crema_1021,HAP,FEA,-1,1,1,1,,data\preprocessed\features\z_at\FAKE_T3_1021_ITH_FEA_XX__AUDIO_1021_ITH_HAP_XX_sadtalker.pt,data\preprocessed\features\z_v\FAKE_T3_1021_ITH_FEA_XX__AUDIO_1021_ITH_HAP_XX_sadtalker.pt
FAKE_T3_1021_ITH_NEU_XX__AUDIO_1021_ITH_SAD_XX_sadtalker,track3,1,crema_1021,SAD,NEU,-1,1,1,1,,data\preprocessed\features\z_at\FAKE_T3_1021_ITH_NEU_XX__AUDIO_1021_ITH_SAD_XX_sadtalker.pt,data\preprocessed\features\z_v\FAKE_T3_1021_ITH_NEU_XX__AUDIO_1021_ITH_SAD_XX_sadtalker.pt
FAKE_T3_1021_ITH_SAD_XX__AUDIO_1021_ITH_ANG_XX_sadtalker,track3,1,crema_1021,ANG,SAD,-1,1,1,1,,data\preprocessed\features\z_at\FAKE_T3_1021_ITH_SAD_XX__AUDIO_1021_ITH_ANG_XX_sadtalker.pt,data\preprocessed\features\z_v\FAKE_T3_1021_ITH_SAD_XX__AUDIO_1021_ITH_ANG_XX_sadtalker.pt
FAKE_T3_1021_ITS_ANG_XX__AUDIO_1021_ITS_DIS_XX_sadtalker,track3,1,crema_1021,DIS,ANG,-1,1,1,1,,data\preprocessed\features\z_at\FAKE_T3_1021_ITS_ANG_XX__AUDIO_1021_ITS_DIS_XX_sadtalker.pt,data\preprocessed\features\z_v\FAKE_T3_1021_ITS_ANG_XX__AUDIO_1021_ITS_DIS_XX_sadtalker.pt
FAKE_T3_1021_ITS_DIS_XX__AUDIO_1021_ITS_FEA_XX_sadtalker,track3,1,crema_1021,FEA,DIS,-1,1,1,1,,data\preprocessed\features\z_at\FAKE_T3_1021_ITS_DIS_XX__AUDIO_1021_ITS_FEA_XX_sadtalker.pt,data\preprocessed\features\z_v\FAKE_T3_1021_ITS_DIS_XX__AUDIO_1021_ITS_FEA_XX_sadtalker.pt
FAKE_T3_1021_ITS_FEA_XX__AUDIO_1021_ITS_HAP_XX_sadtalker,track3,1,crema_1021,HAP,FEA,-1,1,1,1,,data\preprocessed\features\z_at\FAKE_T3_1021_ITS_FEA_XX__AUDIO_1021_ITS_HAP_XX_sadtalker.pt,data\preprocessed\features\z_v\FAKE_T3_1021_ITS_FEA_XX__AUDIO_1021_ITS_HAP_XX_sadtalker.pt
FAKE_T3_1021_ITS_HAP_XX__AUDIO_1021_ITS_NEU_XX_sadtalker,track3,1,crema_1021,NEU,HAP,-1,1,1,1,,data\preprocessed\features\z_at\FAKE_T3_1021_ITS_HAP_XX__AUDIO_1021_ITS_NEU_XX_sadtalker.pt,data\preprocessed\features\z_v\FAKE_T3_1021_ITS_HAP_XX__AUDIO_1021_ITS_NEU_XX_sadtalker.pt
FAKE_T3_1021_ITS_SAD_XX__AUDIO_1021_ITS_ANG_XX_sadtalker,track3,1,crema_1021,ANG,SAD,-1,1,1,1,,data\preprocessed\features\z_at\FAKE_T3_1021_ITS_SAD_XX__AUDIO_1021_ITS_ANG_XX_sadtalker.pt,data\preprocessed\features\z_v\FAKE_T3_1021_ITS_SAD_XX__AUDIO_1021_ITS_ANG_XX_sadtalker.pt
FAKE_T3_1021_IWL_DIS_XX__AUDIO_1021_IWL_FEA_XX_sadtalker,track3,1,crema_1021,FEA,DIS,-1,1,1,1,,data\preprocessed\features\z_at\FAKE_T3_1021_IWL_DIS_XX__AUDIO_1021_IWL_FEA_XX_sadtalker.pt,data\preprocessed\features\z_v\FAKE_T3_1021_IWL_DIS_XX__AUDIO_1021_IWL_FEA_XX_sadtalker.pt
FAKE_T3_1021_IWL_HAP_XX__AUDIO_1021_IWL_NEU_XX_sadtalker,track3,1,crema_1021,NEU,HAP,-1,1,1,1,,data\preprocessed\features\z_at\FAKE_T3_1021_IWL_HAP_XX__AUDIO_1021_IWL_NEU_XX_sadtalker.pt,data\preprocessed\features\z_v\FAKE_T3_1021_IWL_HAP_XX__AUDIO_1021_IWL_NEU_XX_sadtalker.pt
FAKE_T3_1021_IWL_NEU_XX__AUDIO_1021_IWL_SAD_XX_sadtalker,track3,1,crema_1021,SAD,NEU,-1,1,1,1,,data\preprocessed\features\z_at\FAKE_T3_1021_IWL_NEU_XX__AUDIO_1021_IWL_SAD_XX_sadtalker.pt,data\preprocessed\features\z_v\FAKE_T3_1021_IWL_NEU_XX__AUDIO_1021_IWL_SAD_XX_sadtalker.pt
FAKE_T3_1021_IWL_SAD_XX__AUDIO_1021_IWL_ANG_XX_sadtalker,track3,1,crema_1021,ANG,SAD,-1,1,1,1,,data\preprocessed\features\z_at\FAKE_T3_1021_IWL_SAD_XX__AUDIO_1021_IWL_ANG_XX_sadtalker.pt,data\preprocessed\features\z_v\FAKE_T3_1021_IWL_SAD_XX__AUDIO_1021_IWL_ANG_XX_sadtalker.pt
FAKE_T3_1021_IWW_ANG_XX__AUDIO_1021_IWW_DIS_XX_sadtalker,track3,1,crema_1021,DIS,ANG,-1,1,1,1,,data\preprocessed\features\z_at\FAKE_T3_1021_IWW_ANG_XX__AUDIO_1021_IWW_DIS_XX_sadtalker.pt,data\preprocessed\features\z_v\FAKE_T3_1021_IWW_ANG_XX__AUDIO_1021_IWW_DIS_XX_sadtalker.pt
FAKE_T3_1021_IWW_FEA_XX__AUDIO_1021_IWW_HAP_XX_sadtalker,track3,1,crema_1021,HAP,FEA,-1,1,1,1,,data\preprocessed\features\z_at\FAKE_T3_1021_IWW_FEA_XX__AUDIO_1021_IWW_HAP_XX_sadtalker.pt,data\preprocessed\features\z_v\FAKE_T3_1021_IWW_FEA_XX__AUDIO_1021_IWW_HAP_XX_sadtalker.pt
FAKE_T3_1021_MTI_FEA_XX__AUDIO_1021_MTI_HAP_XX_sadtalker,track3,1,crema_1021,HAP,FEA,-1,1,1,1,,data\preprocessed\features\z_at\FAKE_T3_1021_MTI_FEA_XX__AUDIO_1021_MTI_HAP_XX_sadtalker.pt,data\preprocessed\features\z_v\FAKE_T3_1021_MTI_FEA_XX__AUDIO_1021_MTI_HAP_XX_sadtalker.pt
FAKE_T3_1021_MTI_HAP_XX__AUDIO_1021_MTI_NEU_XX_sadtalker,track3,1,crema_1021,NEU,HAP,-1,1,1,1,,data\preprocessed\features\z_at\FAKE_T3_1021_MTI_HAP_XX__AUDIO_1021_MTI_NEU_XX_sadtalker.pt,data\preprocessed\features\z_v\FAKE_T3_1021_MTI_HAP_XX__AUDIO_1021_MTI_NEU_XX_sadtalker.pt
FAKE_T3_1021_MTI_SAD_XX__AUDIO_1021_MTI_ANG_XX_sadtalker,track3,1,crema_1021,ANG,SAD,-1,1,1,1,,data\preprocessed\features\z_at\FAKE_T3_1021_MTI_SAD_XX__AUDIO_1021_MTI_ANG_XX_sadtalker.pt,data\preprocessed\features\z_v\FAKE_T3_1021_MTI_SAD_XX__AUDIO_1021_MTI_ANG_XX_sadtalker.pt
FAKE_T3_1021_TAI_ANG_XX__AUDIO_1021_TAI_DIS_XX_sadtalker,track3,1,crema_1021,DIS,ANG,-1,1,1,1,,data\preprocessed\features\z_at\FAKE_T3_1021_TAI_ANG_XX__AUDIO_1021_TAI_DIS_XX_sadtalker.pt,data\preprocessed\features\z_v\FAKE_T3_1021_TAI_ANG_XX__AUDIO_1021_TAI_DIS_XX_sadtalker.pt
FAKE_T3_1021_TAI_FEA_XX__AUDIO_1021_TAI_HAP_XX_sadtalker,track3,1,crema_1021,HAP,FEA,-1,1,1,1,,data\preprocessed\features\z_at\FAKE_T3_1021_TAI_FEA_XX__AUDIO_1021_TAI_HAP_XX_sadtalker.pt,data\preprocessed\features\z_v\FAKE_T3_1021_TAI_FEA_XX__AUDIO_1021_TAI_HAP_XX_sadtalker.pt
FAKE_T3_1021_TIE_ANG_XX__AUDIO_1021_TIE_DIS_XX_sadtalker,track3,1,crema_1021,DIS,ANG,-1,1,1,1,,data\preprocessed\features\z_at\FAKE_T3_1021_TIE_ANG_XX__AUDIO_1021_TIE_DIS_XX_sadtalker.pt,data\preprocessed\features\z_v\FAKE_T3_1021_TIE_ANG_XX__AUDIO_1021_TIE_DIS_XX_sadtalker.pt
FAKE_T3_1021_TIE_HAP_XX__AUDIO_1021_TIE_NEU_XX_sadtalker,track3,1,crema_1021,NEU,HAP,-1,1,1,1,,data\preprocessed\features\z_at\FAKE_T3_1021_TIE_HAP_XX__AUDIO_1021_TIE_NEU_XX_sadtalker.pt,data\preprocessed\features\z_v\FAKE_T3_1021_TIE_HAP_XX__AUDIO_1021_TIE_NEU_XX_sadtalker.pt
FAKE_T3_1021_TIE_NEU_XX__AUDIO_1021_TIE_SAD_XX_sadtalker,track3,1,crema_1021,SAD,NEU,-1,1,1,1,,data\preprocessed\features\z_at\FAKE_T3_1021_TIE_NEU_XX__AUDIO_1021_TIE_SAD_XX_sadtalker.pt,data\preprocessed\features\z_v\FAKE_T3_1021_TIE_NEU_XX__AUDIO_1021_TIE_SAD_XX_sadtalker.pt
FAKE_T3_1021_TIE_SAD_XX__AUDIO_1021_TIE_ANG_XX_sadtalker,track3,1,crema_1021,ANG,SAD,-1,1,1,1,,data\preprocessed\features\z_at\FAKE_T3_1021_TIE_SAD_XX__AUDIO_1021_TIE_ANG_XX_sadtalker.pt,data\preprocessed\features\z_v\FAKE_T3_1021_TIE_SAD_XX__AUDIO_1021_TIE_ANG_XX_sadtalker.pt
FAKE_T3_1021_TSI_ANG_XX__AUDIO_1021_TSI_DIS_XX_sadtalker,track3,1,crema_1021,DIS,ANG,-1,1,1,1,,data\preprocessed\features\z_at\FAKE_T3_1021_TSI_ANG_XX__AUDIO_1021_TSI_DIS_XX_sadtalker.pt,data\preprocessed\features\z_v\FAKE_T3_1021_TSI_ANG_XX__AUDIO_1021_TSI_DIS_XX_sadtalker.pt
FAKE_T3_1021_TSI_DIS_XX__AUDIO_1021_TSI_FEA_XX_sadtalker,track3,1,crema_1021,FEA,DIS,-1,1,1,1,,data\preprocessed\features\z_at\FAKE_T3_1021_TSI_DIS_XX__AUDIO_1021_TSI_FEA_XX_sadtalker.pt,data\preprocessed\features\z_v\FAKE_T3_1021_TSI_DIS_XX__AUDIO_1021_TSI_FEA_XX_sadtalker.pt
FAKE_T3_1021_TSI_FEA_XX__AUDIO_1021_TSI_HAP_XX_sadtalker,track3,1,crema_1021,HAP,FEA,-1,1,1,1,,data\preprocessed\features\z_at\FAKE_T3_1021_TSI_FEA_XX__AUDIO_1021_TSI_HAP_XX_sadtalker.pt,data\preprocessed\features\z_v\FAKE_T3_1021_TSI_FEA_XX__AUDIO_1021_TSI_HAP_XX_sadtalker.pt
FAKE_T3_1021_TSI_HAP_XX__AUDIO_1021_TSI_NEU_XX_sadtalker,track3,1,crema_1021,NEU,HAP,-1,1,1,1,,data\preprocessed\features\z_at\FAKE_T3_1021_TSI_HAP_XX__AUDIO_1021_TSI_NEU_XX_sadtalker.pt,data\preprocessed\features\z_v\FAKE_T3_1021_TSI_HAP_XX__AUDIO_1021_TSI_NEU_XX_sadtalker.pt
FAKE_T3_1021_TSI_SAD_XX__AUDIO_1021_TSI_ANG_XX_sadtalker,track3,1,crema_1021,ANG,SAD,-1,1,1,1,,data\preprocessed\features\z_at\FAKE_T3_1021_TSI_SAD_XX__AUDIO_1021_TSI_ANG_XX_sadtalker.pt,data\preprocessed\features\z_v\FAKE_T3_1021_TSI_SAD_XX__AUDIO_1021_TSI_ANG_XX_sadtalker.pt
FAKE_T3_1021_WSI_ANG_XX__AUDIO_1021_WSI_DIS_XX_sadtalker,track3,1,crema_1021,DIS,ANG,-1,1,1,1,,data\preprocessed\features\z_at\FAKE_T3_1021_WSI_ANG_XX__AUDIO_1021_WSI_DIS_XX_sadtalker.pt,data\preprocessed\features\z_v\FAKE_T3_1021_WSI_ANG_XX__AUDIO_1021_WSI_DIS_XX_sadtalker.pt
FAKE_T3_1021_WSI_HAP_XX__AUDIO_1021_WSI_NEU_XX_sadtalker,track3,1,crema_1021,NEU,HAP,-1,1,1,1,,data\preprocessed\features\z_at\FAKE_T3_1021_WSI_HAP_XX__AUDIO_1021_WSI_NEU_XX_sadtalker.pt,data\preprocessed\features\z_v\FAKE_T3_1021_WSI_HAP_XX__AUDIO_1021_WSI_NEU_XX_sadtalker.pt
FAKE_T3_1021_WSI_SAD_XX__AUDIO_1021_WSI_ANG_XX_sadtalker,track3,1,crema_1021,ANG,SAD,-1,1,1,1,,data\preprocessed\features\z_at\FAKE_T3_1021_WSI_SAD_XX__AUDIO_1021_WSI_ANG_XX_sadtalker.pt,data\preprocessed\features\z_v\FAKE_T3_1021_WSI_SAD_XX__AUDIO_1021_WSI_ANG_XX_sadtalker.pt
FAKE_T3_1022_DFA_HAP_XX__AUDIO_1022_DFA_NEU_XX_sadtalker,track3,1,crema_1022,NEU,HAP,-1,1,1,1,,data\preprocessed\features\z_at\FAKE_T3_1022_DFA_HAP_XX__AUDIO_1022_DFA_NEU_XX_sadtalker.pt,data\preprocessed\features\z_v\FAKE_T3_1022_DFA_HAP_XX__AUDIO_1022_DFA_NEU_XX_sadtalker.pt
FAKE_T3_1022_DFA_NEU_XX__AUDIO_1022_DFA_SAD_XX_sadtalker,track3,1,crema_1022,SAD,NEU,-1,1,1,1,,data\preprocessed\features\z_at\FAKE_T3_1022_DFA_NEU_XX__AUDIO_1022_DFA_SAD_XX_sadtalker.pt,data\preprocessed\features\z_v\FAKE_T3_1022_DFA_NEU_XX__AUDIO_1022_DFA_SAD_XX_sadtalker.pt
FAKE_T3_1022_DFA_SAD_XX__AUDIO_1022_DFA_ANG_XX_sadtalker,track3,1,crema_1022,ANG,SAD,-1,1,1,1,,data\preprocessed\features\z_at\FAKE_T3_1022_DFA_SAD_XX__AUDIO_1022_DFA_ANG_XX_sadtalker.pt,data\preprocessed\features\z_v\FAKE_T3_1022_DFA_SAD_XX__AUDIO_1022_DFA_ANG_XX_sadtalker.pt
FAKE_T3_1022_IEO_ANG_HI__AUDIO_1022_IEO_DIS_HI_sadtalker,track3,1,crema_1022,DIS,ANG,-1,1,1,1,,data\preprocessed\features\z_at\FAKE_T3_1022_IEO_ANG_HI__AUDIO_1022_IEO_DIS_HI_sadtalker.pt,data\preprocessed\features\z_v\FAKE_T3_1022_IEO_ANG_HI__AUDIO_1022_IEO_DIS_HI_sadtalker.pt
FAKE_T3_1022_IEO_ANG_MD__AUDIO_1022_IEO_DIS_MD_sadtalker,track3,1,crema_1022,DIS,ANG,-1,1,1,1,,data\preprocessed\features\z_at\FAKE_T3_1022_IEO_ANG_MD__AUDIO_1022_IEO_DIS_MD_sadtalker.pt,data\preprocessed\features\z_v\FAKE_T3_1022_IEO_ANG_MD__AUDIO_1022_IEO_DIS_MD_sadtalker.pt
FAKE_T3_1022_IEO_DIS_HI__AUDIO_1022_IEO_FEA_HI_sadtalker,track3,1,crema_1022,FEA,DIS,-1,1,1,1,,data\preprocessed\features\z_at\FAKE_T3_1022_IEO_DIS_HI__AUDIO_1022_IEO_FEA_HI_sadtalker.pt,data\preprocessed\features\z_v\FAKE_T3_1022_IEO_DIS_HI__AUDIO_1022_IEO_FEA_HI_sadtalker.pt
FAKE_T3_1022_IEO_DIS_LO__AUDIO_1022_IEO_FEA_LO_sadtalker,track3,1,crema_1022,FEA,DIS,-1,1,1,1,,data\preprocessed\features\z_at\FAKE_T3_1022_IEO_DIS_LO__AUDIO_1022_IEO_FEA_LO_sadtalker.pt,data\preprocessed\features\z_v\FAKE_T3_1022_IEO_DIS_LO__AUDIO_1022_IEO_FEA_LO_sadtalker.pt
FAKE_T3_1022_IEO_FEA_HI__AUDIO_1022_IEO_HAP_HI_sadtalker,track3,1,crema_1022,HAP,FEA,-1,1,1,1,,data\preprocessed\features\z_at\FAKE_T3_1022_IEO_FEA_HI__AUDIO_1022_IEO_HAP_HI_sadtalker.pt,data\preprocessed\features\z_v\FAKE_T3_1022_IEO_FEA_HI__AUDIO_1022_IEO_HAP_HI_sadtalker.pt
FAKE_T3_1022_IEO_FEA_MD__AUDIO_1022_IEO_HAP_MD_sadtalker,track3,1,crema_1022,HAP,FEA,-1,1,1,1,,data\preprocessed\features\z_at\FAKE_T3_1022_IEO_FEA_MD__AUDIO_1022_IEO_HAP_MD_sadtalker.pt,data\preprocessed\features\z_v\FAKE_T3_1022_IEO_FEA_MD__AUDIO_1022_IEO_HAP_MD_sadtalker.pt
FAKE_T3_1022_IEO_HAP_HI__AUDIO_1022_IEO_NEU_XX_sadtalker,track3,1,crema_1022,NEU,HAP,-1,1,1,1,,data\preprocessed\features\z_at\FAKE_T3_1022_IEO_HAP_HI__AUDIO_1022_IEO_NEU_XX_sadtalker.pt,data\preprocessed\features\z_v\FAKE_T3_1022_IEO_HAP_HI__AUDIO_1022_IEO_NEU_XX_sadtalker.pt
FAKE_T3_1022_IEO_NEU_XX__AUDIO_1022_IEO_SAD_HI_sadtalker,track3,1,crema_1022,SAD,NEU,-1,1,1,1,,data\preprocessed\features\z_at\FAKE_T3_1022_IEO_NEU_XX__AUDIO_1022_IEO_SAD_HI_sadtalker.pt,data\preprocessed\features\z_v\FAKE_T3_1022_IEO_NEU_XX__AUDIO_1022_IEO_SAD_HI_sadtalker.pt
FAKE_T3_1022_IEO_SAD_HI__AUDIO_1022_IEO_ANG_HI_sadtalker,track3,1,crema_1022,ANG,SAD,-1,1,1,1,,data\preprocessed\features\z_at\FAKE_T3_1022_IEO_SAD_HI__AUDIO_1022_IEO_ANG_HI_sadtalker.pt,data\preprocessed\features\z_v\FAKE_T3_1022_IEO_SAD_HI__AUDIO_1022_IEO_ANG_HI_sadtalker.pt
FAKE_T3_1022_IEO_SAD_MD__AUDIO_1022_IEO_ANG_MD_sadtalker,track3,1,crema_1022,ANG,SAD,-1,1,1,1,,data\preprocessed\features\z_at\FAKE_T3_1022_IEO_SAD_MD__AUDIO_1022_IEO_ANG_MD_sadtalker.pt,data\preprocessed\features\z_v\FAKE_T3_1022_IEO_SAD_MD__AUDIO_1022_IEO_ANG_MD_sadtalker.pt
FAKE_T3_1022_IOM_DIS_XX__AUDIO_1022_IOM_FEA_XX_sadtalker,track3,1,crema_1022,FEA,DIS,-1,1,1,1,,data\preprocessed\features\z_at\FAKE_T3_1022_IOM_DIS_XX__AUDIO_1022_IOM_FEA_XX_sadtalker.pt,data\preprocessed\features\z_v\FAKE_T3_1022_IOM_DIS_XX__AUDIO_1022_IOM_FEA_XX_sadtalker.pt
FAKE_T3_1022_IOM_SAD_XX__AUDIO_1022_IOM_ANG_XX_sadtalker,track3,1,crema_1022,ANG,SAD,-1,1,1,1,,data\preprocessed\features\z_at\FAKE_T3_1022_IOM_SAD_XX__AUDIO_1022_IOM_ANG_XX_sadtalker.pt,data\preprocessed\features\z_v\FAKE_T3_1022_IOM_SAD_XX__AUDIO_1022_IOM_ANG_XX_sadtalker.pt
FAKE_T3_1022_ITH_ANG_XX__AUDIO_1022_ITH_DIS_XX_sadtalker,track3,1,crema_1022,DIS,ANG,-1,1,1,1,,data\preprocessed\features\z_at\FAKE_T3_1022_ITH_ANG_XX__AUDIO_1022_ITH_DIS_XX_sadtalker.pt,data\preprocessed\features\z_v\FAKE_T3_1022_ITH_ANG_XX__AUDIO_1022_ITH_DIS_XX_sadtalker.pt
FAKE_T3_1022_ITH_NEU_XX__AUDIO_1022_ITH_SAD_XX_sadtalker,track3,1,crema_1022,SAD,NEU,-1,1,1,1,,data\preprocessed\features\z_at\FAKE_T3_1022_ITH_NEU_XX__AUDIO_1022_ITH_SAD_XX_sadtalker.pt,data\preprocessed\features\z_v\FAKE_T3_1022_ITH_NEU_XX__AUDIO_1022_ITH_SAD_XX_sadtalker.pt
FAKE_T3_1022_ITS_ANG_XX__AUDIO_1022_ITS_DIS_XX_sadtalker,track3,1,crema_1022,DIS,ANG,-1,1,1,1,,data\preprocessed\features\z_at\FAKE_T3_1022_ITS_ANG_XX__AUDIO_1022_ITS_DIS_XX_sadtalker.pt,data\preprocessed\features\z_v\FAKE_T3_1022_ITS_ANG_XX__AUDIO_1022_ITS_DIS_XX_sadtalker.pt
FAKE_T3_1022_ITS_FEA_XX__AUDIO_1022_ITS_HAP_XX_sadtalker,track3,1,crema_1022,HAP,FEA,-1,1,1,1,,data\preprocessed\features\z_at\FAKE_T3_1022_ITS_FEA_XX__AUDIO_1022_ITS_HAP_XX_sadtalker.pt,data\preprocessed\features\z_v\FAKE_T3_1022_ITS_FEA_XX__AUDIO_1022_ITS_HAP_XX_sadtalker.pt
FAKE_T3_1022_ITS_HAP_XX__AUDIO_1022_ITS_NEU_XX_sadtalker,track3,1,crema_1022,NEU,HAP,-1,1,1,1,,data\preprocessed\features\z_at\FAKE_T3_1022_ITS_HAP_XX__AUDIO_1022_ITS_NEU_XX_sadtalker.pt,data\preprocessed\features\z_v\FAKE_T3_1022_ITS_HAP_XX__AUDIO_1022_ITS_NEU_XX_sadtalker.pt
FAKE_T3_1022_IWL_DIS_XX__AUDIO_1022_IWL_FEA_XX_sadtalker,track3,1,crema_1022,FEA,DIS,-1,1,1,1,,data\preprocessed\features\z_at\FAKE_T3_1022_IWL_DIS_XX__AUDIO_1022_IWL_FEA_XX_sadtalker.pt,data\preprocessed\features\z_v\FAKE_T3_1022_IWL_DIS_XX__AUDIO_1022_IWL_FEA_XX_sadtalker.pt
FAKE_T3_1022_IWL_SAD_XX__AUDIO_1022_IWL_ANG_XX_sadtalker,track3,1,crema_1022,ANG,SAD,-1,1,1,1,,data\preprocessed\features\z_at\FAKE_T3_1022_IWL_SAD_XX__AUDIO_1022_IWL_ANG_XX_sadtalker.pt,data\preprocessed\features\z_v\FAKE_T3_1022_IWL_SAD_XX__AUDIO_1022_IWL_ANG_XX_sadtalker.pt
FAKE_T3_1022_IWW_DIS_XX__AUDIO_1022_IWW_FEA_XX_sadtalker,track3,1,crema_1022,FEA,DIS,-1,1,1,1,,data\preprocessed\features\z_at\FAKE_T3_1022_IWW_DIS_XX__AUDIO_1022_IWW_FEA_XX_sadtalker.pt,data\preprocessed\features\z_v\FAKE_T3_1022_IWW_DIS_XX__AUDIO_1022_IWW_FEA_XX_sadtalker.pt
FAKE_T3_1022_IWW_HAP_XX__AUDIO_1022_IWW_NEU_XX_sadtalker,track3,1,crema_1022,NEU,HAP,-1,1,1,1,,data\preprocessed\features\z_at\FAKE_T3_1022_IWW_HAP_XX__AUDIO_1022_IWW_NEU_XX_sadtalker.pt,data\preprocessed\features\z_v\FAKE_T3_1022_IWW_HAP_XX__AUDIO_1022_IWW_NEU_XX_sadtalker.pt
FAKE_T3_1022_MTI_ANG_XX__AUDIO_1022_MTI_DIS_XX_sadtalker,track3,1,crema_1022,DIS,ANG,-1,1,1,1,,data\preprocessed\features\z_at\FAKE_T3_1022_MTI_ANG_XX__AUDIO_1022_MTI_DIS_XX_sadtalker.pt,data\preprocessed\features\z_v\FAKE_T3_1022_MTI_ANG_XX__AUDIO_1022_MTI_DIS_XX_sadtalker.pt
FAKE_T3_1022_MTI_DIS_XX__AUDIO_1022_MTI_FEA_XX_sadtalker,track3,1,crema_1022,FEA,DIS,-1,1,1,1,,data\preprocessed\features\z_at\FAKE_T3_1022_MTI_DIS_XX__AUDIO_1022_MTI_FEA_XX_sadtalker.pt,data\preprocessed\features\z_v\FAKE_T3_1022_MTI_DIS_XX__AUDIO_1022_MTI_FEA_XX_sadtalker.pt
FAKE_T3_1022_MTI_FEA_XX__AUDIO_1022_MTI_HAP_XX_sadtalker,track3,1,crema_1022,HAP,FEA,-1,1,1,1,,data\preprocessed\features\z_at\FAKE_T3_1022_MTI_FEA_XX__AUDIO_1022_MTI_HAP_XX_sadtalker.pt,data\preprocessed\features\z_v\FAKE_T3_1022_MTI_FEA_XX__AUDIO_1022_MTI_HAP_XX_sadtalker.pt
FAKE_T3_1022_MTI_HAP_XX__AUDIO_1022_MTI_NEU_XX_sadtalker,track3,1,crema_1022,NEU,HAP,-1,1,1,1,,data\preprocessed\features\z_at\FAKE_T3_1022_MTI_HAP_XX__AUDIO_1022_MTI_NEU_XX_sadtalker.pt,data\preprocessed\features\z_v\FAKE_T3_1022_MTI_HAP_XX__AUDIO_1022_MTI_NEU_XX_sadtalker.pt
FAKE_T3_1022_MTI_NEU_XX__AUDIO_1022_MTI_SAD_XX_sadtalker,track3,1,crema_1022,SAD,NEU,-1,1,1,1,,data\preprocessed\features\z_at\FAKE_T3_1022_MTI_NEU_XX__AUDIO_1022_MTI_SAD_XX_sadtalker.pt,data\preprocessed\features\z_v\FAKE_T3_1022_MTI_NEU_XX__AUDIO_1022_MTI_SAD_XX_sadtalker.pt
FAKE_T3_1022_TAI_ANG_XX__AUDIO_1022_TAI_DIS_XX_sadtalker,track3,1,crema_1022,DIS,ANG,-1,1,1,1,,data\preprocessed\features\z_at\FAKE_T3_1022_TAI_ANG_XX__AUDIO_1022_TAI_DIS_XX_sadtalker.pt,data\preprocessed\features\z_v\FAKE_T3_1022_TAI_ANG_XX__AUDIO_1022_TAI_DIS_XX_sadtalker.pt
FAKE_T3_1022_TAI_DIS_XX__AUDIO_1022_TAI_FEA_XX_sadtalker,track3,1,crema_1022,FEA,DIS,-1,1,1,1,,data\preprocessed\features\z_at\FAKE_T3_1022_TAI_DIS_XX__AUDIO_1022_TAI_FEA_XX_sadtalker.pt,data\preprocessed\features\z_v\FAKE_T3_1022_TAI_DIS_XX__AUDIO_1022_TAI_FEA_XX_sadtalker.pt
FAKE_T3_1022_TAI_FEA_XX__AUDIO_1022_TAI_HAP_XX_sadtalker,track3,1,crema_1022,HAP,FEA,-1,1,1,1,,data\preprocessed\features\z_at\FAKE_T3_1022_TAI_FEA_XX__AUDIO_1022_TAI_HAP_XX_sadtalker.pt,data\preprocessed\features\z_v\FAKE_T3_1022_TAI_FEA_XX__AUDIO_1022_TAI_HAP_XX_sadtalker.pt
FAKE_T3_1022_TAI_NEU_XX__AUDIO_1022_TAI_SAD_XX_sadtalker,track3,1,crema_1022,SAD,NEU,-1,1,1,1,,data\preprocessed\features\z_at\FAKE_T3_1022_TAI_NEU_XX__AUDIO_1022_TAI_SAD_XX_sadtalker.pt,data\preprocessed\features\z_v\FAKE_T3_1022_TAI_NEU_XX__AUDIO_1022_TAI_SAD_XX_sadtalker.pt
FAKE_T3_1022_TAI_SAD_XX__AUDIO_1022_TAI_ANG_XX_sadtalker,track3,1,crema_1022,ANG,SAD,-1,1,1,1,,data\preprocessed\features\z_at\FAKE_T3_1022_TAI_SAD_XX__AUDIO_1022_TAI_ANG_XX_sadtalker.pt,data\preprocessed\features\z_v\FAKE_T3_1022_TAI_SAD_XX__AUDIO_1022_TAI_ANG_XX_sadtalker.pt
FAKE_T3_1022_TIE_ANG_XX__AUDIO_1022_TIE_DIS_XX_sadtalker,track3,1,crema_1022,DIS,ANG,-1,1,1,1,,data\preprocessed\features\z_at\FAKE_T3_1022_TIE_ANG_XX__AUDIO_1022_TIE_DIS_XX_sadtalker.pt,data\preprocessed\features\z_v\FAKE_T3_1022_TIE_ANG_XX__AUDIO_1022_TIE_DIS_XX_sadtalker.pt
FAKE_T3_1022_TIE_SAD_XX__AUDIO_1022_TIE_ANG_XX_sadtalker,track3,1,crema_1022,ANG,SAD,-1,1,1,1,,data\preprocessed\features\z_at\FAKE_T3_1022_TIE_SAD_XX__AUDIO_1022_TIE_ANG_XX_sadtalker.pt,data\preprocessed\features\z_v\FAKE_T3_1022_TIE_SAD_XX__AUDIO_1022_TIE_ANG_XX_sadtalker.pt
FAKE_T3_1022_TSI_NEU_XX__AUDIO_1022_TSI_SAD_XX_sadtalker,track3,1,crema_1022,SAD,NEU,-1,1,1,1,,data\preprocessed\features\z_at\FAKE_T3_1022_TSI_NEU_XX__AUDIO_1022_TSI_SAD_XX_sadtalker.pt,data\preprocessed\features\z_v\FAKE_T3_1022_TSI_NEU_XX__AUDIO_1022_TSI_SAD_XX_sadtalker.pt
FAKE_T3_1022_TSI_SAD_XX__AUDIO_1022_TSI_ANG_XX_sadtalker,track3,1,crema_1022,ANG,SAD,-1,1,1,1,,data\preprocessed\features\z_at\FAKE_T3_1022_TSI_SAD_XX__AUDIO_1022_TSI_ANG_XX_sadtalker.pt,data\preprocessed\features\z_v\FAKE_T3_1022_TSI_SAD_XX__AUDIO_1022_TSI_ANG_XX_sadtalker.pt
FAKE_T3_1022_WSI_ANG_XX__AUDIO_1022_WSI_DIS_XX_sadtalker,track3,1,crema_1022,DIS,ANG,-1,1,1,1,,data\preprocessed\features\z_at\FAKE_T3_1022_WSI_ANG_XX__AUDIO_1022_WSI_DIS_XX_sadtalker.pt,data\preprocessed\features\z_v\FAKE_T3_1022_WSI_ANG_XX__AUDIO_1022_WSI_DIS_XX_sadtalker.pt
FAKE_T3_1022_WSI_HAP_XX__AUDIO_1022_WSI_NEU_XX_sadtalker,track3,1,crema_1022,NEU,HAP,-1,1,1,1,,data\preprocessed\features\z_at\FAKE_T3_1022_WSI_HAP_XX__AUDIO_1022_WSI_NEU_XX_sadtalker.pt,data\preprocessed\features\z_v\FAKE_T3_1022_WSI_HAP_XX__AUDIO_1022_WSI_NEU_XX_sadtalker.pt
FAKE_T3_1022_WSI_SAD_XX__AUDIO_1022_WSI_ANG_XX_sadtalker,track3,1,crema_1022,ANG,SAD,-1,1,1,1,,data\preprocessed\features\z_at\FAKE_T3_1022_WSI_SAD_XX__AUDIO_1022_WSI_ANG_XX_sadtalker.pt,data\preprocessed\features\z_v\FAKE_T3_1022_WSI_SAD_XX__AUDIO_1022_WSI_ANG_XX_sadtalker.pt
FAKE_T3_1023_DFA_ANG_XX__AUDIO_1023_DFA_DIS_XX_sadtalker,track3,1,crema_1023,DIS,ANG,-1,1,1,1,,data\preprocessed\features\z_at\FAKE_T3_1023_DFA_ANG_XX__AUDIO_1023_DFA_DIS_XX_sadtalker.pt,data\preprocessed\features\z_v\FAKE_T3_1023_DFA_ANG_XX__AUDIO_1023_DFA_DIS_XX_sadtalker.pt
FAKE_T3_1023_DFA_DIS_XX__AUDIO_1023_DFA_FEA_XX_sadtalker,track3,1,crema_1023,FEA,DIS,-1,1,1,1,,data\preprocessed\features\z_at\FAKE_T3_1023_DFA_DIS_XX__AUDIO_1023_DFA_FEA_XX_sadtalker.pt,data\preprocessed\features\z_v\FAKE_T3_1023_DFA_DIS_XX__AUDIO_1023_DFA_FEA_XX_sadtalker.pt
FAKE_T3_1023_DFA_FEA_XX__AUDIO_1023_DFA_HAP_XX_sadtalker,track3,1,crema_1023,HAP,FEA,-1,1,1,1,,data\preprocessed\features\z_at\FAKE_T3_1023_DFA_FEA_XX__AUDIO_1023_DFA_HAP_XX_sadtalker.pt,data\preprocessed\features\z_v\FAKE_T3_1023_DFA_FEA_XX__AUDIO_1023_DFA_HAP_XX_sadtalker.pt
FAKE_T3_1023_DFA_HAP_XX__AUDIO_1023_DFA_NEU_XX_sadtalker,track3,1,crema_1023,NEU,HAP,-1,1,1,1,,data\preprocessed\features\z_at\FAKE_T3_1023_DFA_HAP_XX__AUDIO_1023_DFA_NEU_XX_sadtalker.pt,data\preprocessed\features\z_v\FAKE_T3_1023_DFA_HAP_XX__AUDIO_1023_DFA_NEU_XX_sadtalker.pt
FAKE_T3_1023_DFA_NEU_XX__AUDIO_1023_DFA_SAD_XX_sadtalker,track3,1,crema_1023,SAD,NEU,-1,1,1,1,,data\preprocessed\features\z_at\FAKE_T3_1023_DFA_NEU_XX__AUDIO_1023_DFA_SAD_XX_sadtalker.pt,data\preprocessed\features\z_v\FAKE_T3_1023_DFA_NEU_XX__AUDIO_1023_DFA_SAD_XX_sadtalker.pt
FAKE_T3_1023_IEO_ANG_LO__AUDIO_1023_IEO_DIS_LO_sadtalker,track3,1,crema_1023,DIS,ANG,-1,1,1,1,,data\preprocessed\features\z_at\FAKE_T3_1023_IEO_ANG_LO__AUDIO_1023_IEO_DIS_LO_sadtalker.pt,data\preprocessed\features\z_v\FAKE_T3_1023_IEO_ANG_LO__AUDIO_1023_IEO_DIS_LO_sadtalker.pt
FAKE_T3_1023_IEO_ANG_MD__AUDIO_1023_IEO_DIS_MD_sadtalker,track3,1,crema_1023,DIS,ANG,-1,1,1,1,,data\preprocessed\features\z_at\FAKE_T3_1023_IEO_ANG_MD__AUDIO_1023_IEO_DIS_MD_sadtalker.pt,data\preprocessed\features\z_v\FAKE_T3_1023_IEO_ANG_MD__AUDIO_1023_IEO_DIS_MD_sadtalker.pt
FAKE_T3_1023_IEO_FEA_MD__AUDIO_1023_IEO_HAP_MD_sadtalker,track3,1,crema_1023,HAP,FEA,-1,1,1,1,,data\preprocessed\features\z_at\FAKE_T3_1023_IEO_FEA_MD__AUDIO_1023_IEO_HAP_MD_sadtalker.pt,data\preprocessed\features\z_v\FAKE_T3_1023_IEO_FEA_MD__AUDIO_1023_IEO_HAP_MD_sadtalker.pt
FAKE_T3_1023_IEO_HAP_HI__AUDIO_1023_IEO_NEU_XX_sadtalker,track3,1,crema_1023,NEU,HAP,-1,1,1,1,,data\preprocessed\features\z_at\FAKE_T3_1023_IEO_HAP_HI__AUDIO_1023_IEO_NEU_XX_sadtalker.pt,data\preprocessed\features\z_v\FAKE_T3_1023_IEO_HAP_HI__AUDIO_1023_IEO_NEU_XX_sadtalker.pt
FAKE_T3_1023_IEO_SAD_HI__AUDIO_1023_IEO_ANG_HI_sadtalker,track3,1,crema_1023,ANG,SAD,-1,1,1,1,,data\preprocessed\features\z_at\FAKE_T3_1023_IEO_SAD_HI__AUDIO_1023_IEO_ANG_HI_sadtalker.pt,data\preprocessed\features\z_v\FAKE_T3_1023_IEO_SAD_HI__AUDIO_1023_IEO_ANG_HI_sadtalker.pt
FAKE_T3_1023_IOM_ANG_XX__AUDIO_1023_IOM_DIS_XX_sadtalker,track3,1,crema_1023,DIS,ANG,-1,1,1,1,,data\preprocessed\features\z_at\FAKE_T3_1023_IOM_ANG_XX__AUDIO_1023_IOM_DIS_XX_sadtalker.pt,data\preprocessed\features\z_v\FAKE_T3_1023_IOM_ANG_XX__AUDIO_1023_IOM_DIS_XX_sadtalker.pt
FAKE_T3_1023_IOM_NEU_XX__AUDIO_1023_IOM_SAD_XX_sadtalker,track3,1,crema_1023,SAD,NEU,-1,1,1,1,,data\preprocessed\features\z_at\FAKE_T3_1023_IOM_NEU_XX__AUDIO_1023_IOM_SAD_XX_sadtalker.pt,data\preprocessed\features\z_v\FAKE_T3_1023_IOM_NEU_XX__AUDIO_1023_IOM_SAD_XX_sadtalker.pt
FAKE_T3_1023_ITH_DIS_XX__AUDIO_1023_ITH_FEA_XX_sadtalker,track3,1,crema_1023,FEA,DIS,-1,1,1,1,,data\preprocessed\features\z_at\FAKE_T3_1023_ITH_DIS_XX__AUDIO_1023_ITH_FEA_XX_sadtalker.pt,data\preprocessed\features\z_v\FAKE_T3_1023_ITH_DIS_XX__AUDIO_1023_ITH_FEA_XX_sadtalker.pt
FAKE_T3_1023_ITS_DIS_XX__AUDIO_1023_ITS_FEA_XX_sadtalker,track3,1,crema_1023,FEA,DIS,-1,1,1,1,,data\preprocessed\features\z_at\FAKE_T3_1023_ITS_DIS_XX__AUDIO_1023_ITS_FEA_XX_sadtalker.pt,data\preprocessed\features\z_v\FAKE_T3_1023_ITS_DIS_XX__AUDIO_1023_ITS_FEA_XX_sadtalker.pt
FAKE_T3_1023_ITS_FEA_XX__AUDIO_1023_ITS_HAP_XX_sadtalker,track3,1,crema_1023,HAP,FEA,-1,1,1,1,,data\preprocessed\features\z_at\FAKE_T3_1023_ITS_FEA_XX__AUDIO_1023_ITS_HAP_XX_sadtalker.pt,data\preprocessed\features\z_v\FAKE_T3_1023_ITS_FEA_XX__AUDIO_1023_ITS_HAP_XX_sadtalker.pt
FAKE_T3_1023_ITS_HAP_XX__AUDIO_1023_ITS_NEU_XX_sadtalker,track3,1,crema_1023,NEU,HAP,-1,1,1,1,,data\preprocessed\features\z_at\FAKE_T3_1023_ITS_HAP_XX__AUDIO_1023_ITS_NEU_XX_sadtalker.pt,data\preprocessed\features\z_v\FAKE_T3_1023_ITS_HAP_XX__AUDIO_1023_ITS_NEU_XX_sadtalker.pt
FAKE_T3_1023_ITS_SAD_XX__AUDIO_1023_ITS_ANG_XX_sadtalker,track3,1,crema_1023,ANG,SAD,-1,1,1,1,,data\preprocessed\features\z_at\FAKE_T3_1023_ITS_SAD_XX__AUDIO_1023_ITS_ANG_XX_sadtalker.pt,data\preprocessed\features\z_v\FAKE_T3_1023_ITS_SAD_XX__AUDIO_1023_ITS_ANG_XX_sadtalker.pt
