clip_id,source_pipeline,fake_label,speaker_id,audio_emotion,visual_emotion,sarcasm_label,has_z_at,has_z_v,is_ready_for_training,video_path,z_at_path,z_v_path
train_dia797_utt12,meld_real,0,meld_Monica,sadness,sadness,-1,1,1,1,data\raw\MELD\MELD-RAW\MELD.Raw\train\train_splits\dia797_utt12.mp4,data\preprocessed\features\z_at\train_dia797_utt12.pt,data\preprocessed\features\z_v\train_dia797_utt12.pt
train_dia797_utt4,meld_real,0,meld_Monica,neutral,neutral,-1,1,1,1,data\raw\MELD\MELD-RAW\MELD.Raw\train\train_splits\dia797_utt4.mp4,data\preprocessed\features\z_at\train_dia797_utt4.pt,data\preprocessed\features\z_v\train_dia797_utt4.pt
train_dia797_utt8,meld_real,0,meld_Monica,joy,joy,-1,1,1,1,data\raw\MELD\MELD-RAW\MELD.Raw\train\train_splits\dia797_utt8.mp4,data\preprocessed\features\z_at\train_dia797_utt8.pt,data\preprocessed\features\z_v\train_dia797_utt8.pt
train_dia799_utt4,meld_real,0,meld_Monica,neutral,neutral,-1,1,1,1,data\raw\MELD\MELD-RAW\MELD.Raw\train\train_splits\dia799_utt4.mp4,data\preprocessed\features\z_at\train_dia799_utt4.pt,data\preprocessed\features\z_v\train_dia799_utt4.pt
train_dia79_utt2,meld_real,0,meld_Joey,joy,joy,-1,1,1,1,data\raw\MELD\MELD-RAW\MELD.Raw\train\train_splits\dia79_utt2.mp4,data\preprocessed\features\z_at\train_dia79_utt2.pt,data\preprocessed\features\z_v\train_dia79_utt2.pt
train_dia79_utt7,meld_real,0,meld_Joey,neutral,neutral,-1,1,1,1,data\raw\MELD\MELD-RAW\MELD.Raw\train\train_splits\dia79_utt7.mp4,data\preprocessed\features\z_at\train_dia79_utt7.pt,data\preprocessed\features\z_v\train_dia79_utt7.pt
train_dia801_utt0,meld_real,0,meld_Monica,neutral,neutral,-1,1,1,1,data\raw\MELD\MELD-RAW\MELD.Raw\train\train_splits\dia801_utt0.mp4,data\preprocessed\features\z_at\train_dia801_utt0.pt,data\preprocessed\features\z_v\train_dia801_utt0.pt
train_dia801_utt2,meld_real,0,meld_Monica,neutral,neutral,-1,1,1,1,data\raw\MELD\MELD-RAW\MELD.Raw\train\train_splits\dia801_utt2.mp4,data\preprocessed\features\z_at\train_dia801_utt2.pt,data\preprocessed\features\z_v\train_dia801_utt2.pt
train_dia801_utt4,meld_real,0,meld_Monica,neutral,neutral,-1,1,1,1,data\raw\MELD\MELD-RAW\MELD.Raw\train\train_splits\dia801_utt4.mp4,data\preprocessed\features\z_at\train_dia801_utt4.pt,data\preprocessed\features\z_v\train_dia801_utt4.pt
train_dia802_utt0,meld_real,0,meld_Ross,joy,joy,-1,1,1,1,data\raw\MELD\MELD-RAW\MELD.Raw\train\train_splits\dia802_utt0.mp4,data\preprocessed\features\z_at\train_dia802_utt0.pt,data\preprocessed\features\z_v\train_dia802_utt0.pt
train_dia802_utt1,meld_real,0,meld_Phoebe,joy,joy,-1,1,1,1,data\raw\MELD\MELD-RAW\MELD.Raw\train\train_splits\dia802_utt1.mp4,data\preprocessed\features\z_at\train_dia802_utt1.pt,data\preprocessed\features\z_v\train_dia802_utt1.pt
train_dia803_utt1,meld_real,0,meld_Rachel,sadness,sadness,-1,1,1,1,data\raw\MELD\MELD-RAW\MELD.Raw\train\train_splits\dia803_utt1.mp4,data\preprocessed\features\z_at\train_dia803_utt1.pt,data\preprocessed\features\z_v\train_dia803_utt1.pt
train_dia803_utt3,meld_real,0,meld_Monica,joy,joy,-1,1,1,1,data\raw\MELD\MELD-RAW\MELD.Raw\train\train_splits\dia803_utt3.mp4,data\preprocessed\features\z_at\train_dia803_utt3.pt,data\preprocessed\features\z_v\train_dia803_utt3.pt
train_dia803_utt5,meld_real,0,meld_Monica,joy,joy,-1,1,1,1,data\raw\MELD\MELD-RAW\MELD.Raw\train\train_splits\dia803_utt5.mp4,data\preprocessed\features\z_at\train_dia803_utt5.pt,data\preprocessed\features\z_v\train_dia803_utt5.pt
train_dia803_utt6,meld_real,0,meld_Chandler,anger,anger,-1,1,1,1,data\raw\MELD\MELD-RAW\MELD.Raw\train\train_splits\dia803_utt6.mp4,data\preprocessed\features\z_at\train_dia803_utt6.pt,data\preprocessed\features\z_v\train_dia803_utt6.pt
train_dia804_utt3,meld_real,0,meld_Mr._Treeger,anger,anger,-1,1,1,1,data\raw\MELD\MELD-RAW\MELD.Raw\train\train_splits\dia804_utt3.mp4,data\preprocessed\features\z_at\train_dia804_utt3.pt,data\preprocessed\features\z_v\train_dia804_utt3.pt
train_dia804_utt6,meld_real,0,meld_Mr._Treeger,disgust,disgust,-1,1,1,1,data\raw\MELD\MELD-RAW\MELD.Raw\train\train_splits\dia804_utt6.mp4,data\preprocessed\features\z_at\train_dia804_utt6.pt,data\preprocessed\features\z_v\train_dia804_utt6.pt
train_dia804_utt7,meld_real,0,meld_Mr._Treeger,anger,anger,-1,1,1,1,data\raw\MELD\MELD-RAW\MELD.Raw\train\train_splits\dia804_utt7.mp4,data\preprocessed\features\z_at\train_dia804_utt7.pt,data\preprocessed\features\z_v\train_dia804_utt7.pt
train_dia805_utt4,meld_real,0,meld_Ross,neutral,neutral,-1,1,1,1,data\raw\MELD\MELD-RAW\MELD.Raw\train\train_splits\dia805_utt4.mp4,data\preprocessed\features\z_at\train_dia805_utt4.pt,data\preprocessed\features\z_v\train_dia805_utt4.pt
train_dia806_utt10,meld_real,0,meld_Rachel,neutral,neutral,-1,1,1,1,data\raw\MELD\MELD-RAW\MELD.Raw\train\train_splits\dia806_utt10.mp4,data\preprocessed\features\z_at\train_dia806_utt10.pt,data\preprocessed\features\z_v\train_dia806_utt10.pt
train_dia806_utt16,meld_real,0,meld_Joey,neutral,neutral,-1,1,1,1,data\raw\MELD\MELD-RAW\MELD.Raw\train\train_splits\dia806_utt16.mp4,data\preprocessed\features\z_at\train_dia806_utt16.pt,data\preprocessed\features\z_v\train_dia806_utt16.pt
train_dia806_utt3,meld_real,0,meld_Joey,joy,joy,-1,1,1,1,data\raw\MELD\MELD-RAW\MELD.Raw\train\train_splits\dia806_utt3.mp4,data\preprocessed\features\z_at\train_dia806_utt3.pt,data\preprocessed\features\z_v\train_dia806_utt3.pt
train_dia806_utt5,meld_real,0,meld_Joey,sadness,sadness,-1,1,1,1,data\raw\MELD\MELD-RAW\MELD.Raw\train\train_splits\dia806_utt5.mp4,data\preprocessed\features\z_at\train_dia806_utt5.pt,data\preprocessed\features\z_v\train_dia806_utt5.pt
train_dia806_utt9,meld_real,0,meld_Joey,joy,joy,-1,1,1,1,data\raw\MELD\MELD-RAW\MELD.Raw\train\train_splits\dia806_utt9.mp4,data\preprocessed\features\z_at\train_dia806_utt9.pt,data\preprocessed\features\z_v\train_dia806_utt9.pt
train_dia807_utt0,meld_real,0,meld_Rachel,neutral,neutral,-1,1,1,1,data\raw\MELD\MELD-RAW\MELD.Raw\train\train_splits\dia807_utt0.mp4,data\preprocessed\features\z_at\train_dia807_utt0.pt,data\preprocessed\features\z_v\train_dia807_utt0.pt
train_dia808_utt6,meld_real,0,meld_Chandler,joy,joy,-1,1,1,1,data\raw\MELD\MELD-RAW\MELD.Raw\train\train_splits\dia808_utt6.mp4,data\preprocessed\features\z_at\train_dia808_utt6.pt,data\preprocessed\features\z_v\train_dia808_utt6.pt
train_dia809_utt11,meld_real,0,meld_Joey,joy,joy,-1,1,1,1,data\raw\MELD\MELD-RAW\MELD.Raw\train\train_splits\dia809_utt11.mp4,data\preprocessed\features\z_at\train_dia809_utt11.pt,data\preprocessed\features\z_v\train_dia809_utt11.pt
train_dia809_utt14,meld_real,0,meld_Chandler,anger,anger,-1,1,1,1,data\raw\MELD\MELD-RAW\MELD.Raw\train\train_splits\dia809_utt14.mp4,data\preprocessed\features\z_at\train_dia809_utt14.pt,data\preprocessed\features\z_v\train_dia809_utt14.pt
train_dia809_utt2,meld_real,0,meld_Joey,joy,joy,-1,1,1,1,data\raw\MELD\MELD-RAW\MELD.Raw\train\train_splits\dia809_utt2.mp4,data\preprocessed\features\z_at\train_dia809_utt2.pt,data\preprocessed\features\z_v\train_dia809_utt2.pt
train_dia80_utt1,meld_real,0,meld_Joey,joy,joy,-1,1,1,1,data\raw\MELD\MELD-RAW\MELD.Raw\train\train_splits\dia80_utt1.mp4,data\preprocessed\features\z_at\train_dia80_utt1.pt,data\preprocessed\features\z_v\train_dia80_utt1.pt
train_dia80_utt2,meld_real,0,meld_Rachel,neutral,neutral,-1,1,1,1,data\raw\MELD\MELD-RAW\MELD.Raw\train\train_splits\dia80_utt2.mp4,data\preprocessed\features\z_at\train_dia80_utt2.pt,data\preprocessed\features\z_v\train_dia80_utt2.pt
train_dia810_utt7,meld_real,0,meld_Monica,neutral,neutral,-1,1,1,1,data\raw\MELD\MELD-RAW\MELD.Raw\train\train_splits\dia810_utt7.mp4,data\preprocessed\features\z_at\train_dia810_utt7.pt,data\preprocessed\features\z_v\train_dia810_utt7.pt
train_dia810_utt8,meld_real,0,meld_Gary,joy,joy,-1,1,1,1,data\raw\MELD\MELD-RAW\MELD.Raw\train\train_splits\dia810_utt8.mp4,data\preprocessed\features\z_at\train_dia810_utt8.pt,data\preprocessed\features\z_v\train_dia810_utt8.pt
train_dia811_utt2,meld_real,0,meld_Richard,neutral,neutral,-1,1,1,1,data\raw\MELD\MELD-RAW\MELD.Raw\train\train_splits\dia811_utt2.mp4,data\preprocessed\features\z_at\train_dia811_utt2.pt,data\preprocessed\features\z_v\train_dia811_utt2.pt
train_dia813_utt10,meld_real,0,meld_Rachel,neutral,neutral,-1,1,1,1,data\raw\MELD\MELD-RAW\MELD.Raw\train\train_splits\dia813_utt10.mp4,data\preprocessed\features\z_at\train_dia813_utt10.pt,data\preprocessed\features\z_v\train_dia813_utt10.pt
train_dia813_utt2,meld_real,0,meld_Monica,neutral,neutral,-1,1,1,1,data\raw\MELD\MELD-RAW\MELD.Raw\train\train_splits\dia813_utt2.mp4,data\preprocessed\features\z_at\train_dia813_utt2.pt,data\preprocessed\features\z_v\train_dia813_utt2.pt
train_dia813_utt3,meld_real,0,meld_Rachel,anger,anger,-1,1,1,1,data\raw\MELD\MELD-RAW\MELD.Raw\train\train_splits\dia813_utt3.mp4,data\preprocessed\features\z_at\train_dia813_utt3.pt,data\preprocessed\features\z_v\train_dia813_utt3.pt
train_dia813_utt4,meld_real,0,meld_Monica,neutral,neutral,-1,1,1,1,data\raw\MELD\MELD-RAW\MELD.Raw\train\train_splits\dia813_utt4.mp4,data\preprocessed\features\z_at\train_dia813_utt4.pt,data\preprocessed\features\z_v\train_dia813_utt4.pt
train_dia813_utt6,meld_real,0,meld_Monica,neutral,neutral,-1,1,1,1,data\raw\MELD\MELD-RAW\MELD.Raw\train\train_splits\dia813_utt6.mp4,data\preprocessed\features\z_at\train_dia813_utt6.pt,data\preprocessed\features\z_v\train_dia813_utt6.pt
train_dia813_utt8,meld_real,0,meld_Rachel,neutral,neutral,-1,1,1,1,data\raw\MELD\MELD-RAW\MELD.Raw\train\train_splits\dia813_utt8.mp4,data\preprocessed\features\z_at\train_dia813_utt8.pt,data\preprocessed\features\z_v\train_dia813_utt8.pt
train_dia814_utt0,meld_real,0,meld_Ross,neutral,neutral,-1,1,1,1,data\raw\MELD\MELD-RAW\MELD.Raw\train\train_splits\dia814_utt0.mp4,data\preprocessed\features\z_at\train_dia814_utt0.pt,data\preprocessed\features\z_v\train_dia814_utt0.pt
train_dia814_utt3,meld_real,0,meld_Chandler,neutral,neutral,-1,1,1,1,data\raw\MELD\MELD-RAW\MELD.Raw\train\train_splits\dia814_utt3.mp4,data\preprocessed\features\z_at\train_dia814_utt3.pt,data\preprocessed\features\z_v\train_dia814_utt3.pt
train_dia814_utt4,meld_real,0,meld_Ross,joy,joy,-1,1,1,1,data\raw\MELD\MELD-RAW\MELD.Raw\train\train_splits\dia814_utt4.mp4,data\preprocessed\features\z_at\train_dia814_utt4.pt,data\preprocessed\features\z_v\train_dia814_utt4.pt
train_dia815_utt0,meld_real,0,meld_Joey,neutral,neutral,-1,1,1,1,data\raw\MELD\MELD-RAW\MELD.Raw\train\train_splits\dia815_utt0.mp4,data\preprocessed\features\z_at\train_dia815_utt0.pt,data\preprocessed\features\z_v\train_dia815_utt0.pt
train_dia815_utt3,meld_real,0,meld_Carl,neutral,neutral,-1,1,1,1,data\raw\MELD\MELD-RAW\MELD.Raw\train\train_splits\dia815_utt3.mp4,data\preprocessed\features\z_at\train_dia815_utt3.pt,data\preprocessed\features\z_v\train_dia815_utt3.pt
train_dia816_utt0,meld_real,0,meld_Monica,sadness,sadness,-1,1,1,1,data\raw\MELD\MELD-RAW\MELD.Raw\train\train_splits\dia816_utt0.mp4,data\preprocessed\features\z_at\train_dia816_utt0.pt,data\preprocessed\features\z_v\train_dia816_utt0.pt
train_dia816_utt2,meld_real,0,meld_Janice,sadness,sadness,-1,1,1,1,data\raw\MELD\MELD-RAW\MELD.Raw\train\train_splits\dia816_utt2.mp4,data\preprocessed\features\z_at\train_dia816_utt2.pt,data\preprocessed\features\z_v\train_dia816_utt2.pt
train_dia816_utt3,meld_real,0,meld_Janice,sadness,sadness,-1,1,1,1,data\raw\MELD\MELD-RAW\MELD.Raw\train\train_splits\dia816_utt3.mp4,data\preprocessed\features\z_at\train_dia816_utt3.pt,data\preprocessed\features\z_v\train_dia816_utt3.pt
train_dia817_utt0,meld_real,0,meld_Joey,joy,joy,-1,1,1,1,data\raw\MELD\MELD-RAW\MELD.Raw\train\train_splits\dia817_utt0.mp4,data\preprocessed\features\z_at\train_dia817_utt0.pt,data\preprocessed\features\z_v\train_dia817_utt0.pt
train_dia817_utt12,meld_real,0,meld_Phoebe,anger,anger,-1,1,1,1,data\raw\MELD\MELD-RAW\MELD.Raw\train\train_splits\dia817_utt12.mp4,data\preprocessed\features\z_at\train_dia817_utt12.pt,data\preprocessed\features\z_v\train_dia817_utt12.pt
train_dia817_utt8,meld_real,0,meld_Phoebe,neutral,neutral,-1,1,1,1,data\raw\MELD\MELD-RAW\MELD.Raw\train\train_splits\dia817_utt8.mp4,data\preprocessed\features\z_at\train_dia817_utt8.pt,data\preprocessed\features\z_v\train_dia817_utt8.pt
train_dia818_utt1,meld_real,0,meld_Monica,disgust,disgust,-1,1,1,1,data\raw\MELD\MELD-RAW\MELD.Raw\train\train_splits\dia818_utt1.mp4,data\preprocessed\features\z_at\train_dia818_utt1.pt,data\preprocessed\features\z_v\train_dia818_utt1.pt
train_dia818_utt6,meld_real,0,meld_Monica,sadness,sadness,-1,1,1,1,data\raw\MELD\MELD-RAW\MELD.Raw\train\train_splits\dia818_utt6.mp4,data\preprocessed\features\z_at\train_dia818_utt6.pt,data\preprocessed\features\z_v\train_dia818_utt6.pt
train_dia819_utt0,meld_real,0,meld_Chandler,neutral,neutral,-1,1,1,1,data\raw\MELD\MELD-RAW\MELD.Raw\train\train_splits\dia819_utt0.mp4,data\preprocessed\features\z_at\train_dia819_utt0.pt,data\preprocessed\features\z_v\train_dia819_utt0.pt
train_dia819_utt1,meld_real,0,meld_Phoebe,neutral,neutral,-1,1,1,1,data\raw\MELD\MELD-RAW\MELD.Raw\train\train_splits\dia819_utt1.mp4,data\preprocessed\features\z_at\train_dia819_utt1.pt,data\preprocessed\features\z_v\train_dia819_utt1.pt
train_dia819_utt15,meld_real,0,meld_Chandler,neutral,neutral,-1,1,1,1,data\raw\MELD\MELD-RAW\MELD.Raw\train\train_splits\dia819_utt15.mp4,data\preprocessed\features\z_at\train_dia819_utt15.pt,data\preprocessed\features\z_v\train_dia819_utt15.pt
train_dia819_utt16,meld_real,0,meld_Monica,neutral,neutral,-1,1,1,1,data\raw\MELD\MELD-RAW\MELD.Raw\train\train_splits\dia819_utt16.mp4,data\preprocessed\features\z_at\train_dia819_utt16.pt,data\preprocessed\features\z_v\train_dia819_utt16.pt
train_dia819_utt18,meld_real,0,meld_Monica,joy,joy,-1,1,1,1,data\raw\MELD\MELD-RAW\MELD.Raw\train\train_splits\dia819_utt18.mp4,data\preprocessed\features\z_at\train_dia819_utt18.pt,data\preprocessed\features\z_v\train_dia819_utt18.pt
train_dia819_utt7,meld_real,0,meld_Chandler,neutral,neutral,-1,1,1,1,data\raw\MELD\MELD-RAW\MELD.Raw\train\train_splits\dia819_utt7.mp4,data\preprocessed\features\z_at\train_dia819_utt7.pt,data\preprocessed\features\z_v\train_dia819_utt7.pt
train_dia819_utt8,meld_real,0,meld_Monica,neutral,neutral,-1,1,1,1,data\raw\MELD\MELD-RAW\MELD.Raw\train\train_splits\dia819_utt8.mp4,data\preprocessed\features\z_at\train_dia819_utt8.pt,data\preprocessed\features\z_v\train_dia819_utt8.pt
train_dia81_utt0,meld_real,0,meld_Joey,neutral,neutral,-1,1,1,1,data\raw\MELD\MELD-RAW\MELD.Raw\train\train_splits\dia81_utt0.mp4,data\preprocessed\features\z_at\train_dia81_utt0.pt,data\preprocessed\features\z_v\train_dia81_utt0.pt
train_dia81_utt11,meld_real,0,meld_Phoebe,anger,anger,-1,1,1,1,data\raw\MELD\MELD-RAW\MELD.Raw\train\train_splits\dia81_utt11.mp4,data\preprocessed\features\z_at\train_dia81_utt11.pt,data\preprocessed\features\z_v\train_dia81_utt11.pt
train_dia81_utt15,meld_real,0,meld_Phoebe,anger,anger,-1,1,1,1,data\raw\MELD\MELD-RAW\MELD.Raw\train\train_splits\dia81_utt15.mp4,data\preprocessed\features\z_at\train_dia81_utt15.pt,data\preprocessed\features\z_v\train_dia81_utt15.pt
train_dia820_utt7,meld_real,0,meld_Joey,neutral,neutral,-1,1,1,1,data\raw\MELD\MELD-RAW\MELD.Raw\train\train_splits\dia820_utt7.mp4,data\preprocessed\features\z_at\train_dia820_utt7.pt,data\preprocessed\features\z_v\train_dia820_utt7.pt
train_dia820_utt8,meld_real,0,meld_Joey,joy,joy,-1,1,1,1,data\raw\MELD\MELD-RAW\MELD.Raw\train\train_splits\dia820_utt8.mp4,data\preprocessed\features\z_at\train_dia820_utt8.pt,data\preprocessed\features\z_v\train_dia820_utt8.pt
train_dia821_utt1,meld_real,0,meld_Ross,neutral,neutral,-1,1,1,1,data\raw\MELD\MELD-RAW\MELD.Raw\train\train_splits\dia821_utt1.mp4,data\preprocessed\features\z_at\train_dia821_utt1.pt,data\preprocessed\features\z_v\train_dia821_utt1.pt
train_dia821_utt11,meld_real,0,meld_Ross,neutral,neutral,-1,1,1,1,data\raw\MELD\MELD-RAW\MELD.Raw\train\train_splits\dia821_utt11.mp4,data\preprocessed\features\z_at\train_dia821_utt11.pt,data\preprocessed\features\z_v\train_dia821_utt11.pt
train_dia821_utt12,meld_real,0,meld_Ross,neutral,neutral,-1,1,1,1,data\raw\MELD\MELD-RAW\MELD.Raw\train\train_splits\dia821_utt12.mp4,data\preprocessed\features\z_at\train_dia821_utt12.pt,data\preprocessed\features\z_v\train_dia821_utt12.pt
train_dia821_utt4,meld_real,0,meld_Ross,neutral,neutral,-1,1,1,1,data\raw\MELD\MELD-RAW\MELD.Raw\train\train_splits\dia821_utt4.mp4,data\preprocessed\features\z_at\train_dia821_utt4.pt,data\preprocessed\features\z_v\train_dia821_utt4.pt
train_dia821_utt6,meld_real,0,meld_Ross,neutral,neutral,-1,1,1,1,data\raw\MELD\MELD-RAW\MELD.Raw\train\train_splits\dia821_utt6.mp4,data\preprocessed\features\z_at\train_dia821_utt6.pt,data\preprocessed\features\z_v\train_dia821_utt6.pt
train_dia821_utt9,meld_real,0,meld_Elizabeth,joy,joy,-1,1,1,1,data\raw\MELD\MELD-RAW\MELD.Raw\train\train_splits\dia821_utt9.mp4,data\preprocessed\features\z_at\train_dia821_utt9.pt,data\preprocessed\features\z_v\train_dia821_utt9.pt
train_dia823_utt5,meld_real,0,meld_Rachel,disgust,disgust,-1,1,1,1,data\raw\MELD\MELD-RAW\MELD.Raw\train\train_splits\dia823_utt5.mp4,data\preprocessed\features\z_at\train_dia823_utt5.pt,data\preprocessed\features\z_v\train_dia823_utt5.pt
train_dia823_utt7,meld_real,0,meld_Ross,neutral,neutral,-1,1,1,1,data\raw\MELD\MELD-RAW\MELD.Raw\train\train_splits\dia823_utt7.mp4,data\preprocessed\features\z_at\train_dia823_utt7.pt,data\preprocessed\features\z_v\train_dia823_utt7.pt
train_dia823_utt8,meld_real,0,meld_Phoebe,neutral,neutral,-1,1,1,1,data\raw\MELD\MELD-RAW\MELD.Raw\train\train_splits\dia823_utt8.mp4,data\preprocessed\features\z_at\train_dia823_utt8.pt,data\preprocessed\features\z_v\train_dia823_utt8.pt
train_dia823_utt9,meld_real,0,meld_Chandler,disgust,disgust,-1,1,1,1,data\raw\MELD\MELD-RAW\MELD.Raw\train\train_splits\dia823_utt9.mp4,data\preprocessed\features\z_at\train_dia823_utt9.pt,data\preprocessed\features\z_v\train_dia823_utt9.pt
train_dia824_utt0,meld_real,0,meld_Monica,joy,joy,-1,1,1,1,data\raw\MELD\MELD-RAW\MELD.Raw\train\train_splits\dia824_utt0.mp4,data\preprocessed\features\z_at\train_dia824_utt0.pt,data\preprocessed\features\z_v\train_dia824_utt0.pt
train_dia825_utt2,meld_real,0,meld_Joey,neutral,neutral,-1,1,1,1,data\raw\MELD\MELD-RAW\MELD.Raw\train\train_splits\dia825_utt2.mp4,data\preprocessed\features\z_at\train_dia825_utt2.pt,data\preprocessed\features\z_v\train_dia825_utt2.pt
train_dia827_utt11,meld_real,0,meld_Phoebe,joy,joy,-1,1,1,1,data\raw\MELD\MELD-RAW\MELD.Raw\train\train_splits\dia827_utt11.mp4,data\preprocessed\features\z_at\train_dia827_utt11.pt,data\preprocessed\features\z_v\train_dia827_utt11.pt
train_dia827_utt13,meld_real,0,meld_Phoebe,fear,fear,-1,1,1,1,data\raw\MELD\MELD-RAW\MELD.Raw\train\train_splits\dia827_utt13.mp4,data\preprocessed\features\z_at\train_dia827_utt13.pt,data\preprocessed\features\z_v\train_dia827_utt13.pt
train_dia828_utt13,meld_real,0,meld_Ross,anger,anger,-1,1,1,1,data\raw\MELD\MELD-RAW\MELD.Raw\train\train_splits\dia828_utt13.mp4,data\preprocessed\features\z_at\train_dia828_utt13.pt,data\preprocessed\features\z_v\train_dia828_utt13.pt
train_dia828_utt15,meld_real,0,meld_Ross,anger,anger,-1,1,1,1,data\raw\MELD\MELD-RAW\MELD.Raw\train\train_splits\dia828_utt15.mp4,data\preprocessed\features\z_at\train_dia828_utt15.pt,data\preprocessed\features\z_v\train_dia828_utt15.pt
train_dia828_utt3,meld_real,0,meld_Rachel,anger,anger,-1,1,1,1,data\raw\MELD\MELD-RAW\MELD.Raw\train\train_splits\dia828_utt3.mp4,data\preprocessed\features\z_at\train_dia828_utt3.pt,data\preprocessed\features\z_v\train_dia828_utt3.pt
train_dia829_utt1,meld_real,0,meld_Receptionist,joy,joy,-1,1,1,1,data\raw\MELD\MELD-RAW\MELD.Raw\train\train_splits\dia829_utt1.mp4,data\preprocessed\features\z_at\train_dia829_utt1.pt,data\preprocessed\features\z_v\train_dia829_utt1.pt
train_dia829_utt2,meld_real,0,meld_Phoebe,anger,anger,-1,1,1,1,data\raw\MELD\MELD-RAW\MELD.Raw\train\train_splits\dia829_utt2.mp4,data\preprocessed\features\z_at\train_dia829_utt2.pt,data\preprocessed\features\z_v\train_dia829_utt2.pt
train_dia82_utt10,meld_real,0,meld_Monica,neutral,neutral,-1,1,1,1,data\raw\MELD\MELD-RAW\MELD.Raw\train\train_splits\dia82_utt10.mp4,data\preprocessed\features\z_at\train_dia82_utt10.pt,data\preprocessed\features\z_v\train_dia82_utt10.pt
train_dia82_utt2,meld_real,0,meld_Monica,anger,anger,-1,1,1,1,data\raw\MELD\MELD-RAW\MELD.Raw\train\train_splits\dia82_utt2.mp4,data\preprocessed\features\z_at\train_dia82_utt2.pt,data\preprocessed\features\z_v\train_dia82_utt2.pt
train_dia82_utt3,meld_real,0,meld_Chandler,disgust,disgust,-1,1,1,1,data\raw\MELD\MELD-RAW\MELD.Raw\train\train_splits\dia82_utt3.mp4,data\preprocessed\features\z_at\train_dia82_utt3.pt,data\preprocessed\features\z_v\train_dia82_utt3.pt
train_dia82_utt4,meld_real,0,meld_Monica,sadness,sadness,-1,1,1,1,data\raw\MELD\MELD-RAW\MELD.Raw\train\train_splits\dia82_utt4.mp4,data\preprocessed\features\z_at\train_dia82_utt4.pt,data\preprocessed\features\z_v\train_dia82_utt4.pt
train_dia82_utt9,meld_real,0,meld_Chandler,disgust,disgust,-1,1,1,1,data\raw\MELD\MELD-RAW\MELD.Raw\train\train_splits\dia82_utt9.mp4,data\preprocessed\features\z_at\train_dia82_utt9.pt,data\preprocessed\features\z_v\train_dia82_utt9.pt
train_dia831_utt0,meld_real,0,meld_Rachel,anger,anger,-1,1,1,1,data\raw\MELD\MELD-RAW\MELD.Raw\train\train_splits\dia831_utt0.mp4,data\preprocessed\features\z_at\train_dia831_utt0.pt,data\preprocessed\features\z_v\train_dia831_utt0.pt
train_dia831_utt1,meld_real,0,meld_Rachel,anger,anger,-1,1,1,1,data\raw\MELD\MELD-RAW\MELD.Raw\train\train_splits\dia831_utt1.mp4,data\preprocessed\features\z_at\train_dia831_utt1.pt,data\preprocessed\features\z_v\train_dia831_utt1.pt
train_dia831_utt4,meld_real,0,meld_Ross,anger,anger,-1,1,1,1,data\raw\MELD\MELD-RAW\MELD.Raw\train\train_splits\dia831_utt4.mp4,data\preprocessed\features\z_at\train_dia831_utt4.pt,data\preprocessed\features\z_v\train_dia831_utt4.pt
train_dia831_utt5,meld_real,0,meld_Ross,anger,anger,-1,1,1,1,data\raw\MELD\MELD-RAW\MELD.Raw\train\train_splits\dia831_utt5.mp4,data\preprocessed\features\z_at\train_dia831_utt5.pt,data\preprocessed\features\z_v\train_dia831_utt5.pt
train_dia832_utt10,meld_real,0,meld_Ross,joy,joy,-1,1,1,1,data\raw\MELD\MELD-RAW\MELD.Raw\train\train_splits\dia832_utt10.mp4,data\preprocessed\features\z_at\train_dia832_utt10.pt,data\preprocessed\features\z_v\train_dia832_utt10.pt
train_dia832_utt13,meld_real,0,meld_Ross,joy,joy,-1,1,1,1,data\raw\MELD\MELD-RAW\MELD.Raw\train\train_splits\dia832_utt13.mp4,data\preprocessed\features\z_at\train_dia832_utt13.pt,data\preprocessed\features\z_v\train_dia832_utt13.pt
train_dia832_utt15,meld_real,0,meld_Joey,joy,joy,-1,1,1,1,data\raw\MELD\MELD-RAW\MELD.Raw\train\train_splits\dia832_utt15.mp4,data\preprocessed\features\z_at\train_dia832_utt15.pt,data\preprocessed\features\z_v\train_dia832_utt15.pt
train_dia832_utt2,meld_real,0,meld_Phoebe,neutral,neutral,-1,1,1,1,data\raw\MELD\MELD-RAW\MELD.Raw\train\train_splits\dia832_utt2.mp4,data\preprocessed\features\z_at\train_dia832_utt2.pt,data\preprocessed\features\z_v\train_dia832_utt2.pt
train_dia832_utt3,meld_real,0,meld_Ross,neutral,neutral,-1,1,1,1,data\raw\MELD\MELD-RAW\MELD.Raw\train\train_splits\dia832_utt3.mp4,data\preprocessed\features\z_at\train_dia832_utt3.pt,data\preprocessed\features\z_v\train_dia832_utt3.pt
train_dia832_utt5,meld_real,0,meld_Ross,neutral,neutral,-1,1,1,1,data\raw\MELD\MELD-RAW\MELD.Raw\train\train_splits\dia832_utt5.mp4,data\preprocessed\features\z_at\train_dia832_utt5.pt,data\preprocessed\features\z_v\train_dia832_utt5.pt
train_dia833_utt0,meld_real,0,meld_Monica,joy,joy,-1,1,1,1,data\raw\MELD\MELD-RAW\MELD.Raw\train\train_splits\dia833_utt0.mp4,data\preprocessed\features\z_at\train_dia833_utt0.pt,data\preprocessed\features\z_v\train_dia833_utt0.pt
train_dia833_utt1,meld_real,0,meld_Chandler,neutral,neutral,-1,1,1,1,data\raw\MELD\MELD-RAW\MELD.Raw\train\train_splits\dia833_utt1.mp4,data\preprocessed\features\z_at\train_dia833_utt1.pt,data\preprocessed\features\z_v\train_dia833_utt1.pt
train_dia833_utt4,meld_real,0,meld_Monica,anger,anger,-1,1,1,1,data\raw\MELD\MELD-RAW\MELD.Raw\train\train_splits\dia833_utt4.mp4,data\preprocessed\features\z_at\train_dia833_utt4.pt,data\preprocessed\features\z_v\train_dia833_utt4.pt
train_dia834_utt0,meld_real,0,meld_Phoebe,neutral,neutral,-1,1,1,1,data\raw\MELD\MELD-RAW\MELD.Raw\train\train_splits\dia834_utt0.mp4,data\preprocessed\features\z_at\train_dia834_utt0.pt,data\preprocessed\features\z_v\train_dia834_utt0.pt
train_dia834_utt1,meld_real,0,meld_Monica,neutral,neutral,-1,1,1,1,data\raw\MELD\MELD-RAW\MELD.Raw\train\train_splits\dia834_utt1.mp4,data\preprocessed\features\z_at\train_dia834_utt1.pt,data\preprocessed\features\z_v\train_dia834_utt1.pt
train_dia834_utt10,meld_real,0,meld_Monica,neutral,neutral,-1,1,1,1,data\raw\MELD\MELD-RAW\MELD.Raw\train\train_splits\dia834_utt10.mp4,data\preprocessed\features\z_at\train_dia834_utt10.pt,data\preprocessed\features\z_v\train_dia834_utt10.pt
train_dia834_utt15,meld_real,0,meld_Phoebe,neutral,neutral,-1,1,1,1,data\raw\MELD\MELD-RAW\MELD.Raw\train\train_splits\dia834_utt15.mp4,data\preprocessed\features\z_at\train_dia834_utt15.pt,data\preprocessed\features\z_v\train_dia834_utt15.pt
train_dia834_utt3,meld_real,0,meld_Rachel,neutral,neutral,-1,1,1,1,data\raw\MELD\MELD-RAW\MELD.Raw\train\train_splits\dia834_utt3.mp4,data\preprocessed\features\z_at\train_dia834_utt3.pt,data\preprocessed\features\z_v\train_dia834_utt3.pt
train_dia834_utt5,meld_real,0,meld_Phoebe,joy,joy,-1,1,1,1,data\raw\MELD\MELD-RAW\MELD.Raw\train\train_splits\dia834_utt5.mp4,data\preprocessed\features\z_at\train_dia834_utt5.pt,data\preprocessed\features\z_v\train_dia834_utt5.pt
train_dia834_utt8,meld_real,0,meld_Rachel,neutral,neutral,-1,1,1,1,data\raw\MELD\MELD-RAW\MELD.Raw\train\train_splits\dia834_utt8.mp4,data\preprocessed\features\z_at\train_dia834_utt8.pt,data\preprocessed\features\z_v\train_dia834_utt8.pt
train_dia834_utt9,meld_real,0,meld_Rachel,neutral,neutral,-1,1,1,1,data\raw\MELD\MELD-RAW\MELD.Raw\train\train_splits\dia834_utt9.mp4,data\preprocessed\features\z_at\train_dia834_utt9.pt,data\preprocessed\features\z_v\train_dia834_utt9.pt
train_dia835_utt1,meld_real,0,meld_Chandler,neutral,neutral,-1,1,1,1,data\raw\MELD\MELD-RAW\MELD.Raw\train\train_splits\dia835_utt1.mp4,data\preprocessed\features\z_at\train_dia835_utt1.pt,data\preprocessed\features\z_v\train_dia835_utt1.pt
train_dia835_utt11,meld_real,0,meld_Chandler,neutral,neutral,-1,1,1,1,data\raw\MELD\MELD-RAW\MELD.Raw\train\train_splits\dia835_utt11.mp4,data\preprocessed\features\z_at\train_dia835_utt11.pt,data\preprocessed\features\z_v\train_dia835_utt11.pt
train_dia835_utt2,meld_real,0,meld_Monica,anger,anger,-1,1,1,1,data\raw\MELD\MELD-RAW\MELD.Raw\train\train_splits\dia835_utt2.mp4,data\preprocessed\features\z_at\train_dia835_utt2.pt,data\preprocessed\features\z_v\train_dia835_utt2.pt
train_dia835_utt6,meld_real,0,meld_Ross,neutral,neutral,-1,1,1,1,data\raw\MELD\MELD-RAW\MELD.Raw\train\train_splits\dia835_utt6.mp4,data\preprocessed\features\z_at\train_dia835_utt6.pt,data\preprocessed\features\z_v\train_dia835_utt6.pt
train_dia836_utt0,meld_real,0,meld_Joey,neutral,neutral,-1,1,1,1,data\raw\MELD\MELD-RAW\MELD.Raw\train\train_splits\dia836_utt0.mp4,data\preprocessed\features\z_at\train_dia836_utt0.pt,data\preprocessed\features\z_v\train_dia836_utt0.pt
train_dia836_utt1,meld_real,0,meld_Ross,neutral,neutral,-1,1,1,1,data\raw\MELD\MELD-RAW\MELD.Raw\train\train_splits\dia836_utt1.mp4,data\preprocessed\features\z_at\train_dia836_utt1.pt,data\preprocessed\features\z_v\train_dia836_utt1.pt
train_dia838_utt0,meld_real,0,meld_Phoebe,neutral,neutral,-1,1,1,1,data\raw\MELD\MELD-RAW\MELD.Raw\train\train_splits\dia838_utt0.mp4,data\preprocessed\features\z_at\train_dia838_utt0.pt,data\preprocessed\features\z_v\train_dia838_utt0.pt
train_dia839_utt0,meld_real,0,meld_Ursula,anger,anger,-1,1,1,1,data\raw\MELD\MELD-RAW\MELD.Raw\train\train_splits\dia839_utt0.mp4,data\preprocessed\features\z_at\train_dia839_utt0.pt,data\preprocessed\features\z_v\train_dia839_utt0.pt
train_dia839_utt4,meld_real,0,meld_Phoebe,joy,joy,-1,1,1,1,data\raw\MELD\MELD-RAW\MELD.Raw\train\train_splits\dia839_utt4.mp4,data\preprocessed\features\z_at\train_dia839_utt4.pt,data\preprocessed\features\z_v\train_dia839_utt4.pt
train_dia83_utt3,meld_real,0,meld_Joey,neutral,neutral,-1,1,1,1,data\raw\MELD\MELD-RAW\MELD.Raw\train\train_splits\dia83_utt3.mp4,data\preprocessed\features\z_at\train_dia83_utt3.pt,data\preprocessed\features\z_v\train_dia83_utt3.pt
train_dia840_utt10,meld_real,0,meld_Rachel,neutral,neutral,-1,1,1,1,data\raw\MELD\MELD-RAW\MELD.Raw\train\train_splits\dia840_utt10.mp4,data\preprocessed\features\z_at\train_dia840_utt10.pt,data\preprocessed\features\z_v\train_dia840_utt10.pt
train_dia840_utt3,meld_real,0,meld_Rachel,neutral,neutral,-1,1,1,1,data\raw\MELD\MELD-RAW\MELD.Raw\train\train_splits\dia840_utt3.mp4,data\preprocessed\features\z_at\train_dia840_utt3.pt,data\preprocessed\features\z_v\train_dia840_utt3.pt
train_dia840_utt4,meld_real,0,meld_Phoebe,neutral,neutral,-1,1,1,1,data\raw\MELD\MELD-RAW\MELD.Raw\train\train_splits\dia840_utt4.mp4,data\preprocessed\features\z_at\train_dia840_utt4.pt,data\preprocessed\features\z_v\train_dia840_utt4.pt
train_dia840_utt6,meld_real,0,meld_Phoebe,fear,fear,-1,1,1,1,data\raw\MELD\MELD-RAW\MELD.Raw\train\train_splits\dia840_utt6.mp4,data\preprocessed\features\z_at\train_dia840_utt6.pt,data\preprocessed\features\z_v\train_dia840_utt6.pt
train_dia840_utt9,meld_real,0,meld_Phoebe,neutral,neutral,-1,1,1,1,data\raw\MELD\MELD-RAW\MELD.Raw\train\train_splits\dia840_utt9.mp4,data\preprocessed\features\z_at\train_dia840_utt9.pt,data\preprocessed\features\z_v\train_dia840_utt9.pt
train_dia841_utt10,meld_real,0,meld_Monica,sadness,sadness,-1,1,1,1,data\raw\MELD\MELD-RAW\MELD.Raw\train\train_splits\dia841_utt10.mp4,data\preprocessed\features\z_at\train_dia841_utt10.pt,data\preprocessed\features\z_v\train_dia841_utt10.pt
train_dia841_utt14,meld_real,0,meld_Monica,neutral,neutral,-1,1,1,1,data\raw\MELD\MELD-RAW\MELD.Raw\train\train_splits\dia841_utt14.mp4,data\preprocessed\features\z_at\train_dia841_utt14.pt,data\preprocessed\features\z_v\train_dia841_utt14.pt
train_dia841_utt3,meld_real,0,meld_Chandler,neutral,neutral,-1,1,1,1,data\raw\MELD\MELD-RAW\MELD.Raw\train\train_splits\dia841_utt3.mp4,data\preprocessed\features\z_at\train_dia841_utt3.pt,data\preprocessed\features\z_v\train_dia841_utt3.pt
train_dia841_utt4,meld_real,0,meld_Monica,anger,anger,-1,1,1,1,data\raw\MELD\MELD-RAW\MELD.Raw\train\train_splits\dia841_utt4.mp4,data\preprocessed\features\z_at\train_dia841_utt4.pt,data\preprocessed\features\z_v\train_dia841_utt4.pt
train_dia841_utt7,meld_real,0,meld_Monica,anger,anger,-1,1,1,1,data\raw\MELD\MELD-RAW\MELD.Raw\train\train_splits\dia841_utt7.mp4,data\preprocessed\features\z_at\train_dia841_utt7.pt,data\preprocessed\features\z_v\train_dia841_utt7.pt
train_dia841_utt9,meld_real,0,meld_Chandler,sadness,sadness,-1,1,1,1,data\raw\MELD\MELD-RAW\MELD.Raw\train\train_splits\dia841_utt9.mp4,data\preprocessed\features\z_at\train_dia841_utt9.pt,data\preprocessed\features\z_v\train_dia841_utt9.pt
train_dia842_utt1,meld_real,0,meld_Rachel,neutral,neutral,-1,1,1,1,data\raw\MELD\MELD-RAW\MELD.Raw\train\train_splits\dia842_utt1.mp4,data\preprocessed\features\z_at\train_dia842_utt1.pt,data\preprocessed\features\z_v\train_dia842_utt1.pt
train_dia842_utt3,meld_real,0,meld_Rachel,neutral,neutral,-1,1,1,1,data\raw\MELD\MELD-RAW\MELD.Raw\train\train_splits\dia842_utt3.mp4,data\preprocessed\features\z_at\train_dia842_utt3.pt,data\preprocessed\features\z_v\train_dia842_utt3.pt
train_dia842_utt5,meld_real,0,meld_Rachel,sadness,sadness,-1,1,1,1,data\raw\MELD\MELD-RAW\MELD.Raw\train\train_splits\dia842_utt5.mp4,data\preprocessed\features\z_at\train_dia842_utt5.pt,data\preprocessed\features\z_v\train_dia842_utt5.pt
train_dia842_utt6,meld_real,0,meld_Phoebe,sadness,sadness,-1,1,1,1,data\raw\MELD\MELD-RAW\MELD.Raw\train\train_splits\dia842_utt6.mp4,data\preprocessed\features\z_at\train_dia842_utt6.pt,data\preprocessed\features\z_v\train_dia842_utt6.pt
train_dia842_utt7,meld_real,0,meld_Rachel,neutral,neutral,-1,1,1,1,data\raw\MELD\MELD-RAW\MELD.Raw\train\train_splits\dia842_utt7.mp4,data\preprocessed\features\z_at\train_dia842_utt7.pt,data\preprocessed\features\z_v\train_dia842_utt7.pt
train_dia843_utt0,meld_real,0,meld_Monica,neutral,neutral,-1,1,1,1,data\raw\MELD\MELD-RAW\MELD.Raw\train\train_splits\dia843_utt0.mp4,data\preprocessed\features\z_at\train_dia843_utt0.pt,data\preprocessed\features\z_v\train_dia843_utt0.pt
train_dia843_utt1,meld_real,0,meld_Chandler,sadness,sadness,-1,1,1,1,data\raw\MELD\MELD-RAW\MELD.Raw\train\train_splits\dia843_utt1.mp4,data\preprocessed\features\z_at\train_dia843_utt1.pt,data\preprocessed\features\z_v\train_dia843_utt1.pt
train_dia843_utt12,meld_real,0,meld_Rachel,neutral,neutral,-1,1,1,1,data\raw\MELD\MELD-RAW\MELD.Raw\train\train_splits\dia843_utt12.mp4,data\preprocessed\features\z_at\train_dia843_utt12.pt,data\preprocessed\features\z_v\train_dia843_utt12.pt
train_dia843_utt14,meld_real,0,meld_Rachel,neutral,neutral,-1,1,1,1,data\raw\MELD\MELD-RAW\MELD.Raw\train\train_splits\dia843_utt14.mp4,data\preprocessed\features\z_at\train_dia843_utt14.pt,data\preprocessed\features\z_v\train_dia843_utt14.pt
train_dia843_utt7,meld_real,0,meld_Rachel,sadness,sadness,-1,1,1,1,data\raw\MELD\MELD-RAW\MELD.Raw\train\train_splits\dia843_utt7.mp4,data\preprocessed\features\z_at\train_dia843_utt7.pt,data\preprocessed\features\z_v\train_dia843_utt7.pt
train_dia843_utt9,meld_real,0,meld_Monica,sadness,sadness,-1,1,1,1,data\raw\MELD\MELD-RAW\MELD.Raw\train\train_splits\dia843_utt9.mp4,data\preprocessed\features\z_at\train_dia843_utt9.pt,data\preprocessed\features\z_v\train_dia843_utt9.pt
train_dia844_utt16,meld_real,0,meld_Tour_Guide,neutral,neutral,-1,1,1,1,data\raw\MELD\MELD-RAW\MELD.Raw\train\train_splits\dia844_utt16.mp4,data\preprocessed\features\z_at\train_dia844_utt16.pt,data\preprocessed\features\z_v\train_dia844_utt16.pt
train_dia844_utt4,meld_real,0,meld_Ross,neutral,neutral,-1,1,1,1,data\raw\MELD\MELD-RAW\MELD.Raw\train\train_splits\dia844_utt4.mp4,data\preprocessed\features\z_at\train_dia844_utt4.pt,data\preprocessed\features\z_v\train_dia844_utt4.pt
train_dia844_utt7,meld_real,0,meld_Ross,neutral,neutral,-1,1,1,1,data\raw\MELD\MELD-RAW\MELD.Raw\train\train_splits\dia844_utt7.mp4,data\preprocessed\features\z_at\train_dia844_utt7.pt,data\preprocessed\features\z_v\train_dia844_utt7.pt
train_dia844_utt9,meld_real,0,meld_Ross,joy,joy,-1,1,1,1,data\raw\MELD\MELD-RAW\MELD.Raw\train\train_splits\dia844_utt9.mp4,data\preprocessed\features\z_at\train_dia844_utt9.pt,data\preprocessed\features\z_v\train_dia844_utt9.pt
train_dia845_utt1,meld_real,0,meld_Doug,joy,joy,-1,1,1,1,data\raw\MELD\MELD-RAW\MELD.Raw\train\train_splits\dia845_utt1.mp4,data\preprocessed\features\z_at\train_dia845_utt1.pt,data\preprocessed\features\z_v\train_dia845_utt1.pt
train_dia845_utt6,meld_real,0,meld_Doug,neutral,neutral,-1,1,1,1,data\raw\MELD\MELD-RAW\MELD.Raw\train\train_splits\dia845_utt6.mp4,data\preprocessed\features\z_at\train_dia845_utt6.pt,data\preprocessed\features\z_v\train_dia845_utt6.pt
train_dia847_utt0,meld_real,0,meld_Ross,joy,joy,-1,1,1,1,data\raw\MELD\MELD-RAW\MELD.Raw\train\train_splits\dia847_utt0.mp4,data\preprocessed\features\z_at\train_dia847_utt0.pt,data\preprocessed\features\z_v\train_dia847_utt0.pt
train_dia847_utt2,meld_real,0,meld_Ross,joy,joy,-1,1,1,1,data\raw\MELD\MELD-RAW\MELD.Raw\train\train_splits\dia847_utt2.mp4,data\preprocessed\features\z_at\train_dia847_utt2.pt,data\preprocessed\features\z_v\train_dia847_utt2.pt
train_dia847_utt5,meld_real,0,meld_Ross,joy,joy,-1,1,1,1,data\raw\MELD\MELD-RAW\MELD.Raw\train\train_splits\dia847_utt5.mp4,data\preprocessed\features\z_at\train_dia847_utt5.pt,data\preprocessed\features\z_v\train_dia847_utt5.pt
train_dia848_utt1,meld_real,0,meld_Rachel,neutral,neutral,-1,1,1,1,data\raw\MELD\MELD-RAW\MELD.Raw\train\train_splits\dia848_utt1.mp4,data\preprocessed\features\z_at\train_dia848_utt1.pt,data\preprocessed\features\z_v\train_dia848_utt1.pt
train_dia848_utt7,meld_real,0,meld_Ross,neutral,neutral,-1,1,1,1,data\raw\MELD\MELD-RAW\MELD.Raw\train\train_splits\dia848_utt7.mp4,data\preprocessed\features\z_at\train_dia848_utt7.pt,data\preprocessed\features\z_v\train_dia848_utt7.pt
train_dia848_utt9,meld_real,0,meld_Ross,neutral,neutral,-1,1,1,1,data\raw\MELD\MELD-RAW\MELD.Raw\train\train_splits\dia848_utt9.mp4,data\preprocessed\features\z_at\train_dia848_utt9.pt,data\preprocessed\features\z_v\train_dia848_utt9.pt
train_dia849_utt2,meld_real,0,meld_Joey,joy,joy,-1,1,1,1,data\raw\MELD\MELD-RAW\MELD.Raw\train\train_splits\dia849_utt2.mp4,data\preprocessed\features\z_at\train_dia849_utt2.pt,data\preprocessed\features\z_v\train_dia849_utt2.pt
train_dia849_utt5,meld_real,0,meld_Ross,joy,joy,-1,1,1,1,data\raw\MELD\MELD-RAW\MELD.Raw\train\train_splits\dia849_utt5.mp4,data\preprocessed\features\z_at\train_dia849_utt5.pt,data\preprocessed\features\z_v\train_dia849_utt5.pt
train_dia849_utt8,meld_real,0,meld_Joey,neutral,neutral,-1,1,1,1,data\raw\MELD\MELD-RAW\MELD.Raw\train\train_splits\dia849_utt8.mp4,data\preprocessed\features\z_at\train_dia849_utt8.pt,data\preprocessed\features\z_v\train_dia849_utt8.pt
train_dia84_utt4,meld_real,0,meld_Rachel,neutral,neutral,-1,1,1,1,data\raw\MELD\MELD-RAW\MELD.Raw\train\train_splits\dia84_utt4.mp4,data\preprocessed\features\z_at\train_dia84_utt4.pt,data\preprocessed\features\z_v\train_dia84_utt4.pt
train_dia84_utt5,meld_real,0,meld_Joshua,neutral,neutral,-1,1,1,1,data\raw\MELD\MELD-RAW\MELD.Raw\train\train_splits\dia84_utt5.mp4,data\preprocessed\features\z_at\train_dia84_utt5.pt,data\preprocessed\features\z_v\train_dia84_utt5.pt
train_dia850_utt6,meld_real,0,meld_Monica,joy,joy,-1,1,1,1,data\raw\MELD\MELD-RAW\MELD.Raw\train\train_splits\dia850_utt6.mp4,data\preprocessed\features\z_at\train_dia850_utt6.pt,data\preprocessed\features\z_v\train_dia850_utt6.pt
train_dia851_utt13,meld_real,0,meld_Joey,joy,joy,-1,1,1,1,data\raw\MELD\MELD-RAW\MELD.Raw\train\train_splits\dia851_utt13.mp4,data\preprocessed\features\z_at\train_dia851_utt13.pt,data\preprocessed\features\z_v\train_dia851_utt13.pt
train_dia851_utt5,meld_real,0,meld_Joey,joy,joy,-1,1,1,1,data\raw\MELD\MELD-RAW\MELD.Raw\train\train_splits\dia851_utt5.mp4,data\preprocessed\features\z_at\train_dia851_utt5.pt,data\preprocessed\features\z_v\train_dia851_utt5.pt
train_dia852_utt3,meld_real,0,meld_Phoebe,neutral,neutral,-1,1,1,1,data\raw\MELD\MELD-RAW\MELD.Raw\train\train_splits\dia852_utt3.mp4,data\preprocessed\features\z_at\train_dia852_utt3.pt,data\preprocessed\features\z_v\train_dia852_utt3.pt
train_dia852_utt6,meld_real,0,meld_Phoebe,neutral,neutral,-1,1,1,1,data\raw\MELD\MELD-RAW\MELD.Raw\train\train_splits\dia852_utt6.mp4,data\preprocessed\features\z_at\train_dia852_utt6.pt,data\preprocessed\features\z_v\train_dia852_utt6.pt
train_dia852_utt7,meld_real,0,meld_Phoebe,anger,anger,-1,1,1,1,data\raw\MELD\MELD-RAW\MELD.Raw\train\train_splits\dia852_utt7.mp4,data\preprocessed\features\z_at\train_dia852_utt7.pt,data\preprocessed\features\z_v\train_dia852_utt7.pt
train_dia852_utt8,meld_real,0,meld_Phoebe,sadness,sadness,-1,1,1,1,data\raw\MELD\MELD-RAW\MELD.Raw\train\train_splits\dia852_utt8.mp4,data\preprocessed\features\z_at\train_dia852_utt8.pt,data\preprocessed\features\z_v\train_dia852_utt8.pt
train_dia853_utt11,meld_real,0,meld_Ross,anger,anger,-1,1,1,1,data\raw\MELD\MELD-RAW\MELD.Raw\train\train_splits\dia853_utt11.mp4,data\preprocessed\features\z_at\train_dia853_utt11.pt,data\preprocessed\features\z_v\train_dia853_utt11.pt
train_dia853_utt12,meld_real,0,meld_Phoebe,anger,anger,-1,1,1,1,data\raw\MELD\MELD-RAW\MELD.Raw\train\train_splits\dia853_utt12.mp4,data\preprocessed\features\z_at\train_dia853_utt12.pt,data\preprocessed\features\z_v\train_dia853_utt12.pt
train_dia853_utt13,meld_real,0,meld_Ross,joy,joy,-1,1,1,1,data\raw\MELD\MELD-RAW\MELD.Raw\train\train_splits\dia853_utt13.mp4,data\preprocessed\features\z_at\train_dia853_utt13.pt,data\preprocessed\features\z_v\train_dia853_utt13.pt
train_dia853_utt14,meld_real,0,meld_Phoebe,anger,anger,-1,1,1,1,data\raw\MELD\MELD-RAW\MELD.Raw\train\train_splits\dia853_utt14.mp4,data\preprocessed\features\z_at\train_dia853_utt14.pt,data\preprocessed\features\z_v\train_dia853_utt14.pt
train_dia853_utt2,meld_real,0,meld_Ross,sadness,sadness,-1,1,1,1,data\raw\MELD\MELD-RAW\MELD.Raw\train\train_splits\dia853_utt2.mp4,data\preprocessed\features\z_at\train_dia853_utt2.pt,data\preprocessed\features\z_v\train_dia853_utt2.pt
train_dia853_utt5,meld_real,0,meld_Phoebe,joy,joy,-1,1,1,1,data\raw\MELD\MELD-RAW\MELD.Raw\train\train_splits\dia853_utt5.mp4,data\preprocessed\features\z_at\train_dia853_utt5.pt,data\preprocessed\features\z_v\train_dia853_utt5.pt
train_dia855_utt0,meld_real,0,meld_Joey,joy,joy,-1,1,1,1,data\raw\MELD\MELD-RAW\MELD.Raw\train\train_splits\dia855_utt0.mp4,data\preprocessed\features\z_at\train_dia855_utt0.pt,data\preprocessed\features\z_v\train_dia855_utt0.pt
train_dia855_utt3,meld_real,0,meld_Joey,joy,joy,-1,1,1,1,data\raw\MELD\MELD-RAW\MELD.Raw\train\train_splits\dia855_utt3.mp4,data\preprocessed\features\z_at\train_dia855_utt3.pt,data\preprocessed\features\z_v\train_dia855_utt3.pt
train_dia855_utt4,meld_real,0,meld_Chandler,joy,joy,-1,1,1,1,data\raw\MELD\MELD-RAW\MELD.Raw\train\train_splits\dia855_utt4.mp4,data\preprocessed\features\z_at\train_dia855_utt4.pt,data\preprocessed\features\z_v\train_dia855_utt4.pt
train_dia856_utt3,meld_real,0,meld_Rachel,neutral,neutral,-1,1,1,1,data\raw\MELD\MELD-RAW\MELD.Raw\train\train_splits\dia856_utt3.mp4,data\preprocessed\features\z_at\train_dia856_utt3.pt,data\preprocessed\features\z_v\train_dia856_utt3.pt
train_dia856_utt4,meld_real,0,meld_Joey,joy,joy,-1,1,1,1,data\raw\MELD\MELD-RAW\MELD.Raw\train\train_splits\dia856_utt4.mp4,data\preprocessed\features\z_at\train_dia856_utt4.pt,data\preprocessed\features\z_v\train_dia856_utt4.pt
train_dia857_utt0,meld_real,0,meld_Ross,neutral,neutral,-1,1,1,1,data\raw\MELD\MELD-RAW\MELD.Raw\train\train_splits\dia857_utt0.mp4,data\preprocessed\features\z_at\train_dia857_utt0.pt,data\preprocessed\features\z_v\train_dia857_utt0.pt
train_dia857_utt11,meld_real,0,meld_Ross,joy,joy,-1,1,1,1,data\raw\MELD\MELD-RAW\MELD.Raw\train\train_splits\dia857_utt11.mp4,data\preprocessed\features\z_at\train_dia857_utt11.pt,data\preprocessed\features\z_v\train_dia857_utt11.pt
train_dia857_utt6,meld_real,0,meld_Ross,neutral,neutral,-1,1,1,1,data\raw\MELD\MELD-RAW\MELD.Raw\train\train_splits\dia857_utt6.mp4,data\preprocessed\features\z_at\train_dia857_utt6.pt,data\preprocessed\features\z_v\train_dia857_utt6.pt
train_dia857_utt7,meld_real,0,meld_Monica,neutral,neutral,-1,1,1,1,data\raw\MELD\MELD-RAW\MELD.Raw\train\train_splits\dia857_utt7.mp4,data\preprocessed\features\z_at\train_dia857_utt7.pt,data\preprocessed\features\z_v\train_dia857_utt7.pt
train_dia858_utt11,meld_real,0,meld_Joey,neutral,neutral,-1,1,1,1,data\raw\MELD\MELD-RAW\MELD.Raw\train\train_splits\dia858_utt11.mp4,data\preprocessed\features\z_at\train_dia858_utt11.pt,data\preprocessed\features\z_v\train_dia858_utt11.pt
train_dia858_utt3,meld_real,0,meld_Joey,neutral,neutral,-1,1,1,1,data\raw\MELD\MELD-RAW\MELD.Raw\train\train_splits\dia858_utt3.mp4,data\preprocessed\features\z_at\train_dia858_utt3.pt,data\preprocessed\features\z_v\train_dia858_utt3.pt
train_dia858_utt6,meld_real,0,meld_Joey,neutral,neutral,-1,1,1,1,data\raw\MELD\MELD-RAW\MELD.Raw\train\train_splits\dia858_utt6.mp4,data\preprocessed\features\z_at\train_dia858_utt6.pt,data\preprocessed\features\z_v\train_dia858_utt6.pt
train_dia859_utt0,meld_real,0,meld_Phoebe,neutral,neutral,-1,1,1,1,data\raw\MELD\MELD-RAW\MELD.Raw\train\train_splits\dia859_utt0.mp4,data\preprocessed\features\z_at\train_dia859_utt0.pt,data\preprocessed\features\z_v\train_dia859_utt0.pt
train_dia859_utt2,meld_real,0,meld_Phoebe,neutral,neutral,-1,1,1,1,data\raw\MELD\MELD-RAW\MELD.Raw\train\train_splits\dia859_utt2.mp4,data\preprocessed\features\z_at\train_dia859_utt2.pt,data\preprocessed\features\z_v\train_dia859_utt2.pt
train_dia859_utt3,meld_real,0,meld_Ursula,neutral,neutral,-1,1,1,1,data\raw\MELD\MELD-RAW\MELD.Raw\train\train_splits\dia859_utt3.mp4,data\preprocessed\features\z_at\train_dia859_utt3.pt,data\preprocessed\features\z_v\train_dia859_utt3.pt
train_dia85_utt4,meld_real,0,meld_Rachel,neutral,neutral,-1,1,1,1,data\raw\MELD\MELD-RAW\MELD.Raw\train\train_splits\dia85_utt4.mp4,data\preprocessed\features\z_at\train_dia85_utt4.pt,data\preprocessed\features\z_v\train_dia85_utt4.pt
train_dia860_utt8,meld_real,0,meld_Jim,neutral,neutral,-1,1,1,1,data\raw\MELD\MELD-RAW\MELD.Raw\train\train_splits\dia860_utt8.mp4,data\preprocessed\features\z_at\train_dia860_utt8.pt,data\preprocessed\features\z_v\train_dia860_utt8.pt
train_dia861_utt17,meld_real,0,meld_Ross,joy,joy,-1,1,1,1,data\raw\MELD\MELD-RAW\MELD.Raw\train\train_splits\dia861_utt17.mp4,data\preprocessed\features\z_at\train_dia861_utt17.pt,data\preprocessed\features\z_v\train_dia861_utt17.pt
train_dia862_utt2,meld_real,0,meld_Rachel,neutral,neutral,-1,1,1,1,data\raw\MELD\MELD-RAW\MELD.Raw\train\train_splits\dia862_utt2.mp4,data\preprocessed\features\z_at\train_dia862_utt2.pt,data\preprocessed\features\z_v\train_dia862_utt2.pt
train_dia863_utt0,meld_real,0,meld_Ronni,neutral,neutral,-1,1,1,1,data\raw\MELD\MELD-RAW\MELD.Raw\train\train_splits\dia863_utt0.mp4,data\preprocessed\features\z_at\train_dia863_utt0.pt,data\preprocessed\features\z_v\train_dia863_utt0.pt
train_dia863_utt3,meld_real,0,meld_Chandler,neutral,neutral,-1,1,1,1,data\raw\MELD\MELD-RAW\MELD.Raw\train\train_splits\dia863_utt3.mp4,data\preprocessed\features\z_at\train_dia863_utt3.pt,data\preprocessed\features\z_v\train_dia863_utt3.pt
train_dia864_utt0,meld_real,0,meld_Rachel,neutral,neutral,-1,1,1,1,data\raw\MELD\MELD-RAW\MELD.Raw\train\train_splits\dia864_utt0.mp4,data\preprocessed\features\z_at\train_dia864_utt0.pt,data\preprocessed\features\z_v\train_dia864_utt0.pt
train_dia865_utt1,meld_real,0,meld_Monica,anger,anger,-1,1,1,1,data\raw\MELD\MELD-RAW\MELD.Raw\train\train_splits\dia865_utt1.mp4,data\preprocessed\features\z_at\train_dia865_utt1.pt,data\preprocessed\features\z_v\train_dia865_utt1.pt
train_dia865_utt4,meld_real,0,meld_Ross,sadness,sadness,-1,1,1,1,data\raw\MELD\MELD-RAW\MELD.Raw\train\train_splits\dia865_utt4.mp4,data\preprocessed\features\z_at\train_dia865_utt4.pt,data\preprocessed\features\z_v\train_dia865_utt4.pt
train_dia865_utt5,meld_real,0,meld_Monica,joy,joy,-1,1,1,1,data\raw\MELD\MELD-RAW\MELD.Raw\train\train_splits\dia865_utt5.mp4,data\preprocessed\features\z_at\train_dia865_utt5.pt,data\preprocessed\features\z_v\train_dia865_utt5.pt
train_dia866_utt10,meld_real,0,meld_Monica,sadness,sadness,-1,1,1,1,data\raw\MELD\MELD-RAW\MELD.Raw\train\train_splits\dia866_utt10.mp4,data\preprocessed\features\z_at\train_dia866_utt10.pt,data\preprocessed\features\z_v\train_dia866_utt10.pt
train_dia866_utt4,meld_real,0,meld_Monica,neutral,neutral,-1,1,1,1,data\raw\MELD\MELD-RAW\MELD.Raw\train\train_splits\dia866_utt4.mp4,data\preprocessed\features\z_at\train_dia866_utt4.pt,data\preprocessed\features\z_v\train_dia866_utt4.pt
train_dia866_utt6,meld_real,0,meld_Ross,neutral,neutral,-1,1,1,1,data\raw\MELD\MELD-RAW\MELD.Raw\train\train_splits\dia866_utt6.mp4,data\preprocessed\features\z_at\train_dia866_utt6.pt,data\preprocessed\features\z_v\train_dia866_utt6.pt
train_dia868_utt2,meld_real,0,meld_Cecilia,neutral,neutral,-1,1,1,1,data\raw\MELD\MELD-RAW\MELD.Raw\train\train_splits\dia868_utt2.mp4,data\preprocessed\features\z_at\train_dia868_utt2.pt,data\preprocessed\features\z_v\train_dia868_utt2.pt
train_dia868_utt3,meld_real,0,meld_Joey,neutral,neutral,-1,1,1,1,data\raw\MELD\MELD-RAW\MELD.Raw\train\train_splits\dia868_utt3.mp4,data\preprocessed\features\z_at\train_dia868_utt3.pt,data\preprocessed\features\z_v\train_dia868_utt3.pt
train_dia869_utt1,meld_real,0,meld_Ross,neutral,neutral,-1,1,1,1,data\raw\MELD\MELD-RAW\MELD.Raw\train\train_splits\dia869_utt1.mp4,data\preprocessed\features\z_at\train_dia869_utt1.pt,data\preprocessed\features\z_v\train_dia869_utt1.pt
train_dia869_utt10,meld_real,0,meld_Chandler,disgust,disgust,-1,1,1,1,data\raw\MELD\MELD-RAW\MELD.Raw\train\train_splits\dia869_utt10.mp4,data\preprocessed\features\z_at\train_dia869_utt10.pt,data\preprocessed\features\z_v\train_dia869_utt10.pt
train_dia869_utt12,meld_real,0,meld_Joey,anger,anger,-1,1,1,1,data\raw\MELD\MELD-RAW\MELD.Raw\train\train_splits\dia869_utt12.mp4,data\preprocessed\features\z_at\train_dia869_utt12.pt,data\preprocessed\features\z_v\train_dia869_utt12.pt
train_dia869_utt14,meld_real,0,meld_Joey,joy,joy,-1,1,1,1,data\raw\MELD\MELD-RAW\MELD.Raw\train\train_splits\dia869_utt14.mp4,data\preprocessed\features\z_at\train_dia869_utt14.pt,data\preprocessed\features\z_v\train_dia869_utt14.pt
train_dia869_utt15,meld_real,0,meld_Joey,disgust,disgust,-1,1,1,1,data\raw\MELD\MELD-RAW\MELD.Raw\train\train_splits\dia869_utt15.mp4,data\preprocessed\features\z_at\train_dia869_utt15.pt,data\preprocessed\features\z_v\train_dia869_utt15.pt
train_dia869_utt3,meld_real,0,meld_Chandler,anger,anger,-1,1,1,1,data\raw\MELD\MELD-RAW\MELD.Raw\train\train_splits\dia869_utt3.mp4,data\preprocessed\features\z_at\train_dia869_utt3.pt,data\preprocessed\features\z_v\train_dia869_utt3.pt
train_dia869_utt7,meld_real,0,meld_Chandler,neutral,neutral,-1,1,1,1,data\raw\MELD\MELD-RAW\MELD.Raw\train\train_splits\dia869_utt7.mp4,data\preprocessed\features\z_at\train_dia869_utt7.pt,data\preprocessed\features\z_v\train_dia869_utt7.pt
train_dia869_utt8,meld_real,0,meld_Ross,fear,fear,-1,1,1,1,data\raw\MELD\MELD-RAW\MELD.Raw\train\train_splits\dia869_utt8.mp4,data\preprocessed\features\z_at\train_dia869_utt8.pt,data\preprocessed\features\z_v\train_dia869_utt8.pt
train_dia86_utt3,meld_real,0,meld_Rachel,neutral,neutral,-1,1,1,1,data\raw\MELD\MELD-RAW\MELD.Raw\train\train_splits\dia86_utt3.mp4,data\preprocessed\features\z_at\train_dia86_utt3.pt,data\preprocessed\features\z_v\train_dia86_utt3.pt
train_dia870_utt0,meld_real,0,meld_Joey,neutral,neutral,-1,1,1,1,data\raw\MELD\MELD-RAW\MELD.Raw\train\train_splits\dia870_utt0.mp4,data\preprocessed\features\z_at\train_dia870_utt0.pt,data\preprocessed\features\z_v\train_dia870_utt0.pt
train_dia870_utt1,meld_real,0,meld_Ross,neutral,neutral,-1,1,1,1,data\raw\MELD\MELD-RAW\MELD.Raw\train\train_splits\dia870_utt1.mp4,data\preprocessed\features\z_at\train_dia870_utt1.pt,data\preprocessed\features\z_v\train_dia870_utt1.pt
train_dia871_utt1,meld_real,0,meld_Chandler,sadness,sadness,-1,1,1,1,data\raw\MELD\MELD-RAW\MELD.Raw\train\train_splits\dia871_utt1.mp4,data\preprocessed\features\z_at\train_dia871_utt1.pt,data\preprocessed\features\z_v\train_dia871_utt1.pt
train_dia871_utt10,meld_real,0,meld_Joey,sadness,sadness,-1,1,1,1,data\raw\MELD\MELD-RAW\MELD.Raw\train\train_splits\dia871_utt10.mp4,data\preprocessed\features\z_at\train_dia871_utt10.pt,data\preprocessed\features\z_v\train_dia871_utt10.pt
train_dia871_utt2,meld_real,0,meld_Chandler,neutral,neutral,-1,1,1,1,data\raw\MELD\MELD-RAW\MELD.Raw\train\train_splits\dia871_utt2.mp4,data\preprocessed\features\z_at\train_dia871_utt2.pt,data\preprocessed\features\z_v\train_dia871_utt2.pt
train_dia871_utt3,meld_real,0,meld_Joey,neutral,neutral,-1,1,1,1,data\raw\MELD\MELD-RAW\MELD.Raw\train\train_splits\dia871_utt3.mp4,data\preprocessed\features\z_at\train_dia871_utt3.pt,data\preprocessed\features\z_v\train_dia871_utt3.pt
train_dia871_utt9,meld_real,0,meld_Phoebe,neutral,neutral,-1,1,1,1,data\raw\MELD\MELD-RAW\MELD.Raw\train\train_splits\dia871_utt9.mp4,data\preprocessed\features\z_at\train_dia871_utt9.pt,data\preprocessed\features\z_v\train_dia871_utt9.pt
train_dia873_utt4,meld_real,0,meld_Joey,neutral,neutral,-1,1,1,1,data\raw\MELD\MELD-RAW\MELD.Raw\train\train_splits\dia873_utt4.mp4,data\preprocessed\features\z_at\train_dia873_utt4.pt,data\preprocessed\features\z_v\train_dia873_utt4.pt
train_dia874_utt1,meld_real,0,meld_Joey,sadness,sadness,-1,1,1,1,data\raw\MELD\MELD-RAW\MELD.Raw\train\train_splits\dia874_utt1.mp4,data\preprocessed\features\z_at\train_dia874_utt1.pt,data\preprocessed\features\z_v\train_dia874_utt1.pt
train_dia874_utt14,meld_real,0,meld_Rachel,neutral,neutral,-1,1,1,1,data\raw\MELD\MELD-RAW\MELD.Raw\train\train_splits\dia874_utt14.mp4,data\preprocessed\features\z_at\train_dia874_utt14.pt,data\preprocessed\features\z_v\train_dia874_utt14.pt
train_dia874_utt7,meld_real,0,meld_Joey,sadness,sadness,-1,1,1,1,data\raw\MELD\MELD-RAW\MELD.Raw\train\train_splits\dia874_utt7.mp4,data\preprocessed\features\z_at\train_dia874_utt7.pt,data\preprocessed\features\z_v\train_dia874_utt7.pt
train_dia874_utt9,meld_real,0,meld_Rachel,neutral,neutral,-1,1,1,1,data\raw\MELD\MELD-RAW\MELD.Raw\train\train_splits\dia874_utt9.mp4,data\preprocessed\features\z_at\train_dia874_utt9.pt,data\preprocessed\features\z_v\train_dia874_utt9.pt
train_dia875_utt2,meld_real,0,meld_Hotel_Clerk,neutral,neutral,-1,1,1,1,data\raw\MELD\MELD-RAW\MELD.Raw\train\train_splits\dia875_utt2.mp4,data\preprocessed\features\z_at\train_dia875_utt2.pt,data\preprocessed\features\z_v\train_dia875_utt2.pt
train_dia877_utt1,meld_real,0,meld_David,neutral,neutral,-1,1,1,1,data\raw\MELD\MELD-RAW\MELD.Raw\train\train_splits\dia877_utt1.mp4,data\preprocessed\features\z_at\train_dia877_utt1.pt,data\preprocessed\features\z_v\train_dia877_utt1.pt
train_dia877_utt2,meld_real,0,meld_Phoebe,joy,joy,-1,1,1,1,data\raw\MELD\MELD-RAW\MELD.Raw\train\train_splits\dia877_utt2.mp4,data\preprocessed\features\z_at\train_dia877_utt2.pt,data\preprocessed\features\z_v\train_dia877_utt2.pt
train_dia877_utt4,meld_real,0,meld_Phoebe,joy,joy,-1,1,1,1,data\raw\MELD\MELD-RAW\MELD.Raw\train\train_splits\dia877_utt4.mp4,data\preprocessed\features\z_at\train_dia877_utt4.pt,data\preprocessed\features\z_v\train_dia877_utt4.pt
train_dia878_utt3,meld_real,0,meld_Chandler,neutral,neutral,-1,1,1,1,data\raw\MELD\MELD-RAW\MELD.Raw\train\train_splits\dia878_utt3.mp4,data\preprocessed\features\z_at\train_dia878_utt3.pt,data\preprocessed\features\z_v\train_dia878_utt3.pt
train_dia87_utt9,meld_real,0,meld_Ross,joy,joy,-1,1,1,1,data\raw\MELD\MELD-RAW\MELD.Raw\train\train_splits\dia87_utt9.mp4,data\preprocessed\features\z_at\train_dia87_utt9.pt,data\preprocessed\features\z_v\train_dia87_utt9.pt
train_dia883_utt1,meld_real,0,meld_Rachel,neutral,neutral,-1,1,1,1,data\raw\MELD\MELD-RAW\MELD.Raw\train\train_splits\dia883_utt1.mp4,data\preprocessed\features\z_at\train_dia883_utt1.pt,data\preprocessed\features\z_v\train_dia883_utt1.pt
train_dia884_utt11,meld_real,0,meld_Chandler,disgust,disgust,-1,1,1,1,data\raw\MELD\MELD-RAW\MELD.Raw\train\train_splits\dia884_utt11.mp4,data\preprocessed\features\z_at\train_dia884_utt11.pt,data\preprocessed\features\z_v\train_dia884_utt11.pt
train_dia884_utt13,meld_real,0,meld_Chandler,anger,anger,-1,1,1,1,data\raw\MELD\MELD-RAW\MELD.Raw\train\train_splits\dia884_utt13.mp4,data\preprocessed\features\z_at\train_dia884_utt13.pt,data\preprocessed\features\z_v\train_dia884_utt13.pt
train_dia884_utt14,meld_real,0,meld_Chandler,neutral,neutral,-1,1,1,1,data\raw\MELD\MELD-RAW\MELD.Raw\train\train_splits\dia884_utt14.mp4,data\preprocessed\features\z_at\train_dia884_utt14.pt,data\preprocessed\features\z_v\train_dia884_utt14.pt
train_dia884_utt16,meld_real,0,meld_Chandler,neutral,neutral,-1,1,1,1,data\raw\MELD\MELD-RAW\MELD.Raw\train\train_splits\dia884_utt16.mp4,data\preprocessed\features\z_at\train_dia884_utt16.pt,data\preprocessed\features\z_v\train_dia884_utt16.pt
train_dia884_utt6,meld_real,0,meld_Joey,neutral,neutral,-1,1,1,1,data\raw\MELD\MELD-RAW\MELD.Raw\train\train_splits\dia884_utt6.mp4,data\preprocessed\features\z_at\train_dia884_utt6.pt,data\preprocessed\features\z_v\train_dia884_utt6.pt
train_dia884_utt8,meld_real,0,meld_Joey,anger,anger,-1,1,1,1,data\raw\MELD\MELD-RAW\MELD.Raw\train\train_splits\dia884_utt8.mp4,data\preprocessed\features\z_at\train_dia884_utt8.pt,data\preprocessed\features\z_v\train_dia884_utt8.pt
train_dia885_utt3,meld_real,0,meld_Rachel,anger,anger,-1,1,1,1,data\raw\MELD\MELD-RAW\MELD.Raw\train\train_splits\dia885_utt3.mp4,data\preprocessed\features\z_at\train_dia885_utt3.pt,data\preprocessed\features\z_v\train_dia885_utt3.pt
train_dia885_utt4,meld_real,0,meld_Joey,anger,anger,-1,1,1,1,data\raw\MELD\MELD-RAW\MELD.Raw\train\train_splits\dia885_utt4.mp4,data\preprocessed\features\z_at\train_dia885_utt4.pt,data\preprocessed\features\z_v\train_dia885_utt4.pt
train_dia886_utt12,meld_real,0,meld_Phoebe,disgust,disgust,-1,1,1,1,data\raw\MELD\MELD-RAW\MELD.Raw\train\train_splits\dia886_utt12.mp4,data\preprocessed\features\z_at\train_dia886_utt12.pt,data\preprocessed\features\z_v\train_dia886_utt12.pt
train_dia886_utt13,meld_real,0,meld_Phoebe,neutral,neutral,-1,1,1,1,data\raw\MELD\MELD-RAW\MELD.Raw\train\train_splits\dia886_utt13.mp4,data\preprocessed\features\z_at\train_dia886_utt13.pt,data\preprocessed\features\z_v\train_dia886_utt13.pt
train_dia886_utt20,meld_real,0,meld_Rachel,neutral,neutral,-1,1,1,1,data\raw\MELD\MELD-RAW\MELD.Raw\train\train_splits\dia886_utt20.mp4,data\preprocessed\features\z_at\train_dia886_utt20.pt,data\preprocessed\features\z_v\train_dia886_utt20.pt
train_dia886_utt21,meld_real,0,meld_Phoebe,neutral,neutral,-1,1,1,1,data\raw\MELD\MELD-RAW\MELD.Raw\train\train_splits\dia886_utt21.mp4,data\preprocessed\features\z_at\train_dia886_utt21.pt,data\preprocessed\features\z_v\train_dia886_utt21.pt
train_dia886_utt22,meld_real,0,meld_Chandler,neutral,neutral,-1,1,1,1,data\raw\MELD\MELD-RAW\MELD.Raw\train\train_splits\dia886_utt22.mp4,data\preprocessed\features\z_at\train_dia886_utt22.pt,data\preprocessed\features\z_v\train_dia886_utt22.pt
train_dia887_utt0,meld_real,0,meld_Ross,neutral,neutral,-1,1,1,1,data\raw\MELD\MELD-RAW\MELD.Raw\train\train_splits\dia887_utt0.mp4,data\preprocessed\features\z_at\train_dia887_utt0.pt,data\preprocessed\features\z_v\train_dia887_utt0.pt
train_dia887_utt12,meld_real,0,meld_Ross,neutral,neutral,-1,1,1,1,data\raw\MELD\MELD-RAW\MELD.Raw\train\train_splits\dia887_utt12.mp4,data\preprocessed\features\z_at\train_dia887_utt12.pt,data\preprocessed\features\z_v\train_dia887_utt12.pt
train_dia887_utt5,meld_real,0,meld_Ross,anger,anger,-1,1,1,1,data\raw\MELD\MELD-RAW\MELD.Raw\train\train_splits\dia887_utt5.mp4,data\preprocessed\features\z_at\train_dia887_utt5.pt,data\preprocessed\features\z_v\train_dia887_utt5.pt
train_dia888_utt0,meld_real,0,meld_Ross,sadness,sadness,-1,1,1,1,data\raw\MELD\MELD-RAW\MELD.Raw\train\train_splits\dia888_utt0.mp4,data\preprocessed\features\z_at\train_dia888_utt0.pt,data\preprocessed\features\z_v\train_dia888_utt0.pt
train_dia888_utt11,meld_real,0,meld_Emily,neutral,neutral,-1,1,1,1,data\raw\MELD\MELD-RAW\MELD.Raw\train\train_splits\dia888_utt11.mp4,data\preprocessed\features\z_at\train_dia888_utt11.pt,data\preprocessed\features\z_v\train_dia888_utt11.pt
train_dia888_utt14,meld_real,0,meld_Ross,joy,joy,-1,1,1,1,data\raw\MELD\MELD-RAW\MELD.Raw\train\train_splits\dia888_utt14.mp4,data\preprocessed\features\z_at\train_dia888_utt14.pt,data\preprocessed\features\z_v\train_dia888_utt14.pt
train_dia888_utt17,meld_real,0,meld_Emily,anger,anger,-1,1,1,1,data\raw\MELD\MELD-RAW\MELD.Raw\train\train_splits\dia888_utt17.mp4,data\preprocessed\features\z_at\train_dia888_utt17.pt,data\preprocessed\features\z_v\train_dia888_utt17.pt
train_dia888_utt18,meld_real,0,meld_Ross,joy,joy,-1,1,1,1,data\raw\MELD\MELD-RAW\MELD.Raw\train\train_splits\dia888_utt18.mp4,data\preprocessed\features\z_at\train_dia888_utt18.pt,data\preprocessed\features\z_v\train_dia888_utt18.pt
train_dia888_utt19,meld_real,0,meld_Joey,joy,joy,-1,1,1,1,data\raw\MELD\MELD-RAW\MELD.Raw\train\train_splits\dia888_utt19.mp4,data\preprocessed\features\z_at\train_dia888_utt19.pt,data\preprocessed\features\z_v\train_dia888_utt19.pt
train_dia888_utt4,meld_real,0,meld_Ross,neutral,neutral,-1,1,1,1,data\raw\MELD\MELD-RAW\MELD.Raw\train\train_splits\dia888_utt4.mp4,data\preprocessed\features\z_at\train_dia888_utt4.pt,data\preprocessed\features\z_v\train_dia888_utt4.pt
train_dia888_utt6,meld_real,0,meld_Ross,joy,joy,-1,1,1,1,data\raw\MELD\MELD-RAW\MELD.Raw\train\train_splits\dia888_utt6.mp4,data\preprocessed\features\z_at\train_dia888_utt6.pt,data\preprocessed\features\z_v\train_dia888_utt6.pt
train_dia889_utt3,meld_real,0,meld_Phoebe,neutral,neutral,-1,1,1,1,data\raw\MELD\MELD-RAW\MELD.Raw\train\train_splits\dia889_utt3.mp4,data\preprocessed\features\z_at\train_dia889_utt3.pt,data\preprocessed\features\z_v\train_dia889_utt3.pt
train_dia88_utt0,meld_real,0,meld_Phoebe,neutral,neutral,-1,1,1,1,data\raw\MELD\MELD-RAW\MELD.Raw\train\train_splits\dia88_utt0.mp4,data\preprocessed\features\z_at\train_dia88_utt0.pt,data\preprocessed\features\z_v\train_dia88_utt0.pt
train_dia88_utt1,meld_real,0,meld_Rachel,joy,joy,-1,1,1,1,data\raw\MELD\MELD-RAW\MELD.Raw\train\train_splits\dia88_utt1.mp4,data\preprocessed\features\z_at\train_dia88_utt1.pt,data\preprocessed\features\z_v\train_dia88_utt1.pt
train_dia88_utt3,meld_real,0,meld_Phoebe,neutral,neutral,-1,1,1,1,data\raw\MELD\MELD-RAW\MELD.Raw\train\train_splits\dia88_utt3.mp4,data\preprocessed\features\z_at\train_dia88_utt3.pt,data\preprocessed\features\z_v\train_dia88_utt3.pt
train_dia890_utt3,meld_real,0,meld_Russell,neutral,neutral,-1,1,1,1,data\raw\MELD\MELD-RAW\MELD.Raw\train\train_splits\dia890_utt3.mp4,data\preprocessed\features\z_at\train_dia890_utt3.pt,data\preprocessed\features\z_v\train_dia890_utt3.pt
train_dia892_utt10,meld_real,0,meld_Monica,anger,anger,-1,1,1,1,data\raw\MELD\MELD-RAW\MELD.Raw\train\train_splits\dia892_utt10.mp4,data\preprocessed\features\z_at\train_dia892_utt10.pt,data\preprocessed\features\z_v\train_dia892_utt10.pt
train_dia892_utt12,meld_real,0,meld_Monica,neutral,neutral,-1,1,1,1,data\raw\MELD\MELD-RAW\MELD.Raw\train\train_splits\dia892_utt12.mp4,data\preprocessed\features\z_at\train_dia892_utt12.pt,data\preprocessed\features\z_v\train_dia892_utt12.pt
train_dia892_utt13,meld_real,0,meld_Monica,neutral,neutral,-1,1,1,1,data\raw\MELD\MELD-RAW\MELD.Raw\train\train_splits\dia892_utt13.mp4,data\preprocessed\features\z_at\train_dia892_utt13.pt,data\preprocessed\features\z_v\train_dia892_utt13.pt
train_dia892_utt14,meld_real,0,meld_Monica,joy,joy,-1,1,1,1,data\raw\MELD\MELD-RAW\MELD.Raw\train\train_splits\dia892_utt14.mp4,data\preprocessed\features\z_at\train_dia892_utt14.pt,data\preprocessed\features\z_v\train_dia892_utt14.pt
train_dia893_utt1,meld_real,0,meld_Chandler,disgust,disgust,-1,1,1,1,data\raw\MELD\MELD-RAW\MELD.Raw\train\train_splits\dia893_utt1.mp4,data\preprocessed\features\z_at\train_dia893_utt1.pt,data\preprocessed\features\z_v\train_dia893_utt1.pt
train_dia894_utt0,meld_real,0,meld_Phoebe,joy,joy,-1,1,1,1,data\raw\MELD\MELD-RAW\MELD.Raw\train\train_splits\dia894_utt0.mp4,data\preprocessed\features\z_at\train_dia894_utt0.pt,data\preprocessed\features\z_v\train_dia894_utt0.pt
train_dia895_utt2,meld_real,0,meld_Joey,anger,anger,-1,1,1,1,data\raw\MELD\MELD-RAW\MELD.Raw\train\train_splits\dia895_utt2.mp4,data\preprocessed\features\z_at\train_dia895_utt2.pt,data\preprocessed\features\z_v\train_dia895_utt2.pt
train_dia897_utt0,meld_real,0,meld_Monica,anger,anger,-1,1,1,1,data\raw\MELD\MELD-RAW\MELD.Raw\train\train_splits\dia897_utt0.mp4,data\preprocessed\features\z_at\train_dia897_utt0.pt,data\preprocessed\features\z_v\train_dia897_utt0.pt
train_dia897_utt2,meld_real,0,meld_Ross,sadness,sadness,-1,1,1,1,data\raw\MELD\MELD-RAW\MELD.Raw\train\train_splits\dia897_utt2.mp4,data\preprocessed\features\z_at\train_dia897_utt2.pt,data\preprocessed\features\z_v\train_dia897_utt2.pt
train_dia897_utt3,meld_real,0,meld_Ross,neutral,neutral,-1,1,1,1,data\raw\MELD\MELD-RAW\MELD.Raw\train\train_splits\dia897_utt3.mp4,data\preprocessed\features\z_at\train_dia897_utt3.pt,data\preprocessed\features\z_v\train_dia897_utt3.pt
train_dia897_utt6,meld_real,0,meld_Rachel,neutral,neutral,-1,1,1,1,data\raw\MELD\MELD-RAW\MELD.Raw\train\train_splits\dia897_utt6.mp4,data\preprocessed\features\z_at\train_dia897_utt6.pt,data\preprocessed\features\z_v\train_dia897_utt6.pt
train_dia897_utt8,meld_real,0,meld_Chandler,neutral,neutral,-1,1,1,1,data\raw\MELD\MELD-RAW\MELD.Raw\train\train_splits\dia897_utt8.mp4,data\preprocessed\features\z_at\train_dia897_utt8.pt,data\preprocessed\features\z_v\train_dia897_utt8.pt
train_dia89_utt12,meld_real,0,meld_Rachel,disgust,disgust,-1,1,1,1,data\raw\MELD\MELD-RAW\MELD.Raw\train\train_splits\dia89_utt12.mp4,data\preprocessed\features\z_at\train_dia89_utt12.pt,data\preprocessed\features\z_v\train_dia89_utt12.pt
train_dia89_utt15,meld_real,0,meld_Rachel,neutral,neutral,-1,1,1,1,data\raw\MELD\MELD-RAW\MELD.Raw\train\train_splits\dia89_utt15.mp4,data\preprocessed\features\z_at\train_dia89_utt15.pt,data\preprocessed\features\z_v\train_dia89_utt15.pt
train_dia8_utt0,meld_real,0,meld_Phoebe,neutral,neutral,-1,1,1,1,data\raw\MELD\MELD-RAW\MELD.Raw\train\train_splits\dia8_utt0.mp4,data\preprocessed\features\z_at\train_dia8_utt0.pt,data\preprocessed\features\z_v\train_dia8_utt0.pt
train_dia8_utt1,meld_real,0,meld_Phoebe,neutral,neutral,-1,1,1,1,data\raw\MELD\MELD-RAW\MELD.Raw\train\train_splits\dia8_utt1.mp4,data\preprocessed\features\z_at\train_dia8_utt1.pt,data\preprocessed\features\z_v\train_dia8_utt1.pt
train_dia8_utt4,meld_real,0,meld_Chandler,joy,joy,-1,1,1,1,data\raw\MELD\MELD-RAW\MELD.Raw\train\train_splits\dia8_utt4.mp4,data\preprocessed\features\z_at\train_dia8_utt4.pt,data\preprocessed\features\z_v\train_dia8_utt4.pt
train_dia900_utt11,meld_real,0,meld_Phoebe,joy,joy,-1,1,1,1,data\raw\MELD\MELD-RAW\MELD.Raw\train\train_splits\dia900_utt11.mp4,data\preprocessed\features\z_at\train_dia900_utt11.pt,data\preprocessed\features\z_v\train_dia900_utt11.pt
train_dia900_utt13,meld_real,0,meld_Phoebe,neutral,neutral,-1,1,1,1,data\raw\MELD\MELD-RAW\MELD.Raw\train\train_splits\dia900_utt13.mp4,data\preprocessed\features\z_at\train_dia900_utt13.pt,data\preprocessed\features\z_v\train_dia900_utt13.pt
train_dia900_utt2,meld_real,0,meld_Phoebe,neutral,neutral,-1,1,1,1,data\raw\MELD\MELD-RAW\MELD.Raw\train\train_splits\dia900_utt2.mp4,data\preprocessed\features\z_at\train_dia900_utt2.pt,data\preprocessed\features\z_v\train_dia900_utt2.pt
train_dia901_utt0,meld_real,0,meld_Chandler,anger,anger,-1,1,1,1,data\raw\MELD\MELD-RAW\MELD.Raw\train\train_splits\dia901_utt0.mp4,data\preprocessed\features\z_at\train_dia901_utt0.pt,data\preprocessed\features\z_v\train_dia901_utt0.pt
train_dia901_utt10,meld_real,0,meld_Joey,fear,fear,-1,1,1,1,data\raw\MELD\MELD-RAW\MELD.Raw\train\train_splits\dia901_utt10.mp4,data\preprocessed\features\z_at\train_dia901_utt10.pt,data\preprocessed\features\z_v\train_dia901_utt10.pt
train_dia901_utt17,meld_real,0,meld_Chandler,sadness,sadness,-1,1,1,1,data\raw\MELD\MELD-RAW\MELD.Raw\train\train_splits\dia901_utt17.mp4,data\preprocessed\features\z_at\train_dia901_utt17.pt,data\preprocessed\features\z_v\train_dia901_utt17.pt
train_dia901_utt6,meld_real,0,meld_Joey,neutral,neutral,-1,1,1,1,data\raw\MELD\MELD-RAW\MELD.Raw\train\train_splits\dia901_utt6.mp4,data\preprocessed\features\z_at\train_dia901_utt6.pt,data\preprocessed\features\z_v\train_dia901_utt6.pt
train_dia901_utt7,meld_real,0,meld_Joey,neutral,neutral,-1,1,1,1,data\raw\MELD\MELD-RAW\MELD.Raw\train\train_splits\dia901_utt7.mp4,data\preprocessed\features\z_at\train_dia901_utt7.pt,data\preprocessed\features\z_v\train_dia901_utt7.pt
train_dia902_utt1,meld_real,0,meld_Ross,neutral,neutral,-1,1,1,1,data\raw\MELD\MELD-RAW\MELD.Raw\train\train_splits\dia902_utt1.mp4,data\preprocessed\features\z_at\train_dia902_utt1.pt,data\preprocessed\features\z_v\train_dia902_utt1.pt
train_dia902_utt2,meld_real,0,meld_Joey,joy,joy,-1,1,1,1,data\raw\MELD\MELD-RAW\MELD.Raw\train\train_splits\dia902_utt2.mp4,data\preprocessed\features\z_at\train_dia902_utt2.pt,data\preprocessed\features\z_v\train_dia902_utt2.pt
train_dia902_utt5,meld_real,0,meld_Ross,anger,anger,-1,1,1,1,data\raw\MELD\MELD-RAW\MELD.Raw\train\train_splits\dia902_utt5.mp4,data\preprocessed\features\z_at\train_dia902_utt5.pt,data\preprocessed\features\z_v\train_dia902_utt5.pt
train_dia902_utt8,meld_real,0,meld_Chandler,neutral,neutral,-1,1,1,1,data\raw\MELD\MELD-RAW\MELD.Raw\train\train_splits\dia902_utt8.mp4,data\preprocessed\features\z_at\train_dia902_utt8.pt,data\preprocessed\features\z_v\train_dia902_utt8.pt
train_dia903_utt1,meld_real,0,meld_Chandler,joy,joy,-1,1,1,1,data\raw\MELD\MELD-RAW\MELD.Raw\train\train_splits\dia903_utt1.mp4,data\preprocessed\features\z_at\train_dia903_utt1.pt,data\preprocessed\features\z_v\train_dia903_utt1.pt
train_dia904_utt2,meld_real,0,meld_Monica,sadness,sadness,-1,1,1,1,data\raw\MELD\MELD-RAW\MELD.Raw\train\train_splits\dia904_utt2.mp4,data\preprocessed\features\z_at\train_dia904_utt2.pt,data\preprocessed\features\z_v\train_dia904_utt2.pt
train_dia904_utt7,meld_real,0,meld_Phoebe,anger,anger,-1,1,1,1,data\raw\MELD\MELD-RAW\MELD.Raw\train\train_splits\dia904_utt7.mp4,data\preprocessed\features\z_at\train_dia904_utt7.pt,data\preprocessed\features\z_v\train_dia904_utt7.pt
train_dia905_utt15,meld_real,0,meld_Chandler,disgust,disgust,-1,1,1,1,data\raw\MELD\MELD-RAW\MELD.Raw\train\train_splits\dia905_utt15.mp4,data\preprocessed\features\z_at\train_dia905_utt15.pt,data\preprocessed\features\z_v\train_dia905_utt15.pt
train_dia905_utt6,meld_real,0,meld_Jay_Leno,neutral,neutral,-1,1,1,1,data\raw\MELD\MELD-RAW\MELD.Raw\train\train_splits\dia905_utt6.mp4,data\preprocessed\features\z_at\train_dia905_utt6.pt,data\preprocessed\features\z_v\train_dia905_utt6.pt
train_dia905_utt7,meld_real,0,meld_Chandler,neutral,neutral,-1,1,1,1,data\raw\MELD\MELD-RAW\MELD.Raw\train\train_splits\dia905_utt7.mp4,data\preprocessed\features\z_at\train_dia905_utt7.pt,data\preprocessed\features\z_v\train_dia905_utt7.pt
train_dia905_utt8,meld_real,0,meld_Rachel,joy,joy,-1,1,1,1,data\raw\MELD\MELD-RAW\MELD.Raw\train\train_splits\dia905_utt8.mp4,data\preprocessed\features\z_at\train_dia905_utt8.pt,data\preprocessed\features\z_v\train_dia905_utt8.pt
train_dia906_utt1,meld_real,0,meld_Rachel,neutral,neutral,-1,1,1,1,data\raw\MELD\MELD-RAW\MELD.Raw\train\train_splits\dia906_utt1.mp4,data\preprocessed\features\z_at\train_dia906_utt1.pt,data\preprocessed\features\z_v\train_dia906_utt1.pt
train_dia906_utt4,meld_real,0,meld_Monica,neutral,neutral,-1,1,1,1,data\raw\MELD\MELD-RAW\MELD.Raw\train\train_splits\dia906_utt4.mp4,data\preprocessed\features\z_at\train_dia906_utt4.pt,data\preprocessed\features\z_v\train_dia906_utt4.pt
train_dia907_utt0,meld_real,0,meld_Phoebe,neutral,neutral,-1,1,1,1,data\raw\MELD\MELD-RAW\MELD.Raw\train\train_splits\dia907_utt0.mp4,data\preprocessed\features\z_at\train_dia907_utt0.pt,data\preprocessed\features\z_v\train_dia907_utt0.pt
train_dia907_utt1,meld_real,0,meld_Phoebe,anger,anger,-1,1,1,1,data\raw\MELD\MELD-RAW\MELD.Raw\train\train_splits\dia907_utt1.mp4,data\preprocessed\features\z_at\train_dia907_utt1.pt,data\preprocessed\features\z_v\train_dia907_utt1.pt
train_dia907_utt5,meld_real,0,meld_Phoebe,anger,anger,-1,1,1,1,data\raw\MELD\MELD-RAW\MELD.Raw\train\train_splits\dia907_utt5.mp4,data\preprocessed\features\z_at\train_dia907_utt5.pt,data\preprocessed\features\z_v\train_dia907_utt5.pt
train_dia907_utt7,meld_real,0,meld_Phoebe,anger,anger,-1,1,1,1,data\raw\MELD\MELD-RAW\MELD.Raw\train\train_splits\dia907_utt7.mp4,data\preprocessed\features\z_at\train_dia907_utt7.pt,data\preprocessed\features\z_v\train_dia907_utt7.pt
train_dia907_utt8,meld_real,0,meld_The_Smoking_Woman,neutral,neutral,-1,1,1,1,data\raw\MELD\MELD-RAW\MELD.Raw\train\train_splits\dia907_utt8.mp4,data\preprocessed\features\z_at\train_dia907_utt8.pt,data\preprocessed\features\z_v\train_dia907_utt8.pt
train_dia908_utt12,meld_real,0,meld_Joey,joy,joy,-1,1,1,1,data\raw\MELD\MELD-RAW\MELD.Raw\train\train_splits\dia908_utt12.mp4,data\preprocessed\features\z_at\train_dia908_utt12.pt,data\preprocessed\features\z_v\train_dia908_utt12.pt
train_dia908_utt14,meld_real,0,meld_Joey,anger,anger,-1,1,1,1,data\raw\MELD\MELD-RAW\MELD.Raw\train\train_splits\dia908_utt14.mp4,data\preprocessed\features\z_at\train_dia908_utt14.pt,data\preprocessed\features\z_v\train_dia908_utt14.pt
train_dia908_utt6,meld_real,0,meld_Joey,neutral,neutral,-1,1,1,1,data\raw\MELD\MELD-RAW\MELD.Raw\train\train_splits\dia908_utt6.mp4,data\preprocessed\features\z_at\train_dia908_utt6.pt,data\preprocessed\features\z_v\train_dia908_utt6.pt
train_dia909_utt8,meld_real,0,meld_Rachel,neutral,neutral,-1,1,1,1,data\raw\MELD\MELD-RAW\MELD.Raw\train\train_splits\dia909_utt8.mp4,data\preprocessed\features\z_at\train_dia909_utt8.pt,data\preprocessed\features\z_v\train_dia909_utt8.pt
train_dia910_utt13,meld_real,0,meld_Ross,joy,joy,-1,1,1,1,data\raw\MELD\MELD-RAW\MELD.Raw\train\train_splits\dia910_utt13.mp4,data\preprocessed\features\z_at\train_dia910_utt13.pt,data\preprocessed\features\z_v\train_dia910_utt13.pt
train_dia912_utt1,meld_real,0,meld_Ross,neutral,neutral,-1,1,1,1,data\raw\MELD\MELD-RAW\MELD.Raw\train\train_splits\dia912_utt1.mp4,data\preprocessed\features\z_at\train_dia912_utt1.pt,data\preprocessed\features\z_v\train_dia912_utt1.pt
train_dia912_utt2,meld_real,0,meld_Ross,neutral,neutral,-1,1,1,1,data\raw\MELD\MELD-RAW\MELD.Raw\train\train_splits\dia912_utt2.mp4,data\preprocessed\features\z_at\train_dia912_utt2.pt,data\preprocessed\features\z_v\train_dia912_utt2.pt
train_dia913_utt10,meld_real,0,meld_Joey,neutral,neutral,-1,1,1,1,data\raw\MELD\MELD-RAW\MELD.Raw\train\train_splits\dia913_utt10.mp4,data\preprocessed\features\z_at\train_dia913_utt10.pt,data\preprocessed\features\z_v\train_dia913_utt10.pt
train_dia913_utt11,meld_real,0,meld_Chandler,joy,joy,-1,1,1,1,data\raw\MELD\MELD-RAW\MELD.Raw\train\train_splits\dia913_utt11.mp4,data\preprocessed\features\z_at\train_dia913_utt11.pt,data\preprocessed\features\z_v\train_dia913_utt11.pt
train_dia913_utt12,meld_real,0,meld_Joey,joy,joy,-1,1,1,1,data\raw\MELD\MELD-RAW\MELD.Raw\train\train_splits\dia913_utt12.mp4,data\preprocessed\features\z_at\train_dia913_utt12.pt,data\preprocessed\features\z_v\train_dia913_utt12.pt
train_dia913_utt13,meld_real,0,meld_Chandler,neutral,neutral,-1,1,1,1,data\raw\MELD\MELD-RAW\MELD.Raw\train\train_splits\dia913_utt13.mp4,data\preprocessed\features\z_at\train_dia913_utt13.pt,data\preprocessed\features\z_v\train_dia913_utt13.pt
train_dia913_utt5,meld_real,0,meld_Joey,neutral,neutral,-1,1,1,1,data\raw\MELD\MELD-RAW\MELD.Raw\train\train_splits\dia913_utt5.mp4,data\preprocessed\features\z_at\train_dia913_utt5.pt,data\preprocessed\features\z_v\train_dia913_utt5.pt
train_dia913_utt6,meld_real,0,meld_Joey,neutral,neutral,-1,1,1,1,data\raw\MELD\MELD-RAW\MELD.Raw\train\train_splits\dia913_utt6.mp4,data\preprocessed\features\z_at\train_dia913_utt6.pt,data\preprocessed\features\z_v\train_dia913_utt6.pt
train_dia913_utt7,meld_real,0,meld_Chandler,neutral,neutral,-1,1,1,1,data\raw\MELD\MELD-RAW\MELD.Raw\train\train_splits\dia913_utt7.mp4,data\preprocessed\features\z_at\train_dia913_utt7.pt,data\preprocessed\features\z_v\train_dia913_utt7.pt
train_dia914_utt2,meld_real,0,meld_Monica,neutral,neutral,-1,1,1,1,data\raw\MELD\MELD-RAW\MELD.Raw\train\train_splits\dia914_utt2.mp4,data\preprocessed\features\z_at\train_dia914_utt2.pt,data\preprocessed\features\z_v\train_dia914_utt2.pt
train_dia915_utt2,meld_real,0,meld_Joey,neutral,neutral,-1,1,1,1,data\raw\MELD\MELD-RAW\MELD.Raw\train\train_splits\dia915_utt2.mp4,data\preprocessed\features\z_at\train_dia915_utt2.pt,data\preprocessed\features\z_v\train_dia915_utt2.pt
train_dia915_utt4,meld_real,0,meld_Chandler,fear,fear,-1,1,1,1,data\raw\MELD\MELD-RAW\MELD.Raw\train\train_splits\dia915_utt4.mp4,data\preprocessed\features\z_at\train_dia915_utt4.pt,data\preprocessed\features\z_v\train_dia915_utt4.pt
train_dia916_utt10,meld_real,0,meld_Ross,joy,joy,-1,1,1,1,data\raw\MELD\MELD-RAW\MELD.Raw\train\train_splits\dia916_utt10.mp4,data\preprocessed\features\z_at\train_dia916_utt10.pt,data\preprocessed\features\z_v\train_dia916_utt10.pt
train_dia916_utt11,meld_real,0,meld_Ross,neutral,neutral,-1,1,1,1,data\raw\MELD\MELD-RAW\MELD.Raw\train\train_splits\dia916_utt11.mp4,data\preprocessed\features\z_at\train_dia916_utt11.pt,data\preprocessed\features\z_v\train_dia916_utt11.pt
train_dia916_utt12,meld_real,0,meld_Ross,fear,fear,-1,1,1,1,data\raw\MELD\MELD-RAW\MELD.Raw\train\train_splits\dia916_utt12.mp4,data\preprocessed\features\z_at\train_dia916_utt12.pt,data\preprocessed\features\z_v\train_dia916_utt12.pt
train_dia916_utt3,meld_real,0,meld_Ross,joy,joy,-1,1,1,1,data\raw\MELD\MELD-RAW\MELD.Raw\train\train_splits\dia916_utt3.mp4,data\preprocessed\features\z_at\train_dia916_utt3.pt,data\preprocessed\features\z_v\train_dia916_utt3.pt
train_dia916_utt5,meld_real,0,meld_Ross,neutral,neutral,-1,1,1,1,data\raw\MELD\MELD-RAW\MELD.Raw\train\train_splits\dia916_utt5.mp4,data\preprocessed\features\z_at\train_dia916_utt5.pt,data\preprocessed\features\z_v\train_dia916_utt5.pt
train_dia916_utt7,meld_real,0,meld_Ross,neutral,neutral,-1,1,1,1,data\raw\MELD\MELD-RAW\MELD.Raw\train\train_splits\dia916_utt7.mp4,data\preprocessed\features\z_at\train_dia916_utt7.pt,data\preprocessed\features\z_v\train_dia916_utt7.pt
train_dia917_utt1,meld_real,0,meld_Chandler,joy,joy,-1,1,1,1,data\raw\MELD\MELD-RAW\MELD.Raw\train\train_splits\dia917_utt1.mp4,data\preprocessed\features\z_at\train_dia917_utt1.pt,data\preprocessed\features\z_v\train_dia917_utt1.pt
train_dia918_utt11,meld_real,0,meld_Phoebe,sadness,sadness,-1,1,1,1,data\raw\MELD\MELD-RAW\MELD.Raw\train\train_splits\dia918_utt11.mp4,data\preprocessed\features\z_at\train_dia918_utt11.pt,data\preprocessed\features\z_v\train_dia918_utt11.pt
train_dia918_utt12,meld_real,0,meld_Phoebe,neutral,neutral,-1,1,1,1,data\raw\MELD\MELD-RAW\MELD.Raw\train\train_splits\dia918_utt12.mp4,data\preprocessed\features\z_at\train_dia918_utt12.pt,data\preprocessed\features\z_v\train_dia918_utt12.pt
train_dia918_utt5,meld_real,0,meld_Chandler,anger,anger,-1,1,1,1,data\raw\MELD\MELD-RAW\MELD.Raw\train\train_splits\dia918_utt5.mp4,data\preprocessed\features\z_at\train_dia918_utt5.pt,data\preprocessed\features\z_v\train_dia918_utt5.pt
train_dia918_utt6,meld_real,0,meld_Chandler,neutral,neutral,-1,1,1,1,data\raw\MELD\MELD-RAW\MELD.Raw\train\train_splits\dia918_utt6.mp4,data\preprocessed\features\z_at\train_dia918_utt6.pt,data\preprocessed\features\z_v\train_dia918_utt6.pt
train_dia919_utt0,meld_real,0,meld_Ross,neutral,neutral,-1,1,1,1,data\raw\MELD\MELD-RAW\MELD.Raw\train\train_splits\dia919_utt0.mp4,data\preprocessed\features\z_at\train_dia919_utt0.pt,data\preprocessed\features\z_v\train_dia919_utt0.pt
train_dia91_utt0,meld_real,0,meld_Phoebe,anger,anger,-1,1,1,1,data\raw\MELD\MELD-RAW\MELD.Raw\train\train_splits\dia91_utt0.mp4,data\preprocessed\features\z_at\train_dia91_utt0.pt,data\preprocessed\features\z_v\train_dia91_utt0.pt
train_dia920_utt0,meld_real,0,meld_Student,sadness,sadness,-1,1,1,1,data\raw\MELD\MELD-RAW\MELD.Raw\train\train_splits\dia920_utt0.mp4,data\preprocessed\features\z_at\train_dia920_utt0.pt,data\preprocessed\features\z_v\train_dia920_utt0.pt
train_dia920_utt3,meld_real,0,meld_Joey,neutral,neutral,-1,1,1,1,data\raw\MELD\MELD-RAW\MELD.Raw\train\train_splits\dia920_utt3.mp4,data\preprocessed\features\z_at\train_dia920_utt3.pt,data\preprocessed\features\z_v\train_dia920_utt3.pt
train_dia921_utt0,meld_real,0,meld_Phoebe,neutral,neutral,-1,1,1,1,data\raw\MELD\MELD-RAW\MELD.Raw\train\train_splits\dia921_utt0.mp4,data\preprocessed\features\z_at\train_dia921_utt0.pt,data\preprocessed\features\z_v\train_dia921_utt0.pt
train_dia921_utt10,meld_real,0,meld_Phoebe,anger,anger,-1,1,1,1,data\raw\MELD\MELD-RAW\MELD.Raw\train\train_splits\dia921_utt10.mp4,data\preprocessed\features\z_at\train_dia921_utt10.pt,data\preprocessed\features\z_v\train_dia921_utt10.pt
train_dia921_utt3,meld_real,0,meld_Eric,sadness,sadness,-1,1,1,1,data\raw\MELD\MELD-RAW\MELD.Raw\train\train_splits\dia921_utt3.mp4,data\preprocessed\features\z_at\train_dia921_utt3.pt,data\preprocessed\features\z_v\train_dia921_utt3.pt
train_dia921_utt4,meld_real,0,meld_Phoebe,disgust,disgust,-1,1,1,1,data\raw\MELD\MELD-RAW\MELD.Raw\train\train_splits\dia921_utt4.mp4,data\preprocessed\features\z_at\train_dia921_utt4.pt,data\preprocessed\features\z_v\train_dia921_utt4.pt
train_dia921_utt7,meld_real,0,meld_Eric,sadness,sadness,-1,1,1,1,data\raw\MELD\MELD-RAW\MELD.Raw\train\train_splits\dia921_utt7.mp4,data\preprocessed\features\z_at\train_dia921_utt7.pt,data\preprocessed\features\z_v\train_dia921_utt7.pt
train_dia921_utt9,meld_real,0,meld_Eric,sadness,sadness,-1,1,1,1,data\raw\MELD\MELD-RAW\MELD.Raw\train\train_splits\dia921_utt9.mp4,data\preprocessed\features\z_at\train_dia921_utt9.pt,data\preprocessed\features\z_v\train_dia921_utt9.pt
train_dia922_utt3,meld_real,0,meld_Rachel,sadness,sadness,-1,1,1,1,data\raw\MELD\MELD-RAW\MELD.Raw\train\train_splits\dia922_utt3.mp4,data\preprocessed\features\z_at\train_dia922_utt3.pt,data\preprocessed\features\z_v\train_dia922_utt3.pt
train_dia923_utt1,meld_real,0,meld_Chandler,sadness,sadness,-1,1,1,1,data\raw\MELD\MELD-RAW\MELD.Raw\train\train_splits\dia923_utt1.mp4,data\preprocessed\features\z_at\train_dia923_utt1.pt,data\preprocessed\features\z_v\train_dia923_utt1.pt
train_dia923_utt9,meld_real,0,meld_Chandler,anger,anger,-1,1,1,1,data\raw\MELD\MELD-RAW\MELD.Raw\train\train_splits\dia923_utt9.mp4,data\preprocessed\features\z_at\train_dia923_utt9.pt,data\preprocessed\features\z_v\train_dia923_utt9.pt
train_dia924_utt1,meld_real,0,meld_Joey,joy,joy,-1,1,1,1,data\raw\MELD\MELD-RAW\MELD.Raw\train\train_splits\dia924_utt1.mp4,data\preprocessed\features\z_at\train_dia924_utt1.pt,data\preprocessed\features\z_v\train_dia924_utt1.pt
train_dia924_utt2,meld_real,0,meld_Phoebe,neutral,neutral,-1,1,1,1,data\raw\MELD\MELD-RAW\MELD.Raw\train\train_splits\dia924_utt2.mp4,data\preprocessed\features\z_at\train_dia924_utt2.pt,data\preprocessed\features\z_v\train_dia924_utt2.pt
train_dia924_utt5,meld_real,0,meld_Phoebe,sadness,sadness,-1,1,1,1,data\raw\MELD\MELD-RAW\MELD.Raw\train\train_splits\dia924_utt5.mp4,data\preprocessed\features\z_at\train_dia924_utt5.pt,data\preprocessed\features\z_v\train_dia924_utt5.pt
train_dia924_utt6,meld_real,0,meld_Joey,sadness,sadness,-1,1,1,1,data\raw\MELD\MELD-RAW\MELD.Raw\train\train_splits\dia924_utt6.mp4,data\preprocessed\features\z_at\train_dia924_utt6.pt,data\preprocessed\features\z_v\train_dia924_utt6.pt
train_dia925_utt4,meld_real,0,meld_Chandler,neutral,neutral,-1,1,1,1,data\raw\MELD\MELD-RAW\MELD.Raw\train\train_splits\dia925_utt4.mp4,data\preprocessed\features\z_at\train_dia925_utt4.pt,data\preprocessed\features\z_v\train_dia925_utt4.pt
train_dia926_utt1,meld_real,0,meld_Monica,sadness,sadness,-1,1,1,1,data\raw\MELD\MELD-RAW\MELD.Raw\train\train_splits\dia926_utt1.mp4,data\preprocessed\features\z_at\train_dia926_utt1.pt,data\preprocessed\features\z_v\train_dia926_utt1.pt
train_dia926_utt2,meld_real,0,meld_Chandler,sadness,sadness,-1,1,1,1,data\raw\MELD\MELD-RAW\MELD.Raw\train\train_splits\dia926_utt2.mp4,data\preprocessed\features\z_at\train_dia926_utt2.pt,data\preprocessed\features\z_v\train_dia926_utt2.pt
train_dia926_utt5,meld_real,0,meld_Chandler,sadness,sadness,-1,1,1,1,data\raw\MELD\MELD-RAW\MELD.Raw\train\train_splits\dia926_utt5.mp4,data\preprocessed\features\z_at\train_dia926_utt5.pt,data\preprocessed\features\z_v\train_dia926_utt5.pt
train_dia926_utt8,meld_real,0,meld_Monica,neutral,neutral,-1,1,1,1,data\raw\MELD\MELD-RAW\MELD.Raw\train\train_splits\dia926_utt8.mp4,data\preprocessed\features\z_at\train_dia926_utt8.pt,data\preprocessed\features\z_v\train_dia926_utt8.pt
train_dia926_utt9,meld_real,0,meld_Monica,neutral,neutral,-1,1,1,1,data\raw\MELD\MELD-RAW\MELD.Raw\train\train_splits\dia926_utt9.mp4,data\preprocessed\features\z_at\train_dia926_utt9.pt,data\preprocessed\features\z_v\train_dia926_utt9.pt
train_dia928_utt0,meld_real,0,meld_Monica,disgust,disgust,-1,1,1,1,data\raw\MELD\MELD-RAW\MELD.Raw\train\train_splits\dia928_utt0.mp4,data\preprocessed\features\z_at\train_dia928_utt0.pt,data\preprocessed\features\z_v\train_dia928_utt0.pt
train_dia929_utt1,meld_real,0,meld_Phoebe,anger,anger,-1,1,1,1,data\raw\MELD\MELD-RAW\MELD.Raw\train\train_splits\dia929_utt1.mp4,data\preprocessed\features\z_at\train_dia929_utt1.pt,data\preprocessed\features\z_v\train_dia929_utt1.pt
train_dia929_utt3,meld_real,0,meld_Monica,neutral,neutral,-1,1,1,1,data\raw\MELD\MELD-RAW\MELD.Raw\train\train_splits\dia929_utt3.mp4,data\preprocessed\features\z_at\train_dia929_utt3.pt,data\preprocessed\features\z_v\train_dia929_utt3.pt
train_dia929_utt4,meld_real,0,meld_Rachel,neutral,neutral,-1,1,1,1,data\raw\MELD\MELD-RAW\MELD.Raw\train\train_splits\dia929_utt4.mp4,data\preprocessed\features\z_at\train_dia929_utt4.pt,data\preprocessed\features\z_v\train_dia929_utt4.pt
train_dia930_utt1,meld_real,0,meld_Chandler,neutral,neutral,-1,1,1,1,data\raw\MELD\MELD-RAW\MELD.Raw\train\train_splits\dia930_utt1.mp4,data\preprocessed\features\z_at\train_dia930_utt1.pt,data\preprocessed\features\z_v\train_dia930_utt1.pt
train_dia930_utt10,meld_real,0,meld_Ross,neutral,neutral,-1,1,1,1,data\raw\MELD\MELD-RAW\MELD.Raw\train\train_splits\dia930_utt10.mp4,data\preprocessed\features\z_at\train_dia930_utt10.pt,data\preprocessed\features\z_v\train_dia930_utt10.pt
train_dia930_utt13,meld_real,0,meld_Ross,anger,anger,-1,1,1,1,data\raw\MELD\MELD-RAW\MELD.Raw\train\train_splits\dia930_utt13.mp4,data\preprocessed\features\z_at\train_dia930_utt13.pt,data\preprocessed\features\z_v\train_dia930_utt13.pt
train_dia931_utt1,meld_real,0,meld_Joey/Drake,anger,anger,-1,1,1,1,data\raw\MELD\MELD-RAW\MELD.Raw\train\train_splits\dia931_utt1.mp4,data\preprocessed\features\z_at\train_dia931_utt1.pt,data\preprocessed\features\z_v\train_dia931_utt1.pt
train_dia932_utt10,meld_real,0,meld_Rachel,anger,anger,-1,1,1,1,data\raw\MELD\MELD-RAW\MELD.Raw\train\train_splits\dia932_utt10.mp4,data\preprocessed\features\z_at\train_dia932_utt10.pt,data\preprocessed\features\z_v\train_dia932_utt10.pt
train_dia932_utt11,meld_real,0,meld_Monica,neutral,neutral,-1,1,1,1,data\raw\MELD\MELD-RAW\MELD.Raw\train\train_splits\dia932_utt11.mp4,data\preprocessed\features\z_at\train_dia932_utt11.pt,data\preprocessed\features\z_v\train_dia932_utt11.pt
train_dia932_utt15,meld_real,0,meld_Ross,neutral,neutral,-1,1,1,1,data\raw\MELD\MELD-RAW\MELD.Raw\train\train_splits\dia932_utt15.mp4,data\preprocessed\features\z_at\train_dia932_utt15.pt,data\preprocessed\features\z_v\train_dia932_utt15.pt
train_dia932_utt5,meld_real,0,meld_Monica,fear,fear,-1,1,1,1,data\raw\MELD\MELD-RAW\MELD.Raw\train\train_splits\dia932_utt5.mp4,data\preprocessed\features\z_at\train_dia932_utt5.pt,data\preprocessed\features\z_v\train_dia932_utt5.pt
train_dia932_utt7,meld_real,0,meld_Monica,anger,anger,-1,1,1,1,data\raw\MELD\MELD-RAW\MELD.Raw\train\train_splits\dia932_utt7.mp4,data\preprocessed\features\z_at\train_dia932_utt7.pt,data\preprocessed\features\z_v\train_dia932_utt7.pt
train_dia933_utt12,meld_real,0,meld_Rachel,anger,anger,-1,1,1,1,data\raw\MELD\MELD-RAW\MELD.Raw\train\train_splits\dia933_utt12.mp4,data\preprocessed\features\z_at\train_dia933_utt12.pt,data\preprocessed\features\z_v\train_dia933_utt12.pt
train_dia933_utt14,meld_real,0,meld_Gunther,anger,anger,-1,1,1,1,data\raw\MELD\MELD-RAW\MELD.Raw\train\train_splits\dia933_utt14.mp4,data\preprocessed\features\z_at\train_dia933_utt14.pt,data\preprocessed\features\z_v\train_dia933_utt14.pt
train_dia933_utt2,meld_real,0,meld_Joey,neutral,neutral,-1,1,1,1,data\raw\MELD\MELD-RAW\MELD.Raw\train\train_splits\dia933_utt2.mp4,data\preprocessed\features\z_at\train_dia933_utt2.pt,data\preprocessed\features\z_v\train_dia933_utt2.pt
train_dia934_utt3,meld_real,0,meld_The_Museum_Official,neutral,neutral,-1,1,1,1,data\raw\MELD\MELD-RAW\MELD.Raw\train\train_splits\dia934_utt3.mp4,data\preprocessed\features\z_at\train_dia934_utt3.pt,data\preprocessed\features\z_v\train_dia934_utt3.pt
train_dia934_utt4,meld_real,0,meld_Chandler,neutral,neutral,-1,1,1,1,data\raw\MELD\MELD-RAW\MELD.Raw\train\train_splits\dia934_utt4.mp4,data\preprocessed\features\z_at\train_dia934_utt4.pt,data\preprocessed\features\z_v\train_dia934_utt4.pt
train_dia935_utt3,meld_real,0,meld_Phoebe,neutral,neutral,-1,1,1,1,data\raw\MELD\MELD-RAW\MELD.Raw\train\train_splits\dia935_utt3.mp4,data\preprocessed\features\z_at\train_dia935_utt3.pt,data\preprocessed\features\z_v\train_dia935_utt3.pt
train_dia936_utt12,meld_real,0,meld_Phoebe,sadness,sadness,-1,1,1,1,data\raw\MELD\MELD-RAW\MELD.Raw\train\train_splits\dia936_utt12.mp4,data\preprocessed\features\z_at\train_dia936_utt12.pt,data\preprocessed\features\z_v\train_dia936_utt12.pt
train_dia936_utt17,meld_real,0,meld_Phoebe,anger,anger,-1,1,1,1,data\raw\MELD\MELD-RAW\MELD.Raw\train\train_splits\dia936_utt17.mp4,data\preprocessed\features\z_at\train_dia936_utt17.pt,data\preprocessed\features\z_v\train_dia936_utt17.pt
train_dia936_utt20,meld_real,0,meld_Rachel,anger,anger,-1,1,1,1,data\raw\MELD\MELD-RAW\MELD.Raw\train\train_splits\dia936_utt20.mp4,data\preprocessed\features\z_at\train_dia936_utt20.pt,data\preprocessed\features\z_v\train_dia936_utt20.pt
train_dia936_utt5,meld_real,0,meld_Rachel,neutral,neutral,-1,1,1,1,data\raw\MELD\MELD-RAW\MELD.Raw\train\train_splits\dia936_utt5.mp4,data\preprocessed\features\z_at\train_dia936_utt5.pt,data\preprocessed\features\z_v\train_dia936_utt5.pt
train_dia937_utt1,meld_real,0,meld_Ross,neutral,neutral,-1,1,1,1,data\raw\MELD\MELD-RAW\MELD.Raw\train\train_splits\dia937_utt1.mp4,data\preprocessed\features\z_at\train_dia937_utt1.pt,data\preprocessed\features\z_v\train_dia937_utt1.pt
train_dia937_utt6,meld_real,0,meld_Ross,neutral,neutral,-1,1,1,1,data\raw\MELD\MELD-RAW\MELD.Raw\train\train_splits\dia937_utt6.mp4,data\preprocessed\features\z_at\train_dia937_utt6.pt,data\preprocessed\features\z_v\train_dia937_utt6.pt
train_dia938_utt7,meld_real,0,meld_Joey,neutral,neutral,-1,1,1,1,data\raw\MELD\MELD-RAW\MELD.Raw\train\train_splits\dia938_utt7.mp4,data\preprocessed\features\z_at\train_dia938_utt7.pt,data\preprocessed\features\z_v\train_dia938_utt7.pt
train_dia938_utt9,meld_real,0,meld_Joey,neutral,neutral,-1,1,1,1,data\raw\MELD\MELD-RAW\MELD.Raw\train\train_splits\dia938_utt9.mp4,data\preprocessed\features\z_at\train_dia938_utt9.pt,data\preprocessed\features\z_v\train_dia938_utt9.pt
train_dia939_utt11,meld_real,0,meld_Rachel,sadness,sadness,-1,1,1,1,data\raw\MELD\MELD-RAW\MELD.Raw\train\train_splits\dia939_utt11.mp4,data\preprocessed\features\z_at\train_dia939_utt11.pt,data\preprocessed\features\z_v\train_dia939_utt11.pt
train_dia939_utt7,meld_real,0,meld_Phoebe,joy,joy,-1,1,1,1,data\raw\MELD\MELD-RAW\MELD.Raw\train\train_splits\dia939_utt7.mp4,data\preprocessed\features\z_at\train_dia939_utt7.pt,data\preprocessed\features\z_v\train_dia939_utt7.pt
train_dia939_utt8,meld_real,0,meld_Phoebe,sadness,sadness,-1,1,1,1,data\raw\MELD\MELD-RAW\MELD.Raw\train\train_splits\dia939_utt8.mp4,data\preprocessed\features\z_at\train_dia939_utt8.pt,data\preprocessed\features\z_v\train_dia939_utt8.pt
train_dia939_utt9,meld_real,0,meld_Rachel,sadness,sadness,-1,1,1,1,data\raw\MELD\MELD-RAW\MELD.Raw\train\train_splits\dia939_utt9.mp4,data\preprocessed\features\z_at\train_dia939_utt9.pt,data\preprocessed\features\z_v\train_dia939_utt9.pt
train_dia93_utt3,meld_real,0,meld_Joey,neutral,neutral,-1,1,1,1,data\raw\MELD\MELD-RAW\MELD.Raw\train\train_splits\dia93_utt3.mp4,data\preprocessed\features\z_at\train_dia93_utt3.pt,data\preprocessed\features\z_v\train_dia93_utt3.pt
train_dia940_utt3,meld_real,0,meld_Monica,neutral,neutral,-1,1,1,1,data\raw\MELD\MELD-RAW\MELD.Raw\train\train_splits\dia940_utt3.mp4,data\preprocessed\features\z_at\train_dia940_utt3.pt,data\preprocessed\features\z_v\train_dia940_utt3.pt
train_dia940_utt5,meld_real,0,meld_Monica,neutral,neutral,-1,1,1,1,data\raw\MELD\MELD-RAW\MELD.Raw\train\train_splits\dia940_utt5.mp4,data\preprocessed\features\z_at\train_dia940_utt5.pt,data\preprocessed\features\z_v\train_dia940_utt5.pt
train_dia940_utt6,meld_real,0,meld_Phoebe,joy,joy,-1,1,1,1,data\raw\MELD\MELD-RAW\MELD.Raw\train\train_splits\dia940_utt6.mp4,data\preprocessed\features\z_at\train_dia940_utt6.pt,data\preprocessed\features\z_v\train_dia940_utt6.pt
train_dia940_utt7,meld_real,0,meld_Ross,neutral,neutral,-1,1,1,1,data\raw\MELD\MELD-RAW\MELD.Raw\train\train_splits\dia940_utt7.mp4,data\preprocessed\features\z_at\train_dia940_utt7.pt,data\preprocessed\features\z_v\train_dia940_utt7.pt
train_dia940_utt8,meld_real,0,meld_Phoebe,neutral,neutral,-1,1,1,1,data\raw\MELD\MELD-RAW\MELD.Raw\train\train_splits\dia940_utt8.mp4,data\preprocessed\features\z_at\train_dia940_utt8.pt,data\preprocessed\features\z_v\train_dia940_utt8.pt
train_dia941_utt10,meld_real,0,meld_Monica,neutral,neutral,-1,1,1,1,data\raw\MELD\MELD-RAW\MELD.Raw\train\train_splits\dia941_utt10.mp4,data\preprocessed\features\z_at\train_dia941_utt10.pt,data\preprocessed\features\z_v\train_dia941_utt10.pt
train_dia941_utt2,meld_real,0,meld_Monica,neutral,neutral,-1,1,1,1,data\raw\MELD\MELD-RAW\MELD.Raw\train\train_splits\dia941_utt2.mp4,data\preprocessed\features\z_at\train_dia941_utt2.pt,data\preprocessed\features\z_v\train_dia941_utt2.pt
train_dia941_utt4,meld_real,0,meld_Monica,neutral,neutral,-1,1,1,1,data\raw\MELD\MELD-RAW\MELD.Raw\train\train_splits\dia941_utt4.mp4,data\preprocessed\features\z_at\train_dia941_utt4.pt,data\preprocessed\features\z_v\train_dia941_utt4.pt
train_dia941_utt7,meld_real,0,meld_Julio,neutral,neutral,-1,1,1,1,data\raw\MELD\MELD-RAW\MELD.Raw\train\train_splits\dia941_utt7.mp4,data\preprocessed\features\z_at\train_dia941_utt7.pt,data\preprocessed\features\z_v\train_dia941_utt7.pt
train_dia941_utt9,meld_real,0,meld_Julio,neutral,neutral,-1,1,1,1,data\raw\MELD\MELD-RAW\MELD.Raw\train\train_splits\dia941_utt9.mp4,data\preprocessed\features\z_at\train_dia941_utt9.pt,data\preprocessed\features\z_v\train_dia941_utt9.pt
train_dia942_utt4,meld_real,0,meld_Woman_On_Train,neutral,neutral,-1,1,1,1,data\raw\MELD\MELD-RAW\MELD.Raw\train\train_splits\dia942_utt4.mp4,data\preprocessed\features\z_at\train_dia942_utt4.pt,data\preprocessed\features\z_v\train_dia942_utt4.pt
train_dia942_utt6,meld_real,0,meld_Woman_On_Train,neutral,neutral,-1,1,1,1,data\raw\MELD\MELD-RAW\MELD.Raw\train\train_splits\dia942_utt6.mp4,data\preprocessed\features\z_at\train_dia942_utt6.pt,data\preprocessed\features\z_v\train_dia942_utt6.pt
train_dia942_utt7,meld_real,0,meld_Ross,neutral,neutral,-1,1,1,1,data\raw\MELD\MELD-RAW\MELD.Raw\train\train_splits\dia942_utt7.mp4,data\preprocessed\features\z_at\train_dia942_utt7.pt,data\preprocessed\features\z_v\train_dia942_utt7.pt
train_dia943_utt0,meld_real,0,meld_Monica,neutral,neutral,-1,1,1,1,data\raw\MELD\MELD-RAW\MELD.Raw\train\train_splits\dia943_utt0.mp4,data\preprocessed\features\z_at\train_dia943_utt0.pt,data\preprocessed\features\z_v\train_dia943_utt0.pt
train_dia943_utt2,meld_real,0,meld_Monica,neutral,neutral,-1,1,1,1,data\raw\MELD\MELD-RAW\MELD.Raw\train\train_splits\dia943_utt2.mp4,data\preprocessed\features\z_at\train_dia943_utt2.pt,data\preprocessed\features\z_v\train_dia943_utt2.pt
train_dia944_utt1,meld_real,0,meld_Joey,anger,anger,-1,1,1,1,data\raw\MELD\MELD-RAW\MELD.Raw\train\train_splits\dia944_utt1.mp4,data\preprocessed\features\z_at\train_dia944_utt1.pt,data\preprocessed\features\z_v\train_dia944_utt1.pt
train_dia945_utt10,meld_real,0,meld_Rachel,joy,joy,-1,1,1,1,data\raw\MELD\MELD-RAW\MELD.Raw\train\train_splits\dia945_utt10.mp4,data\preprocessed\features\z_at\train_dia945_utt10.pt,data\preprocessed\features\z_v\train_dia945_utt10.pt
train_dia945_utt11,meld_real,0,meld_Rachel,joy,joy,-1,1,1,1,data\raw\MELD\MELD-RAW\MELD.Raw\train\train_splits\dia945_utt11.mp4,data\preprocessed\features\z_at\train_dia945_utt11.pt,data\preprocessed\features\z_v\train_dia945_utt11.pt
train_dia945_utt3,meld_real,0,meld_Monica,joy,joy,-1,1,1,1,data\raw\MELD\MELD-RAW\MELD.Raw\train\train_splits\dia945_utt3.mp4,data\preprocessed\features\z_at\train_dia945_utt3.pt,data\preprocessed\features\z_v\train_dia945_utt3.pt
train_dia945_utt4,meld_real,0,meld_Rachel,sadness,sadness,-1,1,1,1,data\raw\MELD\MELD-RAW\MELD.Raw\train\train_splits\dia945_utt4.mp4,data\preprocessed\features\z_at\train_dia945_utt4.pt,data\preprocessed\features\z_v\train_dia945_utt4.pt
train_dia945_utt5,meld_real,0,meld_Rachel,disgust,disgust,-1,1,1,1,data\raw\MELD\MELD-RAW\MELD.Raw\train\train_splits\dia945_utt5.mp4,data\preprocessed\features\z_at\train_dia945_utt5.pt,data\preprocessed\features\z_v\train_dia945_utt5.pt
train_dia945_utt6,meld_real,0,meld_Rachel,anger,anger,-1,1,1,1,data\raw\MELD\MELD-RAW\MELD.Raw\train\train_splits\dia945_utt6.mp4,data\preprocessed\features\z_at\train_dia945_utt6.pt,data\preprocessed\features\z_v\train_dia945_utt6.pt
train_dia945_utt7,meld_real,0,meld_Guy,fear,fear,-1,1,1,1,data\raw\MELD\MELD-RAW\MELD.Raw\train\train_splits\dia945_utt7.mp4,data\preprocessed\features\z_at\train_dia945_utt7.pt,data\preprocessed\features\z_v\train_dia945_utt7.pt
train_dia945_utt9,meld_real,0,meld_Guy,neutral,neutral,-1,1,1,1,data\raw\MELD\MELD-RAW\MELD.Raw\train\train_splits\dia945_utt9.mp4,data\preprocessed\features\z_at\train_dia945_utt9.pt,data\preprocessed\features\z_v\train_dia945_utt9.pt
train_dia946_utt3,meld_real,0,meld_Monica,neutral,neutral,-1,1,1,1,data\raw\MELD\MELD-RAW\MELD.Raw\train\train_splits\dia946_utt3.mp4,data\preprocessed\features\z_at\train_dia946_utt3.pt,data\preprocessed\features\z_v\train_dia946_utt3.pt
train_dia947_utt0,meld_real,0,meld_Monica,neutral,neutral,-1,1,1,1,data\raw\MELD\MELD-RAW\MELD.Raw\train\train_splits\dia947_utt0.mp4,data\preprocessed\features\z_at\train_dia947_utt0.pt,data\preprocessed\features\z_v\train_dia947_utt0.pt
train_dia947_utt11,meld_real,0,meld_Monica,neutral,neutral,-1,1,1,1,data\raw\MELD\MELD-RAW\MELD.Raw\train\train_splits\dia947_utt11.mp4,data\preprocessed\features\z_at\train_dia947_utt11.pt,data\preprocessed\features\z_v\train_dia947_utt11.pt
train_dia947_utt2,meld_real,0,meld_Monica,neutral,neutral,-1,1,1,1,data\raw\MELD\MELD-RAW\MELD.Raw\train\train_splits\dia947_utt2.mp4,data\preprocessed\features\z_at\train_dia947_utt2.pt,data\preprocessed\features\z_v\train_dia947_utt2.pt
train_dia947_utt3,meld_real,0,meld_The_Food_Critic,joy,joy,-1,1,1,1,data\raw\MELD\MELD-RAW\MELD.Raw\train\train_splits\dia947_utt3.mp4,data\preprocessed\features\z_at\train_dia947_utt3.pt,data\preprocessed\features\z_v\train_dia947_utt3.pt
train_dia947_utt4,meld_real,0,meld_Joey,anger,anger,-1,1,1,1,data\raw\MELD\MELD-RAW\MELD.Raw\train\train_splits\dia947_utt4.mp4,data\preprocessed\features\z_at\train_dia947_utt4.pt,data\preprocessed\features\z_v\train_dia947_utt4.pt
train_dia947_utt8,meld_real,0,meld_The_Cooking_Teacher,neutral,neutral,-1,1,1,1,data\raw\MELD\MELD-RAW\MELD.Raw\train\train_splits\dia947_utt8.mp4,data\preprocessed\features\z_at\train_dia947_utt8.pt,data\preprocessed\features\z_v\train_dia947_utt8.pt
train_dia948_utt14,meld_real,0,meld_Monica,neutral,neutral,-1,1,1,1,data\raw\MELD\MELD-RAW\MELD.Raw\train\train_splits\dia948_utt14.mp4,data\preprocessed\features\z_at\train_dia948_utt14.pt,data\preprocessed\features\z_v\train_dia948_utt14.pt
train_dia948_utt8,meld_real,0,meld_Phoebe,joy,joy,-1,1,1,1,data\raw\MELD\MELD-RAW\MELD.Raw\train\train_splits\dia948_utt8.mp4,data\preprocessed\features\z_at\train_dia948_utt8.pt,data\preprocessed\features\z_v\train_dia948_utt8.pt
train_dia949_utt0,meld_real,0,meld_Joey,sadness,sadness,-1,1,1,1,data\raw\MELD\MELD-RAW\MELD.Raw\train\train_splits\dia949_utt0.mp4,data\preprocessed\features\z_at\train_dia949_utt0.pt,data\preprocessed\features\z_v\train_dia949_utt0.pt
train_dia949_utt10,meld_real,0,meld_Rachel,joy,joy,-1,1,1,1,data\raw\MELD\MELD-RAW\MELD.Raw\train\train_splits\dia949_utt10.mp4,data\preprocessed\features\z_at\train_dia949_utt10.pt,data\preprocessed\features\z_v\train_dia949_utt10.pt
train_dia949_utt11,meld_real,0,meld_Joey,neutral,neutral,-1,1,1,1,data\raw\MELD\MELD-RAW\MELD.Raw\train\train_splits\dia949_utt11.mp4,data\preprocessed\features\z_at\train_dia949_utt11.pt,data\preprocessed\features\z_v\train_dia949_utt11.pt
train_dia949_utt6,meld_real,0,meld_Rachel,sadness,sadness,-1,1,1,1,data\raw\MELD\MELD-RAW\MELD.Raw\train\train_splits\dia949_utt6.mp4,data\preprocessed\features\z_at\train_dia949_utt6.pt,data\preprocessed\features\z_v\train_dia949_utt6.pt
train_dia949_utt7,meld_real,0,meld_Joey,neutral,neutral,-1,1,1,1,data\raw\MELD\MELD-RAW\MELD.Raw\train\train_splits\dia949_utt7.mp4,data\preprocessed\features\z_at\train_dia949_utt7.pt,data\preprocessed\features\z_v\train_dia949_utt7.pt
train_dia94_utt1,meld_real,0,meld_Joanna,neutral,neutral,-1,1,1,1,data\raw\MELD\MELD-RAW\MELD.Raw\train\train_splits\dia94_utt1.mp4,data\preprocessed\features\z_at\train_dia94_utt1.pt,data\preprocessed\features\z_v\train_dia94_utt1.pt
train_dia94_utt10,meld_real,0,meld_Rachel,joy,joy,-1,1,1,1,data\raw\MELD\MELD-RAW\MELD.Raw\train\train_splits\dia94_utt10.mp4,data\preprocessed\features\z_at\train_dia94_utt10.pt,data\preprocessed\features\z_v\train_dia94_utt10.pt
train_dia94_utt5,meld_real,0,meld_Joanna,fear,fear,-1,1,1,1,data\raw\MELD\MELD-RAW\MELD.Raw\train\train_splits\dia94_utt5.mp4,data\preprocessed\features\z_at\train_dia94_utt5.pt,data\preprocessed\features\z_v\train_dia94_utt5.pt
train_dia94_utt8,meld_real,0,meld_Joanna,neutral,neutral,-1,1,1,1,data\raw\MELD\MELD-RAW\MELD.Raw\train\train_splits\dia94_utt8.mp4,data\preprocessed\features\z_at\train_dia94_utt8.pt,data\preprocessed\features\z_v\train_dia94_utt8.pt
train_dia950_utt1,meld_real,0,meld_Monica,sadness,sadness,-1,1,1,1,data\raw\MELD\MELD-RAW\MELD.Raw\train\train_splits\dia950_utt1.mp4,data\preprocessed\features\z_at\train_dia950_utt1.pt,data\preprocessed\features\z_v\train_dia950_utt1.pt
train_dia950_utt12,meld_real,0,meld_Ross,joy,joy,-1,1,1,1,data\raw\MELD\MELD-RAW\MELD.Raw\train\train_splits\dia950_utt12.mp4,data\preprocessed\features\z_at\train_dia950_utt12.pt,data\preprocessed\features\z_v\train_dia950_utt12.pt
train_dia950_utt17,meld_real,0,meld_Chandler,neutral,neutral,-1,1,1,1,data\raw\MELD\MELD-RAW\MELD.Raw\train\train_splits\dia950_utt17.mp4,data\preprocessed\features\z_at\train_dia950_utt17.pt,data\preprocessed\features\z_v\train_dia950_utt17.pt
train_dia950_utt2,meld_real,0,meld_Ross,anger,anger,-1,1,1,1,data\raw\MELD\MELD-RAW\MELD.Raw\train\train_splits\dia950_utt2.mp4,data\preprocessed\features\z_at\train_dia950_utt2.pt,data\preprocessed\features\z_v\train_dia950_utt2.pt
train_dia950_utt6,meld_real,0,meld_Monica,joy,joy,-1,1,1,1,data\raw\MELD\MELD-RAW\MELD.Raw\train\train_splits\dia950_utt6.mp4,data\preprocessed\features\z_at\train_dia950_utt6.pt,data\preprocessed\features\z_v\train_dia950_utt6.pt
train_dia952_utt1,meld_real,0,meld_Ross,neutral,neutral,-1,1,1,1,data\raw\MELD\MELD-RAW\MELD.Raw\train\train_splits\dia952_utt1.mp4,data\preprocessed\features\z_at\train_dia952_utt1.pt,data\preprocessed\features\z_v\train_dia952_utt1.pt
train_dia952_utt4,meld_real,0,meld_Joey,neutral,neutral,-1,1,1,1,data\raw\MELD\MELD-RAW\MELD.Raw\train\train_splits\dia952_utt4.mp4,data\preprocessed\features\z_at\train_dia952_utt4.pt,data\preprocessed\features\z_v\train_dia952_utt4.pt
train_dia952_utt6,meld_real,0,meld_Joey,neutral,neutral,-1,1,1,1,data\raw\MELD\MELD-RAW\MELD.Raw\train\train_splits\dia952_utt6.mp4,data\preprocessed\features\z_at\train_dia952_utt6.pt,data\preprocessed\features\z_v\train_dia952_utt6.pt
train_dia953_utt11,meld_real,0,meld_Phoebe,sadness,sadness,-1,1,1,1,data\raw\MELD\MELD-RAW\MELD.Raw\train\train_splits\dia953_utt11.mp4,data\preprocessed\features\z_at\train_dia953_utt11.pt,data\preprocessed\features\z_v\train_dia953_utt11.pt
train_dia953_utt20,meld_real,0,meld_Phoebe,sadness,sadness,-1,1,1,1,data\raw\MELD\MELD-RAW\MELD.Raw\train\train_splits\dia953_utt20.mp4,data\preprocessed\features\z_at\train_dia953_utt20.pt,data\preprocessed\features\z_v\train_dia953_utt20.pt
train_dia953_utt21,meld_real,0,meld_Mike,neutral,neutral,-1,1,1,1,data\raw\MELD\MELD-RAW\MELD.Raw\train\train_splits\dia953_utt21.mp4,data\preprocessed\features\z_at\train_dia953_utt21.pt,data\preprocessed\features\z_v\train_dia953_utt21.pt
train_dia953_utt6,meld_real,0,meld_Phoebe,anger,anger,-1,1,1,1,data\raw\MELD\MELD-RAW\MELD.Raw\train\train_splits\dia953_utt6.mp4,data\preprocessed\features\z_at\train_dia953_utt6.pt,data\preprocessed\features\z_v\train_dia953_utt6.pt
train_dia955_utt1,meld_real,0,meld_Rachel,anger,anger,-1,1,1,1,data\raw\MELD\MELD-RAW\MELD.Raw\train\train_splits\dia955_utt1.mp4,data\preprocessed\features\z_at\train_dia955_utt1.pt,data\preprocessed\features\z_v\train_dia955_utt1.pt
train_dia955_utt2,meld_real,0,meld_Rachel,anger,anger,-1,1,1,1,data\raw\MELD\MELD-RAW\MELD.Raw\train\train_splits\dia955_utt2.mp4,data\preprocessed\features\z_at\train_dia955_utt2.pt,data\preprocessed\features\z_v\train_dia955_utt2.pt
train_dia955_utt4,meld_real,0,meld_Rachel,neutral,neutral,-1,1,1,1,data\raw\MELD\MELD-RAW\MELD.Raw\train\train_splits\dia955_utt4.mp4,data\preprocessed\features\z_at\train_dia955_utt4.pt,data\preprocessed\features\z_v\train_dia955_utt4.pt
train_dia956_utt1,meld_real,0,meld_Rachel,neutral,neutral,-1,1,1,1,data\raw\MELD\MELD-RAW\MELD.Raw\train\train_splits\dia956_utt1.mp4,data\preprocessed\features\z_at\train_dia956_utt1.pt,data\preprocessed\features\z_v\train_dia956_utt1.pt
train_dia956_utt14,meld_real,0,meld_Krista,neutral,neutral,-1,1,1,1,data\raw\MELD\MELD-RAW\MELD.Raw\train\train_splits\dia956_utt14.mp4,data\preprocessed\features\z_at\train_dia956_utt14.pt,data\preprocessed\features\z_v\train_dia956_utt14.pt
train_dia956_utt3,meld_real,0,meld_Rachel,neutral,neutral,-1,1,1,1,data\raw\MELD\MELD-RAW\MELD.Raw\train\train_splits\dia956_utt3.mp4,data\preprocessed\features\z_at\train_dia956_utt3.pt,data\preprocessed\features\z_v\train_dia956_utt3.pt
train_dia956_utt6,meld_real,0,meld_Rachel,neutral,neutral,-1,1,1,1,data\raw\MELD\MELD-RAW\MELD.Raw\train\train_splits\dia956_utt6.mp4,data\preprocessed\features\z_at\train_dia956_utt6.pt,data\preprocessed\features\z_v\train_dia956_utt6.pt
train_dia959_utt6,meld_real,0,meld_Rachel,neutral,neutral,-1,1,1,1,data\raw\MELD\MELD-RAW\MELD.Raw\train\train_splits\dia959_utt6.mp4,data\preprocessed\features\z_at\train_dia959_utt6.pt,data\preprocessed\features\z_v\train_dia959_utt6.pt
train_dia959_utt9,meld_real,0,meld_Ross,joy,joy,-1,1,1,1,data\raw\MELD\MELD-RAW\MELD.Raw\train\train_splits\dia959_utt9.mp4,data\preprocessed\features\z_at\train_dia959_utt9.pt,data\preprocessed\features\z_v\train_dia959_utt9.pt
train_dia95_utt0,meld_real,0,meld_Rachel,joy,joy,-1,1,1,1,data\raw\MELD\MELD-RAW\MELD.Raw\train\train_splits\dia95_utt0.mp4,data\preprocessed\features\z_at\train_dia95_utt0.pt,data\preprocessed\features\z_v\train_dia95_utt0.pt
train_dia95_utt15,meld_real,0,meld_Joey,neutral,neutral,-1,1,1,1,data\raw\MELD\MELD-RAW\MELD.Raw\train\train_splits\dia95_utt15.mp4,data\preprocessed\features\z_at\train_dia95_utt15.pt,data\preprocessed\features\z_v\train_dia95_utt15.pt
