clip_id,source_pipeline,fake_label,speaker_id,audio_emotion,visual_emotion,sarcasm_label,has_z_at,has_z_v,is_ready_for_training,video_path,z_at_path,z_v_path
test_dia171_utt7,meld_real,0,meld_Joey,joy,joy,-1,1,1,1,data\raw\MELD\MELD-RAW\MELD.Raw\test\output_repeated_splits_test\dia171_utt7.mp4,data\preprocessed\features\z_at\test_dia171_utt7.pt,data\preprocessed\features\z_v\test_dia171_utt7.pt
test_dia171_utt8,meld_real,0,meld_Director,joy,joy,-1,1,1,1,data\raw\MELD\MELD-RAW\MELD.Raw\test\output_repeated_splits_test\dia171_utt8.mp4,data\preprocessed\features\z_at\test_dia171_utt8.pt,data\preprocessed\features\z_v\test_dia171_utt8.pt
test_dia172_utt1,meld_real,0,meld_Elizabeth,neutral,neutral,-1,1,1,1,data\raw\MELD\MELD-RAW\MELD.Raw\test\output_repeated_splits_test\dia172_utt1.mp4,data\preprocessed\features\z_at\test_dia172_utt1.pt,data\preprocessed\features\z_v\test_dia172_utt1.pt
test_dia173_utt14,meld_real,0,meld_Monica,sadness,sadness,-1,1,1,1,data\raw\MELD\MELD-RAW\MELD.Raw\test\output_repeated_splits_test\dia173_utt14.mp4,data\preprocessed\features\z_at\test_dia173_utt14.pt,data\preprocessed\features\z_v\test_dia173_utt14.pt
test_dia173_utt18,meld_real,0,meld_Chandler,neutral,neutral,-1,1,1,1,data\raw\MELD\MELD-RAW\MELD.Raw\test\output_repeated_splits_test\dia173_utt18.mp4,data\preprocessed\features\z_at\test_dia173_utt18.pt,data\preprocessed\features\z_v\test_dia173_utt18.pt
test_dia173_utt7,meld_real,0,meld_Monica,sadness,sadness,-1,1,1,1,data\raw\MELD\MELD-RAW\MELD.Raw\test\output_repeated_splits_test\dia173_utt7.mp4,data\preprocessed\features\z_at\test_dia173_utt7.pt,data\preprocessed\features\z_v\test_dia173_utt7.pt
test_dia173_utt9,meld_real,0,meld_Monica,neutral,neutral,-1,1,1,1,data\raw\MELD\MELD-RAW\MELD.Raw\test\output_repeated_splits_test\dia173_utt9.mp4,data\preprocessed\features\z_at\test_dia173_utt9.pt,data\preprocessed\features\z_v\test_dia173_utt9.pt
test_dia174_utt0,meld_real,0,meld_Rachel,neutral,neutral,-1,1,1,1,data\raw\MELD\MELD-RAW\MELD.Raw\test\output_repeated_splits_test\dia174_utt0.mp4,data\preprocessed\features\z_at\test_dia174_utt0.pt,data\preprocessed\features\z_v\test_dia174_utt0.pt
test_dia174_utt10,meld_real,0,meld_Mark,neutral,neutral,-1,1,1,1,data\raw\MELD\MELD-RAW\MELD.Raw\test\output_repeated_splits_test\dia174_utt10.mp4,data\preprocessed\features\z_at\test_dia174_utt10.pt,data\preprocessed\features\z_v\test_dia174_utt10.pt
test_dia174_utt14,meld_real,0,meld_Chloe,neutral,neutral,-1,1,1,1,data\raw\MELD\MELD-RAW\MELD.Raw\test\output_repeated_splits_test\dia174_utt14.mp4,data\preprocessed\features\z_at\test_dia174_utt14.pt,data\preprocessed\features\z_v\test_dia174_utt14.pt
test_dia174_utt15,meld_real,0,meld_Ross,sadness,sadness,-1,1,1,1,data\raw\MELD\MELD-RAW\MELD.Raw\test\output_repeated_splits_test\dia174_utt15.mp4,data\preprocessed\features\z_at\test_dia174_utt15.pt,data\preprocessed\features\z_v\test_dia174_utt15.pt
test_dia174_utt16,meld_real,0,meld_Chloe,neutral,neutral,-1,1,1,1,data\raw\MELD\MELD-RAW\MELD.Raw\test\output_repeated_splits_test\dia174_utt16.mp4,data\preprocessed\features\z_at\test_dia174_utt16.pt,data\preprocessed\features\z_v\test_dia174_utt16.pt
test_dia174_utt17,meld_real,0,meld_Ross,sadness,sadness,-1,1,1,1,data\raw\MELD\MELD-RAW\MELD.Raw\test\output_repeated_splits_test\dia174_utt17.mp4,data\preprocessed\features\z_at\test_dia174_utt17.pt,data\preprocessed\features\z_v\test_dia174_utt17.pt
test_dia174_utt2,meld_real,0,meld_Rachel,neutral,neutral,-1,1,1,1,data\raw\MELD\MELD-RAW\MELD.Raw\test\output_repeated_splits_test\dia174_utt2.mp4,data\preprocessed\features\z_at\test_dia174_utt2.pt,data\preprocessed\features\z_v\test_dia174_utt2.pt
test_dia174_utt6,meld_real,0,meld_Ross,sadness,sadness,-1,1,1,1,data\raw\MELD\MELD-RAW\MELD.Raw\test\output_repeated_splits_test\dia174_utt6.mp4,data\preprocessed\features\z_at\test_dia174_utt6.pt,data\preprocessed\features\z_v\test_dia174_utt6.pt
test_dia175_utt14,meld_real,0,meld_Rachel,anger,anger,-1,1,1,1,data\raw\MELD\MELD-RAW\MELD.Raw\test\output_repeated_splits_test\dia175_utt14.mp4,data\preprocessed\features\z_at\test_dia175_utt14.pt,data\preprocessed\features\z_v\test_dia175_utt14.pt
test_dia175_utt16,meld_real,0,meld_Rachel,anger,anger,-1,1,1,1,data\raw\MELD\MELD-RAW\MELD.Raw\test\output_repeated_splits_test\dia175_utt16.mp4,data\preprocessed\features\z_at\test_dia175_utt16.pt,data\preprocessed\features\z_v\test_dia175_utt16.pt
test_dia175_utt17,meld_real,0,meld_Tag,anger,anger,-1,1,1,1,data\raw\MELD\MELD-RAW\MELD.Raw\test\output_repeated_splits_test\dia175_utt17.mp4,data\preprocessed\features\z_at\test_dia175_utt17.pt,data\preprocessed\features\z_v\test_dia175_utt17.pt
test_dia175_utt2,meld_real,0,meld_Rachel,neutral,neutral,-1,1,1,1,data\raw\MELD\MELD-RAW\MELD.Raw\test\output_repeated_splits_test\dia175_utt2.mp4,data\preprocessed\features\z_at\test_dia175_utt2.pt,data\preprocessed\features\z_v\test_dia175_utt2.pt
test_dia175_utt20,meld_real,0,meld_Rachel,anger,anger,-1,1,1,1,data\raw\MELD\MELD-RAW\MELD.Raw\test\output_repeated_splits_test\dia175_utt20.mp4,data\preprocessed\features\z_at\test_dia175_utt20.pt,data\preprocessed\features\z_v\test_dia175_utt20.pt
test_dia175_utt4,meld_real,0,meld_Rachel,fear,fear,-1,1,1,1,data\raw\MELD\MELD-RAW\MELD.Raw\test\output_repeated_splits_test\dia175_utt4.mp4,data\preprocessed\features\z_at\test_dia175_utt4.pt,data\preprocessed\features\z_v\test_dia175_utt4.pt
test_dia175_utt6,meld_real,0,meld_Rachel,joy,joy,-1,1,1,1,data\raw\MELD\MELD-RAW\MELD.Raw\test\output_repeated_splits_test\dia175_utt6.mp4,data\preprocessed\features\z_at\test_dia175_utt6.pt,data\preprocessed\features\z_v\test_dia175_utt6.pt
test_dia175_utt8,meld_real,0,meld_Rachel,disgust,disgust,-1,1,1,1,data\raw\MELD\MELD-RAW\MELD.Raw\test\output_repeated_splits_test\dia175_utt8.mp4,data\preprocessed\features\z_at\test_dia175_utt8.pt,data\preprocessed\features\z_v\test_dia175_utt8.pt
test_dia176_utt0,meld_real,0,meld_Joey,neutral,neutral,-1,1,1,1,data\raw\MELD\MELD-RAW\MELD.Raw\test\output_repeated_splits_test\dia176_utt0.mp4,data\preprocessed\features\z_at\test_dia176_utt0.pt,data\preprocessed\features\z_v\test_dia176_utt0.pt
test_dia178_utt1,meld_real,0,meld_Phoebe,neutral,neutral,-1,1,1,1,data\raw\MELD\MELD-RAW\MELD.Raw\test\output_repeated_splits_test\dia178_utt1.mp4,data\preprocessed\features\z_at\test_dia178_utt1.pt,data\preprocessed\features\z_v\test_dia178_utt1.pt
test_dia178_utt7,meld_real,0,meld_Phoebe,neutral,neutral,-1,1,1,1,data\raw\MELD\MELD-RAW\MELD.Raw\test\output_repeated_splits_test\dia178_utt7.mp4,data\preprocessed\features\z_at\test_dia178_utt7.pt,data\preprocessed\features\z_v\test_dia178_utt7.pt
test_dia178_utt8,meld_real,0,meld_Chandler,neutral,neutral,-1,1,1,1,data\raw\MELD\MELD-RAW\MELD.Raw\test\output_repeated_splits_test\dia178_utt8.mp4,data\preprocessed\features\z_at\test_dia178_utt8.pt,data\preprocessed\features\z_v\test_dia178_utt8.pt
test_dia179_utt0,meld_real,0,meld_Chandler,anger,anger,-1,1,1,1,data\raw\MELD\MELD-RAW\MELD.Raw\test\output_repeated_splits_test\dia179_utt0.mp4,data\preprocessed\features\z_at\test_dia179_utt0.pt,data\preprocessed\features\z_v\test_dia179_utt0.pt
test_dia17_utt0,meld_real,0,meld_Ross,neutral,neutral,-1,1,1,1,data\raw\MELD\MELD-RAW\MELD.Raw\test\output_repeated_splits_test\dia17_utt0.mp4,data\preprocessed\features\z_at\test_dia17_utt0.pt,data\preprocessed\features\z_v\test_dia17_utt0.pt
test_dia17_utt1,meld_real,0,meld_Monica,neutral,neutral,-1,1,1,1,data\raw\MELD\MELD-RAW\MELD.Raw\test\output_repeated_splits_test\dia17_utt1.mp4,data\preprocessed\features\z_at\test_dia17_utt1.pt,data\preprocessed\features\z_v\test_dia17_utt1.pt
test_dia17_utt10,meld_real,0,meld_Monica,anger,anger,-1,1,1,1,data\raw\MELD\MELD-RAW\MELD.Raw\test\output_repeated_splits_test\dia17_utt10.mp4,data\preprocessed\features\z_at\test_dia17_utt10.pt,data\preprocessed\features\z_v\test_dia17_utt10.pt
test_dia17_utt14,meld_real,0,meld_Ross,disgust,disgust,-1,1,1,1,data\raw\MELD\MELD-RAW\MELD.Raw\test\output_repeated_splits_test\dia17_utt14.mp4,data\preprocessed\features\z_at\test_dia17_utt14.pt,data\preprocessed\features\z_v\test_dia17_utt14.pt
test_dia17_utt17,meld_real,0,meld_Phoebe,fear,fear,-1,1,1,1,data\raw\MELD\MELD-RAW\MELD.Raw\test\output_repeated_splits_test\dia17_utt17.mp4,data\preprocessed\features\z_at\test_dia17_utt17.pt,data\preprocessed\features\z_v\test_dia17_utt17.pt
test_dia17_utt18,meld_real,0,meld_Phoebe,neutral,neutral,-1,1,1,1,data\raw\MELD\MELD-RAW\MELD.Raw\test\output_repeated_splits_test\dia17_utt18.mp4,data\preprocessed\features\z_at\test_dia17_utt18.pt,data\preprocessed\features\z_v\test_dia17_utt18.pt
test_dia17_utt22,meld_real,0,meld_Rachel,neutral,neutral,-1,1,1,1,data\raw\MELD\MELD-RAW\MELD.Raw\test\output_repeated_splits_test\dia17_utt22.mp4,data\preprocessed\features\z_at\test_dia17_utt22.pt,data\preprocessed\features\z_v\test_dia17_utt22.pt
test_dia17_utt23,meld_real,0,meld_Rachel,neutral,neutral,-1,1,1,1,data\raw\MELD\MELD-RAW\MELD.Raw\test\output_repeated_splits_test\dia17_utt23.mp4,data\preprocessed\features\z_at\test_dia17_utt23.pt,data\preprocessed\features\z_v\test_dia17_utt23.pt
test_dia17_utt26,meld_real,0,meld_Ross,anger,anger,-1,1,1,1,data\raw\MELD\MELD-RAW\MELD.Raw\test\output_repeated_splits_test\dia17_utt26.mp4,data\preprocessed\features\z_at\test_dia17_utt26.pt,data\preprocessed\features\z_v\test_dia17_utt26.pt
test_dia17_utt27,meld_real,0,meld_Ross,anger,anger,-1,1,1,1,data\raw\MELD\MELD-RAW\MELD.Raw\test\output_repeated_splits_test\dia17_utt27.mp4,data\preprocessed\features\z_at\test_dia17_utt27.pt,data\preprocessed\features\z_v\test_dia17_utt27.pt
test_dia17_utt28,meld_real,0,meld_Rachel,sadness,sadness,-1,1,1,1,data\raw\MELD\MELD-RAW\MELD.Raw\test\output_repeated_splits_test\dia17_utt28.mp4,data\preprocessed\features\z_at\test_dia17_utt28.pt,data\preprocessed\features\z_v\test_dia17_utt28.pt
test_dia17_utt31,meld_real,0,meld_Rachel,anger,anger,-1,1,1,1,data\raw\MELD\MELD-RAW\MELD.Raw\test\output_repeated_splits_test\dia17_utt31.mp4,data\preprocessed\features\z_at\test_dia17_utt31.pt,data\preprocessed\features\z_v\test_dia17_utt31.pt
test_dia17_utt7,meld_real,0,meld_Janice,anger,anger,-1,1,1,1,data\raw\MELD\MELD-RAW\MELD.Raw\test\output_repeated_splits_test\dia17_utt7.mp4,data\preprocessed\features\z_at\test_dia17_utt7.pt,data\preprocessed\features\z_v\test_dia17_utt7.pt
test_dia180_utt0,meld_real,0,meld_Chandler,neutral,neutral,-1,1,1,1,data\raw\MELD\MELD-RAW\MELD.Raw\test\output_repeated_splits_test\dia180_utt0.mp4,data\preprocessed\features\z_at\test_dia180_utt0.pt,data\preprocessed\features\z_v\test_dia180_utt0.pt
test_dia180_utt8,meld_real,0,meld_Chandler,anger,anger,-1,1,1,1,data\raw\MELD\MELD-RAW\MELD.Raw\test\output_repeated_splits_test\dia180_utt8.mp4,data\preprocessed\features\z_at\test_dia180_utt8.pt,data\preprocessed\features\z_v\test_dia180_utt8.pt
test_dia180_utt9,meld_real,0,meld_Chandler,disgust,disgust,-1,1,1,1,data\raw\MELD\MELD-RAW\MELD.Raw\test\output_repeated_splits_test\dia180_utt9.mp4,data\preprocessed\features\z_at\test_dia180_utt9.pt,data\preprocessed\features\z_v\test_dia180_utt9.pt
test_dia181_utt4,meld_real,0,meld_Phoebe,neutral,neutral,-1,1,1,1,data\raw\MELD\MELD-RAW\MELD.Raw\test\output_repeated_splits_test\dia181_utt4.mp4,data\preprocessed\features\z_at\test_dia181_utt4.pt,data\preprocessed\features\z_v\test_dia181_utt4.pt
test_dia182_utt1,meld_real,0,meld_Phoebe,anger,anger,-1,1,1,1,data\raw\MELD\MELD-RAW\MELD.Raw\test\output_repeated_splits_test\dia182_utt1.mp4,data\preprocessed\features\z_at\test_dia182_utt1.pt,data\preprocessed\features\z_v\test_dia182_utt1.pt
test_dia183_utt1,meld_real,0,meld_Joey,neutral,neutral,-1,1,1,1,data\raw\MELD\MELD-RAW\MELD.Raw\test\output_repeated_splits_test\dia183_utt1.mp4,data\preprocessed\features\z_at\test_dia183_utt1.pt,data\preprocessed\features\z_v\test_dia183_utt1.pt
test_dia183_utt6,meld_real,0,meld_Joey,neutral,neutral,-1,1,1,1,data\raw\MELD\MELD-RAW\MELD.Raw\test\output_repeated_splits_test\dia183_utt6.mp4,data\preprocessed\features\z_at\test_dia183_utt6.pt,data\preprocessed\features\z_v\test_dia183_utt6.pt
test_dia184_utt1,meld_real,0,meld_Monica,neutral,neutral,-1,1,1,1,data\raw\MELD\MELD-RAW\MELD.Raw\test\output_repeated_splits_test\dia184_utt1.mp4,data\preprocessed\features\z_at\test_dia184_utt1.pt,data\preprocessed\features\z_v\test_dia184_utt1.pt
test_dia184_utt10,meld_real,0,meld_Phoebe,neutral,neutral,-1,1,1,1,data\raw\MELD\MELD-RAW\MELD.Raw\test\output_repeated_splits_test\dia184_utt10.mp4,data\preprocessed\features\z_at\test_dia184_utt10.pt,data\preprocessed\features\z_v\test_dia184_utt10.pt
test_dia184_utt4,meld_real,0,meld_Phoebe,anger,anger,-1,1,1,1,data\raw\MELD\MELD-RAW\MELD.Raw\test\output_repeated_splits_test\dia184_utt4.mp4,data\preprocessed\features\z_at\test_dia184_utt4.pt,data\preprocessed\features\z_v\test_dia184_utt4.pt
test_dia185_utt0,meld_real,0,meld_Ross,neutral,neutral,-1,1,1,1,data\raw\MELD\MELD-RAW\MELD.Raw\test\output_repeated_splits_test\dia185_utt0.mp4,data\preprocessed\features\z_at\test_dia185_utt0.pt,data\preprocessed\features\z_v\test_dia185_utt0.pt
test_dia185_utt2,meld_real,0,meld_Ross,neutral,neutral,-1,1,1,1,data\raw\MELD\MELD-RAW\MELD.Raw\test\output_repeated_splits_test\dia185_utt2.mp4,data\preprocessed\features\z_at\test_dia185_utt2.pt,data\preprocessed\features\z_v\test_dia185_utt2.pt
test_dia185_utt3,meld_real,0,meld_Joey,joy,joy,-1,1,1,1,data\raw\MELD\MELD-RAW\MELD.Raw\test\output_repeated_splits_test\dia185_utt3.mp4,data\preprocessed\features\z_at\test_dia185_utt3.pt,data\preprocessed\features\z_v\test_dia185_utt3.pt
test_dia185_utt5,meld_real,0,meld_Joey,neutral,neutral,-1,1,1,1,data\raw\MELD\MELD-RAW\MELD.Raw\test\output_repeated_splits_test\dia185_utt5.mp4,data\preprocessed\features\z_at\test_dia185_utt5.pt,data\preprocessed\features\z_v\test_dia185_utt5.pt
test_dia186_utt0,meld_real,0,meld_Chandler,disgust,disgust,-1,1,1,1,data\raw\MELD\MELD-RAW\MELD.Raw\test\output_repeated_splits_test\dia186_utt0.mp4,data\preprocessed\features\z_at\test_dia186_utt0.pt,data\preprocessed\features\z_v\test_dia186_utt0.pt
test_dia186_utt1,meld_real,0,meld_Ross,neutral,neutral,-1,1,1,1,data\raw\MELD\MELD-RAW\MELD.Raw\test\output_repeated_splits_test\dia186_utt1.mp4,data\preprocessed\features\z_at\test_dia186_utt1.pt,data\preprocessed\features\z_v\test_dia186_utt1.pt
test_dia186_utt2,meld_real,0,meld_Chandler,neutral,neutral,-1,1,1,1,data\raw\MELD\MELD-RAW\MELD.Raw\test\output_repeated_splits_test\dia186_utt2.mp4,data\preprocessed\features\z_at\test_dia186_utt2.pt,data\preprocessed\features\z_v\test_dia186_utt2.pt
test_dia187_utt0,meld_real,0,meld_Kim,neutral,neutral,-1,1,1,1,data\raw\MELD\MELD-RAW\MELD.Raw\test\output_repeated_splits_test\dia187_utt0.mp4,data\preprocessed\features\z_at\test_dia187_utt0.pt,data\preprocessed\features\z_v\test_dia187_utt0.pt
test_dia187_utt5,meld_real,0,meld_Kim,neutral,neutral,-1,1,1,1,data\raw\MELD\MELD-RAW\MELD.Raw\test\output_repeated_splits_test\dia187_utt5.mp4,data\preprocessed\features\z_at\test_dia187_utt5.pt,data\preprocessed\features\z_v\test_dia187_utt5.pt
test_dia187_utt8,meld_real,0,meld_Rachel,neutral,neutral,-1,1,1,1,data\raw\MELD\MELD-RAW\MELD.Raw\test\output_repeated_splits_test\dia187_utt8.mp4,data\preprocessed\features\z_at\test_dia187_utt8.pt,data\preprocessed\features\z_v\test_dia187_utt8.pt
test_dia188_utt3,meld_real,0,meld_Ross,neutral,neutral,-1,1,1,1,data\raw\MELD\MELD-RAW\MELD.Raw\test\output_repeated_splits_test\dia188_utt3.mp4,data\preprocessed\features\z_at\test_dia188_utt3.pt,data\preprocessed\features\z_v\test_dia188_utt3.pt
test_dia188_utt7,meld_real,0,meld_Ross,neutral,neutral,-1,1,1,1,data\raw\MELD\MELD-RAW\MELD.Raw\test\output_repeated_splits_test\dia188_utt7.mp4,data\preprocessed\features\z_at\test_dia188_utt7.pt,data\preprocessed\features\z_v\test_dia188_utt7.pt
test_dia188_utt8,meld_real,0,meld_Joey,joy,joy,-1,1,1,1,data\raw\MELD\MELD-RAW\MELD.Raw\test\output_repeated_splits_test\dia188_utt8.mp4,data\preprocessed\features\z_at\test_dia188_utt8.pt,data\preprocessed\features\z_v\test_dia188_utt8.pt
test_dia189_utt2,meld_real,0,meld_Joey,joy,joy,-1,1,1,1,data\raw\MELD\MELD-RAW\MELD.Raw\test\output_repeated_splits_test\dia189_utt2.mp4,data\preprocessed\features\z_at\test_dia189_utt2.pt,data\preprocessed\features\z_v\test_dia189_utt2.pt
test_dia189_utt9,meld_real,0,meld_Joey,neutral,neutral,-1,1,1,1,data\raw\MELD\MELD-RAW\MELD.Raw\test\output_repeated_splits_test\dia189_utt9.mp4,data\preprocessed\features\z_at\test_dia189_utt9.pt,data\preprocessed\features\z_v\test_dia189_utt9.pt
test_dia18_utt2,meld_real,0,meld_Rachel,neutral,neutral,-1,1,1,1,data\raw\MELD\MELD-RAW\MELD.Raw\test\output_repeated_splits_test\dia18_utt2.mp4,data\preprocessed\features\z_at\test_dia18_utt2.pt,data\preprocessed\features\z_v\test_dia18_utt2.pt
test_dia191_utt2,meld_real,0,meld_Chandler,sadness,sadness,-1,1,1,1,data\raw\MELD\MELD-RAW\MELD.Raw\test\output_repeated_splits_test\dia191_utt2.mp4,data\preprocessed\features\z_at\test_dia191_utt2.pt,data\preprocessed\features\z_v\test_dia191_utt2.pt
test_dia191_utt7,meld_real,0,meld_Gunther,neutral,neutral,-1,1,1,1,data\raw\MELD\MELD-RAW\MELD.Raw\test\output_repeated_splits_test\dia191_utt7.mp4,data\preprocessed\features\z_at\test_dia191_utt7.pt,data\preprocessed\features\z_v\test_dia191_utt7.pt
test_dia192_utt0,meld_real,0,meld_Chandler,anger,anger,-1,1,1,1,data\raw\MELD\MELD-RAW\MELD.Raw\test\output_repeated_splits_test\dia192_utt0.mp4,data\preprocessed\features\z_at\test_dia192_utt0.pt,data\preprocessed\features\z_v\test_dia192_utt0.pt
test_dia192_utt11,meld_real,0,meld_Phoebe,neutral,neutral,-1,1,1,1,data\raw\MELD\MELD-RAW\MELD.Raw\test\output_repeated_splits_test\dia192_utt11.mp4,data\preprocessed\features\z_at\test_dia192_utt11.pt,data\preprocessed\features\z_v\test_dia192_utt11.pt
test_dia192_utt8,meld_real,0,meld_Phoebe,joy,joy,-1,1,1,1,data\raw\MELD\MELD-RAW\MELD.Raw\test\output_repeated_splits_test\dia192_utt8.mp4,data\preprocessed\features\z_at\test_dia192_utt8.pt,data\preprocessed\features\z_v\test_dia192_utt8.pt
test_dia193_utt2,meld_real,0,meld_Ross,neutral,neutral,-1,1,1,1,data\raw\MELD\MELD-RAW\MELD.Raw\test\output_repeated_splits_test\dia193_utt2.mp4,data\preprocessed\features\z_at\test_dia193_utt2.pt,data\preprocessed\features\z_v\test_dia193_utt2.pt
test_dia193_utt3,meld_real,0,meld_Ross,neutral,neutral,-1,1,1,1,data\raw\MELD\MELD-RAW\MELD.Raw\test\output_repeated_splits_test\dia193_utt3.mp4,data\preprocessed\features\z_at\test_dia193_utt3.pt,data\preprocessed\features\z_v\test_dia193_utt3.pt
test_dia194_utt0,meld_real,0,meld_Rachel,anger,anger,-1,1,1,1,data\raw\MELD\MELD-RAW\MELD.Raw\test\output_repeated_splits_test\dia194_utt0.mp4,data\preprocessed\features\z_at\test_dia194_utt0.pt,data\preprocessed\features\z_v\test_dia194_utt0.pt
test_dia195_utt2,meld_real,0,meld_Chandler,sadness,sadness,-1,1,1,1,data\raw\MELD\MELD-RAW\MELD.Raw\test\output_repeated_splits_test\dia195_utt2.mp4,data\preprocessed\features\z_at\test_dia195_utt2.pt,data\preprocessed\features\z_v\test_dia195_utt2.pt
test_dia196_utt12,meld_real,0,meld_Ross,anger,anger,-1,1,1,1,data\raw\MELD\MELD-RAW\MELD.Raw\test\output_repeated_splits_test\dia196_utt12.mp4,data\preprocessed\features\z_at\test_dia196_utt12.pt,data\preprocessed\features\z_v\test_dia196_utt12.pt
test_dia196_utt17,meld_real,0,meld_Monica,neutral,neutral,-1,1,1,1,data\raw\MELD\MELD-RAW\MELD.Raw\test\output_repeated_splits_test\dia196_utt17.mp4,data\preprocessed\features\z_at\test_dia196_utt17.pt,data\preprocessed\features\z_v\test_dia196_utt17.pt
test_dia196_utt5,meld_real,0,meld_Ross,anger,anger,-1,1,1,1,data\raw\MELD\MELD-RAW\MELD.Raw\test\output_repeated_splits_test\dia196_utt5.mp4,data\preprocessed\features\z_at\test_dia196_utt5.pt,data\preprocessed\features\z_v\test_dia196_utt5.pt
test_dia196_utt7,meld_real,0,meld_Ross,anger,anger,-1,1,1,1,data\raw\MELD\MELD-RAW\MELD.Raw\test\output_repeated_splits_test\dia196_utt7.mp4,data\preprocessed\features\z_at\test_dia196_utt7.pt,data\preprocessed\features\z_v\test_dia196_utt7.pt
test_dia198_utt0,meld_real,0,meld_Phoebe,neutral,neutral,-1,1,1,1,data\raw\MELD\MELD-RAW\MELD.Raw\test\output_repeated_splits_test\dia198_utt0.mp4,data\preprocessed\features\z_at\test_dia198_utt0.pt,data\preprocessed\features\z_v\test_dia198_utt0.pt
test_dia198_utt2,meld_real,0,meld_Joey,anger,anger,-1,1,1,1,data\raw\MELD\MELD-RAW\MELD.Raw\test\output_repeated_splits_test\dia198_utt2.mp4,data\preprocessed\features\z_at\test_dia198_utt2.pt,data\preprocessed\features\z_v\test_dia198_utt2.pt
test_dia199_utt10,meld_real,0,meld_Rachel,sadness,sadness,-1,1,1,1,data\raw\MELD\MELD-RAW\MELD.Raw\test\output_repeated_splits_test\dia199_utt10.mp4,data\preprocessed\features\z_at\test_dia199_utt10.pt,data\preprocessed\features\z_v\test_dia199_utt10.pt
test_dia199_utt12,meld_real,0,meld_Rachel,sadness,sadness,-1,1,1,1,data\raw\MELD\MELD-RAW\MELD.Raw\test\output_repeated_splits_test\dia199_utt12.mp4,data\preprocessed\features\z_at\test_dia199_utt12.pt,data\preprocessed\features\z_v\test_dia199_utt12.pt
test_dia199_utt4,meld_real,0,meld_Rachel,sadness,sadness,-1,1,1,1,data\raw\MELD\MELD-RAW\MELD.Raw\test\output_repeated_splits_test\dia199_utt4.mp4,data\preprocessed\features\z_at\test_dia199_utt4.pt,data\preprocessed\features\z_v\test_dia199_utt4.pt
test_dia199_utt6,meld_real,0,meld_Rachel,sadness,sadness,-1,1,1,1,data\raw\MELD\MELD-RAW\MELD.Raw\test\output_repeated_splits_test\dia199_utt6.mp4,data\preprocessed\features\z_at\test_dia199_utt6.pt,data\preprocessed\features\z_v\test_dia199_utt6.pt
test_dia200_utt2,meld_real,0,meld_Joey,anger,anger,-1,1,1,1,data\raw\MELD\MELD-RAW\MELD.Raw\test\output_repeated_splits_test\dia200_utt2.mp4,data\preprocessed\features\z_at\test_dia200_utt2.pt,data\preprocessed\features\z_v\test_dia200_utt2.pt
test_dia201_utt10,meld_real,0,meld_Joey,neutral,neutral,-1,1,1,1,data\raw\MELD\MELD-RAW\MELD.Raw\test\output_repeated_splits_test\dia201_utt10.mp4,data\preprocessed\features\z_at\test_dia201_utt10.pt,data\preprocessed\features\z_v\test_dia201_utt10.pt
test_dia201_utt4,meld_real,0,meld_Joey,neutral,neutral,-1,1,1,1,data\raw\MELD\MELD-RAW\MELD.Raw\test\output_repeated_splits_test\dia201_utt4.mp4,data\preprocessed\features\z_at\test_dia201_utt4.pt,data\preprocessed\features\z_v\test_dia201_utt4.pt
test_dia201_utt7,meld_real,0,meld_Guy,neutral,neutral,-1,1,1,1,data\raw\MELD\MELD-RAW\MELD.Raw\test\output_repeated_splits_test\dia201_utt7.mp4,data\preprocessed\features\z_at\test_dia201_utt7.pt,data\preprocessed\features\z_v\test_dia201_utt7.pt
test_dia202_utt2,meld_real,0,meld_Joey,joy,joy,-1,1,1,1,data\raw\MELD\MELD-RAW\MELD.Raw\test\output_repeated_splits_test\dia202_utt2.mp4,data\preprocessed\features\z_at\test_dia202_utt2.pt,data\preprocessed\features\z_v\test_dia202_utt2.pt
test_dia202_utt3,meld_real,0,meld_Erin,joy,joy,-1,1,1,1,data\raw\MELD\MELD-RAW\MELD.Raw\test\output_repeated_splits_test\dia202_utt3.mp4,data\preprocessed\features\z_at\test_dia202_utt3.pt,data\preprocessed\features\z_v\test_dia202_utt3.pt
test_dia204_utt6,meld_real,0,meld_Monica,anger,anger,-1,1,1,1,data\raw\MELD\MELD-RAW\MELD.Raw\test\output_repeated_splits_test\dia204_utt6.mp4,data\preprocessed\features\z_at\test_dia204_utt6.pt,data\preprocessed\features\z_v\test_dia204_utt6.pt
test_dia204_utt7,meld_real,0,meld_Monica,anger,anger,-1,1,1,1,data\raw\MELD\MELD-RAW\MELD.Raw\test\output_repeated_splits_test\dia204_utt7.mp4,data\preprocessed\features\z_at\test_dia204_utt7.pt,data\preprocessed\features\z_v\test_dia204_utt7.pt
test_dia204_utt9,meld_real,0,meld_Monica,anger,anger,-1,1,1,1,data\raw\MELD\MELD-RAW\MELD.Raw\test\output_repeated_splits_test\dia204_utt9.mp4,data\preprocessed\features\z_at\test_dia204_utt9.pt,data\preprocessed\features\z_v\test_dia204_utt9.pt
test_dia205_utt1,meld_real,0,meld_Joey,anger,anger,-1,1,1,1,data\raw\MELD\MELD-RAW\MELD.Raw\test\output_repeated_splits_test\dia205_utt1.mp4,data\preprocessed\features\z_at\test_dia205_utt1.pt,data\preprocessed\features\z_v\test_dia205_utt1.pt
test_dia206_utt3,meld_real,0,meld_Rachel,neutral,neutral,-1,1,1,1,data\raw\MELD\MELD-RAW\MELD.Raw\test\output_repeated_splits_test\dia206_utt3.mp4,data\preprocessed\features\z_at\test_dia206_utt3.pt,data\preprocessed\features\z_v\test_dia206_utt3.pt
test_dia207_utt0,meld_real,0,meld_Rachel,sadness,sadness,-1,1,1,1,data\raw\MELD\MELD-RAW\MELD.Raw\test\output_repeated_splits_test\dia207_utt0.mp4,data\preprocessed\features\z_at\test_dia207_utt0.pt,data\preprocessed\features\z_v\test_dia207_utt0.pt
test_dia208_utt1,meld_real,0,meld_Joey,neutral,neutral,-1,1,1,1,data\raw\MELD\MELD-RAW\MELD.Raw\test\output_repeated_splits_test\dia208_utt1.mp4,data\preprocessed\features\z_at\test_dia208_utt1.pt,data\preprocessed\features\z_v\test_dia208_utt1.pt
test_dia208_utt10,meld_real,0,meld_Joey,neutral,neutral,-1,1,1,1,data\raw\MELD\MELD-RAW\MELD.Raw\test\output_repeated_splits_test\dia208_utt10.mp4,data\preprocessed\features\z_at\test_dia208_utt10.pt,data\preprocessed\features\z_v\test_dia208_utt10.pt
test_dia208_utt13,meld_real,0,meld_Rachel,sadness,sadness,-1,1,1,1,data\raw\MELD\MELD-RAW\MELD.Raw\test\output_repeated_splits_test\dia208_utt13.mp4,data\preprocessed\features\z_at\test_dia208_utt13.pt,data\preprocessed\features\z_v\test_dia208_utt13.pt
test_dia208_utt7,meld_real,0,meld_Rachel,sadness,sadness,-1,1,1,1,data\raw\MELD\MELD-RAW\MELD.Raw\test\output_repeated_splits_test\dia208_utt7.mp4,data\preprocessed\features\z_at\test_dia208_utt7.pt,data\preprocessed\features\z_v\test_dia208_utt7.pt
test_dia208_utt9,meld_real,0,meld_Rachel,sadness,sadness,-1,1,1,1,data\raw\MELD\MELD-RAW\MELD.Raw\test\output_repeated_splits_test\dia208_utt9.mp4,data\preprocessed\features\z_at\test_dia208_utt9.pt,data\preprocessed\features\z_v\test_dia208_utt9.pt
test_dia209_utt0,meld_real,0,meld_Chandler,neutral,neutral,-1,1,1,1,data\raw\MELD\MELD-RAW\MELD.Raw\test\output_repeated_splits_test\dia209_utt0.mp4,data\preprocessed\features\z_at\test_dia209_utt0.pt,data\preprocessed\features\z_v\test_dia209_utt0.pt
test_dia20_utt2,meld_real,0,meld_Rachel,neutral,neutral,-1,1,1,1,data\raw\MELD\MELD-RAW\MELD.Raw\test\output_repeated_splits_test\dia20_utt2.mp4,data\preprocessed\features\z_at\test_dia20_utt2.pt,data\preprocessed\features\z_v\test_dia20_utt2.pt
test_dia20_utt5,meld_real,0,meld_Joey,neutral,neutral,-1,1,1,1,data\raw\MELD\MELD-RAW\MELD.Raw\test\output_repeated_splits_test\dia20_utt5.mp4,data\preprocessed\features\z_at\test_dia20_utt5.pt,data\preprocessed\features\z_v\test_dia20_utt5.pt
test_dia210_utt0,meld_real,0,meld_Monica,anger,anger,-1,1,1,1,data\raw\MELD\MELD-RAW\MELD.Raw\test\output_repeated_splits_test\dia210_utt0.mp4,data\preprocessed\features\z_at\test_dia210_utt0.pt,data\preprocessed\features\z_v\test_dia210_utt0.pt
test_dia210_utt3,meld_real,0,meld_Chandler,neutral,neutral,-1,1,1,1,data\raw\MELD\MELD-RAW\MELD.Raw\test\output_repeated_splits_test\dia210_utt3.mp4,data\preprocessed\features\z_at\test_dia210_utt3.pt,data\preprocessed\features\z_v\test_dia210_utt3.pt
test_dia210_utt4,meld_real,0,meld_Monica,anger,anger,-1,1,1,1,data\raw\MELD\MELD-RAW\MELD.Raw\test\output_repeated_splits_test\dia210_utt4.mp4,data\preprocessed\features\z_at\test_dia210_utt4.pt,data\preprocessed\features\z_v\test_dia210_utt4.pt
test_dia210_utt9,meld_real,0,meld_Phoebe,neutral,neutral,-1,1,1,1,data\raw\MELD\MELD-RAW\MELD.Raw\test\output_repeated_splits_test\dia210_utt9.mp4,data\preprocessed\features\z_at\test_dia210_utt9.pt,data\preprocessed\features\z_v\test_dia210_utt9.pt
test_dia211_utt3,meld_real,0,meld_Phoebe,neutral,neutral,-1,1,1,1,data\raw\MELD\MELD-RAW\MELD.Raw\test\output_repeated_splits_test\dia211_utt3.mp4,data\preprocessed\features\z_at\test_dia211_utt3.pt,data\preprocessed\features\z_v\test_dia211_utt3.pt
test_dia211_utt4,meld_real,0,meld_Joey,anger,anger,-1,1,1,1,data\raw\MELD\MELD-RAW\MELD.Raw\test\output_repeated_splits_test\dia211_utt4.mp4,data\preprocessed\features\z_at\test_dia211_utt4.pt,data\preprocessed\features\z_v\test_dia211_utt4.pt
test_dia212_utt4,meld_real,0,meld_Janice,sadness,sadness,-1,1,1,1,data\raw\MELD\MELD-RAW\MELD.Raw\test\output_repeated_splits_test\dia212_utt4.mp4,data\preprocessed\features\z_at\test_dia212_utt4.pt,data\preprocessed\features\z_v\test_dia212_utt4.pt
test_dia212_utt6,meld_real,0,meld_Janice,sadness,sadness,-1,1,1,1,data\raw\MELD\MELD-RAW\MELD.Raw\test\output_repeated_splits_test\dia212_utt6.mp4,data\preprocessed\features\z_at\test_dia212_utt6.pt,data\preprocessed\features\z_v\test_dia212_utt6.pt
test_dia213_utt0,meld_real,0,meld_Chandler,anger,anger,-1,1,1,1,data\raw\MELD\MELD-RAW\MELD.Raw\test\output_repeated_splits_test\dia213_utt0.mp4,data\preprocessed\features\z_at\test_dia213_utt0.pt,data\preprocessed\features\z_v\test_dia213_utt0.pt
test_dia213_utt11,meld_real,0,meld_Chandler,neutral,neutral,-1,1,1,1,data\raw\MELD\MELD-RAW\MELD.Raw\test\output_repeated_splits_test\dia213_utt11.mp4,data\preprocessed\features\z_at\test_dia213_utt11.pt,data\preprocessed\features\z_v\test_dia213_utt11.pt
test_dia213_utt4,meld_real,0,meld_Chandler,neutral,neutral,-1,1,1,1,data\raw\MELD\MELD-RAW\MELD.Raw\test\output_repeated_splits_test\dia213_utt4.mp4,data\preprocessed\features\z_at\test_dia213_utt4.pt,data\preprocessed\features\z_v\test_dia213_utt4.pt
test_dia213_utt5,meld_real,0,meld_Monica,joy,joy,-1,1,1,1,data\raw\MELD\MELD-RAW\MELD.Raw\test\output_repeated_splits_test\dia213_utt5.mp4,data\preprocessed\features\z_at\test_dia213_utt5.pt,data\preprocessed\features\z_v\test_dia213_utt5.pt
test_dia214_utt5,meld_real,0,meld_Joey,joy,joy,-1,1,1,1,data\raw\MELD\MELD-RAW\MELD.Raw\test\output_repeated_splits_test\dia214_utt5.mp4,data\preprocessed\features\z_at\test_dia214_utt5.pt,data\preprocessed\features\z_v\test_dia214_utt5.pt
test_dia215_utt10,meld_real,0,meld_Phoebe,sadness,sadness,-1,1,1,1,data\raw\MELD\MELD-RAW\MELD.Raw\test\output_repeated_splits_test\dia215_utt10.mp4,data\preprocessed\features\z_at\test_dia215_utt10.pt,data\preprocessed\features\z_v\test_dia215_utt10.pt
test_dia217_utt10,meld_real,0,meld_Rachel,neutral,neutral,-1,1,1,1,data\raw\MELD\MELD-RAW\MELD.Raw\test\output_repeated_splits_test\dia217_utt10.mp4,data\preprocessed\features\z_at\test_dia217_utt10.pt,data\preprocessed\features\z_v\test_dia217_utt10.pt
test_dia217_utt2,meld_real,0,meld_Rachel,neutral,neutral,-1,1,1,1,data\raw\MELD\MELD-RAW\MELD.Raw\test\output_repeated_splits_test\dia217_utt2.mp4,data\preprocessed\features\z_at\test_dia217_utt2.pt,data\preprocessed\features\z_v\test_dia217_utt2.pt
test_dia217_utt6,meld_real,0,meld_Ross,fear,fear,-1,1,1,1,data\raw\MELD\MELD-RAW\MELD.Raw\test\output_repeated_splits_test\dia217_utt6.mp4,data\preprocessed\features\z_at\test_dia217_utt6.pt,data\preprocessed\features\z_v\test_dia217_utt6.pt
test_dia217_utt7,meld_real,0,meld_Ross,neutral,neutral,-1,1,1,1,data\raw\MELD\MELD-RAW\MELD.Raw\test\output_repeated_splits_test\dia217_utt7.mp4,data\preprocessed\features\z_at\test_dia217_utt7.pt,data\preprocessed\features\z_v\test_dia217_utt7.pt
test_dia217_utt8,meld_real,0,meld_Rachel,joy,joy,-1,1,1,1,data\raw\MELD\MELD-RAW\MELD.Raw\test\output_repeated_splits_test\dia217_utt8.mp4,data\preprocessed\features\z_at\test_dia217_utt8.pt,data\preprocessed\features\z_v\test_dia217_utt8.pt
test_dia21_utt0,meld_real,0,meld_Phoebe,neutral,neutral,-1,1,1,1,data\raw\MELD\MELD-RAW\MELD.Raw\test\output_repeated_splits_test\dia21_utt0.mp4,data\preprocessed\features\z_at\test_dia21_utt0.pt,data\preprocessed\features\z_v\test_dia21_utt0.pt
test_dia21_utt3,meld_real,0,meld_Phoebe,neutral,neutral,-1,1,1,1,data\raw\MELD\MELD-RAW\MELD.Raw\test\output_repeated_splits_test\dia21_utt3.mp4,data\preprocessed\features\z_at\test_dia21_utt3.pt,data\preprocessed\features\z_v\test_dia21_utt3.pt
test_dia21_utt4,meld_real,0,meld_Phoebe,sadness,sadness,-1,1,1,1,data\raw\MELD\MELD-RAW\MELD.Raw\test\output_repeated_splits_test\dia21_utt4.mp4,data\preprocessed\features\z_at\test_dia21_utt4.pt,data\preprocessed\features\z_v\test_dia21_utt4.pt
test_dia220_utt1,meld_real,0,meld_Joey,anger,anger,-1,1,1,1,data\raw\MELD\MELD-RAW\MELD.Raw\test\output_repeated_splits_test\dia220_utt1.mp4,data\preprocessed\features\z_at\test_dia220_utt1.pt,data\preprocessed\features\z_v\test_dia220_utt1.pt
test_dia222_utt0,meld_real,0,meld_Rachel,neutral,neutral,-1,1,1,1,data\raw\MELD\MELD-RAW\MELD.Raw\test\output_repeated_splits_test\dia222_utt0.mp4,data\preprocessed\features\z_at\test_dia222_utt0.pt,data\preprocessed\features\z_v\test_dia222_utt0.pt
test_dia222_utt1,meld_real,0,meld_Monica,neutral,neutral,-1,1,1,1,data\raw\MELD\MELD-RAW\MELD.Raw\test\output_repeated_splits_test\dia222_utt1.mp4,data\preprocessed\features\z_at\test_dia222_utt1.pt,data\preprocessed\features\z_v\test_dia222_utt1.pt
test_dia222_utt11,meld_real,0,meld_Monica,neutral,neutral,-1,1,1,1,data\raw\MELD\MELD-RAW\MELD.Raw\test\output_repeated_splits_test\dia222_utt11.mp4,data\preprocessed\features\z_at\test_dia222_utt11.pt,data\preprocessed\features\z_v\test_dia222_utt11.pt
test_dia222_utt12,meld_real,0,meld_Monica,anger,anger,-1,1,1,1,data\raw\MELD\MELD-RAW\MELD.Raw\test\output_repeated_splits_test\dia222_utt12.mp4,data\preprocessed\features\z_at\test_dia222_utt12.pt,data\preprocessed\features\z_v\test_dia222_utt12.pt
test_dia222_utt7,meld_real,0,meld_Rachel,joy,joy,-1,1,1,1,data\raw\MELD\MELD-RAW\MELD.Raw\test\output_repeated_splits_test\dia222_utt7.mp4,data\preprocessed\features\z_at\test_dia222_utt7.pt,data\preprocessed\features\z_v\test_dia222_utt7.pt
test_dia222_utt9,meld_real,0,meld_Monica,neutral,neutral,-1,1,1,1,data\raw\MELD\MELD-RAW\MELD.Raw\test\output_repeated_splits_test\dia222_utt9.mp4,data\preprocessed\features\z_at\test_dia222_utt9.pt,data\preprocessed\features\z_v\test_dia222_utt9.pt
test_dia223_utt0,meld_real,0,meld_Monica,sadness,sadness,-1,1,1,1,data\raw\MELD\MELD-RAW\MELD.Raw\test\output_repeated_splits_test\dia223_utt0.mp4,data\preprocessed\features\z_at\test_dia223_utt0.pt,data\preprocessed\features\z_v\test_dia223_utt0.pt
test_dia223_utt1,meld_real,0,meld_Chandler,fear,fear,-1,1,1,1,data\raw\MELD\MELD-RAW\MELD.Raw\test\output_repeated_splits_test\dia223_utt1.mp4,data\preprocessed\features\z_at\test_dia223_utt1.pt,data\preprocessed\features\z_v\test_dia223_utt1.pt
test_dia223_utt2,meld_real,0,meld_Chandler,neutral,neutral,-1,1,1,1,data\raw\MELD\MELD-RAW\MELD.Raw\test\output_repeated_splits_test\dia223_utt2.mp4,data\preprocessed\features\z_at\test_dia223_utt2.pt,data\preprocessed\features\z_v\test_dia223_utt2.pt
test_dia223_utt4,meld_real,0,meld_Phoebe,neutral,neutral,-1,1,1,1,data\raw\MELD\MELD-RAW\MELD.Raw\test\output_repeated_splits_test\dia223_utt4.mp4,data\preprocessed\features\z_at\test_dia223_utt4.pt,data\preprocessed\features\z_v\test_dia223_utt4.pt
test_dia223_utt6,meld_real,0,meld_Phoebe,neutral,neutral,-1,1,1,1,data\raw\MELD\MELD-RAW\MELD.Raw\test\output_repeated_splits_test\dia223_utt6.mp4,data\preprocessed\features\z_at\test_dia223_utt6.pt,data\preprocessed\features\z_v\test_dia223_utt6.pt
test_dia225_utt1,meld_real,0,meld_Phoebe,joy,joy,-1,1,1,1,data\raw\MELD\MELD-RAW\MELD.Raw\test\output_repeated_splits_test\dia225_utt1.mp4,data\preprocessed\features\z_at\test_dia225_utt1.pt,data\preprocessed\features\z_v\test_dia225_utt1.pt
test_dia225_utt2,meld_real,0,meld_Chandler,neutral,neutral,-1,1,1,1,data\raw\MELD\MELD-RAW\MELD.Raw\test\output_repeated_splits_test\dia225_utt2.mp4,data\preprocessed\features\z_at\test_dia225_utt2.pt,data\preprocessed\features\z_v\test_dia225_utt2.pt
test_dia225_utt5,meld_real,0,meld_Chandler,neutral,neutral,-1,1,1,1,data\raw\MELD\MELD-RAW\MELD.Raw\test\output_repeated_splits_test\dia225_utt5.mp4,data\preprocessed\features\z_at\test_dia225_utt5.pt,data\preprocessed\features\z_v\test_dia225_utt5.pt
test_dia226_utt5,meld_real,0,meld_Rachel,neutral,neutral,-1,1,1,1,data\raw\MELD\MELD-RAW\MELD.Raw\test\output_repeated_splits_test\dia226_utt5.mp4,data\preprocessed\features\z_at\test_dia226_utt5.pt,data\preprocessed\features\z_v\test_dia226_utt5.pt
test_dia228_utt3,meld_real,0,meld_Rachel,neutral,neutral,-1,1,1,1,data\raw\MELD\MELD-RAW\MELD.Raw\test\output_repeated_splits_test\dia228_utt3.mp4,data\preprocessed\features\z_at\test_dia228_utt3.pt,data\preprocessed\features\z_v\test_dia228_utt3.pt
test_dia228_utt8,meld_real,0,meld_Rachel,sadness,sadness,-1,1,1,1,data\raw\MELD\MELD-RAW\MELD.Raw\test\output_repeated_splits_test\dia228_utt8.mp4,data\preprocessed\features\z_at\test_dia228_utt8.pt,data\preprocessed\features\z_v\test_dia228_utt8.pt
test_dia229_utt0,meld_real,0,meld_Rachel,joy,joy,-1,1,1,1,data\raw\MELD\MELD-RAW\MELD.Raw\test\output_repeated_splits_test\dia229_utt0.mp4,data\preprocessed\features\z_at\test_dia229_utt0.pt,data\preprocessed\features\z_v\test_dia229_utt0.pt
test_dia229_utt2,meld_real,0,meld_Rachel,joy,joy,-1,1,1,1,data\raw\MELD\MELD-RAW\MELD.Raw\test\output_repeated_splits_test\dia229_utt2.mp4,data\preprocessed\features\z_at\test_dia229_utt2.pt,data\preprocessed\features\z_v\test_dia229_utt2.pt
test_dia229_utt3,meld_real,0,meld_Joey,neutral,neutral,-1,1,1,1,data\raw\MELD\MELD-RAW\MELD.Raw\test\output_repeated_splits_test\dia229_utt3.mp4,data\preprocessed\features\z_at\test_dia229_utt3.pt,data\preprocessed\features\z_v\test_dia229_utt3.pt
test_dia229_utt4,meld_real,0,meld_Rachel,neutral,neutral,-1,1,1,1,data\raw\MELD\MELD-RAW\MELD.Raw\test\output_repeated_splits_test\dia229_utt4.mp4,data\preprocessed\features\z_at\test_dia229_utt4.pt,data\preprocessed\features\z_v\test_dia229_utt4.pt
test_dia229_utt8,meld_real,0,meld_Joey,neutral,neutral,-1,1,1,1,data\raw\MELD\MELD-RAW\MELD.Raw\test\output_repeated_splits_test\dia229_utt8.mp4,data\preprocessed\features\z_at\test_dia229_utt8.pt,data\preprocessed\features\z_v\test_dia229_utt8.pt
test_dia22_utt0,meld_real,0,meld_Chandler,joy,joy,-1,1,1,1,data\raw\MELD\MELD-RAW\MELD.Raw\test\output_repeated_splits_test\dia22_utt0.mp4,data\preprocessed\features\z_at\test_dia22_utt0.pt,data\preprocessed\features\z_v\test_dia22_utt0.pt
test_dia22_utt13,meld_real,0,meld_Monica,joy,joy,-1,1,1,1,data\raw\MELD\MELD-RAW\MELD.Raw\test\output_repeated_splits_test\dia22_utt13.mp4,data\preprocessed\features\z_at\test_dia22_utt13.pt,data\preprocessed\features\z_v\test_dia22_utt13.pt
test_dia22_utt2,meld_real,0,meld_Chandler,neutral,neutral,-1,1,1,1,data\raw\MELD\MELD-RAW\MELD.Raw\test\output_repeated_splits_test\dia22_utt2.mp4,data\preprocessed\features\z_at\test_dia22_utt2.pt,data\preprocessed\features\z_v\test_dia22_utt2.pt
test_dia22_utt20,meld_real,0,meld_Monica,neutral,neutral,-1,1,1,1,data\raw\MELD\MELD-RAW\MELD.Raw\test\output_repeated_splits_test\dia22_utt20.mp4,data\preprocessed\features\z_at\test_dia22_utt20.pt,data\preprocessed\features\z_v\test_dia22_utt20.pt
test_dia230_utt0,meld_real,0,meld_Joey,neutral,neutral,-1,1,1,1,data\raw\MELD\MELD-RAW\MELD.Raw\test\output_repeated_splits_test\dia230_utt0.mp4,data\preprocessed\features\z_at\test_dia230_utt0.pt,data\preprocessed\features\z_v\test_dia230_utt0.pt
test_dia230_utt1,meld_real,0,meld_Monica,neutral,neutral,-1,1,1,1,data\raw\MELD\MELD-RAW\MELD.Raw\test\output_repeated_splits_test\dia230_utt1.mp4,data\preprocessed\features\z_at\test_dia230_utt1.pt,data\preprocessed\features\z_v\test_dia230_utt1.pt
test_dia231_utt10,meld_real,0,meld_Chandler,disgust,disgust,-1,1,1,1,data\raw\MELD\MELD-RAW\MELD.Raw\test\output_repeated_splits_test\dia231_utt10.mp4,data\preprocessed\features\z_at\test_dia231_utt10.pt,data\preprocessed\features\z_v\test_dia231_utt10.pt
test_dia231_utt2,meld_real,0,meld_Chandler,neutral,neutral,-1,1,1,1,data\raw\MELD\MELD-RAW\MELD.Raw\test\output_repeated_splits_test\dia231_utt2.mp4,data\preprocessed\features\z_at\test_dia231_utt2.pt,data\preprocessed\features\z_v\test_dia231_utt2.pt
test_dia232_utt0,meld_real,0,meld_Rachel,neutral,neutral,-1,1,1,1,data\raw\MELD\MELD-RAW\MELD.Raw\test\output_repeated_splits_test\dia232_utt0.mp4,data\preprocessed\features\z_at\test_dia232_utt0.pt,data\preprocessed\features\z_v\test_dia232_utt0.pt
test_dia232_utt1,meld_real,0,meld_Chandler,neutral,neutral,-1,1,1,1,data\raw\MELD\MELD-RAW\MELD.Raw\test\output_repeated_splits_test\dia232_utt1.mp4,data\preprocessed\features\z_at\test_dia232_utt1.pt,data\preprocessed\features\z_v\test_dia232_utt1.pt
test_dia232_utt5,meld_real,0,meld_Rachel,joy,joy,-1,1,1,1,data\raw\MELD\MELD-RAW\MELD.Raw\test\output_repeated_splits_test\dia232_utt5.mp4,data\preprocessed\features\z_at\test_dia232_utt5.pt,data\preprocessed\features\z_v\test_dia232_utt5.pt
test_dia232_utt6,meld_real,0,meld_Chandler,neutral,neutral,-1,1,1,1,data\raw\MELD\MELD-RAW\MELD.Raw\test\output_repeated_splits_test\dia232_utt6.mp4,data\preprocessed\features\z_at\test_dia232_utt6.pt,data\preprocessed\features\z_v\test_dia232_utt6.pt
test_dia233_utt0,meld_real,0,meld_Rachel,anger,anger,-1,1,1,1,data\raw\MELD\MELD-RAW\MELD.Raw\test\output_repeated_splits_test\dia233_utt0.mp4,data\preprocessed\features\z_at\test_dia233_utt0.pt,data\preprocessed\features\z_v\test_dia233_utt0.pt
test_dia233_utt11,meld_real,0,meld_Rachel,joy,joy,-1,1,1,1,data\raw\MELD\MELD-RAW\MELD.Raw\test\output_repeated_splits_test\dia233_utt11.mp4,data\preprocessed\features\z_at\test_dia233_utt11.pt,data\preprocessed\features\z_v\test_dia233_utt11.pt
test_dia233_utt3,meld_real,0,meld_Rachel,neutral,neutral,-1,1,1,1,data\raw\MELD\MELD-RAW\MELD.Raw\test\output_repeated_splits_test\dia233_utt3.mp4,data\preprocessed\features\z_at\test_dia233_utt3.pt,data\preprocessed\features\z_v\test_dia233_utt3.pt
test_dia234_utt11,meld_real,0,meld_Tommy,neutral,neutral,-1,1,1,1,data\raw\MELD\MELD-RAW\MELD.Raw\test\output_repeated_splits_test\dia234_utt11.mp4,data\preprocessed\features\z_at\test_dia234_utt11.pt,data\preprocessed\features\z_v\test_dia234_utt11.pt
test_dia234_utt6,meld_real,0,meld_Tommy,anger,anger,-1,1,1,1,data\raw\MELD\MELD-RAW\MELD.Raw\test\output_repeated_splits_test\dia234_utt6.mp4,data\preprocessed\features\z_at\test_dia234_utt6.pt,data\preprocessed\features\z_v\test_dia234_utt6.pt
test_dia234_utt9,meld_real,0,meld_Monica,neutral,neutral,-1,1,1,1,data\raw\MELD\MELD-RAW\MELD.Raw\test\output_repeated_splits_test\dia234_utt9.mp4,data\preprocessed\features\z_at\test_dia234_utt9.pt,data\preprocessed\features\z_v\test_dia234_utt9.pt
test_dia235_utt0,meld_real,0,meld_Monica,neutral,neutral,-1,1,1,1,data\raw\MELD\MELD-RAW\MELD.Raw\test\output_repeated_splits_test\dia235_utt0.mp4,data\preprocessed\features\z_at\test_dia235_utt0.pt,data\preprocessed\features\z_v\test_dia235_utt0.pt
test_dia237_utt11,meld_real,0,meld_Chandler,neutral,neutral,-1,1,1,1,data\raw\MELD\MELD-RAW\MELD.Raw\test\output_repeated_splits_test\dia237_utt11.mp4,data\preprocessed\features\z_at\test_dia237_utt11.pt,data\preprocessed\features\z_v\test_dia237_utt11.pt
test_dia237_utt3,meld_real,0,meld_Joey,disgust,disgust,-1,1,1,1,data\raw\MELD\MELD-RAW\MELD.Raw\test\output_repeated_splits_test\dia237_utt3.mp4,data\preprocessed\features\z_at\test_dia237_utt3.pt,data\preprocessed\features\z_v\test_dia237_utt3.pt
test_dia237_utt6,meld_real,0,meld_Chandler,anger,anger,-1,1,1,1,data\raw\MELD\MELD-RAW\MELD.Raw\test\output_repeated_splits_test\dia237_utt6.mp4,data\preprocessed\features\z_at\test_dia237_utt6.pt,data\preprocessed\features\z_v\test_dia237_utt6.pt
test_dia237_utt7,meld_real,0,meld_Phoebe,joy,joy,-1,1,1,1,data\raw\MELD\MELD-RAW\MELD.Raw\test\output_repeated_splits_test\dia237_utt7.mp4,data\preprocessed\features\z_at\test_dia237_utt7.pt,data\preprocessed\features\z_v\test_dia237_utt7.pt
test_dia237_utt8,meld_real,0,meld_Chandler,anger,anger,-1,1,1,1,data\raw\MELD\MELD-RAW\MELD.Raw\test\output_repeated_splits_test\dia237_utt8.mp4,data\preprocessed\features\z_at\test_dia237_utt8.pt,data\preprocessed\features\z_v\test_dia237_utt8.pt
test_dia239_utt10,meld_real,0,meld_Chandler,neutral,neutral,-1,1,1,1,data\raw\MELD\MELD-RAW\MELD.Raw\test\output_repeated_splits_test\dia239_utt10.mp4,data\preprocessed\features\z_at\test_dia239_utt10.pt,data\preprocessed\features\z_v\test_dia239_utt10.pt
test_dia239_utt2,meld_real,0,meld_Chandler,neutral,neutral,-1,1,1,1,data\raw\MELD\MELD-RAW\MELD.Raw\test\output_repeated_splits_test\dia239_utt2.mp4,data\preprocessed\features\z_at\test_dia239_utt2.pt,data\preprocessed\features\z_v\test_dia239_utt2.pt
test_dia239_utt3,meld_real,0,meld_Woman,neutral,neutral,-1,1,1,1,data\raw\MELD\MELD-RAW\MELD.Raw\test\output_repeated_splits_test\dia239_utt3.mp4,data\preprocessed\features\z_at\test_dia239_utt3.pt,data\preprocessed\features\z_v\test_dia239_utt3.pt
test_dia239_utt7,meld_real,0,meld_Ginger,neutral,neutral,-1,1,1,1,data\raw\MELD\MELD-RAW\MELD.Raw\test\output_repeated_splits_test\dia239_utt7.mp4,data\preprocessed\features\z_at\test_dia239_utt7.pt,data\preprocessed\features\z_v\test_dia239_utt7.pt
test_dia240_utt12,meld_real,0,meld_Cecilia,neutral,neutral,-1,1,1,1,data\raw\MELD\MELD-RAW\MELD.Raw\test\output_repeated_splits_test\dia240_utt12.mp4,data\preprocessed\features\z_at\test_dia240_utt12.pt,data\preprocessed\features\z_v\test_dia240_utt12.pt
test_dia241_utt13,meld_real,0,meld_Waitress,neutral,neutral,-1,1,1,1,data\raw\MELD\MELD-RAW\MELD.Raw\test\output_repeated_splits_test\dia241_utt13.mp4,data\preprocessed\features\z_at\test_dia241_utt13.pt,data\preprocessed\features\z_v\test_dia241_utt13.pt
test_dia241_utt3,meld_real,0,meld_Joey,neutral,neutral,-1,1,1,1,data\raw\MELD\MELD-RAW\MELD.Raw\test\output_repeated_splits_test\dia241_utt3.mp4,data\preprocessed\features\z_at\test_dia241_utt3.pt,data\preprocessed\features\z_v\test_dia241_utt3.pt
test_dia241_utt9,meld_real,0,meld_Joey,joy,joy,-1,1,1,1,data\raw\MELD\MELD-RAW\MELD.Raw\test\output_repeated_splits_test\dia241_utt9.mp4,data\preprocessed\features\z_at\test_dia241_utt9.pt,data\preprocessed\features\z_v\test_dia241_utt9.pt
test_dia242_utt0,meld_real,0,meld_Chandler,neutral,neutral,-1,1,1,1,data\raw\MELD\MELD-RAW\MELD.Raw\test\output_repeated_splits_test\dia242_utt0.mp4,data\preprocessed\features\z_at\test_dia242_utt0.pt,data\preprocessed\features\z_v\test_dia242_utt0.pt
test_dia242_utt3,meld_real,0,meld_Chandler,anger,anger,-1,1,1,1,data\raw\MELD\MELD-RAW\MELD.Raw\test\output_repeated_splits_test\dia242_utt3.mp4,data\preprocessed\features\z_at\test_dia242_utt3.pt,data\preprocessed\features\z_v\test_dia242_utt3.pt
test_dia243_utt1,meld_real,0,meld_Rachel,neutral,neutral,-1,1,1,1,data\raw\MELD\MELD-RAW\MELD.Raw\test\output_repeated_splits_test\dia243_utt1.mp4,data\preprocessed\features\z_at\test_dia243_utt1.pt,data\preprocessed\features\z_v\test_dia243_utt1.pt
test_dia244_utt13,meld_real,0,meld_Chandler,neutral,neutral,-1,1,1,1,data\raw\MELD\MELD-RAW\MELD.Raw\test\output_repeated_splits_test\dia244_utt13.mp4,data\preprocessed\features\z_at\test_dia244_utt13.pt,data\preprocessed\features\z_v\test_dia244_utt13.pt
test_dia244_utt17,meld_real,0,meld_Ross,neutral,neutral,-1,1,1,1,data\raw\MELD\MELD-RAW\MELD.Raw\test\output_repeated_splits_test\dia244_utt17.mp4,data\preprocessed\features\z_at\test_dia244_utt17.pt,data\preprocessed\features\z_v\test_dia244_utt17.pt
test_dia244_utt19,meld_real,0,meld_Ross,neutral,neutral,-1,1,1,1,data\raw\MELD\MELD-RAW\MELD.Raw\test\output_repeated_splits_test\dia244_utt19.mp4,data\preprocessed\features\z_at\test_dia244_utt19.pt,data\preprocessed\features\z_v\test_dia244_utt19.pt
test_dia244_utt21,meld_real,0,meld_Ross,joy,joy,-1,1,1,1,data\raw\MELD\MELD-RAW\MELD.Raw\test\output_repeated_splits_test\dia244_utt21.mp4,data\preprocessed\features\z_at\test_dia244_utt21.pt,data\preprocessed\features\z_v\test_dia244_utt21.pt
test_dia244_utt4,meld_real,0,meld_Chandler,sadness,sadness,-1,1,1,1,data\raw\MELD\MELD-RAW\MELD.Raw\test\output_repeated_splits_test\dia244_utt4.mp4,data\preprocessed\features\z_at\test_dia244_utt4.pt,data\preprocessed\features\z_v\test_dia244_utt4.pt
test_dia244_utt7,meld_real,0,meld_Chandler,disgust,disgust,-1,1,1,1,data\raw\MELD\MELD-RAW\MELD.Raw\test\output_repeated_splits_test\dia244_utt7.mp4,data\preprocessed\features\z_at\test_dia244_utt7.pt,data\preprocessed\features\z_v\test_dia244_utt7.pt
test_dia244_utt8,meld_real,0,meld_Chandler,anger,anger,-1,1,1,1,data\raw\MELD\MELD-RAW\MELD.Raw\test\output_repeated_splits_test\dia244_utt8.mp4,data\preprocessed\features\z_at\test_dia244_utt8.pt,data\preprocessed\features\z_v\test_dia244_utt8.pt
test_dia244_utt9,meld_real,0,meld_Chandler,neutral,neutral,-1,1,1,1,data\raw\MELD\MELD-RAW\MELD.Raw\test\output_repeated_splits_test\dia244_utt9.mp4,data\preprocessed\features\z_at\test_dia244_utt9.pt,data\preprocessed\features\z_v\test_dia244_utt9.pt
test_dia245_utt3,meld_real,0,meld_Monica,joy,joy,-1,1,1,1,data\raw\MELD\MELD-RAW\MELD.Raw\test\output_repeated_splits_test\dia245_utt3.mp4,data\preprocessed\features\z_at\test_dia245_utt3.pt,data\preprocessed\features\z_v\test_dia245_utt3.pt
test_dia246_utt11,meld_real,0,meld_Joey,neutral,neutral,-1,1,1,1,data\raw\MELD\MELD-RAW\MELD.Raw\test\output_repeated_splits_test\dia246_utt11.mp4,data\preprocessed\features\z_at\test_dia246_utt11.pt,data\preprocessed\features\z_v\test_dia246_utt11.pt
test_dia246_utt4,meld_real,0,meld_Tour_Guide,neutral,neutral,-1,1,1,1,data\raw\MELD\MELD-RAW\MELD.Raw\test\output_repeated_splits_test\dia246_utt4.mp4,data\preprocessed\features\z_at\test_dia246_utt4.pt,data\preprocessed\features\z_v\test_dia246_utt4.pt
test_dia248_utt0,meld_real,0,meld_Rachel,neutral,neutral,-1,1,1,1,data\raw\MELD\MELD-RAW\MELD.Raw\test\output_repeated_splits_test\dia248_utt0.mp4,data\preprocessed\features\z_at\test_dia248_utt0.pt,data\preprocessed\features\z_v\test_dia248_utt0.pt
test_dia249_utt1,meld_real,0,meld_Rachel,neutral,neutral,-1,1,1,1,data\raw\MELD\MELD-RAW\MELD.Raw\test\output_repeated_splits_test\dia249_utt1.mp4,data\preprocessed\features\z_at\test_dia249_utt1.pt,data\preprocessed\features\z_v\test_dia249_utt1.pt
test_dia250_utt4,meld_real,0,meld_Leslie,neutral,neutral,-1,1,1,1,data\raw\MELD\MELD-RAW\MELD.Raw\test\output_repeated_splits_test\dia250_utt4.mp4,data\preprocessed\features\z_at\test_dia250_utt4.pt,data\preprocessed\features\z_v\test_dia250_utt4.pt
test_dia250_utt7,meld_real,0,meld_Phoebe,neutral,neutral,-1,1,1,1,data\raw\MELD\MELD-RAW\MELD.Raw\test\output_repeated_splits_test\dia250_utt7.mp4,data\preprocessed\features\z_at\test_dia250_utt7.pt,data\preprocessed\features\z_v\test_dia250_utt7.pt
test_dia252_utt0,meld_real,0,meld_Chandler,anger,anger,-1,1,1,1,data\raw\MELD\MELD-RAW\MELD.Raw\test\output_repeated_splits_test\dia252_utt0.mp4,data\preprocessed\features\z_at\test_dia252_utt0.pt,data\preprocessed\features\z_v\test_dia252_utt0.pt
test_dia252_utt13,meld_real,0,meld_Ross,sadness,sadness,-1,1,1,1,data\raw\MELD\MELD-RAW\MELD.Raw\test\output_repeated_splits_test\dia252_utt13.mp4,data\preprocessed\features\z_at\test_dia252_utt13.pt,data\preprocessed\features\z_v\test_dia252_utt13.pt
test_dia252_utt15,meld_real,0,meld_Joey,neutral,neutral,-1,1,1,1,data\raw\MELD\MELD-RAW\MELD.Raw\test\output_repeated_splits_test\dia252_utt15.mp4,data\preprocessed\features\z_at\test_dia252_utt15.pt,data\preprocessed\features\z_v\test_dia252_utt15.pt
test_dia252_utt18,meld_real,0,meld_Joey,neutral,neutral,-1,1,1,1,data\raw\MELD\MELD-RAW\MELD.Raw\test\output_repeated_splits_test\dia252_utt18.mp4,data\preprocessed\features\z_at\test_dia252_utt18.pt,data\preprocessed\features\z_v\test_dia252_utt18.pt
test_dia252_utt8,meld_real,0,meld_Chandler,neutral,neutral,-1,1,1,1,data\raw\MELD\MELD-RAW\MELD.Raw\test\output_repeated_splits_test\dia252_utt8.mp4,data\preprocessed\features\z_at\test_dia252_utt8.pt,data\preprocessed\features\z_v\test_dia252_utt8.pt
test_dia252_utt9,meld_real,0,meld_Chandler,neutral,neutral,-1,1,1,1,data\raw\MELD\MELD-RAW\MELD.Raw\test\output_repeated_splits_test\dia252_utt9.mp4,data\preprocessed\features\z_at\test_dia252_utt9.pt,data\preprocessed\features\z_v\test_dia252_utt9.pt
test_dia253_utt1,meld_real,0,meld_Chandler,neutral,neutral,-1,1,1,1,data\raw\MELD\MELD-RAW\MELD.Raw\test\output_repeated_splits_test\dia253_utt1.mp4,data\preprocessed\features\z_at\test_dia253_utt1.pt,data\preprocessed\features\z_v\test_dia253_utt1.pt
test_dia253_utt10,meld_real,0,meld_Chandler,joy,joy,-1,1,1,1,data\raw\MELD\MELD-RAW\MELD.Raw\test\output_repeated_splits_test\dia253_utt10.mp4,data\preprocessed\features\z_at\test_dia253_utt10.pt,data\preprocessed\features\z_v\test_dia253_utt10.pt
test_dia253_utt9,meld_real,0,meld_Drew,neutral,neutral,-1,1,1,1,data\raw\MELD\MELD-RAW\MELD.Raw\test\output_repeated_splits_test\dia253_utt9.mp4,data\preprocessed\features\z_at\test_dia253_utt9.pt,data\preprocessed\features\z_v\test_dia253_utt9.pt
test_dia254_utt0,meld_real,0,meld_Ross,neutral,neutral,-1,1,1,1,data\raw\MELD\MELD-RAW\MELD.Raw\test\output_repeated_splits_test\dia254_utt0.mp4,data\preprocessed\features\z_at\test_dia254_utt0.pt,data\preprocessed\features\z_v\test_dia254_utt0.pt
test_dia254_utt12,meld_real,0,meld_Ross,neutral,neutral,-1,1,1,1,data\raw\MELD\MELD-RAW\MELD.Raw\test\output_repeated_splits_test\dia254_utt12.mp4,data\preprocessed\features\z_at\test_dia254_utt12.pt,data\preprocessed\features\z_v\test_dia254_utt12.pt
test_dia254_utt14,meld_real,0,meld_Ross,disgust,disgust,-1,1,1,1,data\raw\MELD\MELD-RAW\MELD.Raw\test\output_repeated_splits_test\dia254_utt14.mp4,data\preprocessed\features\z_at\test_dia254_utt14.pt,data\preprocessed\features\z_v\test_dia254_utt14.pt
test_dia255_utt1,meld_real,0,meld_Monica,joy,joy,-1,1,1,1,data\raw\MELD\MELD-RAW\MELD.Raw\test\output_repeated_splits_test\dia255_utt1.mp4,data\preprocessed\features\z_at\test_dia255_utt1.pt,data\preprocessed\features\z_v\test_dia255_utt1.pt
test_dia255_utt2,meld_real,0,meld_All,neutral,neutral,-1,1,1,1,data\raw\MELD\MELD-RAW\MELD.Raw\test\output_repeated_splits_test\dia255_utt2.mp4,data\preprocessed\features\z_at\test_dia255_utt2.pt,data\preprocessed\features\z_v\test_dia255_utt2.pt
test_dia255_utt3,meld_real,0,meld_Chandler,neutral,neutral,-1,1,1,1,data\raw\MELD\MELD-RAW\MELD.Raw\test\output_repeated_splits_test\dia255_utt3.mp4,data\preprocessed\features\z_at\test_dia255_utt3.pt,data\preprocessed\features\z_v\test_dia255_utt3.pt
test_dia255_utt7,meld_real,0,meld_Rachel,joy,joy,-1,1,1,1,data\raw\MELD\MELD-RAW\MELD.Raw\test\output_repeated_splits_test\dia255_utt7.mp4,data\preprocessed\features\z_at\test_dia255_utt7.pt,data\preprocessed\features\z_v\test_dia255_utt7.pt
test_dia256_utt0,meld_real,0,meld_Phoebe,joy,joy,-1,1,1,1,data\raw\MELD\MELD-RAW\MELD.Raw\test\output_repeated_splits_test\dia256_utt0.mp4,data\preprocessed\features\z_at\test_dia256_utt0.pt,data\preprocessed\features\z_v\test_dia256_utt0.pt
test_dia257_utt0,meld_real,0,meld_Joey,neutral,neutral,-1,1,1,1,data\raw\MELD\MELD-RAW\MELD.Raw\test\output_repeated_splits_test\dia257_utt0.mp4,data\preprocessed\features\z_at\test_dia257_utt0.pt,data\preprocessed\features\z_v\test_dia257_utt0.pt
test_dia258_utt4,meld_real,0,meld_Joey,neutral,neutral,-1,1,1,1,data\raw\MELD\MELD-RAW\MELD.Raw\test\output_repeated_splits_test\dia258_utt4.mp4,data\preprocessed\features\z_at\test_dia258_utt4.pt,data\preprocessed\features\z_v\test_dia258_utt4.pt
test_dia258_utt6,meld_real,0,meld_Chandler,neutral,neutral,-1,1,1,1,data\raw\MELD\MELD-RAW\MELD.Raw\test\output_repeated_splits_test\dia258_utt6.mp4,data\preprocessed\features\z_at\test_dia258_utt6.pt,data\preprocessed\features\z_v\test_dia258_utt6.pt
test_dia258_utt8,meld_real,0,meld_Chandler,neutral,neutral,-1,1,1,1,data\raw\MELD\MELD-RAW\MELD.Raw\test\output_repeated_splits_test\dia258_utt8.mp4,data\preprocessed\features\z_at\test_dia258_utt8.pt,data\preprocessed\features\z_v\test_dia258_utt8.pt
test_dia258_utt9,meld_real,0,meld_Joey,joy,joy,-1,1,1,1,data\raw\MELD\MELD-RAW\MELD.Raw\test\output_repeated_splits_test\dia258_utt9.mp4,data\preprocessed\features\z_at\test_dia258_utt9.pt,data\preprocessed\features\z_v\test_dia258_utt9.pt
test_dia259_utt11,meld_real,0,meld_Monica,anger,anger,-1,1,1,1,data\raw\MELD\MELD-RAW\MELD.Raw\test\output_repeated_splits_test\dia259_utt11.mp4,data\preprocessed\features\z_at\test_dia259_utt11.pt,data\preprocessed\features\z_v\test_dia259_utt11.pt
test_dia259_utt5,meld_real,0,meld_Ross,neutral,neutral,-1,1,1,1,data\raw\MELD\MELD-RAW\MELD.Raw\test\output_repeated_splits_test\dia259_utt5.mp4,data\preprocessed\features\z_at\test_dia259_utt5.pt,data\preprocessed\features\z_v\test_dia259_utt5.pt
test_dia25_utt1,meld_real,0,meld_Rachel,neutral,neutral,-1,1,1,1,data\raw\MELD\MELD-RAW\MELD.Raw\test\output_repeated_splits_test\dia25_utt1.mp4,data\preprocessed\features\z_at\test_dia25_utt1.pt,data\preprocessed\features\z_v\test_dia25_utt1.pt
test_dia25_utt12,meld_real,0,meld_Monica,neutral,neutral,-1,1,1,1,data\raw\MELD\MELD-RAW\MELD.Raw\test\output_repeated_splits_test\dia25_utt12.mp4,data\preprocessed\features\z_at\test_dia25_utt12.pt,data\preprocessed\features\z_v\test_dia25_utt12.pt
test_dia25_utt13,meld_real,0,meld_Rachel,neutral,neutral,-1,1,1,1,data\raw\MELD\MELD-RAW\MELD.Raw\test\output_repeated_splits_test\dia25_utt13.mp4,data\preprocessed\features\z_at\test_dia25_utt13.pt,data\preprocessed\features\z_v\test_dia25_utt13.pt
test_dia25_utt14,meld_real,0,meld_Monica,neutral,neutral,-1,1,1,1,data\raw\MELD\MELD-RAW\MELD.Raw\test\output_repeated_splits_test\dia25_utt14.mp4,data\preprocessed\features\z_at\test_dia25_utt14.pt,data\preprocessed\features\z_v\test_dia25_utt14.pt
test_dia25_utt9,meld_real,0,meld_Rachel,neutral,neutral,-1,1,1,1,data\raw\MELD\MELD-RAW\MELD.Raw\test\output_repeated_splits_test\dia25_utt9.mp4,data\preprocessed\features\z_at\test_dia25_utt9.pt,data\preprocessed\features\z_v\test_dia25_utt9.pt
test_dia260_utt0,meld_real,0,meld_Phoebe,joy,joy,-1,1,1,1,data\raw\MELD\MELD-RAW\MELD.Raw\test\output_repeated_splits_test\dia260_utt0.mp4,data\preprocessed\features\z_at\test_dia260_utt0.pt,data\preprocessed\features\z_v\test_dia260_utt0.pt
test_dia260_utt1,meld_real,0,meld_Rachel,joy,joy,-1,1,1,1,data\raw\MELD\MELD-RAW\MELD.Raw\test\output_repeated_splits_test\dia260_utt1.mp4,data\preprocessed\features\z_at\test_dia260_utt1.pt,data\preprocessed\features\z_v\test_dia260_utt1.pt
test_dia260_utt3,meld_real,0,meld_Joey,joy,joy,-1,1,1,1,data\raw\MELD\MELD-RAW\MELD.Raw\test\output_repeated_splits_test\dia260_utt3.mp4,data\preprocessed\features\z_at\test_dia260_utt3.pt,data\preprocessed\features\z_v\test_dia260_utt3.pt
test_dia260_utt8,meld_real,0,meld_Phoebe,anger,anger,-1,1,1,1,data\raw\MELD\MELD-RAW\MELD.Raw\test\output_repeated_splits_test\dia260_utt8.mp4,data\preprocessed\features\z_at\test_dia260_utt8.pt,data\preprocessed\features\z_v\test_dia260_utt8.pt
test_dia262_utt11,meld_real,0,meld_Pete,neutral,neutral,-1,1,1,1,data\raw\MELD\MELD-RAW\MELD.Raw\test\output_repeated_splits_test\dia262_utt11.mp4,data\preprocessed\features\z_at\test_dia262_utt11.pt,data\preprocessed\features\z_v\test_dia262_utt11.pt
test_dia262_utt3,meld_real,0,meld_Monica,neutral,neutral,-1,1,1,1,data\raw\MELD\MELD-RAW\MELD.Raw\test\output_repeated_splits_test\dia262_utt3.mp4,data\preprocessed\features\z_at\test_dia262_utt3.pt,data\preprocessed\features\z_v\test_dia262_utt3.pt
test_dia263_utt2,meld_real,0,meld_Joey,neutral,neutral,-1,1,1,1,data\raw\MELD\MELD-RAW\MELD.Raw\test\output_repeated_splits_test\dia263_utt2.mp4,data\preprocessed\features\z_at\test_dia263_utt2.pt,data\preprocessed\features\z_v\test_dia263_utt2.pt
test_dia263_utt4,meld_real,0,meld_Chandler,fear,fear,-1,1,1,1,data\raw\MELD\MELD-RAW\MELD.Raw\test\output_repeated_splits_test\dia263_utt4.mp4,data\preprocessed\features\z_at\test_dia263_utt4.pt,data\preprocessed\features\z_v\test_dia263_utt4.pt
test_dia263_utt5,meld_real,0,meld_Ross,sadness,sadness,-1,1,1,1,data\raw\MELD\MELD-RAW\MELD.Raw\test\output_repeated_splits_test\dia263_utt5.mp4,data\preprocessed\features\z_at\test_dia263_utt5.pt,data\preprocessed\features\z_v\test_dia263_utt5.pt
test_dia263_utt7,meld_real,0,meld_Ross,sadness,sadness,-1,1,1,1,data\raw\MELD\MELD-RAW\MELD.Raw\test\output_repeated_splits_test\dia263_utt7.mp4,data\preprocessed\features\z_at\test_dia263_utt7.pt,data\preprocessed\features\z_v\test_dia263_utt7.pt
test_dia264_utt0,meld_real,0,meld_Joey,anger,anger,-1,1,1,1,data\raw\MELD\MELD-RAW\MELD.Raw\test\output_repeated_splits_test\dia264_utt0.mp4,data\preprocessed\features\z_at\test_dia264_utt0.pt,data\preprocessed\features\z_v\test_dia264_utt0.pt
test_dia264_utt3,meld_real,0,meld_Chandler,neutral,neutral,-1,1,1,1,data\raw\MELD\MELD-RAW\MELD.Raw\test\output_repeated_splits_test\dia264_utt3.mp4,data\preprocessed\features\z_at\test_dia264_utt3.pt,data\preprocessed\features\z_v\test_dia264_utt3.pt
test_dia265_utt0,meld_real,0,meld_Ross,neutral,neutral,-1,1,1,1,data\raw\MELD\MELD-RAW\MELD.Raw\test\output_repeated_splits_test\dia265_utt0.mp4,data\preprocessed\features\z_at\test_dia265_utt0.pt,data\preprocessed\features\z_v\test_dia265_utt0.pt
test_dia265_utt1,meld_real,0,meld_Rachel,joy,joy,-1,1,1,1,data\raw\MELD\MELD-RAW\MELD.Raw\test\output_repeated_splits_test\dia265_utt1.mp4,data\preprocessed\features\z_at\test_dia265_utt1.pt,data\preprocessed\features\z_v\test_dia265_utt1.pt
test_dia266_utt10,meld_real,0,meld_Ross,joy,joy,-1,1,1,1,data\raw\MELD\MELD-RAW\MELD.Raw\test\output_repeated_splits_test\dia266_utt10.mp4,data\preprocessed\features\z_at\test_dia266_utt10.pt,data\preprocessed\features\z_v\test_dia266_utt10.pt
test_dia266_utt12,meld_real,0,meld_Ross,neutral,neutral,-1,1,1,1,data\raw\MELD\MELD-RAW\MELD.Raw\test\output_repeated_splits_test\dia266_utt12.mp4,data\preprocessed\features\z_at\test_dia266_utt12.pt,data\preprocessed\features\z_v\test_dia266_utt12.pt
test_dia266_utt14,meld_real,0,meld_Ross,joy,joy,-1,1,1,1,data\raw\MELD\MELD-RAW\MELD.Raw\test\output_repeated_splits_test\dia266_utt14.mp4,data\preprocessed\features\z_at\test_dia266_utt14.pt,data\preprocessed\features\z_v\test_dia266_utt14.pt
test_dia266_utt5,meld_real,0,meld_Ross,neutral,neutral,-1,1,1,1,data\raw\MELD\MELD-RAW\MELD.Raw\test\output_repeated_splits_test\dia266_utt5.mp4,data\preprocessed\features\z_at\test_dia266_utt5.pt,data\preprocessed\features\z_v\test_dia266_utt5.pt
test_dia266_utt6,meld_real,0,meld_Ross,neutral,neutral,-1,1,1,1,data\raw\MELD\MELD-RAW\MELD.Raw\test\output_repeated_splits_test\dia266_utt6.mp4,data\preprocessed\features\z_at\test_dia266_utt6.pt,data\preprocessed\features\z_v\test_dia266_utt6.pt
test_dia266_utt7,meld_real,0,meld_Ross,neutral,neutral,-1,1,1,1,data\raw\MELD\MELD-RAW\MELD.Raw\test\output_repeated_splits_test\dia266_utt7.mp4,data\preprocessed\features\z_at\test_dia266_utt7.pt,data\preprocessed\features\z_v\test_dia266_utt7.pt
test_dia266_utt8,meld_real,0,meld_Ross,joy,joy,-1,1,1,1,data\raw\MELD\MELD-RAW\MELD.Raw\test\output_repeated_splits_test\dia266_utt8.mp4,data\preprocessed\features\z_at\test_dia266_utt8.pt,data\preprocessed\features\z_v\test_dia266_utt8.pt
test_dia267_utt4,meld_real,0,meld_Director,neutral,neutral,-1,1,1,1,data\raw\MELD\MELD-RAW\MELD.Raw\test\output_repeated_splits_test\dia267_utt4.mp4,data\preprocessed\features\z_at\test_dia267_utt4.pt,data\preprocessed\features\z_v\test_dia267_utt4.pt
test_dia267_utt7,meld_real,0,meld_Director,neutral,neutral,-1,1,1,1,data\raw\MELD\MELD-RAW\MELD.Raw\test\output_repeated_splits_test\dia267_utt7.mp4,data\preprocessed\features\z_at\test_dia267_utt7.pt,data\preprocessed\features\z_v\test_dia267_utt7.pt
test_dia268_utt0,meld_real,0,meld_Chandler,neutral,neutral,-1,1,1,1,data\raw\MELD\MELD-RAW\MELD.Raw\test\output_repeated_splits_test\dia268_utt0.mp4,data\preprocessed\features\z_at\test_dia268_utt0.pt,data\preprocessed\features\z_v\test_dia268_utt0.pt
test_dia268_utt1,meld_real,0,meld_Monica,neutral,neutral,-1,1,1,1,data\raw\MELD\MELD-RAW\MELD.Raw\test\output_repeated_splits_test\dia268_utt1.mp4,data\preprocessed\features\z_at\test_dia268_utt1.pt,data\preprocessed\features\z_v\test_dia268_utt1.pt
test_dia268_utt11,meld_real,0,meld_Monica,neutral,neutral,-1,1,1,1,data\raw\MELD\MELD-RAW\MELD.Raw\test\output_repeated_splits_test\dia268_utt11.mp4,data\preprocessed\features\z_at\test_dia268_utt11.pt,data\preprocessed\features\z_v\test_dia268_utt11.pt
test_dia268_utt2,meld_real,0,meld_Chandler,neutral,neutral,-1,1,1,1,data\raw\MELD\MELD-RAW\MELD.Raw\test\output_repeated_splits_test\dia268_utt2.mp4,data\preprocessed\features\z_at\test_dia268_utt2.pt,data\preprocessed\features\z_v\test_dia268_utt2.pt
test_dia268_utt6,meld_real,0,meld_Doctor_Connelly,neutral,neutral,-1,1,1,1,data\raw\MELD\MELD-RAW\MELD.Raw\test\output_repeated_splits_test\dia268_utt6.mp4,data\preprocessed\features\z_at\test_dia268_utt6.pt,data\preprocessed\features\z_v\test_dia268_utt6.pt
test_dia269_utt0,meld_real,0,meld_Ross,neutral,neutral,-1,1,1,1,data\raw\MELD\MELD-RAW\MELD.Raw\test\output_repeated_splits_test\dia269_utt0.mp4,data\preprocessed\features\z_at\test_dia269_utt0.pt,data\preprocessed\features\z_v\test_dia269_utt0.pt
test_dia269_utt4,meld_real,0,meld_Ross,neutral,neutral,-1,1,1,1,data\raw\MELD\MELD-RAW\MELD.Raw\test\output_repeated_splits_test\dia269_utt4.mp4,data\preprocessed\features\z_at\test_dia269_utt4.pt,data\preprocessed\features\z_v\test_dia269_utt4.pt
test_dia26_utt0,meld_real,0,meld_Joey,joy,joy,-1,1,1,1,data\raw\MELD\MELD-RAW\MELD.Raw\test\output_repeated_splits_test\dia26_utt0.mp4,data\preprocessed\features\z_at\test_dia26_utt0.pt,data\preprocessed\features\z_v\test_dia26_utt0.pt
test_dia270_utt1,meld_real,0,meld_Susan,neutral,neutral,-1,1,1,1,data\raw\MELD\MELD-RAW\MELD.Raw\test\output_repeated_splits_test\dia270_utt1.mp4,data\preprocessed\features\z_at\test_dia270_utt1.pt,data\preprocessed\features\z_v\test_dia270_utt1.pt
test_dia270_utt11,meld_real,0,meld_Susan,neutral,neutral,-1,1,1,1,data\raw\MELD\MELD-RAW\MELD.Raw\test\output_repeated_splits_test\dia270_utt11.mp4,data\preprocessed\features\z_at\test_dia270_utt11.pt,data\preprocessed\features\z_v\test_dia270_utt11.pt
test_dia270_utt14,meld_real,0,meld_Ross,neutral,neutral,-1,1,1,1,data\raw\MELD\MELD-RAW\MELD.Raw\test\output_repeated_splits_test\dia270_utt14.mp4,data\preprocessed\features\z_at\test_dia270_utt14.pt,data\preprocessed\features\z_v\test_dia270_utt14.pt
test_dia270_utt4,meld_real,0,meld_Ross,neutral,neutral,-1,1,1,1,data\raw\MELD\MELD-RAW\MELD.Raw\test\output_repeated_splits_test\dia270_utt4.mp4,data\preprocessed\features\z_at\test_dia270_utt4.pt,data\preprocessed\features\z_v\test_dia270_utt4.pt
test_dia270_utt7,meld_real,0,meld_Susan,neutral,neutral,-1,1,1,1,data\raw\MELD\MELD-RAW\MELD.Raw\test\output_repeated_splits_test\dia270_utt7.mp4,data\preprocessed\features\z_at\test_dia270_utt7.pt,data\preprocessed\features\z_v\test_dia270_utt7.pt
test_dia270_utt8,meld_real,0,meld_Ross,neutral,neutral,-1,1,1,1,data\raw\MELD\MELD-RAW\MELD.Raw\test\output_repeated_splits_test\dia270_utt8.mp4,data\preprocessed\features\z_at\test_dia270_utt8.pt,data\preprocessed\features\z_v\test_dia270_utt8.pt
test_dia270_utt9,meld_real,0,meld_Susan,neutral,neutral,-1,1,1,1,data\raw\MELD\MELD-RAW\MELD.Raw\test\output_repeated_splits_test\dia270_utt9.mp4,data\preprocessed\features\z_at\test_dia270_utt9.pt,data\preprocessed\features\z_v\test_dia270_utt9.pt
test_dia271_utt3,meld_real,0,meld_Chandler,fear,fear,-1,1,1,1,data\raw\MELD\MELD-RAW\MELD.Raw\test\output_repeated_splits_test\dia271_utt3.mp4,data\preprocessed\features\z_at\test_dia271_utt3.pt,data\preprocessed\features\z_v\test_dia271_utt3.pt
test_dia271_utt5,meld_real,0,meld_Chandler,neutral,neutral,-1,1,1,1,data\raw\MELD\MELD-RAW\MELD.Raw\test\output_repeated_splits_test\dia271_utt5.mp4,data\preprocessed\features\z_at\test_dia271_utt5.pt,data\preprocessed\features\z_v\test_dia271_utt5.pt
test_dia273_utt1,meld_real,0,meld_Joey,neutral,neutral,-1,1,1,1,data\raw\MELD\MELD-RAW\MELD.Raw\test\output_repeated_splits_test\dia273_utt1.mp4,data\preprocessed\features\z_at\test_dia273_utt1.pt,data\preprocessed\features\z_v\test_dia273_utt1.pt
test_dia274_utt0,meld_real,0,meld_Chandler,neutral,neutral,-1,1,1,1,data\raw\MELD\MELD-RAW\MELD.Raw\test\output_repeated_splits_test\dia274_utt0.mp4,data\preprocessed\features\z_at\test_dia274_utt0.pt,data\preprocessed\features\z_v\test_dia274_utt0.pt
test_dia274_utt2,meld_real,0,meld_Joey,anger,anger,-1,1,1,1,data\raw\MELD\MELD-RAW\MELD.Raw\test\output_repeated_splits_test\dia274_utt2.mp4,data\preprocessed\features\z_at\test_dia274_utt2.pt,data\preprocessed\features\z_v\test_dia274_utt2.pt
test_dia277_utt0,meld_real,0,meld_Monica,sadness,sadness,-1,1,1,1,data\raw\MELD\MELD-RAW\MELD.Raw\test\output_repeated_splits_test\dia277_utt0.mp4,data\preprocessed\features\z_at\test_dia277_utt0.pt,data\preprocessed\features\z_v\test_dia277_utt0.pt
test_dia278_utt11,meld_real,0,meld_Monica,joy,joy,-1,1,1,1,data\raw\MELD\MELD-RAW\MELD.Raw\test\output_repeated_splits_test\dia278_utt11.mp4,data\preprocessed\features\z_at\test_dia278_utt11.pt,data\preprocessed\features\z_v\test_dia278_utt11.pt
test_dia278_utt13,meld_real,0,meld_Monica,joy,joy,-1,1,1,1,data\raw\MELD\MELD-RAW\MELD.Raw\test\output_repeated_splits_test\dia278_utt13.mp4,data\preprocessed\features\z_at\test_dia278_utt13.pt,data\preprocessed\features\z_v\test_dia278_utt13.pt
test_dia278_utt14,meld_real,0,meld_Phoebe,neutral,neutral,-1,1,1,1,data\raw\MELD\MELD-RAW\MELD.Raw\test\output_repeated_splits_test\dia278_utt14.mp4,data\preprocessed\features\z_at\test_dia278_utt14.pt,data\preprocessed\features\z_v\test_dia278_utt14.pt
test_dia278_utt16,meld_real,0,meld_Chandler,neutral,neutral,-1,1,1,1,data\raw\MELD\MELD-RAW\MELD.Raw\test\output_repeated_splits_test\dia278_utt16.mp4,data\preprocessed\features\z_at\test_dia278_utt16.pt,data\preprocessed\features\z_v\test_dia278_utt16.pt
test_dia278_utt8,meld_real,0,meld_Chandler,sadness,sadness,-1,1,1,1,data\raw\MELD\MELD-RAW\MELD.Raw\test\output_repeated_splits_test\dia278_utt8.mp4,data\preprocessed\features\z_at\test_dia278_utt8.pt,data\preprocessed\features\z_v\test_dia278_utt8.pt
test_dia279_utt11,meld_real,0,meld_Rachel,neutral,neutral,-1,1,1,1,data\raw\MELD\MELD-RAW\MELD.Raw\test\output_repeated_splits_test\dia279_utt11.mp4,data\preprocessed\features\z_at\test_dia279_utt11.pt,data\preprocessed\features\z_v\test_dia279_utt11.pt
test_dia279_utt13,meld_real,0,meld_Rachel,neutral,neutral,-1,1,1,1,data\raw\MELD\MELD-RAW\MELD.Raw\test\output_repeated_splits_test\dia279_utt13.mp4,data\preprocessed\features\z_at\test_dia279_utt13.pt,data\preprocessed\features\z_v\test_dia279_utt13.pt
test_dia279_utt6,meld_real,0,meld_Rachel,neutral,neutral,-1,1,1,1,data\raw\MELD\MELD-RAW\MELD.Raw\test\output_repeated_splits_test\dia279_utt6.mp4,data\preprocessed\features\z_at\test_dia279_utt6.pt,data\preprocessed\features\z_v\test_dia279_utt6.pt
test_dia279_utt7,meld_real,0,meld_Ross,anger,anger,-1,1,1,1,data\raw\MELD\MELD-RAW\MELD.Raw\test\output_repeated_splits_test\dia279_utt7.mp4,data\preprocessed\features\z_at\test_dia279_utt7.pt,data\preprocessed\features\z_v\test_dia279_utt7.pt
test_dia28_utt1,meld_real,0,meld_Phoebe,joy,joy,-1,1,1,1,data\raw\MELD\MELD-RAW\MELD.Raw\test\output_repeated_splits_test\dia28_utt1.mp4,data\preprocessed\features\z_at\test_dia28_utt1.pt,data\preprocessed\features\z_v\test_dia28_utt1.pt
test_dia28_utt11,meld_real,0,meld_Man,neutral,neutral,-1,1,1,1,data\raw\MELD\MELD-RAW\MELD.Raw\test\output_repeated_splits_test\dia28_utt11.mp4,data\preprocessed\features\z_at\test_dia28_utt11.pt,data\preprocessed\features\z_v\test_dia28_utt11.pt
test_dia28_utt13,meld_real,0,meld_Man,neutral,neutral,-1,1,1,1,data\raw\MELD\MELD-RAW\MELD.Raw\test\output_repeated_splits_test\dia28_utt13.mp4,data\preprocessed\features\z_at\test_dia28_utt13.pt,data\preprocessed\features\z_v\test_dia28_utt13.pt
test_dia28_utt2,meld_real,0,meld_Man,neutral,neutral,-1,1,1,1,data\raw\MELD\MELD-RAW\MELD.Raw\test\output_repeated_splits_test\dia28_utt2.mp4,data\preprocessed\features\z_at\test_dia28_utt2.pt,data\preprocessed\features\z_v\test_dia28_utt2.pt
test_dia29_utt0,meld_real,0,meld_Chandler,neutral,neutral,-1,1,1,1,data\raw\MELD\MELD-RAW\MELD.Raw\test\output_repeated_splits_test\dia29_utt0.mp4,data\preprocessed\features\z_at\test_dia29_utt0.pt,data\preprocessed\features\z_v\test_dia29_utt0.pt
test_dia29_utt10,meld_real,0,meld_Chandler,fear,fear,-1,1,1,1,data\raw\MELD\MELD-RAW\MELD.Raw\test\output_repeated_splits_test\dia29_utt10.mp4,data\preprocessed\features\z_at\test_dia29_utt10.pt,data\preprocessed\features\z_v\test_dia29_utt10.pt
test_dia29_utt11,meld_real,0,meld_Ross,joy,joy,-1,1,1,1,data\raw\MELD\MELD-RAW\MELD.Raw\test\output_repeated_splits_test\dia29_utt11.mp4,data\preprocessed\features\z_at\test_dia29_utt11.pt,data\preprocessed\features\z_v\test_dia29_utt11.pt
test_dia29_utt6,meld_real,0,meld_Chandler,fear,fear,-1,1,1,1,data\raw\MELD\MELD-RAW\MELD.Raw\test\output_repeated_splits_test\dia29_utt6.mp4,data\preprocessed\features\z_at\test_dia29_utt6.pt,data\preprocessed\features\z_v\test_dia29_utt6.pt
test_dia29_utt7,meld_real,0,meld_Ross,joy,joy,-1,1,1,1,data\raw\MELD\MELD-RAW\MELD.Raw\test\output_repeated_splits_test\dia29_utt7.mp4,data\preprocessed\features\z_at\test_dia29_utt7.pt,data\preprocessed\features\z_v\test_dia29_utt7.pt
test_dia29_utt8,meld_real,0,meld_Chandler,neutral,neutral,-1,1,1,1,data\raw\MELD\MELD-RAW\MELD.Raw\test\output_repeated_splits_test\dia29_utt8.mp4,data\preprocessed\features\z_at\test_dia29_utt8.pt,data\preprocessed\features\z_v\test_dia29_utt8.pt
test_dia2_utt2,meld_real,0,meld_Ross,sadness,sadness,-1,1,1,1,data\raw\MELD\MELD-RAW\MELD.Raw\test\output_repeated_splits_test\dia2_utt2.mp4,data\preprocessed\features\z_at\test_dia2_utt2.pt,data\preprocessed\features\z_v\test_dia2_utt2.pt
test_dia30_utt1,meld_real,0,meld_Janice,joy,joy,-1,1,1,1,data\raw\MELD\MELD-RAW\MELD.Raw\test\output_repeated_splits_test\dia30_utt1.mp4,data\preprocessed\features\z_at\test_dia30_utt1.pt,data\preprocessed\features\z_v\test_dia30_utt1.pt
test_dia30_utt2,meld_real,0,meld_Rachel,joy,joy,-1,1,1,1,data\raw\MELD\MELD-RAW\MELD.Raw\test\output_repeated_splits_test\dia30_utt2.mp4,data\preprocessed\features\z_at\test_dia30_utt2.pt,data\preprocessed\features\z_v\test_dia30_utt2.pt
test_dia30_utt5,meld_real,0,meld_Janice,disgust,disgust,-1,1,1,1,data\raw\MELD\MELD-RAW\MELD.Raw\test\output_repeated_splits_test\dia30_utt5.mp4,data\preprocessed\features\z_at\test_dia30_utt5.pt,data\preprocessed\features\z_v\test_dia30_utt5.pt
test_dia32_utt11,meld_real,0,meld_Phoebe_Sr,sadness,sadness,-1,1,1,1,data\raw\MELD\MELD-RAW\MELD.Raw\test\output_repeated_splits_test\dia32_utt11.mp4,data\preprocessed\features\z_at\test_dia32_utt11.pt,data\preprocessed\features\z_v\test_dia32_utt11.pt
test_dia32_utt4,meld_real,0,meld_Phoebe,neutral,neutral,-1,1,1,1,data\raw\MELD\MELD-RAW\MELD.Raw\test\output_repeated_splits_test\dia32_utt4.mp4,data\preprocessed\features\z_at\test_dia32_utt4.pt,data\preprocessed\features\z_v\test_dia32_utt4.pt
test_dia32_utt5,meld_real,0,meld_Phoebe_Sr,sadness,sadness,-1,1,1,1,data\raw\MELD\MELD-RAW\MELD.Raw\test\output_repeated_splits_test\dia32_utt5.mp4,data\preprocessed\features\z_at\test_dia32_utt5.pt,data\preprocessed\features\z_v\test_dia32_utt5.pt
test_dia33_utt2,meld_real,0,meld_Monica,neutral,neutral,-1,1,1,1,data\raw\MELD\MELD-RAW\MELD.Raw\test\output_repeated_splits_test\dia33_utt2.mp4,data\preprocessed\features\z_at\test_dia33_utt2.pt,data\preprocessed\features\z_v\test_dia33_utt2.pt
test_dia33_utt6,meld_real,0,meld_Rachel,sadness,sadness,-1,1,1,1,data\raw\MELD\MELD-RAW\MELD.Raw\test\output_repeated_splits_test\dia33_utt6.mp4,data\preprocessed\features\z_at\test_dia33_utt6.pt,data\preprocessed\features\z_v\test_dia33_utt6.pt
test_dia33_utt7,meld_real,0,meld_Monica,neutral,neutral,-1,1,1,1,data\raw\MELD\MELD-RAW\MELD.Raw\test\output_repeated_splits_test\dia33_utt7.mp4,data\preprocessed\features\z_at\test_dia33_utt7.pt,data\preprocessed\features\z_v\test_dia33_utt7.pt
test_dia33_utt9,meld_real,0,meld_Monica,anger,anger,-1,1,1,1,data\raw\MELD\MELD-RAW\MELD.Raw\test\output_repeated_splits_test\dia33_utt9.mp4,data\preprocessed\features\z_at\test_dia33_utt9.pt,data\preprocessed\features\z_v\test_dia33_utt9.pt
test_dia34_utt10,meld_real,0,meld_Monica,neutral,neutral,-1,1,1,1,data\raw\MELD\MELD-RAW\MELD.Raw\test\output_repeated_splits_test\dia34_utt10.mp4,data\preprocessed\features\z_at\test_dia34_utt10.pt,data\preprocessed\features\z_v\test_dia34_utt10.pt
test_dia34_utt13,meld_real,0,meld_Monica,neutral,neutral,-1,1,1,1,data\raw\MELD\MELD-RAW\MELD.Raw\test\output_repeated_splits_test\dia34_utt13.mp4,data\preprocessed\features\z_at\test_dia34_utt13.pt,data\preprocessed\features\z_v\test_dia34_utt13.pt
test_dia34_utt16,meld_real,0,meld_Rachel,neutral,neutral,-1,1,1,1,data\raw\MELD\MELD-RAW\MELD.Raw\test\output_repeated_splits_test\dia34_utt16.mp4,data\preprocessed\features\z_at\test_dia34_utt16.pt,data\preprocessed\features\z_v\test_dia34_utt16.pt
test_dia34_utt2,meld_real,0,meld_Monica,joy,joy,-1,1,1,1,data\raw\MELD\MELD-RAW\MELD.Raw\test\output_repeated_splits_test\dia34_utt2.mp4,data\preprocessed\features\z_at\test_dia34_utt2.pt,data\preprocessed\features\z_v\test_dia34_utt2.pt
test_dia34_utt7,meld_real,0,meld_Monica,anger,anger,-1,1,1,1,data\raw\MELD\MELD-RAW\MELD.Raw\test\output_repeated_splits_test\dia34_utt7.mp4,data\preprocessed\features\z_at\test_dia34_utt7.pt,data\preprocessed\features\z_v\test_dia34_utt7.pt
test_dia35_utt2,meld_real,0,meld_Carol,neutral,neutral,-1,1,1,1,data\raw\MELD\MELD-RAW\MELD.Raw\test\output_repeated_splits_test\dia35_utt2.mp4,data\preprocessed\features\z_at\test_dia35_utt2.pt,data\preprocessed\features\z_v\test_dia35_utt2.pt
test_dia35_utt4,meld_real,0,meld_Dr._Franzblau,neutral,neutral,-1,1,1,1,data\raw\MELD\MELD-RAW\MELD.Raw\test\output_repeated_splits_test\dia35_utt4.mp4,data\preprocessed\features\z_at\test_dia35_utt4.pt,data\preprocessed\features\z_v\test_dia35_utt4.pt
test_dia36_utt1,meld_real,0,meld_Monica,anger,anger,-1,1,1,1,data\raw\MELD\MELD-RAW\MELD.Raw\test\output_repeated_splits_test\dia36_utt1.mp4,data\preprocessed\features\z_at\test_dia36_utt1.pt,data\preprocessed\features\z_v\test_dia36_utt1.pt
test_dia37_utt3,meld_real,0,meld_Joey,fear,fear,-1,1,1,1,data\raw\MELD\MELD-RAW\MELD.Raw\test\output_repeated_splits_test\dia37_utt3.mp4,data\preprocessed\features\z_at\test_dia37_utt3.pt,data\preprocessed\features\z_v\test_dia37_utt3.pt
test_dia38_utt1,meld_real,0,meld_Joey,joy,joy,-1,1,1,1,data\raw\MELD\MELD-RAW\MELD.Raw\test\output_repeated_splits_test\dia38_utt1.mp4,data\preprocessed\features\z_at\test_dia38_utt1.pt,data\preprocessed\features\z_v\test_dia38_utt1.pt
test_dia39_utt11,meld_real,0,meld_Ross,neutral,neutral,-1,1,1,1,data\raw\MELD\MELD-RAW\MELD.Raw\test\output_repeated_splits_test\dia39_utt11.mp4,data\preprocessed\features\z_at\test_dia39_utt11.pt,data\preprocessed\features\z_v\test_dia39_utt11.pt
test_dia39_utt2,meld_real,0,meld_Ross,neutral,neutral,-1,1,1,1,data\raw\MELD\MELD-RAW\MELD.Raw\test\output_repeated_splits_test\dia39_utt2.mp4,data\preprocessed\features\z_at\test_dia39_utt2.pt,data\preprocessed\features\z_v\test_dia39_utt2.pt
test_dia39_utt6,meld_real,0,meld_Mrs._Bing,joy,joy,-1,1,1,1,data\raw\MELD\MELD-RAW\MELD.Raw\test\output_repeated_splits_test\dia39_utt6.mp4,data\preprocessed\features\z_at\test_dia39_utt6.pt,data\preprocessed\features\z_v\test_dia39_utt6.pt
test_dia3_utt1,meld_real,0,meld_Ross,fear,fear,-1,1,1,1,data\raw\MELD\MELD-RAW\MELD.Raw\test\output_repeated_splits_test\dia3_utt1.mp4,data\preprocessed\features\z_at\test_dia3_utt1.pt,data\preprocessed\features\z_v\test_dia3_utt1.pt
test_dia3_utt3,meld_real,0,meld_Ross,neutral,neutral,-1,1,1,1,data\raw\MELD\MELD-RAW\MELD.Raw\test\output_repeated_splits_test\dia3_utt3.mp4,data\preprocessed\features\z_at\test_dia3_utt3.pt,data\preprocessed\features\z_v\test_dia3_utt3.pt
test_dia3_utt6,meld_real,0,meld_Phoebe,neutral,neutral,-1,1,1,1,data\raw\MELD\MELD-RAW\MELD.Raw\test\output_repeated_splits_test\dia3_utt6.mp4,data\preprocessed\features\z_at\test_dia3_utt6.pt,data\preprocessed\features\z_v\test_dia3_utt6.pt
test_dia41_utt0,meld_real,0,meld_Monica,neutral,neutral,-1,1,1,1,data\raw\MELD\MELD-RAW\MELD.Raw\test\output_repeated_splits_test\dia41_utt0.mp4,data\preprocessed\features\z_at\test_dia41_utt0.pt,data\preprocessed\features\z_v\test_dia41_utt0.pt
test_dia41_utt1,meld_real,0,meld_Chandler,anger,anger,-1,1,1,1,data\raw\MELD\MELD-RAW\MELD.Raw\test\output_repeated_splits_test\dia41_utt1.mp4,data\preprocessed\features\z_at\test_dia41_utt1.pt,data\preprocessed\features\z_v\test_dia41_utt1.pt
test_dia41_utt11,meld_real,0,meld_Phoebe,sadness,sadness,-1,1,1,1,data\raw\MELD\MELD-RAW\MELD.Raw\test\output_repeated_splits_test\dia41_utt11.mp4,data\preprocessed\features\z_at\test_dia41_utt11.pt,data\preprocessed\features\z_v\test_dia41_utt11.pt
test_dia42_utt2,meld_real,0,meld_Ross,neutral,neutral,-1,1,1,1,data\raw\MELD\MELD-RAW\MELD.Raw\test\output_repeated_splits_test\dia42_utt2.mp4,data\preprocessed\features\z_at\test_dia42_utt2.pt,data\preprocessed\features\z_v\test_dia42_utt2.pt
test_dia42_utt3,meld_real,0,meld_Phoebe,neutral,neutral,-1,1,1,1,data\raw\MELD\MELD-RAW\MELD.Raw\test\output_repeated_splits_test\dia42_utt3.mp4,data\preprocessed\features\z_at\test_dia42_utt3.pt,data\preprocessed\features\z_v\test_dia42_utt3.pt
test_dia42_utt5,meld_real,0,meld_Rachel,neutral,neutral,-1,1,1,1,data\raw\MELD\MELD-RAW\MELD.Raw\test\output_repeated_splits_test\dia42_utt5.mp4,data\preprocessed\features\z_at\test_dia42_utt5.pt,data\preprocessed\features\z_v\test_dia42_utt5.pt
test_dia44_utt2,meld_real,0,meld_Chandler,joy,joy,-1,1,1,1,data\raw\MELD\MELD-RAW\MELD.Raw\test\output_repeated_splits_test\dia44_utt2.mp4,data\preprocessed\features\z_at\test_dia44_utt2.pt,data\preprocessed\features\z_v\test_dia44_utt2.pt
test_dia45_utt1,meld_real,0,meld_Phoebe,neutral,neutral,-1,1,1,1,data\raw\MELD\MELD-RAW\MELD.Raw\test\output_repeated_splits_test\dia45_utt1.mp4,data\preprocessed\features\z_at\test_dia45_utt1.pt,data\preprocessed\features\z_v\test_dia45_utt1.pt
test_dia45_utt4,meld_real,0,meld_Phoebe,joy,joy,-1,1,1,1,data\raw\MELD\MELD-RAW\MELD.Raw\test\output_repeated_splits_test\dia45_utt4.mp4,data\preprocessed\features\z_at\test_dia45_utt4.pt,data\preprocessed\features\z_v\test_dia45_utt4.pt
test_dia46_utt4,meld_real,0,meld_Leslie,joy,joy,-1,1,1,1,data\raw\MELD\MELD-RAW\MELD.Raw\test\output_repeated_splits_test\dia46_utt4.mp4,data\preprocessed\features\z_at\test_dia46_utt4.pt,data\preprocessed\features\z_v\test_dia46_utt4.pt
test_dia46_utt6,meld_real,0,meld_Leslie,neutral,neutral,-1,1,1,1,data\raw\MELD\MELD-RAW\MELD.Raw\test\output_repeated_splits_test\dia46_utt6.mp4,data\preprocessed\features\z_at\test_dia46_utt6.pt,data\preprocessed\features\z_v\test_dia46_utt6.pt
test_dia46_utt7,meld_real,0,meld_Phoebe,joy,joy,-1,1,1,1,data\raw\MELD\MELD-RAW\MELD.Raw\test\output_repeated_splits_test\dia46_utt7.mp4,data\preprocessed\features\z_at\test_dia46_utt7.pt,data\preprocessed\features\z_v\test_dia46_utt7.pt
test_dia47_utt0,meld_real,0,meld_Joey,sadness,sadness,-1,1,1,1,data\raw\MELD\MELD-RAW\MELD.Raw\test\output_repeated_splits_test\dia47_utt0.mp4,data\preprocessed\features\z_at\test_dia47_utt0.pt,data\preprocessed\features\z_v\test_dia47_utt0.pt
test_dia47_utt13,meld_real,0,meld_Monica,neutral,neutral,-1,1,1,1,data\raw\MELD\MELD-RAW\MELD.Raw\test\output_repeated_splits_test\dia47_utt13.mp4,data\preprocessed\features\z_at\test_dia47_utt13.pt,data\preprocessed\features\z_v\test_dia47_utt13.pt
test_dia47_utt6,meld_real,0,meld_Joey,sadness,sadness,-1,1,1,1,data\raw\MELD\MELD-RAW\MELD.Raw\test\output_repeated_splits_test\dia47_utt6.mp4,data\preprocessed\features\z_at\test_dia47_utt6.pt,data\preprocessed\features\z_v\test_dia47_utt6.pt
test_dia49_utt10,meld_real,0,meld_Chandler,neutral,neutral,-1,1,1,1,data\raw\MELD\MELD-RAW\MELD.Raw\test\output_repeated_splits_test\dia49_utt10.mp4,data\preprocessed\features\z_at\test_dia49_utt10.pt,data\preprocessed\features\z_v\test_dia49_utt10.pt
test_dia49_utt11,meld_real,0,meld_Chandler,joy,joy,-1,1,1,1,data\raw\MELD\MELD-RAW\MELD.Raw\test\output_repeated_splits_test\dia49_utt11.mp4,data\preprocessed\features\z_at\test_dia49_utt11.pt,data\preprocessed\features\z_v\test_dia49_utt11.pt
test_dia49_utt12,meld_real,0,meld_Monica,neutral,neutral,-1,1,1,1,data\raw\MELD\MELD-RAW\MELD.Raw\test\output_repeated_splits_test\dia49_utt12.mp4,data\preprocessed\features\z_at\test_dia49_utt12.pt,data\preprocessed\features\z_v\test_dia49_utt12.pt
test_dia49_utt7,meld_real,0,meld_Monica,neutral,neutral,-1,1,1,1,data\raw\MELD\MELD-RAW\MELD.Raw\test\output_repeated_splits_test\dia49_utt7.mp4,data\preprocessed\features\z_at\test_dia49_utt7.pt,data\preprocessed\features\z_v\test_dia49_utt7.pt
test_dia49_utt8,meld_real,0,meld_Chandler,neutral,neutral,-1,1,1,1,data\raw\MELD\MELD-RAW\MELD.Raw\test\output_repeated_splits_test\dia49_utt8.mp4,data\preprocessed\features\z_at\test_dia49_utt8.pt,data\preprocessed\features\z_v\test_dia49_utt8.pt
test_dia4_utt4,meld_real,0,meld_Phoebe,neutral,neutral,-1,1,1,1,data\raw\MELD\MELD-RAW\MELD.Raw\test\output_repeated_splits_test\dia4_utt4.mp4,data\preprocessed\features\z_at\test_dia4_utt4.pt,data\preprocessed\features\z_v\test_dia4_utt4.pt
test_dia4_utt5,meld_real,0,meld_Joey,fear,fear,-1,1,1,1,data\raw\MELD\MELD-RAW\MELD.Raw\test\output_repeated_splits_test\dia4_utt5.mp4,data\preprocessed\features\z_at\test_dia4_utt5.pt,data\preprocessed\features\z_v\test_dia4_utt5.pt
test_dia4_utt7,meld_real,0,meld_Joey,anger,anger,-1,1,1,1,data\raw\MELD\MELD-RAW\MELD.Raw\test\output_repeated_splits_test\dia4_utt7.mp4,data\preprocessed\features\z_at\test_dia4_utt7.pt,data\preprocessed\features\z_v\test_dia4_utt7.pt
test_dia50_utt0,meld_real,0,meld_Ross,neutral,neutral,-1,1,1,1,data\raw\MELD\MELD-RAW\MELD.Raw\test\output_repeated_splits_test\dia50_utt0.mp4,data\preprocessed\features\z_at\test_dia50_utt0.pt,data\preprocessed\features\z_v\test_dia50_utt0.pt
test_dia51_utt2,meld_real,0,meld_Joey,neutral,neutral,-1,1,1,1,data\raw\MELD\MELD-RAW\MELD.Raw\test\output_repeated_splits_test\dia51_utt2.mp4,data\preprocessed\features\z_at\test_dia51_utt2.pt,data\preprocessed\features\z_v\test_dia51_utt2.pt
test_dia52_utt10,meld_real,0,meld_Ross,anger,anger,-1,1,1,1,data\raw\MELD\MELD-RAW\MELD.Raw\test\output_repeated_splits_test\dia52_utt10.mp4,data\preprocessed\features\z_at\test_dia52_utt10.pt,data\preprocessed\features\z_v\test_dia52_utt10.pt
test_dia52_utt2,meld_real,0,meld_Ross,neutral,neutral,-1,1,1,1,data\raw\MELD\MELD-RAW\MELD.Raw\test\output_repeated_splits_test\dia52_utt2.mp4,data\preprocessed\features\z_at\test_dia52_utt2.pt,data\preprocessed\features\z_v\test_dia52_utt2.pt
test_dia52_utt3,meld_real,0,meld_Joey,neutral,neutral,-1,1,1,1,data\raw\MELD\MELD-RAW\MELD.Raw\test\output_repeated_splits_test\dia52_utt3.mp4,data\preprocessed\features\z_at\test_dia52_utt3.pt,data\preprocessed\features\z_v\test_dia52_utt3.pt
test_dia53_utt11,meld_real,0,meld_Rachel,joy,joy,-1,1,1,1,data\raw\MELD\MELD-RAW\MELD.Raw\test\output_repeated_splits_test\dia53_utt11.mp4,data\preprocessed\features\z_at\test_dia53_utt11.pt,data\preprocessed\features\z_v\test_dia53_utt11.pt
test_dia53_utt4,meld_real,0,meld_Monica,joy,joy,-1,1,1,1,data\raw\MELD\MELD-RAW\MELD.Raw\test\output_repeated_splits_test\dia53_utt4.mp4,data\preprocessed\features\z_at\test_dia53_utt4.pt,data\preprocessed\features\z_v\test_dia53_utt4.pt
test_dia54_utt10,meld_real,0,meld_Ross,sadness,sadness,-1,1,1,1,data\raw\MELD\MELD-RAW\MELD.Raw\test\output_repeated_splits_test\dia54_utt10.mp4,data\preprocessed\features\z_at\test_dia54_utt10.pt,data\preprocessed\features\z_v\test_dia54_utt10.pt
test_dia54_utt5,meld_real,0,meld_Ross,neutral,neutral,-1,1,1,1,data\raw\MELD\MELD-RAW\MELD.Raw\test\output_repeated_splits_test\dia54_utt5.mp4,data\preprocessed\features\z_at\test_dia54_utt5.pt,data\preprocessed\features\z_v\test_dia54_utt5.pt
test_dia55_utt2,meld_real,0,meld_Phoebe,joy,joy,-1,1,1,1,data\raw\MELD\MELD-RAW\MELD.Raw\test\output_repeated_splits_test\dia55_utt2.mp4,data\preprocessed\features\z_at\test_dia55_utt2.pt,data\preprocessed\features\z_v\test_dia55_utt2.pt
test_dia56_utt0,meld_real,0,meld_Rachel,sadness,sadness,-1,1,1,1,data\raw\MELD\MELD-RAW\MELD.Raw\test\output_repeated_splits_test\dia56_utt0.mp4,data\preprocessed\features\z_at\test_dia56_utt0.pt,data\preprocessed\features\z_v\test_dia56_utt0.pt
test_dia56_utt2,meld_real,0,meld_Rachel,joy,joy,-1,1,1,1,data\raw\MELD\MELD-RAW\MELD.Raw\test\output_repeated_splits_test\dia56_utt2.mp4,data\preprocessed\features\z_at\test_dia56_utt2.pt,data\preprocessed\features\z_v\test_dia56_utt2.pt
test_dia56_utt5,meld_real,0,meld_Ross,joy,joy,-1,1,1,1,data\raw\MELD\MELD-RAW\MELD.Raw\test\output_repeated_splits_test\dia56_utt5.mp4,data\preprocessed\features\z_at\test_dia56_utt5.pt,data\preprocessed\features\z_v\test_dia56_utt5.pt
test_dia57_utt2,meld_real,0,meld_Monica,joy,joy,-1,1,1,1,data\raw\MELD\MELD-RAW\MELD.Raw\test\output_repeated_splits_test\dia57_utt2.mp4,data\preprocessed\features\z_at\test_dia57_utt2.pt,data\preprocessed\features\z_v\test_dia57_utt2.pt
test_dia57_utt5,meld_real,0,meld_Monica,disgust,disgust,-1,1,1,1,data\raw\MELD\MELD-RAW\MELD.Raw\test\output_repeated_splits_test\dia57_utt5.mp4,data\preprocessed\features\z_at\test_dia57_utt5.pt,data\preprocessed\features\z_v\test_dia57_utt5.pt
test_dia58_utt13,meld_real,0,meld_Monica,joy,joy,-1,1,1,1,data\raw\MELD\MELD-RAW\MELD.Raw\test\output_repeated_splits_test\dia58_utt13.mp4,data\preprocessed\features\z_at\test_dia58_utt13.pt,data\preprocessed\features\z_v\test_dia58_utt13.pt
test_dia58_utt2,meld_real,0,meld_Chandler,joy,joy,-1,1,1,1,data\raw\MELD\MELD-RAW\MELD.Raw\test\output_repeated_splits_test\dia58_utt2.mp4,data\preprocessed\features\z_at\test_dia58_utt2.pt,data\preprocessed\features\z_v\test_dia58_utt2.pt
test_dia58_utt3,meld_real,0,meld_Monica,joy,joy,-1,1,1,1,data\raw\MELD\MELD-RAW\MELD.Raw\test\output_repeated_splits_test\dia58_utt3.mp4,data\preprocessed\features\z_at\test_dia58_utt3.pt,data\preprocessed\features\z_v\test_dia58_utt3.pt
test_dia58_utt9,meld_real,0,meld_Chandler,sadness,sadness,-1,1,1,1,data\raw\MELD\MELD-RAW\MELD.Raw\test\output_repeated_splits_test\dia58_utt9.mp4,data\preprocessed\features\z_at\test_dia58_utt9.pt,data\preprocessed\features\z_v\test_dia58_utt9.pt
test_dia59_utt0,meld_real,0,meld_Ross,neutral,neutral,-1,1,1,1,data\raw\MELD\MELD-RAW\MELD.Raw\test\output_repeated_splits_test\dia59_utt0.mp4,data\preprocessed\features\z_at\test_dia59_utt0.pt,data\preprocessed\features\z_v\test_dia59_utt0.pt
test_dia60_utt0,meld_real,0,meld_Chandler,fear,fear,-1,1,1,1,data\raw\MELD\MELD-RAW\MELD.Raw\test\output_repeated_splits_test\dia60_utt0.mp4,data\preprocessed\features\z_at\test_dia60_utt0.pt,data\preprocessed\features\z_v\test_dia60_utt0.pt
test_dia60_utt5,meld_real,0,meld_Janice,anger,anger,-1,1,1,1,data\raw\MELD\MELD-RAW\MELD.Raw\test\output_repeated_splits_test\dia60_utt5.mp4,data\preprocessed\features\z_at\test_dia60_utt5.pt,data\preprocessed\features\z_v\test_dia60_utt5.pt
test_dia61_utt1,meld_real,0,meld_Monica,disgust,disgust,-1,1,1,1,data\raw\MELD\MELD-RAW\MELD.Raw\test\output_repeated_splits_test\dia61_utt1.mp4,data\preprocessed\features\z_at\test_dia61_utt1.pt,data\preprocessed\features\z_v\test_dia61_utt1.pt
test_dia63_utt0,meld_real,0,meld_Phoebe,neutral,neutral,-1,1,1,1,data\raw\MELD\MELD-RAW\MELD.Raw\test\output_repeated_splits_test\dia63_utt0.mp4,data\preprocessed\features\z_at\test_dia63_utt0.pt,data\preprocessed\features\z_v\test_dia63_utt0.pt
test_dia64_utt12,meld_real,0,meld_Joey,sadness,sadness,-1,1,1,1,data\raw\MELD\MELD-RAW\MELD.Raw\test\output_repeated_splits_test\dia64_utt12.mp4,data\preprocessed\features\z_at\test_dia64_utt12.pt,data\preprocessed\features\z_v\test_dia64_utt12.pt
test_dia64_utt16,meld_real,0,meld_Joey,neutral,neutral,-1,1,1,1,data\raw\MELD\MELD-RAW\MELD.Raw\test\output_repeated_splits_test\dia64_utt16.mp4,data\preprocessed\features\z_at\test_dia64_utt16.pt,data\preprocessed\features\z_v\test_dia64_utt16.pt
test_dia64_utt8,meld_real,0,meld_Joey,neutral,neutral,-1,1,1,1,data\raw\MELD\MELD-RAW\MELD.Raw\test\output_repeated_splits_test\dia64_utt8.mp4,data\preprocessed\features\z_at\test_dia64_utt8.pt,data\preprocessed\features\z_v\test_dia64_utt8.pt
test_dia65_utt3,meld_real,0,meld_Joey,disgust,disgust,-1,1,1,1,data\raw\MELD\MELD-RAW\MELD.Raw\test\output_repeated_splits_test\dia65_utt3.mp4,data\preprocessed\features\z_at\test_dia65_utt3.pt,data\preprocessed\features\z_v\test_dia65_utt3.pt
test_dia65_utt6,meld_real,0,meld_Chandler,anger,anger,-1,1,1,1,data\raw\MELD\MELD-RAW\MELD.Raw\test\output_repeated_splits_test\dia65_utt6.mp4,data\preprocessed\features\z_at\test_dia65_utt6.pt,data\preprocessed\features\z_v\test_dia65_utt6.pt
test_dia65_utt9,meld_real,0,meld_Chandler,anger,anger,-1,1,1,1,data\raw\MELD\MELD-RAW\MELD.Raw\test\output_repeated_splits_test\dia65_utt9.mp4,data\preprocessed\features\z_at\test_dia65_utt9.pt,data\preprocessed\features\z_v\test_dia65_utt9.pt
test_dia66_utt4,meld_real,0,meld_Ross,joy,joy,-1,1,1,1,data\raw\MELD\MELD-RAW\MELD.Raw\test\output_repeated_splits_test\dia66_utt4.mp4,data\preprocessed\features\z_at\test_dia66_utt4.pt,data\preprocessed\features\z_v\test_dia66_utt4.pt
test_dia68_utt2,meld_real,0,meld_Joey,neutral,neutral,-1,1,1,1,data\raw\MELD\MELD-RAW\MELD.Raw\test\output_repeated_splits_test\dia68_utt2.mp4,data\preprocessed\features\z_at\test_dia68_utt2.pt,data\preprocessed\features\z_v\test_dia68_utt2.pt
test_dia68_utt4,meld_real,0,meld_Joey,neutral,neutral,-1,1,1,1,data\raw\MELD\MELD-RAW\MELD.Raw\test\output_repeated_splits_test\dia68_utt4.mp4,data\preprocessed\features\z_at\test_dia68_utt4.pt,data\preprocessed\features\z_v\test_dia68_utt4.pt
test_dia68_utt5,meld_real,0,meld_Rachel,anger,anger,-1,1,1,1,data\raw\MELD\MELD-RAW\MELD.Raw\test\output_repeated_splits_test\dia68_utt5.mp4,data\preprocessed\features\z_at\test_dia68_utt5.pt,data\preprocessed\features\z_v\test_dia68_utt5.pt
test_dia69_utt1,meld_real,0,meld_Chandler,anger,anger,-1,1,1,1,data\raw\MELD\MELD-RAW\MELD.Raw\test\output_repeated_splits_test\dia69_utt1.mp4,data\preprocessed\features\z_at\test_dia69_utt1.pt,data\preprocessed\features\z_v\test_dia69_utt1.pt
test_dia69_utt3,meld_real,0,meld_Chandler,neutral,neutral,-1,1,1,1,data\raw\MELD\MELD-RAW\MELD.Raw\test\output_repeated_splits_test\dia69_utt3.mp4,data\preprocessed\features\z_at\test_dia69_utt3.pt,data\preprocessed\features\z_v\test_dia69_utt3.pt
test_dia69_utt5,meld_real,0,meld_Chandler,joy,joy,-1,1,1,1,data\raw\MELD\MELD-RAW\MELD.Raw\test\output_repeated_splits_test\dia69_utt5.mp4,data\preprocessed\features\z_at\test_dia69_utt5.pt,data\preprocessed\features\z_v\test_dia69_utt5.pt
test_dia6_utt0,meld_real,0,meld_Joey,neutral,neutral,-1,1,1,1,data\raw\MELD\MELD-RAW\MELD.Raw\test\output_repeated_splits_test\dia6_utt0.mp4,data\preprocessed\features\z_at\test_dia6_utt0.pt,data\preprocessed\features\z_v\test_dia6_utt0.pt
test_dia6_utt1,meld_real,0,meld_Monica,neutral,neutral,-1,1,1,1,data\raw\MELD\MELD-RAW\MELD.Raw\test\output_repeated_splits_test\dia6_utt1.mp4,data\preprocessed\features\z_at\test_dia6_utt1.pt,data\preprocessed\features\z_v\test_dia6_utt1.pt
test_dia70_utt1,meld_real,0,meld_Molly,neutral,neutral,-1,1,1,1,data\raw\MELD\MELD-RAW\MELD.Raw\test\output_repeated_splits_test\dia70_utt1.mp4,data\preprocessed\features\z_at\test_dia70_utt1.pt,data\preprocessed\features\z_v\test_dia70_utt1.pt
test_dia70_utt10,meld_real,0,meld_Joey,disgust,disgust,-1,1,1,1,data\raw\MELD\MELD-RAW\MELD.Raw\test\output_repeated_splits_test\dia70_utt10.mp4,data\preprocessed\features\z_at\test_dia70_utt10.pt,data\preprocessed\features\z_v\test_dia70_utt10.pt
test_dia70_utt15,meld_real,0,meld_Joey,sadness,sadness,-1,1,1,1,data\raw\MELD\MELD-RAW\MELD.Raw\test\output_repeated_splits_test\dia70_utt15.mp4,data\preprocessed\features\z_at\test_dia70_utt15.pt,data\preprocessed\features\z_v\test_dia70_utt15.pt
test_dia70_utt16,meld_real,0,meld_Joey,sadness,sadness,-1,1,1,1,data\raw\MELD\MELD-RAW\MELD.Raw\test\output_repeated_splits_test\dia70_utt16.mp4,data\preprocessed\features\z_at\test_dia70_utt16.pt,data\preprocessed\features\z_v\test_dia70_utt16.pt
test_dia70_utt21,meld_real,0,meld_Ross,neutral,neutral,-1,1,1,1,data\raw\MELD\MELD-RAW\MELD.Raw\test\output_repeated_splits_test\dia70_utt21.mp4,data\preprocessed\features\z_at\test_dia70_utt21.pt,data\preprocessed\features\z_v\test_dia70_utt21.pt
test_dia70_utt9,meld_real,0,meld_Ross,disgust,disgust,-1,1,1,1,data\raw\MELD\MELD-RAW\MELD.Raw\test\output_repeated_splits_test\dia70_utt9.mp4,data\preprocessed\features\z_at\test_dia70_utt9.pt,data\preprocessed\features\z_v\test_dia70_utt9.pt
test_dia71_utt0,meld_real,0,meld_Joey,joy,joy,-1,1,1,1,data\raw\MELD\MELD-RAW\MELD.Raw\test\output_repeated_splits_test\dia71_utt0.mp4,data\preprocessed\features\z_at\test_dia71_utt0.pt,data\preprocessed\features\z_v\test_dia71_utt0.pt
test_dia71_utt10,meld_real,0,meld_Joey,neutral,neutral,-1,1,1,1,data\raw\MELD\MELD-RAW\MELD.Raw\test\output_repeated_splits_test\dia71_utt10.mp4,data\preprocessed\features\z_at\test_dia71_utt10.pt,data\preprocessed\features\z_v\test_dia71_utt10.pt
test_dia71_utt12,meld_real,0,meld_Joey,joy,joy,-1,1,1,1,data\raw\MELD\MELD-RAW\MELD.Raw\test\output_repeated_splits_test\dia71_utt12.mp4,data\preprocessed\features\z_at\test_dia71_utt12.pt,data\preprocessed\features\z_v\test_dia71_utt12.pt
test_dia71_utt6,meld_real,0,meld_Joey,neutral,neutral,-1,1,1,1,data\raw\MELD\MELD-RAW\MELD.Raw\test\output_repeated_splits_test\dia71_utt6.mp4,data\preprocessed\features\z_at\test_dia71_utt6.pt,data\preprocessed\features\z_v\test_dia71_utt6.pt
test_dia71_utt8,meld_real,0,meld_Joey,neutral,neutral,-1,1,1,1,data\raw\MELD\MELD-RAW\MELD.Raw\test\output_repeated_splits_test\dia71_utt8.mp4,data\preprocessed\features\z_at\test_dia71_utt8.pt,data\preprocessed\features\z_v\test_dia71_utt8.pt
test_dia71_utt9,meld_real,0,meld_Joey,neutral,neutral,-1,1,1,1,data\raw\MELD\MELD-RAW\MELD.Raw\test\output_repeated_splits_test\dia71_utt9.mp4,data\preprocessed\features\z_at\test_dia71_utt9.pt,data\preprocessed\features\z_v\test_dia71_utt9.pt
test_dia72_utt0,meld_real,0,meld_Nurse,neutral,neutral,-1,1,1,1,data\raw\MELD\MELD-RAW\MELD.Raw\test\output_repeated_splits_test\dia72_utt0.mp4,data\preprocessed\features\z_at\test_dia72_utt0.pt,data\preprocessed\features\z_v\test_dia72_utt0.pt
test_dia72_utt1,meld_real,0,meld_Rachel,joy,joy,-1,1,1,1,data\raw\MELD\MELD-RAW\MELD.Raw\test\output_repeated_splits_test\dia72_utt1.mp4,data\preprocessed\features\z_at\test_dia72_utt1.pt,data\preprocessed\features\z_v\test_dia72_utt1.pt
test_dia72_utt13,meld_real,0,meld_Rachel,anger,anger,-1,1,1,1,data\raw\MELD\MELD-RAW\MELD.Raw\test\output_repeated_splits_test\dia72_utt13.mp4,data\preprocessed\features\z_at\test_dia72_utt13.pt,data\preprocessed\features\z_v\test_dia72_utt13.pt
test_dia72_utt15,meld_real,0,meld_Rachel,neutral,neutral,-1,1,1,1,data\raw\MELD\MELD-RAW\MELD.Raw\test\output_repeated_splits_test\dia72_utt15.mp4,data\preprocessed\features\z_at\test_dia72_utt15.pt,data\preprocessed\features\z_v\test_dia72_utt15.pt
test_dia72_utt16,meld_real,0,meld_Woman,neutral,neutral,-1,1,1,1,data\raw\MELD\MELD-RAW\MELD.Raw\test\output_repeated_splits_test\dia72_utt16.mp4,data\preprocessed\features\z_at\test_dia72_utt16.pt,data\preprocessed\features\z_v\test_dia72_utt16.pt
test_dia72_utt7,meld_real,0,meld_Rachel,anger,anger,-1,1,1,1,data\raw\MELD\MELD-RAW\MELD.Raw\test\output_repeated_splits_test\dia72_utt7.mp4,data\preprocessed\features\z_at\test_dia72_utt7.pt,data\preprocessed\features\z_v\test_dia72_utt7.pt
test_dia72_utt9,meld_real,0,meld_Rachel,anger,anger,-1,1,1,1,data\raw\MELD\MELD-RAW\MELD.Raw\test\output_repeated_splits_test\dia72_utt9.mp4,data\preprocessed\features\z_at\test_dia72_utt9.pt,data\preprocessed\features\z_v\test_dia72_utt9.pt
test_dia73_utt0,meld_real,0,meld_Joey,fear,fear,-1,1,1,1,data\raw\MELD\MELD-RAW\MELD.Raw\test\output_repeated_splits_test\dia73_utt0.mp4,data\preprocessed\features\z_at\test_dia73_utt0.pt,data\preprocessed\features\z_v\test_dia73_utt0.pt
test_dia73_utt7,meld_real,0,meld_Phoebe,joy,joy,-1,1,1,1,data\raw\MELD\MELD-RAW\MELD.Raw\test\output_repeated_splits_test\dia73_utt7.mp4,data\preprocessed\features\z_at\test_dia73_utt7.pt,data\preprocessed\features\z_v\test_dia73_utt7.pt
test_dia73_utt8,meld_real,0,meld_Ross,anger,anger,-1,1,1,1,data\raw\MELD\MELD-RAW\MELD.Raw\test\output_repeated_splits_test\dia73_utt8.mp4,data\preprocessed\features\z_at\test_dia73_utt8.pt,data\preprocessed\features\z_v\test_dia73_utt8.pt
test_dia74_utt0,meld_real,0,meld_Phoebe,joy,joy,-1,1,1,1,data\raw\MELD\MELD-RAW\MELD.Raw\test\output_repeated_splits_test\dia74_utt0.mp4,data\preprocessed\features\z_at\test_dia74_utt0.pt,data\preprocessed\features\z_v\test_dia74_utt0.pt
test_dia75_utt5,meld_real,0,meld_Phoebe,neutral,neutral,-1,1,1,1,data\raw\MELD\MELD-RAW\MELD.Raw\test\output_repeated_splits_test\dia75_utt5.mp4,data\preprocessed\features\z_at\test_dia75_utt5.pt,data\preprocessed\features\z_v\test_dia75_utt5.pt
test_dia76_utt11,meld_real,0,meld_Ross,neutral,neutral,-1,1,1,1,data\raw\MELD\MELD-RAW\MELD.Raw\test\output_repeated_splits_test\dia76_utt11.mp4,data\preprocessed\features\z_at\test_dia76_utt11.pt,data\preprocessed\features\z_v\test_dia76_utt11.pt
test_dia76_utt16,meld_real,0,meld_Phoebe,joy,joy,-1,1,1,1,data\raw\MELD\MELD-RAW\MELD.Raw\test\output_repeated_splits_test\dia76_utt16.mp4,data\preprocessed\features\z_at\test_dia76_utt16.pt,data\preprocessed\features\z_v\test_dia76_utt16.pt
test_dia76_utt7,meld_real,0,meld_Rachel,neutral,neutral,-1,1,1,1,data\raw\MELD\MELD-RAW\MELD.Raw\test\output_repeated_splits_test\dia76_utt7.mp4,data\preprocessed\features\z_at\test_dia76_utt7.pt,data\preprocessed\features\z_v\test_dia76_utt7.pt
test_dia77_utt3,meld_real,0,meld_Monica,anger,anger,-1,1,1,1,data\raw\MELD\MELD-RAW\MELD.Raw\test\output_repeated_splits_test\dia77_utt3.mp4,data\preprocessed\features\z_at\test_dia77_utt3.pt,data\preprocessed\features\z_v\test_dia77_utt3.pt
test_dia77_utt4,meld_real,0,meld_Rachel,sadness,sadness,-1,1,1,1,data\raw\MELD\MELD-RAW\MELD.Raw\test\output_repeated_splits_test\dia77_utt4.mp4,data\preprocessed\features\z_at\test_dia77_utt4.pt,data\preprocessed\features\z_v\test_dia77_utt4.pt
test_dia7_utt4,meld_real,0,meld_Monica,neutral,neutral,-1,1,1,1,data\raw\MELD\MELD-RAW\MELD.Raw\test\output_repeated_splits_test\dia7_utt4.mp4,data\preprocessed\features\z_at\test_dia7_utt4.pt,data\preprocessed\features\z_v\test_dia7_utt4.pt
test_dia7_utt5,meld_real,0,meld_Ross,neutral,neutral,-1,1,1,1,data\raw\MELD\MELD-RAW\MELD.Raw\test\output_repeated_splits_test\dia7_utt5.mp4,data\preprocessed\features\z_at\test_dia7_utt5.pt,data\preprocessed\features\z_v\test_dia7_utt5.pt
test_dia7_utt7,meld_real,0,meld_Ross,neutral,neutral,-1,1,1,1,data\raw\MELD\MELD-RAW\MELD.Raw\test\output_repeated_splits_test\dia7_utt7.mp4,data\preprocessed\features\z_at\test_dia7_utt7.pt,data\preprocessed\features\z_v\test_dia7_utt7.pt
test_dia80_utt0,meld_real,0,meld_Rachel,anger,anger,-1,1,1,1,data\raw\MELD\MELD-RAW\MELD.Raw\test\output_repeated_splits_test\dia80_utt0.mp4,data\preprocessed\features\z_at\test_dia80_utt0.pt,data\preprocessed\features\z_v\test_dia80_utt0.pt
test_dia80_utt6,meld_real,0,meld_Joey,neutral,neutral,-1,1,1,1,data\raw\MELD\MELD-RAW\MELD.Raw\test\output_repeated_splits_test\dia80_utt6.mp4,data\preprocessed\features\z_at\test_dia80_utt6.pt,data\preprocessed\features\z_v\test_dia80_utt6.pt
test_dia83_utt0,meld_real,0,meld_Chandler,neutral,neutral,-1,1,1,1,data\raw\MELD\MELD-RAW\MELD.Raw\test\output_repeated_splits_test\dia83_utt0.mp4,data\preprocessed\features\z_at\test_dia83_utt0.pt,data\preprocessed\features\z_v\test_dia83_utt0.pt
test_dia83_utt2,meld_real,0,meld_Ross,neutral,neutral,-1,1,1,1,data\raw\MELD\MELD-RAW\MELD.Raw\test\output_repeated_splits_test\dia83_utt2.mp4,data\preprocessed\features\z_at\test_dia83_utt2.pt,data\preprocessed\features\z_v\test_dia83_utt2.pt
test_dia83_utt5,meld_real,0,meld_Chandler,anger,anger,-1,1,1,1,data\raw\MELD\MELD-RAW\MELD.Raw\test\output_repeated_splits_test\dia83_utt5.mp4,data\preprocessed\features\z_at\test_dia83_utt5.pt,data\preprocessed\features\z_v\test_dia83_utt5.pt
test_dia83_utt7,meld_real,0,meld_Chandler,sadness,sadness,-1,1,1,1,data\raw\MELD\MELD-RAW\MELD.Raw\test\output_repeated_splits_test\dia83_utt7.mp4,data\preprocessed\features\z_at\test_dia83_utt7.pt,data\preprocessed\features\z_v\test_dia83_utt7.pt
test_dia83_utt8,meld_real,0,meld_Monica,neutral,neutral,-1,1,1,1,data\raw\MELD\MELD-RAW\MELD.Raw\test\output_repeated_splits_test\dia83_utt8.mp4,data\preprocessed\features\z_at\test_dia83_utt8.pt,data\preprocessed\features\z_v\test_dia83_utt8.pt
test_dia84_utt0,meld_real,0,meld_Chandler,anger,anger,-1,1,1,1,data\raw\MELD\MELD-RAW\MELD.Raw\test\output_repeated_splits_test\dia84_utt0.mp4,data\preprocessed\features\z_at\test_dia84_utt0.pt,data\preprocessed\features\z_v\test_dia84_utt0.pt
test_dia85_utt3,meld_real,0,meld_Joey,anger,anger,-1,1,1,1,data\raw\MELD\MELD-RAW\MELD.Raw\test\output_repeated_splits_test\dia85_utt3.mp4,data\preprocessed\features\z_at\test_dia85_utt3.pt,data\preprocessed\features\z_v\test_dia85_utt3.pt
test_dia86_utt2,meld_real,0,meld_Rachel,neutral,neutral,-1,1,1,1,data\raw\MELD\MELD-RAW\MELD.Raw\test\output_repeated_splits_test\dia86_utt2.mp4,data\preprocessed\features\z_at\test_dia86_utt2.pt,data\preprocessed\features\z_v\test_dia86_utt2.pt
test_dia86_utt3,meld_real,0,meld_Rachel,neutral,neutral,-1,1,1,1,data\raw\MELD\MELD-RAW\MELD.Raw\test\output_repeated_splits_test\dia86_utt3.mp4,data\preprocessed\features\z_at\test_dia86_utt3.pt,data\preprocessed\features\z_v\test_dia86_utt3.pt
test_dia87_utt1,meld_real,0,meld_Monica,neutral,neutral,-1,1,1,1,data\raw\MELD\MELD-RAW\MELD.Raw\test\output_repeated_splits_test\dia87_utt1.mp4,data\preprocessed\features\z_at\test_dia87_utt1.pt,data\preprocessed\features\z_v\test_dia87_utt1.pt
test_dia88_utt10,meld_real,0,meld_Mike,neutral,neutral,-1,1,1,1,data\raw\MELD\MELD-RAW\MELD.Raw\test\output_repeated_splits_test\dia88_utt10.mp4,data\preprocessed\features\z_at\test_dia88_utt10.pt,data\preprocessed\features\z_v\test_dia88_utt10.pt
test_dia88_utt13,meld_real,0,meld_Mike,neutral,neutral,-1,1,1,1,data\raw\MELD\MELD-RAW\MELD.Raw\test\output_repeated_splits_test\dia88_utt13.mp4,data\preprocessed\features\z_at\test_dia88_utt13.pt,data\preprocessed\features\z_v\test_dia88_utt13.pt
test_dia88_utt2,meld_real,0,meld_Joey,disgust,disgust,-1,1,1,1,data\raw\MELD\MELD-RAW\MELD.Raw\test\output_repeated_splits_test\dia88_utt2.mp4,data\preprocessed\features\z_at\test_dia88_utt2.pt,data\preprocessed\features\z_v\test_dia88_utt2.pt
test_dia88_utt7,meld_real,0,meld_Mike,neutral,neutral,-1,1,1,1,data\raw\MELD\MELD-RAW\MELD.Raw\test\output_repeated_splits_test\dia88_utt7.mp4,data\preprocessed\features\z_at\test_dia88_utt7.pt,data\preprocessed\features\z_v\test_dia88_utt7.pt
test_dia88_utt8,meld_real,0,meld_Joey,sadness,sadness,-1,1,1,1,data\raw\MELD\MELD-RAW\MELD.Raw\test\output_repeated_splits_test\dia88_utt8.mp4,data\preprocessed\features\z_at\test_dia88_utt8.pt,data\preprocessed\features\z_v\test_dia88_utt8.pt
test_dia8_utt0,meld_real,0,meld_Jade,sadness,sadness,-1,1,1,1,data\raw\MELD\MELD-RAW\MELD.Raw\test\output_repeated_splits_test\dia8_utt0.mp4,data\preprocessed\features\z_at\test_dia8_utt0.pt,data\preprocessed\features\z_v\test_dia8_utt0.pt
test_dia8_utt1,meld_real,0,meld_Chandler,joy,joy,-1,1,1,1,data\raw\MELD\MELD-RAW\MELD.Raw\test\output_repeated_splits_test\dia8_utt1.mp4,data\preprocessed\features\z_at\test_dia8_utt1.pt,data\preprocessed\features\z_v\test_dia8_utt1.pt
test_dia8_utt4,meld_real,0,meld_Chandler,neutral,neutral,-1,1,1,1,data\raw\MELD\MELD-RAW\MELD.Raw\test\output_repeated_splits_test\dia8_utt4.mp4,data\preprocessed\features\z_at\test_dia8_utt4.pt,data\preprocessed\features\z_v\test_dia8_utt4.pt
test_dia8_utt6,meld_real,0,meld_Jade,joy,joy,-1,1,1,1,data\raw\MELD\MELD-RAW\MELD.Raw\test\output_repeated_splits_test\dia8_utt6.mp4,data\preprocessed\features\z_at\test_dia8_utt6.pt,data\preprocessed\features\z_v\test_dia8_utt6.pt
test_dia90_utt0,meld_real,0,meld_Rachel,neutral,neutral,-1,1,1,1,data\raw\MELD\MELD-RAW\MELD.Raw\test\output_repeated_splits_test\dia90_utt0.mp4,data\preprocessed\features\z_at\test_dia90_utt0.pt,data\preprocessed\features\z_v\test_dia90_utt0.pt
test_dia91_utt0,meld_real,0,meld_Joey,neutral,neutral,-1,1,1,1,data\raw\MELD\MELD-RAW\MELD.Raw\test\output_repeated_splits_test\dia91_utt0.mp4,data\preprocessed\features\z_at\test_dia91_utt0.pt,data\preprocessed\features\z_v\test_dia91_utt0.pt
test_dia93_utt1,meld_real,0,meld_Chandler,sadness,sadness,-1,1,1,1,data\raw\MELD\MELD-RAW\MELD.Raw\test\output_repeated_splits_test\dia93_utt1.mp4,data\preprocessed\features\z_at\test_dia93_utt1.pt,data\preprocessed\features\z_v\test_dia93_utt1.pt
test_dia93_utt2,meld_real,0,meld_Joey,neutral,neutral,-1,1,1,1,data\raw\MELD\MELD-RAW\MELD.Raw\test\output_repeated_splits_test\dia93_utt2.mp4,data\preprocessed\features\z_at\test_dia93_utt2.pt,data\preprocessed\features\z_v\test_dia93_utt2.pt
test_dia93_utt3,meld_real,0,meld_Wayne,neutral,neutral,-1,1,1,1,data\raw\MELD\MELD-RAW\MELD.Raw\test\output_repeated_splits_test\dia93_utt3.mp4,data\preprocessed\features\z_at\test_dia93_utt3.pt,data\preprocessed\features\z_v\test_dia93_utt3.pt
test_dia93_utt9,meld_real,0,meld_Joey,neutral,neutral,-1,1,1,1,data\raw\MELD\MELD-RAW\MELD.Raw\test\output_repeated_splits_test\dia93_utt9.mp4,data\preprocessed\features\z_at\test_dia93_utt9.pt,data\preprocessed\features\z_v\test_dia93_utt9.pt
test_dia95_utt11,meld_real,0,meld_Phoebe,neutral,neutral,-1,1,1,1,data\raw\MELD\MELD-RAW\MELD.Raw\test\output_repeated_splits_test\dia95_utt11.mp4,data\preprocessed\features\z_at\test_dia95_utt11.pt,data\preprocessed\features\z_v\test_dia95_utt11.pt
test_dia95_utt13,meld_real,0,meld_Phoebe,joy,joy,-1,1,1,1,data\raw\MELD\MELD-RAW\MELD.Raw\test\output_repeated_splits_test\dia95_utt13.mp4,data\preprocessed\features\z_at\test_dia95_utt13.pt,data\preprocessed\features\z_v\test_dia95_utt13.pt
test_dia95_utt17,meld_real,0,meld_Steve,fear,fear,-1,1,1,1,data\raw\MELD\MELD-RAW\MELD.Raw\test\output_repeated_splits_test\dia95_utt17.mp4,data\preprocessed\features\z_at\test_dia95_utt17.pt,data\preprocessed\features\z_v\test_dia95_utt17.pt
test_dia95_utt4,meld_real,0,meld_Ross,neutral,neutral,-1,1,1,1,data\raw\MELD\MELD-RAW\MELD.Raw\test\output_repeated_splits_test\dia95_utt4.mp4,data\preprocessed\features\z_at\test_dia95_utt4.pt,data\preprocessed\features\z_v\test_dia95_utt4.pt
test_dia96_utt13,meld_real,0,meld_Chandler,neutral,neutral,-1,1,1,1,data\raw\MELD\MELD-RAW\MELD.Raw\test\output_repeated_splits_test\dia96_utt13.mp4,data\preprocessed\features\z_at\test_dia96_utt13.pt,data\preprocessed\features\z_v\test_dia96_utt13.pt
test_dia96_utt15,meld_real,0,meld_Chandler,neutral,neutral,-1,1,1,1,data\raw\MELD\MELD-RAW\MELD.Raw\test\output_repeated_splits_test\dia96_utt15.mp4,data\preprocessed\features\z_at\test_dia96_utt15.pt,data\preprocessed\features\z_v\test_dia96_utt15.pt
test_dia96_utt17,meld_real,0,meld_Chandler,neutral,neutral,-1,1,1,1,data\raw\MELD\MELD-RAW\MELD.Raw\test\output_repeated_splits_test\dia96_utt17.mp4,data\preprocessed\features\z_at\test_dia96_utt17.pt,data\preprocessed\features\z_v\test_dia96_utt17.pt
test_dia96_utt18,meld_real,0,meld_Chandler,neutral,neutral,-1,1,1,1,data\raw\MELD\MELD-RAW\MELD.Raw\test\output_repeated_splits_test\dia96_utt18.mp4,data\preprocessed\features\z_at\test_dia96_utt18.pt,data\preprocessed\features\z_v\test_dia96_utt18.pt
test_dia96_utt19,meld_real,0,meld_Monica,neutral,neutral,-1,1,1,1,data\raw\MELD\MELD-RAW\MELD.Raw\test\output_repeated_splits_test\dia96_utt19.mp4,data\preprocessed\features\z_at\test_dia96_utt19.pt,data\preprocessed\features\z_v\test_dia96_utt19.pt
