clip_id,source_pipeline,fake_label,speaker_id,audio_emotion,visual_emotion,sarcasm_label,has_z_at,has_z_v,is_ready_for_training,video_path,z_at_path,z_v_path
train_dia608_utt5,meld_real,0,meld_Ross,fear,fear,-1,1,1,1,data\raw\MELD\MELD-RAW\MELD.Raw\train\train_splits\dia608_utt5.mp4,data\preprocessed\features\z_at\train_dia608_utt5.pt,data\preprocessed\features\z_v\train_dia608_utt5.pt
train_dia608_utt7,meld_real,0,meld_Ross,joy,joy,-1,1,1,1,data\raw\MELD\MELD-RAW\MELD.Raw\train\train_splits\dia608_utt7.mp4,data\preprocessed\features\z_at\train_dia608_utt7.pt,data\preprocessed\features\z_v\train_dia608_utt7.pt
train_dia608_utt9,meld_real,0,meld_Joey,neutral,neutral,-1,1,1,1,data\raw\MELD\MELD-RAW\MELD.Raw\train\train_splits\dia608_utt9.mp4,data\preprocessed\features\z_at\train_dia608_utt9.pt,data\preprocessed\features\z_v\train_dia608_utt9.pt
train_dia610_utt4,meld_real,0,meld_Ross,joy,joy,-1,1,1,1,data\raw\MELD\MELD-RAW\MELD.Raw\train\train_splits\dia610_utt4.mp4,data\preprocessed\features\z_at\train_dia610_utt4.pt,data\preprocessed\features\z_v\train_dia610_utt4.pt
train_dia610_utt6,meld_real,0,meld_Ross,joy,joy,-1,1,1,1,data\raw\MELD\MELD-RAW\MELD.Raw\train\train_splits\dia610_utt6.mp4,data\preprocessed\features\z_at\train_dia610_utt6.pt,data\preprocessed\features\z_v\train_dia610_utt6.pt
train_dia611_utt0,meld_real,0,meld_Ross,neutral,neutral,-1,1,1,1,data\raw\MELD\MELD-RAW\MELD.Raw\train\train_splits\dia611_utt0.mp4,data\preprocessed\features\z_at\train_dia611_utt0.pt,data\preprocessed\features\z_v\train_dia611_utt0.pt
train_dia611_utt10,meld_real,0,meld_Rachel,joy,joy,-1,1,1,1,data\raw\MELD\MELD-RAW\MELD.Raw\train\train_splits\dia611_utt10.mp4,data\preprocessed\features\z_at\train_dia611_utt10.pt,data\preprocessed\features\z_v\train_dia611_utt10.pt
train_dia611_utt4,meld_real,0,meld_Chandler,neutral,neutral,-1,1,1,1,data\raw\MELD\MELD-RAW\MELD.Raw\train\train_splits\dia611_utt4.mp4,data\preprocessed\features\z_at\train_dia611_utt4.pt,data\preprocessed\features\z_v\train_dia611_utt4.pt
train_dia611_utt5,meld_real,0,meld_Rachel,neutral,neutral,-1,1,1,1,data\raw\MELD\MELD-RAW\MELD.Raw\train\train_splits\dia611_utt5.mp4,data\preprocessed\features\z_at\train_dia611_utt5.pt,data\preprocessed\features\z_v\train_dia611_utt5.pt
train_dia612_utt9,meld_real,0,meld_Chandler,neutral,neutral,-1,1,1,1,data\raw\MELD\MELD-RAW\MELD.Raw\train\train_splits\dia612_utt9.mp4,data\preprocessed\features\z_at\train_dia612_utt9.pt,data\preprocessed\features\z_v\train_dia612_utt9.pt
train_dia613_utt10,meld_real,0,meld_Phoebe,anger,anger,-1,1,1,1,data\raw\MELD\MELD-RAW\MELD.Raw\train\train_splits\dia613_utt10.mp4,data\preprocessed\features\z_at\train_dia613_utt10.pt,data\preprocessed\features\z_v\train_dia613_utt10.pt
train_dia613_utt2,meld_real,0,meld_Monica,neutral,neutral,-1,1,1,1,data\raw\MELD\MELD-RAW\MELD.Raw\train\train_splits\dia613_utt2.mp4,data\preprocessed\features\z_at\train_dia613_utt2.pt,data\preprocessed\features\z_v\train_dia613_utt2.pt
train_dia613_utt3,meld_real,0,meld_Phoebe,neutral,neutral,-1,1,1,1,data\raw\MELD\MELD-RAW\MELD.Raw\train\train_splits\dia613_utt3.mp4,data\preprocessed\features\z_at\train_dia613_utt3.pt,data\preprocessed\features\z_v\train_dia613_utt3.pt
train_dia613_utt5,meld_real,0,meld_Phoebe,neutral,neutral,-1,1,1,1,data\raw\MELD\MELD-RAW\MELD.Raw\train\train_splits\dia613_utt5.mp4,data\preprocessed\features\z_at\train_dia613_utt5.pt,data\preprocessed\features\z_v\train_dia613_utt5.pt
train_dia613_utt9,meld_real,0,meld_Monica,anger,anger,-1,1,1,1,data\raw\MELD\MELD-RAW\MELD.Raw\train\train_splits\dia613_utt9.mp4,data\preprocessed\features\z_at\train_dia613_utt9.pt,data\preprocessed\features\z_v\train_dia613_utt9.pt
train_dia614_utt19,meld_real,0,meld_Kim,sadness,sadness,-1,1,1,1,data\raw\MELD\MELD-RAW\MELD.Raw\train\train_splits\dia614_utt19.mp4,data\preprocessed\features\z_at\train_dia614_utt19.pt,data\preprocessed\features\z_v\train_dia614_utt19.pt
train_dia615_utt0,meld_real,0,meld_Chandler,neutral,neutral,-1,1,1,1,data\raw\MELD\MELD-RAW\MELD.Raw\train\train_splits\dia615_utt0.mp4,data\preprocessed\features\z_at\train_dia615_utt0.pt,data\preprocessed\features\z_v\train_dia615_utt0.pt
train_dia615_utt13,meld_real,0,meld_Chandler,anger,anger,-1,1,1,1,data\raw\MELD\MELD-RAW\MELD.Raw\train\train_splits\dia615_utt13.mp4,data\preprocessed\features\z_at\train_dia615_utt13.pt,data\preprocessed\features\z_v\train_dia615_utt13.pt
train_dia615_utt16,meld_real,0,meld_Joey,neutral,neutral,-1,1,1,1,data\raw\MELD\MELD-RAW\MELD.Raw\train\train_splits\dia615_utt16.mp4,data\preprocessed\features\z_at\train_dia615_utt16.pt,data\preprocessed\features\z_v\train_dia615_utt16.pt
train_dia615_utt19,meld_real,0,meld_Ross,neutral,neutral,-1,1,1,1,data\raw\MELD\MELD-RAW\MELD.Raw\train\train_splits\dia615_utt19.mp4,data\preprocessed\features\z_at\train_dia615_utt19.pt,data\preprocessed\features\z_v\train_dia615_utt19.pt
train_dia615_utt22,meld_real,0,meld_Rachel,anger,anger,-1,1,1,1,data\raw\MELD\MELD-RAW\MELD.Raw\train\train_splits\dia615_utt22.mp4,data\preprocessed\features\z_at\train_dia615_utt22.pt,data\preprocessed\features\z_v\train_dia615_utt22.pt
train_dia616_utt0,meld_real,0,meld_Joey,sadness,sadness,-1,1,1,1,data\raw\MELD\MELD-RAW\MELD.Raw\train\train_splits\dia616_utt0.mp4,data\preprocessed\features\z_at\train_dia616_utt0.pt,data\preprocessed\features\z_v\train_dia616_utt0.pt
train_dia617_utt1,meld_real,0,meld_Monica,neutral,neutral,-1,1,1,1,data\raw\MELD\MELD-RAW\MELD.Raw\train\train_splits\dia617_utt1.mp4,data\preprocessed\features\z_at\train_dia617_utt1.pt,data\preprocessed\features\z_v\train_dia617_utt1.pt
train_dia617_utt7,meld_real,0,meld_Phoebe,anger,anger,-1,1,1,1,data\raw\MELD\MELD-RAW\MELD.Raw\train\train_splits\dia617_utt7.mp4,data\preprocessed\features\z_at\train_dia617_utt7.pt,data\preprocessed\features\z_v\train_dia617_utt7.pt
train_dia619_utt1,meld_real,0,meld_Rachel,neutral,neutral,-1,1,1,1,data\raw\MELD\MELD-RAW\MELD.Raw\train\train_splits\dia619_utt1.mp4,data\preprocessed\features\z_at\train_dia619_utt1.pt,data\preprocessed\features\z_v\train_dia619_utt1.pt
train_dia619_utt2,meld_real,0,meld_Janice,neutral,neutral,-1,1,1,1,data\raw\MELD\MELD-RAW\MELD.Raw\train\train_splits\dia619_utt2.mp4,data\preprocessed\features\z_at\train_dia619_utt2.pt,data\preprocessed\features\z_v\train_dia619_utt2.pt
train_dia619_utt4,meld_real,0,meld_Janice,neutral,neutral,-1,1,1,1,data\raw\MELD\MELD-RAW\MELD.Raw\train\train_splits\dia619_utt4.mp4,data\preprocessed\features\z_at\train_dia619_utt4.pt,data\preprocessed\features\z_v\train_dia619_utt4.pt
train_dia619_utt6,meld_real,0,meld_Janice,neutral,neutral,-1,1,1,1,data\raw\MELD\MELD-RAW\MELD.Raw\train\train_splits\dia619_utt6.mp4,data\preprocessed\features\z_at\train_dia619_utt6.pt,data\preprocessed\features\z_v\train_dia619_utt6.pt
train_dia619_utt7,meld_real,0,meld_Rachel,sadness,sadness,-1,1,1,1,data\raw\MELD\MELD-RAW\MELD.Raw\train\train_splits\dia619_utt7.mp4,data\preprocessed\features\z_at\train_dia619_utt7.pt,data\preprocessed\features\z_v\train_dia619_utt7.pt
train_dia619_utt8,meld_real,0,meld_Janice,disgust,disgust,-1,1,1,1,data\raw\MELD\MELD-RAW\MELD.Raw\train\train_splits\dia619_utt8.mp4,data\preprocessed\features\z_at\train_dia619_utt8.pt,data\preprocessed\features\z_v\train_dia619_utt8.pt
train_dia61_utt4,meld_real,0,meld_Doug,neutral,neutral,-1,1,1,1,data\raw\MELD\MELD-RAW\MELD.Raw\train\train_splits\dia61_utt4.mp4,data\preprocessed\features\z_at\train_dia61_utt4.pt,data\preprocessed\features\z_v\train_dia61_utt4.pt
train_dia61_utt6,meld_real,0,meld_Doug,joy,joy,-1,1,1,1,data\raw\MELD\MELD-RAW\MELD.Raw\train\train_splits\dia61_utt6.mp4,data\preprocessed\features\z_at\train_dia61_utt6.pt,data\preprocessed\features\z_v\train_dia61_utt6.pt
train_dia620_utt0,meld_real,0,meld_Phoebe,neutral,neutral,-1,1,1,1,data\raw\MELD\MELD-RAW\MELD.Raw\train\train_splits\dia620_utt0.mp4,data\preprocessed\features\z_at\train_dia620_utt0.pt,data\preprocessed\features\z_v\train_dia620_utt0.pt
train_dia621_utt4,meld_real,0,meld_Rachel,anger,anger,-1,1,1,1,data\raw\MELD\MELD-RAW\MELD.Raw\train\train_splits\dia621_utt4.mp4,data\preprocessed\features\z_at\train_dia621_utt4.pt,data\preprocessed\features\z_v\train_dia621_utt4.pt
train_dia621_utt6,meld_real,0,meld_Rachel,neutral,neutral,-1,1,1,1,data\raw\MELD\MELD-RAW\MELD.Raw\train\train_splits\dia621_utt6.mp4,data\preprocessed\features\z_at\train_dia621_utt6.pt,data\preprocessed\features\z_v\train_dia621_utt6.pt
train_dia621_utt7,meld_real,0,meld_Ross,neutral,neutral,-1,1,1,1,data\raw\MELD\MELD-RAW\MELD.Raw\train\train_splits\dia621_utt7.mp4,data\preprocessed\features\z_at\train_dia621_utt7.pt,data\preprocessed\features\z_v\train_dia621_utt7.pt
train_dia622_utt13,meld_real,0,meld_Rachel,joy,joy,-1,1,1,1,data\raw\MELD\MELD-RAW\MELD.Raw\train\train_splits\dia622_utt13.mp4,data\preprocessed\features\z_at\train_dia622_utt13.pt,data\preprocessed\features\z_v\train_dia622_utt13.pt
train_dia622_utt14,meld_real,0,meld_Phoebe,neutral,neutral,-1,1,1,1,data\raw\MELD\MELD-RAW\MELD.Raw\train\train_splits\dia622_utt14.mp4,data\preprocessed\features\z_at\train_dia622_utt14.pt,data\preprocessed\features\z_v\train_dia622_utt14.pt
train_dia622_utt2,meld_real,0,meld_Rachel,neutral,neutral,-1,1,1,1,data\raw\MELD\MELD-RAW\MELD.Raw\train\train_splits\dia622_utt2.mp4,data\preprocessed\features\z_at\train_dia622_utt2.pt,data\preprocessed\features\z_v\train_dia622_utt2.pt
train_dia622_utt3,meld_real,0,meld_Phoebe,neutral,neutral,-1,1,1,1,data\raw\MELD\MELD-RAW\MELD.Raw\train\train_splits\dia622_utt3.mp4,data\preprocessed\features\z_at\train_dia622_utt3.pt,data\preprocessed\features\z_v\train_dia622_utt3.pt
train_dia622_utt6,meld_real,0,meld_Rachel,neutral,neutral,-1,1,1,1,data\raw\MELD\MELD-RAW\MELD.Raw\train\train_splits\dia622_utt6.mp4,data\preprocessed\features\z_at\train_dia622_utt6.pt,data\preprocessed\features\z_v\train_dia622_utt6.pt
train_dia622_utt9,meld_real,0,meld_Phoebe,neutral,neutral,-1,1,1,1,data\raw\MELD\MELD-RAW\MELD.Raw\train\train_splits\dia622_utt9.mp4,data\preprocessed\features\z_at\train_dia622_utt9.pt,data\preprocessed\features\z_v\train_dia622_utt9.pt
train_dia623_utt12,meld_real,0,meld_Joey,joy,joy,-1,1,1,1,data\raw\MELD\MELD-RAW\MELD.Raw\train\train_splits\dia623_utt12.mp4,data\preprocessed\features\z_at\train_dia623_utt12.pt,data\preprocessed\features\z_v\train_dia623_utt12.pt
train_dia623_utt15,meld_real,0,meld_Ross,neutral,neutral,-1,1,1,1,data\raw\MELD\MELD-RAW\MELD.Raw\train\train_splits\dia623_utt15.mp4,data\preprocessed\features\z_at\train_dia623_utt15.pt,data\preprocessed\features\z_v\train_dia623_utt15.pt
train_dia623_utt3,meld_real,0,meld_Joey,anger,anger,-1,1,1,1,data\raw\MELD\MELD-RAW\MELD.Raw\train\train_splits\dia623_utt3.mp4,data\preprocessed\features\z_at\train_dia623_utt3.pt,data\preprocessed\features\z_v\train_dia623_utt3.pt
train_dia625_utt10,meld_real,0,meld_Ross,neutral,neutral,-1,1,1,1,data\raw\MELD\MELD-RAW\MELD.Raw\train\train_splits\dia625_utt10.mp4,data\preprocessed\features\z_at\train_dia625_utt10.pt,data\preprocessed\features\z_v\train_dia625_utt10.pt
train_dia625_utt14,meld_real,0,meld_Ross,neutral,neutral,-1,1,1,1,data\raw\MELD\MELD-RAW\MELD.Raw\train\train_splits\dia625_utt14.mp4,data\preprocessed\features\z_at\train_dia625_utt14.pt,data\preprocessed\features\z_v\train_dia625_utt14.pt
train_dia625_utt15,meld_real,0,meld_Joey,neutral,neutral,-1,1,1,1,data\raw\MELD\MELD-RAW\MELD.Raw\train\train_splits\dia625_utt15.mp4,data\preprocessed\features\z_at\train_dia625_utt15.pt,data\preprocessed\features\z_v\train_dia625_utt15.pt
train_dia625_utt17,meld_real,0,meld_Joey,neutral,neutral,-1,1,1,1,data\raw\MELD\MELD-RAW\MELD.Raw\train\train_splits\dia625_utt17.mp4,data\preprocessed\features\z_at\train_dia625_utt17.pt,data\preprocessed\features\z_v\train_dia625_utt17.pt
train_dia625_utt19,meld_real,0,meld_Joey,neutral,neutral,-1,1,1,1,data\raw\MELD\MELD-RAW\MELD.Raw\train\train_splits\dia625_utt19.mp4,data\preprocessed\features\z_at\train_dia625_utt19.pt,data\preprocessed\features\z_v\train_dia625_utt19.pt
train_dia625_utt4,meld_real,0,meld_Ross,joy,joy,-1,1,1,1,data\raw\MELD\MELD-RAW\MELD.Raw\train\train_splits\dia625_utt4.mp4,data\preprocessed\features\z_at\train_dia625_utt4.pt,data\preprocessed\features\z_v\train_dia625_utt4.pt
train_dia625_utt5,meld_real,0,meld_Joey,neutral,neutral,-1,1,1,1,data\raw\MELD\MELD-RAW\MELD.Raw\train\train_splits\dia625_utt5.mp4,data\preprocessed\features\z_at\train_dia625_utt5.pt,data\preprocessed\features\z_v\train_dia625_utt5.pt
train_dia625_utt8,meld_real,0,meld_Ross,neutral,neutral,-1,1,1,1,data\raw\MELD\MELD-RAW\MELD.Raw\train\train_splits\dia625_utt8.mp4,data\preprocessed\features\z_at\train_dia625_utt8.pt,data\preprocessed\features\z_v\train_dia625_utt8.pt
train_dia626_utt12,meld_real,0,meld_Joey,neutral,neutral,-1,1,1,1,data\raw\MELD\MELD-RAW\MELD.Raw\train\train_splits\dia626_utt12.mp4,data\preprocessed\features\z_at\train_dia626_utt12.pt,data\preprocessed\features\z_v\train_dia626_utt12.pt
train_dia626_utt4,meld_real,0,meld_Chandler,anger,anger,-1,1,1,1,data\raw\MELD\MELD-RAW\MELD.Raw\train\train_splits\dia626_utt4.mp4,data\preprocessed\features\z_at\train_dia626_utt4.pt,data\preprocessed\features\z_v\train_dia626_utt4.pt
train_dia626_utt7,meld_real,0,meld_Monica,neutral,neutral,-1,1,1,1,data\raw\MELD\MELD-RAW\MELD.Raw\train\train_splits\dia626_utt7.mp4,data\preprocessed\features\z_at\train_dia626_utt7.pt,data\preprocessed\features\z_v\train_dia626_utt7.pt
train_dia626_utt9,meld_real,0,meld_Monica,neutral,neutral,-1,1,1,1,data\raw\MELD\MELD-RAW\MELD.Raw\train\train_splits\dia626_utt9.mp4,data\preprocessed\features\z_at\train_dia626_utt9.pt,data\preprocessed\features\z_v\train_dia626_utt9.pt
train_dia628_utt11,meld_real,0,meld_Joey,neutral,neutral,-1,1,1,1,data\raw\MELD\MELD-RAW\MELD.Raw\train\train_splits\dia628_utt11.mp4,data\preprocessed\features\z_at\train_dia628_utt11.pt,data\preprocessed\features\z_v\train_dia628_utt11.pt
train_dia628_utt2,meld_real,0,meld_Joey,neutral,neutral,-1,1,1,1,data\raw\MELD\MELD-RAW\MELD.Raw\train\train_splits\dia628_utt2.mp4,data\preprocessed\features\z_at\train_dia628_utt2.pt,data\preprocessed\features\z_v\train_dia628_utt2.pt
train_dia628_utt3,meld_real,0,meld_Joey,neutral,neutral,-1,1,1,1,data\raw\MELD\MELD-RAW\MELD.Raw\train\train_splits\dia628_utt3.mp4,data\preprocessed\features\z_at\train_dia628_utt3.pt,data\preprocessed\features\z_v\train_dia628_utt3.pt
train_dia629_utt0,meld_real,0,meld_Carol,neutral,neutral,-1,1,1,1,data\raw\MELD\MELD-RAW\MELD.Raw\train\train_splits\dia629_utt0.mp4,data\preprocessed\features\z_at\train_dia629_utt0.pt,data\preprocessed\features\z_v\train_dia629_utt0.pt
train_dia629_utt1,meld_real,0,meld_Ross,joy,joy,-1,1,1,1,data\raw\MELD\MELD-RAW\MELD.Raw\train\train_splits\dia629_utt1.mp4,data\preprocessed\features\z_at\train_dia629_utt1.pt,data\preprocessed\features\z_v\train_dia629_utt1.pt
train_dia629_utt12,meld_real,0,meld_Monica,neutral,neutral,-1,1,1,1,data\raw\MELD\MELD-RAW\MELD.Raw\train\train_splits\dia629_utt12.mp4,data\preprocessed\features\z_at\train_dia629_utt12.pt,data\preprocessed\features\z_v\train_dia629_utt12.pt
train_dia629_utt13,meld_real,0,meld_Monica,neutral,neutral,-1,1,1,1,data\raw\MELD\MELD-RAW\MELD.Raw\train\train_splits\dia629_utt13.mp4,data\preprocessed\features\z_at\train_dia629_utt13.pt,data\preprocessed\features\z_v\train_dia629_utt13.pt
train_dia629_utt8,meld_real,0,meld_Ross,joy,joy,-1,1,1,1,data\raw\MELD\MELD-RAW\MELD.Raw\train\train_splits\dia629_utt8.mp4,data\preprocessed\features\z_at\train_dia629_utt8.pt,data\preprocessed\features\z_v\train_dia629_utt8.pt
train_dia62_utt0,meld_real,0,meld_Chandler,neutral,neutral,-1,1,1,1,data\raw\MELD\MELD-RAW\MELD.Raw\train\train_splits\dia62_utt0.mp4,data\preprocessed\features\z_at\train_dia62_utt0.pt,data\preprocessed\features\z_v\train_dia62_utt0.pt
train_dia62_utt11,meld_real,0,meld_Chandler,neutral,neutral,-1,1,1,1,data\raw\MELD\MELD-RAW\MELD.Raw\train\train_splits\dia62_utt11.mp4,data\preprocessed\features\z_at\train_dia62_utt11.pt,data\preprocessed\features\z_v\train_dia62_utt11.pt
train_dia62_utt9,meld_real,0,meld_Chandler,neutral,neutral,-1,1,1,1,data\raw\MELD\MELD-RAW\MELD.Raw\train\train_splits\dia62_utt9.mp4,data\preprocessed\features\z_at\train_dia62_utt9.pt,data\preprocessed\features\z_v\train_dia62_utt9.pt
train_dia630_utt0,meld_real,0,meld_Monica,joy,joy,-1,1,1,1,data\raw\MELD\MELD-RAW\MELD.Raw\train\train_splits\dia630_utt0.mp4,data\preprocessed\features\z_at\train_dia630_utt0.pt,data\preprocessed\features\z_v\train_dia630_utt0.pt
train_dia630_utt1,meld_real,0,meld_Phoebe,joy,joy,-1,1,1,1,data\raw\MELD\MELD-RAW\MELD.Raw\train\train_splits\dia630_utt1.mp4,data\preprocessed\features\z_at\train_dia630_utt1.pt,data\preprocessed\features\z_v\train_dia630_utt1.pt
train_dia630_utt12,meld_real,0,meld_Joey,neutral,neutral,-1,1,1,1,data\raw\MELD\MELD-RAW\MELD.Raw\train\train_splits\dia630_utt12.mp4,data\preprocessed\features\z_at\train_dia630_utt12.pt,data\preprocessed\features\z_v\train_dia630_utt12.pt
train_dia630_utt13,meld_real,0,meld_Joey,neutral,neutral,-1,1,1,1,data\raw\MELD\MELD-RAW\MELD.Raw\train\train_splits\dia630_utt13.mp4,data\preprocessed\features\z_at\train_dia630_utt13.pt,data\preprocessed\features\z_v\train_dia630_utt13.pt
train_dia630_utt9,meld_real,0,meld_Phoebe,neutral,neutral,-1,1,1,1,data\raw\MELD\MELD-RAW\MELD.Raw\train\train_splits\dia630_utt9.mp4,data\preprocessed\features\z_at\train_dia630_utt9.pt,data\preprocessed\features\z_v\train_dia630_utt9.pt
train_dia632_utt15,meld_real,0,meld_Rachel,neutral,neutral,-1,1,1,1,data\raw\MELD\MELD-RAW\MELD.Raw\train\train_splits\dia632_utt15.mp4,data\preprocessed\features\z_at\train_dia632_utt15.pt,data\preprocessed\features\z_v\train_dia632_utt15.pt
train_dia632_utt17,meld_real,0,meld_Rachel,sadness,sadness,-1,1,1,1,data\raw\MELD\MELD-RAW\MELD.Raw\train\train_splits\dia632_utt17.mp4,data\preprocessed\features\z_at\train_dia632_utt17.pt,data\preprocessed\features\z_v\train_dia632_utt17.pt
train_dia632_utt9,meld_real,0,meld_Rachel,neutral,neutral,-1,1,1,1,data\raw\MELD\MELD-RAW\MELD.Raw\train\train_splits\dia632_utt9.mp4,data\preprocessed\features\z_at\train_dia632_utt9.pt,data\preprocessed\features\z_v\train_dia632_utt9.pt
train_dia633_utt2,meld_real,0,meld_Phoebe,neutral,neutral,-1,1,1,1,data\raw\MELD\MELD-RAW\MELD.Raw\train\train_splits\dia633_utt2.mp4,data\preprocessed\features\z_at\train_dia633_utt2.pt,data\preprocessed\features\z_v\train_dia633_utt2.pt
train_dia634_utt3,meld_real,0,meld_Rachel,anger,anger,-1,1,1,1,data\raw\MELD\MELD-RAW\MELD.Raw\train\train_splits\dia634_utt3.mp4,data\preprocessed\features\z_at\train_dia634_utt3.pt,data\preprocessed\features\z_v\train_dia634_utt3.pt
train_dia634_utt5,meld_real,0,meld_Rachel,sadness,sadness,-1,1,1,1,data\raw\MELD\MELD-RAW\MELD.Raw\train\train_splits\dia634_utt5.mp4,data\preprocessed\features\z_at\train_dia634_utt5.pt,data\preprocessed\features\z_v\train_dia634_utt5.pt
train_dia634_utt6,meld_real,0,meld_Rachel,neutral,neutral,-1,1,1,1,data\raw\MELD\MELD-RAW\MELD.Raw\train\train_splits\dia634_utt6.mp4,data\preprocessed\features\z_at\train_dia634_utt6.pt,data\preprocessed\features\z_v\train_dia634_utt6.pt
train_dia635_utt0,meld_real,0,meld_Monica,neutral,neutral,-1,1,1,1,data\raw\MELD\MELD-RAW\MELD.Raw\train\train_splits\dia635_utt0.mp4,data\preprocessed\features\z_at\train_dia635_utt0.pt,data\preprocessed\features\z_v\train_dia635_utt0.pt
train_dia635_utt2,meld_real,0,meld_Monica,neutral,neutral,-1,1,1,1,data\raw\MELD\MELD-RAW\MELD.Raw\train\train_splits\dia635_utt2.mp4,data\preprocessed\features\z_at\train_dia635_utt2.pt,data\preprocessed\features\z_v\train_dia635_utt2.pt
train_dia635_utt5,meld_real,0,meld_Chandler,neutral,neutral,-1,1,1,1,data\raw\MELD\MELD-RAW\MELD.Raw\train\train_splits\dia635_utt5.mp4,data\preprocessed\features\z_at\train_dia635_utt5.pt,data\preprocessed\features\z_v\train_dia635_utt5.pt
train_dia636_utt5,meld_real,0,meld_Phoebe,joy,joy,-1,1,1,1,data\raw\MELD\MELD-RAW\MELD.Raw\train\train_splits\dia636_utt5.mp4,data\preprocessed\features\z_at\train_dia636_utt5.pt,data\preprocessed\features\z_v\train_dia636_utt5.pt
train_dia636_utt6,meld_real,0,meld_Rachel,neutral,neutral,-1,1,1,1,data\raw\MELD\MELD-RAW\MELD.Raw\train\train_splits\dia636_utt6.mp4,data\preprocessed\features\z_at\train_dia636_utt6.pt,data\preprocessed\features\z_v\train_dia636_utt6.pt
train_dia637_utt11,meld_real,0,meld_Ross,neutral,neutral,-1,1,1,1,data\raw\MELD\MELD-RAW\MELD.Raw\train\train_splits\dia637_utt11.mp4,data\preprocessed\features\z_at\train_dia637_utt11.pt,data\preprocessed\features\z_v\train_dia637_utt11.pt
train_dia638_utt6,meld_real,0,meld_Ross,neutral,neutral,-1,1,1,1,data\raw\MELD\MELD-RAW\MELD.Raw\train\train_splits\dia638_utt6.mp4,data\preprocessed\features\z_at\train_dia638_utt6.pt,data\preprocessed\features\z_v\train_dia638_utt6.pt
train_dia639_utt1,meld_real,0,meld_Phoebe,joy,joy,-1,1,1,1,data\raw\MELD\MELD-RAW\MELD.Raw\train\train_splits\dia639_utt1.mp4,data\preprocessed\features\z_at\train_dia639_utt1.pt,data\preprocessed\features\z_v\train_dia639_utt1.pt
train_dia639_utt5,meld_real,0,meld_Ross,neutral,neutral,-1,1,1,1,data\raw\MELD\MELD-RAW\MELD.Raw\train\train_splits\dia639_utt5.mp4,data\preprocessed\features\z_at\train_dia639_utt5.pt,data\preprocessed\features\z_v\train_dia639_utt5.pt
train_dia63_utt1,meld_real,0,meld_Chandler,neutral,neutral,-1,1,1,1,data\raw\MELD\MELD-RAW\MELD.Raw\train\train_splits\dia63_utt1.mp4,data\preprocessed\features\z_at\train_dia63_utt1.pt,data\preprocessed\features\z_v\train_dia63_utt1.pt
train_dia63_utt2,meld_real,0,meld_Ross,joy,joy,-1,1,1,1,data\raw\MELD\MELD-RAW\MELD.Raw\train\train_splits\dia63_utt2.mp4,data\preprocessed\features\z_at\train_dia63_utt2.pt,data\preprocessed\features\z_v\train_dia63_utt2.pt
train_dia63_utt4,meld_real,0,meld_Ross,joy,joy,-1,1,1,1,data\raw\MELD\MELD-RAW\MELD.Raw\train\train_splits\dia63_utt4.mp4,data\preprocessed\features\z_at\train_dia63_utt4.pt,data\preprocessed\features\z_v\train_dia63_utt4.pt
train_dia63_utt7,meld_real,0,meld_Chandler,sadness,sadness,-1,1,1,1,data\raw\MELD\MELD-RAW\MELD.Raw\train\train_splits\dia63_utt7.mp4,data\preprocessed\features\z_at\train_dia63_utt7.pt,data\preprocessed\features\z_v\train_dia63_utt7.pt
train_dia640_utt10,meld_real,0,meld_Rachel,neutral,neutral,-1,1,1,1,data\raw\MELD\MELD-RAW\MELD.Raw\train\train_splits\dia640_utt10.mp4,data\preprocessed\features\z_at\train_dia640_utt10.pt,data\preprocessed\features\z_v\train_dia640_utt10.pt
train_dia640_utt12,meld_real,0,meld_Mr._Posner,neutral,neutral,-1,1,1,1,data\raw\MELD\MELD-RAW\MELD.Raw\train\train_splits\dia640_utt12.mp4,data\preprocessed\features\z_at\train_dia640_utt12.pt,data\preprocessed\features\z_v\train_dia640_utt12.pt
train_dia640_utt3,meld_real,0,meld_Joanna,neutral,neutral,-1,1,1,1,data\raw\MELD\MELD-RAW\MELD.Raw\train\train_splits\dia640_utt3.mp4,data\preprocessed\features\z_at\train_dia640_utt3.pt,data\preprocessed\features\z_v\train_dia640_utt3.pt
train_dia640_utt6,meld_real,0,meld_Rachel,neutral,neutral,-1,1,1,1,data\raw\MELD\MELD-RAW\MELD.Raw\train\train_splits\dia640_utt6.mp4,data\preprocessed\features\z_at\train_dia640_utt6.pt,data\preprocessed\features\z_v\train_dia640_utt6.pt
train_dia640_utt8,meld_real,0,meld_Rachel,joy,joy,-1,1,1,1,data\raw\MELD\MELD-RAW\MELD.Raw\train\train_splits\dia640_utt8.mp4,data\preprocessed\features\z_at\train_dia640_utt8.pt,data\preprocessed\features\z_v\train_dia640_utt8.pt
train_dia641_utt1,meld_real,0,meld_Chandler,fear,fear,-1,1,1,1,data\raw\MELD\MELD-RAW\MELD.Raw\train\train_splits\dia641_utt1.mp4,data\preprocessed\features\z_at\train_dia641_utt1.pt,data\preprocessed\features\z_v\train_dia641_utt1.pt
train_dia642_utt0,meld_real,0,meld_Monica,neutral,neutral,-1,1,1,1,data\raw\MELD\MELD-RAW\MELD.Raw\train\train_splits\dia642_utt0.mp4,data\preprocessed\features\z_at\train_dia642_utt0.pt,data\preprocessed\features\z_v\train_dia642_utt0.pt
train_dia643_utt6,meld_real,0,meld_Ross,neutral,neutral,-1,1,1,1,data\raw\MELD\MELD-RAW\MELD.Raw\train\train_splits\dia643_utt6.mp4,data\preprocessed\features\z_at\train_dia643_utt6.pt,data\preprocessed\features\z_v\train_dia643_utt6.pt
train_dia644_utt7,meld_real,0,meld_Chandler,anger,anger,-1,1,1,1,data\raw\MELD\MELD-RAW\MELD.Raw\train\train_splits\dia644_utt7.mp4,data\preprocessed\features\z_at\train_dia644_utt7.pt,data\preprocessed\features\z_v\train_dia644_utt7.pt
train_dia645_utt15,meld_real,0,meld_Ross,neutral,neutral,-1,1,1,1,data\raw\MELD\MELD-RAW\MELD.Raw\train\train_splits\dia645_utt15.mp4,data\preprocessed\features\z_at\train_dia645_utt15.pt,data\preprocessed\features\z_v\train_dia645_utt15.pt
train_dia645_utt16,meld_real,0,meld_Phoebe,neutral,neutral,-1,1,1,1,data\raw\MELD\MELD-RAW\MELD.Raw\train\train_splits\dia645_utt16.mp4,data\preprocessed\features\z_at\train_dia645_utt16.pt,data\preprocessed\features\z_v\train_dia645_utt16.pt
train_dia645_utt8,meld_real,0,meld_Rachel,fear,fear,-1,1,1,1,data\raw\MELD\MELD-RAW\MELD.Raw\train\train_splits\dia645_utt8.mp4,data\preprocessed\features\z_at\train_dia645_utt8.pt,data\preprocessed\features\z_v\train_dia645_utt8.pt
train_dia646_utt1,meld_real,0,meld_Rachel,joy,joy,-1,1,1,1,data\raw\MELD\MELD-RAW\MELD.Raw\train\train_splits\dia646_utt1.mp4,data\preprocessed\features\z_at\train_dia646_utt1.pt,data\preprocessed\features\z_v\train_dia646_utt1.pt
train_dia646_utt5,meld_real,0,meld_Rachel,joy,joy,-1,1,1,1,data\raw\MELD\MELD-RAW\MELD.Raw\train\train_splits\dia646_utt5.mp4,data\preprocessed\features\z_at\train_dia646_utt5.pt,data\preprocessed\features\z_v\train_dia646_utt5.pt
train_dia648_utt0,meld_real,0,meld_Monica,neutral,neutral,-1,1,1,1,data\raw\MELD\MELD-RAW\MELD.Raw\train\train_splits\dia648_utt0.mp4,data\preprocessed\features\z_at\train_dia648_utt0.pt,data\preprocessed\features\z_v\train_dia648_utt0.pt
train_dia648_utt1,meld_real,0,meld_Monica,anger,anger,-1,1,1,1,data\raw\MELD\MELD-RAW\MELD.Raw\train\train_splits\dia648_utt1.mp4,data\preprocessed\features\z_at\train_dia648_utt1.pt,data\preprocessed\features\z_v\train_dia648_utt1.pt
train_dia648_utt2,meld_real,0,meld_Monica,anger,anger,-1,1,1,1,data\raw\MELD\MELD-RAW\MELD.Raw\train\train_splits\dia648_utt2.mp4,data\preprocessed\features\z_at\train_dia648_utt2.pt,data\preprocessed\features\z_v\train_dia648_utt2.pt
train_dia648_utt3,meld_real,0,meld_Monica,anger,anger,-1,1,1,1,data\raw\MELD\MELD-RAW\MELD.Raw\train\train_splits\dia648_utt3.mp4,data\preprocessed\features\z_at\train_dia648_utt3.pt,data\preprocessed\features\z_v\train_dia648_utt3.pt
train_dia648_utt5,meld_real,0,meld_Monica,neutral,neutral,-1,1,1,1,data\raw\MELD\MELD-RAW\MELD.Raw\train\train_splits\dia648_utt5.mp4,data\preprocessed\features\z_at\train_dia648_utt5.pt,data\preprocessed\features\z_v\train_dia648_utt5.pt
train_dia649_utt10,meld_real,0,meld_Rachel,neutral,neutral,-1,1,1,1,data\raw\MELD\MELD-RAW\MELD.Raw\train\train_splits\dia649_utt10.mp4,data\preprocessed\features\z_at\train_dia649_utt10.pt,data\preprocessed\features\z_v\train_dia649_utt10.pt
train_dia649_utt15,meld_real,0,meld_Joey,neutral,neutral,-1,1,1,1,data\raw\MELD\MELD-RAW\MELD.Raw\train\train_splits\dia649_utt15.mp4,data\preprocessed\features\z_at\train_dia649_utt15.pt,data\preprocessed\features\z_v\train_dia649_utt15.pt
train_dia649_utt17,meld_real,0,meld_Joey,neutral,neutral,-1,1,1,1,data\raw\MELD\MELD-RAW\MELD.Raw\train\train_splits\dia649_utt17.mp4,data\preprocessed\features\z_at\train_dia649_utt17.pt,data\preprocessed\features\z_v\train_dia649_utt17.pt
train_dia649_utt23,meld_real,0,meld_Joey,anger,anger,-1,1,1,1,data\raw\MELD\MELD-RAW\MELD.Raw\train\train_splits\dia649_utt23.mp4,data\preprocessed\features\z_at\train_dia649_utt23.pt,data\preprocessed\features\z_v\train_dia649_utt23.pt
train_dia649_utt6,meld_real,0,meld_Joey,neutral,neutral,-1,1,1,1,data\raw\MELD\MELD-RAW\MELD.Raw\train\train_splits\dia649_utt6.mp4,data\preprocessed\features\z_at\train_dia649_utt6.pt,data\preprocessed\features\z_v\train_dia649_utt6.pt
train_dia64_utt12,meld_real,0,meld_Chandler,neutral,neutral,-1,1,1,1,data\raw\MELD\MELD-RAW\MELD.Raw\train\train_splits\dia64_utt12.mp4,data\preprocessed\features\z_at\train_dia64_utt12.pt,data\preprocessed\features\z_v\train_dia64_utt12.pt
train_dia64_utt4,meld_real,0,meld_Monica,neutral,neutral,-1,1,1,1,data\raw\MELD\MELD-RAW\MELD.Raw\train\train_splits\dia64_utt4.mp4,data\preprocessed\features\z_at\train_dia64_utt4.pt,data\preprocessed\features\z_v\train_dia64_utt4.pt
train_dia650_utt0,meld_real,0,meld_Rachel,anger,anger,-1,1,1,1,data\raw\MELD\MELD-RAW\MELD.Raw\train\train_splits\dia650_utt0.mp4,data\preprocessed\features\z_at\train_dia650_utt0.pt,data\preprocessed\features\z_v\train_dia650_utt0.pt
train_dia650_utt8,meld_real,0,meld_Rachel,joy,joy,-1,1,1,1,data\raw\MELD\MELD-RAW\MELD.Raw\train\train_splits\dia650_utt8.mp4,data\preprocessed\features\z_at\train_dia650_utt8.pt,data\preprocessed\features\z_v\train_dia650_utt8.pt
train_dia651_utt11,meld_real,0,meld_Joey,neutral,neutral,-1,1,1,1,data\raw\MELD\MELD-RAW\MELD.Raw\train\train_splits\dia651_utt11.mp4,data\preprocessed\features\z_at\train_dia651_utt11.pt,data\preprocessed\features\z_v\train_dia651_utt11.pt
train_dia651_utt6,meld_real,0,meld_Ross,neutral,neutral,-1,1,1,1,data\raw\MELD\MELD-RAW\MELD.Raw\train\train_splits\dia651_utt6.mp4,data\preprocessed\features\z_at\train_dia651_utt6.pt,data\preprocessed\features\z_v\train_dia651_utt6.pt
train_dia651_utt9,meld_real,0,meld_Joey,neutral,neutral,-1,1,1,1,data\raw\MELD\MELD-RAW\MELD.Raw\train\train_splits\dia651_utt9.mp4,data\preprocessed\features\z_at\train_dia651_utt9.pt,data\preprocessed\features\z_v\train_dia651_utt9.pt
train_dia652_utt7,meld_real,0,meld_Chandler,joy,joy,-1,1,1,1,data\raw\MELD\MELD-RAW\MELD.Raw\train\train_splits\dia652_utt7.mp4,data\preprocessed\features\z_at\train_dia652_utt7.pt,data\preprocessed\features\z_v\train_dia652_utt7.pt
train_dia652_utt9,meld_real,0,meld_Chandler,fear,fear,-1,1,1,1,data\raw\MELD\MELD-RAW\MELD.Raw\train\train_splits\dia652_utt9.mp4,data\preprocessed\features\z_at\train_dia652_utt9.pt,data\preprocessed\features\z_v\train_dia652_utt9.pt
train_dia653_utt0,meld_real,0,meld_Chandler,neutral,neutral,-1,1,1,1,data\raw\MELD\MELD-RAW\MELD.Raw\train\train_splits\dia653_utt0.mp4,data\preprocessed\features\z_at\train_dia653_utt0.pt,data\preprocessed\features\z_v\train_dia653_utt0.pt
train_dia654_utt0,meld_real,0,meld_Chandler,sadness,sadness,-1,1,1,1,data\raw\MELD\MELD-RAW\MELD.Raw\train\train_splits\dia654_utt0.mp4,data\preprocessed\features\z_at\train_dia654_utt0.pt,data\preprocessed\features\z_v\train_dia654_utt0.pt
train_dia654_utt3,meld_real,0,meld_Monica,anger,anger,-1,1,1,1,data\raw\MELD\MELD-RAW\MELD.Raw\train\train_splits\dia654_utt3.mp4,data\preprocessed\features\z_at\train_dia654_utt3.pt,data\preprocessed\features\z_v\train_dia654_utt3.pt
train_dia654_utt4,meld_real,0,meld_Chandler,sadness,sadness,-1,1,1,1,data\raw\MELD\MELD-RAW\MELD.Raw\train\train_splits\dia654_utt4.mp4,data\preprocessed\features\z_at\train_dia654_utt4.pt,data\preprocessed\features\z_v\train_dia654_utt4.pt
train_dia654_utt6,meld_real,0,meld_Chandler,neutral,neutral,-1,1,1,1,data\raw\MELD\MELD-RAW\MELD.Raw\train\train_splits\dia654_utt6.mp4,data\preprocessed\features\z_at\train_dia654_utt6.pt,data\preprocessed\features\z_v\train_dia654_utt6.pt
train_dia655_utt11,meld_real,0,meld_Ross,joy,joy,-1,1,1,1,data\raw\MELD\MELD-RAW\MELD.Raw\train\train_splits\dia655_utt11.mp4,data\preprocessed\features\z_at\train_dia655_utt11.pt,data\preprocessed\features\z_v\train_dia655_utt11.pt
train_dia655_utt12,meld_real,0,meld_Elizabeth,joy,joy,-1,1,1,1,data\raw\MELD\MELD-RAW\MELD.Raw\train\train_splits\dia655_utt12.mp4,data\preprocessed\features\z_at\train_dia655_utt12.pt,data\preprocessed\features\z_v\train_dia655_utt12.pt
train_dia655_utt15,meld_real,0,meld_Ross,joy,joy,-1,1,1,1,data\raw\MELD\MELD-RAW\MELD.Raw\train\train_splits\dia655_utt15.mp4,data\preprocessed\features\z_at\train_dia655_utt15.pt,data\preprocessed\features\z_v\train_dia655_utt15.pt
train_dia655_utt3,meld_real,0,meld_Ross,sadness,sadness,-1,1,1,1,data\raw\MELD\MELD-RAW\MELD.Raw\train\train_splits\dia655_utt3.mp4,data\preprocessed\features\z_at\train_dia655_utt3.pt,data\preprocessed\features\z_v\train_dia655_utt3.pt
train_dia655_utt8,meld_real,0,meld_Elizabeth,joy,joy,-1,1,1,1,data\raw\MELD\MELD-RAW\MELD.Raw\train\train_splits\dia655_utt8.mp4,data\preprocessed\features\z_at\train_dia655_utt8.pt,data\preprocessed\features\z_v\train_dia655_utt8.pt
train_dia657_utt10,meld_real,0,meld_Megan,neutral,neutral,-1,1,1,1,data\raw\MELD\MELD-RAW\MELD.Raw\train\train_splits\dia657_utt10.mp4,data\preprocessed\features\z_at\train_dia657_utt10.pt,data\preprocessed\features\z_v\train_dia657_utt10.pt
train_dia657_utt11,meld_real,0,meld_Monica,neutral,neutral,-1,1,1,1,data\raw\MELD\MELD-RAW\MELD.Raw\train\train_splits\dia657_utt11.mp4,data\preprocessed\features\z_at\train_dia657_utt11.pt,data\preprocessed\features\z_v\train_dia657_utt11.pt
train_dia657_utt12,meld_real,0,meld_Megan,joy,joy,-1,1,1,1,data\raw\MELD\MELD-RAW\MELD.Raw\train\train_splits\dia657_utt12.mp4,data\preprocessed\features\z_at\train_dia657_utt12.pt,data\preprocessed\features\z_v\train_dia657_utt12.pt
train_dia657_utt13,meld_real,0,meld_Monica,neutral,neutral,-1,1,1,1,data\raw\MELD\MELD-RAW\MELD.Raw\train\train_splits\dia657_utt13.mp4,data\preprocessed\features\z_at\train_dia657_utt13.pt,data\preprocessed\features\z_v\train_dia657_utt13.pt
train_dia657_utt15,meld_real,0,meld_Phoebe,joy,joy,-1,1,1,1,data\raw\MELD\MELD-RAW\MELD.Raw\train\train_splits\dia657_utt15.mp4,data\preprocessed\features\z_at\train_dia657_utt15.pt,data\preprocessed\features\z_v\train_dia657_utt15.pt
train_dia657_utt17,meld_real,0,meld_Rachel,neutral,neutral,-1,1,1,1,data\raw\MELD\MELD-RAW\MELD.Raw\train\train_splits\dia657_utt17.mp4,data\preprocessed\features\z_at\train_dia657_utt17.pt,data\preprocessed\features\z_v\train_dia657_utt17.pt
train_dia657_utt19,meld_real,0,meld_Rachel,neutral,neutral,-1,1,1,1,data\raw\MELD\MELD-RAW\MELD.Raw\train\train_splits\dia657_utt19.mp4,data\preprocessed\features\z_at\train_dia657_utt19.pt,data\preprocessed\features\z_v\train_dia657_utt19.pt
train_dia657_utt2,meld_real,0,meld_Rachel,neutral,neutral,-1,1,1,1,data\raw\MELD\MELD-RAW\MELD.Raw\train\train_splits\dia657_utt2.mp4,data\preprocessed\features\z_at\train_dia657_utt2.pt,data\preprocessed\features\z_v\train_dia657_utt2.pt
train_dia657_utt7,meld_real,0,meld_Megan,joy,joy,-1,1,1,1,data\raw\MELD\MELD-RAW\MELD.Raw\train\train_splits\dia657_utt7.mp4,data\preprocessed\features\z_at\train_dia657_utt7.pt,data\preprocessed\features\z_v\train_dia657_utt7.pt
train_dia658_utt10,meld_real,0,meld_Monica,neutral,neutral,-1,1,1,1,data\raw\MELD\MELD-RAW\MELD.Raw\train\train_splits\dia658_utt10.mp4,data\preprocessed\features\z_at\train_dia658_utt10.pt,data\preprocessed\features\z_v\train_dia658_utt10.pt
train_dia658_utt12,meld_real,0,meld_Chandler,neutral,neutral,-1,1,1,1,data\raw\MELD\MELD-RAW\MELD.Raw\train\train_splits\dia658_utt12.mp4,data\preprocessed\features\z_at\train_dia658_utt12.pt,data\preprocessed\features\z_v\train_dia658_utt12.pt
train_dia658_utt20,meld_real,0,meld_Ross,neutral,neutral,-1,1,1,1,data\raw\MELD\MELD-RAW\MELD.Raw\train\train_splits\dia658_utt20.mp4,data\preprocessed\features\z_at\train_dia658_utt20.pt,data\preprocessed\features\z_v\train_dia658_utt20.pt
train_dia659_utt19,meld_real,0,meld_Ross,joy,joy,-1,1,1,1,data\raw\MELD\MELD-RAW\MELD.Raw\train\train_splits\dia659_utt19.mp4,data\preprocessed\features\z_at\train_dia659_utt19.pt,data\preprocessed\features\z_v\train_dia659_utt19.pt
train_dia659_utt5,meld_real,0,meld_Ross,neutral,neutral,-1,1,1,1,data\raw\MELD\MELD-RAW\MELD.Raw\train\train_splits\dia659_utt5.mp4,data\preprocessed\features\z_at\train_dia659_utt5.pt,data\preprocessed\features\z_v\train_dia659_utt5.pt
train_dia661_utt2,meld_real,0,meld_Joey,neutral,neutral,-1,1,1,1,data\raw\MELD\MELD-RAW\MELD.Raw\train\train_splits\dia661_utt2.mp4,data\preprocessed\features\z_at\train_dia661_utt2.pt,data\preprocessed\features\z_v\train_dia661_utt2.pt
train_dia661_utt7,meld_real,0,meld_Chandler,anger,anger,-1,1,1,1,data\raw\MELD\MELD-RAW\MELD.Raw\train\train_splits\dia661_utt7.mp4,data\preprocessed\features\z_at\train_dia661_utt7.pt,data\preprocessed\features\z_v\train_dia661_utt7.pt
train_dia661_utt9,meld_real,0,meld_Chandler,sadness,sadness,-1,1,1,1,data\raw\MELD\MELD-RAW\MELD.Raw\train\train_splits\dia661_utt9.mp4,data\preprocessed\features\z_at\train_dia661_utt9.pt,data\preprocessed\features\z_v\train_dia661_utt9.pt
train_dia662_utt5,meld_real,0,meld_Annabelle,neutral,neutral,-1,1,1,1,data\raw\MELD\MELD-RAW\MELD.Raw\train\train_splits\dia662_utt5.mp4,data\preprocessed\features\z_at\train_dia662_utt5.pt,data\preprocessed\features\z_v\train_dia662_utt5.pt
train_dia663_utt8,meld_real,0,meld_Joey,neutral,neutral,-1,1,1,1,data\raw\MELD\MELD-RAW\MELD.Raw\train\train_splits\dia663_utt8.mp4,data\preprocessed\features\z_at\train_dia663_utt8.pt,data\preprocessed\features\z_v\train_dia663_utt8.pt
train_dia664_utt1,meld_real,0,meld_Ross,sadness,sadness,-1,1,1,1,data\raw\MELD\MELD-RAW\MELD.Raw\train\train_splits\dia664_utt1.mp4,data\preprocessed\features\z_at\train_dia664_utt1.pt,data\preprocessed\features\z_v\train_dia664_utt1.pt
train_dia664_utt3,meld_real,0,meld_Ross,sadness,sadness,-1,1,1,1,data\raw\MELD\MELD-RAW\MELD.Raw\train\train_splits\dia664_utt3.mp4,data\preprocessed\features\z_at\train_dia664_utt3.pt,data\preprocessed\features\z_v\train_dia664_utt3.pt
train_dia664_utt6,meld_real,0,meld_Joey,neutral,neutral,-1,1,1,1,data\raw\MELD\MELD-RAW\MELD.Raw\train\train_splits\dia664_utt6.mp4,data\preprocessed\features\z_at\train_dia664_utt6.pt,data\preprocessed\features\z_v\train_dia664_utt6.pt
train_dia664_utt8,meld_real,0,meld_Joey,neutral,neutral,-1,1,1,1,data\raw\MELD\MELD-RAW\MELD.Raw\train\train_splits\dia664_utt8.mp4,data\preprocessed\features\z_at\train_dia664_utt8.pt,data\preprocessed\features\z_v\train_dia664_utt8.pt
train_dia665_utt1,meld_real,0,meld_Phoebe,joy,joy,-1,1,1,1,data\raw\MELD\MELD-RAW\MELD.Raw\train\train_splits\dia665_utt1.mp4,data\preprocessed\features\z_at\train_dia665_utt1.pt,data\preprocessed\features\z_v\train_dia665_utt1.pt
train_dia665_utt11,meld_real,0,meld_Phoebe,neutral,neutral,-1,1,1,1,data\raw\MELD\MELD-RAW\MELD.Raw\train\train_splits\dia665_utt11.mp4,data\preprocessed\features\z_at\train_dia665_utt11.pt,data\preprocessed\features\z_v\train_dia665_utt11.pt
train_dia665_utt13,meld_real,0,meld_Alice,neutral,neutral,-1,1,1,1,data\raw\MELD\MELD-RAW\MELD.Raw\train\train_splits\dia665_utt13.mp4,data\preprocessed\features\z_at\train_dia665_utt13.pt,data\preprocessed\features\z_v\train_dia665_utt13.pt
train_dia665_utt15,meld_real,0,meld_Phoebe,disgust,disgust,-1,1,1,1,data\raw\MELD\MELD-RAW\MELD.Raw\train\train_splits\dia665_utt15.mp4,data\preprocessed\features\z_at\train_dia665_utt15.pt,data\preprocessed\features\z_v\train_dia665_utt15.pt
train_dia665_utt17,meld_real,0,meld_Phoebe,neutral,neutral,-1,1,1,1,data\raw\MELD\MELD-RAW\MELD.Raw\train\train_splits\dia665_utt17.mp4,data\preprocessed\features\z_at\train_dia665_utt17.pt,data\preprocessed\features\z_v\train_dia665_utt17.pt
train_dia665_utt6,meld_real,0,meld_Phoebe,neutral,neutral,-1,1,1,1,data\raw\MELD\MELD-RAW\MELD.Raw\train\train_splits\dia665_utt6.mp4,data\preprocessed\features\z_at\train_dia665_utt6.pt,data\preprocessed\features\z_v\train_dia665_utt6.pt
train_dia665_utt7,meld_real,0,meld_Dr._Zane,neutral,neutral,-1,1,1,1,data\raw\MELD\MELD-RAW\MELD.Raw\train\train_splits\dia665_utt7.mp4,data\preprocessed\features\z_at\train_dia665_utt7.pt,data\preprocessed\features\z_v\train_dia665_utt7.pt
train_dia666_utt10,meld_real,0,meld_Rachel,neutral,neutral,-1,1,1,1,data\raw\MELD\MELD-RAW\MELD.Raw\train\train_splits\dia666_utt10.mp4,data\preprocessed\features\z_at\train_dia666_utt10.pt,data\preprocessed\features\z_v\train_dia666_utt10.pt
train_dia666_utt16,meld_real,0,meld_Phoebe,neutral,neutral,-1,1,1,1,data\raw\MELD\MELD-RAW\MELD.Raw\train\train_splits\dia666_utt16.mp4,data\preprocessed\features\z_at\train_dia666_utt16.pt,data\preprocessed\features\z_v\train_dia666_utt16.pt
train_dia666_utt3,meld_real,0,meld_Phoebe,disgust,disgust,-1,1,1,1,data\raw\MELD\MELD-RAW\MELD.Raw\train\train_splits\dia666_utt3.mp4,data\preprocessed\features\z_at\train_dia666_utt3.pt,data\preprocessed\features\z_v\train_dia666_utt3.pt
train_dia666_utt4,meld_real,0,meld_Joey,anger,anger,-1,1,1,1,data\raw\MELD\MELD-RAW\MELD.Raw\train\train_splits\dia666_utt4.mp4,data\preprocessed\features\z_at\train_dia666_utt4.pt,data\preprocessed\features\z_v\train_dia666_utt4.pt
train_dia666_utt9,meld_real,0,meld_Monica,anger,anger,-1,1,1,1,data\raw\MELD\MELD-RAW\MELD.Raw\train\train_splits\dia666_utt9.mp4,data\preprocessed\features\z_at\train_dia666_utt9.pt,data\preprocessed\features\z_v\train_dia666_utt9.pt
train_dia669_utt2,meld_real,0,meld_Barry,joy,joy,-1,1,1,1,data\raw\MELD\MELD-RAW\MELD.Raw\train\train_splits\dia669_utt2.mp4,data\preprocessed\features\z_at\train_dia669_utt2.pt,data\preprocessed\features\z_v\train_dia669_utt2.pt
train_dia66_utt10,meld_real,0,meld_Phoebe,joy,joy,-1,1,1,1,data\raw\MELD\MELD-RAW\MELD.Raw\train\train_splits\dia66_utt10.mp4,data\preprocessed\features\z_at\train_dia66_utt10.pt,data\preprocessed\features\z_v\train_dia66_utt10.pt
train_dia66_utt2,meld_real,0,meld_Phoebe,neutral,neutral,-1,1,1,1,data\raw\MELD\MELD-RAW\MELD.Raw\train\train_splits\dia66_utt2.mp4,data\preprocessed\features\z_at\train_dia66_utt2.pt,data\preprocessed\features\z_v\train_dia66_utt2.pt
train_dia66_utt4,meld_real,0,meld_Phoebe,neutral,neutral,-1,1,1,1,data\raw\MELD\MELD-RAW\MELD.Raw\train\train_splits\dia66_utt4.mp4,data\preprocessed\features\z_at\train_dia66_utt4.pt,data\preprocessed\features\z_v\train_dia66_utt4.pt
train_dia66_utt7,meld_real,0,meld_Monica,neutral,neutral,-1,1,1,1,data\raw\MELD\MELD-RAW\MELD.Raw\train\train_splits\dia66_utt7.mp4,data\preprocessed\features\z_at\train_dia66_utt7.pt,data\preprocessed\features\z_v\train_dia66_utt7.pt
train_dia66_utt8,meld_real,0,meld_Phoebe,sadness,sadness,-1,1,1,1,data\raw\MELD\MELD-RAW\MELD.Raw\train\train_splits\dia66_utt8.mp4,data\preprocessed\features\z_at\train_dia66_utt8.pt,data\preprocessed\features\z_v\train_dia66_utt8.pt
train_dia670_utt10,meld_real,0,meld_Monica,joy,joy,-1,1,1,1,data\raw\MELD\MELD-RAW\MELD.Raw\train\train_splits\dia670_utt10.mp4,data\preprocessed\features\z_at\train_dia670_utt10.pt,data\preprocessed\features\z_v\train_dia670_utt10.pt
train_dia670_utt12,meld_real,0,meld_Rachel,neutral,neutral,-1,1,1,1,data\raw\MELD\MELD-RAW\MELD.Raw\train\train_splits\dia670_utt12.mp4,data\preprocessed\features\z_at\train_dia670_utt12.pt,data\preprocessed\features\z_v\train_dia670_utt12.pt
train_dia670_utt13,meld_real,0,meld_Monica,joy,joy,-1,1,1,1,data\raw\MELD\MELD-RAW\MELD.Raw\train\train_splits\dia670_utt13.mp4,data\preprocessed\features\z_at\train_dia670_utt13.pt,data\preprocessed\features\z_v\train_dia670_utt13.pt
train_dia670_utt4,meld_real,0,meld_Monica,joy,joy,-1,1,1,1,data\raw\MELD\MELD-RAW\MELD.Raw\train\train_splits\dia670_utt4.mp4,data\preprocessed\features\z_at\train_dia670_utt4.pt,data\preprocessed\features\z_v\train_dia670_utt4.pt
train_dia670_utt5,meld_real,0,meld_Rachel,neutral,neutral,-1,1,1,1,data\raw\MELD\MELD-RAW\MELD.Raw\train\train_splits\dia670_utt5.mp4,data\preprocessed\features\z_at\train_dia670_utt5.pt,data\preprocessed\features\z_v\train_dia670_utt5.pt
train_dia671_utt0,meld_real,0,meld_Joey,neutral,neutral,-1,1,1,1,data\raw\MELD\MELD-RAW\MELD.Raw\train\train_splits\dia671_utt0.mp4,data\preprocessed\features\z_at\train_dia671_utt0.pt,data\preprocessed\features\z_v\train_dia671_utt0.pt
train_dia671_utt12,meld_real,0,meld_Joey,neutral,neutral,-1,1,1,1,data\raw\MELD\MELD-RAW\MELD.Raw\train\train_splits\dia671_utt12.mp4,data\preprocessed\features\z_at\train_dia671_utt12.pt,data\preprocessed\features\z_v\train_dia671_utt12.pt
train_dia671_utt13,meld_real,0,meld_Ross,neutral,neutral,-1,1,1,1,data\raw\MELD\MELD-RAW\MELD.Raw\train\train_splits\dia671_utt13.mp4,data\preprocessed\features\z_at\train_dia671_utt13.pt,data\preprocessed\features\z_v\train_dia671_utt13.pt
train_dia671_utt2,meld_real,0,meld_Joey,neutral,neutral,-1,1,1,1,data\raw\MELD\MELD-RAW\MELD.Raw\train\train_splits\dia671_utt2.mp4,data\preprocessed\features\z_at\train_dia671_utt2.pt,data\preprocessed\features\z_v\train_dia671_utt2.pt
train_dia671_utt6,meld_real,0,meld_Joey,neutral,neutral,-1,1,1,1,data\raw\MELD\MELD-RAW\MELD.Raw\train\train_splits\dia671_utt6.mp4,data\preprocessed\features\z_at\train_dia671_utt6.pt,data\preprocessed\features\z_v\train_dia671_utt6.pt
train_dia671_utt8,meld_real,0,meld_Ross,neutral,neutral,-1,1,1,1,data\raw\MELD\MELD-RAW\MELD.Raw\train\train_splits\dia671_utt8.mp4,data\preprocessed\features\z_at\train_dia671_utt8.pt,data\preprocessed\features\z_v\train_dia671_utt8.pt
train_dia672_utt10,meld_real,0,meld_Ross,neutral,neutral,-1,1,1,1,data\raw\MELD\MELD-RAW\MELD.Raw\train\train_splits\dia672_utt10.mp4,data\preprocessed\features\z_at\train_dia672_utt10.pt,data\preprocessed\features\z_v\train_dia672_utt10.pt
train_dia672_utt12,meld_real,0,meld_Rachel,anger,anger,-1,1,1,1,data\raw\MELD\MELD-RAW\MELD.Raw\train\train_splits\dia672_utt12.mp4,data\preprocessed\features\z_at\train_dia672_utt12.pt,data\preprocessed\features\z_v\train_dia672_utt12.pt
train_dia673_utt15,meld_real,0,meld_Russell,neutral,neutral,-1,1,1,1,data\raw\MELD\MELD-RAW\MELD.Raw\train\train_splits\dia673_utt15.mp4,data\preprocessed\features\z_at\train_dia673_utt15.pt,data\preprocessed\features\z_v\train_dia673_utt15.pt
train_dia673_utt2,meld_real,0,meld_Russell,neutral,neutral,-1,1,1,1,data\raw\MELD\MELD-RAW\MELD.Raw\train\train_splits\dia673_utt2.mp4,data\preprocessed\features\z_at\train_dia673_utt2.pt,data\preprocessed\features\z_v\train_dia673_utt2.pt
train_dia673_utt3,meld_real,0,meld_Ross,neutral,neutral,-1,1,1,1,data\raw\MELD\MELD-RAW\MELD.Raw\train\train_splits\dia673_utt3.mp4,data\preprocessed\features\z_at\train_dia673_utt3.pt,data\preprocessed\features\z_v\train_dia673_utt3.pt
train_dia673_utt7,meld_real,0,meld_Russell,neutral,neutral,-1,1,1,1,data\raw\MELD\MELD-RAW\MELD.Raw\train\train_splits\dia673_utt7.mp4,data\preprocessed\features\z_at\train_dia673_utt7.pt,data\preprocessed\features\z_v\train_dia673_utt7.pt
train_dia674_utt1,meld_real,0,meld_Joey,neutral,neutral,-1,1,1,1,data\raw\MELD\MELD-RAW\MELD.Raw\train\train_splits\dia674_utt1.mp4,data\preprocessed\features\z_at\train_dia674_utt1.pt,data\preprocessed\features\z_v\train_dia674_utt1.pt
train_dia674_utt4,meld_real,0,meld_Phoebe,neutral,neutral,-1,1,1,1,data\raw\MELD\MELD-RAW\MELD.Raw\train\train_splits\dia674_utt4.mp4,data\preprocessed\features\z_at\train_dia674_utt4.pt,data\preprocessed\features\z_v\train_dia674_utt4.pt
train_dia675_utt2,meld_real,0,meld_Phoebe,neutral,neutral,-1,1,1,1,data\raw\MELD\MELD-RAW\MELD.Raw\train\train_splits\dia675_utt2.mp4,data\preprocessed\features\z_at\train_dia675_utt2.pt,data\preprocessed\features\z_v\train_dia675_utt2.pt
train_dia675_utt3,meld_real,0,meld_Rachel,neutral,neutral,-1,1,1,1,data\raw\MELD\MELD-RAW\MELD.Raw\train\train_splits\dia675_utt3.mp4,data\preprocessed\features\z_at\train_dia675_utt3.pt,data\preprocessed\features\z_v\train_dia675_utt3.pt
train_dia676_utt10,meld_real,0,meld_Rachel,anger,anger,-1,1,1,1,data\raw\MELD\MELD-RAW\MELD.Raw\train\train_splits\dia676_utt10.mp4,data\preprocessed\features\z_at\train_dia676_utt10.pt,data\preprocessed\features\z_v\train_dia676_utt10.pt
train_dia676_utt11,meld_real,0,meld_Ross,neutral,neutral,-1,1,1,1,data\raw\MELD\MELD-RAW\MELD.Raw\train\train_splits\dia676_utt11.mp4,data\preprocessed\features\z_at\train_dia676_utt11.pt,data\preprocessed\features\z_v\train_dia676_utt11.pt
train_dia676_utt14,meld_real,0,meld_Rachel,anger,anger,-1,1,1,1,data\raw\MELD\MELD-RAW\MELD.Raw\train\train_splits\dia676_utt14.mp4,data\preprocessed\features\z_at\train_dia676_utt14.pt,data\preprocessed\features\z_v\train_dia676_utt14.pt
train_dia676_utt8,meld_real,0,meld_Rachel,neutral,neutral,-1,1,1,1,data\raw\MELD\MELD-RAW\MELD.Raw\train\train_splits\dia676_utt8.mp4,data\preprocessed\features\z_at\train_dia676_utt8.pt,data\preprocessed\features\z_v\train_dia676_utt8.pt
train_dia676_utt9,meld_real,0,meld_Ross,sadness,sadness,-1,1,1,1,data\raw\MELD\MELD-RAW\MELD.Raw\train\train_splits\dia676_utt9.mp4,data\preprocessed\features\z_at\train_dia676_utt9.pt,data\preprocessed\features\z_v\train_dia676_utt9.pt
train_dia677_utt2,meld_real,0,meld_Joey,joy,joy,-1,1,1,1,data\raw\MELD\MELD-RAW\MELD.Raw\train\train_splits\dia677_utt2.mp4,data\preprocessed\features\z_at\train_dia677_utt2.pt,data\preprocessed\features\z_v\train_dia677_utt2.pt
train_dia677_utt3,meld_real,0,meld_Ross,neutral,neutral,-1,1,1,1,data\raw\MELD\MELD-RAW\MELD.Raw\train\train_splits\dia677_utt3.mp4,data\preprocessed\features\z_at\train_dia677_utt3.pt,data\preprocessed\features\z_v\train_dia677_utt3.pt
train_dia678_utt18,meld_real,0,meld_Chandler,neutral,neutral,-1,1,1,1,data\raw\MELD\MELD-RAW\MELD.Raw\train\train_splits\dia678_utt18.mp4,data\preprocessed\features\z_at\train_dia678_utt18.pt,data\preprocessed\features\z_v\train_dia678_utt18.pt
train_dia679_utt10,meld_real,0,meld_Joey,joy,joy,-1,1,1,1,data\raw\MELD\MELD-RAW\MELD.Raw\train\train_splits\dia679_utt10.mp4,data\preprocessed\features\z_at\train_dia679_utt10.pt,data\preprocessed\features\z_v\train_dia679_utt10.pt
train_dia679_utt13,meld_real,0,meld_Joey,anger,anger,-1,1,1,1,data\raw\MELD\MELD-RAW\MELD.Raw\train\train_splits\dia679_utt13.mp4,data\preprocessed\features\z_at\train_dia679_utt13.pt,data\preprocessed\features\z_v\train_dia679_utt13.pt
train_dia679_utt15,meld_real,0,meld_Monica,anger,anger,-1,1,1,1,data\raw\MELD\MELD-RAW\MELD.Raw\train\train_splits\dia679_utt15.mp4,data\preprocessed\features\z_at\train_dia679_utt15.pt,data\preprocessed\features\z_v\train_dia679_utt15.pt
train_dia679_utt3,meld_real,0,meld_Chandler,joy,joy,-1,1,1,1,data\raw\MELD\MELD-RAW\MELD.Raw\train\train_splits\dia679_utt3.mp4,data\preprocessed\features\z_at\train_dia679_utt3.pt,data\preprocessed\features\z_v\train_dia679_utt3.pt
train_dia679_utt5,meld_real,0,meld_Rachel,neutral,neutral,-1,1,1,1,data\raw\MELD\MELD-RAW\MELD.Raw\train\train_splits\dia679_utt5.mp4,data\preprocessed\features\z_at\train_dia679_utt5.pt,data\preprocessed\features\z_v\train_dia679_utt5.pt
train_dia679_utt9,meld_real,0,meld_Chandler,joy,joy,-1,1,1,1,data\raw\MELD\MELD-RAW\MELD.Raw\train\train_splits\dia679_utt9.mp4,data\preprocessed\features\z_at\train_dia679_utt9.pt,data\preprocessed\features\z_v\train_dia679_utt9.pt
train_dia67_utt11,meld_real,0,meld_Ross,joy,joy,-1,1,1,1,data\raw\MELD\MELD-RAW\MELD.Raw\train\train_splits\dia67_utt11.mp4,data\preprocessed\features\z_at\train_dia67_utt11.pt,data\preprocessed\features\z_v\train_dia67_utt11.pt
train_dia67_utt9,meld_real,0,meld_Ross,neutral,neutral,-1,1,1,1,data\raw\MELD\MELD-RAW\MELD.Raw\train\train_splits\dia67_utt9.mp4,data\preprocessed\features\z_at\train_dia67_utt9.pt,data\preprocessed\features\z_v\train_dia67_utt9.pt
train_dia680_utt0,meld_real,0,meld_Monica,joy,joy,-1,1,1,1,data\raw\MELD\MELD-RAW\MELD.Raw\train\train_splits\dia680_utt0.mp4,data\preprocessed\features\z_at\train_dia680_utt0.pt,data\preprocessed\features\z_v\train_dia680_utt0.pt
train_dia680_utt1,meld_real,0,meld_Rachel,neutral,neutral,-1,1,1,1,data\raw\MELD\MELD-RAW\MELD.Raw\train\train_splits\dia680_utt1.mp4,data\preprocessed\features\z_at\train_dia680_utt1.pt,data\preprocessed\features\z_v\train_dia680_utt1.pt
train_dia680_utt5,meld_real,0,meld_Phoebe,sadness,sadness,-1,1,1,1,data\raw\MELD\MELD-RAW\MELD.Raw\train\train_splits\dia680_utt5.mp4,data\preprocessed\features\z_at\train_dia680_utt5.pt,data\preprocessed\features\z_v\train_dia680_utt5.pt
train_dia680_utt6,meld_real,0,meld_Rachel,neutral,neutral,-1,1,1,1,data\raw\MELD\MELD-RAW\MELD.Raw\train\train_splits\dia680_utt6.mp4,data\preprocessed\features\z_at\train_dia680_utt6.pt,data\preprocessed\features\z_v\train_dia680_utt6.pt
train_dia681_utt0,meld_real,0,meld_Monica,neutral,neutral,-1,1,1,1,data\raw\MELD\MELD-RAW\MELD.Raw\train\train_splits\dia681_utt0.mp4,data\preprocessed\features\z_at\train_dia681_utt0.pt,data\preprocessed\features\z_v\train_dia681_utt0.pt
train_dia681_utt4,meld_real,0,meld_Rachel,sadness,sadness,-1,1,1,1,data\raw\MELD\MELD-RAW\MELD.Raw\train\train_splits\dia681_utt4.mp4,data\preprocessed\features\z_at\train_dia681_utt4.pt,data\preprocessed\features\z_v\train_dia681_utt4.pt
train_dia682_utt0,meld_real,0,meld_Ross,sadness,sadness,-1,1,1,1,data\raw\MELD\MELD-RAW\MELD.Raw\train\train_splits\dia682_utt0.mp4,data\preprocessed\features\z_at\train_dia682_utt0.pt,data\preprocessed\features\z_v\train_dia682_utt0.pt
train_dia682_utt1,meld_real,0,meld_Ross,neutral,neutral,-1,1,1,1,data\raw\MELD\MELD-RAW\MELD.Raw\train\train_splits\dia682_utt1.mp4,data\preprocessed\features\z_at\train_dia682_utt1.pt,data\preprocessed\features\z_v\train_dia682_utt1.pt
train_dia682_utt14,meld_real,0,meld_Phoebe,neutral,neutral,-1,1,1,1,data\raw\MELD\MELD-RAW\MELD.Raw\train\train_splits\dia682_utt14.mp4,data\preprocessed\features\z_at\train_dia682_utt14.pt,data\preprocessed\features\z_v\train_dia682_utt14.pt
train_dia682_utt2,meld_real,0,meld_Ross,neutral,neutral,-1,1,1,1,data\raw\MELD\MELD-RAW\MELD.Raw\train\train_splits\dia682_utt2.mp4,data\preprocessed\features\z_at\train_dia682_utt2.pt,data\preprocessed\features\z_v\train_dia682_utt2.pt
train_dia682_utt4,meld_real,0,meld_Chandler,neutral,neutral,-1,1,1,1,data\raw\MELD\MELD-RAW\MELD.Raw\train\train_splits\dia682_utt4.mp4,data\preprocessed\features\z_at\train_dia682_utt4.pt,data\preprocessed\features\z_v\train_dia682_utt4.pt
train_dia682_utt7,meld_real,0,meld_Joey,neutral,neutral,-1,1,1,1,data\raw\MELD\MELD-RAW\MELD.Raw\train\train_splits\dia682_utt7.mp4,data\preprocessed\features\z_at\train_dia682_utt7.pt,data\preprocessed\features\z_v\train_dia682_utt7.pt
train_dia686_utt0,meld_real,0,meld_Monica,neutral,neutral,-1,1,1,1,data\raw\MELD\MELD-RAW\MELD.Raw\train\train_splits\dia686_utt0.mp4,data\preprocessed\features\z_at\train_dia686_utt0.pt,data\preprocessed\features\z_v\train_dia686_utt0.pt
train_dia686_utt5,meld_real,0,meld_Rachel,anger,anger,-1,1,1,1,data\raw\MELD\MELD-RAW\MELD.Raw\train\train_splits\dia686_utt5.mp4,data\preprocessed\features\z_at\train_dia686_utt5.pt,data\preprocessed\features\z_v\train_dia686_utt5.pt
train_dia686_utt8,meld_real,0,meld_Monica,neutral,neutral,-1,1,1,1,data\raw\MELD\MELD-RAW\MELD.Raw\train\train_splits\dia686_utt8.mp4,data\preprocessed\features\z_at\train_dia686_utt8.pt,data\preprocessed\features\z_v\train_dia686_utt8.pt
train_dia686_utt9,meld_real,0,meld_Rachel,joy,joy,-1,1,1,1,data\raw\MELD\MELD-RAW\MELD.Raw\train\train_splits\dia686_utt9.mp4,data\preprocessed\features\z_at\train_dia686_utt9.pt,data\preprocessed\features\z_v\train_dia686_utt9.pt
train_dia687_utt7,meld_real,0,meld_Rachel,neutral,neutral,-1,1,1,1,data\raw\MELD\MELD-RAW\MELD.Raw\train\train_splits\dia687_utt7.mp4,data\preprocessed\features\z_at\train_dia687_utt7.pt,data\preprocessed\features\z_v\train_dia687_utt7.pt
train_dia688_utt0,meld_real,0,meld_Joey,neutral,neutral,-1,1,1,1,data\raw\MELD\MELD-RAW\MELD.Raw\train\train_splits\dia688_utt0.mp4,data\preprocessed\features\z_at\train_dia688_utt0.pt,data\preprocessed\features\z_v\train_dia688_utt0.pt
train_dia689_utt11,meld_real,0,meld_Rachel,neutral,neutral,-1,1,1,1,data\raw\MELD\MELD-RAW\MELD.Raw\train\train_splits\dia689_utt11.mp4,data\preprocessed\features\z_at\train_dia689_utt11.pt,data\preprocessed\features\z_v\train_dia689_utt11.pt
train_dia689_utt13,meld_real,0,meld_Rachel,neutral,neutral,-1,1,1,1,data\raw\MELD\MELD-RAW\MELD.Raw\train\train_splits\dia689_utt13.mp4,data\preprocessed\features\z_at\train_dia689_utt13.pt,data\preprocessed\features\z_v\train_dia689_utt13.pt
train_dia689_utt4,meld_real,0,meld_Chip,neutral,neutral,-1,1,1,1,data\raw\MELD\MELD-RAW\MELD.Raw\train\train_splits\dia689_utt4.mp4,data\preprocessed\features\z_at\train_dia689_utt4.pt,data\preprocessed\features\z_v\train_dia689_utt4.pt
train_dia689_utt6,meld_real,0,meld_Ross,neutral,neutral,-1,1,1,1,data\raw\MELD\MELD-RAW\MELD.Raw\train\train_splits\dia689_utt6.mp4,data\preprocessed\features\z_at\train_dia689_utt6.pt,data\preprocessed\features\z_v\train_dia689_utt6.pt
train_dia689_utt8,meld_real,0,meld_Ross,joy,joy,-1,1,1,1,data\raw\MELD\MELD-RAW\MELD.Raw\train\train_splits\dia689_utt8.mp4,data\preprocessed\features\z_at\train_dia689_utt8.pt,data\preprocessed\features\z_v\train_dia689_utt8.pt
train_dia68_utt1,meld_real,0,meld_Joey,joy,joy,-1,1,1,1,data\raw\MELD\MELD-RAW\MELD.Raw\train\train_splits\dia68_utt1.mp4,data\preprocessed\features\z_at\train_dia68_utt1.pt,data\preprocessed\features\z_v\train_dia68_utt1.pt
train_dia690_utt1,meld_real,0,meld_Phoebe,joy,joy,-1,1,1,1,data\raw\MELD\MELD-RAW\MELD.Raw\train\train_splits\dia690_utt1.mp4,data\preprocessed\features\z_at\train_dia690_utt1.pt,data\preprocessed\features\z_v\train_dia690_utt1.pt
train_dia690_utt7,meld_real,0,meld_Phoebe,neutral,neutral,-1,1,1,1,data\raw\MELD\MELD-RAW\MELD.Raw\train\train_splits\dia690_utt7.mp4,data\preprocessed\features\z_at\train_dia690_utt7.pt,data\preprocessed\features\z_v\train_dia690_utt7.pt
train_dia692_utt0,meld_real,0,meld_Ross,sadness,sadness,-1,1,1,1,data\raw\MELD\MELD-RAW\MELD.Raw\train\train_splits\dia692_utt0.mp4,data\preprocessed\features\z_at\train_dia692_utt0.pt,data\preprocessed\features\z_v\train_dia692_utt0.pt
train_dia692_utt1,meld_real,0,meld_Rachel,neutral,neutral,-1,1,1,1,data\raw\MELD\MELD-RAW\MELD.Raw\train\train_splits\dia692_utt1.mp4,data\preprocessed\features\z_at\train_dia692_utt1.pt,data\preprocessed\features\z_v\train_dia692_utt1.pt
train_dia693_utt0,meld_real,0,meld_Joey,neutral,neutral,-1,1,1,1,data\raw\MELD\MELD-RAW\MELD.Raw\train\train_splits\dia693_utt0.mp4,data\preprocessed\features\z_at\train_dia693_utt0.pt,data\preprocessed\features\z_v\train_dia693_utt0.pt
train_dia693_utt3,meld_real,0,meld_Mr._Treeger,anger,anger,-1,1,1,1,data\raw\MELD\MELD-RAW\MELD.Raw\train\train_splits\dia693_utt3.mp4,data\preprocessed\features\z_at\train_dia693_utt3.pt,data\preprocessed\features\z_v\train_dia693_utt3.pt
train_dia694_utt1,meld_real,0,meld_Rachel,neutral,neutral,-1,1,1,1,data\raw\MELD\MELD-RAW\MELD.Raw\train\train_splits\dia694_utt1.mp4,data\preprocessed\features\z_at\train_dia694_utt1.pt,data\preprocessed\features\z_v\train_dia694_utt1.pt
train_dia694_utt3,meld_real,0,meld_Rachel,sadness,sadness,-1,1,1,1,data\raw\MELD\MELD-RAW\MELD.Raw\train\train_splits\dia694_utt3.mp4,data\preprocessed\features\z_at\train_dia694_utt3.pt,data\preprocessed\features\z_v\train_dia694_utt3.pt
train_dia696_utt0,meld_real,0,meld_Joey,neutral,neutral,-1,1,1,1,data\raw\MELD\MELD-RAW\MELD.Raw\train\train_splits\dia696_utt0.mp4,data\preprocessed\features\z_at\train_dia696_utt0.pt,data\preprocessed\features\z_v\train_dia696_utt0.pt
train_dia696_utt1,meld_real,0,meld_Rachel,neutral,neutral,-1,1,1,1,data\raw\MELD\MELD-RAW\MELD.Raw\train\train_splits\dia696_utt1.mp4,data\preprocessed\features\z_at\train_dia696_utt1.pt,data\preprocessed\features\z_v\train_dia696_utt1.pt
train_dia696_utt6,meld_real,0,meld_Rachel,anger,anger,-1,1,1,1,data\raw\MELD\MELD-RAW\MELD.Raw\train\train_splits\dia696_utt6.mp4,data\preprocessed\features\z_at\train_dia696_utt6.pt,data\preprocessed\features\z_v\train_dia696_utt6.pt
train_dia697_utt4,meld_real,0,meld_Phoebe,joy,joy,-1,1,1,1,data\raw\MELD\MELD-RAW\MELD.Raw\train\train_splits\dia697_utt4.mp4,data\preprocessed\features\z_at\train_dia697_utt4.pt,data\preprocessed\features\z_v\train_dia697_utt4.pt
train_dia697_utt5,meld_real,0,meld_Joey,neutral,neutral,-1,1,1,1,data\raw\MELD\MELD-RAW\MELD.Raw\train\train_splits\dia697_utt5.mp4,data\preprocessed\features\z_at\train_dia697_utt5.pt,data\preprocessed\features\z_v\train_dia697_utt5.pt
train_dia697_utt6,meld_real,0,meld_Rachel,neutral,neutral,-1,1,1,1,data\raw\MELD\MELD-RAW\MELD.Raw\train\train_splits\dia697_utt6.mp4,data\preprocessed\features\z_at\train_dia697_utt6.pt,data\preprocessed\features\z_v\train_dia697_utt6.pt
train_dia697_utt7,meld_real,0,meld_All,neutral,neutral,-1,1,1,1,data\raw\MELD\MELD-RAW\MELD.Raw\train\train_splits\dia697_utt7.mp4,data\preprocessed\features\z_at\train_dia697_utt7.pt,data\preprocessed\features\z_v\train_dia697_utt7.pt
train_dia698_utt5,meld_real,0,meld_Rachel,sadness,sadness,-1,1,1,1,data\raw\MELD\MELD-RAW\MELD.Raw\train\train_splits\dia698_utt5.mp4,data\preprocessed\features\z_at\train_dia698_utt5.pt,data\preprocessed\features\z_v\train_dia698_utt5.pt
train_dia698_utt7,meld_real,0,meld_Rachel,sadness,sadness,-1,1,1,1,data\raw\MELD\MELD-RAW\MELD.Raw\train\train_splits\dia698_utt7.mp4,data\preprocessed\features\z_at\train_dia698_utt7.pt,data\preprocessed\features\z_v\train_dia698_utt7.pt
train_dia699_utt11,meld_real,0,meld_The_Security_Guard,disgust,disgust,-1,1,1,1,data\raw\MELD\MELD-RAW\MELD.Raw\train\train_splits\dia699_utt11.mp4,data\preprocessed\features\z_at\train_dia699_utt11.pt,data\preprocessed\features\z_v\train_dia699_utt11.pt
train_dia69_utt1,meld_real,0,meld_Chandler,neutral,neutral,-1,1,1,1,data\raw\MELD\MELD-RAW\MELD.Raw\train\train_splits\dia69_utt1.mp4,data\preprocessed\features\z_at\train_dia69_utt1.pt,data\preprocessed\features\z_v\train_dia69_utt1.pt
train_dia6_utt0,meld_real,0,meld_Chandler,joy,joy,-1,1,1,1,data\raw\MELD\MELD-RAW\MELD.Raw\train\train_splits\dia6_utt0.mp4,data\preprocessed\features\z_at\train_dia6_utt0.pt,data\preprocessed\features\z_v\train_dia6_utt0.pt
train_dia6_utt11,meld_real,0,meld_Joey,anger,anger,-1,1,1,1,data\raw\MELD\MELD-RAW\MELD.Raw\train\train_splits\dia6_utt11.mp4,data\preprocessed\features\z_at\train_dia6_utt11.pt,data\preprocessed\features\z_v\train_dia6_utt11.pt
train_dia6_utt4,meld_real,0,meld_Chandler,neutral,neutral,-1,1,1,1,data\raw\MELD\MELD-RAW\MELD.Raw\train\train_splits\dia6_utt4.mp4,data\preprocessed\features\z_at\train_dia6_utt4.pt,data\preprocessed\features\z_v\train_dia6_utt4.pt
train_dia6_utt6,meld_real,0,meld_Chandler,joy,joy,-1,1,1,1,data\raw\MELD\MELD-RAW\MELD.Raw\train\train_splits\dia6_utt6.mp4,data\preprocessed\features\z_at\train_dia6_utt6.pt,data\preprocessed\features\z_v\train_dia6_utt6.pt
train_dia6_utt7,meld_real,0,meld_Joey,neutral,neutral,-1,1,1,1,data\raw\MELD\MELD-RAW\MELD.Raw\train\train_splits\dia6_utt7.mp4,data\preprocessed\features\z_at\train_dia6_utt7.pt,data\preprocessed\features\z_v\train_dia6_utt7.pt
train_dia6_utt8,meld_real,0,meld_Chandler,neutral,neutral,-1,1,1,1,data\raw\MELD\MELD-RAW\MELD.Raw\train\train_splits\dia6_utt8.mp4,data\preprocessed\features\z_at\train_dia6_utt8.pt,data\preprocessed\features\z_v\train_dia6_utt8.pt
train_dia700_utt12,meld_real,0,meld_Rachel,neutral,neutral,-1,1,1,1,data\raw\MELD\MELD-RAW\MELD.Raw\train\train_splits\dia700_utt12.mp4,data\preprocessed\features\z_at\train_dia700_utt12.pt,data\preprocessed\features\z_v\train_dia700_utt12.pt
train_dia700_utt2,meld_real,0,meld_Ross,neutral,neutral,-1,1,1,1,data\raw\MELD\MELD-RAW\MELD.Raw\train\train_splits\dia700_utt2.mp4,data\preprocessed\features\z_at\train_dia700_utt2.pt,data\preprocessed\features\z_v\train_dia700_utt2.pt
train_dia700_utt6,meld_real,0,meld_Rachel,sadness,sadness,-1,1,1,1,data\raw\MELD\MELD-RAW\MELD.Raw\train\train_splits\dia700_utt6.mp4,data\preprocessed\features\z_at\train_dia700_utt6.pt,data\preprocessed\features\z_v\train_dia700_utt6.pt
train_dia703_utt6,meld_real,0,meld_Joey,neutral,neutral,-1,1,1,1,data\raw\MELD\MELD-RAW\MELD.Raw\train\train_splits\dia703_utt6.mp4,data\preprocessed\features\z_at\train_dia703_utt6.pt,data\preprocessed\features\z_v\train_dia703_utt6.pt
train_dia705_utt2,meld_real,0,meld_Phoebe,joy,joy,-1,1,1,1,data\raw\MELD\MELD-RAW\MELD.Raw\train\train_splits\dia705_utt2.mp4,data\preprocessed\features\z_at\train_dia705_utt2.pt,data\preprocessed\features\z_v\train_dia705_utt2.pt
train_dia706_utt5,meld_real,0,meld_Chandler,joy,joy,-1,1,1,1,data\raw\MELD\MELD-RAW\MELD.Raw\train\train_splits\dia706_utt5.mp4,data\preprocessed\features\z_at\train_dia706_utt5.pt,data\preprocessed\features\z_v\train_dia706_utt5.pt
train_dia706_utt6,meld_real,0,meld_Chandler,joy,joy,-1,1,1,1,data\raw\MELD\MELD-RAW\MELD.Raw\train\train_splits\dia706_utt6.mp4,data\preprocessed\features\z_at\train_dia706_utt6.pt,data\preprocessed\features\z_v\train_dia706_utt6.pt
train_dia707_utt14,meld_real,0,meld_Phoebe,anger,anger,-1,1,1,1,data\raw\MELD\MELD-RAW\MELD.Raw\train\train_splits\dia707_utt14.mp4,data\preprocessed\features\z_at\train_dia707_utt14.pt,data\preprocessed\features\z_v\train_dia707_utt14.pt
train_dia709_utt1,meld_real,0,meld_Joey,joy,joy,-1,1,1,1,data\raw\MELD\MELD-RAW\MELD.Raw\train\train_splits\dia709_utt1.mp4,data\preprocessed\features\z_at\train_dia709_utt1.pt,data\preprocessed\features\z_v\train_dia709_utt1.pt
train_dia70_utt0,meld_real,0,meld_Tony,joy,joy,-1,1,1,1,data\raw\MELD\MELD-RAW\MELD.Raw\train\train_splits\dia70_utt0.mp4,data\preprocessed\features\z_at\train_dia70_utt0.pt,data\preprocessed\features\z_v\train_dia70_utt0.pt
train_dia70_utt4,meld_real,0,meld_Chandler,neutral,neutral,-1,1,1,1,data\raw\MELD\MELD-RAW\MELD.Raw\train\train_splits\dia70_utt4.mp4,data\preprocessed\features\z_at\train_dia70_utt4.pt,data\preprocessed\features\z_v\train_dia70_utt4.pt
train_dia70_utt6,meld_real,0,meld_Chandler,neutral,neutral,-1,1,1,1,data\raw\MELD\MELD-RAW\MELD.Raw\train\train_splits\dia70_utt6.mp4,data\preprocessed\features\z_at\train_dia70_utt6.pt,data\preprocessed\features\z_v\train_dia70_utt6.pt
train_dia712_utt0,meld_real,0,meld_Joey,joy,joy,-1,1,1,1,data\raw\MELD\MELD-RAW\MELD.Raw\train\train_splits\dia712_utt0.mp4,data\preprocessed\features\z_at\train_dia712_utt0.pt,data\preprocessed\features\z_v\train_dia712_utt0.pt
train_dia712_utt2,meld_real,0,meld_Joey,fear,fear,-1,1,1,1,data\raw\MELD\MELD-RAW\MELD.Raw\train\train_splits\dia712_utt2.mp4,data\preprocessed\features\z_at\train_dia712_utt2.pt,data\preprocessed\features\z_v\train_dia712_utt2.pt
train_dia712_utt4,meld_real,0,meld_Joey,neutral,neutral,-1,1,1,1,data\raw\MELD\MELD-RAW\MELD.Raw\train\train_splits\dia712_utt4.mp4,data\preprocessed\features\z_at\train_dia712_utt4.pt,data\preprocessed\features\z_v\train_dia712_utt4.pt
train_dia712_utt6,meld_real,0,meld_Chandler,neutral,neutral,-1,1,1,1,data\raw\MELD\MELD-RAW\MELD.Raw\train\train_splits\dia712_utt6.mp4,data\preprocessed\features\z_at\train_dia712_utt6.pt,data\preprocessed\features\z_v\train_dia712_utt6.pt
train_dia713_utt0,meld_real,0,meld_Ross,neutral,neutral,-1,1,1,1,data\raw\MELD\MELD-RAW\MELD.Raw\train\train_splits\dia713_utt0.mp4,data\preprocessed\features\z_at\train_dia713_utt0.pt,data\preprocessed\features\z_v\train_dia713_utt0.pt
train_dia713_utt2,meld_real,0,meld_Marc,joy,joy,-1,1,1,1,data\raw\MELD\MELD-RAW\MELD.Raw\train\train_splits\dia713_utt2.mp4,data\preprocessed\features\z_at\train_dia713_utt2.pt,data\preprocessed\features\z_v\train_dia713_utt2.pt
train_dia717_utt0,meld_real,0,meld_Phoebe,neutral,neutral,-1,1,1,1,data\raw\MELD\MELD-RAW\MELD.Raw\train\train_splits\dia717_utt0.mp4,data\preprocessed\features\z_at\train_dia717_utt0.pt,data\preprocessed\features\z_v\train_dia717_utt0.pt
train_dia717_utt1,meld_real,0,meld_Rachel,neutral,neutral,-1,1,1,1,data\raw\MELD\MELD-RAW\MELD.Raw\train\train_splits\dia717_utt1.mp4,data\preprocessed\features\z_at\train_dia717_utt1.pt,data\preprocessed\features\z_v\train_dia717_utt1.pt
train_dia717_utt12,meld_real,0,meld_Rachel,anger,anger,-1,1,1,1,data\raw\MELD\MELD-RAW\MELD.Raw\train\train_splits\dia717_utt12.mp4,data\preprocessed\features\z_at\train_dia717_utt12.pt,data\preprocessed\features\z_v\train_dia717_utt12.pt
train_dia719_utt5,meld_real,0,meld_Joey,neutral,neutral,-1,1,1,1,data\raw\MELD\MELD-RAW\MELD.Raw\train\train_splits\dia719_utt5.mp4,data\preprocessed\features\z_at\train_dia719_utt5.pt,data\preprocessed\features\z_v\train_dia719_utt5.pt
train_dia719_utt6,meld_real,0,meld_Woman,joy,joy,-1,1,1,1,data\raw\MELD\MELD-RAW\MELD.Raw\train\train_splits\dia719_utt6.mp4,data\preprocessed\features\z_at\train_dia719_utt6.pt,data\preprocessed\features\z_v\train_dia719_utt6.pt
train_dia720_utt13,meld_real,0,meld_Joey,neutral,neutral,-1,1,1,1,data\raw\MELD\MELD-RAW\MELD.Raw\train\train_splits\dia720_utt13.mp4,data\preprocessed\features\z_at\train_dia720_utt13.pt,data\preprocessed\features\z_v\train_dia720_utt13.pt
train_dia720_utt16,meld_real,0,meld_Joey,joy,joy,-1,1,1,1,data\raw\MELD\MELD-RAW\MELD.Raw\train\train_splits\dia720_utt16.mp4,data\preprocessed\features\z_at\train_dia720_utt16.pt,data\preprocessed\features\z_v\train_dia720_utt16.pt
train_dia720_utt2,meld_real,0,meld_Joey,anger,anger,-1,1,1,1,data\raw\MELD\MELD-RAW\MELD.Raw\train\train_splits\dia720_utt2.mp4,data\preprocessed\features\z_at\train_dia720_utt2.pt,data\preprocessed\features\z_v\train_dia720_utt2.pt
train_dia720_utt6,meld_real,0,meld_Joey,neutral,neutral,-1,1,1,1,data\raw\MELD\MELD-RAW\MELD.Raw\train\train_splits\dia720_utt6.mp4,data\preprocessed\features\z_at\train_dia720_utt6.pt,data\preprocessed\features\z_v\train_dia720_utt6.pt
train_dia721_utt0,meld_real,0,meld_Chandler,neutral,neutral,-1,1,1,1,data\raw\MELD\MELD-RAW\MELD.Raw\train\train_splits\dia721_utt0.mp4,data\preprocessed\features\z_at\train_dia721_utt0.pt,data\preprocessed\features\z_v\train_dia721_utt0.pt
train_dia722_utt4,meld_real,0,meld_Joey,joy,joy,-1,1,1,1,data\raw\MELD\MELD-RAW\MELD.Raw\train\train_splits\dia722_utt4.mp4,data\preprocessed\features\z_at\train_dia722_utt4.pt,data\preprocessed\features\z_v\train_dia722_utt4.pt
train_dia722_utt5,meld_real,0,meld_Chandler,sadness,sadness,-1,1,1,1,data\raw\MELD\MELD-RAW\MELD.Raw\train\train_splits\dia722_utt5.mp4,data\preprocessed\features\z_at\train_dia722_utt5.pt,data\preprocessed\features\z_v\train_dia722_utt5.pt
train_dia722_utt6,meld_real,0,meld_Joey,sadness,sadness,-1,1,1,1,data\raw\MELD\MELD-RAW\MELD.Raw\train\train_splits\dia722_utt6.mp4,data\preprocessed\features\z_at\train_dia722_utt6.pt,data\preprocessed\features\z_v\train_dia722_utt6.pt
train_dia723_utt7,meld_real,0,meld_Chandler,fear,fear,-1,1,1,1,data\raw\MELD\MELD-RAW\MELD.Raw\train\train_splits\dia723_utt7.mp4,data\preprocessed\features\z_at\train_dia723_utt7.pt,data\preprocessed\features\z_v\train_dia723_utt7.pt
train_dia724_utt0,meld_real,0,meld_Monica,neutral,neutral,-1,1,1,1,data\raw\MELD\MELD-RAW\MELD.Raw\train\train_splits\dia724_utt0.mp4,data\preprocessed\features\z_at\train_dia724_utt0.pt,data\preprocessed\features\z_v\train_dia724_utt0.pt
train_dia724_utt1,meld_real,0,meld_Monica,neutral,neutral,-1,1,1,1,data\raw\MELD\MELD-RAW\MELD.Raw\train\train_splits\dia724_utt1.mp4,data\preprocessed\features\z_at\train_dia724_utt1.pt,data\preprocessed\features\z_v\train_dia724_utt1.pt
train_dia724_utt3,meld_real,0,meld_Monica,neutral,neutral,-1,1,1,1,data\raw\MELD\MELD-RAW\MELD.Raw\train\train_splits\dia724_utt3.mp4,data\preprocessed\features\z_at\train_dia724_utt3.pt,data\preprocessed\features\z_v\train_dia724_utt3.pt
train_dia725_utt3,meld_real,0,meld_Phoebe,joy,joy,-1,1,1,1,data\raw\MELD\MELD-RAW\MELD.Raw\train\train_splits\dia725_utt3.mp4,data\preprocessed\features\z_at\train_dia725_utt3.pt,data\preprocessed\features\z_v\train_dia725_utt3.pt
train_dia725_utt4,meld_real,0,meld_Joey,neutral,neutral,-1,1,1,1,data\raw\MELD\MELD-RAW\MELD.Raw\train\train_splits\dia725_utt4.mp4,data\preprocessed\features\z_at\train_dia725_utt4.pt,data\preprocessed\features\z_v\train_dia725_utt4.pt
train_dia726_utt5,meld_real,0,meld_Ross,neutral,neutral,-1,1,1,1,data\raw\MELD\MELD-RAW\MELD.Raw\train\train_splits\dia726_utt5.mp4,data\preprocessed\features\z_at\train_dia726_utt5.pt,data\preprocessed\features\z_v\train_dia726_utt5.pt
train_dia727_utt0,meld_real,0,meld_Joey,joy,joy,-1,1,1,1,data\raw\MELD\MELD-RAW\MELD.Raw\train\train_splits\dia727_utt0.mp4,data\preprocessed\features\z_at\train_dia727_utt0.pt,data\preprocessed\features\z_v\train_dia727_utt0.pt
train_dia727_utt4,meld_real,0,meld_Rachel,neutral,neutral,-1,1,1,1,data\raw\MELD\MELD-RAW\MELD.Raw\train\train_splits\dia727_utt4.mp4,data\preprocessed\features\z_at\train_dia727_utt4.pt,data\preprocessed\features\z_v\train_dia727_utt4.pt
train_dia727_utt8,meld_real,0,meld_Joey,neutral,neutral,-1,1,1,1,data\raw\MELD\MELD-RAW\MELD.Raw\train\train_splits\dia727_utt8.mp4,data\preprocessed\features\z_at\train_dia727_utt8.pt,data\preprocessed\features\z_v\train_dia727_utt8.pt
train_dia728_utt3,meld_real,0,meld_Chandler,neutral,neutral,-1,1,1,1,data\raw\MELD\MELD-RAW\MELD.Raw\train\train_splits\dia728_utt3.mp4,data\preprocessed\features\z_at\train_dia728_utt3.pt,data\preprocessed\features\z_v\train_dia728_utt3.pt
train_dia728_utt6,meld_real,0,meld_Chandler,neutral,neutral,-1,1,1,1,data\raw\MELD\MELD-RAW\MELD.Raw\train\train_splits\dia728_utt6.mp4,data\preprocessed\features\z_at\train_dia728_utt6.pt,data\preprocessed\features\z_v\train_dia728_utt6.pt
train_dia72_utt4,meld_real,0,meld_Chandler,neutral,neutral,-1,1,1,1,data\raw\MELD\MELD-RAW\MELD.Raw\train\train_splits\dia72_utt4.mp4,data\preprocessed\features\z_at\train_dia72_utt4.pt,data\preprocessed\features\z_v\train_dia72_utt4.pt
train_dia72_utt5,meld_real,0,meld_Ticket_Counter_Attendant,neutral,neutral,-1,1,1,1,data\raw\MELD\MELD-RAW\MELD.Raw\train\train_splits\dia72_utt5.mp4,data\preprocessed\features\z_at\train_dia72_utt5.pt,data\preprocessed\features\z_v\train_dia72_utt5.pt
train_dia72_utt7,meld_real,0,meld_Chandler,neutral,neutral,-1,1,1,1,data\raw\MELD\MELD-RAW\MELD.Raw\train\train_splits\dia72_utt7.mp4,data\preprocessed\features\z_at\train_dia72_utt7.pt,data\preprocessed\features\z_v\train_dia72_utt7.pt
train_dia730_utt1,meld_real,0,meld_Joey,neutral,neutral,-1,1,1,1,data\raw\MELD\MELD-RAW\MELD.Raw\train\train_splits\dia730_utt1.mp4,data\preprocessed\features\z_at\train_dia730_utt1.pt,data\preprocessed\features\z_v\train_dia730_utt1.pt
train_dia730_utt11,meld_real,0,meld_Joey,neutral,neutral,-1,1,1,1,data\raw\MELD\MELD-RAW\MELD.Raw\train\train_splits\dia730_utt11.mp4,data\preprocessed\features\z_at\train_dia730_utt11.pt,data\preprocessed\features\z_v\train_dia730_utt11.pt
train_dia730_utt2,meld_real,0,meld_Joey,neutral,neutral,-1,1,1,1,data\raw\MELD\MELD-RAW\MELD.Raw\train\train_splits\dia730_utt2.mp4,data\preprocessed\features\z_at\train_dia730_utt2.pt,data\preprocessed\features\z_v\train_dia730_utt2.pt
train_dia730_utt3,meld_real,0,meld_Ross,neutral,neutral,-1,1,1,1,data\raw\MELD\MELD-RAW\MELD.Raw\train\train_splits\dia730_utt3.mp4,data\preprocessed\features\z_at\train_dia730_utt3.pt,data\preprocessed\features\z_v\train_dia730_utt3.pt
train_dia730_utt4,meld_real,0,meld_Joey,neutral,neutral,-1,1,1,1,data\raw\MELD\MELD-RAW\MELD.Raw\train\train_splits\dia730_utt4.mp4,data\preprocessed\features\z_at\train_dia730_utt4.pt,data\preprocessed\features\z_v\train_dia730_utt4.pt
train_dia730_utt5,meld_real,0,meld_Ross,neutral,neutral,-1,1,1,1,data\raw\MELD\MELD-RAW\MELD.Raw\train\train_splits\dia730_utt5.mp4,data\preprocessed\features\z_at\train_dia730_utt5.pt,data\preprocessed\features\z_v\train_dia730_utt5.pt
train_dia732_utt0,meld_real,0,meld_Ross,neutral,neutral,-1,1,1,1,data\raw\MELD\MELD-RAW\MELD.Raw\train\train_splits\dia732_utt0.mp4,data\preprocessed\features\z_at\train_dia732_utt0.pt,data\preprocessed\features\z_v\train_dia732_utt0.pt
train_dia733_utt1,meld_real,0,meld_Rachel,neutral,neutral,-1,1,1,1,data\raw\MELD\MELD-RAW\MELD.Raw\train\train_splits\dia733_utt1.mp4,data\preprocessed\features\z_at\train_dia733_utt1.pt,data\preprocessed\features\z_v\train_dia733_utt1.pt
train_dia733_utt12,meld_real,0,meld_Ross,joy,joy,-1,1,1,1,data\raw\MELD\MELD-RAW\MELD.Raw\train\train_splits\dia733_utt12.mp4,data\preprocessed\features\z_at\train_dia733_utt12.pt,data\preprocessed\features\z_v\train_dia733_utt12.pt
train_dia733_utt2,meld_real,0,meld_Ross,neutral,neutral,-1,1,1,1,data\raw\MELD\MELD-RAW\MELD.Raw\train\train_splits\dia733_utt2.mp4,data\preprocessed\features\z_at\train_dia733_utt2.pt,data\preprocessed\features\z_v\train_dia733_utt2.pt
train_dia733_utt7,meld_real,0,meld_Rachel,neutral,neutral,-1,1,1,1,data\raw\MELD\MELD-RAW\MELD.Raw\train\train_splits\dia733_utt7.mp4,data\preprocessed\features\z_at\train_dia733_utt7.pt,data\preprocessed\features\z_v\train_dia733_utt7.pt
train_dia734_utt0,meld_real,0,meld_Joey,neutral,neutral,-1,1,1,1,data\raw\MELD\MELD-RAW\MELD.Raw\train\train_splits\dia734_utt0.mp4,data\preprocessed\features\z_at\train_dia734_utt0.pt,data\preprocessed\features\z_v\train_dia734_utt0.pt
train_dia735_utt0,meld_real,0,meld_Ross,fear,fear,-1,1,1,1,data\raw\MELD\MELD-RAW\MELD.Raw\train\train_splits\dia735_utt0.mp4,data\preprocessed\features\z_at\train_dia735_utt0.pt,data\preprocessed\features\z_v\train_dia735_utt0.pt
train_dia735_utt16,meld_real,0,meld_Ross,neutral,neutral,-1,1,1,1,data\raw\MELD\MELD-RAW\MELD.Raw\train\train_splits\dia735_utt16.mp4,data\preprocessed\features\z_at\train_dia735_utt16.pt,data\preprocessed\features\z_v\train_dia735_utt16.pt
train_dia735_utt18,meld_real,0,meld_Ross,neutral,neutral,-1,1,1,1,data\raw\MELD\MELD-RAW\MELD.Raw\train\train_splits\dia735_utt18.mp4,data\preprocessed\features\z_at\train_dia735_utt18.pt,data\preprocessed\features\z_v\train_dia735_utt18.pt
train_dia735_utt4,meld_real,0,meld_Ross,neutral,neutral,-1,1,1,1,data\raw\MELD\MELD-RAW\MELD.Raw\train\train_splits\dia735_utt4.mp4,data\preprocessed\features\z_at\train_dia735_utt4.pt,data\preprocessed\features\z_v\train_dia735_utt4.pt
train_dia735_utt8,meld_real,0,meld_Ross,neutral,neutral,-1,1,1,1,data\raw\MELD\MELD-RAW\MELD.Raw\train\train_splits\dia735_utt8.mp4,data\preprocessed\features\z_at\train_dia735_utt8.pt,data\preprocessed\features\z_v\train_dia735_utt8.pt
train_dia736_utt11,meld_real,0,meld_Ross,joy,joy,-1,1,1,1,data\raw\MELD\MELD-RAW\MELD.Raw\train\train_splits\dia736_utt11.mp4,data\preprocessed\features\z_at\train_dia736_utt11.pt,data\preprocessed\features\z_v\train_dia736_utt11.pt
train_dia737_utt3,meld_real,0,meld_Monica,neutral,neutral,-1,1,1,1,data\raw\MELD\MELD-RAW\MELD.Raw\train\train_splits\dia737_utt3.mp4,data\preprocessed\features\z_at\train_dia737_utt3.pt,data\preprocessed\features\z_v\train_dia737_utt3.pt
train_dia738_utt4,meld_real,0,meld_Ross,neutral,neutral,-1,1,1,1,data\raw\MELD\MELD-RAW\MELD.Raw\train\train_splits\dia738_utt4.mp4,data\preprocessed\features\z_at\train_dia738_utt4.pt,data\preprocessed\features\z_v\train_dia738_utt4.pt
train_dia739_utt1,meld_real,0,meld_Joey,neutral,neutral,-1,1,1,1,data\raw\MELD\MELD-RAW\MELD.Raw\train\train_splits\dia739_utt1.mp4,data\preprocessed\features\z_at\train_dia739_utt1.pt,data\preprocessed\features\z_v\train_dia739_utt1.pt
train_dia739_utt16,meld_real,0,meld_Joey,neutral,neutral,-1,1,1,1,data\raw\MELD\MELD-RAW\MELD.Raw\train\train_splits\dia739_utt16.mp4,data\preprocessed\features\z_at\train_dia739_utt16.pt,data\preprocessed\features\z_v\train_dia739_utt16.pt
train_dia73_utt2,meld_real,0,meld_Chandler,joy,joy,-1,1,1,1,data\raw\MELD\MELD-RAW\MELD.Raw\train\train_splits\dia73_utt2.mp4,data\preprocessed\features\z_at\train_dia73_utt2.pt,data\preprocessed\features\z_v\train_dia73_utt2.pt
train_dia73_utt7,meld_real,0,meld_Joey,neutral,neutral,-1,1,1,1,data\raw\MELD\MELD-RAW\MELD.Raw\train\train_splits\dia73_utt7.mp4,data\preprocessed\features\z_at\train_dia73_utt7.pt,data\preprocessed\features\z_v\train_dia73_utt7.pt
train_dia740_utt10,meld_real,0,meld_Ross,neutral,neutral,-1,1,1,1,data\raw\MELD\MELD-RAW\MELD.Raw\train\train_splits\dia740_utt10.mp4,data\preprocessed\features\z_at\train_dia740_utt10.pt,data\preprocessed\features\z_v\train_dia740_utt10.pt
train_dia740_utt12,meld_real,0,meld_Ross,neutral,neutral,-1,1,1,1,data\raw\MELD\MELD-RAW\MELD.Raw\train\train_splits\dia740_utt12.mp4,data\preprocessed\features\z_at\train_dia740_utt12.pt,data\preprocessed\features\z_v\train_dia740_utt12.pt
train_dia740_utt13,meld_real,0,meld_Ross,joy,joy,-1,1,1,1,data\raw\MELD\MELD-RAW\MELD.Raw\train\train_splits\dia740_utt13.mp4,data\preprocessed\features\z_at\train_dia740_utt13.pt,data\preprocessed\features\z_v\train_dia740_utt13.pt
train_dia740_utt3,meld_real,0,meld_Ross,anger,anger,-1,1,1,1,data\raw\MELD\MELD-RAW\MELD.Raw\train\train_splits\dia740_utt3.mp4,data\preprocessed\features\z_at\train_dia740_utt3.pt,data\preprocessed\features\z_v\train_dia740_utt3.pt
train_dia740_utt7,meld_real,0,meld_Ross,sadness,sadness,-1,1,1,1,data\raw\MELD\MELD-RAW\MELD.Raw\train\train_splits\dia740_utt7.mp4,data\preprocessed\features\z_at\train_dia740_utt7.pt,data\preprocessed\features\z_v\train_dia740_utt7.pt
train_dia741_utt2,meld_real,0,meld_Rachel,joy,joy,-1,1,1,1,data\raw\MELD\MELD-RAW\MELD.Raw\train\train_splits\dia741_utt2.mp4,data\preprocessed\features\z_at\train_dia741_utt2.pt,data\preprocessed\features\z_v\train_dia741_utt2.pt
train_dia742_utt0,meld_real,0,meld_Ross,joy,joy,-1,1,1,1,data\raw\MELD\MELD-RAW\MELD.Raw\train\train_splits\dia742_utt0.mp4,data\preprocessed\features\z_at\train_dia742_utt0.pt,data\preprocessed\features\z_v\train_dia742_utt0.pt
train_dia743_utt0,meld_real,0,meld_Monica,anger,anger,-1,1,1,1,data\raw\MELD\MELD-RAW\MELD.Raw\train\train_splits\dia743_utt0.mp4,data\preprocessed\features\z_at\train_dia743_utt0.pt,data\preprocessed\features\z_v\train_dia743_utt0.pt
train_dia743_utt3,meld_real,0,meld_Monica,fear,fear,-1,1,1,1,data\raw\MELD\MELD-RAW\MELD.Raw\train\train_splits\dia743_utt3.mp4,data\preprocessed\features\z_at\train_dia743_utt3.pt,data\preprocessed\features\z_v\train_dia743_utt3.pt
train_dia744_utt0,meld_real,0,meld_Chandler,neutral,neutral,-1,1,1,1,data\raw\MELD\MELD-RAW\MELD.Raw\train\train_splits\dia744_utt0.mp4,data\preprocessed\features\z_at\train_dia744_utt0.pt,data\preprocessed\features\z_v\train_dia744_utt0.pt
train_dia744_utt2,meld_real,0,meld_Chandler,neutral,neutral,-1,1,1,1,data\raw\MELD\MELD-RAW\MELD.Raw\train\train_splits\dia744_utt2.mp4,data\preprocessed\features\z_at\train_dia744_utt2.pt,data\preprocessed\features\z_v\train_dia744_utt2.pt
train_dia744_utt5,meld_real,0,meld_Shelley,neutral,neutral,-1,1,1,1,data\raw\MELD\MELD-RAW\MELD.Raw\train\train_splits\dia744_utt5.mp4,data\preprocessed\features\z_at\train_dia744_utt5.pt,data\preprocessed\features\z_v\train_dia744_utt5.pt
train_dia744_utt9,meld_real,0,meld_Shelley,anger,anger,-1,1,1,1,data\raw\MELD\MELD-RAW\MELD.Raw\train\train_splits\dia744_utt9.mp4,data\preprocessed\features\z_at\train_dia744_utt9.pt,data\preprocessed\features\z_v\train_dia744_utt9.pt
train_dia745_utt1,meld_real,0,meld_Janice,neutral,neutral,-1,1,1,1,data\raw\MELD\MELD-RAW\MELD.Raw\train\train_splits\dia745_utt1.mp4,data\preprocessed\features\z_at\train_dia745_utt1.pt,data\preprocessed\features\z_v\train_dia745_utt1.pt
train_dia745_utt11,meld_real,0,meld_Phoebe,anger,anger,-1,1,1,1,data\raw\MELD\MELD-RAW\MELD.Raw\train\train_splits\dia745_utt11.mp4,data\preprocessed\features\z_at\train_dia745_utt11.pt,data\preprocessed\features\z_v\train_dia745_utt11.pt
train_dia745_utt2,meld_real,0,meld_Monica,neutral,neutral,-1,1,1,1,data\raw\MELD\MELD-RAW\MELD.Raw\train\train_splits\dia745_utt2.mp4,data\preprocessed\features\z_at\train_dia745_utt2.pt,data\preprocessed\features\z_v\train_dia745_utt2.pt
train_dia747_utt0,meld_real,0,meld_Ross,neutral,neutral,-1,1,1,1,data\raw\MELD\MELD-RAW\MELD.Raw\train\train_splits\dia747_utt0.mp4,data\preprocessed\features\z_at\train_dia747_utt0.pt,data\preprocessed\features\z_v\train_dia747_utt0.pt
train_dia747_utt10,meld_real,0,meld_Ross,anger,anger,-1,1,1,1,data\raw\MELD\MELD-RAW\MELD.Raw\train\train_splits\dia747_utt10.mp4,data\preprocessed\features\z_at\train_dia747_utt10.pt,data\preprocessed\features\z_v\train_dia747_utt10.pt
train_dia747_utt14,meld_real,0,meld_Ross,sadness,sadness,-1,1,1,1,data\raw\MELD\MELD-RAW\MELD.Raw\train\train_splits\dia747_utt14.mp4,data\preprocessed\features\z_at\train_dia747_utt14.pt,data\preprocessed\features\z_v\train_dia747_utt14.pt
train_dia747_utt16,meld_real,0,meld_Rachel,joy,joy,-1,1,1,1,data\raw\MELD\MELD-RAW\MELD.Raw\train\train_splits\dia747_utt16.mp4,data\preprocessed\features\z_at\train_dia747_utt16.pt,data\preprocessed\features\z_v\train_dia747_utt16.pt
train_dia749_utt1,meld_real,0,meld_Chandler,joy,joy,-1,1,1,1,data\raw\MELD\MELD-RAW\MELD.Raw\train\train_splits\dia749_utt1.mp4,data\preprocessed\features\z_at\train_dia749_utt1.pt,data\preprocessed\features\z_v\train_dia749_utt1.pt
train_dia749_utt2,meld_real,0,meld_Monica,joy,joy,-1,1,1,1,data\raw\MELD\MELD-RAW\MELD.Raw\train\train_splits\dia749_utt2.mp4,data\preprocessed\features\z_at\train_dia749_utt2.pt,data\preprocessed\features\z_v\train_dia749_utt2.pt
train_dia749_utt4,meld_real,0,meld_Monica,neutral,neutral,-1,1,1,1,data\raw\MELD\MELD-RAW\MELD.Raw\train\train_splits\dia749_utt4.mp4,data\preprocessed\features\z_at\train_dia749_utt4.pt,data\preprocessed\features\z_v\train_dia749_utt4.pt
train_dia749_utt7,meld_real,0,meld_Chandler,joy,joy,-1,1,1,1,data\raw\MELD\MELD-RAW\MELD.Raw\train\train_splits\dia749_utt7.mp4,data\preprocessed\features\z_at\train_dia749_utt7.pt,data\preprocessed\features\z_v\train_dia749_utt7.pt
train_dia752_utt1,meld_real,0,meld_Ross,neutral,neutral,-1,1,1,1,data\raw\MELD\MELD-RAW\MELD.Raw\train\train_splits\dia752_utt1.mp4,data\preprocessed\features\z_at\train_dia752_utt1.pt,data\preprocessed\features\z_v\train_dia752_utt1.pt
train_dia752_utt10,meld_real,0,meld_Carol,joy,joy,-1,1,1,1,data\raw\MELD\MELD-RAW\MELD.Raw\train\train_splits\dia752_utt10.mp4,data\preprocessed\features\z_at\train_dia752_utt10.pt,data\preprocessed\features\z_v\train_dia752_utt10.pt
train_dia753_utt2,meld_real,0,meld_Ross,joy,joy,-1,1,1,1,data\raw\MELD\MELD-RAW\MELD.Raw\train\train_splits\dia753_utt2.mp4,data\preprocessed\features\z_at\train_dia753_utt2.pt,data\preprocessed\features\z_v\train_dia753_utt2.pt
train_dia754_utt3,meld_real,0,meld_Monica,neutral,neutral,-1,1,1,1,data\raw\MELD\MELD-RAW\MELD.Raw\train\train_splits\dia754_utt3.mp4,data\preprocessed\features\z_at\train_dia754_utt3.pt,data\preprocessed\features\z_v\train_dia754_utt3.pt
train_dia755_utt0,meld_real,0,meld_Ross,neutral,neutral,-1,1,1,1,data\raw\MELD\MELD-RAW\MELD.Raw\train\train_splits\dia755_utt0.mp4,data\preprocessed\features\z_at\train_dia755_utt0.pt,data\preprocessed\features\z_v\train_dia755_utt0.pt
train_dia755_utt7,meld_real,0,meld_Leader,joy,joy,-1,1,1,1,data\raw\MELD\MELD-RAW\MELD.Raw\train\train_splits\dia755_utt7.mp4,data\preprocessed\features\z_at\train_dia755_utt7.pt,data\preprocessed\features\z_v\train_dia755_utt7.pt
train_dia757_utt1,meld_real,0,meld_Monica,neutral,neutral,-1,1,1,1,data\raw\MELD\MELD-RAW\MELD.Raw\train\train_splits\dia757_utt1.mp4,data\preprocessed\features\z_at\train_dia757_utt1.pt,data\preprocessed\features\z_v\train_dia757_utt1.pt
train_dia757_utt2,meld_real,0,meld_Chandler,neutral,neutral,-1,1,1,1,data\raw\MELD\MELD-RAW\MELD.Raw\train\train_splits\dia757_utt2.mp4,data\preprocessed\features\z_at\train_dia757_utt2.pt,data\preprocessed\features\z_v\train_dia757_utt2.pt
train_dia757_utt5,meld_real,0,meld_Monica,neutral,neutral,-1,1,1,1,data\raw\MELD\MELD-RAW\MELD.Raw\train\train_splits\dia757_utt5.mp4,data\preprocessed\features\z_at\train_dia757_utt5.pt,data\preprocessed\features\z_v\train_dia757_utt5.pt
train_dia759_utt12,meld_real,0,meld_Janice,disgust,disgust,-1,1,1,1,data\raw\MELD\MELD-RAW\MELD.Raw\train\train_splits\dia759_utt12.mp4,data\preprocessed\features\z_at\train_dia759_utt12.pt,data\preprocessed\features\z_v\train_dia759_utt12.pt
train_dia759_utt13,meld_real,0,meld_Janice,disgust,disgust,-1,1,1,1,data\raw\MELD\MELD-RAW\MELD.Raw\train\train_splits\dia759_utt13.mp4,data\preprocessed\features\z_at\train_dia759_utt13.pt,data\preprocessed\features\z_v\train_dia759_utt13.pt
train_dia759_utt14,meld_real,0,meld_Janice,sadness,sadness,-1,1,1,1,data\raw\MELD\MELD-RAW\MELD.Raw\train\train_splits\dia759_utt14.mp4,data\preprocessed\features\z_at\train_dia759_utt14.pt,data\preprocessed\features\z_v\train_dia759_utt14.pt
train_dia759_utt2,meld_real,0,meld_Janice,neutral,neutral,-1,1,1,1,data\raw\MELD\MELD-RAW\MELD.Raw\train\train_splits\dia759_utt2.mp4,data\preprocessed\features\z_at\train_dia759_utt2.pt,data\preprocessed\features\z_v\train_dia759_utt2.pt
train_dia759_utt5,meld_real,0,meld_Chandler,anger,anger,-1,1,1,1,data\raw\MELD\MELD-RAW\MELD.Raw\train\train_splits\dia759_utt5.mp4,data\preprocessed\features\z_at\train_dia759_utt5.pt,data\preprocessed\features\z_v\train_dia759_utt5.pt
train_dia760_utt0,meld_real,0,meld_Chandler,joy,joy,-1,1,1,1,data\raw\MELD\MELD-RAW\MELD.Raw\train\train_splits\dia760_utt0.mp4,data\preprocessed\features\z_at\train_dia760_utt0.pt,data\preprocessed\features\z_v\train_dia760_utt0.pt
train_dia760_utt1,meld_real,0,meld_Dana,anger,anger,-1,1,1,1,data\raw\MELD\MELD-RAW\MELD.Raw\train\train_splits\dia760_utt1.mp4,data\preprocessed\features\z_at\train_dia760_utt1.pt,data\preprocessed\features\z_v\train_dia760_utt1.pt
train_dia760_utt3,meld_real,0,meld_Dana,neutral,neutral,-1,1,1,1,data\raw\MELD\MELD-RAW\MELD.Raw\train\train_splits\dia760_utt3.mp4,data\preprocessed\features\z_at\train_dia760_utt3.pt,data\preprocessed\features\z_v\train_dia760_utt3.pt
train_dia761_utt6,meld_real,0,meld_Phoebe,neutral,neutral,-1,1,1,1,data\raw\MELD\MELD-RAW\MELD.Raw\train\train_splits\dia761_utt6.mp4,data\preprocessed\features\z_at\train_dia761_utt6.pt,data\preprocessed\features\z_v\train_dia761_utt6.pt
train_dia762_utt0,meld_real,0,meld_Joey,neutral,neutral,-1,1,1,1,data\raw\MELD\MELD-RAW\MELD.Raw\train\train_splits\dia762_utt0.mp4,data\preprocessed\features\z_at\train_dia762_utt0.pt,data\preprocessed\features\z_v\train_dia762_utt0.pt
train_dia762_utt2,meld_real,0,meld_Joey,joy,joy,-1,1,1,1,data\raw\MELD\MELD-RAW\MELD.Raw\train\train_splits\dia762_utt2.mp4,data\preprocessed\features\z_at\train_dia762_utt2.pt,data\preprocessed\features\z_v\train_dia762_utt2.pt
train_dia763_utt4,meld_real,0,meld_Chandler,neutral,neutral,-1,1,1,1,data\raw\MELD\MELD-RAW\MELD.Raw\train\train_splits\dia763_utt4.mp4,data\preprocessed\features\z_at\train_dia763_utt4.pt,data\preprocessed\features\z_v\train_dia763_utt4.pt
train_dia763_utt5,meld_real,0,meld_Monica,sadness,sadness,-1,1,1,1,data\raw\MELD\MELD-RAW\MELD.Raw\train\train_splits\dia763_utt5.mp4,data\preprocessed\features\z_at\train_dia763_utt5.pt,data\preprocessed\features\z_v\train_dia763_utt5.pt
train_dia768_utt2,meld_real,0,meld_Chandler,neutral,neutral,-1,1,1,1,data\raw\MELD\MELD-RAW\MELD.Raw\train\train_splits\dia768_utt2.mp4,data\preprocessed\features\z_at\train_dia768_utt2.pt,data\preprocessed\features\z_v\train_dia768_utt2.pt
train_dia768_utt3,meld_real,0,meld_Janice,anger,anger,-1,1,1,1,data\raw\MELD\MELD-RAW\MELD.Raw\train\train_splits\dia768_utt3.mp4,data\preprocessed\features\z_at\train_dia768_utt3.pt,data\preprocessed\features\z_v\train_dia768_utt3.pt
train_dia768_utt5,meld_real,0,meld_Monica,joy,joy,-1,1,1,1,data\raw\MELD\MELD-RAW\MELD.Raw\train\train_splits\dia768_utt5.mp4,data\preprocessed\features\z_at\train_dia768_utt5.pt,data\preprocessed\features\z_v\train_dia768_utt5.pt
train_dia768_utt6,meld_real,0,meld_Chandler,joy,joy,-1,1,1,1,data\raw\MELD\MELD-RAW\MELD.Raw\train\train_splits\dia768_utt6.mp4,data\preprocessed\features\z_at\train_dia768_utt6.pt,data\preprocessed\features\z_v\train_dia768_utt6.pt
train_dia768_utt7,meld_real,0,meld_Janice,neutral,neutral,-1,1,1,1,data\raw\MELD\MELD-RAW\MELD.Raw\train\train_splits\dia768_utt7.mp4,data\preprocessed\features\z_at\train_dia768_utt7.pt,data\preprocessed\features\z_v\train_dia768_utt7.pt
train_dia768_utt8,meld_real,0,meld_Chandler,neutral,neutral,-1,1,1,1,data\raw\MELD\MELD-RAW\MELD.Raw\train\train_splits\dia768_utt8.mp4,data\preprocessed\features\z_at\train_dia768_utt8.pt,data\preprocessed\features\z_v\train_dia768_utt8.pt
train_dia769_utt0,meld_real,0,meld_Ross,sadness,sadness,-1,1,1,1,data\raw\MELD\MELD-RAW\MELD.Raw\train\train_splits\dia769_utt0.mp4,data\preprocessed\features\z_at\train_dia769_utt0.pt,data\preprocessed\features\z_v\train_dia769_utt0.pt
train_dia76_utt0,meld_real,0,meld_Rachel,neutral,neutral,-1,1,1,1,data\raw\MELD\MELD-RAW\MELD.Raw\train\train_splits\dia76_utt0.mp4,data\preprocessed\features\z_at\train_dia76_utt0.pt,data\preprocessed\features\z_v\train_dia76_utt0.pt
train_dia76_utt3,meld_real,0,meld_Ross,neutral,neutral,-1,1,1,1,data\raw\MELD\MELD-RAW\MELD.Raw\train\train_splits\dia76_utt3.mp4,data\preprocessed\features\z_at\train_dia76_utt3.pt,data\preprocessed\features\z_v\train_dia76_utt3.pt
train_dia76_utt6,meld_real,0,meld_Ross,joy,joy,-1,1,1,1,data\raw\MELD\MELD-RAW\MELD.Raw\train\train_splits\dia76_utt6.mp4,data\preprocessed\features\z_at\train_dia76_utt6.pt,data\preprocessed\features\z_v\train_dia76_utt6.pt
train_dia770_utt15,meld_real,0,meld_Chandler,sadness,sadness,-1,1,1,1,data\raw\MELD\MELD-RAW\MELD.Raw\train\train_splits\dia770_utt15.mp4,data\preprocessed\features\z_at\train_dia770_utt15.pt,data\preprocessed\features\z_v\train_dia770_utt15.pt
train_dia770_utt5,meld_real,0,meld_Chandler,anger,anger,-1,1,1,1,data\raw\MELD\MELD-RAW\MELD.Raw\train\train_splits\dia770_utt5.mp4,data\preprocessed\features\z_at\train_dia770_utt5.pt,data\preprocessed\features\z_v\train_dia770_utt5.pt
train_dia770_utt8,meld_real,0,meld_Monica,disgust,disgust,-1,1,1,1,data\raw\MELD\MELD-RAW\MELD.Raw\train\train_splits\dia770_utt8.mp4,data\preprocessed\features\z_at\train_dia770_utt8.pt,data\preprocessed\features\z_v\train_dia770_utt8.pt
train_dia770_utt9,meld_real,0,meld_Chandler,anger,anger,-1,1,1,1,data\raw\MELD\MELD-RAW\MELD.Raw\train\train_splits\dia770_utt9.mp4,data\preprocessed\features\z_at\train_dia770_utt9.pt,data\preprocessed\features\z_v\train_dia770_utt9.pt
train_dia771_utt0,meld_real,0,meld_Monica,neutral,neutral,-1,1,1,1,data\raw\MELD\MELD-RAW\MELD.Raw\train\train_splits\dia771_utt0.mp4,data\preprocessed\features\z_at\train_dia771_utt0.pt,data\preprocessed\features\z_v\train_dia771_utt0.pt
train_dia771_utt1,meld_real,0,meld_Chandler,neutral,neutral,-1,1,1,1,data\raw\MELD\MELD-RAW\MELD.Raw\train\train_splits\dia771_utt1.mp4,data\preprocessed\features\z_at\train_dia771_utt1.pt,data\preprocessed\features\z_v\train_dia771_utt1.pt
train_dia771_utt8,meld_real,0,meld_Joey,neutral,neutral,-1,1,1,1,data\raw\MELD\MELD-RAW\MELD.Raw\train\train_splits\dia771_utt8.mp4,data\preprocessed\features\z_at\train_dia771_utt8.pt,data\preprocessed\features\z_v\train_dia771_utt8.pt
train_dia772_utt0,meld_real,0,meld_Dr._Wesley,neutral,neutral,-1,1,1,1,data\raw\MELD\MELD-RAW\MELD.Raw\train\train_splits\dia772_utt0.mp4,data\preprocessed\features\z_at\train_dia772_utt0.pt,data\preprocessed\features\z_v\train_dia772_utt0.pt
train_dia772_utt3,meld_real,0,meld_Dr._Drake_Remoray,anger,anger,-1,1,1,1,data\raw\MELD\MELD-RAW\MELD.Raw\train\train_splits\dia772_utt3.mp4,data\preprocessed\features\z_at\train_dia772_utt3.pt,data\preprocessed\features\z_v\train_dia772_utt3.pt
train_dia774_utt1,meld_real,0,meld_Rachel,sadness,sadness,-1,1,1,1,data\raw\MELD\MELD-RAW\MELD.Raw\train\train_splits\dia774_utt1.mp4,data\preprocessed\features\z_at\train_dia774_utt1.pt,data\preprocessed\features\z_v\train_dia774_utt1.pt
train_dia774_utt3,meld_real,0,meld_Rachel,neutral,neutral,-1,1,1,1,data\raw\MELD\MELD-RAW\MELD.Raw\train\train_splits\dia774_utt3.mp4,data\preprocessed\features\z_at\train_dia774_utt3.pt,data\preprocessed\features\z_v\train_dia774_utt3.pt
train_dia775_utt1,meld_real,0,meld_Monica,neutral,neutral,-1,1,1,1,data\raw\MELD\MELD-RAW\MELD.Raw\train\train_splits\dia775_utt1.mp4,data\preprocessed\features\z_at\train_dia775_utt1.pt,data\preprocessed\features\z_v\train_dia775_utt1.pt
train_dia775_utt12,meld_real,0,meld_Ross,joy,joy,-1,1,1,1,data\raw\MELD\MELD-RAW\MELD.Raw\train\train_splits\dia775_utt12.mp4,data\preprocessed\features\z_at\train_dia775_utt12.pt,data\preprocessed\features\z_v\train_dia775_utt12.pt
train_dia775_utt4,meld_real,0,meld_Joey,neutral,neutral,-1,1,1,1,data\raw\MELD\MELD-RAW\MELD.Raw\train\train_splits\dia775_utt4.mp4,data\preprocessed\features\z_at\train_dia775_utt4.pt,data\preprocessed\features\z_v\train_dia775_utt4.pt
train_dia775_utt5,meld_real,0,meld_Monica,neutral,neutral,-1,1,1,1,data\raw\MELD\MELD-RAW\MELD.Raw\train\train_splits\dia775_utt5.mp4,data\preprocessed\features\z_at\train_dia775_utt5.pt,data\preprocessed\features\z_v\train_dia775_utt5.pt
train_dia776_utt5,meld_real,0,meld_Monica,joy,joy,-1,1,1,1,data\raw\MELD\MELD-RAW\MELD.Raw\train\train_splits\dia776_utt5.mp4,data\preprocessed\features\z_at\train_dia776_utt5.pt,data\preprocessed\features\z_v\train_dia776_utt5.pt
train_dia776_utt7,meld_real,0,meld_Phoebe,neutral,neutral,-1,1,1,1,data\raw\MELD\MELD-RAW\MELD.Raw\train\train_splits\dia776_utt7.mp4,data\preprocessed\features\z_at\train_dia776_utt7.pt,data\preprocessed\features\z_v\train_dia776_utt7.pt
train_dia777_utt0,meld_real,0,meld_Rachel,neutral,neutral,-1,1,1,1,data\raw\MELD\MELD-RAW\MELD.Raw\train\train_splits\dia777_utt0.mp4,data\preprocessed\features\z_at\train_dia777_utt0.pt,data\preprocessed\features\z_v\train_dia777_utt0.pt
train_dia777_utt1,meld_real,0,meld_Phoebe,neutral,neutral,-1,1,1,1,data\raw\MELD\MELD-RAW\MELD.Raw\train\train_splits\dia777_utt1.mp4,data\preprocessed\features\z_at\train_dia777_utt1.pt,data\preprocessed\features\z_v\train_dia777_utt1.pt
train_dia777_utt2,meld_real,0,meld_Phoebe,neutral,neutral,-1,1,1,1,data\raw\MELD\MELD-RAW\MELD.Raw\train\train_splits\dia777_utt2.mp4,data\preprocessed\features\z_at\train_dia777_utt2.pt,data\preprocessed\features\z_v\train_dia777_utt2.pt
train_dia777_utt5,meld_real,0,meld_Phoebe,joy,joy,-1,1,1,1,data\raw\MELD\MELD-RAW\MELD.Raw\train\train_splits\dia777_utt5.mp4,data\preprocessed\features\z_at\train_dia777_utt5.pt,data\preprocessed\features\z_v\train_dia777_utt5.pt
train_dia778_utt7,meld_real,0,meld_Rick,neutral,neutral,-1,1,1,1,data\raw\MELD\MELD-RAW\MELD.Raw\train\train_splits\dia778_utt7.mp4,data\preprocessed\features\z_at\train_dia778_utt7.pt,data\preprocessed\features\z_v\train_dia778_utt7.pt
train_dia779_utt0,meld_real,0,meld_Phoebe,neutral,neutral,-1,1,1,1,data\raw\MELD\MELD-RAW\MELD.Raw\train\train_splits\dia779_utt0.mp4,data\preprocessed\features\z_at\train_dia779_utt0.pt,data\preprocessed\features\z_v\train_dia779_utt0.pt
train_dia782_utt7,meld_real,0,meld_Mark,joy,joy,-1,1,1,1,data\raw\MELD\MELD-RAW\MELD.Raw\train\train_splits\dia782_utt7.mp4,data\preprocessed\features\z_at\train_dia782_utt7.pt,data\preprocessed\features\z_v\train_dia782_utt7.pt
train_dia782_utt8,meld_real,0,meld_Mark,fear,fear,-1,1,1,1,data\raw\MELD\MELD-RAW\MELD.Raw\train\train_splits\dia782_utt8.mp4,data\preprocessed\features\z_at\train_dia782_utt8.pt,data\preprocessed\features\z_v\train_dia782_utt8.pt
train_dia782_utt9,meld_real,0,meld_Mark,fear,fear,-1,1,1,1,data\raw\MELD\MELD-RAW\MELD.Raw\train\train_splits\dia782_utt9.mp4,data\preprocessed\features\z_at\train_dia782_utt9.pt,data\preprocessed\features\z_v\train_dia782_utt9.pt
train_dia783_utt3,meld_real,0,meld_Phoebe,joy,joy,-1,1,1,1,data\raw\MELD\MELD-RAW\MELD.Raw\train\train_splits\dia783_utt3.mp4,data\preprocessed\features\z_at\train_dia783_utt3.pt,data\preprocessed\features\z_v\train_dia783_utt3.pt
train_dia783_utt4,meld_real,0,meld_Phoebe,joy,joy,-1,1,1,1,data\raw\MELD\MELD-RAW\MELD.Raw\train\train_splits\dia783_utt4.mp4,data\preprocessed\features\z_at\train_dia783_utt4.pt,data\preprocessed\features\z_v\train_dia783_utt4.pt
train_dia783_utt5,meld_real,0,meld_Phoebe,joy,joy,-1,1,1,1,data\raw\MELD\MELD-RAW\MELD.Raw\train\train_splits\dia783_utt5.mp4,data\preprocessed\features\z_at\train_dia783_utt5.pt,data\preprocessed\features\z_v\train_dia783_utt5.pt
train_dia784_utt1,meld_real,0,meld_Rachel,sadness,sadness,-1,1,1,1,data\raw\MELD\MELD-RAW\MELD.Raw\train\train_splits\dia784_utt1.mp4,data\preprocessed\features\z_at\train_dia784_utt1.pt,data\preprocessed\features\z_v\train_dia784_utt1.pt
train_dia786_utt3,meld_real,0,meld_Joey,anger,anger,-1,1,1,1,data\raw\MELD\MELD-RAW\MELD.Raw\train\train_splits\dia786_utt3.mp4,data\preprocessed\features\z_at\train_dia786_utt3.pt,data\preprocessed\features\z_v\train_dia786_utt3.pt
train_dia787_utt1,meld_real,0,meld_Joey,neutral,neutral,-1,1,1,1,data\raw\MELD\MELD-RAW\MELD.Raw\train\train_splits\dia787_utt1.mp4,data\preprocessed\features\z_at\train_dia787_utt1.pt,data\preprocessed\features\z_v\train_dia787_utt1.pt
train_dia787_utt2,meld_real,0,meld_Janine,neutral,neutral,-1,1,1,1,data\raw\MELD\MELD-RAW\MELD.Raw\train\train_splits\dia787_utt2.mp4,data\preprocessed\features\z_at\train_dia787_utt2.pt,data\preprocessed\features\z_v\train_dia787_utt2.pt
train_dia787_utt3,meld_real,0,meld_Joey,neutral,neutral,-1,1,1,1,data\raw\MELD\MELD-RAW\MELD.Raw\train\train_splits\dia787_utt3.mp4,data\preprocessed\features\z_at\train_dia787_utt3.pt,data\preprocessed\features\z_v\train_dia787_utt3.pt
train_dia788_utt0,meld_real,0,meld_Monica,fear,fear,-1,1,1,1,data\raw\MELD\MELD-RAW\MELD.Raw\train\train_splits\dia788_utt0.mp4,data\preprocessed\features\z_at\train_dia788_utt0.pt,data\preprocessed\features\z_v\train_dia788_utt0.pt
train_dia788_utt2,meld_real,0,meld_Chandler,neutral,neutral,-1,1,1,1,data\raw\MELD\MELD-RAW\MELD.Raw\train\train_splits\dia788_utt2.mp4,data\preprocessed\features\z_at\train_dia788_utt2.pt,data\preprocessed\features\z_v\train_dia788_utt2.pt
train_dia789_utt3,meld_real,0,meld_Joey,fear,fear,-1,1,1,1,data\raw\MELD\MELD-RAW\MELD.Raw\train\train_splits\dia789_utt3.mp4,data\preprocessed\features\z_at\train_dia789_utt3.pt,data\preprocessed\features\z_v\train_dia789_utt3.pt
train_dia78_utt0,meld_real,0,meld_Ross,joy,joy,-1,1,1,1,data\raw\MELD\MELD-RAW\MELD.Raw\train\train_splits\dia78_utt0.mp4,data\preprocessed\features\z_at\train_dia78_utt0.pt,data\preprocessed\features\z_v\train_dia78_utt0.pt
train_dia78_utt1,meld_real,0,meld_Rachel,anger,anger,-1,1,1,1,data\raw\MELD\MELD-RAW\MELD.Raw\train\train_splits\dia78_utt1.mp4,data\preprocessed\features\z_at\train_dia78_utt1.pt,data\preprocessed\features\z_v\train_dia78_utt1.pt
train_dia791_utt12,meld_real,0,meld_Rachel,neutral,neutral,-1,1,1,1,data\raw\MELD\MELD-RAW\MELD.Raw\train\train_splits\dia791_utt12.mp4,data\preprocessed\features\z_at\train_dia791_utt12.pt,data\preprocessed\features\z_v\train_dia791_utt12.pt
train_dia791_utt14,meld_real,0,meld_Rachel,neutral,neutral,-1,1,1,1,data\raw\MELD\MELD-RAW\MELD.Raw\train\train_splits\dia791_utt14.mp4,data\preprocessed\features\z_at\train_dia791_utt14.pt,data\preprocessed\features\z_v\train_dia791_utt14.pt
train_dia791_utt16,meld_real,0,meld_Rachel,neutral,neutral,-1,1,1,1,data\raw\MELD\MELD-RAW\MELD.Raw\train\train_splits\dia791_utt16.mp4,data\preprocessed\features\z_at\train_dia791_utt16.pt,data\preprocessed\features\z_v\train_dia791_utt16.pt
train_dia791_utt17,meld_real,0,meld_Joey,joy,joy,-1,1,1,1,data\raw\MELD\MELD-RAW\MELD.Raw\train\train_splits\dia791_utt17.mp4,data\preprocessed\features\z_at\train_dia791_utt17.pt,data\preprocessed\features\z_v\train_dia791_utt17.pt
train_dia791_utt18,meld_real,0,meld_Joey,joy,joy,-1,1,1,1,data\raw\MELD\MELD-RAW\MELD.Raw\train\train_splits\dia791_utt18.mp4,data\preprocessed\features\z_at\train_dia791_utt18.pt,data\preprocessed\features\z_v\train_dia791_utt18.pt
train_dia791_utt4,meld_real,0,meld_Joey,neutral,neutral,-1,1,1,1,data\raw\MELD\MELD-RAW\MELD.Raw\train\train_splits\dia791_utt4.mp4,data\preprocessed\features\z_at\train_dia791_utt4.pt,data\preprocessed\features\z_v\train_dia791_utt4.pt
train_dia791_utt7,meld_real,0,meld_Rachel,neutral,neutral,-1,1,1,1,data\raw\MELD\MELD-RAW\MELD.Raw\train\train_splits\dia791_utt7.mp4,data\preprocessed\features\z_at\train_dia791_utt7.pt,data\preprocessed\features\z_v\train_dia791_utt7.pt
train_dia791_utt8,meld_real,0,meld_Joey,neutral,neutral,-1,1,1,1,data\raw\MELD\MELD-RAW\MELD.Raw\train\train_splits\dia791_utt8.mp4,data\preprocessed\features\z_at\train_dia791_utt8.pt,data\preprocessed\features\z_v\train_dia791_utt8.pt
train_dia792_utt11,meld_real,0,meld_Joey/Drake,neutral,neutral,-1,1,1,1,data\raw\MELD\MELD-RAW\MELD.Raw\train\train_splits\dia792_utt11.mp4,data\preprocessed\features\z_at\train_dia792_utt11.pt,data\preprocessed\features\z_v\train_dia792_utt11.pt
train_dia792_utt12,meld_real,0,meld_Rachel/actress,anger,anger,-1,1,1,1,data\raw\MELD\MELD-RAW\MELD.Raw\train\train_splits\dia792_utt12.mp4,data\preprocessed\features\z_at\train_dia792_utt12.pt,data\preprocessed\features\z_v\train_dia792_utt12.pt
train_dia792_utt18,meld_real,0,meld_Joey/Drake,sadness,sadness,-1,1,1,1,data\raw\MELD\MELD-RAW\MELD.Raw\train\train_splits\dia792_utt18.mp4,data\preprocessed\features\z_at\train_dia792_utt18.pt,data\preprocessed\features\z_v\train_dia792_utt18.pt
train_dia792_utt2,meld_real,0,meld_Rachel,neutral,neutral,-1,1,1,1,data\raw\MELD\MELD-RAW\MELD.Raw\train\train_splits\dia792_utt2.mp4,data\preprocessed\features\z_at\train_dia792_utt2.pt,data\preprocessed\features\z_v\train_dia792_utt2.pt
train_dia792_utt9,meld_real,0,meld_Joey,neutral,neutral,-1,1,1,1,data\raw\MELD\MELD-RAW\MELD.Raw\train\train_splits\dia792_utt9.mp4,data\preprocessed\features\z_at\train_dia792_utt9.pt,data\preprocessed\features\z_v\train_dia792_utt9.pt
train_dia793_utt2,meld_real,0,meld_Chandler,joy,joy,-1,1,1,1,data\raw\MELD\MELD-RAW\MELD.Raw\train\train_splits\dia793_utt2.mp4,data\preprocessed\features\z_at\train_dia793_utt2.pt,data\preprocessed\features\z_v\train_dia793_utt2.pt
train_dia794_utt10,meld_real,0,meld_Mr._Waltham,anger,anger,-1,1,1,1,data\raw\MELD\MELD-RAW\MELD.Raw\train\train_splits\dia794_utt10.mp4,data\preprocessed\features\z_at\train_dia794_utt10.pt,data\preprocessed\features\z_v\train_dia794_utt10.pt
train_dia794_utt2,meld_real,0,meld_Ross,anger,anger,-1,1,1,1,data\raw\MELD\MELD-RAW\MELD.Raw\train\train_splits\dia794_utt2.mp4,data\preprocessed\features\z_at\train_dia794_utt2.pt,data\preprocessed\features\z_v\train_dia794_utt2.pt
train_dia794_utt6,meld_real,0,meld_Ross,anger,anger,-1,1,1,1,data\raw\MELD\MELD-RAW\MELD.Raw\train\train_splits\dia794_utt6.mp4,data\preprocessed\features\z_at\train_dia794_utt6.pt,data\preprocessed\features\z_v\train_dia794_utt6.pt
train_dia794_utt7,meld_real,0,meld_Ross,sadness,sadness,-1,1,1,1,data\raw\MELD\MELD-RAW\MELD.Raw\train\train_splits\dia794_utt7.mp4,data\preprocessed\features\z_at\train_dia794_utt7.pt,data\preprocessed\features\z_v\train_dia794_utt7.pt
train_dia796_utt15,meld_real,0,meld_Chandler,neutral,neutral,-1,1,1,1,data\raw\MELD\MELD-RAW\MELD.Raw\train\train_splits\dia796_utt15.mp4,data\preprocessed\features\z_at\train_dia796_utt15.pt,data\preprocessed\features\z_v\train_dia796_utt15.pt
train_dia796_utt17,meld_real,0,meld_Chandler,joy,joy,-1,1,1,1,data\raw\MELD\MELD-RAW\MELD.Raw\train\train_splits\dia796_utt17.mp4,data\preprocessed\features\z_at\train_dia796_utt17.pt,data\preprocessed\features\z_v\train_dia796_utt17.pt
train_dia796_utt3,meld_real,0,meld_Chandler,neutral,neutral,-1,1,1,1,data\raw\MELD\MELD-RAW\MELD.Raw\train\train_splits\dia796_utt3.mp4,data\preprocessed\features\z_at\train_dia796_utt3.pt,data\preprocessed\features\z_v\train_dia796_utt3.pt
train_dia796_utt5,meld_real,0,meld_Chandler,fear,fear,-1,1,1,1,data\raw\MELD\MELD-RAW\MELD.Raw\train\train_splits\dia796_utt5.mp4,data\preprocessed\features\z_at\train_dia796_utt5.pt,data\preprocessed\features\z_v\train_dia796_utt5.pt
