clip_id,source_pipeline,fake_label,speaker_id,audio_emotion,visual_emotion,sarcasm_label,has_z_at,has_z_v,is_ready_for_training,video_path,z_at_path,z_v_path
train_dia425_utt2,meld_real,0,meld_Rachel,sadness,sadness,-1,1,1,1,data\raw\MELD\MELD-RAW\MELD.Raw\train\train_splits\dia425_utt2.mp4,data\preprocessed\features\z_at\train_dia425_utt2.pt,data\preprocessed\features\z_v\train_dia425_utt2.pt
train_dia427_utt0,meld_real,0,meld_Monica,sadness,sadness,-1,1,1,1,data\raw\MELD\MELD-RAW\MELD.Raw\train\train_splits\dia427_utt0.mp4,data\preprocessed\features\z_at\train_dia427_utt0.pt,data\preprocessed\features\z_v\train_dia427_utt0.pt
train_dia427_utt1,meld_real,0,meld_Joey,neutral,neutral,-1,1,1,1,data\raw\MELD\MELD-RAW\MELD.Raw\train\train_splits\dia427_utt1.mp4,data\preprocessed\features\z_at\train_dia427_utt1.pt,data\preprocessed\features\z_v\train_dia427_utt1.pt
train_dia428_utt2,meld_real,0,meld_Chandler,joy,joy,-1,1,1,1,data\raw\MELD\MELD-RAW\MELD.Raw\train\train_splits\dia428_utt2.mp4,data\preprocessed\features\z_at\train_dia428_utt2.pt,data\preprocessed\features\z_v\train_dia428_utt2.pt
train_dia429_utt4,meld_real,0,meld_Lorraine,joy,joy,-1,1,1,1,data\raw\MELD\MELD-RAW\MELD.Raw\train\train_splits\dia429_utt4.mp4,data\preprocessed\features\z_at\train_dia429_utt4.pt,data\preprocessed\features\z_v\train_dia429_utt4.pt
train_dia429_utt7,meld_real,0,meld_Lorraine,neutral,neutral,-1,1,1,1,data\raw\MELD\MELD-RAW\MELD.Raw\train\train_splits\dia429_utt7.mp4,data\preprocessed\features\z_at\train_dia429_utt7.pt,data\preprocessed\features\z_v\train_dia429_utt7.pt
train_dia430_utt2,meld_real,0,meld_Rachel,sadness,sadness,-1,1,1,1,data\raw\MELD\MELD-RAW\MELD.Raw\train\train_splits\dia430_utt2.mp4,data\preprocessed\features\z_at\train_dia430_utt2.pt,data\preprocessed\features\z_v\train_dia430_utt2.pt
train_dia430_utt5,meld_real,0,meld_Phoebe,neutral,neutral,-1,1,1,1,data\raw\MELD\MELD-RAW\MELD.Raw\train\train_splits\dia430_utt5.mp4,data\preprocessed\features\z_at\train_dia430_utt5.pt,data\preprocessed\features\z_v\train_dia430_utt5.pt
train_dia431_utt1,meld_real,0,meld_Joey,neutral,neutral,-1,1,1,1,data\raw\MELD\MELD-RAW\MELD.Raw\train\train_splits\dia431_utt1.mp4,data\preprocessed\features\z_at\train_dia431_utt1.pt,data\preprocessed\features\z_v\train_dia431_utt1.pt
train_dia431_utt13,meld_real,0,meld_Phoebe,anger,anger,-1,1,1,1,data\raw\MELD\MELD-RAW\MELD.Raw\train\train_splits\dia431_utt13.mp4,data\preprocessed\features\z_at\train_dia431_utt13.pt,data\preprocessed\features\z_v\train_dia431_utt13.pt
train_dia431_utt18,meld_real,0,meld_Phoebe,disgust,disgust,-1,1,1,1,data\raw\MELD\MELD-RAW\MELD.Raw\train\train_splits\dia431_utt18.mp4,data\preprocessed\features\z_at\train_dia431_utt18.pt,data\preprocessed\features\z_v\train_dia431_utt18.pt
train_dia431_utt5,meld_real,0,meld_Joey,joy,joy,-1,1,1,1,data\raw\MELD\MELD-RAW\MELD.Raw\train\train_splits\dia431_utt5.mp4,data\preprocessed\features\z_at\train_dia431_utt5.pt,data\preprocessed\features\z_v\train_dia431_utt5.pt
train_dia431_utt6,meld_real,0,meld_Phoebe,anger,anger,-1,1,1,1,data\raw\MELD\MELD-RAW\MELD.Raw\train\train_splits\dia431_utt6.mp4,data\preprocessed\features\z_at\train_dia431_utt6.pt,data\preprocessed\features\z_v\train_dia431_utt6.pt
train_dia434_utt0,meld_real,0,meld_Rachel,sadness,sadness,-1,1,1,1,data\raw\MELD\MELD-RAW\MELD.Raw\train\train_splits\dia434_utt0.mp4,data\preprocessed\features\z_at\train_dia434_utt0.pt,data\preprocessed\features\z_v\train_dia434_utt0.pt
train_dia434_utt10,meld_real,0,meld_Rachel,sadness,sadness,-1,1,1,1,data\raw\MELD\MELD-RAW\MELD.Raw\train\train_splits\dia434_utt10.mp4,data\preprocessed\features\z_at\train_dia434_utt10.pt,data\preprocessed\features\z_v\train_dia434_utt10.pt
train_dia434_utt6,meld_real,0,meld_Ross,joy,joy,-1,1,1,1,data\raw\MELD\MELD-RAW\MELD.Raw\train\train_splits\dia434_utt6.mp4,data\preprocessed\features\z_at\train_dia434_utt6.pt,data\preprocessed\features\z_v\train_dia434_utt6.pt
train_dia434_utt8,meld_real,0,meld_Rachel,neutral,neutral,-1,1,1,1,data\raw\MELD\MELD-RAW\MELD.Raw\train\train_splits\dia434_utt8.mp4,data\preprocessed\features\z_at\train_dia434_utt8.pt,data\preprocessed\features\z_v\train_dia434_utt8.pt
train_dia435_utt1,meld_real,0,meld_Ross,joy,joy,-1,1,1,1,data\raw\MELD\MELD-RAW\MELD.Raw\train\train_splits\dia435_utt1.mp4,data\preprocessed\features\z_at\train_dia435_utt1.pt,data\preprocessed\features\z_v\train_dia435_utt1.pt
train_dia435_utt5,meld_real,0,meld_Ross,neutral,neutral,-1,1,1,1,data\raw\MELD\MELD-RAW\MELD.Raw\train\train_splits\dia435_utt5.mp4,data\preprocessed\features\z_at\train_dia435_utt5.pt,data\preprocessed\features\z_v\train_dia435_utt5.pt
train_dia436_utt2,meld_real,0,meld_Joey,anger,anger,-1,1,1,1,data\raw\MELD\MELD-RAW\MELD.Raw\train\train_splits\dia436_utt2.mp4,data\preprocessed\features\z_at\train_dia436_utt2.pt,data\preprocessed\features\z_v\train_dia436_utt2.pt
train_dia436_utt3,meld_real,0,meld_Joey,disgust,disgust,-1,1,1,1,data\raw\MELD\MELD-RAW\MELD.Raw\train\train_splits\dia436_utt3.mp4,data\preprocessed\features\z_at\train_dia436_utt3.pt,data\preprocessed\features\z_v\train_dia436_utt3.pt
train_dia437_utt1,meld_real,0,meld_Phoebe,neutral,neutral,-1,1,1,1,data\raw\MELD\MELD-RAW\MELD.Raw\train\train_splits\dia437_utt1.mp4,data\preprocessed\features\z_at\train_dia437_utt1.pt,data\preprocessed\features\z_v\train_dia437_utt1.pt
train_dia438_utt11,meld_real,0,meld_Richard,neutral,neutral,-1,1,1,1,data\raw\MELD\MELD-RAW\MELD.Raw\train\train_splits\dia438_utt11.mp4,data\preprocessed\features\z_at\train_dia438_utt11.pt,data\preprocessed\features\z_v\train_dia438_utt11.pt
train_dia438_utt14,meld_real,0,meld_Monica,neutral,neutral,-1,1,1,1,data\raw\MELD\MELD-RAW\MELD.Raw\train\train_splits\dia438_utt14.mp4,data\preprocessed\features\z_at\train_dia438_utt14.pt,data\preprocessed\features\z_v\train_dia438_utt14.pt
train_dia438_utt5,meld_real,0,meld_Richard,neutral,neutral,-1,1,1,1,data\raw\MELD\MELD-RAW\MELD.Raw\train\train_splits\dia438_utt5.mp4,data\preprocessed\features\z_at\train_dia438_utt5.pt,data\preprocessed\features\z_v\train_dia438_utt5.pt
train_dia43_utt0,meld_real,0,meld_Monica,neutral,neutral,-1,1,1,1,data\raw\MELD\MELD-RAW\MELD.Raw\train\train_splits\dia43_utt0.mp4,data\preprocessed\features\z_at\train_dia43_utt0.pt,data\preprocessed\features\z_v\train_dia43_utt0.pt
train_dia43_utt3,meld_real,0,meld_Rachel,neutral,neutral,-1,1,1,1,data\raw\MELD\MELD-RAW\MELD.Raw\train\train_splits\dia43_utt3.mp4,data\preprocessed\features\z_at\train_dia43_utt3.pt,data\preprocessed\features\z_v\train_dia43_utt3.pt
train_dia43_utt4,meld_real,0,meld_Rachel,neutral,neutral,-1,1,1,1,data\raw\MELD\MELD-RAW\MELD.Raw\train\train_splits\dia43_utt4.mp4,data\preprocessed\features\z_at\train_dia43_utt4.pt,data\preprocessed\features\z_v\train_dia43_utt4.pt
train_dia440_utt12,meld_real,0,meld_Rachel,neutral,neutral,-1,1,1,1,data\raw\MELD\MELD-RAW\MELD.Raw\train\train_splits\dia440_utt12.mp4,data\preprocessed\features\z_at\train_dia440_utt12.pt,data\preprocessed\features\z_v\train_dia440_utt12.pt
train_dia440_utt4,meld_real,0,meld_Monica,neutral,neutral,-1,1,1,1,data\raw\MELD\MELD-RAW\MELD.Raw\train\train_splits\dia440_utt4.mp4,data\preprocessed\features\z_at\train_dia440_utt4.pt,data\preprocessed\features\z_v\train_dia440_utt4.pt
train_dia440_utt5,meld_real,0,meld_Phoebe,neutral,neutral,-1,1,1,1,data\raw\MELD\MELD-RAW\MELD.Raw\train\train_splits\dia440_utt5.mp4,data\preprocessed\features\z_at\train_dia440_utt5.pt,data\preprocessed\features\z_v\train_dia440_utt5.pt
train_dia440_utt6,meld_real,0,meld_Rachel,neutral,neutral,-1,1,1,1,data\raw\MELD\MELD-RAW\MELD.Raw\train\train_splits\dia440_utt6.mp4,data\preprocessed\features\z_at\train_dia440_utt6.pt,data\preprocessed\features\z_v\train_dia440_utt6.pt
train_dia440_utt7,meld_real,0,meld_Phoebe,neutral,neutral,-1,1,1,1,data\raw\MELD\MELD-RAW\MELD.Raw\train\train_splits\dia440_utt7.mp4,data\preprocessed\features\z_at\train_dia440_utt7.pt,data\preprocessed\features\z_v\train_dia440_utt7.pt
train_dia440_utt8,meld_real,0,meld_Monica,neutral,neutral,-1,1,1,1,data\raw\MELD\MELD-RAW\MELD.Raw\train\train_splits\dia440_utt8.mp4,data\preprocessed\features\z_at\train_dia440_utt8.pt,data\preprocessed\features\z_v\train_dia440_utt8.pt
train_dia442_utt5,meld_real,0,meld_Joey,neutral,neutral,-1,1,1,1,data\raw\MELD\MELD-RAW\MELD.Raw\train\train_splits\dia442_utt5.mp4,data\preprocessed\features\z_at\train_dia442_utt5.pt,data\preprocessed\features\z_v\train_dia442_utt5.pt
train_dia443_utt4,meld_real,0,meld_Phoebe,neutral,neutral,-1,1,1,1,data\raw\MELD\MELD-RAW\MELD.Raw\train\train_splits\dia443_utt4.mp4,data\preprocessed\features\z_at\train_dia443_utt4.pt,data\preprocessed\features\z_v\train_dia443_utt4.pt
train_dia443_utt5,meld_real,0,meld_Rachel,neutral,neutral,-1,1,1,1,data\raw\MELD\MELD-RAW\MELD.Raw\train\train_splits\dia443_utt5.mp4,data\preprocessed\features\z_at\train_dia443_utt5.pt,data\preprocessed\features\z_v\train_dia443_utt5.pt
train_dia443_utt7,meld_real,0,meld_Phoebe,neutral,neutral,-1,1,1,1,data\raw\MELD\MELD-RAW\MELD.Raw\train\train_splits\dia443_utt7.mp4,data\preprocessed\features\z_at\train_dia443_utt7.pt,data\preprocessed\features\z_v\train_dia443_utt7.pt
train_dia444_utt0,meld_real,0,meld_Lydia,neutral,neutral,-1,1,1,1,data\raw\MELD\MELD-RAW\MELD.Raw\train\train_splits\dia444_utt0.mp4,data\preprocessed\features\z_at\train_dia444_utt0.pt,data\preprocessed\features\z_v\train_dia444_utt0.pt
train_dia444_utt5,meld_real,0,meld_Guy,neutral,neutral,-1,1,1,1,data\raw\MELD\MELD-RAW\MELD.Raw\train\train_splits\dia444_utt5.mp4,data\preprocessed\features\z_at\train_dia444_utt5.pt,data\preprocessed\features\z_v\train_dia444_utt5.pt
train_dia445_utt0,meld_real,0,meld_Phoebe,neutral,neutral,-1,1,1,1,data\raw\MELD\MELD-RAW\MELD.Raw\train\train_splits\dia445_utt0.mp4,data\preprocessed\features\z_at\train_dia445_utt0.pt,data\preprocessed\features\z_v\train_dia445_utt0.pt
train_dia445_utt19,meld_real,0,meld_Dr._Green,anger,anger,-1,1,1,1,data\raw\MELD\MELD-RAW\MELD.Raw\train\train_splits\dia445_utt19.mp4,data\preprocessed\features\z_at\train_dia445_utt19.pt,data\preprocessed\features\z_v\train_dia445_utt19.pt
train_dia445_utt6,meld_real,0,meld_Dr._Green,neutral,neutral,-1,1,1,1,data\raw\MELD\MELD-RAW\MELD.Raw\train\train_splits\dia445_utt6.mp4,data\preprocessed\features\z_at\train_dia445_utt6.pt,data\preprocessed\features\z_v\train_dia445_utt6.pt
train_dia445_utt8,meld_real,0,meld_Dr._Green,joy,joy,-1,1,1,1,data\raw\MELD\MELD-RAW\MELD.Raw\train\train_splits\dia445_utt8.mp4,data\preprocessed\features\z_at\train_dia445_utt8.pt,data\preprocessed\features\z_v\train_dia445_utt8.pt
train_dia446_utt14,meld_real,0,meld_Monica,anger,anger,-1,1,1,1,data\raw\MELD\MELD-RAW\MELD.Raw\train\train_splits\dia446_utt14.mp4,data\preprocessed\features\z_at\train_dia446_utt14.pt,data\preprocessed\features\z_v\train_dia446_utt14.pt
train_dia446_utt17,meld_real,0,meld_Monica,sadness,sadness,-1,1,1,1,data\raw\MELD\MELD-RAW\MELD.Raw\train\train_splits\dia446_utt17.mp4,data\preprocessed\features\z_at\train_dia446_utt17.pt,data\preprocessed\features\z_v\train_dia446_utt17.pt
train_dia446_utt18,meld_real,0,meld_Monica,sadness,sadness,-1,1,1,1,data\raw\MELD\MELD-RAW\MELD.Raw\train\train_splits\dia446_utt18.mp4,data\preprocessed\features\z_at\train_dia446_utt18.pt,data\preprocessed\features\z_v\train_dia446_utt18.pt
train_dia446_utt5,meld_real,0,meld_Joey,neutral,neutral,-1,1,1,1,data\raw\MELD\MELD-RAW\MELD.Raw\train\train_splits\dia446_utt5.mp4,data\preprocessed\features\z_at\train_dia446_utt5.pt,data\preprocessed\features\z_v\train_dia446_utt5.pt
train_dia447_utt2,meld_real,0,meld_Joey,joy,joy,-1,1,1,1,data\raw\MELD\MELD-RAW\MELD.Raw\train\train_splits\dia447_utt2.mp4,data\preprocessed\features\z_at\train_dia447_utt2.pt,data\preprocessed\features\z_v\train_dia447_utt2.pt
train_dia448_utt11,meld_real,0,meld_Phoebe,neutral,neutral,-1,1,1,1,data\raw\MELD\MELD-RAW\MELD.Raw\train\train_splits\dia448_utt11.mp4,data\preprocessed\features\z_at\train_dia448_utt11.pt,data\preprocessed\features\z_v\train_dia448_utt11.pt
train_dia448_utt5,meld_real,0,meld_Monica,anger,anger,-1,1,1,1,data\raw\MELD\MELD-RAW\MELD.Raw\train\train_splits\dia448_utt5.mp4,data\preprocessed\features\z_at\train_dia448_utt5.pt,data\preprocessed\features\z_v\train_dia448_utt5.pt
train_dia449_utt2,meld_real,0,meld_Ross,sadness,sadness,-1,1,1,1,data\raw\MELD\MELD-RAW\MELD.Raw\train\train_splits\dia449_utt2.mp4,data\preprocessed\features\z_at\train_dia449_utt2.pt,data\preprocessed\features\z_v\train_dia449_utt2.pt
train_dia450_utt2,meld_real,0,meld_Monica,neutral,neutral,-1,1,1,1,data\raw\MELD\MELD-RAW\MELD.Raw\train\train_splits\dia450_utt2.mp4,data\preprocessed\features\z_at\train_dia450_utt2.pt,data\preprocessed\features\z_v\train_dia450_utt2.pt
train_dia450_utt22,meld_real,0,meld_Phoebe,neutral,neutral,-1,1,1,1,data\raw\MELD\MELD-RAW\MELD.Raw\train\train_splits\dia450_utt22.mp4,data\preprocessed\features\z_at\train_dia450_utt22.pt,data\preprocessed\features\z_v\train_dia450_utt22.pt
train_dia450_utt23,meld_real,0,meld_Phoebe,neutral,neutral,-1,1,1,1,data\raw\MELD\MELD-RAW\MELD.Raw\train\train_splits\dia450_utt23.mp4,data\preprocessed\features\z_at\train_dia450_utt23.pt,data\preprocessed\features\z_v\train_dia450_utt23.pt
train_dia450_utt4,meld_real,0,meld_Rachel,neutral,neutral,-1,1,1,1,data\raw\MELD\MELD-RAW\MELD.Raw\train\train_splits\dia450_utt4.mp4,data\preprocessed\features\z_at\train_dia450_utt4.pt,data\preprocessed\features\z_v\train_dia450_utt4.pt
train_dia450_utt7,meld_real,0,meld_Phoebe,sadness,sadness,-1,1,1,1,data\raw\MELD\MELD-RAW\MELD.Raw\train\train_splits\dia450_utt7.mp4,data\preprocessed\features\z_at\train_dia450_utt7.pt,data\preprocessed\features\z_v\train_dia450_utt7.pt
train_dia450_utt8,meld_real,0,meld_Monica,neutral,neutral,-1,1,1,1,data\raw\MELD\MELD-RAW\MELD.Raw\train\train_splits\dia450_utt8.mp4,data\preprocessed\features\z_at\train_dia450_utt8.pt,data\preprocessed\features\z_v\train_dia450_utt8.pt
train_dia450_utt9,meld_real,0,meld_Monica,joy,joy,-1,1,1,1,data\raw\MELD\MELD-RAW\MELD.Raw\train\train_splits\dia450_utt9.mp4,data\preprocessed\features\z_at\train_dia450_utt9.pt,data\preprocessed\features\z_v\train_dia450_utt9.pt
train_dia451_utt4,meld_real,0,meld_Monica,anger,anger,-1,1,1,1,data\raw\MELD\MELD-RAW\MELD.Raw\train\train_splits\dia451_utt4.mp4,data\preprocessed\features\z_at\train_dia451_utt4.pt,data\preprocessed\features\z_v\train_dia451_utt4.pt
train_dia452_utt0,meld_real,0,meld_Joey,neutral,neutral,-1,1,1,1,data\raw\MELD\MELD-RAW\MELD.Raw\train\train_splits\dia452_utt0.mp4,data\preprocessed\features\z_at\train_dia452_utt0.pt,data\preprocessed\features\z_v\train_dia452_utt0.pt
train_dia452_utt1,meld_real,0,meld_Rachel,neutral,neutral,-1,1,1,1,data\raw\MELD\MELD-RAW\MELD.Raw\train\train_splits\dia452_utt1.mp4,data\preprocessed\features\z_at\train_dia452_utt1.pt,data\preprocessed\features\z_v\train_dia452_utt1.pt
train_dia452_utt4,meld_real,0,meld_Joey,neutral,neutral,-1,1,1,1,data\raw\MELD\MELD-RAW\MELD.Raw\train\train_splits\dia452_utt4.mp4,data\preprocessed\features\z_at\train_dia452_utt4.pt,data\preprocessed\features\z_v\train_dia452_utt4.pt
train_dia453_utt0,meld_real,0,meld_Chandler,neutral,neutral,-1,1,1,1,data\raw\MELD\MELD-RAW\MELD.Raw\train\train_splits\dia453_utt0.mp4,data\preprocessed\features\z_at\train_dia453_utt0.pt,data\preprocessed\features\z_v\train_dia453_utt0.pt
train_dia453_utt1,meld_real,0,meld_Joey,neutral,neutral,-1,1,1,1,data\raw\MELD\MELD-RAW\MELD.Raw\train\train_splits\dia453_utt1.mp4,data\preprocessed\features\z_at\train_dia453_utt1.pt,data\preprocessed\features\z_v\train_dia453_utt1.pt
train_dia454_utt2,meld_real,0,meld_Phoebe,anger,anger,-1,1,1,1,data\raw\MELD\MELD-RAW\MELD.Raw\train\train_splits\dia454_utt2.mp4,data\preprocessed\features\z_at\train_dia454_utt2.pt,data\preprocessed\features\z_v\train_dia454_utt2.pt
train_dia455_utt11,meld_real,0,meld_Rachel,sadness,sadness,-1,1,1,1,data\raw\MELD\MELD-RAW\MELD.Raw\train\train_splits\dia455_utt11.mp4,data\preprocessed\features\z_at\train_dia455_utt11.pt,data\preprocessed\features\z_v\train_dia455_utt11.pt
train_dia455_utt12,meld_real,0,meld_Julie,neutral,neutral,-1,1,1,1,data\raw\MELD\MELD-RAW\MELD.Raw\train\train_splits\dia455_utt12.mp4,data\preprocessed\features\z_at\train_dia455_utt12.pt,data\preprocessed\features\z_v\train_dia455_utt12.pt
train_dia455_utt13,meld_real,0,meld_Rachel,joy,joy,-1,1,1,1,data\raw\MELD\MELD-RAW\MELD.Raw\train\train_splits\dia455_utt13.mp4,data\preprocessed\features\z_at\train_dia455_utt13.pt,data\preprocessed\features\z_v\train_dia455_utt13.pt
train_dia455_utt4,meld_real,0,meld_Rachel,neutral,neutral,-1,1,1,1,data\raw\MELD\MELD-RAW\MELD.Raw\train\train_splits\dia455_utt4.mp4,data\preprocessed\features\z_at\train_dia455_utt4.pt,data\preprocessed\features\z_v\train_dia455_utt4.pt
train_dia455_utt8,meld_real,0,meld_Julie,anger,anger,-1,1,1,1,data\raw\MELD\MELD-RAW\MELD.Raw\train\train_splits\dia455_utt8.mp4,data\preprocessed\features\z_at\train_dia455_utt8.pt,data\preprocessed\features\z_v\train_dia455_utt8.pt
train_dia456_utt1,meld_real,0,meld_Chandler,neutral,neutral,-1,1,1,1,data\raw\MELD\MELD-RAW\MELD.Raw\train\train_splits\dia456_utt1.mp4,data\preprocessed\features\z_at\train_dia456_utt1.pt,data\preprocessed\features\z_v\train_dia456_utt1.pt
train_dia456_utt2,meld_real,0,meld_Phoebe,anger,anger,-1,1,1,1,data\raw\MELD\MELD-RAW\MELD.Raw\train\train_splits\dia456_utt2.mp4,data\preprocessed\features\z_at\train_dia456_utt2.pt,data\preprocessed\features\z_v\train_dia456_utt2.pt
train_dia456_utt4,meld_real,0,meld_Phoebe,sadness,sadness,-1,1,1,1,data\raw\MELD\MELD-RAW\MELD.Raw\train\train_splits\dia456_utt4.mp4,data\preprocessed\features\z_at\train_dia456_utt4.pt,data\preprocessed\features\z_v\train_dia456_utt4.pt
train_dia456_utt8,meld_real,0,meld_Phoebe,anger,anger,-1,1,1,1,data\raw\MELD\MELD-RAW\MELD.Raw\train\train_splits\dia456_utt8.mp4,data\preprocessed\features\z_at\train_dia456_utt8.pt,data\preprocessed\features\z_v\train_dia456_utt8.pt
train_dia456_utt9,meld_real,0,meld_Chandler,sadness,sadness,-1,1,1,1,data\raw\MELD\MELD-RAW\MELD.Raw\train\train_splits\dia456_utt9.mp4,data\preprocessed\features\z_at\train_dia456_utt9.pt,data\preprocessed\features\z_v\train_dia456_utt9.pt
train_dia457_utt0,meld_real,0,meld_Rachel,neutral,neutral,-1,1,1,1,data\raw\MELD\MELD-RAW\MELD.Raw\train\train_splits\dia457_utt0.mp4,data\preprocessed\features\z_at\train_dia457_utt0.pt,data\preprocessed\features\z_v\train_dia457_utt0.pt
train_dia457_utt1,meld_real,0,meld_Barry,neutral,neutral,-1,1,1,1,data\raw\MELD\MELD-RAW\MELD.Raw\train\train_splits\dia457_utt1.mp4,data\preprocessed\features\z_at\train_dia457_utt1.pt,data\preprocessed\features\z_v\train_dia457_utt1.pt
train_dia457_utt7,meld_real,0,meld_Barry,sadness,sadness,-1,1,1,1,data\raw\MELD\MELD-RAW\MELD.Raw\train\train_splits\dia457_utt7.mp4,data\preprocessed\features\z_at\train_dia457_utt7.pt,data\preprocessed\features\z_v\train_dia457_utt7.pt
train_dia457_utt8,meld_real,0,meld_Barry,sadness,sadness,-1,1,1,1,data\raw\MELD\MELD-RAW\MELD.Raw\train\train_splits\dia457_utt8.mp4,data\preprocessed\features\z_at\train_dia457_utt8.pt,data\preprocessed\features\z_v\train_dia457_utt8.pt
train_dia45_utt0,meld_real,0,meld_Joey,sadness,sadness,-1,1,1,1,data\raw\MELD\MELD-RAW\MELD.Raw\train\train_splits\dia45_utt0.mp4,data\preprocessed\features\z_at\train_dia45_utt0.pt,data\preprocessed\features\z_v\train_dia45_utt0.pt
train_dia45_utt1,meld_real,0,meld_Chandler,disgust,disgust,-1,1,1,1,data\raw\MELD\MELD-RAW\MELD.Raw\train\train_splits\dia45_utt1.mp4,data\preprocessed\features\z_at\train_dia45_utt1.pt,data\preprocessed\features\z_v\train_dia45_utt1.pt
train_dia45_utt3,meld_real,0,meld_Chandler,anger,anger,-1,1,1,1,data\raw\MELD\MELD-RAW\MELD.Raw\train\train_splits\dia45_utt3.mp4,data\preprocessed\features\z_at\train_dia45_utt3.pt,data\preprocessed\features\z_v\train_dia45_utt3.pt
train_dia45_utt4,meld_real,0,meld_Joey,neutral,neutral,-1,1,1,1,data\raw\MELD\MELD-RAW\MELD.Raw\train\train_splits\dia45_utt4.mp4,data\preprocessed\features\z_at\train_dia45_utt4.pt,data\preprocessed\features\z_v\train_dia45_utt4.pt
train_dia460_utt1,meld_real,0,meld_Phoebe,neutral,neutral,-1,1,1,1,data\raw\MELD\MELD-RAW\MELD.Raw\train\train_splits\dia460_utt1.mp4,data\preprocessed\features\z_at\train_dia460_utt1.pt,data\preprocessed\features\z_v\train_dia460_utt1.pt
train_dia461_utt0,meld_real,0,meld_Phoebe,neutral,neutral,-1,1,1,1,data\raw\MELD\MELD-RAW\MELD.Raw\train\train_splits\dia461_utt0.mp4,data\preprocessed\features\z_at\train_dia461_utt0.pt,data\preprocessed\features\z_v\train_dia461_utt0.pt
train_dia462_utt10,meld_real,0,meld_Joey,neutral,neutral,-1,1,1,1,data\raw\MELD\MELD-RAW\MELD.Raw\train\train_splits\dia462_utt10.mp4,data\preprocessed\features\z_at\train_dia462_utt10.pt,data\preprocessed\features\z_v\train_dia462_utt10.pt
train_dia462_utt3,meld_real,0,meld_Joey,neutral,neutral,-1,1,1,1,data\raw\MELD\MELD-RAW\MELD.Raw\train\train_splits\dia462_utt3.mp4,data\preprocessed\features\z_at\train_dia462_utt3.pt,data\preprocessed\features\z_v\train_dia462_utt3.pt
train_dia462_utt5,meld_real,0,meld_Joey,neutral,neutral,-1,1,1,1,data\raw\MELD\MELD-RAW\MELD.Raw\train\train_splits\dia462_utt5.mp4,data\preprocessed\features\z_at\train_dia462_utt5.pt,data\preprocessed\features\z_v\train_dia462_utt5.pt
train_dia462_utt8,meld_real,0,meld_Chandler,neutral,neutral,-1,1,1,1,data\raw\MELD\MELD-RAW\MELD.Raw\train\train_splits\dia462_utt8.mp4,data\preprocessed\features\z_at\train_dia462_utt8.pt,data\preprocessed\features\z_v\train_dia462_utt8.pt
train_dia462_utt9,meld_real,0,meld_Joey,neutral,neutral,-1,1,1,1,data\raw\MELD\MELD-RAW\MELD.Raw\train\train_splits\dia462_utt9.mp4,data\preprocessed\features\z_at\train_dia462_utt9.pt,data\preprocessed\features\z_v\train_dia462_utt9.pt
train_dia463_utt10,meld_real,0,meld_Chandler,anger,anger,-1,1,1,1,data\raw\MELD\MELD-RAW\MELD.Raw\train\train_splits\dia463_utt10.mp4,data\preprocessed\features\z_at\train_dia463_utt10.pt,data\preprocessed\features\z_v\train_dia463_utt10.pt
train_dia463_utt5,meld_real,0,meld_Chandler,anger,anger,-1,1,1,1,data\raw\MELD\MELD-RAW\MELD.Raw\train\train_splits\dia463_utt5.mp4,data\preprocessed\features\z_at\train_dia463_utt5.pt,data\preprocessed\features\z_v\train_dia463_utt5.pt
train_dia463_utt8,meld_real,0,meld_Rachel,neutral,neutral,-1,1,1,1,data\raw\MELD\MELD-RAW\MELD.Raw\train\train_splits\dia463_utt8.mp4,data\preprocessed\features\z_at\train_dia463_utt8.pt,data\preprocessed\features\z_v\train_dia463_utt8.pt
train_dia464_utt13,meld_real,0,meld_Rachel,neutral,neutral,-1,1,1,1,data\raw\MELD\MELD-RAW\MELD.Raw\train\train_splits\dia464_utt13.mp4,data\preprocessed\features\z_at\train_dia464_utt13.pt,data\preprocessed\features\z_v\train_dia464_utt13.pt
train_dia464_utt18,meld_real,0,meld_Rachel,sadness,sadness,-1,1,1,1,data\raw\MELD\MELD-RAW\MELD.Raw\train\train_splits\dia464_utt18.mp4,data\preprocessed\features\z_at\train_dia464_utt18.pt,data\preprocessed\features\z_v\train_dia464_utt18.pt
train_dia464_utt2,meld_real,0,meld_Tag,neutral,neutral,-1,1,1,1,data\raw\MELD\MELD-RAW\MELD.Raw\train\train_splits\dia464_utt2.mp4,data\preprocessed\features\z_at\train_dia464_utt2.pt,data\preprocessed\features\z_v\train_dia464_utt2.pt
train_dia464_utt20,meld_real,0,meld_Monica,anger,anger,-1,1,1,1,data\raw\MELD\MELD-RAW\MELD.Raw\train\train_splits\dia464_utt20.mp4,data\preprocessed\features\z_at\train_dia464_utt20.pt,data\preprocessed\features\z_v\train_dia464_utt20.pt
train_dia466_utt0,meld_real,0,meld_Joey,neutral,neutral,-1,1,1,1,data\raw\MELD\MELD-RAW\MELD.Raw\train\train_splits\dia466_utt0.mp4,data\preprocessed\features\z_at\train_dia466_utt0.pt,data\preprocessed\features\z_v\train_dia466_utt0.pt
train_dia466_utt1,meld_real,0,meld_Chandler,joy,joy,-1,1,1,1,data\raw\MELD\MELD-RAW\MELD.Raw\train\train_splits\dia466_utt1.mp4,data\preprocessed\features\z_at\train_dia466_utt1.pt,data\preprocessed\features\z_v\train_dia466_utt1.pt
train_dia466_utt11,meld_real,0,meld_Ross,anger,anger,-1,1,1,1,data\raw\MELD\MELD-RAW\MELD.Raw\train\train_splits\dia466_utt11.mp4,data\preprocessed\features\z_at\train_dia466_utt11.pt,data\preprocessed\features\z_v\train_dia466_utt11.pt
train_dia466_utt15,meld_real,0,meld_Ross,anger,anger,-1,1,1,1,data\raw\MELD\MELD-RAW\MELD.Raw\train\train_splits\dia466_utt15.mp4,data\preprocessed\features\z_at\train_dia466_utt15.pt,data\preprocessed\features\z_v\train_dia466_utt15.pt
train_dia466_utt6,meld_real,0,meld_Chandler,joy,joy,-1,1,1,1,data\raw\MELD\MELD-RAW\MELD.Raw\train\train_splits\dia466_utt6.mp4,data\preprocessed\features\z_at\train_dia466_utt6.pt,data\preprocessed\features\z_v\train_dia466_utt6.pt
train_dia466_utt7,meld_real,0,meld_Ross,disgust,disgust,-1,1,1,1,data\raw\MELD\MELD-RAW\MELD.Raw\train\train_splits\dia466_utt7.mp4,data\preprocessed\features\z_at\train_dia466_utt7.pt,data\preprocessed\features\z_v\train_dia466_utt7.pt
train_dia466_utt9,meld_real,0,meld_Ross,anger,anger,-1,1,1,1,data\raw\MELD\MELD-RAW\MELD.Raw\train\train_splits\dia466_utt9.mp4,data\preprocessed\features\z_at\train_dia466_utt9.pt,data\preprocessed\features\z_v\train_dia466_utt9.pt
train_dia468_utt1,meld_real,0,meld_Monica,anger,anger,-1,1,1,1,data\raw\MELD\MELD-RAW\MELD.Raw\train\train_splits\dia468_utt1.mp4,data\preprocessed\features\z_at\train_dia468_utt1.pt,data\preprocessed\features\z_v\train_dia468_utt1.pt
train_dia468_utt2,meld_real,0,meld_Phoebe,neutral,neutral,-1,1,1,1,data\raw\MELD\MELD-RAW\MELD.Raw\train\train_splits\dia468_utt2.mp4,data\preprocessed\features\z_at\train_dia468_utt2.pt,data\preprocessed\features\z_v\train_dia468_utt2.pt
train_dia468_utt5,meld_real,0,meld_Monica,joy,joy,-1,1,1,1,data\raw\MELD\MELD-RAW\MELD.Raw\train\train_splits\dia468_utt5.mp4,data\preprocessed\features\z_at\train_dia468_utt5.pt,data\preprocessed\features\z_v\train_dia468_utt5.pt
train_dia468_utt6,meld_real,0,meld_Mrs._Green,joy,joy,-1,1,1,1,data\raw\MELD\MELD-RAW\MELD.Raw\train\train_splits\dia468_utt6.mp4,data\preprocessed\features\z_at\train_dia468_utt6.pt,data\preprocessed\features\z_v\train_dia468_utt6.pt
train_dia468_utt9,meld_real,0,meld_Monica,neutral,neutral,-1,1,1,1,data\raw\MELD\MELD-RAW\MELD.Raw\train\train_splits\dia468_utt9.mp4,data\preprocessed\features\z_at\train_dia468_utt9.pt,data\preprocessed\features\z_v\train_dia468_utt9.pt
train_dia46_utt1,meld_real,0,meld_Joey,neutral,neutral,-1,1,1,1,data\raw\MELD\MELD-RAW\MELD.Raw\train\train_splits\dia46_utt1.mp4,data\preprocessed\features\z_at\train_dia46_utt1.pt,data\preprocessed\features\z_v\train_dia46_utt1.pt
train_dia46_utt2,meld_real,0,meld_Monica,anger,anger,-1,1,1,1,data\raw\MELD\MELD-RAW\MELD.Raw\train\train_splits\dia46_utt2.mp4,data\preprocessed\features\z_at\train_dia46_utt2.pt,data\preprocessed\features\z_v\train_dia46_utt2.pt
train_dia46_utt6,meld_real,0,meld_Rachel,anger,anger,-1,1,1,1,data\raw\MELD\MELD-RAW\MELD.Raw\train\train_splits\dia46_utt6.mp4,data\preprocessed\features\z_at\train_dia46_utt6.pt,data\preprocessed\features\z_v\train_dia46_utt6.pt
train_dia46_utt8,meld_real,0,meld_Chandler,joy,joy,-1,1,1,1,data\raw\MELD\MELD-RAW\MELD.Raw\train\train_splits\dia46_utt8.mp4,data\preprocessed\features\z_at\train_dia46_utt8.pt,data\preprocessed\features\z_v\train_dia46_utt8.pt
train_dia470_utt0,meld_real,0,meld_Julie,neutral,neutral,-1,1,1,1,data\raw\MELD\MELD-RAW\MELD.Raw\train\train_splits\dia470_utt0.mp4,data\preprocessed\features\z_at\train_dia470_utt0.pt,data\preprocessed\features\z_v\train_dia470_utt0.pt
train_dia471_utt2,meld_real,0,meld_Julie,neutral,neutral,-1,1,1,1,data\raw\MELD\MELD-RAW\MELD.Raw\train\train_splits\dia471_utt2.mp4,data\preprocessed\features\z_at\train_dia471_utt2.pt,data\preprocessed\features\z_v\train_dia471_utt2.pt
train_dia473_utt3,meld_real,0,meld_Phoebe,fear,fear,-1,1,1,1,data\raw\MELD\MELD-RAW\MELD.Raw\train\train_splits\dia473_utt3.mp4,data\preprocessed\features\z_at\train_dia473_utt3.pt,data\preprocessed\features\z_v\train_dia473_utt3.pt
train_dia474_utt0,meld_real,0,meld_Monica,joy,joy,-1,1,1,1,data\raw\MELD\MELD-RAW\MELD.Raw\train\train_splits\dia474_utt0.mp4,data\preprocessed\features\z_at\train_dia474_utt0.pt,data\preprocessed\features\z_v\train_dia474_utt0.pt
train_dia474_utt11,meld_real,0,meld_Monica,joy,joy,-1,1,1,1,data\raw\MELD\MELD-RAW\MELD.Raw\train\train_splits\dia474_utt11.mp4,data\preprocessed\features\z_at\train_dia474_utt11.pt,data\preprocessed\features\z_v\train_dia474_utt11.pt
train_dia474_utt14,meld_real,0,meld_Monica,joy,joy,-1,1,1,1,data\raw\MELD\MELD-RAW\MELD.Raw\train\train_splits\dia474_utt14.mp4,data\preprocessed\features\z_at\train_dia474_utt14.pt,data\preprocessed\features\z_v\train_dia474_utt14.pt
train_dia474_utt15,meld_real,0,meld_Monica,joy,joy,-1,1,1,1,data\raw\MELD\MELD-RAW\MELD.Raw\train\train_splits\dia474_utt15.mp4,data\preprocessed\features\z_at\train_dia474_utt15.pt,data\preprocessed\features\z_v\train_dia474_utt15.pt
train_dia474_utt2,meld_real,0,meld_Monica,joy,joy,-1,1,1,1,data\raw\MELD\MELD-RAW\MELD.Raw\train\train_splits\dia474_utt2.mp4,data\preprocessed\features\z_at\train_dia474_utt2.pt,data\preprocessed\features\z_v\train_dia474_utt2.pt
train_dia475_utt1,meld_real,0,meld_Phoebe,neutral,neutral,-1,1,1,1,data\raw\MELD\MELD-RAW\MELD.Raw\train\train_splits\dia475_utt1.mp4,data\preprocessed\features\z_at\train_dia475_utt1.pt,data\preprocessed\features\z_v\train_dia475_utt1.pt
train_dia475_utt5,meld_real,0,meld_Mike,neutral,neutral,-1,1,1,1,data\raw\MELD\MELD-RAW\MELD.Raw\train\train_splits\dia475_utt5.mp4,data\preprocessed\features\z_at\train_dia475_utt5.pt,data\preprocessed\features\z_v\train_dia475_utt5.pt
train_dia476_utt8,meld_real,0,meld_Monica,neutral,neutral,-1,1,1,1,data\raw\MELD\MELD-RAW\MELD.Raw\train\train_splits\dia476_utt8.mp4,data\preprocessed\features\z_at\train_dia476_utt8.pt,data\preprocessed\features\z_v\train_dia476_utt8.pt
train_dia477_utt10,meld_real,0,meld_Phoebe,disgust,disgust,-1,1,1,1,data\raw\MELD\MELD-RAW\MELD.Raw\train\train_splits\dia477_utt10.mp4,data\preprocessed\features\z_at\train_dia477_utt10.pt,data\preprocessed\features\z_v\train_dia477_utt10.pt
train_dia477_utt14,meld_real,0,meld_Ross,neutral,neutral,-1,1,1,1,data\raw\MELD\MELD-RAW\MELD.Raw\train\train_splits\dia477_utt14.mp4,data\preprocessed\features\z_at\train_dia477_utt14.pt,data\preprocessed\features\z_v\train_dia477_utt14.pt
train_dia477_utt2,meld_real,0,meld_Ross,neutral,neutral,-1,1,1,1,data\raw\MELD\MELD-RAW\MELD.Raw\train\train_splits\dia477_utt2.mp4,data\preprocessed\features\z_at\train_dia477_utt2.pt,data\preprocessed\features\z_v\train_dia477_utt2.pt
train_dia477_utt3,meld_real,0,meld_Monica,fear,fear,-1,1,1,1,data\raw\MELD\MELD-RAW\MELD.Raw\train\train_splits\dia477_utt3.mp4,data\preprocessed\features\z_at\train_dia477_utt3.pt,data\preprocessed\features\z_v\train_dia477_utt3.pt
train_dia477_utt4,meld_real,0,meld_Phoebe,neutral,neutral,-1,1,1,1,data\raw\MELD\MELD-RAW\MELD.Raw\train\train_splits\dia477_utt4.mp4,data\preprocessed\features\z_at\train_dia477_utt4.pt,data\preprocessed\features\z_v\train_dia477_utt4.pt
train_dia477_utt9,meld_real,0,meld_Ross,joy,joy,-1,1,1,1,data\raw\MELD\MELD-RAW\MELD.Raw\train\train_splits\dia477_utt9.mp4,data\preprocessed\features\z_at\train_dia477_utt9.pt,data\preprocessed\features\z_v\train_dia477_utt9.pt
train_dia478_utt0,meld_real,0,meld_Chandler,neutral,neutral,-1,1,1,1,data\raw\MELD\MELD-RAW\MELD.Raw\train\train_splits\dia478_utt0.mp4,data\preprocessed\features\z_at\train_dia478_utt0.pt,data\preprocessed\features\z_v\train_dia478_utt0.pt
train_dia478_utt1,meld_real,0,meld_Joey,neutral,neutral,-1,1,1,1,data\raw\MELD\MELD-RAW\MELD.Raw\train\train_splits\dia478_utt1.mp4,data\preprocessed\features\z_at\train_dia478_utt1.pt,data\preprocessed\features\z_v\train_dia478_utt1.pt
train_dia478_utt10,meld_real,0,meld_Monica,anger,anger,-1,1,1,1,data\raw\MELD\MELD-RAW\MELD.Raw\train\train_splits\dia478_utt10.mp4,data\preprocessed\features\z_at\train_dia478_utt10.pt,data\preprocessed\features\z_v\train_dia478_utt10.pt
train_dia478_utt8,meld_real,0,meld_Monica,neutral,neutral,-1,1,1,1,data\raw\MELD\MELD-RAW\MELD.Raw\train\train_splits\dia478_utt8.mp4,data\preprocessed\features\z_at\train_dia478_utt8.pt,data\preprocessed\features\z_v\train_dia478_utt8.pt
train_dia479_utt0,meld_real,0,meld_Chandler,joy,joy,-1,1,1,1,data\raw\MELD\MELD-RAW\MELD.Raw\train\train_splits\dia479_utt0.mp4,data\preprocessed\features\z_at\train_dia479_utt0.pt,data\preprocessed\features\z_v\train_dia479_utt0.pt
train_dia479_utt6,meld_real,0,meld_Dana,neutral,neutral,-1,1,1,1,data\raw\MELD\MELD-RAW\MELD.Raw\train\train_splits\dia479_utt6.mp4,data\preprocessed\features\z_at\train_dia479_utt6.pt,data\preprocessed\features\z_v\train_dia479_utt6.pt
train_dia47_utt13,meld_real,0,meld_Chandler,neutral,neutral,-1,1,1,1,data\raw\MELD\MELD-RAW\MELD.Raw\train\train_splits\dia47_utt13.mp4,data\preprocessed\features\z_at\train_dia47_utt13.pt,data\preprocessed\features\z_v\train_dia47_utt13.pt
train_dia47_utt2,meld_real,0,meld_Joey,neutral,neutral,-1,1,1,1,data\raw\MELD\MELD-RAW\MELD.Raw\train\train_splits\dia47_utt2.mp4,data\preprocessed\features\z_at\train_dia47_utt2.pt,data\preprocessed\features\z_v\train_dia47_utt2.pt
train_dia480_utt5,meld_real,0,meld_Ross,neutral,neutral,-1,1,1,1,data\raw\MELD\MELD-RAW\MELD.Raw\train\train_splits\dia480_utt5.mp4,data\preprocessed\features\z_at\train_dia480_utt5.pt,data\preprocessed\features\z_v\train_dia480_utt5.pt
train_dia481_utt13,meld_real,0,meld_Rachel,sadness,sadness,-1,1,1,1,data\raw\MELD\MELD-RAW\MELD.Raw\train\train_splits\dia481_utt13.mp4,data\preprocessed\features\z_at\train_dia481_utt13.pt,data\preprocessed\features\z_v\train_dia481_utt13.pt
train_dia481_utt3,meld_real,0,meld_Rachel,neutral,neutral,-1,1,1,1,data\raw\MELD\MELD-RAW\MELD.Raw\train\train_splits\dia481_utt3.mp4,data\preprocessed\features\z_at\train_dia481_utt3.pt,data\preprocessed\features\z_v\train_dia481_utt3.pt
train_dia482_utt0,meld_real,0,meld_Phoebe,neutral,neutral,-1,1,1,1,data\raw\MELD\MELD-RAW\MELD.Raw\train\train_splits\dia482_utt0.mp4,data\preprocessed\features\z_at\train_dia482_utt0.pt,data\preprocessed\features\z_v\train_dia482_utt0.pt
train_dia482_utt14,meld_real,0,meld_Phoebe,neutral,neutral,-1,1,1,1,data\raw\MELD\MELD-RAW\MELD.Raw\train\train_splits\dia482_utt14.mp4,data\preprocessed\features\z_at\train_dia482_utt14.pt,data\preprocessed\features\z_v\train_dia482_utt14.pt
train_dia482_utt6,meld_real,0,meld_The_Fireman,disgust,disgust,-1,1,1,1,data\raw\MELD\MELD-RAW\MELD.Raw\train\train_splits\dia482_utt6.mp4,data\preprocessed\features\z_at\train_dia482_utt6.pt,data\preprocessed\features\z_v\train_dia482_utt6.pt
train_dia483_utt6,meld_real,0,meld_Chandler,anger,anger,-1,1,1,1,data\raw\MELD\MELD-RAW\MELD.Raw\train\train_splits\dia483_utt6.mp4,data\preprocessed\features\z_at\train_dia483_utt6.pt,data\preprocessed\features\z_v\train_dia483_utt6.pt
train_dia484_utt1,meld_real,0,meld_Joey,neutral,neutral,-1,1,1,1,data\raw\MELD\MELD-RAW\MELD.Raw\train\train_splits\dia484_utt1.mp4,data\preprocessed\features\z_at\train_dia484_utt1.pt,data\preprocessed\features\z_v\train_dia484_utt1.pt
train_dia486_utt11,meld_real,0,meld_Joey,fear,fear,-1,1,1,1,data\raw\MELD\MELD-RAW\MELD.Raw\train\train_splits\dia486_utt11.mp4,data\preprocessed\features\z_at\train_dia486_utt11.pt,data\preprocessed\features\z_v\train_dia486_utt11.pt
train_dia486_utt3,meld_real,0,meld_Joey,neutral,neutral,-1,1,1,1,data\raw\MELD\MELD-RAW\MELD.Raw\train\train_splits\dia486_utt3.mp4,data\preprocessed\features\z_at\train_dia486_utt3.pt,data\preprocessed\features\z_v\train_dia486_utt3.pt
train_dia486_utt4,meld_real,0,meld_Chandler,neutral,neutral,-1,1,1,1,data\raw\MELD\MELD-RAW\MELD.Raw\train\train_splits\dia486_utt4.mp4,data\preprocessed\features\z_at\train_dia486_utt4.pt,data\preprocessed\features\z_v\train_dia486_utt4.pt
train_dia486_utt5,meld_real,0,meld_Joey,neutral,neutral,-1,1,1,1,data\raw\MELD\MELD-RAW\MELD.Raw\train\train_splits\dia486_utt5.mp4,data\preprocessed\features\z_at\train_dia486_utt5.pt,data\preprocessed\features\z_v\train_dia486_utt5.pt
train_dia486_utt6,meld_real,0,meld_Chandler,neutral,neutral,-1,1,1,1,data\raw\MELD\MELD-RAW\MELD.Raw\train\train_splits\dia486_utt6.mp4,data\preprocessed\features\z_at\train_dia486_utt6.pt,data\preprocessed\features\z_v\train_dia486_utt6.pt
train_dia490_utt0,meld_real,0,meld_Monica,neutral,neutral,-1,1,1,1,data\raw\MELD\MELD-RAW\MELD.Raw\train\train_splits\dia490_utt0.mp4,data\preprocessed\features\z_at\train_dia490_utt0.pt,data\preprocessed\features\z_v\train_dia490_utt0.pt
train_dia491_utt0,meld_real,0,meld_Phoebe,neutral,neutral,-1,1,1,1,data\raw\MELD\MELD-RAW\MELD.Raw\train\train_splits\dia491_utt0.mp4,data\preprocessed\features\z_at\train_dia491_utt0.pt,data\preprocessed\features\z_v\train_dia491_utt0.pt
train_dia491_utt2,meld_real,0,meld_Ross,sadness,sadness,-1,1,1,1,data\raw\MELD\MELD-RAW\MELD.Raw\train\train_splits\dia491_utt2.mp4,data\preprocessed\features\z_at\train_dia491_utt2.pt,data\preprocessed\features\z_v\train_dia491_utt2.pt
train_dia493_utt10,meld_real,0,meld_Rachel,neutral,neutral,-1,1,1,1,data\raw\MELD\MELD-RAW\MELD.Raw\train\train_splits\dia493_utt10.mp4,data\preprocessed\features\z_at\train_dia493_utt10.pt,data\preprocessed\features\z_v\train_dia493_utt10.pt
train_dia494_utt0,meld_real,0,meld_Phoebe,neutral,neutral,-1,1,1,1,data\raw\MELD\MELD-RAW\MELD.Raw\train\train_splits\dia494_utt0.mp4,data\preprocessed\features\z_at\train_dia494_utt0.pt,data\preprocessed\features\z_v\train_dia494_utt0.pt
train_dia495_utt1,meld_real,0,meld_Monica,neutral,neutral,-1,1,1,1,data\raw\MELD\MELD-RAW\MELD.Raw\train\train_splits\dia495_utt1.mp4,data\preprocessed\features\z_at\train_dia495_utt1.pt,data\preprocessed\features\z_v\train_dia495_utt1.pt
train_dia495_utt2,meld_real,0,meld_Phoebe,anger,anger,-1,1,1,1,data\raw\MELD\MELD-RAW\MELD.Raw\train\train_splits\dia495_utt2.mp4,data\preprocessed\features\z_at\train_dia495_utt2.pt,data\preprocessed\features\z_v\train_dia495_utt2.pt
train_dia496_utt0,meld_real,0,meld_Rachel,neutral,neutral,-1,1,1,1,data\raw\MELD\MELD-RAW\MELD.Raw\train\train_splits\dia496_utt0.mp4,data\preprocessed\features\z_at\train_dia496_utt0.pt,data\preprocessed\features\z_v\train_dia496_utt0.pt
train_dia496_utt10,meld_real,0,meld_Rachel,anger,anger,-1,1,1,1,data\raw\MELD\MELD-RAW\MELD.Raw\train\train_splits\dia496_utt10.mp4,data\preprocessed\features\z_at\train_dia496_utt10.pt,data\preprocessed\features\z_v\train_dia496_utt10.pt
train_dia496_utt13,meld_real,0,meld_Phoebe,joy,joy,-1,1,1,1,data\raw\MELD\MELD-RAW\MELD.Raw\train\train_splits\dia496_utt13.mp4,data\preprocessed\features\z_at\train_dia496_utt13.pt,data\preprocessed\features\z_v\train_dia496_utt13.pt
train_dia498_utt0,meld_real,0,meld_Monica,neutral,neutral,-1,1,1,1,data\raw\MELD\MELD-RAW\MELD.Raw\train\train_splits\dia498_utt0.mp4,data\preprocessed\features\z_at\train_dia498_utt0.pt,data\preprocessed\features\z_v\train_dia498_utt0.pt
train_dia498_utt1,meld_real,0,meld_Monica,neutral,neutral,-1,1,1,1,data\raw\MELD\MELD-RAW\MELD.Raw\train\train_splits\dia498_utt1.mp4,data\preprocessed\features\z_at\train_dia498_utt1.pt,data\preprocessed\features\z_v\train_dia498_utt1.pt
train_dia499_utt18,meld_real,0,meld_Rachel,neutral,neutral,-1,1,1,1,data\raw\MELD\MELD-RAW\MELD.Raw\train\train_splits\dia499_utt18.mp4,data\preprocessed\features\z_at\train_dia499_utt18.pt,data\preprocessed\features\z_v\train_dia499_utt18.pt
train_dia499_utt19,meld_real,0,meld_Phoebe,neutral,neutral,-1,1,1,1,data\raw\MELD\MELD-RAW\MELD.Raw\train\train_splits\dia499_utt19.mp4,data\preprocessed\features\z_at\train_dia499_utt19.pt,data\preprocessed\features\z_v\train_dia499_utt19.pt
train_dia499_utt3,meld_real,0,meld_Rachel,joy,joy,-1,1,1,1,data\raw\MELD\MELD-RAW\MELD.Raw\train\train_splits\dia499_utt3.mp4,data\preprocessed\features\z_at\train_dia499_utt3.pt,data\preprocessed\features\z_v\train_dia499_utt3.pt
train_dia49_utt10,meld_real,0,meld_Chandler,neutral,neutral,-1,1,1,1,data\raw\MELD\MELD-RAW\MELD.Raw\train\train_splits\dia49_utt10.mp4,data\preprocessed\features\z_at\train_dia49_utt10.pt,data\preprocessed\features\z_v\train_dia49_utt10.pt
train_dia49_utt11,meld_real,0,meld_Joey,neutral,neutral,-1,1,1,1,data\raw\MELD\MELD-RAW\MELD.Raw\train\train_splits\dia49_utt11.mp4,data\preprocessed\features\z_at\train_dia49_utt11.pt,data\preprocessed\features\z_v\train_dia49_utt11.pt
train_dia49_utt17,meld_real,0,meld_Chandler,neutral,neutral,-1,1,1,1,data\raw\MELD\MELD-RAW\MELD.Raw\train\train_splits\dia49_utt17.mp4,data\preprocessed\features\z_at\train_dia49_utt17.pt,data\preprocessed\features\z_v\train_dia49_utt17.pt
train_dia49_utt2,meld_real,0,meld_Ross,anger,anger,-1,1,1,1,data\raw\MELD\MELD-RAW\MELD.Raw\train\train_splits\dia49_utt2.mp4,data\preprocessed\features\z_at\train_dia49_utt2.pt,data\preprocessed\features\z_v\train_dia49_utt2.pt
train_dia49_utt3,meld_real,0,meld_Monica,joy,joy,-1,1,1,1,data\raw\MELD\MELD-RAW\MELD.Raw\train\train_splits\dia49_utt3.mp4,data\preprocessed\features\z_at\train_dia49_utt3.pt,data\preprocessed\features\z_v\train_dia49_utt3.pt
train_dia4_utt8,meld_real,0,meld_Rachel,joy,joy,-1,1,1,1,data\raw\MELD\MELD-RAW\MELD.Raw\train\train_splits\dia4_utt8.mp4,data\preprocessed\features\z_at\train_dia4_utt8.pt,data\preprocessed\features\z_v\train_dia4_utt8.pt
train_dia501_utt4,meld_real,0,meld_Tag,joy,joy,-1,1,1,1,data\raw\MELD\MELD-RAW\MELD.Raw\train\train_splits\dia501_utt4.mp4,data\preprocessed\features\z_at\train_dia501_utt4.pt,data\preprocessed\features\z_v\train_dia501_utt4.pt
train_dia501_utt5,meld_real,0,meld_Rachel,disgust,disgust,-1,1,1,1,data\raw\MELD\MELD-RAW\MELD.Raw\train\train_splits\dia501_utt5.mp4,data\preprocessed\features\z_at\train_dia501_utt5.pt,data\preprocessed\features\z_v\train_dia501_utt5.pt
train_dia501_utt9,meld_real,0,meld_Rachel,neutral,neutral,-1,1,1,1,data\raw\MELD\MELD-RAW\MELD.Raw\train\train_splits\dia501_utt9.mp4,data\preprocessed\features\z_at\train_dia501_utt9.pt,data\preprocessed\features\z_v\train_dia501_utt9.pt
train_dia503_utt11,meld_real,0,meld_Monica,anger,anger,-1,1,1,1,data\raw\MELD\MELD-RAW\MELD.Raw\train\train_splits\dia503_utt11.mp4,data\preprocessed\features\z_at\train_dia503_utt11.pt,data\preprocessed\features\z_v\train_dia503_utt11.pt
train_dia504_utt0,meld_real,0,meld_Joey,joy,joy,-1,1,1,1,data\raw\MELD\MELD-RAW\MELD.Raw\train\train_splits\dia504_utt0.mp4,data\preprocessed\features\z_at\train_dia504_utt0.pt,data\preprocessed\features\z_v\train_dia504_utt0.pt
train_dia504_utt1,meld_real,0,meld_Monica,joy,joy,-1,1,1,1,data\raw\MELD\MELD-RAW\MELD.Raw\train\train_splits\dia504_utt1.mp4,data\preprocessed\features\z_at\train_dia504_utt1.pt,data\preprocessed\features\z_v\train_dia504_utt1.pt
train_dia504_utt2,meld_real,0,meld_Chandler,neutral,neutral,-1,1,1,1,data\raw\MELD\MELD-RAW\MELD.Raw\train\train_splits\dia504_utt2.mp4,data\preprocessed\features\z_at\train_dia504_utt2.pt,data\preprocessed\features\z_v\train_dia504_utt2.pt
train_dia504_utt4,meld_real,0,meld_Joey,neutral,neutral,-1,1,1,1,data\raw\MELD\MELD-RAW\MELD.Raw\train\train_splits\dia504_utt4.mp4,data\preprocessed\features\z_at\train_dia504_utt4.pt,data\preprocessed\features\z_v\train_dia504_utt4.pt
train_dia505_utt10,meld_real,0,meld_Ross,neutral,neutral,-1,1,1,1,data\raw\MELD\MELD-RAW\MELD.Raw\train\train_splits\dia505_utt10.mp4,data\preprocessed\features\z_at\train_dia505_utt10.pt,data\preprocessed\features\z_v\train_dia505_utt10.pt
train_dia505_utt14,meld_real,0,meld_Ross,anger,anger,-1,1,1,1,data\raw\MELD\MELD-RAW\MELD.Raw\train\train_splits\dia505_utt14.mp4,data\preprocessed\features\z_at\train_dia505_utt14.pt,data\preprocessed\features\z_v\train_dia505_utt14.pt
train_dia505_utt4,meld_real,0,meld_Ross,neutral,neutral,-1,1,1,1,data\raw\MELD\MELD-RAW\MELD.Raw\train\train_splits\dia505_utt4.mp4,data\preprocessed\features\z_at\train_dia505_utt4.pt,data\preprocessed\features\z_v\train_dia505_utt4.pt
train_dia505_utt5,meld_real,0,meld_Ross,neutral,neutral,-1,1,1,1,data\raw\MELD\MELD-RAW\MELD.Raw\train\train_splits\dia505_utt5.mp4,data\preprocessed\features\z_at\train_dia505_utt5.pt,data\preprocessed\features\z_v\train_dia505_utt5.pt
train_dia505_utt7,meld_real,0,meld_Phoebe,neutral,neutral,-1,1,1,1,data\raw\MELD\MELD-RAW\MELD.Raw\train\train_splits\dia505_utt7.mp4,data\preprocessed\features\z_at\train_dia505_utt7.pt,data\preprocessed\features\z_v\train_dia505_utt7.pt
train_dia506_utt0,meld_real,0,meld_Ross,sadness,sadness,-1,1,1,1,data\raw\MELD\MELD-RAW\MELD.Raw\train\train_splits\dia506_utt0.mp4,data\preprocessed\features\z_at\train_dia506_utt0.pt,data\preprocessed\features\z_v\train_dia506_utt0.pt
train_dia506_utt1,meld_real,0,meld_Ross,fear,fear,-1,1,1,1,data\raw\MELD\MELD-RAW\MELD.Raw\train\train_splits\dia506_utt1.mp4,data\preprocessed\features\z_at\train_dia506_utt1.pt,data\preprocessed\features\z_v\train_dia506_utt1.pt
train_dia506_utt2,meld_real,0,meld_Ross,sadness,sadness,-1,1,1,1,data\raw\MELD\MELD-RAW\MELD.Raw\train\train_splits\dia506_utt2.mp4,data\preprocessed\features\z_at\train_dia506_utt2.pt,data\preprocessed\features\z_v\train_dia506_utt2.pt
train_dia506_utt5,meld_real,0,meld_Rachel,sadness,sadness,-1,1,1,1,data\raw\MELD\MELD-RAW\MELD.Raw\train\train_splits\dia506_utt5.mp4,data\preprocessed\features\z_at\train_dia506_utt5.pt,data\preprocessed\features\z_v\train_dia506_utt5.pt
train_dia506_utt6,meld_real,0,meld_Rachel,sadness,sadness,-1,1,1,1,data\raw\MELD\MELD-RAW\MELD.Raw\train\train_splits\dia506_utt6.mp4,data\preprocessed\features\z_at\train_dia506_utt6.pt,data\preprocessed\features\z_v\train_dia506_utt6.pt
train_dia507_utt0,meld_real,0,meld_Monica,neutral,neutral,-1,1,1,1,data\raw\MELD\MELD-RAW\MELD.Raw\train\train_splits\dia507_utt0.mp4,data\preprocessed\features\z_at\train_dia507_utt0.pt,data\preprocessed\features\z_v\train_dia507_utt0.pt
train_dia507_utt10,meld_real,0,meld_Rachel,joy,joy,-1,1,1,1,data\raw\MELD\MELD-RAW\MELD.Raw\train\train_splits\dia507_utt10.mp4,data\preprocessed\features\z_at\train_dia507_utt10.pt,data\preprocessed\features\z_v\train_dia507_utt10.pt
train_dia507_utt7,meld_real,0,meld_Rachel,neutral,neutral,-1,1,1,1,data\raw\MELD\MELD-RAW\MELD.Raw\train\train_splits\dia507_utt7.mp4,data\preprocessed\features\z_at\train_dia507_utt7.pt,data\preprocessed\features\z_v\train_dia507_utt7.pt
train_dia508_utt11,meld_real,0,meld_The_Casting_Director,neutral,neutral,-1,1,1,1,data\raw\MELD\MELD-RAW\MELD.Raw\train\train_splits\dia508_utt11.mp4,data\preprocessed\features\z_at\train_dia508_utt11.pt,data\preprocessed\features\z_v\train_dia508_utt11.pt
train_dia508_utt14,meld_real,0,meld_Joey,neutral,neutral,-1,1,1,1,data\raw\MELD\MELD-RAW\MELD.Raw\train\train_splits\dia508_utt14.mp4,data\preprocessed\features\z_at\train_dia508_utt14.pt,data\preprocessed\features\z_v\train_dia508_utt14.pt
train_dia508_utt16,meld_real,0,meld_Joey,neutral,neutral,-1,1,1,1,data\raw\MELD\MELD-RAW\MELD.Raw\train\train_splits\dia508_utt16.mp4,data\preprocessed\features\z_at\train_dia508_utt16.pt,data\preprocessed\features\z_v\train_dia508_utt16.pt
train_dia508_utt4,meld_real,0,meld_The_Casting_Director,neutral,neutral,-1,1,1,1,data\raw\MELD\MELD-RAW\MELD.Raw\train\train_splits\dia508_utt4.mp4,data\preprocessed\features\z_at\train_dia508_utt4.pt,data\preprocessed\features\z_v\train_dia508_utt4.pt
train_dia508_utt7,meld_real,0,meld_Joey,neutral,neutral,-1,1,1,1,data\raw\MELD\MELD-RAW\MELD.Raw\train\train_splits\dia508_utt7.mp4,data\preprocessed\features\z_at\train_dia508_utt7.pt,data\preprocessed\features\z_v\train_dia508_utt7.pt
train_dia509_utt10,meld_real,0,meld_Rachel,anger,anger,-1,1,1,1,data\raw\MELD\MELD-RAW\MELD.Raw\train\train_splits\dia509_utt10.mp4,data\preprocessed\features\z_at\train_dia509_utt10.pt,data\preprocessed\features\z_v\train_dia509_utt10.pt
train_dia509_utt11,meld_real,0,meld_Rachel,anger,anger,-1,1,1,1,data\raw\MELD\MELD-RAW\MELD.Raw\train\train_splits\dia509_utt11.mp4,data\preprocessed\features\z_at\train_dia509_utt11.pt,data\preprocessed\features\z_v\train_dia509_utt11.pt
train_dia509_utt7,meld_real,0,meld_Ross,neutral,neutral,-1,1,1,1,data\raw\MELD\MELD-RAW\MELD.Raw\train\train_splits\dia509_utt7.mp4,data\preprocessed\features\z_at\train_dia509_utt7.pt,data\preprocessed\features\z_v\train_dia509_utt7.pt
train_dia50_utt0,meld_real,0,meld_Joey,joy,joy,-1,1,1,1,data\raw\MELD\MELD-RAW\MELD.Raw\train\train_splits\dia50_utt0.mp4,data\preprocessed\features\z_at\train_dia50_utt0.pt,data\preprocessed\features\z_v\train_dia50_utt0.pt
train_dia50_utt1,meld_real,0,meld_Wayne,anger,anger,-1,1,1,1,data\raw\MELD\MELD-RAW\MELD.Raw\train\train_splits\dia50_utt1.mp4,data\preprocessed\features\z_at\train_dia50_utt1.pt,data\preprocessed\features\z_v\train_dia50_utt1.pt
train_dia50_utt4,meld_real,0,meld_Joey,neutral,neutral,-1,1,1,1,data\raw\MELD\MELD-RAW\MELD.Raw\train\train_splits\dia50_utt4.mp4,data\preprocessed\features\z_at\train_dia50_utt4.pt,data\preprocessed\features\z_v\train_dia50_utt4.pt
train_dia50_utt5,meld_real,0,meld_Joey,fear,fear,-1,1,1,1,data\raw\MELD\MELD-RAW\MELD.Raw\train\train_splits\dia50_utt5.mp4,data\preprocessed\features\z_at\train_dia50_utt5.pt,data\preprocessed\features\z_v\train_dia50_utt5.pt
train_dia50_utt6,meld_real,0,meld_Joey,fear,fear,-1,1,1,1,data\raw\MELD\MELD-RAW\MELD.Raw\train\train_splits\dia50_utt6.mp4,data\preprocessed\features\z_at\train_dia50_utt6.pt,data\preprocessed\features\z_v\train_dia50_utt6.pt
train_dia511_utt2,meld_real,0,meld_Rachel,fear,fear,-1,1,1,1,data\raw\MELD\MELD-RAW\MELD.Raw\train\train_splits\dia511_utt2.mp4,data\preprocessed\features\z_at\train_dia511_utt2.pt,data\preprocessed\features\z_v\train_dia511_utt2.pt
train_dia511_utt6,meld_real,0,meld_Rachel,sadness,sadness,-1,1,1,1,data\raw\MELD\MELD-RAW\MELD.Raw\train\train_splits\dia511_utt6.mp4,data\preprocessed\features\z_at\train_dia511_utt6.pt,data\preprocessed\features\z_v\train_dia511_utt6.pt
train_dia512_utt8,meld_real,0,meld_Rachel,anger,anger,-1,1,1,1,data\raw\MELD\MELD-RAW\MELD.Raw\train\train_splits\dia512_utt8.mp4,data\preprocessed\features\z_at\train_dia512_utt8.pt,data\preprocessed\features\z_v\train_dia512_utt8.pt
train_dia513_utt1,meld_real,0,meld_Rachel,neutral,neutral,-1,1,1,1,data\raw\MELD\MELD-RAW\MELD.Raw\train\train_splits\dia513_utt1.mp4,data\preprocessed\features\z_at\train_dia513_utt1.pt,data\preprocessed\features\z_v\train_dia513_utt1.pt
train_dia514_utt0,meld_real,0,meld_Joey,joy,joy,-1,1,1,1,data\raw\MELD\MELD-RAW\MELD.Raw\train\train_splits\dia514_utt0.mp4,data\preprocessed\features\z_at\train_dia514_utt0.pt,data\preprocessed\features\z_v\train_dia514_utt0.pt
train_dia514_utt2,meld_real,0,meld_Joey,neutral,neutral,-1,1,1,1,data\raw\MELD\MELD-RAW\MELD.Raw\train\train_splits\dia514_utt2.mp4,data\preprocessed\features\z_at\train_dia514_utt2.pt,data\preprocessed\features\z_v\train_dia514_utt2.pt
train_dia515_utt2,meld_real,0,meld_Phoebe,neutral,neutral,-1,1,1,1,data\raw\MELD\MELD-RAW\MELD.Raw\train\train_splits\dia515_utt2.mp4,data\preprocessed\features\z_at\train_dia515_utt2.pt,data\preprocessed\features\z_v\train_dia515_utt2.pt
train_dia515_utt3,meld_real,0,meld_Monica,disgust,disgust,-1,1,1,1,data\raw\MELD\MELD-RAW\MELD.Raw\train\train_splits\dia515_utt3.mp4,data\preprocessed\features\z_at\train_dia515_utt3.pt,data\preprocessed\features\z_v\train_dia515_utt3.pt
train_dia515_utt4,meld_real,0,meld_Phoebe,neutral,neutral,-1,1,1,1,data\raw\MELD\MELD-RAW\MELD.Raw\train\train_splits\dia515_utt4.mp4,data\preprocessed\features\z_at\train_dia515_utt4.pt,data\preprocessed\features\z_v\train_dia515_utt4.pt
train_dia515_utt5,meld_real,0,meld_Monica,neutral,neutral,-1,1,1,1,data\raw\MELD\MELD-RAW\MELD.Raw\train\train_splits\dia515_utt5.mp4,data\preprocessed\features\z_at\train_dia515_utt5.pt,data\preprocessed\features\z_v\train_dia515_utt5.pt
train_dia515_utt6,meld_real,0,meld_Joey,neutral,neutral,-1,1,1,1,data\raw\MELD\MELD-RAW\MELD.Raw\train\train_splits\dia515_utt6.mp4,data\preprocessed\features\z_at\train_dia515_utt6.pt,data\preprocessed\features\z_v\train_dia515_utt6.pt
train_dia516_utt0,meld_real,0,meld_Chandler,anger,anger,-1,1,1,1,data\raw\MELD\MELD-RAW\MELD.Raw\train\train_splits\dia516_utt0.mp4,data\preprocessed\features\z_at\train_dia516_utt0.pt,data\preprocessed\features\z_v\train_dia516_utt0.pt
train_dia516_utt3,meld_real,0,meld_Monica,joy,joy,-1,1,1,1,data\raw\MELD\MELD-RAW\MELD.Raw\train\train_splits\dia516_utt3.mp4,data\preprocessed\features\z_at\train_dia516_utt3.pt,data\preprocessed\features\z_v\train_dia516_utt3.pt
train_dia516_utt4,meld_real,0,meld_Chandler,joy,joy,-1,1,1,1,data\raw\MELD\MELD-RAW\MELD.Raw\train\train_splits\dia516_utt4.mp4,data\preprocessed\features\z_at\train_dia516_utt4.pt,data\preprocessed\features\z_v\train_dia516_utt4.pt
train_dia516_utt5,meld_real,0,meld_Monica,sadness,sadness,-1,1,1,1,data\raw\MELD\MELD-RAW\MELD.Raw\train\train_splits\dia516_utt5.mp4,data\preprocessed\features\z_at\train_dia516_utt5.pt,data\preprocessed\features\z_v\train_dia516_utt5.pt
train_dia517_utt4,meld_real,0,meld_Phoebe,joy,joy,-1,1,1,1,data\raw\MELD\MELD-RAW\MELD.Raw\train\train_splits\dia517_utt4.mp4,data\preprocessed\features\z_at\train_dia517_utt4.pt,data\preprocessed\features\z_v\train_dia517_utt4.pt
train_dia518_utt0,meld_real,0,meld_Kate,anger,anger,-1,1,1,1,data\raw\MELD\MELD-RAW\MELD.Raw\train\train_splits\dia518_utt0.mp4,data\preprocessed\features\z_at\train_dia518_utt0.pt,data\preprocessed\features\z_v\train_dia518_utt0.pt
train_dia519_utt0,meld_real,0,meld_Monica,neutral,neutral,-1,1,1,1,data\raw\MELD\MELD-RAW\MELD.Raw\train\train_splits\dia519_utt0.mp4,data\preprocessed\features\z_at\train_dia519_utt0.pt,data\preprocessed\features\z_v\train_dia519_utt0.pt
train_dia51_utt1,meld_real,0,meld_Rachel,sadness,sadness,-1,1,1,1,data\raw\MELD\MELD-RAW\MELD.Raw\train\train_splits\dia51_utt1.mp4,data\preprocessed\features\z_at\train_dia51_utt1.pt,data\preprocessed\features\z_v\train_dia51_utt1.pt
train_dia51_utt10,meld_real,0,meld_Rachel,anger,anger,-1,1,1,1,data\raw\MELD\MELD-RAW\MELD.Raw\train\train_splits\dia51_utt10.mp4,data\preprocessed\features\z_at\train_dia51_utt10.pt,data\preprocessed\features\z_v\train_dia51_utt10.pt
train_dia51_utt2,meld_real,0,meld_Ross,neutral,neutral,-1,1,1,1,data\raw\MELD\MELD-RAW\MELD.Raw\train\train_splits\dia51_utt2.mp4,data\preprocessed\features\z_at\train_dia51_utt2.pt,data\preprocessed\features\z_v\train_dia51_utt2.pt
train_dia51_utt6,meld_real,0,meld_Ross,anger,anger,-1,1,1,1,data\raw\MELD\MELD-RAW\MELD.Raw\train\train_splits\dia51_utt6.mp4,data\preprocessed\features\z_at\train_dia51_utt6.pt,data\preprocessed\features\z_v\train_dia51_utt6.pt
train_dia51_utt7,meld_real,0,meld_Rachel,anger,anger,-1,1,1,1,data\raw\MELD\MELD-RAW\MELD.Raw\train\train_splits\dia51_utt7.mp4,data\preprocessed\features\z_at\train_dia51_utt7.pt,data\preprocessed\features\z_v\train_dia51_utt7.pt
train_dia51_utt8,meld_real,0,meld_Ross,anger,anger,-1,1,1,1,data\raw\MELD\MELD-RAW\MELD.Raw\train\train_splits\dia51_utt8.mp4,data\preprocessed\features\z_at\train_dia51_utt8.pt,data\preprocessed\features\z_v\train_dia51_utt8.pt
train_dia520_utt6,meld_real,0,meld_Phoebe,neutral,neutral,-1,1,1,1,data\raw\MELD\MELD-RAW\MELD.Raw\train\train_splits\dia520_utt6.mp4,data\preprocessed\features\z_at\train_dia520_utt6.pt,data\preprocessed\features\z_v\train_dia520_utt6.pt
train_dia521_utt0,meld_real,0,meld_Joey,neutral,neutral,-1,1,1,1,data\raw\MELD\MELD-RAW\MELD.Raw\train\train_splits\dia521_utt0.mp4,data\preprocessed\features\z_at\train_dia521_utt0.pt,data\preprocessed\features\z_v\train_dia521_utt0.pt
train_dia521_utt4,meld_real,0,meld_Joey,sadness,sadness,-1,1,1,1,data\raw\MELD\MELD-RAW\MELD.Raw\train\train_splits\dia521_utt4.mp4,data\preprocessed\features\z_at\train_dia521_utt4.pt,data\preprocessed\features\z_v\train_dia521_utt4.pt
train_dia522_utt1,meld_real,0,meld_Rachel,neutral,neutral,-1,1,1,1,data\raw\MELD\MELD-RAW\MELD.Raw\train\train_splits\dia522_utt1.mp4,data\preprocessed\features\z_at\train_dia522_utt1.pt,data\preprocessed\features\z_v\train_dia522_utt1.pt
train_dia522_utt2,meld_real,0,meld_Phoebe,joy,joy,-1,1,1,1,data\raw\MELD\MELD-RAW\MELD.Raw\train\train_splits\dia522_utt2.mp4,data\preprocessed\features\z_at\train_dia522_utt2.pt,data\preprocessed\features\z_v\train_dia522_utt2.pt
train_dia523_utt1,meld_real,0,meld_Rachel,joy,joy,-1,1,1,1,data\raw\MELD\MELD-RAW\MELD.Raw\train\train_splits\dia523_utt1.mp4,data\preprocessed\features\z_at\train_dia523_utt1.pt,data\preprocessed\features\z_v\train_dia523_utt1.pt
train_dia523_utt14,meld_real,0,meld_Phoebe,sadness,sadness,-1,1,1,1,data\raw\MELD\MELD-RAW\MELD.Raw\train\train_splits\dia523_utt14.mp4,data\preprocessed\features\z_at\train_dia523_utt14.pt,data\preprocessed\features\z_v\train_dia523_utt14.pt
train_dia523_utt16,meld_real,0,meld_Joey,neutral,neutral,-1,1,1,1,data\raw\MELD\MELD-RAW\MELD.Raw\train\train_splits\dia523_utt16.mp4,data\preprocessed\features\z_at\train_dia523_utt16.pt,data\preprocessed\features\z_v\train_dia523_utt16.pt
train_dia523_utt20,meld_real,0,meld_Ross,neutral,neutral,-1,1,1,1,data\raw\MELD\MELD-RAW\MELD.Raw\train\train_splits\dia523_utt20.mp4,data\preprocessed\features\z_at\train_dia523_utt20.pt,data\preprocessed\features\z_v\train_dia523_utt20.pt
train_dia523_utt4,meld_real,0,meld_Monica,neutral,neutral,-1,1,1,1,data\raw\MELD\MELD-RAW\MELD.Raw\train\train_splits\dia523_utt4.mp4,data\preprocessed\features\z_at\train_dia523_utt4.pt,data\preprocessed\features\z_v\train_dia523_utt4.pt
train_dia524_utt11,meld_real,0,meld_Phoebe,anger,anger,-1,1,1,1,data\raw\MELD\MELD-RAW\MELD.Raw\train\train_splits\dia524_utt11.mp4,data\preprocessed\features\z_at\train_dia524_utt11.pt,data\preprocessed\features\z_v\train_dia524_utt11.pt
train_dia524_utt13,meld_real,0,meld_Phoebe,sadness,sadness,-1,1,1,1,data\raw\MELD\MELD-RAW\MELD.Raw\train\train_splits\dia524_utt13.mp4,data\preprocessed\features\z_at\train_dia524_utt13.pt,data\preprocessed\features\z_v\train_dia524_utt13.pt
train_dia524_utt15,meld_real,0,meld_Phoebe,fear,fear,-1,1,1,1,data\raw\MELD\MELD-RAW\MELD.Raw\train\train_splits\dia524_utt15.mp4,data\preprocessed\features\z_at\train_dia524_utt15.pt,data\preprocessed\features\z_v\train_dia524_utt15.pt
train_dia524_utt4,meld_real,0,meld_Joey,neutral,neutral,-1,1,1,1,data\raw\MELD\MELD-RAW\MELD.Raw\train\train_splits\dia524_utt4.mp4,data\preprocessed\features\z_at\train_dia524_utt4.pt,data\preprocessed\features\z_v\train_dia524_utt4.pt
train_dia524_utt9,meld_real,0,meld_Phoebe,neutral,neutral,-1,1,1,1,data\raw\MELD\MELD-RAW\MELD.Raw\train\train_splits\dia524_utt9.mp4,data\preprocessed\features\z_at\train_dia524_utt9.pt,data\preprocessed\features\z_v\train_dia524_utt9.pt
train_dia525_utt3,meld_real,0,meld_Rachel,sadness,sadness,-1,1,1,1,data\raw\MELD\MELD-RAW\MELD.Raw\train\train_splits\dia525_utt3.mp4,data\preprocessed\features\z_at\train_dia525_utt3.pt,data\preprocessed\features\z_v\train_dia525_utt3.pt
train_dia525_utt8,meld_real,0,meld_Monica,neutral,neutral,-1,1,1,1,data\raw\MELD\MELD-RAW\MELD.Raw\train\train_splits\dia525_utt8.mp4,data\preprocessed\features\z_at\train_dia525_utt8.pt,data\preprocessed\features\z_v\train_dia525_utt8.pt
train_dia526_utt0,meld_real,0,meld_Ross,joy,joy,-1,1,1,1,data\raw\MELD\MELD-RAW\MELD.Raw\train\train_splits\dia526_utt0.mp4,data\preprocessed\features\z_at\train_dia526_utt0.pt,data\preprocessed\features\z_v\train_dia526_utt0.pt
train_dia526_utt15,meld_real,0,meld_Ross,neutral,neutral,-1,1,1,1,data\raw\MELD\MELD-RAW\MELD.Raw\train\train_splits\dia526_utt15.mp4,data\preprocessed\features\z_at\train_dia526_utt15.pt,data\preprocessed\features\z_v\train_dia526_utt15.pt
train_dia526_utt4,meld_real,0,meld_Ross,joy,joy,-1,1,1,1,data\raw\MELD\MELD-RAW\MELD.Raw\train\train_splits\dia526_utt4.mp4,data\preprocessed\features\z_at\train_dia526_utt4.pt,data\preprocessed\features\z_v\train_dia526_utt4.pt
train_dia526_utt8,meld_real,0,meld_Isabella,neutral,neutral,-1,1,1,1,data\raw\MELD\MELD-RAW\MELD.Raw\train\train_splits\dia526_utt8.mp4,data\preprocessed\features\z_at\train_dia526_utt8.pt,data\preprocessed\features\z_v\train_dia526_utt8.pt
train_dia527_utt0,meld_real,0,meld_Phoebe,anger,anger,-1,1,1,1,data\raw\MELD\MELD-RAW\MELD.Raw\train\train_splits\dia527_utt0.mp4,data\preprocessed\features\z_at\train_dia527_utt0.pt,data\preprocessed\features\z_v\train_dia527_utt0.pt
train_dia528_utt0,meld_real,0,meld_Rachel,neutral,neutral,-1,1,1,1,data\raw\MELD\MELD-RAW\MELD.Raw\train\train_splits\dia528_utt0.mp4,data\preprocessed\features\z_at\train_dia528_utt0.pt,data\preprocessed\features\z_v\train_dia528_utt0.pt
train_dia528_utt1,meld_real,0,meld_Rachel,neutral,neutral,-1,1,1,1,data\raw\MELD\MELD-RAW\MELD.Raw\train\train_splits\dia528_utt1.mp4,data\preprocessed\features\z_at\train_dia528_utt1.pt,data\preprocessed\features\z_v\train_dia528_utt1.pt
train_dia528_utt2,meld_real,0,meld_Monica,neutral,neutral,-1,1,1,1,data\raw\MELD\MELD-RAW\MELD.Raw\train\train_splits\dia528_utt2.mp4,data\preprocessed\features\z_at\train_dia528_utt2.pt,data\preprocessed\features\z_v\train_dia528_utt2.pt
train_dia528_utt3,meld_real,0,meld_Rachel,neutral,neutral,-1,1,1,1,data\raw\MELD\MELD-RAW\MELD.Raw\train\train_splits\dia528_utt3.mp4,data\preprocessed\features\z_at\train_dia528_utt3.pt,data\preprocessed\features\z_v\train_dia528_utt3.pt
train_dia528_utt4,meld_real,0,meld_Monica,neutral,neutral,-1,1,1,1,data\raw\MELD\MELD-RAW\MELD.Raw\train\train_splits\dia528_utt4.mp4,data\preprocessed\features\z_at\train_dia528_utt4.pt,data\preprocessed\features\z_v\train_dia528_utt4.pt
train_dia529_utt4,meld_real,0,meld_Ross,neutral,neutral,-1,1,1,1,data\raw\MELD\MELD-RAW\MELD.Raw\train\train_splits\dia529_utt4.mp4,data\preprocessed\features\z_at\train_dia529_utt4.pt,data\preprocessed\features\z_v\train_dia529_utt4.pt
train_dia52_utt10,meld_real,0,meld_Monica,neutral,neutral,-1,1,1,1,data\raw\MELD\MELD-RAW\MELD.Raw\train\train_splits\dia52_utt10.mp4,data\preprocessed\features\z_at\train_dia52_utt10.pt,data\preprocessed\features\z_v\train_dia52_utt10.pt
train_dia52_utt4,meld_real,0,meld_Monica,neutral,neutral,-1,1,1,1,data\raw\MELD\MELD-RAW\MELD.Raw\train\train_splits\dia52_utt4.mp4,data\preprocessed\features\z_at\train_dia52_utt4.pt,data\preprocessed\features\z_v\train_dia52_utt4.pt
train_dia530_utt13,meld_real,0,meld_Phoebe_Sr,neutral,neutral,-1,1,1,1,data\raw\MELD\MELD-RAW\MELD.Raw\train\train_splits\dia530_utt13.mp4,data\preprocessed\features\z_at\train_dia530_utt13.pt,data\preprocessed\features\z_v\train_dia530_utt13.pt
train_dia530_utt14,meld_real,0,meld_Phoebe,neutral,neutral,-1,1,1,1,data\raw\MELD\MELD-RAW\MELD.Raw\train\train_splits\dia530_utt14.mp4,data\preprocessed\features\z_at\train_dia530_utt14.pt,data\preprocessed\features\z_v\train_dia530_utt14.pt
train_dia530_utt15,meld_real,0,meld_Phoebe_Sr,neutral,neutral,-1,1,1,1,data\raw\MELD\MELD-RAW\MELD.Raw\train\train_splits\dia530_utt15.mp4,data\preprocessed\features\z_at\train_dia530_utt15.pt,data\preprocessed\features\z_v\train_dia530_utt15.pt
train_dia530_utt20,meld_real,0,meld_Phoebe_Sr,neutral,neutral,-1,1,1,1,data\raw\MELD\MELD-RAW\MELD.Raw\train\train_splits\dia530_utt20.mp4,data\preprocessed\features\z_at\train_dia530_utt20.pt,data\preprocessed\features\z_v\train_dia530_utt20.pt
train_dia530_utt4,meld_real,0,meld_Phoebe,neutral,neutral,-1,1,1,1,data\raw\MELD\MELD-RAW\MELD.Raw\train\train_splits\dia530_utt4.mp4,data\preprocessed\features\z_at\train_dia530_utt4.pt,data\preprocessed\features\z_v\train_dia530_utt4.pt
train_dia530_utt7,meld_real,0,meld_Phoebe,anger,anger,-1,1,1,1,data\raw\MELD\MELD-RAW\MELD.Raw\train\train_splits\dia530_utt7.mp4,data\preprocessed\features\z_at\train_dia530_utt7.pt,data\preprocessed\features\z_v\train_dia530_utt7.pt
train_dia531_utt10,meld_real,0,meld_Ross,anger,anger,-1,1,1,1,data\raw\MELD\MELD-RAW\MELD.Raw\train\train_splits\dia531_utt10.mp4,data\preprocessed\features\z_at\train_dia531_utt10.pt,data\preprocessed\features\z_v\train_dia531_utt10.pt
train_dia531_utt14,meld_real,0,meld_Rachel,anger,anger,-1,1,1,1,data\raw\MELD\MELD-RAW\MELD.Raw\train\train_splits\dia531_utt14.mp4,data\preprocessed\features\z_at\train_dia531_utt14.pt,data\preprocessed\features\z_v\train_dia531_utt14.pt
train_dia531_utt7,meld_real,0,meld_Ross,neutral,neutral,-1,1,1,1,data\raw\MELD\MELD-RAW\MELD.Raw\train\train_splits\dia531_utt7.mp4,data\preprocessed\features\z_at\train_dia531_utt7.pt,data\preprocessed\features\z_v\train_dia531_utt7.pt
train_dia531_utt8,meld_real,0,meld_Ross,neutral,neutral,-1,1,1,1,data\raw\MELD\MELD-RAW\MELD.Raw\train\train_splits\dia531_utt8.mp4,data\preprocessed\features\z_at\train_dia531_utt8.pt,data\preprocessed\features\z_v\train_dia531_utt8.pt
train_dia532_utt12,meld_real,0,meld_Chandler,neutral,neutral,-1,1,1,1,data\raw\MELD\MELD-RAW\MELD.Raw\train\train_splits\dia532_utt12.mp4,data\preprocessed\features\z_at\train_dia532_utt12.pt,data\preprocessed\features\z_v\train_dia532_utt12.pt
train_dia532_utt15,meld_real,0,meld_Joey,neutral,neutral,-1,1,1,1,data\raw\MELD\MELD-RAW\MELD.Raw\train\train_splits\dia532_utt15.mp4,data\preprocessed\features\z_at\train_dia532_utt15.pt,data\preprocessed\features\z_v\train_dia532_utt15.pt
train_dia532_utt9,meld_real,0,meld_Joey,sadness,sadness,-1,1,1,1,data\raw\MELD\MELD-RAW\MELD.Raw\train\train_splits\dia532_utt9.mp4,data\preprocessed\features\z_at\train_dia532_utt9.pt,data\preprocessed\features\z_v\train_dia532_utt9.pt
train_dia533_utt1,meld_real,0,meld_Rachel,neutral,neutral,-1,1,1,1,data\raw\MELD\MELD-RAW\MELD.Raw\train\train_splits\dia533_utt1.mp4,data\preprocessed\features\z_at\train_dia533_utt1.pt,data\preprocessed\features\z_v\train_dia533_utt1.pt
train_dia533_utt9,meld_real,0,meld_Rachel,neutral,neutral,-1,1,1,1,data\raw\MELD\MELD-RAW\MELD.Raw\train\train_splits\dia533_utt9.mp4,data\preprocessed\features\z_at\train_dia533_utt9.pt,data\preprocessed\features\z_v\train_dia533_utt9.pt
train_dia535_utt3,meld_real,0,meld_Pete,neutral,neutral,-1,1,1,1,data\raw\MELD\MELD-RAW\MELD.Raw\train\train_splits\dia535_utt3.mp4,data\preprocessed\features\z_at\train_dia535_utt3.pt,data\preprocessed\features\z_v\train_dia535_utt3.pt
train_dia536_utt0,meld_real,0,meld_Rachel,neutral,neutral,-1,1,1,1,data\raw\MELD\MELD-RAW\MELD.Raw\train\train_splits\dia536_utt0.mp4,data\preprocessed\features\z_at\train_dia536_utt0.pt,data\preprocessed\features\z_v\train_dia536_utt0.pt
train_dia536_utt2,meld_real,0,meld_Rachel,neutral,neutral,-1,1,1,1,data\raw\MELD\MELD-RAW\MELD.Raw\train\train_splits\dia536_utt2.mp4,data\preprocessed\features\z_at\train_dia536_utt2.pt,data\preprocessed\features\z_v\train_dia536_utt2.pt
train_dia536_utt3,meld_real,0,meld_Monica,neutral,neutral,-1,1,1,1,data\raw\MELD\MELD-RAW\MELD.Raw\train\train_splits\dia536_utt3.mp4,data\preprocessed\features\z_at\train_dia536_utt3.pt,data\preprocessed\features\z_v\train_dia536_utt3.pt
train_dia536_utt7,meld_real,0,meld_Rachel,neutral,neutral,-1,1,1,1,data\raw\MELD\MELD-RAW\MELD.Raw\train\train_splits\dia536_utt7.mp4,data\preprocessed\features\z_at\train_dia536_utt7.pt,data\preprocessed\features\z_v\train_dia536_utt7.pt
train_dia536_utt8,meld_real,0,meld_Monica,neutral,neutral,-1,1,1,1,data\raw\MELD\MELD-RAW\MELD.Raw\train\train_splits\dia536_utt8.mp4,data\preprocessed\features\z_at\train_dia536_utt8.pt,data\preprocessed\features\z_v\train_dia536_utt8.pt
train_dia536_utt9,meld_real,0,meld_Monica,joy,joy,-1,1,1,1,data\raw\MELD\MELD-RAW\MELD.Raw\train\train_splits\dia536_utt9.mp4,data\preprocessed\features\z_at\train_dia536_utt9.pt,data\preprocessed\features\z_v\train_dia536_utt9.pt
train_dia537_utt0,meld_real,0,meld_Joey,neutral,neutral,-1,1,1,1,data\raw\MELD\MELD-RAW\MELD.Raw\train\train_splits\dia537_utt0.mp4,data\preprocessed\features\z_at\train_dia537_utt0.pt,data\preprocessed\features\z_v\train_dia537_utt0.pt
train_dia537_utt1,meld_real,0,meld_Joey,neutral,neutral,-1,1,1,1,data\raw\MELD\MELD-RAW\MELD.Raw\train\train_splits\dia537_utt1.mp4,data\preprocessed\features\z_at\train_dia537_utt1.pt,data\preprocessed\features\z_v\train_dia537_utt1.pt
train_dia538_utt2,meld_real,0,meld_Rachel,neutral,neutral,-1,1,1,1,data\raw\MELD\MELD-RAW\MELD.Raw\train\train_splits\dia538_utt2.mp4,data\preprocessed\features\z_at\train_dia538_utt2.pt,data\preprocessed\features\z_v\train_dia538_utt2.pt
train_dia538_utt3,meld_real,0,meld_Ross,anger,anger,-1,1,1,1,data\raw\MELD\MELD-RAW\MELD.Raw\train\train_splits\dia538_utt3.mp4,data\preprocessed\features\z_at\train_dia538_utt3.pt,data\preprocessed\features\z_v\train_dia538_utt3.pt
train_dia538_utt4,meld_real,0,meld_Rachel,joy,joy,-1,1,1,1,data\raw\MELD\MELD-RAW\MELD.Raw\train\train_splits\dia538_utt4.mp4,data\preprocessed\features\z_at\train_dia538_utt4.pt,data\preprocessed\features\z_v\train_dia538_utt4.pt
train_dia538_utt6,meld_real,0,meld_Ross,joy,joy,-1,1,1,1,data\raw\MELD\MELD-RAW\MELD.Raw\train\train_splits\dia538_utt6.mp4,data\preprocessed\features\z_at\train_dia538_utt6.pt,data\preprocessed\features\z_v\train_dia538_utt6.pt
train_dia538_utt7,meld_real,0,meld_Phoebe,joy,joy,-1,1,1,1,data\raw\MELD\MELD-RAW\MELD.Raw\train\train_splits\dia538_utt7.mp4,data\preprocessed\features\z_at\train_dia538_utt7.pt,data\preprocessed\features\z_v\train_dia538_utt7.pt
train_dia538_utt9,meld_real,0,meld_Phoebe,disgust,disgust,-1,1,1,1,data\raw\MELD\MELD-RAW\MELD.Raw\train\train_splits\dia538_utt9.mp4,data\preprocessed\features\z_at\train_dia538_utt9.pt,data\preprocessed\features\z_v\train_dia538_utt9.pt
train_dia53_utt6,meld_real,0,meld_Richard,joy,joy,-1,1,1,1,data\raw\MELD\MELD-RAW\MELD.Raw\train\train_splits\dia53_utt6.mp4,data\preprocessed\features\z_at\train_dia53_utt6.pt,data\preprocessed\features\z_v\train_dia53_utt6.pt
train_dia53_utt7,meld_real,0,meld_Monica,neutral,neutral,-1,1,1,1,data\raw\MELD\MELD-RAW\MELD.Raw\train\train_splits\dia53_utt7.mp4,data\preprocessed\features\z_at\train_dia53_utt7.pt,data\preprocessed\features\z_v\train_dia53_utt7.pt
train_dia541_utt0,meld_real,0,meld_Ross,joy,joy,-1,1,1,1,data\raw\MELD\MELD-RAW\MELD.Raw\train\train_splits\dia541_utt0.mp4,data\preprocessed\features\z_at\train_dia541_utt0.pt,data\preprocessed\features\z_v\train_dia541_utt0.pt
train_dia541_utt1,meld_real,0,meld_Carol,joy,joy,-1,1,1,1,data\raw\MELD\MELD-RAW\MELD.Raw\train\train_splits\dia541_utt1.mp4,data\preprocessed\features\z_at\train_dia541_utt1.pt,data\preprocessed\features\z_v\train_dia541_utt1.pt
train_dia541_utt11,meld_real,0,meld_Ross,neutral,neutral,-1,1,1,1,data\raw\MELD\MELD-RAW\MELD.Raw\train\train_splits\dia541_utt11.mp4,data\preprocessed\features\z_at\train_dia541_utt11.pt,data\preprocessed\features\z_v\train_dia541_utt11.pt
train_dia541_utt5,meld_real,0,meld_Ross,joy,joy,-1,1,1,1,data\raw\MELD\MELD-RAW\MELD.Raw\train\train_splits\dia541_utt5.mp4,data\preprocessed\features\z_at\train_dia541_utt5.pt,data\preprocessed\features\z_v\train_dia541_utt5.pt
train_dia542_utt1,meld_real,0,meld_Monica,anger,anger,-1,1,1,1,data\raw\MELD\MELD-RAW\MELD.Raw\train\train_splits\dia542_utt1.mp4,data\preprocessed\features\z_at\train_dia542_utt1.pt,data\preprocessed\features\z_v\train_dia542_utt1.pt
train_dia542_utt4,meld_real,0,meld_Phoebe,joy,joy,-1,1,1,1,data\raw\MELD\MELD-RAW\MELD.Raw\train\train_splits\dia542_utt4.mp4,data\preprocessed\features\z_at\train_dia542_utt4.pt,data\preprocessed\features\z_v\train_dia542_utt4.pt
train_dia544_utt5,meld_real,0,meld_Rachel,neutral,neutral,-1,1,1,1,data\raw\MELD\MELD-RAW\MELD.Raw\train\train_splits\dia544_utt5.mp4,data\preprocessed\features\z_at\train_dia544_utt5.pt,data\preprocessed\features\z_v\train_dia544_utt5.pt
train_dia545_utt1,meld_real,0,meld_Phoebe,sadness,sadness,-1,1,1,1,data\raw\MELD\MELD-RAW\MELD.Raw\train\train_splits\dia545_utt1.mp4,data\preprocessed\features\z_at\train_dia545_utt1.pt,data\preprocessed\features\z_v\train_dia545_utt1.pt
train_dia545_utt10,meld_real,0,meld_Chandler,neutral,neutral,-1,1,1,1,data\raw\MELD\MELD-RAW\MELD.Raw\train\train_splits\dia545_utt10.mp4,data\preprocessed\features\z_at\train_dia545_utt10.pt,data\preprocessed\features\z_v\train_dia545_utt10.pt
train_dia545_utt13,meld_real,0,meld_Rachel,neutral,neutral,-1,1,1,1,data\raw\MELD\MELD-RAW\MELD.Raw\train\train_splits\dia545_utt13.mp4,data\preprocessed\features\z_at\train_dia545_utt13.pt,data\preprocessed\features\z_v\train_dia545_utt13.pt
train_dia545_utt4,meld_real,0,meld_Monica,neutral,neutral,-1,1,1,1,data\raw\MELD\MELD-RAW\MELD.Raw\train\train_splits\dia545_utt4.mp4,data\preprocessed\features\z_at\train_dia545_utt4.pt,data\preprocessed\features\z_v\train_dia545_utt4.pt
train_dia545_utt6,meld_real,0,meld_Chandler,neutral,neutral,-1,1,1,1,data\raw\MELD\MELD-RAW\MELD.Raw\train\train_splits\dia545_utt6.mp4,data\preprocessed\features\z_at\train_dia545_utt6.pt,data\preprocessed\features\z_v\train_dia545_utt6.pt
train_dia545_utt7,meld_real,0,meld_Joey,neutral,neutral,-1,1,1,1,data\raw\MELD\MELD-RAW\MELD.Raw\train\train_splits\dia545_utt7.mp4,data\preprocessed\features\z_at\train_dia545_utt7.pt,data\preprocessed\features\z_v\train_dia545_utt7.pt
train_dia545_utt8,meld_real,0,meld_Chandler,neutral,neutral,-1,1,1,1,data\raw\MELD\MELD-RAW\MELD.Raw\train\train_splits\dia545_utt8.mp4,data\preprocessed\features\z_at\train_dia545_utt8.pt,data\preprocessed\features\z_v\train_dia545_utt8.pt
train_dia545_utt9,meld_real,0,meld_Rachel,neutral,neutral,-1,1,1,1,data\raw\MELD\MELD-RAW\MELD.Raw\train\train_splits\dia545_utt9.mp4,data\preprocessed\features\z_at\train_dia545_utt9.pt,data\preprocessed\features\z_v\train_dia545_utt9.pt
train_dia546_utt11,meld_real,0,meld_Teacher,neutral,neutral,-1,1,1,1,data\raw\MELD\MELD-RAW\MELD.Raw\train\train_splits\dia546_utt11.mp4,data\preprocessed\features\z_at\train_dia546_utt11.pt,data\preprocessed\features\z_v\train_dia546_utt11.pt
train_dia546_utt16,meld_real,0,meld_Teacher,neutral,neutral,-1,1,1,1,data\raw\MELD\MELD-RAW\MELD.Raw\train\train_splits\dia546_utt16.mp4,data\preprocessed\features\z_at\train_dia546_utt16.pt,data\preprocessed\features\z_v\train_dia546_utt16.pt
train_dia547_utt0,meld_real,0,meld_Rachel,neutral,neutral,-1,1,1,1,data\raw\MELD\MELD-RAW\MELD.Raw\train\train_splits\dia547_utt0.mp4,data\preprocessed\features\z_at\train_dia547_utt0.pt,data\preprocessed\features\z_v\train_dia547_utt0.pt
train_dia547_utt2,meld_real,0,meld_Rachel,joy,joy,-1,1,1,1,data\raw\MELD\MELD-RAW\MELD.Raw\train\train_splits\dia547_utt2.mp4,data\preprocessed\features\z_at\train_dia547_utt2.pt,data\preprocessed\features\z_v\train_dia547_utt2.pt
train_dia548_utt0,meld_real,0,meld_Chandler,joy,joy,-1,1,1,1,data\raw\MELD\MELD-RAW\MELD.Raw\train\train_splits\dia548_utt0.mp4,data\preprocessed\features\z_at\train_dia548_utt0.pt,data\preprocessed\features\z_v\train_dia548_utt0.pt
train_dia548_utt3,meld_real,0,meld_Chandler,joy,joy,-1,1,1,1,data\raw\MELD\MELD-RAW\MELD.Raw\train\train_splits\dia548_utt3.mp4,data\preprocessed\features\z_at\train_dia548_utt3.pt,data\preprocessed\features\z_v\train_dia548_utt3.pt
train_dia549_utt2,meld_real,0,meld_Joey,sadness,sadness,-1,1,1,1,data\raw\MELD\MELD-RAW\MELD.Raw\train\train_splits\dia549_utt2.mp4,data\preprocessed\features\z_at\train_dia549_utt2.pt,data\preprocessed\features\z_v\train_dia549_utt2.pt
train_dia549_utt6,meld_real,0,meld_Joey,neutral,neutral,-1,1,1,1,data\raw\MELD\MELD-RAW\MELD.Raw\train\train_splits\dia549_utt6.mp4,data\preprocessed\features\z_at\train_dia549_utt6.pt,data\preprocessed\features\z_v\train_dia549_utt6.pt
train_dia549_utt8,meld_real,0,meld_Joey,neutral,neutral,-1,1,1,1,data\raw\MELD\MELD-RAW\MELD.Raw\train\train_splits\dia549_utt8.mp4,data\preprocessed\features\z_at\train_dia549_utt8.pt,data\preprocessed\features\z_v\train_dia549_utt8.pt
train_dia549_utt9,meld_real,0,meld_Receptionist,joy,joy,-1,1,1,1,data\raw\MELD\MELD-RAW\MELD.Raw\train\train_splits\dia549_utt9.mp4,data\preprocessed\features\z_at\train_dia549_utt9.pt,data\preprocessed\features\z_v\train_dia549_utt9.pt
train_dia54_utt1,meld_real,0,meld_Rachel,sadness,sadness,-1,1,1,1,data\raw\MELD\MELD-RAW\MELD.Raw\train\train_splits\dia54_utt1.mp4,data\preprocessed\features\z_at\train_dia54_utt1.pt,data\preprocessed\features\z_v\train_dia54_utt1.pt
train_dia54_utt12,meld_real,0,meld_Dina,fear,fear,-1,1,1,1,data\raw\MELD\MELD-RAW\MELD.Raw\train\train_splits\dia54_utt12.mp4,data\preprocessed\features\z_at\train_dia54_utt12.pt,data\preprocessed\features\z_v\train_dia54_utt12.pt
train_dia54_utt13,meld_real,0,meld_Joey,fear,fear,-1,1,1,1,data\raw\MELD\MELD-RAW\MELD.Raw\train\train_splits\dia54_utt13.mp4,data\preprocessed\features\z_at\train_dia54_utt13.pt,data\preprocessed\features\z_v\train_dia54_utt13.pt
train_dia54_utt14,meld_real,0,meld_Dina,sadness,sadness,-1,1,1,1,data\raw\MELD\MELD-RAW\MELD.Raw\train\train_splits\dia54_utt14.mp4,data\preprocessed\features\z_at\train_dia54_utt14.pt,data\preprocessed\features\z_v\train_dia54_utt14.pt
train_dia54_utt15,meld_real,0,meld_Dina,sadness,sadness,-1,1,1,1,data\raw\MELD\MELD-RAW\MELD.Raw\train\train_splits\dia54_utt15.mp4,data\preprocessed\features\z_at\train_dia54_utt15.pt,data\preprocessed\features\z_v\train_dia54_utt15.pt
train_dia54_utt4,meld_real,0,meld_Dina,fear,fear,-1,1,1,1,data\raw\MELD\MELD-RAW\MELD.Raw\train\train_splits\dia54_utt4.mp4,data\preprocessed\features\z_at\train_dia54_utt4.pt,data\preprocessed\features\z_v\train_dia54_utt4.pt
train_dia54_utt5,meld_real,0,meld_Dina,neutral,neutral,-1,1,1,1,data\raw\MELD\MELD-RAW\MELD.Raw\train\train_splits\dia54_utt5.mp4,data\preprocessed\features\z_at\train_dia54_utt5.pt,data\preprocessed\features\z_v\train_dia54_utt5.pt
train_dia54_utt6,meld_real,0,meld_Bobby,joy,joy,-1,1,1,1,data\raw\MELD\MELD-RAW\MELD.Raw\train\train_splits\dia54_utt6.mp4,data\preprocessed\features\z_at\train_dia54_utt6.pt,data\preprocessed\features\z_v\train_dia54_utt6.pt
train_dia551_utt5,meld_real,0,meld_Monica,joy,joy,-1,1,1,1,data\raw\MELD\MELD-RAW\MELD.Raw\train\train_splits\dia551_utt5.mp4,data\preprocessed\features\z_at\train_dia551_utt5.pt,data\preprocessed\features\z_v\train_dia551_utt5.pt
train_dia553_utt14,meld_real,0,meld_Janine,neutral,neutral,-1,1,1,1,data\raw\MELD\MELD-RAW\MELD.Raw\train\train_splits\dia553_utt14.mp4,data\preprocessed\features\z_at\train_dia553_utt14.pt,data\preprocessed\features\z_v\train_dia553_utt14.pt
train_dia553_utt17,meld_real,0,meld_Joey,joy,joy,-1,1,1,1,data\raw\MELD\MELD-RAW\MELD.Raw\train\train_splits\dia553_utt17.mp4,data\preprocessed\features\z_at\train_dia553_utt17.pt,data\preprocessed\features\z_v\train_dia553_utt17.pt
train_dia553_utt18,meld_real,0,meld_Director,neutral,neutral,-1,1,1,1,data\raw\MELD\MELD-RAW\MELD.Raw\train\train_splits\dia553_utt18.mp4,data\preprocessed\features\z_at\train_dia553_utt18.pt,data\preprocessed\features\z_v\train_dia553_utt18.pt
train_dia553_utt3,meld_real,0,meld_Monica,neutral,neutral,-1,1,1,1,data\raw\MELD\MELD-RAW\MELD.Raw\train\train_splits\dia553_utt3.mp4,data\preprocessed\features\z_at\train_dia553_utt3.pt,data\preprocessed\features\z_v\train_dia553_utt3.pt
train_dia553_utt7,meld_real,0,meld_Monica,joy,joy,-1,1,1,1,data\raw\MELD\MELD-RAW\MELD.Raw\train\train_splits\dia553_utt7.mp4,data\preprocessed\features\z_at\train_dia553_utt7.pt,data\preprocessed\features\z_v\train_dia553_utt7.pt
train_dia554_utt0,meld_real,0,meld_Rachel,anger,anger,-1,1,1,1,data\raw\MELD\MELD-RAW\MELD.Raw\train\train_splits\dia554_utt0.mp4,data\preprocessed\features\z_at\train_dia554_utt0.pt,data\preprocessed\features\z_v\train_dia554_utt0.pt
train_dia554_utt4,meld_real,0,meld_Rachel,neutral,neutral,-1,1,1,1,data\raw\MELD\MELD-RAW\MELD.Raw\train\train_splits\dia554_utt4.mp4,data\preprocessed\features\z_at\train_dia554_utt4.pt,data\preprocessed\features\z_v\train_dia554_utt4.pt
train_dia554_utt5,meld_real,0,meld_Chandler,neutral,neutral,-1,1,1,1,data\raw\MELD\MELD-RAW\MELD.Raw\train\train_splits\dia554_utt5.mp4,data\preprocessed\features\z_at\train_dia554_utt5.pt,data\preprocessed\features\z_v\train_dia554_utt5.pt
train_dia554_utt7,meld_real,0,meld_Monica,neutral,neutral,-1,1,1,1,data\raw\MELD\MELD-RAW\MELD.Raw\train\train_splits\dia554_utt7.mp4,data\preprocessed\features\z_at\train_dia554_utt7.pt,data\preprocessed\features\z_v\train_dia554_utt7.pt
train_dia554_utt9,meld_real,0,meld_Monica,disgust,disgust,-1,1,1,1,data\raw\MELD\MELD-RAW\MELD.Raw\train\train_splits\dia554_utt9.mp4,data\preprocessed\features\z_at\train_dia554_utt9.pt,data\preprocessed\features\z_v\train_dia554_utt9.pt
train_dia556_utt4,meld_real,0,meld_Joey,anger,anger,-1,1,1,1,data\raw\MELD\MELD-RAW\MELD.Raw\train\train_splits\dia556_utt4.mp4,data\preprocessed\features\z_at\train_dia556_utt4.pt,data\preprocessed\features\z_v\train_dia556_utt4.pt
train_dia557_utt5,meld_real,0,meld_Ross,joy,joy,-1,1,1,1,data\raw\MELD\MELD-RAW\MELD.Raw\train\train_splits\dia557_utt5.mp4,data\preprocessed\features\z_at\train_dia557_utt5.pt,data\preprocessed\features\z_v\train_dia557_utt5.pt
train_dia557_utt7,meld_real,0,meld_Rachel,anger,anger,-1,1,1,1,data\raw\MELD\MELD-RAW\MELD.Raw\train\train_splits\dia557_utt7.mp4,data\preprocessed\features\z_at\train_dia557_utt7.pt,data\preprocessed\features\z_v\train_dia557_utt7.pt
train_dia558_utt0,meld_real,0,meld_Rachel,joy,joy,-1,1,1,1,data\raw\MELD\MELD-RAW\MELD.Raw\train\train_splits\dia558_utt0.mp4,data\preprocessed\features\z_at\train_dia558_utt0.pt,data\preprocessed\features\z_v\train_dia558_utt0.pt
train_dia558_utt2,meld_real,0,meld_Rachel,joy,joy,-1,1,1,1,data\raw\MELD\MELD-RAW\MELD.Raw\train\train_splits\dia558_utt2.mp4,data\preprocessed\features\z_at\train_dia558_utt2.pt,data\preprocessed\features\z_v\train_dia558_utt2.pt
train_dia558_utt5,meld_real,0,meld_Chandler,neutral,neutral,-1,1,1,1,data\raw\MELD\MELD-RAW\MELD.Raw\train\train_splits\dia558_utt5.mp4,data\preprocessed\features\z_at\train_dia558_utt5.pt,data\preprocessed\features\z_v\train_dia558_utt5.pt
train_dia558_utt6,meld_real,0,meld_Rachel,anger,anger,-1,1,1,1,data\raw\MELD\MELD-RAW\MELD.Raw\train\train_splits\dia558_utt6.mp4,data\preprocessed\features\z_at\train_dia558_utt6.pt,data\preprocessed\features\z_v\train_dia558_utt6.pt
train_dia558_utt8,meld_real,0,meld_Rachel,sadness,sadness,-1,1,1,1,data\raw\MELD\MELD-RAW\MELD.Raw\train\train_splits\dia558_utt8.mp4,data\preprocessed\features\z_at\train_dia558_utt8.pt,data\preprocessed\features\z_v\train_dia558_utt8.pt
train_dia559_utt7,meld_real,0,meld_Chandler,neutral,neutral,-1,1,1,1,data\raw\MELD\MELD-RAW\MELD.Raw\train\train_splits\dia559_utt7.mp4,data\preprocessed\features\z_at\train_dia559_utt7.pt,data\preprocessed\features\z_v\train_dia559_utt7.pt
train_dia55_utt3,meld_real,0,meld_Rachel,neutral,neutral,-1,1,1,1,data\raw\MELD\MELD-RAW\MELD.Raw\train\train_splits\dia55_utt3.mp4,data\preprocessed\features\z_at\train_dia55_utt3.pt,data\preprocessed\features\z_v\train_dia55_utt3.pt
train_dia560_utt4,meld_real,0,meld_Monica,joy,joy,-1,1,1,1,data\raw\MELD\MELD-RAW\MELD.Raw\train\train_splits\dia560_utt4.mp4,data\preprocessed\features\z_at\train_dia560_utt4.pt,data\preprocessed\features\z_v\train_dia560_utt4.pt
train_dia560_utt7,meld_real,0,meld_Joey,joy,joy,-1,1,1,1,data\raw\MELD\MELD-RAW\MELD.Raw\train\train_splits\dia560_utt7.mp4,data\preprocessed\features\z_at\train_dia560_utt7.pt,data\preprocessed\features\z_v\train_dia560_utt7.pt
train_dia561_utt0,meld_real,0,meld_Monica,neutral,neutral,-1,1,1,1,data\raw\MELD\MELD-RAW\MELD.Raw\train\train_splits\dia561_utt0.mp4,data\preprocessed\features\z_at\train_dia561_utt0.pt,data\preprocessed\features\z_v\train_dia561_utt0.pt
train_dia561_utt18,meld_real,0,meld_Joey,neutral,neutral,-1,1,1,1,data\raw\MELD\MELD-RAW\MELD.Raw\train\train_splits\dia561_utt18.mp4,data\preprocessed\features\z_at\train_dia561_utt18.pt,data\preprocessed\features\z_v\train_dia561_utt18.pt
train_dia561_utt2,meld_real,0,meld_Monica,neutral,neutral,-1,1,1,1,data\raw\MELD\MELD-RAW\MELD.Raw\train\train_splits\dia561_utt2.mp4,data\preprocessed\features\z_at\train_dia561_utt2.pt,data\preprocessed\features\z_v\train_dia561_utt2.pt
train_dia561_utt5,meld_real,0,meld_Monica,anger,anger,-1,1,1,1,data\raw\MELD\MELD-RAW\MELD.Raw\train\train_splits\dia561_utt5.mp4,data\preprocessed\features\z_at\train_dia561_utt5.pt,data\preprocessed\features\z_v\train_dia561_utt5.pt
train_dia562_utt7,meld_real,0,meld_Chandler,joy,joy,-1,1,1,1,data\raw\MELD\MELD-RAW\MELD.Raw\train\train_splits\dia562_utt7.mp4,data\preprocessed\features\z_at\train_dia562_utt7.pt,data\preprocessed\features\z_v\train_dia562_utt7.pt
train_dia564_utt2,meld_real,0,meld_Rachel,joy,joy,-1,1,1,1,data\raw\MELD\MELD-RAW\MELD.Raw\train\train_splits\dia564_utt2.mp4,data\preprocessed\features\z_at\train_dia564_utt2.pt,data\preprocessed\features\z_v\train_dia564_utt2.pt
train_dia564_utt5,meld_real,0,meld_Monica,neutral,neutral,-1,1,1,1,data\raw\MELD\MELD-RAW\MELD.Raw\train\train_splits\dia564_utt5.mp4,data\preprocessed\features\z_at\train_dia564_utt5.pt,data\preprocessed\features\z_v\train_dia564_utt5.pt
train_dia564_utt9,meld_real,0,meld_Monica,sadness,sadness,-1,1,1,1,data\raw\MELD\MELD-RAW\MELD.Raw\train\train_splits\dia564_utt9.mp4,data\preprocessed\features\z_at\train_dia564_utt9.pt,data\preprocessed\features\z_v\train_dia564_utt9.pt
train_dia565_utt0,meld_real,0,meld_Janice,neutral,neutral,-1,1,1,1,data\raw\MELD\MELD-RAW\MELD.Raw\train\train_splits\dia565_utt0.mp4,data\preprocessed\features\z_at\train_dia565_utt0.pt,data\preprocessed\features\z_v\train_dia565_utt0.pt
train_dia565_utt2,meld_real,0,meld_Janice,neutral,neutral,-1,1,1,1,data\raw\MELD\MELD-RAW\MELD.Raw\train\train_splits\dia565_utt2.mp4,data\preprocessed\features\z_at\train_dia565_utt2.pt,data\preprocessed\features\z_v\train_dia565_utt2.pt
train_dia568_utt0,meld_real,0,meld_Ross,disgust,disgust,-1,1,1,1,data\raw\MELD\MELD-RAW\MELD.Raw\train\train_splits\dia568_utt0.mp4,data\preprocessed\features\z_at\train_dia568_utt0.pt,data\preprocessed\features\z_v\train_dia568_utt0.pt
train_dia568_utt7,meld_real,0,meld_Chandler,neutral,neutral,-1,1,1,1,data\raw\MELD\MELD-RAW\MELD.Raw\train\train_splits\dia568_utt7.mp4,data\preprocessed\features\z_at\train_dia568_utt7.pt,data\preprocessed\features\z_v\train_dia568_utt7.pt
train_dia569_utt2,meld_real,0,meld_Elizabeth,neutral,neutral,-1,1,1,1,data\raw\MELD\MELD-RAW\MELD.Raw\train\train_splits\dia569_utt2.mp4,data\preprocessed\features\z_at\train_dia569_utt2.pt,data\preprocessed\features\z_v\train_dia569_utt2.pt
train_dia56_utt0,meld_real,0,meld_Chandler,neutral,neutral,-1,1,1,1,data\raw\MELD\MELD-RAW\MELD.Raw\train\train_splits\dia56_utt0.mp4,data\preprocessed\features\z_at\train_dia56_utt0.pt,data\preprocessed\features\z_v\train_dia56_utt0.pt
train_dia56_utt4,meld_real,0,meld_Chandler,neutral,neutral,-1,1,1,1,data\raw\MELD\MELD-RAW\MELD.Raw\train\train_splits\dia56_utt4.mp4,data\preprocessed\features\z_at\train_dia56_utt4.pt,data\preprocessed\features\z_v\train_dia56_utt4.pt
train_dia570_utt0,meld_real,0,meld_Monica,anger,anger,-1,1,1,1,data\raw\MELD\MELD-RAW\MELD.Raw\train\train_splits\dia570_utt0.mp4,data\preprocessed\features\z_at\train_dia570_utt0.pt,data\preprocessed\features\z_v\train_dia570_utt0.pt
train_dia570_utt3,meld_real,0,meld_Rachel,neutral,neutral,-1,1,1,1,data\raw\MELD\MELD-RAW\MELD.Raw\train\train_splits\dia570_utt3.mp4,data\preprocessed\features\z_at\train_dia570_utt3.pt,data\preprocessed\features\z_v\train_dia570_utt3.pt
train_dia571_utt0,meld_real,0,meld_Joey,neutral,neutral,-1,1,1,1,data\raw\MELD\MELD-RAW\MELD.Raw\train\train_splits\dia571_utt0.mp4,data\preprocessed\features\z_at\train_dia571_utt0.pt,data\preprocessed\features\z_v\train_dia571_utt0.pt
train_dia571_utt1,meld_real,0,meld_Ross,fear,fear,-1,1,1,1,data\raw\MELD\MELD-RAW\MELD.Raw\train\train_splits\dia571_utt1.mp4,data\preprocessed\features\z_at\train_dia571_utt1.pt,data\preprocessed\features\z_v\train_dia571_utt1.pt
train_dia571_utt12,meld_real,0,meld_Joey,neutral,neutral,-1,1,1,1,data\raw\MELD\MELD-RAW\MELD.Raw\train\train_splits\dia571_utt12.mp4,data\preprocessed\features\z_at\train_dia571_utt12.pt,data\preprocessed\features\z_v\train_dia571_utt12.pt
train_dia571_utt14,meld_real,0,meld_Rachel,neutral,neutral,-1,1,1,1,data\raw\MELD\MELD-RAW\MELD.Raw\train\train_splits\dia571_utt14.mp4,data\preprocessed\features\z_at\train_dia571_utt14.pt,data\preprocessed\features\z_v\train_dia571_utt14.pt
train_dia571_utt2,meld_real,0,meld_Phoebe,anger,anger,-1,1,1,1,data\raw\MELD\MELD-RAW\MELD.Raw\train\train_splits\dia571_utt2.mp4,data\preprocessed\features\z_at\train_dia571_utt2.pt,data\preprocessed\features\z_v\train_dia571_utt2.pt
train_dia572_utt1,meld_real,0,meld_Rachel,disgust,disgust,-1,1,1,1,data\raw\MELD\MELD-RAW\MELD.Raw\train\train_splits\dia572_utt1.mp4,data\preprocessed\features\z_at\train_dia572_utt1.pt,data\preprocessed\features\z_v\train_dia572_utt1.pt
train_dia572_utt15,meld_real,0,meld_Ross,neutral,neutral,-1,1,1,1,data\raw\MELD\MELD-RAW\MELD.Raw\train\train_splits\dia572_utt15.mp4,data\preprocessed\features\z_at\train_dia572_utt15.pt,data\preprocessed\features\z_v\train_dia572_utt15.pt
train_dia572_utt18,meld_real,0,meld_Rachel,neutral,neutral,-1,1,1,1,data\raw\MELD\MELD-RAW\MELD.Raw\train\train_splits\dia572_utt18.mp4,data\preprocessed\features\z_at\train_dia572_utt18.pt,data\preprocessed\features\z_v\train_dia572_utt18.pt
train_dia572_utt2,meld_real,0,meld_Rachel,neutral,neutral,-1,1,1,1,data\raw\MELD\MELD-RAW\MELD.Raw\train\train_splits\dia572_utt2.mp4,data\preprocessed\features\z_at\train_dia572_utt2.pt,data\preprocessed\features\z_v\train_dia572_utt2.pt
train_dia572_utt20,meld_real,0,meld_Evil_Bitch,anger,anger,-1,1,1,1,data\raw\MELD\MELD-RAW\MELD.Raw\train\train_splits\dia572_utt20.mp4,data\preprocessed\features\z_at\train_dia572_utt20.pt,data\preprocessed\features\z_v\train_dia572_utt20.pt
train_dia574_utt13,meld_real,0,meld_Joey,neutral,neutral,-1,1,1,1,data\raw\MELD\MELD-RAW\MELD.Raw\train\train_splits\dia574_utt13.mp4,data\preprocessed\features\z_at\train_dia574_utt13.pt,data\preprocessed\features\z_v\train_dia574_utt13.pt
train_dia574_utt15,meld_real,0,meld_Monica,fear,fear,-1,1,1,1,data\raw\MELD\MELD-RAW\MELD.Raw\train\train_splits\dia574_utt15.mp4,data\preprocessed\features\z_at\train_dia574_utt15.pt,data\preprocessed\features\z_v\train_dia574_utt15.pt
train_dia574_utt16,meld_real,0,meld_Joey,neutral,neutral,-1,1,1,1,data\raw\MELD\MELD-RAW\MELD.Raw\train\train_splits\dia574_utt16.mp4,data\preprocessed\features\z_at\train_dia574_utt16.pt,data\preprocessed\features\z_v\train_dia574_utt16.pt
train_dia574_utt5,meld_real,0,meld_Joey,neutral,neutral,-1,1,1,1,data\raw\MELD\MELD-RAW\MELD.Raw\train\train_splits\dia574_utt5.mp4,data\preprocessed\features\z_at\train_dia574_utt5.pt,data\preprocessed\features\z_v\train_dia574_utt5.pt
train_dia574_utt6,meld_real,0,meld_Chandler,neutral,neutral,-1,1,1,1,data\raw\MELD\MELD-RAW\MELD.Raw\train\train_splits\dia574_utt6.mp4,data\preprocessed\features\z_at\train_dia574_utt6.pt,data\preprocessed\features\z_v\train_dia574_utt6.pt
train_dia576_utt6,meld_real,0,meld_Chandler,neutral,neutral,-1,1,1,1,data\raw\MELD\MELD-RAW\MELD.Raw\train\train_splits\dia576_utt6.mp4,data\preprocessed\features\z_at\train_dia576_utt6.pt,data\preprocessed\features\z_v\train_dia576_utt6.pt
train_dia576_utt9,meld_real,0,meld_Joey,neutral,neutral,-1,1,1,1,data\raw\MELD\MELD-RAW\MELD.Raw\train\train_splits\dia576_utt9.mp4,data\preprocessed\features\z_at\train_dia576_utt9.pt,data\preprocessed\features\z_v\train_dia576_utt9.pt
train_dia577_utt1,meld_real,0,meld_Joey,neutral,neutral,-1,1,1,1,data\raw\MELD\MELD-RAW\MELD.Raw\train\train_splits\dia577_utt1.mp4,data\preprocessed\features\z_at\train_dia577_utt1.pt,data\preprocessed\features\z_v\train_dia577_utt1.pt
train_dia578_utt0,meld_real,0,meld_Phoebe,neutral,neutral,-1,1,1,1,data\raw\MELD\MELD-RAW\MELD.Raw\train\train_splits\dia578_utt0.mp4,data\preprocessed\features\z_at\train_dia578_utt0.pt,data\preprocessed\features\z_v\train_dia578_utt0.pt
train_dia57_utt2,meld_real,0,meld_Chandler,fear,fear,-1,1,1,1,data\raw\MELD\MELD-RAW\MELD.Raw\train\train_splits\dia57_utt2.mp4,data\preprocessed\features\z_at\train_dia57_utt2.pt,data\preprocessed\features\z_v\train_dia57_utt2.pt
train_dia580_utt0,meld_real,0,meld_Phoebe,neutral,neutral,-1,1,1,1,data\raw\MELD\MELD-RAW\MELD.Raw\train\train_splits\dia580_utt0.mp4,data\preprocessed\features\z_at\train_dia580_utt0.pt,data\preprocessed\features\z_v\train_dia580_utt0.pt
train_dia580_utt1,meld_real,0,meld_Chandler,neutral,neutral,-1,1,1,1,data\raw\MELD\MELD-RAW\MELD.Raw\train\train_splits\dia580_utt1.mp4,data\preprocessed\features\z_at\train_dia580_utt1.pt,data\preprocessed\features\z_v\train_dia580_utt1.pt
train_dia581_utt0,meld_real,0,meld_Phoebe,neutral,neutral,-1,1,1,1,data\raw\MELD\MELD-RAW\MELD.Raw\train\train_splits\dia581_utt0.mp4,data\preprocessed\features\z_at\train_dia581_utt0.pt,data\preprocessed\features\z_v\train_dia581_utt0.pt
train_dia582_utt0,meld_real,0,meld_Phoebe,neutral,neutral,-1,1,1,1,data\raw\MELD\MELD-RAW\MELD.Raw\train\train_splits\dia582_utt0.mp4,data\preprocessed\features\z_at\train_dia582_utt0.pt,data\preprocessed\features\z_v\train_dia582_utt0.pt
train_dia583_utt5,meld_real,0,meld_Rachel,neutral,neutral,-1,1,1,1,data\raw\MELD\MELD-RAW\MELD.Raw\train\train_splits\dia583_utt5.mp4,data\preprocessed\features\z_at\train_dia583_utt5.pt,data\preprocessed\features\z_v\train_dia583_utt5.pt
train_dia583_utt6,meld_real,0,meld_Phoebe,fear,fear,-1,1,1,1,data\raw\MELD\MELD-RAW\MELD.Raw\train\train_splits\dia583_utt6.mp4,data\preprocessed\features\z_at\train_dia583_utt6.pt,data\preprocessed\features\z_v\train_dia583_utt6.pt
train_dia583_utt9,meld_real,0,meld_Monica,neutral,neutral,-1,1,1,1,data\raw\MELD\MELD-RAW\MELD.Raw\train\train_splits\dia583_utt9.mp4,data\preprocessed\features\z_at\train_dia583_utt9.pt,data\preprocessed\features\z_v\train_dia583_utt9.pt
train_dia584_utt0,meld_real,0,meld_Ross,joy,joy,-1,1,1,1,data\raw\MELD\MELD-RAW\MELD.Raw\train\train_splits\dia584_utt0.mp4,data\preprocessed\features\z_at\train_dia584_utt0.pt,data\preprocessed\features\z_v\train_dia584_utt0.pt
train_dia584_utt8,meld_real,0,meld_Ross,neutral,neutral,-1,1,1,1,data\raw\MELD\MELD-RAW\MELD.Raw\train\train_splits\dia584_utt8.mp4,data\preprocessed\features\z_at\train_dia584_utt8.pt,data\preprocessed\features\z_v\train_dia584_utt8.pt
train_dia585_utt0,meld_real,0,meld_Ross,sadness,sadness,-1,1,1,1,data\raw\MELD\MELD-RAW\MELD.Raw\train\train_splits\dia585_utt0.mp4,data\preprocessed\features\z_at\train_dia585_utt0.pt,data\preprocessed\features\z_v\train_dia585_utt0.pt
train_dia585_utt10,meld_real,0,meld_Ross,sadness,sadness,-1,1,1,1,data\raw\MELD\MELD-RAW\MELD.Raw\train\train_splits\dia585_utt10.mp4,data\preprocessed\features\z_at\train_dia585_utt10.pt,data\preprocessed\features\z_v\train_dia585_utt10.pt
train_dia585_utt2,meld_real,0,meld_Phoebe,sadness,sadness,-1,1,1,1,data\raw\MELD\MELD-RAW\MELD.Raw\train\train_splits\dia585_utt2.mp4,data\preprocessed\features\z_at\train_dia585_utt2.pt,data\preprocessed\features\z_v\train_dia585_utt2.pt
train_dia587_utt1,meld_real,0,meld_Mark,joy,joy,-1,1,1,1,data\raw\MELD\MELD-RAW\MELD.Raw\train\train_splits\dia587_utt1.mp4,data\preprocessed\features\z_at\train_dia587_utt1.pt,data\preprocessed\features\z_v\train_dia587_utt1.pt
train_dia587_utt5,meld_real,0,meld_Joey,joy,joy,-1,1,1,1,data\raw\MELD\MELD-RAW\MELD.Raw\train\train_splits\dia587_utt5.mp4,data\preprocessed\features\z_at\train_dia587_utt5.pt,data\preprocessed\features\z_v\train_dia587_utt5.pt
train_dia588_utt0,meld_real,0,meld_Chandler,anger,anger,-1,1,1,1,data\raw\MELD\MELD-RAW\MELD.Raw\train\train_splits\dia588_utt0.mp4,data\preprocessed\features\z_at\train_dia588_utt0.pt,data\preprocessed\features\z_v\train_dia588_utt0.pt
train_dia589_utt0,meld_real,0,meld_Earl,neutral,neutral,-1,1,1,1,data\raw\MELD\MELD-RAW\MELD.Raw\train\train_splits\dia589_utt0.mp4,data\preprocessed\features\z_at\train_dia589_utt0.pt,data\preprocessed\features\z_v\train_dia589_utt0.pt
train_dia589_utt5,meld_real,0,meld_Phoebe,sadness,sadness,-1,1,1,1,data\raw\MELD\MELD-RAW\MELD.Raw\train\train_splits\dia589_utt5.mp4,data\preprocessed\features\z_at\train_dia589_utt5.pt,data\preprocessed\features\z_v\train_dia589_utt5.pt
train_dia58_utt2,meld_real,0,meld_Phoebe,neutral,neutral,-1,1,1,1,data\raw\MELD\MELD-RAW\MELD.Raw\train\train_splits\dia58_utt2.mp4,data\preprocessed\features\z_at\train_dia58_utt2.pt,data\preprocessed\features\z_v\train_dia58_utt2.pt
train_dia590_utt1,meld_real,0,meld_Monica,joy,joy,-1,1,1,1,data\raw\MELD\MELD-RAW\MELD.Raw\train\train_splits\dia590_utt1.mp4,data\preprocessed\features\z_at\train_dia590_utt1.pt,data\preprocessed\features\z_v\train_dia590_utt1.pt
train_dia590_utt12,meld_real,0,meld_Phoebe,neutral,neutral,-1,1,1,1,data\raw\MELD\MELD-RAW\MELD.Raw\train\train_splits\dia590_utt12.mp4,data\preprocessed\features\z_at\train_dia590_utt12.pt,data\preprocessed\features\z_v\train_dia590_utt12.pt
train_dia590_utt16,meld_real,0,meld_Phoebe,neutral,neutral,-1,1,1,1,data\raw\MELD\MELD-RAW\MELD.Raw\train\train_splits\dia590_utt16.mp4,data\preprocessed\features\z_at\train_dia590_utt16.pt,data\preprocessed\features\z_v\train_dia590_utt16.pt
train_dia590_utt3,meld_real,0,meld_Monica,neutral,neutral,-1,1,1,1,data\raw\MELD\MELD-RAW\MELD.Raw\train\train_splits\dia590_utt3.mp4,data\preprocessed\features\z_at\train_dia590_utt3.pt,data\preprocessed\features\z_v\train_dia590_utt3.pt
train_dia590_utt8,meld_real,0,meld_Phoebe,sadness,sadness,-1,1,1,1,data\raw\MELD\MELD-RAW\MELD.Raw\train\train_splits\dia590_utt8.mp4,data\preprocessed\features\z_at\train_dia590_utt8.pt,data\preprocessed\features\z_v\train_dia590_utt8.pt
train_dia591_utt0,meld_real,0,meld_Chandler,neutral,neutral,-1,1,1,1,data\raw\MELD\MELD-RAW\MELD.Raw\train\train_splits\dia591_utt0.mp4,data\preprocessed\features\z_at\train_dia591_utt0.pt,data\preprocessed\features\z_v\train_dia591_utt0.pt
train_dia592_utt1,meld_real,0,meld_Phoebe,disgust,disgust,-1,1,1,1,data\raw\MELD\MELD-RAW\MELD.Raw\train\train_splits\dia592_utt1.mp4,data\preprocessed\features\z_at\train_dia592_utt1.pt,data\preprocessed\features\z_v\train_dia592_utt1.pt
train_dia592_utt12,meld_real,0,meld_Joey,anger,anger,-1,1,1,1,data\raw\MELD\MELD-RAW\MELD.Raw\train\train_splits\dia592_utt12.mp4,data\preprocessed\features\z_at\train_dia592_utt12.pt,data\preprocessed\features\z_v\train_dia592_utt12.pt
train_dia593_utt10,meld_real,0,meld_Gunther,disgust,disgust,-1,1,1,1,data\raw\MELD\MELD-RAW\MELD.Raw\train\train_splits\dia593_utt10.mp4,data\preprocessed\features\z_at\train_dia593_utt10.pt,data\preprocessed\features\z_v\train_dia593_utt10.pt
train_dia593_utt8,meld_real,0,meld_Robert,sadness,sadness,-1,1,1,1,data\raw\MELD\MELD-RAW\MELD.Raw\train\train_splits\dia593_utt8.mp4,data\preprocessed\features\z_at\train_dia593_utt8.pt,data\preprocessed\features\z_v\train_dia593_utt8.pt
train_dia593_utt9,meld_real,0,meld_Phoebe,neutral,neutral,-1,1,1,1,data\raw\MELD\MELD-RAW\MELD.Raw\train\train_splits\dia593_utt9.mp4,data\preprocessed\features\z_at\train_dia593_utt9.pt,data\preprocessed\features\z_v\train_dia593_utt9.pt
train_dia594_utt6,meld_real,0,meld_Joey,sadness,sadness,-1,1,1,1,data\raw\MELD\MELD-RAW\MELD.Raw\train\train_splits\dia594_utt6.mp4,data\preprocessed\features\z_at\train_dia594_utt6.pt,data\preprocessed\features\z_v\train_dia594_utt6.pt
train_dia595_utt5,meld_real,0,meld_Chandler,anger,anger,-1,1,1,1,data\raw\MELD\MELD-RAW\MELD.Raw\train\train_splits\dia595_utt5.mp4,data\preprocessed\features\z_at\train_dia595_utt5.pt,data\preprocessed\features\z_v\train_dia595_utt5.pt
train_dia596_utt0,meld_real,0,meld_Joey,anger,anger,-1,1,1,1,data\raw\MELD\MELD-RAW\MELD.Raw\train\train_splits\dia596_utt0.mp4,data\preprocessed\features\z_at\train_dia596_utt0.pt,data\preprocessed\features\z_v\train_dia596_utt0.pt
train_dia596_utt12,meld_real,0,meld_Phoebe,neutral,neutral,-1,1,1,1,data\raw\MELD\MELD-RAW\MELD.Raw\train\train_splits\dia596_utt12.mp4,data\preprocessed\features\z_at\train_dia596_utt12.pt,data\preprocessed\features\z_v\train_dia596_utt12.pt
train_dia596_utt2,meld_real,0,meld_Phoebe,neutral,neutral,-1,1,1,1,data\raw\MELD\MELD-RAW\MELD.Raw\train\train_splits\dia596_utt2.mp4,data\preprocessed\features\z_at\train_dia596_utt2.pt,data\preprocessed\features\z_v\train_dia596_utt2.pt
train_dia596_utt5,meld_real,0,meld_Joey,sadness,sadness,-1,1,1,1,data\raw\MELD\MELD-RAW\MELD.Raw\train\train_splits\dia596_utt5.mp4,data\preprocessed\features\z_at\train_dia596_utt5.pt,data\preprocessed\features\z_v\train_dia596_utt5.pt
train_dia596_utt8,meld_real,0,meld_Phoebe,anger,anger,-1,1,1,1,data\raw\MELD\MELD-RAW\MELD.Raw\train\train_splits\dia596_utt8.mp4,data\preprocessed\features\z_at\train_dia596_utt8.pt,data\preprocessed\features\z_v\train_dia596_utt8.pt
train_dia596_utt9,meld_real,0,meld_Monica,neutral,neutral,-1,1,1,1,data\raw\MELD\MELD-RAW\MELD.Raw\train\train_splits\dia596_utt9.mp4,data\preprocessed\features\z_at\train_dia596_utt9.pt,data\preprocessed\features\z_v\train_dia596_utt9.pt
train_dia597_utt10,meld_real,0,meld_Monica,neutral,neutral,-1,1,1,1,data\raw\MELD\MELD-RAW\MELD.Raw\train\train_splits\dia597_utt10.mp4,data\preprocessed\features\z_at\train_dia597_utt10.pt,data\preprocessed\features\z_v\train_dia597_utt10.pt
train_dia597_utt3,meld_real,0,meld_Monica,neutral,neutral,-1,1,1,1,data\raw\MELD\MELD-RAW\MELD.Raw\train\train_splits\dia597_utt3.mp4,data\preprocessed\features\z_at\train_dia597_utt3.pt,data\preprocessed\features\z_v\train_dia597_utt3.pt
train_dia597_utt6,meld_real,0,meld_Monica,joy,joy,-1,1,1,1,data\raw\MELD\MELD-RAW\MELD.Raw\train\train_splits\dia597_utt6.mp4,data\preprocessed\features\z_at\train_dia597_utt6.pt,data\preprocessed\features\z_v\train_dia597_utt6.pt
train_dia597_utt7,meld_real,0,meld_Chandler,neutral,neutral,-1,1,1,1,data\raw\MELD\MELD-RAW\MELD.Raw\train\train_splits\dia597_utt7.mp4,data\preprocessed\features\z_at\train_dia597_utt7.pt,data\preprocessed\features\z_v\train_dia597_utt7.pt
train_dia597_utt9,meld_real,0,meld_Chandler,neutral,neutral,-1,1,1,1,data\raw\MELD\MELD-RAW\MELD.Raw\train\train_splits\dia597_utt9.mp4,data\preprocessed\features\z_at\train_dia597_utt9.pt,data\preprocessed\features\z_v\train_dia597_utt9.pt
train_dia599_utt0,meld_real,0,meld_Monica,neutral,neutral,-1,1,1,1,data\raw\MELD\MELD-RAW\MELD.Raw\train\train_splits\dia599_utt0.mp4,data\preprocessed\features\z_at\train_dia599_utt0.pt,data\preprocessed\features\z_v\train_dia599_utt0.pt
train_dia599_utt12,meld_real,0,meld_Ross,neutral,neutral,-1,1,1,1,data\raw\MELD\MELD-RAW\MELD.Raw\train\train_splits\dia599_utt12.mp4,data\preprocessed\features\z_at\train_dia599_utt12.pt,data\preprocessed\features\z_v\train_dia599_utt12.pt
train_dia599_utt13,meld_real,0,meld_Ross,neutral,neutral,-1,1,1,1,data\raw\MELD\MELD-RAW\MELD.Raw\train\train_splits\dia599_utt13.mp4,data\preprocessed\features\z_at\train_dia599_utt13.pt,data\preprocessed\features\z_v\train_dia599_utt13.pt
train_dia599_utt14,meld_real,0,meld_Phoebe,neutral,neutral,-1,1,1,1,data\raw\MELD\MELD-RAW\MELD.Raw\train\train_splits\dia599_utt14.mp4,data\preprocessed\features\z_at\train_dia599_utt14.pt,data\preprocessed\features\z_v\train_dia599_utt14.pt
train_dia599_utt8,meld_real,0,meld_Joey,neutral,neutral,-1,1,1,1,data\raw\MELD\MELD-RAW\MELD.Raw\train\train_splits\dia599_utt8.mp4,data\preprocessed\features\z_at\train_dia599_utt8.pt,data\preprocessed\features\z_v\train_dia599_utt8.pt
train_dia59_utt9,meld_real,0,meld_Doug,joy,joy,-1,1,1,1,data\raw\MELD\MELD-RAW\MELD.Raw\train\train_splits\dia59_utt9.mp4,data\preprocessed\features\z_at\train_dia59_utt9.pt,data\preprocessed\features\z_v\train_dia59_utt9.pt
train_dia5_utt2,meld_real,0,meld_Phoebe,neutral,neutral,-1,1,1,1,data\raw\MELD\MELD-RAW\MELD.Raw\train\train_splits\dia5_utt2.mp4,data\preprocessed\features\z_at\train_dia5_utt2.pt,data\preprocessed\features\z_v\train_dia5_utt2.pt
train_dia601_utt0,meld_real,0,meld_Phoebe,neutral,neutral,-1,1,1,1,data\raw\MELD\MELD-RAW\MELD.Raw\train\train_splits\dia601_utt0.mp4,data\preprocessed\features\z_at\train_dia601_utt0.pt,data\preprocessed\features\z_v\train_dia601_utt0.pt
train_dia601_utt5,meld_real,0,meld_All,joy,joy,-1,1,1,1,data\raw\MELD\MELD-RAW\MELD.Raw\train\train_splits\dia601_utt5.mp4,data\preprocessed\features\z_at\train_dia601_utt5.pt,data\preprocessed\features\z_v\train_dia601_utt5.pt
train_dia602_utt0,meld_real,0,meld_Monica,joy,joy,-1,1,1,1,data\raw\MELD\MELD-RAW\MELD.Raw\train\train_splits\dia602_utt0.mp4,data\preprocessed\features\z_at\train_dia602_utt0.pt,data\preprocessed\features\z_v\train_dia602_utt0.pt
train_dia603_utt0,meld_real,0,meld_Ross,neutral,neutral,-1,1,1,1,data\raw\MELD\MELD-RAW\MELD.Raw\train\train_splits\dia603_utt0.mp4,data\preprocessed\features\z_at\train_dia603_utt0.pt,data\preprocessed\features\z_v\train_dia603_utt0.pt
train_dia604_utt13,meld_real,0,meld_Phoebe,neutral,neutral,-1,1,1,1,data\raw\MELD\MELD-RAW\MELD.Raw\train\train_splits\dia604_utt13.mp4,data\preprocessed\features\z_at\train_dia604_utt13.pt,data\preprocessed\features\z_v\train_dia604_utt13.pt
train_dia604_utt2,meld_real,0,meld_Phoebe,neutral,neutral,-1,1,1,1,data\raw\MELD\MELD-RAW\MELD.Raw\train\train_splits\dia604_utt2.mp4,data\preprocessed\features\z_at\train_dia604_utt2.pt,data\preprocessed\features\z_v\train_dia604_utt2.pt
train_dia605_utt0,meld_real,0,meld_Rachel,neutral,neutral,-1,1,1,1,data\raw\MELD\MELD-RAW\MELD.Raw\train\train_splits\dia605_utt0.mp4,data\preprocessed\features\z_at\train_dia605_utt0.pt,data\preprocessed\features\z_v\train_dia605_utt0.pt
train_dia605_utt1,meld_real,0,meld_Man,anger,anger,-1,1,1,1,data\raw\MELD\MELD-RAW\MELD.Raw\train\train_splits\dia605_utt1.mp4,data\preprocessed\features\z_at\train_dia605_utt1.pt,data\preprocessed\features\z_v\train_dia605_utt1.pt
train_dia605_utt3,meld_real,0,meld_Julie,joy,joy,-1,1,1,1,data\raw\MELD\MELD-RAW\MELD.Raw\train\train_splits\dia605_utt3.mp4,data\preprocessed\features\z_at\train_dia605_utt3.pt,data\preprocessed\features\z_v\train_dia605_utt3.pt
train_dia605_utt5,meld_real,0,meld_Julie,neutral,neutral,-1,1,1,1,data\raw\MELD\MELD-RAW\MELD.Raw\train\train_splits\dia605_utt5.mp4,data\preprocessed\features\z_at\train_dia605_utt5.pt,data\preprocessed\features\z_v\train_dia605_utt5.pt
train_dia605_utt6,meld_real,0,meld_Julie,fear,fear,-1,1,1,1,data\raw\MELD\MELD-RAW\MELD.Raw\train\train_splits\dia605_utt6.mp4,data\preprocessed\features\z_at\train_dia605_utt6.pt,data\preprocessed\features\z_v\train_dia605_utt6.pt
train_dia606_utt11,meld_real,0,meld_Steve,neutral,neutral,-1,1,1,1,data\raw\MELD\MELD-RAW\MELD.Raw\train\train_splits\dia606_utt11.mp4,data\preprocessed\features\z_at\train_dia606_utt11.pt,data\preprocessed\features\z_v\train_dia606_utt11.pt
train_dia607_utt2,meld_real,0,meld_Chandler,anger,anger,-1,1,1,1,data\raw\MELD\MELD-RAW\MELD.Raw\train\train_splits\dia607_utt2.mp4,data\preprocessed\features\z_at\train_dia607_utt2.pt,data\preprocessed\features\z_v\train_dia607_utt2.pt
train_dia608_utt1,meld_real,0,meld_Phoebe,neutral,neutral,-1,1,1,1,data\raw\MELD\MELD-RAW\MELD.Raw\train\train_splits\dia608_utt1.mp4,data\preprocessed\features\z_at\train_dia608_utt1.pt,data\preprocessed\features\z_v\train_dia608_utt1.pt
train_dia608_utt2,meld_real,0,meld_Phoebe,neutral,neutral,-1,1,1,1,data\raw\MELD\MELD-RAW\MELD.Raw\train\train_splits\dia608_utt2.mp4,data\preprocessed\features\z_at\train_dia608_utt2.pt,data\preprocessed\features\z_v\train_dia608_utt2.pt
