clip_id,source_pipeline,fake_label,speaker_id,audio_emotion,visual_emotion,sarcasm_label,has_z_at,has_z_v,is_ready_for_training,video_path,z_at_path,z_v_path
-3g5yACwYnA_001,mosei_real,0,mosei_-3g5yACwYnA_001,,,-1,1,1,1,D:\Documents\Programming\Thesis_G10\data\raw\CMU-MOSEI\segments\-3g5yACwYnA_001.mp4,data\preprocessed\features\z_at\-3g5yACwYnA_001.pt,data\preprocessed\features\z_v\-3g5yACwYnA_001.pt
-571d8cVauQ_000,mosei_real,0,mosei_-571d8cVauQ_000,,,-1,1,1,1,D:\Documents\Programming\Thesis_G10\data\raw\CMU-MOSEI\segments\-571d8cVauQ_000.mp4,data\preprocessed\features\z_at\-571d8cVauQ_000.pt,data\preprocessed\features\z_v\-571d8cVauQ_000.pt
-571d8cVauQ_001,mosei_real,0,mosei_-571d8cVauQ_001,,,-1,1,1,1,D:\Documents\Programming\Thesis_G10\data\raw\CMU-MOSEI\segments\-571d8cVauQ_001.mp4,data\preprocessed\features\z_at\-571d8cVauQ_001.pt,data\preprocessed\features\z_v\-571d8cVauQ_001.pt
-9YyBTjo1zo_000,mosei_real,0,mosei_-9YyBTjo1zo_000,,,-1,1,1,1,D:\Documents\Programming\Thesis_G10\data\raw\CMU-MOSEI\segments\-9YyBTjo1zo_000.mp4,data\preprocessed\features\z_at\-9YyBTjo1zo_000.pt,data\preprocessed\features\z_v\-9YyBTjo1zo_000.pt
-9YyBTjo1zo_001,mosei_real,0,mosei_-9YyBTjo1zo_001,,,-1,1,1,1,D:\Documents\Programming\Thesis_G10\data\raw\CMU-MOSEI\segments\-9YyBTjo1zo_001.mp4,data\preprocessed\features\z_at\-9YyBTjo1zo_001.pt,data\preprocessed\features\z_v\-9YyBTjo1zo_001.pt
-9y-fZ3swSY_000,mosei_real,0,mosei_-9y-fZ3swSY_000,,,-1,1,1,1,D:\Documents\Programming\Thesis_G10\data\raw\CMU-MOSEI\segments\-9y-fZ3swSY_000.mp4,data\preprocessed\features\z_at\-9y-fZ3swSY_000.pt,data\preprocessed\features\z_v\-9y-fZ3swSY_000.pt
-9y-fZ3swSY_001,mosei_real,0,mosei_-9y-fZ3swSY_001,,,-1,1,1,1,D:\Documents\Programming\Thesis_G10\data\raw\CMU-MOSEI\segments\-9y-fZ3swSY_001.mp4,data\preprocessed\features\z_at\-9y-fZ3swSY_001.pt,data\preprocessed\features\z_v\-9y-fZ3swSY_001.pt
-9y-fZ3swSY_002,mosei_real,0,mosei_-9y-fZ3swSY_002,,,-1,1,1,1,D:\Documents\Programming\Thesis_G10\data\raw\CMU-MOSEI\segments\-9y-fZ3swSY_002.mp4,data\preprocessed\features\z_at\-9y-fZ3swSY_002.pt,data\preprocessed\features\z_v\-9y-fZ3swSY_002.pt
-9y-fZ3swSY_003,mosei_real,0,mosei_-9y-fZ3swSY_003,,,-1,1,1,1,D:\Documents\Programming\Thesis_G10\data\raw\CMU-MOSEI\segments\-9y-fZ3swSY_003.mp4,data\preprocessed\features\z_at\-9y-fZ3swSY_003.pt,data\preprocessed\features\z_v\-9y-fZ3swSY_003.pt
-9y-fZ3swSY_004,mosei_real,0,mosei_-9y-fZ3swSY_004,,,-1,1,1,1,D:\Documents\Programming\Thesis_G10\data\raw\CMU-MOSEI\segments\-9y-fZ3swSY_004.mp4,data\preprocessed\features\z_at\-9y-fZ3swSY_004.pt,data\preprocessed\features\z_v\-9y-fZ3swSY_004.pt
-9y-fZ3swSY_005,mosei_real,0,mosei_-9y-fZ3swSY_005,,,-1,1,1,1,D:\Documents\Programming\Thesis_G10\data\raw\CMU-MOSEI\segments\-9y-fZ3swSY_005.mp4,data\preprocessed\features\z_at\-9y-fZ3swSY_005.pt,data\preprocessed\features\z_v\-9y-fZ3swSY_005.pt
-9y-fZ3swSY_006,mosei_real,0,mosei_-9y-fZ3swSY_006,,,-1,1,1,1,D:\Documents\Programming\Thesis_G10\data\raw\CMU-MOSEI\segments\-9y-fZ3swSY_006.mp4,data\preprocessed\features\z_at\-9y-fZ3swSY_006.pt,data\preprocessed\features\z_v\-9y-fZ3swSY_006.pt
-Alixo7euuU_000,mosei_real,0,mosei_-Alixo7euuU_000,,,-1,1,1,1,D:\Documents\Programming\Thesis_G10\data\raw\CMU-MOSEI\segments\-Alixo7euuU_000.mp4,data\preprocessed\features\z_at\-Alixo7euuU_000.pt,data\preprocessed\features\z_v\-Alixo7euuU_000.pt
-Alixo7euuU_001,mosei_real,0,mosei_-Alixo7euuU_001,,,-1,1,1,1,D:\Documents\Programming\Thesis_G10\data\raw\CMU-MOSEI\segments\-Alixo7euuU_001.mp4,data\preprocessed\features\z_at\-Alixo7euuU_001.pt,data\preprocessed\features\z_v\-Alixo7euuU_001.pt
-Alixo7euuU_003,mosei_real,0,mosei_-Alixo7euuU_003,,,-1,1,1,1,D:\Documents\Programming\Thesis_G10\data\raw\CMU-MOSEI\segments\-Alixo7euuU_003.mp4,data\preprocessed\features\z_at\-Alixo7euuU_003.pt,data\preprocessed\features\z_v\-Alixo7euuU_003.pt
-Alixo7euuU_005,mosei_real,0,mosei_-Alixo7euuU_005,,,-1,1,1,1,D:\Documents\Programming\Thesis_G10\data\raw\CMU-MOSEI\segments\-Alixo7euuU_005.mp4,data\preprocessed\features\z_at\-Alixo7euuU_005.pt,data\preprocessed\features\z_v\-Alixo7euuU_005.pt
-Alixo7euuU_009,mosei_real,0,mosei_-Alixo7euuU_009,,,-1,1,1,1,D:\Documents\Programming\Thesis_G10\data\raw\CMU-MOSEI\segments\-Alixo7euuU_009.mp4,data\preprocessed\features\z_at\-Alixo7euuU_009.pt,data\preprocessed\features\z_v\-Alixo7euuU_009.pt
-Alixo7euuU_012,mosei_real,0,mosei_-Alixo7euuU_012,,,-1,1,1,1,D:\Documents\Programming\Thesis_G10\data\raw\CMU-MOSEI\segments\-Alixo7euuU_012.mp4,data\preprocessed\features\z_at\-Alixo7euuU_012.pt,data\preprocessed\features\z_v\-Alixo7euuU_012.pt
-Alixo7euuU_013,mosei_real,0,mosei_-Alixo7euuU_013,,,-1,1,1,1,D:\Documents\Programming\Thesis_G10\data\raw\CMU-MOSEI\segments\-Alixo7euuU_013.mp4,data\preprocessed\features\z_at\-Alixo7euuU_013.pt,data\preprocessed\features\z_v\-Alixo7euuU_013.pt
-Eqdz5y4pEY_000,mosei_real,0,mosei_-Eqdz5y4pEY_000,,,-1,1,1,1,D:\Documents\Programming\Thesis_G10\data\raw\CMU-MOSEI\segments\-Eqdz5y4pEY_000.mp4,data\preprocessed\features\z_at\-Eqdz5y4pEY_000.pt,data\preprocessed\features\z_v\-Eqdz5y4pEY_000.pt
-HwX2H8Z4hY_000,mosei_real,0,mosei_-HwX2H8Z4hY_000,,,-1,1,1,1,D:\Documents\Programming\Thesis_G10\data\raw\CMU-MOSEI\segments\-HwX2H8Z4hY_000.mp4,data\preprocessed\features\z_at\-HwX2H8Z4hY_000.pt,data\preprocessed\features\z_v\-HwX2H8Z4hY_000.pt
-HwX2H8Z4hY_002,mosei_real,0,mosei_-HwX2H8Z4hY_002,,,-1,1,1,1,D:\Documents\Programming\Thesis_G10\data\raw\CMU-MOSEI\segments\-HwX2H8Z4hY_002.mp4,data\preprocessed\features\z_at\-HwX2H8Z4hY_002.pt,data\preprocessed\features\z_v\-HwX2H8Z4hY_002.pt
-HwX2H8Z4hY_003,mosei_real,0,mosei_-HwX2H8Z4hY_003,,,-1,1,1,1,D:\Documents\Programming\Thesis_G10\data\raw\CMU-MOSEI\segments\-HwX2H8Z4hY_003.mp4,data\preprocessed\features\z_at\-HwX2H8Z4hY_003.pt,data\preprocessed\features\z_v\-HwX2H8Z4hY_003.pt
-HwX2H8Z4hY_004,mosei_real,0,mosei_-HwX2H8Z4hY_004,,,-1,1,1,1,D:\Documents\Programming\Thesis_G10\data\raw\CMU-MOSEI\segments\-HwX2H8Z4hY_004.mp4,data\preprocessed\features\z_at\-HwX2H8Z4hY_004.pt,data\preprocessed\features\z_v\-HwX2H8Z4hY_004.pt
-HwX2H8Z4hY_005,mosei_real,0,mosei_-HwX2H8Z4hY_005,,,-1,1,1,1,D:\Documents\Programming\Thesis_G10\data\raw\CMU-MOSEI\segments\-HwX2H8Z4hY_005.mp4,data\preprocessed\features\z_at\-HwX2H8Z4hY_005.pt,data\preprocessed\features\z_v\-HwX2H8Z4hY_005.pt
-HwX2H8Z4hY_006,mosei_real,0,mosei_-HwX2H8Z4hY_006,,,-1,1,1,1,D:\Documents\Programming\Thesis_G10\data\raw\CMU-MOSEI\segments\-HwX2H8Z4hY_006.mp4,data\preprocessed\features\z_at\-HwX2H8Z4hY_006.pt,data\preprocessed\features\z_v\-HwX2H8Z4hY_006.pt
-HwX2H8Z4hY_007,mosei_real,0,mosei_-HwX2H8Z4hY_007,,,-1,1,1,1,D:\Documents\Programming\Thesis_G10\data\raw\CMU-MOSEI\segments\-HwX2H8Z4hY_007.mp4,data\preprocessed\features\z_at\-HwX2H8Z4hY_007.pt,data\preprocessed\features\z_v\-HwX2H8Z4hY_007.pt
-HwX2H8Z4hY_009,mosei_real,0,mosei_-HwX2H8Z4hY_009,,,-1,1,1,1,D:\Documents\Programming\Thesis_G10\data\raw\CMU-MOSEI\segments\-HwX2H8Z4hY_009.mp4,data\preprocessed\features\z_at\-HwX2H8Z4hY_009.pt,data\preprocessed\features\z_v\-HwX2H8Z4hY_009.pt
-IUUR2yyNbw_002,mosei_real,0,mosei_-IUUR2yyNbw_002,,,-1,1,1,1,D:\Documents\Programming\Thesis_G10\data\raw\CMU-MOSEI\segments\-IUUR2yyNbw_002.mp4,data\preprocessed\features\z_at\-IUUR2yyNbw_002.pt,data\preprocessed\features\z_v\-IUUR2yyNbw_002.pt
-IUUR2yyNbw_004,mosei_real,0,mosei_-IUUR2yyNbw_004,,,-1,1,1,1,D:\Documents\Programming\Thesis_G10\data\raw\CMU-MOSEI\segments\-IUUR2yyNbw_004.mp4,data\preprocessed\features\z_at\-IUUR2yyNbw_004.pt,data\preprocessed\features\z_v\-IUUR2yyNbw_004.pt
-LnuDPiuuZw_000,mosei_real,0,mosei_-LnuDPiuuZw_000,,,-1,1,1,1,D:\Documents\Programming\Thesis_G10\data\raw\CMU-MOSEI\segments\-LnuDPiuuZw_000.mp4,data\preprocessed\features\z_at\-LnuDPiuuZw_000.pt,data\preprocessed\features\z_v\-LnuDPiuuZw_000.pt
-MeTTeMJBNc_001,mosei_real,0,mosei_-MeTTeMJBNc_001,,,-1,1,1,1,D:\Documents\Programming\Thesis_G10\data\raw\CMU-MOSEI\segments\-MeTTeMJBNc_001.mp4,data\preprocessed\features\z_at\-MeTTeMJBNc_001.pt,data\preprocessed\features\z_v\-MeTTeMJBNc_001.pt
-NFrJFQijFE_000,mosei_real,0,mosei_-NFrJFQijFE_000,,,-1,1,1,1,D:\Documents\Programming\Thesis_G10\data\raw\CMU-MOSEI\segments\-NFrJFQijFE_000.mp4,data\preprocessed\features\z_at\-NFrJFQijFE_000.pt,data\preprocessed\features\z_v\-NFrJFQijFE_000.pt
-NFrJFQijFE_001,mosei_real,0,mosei_-NFrJFQijFE_001,,,-1,1,1,1,D:\Documents\Programming\Thesis_G10\data\raw\CMU-MOSEI\segments\-NFrJFQijFE_001.mp4,data\preprocessed\features\z_at\-NFrJFQijFE_001.pt,data\preprocessed\features\z_v\-NFrJFQijFE_001.pt
-RfYyzHpjk4_001,mosei_real,0,mosei_-RfYyzHpjk4_001,,,-1,1,1,1,D:\Documents\Programming\Thesis_G10\data\raw\CMU-MOSEI\segments\-RfYyzHpjk4_001.mp4,data\preprocessed\features\z_at\-RfYyzHpjk4_001.pt,data\preprocessed\features\z_v\-RfYyzHpjk4_001.pt
-RfYyzHpjk4_002,mosei_real,0,mosei_-RfYyzHpjk4_002,,,-1,1,1,1,D:\Documents\Programming\Thesis_G10\data\raw\CMU-MOSEI\segments\-RfYyzHpjk4_002.mp4,data\preprocessed\features\z_at\-RfYyzHpjk4_002.pt,data\preprocessed\features\z_v\-RfYyzHpjk4_002.pt
-SYSVSQnTnA_000,mosei_real,0,mosei_-SYSVSQnTnA_000,,,-1,1,1,1,D:\Documents\Programming\Thesis_G10\data\raw\CMU-MOSEI\segments\-SYSVSQnTnA_000.mp4,data\preprocessed\features\z_at\-SYSVSQnTnA_000.pt,data\preprocessed\features\z_v\-SYSVSQnTnA_000.pt
-SYSVSQnTnA_001,mosei_real,0,mosei_-SYSVSQnTnA_001,,,-1,1,1,1,D:\Documents\Programming\Thesis_G10\data\raw\CMU-MOSEI\segments\-SYSVSQnTnA_001.mp4,data\preprocessed\features\z_at\-SYSVSQnTnA_001.pt,data\preprocessed\features\z_v\-SYSVSQnTnA_001.pt
-THoVjtIkeU_003,mosei_real,0,mosei_-THoVjtIkeU_003,,,-1,1,1,1,D:\Documents\Programming\Thesis_G10\data\raw\CMU-MOSEI\segments\-THoVjtIkeU_003.mp4,data\preprocessed\features\z_at\-THoVjtIkeU_003.pt,data\preprocessed\features\z_v\-THoVjtIkeU_003.pt
-THoVjtIkeU_005,mosei_real,0,mosei_-THoVjtIkeU_005,,,-1,1,1,1,D:\Documents\Programming\Thesis_G10\data\raw\CMU-MOSEI\segments\-THoVjtIkeU_005.mp4,data\preprocessed\features\z_at\-THoVjtIkeU_005.pt,data\preprocessed\features\z_v\-THoVjtIkeU_005.pt
-THoVjtIkeU_006,mosei_real,0,mosei_-THoVjtIkeU_006,,,-1,1,1,1,D:\Documents\Programming\Thesis_G10\data\raw\CMU-MOSEI\segments\-THoVjtIkeU_006.mp4,data\preprocessed\features\z_at\-THoVjtIkeU_006.pt,data\preprocessed\features\z_v\-THoVjtIkeU_006.pt
-UuX1xuaiiE_000,mosei_real,0,mosei_-UuX1xuaiiE_000,,,-1,1,1,1,D:\Documents\Programming\Thesis_G10\data\raw\CMU-MOSEI\segments\-UuX1xuaiiE_000.mp4,data\preprocessed\features\z_at\-UuX1xuaiiE_000.pt,data\preprocessed\features\z_v\-UuX1xuaiiE_000.pt
-UuX1xuaiiE_005,mosei_real,0,mosei_-UuX1xuaiiE_005,,,-1,1,1,1,D:\Documents\Programming\Thesis_G10\data\raw\CMU-MOSEI\segments\-UuX1xuaiiE_005.mp4,data\preprocessed\features\z_at\-UuX1xuaiiE_005.pt,data\preprocessed\features\z_v\-UuX1xuaiiE_005.pt
-UuX1xuaiiE_006,mosei_real,0,mosei_-UuX1xuaiiE_006,,,-1,1,1,1,D:\Documents\Programming\Thesis_G10\data\raw\CMU-MOSEI\segments\-UuX1xuaiiE_006.mp4,data\preprocessed\features\z_at\-UuX1xuaiiE_006.pt,data\preprocessed\features\z_v\-UuX1xuaiiE_006.pt
-UuX1xuaiiE_007,mosei_real,0,mosei_-UuX1xuaiiE_007,,,-1,1,1,1,D:\Documents\Programming\Thesis_G10\data\raw\CMU-MOSEI\segments\-UuX1xuaiiE_007.mp4,data\preprocessed\features\z_at\-UuX1xuaiiE_007.pt,data\preprocessed\features\z_v\-UuX1xuaiiE_007.pt
-VmheDA92mM_001,mosei_real,0,mosei_-VmheDA92mM_001,,,-1,1,1,1,D:\Documents\Programming\Thesis_G10\data\raw\CMU-MOSEI\segments\-VmheDA92mM_001.mp4,data\preprocessed\features\z_at\-VmheDA92mM_001.pt,data\preprocessed\features\z_v\-VmheDA92mM_001.pt
-WXXTNIJcVM_001,mosei_real,0,mosei_-WXXTNIJcVM_001,,,-1,1,1,1,D:\Documents\Programming\Thesis_G10\data\raw\CMU-MOSEI\segments\-WXXTNIJcVM_001.mp4,data\preprocessed\features\z_at\-WXXTNIJcVM_001.pt,data\preprocessed\features\z_v\-WXXTNIJcVM_001.pt
-WXXTNIJcVM_002,mosei_real,0,mosei_-WXXTNIJcVM_002,,,-1,1,1,1,D:\Documents\Programming\Thesis_G10\data\raw\CMU-MOSEI\segments\-WXXTNIJcVM_002.mp4,data\preprocessed\features\z_at\-WXXTNIJcVM_002.pt,data\preprocessed\features\z_v\-WXXTNIJcVM_002.pt
-bl5PfNIYrk_000,mosei_real,0,mosei_-bl5PfNIYrk_000,,,-1,1,1,1,D:\Documents\Programming\Thesis_G10\data\raw\CMU-MOSEI\segments\-bl5PfNIYrk_000.mp4,data\preprocessed\features\z_at\-bl5PfNIYrk_000.pt,data\preprocessed\features\z_v\-bl5PfNIYrk_000.pt
-bl5PfNIYrk_006,mosei_real,0,mosei_-bl5PfNIYrk_006,,,-1,1,1,1,D:\Documents\Programming\Thesis_G10\data\raw\CMU-MOSEI\segments\-bl5PfNIYrk_006.mp4,data\preprocessed\features\z_at\-bl5PfNIYrk_006.pt,data\preprocessed\features\z_v\-bl5PfNIYrk_006.pt
-cEhr0cQcDM_001,mosei_real,0,mosei_-cEhr0cQcDM_001,,,-1,1,1,1,D:\Documents\Programming\Thesis_G10\data\raw\CMU-MOSEI\segments\-cEhr0cQcDM_001.mp4,data\preprocessed\features\z_at\-cEhr0cQcDM_001.pt,data\preprocessed\features\z_v\-cEhr0cQcDM_001.pt
-dZ1TCboxcQ_001,mosei_real,0,mosei_-dZ1TCboxcQ_001,,,-1,1,1,1,D:\Documents\Programming\Thesis_G10\data\raw\CMU-MOSEI\segments\-dZ1TCboxcQ_001.mp4,data\preprocessed\features\z_at\-dZ1TCboxcQ_001.pt,data\preprocessed\features\z_v\-dZ1TCboxcQ_001.pt
-egA8-b7-3M_002,mosei_real,0,mosei_-egA8-b7-3M_002,,,-1,1,1,1,D:\Documents\Programming\Thesis_G10\data\raw\CMU-MOSEI\segments\-egA8-b7-3M_002.mp4,data\preprocessed\features\z_at\-egA8-b7-3M_002.pt,data\preprocessed\features\z_v\-egA8-b7-3M_002.pt
-egA8-b7-3M_004,mosei_real,0,mosei_-egA8-b7-3M_004,,,-1,1,1,1,D:\Documents\Programming\Thesis_G10\data\raw\CMU-MOSEI\segments\-egA8-b7-3M_004.mp4,data\preprocessed\features\z_at\-egA8-b7-3M_004.pt,data\preprocessed\features\z_v\-egA8-b7-3M_004.pt
-egA8-b7-3M_005,mosei_real,0,mosei_-egA8-b7-3M_005,,,-1,1,1,1,D:\Documents\Programming\Thesis_G10\data\raw\CMU-MOSEI\segments\-egA8-b7-3M_005.mp4,data\preprocessed\features\z_at\-egA8-b7-3M_005.pt,data\preprocessed\features\z_v\-egA8-b7-3M_005.pt
-egA8-b7-3M_007,mosei_real,0,mosei_-egA8-b7-3M_007,,,-1,1,1,1,D:\Documents\Programming\Thesis_G10\data\raw\CMU-MOSEI\segments\-egA8-b7-3M_007.mp4,data\preprocessed\features\z_at\-egA8-b7-3M_007.pt,data\preprocessed\features\z_v\-egA8-b7-3M_007.pt
-egA8-b7-3M_008,mosei_real,0,mosei_-egA8-b7-3M_008,,,-1,1,1,1,D:\Documents\Programming\Thesis_G10\data\raw\CMU-MOSEI\segments\-egA8-b7-3M_008.mp4,data\preprocessed\features\z_at\-egA8-b7-3M_008.pt,data\preprocessed\features\z_v\-egA8-b7-3M_008.pt
-egA8-b7-3M_009,mosei_real,0,mosei_-egA8-b7-3M_009,,,-1,1,1,1,D:\Documents\Programming\Thesis_G10\data\raw\CMU-MOSEI\segments\-egA8-b7-3M_009.mp4,data\preprocessed\features\z_at\-egA8-b7-3M_009.pt,data\preprocessed\features\z_v\-egA8-b7-3M_009.pt
-egA8-b7-3M_010,mosei_real,0,mosei_-egA8-b7-3M_010,,,-1,1,1,1,D:\Documents\Programming\Thesis_G10\data\raw\CMU-MOSEI\segments\-egA8-b7-3M_010.mp4,data\preprocessed\features\z_at\-egA8-b7-3M_010.pt,data\preprocessed\features\z_v\-egA8-b7-3M_010.pt
-egA8-b7-3M_012,mosei_real,0,mosei_-egA8-b7-3M_012,,,-1,1,1,1,D:\Documents\Programming\Thesis_G10\data\raw\CMU-MOSEI\segments\-egA8-b7-3M_012.mp4,data\preprocessed\features\z_at\-egA8-b7-3M_012.pt,data\preprocessed\features\z_v\-egA8-b7-3M_012.pt
-egA8-b7-3M_013,mosei_real,0,mosei_-egA8-b7-3M_013,,,-1,1,1,1,D:\Documents\Programming\Thesis_G10\data\raw\CMU-MOSEI\segments\-egA8-b7-3M_013.mp4,data\preprocessed\features\z_at\-egA8-b7-3M_013.pt,data\preprocessed\features\z_v\-egA8-b7-3M_013.pt
-egA8-b7-3M_014,mosei_real,0,mosei_-egA8-b7-3M_014,,,-1,1,1,1,D:\Documents\Programming\Thesis_G10\data\raw\CMU-MOSEI\segments\-egA8-b7-3M_014.mp4,data\preprocessed\features\z_at\-egA8-b7-3M_014.pt,data\preprocessed\features\z_v\-egA8-b7-3M_014.pt
-egA8-b7-3M_016,mosei_real,0,mosei_-egA8-b7-3M_016,,,-1,1,1,1,D:\Documents\Programming\Thesis_G10\data\raw\CMU-MOSEI\segments\-egA8-b7-3M_016.mp4,data\preprocessed\features\z_at\-egA8-b7-3M_016.pt,data\preprocessed\features\z_v\-egA8-b7-3M_016.pt
-hnBHBN8p5A_000,mosei_real,0,mosei_-hnBHBN8p5A_000,,,-1,1,1,1,D:\Documents\Programming\Thesis_G10\data\raw\CMU-MOSEI\segments\-hnBHBN8p5A_000.mp4,data\preprocessed\features\z_at\-hnBHBN8p5A_000.pt,data\preprocessed\features\z_v\-hnBHBN8p5A_000.pt
-hnBHBN8p5A_003,mosei_real,0,mosei_-hnBHBN8p5A_003,,,-1,1,1,1,D:\Documents\Programming\Thesis_G10\data\raw\CMU-MOSEI\segments\-hnBHBN8p5A_003.mp4,data\preprocessed\features\z_at\-hnBHBN8p5A_003.pt,data\preprocessed\features\z_v\-hnBHBN8p5A_003.pt
-hnBHBN8p5A_004,mosei_real,0,mosei_-hnBHBN8p5A_004,,,-1,1,1,1,D:\Documents\Programming\Thesis_G10\data\raw\CMU-MOSEI\segments\-hnBHBN8p5A_004.mp4,data\preprocessed\features\z_at\-hnBHBN8p5A_004.pt,data\preprocessed\features\z_v\-hnBHBN8p5A_004.pt
-iRBcNs9oI8_000,mosei_real,0,mosei_-iRBcNs9oI8_000,,,-1,1,1,1,D:\Documents\Programming\Thesis_G10\data\raw\CMU-MOSEI\segments\-iRBcNs9oI8_000.mp4,data\preprocessed\features\z_at\-iRBcNs9oI8_000.pt,data\preprocessed\features\z_v\-iRBcNs9oI8_000.pt
-iRBcNs9oI8_001,mosei_real,0,mosei_-iRBcNs9oI8_001,,,-1,1,1,1,D:\Documents\Programming\Thesis_G10\data\raw\CMU-MOSEI\segments\-iRBcNs9oI8_001.mp4,data\preprocessed\features\z_at\-iRBcNs9oI8_001.pt,data\preprocessed\features\z_v\-iRBcNs9oI8_001.pt
-iRBcNs9oI8_002,mosei_real,0,mosei_-iRBcNs9oI8_002,,,-1,1,1,1,D:\Documents\Programming\Thesis_G10\data\raw\CMU-MOSEI\segments\-iRBcNs9oI8_002.mp4,data\preprocessed\features\z_at\-iRBcNs9oI8_002.pt,data\preprocessed\features\z_v\-iRBcNs9oI8_002.pt
-iRBcNs9oI8_003,mosei_real,0,mosei_-iRBcNs9oI8_003,,,-1,1,1,1,D:\Documents\Programming\Thesis_G10\data\raw\CMU-MOSEI\segments\-iRBcNs9oI8_003.mp4,data\preprocessed\features\z_at\-iRBcNs9oI8_003.pt,data\preprocessed\features\z_v\-iRBcNs9oI8_003.pt
-iRBcNs9oI8_005,mosei_real,0,mosei_-iRBcNs9oI8_005,,,-1,1,1,1,D:\Documents\Programming\Thesis_G10\data\raw\CMU-MOSEI\segments\-iRBcNs9oI8_005.mp4,data\preprocessed\features\z_at\-iRBcNs9oI8_005.pt,data\preprocessed\features\z_v\-iRBcNs9oI8_005.pt
-iRBcNs9oI8_006,mosei_real,0,mosei_-iRBcNs9oI8_006,,,-1,1,1,1,D:\Documents\Programming\Thesis_G10\data\raw\CMU-MOSEI\segments\-iRBcNs9oI8_006.mp4,data\preprocessed\features\z_at\-iRBcNs9oI8_006.pt,data\preprocessed\features\z_v\-iRBcNs9oI8_006.pt
-iRBcNs9oI8_009,mosei_real,0,mosei_-iRBcNs9oI8_009,,,-1,1,1,1,D:\Documents\Programming\Thesis_G10\data\raw\CMU-MOSEI\segments\-iRBcNs9oI8_009.mp4,data\preprocessed\features\z_at\-iRBcNs9oI8_009.pt,data\preprocessed\features\z_v\-iRBcNs9oI8_009.pt
-l_53IwQoj0_000,mosei_real,0,mosei_-l_53IwQoj0_000,,,-1,1,1,1,D:\Documents\Programming\Thesis_G10\data\raw\CMU-MOSEI\segments\-l_53IwQoj0_000.mp4,data\preprocessed\features\z_at\-l_53IwQoj0_000.pt,data\preprocessed\features\z_v\-l_53IwQoj0_000.pt
-lqc32Zpr7M_000,mosei_real,0,mosei_-lqc32Zpr7M_000,,,-1,1,1,1,D:\Documents\Programming\Thesis_G10\data\raw\CMU-MOSEI\segments\-lqc32Zpr7M_000.mp4,data\preprocessed\features\z_at\-lqc32Zpr7M_000.pt,data\preprocessed\features\z_v\-lqc32Zpr7M_000.pt
-lqc32Zpr7M_003,mosei_real,0,mosei_-lqc32Zpr7M_003,,,-1,1,1,1,D:\Documents\Programming\Thesis_G10\data\raw\CMU-MOSEI\segments\-lqc32Zpr7M_003.mp4,data\preprocessed\features\z_at\-lqc32Zpr7M_003.pt,data\preprocessed\features\z_v\-lqc32Zpr7M_003.pt
-m9KtvCk_L8_000,mosei_real,0,mosei_-m9KtvCk_L8_000,,,-1,1,1,1,D:\Documents\Programming\Thesis_G10\data\raw\CMU-MOSEI\segments\-m9KtvCk_L8_000.mp4,data\preprocessed\features\z_at\-m9KtvCk_L8_000.pt,data\preprocessed\features\z_v\-m9KtvCk_L8_000.pt
-m9KtvCk_L8_001,mosei_real,0,mosei_-m9KtvCk_L8_001,,,-1,1,1,1,D:\Documents\Programming\Thesis_G10\data\raw\CMU-MOSEI\segments\-m9KtvCk_L8_001.mp4,data\preprocessed\features\z_at\-m9KtvCk_L8_001.pt,data\preprocessed\features\z_v\-m9KtvCk_L8_001.pt
-m9KtvCk_L8_002,mosei_real,0,mosei_-m9KtvCk_L8_002,,,-1,1,1,1,D:\Documents\Programming\Thesis_G10\data\raw\CMU-MOSEI\segments\-m9KtvCk_L8_002.mp4,data\preprocessed\features\z_at\-m9KtvCk_L8_002.pt,data\preprocessed\features\z_v\-m9KtvCk_L8_002.pt
-mJ2ud6oKI8_000,mosei_real,0,mosei_-mJ2ud6oKI8_000,,,-1,1,1,1,D:\Documents\Programming\Thesis_G10\data\raw\CMU-MOSEI\segments\-mJ2ud6oKI8_000.mp4,data\preprocessed\features\z_at\-mJ2ud6oKI8_000.pt,data\preprocessed\features\z_v\-mJ2ud6oKI8_000.pt
-mJ2ud6oKI8_001,mosei_real,0,mosei_-mJ2ud6oKI8_001,,,-1,1,1,1,D:\Documents\Programming\Thesis_G10\data\raw\CMU-MOSEI\segments\-mJ2ud6oKI8_001.mp4,data\preprocessed\features\z_at\-mJ2ud6oKI8_001.pt,data\preprocessed\features\z_v\-mJ2ud6oKI8_001.pt
-mJ2ud6oKI8_002,mosei_real,0,mosei_-mJ2ud6oKI8_002,,,-1,1,1,1,D:\Documents\Programming\Thesis_G10\data\raw\CMU-MOSEI\segments\-mJ2ud6oKI8_002.mp4,data\preprocessed\features\z_at\-mJ2ud6oKI8_002.pt,data\preprocessed\features\z_v\-mJ2ud6oKI8_002.pt
-mJ2ud6oKI8_003,mosei_real,0,mosei_-mJ2ud6oKI8_003,,,-1,1,1,1,D:\Documents\Programming\Thesis_G10\data\raw\CMU-MOSEI\segments\-mJ2ud6oKI8_003.mp4,data\preprocessed\features\z_at\-mJ2ud6oKI8_003.pt,data\preprocessed\features\z_v\-mJ2ud6oKI8_003.pt
-mJ2ud6oKI8_005,mosei_real,0,mosei_-mJ2ud6oKI8_005,,,-1,1,1,1,D:\Documents\Programming\Thesis_G10\data\raw\CMU-MOSEI\segments\-mJ2ud6oKI8_005.mp4,data\preprocessed\features\z_at\-mJ2ud6oKI8_005.pt,data\preprocessed\features\z_v\-mJ2ud6oKI8_005.pt
-mJ2ud6oKI8_006,mosei_real,0,mosei_-mJ2ud6oKI8_006,,,-1,1,1,1,D:\Documents\Programming\Thesis_G10\data\raw\CMU-MOSEI\segments\-mJ2ud6oKI8_006.mp4,data\preprocessed\features\z_at\-mJ2ud6oKI8_006.pt,data\preprocessed\features\z_v\-mJ2ud6oKI8_006.pt
-mqbVkbCndg_000,mosei_real,0,mosei_-mqbVkbCndg_000,,,-1,1,1,1,D:\Documents\Programming\Thesis_G10\data\raw\CMU-MOSEI\segments\-mqbVkbCndg_000.mp4,data\preprocessed\features\z_at\-mqbVkbCndg_000.pt,data\preprocessed\features\z_v\-mqbVkbCndg_000.pt
-mqbVkbCndg_001,mosei_real,0,mosei_-mqbVkbCndg_001,,,-1,1,1,1,D:\Documents\Programming\Thesis_G10\data\raw\CMU-MOSEI\segments\-mqbVkbCndg_001.mp4,data\preprocessed\features\z_at\-mqbVkbCndg_001.pt,data\preprocessed\features\z_v\-mqbVkbCndg_001.pt
-mqbVkbCndg_002,mosei_real,0,mosei_-mqbVkbCndg_002,,,-1,1,1,1,D:\Documents\Programming\Thesis_G10\data\raw\CMU-MOSEI\segments\-mqbVkbCndg_002.mp4,data\preprocessed\features\z_at\-mqbVkbCndg_002.pt,data\preprocessed\features\z_v\-mqbVkbCndg_002.pt
-ri04Z7vwnc_000,mosei_real,0,mosei_-ri04Z7vwnc_000,,,-1,1,1,1,D:\Documents\Programming\Thesis_G10\data\raw\CMU-MOSEI\segments\-ri04Z7vwnc_000.mp4,data\preprocessed\features\z_at\-ri04Z7vwnc_000.pt,data\preprocessed\features\z_v\-ri04Z7vwnc_000.pt
-ri04Z7vwnc_005,mosei_real,0,mosei_-ri04Z7vwnc_005,,,-1,1,1,1,D:\Documents\Programming\Thesis_G10\data\raw\CMU-MOSEI\segments\-ri04Z7vwnc_005.mp4,data\preprocessed\features\z_at\-ri04Z7vwnc_005.pt,data\preprocessed\features\z_v\-ri04Z7vwnc_005.pt
-s9qJ7ATP7w_000,mosei_real,0,mosei_-s9qJ7ATP7w_000,,,-1,1,1,1,D:\Documents\Programming\Thesis_G10\data\raw\CMU-MOSEI\segments\-s9qJ7ATP7w_000.mp4,data\preprocessed\features\z_at\-s9qJ7ATP7w_000.pt,data\preprocessed\features\z_v\-s9qJ7ATP7w_000.pt
-s9qJ7ATP7w_001,mosei_real,0,mosei_-s9qJ7ATP7w_001,,,-1,1,1,1,D:\Documents\Programming\Thesis_G10\data\raw\CMU-MOSEI\segments\-s9qJ7ATP7w_001.mp4,data\preprocessed\features\z_at\-s9qJ7ATP7w_001.pt,data\preprocessed\features\z_v\-s9qJ7ATP7w_001.pt
-s9qJ7ATP7w_003,mosei_real,0,mosei_-s9qJ7ATP7w_003,,,-1,1,1,1,D:\Documents\Programming\Thesis_G10\data\raw\CMU-MOSEI\segments\-s9qJ7ATP7w_003.mp4,data\preprocessed\features\z_at\-s9qJ7ATP7w_003.pt,data\preprocessed\features\z_v\-s9qJ7ATP7w_003.pt
-s9qJ7ATP7w_006,mosei_real,0,mosei_-s9qJ7ATP7w_006,,,-1,1,1,1,D:\Documents\Programming\Thesis_G10\data\raw\CMU-MOSEI\segments\-s9qJ7ATP7w_006.mp4,data\preprocessed\features\z_at\-s9qJ7ATP7w_006.pt,data\preprocessed\features\z_v\-s9qJ7ATP7w_006.pt
-s9qJ7ATP7w_007,mosei_real,0,mosei_-s9qJ7ATP7w_007,,,-1,1,1,1,D:\Documents\Programming\Thesis_G10\data\raw\CMU-MOSEI\segments\-s9qJ7ATP7w_007.mp4,data\preprocessed\features\z_at\-s9qJ7ATP7w_007.pt,data\preprocessed\features\z_v\-s9qJ7ATP7w_007.pt
-s9qJ7ATP7w_008,mosei_real,0,mosei_-s9qJ7ATP7w_008,,,-1,1,1,1,D:\Documents\Programming\Thesis_G10\data\raw\CMU-MOSEI\segments\-s9qJ7ATP7w_008.mp4,data\preprocessed\features\z_at\-s9qJ7ATP7w_008.pt,data\preprocessed\features\z_v\-s9qJ7ATP7w_008.pt
-s9qJ7ATP7w_009,mosei_real,0,mosei_-s9qJ7ATP7w_009,,,-1,1,1,1,D:\Documents\Programming\Thesis_G10\data\raw\CMU-MOSEI\segments\-s9qJ7ATP7w_009.mp4,data\preprocessed\features\z_at\-s9qJ7ATP7w_009.pt,data\preprocessed\features\z_v\-s9qJ7ATP7w_009.pt
-t217m2on-s_000,mosei_real,0,mosei_-t217m2on-s_000,,,-1,1,1,1,D:\Documents\Programming\Thesis_G10\data\raw\CMU-MOSEI\segments\-t217m2on-s_000.mp4,data\preprocessed\features\z_at\-t217m2on-s_000.pt,data\preprocessed\features\z_v\-t217m2on-s_000.pt
-tANM6ETl_M_001,mosei_real,0,mosei_-tANM6ETl_M_001,,,-1,1,1,1,D:\Documents\Programming\Thesis_G10\data\raw\CMU-MOSEI\segments\-tANM6ETl_M_001.mp4,data\preprocessed\features\z_at\-tANM6ETl_M_001.pt,data\preprocessed\features\z_v\-tANM6ETl_M_001.pt
-tPCytz4rww_000,mosei_real,0,mosei_-tPCytz4rww_000,,,-1,1,1,1,D:\Documents\Programming\Thesis_G10\data\raw\CMU-MOSEI\segments\-tPCytz4rww_000.mp4,data\preprocessed\features\z_at\-tPCytz4rww_000.pt,data\preprocessed\features\z_v\-tPCytz4rww_000.pt
-tPCytz4rww_001,mosei_real,0,mosei_-tPCytz4rww_001,,,-1,1,1,1,D:\Documents\Programming\Thesis_G10\data\raw\CMU-MOSEI\segments\-tPCytz4rww_001.mp4,data\preprocessed\features\z_at\-tPCytz4rww_001.pt,data\preprocessed\features\z_v\-tPCytz4rww_001.pt
-tPCytz4rww_003,mosei_real,0,mosei_-tPCytz4rww_003,,,-1,1,1,1,D:\Documents\Programming\Thesis_G10\data\raw\CMU-MOSEI\segments\-tPCytz4rww_003.mp4,data\preprocessed\features\z_at\-tPCytz4rww_003.pt,data\preprocessed\features\z_v\-tPCytz4rww_003.pt
-tPCytz4rww_005,mosei_real,0,mosei_-tPCytz4rww_005,,,-1,1,1,1,D:\Documents\Programming\Thesis_G10\data\raw\CMU-MOSEI\segments\-tPCytz4rww_005.mp4,data\preprocessed\features\z_at\-tPCytz4rww_005.pt,data\preprocessed\features\z_v\-tPCytz4rww_005.pt
-uywlfIYOS8_000,mosei_real,0,mosei_-uywlfIYOS8_000,,,-1,1,1,1,D:\Documents\Programming\Thesis_G10\data\raw\CMU-MOSEI\segments\-uywlfIYOS8_000.mp4,data\preprocessed\features\z_at\-uywlfIYOS8_000.pt,data\preprocessed\features\z_v\-uywlfIYOS8_000.pt
-wny0OAz3g8_001,mosei_real,0,mosei_-wny0OAz3g8_001,,,-1,1,1,1,D:\Documents\Programming\Thesis_G10\data\raw\CMU-MOSEI\segments\-wny0OAz3g8_001.mp4,data\preprocessed\features\z_at\-wny0OAz3g8_001.pt,data\preprocessed\features\z_v\-wny0OAz3g8_001.pt
-wny0OAz3g8_004,mosei_real,0,mosei_-wny0OAz3g8_004,,,-1,1,1,1,D:\Documents\Programming\Thesis_G10\data\raw\CMU-MOSEI\segments\-wny0OAz3g8_004.mp4,data\preprocessed\features\z_at\-wny0OAz3g8_004.pt,data\preprocessed\features\z_v\-wny0OAz3g8_004.pt
-wny0OAz3g8_005,mosei_real,0,mosei_-wny0OAz3g8_005,,,-1,1,1,1,D:\Documents\Programming\Thesis_G10\data\raw\CMU-MOSEI\segments\-wny0OAz3g8_005.mp4,data\preprocessed\features\z_at\-wny0OAz3g8_005.pt,data\preprocessed\features\z_v\-wny0OAz3g8_005.pt
-wny0OAz3g8_006,mosei_real,0,mosei_-wny0OAz3g8_006,,,-1,1,1,1,D:\Documents\Programming\Thesis_G10\data\raw\CMU-MOSEI\segments\-wny0OAz3g8_006.mp4,data\preprocessed\features\z_at\-wny0OAz3g8_006.pt,data\preprocessed\features\z_v\-wny0OAz3g8_006.pt
-wny0OAz3g8_007,mosei_real,0,mosei_-wny0OAz3g8_007,,,-1,1,1,1,D:\Documents\Programming\Thesis_G10\data\raw\CMU-MOSEI\segments\-wny0OAz3g8_007.mp4,data\preprocessed\features\z_at\-wny0OAz3g8_007.pt,data\preprocessed\features\z_v\-wny0OAz3g8_007.pt
-yRb-Jum7EQ_002,mosei_real,0,mosei_-yRb-Jum7EQ_002,,,-1,1,1,1,D:\Documents\Programming\Thesis_G10\data\raw\CMU-MOSEI\segments\-yRb-Jum7EQ_002.mp4,data\preprocessed\features\z_at\-yRb-Jum7EQ_002.pt,data\preprocessed\features\z_v\-yRb-Jum7EQ_002.pt
03X1FwF6udc_001,mosei_real,0,mosei_03X1FwF6udc_001,,,-1,1,1,1,D:\Documents\Programming\Thesis_G10\data\raw\CMU-MOSEI\segments\03X1FwF6udc_001.mp4,data\preprocessed\features\z_at\03X1FwF6udc_001.pt,data\preprocessed\features\z_v\03X1FwF6udc_001.pt
03X1FwF6udc_002,mosei_real,0,mosei_03X1FwF6udc_002,,,-1,1,1,1,D:\Documents\Programming\Thesis_G10\data\raw\CMU-MOSEI\segments\03X1FwF6udc_002.mp4,data\preprocessed\features\z_at\03X1FwF6udc_002.pt,data\preprocessed\features\z_v\03X1FwF6udc_002.pt
03X1FwF6udc_006,mosei_real,0,mosei_03X1FwF6udc_006,,,-1,1,1,1,D:\Documents\Programming\Thesis_G10\data\raw\CMU-MOSEI\segments\03X1FwF6udc_006.mp4,data\preprocessed\features\z_at\03X1FwF6udc_006.pt,data\preprocessed\features\z_v\03X1FwF6udc_006.pt
06st0Ez_E_I_001,mosei_real,0,mosei_06st0Ez_E_I_001,,,-1,1,1,1,D:\Documents\Programming\Thesis_G10\data\raw\CMU-MOSEI\segments\06st0Ez_E_I_001.mp4,data\preprocessed\features\z_at\06st0Ez_E_I_001.pt,data\preprocessed\features\z_v\06st0Ez_E_I_001.pt
08d4NTXkSxw_000,mosei_real,0,mosei_08d4NTXkSxw_000,,,-1,1,1,1,D:\Documents\Programming\Thesis_G10\data\raw\CMU-MOSEI\segments\08d4NTXkSxw_000.mp4,data\preprocessed\features\z_at\08d4NTXkSxw_000.pt,data\preprocessed\features\z_v\08d4NTXkSxw_000.pt
0AA-wmk8WdA_000,mosei_real,0,mosei_0AA-wmk8WdA_000,,,-1,1,1,1,D:\Documents\Programming\Thesis_G10\data\raw\CMU-MOSEI\segments\0AA-wmk8WdA_000.mp4,data\preprocessed\features\z_at\0AA-wmk8WdA_000.pt,data\preprocessed\features\z_v\0AA-wmk8WdA_000.pt
0AA-wmk8WdA_001,mosei_real,0,mosei_0AA-wmk8WdA_001,,,-1,1,1,1,D:\Documents\Programming\Thesis_G10\data\raw\CMU-MOSEI\segments\0AA-wmk8WdA_001.mp4,data\preprocessed\features\z_at\0AA-wmk8WdA_001.pt,data\preprocessed\features\z_v\0AA-wmk8WdA_001.pt
0BVed2nBq1g_000,mosei_real,0,mosei_0BVed2nBq1g_000,,,-1,1,1,1,D:\Documents\Programming\Thesis_G10\data\raw\CMU-MOSEI\segments\0BVed2nBq1g_000.mp4,data\preprocessed\features\z_at\0BVed2nBq1g_000.pt,data\preprocessed\features\z_v\0BVed2nBq1g_000.pt
0BVed2nBq1g_003,mosei_real,0,mosei_0BVed2nBq1g_003,,,-1,1,1,1,D:\Documents\Programming\Thesis_G10\data\raw\CMU-MOSEI\segments\0BVed2nBq1g_003.mp4,data\preprocessed\features\z_at\0BVed2nBq1g_003.pt,data\preprocessed\features\z_v\0BVed2nBq1g_003.pt
0BVed2nBq1g_004,mosei_real,0,mosei_0BVed2nBq1g_004,,,-1,1,1,1,D:\Documents\Programming\Thesis_G10\data\raw\CMU-MOSEI\segments\0BVed2nBq1g_004.mp4,data\preprocessed\features\z_at\0BVed2nBq1g_004.pt,data\preprocessed\features\z_v\0BVed2nBq1g_004.pt
0BVed2nBq1g_005,mosei_real,0,mosei_0BVed2nBq1g_005,,,-1,1,1,1,D:\Documents\Programming\Thesis_G10\data\raw\CMU-MOSEI\segments\0BVed2nBq1g_005.mp4,data\preprocessed\features\z_at\0BVed2nBq1g_005.pt,data\preprocessed\features\z_v\0BVed2nBq1g_005.pt
0BVed2nBq1g_006,mosei_real,0,mosei_0BVed2nBq1g_006,,,-1,1,1,1,D:\Documents\Programming\Thesis_G10\data\raw\CMU-MOSEI\segments\0BVed2nBq1g_006.mp4,data\preprocessed\features\z_at\0BVed2nBq1g_006.pt,data\preprocessed\features\z_v\0BVed2nBq1g_006.pt
0EAAfLCQabY_000,mosei_real,0,mosei_0EAAfLCQabY_000,,,-1,1,1,1,D:\Documents\Programming\Thesis_G10\data\raw\CMU-MOSEI\segments\0EAAfLCQabY_000.mp4,data\preprocessed\features\z_at\0EAAfLCQabY_000.pt,data\preprocessed\features\z_v\0EAAfLCQabY_000.pt
0EAAfLCQabY_001,mosei_real,0,mosei_0EAAfLCQabY_001,,,-1,1,1,1,D:\Documents\Programming\Thesis_G10\data\raw\CMU-MOSEI\segments\0EAAfLCQabY_001.mp4,data\preprocessed\features\z_at\0EAAfLCQabY_001.pt,data\preprocessed\features\z_v\0EAAfLCQabY_001.pt
0EphpADwdPg_004,mosei_real,0,mosei_0EphpADwdPg_004,,,-1,1,1,1,D:\Documents\Programming\Thesis_G10\data\raw\CMU-MOSEI\segments\0EphpADwdPg_004.mp4,data\preprocessed\features\z_at\0EphpADwdPg_004.pt,data\preprocessed\features\z_v\0EphpADwdPg_004.pt
0FA32bEZ6xI_001,mosei_real,0,mosei_0FA32bEZ6xI_001,,,-1,1,1,1,D:\Documents\Programming\Thesis_G10\data\raw\CMU-MOSEI\segments\0FA32bEZ6xI_001.mp4,data\preprocessed\features\z_at\0FA32bEZ6xI_001.pt,data\preprocessed\features\z_v\0FA32bEZ6xI_001.pt
0FA32bEZ6xI_004,mosei_real,0,mosei_0FA32bEZ6xI_004,,,-1,1,1,1,D:\Documents\Programming\Thesis_G10\data\raw\CMU-MOSEI\segments\0FA32bEZ6xI_004.mp4,data\preprocessed\features\z_at\0FA32bEZ6xI_004.pt,data\preprocessed\features\z_v\0FA32bEZ6xI_004.pt
0FA32bEZ6xI_006,mosei_real,0,mosei_0FA32bEZ6xI_006,,,-1,1,1,1,D:\Documents\Programming\Thesis_G10\data\raw\CMU-MOSEI\segments\0FA32bEZ6xI_006.mp4,data\preprocessed\features\z_at\0FA32bEZ6xI_006.pt,data\preprocessed\features\z_v\0FA32bEZ6xI_006.pt
0FA32bEZ6xI_008,mosei_real,0,mosei_0FA32bEZ6xI_008,,,-1,1,1,1,D:\Documents\Programming\Thesis_G10\data\raw\CMU-MOSEI\segments\0FA32bEZ6xI_008.mp4,data\preprocessed\features\z_at\0FA32bEZ6xI_008.pt,data\preprocessed\features\z_v\0FA32bEZ6xI_008.pt
0FA32bEZ6xI_010,mosei_real,0,mosei_0FA32bEZ6xI_010,,,-1,1,1,1,D:\Documents\Programming\Thesis_G10\data\raw\CMU-MOSEI\segments\0FA32bEZ6xI_010.mp4,data\preprocessed\features\z_at\0FA32bEZ6xI_010.pt,data\preprocessed\features\z_v\0FA32bEZ6xI_010.pt
0FA32bEZ6xI_012,mosei_real,0,mosei_0FA32bEZ6xI_012,,,-1,1,1,1,D:\Documents\Programming\Thesis_G10\data\raw\CMU-MOSEI\segments\0FA32bEZ6xI_012.mp4,data\preprocessed\features\z_at\0FA32bEZ6xI_012.pt,data\preprocessed\features\z_v\0FA32bEZ6xI_012.pt
0FA32bEZ6xI_014,mosei_real,0,mosei_0FA32bEZ6xI_014,,,-1,1,1,1,D:\Documents\Programming\Thesis_G10\data\raw\CMU-MOSEI\segments\0FA32bEZ6xI_014.mp4,data\preprocessed\features\z_at\0FA32bEZ6xI_014.pt,data\preprocessed\features\z_v\0FA32bEZ6xI_014.pt
0FA32bEZ6xI_016,mosei_real,0,mosei_0FA32bEZ6xI_016,,,-1,1,1,1,D:\Documents\Programming\Thesis_G10\data\raw\CMU-MOSEI\segments\0FA32bEZ6xI_016.mp4,data\preprocessed\features\z_at\0FA32bEZ6xI_016.pt,data\preprocessed\features\z_v\0FA32bEZ6xI_016.pt
0FA32bEZ6xI_021,mosei_real,0,mosei_0FA32bEZ6xI_021,,,-1,1,1,1,D:\Documents\Programming\Thesis_G10\data\raw\CMU-MOSEI\segments\0FA32bEZ6xI_021.mp4,data\preprocessed\features\z_at\0FA32bEZ6xI_021.pt,data\preprocessed\features\z_v\0FA32bEZ6xI_021.pt
0FA32bEZ6xI_022,mosei_real,0,mosei_0FA32bEZ6xI_022,,,-1,1,1,1,D:\Documents\Programming\Thesis_G10\data\raw\CMU-MOSEI\segments\0FA32bEZ6xI_022.mp4,data\preprocessed\features\z_at\0FA32bEZ6xI_022.pt,data\preprocessed\features\z_v\0FA32bEZ6xI_022.pt
0FA32bEZ6xI_023,mosei_real,0,mosei_0FA32bEZ6xI_023,,,-1,1,1,1,D:\Documents\Programming\Thesis_G10\data\raw\CMU-MOSEI\segments\0FA32bEZ6xI_023.mp4,data\preprocessed\features\z_at\0FA32bEZ6xI_023.pt,data\preprocessed\features\z_v\0FA32bEZ6xI_023.pt
0FA32bEZ6xI_026,mosei_real,0,mosei_0FA32bEZ6xI_026,,,-1,1,1,1,D:\Documents\Programming\Thesis_G10\data\raw\CMU-MOSEI\segments\0FA32bEZ6xI_026.mp4,data\preprocessed\features\z_at\0FA32bEZ6xI_026.pt,data\preprocessed\features\z_v\0FA32bEZ6xI_026.pt
0FA32bEZ6xI_027,mosei_real,0,mosei_0FA32bEZ6xI_027,,,-1,1,1,1,D:\Documents\Programming\Thesis_G10\data\raw\CMU-MOSEI\segments\0FA32bEZ6xI_027.mp4,data\preprocessed\features\z_at\0FA32bEZ6xI_027.pt,data\preprocessed\features\z_v\0FA32bEZ6xI_027.pt
0K7dCp80n9c_000,mosei_real,0,mosei_0K7dCp80n9c_000,,,-1,1,1,1,D:\Documents\Programming\Thesis_G10\data\raw\CMU-MOSEI\segments\0K7dCp80n9c_000.mp4,data\preprocessed\features\z_at\0K7dCp80n9c_000.pt,data\preprocessed\features\z_v\0K7dCp80n9c_000.pt
0K7dCp80n9c_001,mosei_real,0,mosei_0K7dCp80n9c_001,,,-1,1,1,1,D:\Documents\Programming\Thesis_G10\data\raw\CMU-MOSEI\segments\0K7dCp80n9c_001.mp4,data\preprocessed\features\z_at\0K7dCp80n9c_001.pt,data\preprocessed\features\z_v\0K7dCp80n9c_001.pt
0K7dCp80n9c_004,mosei_real,0,mosei_0K7dCp80n9c_004,,,-1,1,1,1,D:\Documents\Programming\Thesis_G10\data\raw\CMU-MOSEI\segments\0K7dCp80n9c_004.mp4,data\preprocessed\features\z_at\0K7dCp80n9c_004.pt,data\preprocessed\features\z_v\0K7dCp80n9c_004.pt
0K7dCp80n9c_006,mosei_real,0,mosei_0K7dCp80n9c_006,,,-1,1,1,1,D:\Documents\Programming\Thesis_G10\data\raw\CMU-MOSEI\segments\0K7dCp80n9c_006.mp4,data\preprocessed\features\z_at\0K7dCp80n9c_006.pt,data\preprocessed\features\z_v\0K7dCp80n9c_006.pt
0K7dCp80n9c_007,mosei_real,0,mosei_0K7dCp80n9c_007,,,-1,1,1,1,D:\Documents\Programming\Thesis_G10\data\raw\CMU-MOSEI\segments\0K7dCp80n9c_007.mp4,data\preprocessed\features\z_at\0K7dCp80n9c_007.pt,data\preprocessed\features\z_v\0K7dCp80n9c_007.pt
0OC3wf9x3zQ_000,mosei_real,0,mosei_0OC3wf9x3zQ_000,,,-1,1,1,1,D:\Documents\Programming\Thesis_G10\data\raw\CMU-MOSEI\segments\0OC3wf9x3zQ_000.mp4,data\preprocessed\features\z_at\0OC3wf9x3zQ_000.pt,data\preprocessed\features\z_v\0OC3wf9x3zQ_000.pt
0OC3wf9x3zQ_001,mosei_real,0,mosei_0OC3wf9x3zQ_001,,,-1,1,1,1,D:\Documents\Programming\Thesis_G10\data\raw\CMU-MOSEI\segments\0OC3wf9x3zQ_001.mp4,data\preprocessed\features\z_at\0OC3wf9x3zQ_001.pt,data\preprocessed\features\z_v\0OC3wf9x3zQ_001.pt
0OC3wf9x3zQ_002,mosei_real,0,mosei_0OC3wf9x3zQ_002,,,-1,1,1,1,D:\Documents\Programming\Thesis_G10\data\raw\CMU-MOSEI\segments\0OC3wf9x3zQ_002.mp4,data\preprocessed\features\z_at\0OC3wf9x3zQ_002.pt,data\preprocessed\features\z_v\0OC3wf9x3zQ_002.pt
0OC3wf9x3zQ_004,mosei_real,0,mosei_0OC3wf9x3zQ_004,,,-1,1,1,1,D:\Documents\Programming\Thesis_G10\data\raw\CMU-MOSEI\segments\0OC3wf9x3zQ_004.mp4,data\preprocessed\features\z_at\0OC3wf9x3zQ_004.pt,data\preprocessed\features\z_v\0OC3wf9x3zQ_004.pt
0OC3wf9x3zQ_007,mosei_real,0,mosei_0OC3wf9x3zQ_007,,,-1,1,1,1,D:\Documents\Programming\Thesis_G10\data\raw\CMU-MOSEI\segments\0OC3wf9x3zQ_007.mp4,data\preprocessed\features\z_at\0OC3wf9x3zQ_007.pt,data\preprocessed\features\z_v\0OC3wf9x3zQ_007.pt
0OC3wf9x3zQ_010,mosei_real,0,mosei_0OC3wf9x3zQ_010,,,-1,1,1,1,D:\Documents\Programming\Thesis_G10\data\raw\CMU-MOSEI\segments\0OC3wf9x3zQ_010.mp4,data\preprocessed\features\z_at\0OC3wf9x3zQ_010.pt,data\preprocessed\features\z_v\0OC3wf9x3zQ_010.pt
0OXeN3MhFeA_001,mosei_real,0,mosei_0OXeN3MhFeA_001,,,-1,1,1,1,D:\Documents\Programming\Thesis_G10\data\raw\CMU-MOSEI\segments\0OXeN3MhFeA_001.mp4,data\preprocessed\features\z_at\0OXeN3MhFeA_001.pt,data\preprocessed\features\z_v\0OXeN3MhFeA_001.pt
0OXeN3MhFeA_002,mosei_real,0,mosei_0OXeN3MhFeA_002,,,-1,1,1,1,D:\Documents\Programming\Thesis_G10\data\raw\CMU-MOSEI\segments\0OXeN3MhFeA_002.mp4,data\preprocessed\features\z_at\0OXeN3MhFeA_002.pt,data\preprocessed\features\z_v\0OXeN3MhFeA_002.pt
0OXeN3MhFeA_003,mosei_real,0,mosei_0OXeN3MhFeA_003,,,-1,1,1,1,D:\Documents\Programming\Thesis_G10\data\raw\CMU-MOSEI\segments\0OXeN3MhFeA_003.mp4,data\preprocessed\features\z_at\0OXeN3MhFeA_003.pt,data\preprocessed\features\z_v\0OXeN3MhFeA_003.pt
0OXeN3MhFeA_004,mosei_real,0,mosei_0OXeN3MhFeA_004,,,-1,1,1,1,D:\Documents\Programming\Thesis_G10\data\raw\CMU-MOSEI\segments\0OXeN3MhFeA_004.mp4,data\preprocessed\features\z_at\0OXeN3MhFeA_004.pt,data\preprocessed\features\z_v\0OXeN3MhFeA_004.pt
0OXeN3MhFeA_006,mosei_real,0,mosei_0OXeN3MhFeA_006,,,-1,1,1,1,D:\Documents\Programming\Thesis_G10\data\raw\CMU-MOSEI\segments\0OXeN3MhFeA_006.mp4,data\preprocessed\features\z_at\0OXeN3MhFeA_006.pt,data\preprocessed\features\z_v\0OXeN3MhFeA_006.pt
0PlQc98SccA_001,mosei_real,0,mosei_0PlQc98SccA_001,,,-1,1,1,1,D:\Documents\Programming\Thesis_G10\data\raw\CMU-MOSEI\segments\0PlQc98SccA_001.mp4,data\preprocessed\features\z_at\0PlQc98SccA_001.pt,data\preprocessed\features\z_v\0PlQc98SccA_001.pt
0PlQc98SccA_002,mosei_real,0,mosei_0PlQc98SccA_002,,,-1,1,1,1,D:\Documents\Programming\Thesis_G10\data\raw\CMU-MOSEI\segments\0PlQc98SccA_002.mp4,data\preprocessed\features\z_at\0PlQc98SccA_002.pt,data\preprocessed\features\z_v\0PlQc98SccA_002.pt
0WIwQgH4lKg_000,mosei_real,0,mosei_0WIwQgH4lKg_000,,,-1,1,1,1,D:\Documents\Programming\Thesis_G10\data\raw\CMU-MOSEI\segments\0WIwQgH4lKg_000.mp4,data\preprocessed\features\z_at\0WIwQgH4lKg_000.pt,data\preprocessed\features\z_v\0WIwQgH4lKg_000.pt
0WIwQgH4lKg_002,mosei_real,0,mosei_0WIwQgH4lKg_002,,,-1,1,1,1,D:\Documents\Programming\Thesis_G10\data\raw\CMU-MOSEI\segments\0WIwQgH4lKg_002.mp4,data\preprocessed\features\z_at\0WIwQgH4lKg_002.pt,data\preprocessed\features\z_v\0WIwQgH4lKg_002.pt
0WIwQgH4lKg_003,mosei_real,0,mosei_0WIwQgH4lKg_003,,,-1,1,1,1,D:\Documents\Programming\Thesis_G10\data\raw\CMU-MOSEI\segments\0WIwQgH4lKg_003.mp4,data\preprocessed\features\z_at\0WIwQgH4lKg_003.pt,data\preprocessed\features\z_v\0WIwQgH4lKg_003.pt
0WIwQgH4lKg_005,mosei_real,0,mosei_0WIwQgH4lKg_005,,,-1,1,1,1,D:\Documents\Programming\Thesis_G10\data\raw\CMU-MOSEI\segments\0WIwQgH4lKg_005.mp4,data\preprocessed\features\z_at\0WIwQgH4lKg_005.pt,data\preprocessed\features\z_v\0WIwQgH4lKg_005.pt
0Xs8wJrAmxs_003,mosei_real,0,mosei_0Xs8wJrAmxs_003,,,-1,1,1,1,D:\Documents\Programming\Thesis_G10\data\raw\CMU-MOSEI\segments\0Xs8wJrAmxs_003.mp4,data\preprocessed\features\z_at\0Xs8wJrAmxs_003.pt,data\preprocessed\features\z_v\0Xs8wJrAmxs_003.pt
0YdYFtVdlWE_000,mosei_real,0,mosei_0YdYFtVdlWE_000,,,-1,1,1,1,D:\Documents\Programming\Thesis_G10\data\raw\CMU-MOSEI\segments\0YdYFtVdlWE_000.mp4,data\preprocessed\features\z_at\0YdYFtVdlWE_000.pt,data\preprocessed\features\z_v\0YdYFtVdlWE_000.pt
0YdYFtVdlWE_001,mosei_real,0,mosei_0YdYFtVdlWE_001,,,-1,1,1,1,D:\Documents\Programming\Thesis_G10\data\raw\CMU-MOSEI\segments\0YdYFtVdlWE_001.mp4,data\preprocessed\features\z_at\0YdYFtVdlWE_001.pt,data\preprocessed\features\z_v\0YdYFtVdlWE_001.pt
0YdYFtVdlWE_002,mosei_real,0,mosei_0YdYFtVdlWE_002,,,-1,1,1,1,D:\Documents\Programming\Thesis_G10\data\raw\CMU-MOSEI\segments\0YdYFtVdlWE_002.mp4,data\preprocessed\features\z_at\0YdYFtVdlWE_002.pt,data\preprocessed\features\z_v\0YdYFtVdlWE_002.pt
0YdYFtVdlWE_003,mosei_real,0,mosei_0YdYFtVdlWE_003,,,-1,1,1,1,D:\Documents\Programming\Thesis_G10\data\raw\CMU-MOSEI\segments\0YdYFtVdlWE_003.mp4,data\preprocessed\features\z_at\0YdYFtVdlWE_003.pt,data\preprocessed\features\z_v\0YdYFtVdlWE_003.pt
0YdYFtVdlWE_005,mosei_real,0,mosei_0YdYFtVdlWE_005,,,-1,1,1,1,D:\Documents\Programming\Thesis_G10\data\raw\CMU-MOSEI\segments\0YdYFtVdlWE_005.mp4,data\preprocessed\features\z_at\0YdYFtVdlWE_005.pt,data\preprocessed\features\z_v\0YdYFtVdlWE_005.pt
0YdYFtVdlWE_008,mosei_real,0,mosei_0YdYFtVdlWE_008,,,-1,1,1,1,D:\Documents\Programming\Thesis_G10\data\raw\CMU-MOSEI\segments\0YdYFtVdlWE_008.mp4,data\preprocessed\features\z_at\0YdYFtVdlWE_008.pt,data\preprocessed\features\z_v\0YdYFtVdlWE_008.pt
0YdYFtVdlWE_011,mosei_real,0,mosei_0YdYFtVdlWE_011,,,-1,1,1,1,D:\Documents\Programming\Thesis_G10\data\raw\CMU-MOSEI\segments\0YdYFtVdlWE_011.mp4,data\preprocessed\features\z_at\0YdYFtVdlWE_011.pt,data\preprocessed\features\z_v\0YdYFtVdlWE_011.pt
0YdYFtVdlWE_012,mosei_real,0,mosei_0YdYFtVdlWE_012,,,-1,1,1,1,D:\Documents\Programming\Thesis_G10\data\raw\CMU-MOSEI\segments\0YdYFtVdlWE_012.mp4,data\preprocessed\features\z_at\0YdYFtVdlWE_012.pt,data\preprocessed\features\z_v\0YdYFtVdlWE_012.pt
0YdYFtVdlWE_015,mosei_real,0,mosei_0YdYFtVdlWE_015,,,-1,1,1,1,D:\Documents\Programming\Thesis_G10\data\raw\CMU-MOSEI\segments\0YdYFtVdlWE_015.mp4,data\preprocessed\features\z_at\0YdYFtVdlWE_015.pt,data\preprocessed\features\z_v\0YdYFtVdlWE_015.pt
0YdYFtVdlWE_017,mosei_real,0,mosei_0YdYFtVdlWE_017,,,-1,1,1,1,D:\Documents\Programming\Thesis_G10\data\raw\CMU-MOSEI\segments\0YdYFtVdlWE_017.mp4,data\preprocessed\features\z_at\0YdYFtVdlWE_017.pt,data\preprocessed\features\z_v\0YdYFtVdlWE_017.pt
0YdYFtVdlWE_018,mosei_real,0,mosei_0YdYFtVdlWE_018,,,-1,1,1,1,D:\Documents\Programming\Thesis_G10\data\raw\CMU-MOSEI\segments\0YdYFtVdlWE_018.mp4,data\preprocessed\features\z_at\0YdYFtVdlWE_018.pt,data\preprocessed\features\z_v\0YdYFtVdlWE_018.pt
0YdYFtVdlWE_019,mosei_real,0,mosei_0YdYFtVdlWE_019,,,-1,1,1,1,D:\Documents\Programming\Thesis_G10\data\raw\CMU-MOSEI\segments\0YdYFtVdlWE_019.mp4,data\preprocessed\features\z_at\0YdYFtVdlWE_019.pt,data\preprocessed\features\z_v\0YdYFtVdlWE_019.pt
0YdYFtVdlWE_020,mosei_real,0,mosei_0YdYFtVdlWE_020,,,-1,1,1,1,D:\Documents\Programming\Thesis_G10\data\raw\CMU-MOSEI\segments\0YdYFtVdlWE_020.mp4,data\preprocessed\features\z_at\0YdYFtVdlWE_020.pt,data\preprocessed\features\z_v\0YdYFtVdlWE_020.pt
0YdYFtVdlWE_021,mosei_real,0,mosei_0YdYFtVdlWE_021,,,-1,1,1,1,D:\Documents\Programming\Thesis_G10\data\raw\CMU-MOSEI\segments\0YdYFtVdlWE_021.mp4,data\preprocessed\features\z_at\0YdYFtVdlWE_021.pt,data\preprocessed\features\z_v\0YdYFtVdlWE_021.pt
0YiAKqU36KE_001,mosei_real,0,mosei_0YiAKqU36KE_001,,,-1,1,1,1,D:\Documents\Programming\Thesis_G10\data\raw\CMU-MOSEI\segments\0YiAKqU36KE_001.mp4,data\preprocessed\features\z_at\0YiAKqU36KE_001.pt,data\preprocessed\features\z_v\0YiAKqU36KE_001.pt
0YiAKqU36KE_003,mosei_real,0,mosei_0YiAKqU36KE_003,,,-1,1,1,1,D:\Documents\Programming\Thesis_G10\data\raw\CMU-MOSEI\segments\0YiAKqU36KE_003.mp4,data\preprocessed\features\z_at\0YiAKqU36KE_003.pt,data\preprocessed\features\z_v\0YiAKqU36KE_003.pt
0YiAKqU36KE_004,mosei_real,0,mosei_0YiAKqU36KE_004,,,-1,1,1,1,D:\Documents\Programming\Thesis_G10\data\raw\CMU-MOSEI\segments\0YiAKqU36KE_004.mp4,data\preprocessed\features\z_at\0YiAKqU36KE_004.pt,data\preprocessed\features\z_v\0YiAKqU36KE_004.pt
0YiAKqU36KE_007,mosei_real,0,mosei_0YiAKqU36KE_007,,,-1,1,1,1,D:\Documents\Programming\Thesis_G10\data\raw\CMU-MOSEI\segments\0YiAKqU36KE_007.mp4,data\preprocessed\features\z_at\0YiAKqU36KE_007.pt,data\preprocessed\features\z_v\0YiAKqU36KE_007.pt
0YiAKqU36KE_008,mosei_real,0,mosei_0YiAKqU36KE_008,,,-1,1,1,1,D:\Documents\Programming\Thesis_G10\data\raw\CMU-MOSEI\segments\0YiAKqU36KE_008.mp4,data\preprocessed\features\z_at\0YiAKqU36KE_008.pt,data\preprocessed\features\z_v\0YiAKqU36KE_008.pt
0bsTzavb-AE_002,mosei_real,0,mosei_0bsTzavb-AE_002,,,-1,1,1,1,D:\Documents\Programming\Thesis_G10\data\raw\CMU-MOSEI\segments\0bsTzavb-AE_002.mp4,data\preprocessed\features\z_at\0bsTzavb-AE_002.pt,data\preprocessed\features\z_v\0bsTzavb-AE_002.pt
0cBmQ_ItVUc_003,mosei_real,0,mosei_0cBmQ_ItVUc_003,,,-1,1,1,1,D:\Documents\Programming\Thesis_G10\data\raw\CMU-MOSEI\segments\0cBmQ_ItVUc_003.mp4,data\preprocessed\features\z_at\0cBmQ_ItVUc_003.pt,data\preprocessed\features\z_v\0cBmQ_ItVUc_003.pt
0cBmQ_ItVUc_006,mosei_real,0,mosei_0cBmQ_ItVUc_006,,,-1,1,1,1,D:\Documents\Programming\Thesis_G10\data\raw\CMU-MOSEI\segments\0cBmQ_ItVUc_006.mp4,data\preprocessed\features\z_at\0cBmQ_ItVUc_006.pt,data\preprocessed\features\z_v\0cBmQ_ItVUc_006.pt
0cBmQ_ItVUc_009,mosei_real,0,mosei_0cBmQ_ItVUc_009,,,-1,1,1,1,D:\Documents\Programming\Thesis_G10\data\raw\CMU-MOSEI\segments\0cBmQ_ItVUc_009.mp4,data\preprocessed\features\z_at\0cBmQ_ItVUc_009.pt,data\preprocessed\features\z_v\0cBmQ_ItVUc_009.pt
0cBmQ_ItVUc_010,mosei_real,0,mosei_0cBmQ_ItVUc_010,,,-1,1,1,1,D:\Documents\Programming\Thesis_G10\data\raw\CMU-MOSEI\segments\0cBmQ_ItVUc_010.mp4,data\preprocessed\features\z_at\0cBmQ_ItVUc_010.pt,data\preprocessed\features\z_v\0cBmQ_ItVUc_010.pt
0hCOCt6fWas_002,mosei_real,0,mosei_0hCOCt6fWas_002,,,-1,1,1,1,D:\Documents\Programming\Thesis_G10\data\raw\CMU-MOSEI\segments\0hCOCt6fWas_002.mp4,data\preprocessed\features\z_at\0hCOCt6fWas_002.pt,data\preprocessed\features\z_v\0hCOCt6fWas_002.pt
0hCOCt6fWas_004,mosei_real,0,mosei_0hCOCt6fWas_004,,,-1,1,1,1,D:\Documents\Programming\Thesis_G10\data\raw\CMU-MOSEI\segments\0hCOCt6fWas_004.mp4,data\preprocessed\features\z_at\0hCOCt6fWas_004.pt,data\preprocessed\features\z_v\0hCOCt6fWas_004.pt
0hCOCt6fWas_005,mosei_real,0,mosei_0hCOCt6fWas_005,,,-1,1,1,1,D:\Documents\Programming\Thesis_G10\data\raw\CMU-MOSEI\segments\0hCOCt6fWas_005.mp4,data\preprocessed\features\z_at\0hCOCt6fWas_005.pt,data\preprocessed\features\z_v\0hCOCt6fWas_005.pt
0jtdrsmVzYQ_000,mosei_real,0,mosei_0jtdrsmVzYQ_000,,,-1,1,1,1,D:\Documents\Programming\Thesis_G10\data\raw\CMU-MOSEI\segments\0jtdrsmVzYQ_000.mp4,data\preprocessed\features\z_at\0jtdrsmVzYQ_000.pt,data\preprocessed\features\z_v\0jtdrsmVzYQ_000.pt
0mXv97u2OCM_000,mosei_real,0,mosei_0mXv97u2OCM_000,,,-1,1,1,1,D:\Documents\Programming\Thesis_G10\data\raw\CMU-MOSEI\segments\0mXv97u2OCM_000.mp4,data\preprocessed\features\z_at\0mXv97u2OCM_000.pt,data\preprocessed\features\z_v\0mXv97u2OCM_000.pt
0nJrksJ7azM_003,mosei_real,0,mosei_0nJrksJ7azM_003,,,-1,1,1,1,D:\Documents\Programming\Thesis_G10\data\raw\CMU-MOSEI\segments\0nJrksJ7azM_003.mp4,data\preprocessed\features\z_at\0nJrksJ7azM_003.pt,data\preprocessed\features\z_v\0nJrksJ7azM_003.pt
0nJrksJ7azM_005,mosei_real,0,mosei_0nJrksJ7azM_005,,,-1,1,1,1,D:\Documents\Programming\Thesis_G10\data\raw\CMU-MOSEI\segments\0nJrksJ7azM_005.mp4,data\preprocessed\features\z_at\0nJrksJ7azM_005.pt,data\preprocessed\features\z_v\0nJrksJ7azM_005.pt
0tkWa2skSmA_000,mosei_real,0,mosei_0tkWa2skSmA_000,,,-1,1,1,1,D:\Documents\Programming\Thesis_G10\data\raw\CMU-MOSEI\segments\0tkWa2skSmA_000.mp4,data\preprocessed\features\z_at\0tkWa2skSmA_000.pt,data\preprocessed\features\z_v\0tkWa2skSmA_000.pt
0uftSGdwo0Q_001,mosei_real,0,mosei_0uftSGdwo0Q_001,,,-1,1,1,1,D:\Documents\Programming\Thesis_G10\data\raw\CMU-MOSEI\segments\0uftSGdwo0Q_001.mp4,data\preprocessed\features\z_at\0uftSGdwo0Q_001.pt,data\preprocessed\features\z_v\0uftSGdwo0Q_001.pt
0uftSGdwo0Q_002,mosei_real,0,mosei_0uftSGdwo0Q_002,,,-1,1,1,1,D:\Documents\Programming\Thesis_G10\data\raw\CMU-MOSEI\segments\0uftSGdwo0Q_002.mp4,data\preprocessed\features\z_at\0uftSGdwo0Q_002.pt,data\preprocessed\features\z_v\0uftSGdwo0Q_002.pt
0utROiKxejc_000,mosei_real,0,mosei_0utROiKxejc_000,,,-1,1,1,1,D:\Documents\Programming\Thesis_G10\data\raw\CMU-MOSEI\segments\0utROiKxejc_000.mp4,data\preprocessed\features\z_at\0utROiKxejc_000.pt,data\preprocessed\features\z_v\0utROiKxejc_000.pt
0utROiKxejc_001,mosei_real,0,mosei_0utROiKxejc_001,,,-1,1,1,1,D:\Documents\Programming\Thesis_G10\data\raw\CMU-MOSEI\segments\0utROiKxejc_001.mp4,data\preprocessed\features\z_at\0utROiKxejc_001.pt,data\preprocessed\features\z_v\0utROiKxejc_001.pt
0vXaXWx7Rvo_001,mosei_real,0,mosei_0vXaXWx7Rvo_001,,,-1,1,1,1,D:\Documents\Programming\Thesis_G10\data\raw\CMU-MOSEI\segments\0vXaXWx7Rvo_001.mp4,data\preprocessed\features\z_at\0vXaXWx7Rvo_001.pt,data\preprocessed\features\z_v\0vXaXWx7Rvo_001.pt
0vXaXWx7Rvo_002,mosei_real,0,mosei_0vXaXWx7Rvo_002,,,-1,1,1,1,D:\Documents\Programming\Thesis_G10\data\raw\CMU-MOSEI\segments\0vXaXWx7Rvo_002.mp4,data\preprocessed\features\z_at\0vXaXWx7Rvo_002.pt,data\preprocessed\features\z_v\0vXaXWx7Rvo_002.pt
0vXaXWx7Rvo_003,mosei_real,0,mosei_0vXaXWx7Rvo_003,,,-1,1,1,1,D:\Documents\Programming\Thesis_G10\data\raw\CMU-MOSEI\segments\0vXaXWx7Rvo_003.mp4,data\preprocessed\features\z_at\0vXaXWx7Rvo_003.pt,data\preprocessed\features\z_v\0vXaXWx7Rvo_003.pt
0vXaXWx7Rvo_004,mosei_real,0,mosei_0vXaXWx7Rvo_004,,,-1,1,1,1,D:\Documents\Programming\Thesis_G10\data\raw\CMU-MOSEI\segments\0vXaXWx7Rvo_004.mp4,data\preprocessed\features\z_at\0vXaXWx7Rvo_004.pt,data\preprocessed\features\z_v\0vXaXWx7Rvo_004.pt
0vXaXWx7Rvo_005,mosei_real,0,mosei_0vXaXWx7Rvo_005,,,-1,1,1,1,D:\Documents\Programming\Thesis_G10\data\raw\CMU-MOSEI\segments\0vXaXWx7Rvo_005.mp4,data\preprocessed\features\z_at\0vXaXWx7Rvo_005.pt,data\preprocessed\features\z_v\0vXaXWx7Rvo_005.pt
0zl_GDVzykw_001,mosei_real,0,mosei_0zl_GDVzykw_001,,,-1,1,1,1,D:\Documents\Programming\Thesis_G10\data\raw\CMU-MOSEI\segments\0zl_GDVzykw_001.mp4,data\preprocessed\features\z_at\0zl_GDVzykw_001.pt,data\preprocessed\features\z_v\0zl_GDVzykw_001.pt
117tQqLjza4_000,mosei_real,0,mosei_117tQqLjza4_000,,,-1,1,1,1,D:\Documents\Programming\Thesis_G10\data\raw\CMU-MOSEI\segments\117tQqLjza4_000.mp4,data\preprocessed\features\z_at\117tQqLjza4_000.pt,data\preprocessed\features\z_v\117tQqLjza4_000.pt
11UtTaDYgII_002,mosei_real,0,mosei_11UtTaDYgII_002,,,-1,1,1,1,D:\Documents\Programming\Thesis_G10\data\raw\CMU-MOSEI\segments\11UtTaDYgII_002.mp4,data\preprocessed\features\z_at\11UtTaDYgII_002.pt,data\preprocessed\features\z_v\11UtTaDYgII_002.pt
11UtTaDYgII_004,mosei_real,0,mosei_11UtTaDYgII_004,,,-1,1,1,1,D:\Documents\Programming\Thesis_G10\data\raw\CMU-MOSEI\segments\11UtTaDYgII_004.mp4,data\preprocessed\features\z_at\11UtTaDYgII_004.pt,data\preprocessed\features\z_v\11UtTaDYgII_004.pt
11UtTaDYgII_005,mosei_real,0,mosei_11UtTaDYgII_005,,,-1,1,1,1,D:\Documents\Programming\Thesis_G10\data\raw\CMU-MOSEI\segments\11UtTaDYgII_005.mp4,data\preprocessed\features\z_at\11UtTaDYgII_005.pt,data\preprocessed\features\z_v\11UtTaDYgII_005.pt
11j7EfglCAs_000,mosei_real,0,mosei_11j7EfglCAs_000,,,-1,1,1,1,D:\Documents\Programming\Thesis_G10\data\raw\CMU-MOSEI\segments\11j7EfglCAs_000.mp4,data\preprocessed\features\z_at\11j7EfglCAs_000.pt,data\preprocessed\features\z_v\11j7EfglCAs_000.pt
15Wu4U2VPLw_000,mosei_real,0,mosei_15Wu4U2VPLw_000,,,-1,1,1,1,D:\Documents\Programming\Thesis_G10\data\raw\CMU-MOSEI\segments\15Wu4U2VPLw_000.mp4,data\preprocessed\features\z_at\15Wu4U2VPLw_000.pt,data\preprocessed\features\z_v\15Wu4U2VPLw_000.pt
15Wu4U2VPLw_001,mosei_real,0,mosei_15Wu4U2VPLw_001,,,-1,1,1,1,D:\Documents\Programming\Thesis_G10\data\raw\CMU-MOSEI\segments\15Wu4U2VPLw_001.mp4,data\preprocessed\features\z_at\15Wu4U2VPLw_001.pt,data\preprocessed\features\z_v\15Wu4U2VPLw_001.pt
15Wu4U2VPLw_004,mosei_real,0,mosei_15Wu4U2VPLw_004,,,-1,1,1,1,D:\Documents\Programming\Thesis_G10\data\raw\CMU-MOSEI\segments\15Wu4U2VPLw_004.mp4,data\preprocessed\features\z_at\15Wu4U2VPLw_004.pt,data\preprocessed\features\z_v\15Wu4U2VPLw_004.pt
15Wu4U2VPLw_005,mosei_real,0,mosei_15Wu4U2VPLw_005,,,-1,1,1,1,D:\Documents\Programming\Thesis_G10\data\raw\CMU-MOSEI\segments\15Wu4U2VPLw_005.mp4,data\preprocessed\features\z_at\15Wu4U2VPLw_005.pt,data\preprocessed\features\z_v\15Wu4U2VPLw_005.pt
15Wu4U2VPLw_007,mosei_real,0,mosei_15Wu4U2VPLw_007,,,-1,1,1,1,D:\Documents\Programming\Thesis_G10\data\raw\CMU-MOSEI\segments\15Wu4U2VPLw_007.mp4,data\preprocessed\features\z_at\15Wu4U2VPLw_007.pt,data\preprocessed\features\z_v\15Wu4U2VPLw_007.pt
15ktF-6wutk_000,mosei_real,0,mosei_15ktF-6wutk_000,,,-1,1,1,1,D:\Documents\Programming\Thesis_G10\data\raw\CMU-MOSEI\segments\15ktF-6wutk_000.mp4,data\preprocessed\features\z_at\15ktF-6wutk_000.pt,data\preprocessed\features\z_v\15ktF-6wutk_000.pt
15ktF-6wutk_002,mosei_real,0,mosei_15ktF-6wutk_002,,,-1,1,1,1,D:\Documents\Programming\Thesis_G10\data\raw\CMU-MOSEI\segments\15ktF-6wutk_002.mp4,data\preprocessed\features\z_at\15ktF-6wutk_002.pt,data\preprocessed\features\z_v\15ktF-6wutk_002.pt
15ktF-6wutk_003,mosei_real,0,mosei_15ktF-6wutk_003,,,-1,1,1,1,D:\Documents\Programming\Thesis_G10\data\raw\CMU-MOSEI\segments\15ktF-6wutk_003.mp4,data\preprocessed\features\z_at\15ktF-6wutk_003.pt,data\preprocessed\features\z_v\15ktF-6wutk_003.pt
15ktF-6wutk_004,mosei_real,0,mosei_15ktF-6wutk_004,,,-1,1,1,1,D:\Documents\Programming\Thesis_G10\data\raw\CMU-MOSEI\segments\15ktF-6wutk_004.mp4,data\preprocessed\features\z_at\15ktF-6wutk_004.pt,data\preprocessed\features\z_v\15ktF-6wutk_004.pt
15ktF-6wutk_006,mosei_real,0,mosei_15ktF-6wutk_006,,,-1,1,1,1,D:\Documents\Programming\Thesis_G10\data\raw\CMU-MOSEI\segments\15ktF-6wutk_006.mp4,data\preprocessed\features\z_at\15ktF-6wutk_006.pt,data\preprocessed\features\z_v\15ktF-6wutk_006.pt
173CpFb3clw_000,mosei_real,0,mosei_173CpFb3clw_000,,,-1,1,1,1,D:\Documents\Programming\Thesis_G10\data\raw\CMU-MOSEI\segments\173CpFb3clw_000.mp4,data\preprocessed\features\z_at\173CpFb3clw_000.pt,data\preprocessed\features\z_v\173CpFb3clw_000.pt
18JTkk8JbeU_002,mosei_real,0,mosei_18JTkk8JbeU_002,,,-1,1,1,1,D:\Documents\Programming\Thesis_G10\data\raw\CMU-MOSEI\segments\18JTkk8JbeU_002.mp4,data\preprocessed\features\z_at\18JTkk8JbeU_002.pt,data\preprocessed\features\z_v\18JTkk8JbeU_002.pt
1A-aRhYx-GQ_000,mosei_real,0,mosei_1A-aRhYx-GQ_000,,,-1,1,1,1,D:\Documents\Programming\Thesis_G10\data\raw\CMU-MOSEI\segments\1A-aRhYx-GQ_000.mp4,data\preprocessed\features\z_at\1A-aRhYx-GQ_000.pt,data\preprocessed\features\z_v\1A-aRhYx-GQ_000.pt
1A-aRhYx-GQ_001,mosei_real,0,mosei_1A-aRhYx-GQ_001,,,-1,1,1,1,D:\Documents\Programming\Thesis_G10\data\raw\CMU-MOSEI\segments\1A-aRhYx-GQ_001.mp4,data\preprocessed\features\z_at\1A-aRhYx-GQ_001.pt,data\preprocessed\features\z_v\1A-aRhYx-GQ_001.pt
1A-aRhYx-GQ_003,mosei_real,0,mosei_1A-aRhYx-GQ_003,,,-1,1,1,1,D:\Documents\Programming\Thesis_G10\data\raw\CMU-MOSEI\segments\1A-aRhYx-GQ_003.mp4,data\preprocessed\features\z_at\1A-aRhYx-GQ_003.pt,data\preprocessed\features\z_v\1A-aRhYx-GQ_003.pt
1A-aRhYx-GQ_005,mosei_real,0,mosei_1A-aRhYx-GQ_005,,,-1,1,1,1,D:\Documents\Programming\Thesis_G10\data\raw\CMU-MOSEI\segments\1A-aRhYx-GQ_005.mp4,data\preprocessed\features\z_at\1A-aRhYx-GQ_005.pt,data\preprocessed\features\z_v\1A-aRhYx-GQ_005.pt
1A-aRhYx-GQ_006,mosei_real,0,mosei_1A-aRhYx-GQ_006,,,-1,1,1,1,D:\Documents\Programming\Thesis_G10\data\raw\CMU-MOSEI\segments\1A-aRhYx-GQ_006.mp4,data\preprocessed\features\z_at\1A-aRhYx-GQ_006.pt,data\preprocessed\features\z_v\1A-aRhYx-GQ_006.pt
1A-aRhYx-GQ_007,mosei_real,0,mosei_1A-aRhYx-GQ_007,,,-1,1,1,1,D:\Documents\Programming\Thesis_G10\data\raw\CMU-MOSEI\segments\1A-aRhYx-GQ_007.mp4,data\preprocessed\features\z_at\1A-aRhYx-GQ_007.pt,data\preprocessed\features\z_v\1A-aRhYx-GQ_007.pt
1A-aRhYx-GQ_008,mosei_real,0,mosei_1A-aRhYx-GQ_008,,,-1,1,1,1,D:\Documents\Programming\Thesis_G10\data\raw\CMU-MOSEI\segments\1A-aRhYx-GQ_008.mp4,data\preprocessed\features\z_at\1A-aRhYx-GQ_008.pt,data\preprocessed\features\z_v\1A-aRhYx-GQ_008.pt
1A-aRhYx-GQ_009,mosei_real,0,mosei_1A-aRhYx-GQ_009,,,-1,1,1,1,D:\Documents\Programming\Thesis_G10\data\raw\CMU-MOSEI\segments\1A-aRhYx-GQ_009.mp4,data\preprocessed\features\z_at\1A-aRhYx-GQ_009.pt,data\preprocessed\features\z_v\1A-aRhYx-GQ_009.pt
1A-aRhYx-GQ_010,mosei_real,0,mosei_1A-aRhYx-GQ_010,,,-1,1,1,1,D:\Documents\Programming\Thesis_G10\data\raw\CMU-MOSEI\segments\1A-aRhYx-GQ_010.mp4,data\preprocessed\features\z_at\1A-aRhYx-GQ_010.pt,data\preprocessed\features\z_v\1A-aRhYx-GQ_010.pt
1A-aRhYx-GQ_011,mosei_real,0,mosei_1A-aRhYx-GQ_011,,,-1,1,1,1,D:\Documents\Programming\Thesis_G10\data\raw\CMU-MOSEI\segments\1A-aRhYx-GQ_011.mp4,data\preprocessed\features\z_at\1A-aRhYx-GQ_011.pt,data\preprocessed\features\z_v\1A-aRhYx-GQ_011.pt
1A-aRhYx-GQ_015,mosei_real,0,mosei_1A-aRhYx-GQ_015,,,-1,1,1,1,D:\Documents\Programming\Thesis_G10\data\raw\CMU-MOSEI\segments\1A-aRhYx-GQ_015.mp4,data\preprocessed\features\z_at\1A-aRhYx-GQ_015.pt,data\preprocessed\features\z_v\1A-aRhYx-GQ_015.pt
1A7dqFxx8wU_000,mosei_real,0,mosei_1A7dqFxx8wU_000,,,-1,1,1,1,D:\Documents\Programming\Thesis_G10\data\raw\CMU-MOSEI\segments\1A7dqFxx8wU_000.mp4,data\preprocessed\features\z_at\1A7dqFxx8wU_000.pt,data\preprocessed\features\z_v\1A7dqFxx8wU_000.pt
1A7dqFxx8wU_002,mosei_real,0,mosei_1A7dqFxx8wU_002,,,-1,1,1,1,D:\Documents\Programming\Thesis_G10\data\raw\CMU-MOSEI\segments\1A7dqFxx8wU_002.mp4,data\preprocessed\features\z_at\1A7dqFxx8wU_002.pt,data\preprocessed\features\z_v\1A7dqFxx8wU_002.pt
1A7dqFxx8wU_003,mosei_real,0,mosei_1A7dqFxx8wU_003,,,-1,1,1,1,D:\Documents\Programming\Thesis_G10\data\raw\CMU-MOSEI\segments\1A7dqFxx8wU_003.mp4,data\preprocessed\features\z_at\1A7dqFxx8wU_003.pt,data\preprocessed\features\z_v\1A7dqFxx8wU_003.pt
1A7dqFxx8wU_004,mosei_real,0,mosei_1A7dqFxx8wU_004,,,-1,1,1,1,D:\Documents\Programming\Thesis_G10\data\raw\CMU-MOSEI\segments\1A7dqFxx8wU_004.mp4,data\preprocessed\features\z_at\1A7dqFxx8wU_004.pt,data\preprocessed\features\z_v\1A7dqFxx8wU_004.pt
1A7dqFxx8wU_006,mosei_real,0,mosei_1A7dqFxx8wU_006,,,-1,1,1,1,D:\Documents\Programming\Thesis_G10\data\raw\CMU-MOSEI\segments\1A7dqFxx8wU_006.mp4,data\preprocessed\features\z_at\1A7dqFxx8wU_006.pt,data\preprocessed\features\z_v\1A7dqFxx8wU_006.pt
1CjUHNYzW1E_000,mosei_real,0,mosei_1CjUHNYzW1E_000,,,-1,1,1,1,D:\Documents\Programming\Thesis_G10\data\raw\CMU-MOSEI\segments\1CjUHNYzW1E_000.mp4,data\preprocessed\features\z_at\1CjUHNYzW1E_000.pt,data\preprocessed\features\z_v\1CjUHNYzW1E_000.pt
1CjUHNYzW1E_001,mosei_real,0,mosei_1CjUHNYzW1E_001,,,-1,1,1,1,D:\Documents\Programming\Thesis_G10\data\raw\CMU-MOSEI\segments\1CjUHNYzW1E_001.mp4,data\preprocessed\features\z_at\1CjUHNYzW1E_001.pt,data\preprocessed\features\z_v\1CjUHNYzW1E_001.pt
1CjUHNYzW1E_002,mosei_real,0,mosei_1CjUHNYzW1E_002,,,-1,1,1,1,D:\Documents\Programming\Thesis_G10\data\raw\CMU-MOSEI\segments\1CjUHNYzW1E_002.mp4,data\preprocessed\features\z_at\1CjUHNYzW1E_002.pt,data\preprocessed\features\z_v\1CjUHNYzW1E_002.pt
1CjUHNYzW1E_005,mosei_real,0,mosei_1CjUHNYzW1E_005,,,-1,1,1,1,D:\Documents\Programming\Thesis_G10\data\raw\CMU-MOSEI\segments\1CjUHNYzW1E_005.mp4,data\preprocessed\features\z_at\1CjUHNYzW1E_005.pt,data\preprocessed\features\z_v\1CjUHNYzW1E_005.pt
1ESU5ONMMxs_001,mosei_real,0,mosei_1ESU5ONMMxs_001,,,-1,1,1,1,D:\Documents\Programming\Thesis_G10\data\raw\CMU-MOSEI\segments\1ESU5ONMMxs_001.mp4,data\preprocessed\features\z_at\1ESU5ONMMxs_001.pt,data\preprocessed\features\z_v\1ESU5ONMMxs_001.pt
1ESU5ONMMxs_002,mosei_real,0,mosei_1ESU5ONMMxs_002,,,-1,1,1,1,D:\Documents\Programming\Thesis_G10\data\raw\CMU-MOSEI\segments\1ESU5ONMMxs_002.mp4,data\preprocessed\features\z_at\1ESU5ONMMxs_002.pt,data\preprocessed\features\z_v\1ESU5ONMMxs_002.pt
1ESU5ONMMxs_003,mosei_real,0,mosei_1ESU5ONMMxs_003,,,-1,1,1,1,D:\Documents\Programming\Thesis_G10\data\raw\CMU-MOSEI\segments\1ESU5ONMMxs_003.mp4,data\preprocessed\features\z_at\1ESU5ONMMxs_003.pt,data\preprocessed\features\z_v\1ESU5ONMMxs_003.pt
1ESU5ONMMxs_004,mosei_real,0,mosei_1ESU5ONMMxs_004,,,-1,1,1,1,D:\Documents\Programming\Thesis_G10\data\raw\CMU-MOSEI\segments\1ESU5ONMMxs_004.mp4,data\preprocessed\features\z_at\1ESU5ONMMxs_004.pt,data\preprocessed\features\z_v\1ESU5ONMMxs_004.pt
1ESU5ONMMxs_005,mosei_real,0,mosei_1ESU5ONMMxs_005,,,-1,1,1,1,D:\Documents\Programming\Thesis_G10\data\raw\CMU-MOSEI\segments\1ESU5ONMMxs_005.mp4,data\preprocessed\features\z_at\1ESU5ONMMxs_005.pt,data\preprocessed\features\z_v\1ESU5ONMMxs_005.pt
1ESU5ONMMxs_006,mosei_real,0,mosei_1ESU5ONMMxs_006,,,-1,1,1,1,D:\Documents\Programming\Thesis_G10\data\raw\CMU-MOSEI\segments\1ESU5ONMMxs_006.mp4,data\preprocessed\features\z_at\1ESU5ONMMxs_006.pt,data\preprocessed\features\z_v\1ESU5ONMMxs_006.pt
1ESU5ONMMxs_007,mosei_real,0,mosei_1ESU5ONMMxs_007,,,-1,1,1,1,D:\Documents\Programming\Thesis_G10\data\raw\CMU-MOSEI\segments\1ESU5ONMMxs_007.mp4,data\preprocessed\features\z_at\1ESU5ONMMxs_007.pt,data\preprocessed\features\z_v\1ESU5ONMMxs_007.pt
1ESU5ONMMxs_009,mosei_real,0,mosei_1ESU5ONMMxs_009,,,-1,1,1,1,D:\Documents\Programming\Thesis_G10\data\raw\CMU-MOSEI\segments\1ESU5ONMMxs_009.mp4,data\preprocessed\features\z_at\1ESU5ONMMxs_009.pt,data\preprocessed\features\z_v\1ESU5ONMMxs_009.pt
1ESU5ONMMxs_010,mosei_real,0,mosei_1ESU5ONMMxs_010,,,-1,1,1,1,D:\Documents\Programming\Thesis_G10\data\raw\CMU-MOSEI\segments\1ESU5ONMMxs_010.mp4,data\preprocessed\features\z_at\1ESU5ONMMxs_010.pt,data\preprocessed\features\z_v\1ESU5ONMMxs_010.pt
1F0qH0EEBfo_001,mosei_real,0,mosei_1F0qH0EEBfo_001,,,-1,1,1,1,D:\Documents\Programming\Thesis_G10\data\raw\CMU-MOSEI\segments\1F0qH0EEBfo_001.mp4,data\preprocessed\features\z_at\1F0qH0EEBfo_001.pt,data\preprocessed\features\z_v\1F0qH0EEBfo_001.pt
1F0qH0EEBfo_003,mosei_real,0,mosei_1F0qH0EEBfo_003,,,-1,1,1,1,D:\Documents\Programming\Thesis_G10\data\raw\CMU-MOSEI\segments\1F0qH0EEBfo_003.mp4,data\preprocessed\features\z_at\1F0qH0EEBfo_003.pt,data\preprocessed\features\z_v\1F0qH0EEBfo_003.pt
1F0qH0EEBfo_005,mosei_real,0,mosei_1F0qH0EEBfo_005,,,-1,1,1,1,D:\Documents\Programming\Thesis_G10\data\raw\CMU-MOSEI\segments\1F0qH0EEBfo_005.mp4,data\preprocessed\features\z_at\1F0qH0EEBfo_005.pt,data\preprocessed\features\z_v\1F0qH0EEBfo_005.pt
1F0qH0EEBfo_006,mosei_real,0,mosei_1F0qH0EEBfo_006,,,-1,1,1,1,D:\Documents\Programming\Thesis_G10\data\raw\CMU-MOSEI\segments\1F0qH0EEBfo_006.mp4,data\preprocessed\features\z_at\1F0qH0EEBfo_006.pt,data\preprocessed\features\z_v\1F0qH0EEBfo_006.pt
1F0qH0EEBfo_010,mosei_real,0,mosei_1F0qH0EEBfo_010,,,-1,1,1,1,D:\Documents\Programming\Thesis_G10\data\raw\CMU-MOSEI\segments\1F0qH0EEBfo_010.mp4,data\preprocessed\features\z_at\1F0qH0EEBfo_010.pt,data\preprocessed\features\z_v\1F0qH0EEBfo_010.pt
1F0qH0EEBfo_011,mosei_real,0,mosei_1F0qH0EEBfo_011,,,-1,1,1,1,D:\Documents\Programming\Thesis_G10\data\raw\CMU-MOSEI\segments\1F0qH0EEBfo_011.mp4,data\preprocessed\features\z_at\1F0qH0EEBfo_011.pt,data\preprocessed\features\z_v\1F0qH0EEBfo_011.pt
1F0qH0EEBfo_013,mosei_real,0,mosei_1F0qH0EEBfo_013,,,-1,1,1,1,D:\Documents\Programming\Thesis_G10\data\raw\CMU-MOSEI\segments\1F0qH0EEBfo_013.mp4,data\preprocessed\features\z_at\1F0qH0EEBfo_013.pt,data\preprocessed\features\z_v\1F0qH0EEBfo_013.pt
1F0qH0EEBfo_014,mosei_real,0,mosei_1F0qH0EEBfo_014,,,-1,1,1,1,D:\Documents\Programming\Thesis_G10\data\raw\CMU-MOSEI\segments\1F0qH0EEBfo_014.mp4,data\preprocessed\features\z_at\1F0qH0EEBfo_014.pt,data\preprocessed\features\z_v\1F0qH0EEBfo_014.pt
1F0qH0EEBfo_017,mosei_real,0,mosei_1F0qH0EEBfo_017,,,-1,1,1,1,D:\Documents\Programming\Thesis_G10\data\raw\CMU-MOSEI\segments\1F0qH0EEBfo_017.mp4,data\preprocessed\features\z_at\1F0qH0EEBfo_017.pt,data\preprocessed\features\z_v\1F0qH0EEBfo_017.pt
1F0qH0EEBfo_018,mosei_real,0,mosei_1F0qH0EEBfo_018,,,-1,1,1,1,D:\Documents\Programming\Thesis_G10\data\raw\CMU-MOSEI\segments\1F0qH0EEBfo_018.mp4,data\preprocessed\features\z_at\1F0qH0EEBfo_018.pt,data\preprocessed\features\z_v\1F0qH0EEBfo_018.pt
1F0qH0EEBfo_019,mosei_real,0,mosei_1F0qH0EEBfo_019,,,-1,1,1,1,D:\Documents\Programming\Thesis_G10\data\raw\CMU-MOSEI\segments\1F0qH0EEBfo_019.mp4,data\preprocessed\features\z_at\1F0qH0EEBfo_019.pt,data\preprocessed\features\z_v\1F0qH0EEBfo_019.pt
1F0qH0EEBfo_020,mosei_real,0,mosei_1F0qH0EEBfo_020,,,-1,1,1,1,D:\Documents\Programming\Thesis_G10\data\raw\CMU-MOSEI\segments\1F0qH0EEBfo_020.mp4,data\preprocessed\features\z_at\1F0qH0EEBfo_020.pt,data\preprocessed\features\z_v\1F0qH0EEBfo_020.pt
1F0qH0EEBfo_021,mosei_real,0,mosei_1F0qH0EEBfo_021,,,-1,1,1,1,D:\Documents\Programming\Thesis_G10\data\raw\CMU-MOSEI\segments\1F0qH0EEBfo_021.mp4,data\preprocessed\features\z_at\1F0qH0EEBfo_021.pt,data\preprocessed\features\z_v\1F0qH0EEBfo_021.pt
1F0qH0EEBfo_022,mosei_real,0,mosei_1F0qH0EEBfo_022,,,-1,1,1,1,D:\Documents\Programming\Thesis_G10\data\raw\CMU-MOSEI\segments\1F0qH0EEBfo_022.mp4,data\preprocessed\features\z_at\1F0qH0EEBfo_022.pt,data\preprocessed\features\z_v\1F0qH0EEBfo_022.pt
1F0qH0EEBfo_024,mosei_real,0,mosei_1F0qH0EEBfo_024,,,-1,1,1,1,D:\Documents\Programming\Thesis_G10\data\raw\CMU-MOSEI\segments\1F0qH0EEBfo_024.mp4,data\preprocessed\features\z_at\1F0qH0EEBfo_024.pt,data\preprocessed\features\z_v\1F0qH0EEBfo_024.pt
1Gp4l-ZTCVk_000,mosei_real,0,mosei_1Gp4l-ZTCVk_000,,,-1,1,1,1,D:\Documents\Programming\Thesis_G10\data\raw\CMU-MOSEI\segments\1Gp4l-ZTCVk_000.mp4,data\preprocessed\features\z_at\1Gp4l-ZTCVk_000.pt,data\preprocessed\features\z_v\1Gp4l-ZTCVk_000.pt
1HK7Nea0PFo_001,mosei_real,0,mosei_1HK7Nea0PFo_001,,,-1,1,1,1,D:\Documents\Programming\Thesis_G10\data\raw\CMU-MOSEI\segments\1HK7Nea0PFo_001.mp4,data\preprocessed\features\z_at\1HK7Nea0PFo_001.pt,data\preprocessed\features\z_v\1HK7Nea0PFo_001.pt
1HS2HcN2LDo_002,mosei_real,0,mosei_1HS2HcN2LDo_002,,,-1,1,1,1,D:\Documents\Programming\Thesis_G10\data\raw\CMU-MOSEI\segments\1HS2HcN2LDo_002.mp4,data\preprocessed\features\z_at\1HS2HcN2LDo_002.pt,data\preprocessed\features\z_v\1HS2HcN2LDo_002.pt
1HS2HcN2LDo_004,mosei_real,0,mosei_1HS2HcN2LDo_004,,,-1,1,1,1,D:\Documents\Programming\Thesis_G10\data\raw\CMU-MOSEI\segments\1HS2HcN2LDo_004.mp4,data\preprocessed\features\z_at\1HS2HcN2LDo_004.pt,data\preprocessed\features\z_v\1HS2HcN2LDo_004.pt
1HS2HcN2LDo_006,mosei_real,0,mosei_1HS2HcN2LDo_006,,,-1,1,1,1,D:\Documents\Programming\Thesis_G10\data\raw\CMU-MOSEI\segments\1HS2HcN2LDo_006.mp4,data\preprocessed\features\z_at\1HS2HcN2LDo_006.pt,data\preprocessed\features\z_v\1HS2HcN2LDo_006.pt
1HS2HcN2LDo_008,mosei_real,0,mosei_1HS2HcN2LDo_008,,,-1,1,1,1,D:\Documents\Programming\Thesis_G10\data\raw\CMU-MOSEI\segments\1HS2HcN2LDo_008.mp4,data\preprocessed\features\z_at\1HS2HcN2LDo_008.pt,data\preprocessed\features\z_v\1HS2HcN2LDo_008.pt
1J9Fa995Ojs_000,mosei_real,0,mosei_1J9Fa995Ojs_000,,,-1,1,1,1,D:\Documents\Programming\Thesis_G10\data\raw\CMU-MOSEI\segments\1J9Fa995Ojs_000.mp4,data\preprocessed\features\z_at\1J9Fa995Ojs_000.pt,data\preprocessed\features\z_v\1J9Fa995Ojs_000.pt
1JQ9UCBEmCU_001,mosei_real,0,mosei_1JQ9UCBEmCU_001,,,-1,1,1,1,D:\Documents\Programming\Thesis_G10\data\raw\CMU-MOSEI\segments\1JQ9UCBEmCU_001.mp4,data\preprocessed\features\z_at\1JQ9UCBEmCU_001.pt,data\preprocessed\features\z_v\1JQ9UCBEmCU_001.pt
1JQ9UCBEmCU_002,mosei_real,0,mosei_1JQ9UCBEmCU_002,,,-1,1,1,1,D:\Documents\Programming\Thesis_G10\data\raw\CMU-MOSEI\segments\1JQ9UCBEmCU_002.mp4,data\preprocessed\features\z_at\1JQ9UCBEmCU_002.pt,data\preprocessed\features\z_v\1JQ9UCBEmCU_002.pt
1JQ9UCBEmCU_003,mosei_real,0,mosei_1JQ9UCBEmCU_003,,,-1,1,1,1,D:\Documents\Programming\Thesis_G10\data\raw\CMU-MOSEI\segments\1JQ9UCBEmCU_003.mp4,data\preprocessed\features\z_at\1JQ9UCBEmCU_003.pt,data\preprocessed\features\z_v\1JQ9UCBEmCU_003.pt
1JQ9UCBEmCU_005,mosei_real,0,mosei_1JQ9UCBEmCU_005,,,-1,1,1,1,D:\Documents\Programming\Thesis_G10\data\raw\CMU-MOSEI\segments\1JQ9UCBEmCU_005.mp4,data\preprocessed\features\z_at\1JQ9UCBEmCU_005.pt,data\preprocessed\features\z_v\1JQ9UCBEmCU_005.pt
1LkYxsqRPZM_001,mosei_real,0,mosei_1LkYxsqRPZM_001,,,-1,1,1,1,D:\Documents\Programming\Thesis_G10\data\raw\CMU-MOSEI\segments\1LkYxsqRPZM_001.mp4,data\preprocessed\features\z_at\1LkYxsqRPZM_001.pt,data\preprocessed\features\z_v\1LkYxsqRPZM_001.pt
1RBT_QoSkIU_000,mosei_real,0,mosei_1RBT_QoSkIU_000,,,-1,1,1,1,D:\Documents\Programming\Thesis_G10\data\raw\CMU-MOSEI\segments\1RBT_QoSkIU_000.mp4,data\preprocessed\features\z_at\1RBT_QoSkIU_000.pt,data\preprocessed\features\z_v\1RBT_QoSkIU_000.pt
1S4p-Lfhbp4_000,mosei_real,0,mosei_1S4p-Lfhbp4_000,,,-1,1,1,1,D:\Documents\Programming\Thesis_G10\data\raw\CMU-MOSEI\segments\1S4p-Lfhbp4_000.mp4,data\preprocessed\features\z_at\1S4p-Lfhbp4_000.pt,data\preprocessed\features\z_v\1S4p-Lfhbp4_000.pt
1S4p-Lfhbp4_001,mosei_real,0,mosei_1S4p-Lfhbp4_001,,,-1,1,1,1,D:\Documents\Programming\Thesis_G10\data\raw\CMU-MOSEI\segments\1S4p-Lfhbp4_001.mp4,data\preprocessed\features\z_at\1S4p-Lfhbp4_001.pt,data\preprocessed\features\z_v\1S4p-Lfhbp4_001.pt
1S4p-Lfhbp4_004,mosei_real,0,mosei_1S4p-Lfhbp4_004,,,-1,1,1,1,D:\Documents\Programming\Thesis_G10\data\raw\CMU-MOSEI\segments\1S4p-Lfhbp4_004.mp4,data\preprocessed\features\z_at\1S4p-Lfhbp4_004.pt,data\preprocessed\features\z_v\1S4p-Lfhbp4_004.pt
1W38PnuWIkM_001,mosei_real,0,mosei_1W38PnuWIkM_001,,,-1,1,1,1,D:\Documents\Programming\Thesis_G10\data\raw\CMU-MOSEI\segments\1W38PnuWIkM_001.mp4,data\preprocessed\features\z_at\1W38PnuWIkM_001.pt,data\preprocessed\features\z_v\1W38PnuWIkM_001.pt
1W38PnuWIkM_002,mosei_real,0,mosei_1W38PnuWIkM_002,,,-1,1,1,1,D:\Documents\Programming\Thesis_G10\data\raw\CMU-MOSEI\segments\1W38PnuWIkM_002.mp4,data\preprocessed\features\z_at\1W38PnuWIkM_002.pt,data\preprocessed\features\z_v\1W38PnuWIkM_002.pt
1W38PnuWIkM_005,mosei_real,0,mosei_1W38PnuWIkM_005,,,-1,1,1,1,D:\Documents\Programming\Thesis_G10\data\raw\CMU-MOSEI\segments\1W38PnuWIkM_005.mp4,data\preprocessed\features\z_at\1W38PnuWIkM_005.pt,data\preprocessed\features\z_v\1W38PnuWIkM_005.pt
1W38PnuWIkM_006,mosei_real,0,mosei_1W38PnuWIkM_006,,,-1,1,1,1,D:\Documents\Programming\Thesis_G10\data\raw\CMU-MOSEI\segments\1W38PnuWIkM_006.mp4,data\preprocessed\features\z_at\1W38PnuWIkM_006.pt,data\preprocessed\features\z_v\1W38PnuWIkM_006.pt
1W38PnuWIkM_007,mosei_real,0,mosei_1W38PnuWIkM_007,,,-1,1,1,1,D:\Documents\Programming\Thesis_G10\data\raw\CMU-MOSEI\segments\1W38PnuWIkM_007.mp4,data\preprocessed\features\z_at\1W38PnuWIkM_007.pt,data\preprocessed\features\z_v\1W38PnuWIkM_007.pt
1ZjIX9AK860_001,mosei_real,0,mosei_1ZjIX9AK860_001,,,-1,1,1,1,D:\Documents\Programming\Thesis_G10\data\raw\CMU-MOSEI\segments\1ZjIX9AK860_001.mp4,data\preprocessed\features\z_at\1ZjIX9AK860_001.pt,data\preprocessed\features\z_v\1ZjIX9AK860_001.pt
1cyUKHOvdYY_000,mosei_real,0,mosei_1cyUKHOvdYY_000,,,-1,1,1,1,D:\Documents\Programming\Thesis_G10\data\raw\CMU-MOSEI\segments\1cyUKHOvdYY_000.mp4,data\preprocessed\features\z_at\1cyUKHOvdYY_000.pt,data\preprocessed\features\z_v\1cyUKHOvdYY_000.pt
1dWsw38VDjY_001,mosei_real,0,mosei_1dWsw38VDjY_001,,,-1,1,1,1,D:\Documents\Programming\Thesis_G10\data\raw\CMU-MOSEI\segments\1dWsw38VDjY_001.mp4,data\preprocessed\features\z_at\1dWsw38VDjY_001.pt,data\preprocessed\features\z_v\1dWsw38VDjY_001.pt
1jogeKX0wGw_000,mosei_real,0,mosei_1jogeKX0wGw_000,,,-1,1,1,1,D:\Documents\Programming\Thesis_G10\data\raw\CMU-MOSEI\segments\1jogeKX0wGw_000.mp4,data\preprocessed\features\z_at\1jogeKX0wGw_000.pt,data\preprocessed\features\z_v\1jogeKX0wGw_000.pt
1jogeKX0wGw_001,mosei_real,0,mosei_1jogeKX0wGw_001,,,-1,1,1,1,D:\Documents\Programming\Thesis_G10\data\raw\CMU-MOSEI\segments\1jogeKX0wGw_001.mp4,data\preprocessed\features\z_at\1jogeKX0wGw_001.pt,data\preprocessed\features\z_v\1jogeKX0wGw_001.pt
1k7br8xXMSU_000,mosei_real,0,mosei_1k7br8xXMSU_000,,,-1,1,1,1,D:\Documents\Programming\Thesis_G10\data\raw\CMU-MOSEI\segments\1k7br8xXMSU_000.mp4,data\preprocessed\features\z_at\1k7br8xXMSU_000.pt,data\preprocessed\features\z_v\1k7br8xXMSU_000.pt
1k7br8xXMSU_010,mosei_real,0,mosei_1k7br8xXMSU_010,,,-1,1,1,1,D:\Documents\Programming\Thesis_G10\data\raw\CMU-MOSEI\segments\1k7br8xXMSU_010.mp4,data\preprocessed\features\z_at\1k7br8xXMSU_010.pt,data\preprocessed\features\z_v\1k7br8xXMSU_010.pt
1knHBRVPoYQ_002,mosei_real,0,mosei_1knHBRVPoYQ_002,,,-1,1,1,1,D:\Documents\Programming\Thesis_G10\data\raw\CMU-MOSEI\segments\1knHBRVPoYQ_002.mp4,data\preprocessed\features\z_at\1knHBRVPoYQ_002.pt,data\preprocessed\features\z_v\1knHBRVPoYQ_002.pt
1knHBRVPoYQ_003,mosei_real,0,mosei_1knHBRVPoYQ_003,,,-1,1,1,1,D:\Documents\Programming\Thesis_G10\data\raw\CMU-MOSEI\segments\1knHBRVPoYQ_003.mp4,data\preprocessed\features\z_at\1knHBRVPoYQ_003.pt,data\preprocessed\features\z_v\1knHBRVPoYQ_003.pt
1knHBRVPoYQ_004,mosei_real,0,mosei_1knHBRVPoYQ_004,,,-1,1,1,1,D:\Documents\Programming\Thesis_G10\data\raw\CMU-MOSEI\segments\1knHBRVPoYQ_004.mp4,data\preprocessed\features\z_at\1knHBRVPoYQ_004.pt,data\preprocessed\features\z_v\1knHBRVPoYQ_004.pt
1knHBRVPoYQ_005,mosei_real,0,mosei_1knHBRVPoYQ_005,,,-1,1,1,1,D:\Documents\Programming\Thesis_G10\data\raw\CMU-MOSEI\segments\1knHBRVPoYQ_005.mp4,data\preprocessed\features\z_at\1knHBRVPoYQ_005.pt,data\preprocessed\features\z_v\1knHBRVPoYQ_005.pt
1knHBRVPoYQ_007,mosei_real,0,mosei_1knHBRVPoYQ_007,,,-1,1,1,1,D:\Documents\Programming\Thesis_G10\data\raw\CMU-MOSEI\segments\1knHBRVPoYQ_007.mp4,data\preprocessed\features\z_at\1knHBRVPoYQ_007.pt,data\preprocessed\features\z_v\1knHBRVPoYQ_007.pt
1mHjMNZZvFo_002,mosei_real,0,mosei_1mHjMNZZvFo_002,,,-1,1,1,1,D:\Documents\Programming\Thesis_G10\data\raw\CMU-MOSEI\segments\1mHjMNZZvFo_002.mp4,data\preprocessed\features\z_at\1mHjMNZZvFo_002.pt,data\preprocessed\features\z_v\1mHjMNZZvFo_002.pt
1mHjMNZZvFo_004,mosei_real,0,mosei_1mHjMNZZvFo_004,,,-1,1,1,1,D:\Documents\Programming\Thesis_G10\data\raw\CMU-MOSEI\segments\1mHjMNZZvFo_004.mp4,data\preprocessed\features\z_at\1mHjMNZZvFo_004.pt,data\preprocessed\features\z_v\1mHjMNZZvFo_004.pt
1mHjMNZZvFo_005,mosei_real,0,mosei_1mHjMNZZvFo_005,,,-1,1,1,1,D:\Documents\Programming\Thesis_G10\data\raw\CMU-MOSEI\segments\1mHjMNZZvFo_005.mp4,data\preprocessed\features\z_at\1mHjMNZZvFo_005.pt,data\preprocessed\features\z_v\1mHjMNZZvFo_005.pt
1mHjMNZZvFo_006,mosei_real,0,mosei_1mHjMNZZvFo_006,,,-1,1,1,1,D:\Documents\Programming\Thesis_G10\data\raw\CMU-MOSEI\segments\1mHjMNZZvFo_006.mp4,data\preprocessed\features\z_at\1mHjMNZZvFo_006.pt,data\preprocessed\features\z_v\1mHjMNZZvFo_006.pt
1o8Gy4J6WSs_000,mosei_real,0,mosei_1o8Gy4J6WSs_000,,,-1,1,1,1,D:\Documents\Programming\Thesis_G10\data\raw\CMU-MOSEI\segments\1o8Gy4J6WSs_000.mp4,data\preprocessed\features\z_at\1o8Gy4J6WSs_000.pt,data\preprocessed\features\z_v\1o8Gy4J6WSs_000.pt
1o8Gy4J6WSs_001,mosei_real,0,mosei_1o8Gy4J6WSs_001,,,-1,1,1,1,D:\Documents\Programming\Thesis_G10\data\raw\CMU-MOSEI\segments\1o8Gy4J6WSs_001.mp4,data\preprocessed\features\z_at\1o8Gy4J6WSs_001.pt,data\preprocessed\features\z_v\1o8Gy4J6WSs_001.pt
1olbQVO_C-8_001,mosei_real,0,mosei_1olbQVO_C-8_001,,,-1,1,1,1,D:\Documents\Programming\Thesis_G10\data\raw\CMU-MOSEI\segments\1olbQVO_C-8_001.mp4,data\preprocessed\features\z_at\1olbQVO_C-8_001.pt,data\preprocessed\features\z_v\1olbQVO_C-8_001.pt
1pl2FVdQWj0_002,mosei_real,0,mosei_1pl2FVdQWj0_002,,,-1,1,1,1,D:\Documents\Programming\Thesis_G10\data\raw\CMU-MOSEI\segments\1pl2FVdQWj0_002.mp4,data\preprocessed\features\z_at\1pl2FVdQWj0_002.pt,data\preprocessed\features\z_v\1pl2FVdQWj0_002.pt
1pvK0_9SQns_001,mosei_real,0,mosei_1pvK0_9SQns_001,,,-1,1,1,1,D:\Documents\Programming\Thesis_G10\data\raw\CMU-MOSEI\segments\1pvK0_9SQns_001.mp4,data\preprocessed\features\z_at\1pvK0_9SQns_001.pt,data\preprocessed\features\z_v\1pvK0_9SQns_001.pt
1sJjdaXXuJg_001,mosei_real,0,mosei_1sJjdaXXuJg_001,,,-1,1,1,1,D:\Documents\Programming\Thesis_G10\data\raw\CMU-MOSEI\segments\1sJjdaXXuJg_001.mp4,data\preprocessed\features\z_at\1sJjdaXXuJg_001.pt,data\preprocessed\features\z_v\1sJjdaXXuJg_001.pt
1sJjdaXXuJg_002,mosei_real,0,mosei_1sJjdaXXuJg_002,,,-1,1,1,1,D:\Documents\Programming\Thesis_G10\data\raw\CMU-MOSEI\segments\1sJjdaXXuJg_002.mp4,data\preprocessed\features\z_at\1sJjdaXXuJg_002.pt,data\preprocessed\features\z_v\1sJjdaXXuJg_002.pt
1tQOvm5eQOA_001,mosei_real,0,mosei_1tQOvm5eQOA_001,,,-1,1,1,1,D:\Documents\Programming\Thesis_G10\data\raw\CMU-MOSEI\segments\1tQOvm5eQOA_001.mp4,data\preprocessed\features\z_at\1tQOvm5eQOA_001.pt,data\preprocessed\features\z_v\1tQOvm5eQOA_001.pt
1tQOvm5eQOA_002,mosei_real,0,mosei_1tQOvm5eQOA_002,,,-1,1,1,1,D:\Documents\Programming\Thesis_G10\data\raw\CMU-MOSEI\segments\1tQOvm5eQOA_002.mp4,data\preprocessed\features\z_at\1tQOvm5eQOA_002.pt,data\preprocessed\features\z_v\1tQOvm5eQOA_002.pt
1tQOvm5eQOA_003,mosei_real,0,mosei_1tQOvm5eQOA_003,,,-1,1,1,1,D:\Documents\Programming\Thesis_G10\data\raw\CMU-MOSEI\segments\1tQOvm5eQOA_003.mp4,data\preprocessed\features\z_at\1tQOvm5eQOA_003.pt,data\preprocessed\features\z_v\1tQOvm5eQOA_003.pt
1tQOvm5eQOA_005,mosei_real,0,mosei_1tQOvm5eQOA_005,,,-1,1,1,1,D:\Documents\Programming\Thesis_G10\data\raw\CMU-MOSEI\segments\1tQOvm5eQOA_005.mp4,data\preprocessed\features\z_at\1tQOvm5eQOA_005.pt,data\preprocessed\features\z_v\1tQOvm5eQOA_005.pt
1tQOvm5eQOA_006,mosei_real,0,mosei_1tQOvm5eQOA_006,,,-1,1,1,1,D:\Documents\Programming\Thesis_G10\data\raw\CMU-MOSEI\segments\1tQOvm5eQOA_006.mp4,data\preprocessed\features\z_at\1tQOvm5eQOA_006.pt,data\preprocessed\features\z_v\1tQOvm5eQOA_006.pt
1tQOvm5eQOA_007,mosei_real,0,mosei_1tQOvm5eQOA_007,,,-1,1,1,1,D:\Documents\Programming\Thesis_G10\data\raw\CMU-MOSEI\segments\1tQOvm5eQOA_007.mp4,data\preprocessed\features\z_at\1tQOvm5eQOA_007.pt,data\preprocessed\features\z_v\1tQOvm5eQOA_007.pt
1tQOvm5eQOA_008,mosei_real,0,mosei_1tQOvm5eQOA_008,,,-1,1,1,1,D:\Documents\Programming\Thesis_G10\data\raw\CMU-MOSEI\segments\1tQOvm5eQOA_008.mp4,data\preprocessed\features\z_at\1tQOvm5eQOA_008.pt,data\preprocessed\features\z_v\1tQOvm5eQOA_008.pt
1tQOvm5eQOA_009,mosei_real,0,mosei_1tQOvm5eQOA_009,,,-1,1,1,1,D:\Documents\Programming\Thesis_G10\data\raw\CMU-MOSEI\segments\1tQOvm5eQOA_009.mp4,data\preprocessed\features\z_at\1tQOvm5eQOA_009.pt,data\preprocessed\features\z_v\1tQOvm5eQOA_009.pt
1tuMFJnlXJc_000,mosei_real,0,mosei_1tuMFJnlXJc_000,,,-1,1,1,1,D:\Documents\Programming\Thesis_G10\data\raw\CMU-MOSEI\segments\1tuMFJnlXJc_000.mp4,data\preprocessed\features\z_at\1tuMFJnlXJc_000.pt,data\preprocessed\features\z_v\1tuMFJnlXJc_000.pt
1tuMFJnlXJc_001,mosei_real,0,mosei_1tuMFJnlXJc_001,,,-1,1,1,1,D:\Documents\Programming\Thesis_G10\data\raw\CMU-MOSEI\segments\1tuMFJnlXJc_001.mp4,data\preprocessed\features\z_at\1tuMFJnlXJc_001.pt,data\preprocessed\features\z_v\1tuMFJnlXJc_001.pt
1tuMFJnlXJc_002,mosei_real,0,mosei_1tuMFJnlXJc_002,,,-1,1,1,1,D:\Documents\Programming\Thesis_G10\data\raw\CMU-MOSEI\segments\1tuMFJnlXJc_002.mp4,data\preprocessed\features\z_at\1tuMFJnlXJc_002.pt,data\preprocessed\features\z_v\1tuMFJnlXJc_002.pt
1tuMFJnlXJc_005,mosei_real,0,mosei_1tuMFJnlXJc_005,,,-1,1,1,1,D:\Documents\Programming\Thesis_G10\data\raw\CMU-MOSEI\segments\1tuMFJnlXJc_005.mp4,data\preprocessed\features\z_at\1tuMFJnlXJc_005.pt,data\preprocessed\features\z_v\1tuMFJnlXJc_005.pt
1tuMFJnlXJc_007,mosei_real,0,mosei_1tuMFJnlXJc_007,,,-1,1,1,1,D:\Documents\Programming\Thesis_G10\data\raw\CMU-MOSEI\segments\1tuMFJnlXJc_007.mp4,data\preprocessed\features\z_at\1tuMFJnlXJc_007.pt,data\preprocessed\features\z_v\1tuMFJnlXJc_007.pt
1tuMFJnlXJc_008,mosei_real,0,mosei_1tuMFJnlXJc_008,,,-1,1,1,1,D:\Documents\Programming\Thesis_G10\data\raw\CMU-MOSEI\segments\1tuMFJnlXJc_008.mp4,data\preprocessed\features\z_at\1tuMFJnlXJc_008.pt,data\preprocessed\features\z_v\1tuMFJnlXJc_008.pt
1x7kf9vArjU_000,mosei_real,0,mosei_1x7kf9vArjU_000,,,-1,1,1,1,D:\Documents\Programming\Thesis_G10\data\raw\CMU-MOSEI\segments\1x7kf9vArjU_000.mp4,data\preprocessed\features\z_at\1x7kf9vArjU_000.pt,data\preprocessed\features\z_v\1x7kf9vArjU_000.pt
1x7kf9vArjU_001,mosei_real,0,mosei_1x7kf9vArjU_001,,,-1,1,1,1,D:\Documents\Programming\Thesis_G10\data\raw\CMU-MOSEI\segments\1x7kf9vArjU_001.mp4,data\preprocessed\features\z_at\1x7kf9vArjU_001.pt,data\preprocessed\features\z_v\1x7kf9vArjU_001.pt
1x7kf9vArjU_002,mosei_real,0,mosei_1x7kf9vArjU_002,,,-1,1,1,1,D:\Documents\Programming\Thesis_G10\data\raw\CMU-MOSEI\segments\1x7kf9vArjU_002.mp4,data\preprocessed\features\z_at\1x7kf9vArjU_002.pt,data\preprocessed\features\z_v\1x7kf9vArjU_002.pt
2-4autDbHVQ_000,mosei_real,0,mosei_2-4autDbHVQ_000,,,-1,1,1,1,D:\Documents\Programming\Thesis_G10\data\raw\CMU-MOSEI\segments\2-4autDbHVQ_000.mp4,data\preprocessed\features\z_at\2-4autDbHVQ_000.pt,data\preprocessed\features\z_v\2-4autDbHVQ_000.pt
2-4autDbHVQ_001,mosei_real,0,mosei_2-4autDbHVQ_001,,,-1,1,1,1,D:\Documents\Programming\Thesis_G10\data\raw\CMU-MOSEI\segments\2-4autDbHVQ_001.mp4,data\preprocessed\features\z_at\2-4autDbHVQ_001.pt,data\preprocessed\features\z_v\2-4autDbHVQ_001.pt
2-4autDbHVQ_002,mosei_real,0,mosei_2-4autDbHVQ_002,,,-1,1,1,1,D:\Documents\Programming\Thesis_G10\data\raw\CMU-MOSEI\segments\2-4autDbHVQ_002.mp4,data\preprocessed\features\z_at\2-4autDbHVQ_002.pt,data\preprocessed\features\z_v\2-4autDbHVQ_002.pt
2-4autDbHVQ_003,mosei_real,0,mosei_2-4autDbHVQ_003,,,-1,1,1,1,D:\Documents\Programming\Thesis_G10\data\raw\CMU-MOSEI\segments\2-4autDbHVQ_003.mp4,data\preprocessed\features\z_at\2-4autDbHVQ_003.pt,data\preprocessed\features\z_v\2-4autDbHVQ_003.pt
2-4autDbHVQ_004,mosei_real,0,mosei_2-4autDbHVQ_004,,,-1,1,1,1,D:\Documents\Programming\Thesis_G10\data\raw\CMU-MOSEI\segments\2-4autDbHVQ_004.mp4,data\preprocessed\features\z_at\2-4autDbHVQ_004.pt,data\preprocessed\features\z_v\2-4autDbHVQ_004.pt
2-4autDbHVQ_005,mosei_real,0,mosei_2-4autDbHVQ_005,,,-1,1,1,1,D:\Documents\Programming\Thesis_G10\data\raw\CMU-MOSEI\segments\2-4autDbHVQ_005.mp4,data\preprocessed\features\z_at\2-4autDbHVQ_005.pt,data\preprocessed\features\z_v\2-4autDbHVQ_005.pt
2-4autDbHVQ_007,mosei_real,0,mosei_2-4autDbHVQ_007,,,-1,1,1,1,D:\Documents\Programming\Thesis_G10\data\raw\CMU-MOSEI\segments\2-4autDbHVQ_007.mp4,data\preprocessed\features\z_at\2-4autDbHVQ_007.pt,data\preprocessed\features\z_v\2-4autDbHVQ_007.pt
2-4autDbHVQ_008,mosei_real,0,mosei_2-4autDbHVQ_008,,,-1,1,1,1,D:\Documents\Programming\Thesis_G10\data\raw\CMU-MOSEI\segments\2-4autDbHVQ_008.mp4,data\preprocessed\features\z_at\2-4autDbHVQ_008.pt,data\preprocessed\features\z_v\2-4autDbHVQ_008.pt
2-4autDbHVQ_010,mosei_real,0,mosei_2-4autDbHVQ_010,,,-1,1,1,1,D:\Documents\Programming\Thesis_G10\data\raw\CMU-MOSEI\segments\2-4autDbHVQ_010.mp4,data\preprocessed\features\z_at\2-4autDbHVQ_010.pt,data\preprocessed\features\z_v\2-4autDbHVQ_010.pt
2-4autDbHVQ_011,mosei_real,0,mosei_2-4autDbHVQ_011,,,-1,1,1,1,D:\Documents\Programming\Thesis_G10\data\raw\CMU-MOSEI\segments\2-4autDbHVQ_011.mp4,data\preprocessed\features\z_at\2-4autDbHVQ_011.pt,data\preprocessed\features\z_v\2-4autDbHVQ_011.pt
2-4autDbHVQ_014,mosei_real,0,mosei_2-4autDbHVQ_014,,,-1,1,1,1,D:\Documents\Programming\Thesis_G10\data\raw\CMU-MOSEI\segments\2-4autDbHVQ_014.mp4,data\preprocessed\features\z_at\2-4autDbHVQ_014.pt,data\preprocessed\features\z_v\2-4autDbHVQ_014.pt
2-4autDbHVQ_015,mosei_real,0,mosei_2-4autDbHVQ_015,,,-1,1,1,1,D:\Documents\Programming\Thesis_G10\data\raw\CMU-MOSEI\segments\2-4autDbHVQ_015.mp4,data\preprocessed\features\z_at\2-4autDbHVQ_015.pt,data\preprocessed\features\z_v\2-4autDbHVQ_015.pt
2-4autDbHVQ_019,mosei_real,0,mosei_2-4autDbHVQ_019,,,-1,1,1,1,D:\Documents\Programming\Thesis_G10\data\raw\CMU-MOSEI\segments\2-4autDbHVQ_019.mp4,data\preprocessed\features\z_at\2-4autDbHVQ_019.pt,data\preprocessed\features\z_v\2-4autDbHVQ_019.pt
2-5hH_k2VFk_000,mosei_real,0,mosei_2-5hH_k2VFk_000,,,-1,1,1,1,D:\Documents\Programming\Thesis_G10\data\raw\CMU-MOSEI\segments\2-5hH_k2VFk_000.mp4,data\preprocessed\features\z_at\2-5hH_k2VFk_000.pt,data\preprocessed\features\z_v\2-5hH_k2VFk_000.pt
20LfN8ENbhM_000,mosei_real,0,mosei_20LfN8ENbhM_000,,,-1,1,1,1,D:\Documents\Programming\Thesis_G10\data\raw\CMU-MOSEI\segments\20LfN8ENbhM_000.mp4,data\preprocessed\features\z_at\20LfN8ENbhM_000.pt,data\preprocessed\features\z_v\20LfN8ENbhM_000.pt
20LfN8ENbhM_001,mosei_real,0,mosei_20LfN8ENbhM_001,,,-1,1,1,1,D:\Documents\Programming\Thesis_G10\data\raw\CMU-MOSEI\segments\20LfN8ENbhM_001.mp4,data\preprocessed\features\z_at\20LfN8ENbhM_001.pt,data\preprocessed\features\z_v\20LfN8ENbhM_001.pt
20LfN8ENbhM_002,mosei_real,0,mosei_20LfN8ENbhM_002,,,-1,1,1,1,D:\Documents\Programming\Thesis_G10\data\raw\CMU-MOSEI\segments\20LfN8ENbhM_002.mp4,data\preprocessed\features\z_at\20LfN8ENbhM_002.pt,data\preprocessed\features\z_v\20LfN8ENbhM_002.pt
20LfN8ENbhM_004,mosei_real,0,mosei_20LfN8ENbhM_004,,,-1,1,1,1,D:\Documents\Programming\Thesis_G10\data\raw\CMU-MOSEI\segments\20LfN8ENbhM_004.mp4,data\preprocessed\features\z_at\20LfN8ENbhM_004.pt,data\preprocessed\features\z_v\20LfN8ENbhM_004.pt
23YlZoucbyM_000,mosei_real,0,mosei_23YlZoucbyM_000,,,-1,1,1,1,D:\Documents\Programming\Thesis_G10\data\raw\CMU-MOSEI\segments\23YlZoucbyM_000.mp4,data\preprocessed\features\z_at\23YlZoucbyM_000.pt,data\preprocessed\features\z_v\23YlZoucbyM_000.pt
23YlZoucbyM_004,mosei_real,0,mosei_23YlZoucbyM_004,,,-1,1,1,1,D:\Documents\Programming\Thesis_G10\data\raw\CMU-MOSEI\segments\23YlZoucbyM_004.mp4,data\preprocessed\features\z_at\23YlZoucbyM_004.pt,data\preprocessed\features\z_v\23YlZoucbyM_004.pt
23YlZoucbyM_005,mosei_real,0,mosei_23YlZoucbyM_005,,,-1,1,1,1,D:\Documents\Programming\Thesis_G10\data\raw\CMU-MOSEI\segments\23YlZoucbyM_005.mp4,data\preprocessed\features\z_at\23YlZoucbyM_005.pt,data\preprocessed\features\z_v\23YlZoucbyM_005.pt
23YlZoucbyM_006,mosei_real,0,mosei_23YlZoucbyM_006,,,-1,1,1,1,D:\Documents\Programming\Thesis_G10\data\raw\CMU-MOSEI\segments\23YlZoucbyM_006.mp4,data\preprocessed\features\z_at\23YlZoucbyM_006.pt,data\preprocessed\features\z_v\23YlZoucbyM_006.pt
25t8nrkUfRY_000,mosei_real,0,mosei_25t8nrkUfRY_000,,,-1,1,1,1,D:\Documents\Programming\Thesis_G10\data\raw\CMU-MOSEI\segments\25t8nrkUfRY_000.mp4,data\preprocessed\features\z_at\25t8nrkUfRY_000.pt,data\preprocessed\features\z_v\25t8nrkUfRY_000.pt
27ubp7CLLKQ_000,mosei_real,0,mosei_27ubp7CLLKQ_000,,,-1,1,1,1,D:\Documents\Programming\Thesis_G10\data\raw\CMU-MOSEI\segments\27ubp7CLLKQ_000.mp4,data\preprocessed\features\z_at\27ubp7CLLKQ_000.pt,data\preprocessed\features\z_v\27ubp7CLLKQ_000.pt
27ubp7CLLKQ_002,mosei_real,0,mosei_27ubp7CLLKQ_002,,,-1,1,1,1,D:\Documents\Programming\Thesis_G10\data\raw\CMU-MOSEI\segments\27ubp7CLLKQ_002.mp4,data\preprocessed\features\z_at\27ubp7CLLKQ_002.pt,data\preprocessed\features\z_v\27ubp7CLLKQ_002.pt
27ubp7CLLKQ_003,mosei_real,0,mosei_27ubp7CLLKQ_003,,,-1,1,1,1,D:\Documents\Programming\Thesis_G10\data\raw\CMU-MOSEI\segments\27ubp7CLLKQ_003.mp4,data\preprocessed\features\z_at\27ubp7CLLKQ_003.pt,data\preprocessed\features\z_v\27ubp7CLLKQ_003.pt
27ubp7CLLKQ_004,mosei_real,0,mosei_27ubp7CLLKQ_004,,,-1,1,1,1,D:\Documents\Programming\Thesis_G10\data\raw\CMU-MOSEI\segments\27ubp7CLLKQ_004.mp4,data\preprocessed\features\z_at\27ubp7CLLKQ_004.pt,data\preprocessed\features\z_v\27ubp7CLLKQ_004.pt
27ubp7CLLKQ_005,mosei_real,0,mosei_27ubp7CLLKQ_005,,,-1,1,1,1,D:\Documents\Programming\Thesis_G10\data\raw\CMU-MOSEI\segments\27ubp7CLLKQ_005.mp4,data\preprocessed\features\z_at\27ubp7CLLKQ_005.pt,data\preprocessed\features\z_v\27ubp7CLLKQ_005.pt
27v7Blr0vjw_004,mosei_real,0,mosei_27v7Blr0vjw_004,,,-1,1,1,1,D:\Documents\Programming\Thesis_G10\data\raw\CMU-MOSEI\segments\27v7Blr0vjw_004.mp4,data\preprocessed\features\z_at\27v7Blr0vjw_004.pt,data\preprocessed\features\z_v\27v7Blr0vjw_004.pt
2HP4KedfmSc_002,mosei_real,0,mosei_2HP4KedfmSc_002,,,-1,1,1,1,D:\Documents\Programming\Thesis_G10\data\raw\CMU-MOSEI\segments\2HP4KedfmSc_002.mp4,data\preprocessed\features\z_at\2HP4KedfmSc_002.pt,data\preprocessed\features\z_v\2HP4KedfmSc_002.pt
2HP4KedfmSc_005,mosei_real,0,mosei_2HP4KedfmSc_005,,,-1,1,1,1,D:\Documents\Programming\Thesis_G10\data\raw\CMU-MOSEI\segments\2HP4KedfmSc_005.mp4,data\preprocessed\features\z_at\2HP4KedfmSc_005.pt,data\preprocessed\features\z_v\2HP4KedfmSc_005.pt
2HP4KedfmSc_007,mosei_real,0,mosei_2HP4KedfmSc_007,,,-1,1,1,1,D:\Documents\Programming\Thesis_G10\data\raw\CMU-MOSEI\segments\2HP4KedfmSc_007.mp4,data\preprocessed\features\z_at\2HP4KedfmSc_007.pt,data\preprocessed\features\z_v\2HP4KedfmSc_007.pt
2HP4KedfmSc_008,mosei_real,0,mosei_2HP4KedfmSc_008,,,-1,1,1,1,D:\Documents\Programming\Thesis_G10\data\raw\CMU-MOSEI\segments\2HP4KedfmSc_008.mp4,data\preprocessed\features\z_at\2HP4KedfmSc_008.pt,data\preprocessed\features\z_v\2HP4KedfmSc_008.pt
2HmBM3GGTlg_000,mosei_real,0,mosei_2HmBM3GGTlg_000,,,-1,1,1,1,D:\Documents\Programming\Thesis_G10\data\raw\CMU-MOSEI\segments\2HmBM3GGTlg_000.mp4,data\preprocessed\features\z_at\2HmBM3GGTlg_000.pt,data\preprocessed\features\z_v\2HmBM3GGTlg_000.pt
2HmBM3GGTlg_002,mosei_real,0,mosei_2HmBM3GGTlg_002,,,-1,1,1,1,D:\Documents\Programming\Thesis_G10\data\raw\CMU-MOSEI\segments\2HmBM3GGTlg_002.mp4,data\preprocessed\features\z_at\2HmBM3GGTlg_002.pt,data\preprocessed\features\z_v\2HmBM3GGTlg_002.pt
2HmBM3GGTlg_003,mosei_real,0,mosei_2HmBM3GGTlg_003,,,-1,1,1,1,D:\Documents\Programming\Thesis_G10\data\raw\CMU-MOSEI\segments\2HmBM3GGTlg_003.mp4,data\preprocessed\features\z_at\2HmBM3GGTlg_003.pt,data\preprocessed\features\z_v\2HmBM3GGTlg_003.pt
2HmBM3GGTlg_004,mosei_real,0,mosei_2HmBM3GGTlg_004,,,-1,1,1,1,D:\Documents\Programming\Thesis_G10\data\raw\CMU-MOSEI\segments\2HmBM3GGTlg_004.mp4,data\preprocessed\features\z_at\2HmBM3GGTlg_004.pt,data\preprocessed\features\z_v\2HmBM3GGTlg_004.pt
2HmBM3GGTlg_005,mosei_real,0,mosei_2HmBM3GGTlg_005,,,-1,1,1,1,D:\Documents\Programming\Thesis_G10\data\raw\CMU-MOSEI\segments\2HmBM3GGTlg_005.mp4,data\preprocessed\features\z_at\2HmBM3GGTlg_005.pt,data\preprocessed\features\z_v\2HmBM3GGTlg_005.pt
2HmBM3GGTlg_006,mosei_real,0,mosei_2HmBM3GGTlg_006,,,-1,1,1,1,D:\Documents\Programming\Thesis_G10\data\raw\CMU-MOSEI\segments\2HmBM3GGTlg_006.mp4,data\preprocessed\features\z_at\2HmBM3GGTlg_006.pt,data\preprocessed\features\z_v\2HmBM3GGTlg_006.pt
2HmBM3GGTlg_010,mosei_real,0,mosei_2HmBM3GGTlg_010,,,-1,1,1,1,D:\Documents\Programming\Thesis_G10\data\raw\CMU-MOSEI\segments\2HmBM3GGTlg_010.mp4,data\preprocessed\features\z_at\2HmBM3GGTlg_010.pt,data\preprocessed\features\z_v\2HmBM3GGTlg_010.pt
2JY5HXBWO84_002,mosei_real,0,mosei_2JY5HXBWO84_002,,,-1,1,1,1,D:\Documents\Programming\Thesis_G10\data\raw\CMU-MOSEI\segments\2JY5HXBWO84_002.mp4,data\preprocessed\features\z_at\2JY5HXBWO84_002.pt,data\preprocessed\features\z_v\2JY5HXBWO84_002.pt
2JY5HXBWO84_003,mosei_real,0,mosei_2JY5HXBWO84_003,,,-1,1,1,1,D:\Documents\Programming\Thesis_G10\data\raw\CMU-MOSEI\segments\2JY5HXBWO84_003.mp4,data\preprocessed\features\z_at\2JY5HXBWO84_003.pt,data\preprocessed\features\z_v\2JY5HXBWO84_003.pt
2LpVvLemgvw_000,mosei_real,0,mosei_2LpVvLemgvw_000,,,-1,1,1,1,D:\Documents\Programming\Thesis_G10\data\raw\CMU-MOSEI\segments\2LpVvLemgvw_000.mp4,data\preprocessed\features\z_at\2LpVvLemgvw_000.pt,data\preprocessed\features\z_v\2LpVvLemgvw_000.pt
2LpVvLemgvw_001,mosei_real,0,mosei_2LpVvLemgvw_001,,,-1,1,1,1,D:\Documents\Programming\Thesis_G10\data\raw\CMU-MOSEI\segments\2LpVvLemgvw_001.mp4,data\preprocessed\features\z_at\2LpVvLemgvw_001.pt,data\preprocessed\features\z_v\2LpVvLemgvw_001.pt
2LpVvLemgvw_002,mosei_real,0,mosei_2LpVvLemgvw_002,,,-1,1,1,1,D:\Documents\Programming\Thesis_G10\data\raw\CMU-MOSEI\segments\2LpVvLemgvw_002.mp4,data\preprocessed\features\z_at\2LpVvLemgvw_002.pt,data\preprocessed\features\z_v\2LpVvLemgvw_002.pt
2LpVvLemgvw_004,mosei_real,0,mosei_2LpVvLemgvw_004,,,-1,1,1,1,D:\Documents\Programming\Thesis_G10\data\raw\CMU-MOSEI\segments\2LpVvLemgvw_004.mp4,data\preprocessed\features\z_at\2LpVvLemgvw_004.pt,data\preprocessed\features\z_v\2LpVvLemgvw_004.pt
2LpVvLemgvw_009,mosei_real,0,mosei_2LpVvLemgvw_009,,,-1,1,1,1,D:\Documents\Programming\Thesis_G10\data\raw\CMU-MOSEI\segments\2LpVvLemgvw_009.mp4,data\preprocessed\features\z_at\2LpVvLemgvw_009.pt,data\preprocessed\features\z_v\2LpVvLemgvw_009.pt
2OLVF-KEaZU_000,mosei_real,0,mosei_2OLVF-KEaZU_000,,,-1,1,1,1,D:\Documents\Programming\Thesis_G10\data\raw\CMU-MOSEI\segments\2OLVF-KEaZU_000.mp4,data\preprocessed\features\z_at\2OLVF-KEaZU_000.pt,data\preprocessed\features\z_v\2OLVF-KEaZU_000.pt
2OLVF-KEaZU_001,mosei_real,0,mosei_2OLVF-KEaZU_001,,,-1,1,1,1,D:\Documents\Programming\Thesis_G10\data\raw\CMU-MOSEI\segments\2OLVF-KEaZU_001.mp4,data\preprocessed\features\z_at\2OLVF-KEaZU_001.pt,data\preprocessed\features\z_v\2OLVF-KEaZU_001.pt
2OLVF-KEaZU_002,mosei_real,0,mosei_2OLVF-KEaZU_002,,,-1,1,1,1,D:\Documents\Programming\Thesis_G10\data\raw\CMU-MOSEI\segments\2OLVF-KEaZU_002.mp4,data\preprocessed\features\z_at\2OLVF-KEaZU_002.pt,data\preprocessed\features\z_v\2OLVF-KEaZU_002.pt
2QOf2wSu0j0_001,mosei_real,0,mosei_2QOf2wSu0j0_001,,,-1,1,1,1,D:\Documents\Programming\Thesis_G10\data\raw\CMU-MOSEI\segments\2QOf2wSu0j0_001.mp4,data\preprocessed\features\z_at\2QOf2wSu0j0_001.pt,data\preprocessed\features\z_v\2QOf2wSu0j0_001.pt
2QXHdu2zlQY_001,mosei_real,0,mosei_2QXHdu2zlQY_001,,,-1,1,1,1,D:\Documents\Programming\Thesis_G10\data\raw\CMU-MOSEI\segments\2QXHdu2zlQY_001.mp4,data\preprocessed\features\z_at\2QXHdu2zlQY_001.pt,data\preprocessed\features\z_v\2QXHdu2zlQY_001.pt
2QXHdu2zlQY_002,mosei_real,0,mosei_2QXHdu2zlQY_002,,,-1,1,1,1,D:\Documents\Programming\Thesis_G10\data\raw\CMU-MOSEI\segments\2QXHdu2zlQY_002.mp4,data\preprocessed\features\z_at\2QXHdu2zlQY_002.pt,data\preprocessed\features\z_v\2QXHdu2zlQY_002.pt
2QXHdu2zlQY_005,mosei_real,0,mosei_2QXHdu2zlQY_005,,,-1,1,1,1,D:\Documents\Programming\Thesis_G10\data\raw\CMU-MOSEI\segments\2QXHdu2zlQY_005.mp4,data\preprocessed\features\z_at\2QXHdu2zlQY_005.pt,data\preprocessed\features\z_v\2QXHdu2zlQY_005.pt
2RC_DXV_dPQ_001,mosei_real,0,mosei_2RC_DXV_dPQ_001,,,-1,1,1,1,D:\Documents\Programming\Thesis_G10\data\raw\CMU-MOSEI\segments\2RC_DXV_dPQ_001.mp4,data\preprocessed\features\z_at\2RC_DXV_dPQ_001.pt,data\preprocessed\features\z_v\2RC_DXV_dPQ_001.pt
2RC_DXV_dPQ_002,mosei_real,0,mosei_2RC_DXV_dPQ_002,,,-1,1,1,1,D:\Documents\Programming\Thesis_G10\data\raw\CMU-MOSEI\segments\2RC_DXV_dPQ_002.mp4,data\preprocessed\features\z_at\2RC_DXV_dPQ_002.pt,data\preprocessed\features\z_v\2RC_DXV_dPQ_002.pt
2Vtv2gPzM7w_001,mosei_real,0,mosei_2Vtv2gPzM7w_001,,,-1,1,1,1,D:\Documents\Programming\Thesis_G10\data\raw\CMU-MOSEI\segments\2Vtv2gPzM7w_001.mp4,data\preprocessed\features\z_at\2Vtv2gPzM7w_001.pt,data\preprocessed\features\z_v\2Vtv2gPzM7w_001.pt
2Wo-0trLBjU_001,mosei_real,0,mosei_2Wo-0trLBjU_001,,,-1,1,1,1,D:\Documents\Programming\Thesis_G10\data\raw\CMU-MOSEI\segments\2Wo-0trLBjU_001.mp4,data\preprocessed\features\z_at\2Wo-0trLBjU_001.pt,data\preprocessed\features\z_v\2Wo-0trLBjU_001.pt
2YwgSmmLibs_000,mosei_real,0,mosei_2YwgSmmLibs_000,,,-1,1,1,1,D:\Documents\Programming\Thesis_G10\data\raw\CMU-MOSEI\segments\2YwgSmmLibs_000.mp4,data\preprocessed\features\z_at\2YwgSmmLibs_000.pt,data\preprocessed\features\z_v\2YwgSmmLibs_000.pt
2c6Gb73nx4E_000,mosei_real,0,mosei_2c6Gb73nx4E_000,,,-1,1,1,1,D:\Documents\Programming\Thesis_G10\data\raw\CMU-MOSEI\segments\2c6Gb73nx4E_000.mp4,data\preprocessed\features\z_at\2c6Gb73nx4E_000.pt,data\preprocessed\features\z_v\2c6Gb73nx4E_000.pt
2c6Gb73nx4E_002,mosei_real,0,mosei_2c6Gb73nx4E_002,,,-1,1,1,1,D:\Documents\Programming\Thesis_G10\data\raw\CMU-MOSEI\segments\2c6Gb73nx4E_002.mp4,data\preprocessed\features\z_at\2c6Gb73nx4E_002.pt,data\preprocessed\features\z_v\2c6Gb73nx4E_002.pt
2cwNG0YuwtQ_001,mosei_real,0,mosei_2cwNG0YuwtQ_001,,,-1,1,1,1,D:\Documents\Programming\Thesis_G10\data\raw\CMU-MOSEI\segments\2cwNG0YuwtQ_001.mp4,data\preprocessed\features\z_at\2cwNG0YuwtQ_001.pt,data\preprocessed\features\z_v\2cwNG0YuwtQ_001.pt
2cwNG0YuwtQ_002,mosei_real,0,mosei_2cwNG0YuwtQ_002,,,-1,1,1,1,D:\Documents\Programming\Thesis_G10\data\raw\CMU-MOSEI\segments\2cwNG0YuwtQ_002.mp4,data\preprocessed\features\z_at\2cwNG0YuwtQ_002.pt,data\preprocessed\features\z_v\2cwNG0YuwtQ_002.pt
2cwNG0YuwtQ_006,mosei_real,0,mosei_2cwNG0YuwtQ_006,,,-1,1,1,1,D:\Documents\Programming\Thesis_G10\data\raw\CMU-MOSEI\segments\2cwNG0YuwtQ_006.mp4,data\preprocessed\features\z_at\2cwNG0YuwtQ_006.pt,data\preprocessed\features\z_v\2cwNG0YuwtQ_006.pt
2cwNG0YuwtQ_007,mosei_real,0,mosei_2cwNG0YuwtQ_007,,,-1,1,1,1,D:\Documents\Programming\Thesis_G10\data\raw\CMU-MOSEI\segments\2cwNG0YuwtQ_007.mp4,data\preprocessed\features\z_at\2cwNG0YuwtQ_007.pt,data\preprocessed\features\z_v\2cwNG0YuwtQ_007.pt
2cwNG0YuwtQ_010,mosei_real,0,mosei_2cwNG0YuwtQ_010,,,-1,1,1,1,D:\Documents\Programming\Thesis_G10\data\raw\CMU-MOSEI\segments\2cwNG0YuwtQ_010.mp4,data\preprocessed\features\z_at\2cwNG0YuwtQ_010.pt,data\preprocessed\features\z_v\2cwNG0YuwtQ_010.pt
2f6ZHqJ76EU_001,mosei_real,0,mosei_2f6ZHqJ76EU_001,,,-1,1,1,1,D:\Documents\Programming\Thesis_G10\data\raw\CMU-MOSEI\segments\2f6ZHqJ76EU_001.mp4,data\preprocessed\features\z_at\2f6ZHqJ76EU_001.pt,data\preprocessed\features\z_v\2f6ZHqJ76EU_001.pt
2h9VVQUZjK0_001,mosei_real,0,mosei_2h9VVQUZjK0_001,,,-1,1,1,1,D:\Documents\Programming\Thesis_G10\data\raw\CMU-MOSEI\segments\2h9VVQUZjK0_001.mp4,data\preprocessed\features\z_at\2h9VVQUZjK0_001.pt,data\preprocessed\features\z_v\2h9VVQUZjK0_001.pt
2h9VVQUZjK0_003,mosei_real,0,mosei_2h9VVQUZjK0_003,,,-1,1,1,1,D:\Documents\Programming\Thesis_G10\data\raw\CMU-MOSEI\segments\2h9VVQUZjK0_003.mp4,data\preprocessed\features\z_at\2h9VVQUZjK0_003.pt,data\preprocessed\features\z_v\2h9VVQUZjK0_003.pt
2h9VVQUZjK0_004,mosei_real,0,mosei_2h9VVQUZjK0_004,,,-1,1,1,1,D:\Documents\Programming\Thesis_G10\data\raw\CMU-MOSEI\segments\2h9VVQUZjK0_004.mp4,data\preprocessed\features\z_at\2h9VVQUZjK0_004.pt,data\preprocessed\features\z_v\2h9VVQUZjK0_004.pt
2h9VVQUZjK0_006,mosei_real,0,mosei_2h9VVQUZjK0_006,,,-1,1,1,1,D:\Documents\Programming\Thesis_G10\data\raw\CMU-MOSEI\segments\2h9VVQUZjK0_006.mp4,data\preprocessed\features\z_at\2h9VVQUZjK0_006.pt,data\preprocessed\features\z_v\2h9VVQUZjK0_006.pt
2h9VVQUZjK0_007,mosei_real,0,mosei_2h9VVQUZjK0_007,,,-1,1,1,1,D:\Documents\Programming\Thesis_G10\data\raw\CMU-MOSEI\segments\2h9VVQUZjK0_007.mp4,data\preprocessed\features\z_at\2h9VVQUZjK0_007.pt,data\preprocessed\features\z_v\2h9VVQUZjK0_007.pt
2h9VVQUZjK0_009,mosei_real,0,mosei_2h9VVQUZjK0_009,,,-1,1,1,1,D:\Documents\Programming\Thesis_G10\data\raw\CMU-MOSEI\segments\2h9VVQUZjK0_009.mp4,data\preprocessed\features\z_at\2h9VVQUZjK0_009.pt,data\preprocessed\features\z_v\2h9VVQUZjK0_009.pt
2h9VVQUZjK0_010,mosei_real,0,mosei_2h9VVQUZjK0_010,,,-1,1,1,1,D:\Documents\Programming\Thesis_G10\data\raw\CMU-MOSEI\segments\2h9VVQUZjK0_010.mp4,data\preprocessed\features\z_at\2h9VVQUZjK0_010.pt,data\preprocessed\features\z_v\2h9VVQUZjK0_010.pt
2h9VVQUZjK0_012,mosei_real,0,mosei_2h9VVQUZjK0_012,,,-1,1,1,1,D:\Documents\Programming\Thesis_G10\data\raw\CMU-MOSEI\segments\2h9VVQUZjK0_012.mp4,data\preprocessed\features\z_at\2h9VVQUZjK0_012.pt,data\preprocessed\features\z_v\2h9VVQUZjK0_012.pt
2m58ShI1QSI_001,mosei_real,0,mosei_2m58ShI1QSI_001,,,-1,1,1,1,D:\Documents\Programming\Thesis_G10\data\raw\CMU-MOSEI\segments\2m58ShI1QSI_001.mp4,data\preprocessed\features\z_at\2m58ShI1QSI_001.pt,data\preprocessed\features\z_v\2m58ShI1QSI_001.pt
2qKajMu7Vhc_002,mosei_real,0,mosei_2qKajMu7Vhc_002,,,-1,1,1,1,D:\Documents\Programming\Thesis_G10\data\raw\CMU-MOSEI\segments\2qKajMu7Vhc_002.mp4,data\preprocessed\features\z_at\2qKajMu7Vhc_002.pt,data\preprocessed\features\z_v\2qKajMu7Vhc_002.pt
2qKajMu7Vhc_004,mosei_real,0,mosei_2qKajMu7Vhc_004,,,-1,1,1,1,D:\Documents\Programming\Thesis_G10\data\raw\CMU-MOSEI\segments\2qKajMu7Vhc_004.mp4,data\preprocessed\features\z_at\2qKajMu7Vhc_004.pt,data\preprocessed\features\z_v\2qKajMu7Vhc_004.pt
2vX-ZRQQDwo_000,mosei_real,0,mosei_2vX-ZRQQDwo_000,,,-1,1,1,1,D:\Documents\Programming\Thesis_G10\data\raw\CMU-MOSEI\segments\2vX-ZRQQDwo_000.mp4,data\preprocessed\features\z_at\2vX-ZRQQDwo_000.pt,data\preprocessed\features\z_v\2vX-ZRQQDwo_000.pt
2vX-ZRQQDwo_001,mosei_real,0,mosei_2vX-ZRQQDwo_001,,,-1,1,1,1,D:\Documents\Programming\Thesis_G10\data\raw\CMU-MOSEI\segments\2vX-ZRQQDwo_001.mp4,data\preprocessed\features\z_at\2vX-ZRQQDwo_001.pt,data\preprocessed\features\z_v\2vX-ZRQQDwo_001.pt
2vX-ZRQQDwo_002,mosei_real,0,mosei_2vX-ZRQQDwo_002,,,-1,1,1,1,D:\Documents\Programming\Thesis_G10\data\raw\CMU-MOSEI\segments\2vX-ZRQQDwo_002.mp4,data\preprocessed\features\z_at\2vX-ZRQQDwo_002.pt,data\preprocessed\features\z_v\2vX-ZRQQDwo_002.pt
2vX-ZRQQDwo_003,mosei_real,0,mosei_2vX-ZRQQDwo_003,,,-1,1,1,1,D:\Documents\Programming\Thesis_G10\data\raw\CMU-MOSEI\segments\2vX-ZRQQDwo_003.mp4,data\preprocessed\features\z_at\2vX-ZRQQDwo_003.pt,data\preprocessed\features\z_v\2vX-ZRQQDwo_003.pt
2vX-ZRQQDwo_005,mosei_real,0,mosei_2vX-ZRQQDwo_005,,,-1,1,1,1,D:\Documents\Programming\Thesis_G10\data\raw\CMU-MOSEI\segments\2vX-ZRQQDwo_005.mp4,data\preprocessed\features\z_at\2vX-ZRQQDwo_005.pt,data\preprocessed\features\z_v\2vX-ZRQQDwo_005.pt
2vX-ZRQQDwo_006,mosei_real,0,mosei_2vX-ZRQQDwo_006,,,-1,1,1,1,D:\Documents\Programming\Thesis_G10\data\raw\CMU-MOSEI\segments\2vX-ZRQQDwo_006.mp4,data\preprocessed\features\z_at\2vX-ZRQQDwo_006.pt,data\preprocessed\features\z_v\2vX-ZRQQDwo_006.pt
2vsgDSlJ9pU_000,mosei_real,0,mosei_2vsgDSlJ9pU_000,,,-1,1,1,1,D:\Documents\Programming\Thesis_G10\data\raw\CMU-MOSEI\segments\2vsgDSlJ9pU_000.mp4,data\preprocessed\features\z_at\2vsgDSlJ9pU_000.pt,data\preprocessed\features\z_v\2vsgDSlJ9pU_000.pt
2w7rpDe-HoA_000,mosei_real,0,mosei_2w7rpDe-HoA_000,,,-1,1,1,1,D:\Documents\Programming\Thesis_G10\data\raw\CMU-MOSEI\segments\2w7rpDe-HoA_000.mp4,data\preprocessed\features\z_at\2w7rpDe-HoA_000.pt,data\preprocessed\features\z_v\2w7rpDe-HoA_000.pt
2w7rpDe-HoA_004,mosei_real,0,mosei_2w7rpDe-HoA_004,,,-1,1,1,1,D:\Documents\Programming\Thesis_G10\data\raw\CMU-MOSEI\segments\2w7rpDe-HoA_004.mp4,data\preprocessed\features\z_at\2w7rpDe-HoA_004.pt,data\preprocessed\features\z_v\2w7rpDe-HoA_004.pt
31tcuDMQ_H8_001,mosei_real,0,mosei_31tcuDMQ_H8_001,,,-1,1,1,1,D:\Documents\Programming\Thesis_G10\data\raw\CMU-MOSEI\segments\31tcuDMQ_H8_001.mp4,data\preprocessed\features\z_at\31tcuDMQ_H8_001.pt,data\preprocessed\features\z_v\31tcuDMQ_H8_001.pt
31tcuDMQ_H8_005,mosei_real,0,mosei_31tcuDMQ_H8_005,,,-1,1,1,1,D:\Documents\Programming\Thesis_G10\data\raw\CMU-MOSEI\segments\31tcuDMQ_H8_005.mp4,data\preprocessed\features\z_at\31tcuDMQ_H8_005.pt,data\preprocessed\features\z_v\31tcuDMQ_H8_005.pt
31tcuDMQ_H8_006,mosei_real,0,mosei_31tcuDMQ_H8_006,,,-1,1,1,1,D:\Documents\Programming\Thesis_G10\data\raw\CMU-MOSEI\segments\31tcuDMQ_H8_006.mp4,data\preprocessed\features\z_at\31tcuDMQ_H8_006.pt,data\preprocessed\features\z_v\31tcuDMQ_H8_006.pt
32j1yMF37hA_000,mosei_real,0,mosei_32j1yMF37hA_000,,,-1,1,1,1,D:\Documents\Programming\Thesis_G10\data\raw\CMU-MOSEI\segments\32j1yMF37hA_000.mp4,data\preprocessed\features\z_at\32j1yMF37hA_000.pt,data\preprocessed\features\z_v\32j1yMF37hA_000.pt
32j1yMF37hA_001,mosei_real,0,mosei_32j1yMF37hA_001,,,-1,1,1,1,D:\Documents\Programming\Thesis_G10\data\raw\CMU-MOSEI\segments\32j1yMF37hA_001.mp4,data\preprocessed\features\z_at\32j1yMF37hA_001.pt,data\preprocessed\features\z_v\32j1yMF37hA_001.pt
33ueXDUn3mA_001,mosei_real,0,mosei_33ueXDUn3mA_001,,,-1,1,1,1,D:\Documents\Programming\Thesis_G10\data\raw\CMU-MOSEI\segments\33ueXDUn3mA_001.mp4,data\preprocessed\features\z_at\33ueXDUn3mA_001.pt,data\preprocessed\features\z_v\33ueXDUn3mA_001.pt
33ueXDUn3mA_002,mosei_real,0,mosei_33ueXDUn3mA_002,,,-1,1,1,1,D:\Documents\Programming\Thesis_G10\data\raw\CMU-MOSEI\segments\33ueXDUn3mA_002.mp4,data\preprocessed\features\z_at\33ueXDUn3mA_002.pt,data\preprocessed\features\z_v\33ueXDUn3mA_002.pt
33ueXDUn3mA_005,mosei_real,0,mosei_33ueXDUn3mA_005,,,-1,1,1,1,D:\Documents\Programming\Thesis_G10\data\raw\CMU-MOSEI\segments\33ueXDUn3mA_005.mp4,data\preprocessed\features\z_at\33ueXDUn3mA_005.pt,data\preprocessed\features\z_v\33ueXDUn3mA_005.pt
34-ogj6rh6w_002,mosei_real,0,mosei_34-ogj6rh6w_002,,,-1,1,1,1,D:\Documents\Programming\Thesis_G10\data\raw\CMU-MOSEI\segments\34-ogj6rh6w_002.mp4,data\preprocessed\features\z_at\34-ogj6rh6w_002.pt,data\preprocessed\features\z_v\34-ogj6rh6w_002.pt
34-ogj6rh6w_003,mosei_real,0,mosei_34-ogj6rh6w_003,,,-1,1,1,1,D:\Documents\Programming\Thesis_G10\data\raw\CMU-MOSEI\segments\34-ogj6rh6w_003.mp4,data\preprocessed\features\z_at\34-ogj6rh6w_003.pt,data\preprocessed\features\z_v\34-ogj6rh6w_003.pt
34-ogj6rh6w_005,mosei_real,0,mosei_34-ogj6rh6w_005,,,-1,1,1,1,D:\Documents\Programming\Thesis_G10\data\raw\CMU-MOSEI\segments\34-ogj6rh6w_005.mp4,data\preprocessed\features\z_at\34-ogj6rh6w_005.pt,data\preprocessed\features\z_v\34-ogj6rh6w_005.pt
34-ogj6rh6w_006,mosei_real,0,mosei_34-ogj6rh6w_006,,,-1,1,1,1,D:\Documents\Programming\Thesis_G10\data\raw\CMU-MOSEI\segments\34-ogj6rh6w_006.mp4,data\preprocessed\features\z_at\34-ogj6rh6w_006.pt,data\preprocessed\features\z_v\34-ogj6rh6w_006.pt
34-ogj6rh6w_008,mosei_real,0,mosei_34-ogj6rh6w_008,,,-1,1,1,1,D:\Documents\Programming\Thesis_G10\data\raw\CMU-MOSEI\segments\34-ogj6rh6w_008.mp4,data\preprocessed\features\z_at\34-ogj6rh6w_008.pt,data\preprocessed\features\z_v\34-ogj6rh6w_008.pt
39lcRCFvV-s_000,mosei_real,0,mosei_39lcRCFvV-s_000,,,-1,1,1,1,D:\Documents\Programming\Thesis_G10\data\raw\CMU-MOSEI\segments\39lcRCFvV-s_000.mp4,data\preprocessed\features\z_at\39lcRCFvV-s_000.pt,data\preprocessed\features\z_v\39lcRCFvV-s_000.pt
39lcRCFvV-s_001,mosei_real,0,mosei_39lcRCFvV-s_001,,,-1,1,1,1,D:\Documents\Programming\Thesis_G10\data\raw\CMU-MOSEI\segments\39lcRCFvV-s_001.mp4,data\preprocessed\features\z_at\39lcRCFvV-s_001.pt,data\preprocessed\features\z_v\39lcRCFvV-s_001.pt
39lcRCFvV-s_002,mosei_real,0,mosei_39lcRCFvV-s_002,,,-1,1,1,1,D:\Documents\Programming\Thesis_G10\data\raw\CMU-MOSEI\segments\39lcRCFvV-s_002.mp4,data\preprocessed\features\z_at\39lcRCFvV-s_002.pt,data\preprocessed\features\z_v\39lcRCFvV-s_002.pt
39lcRCFvV-s_004,mosei_real,0,mosei_39lcRCFvV-s_004,,,-1,1,1,1,D:\Documents\Programming\Thesis_G10\data\raw\CMU-MOSEI\segments\39lcRCFvV-s_004.mp4,data\preprocessed\features\z_at\39lcRCFvV-s_004.pt,data\preprocessed\features\z_v\39lcRCFvV-s_004.pt
39lcRCFvV-s_007,mosei_real,0,mosei_39lcRCFvV-s_007,,,-1,1,1,1,D:\Documents\Programming\Thesis_G10\data\raw\CMU-MOSEI\segments\39lcRCFvV-s_007.mp4,data\preprocessed\features\z_at\39lcRCFvV-s_007.pt,data\preprocessed\features\z_v\39lcRCFvV-s_007.pt
39lcRCFvV-s_008,mosei_real,0,mosei_39lcRCFvV-s_008,,,-1,1,1,1,D:\Documents\Programming\Thesis_G10\data\raw\CMU-MOSEI\segments\39lcRCFvV-s_008.mp4,data\preprocessed\features\z_at\39lcRCFvV-s_008.pt,data\preprocessed\features\z_v\39lcRCFvV-s_008.pt
39lcRCFvV-s_009,mosei_real,0,mosei_39lcRCFvV-s_009,,,-1,1,1,1,D:\Documents\Programming\Thesis_G10\data\raw\CMU-MOSEI\segments\39lcRCFvV-s_009.mp4,data\preprocessed\features\z_at\39lcRCFvV-s_009.pt,data\preprocessed\features\z_v\39lcRCFvV-s_009.pt
39lcRCFvV-s_010,mosei_real,0,mosei_39lcRCFvV-s_010,,,-1,1,1,1,D:\Documents\Programming\Thesis_G10\data\raw\CMU-MOSEI\segments\39lcRCFvV-s_010.mp4,data\preprocessed\features\z_at\39lcRCFvV-s_010.pt,data\preprocessed\features\z_v\39lcRCFvV-s_010.pt
39lcRCFvV-s_011,mosei_real,0,mosei_39lcRCFvV-s_011,,,-1,1,1,1,D:\Documents\Programming\Thesis_G10\data\raw\CMU-MOSEI\segments\39lcRCFvV-s_011.mp4,data\preprocessed\features\z_at\39lcRCFvV-s_011.pt,data\preprocessed\features\z_v\39lcRCFvV-s_011.pt
39lcRCFvV-s_012,mosei_real,0,mosei_39lcRCFvV-s_012,,,-1,1,1,1,D:\Documents\Programming\Thesis_G10\data\raw\CMU-MOSEI\segments\39lcRCFvV-s_012.mp4,data\preprocessed\features\z_at\39lcRCFvV-s_012.pt,data\preprocessed\features\z_v\39lcRCFvV-s_012.pt
39lcRCFvV-s_013,mosei_real,0,mosei_39lcRCFvV-s_013,,,-1,1,1,1,D:\Documents\Programming\Thesis_G10\data\raw\CMU-MOSEI\segments\39lcRCFvV-s_013.mp4,data\preprocessed\features\z_at\39lcRCFvV-s_013.pt,data\preprocessed\features\z_v\39lcRCFvV-s_013.pt
39lcRCFvV-s_014,mosei_real,0,mosei_39lcRCFvV-s_014,,,-1,1,1,1,D:\Documents\Programming\Thesis_G10\data\raw\CMU-MOSEI\segments\39lcRCFvV-s_014.mp4,data\preprocessed\features\z_at\39lcRCFvV-s_014.pt,data\preprocessed\features\z_v\39lcRCFvV-s_014.pt
39lcRCFvV-s_016,mosei_real,0,mosei_39lcRCFvV-s_016,,,-1,1,1,1,D:\Documents\Programming\Thesis_G10\data\raw\CMU-MOSEI\segments\39lcRCFvV-s_016.mp4,data\preprocessed\features\z_at\39lcRCFvV-s_016.pt,data\preprocessed\features\z_v\39lcRCFvV-s_016.pt
39lcRCFvV-s_017,mosei_real,0,mosei_39lcRCFvV-s_017,,,-1,1,1,1,D:\Documents\Programming\Thesis_G10\data\raw\CMU-MOSEI\segments\39lcRCFvV-s_017.mp4,data\preprocessed\features\z_at\39lcRCFvV-s_017.pt,data\preprocessed\features\z_v\39lcRCFvV-s_017.pt
39lcRCFvV-s_018,mosei_real,0,mosei_39lcRCFvV-s_018,,,-1,1,1,1,D:\Documents\Programming\Thesis_G10\data\raw\CMU-MOSEI\segments\39lcRCFvV-s_018.mp4,data\preprocessed\features\z_at\39lcRCFvV-s_018.pt,data\preprocessed\features\z_v\39lcRCFvV-s_018.pt
39lcRCFvV-s_019,mosei_real,0,mosei_39lcRCFvV-s_019,,,-1,1,1,1,D:\Documents\Programming\Thesis_G10\data\raw\CMU-MOSEI\segments\39lcRCFvV-s_019.mp4,data\preprocessed\features\z_at\39lcRCFvV-s_019.pt,data\preprocessed\features\z_v\39lcRCFvV-s_019.pt
39lcRCFvV-s_020,mosei_real,0,mosei_39lcRCFvV-s_020,,,-1,1,1,1,D:\Documents\Programming\Thesis_G10\data\raw\CMU-MOSEI\segments\39lcRCFvV-s_020.mp4,data\preprocessed\features\z_at\39lcRCFvV-s_020.pt,data\preprocessed\features\z_v\39lcRCFvV-s_020.pt
39lcRCFvV-s_021,mosei_real,0,mosei_39lcRCFvV-s_021,,,-1,1,1,1,D:\Documents\Programming\Thesis_G10\data\raw\CMU-MOSEI\segments\39lcRCFvV-s_021.mp4,data\preprocessed\features\z_at\39lcRCFvV-s_021.pt,data\preprocessed\features\z_v\39lcRCFvV-s_021.pt
39lcRCFvV-s_022,mosei_real,0,mosei_39lcRCFvV-s_022,,,-1,1,1,1,D:\Documents\Programming\Thesis_G10\data\raw\CMU-MOSEI\segments\39lcRCFvV-s_022.mp4,data\preprocessed\features\z_at\39lcRCFvV-s_022.pt,data\preprocessed\features\z_v\39lcRCFvV-s_022.pt
39lcRCFvV-s_024,mosei_real,0,mosei_39lcRCFvV-s_024,,,-1,1,1,1,D:\Documents\Programming\Thesis_G10\data\raw\CMU-MOSEI\segments\39lcRCFvV-s_024.mp4,data\preprocessed\features\z_at\39lcRCFvV-s_024.pt,data\preprocessed\features\z_v\39lcRCFvV-s_024.pt
39lcRCFvV-s_027,mosei_real,0,mosei_39lcRCFvV-s_027,,,-1,1,1,1,D:\Documents\Programming\Thesis_G10\data\raw\CMU-MOSEI\segments\39lcRCFvV-s_027.mp4,data\preprocessed\features\z_at\39lcRCFvV-s_027.pt,data\preprocessed\features\z_v\39lcRCFvV-s_027.pt
39lcRCFvV-s_028,mosei_real,0,mosei_39lcRCFvV-s_028,,,-1,1,1,1,D:\Documents\Programming\Thesis_G10\data\raw\CMU-MOSEI\segments\39lcRCFvV-s_028.mp4,data\preprocessed\features\z_at\39lcRCFvV-s_028.pt,data\preprocessed\features\z_v\39lcRCFvV-s_028.pt
39lcRCFvV-s_029,mosei_real,0,mosei_39lcRCFvV-s_029,,,-1,1,1,1,D:\Documents\Programming\Thesis_G10\data\raw\CMU-MOSEI\segments\39lcRCFvV-s_029.mp4,data\preprocessed\features\z_at\39lcRCFvV-s_029.pt,data\preprocessed\features\z_v\39lcRCFvV-s_029.pt
39lcRCFvV-s_031,mosei_real,0,mosei_39lcRCFvV-s_031,,,-1,1,1,1,D:\Documents\Programming\Thesis_G10\data\raw\CMU-MOSEI\segments\39lcRCFvV-s_031.mp4,data\preprocessed\features\z_at\39lcRCFvV-s_031.pt,data\preprocessed\features\z_v\39lcRCFvV-s_031.pt
39lcRCFvV-s_032,mosei_real,0,mosei_39lcRCFvV-s_032,,,-1,1,1,1,D:\Documents\Programming\Thesis_G10\data\raw\CMU-MOSEI\segments\39lcRCFvV-s_032.mp4,data\preprocessed\features\z_at\39lcRCFvV-s_032.pt,data\preprocessed\features\z_v\39lcRCFvV-s_032.pt
39lcRCFvV-s_033,mosei_real,0,mosei_39lcRCFvV-s_033,,,-1,1,1,1,D:\Documents\Programming\Thesis_G10\data\raw\CMU-MOSEI\segments\39lcRCFvV-s_033.mp4,data\preprocessed\features\z_at\39lcRCFvV-s_033.pt,data\preprocessed\features\z_v\39lcRCFvV-s_033.pt
39lcRCFvV-s_034,mosei_real,0,mosei_39lcRCFvV-s_034,,,-1,1,1,1,D:\Documents\Programming\Thesis_G10\data\raw\CMU-MOSEI\segments\39lcRCFvV-s_034.mp4,data\preprocessed\features\z_at\39lcRCFvV-s_034.pt,data\preprocessed\features\z_v\39lcRCFvV-s_034.pt
39lcRCFvV-s_035,mosei_real,0,mosei_39lcRCFvV-s_035,,,-1,1,1,1,D:\Documents\Programming\Thesis_G10\data\raw\CMU-MOSEI\segments\39lcRCFvV-s_035.mp4,data\preprocessed\features\z_at\39lcRCFvV-s_035.pt,data\preprocessed\features\z_v\39lcRCFvV-s_035.pt
39lcRCFvV-s_038,mosei_real,0,mosei_39lcRCFvV-s_038,,,-1,1,1,1,D:\Documents\Programming\Thesis_G10\data\raw\CMU-MOSEI\segments\39lcRCFvV-s_038.mp4,data\preprocessed\features\z_at\39lcRCFvV-s_038.pt,data\preprocessed\features\z_v\39lcRCFvV-s_038.pt
39lcRCFvV-s_039,mosei_real,0,mosei_39lcRCFvV-s_039,,,-1,1,1,1,D:\Documents\Programming\Thesis_G10\data\raw\CMU-MOSEI\segments\39lcRCFvV-s_039.mp4,data\preprocessed\features\z_at\39lcRCFvV-s_039.pt,data\preprocessed\features\z_v\39lcRCFvV-s_039.pt
39lcRCFvV-s_042,mosei_real,0,mosei_39lcRCFvV-s_042,,,-1,1,1,1,D:\Documents\Programming\Thesis_G10\data\raw\CMU-MOSEI\segments\39lcRCFvV-s_042.mp4,data\preprocessed\features\z_at\39lcRCFvV-s_042.pt,data\preprocessed\features\z_v\39lcRCFvV-s_042.pt
39lcRCFvV-s_044,mosei_real,0,mosei_39lcRCFvV-s_044,,,-1,1,1,1,D:\Documents\Programming\Thesis_G10\data\raw\CMU-MOSEI\segments\39lcRCFvV-s_044.mp4,data\preprocessed\features\z_at\39lcRCFvV-s_044.pt,data\preprocessed\features\z_v\39lcRCFvV-s_044.pt
3B1zIUj-k3o_003,mosei_real,0,mosei_3B1zIUj-k3o_003,,,-1,1,1,1,D:\Documents\Programming\Thesis_G10\data\raw\CMU-MOSEI\segments\3B1zIUj-k3o_003.mp4,data\preprocessed\features\z_at\3B1zIUj-k3o_003.pt,data\preprocessed\features\z_v\3B1zIUj-k3o_003.pt
3B1zIUj-k3o_006,mosei_real,0,mosei_3B1zIUj-k3o_006,,,-1,1,1,1,D:\Documents\Programming\Thesis_G10\data\raw\CMU-MOSEI\segments\3B1zIUj-k3o_006.mp4,data\preprocessed\features\z_at\3B1zIUj-k3o_006.pt,data\preprocessed\features\z_v\3B1zIUj-k3o_006.pt
3FpmKxZgihw_000,mosei_real,0,mosei_3FpmKxZgihw_000,,,-1,1,1,1,D:\Documents\Programming\Thesis_G10\data\raw\CMU-MOSEI\segments\3FpmKxZgihw_000.mp4,data\preprocessed\features\z_at\3FpmKxZgihw_000.pt,data\preprocessed\features\z_v\3FpmKxZgihw_000.pt
3FpmKxZgihw_002,mosei_real,0,mosei_3FpmKxZgihw_002,,,-1,1,1,1,D:\Documents\Programming\Thesis_G10\data\raw\CMU-MOSEI\segments\3FpmKxZgihw_002.mp4,data\preprocessed\features\z_at\3FpmKxZgihw_002.pt,data\preprocessed\features\z_v\3FpmKxZgihw_002.pt
3FpmKxZgihw_004,mosei_real,0,mosei_3FpmKxZgihw_004,,,-1,1,1,1,D:\Documents\Programming\Thesis_G10\data\raw\CMU-MOSEI\segments\3FpmKxZgihw_004.mp4,data\preprocessed\features\z_at\3FpmKxZgihw_004.pt,data\preprocessed\features\z_v\3FpmKxZgihw_004.pt
3FpmKxZgihw_005,mosei_real,0,mosei_3FpmKxZgihw_005,,,-1,1,1,1,D:\Documents\Programming\Thesis_G10\data\raw\CMU-MOSEI\segments\3FpmKxZgihw_005.mp4,data\preprocessed\features\z_at\3FpmKxZgihw_005.pt,data\preprocessed\features\z_v\3FpmKxZgihw_005.pt
3FpmKxZgihw_006,mosei_real,0,mosei_3FpmKxZgihw_006,,,-1,1,1,1,D:\Documents\Programming\Thesis_G10\data\raw\CMU-MOSEI\segments\3FpmKxZgihw_006.mp4,data\preprocessed\features\z_at\3FpmKxZgihw_006.pt,data\preprocessed\features\z_v\3FpmKxZgihw_006.pt
3FpmKxZgihw_007,mosei_real,0,mosei_3FpmKxZgihw_007,,,-1,1,1,1,D:\Documents\Programming\Thesis_G10\data\raw\CMU-MOSEI\segments\3FpmKxZgihw_007.mp4,data\preprocessed\features\z_at\3FpmKxZgihw_007.pt,data\preprocessed\features\z_v\3FpmKxZgihw_007.pt
3FpmKxZgihw_008,mosei_real,0,mosei_3FpmKxZgihw_008,,,-1,1,1,1,D:\Documents\Programming\Thesis_G10\data\raw\CMU-MOSEI\segments\3FpmKxZgihw_008.mp4,data\preprocessed\features\z_at\3FpmKxZgihw_008.pt,data\preprocessed\features\z_v\3FpmKxZgihw_008.pt
3GyEnzE1NTQ_000,mosei_real,0,mosei_3GyEnzE1NTQ_000,,,-1,1,1,1,D:\Documents\Programming\Thesis_G10\data\raw\CMU-MOSEI\segments\3GyEnzE1NTQ_000.mp4,data\preprocessed\features\z_at\3GyEnzE1NTQ_000.pt,data\preprocessed\features\z_v\3GyEnzE1NTQ_000.pt
3GyEnzE1NTQ_001,mosei_real,0,mosei_3GyEnzE1NTQ_001,,,-1,1,1,1,D:\Documents\Programming\Thesis_G10\data\raw\CMU-MOSEI\segments\3GyEnzE1NTQ_001.mp4,data\preprocessed\features\z_at\3GyEnzE1NTQ_001.pt,data\preprocessed\features\z_v\3GyEnzE1NTQ_001.pt
3GyEnzE1NTQ_002,mosei_real,0,mosei_3GyEnzE1NTQ_002,,,-1,1,1,1,D:\Documents\Programming\Thesis_G10\data\raw\CMU-MOSEI\segments\3GyEnzE1NTQ_002.mp4,data\preprocessed\features\z_at\3GyEnzE1NTQ_002.pt,data\preprocessed\features\z_v\3GyEnzE1NTQ_002.pt
3GyEnzE1NTQ_003,mosei_real,0,mosei_3GyEnzE1NTQ_003,,,-1,1,1,1,D:\Documents\Programming\Thesis_G10\data\raw\CMU-MOSEI\segments\3GyEnzE1NTQ_003.mp4,data\preprocessed\features\z_at\3GyEnzE1NTQ_003.pt,data\preprocessed\features\z_v\3GyEnzE1NTQ_003.pt
3GyEnzE1NTQ_004,mosei_real,0,mosei_3GyEnzE1NTQ_004,,,-1,1,1,1,D:\Documents\Programming\Thesis_G10\data\raw\CMU-MOSEI\segments\3GyEnzE1NTQ_004.mp4,data\preprocessed\features\z_at\3GyEnzE1NTQ_004.pt,data\preprocessed\features\z_v\3GyEnzE1NTQ_004.pt
3GyEnzE1NTQ_005,mosei_real,0,mosei_3GyEnzE1NTQ_005,,,-1,1,1,1,D:\Documents\Programming\Thesis_G10\data\raw\CMU-MOSEI\segments\3GyEnzE1NTQ_005.mp4,data\preprocessed\features\z_at\3GyEnzE1NTQ_005.pt,data\preprocessed\features\z_v\3GyEnzE1NTQ_005.pt
3GyEnzE1NTQ_006,mosei_real,0,mosei_3GyEnzE1NTQ_006,,,-1,1,1,1,D:\Documents\Programming\Thesis_G10\data\raw\CMU-MOSEI\segments\3GyEnzE1NTQ_006.mp4,data\preprocessed\features\z_at\3GyEnzE1NTQ_006.pt,data\preprocessed\features\z_v\3GyEnzE1NTQ_006.pt
3GyEnzE1NTQ_007,mosei_real,0,mosei_3GyEnzE1NTQ_007,,,-1,1,1,1,D:\Documents\Programming\Thesis_G10\data\raw\CMU-MOSEI\segments\3GyEnzE1NTQ_007.mp4,data\preprocessed\features\z_at\3GyEnzE1NTQ_007.pt,data\preprocessed\features\z_v\3GyEnzE1NTQ_007.pt
3GyEnzE1NTQ_008,mosei_real,0,mosei_3GyEnzE1NTQ_008,,,-1,1,1,1,D:\Documents\Programming\Thesis_G10\data\raw\CMU-MOSEI\segments\3GyEnzE1NTQ_008.mp4,data\preprocessed\features\z_at\3GyEnzE1NTQ_008.pt,data\preprocessed\features\z_v\3GyEnzE1NTQ_008.pt
3GyEnzE1NTQ_009,mosei_real,0,mosei_3GyEnzE1NTQ_009,,,-1,1,1,1,D:\Documents\Programming\Thesis_G10\data\raw\CMU-MOSEI\segments\3GyEnzE1NTQ_009.mp4,data\preprocessed\features\z_at\3GyEnzE1NTQ_009.pt,data\preprocessed\features\z_v\3GyEnzE1NTQ_009.pt
3HRnhUin-5g_002,mosei_real,0,mosei_3HRnhUin-5g_002,,,-1,1,1,1,D:\Documents\Programming\Thesis_G10\data\raw\CMU-MOSEI\segments\3HRnhUin-5g_002.mp4,data\preprocessed\features\z_at\3HRnhUin-5g_002.pt,data\preprocessed\features\z_v\3HRnhUin-5g_002.pt
3HRnhUin-5g_005,mosei_real,0,mosei_3HRnhUin-5g_005,,,-1,1,1,1,D:\Documents\Programming\Thesis_G10\data\raw\CMU-MOSEI\segments\3HRnhUin-5g_005.mp4,data\preprocessed\features\z_at\3HRnhUin-5g_005.pt,data\preprocessed\features\z_v\3HRnhUin-5g_005.pt
3IUVpwx23cY_000,mosei_real,0,mosei_3IUVpwx23cY_000,,,-1,1,1,1,D:\Documents\Programming\Thesis_G10\data\raw\CMU-MOSEI\segments\3IUVpwx23cY_000.mp4,data\preprocessed\features\z_at\3IUVpwx23cY_000.pt,data\preprocessed\features\z_v\3IUVpwx23cY_000.pt
3IUVpwx23cY_002,mosei_real,0,mosei_3IUVpwx23cY_002,,,-1,1,1,1,D:\Documents\Programming\Thesis_G10\data\raw\CMU-MOSEI\segments\3IUVpwx23cY_002.mp4,data\preprocessed\features\z_at\3IUVpwx23cY_002.pt,data\preprocessed\features\z_v\3IUVpwx23cY_002.pt
3IUVpwx23cY_003,mosei_real,0,mosei_3IUVpwx23cY_003,,,-1,1,1,1,D:\Documents\Programming\Thesis_G10\data\raw\CMU-MOSEI\segments\3IUVpwx23cY_003.mp4,data\preprocessed\features\z_at\3IUVpwx23cY_003.pt,data\preprocessed\features\z_v\3IUVpwx23cY_003.pt
3IUVpwx23cY_004,mosei_real,0,mosei_3IUVpwx23cY_004,,,-1,1,1,1,D:\Documents\Programming\Thesis_G10\data\raw\CMU-MOSEI\segments\3IUVpwx23cY_004.mp4,data\preprocessed\features\z_at\3IUVpwx23cY_004.pt,data\preprocessed\features\z_v\3IUVpwx23cY_004.pt
3MFNIag0wNE_001,mosei_real,0,mosei_3MFNIag0wNE_001,,,-1,1,1,1,D:\Documents\Programming\Thesis_G10\data\raw\CMU-MOSEI\segments\3MFNIag0wNE_001.mp4,data\preprocessed\features\z_at\3MFNIag0wNE_001.pt,data\preprocessed\features\z_v\3MFNIag0wNE_001.pt
3MFNIag0wNE_005,mosei_real,0,mosei_3MFNIag0wNE_005,,,-1,1,1,1,D:\Documents\Programming\Thesis_G10\data\raw\CMU-MOSEI\segments\3MFNIag0wNE_005.mp4,data\preprocessed\features\z_at\3MFNIag0wNE_005.pt,data\preprocessed\features\z_v\3MFNIag0wNE_005.pt
3MFNIag0wNE_006,mosei_real,0,mosei_3MFNIag0wNE_006,,,-1,1,1,1,D:\Documents\Programming\Thesis_G10\data\raw\CMU-MOSEI\segments\3MFNIag0wNE_006.mp4,data\preprocessed\features\z_at\3MFNIag0wNE_006.pt,data\preprocessed\features\z_v\3MFNIag0wNE_006.pt
3MFNIag0wNE_009,mosei_real,0,mosei_3MFNIag0wNE_009,,,-1,1,1,1,D:\Documents\Programming\Thesis_G10\data\raw\CMU-MOSEI\segments\3MFNIag0wNE_009.mp4,data\preprocessed\features\z_at\3MFNIag0wNE_009.pt,data\preprocessed\features\z_v\3MFNIag0wNE_009.pt
3MFNIag0wNE_010,mosei_real,0,mosei_3MFNIag0wNE_010,,,-1,1,1,1,D:\Documents\Programming\Thesis_G10\data\raw\CMU-MOSEI\segments\3MFNIag0wNE_010.mp4,data\preprocessed\features\z_at\3MFNIag0wNE_010.pt,data\preprocessed\features\z_v\3MFNIag0wNE_010.pt
3OMgvtWNHp4_000,mosei_real,0,mosei_3OMgvtWNHp4_000,,,-1,1,1,1,D:\Documents\Programming\Thesis_G10\data\raw\CMU-MOSEI\segments\3OMgvtWNHp4_000.mp4,data\preprocessed\features\z_at\3OMgvtWNHp4_000.pt,data\preprocessed\features\z_v\3OMgvtWNHp4_000.pt
3OMgvtWNHp4_001,mosei_real,0,mosei_3OMgvtWNHp4_001,,,-1,1,1,1,D:\Documents\Programming\Thesis_G10\data\raw\CMU-MOSEI\segments\3OMgvtWNHp4_001.mp4,data\preprocessed\features\z_at\3OMgvtWNHp4_001.pt,data\preprocessed\features\z_v\3OMgvtWNHp4_001.pt
3OMgvtWNHp4_002,mosei_real,0,mosei_3OMgvtWNHp4_002,,,-1,1,1,1,D:\Documents\Programming\Thesis_G10\data\raw\CMU-MOSEI\segments\3OMgvtWNHp4_002.mp4,data\preprocessed\features\z_at\3OMgvtWNHp4_002.pt,data\preprocessed\features\z_v\3OMgvtWNHp4_002.pt
3OMgvtWNHp4_004,mosei_real,0,mosei_3OMgvtWNHp4_004,,,-1,1,1,1,D:\Documents\Programming\Thesis_G10\data\raw\CMU-MOSEI\segments\3OMgvtWNHp4_004.mp4,data\preprocessed\features\z_at\3OMgvtWNHp4_004.pt,data\preprocessed\features\z_v\3OMgvtWNHp4_004.pt
3OMgvtWNHp4_006,mosei_real,0,mosei_3OMgvtWNHp4_006,,,-1,1,1,1,D:\Documents\Programming\Thesis_G10\data\raw\CMU-MOSEI\segments\3OMgvtWNHp4_006.mp4,data\preprocessed\features\z_at\3OMgvtWNHp4_006.pt,data\preprocessed\features\z_v\3OMgvtWNHp4_006.pt
3OYY5Tsz_2k_000,mosei_real,0,mosei_3OYY5Tsz_2k_000,,,-1,1,1,1,D:\Documents\Programming\Thesis_G10\data\raw\CMU-MOSEI\segments\3OYY5Tsz_2k_000.mp4,data\preprocessed\features\z_at\3OYY5Tsz_2k_000.pt,data\preprocessed\features\z_v\3OYY5Tsz_2k_000.pt
3OYY5Tsz_2k_004,mosei_real,0,mosei_3OYY5Tsz_2k_004,,,-1,1,1,1,D:\Documents\Programming\Thesis_G10\data\raw\CMU-MOSEI\segments\3OYY5Tsz_2k_004.mp4,data\preprocessed\features\z_at\3OYY5Tsz_2k_004.pt,data\preprocessed\features\z_v\3OYY5Tsz_2k_004.pt
3OYY5Tsz_2k_005,mosei_real,0,mosei_3OYY5Tsz_2k_005,,,-1,1,1,1,D:\Documents\Programming\Thesis_G10\data\raw\CMU-MOSEI\segments\3OYY5Tsz_2k_005.mp4,data\preprocessed\features\z_at\3OYY5Tsz_2k_005.pt,data\preprocessed\features\z_v\3OYY5Tsz_2k_005.pt
3REPHw7oLWo_002,mosei_real,0,mosei_3REPHw7oLWo_002,,,-1,1,1,1,D:\Documents\Programming\Thesis_G10\data\raw\CMU-MOSEI\segments\3REPHw7oLWo_002.mp4,data\preprocessed\features\z_at\3REPHw7oLWo_002.pt,data\preprocessed\features\z_v\3REPHw7oLWo_002.pt
3UOqbf_B_Yc_000,mosei_real,0,mosei_3UOqbf_B_Yc_000,,,-1,1,1,1,D:\Documents\Programming\Thesis_G10\data\raw\CMU-MOSEI\segments\3UOqbf_B_Yc_000.mp4,data\preprocessed\features\z_at\3UOqbf_B_Yc_000.pt,data\preprocessed\features\z_v\3UOqbf_B_Yc_000.pt
3UOqbf_B_Yc_001,mosei_real,0,mosei_3UOqbf_B_Yc_001,,,-1,1,1,1,D:\Documents\Programming\Thesis_G10\data\raw\CMU-MOSEI\segments\3UOqbf_B_Yc_001.mp4,data\preprocessed\features\z_at\3UOqbf_B_Yc_001.pt,data\preprocessed\features\z_v\3UOqbf_B_Yc_001.pt
3UOqbf_B_Yc_003,mosei_real,0,mosei_3UOqbf_B_Yc_003,,,-1,1,1,1,D:\Documents\Programming\Thesis_G10\data\raw\CMU-MOSEI\segments\3UOqbf_B_Yc_003.mp4,data\preprocessed\features\z_at\3UOqbf_B_Yc_003.pt,data\preprocessed\features\z_v\3UOqbf_B_Yc_003.pt
3V2qm0rw920_000,mosei_real,0,mosei_3V2qm0rw920_000,,,-1,1,1,1,D:\Documents\Programming\Thesis_G10\data\raw\CMU-MOSEI\segments\3V2qm0rw920_000.mp4,data\preprocessed\features\z_at\3V2qm0rw920_000.pt,data\preprocessed\features\z_v\3V2qm0rw920_000.pt
