clip_id,source_pipeline,fake_label,speaker_id,audio_emotion,visual_emotion,sarcasm_label,has_z_at,has_z_v,is_ready_for_training,video_path,z_at_path,z_v_path
OKSx1zxHGpQ_008,mosei_real,0,mosei_OKSx1zxHGpQ_008,,,-1,1,1,1,D:\Documents\Programming\Thesis_G10\data\raw\CMU-MOSEI\segments\OKSx1zxHGpQ_008.mp4,data\preprocessed\features\z_at\OKSx1zxHGpQ_008.pt,data\preprocessed\features\z_v\OKSx1zxHGpQ_008.pt
OKSx1zxHGpQ_012,mosei_real,0,mosei_OKSx1zxHGpQ_012,,,-1,1,1,1,D:\Documents\Programming\Thesis_G10\data\raw\CMU-MOSEI\segments\OKSx1zxHGpQ_012.mp4,data\preprocessed\features\z_at\OKSx1zxHGpQ_012.pt,data\preprocessed\features\z_v\OKSx1zxHGpQ_012.pt
OKSx1zxHGpQ_013,mosei_real,0,mosei_OKSx1zxHGpQ_013,,,-1,1,1,1,D:\Documents\Programming\Thesis_G10\data\raw\CMU-MOSEI\segments\OKSx1zxHGpQ_013.mp4,data\preprocessed\features\z_at\OKSx1zxHGpQ_013.pt,data\preprocessed\features\z_v\OKSx1zxHGpQ_013.pt
OKSx1zxHGpQ_014,mosei_real,0,mosei_OKSx1zxHGpQ_014,,,-1,1,1,1,D:\Documents\Programming\Thesis_G10\data\raw\CMU-MOSEI\segments\OKSx1zxHGpQ_014.mp4,data\preprocessed\features\z_at\OKSx1zxHGpQ_014.pt,data\preprocessed\features\z_v\OKSx1zxHGpQ_014.pt
OKSx1zxHGpQ_015,mosei_real,0,mosei_OKSx1zxHGpQ_015,,,-1,1,1,1,D:\Documents\Programming\Thesis_G10\data\raw\CMU-MOSEI\segments\OKSx1zxHGpQ_015.mp4,data\preprocessed\features\z_at\OKSx1zxHGpQ_015.pt,data\preprocessed\features\z_v\OKSx1zxHGpQ_015.pt
OKSx1zxHGpQ_019,mosei_real,0,mosei_OKSx1zxHGpQ_019,,,-1,1,1,1,D:\Documents\Programming\Thesis_G10\data\raw\CMU-MOSEI\segments\OKSx1zxHGpQ_019.mp4,data\preprocessed\features\z_at\OKSx1zxHGpQ_019.pt,data\preprocessed\features\z_v\OKSx1zxHGpQ_019.pt
OKSx1zxHGpQ_022,mosei_real,0,mosei_OKSx1zxHGpQ_022,,,-1,1,1,1,D:\Documents\Programming\Thesis_G10\data\raw\CMU-MOSEI\segments\OKSx1zxHGpQ_022.mp4,data\preprocessed\features\z_at\OKSx1zxHGpQ_022.pt,data\preprocessed\features\z_v\OKSx1zxHGpQ_022.pt
OKSx1zxHGpQ_024,mosei_real,0,mosei_OKSx1zxHGpQ_024,,,-1,1,1,1,D:\Documents\Programming\Thesis_G10\data\raw\CMU-MOSEI\segments\OKSx1zxHGpQ_024.mp4,data\preprocessed\features\z_at\OKSx1zxHGpQ_024.pt,data\preprocessed\features\z_v\OKSx1zxHGpQ_024.pt
OKSx1zxHGpQ_027,mosei_real,0,mosei_OKSx1zxHGpQ_027,,,-1,1,1,1,D:\Documents\Programming\Thesis_G10\data\raw\CMU-MOSEI\segments\OKSx1zxHGpQ_027.mp4,data\preprocessed\features\z_at\OKSx1zxHGpQ_027.pt,data\preprocessed\features\z_v\OKSx1zxHGpQ_027.pt
OORklkFql3k_007,mosei_real,0,mosei_OORklkFql3k_007,,,-1,1,1,1,D:\Documents\Programming\Thesis_G10\data\raw\CMU-MOSEI\segments\OORklkFql3k_007.mp4,data\preprocessed\features\z_at\OORklkFql3k_007.pt,data\preprocessed\features\z_v\OORklkFql3k_007.pt
OOh1_ffKOKk_000,mosei_real,0,mosei_OOh1_ffKOKk_000,,,-1,1,1,1,D:\Documents\Programming\Thesis_G10\data\raw\CMU-MOSEI\segments\OOh1_ffKOKk_000.mp4,data\preprocessed\features\z_at\OOh1_ffKOKk_000.pt,data\preprocessed\features\z_v\OOh1_ffKOKk_000.pt
OOh1_ffKOKk_001,mosei_real,0,mosei_OOh1_ffKOKk_001,,,-1,1,1,1,D:\Documents\Programming\Thesis_G10\data\raw\CMU-MOSEI\segments\OOh1_ffKOKk_001.mp4,data\preprocessed\features\z_at\OOh1_ffKOKk_001.pt,data\preprocessed\features\z_v\OOh1_ffKOKk_001.pt
OOh1_ffKOKk_003,mosei_real,0,mosei_OOh1_ffKOKk_003,,,-1,1,1,1,D:\Documents\Programming\Thesis_G10\data\raw\CMU-MOSEI\segments\OOh1_ffKOKk_003.mp4,data\preprocessed\features\z_at\OOh1_ffKOKk_003.pt,data\preprocessed\features\z_v\OOh1_ffKOKk_003.pt
OUjzDchhkIA_000,mosei_real,0,mosei_OUjzDchhkIA_000,,,-1,1,1,1,D:\Documents\Programming\Thesis_G10\data\raw\CMU-MOSEI\segments\OUjzDchhkIA_000.mp4,data\preprocessed\features\z_at\OUjzDchhkIA_000.pt,data\preprocessed\features\z_v\OUjzDchhkIA_000.pt
OUjzDchhkIA_003,mosei_real,0,mosei_OUjzDchhkIA_003,,,-1,1,1,1,D:\Documents\Programming\Thesis_G10\data\raw\CMU-MOSEI\segments\OUjzDchhkIA_003.mp4,data\preprocessed\features\z_at\OUjzDchhkIA_003.pt,data\preprocessed\features\z_v\OUjzDchhkIA_003.pt
OUjzDchhkIA_004,mosei_real,0,mosei_OUjzDchhkIA_004,,,-1,1,1,1,D:\Documents\Programming\Thesis_G10\data\raw\CMU-MOSEI\segments\OUjzDchhkIA_004.mp4,data\preprocessed\features\z_at\OUjzDchhkIA_004.pt,data\preprocessed\features\z_v\OUjzDchhkIA_004.pt
OWWHjP3pX9o_000,mosei_real,0,mosei_OWWHjP3pX9o_000,,,-1,1,1,1,D:\Documents\Programming\Thesis_G10\data\raw\CMU-MOSEI\segments\OWWHjP3pX9o_000.mp4,data\preprocessed\features\z_at\OWWHjP3pX9o_000.pt,data\preprocessed\features\z_v\OWWHjP3pX9o_000.pt
OWWHjP3pX9o_001,mosei_real,0,mosei_OWWHjP3pX9o_001,,,-1,1,1,1,D:\Documents\Programming\Thesis_G10\data\raw\CMU-MOSEI\segments\OWWHjP3pX9o_001.mp4,data\preprocessed\features\z_at\OWWHjP3pX9o_001.pt,data\preprocessed\features\z_v\OWWHjP3pX9o_001.pt
OWWHjP3pX9o_002,mosei_real,0,mosei_OWWHjP3pX9o_002,,,-1,1,1,1,D:\Documents\Programming\Thesis_G10\data\raw\CMU-MOSEI\segments\OWWHjP3pX9o_002.mp4,data\preprocessed\features\z_at\OWWHjP3pX9o_002.pt,data\preprocessed\features\z_v\OWWHjP3pX9o_002.pt
OWWHjP3pX9o_003,mosei_real,0,mosei_OWWHjP3pX9o_003,,,-1,1,1,1,D:\Documents\Programming\Thesis_G10\data\raw\CMU-MOSEI\segments\OWWHjP3pX9o_003.mp4,data\preprocessed\features\z_at\OWWHjP3pX9o_003.pt,data\preprocessed\features\z_v\OWWHjP3pX9o_003.pt
OWWHjP3pX9o_005,mosei_real,0,mosei_OWWHjP3pX9o_005,,,-1,1,1,1,D:\Documents\Programming\Thesis_G10\data\raw\CMU-MOSEI\segments\OWWHjP3pX9o_005.mp4,data\preprocessed\features\z_at\OWWHjP3pX9o_005.pt,data\preprocessed\features\z_v\OWWHjP3pX9o_005.pt
OWWHjP3pX9o_006,mosei_real,0,mosei_OWWHjP3pX9o_006,,,-1,1,1,1,D:\Documents\Programming\Thesis_G10\data\raw\CMU-MOSEI\segments\OWWHjP3pX9o_006.mp4,data\preprocessed\features\z_at\OWWHjP3pX9o_006.pt,data\preprocessed\features\z_v\OWWHjP3pX9o_006.pt
OWWHjP3pX9o_009,mosei_real,0,mosei_OWWHjP3pX9o_009,,,-1,1,1,1,D:\Documents\Programming\Thesis_G10\data\raw\CMU-MOSEI\segments\OWWHjP3pX9o_009.mp4,data\preprocessed\features\z_at\OWWHjP3pX9o_009.pt,data\preprocessed\features\z_v\OWWHjP3pX9o_009.pt
OXsTIPdytiw_003,mosei_real,0,mosei_OXsTIPdytiw_003,,,-1,1,1,1,D:\Documents\Programming\Thesis_G10\data\raw\CMU-MOSEI\segments\OXsTIPdytiw_003.mp4,data\preprocessed\features\z_at\OXsTIPdytiw_003.pt,data\preprocessed\features\z_v\OXsTIPdytiw_003.pt
OXsTIPdytiw_006,mosei_real,0,mosei_OXsTIPdytiw_006,,,-1,1,1,1,D:\Documents\Programming\Thesis_G10\data\raw\CMU-MOSEI\segments\OXsTIPdytiw_006.mp4,data\preprocessed\features\z_at\OXsTIPdytiw_006.pt,data\preprocessed\features\z_v\OXsTIPdytiw_006.pt
O_fTDhCtAhw_000,mosei_real,0,mosei_O_fTDhCtAhw_000,,,-1,1,1,1,D:\Documents\Programming\Thesis_G10\data\raw\CMU-MOSEI\segments\O_fTDhCtAhw_000.mp4,data\preprocessed\features\z_at\O_fTDhCtAhw_000.pt,data\preprocessed\features\z_v\O_fTDhCtAhw_000.pt
Oa2xVjzAMFc_001,mosei_real,0,mosei_Oa2xVjzAMFc_001,,,-1,1,1,1,D:\Documents\Programming\Thesis_G10\data\raw\CMU-MOSEI\segments\Oa2xVjzAMFc_001.mp4,data\preprocessed\features\z_at\Oa2xVjzAMFc_001.pt,data\preprocessed\features\z_v\Oa2xVjzAMFc_001.pt
Oa2xVjzAMFc_002,mosei_real,0,mosei_Oa2xVjzAMFc_002,,,-1,1,1,1,D:\Documents\Programming\Thesis_G10\data\raw\CMU-MOSEI\segments\Oa2xVjzAMFc_002.mp4,data\preprocessed\features\z_at\Oa2xVjzAMFc_002.pt,data\preprocessed\features\z_v\Oa2xVjzAMFc_002.pt
Oa2xVjzAMFc_003,mosei_real,0,mosei_Oa2xVjzAMFc_003,,,-1,1,1,1,D:\Documents\Programming\Thesis_G10\data\raw\CMU-MOSEI\segments\Oa2xVjzAMFc_003.mp4,data\preprocessed\features\z_at\Oa2xVjzAMFc_003.pt,data\preprocessed\features\z_v\Oa2xVjzAMFc_003.pt
Oa2xVjzAMFc_005,mosei_real,0,mosei_Oa2xVjzAMFc_005,,,-1,1,1,1,D:\Documents\Programming\Thesis_G10\data\raw\CMU-MOSEI\segments\Oa2xVjzAMFc_005.mp4,data\preprocessed\features\z_at\Oa2xVjzAMFc_005.pt,data\preprocessed\features\z_v\Oa2xVjzAMFc_005.pt
OaWYjsS02fk_001,mosei_real,0,mosei_OaWYjsS02fk_001,,,-1,1,1,1,D:\Documents\Programming\Thesis_G10\data\raw\CMU-MOSEI\segments\OaWYjsS02fk_001.mp4,data\preprocessed\features\z_at\OaWYjsS02fk_001.pt,data\preprocessed\features\z_v\OaWYjsS02fk_001.pt
OaWYjsS02fk_002,mosei_real,0,mosei_OaWYjsS02fk_002,,,-1,1,1,1,D:\Documents\Programming\Thesis_G10\data\raw\CMU-MOSEI\segments\OaWYjsS02fk_002.mp4,data\preprocessed\features\z_at\OaWYjsS02fk_002.pt,data\preprocessed\features\z_v\OaWYjsS02fk_002.pt
OaWYjsS02fk_003,mosei_real,0,mosei_OaWYjsS02fk_003,,,-1,1,1,1,D:\Documents\Programming\Thesis_G10\data\raw\CMU-MOSEI\segments\OaWYjsS02fk_003.mp4,data\preprocessed\features\z_at\OaWYjsS02fk_003.pt,data\preprocessed\features\z_v\OaWYjsS02fk_003.pt
Ob8vPQCPDX0_000,mosei_real,0,mosei_Ob8vPQCPDX0_000,,,-1,1,1,1,D:\Documents\Programming\Thesis_G10\data\raw\CMU-MOSEI\segments\Ob8vPQCPDX0_000.mp4,data\preprocessed\features\z_at\Ob8vPQCPDX0_000.pt,data\preprocessed\features\z_v\Ob8vPQCPDX0_000.pt
Ob8vPQCPDX0_005,mosei_real,0,mosei_Ob8vPQCPDX0_005,,,-1,1,1,1,D:\Documents\Programming\Thesis_G10\data\raw\CMU-MOSEI\segments\Ob8vPQCPDX0_005.mp4,data\preprocessed\features\z_at\Ob8vPQCPDX0_005.pt,data\preprocessed\features\z_v\Ob8vPQCPDX0_005.pt
OctOcfI4KSs_002,mosei_real,0,mosei_OctOcfI4KSs_002,,,-1,1,1,1,D:\Documents\Programming\Thesis_G10\data\raw\CMU-MOSEI\segments\OctOcfI4KSs_002.mp4,data\preprocessed\features\z_at\OctOcfI4KSs_002.pt,data\preprocessed\features\z_v\OctOcfI4KSs_002.pt
OdKp0hYomgs_001,mosei_real,0,mosei_OdKp0hYomgs_001,,,-1,1,1,1,D:\Documents\Programming\Thesis_G10\data\raw\CMU-MOSEI\segments\OdKp0hYomgs_001.mp4,data\preprocessed\features\z_at\OdKp0hYomgs_001.pt,data\preprocessed\features\z_v\OdKp0hYomgs_001.pt
OdKp0hYomgs_002,mosei_real,0,mosei_OdKp0hYomgs_002,,,-1,1,1,1,D:\Documents\Programming\Thesis_G10\data\raw\CMU-MOSEI\segments\OdKp0hYomgs_002.mp4,data\preprocessed\features\z_at\OdKp0hYomgs_002.pt,data\preprocessed\features\z_v\OdKp0hYomgs_002.pt
OdKp0hYomgs_003,mosei_real,0,mosei_OdKp0hYomgs_003,,,-1,1,1,1,D:\Documents\Programming\Thesis_G10\data\raw\CMU-MOSEI\segments\OdKp0hYomgs_003.mp4,data\preprocessed\features\z_at\OdKp0hYomgs_003.pt,data\preprocessed\features\z_v\OdKp0hYomgs_003.pt
OdKp0hYomgs_004,mosei_real,0,mosei_OdKp0hYomgs_004,,,-1,1,1,1,D:\Documents\Programming\Thesis_G10\data\raw\CMU-MOSEI\segments\OdKp0hYomgs_004.mp4,data\preprocessed\features\z_at\OdKp0hYomgs_004.pt,data\preprocessed\features\z_v\OdKp0hYomgs_004.pt
OdKp0hYomgs_005,mosei_real,0,mosei_OdKp0hYomgs_005,,,-1,1,1,1,D:\Documents\Programming\Thesis_G10\data\raw\CMU-MOSEI\segments\OdKp0hYomgs_005.mp4,data\preprocessed\features\z_at\OdKp0hYomgs_005.pt,data\preprocessed\features\z_v\OdKp0hYomgs_005.pt
OdKp0hYomgs_006,mosei_real,0,mosei_OdKp0hYomgs_006,,,-1,1,1,1,D:\Documents\Programming\Thesis_G10\data\raw\CMU-MOSEI\segments\OdKp0hYomgs_006.mp4,data\preprocessed\features\z_at\OdKp0hYomgs_006.pt,data\preprocessed\features\z_v\OdKp0hYomgs_006.pt
OdKp0hYomgs_007,mosei_real,0,mosei_OdKp0hYomgs_007,,,-1,1,1,1,D:\Documents\Programming\Thesis_G10\data\raw\CMU-MOSEI\segments\OdKp0hYomgs_007.mp4,data\preprocessed\features\z_at\OdKp0hYomgs_007.pt,data\preprocessed\features\z_v\OdKp0hYomgs_007.pt
OdKp0hYomgs_008,mosei_real,0,mosei_OdKp0hYomgs_008,,,-1,1,1,1,D:\Documents\Programming\Thesis_G10\data\raw\CMU-MOSEI\segments\OdKp0hYomgs_008.mp4,data\preprocessed\features\z_at\OdKp0hYomgs_008.pt,data\preprocessed\features\z_v\OdKp0hYomgs_008.pt
OdKp0hYomgs_009,mosei_real,0,mosei_OdKp0hYomgs_009,,,-1,1,1,1,D:\Documents\Programming\Thesis_G10\data\raw\CMU-MOSEI\segments\OdKp0hYomgs_009.mp4,data\preprocessed\features\z_at\OdKp0hYomgs_009.pt,data\preprocessed\features\z_v\OdKp0hYomgs_009.pt
OrYBtyO0aPI_000,mosei_real,0,mosei_OrYBtyO0aPI_000,,,-1,1,1,1,D:\Documents\Programming\Thesis_G10\data\raw\CMU-MOSEI\segments\OrYBtyO0aPI_000.mp4,data\preprocessed\features\z_at\OrYBtyO0aPI_000.pt,data\preprocessed\features\z_v\OrYBtyO0aPI_000.pt
OrYBtyO0aPI_001,mosei_real,0,mosei_OrYBtyO0aPI_001,,,-1,1,1,1,D:\Documents\Programming\Thesis_G10\data\raw\CMU-MOSEI\segments\OrYBtyO0aPI_001.mp4,data\preprocessed\features\z_at\OrYBtyO0aPI_001.pt,data\preprocessed\features\z_v\OrYBtyO0aPI_001.pt
OrYBtyO0aPI_003,mosei_real,0,mosei_OrYBtyO0aPI_003,,,-1,1,1,1,D:\Documents\Programming\Thesis_G10\data\raw\CMU-MOSEI\segments\OrYBtyO0aPI_003.mp4,data\preprocessed\features\z_at\OrYBtyO0aPI_003.pt,data\preprocessed\features\z_v\OrYBtyO0aPI_003.pt
OrYBtyO0aPI_004,mosei_real,0,mosei_OrYBtyO0aPI_004,,,-1,1,1,1,D:\Documents\Programming\Thesis_G10\data\raw\CMU-MOSEI\segments\OrYBtyO0aPI_004.mp4,data\preprocessed\features\z_at\OrYBtyO0aPI_004.pt,data\preprocessed\features\z_v\OrYBtyO0aPI_004.pt
OrYBtyO0aPI_005,mosei_real,0,mosei_OrYBtyO0aPI_005,,,-1,1,1,1,D:\Documents\Programming\Thesis_G10\data\raw\CMU-MOSEI\segments\OrYBtyO0aPI_005.mp4,data\preprocessed\features\z_at\OrYBtyO0aPI_005.pt,data\preprocessed\features\z_v\OrYBtyO0aPI_005.pt
OrYBtyO0aPI_006,mosei_real,0,mosei_OrYBtyO0aPI_006,,,-1,1,1,1,D:\Documents\Programming\Thesis_G10\data\raw\CMU-MOSEI\segments\OrYBtyO0aPI_006.mp4,data\preprocessed\features\z_at\OrYBtyO0aPI_006.pt,data\preprocessed\features\z_v\OrYBtyO0aPI_006.pt
OxyQSJMvWBo_000,mosei_real,0,mosei_OxyQSJMvWBo_000,,,-1,1,1,1,D:\Documents\Programming\Thesis_G10\data\raw\CMU-MOSEI\segments\OxyQSJMvWBo_000.mp4,data\preprocessed\features\z_at\OxyQSJMvWBo_000.pt,data\preprocessed\features\z_v\OxyQSJMvWBo_000.pt
OxyQSJMvWBo_001,mosei_real,0,mosei_OxyQSJMvWBo_001,,,-1,1,1,1,D:\Documents\Programming\Thesis_G10\data\raw\CMU-MOSEI\segments\OxyQSJMvWBo_001.mp4,data\preprocessed\features\z_at\OxyQSJMvWBo_001.pt,data\preprocessed\features\z_v\OxyQSJMvWBo_001.pt
OxyQSJMvWBo_004,mosei_real,0,mosei_OxyQSJMvWBo_004,,,-1,1,1,1,D:\Documents\Programming\Thesis_G10\data\raw\CMU-MOSEI\segments\OxyQSJMvWBo_004.mp4,data\preprocessed\features\z_at\OxyQSJMvWBo_004.pt,data\preprocessed\features\z_v\OxyQSJMvWBo_004.pt
OxyQSJMvWBo_005,mosei_real,0,mosei_OxyQSJMvWBo_005,,,-1,1,1,1,D:\Documents\Programming\Thesis_G10\data\raw\CMU-MOSEI\segments\OxyQSJMvWBo_005.mp4,data\preprocessed\features\z_at\OxyQSJMvWBo_005.pt,data\preprocessed\features\z_v\OxyQSJMvWBo_005.pt
OxyQSJMvWBo_006,mosei_real,0,mosei_OxyQSJMvWBo_006,,,-1,1,1,1,D:\Documents\Programming\Thesis_G10\data\raw\CMU-MOSEI\segments\OxyQSJMvWBo_006.mp4,data\preprocessed\features\z_at\OxyQSJMvWBo_006.pt,data\preprocessed\features\z_v\OxyQSJMvWBo_006.pt
OxyQSJMvWBo_009,mosei_real,0,mosei_OxyQSJMvWBo_009,,,-1,1,1,1,D:\Documents\Programming\Thesis_G10\data\raw\CMU-MOSEI\segments\OxyQSJMvWBo_009.mp4,data\preprocessed\features\z_at\OxyQSJMvWBo_009.pt,data\preprocessed\features\z_v\OxyQSJMvWBo_009.pt
OxyQSJMvWBo_010,mosei_real,0,mosei_OxyQSJMvWBo_010,,,-1,1,1,1,D:\Documents\Programming\Thesis_G10\data\raw\CMU-MOSEI\segments\OxyQSJMvWBo_010.mp4,data\preprocessed\features\z_at\OxyQSJMvWBo_010.pt,data\preprocessed\features\z_v\OxyQSJMvWBo_010.pt
OxyQSJMvWBo_012,mosei_real,0,mosei_OxyQSJMvWBo_012,,,-1,1,1,1,D:\Documents\Programming\Thesis_G10\data\raw\CMU-MOSEI\segments\OxyQSJMvWBo_012.mp4,data\preprocessed\features\z_at\OxyQSJMvWBo_012.pt,data\preprocessed\features\z_v\OxyQSJMvWBo_012.pt
OxyQSJMvWBo_013,mosei_real,0,mosei_OxyQSJMvWBo_013,,,-1,1,1,1,D:\Documents\Programming\Thesis_G10\data\raw\CMU-MOSEI\segments\OxyQSJMvWBo_013.mp4,data\preprocessed\features\z_at\OxyQSJMvWBo_013.pt,data\preprocessed\features\z_v\OxyQSJMvWBo_013.pt
P0UHzR4CmYg_003,mosei_real,0,mosei_P0UHzR4CmYg_003,,,-1,1,1,1,D:\Documents\Programming\Thesis_G10\data\raw\CMU-MOSEI\segments\P0UHzR4CmYg_003.mp4,data\preprocessed\features\z_at\P0UHzR4CmYg_003.pt,data\preprocessed\features\z_v\P0UHzR4CmYg_003.pt
P0UHzR4CmYg_004,mosei_real,0,mosei_P0UHzR4CmYg_004,,,-1,1,1,1,D:\Documents\Programming\Thesis_G10\data\raw\CMU-MOSEI\segments\P0UHzR4CmYg_004.mp4,data\preprocessed\features\z_at\P0UHzR4CmYg_004.pt,data\preprocessed\features\z_v\P0UHzR4CmYg_004.pt
P0UHzR4CmYg_007,mosei_real,0,mosei_P0UHzR4CmYg_007,,,-1,1,1,1,D:\Documents\Programming\Thesis_G10\data\raw\CMU-MOSEI\segments\P0UHzR4CmYg_007.mp4,data\preprocessed\features\z_at\P0UHzR4CmYg_007.pt,data\preprocessed\features\z_v\P0UHzR4CmYg_007.pt
P0UHzR4CmYg_008,mosei_real,0,mosei_P0UHzR4CmYg_008,,,-1,1,1,1,D:\Documents\Programming\Thesis_G10\data\raw\CMU-MOSEI\segments\P0UHzR4CmYg_008.mp4,data\preprocessed\features\z_at\P0UHzR4CmYg_008.pt,data\preprocessed\features\z_v\P0UHzR4CmYg_008.pt
P0UHzR4CmYg_009,mosei_real,0,mosei_P0UHzR4CmYg_009,,,-1,1,1,1,D:\Documents\Programming\Thesis_G10\data\raw\CMU-MOSEI\segments\P0UHzR4CmYg_009.mp4,data\preprocessed\features\z_at\P0UHzR4CmYg_009.pt,data\preprocessed\features\z_v\P0UHzR4CmYg_009.pt
P0UHzR4CmYg_015,mosei_real,0,mosei_P0UHzR4CmYg_015,,,-1,1,1,1,D:\Documents\Programming\Thesis_G10\data\raw\CMU-MOSEI\segments\P0UHzR4CmYg_015.mp4,data\preprocessed\features\z_at\P0UHzR4CmYg_015.pt,data\preprocessed\features\z_v\P0UHzR4CmYg_015.pt
P0UHzR4CmYg_017,mosei_real,0,mosei_P0UHzR4CmYg_017,,,-1,1,1,1,D:\Documents\Programming\Thesis_G10\data\raw\CMU-MOSEI\segments\P0UHzR4CmYg_017.mp4,data\preprocessed\features\z_at\P0UHzR4CmYg_017.pt,data\preprocessed\features\z_v\P0UHzR4CmYg_017.pt
P0UHzR4CmYg_018,mosei_real,0,mosei_P0UHzR4CmYg_018,,,-1,1,1,1,D:\Documents\Programming\Thesis_G10\data\raw\CMU-MOSEI\segments\P0UHzR4CmYg_018.mp4,data\preprocessed\features\z_at\P0UHzR4CmYg_018.pt,data\preprocessed\features\z_v\P0UHzR4CmYg_018.pt
P0UHzR4CmYg_020,mosei_real,0,mosei_P0UHzR4CmYg_020,,,-1,1,1,1,D:\Documents\Programming\Thesis_G10\data\raw\CMU-MOSEI\segments\P0UHzR4CmYg_020.mp4,data\preprocessed\features\z_at\P0UHzR4CmYg_020.pt,data\preprocessed\features\z_v\P0UHzR4CmYg_020.pt
P0WaXnH37uI_001,mosei_real,0,mosei_P0WaXnH37uI_001,,,-1,1,1,1,D:\Documents\Programming\Thesis_G10\data\raw\CMU-MOSEI\segments\P0WaXnH37uI_001.mp4,data\preprocessed\features\z_at\P0WaXnH37uI_001.pt,data\preprocessed\features\z_v\P0WaXnH37uI_001.pt
P0WaXnH37uI_002,mosei_real,0,mosei_P0WaXnH37uI_002,,,-1,1,1,1,D:\Documents\Programming\Thesis_G10\data\raw\CMU-MOSEI\segments\P0WaXnH37uI_002.mp4,data\preprocessed\features\z_at\P0WaXnH37uI_002.pt,data\preprocessed\features\z_v\P0WaXnH37uI_002.pt
P0WaXnH37uI_004,mosei_real,0,mosei_P0WaXnH37uI_004,,,-1,1,1,1,D:\Documents\Programming\Thesis_G10\data\raw\CMU-MOSEI\segments\P0WaXnH37uI_004.mp4,data\preprocessed\features\z_at\P0WaXnH37uI_004.pt,data\preprocessed\features\z_v\P0WaXnH37uI_004.pt
P35dyIit1yM_000,mosei_real,0,mosei_P35dyIit1yM_000,,,-1,1,1,1,D:\Documents\Programming\Thesis_G10\data\raw\CMU-MOSEI\segments\P35dyIit1yM_000.mp4,data\preprocessed\features\z_at\P35dyIit1yM_000.pt,data\preprocessed\features\z_v\P35dyIit1yM_000.pt
P35dyIit1yM_002,mosei_real,0,mosei_P35dyIit1yM_002,,,-1,1,1,1,D:\Documents\Programming\Thesis_G10\data\raw\CMU-MOSEI\segments\P35dyIit1yM_002.mp4,data\preprocessed\features\z_at\P35dyIit1yM_002.pt,data\preprocessed\features\z_v\P35dyIit1yM_002.pt
P3QEOJWxXI8_000,mosei_real,0,mosei_P3QEOJWxXI8_000,,,-1,1,1,1,D:\Documents\Programming\Thesis_G10\data\raw\CMU-MOSEI\segments\P3QEOJWxXI8_000.mp4,data\preprocessed\features\z_at\P3QEOJWxXI8_000.pt,data\preprocessed\features\z_v\P3QEOJWxXI8_000.pt
P3QEOJWxXI8_002,mosei_real,0,mosei_P3QEOJWxXI8_002,,,-1,1,1,1,D:\Documents\Programming\Thesis_G10\data\raw\CMU-MOSEI\segments\P3QEOJWxXI8_002.mp4,data\preprocessed\features\z_at\P3QEOJWxXI8_002.pt,data\preprocessed\features\z_v\P3QEOJWxXI8_002.pt
P3QEOJWxXI8_004,mosei_real,0,mosei_P3QEOJWxXI8_004,,,-1,1,1,1,D:\Documents\Programming\Thesis_G10\data\raw\CMU-MOSEI\segments\P3QEOJWxXI8_004.mp4,data\preprocessed\features\z_at\P3QEOJWxXI8_004.pt,data\preprocessed\features\z_v\P3QEOJWxXI8_004.pt
P3QEOJWxXI8_005,mosei_real,0,mosei_P3QEOJWxXI8_005,,,-1,1,1,1,D:\Documents\Programming\Thesis_G10\data\raw\CMU-MOSEI\segments\P3QEOJWxXI8_005.mp4,data\preprocessed\features\z_at\P3QEOJWxXI8_005.pt,data\preprocessed\features\z_v\P3QEOJWxXI8_005.pt
PANWQeBKStk_001,mosei_real,0,mosei_PANWQeBKStk_001,,,-1,1,1,1,D:\Documents\Programming\Thesis_G10\data\raw\CMU-MOSEI\segments\PANWQeBKStk_001.mp4,data\preprocessed\features\z_at\PANWQeBKStk_001.pt,data\preprocessed\features\z_v\PANWQeBKStk_001.pt
PANWQeBKStk_002,mosei_real,0,mosei_PANWQeBKStk_002,,,-1,1,1,1,D:\Documents\Programming\Thesis_G10\data\raw\CMU-MOSEI\segments\PANWQeBKStk_002.mp4,data\preprocessed\features\z_at\PANWQeBKStk_002.pt,data\preprocessed\features\z_v\PANWQeBKStk_002.pt
PANWQeBKStk_003,mosei_real,0,mosei_PANWQeBKStk_003,,,-1,1,1,1,D:\Documents\Programming\Thesis_G10\data\raw\CMU-MOSEI\segments\PANWQeBKStk_003.mp4,data\preprocessed\features\z_at\PANWQeBKStk_003.pt,data\preprocessed\features\z_v\PANWQeBKStk_003.pt
PEBwwe0PLZ8_001,mosei_real,0,mosei_PEBwwe0PLZ8_001,,,-1,1,1,1,D:\Documents\Programming\Thesis_G10\data\raw\CMU-MOSEI\segments\PEBwwe0PLZ8_001.mp4,data\preprocessed\features\z_at\PEBwwe0PLZ8_001.pt,data\preprocessed\features\z_v\PEBwwe0PLZ8_001.pt
PEBwwe0PLZ8_002,mosei_real,0,mosei_PEBwwe0PLZ8_002,,,-1,1,1,1,D:\Documents\Programming\Thesis_G10\data\raw\CMU-MOSEI\segments\PEBwwe0PLZ8_002.mp4,data\preprocessed\features\z_at\PEBwwe0PLZ8_002.pt,data\preprocessed\features\z_v\PEBwwe0PLZ8_002.pt
PEBwwe0PLZ8_004,mosei_real,0,mosei_PEBwwe0PLZ8_004,,,-1,1,1,1,D:\Documents\Programming\Thesis_G10\data\raw\CMU-MOSEI\segments\PEBwwe0PLZ8_004.mp4,data\preprocessed\features\z_at\PEBwwe0PLZ8_004.pt,data\preprocessed\features\z_v\PEBwwe0PLZ8_004.pt
PEBwwe0PLZ8_006,mosei_real,0,mosei_PEBwwe0PLZ8_006,,,-1,1,1,1,D:\Documents\Programming\Thesis_G10\data\raw\CMU-MOSEI\segments\PEBwwe0PLZ8_006.mp4,data\preprocessed\features\z_at\PEBwwe0PLZ8_006.pt,data\preprocessed\features\z_v\PEBwwe0PLZ8_006.pt
PEBwwe0PLZ8_008,mosei_real,0,mosei_PEBwwe0PLZ8_008,,,-1,1,1,1,D:\Documents\Programming\Thesis_G10\data\raw\CMU-MOSEI\segments\PEBwwe0PLZ8_008.mp4,data\preprocessed\features\z_at\PEBwwe0PLZ8_008.pt,data\preprocessed\features\z_v\PEBwwe0PLZ8_008.pt
PHJ8eybXJdw_000,mosei_real,0,mosei_PHJ8eybXJdw_000,,,-1,1,1,1,D:\Documents\Programming\Thesis_G10\data\raw\CMU-MOSEI\segments\PHJ8eybXJdw_000.mp4,data\preprocessed\features\z_at\PHJ8eybXJdw_000.pt,data\preprocessed\features\z_v\PHJ8eybXJdw_000.pt
PHJ8eybXJdw_001,mosei_real,0,mosei_PHJ8eybXJdw_001,,,-1,1,1,1,D:\Documents\Programming\Thesis_G10\data\raw\CMU-MOSEI\segments\PHJ8eybXJdw_001.mp4,data\preprocessed\features\z_at\PHJ8eybXJdw_001.pt,data\preprocessed\features\z_v\PHJ8eybXJdw_001.pt
PHJ8eybXJdw_002,mosei_real,0,mosei_PHJ8eybXJdw_002,,,-1,1,1,1,D:\Documents\Programming\Thesis_G10\data\raw\CMU-MOSEI\segments\PHJ8eybXJdw_002.mp4,data\preprocessed\features\z_at\PHJ8eybXJdw_002.pt,data\preprocessed\features\z_v\PHJ8eybXJdw_002.pt
PHJ8eybXJdw_003,mosei_real,0,mosei_PHJ8eybXJdw_003,,,-1,1,1,1,D:\Documents\Programming\Thesis_G10\data\raw\CMU-MOSEI\segments\PHJ8eybXJdw_003.mp4,data\preprocessed\features\z_at\PHJ8eybXJdw_003.pt,data\preprocessed\features\z_v\PHJ8eybXJdw_003.pt
PHJ8eybXJdw_005,mosei_real,0,mosei_PHJ8eybXJdw_005,,,-1,1,1,1,D:\Documents\Programming\Thesis_G10\data\raw\CMU-MOSEI\segments\PHJ8eybXJdw_005.mp4,data\preprocessed\features\z_at\PHJ8eybXJdw_005.pt,data\preprocessed\features\z_v\PHJ8eybXJdw_005.pt
PHZIx22aFhU_000,mosei_real,0,mosei_PHZIx22aFhU_000,,,-1,1,1,1,D:\Documents\Programming\Thesis_G10\data\raw\CMU-MOSEI\segments\PHZIx22aFhU_000.mp4,data\preprocessed\features\z_at\PHZIx22aFhU_000.pt,data\preprocessed\features\z_v\PHZIx22aFhU_000.pt
PMH4mdJeojE_000,mosei_real,0,mosei_PMH4mdJeojE_000,,,-1,1,1,1,D:\Documents\Programming\Thesis_G10\data\raw\CMU-MOSEI\segments\PMH4mdJeojE_000.mp4,data\preprocessed\features\z_at\PMH4mdJeojE_000.pt,data\preprocessed\features\z_v\PMH4mdJeojE_000.pt
PMH4mdJeojE_001,mosei_real,0,mosei_PMH4mdJeojE_001,,,-1,1,1,1,D:\Documents\Programming\Thesis_G10\data\raw\CMU-MOSEI\segments\PMH4mdJeojE_001.mp4,data\preprocessed\features\z_at\PMH4mdJeojE_001.pt,data\preprocessed\features\z_v\PMH4mdJeojE_001.pt
PMH4mdJeojE_002,mosei_real,0,mosei_PMH4mdJeojE_002,,,-1,1,1,1,D:\Documents\Programming\Thesis_G10\data\raw\CMU-MOSEI\segments\PMH4mdJeojE_002.mp4,data\preprocessed\features\z_at\PMH4mdJeojE_002.pt,data\preprocessed\features\z_v\PMH4mdJeojE_002.pt
PQYmOknHA4c_000,mosei_real,0,mosei_PQYmOknHA4c_000,,,-1,1,1,1,D:\Documents\Programming\Thesis_G10\data\raw\CMU-MOSEI\segments\PQYmOknHA4c_000.mp4,data\preprocessed\features\z_at\PQYmOknHA4c_000.pt,data\preprocessed\features\z_v\PQYmOknHA4c_000.pt
PQYmOknHA4c_001,mosei_real,0,mosei_PQYmOknHA4c_001,,,-1,1,1,1,D:\Documents\Programming\Thesis_G10\data\raw\CMU-MOSEI\segments\PQYmOknHA4c_001.mp4,data\preprocessed\features\z_at\PQYmOknHA4c_001.pt,data\preprocessed\features\z_v\PQYmOknHA4c_001.pt
PQYmOknHA4c_002,mosei_real,0,mosei_PQYmOknHA4c_002,,,-1,1,1,1,D:\Documents\Programming\Thesis_G10\data\raw\CMU-MOSEI\segments\PQYmOknHA4c_002.mp4,data\preprocessed\features\z_at\PQYmOknHA4c_002.pt,data\preprocessed\features\z_v\PQYmOknHA4c_002.pt
PQYmOknHA4c_003,mosei_real,0,mosei_PQYmOknHA4c_003,,,-1,1,1,1,D:\Documents\Programming\Thesis_G10\data\raw\CMU-MOSEI\segments\PQYmOknHA4c_003.mp4,data\preprocessed\features\z_at\PQYmOknHA4c_003.pt,data\preprocessed\features\z_v\PQYmOknHA4c_003.pt
PQYmOknHA4c_004,mosei_real,0,mosei_PQYmOknHA4c_004,,,-1,1,1,1,D:\Documents\Programming\Thesis_G10\data\raw\CMU-MOSEI\segments\PQYmOknHA4c_004.mp4,data\preprocessed\features\z_at\PQYmOknHA4c_004.pt,data\preprocessed\features\z_v\PQYmOknHA4c_004.pt
PQYmOknHA4c_005,mosei_real,0,mosei_PQYmOknHA4c_005,,,-1,1,1,1,D:\Documents\Programming\Thesis_G10\data\raw\CMU-MOSEI\segments\PQYmOknHA4c_005.mp4,data\preprocessed\features\z_at\PQYmOknHA4c_005.pt,data\preprocessed\features\z_v\PQYmOknHA4c_005.pt
PQYmOknHA4c_006,mosei_real,0,mosei_PQYmOknHA4c_006,,,-1,1,1,1,D:\Documents\Programming\Thesis_G10\data\raw\CMU-MOSEI\segments\PQYmOknHA4c_006.mp4,data\preprocessed\features\z_at\PQYmOknHA4c_006.pt,data\preprocessed\features\z_v\PQYmOknHA4c_006.pt
PQYmOknHA4c_007,mosei_real,0,mosei_PQYmOknHA4c_007,,,-1,1,1,1,D:\Documents\Programming\Thesis_G10\data\raw\CMU-MOSEI\segments\PQYmOknHA4c_007.mp4,data\preprocessed\features\z_at\PQYmOknHA4c_007.pt,data\preprocessed\features\z_v\PQYmOknHA4c_007.pt
PQYmOknHA4c_008,mosei_real,0,mosei_PQYmOknHA4c_008,,,-1,1,1,1,D:\Documents\Programming\Thesis_G10\data\raw\CMU-MOSEI\segments\PQYmOknHA4c_008.mp4,data\preprocessed\features\z_at\PQYmOknHA4c_008.pt,data\preprocessed\features\z_v\PQYmOknHA4c_008.pt
PQYmOknHA4c_009,mosei_real,0,mosei_PQYmOknHA4c_009,,,-1,1,1,1,D:\Documents\Programming\Thesis_G10\data\raw\CMU-MOSEI\segments\PQYmOknHA4c_009.mp4,data\preprocessed\features\z_at\PQYmOknHA4c_009.pt,data\preprocessed\features\z_v\PQYmOknHA4c_009.pt
PQYmOknHA4c_010,mosei_real,0,mosei_PQYmOknHA4c_010,,,-1,1,1,1,D:\Documents\Programming\Thesis_G10\data\raw\CMU-MOSEI\segments\PQYmOknHA4c_010.mp4,data\preprocessed\features\z_at\PQYmOknHA4c_010.pt,data\preprocessed\features\z_v\PQYmOknHA4c_010.pt
PQYmOknHA4c_011,mosei_real,0,mosei_PQYmOknHA4c_011,,,-1,1,1,1,D:\Documents\Programming\Thesis_G10\data\raw\CMU-MOSEI\segments\PQYmOknHA4c_011.mp4,data\preprocessed\features\z_at\PQYmOknHA4c_011.pt,data\preprocessed\features\z_v\PQYmOknHA4c_011.pt
PUIsiLk8etk_000,mosei_real,0,mosei_PUIsiLk8etk_000,,,-1,1,1,1,D:\Documents\Programming\Thesis_G10\data\raw\CMU-MOSEI\segments\PUIsiLk8etk_000.mp4,data\preprocessed\features\z_at\PUIsiLk8etk_000.pt,data\preprocessed\features\z_v\PUIsiLk8etk_000.pt
PUIsiLk8etk_001,mosei_real,0,mosei_PUIsiLk8etk_001,,,-1,1,1,1,D:\Documents\Programming\Thesis_G10\data\raw\CMU-MOSEI\segments\PUIsiLk8etk_001.mp4,data\preprocessed\features\z_at\PUIsiLk8etk_001.pt,data\preprocessed\features\z_v\PUIsiLk8etk_001.pt
PUIsiLk8etk_003,mosei_real,0,mosei_PUIsiLk8etk_003,,,-1,1,1,1,D:\Documents\Programming\Thesis_G10\data\raw\CMU-MOSEI\segments\PUIsiLk8etk_003.mp4,data\preprocessed\features\z_at\PUIsiLk8etk_003.pt,data\preprocessed\features\z_v\PUIsiLk8etk_003.pt
PUIsiLk8etk_004,mosei_real,0,mosei_PUIsiLk8etk_004,,,-1,1,1,1,D:\Documents\Programming\Thesis_G10\data\raw\CMU-MOSEI\segments\PUIsiLk8etk_004.mp4,data\preprocessed\features\z_at\PUIsiLk8etk_004.pt,data\preprocessed\features\z_v\PUIsiLk8etk_004.pt
PUIsiLk8etk_005,mosei_real,0,mosei_PUIsiLk8etk_005,,,-1,1,1,1,D:\Documents\Programming\Thesis_G10\data\raw\CMU-MOSEI\segments\PUIsiLk8etk_005.mp4,data\preprocessed\features\z_at\PUIsiLk8etk_005.pt,data\preprocessed\features\z_v\PUIsiLk8etk_005.pt
PUIsiLk8etk_006,mosei_real,0,mosei_PUIsiLk8etk_006,,,-1,1,1,1,D:\Documents\Programming\Thesis_G10\data\raw\CMU-MOSEI\segments\PUIsiLk8etk_006.mp4,data\preprocessed\features\z_at\PUIsiLk8etk_006.pt,data\preprocessed\features\z_v\PUIsiLk8etk_006.pt
PYylJk8R9Ak_001,mosei_real,0,mosei_PYylJk8R9Ak_001,,,-1,1,1,1,D:\Documents\Programming\Thesis_G10\data\raw\CMU-MOSEI\segments\PYylJk8R9Ak_001.mp4,data\preprocessed\features\z_at\PYylJk8R9Ak_001.pt,data\preprocessed\features\z_v\PYylJk8R9Ak_001.pt
PboaYD5hlG8_002,mosei_real,0,mosei_PboaYD5hlG8_002,,,-1,1,1,1,D:\Documents\Programming\Thesis_G10\data\raw\CMU-MOSEI\segments\PboaYD5hlG8_002.mp4,data\preprocessed\features\z_at\PboaYD5hlG8_002.pt,data\preprocessed\features\z_v\PboaYD5hlG8_002.pt
PboaYD5hlG8_004,mosei_real,0,mosei_PboaYD5hlG8_004,,,-1,1,1,1,D:\Documents\Programming\Thesis_G10\data\raw\CMU-MOSEI\segments\PboaYD5hlG8_004.mp4,data\preprocessed\features\z_at\PboaYD5hlG8_004.pt,data\preprocessed\features\z_v\PboaYD5hlG8_004.pt
PboaYD5hlG8_006,mosei_real,0,mosei_PboaYD5hlG8_006,,,-1,1,1,1,D:\Documents\Programming\Thesis_G10\data\raw\CMU-MOSEI\segments\PboaYD5hlG8_006.mp4,data\preprocessed\features\z_at\PboaYD5hlG8_006.pt,data\preprocessed\features\z_v\PboaYD5hlG8_006.pt
PbyI-sUzLZY_000,mosei_real,0,mosei_PbyI-sUzLZY_000,,,-1,1,1,1,D:\Documents\Programming\Thesis_G10\data\raw\CMU-MOSEI\segments\PbyI-sUzLZY_000.mp4,data\preprocessed\features\z_at\PbyI-sUzLZY_000.pt,data\preprocessed\features\z_v\PbyI-sUzLZY_000.pt
PbyI-sUzLZY_003,mosei_real,0,mosei_PbyI-sUzLZY_003,,,-1,1,1,1,D:\Documents\Programming\Thesis_G10\data\raw\CMU-MOSEI\segments\PbyI-sUzLZY_003.mp4,data\preprocessed\features\z_at\PbyI-sUzLZY_003.pt,data\preprocessed\features\z_v\PbyI-sUzLZY_003.pt
PcqKFt1p3UQ_001,mosei_real,0,mosei_PcqKFt1p3UQ_001,,,-1,1,1,1,D:\Documents\Programming\Thesis_G10\data\raw\CMU-MOSEI\segments\PcqKFt1p3UQ_001.mp4,data\preprocessed\features\z_at\PcqKFt1p3UQ_001.pt,data\preprocessed\features\z_v\PcqKFt1p3UQ_001.pt
PexNiFbPTYM_006,mosei_real,0,mosei_PexNiFbPTYM_006,,,-1,1,1,1,D:\Documents\Programming\Thesis_G10\data\raw\CMU-MOSEI\segments\PexNiFbPTYM_006.mp4,data\preprocessed\features\z_at\PexNiFbPTYM_006.pt,data\preprocessed\features\z_v\PexNiFbPTYM_006.pt
PexNiFbPTYM_008,mosei_real,0,mosei_PexNiFbPTYM_008,,,-1,1,1,1,D:\Documents\Programming\Thesis_G10\data\raw\CMU-MOSEI\segments\PexNiFbPTYM_008.mp4,data\preprocessed\features\z_at\PexNiFbPTYM_008.pt,data\preprocessed\features\z_v\PexNiFbPTYM_008.pt
PexNiFbPTYM_010,mosei_real,0,mosei_PexNiFbPTYM_010,,,-1,1,1,1,D:\Documents\Programming\Thesis_G10\data\raw\CMU-MOSEI\segments\PexNiFbPTYM_010.mp4,data\preprocessed\features\z_at\PexNiFbPTYM_010.pt,data\preprocessed\features\z_v\PexNiFbPTYM_010.pt
PexNiFbPTYM_012,mosei_real,0,mosei_PexNiFbPTYM_012,,,-1,1,1,1,D:\Documents\Programming\Thesis_G10\data\raw\CMU-MOSEI\segments\PexNiFbPTYM_012.mp4,data\preprocessed\features\z_at\PexNiFbPTYM_012.pt,data\preprocessed\features\z_v\PexNiFbPTYM_012.pt
PexNiFbPTYM_015,mosei_real,0,mosei_PexNiFbPTYM_015,,,-1,1,1,1,D:\Documents\Programming\Thesis_G10\data\raw\CMU-MOSEI\segments\PexNiFbPTYM_015.mp4,data\preprocessed\features\z_at\PexNiFbPTYM_015.pt,data\preprocessed\features\z_v\PexNiFbPTYM_015.pt
PexNiFbPTYM_016,mosei_real,0,mosei_PexNiFbPTYM_016,,,-1,1,1,1,D:\Documents\Programming\Thesis_G10\data\raw\CMU-MOSEI\segments\PexNiFbPTYM_016.mp4,data\preprocessed\features\z_at\PexNiFbPTYM_016.pt,data\preprocessed\features\z_v\PexNiFbPTYM_016.pt
PexNiFbPTYM_019,mosei_real,0,mosei_PexNiFbPTYM_019,,,-1,1,1,1,D:\Documents\Programming\Thesis_G10\data\raw\CMU-MOSEI\segments\PexNiFbPTYM_019.mp4,data\preprocessed\features\z_at\PexNiFbPTYM_019.pt,data\preprocessed\features\z_v\PexNiFbPTYM_019.pt
PoKZEKOf1dA_001,mosei_real,0,mosei_PoKZEKOf1dA_001,,,-1,1,1,1,D:\Documents\Programming\Thesis_G10\data\raw\CMU-MOSEI\segments\PoKZEKOf1dA_001.mp4,data\preprocessed\features\z_at\PoKZEKOf1dA_001.pt,data\preprocessed\features\z_v\PoKZEKOf1dA_001.pt
PoKZEKOf1dA_002,mosei_real,0,mosei_PoKZEKOf1dA_002,,,-1,1,1,1,D:\Documents\Programming\Thesis_G10\data\raw\CMU-MOSEI\segments\PoKZEKOf1dA_002.mp4,data\preprocessed\features\z_at\PoKZEKOf1dA_002.pt,data\preprocessed\features\z_v\PoKZEKOf1dA_002.pt
PoKZEKOf1dA_004,mosei_real,0,mosei_PoKZEKOf1dA_004,,,-1,1,1,1,D:\Documents\Programming\Thesis_G10\data\raw\CMU-MOSEI\segments\PoKZEKOf1dA_004.mp4,data\preprocessed\features\z_at\PoKZEKOf1dA_004.pt,data\preprocessed\features\z_v\PoKZEKOf1dA_004.pt
PoKZEKOf1dA_005,mosei_real,0,mosei_PoKZEKOf1dA_005,,,-1,1,1,1,D:\Documents\Programming\Thesis_G10\data\raw\CMU-MOSEI\segments\PoKZEKOf1dA_005.mp4,data\preprocessed\features\z_at\PoKZEKOf1dA_005.pt,data\preprocessed\features\z_v\PoKZEKOf1dA_005.pt
PoKZEKOf1dA_006,mosei_real,0,mosei_PoKZEKOf1dA_006,,,-1,1,1,1,D:\Documents\Programming\Thesis_G10\data\raw\CMU-MOSEI\segments\PoKZEKOf1dA_006.mp4,data\preprocessed\features\z_at\PoKZEKOf1dA_006.pt,data\preprocessed\features\z_v\PoKZEKOf1dA_006.pt
PohW-isYMK0_000,mosei_real,0,mosei_PohW-isYMK0_000,,,-1,1,1,1,D:\Documents\Programming\Thesis_G10\data\raw\CMU-MOSEI\segments\PohW-isYMK0_000.mp4,data\preprocessed\features\z_at\PohW-isYMK0_000.pt,data\preprocessed\features\z_v\PohW-isYMK0_000.pt
PohW-isYMK0_009,mosei_real,0,mosei_PohW-isYMK0_009,,,-1,1,1,1,D:\Documents\Programming\Thesis_G10\data\raw\CMU-MOSEI\segments\PohW-isYMK0_009.mp4,data\preprocessed\features\z_at\PohW-isYMK0_009.pt,data\preprocessed\features\z_v\PohW-isYMK0_009.pt
PohW-isYMK0_013,mosei_real,0,mosei_PohW-isYMK0_013,,,-1,1,1,1,D:\Documents\Programming\Thesis_G10\data\raw\CMU-MOSEI\segments\PohW-isYMK0_013.mp4,data\preprocessed\features\z_at\PohW-isYMK0_013.pt,data\preprocessed\features\z_v\PohW-isYMK0_013.pt
PzI6yY9Y2xQ_001,mosei_real,0,mosei_PzI6yY9Y2xQ_001,,,-1,1,1,1,D:\Documents\Programming\Thesis_G10\data\raw\CMU-MOSEI\segments\PzI6yY9Y2xQ_001.mp4,data\preprocessed\features\z_at\PzI6yY9Y2xQ_001.pt,data\preprocessed\features\z_v\PzI6yY9Y2xQ_001.pt
PzI6yY9Y2xQ_003,mosei_real,0,mosei_PzI6yY9Y2xQ_003,,,-1,1,1,1,D:\Documents\Programming\Thesis_G10\data\raw\CMU-MOSEI\segments\PzI6yY9Y2xQ_003.mp4,data\preprocessed\features\z_at\PzI6yY9Y2xQ_003.pt,data\preprocessed\features\z_v\PzI6yY9Y2xQ_003.pt
PzI6yY9Y2xQ_004,mosei_real,0,mosei_PzI6yY9Y2xQ_004,,,-1,1,1,1,D:\Documents\Programming\Thesis_G10\data\raw\CMU-MOSEI\segments\PzI6yY9Y2xQ_004.mp4,data\preprocessed\features\z_at\PzI6yY9Y2xQ_004.pt,data\preprocessed\features\z_v\PzI6yY9Y2xQ_004.pt
Q2uHXKA8cq8_001,mosei_real,0,mosei_Q2uHXKA8cq8_001,,,-1,1,1,1,D:\Documents\Programming\Thesis_G10\data\raw\CMU-MOSEI\segments\Q2uHXKA8cq8_001.mp4,data\preprocessed\features\z_at\Q2uHXKA8cq8_001.pt,data\preprocessed\features\z_v\Q2uHXKA8cq8_001.pt
Q2uHXKA8cq8_005,mosei_real,0,mosei_Q2uHXKA8cq8_005,,,-1,1,1,1,D:\Documents\Programming\Thesis_G10\data\raw\CMU-MOSEI\segments\Q2uHXKA8cq8_005.mp4,data\preprocessed\features\z_at\Q2uHXKA8cq8_005.pt,data\preprocessed\features\z_v\Q2uHXKA8cq8_005.pt
Q4WzApjaCNI_000,mosei_real,0,mosei_Q4WzApjaCNI_000,,,-1,1,1,1,D:\Documents\Programming\Thesis_G10\data\raw\CMU-MOSEI\segments\Q4WzApjaCNI_000.mp4,data\preprocessed\features\z_at\Q4WzApjaCNI_000.pt,data\preprocessed\features\z_v\Q4WzApjaCNI_000.pt
Q5YU2sLKVL4_000,mosei_real,0,mosei_Q5YU2sLKVL4_000,,,-1,1,1,1,D:\Documents\Programming\Thesis_G10\data\raw\CMU-MOSEI\segments\Q5YU2sLKVL4_000.mp4,data\preprocessed\features\z_at\Q5YU2sLKVL4_000.pt,data\preprocessed\features\z_v\Q5YU2sLKVL4_000.pt
Q5fZk_jPjBI_001,mosei_real,0,mosei_Q5fZk_jPjBI_001,,,-1,1,1,1,D:\Documents\Programming\Thesis_G10\data\raw\CMU-MOSEI\segments\Q5fZk_jPjBI_001.mp4,data\preprocessed\features\z_at\Q5fZk_jPjBI_001.pt,data\preprocessed\features\z_v\Q5fZk_jPjBI_001.pt
Q5fZk_jPjBI_004,mosei_real,0,mosei_Q5fZk_jPjBI_004,,,-1,1,1,1,D:\Documents\Programming\Thesis_G10\data\raw\CMU-MOSEI\segments\Q5fZk_jPjBI_004.mp4,data\preprocessed\features\z_at\Q5fZk_jPjBI_004.pt,data\preprocessed\features\z_v\Q5fZk_jPjBI_004.pt
Q7OvlYjNt9w_000,mosei_real,0,mosei_Q7OvlYjNt9w_000,,,-1,1,1,1,D:\Documents\Programming\Thesis_G10\data\raw\CMU-MOSEI\segments\Q7OvlYjNt9w_000.mp4,data\preprocessed\features\z_at\Q7OvlYjNt9w_000.pt,data\preprocessed\features\z_v\Q7OvlYjNt9w_000.pt
Q7S0tX4FUNA_001,mosei_real,0,mosei_Q7S0tX4FUNA_001,,,-1,1,1,1,D:\Documents\Programming\Thesis_G10\data\raw\CMU-MOSEI\segments\Q7S0tX4FUNA_001.mp4,data\preprocessed\features\z_at\Q7S0tX4FUNA_001.pt,data\preprocessed\features\z_v\Q7S0tX4FUNA_001.pt
Q7S0tX4FUNA_002,mosei_real,0,mosei_Q7S0tX4FUNA_002,,,-1,1,1,1,D:\Documents\Programming\Thesis_G10\data\raw\CMU-MOSEI\segments\Q7S0tX4FUNA_002.mp4,data\preprocessed\features\z_at\Q7S0tX4FUNA_002.pt,data\preprocessed\features\z_v\Q7S0tX4FUNA_002.pt
Q7S0tX4FUNA_004,mosei_real,0,mosei_Q7S0tX4FUNA_004,,,-1,1,1,1,D:\Documents\Programming\Thesis_G10\data\raw\CMU-MOSEI\segments\Q7S0tX4FUNA_004.mp4,data\preprocessed\features\z_at\Q7S0tX4FUNA_004.pt,data\preprocessed\features\z_v\Q7S0tX4FUNA_004.pt
Q7S0tX4FUNA_005,mosei_real,0,mosei_Q7S0tX4FUNA_005,,,-1,1,1,1,D:\Documents\Programming\Thesis_G10\data\raw\CMU-MOSEI\segments\Q7S0tX4FUNA_005.mp4,data\preprocessed\features\z_at\Q7S0tX4FUNA_005.pt,data\preprocessed\features\z_v\Q7S0tX4FUNA_005.pt
Q7S0tX4FUNA_006,mosei_real,0,mosei_Q7S0tX4FUNA_006,,,-1,1,1,1,D:\Documents\Programming\Thesis_G10\data\raw\CMU-MOSEI\segments\Q7S0tX4FUNA_006.mp4,data\preprocessed\features\z_at\Q7S0tX4FUNA_006.pt,data\preprocessed\features\z_v\Q7S0tX4FUNA_006.pt
Q7nhtfkIPN4_001,mosei_real,0,mosei_Q7nhtfkIPN4_001,,,-1,1,1,1,D:\Documents\Programming\Thesis_G10\data\raw\CMU-MOSEI\segments\Q7nhtfkIPN4_001.mp4,data\preprocessed\features\z_at\Q7nhtfkIPN4_001.pt,data\preprocessed\features\z_v\Q7nhtfkIPN4_001.pt
Q7nhtfkIPN4_002,mosei_real,0,mosei_Q7nhtfkIPN4_002,,,-1,1,1,1,D:\Documents\Programming\Thesis_G10\data\raw\CMU-MOSEI\segments\Q7nhtfkIPN4_002.mp4,data\preprocessed\features\z_at\Q7nhtfkIPN4_002.pt,data\preprocessed\features\z_v\Q7nhtfkIPN4_002.pt
Q7nhtfkIPN4_004,mosei_real,0,mosei_Q7nhtfkIPN4_004,,,-1,1,1,1,D:\Documents\Programming\Thesis_G10\data\raw\CMU-MOSEI\segments\Q7nhtfkIPN4_004.mp4,data\preprocessed\features\z_at\Q7nhtfkIPN4_004.pt,data\preprocessed\features\z_v\Q7nhtfkIPN4_004.pt
Q7nhtfkIPN4_005,mosei_real,0,mosei_Q7nhtfkIPN4_005,,,-1,1,1,1,D:\Documents\Programming\Thesis_G10\data\raw\CMU-MOSEI\segments\Q7nhtfkIPN4_005.mp4,data\preprocessed\features\z_at\Q7nhtfkIPN4_005.pt,data\preprocessed\features\z_v\Q7nhtfkIPN4_005.pt
Q7nhtfkIPN4_006,mosei_real,0,mosei_Q7nhtfkIPN4_006,,,-1,1,1,1,D:\Documents\Programming\Thesis_G10\data\raw\CMU-MOSEI\segments\Q7nhtfkIPN4_006.mp4,data\preprocessed\features\z_at\Q7nhtfkIPN4_006.pt,data\preprocessed\features\z_v\Q7nhtfkIPN4_006.pt
Q7nhtfkIPN4_007,mosei_real,0,mosei_Q7nhtfkIPN4_007,,,-1,1,1,1,D:\Documents\Programming\Thesis_G10\data\raw\CMU-MOSEI\segments\Q7nhtfkIPN4_007.mp4,data\preprocessed\features\z_at\Q7nhtfkIPN4_007.pt,data\preprocessed\features\z_v\Q7nhtfkIPN4_007.pt
Q7nhtfkIPN4_009,mosei_real,0,mosei_Q7nhtfkIPN4_009,,,-1,1,1,1,D:\Documents\Programming\Thesis_G10\data\raw\CMU-MOSEI\segments\Q7nhtfkIPN4_009.mp4,data\preprocessed\features\z_at\Q7nhtfkIPN4_009.pt,data\preprocessed\features\z_v\Q7nhtfkIPN4_009.pt
Q7nhtfkIPN4_010,mosei_real,0,mosei_Q7nhtfkIPN4_010,,,-1,1,1,1,D:\Documents\Programming\Thesis_G10\data\raw\CMU-MOSEI\segments\Q7nhtfkIPN4_010.mp4,data\preprocessed\features\z_at\Q7nhtfkIPN4_010.pt,data\preprocessed\features\z_v\Q7nhtfkIPN4_010.pt
Q8naC1qriIU_002,mosei_real,0,mosei_Q8naC1qriIU_002,,,-1,1,1,1,D:\Documents\Programming\Thesis_G10\data\raw\CMU-MOSEI\segments\Q8naC1qriIU_002.mp4,data\preprocessed\features\z_at\Q8naC1qriIU_002.pt,data\preprocessed\features\z_v\Q8naC1qriIU_002.pt
QCR7uyowjhM_000,mosei_real,0,mosei_QCR7uyowjhM_000,,,-1,1,1,1,D:\Documents\Programming\Thesis_G10\data\raw\CMU-MOSEI\segments\QCR7uyowjhM_000.mp4,data\preprocessed\features\z_at\QCR7uyowjhM_000.pt,data\preprocessed\features\z_v\QCR7uyowjhM_000.pt
QCR7uyowjhM_001,mosei_real,0,mosei_QCR7uyowjhM_001,,,-1,1,1,1,D:\Documents\Programming\Thesis_G10\data\raw\CMU-MOSEI\segments\QCR7uyowjhM_001.mp4,data\preprocessed\features\z_at\QCR7uyowjhM_001.pt,data\preprocessed\features\z_v\QCR7uyowjhM_001.pt
QCR7uyowjhM_002,mosei_real,0,mosei_QCR7uyowjhM_002,,,-1,1,1,1,D:\Documents\Programming\Thesis_G10\data\raw\CMU-MOSEI\segments\QCR7uyowjhM_002.mp4,data\preprocessed\features\z_at\QCR7uyowjhM_002.pt,data\preprocessed\features\z_v\QCR7uyowjhM_002.pt
QCR7uyowjhM_003,mosei_real,0,mosei_QCR7uyowjhM_003,,,-1,1,1,1,D:\Documents\Programming\Thesis_G10\data\raw\CMU-MOSEI\segments\QCR7uyowjhM_003.mp4,data\preprocessed\features\z_at\QCR7uyowjhM_003.pt,data\preprocessed\features\z_v\QCR7uyowjhM_003.pt
QCR7uyowjhM_005,mosei_real,0,mosei_QCR7uyowjhM_005,,,-1,1,1,1,D:\Documents\Programming\Thesis_G10\data\raw\CMU-MOSEI\segments\QCR7uyowjhM_005.mp4,data\preprocessed\features\z_at\QCR7uyowjhM_005.pt,data\preprocessed\features\z_v\QCR7uyowjhM_005.pt
QCR7uyowjhM_007,mosei_real,0,mosei_QCR7uyowjhM_007,,,-1,1,1,1,D:\Documents\Programming\Thesis_G10\data\raw\CMU-MOSEI\segments\QCR7uyowjhM_007.mp4,data\preprocessed\features\z_at\QCR7uyowjhM_007.pt,data\preprocessed\features\z_v\QCR7uyowjhM_007.pt
QDRtKv8PvFs_000,mosei_real,0,mosei_QDRtKv8PvFs_000,,,-1,1,1,1,D:\Documents\Programming\Thesis_G10\data\raw\CMU-MOSEI\segments\QDRtKv8PvFs_000.mp4,data\preprocessed\features\z_at\QDRtKv8PvFs_000.pt,data\preprocessed\features\z_v\QDRtKv8PvFs_000.pt
QDRtKv8PvFs_002,mosei_real,0,mosei_QDRtKv8PvFs_002,,,-1,1,1,1,D:\Documents\Programming\Thesis_G10\data\raw\CMU-MOSEI\segments\QDRtKv8PvFs_002.mp4,data\preprocessed\features\z_at\QDRtKv8PvFs_002.pt,data\preprocessed\features\z_v\QDRtKv8PvFs_002.pt
QDRtKv8PvFs_003,mosei_real,0,mosei_QDRtKv8PvFs_003,,,-1,1,1,1,D:\Documents\Programming\Thesis_G10\data\raw\CMU-MOSEI\segments\QDRtKv8PvFs_003.mp4,data\preprocessed\features\z_at\QDRtKv8PvFs_003.pt,data\preprocessed\features\z_v\QDRtKv8PvFs_003.pt
QDRtKv8PvFs_004,mosei_real,0,mosei_QDRtKv8PvFs_004,,,-1,1,1,1,D:\Documents\Programming\Thesis_G10\data\raw\CMU-MOSEI\segments\QDRtKv8PvFs_004.mp4,data\preprocessed\features\z_at\QDRtKv8PvFs_004.pt,data\preprocessed\features\z_v\QDRtKv8PvFs_004.pt
QJCDZCllSYQ_000,mosei_real,0,mosei_QJCDZCllSYQ_000,,,-1,1,1,1,D:\Documents\Programming\Thesis_G10\data\raw\CMU-MOSEI\segments\QJCDZCllSYQ_000.mp4,data\preprocessed\features\z_at\QJCDZCllSYQ_000.pt,data\preprocessed\features\z_v\QJCDZCllSYQ_000.pt
QLEOYF7Mju0_004,mosei_real,0,mosei_QLEOYF7Mju0_004,,,-1,1,1,1,D:\Documents\Programming\Thesis_G10\data\raw\CMU-MOSEI\segments\QLEOYF7Mju0_004.mp4,data\preprocessed\features\z_at\QLEOYF7Mju0_004.pt,data\preprocessed\features\z_v\QLEOYF7Mju0_004.pt
QLEOYF7Mju0_008,mosei_real,0,mosei_QLEOYF7Mju0_008,,,-1,1,1,1,D:\Documents\Programming\Thesis_G10\data\raw\CMU-MOSEI\segments\QLEOYF7Mju0_008.mp4,data\preprocessed\features\z_at\QLEOYF7Mju0_008.pt,data\preprocessed\features\z_v\QLEOYF7Mju0_008.pt
QLEOYF7Mju0_009,mosei_real,0,mosei_QLEOYF7Mju0_009,,,-1,1,1,1,D:\Documents\Programming\Thesis_G10\data\raw\CMU-MOSEI\segments\QLEOYF7Mju0_009.mp4,data\preprocessed\features\z_at\QLEOYF7Mju0_009.pt,data\preprocessed\features\z_v\QLEOYF7Mju0_009.pt
QLEOYF7Mju0_010,mosei_real,0,mosei_QLEOYF7Mju0_010,,,-1,1,1,1,D:\Documents\Programming\Thesis_G10\data\raw\CMU-MOSEI\segments\QLEOYF7Mju0_010.mp4,data\preprocessed\features\z_at\QLEOYF7Mju0_010.pt,data\preprocessed\features\z_v\QLEOYF7Mju0_010.pt
QLI-OnegxFM_000,mosei_real,0,mosei_QLI-OnegxFM_000,,,-1,1,1,1,D:\Documents\Programming\Thesis_G10\data\raw\CMU-MOSEI\segments\QLI-OnegxFM_000.mp4,data\preprocessed\features\z_at\QLI-OnegxFM_000.pt,data\preprocessed\features\z_v\QLI-OnegxFM_000.pt
QMEgjkpyVzQ_000,mosei_real,0,mosei_QMEgjkpyVzQ_000,,,-1,1,1,1,D:\Documents\Programming\Thesis_G10\data\raw\CMU-MOSEI\segments\QMEgjkpyVzQ_000.mp4,data\preprocessed\features\z_at\QMEgjkpyVzQ_000.pt,data\preprocessed\features\z_v\QMEgjkpyVzQ_000.pt
QMEgjkpyVzQ_001,mosei_real,0,mosei_QMEgjkpyVzQ_001,,,-1,1,1,1,D:\Documents\Programming\Thesis_G10\data\raw\CMU-MOSEI\segments\QMEgjkpyVzQ_001.mp4,data\preprocessed\features\z_at\QMEgjkpyVzQ_001.pt,data\preprocessed\features\z_v\QMEgjkpyVzQ_001.pt
QOxIdbNwpx0_000,mosei_real,0,mosei_QOxIdbNwpx0_000,,,-1,1,1,1,D:\Documents\Programming\Thesis_G10\data\raw\CMU-MOSEI\segments\QOxIdbNwpx0_000.mp4,data\preprocessed\features\z_at\QOxIdbNwpx0_000.pt,data\preprocessed\features\z_v\QOxIdbNwpx0_000.pt
QOxIdbNwpx0_002,mosei_real,0,mosei_QOxIdbNwpx0_002,,,-1,1,1,1,D:\Documents\Programming\Thesis_G10\data\raw\CMU-MOSEI\segments\QOxIdbNwpx0_002.mp4,data\preprocessed\features\z_at\QOxIdbNwpx0_002.pt,data\preprocessed\features\z_v\QOxIdbNwpx0_002.pt
QOxIdbNwpx0_005,mosei_real,0,mosei_QOxIdbNwpx0_005,,,-1,1,1,1,D:\Documents\Programming\Thesis_G10\data\raw\CMU-MOSEI\segments\QOxIdbNwpx0_005.mp4,data\preprocessed\features\z_at\QOxIdbNwpx0_005.pt,data\preprocessed\features\z_v\QOxIdbNwpx0_005.pt
QUpI5kMw_nA_002,mosei_real,0,mosei_QUpI5kMw_nA_002,,,-1,1,1,1,D:\Documents\Programming\Thesis_G10\data\raw\CMU-MOSEI\segments\QUpI5kMw_nA_002.mp4,data\preprocessed\features\z_at\QUpI5kMw_nA_002.pt,data\preprocessed\features\z_v\QUpI5kMw_nA_002.pt
QWaUvAL-yiA_002,mosei_real,0,mosei_QWaUvAL-yiA_002,,,-1,1,1,1,D:\Documents\Programming\Thesis_G10\data\raw\CMU-MOSEI\segments\QWaUvAL-yiA_002.mp4,data\preprocessed\features\z_at\QWaUvAL-yiA_002.pt,data\preprocessed\features\z_v\QWaUvAL-yiA_002.pt
QWzIJuhLLrc_001,mosei_real,0,mosei_QWzIJuhLLrc_001,,,-1,1,1,1,D:\Documents\Programming\Thesis_G10\data\raw\CMU-MOSEI\segments\QWzIJuhLLrc_001.mp4,data\preprocessed\features\z_at\QWzIJuhLLrc_001.pt,data\preprocessed\features\z_v\QWzIJuhLLrc_001.pt
QYp0lGhyL6A_001,mosei_real,0,mosei_QYp0lGhyL6A_001,,,-1,1,1,1,D:\Documents\Programming\Thesis_G10\data\raw\CMU-MOSEI\segments\QYp0lGhyL6A_001.mp4,data\preprocessed\features\z_at\QYp0lGhyL6A_001.pt,data\preprocessed\features\z_v\QYp0lGhyL6A_001.pt
QYp0lGhyL6A_003,mosei_real,0,mosei_QYp0lGhyL6A_003,,,-1,1,1,1,D:\Documents\Programming\Thesis_G10\data\raw\CMU-MOSEI\segments\QYp0lGhyL6A_003.mp4,data\preprocessed\features\z_at\QYp0lGhyL6A_003.pt,data\preprocessed\features\z_v\QYp0lGhyL6A_003.pt
QYp0lGhyL6A_004,mosei_real,0,mosei_QYp0lGhyL6A_004,,,-1,1,1,1,D:\Documents\Programming\Thesis_G10\data\raw\CMU-MOSEI\segments\QYp0lGhyL6A_004.mp4,data\preprocessed\features\z_at\QYp0lGhyL6A_004.pt,data\preprocessed\features\z_v\QYp0lGhyL6A_004.pt
QYp0lGhyL6A_005,mosei_real,0,mosei_QYp0lGhyL6A_005,,,-1,1,1,1,D:\Documents\Programming\Thesis_G10\data\raw\CMU-MOSEI\segments\QYp0lGhyL6A_005.mp4,data\preprocessed\features\z_at\QYp0lGhyL6A_005.pt,data\preprocessed\features\z_v\QYp0lGhyL6A_005.pt
Q_py5n2fQXw_001,mosei_real,0,mosei_Q_py5n2fQXw_001,,,-1,1,1,1,D:\Documents\Programming\Thesis_G10\data\raw\CMU-MOSEI\segments\Q_py5n2fQXw_001.mp4,data\preprocessed\features\z_at\Q_py5n2fQXw_001.pt,data\preprocessed\features\z_v\Q_py5n2fQXw_001.pt
Q_py5n2fQXw_002,mosei_real,0,mosei_Q_py5n2fQXw_002,,,-1,1,1,1,D:\Documents\Programming\Thesis_G10\data\raw\CMU-MOSEI\segments\Q_py5n2fQXw_002.mp4,data\preprocessed\features\z_at\Q_py5n2fQXw_002.pt,data\preprocessed\features\z_v\Q_py5n2fQXw_002.pt
Qa6Yz62V-Yc_001,mosei_real,0,mosei_Qa6Yz62V-Yc_001,,,-1,1,1,1,D:\Documents\Programming\Thesis_G10\data\raw\CMU-MOSEI\segments\Qa6Yz62V-Yc_001.mp4,data\preprocessed\features\z_at\Qa6Yz62V-Yc_001.pt,data\preprocessed\features\z_v\Qa6Yz62V-Yc_001.pt
QbJiphIpzYc_000,mosei_real,0,mosei_QbJiphIpzYc_000,,,-1,1,1,1,D:\Documents\Programming\Thesis_G10\data\raw\CMU-MOSEI\segments\QbJiphIpzYc_000.mp4,data\preprocessed\features\z_at\QbJiphIpzYc_000.pt,data\preprocessed\features\z_v\QbJiphIpzYc_000.pt
QbJiphIpzYc_001,mosei_real,0,mosei_QbJiphIpzYc_001,,,-1,1,1,1,D:\Documents\Programming\Thesis_G10\data\raw\CMU-MOSEI\segments\QbJiphIpzYc_001.mp4,data\preprocessed\features\z_at\QbJiphIpzYc_001.pt,data\preprocessed\features\z_v\QbJiphIpzYc_001.pt
Qfa1fY_07bQ_000,mosei_real,0,mosei_Qfa1fY_07bQ_000,,,-1,1,1,1,D:\Documents\Programming\Thesis_G10\data\raw\CMU-MOSEI\segments\Qfa1fY_07bQ_000.mp4,data\preprocessed\features\z_at\Qfa1fY_07bQ_000.pt,data\preprocessed\features\z_v\Qfa1fY_07bQ_000.pt
Qfa1fY_07bQ_003,mosei_real,0,mosei_Qfa1fY_07bQ_003,,,-1,1,1,1,D:\Documents\Programming\Thesis_G10\data\raw\CMU-MOSEI\segments\Qfa1fY_07bQ_003.mp4,data\preprocessed\features\z_at\Qfa1fY_07bQ_003.pt,data\preprocessed\features\z_v\Qfa1fY_07bQ_003.pt
Qfa1fY_07bQ_004,mosei_real,0,mosei_Qfa1fY_07bQ_004,,,-1,1,1,1,D:\Documents\Programming\Thesis_G10\data\raw\CMU-MOSEI\segments\Qfa1fY_07bQ_004.mp4,data\preprocessed\features\z_at\Qfa1fY_07bQ_004.pt,data\preprocessed\features\z_v\Qfa1fY_07bQ_004.pt
Qfa1fY_07bQ_006,mosei_real,0,mosei_Qfa1fY_07bQ_006,,,-1,1,1,1,D:\Documents\Programming\Thesis_G10\data\raw\CMU-MOSEI\segments\Qfa1fY_07bQ_006.mp4,data\preprocessed\features\z_at\Qfa1fY_07bQ_006.pt,data\preprocessed\features\z_v\Qfa1fY_07bQ_006.pt
QjcQx8_PQfw_000,mosei_real,0,mosei_QjcQx8_PQfw_000,,,-1,1,1,1,D:\Documents\Programming\Thesis_G10\data\raw\CMU-MOSEI\segments\QjcQx8_PQfw_000.mp4,data\preprocessed\features\z_at\QjcQx8_PQfw_000.pt,data\preprocessed\features\z_v\QjcQx8_PQfw_000.pt
QjcQx8_PQfw_001,mosei_real,0,mosei_QjcQx8_PQfw_001,,,-1,1,1,1,D:\Documents\Programming\Thesis_G10\data\raw\CMU-MOSEI\segments\QjcQx8_PQfw_001.mp4,data\preprocessed\features\z_at\QjcQx8_PQfw_001.pt,data\preprocessed\features\z_v\QjcQx8_PQfw_001.pt
QkMTYY69JYQ_000,mosei_real,0,mosei_QkMTYY69JYQ_000,,,-1,1,1,1,D:\Documents\Programming\Thesis_G10\data\raw\CMU-MOSEI\segments\QkMTYY69JYQ_000.mp4,data\preprocessed\features\z_at\QkMTYY69JYQ_000.pt,data\preprocessed\features\z_v\QkMTYY69JYQ_000.pt
QkMTYY69JYQ_001,mosei_real,0,mosei_QkMTYY69JYQ_001,,,-1,1,1,1,D:\Documents\Programming\Thesis_G10\data\raw\CMU-MOSEI\segments\QkMTYY69JYQ_001.mp4,data\preprocessed\features\z_at\QkMTYY69JYQ_001.pt,data\preprocessed\features\z_v\QkMTYY69JYQ_001.pt
QkMTYY69JYQ_004,mosei_real,0,mosei_QkMTYY69JYQ_004,,,-1,1,1,1,D:\Documents\Programming\Thesis_G10\data\raw\CMU-MOSEI\segments\QkMTYY69JYQ_004.mp4,data\preprocessed\features\z_at\QkMTYY69JYQ_004.pt,data\preprocessed\features\z_v\QkMTYY69JYQ_004.pt
QkMTYY69JYQ_005,mosei_real,0,mosei_QkMTYY69JYQ_005,,,-1,1,1,1,D:\Documents\Programming\Thesis_G10\data\raw\CMU-MOSEI\segments\QkMTYY69JYQ_005.mp4,data\preprocessed\features\z_at\QkMTYY69JYQ_005.pt,data\preprocessed\features\z_v\QkMTYY69JYQ_005.pt
QkMTYY69JYQ_006,mosei_real,0,mosei_QkMTYY69JYQ_006,,,-1,1,1,1,D:\Documents\Programming\Thesis_G10\data\raw\CMU-MOSEI\segments\QkMTYY69JYQ_006.mp4,data\preprocessed\features\z_at\QkMTYY69JYQ_006.pt,data\preprocessed\features\z_v\QkMTYY69JYQ_006.pt
QkMTYY69JYQ_007,mosei_real,0,mosei_QkMTYY69JYQ_007,,,-1,1,1,1,D:\Documents\Programming\Thesis_G10\data\raw\CMU-MOSEI\segments\QkMTYY69JYQ_007.mp4,data\preprocessed\features\z_at\QkMTYY69JYQ_007.pt,data\preprocessed\features\z_v\QkMTYY69JYQ_007.pt
QnYlpSeVOYo_000,mosei_real,0,mosei_QnYlpSeVOYo_000,,,-1,1,1,1,D:\Documents\Programming\Thesis_G10\data\raw\CMU-MOSEI\segments\QnYlpSeVOYo_000.mp4,data\preprocessed\features\z_at\QnYlpSeVOYo_000.pt,data\preprocessed\features\z_v\QnYlpSeVOYo_000.pt
QoIsjc4-GIg_000,mosei_real,0,mosei_QoIsjc4-GIg_000,,,-1,1,1,1,D:\Documents\Programming\Thesis_G10\data\raw\CMU-MOSEI\segments\QoIsjc4-GIg_000.mp4,data\preprocessed\features\z_at\QoIsjc4-GIg_000.pt,data\preprocessed\features\z_v\QoIsjc4-GIg_000.pt
QoIsjc4-GIg_003,mosei_real,0,mosei_QoIsjc4-GIg_003,,,-1,1,1,1,D:\Documents\Programming\Thesis_G10\data\raw\CMU-MOSEI\segments\QoIsjc4-GIg_003.mp4,data\preprocessed\features\z_at\QoIsjc4-GIg_003.pt,data\preprocessed\features\z_v\QoIsjc4-GIg_003.pt
QoIsjc4-GIg_005,mosei_real,0,mosei_QoIsjc4-GIg_005,,,-1,1,1,1,D:\Documents\Programming\Thesis_G10\data\raw\CMU-MOSEI\segments\QoIsjc4-GIg_005.mp4,data\preprocessed\features\z_at\QoIsjc4-GIg_005.pt,data\preprocessed\features\z_v\QoIsjc4-GIg_005.pt
QoIsjc4-GIg_006,mosei_real,0,mosei_QoIsjc4-GIg_006,,,-1,1,1,1,D:\Documents\Programming\Thesis_G10\data\raw\CMU-MOSEI\segments\QoIsjc4-GIg_006.mp4,data\preprocessed\features\z_at\QoIsjc4-GIg_006.pt,data\preprocessed\features\z_v\QoIsjc4-GIg_006.pt
QoIsjc4-GIg_007,mosei_real,0,mosei_QoIsjc4-GIg_007,,,-1,1,1,1,D:\Documents\Programming\Thesis_G10\data\raw\CMU-MOSEI\segments\QoIsjc4-GIg_007.mp4,data\preprocessed\features\z_at\QoIsjc4-GIg_007.pt,data\preprocessed\features\z_v\QoIsjc4-GIg_007.pt
QoIsjc4-GIg_008,mosei_real,0,mosei_QoIsjc4-GIg_008,,,-1,1,1,1,D:\Documents\Programming\Thesis_G10\data\raw\CMU-MOSEI\segments\QoIsjc4-GIg_008.mp4,data\preprocessed\features\z_at\QoIsjc4-GIg_008.pt,data\preprocessed\features\z_v\QoIsjc4-GIg_008.pt
QoIsjc4-GIg_009,mosei_real,0,mosei_QoIsjc4-GIg_009,,,-1,1,1,1,D:\Documents\Programming\Thesis_G10\data\raw\CMU-MOSEI\segments\QoIsjc4-GIg_009.mp4,data\preprocessed\features\z_at\QoIsjc4-GIg_009.pt,data\preprocessed\features\z_v\QoIsjc4-GIg_009.pt
QpchvHpGFc8_000,mosei_real,0,mosei_QpchvHpGFc8_000,,,-1,1,1,1,D:\Documents\Programming\Thesis_G10\data\raw\CMU-MOSEI\segments\QpchvHpGFc8_000.mp4,data\preprocessed\features\z_at\QpchvHpGFc8_000.pt,data\preprocessed\features\z_v\QpchvHpGFc8_000.pt
QpchvHpGFc8_002,mosei_real,0,mosei_QpchvHpGFc8_002,,,-1,1,1,1,D:\Documents\Programming\Thesis_G10\data\raw\CMU-MOSEI\segments\QpchvHpGFc8_002.mp4,data\preprocessed\features\z_at\QpchvHpGFc8_002.pt,data\preprocessed\features\z_v\QpchvHpGFc8_002.pt
QpchvHpGFc8_003,mosei_real,0,mosei_QpchvHpGFc8_003,,,-1,1,1,1,D:\Documents\Programming\Thesis_G10\data\raw\CMU-MOSEI\segments\QpchvHpGFc8_003.mp4,data\preprocessed\features\z_at\QpchvHpGFc8_003.pt,data\preprocessed\features\z_v\QpchvHpGFc8_003.pt
QpchvHpGFc8_005,mosei_real,0,mosei_QpchvHpGFc8_005,,,-1,1,1,1,D:\Documents\Programming\Thesis_G10\data\raw\CMU-MOSEI\segments\QpchvHpGFc8_005.mp4,data\preprocessed\features\z_at\QpchvHpGFc8_005.pt,data\preprocessed\features\z_v\QpchvHpGFc8_005.pt
R-HKj8Yn06k_000,mosei_real,0,mosei_R-HKj8Yn06k_000,,,-1,1,1,1,D:\Documents\Programming\Thesis_G10\data\raw\CMU-MOSEI\segments\R-HKj8Yn06k_000.mp4,data\preprocessed\features\z_at\R-HKj8Yn06k_000.pt,data\preprocessed\features\z_v\R-HKj8Yn06k_000.pt
R0o37yJ1PP0_004,mosei_real,0,mosei_R0o37yJ1PP0_004,,,-1,1,1,1,D:\Documents\Programming\Thesis_G10\data\raw\CMU-MOSEI\segments\R0o37yJ1PP0_004.mp4,data\preprocessed\features\z_at\R0o37yJ1PP0_004.pt,data\preprocessed\features\z_v\R0o37yJ1PP0_004.pt
R0uRDh-engU_001,mosei_real,0,mosei_R0uRDh-engU_001,,,-1,1,1,1,D:\Documents\Programming\Thesis_G10\data\raw\CMU-MOSEI\segments\R0uRDh-engU_001.mp4,data\preprocessed\features\z_at\R0uRDh-engU_001.pt,data\preprocessed\features\z_v\R0uRDh-engU_001.pt
R7IkQVUuLew_000,mosei_real,0,mosei_R7IkQVUuLew_000,,,-1,1,1,1,D:\Documents\Programming\Thesis_G10\data\raw\CMU-MOSEI\segments\R7IkQVUuLew_000.mp4,data\preprocessed\features\z_at\R7IkQVUuLew_000.pt,data\preprocessed\features\z_v\R7IkQVUuLew_000.pt
R7IkQVUuLew_001,mosei_real,0,mosei_R7IkQVUuLew_001,,,-1,1,1,1,D:\Documents\Programming\Thesis_G10\data\raw\CMU-MOSEI\segments\R7IkQVUuLew_001.mp4,data\preprocessed\features\z_at\R7IkQVUuLew_001.pt,data\preprocessed\features\z_v\R7IkQVUuLew_001.pt
R8leu0tEJ4o_000,mosei_real,0,mosei_R8leu0tEJ4o_000,,,-1,1,1,1,D:\Documents\Programming\Thesis_G10\data\raw\CMU-MOSEI\segments\R8leu0tEJ4o_000.mp4,data\preprocessed\features\z_at\R8leu0tEJ4o_000.pt,data\preprocessed\features\z_v\R8leu0tEJ4o_000.pt
R8leu0tEJ4o_005,mosei_real,0,mosei_R8leu0tEJ4o_005,,,-1,1,1,1,D:\Documents\Programming\Thesis_G10\data\raw\CMU-MOSEI\segments\R8leu0tEJ4o_005.mp4,data\preprocessed\features\z_at\R8leu0tEJ4o_005.pt,data\preprocessed\features\z_v\R8leu0tEJ4o_005.pt
RArhIHk4Qs4_000,mosei_real,0,mosei_RArhIHk4Qs4_000,,,-1,1,1,1,D:\Documents\Programming\Thesis_G10\data\raw\CMU-MOSEI\segments\RArhIHk4Qs4_000.mp4,data\preprocessed\features\z_at\RArhIHk4Qs4_000.pt,data\preprocessed\features\z_v\RArhIHk4Qs4_000.pt
RArhIHk4Qs4_003,mosei_real,0,mosei_RArhIHk4Qs4_003,,,-1,1,1,1,D:\Documents\Programming\Thesis_G10\data\raw\CMU-MOSEI\segments\RArhIHk4Qs4_003.mp4,data\preprocessed\features\z_at\RArhIHk4Qs4_003.pt,data\preprocessed\features\z_v\RArhIHk4Qs4_003.pt
RArhIHk4Qs4_004,mosei_real,0,mosei_RArhIHk4Qs4_004,,,-1,1,1,1,D:\Documents\Programming\Thesis_G10\data\raw\CMU-MOSEI\segments\RArhIHk4Qs4_004.mp4,data\preprocessed\features\z_at\RArhIHk4Qs4_004.pt,data\preprocessed\features\z_v\RArhIHk4Qs4_004.pt
RArhIHk4Qs4_005,mosei_real,0,mosei_RArhIHk4Qs4_005,,,-1,1,1,1,D:\Documents\Programming\Thesis_G10\data\raw\CMU-MOSEI\segments\RArhIHk4Qs4_005.mp4,data\preprocessed\features\z_at\RArhIHk4Qs4_005.pt,data\preprocessed\features\z_v\RArhIHk4Qs4_005.pt
RArhIHk4Qs4_007,mosei_real,0,mosei_RArhIHk4Qs4_007,,,-1,1,1,1,D:\Documents\Programming\Thesis_G10\data\raw\CMU-MOSEI\segments\RArhIHk4Qs4_007.mp4,data\preprocessed\features\z_at\RArhIHk4Qs4_007.pt,data\preprocessed\features\z_v\RArhIHk4Qs4_007.pt
RArhIHk4Qs4_008,mosei_real,0,mosei_RArhIHk4Qs4_008,,,-1,1,1,1,D:\Documents\Programming\Thesis_G10\data\raw\CMU-MOSEI\segments\RArhIHk4Qs4_008.mp4,data\preprocessed\features\z_at\RArhIHk4Qs4_008.pt,data\preprocessed\features\z_v\RArhIHk4Qs4_008.pt
RArhIHk4Qs4_011,mosei_real,0,mosei_RArhIHk4Qs4_011,,,-1,1,1,1,D:\Documents\Programming\Thesis_G10\data\raw\CMU-MOSEI\segments\RArhIHk4Qs4_011.mp4,data\preprocessed\features\z_at\RArhIHk4Qs4_011.pt,data\preprocessed\features\z_v\RArhIHk4Qs4_011.pt
RArhIHk4Qs4_012,mosei_real,0,mosei_RArhIHk4Qs4_012,,,-1,1,1,1,D:\Documents\Programming\Thesis_G10\data\raw\CMU-MOSEI\segments\RArhIHk4Qs4_012.mp4,data\preprocessed\features\z_at\RArhIHk4Qs4_012.pt,data\preprocessed\features\z_v\RArhIHk4Qs4_012.pt
RArhIHk4Qs4_014,mosei_real,0,mosei_RArhIHk4Qs4_014,,,-1,1,1,1,D:\Documents\Programming\Thesis_G10\data\raw\CMU-MOSEI\segments\RArhIHk4Qs4_014.mp4,data\preprocessed\features\z_at\RArhIHk4Qs4_014.pt,data\preprocessed\features\z_v\RArhIHk4Qs4_014.pt
RArhIHk4Qs4_016,mosei_real,0,mosei_RArhIHk4Qs4_016,,,-1,1,1,1,D:\Documents\Programming\Thesis_G10\data\raw\CMU-MOSEI\segments\RArhIHk4Qs4_016.mp4,data\preprocessed\features\z_at\RArhIHk4Qs4_016.pt,data\preprocessed\features\z_v\RArhIHk4Qs4_016.pt
RArhIHk4Qs4_019,mosei_real,0,mosei_RArhIHk4Qs4_019,,,-1,1,1,1,D:\Documents\Programming\Thesis_G10\data\raw\CMU-MOSEI\segments\RArhIHk4Qs4_019.mp4,data\preprocessed\features\z_at\RArhIHk4Qs4_019.pt,data\preprocessed\features\z_v\RArhIHk4Qs4_019.pt
RArhIHk4Qs4_020,mosei_real,0,mosei_RArhIHk4Qs4_020,,,-1,1,1,1,D:\Documents\Programming\Thesis_G10\data\raw\CMU-MOSEI\segments\RArhIHk4Qs4_020.mp4,data\preprocessed\features\z_at\RArhIHk4Qs4_020.pt,data\preprocessed\features\z_v\RArhIHk4Qs4_020.pt
REkPZ77s3Vc_003,mosei_real,0,mosei_REkPZ77s3Vc_003,,,-1,1,1,1,D:\Documents\Programming\Thesis_G10\data\raw\CMU-MOSEI\segments\REkPZ77s3Vc_003.mp4,data\preprocessed\features\z_at\REkPZ77s3Vc_003.pt,data\preprocessed\features\z_v\REkPZ77s3Vc_003.pt
RIAEgUKtzxw_001,mosei_real,0,mosei_RIAEgUKtzxw_001,,,-1,1,1,1,D:\Documents\Programming\Thesis_G10\data\raw\CMU-MOSEI\segments\RIAEgUKtzxw_001.mp4,data\preprocessed\features\z_at\RIAEgUKtzxw_001.pt,data\preprocessed\features\z_v\RIAEgUKtzxw_001.pt
RIAEgUKtzxw_002,mosei_real,0,mosei_RIAEgUKtzxw_002,,,-1,1,1,1,D:\Documents\Programming\Thesis_G10\data\raw\CMU-MOSEI\segments\RIAEgUKtzxw_002.mp4,data\preprocessed\features\z_at\RIAEgUKtzxw_002.pt,data\preprocessed\features\z_v\RIAEgUKtzxw_002.pt
RLHZ6xtIWSM_001,mosei_real,0,mosei_RLHZ6xtIWSM_001,,,-1,1,1,1,D:\Documents\Programming\Thesis_G10\data\raw\CMU-MOSEI\segments\RLHZ6xtIWSM_001.mp4,data\preprocessed\features\z_at\RLHZ6xtIWSM_001.pt,data\preprocessed\features\z_v\RLHZ6xtIWSM_001.pt
RLHZ6xtIWSM_002,mosei_real,0,mosei_RLHZ6xtIWSM_002,,,-1,1,1,1,D:\Documents\Programming\Thesis_G10\data\raw\CMU-MOSEI\segments\RLHZ6xtIWSM_002.mp4,data\preprocessed\features\z_at\RLHZ6xtIWSM_002.pt,data\preprocessed\features\z_v\RLHZ6xtIWSM_002.pt
RLHZ6xtIWSM_004,mosei_real,0,mosei_RLHZ6xtIWSM_004,,,-1,1,1,1,D:\Documents\Programming\Thesis_G10\data\raw\CMU-MOSEI\segments\RLHZ6xtIWSM_004.mp4,data\preprocessed\features\z_at\RLHZ6xtIWSM_004.pt,data\preprocessed\features\z_v\RLHZ6xtIWSM_004.pt
RLHZ6xtIWSM_005,mosei_real,0,mosei_RLHZ6xtIWSM_005,,,-1,1,1,1,D:\Documents\Programming\Thesis_G10\data\raw\CMU-MOSEI\segments\RLHZ6xtIWSM_005.mp4,data\preprocessed\features\z_at\RLHZ6xtIWSM_005.pt,data\preprocessed\features\z_v\RLHZ6xtIWSM_005.pt
RLHZ6xtIWSM_006,mosei_real,0,mosei_RLHZ6xtIWSM_006,,,-1,1,1,1,D:\Documents\Programming\Thesis_G10\data\raw\CMU-MOSEI\segments\RLHZ6xtIWSM_006.mp4,data\preprocessed\features\z_at\RLHZ6xtIWSM_006.pt,data\preprocessed\features\z_v\RLHZ6xtIWSM_006.pt
ROcTx5VEn7o_001,mosei_real,0,mosei_ROcTx5VEn7o_001,,,-1,1,1,1,D:\Documents\Programming\Thesis_G10\data\raw\CMU-MOSEI\segments\ROcTx5VEn7o_001.mp4,data\preprocessed\features\z_at\ROcTx5VEn7o_001.pt,data\preprocessed\features\z_v\ROcTx5VEn7o_001.pt
ROcTx5VEn7o_005,mosei_real,0,mosei_ROcTx5VEn7o_005,,,-1,1,1,1,D:\Documents\Programming\Thesis_G10\data\raw\CMU-MOSEI\segments\ROcTx5VEn7o_005.mp4,data\preprocessed\features\z_at\ROcTx5VEn7o_005.pt,data\preprocessed\features\z_v\ROcTx5VEn7o_005.pt
RRKez9BR-94_001,mosei_real,0,mosei_RRKez9BR-94_001,,,-1,1,1,1,D:\Documents\Programming\Thesis_G10\data\raw\CMU-MOSEI\segments\RRKez9BR-94_001.mp4,data\preprocessed\features\z_at\RRKez9BR-94_001.pt,data\preprocessed\features\z_v\RRKez9BR-94_001.pt
RRKez9BR-94_003,mosei_real,0,mosei_RRKez9BR-94_003,,,-1,1,1,1,D:\Documents\Programming\Thesis_G10\data\raw\CMU-MOSEI\segments\RRKez9BR-94_003.mp4,data\preprocessed\features\z_at\RRKez9BR-94_003.pt,data\preprocessed\features\z_v\RRKez9BR-94_003.pt
RRKez9BR-94_004,mosei_real,0,mosei_RRKez9BR-94_004,,,-1,1,1,1,D:\Documents\Programming\Thesis_G10\data\raw\CMU-MOSEI\segments\RRKez9BR-94_004.mp4,data\preprocessed\features\z_at\RRKez9BR-94_004.pt,data\preprocessed\features\z_v\RRKez9BR-94_004.pt
RRKez9BR-94_006,mosei_real,0,mosei_RRKez9BR-94_006,,,-1,1,1,1,D:\Documents\Programming\Thesis_G10\data\raw\CMU-MOSEI\segments\RRKez9BR-94_006.mp4,data\preprocessed\features\z_at\RRKez9BR-94_006.pt,data\preprocessed\features\z_v\RRKez9BR-94_006.pt
RS5WM3q2ZZQ_005,mosei_real,0,mosei_RS5WM3q2ZZQ_005,,,-1,1,1,1,D:\Documents\Programming\Thesis_G10\data\raw\CMU-MOSEI\segments\RS5WM3q2ZZQ_005.mp4,data\preprocessed\features\z_at\RS5WM3q2ZZQ_005.pt,data\preprocessed\features\z_v\RS5WM3q2ZZQ_005.pt
RS5WM3q2ZZQ_008,mosei_real,0,mosei_RS5WM3q2ZZQ_008,,,-1,1,1,1,D:\Documents\Programming\Thesis_G10\data\raw\CMU-MOSEI\segments\RS5WM3q2ZZQ_008.mp4,data\preprocessed\features\z_at\RS5WM3q2ZZQ_008.pt,data\preprocessed\features\z_v\RS5WM3q2ZZQ_008.pt
RS5WM3q2ZZQ_009,mosei_real,0,mosei_RS5WM3q2ZZQ_009,,,-1,1,1,1,D:\Documents\Programming\Thesis_G10\data\raw\CMU-MOSEI\segments\RS5WM3q2ZZQ_009.mp4,data\preprocessed\features\z_at\RS5WM3q2ZZQ_009.pt,data\preprocessed\features\z_v\RS5WM3q2ZZQ_009.pt
RS5WM3q2ZZQ_011,mosei_real,0,mosei_RS5WM3q2ZZQ_011,,,-1,1,1,1,D:\Documents\Programming\Thesis_G10\data\raw\CMU-MOSEI\segments\RS5WM3q2ZZQ_011.mp4,data\preprocessed\features\z_at\RS5WM3q2ZZQ_011.pt,data\preprocessed\features\z_v\RS5WM3q2ZZQ_011.pt
RS5WM3q2ZZQ_014,mosei_real,0,mosei_RS5WM3q2ZZQ_014,,,-1,1,1,1,D:\Documents\Programming\Thesis_G10\data\raw\CMU-MOSEI\segments\RS5WM3q2ZZQ_014.mp4,data\preprocessed\features\z_at\RS5WM3q2ZZQ_014.pt,data\preprocessed\features\z_v\RS5WM3q2ZZQ_014.pt
RS5WM3q2ZZQ_016,mosei_real,0,mosei_RS5WM3q2ZZQ_016,,,-1,1,1,1,D:\Documents\Programming\Thesis_G10\data\raw\CMU-MOSEI\segments\RS5WM3q2ZZQ_016.mp4,data\preprocessed\features\z_at\RS5WM3q2ZZQ_016.pt,data\preprocessed\features\z_v\RS5WM3q2ZZQ_016.pt
RS5WM3q2ZZQ_017,mosei_real,0,mosei_RS5WM3q2ZZQ_017,,,-1,1,1,1,D:\Documents\Programming\Thesis_G10\data\raw\CMU-MOSEI\segments\RS5WM3q2ZZQ_017.mp4,data\preprocessed\features\z_at\RS5WM3q2ZZQ_017.pt,data\preprocessed\features\z_v\RS5WM3q2ZZQ_017.pt
RST6PgpsLws_001,mosei_real,0,mosei_RST6PgpsLws_001,,,-1,1,1,1,D:\Documents\Programming\Thesis_G10\data\raw\CMU-MOSEI\segments\RST6PgpsLws_001.mp4,data\preprocessed\features\z_at\RST6PgpsLws_001.pt,data\preprocessed\features\z_v\RST6PgpsLws_001.pt
RST6PgpsLws_002,mosei_real,0,mosei_RST6PgpsLws_002,,,-1,1,1,1,D:\Documents\Programming\Thesis_G10\data\raw\CMU-MOSEI\segments\RST6PgpsLws_002.mp4,data\preprocessed\features\z_at\RST6PgpsLws_002.pt,data\preprocessed\features\z_v\RST6PgpsLws_002.pt
RST6PgpsLws_004,mosei_real,0,mosei_RST6PgpsLws_004,,,-1,1,1,1,D:\Documents\Programming\Thesis_G10\data\raw\CMU-MOSEI\segments\RST6PgpsLws_004.mp4,data\preprocessed\features\z_at\RST6PgpsLws_004.pt,data\preprocessed\features\z_v\RST6PgpsLws_004.pt
RST6PgpsLws_007,mosei_real,0,mosei_RST6PgpsLws_007,,,-1,1,1,1,D:\Documents\Programming\Thesis_G10\data\raw\CMU-MOSEI\segments\RST6PgpsLws_007.mp4,data\preprocessed\features\z_at\RST6PgpsLws_007.pt,data\preprocessed\features\z_v\RST6PgpsLws_007.pt
RTzDzj4NxIM_000,mosei_real,0,mosei_RTzDzj4NxIM_000,,,-1,1,1,1,D:\Documents\Programming\Thesis_G10\data\raw\CMU-MOSEI\segments\RTzDzj4NxIM_000.mp4,data\preprocessed\features\z_at\RTzDzj4NxIM_000.pt,data\preprocessed\features\z_v\RTzDzj4NxIM_000.pt
RTzDzj4NxIM_001,mosei_real,0,mosei_RTzDzj4NxIM_001,,,-1,1,1,1,D:\Documents\Programming\Thesis_G10\data\raw\CMU-MOSEI\segments\RTzDzj4NxIM_001.mp4,data\preprocessed\features\z_at\RTzDzj4NxIM_001.pt,data\preprocessed\features\z_v\RTzDzj4NxIM_001.pt
RTzDzj4NxIM_002,mosei_real,0,mosei_RTzDzj4NxIM_002,,,-1,1,1,1,D:\Documents\Programming\Thesis_G10\data\raw\CMU-MOSEI\segments\RTzDzj4NxIM_002.mp4,data\preprocessed\features\z_at\RTzDzj4NxIM_002.pt,data\preprocessed\features\z_v\RTzDzj4NxIM_002.pt
RTzDzj4NxIM_003,mosei_real,0,mosei_RTzDzj4NxIM_003,,,-1,1,1,1,D:\Documents\Programming\Thesis_G10\data\raw\CMU-MOSEI\segments\RTzDzj4NxIM_003.mp4,data\preprocessed\features\z_at\RTzDzj4NxIM_003.pt,data\preprocessed\features\z_v\RTzDzj4NxIM_003.pt
RTzDzj4NxIM_004,mosei_real,0,mosei_RTzDzj4NxIM_004,,,-1,1,1,1,D:\Documents\Programming\Thesis_G10\data\raw\CMU-MOSEI\segments\RTzDzj4NxIM_004.mp4,data\preprocessed\features\z_at\RTzDzj4NxIM_004.pt,data\preprocessed\features\z_v\RTzDzj4NxIM_004.pt
RTzDzj4NxIM_006,mosei_real,0,mosei_RTzDzj4NxIM_006,,,-1,1,1,1,D:\Documents\Programming\Thesis_G10\data\raw\CMU-MOSEI\segments\RTzDzj4NxIM_006.mp4,data\preprocessed\features\z_at\RTzDzj4NxIM_006.pt,data\preprocessed\features\z_v\RTzDzj4NxIM_006.pt
RVC8l5hf2Eg_000,mosei_real,0,mosei_RVC8l5hf2Eg_000,,,-1,1,1,1,D:\Documents\Programming\Thesis_G10\data\raw\CMU-MOSEI\segments\RVC8l5hf2Eg_000.mp4,data\preprocessed\features\z_at\RVC8l5hf2Eg_000.pt,data\preprocessed\features\z_v\RVC8l5hf2Eg_000.pt
RVC8l5hf2Eg_002,mosei_real,0,mosei_RVC8l5hf2Eg_002,,,-1,1,1,1,D:\Documents\Programming\Thesis_G10\data\raw\CMU-MOSEI\segments\RVC8l5hf2Eg_002.mp4,data\preprocessed\features\z_at\RVC8l5hf2Eg_002.pt,data\preprocessed\features\z_v\RVC8l5hf2Eg_002.pt
RVC8l5hf2Eg_003,mosei_real,0,mosei_RVC8l5hf2Eg_003,,,-1,1,1,1,D:\Documents\Programming\Thesis_G10\data\raw\CMU-MOSEI\segments\RVC8l5hf2Eg_003.mp4,data\preprocessed\features\z_at\RVC8l5hf2Eg_003.pt,data\preprocessed\features\z_v\RVC8l5hf2Eg_003.pt
RVC8l5hf2Eg_008,mosei_real,0,mosei_RVC8l5hf2Eg_008,,,-1,1,1,1,D:\Documents\Programming\Thesis_G10\data\raw\CMU-MOSEI\segments\RVC8l5hf2Eg_008.mp4,data\preprocessed\features\z_at\RVC8l5hf2Eg_008.pt,data\preprocessed\features\z_v\RVC8l5hf2Eg_008.pt
RVC8l5hf2Eg_009,mosei_real,0,mosei_RVC8l5hf2Eg_009,,,-1,1,1,1,D:\Documents\Programming\Thesis_G10\data\raw\CMU-MOSEI\segments\RVC8l5hf2Eg_009.mp4,data\preprocessed\features\z_at\RVC8l5hf2Eg_009.pt,data\preprocessed\features\z_v\RVC8l5hf2Eg_009.pt
Rw2pzFGosmw_000,mosei_real,0,mosei_Rw2pzFGosmw_000,,,-1,1,1,1,D:\Documents\Programming\Thesis_G10\data\raw\CMU-MOSEI\segments\Rw2pzFGosmw_000.mp4,data\preprocessed\features\z_at\Rw2pzFGosmw_000.pt,data\preprocessed\features\z_v\Rw2pzFGosmw_000.pt
Rw2pzFGosmw_001,mosei_real,0,mosei_Rw2pzFGosmw_001,,,-1,1,1,1,D:\Documents\Programming\Thesis_G10\data\raw\CMU-MOSEI\segments\Rw2pzFGosmw_001.mp4,data\preprocessed\features\z_at\Rw2pzFGosmw_001.pt,data\preprocessed\features\z_v\Rw2pzFGosmw_001.pt
Rw2pzFGosmw_002,mosei_real,0,mosei_Rw2pzFGosmw_002,,,-1,1,1,1,D:\Documents\Programming\Thesis_G10\data\raw\CMU-MOSEI\segments\Rw2pzFGosmw_002.mp4,data\preprocessed\features\z_at\Rw2pzFGosmw_002.pt,data\preprocessed\features\z_v\Rw2pzFGosmw_002.pt
Rw2pzFGosmw_003,mosei_real,0,mosei_Rw2pzFGosmw_003,,,-1,1,1,1,D:\Documents\Programming\Thesis_G10\data\raw\CMU-MOSEI\segments\Rw2pzFGosmw_003.mp4,data\preprocessed\features\z_at\Rw2pzFGosmw_003.pt,data\preprocessed\features\z_v\Rw2pzFGosmw_003.pt
Rw2pzFGosmw_004,mosei_real,0,mosei_Rw2pzFGosmw_004,,,-1,1,1,1,D:\Documents\Programming\Thesis_G10\data\raw\CMU-MOSEI\segments\Rw2pzFGosmw_004.mp4,data\preprocessed\features\z_at\Rw2pzFGosmw_004.pt,data\preprocessed\features\z_v\Rw2pzFGosmw_004.pt
Rw2pzFGosmw_005,mosei_real,0,mosei_Rw2pzFGosmw_005,,,-1,1,1,1,D:\Documents\Programming\Thesis_G10\data\raw\CMU-MOSEI\segments\Rw2pzFGosmw_005.mp4,data\preprocessed\features\z_at\Rw2pzFGosmw_005.pt,data\preprocessed\features\z_v\Rw2pzFGosmw_005.pt
Rw2pzFGosmw_006,mosei_real,0,mosei_Rw2pzFGosmw_006,,,-1,1,1,1,D:\Documents\Programming\Thesis_G10\data\raw\CMU-MOSEI\segments\Rw2pzFGosmw_006.mp4,data\preprocessed\features\z_at\Rw2pzFGosmw_006.pt,data\preprocessed\features\z_v\Rw2pzFGosmw_006.pt
RwcTz-tOIeo_000,mosei_real,0,mosei_RwcTz-tOIeo_000,,,-1,1,1,1,D:\Documents\Programming\Thesis_G10\data\raw\CMU-MOSEI\segments\RwcTz-tOIeo_000.mp4,data\preprocessed\features\z_at\RwcTz-tOIeo_000.pt,data\preprocessed\features\z_v\RwcTz-tOIeo_000.pt
RwcTz-tOIeo_003,mosei_real,0,mosei_RwcTz-tOIeo_003,,,-1,1,1,1,D:\Documents\Programming\Thesis_G10\data\raw\CMU-MOSEI\segments\RwcTz-tOIeo_003.mp4,data\preprocessed\features\z_at\RwcTz-tOIeo_003.pt,data\preprocessed\features\z_v\RwcTz-tOIeo_003.pt
S0ecaAi_CJo_001,mosei_real,0,mosei_S0ecaAi_CJo_001,,,-1,1,1,1,D:\Documents\Programming\Thesis_G10\data\raw\CMU-MOSEI\segments\S0ecaAi_CJo_001.mp4,data\preprocessed\features\z_at\S0ecaAi_CJo_001.pt,data\preprocessed\features\z_v\S0ecaAi_CJo_001.pt
S9PDgK7fpJI_000,mosei_real,0,mosei_S9PDgK7fpJI_000,,,-1,1,1,1,D:\Documents\Programming\Thesis_G10\data\raw\CMU-MOSEI\segments\S9PDgK7fpJI_000.mp4,data\preprocessed\features\z_at\S9PDgK7fpJI_000.pt,data\preprocessed\features\z_v\S9PDgK7fpJI_000.pt
S9PDgK7fpJI_001,mosei_real,0,mosei_S9PDgK7fpJI_001,,,-1,1,1,1,D:\Documents\Programming\Thesis_G10\data\raw\CMU-MOSEI\segments\S9PDgK7fpJI_001.mp4,data\preprocessed\features\z_at\S9PDgK7fpJI_001.pt,data\preprocessed\features\z_v\S9PDgK7fpJI_001.pt
S9PDgK7fpJI_002,mosei_real,0,mosei_S9PDgK7fpJI_002,,,-1,1,1,1,D:\Documents\Programming\Thesis_G10\data\raw\CMU-MOSEI\segments\S9PDgK7fpJI_002.mp4,data\preprocessed\features\z_at\S9PDgK7fpJI_002.pt,data\preprocessed\features\z_v\S9PDgK7fpJI_002.pt
S9PDgK7fpJI_004,mosei_real,0,mosei_S9PDgK7fpJI_004,,,-1,1,1,1,D:\Documents\Programming\Thesis_G10\data\raw\CMU-MOSEI\segments\S9PDgK7fpJI_004.mp4,data\preprocessed\features\z_at\S9PDgK7fpJI_004.pt,data\preprocessed\features\z_v\S9PDgK7fpJI_004.pt
S9PDgK7fpJI_005,mosei_real,0,mosei_S9PDgK7fpJI_005,,,-1,1,1,1,D:\Documents\Programming\Thesis_G10\data\raw\CMU-MOSEI\segments\S9PDgK7fpJI_005.mp4,data\preprocessed\features\z_at\S9PDgK7fpJI_005.pt,data\preprocessed\features\z_v\S9PDgK7fpJI_005.pt
S9PDgK7fpJI_006,mosei_real,0,mosei_S9PDgK7fpJI_006,,,-1,1,1,1,D:\Documents\Programming\Thesis_G10\data\raw\CMU-MOSEI\segments\S9PDgK7fpJI_006.mp4,data\preprocessed\features\z_at\S9PDgK7fpJI_006.pt,data\preprocessed\features\z_v\S9PDgK7fpJI_006.pt
S9PDgK7fpJI_007,mosei_real,0,mosei_S9PDgK7fpJI_007,,,-1,1,1,1,D:\Documents\Programming\Thesis_G10\data\raw\CMU-MOSEI\segments\S9PDgK7fpJI_007.mp4,data\preprocessed\features\z_at\S9PDgK7fpJI_007.pt,data\preprocessed\features\z_v\S9PDgK7fpJI_007.pt
S9PDgK7fpJI_008,mosei_real,0,mosei_S9PDgK7fpJI_008,,,-1,1,1,1,D:\Documents\Programming\Thesis_G10\data\raw\CMU-MOSEI\segments\S9PDgK7fpJI_008.mp4,data\preprocessed\features\z_at\S9PDgK7fpJI_008.pt,data\preprocessed\features\z_v\S9PDgK7fpJI_008.pt
S9PDgK7fpJI_009,mosei_real,0,mosei_S9PDgK7fpJI_009,,,-1,1,1,1,D:\Documents\Programming\Thesis_G10\data\raw\CMU-MOSEI\segments\S9PDgK7fpJI_009.mp4,data\preprocessed\features\z_at\S9PDgK7fpJI_009.pt,data\preprocessed\features\z_v\S9PDgK7fpJI_009.pt
S9PDgK7fpJI_011,mosei_real,0,mosei_S9PDgK7fpJI_011,,,-1,1,1,1,D:\Documents\Programming\Thesis_G10\data\raw\CMU-MOSEI\segments\S9PDgK7fpJI_011.mp4,data\preprocessed\features\z_at\S9PDgK7fpJI_011.pt,data\preprocessed\features\z_v\S9PDgK7fpJI_011.pt
SGsiGz2fdpo_000,mosei_real,0,mosei_SGsiGz2fdpo_000,,,-1,1,1,1,D:\Documents\Programming\Thesis_G10\data\raw\CMU-MOSEI\segments\SGsiGz2fdpo_000.mp4,data\preprocessed\features\z_at\SGsiGz2fdpo_000.pt,data\preprocessed\features\z_v\SGsiGz2fdpo_000.pt
SGsiGz2fdpo_004,mosei_real,0,mosei_SGsiGz2fdpo_004,,,-1,1,1,1,D:\Documents\Programming\Thesis_G10\data\raw\CMU-MOSEI\segments\SGsiGz2fdpo_004.mp4,data\preprocessed\features\z_at\SGsiGz2fdpo_004.pt,data\preprocessed\features\z_v\SGsiGz2fdpo_004.pt
SGsiGz2fdpo_006,mosei_real,0,mosei_SGsiGz2fdpo_006,,,-1,1,1,1,D:\Documents\Programming\Thesis_G10\data\raw\CMU-MOSEI\segments\SGsiGz2fdpo_006.mp4,data\preprocessed\features\z_at\SGsiGz2fdpo_006.pt,data\preprocessed\features\z_v\SGsiGz2fdpo_006.pt
SGsiGz2fdpo_008,mosei_real,0,mosei_SGsiGz2fdpo_008,,,-1,1,1,1,D:\Documents\Programming\Thesis_G10\data\raw\CMU-MOSEI\segments\SGsiGz2fdpo_008.mp4,data\preprocessed\features\z_at\SGsiGz2fdpo_008.pt,data\preprocessed\features\z_v\SGsiGz2fdpo_008.pt
SGsiGz2fdpo_009,mosei_real,0,mosei_SGsiGz2fdpo_009,,,-1,1,1,1,D:\Documents\Programming\Thesis_G10\data\raw\CMU-MOSEI\segments\SGsiGz2fdpo_009.mp4,data\preprocessed\features\z_at\SGsiGz2fdpo_009.pt,data\preprocessed\features\z_v\SGsiGz2fdpo_009.pt
SGsiGz2fdpo_010,mosei_real,0,mosei_SGsiGz2fdpo_010,,,-1,1,1,1,D:\Documents\Programming\Thesis_G10\data\raw\CMU-MOSEI\segments\SGsiGz2fdpo_010.mp4,data\preprocessed\features\z_at\SGsiGz2fdpo_010.pt,data\preprocessed\features\z_v\SGsiGz2fdpo_010.pt
SGsiGz2fdpo_011,mosei_real,0,mosei_SGsiGz2fdpo_011,,,-1,1,1,1,D:\Documents\Programming\Thesis_G10\data\raw\CMU-MOSEI\segments\SGsiGz2fdpo_011.mp4,data\preprocessed\features\z_at\SGsiGz2fdpo_011.pt,data\preprocessed\features\z_v\SGsiGz2fdpo_011.pt
SGsiGz2fdpo_012,mosei_real,0,mosei_SGsiGz2fdpo_012,,,-1,1,1,1,D:\Documents\Programming\Thesis_G10\data\raw\CMU-MOSEI\segments\SGsiGz2fdpo_012.mp4,data\preprocessed\features\z_at\SGsiGz2fdpo_012.pt,data\preprocessed\features\z_v\SGsiGz2fdpo_012.pt
SGsiGz2fdpo_013,mosei_real,0,mosei_SGsiGz2fdpo_013,,,-1,1,1,1,D:\Documents\Programming\Thesis_G10\data\raw\CMU-MOSEI\segments\SGsiGz2fdpo_013.mp4,data\preprocessed\features\z_at\SGsiGz2fdpo_013.pt,data\preprocessed\features\z_v\SGsiGz2fdpo_013.pt
SGsiGz2fdpo_014,mosei_real,0,mosei_SGsiGz2fdpo_014,,,-1,1,1,1,D:\Documents\Programming\Thesis_G10\data\raw\CMU-MOSEI\segments\SGsiGz2fdpo_014.mp4,data\preprocessed\features\z_at\SGsiGz2fdpo_014.pt,data\preprocessed\features\z_v\SGsiGz2fdpo_014.pt
SGsiGz2fdpo_018,mosei_real,0,mosei_SGsiGz2fdpo_018,,,-1,1,1,1,D:\Documents\Programming\Thesis_G10\data\raw\CMU-MOSEI\segments\SGsiGz2fdpo_018.mp4,data\preprocessed\features\z_at\SGsiGz2fdpo_018.pt,data\preprocessed\features\z_v\SGsiGz2fdpo_018.pt
SGsiGz2fdpo_019,mosei_real,0,mosei_SGsiGz2fdpo_019,,,-1,1,1,1,D:\Documents\Programming\Thesis_G10\data\raw\CMU-MOSEI\segments\SGsiGz2fdpo_019.mp4,data\preprocessed\features\z_at\SGsiGz2fdpo_019.pt,data\preprocessed\features\z_v\SGsiGz2fdpo_019.pt
SGsiGz2fdpo_020,mosei_real,0,mosei_SGsiGz2fdpo_020,,,-1,1,1,1,D:\Documents\Programming\Thesis_G10\data\raw\CMU-MOSEI\segments\SGsiGz2fdpo_020.mp4,data\preprocessed\features\z_at\SGsiGz2fdpo_020.pt,data\preprocessed\features\z_v\SGsiGz2fdpo_020.pt
SGsiGz2fdpo_021,mosei_real,0,mosei_SGsiGz2fdpo_021,,,-1,1,1,1,D:\Documents\Programming\Thesis_G10\data\raw\CMU-MOSEI\segments\SGsiGz2fdpo_021.mp4,data\preprocessed\features\z_at\SGsiGz2fdpo_021.pt,data\preprocessed\features\z_v\SGsiGz2fdpo_021.pt
SGsiGz2fdpo_026,mosei_real,0,mosei_SGsiGz2fdpo_026,,,-1,1,1,1,D:\Documents\Programming\Thesis_G10\data\raw\CMU-MOSEI\segments\SGsiGz2fdpo_026.mp4,data\preprocessed\features\z_at\SGsiGz2fdpo_026.pt,data\preprocessed\features\z_v\SGsiGz2fdpo_026.pt
SGsiGz2fdpo_027,mosei_real,0,mosei_SGsiGz2fdpo_027,,,-1,1,1,1,D:\Documents\Programming\Thesis_G10\data\raw\CMU-MOSEI\segments\SGsiGz2fdpo_027.mp4,data\preprocessed\features\z_at\SGsiGz2fdpo_027.pt,data\preprocessed\features\z_v\SGsiGz2fdpo_027.pt
SGsiGz2fdpo_028,mosei_real,0,mosei_SGsiGz2fdpo_028,,,-1,1,1,1,D:\Documents\Programming\Thesis_G10\data\raw\CMU-MOSEI\segments\SGsiGz2fdpo_028.mp4,data\preprocessed\features\z_at\SGsiGz2fdpo_028.pt,data\preprocessed\features\z_v\SGsiGz2fdpo_028.pt
SGsiGz2fdpo_030,mosei_real,0,mosei_SGsiGz2fdpo_030,,,-1,1,1,1,D:\Documents\Programming\Thesis_G10\data\raw\CMU-MOSEI\segments\SGsiGz2fdpo_030.mp4,data\preprocessed\features\z_at\SGsiGz2fdpo_030.pt,data\preprocessed\features\z_v\SGsiGz2fdpo_030.pt
SH0OYx3fR7s_001,mosei_real,0,mosei_SH0OYx3fR7s_001,,,-1,1,1,1,D:\Documents\Programming\Thesis_G10\data\raw\CMU-MOSEI\segments\SH0OYx3fR7s_001.mp4,data\preprocessed\features\z_at\SH0OYx3fR7s_001.pt,data\preprocessed\features\z_v\SH0OYx3fR7s_001.pt
SH0OYx3fR7s_003,mosei_real,0,mosei_SH0OYx3fR7s_003,,,-1,1,1,1,D:\Documents\Programming\Thesis_G10\data\raw\CMU-MOSEI\segments\SH0OYx3fR7s_003.mp4,data\preprocessed\features\z_at\SH0OYx3fR7s_003.pt,data\preprocessed\features\z_v\SH0OYx3fR7s_003.pt
SHa756SwGJQ_000,mosei_real,0,mosei_SHa756SwGJQ_000,,,-1,1,1,1,D:\Documents\Programming\Thesis_G10\data\raw\CMU-MOSEI\segments\SHa756SwGJQ_000.mp4,data\preprocessed\features\z_at\SHa756SwGJQ_000.pt,data\preprocessed\features\z_v\SHa756SwGJQ_000.pt
SHa756SwGJQ_001,mosei_real,0,mosei_SHa756SwGJQ_001,,,-1,1,1,1,D:\Documents\Programming\Thesis_G10\data\raw\CMU-MOSEI\segments\SHa756SwGJQ_001.mp4,data\preprocessed\features\z_at\SHa756SwGJQ_001.pt,data\preprocessed\features\z_v\SHa756SwGJQ_001.pt
SHa756SwGJQ_003,mosei_real,0,mosei_SHa756SwGJQ_003,,,-1,1,1,1,D:\Documents\Programming\Thesis_G10\data\raw\CMU-MOSEI\segments\SHa756SwGJQ_003.mp4,data\preprocessed\features\z_at\SHa756SwGJQ_003.pt,data\preprocessed\features\z_v\SHa756SwGJQ_003.pt
SHa756SwGJQ_004,mosei_real,0,mosei_SHa756SwGJQ_004,,,-1,1,1,1,D:\Documents\Programming\Thesis_G10\data\raw\CMU-MOSEI\segments\SHa756SwGJQ_004.mp4,data\preprocessed\features\z_at\SHa756SwGJQ_004.pt,data\preprocessed\features\z_v\SHa756SwGJQ_004.pt
SI39azgVUR8_001,mosei_real,0,mosei_SI39azgVUR8_001,,,-1,1,1,1,D:\Documents\Programming\Thesis_G10\data\raw\CMU-MOSEI\segments\SI39azgVUR8_001.mp4,data\preprocessed\features\z_at\SI39azgVUR8_001.pt,data\preprocessed\features\z_v\SI39azgVUR8_001.pt
SI39azgVUR8_002,mosei_real,0,mosei_SI39azgVUR8_002,,,-1,1,1,1,D:\Documents\Programming\Thesis_G10\data\raw\CMU-MOSEI\segments\SI39azgVUR8_002.mp4,data\preprocessed\features\z_at\SI39azgVUR8_002.pt,data\preprocessed\features\z_v\SI39azgVUR8_002.pt
SI39azgVUR8_003,mosei_real,0,mosei_SI39azgVUR8_003,,,-1,1,1,1,D:\Documents\Programming\Thesis_G10\data\raw\CMU-MOSEI\segments\SI39azgVUR8_003.mp4,data\preprocessed\features\z_at\SI39azgVUR8_003.pt,data\preprocessed\features\z_v\SI39azgVUR8_003.pt
SKTyBOhDX6U_002,mosei_real,0,mosei_SKTyBOhDX6U_002,,,-1,1,1,1,D:\Documents\Programming\Thesis_G10\data\raw\CMU-MOSEI\segments\SKTyBOhDX6U_002.mp4,data\preprocessed\features\z_at\SKTyBOhDX6U_002.pt,data\preprocessed\features\z_v\SKTyBOhDX6U_002.pt
SKTyBOhDX6U_004,mosei_real,0,mosei_SKTyBOhDX6U_004,,,-1,1,1,1,D:\Documents\Programming\Thesis_G10\data\raw\CMU-MOSEI\segments\SKTyBOhDX6U_004.mp4,data\preprocessed\features\z_at\SKTyBOhDX6U_004.pt,data\preprocessed\features\z_v\SKTyBOhDX6U_004.pt
SKTyBOhDX6U_006,mosei_real,0,mosei_SKTyBOhDX6U_006,,,-1,1,1,1,D:\Documents\Programming\Thesis_G10\data\raw\CMU-MOSEI\segments\SKTyBOhDX6U_006.mp4,data\preprocessed\features\z_at\SKTyBOhDX6U_006.pt,data\preprocessed\features\z_v\SKTyBOhDX6U_006.pt
SKTyBOhDX6U_007,mosei_real,0,mosei_SKTyBOhDX6U_007,,,-1,1,1,1,D:\Documents\Programming\Thesis_G10\data\raw\CMU-MOSEI\segments\SKTyBOhDX6U_007.mp4,data\preprocessed\features\z_at\SKTyBOhDX6U_007.pt,data\preprocessed\features\z_v\SKTyBOhDX6U_007.pt
SKTyBOhDX6U_008,mosei_real,0,mosei_SKTyBOhDX6U_008,,,-1,1,1,1,D:\Documents\Programming\Thesis_G10\data\raw\CMU-MOSEI\segments\SKTyBOhDX6U_008.mp4,data\preprocessed\features\z_at\SKTyBOhDX6U_008.pt,data\preprocessed\features\z_v\SKTyBOhDX6U_008.pt
SKTyBOhDX6U_009,mosei_real,0,mosei_SKTyBOhDX6U_009,,,-1,1,1,1,D:\Documents\Programming\Thesis_G10\data\raw\CMU-MOSEI\segments\SKTyBOhDX6U_009.mp4,data\preprocessed\features\z_at\SKTyBOhDX6U_009.pt,data\preprocessed\features\z_v\SKTyBOhDX6U_009.pt
SLi2gT5H6m8_000,mosei_real,0,mosei_SLi2gT5H6m8_000,,,-1,1,1,1,D:\Documents\Programming\Thesis_G10\data\raw\CMU-MOSEI\segments\SLi2gT5H6m8_000.mp4,data\preprocessed\features\z_at\SLi2gT5H6m8_000.pt,data\preprocessed\features\z_v\SLi2gT5H6m8_000.pt
SLi2gT5H6m8_001,mosei_real,0,mosei_SLi2gT5H6m8_001,,,-1,1,1,1,D:\Documents\Programming\Thesis_G10\data\raw\CMU-MOSEI\segments\SLi2gT5H6m8_001.mp4,data\preprocessed\features\z_at\SLi2gT5H6m8_001.pt,data\preprocessed\features\z_v\SLi2gT5H6m8_001.pt
SLi2gT5H6m8_003,mosei_real,0,mosei_SLi2gT5H6m8_003,,,-1,1,1,1,D:\Documents\Programming\Thesis_G10\data\raw\CMU-MOSEI\segments\SLi2gT5H6m8_003.mp4,data\preprocessed\features\z_at\SLi2gT5H6m8_003.pt,data\preprocessed\features\z_v\SLi2gT5H6m8_003.pt
SLi2gT5H6m8_004,mosei_real,0,mosei_SLi2gT5H6m8_004,,,-1,1,1,1,D:\Documents\Programming\Thesis_G10\data\raw\CMU-MOSEI\segments\SLi2gT5H6m8_004.mp4,data\preprocessed\features\z_at\SLi2gT5H6m8_004.pt,data\preprocessed\features\z_v\SLi2gT5H6m8_004.pt
SLi2gT5H6m8_006,mosei_real,0,mosei_SLi2gT5H6m8_006,,,-1,1,1,1,D:\Documents\Programming\Thesis_G10\data\raw\CMU-MOSEI\segments\SLi2gT5H6m8_006.mp4,data\preprocessed\features\z_at\SLi2gT5H6m8_006.pt,data\preprocessed\features\z_v\SLi2gT5H6m8_006.pt
SLi2gT5H6m8_007,mosei_real,0,mosei_SLi2gT5H6m8_007,,,-1,1,1,1,D:\Documents\Programming\Thesis_G10\data\raw\CMU-MOSEI\segments\SLi2gT5H6m8_007.mp4,data\preprocessed\features\z_at\SLi2gT5H6m8_007.pt,data\preprocessed\features\z_v\SLi2gT5H6m8_007.pt
SLi2gT5H6m8_008,mosei_real,0,mosei_SLi2gT5H6m8_008,,,-1,1,1,1,D:\Documents\Programming\Thesis_G10\data\raw\CMU-MOSEI\segments\SLi2gT5H6m8_008.mp4,data\preprocessed\features\z_at\SLi2gT5H6m8_008.pt,data\preprocessed\features\z_v\SLi2gT5H6m8_008.pt
SLi2gT5H6m8_009,mosei_real,0,mosei_SLi2gT5H6m8_009,,,-1,1,1,1,D:\Documents\Programming\Thesis_G10\data\raw\CMU-MOSEI\segments\SLi2gT5H6m8_009.mp4,data\preprocessed\features\z_at\SLi2gT5H6m8_009.pt,data\preprocessed\features\z_v\SLi2gT5H6m8_009.pt
SMr2DprlLu4_000,mosei_real,0,mosei_SMr2DprlLu4_000,,,-1,1,1,1,D:\Documents\Programming\Thesis_G10\data\raw\CMU-MOSEI\segments\SMr2DprlLu4_000.mp4,data\preprocessed\features\z_at\SMr2DprlLu4_000.pt,data\preprocessed\features\z_v\SMr2DprlLu4_000.pt
STeqtJLakQQ_000,mosei_real,0,mosei_STeqtJLakQQ_000,,,-1,1,1,1,D:\Documents\Programming\Thesis_G10\data\raw\CMU-MOSEI\segments\STeqtJLakQQ_000.mp4,data\preprocessed\features\z_at\STeqtJLakQQ_000.pt,data\preprocessed\features\z_v\STeqtJLakQQ_000.pt
STeqtJLakQQ_003,mosei_real,0,mosei_STeqtJLakQQ_003,,,-1,1,1,1,D:\Documents\Programming\Thesis_G10\data\raw\CMU-MOSEI\segments\STeqtJLakQQ_003.mp4,data\preprocessed\features\z_at\STeqtJLakQQ_003.pt,data\preprocessed\features\z_v\STeqtJLakQQ_003.pt
STeqtJLakQQ_004,mosei_real,0,mosei_STeqtJLakQQ_004,,,-1,1,1,1,D:\Documents\Programming\Thesis_G10\data\raw\CMU-MOSEI\segments\STeqtJLakQQ_004.mp4,data\preprocessed\features\z_at\STeqtJLakQQ_004.pt,data\preprocessed\features\z_v\STeqtJLakQQ_004.pt
STeqtJLakQQ_005,mosei_real,0,mosei_STeqtJLakQQ_005,,,-1,1,1,1,D:\Documents\Programming\Thesis_G10\data\raw\CMU-MOSEI\segments\STeqtJLakQQ_005.mp4,data\preprocessed\features\z_at\STeqtJLakQQ_005.pt,data\preprocessed\features\z_v\STeqtJLakQQ_005.pt
STeqtJLakQQ_006,mosei_real,0,mosei_STeqtJLakQQ_006,,,-1,1,1,1,D:\Documents\Programming\Thesis_G10\data\raw\CMU-MOSEI\segments\STeqtJLakQQ_006.mp4,data\preprocessed\features\z_at\STeqtJLakQQ_006.pt,data\preprocessed\features\z_v\STeqtJLakQQ_006.pt
SWHmteF5Rlk_003,mosei_real,0,mosei_SWHmteF5Rlk_003,,,-1,1,1,1,D:\Documents\Programming\Thesis_G10\data\raw\CMU-MOSEI\segments\SWHmteF5Rlk_003.mp4,data\preprocessed\features\z_at\SWHmteF5Rlk_003.pt,data\preprocessed\features\z_v\SWHmteF5Rlk_003.pt
SWHmteF5Rlk_006,mosei_real,0,mosei_SWHmteF5Rlk_006,,,-1,1,1,1,D:\Documents\Programming\Thesis_G10\data\raw\CMU-MOSEI\segments\SWHmteF5Rlk_006.mp4,data\preprocessed\features\z_at\SWHmteF5Rlk_006.pt,data\preprocessed\features\z_v\SWHmteF5Rlk_006.pt
SYQ_zv8dWng_001,mosei_real,0,mosei_SYQ_zv8dWng_001,,,-1,1,1,1,D:\Documents\Programming\Thesis_G10\data\raw\CMU-MOSEI\segments\SYQ_zv8dWng_001.mp4,data\preprocessed\features\z_at\SYQ_zv8dWng_001.pt,data\preprocessed\features\z_v\SYQ_zv8dWng_001.pt
SYQ_zv8dWng_003,mosei_real,0,mosei_SYQ_zv8dWng_003,,,-1,1,1,1,D:\Documents\Programming\Thesis_G10\data\raw\CMU-MOSEI\segments\SYQ_zv8dWng_003.mp4,data\preprocessed\features\z_at\SYQ_zv8dWng_003.pt,data\preprocessed\features\z_v\SYQ_zv8dWng_003.pt
SYQ_zv8dWng_004,mosei_real,0,mosei_SYQ_zv8dWng_004,,,-1,1,1,1,D:\Documents\Programming\Thesis_G10\data\raw\CMU-MOSEI\segments\SYQ_zv8dWng_004.mp4,data\preprocessed\features\z_at\SYQ_zv8dWng_004.pt,data\preprocessed\features\z_v\SYQ_zv8dWng_004.pt
SYQ_zv8dWng_008,mosei_real,0,mosei_SYQ_zv8dWng_008,,,-1,1,1,1,D:\Documents\Programming\Thesis_G10\data\raw\CMU-MOSEI\segments\SYQ_zv8dWng_008.mp4,data\preprocessed\features\z_at\SYQ_zv8dWng_008.pt,data\preprocessed\features\z_v\SYQ_zv8dWng_008.pt
SYnygYs-fAg_004,mosei_real,0,mosei_SYnygYs-fAg_004,,,-1,1,1,1,D:\Documents\Programming\Thesis_G10\data\raw\CMU-MOSEI\segments\SYnygYs-fAg_004.mp4,data\preprocessed\features\z_at\SYnygYs-fAg_004.pt,data\preprocessed\features\z_v\SYnygYs-fAg_004.pt
SYnygYs-fAg_005,mosei_real,0,mosei_SYnygYs-fAg_005,,,-1,1,1,1,D:\Documents\Programming\Thesis_G10\data\raw\CMU-MOSEI\segments\SYnygYs-fAg_005.mp4,data\preprocessed\features\z_at\SYnygYs-fAg_005.pt,data\preprocessed\features\z_v\SYnygYs-fAg_005.pt
SYnygYs-fAg_007,mosei_real,0,mosei_SYnygYs-fAg_007,,,-1,1,1,1,D:\Documents\Programming\Thesis_G10\data\raw\CMU-MOSEI\segments\SYnygYs-fAg_007.mp4,data\preprocessed\features\z_at\SYnygYs-fAg_007.pt,data\preprocessed\features\z_v\SYnygYs-fAg_007.pt
SYnygYs-fAg_009,mosei_real,0,mosei_SYnygYs-fAg_009,,,-1,1,1,1,D:\Documents\Programming\Thesis_G10\data\raw\CMU-MOSEI\segments\SYnygYs-fAg_009.mp4,data\preprocessed\features\z_at\SYnygYs-fAg_009.pt,data\preprocessed\features\z_v\SYnygYs-fAg_009.pt
SYnygYs-fAg_010,mosei_real,0,mosei_SYnygYs-fAg_010,,,-1,1,1,1,D:\Documents\Programming\Thesis_G10\data\raw\CMU-MOSEI\segments\SYnygYs-fAg_010.mp4,data\preprocessed\features\z_at\SYnygYs-fAg_010.pt,data\preprocessed\features\z_v\SYnygYs-fAg_010.pt
SYnygYs-fAg_012,mosei_real,0,mosei_SYnygYs-fAg_012,,,-1,1,1,1,D:\Documents\Programming\Thesis_G10\data\raw\CMU-MOSEI\segments\SYnygYs-fAg_012.mp4,data\preprocessed\features\z_at\SYnygYs-fAg_012.pt,data\preprocessed\features\z_v\SYnygYs-fAg_012.pt
SYnygYs-fAg_015,mosei_real,0,mosei_SYnygYs-fAg_015,,,-1,1,1,1,D:\Documents\Programming\Thesis_G10\data\raw\CMU-MOSEI\segments\SYnygYs-fAg_015.mp4,data\preprocessed\features\z_at\SYnygYs-fAg_015.pt,data\preprocessed\features\z_v\SYnygYs-fAg_015.pt
SZ7HK5ns6mE_002,mosei_real,0,mosei_SZ7HK5ns6mE_002,,,-1,1,1,1,D:\Documents\Programming\Thesis_G10\data\raw\CMU-MOSEI\segments\SZ7HK5ns6mE_002.mp4,data\preprocessed\features\z_at\SZ7HK5ns6mE_002.pt,data\preprocessed\features\z_v\SZ7HK5ns6mE_002.pt
SZ7HK5ns6mE_003,mosei_real,0,mosei_SZ7HK5ns6mE_003,,,-1,1,1,1,D:\Documents\Programming\Thesis_G10\data\raw\CMU-MOSEI\segments\SZ7HK5ns6mE_003.mp4,data\preprocessed\features\z_at\SZ7HK5ns6mE_003.pt,data\preprocessed\features\z_v\SZ7HK5ns6mE_003.pt
SZ7HK5ns6mE_004,mosei_real,0,mosei_SZ7HK5ns6mE_004,,,-1,1,1,1,D:\Documents\Programming\Thesis_G10\data\raw\CMU-MOSEI\segments\SZ7HK5ns6mE_004.mp4,data\preprocessed\features\z_at\SZ7HK5ns6mE_004.pt,data\preprocessed\features\z_v\SZ7HK5ns6mE_004.pt
SZRxuS6fn9s_000,mosei_real,0,mosei_SZRxuS6fn9s_000,,,-1,1,1,1,D:\Documents\Programming\Thesis_G10\data\raw\CMU-MOSEI\segments\SZRxuS6fn9s_000.mp4,data\preprocessed\features\z_at\SZRxuS6fn9s_000.pt,data\preprocessed\features\z_v\SZRxuS6fn9s_000.pt
SZRxuS6fn9s_001,mosei_real,0,mosei_SZRxuS6fn9s_001,,,-1,1,1,1,D:\Documents\Programming\Thesis_G10\data\raw\CMU-MOSEI\segments\SZRxuS6fn9s_001.mp4,data\preprocessed\features\z_at\SZRxuS6fn9s_001.pt,data\preprocessed\features\z_v\SZRxuS6fn9s_001.pt
SZRxuS6fn9s_002,mosei_real,0,mosei_SZRxuS6fn9s_002,,,-1,1,1,1,D:\Documents\Programming\Thesis_G10\data\raw\CMU-MOSEI\segments\SZRxuS6fn9s_002.mp4,data\preprocessed\features\z_at\SZRxuS6fn9s_002.pt,data\preprocessed\features\z_v\SZRxuS6fn9s_002.pt
SZRxuS6fn9s_003,mosei_real,0,mosei_SZRxuS6fn9s_003,,,-1,1,1,1,D:\Documents\Programming\Thesis_G10\data\raw\CMU-MOSEI\segments\SZRxuS6fn9s_003.mp4,data\preprocessed\features\z_at\SZRxuS6fn9s_003.pt,data\preprocessed\features\z_v\SZRxuS6fn9s_003.pt
S_ISgjJR1bc_000,mosei_real,0,mosei_S_ISgjJR1bc_000,,,-1,1,1,1,D:\Documents\Programming\Thesis_G10\data\raw\CMU-MOSEI\segments\S_ISgjJR1bc_000.mp4,data\preprocessed\features\z_at\S_ISgjJR1bc_000.pt,data\preprocessed\features\z_v\S_ISgjJR1bc_000.pt
S_mxvk4LEh0_002,mosei_real,0,mosei_S_mxvk4LEh0_002,,,-1,1,1,1,D:\Documents\Programming\Thesis_G10\data\raw\CMU-MOSEI\segments\S_mxvk4LEh0_002.mp4,data\preprocessed\features\z_at\S_mxvk4LEh0_002.pt,data\preprocessed\features\z_v\S_mxvk4LEh0_002.pt
S_mxvk4LEh0_004,mosei_real,0,mosei_S_mxvk4LEh0_004,,,-1,1,1,1,D:\Documents\Programming\Thesis_G10\data\raw\CMU-MOSEI\segments\S_mxvk4LEh0_004.mp4,data\preprocessed\features\z_at\S_mxvk4LEh0_004.pt,data\preprocessed\features\z_v\S_mxvk4LEh0_004.pt
Sb2xMPwNKPo_000,mosei_real,0,mosei_Sb2xMPwNKPo_000,,,-1,1,1,1,D:\Documents\Programming\Thesis_G10\data\raw\CMU-MOSEI\segments\Sb2xMPwNKPo_000.mp4,data\preprocessed\features\z_at\Sb2xMPwNKPo_000.pt,data\preprocessed\features\z_v\Sb2xMPwNKPo_000.pt
Sb2xMPwNKPo_002,mosei_real,0,mosei_Sb2xMPwNKPo_002,,,-1,1,1,1,D:\Documents\Programming\Thesis_G10\data\raw\CMU-MOSEI\segments\Sb2xMPwNKPo_002.mp4,data\preprocessed\features\z_at\Sb2xMPwNKPo_002.pt,data\preprocessed\features\z_v\Sb2xMPwNKPo_002.pt
Sb2xMPwNKPo_004,mosei_real,0,mosei_Sb2xMPwNKPo_004,,,-1,1,1,1,D:\Documents\Programming\Thesis_G10\data\raw\CMU-MOSEI\segments\Sb2xMPwNKPo_004.mp4,data\preprocessed\features\z_at\Sb2xMPwNKPo_004.pt,data\preprocessed\features\z_v\Sb2xMPwNKPo_004.pt
Sb6ftNgzz9M_000,mosei_real,0,mosei_Sb6ftNgzz9M_000,,,-1,1,1,1,D:\Documents\Programming\Thesis_G10\data\raw\CMU-MOSEI\segments\Sb6ftNgzz9M_000.mp4,data\preprocessed\features\z_at\Sb6ftNgzz9M_000.pt,data\preprocessed\features\z_v\Sb6ftNgzz9M_000.pt
ShgrdU9WAJE_000,mosei_real,0,mosei_ShgrdU9WAJE_000,,,-1,1,1,1,D:\Documents\Programming\Thesis_G10\data\raw\CMU-MOSEI\segments\ShgrdU9WAJE_000.mp4,data\preprocessed\features\z_at\ShgrdU9WAJE_000.pt,data\preprocessed\features\z_v\ShgrdU9WAJE_000.pt
ShgrdU9WAJE_001,mosei_real,0,mosei_ShgrdU9WAJE_001,,,-1,1,1,1,D:\Documents\Programming\Thesis_G10\data\raw\CMU-MOSEI\segments\ShgrdU9WAJE_001.mp4,data\preprocessed\features\z_at\ShgrdU9WAJE_001.pt,data\preprocessed\features\z_v\ShgrdU9WAJE_001.pt
ShgrdU9WAJE_002,mosei_real,0,mosei_ShgrdU9WAJE_002,,,-1,1,1,1,D:\Documents\Programming\Thesis_G10\data\raw\CMU-MOSEI\segments\ShgrdU9WAJE_002.mp4,data\preprocessed\features\z_at\ShgrdU9WAJE_002.pt,data\preprocessed\features\z_v\ShgrdU9WAJE_002.pt
ShgrdU9WAJE_003,mosei_real,0,mosei_ShgrdU9WAJE_003,,,-1,1,1,1,D:\Documents\Programming\Thesis_G10\data\raw\CMU-MOSEI\segments\ShgrdU9WAJE_003.mp4,data\preprocessed\features\z_at\ShgrdU9WAJE_003.pt,data\preprocessed\features\z_v\ShgrdU9WAJE_003.pt
ShgrdU9WAJE_004,mosei_real,0,mosei_ShgrdU9WAJE_004,,,-1,1,1,1,D:\Documents\Programming\Thesis_G10\data\raw\CMU-MOSEI\segments\ShgrdU9WAJE_004.mp4,data\preprocessed\features\z_at\ShgrdU9WAJE_004.pt,data\preprocessed\features\z_v\ShgrdU9WAJE_004.pt
ShgrdU9WAJE_006,mosei_real,0,mosei_ShgrdU9WAJE_006,,,-1,1,1,1,D:\Documents\Programming\Thesis_G10\data\raw\CMU-MOSEI\segments\ShgrdU9WAJE_006.mp4,data\preprocessed\features\z_at\ShgrdU9WAJE_006.pt,data\preprocessed\features\z_v\ShgrdU9WAJE_006.pt
ShgrdU9WAJE_007,mosei_real,0,mosei_ShgrdU9WAJE_007,,,-1,1,1,1,D:\Documents\Programming\Thesis_G10\data\raw\CMU-MOSEI\segments\ShgrdU9WAJE_007.mp4,data\preprocessed\features\z_at\ShgrdU9WAJE_007.pt,data\preprocessed\features\z_v\ShgrdU9WAJE_007.pt
ShgrdU9WAJE_008,mosei_real,0,mosei_ShgrdU9WAJE_008,,,-1,1,1,1,D:\Documents\Programming\Thesis_G10\data\raw\CMU-MOSEI\segments\ShgrdU9WAJE_008.mp4,data\preprocessed\features\z_at\ShgrdU9WAJE_008.pt,data\preprocessed\features\z_v\ShgrdU9WAJE_008.pt
ShgrdU9WAJE_010,mosei_real,0,mosei_ShgrdU9WAJE_010,,,-1,1,1,1,D:\Documents\Programming\Thesis_G10\data\raw\CMU-MOSEI\segments\ShgrdU9WAJE_010.mp4,data\preprocessed\features\z_at\ShgrdU9WAJE_010.pt,data\preprocessed\features\z_v\ShgrdU9WAJE_010.pt
ShgrdU9WAJE_011,mosei_real,0,mosei_ShgrdU9WAJE_011,,,-1,1,1,1,D:\Documents\Programming\Thesis_G10\data\raw\CMU-MOSEI\segments\ShgrdU9WAJE_011.mp4,data\preprocessed\features\z_at\ShgrdU9WAJE_011.pt,data\preprocessed\features\z_v\ShgrdU9WAJE_011.pt
ShgrdU9WAJE_012,mosei_real,0,mosei_ShgrdU9WAJE_012,,,-1,1,1,1,D:\Documents\Programming\Thesis_G10\data\raw\CMU-MOSEI\segments\ShgrdU9WAJE_012.mp4,data\preprocessed\features\z_at\ShgrdU9WAJE_012.pt,data\preprocessed\features\z_v\ShgrdU9WAJE_012.pt
Sir2QeCh4B0_002,mosei_real,0,mosei_Sir2QeCh4B0_002,,,-1,1,1,1,D:\Documents\Programming\Thesis_G10\data\raw\CMU-MOSEI\segments\Sir2QeCh4B0_002.mp4,data\preprocessed\features\z_at\Sir2QeCh4B0_002.pt,data\preprocessed\features\z_v\Sir2QeCh4B0_002.pt
Sir2QeCh4B0_003,mosei_real,0,mosei_Sir2QeCh4B0_003,,,-1,1,1,1,D:\Documents\Programming\Thesis_G10\data\raw\CMU-MOSEI\segments\Sir2QeCh4B0_003.mp4,data\preprocessed\features\z_at\Sir2QeCh4B0_003.pt,data\preprocessed\features\z_v\Sir2QeCh4B0_003.pt
Sir2QeCh4B0_005,mosei_real,0,mosei_Sir2QeCh4B0_005,,,-1,1,1,1,D:\Documents\Programming\Thesis_G10\data\raw\CMU-MOSEI\segments\Sir2QeCh4B0_005.mp4,data\preprocessed\features\z_at\Sir2QeCh4B0_005.pt,data\preprocessed\features\z_v\Sir2QeCh4B0_005.pt
Sir2QeCh4B0_006,mosei_real,0,mosei_Sir2QeCh4B0_006,,,-1,1,1,1,D:\Documents\Programming\Thesis_G10\data\raw\CMU-MOSEI\segments\Sir2QeCh4B0_006.mp4,data\preprocessed\features\z_at\Sir2QeCh4B0_006.pt,data\preprocessed\features\z_v\Sir2QeCh4B0_006.pt
Sir2QeCh4B0_007,mosei_real,0,mosei_Sir2QeCh4B0_007,,,-1,1,1,1,D:\Documents\Programming\Thesis_G10\data\raw\CMU-MOSEI\segments\Sir2QeCh4B0_007.mp4,data\preprocessed\features\z_at\Sir2QeCh4B0_007.pt,data\preprocessed\features\z_v\Sir2QeCh4B0_007.pt
So3bPzg2bq0_000,mosei_real,0,mosei_So3bPzg2bq0_000,,,-1,1,1,1,D:\Documents\Programming\Thesis_G10\data\raw\CMU-MOSEI\segments\So3bPzg2bq0_000.mp4,data\preprocessed\features\z_at\So3bPzg2bq0_000.pt,data\preprocessed\features\z_v\So3bPzg2bq0_000.pt
So3bPzg2bq0_001,mosei_real,0,mosei_So3bPzg2bq0_001,,,-1,1,1,1,D:\Documents\Programming\Thesis_G10\data\raw\CMU-MOSEI\segments\So3bPzg2bq0_001.mp4,data\preprocessed\features\z_at\So3bPzg2bq0_001.pt,data\preprocessed\features\z_v\So3bPzg2bq0_001.pt
So3bPzg2bq0_002,mosei_real,0,mosei_So3bPzg2bq0_002,,,-1,1,1,1,D:\Documents\Programming\Thesis_G10\data\raw\CMU-MOSEI\segments\So3bPzg2bq0_002.mp4,data\preprocessed\features\z_at\So3bPzg2bq0_002.pt,data\preprocessed\features\z_v\So3bPzg2bq0_002.pt
So3bPzg2bq0_003,mosei_real,0,mosei_So3bPzg2bq0_003,,,-1,1,1,1,D:\Documents\Programming\Thesis_G10\data\raw\CMU-MOSEI\segments\So3bPzg2bq0_003.mp4,data\preprocessed\features\z_at\So3bPzg2bq0_003.pt,data\preprocessed\features\z_v\So3bPzg2bq0_003.pt
So3bPzg2bq0_006,mosei_real,0,mosei_So3bPzg2bq0_006,,,-1,1,1,1,D:\Documents\Programming\Thesis_G10\data\raw\CMU-MOSEI\segments\So3bPzg2bq0_006.mp4,data\preprocessed\features\z_at\So3bPzg2bq0_006.pt,data\preprocessed\features\z_v\So3bPzg2bq0_006.pt
SqAiJrvHXNA_002,mosei_real,0,mosei_SqAiJrvHXNA_002,,,-1,1,1,1,D:\Documents\Programming\Thesis_G10\data\raw\CMU-MOSEI\segments\SqAiJrvHXNA_002.mp4,data\preprocessed\features\z_at\SqAiJrvHXNA_002.pt,data\preprocessed\features\z_v\SqAiJrvHXNA_002.pt
SqAiJrvHXNA_006,mosei_real,0,mosei_SqAiJrvHXNA_006,,,-1,1,1,1,D:\Documents\Programming\Thesis_G10\data\raw\CMU-MOSEI\segments\SqAiJrvHXNA_006.mp4,data\preprocessed\features\z_at\SqAiJrvHXNA_006.pt,data\preprocessed\features\z_v\SqAiJrvHXNA_006.pt
SrMN3rwvCsE_002,mosei_real,0,mosei_SrMN3rwvCsE_002,,,-1,1,1,1,D:\Documents\Programming\Thesis_G10\data\raw\CMU-MOSEI\segments\SrMN3rwvCsE_002.mp4,data\preprocessed\features\z_at\SrMN3rwvCsE_002.pt,data\preprocessed\features\z_v\SrMN3rwvCsE_002.pt
SrMN3rwvCsE_003,mosei_real,0,mosei_SrMN3rwvCsE_003,,,-1,1,1,1,D:\Documents\Programming\Thesis_G10\data\raw\CMU-MOSEI\segments\SrMN3rwvCsE_003.mp4,data\preprocessed\features\z_at\SrMN3rwvCsE_003.pt,data\preprocessed\features\z_v\SrMN3rwvCsE_003.pt
SrMN3rwvCsE_004,mosei_real,0,mosei_SrMN3rwvCsE_004,,,-1,1,1,1,D:\Documents\Programming\Thesis_G10\data\raw\CMU-MOSEI\segments\SrMN3rwvCsE_004.mp4,data\preprocessed\features\z_at\SrMN3rwvCsE_004.pt,data\preprocessed\features\z_v\SrMN3rwvCsE_004.pt
SrMN3rwvCsE_005,mosei_real,0,mosei_SrMN3rwvCsE_005,,,-1,1,1,1,D:\Documents\Programming\Thesis_G10\data\raw\CMU-MOSEI\segments\SrMN3rwvCsE_005.mp4,data\preprocessed\features\z_at\SrMN3rwvCsE_005.pt,data\preprocessed\features\z_v\SrMN3rwvCsE_005.pt
StgqrTr0JqU_003,mosei_real,0,mosei_StgqrTr0JqU_003,,,-1,1,1,1,D:\Documents\Programming\Thesis_G10\data\raw\CMU-MOSEI\segments\StgqrTr0JqU_003.mp4,data\preprocessed\features\z_at\StgqrTr0JqU_003.pt,data\preprocessed\features\z_v\StgqrTr0JqU_003.pt
StgqrTr0JqU_008,mosei_real,0,mosei_StgqrTr0JqU_008,,,-1,1,1,1,D:\Documents\Programming\Thesis_G10\data\raw\CMU-MOSEI\segments\StgqrTr0JqU_008.mp4,data\preprocessed\features\z_at\StgqrTr0JqU_008.pt,data\preprocessed\features\z_v\StgqrTr0JqU_008.pt
StgqrTr0JqU_010,mosei_real,0,mosei_StgqrTr0JqU_010,,,-1,1,1,1,D:\Documents\Programming\Thesis_G10\data\raw\CMU-MOSEI\segments\StgqrTr0JqU_010.mp4,data\preprocessed\features\z_at\StgqrTr0JqU_010.pt,data\preprocessed\features\z_v\StgqrTr0JqU_010.pt
SuKnUzid-1g_001,mosei_real,0,mosei_SuKnUzid-1g_001,,,-1,1,1,1,D:\Documents\Programming\Thesis_G10\data\raw\CMU-MOSEI\segments\SuKnUzid-1g_001.mp4,data\preprocessed\features\z_at\SuKnUzid-1g_001.pt,data\preprocessed\features\z_v\SuKnUzid-1g_001.pt
SwT0gh0V8fI_003,mosei_real,0,mosei_SwT0gh0V8fI_003,,,-1,1,1,1,D:\Documents\Programming\Thesis_G10\data\raw\CMU-MOSEI\segments\SwT0gh0V8fI_003.mp4,data\preprocessed\features\z_at\SwT0gh0V8fI_003.pt,data\preprocessed\features\z_v\SwT0gh0V8fI_003.pt
SwT0gh0V8fI_006,mosei_real,0,mosei_SwT0gh0V8fI_006,,,-1,1,1,1,D:\Documents\Programming\Thesis_G10\data\raw\CMU-MOSEI\segments\SwT0gh0V8fI_006.mp4,data\preprocessed\features\z_at\SwT0gh0V8fI_006.pt,data\preprocessed\features\z_v\SwT0gh0V8fI_006.pt
SwT0gh0V8fI_013,mosei_real,0,mosei_SwT0gh0V8fI_013,,,-1,1,1,1,D:\Documents\Programming\Thesis_G10\data\raw\CMU-MOSEI\segments\SwT0gh0V8fI_013.mp4,data\preprocessed\features\z_at\SwT0gh0V8fI_013.pt,data\preprocessed\features\z_v\SwT0gh0V8fI_013.pt
SxbTZjZD0vU_000,mosei_real,0,mosei_SxbTZjZD0vU_000,,,-1,1,1,1,D:\Documents\Programming\Thesis_G10\data\raw\CMU-MOSEI\segments\SxbTZjZD0vU_000.mp4,data\preprocessed\features\z_at\SxbTZjZD0vU_000.pt,data\preprocessed\features\z_v\SxbTZjZD0vU_000.pt
SxbTZjZD0vU_001,mosei_real,0,mosei_SxbTZjZD0vU_001,,,-1,1,1,1,D:\Documents\Programming\Thesis_G10\data\raw\CMU-MOSEI\segments\SxbTZjZD0vU_001.mp4,data\preprocessed\features\z_at\SxbTZjZD0vU_001.pt,data\preprocessed\features\z_v\SxbTZjZD0vU_001.pt
SxbTZjZD0vU_004,mosei_real,0,mosei_SxbTZjZD0vU_004,,,-1,1,1,1,D:\Documents\Programming\Thesis_G10\data\raw\CMU-MOSEI\segments\SxbTZjZD0vU_004.mp4,data\preprocessed\features\z_at\SxbTZjZD0vU_004.pt,data\preprocessed\features\z_v\SxbTZjZD0vU_004.pt
SxbTZjZD0vU_005,mosei_real,0,mosei_SxbTZjZD0vU_005,,,-1,1,1,1,D:\Documents\Programming\Thesis_G10\data\raw\CMU-MOSEI\segments\SxbTZjZD0vU_005.mp4,data\preprocessed\features\z_at\SxbTZjZD0vU_005.pt,data\preprocessed\features\z_v\SxbTZjZD0vU_005.pt
T-8TvJcS78w_002,mosei_real,0,mosei_T-8TvJcS78w_002,,,-1,1,1,1,D:\Documents\Programming\Thesis_G10\data\raw\CMU-MOSEI\segments\T-8TvJcS78w_002.mp4,data\preprocessed\features\z_at\T-8TvJcS78w_002.pt,data\preprocessed\features\z_v\T-8TvJcS78w_002.pt
T-8TvJcS78w_004,mosei_real,0,mosei_T-8TvJcS78w_004,,,-1,1,1,1,D:\Documents\Programming\Thesis_G10\data\raw\CMU-MOSEI\segments\T-8TvJcS78w_004.mp4,data\preprocessed\features\z_at\T-8TvJcS78w_004.pt,data\preprocessed\features\z_v\T-8TvJcS78w_004.pt
T-8TvJcS78w_005,mosei_real,0,mosei_T-8TvJcS78w_005,,,-1,1,1,1,D:\Documents\Programming\Thesis_G10\data\raw\CMU-MOSEI\segments\T-8TvJcS78w_005.mp4,data\preprocessed\features\z_at\T-8TvJcS78w_005.pt,data\preprocessed\features\z_v\T-8TvJcS78w_005.pt
T-vqHR989bM_000,mosei_real,0,mosei_T-vqHR989bM_000,,,-1,1,1,1,D:\Documents\Programming\Thesis_G10\data\raw\CMU-MOSEI\segments\T-vqHR989bM_000.mp4,data\preprocessed\features\z_at\T-vqHR989bM_000.pt,data\preprocessed\features\z_v\T-vqHR989bM_000.pt
T-vqHR989bM_001,mosei_real,0,mosei_T-vqHR989bM_001,,,-1,1,1,1,D:\Documents\Programming\Thesis_G10\data\raw\CMU-MOSEI\segments\T-vqHR989bM_001.mp4,data\preprocessed\features\z_at\T-vqHR989bM_001.pt,data\preprocessed\features\z_v\T-vqHR989bM_001.pt
T4e4Ba1sRg0_002,mosei_real,0,mosei_T4e4Ba1sRg0_002,,,-1,1,1,1,D:\Documents\Programming\Thesis_G10\data\raw\CMU-MOSEI\segments\T4e4Ba1sRg0_002.mp4,data\preprocessed\features\z_at\T4e4Ba1sRg0_002.pt,data\preprocessed\features\z_v\T4e4Ba1sRg0_002.pt
T4e4Ba1sRg0_004,mosei_real,0,mosei_T4e4Ba1sRg0_004,,,-1,1,1,1,D:\Documents\Programming\Thesis_G10\data\raw\CMU-MOSEI\segments\T4e4Ba1sRg0_004.mp4,data\preprocessed\features\z_at\T4e4Ba1sRg0_004.pt,data\preprocessed\features\z_v\T4e4Ba1sRg0_004.pt
TBCjKGYBNIo_000,mosei_real,0,mosei_TBCjKGYBNIo_000,,,-1,1,1,1,D:\Documents\Programming\Thesis_G10\data\raw\CMU-MOSEI\segments\TBCjKGYBNIo_000.mp4,data\preprocessed\features\z_at\TBCjKGYBNIo_000.pt,data\preprocessed\features\z_v\TBCjKGYBNIo_000.pt
TBCjKGYBNIo_001,mosei_real,0,mosei_TBCjKGYBNIo_001,,,-1,1,1,1,D:\Documents\Programming\Thesis_G10\data\raw\CMU-MOSEI\segments\TBCjKGYBNIo_001.mp4,data\preprocessed\features\z_at\TBCjKGYBNIo_001.pt,data\preprocessed\features\z_v\TBCjKGYBNIo_001.pt
TBCjKGYBNIo_003,mosei_real,0,mosei_TBCjKGYBNIo_003,,,-1,1,1,1,D:\Documents\Programming\Thesis_G10\data\raw\CMU-MOSEI\segments\TBCjKGYBNIo_003.mp4,data\preprocessed\features\z_at\TBCjKGYBNIo_003.pt,data\preprocessed\features\z_v\TBCjKGYBNIo_003.pt
TBCjKGYBNIo_004,mosei_real,0,mosei_TBCjKGYBNIo_004,,,-1,1,1,1,D:\Documents\Programming\Thesis_G10\data\raw\CMU-MOSEI\segments\TBCjKGYBNIo_004.mp4,data\preprocessed\features\z_at\TBCjKGYBNIo_004.pt,data\preprocessed\features\z_v\TBCjKGYBNIo_004.pt
TBCjKGYBNIo_005,mosei_real,0,mosei_TBCjKGYBNIo_005,,,-1,1,1,1,D:\Documents\Programming\Thesis_G10\data\raw\CMU-MOSEI\segments\TBCjKGYBNIo_005.mp4,data\preprocessed\features\z_at\TBCjKGYBNIo_005.pt,data\preprocessed\features\z_v\TBCjKGYBNIo_005.pt
TBCjKGYBNIo_006,mosei_real,0,mosei_TBCjKGYBNIo_006,,,-1,1,1,1,D:\Documents\Programming\Thesis_G10\data\raw\CMU-MOSEI\segments\TBCjKGYBNIo_006.mp4,data\preprocessed\features\z_at\TBCjKGYBNIo_006.pt,data\preprocessed\features\z_v\TBCjKGYBNIo_006.pt
TBCjKGYBNIo_009,mosei_real,0,mosei_TBCjKGYBNIo_009,,,-1,1,1,1,D:\Documents\Programming\Thesis_G10\data\raw\CMU-MOSEI\segments\TBCjKGYBNIo_009.mp4,data\preprocessed\features\z_at\TBCjKGYBNIo_009.pt,data\preprocessed\features\z_v\TBCjKGYBNIo_009.pt
TBCjKGYBNIo_011,mosei_real,0,mosei_TBCjKGYBNIo_011,,,-1,1,1,1,D:\Documents\Programming\Thesis_G10\data\raw\CMU-MOSEI\segments\TBCjKGYBNIo_011.mp4,data\preprocessed\features\z_at\TBCjKGYBNIo_011.pt,data\preprocessed\features\z_v\TBCjKGYBNIo_011.pt
TBCjKGYBNIo_012,mosei_real,0,mosei_TBCjKGYBNIo_012,,,-1,1,1,1,D:\Documents\Programming\Thesis_G10\data\raw\CMU-MOSEI\segments\TBCjKGYBNIo_012.mp4,data\preprocessed\features\z_at\TBCjKGYBNIo_012.pt,data\preprocessed\features\z_v\TBCjKGYBNIo_012.pt
TBCjKGYBNIo_013,mosei_real,0,mosei_TBCjKGYBNIo_013,,,-1,1,1,1,D:\Documents\Programming\Thesis_G10\data\raw\CMU-MOSEI\segments\TBCjKGYBNIo_013.mp4,data\preprocessed\features\z_at\TBCjKGYBNIo_013.pt,data\preprocessed\features\z_v\TBCjKGYBNIo_013.pt
TBCjKGYBNIo_016,mosei_real,0,mosei_TBCjKGYBNIo_016,,,-1,1,1,1,D:\Documents\Programming\Thesis_G10\data\raw\CMU-MOSEI\segments\TBCjKGYBNIo_016.mp4,data\preprocessed\features\z_at\TBCjKGYBNIo_016.pt,data\preprocessed\features\z_v\TBCjKGYBNIo_016.pt
TBCjKGYBNIo_017,mosei_real,0,mosei_TBCjKGYBNIo_017,,,-1,1,1,1,D:\Documents\Programming\Thesis_G10\data\raw\CMU-MOSEI\segments\TBCjKGYBNIo_017.mp4,data\preprocessed\features\z_at\TBCjKGYBNIo_017.pt,data\preprocessed\features\z_v\TBCjKGYBNIo_017.pt
TBwetweXRb4_002,mosei_real,0,mosei_TBwetweXRb4_002,,,-1,1,1,1,D:\Documents\Programming\Thesis_G10\data\raw\CMU-MOSEI\segments\TBwetweXRb4_002.mp4,data\preprocessed\features\z_at\TBwetweXRb4_002.pt,data\preprocessed\features\z_v\TBwetweXRb4_002.pt
TH32jop4FiI_000,mosei_real,0,mosei_TH32jop4FiI_000,,,-1,1,1,1,D:\Documents\Programming\Thesis_G10\data\raw\CMU-MOSEI\segments\TH32jop4FiI_000.mp4,data\preprocessed\features\z_at\TH32jop4FiI_000.pt,data\preprocessed\features\z_v\TH32jop4FiI_000.pt
TH32jop4FiI_001,mosei_real,0,mosei_TH32jop4FiI_001,,,-1,1,1,1,D:\Documents\Programming\Thesis_G10\data\raw\CMU-MOSEI\segments\TH32jop4FiI_001.mp4,data\preprocessed\features\z_at\TH32jop4FiI_001.pt,data\preprocessed\features\z_v\TH32jop4FiI_001.pt
TH32jop4FiI_004,mosei_real,0,mosei_TH32jop4FiI_004,,,-1,1,1,1,D:\Documents\Programming\Thesis_G10\data\raw\CMU-MOSEI\segments\TH32jop4FiI_004.mp4,data\preprocessed\features\z_at\TH32jop4FiI_004.pt,data\preprocessed\features\z_v\TH32jop4FiI_004.pt
TH32jop4FiI_005,mosei_real,0,mosei_TH32jop4FiI_005,,,-1,1,1,1,D:\Documents\Programming\Thesis_G10\data\raw\CMU-MOSEI\segments\TH32jop4FiI_005.mp4,data\preprocessed\features\z_at\TH32jop4FiI_005.pt,data\preprocessed\features\z_v\TH32jop4FiI_005.pt
TH32jop4FiI_006,mosei_real,0,mosei_TH32jop4FiI_006,,,-1,1,1,1,D:\Documents\Programming\Thesis_G10\data\raw\CMU-MOSEI\segments\TH32jop4FiI_006.mp4,data\preprocessed\features\z_at\TH32jop4FiI_006.pt,data\preprocessed\features\z_v\TH32jop4FiI_006.pt
TH32jop4FiI_008,mosei_real,0,mosei_TH32jop4FiI_008,,,-1,1,1,1,D:\Documents\Programming\Thesis_G10\data\raw\CMU-MOSEI\segments\TH32jop4FiI_008.mp4,data\preprocessed\features\z_at\TH32jop4FiI_008.pt,data\preprocessed\features\z_v\TH32jop4FiI_008.pt
TH32jop4FiI_010,mosei_real,0,mosei_TH32jop4FiI_010,,,-1,1,1,1,D:\Documents\Programming\Thesis_G10\data\raw\CMU-MOSEI\segments\TH32jop4FiI_010.mp4,data\preprocessed\features\z_at\TH32jop4FiI_010.pt,data\preprocessed\features\z_v\TH32jop4FiI_010.pt
TH32jop4FiI_011,mosei_real,0,mosei_TH32jop4FiI_011,,,-1,1,1,1,D:\Documents\Programming\Thesis_G10\data\raw\CMU-MOSEI\segments\TH32jop4FiI_011.mp4,data\preprocessed\features\z_at\TH32jop4FiI_011.pt,data\preprocessed\features\z_v\TH32jop4FiI_011.pt
TJelZLbfT2A_002,mosei_real,0,mosei_TJelZLbfT2A_002,,,-1,1,1,1,D:\Documents\Programming\Thesis_G10\data\raw\CMU-MOSEI\segments\TJelZLbfT2A_002.mp4,data\preprocessed\features\z_at\TJelZLbfT2A_002.pt,data\preprocessed\features\z_v\TJelZLbfT2A_002.pt
TJelZLbfT2A_003,mosei_real,0,mosei_TJelZLbfT2A_003,,,-1,1,1,1,D:\Documents\Programming\Thesis_G10\data\raw\CMU-MOSEI\segments\TJelZLbfT2A_003.mp4,data\preprocessed\features\z_at\TJelZLbfT2A_003.pt,data\preprocessed\features\z_v\TJelZLbfT2A_003.pt
TJelZLbfT2A_006,mosei_real,0,mosei_TJelZLbfT2A_006,,,-1,1,1,1,D:\Documents\Programming\Thesis_G10\data\raw\CMU-MOSEI\segments\TJelZLbfT2A_006.mp4,data\preprocessed\features\z_at\TJelZLbfT2A_006.pt,data\preprocessed\features\z_v\TJelZLbfT2A_006.pt
TLPlduck5II_002,mosei_real,0,mosei_TLPlduck5II_002,,,-1,1,1,1,D:\Documents\Programming\Thesis_G10\data\raw\CMU-MOSEI\segments\TLPlduck5II_002.mp4,data\preprocessed\features\z_at\TLPlduck5II_002.pt,data\preprocessed\features\z_v\TLPlduck5II_002.pt
TLPlduck5II_004,mosei_real,0,mosei_TLPlduck5II_004,,,-1,1,1,1,D:\Documents\Programming\Thesis_G10\data\raw\CMU-MOSEI\segments\TLPlduck5II_004.mp4,data\preprocessed\features\z_at\TLPlduck5II_004.pt,data\preprocessed\features\z_v\TLPlduck5II_004.pt
TLPlduck5II_005,mosei_real,0,mosei_TLPlduck5II_005,,,-1,1,1,1,D:\Documents\Programming\Thesis_G10\data\raw\CMU-MOSEI\segments\TLPlduck5II_005.mp4,data\preprocessed\features\z_at\TLPlduck5II_005.pt,data\preprocessed\features\z_v\TLPlduck5II_005.pt
TM7cHOHfF70_003,mosei_real,0,mosei_TM7cHOHfF70_003,,,-1,1,1,1,D:\Documents\Programming\Thesis_G10\data\raw\CMU-MOSEI\segments\TM7cHOHfF70_003.mp4,data\preprocessed\features\z_at\TM7cHOHfF70_003.pt,data\preprocessed\features\z_v\TM7cHOHfF70_003.pt
TM7cHOHfF70_004,mosei_real,0,mosei_TM7cHOHfF70_004,,,-1,1,1,1,D:\Documents\Programming\Thesis_G10\data\raw\CMU-MOSEI\segments\TM7cHOHfF70_004.mp4,data\preprocessed\features\z_at\TM7cHOHfF70_004.pt,data\preprocessed\features\z_v\TM7cHOHfF70_004.pt
TM7cHOHfF70_007,mosei_real,0,mosei_TM7cHOHfF70_007,,,-1,1,1,1,D:\Documents\Programming\Thesis_G10\data\raw\CMU-MOSEI\segments\TM7cHOHfF70_007.mp4,data\preprocessed\features\z_at\TM7cHOHfF70_007.pt,data\preprocessed\features\z_v\TM7cHOHfF70_007.pt
TM7cHOHfF70_008,mosei_real,0,mosei_TM7cHOHfF70_008,,,-1,1,1,1,D:\Documents\Programming\Thesis_G10\data\raw\CMU-MOSEI\segments\TM7cHOHfF70_008.mp4,data\preprocessed\features\z_at\TM7cHOHfF70_008.pt,data\preprocessed\features\z_v\TM7cHOHfF70_008.pt
TM7cHOHfF70_009,mosei_real,0,mosei_TM7cHOHfF70_009,,,-1,1,1,1,D:\Documents\Programming\Thesis_G10\data\raw\CMU-MOSEI\segments\TM7cHOHfF70_009.mp4,data\preprocessed\features\z_at\TM7cHOHfF70_009.pt,data\preprocessed\features\z_v\TM7cHOHfF70_009.pt
TNwwVWA-oAE_002,mosei_real,0,mosei_TNwwVWA-oAE_002,,,-1,1,1,1,D:\Documents\Programming\Thesis_G10\data\raw\CMU-MOSEI\segments\TNwwVWA-oAE_002.mp4,data\preprocessed\features\z_at\TNwwVWA-oAE_002.pt,data\preprocessed\features\z_v\TNwwVWA-oAE_002.pt
TNwwVWA-oAE_003,mosei_real,0,mosei_TNwwVWA-oAE_003,,,-1,1,1,1,D:\Documents\Programming\Thesis_G10\data\raw\CMU-MOSEI\segments\TNwwVWA-oAE_003.mp4,data\preprocessed\features\z_at\TNwwVWA-oAE_003.pt,data\preprocessed\features\z_v\TNwwVWA-oAE_003.pt
TNwwVWA-oAE_005,mosei_real,0,mosei_TNwwVWA-oAE_005,,,-1,1,1,1,D:\Documents\Programming\Thesis_G10\data\raw\CMU-MOSEI\segments\TNwwVWA-oAE_005.mp4,data\preprocessed\features\z_at\TNwwVWA-oAE_005.pt,data\preprocessed\features\z_v\TNwwVWA-oAE_005.pt
TO5HjoK8Iu8_002,mosei_real,0,mosei_TO5HjoK8Iu8_002,,,-1,1,1,1,D:\Documents\Programming\Thesis_G10\data\raw\CMU-MOSEI\segments\TO5HjoK8Iu8_002.mp4,data\preprocessed\features\z_at\TO5HjoK8Iu8_002.pt,data\preprocessed\features\z_v\TO5HjoK8Iu8_002.pt
TO5HjoK8Iu8_008,mosei_real,0,mosei_TO5HjoK8Iu8_008,,,-1,1,1,1,D:\Documents\Programming\Thesis_G10\data\raw\CMU-MOSEI\segments\TO5HjoK8Iu8_008.mp4,data\preprocessed\features\z_at\TO5HjoK8Iu8_008.pt,data\preprocessed\features\z_v\TO5HjoK8Iu8_008.pt
TO5HjoK8Iu8_009,mosei_real,0,mosei_TO5HjoK8Iu8_009,,,-1,1,1,1,D:\Documents\Programming\Thesis_G10\data\raw\CMU-MOSEI\segments\TO5HjoK8Iu8_009.mp4,data\preprocessed\features\z_at\TO5HjoK8Iu8_009.pt,data\preprocessed\features\z_v\TO5HjoK8Iu8_009.pt
TSDC7CCyeGY_000,mosei_real,0,mosei_TSDC7CCyeGY_000,,,-1,1,1,1,D:\Documents\Programming\Thesis_G10\data\raw\CMU-MOSEI\segments\TSDC7CCyeGY_000.mp4,data\preprocessed\features\z_at\TSDC7CCyeGY_000.pt,data\preprocessed\features\z_v\TSDC7CCyeGY_000.pt
TSDC7CCyeGY_001,mosei_real,0,mosei_TSDC7CCyeGY_001,,,-1,1,1,1,D:\Documents\Programming\Thesis_G10\data\raw\CMU-MOSEI\segments\TSDC7CCyeGY_001.mp4,data\preprocessed\features\z_at\TSDC7CCyeGY_001.pt,data\preprocessed\features\z_v\TSDC7CCyeGY_001.pt
TSDC7CCyeGY_002,mosei_real,0,mosei_TSDC7CCyeGY_002,,,-1,1,1,1,D:\Documents\Programming\Thesis_G10\data\raw\CMU-MOSEI\segments\TSDC7CCyeGY_002.mp4,data\preprocessed\features\z_at\TSDC7CCyeGY_002.pt,data\preprocessed\features\z_v\TSDC7CCyeGY_002.pt
TSDC7CCyeGY_003,mosei_real,0,mosei_TSDC7CCyeGY_003,,,-1,1,1,1,D:\Documents\Programming\Thesis_G10\data\raw\CMU-MOSEI\segments\TSDC7CCyeGY_003.mp4,data\preprocessed\features\z_at\TSDC7CCyeGY_003.pt,data\preprocessed\features\z_v\TSDC7CCyeGY_003.pt
TSDC7CCyeGY_004,mosei_real,0,mosei_TSDC7CCyeGY_004,,,-1,1,1,1,D:\Documents\Programming\Thesis_G10\data\raw\CMU-MOSEI\segments\TSDC7CCyeGY_004.mp4,data\preprocessed\features\z_at\TSDC7CCyeGY_004.pt,data\preprocessed\features\z_v\TSDC7CCyeGY_004.pt
TWMFQED1Myk_000,mosei_real,0,mosei_TWMFQED1Myk_000,,,-1,1,1,1,D:\Documents\Programming\Thesis_G10\data\raw\CMU-MOSEI\segments\TWMFQED1Myk_000.mp4,data\preprocessed\features\z_at\TWMFQED1Myk_000.pt,data\preprocessed\features\z_v\TWMFQED1Myk_000.pt
TWMFQED1Myk_002,mosei_real,0,mosei_TWMFQED1Myk_002,,,-1,1,1,1,D:\Documents\Programming\Thesis_G10\data\raw\CMU-MOSEI\segments\TWMFQED1Myk_002.mp4,data\preprocessed\features\z_at\TWMFQED1Myk_002.pt,data\preprocessed\features\z_v\TWMFQED1Myk_002.pt
TWMFQED1Myk_003,mosei_real,0,mosei_TWMFQED1Myk_003,,,-1,1,1,1,D:\Documents\Programming\Thesis_G10\data\raw\CMU-MOSEI\segments\TWMFQED1Myk_003.mp4,data\preprocessed\features\z_at\TWMFQED1Myk_003.pt,data\preprocessed\features\z_v\TWMFQED1Myk_003.pt
TWMFQED1Myk_005,mosei_real,0,mosei_TWMFQED1Myk_005,,,-1,1,1,1,D:\Documents\Programming\Thesis_G10\data\raw\CMU-MOSEI\segments\TWMFQED1Myk_005.mp4,data\preprocessed\features\z_at\TWMFQED1Myk_005.pt,data\preprocessed\features\z_v\TWMFQED1Myk_005.pt
TWMFQED1Myk_008,mosei_real,0,mosei_TWMFQED1Myk_008,,,-1,1,1,1,D:\Documents\Programming\Thesis_G10\data\raw\CMU-MOSEI\segments\TWMFQED1Myk_008.mp4,data\preprocessed\features\z_at\TWMFQED1Myk_008.pt,data\preprocessed\features\z_v\TWMFQED1Myk_008.pt
TWszOxkOV0w_002,mosei_real,0,mosei_TWszOxkOV0w_002,,,-1,1,1,1,D:\Documents\Programming\Thesis_G10\data\raw\CMU-MOSEI\segments\TWszOxkOV0w_002.mp4,data\preprocessed\features\z_at\TWszOxkOV0w_002.pt,data\preprocessed\features\z_v\TWszOxkOV0w_002.pt
TYJzg5IJN8o_000,mosei_real,0,mosei_TYJzg5IJN8o_000,,,-1,1,1,1,D:\Documents\Programming\Thesis_G10\data\raw\CMU-MOSEI\segments\TYJzg5IJN8o_000.mp4,data\preprocessed\features\z_at\TYJzg5IJN8o_000.pt,data\preprocessed\features\z_v\TYJzg5IJN8o_000.pt
TYJzg5IJN8o_004,mosei_real,0,mosei_TYJzg5IJN8o_004,,,-1,1,1,1,D:\Documents\Programming\Thesis_G10\data\raw\CMU-MOSEI\segments\TYJzg5IJN8o_004.mp4,data\preprocessed\features\z_at\TYJzg5IJN8o_004.pt,data\preprocessed\features\z_v\TYJzg5IJN8o_004.pt
TYJzg5IJN8o_007,mosei_real,0,mosei_TYJzg5IJN8o_007,,,-1,1,1,1,D:\Documents\Programming\Thesis_G10\data\raw\CMU-MOSEI\segments\TYJzg5IJN8o_007.mp4,data\preprocessed\features\z_at\TYJzg5IJN8o_007.pt,data\preprocessed\features\z_v\TYJzg5IJN8o_007.pt
TZXcQemh8n8_001,mosei_real,0,mosei_TZXcQemh8n8_001,,,-1,1,1,1,D:\Documents\Programming\Thesis_G10\data\raw\CMU-MOSEI\segments\TZXcQemh8n8_001.mp4,data\preprocessed\features\z_at\TZXcQemh8n8_001.pt,data\preprocessed\features\z_v\TZXcQemh8n8_001.pt
Ta_IgA3XJ3s_000,mosei_real,0,mosei_Ta_IgA3XJ3s_000,,,-1,1,1,1,D:\Documents\Programming\Thesis_G10\data\raw\CMU-MOSEI\segments\Ta_IgA3XJ3s_000.mp4,data\preprocessed\features\z_at\Ta_IgA3XJ3s_000.pt,data\preprocessed\features\z_v\Ta_IgA3XJ3s_000.pt
Ta_IgA3XJ3s_002,mosei_real,0,mosei_Ta_IgA3XJ3s_002,,,-1,1,1,1,D:\Documents\Programming\Thesis_G10\data\raw\CMU-MOSEI\segments\Ta_IgA3XJ3s_002.mp4,data\preprocessed\features\z_at\Ta_IgA3XJ3s_002.pt,data\preprocessed\features\z_v\Ta_IgA3XJ3s_002.pt
Ta_IgA3XJ3s_003,mosei_real,0,mosei_Ta_IgA3XJ3s_003,,,-1,1,1,1,D:\Documents\Programming\Thesis_G10\data\raw\CMU-MOSEI\segments\Ta_IgA3XJ3s_003.mp4,data\preprocessed\features\z_at\Ta_IgA3XJ3s_003.pt,data\preprocessed\features\z_v\Ta_IgA3XJ3s_003.pt
Ta_IgA3XJ3s_004,mosei_real,0,mosei_Ta_IgA3XJ3s_004,,,-1,1,1,1,D:\Documents\Programming\Thesis_G10\data\raw\CMU-MOSEI\segments\Ta_IgA3XJ3s_004.mp4,data\preprocessed\features\z_at\Ta_IgA3XJ3s_004.pt,data\preprocessed\features\z_v\Ta_IgA3XJ3s_004.pt
Ta_IgA3XJ3s_005,mosei_real,0,mosei_Ta_IgA3XJ3s_005,,,-1,1,1,1,D:\Documents\Programming\Thesis_G10\data\raw\CMU-MOSEI\segments\Ta_IgA3XJ3s_005.mp4,data\preprocessed\features\z_at\Ta_IgA3XJ3s_005.pt,data\preprocessed\features\z_v\Ta_IgA3XJ3s_005.pt
TbZPa_keawc_000,mosei_real,0,mosei_TbZPa_keawc_000,,,-1,1,1,1,D:\Documents\Programming\Thesis_G10\data\raw\CMU-MOSEI\segments\TbZPa_keawc_000.mp4,data\preprocessed\features\z_at\TbZPa_keawc_000.pt,data\preprocessed\features\z_v\TbZPa_keawc_000.pt
TbZPa_keawc_002,mosei_real,0,mosei_TbZPa_keawc_002,,,-1,1,1,1,D:\Documents\Programming\Thesis_G10\data\raw\CMU-MOSEI\segments\TbZPa_keawc_002.mp4,data\preprocessed\features\z_at\TbZPa_keawc_002.pt,data\preprocessed\features\z_v\TbZPa_keawc_002.pt
TcTGCIh6e5s_001,mosei_real,0,mosei_TcTGCIh6e5s_001,,,-1,1,1,1,D:\Documents\Programming\Thesis_G10\data\raw\CMU-MOSEI\segments\TcTGCIh6e5s_001.mp4,data\preprocessed\features\z_at\TcTGCIh6e5s_001.pt,data\preprocessed\features\z_v\TcTGCIh6e5s_001.pt
TcTGCIh6e5s_002,mosei_real,0,mosei_TcTGCIh6e5s_002,,,-1,1,1,1,D:\Documents\Programming\Thesis_G10\data\raw\CMU-MOSEI\segments\TcTGCIh6e5s_002.mp4,data\preprocessed\features\z_at\TcTGCIh6e5s_002.pt,data\preprocessed\features\z_v\TcTGCIh6e5s_002.pt
TcTGCIh6e5s_003,mosei_real,0,mosei_TcTGCIh6e5s_003,,,-1,1,1,1,D:\Documents\Programming\Thesis_G10\data\raw\CMU-MOSEI\segments\TcTGCIh6e5s_003.mp4,data\preprocessed\features\z_at\TcTGCIh6e5s_003.pt,data\preprocessed\features\z_v\TcTGCIh6e5s_003.pt
TcTGCIh6e5s_004,mosei_real,0,mosei_TcTGCIh6e5s_004,,,-1,1,1,1,D:\Documents\Programming\Thesis_G10\data\raw\CMU-MOSEI\segments\TcTGCIh6e5s_004.mp4,data\preprocessed\features\z_at\TcTGCIh6e5s_004.pt,data\preprocessed\features\z_v\TcTGCIh6e5s_004.pt
TcTGCIh6e5s_006,mosei_real,0,mosei_TcTGCIh6e5s_006,,,-1,1,1,1,D:\Documents\Programming\Thesis_G10\data\raw\CMU-MOSEI\segments\TcTGCIh6e5s_006.mp4,data\preprocessed\features\z_at\TcTGCIh6e5s_006.pt,data\preprocessed\features\z_v\TcTGCIh6e5s_006.pt
TdCfpMRiA1c_000,mosei_real,0,mosei_TdCfpMRiA1c_000,,,-1,1,1,1,D:\Documents\Programming\Thesis_G10\data\raw\CMU-MOSEI\segments\TdCfpMRiA1c_000.mp4,data\preprocessed\features\z_at\TdCfpMRiA1c_000.pt,data\preprocessed\features\z_v\TdCfpMRiA1c_000.pt
TdCfpMRiA1c_005,mosei_real,0,mosei_TdCfpMRiA1c_005,,,-1,1,1,1,D:\Documents\Programming\Thesis_G10\data\raw\CMU-MOSEI\segments\TdCfpMRiA1c_005.mp4,data\preprocessed\features\z_at\TdCfpMRiA1c_005.pt,data\preprocessed\features\z_v\TdCfpMRiA1c_005.pt
TdCfpMRiA1c_006,mosei_real,0,mosei_TdCfpMRiA1c_006,,,-1,1,1,1,D:\Documents\Programming\Thesis_G10\data\raw\CMU-MOSEI\segments\TdCfpMRiA1c_006.mp4,data\preprocessed\features\z_at\TdCfpMRiA1c_006.pt,data\preprocessed\features\z_v\TdCfpMRiA1c_006.pt
TdCfpMRiA1c_007,mosei_real,0,mosei_TdCfpMRiA1c_007,,,-1,1,1,1,D:\Documents\Programming\Thesis_G10\data\raw\CMU-MOSEI\segments\TdCfpMRiA1c_007.mp4,data\preprocessed\features\z_at\TdCfpMRiA1c_007.pt,data\preprocessed\features\z_v\TdCfpMRiA1c_007.pt
Tiq67-bAV3M_000,mosei_real,0,mosei_Tiq67-bAV3M_000,,,-1,1,1,1,D:\Documents\Programming\Thesis_G10\data\raw\CMU-MOSEI\segments\Tiq67-bAV3M_000.mp4,data\preprocessed\features\z_at\Tiq67-bAV3M_000.pt,data\preprocessed\features\z_v\Tiq67-bAV3M_000.pt
Tiq67-bAV3M_001,mosei_real,0,mosei_Tiq67-bAV3M_001,,,-1,1,1,1,D:\Documents\Programming\Thesis_G10\data\raw\CMU-MOSEI\segments\Tiq67-bAV3M_001.mp4,data\preprocessed\features\z_at\Tiq67-bAV3M_001.pt,data\preprocessed\features\z_v\Tiq67-bAV3M_001.pt
Tiq67-bAV3M_004,mosei_real,0,mosei_Tiq67-bAV3M_004,,,-1,1,1,1,D:\Documents\Programming\Thesis_G10\data\raw\CMU-MOSEI\segments\Tiq67-bAV3M_004.mp4,data\preprocessed\features\z_at\Tiq67-bAV3M_004.pt,data\preprocessed\features\z_v\Tiq67-bAV3M_004.pt
TksWzxo81Mk_007,mosei_real,0,mosei_TksWzxo81Mk_007,,,-1,1,1,1,D:\Documents\Programming\Thesis_G10\data\raw\CMU-MOSEI\segments\TksWzxo81Mk_007.mp4,data\preprocessed\features\z_at\TksWzxo81Mk_007.pt,data\preprocessed\features\z_v\TksWzxo81Mk_007.pt
Tpdqfpuumg4_001,mosei_real,0,mosei_Tpdqfpuumg4_001,,,-1,1,1,1,D:\Documents\Programming\Thesis_G10\data\raw\CMU-MOSEI\segments\Tpdqfpuumg4_001.mp4,data\preprocessed\features\z_at\Tpdqfpuumg4_001.pt,data\preprocessed\features\z_v\Tpdqfpuumg4_001.pt
TqQgIxR7thU_000,mosei_real,0,mosei_TqQgIxR7thU_000,,,-1,1,1,1,D:\Documents\Programming\Thesis_G10\data\raw\CMU-MOSEI\segments\TqQgIxR7thU_000.mp4,data\preprocessed\features\z_at\TqQgIxR7thU_000.pt,data\preprocessed\features\z_v\TqQgIxR7thU_000.pt
TsfyeZ8hgwE_000,mosei_real,0,mosei_TsfyeZ8hgwE_000,,,-1,1,1,1,D:\Documents\Programming\Thesis_G10\data\raw\CMU-MOSEI\segments\TsfyeZ8hgwE_000.mp4,data\preprocessed\features\z_at\TsfyeZ8hgwE_000.pt,data\preprocessed\features\z_v\TsfyeZ8hgwE_000.pt
TwFl4epL244_000,mosei_real,0,mosei_TwFl4epL244_000,,,-1,1,1,1,D:\Documents\Programming\Thesis_G10\data\raw\CMU-MOSEI\segments\TwFl4epL244_000.mp4,data\preprocessed\features\z_at\TwFl4epL244_000.pt,data\preprocessed\features\z_v\TwFl4epL244_000.pt
TwFl4epL244_002,mosei_real,0,mosei_TwFl4epL244_002,,,-1,1,1,1,D:\Documents\Programming\Thesis_G10\data\raw\CMU-MOSEI\segments\TwFl4epL244_002.mp4,data\preprocessed\features\z_at\TwFl4epL244_002.pt,data\preprocessed\features\z_v\TwFl4epL244_002.pt
TwFl4epL244_004,mosei_real,0,mosei_TwFl4epL244_004,,,-1,1,1,1,D:\Documents\Programming\Thesis_G10\data\raw\CMU-MOSEI\segments\TwFl4epL244_004.mp4,data\preprocessed\features\z_at\TwFl4epL244_004.pt,data\preprocessed\features\z_v\TwFl4epL244_004.pt
TwFl4epL244_006,mosei_real,0,mosei_TwFl4epL244_006,,,-1,1,1,1,D:\Documents\Programming\Thesis_G10\data\raw\CMU-MOSEI\segments\TwFl4epL244_006.mp4,data\preprocessed\features\z_at\TwFl4epL244_006.pt,data\preprocessed\features\z_v\TwFl4epL244_006.pt
TwFl4epL244_007,mosei_real,0,mosei_TwFl4epL244_007,,,-1,1,1,1,D:\Documents\Programming\Thesis_G10\data\raw\CMU-MOSEI\segments\TwFl4epL244_007.mp4,data\preprocessed\features\z_at\TwFl4epL244_007.pt,data\preprocessed\features\z_v\TwFl4epL244_007.pt
TwTLsgfpKvA_000,mosei_real,0,mosei_TwTLsgfpKvA_000,,,-1,1,1,1,D:\Documents\Programming\Thesis_G10\data\raw\CMU-MOSEI\segments\TwTLsgfpKvA_000.mp4,data\preprocessed\features\z_at\TwTLsgfpKvA_000.pt,data\preprocessed\features\z_v\TwTLsgfpKvA_000.pt
TwTLsgfpKvA_001,mosei_real,0,mosei_TwTLsgfpKvA_001,,,-1,1,1,1,D:\Documents\Programming\Thesis_G10\data\raw\CMU-MOSEI\segments\TwTLsgfpKvA_001.mp4,data\preprocessed\features\z_at\TwTLsgfpKvA_001.pt,data\preprocessed\features\z_v\TwTLsgfpKvA_001.pt
TwTLsgfpKvA_002,mosei_real,0,mosei_TwTLsgfpKvA_002,,,-1,1,1,1,D:\Documents\Programming\Thesis_G10\data\raw\CMU-MOSEI\segments\TwTLsgfpKvA_002.mp4,data\preprocessed\features\z_at\TwTLsgfpKvA_002.pt,data\preprocessed\features\z_v\TwTLsgfpKvA_002.pt
TwTLsgfpKvA_003,mosei_real,0,mosei_TwTLsgfpKvA_003,,,-1,1,1,1,D:\Documents\Programming\Thesis_G10\data\raw\CMU-MOSEI\segments\TwTLsgfpKvA_003.mp4,data\preprocessed\features\z_at\TwTLsgfpKvA_003.pt,data\preprocessed\features\z_v\TwTLsgfpKvA_003.pt
TwTLsgfpKvA_005,mosei_real,0,mosei_TwTLsgfpKvA_005,,,-1,1,1,1,D:\Documents\Programming\Thesis_G10\data\raw\CMU-MOSEI\segments\TwTLsgfpKvA_005.mp4,data\preprocessed\features\z_at\TwTLsgfpKvA_005.pt,data\preprocessed\features\z_v\TwTLsgfpKvA_005.pt
TwTLsgfpKvA_009,mosei_real,0,mosei_TwTLsgfpKvA_009,,,-1,1,1,1,D:\Documents\Programming\Thesis_G10\data\raw\CMU-MOSEI\segments\TwTLsgfpKvA_009.mp4,data\preprocessed\features\z_at\TwTLsgfpKvA_009.pt,data\preprocessed\features\z_v\TwTLsgfpKvA_009.pt
TxRS6vJ9ak0_000,mosei_real,0,mosei_TxRS6vJ9ak0_000,,,-1,1,1,1,D:\Documents\Programming\Thesis_G10\data\raw\CMU-MOSEI\segments\TxRS6vJ9ak0_000.mp4,data\preprocessed\features\z_at\TxRS6vJ9ak0_000.pt,data\preprocessed\features\z_v\TxRS6vJ9ak0_000.pt
TxRS6vJ9ak0_001,mosei_real,0,mosei_TxRS6vJ9ak0_001,,,-1,1,1,1,D:\Documents\Programming\Thesis_G10\data\raw\CMU-MOSEI\segments\TxRS6vJ9ak0_001.mp4,data\preprocessed\features\z_at\TxRS6vJ9ak0_001.pt,data\preprocessed\features\z_v\TxRS6vJ9ak0_001.pt
TxRS6vJ9ak0_002,mosei_real,0,mosei_TxRS6vJ9ak0_002,,,-1,1,1,1,D:\Documents\Programming\Thesis_G10\data\raw\CMU-MOSEI\segments\TxRS6vJ9ak0_002.mp4,data\preprocessed\features\z_at\TxRS6vJ9ak0_002.pt,data\preprocessed\features\z_v\TxRS6vJ9ak0_002.pt
