clip_id,source_pipeline,fake_label,speaker_id,audio_emotion,visual_emotion,sarcasm_label,has_z_at,has_z_v,is_ready_for_training,video_path,z_at_path,z_v_path
kCQqLNiO0mk_000,mosei_real,0,mosei_kCQqLNiO0mk_000,,,-1,1,1,1,D:\Documents\Programming\Thesis_G10\data\raw\CMU-MOSEI\segments\kCQqLNiO0mk_000.mp4,data\preprocessed\features\z_at\kCQqLNiO0mk_000.pt,data\preprocessed\features\z_v\kCQqLNiO0mk_000.pt
kCQqLNiO0mk_003,mosei_real,0,mosei_kCQqLNiO0mk_003,,,-1,1,1,1,D:\Documents\Programming\Thesis_G10\data\raw\CMU-MOSEI\segments\kCQqLNiO0mk_003.mp4,data\preprocessed\features\z_at\kCQqLNiO0mk_003.pt,data\preprocessed\features\z_v\kCQqLNiO0mk_003.pt
kCQqLNiO0mk_004,mosei_real,0,mosei_kCQqLNiO0mk_004,,,-1,1,1,1,D:\Documents\Programming\Thesis_G10\data\raw\CMU-MOSEI\segments\kCQqLNiO0mk_004.mp4,data\preprocessed\features\z_at\kCQqLNiO0mk_004.pt,data\preprocessed\features\z_v\kCQqLNiO0mk_004.pt
kCQqLNiO0mk_005,mosei_real,0,mosei_kCQqLNiO0mk_005,,,-1,1,1,1,D:\Documents\Programming\Thesis_G10\data\raw\CMU-MOSEI\segments\kCQqLNiO0mk_005.mp4,data\preprocessed\features\z_at\kCQqLNiO0mk_005.pt,data\preprocessed\features\z_v\kCQqLNiO0mk_005.pt
kCQqLNiO0mk_007,mosei_real,0,mosei_kCQqLNiO0mk_007,,,-1,1,1,1,D:\Documents\Programming\Thesis_G10\data\raw\CMU-MOSEI\segments\kCQqLNiO0mk_007.mp4,data\preprocessed\features\z_at\kCQqLNiO0mk_007.pt,data\preprocessed\features\z_v\kCQqLNiO0mk_007.pt
kCQqLNiO0mk_009,mosei_real,0,mosei_kCQqLNiO0mk_009,,,-1,1,1,1,D:\Documents\Programming\Thesis_G10\data\raw\CMU-MOSEI\segments\kCQqLNiO0mk_009.mp4,data\preprocessed\features\z_at\kCQqLNiO0mk_009.pt,data\preprocessed\features\z_v\kCQqLNiO0mk_009.pt
kCQqLNiO0mk_011,mosei_real,0,mosei_kCQqLNiO0mk_011,,,-1,1,1,1,D:\Documents\Programming\Thesis_G10\data\raw\CMU-MOSEI\segments\kCQqLNiO0mk_011.mp4,data\preprocessed\features\z_at\kCQqLNiO0mk_011.pt,data\preprocessed\features\z_v\kCQqLNiO0mk_011.pt
kKkZihSbxF4_000,mosei_real,0,mosei_kKkZihSbxF4_000,,,-1,1,1,1,D:\Documents\Programming\Thesis_G10\data\raw\CMU-MOSEI\segments\kKkZihSbxF4_000.mp4,data\preprocessed\features\z_at\kKkZihSbxF4_000.pt,data\preprocessed\features\z_v\kKkZihSbxF4_000.pt
kKkZihSbxF4_001,mosei_real,0,mosei_kKkZihSbxF4_001,,,-1,1,1,1,D:\Documents\Programming\Thesis_G10\data\raw\CMU-MOSEI\segments\kKkZihSbxF4_001.mp4,data\preprocessed\features\z_at\kKkZihSbxF4_001.pt,data\preprocessed\features\z_v\kKkZihSbxF4_001.pt
kM6wo2bb3nw_001,mosei_real,0,mosei_kM6wo2bb3nw_001,,,-1,1,1,1,D:\Documents\Programming\Thesis_G10\data\raw\CMU-MOSEI\segments\kM6wo2bb3nw_001.mp4,data\preprocessed\features\z_at\kM6wo2bb3nw_001.pt,data\preprocessed\features\z_v\kM6wo2bb3nw_001.pt
kPn-t6NSxfQ_001,mosei_real,0,mosei_kPn-t6NSxfQ_001,,,-1,1,1,1,D:\Documents\Programming\Thesis_G10\data\raw\CMU-MOSEI\segments\kPn-t6NSxfQ_001.mp4,data\preprocessed\features\z_at\kPn-t6NSxfQ_001.pt,data\preprocessed\features\z_v\kPn-t6NSxfQ_001.pt
kPn-t6NSxfQ_002,mosei_real,0,mosei_kPn-t6NSxfQ_002,,,-1,1,1,1,D:\Documents\Programming\Thesis_G10\data\raw\CMU-MOSEI\segments\kPn-t6NSxfQ_002.mp4,data\preprocessed\features\z_at\kPn-t6NSxfQ_002.pt,data\preprocessed\features\z_v\kPn-t6NSxfQ_002.pt
kPn-t6NSxfQ_003,mosei_real,0,mosei_kPn-t6NSxfQ_003,,,-1,1,1,1,D:\Documents\Programming\Thesis_G10\data\raw\CMU-MOSEI\segments\kPn-t6NSxfQ_003.mp4,data\preprocessed\features\z_at\kPn-t6NSxfQ_003.pt,data\preprocessed\features\z_v\kPn-t6NSxfQ_003.pt
kPn-t6NSxfQ_006,mosei_real,0,mosei_kPn-t6NSxfQ_006,,,-1,1,1,1,D:\Documents\Programming\Thesis_G10\data\raw\CMU-MOSEI\segments\kPn-t6NSxfQ_006.mp4,data\preprocessed\features\z_at\kPn-t6NSxfQ_006.pt,data\preprocessed\features\z_v\kPn-t6NSxfQ_006.pt
kPn-t6NSxfQ_007,mosei_real,0,mosei_kPn-t6NSxfQ_007,,,-1,1,1,1,D:\Documents\Programming\Thesis_G10\data\raw\CMU-MOSEI\segments\kPn-t6NSxfQ_007.mp4,data\preprocessed\features\z_at\kPn-t6NSxfQ_007.pt,data\preprocessed\features\z_v\kPn-t6NSxfQ_007.pt
kPn-t6NSxfQ_009,mosei_real,0,mosei_kPn-t6NSxfQ_009,,,-1,1,1,1,D:\Documents\Programming\Thesis_G10\data\raw\CMU-MOSEI\segments\kPn-t6NSxfQ_009.mp4,data\preprocessed\features\z_at\kPn-t6NSxfQ_009.pt,data\preprocessed\features\z_v\kPn-t6NSxfQ_009.pt
kRs39SO-neY_000,mosei_real,0,mosei_kRs39SO-neY_000,,,-1,1,1,1,D:\Documents\Programming\Thesis_G10\data\raw\CMU-MOSEI\segments\kRs39SO-neY_000.mp4,data\preprocessed\features\z_at\kRs39SO-neY_000.pt,data\preprocessed\features\z_v\kRs39SO-neY_000.pt
kRs39SO-neY_002,mosei_real,0,mosei_kRs39SO-neY_002,,,-1,1,1,1,D:\Documents\Programming\Thesis_G10\data\raw\CMU-MOSEI\segments\kRs39SO-neY_002.mp4,data\preprocessed\features\z_at\kRs39SO-neY_002.pt,data\preprocessed\features\z_v\kRs39SO-neY_002.pt
kU6YY2z7z0I_000,mosei_real,0,mosei_kU6YY2z7z0I_000,,,-1,1,1,1,D:\Documents\Programming\Thesis_G10\data\raw\CMU-MOSEI\segments\kU6YY2z7z0I_000.mp4,data\preprocessed\features\z_at\kU6YY2z7z0I_000.pt,data\preprocessed\features\z_v\kU6YY2z7z0I_000.pt
kU6YY2z7z0I_002,mosei_real,0,mosei_kU6YY2z7z0I_002,,,-1,1,1,1,D:\Documents\Programming\Thesis_G10\data\raw\CMU-MOSEI\segments\kU6YY2z7z0I_002.mp4,data\preprocessed\features\z_at\kU6YY2z7z0I_002.pt,data\preprocessed\features\z_v\kU6YY2z7z0I_002.pt
kU6YY2z7z0I_003,mosei_real,0,mosei_kU6YY2z7z0I_003,,,-1,1,1,1,D:\Documents\Programming\Thesis_G10\data\raw\CMU-MOSEI\segments\kU6YY2z7z0I_003.mp4,data\preprocessed\features\z_at\kU6YY2z7z0I_003.pt,data\preprocessed\features\z_v\kU6YY2z7z0I_003.pt
kU6YY2z7z0I_005,mosei_real,0,mosei_kU6YY2z7z0I_005,,,-1,1,1,1,D:\Documents\Programming\Thesis_G10\data\raw\CMU-MOSEI\segments\kU6YY2z7z0I_005.mp4,data\preprocessed\features\z_at\kU6YY2z7z0I_005.pt,data\preprocessed\features\z_v\kU6YY2z7z0I_005.pt
kU6YY2z7z0I_006,mosei_real,0,mosei_kU6YY2z7z0I_006,,,-1,1,1,1,D:\Documents\Programming\Thesis_G10\data\raw\CMU-MOSEI\segments\kU6YY2z7z0I_006.mp4,data\preprocessed\features\z_at\kU6YY2z7z0I_006.pt,data\preprocessed\features\z_v\kU6YY2z7z0I_006.pt
kU6YY2z7z0I_007,mosei_real,0,mosei_kU6YY2z7z0I_007,,,-1,1,1,1,D:\Documents\Programming\Thesis_G10\data\raw\CMU-MOSEI\segments\kU6YY2z7z0I_007.mp4,data\preprocessed\features\z_at\kU6YY2z7z0I_007.pt,data\preprocessed\features\z_v\kU6YY2z7z0I_007.pt
kU6YY2z7z0I_009,mosei_real,0,mosei_kU6YY2z7z0I_009,,,-1,1,1,1,D:\Documents\Programming\Thesis_G10\data\raw\CMU-MOSEI\segments\kU6YY2z7z0I_009.mp4,data\preprocessed\features\z_at\kU6YY2z7z0I_009.pt,data\preprocessed\features\z_v\kU6YY2z7z0I_009.pt
kU6YY2z7z0I_010,mosei_real,0,mosei_kU6YY2z7z0I_010,,,-1,1,1,1,D:\Documents\Programming\Thesis_G10\data\raw\CMU-MOSEI\segments\kU6YY2z7z0I_010.mp4,data\preprocessed\features\z_at\kU6YY2z7z0I_010.pt,data\preprocessed\features\z_v\kU6YY2z7z0I_010.pt
kXhJ3hHK9hQ_000,mosei_real,0,mosei_kXhJ3hHK9hQ_000,,,-1,1,1,1,D:\Documents\Programming\Thesis_G10\data\raw\CMU-MOSEI\segments\kXhJ3hHK9hQ_000.mp4,data\preprocessed\features\z_at\kXhJ3hHK9hQ_000.pt,data\preprocessed\features\z_v\kXhJ3hHK9hQ_000.pt
kXhJ3hHK9hQ_001,mosei_real,0,mosei_kXhJ3hHK9hQ_001,,,-1,1,1,1,D:\Documents\Programming\Thesis_G10\data\raw\CMU-MOSEI\segments\kXhJ3hHK9hQ_001.mp4,data\preprocessed\features\z_at\kXhJ3hHK9hQ_001.pt,data\preprocessed\features\z_v\kXhJ3hHK9hQ_001.pt
kXhJ3hHK9hQ_002,mosei_real,0,mosei_kXhJ3hHK9hQ_002,,,-1,1,1,1,D:\Documents\Programming\Thesis_G10\data\raw\CMU-MOSEI\segments\kXhJ3hHK9hQ_002.mp4,data\preprocessed\features\z_at\kXhJ3hHK9hQ_002.pt,data\preprocessed\features\z_v\kXhJ3hHK9hQ_002.pt
kXhJ3hHK9hQ_005,mosei_real,0,mosei_kXhJ3hHK9hQ_005,,,-1,1,1,1,D:\Documents\Programming\Thesis_G10\data\raw\CMU-MOSEI\segments\kXhJ3hHK9hQ_005.mp4,data\preprocessed\features\z_at\kXhJ3hHK9hQ_005.pt,data\preprocessed\features\z_v\kXhJ3hHK9hQ_005.pt
kY64gXOapYk_001,mosei_real,0,mosei_kY64gXOapYk_001,,,-1,1,1,1,D:\Documents\Programming\Thesis_G10\data\raw\CMU-MOSEI\segments\kY64gXOapYk_001.mp4,data\preprocessed\features\z_at\kY64gXOapYk_001.pt,data\preprocessed\features\z_v\kY64gXOapYk_001.pt
kY64gXOapYk_003,mosei_real,0,mosei_kY64gXOapYk_003,,,-1,1,1,1,D:\Documents\Programming\Thesis_G10\data\raw\CMU-MOSEI\segments\kY64gXOapYk_003.mp4,data\preprocessed\features\z_at\kY64gXOapYk_003.pt,data\preprocessed\features\z_v\kY64gXOapYk_003.pt
kY64gXOapYk_004,mosei_real,0,mosei_kY64gXOapYk_004,,,-1,1,1,1,D:\Documents\Programming\Thesis_G10\data\raw\CMU-MOSEI\segments\kY64gXOapYk_004.mp4,data\preprocessed\features\z_at\kY64gXOapYk_004.pt,data\preprocessed\features\z_v\kY64gXOapYk_004.pt
kZfcQ4a0kx4_000,mosei_real,0,mosei_kZfcQ4a0kx4_000,,,-1,1,1,1,D:\Documents\Programming\Thesis_G10\data\raw\CMU-MOSEI\segments\kZfcQ4a0kx4_000.mp4,data\preprocessed\features\z_at\kZfcQ4a0kx4_000.pt,data\preprocessed\features\z_v\kZfcQ4a0kx4_000.pt
kZfcQ4a0kx4_003,mosei_real,0,mosei_kZfcQ4a0kx4_003,,,-1,1,1,1,D:\Documents\Programming\Thesis_G10\data\raw\CMU-MOSEI\segments\kZfcQ4a0kx4_003.mp4,data\preprocessed\features\z_at\kZfcQ4a0kx4_003.pt,data\preprocessed\features\z_v\kZfcQ4a0kx4_003.pt
kZfcQ4a0kx4_004,mosei_real,0,mosei_kZfcQ4a0kx4_004,,,-1,1,1,1,D:\Documents\Programming\Thesis_G10\data\raw\CMU-MOSEI\segments\kZfcQ4a0kx4_004.mp4,data\preprocessed\features\z_at\kZfcQ4a0kx4_004.pt,data\preprocessed\features\z_v\kZfcQ4a0kx4_004.pt
kZfcQ4a0kx4_006,mosei_real,0,mosei_kZfcQ4a0kx4_006,,,-1,1,1,1,D:\Documents\Programming\Thesis_G10\data\raw\CMU-MOSEI\segments\kZfcQ4a0kx4_006.mp4,data\preprocessed\features\z_at\kZfcQ4a0kx4_006.pt,data\preprocessed\features\z_v\kZfcQ4a0kx4_006.pt
kZfcQ4a0kx4_007,mosei_real,0,mosei_kZfcQ4a0kx4_007,,,-1,1,1,1,D:\Documents\Programming\Thesis_G10\data\raw\CMU-MOSEI\segments\kZfcQ4a0kx4_007.mp4,data\preprocessed\features\z_at\kZfcQ4a0kx4_007.pt,data\preprocessed\features\z_v\kZfcQ4a0kx4_007.pt
kZfcQ4a0kx4_009,mosei_real,0,mosei_kZfcQ4a0kx4_009,,,-1,1,1,1,D:\Documents\Programming\Thesis_G10\data\raw\CMU-MOSEI\segments\kZfcQ4a0kx4_009.mp4,data\preprocessed\features\z_at\kZfcQ4a0kx4_009.pt,data\preprocessed\features\z_v\kZfcQ4a0kx4_009.pt
kbRtSmJM5aU_000,mosei_real,0,mosei_kbRtSmJM5aU_000,,,-1,1,1,1,D:\Documents\Programming\Thesis_G10\data\raw\CMU-MOSEI\segments\kbRtSmJM5aU_000.mp4,data\preprocessed\features\z_at\kbRtSmJM5aU_000.pt,data\preprocessed\features\z_v\kbRtSmJM5aU_000.pt
kcIGTPHEsNo_000,mosei_real,0,mosei_kcIGTPHEsNo_000,,,-1,1,1,1,D:\Documents\Programming\Thesis_G10\data\raw\CMU-MOSEI\segments\kcIGTPHEsNo_000.mp4,data\preprocessed\features\z_at\kcIGTPHEsNo_000.pt,data\preprocessed\features\z_v\kcIGTPHEsNo_000.pt
kcIGTPHEsNo_008,mosei_real,0,mosei_kcIGTPHEsNo_008,,,-1,1,1,1,D:\Documents\Programming\Thesis_G10\data\raw\CMU-MOSEI\segments\kcIGTPHEsNo_008.mp4,data\preprocessed\features\z_at\kcIGTPHEsNo_008.pt,data\preprocessed\features\z_v\kcIGTPHEsNo_008.pt
kddCewAsxfA_001,mosei_real,0,mosei_kddCewAsxfA_001,,,-1,1,1,1,D:\Documents\Programming\Thesis_G10\data\raw\CMU-MOSEI\segments\kddCewAsxfA_001.mp4,data\preprocessed\features\z_at\kddCewAsxfA_001.pt,data\preprocessed\features\z_v\kddCewAsxfA_001.pt
kddCewAsxfA_002,mosei_real,0,mosei_kddCewAsxfA_002,,,-1,1,1,1,D:\Documents\Programming\Thesis_G10\data\raw\CMU-MOSEI\segments\kddCewAsxfA_002.mp4,data\preprocessed\features\z_at\kddCewAsxfA_002.pt,data\preprocessed\features\z_v\kddCewAsxfA_002.pt
kg-W6-hP2Do_001,mosei_real,0,mosei_kg-W6-hP2Do_001,,,-1,1,1,1,D:\Documents\Programming\Thesis_G10\data\raw\CMU-MOSEI\segments\kg-W6-hP2Do_001.mp4,data\preprocessed\features\z_at\kg-W6-hP2Do_001.pt,data\preprocessed\features\z_v\kg-W6-hP2Do_001.pt
kg-W6-hP2Do_002,mosei_real,0,mosei_kg-W6-hP2Do_002,,,-1,1,1,1,D:\Documents\Programming\Thesis_G10\data\raw\CMU-MOSEI\segments\kg-W6-hP2Do_002.mp4,data\preprocessed\features\z_at\kg-W6-hP2Do_002.pt,data\preprocessed\features\z_v\kg-W6-hP2Do_002.pt
kg-W6-hP2Do_003,mosei_real,0,mosei_kg-W6-hP2Do_003,,,-1,1,1,1,D:\Documents\Programming\Thesis_G10\data\raw\CMU-MOSEI\segments\kg-W6-hP2Do_003.mp4,data\preprocessed\features\z_at\kg-W6-hP2Do_003.pt,data\preprocessed\features\z_v\kg-W6-hP2Do_003.pt
kg-W6-hP2Do_005,mosei_real,0,mosei_kg-W6-hP2Do_005,,,-1,1,1,1,D:\Documents\Programming\Thesis_G10\data\raw\CMU-MOSEI\segments\kg-W6-hP2Do_005.mp4,data\preprocessed\features\z_at\kg-W6-hP2Do_005.pt,data\preprocessed\features\z_v\kg-W6-hP2Do_005.pt
kg-W6-hP2Do_006,mosei_real,0,mosei_kg-W6-hP2Do_006,,,-1,1,1,1,D:\Documents\Programming\Thesis_G10\data\raw\CMU-MOSEI\segments\kg-W6-hP2Do_006.mp4,data\preprocessed\features\z_at\kg-W6-hP2Do_006.pt,data\preprocessed\features\z_v\kg-W6-hP2Do_006.pt
kg-W6-hP2Do_007,mosei_real,0,mosei_kg-W6-hP2Do_007,,,-1,1,1,1,D:\Documents\Programming\Thesis_G10\data\raw\CMU-MOSEI\segments\kg-W6-hP2Do_007.mp4,data\preprocessed\features\z_at\kg-W6-hP2Do_007.pt,data\preprocessed\features\z_v\kg-W6-hP2Do_007.pt
kh6eynD9OIk_002,mosei_real,0,mosei_kh6eynD9OIk_002,,,-1,1,1,1,D:\Documents\Programming\Thesis_G10\data\raw\CMU-MOSEI\segments\kh6eynD9OIk_002.mp4,data\preprocessed\features\z_at\kh6eynD9OIk_002.pt,data\preprocessed\features\z_v\kh6eynD9OIk_002.pt
kh6eynD9OIk_005,mosei_real,0,mosei_kh6eynD9OIk_005,,,-1,1,1,1,D:\Documents\Programming\Thesis_G10\data\raw\CMU-MOSEI\segments\kh6eynD9OIk_005.mp4,data\preprocessed\features\z_at\kh6eynD9OIk_005.pt,data\preprocessed\features\z_v\kh6eynD9OIk_005.pt
kh6eynD9OIk_007,mosei_real,0,mosei_kh6eynD9OIk_007,,,-1,1,1,1,D:\Documents\Programming\Thesis_G10\data\raw\CMU-MOSEI\segments\kh6eynD9OIk_007.mp4,data\preprocessed\features\z_at\kh6eynD9OIk_007.pt,data\preprocessed\features\z_v\kh6eynD9OIk_007.pt
kh6eynD9OIk_009,mosei_real,0,mosei_kh6eynD9OIk_009,,,-1,1,1,1,D:\Documents\Programming\Thesis_G10\data\raw\CMU-MOSEI\segments\kh6eynD9OIk_009.mp4,data\preprocessed\features\z_at\kh6eynD9OIk_009.pt,data\preprocessed\features\z_v\kh6eynD9OIk_009.pt
kh6eynD9OIk_010,mosei_real,0,mosei_kh6eynD9OIk_010,,,-1,1,1,1,D:\Documents\Programming\Thesis_G10\data\raw\CMU-MOSEI\segments\kh6eynD9OIk_010.mp4,data\preprocessed\features\z_at\kh6eynD9OIk_010.pt,data\preprocessed\features\z_v\kh6eynD9OIk_010.pt
kh6eynD9OIk_011,mosei_real,0,mosei_kh6eynD9OIk_011,,,-1,1,1,1,D:\Documents\Programming\Thesis_G10\data\raw\CMU-MOSEI\segments\kh6eynD9OIk_011.mp4,data\preprocessed\features\z_at\kh6eynD9OIk_011.pt,data\preprocessed\features\z_v\kh6eynD9OIk_011.pt
kh6eynD9OIk_012,mosei_real,0,mosei_kh6eynD9OIk_012,,,-1,1,1,1,D:\Documents\Programming\Thesis_G10\data\raw\CMU-MOSEI\segments\kh6eynD9OIk_012.mp4,data\preprocessed\features\z_at\kh6eynD9OIk_012.pt,data\preprocessed\features\z_v\kh6eynD9OIk_012.pt
kh6eynD9OIk_013,mosei_real,0,mosei_kh6eynD9OIk_013,,,-1,1,1,1,D:\Documents\Programming\Thesis_G10\data\raw\CMU-MOSEI\segments\kh6eynD9OIk_013.mp4,data\preprocessed\features\z_at\kh6eynD9OIk_013.pt,data\preprocessed\features\z_v\kh6eynD9OIk_013.pt
kh6eynD9OIk_014,mosei_real,0,mosei_kh6eynD9OIk_014,,,-1,1,1,1,D:\Documents\Programming\Thesis_G10\data\raw\CMU-MOSEI\segments\kh6eynD9OIk_014.mp4,data\preprocessed\features\z_at\kh6eynD9OIk_014.pt,data\preprocessed\features\z_v\kh6eynD9OIk_014.pt
kj63uF0RhW8_000,mosei_real,0,mosei_kj63uF0RhW8_000,,,-1,1,1,1,D:\Documents\Programming\Thesis_G10\data\raw\CMU-MOSEI\segments\kj63uF0RhW8_000.mp4,data\preprocessed\features\z_at\kj63uF0RhW8_000.pt,data\preprocessed\features\z_v\kj63uF0RhW8_000.pt
kj63uF0RhW8_001,mosei_real,0,mosei_kj63uF0RhW8_001,,,-1,1,1,1,D:\Documents\Programming\Thesis_G10\data\raw\CMU-MOSEI\segments\kj63uF0RhW8_001.mp4,data\preprocessed\features\z_at\kj63uF0RhW8_001.pt,data\preprocessed\features\z_v\kj63uF0RhW8_001.pt
kjQAkrdbREk_002,mosei_real,0,mosei_kjQAkrdbREk_002,,,-1,1,1,1,D:\Documents\Programming\Thesis_G10\data\raw\CMU-MOSEI\segments\kjQAkrdbREk_002.mp4,data\preprocessed\features\z_at\kjQAkrdbREk_002.pt,data\preprocessed\features\z_v\kjQAkrdbREk_002.pt
kkaX3okuvjI_000,mosei_real,0,mosei_kkaX3okuvjI_000,,,-1,1,1,1,D:\Documents\Programming\Thesis_G10\data\raw\CMU-MOSEI\segments\kkaX3okuvjI_000.mp4,data\preprocessed\features\z_at\kkaX3okuvjI_000.pt,data\preprocessed\features\z_v\kkaX3okuvjI_000.pt
kkaX3okuvjI_002,mosei_real,0,mosei_kkaX3okuvjI_002,,,-1,1,1,1,D:\Documents\Programming\Thesis_G10\data\raw\CMU-MOSEI\segments\kkaX3okuvjI_002.mp4,data\preprocessed\features\z_at\kkaX3okuvjI_002.pt,data\preprocessed\features\z_v\kkaX3okuvjI_002.pt
kkaX3okuvjI_003,mosei_real,0,mosei_kkaX3okuvjI_003,,,-1,1,1,1,D:\Documents\Programming\Thesis_G10\data\raw\CMU-MOSEI\segments\kkaX3okuvjI_003.mp4,data\preprocessed\features\z_at\kkaX3okuvjI_003.pt,data\preprocessed\features\z_v\kkaX3okuvjI_003.pt
kpS4BXif_Sw_004,mosei_real,0,mosei_kpS4BXif_Sw_004,,,-1,1,1,1,D:\Documents\Programming\Thesis_G10\data\raw\CMU-MOSEI\segments\kpS4BXif_Sw_004.mp4,data\preprocessed\features\z_at\kpS4BXif_Sw_004.pt,data\preprocessed\features\z_v\kpS4BXif_Sw_004.pt
kpS4BXif_Sw_005,mosei_real,0,mosei_kpS4BXif_Sw_005,,,-1,1,1,1,D:\Documents\Programming\Thesis_G10\data\raw\CMU-MOSEI\segments\kpS4BXif_Sw_005.mp4,data\preprocessed\features\z_at\kpS4BXif_Sw_005.pt,data\preprocessed\features\z_v\kpS4BXif_Sw_005.pt
kpS4BXif_Sw_006,mosei_real,0,mosei_kpS4BXif_Sw_006,,,-1,1,1,1,D:\Documents\Programming\Thesis_G10\data\raw\CMU-MOSEI\segments\kpS4BXif_Sw_006.mp4,data\preprocessed\features\z_at\kpS4BXif_Sw_006.pt,data\preprocessed\features\z_v\kpS4BXif_Sw_006.pt
kpS4BXif_Sw_008,mosei_real,0,mosei_kpS4BXif_Sw_008,,,-1,1,1,1,D:\Documents\Programming\Thesis_G10\data\raw\CMU-MOSEI\segments\kpS4BXif_Sw_008.mp4,data\preprocessed\features\z_at\kpS4BXif_Sw_008.pt,data\preprocessed\features\z_v\kpS4BXif_Sw_008.pt
kpS4BXif_Sw_009,mosei_real,0,mosei_kpS4BXif_Sw_009,,,-1,1,1,1,D:\Documents\Programming\Thesis_G10\data\raw\CMU-MOSEI\segments\kpS4BXif_Sw_009.mp4,data\preprocessed\features\z_at\kpS4BXif_Sw_009.pt,data\preprocessed\features\z_v\kpS4BXif_Sw_009.pt
kpS4BXif_Sw_010,mosei_real,0,mosei_kpS4BXif_Sw_010,,,-1,1,1,1,D:\Documents\Programming\Thesis_G10\data\raw\CMU-MOSEI\segments\kpS4BXif_Sw_010.mp4,data\preprocessed\features\z_at\kpS4BXif_Sw_010.pt,data\preprocessed\features\z_v\kpS4BXif_Sw_010.pt
kpS4BXif_Sw_011,mosei_real,0,mosei_kpS4BXif_Sw_011,,,-1,1,1,1,D:\Documents\Programming\Thesis_G10\data\raw\CMU-MOSEI\segments\kpS4BXif_Sw_011.mp4,data\preprocessed\features\z_at\kpS4BXif_Sw_011.pt,data\preprocessed\features\z_v\kpS4BXif_Sw_011.pt
kpS4BXif_Sw_013,mosei_real,0,mosei_kpS4BXif_Sw_013,,,-1,1,1,1,D:\Documents\Programming\Thesis_G10\data\raw\CMU-MOSEI\segments\kpS4BXif_Sw_013.mp4,data\preprocessed\features\z_at\kpS4BXif_Sw_013.pt,data\preprocessed\features\z_v\kpS4BXif_Sw_013.pt
kpS4BXif_Sw_019,mosei_real,0,mosei_kpS4BXif_Sw_019,,,-1,1,1,1,D:\Documents\Programming\Thesis_G10\data\raw\CMU-MOSEI\segments\kpS4BXif_Sw_019.mp4,data\preprocessed\features\z_at\kpS4BXif_Sw_019.pt,data\preprocessed\features\z_v\kpS4BXif_Sw_019.pt
kqXpf26EL-s_000,mosei_real,0,mosei_kqXpf26EL-s_000,,,-1,1,1,1,D:\Documents\Programming\Thesis_G10\data\raw\CMU-MOSEI\segments\kqXpf26EL-s_000.mp4,data\preprocessed\features\z_at\kqXpf26EL-s_000.pt,data\preprocessed\features\z_v\kqXpf26EL-s_000.pt
kqXpf26EL-s_002,mosei_real,0,mosei_kqXpf26EL-s_002,,,-1,1,1,1,D:\Documents\Programming\Thesis_G10\data\raw\CMU-MOSEI\segments\kqXpf26EL-s_002.mp4,data\preprocessed\features\z_at\kqXpf26EL-s_002.pt,data\preprocessed\features\z_v\kqXpf26EL-s_002.pt
kqXpf26EL-s_004,mosei_real,0,mosei_kqXpf26EL-s_004,,,-1,1,1,1,D:\Documents\Programming\Thesis_G10\data\raw\CMU-MOSEI\segments\kqXpf26EL-s_004.mp4,data\preprocessed\features\z_at\kqXpf26EL-s_004.pt,data\preprocessed\features\z_v\kqXpf26EL-s_004.pt
kqXpf26EL-s_005,mosei_real,0,mosei_kqXpf26EL-s_005,,,-1,1,1,1,D:\Documents\Programming\Thesis_G10\data\raw\CMU-MOSEI\segments\kqXpf26EL-s_005.mp4,data\preprocessed\features\z_at\kqXpf26EL-s_005.pt,data\preprocessed\features\z_v\kqXpf26EL-s_005.pt
kqXpf26EL-s_008,mosei_real,0,mosei_kqXpf26EL-s_008,,,-1,1,1,1,D:\Documents\Programming\Thesis_G10\data\raw\CMU-MOSEI\segments\kqXpf26EL-s_008.mp4,data\preprocessed\features\z_at\kqXpf26EL-s_008.pt,data\preprocessed\features\z_v\kqXpf26EL-s_008.pt
ku-dtUqCm2o_000,mosei_real,0,mosei_ku-dtUqCm2o_000,,,-1,1,1,1,D:\Documents\Programming\Thesis_G10\data\raw\CMU-MOSEI\segments\ku-dtUqCm2o_000.mp4,data\preprocessed\features\z_at\ku-dtUqCm2o_000.pt,data\preprocessed\features\z_v\ku-dtUqCm2o_000.pt
kwkhYpCHWPw_000,mosei_real,0,mosei_kwkhYpCHWPw_000,,,-1,1,1,1,D:\Documents\Programming\Thesis_G10\data\raw\CMU-MOSEI\segments\kwkhYpCHWPw_000.mp4,data\preprocessed\features\z_at\kwkhYpCHWPw_000.pt,data\preprocessed\features\z_v\kwkhYpCHWPw_000.pt
kwkhYpCHWPw_005,mosei_real,0,mosei_kwkhYpCHWPw_005,,,-1,1,1,1,D:\Documents\Programming\Thesis_G10\data\raw\CMU-MOSEI\segments\kwkhYpCHWPw_005.mp4,data\preprocessed\features\z_at\kwkhYpCHWPw_005.pt,data\preprocessed\features\z_v\kwkhYpCHWPw_005.pt
kwkhYpCHWPw_007,mosei_real,0,mosei_kwkhYpCHWPw_007,,,-1,1,1,1,D:\Documents\Programming\Thesis_G10\data\raw\CMU-MOSEI\segments\kwkhYpCHWPw_007.mp4,data\preprocessed\features\z_at\kwkhYpCHWPw_007.pt,data\preprocessed\features\z_v\kwkhYpCHWPw_007.pt
kxcCxbsKx3w_000,mosei_real,0,mosei_kxcCxbsKx3w_000,,,-1,1,1,1,D:\Documents\Programming\Thesis_G10\data\raw\CMU-MOSEI\segments\kxcCxbsKx3w_000.mp4,data\preprocessed\features\z_at\kxcCxbsKx3w_000.pt,data\preprocessed\features\z_v\kxcCxbsKx3w_000.pt
kxcCxbsKx3w_001,mosei_real,0,mosei_kxcCxbsKx3w_001,,,-1,1,1,1,D:\Documents\Programming\Thesis_G10\data\raw\CMU-MOSEI\segments\kxcCxbsKx3w_001.mp4,data\preprocessed\features\z_at\kxcCxbsKx3w_001.pt,data\preprocessed\features\z_v\kxcCxbsKx3w_001.pt
kxcCxbsKx3w_003,mosei_real,0,mosei_kxcCxbsKx3w_003,,,-1,1,1,1,D:\Documents\Programming\Thesis_G10\data\raw\CMU-MOSEI\segments\kxcCxbsKx3w_003.mp4,data\preprocessed\features\z_at\kxcCxbsKx3w_003.pt,data\preprocessed\features\z_v\kxcCxbsKx3w_003.pt
kxcCxbsKx3w_005,mosei_real,0,mosei_kxcCxbsKx3w_005,,,-1,1,1,1,D:\Documents\Programming\Thesis_G10\data\raw\CMU-MOSEI\segments\kxcCxbsKx3w_005.mp4,data\preprocessed\features\z_at\kxcCxbsKx3w_005.pt,data\preprocessed\features\z_v\kxcCxbsKx3w_005.pt
kxcCxbsKx3w_006,mosei_real,0,mosei_kxcCxbsKx3w_006,,,-1,1,1,1,D:\Documents\Programming\Thesis_G10\data\raw\CMU-MOSEI\segments\kxcCxbsKx3w_006.mp4,data\preprocessed\features\z_at\kxcCxbsKx3w_006.pt,data\preprocessed\features\z_v\kxcCxbsKx3w_006.pt
kxcCxbsKx3w_008,mosei_real,0,mosei_kxcCxbsKx3w_008,,,-1,1,1,1,D:\Documents\Programming\Thesis_G10\data\raw\CMU-MOSEI\segments\kxcCxbsKx3w_008.mp4,data\preprocessed\features\z_at\kxcCxbsKx3w_008.pt,data\preprocessed\features\z_v\kxcCxbsKx3w_008.pt
ky7Q5onqxGw_002,mosei_real,0,mosei_ky7Q5onqxGw_002,,,-1,1,1,1,D:\Documents\Programming\Thesis_G10\data\raw\CMU-MOSEI\segments\ky7Q5onqxGw_002.mp4,data\preprocessed\features\z_at\ky7Q5onqxGw_002.pt,data\preprocessed\features\z_v\ky7Q5onqxGw_002.pt
kz7ahNfXFsk_000,mosei_real,0,mosei_kz7ahNfXFsk_000,,,-1,1,1,1,D:\Documents\Programming\Thesis_G10\data\raw\CMU-MOSEI\segments\kz7ahNfXFsk_000.mp4,data\preprocessed\features\z_at\kz7ahNfXFsk_000.pt,data\preprocessed\features\z_v\kz7ahNfXFsk_000.pt
l-nM_U1qpko_000,mosei_real,0,mosei_l-nM_U1qpko_000,,,-1,1,1,1,D:\Documents\Programming\Thesis_G10\data\raw\CMU-MOSEI\segments\l-nM_U1qpko_000.mp4,data\preprocessed\features\z_at\l-nM_U1qpko_000.pt,data\preprocessed\features\z_v\l-nM_U1qpko_000.pt
l-nM_U1qpko_001,mosei_real,0,mosei_l-nM_U1qpko_001,,,-1,1,1,1,D:\Documents\Programming\Thesis_G10\data\raw\CMU-MOSEI\segments\l-nM_U1qpko_001.mp4,data\preprocessed\features\z_at\l-nM_U1qpko_001.pt,data\preprocessed\features\z_v\l-nM_U1qpko_001.pt
l-nM_U1qpko_002,mosei_real,0,mosei_l-nM_U1qpko_002,,,-1,1,1,1,D:\Documents\Programming\Thesis_G10\data\raw\CMU-MOSEI\segments\l-nM_U1qpko_002.mp4,data\preprocessed\features\z_at\l-nM_U1qpko_002.pt,data\preprocessed\features\z_v\l-nM_U1qpko_002.pt
l-nM_U1qpko_003,mosei_real,0,mosei_l-nM_U1qpko_003,,,-1,1,1,1,D:\Documents\Programming\Thesis_G10\data\raw\CMU-MOSEI\segments\l-nM_U1qpko_003.mp4,data\preprocessed\features\z_at\l-nM_U1qpko_003.pt,data\preprocessed\features\z_v\l-nM_U1qpko_003.pt
l-nM_U1qpko_004,mosei_real,0,mosei_l-nM_U1qpko_004,,,-1,1,1,1,D:\Documents\Programming\Thesis_G10\data\raw\CMU-MOSEI\segments\l-nM_U1qpko_004.mp4,data\preprocessed\features\z_at\l-nM_U1qpko_004.pt,data\preprocessed\features\z_v\l-nM_U1qpko_004.pt
l-nM_U1qpko_005,mosei_real,0,mosei_l-nM_U1qpko_005,,,-1,1,1,1,D:\Documents\Programming\Thesis_G10\data\raw\CMU-MOSEI\segments\l-nM_U1qpko_005.mp4,data\preprocessed\features\z_at\l-nM_U1qpko_005.pt,data\preprocessed\features\z_v\l-nM_U1qpko_005.pt
l0vCKpk6Aes_000,mosei_real,0,mosei_l0vCKpk6Aes_000,,,-1,1,1,1,D:\Documents\Programming\Thesis_G10\data\raw\CMU-MOSEI\segments\l0vCKpk6Aes_000.mp4,data\preprocessed\features\z_at\l0vCKpk6Aes_000.pt,data\preprocessed\features\z_v\l0vCKpk6Aes_000.pt
l0vCKpk6Aes_001,mosei_real,0,mosei_l0vCKpk6Aes_001,,,-1,1,1,1,D:\Documents\Programming\Thesis_G10\data\raw\CMU-MOSEI\segments\l0vCKpk6Aes_001.mp4,data\preprocessed\features\z_at\l0vCKpk6Aes_001.pt,data\preprocessed\features\z_v\l0vCKpk6Aes_001.pt
l0vCKpk6Aes_003,mosei_real,0,mosei_l0vCKpk6Aes_003,,,-1,1,1,1,D:\Documents\Programming\Thesis_G10\data\raw\CMU-MOSEI\segments\l0vCKpk6Aes_003.mp4,data\preprocessed\features\z_at\l0vCKpk6Aes_003.pt,data\preprocessed\features\z_v\l0vCKpk6Aes_003.pt
l0vCKpk6Aes_005,mosei_real,0,mosei_l0vCKpk6Aes_005,,,-1,1,1,1,D:\Documents\Programming\Thesis_G10\data\raw\CMU-MOSEI\segments\l0vCKpk6Aes_005.mp4,data\preprocessed\features\z_at\l0vCKpk6Aes_005.pt,data\preprocessed\features\z_v\l0vCKpk6Aes_005.pt
l0vCKpk6Aes_007,mosei_real,0,mosei_l0vCKpk6Aes_007,,,-1,1,1,1,D:\Documents\Programming\Thesis_G10\data\raw\CMU-MOSEI\segments\l0vCKpk6Aes_007.mp4,data\preprocessed\features\z_at\l0vCKpk6Aes_007.pt,data\preprocessed\features\z_v\l0vCKpk6Aes_007.pt
l0vCKpk6Aes_009,mosei_real,0,mosei_l0vCKpk6Aes_009,,,-1,1,1,1,D:\Documents\Programming\Thesis_G10\data\raw\CMU-MOSEI\segments\l0vCKpk6Aes_009.mp4,data\preprocessed\features\z_at\l0vCKpk6Aes_009.pt,data\preprocessed\features\z_v\l0vCKpk6Aes_009.pt
l4oMbKDuW3Y_002,mosei_real,0,mosei_l4oMbKDuW3Y_002,,,-1,1,1,1,D:\Documents\Programming\Thesis_G10\data\raw\CMU-MOSEI\segments\l4oMbKDuW3Y_002.mp4,data\preprocessed\features\z_at\l4oMbKDuW3Y_002.pt,data\preprocessed\features\z_v\l4oMbKDuW3Y_002.pt
l5_DDqck4Rs_000,mosei_real,0,mosei_l5_DDqck4Rs_000,,,-1,1,1,1,D:\Documents\Programming\Thesis_G10\data\raw\CMU-MOSEI\segments\l5_DDqck4Rs_000.mp4,data\preprocessed\features\z_at\l5_DDqck4Rs_000.pt,data\preprocessed\features\z_v\l5_DDqck4Rs_000.pt
l8LTcZJ-_8k_000,mosei_real,0,mosei_l8LTcZJ-_8k_000,,,-1,1,1,1,D:\Documents\Programming\Thesis_G10\data\raw\CMU-MOSEI\segments\l8LTcZJ-_8k_000.mp4,data\preprocessed\features\z_at\l8LTcZJ-_8k_000.pt,data\preprocessed\features\z_v\l8LTcZJ-_8k_000.pt
l8LTcZJ-_8k_001,mosei_real,0,mosei_l8LTcZJ-_8k_001,,,-1,1,1,1,D:\Documents\Programming\Thesis_G10\data\raw\CMU-MOSEI\segments\l8LTcZJ-_8k_001.mp4,data\preprocessed\features\z_at\l8LTcZJ-_8k_001.pt,data\preprocessed\features\z_v\l8LTcZJ-_8k_001.pt
l8LTcZJ-_8k_002,mosei_real,0,mosei_l8LTcZJ-_8k_002,,,-1,1,1,1,D:\Documents\Programming\Thesis_G10\data\raw\CMU-MOSEI\segments\l8LTcZJ-_8k_002.mp4,data\preprocessed\features\z_at\l8LTcZJ-_8k_002.pt,data\preprocessed\features\z_v\l8LTcZJ-_8k_002.pt
l8LTcZJ-_8k_003,mosei_real,0,mosei_l8LTcZJ-_8k_003,,,-1,1,1,1,D:\Documents\Programming\Thesis_G10\data\raw\CMU-MOSEI\segments\l8LTcZJ-_8k_003.mp4,data\preprocessed\features\z_at\l8LTcZJ-_8k_003.pt,data\preprocessed\features\z_v\l8LTcZJ-_8k_003.pt
l8LTcZJ-_8k_004,mosei_real,0,mosei_l8LTcZJ-_8k_004,,,-1,1,1,1,D:\Documents\Programming\Thesis_G10\data\raw\CMU-MOSEI\segments\l8LTcZJ-_8k_004.mp4,data\preprocessed\features\z_at\l8LTcZJ-_8k_004.pt,data\preprocessed\features\z_v\l8LTcZJ-_8k_004.pt
l8LTcZJ-_8k_006,mosei_real,0,mosei_l8LTcZJ-_8k_006,,,-1,1,1,1,D:\Documents\Programming\Thesis_G10\data\raw\CMU-MOSEI\segments\l8LTcZJ-_8k_006.mp4,data\preprocessed\features\z_at\l8LTcZJ-_8k_006.pt,data\preprocessed\features\z_v\l8LTcZJ-_8k_006.pt
l8LTcZJ-_8k_008,mosei_real,0,mosei_l8LTcZJ-_8k_008,,,-1,1,1,1,D:\Documents\Programming\Thesis_G10\data\raw\CMU-MOSEI\segments\l8LTcZJ-_8k_008.mp4,data\preprocessed\features\z_at\l8LTcZJ-_8k_008.pt,data\preprocessed\features\z_v\l8LTcZJ-_8k_008.pt
l8LTcZJ-_8k_012,mosei_real,0,mosei_l8LTcZJ-_8k_012,,,-1,1,1,1,D:\Documents\Programming\Thesis_G10\data\raw\CMU-MOSEI\segments\l8LTcZJ-_8k_012.mp4,data\preprocessed\features\z_at\l8LTcZJ-_8k_012.pt,data\preprocessed\features\z_v\l8LTcZJ-_8k_012.pt
l8LTcZJ-_8k_013,mosei_real,0,mosei_l8LTcZJ-_8k_013,,,-1,1,1,1,D:\Documents\Programming\Thesis_G10\data\raw\CMU-MOSEI\segments\l8LTcZJ-_8k_013.mp4,data\preprocessed\features\z_at\l8LTcZJ-_8k_013.pt,data\preprocessed\features\z_v\l8LTcZJ-_8k_013.pt
l8LTcZJ-_8k_015,mosei_real,0,mosei_l8LTcZJ-_8k_015,,,-1,1,1,1,D:\Documents\Programming\Thesis_G10\data\raw\CMU-MOSEI\segments\l8LTcZJ-_8k_015.mp4,data\preprocessed\features\z_at\l8LTcZJ-_8k_015.pt,data\preprocessed\features\z_v\l8LTcZJ-_8k_015.pt
l8LTcZJ-_8k_016,mosei_real,0,mosei_l8LTcZJ-_8k_016,,,-1,1,1,1,D:\Documents\Programming\Thesis_G10\data\raw\CMU-MOSEI\segments\l8LTcZJ-_8k_016.mp4,data\preprocessed\features\z_at\l8LTcZJ-_8k_016.pt,data\preprocessed\features\z_v\l8LTcZJ-_8k_016.pt
l8LTcZJ-_8k_018,mosei_real,0,mosei_l8LTcZJ-_8k_018,,,-1,1,1,1,D:\Documents\Programming\Thesis_G10\data\raw\CMU-MOSEI\segments\l8LTcZJ-_8k_018.mp4,data\preprocessed\features\z_at\l8LTcZJ-_8k_018.pt,data\preprocessed\features\z_v\l8LTcZJ-_8k_018.pt
l8LTcZJ-_8k_020,mosei_real,0,mosei_l8LTcZJ-_8k_020,,,-1,1,1,1,D:\Documents\Programming\Thesis_G10\data\raw\CMU-MOSEI\segments\l8LTcZJ-_8k_020.mp4,data\preprocessed\features\z_at\l8LTcZJ-_8k_020.pt,data\preprocessed\features\z_v\l8LTcZJ-_8k_020.pt
l8LTcZJ-_8k_022,mosei_real,0,mosei_l8LTcZJ-_8k_022,,,-1,1,1,1,D:\Documents\Programming\Thesis_G10\data\raw\CMU-MOSEI\segments\l8LTcZJ-_8k_022.mp4,data\preprocessed\features\z_at\l8LTcZJ-_8k_022.pt,data\preprocessed\features\z_v\l8LTcZJ-_8k_022.pt
lD4xtQ6NpDY_001,mosei_real,0,mosei_lD4xtQ6NpDY_001,,,-1,1,1,1,D:\Documents\Programming\Thesis_G10\data\raw\CMU-MOSEI\segments\lD4xtQ6NpDY_001.mp4,data\preprocessed\features\z_at\lD4xtQ6NpDY_001.pt,data\preprocessed\features\z_v\lD4xtQ6NpDY_001.pt
lD4xtQ6NpDY_003,mosei_real,0,mosei_lD4xtQ6NpDY_003,,,-1,1,1,1,D:\Documents\Programming\Thesis_G10\data\raw\CMU-MOSEI\segments\lD4xtQ6NpDY_003.mp4,data\preprocessed\features\z_at\lD4xtQ6NpDY_003.pt,data\preprocessed\features\z_v\lD4xtQ6NpDY_003.pt
lD4xtQ6NpDY_005,mosei_real,0,mosei_lD4xtQ6NpDY_005,,,-1,1,1,1,D:\Documents\Programming\Thesis_G10\data\raw\CMU-MOSEI\segments\lD4xtQ6NpDY_005.mp4,data\preprocessed\features\z_at\lD4xtQ6NpDY_005.pt,data\preprocessed\features\z_v\lD4xtQ6NpDY_005.pt
lD4xtQ6NpDY_006,mosei_real,0,mosei_lD4xtQ6NpDY_006,,,-1,1,1,1,D:\Documents\Programming\Thesis_G10\data\raw\CMU-MOSEI\segments\lD4xtQ6NpDY_006.mp4,data\preprocessed\features\z_at\lD4xtQ6NpDY_006.pt,data\preprocessed\features\z_v\lD4xtQ6NpDY_006.pt
lD4xtQ6NpDY_007,mosei_real,0,mosei_lD4xtQ6NpDY_007,,,-1,1,1,1,D:\Documents\Programming\Thesis_G10\data\raw\CMU-MOSEI\segments\lD4xtQ6NpDY_007.mp4,data\preprocessed\features\z_at\lD4xtQ6NpDY_007.pt,data\preprocessed\features\z_v\lD4xtQ6NpDY_007.pt
lD4xtQ6NpDY_009,mosei_real,0,mosei_lD4xtQ6NpDY_009,,,-1,1,1,1,D:\Documents\Programming\Thesis_G10\data\raw\CMU-MOSEI\segments\lD4xtQ6NpDY_009.mp4,data\preprocessed\features\z_at\lD4xtQ6NpDY_009.pt,data\preprocessed\features\z_v\lD4xtQ6NpDY_009.pt
lD4xtQ6NpDY_010,mosei_real,0,mosei_lD4xtQ6NpDY_010,,,-1,1,1,1,D:\Documents\Programming\Thesis_G10\data\raw\CMU-MOSEI\segments\lD4xtQ6NpDY_010.mp4,data\preprocessed\features\z_at\lD4xtQ6NpDY_010.pt,data\preprocessed\features\z_v\lD4xtQ6NpDY_010.pt
lD4xtQ6NpDY_011,mosei_real,0,mosei_lD4xtQ6NpDY_011,,,-1,1,1,1,D:\Documents\Programming\Thesis_G10\data\raw\CMU-MOSEI\segments\lD4xtQ6NpDY_011.mp4,data\preprocessed\features\z_at\lD4xtQ6NpDY_011.pt,data\preprocessed\features\z_v\lD4xtQ6NpDY_011.pt
lKTeLK8nq8w_000,mosei_real,0,mosei_lKTeLK8nq8w_000,,,-1,1,1,1,D:\Documents\Programming\Thesis_G10\data\raw\CMU-MOSEI\segments\lKTeLK8nq8w_000.mp4,data\preprocessed\features\z_at\lKTeLK8nq8w_000.pt,data\preprocessed\features\z_v\lKTeLK8nq8w_000.pt
lKTeLK8nq8w_001,mosei_real,0,mosei_lKTeLK8nq8w_001,,,-1,1,1,1,D:\Documents\Programming\Thesis_G10\data\raw\CMU-MOSEI\segments\lKTeLK8nq8w_001.mp4,data\preprocessed\features\z_at\lKTeLK8nq8w_001.pt,data\preprocessed\features\z_v\lKTeLK8nq8w_001.pt
lKTeLK8nq8w_002,mosei_real,0,mosei_lKTeLK8nq8w_002,,,-1,1,1,1,D:\Documents\Programming\Thesis_G10\data\raw\CMU-MOSEI\segments\lKTeLK8nq8w_002.mp4,data\preprocessed\features\z_at\lKTeLK8nq8w_002.pt,data\preprocessed\features\z_v\lKTeLK8nq8w_002.pt
lKTeLK8nq8w_003,mosei_real,0,mosei_lKTeLK8nq8w_003,,,-1,1,1,1,D:\Documents\Programming\Thesis_G10\data\raw\CMU-MOSEI\segments\lKTeLK8nq8w_003.mp4,data\preprocessed\features\z_at\lKTeLK8nq8w_003.pt,data\preprocessed\features\z_v\lKTeLK8nq8w_003.pt
lKTeLK8nq8w_004,mosei_real,0,mosei_lKTeLK8nq8w_004,,,-1,1,1,1,D:\Documents\Programming\Thesis_G10\data\raw\CMU-MOSEI\segments\lKTeLK8nq8w_004.mp4,data\preprocessed\features\z_at\lKTeLK8nq8w_004.pt,data\preprocessed\features\z_v\lKTeLK8nq8w_004.pt
lKTeLK8nq8w_005,mosei_real,0,mosei_lKTeLK8nq8w_005,,,-1,1,1,1,D:\Documents\Programming\Thesis_G10\data\raw\CMU-MOSEI\segments\lKTeLK8nq8w_005.mp4,data\preprocessed\features\z_at\lKTeLK8nq8w_005.pt,data\preprocessed\features\z_v\lKTeLK8nq8w_005.pt
lKTeLK8nq8w_006,mosei_real,0,mosei_lKTeLK8nq8w_006,,,-1,1,1,1,D:\Documents\Programming\Thesis_G10\data\raw\CMU-MOSEI\segments\lKTeLK8nq8w_006.mp4,data\preprocessed\features\z_at\lKTeLK8nq8w_006.pt,data\preprocessed\features\z_v\lKTeLK8nq8w_006.pt
lKTeLK8nq8w_008,mosei_real,0,mosei_lKTeLK8nq8w_008,,,-1,1,1,1,D:\Documents\Programming\Thesis_G10\data\raw\CMU-MOSEI\segments\lKTeLK8nq8w_008.mp4,data\preprocessed\features\z_at\lKTeLK8nq8w_008.pt,data\preprocessed\features\z_v\lKTeLK8nq8w_008.pt
lO87-4Kf0cQ_000,mosei_real,0,mosei_lO87-4Kf0cQ_000,,,-1,1,1,1,D:\Documents\Programming\Thesis_G10\data\raw\CMU-MOSEI\segments\lO87-4Kf0cQ_000.mp4,data\preprocessed\features\z_at\lO87-4Kf0cQ_000.pt,data\preprocessed\features\z_v\lO87-4Kf0cQ_000.pt
lO87-4Kf0cQ_001,mosei_real,0,mosei_lO87-4Kf0cQ_001,,,-1,1,1,1,D:\Documents\Programming\Thesis_G10\data\raw\CMU-MOSEI\segments\lO87-4Kf0cQ_001.mp4,data\preprocessed\features\z_at\lO87-4Kf0cQ_001.pt,data\preprocessed\features\z_v\lO87-4Kf0cQ_001.pt
lO87-4Kf0cQ_002,mosei_real,0,mosei_lO87-4Kf0cQ_002,,,-1,1,1,1,D:\Documents\Programming\Thesis_G10\data\raw\CMU-MOSEI\segments\lO87-4Kf0cQ_002.mp4,data\preprocessed\features\z_at\lO87-4Kf0cQ_002.pt,data\preprocessed\features\z_v\lO87-4Kf0cQ_002.pt
lO87-4Kf0cQ_004,mosei_real,0,mosei_lO87-4Kf0cQ_004,,,-1,1,1,1,D:\Documents\Programming\Thesis_G10\data\raw\CMU-MOSEI\segments\lO87-4Kf0cQ_004.mp4,data\preprocessed\features\z_at\lO87-4Kf0cQ_004.pt,data\preprocessed\features\z_v\lO87-4Kf0cQ_004.pt
lTfsqoo-jKg_000,mosei_real,0,mosei_lTfsqoo-jKg_000,,,-1,1,1,1,D:\Documents\Programming\Thesis_G10\data\raw\CMU-MOSEI\segments\lTfsqoo-jKg_000.mp4,data\preprocessed\features\z_at\lTfsqoo-jKg_000.pt,data\preprocessed\features\z_v\lTfsqoo-jKg_000.pt
lTfsqoo-jKg_003,mosei_real,0,mosei_lTfsqoo-jKg_003,,,-1,1,1,1,D:\Documents\Programming\Thesis_G10\data\raw\CMU-MOSEI\segments\lTfsqoo-jKg_003.mp4,data\preprocessed\features\z_at\lTfsqoo-jKg_003.pt,data\preprocessed\features\z_v\lTfsqoo-jKg_003.pt
lTfsqoo-jKg_004,mosei_real,0,mosei_lTfsqoo-jKg_004,,,-1,1,1,1,D:\Documents\Programming\Thesis_G10\data\raw\CMU-MOSEI\segments\lTfsqoo-jKg_004.mp4,data\preprocessed\features\z_at\lTfsqoo-jKg_004.pt,data\preprocessed\features\z_v\lTfsqoo-jKg_004.pt
lTfsqoo-jKg_008,mosei_real,0,mosei_lTfsqoo-jKg_008,,,-1,1,1,1,D:\Documents\Programming\Thesis_G10\data\raw\CMU-MOSEI\segments\lTfsqoo-jKg_008.mp4,data\preprocessed\features\z_at\lTfsqoo-jKg_008.pt,data\preprocessed\features\z_v\lTfsqoo-jKg_008.pt
lTfsqoo-jKg_009,mosei_real,0,mosei_lTfsqoo-jKg_009,,,-1,1,1,1,D:\Documents\Programming\Thesis_G10\data\raw\CMU-MOSEI\segments\lTfsqoo-jKg_009.mp4,data\preprocessed\features\z_at\lTfsqoo-jKg_009.pt,data\preprocessed\features\z_v\lTfsqoo-jKg_009.pt
lWvaIexY2WU_000,mosei_real,0,mosei_lWvaIexY2WU_000,,,-1,1,1,1,D:\Documents\Programming\Thesis_G10\data\raw\CMU-MOSEI\segments\lWvaIexY2WU_000.mp4,data\preprocessed\features\z_at\lWvaIexY2WU_000.pt,data\preprocessed\features\z_v\lWvaIexY2WU_000.pt
lWvaIexY2WU_001,mosei_real,0,mosei_lWvaIexY2WU_001,,,-1,1,1,1,D:\Documents\Programming\Thesis_G10\data\raw\CMU-MOSEI\segments\lWvaIexY2WU_001.mp4,data\preprocessed\features\z_at\lWvaIexY2WU_001.pt,data\preprocessed\features\z_v\lWvaIexY2WU_001.pt
lYwgLa4R5XQ_000,mosei_real,0,mosei_lYwgLa4R5XQ_000,,,-1,1,1,1,D:\Documents\Programming\Thesis_G10\data\raw\CMU-MOSEI\segments\lYwgLa4R5XQ_000.mp4,data\preprocessed\features\z_at\lYwgLa4R5XQ_000.pt,data\preprocessed\features\z_v\lYwgLa4R5XQ_000.pt
lYwgLa4R5XQ_002,mosei_real,0,mosei_lYwgLa4R5XQ_002,,,-1,1,1,1,D:\Documents\Programming\Thesis_G10\data\raw\CMU-MOSEI\segments\lYwgLa4R5XQ_002.mp4,data\preprocessed\features\z_at\lYwgLa4R5XQ_002.pt,data\preprocessed\features\z_v\lYwgLa4R5XQ_002.pt
lYwgLa4R5XQ_003,mosei_real,0,mosei_lYwgLa4R5XQ_003,,,-1,1,1,1,D:\Documents\Programming\Thesis_G10\data\raw\CMU-MOSEI\segments\lYwgLa4R5XQ_003.mp4,data\preprocessed\features\z_at\lYwgLa4R5XQ_003.pt,data\preprocessed\features\z_v\lYwgLa4R5XQ_003.pt
lYwgLa4R5XQ_004,mosei_real,0,mosei_lYwgLa4R5XQ_004,,,-1,1,1,1,D:\Documents\Programming\Thesis_G10\data\raw\CMU-MOSEI\segments\lYwgLa4R5XQ_004.mp4,data\preprocessed\features\z_at\lYwgLa4R5XQ_004.pt,data\preprocessed\features\z_v\lYwgLa4R5XQ_004.pt
lYwgLa4R5XQ_005,mosei_real,0,mosei_lYwgLa4R5XQ_005,,,-1,1,1,1,D:\Documents\Programming\Thesis_G10\data\raw\CMU-MOSEI\segments\lYwgLa4R5XQ_005.mp4,data\preprocessed\features\z_at\lYwgLa4R5XQ_005.pt,data\preprocessed\features\z_v\lYwgLa4R5XQ_005.pt
lYwgLa4R5XQ_006,mosei_real,0,mosei_lYwgLa4R5XQ_006,,,-1,1,1,1,D:\Documents\Programming\Thesis_G10\data\raw\CMU-MOSEI\segments\lYwgLa4R5XQ_006.mp4,data\preprocessed\features\z_at\lYwgLa4R5XQ_006.pt,data\preprocessed\features\z_v\lYwgLa4R5XQ_006.pt
lYwgLa4R5XQ_007,mosei_real,0,mosei_lYwgLa4R5XQ_007,,,-1,1,1,1,D:\Documents\Programming\Thesis_G10\data\raw\CMU-MOSEI\segments\lYwgLa4R5XQ_007.mp4,data\preprocessed\features\z_at\lYwgLa4R5XQ_007.pt,data\preprocessed\features\z_v\lYwgLa4R5XQ_007.pt
lYwgLa4R5XQ_008,mosei_real,0,mosei_lYwgLa4R5XQ_008,,,-1,1,1,1,D:\Documents\Programming\Thesis_G10\data\raw\CMU-MOSEI\segments\lYwgLa4R5XQ_008.mp4,data\preprocessed\features\z_at\lYwgLa4R5XQ_008.pt,data\preprocessed\features\z_v\lYwgLa4R5XQ_008.pt
lYwgLa4R5XQ_009,mosei_real,0,mosei_lYwgLa4R5XQ_009,,,-1,1,1,1,D:\Documents\Programming\Thesis_G10\data\raw\CMU-MOSEI\segments\lYwgLa4R5XQ_009.mp4,data\preprocessed\features\z_at\lYwgLa4R5XQ_009.pt,data\preprocessed\features\z_v\lYwgLa4R5XQ_009.pt
lawHYX5eB20_000,mosei_real,0,mosei_lawHYX5eB20_000,,,-1,1,1,1,D:\Documents\Programming\Thesis_G10\data\raw\CMU-MOSEI\segments\lawHYX5eB20_000.mp4,data\preprocessed\features\z_at\lawHYX5eB20_000.pt,data\preprocessed\features\z_v\lawHYX5eB20_000.pt
laxadgca3Fo_000,mosei_real,0,mosei_laxadgca3Fo_000,,,-1,1,1,1,D:\Documents\Programming\Thesis_G10\data\raw\CMU-MOSEI\segments\laxadgca3Fo_000.mp4,data\preprocessed\features\z_at\laxadgca3Fo_000.pt,data\preprocessed\features\z_v\laxadgca3Fo_000.pt
lbx3eu8LUl8_000,mosei_real,0,mosei_lbx3eu8LUl8_000,,,-1,1,1,1,D:\Documents\Programming\Thesis_G10\data\raw\CMU-MOSEI\segments\lbx3eu8LUl8_000.mp4,data\preprocessed\features\z_at\lbx3eu8LUl8_000.pt,data\preprocessed\features\z_v\lbx3eu8LUl8_000.pt
lbx3eu8LUl8_001,mosei_real,0,mosei_lbx3eu8LUl8_001,,,-1,1,1,1,D:\Documents\Programming\Thesis_G10\data\raw\CMU-MOSEI\segments\lbx3eu8LUl8_001.mp4,data\preprocessed\features\z_at\lbx3eu8LUl8_001.pt,data\preprocessed\features\z_v\lbx3eu8LUl8_001.pt
lc5bSoGlQwY_002,mosei_real,0,mosei_lc5bSoGlQwY_002,,,-1,1,1,1,D:\Documents\Programming\Thesis_G10\data\raw\CMU-MOSEI\segments\lc5bSoGlQwY_002.mp4,data\preprocessed\features\z_at\lc5bSoGlQwY_002.pt,data\preprocessed\features\z_v\lc5bSoGlQwY_002.pt
lc5bSoGlQwY_003,mosei_real,0,mosei_lc5bSoGlQwY_003,,,-1,1,1,1,D:\Documents\Programming\Thesis_G10\data\raw\CMU-MOSEI\segments\lc5bSoGlQwY_003.mp4,data\preprocessed\features\z_at\lc5bSoGlQwY_003.pt,data\preprocessed\features\z_v\lc5bSoGlQwY_003.pt
lc5bSoGlQwY_004,mosei_real,0,mosei_lc5bSoGlQwY_004,,,-1,1,1,1,D:\Documents\Programming\Thesis_G10\data\raw\CMU-MOSEI\segments\lc5bSoGlQwY_004.mp4,data\preprocessed\features\z_at\lc5bSoGlQwY_004.pt,data\preprocessed\features\z_v\lc5bSoGlQwY_004.pt
liJO1yIFsJs_000,mosei_real,0,mosei_liJO1yIFsJs_000,,,-1,1,1,1,D:\Documents\Programming\Thesis_G10\data\raw\CMU-MOSEI\segments\liJO1yIFsJs_000.mp4,data\preprocessed\features\z_at\liJO1yIFsJs_000.pt,data\preprocessed\features\z_v\liJO1yIFsJs_000.pt
lkIe41StoGI_000,mosei_real,0,mosei_lkIe41StoGI_000,,,-1,1,1,1,D:\Documents\Programming\Thesis_G10\data\raw\CMU-MOSEI\segments\lkIe41StoGI_000.mp4,data\preprocessed\features\z_at\lkIe41StoGI_000.pt,data\preprocessed\features\z_v\lkIe41StoGI_000.pt
lkIe41StoGI_002,mosei_real,0,mosei_lkIe41StoGI_002,,,-1,1,1,1,D:\Documents\Programming\Thesis_G10\data\raw\CMU-MOSEI\segments\lkIe41StoGI_002.mp4,data\preprocessed\features\z_at\lkIe41StoGI_002.pt,data\preprocessed\features\z_v\lkIe41StoGI_002.pt
lkIe41StoGI_003,mosei_real,0,mosei_lkIe41StoGI_003,,,-1,1,1,1,D:\Documents\Programming\Thesis_G10\data\raw\CMU-MOSEI\segments\lkIe41StoGI_003.mp4,data\preprocessed\features\z_at\lkIe41StoGI_003.pt,data\preprocessed\features\z_v\lkIe41StoGI_003.pt
lkIe41StoGI_004,mosei_real,0,mosei_lkIe41StoGI_004,,,-1,1,1,1,D:\Documents\Programming\Thesis_G10\data\raw\CMU-MOSEI\segments\lkIe41StoGI_004.mp4,data\preprocessed\features\z_at\lkIe41StoGI_004.pt,data\preprocessed\features\z_v\lkIe41StoGI_004.pt
lkIe41StoGI_005,mosei_real,0,mosei_lkIe41StoGI_005,,,-1,1,1,1,D:\Documents\Programming\Thesis_G10\data\raw\CMU-MOSEI\segments\lkIe41StoGI_005.mp4,data\preprocessed\features\z_at\lkIe41StoGI_005.pt,data\preprocessed\features\z_v\lkIe41StoGI_005.pt
lkIe41StoGI_007,mosei_real,0,mosei_lkIe41StoGI_007,,,-1,1,1,1,D:\Documents\Programming\Thesis_G10\data\raw\CMU-MOSEI\segments\lkIe41StoGI_007.mp4,data\preprocessed\features\z_at\lkIe41StoGI_007.pt,data\preprocessed\features\z_v\lkIe41StoGI_007.pt
lkIe41StoGI_008,mosei_real,0,mosei_lkIe41StoGI_008,,,-1,1,1,1,D:\Documents\Programming\Thesis_G10\data\raw\CMU-MOSEI\segments\lkIe41StoGI_008.mp4,data\preprocessed\features\z_at\lkIe41StoGI_008.pt,data\preprocessed\features\z_v\lkIe41StoGI_008.pt
lkIe41StoGI_009,mosei_real,0,mosei_lkIe41StoGI_009,,,-1,1,1,1,D:\Documents\Programming\Thesis_G10\data\raw\CMU-MOSEI\segments\lkIe41StoGI_009.mp4,data\preprocessed\features\z_at\lkIe41StoGI_009.pt,data\preprocessed\features\z_v\lkIe41StoGI_009.pt
lkeVfgI0eEk_000,mosei_real,0,mosei_lkeVfgI0eEk_000,,,-1,1,1,1,D:\Documents\Programming\Thesis_G10\data\raw\CMU-MOSEI\segments\lkeVfgI0eEk_000.mp4,data\preprocessed\features\z_at\lkeVfgI0eEk_000.pt,data\preprocessed\features\z_v\lkeVfgI0eEk_000.pt
lkeVfgI0eEk_001,mosei_real,0,mosei_lkeVfgI0eEk_001,,,-1,1,1,1,D:\Documents\Programming\Thesis_G10\data\raw\CMU-MOSEI\segments\lkeVfgI0eEk_001.mp4,data\preprocessed\features\z_at\lkeVfgI0eEk_001.pt,data\preprocessed\features\z_v\lkeVfgI0eEk_001.pt
lkeVfgI0eEk_002,mosei_real,0,mosei_lkeVfgI0eEk_002,,,-1,1,1,1,D:\Documents\Programming\Thesis_G10\data\raw\CMU-MOSEI\segments\lkeVfgI0eEk_002.mp4,data\preprocessed\features\z_at\lkeVfgI0eEk_002.pt,data\preprocessed\features\z_v\lkeVfgI0eEk_002.pt
lkeVfgI0eEk_003,mosei_real,0,mosei_lkeVfgI0eEk_003,,,-1,1,1,1,D:\Documents\Programming\Thesis_G10\data\raw\CMU-MOSEI\segments\lkeVfgI0eEk_003.mp4,data\preprocessed\features\z_at\lkeVfgI0eEk_003.pt,data\preprocessed\features\z_v\lkeVfgI0eEk_003.pt
lkeVfgI0eEk_004,mosei_real,0,mosei_lkeVfgI0eEk_004,,,-1,1,1,1,D:\Documents\Programming\Thesis_G10\data\raw\CMU-MOSEI\segments\lkeVfgI0eEk_004.mp4,data\preprocessed\features\z_at\lkeVfgI0eEk_004.pt,data\preprocessed\features\z_v\lkeVfgI0eEk_004.pt
lkeVfgI0eEk_005,mosei_real,0,mosei_lkeVfgI0eEk_005,,,-1,1,1,1,D:\Documents\Programming\Thesis_G10\data\raw\CMU-MOSEI\segments\lkeVfgI0eEk_005.mp4,data\preprocessed\features\z_at\lkeVfgI0eEk_005.pt,data\preprocessed\features\z_v\lkeVfgI0eEk_005.pt
lkeVfgI0eEk_006,mosei_real,0,mosei_lkeVfgI0eEk_006,,,-1,1,1,1,D:\Documents\Programming\Thesis_G10\data\raw\CMU-MOSEI\segments\lkeVfgI0eEk_006.mp4,data\preprocessed\features\z_at\lkeVfgI0eEk_006.pt,data\preprocessed\features\z_v\lkeVfgI0eEk_006.pt
lkeVfgI0eEk_007,mosei_real,0,mosei_lkeVfgI0eEk_007,,,-1,1,1,1,D:\Documents\Programming\Thesis_G10\data\raw\CMU-MOSEI\segments\lkeVfgI0eEk_007.mp4,data\preprocessed\features\z_at\lkeVfgI0eEk_007.pt,data\preprocessed\features\z_v\lkeVfgI0eEk_007.pt
lksy-At0vxc_000,mosei_real,0,mosei_lksy-At0vxc_000,,,-1,1,1,1,D:\Documents\Programming\Thesis_G10\data\raw\CMU-MOSEI\segments\lksy-At0vxc_000.mp4,data\preprocessed\features\z_at\lksy-At0vxc_000.pt,data\preprocessed\features\z_v\lksy-At0vxc_000.pt
ll10nEjTvGE_000,mosei_real,0,mosei_ll10nEjTvGE_000,,,-1,1,1,1,D:\Documents\Programming\Thesis_G10\data\raw\CMU-MOSEI\segments\ll10nEjTvGE_000.mp4,data\preprocessed\features\z_at\ll10nEjTvGE_000.pt,data\preprocessed\features\z_v\ll10nEjTvGE_000.pt
ll10nEjTvGE_004,mosei_real,0,mosei_ll10nEjTvGE_004,,,-1,1,1,1,D:\Documents\Programming\Thesis_G10\data\raw\CMU-MOSEI\segments\ll10nEjTvGE_004.mp4,data\preprocessed\features\z_at\ll10nEjTvGE_004.pt,data\preprocessed\features\z_v\ll10nEjTvGE_004.pt
lo0R1mvjDT8_001,mosei_real,0,mosei_lo0R1mvjDT8_001,,,-1,1,1,1,D:\Documents\Programming\Thesis_G10\data\raw\CMU-MOSEI\segments\lo0R1mvjDT8_001.mp4,data\preprocessed\features\z_at\lo0R1mvjDT8_001.pt,data\preprocessed\features\z_v\lo0R1mvjDT8_001.pt
lo0R1mvjDT8_004,mosei_real,0,mosei_lo0R1mvjDT8_004,,,-1,1,1,1,D:\Documents\Programming\Thesis_G10\data\raw\CMU-MOSEI\segments\lo0R1mvjDT8_004.mp4,data\preprocessed\features\z_at\lo0R1mvjDT8_004.pt,data\preprocessed\features\z_v\lo0R1mvjDT8_004.pt
lp9vkkimXqg_000,mosei_real,0,mosei_lp9vkkimXqg_000,,,-1,1,1,1,D:\Documents\Programming\Thesis_G10\data\raw\CMU-MOSEI\segments\lp9vkkimXqg_000.mp4,data\preprocessed\features\z_at\lp9vkkimXqg_000.pt,data\preprocessed\features\z_v\lp9vkkimXqg_000.pt
lp9vkkimXqg_003,mosei_real,0,mosei_lp9vkkimXqg_003,,,-1,1,1,1,D:\Documents\Programming\Thesis_G10\data\raw\CMU-MOSEI\segments\lp9vkkimXqg_003.mp4,data\preprocessed\features\z_at\lp9vkkimXqg_003.pt,data\preprocessed\features\z_v\lp9vkkimXqg_003.pt
lp9vkkimXqg_004,mosei_real,0,mosei_lp9vkkimXqg_004,,,-1,1,1,1,D:\Documents\Programming\Thesis_G10\data\raw\CMU-MOSEI\segments\lp9vkkimXqg_004.mp4,data\preprocessed\features\z_at\lp9vkkimXqg_004.pt,data\preprocessed\features\z_v\lp9vkkimXqg_004.pt
lp9vkkimXqg_006,mosei_real,0,mosei_lp9vkkimXqg_006,,,-1,1,1,1,D:\Documents\Programming\Thesis_G10\data\raw\CMU-MOSEI\segments\lp9vkkimXqg_006.mp4,data\preprocessed\features\z_at\lp9vkkimXqg_006.pt,data\preprocessed\features\z_v\lp9vkkimXqg_006.pt
lp9vkkimXqg_008,mosei_real,0,mosei_lp9vkkimXqg_008,,,-1,1,1,1,D:\Documents\Programming\Thesis_G10\data\raw\CMU-MOSEI\segments\lp9vkkimXqg_008.mp4,data\preprocessed\features\z_at\lp9vkkimXqg_008.pt,data\preprocessed\features\z_v\lp9vkkimXqg_008.pt
lp9vkkimXqg_010,mosei_real,0,mosei_lp9vkkimXqg_010,,,-1,1,1,1,D:\Documents\Programming\Thesis_G10\data\raw\CMU-MOSEI\segments\lp9vkkimXqg_010.mp4,data\preprocessed\features\z_at\lp9vkkimXqg_010.pt,data\preprocessed\features\z_v\lp9vkkimXqg_010.pt
lp9vkkimXqg_014,mosei_real,0,mosei_lp9vkkimXqg_014,,,-1,1,1,1,D:\Documents\Programming\Thesis_G10\data\raw\CMU-MOSEI\segments\lp9vkkimXqg_014.mp4,data\preprocessed\features\z_at\lp9vkkimXqg_014.pt,data\preprocessed\features\z_v\lp9vkkimXqg_014.pt
lp9vkkimXqg_016,mosei_real,0,mosei_lp9vkkimXqg_016,,,-1,1,1,1,D:\Documents\Programming\Thesis_G10\data\raw\CMU-MOSEI\segments\lp9vkkimXqg_016.mp4,data\preprocessed\features\z_at\lp9vkkimXqg_016.pt,data\preprocessed\features\z_v\lp9vkkimXqg_016.pt
lp9vkkimXqg_017,mosei_real,0,mosei_lp9vkkimXqg_017,,,-1,1,1,1,D:\Documents\Programming\Thesis_G10\data\raw\CMU-MOSEI\segments\lp9vkkimXqg_017.mp4,data\preprocessed\features\z_at\lp9vkkimXqg_017.pt,data\preprocessed\features\z_v\lp9vkkimXqg_017.pt
lpF-yBYou0s_000,mosei_real,0,mosei_lpF-yBYou0s_000,,,-1,1,1,1,D:\Documents\Programming\Thesis_G10\data\raw\CMU-MOSEI\segments\lpF-yBYou0s_000.mp4,data\preprocessed\features\z_at\lpF-yBYou0s_000.pt,data\preprocessed\features\z_v\lpF-yBYou0s_000.pt
lpF-yBYou0s_002,mosei_real,0,mosei_lpF-yBYou0s_002,,,-1,1,1,1,D:\Documents\Programming\Thesis_G10\data\raw\CMU-MOSEI\segments\lpF-yBYou0s_002.mp4,data\preprocessed\features\z_at\lpF-yBYou0s_002.pt,data\preprocessed\features\z_v\lpF-yBYou0s_002.pt
lpF-yBYou0s_003,mosei_real,0,mosei_lpF-yBYou0s_003,,,-1,1,1,1,D:\Documents\Programming\Thesis_G10\data\raw\CMU-MOSEI\segments\lpF-yBYou0s_003.mp4,data\preprocessed\features\z_at\lpF-yBYou0s_003.pt,data\preprocessed\features\z_v\lpF-yBYou0s_003.pt
lwL4hjhkid4_000,mosei_real,0,mosei_lwL4hjhkid4_000,,,-1,1,1,1,D:\Documents\Programming\Thesis_G10\data\raw\CMU-MOSEI\segments\lwL4hjhkid4_000.mp4,data\preprocessed\features\z_at\lwL4hjhkid4_000.pt,data\preprocessed\features\z_v\lwL4hjhkid4_000.pt
lwL4hjhkid4_001,mosei_real,0,mosei_lwL4hjhkid4_001,,,-1,1,1,1,D:\Documents\Programming\Thesis_G10\data\raw\CMU-MOSEI\segments\lwL4hjhkid4_001.mp4,data\preprocessed\features\z_at\lwL4hjhkid4_001.pt,data\preprocessed\features\z_v\lwL4hjhkid4_001.pt
lwL4hjhkid4_003,mosei_real,0,mosei_lwL4hjhkid4_003,,,-1,1,1,1,D:\Documents\Programming\Thesis_G10\data\raw\CMU-MOSEI\segments\lwL4hjhkid4_003.mp4,data\preprocessed\features\z_at\lwL4hjhkid4_003.pt,data\preprocessed\features\z_v\lwL4hjhkid4_003.pt
lwL4hjhkid4_004,mosei_real,0,mosei_lwL4hjhkid4_004,,,-1,1,1,1,D:\Documents\Programming\Thesis_G10\data\raw\CMU-MOSEI\segments\lwL4hjhkid4_004.mp4,data\preprocessed\features\z_at\lwL4hjhkid4_004.pt,data\preprocessed\features\z_v\lwL4hjhkid4_004.pt
lxBKEPIUSgc_000,mosei_real,0,mosei_lxBKEPIUSgc_000,,,-1,1,1,1,D:\Documents\Programming\Thesis_G10\data\raw\CMU-MOSEI\segments\lxBKEPIUSgc_000.mp4,data\preprocessed\features\z_at\lxBKEPIUSgc_000.pt,data\preprocessed\features\z_v\lxBKEPIUSgc_000.pt
lzVA--tIse0_000,mosei_real,0,mosei_lzVA--tIse0_000,,,-1,1,1,1,D:\Documents\Programming\Thesis_G10\data\raw\CMU-MOSEI\segments\lzVA--tIse0_000.mp4,data\preprocessed\features\z_at\lzVA--tIse0_000.pt,data\preprocessed\features\z_v\lzVA--tIse0_000.pt
lzyVWNrkgbQ_002,mosei_real,0,mosei_lzyVWNrkgbQ_002,,,-1,1,1,1,D:\Documents\Programming\Thesis_G10\data\raw\CMU-MOSEI\segments\lzyVWNrkgbQ_002.mp4,data\preprocessed\features\z_at\lzyVWNrkgbQ_002.pt,data\preprocessed\features\z_v\lzyVWNrkgbQ_002.pt
m-7yRWZLwLY_002,mosei_real,0,mosei_m-7yRWZLwLY_002,,,-1,1,1,1,D:\Documents\Programming\Thesis_G10\data\raw\CMU-MOSEI\segments\m-7yRWZLwLY_002.mp4,data\preprocessed\features\z_at\m-7yRWZLwLY_002.pt,data\preprocessed\features\z_v\m-7yRWZLwLY_002.pt
m-7yRWZLwLY_003,mosei_real,0,mosei_m-7yRWZLwLY_003,,,-1,1,1,1,D:\Documents\Programming\Thesis_G10\data\raw\CMU-MOSEI\segments\m-7yRWZLwLY_003.mp4,data\preprocessed\features\z_at\m-7yRWZLwLY_003.pt,data\preprocessed\features\z_v\m-7yRWZLwLY_003.pt
m7SJs73SF8w_001,mosei_real,0,mosei_m7SJs73SF8w_001,,,-1,1,1,1,D:\Documents\Programming\Thesis_G10\data\raw\CMU-MOSEI\segments\m7SJs73SF8w_001.mp4,data\preprocessed\features\z_at\m7SJs73SF8w_001.pt,data\preprocessed\features\z_v\m7SJs73SF8w_001.pt
m8tzdtrgFUA_001,mosei_real,0,mosei_m8tzdtrgFUA_001,,,-1,1,1,1,D:\Documents\Programming\Thesis_G10\data\raw\CMU-MOSEI\segments\m8tzdtrgFUA_001.mp4,data\preprocessed\features\z_at\m8tzdtrgFUA_001.pt,data\preprocessed\features\z_v\m8tzdtrgFUA_001.pt
m8tzdtrgFUA_002,mosei_real,0,mosei_m8tzdtrgFUA_002,,,-1,1,1,1,D:\Documents\Programming\Thesis_G10\data\raw\CMU-MOSEI\segments\m8tzdtrgFUA_002.mp4,data\preprocessed\features\z_at\m8tzdtrgFUA_002.pt,data\preprocessed\features\z_v\m8tzdtrgFUA_002.pt
m8tzdtrgFUA_003,mosei_real,0,mosei_m8tzdtrgFUA_003,,,-1,1,1,1,D:\Documents\Programming\Thesis_G10\data\raw\CMU-MOSEI\segments\m8tzdtrgFUA_003.mp4,data\preprocessed\features\z_at\m8tzdtrgFUA_003.pt,data\preprocessed\features\z_v\m8tzdtrgFUA_003.pt
m8tzdtrgFUA_004,mosei_real,0,mosei_m8tzdtrgFUA_004,,,-1,1,1,1,D:\Documents\Programming\Thesis_G10\data\raw\CMU-MOSEI\segments\m8tzdtrgFUA_004.mp4,data\preprocessed\features\z_at\m8tzdtrgFUA_004.pt,data\preprocessed\features\z_v\m8tzdtrgFUA_004.pt
m8tzdtrgFUA_005,mosei_real,0,mosei_m8tzdtrgFUA_005,,,-1,1,1,1,D:\Documents\Programming\Thesis_G10\data\raw\CMU-MOSEI\segments\m8tzdtrgFUA_005.mp4,data\preprocessed\features\z_at\m8tzdtrgFUA_005.pt,data\preprocessed\features\z_v\m8tzdtrgFUA_005.pt
m8tzdtrgFUA_007,mosei_real,0,mosei_m8tzdtrgFUA_007,,,-1,1,1,1,D:\Documents\Programming\Thesis_G10\data\raw\CMU-MOSEI\segments\m8tzdtrgFUA_007.mp4,data\preprocessed\features\z_at\m8tzdtrgFUA_007.pt,data\preprocessed\features\z_v\m8tzdtrgFUA_007.pt
m8tzdtrgFUA_009,mosei_real,0,mosei_m8tzdtrgFUA_009,,,-1,1,1,1,D:\Documents\Programming\Thesis_G10\data\raw\CMU-MOSEI\segments\m8tzdtrgFUA_009.mp4,data\preprocessed\features\z_at\m8tzdtrgFUA_009.pt,data\preprocessed\features\z_v\m8tzdtrgFUA_009.pt
mHGaQ_nv9UY_000,mosei_real,0,mosei_mHGaQ_nv9UY_000,,,-1,1,1,1,D:\Documents\Programming\Thesis_G10\data\raw\CMU-MOSEI\segments\mHGaQ_nv9UY_000.mp4,data\preprocessed\features\z_at\mHGaQ_nv9UY_000.pt,data\preprocessed\features\z_v\mHGaQ_nv9UY_000.pt
mHGaQ_nv9UY_003,mosei_real,0,mosei_mHGaQ_nv9UY_003,,,-1,1,1,1,D:\Documents\Programming\Thesis_G10\data\raw\CMU-MOSEI\segments\mHGaQ_nv9UY_003.mp4,data\preprocessed\features\z_at\mHGaQ_nv9UY_003.pt,data\preprocessed\features\z_v\mHGaQ_nv9UY_003.pt
mHGaQ_nv9UY_017,mosei_real,0,mosei_mHGaQ_nv9UY_017,,,-1,1,1,1,D:\Documents\Programming\Thesis_G10\data\raw\CMU-MOSEI\segments\mHGaQ_nv9UY_017.mp4,data\preprocessed\features\z_at\mHGaQ_nv9UY_017.pt,data\preprocessed\features\z_v\mHGaQ_nv9UY_017.pt
mI50zj8cTNw_000,mosei_real,0,mosei_mI50zj8cTNw_000,,,-1,1,1,1,D:\Documents\Programming\Thesis_G10\data\raw\CMU-MOSEI\segments\mI50zj8cTNw_000.mp4,data\preprocessed\features\z_at\mI50zj8cTNw_000.pt,data\preprocessed\features\z_v\mI50zj8cTNw_000.pt
mI50zj8cTNw_002,mosei_real,0,mosei_mI50zj8cTNw_002,,,-1,1,1,1,D:\Documents\Programming\Thesis_G10\data\raw\CMU-MOSEI\segments\mI50zj8cTNw_002.mp4,data\preprocessed\features\z_at\mI50zj8cTNw_002.pt,data\preprocessed\features\z_v\mI50zj8cTNw_002.pt
mKP6TVuixWg_001,mosei_real,0,mosei_mKP6TVuixWg_001,,,-1,1,1,1,D:\Documents\Programming\Thesis_G10\data\raw\CMU-MOSEI\segments\mKP6TVuixWg_001.mp4,data\preprocessed\features\z_at\mKP6TVuixWg_001.pt,data\preprocessed\features\z_v\mKP6TVuixWg_001.pt
mKP6TVuixWg_002,mosei_real,0,mosei_mKP6TVuixWg_002,,,-1,1,1,1,D:\Documents\Programming\Thesis_G10\data\raw\CMU-MOSEI\segments\mKP6TVuixWg_002.mp4,data\preprocessed\features\z_at\mKP6TVuixWg_002.pt,data\preprocessed\features\z_v\mKP6TVuixWg_002.pt
mKP6TVuixWg_003,mosei_real,0,mosei_mKP6TVuixWg_003,,,-1,1,1,1,D:\Documents\Programming\Thesis_G10\data\raw\CMU-MOSEI\segments\mKP6TVuixWg_003.mp4,data\preprocessed\features\z_at\mKP6TVuixWg_003.pt,data\preprocessed\features\z_v\mKP6TVuixWg_003.pt
mKP6TVuixWg_005,mosei_real,0,mosei_mKP6TVuixWg_005,,,-1,1,1,1,D:\Documents\Programming\Thesis_G10\data\raw\CMU-MOSEI\segments\mKP6TVuixWg_005.mp4,data\preprocessed\features\z_at\mKP6TVuixWg_005.pt,data\preprocessed\features\z_v\mKP6TVuixWg_005.pt
mLW-jn67gRE_000,mosei_real,0,mosei_mLW-jn67gRE_000,,,-1,1,1,1,D:\Documents\Programming\Thesis_G10\data\raw\CMU-MOSEI\segments\mLW-jn67gRE_000.mp4,data\preprocessed\features\z_at\mLW-jn67gRE_000.pt,data\preprocessed\features\z_v\mLW-jn67gRE_000.pt
mLW-jn67gRE_001,mosei_real,0,mosei_mLW-jn67gRE_001,,,-1,1,1,1,D:\Documents\Programming\Thesis_G10\data\raw\CMU-MOSEI\segments\mLW-jn67gRE_001.mp4,data\preprocessed\features\z_at\mLW-jn67gRE_001.pt,data\preprocessed\features\z_v\mLW-jn67gRE_001.pt
mLW-jn67gRE_004,mosei_real,0,mosei_mLW-jn67gRE_004,,,-1,1,1,1,D:\Documents\Programming\Thesis_G10\data\raw\CMU-MOSEI\segments\mLW-jn67gRE_004.mp4,data\preprocessed\features\z_at\mLW-jn67gRE_004.pt,data\preprocessed\features\z_v\mLW-jn67gRE_004.pt
mLW-jn67gRE_006,mosei_real,0,mosei_mLW-jn67gRE_006,,,-1,1,1,1,D:\Documents\Programming\Thesis_G10\data\raw\CMU-MOSEI\segments\mLW-jn67gRE_006.mp4,data\preprocessed\features\z_at\mLW-jn67gRE_006.pt,data\preprocessed\features\z_v\mLW-jn67gRE_006.pt
mLW-jn67gRE_007,mosei_real,0,mosei_mLW-jn67gRE_007,,,-1,1,1,1,D:\Documents\Programming\Thesis_G10\data\raw\CMU-MOSEI\segments\mLW-jn67gRE_007.mp4,data\preprocessed\features\z_at\mLW-jn67gRE_007.pt,data\preprocessed\features\z_v\mLW-jn67gRE_007.pt
mLW-jn67gRE_008,mosei_real,0,mosei_mLW-jn67gRE_008,,,-1,1,1,1,D:\Documents\Programming\Thesis_G10\data\raw\CMU-MOSEI\segments\mLW-jn67gRE_008.mp4,data\preprocessed\features\z_at\mLW-jn67gRE_008.pt,data\preprocessed\features\z_v\mLW-jn67gRE_008.pt
mLW-jn67gRE_011,mosei_real,0,mosei_mLW-jn67gRE_011,,,-1,1,1,1,D:\Documents\Programming\Thesis_G10\data\raw\CMU-MOSEI\segments\mLW-jn67gRE_011.mp4,data\preprocessed\features\z_at\mLW-jn67gRE_011.pt,data\preprocessed\features\z_v\mLW-jn67gRE_011.pt
mLZZ174bqws_000,mosei_real,0,mosei_mLZZ174bqws_000,,,-1,1,1,1,D:\Documents\Programming\Thesis_G10\data\raw\CMU-MOSEI\segments\mLZZ174bqws_000.mp4,data\preprocessed\features\z_at\mLZZ174bqws_000.pt,data\preprocessed\features\z_v\mLZZ174bqws_000.pt
mLZZ174bqws_001,mosei_real,0,mosei_mLZZ174bqws_001,,,-1,1,1,1,D:\Documents\Programming\Thesis_G10\data\raw\CMU-MOSEI\segments\mLZZ174bqws_001.mp4,data\preprocessed\features\z_at\mLZZ174bqws_001.pt,data\preprocessed\features\z_v\mLZZ174bqws_001.pt
mLZZ174bqws_002,mosei_real,0,mosei_mLZZ174bqws_002,,,-1,1,1,1,D:\Documents\Programming\Thesis_G10\data\raw\CMU-MOSEI\segments\mLZZ174bqws_002.mp4,data\preprocessed\features\z_at\mLZZ174bqws_002.pt,data\preprocessed\features\z_v\mLZZ174bqws_002.pt
mN1Z5xEOy10_001,mosei_real,0,mosei_mN1Z5xEOy10_001,,,-1,1,1,1,D:\Documents\Programming\Thesis_G10\data\raw\CMU-MOSEI\segments\mN1Z5xEOy10_001.mp4,data\preprocessed\features\z_at\mN1Z5xEOy10_001.pt,data\preprocessed\features\z_v\mN1Z5xEOy10_001.pt
mN1Z5xEOy10_002,mosei_real,0,mosei_mN1Z5xEOy10_002,,,-1,1,1,1,D:\Documents\Programming\Thesis_G10\data\raw\CMU-MOSEI\segments\mN1Z5xEOy10_002.mp4,data\preprocessed\features\z_at\mN1Z5xEOy10_002.pt,data\preprocessed\features\z_v\mN1Z5xEOy10_002.pt
mRPIse3OO74_002,mosei_real,0,mosei_mRPIse3OO74_002,,,-1,1,1,1,D:\Documents\Programming\Thesis_G10\data\raw\CMU-MOSEI\segments\mRPIse3OO74_002.mp4,data\preprocessed\features\z_at\mRPIse3OO74_002.pt,data\preprocessed\features\z_v\mRPIse3OO74_002.pt
mRPIse3OO74_004,mosei_real,0,mosei_mRPIse3OO74_004,,,-1,1,1,1,D:\Documents\Programming\Thesis_G10\data\raw\CMU-MOSEI\segments\mRPIse3OO74_004.mp4,data\preprocessed\features\z_at\mRPIse3OO74_004.pt,data\preprocessed\features\z_v\mRPIse3OO74_004.pt
mRPIse3OO74_005,mosei_real,0,mosei_mRPIse3OO74_005,,,-1,1,1,1,D:\Documents\Programming\Thesis_G10\data\raw\CMU-MOSEI\segments\mRPIse3OO74_005.mp4,data\preprocessed\features\z_at\mRPIse3OO74_005.pt,data\preprocessed\features\z_v\mRPIse3OO74_005.pt
mRqqH_gx7Q0_000,mosei_real,0,mosei_mRqqH_gx7Q0_000,,,-1,1,1,1,D:\Documents\Programming\Thesis_G10\data\raw\CMU-MOSEI\segments\mRqqH_gx7Q0_000.mp4,data\preprocessed\features\z_at\mRqqH_gx7Q0_000.pt,data\preprocessed\features\z_v\mRqqH_gx7Q0_000.pt
mSWwz7dXUP8_000,mosei_real,0,mosei_mSWwz7dXUP8_000,,,-1,1,1,1,D:\Documents\Programming\Thesis_G10\data\raw\CMU-MOSEI\segments\mSWwz7dXUP8_000.mp4,data\preprocessed\features\z_at\mSWwz7dXUP8_000.pt,data\preprocessed\features\z_v\mSWwz7dXUP8_000.pt
mW8eL4e7Wrg_000,mosei_real,0,mosei_mW8eL4e7Wrg_000,,,-1,1,1,1,D:\Documents\Programming\Thesis_G10\data\raw\CMU-MOSEI\segments\mW8eL4e7Wrg_000.mp4,data\preprocessed\features\z_at\mW8eL4e7Wrg_000.pt,data\preprocessed\features\z_v\mW8eL4e7Wrg_000.pt
mW8eL4e7Wrg_002,mosei_real,0,mosei_mW8eL4e7Wrg_002,,,-1,1,1,1,D:\Documents\Programming\Thesis_G10\data\raw\CMU-MOSEI\segments\mW8eL4e7Wrg_002.mp4,data\preprocessed\features\z_at\mW8eL4e7Wrg_002.pt,data\preprocessed\features\z_v\mW8eL4e7Wrg_002.pt
mW8eL4e7Wrg_005,mosei_real,0,mosei_mW8eL4e7Wrg_005,,,-1,1,1,1,D:\Documents\Programming\Thesis_G10\data\raw\CMU-MOSEI\segments\mW8eL4e7Wrg_005.mp4,data\preprocessed\features\z_at\mW8eL4e7Wrg_005.pt,data\preprocessed\features\z_v\mW8eL4e7Wrg_005.pt
mXdvCxLbpuY_001,mosei_real,0,mosei_mXdvCxLbpuY_001,,,-1,1,1,1,D:\Documents\Programming\Thesis_G10\data\raw\CMU-MOSEI\segments\mXdvCxLbpuY_001.mp4,data\preprocessed\features\z_at\mXdvCxLbpuY_001.pt,data\preprocessed\features\z_v\mXdvCxLbpuY_001.pt
mZ_8em_-CGc_000,mosei_real,0,mosei_mZ_8em_-CGc_000,,,-1,1,1,1,D:\Documents\Programming\Thesis_G10\data\raw\CMU-MOSEI\segments\mZ_8em_-CGc_000.mp4,data\preprocessed\features\z_at\mZ_8em_-CGc_000.pt,data\preprocessed\features\z_v\mZ_8em_-CGc_000.pt
mfpR4CN9LZo_000,mosei_real,0,mosei_mfpR4CN9LZo_000,,,-1,1,1,1,D:\Documents\Programming\Thesis_G10\data\raw\CMU-MOSEI\segments\mfpR4CN9LZo_000.mp4,data\preprocessed\features\z_at\mfpR4CN9LZo_000.pt,data\preprocessed\features\z_v\mfpR4CN9LZo_000.pt
mfpR4CN9LZo_001,mosei_real,0,mosei_mfpR4CN9LZo_001,,,-1,1,1,1,D:\Documents\Programming\Thesis_G10\data\raw\CMU-MOSEI\segments\mfpR4CN9LZo_001.mp4,data\preprocessed\features\z_at\mfpR4CN9LZo_001.pt,data\preprocessed\features\z_v\mfpR4CN9LZo_001.pt
mfpR4CN9LZo_003,mosei_real,0,mosei_mfpR4CN9LZo_003,,,-1,1,1,1,D:\Documents\Programming\Thesis_G10\data\raw\CMU-MOSEI\segments\mfpR4CN9LZo_003.mp4,data\preprocessed\features\z_at\mfpR4CN9LZo_003.pt,data\preprocessed\features\z_v\mfpR4CN9LZo_003.pt
mfpR4CN9LZo_005,mosei_real,0,mosei_mfpR4CN9LZo_005,,,-1,1,1,1,D:\Documents\Programming\Thesis_G10\data\raw\CMU-MOSEI\segments\mfpR4CN9LZo_005.mp4,data\preprocessed\features\z_at\mfpR4CN9LZo_005.pt,data\preprocessed\features\z_v\mfpR4CN9LZo_005.pt
mgovo8VYtvk_001,mosei_real,0,mosei_mgovo8VYtvk_001,,,-1,1,1,1,D:\Documents\Programming\Thesis_G10\data\raw\CMU-MOSEI\segments\mgovo8VYtvk_001.mp4,data\preprocessed\features\z_at\mgovo8VYtvk_001.pt,data\preprocessed\features\z_v\mgovo8VYtvk_001.pt
mgovo8VYtvk_002,mosei_real,0,mosei_mgovo8VYtvk_002,,,-1,1,1,1,D:\Documents\Programming\Thesis_G10\data\raw\CMU-MOSEI\segments\mgovo8VYtvk_002.mp4,data\preprocessed\features\z_at\mgovo8VYtvk_002.pt,data\preprocessed\features\z_v\mgovo8VYtvk_002.pt
mgovo8VYtvk_005,mosei_real,0,mosei_mgovo8VYtvk_005,,,-1,1,1,1,D:\Documents\Programming\Thesis_G10\data\raw\CMU-MOSEI\segments\mgovo8VYtvk_005.mp4,data\preprocessed\features\z_at\mgovo8VYtvk_005.pt,data\preprocessed\features\z_v\mgovo8VYtvk_005.pt
mgovo8VYtvk_010,mosei_real,0,mosei_mgovo8VYtvk_010,,,-1,1,1,1,D:\Documents\Programming\Thesis_G10\data\raw\CMU-MOSEI\segments\mgovo8VYtvk_010.mp4,data\preprocessed\features\z_at\mgovo8VYtvk_010.pt,data\preprocessed\features\z_v\mgovo8VYtvk_010.pt
mgovo8VYtvk_012,mosei_real,0,mosei_mgovo8VYtvk_012,,,-1,1,1,1,D:\Documents\Programming\Thesis_G10\data\raw\CMU-MOSEI\segments\mgovo8VYtvk_012.mp4,data\preprocessed\features\z_at\mgovo8VYtvk_012.pt,data\preprocessed\features\z_v\mgovo8VYtvk_012.pt
mgovo8VYtvk_013,mosei_real,0,mosei_mgovo8VYtvk_013,,,-1,1,1,1,D:\Documents\Programming\Thesis_G10\data\raw\CMU-MOSEI\segments\mgovo8VYtvk_013.mp4,data\preprocessed\features\z_at\mgovo8VYtvk_013.pt,data\preprocessed\features\z_v\mgovo8VYtvk_013.pt
mgovo8VYtvk_014,mosei_real,0,mosei_mgovo8VYtvk_014,,,-1,1,1,1,D:\Documents\Programming\Thesis_G10\data\raw\CMU-MOSEI\segments\mgovo8VYtvk_014.mp4,data\preprocessed\features\z_at\mgovo8VYtvk_014.pt,data\preprocessed\features\z_v\mgovo8VYtvk_014.pt
mgovo8VYtvk_016,mosei_real,0,mosei_mgovo8VYtvk_016,,,-1,1,1,1,D:\Documents\Programming\Thesis_G10\data\raw\CMU-MOSEI\segments\mgovo8VYtvk_016.mp4,data\preprocessed\features\z_at\mgovo8VYtvk_016.pt,data\preprocessed\features\z_v\mgovo8VYtvk_016.pt
mgovo8VYtvk_018,mosei_real,0,mosei_mgovo8VYtvk_018,,,-1,1,1,1,D:\Documents\Programming\Thesis_G10\data\raw\CMU-MOSEI\segments\mgovo8VYtvk_018.mp4,data\preprocessed\features\z_at\mgovo8VYtvk_018.pt,data\preprocessed\features\z_v\mgovo8VYtvk_018.pt
mgovo8VYtvk_019,mosei_real,0,mosei_mgovo8VYtvk_019,,,-1,1,1,1,D:\Documents\Programming\Thesis_G10\data\raw\CMU-MOSEI\segments\mgovo8VYtvk_019.mp4,data\preprocessed\features\z_at\mgovo8VYtvk_019.pt,data\preprocessed\features\z_v\mgovo8VYtvk_019.pt
mgovo8VYtvk_020,mosei_real,0,mosei_mgovo8VYtvk_020,,,-1,1,1,1,D:\Documents\Programming\Thesis_G10\data\raw\CMU-MOSEI\segments\mgovo8VYtvk_020.mp4,data\preprocessed\features\z_at\mgovo8VYtvk_020.pt,data\preprocessed\features\z_v\mgovo8VYtvk_020.pt
mgovo8VYtvk_021,mosei_real,0,mosei_mgovo8VYtvk_021,,,-1,1,1,1,D:\Documents\Programming\Thesis_G10\data\raw\CMU-MOSEI\segments\mgovo8VYtvk_021.mp4,data\preprocessed\features\z_at\mgovo8VYtvk_021.pt,data\preprocessed\features\z_v\mgovo8VYtvk_021.pt
mgovo8VYtvk_022,mosei_real,0,mosei_mgovo8VYtvk_022,,,-1,1,1,1,D:\Documents\Programming\Thesis_G10\data\raw\CMU-MOSEI\segments\mgovo8VYtvk_022.mp4,data\preprocessed\features\z_at\mgovo8VYtvk_022.pt,data\preprocessed\features\z_v\mgovo8VYtvk_022.pt
mgovo8VYtvk_023,mosei_real,0,mosei_mgovo8VYtvk_023,,,-1,1,1,1,D:\Documents\Programming\Thesis_G10\data\raw\CMU-MOSEI\segments\mgovo8VYtvk_023.mp4,data\preprocessed\features\z_at\mgovo8VYtvk_023.pt,data\preprocessed\features\z_v\mgovo8VYtvk_023.pt
mgovo8VYtvk_025,mosei_real,0,mosei_mgovo8VYtvk_025,,,-1,1,1,1,D:\Documents\Programming\Thesis_G10\data\raw\CMU-MOSEI\segments\mgovo8VYtvk_025.mp4,data\preprocessed\features\z_at\mgovo8VYtvk_025.pt,data\preprocessed\features\z_v\mgovo8VYtvk_025.pt
mgovo8VYtvk_026,mosei_real,0,mosei_mgovo8VYtvk_026,,,-1,1,1,1,D:\Documents\Programming\Thesis_G10\data\raw\CMU-MOSEI\segments\mgovo8VYtvk_026.mp4,data\preprocessed\features\z_at\mgovo8VYtvk_026.pt,data\preprocessed\features\z_v\mgovo8VYtvk_026.pt
mgovo8VYtvk_028,mosei_real,0,mosei_mgovo8VYtvk_028,,,-1,1,1,1,D:\Documents\Programming\Thesis_G10\data\raw\CMU-MOSEI\segments\mgovo8VYtvk_028.mp4,data\preprocessed\features\z_at\mgovo8VYtvk_028.pt,data\preprocessed\features\z_v\mgovo8VYtvk_028.pt
mgovo8VYtvk_030,mosei_real,0,mosei_mgovo8VYtvk_030,,,-1,1,1,1,D:\Documents\Programming\Thesis_G10\data\raw\CMU-MOSEI\segments\mgovo8VYtvk_030.mp4,data\preprocessed\features\z_at\mgovo8VYtvk_030.pt,data\preprocessed\features\z_v\mgovo8VYtvk_030.pt
mgovo8VYtvk_032,mosei_real,0,mosei_mgovo8VYtvk_032,,,-1,1,1,1,D:\Documents\Programming\Thesis_G10\data\raw\CMU-MOSEI\segments\mgovo8VYtvk_032.mp4,data\preprocessed\features\z_at\mgovo8VYtvk_032.pt,data\preprocessed\features\z_v\mgovo8VYtvk_032.pt
mgovo8VYtvk_036,mosei_real,0,mosei_mgovo8VYtvk_036,,,-1,1,1,1,D:\Documents\Programming\Thesis_G10\data\raw\CMU-MOSEI\segments\mgovo8VYtvk_036.mp4,data\preprocessed\features\z_at\mgovo8VYtvk_036.pt,data\preprocessed\features\z_v\mgovo8VYtvk_036.pt
mgsvwAVQAQo_000,mosei_real,0,mosei_mgsvwAVQAQo_000,,,-1,1,1,1,D:\Documents\Programming\Thesis_G10\data\raw\CMU-MOSEI\segments\mgsvwAVQAQo_000.mp4,data\preprocessed\features\z_at\mgsvwAVQAQo_000.pt,data\preprocessed\features\z_v\mgsvwAVQAQo_000.pt
mgsvwAVQAQo_001,mosei_real,0,mosei_mgsvwAVQAQo_001,,,-1,1,1,1,D:\Documents\Programming\Thesis_G10\data\raw\CMU-MOSEI\segments\mgsvwAVQAQo_001.mp4,data\preprocessed\features\z_at\mgsvwAVQAQo_001.pt,data\preprocessed\features\z_v\mgsvwAVQAQo_001.pt
mgsvwAVQAQo_003,mosei_real,0,mosei_mgsvwAVQAQo_003,,,-1,1,1,1,D:\Documents\Programming\Thesis_G10\data\raw\CMU-MOSEI\segments\mgsvwAVQAQo_003.mp4,data\preprocessed\features\z_at\mgsvwAVQAQo_003.pt,data\preprocessed\features\z_v\mgsvwAVQAQo_003.pt
mgsvwAVQAQo_004,mosei_real,0,mosei_mgsvwAVQAQo_004,,,-1,1,1,1,D:\Documents\Programming\Thesis_G10\data\raw\CMU-MOSEI\segments\mgsvwAVQAQo_004.mp4,data\preprocessed\features\z_at\mgsvwAVQAQo_004.pt,data\preprocessed\features\z_v\mgsvwAVQAQo_004.pt
mjQfQx2K__8_001,mosei_real,0,mosei_mjQfQx2K__8_001,,,-1,1,1,1,D:\Documents\Programming\Thesis_G10\data\raw\CMU-MOSEI\segments\mjQfQx2K__8_001.mp4,data\preprocessed\features\z_at\mjQfQx2K__8_001.pt,data\preprocessed\features\z_v\mjQfQx2K__8_001.pt
mjQfQx2K__8_002,mosei_real,0,mosei_mjQfQx2K__8_002,,,-1,1,1,1,D:\Documents\Programming\Thesis_G10\data\raw\CMU-MOSEI\segments\mjQfQx2K__8_002.mp4,data\preprocessed\features\z_at\mjQfQx2K__8_002.pt,data\preprocessed\features\z_v\mjQfQx2K__8_002.pt
mjQfQx2K__8_003,mosei_real,0,mosei_mjQfQx2K__8_003,,,-1,1,1,1,D:\Documents\Programming\Thesis_G10\data\raw\CMU-MOSEI\segments\mjQfQx2K__8_003.mp4,data\preprocessed\features\z_at\mjQfQx2K__8_003.pt,data\preprocessed\features\z_v\mjQfQx2K__8_003.pt
mjQfQx2K__8_004,mosei_real,0,mosei_mjQfQx2K__8_004,,,-1,1,1,1,D:\Documents\Programming\Thesis_G10\data\raw\CMU-MOSEI\segments\mjQfQx2K__8_004.mp4,data\preprocessed\features\z_at\mjQfQx2K__8_004.pt,data\preprocessed\features\z_v\mjQfQx2K__8_004.pt
mjQfQx2K__8_007,mosei_real,0,mosei_mjQfQx2K__8_007,,,-1,1,1,1,D:\Documents\Programming\Thesis_G10\data\raw\CMU-MOSEI\segments\mjQfQx2K__8_007.mp4,data\preprocessed\features\z_at\mjQfQx2K__8_007.pt,data\preprocessed\features\z_v\mjQfQx2K__8_007.pt
mjQfQx2K__8_009,mosei_real,0,mosei_mjQfQx2K__8_009,,,-1,1,1,1,D:\Documents\Programming\Thesis_G10\data\raw\CMU-MOSEI\segments\mjQfQx2K__8_009.mp4,data\preprocessed\features\z_at\mjQfQx2K__8_009.pt,data\preprocessed\features\z_v\mjQfQx2K__8_009.pt
mkkoJ2iVbGs_001,mosei_real,0,mosei_mkkoJ2iVbGs_001,,,-1,1,1,1,D:\Documents\Programming\Thesis_G10\data\raw\CMU-MOSEI\segments\mkkoJ2iVbGs_001.mp4,data\preprocessed\features\z_at\mkkoJ2iVbGs_001.pt,data\preprocessed\features\z_v\mkkoJ2iVbGs_001.pt
mkkoJ2iVbGs_004,mosei_real,0,mosei_mkkoJ2iVbGs_004,,,-1,1,1,1,D:\Documents\Programming\Thesis_G10\data\raw\CMU-MOSEI\segments\mkkoJ2iVbGs_004.mp4,data\preprocessed\features\z_at\mkkoJ2iVbGs_004.pt,data\preprocessed\features\z_v\mkkoJ2iVbGs_004.pt
mkkoJ2iVbGs_006,mosei_real,0,mosei_mkkoJ2iVbGs_006,,,-1,1,1,1,D:\Documents\Programming\Thesis_G10\data\raw\CMU-MOSEI\segments\mkkoJ2iVbGs_006.mp4,data\preprocessed\features\z_at\mkkoJ2iVbGs_006.pt,data\preprocessed\features\z_v\mkkoJ2iVbGs_006.pt
mkkoJ2iVbGs_008,mosei_real,0,mosei_mkkoJ2iVbGs_008,,,-1,1,1,1,D:\Documents\Programming\Thesis_G10\data\raw\CMU-MOSEI\segments\mkkoJ2iVbGs_008.mp4,data\preprocessed\features\z_at\mkkoJ2iVbGs_008.pt,data\preprocessed\features\z_v\mkkoJ2iVbGs_008.pt
mpfSRGHFY0g_001,mosei_real,0,mosei_mpfSRGHFY0g_001,,,-1,1,1,1,D:\Documents\Programming\Thesis_G10\data\raw\CMU-MOSEI\segments\mpfSRGHFY0g_001.mp4,data\preprocessed\features\z_at\mpfSRGHFY0g_001.pt,data\preprocessed\features\z_v\mpfSRGHFY0g_001.pt
mrQIrm6hYMQ_000,mosei_real,0,mosei_mrQIrm6hYMQ_000,,,-1,1,1,1,D:\Documents\Programming\Thesis_G10\data\raw\CMU-MOSEI\segments\mrQIrm6hYMQ_000.mp4,data\preprocessed\features\z_at\mrQIrm6hYMQ_000.pt,data\preprocessed\features\z_v\mrQIrm6hYMQ_000.pt
muOYAxkG-Zo_002,mosei_real,0,mosei_muOYAxkG-Zo_002,,,-1,1,1,1,D:\Documents\Programming\Thesis_G10\data\raw\CMU-MOSEI\segments\muOYAxkG-Zo_002.mp4,data\preprocessed\features\z_at\muOYAxkG-Zo_002.pt,data\preprocessed\features\z_v\muOYAxkG-Zo_002.pt
muOYAxkG-Zo_003,mosei_real,0,mosei_muOYAxkG-Zo_003,,,-1,1,1,1,D:\Documents\Programming\Thesis_G10\data\raw\CMU-MOSEI\segments\muOYAxkG-Zo_003.mp4,data\preprocessed\features\z_at\muOYAxkG-Zo_003.pt,data\preprocessed\features\z_v\muOYAxkG-Zo_003.pt
muOYAxkG-Zo_005,mosei_real,0,mosei_muOYAxkG-Zo_005,,,-1,1,1,1,D:\Documents\Programming\Thesis_G10\data\raw\CMU-MOSEI\segments\muOYAxkG-Zo_005.mp4,data\preprocessed\features\z_at\muOYAxkG-Zo_005.pt,data\preprocessed\features\z_v\muOYAxkG-Zo_005.pt
muOYAxkG-Zo_007,mosei_real,0,mosei_muOYAxkG-Zo_007,,,-1,1,1,1,D:\Documents\Programming\Thesis_G10\data\raw\CMU-MOSEI\segments\muOYAxkG-Zo_007.mp4,data\preprocessed\features\z_at\muOYAxkG-Zo_007.pt,data\preprocessed\features\z_v\muOYAxkG-Zo_007.pt
muOYAxkG-Zo_008,mosei_real,0,mosei_muOYAxkG-Zo_008,,,-1,1,1,1,D:\Documents\Programming\Thesis_G10\data\raw\CMU-MOSEI\segments\muOYAxkG-Zo_008.mp4,data\preprocessed\features\z_at\muOYAxkG-Zo_008.pt,data\preprocessed\features\z_v\muOYAxkG-Zo_008.pt
muOYAxkG-Zo_009,mosei_real,0,mosei_muOYAxkG-Zo_009,,,-1,1,1,1,D:\Documents\Programming\Thesis_G10\data\raw\CMU-MOSEI\segments\muOYAxkG-Zo_009.mp4,data\preprocessed\features\z_at\muOYAxkG-Zo_009.pt,data\preprocessed\features\z_v\muOYAxkG-Zo_009.pt
muOYAxkG-Zo_010,mosei_real,0,mosei_muOYAxkG-Zo_010,,,-1,1,1,1,D:\Documents\Programming\Thesis_G10\data\raw\CMU-MOSEI\segments\muOYAxkG-Zo_010.mp4,data\preprocessed\features\z_at\muOYAxkG-Zo_010.pt,data\preprocessed\features\z_v\muOYAxkG-Zo_010.pt
mud6tEqFiEM_000,mosei_real,0,mosei_mud6tEqFiEM_000,,,-1,1,1,1,D:\Documents\Programming\Thesis_G10\data\raw\CMU-MOSEI\segments\mud6tEqFiEM_000.mp4,data\preprocessed\features\z_at\mud6tEqFiEM_000.pt,data\preprocessed\features\z_v\mud6tEqFiEM_000.pt
mud6tEqFiEM_002,mosei_real,0,mosei_mud6tEqFiEM_002,,,-1,1,1,1,D:\Documents\Programming\Thesis_G10\data\raw\CMU-MOSEI\segments\mud6tEqFiEM_002.mp4,data\preprocessed\features\z_at\mud6tEqFiEM_002.pt,data\preprocessed\features\z_v\mud6tEqFiEM_002.pt
mud6tEqFiEM_004,mosei_real,0,mosei_mud6tEqFiEM_004,,,-1,1,1,1,D:\Documents\Programming\Thesis_G10\data\raw\CMU-MOSEI\segments\mud6tEqFiEM_004.mp4,data\preprocessed\features\z_at\mud6tEqFiEM_004.pt,data\preprocessed\features\z_v\mud6tEqFiEM_004.pt
mud6tEqFiEM_005,mosei_real,0,mosei_mud6tEqFiEM_005,,,-1,1,1,1,D:\Documents\Programming\Thesis_G10\data\raw\CMU-MOSEI\segments\mud6tEqFiEM_005.mp4,data\preprocessed\features\z_at\mud6tEqFiEM_005.pt,data\preprocessed\features\z_v\mud6tEqFiEM_005.pt
mxa4KXSz9rw_000,mosei_real,0,mosei_mxa4KXSz9rw_000,,,-1,1,1,1,D:\Documents\Programming\Thesis_G10\data\raw\CMU-MOSEI\segments\mxa4KXSz9rw_000.mp4,data\preprocessed\features\z_at\mxa4KXSz9rw_000.pt,data\preprocessed\features\z_v\mxa4KXSz9rw_000.pt
mxa4KXSz9rw_002,mosei_real,0,mosei_mxa4KXSz9rw_002,,,-1,1,1,1,D:\Documents\Programming\Thesis_G10\data\raw\CMU-MOSEI\segments\mxa4KXSz9rw_002.mp4,data\preprocessed\features\z_at\mxa4KXSz9rw_002.pt,data\preprocessed\features\z_v\mxa4KXSz9rw_002.pt
mxa4KXSz9rw_004,mosei_real,0,mosei_mxa4KXSz9rw_004,,,-1,1,1,1,D:\Documents\Programming\Thesis_G10\data\raw\CMU-MOSEI\segments\mxa4KXSz9rw_004.mp4,data\preprocessed\features\z_at\mxa4KXSz9rw_004.pt,data\preprocessed\features\z_v\mxa4KXSz9rw_004.pt
mxa4KXSz9rw_006,mosei_real,0,mosei_mxa4KXSz9rw_006,,,-1,1,1,1,D:\Documents\Programming\Thesis_G10\data\raw\CMU-MOSEI\segments\mxa4KXSz9rw_006.mp4,data\preprocessed\features\z_at\mxa4KXSz9rw_006.pt,data\preprocessed\features\z_v\mxa4KXSz9rw_006.pt
mxa4KXSz9rw_007,mosei_real,0,mosei_mxa4KXSz9rw_007,,,-1,1,1,1,D:\Documents\Programming\Thesis_G10\data\raw\CMU-MOSEI\segments\mxa4KXSz9rw_007.mp4,data\preprocessed\features\z_at\mxa4KXSz9rw_007.pt,data\preprocessed\features\z_v\mxa4KXSz9rw_007.pt
mxa4KXSz9rw_008,mosei_real,0,mosei_mxa4KXSz9rw_008,,,-1,1,1,1,D:\Documents\Programming\Thesis_G10\data\raw\CMU-MOSEI\segments\mxa4KXSz9rw_008.mp4,data\preprocessed\features\z_at\mxa4KXSz9rw_008.pt,data\preprocessed\features\z_v\mxa4KXSz9rw_008.pt
mxa4KXSz9rw_010,mosei_real,0,mosei_mxa4KXSz9rw_010,,,-1,1,1,1,D:\Documents\Programming\Thesis_G10\data\raw\CMU-MOSEI\segments\mxa4KXSz9rw_010.mp4,data\preprocessed\features\z_at\mxa4KXSz9rw_010.pt,data\preprocessed\features\z_v\mxa4KXSz9rw_010.pt
mxa4KXSz9rw_011,mosei_real,0,mosei_mxa4KXSz9rw_011,,,-1,1,1,1,D:\Documents\Programming\Thesis_G10\data\raw\CMU-MOSEI\segments\mxa4KXSz9rw_011.mp4,data\preprocessed\features\z_at\mxa4KXSz9rw_011.pt,data\preprocessed\features\z_v\mxa4KXSz9rw_011.pt
mzAu5gxjE-w_001,mosei_real,0,mosei_mzAu5gxjE-w_001,,,-1,1,1,1,D:\Documents\Programming\Thesis_G10\data\raw\CMU-MOSEI\segments\mzAu5gxjE-w_001.mp4,data\preprocessed\features\z_at\mzAu5gxjE-w_001.pt,data\preprocessed\features\z_v\mzAu5gxjE-w_001.pt
n5J1ZkGUGnU_000,mosei_real,0,mosei_n5J1ZkGUGnU_000,,,-1,1,1,1,D:\Documents\Programming\Thesis_G10\data\raw\CMU-MOSEI\segments\n5J1ZkGUGnU_000.mp4,data\preprocessed\features\z_at\n5J1ZkGUGnU_000.pt,data\preprocessed\features\z_v\n5J1ZkGUGnU_000.pt
n5J1ZkGUGnU_001,mosei_real,0,mosei_n5J1ZkGUGnU_001,,,-1,1,1,1,D:\Documents\Programming\Thesis_G10\data\raw\CMU-MOSEI\segments\n5J1ZkGUGnU_001.mp4,data\preprocessed\features\z_at\n5J1ZkGUGnU_001.pt,data\preprocessed\features\z_v\n5J1ZkGUGnU_001.pt
n5J1ZkGUGnU_002,mosei_real,0,mosei_n5J1ZkGUGnU_002,,,-1,1,1,1,D:\Documents\Programming\Thesis_G10\data\raw\CMU-MOSEI\segments\n5J1ZkGUGnU_002.mp4,data\preprocessed\features\z_at\n5J1ZkGUGnU_002.pt,data\preprocessed\features\z_v\n5J1ZkGUGnU_002.pt
n5J1ZkGUGnU_004,mosei_real,0,mosei_n5J1ZkGUGnU_004,,,-1,1,1,1,D:\Documents\Programming\Thesis_G10\data\raw\CMU-MOSEI\segments\n5J1ZkGUGnU_004.mp4,data\preprocessed\features\z_at\n5J1ZkGUGnU_004.pt,data\preprocessed\features\z_v\n5J1ZkGUGnU_004.pt
n5MU2-GFjo8_002,mosei_real,0,mosei_n5MU2-GFjo8_002,,,-1,1,1,1,D:\Documents\Programming\Thesis_G10\data\raw\CMU-MOSEI\segments\n5MU2-GFjo8_002.mp4,data\preprocessed\features\z_at\n5MU2-GFjo8_002.pt,data\preprocessed\features\z_v\n5MU2-GFjo8_002.pt
n7K5SpMrQt0_000,mosei_real,0,mosei_n7K5SpMrQt0_000,,,-1,1,1,1,D:\Documents\Programming\Thesis_G10\data\raw\CMU-MOSEI\segments\n7K5SpMrQt0_000.mp4,data\preprocessed\features\z_at\n7K5SpMrQt0_000.pt,data\preprocessed\features\z_v\n7K5SpMrQt0_000.pt
n7K5SpMrQt0_002,mosei_real,0,mosei_n7K5SpMrQt0_002,,,-1,1,1,1,D:\Documents\Programming\Thesis_G10\data\raw\CMU-MOSEI\segments\n7K5SpMrQt0_002.mp4,data\preprocessed\features\z_at\n7K5SpMrQt0_002.pt,data\preprocessed\features\z_v\n7K5SpMrQt0_002.pt
n7K5SpMrQt0_004,mosei_real,0,mosei_n7K5SpMrQt0_004,,,-1,1,1,1,D:\Documents\Programming\Thesis_G10\data\raw\CMU-MOSEI\segments\n7K5SpMrQt0_004.mp4,data\preprocessed\features\z_at\n7K5SpMrQt0_004.pt,data\preprocessed\features\z_v\n7K5SpMrQt0_004.pt
n7K5SpMrQt0_005,mosei_real,0,mosei_n7K5SpMrQt0_005,,,-1,1,1,1,D:\Documents\Programming\Thesis_G10\data\raw\CMU-MOSEI\segments\n7K5SpMrQt0_005.mp4,data\preprocessed\features\z_at\n7K5SpMrQt0_005.pt,data\preprocessed\features\z_v\n7K5SpMrQt0_005.pt
n7K5SpMrQt0_006,mosei_real,0,mosei_n7K5SpMrQt0_006,,,-1,1,1,1,D:\Documents\Programming\Thesis_G10\data\raw\CMU-MOSEI\segments\n7K5SpMrQt0_006.mp4,data\preprocessed\features\z_at\n7K5SpMrQt0_006.pt,data\preprocessed\features\z_v\n7K5SpMrQt0_006.pt
namehdJxRIM_000,mosei_real,0,mosei_namehdJxRIM_000,,,-1,1,1,1,D:\Documents\Programming\Thesis_G10\data\raw\CMU-MOSEI\segments\namehdJxRIM_000.mp4,data\preprocessed\features\z_at\namehdJxRIM_000.pt,data\preprocessed\features\z_v\namehdJxRIM_000.pt
namehdJxRIM_001,mosei_real,0,mosei_namehdJxRIM_001,,,-1,1,1,1,D:\Documents\Programming\Thesis_G10\data\raw\CMU-MOSEI\segments\namehdJxRIM_001.mp4,data\preprocessed\features\z_at\namehdJxRIM_001.pt,data\preprocessed\features\z_v\namehdJxRIM_001.pt
nhD9WSEIspQ_000,mosei_real,0,mosei_nhD9WSEIspQ_000,,,-1,1,1,1,D:\Documents\Programming\Thesis_G10\data\raw\CMU-MOSEI\segments\nhD9WSEIspQ_000.mp4,data\preprocessed\features\z_at\nhD9WSEIspQ_000.pt,data\preprocessed\features\z_v\nhD9WSEIspQ_000.pt
nhD9WSEIspQ_003,mosei_real,0,mosei_nhD9WSEIspQ_003,,,-1,1,1,1,D:\Documents\Programming\Thesis_G10\data\raw\CMU-MOSEI\segments\nhD9WSEIspQ_003.mp4,data\preprocessed\features\z_at\nhD9WSEIspQ_003.pt,data\preprocessed\features\z_v\nhD9WSEIspQ_003.pt
nhD9WSEIspQ_005,mosei_real,0,mosei_nhD9WSEIspQ_005,,,-1,1,1,1,D:\Documents\Programming\Thesis_G10\data\raw\CMU-MOSEI\segments\nhD9WSEIspQ_005.mp4,data\preprocessed\features\z_at\nhD9WSEIspQ_005.pt,data\preprocessed\features\z_v\nhD9WSEIspQ_005.pt
oGFDE-6nd7Q_002,mosei_real,0,mosei_oGFDE-6nd7Q_002,,,-1,1,1,1,D:\Documents\Programming\Thesis_G10\data\raw\CMU-MOSEI\segments\oGFDE-6nd7Q_002.mp4,data\preprocessed\features\z_at\oGFDE-6nd7Q_002.pt,data\preprocessed\features\z_v\oGFDE-6nd7Q_002.pt
oGFDE-6nd7Q_004,mosei_real,0,mosei_oGFDE-6nd7Q_004,,,-1,1,1,1,D:\Documents\Programming\Thesis_G10\data\raw\CMU-MOSEI\segments\oGFDE-6nd7Q_004.mp4,data\preprocessed\features\z_at\oGFDE-6nd7Q_004.pt,data\preprocessed\features\z_v\oGFDE-6nd7Q_004.pt
oGFDE-6nd7Q_005,mosei_real,0,mosei_oGFDE-6nd7Q_005,,,-1,1,1,1,D:\Documents\Programming\Thesis_G10\data\raw\CMU-MOSEI\segments\oGFDE-6nd7Q_005.mp4,data\preprocessed\features\z_at\oGFDE-6nd7Q_005.pt,data\preprocessed\features\z_v\oGFDE-6nd7Q_005.pt
oPlnhc0DkcU_001,mosei_real,0,mosei_oPlnhc0DkcU_001,,,-1,1,1,1,D:\Documents\Programming\Thesis_G10\data\raw\CMU-MOSEI\segments\oPlnhc0DkcU_001.mp4,data\preprocessed\features\z_at\oPlnhc0DkcU_001.pt,data\preprocessed\features\z_v\oPlnhc0DkcU_001.pt
oPlnhc0DkcU_002,mosei_real,0,mosei_oPlnhc0DkcU_002,,,-1,1,1,1,D:\Documents\Programming\Thesis_G10\data\raw\CMU-MOSEI\segments\oPlnhc0DkcU_002.mp4,data\preprocessed\features\z_at\oPlnhc0DkcU_002.pt,data\preprocessed\features\z_v\oPlnhc0DkcU_002.pt
oPlnhc0DkcU_003,mosei_real,0,mosei_oPlnhc0DkcU_003,,,-1,1,1,1,D:\Documents\Programming\Thesis_G10\data\raw\CMU-MOSEI\segments\oPlnhc0DkcU_003.mp4,data\preprocessed\features\z_at\oPlnhc0DkcU_003.pt,data\preprocessed\features\z_v\oPlnhc0DkcU_003.pt
p4WmcxrXkc4_001,mosei_real,0,mosei_p4WmcxrXkc4_001,,,-1,1,1,1,D:\Documents\Programming\Thesis_G10\data\raw\CMU-MOSEI\segments\p4WmcxrXkc4_001.mp4,data\preprocessed\features\z_at\p4WmcxrXkc4_001.pt,data\preprocessed\features\z_v\p4WmcxrXkc4_001.pt
p4WmcxrXkc4_003,mosei_real,0,mosei_p4WmcxrXkc4_003,,,-1,1,1,1,D:\Documents\Programming\Thesis_G10\data\raw\CMU-MOSEI\segments\p4WmcxrXkc4_003.mp4,data\preprocessed\features\z_at\p4WmcxrXkc4_003.pt,data\preprocessed\features\z_v\p4WmcxrXkc4_003.pt
p7zuPEZgtY4_001,mosei_real,0,mosei_p7zuPEZgtY4_001,,,-1,1,1,1,D:\Documents\Programming\Thesis_G10\data\raw\CMU-MOSEI\segments\p7zuPEZgtY4_001.mp4,data\preprocessed\features\z_at\p7zuPEZgtY4_001.pt,data\preprocessed\features\z_v\p7zuPEZgtY4_001.pt
p7zuPEZgtY4_003,mosei_real,0,mosei_p7zuPEZgtY4_003,,,-1,1,1,1,D:\Documents\Programming\Thesis_G10\data\raw\CMU-MOSEI\segments\p7zuPEZgtY4_003.mp4,data\preprocessed\features\z_at\p7zuPEZgtY4_003.pt,data\preprocessed\features\z_v\p7zuPEZgtY4_003.pt
p7zuPEZgtY4_005,mosei_real,0,mosei_p7zuPEZgtY4_005,,,-1,1,1,1,D:\Documents\Programming\Thesis_G10\data\raw\CMU-MOSEI\segments\p7zuPEZgtY4_005.mp4,data\preprocessed\features\z_at\p7zuPEZgtY4_005.pt,data\preprocessed\features\z_v\p7zuPEZgtY4_005.pt
pAclBdj20ZU_000,mosei_real,0,mosei_pAclBdj20ZU_000,,,-1,1,1,1,D:\Documents\Programming\Thesis_G10\data\raw\CMU-MOSEI\segments\pAclBdj20ZU_000.mp4,data\preprocessed\features\z_at\pAclBdj20ZU_000.pt,data\preprocessed\features\z_v\pAclBdj20ZU_000.pt
pAclBdj20ZU_001,mosei_real,0,mosei_pAclBdj20ZU_001,,,-1,1,1,1,D:\Documents\Programming\Thesis_G10\data\raw\CMU-MOSEI\segments\pAclBdj20ZU_001.mp4,data\preprocessed\features\z_at\pAclBdj20ZU_001.pt,data\preprocessed\features\z_v\pAclBdj20ZU_001.pt
pAclBdj20ZU_002,mosei_real,0,mosei_pAclBdj20ZU_002,,,-1,1,1,1,D:\Documents\Programming\Thesis_G10\data\raw\CMU-MOSEI\segments\pAclBdj20ZU_002.mp4,data\preprocessed\features\z_at\pAclBdj20ZU_002.pt,data\preprocessed\features\z_v\pAclBdj20ZU_002.pt
pAclBdj20ZU_003,mosei_real,0,mosei_pAclBdj20ZU_003,,,-1,1,1,1,D:\Documents\Programming\Thesis_G10\data\raw\CMU-MOSEI\segments\pAclBdj20ZU_003.mp4,data\preprocessed\features\z_at\pAclBdj20ZU_003.pt,data\preprocessed\features\z_v\pAclBdj20ZU_003.pt
pAclBdj20ZU_005,mosei_real,0,mosei_pAclBdj20ZU_005,,,-1,1,1,1,D:\Documents\Programming\Thesis_G10\data\raw\CMU-MOSEI\segments\pAclBdj20ZU_005.mp4,data\preprocessed\features\z_at\pAclBdj20ZU_005.pt,data\preprocessed\features\z_v\pAclBdj20ZU_005.pt
pAclBdj20ZU_006,mosei_real,0,mosei_pAclBdj20ZU_006,,,-1,1,1,1,D:\Documents\Programming\Thesis_G10\data\raw\CMU-MOSEI\segments\pAclBdj20ZU_006.mp4,data\preprocessed\features\z_at\pAclBdj20ZU_006.pt,data\preprocessed\features\z_v\pAclBdj20ZU_006.pt
pAclBdj20ZU_007,mosei_real,0,mosei_pAclBdj20ZU_007,,,-1,1,1,1,D:\Documents\Programming\Thesis_G10\data\raw\CMU-MOSEI\segments\pAclBdj20ZU_007.mp4,data\preprocessed\features\z_at\pAclBdj20ZU_007.pt,data\preprocessed\features\z_v\pAclBdj20ZU_007.pt
pAclBdj20ZU_008,mosei_real,0,mosei_pAclBdj20ZU_008,,,-1,1,1,1,D:\Documents\Programming\Thesis_G10\data\raw\CMU-MOSEI\segments\pAclBdj20ZU_008.mp4,data\preprocessed\features\z_at\pAclBdj20ZU_008.pt,data\preprocessed\features\z_v\pAclBdj20ZU_008.pt
pAclBdj20ZU_010,mosei_real,0,mosei_pAclBdj20ZU_010,,,-1,1,1,1,D:\Documents\Programming\Thesis_G10\data\raw\CMU-MOSEI\segments\pAclBdj20ZU_010.mp4,data\preprocessed\features\z_at\pAclBdj20ZU_010.pt,data\preprocessed\features\z_v\pAclBdj20ZU_010.pt
pAclBdj20ZU_011,mosei_real,0,mosei_pAclBdj20ZU_011,,,-1,1,1,1,D:\Documents\Programming\Thesis_G10\data\raw\CMU-MOSEI\segments\pAclBdj20ZU_011.mp4,data\preprocessed\features\z_at\pAclBdj20ZU_011.pt,data\preprocessed\features\z_v\pAclBdj20ZU_011.pt
pY4ovojS4rk_000,mosei_real,0,mosei_pY4ovojS4rk_000,,,-1,1,1,1,D:\Documents\Programming\Thesis_G10\data\raw\CMU-MOSEI\segments\pY4ovojS4rk_000.mp4,data\preprocessed\features\z_at\pY4ovojS4rk_000.pt,data\preprocessed\features\z_v\pY4ovojS4rk_000.pt
qbIajpM7U3Y_000,mosei_real,0,mosei_qbIajpM7U3Y_000,,,-1,1,1,1,D:\Documents\Programming\Thesis_G10\data\raw\CMU-MOSEI\segments\qbIajpM7U3Y_000.mp4,data\preprocessed\features\z_at\qbIajpM7U3Y_000.pt,data\preprocessed\features\z_v\qbIajpM7U3Y_000.pt
qbIajpM7U3Y_001,mosei_real,0,mosei_qbIajpM7U3Y_001,,,-1,1,1,1,D:\Documents\Programming\Thesis_G10\data\raw\CMU-MOSEI\segments\qbIajpM7U3Y_001.mp4,data\preprocessed\features\z_at\qbIajpM7U3Y_001.pt,data\preprocessed\features\z_v\qbIajpM7U3Y_001.pt
qbIajpM7U3Y_003,mosei_real,0,mosei_qbIajpM7U3Y_003,,,-1,1,1,1,D:\Documents\Programming\Thesis_G10\data\raw\CMU-MOSEI\segments\qbIajpM7U3Y_003.mp4,data\preprocessed\features\z_at\qbIajpM7U3Y_003.pt,data\preprocessed\features\z_v\qbIajpM7U3Y_003.pt
qo2reupzUE0_002,mosei_real,0,mosei_qo2reupzUE0_002,,,-1,1,1,1,D:\Documents\Programming\Thesis_G10\data\raw\CMU-MOSEI\segments\qo2reupzUE0_002.mp4,data\preprocessed\features\z_at\qo2reupzUE0_002.pt,data\preprocessed\features\z_v\qo2reupzUE0_002.pt
qo2reupzUE0_003,mosei_real,0,mosei_qo2reupzUE0_003,,,-1,1,1,1,D:\Documents\Programming\Thesis_G10\data\raw\CMU-MOSEI\segments\qo2reupzUE0_003.mp4,data\preprocessed\features\z_at\qo2reupzUE0_003.pt,data\preprocessed\features\z_v\qo2reupzUE0_003.pt
qyJiDgtj6YE_002,mosei_real,0,mosei_qyJiDgtj6YE_002,,,-1,1,1,1,D:\Documents\Programming\Thesis_G10\data\raw\CMU-MOSEI\segments\qyJiDgtj6YE_002.mp4,data\preprocessed\features\z_at\qyJiDgtj6YE_002.pt,data\preprocessed\features\z_v\qyJiDgtj6YE_002.pt
qyJiDgtj6YE_004,mosei_real,0,mosei_qyJiDgtj6YE_004,,,-1,1,1,1,D:\Documents\Programming\Thesis_G10\data\raw\CMU-MOSEI\segments\qyJiDgtj6YE_004.mp4,data\preprocessed\features\z_at\qyJiDgtj6YE_004.pt,data\preprocessed\features\z_v\qyJiDgtj6YE_004.pt
qyJiDgtj6YE_005,mosei_real,0,mosei_qyJiDgtj6YE_005,,,-1,1,1,1,D:\Documents\Programming\Thesis_G10\data\raw\CMU-MOSEI\segments\qyJiDgtj6YE_005.mp4,data\preprocessed\features\z_at\qyJiDgtj6YE_005.pt,data\preprocessed\features\z_v\qyJiDgtj6YE_005.pt
qyJiDgtj6YE_006,mosei_real,0,mosei_qyJiDgtj6YE_006,,,-1,1,1,1,D:\Documents\Programming\Thesis_G10\data\raw\CMU-MOSEI\segments\qyJiDgtj6YE_006.mp4,data\preprocessed\features\z_at\qyJiDgtj6YE_006.pt,data\preprocessed\features\z_v\qyJiDgtj6YE_006.pt
qyqVc352g3Q_000,mosei_real,0,mosei_qyqVc352g3Q_000,,,-1,1,1,1,D:\Documents\Programming\Thesis_G10\data\raw\CMU-MOSEI\segments\qyqVc352g3Q_000.mp4,data\preprocessed\features\z_at\qyqVc352g3Q_000.pt,data\preprocessed\features\z_v\qyqVc352g3Q_000.pt
r46amqjpWgg_002,mosei_real,0,mosei_r46amqjpWgg_002,,,-1,1,1,1,D:\Documents\Programming\Thesis_G10\data\raw\CMU-MOSEI\segments\r46amqjpWgg_002.mp4,data\preprocessed\features\z_at\r46amqjpWgg_002.pt,data\preprocessed\features\z_v\r46amqjpWgg_002.pt
r46amqjpWgg_006,mosei_real,0,mosei_r46amqjpWgg_006,,,-1,1,1,1,D:\Documents\Programming\Thesis_G10\data\raw\CMU-MOSEI\segments\r46amqjpWgg_006.mp4,data\preprocessed\features\z_at\r46amqjpWgg_006.pt,data\preprocessed\features\z_v\r46amqjpWgg_006.pt
r46amqjpWgg_007,mosei_real,0,mosei_r46amqjpWgg_007,,,-1,1,1,1,D:\Documents\Programming\Thesis_G10\data\raw\CMU-MOSEI\segments\r46amqjpWgg_007.mp4,data\preprocessed\features\z_at\r46amqjpWgg_007.pt,data\preprocessed\features\z_v\r46amqjpWgg_007.pt
r46amqjpWgg_008,mosei_real,0,mosei_r46amqjpWgg_008,,,-1,1,1,1,D:\Documents\Programming\Thesis_G10\data\raw\CMU-MOSEI\segments\r46amqjpWgg_008.mp4,data\preprocessed\features\z_at\r46amqjpWgg_008.pt,data\preprocessed\features\z_v\r46amqjpWgg_008.pt
r46amqjpWgg_010,mosei_real,0,mosei_r46amqjpWgg_010,,,-1,1,1,1,D:\Documents\Programming\Thesis_G10\data\raw\CMU-MOSEI\segments\r46amqjpWgg_010.mp4,data\preprocessed\features\z_at\r46amqjpWgg_010.pt,data\preprocessed\features\z_v\r46amqjpWgg_010.pt
r46amqjpWgg_012,mosei_real,0,mosei_r46amqjpWgg_012,,,-1,1,1,1,D:\Documents\Programming\Thesis_G10\data\raw\CMU-MOSEI\segments\r46amqjpWgg_012.mp4,data\preprocessed\features\z_at\r46amqjpWgg_012.pt,data\preprocessed\features\z_v\r46amqjpWgg_012.pt
r46amqjpWgg_013,mosei_real,0,mosei_r46amqjpWgg_013,,,-1,1,1,1,D:\Documents\Programming\Thesis_G10\data\raw\CMU-MOSEI\segments\r46amqjpWgg_013.mp4,data\preprocessed\features\z_at\r46amqjpWgg_013.pt,data\preprocessed\features\z_v\r46amqjpWgg_013.pt
r46amqjpWgg_014,mosei_real,0,mosei_r46amqjpWgg_014,,,-1,1,1,1,D:\Documents\Programming\Thesis_G10\data\raw\CMU-MOSEI\segments\r46amqjpWgg_014.mp4,data\preprocessed\features\z_at\r46amqjpWgg_014.pt,data\preprocessed\features\z_v\r46amqjpWgg_014.pt
r46amqjpWgg_015,mosei_real,0,mosei_r46amqjpWgg_015,,,-1,1,1,1,D:\Documents\Programming\Thesis_G10\data\raw\CMU-MOSEI\segments\r46amqjpWgg_015.mp4,data\preprocessed\features\z_at\r46amqjpWgg_015.pt,data\preprocessed\features\z_v\r46amqjpWgg_015.pt
r46amqjpWgg_016,mosei_real,0,mosei_r46amqjpWgg_016,,,-1,1,1,1,D:\Documents\Programming\Thesis_G10\data\raw\CMU-MOSEI\segments\r46amqjpWgg_016.mp4,data\preprocessed\features\z_at\r46amqjpWgg_016.pt,data\preprocessed\features\z_v\r46amqjpWgg_016.pt
r46amqjpWgg_017,mosei_real,0,mosei_r46amqjpWgg_017,,,-1,1,1,1,D:\Documents\Programming\Thesis_G10\data\raw\CMU-MOSEI\segments\r46amqjpWgg_017.mp4,data\preprocessed\features\z_at\r46amqjpWgg_017.pt,data\preprocessed\features\z_v\r46amqjpWgg_017.pt
r46amqjpWgg_018,mosei_real,0,mosei_r46amqjpWgg_018,,,-1,1,1,1,D:\Documents\Programming\Thesis_G10\data\raw\CMU-MOSEI\segments\r46amqjpWgg_018.mp4,data\preprocessed\features\z_at\r46amqjpWgg_018.pt,data\preprocessed\features\z_v\r46amqjpWgg_018.pt
r46amqjpWgg_019,mosei_real,0,mosei_r46amqjpWgg_019,,,-1,1,1,1,D:\Documents\Programming\Thesis_G10\data\raw\CMU-MOSEI\segments\r46amqjpWgg_019.mp4,data\preprocessed\features\z_at\r46amqjpWgg_019.pt,data\preprocessed\features\z_v\r46amqjpWgg_019.pt
r46amqjpWgg_021,mosei_real,0,mosei_r46amqjpWgg_021,,,-1,1,1,1,D:\Documents\Programming\Thesis_G10\data\raw\CMU-MOSEI\segments\r46amqjpWgg_021.mp4,data\preprocessed\features\z_at\r46amqjpWgg_021.pt,data\preprocessed\features\z_v\r46amqjpWgg_021.pt
r46amqjpWgg_022,mosei_real,0,mosei_r46amqjpWgg_022,,,-1,1,1,1,D:\Documents\Programming\Thesis_G10\data\raw\CMU-MOSEI\segments\r46amqjpWgg_022.mp4,data\preprocessed\features\z_at\r46amqjpWgg_022.pt,data\preprocessed\features\z_v\r46amqjpWgg_022.pt
r46amqjpWgg_025,mosei_real,0,mosei_r46amqjpWgg_025,,,-1,1,1,1,D:\Documents\Programming\Thesis_G10\data\raw\CMU-MOSEI\segments\r46amqjpWgg_025.mp4,data\preprocessed\features\z_at\r46amqjpWgg_025.pt,data\preprocessed\features\z_v\r46amqjpWgg_025.pt
r46amqjpWgg_027,mosei_real,0,mosei_r46amqjpWgg_027,,,-1,1,1,1,D:\Documents\Programming\Thesis_G10\data\raw\CMU-MOSEI\segments\r46amqjpWgg_027.mp4,data\preprocessed\features\z_at\r46amqjpWgg_027.pt,data\preprocessed\features\z_v\r46amqjpWgg_027.pt
r46amqjpWgg_029,mosei_real,0,mosei_r46amqjpWgg_029,,,-1,1,1,1,D:\Documents\Programming\Thesis_G10\data\raw\CMU-MOSEI\segments\r46amqjpWgg_029.mp4,data\preprocessed\features\z_at\r46amqjpWgg_029.pt,data\preprocessed\features\z_v\r46amqjpWgg_029.pt
r46amqjpWgg_031,mosei_real,0,mosei_r46amqjpWgg_031,,,-1,1,1,1,D:\Documents\Programming\Thesis_G10\data\raw\CMU-MOSEI\segments\r46amqjpWgg_031.mp4,data\preprocessed\features\z_at\r46amqjpWgg_031.pt,data\preprocessed\features\z_v\r46amqjpWgg_031.pt
r46amqjpWgg_032,mosei_real,0,mosei_r46amqjpWgg_032,,,-1,1,1,1,D:\Documents\Programming\Thesis_G10\data\raw\CMU-MOSEI\segments\r46amqjpWgg_032.mp4,data\preprocessed\features\z_at\r46amqjpWgg_032.pt,data\preprocessed\features\z_v\r46amqjpWgg_032.pt
rsQRiALH5FU_002,mosei_real,0,mosei_rsQRiALH5FU_002,,,-1,1,1,1,D:\Documents\Programming\Thesis_G10\data\raw\CMU-MOSEI\segments\rsQRiALH5FU_002.mp4,data\preprocessed\features\z_at\rsQRiALH5FU_002.pt,data\preprocessed\features\z_v\rsQRiALH5FU_002.pt
rwNlqh0k1j4_002,mosei_real,0,mosei_rwNlqh0k1j4_002,,,-1,1,1,1,D:\Documents\Programming\Thesis_G10\data\raw\CMU-MOSEI\segments\rwNlqh0k1j4_002.mp4,data\preprocessed\features\z_at\rwNlqh0k1j4_002.pt,data\preprocessed\features\z_v\rwNlqh0k1j4_002.pt
rwNlqh0k1j4_003,mosei_real,0,mosei_rwNlqh0k1j4_003,,,-1,1,1,1,D:\Documents\Programming\Thesis_G10\data\raw\CMU-MOSEI\segments\rwNlqh0k1j4_003.mp4,data\preprocessed\features\z_at\rwNlqh0k1j4_003.pt,data\preprocessed\features\z_v\rwNlqh0k1j4_003.pt
rwNlqh0k1j4_005,mosei_real,0,mosei_rwNlqh0k1j4_005,,,-1,1,1,1,D:\Documents\Programming\Thesis_G10\data\raw\CMU-MOSEI\segments\rwNlqh0k1j4_005.mp4,data\preprocessed\features\z_at\rwNlqh0k1j4_005.pt,data\preprocessed\features\z_v\rwNlqh0k1j4_005.pt
rwNlqh0k1j4_007,mosei_real,0,mosei_rwNlqh0k1j4_007,,,-1,1,1,1,D:\Documents\Programming\Thesis_G10\data\raw\CMU-MOSEI\segments\rwNlqh0k1j4_007.mp4,data\preprocessed\features\z_at\rwNlqh0k1j4_007.pt,data\preprocessed\features\z_v\rwNlqh0k1j4_007.pt
rwe-hBNpzH8_000,mosei_real,0,mosei_rwe-hBNpzH8_000,,,-1,1,1,1,D:\Documents\Programming\Thesis_G10\data\raw\CMU-MOSEI\segments\rwe-hBNpzH8_000.mp4,data\preprocessed\features\z_at\rwe-hBNpzH8_000.pt,data\preprocessed\features\z_v\rwe-hBNpzH8_000.pt
rwe-hBNpzH8_001,mosei_real,0,mosei_rwe-hBNpzH8_001,,,-1,1,1,1,D:\Documents\Programming\Thesis_G10\data\raw\CMU-MOSEI\segments\rwe-hBNpzH8_001.mp4,data\preprocessed\features\z_at\rwe-hBNpzH8_001.pt,data\preprocessed\features\z_v\rwe-hBNpzH8_001.pt
rwe-hBNpzH8_002,mosei_real,0,mosei_rwe-hBNpzH8_002,,,-1,1,1,1,D:\Documents\Programming\Thesis_G10\data\raw\CMU-MOSEI\segments\rwe-hBNpzH8_002.mp4,data\preprocessed\features\z_at\rwe-hBNpzH8_002.pt,data\preprocessed\features\z_v\rwe-hBNpzH8_002.pt
rz4Ax6xfZHQ_001,mosei_real,0,mosei_rz4Ax6xfZHQ_001,,,-1,1,1,1,D:\Documents\Programming\Thesis_G10\data\raw\CMU-MOSEI\segments\rz4Ax6xfZHQ_001.mp4,data\preprocessed\features\z_at\rz4Ax6xfZHQ_001.pt,data\preprocessed\features\z_v\rz4Ax6xfZHQ_001.pt
rz4Ax6xfZHQ_005,mosei_real,0,mosei_rz4Ax6xfZHQ_005,,,-1,1,1,1,D:\Documents\Programming\Thesis_G10\data\raw\CMU-MOSEI\segments\rz4Ax6xfZHQ_005.mp4,data\preprocessed\features\z_at\rz4Ax6xfZHQ_005.pt,data\preprocessed\features\z_v\rz4Ax6xfZHQ_005.pt
rz4Ax6xfZHQ_006,mosei_real,0,mosei_rz4Ax6xfZHQ_006,,,-1,1,1,1,D:\Documents\Programming\Thesis_G10\data\raw\CMU-MOSEI\segments\rz4Ax6xfZHQ_006.mp4,data\preprocessed\features\z_at\rz4Ax6xfZHQ_006.pt,data\preprocessed\features\z_v\rz4Ax6xfZHQ_006.pt
rz4Ax6xfZHQ_007,mosei_real,0,mosei_rz4Ax6xfZHQ_007,,,-1,1,1,1,D:\Documents\Programming\Thesis_G10\data\raw\CMU-MOSEI\segments\rz4Ax6xfZHQ_007.mp4,data\preprocessed\features\z_at\rz4Ax6xfZHQ_007.pt,data\preprocessed\features\z_v\rz4Ax6xfZHQ_007.pt
rz4Ax6xfZHQ_008,mosei_real,0,mosei_rz4Ax6xfZHQ_008,,,-1,1,1,1,D:\Documents\Programming\Thesis_G10\data\raw\CMU-MOSEI\segments\rz4Ax6xfZHQ_008.mp4,data\preprocessed\features\z_at\rz4Ax6xfZHQ_008.pt,data\preprocessed\features\z_v\rz4Ax6xfZHQ_008.pt
s1Yo_MCiMPc_003,mosei_real,0,mosei_s1Yo_MCiMPc_003,,,-1,1,1,1,D:\Documents\Programming\Thesis_G10\data\raw\CMU-MOSEI\segments\s1Yo_MCiMPc_003.mp4,data\preprocessed\features\z_at\s1Yo_MCiMPc_003.pt,data\preprocessed\features\z_v\s1Yo_MCiMPc_003.pt
s1tVE8g6JBc_000,mosei_real,0,mosei_s1tVE8g6JBc_000,,,-1,1,1,1,D:\Documents\Programming\Thesis_G10\data\raw\CMU-MOSEI\segments\s1tVE8g6JBc_000.mp4,data\preprocessed\features\z_at\s1tVE8g6JBc_000.pt,data\preprocessed\features\z_v\s1tVE8g6JBc_000.pt
s53UAEi7JEY_000,mosei_real,0,mosei_s53UAEi7JEY_000,,,-1,1,1,1,D:\Documents\Programming\Thesis_G10\data\raw\CMU-MOSEI\segments\s53UAEi7JEY_000.mp4,data\preprocessed\features\z_at\s53UAEi7JEY_000.pt,data\preprocessed\features\z_v\s53UAEi7JEY_000.pt
sC16n1k66io_000,mosei_real,0,mosei_sC16n1k66io_000,,,-1,1,1,1,D:\Documents\Programming\Thesis_G10\data\raw\CMU-MOSEI\segments\sC16n1k66io_000.mp4,data\preprocessed\features\z_at\sC16n1k66io_000.pt,data\preprocessed\features\z_v\sC16n1k66io_000.pt
sFLTjqVS7AE_001,mosei_real,0,mosei_sFLTjqVS7AE_001,,,-1,1,1,1,D:\Documents\Programming\Thesis_G10\data\raw\CMU-MOSEI\segments\sFLTjqVS7AE_001.mp4,data\preprocessed\features\z_at\sFLTjqVS7AE_001.pt,data\preprocessed\features\z_v\sFLTjqVS7AE_001.pt
sFLTjqVS7AE_002,mosei_real,0,mosei_sFLTjqVS7AE_002,,,-1,1,1,1,D:\Documents\Programming\Thesis_G10\data\raw\CMU-MOSEI\segments\sFLTjqVS7AE_002.mp4,data\preprocessed\features\z_at\sFLTjqVS7AE_002.pt,data\preprocessed\features\z_v\sFLTjqVS7AE_002.pt
sFLTjqVS7AE_003,mosei_real,0,mosei_sFLTjqVS7AE_003,,,-1,1,1,1,D:\Documents\Programming\Thesis_G10\data\raw\CMU-MOSEI\segments\sFLTjqVS7AE_003.mp4,data\preprocessed\features\z_at\sFLTjqVS7AE_003.pt,data\preprocessed\features\z_v\sFLTjqVS7AE_003.pt
sIGAq2J4KKI_001,mosei_real,0,mosei_sIGAq2J4KKI_001,,,-1,1,1,1,D:\Documents\Programming\Thesis_G10\data\raw\CMU-MOSEI\segments\sIGAq2J4KKI_001.mp4,data\preprocessed\features\z_at\sIGAq2J4KKI_001.pt,data\preprocessed\features\z_v\sIGAq2J4KKI_001.pt
sIGAq2J4KKI_002,mosei_real,0,mosei_sIGAq2J4KKI_002,,,-1,1,1,1,D:\Documents\Programming\Thesis_G10\data\raw\CMU-MOSEI\segments\sIGAq2J4KKI_002.mp4,data\preprocessed\features\z_at\sIGAq2J4KKI_002.pt,data\preprocessed\features\z_v\sIGAq2J4KKI_002.pt
sK9_de5Jx4U_000,mosei_real,0,mosei_sK9_de5Jx4U_000,,,-1,1,1,1,D:\Documents\Programming\Thesis_G10\data\raw\CMU-MOSEI\segments\sK9_de5Jx4U_000.mp4,data\preprocessed\features\z_at\sK9_de5Jx4U_000.pt,data\preprocessed\features\z_v\sK9_de5Jx4U_000.pt
sKwPCpFtUUI_000,mosei_real,0,mosei_sKwPCpFtUUI_000,,,-1,1,1,1,D:\Documents\Programming\Thesis_G10\data\raw\CMU-MOSEI\segments\sKwPCpFtUUI_000.mp4,data\preprocessed\features\z_at\sKwPCpFtUUI_000.pt,data\preprocessed\features\z_v\sKwPCpFtUUI_000.pt
sKwPCpFtUUI_001,mosei_real,0,mosei_sKwPCpFtUUI_001,,,-1,1,1,1,D:\Documents\Programming\Thesis_G10\data\raw\CMU-MOSEI\segments\sKwPCpFtUUI_001.mp4,data\preprocessed\features\z_at\sKwPCpFtUUI_001.pt,data\preprocessed\features\z_v\sKwPCpFtUUI_001.pt
sLaTZtL0ZIk_000,mosei_real,0,mosei_sLaTZtL0ZIk_000,,,-1,1,1,1,D:\Documents\Programming\Thesis_G10\data\raw\CMU-MOSEI\segments\sLaTZtL0ZIk_000.mp4,data\preprocessed\features\z_at\sLaTZtL0ZIk_000.pt,data\preprocessed\features\z_v\sLaTZtL0ZIk_000.pt
sMnbpyFqrlE_001,mosei_real,0,mosei_sMnbpyFqrlE_001,,,-1,1,1,1,D:\Documents\Programming\Thesis_G10\data\raw\CMU-MOSEI\segments\sMnbpyFqrlE_001.mp4,data\preprocessed\features\z_at\sMnbpyFqrlE_001.pt,data\preprocessed\features\z_v\sMnbpyFqrlE_001.pt
sMnbpyFqrlE_002,mosei_real,0,mosei_sMnbpyFqrlE_002,,,-1,1,1,1,D:\Documents\Programming\Thesis_G10\data\raw\CMU-MOSEI\segments\sMnbpyFqrlE_002.mp4,data\preprocessed\features\z_at\sMnbpyFqrlE_002.pt,data\preprocessed\features\z_v\sMnbpyFqrlE_002.pt
sMnbpyFqrlE_003,mosei_real,0,mosei_sMnbpyFqrlE_003,,,-1,1,1,1,D:\Documents\Programming\Thesis_G10\data\raw\CMU-MOSEI\segments\sMnbpyFqrlE_003.mp4,data\preprocessed\features\z_at\sMnbpyFqrlE_003.pt,data\preprocessed\features\z_v\sMnbpyFqrlE_003.pt
sMnbpyFqrlE_004,mosei_real,0,mosei_sMnbpyFqrlE_004,,,-1,1,1,1,D:\Documents\Programming\Thesis_G10\data\raw\CMU-MOSEI\segments\sMnbpyFqrlE_004.mp4,data\preprocessed\features\z_at\sMnbpyFqrlE_004.pt,data\preprocessed\features\z_v\sMnbpyFqrlE_004.pt
sMnbpyFqrlE_006,mosei_real,0,mosei_sMnbpyFqrlE_006,,,-1,1,1,1,D:\Documents\Programming\Thesis_G10\data\raw\CMU-MOSEI\segments\sMnbpyFqrlE_006.mp4,data\preprocessed\features\z_at\sMnbpyFqrlE_006.pt,data\preprocessed\features\z_v\sMnbpyFqrlE_006.pt
sMnbpyFqrlE_007,mosei_real,0,mosei_sMnbpyFqrlE_007,,,-1,1,1,1,D:\Documents\Programming\Thesis_G10\data\raw\CMU-MOSEI\segments\sMnbpyFqrlE_007.mp4,data\preprocessed\features\z_at\sMnbpyFqrlE_007.pt,data\preprocessed\features\z_v\sMnbpyFqrlE_007.pt
sMnbpyFqrlE_008,mosei_real,0,mosei_sMnbpyFqrlE_008,,,-1,1,1,1,D:\Documents\Programming\Thesis_G10\data\raw\CMU-MOSEI\segments\sMnbpyFqrlE_008.mp4,data\preprocessed\features\z_at\sMnbpyFqrlE_008.pt,data\preprocessed\features\z_v\sMnbpyFqrlE_008.pt
sPremsknoLM_000,mosei_real,0,mosei_sPremsknoLM_000,,,-1,1,1,1,D:\Documents\Programming\Thesis_G10\data\raw\CMU-MOSEI\segments\sPremsknoLM_000.mp4,data\preprocessed\features\z_at\sPremsknoLM_000.pt,data\preprocessed\features\z_v\sPremsknoLM_000.pt
sPremsknoLM_001,mosei_real,0,mosei_sPremsknoLM_001,,,-1,1,1,1,D:\Documents\Programming\Thesis_G10\data\raw\CMU-MOSEI\segments\sPremsknoLM_001.mp4,data\preprocessed\features\z_at\sPremsknoLM_001.pt,data\preprocessed\features\z_v\sPremsknoLM_001.pt
sPremsknoLM_002,mosei_real,0,mosei_sPremsknoLM_002,,,-1,1,1,1,D:\Documents\Programming\Thesis_G10\data\raw\CMU-MOSEI\segments\sPremsknoLM_002.mp4,data\preprocessed\features\z_at\sPremsknoLM_002.pt,data\preprocessed\features\z_v\sPremsknoLM_002.pt
sPxoGNvnVzg_000,mosei_real,0,mosei_sPxoGNvnVzg_000,,,-1,1,1,1,D:\Documents\Programming\Thesis_G10\data\raw\CMU-MOSEI\segments\sPxoGNvnVzg_000.mp4,data\preprocessed\features\z_at\sPxoGNvnVzg_000.pt,data\preprocessed\features\z_v\sPxoGNvnVzg_000.pt
sPxoGNvnVzg_001,mosei_real,0,mosei_sPxoGNvnVzg_001,,,-1,1,1,1,D:\Documents\Programming\Thesis_G10\data\raw\CMU-MOSEI\segments\sPxoGNvnVzg_001.mp4,data\preprocessed\features\z_at\sPxoGNvnVzg_001.pt,data\preprocessed\features\z_v\sPxoGNvnVzg_001.pt
sPxoGNvnVzg_002,mosei_real,0,mosei_sPxoGNvnVzg_002,,,-1,1,1,1,D:\Documents\Programming\Thesis_G10\data\raw\CMU-MOSEI\segments\sPxoGNvnVzg_002.mp4,data\preprocessed\features\z_at\sPxoGNvnVzg_002.pt,data\preprocessed\features\z_v\sPxoGNvnVzg_002.pt
sPxoGNvnVzg_004,mosei_real,0,mosei_sPxoGNvnVzg_004,,,-1,1,1,1,D:\Documents\Programming\Thesis_G10\data\raw\CMU-MOSEI\segments\sPxoGNvnVzg_004.mp4,data\preprocessed\features\z_at\sPxoGNvnVzg_004.pt,data\preprocessed\features\z_v\sPxoGNvnVzg_004.pt
sRex0-9yFFc_000,mosei_real,0,mosei_sRex0-9yFFc_000,,,-1,1,1,1,D:\Documents\Programming\Thesis_G10\data\raw\CMU-MOSEI\segments\sRex0-9yFFc_000.mp4,data\preprocessed\features\z_at\sRex0-9yFFc_000.pt,data\preprocessed\features\z_v\sRex0-9yFFc_000.pt
sWsDAG6x9n0_000,mosei_real,0,mosei_sWsDAG6x9n0_000,,,-1,1,1,1,D:\Documents\Programming\Thesis_G10\data\raw\CMU-MOSEI\segments\sWsDAG6x9n0_000.mp4,data\preprocessed\features\z_at\sWsDAG6x9n0_000.pt,data\preprocessed\features\z_v\sWsDAG6x9n0_000.pt
sWsDAG6x9n0_002,mosei_real,0,mosei_sWsDAG6x9n0_002,,,-1,1,1,1,D:\Documents\Programming\Thesis_G10\data\raw\CMU-MOSEI\segments\sWsDAG6x9n0_002.mp4,data\preprocessed\features\z_at\sWsDAG6x9n0_002.pt,data\preprocessed\features\z_v\sWsDAG6x9n0_002.pt
sjoArVtU8-o_000,mosei_real,0,mosei_sjoArVtU8-o_000,,,-1,1,1,1,D:\Documents\Programming\Thesis_G10\data\raw\CMU-MOSEI\segments\sjoArVtU8-o_000.mp4,data\preprocessed\features\z_at\sjoArVtU8-o_000.pt,data\preprocessed\features\z_v\sjoArVtU8-o_000.pt
sjoArVtU8-o_001,mosei_real,0,mosei_sjoArVtU8-o_001,,,-1,1,1,1,D:\Documents\Programming\Thesis_G10\data\raw\CMU-MOSEI\segments\sjoArVtU8-o_001.mp4,data\preprocessed\features\z_at\sjoArVtU8-o_001.pt,data\preprocessed\features\z_v\sjoArVtU8-o_001.pt
sjoArVtU8-o_003,mosei_real,0,mosei_sjoArVtU8-o_003,,,-1,1,1,1,D:\Documents\Programming\Thesis_G10\data\raw\CMU-MOSEI\segments\sjoArVtU8-o_003.mp4,data\preprocessed\features\z_at\sjoArVtU8-o_003.pt,data\preprocessed\features\z_v\sjoArVtU8-o_003.pt
sjoArVtU8-o_004,mosei_real,0,mosei_sjoArVtU8-o_004,,,-1,1,1,1,D:\Documents\Programming\Thesis_G10\data\raw\CMU-MOSEI\segments\sjoArVtU8-o_004.mp4,data\preprocessed\features\z_at\sjoArVtU8-o_004.pt,data\preprocessed\features\z_v\sjoArVtU8-o_004.pt
sjoArVtU8-o_006,mosei_real,0,mosei_sjoArVtU8-o_006,,,-1,1,1,1,D:\Documents\Programming\Thesis_G10\data\raw\CMU-MOSEI\segments\sjoArVtU8-o_006.mp4,data\preprocessed\features\z_at\sjoArVtU8-o_006.pt,data\preprocessed\features\z_v\sjoArVtU8-o_006.pt
skp_SpnIOCM_000,mosei_real,0,mosei_skp_SpnIOCM_000,,,-1,1,1,1,D:\Documents\Programming\Thesis_G10\data\raw\CMU-MOSEI\segments\skp_SpnIOCM_000.mp4,data\preprocessed\features\z_at\skp_SpnIOCM_000.pt,data\preprocessed\features\z_v\skp_SpnIOCM_000.pt
skp_SpnIOCM_002,mosei_real,0,mosei_skp_SpnIOCM_002,,,-1,1,1,1,D:\Documents\Programming\Thesis_G10\data\raw\CMU-MOSEI\segments\skp_SpnIOCM_002.mp4,data\preprocessed\features\z_at\skp_SpnIOCM_002.pt,data\preprocessed\features\z_v\skp_SpnIOCM_002.pt
sn1fEo72gJM_000,mosei_real,0,mosei_sn1fEo72gJM_000,,,-1,1,1,1,D:\Documents\Programming\Thesis_G10\data\raw\CMU-MOSEI\segments\sn1fEo72gJM_000.mp4,data\preprocessed\features\z_at\sn1fEo72gJM_000.pt,data\preprocessed\features\z_v\sn1fEo72gJM_000.pt
snVkfJKvjwk_000,mosei_real,0,mosei_snVkfJKvjwk_000,,,-1,1,1,1,D:\Documents\Programming\Thesis_G10\data\raw\CMU-MOSEI\segments\snVkfJKvjwk_000.mp4,data\preprocessed\features\z_at\snVkfJKvjwk_000.pt,data\preprocessed\features\z_v\snVkfJKvjwk_000.pt
soqnBdPOwoo_000,mosei_real,0,mosei_soqnBdPOwoo_000,,,-1,1,1,1,D:\Documents\Programming\Thesis_G10\data\raw\CMU-MOSEI\segments\soqnBdPOwoo_000.mp4,data\preprocessed\features\z_at\soqnBdPOwoo_000.pt,data\preprocessed\features\z_v\soqnBdPOwoo_000.pt
soqnBdPOwoo_003,mosei_real,0,mosei_soqnBdPOwoo_003,,,-1,1,1,1,D:\Documents\Programming\Thesis_G10\data\raw\CMU-MOSEI\segments\soqnBdPOwoo_003.mp4,data\preprocessed\features\z_at\soqnBdPOwoo_003.pt,data\preprocessed\features\z_v\soqnBdPOwoo_003.pt
srbrWyZRMCI_001,mosei_real,0,mosei_srbrWyZRMCI_001,,,-1,1,1,1,D:\Documents\Programming\Thesis_G10\data\raw\CMU-MOSEI\segments\srbrWyZRMCI_001.mp4,data\preprocessed\features\z_at\srbrWyZRMCI_001.pt,data\preprocessed\features\z_v\srbrWyZRMCI_001.pt
srbrWyZRMCI_002,mosei_real,0,mosei_srbrWyZRMCI_002,,,-1,1,1,1,D:\Documents\Programming\Thesis_G10\data\raw\CMU-MOSEI\segments\srbrWyZRMCI_002.mp4,data\preprocessed\features\z_at\srbrWyZRMCI_002.pt,data\preprocessed\features\z_v\srbrWyZRMCI_002.pt
srbrWyZRMCI_003,mosei_real,0,mosei_srbrWyZRMCI_003,,,-1,1,1,1,D:\Documents\Programming\Thesis_G10\data\raw\CMU-MOSEI\segments\srbrWyZRMCI_003.mp4,data\preprocessed\features\z_at\srbrWyZRMCI_003.pt,data\preprocessed\features\z_v\srbrWyZRMCI_003.pt
srbrWyZRMCI_004,mosei_real,0,mosei_srbrWyZRMCI_004,,,-1,1,1,1,D:\Documents\Programming\Thesis_G10\data\raw\CMU-MOSEI\segments\srbrWyZRMCI_004.mp4,data\preprocessed\features\z_at\srbrWyZRMCI_004.pt,data\preprocessed\features\z_v\srbrWyZRMCI_004.pt
srbrWyZRMCI_009,mosei_real,0,mosei_srbrWyZRMCI_009,,,-1,1,1,1,D:\Documents\Programming\Thesis_G10\data\raw\CMU-MOSEI\segments\srbrWyZRMCI_009.mp4,data\preprocessed\features\z_at\srbrWyZRMCI_009.pt,data\preprocessed\features\z_v\srbrWyZRMCI_009.pt
srbrWyZRMCI_010,mosei_real,0,mosei_srbrWyZRMCI_010,,,-1,1,1,1,D:\Documents\Programming\Thesis_G10\data\raw\CMU-MOSEI\segments\srbrWyZRMCI_010.mp4,data\preprocessed\features\z_at\srbrWyZRMCI_010.pt,data\preprocessed\features\z_v\srbrWyZRMCI_010.pt
ssqiwP19JhM_001,mosei_real,0,mosei_ssqiwP19JhM_001,,,-1,1,1,1,D:\Documents\Programming\Thesis_G10\data\raw\CMU-MOSEI\segments\ssqiwP19JhM_001.mp4,data\preprocessed\features\z_at\ssqiwP19JhM_001.pt,data\preprocessed\features\z_v\ssqiwP19JhM_001.pt
ssqiwP19JhM_002,mosei_real,0,mosei_ssqiwP19JhM_002,,,-1,1,1,1,D:\Documents\Programming\Thesis_G10\data\raw\CMU-MOSEI\segments\ssqiwP19JhM_002.mp4,data\preprocessed\features\z_at\ssqiwP19JhM_002.pt,data\preprocessed\features\z_v\ssqiwP19JhM_002.pt
svsbGQn389o_001,mosei_real,0,mosei_svsbGQn389o_001,,,-1,1,1,1,D:\Documents\Programming\Thesis_G10\data\raw\CMU-MOSEI\segments\svsbGQn389o_001.mp4,data\preprocessed\features\z_at\svsbGQn389o_001.pt,data\preprocessed\features\z_v\svsbGQn389o_001.pt
t-wXEPHHtME_002,mosei_real,0,mosei_t-wXEPHHtME_002,,,-1,1,1,1,D:\Documents\Programming\Thesis_G10\data\raw\CMU-MOSEI\segments\t-wXEPHHtME_002.mp4,data\preprocessed\features\z_at\t-wXEPHHtME_002.pt,data\preprocessed\features\z_v\t-wXEPHHtME_002.pt
t2U7w3K2qac_001,mosei_real,0,mosei_t2U7w3K2qac_001,,,-1,1,1,1,D:\Documents\Programming\Thesis_G10\data\raw\CMU-MOSEI\segments\t2U7w3K2qac_001.mp4,data\preprocessed\features\z_at\t2U7w3K2qac_001.pt,data\preprocessed\features\z_v\t2U7w3K2qac_001.pt
t7a3zECpT4k_003,mosei_real,0,mosei_t7a3zECpT4k_003,,,-1,1,1,1,D:\Documents\Programming\Thesis_G10\data\raw\CMU-MOSEI\segments\t7a3zECpT4k_003.mp4,data\preprocessed\features\z_at\t7a3zECpT4k_003.pt,data\preprocessed\features\z_v\t7a3zECpT4k_003.pt
tL8RzwWSmAE_001,mosei_real,0,mosei_tL8RzwWSmAE_001,,,-1,1,1,1,D:\Documents\Programming\Thesis_G10\data\raw\CMU-MOSEI\segments\tL8RzwWSmAE_001.mp4,data\preprocessed\features\z_at\tL8RzwWSmAE_001.pt,data\preprocessed\features\z_v\tL8RzwWSmAE_001.pt
tL8RzwWSmAE_002,mosei_real,0,mosei_tL8RzwWSmAE_002,,,-1,1,1,1,D:\Documents\Programming\Thesis_G10\data\raw\CMU-MOSEI\segments\tL8RzwWSmAE_002.mp4,data\preprocessed\features\z_at\tL8RzwWSmAE_002.pt,data\preprocessed\features\z_v\tL8RzwWSmAE_002.pt
tNd3--lvSXE_003,mosei_real,0,mosei_tNd3--lvSXE_003,,,-1,1,1,1,D:\Documents\Programming\Thesis_G10\data\raw\CMU-MOSEI\segments\tNd3--lvSXE_003.mp4,data\preprocessed\features\z_at\tNd3--lvSXE_003.pt,data\preprocessed\features\z_v\tNd3--lvSXE_003.pt
tO68uTk-T_E_001,mosei_real,0,mosei_tO68uTk-T_E_001,,,-1,1,1,1,D:\Documents\Programming\Thesis_G10\data\raw\CMU-MOSEI\segments\tO68uTk-T_E_001.mp4,data\preprocessed\features\z_at\tO68uTk-T_E_001.pt,data\preprocessed\features\z_v\tO68uTk-T_E_001.pt
tO68uTk-T_E_002,mosei_real,0,mosei_tO68uTk-T_E_002,,,-1,1,1,1,D:\Documents\Programming\Thesis_G10\data\raw\CMU-MOSEI\segments\tO68uTk-T_E_002.mp4,data\preprocessed\features\z_at\tO68uTk-T_E_002.pt,data\preprocessed\features\z_v\tO68uTk-T_E_002.pt
tRSPfPlNbMU_000,mosei_real,0,mosei_tRSPfPlNbMU_000,,,-1,1,1,1,D:\Documents\Programming\Thesis_G10\data\raw\CMU-MOSEI\segments\tRSPfPlNbMU_000.mp4,data\preprocessed\features\z_at\tRSPfPlNbMU_000.pt,data\preprocessed\features\z_v\tRSPfPlNbMU_000.pt
tRSPfPlNbMU_001,mosei_real,0,mosei_tRSPfPlNbMU_001,,,-1,1,1,1,D:\Documents\Programming\Thesis_G10\data\raw\CMU-MOSEI\segments\tRSPfPlNbMU_001.mp4,data\preprocessed\features\z_at\tRSPfPlNbMU_001.pt,data\preprocessed\features\z_v\tRSPfPlNbMU_001.pt
tRSPfPlNbMU_002,mosei_real,0,mosei_tRSPfPlNbMU_002,,,-1,1,1,1,D:\Documents\Programming\Thesis_G10\data\raw\CMU-MOSEI\segments\tRSPfPlNbMU_002.mp4,data\preprocessed\features\z_at\tRSPfPlNbMU_002.pt,data\preprocessed\features\z_v\tRSPfPlNbMU_002.pt
tUTf9R5u6r0_000,mosei_real,0,mosei_tUTf9R5u6r0_000,,,-1,1,1,1,D:\Documents\Programming\Thesis_G10\data\raw\CMU-MOSEI\segments\tUTf9R5u6r0_000.mp4,data\preprocessed\features\z_at\tUTf9R5u6r0_000.pt,data\preprocessed\features\z_v\tUTf9R5u6r0_000.pt
tXQQ0joMq1Q_000,mosei_real,0,mosei_tXQQ0joMq1Q_000,,,-1,1,1,1,D:\Documents\Programming\Thesis_G10\data\raw\CMU-MOSEI\segments\tXQQ0joMq1Q_000.mp4,data\preprocessed\features\z_at\tXQQ0joMq1Q_000.pt,data\preprocessed\features\z_v\tXQQ0joMq1Q_000.pt
tXxXhGD1aMo_000,mosei_real,0,mosei_tXxXhGD1aMo_000,,,-1,1,1,1,D:\Documents\Programming\Thesis_G10\data\raw\CMU-MOSEI\segments\tXxXhGD1aMo_000.mp4,data\preprocessed\features\z_at\tXxXhGD1aMo_000.pt,data\preprocessed\features\z_v\tXxXhGD1aMo_000.pt
tXxXhGD1aMo_003,mosei_real,0,mosei_tXxXhGD1aMo_003,,,-1,1,1,1,D:\Documents\Programming\Thesis_G10\data\raw\CMU-MOSEI\segments\tXxXhGD1aMo_003.mp4,data\preprocessed\features\z_at\tXxXhGD1aMo_003.pt,data\preprocessed\features\z_v\tXxXhGD1aMo_003.pt
tXxf6-CilNI_004,mosei_real,0,mosei_tXxf6-CilNI_004,,,-1,1,1,1,D:\Documents\Programming\Thesis_G10\data\raw\CMU-MOSEI\segments\tXxf6-CilNI_004.mp4,data\preprocessed\features\z_at\tXxf6-CilNI_004.pt,data\preprocessed\features\z_v\tXxf6-CilNI_004.pt
tXxf6-CilNI_007,mosei_real,0,mosei_tXxf6-CilNI_007,,,-1,1,1,1,D:\Documents\Programming\Thesis_G10\data\raw\CMU-MOSEI\segments\tXxf6-CilNI_007.mp4,data\preprocessed\features\z_at\tXxf6-CilNI_007.pt,data\preprocessed\features\z_v\tXxf6-CilNI_007.pt
tZDNinnrGf8_000,mosei_real,0,mosei_tZDNinnrGf8_000,,,-1,1,1,1,D:\Documents\Programming\Thesis_G10\data\raw\CMU-MOSEI\segments\tZDNinnrGf8_000.mp4,data\preprocessed\features\z_at\tZDNinnrGf8_000.pt,data\preprocessed\features\z_v\tZDNinnrGf8_000.pt
tZDNinnrGf8_002,mosei_real,0,mosei_tZDNinnrGf8_002,,,-1,1,1,1,D:\Documents\Programming\Thesis_G10\data\raw\CMU-MOSEI\segments\tZDNinnrGf8_002.mp4,data\preprocessed\features\z_at\tZDNinnrGf8_002.pt,data\preprocessed\features\z_v\tZDNinnrGf8_002.pt
tZDNinnrGf8_003,mosei_real,0,mosei_tZDNinnrGf8_003,,,-1,1,1,1,D:\Documents\Programming\Thesis_G10\data\raw\CMU-MOSEI\segments\tZDNinnrGf8_003.mp4,data\preprocessed\features\z_at\tZDNinnrGf8_003.pt,data\preprocessed\features\z_v\tZDNinnrGf8_003.pt
ta26Z2YEVMQ_000,mosei_real,0,mosei_ta26Z2YEVMQ_000,,,-1,1,1,1,D:\Documents\Programming\Thesis_G10\data\raw\CMU-MOSEI\segments\ta26Z2YEVMQ_000.mp4,data\preprocessed\features\z_at\ta26Z2YEVMQ_000.pt,data\preprocessed\features\z_v\ta26Z2YEVMQ_000.pt
ta26Z2YEVMQ_003,mosei_real,0,mosei_ta26Z2YEVMQ_003,,,-1,1,1,1,D:\Documents\Programming\Thesis_G10\data\raw\CMU-MOSEI\segments\ta26Z2YEVMQ_003.mp4,data\preprocessed\features\z_at\ta26Z2YEVMQ_003.pt,data\preprocessed\features\z_v\ta26Z2YEVMQ_003.pt
taGs3-SMoYM_003,mosei_real,0,mosei_taGs3-SMoYM_003,,,-1,1,1,1,D:\Documents\Programming\Thesis_G10\data\raw\CMU-MOSEI\segments\taGs3-SMoYM_003.mp4,data\preprocessed\features\z_at\taGs3-SMoYM_003.pt,data\preprocessed\features\z_v\taGs3-SMoYM_003.pt
tdIZZ9v0IGA_000,mosei_real,0,mosei_tdIZZ9v0IGA_000,,,-1,1,1,1,D:\Documents\Programming\Thesis_G10\data\raw\CMU-MOSEI\segments\tdIZZ9v0IGA_000.mp4,data\preprocessed\features\z_at\tdIZZ9v0IGA_000.pt,data\preprocessed\features\z_v\tdIZZ9v0IGA_000.pt
tdIZZ9v0IGA_001,mosei_real,0,mosei_tdIZZ9v0IGA_001,,,-1,1,1,1,D:\Documents\Programming\Thesis_G10\data\raw\CMU-MOSEI\segments\tdIZZ9v0IGA_001.mp4,data\preprocessed\features\z_at\tdIZZ9v0IGA_001.pt,data\preprocessed\features\z_v\tdIZZ9v0IGA_001.pt
tdIZZ9v0IGA_002,mosei_real,0,mosei_tdIZZ9v0IGA_002,,,-1,1,1,1,D:\Documents\Programming\Thesis_G10\data\raw\CMU-MOSEI\segments\tdIZZ9v0IGA_002.mp4,data\preprocessed\features\z_at\tdIZZ9v0IGA_002.pt,data\preprocessed\features\z_v\tdIZZ9v0IGA_002.pt
tdIZZ9v0IGA_004,mosei_real,0,mosei_tdIZZ9v0IGA_004,,,-1,1,1,1,D:\Documents\Programming\Thesis_G10\data\raw\CMU-MOSEI\segments\tdIZZ9v0IGA_004.mp4,data\preprocessed\features\z_at\tdIZZ9v0IGA_004.pt,data\preprocessed\features\z_v\tdIZZ9v0IGA_004.pt
tdIZZ9v0IGA_005,mosei_real,0,mosei_tdIZZ9v0IGA_005,,,-1,1,1,1,D:\Documents\Programming\Thesis_G10\data\raw\CMU-MOSEI\segments\tdIZZ9v0IGA_005.mp4,data\preprocessed\features\z_at\tdIZZ9v0IGA_005.pt,data\preprocessed\features\z_v\tdIZZ9v0IGA_005.pt
tgrxA3CiBv0_000,mosei_real,0,mosei_tgrxA3CiBv0_000,,,-1,1,1,1,D:\Documents\Programming\Thesis_G10\data\raw\CMU-MOSEI\segments\tgrxA3CiBv0_000.mp4,data\preprocessed\features\z_at\tgrxA3CiBv0_000.pt,data\preprocessed\features\z_v\tgrxA3CiBv0_000.pt
tgrxA3CiBv0_001,mosei_real,0,mosei_tgrxA3CiBv0_001,,,-1,1,1,1,D:\Documents\Programming\Thesis_G10\data\raw\CMU-MOSEI\segments\tgrxA3CiBv0_001.mp4,data\preprocessed\features\z_at\tgrxA3CiBv0_001.pt,data\preprocessed\features\z_v\tgrxA3CiBv0_001.pt
tgrxA3CiBv0_004,mosei_real,0,mosei_tgrxA3CiBv0_004,,,-1,1,1,1,D:\Documents\Programming\Thesis_G10\data\raw\CMU-MOSEI\segments\tgrxA3CiBv0_004.mp4,data\preprocessed\features\z_at\tgrxA3CiBv0_004.pt,data\preprocessed\features\z_v\tgrxA3CiBv0_004.pt
tgrxA3CiBv0_006,mosei_real,0,mosei_tgrxA3CiBv0_006,,,-1,1,1,1,D:\Documents\Programming\Thesis_G10\data\raw\CMU-MOSEI\segments\tgrxA3CiBv0_006.mp4,data\preprocessed\features\z_at\tgrxA3CiBv0_006.pt,data\preprocessed\features\z_v\tgrxA3CiBv0_006.pt
tgrxA3CiBv0_007,mosei_real,0,mosei_tgrxA3CiBv0_007,,,-1,1,1,1,D:\Documents\Programming\Thesis_G10\data\raw\CMU-MOSEI\segments\tgrxA3CiBv0_007.mp4,data\preprocessed\features\z_at\tgrxA3CiBv0_007.pt,data\preprocessed\features\z_v\tgrxA3CiBv0_007.pt
tkzdanzsA0A_000,mosei_real,0,mosei_tkzdanzsA0A_000,,,-1,1,1,1,D:\Documents\Programming\Thesis_G10\data\raw\CMU-MOSEI\segments\tkzdanzsA0A_000.mp4,data\preprocessed\features\z_at\tkzdanzsA0A_000.pt,data\preprocessed\features\z_v\tkzdanzsA0A_000.pt
tkzdanzsA0A_001,mosei_real,0,mosei_tkzdanzsA0A_001,,,-1,1,1,1,D:\Documents\Programming\Thesis_G10\data\raw\CMU-MOSEI\segments\tkzdanzsA0A_001.mp4,data\preprocessed\features\z_at\tkzdanzsA0A_001.pt,data\preprocessed\features\z_v\tkzdanzsA0A_001.pt
tkzdanzsA0A_002,mosei_real,0,mosei_tkzdanzsA0A_002,,,-1,1,1,1,D:\Documents\Programming\Thesis_G10\data\raw\CMU-MOSEI\segments\tkzdanzsA0A_002.mp4,data\preprocessed\features\z_at\tkzdanzsA0A_002.pt,data\preprocessed\features\z_v\tkzdanzsA0A_002.pt
tkzdanzsA0A_003,mosei_real,0,mosei_tkzdanzsA0A_003,,,-1,1,1,1,D:\Documents\Programming\Thesis_G10\data\raw\CMU-MOSEI\segments\tkzdanzsA0A_003.mp4,data\preprocessed\features\z_at\tkzdanzsA0A_003.pt,data\preprocessed\features\z_v\tkzdanzsA0A_003.pt
tkzdanzsA0A_004,mosei_real,0,mosei_tkzdanzsA0A_004,,,-1,1,1,1,D:\Documents\Programming\Thesis_G10\data\raw\CMU-MOSEI\segments\tkzdanzsA0A_004.mp4,data\preprocessed\features\z_at\tkzdanzsA0A_004.pt,data\preprocessed\features\z_v\tkzdanzsA0A_004.pt
tkzdanzsA0A_005,mosei_real,0,mosei_tkzdanzsA0A_005,,,-1,1,1,1,D:\Documents\Programming\Thesis_G10\data\raw\CMU-MOSEI\segments\tkzdanzsA0A_005.mp4,data\preprocessed\features\z_at\tkzdanzsA0A_005.pt,data\preprocessed\features\z_v\tkzdanzsA0A_005.pt
tkzdanzsA0A_006,mosei_real,0,mosei_tkzdanzsA0A_006,,,-1,1,1,1,D:\Documents\Programming\Thesis_G10\data\raw\CMU-MOSEI\segments\tkzdanzsA0A_006.mp4,data\preprocessed\features\z_at\tkzdanzsA0A_006.pt,data\preprocessed\features\z_v\tkzdanzsA0A_006.pt
tkzdanzsA0A_007,mosei_real,0,mosei_tkzdanzsA0A_007,,,-1,1,1,1,D:\Documents\Programming\Thesis_G10\data\raw\CMU-MOSEI\segments\tkzdanzsA0A_007.mp4,data\preprocessed\features\z_at\tkzdanzsA0A_007.pt,data\preprocessed\features\z_v\tkzdanzsA0A_007.pt
tkzdanzsA0A_008,mosei_real,0,mosei_tkzdanzsA0A_008,,,-1,1,1,1,D:\Documents\Programming\Thesis_G10\data\raw\CMU-MOSEI\segments\tkzdanzsA0A_008.mp4,data\preprocessed\features\z_at\tkzdanzsA0A_008.pt,data\preprocessed\features\z_v\tkzdanzsA0A_008.pt
tnWmVXZ87h0_001,mosei_real,0,mosei_tnWmVXZ87h0_001,,,-1,1,1,1,D:\Documents\Programming\Thesis_G10\data\raw\CMU-MOSEI\segments\tnWmVXZ87h0_001.mp4,data\preprocessed\features\z_at\tnWmVXZ87h0_001.pt,data\preprocessed\features\z_v\tnWmVXZ87h0_001.pt
tnWmVXZ87h0_004,mosei_real,0,mosei_tnWmVXZ87h0_004,,,-1,1,1,1,D:\Documents\Programming\Thesis_G10\data\raw\CMU-MOSEI\segments\tnWmVXZ87h0_004.mp4,data\preprocessed\features\z_at\tnWmVXZ87h0_004.pt,data\preprocessed\features\z_v\tnWmVXZ87h0_004.pt
tnWmVXZ87h0_006,mosei_real,0,mosei_tnWmVXZ87h0_006,,,-1,1,1,1,D:\Documents\Programming\Thesis_G10\data\raw\CMU-MOSEI\segments\tnWmVXZ87h0_006.mp4,data\preprocessed\features\z_at\tnWmVXZ87h0_006.pt,data\preprocessed\features\z_v\tnWmVXZ87h0_006.pt
tnWmVXZ87h0_007,mosei_real,0,mosei_tnWmVXZ87h0_007,,,-1,1,1,1,D:\Documents\Programming\Thesis_G10\data\raw\CMU-MOSEI\segments\tnWmVXZ87h0_007.mp4,data\preprocessed\features\z_at\tnWmVXZ87h0_007.pt,data\preprocessed\features\z_v\tnWmVXZ87h0_007.pt
trQLgl6ncmk_000,mosei_real,0,mosei_trQLgl6ncmk_000,,,-1,1,1,1,D:\Documents\Programming\Thesis_G10\data\raw\CMU-MOSEI\segments\trQLgl6ncmk_000.mp4,data\preprocessed\features\z_at\trQLgl6ncmk_000.pt,data\preprocessed\features\z_v\trQLgl6ncmk_000.pt
trQLgl6ncmk_004,mosei_real,0,mosei_trQLgl6ncmk_004,,,-1,1,1,1,D:\Documents\Programming\Thesis_G10\data\raw\CMU-MOSEI\segments\trQLgl6ncmk_004.mp4,data\preprocessed\features\z_at\trQLgl6ncmk_004.pt,data\preprocessed\features\z_v\trQLgl6ncmk_004.pt
ttfaZ8IIWCo_000,mosei_real,0,mosei_ttfaZ8IIWCo_000,,,-1,1,1,1,D:\Documents\Programming\Thesis_G10\data\raw\CMU-MOSEI\segments\ttfaZ8IIWCo_000.mp4,data\preprocessed\features\z_at\ttfaZ8IIWCo_000.pt,data\preprocessed\features\z_v\ttfaZ8IIWCo_000.pt
ttfaZ8IIWCo_001,mosei_real,0,mosei_ttfaZ8IIWCo_001,,,-1,1,1,1,D:\Documents\Programming\Thesis_G10\data\raw\CMU-MOSEI\segments\ttfaZ8IIWCo_001.mp4,data\preprocessed\features\z_at\ttfaZ8IIWCo_001.pt,data\preprocessed\features\z_v\ttfaZ8IIWCo_001.pt
ttfaZ8IIWCo_003,mosei_real,0,mosei_ttfaZ8IIWCo_003,,,-1,1,1,1,D:\Documents\Programming\Thesis_G10\data\raw\CMU-MOSEI\segments\ttfaZ8IIWCo_003.mp4,data\preprocessed\features\z_at\ttfaZ8IIWCo_003.pt,data\preprocessed\features\z_v\ttfaZ8IIWCo_003.pt
ttfaZ8IIWCo_008,mosei_real,0,mosei_ttfaZ8IIWCo_008,,,-1,1,1,1,D:\Documents\Programming\Thesis_G10\data\raw\CMU-MOSEI\segments\ttfaZ8IIWCo_008.mp4,data\preprocessed\features\z_at\ttfaZ8IIWCo_008.pt,data\preprocessed\features\z_v\ttfaZ8IIWCo_008.pt
tv8IhQZQuJI_002,mosei_real,0,mosei_tv8IhQZQuJI_002,,,-1,1,1,1,D:\Documents\Programming\Thesis_G10\data\raw\CMU-MOSEI\segments\tv8IhQZQuJI_002.mp4,data\preprocessed\features\z_at\tv8IhQZQuJI_002.pt,data\preprocessed\features\z_v\tv8IhQZQuJI_002.pt
tv8IhQZQuJI_003,mosei_real,0,mosei_tv8IhQZQuJI_003,,,-1,1,1,1,D:\Documents\Programming\Thesis_G10\data\raw\CMU-MOSEI\segments\tv8IhQZQuJI_003.mp4,data\preprocessed\features\z_at\tv8IhQZQuJI_003.pt,data\preprocessed\features\z_v\tv8IhQZQuJI_003.pt
tv8IhQZQuJI_007,mosei_real,0,mosei_tv8IhQZQuJI_007,,,-1,1,1,1,D:\Documents\Programming\Thesis_G10\data\raw\CMU-MOSEI\segments\tv8IhQZQuJI_007.mp4,data\preprocessed\features\z_at\tv8IhQZQuJI_007.pt,data\preprocessed\features\z_v\tv8IhQZQuJI_007.pt
tvE_DucE0_k_002,mosei_real,0,mosei_tvE_DucE0_k_002,,,-1,1,1,1,D:\Documents\Programming\Thesis_G10\data\raw\CMU-MOSEI\segments\tvE_DucE0_k_002.mp4,data\preprocessed\features\z_at\tvE_DucE0_k_002.pt,data\preprocessed\features\z_v\tvE_DucE0_k_002.pt
tvE_DucE0_k_003,mosei_real,0,mosei_tvE_DucE0_k_003,,,-1,1,1,1,D:\Documents\Programming\Thesis_G10\data\raw\CMU-MOSEI\segments\tvE_DucE0_k_003.mp4,data\preprocessed\features\z_at\tvE_DucE0_k_003.pt,data\preprocessed\features\z_v\tvE_DucE0_k_003.pt
tw2xFbfgV4U_000,mosei_real,0,mosei_tw2xFbfgV4U_000,,,-1,1,1,1,D:\Documents\Programming\Thesis_G10\data\raw\CMU-MOSEI\segments\tw2xFbfgV4U_000.mp4,data\preprocessed\features\z_at\tw2xFbfgV4U_000.pt,data\preprocessed\features\z_v\tw2xFbfgV4U_000.pt
tw2xFbfgV4U_001,mosei_real,0,mosei_tw2xFbfgV4U_001,,,-1,1,1,1,D:\Documents\Programming\Thesis_G10\data\raw\CMU-MOSEI\segments\tw2xFbfgV4U_001.mp4,data\preprocessed\features\z_at\tw2xFbfgV4U_001.pt,data\preprocessed\features\z_v\tw2xFbfgV4U_001.pt
tw2xFbfgV4U_005,mosei_real,0,mosei_tw2xFbfgV4U_005,,,-1,1,1,1,D:\Documents\Programming\Thesis_G10\data\raw\CMU-MOSEI\segments\tw2xFbfgV4U_005.mp4,data\preprocessed\features\z_at\tw2xFbfgV4U_005.pt,data\preprocessed\features\z_v\tw2xFbfgV4U_005.pt
tw2xFbfgV4U_006,mosei_real,0,mosei_tw2xFbfgV4U_006,,,-1,1,1,1,D:\Documents\Programming\Thesis_G10\data\raw\CMU-MOSEI\segments\tw2xFbfgV4U_006.mp4,data\preprocessed\features\z_at\tw2xFbfgV4U_006.pt,data\preprocessed\features\z_v\tw2xFbfgV4U_006.pt
txjqbr6FoZs_003,mosei_real,0,mosei_txjqbr6FoZs_003,,,-1,1,1,1,D:\Documents\Programming\Thesis_G10\data\raw\CMU-MOSEI\segments\txjqbr6FoZs_003.mp4,data\preprocessed\features\z_at\txjqbr6FoZs_003.pt,data\preprocessed\features\z_v\txjqbr6FoZs_003.pt
txjqbr6FoZs_007,mosei_real,0,mosei_txjqbr6FoZs_007,,,-1,1,1,1,D:\Documents\Programming\Thesis_G10\data\raw\CMU-MOSEI\segments\txjqbr6FoZs_007.mp4,data\preprocessed\features\z_at\txjqbr6FoZs_007.pt,data\preprocessed\features\z_v\txjqbr6FoZs_007.pt
tymso_pAxhk_002,mosei_real,0,mosei_tymso_pAxhk_002,,,-1,1,1,1,D:\Documents\Programming\Thesis_G10\data\raw\CMU-MOSEI\segments\tymso_pAxhk_002.mp4,data\preprocessed\features\z_at\tymso_pAxhk_002.pt,data\preprocessed\features\z_v\tymso_pAxhk_002.pt
u8ViR4L2cVk_001,mosei_real,0,mosei_u8ViR4L2cVk_001,,,-1,1,1,1,D:\Documents\Programming\Thesis_G10\data\raw\CMU-MOSEI\segments\u8ViR4L2cVk_001.mp4,data\preprocessed\features\z_at\u8ViR4L2cVk_001.pt,data\preprocessed\features\z_v\u8ViR4L2cVk_001.pt
u94VPxEIJPg_000,mosei_real,0,mosei_u94VPxEIJPg_000,,,-1,1,1,1,D:\Documents\Programming\Thesis_G10\data\raw\CMU-MOSEI\segments\u94VPxEIJPg_000.mp4,data\preprocessed\features\z_at\u94VPxEIJPg_000.pt,data\preprocessed\features\z_v\u94VPxEIJPg_000.pt
