clip_id,source_pipeline,fake_label,speaker_id,audio_emotion,visual_emotion,sarcasm_label,has_z_at,has_z_v,is_ready_for_training,video_path,z_at_path,z_v_path
F59hwsm4Ld0_000,mosei_real,0,mosei_F59hwsm4Ld0_000,,,-1,1,1,1,D:\Documents\Programming\Thesis_G10\data\raw\CMU-MOSEI\segments\F59hwsm4Ld0_000.mp4,data\preprocessed\features\z_at\F59hwsm4Ld0_000.pt,data\preprocessed\features\z_v\F59hwsm4Ld0_000.pt
F59hwsm4Ld0_001,mosei_real,0,mosei_F59hwsm4Ld0_001,,,-1,1,1,1,D:\Documents\Programming\Thesis_G10\data\raw\CMU-MOSEI\segments\F59hwsm4Ld0_001.mp4,data\preprocessed\features\z_at\F59hwsm4Ld0_001.pt,data\preprocessed\features\z_v\F59hwsm4Ld0_001.pt
F59hwsm4Ld0_003,mosei_real,0,mosei_F59hwsm4Ld0_003,,,-1,1,1,1,D:\Documents\Programming\Thesis_G10\data\raw\CMU-MOSEI\segments\F59hwsm4Ld0_003.mp4,data\preprocessed\features\z_at\F59hwsm4Ld0_003.pt,data\preprocessed\features\z_v\F59hwsm4Ld0_003.pt
F59hwsm4Ld0_007,mosei_real,0,mosei_F59hwsm4Ld0_007,,,-1,1,1,1,D:\Documents\Programming\Thesis_G10\data\raw\CMU-MOSEI\segments\F59hwsm4Ld0_007.mp4,data\preprocessed\features\z_at\F59hwsm4Ld0_007.pt,data\preprocessed\features\z_v\F59hwsm4Ld0_007.pt
F59hwsm4Ld0_008,mosei_real,0,mosei_F59hwsm4Ld0_008,,,-1,1,1,1,D:\Documents\Programming\Thesis_G10\data\raw\CMU-MOSEI\segments\F59hwsm4Ld0_008.mp4,data\preprocessed\features\z_at\F59hwsm4Ld0_008.pt,data\preprocessed\features\z_v\F59hwsm4Ld0_008.pt
F59hwsm4Ld0_009,mosei_real,0,mosei_F59hwsm4Ld0_009,,,-1,1,1,1,D:\Documents\Programming\Thesis_G10\data\raw\CMU-MOSEI\segments\F59hwsm4Ld0_009.mp4,data\preprocessed\features\z_at\F59hwsm4Ld0_009.pt,data\preprocessed\features\z_v\F59hwsm4Ld0_009.pt
F59hwsm4Ld0_010,mosei_real,0,mosei_F59hwsm4Ld0_010,,,-1,1,1,1,D:\Documents\Programming\Thesis_G10\data\raw\CMU-MOSEI\segments\F59hwsm4Ld0_010.mp4,data\preprocessed\features\z_at\F59hwsm4Ld0_010.pt,data\preprocessed\features\z_v\F59hwsm4Ld0_010.pt
F59hwsm4Ld0_011,mosei_real,0,mosei_F59hwsm4Ld0_011,,,-1,1,1,1,D:\Documents\Programming\Thesis_G10\data\raw\CMU-MOSEI\segments\F59hwsm4Ld0_011.mp4,data\preprocessed\features\z_at\F59hwsm4Ld0_011.pt,data\preprocessed\features\z_v\F59hwsm4Ld0_011.pt
F59hwsm4Ld0_012,mosei_real,0,mosei_F59hwsm4Ld0_012,,,-1,1,1,1,D:\Documents\Programming\Thesis_G10\data\raw\CMU-MOSEI\segments\F59hwsm4Ld0_012.mp4,data\preprocessed\features\z_at\F59hwsm4Ld0_012.pt,data\preprocessed\features\z_v\F59hwsm4Ld0_012.pt
F59hwsm4Ld0_013,mosei_real,0,mosei_F59hwsm4Ld0_013,,,-1,1,1,1,D:\Documents\Programming\Thesis_G10\data\raw\CMU-MOSEI\segments\F59hwsm4Ld0_013.mp4,data\preprocessed\features\z_at\F59hwsm4Ld0_013.pt,data\preprocessed\features\z_v\F59hwsm4Ld0_013.pt
F59hwsm4Ld0_014,mosei_real,0,mosei_F59hwsm4Ld0_014,,,-1,1,1,1,D:\Documents\Programming\Thesis_G10\data\raw\CMU-MOSEI\segments\F59hwsm4Ld0_014.mp4,data\preprocessed\features\z_at\F59hwsm4Ld0_014.pt,data\preprocessed\features\z_v\F59hwsm4Ld0_014.pt
F59hwsm4Ld0_015,mosei_real,0,mosei_F59hwsm4Ld0_015,,,-1,1,1,1,D:\Documents\Programming\Thesis_G10\data\raw\CMU-MOSEI\segments\F59hwsm4Ld0_015.mp4,data\preprocessed\features\z_at\F59hwsm4Ld0_015.pt,data\preprocessed\features\z_v\F59hwsm4Ld0_015.pt
F59hwsm4Ld0_016,mosei_real,0,mosei_F59hwsm4Ld0_016,,,-1,1,1,1,D:\Documents\Programming\Thesis_G10\data\raw\CMU-MOSEI\segments\F59hwsm4Ld0_016.mp4,data\preprocessed\features\z_at\F59hwsm4Ld0_016.pt,data\preprocessed\features\z_v\F59hwsm4Ld0_016.pt
F59hwsm4Ld0_017,mosei_real,0,mosei_F59hwsm4Ld0_017,,,-1,1,1,1,D:\Documents\Programming\Thesis_G10\data\raw\CMU-MOSEI\segments\F59hwsm4Ld0_017.mp4,data\preprocessed\features\z_at\F59hwsm4Ld0_017.pt,data\preprocessed\features\z_v\F59hwsm4Ld0_017.pt
F59hwsm4Ld0_018,mosei_real,0,mosei_F59hwsm4Ld0_018,,,-1,1,1,1,D:\Documents\Programming\Thesis_G10\data\raw\CMU-MOSEI\segments\F59hwsm4Ld0_018.mp4,data\preprocessed\features\z_at\F59hwsm4Ld0_018.pt,data\preprocessed\features\z_v\F59hwsm4Ld0_018.pt
F59hwsm4Ld0_019,mosei_real,0,mosei_F59hwsm4Ld0_019,,,-1,1,1,1,D:\Documents\Programming\Thesis_G10\data\raw\CMU-MOSEI\segments\F59hwsm4Ld0_019.mp4,data\preprocessed\features\z_at\F59hwsm4Ld0_019.pt,data\preprocessed\features\z_v\F59hwsm4Ld0_019.pt
F59hwsm4Ld0_020,mosei_real,0,mosei_F59hwsm4Ld0_020,,,-1,1,1,1,D:\Documents\Programming\Thesis_G10\data\raw\CMU-MOSEI\segments\F59hwsm4Ld0_020.mp4,data\preprocessed\features\z_at\F59hwsm4Ld0_020.pt,data\preprocessed\features\z_v\F59hwsm4Ld0_020.pt
F59hwsm4Ld0_023,mosei_real,0,mosei_F59hwsm4Ld0_023,,,-1,1,1,1,D:\Documents\Programming\Thesis_G10\data\raw\CMU-MOSEI\segments\F59hwsm4Ld0_023.mp4,data\preprocessed\features\z_at\F59hwsm4Ld0_023.pt,data\preprocessed\features\z_v\F59hwsm4Ld0_023.pt
F59hwsm4Ld0_026,mosei_real,0,mosei_F59hwsm4Ld0_026,,,-1,1,1,1,D:\Documents\Programming\Thesis_G10\data\raw\CMU-MOSEI\segments\F59hwsm4Ld0_026.mp4,data\preprocessed\features\z_at\F59hwsm4Ld0_026.pt,data\preprocessed\features\z_v\F59hwsm4Ld0_026.pt
F59hwsm4Ld0_027,mosei_real,0,mosei_F59hwsm4Ld0_027,,,-1,1,1,1,D:\Documents\Programming\Thesis_G10\data\raw\CMU-MOSEI\segments\F59hwsm4Ld0_027.mp4,data\preprocessed\features\z_at\F59hwsm4Ld0_027.pt,data\preprocessed\features\z_v\F59hwsm4Ld0_027.pt
F59hwsm4Ld0_029,mosei_real,0,mosei_F59hwsm4Ld0_029,,,-1,1,1,1,D:\Documents\Programming\Thesis_G10\data\raw\CMU-MOSEI\segments\F59hwsm4Ld0_029.mp4,data\preprocessed\features\z_at\F59hwsm4Ld0_029.pt,data\preprocessed\features\z_v\F59hwsm4Ld0_029.pt
F59hwsm4Ld0_030,mosei_real,0,mosei_F59hwsm4Ld0_030,,,-1,1,1,1,D:\Documents\Programming\Thesis_G10\data\raw\CMU-MOSEI\segments\F59hwsm4Ld0_030.mp4,data\preprocessed\features\z_at\F59hwsm4Ld0_030.pt,data\preprocessed\features\z_v\F59hwsm4Ld0_030.pt
F59hwsm4Ld0_032,mosei_real,0,mosei_F59hwsm4Ld0_032,,,-1,1,1,1,D:\Documents\Programming\Thesis_G10\data\raw\CMU-MOSEI\segments\F59hwsm4Ld0_032.mp4,data\preprocessed\features\z_at\F59hwsm4Ld0_032.pt,data\preprocessed\features\z_v\F59hwsm4Ld0_032.pt
F59hwsm4Ld0_033,mosei_real,0,mosei_F59hwsm4Ld0_033,,,-1,1,1,1,D:\Documents\Programming\Thesis_G10\data\raw\CMU-MOSEI\segments\F59hwsm4Ld0_033.mp4,data\preprocessed\features\z_at\F59hwsm4Ld0_033.pt,data\preprocessed\features\z_v\F59hwsm4Ld0_033.pt
F59hwsm4Ld0_034,mosei_real,0,mosei_F59hwsm4Ld0_034,,,-1,1,1,1,D:\Documents\Programming\Thesis_G10\data\raw\CMU-MOSEI\segments\F59hwsm4Ld0_034.mp4,data\preprocessed\features\z_at\F59hwsm4Ld0_034.pt,data\preprocessed\features\z_v\F59hwsm4Ld0_034.pt
F59hwsm4Ld0_035,mosei_real,0,mosei_F59hwsm4Ld0_035,,,-1,1,1,1,D:\Documents\Programming\Thesis_G10\data\raw\CMU-MOSEI\segments\F59hwsm4Ld0_035.mp4,data\preprocessed\features\z_at\F59hwsm4Ld0_035.pt,data\preprocessed\features\z_v\F59hwsm4Ld0_035.pt
F59hwsm4Ld0_036,mosei_real,0,mosei_F59hwsm4Ld0_036,,,-1,1,1,1,D:\Documents\Programming\Thesis_G10\data\raw\CMU-MOSEI\segments\F59hwsm4Ld0_036.mp4,data\preprocessed\features\z_at\F59hwsm4Ld0_036.pt,data\preprocessed\features\z_v\F59hwsm4Ld0_036.pt
F59hwsm4Ld0_037,mosei_real,0,mosei_F59hwsm4Ld0_037,,,-1,1,1,1,D:\Documents\Programming\Thesis_G10\data\raw\CMU-MOSEI\segments\F59hwsm4Ld0_037.mp4,data\preprocessed\features\z_at\F59hwsm4Ld0_037.pt,data\preprocessed\features\z_v\F59hwsm4Ld0_037.pt
F59hwsm4Ld0_038,mosei_real,0,mosei_F59hwsm4Ld0_038,,,-1,1,1,1,D:\Documents\Programming\Thesis_G10\data\raw\CMU-MOSEI\segments\F59hwsm4Ld0_038.mp4,data\preprocessed\features\z_at\F59hwsm4Ld0_038.pt,data\preprocessed\features\z_v\F59hwsm4Ld0_038.pt
F59hwsm4Ld0_039,mosei_real,0,mosei_F59hwsm4Ld0_039,,,-1,1,1,1,D:\Documents\Programming\Thesis_G10\data\raw\CMU-MOSEI\segments\F59hwsm4Ld0_039.mp4,data\preprocessed\features\z_at\F59hwsm4Ld0_039.pt,data\preprocessed\features\z_v\F59hwsm4Ld0_039.pt
F59hwsm4Ld0_041,mosei_real,0,mosei_F59hwsm4Ld0_041,,,-1,1,1,1,D:\Documents\Programming\Thesis_G10\data\raw\CMU-MOSEI\segments\F59hwsm4Ld0_041.mp4,data\preprocessed\features\z_at\F59hwsm4Ld0_041.pt,data\preprocessed\features\z_v\F59hwsm4Ld0_041.pt
F59hwsm4Ld0_044,mosei_real,0,mosei_F59hwsm4Ld0_044,,,-1,1,1,1,D:\Documents\Programming\Thesis_G10\data\raw\CMU-MOSEI\segments\F59hwsm4Ld0_044.mp4,data\preprocessed\features\z_at\F59hwsm4Ld0_044.pt,data\preprocessed\features\z_v\F59hwsm4Ld0_044.pt
F6JV-K840EY_000,mosei_real,0,mosei_F6JV-K840EY_000,,,-1,1,1,1,D:\Documents\Programming\Thesis_G10\data\raw\CMU-MOSEI\segments\F6JV-K840EY_000.mp4,data\preprocessed\features\z_at\F6JV-K840EY_000.pt,data\preprocessed\features\z_v\F6JV-K840EY_000.pt
F6JV-K840EY_001,mosei_real,0,mosei_F6JV-K840EY_001,,,-1,1,1,1,D:\Documents\Programming\Thesis_G10\data\raw\CMU-MOSEI\segments\F6JV-K840EY_001.mp4,data\preprocessed\features\z_at\F6JV-K840EY_001.pt,data\preprocessed\features\z_v\F6JV-K840EY_001.pt
F6JV-K840EY_002,mosei_real,0,mosei_F6JV-K840EY_002,,,-1,1,1,1,D:\Documents\Programming\Thesis_G10\data\raw\CMU-MOSEI\segments\F6JV-K840EY_002.mp4,data\preprocessed\features\z_at\F6JV-K840EY_002.pt,data\preprocessed\features\z_v\F6JV-K840EY_002.pt
F8eQI8E-6q4_002,mosei_real,0,mosei_F8eQI8E-6q4_002,,,-1,1,1,1,D:\Documents\Programming\Thesis_G10\data\raw\CMU-MOSEI\segments\F8eQI8E-6q4_002.mp4,data\preprocessed\features\z_at\F8eQI8E-6q4_002.pt,data\preprocessed\features\z_v\F8eQI8E-6q4_002.pt
FB_b1dm0SRY_000,mosei_real,0,mosei_FB_b1dm0SRY_000,,,-1,1,1,1,D:\Documents\Programming\Thesis_G10\data\raw\CMU-MOSEI\segments\FB_b1dm0SRY_000.mp4,data\preprocessed\features\z_at\FB_b1dm0SRY_000.pt,data\preprocessed\features\z_v\FB_b1dm0SRY_000.pt
FB_b1dm0SRY_006,mosei_real,0,mosei_FB_b1dm0SRY_006,,,-1,1,1,1,D:\Documents\Programming\Thesis_G10\data\raw\CMU-MOSEI\segments\FB_b1dm0SRY_006.mp4,data\preprocessed\features\z_at\FB_b1dm0SRY_006.pt,data\preprocessed\features\z_v\FB_b1dm0SRY_006.pt
FB_b1dm0SRY_007,mosei_real,0,mosei_FB_b1dm0SRY_007,,,-1,1,1,1,D:\Documents\Programming\Thesis_G10\data\raw\CMU-MOSEI\segments\FB_b1dm0SRY_007.mp4,data\preprocessed\features\z_at\FB_b1dm0SRY_007.pt,data\preprocessed\features\z_v\FB_b1dm0SRY_007.pt
FB_b1dm0SRY_008,mosei_real,0,mosei_FB_b1dm0SRY_008,,,-1,1,1,1,D:\Documents\Programming\Thesis_G10\data\raw\CMU-MOSEI\segments\FB_b1dm0SRY_008.mp4,data\preprocessed\features\z_at\FB_b1dm0SRY_008.pt,data\preprocessed\features\z_v\FB_b1dm0SRY_008.pt
FB_b1dm0SRY_011,mosei_real,0,mosei_FB_b1dm0SRY_011,,,-1,1,1,1,D:\Documents\Programming\Thesis_G10\data\raw\CMU-MOSEI\segments\FB_b1dm0SRY_011.mp4,data\preprocessed\features\z_at\FB_b1dm0SRY_011.pt,data\preprocessed\features\z_v\FB_b1dm0SRY_011.pt
FB_b1dm0SRY_013,mosei_real,0,mosei_FB_b1dm0SRY_013,,,-1,1,1,1,D:\Documents\Programming\Thesis_G10\data\raw\CMU-MOSEI\segments\FB_b1dm0SRY_013.mp4,data\preprocessed\features\z_at\FB_b1dm0SRY_013.pt,data\preprocessed\features\z_v\FB_b1dm0SRY_013.pt
FHDVQkU-nGI_000,mosei_real,0,mosei_FHDVQkU-nGI_000,,,-1,1,1,1,D:\Documents\Programming\Thesis_G10\data\raw\CMU-MOSEI\segments\FHDVQkU-nGI_000.mp4,data\preprocessed\features\z_at\FHDVQkU-nGI_000.pt,data\preprocessed\features\z_v\FHDVQkU-nGI_000.pt
FHDVQkU-nGI_001,mosei_real,0,mosei_FHDVQkU-nGI_001,,,-1,1,1,1,D:\Documents\Programming\Thesis_G10\data\raw\CMU-MOSEI\segments\FHDVQkU-nGI_001.mp4,data\preprocessed\features\z_at\FHDVQkU-nGI_001.pt,data\preprocessed\features\z_v\FHDVQkU-nGI_001.pt
FHDVQkU-nGI_002,mosei_real,0,mosei_FHDVQkU-nGI_002,,,-1,1,1,1,D:\Documents\Programming\Thesis_G10\data\raw\CMU-MOSEI\segments\FHDVQkU-nGI_002.mp4,data\preprocessed\features\z_at\FHDVQkU-nGI_002.pt,data\preprocessed\features\z_v\FHDVQkU-nGI_002.pt
FHDVQkU-nGI_003,mosei_real,0,mosei_FHDVQkU-nGI_003,,,-1,1,1,1,D:\Documents\Programming\Thesis_G10\data\raw\CMU-MOSEI\segments\FHDVQkU-nGI_003.mp4,data\preprocessed\features\z_at\FHDVQkU-nGI_003.pt,data\preprocessed\features\z_v\FHDVQkU-nGI_003.pt
FHDVQkU-nGI_004,mosei_real,0,mosei_FHDVQkU-nGI_004,,,-1,1,1,1,D:\Documents\Programming\Thesis_G10\data\raw\CMU-MOSEI\segments\FHDVQkU-nGI_004.mp4,data\preprocessed\features\z_at\FHDVQkU-nGI_004.pt,data\preprocessed\features\z_v\FHDVQkU-nGI_004.pt
FHDVQkU-nGI_006,mosei_real,0,mosei_FHDVQkU-nGI_006,,,-1,1,1,1,D:\Documents\Programming\Thesis_G10\data\raw\CMU-MOSEI\segments\FHDVQkU-nGI_006.mp4,data\preprocessed\features\z_at\FHDVQkU-nGI_006.pt,data\preprocessed\features\z_v\FHDVQkU-nGI_006.pt
FHDVQkU-nGI_007,mosei_real,0,mosei_FHDVQkU-nGI_007,,,-1,1,1,1,D:\Documents\Programming\Thesis_G10\data\raw\CMU-MOSEI\segments\FHDVQkU-nGI_007.mp4,data\preprocessed\features\z_at\FHDVQkU-nGI_007.pt,data\preprocessed\features\z_v\FHDVQkU-nGI_007.pt
FHlzZ2VxuGQ_007,mosei_real,0,mosei_FHlzZ2VxuGQ_007,,,-1,1,1,1,D:\Documents\Programming\Thesis_G10\data\raw\CMU-MOSEI\segments\FHlzZ2VxuGQ_007.mp4,data\preprocessed\features\z_at\FHlzZ2VxuGQ_007.pt,data\preprocessed\features\z_v\FHlzZ2VxuGQ_007.pt
FLyWn2DCci4_002,mosei_real,0,mosei_FLyWn2DCci4_002,,,-1,1,1,1,D:\Documents\Programming\Thesis_G10\data\raw\CMU-MOSEI\segments\FLyWn2DCci4_002.mp4,data\preprocessed\features\z_at\FLyWn2DCci4_002.pt,data\preprocessed\features\z_v\FLyWn2DCci4_002.pt
FMW6diQ9rMo_000,mosei_real,0,mosei_FMW6diQ9rMo_000,,,-1,1,1,1,D:\Documents\Programming\Thesis_G10\data\raw\CMU-MOSEI\segments\FMW6diQ9rMo_000.mp4,data\preprocessed\features\z_at\FMW6diQ9rMo_000.pt,data\preprocessed\features\z_v\FMW6diQ9rMo_000.pt
FMW6diQ9rMo_002,mosei_real,0,mosei_FMW6diQ9rMo_002,,,-1,1,1,1,D:\Documents\Programming\Thesis_G10\data\raw\CMU-MOSEI\segments\FMW6diQ9rMo_002.mp4,data\preprocessed\features\z_at\FMW6diQ9rMo_002.pt,data\preprocessed\features\z_v\FMW6diQ9rMo_002.pt
FMW6diQ9rMo_003,mosei_real,0,mosei_FMW6diQ9rMo_003,,,-1,1,1,1,D:\Documents\Programming\Thesis_G10\data\raw\CMU-MOSEI\segments\FMW6diQ9rMo_003.mp4,data\preprocessed\features\z_at\FMW6diQ9rMo_003.pt,data\preprocessed\features\z_v\FMW6diQ9rMo_003.pt
FMW6diQ9rMo_005,mosei_real,0,mosei_FMW6diQ9rMo_005,,,-1,1,1,1,D:\Documents\Programming\Thesis_G10\data\raw\CMU-MOSEI\segments\FMW6diQ9rMo_005.mp4,data\preprocessed\features\z_at\FMW6diQ9rMo_005.pt,data\preprocessed\features\z_v\FMW6diQ9rMo_005.pt
FMW6diQ9rMo_006,mosei_real,0,mosei_FMW6diQ9rMo_006,,,-1,1,1,1,D:\Documents\Programming\Thesis_G10\data\raw\CMU-MOSEI\segments\FMW6diQ9rMo_006.mp4,data\preprocessed\features\z_at\FMW6diQ9rMo_006.pt,data\preprocessed\features\z_v\FMW6diQ9rMo_006.pt
FMenDv3y8jc_000,mosei_real,0,mosei_FMenDv3y8jc_000,,,-1,1,1,1,D:\Documents\Programming\Thesis_G10\data\raw\CMU-MOSEI\segments\FMenDv3y8jc_000.mp4,data\preprocessed\features\z_at\FMenDv3y8jc_000.pt,data\preprocessed\features\z_v\FMenDv3y8jc_000.pt
FNbULlE9RKg_000,mosei_real,0,mosei_FNbULlE9RKg_000,,,-1,1,1,1,D:\Documents\Programming\Thesis_G10\data\raw\CMU-MOSEI\segments\FNbULlE9RKg_000.mp4,data\preprocessed\features\z_at\FNbULlE9RKg_000.pt,data\preprocessed\features\z_v\FNbULlE9RKg_000.pt
FNbULlE9RKg_003,mosei_real,0,mosei_FNbULlE9RKg_003,,,-1,1,1,1,D:\Documents\Programming\Thesis_G10\data\raw\CMU-MOSEI\segments\FNbULlE9RKg_003.mp4,data\preprocessed\features\z_at\FNbULlE9RKg_003.pt,data\preprocessed\features\z_v\FNbULlE9RKg_003.pt
FOMXt3lStco_000,mosei_real,0,mosei_FOMXt3lStco_000,,,-1,1,1,1,D:\Documents\Programming\Thesis_G10\data\raw\CMU-MOSEI\segments\FOMXt3lStco_000.mp4,data\preprocessed\features\z_at\FOMXt3lStco_000.pt,data\preprocessed\features\z_v\FOMXt3lStco_000.pt
FP3o75bpi8k_002,mosei_real,0,mosei_FP3o75bpi8k_002,,,-1,1,1,1,D:\Documents\Programming\Thesis_G10\data\raw\CMU-MOSEI\segments\FP3o75bpi8k_002.mp4,data\preprocessed\features\z_at\FP3o75bpi8k_002.pt,data\preprocessed\features\z_v\FP3o75bpi8k_002.pt
FR0B64ID-hA_001,mosei_real,0,mosei_FR0B64ID-hA_001,,,-1,1,1,1,D:\Documents\Programming\Thesis_G10\data\raw\CMU-MOSEI\segments\FR0B64ID-hA_001.mp4,data\preprocessed\features\z_at\FR0B64ID-hA_001.pt,data\preprocessed\features\z_v\FR0B64ID-hA_001.pt
FRKwvmrwrZA_002,mosei_real,0,mosei_FRKwvmrwrZA_002,,,-1,1,1,1,D:\Documents\Programming\Thesis_G10\data\raw\CMU-MOSEI\segments\FRKwvmrwrZA_002.mp4,data\preprocessed\features\z_at\FRKwvmrwrZA_002.pt,data\preprocessed\features\z_v\FRKwvmrwrZA_002.pt
FRKwvmrwrZA_004,mosei_real,0,mosei_FRKwvmrwrZA_004,,,-1,1,1,1,D:\Documents\Programming\Thesis_G10\data\raw\CMU-MOSEI\segments\FRKwvmrwrZA_004.mp4,data\preprocessed\features\z_at\FRKwvmrwrZA_004.pt,data\preprocessed\features\z_v\FRKwvmrwrZA_004.pt
FRKwvmrwrZA_005,mosei_real,0,mosei_FRKwvmrwrZA_005,,,-1,1,1,1,D:\Documents\Programming\Thesis_G10\data\raw\CMU-MOSEI\segments\FRKwvmrwrZA_005.mp4,data\preprocessed\features\z_at\FRKwvmrwrZA_005.pt,data\preprocessed\features\z_v\FRKwvmrwrZA_005.pt
FRKwvmrwrZA_006,mosei_real,0,mosei_FRKwvmrwrZA_006,,,-1,1,1,1,D:\Documents\Programming\Thesis_G10\data\raw\CMU-MOSEI\segments\FRKwvmrwrZA_006.mp4,data\preprocessed\features\z_at\FRKwvmrwrZA_006.pt,data\preprocessed\features\z_v\FRKwvmrwrZA_006.pt
FRKwvmrwrZA_010,mosei_real,0,mosei_FRKwvmrwrZA_010,,,-1,1,1,1,D:\Documents\Programming\Thesis_G10\data\raw\CMU-MOSEI\segments\FRKwvmrwrZA_010.mp4,data\preprocessed\features\z_at\FRKwvmrwrZA_010.pt,data\preprocessed\features\z_v\FRKwvmrwrZA_010.pt
FSGL5K2EEdo_000,mosei_real,0,mosei_FSGL5K2EEdo_000,,,-1,1,1,1,D:\Documents\Programming\Thesis_G10\data\raw\CMU-MOSEI\segments\FSGL5K2EEdo_000.mp4,data\preprocessed\features\z_at\FSGL5K2EEdo_000.pt,data\preprocessed\features\z_v\FSGL5K2EEdo_000.pt
FSGL5K2EEdo_001,mosei_real,0,mosei_FSGL5K2EEdo_001,,,-1,1,1,1,D:\Documents\Programming\Thesis_G10\data\raw\CMU-MOSEI\segments\FSGL5K2EEdo_001.mp4,data\preprocessed\features\z_at\FSGL5K2EEdo_001.pt,data\preprocessed\features\z_v\FSGL5K2EEdo_001.pt
FWBCTZiijEM_000,mosei_real,0,mosei_FWBCTZiijEM_000,,,-1,1,1,1,D:\Documents\Programming\Thesis_G10\data\raw\CMU-MOSEI\segments\FWBCTZiijEM_000.mp4,data\preprocessed\features\z_at\FWBCTZiijEM_000.pt,data\preprocessed\features\z_v\FWBCTZiijEM_000.pt
FWBCTZiijEM_001,mosei_real,0,mosei_FWBCTZiijEM_001,,,-1,1,1,1,D:\Documents\Programming\Thesis_G10\data\raw\CMU-MOSEI\segments\FWBCTZiijEM_001.mp4,data\preprocessed\features\z_at\FWBCTZiijEM_001.pt,data\preprocessed\features\z_v\FWBCTZiijEM_001.pt
FX87sfrE47w_000,mosei_real,0,mosei_FX87sfrE47w_000,,,-1,1,1,1,D:\Documents\Programming\Thesis_G10\data\raw\CMU-MOSEI\segments\FX87sfrE47w_000.mp4,data\preprocessed\features\z_at\FX87sfrE47w_000.pt,data\preprocessed\features\z_v\FX87sfrE47w_000.pt
FX87sfrE47w_001,mosei_real,0,mosei_FX87sfrE47w_001,,,-1,1,1,1,D:\Documents\Programming\Thesis_G10\data\raw\CMU-MOSEI\segments\FX87sfrE47w_001.mp4,data\preprocessed\features\z_at\FX87sfrE47w_001.pt,data\preprocessed\features\z_v\FX87sfrE47w_001.pt
F_YaG_pvZrA_001,mosei_real,0,mosei_F_YaG_pvZrA_001,,,-1,1,1,1,D:\Documents\Programming\Thesis_G10\data\raw\CMU-MOSEI\segments\F_YaG_pvZrA_001.mp4,data\preprocessed\features\z_at\F_YaG_pvZrA_001.pt,data\preprocessed\features\z_v\F_YaG_pvZrA_001.pt
F_YaG_pvZrA_003,mosei_real,0,mosei_F_YaG_pvZrA_003,,,-1,1,1,1,D:\Documents\Programming\Thesis_G10\data\raw\CMU-MOSEI\segments\F_YaG_pvZrA_003.mp4,data\preprocessed\features\z_at\F_YaG_pvZrA_003.pt,data\preprocessed\features\z_v\F_YaG_pvZrA_003.pt
FdTczBnXtYU_002,mosei_real,0,mosei_FdTczBnXtYU_002,,,-1,1,1,1,D:\Documents\Programming\Thesis_G10\data\raw\CMU-MOSEI\segments\FdTczBnXtYU_002.mp4,data\preprocessed\features\z_at\FdTczBnXtYU_002.pt,data\preprocessed\features\z_v\FdTczBnXtYU_002.pt
FdTczBnXtYU_003,mosei_real,0,mosei_FdTczBnXtYU_003,,,-1,1,1,1,D:\Documents\Programming\Thesis_G10\data\raw\CMU-MOSEI\segments\FdTczBnXtYU_003.mp4,data\preprocessed\features\z_at\FdTczBnXtYU_003.pt,data\preprocessed\features\z_v\FdTczBnXtYU_003.pt
FfavRdRKsAQ_001,mosei_real,0,mosei_FfavRdRKsAQ_001,,,-1,1,1,1,D:\Documents\Programming\Thesis_G10\data\raw\CMU-MOSEI\segments\FfavRdRKsAQ_001.mp4,data\preprocessed\features\z_at\FfavRdRKsAQ_001.pt,data\preprocessed\features\z_v\FfavRdRKsAQ_001.pt
FfavRdRKsAQ_005,mosei_real,0,mosei_FfavRdRKsAQ_005,,,-1,1,1,1,D:\Documents\Programming\Thesis_G10\data\raw\CMU-MOSEI\segments\FfavRdRKsAQ_005.mp4,data\preprocessed\features\z_at\FfavRdRKsAQ_005.pt,data\preprocessed\features\z_v\FfavRdRKsAQ_005.pt
FfavRdRKsAQ_007,mosei_real,0,mosei_FfavRdRKsAQ_007,,,-1,1,1,1,D:\Documents\Programming\Thesis_G10\data\raw\CMU-MOSEI\segments\FfavRdRKsAQ_007.mp4,data\preprocessed\features\z_at\FfavRdRKsAQ_007.pt,data\preprocessed\features\z_v\FfavRdRKsAQ_007.pt
FfavRdRKsAQ_009,mosei_real,0,mosei_FfavRdRKsAQ_009,,,-1,1,1,1,D:\Documents\Programming\Thesis_G10\data\raw\CMU-MOSEI\segments\FfavRdRKsAQ_009.mp4,data\preprocessed\features\z_at\FfavRdRKsAQ_009.pt,data\preprocessed\features\z_v\FfavRdRKsAQ_009.pt
FmIS69vB12I_000,mosei_real,0,mosei_FmIS69vB12I_000,,,-1,1,1,1,D:\Documents\Programming\Thesis_G10\data\raw\CMU-MOSEI\segments\FmIS69vB12I_000.mp4,data\preprocessed\features\z_at\FmIS69vB12I_000.pt,data\preprocessed\features\z_v\FmIS69vB12I_000.pt
FmIS69vB12I_001,mosei_real,0,mosei_FmIS69vB12I_001,,,-1,1,1,1,D:\Documents\Programming\Thesis_G10\data\raw\CMU-MOSEI\segments\FmIS69vB12I_001.mp4,data\preprocessed\features\z_at\FmIS69vB12I_001.pt,data\preprocessed\features\z_v\FmIS69vB12I_001.pt
FmIS69vB12I_002,mosei_real,0,mosei_FmIS69vB12I_002,,,-1,1,1,1,D:\Documents\Programming\Thesis_G10\data\raw\CMU-MOSEI\segments\FmIS69vB12I_002.mp4,data\preprocessed\features\z_at\FmIS69vB12I_002.pt,data\preprocessed\features\z_v\FmIS69vB12I_002.pt
FmIS69vB12I_003,mosei_real,0,mosei_FmIS69vB12I_003,,,-1,1,1,1,D:\Documents\Programming\Thesis_G10\data\raw\CMU-MOSEI\segments\FmIS69vB12I_003.mp4,data\preprocessed\features\z_at\FmIS69vB12I_003.pt,data\preprocessed\features\z_v\FmIS69vB12I_003.pt
FmIS69vB12I_004,mosei_real,0,mosei_FmIS69vB12I_004,,,-1,1,1,1,D:\Documents\Programming\Thesis_G10\data\raw\CMU-MOSEI\segments\FmIS69vB12I_004.mp4,data\preprocessed\features\z_at\FmIS69vB12I_004.pt,data\preprocessed\features\z_v\FmIS69vB12I_004.pt
FmIS69vB12I_005,mosei_real,0,mosei_FmIS69vB12I_005,,,-1,1,1,1,D:\Documents\Programming\Thesis_G10\data\raw\CMU-MOSEI\segments\FmIS69vB12I_005.mp4,data\preprocessed\features\z_at\FmIS69vB12I_005.pt,data\preprocessed\features\z_v\FmIS69vB12I_005.pt
FmIS69vB12I_006,mosei_real,0,mosei_FmIS69vB12I_006,,,-1,1,1,1,D:\Documents\Programming\Thesis_G10\data\raw\CMU-MOSEI\segments\FmIS69vB12I_006.mp4,data\preprocessed\features\z_at\FmIS69vB12I_006.pt,data\preprocessed\features\z_v\FmIS69vB12I_006.pt
FmIS69vB12I_007,mosei_real,0,mosei_FmIS69vB12I_007,,,-1,1,1,1,D:\Documents\Programming\Thesis_G10\data\raw\CMU-MOSEI\segments\FmIS69vB12I_007.mp4,data\preprocessed\features\z_at\FmIS69vB12I_007.pt,data\preprocessed\features\z_v\FmIS69vB12I_007.pt
FmIS69vB12I_008,mosei_real,0,mosei_FmIS69vB12I_008,,,-1,1,1,1,D:\Documents\Programming\Thesis_G10\data\raw\CMU-MOSEI\segments\FmIS69vB12I_008.mp4,data\preprocessed\features\z_at\FmIS69vB12I_008.pt,data\preprocessed\features\z_v\FmIS69vB12I_008.pt
FmIS69vB12I_009,mosei_real,0,mosei_FmIS69vB12I_009,,,-1,1,1,1,D:\Documents\Programming\Thesis_G10\data\raw\CMU-MOSEI\segments\FmIS69vB12I_009.mp4,data\preprocessed\features\z_at\FmIS69vB12I_009.pt,data\preprocessed\features\z_v\FmIS69vB12I_009.pt
FmIS69vB12I_010,mosei_real,0,mosei_FmIS69vB12I_010,,,-1,1,1,1,D:\Documents\Programming\Thesis_G10\data\raw\CMU-MOSEI\segments\FmIS69vB12I_010.mp4,data\preprocessed\features\z_at\FmIS69vB12I_010.pt,data\preprocessed\features\z_v\FmIS69vB12I_010.pt
FmIS69vB12I_011,mosei_real,0,mosei_FmIS69vB12I_011,,,-1,1,1,1,D:\Documents\Programming\Thesis_G10\data\raw\CMU-MOSEI\segments\FmIS69vB12I_011.mp4,data\preprocessed\features\z_at\FmIS69vB12I_011.pt,data\preprocessed\features\z_v\FmIS69vB12I_011.pt
Fmwc7wkIc4Q_000,mosei_real,0,mosei_Fmwc7wkIc4Q_000,,,-1,1,1,1,D:\Documents\Programming\Thesis_G10\data\raw\CMU-MOSEI\segments\Fmwc7wkIc4Q_000.mp4,data\preprocessed\features\z_at\Fmwc7wkIc4Q_000.pt,data\preprocessed\features\z_v\Fmwc7wkIc4Q_000.pt
Fmwc7wkIc4Q_002,mosei_real,0,mosei_Fmwc7wkIc4Q_002,,,-1,1,1,1,D:\Documents\Programming\Thesis_G10\data\raw\CMU-MOSEI\segments\Fmwc7wkIc4Q_002.mp4,data\preprocessed\features\z_at\Fmwc7wkIc4Q_002.pt,data\preprocessed\features\z_v\Fmwc7wkIc4Q_002.pt
Fmwc7wkIc4Q_003,mosei_real,0,mosei_Fmwc7wkIc4Q_003,,,-1,1,1,1,D:\Documents\Programming\Thesis_G10\data\raw\CMU-MOSEI\segments\Fmwc7wkIc4Q_003.mp4,data\preprocessed\features\z_at\Fmwc7wkIc4Q_003.pt,data\preprocessed\features\z_v\Fmwc7wkIc4Q_003.pt
Fmwc7wkIc4Q_004,mosei_real,0,mosei_Fmwc7wkIc4Q_004,,,-1,1,1,1,D:\Documents\Programming\Thesis_G10\data\raw\CMU-MOSEI\segments\Fmwc7wkIc4Q_004.mp4,data\preprocessed\features\z_at\Fmwc7wkIc4Q_004.pt,data\preprocessed\features\z_v\Fmwc7wkIc4Q_004.pt
Fmwc7wkIc4Q_005,mosei_real,0,mosei_Fmwc7wkIc4Q_005,,,-1,1,1,1,D:\Documents\Programming\Thesis_G10\data\raw\CMU-MOSEI\segments\Fmwc7wkIc4Q_005.mp4,data\preprocessed\features\z_at\Fmwc7wkIc4Q_005.pt,data\preprocessed\features\z_v\Fmwc7wkIc4Q_005.pt
Fmwc7wkIc4Q_009,mosei_real,0,mosei_Fmwc7wkIc4Q_009,,,-1,1,1,1,D:\Documents\Programming\Thesis_G10\data\raw\CMU-MOSEI\segments\Fmwc7wkIc4Q_009.mp4,data\preprocessed\features\z_at\Fmwc7wkIc4Q_009.pt,data\preprocessed\features\z_v\Fmwc7wkIc4Q_009.pt
Fmwc7wkIc4Q_011,mosei_real,0,mosei_Fmwc7wkIc4Q_011,,,-1,1,1,1,D:\Documents\Programming\Thesis_G10\data\raw\CMU-MOSEI\segments\Fmwc7wkIc4Q_011.mp4,data\preprocessed\features\z_at\Fmwc7wkIc4Q_011.pt,data\preprocessed\features\z_v\Fmwc7wkIc4Q_011.pt
Fmwc7wkIc4Q_012,mosei_real,0,mosei_Fmwc7wkIc4Q_012,,,-1,1,1,1,D:\Documents\Programming\Thesis_G10\data\raw\CMU-MOSEI\segments\Fmwc7wkIc4Q_012.mp4,data\preprocessed\features\z_at\Fmwc7wkIc4Q_012.pt,data\preprocessed\features\z_v\Fmwc7wkIc4Q_012.pt
FqEekswKPWE_003,mosei_real,0,mosei_FqEekswKPWE_003,,,-1,1,1,1,D:\Documents\Programming\Thesis_G10\data\raw\CMU-MOSEI\segments\FqEekswKPWE_003.mp4,data\preprocessed\features\z_at\FqEekswKPWE_003.pt,data\preprocessed\features\z_v\FqEekswKPWE_003.pt
FqEekswKPWE_004,mosei_real,0,mosei_FqEekswKPWE_004,,,-1,1,1,1,D:\Documents\Programming\Thesis_G10\data\raw\CMU-MOSEI\segments\FqEekswKPWE_004.mp4,data\preprocessed\features\z_at\FqEekswKPWE_004.pt,data\preprocessed\features\z_v\FqEekswKPWE_004.pt
FsmNLTdE2p0_000,mosei_real,0,mosei_FsmNLTdE2p0_000,,,-1,1,1,1,D:\Documents\Programming\Thesis_G10\data\raw\CMU-MOSEI\segments\FsmNLTdE2p0_000.mp4,data\preprocessed\features\z_at\FsmNLTdE2p0_000.pt,data\preprocessed\features\z_v\FsmNLTdE2p0_000.pt
FvoZgWvc3gc_000,mosei_real,0,mosei_FvoZgWvc3gc_000,,,-1,1,1,1,D:\Documents\Programming\Thesis_G10\data\raw\CMU-MOSEI\segments\FvoZgWvc3gc_000.mp4,data\preprocessed\features\z_at\FvoZgWvc3gc_000.pt,data\preprocessed\features\z_v\FvoZgWvc3gc_000.pt
FvoZgWvc3gc_001,mosei_real,0,mosei_FvoZgWvc3gc_001,,,-1,1,1,1,D:\Documents\Programming\Thesis_G10\data\raw\CMU-MOSEI\segments\FvoZgWvc3gc_001.mp4,data\preprocessed\features\z_at\FvoZgWvc3gc_001.pt,data\preprocessed\features\z_v\FvoZgWvc3gc_001.pt
FvoZgWvc3gc_002,mosei_real,0,mosei_FvoZgWvc3gc_002,,,-1,1,1,1,D:\Documents\Programming\Thesis_G10\data\raw\CMU-MOSEI\segments\FvoZgWvc3gc_002.mp4,data\preprocessed\features\z_at\FvoZgWvc3gc_002.pt,data\preprocessed\features\z_v\FvoZgWvc3gc_002.pt
FvoZgWvc3gc_004,mosei_real,0,mosei_FvoZgWvc3gc_004,,,-1,1,1,1,D:\Documents\Programming\Thesis_G10\data\raw\CMU-MOSEI\segments\FvoZgWvc3gc_004.mp4,data\preprocessed\features\z_at\FvoZgWvc3gc_004.pt,data\preprocessed\features\z_v\FvoZgWvc3gc_004.pt
FxxJB8hBpyQ_000,mosei_real,0,mosei_FxxJB8hBpyQ_000,,,-1,1,1,1,D:\Documents\Programming\Thesis_G10\data\raw\CMU-MOSEI\segments\FxxJB8hBpyQ_000.mp4,data\preprocessed\features\z_at\FxxJB8hBpyQ_000.pt,data\preprocessed\features\z_v\FxxJB8hBpyQ_000.pt
FylhSeozvG8_002,mosei_real,0,mosei_FylhSeozvG8_002,,,-1,1,1,1,D:\Documents\Programming\Thesis_G10\data\raw\CMU-MOSEI\segments\FylhSeozvG8_002.mp4,data\preprocessed\features\z_at\FylhSeozvG8_002.pt,data\preprocessed\features\z_v\FylhSeozvG8_002.pt
FylhSeozvG8_003,mosei_real,0,mosei_FylhSeozvG8_003,,,-1,1,1,1,D:\Documents\Programming\Thesis_G10\data\raw\CMU-MOSEI\segments\FylhSeozvG8_003.mp4,data\preprocessed\features\z_at\FylhSeozvG8_003.pt,data\preprocessed\features\z_v\FylhSeozvG8_003.pt
FylhSeozvG8_005,mosei_real,0,mosei_FylhSeozvG8_005,,,-1,1,1,1,D:\Documents\Programming\Thesis_G10\data\raw\CMU-MOSEI\segments\FylhSeozvG8_005.mp4,data\preprocessed\features\z_at\FylhSeozvG8_005.pt,data\preprocessed\features\z_v\FylhSeozvG8_005.pt
FylhSeozvG8_007,mosei_real,0,mosei_FylhSeozvG8_007,,,-1,1,1,1,D:\Documents\Programming\Thesis_G10\data\raw\CMU-MOSEI\segments\FylhSeozvG8_007.mp4,data\preprocessed\features\z_at\FylhSeozvG8_007.pt,data\preprocessed\features\z_v\FylhSeozvG8_007.pt
FylhSeozvG8_008,mosei_real,0,mosei_FylhSeozvG8_008,,,-1,1,1,1,D:\Documents\Programming\Thesis_G10\data\raw\CMU-MOSEI\segments\FylhSeozvG8_008.mp4,data\preprocessed\features\z_at\FylhSeozvG8_008.pt,data\preprocessed\features\z_v\FylhSeozvG8_008.pt
FylhSeozvG8_009,mosei_real,0,mosei_FylhSeozvG8_009,,,-1,1,1,1,D:\Documents\Programming\Thesis_G10\data\raw\CMU-MOSEI\segments\FylhSeozvG8_009.mp4,data\preprocessed\features\z_at\FylhSeozvG8_009.pt,data\preprocessed\features\z_v\FylhSeozvG8_009.pt
FylhSeozvG8_010,mosei_real,0,mosei_FylhSeozvG8_010,,,-1,1,1,1,D:\Documents\Programming\Thesis_G10\data\raw\CMU-MOSEI\segments\FylhSeozvG8_010.mp4,data\preprocessed\features\z_at\FylhSeozvG8_010.pt,data\preprocessed\features\z_v\FylhSeozvG8_010.pt
FylhSeozvG8_011,mosei_real,0,mosei_FylhSeozvG8_011,,,-1,1,1,1,D:\Documents\Programming\Thesis_G10\data\raw\CMU-MOSEI\segments\FylhSeozvG8_011.mp4,data\preprocessed\features\z_at\FylhSeozvG8_011.pt,data\preprocessed\features\z_v\FylhSeozvG8_011.pt
FylhSeozvG8_012,mosei_real,0,mosei_FylhSeozvG8_012,,,-1,1,1,1,D:\Documents\Programming\Thesis_G10\data\raw\CMU-MOSEI\segments\FylhSeozvG8_012.mp4,data\preprocessed\features\z_at\FylhSeozvG8_012.pt,data\preprocessed\features\z_v\FylhSeozvG8_012.pt
FzxmeVRTjwU_000,mosei_real,0,mosei_FzxmeVRTjwU_000,,,-1,1,1,1,D:\Documents\Programming\Thesis_G10\data\raw\CMU-MOSEI\segments\FzxmeVRTjwU_000.mp4,data\preprocessed\features\z_at\FzxmeVRTjwU_000.pt,data\preprocessed\features\z_v\FzxmeVRTjwU_000.pt
FzxmeVRTjwU_001,mosei_real,0,mosei_FzxmeVRTjwU_001,,,-1,1,1,1,D:\Documents\Programming\Thesis_G10\data\raw\CMU-MOSEI\segments\FzxmeVRTjwU_001.mp4,data\preprocessed\features\z_at\FzxmeVRTjwU_001.pt,data\preprocessed\features\z_v\FzxmeVRTjwU_001.pt
FzxmeVRTjwU_002,mosei_real,0,mosei_FzxmeVRTjwU_002,,,-1,1,1,1,D:\Documents\Programming\Thesis_G10\data\raw\CMU-MOSEI\segments\FzxmeVRTjwU_002.mp4,data\preprocessed\features\z_at\FzxmeVRTjwU_002.pt,data\preprocessed\features\z_v\FzxmeVRTjwU_002.pt
FzxmeVRTjwU_004,mosei_real,0,mosei_FzxmeVRTjwU_004,,,-1,1,1,1,D:\Documents\Programming\Thesis_G10\data\raw\CMU-MOSEI\segments\FzxmeVRTjwU_004.mp4,data\preprocessed\features\z_at\FzxmeVRTjwU_004.pt,data\preprocessed\features\z_v\FzxmeVRTjwU_004.pt
FzxmeVRTjwU_006,mosei_real,0,mosei_FzxmeVRTjwU_006,,,-1,1,1,1,D:\Documents\Programming\Thesis_G10\data\raw\CMU-MOSEI\segments\FzxmeVRTjwU_006.mp4,data\preprocessed\features\z_at\FzxmeVRTjwU_006.pt,data\preprocessed\features\z_v\FzxmeVRTjwU_006.pt
G1Z_JUTgZqo_001,mosei_real,0,mosei_G1Z_JUTgZqo_001,,,-1,1,1,1,D:\Documents\Programming\Thesis_G10\data\raw\CMU-MOSEI\segments\G1Z_JUTgZqo_001.mp4,data\preprocessed\features\z_at\G1Z_JUTgZqo_001.pt,data\preprocessed\features\z_v\G1Z_JUTgZqo_001.pt
G4HMKRdIva0_001,mosei_real,0,mosei_G4HMKRdIva0_001,,,-1,1,1,1,D:\Documents\Programming\Thesis_G10\data\raw\CMU-MOSEI\segments\G4HMKRdIva0_001.mp4,data\preprocessed\features\z_at\G4HMKRdIva0_001.pt,data\preprocessed\features\z_v\G4HMKRdIva0_001.pt
G4HMKRdIva0_003,mosei_real,0,mosei_G4HMKRdIva0_003,,,-1,1,1,1,D:\Documents\Programming\Thesis_G10\data\raw\CMU-MOSEI\segments\G4HMKRdIva0_003.mp4,data\preprocessed\features\z_at\G4HMKRdIva0_003.pt,data\preprocessed\features\z_v\G4HMKRdIva0_003.pt
G4HMKRdIva0_007,mosei_real,0,mosei_G4HMKRdIva0_007,,,-1,1,1,1,D:\Documents\Programming\Thesis_G10\data\raw\CMU-MOSEI\segments\G4HMKRdIva0_007.mp4,data\preprocessed\features\z_at\G4HMKRdIva0_007.pt,data\preprocessed\features\z_v\G4HMKRdIva0_007.pt
G4HMKRdIva0_016,mosei_real,0,mosei_G4HMKRdIva0_016,,,-1,1,1,1,D:\Documents\Programming\Thesis_G10\data\raw\CMU-MOSEI\segments\G4HMKRdIva0_016.mp4,data\preprocessed\features\z_at\G4HMKRdIva0_016.pt,data\preprocessed\features\z_v\G4HMKRdIva0_016.pt
G8p4QMjLUXI_000,mosei_real,0,mosei_G8p4QMjLUXI_000,,,-1,1,1,1,D:\Documents\Programming\Thesis_G10\data\raw\CMU-MOSEI\segments\G8p4QMjLUXI_000.mp4,data\preprocessed\features\z_at\G8p4QMjLUXI_000.pt,data\preprocessed\features\z_v\G8p4QMjLUXI_000.pt
G8p4QMjLUXI_001,mosei_real,0,mosei_G8p4QMjLUXI_001,,,-1,1,1,1,D:\Documents\Programming\Thesis_G10\data\raw\CMU-MOSEI\segments\G8p4QMjLUXI_001.mp4,data\preprocessed\features\z_at\G8p4QMjLUXI_001.pt,data\preprocessed\features\z_v\G8p4QMjLUXI_001.pt
G8p4QMjLUXI_002,mosei_real,0,mosei_G8p4QMjLUXI_002,,,-1,1,1,1,D:\Documents\Programming\Thesis_G10\data\raw\CMU-MOSEI\segments\G8p4QMjLUXI_002.mp4,data\preprocessed\features\z_at\G8p4QMjLUXI_002.pt,data\preprocessed\features\z_v\G8p4QMjLUXI_002.pt
G8p4QMjLUXI_003,mosei_real,0,mosei_G8p4QMjLUXI_003,,,-1,1,1,1,D:\Documents\Programming\Thesis_G10\data\raw\CMU-MOSEI\segments\G8p4QMjLUXI_003.mp4,data\preprocessed\features\z_at\G8p4QMjLUXI_003.pt,data\preprocessed\features\z_v\G8p4QMjLUXI_003.pt
G8p4QMjLUXI_004,mosei_real,0,mosei_G8p4QMjLUXI_004,,,-1,1,1,1,D:\Documents\Programming\Thesis_G10\data\raw\CMU-MOSEI\segments\G8p4QMjLUXI_004.mp4,data\preprocessed\features\z_at\G8p4QMjLUXI_004.pt,data\preprocessed\features\z_v\G8p4QMjLUXI_004.pt
G8p4QMjLUXI_005,mosei_real,0,mosei_G8p4QMjLUXI_005,,,-1,1,1,1,D:\Documents\Programming\Thesis_G10\data\raw\CMU-MOSEI\segments\G8p4QMjLUXI_005.mp4,data\preprocessed\features\z_at\G8p4QMjLUXI_005.pt,data\preprocessed\features\z_v\G8p4QMjLUXI_005.pt
G8p4QMjLUXI_006,mosei_real,0,mosei_G8p4QMjLUXI_006,,,-1,1,1,1,D:\Documents\Programming\Thesis_G10\data\raw\CMU-MOSEI\segments\G8p4QMjLUXI_006.mp4,data\preprocessed\features\z_at\G8p4QMjLUXI_006.pt,data\preprocessed\features\z_v\G8p4QMjLUXI_006.pt
G8p4QMjLUXI_007,mosei_real,0,mosei_G8p4QMjLUXI_007,,,-1,1,1,1,D:\Documents\Programming\Thesis_G10\data\raw\CMU-MOSEI\segments\G8p4QMjLUXI_007.mp4,data\preprocessed\features\z_at\G8p4QMjLUXI_007.pt,data\preprocessed\features\z_v\G8p4QMjLUXI_007.pt
GCOFujDHDx0_001,mosei_real,0,mosei_GCOFujDHDx0_001,,,-1,1,1,1,D:\Documents\Programming\Thesis_G10\data\raw\CMU-MOSEI\segments\GCOFujDHDx0_001.mp4,data\preprocessed\features\z_at\GCOFujDHDx0_001.pt,data\preprocessed\features\z_v\GCOFujDHDx0_001.pt
GICVzJMDfv0_001,mosei_real,0,mosei_GICVzJMDfv0_001,,,-1,1,1,1,D:\Documents\Programming\Thesis_G10\data\raw\CMU-MOSEI\segments\GICVzJMDfv0_001.mp4,data\preprocessed\features\z_at\GICVzJMDfv0_001.pt,data\preprocessed\features\z_v\GICVzJMDfv0_001.pt
GK-Pprzh0t0_001,mosei_real,0,mosei_GK-Pprzh0t0_001,,,-1,1,1,1,D:\Documents\Programming\Thesis_G10\data\raw\CMU-MOSEI\segments\GK-Pprzh0t0_001.mp4,data\preprocessed\features\z_at\GK-Pprzh0t0_001.pt,data\preprocessed\features\z_v\GK-Pprzh0t0_001.pt
GKsjv42t284_004,mosei_real,0,mosei_GKsjv42t284_004,,,-1,1,1,1,D:\Documents\Programming\Thesis_G10\data\raw\CMU-MOSEI\segments\GKsjv42t284_004.mp4,data\preprocessed\features\z_at\GKsjv42t284_004.pt,data\preprocessed\features\z_v\GKsjv42t284_004.pt
GMHW6XEO1ms_002,mosei_real,0,mosei_GMHW6XEO1ms_002,,,-1,1,1,1,D:\Documents\Programming\Thesis_G10\data\raw\CMU-MOSEI\segments\GMHW6XEO1ms_002.mp4,data\preprocessed\features\z_at\GMHW6XEO1ms_002.pt,data\preprocessed\features\z_v\GMHW6XEO1ms_002.pt
GMnoxaqqReQ_000,mosei_real,0,mosei_GMnoxaqqReQ_000,,,-1,1,1,1,D:\Documents\Programming\Thesis_G10\data\raw\CMU-MOSEI\segments\GMnoxaqqReQ_000.mp4,data\preprocessed\features\z_at\GMnoxaqqReQ_000.pt,data\preprocessed\features\z_v\GMnoxaqqReQ_000.pt
GNP0PFas12Y_001,mosei_real,0,mosei_GNP0PFas12Y_001,,,-1,1,1,1,D:\Documents\Programming\Thesis_G10\data\raw\CMU-MOSEI\segments\GNP0PFas12Y_001.mp4,data\preprocessed\features\z_at\GNP0PFas12Y_001.pt,data\preprocessed\features\z_v\GNP0PFas12Y_001.pt
GNP0PFas12Y_003,mosei_real,0,mosei_GNP0PFas12Y_003,,,-1,1,1,1,D:\Documents\Programming\Thesis_G10\data\raw\CMU-MOSEI\segments\GNP0PFas12Y_003.mp4,data\preprocessed\features\z_at\GNP0PFas12Y_003.pt,data\preprocessed\features\z_v\GNP0PFas12Y_003.pt
GNP0PFas12Y_004,mosei_real,0,mosei_GNP0PFas12Y_004,,,-1,1,1,1,D:\Documents\Programming\Thesis_G10\data\raw\CMU-MOSEI\segments\GNP0PFas12Y_004.mp4,data\preprocessed\features\z_at\GNP0PFas12Y_004.pt,data\preprocessed\features\z_v\GNP0PFas12Y_004.pt
GNP0PFas12Y_005,mosei_real,0,mosei_GNP0PFas12Y_005,,,-1,1,1,1,D:\Documents\Programming\Thesis_G10\data\raw\CMU-MOSEI\segments\GNP0PFas12Y_005.mp4,data\preprocessed\features\z_at\GNP0PFas12Y_005.pt,data\preprocessed\features\z_v\GNP0PFas12Y_005.pt
GNP0PFas12Y_006,mosei_real,0,mosei_GNP0PFas12Y_006,,,-1,1,1,1,D:\Documents\Programming\Thesis_G10\data\raw\CMU-MOSEI\segments\GNP0PFas12Y_006.mp4,data\preprocessed\features\z_at\GNP0PFas12Y_006.pt,data\preprocessed\features\z_v\GNP0PFas12Y_006.pt
GOj7TBcEA8E_000,mosei_real,0,mosei_GOj7TBcEA8E_000,,,-1,1,1,1,D:\Documents\Programming\Thesis_G10\data\raw\CMU-MOSEI\segments\GOj7TBcEA8E_000.mp4,data\preprocessed\features\z_at\GOj7TBcEA8E_000.pt,data\preprocessed\features\z_v\GOj7TBcEA8E_000.pt
GOj7TBcEA8E_001,mosei_real,0,mosei_GOj7TBcEA8E_001,,,-1,1,1,1,D:\Documents\Programming\Thesis_G10\data\raw\CMU-MOSEI\segments\GOj7TBcEA8E_001.mp4,data\preprocessed\features\z_at\GOj7TBcEA8E_001.pt,data\preprocessed\features\z_v\GOj7TBcEA8E_001.pt
GOj7TBcEA8E_002,mosei_real,0,mosei_GOj7TBcEA8E_002,,,-1,1,1,1,D:\Documents\Programming\Thesis_G10\data\raw\CMU-MOSEI\segments\GOj7TBcEA8E_002.mp4,data\preprocessed\features\z_at\GOj7TBcEA8E_002.pt,data\preprocessed\features\z_v\GOj7TBcEA8E_002.pt
GOj7TBcEA8E_004,mosei_real,0,mosei_GOj7TBcEA8E_004,,,-1,1,1,1,D:\Documents\Programming\Thesis_G10\data\raw\CMU-MOSEI\segments\GOj7TBcEA8E_004.mp4,data\preprocessed\features\z_at\GOj7TBcEA8E_004.pt,data\preprocessed\features\z_v\GOj7TBcEA8E_004.pt
GOj7TBcEA8E_005,mosei_real,0,mosei_GOj7TBcEA8E_005,,,-1,1,1,1,D:\Documents\Programming\Thesis_G10\data\raw\CMU-MOSEI\segments\GOj7TBcEA8E_005.mp4,data\preprocessed\features\z_at\GOj7TBcEA8E_005.pt,data\preprocessed\features\z_v\GOj7TBcEA8E_005.pt
GOj7TBcEA8E_006,mosei_real,0,mosei_GOj7TBcEA8E_006,,,-1,1,1,1,D:\Documents\Programming\Thesis_G10\data\raw\CMU-MOSEI\segments\GOj7TBcEA8E_006.mp4,data\preprocessed\features\z_at\GOj7TBcEA8E_006.pt,data\preprocessed\features\z_v\GOj7TBcEA8E_006.pt
GOj7TBcEA8E_008,mosei_real,0,mosei_GOj7TBcEA8E_008,,,-1,1,1,1,D:\Documents\Programming\Thesis_G10\data\raw\CMU-MOSEI\segments\GOj7TBcEA8E_008.mp4,data\preprocessed\features\z_at\GOj7TBcEA8E_008.pt,data\preprocessed\features\z_v\GOj7TBcEA8E_008.pt
GOj7TBcEA8E_009,mosei_real,0,mosei_GOj7TBcEA8E_009,,,-1,1,1,1,D:\Documents\Programming\Thesis_G10\data\raw\CMU-MOSEI\segments\GOj7TBcEA8E_009.mp4,data\preprocessed\features\z_at\GOj7TBcEA8E_009.pt,data\preprocessed\features\z_v\GOj7TBcEA8E_009.pt
GOj7TBcEA8E_010,mosei_real,0,mosei_GOj7TBcEA8E_010,,,-1,1,1,1,D:\Documents\Programming\Thesis_G10\data\raw\CMU-MOSEI\segments\GOj7TBcEA8E_010.mp4,data\preprocessed\features\z_at\GOj7TBcEA8E_010.pt,data\preprocessed\features\z_v\GOj7TBcEA8E_010.pt
GOj7TBcEA8E_012,mosei_real,0,mosei_GOj7TBcEA8E_012,,,-1,1,1,1,D:\Documents\Programming\Thesis_G10\data\raw\CMU-MOSEI\segments\GOj7TBcEA8E_012.mp4,data\preprocessed\features\z_at\GOj7TBcEA8E_012.pt,data\preprocessed\features\z_v\GOj7TBcEA8E_012.pt
GOj7TBcEA8E_013,mosei_real,0,mosei_GOj7TBcEA8E_013,,,-1,1,1,1,D:\Documents\Programming\Thesis_G10\data\raw\CMU-MOSEI\segments\GOj7TBcEA8E_013.mp4,data\preprocessed\features\z_at\GOj7TBcEA8E_013.pt,data\preprocessed\features\z_v\GOj7TBcEA8E_013.pt
GOj7TBcEA8E_014,mosei_real,0,mosei_GOj7TBcEA8E_014,,,-1,1,1,1,D:\Documents\Programming\Thesis_G10\data\raw\CMU-MOSEI\segments\GOj7TBcEA8E_014.mp4,data\preprocessed\features\z_at\GOj7TBcEA8E_014.pt,data\preprocessed\features\z_v\GOj7TBcEA8E_014.pt
GOj7TBcEA8E_015,mosei_real,0,mosei_GOj7TBcEA8E_015,,,-1,1,1,1,D:\Documents\Programming\Thesis_G10\data\raw\CMU-MOSEI\segments\GOj7TBcEA8E_015.mp4,data\preprocessed\features\z_at\GOj7TBcEA8E_015.pt,data\preprocessed\features\z_v\GOj7TBcEA8E_015.pt
GSnt_fW8qjI_002,mosei_real,0,mosei_GSnt_fW8qjI_002,,,-1,1,1,1,D:\Documents\Programming\Thesis_G10\data\raw\CMU-MOSEI\segments\GSnt_fW8qjI_002.mp4,data\preprocessed\features\z_at\GSnt_fW8qjI_002.pt,data\preprocessed\features\z_v\GSnt_fW8qjI_002.pt
GUffC7vu9zA_000,mosei_real,0,mosei_GUffC7vu9zA_000,,,-1,1,1,1,D:\Documents\Programming\Thesis_G10\data\raw\CMU-MOSEI\segments\GUffC7vu9zA_000.mp4,data\preprocessed\features\z_at\GUffC7vu9zA_000.pt,data\preprocessed\features\z_v\GUffC7vu9zA_000.pt
GUffC7vu9zA_002,mosei_real,0,mosei_GUffC7vu9zA_002,,,-1,1,1,1,D:\Documents\Programming\Thesis_G10\data\raw\CMU-MOSEI\segments\GUffC7vu9zA_002.mp4,data\preprocessed\features\z_at\GUffC7vu9zA_002.pt,data\preprocessed\features\z_v\GUffC7vu9zA_002.pt
GUffC7vu9zA_003,mosei_real,0,mosei_GUffC7vu9zA_003,,,-1,1,1,1,D:\Documents\Programming\Thesis_G10\data\raw\CMU-MOSEI\segments\GUffC7vu9zA_003.mp4,data\preprocessed\features\z_at\GUffC7vu9zA_003.pt,data\preprocessed\features\z_v\GUffC7vu9zA_003.pt
GUffC7vu9zA_004,mosei_real,0,mosei_GUffC7vu9zA_004,,,-1,1,1,1,D:\Documents\Programming\Thesis_G10\data\raw\CMU-MOSEI\segments\GUffC7vu9zA_004.mp4,data\preprocessed\features\z_at\GUffC7vu9zA_004.pt,data\preprocessed\features\z_v\GUffC7vu9zA_004.pt
GUffC7vu9zA_005,mosei_real,0,mosei_GUffC7vu9zA_005,,,-1,1,1,1,D:\Documents\Programming\Thesis_G10\data\raw\CMU-MOSEI\segments\GUffC7vu9zA_005.mp4,data\preprocessed\features\z_at\GUffC7vu9zA_005.pt,data\preprocessed\features\z_v\GUffC7vu9zA_005.pt
GUffC7vu9zA_006,mosei_real,0,mosei_GUffC7vu9zA_006,,,-1,1,1,1,D:\Documents\Programming\Thesis_G10\data\raw\CMU-MOSEI\segments\GUffC7vu9zA_006.mp4,data\preprocessed\features\z_at\GUffC7vu9zA_006.pt,data\preprocessed\features\z_v\GUffC7vu9zA_006.pt
GXIfrEUJ5d4_001,mosei_real,0,mosei_GXIfrEUJ5d4_001,,,-1,1,1,1,D:\Documents\Programming\Thesis_G10\data\raw\CMU-MOSEI\segments\GXIfrEUJ5d4_001.mp4,data\preprocessed\features\z_at\GXIfrEUJ5d4_001.pt,data\preprocessed\features\z_v\GXIfrEUJ5d4_001.pt
G_M3lYn6hAA_000,mosei_real,0,mosei_G_M3lYn6hAA_000,,,-1,1,1,1,D:\Documents\Programming\Thesis_G10\data\raw\CMU-MOSEI\segments\G_M3lYn6hAA_000.mp4,data\preprocessed\features\z_at\G_M3lYn6hAA_000.pt,data\preprocessed\features\z_v\G_M3lYn6hAA_000.pt
Gc_zIjqqUys_001,mosei_real,0,mosei_Gc_zIjqqUys_001,,,-1,1,1,1,D:\Documents\Programming\Thesis_G10\data\raw\CMU-MOSEI\segments\Gc_zIjqqUys_001.mp4,data\preprocessed\features\z_at\Gc_zIjqqUys_001.pt,data\preprocessed\features\z_v\Gc_zIjqqUys_001.pt
GdFP_p4eQX0_000,mosei_real,0,mosei_GdFP_p4eQX0_000,,,-1,1,1,1,D:\Documents\Programming\Thesis_G10\data\raw\CMU-MOSEI\segments\GdFP_p4eQX0_000.mp4,data\preprocessed\features\z_at\GdFP_p4eQX0_000.pt,data\preprocessed\features\z_v\GdFP_p4eQX0_000.pt
GdFP_p4eQX0_001,mosei_real,0,mosei_GdFP_p4eQX0_001,,,-1,1,1,1,D:\Documents\Programming\Thesis_G10\data\raw\CMU-MOSEI\segments\GdFP_p4eQX0_001.mp4,data\preprocessed\features\z_at\GdFP_p4eQX0_001.pt,data\preprocessed\features\z_v\GdFP_p4eQX0_001.pt
GdFP_p4eQX0_002,mosei_real,0,mosei_GdFP_p4eQX0_002,,,-1,1,1,1,D:\Documents\Programming\Thesis_G10\data\raw\CMU-MOSEI\segments\GdFP_p4eQX0_002.mp4,data\preprocessed\features\z_at\GdFP_p4eQX0_002.pt,data\preprocessed\features\z_v\GdFP_p4eQX0_002.pt
GdFP_p4eQX0_004,mosei_real,0,mosei_GdFP_p4eQX0_004,,,-1,1,1,1,D:\Documents\Programming\Thesis_G10\data\raw\CMU-MOSEI\segments\GdFP_p4eQX0_004.mp4,data\preprocessed\features\z_at\GdFP_p4eQX0_004.pt,data\preprocessed\features\z_v\GdFP_p4eQX0_004.pt
Gg9ZcRlwnbc_002,mosei_real,0,mosei_Gg9ZcRlwnbc_002,,,-1,1,1,1,D:\Documents\Programming\Thesis_G10\data\raw\CMU-MOSEI\segments\Gg9ZcRlwnbc_002.mp4,data\preprocessed\features\z_at\Gg9ZcRlwnbc_002.pt,data\preprocessed\features\z_v\Gg9ZcRlwnbc_002.pt
Gg9ZcRlwnbc_004,mosei_real,0,mosei_Gg9ZcRlwnbc_004,,,-1,1,1,1,D:\Documents\Programming\Thesis_G10\data\raw\CMU-MOSEI\segments\Gg9ZcRlwnbc_004.mp4,data\preprocessed\features\z_at\Gg9ZcRlwnbc_004.pt,data\preprocessed\features\z_v\Gg9ZcRlwnbc_004.pt
Gg9ZcRlwnbc_006,mosei_real,0,mosei_Gg9ZcRlwnbc_006,,,-1,1,1,1,D:\Documents\Programming\Thesis_G10\data\raw\CMU-MOSEI\segments\Gg9ZcRlwnbc_006.mp4,data\preprocessed\features\z_at\Gg9ZcRlwnbc_006.pt,data\preprocessed\features\z_v\Gg9ZcRlwnbc_006.pt
Gg9ZcRlwnbc_007,mosei_real,0,mosei_Gg9ZcRlwnbc_007,,,-1,1,1,1,D:\Documents\Programming\Thesis_G10\data\raw\CMU-MOSEI\segments\Gg9ZcRlwnbc_007.mp4,data\preprocessed\features\z_at\Gg9ZcRlwnbc_007.pt,data\preprocessed\features\z_v\Gg9ZcRlwnbc_007.pt
Gg9ZcRlwnbc_009,mosei_real,0,mosei_Gg9ZcRlwnbc_009,,,-1,1,1,1,D:\Documents\Programming\Thesis_G10\data\raw\CMU-MOSEI\segments\Gg9ZcRlwnbc_009.mp4,data\preprocessed\features\z_at\Gg9ZcRlwnbc_009.pt,data\preprocessed\features\z_v\Gg9ZcRlwnbc_009.pt
GkoBk5K-FH0_005,mosei_real,0,mosei_GkoBk5K-FH0_005,,,-1,1,1,1,D:\Documents\Programming\Thesis_G10\data\raw\CMU-MOSEI\segments\GkoBk5K-FH0_005.mp4,data\preprocessed\features\z_at\GkoBk5K-FH0_005.pt,data\preprocessed\features\z_v\GkoBk5K-FH0_005.pt
GkoBk5K-FH0_007,mosei_real,0,mosei_GkoBk5K-FH0_007,,,-1,1,1,1,D:\Documents\Programming\Thesis_G10\data\raw\CMU-MOSEI\segments\GkoBk5K-FH0_007.mp4,data\preprocessed\features\z_at\GkoBk5K-FH0_007.pt,data\preprocessed\features\z_v\GkoBk5K-FH0_007.pt
GkoBk5K-FH0_009,mosei_real,0,mosei_GkoBk5K-FH0_009,,,-1,1,1,1,D:\Documents\Programming\Thesis_G10\data\raw\CMU-MOSEI\segments\GkoBk5K-FH0_009.mp4,data\preprocessed\features\z_at\GkoBk5K-FH0_009.pt,data\preprocessed\features\z_v\GkoBk5K-FH0_009.pt
GkoBk5K-FH0_010,mosei_real,0,mosei_GkoBk5K-FH0_010,,,-1,1,1,1,D:\Documents\Programming\Thesis_G10\data\raw\CMU-MOSEI\segments\GkoBk5K-FH0_010.mp4,data\preprocessed\features\z_at\GkoBk5K-FH0_010.pt,data\preprocessed\features\z_v\GkoBk5K-FH0_010.pt
GkoBk5K-FH0_011,mosei_real,0,mosei_GkoBk5K-FH0_011,,,-1,1,1,1,D:\Documents\Programming\Thesis_G10\data\raw\CMU-MOSEI\segments\GkoBk5K-FH0_011.mp4,data\preprocessed\features\z_at\GkoBk5K-FH0_011.pt,data\preprocessed\features\z_v\GkoBk5K-FH0_011.pt
GkoBk5K-FH0_014,mosei_real,0,mosei_GkoBk5K-FH0_014,,,-1,1,1,1,D:\Documents\Programming\Thesis_G10\data\raw\CMU-MOSEI\segments\GkoBk5K-FH0_014.mp4,data\preprocessed\features\z_at\GkoBk5K-FH0_014.pt,data\preprocessed\features\z_v\GkoBk5K-FH0_014.pt
Gljee9uq_Rc_003,mosei_real,0,mosei_Gljee9uq_Rc_003,,,-1,1,1,1,D:\Documents\Programming\Thesis_G10\data\raw\CMU-MOSEI\segments\Gljee9uq_Rc_003.mp4,data\preprocessed\features\z_at\Gljee9uq_Rc_003.pt,data\preprocessed\features\z_v\Gljee9uq_Rc_003.pt
Gljee9uq_Rc_004,mosei_real,0,mosei_Gljee9uq_Rc_004,,,-1,1,1,1,D:\Documents\Programming\Thesis_G10\data\raw\CMU-MOSEI\segments\Gljee9uq_Rc_004.mp4,data\preprocessed\features\z_at\Gljee9uq_Rc_004.pt,data\preprocessed\features\z_v\Gljee9uq_Rc_004.pt
Gljee9uq_Rc_006,mosei_real,0,mosei_Gljee9uq_Rc_006,,,-1,1,1,1,D:\Documents\Programming\Thesis_G10\data\raw\CMU-MOSEI\segments\Gljee9uq_Rc_006.mp4,data\preprocessed\features\z_at\Gljee9uq_Rc_006.pt,data\preprocessed\features\z_v\Gljee9uq_Rc_006.pt
Gljee9uq_Rc_009,mosei_real,0,mosei_Gljee9uq_Rc_009,,,-1,1,1,1,D:\Documents\Programming\Thesis_G10\data\raw\CMU-MOSEI\segments\Gljee9uq_Rc_009.mp4,data\preprocessed\features\z_at\Gljee9uq_Rc_009.pt,data\preprocessed\features\z_v\Gljee9uq_Rc_009.pt
Gmhi58erY6k_000,mosei_real,0,mosei_Gmhi58erY6k_000,,,-1,1,1,1,D:\Documents\Programming\Thesis_G10\data\raw\CMU-MOSEI\segments\Gmhi58erY6k_000.mp4,data\preprocessed\features\z_at\Gmhi58erY6k_000.pt,data\preprocessed\features\z_v\Gmhi58erY6k_000.pt
Gmhi58erY6k_001,mosei_real,0,mosei_Gmhi58erY6k_001,,,-1,1,1,1,D:\Documents\Programming\Thesis_G10\data\raw\CMU-MOSEI\segments\Gmhi58erY6k_001.mp4,data\preprocessed\features\z_at\Gmhi58erY6k_001.pt,data\preprocessed\features\z_v\Gmhi58erY6k_001.pt
Gmhi58erY6k_003,mosei_real,0,mosei_Gmhi58erY6k_003,,,-1,1,1,1,D:\Documents\Programming\Thesis_G10\data\raw\CMU-MOSEI\segments\Gmhi58erY6k_003.mp4,data\preprocessed\features\z_at\Gmhi58erY6k_003.pt,data\preprocessed\features\z_v\Gmhi58erY6k_003.pt
Gmhi58erY6k_004,mosei_real,0,mosei_Gmhi58erY6k_004,,,-1,1,1,1,D:\Documents\Programming\Thesis_G10\data\raw\CMU-MOSEI\segments\Gmhi58erY6k_004.mp4,data\preprocessed\features\z_at\Gmhi58erY6k_004.pt,data\preprocessed\features\z_v\Gmhi58erY6k_004.pt
Gmhi58erY6k_005,mosei_real,0,mosei_Gmhi58erY6k_005,,,-1,1,1,1,D:\Documents\Programming\Thesis_G10\data\raw\CMU-MOSEI\segments\Gmhi58erY6k_005.mp4,data\preprocessed\features\z_at\Gmhi58erY6k_005.pt,data\preprocessed\features\z_v\Gmhi58erY6k_005.pt
GmpDbIstUdc_001,mosei_real,0,mosei_GmpDbIstUdc_001,,,-1,1,1,1,D:\Documents\Programming\Thesis_G10\data\raw\CMU-MOSEI\segments\GmpDbIstUdc_001.mp4,data\preprocessed\features\z_at\GmpDbIstUdc_001.pt,data\preprocessed\features\z_v\GmpDbIstUdc_001.pt
GpRDC-S88dM_001,mosei_real,0,mosei_GpRDC-S88dM_001,,,-1,1,1,1,D:\Documents\Programming\Thesis_G10\data\raw\CMU-MOSEI\segments\GpRDC-S88dM_001.mp4,data\preprocessed\features\z_at\GpRDC-S88dM_001.pt,data\preprocessed\features\z_v\GpRDC-S88dM_001.pt
GpRDC-S88dM_002,mosei_real,0,mosei_GpRDC-S88dM_002,,,-1,1,1,1,D:\Documents\Programming\Thesis_G10\data\raw\CMU-MOSEI\segments\GpRDC-S88dM_002.mp4,data\preprocessed\features\z_at\GpRDC-S88dM_002.pt,data\preprocessed\features\z_v\GpRDC-S88dM_002.pt
GpRDC-S88dM_003,mosei_real,0,mosei_GpRDC-S88dM_003,,,-1,1,1,1,D:\Documents\Programming\Thesis_G10\data\raw\CMU-MOSEI\segments\GpRDC-S88dM_003.mp4,data\preprocessed\features\z_at\GpRDC-S88dM_003.pt,data\preprocessed\features\z_v\GpRDC-S88dM_003.pt
GpRDC-S88dM_006,mosei_real,0,mosei_GpRDC-S88dM_006,,,-1,1,1,1,D:\Documents\Programming\Thesis_G10\data\raw\CMU-MOSEI\segments\GpRDC-S88dM_006.mp4,data\preprocessed\features\z_at\GpRDC-S88dM_006.pt,data\preprocessed\features\z_v\GpRDC-S88dM_006.pt
GpRDC-S88dM_007,mosei_real,0,mosei_GpRDC-S88dM_007,,,-1,1,1,1,D:\Documents\Programming\Thesis_G10\data\raw\CMU-MOSEI\segments\GpRDC-S88dM_007.mp4,data\preprocessed\features\z_at\GpRDC-S88dM_007.pt,data\preprocessed\features\z_v\GpRDC-S88dM_007.pt
GpRDC-S88dM_008,mosei_real,0,mosei_GpRDC-S88dM_008,,,-1,1,1,1,D:\Documents\Programming\Thesis_G10\data\raw\CMU-MOSEI\segments\GpRDC-S88dM_008.mp4,data\preprocessed\features\z_at\GpRDC-S88dM_008.pt,data\preprocessed\features\z_v\GpRDC-S88dM_008.pt
GpRDC-S88dM_010,mosei_real,0,mosei_GpRDC-S88dM_010,,,-1,1,1,1,D:\Documents\Programming\Thesis_G10\data\raw\CMU-MOSEI\segments\GpRDC-S88dM_010.mp4,data\preprocessed\features\z_at\GpRDC-S88dM_010.pt,data\preprocessed\features\z_v\GpRDC-S88dM_010.pt
GpRDC-S88dM_018,mosei_real,0,mosei_GpRDC-S88dM_018,,,-1,1,1,1,D:\Documents\Programming\Thesis_G10\data\raw\CMU-MOSEI\segments\GpRDC-S88dM_018.mp4,data\preprocessed\features\z_at\GpRDC-S88dM_018.pt,data\preprocessed\features\z_v\GpRDC-S88dM_018.pt
GpRDC-S88dM_021,mosei_real,0,mosei_GpRDC-S88dM_021,,,-1,1,1,1,D:\Documents\Programming\Thesis_G10\data\raw\CMU-MOSEI\segments\GpRDC-S88dM_021.mp4,data\preprocessed\features\z_at\GpRDC-S88dM_021.pt,data\preprocessed\features\z_v\GpRDC-S88dM_021.pt
GpRDC-S88dM_022,mosei_real,0,mosei_GpRDC-S88dM_022,,,-1,1,1,1,D:\Documents\Programming\Thesis_G10\data\raw\CMU-MOSEI\segments\GpRDC-S88dM_022.mp4,data\preprocessed\features\z_at\GpRDC-S88dM_022.pt,data\preprocessed\features\z_v\GpRDC-S88dM_022.pt
GtRxTvuF6J0_002,mosei_real,0,mosei_GtRxTvuF6J0_002,,,-1,1,1,1,D:\Documents\Programming\Thesis_G10\data\raw\CMU-MOSEI\segments\GtRxTvuF6J0_002.mp4,data\preprocessed\features\z_at\GtRxTvuF6J0_002.pt,data\preprocessed\features\z_v\GtRxTvuF6J0_002.pt
GtRxTvuF6J0_003,mosei_real,0,mosei_GtRxTvuF6J0_003,,,-1,1,1,1,D:\Documents\Programming\Thesis_G10\data\raw\CMU-MOSEI\segments\GtRxTvuF6J0_003.mp4,data\preprocessed\features\z_at\GtRxTvuF6J0_003.pt,data\preprocessed\features\z_v\GtRxTvuF6J0_003.pt
GtRxTvuF6J0_004,mosei_real,0,mosei_GtRxTvuF6J0_004,,,-1,1,1,1,D:\Documents\Programming\Thesis_G10\data\raw\CMU-MOSEI\segments\GtRxTvuF6J0_004.mp4,data\preprocessed\features\z_at\GtRxTvuF6J0_004.pt,data\preprocessed\features\z_v\GtRxTvuF6J0_004.pt
GxcOSmJAyYQ_000,mosei_real,0,mosei_GxcOSmJAyYQ_000,,,-1,1,1,1,D:\Documents\Programming\Thesis_G10\data\raw\CMU-MOSEI\segments\GxcOSmJAyYQ_000.mp4,data\preprocessed\features\z_at\GxcOSmJAyYQ_000.pt,data\preprocessed\features\z_v\GxcOSmJAyYQ_000.pt
GxcOSmJAyYQ_001,mosei_real,0,mosei_GxcOSmJAyYQ_001,,,-1,1,1,1,D:\Documents\Programming\Thesis_G10\data\raw\CMU-MOSEI\segments\GxcOSmJAyYQ_001.mp4,data\preprocessed\features\z_at\GxcOSmJAyYQ_001.pt,data\preprocessed\features\z_v\GxcOSmJAyYQ_001.pt
H-74k5vclCU_000,mosei_real,0,mosei_H-74k5vclCU_000,,,-1,1,1,1,D:\Documents\Programming\Thesis_G10\data\raw\CMU-MOSEI\segments\H-74k5vclCU_000.mp4,data\preprocessed\features\z_at\H-74k5vclCU_000.pt,data\preprocessed\features\z_v\H-74k5vclCU_000.pt
H-74k5vclCU_001,mosei_real,0,mosei_H-74k5vclCU_001,,,-1,1,1,1,D:\Documents\Programming\Thesis_G10\data\raw\CMU-MOSEI\segments\H-74k5vclCU_001.mp4,data\preprocessed\features\z_at\H-74k5vclCU_001.pt,data\preprocessed\features\z_v\H-74k5vclCU_001.pt
H-74k5vclCU_002,mosei_real,0,mosei_H-74k5vclCU_002,,,-1,1,1,1,D:\Documents\Programming\Thesis_G10\data\raw\CMU-MOSEI\segments\H-74k5vclCU_002.mp4,data\preprocessed\features\z_at\H-74k5vclCU_002.pt,data\preprocessed\features\z_v\H-74k5vclCU_002.pt
H-AJ-grXvgQ_000,mosei_real,0,mosei_H-AJ-grXvgQ_000,,,-1,1,1,1,D:\Documents\Programming\Thesis_G10\data\raw\CMU-MOSEI\segments\H-AJ-grXvgQ_000.mp4,data\preprocessed\features\z_at\H-AJ-grXvgQ_000.pt,data\preprocessed\features\z_v\H-AJ-grXvgQ_000.pt
H-AJ-grXvgQ_002,mosei_real,0,mosei_H-AJ-grXvgQ_002,,,-1,1,1,1,D:\Documents\Programming\Thesis_G10\data\raw\CMU-MOSEI\segments\H-AJ-grXvgQ_002.mp4,data\preprocessed\features\z_at\H-AJ-grXvgQ_002.pt,data\preprocessed\features\z_v\H-AJ-grXvgQ_002.pt
H-AJ-grXvgQ_003,mosei_real,0,mosei_H-AJ-grXvgQ_003,,,-1,1,1,1,D:\Documents\Programming\Thesis_G10\data\raw\CMU-MOSEI\segments\H-AJ-grXvgQ_003.mp4,data\preprocessed\features\z_at\H-AJ-grXvgQ_003.pt,data\preprocessed\features\z_v\H-AJ-grXvgQ_003.pt
H26MMmrHTlQ_000,mosei_real,0,mosei_H26MMmrHTlQ_000,,,-1,1,1,1,D:\Documents\Programming\Thesis_G10\data\raw\CMU-MOSEI\segments\H26MMmrHTlQ_000.mp4,data\preprocessed\features\z_at\H26MMmrHTlQ_000.pt,data\preprocessed\features\z_v\H26MMmrHTlQ_000.pt
H26MMmrHTlQ_001,mosei_real,0,mosei_H26MMmrHTlQ_001,,,-1,1,1,1,D:\Documents\Programming\Thesis_G10\data\raw\CMU-MOSEI\segments\H26MMmrHTlQ_001.mp4,data\preprocessed\features\z_at\H26MMmrHTlQ_001.pt,data\preprocessed\features\z_v\H26MMmrHTlQ_001.pt
H26MMmrHTlQ_002,mosei_real,0,mosei_H26MMmrHTlQ_002,,,-1,1,1,1,D:\Documents\Programming\Thesis_G10\data\raw\CMU-MOSEI\segments\H26MMmrHTlQ_002.mp4,data\preprocessed\features\z_at\H26MMmrHTlQ_002.pt,data\preprocessed\features\z_v\H26MMmrHTlQ_002.pt
H26MMmrHTlQ_003,mosei_real,0,mosei_H26MMmrHTlQ_003,,,-1,1,1,1,D:\Documents\Programming\Thesis_G10\data\raw\CMU-MOSEI\segments\H26MMmrHTlQ_003.mp4,data\preprocessed\features\z_at\H26MMmrHTlQ_003.pt,data\preprocessed\features\z_v\H26MMmrHTlQ_003.pt
H26MMmrHTlQ_006,mosei_real,0,mosei_H26MMmrHTlQ_006,,,-1,1,1,1,D:\Documents\Programming\Thesis_G10\data\raw\CMU-MOSEI\segments\H26MMmrHTlQ_006.mp4,data\preprocessed\features\z_at\H26MMmrHTlQ_006.pt,data\preprocessed\features\z_v\H26MMmrHTlQ_006.pt
H26MMmrHTlQ_007,mosei_real,0,mosei_H26MMmrHTlQ_007,,,-1,1,1,1,D:\Documents\Programming\Thesis_G10\data\raw\CMU-MOSEI\segments\H26MMmrHTlQ_007.mp4,data\preprocessed\features\z_at\H26MMmrHTlQ_007.pt,data\preprocessed\features\z_v\H26MMmrHTlQ_007.pt
H26MMmrHTlQ_008,mosei_real,0,mosei_H26MMmrHTlQ_008,,,-1,1,1,1,D:\Documents\Programming\Thesis_G10\data\raw\CMU-MOSEI\segments\H26MMmrHTlQ_008.mp4,data\preprocessed\features\z_at\H26MMmrHTlQ_008.pt,data\preprocessed\features\z_v\H26MMmrHTlQ_008.pt
H26MMmrHTlQ_009,mosei_real,0,mosei_H26MMmrHTlQ_009,,,-1,1,1,1,D:\Documents\Programming\Thesis_G10\data\raw\CMU-MOSEI\segments\H26MMmrHTlQ_009.mp4,data\preprocessed\features\z_at\H26MMmrHTlQ_009.pt,data\preprocessed\features\z_v\H26MMmrHTlQ_009.pt
H4w9mU8B3Mc_003,mosei_real,0,mosei_H4w9mU8B3Mc_003,,,-1,1,1,1,D:\Documents\Programming\Thesis_G10\data\raw\CMU-MOSEI\segments\H4w9mU8B3Mc_003.mp4,data\preprocessed\features\z_at\H4w9mU8B3Mc_003.pt,data\preprocessed\features\z_v\H4w9mU8B3Mc_003.pt
H6ci6Myq8uI_000,mosei_real,0,mosei_H6ci6Myq8uI_000,,,-1,1,1,1,D:\Documents\Programming\Thesis_G10\data\raw\CMU-MOSEI\segments\H6ci6Myq8uI_000.mp4,data\preprocessed\features\z_at\H6ci6Myq8uI_000.pt,data\preprocessed\features\z_v\H6ci6Myq8uI_000.pt
H9BNzzxlscA_002,mosei_real,0,mosei_H9BNzzxlscA_002,,,-1,1,1,1,D:\Documents\Programming\Thesis_G10\data\raw\CMU-MOSEI\segments\H9BNzzxlscA_002.mp4,data\preprocessed\features\z_at\H9BNzzxlscA_002.pt,data\preprocessed\features\z_v\H9BNzzxlscA_002.pt
H9BNzzxlscA_003,mosei_real,0,mosei_H9BNzzxlscA_003,,,-1,1,1,1,D:\Documents\Programming\Thesis_G10\data\raw\CMU-MOSEI\segments\H9BNzzxlscA_003.mp4,data\preprocessed\features\z_at\H9BNzzxlscA_003.pt,data\preprocessed\features\z_v\H9BNzzxlscA_003.pt
H9mSft9YGuk_000,mosei_real,0,mosei_H9mSft9YGuk_000,,,-1,1,1,1,D:\Documents\Programming\Thesis_G10\data\raw\CMU-MOSEI\segments\H9mSft9YGuk_000.mp4,data\preprocessed\features\z_at\H9mSft9YGuk_000.pt,data\preprocessed\features\z_v\H9mSft9YGuk_000.pt
H9mSft9YGuk_001,mosei_real,0,mosei_H9mSft9YGuk_001,,,-1,1,1,1,D:\Documents\Programming\Thesis_G10\data\raw\CMU-MOSEI\segments\H9mSft9YGuk_001.mp4,data\preprocessed\features\z_at\H9mSft9YGuk_001.pt,data\preprocessed\features\z_v\H9mSft9YGuk_001.pt
H9mSft9YGuk_002,mosei_real,0,mosei_H9mSft9YGuk_002,,,-1,1,1,1,D:\Documents\Programming\Thesis_G10\data\raw\CMU-MOSEI\segments\H9mSft9YGuk_002.mp4,data\preprocessed\features\z_at\H9mSft9YGuk_002.pt,data\preprocessed\features\z_v\H9mSft9YGuk_002.pt
HAid0IEUoFQ_001,mosei_real,0,mosei_HAid0IEUoFQ_001,,,-1,1,1,1,D:\Documents\Programming\Thesis_G10\data\raw\CMU-MOSEI\segments\HAid0IEUoFQ_001.mp4,data\preprocessed\features\z_at\HAid0IEUoFQ_001.pt,data\preprocessed\features\z_v\HAid0IEUoFQ_001.pt
HAnQVHOd3hg_001,mosei_real,0,mosei_HAnQVHOd3hg_001,,,-1,1,1,1,D:\Documents\Programming\Thesis_G10\data\raw\CMU-MOSEI\segments\HAnQVHOd3hg_001.mp4,data\preprocessed\features\z_at\HAnQVHOd3hg_001.pt,data\preprocessed\features\z_v\HAnQVHOd3hg_001.pt
HByf7qiO-Kg_000,mosei_real,0,mosei_HByf7qiO-Kg_000,,,-1,1,1,1,D:\Documents\Programming\Thesis_G10\data\raw\CMU-MOSEI\segments\HByf7qiO-Kg_000.mp4,data\preprocessed\features\z_at\HByf7qiO-Kg_000.pt,data\preprocessed\features\z_v\HByf7qiO-Kg_000.pt
HByf7qiO-Kg_001,mosei_real,0,mosei_HByf7qiO-Kg_001,,,-1,1,1,1,D:\Documents\Programming\Thesis_G10\data\raw\CMU-MOSEI\segments\HByf7qiO-Kg_001.mp4,data\preprocessed\features\z_at\HByf7qiO-Kg_001.pt,data\preprocessed\features\z_v\HByf7qiO-Kg_001.pt
HByf7qiO-Kg_003,mosei_real,0,mosei_HByf7qiO-Kg_003,,,-1,1,1,1,D:\Documents\Programming\Thesis_G10\data\raw\CMU-MOSEI\segments\HByf7qiO-Kg_003.mp4,data\preprocessed\features\z_at\HByf7qiO-Kg_003.pt,data\preprocessed\features\z_v\HByf7qiO-Kg_003.pt
HByf7qiO-Kg_004,mosei_real,0,mosei_HByf7qiO-Kg_004,,,-1,1,1,1,D:\Documents\Programming\Thesis_G10\data\raw\CMU-MOSEI\segments\HByf7qiO-Kg_004.mp4,data\preprocessed\features\z_at\HByf7qiO-Kg_004.pt,data\preprocessed\features\z_v\HByf7qiO-Kg_004.pt
HByf7qiO-Kg_005,mosei_real,0,mosei_HByf7qiO-Kg_005,,,-1,1,1,1,D:\Documents\Programming\Thesis_G10\data\raw\CMU-MOSEI\segments\HByf7qiO-Kg_005.mp4,data\preprocessed\features\z_at\HByf7qiO-Kg_005.pt,data\preprocessed\features\z_v\HByf7qiO-Kg_005.pt
HByf7qiO-Kg_006,mosei_real,0,mosei_HByf7qiO-Kg_006,,,-1,1,1,1,D:\Documents\Programming\Thesis_G10\data\raw\CMU-MOSEI\segments\HByf7qiO-Kg_006.mp4,data\preprocessed\features\z_at\HByf7qiO-Kg_006.pt,data\preprocessed\features\z_v\HByf7qiO-Kg_006.pt
HByf7qiO-Kg_007,mosei_real,0,mosei_HByf7qiO-Kg_007,,,-1,1,1,1,D:\Documents\Programming\Thesis_G10\data\raw\CMU-MOSEI\segments\HByf7qiO-Kg_007.mp4,data\preprocessed\features\z_at\HByf7qiO-Kg_007.pt,data\preprocessed\features\z_v\HByf7qiO-Kg_007.pt
HByf7qiO-Kg_008,mosei_real,0,mosei_HByf7qiO-Kg_008,,,-1,1,1,1,D:\Documents\Programming\Thesis_G10\data\raw\CMU-MOSEI\segments\HByf7qiO-Kg_008.mp4,data\preprocessed\features\z_at\HByf7qiO-Kg_008.pt,data\preprocessed\features\z_v\HByf7qiO-Kg_008.pt
HByf7qiO-Kg_009,mosei_real,0,mosei_HByf7qiO-Kg_009,,,-1,1,1,1,D:\Documents\Programming\Thesis_G10\data\raw\CMU-MOSEI\segments\HByf7qiO-Kg_009.mp4,data\preprocessed\features\z_at\HByf7qiO-Kg_009.pt,data\preprocessed\features\z_v\HByf7qiO-Kg_009.pt
HFPGeaEPy9o_000,mosei_real,0,mosei_HFPGeaEPy9o_000,,,-1,1,1,1,D:\Documents\Programming\Thesis_G10\data\raw\CMU-MOSEI\segments\HFPGeaEPy9o_000.mp4,data\preprocessed\features\z_at\HFPGeaEPy9o_000.pt,data\preprocessed\features\z_v\HFPGeaEPy9o_000.pt
HFPGeaEPy9o_001,mosei_real,0,mosei_HFPGeaEPy9o_001,,,-1,1,1,1,D:\Documents\Programming\Thesis_G10\data\raw\CMU-MOSEI\segments\HFPGeaEPy9o_001.mp4,data\preprocessed\features\z_at\HFPGeaEPy9o_001.pt,data\preprocessed\features\z_v\HFPGeaEPy9o_001.pt
HFPGeaEPy9o_002,mosei_real,0,mosei_HFPGeaEPy9o_002,,,-1,1,1,1,D:\Documents\Programming\Thesis_G10\data\raw\CMU-MOSEI\segments\HFPGeaEPy9o_002.mp4,data\preprocessed\features\z_at\HFPGeaEPy9o_002.pt,data\preprocessed\features\z_v\HFPGeaEPy9o_002.pt
HGicRLwgtkM_000,mosei_real,0,mosei_HGicRLwgtkM_000,,,-1,1,1,1,D:\Documents\Programming\Thesis_G10\data\raw\CMU-MOSEI\segments\HGicRLwgtkM_000.mp4,data\preprocessed\features\z_at\HGicRLwgtkM_000.pt,data\preprocessed\features\z_v\HGicRLwgtkM_000.pt
HGicRLwgtkM_004,mosei_real,0,mosei_HGicRLwgtkM_004,,,-1,1,1,1,D:\Documents\Programming\Thesis_G10\data\raw\CMU-MOSEI\segments\HGicRLwgtkM_004.mp4,data\preprocessed\features\z_at\HGicRLwgtkM_004.pt,data\preprocessed\features\z_v\HGicRLwgtkM_004.pt
HJTxq72GuMs_003,mosei_real,0,mosei_HJTxq72GuMs_003,,,-1,1,1,1,D:\Documents\Programming\Thesis_G10\data\raw\CMU-MOSEI\segments\HJTxq72GuMs_003.mp4,data\preprocessed\features\z_at\HJTxq72GuMs_003.pt,data\preprocessed\features\z_v\HJTxq72GuMs_003.pt
HMRqR-P68Ws_002,mosei_real,0,mosei_HMRqR-P68Ws_002,,,-1,1,1,1,D:\Documents\Programming\Thesis_G10\data\raw\CMU-MOSEI\segments\HMRqR-P68Ws_002.mp4,data\preprocessed\features\z_at\HMRqR-P68Ws_002.pt,data\preprocessed\features\z_v\HMRqR-P68Ws_002.pt
HMRqR-P68Ws_006,mosei_real,0,mosei_HMRqR-P68Ws_006,,,-1,1,1,1,D:\Documents\Programming\Thesis_G10\data\raw\CMU-MOSEI\segments\HMRqR-P68Ws_006.mp4,data\preprocessed\features\z_at\HMRqR-P68Ws_006.pt,data\preprocessed\features\z_v\HMRqR-P68Ws_006.pt
HMRqR-P68Ws_008,mosei_real,0,mosei_HMRqR-P68Ws_008,,,-1,1,1,1,D:\Documents\Programming\Thesis_G10\data\raw\CMU-MOSEI\segments\HMRqR-P68Ws_008.mp4,data\preprocessed\features\z_at\HMRqR-P68Ws_008.pt,data\preprocessed\features\z_v\HMRqR-P68Ws_008.pt
HOCsiS0pmf0_002,mosei_real,0,mosei_HOCsiS0pmf0_002,,,-1,1,1,1,D:\Documents\Programming\Thesis_G10\data\raw\CMU-MOSEI\segments\HOCsiS0pmf0_002.mp4,data\preprocessed\features\z_at\HOCsiS0pmf0_002.pt,data\preprocessed\features\z_v\HOCsiS0pmf0_002.pt
HOCsiS0pmf0_003,mosei_real,0,mosei_HOCsiS0pmf0_003,,,-1,1,1,1,D:\Documents\Programming\Thesis_G10\data\raw\CMU-MOSEI\segments\HOCsiS0pmf0_003.mp4,data\preprocessed\features\z_at\HOCsiS0pmf0_003.pt,data\preprocessed\features\z_v\HOCsiS0pmf0_003.pt
HObh42PhOfw_000,mosei_real,0,mosei_HObh42PhOfw_000,,,-1,1,1,1,D:\Documents\Programming\Thesis_G10\data\raw\CMU-MOSEI\segments\HObh42PhOfw_000.mp4,data\preprocessed\features\z_at\HObh42PhOfw_000.pt,data\preprocessed\features\z_v\HObh42PhOfw_000.pt
HObh42PhOfw_001,mosei_real,0,mosei_HObh42PhOfw_001,,,-1,1,1,1,D:\Documents\Programming\Thesis_G10\data\raw\CMU-MOSEI\segments\HObh42PhOfw_001.mp4,data\preprocessed\features\z_at\HObh42PhOfw_001.pt,data\preprocessed\features\z_v\HObh42PhOfw_001.pt
HObh42PhOfw_003,mosei_real,0,mosei_HObh42PhOfw_003,,,-1,1,1,1,D:\Documents\Programming\Thesis_G10\data\raw\CMU-MOSEI\segments\HObh42PhOfw_003.mp4,data\preprocessed\features\z_at\HObh42PhOfw_003.pt,data\preprocessed\features\z_v\HObh42PhOfw_003.pt
HQ2LwfRcrVc_000,mosei_real,0,mosei_HQ2LwfRcrVc_000,,,-1,1,1,1,D:\Documents\Programming\Thesis_G10\data\raw\CMU-MOSEI\segments\HQ2LwfRcrVc_000.mp4,data\preprocessed\features\z_at\HQ2LwfRcrVc_000.pt,data\preprocessed\features\z_v\HQ2LwfRcrVc_000.pt
HQ2LwfRcrVc_006,mosei_real,0,mosei_HQ2LwfRcrVc_006,,,-1,1,1,1,D:\Documents\Programming\Thesis_G10\data\raw\CMU-MOSEI\segments\HQ2LwfRcrVc_006.mp4,data\preprocessed\features\z_at\HQ2LwfRcrVc_006.pt,data\preprocessed\features\z_v\HQ2LwfRcrVc_006.pt
HUOMbK1x7MI_000,mosei_real,0,mosei_HUOMbK1x7MI_000,,,-1,1,1,1,D:\Documents\Programming\Thesis_G10\data\raw\CMU-MOSEI\segments\HUOMbK1x7MI_000.mp4,data\preprocessed\features\z_at\HUOMbK1x7MI_000.pt,data\preprocessed\features\z_v\HUOMbK1x7MI_000.pt
HUOMbK1x7MI_001,mosei_real,0,mosei_HUOMbK1x7MI_001,,,-1,1,1,1,D:\Documents\Programming\Thesis_G10\data\raw\CMU-MOSEI\segments\HUOMbK1x7MI_001.mp4,data\preprocessed\features\z_at\HUOMbK1x7MI_001.pt,data\preprocessed\features\z_v\HUOMbK1x7MI_001.pt
HUOMbK1x7MI_002,mosei_real,0,mosei_HUOMbK1x7MI_002,,,-1,1,1,1,D:\Documents\Programming\Thesis_G10\data\raw\CMU-MOSEI\segments\HUOMbK1x7MI_002.mp4,data\preprocessed\features\z_at\HUOMbK1x7MI_002.pt,data\preprocessed\features\z_v\HUOMbK1x7MI_002.pt
HUOMbK1x7MI_005,mosei_real,0,mosei_HUOMbK1x7MI_005,,,-1,1,1,1,D:\Documents\Programming\Thesis_G10\data\raw\CMU-MOSEI\segments\HUOMbK1x7MI_005.mp4,data\preprocessed\features\z_at\HUOMbK1x7MI_005.pt,data\preprocessed\features\z_v\HUOMbK1x7MI_005.pt
HUOMbK1x7MI_007,mosei_real,0,mosei_HUOMbK1x7MI_007,,,-1,1,1,1,D:\Documents\Programming\Thesis_G10\data\raw\CMU-MOSEI\segments\HUOMbK1x7MI_007.mp4,data\preprocessed\features\z_at\HUOMbK1x7MI_007.pt,data\preprocessed\features\z_v\HUOMbK1x7MI_007.pt
HUOMbK1x7MI_008,mosei_real,0,mosei_HUOMbK1x7MI_008,,,-1,1,1,1,D:\Documents\Programming\Thesis_G10\data\raw\CMU-MOSEI\segments\HUOMbK1x7MI_008.mp4,data\preprocessed\features\z_at\HUOMbK1x7MI_008.pt,data\preprocessed\features\z_v\HUOMbK1x7MI_008.pt
HUOMbK1x7MI_009,mosei_real,0,mosei_HUOMbK1x7MI_009,,,-1,1,1,1,D:\Documents\Programming\Thesis_G10\data\raw\CMU-MOSEI\segments\HUOMbK1x7MI_009.mp4,data\preprocessed\features\z_at\HUOMbK1x7MI_009.pt,data\preprocessed\features\z_v\HUOMbK1x7MI_009.pt
HUOMbK1x7MI_010,mosei_real,0,mosei_HUOMbK1x7MI_010,,,-1,1,1,1,D:\Documents\Programming\Thesis_G10\data\raw\CMU-MOSEI\segments\HUOMbK1x7MI_010.mp4,data\preprocessed\features\z_at\HUOMbK1x7MI_010.pt,data\preprocessed\features\z_v\HUOMbK1x7MI_010.pt
HetCe0lLacc_000,mosei_real,0,mosei_HetCe0lLacc_000,,,-1,1,1,1,D:\Documents\Programming\Thesis_G10\data\raw\CMU-MOSEI\segments\HetCe0lLacc_000.mp4,data\preprocessed\features\z_at\HetCe0lLacc_000.pt,data\preprocessed\features\z_v\HetCe0lLacc_000.pt
HfLVQZLvcH8_000,mosei_real,0,mosei_HfLVQZLvcH8_000,,,-1,1,1,1,D:\Documents\Programming\Thesis_G10\data\raw\CMU-MOSEI\segments\HfLVQZLvcH8_000.mp4,data\preprocessed\features\z_at\HfLVQZLvcH8_000.pt,data\preprocessed\features\z_v\HfLVQZLvcH8_000.pt
HgDdU_RB9UA_006,mosei_real,0,mosei_HgDdU_RB9UA_006,,,-1,1,1,1,D:\Documents\Programming\Thesis_G10\data\raw\CMU-MOSEI\segments\HgDdU_RB9UA_006.mp4,data\preprocessed\features\z_at\HgDdU_RB9UA_006.pt,data\preprocessed\features\z_v\HgDdU_RB9UA_006.pt
HhpziYYP2Vg_002,mosei_real,0,mosei_HhpziYYP2Vg_002,,,-1,1,1,1,D:\Documents\Programming\Thesis_G10\data\raw\CMU-MOSEI\segments\HhpziYYP2Vg_002.mp4,data\preprocessed\features\z_at\HhpziYYP2Vg_002.pt,data\preprocessed\features\z_v\HhpziYYP2Vg_002.pt
HhpziYYP2Vg_003,mosei_real,0,mosei_HhpziYYP2Vg_003,,,-1,1,1,1,D:\Documents\Programming\Thesis_G10\data\raw\CMU-MOSEI\segments\HhpziYYP2Vg_003.mp4,data\preprocessed\features\z_at\HhpziYYP2Vg_003.pt,data\preprocessed\features\z_v\HhpziYYP2Vg_003.pt
HhpziYYP2Vg_005,mosei_real,0,mosei_HhpziYYP2Vg_005,,,-1,1,1,1,D:\Documents\Programming\Thesis_G10\data\raw\CMU-MOSEI\segments\HhpziYYP2Vg_005.mp4,data\preprocessed\features\z_at\HhpziYYP2Vg_005.pt,data\preprocessed\features\z_v\HhpziYYP2Vg_005.pt
HhpziYYP2Vg_008,mosei_real,0,mosei_HhpziYYP2Vg_008,,,-1,1,1,1,D:\Documents\Programming\Thesis_G10\data\raw\CMU-MOSEI\segments\HhpziYYP2Vg_008.mp4,data\preprocessed\features\z_at\HhpziYYP2Vg_008.pt,data\preprocessed\features\z_v\HhpziYYP2Vg_008.pt
HhpziYYP2Vg_009,mosei_real,0,mosei_HhpziYYP2Vg_009,,,-1,1,1,1,D:\Documents\Programming\Thesis_G10\data\raw\CMU-MOSEI\segments\HhpziYYP2Vg_009.mp4,data\preprocessed\features\z_at\HhpziYYP2Vg_009.pt,data\preprocessed\features\z_v\HhpziYYP2Vg_009.pt
HhpziYYP2Vg_011,mosei_real,0,mosei_HhpziYYP2Vg_011,,,-1,1,1,1,D:\Documents\Programming\Thesis_G10\data\raw\CMU-MOSEI\segments\HhpziYYP2Vg_011.mp4,data\preprocessed\features\z_at\HhpziYYP2Vg_011.pt,data\preprocessed\features\z_v\HhpziYYP2Vg_011.pt
HhpziYYP2Vg_012,mosei_real,0,mosei_HhpziYYP2Vg_012,,,-1,1,1,1,D:\Documents\Programming\Thesis_G10\data\raw\CMU-MOSEI\segments\HhpziYYP2Vg_012.mp4,data\preprocessed\features\z_at\HhpziYYP2Vg_012.pt,data\preprocessed\features\z_v\HhpziYYP2Vg_012.pt
HjLpXXFoAQw_000,mosei_real,0,mosei_HjLpXXFoAQw_000,,,-1,1,1,1,D:\Documents\Programming\Thesis_G10\data\raw\CMU-MOSEI\segments\HjLpXXFoAQw_000.mp4,data\preprocessed\features\z_at\HjLpXXFoAQw_000.pt,data\preprocessed\features\z_v\HjLpXXFoAQw_000.pt
Hkt_kncJGVM_001,mosei_real,0,mosei_Hkt_kncJGVM_001,,,-1,1,1,1,D:\Documents\Programming\Thesis_G10\data\raw\CMU-MOSEI\segments\Hkt_kncJGVM_001.mp4,data\preprocessed\features\z_at\Hkt_kncJGVM_001.pt,data\preprocessed\features\z_v\Hkt_kncJGVM_001.pt
Hkt_kncJGVM_002,mosei_real,0,mosei_Hkt_kncJGVM_002,,,-1,1,1,1,D:\Documents\Programming\Thesis_G10\data\raw\CMU-MOSEI\segments\Hkt_kncJGVM_002.mp4,data\preprocessed\features\z_at\Hkt_kncJGVM_002.pt,data\preprocessed\features\z_v\Hkt_kncJGVM_002.pt
HxyfY7hsjOg_001,mosei_real,0,mosei_HxyfY7hsjOg_001,,,-1,1,1,1,D:\Documents\Programming\Thesis_G10\data\raw\CMU-MOSEI\segments\HxyfY7hsjOg_001.mp4,data\preprocessed\features\z_at\HxyfY7hsjOg_001.pt,data\preprocessed\features\z_v\HxyfY7hsjOg_001.pt
HxyfY7hsjOg_002,mosei_real,0,mosei_HxyfY7hsjOg_002,,,-1,1,1,1,D:\Documents\Programming\Thesis_G10\data\raw\CMU-MOSEI\segments\HxyfY7hsjOg_002.mp4,data\preprocessed\features\z_at\HxyfY7hsjOg_002.pt,data\preprocessed\features\z_v\HxyfY7hsjOg_002.pt
I3SPlbTGuNc_001,mosei_real,0,mosei_I3SPlbTGuNc_001,,,-1,1,1,1,D:\Documents\Programming\Thesis_G10\data\raw\CMU-MOSEI\segments\I3SPlbTGuNc_001.mp4,data\preprocessed\features\z_at\I3SPlbTGuNc_001.pt,data\preprocessed\features\z_v\I3SPlbTGuNc_001.pt
I3SPlbTGuNc_002,mosei_real,0,mosei_I3SPlbTGuNc_002,,,-1,1,1,1,D:\Documents\Programming\Thesis_G10\data\raw\CMU-MOSEI\segments\I3SPlbTGuNc_002.mp4,data\preprocessed\features\z_at\I3SPlbTGuNc_002.pt,data\preprocessed\features\z_v\I3SPlbTGuNc_002.pt
I3SPlbTGuNc_003,mosei_real,0,mosei_I3SPlbTGuNc_003,,,-1,1,1,1,D:\Documents\Programming\Thesis_G10\data\raw\CMU-MOSEI\segments\I3SPlbTGuNc_003.mp4,data\preprocessed\features\z_at\I3SPlbTGuNc_003.pt,data\preprocessed\features\z_v\I3SPlbTGuNc_003.pt
I3SPlbTGuNc_009,mosei_real,0,mosei_I3SPlbTGuNc_009,,,-1,1,1,1,D:\Documents\Programming\Thesis_G10\data\raw\CMU-MOSEI\segments\I3SPlbTGuNc_009.mp4,data\preprocessed\features\z_at\I3SPlbTGuNc_009.pt,data\preprocessed\features\z_v\I3SPlbTGuNc_009.pt
I3SPlbTGuNc_012,mosei_real,0,mosei_I3SPlbTGuNc_012,,,-1,1,1,1,D:\Documents\Programming\Thesis_G10\data\raw\CMU-MOSEI\segments\I3SPlbTGuNc_012.mp4,data\preprocessed\features\z_at\I3SPlbTGuNc_012.pt,data\preprocessed\features\z_v\I3SPlbTGuNc_012.pt
I8MM8y1XVjs_000,mosei_real,0,mosei_I8MM8y1XVjs_000,,,-1,1,1,1,D:\Documents\Programming\Thesis_G10\data\raw\CMU-MOSEI\segments\I8MM8y1XVjs_000.mp4,data\preprocessed\features\z_at\I8MM8y1XVjs_000.pt,data\preprocessed\features\z_v\I8MM8y1XVjs_000.pt
I9iV9q3ePhI_002,mosei_real,0,mosei_I9iV9q3ePhI_002,,,-1,1,1,1,D:\Documents\Programming\Thesis_G10\data\raw\CMU-MOSEI\segments\I9iV9q3ePhI_002.mp4,data\preprocessed\features\z_at\I9iV9q3ePhI_002.pt,data\preprocessed\features\z_v\I9iV9q3ePhI_002.pt
IAmZ5iWHxw4_001,mosei_real,0,mosei_IAmZ5iWHxw4_001,,,-1,1,1,1,D:\Documents\Programming\Thesis_G10\data\raw\CMU-MOSEI\segments\IAmZ5iWHxw4_001.mp4,data\preprocessed\features\z_at\IAmZ5iWHxw4_001.pt,data\preprocessed\features\z_v\IAmZ5iWHxw4_001.pt
IAmZ5iWHxw4_002,mosei_real,0,mosei_IAmZ5iWHxw4_002,,,-1,1,1,1,D:\Documents\Programming\Thesis_G10\data\raw\CMU-MOSEI\segments\IAmZ5iWHxw4_002.mp4,data\preprocessed\features\z_at\IAmZ5iWHxw4_002.pt,data\preprocessed\features\z_v\IAmZ5iWHxw4_002.pt
IB0lGIxP8YY_003,mosei_real,0,mosei_IB0lGIxP8YY_003,,,-1,1,1,1,D:\Documents\Programming\Thesis_G10\data\raw\CMU-MOSEI\segments\IB0lGIxP8YY_003.mp4,data\preprocessed\features\z_at\IB0lGIxP8YY_003.pt,data\preprocessed\features\z_v\IB0lGIxP8YY_003.pt
IB0lGIxP8YY_005,mosei_real,0,mosei_IB0lGIxP8YY_005,,,-1,1,1,1,D:\Documents\Programming\Thesis_G10\data\raw\CMU-MOSEI\segments\IB0lGIxP8YY_005.mp4,data\preprocessed\features\z_at\IB0lGIxP8YY_005.pt,data\preprocessed\features\z_v\IB0lGIxP8YY_005.pt
ICeSewdyf34_000,mosei_real,0,mosei_ICeSewdyf34_000,,,-1,1,1,1,D:\Documents\Programming\Thesis_G10\data\raw\CMU-MOSEI\segments\ICeSewdyf34_000.mp4,data\preprocessed\features\z_at\ICeSewdyf34_000.pt,data\preprocessed\features\z_v\ICeSewdyf34_000.pt
ICeSewdyf34_001,mosei_real,0,mosei_ICeSewdyf34_001,,,-1,1,1,1,D:\Documents\Programming\Thesis_G10\data\raw\CMU-MOSEI\segments\ICeSewdyf34_001.mp4,data\preprocessed\features\z_at\ICeSewdyf34_001.pt,data\preprocessed\features\z_v\ICeSewdyf34_001.pt
IDVbPEket6U_000,mosei_real,0,mosei_IDVbPEket6U_000,,,-1,1,1,1,D:\Documents\Programming\Thesis_G10\data\raw\CMU-MOSEI\segments\IDVbPEket6U_000.mp4,data\preprocessed\features\z_at\IDVbPEket6U_000.pt,data\preprocessed\features\z_v\IDVbPEket6U_000.pt
IIPYcCii7Sg_000,mosei_real,0,mosei_IIPYcCii7Sg_000,,,-1,1,1,1,D:\Documents\Programming\Thesis_G10\data\raw\CMU-MOSEI\segments\IIPYcCii7Sg_000.mp4,data\preprocessed\features\z_at\IIPYcCii7Sg_000.pt,data\preprocessed\features\z_v\IIPYcCii7Sg_000.pt
IIPYcCii7Sg_002,mosei_real,0,mosei_IIPYcCii7Sg_002,,,-1,1,1,1,D:\Documents\Programming\Thesis_G10\data\raw\CMU-MOSEI\segments\IIPYcCii7Sg_002.mp4,data\preprocessed\features\z_at\IIPYcCii7Sg_002.pt,data\preprocessed\features\z_v\IIPYcCii7Sg_002.pt
IIPYcCii7Sg_003,mosei_real,0,mosei_IIPYcCii7Sg_003,,,-1,1,1,1,D:\Documents\Programming\Thesis_G10\data\raw\CMU-MOSEI\segments\IIPYcCii7Sg_003.mp4,data\preprocessed\features\z_at\IIPYcCii7Sg_003.pt,data\preprocessed\features\z_v\IIPYcCii7Sg_003.pt
IIPYcCii7Sg_004,mosei_real,0,mosei_IIPYcCii7Sg_004,,,-1,1,1,1,D:\Documents\Programming\Thesis_G10\data\raw\CMU-MOSEI\segments\IIPYcCii7Sg_004.mp4,data\preprocessed\features\z_at\IIPYcCii7Sg_004.pt,data\preprocessed\features\z_v\IIPYcCii7Sg_004.pt
IIPYcCii7Sg_005,mosei_real,0,mosei_IIPYcCii7Sg_005,,,-1,1,1,1,D:\Documents\Programming\Thesis_G10\data\raw\CMU-MOSEI\segments\IIPYcCii7Sg_005.mp4,data\preprocessed\features\z_at\IIPYcCii7Sg_005.pt,data\preprocessed\features\z_v\IIPYcCii7Sg_005.pt
IKXWSNf4m2k_000,mosei_real,0,mosei_IKXWSNf4m2k_000,,,-1,1,1,1,D:\Documents\Programming\Thesis_G10\data\raw\CMU-MOSEI\segments\IKXWSNf4m2k_000.mp4,data\preprocessed\features\z_at\IKXWSNf4m2k_000.pt,data\preprocessed\features\z_v\IKXWSNf4m2k_000.pt
IM6HW1HwHhM_000,mosei_real,0,mosei_IM6HW1HwHhM_000,,,-1,1,1,1,D:\Documents\Programming\Thesis_G10\data\raw\CMU-MOSEI\segments\IM6HW1HwHhM_000.mp4,data\preprocessed\features\z_at\IM6HW1HwHhM_000.pt,data\preprocessed\features\z_v\IM6HW1HwHhM_000.pt
IM6HW1HwHhM_001,mosei_real,0,mosei_IM6HW1HwHhM_001,,,-1,1,1,1,D:\Documents\Programming\Thesis_G10\data\raw\CMU-MOSEI\segments\IM6HW1HwHhM_001.mp4,data\preprocessed\features\z_at\IM6HW1HwHhM_001.pt,data\preprocessed\features\z_v\IM6HW1HwHhM_001.pt
IM6HW1HwHhM_002,mosei_real,0,mosei_IM6HW1HwHhM_002,,,-1,1,1,1,D:\Documents\Programming\Thesis_G10\data\raw\CMU-MOSEI\segments\IM6HW1HwHhM_002.mp4,data\preprocessed\features\z_at\IM6HW1HwHhM_002.pt,data\preprocessed\features\z_v\IM6HW1HwHhM_002.pt
IM6HW1HwHhM_004,mosei_real,0,mosei_IM6HW1HwHhM_004,,,-1,1,1,1,D:\Documents\Programming\Thesis_G10\data\raw\CMU-MOSEI\segments\IM6HW1HwHhM_004.mp4,data\preprocessed\features\z_at\IM6HW1HwHhM_004.pt,data\preprocessed\features\z_v\IM6HW1HwHhM_004.pt
IM6HW1HwHhM_005,mosei_real,0,mosei_IM6HW1HwHhM_005,,,-1,1,1,1,D:\Documents\Programming\Thesis_G10\data\raw\CMU-MOSEI\segments\IM6HW1HwHhM_005.mp4,data\preprocessed\features\z_at\IM6HW1HwHhM_005.pt,data\preprocessed\features\z_v\IM6HW1HwHhM_005.pt
IM6HW1HwHhM_006,mosei_real,0,mosei_IM6HW1HwHhM_006,,,-1,1,1,1,D:\Documents\Programming\Thesis_G10\data\raw\CMU-MOSEI\segments\IM6HW1HwHhM_006.mp4,data\preprocessed\features\z_at\IM6HW1HwHhM_006.pt,data\preprocessed\features\z_v\IM6HW1HwHhM_006.pt
IM6HW1HwHhM_007,mosei_real,0,mosei_IM6HW1HwHhM_007,,,-1,1,1,1,D:\Documents\Programming\Thesis_G10\data\raw\CMU-MOSEI\segments\IM6HW1HwHhM_007.mp4,data\preprocessed\features\z_at\IM6HW1HwHhM_007.pt,data\preprocessed\features\z_v\IM6HW1HwHhM_007.pt
IM6HW1HwHhM_008,mosei_real,0,mosei_IM6HW1HwHhM_008,,,-1,1,1,1,D:\Documents\Programming\Thesis_G10\data\raw\CMU-MOSEI\segments\IM6HW1HwHhM_008.mp4,data\preprocessed\features\z_at\IM6HW1HwHhM_008.pt,data\preprocessed\features\z_v\IM6HW1HwHhM_008.pt
IOpWjKAHG8Q_000,mosei_real,0,mosei_IOpWjKAHG8Q_000,,,-1,1,1,1,D:\Documents\Programming\Thesis_G10\data\raw\CMU-MOSEI\segments\IOpWjKAHG8Q_000.mp4,data\preprocessed\features\z_at\IOpWjKAHG8Q_000.pt,data\preprocessed\features\z_v\IOpWjKAHG8Q_000.pt
IOpWjKAHG8Q_003,mosei_real,0,mosei_IOpWjKAHG8Q_003,,,-1,1,1,1,D:\Documents\Programming\Thesis_G10\data\raw\CMU-MOSEI\segments\IOpWjKAHG8Q_003.mp4,data\preprocessed\features\z_at\IOpWjKAHG8Q_003.pt,data\preprocessed\features\z_v\IOpWjKAHG8Q_003.pt
IOpWjKAHG8Q_005,mosei_real,0,mosei_IOpWjKAHG8Q_005,,,-1,1,1,1,D:\Documents\Programming\Thesis_G10\data\raw\CMU-MOSEI\segments\IOpWjKAHG8Q_005.mp4,data\preprocessed\features\z_at\IOpWjKAHG8Q_005.pt,data\preprocessed\features\z_v\IOpWjKAHG8Q_005.pt
IRSxo_XXArg_000,mosei_real,0,mosei_IRSxo_XXArg_000,,,-1,1,1,1,D:\Documents\Programming\Thesis_G10\data\raw\CMU-MOSEI\segments\IRSxo_XXArg_000.mp4,data\preprocessed\features\z_at\IRSxo_XXArg_000.pt,data\preprocessed\features\z_v\IRSxo_XXArg_000.pt
ITQTVfk9Iqo_002,mosei_real,0,mosei_ITQTVfk9Iqo_002,,,-1,1,1,1,D:\Documents\Programming\Thesis_G10\data\raw\CMU-MOSEI\segments\ITQTVfk9Iqo_002.mp4,data\preprocessed\features\z_at\ITQTVfk9Iqo_002.pt,data\preprocessed\features\z_v\ITQTVfk9Iqo_002.pt
ITQTVfk9Iqo_004,mosei_real,0,mosei_ITQTVfk9Iqo_004,,,-1,1,1,1,D:\Documents\Programming\Thesis_G10\data\raw\CMU-MOSEI\segments\ITQTVfk9Iqo_004.mp4,data\preprocessed\features\z_at\ITQTVfk9Iqo_004.pt,data\preprocessed\features\z_v\ITQTVfk9Iqo_004.pt
ITQTVfk9Iqo_009,mosei_real,0,mosei_ITQTVfk9Iqo_009,,,-1,1,1,1,D:\Documents\Programming\Thesis_G10\data\raw\CMU-MOSEI\segments\ITQTVfk9Iqo_009.mp4,data\preprocessed\features\z_at\ITQTVfk9Iqo_009.pt,data\preprocessed\features\z_v\ITQTVfk9Iqo_009.pt
IUmxJNs2zaY_001,mosei_real,0,mosei_IUmxJNs2zaY_001,,,-1,1,1,1,D:\Documents\Programming\Thesis_G10\data\raw\CMU-MOSEI\segments\IUmxJNs2zaY_001.mp4,data\preprocessed\features\z_at\IUmxJNs2zaY_001.pt,data\preprocessed\features\z_v\IUmxJNs2zaY_001.pt
I_r2CP56toU_000,mosei_real,0,mosei_I_r2CP56toU_000,,,-1,1,1,1,D:\Documents\Programming\Thesis_G10\data\raw\CMU-MOSEI\segments\I_r2CP56toU_000.mp4,data\preprocessed\features\z_at\I_r2CP56toU_000.pt,data\preprocessed\features\z_v\I_r2CP56toU_000.pt
Ie6sDptjAsU_000,mosei_real,0,mosei_Ie6sDptjAsU_000,,,-1,1,1,1,D:\Documents\Programming\Thesis_G10\data\raw\CMU-MOSEI\segments\Ie6sDptjAsU_000.mp4,data\preprocessed\features\z_at\Ie6sDptjAsU_000.pt,data\preprocessed\features\z_v\Ie6sDptjAsU_000.pt
Iemw8vqt-54_004,mosei_real,0,mosei_Iemw8vqt-54_004,,,-1,1,1,1,D:\Documents\Programming\Thesis_G10\data\raw\CMU-MOSEI\segments\Iemw8vqt-54_004.mp4,data\preprocessed\features\z_at\Iemw8vqt-54_004.pt,data\preprocessed\features\z_v\Iemw8vqt-54_004.pt
Iemw8vqt-54_005,mosei_real,0,mosei_Iemw8vqt-54_005,,,-1,1,1,1,D:\Documents\Programming\Thesis_G10\data\raw\CMU-MOSEI\segments\Iemw8vqt-54_005.mp4,data\preprocessed\features\z_at\Iemw8vqt-54_005.pt,data\preprocessed\features\z_v\Iemw8vqt-54_005.pt
IiGzuoblKSM_000,mosei_real,0,mosei_IiGzuoblKSM_000,,,-1,1,1,1,D:\Documents\Programming\Thesis_G10\data\raw\CMU-MOSEI\segments\IiGzuoblKSM_000.mp4,data\preprocessed\features\z_at\IiGzuoblKSM_000.pt,data\preprocessed\features\z_v\IiGzuoblKSM_000.pt
ItnyexqXR_U_001,mosei_real,0,mosei_ItnyexqXR_U_001,,,-1,1,1,1,D:\Documents\Programming\Thesis_G10\data\raw\CMU-MOSEI\segments\ItnyexqXR_U_001.mp4,data\preprocessed\features\z_at\ItnyexqXR_U_001.pt,data\preprocessed\features\z_v\ItnyexqXR_U_001.pt
IwQWibE8EOM_004,mosei_real,0,mosei_IwQWibE8EOM_004,,,-1,1,1,1,D:\Documents\Programming\Thesis_G10\data\raw\CMU-MOSEI\segments\IwQWibE8EOM_004.mp4,data\preprocessed\features\z_at\IwQWibE8EOM_004.pt,data\preprocessed\features\z_v\IwQWibE8EOM_004.pt
Iz_PDdyXr-8_002,mosei_real,0,mosei_Iz_PDdyXr-8_002,,,-1,1,1,1,D:\Documents\Programming\Thesis_G10\data\raw\CMU-MOSEI\segments\Iz_PDdyXr-8_002.mp4,data\preprocessed\features\z_at\Iz_PDdyXr-8_002.pt,data\preprocessed\features\z_v\Iz_PDdyXr-8_002.pt
Iz_PDdyXr-8_003,mosei_real,0,mosei_Iz_PDdyXr-8_003,,,-1,1,1,1,D:\Documents\Programming\Thesis_G10\data\raw\CMU-MOSEI\segments\Iz_PDdyXr-8_003.mp4,data\preprocessed\features\z_at\Iz_PDdyXr-8_003.pt,data\preprocessed\features\z_v\Iz_PDdyXr-8_003.pt
Iz_PDdyXr-8_004,mosei_real,0,mosei_Iz_PDdyXr-8_004,,,-1,1,1,1,D:\Documents\Programming\Thesis_G10\data\raw\CMU-MOSEI\segments\Iz_PDdyXr-8_004.mp4,data\preprocessed\features\z_at\Iz_PDdyXr-8_004.pt,data\preprocessed\features\z_v\Iz_PDdyXr-8_004.pt
J3JU1zBQ4RM_002,mosei_real,0,mosei_J3JU1zBQ4RM_002,,,-1,1,1,1,D:\Documents\Programming\Thesis_G10\data\raw\CMU-MOSEI\segments\J3JU1zBQ4RM_002.mp4,data\preprocessed\features\z_at\J3JU1zBQ4RM_002.pt,data\preprocessed\features\z_v\J3JU1zBQ4RM_002.pt
J3JU1zBQ4RM_004,mosei_real,0,mosei_J3JU1zBQ4RM_004,,,-1,1,1,1,D:\Documents\Programming\Thesis_G10\data\raw\CMU-MOSEI\segments\J3JU1zBQ4RM_004.mp4,data\preprocessed\features\z_at\J3JU1zBQ4RM_004.pt,data\preprocessed\features\z_v\J3JU1zBQ4RM_004.pt
J3JU1zBQ4RM_005,mosei_real,0,mosei_J3JU1zBQ4RM_005,,,-1,1,1,1,D:\Documents\Programming\Thesis_G10\data\raw\CMU-MOSEI\segments\J3JU1zBQ4RM_005.mp4,data\preprocessed\features\z_at\J3JU1zBQ4RM_005.pt,data\preprocessed\features\z_v\J3JU1zBQ4RM_005.pt
JKueLneBoik_000,mosei_real,0,mosei_JKueLneBoik_000,,,-1,1,1,1,D:\Documents\Programming\Thesis_G10\data\raw\CMU-MOSEI\segments\JKueLneBoik_000.mp4,data\preprocessed\features\z_at\JKueLneBoik_000.pt,data\preprocessed\features\z_v\JKueLneBoik_000.pt
JKueLneBoik_001,mosei_real,0,mosei_JKueLneBoik_001,,,-1,1,1,1,D:\Documents\Programming\Thesis_G10\data\raw\CMU-MOSEI\segments\JKueLneBoik_001.mp4,data\preprocessed\features\z_at\JKueLneBoik_001.pt,data\preprocessed\features\z_v\JKueLneBoik_001.pt
JKueLneBoik_002,mosei_real,0,mosei_JKueLneBoik_002,,,-1,1,1,1,D:\Documents\Programming\Thesis_G10\data\raw\CMU-MOSEI\segments\JKueLneBoik_002.mp4,data\preprocessed\features\z_at\JKueLneBoik_002.pt,data\preprocessed\features\z_v\JKueLneBoik_002.pt
JKueLneBoik_004,mosei_real,0,mosei_JKueLneBoik_004,,,-1,1,1,1,D:\Documents\Programming\Thesis_G10\data\raw\CMU-MOSEI\segments\JKueLneBoik_004.mp4,data\preprocessed\features\z_at\JKueLneBoik_004.pt,data\preprocessed\features\z_v\JKueLneBoik_004.pt
JKueLneBoik_005,mosei_real,0,mosei_JKueLneBoik_005,,,-1,1,1,1,D:\Documents\Programming\Thesis_G10\data\raw\CMU-MOSEI\segments\JKueLneBoik_005.mp4,data\preprocessed\features\z_at\JKueLneBoik_005.pt,data\preprocessed\features\z_v\JKueLneBoik_005.pt
JMzilFvwNXE_000,mosei_real,0,mosei_JMzilFvwNXE_000,,,-1,1,1,1,D:\Documents\Programming\Thesis_G10\data\raw\CMU-MOSEI\segments\JMzilFvwNXE_000.mp4,data\preprocessed\features\z_at\JMzilFvwNXE_000.pt,data\preprocessed\features\z_v\JMzilFvwNXE_000.pt
JMzilFvwNXE_001,mosei_real,0,mosei_JMzilFvwNXE_001,,,-1,1,1,1,D:\Documents\Programming\Thesis_G10\data\raw\CMU-MOSEI\segments\JMzilFvwNXE_001.mp4,data\preprocessed\features\z_at\JMzilFvwNXE_001.pt,data\preprocessed\features\z_v\JMzilFvwNXE_001.pt
JMzilFvwNXE_002,mosei_real,0,mosei_JMzilFvwNXE_002,,,-1,1,1,1,D:\Documents\Programming\Thesis_G10\data\raw\CMU-MOSEI\segments\JMzilFvwNXE_002.mp4,data\preprocessed\features\z_at\JMzilFvwNXE_002.pt,data\preprocessed\features\z_v\JMzilFvwNXE_002.pt
JNt1k3ohkbs_000,mosei_real,0,mosei_JNt1k3ohkbs_000,,,-1,1,1,1,D:\Documents\Programming\Thesis_G10\data\raw\CMU-MOSEI\segments\JNt1k3ohkbs_000.mp4,data\preprocessed\features\z_at\JNt1k3ohkbs_000.pt,data\preprocessed\features\z_v\JNt1k3ohkbs_000.pt
JNt1k3ohkbs_002,mosei_real,0,mosei_JNt1k3ohkbs_002,,,-1,1,1,1,D:\Documents\Programming\Thesis_G10\data\raw\CMU-MOSEI\segments\JNt1k3ohkbs_002.mp4,data\preprocessed\features\z_at\JNt1k3ohkbs_002.pt,data\preprocessed\features\z_v\JNt1k3ohkbs_002.pt
JNt1k3ohkbs_004,mosei_real,0,mosei_JNt1k3ohkbs_004,,,-1,1,1,1,D:\Documents\Programming\Thesis_G10\data\raw\CMU-MOSEI\segments\JNt1k3ohkbs_004.mp4,data\preprocessed\features\z_at\JNt1k3ohkbs_004.pt,data\preprocessed\features\z_v\JNt1k3ohkbs_004.pt
JNt1k3ohkbs_006,mosei_real,0,mosei_JNt1k3ohkbs_006,,,-1,1,1,1,D:\Documents\Programming\Thesis_G10\data\raw\CMU-MOSEI\segments\JNt1k3ohkbs_006.mp4,data\preprocessed\features\z_at\JNt1k3ohkbs_006.pt,data\preprocessed\features\z_v\JNt1k3ohkbs_006.pt
JPT38CA3sGI_002,mosei_real,0,mosei_JPT38CA3sGI_002,,,-1,1,1,1,D:\Documents\Programming\Thesis_G10\data\raw\CMU-MOSEI\segments\JPT38CA3sGI_002.mp4,data\preprocessed\features\z_at\JPT38CA3sGI_002.pt,data\preprocessed\features\z_v\JPT38CA3sGI_002.pt
JPT38CA3sGI_003,mosei_real,0,mosei_JPT38CA3sGI_003,,,-1,1,1,1,D:\Documents\Programming\Thesis_G10\data\raw\CMU-MOSEI\segments\JPT38CA3sGI_003.mp4,data\preprocessed\features\z_at\JPT38CA3sGI_003.pt,data\preprocessed\features\z_v\JPT38CA3sGI_003.pt
JPT38CA3sGI_004,mosei_real,0,mosei_JPT38CA3sGI_004,,,-1,1,1,1,D:\Documents\Programming\Thesis_G10\data\raw\CMU-MOSEI\segments\JPT38CA3sGI_004.mp4,data\preprocessed\features\z_at\JPT38CA3sGI_004.pt,data\preprocessed\features\z_v\JPT38CA3sGI_004.pt
JPT38CA3sGI_005,mosei_real,0,mosei_JPT38CA3sGI_005,,,-1,1,1,1,D:\Documents\Programming\Thesis_G10\data\raw\CMU-MOSEI\segments\JPT38CA3sGI_005.mp4,data\preprocessed\features\z_at\JPT38CA3sGI_005.pt,data\preprocessed\features\z_v\JPT38CA3sGI_005.pt
JW3OfSCZlhc_001,mosei_real,0,mosei_JW3OfSCZlhc_001,,,-1,1,1,1,D:\Documents\Programming\Thesis_G10\data\raw\CMU-MOSEI\segments\JW3OfSCZlhc_001.mp4,data\preprocessed\features\z_at\JW3OfSCZlhc_001.pt,data\preprocessed\features\z_v\JW3OfSCZlhc_001.pt
JW3OfSCZlhc_002,mosei_real,0,mosei_JW3OfSCZlhc_002,,,-1,1,1,1,D:\Documents\Programming\Thesis_G10\data\raw\CMU-MOSEI\segments\JW3OfSCZlhc_002.mp4,data\preprocessed\features\z_at\JW3OfSCZlhc_002.pt,data\preprocessed\features\z_v\JW3OfSCZlhc_002.pt
K62NK2KYhws_000,mosei_real,0,mosei_K62NK2KYhws_000,,,-1,1,1,1,D:\Documents\Programming\Thesis_G10\data\raw\CMU-MOSEI\segments\K62NK2KYhws_000.mp4,data\preprocessed\features\z_at\K62NK2KYhws_000.pt,data\preprocessed\features\z_v\K62NK2KYhws_000.pt
K62NK2KYhws_001,mosei_real,0,mosei_K62NK2KYhws_001,,,-1,1,1,1,D:\Documents\Programming\Thesis_G10\data\raw\CMU-MOSEI\segments\K62NK2KYhws_001.mp4,data\preprocessed\features\z_at\K62NK2KYhws_001.pt,data\preprocessed\features\z_v\K62NK2KYhws_001.pt
K62NK2KYhws_002,mosei_real,0,mosei_K62NK2KYhws_002,,,-1,1,1,1,D:\Documents\Programming\Thesis_G10\data\raw\CMU-MOSEI\segments\K62NK2KYhws_002.mp4,data\preprocessed\features\z_at\K62NK2KYhws_002.pt,data\preprocessed\features\z_v\K62NK2KYhws_002.pt
K62NK2KYhws_003,mosei_real,0,mosei_K62NK2KYhws_003,,,-1,1,1,1,D:\Documents\Programming\Thesis_G10\data\raw\CMU-MOSEI\segments\K62NK2KYhws_003.mp4,data\preprocessed\features\z_at\K62NK2KYhws_003.pt,data\preprocessed\features\z_v\K62NK2KYhws_003.pt
K62NK2KYhws_004,mosei_real,0,mosei_K62NK2KYhws_004,,,-1,1,1,1,D:\Documents\Programming\Thesis_G10\data\raw\CMU-MOSEI\segments\K62NK2KYhws_004.mp4,data\preprocessed\features\z_at\K62NK2KYhws_004.pt,data\preprocessed\features\z_v\K62NK2KYhws_004.pt
K62NK2KYhws_010,mosei_real,0,mosei_K62NK2KYhws_010,,,-1,1,1,1,D:\Documents\Programming\Thesis_G10\data\raw\CMU-MOSEI\segments\K62NK2KYhws_010.mp4,data\preprocessed\features\z_at\K62NK2KYhws_010.pt,data\preprocessed\features\z_v\K62NK2KYhws_010.pt
K62NK2KYhws_011,mosei_real,0,mosei_K62NK2KYhws_011,,,-1,1,1,1,D:\Documents\Programming\Thesis_G10\data\raw\CMU-MOSEI\segments\K62NK2KYhws_011.mp4,data\preprocessed\features\z_at\K62NK2KYhws_011.pt,data\preprocessed\features\z_v\K62NK2KYhws_011.pt
K7FiMf-Dmwo_001,mosei_real,0,mosei_K7FiMf-Dmwo_001,,,-1,1,1,1,D:\Documents\Programming\Thesis_G10\data\raw\CMU-MOSEI\segments\K7FiMf-Dmwo_001.mp4,data\preprocessed\features\z_at\K7FiMf-Dmwo_001.pt,data\preprocessed\features\z_v\K7FiMf-Dmwo_001.pt
KI2sU-mhM44_000,mosei_real,0,mosei_KI2sU-mhM44_000,,,-1,1,1,1,D:\Documents\Programming\Thesis_G10\data\raw\CMU-MOSEI\segments\KI2sU-mhM44_000.mp4,data\preprocessed\features\z_at\KI2sU-mhM44_000.pt,data\preprocessed\features\z_v\KI2sU-mhM44_000.pt
KI2sU-mhM44_001,mosei_real,0,mosei_KI2sU-mhM44_001,,,-1,1,1,1,D:\Documents\Programming\Thesis_G10\data\raw\CMU-MOSEI\segments\KI2sU-mhM44_001.mp4,data\preprocessed\features\z_at\KI2sU-mhM44_001.pt,data\preprocessed\features\z_v\KI2sU-mhM44_001.pt
KI2sU-mhM44_004,mosei_real,0,mosei_KI2sU-mhM44_004,,,-1,1,1,1,D:\Documents\Programming\Thesis_G10\data\raw\CMU-MOSEI\segments\KI2sU-mhM44_004.mp4,data\preprocessed\features\z_at\KI2sU-mhM44_004.pt,data\preprocessed\features\z_v\KI2sU-mhM44_004.pt
KI2sU-mhM44_006,mosei_real,0,mosei_KI2sU-mhM44_006,,,-1,1,1,1,D:\Documents\Programming\Thesis_G10\data\raw\CMU-MOSEI\segments\KI2sU-mhM44_006.mp4,data\preprocessed\features\z_at\KI2sU-mhM44_006.pt,data\preprocessed\features\z_v\KI2sU-mhM44_006.pt
KI2sU-mhM44_007,mosei_real,0,mosei_KI2sU-mhM44_007,,,-1,1,1,1,D:\Documents\Programming\Thesis_G10\data\raw\CMU-MOSEI\segments\KI2sU-mhM44_007.mp4,data\preprocessed\features\z_at\KI2sU-mhM44_007.pt,data\preprocessed\features\z_v\KI2sU-mhM44_007.pt
KJyz9fCt7Is_000,mosei_real,0,mosei_KJyz9fCt7Is_000,,,-1,1,1,1,D:\Documents\Programming\Thesis_G10\data\raw\CMU-MOSEI\segments\KJyz9fCt7Is_000.mp4,data\preprocessed\features\z_at\KJyz9fCt7Is_000.pt,data\preprocessed\features\z_v\KJyz9fCt7Is_000.pt
KJyz9fCt7Is_001,mosei_real,0,mosei_KJyz9fCt7Is_001,,,-1,1,1,1,D:\Documents\Programming\Thesis_G10\data\raw\CMU-MOSEI\segments\KJyz9fCt7Is_001.mp4,data\preprocessed\features\z_at\KJyz9fCt7Is_001.pt,data\preprocessed\features\z_v\KJyz9fCt7Is_001.pt
KJyz9fCt7Is_002,mosei_real,0,mosei_KJyz9fCt7Is_002,,,-1,1,1,1,D:\Documents\Programming\Thesis_G10\data\raw\CMU-MOSEI\segments\KJyz9fCt7Is_002.mp4,data\preprocessed\features\z_at\KJyz9fCt7Is_002.pt,data\preprocessed\features\z_v\KJyz9fCt7Is_002.pt
MjaaudUc5-4_001,mosei_real,0,mosei_MjaaudUc5-4_001,,,-1,1,1,1,D:\Documents\Programming\Thesis_G10\data\raw\CMU-MOSEI\segments\MjaaudUc5-4_001.mp4,data\preprocessed\features\z_at\MjaaudUc5-4_001.pt,data\preprocessed\features\z_v\MjaaudUc5-4_001.pt
MjaaudUc5-4_003,mosei_real,0,mosei_MjaaudUc5-4_003,,,-1,1,1,1,D:\Documents\Programming\Thesis_G10\data\raw\CMU-MOSEI\segments\MjaaudUc5-4_003.mp4,data\preprocessed\features\z_at\MjaaudUc5-4_003.pt,data\preprocessed\features\z_v\MjaaudUc5-4_003.pt
MjaaudUc5-4_005,mosei_real,0,mosei_MjaaudUc5-4_005,,,-1,1,1,1,D:\Documents\Programming\Thesis_G10\data\raw\CMU-MOSEI\segments\MjaaudUc5-4_005.mp4,data\preprocessed\features\z_at\MjaaudUc5-4_005.pt,data\preprocessed\features\z_v\MjaaudUc5-4_005.pt
MjaaudUc5-4_006,mosei_real,0,mosei_MjaaudUc5-4_006,,,-1,1,1,1,D:\Documents\Programming\Thesis_G10\data\raw\CMU-MOSEI\segments\MjaaudUc5-4_006.mp4,data\preprocessed\features\z_at\MjaaudUc5-4_006.pt,data\preprocessed\features\z_v\MjaaudUc5-4_006.pt
MmJD4KBT0nk_003,mosei_real,0,mosei_MmJD4KBT0nk_003,,,-1,1,1,1,D:\Documents\Programming\Thesis_G10\data\raw\CMU-MOSEI\segments\MmJD4KBT0nk_003.mp4,data\preprocessed\features\z_at\MmJD4KBT0nk_003.pt,data\preprocessed\features\z_v\MmJD4KBT0nk_003.pt
MmJD4KBT0nk_004,mosei_real,0,mosei_MmJD4KBT0nk_004,,,-1,1,1,1,D:\Documents\Programming\Thesis_G10\data\raw\CMU-MOSEI\segments\MmJD4KBT0nk_004.mp4,data\preprocessed\features\z_at\MmJD4KBT0nk_004.pt,data\preprocessed\features\z_v\MmJD4KBT0nk_004.pt
MoQmPA7Q07Q_000,mosei_real,0,mosei_MoQmPA7Q07Q_000,,,-1,1,1,1,D:\Documents\Programming\Thesis_G10\data\raw\CMU-MOSEI\segments\MoQmPA7Q07Q_000.mp4,data\preprocessed\features\z_at\MoQmPA7Q07Q_000.pt,data\preprocessed\features\z_v\MoQmPA7Q07Q_000.pt
MoQmPA7Q07Q_004,mosei_real,0,mosei_MoQmPA7Q07Q_004,,,-1,1,1,1,D:\Documents\Programming\Thesis_G10\data\raw\CMU-MOSEI\segments\MoQmPA7Q07Q_004.mp4,data\preprocessed\features\z_at\MoQmPA7Q07Q_004.pt,data\preprocessed\features\z_v\MoQmPA7Q07Q_004.pt
MoQmPA7Q07Q_005,mosei_real,0,mosei_MoQmPA7Q07Q_005,,,-1,1,1,1,D:\Documents\Programming\Thesis_G10\data\raw\CMU-MOSEI\segments\MoQmPA7Q07Q_005.mp4,data\preprocessed\features\z_at\MoQmPA7Q07Q_005.pt,data\preprocessed\features\z_v\MoQmPA7Q07Q_005.pt
MpuWcGn2Lcg_000,mosei_real,0,mosei_MpuWcGn2Lcg_000,,,-1,1,1,1,D:\Documents\Programming\Thesis_G10\data\raw\CMU-MOSEI\segments\MpuWcGn2Lcg_000.mp4,data\preprocessed\features\z_at\MpuWcGn2Lcg_000.pt,data\preprocessed\features\z_v\MpuWcGn2Lcg_000.pt
MpuWcGn2Lcg_001,mosei_real,0,mosei_MpuWcGn2Lcg_001,,,-1,1,1,1,D:\Documents\Programming\Thesis_G10\data\raw\CMU-MOSEI\segments\MpuWcGn2Lcg_001.mp4,data\preprocessed\features\z_at\MpuWcGn2Lcg_001.pt,data\preprocessed\features\z_v\MpuWcGn2Lcg_001.pt
MpuWcGn2Lcg_003,mosei_real,0,mosei_MpuWcGn2Lcg_003,,,-1,1,1,1,D:\Documents\Programming\Thesis_G10\data\raw\CMU-MOSEI\segments\MpuWcGn2Lcg_003.mp4,data\preprocessed\features\z_at\MpuWcGn2Lcg_003.pt,data\preprocessed\features\z_v\MpuWcGn2Lcg_003.pt
MpuWcGn2Lcg_004,mosei_real,0,mosei_MpuWcGn2Lcg_004,,,-1,1,1,1,D:\Documents\Programming\Thesis_G10\data\raw\CMU-MOSEI\segments\MpuWcGn2Lcg_004.mp4,data\preprocessed\features\z_at\MpuWcGn2Lcg_004.pt,data\preprocessed\features\z_v\MpuWcGn2Lcg_004.pt
MroQfGehC84_003,mosei_real,0,mosei_MroQfGehC84_003,,,-1,1,1,1,D:\Documents\Programming\Thesis_G10\data\raw\CMU-MOSEI\segments\MroQfGehC84_003.mp4,data\preprocessed\features\z_at\MroQfGehC84_003.pt,data\preprocessed\features\z_v\MroQfGehC84_003.pt
MroQfGehC84_005,mosei_real,0,mosei_MroQfGehC84_005,,,-1,1,1,1,D:\Documents\Programming\Thesis_G10\data\raw\CMU-MOSEI\segments\MroQfGehC84_005.mp4,data\preprocessed\features\z_at\MroQfGehC84_005.pt,data\preprocessed\features\z_v\MroQfGehC84_005.pt
MroQfGehC84_010,mosei_real,0,mosei_MroQfGehC84_010,,,-1,1,1,1,D:\Documents\Programming\Thesis_G10\data\raw\CMU-MOSEI\segments\MroQfGehC84_010.mp4,data\preprocessed\features\z_at\MroQfGehC84_010.pt,data\preprocessed\features\z_v\MroQfGehC84_010.pt
MsjnLoTKAXo_000,mosei_real,0,mosei_MsjnLoTKAXo_000,,,-1,1,1,1,D:\Documents\Programming\Thesis_G10\data\raw\CMU-MOSEI\segments\MsjnLoTKAXo_000.mp4,data\preprocessed\features\z_at\MsjnLoTKAXo_000.pt,data\preprocessed\features\z_v\MsjnLoTKAXo_000.pt
MsjnLoTKAXo_001,mosei_real,0,mosei_MsjnLoTKAXo_001,,,-1,1,1,1,D:\Documents\Programming\Thesis_G10\data\raw\CMU-MOSEI\segments\MsjnLoTKAXo_001.mp4,data\preprocessed\features\z_at\MsjnLoTKAXo_001.pt,data\preprocessed\features\z_v\MsjnLoTKAXo_001.pt
MsjnLoTKAXo_002,mosei_real,0,mosei_MsjnLoTKAXo_002,,,-1,1,1,1,D:\Documents\Programming\Thesis_G10\data\raw\CMU-MOSEI\segments\MsjnLoTKAXo_002.mp4,data\preprocessed\features\z_at\MsjnLoTKAXo_002.pt,data\preprocessed\features\z_v\MsjnLoTKAXo_002.pt
MsjnLoTKAXo_003,mosei_real,0,mosei_MsjnLoTKAXo_003,,,-1,1,1,1,D:\Documents\Programming\Thesis_G10\data\raw\CMU-MOSEI\segments\MsjnLoTKAXo_003.mp4,data\preprocessed\features\z_at\MsjnLoTKAXo_003.pt,data\preprocessed\features\z_v\MsjnLoTKAXo_003.pt
MsjnLoTKAXo_004,mosei_real,0,mosei_MsjnLoTKAXo_004,,,-1,1,1,1,D:\Documents\Programming\Thesis_G10\data\raw\CMU-MOSEI\segments\MsjnLoTKAXo_004.mp4,data\preprocessed\features\z_at\MsjnLoTKAXo_004.pt,data\preprocessed\features\z_v\MsjnLoTKAXo_004.pt
Mw4EZYZAd9c_002,mosei_real,0,mosei_Mw4EZYZAd9c_002,,,-1,1,1,1,D:\Documents\Programming\Thesis_G10\data\raw\CMU-MOSEI\segments\Mw4EZYZAd9c_002.mp4,data\preprocessed\features\z_at\Mw4EZYZAd9c_002.pt,data\preprocessed\features\z_v\Mw4EZYZAd9c_002.pt
MyfRrTjglm8_000,mosei_real,0,mosei_MyfRrTjglm8_000,,,-1,1,1,1,D:\Documents\Programming\Thesis_G10\data\raw\CMU-MOSEI\segments\MyfRrTjglm8_000.mp4,data\preprocessed\features\z_at\MyfRrTjglm8_000.pt,data\preprocessed\features\z_v\MyfRrTjglm8_000.pt
MyfRrTjglm8_001,mosei_real,0,mosei_MyfRrTjglm8_001,,,-1,1,1,1,D:\Documents\Programming\Thesis_G10\data\raw\CMU-MOSEI\segments\MyfRrTjglm8_001.mp4,data\preprocessed\features\z_at\MyfRrTjglm8_001.pt,data\preprocessed\features\z_v\MyfRrTjglm8_001.pt
MyfRrTjglm8_002,mosei_real,0,mosei_MyfRrTjglm8_002,,,-1,1,1,1,D:\Documents\Programming\Thesis_G10\data\raw\CMU-MOSEI\segments\MyfRrTjglm8_002.mp4,data\preprocessed\features\z_at\MyfRrTjglm8_002.pt,data\preprocessed\features\z_v\MyfRrTjglm8_002.pt
MyfRrTjglm8_003,mosei_real,0,mosei_MyfRrTjglm8_003,,,-1,1,1,1,D:\Documents\Programming\Thesis_G10\data\raw\CMU-MOSEI\segments\MyfRrTjglm8_003.mp4,data\preprocessed\features\z_at\MyfRrTjglm8_003.pt,data\preprocessed\features\z_v\MyfRrTjglm8_003.pt
MyfRrTjglm8_005,mosei_real,0,mosei_MyfRrTjglm8_005,,,-1,1,1,1,D:\Documents\Programming\Thesis_G10\data\raw\CMU-MOSEI\segments\MyfRrTjglm8_005.mp4,data\preprocessed\features\z_at\MyfRrTjglm8_005.pt,data\preprocessed\features\z_v\MyfRrTjglm8_005.pt
N188QSyfmeQ_000,mosei_real,0,mosei_N188QSyfmeQ_000,,,-1,1,1,1,D:\Documents\Programming\Thesis_G10\data\raw\CMU-MOSEI\segments\N188QSyfmeQ_000.mp4,data\preprocessed\features\z_at\N188QSyfmeQ_000.pt,data\preprocessed\features\z_v\N188QSyfmeQ_000.pt
N188QSyfmeQ_001,mosei_real,0,mosei_N188QSyfmeQ_001,,,-1,1,1,1,D:\Documents\Programming\Thesis_G10\data\raw\CMU-MOSEI\segments\N188QSyfmeQ_001.mp4,data\preprocessed\features\z_at\N188QSyfmeQ_001.pt,data\preprocessed\features\z_v\N188QSyfmeQ_001.pt
N188QSyfmeQ_002,mosei_real,0,mosei_N188QSyfmeQ_002,,,-1,1,1,1,D:\Documents\Programming\Thesis_G10\data\raw\CMU-MOSEI\segments\N188QSyfmeQ_002.mp4,data\preprocessed\features\z_at\N188QSyfmeQ_002.pt,data\preprocessed\features\z_v\N188QSyfmeQ_002.pt
N188QSyfmeQ_003,mosei_real,0,mosei_N188QSyfmeQ_003,,,-1,1,1,1,D:\Documents\Programming\Thesis_G10\data\raw\CMU-MOSEI\segments\N188QSyfmeQ_003.mp4,data\preprocessed\features\z_at\N188QSyfmeQ_003.pt,data\preprocessed\features\z_v\N188QSyfmeQ_003.pt
N188QSyfmeQ_004,mosei_real,0,mosei_N188QSyfmeQ_004,,,-1,1,1,1,D:\Documents\Programming\Thesis_G10\data\raw\CMU-MOSEI\segments\N188QSyfmeQ_004.mp4,data\preprocessed\features\z_at\N188QSyfmeQ_004.pt,data\preprocessed\features\z_v\N188QSyfmeQ_004.pt
N3QuD26DuCI_001,mosei_real,0,mosei_N3QuD26DuCI_001,,,-1,1,1,1,D:\Documents\Programming\Thesis_G10\data\raw\CMU-MOSEI\segments\N3QuD26DuCI_001.mp4,data\preprocessed\features\z_at\N3QuD26DuCI_001.pt,data\preprocessed\features\z_v\N3QuD26DuCI_001.pt
N3QuD26DuCI_002,mosei_real,0,mosei_N3QuD26DuCI_002,,,-1,1,1,1,D:\Documents\Programming\Thesis_G10\data\raw\CMU-MOSEI\segments\N3QuD26DuCI_002.mp4,data\preprocessed\features\z_at\N3QuD26DuCI_002.pt,data\preprocessed\features\z_v\N3QuD26DuCI_002.pt
N3QuD26DuCI_004,mosei_real,0,mosei_N3QuD26DuCI_004,,,-1,1,1,1,D:\Documents\Programming\Thesis_G10\data\raw\CMU-MOSEI\segments\N3QuD26DuCI_004.mp4,data\preprocessed\features\z_at\N3QuD26DuCI_004.pt,data\preprocessed\features\z_v\N3QuD26DuCI_004.pt
N3QuD26DuCI_005,mosei_real,0,mosei_N3QuD26DuCI_005,,,-1,1,1,1,D:\Documents\Programming\Thesis_G10\data\raw\CMU-MOSEI\segments\N3QuD26DuCI_005.mp4,data\preprocessed\features\z_at\N3QuD26DuCI_005.pt,data\preprocessed\features\z_v\N3QuD26DuCI_005.pt
N4WOBzpZtWM_000,mosei_real,0,mosei_N4WOBzpZtWM_000,,,-1,1,1,1,D:\Documents\Programming\Thesis_G10\data\raw\CMU-MOSEI\segments\N4WOBzpZtWM_000.mp4,data\preprocessed\features\z_at\N4WOBzpZtWM_000.pt,data\preprocessed\features\z_v\N4WOBzpZtWM_000.pt
N5xfBtD6rLY_001,mosei_real,0,mosei_N5xfBtD6rLY_001,,,-1,1,1,1,D:\Documents\Programming\Thesis_G10\data\raw\CMU-MOSEI\segments\N5xfBtD6rLY_001.mp4,data\preprocessed\features\z_at\N5xfBtD6rLY_001.pt,data\preprocessed\features\z_v\N5xfBtD6rLY_001.pt
N5xfBtD6rLY_005,mosei_real,0,mosei_N5xfBtD6rLY_005,,,-1,1,1,1,D:\Documents\Programming\Thesis_G10\data\raw\CMU-MOSEI\segments\N5xfBtD6rLY_005.mp4,data\preprocessed\features\z_at\N5xfBtD6rLY_005.pt,data\preprocessed\features\z_v\N5xfBtD6rLY_005.pt
N7tS7A0WWpM_000,mosei_real,0,mosei_N7tS7A0WWpM_000,,,-1,1,1,1,D:\Documents\Programming\Thesis_G10\data\raw\CMU-MOSEI\segments\N7tS7A0WWpM_000.mp4,data\preprocessed\features\z_at\N7tS7A0WWpM_000.pt,data\preprocessed\features\z_v\N7tS7A0WWpM_000.pt
N7tS7A0WWpM_001,mosei_real,0,mosei_N7tS7A0WWpM_001,,,-1,1,1,1,D:\Documents\Programming\Thesis_G10\data\raw\CMU-MOSEI\segments\N7tS7A0WWpM_001.mp4,data\preprocessed\features\z_at\N7tS7A0WWpM_001.pt,data\preprocessed\features\z_v\N7tS7A0WWpM_001.pt
N7tS7A0WWpM_002,mosei_real,0,mosei_N7tS7A0WWpM_002,,,-1,1,1,1,D:\Documents\Programming\Thesis_G10\data\raw\CMU-MOSEI\segments\N7tS7A0WWpM_002.mp4,data\preprocessed\features\z_at\N7tS7A0WWpM_002.pt,data\preprocessed\features\z_v\N7tS7A0WWpM_002.pt
N7tS7A0WWpM_003,mosei_real,0,mosei_N7tS7A0WWpM_003,,,-1,1,1,1,D:\Documents\Programming\Thesis_G10\data\raw\CMU-MOSEI\segments\N7tS7A0WWpM_003.mp4,data\preprocessed\features\z_at\N7tS7A0WWpM_003.pt,data\preprocessed\features\z_v\N7tS7A0WWpM_003.pt
N7tS7A0WWpM_004,mosei_real,0,mosei_N7tS7A0WWpM_004,,,-1,1,1,1,D:\Documents\Programming\Thesis_G10\data\raw\CMU-MOSEI\segments\N7tS7A0WWpM_004.mp4,data\preprocessed\features\z_at\N7tS7A0WWpM_004.pt,data\preprocessed\features\z_v\N7tS7A0WWpM_004.pt
N7tS7A0WWpM_005,mosei_real,0,mosei_N7tS7A0WWpM_005,,,-1,1,1,1,D:\Documents\Programming\Thesis_G10\data\raw\CMU-MOSEI\segments\N7tS7A0WWpM_005.mp4,data\preprocessed\features\z_at\N7tS7A0WWpM_005.pt,data\preprocessed\features\z_v\N7tS7A0WWpM_005.pt
N7tS7A0WWpM_006,mosei_real,0,mosei_N7tS7A0WWpM_006,,,-1,1,1,1,D:\Documents\Programming\Thesis_G10\data\raw\CMU-MOSEI\segments\N7tS7A0WWpM_006.mp4,data\preprocessed\features\z_at\N7tS7A0WWpM_006.pt,data\preprocessed\features\z_v\N7tS7A0WWpM_006.pt
N7tS7A0WWpM_008,mosei_real,0,mosei_N7tS7A0WWpM_008,,,-1,1,1,1,D:\Documents\Programming\Thesis_G10\data\raw\CMU-MOSEI\segments\N7tS7A0WWpM_008.mp4,data\preprocessed\features\z_at\N7tS7A0WWpM_008.pt,data\preprocessed\features\z_v\N7tS7A0WWpM_008.pt
NCJTV5KaJJc_000,mosei_real,0,mosei_NCJTV5KaJJc_000,,,-1,1,1,1,D:\Documents\Programming\Thesis_G10\data\raw\CMU-MOSEI\segments\NCJTV5KaJJc_000.mp4,data\preprocessed\features\z_at\NCJTV5KaJJc_000.pt,data\preprocessed\features\z_v\NCJTV5KaJJc_000.pt
NCJTV5KaJJc_001,mosei_real,0,mosei_NCJTV5KaJJc_001,,,-1,1,1,1,D:\Documents\Programming\Thesis_G10\data\raw\CMU-MOSEI\segments\NCJTV5KaJJc_001.mp4,data\preprocessed\features\z_at\NCJTV5KaJJc_001.pt,data\preprocessed\features\z_v\NCJTV5KaJJc_001.pt
NCJTV5KaJJc_005,mosei_real,0,mosei_NCJTV5KaJJc_005,,,-1,1,1,1,D:\Documents\Programming\Thesis_G10\data\raw\CMU-MOSEI\segments\NCJTV5KaJJc_005.mp4,data\preprocessed\features\z_at\NCJTV5KaJJc_005.pt,data\preprocessed\features\z_v\NCJTV5KaJJc_005.pt
NCJTV5KaJJc_007,mosei_real,0,mosei_NCJTV5KaJJc_007,,,-1,1,1,1,D:\Documents\Programming\Thesis_G10\data\raw\CMU-MOSEI\segments\NCJTV5KaJJc_007.mp4,data\preprocessed\features\z_at\NCJTV5KaJJc_007.pt,data\preprocessed\features\z_v\NCJTV5KaJJc_007.pt
NDMAVMZyISM_001,mosei_real,0,mosei_NDMAVMZyISM_001,,,-1,1,1,1,D:\Documents\Programming\Thesis_G10\data\raw\CMU-MOSEI\segments\NDMAVMZyISM_001.mp4,data\preprocessed\features\z_at\NDMAVMZyISM_001.pt,data\preprocessed\features\z_v\NDMAVMZyISM_001.pt
NDMAVMZyISM_002,mosei_real,0,mosei_NDMAVMZyISM_002,,,-1,1,1,1,D:\Documents\Programming\Thesis_G10\data\raw\CMU-MOSEI\segments\NDMAVMZyISM_002.mp4,data\preprocessed\features\z_at\NDMAVMZyISM_002.pt,data\preprocessed\features\z_v\NDMAVMZyISM_002.pt
NDMAVMZyISM_004,mosei_real,0,mosei_NDMAVMZyISM_004,,,-1,1,1,1,D:\Documents\Programming\Thesis_G10\data\raw\CMU-MOSEI\segments\NDMAVMZyISM_004.mp4,data\preprocessed\features\z_at\NDMAVMZyISM_004.pt,data\preprocessed\features\z_v\NDMAVMZyISM_004.pt
NG7QLq4XlWo_001,mosei_real,0,mosei_NG7QLq4XlWo_001,,,-1,1,1,1,D:\Documents\Programming\Thesis_G10\data\raw\CMU-MOSEI\segments\NG7QLq4XlWo_001.mp4,data\preprocessed\features\z_at\NG7QLq4XlWo_001.pt,data\preprocessed\features\z_v\NG7QLq4XlWo_001.pt
NG7QLq4XlWo_002,mosei_real,0,mosei_NG7QLq4XlWo_002,,,-1,1,1,1,D:\Documents\Programming\Thesis_G10\data\raw\CMU-MOSEI\segments\NG7QLq4XlWo_002.mp4,data\preprocessed\features\z_at\NG7QLq4XlWo_002.pt,data\preprocessed\features\z_v\NG7QLq4XlWo_002.pt
NG7QLq4XlWo_005,mosei_real,0,mosei_NG7QLq4XlWo_005,,,-1,1,1,1,D:\Documents\Programming\Thesis_G10\data\raw\CMU-MOSEI\segments\NG7QLq4XlWo_005.mp4,data\preprocessed\features\z_at\NG7QLq4XlWo_005.pt,data\preprocessed\features\z_v\NG7QLq4XlWo_005.pt
NG7QLq4XlWo_008,mosei_real,0,mosei_NG7QLq4XlWo_008,,,-1,1,1,1,D:\Documents\Programming\Thesis_G10\data\raw\CMU-MOSEI\segments\NG7QLq4XlWo_008.mp4,data\preprocessed\features\z_at\NG7QLq4XlWo_008.pt,data\preprocessed\features\z_v\NG7QLq4XlWo_008.pt
NG7QLq4XlWo_011,mosei_real,0,mosei_NG7QLq4XlWo_011,,,-1,1,1,1,D:\Documents\Programming\Thesis_G10\data\raw\CMU-MOSEI\segments\NG7QLq4XlWo_011.mp4,data\preprocessed\features\z_at\NG7QLq4XlWo_011.pt,data\preprocessed\features\z_v\NG7QLq4XlWo_011.pt
NG7QLq4XlWo_013,mosei_real,0,mosei_NG7QLq4XlWo_013,,,-1,1,1,1,D:\Documents\Programming\Thesis_G10\data\raw\CMU-MOSEI\segments\NG7QLq4XlWo_013.mp4,data\preprocessed\features\z_at\NG7QLq4XlWo_013.pt,data\preprocessed\features\z_v\NG7QLq4XlWo_013.pt
NG7QLq4XlWo_015,mosei_real,0,mosei_NG7QLq4XlWo_015,,,-1,1,1,1,D:\Documents\Programming\Thesis_G10\data\raw\CMU-MOSEI\segments\NG7QLq4XlWo_015.mp4,data\preprocessed\features\z_at\NG7QLq4XlWo_015.pt,data\preprocessed\features\z_v\NG7QLq4XlWo_015.pt
NIpuKcoJhGM_000,mosei_real,0,mosei_NIpuKcoJhGM_000,,,-1,1,1,1,D:\Documents\Programming\Thesis_G10\data\raw\CMU-MOSEI\segments\NIpuKcoJhGM_000.mp4,data\preprocessed\features\z_at\NIpuKcoJhGM_000.pt,data\preprocessed\features\z_v\NIpuKcoJhGM_000.pt
NOGhjdK-rDI_000,mosei_real,0,mosei_NOGhjdK-rDI_000,,,-1,1,1,1,D:\Documents\Programming\Thesis_G10\data\raw\CMU-MOSEI\segments\NOGhjdK-rDI_000.mp4,data\preprocessed\features\z_at\NOGhjdK-rDI_000.pt,data\preprocessed\features\z_v\NOGhjdK-rDI_000.pt
NOl0v54DaXo_001,mosei_real,0,mosei_NOl0v54DaXo_001,,,-1,1,1,1,D:\Documents\Programming\Thesis_G10\data\raw\CMU-MOSEI\segments\NOl0v54DaXo_001.mp4,data\preprocessed\features\z_at\NOl0v54DaXo_001.pt,data\preprocessed\features\z_v\NOl0v54DaXo_001.pt
NOl0v54DaXo_002,mosei_real,0,mosei_NOl0v54DaXo_002,,,-1,1,1,1,D:\Documents\Programming\Thesis_G10\data\raw\CMU-MOSEI\segments\NOl0v54DaXo_002.mp4,data\preprocessed\features\z_at\NOl0v54DaXo_002.pt,data\preprocessed\features\z_v\NOl0v54DaXo_002.pt
NOl0v54DaXo_003,mosei_real,0,mosei_NOl0v54DaXo_003,,,-1,1,1,1,D:\Documents\Programming\Thesis_G10\data\raw\CMU-MOSEI\segments\NOl0v54DaXo_003.mp4,data\preprocessed\features\z_at\NOl0v54DaXo_003.pt,data\preprocessed\features\z_v\NOl0v54DaXo_003.pt
NOl0v54DaXo_005,mosei_real,0,mosei_NOl0v54DaXo_005,,,-1,1,1,1,D:\Documents\Programming\Thesis_G10\data\raw\CMU-MOSEI\segments\NOl0v54DaXo_005.mp4,data\preprocessed\features\z_at\NOl0v54DaXo_005.pt,data\preprocessed\features\z_v\NOl0v54DaXo_005.pt
NOl0v54DaXo_006,mosei_real,0,mosei_NOl0v54DaXo_006,,,-1,1,1,1,D:\Documents\Programming\Thesis_G10\data\raw\CMU-MOSEI\segments\NOl0v54DaXo_006.mp4,data\preprocessed\features\z_at\NOl0v54DaXo_006.pt,data\preprocessed\features\z_v\NOl0v54DaXo_006.pt
NOl0v54DaXo_007,mosei_real,0,mosei_NOl0v54DaXo_007,,,-1,1,1,1,D:\Documents\Programming\Thesis_G10\data\raw\CMU-MOSEI\segments\NOl0v54DaXo_007.mp4,data\preprocessed\features\z_at\NOl0v54DaXo_007.pt,data\preprocessed\features\z_v\NOl0v54DaXo_007.pt
NOl0v54DaXo_008,mosei_real,0,mosei_NOl0v54DaXo_008,,,-1,1,1,1,D:\Documents\Programming\Thesis_G10\data\raw\CMU-MOSEI\segments\NOl0v54DaXo_008.mp4,data\preprocessed\features\z_at\NOl0v54DaXo_008.pt,data\preprocessed\features\z_v\NOl0v54DaXo_008.pt
NOl0v54DaXo_009,mosei_real,0,mosei_NOl0v54DaXo_009,,,-1,1,1,1,D:\Documents\Programming\Thesis_G10\data\raw\CMU-MOSEI\segments\NOl0v54DaXo_009.mp4,data\preprocessed\features\z_at\NOl0v54DaXo_009.pt,data\preprocessed\features\z_v\NOl0v54DaXo_009.pt
NOl0v54DaXo_010,mosei_real,0,mosei_NOl0v54DaXo_010,,,-1,1,1,1,D:\Documents\Programming\Thesis_G10\data\raw\CMU-MOSEI\segments\NOl0v54DaXo_010.mp4,data\preprocessed\features\z_at\NOl0v54DaXo_010.pt,data\preprocessed\features\z_v\NOl0v54DaXo_010.pt
NOl0v54DaXo_011,mosei_real,0,mosei_NOl0v54DaXo_011,,,-1,1,1,1,D:\Documents\Programming\Thesis_G10\data\raw\CMU-MOSEI\segments\NOl0v54DaXo_011.mp4,data\preprocessed\features\z_at\NOl0v54DaXo_011.pt,data\preprocessed\features\z_v\NOl0v54DaXo_011.pt
NSihgq4R8Z0_000,mosei_real,0,mosei_NSihgq4R8Z0_000,,,-1,1,1,1,D:\Documents\Programming\Thesis_G10\data\raw\CMU-MOSEI\segments\NSihgq4R8Z0_000.mp4,data\preprocessed\features\z_at\NSihgq4R8Z0_000.pt,data\preprocessed\features\z_v\NSihgq4R8Z0_000.pt
NSihgq4R8Z0_001,mosei_real,0,mosei_NSihgq4R8Z0_001,,,-1,1,1,1,D:\Documents\Programming\Thesis_G10\data\raw\CMU-MOSEI\segments\NSihgq4R8Z0_001.mp4,data\preprocessed\features\z_at\NSihgq4R8Z0_001.pt,data\preprocessed\features\z_v\NSihgq4R8Z0_001.pt
NSihgq4R8Z0_002,mosei_real,0,mosei_NSihgq4R8Z0_002,,,-1,1,1,1,D:\Documents\Programming\Thesis_G10\data\raw\CMU-MOSEI\segments\NSihgq4R8Z0_002.mp4,data\preprocessed\features\z_at\NSihgq4R8Z0_002.pt,data\preprocessed\features\z_v\NSihgq4R8Z0_002.pt
NVlxq3jxlAk_000,mosei_real,0,mosei_NVlxq3jxlAk_000,,,-1,1,1,1,D:\Documents\Programming\Thesis_G10\data\raw\CMU-MOSEI\segments\NVlxq3jxlAk_000.mp4,data\preprocessed\features\z_at\NVlxq3jxlAk_000.pt,data\preprocessed\features\z_v\NVlxq3jxlAk_000.pt
NVlxq3jxlAk_001,mosei_real,0,mosei_NVlxq3jxlAk_001,,,-1,1,1,1,D:\Documents\Programming\Thesis_G10\data\raw\CMU-MOSEI\segments\NVlxq3jxlAk_001.mp4,data\preprocessed\features\z_at\NVlxq3jxlAk_001.pt,data\preprocessed\features\z_v\NVlxq3jxlAk_001.pt
NVlxq3jxlAk_002,mosei_real,0,mosei_NVlxq3jxlAk_002,,,-1,1,1,1,D:\Documents\Programming\Thesis_G10\data\raw\CMU-MOSEI\segments\NVlxq3jxlAk_002.mp4,data\preprocessed\features\z_at\NVlxq3jxlAk_002.pt,data\preprocessed\features\z_v\NVlxq3jxlAk_002.pt
NVlxq3jxlAk_003,mosei_real,0,mosei_NVlxq3jxlAk_003,,,-1,1,1,1,D:\Documents\Programming\Thesis_G10\data\raw\CMU-MOSEI\segments\NVlxq3jxlAk_003.mp4,data\preprocessed\features\z_at\NVlxq3jxlAk_003.pt,data\preprocessed\features\z_v\NVlxq3jxlAk_003.pt
NVlxq3jxlAk_005,mosei_real,0,mosei_NVlxq3jxlAk_005,,,-1,1,1,1,D:\Documents\Programming\Thesis_G10\data\raw\CMU-MOSEI\segments\NVlxq3jxlAk_005.mp4,data\preprocessed\features\z_at\NVlxq3jxlAk_005.pt,data\preprocessed\features\z_v\NVlxq3jxlAk_005.pt
NVlxq3jxlAk_006,mosei_real,0,mosei_NVlxq3jxlAk_006,,,-1,1,1,1,D:\Documents\Programming\Thesis_G10\data\raw\CMU-MOSEI\segments\NVlxq3jxlAk_006.mp4,data\preprocessed\features\z_at\NVlxq3jxlAk_006.pt,data\preprocessed\features\z_v\NVlxq3jxlAk_006.pt
NVlxq3jxlAk_007,mosei_real,0,mosei_NVlxq3jxlAk_007,,,-1,1,1,1,D:\Documents\Programming\Thesis_G10\data\raw\CMU-MOSEI\segments\NVlxq3jxlAk_007.mp4,data\preprocessed\features\z_at\NVlxq3jxlAk_007.pt,data\preprocessed\features\z_v\NVlxq3jxlAk_007.pt
NVlxq3jxlAk_008,mosei_real,0,mosei_NVlxq3jxlAk_008,,,-1,1,1,1,D:\Documents\Programming\Thesis_G10\data\raw\CMU-MOSEI\segments\NVlxq3jxlAk_008.mp4,data\preprocessed\features\z_at\NVlxq3jxlAk_008.pt,data\preprocessed\features\z_v\NVlxq3jxlAk_008.pt
NVlxq3jxlAk_009,mosei_real,0,mosei_NVlxq3jxlAk_009,,,-1,1,1,1,D:\Documents\Programming\Thesis_G10\data\raw\CMU-MOSEI\segments\NVlxq3jxlAk_009.mp4,data\preprocessed\features\z_at\NVlxq3jxlAk_009.pt,data\preprocessed\features\z_v\NVlxq3jxlAk_009.pt
N_dNuV-4iAo_000,mosei_real,0,mosei_N_dNuV-4iAo_000,,,-1,1,1,1,D:\Documents\Programming\Thesis_G10\data\raw\CMU-MOSEI\segments\N_dNuV-4iAo_000.mp4,data\preprocessed\features\z_at\N_dNuV-4iAo_000.pt,data\preprocessed\features\z_v\N_dNuV-4iAo_000.pt
NaWmaHwjElo_001,mosei_real,0,mosei_NaWmaHwjElo_001,,,-1,1,1,1,D:\Documents\Programming\Thesis_G10\data\raw\CMU-MOSEI\segments\NaWmaHwjElo_001.mp4,data\preprocessed\features\z_at\NaWmaHwjElo_001.pt,data\preprocessed\features\z_v\NaWmaHwjElo_001.pt
Nd55vByy2F8_000,mosei_real,0,mosei_Nd55vByy2F8_000,,,-1,1,1,1,D:\Documents\Programming\Thesis_G10\data\raw\CMU-MOSEI\segments\Nd55vByy2F8_000.mp4,data\preprocessed\features\z_at\Nd55vByy2F8_000.pt,data\preprocessed\features\z_v\Nd55vByy2F8_000.pt
Nd55vByy2F8_002,mosei_real,0,mosei_Nd55vByy2F8_002,,,-1,1,1,1,D:\Documents\Programming\Thesis_G10\data\raw\CMU-MOSEI\segments\Nd55vByy2F8_002.mp4,data\preprocessed\features\z_at\Nd55vByy2F8_002.pt,data\preprocessed\features\z_v\Nd55vByy2F8_002.pt
Nd55vByy2F8_003,mosei_real,0,mosei_Nd55vByy2F8_003,,,-1,1,1,1,D:\Documents\Programming\Thesis_G10\data\raw\CMU-MOSEI\segments\Nd55vByy2F8_003.mp4,data\preprocessed\features\z_at\Nd55vByy2F8_003.pt,data\preprocessed\features\z_v\Nd55vByy2F8_003.pt
NiAjz4ciA60_000,mosei_real,0,mosei_NiAjz4ciA60_000,,,-1,1,1,1,D:\Documents\Programming\Thesis_G10\data\raw\CMU-MOSEI\segments\NiAjz4ciA60_000.mp4,data\preprocessed\features\z_at\NiAjz4ciA60_000.pt,data\preprocessed\features\z_v\NiAjz4ciA60_000.pt
NiAjz4ciA60_003,mosei_real,0,mosei_NiAjz4ciA60_003,,,-1,1,1,1,D:\Documents\Programming\Thesis_G10\data\raw\CMU-MOSEI\segments\NiAjz4ciA60_003.mp4,data\preprocessed\features\z_at\NiAjz4ciA60_003.pt,data\preprocessed\features\z_v\NiAjz4ciA60_003.pt
NocexkPXja8_001,mosei_real,0,mosei_NocexkPXja8_001,,,-1,1,1,1,D:\Documents\Programming\Thesis_G10\data\raw\CMU-MOSEI\segments\NocexkPXja8_001.mp4,data\preprocessed\features\z_at\NocexkPXja8_001.pt,data\preprocessed\features\z_v\NocexkPXja8_001.pt
Ns_h5IVcZ9k_000,mosei_real,0,mosei_Ns_h5IVcZ9k_000,,,-1,1,1,1,D:\Documents\Programming\Thesis_G10\data\raw\CMU-MOSEI\segments\Ns_h5IVcZ9k_000.mp4,data\preprocessed\features\z_at\Ns_h5IVcZ9k_000.pt,data\preprocessed\features\z_v\Ns_h5IVcZ9k_000.pt
Ns_h5IVcZ9k_004,mosei_real,0,mosei_Ns_h5IVcZ9k_004,,,-1,1,1,1,D:\Documents\Programming\Thesis_G10\data\raw\CMU-MOSEI\segments\Ns_h5IVcZ9k_004.mp4,data\preprocessed\features\z_at\Ns_h5IVcZ9k_004.pt,data\preprocessed\features\z_v\Ns_h5IVcZ9k_004.pt
NzvNW7vP-Co_000,mosei_real,0,mosei_NzvNW7vP-Co_000,,,-1,1,1,1,D:\Documents\Programming\Thesis_G10\data\raw\CMU-MOSEI\segments\NzvNW7vP-Co_000.mp4,data\preprocessed\features\z_at\NzvNW7vP-Co_000.pt,data\preprocessed\features\z_v\NzvNW7vP-Co_000.pt
NzvNW7vP-Co_002,mosei_real,0,mosei_NzvNW7vP-Co_002,,,-1,1,1,1,D:\Documents\Programming\Thesis_G10\data\raw\CMU-MOSEI\segments\NzvNW7vP-Co_002.mp4,data\preprocessed\features\z_at\NzvNW7vP-Co_002.pt,data\preprocessed\features\z_v\NzvNW7vP-Co_002.pt
O-b3DQg0QmA_000,mosei_real,0,mosei_O-b3DQg0QmA_000,,,-1,1,1,1,D:\Documents\Programming\Thesis_G10\data\raw\CMU-MOSEI\segments\O-b3DQg0QmA_000.mp4,data\preprocessed\features\z_at\O-b3DQg0QmA_000.pt,data\preprocessed\features\z_v\O-b3DQg0QmA_000.pt
O-b3DQg0QmA_001,mosei_real,0,mosei_O-b3DQg0QmA_001,,,-1,1,1,1,D:\Documents\Programming\Thesis_G10\data\raw\CMU-MOSEI\segments\O-b3DQg0QmA_001.mp4,data\preprocessed\features\z_at\O-b3DQg0QmA_001.pt,data\preprocessed\features\z_v\O-b3DQg0QmA_001.pt
O0Nn-5UkfoA_000,mosei_real,0,mosei_O0Nn-5UkfoA_000,,,-1,1,1,1,D:\Documents\Programming\Thesis_G10\data\raw\CMU-MOSEI\segments\O0Nn-5UkfoA_000.mp4,data\preprocessed\features\z_at\O0Nn-5UkfoA_000.pt,data\preprocessed\features\z_v\O0Nn-5UkfoA_000.pt
O2CEvvYWWbU_000,mosei_real,0,mosei_O2CEvvYWWbU_000,,,-1,1,1,1,D:\Documents\Programming\Thesis_G10\data\raw\CMU-MOSEI\segments\O2CEvvYWWbU_000.mp4,data\preprocessed\features\z_at\O2CEvvYWWbU_000.pt,data\preprocessed\features\z_v\O2CEvvYWWbU_000.pt
O2CEvvYWWbU_002,mosei_real,0,mosei_O2CEvvYWWbU_002,,,-1,1,1,1,D:\Documents\Programming\Thesis_G10\data\raw\CMU-MOSEI\segments\O2CEvvYWWbU_002.mp4,data\preprocessed\features\z_at\O2CEvvYWWbU_002.pt,data\preprocessed\features\z_v\O2CEvvYWWbU_002.pt
O2CEvvYWWbU_003,mosei_real,0,mosei_O2CEvvYWWbU_003,,,-1,1,1,1,D:\Documents\Programming\Thesis_G10\data\raw\CMU-MOSEI\segments\O2CEvvYWWbU_003.mp4,data\preprocessed\features\z_at\O2CEvvYWWbU_003.pt,data\preprocessed\features\z_v\O2CEvvYWWbU_003.pt
O2CEvvYWWbU_004,mosei_real,0,mosei_O2CEvvYWWbU_004,,,-1,1,1,1,D:\Documents\Programming\Thesis_G10\data\raw\CMU-MOSEI\segments\O2CEvvYWWbU_004.mp4,data\preprocessed\features\z_at\O2CEvvYWWbU_004.pt,data\preprocessed\features\z_v\O2CEvvYWWbU_004.pt
O2CEvvYWWbU_005,mosei_real,0,mosei_O2CEvvYWWbU_005,,,-1,1,1,1,D:\Documents\Programming\Thesis_G10\data\raw\CMU-MOSEI\segments\O2CEvvYWWbU_005.mp4,data\preprocessed\features\z_at\O2CEvvYWWbU_005.pt,data\preprocessed\features\z_v\O2CEvvYWWbU_005.pt
O2CEvvYWWbU_006,mosei_real,0,mosei_O2CEvvYWWbU_006,,,-1,1,1,1,D:\Documents\Programming\Thesis_G10\data\raw\CMU-MOSEI\segments\O2CEvvYWWbU_006.mp4,data\preprocessed\features\z_at\O2CEvvYWWbU_006.pt,data\preprocessed\features\z_v\O2CEvvYWWbU_006.pt
O2CEvvYWWbU_008,mosei_real,0,mosei_O2CEvvYWWbU_008,,,-1,1,1,1,D:\Documents\Programming\Thesis_G10\data\raw\CMU-MOSEI\segments\O2CEvvYWWbU_008.mp4,data\preprocessed\features\z_at\O2CEvvYWWbU_008.pt,data\preprocessed\features\z_v\O2CEvvYWWbU_008.pt
O3whFU2lAAk_003,mosei_real,0,mosei_O3whFU2lAAk_003,,,-1,1,1,1,D:\Documents\Programming\Thesis_G10\data\raw\CMU-MOSEI\segments\O3whFU2lAAk_003.mp4,data\preprocessed\features\z_at\O3whFU2lAAk_003.pt,data\preprocessed\features\z_v\O3whFU2lAAk_003.pt
OAV6KKf60bQ_000,mosei_real,0,mosei_OAV6KKf60bQ_000,,,-1,1,1,1,D:\Documents\Programming\Thesis_G10\data\raw\CMU-MOSEI\segments\OAV6KKf60bQ_000.mp4,data\preprocessed\features\z_at\OAV6KKf60bQ_000.pt,data\preprocessed\features\z_v\OAV6KKf60bQ_000.pt
OAV6KKf60bQ_001,mosei_real,0,mosei_OAV6KKf60bQ_001,,,-1,1,1,1,D:\Documents\Programming\Thesis_G10\data\raw\CMU-MOSEI\segments\OAV6KKf60bQ_001.mp4,data\preprocessed\features\z_at\OAV6KKf60bQ_001.pt,data\preprocessed\features\z_v\OAV6KKf60bQ_001.pt
OAV6KKf60bQ_003,mosei_real,0,mosei_OAV6KKf60bQ_003,,,-1,1,1,1,D:\Documents\Programming\Thesis_G10\data\raw\CMU-MOSEI\segments\OAV6KKf60bQ_003.mp4,data\preprocessed\features\z_at\OAV6KKf60bQ_003.pt,data\preprocessed\features\z_v\OAV6KKf60bQ_003.pt
OAV6KKf60bQ_006,mosei_real,0,mosei_OAV6KKf60bQ_006,,,-1,1,1,1,D:\Documents\Programming\Thesis_G10\data\raw\CMU-MOSEI\segments\OAV6KKf60bQ_006.mp4,data\preprocessed\features\z_at\OAV6KKf60bQ_006.pt,data\preprocessed\features\z_v\OAV6KKf60bQ_006.pt
OAV6KKf60bQ_008,mosei_real,0,mosei_OAV6KKf60bQ_008,,,-1,1,1,1,D:\Documents\Programming\Thesis_G10\data\raw\CMU-MOSEI\segments\OAV6KKf60bQ_008.mp4,data\preprocessed\features\z_at\OAV6KKf60bQ_008.pt,data\preprocessed\features\z_v\OAV6KKf60bQ_008.pt
OAV6KKf60bQ_009,mosei_real,0,mosei_OAV6KKf60bQ_009,,,-1,1,1,1,D:\Documents\Programming\Thesis_G10\data\raw\CMU-MOSEI\segments\OAV6KKf60bQ_009.mp4,data\preprocessed\features\z_at\OAV6KKf60bQ_009.pt,data\preprocessed\features\z_v\OAV6KKf60bQ_009.pt
OAV6KKf60bQ_010,mosei_real,0,mosei_OAV6KKf60bQ_010,,,-1,1,1,1,D:\Documents\Programming\Thesis_G10\data\raw\CMU-MOSEI\segments\OAV6KKf60bQ_010.mp4,data\preprocessed\features\z_at\OAV6KKf60bQ_010.pt,data\preprocessed\features\z_v\OAV6KKf60bQ_010.pt
OAV6KKf60bQ_011,mosei_real,0,mosei_OAV6KKf60bQ_011,,,-1,1,1,1,D:\Documents\Programming\Thesis_G10\data\raw\CMU-MOSEI\segments\OAV6KKf60bQ_011.mp4,data\preprocessed\features\z_at\OAV6KKf60bQ_011.pt,data\preprocessed\features\z_v\OAV6KKf60bQ_011.pt
OEMSGahoCmM_000,mosei_real,0,mosei_OEMSGahoCmM_000,,,-1,1,1,1,D:\Documents\Programming\Thesis_G10\data\raw\CMU-MOSEI\segments\OEMSGahoCmM_000.mp4,data\preprocessed\features\z_at\OEMSGahoCmM_000.pt,data\preprocessed\features\z_v\OEMSGahoCmM_000.pt
OEesmAnTpeA_001,mosei_real,0,mosei_OEesmAnTpeA_001,,,-1,1,1,1,D:\Documents\Programming\Thesis_G10\data\raw\CMU-MOSEI\segments\OEesmAnTpeA_001.mp4,data\preprocessed\features\z_at\OEesmAnTpeA_001.pt,data\preprocessed\features\z_v\OEesmAnTpeA_001.pt
OFBc3z99bIc_004,mosei_real,0,mosei_OFBc3z99bIc_004,,,-1,1,1,1,D:\Documents\Programming\Thesis_G10\data\raw\CMU-MOSEI\segments\OFBc3z99bIc_004.mp4,data\preprocessed\features\z_at\OFBc3z99bIc_004.pt,data\preprocessed\features\z_v\OFBc3z99bIc_004.pt
OFBc3z99bIc_006,mosei_real,0,mosei_OFBc3z99bIc_006,,,-1,1,1,1,D:\Documents\Programming\Thesis_G10\data\raw\CMU-MOSEI\segments\OFBc3z99bIc_006.mp4,data\preprocessed\features\z_at\OFBc3z99bIc_006.pt,data\preprocessed\features\z_v\OFBc3z99bIc_006.pt
OFBc3z99bIc_007,mosei_real,0,mosei_OFBc3z99bIc_007,,,-1,1,1,1,D:\Documents\Programming\Thesis_G10\data\raw\CMU-MOSEI\segments\OFBc3z99bIc_007.mp4,data\preprocessed\features\z_at\OFBc3z99bIc_007.pt,data\preprocessed\features\z_v\OFBc3z99bIc_007.pt
OFBc3z99bIc_008,mosei_real,0,mosei_OFBc3z99bIc_008,,,-1,1,1,1,D:\Documents\Programming\Thesis_G10\data\raw\CMU-MOSEI\segments\OFBc3z99bIc_008.mp4,data\preprocessed\features\z_at\OFBc3z99bIc_008.pt,data\preprocessed\features\z_v\OFBc3z99bIc_008.pt
OFBc3z99bIc_010,mosei_real,0,mosei_OFBc3z99bIc_010,,,-1,1,1,1,D:\Documents\Programming\Thesis_G10\data\raw\CMU-MOSEI\segments\OFBc3z99bIc_010.mp4,data\preprocessed\features\z_at\OFBc3z99bIc_010.pt,data\preprocessed\features\z_v\OFBc3z99bIc_010.pt
OFBc3z99bIc_013,mosei_real,0,mosei_OFBc3z99bIc_013,,,-1,1,1,1,D:\Documents\Programming\Thesis_G10\data\raw\CMU-MOSEI\segments\OFBc3z99bIc_013.mp4,data\preprocessed\features\z_at\OFBc3z99bIc_013.pt,data\preprocessed\features\z_v\OFBc3z99bIc_013.pt
OFia3dWgaoI_004,mosei_real,0,mosei_OFia3dWgaoI_004,,,-1,1,1,1,D:\Documents\Programming\Thesis_G10\data\raw\CMU-MOSEI\segments\OFia3dWgaoI_004.mp4,data\preprocessed\features\z_at\OFia3dWgaoI_004.pt,data\preprocessed\features\z_v\OFia3dWgaoI_004.pt
OFia3dWgaoI_005,mosei_real,0,mosei_OFia3dWgaoI_005,,,-1,1,1,1,D:\Documents\Programming\Thesis_G10\data\raw\CMU-MOSEI\segments\OFia3dWgaoI_005.mp4,data\preprocessed\features\z_at\OFia3dWgaoI_005.pt,data\preprocessed\features\z_v\OFia3dWgaoI_005.pt
OFia3dWgaoI_006,mosei_real,0,mosei_OFia3dWgaoI_006,,,-1,1,1,1,D:\Documents\Programming\Thesis_G10\data\raw\CMU-MOSEI\segments\OFia3dWgaoI_006.mp4,data\preprocessed\features\z_at\OFia3dWgaoI_006.pt,data\preprocessed\features\z_v\OFia3dWgaoI_006.pt
OHWyYVux-yw_000,mosei_real,0,mosei_OHWyYVux-yw_000,,,-1,1,1,1,D:\Documents\Programming\Thesis_G10\data\raw\CMU-MOSEI\segments\OHWyYVux-yw_000.mp4,data\preprocessed\features\z_at\OHWyYVux-yw_000.pt,data\preprocessed\features\z_v\OHWyYVux-yw_000.pt
OHWyYVux-yw_001,mosei_real,0,mosei_OHWyYVux-yw_001,,,-1,1,1,1,D:\Documents\Programming\Thesis_G10\data\raw\CMU-MOSEI\segments\OHWyYVux-yw_001.mp4,data\preprocessed\features\z_at\OHWyYVux-yw_001.pt,data\preprocessed\features\z_v\OHWyYVux-yw_001.pt
OHWyYVux-yw_004,mosei_real,0,mosei_OHWyYVux-yw_004,,,-1,1,1,1,D:\Documents\Programming\Thesis_G10\data\raw\CMU-MOSEI\segments\OHWyYVux-yw_004.mp4,data\preprocessed\features\z_at\OHWyYVux-yw_004.pt,data\preprocessed\features\z_v\OHWyYVux-yw_004.pt
OHWyYVux-yw_005,mosei_real,0,mosei_OHWyYVux-yw_005,,,-1,1,1,1,D:\Documents\Programming\Thesis_G10\data\raw\CMU-MOSEI\segments\OHWyYVux-yw_005.mp4,data\preprocessed\features\z_at\OHWyYVux-yw_005.pt,data\preprocessed\features\z_v\OHWyYVux-yw_005.pt
OHWyYVux-yw_011,mosei_real,0,mosei_OHWyYVux-yw_011,,,-1,1,1,1,D:\Documents\Programming\Thesis_G10\data\raw\CMU-MOSEI\segments\OHWyYVux-yw_011.mp4,data\preprocessed\features\z_at\OHWyYVux-yw_011.pt,data\preprocessed\features\z_v\OHWyYVux-yw_011.pt
OKSx1zxHGpQ_001,mosei_real,0,mosei_OKSx1zxHGpQ_001,,,-1,1,1,1,D:\Documents\Programming\Thesis_G10\data\raw\CMU-MOSEI\segments\OKSx1zxHGpQ_001.mp4,data\preprocessed\features\z_at\OKSx1zxHGpQ_001.pt,data\preprocessed\features\z_v\OKSx1zxHGpQ_001.pt
OKSx1zxHGpQ_003,mosei_real,0,mosei_OKSx1zxHGpQ_003,,,-1,1,1,1,D:\Documents\Programming\Thesis_G10\data\raw\CMU-MOSEI\segments\OKSx1zxHGpQ_003.mp4,data\preprocessed\features\z_at\OKSx1zxHGpQ_003.pt,data\preprocessed\features\z_v\OKSx1zxHGpQ_003.pt
OKSx1zxHGpQ_004,mosei_real,0,mosei_OKSx1zxHGpQ_004,,,-1,1,1,1,D:\Documents\Programming\Thesis_G10\data\raw\CMU-MOSEI\segments\OKSx1zxHGpQ_004.mp4,data\preprocessed\features\z_at\OKSx1zxHGpQ_004.pt,data\preprocessed\features\z_v\OKSx1zxHGpQ_004.pt
OKSx1zxHGpQ_006,mosei_real,0,mosei_OKSx1zxHGpQ_006,,,-1,1,1,1,D:\Documents\Programming\Thesis_G10\data\raw\CMU-MOSEI\segments\OKSx1zxHGpQ_006.mp4,data\preprocessed\features\z_at\OKSx1zxHGpQ_006.pt,data\preprocessed\features\z_v\OKSx1zxHGpQ_006.pt
