clip_id,source_pipeline,fake_label,speaker_id,audio_emotion,visual_emotion,sarcasm_label,has_z_at,has_z_v,is_ready_for_training,video_path,z_at_path,z_v_path
flGZteJUNYU_000,mosei_real,0,mosei_flGZteJUNYU_000,,,-1,1,1,1,D:\Documents\Programming\Thesis_G10\data\raw\CMU-MOSEI\segments\flGZteJUNYU_000.mp4,data\preprocessed\features\z_at\flGZteJUNYU_000.pt,data\preprocessed\features\z_v\flGZteJUNYU_000.pt
foXArPhK0xY_000,mosei_real,0,mosei_foXArPhK0xY_000,,,-1,1,1,1,D:\Documents\Programming\Thesis_G10\data\raw\CMU-MOSEI\segments\foXArPhK0xY_000.mp4,data\preprocessed\features\z_at\foXArPhK0xY_000.pt,data\preprocessed\features\z_v\foXArPhK0xY_000.pt
foXArPhK0xY_004,mosei_real,0,mosei_foXArPhK0xY_004,,,-1,1,1,1,D:\Documents\Programming\Thesis_G10\data\raw\CMU-MOSEI\segments\foXArPhK0xY_004.mp4,data\preprocessed\features\z_at\foXArPhK0xY_004.pt,data\preprocessed\features\z_v\foXArPhK0xY_004.pt
foXArPhK0xY_005,mosei_real,0,mosei_foXArPhK0xY_005,,,-1,1,1,1,D:\Documents\Programming\Thesis_G10\data\raw\CMU-MOSEI\segments\foXArPhK0xY_005.mp4,data\preprocessed\features\z_at\foXArPhK0xY_005.pt,data\preprocessed\features\z_v\foXArPhK0xY_005.pt
foXArPhK0xY_006,mosei_real,0,mosei_foXArPhK0xY_006,,,-1,1,1,1,D:\Documents\Programming\Thesis_G10\data\raw\CMU-MOSEI\segments\foXArPhK0xY_006.mp4,data\preprocessed\features\z_at\foXArPhK0xY_006.pt,data\preprocessed\features\z_v\foXArPhK0xY_006.pt
frCWtiam4tE_001,mosei_real,0,mosei_frCWtiam4tE_001,,,-1,1,1,1,D:\Documents\Programming\Thesis_G10\data\raw\CMU-MOSEI\segments\frCWtiam4tE_001.mp4,data\preprocessed\features\z_at\frCWtiam4tE_001.pt,data\preprocessed\features\z_v\frCWtiam4tE_001.pt
frCWtiam4tE_002,mosei_real,0,mosei_frCWtiam4tE_002,,,-1,1,1,1,D:\Documents\Programming\Thesis_G10\data\raw\CMU-MOSEI\segments\frCWtiam4tE_002.mp4,data\preprocessed\features\z_at\frCWtiam4tE_002.pt,data\preprocessed\features\z_v\frCWtiam4tE_002.pt
fsd1qPLA3kY_000,mosei_real,0,mosei_fsd1qPLA3kY_000,,,-1,1,1,1,D:\Documents\Programming\Thesis_G10\data\raw\CMU-MOSEI\segments\fsd1qPLA3kY_000.mp4,data\preprocessed\features\z_at\fsd1qPLA3kY_000.pt,data\preprocessed\features\z_v\fsd1qPLA3kY_000.pt
fsd1qPLA3kY_002,mosei_real,0,mosei_fsd1qPLA3kY_002,,,-1,1,1,1,D:\Documents\Programming\Thesis_G10\data\raw\CMU-MOSEI\segments\fsd1qPLA3kY_002.mp4,data\preprocessed\features\z_at\fsd1qPLA3kY_002.pt,data\preprocessed\features\z_v\fsd1qPLA3kY_002.pt
fz-MzQcOBwQ_000,mosei_real,0,mosei_fz-MzQcOBwQ_000,,,-1,1,1,1,D:\Documents\Programming\Thesis_G10\data\raw\CMU-MOSEI\segments\fz-MzQcOBwQ_000.mp4,data\preprocessed\features\z_at\fz-MzQcOBwQ_000.pt,data\preprocessed\features\z_v\fz-MzQcOBwQ_000.pt
fz-MzQcOBwQ_002,mosei_real,0,mosei_fz-MzQcOBwQ_002,,,-1,1,1,1,D:\Documents\Programming\Thesis_G10\data\raw\CMU-MOSEI\segments\fz-MzQcOBwQ_002.mp4,data\preprocessed\features\z_at\fz-MzQcOBwQ_002.pt,data\preprocessed\features\z_v\fz-MzQcOBwQ_002.pt
fz-MzQcOBwQ_003,mosei_real,0,mosei_fz-MzQcOBwQ_003,,,-1,1,1,1,D:\Documents\Programming\Thesis_G10\data\raw\CMU-MOSEI\segments\fz-MzQcOBwQ_003.mp4,data\preprocessed\features\z_at\fz-MzQcOBwQ_003.pt,data\preprocessed\features\z_v\fz-MzQcOBwQ_003.pt
fz-MzQcOBwQ_004,mosei_real,0,mosei_fz-MzQcOBwQ_004,,,-1,1,1,1,D:\Documents\Programming\Thesis_G10\data\raw\CMU-MOSEI\segments\fz-MzQcOBwQ_004.mp4,data\preprocessed\features\z_at\fz-MzQcOBwQ_004.pt,data\preprocessed\features\z_v\fz-MzQcOBwQ_004.pt
fz-MzQcOBwQ_006,mosei_real,0,mosei_fz-MzQcOBwQ_006,,,-1,1,1,1,D:\Documents\Programming\Thesis_G10\data\raw\CMU-MOSEI\segments\fz-MzQcOBwQ_006.mp4,data\preprocessed\features\z_at\fz-MzQcOBwQ_006.pt,data\preprocessed\features\z_v\fz-MzQcOBwQ_006.pt
fz-MzQcOBwQ_007,mosei_real,0,mosei_fz-MzQcOBwQ_007,,,-1,1,1,1,D:\Documents\Programming\Thesis_G10\data\raw\CMU-MOSEI\segments\fz-MzQcOBwQ_007.mp4,data\preprocessed\features\z_at\fz-MzQcOBwQ_007.pt,data\preprocessed\features\z_v\fz-MzQcOBwQ_007.pt
fz-MzQcOBwQ_008,mosei_real,0,mosei_fz-MzQcOBwQ_008,,,-1,1,1,1,D:\Documents\Programming\Thesis_G10\data\raw\CMU-MOSEI\segments\fz-MzQcOBwQ_008.mp4,data\preprocessed\features\z_at\fz-MzQcOBwQ_008.pt,data\preprocessed\features\z_v\fz-MzQcOBwQ_008.pt
fz-MzQcOBwQ_012,mosei_real,0,mosei_fz-MzQcOBwQ_012,,,-1,1,1,1,D:\Documents\Programming\Thesis_G10\data\raw\CMU-MOSEI\segments\fz-MzQcOBwQ_012.mp4,data\preprocessed\features\z_at\fz-MzQcOBwQ_012.pt,data\preprocessed\features\z_v\fz-MzQcOBwQ_012.pt
g6VJg6ycUk0_000,mosei_real,0,mosei_g6VJg6ycUk0_000,,,-1,1,1,1,D:\Documents\Programming\Thesis_G10\data\raw\CMU-MOSEI\segments\g6VJg6ycUk0_000.mp4,data\preprocessed\features\z_at\g6VJg6ycUk0_000.pt,data\preprocessed\features\z_v\g6VJg6ycUk0_000.pt
g8Cl74tS3oY_000,mosei_real,0,mosei_g8Cl74tS3oY_000,,,-1,1,1,1,D:\Documents\Programming\Thesis_G10\data\raw\CMU-MOSEI\segments\g8Cl74tS3oY_000.mp4,data\preprocessed\features\z_at\g8Cl74tS3oY_000.pt,data\preprocessed\features\z_v\g8Cl74tS3oY_000.pt
g8Cl74tS3oY_002,mosei_real,0,mosei_g8Cl74tS3oY_002,,,-1,1,1,1,D:\Documents\Programming\Thesis_G10\data\raw\CMU-MOSEI\segments\g8Cl74tS3oY_002.mp4,data\preprocessed\features\z_at\g8Cl74tS3oY_002.pt,data\preprocessed\features\z_v\g8Cl74tS3oY_002.pt
g8NBNtY3cpU_000,mosei_real,0,mosei_g8NBNtY3cpU_000,,,-1,1,1,1,D:\Documents\Programming\Thesis_G10\data\raw\CMU-MOSEI\segments\g8NBNtY3cpU_000.mp4,data\preprocessed\features\z_at\g8NBNtY3cpU_000.pt,data\preprocessed\features\z_v\g8NBNtY3cpU_000.pt
g99kISQbyuI_000,mosei_real,0,mosei_g99kISQbyuI_000,,,-1,1,1,1,D:\Documents\Programming\Thesis_G10\data\raw\CMU-MOSEI\segments\g99kISQbyuI_000.mp4,data\preprocessed\features\z_at\g99kISQbyuI_000.pt,data\preprocessed\features\z_v\g99kISQbyuI_000.pt
g99kISQbyuI_002,mosei_real,0,mosei_g99kISQbyuI_002,,,-1,1,1,1,D:\Documents\Programming\Thesis_G10\data\raw\CMU-MOSEI\segments\g99kISQbyuI_002.mp4,data\preprocessed\features\z_at\g99kISQbyuI_002.pt,data\preprocessed\features\z_v\g99kISQbyuI_002.pt
g99kISQbyuI_004,mosei_real,0,mosei_g99kISQbyuI_004,,,-1,1,1,1,D:\Documents\Programming\Thesis_G10\data\raw\CMU-MOSEI\segments\g99kISQbyuI_004.mp4,data\preprocessed\features\z_at\g99kISQbyuI_004.pt,data\preprocessed\features\z_v\g99kISQbyuI_004.pt
g99kISQbyuI_005,mosei_real,0,mosei_g99kISQbyuI_005,,,-1,1,1,1,D:\Documents\Programming\Thesis_G10\data\raw\CMU-MOSEI\segments\g99kISQbyuI_005.mp4,data\preprocessed\features\z_at\g99kISQbyuI_005.pt,data\preprocessed\features\z_v\g99kISQbyuI_005.pt
g99kISQbyuI_006,mosei_real,0,mosei_g99kISQbyuI_006,,,-1,1,1,1,D:\Documents\Programming\Thesis_G10\data\raw\CMU-MOSEI\segments\g99kISQbyuI_006.mp4,data\preprocessed\features\z_at\g99kISQbyuI_006.pt,data\preprocessed\features\z_v\g99kISQbyuI_006.pt
g99kISQbyuI_007,mosei_real,0,mosei_g99kISQbyuI_007,,,-1,1,1,1,D:\Documents\Programming\Thesis_G10\data\raw\CMU-MOSEI\segments\g99kISQbyuI_007.mp4,data\preprocessed\features\z_at\g99kISQbyuI_007.pt,data\preprocessed\features\z_v\g99kISQbyuI_007.pt
g99kISQbyuI_008,mosei_real,0,mosei_g99kISQbyuI_008,,,-1,1,1,1,D:\Documents\Programming\Thesis_G10\data\raw\CMU-MOSEI\segments\g99kISQbyuI_008.mp4,data\preprocessed\features\z_at\g99kISQbyuI_008.pt,data\preprocessed\features\z_v\g99kISQbyuI_008.pt
g9rNhtFG9aU_001,mosei_real,0,mosei_g9rNhtFG9aU_001,,,-1,1,1,1,D:\Documents\Programming\Thesis_G10\data\raw\CMU-MOSEI\segments\g9rNhtFG9aU_001.mp4,data\preprocessed\features\z_at\g9rNhtFG9aU_001.pt,data\preprocessed\features\z_v\g9rNhtFG9aU_001.pt
g9rNhtFG9aU_003,mosei_real,0,mosei_g9rNhtFG9aU_003,,,-1,1,1,1,D:\Documents\Programming\Thesis_G10\data\raw\CMU-MOSEI\segments\g9rNhtFG9aU_003.mp4,data\preprocessed\features\z_at\g9rNhtFG9aU_003.pt,data\preprocessed\features\z_v\g9rNhtFG9aU_003.pt
g9rNhtFG9aU_005,mosei_real,0,mosei_g9rNhtFG9aU_005,,,-1,1,1,1,D:\Documents\Programming\Thesis_G10\data\raw\CMU-MOSEI\segments\g9rNhtFG9aU_005.mp4,data\preprocessed\features\z_at\g9rNhtFG9aU_005.pt,data\preprocessed\features\z_v\g9rNhtFG9aU_005.pt
gC_wF3uKFW0_001,mosei_real,0,mosei_gC_wF3uKFW0_001,,,-1,1,1,1,D:\Documents\Programming\Thesis_G10\data\raw\CMU-MOSEI\segments\gC_wF3uKFW0_001.mp4,data\preprocessed\features\z_at\gC_wF3uKFW0_001.pt,data\preprocessed\features\z_v\gC_wF3uKFW0_001.pt
gC_wF3uKFW0_002,mosei_real,0,mosei_gC_wF3uKFW0_002,,,-1,1,1,1,D:\Documents\Programming\Thesis_G10\data\raw\CMU-MOSEI\segments\gC_wF3uKFW0_002.mp4,data\preprocessed\features\z_at\gC_wF3uKFW0_002.pt,data\preprocessed\features\z_v\gC_wF3uKFW0_002.pt
gC_wF3uKFW0_003,mosei_real,0,mosei_gC_wF3uKFW0_003,,,-1,1,1,1,D:\Documents\Programming\Thesis_G10\data\raw\CMU-MOSEI\segments\gC_wF3uKFW0_003.mp4,data\preprocessed\features\z_at\gC_wF3uKFW0_003.pt,data\preprocessed\features\z_v\gC_wF3uKFW0_003.pt
gC_wF3uKFW0_004,mosei_real,0,mosei_gC_wF3uKFW0_004,,,-1,1,1,1,D:\Documents\Programming\Thesis_G10\data\raw\CMU-MOSEI\segments\gC_wF3uKFW0_004.mp4,data\preprocessed\features\z_at\gC_wF3uKFW0_004.pt,data\preprocessed\features\z_v\gC_wF3uKFW0_004.pt
gC_wF3uKFW0_005,mosei_real,0,mosei_gC_wF3uKFW0_005,,,-1,1,1,1,D:\Documents\Programming\Thesis_G10\data\raw\CMU-MOSEI\segments\gC_wF3uKFW0_005.mp4,data\preprocessed\features\z_at\gC_wF3uKFW0_005.pt,data\preprocessed\features\z_v\gC_wF3uKFW0_005.pt
gE7kUqMqQ9g_001,mosei_real,0,mosei_gE7kUqMqQ9g_001,,,-1,1,1,1,D:\Documents\Programming\Thesis_G10\data\raw\CMU-MOSEI\segments\gE7kUqMqQ9g_001.mp4,data\preprocessed\features\z_at\gE7kUqMqQ9g_001.pt,data\preprocessed\features\z_v\gE7kUqMqQ9g_001.pt
gEgcpVY8WK4_000,mosei_real,0,mosei_gEgcpVY8WK4_000,,,-1,1,1,1,D:\Documents\Programming\Thesis_G10\data\raw\CMU-MOSEI\segments\gEgcpVY8WK4_000.mp4,data\preprocessed\features\z_at\gEgcpVY8WK4_000.pt,data\preprocessed\features\z_v\gEgcpVY8WK4_000.pt
gEgcpVY8WK4_001,mosei_real,0,mosei_gEgcpVY8WK4_001,,,-1,1,1,1,D:\Documents\Programming\Thesis_G10\data\raw\CMU-MOSEI\segments\gEgcpVY8WK4_001.mp4,data\preprocessed\features\z_at\gEgcpVY8WK4_001.pt,data\preprocessed\features\z_v\gEgcpVY8WK4_001.pt
gEgcpVY8WK4_002,mosei_real,0,mosei_gEgcpVY8WK4_002,,,-1,1,1,1,D:\Documents\Programming\Thesis_G10\data\raw\CMU-MOSEI\segments\gEgcpVY8WK4_002.mp4,data\preprocessed\features\z_at\gEgcpVY8WK4_002.pt,data\preprocessed\features\z_v\gEgcpVY8WK4_002.pt
gEgcpVY8WK4_003,mosei_real,0,mosei_gEgcpVY8WK4_003,,,-1,1,1,1,D:\Documents\Programming\Thesis_G10\data\raw\CMU-MOSEI\segments\gEgcpVY8WK4_003.mp4,data\preprocessed\features\z_at\gEgcpVY8WK4_003.pt,data\preprocessed\features\z_v\gEgcpVY8WK4_003.pt
gEgcpVY8WK4_007,mosei_real,0,mosei_gEgcpVY8WK4_007,,,-1,1,1,1,D:\Documents\Programming\Thesis_G10\data\raw\CMU-MOSEI\segments\gEgcpVY8WK4_007.mp4,data\preprocessed\features\z_at\gEgcpVY8WK4_007.pt,data\preprocessed\features\z_v\gEgcpVY8WK4_007.pt
gEgcpVY8WK4_008,mosei_real,0,mosei_gEgcpVY8WK4_008,,,-1,1,1,1,D:\Documents\Programming\Thesis_G10\data\raw\CMU-MOSEI\segments\gEgcpVY8WK4_008.mp4,data\preprocessed\features\z_at\gEgcpVY8WK4_008.pt,data\preprocessed\features\z_v\gEgcpVY8WK4_008.pt
gEgcpVY8WK4_010,mosei_real,0,mosei_gEgcpVY8WK4_010,,,-1,1,1,1,D:\Documents\Programming\Thesis_G10\data\raw\CMU-MOSEI\segments\gEgcpVY8WK4_010.mp4,data\preprocessed\features\z_at\gEgcpVY8WK4_010.pt,data\preprocessed\features\z_v\gEgcpVY8WK4_010.pt
gEgcpVY8WK4_011,mosei_real,0,mosei_gEgcpVY8WK4_011,,,-1,1,1,1,D:\Documents\Programming\Thesis_G10\data\raw\CMU-MOSEI\segments\gEgcpVY8WK4_011.mp4,data\preprocessed\features\z_at\gEgcpVY8WK4_011.pt,data\preprocessed\features\z_v\gEgcpVY8WK4_011.pt
gEgcpVY8WK4_012,mosei_real,0,mosei_gEgcpVY8WK4_012,,,-1,1,1,1,D:\Documents\Programming\Thesis_G10\data\raw\CMU-MOSEI\segments\gEgcpVY8WK4_012.mp4,data\preprocessed\features\z_at\gEgcpVY8WK4_012.pt,data\preprocessed\features\z_v\gEgcpVY8WK4_012.pt
gEgcpVY8WK4_013,mosei_real,0,mosei_gEgcpVY8WK4_013,,,-1,1,1,1,D:\Documents\Programming\Thesis_G10\data\raw\CMU-MOSEI\segments\gEgcpVY8WK4_013.mp4,data\preprocessed\features\z_at\gEgcpVY8WK4_013.pt,data\preprocessed\features\z_v\gEgcpVY8WK4_013.pt
gEgcpVY8WK4_014,mosei_real,0,mosei_gEgcpVY8WK4_014,,,-1,1,1,1,D:\Documents\Programming\Thesis_G10\data\raw\CMU-MOSEI\segments\gEgcpVY8WK4_014.mp4,data\preprocessed\features\z_at\gEgcpVY8WK4_014.pt,data\preprocessed\features\z_v\gEgcpVY8WK4_014.pt
gEgcpVY8WK4_016,mosei_real,0,mosei_gEgcpVY8WK4_016,,,-1,1,1,1,D:\Documents\Programming\Thesis_G10\data\raw\CMU-MOSEI\segments\gEgcpVY8WK4_016.mp4,data\preprocessed\features\z_at\gEgcpVY8WK4_016.pt,data\preprocessed\features\z_v\gEgcpVY8WK4_016.pt
gEgcpVY8WK4_020,mosei_real,0,mosei_gEgcpVY8WK4_020,,,-1,1,1,1,D:\Documents\Programming\Thesis_G10\data\raw\CMU-MOSEI\segments\gEgcpVY8WK4_020.mp4,data\preprocessed\features\z_at\gEgcpVY8WK4_020.pt,data\preprocessed\features\z_v\gEgcpVY8WK4_020.pt
gEgcpVY8WK4_023,mosei_real,0,mosei_gEgcpVY8WK4_023,,,-1,1,1,1,D:\Documents\Programming\Thesis_G10\data\raw\CMU-MOSEI\segments\gEgcpVY8WK4_023.mp4,data\preprocessed\features\z_at\gEgcpVY8WK4_023.pt,data\preprocessed\features\z_v\gEgcpVY8WK4_023.pt
gEgcpVY8WK4_024,mosei_real,0,mosei_gEgcpVY8WK4_024,,,-1,1,1,1,D:\Documents\Programming\Thesis_G10\data\raw\CMU-MOSEI\segments\gEgcpVY8WK4_024.mp4,data\preprocessed\features\z_at\gEgcpVY8WK4_024.pt,data\preprocessed\features\z_v\gEgcpVY8WK4_024.pt
gEgcpVY8WK4_025,mosei_real,0,mosei_gEgcpVY8WK4_025,,,-1,1,1,1,D:\Documents\Programming\Thesis_G10\data\raw\CMU-MOSEI\segments\gEgcpVY8WK4_025.mp4,data\preprocessed\features\z_at\gEgcpVY8WK4_025.pt,data\preprocessed\features\z_v\gEgcpVY8WK4_025.pt
gEgcpVY8WK4_027,mosei_real,0,mosei_gEgcpVY8WK4_027,,,-1,1,1,1,D:\Documents\Programming\Thesis_G10\data\raw\CMU-MOSEI\segments\gEgcpVY8WK4_027.mp4,data\preprocessed\features\z_at\gEgcpVY8WK4_027.pt,data\preprocessed\features\z_v\gEgcpVY8WK4_027.pt
gEgcpVY8WK4_029,mosei_real,0,mosei_gEgcpVY8WK4_029,,,-1,1,1,1,D:\Documents\Programming\Thesis_G10\data\raw\CMU-MOSEI\segments\gEgcpVY8WK4_029.mp4,data\preprocessed\features\z_at\gEgcpVY8WK4_029.pt,data\preprocessed\features\z_v\gEgcpVY8WK4_029.pt
gEgcpVY8WK4_030,mosei_real,0,mosei_gEgcpVY8WK4_030,,,-1,1,1,1,D:\Documents\Programming\Thesis_G10\data\raw\CMU-MOSEI\segments\gEgcpVY8WK4_030.mp4,data\preprocessed\features\z_at\gEgcpVY8WK4_030.pt,data\preprocessed\features\z_v\gEgcpVY8WK4_030.pt
gEgcpVY8WK4_031,mosei_real,0,mosei_gEgcpVY8WK4_031,,,-1,1,1,1,D:\Documents\Programming\Thesis_G10\data\raw\CMU-MOSEI\segments\gEgcpVY8WK4_031.mp4,data\preprocessed\features\z_at\gEgcpVY8WK4_031.pt,data\preprocessed\features\z_v\gEgcpVY8WK4_031.pt
gJdSxPhf85M_002,mosei_real,0,mosei_gJdSxPhf85M_002,,,-1,1,1,1,D:\Documents\Programming\Thesis_G10\data\raw\CMU-MOSEI\segments\gJdSxPhf85M_002.mp4,data\preprocessed\features\z_at\gJdSxPhf85M_002.pt,data\preprocessed\features\z_v\gJdSxPhf85M_002.pt
gJjkCPO7iXg_002,mosei_real,0,mosei_gJjkCPO7iXg_002,,,-1,1,1,1,D:\Documents\Programming\Thesis_G10\data\raw\CMU-MOSEI\segments\gJjkCPO7iXg_002.mp4,data\preprocessed\features\z_at\gJjkCPO7iXg_002.pt,data\preprocessed\features\z_v\gJjkCPO7iXg_002.pt
gJjkCPO7iXg_003,mosei_real,0,mosei_gJjkCPO7iXg_003,,,-1,1,1,1,D:\Documents\Programming\Thesis_G10\data\raw\CMU-MOSEI\segments\gJjkCPO7iXg_003.mp4,data\preprocessed\features\z_at\gJjkCPO7iXg_003.pt,data\preprocessed\features\z_v\gJjkCPO7iXg_003.pt
gKojBrXHhUc_001,mosei_real,0,mosei_gKojBrXHhUc_001,,,-1,1,1,1,D:\Documents\Programming\Thesis_G10\data\raw\CMU-MOSEI\segments\gKojBrXHhUc_001.mp4,data\preprocessed\features\z_at\gKojBrXHhUc_001.pt,data\preprocessed\features\z_v\gKojBrXHhUc_001.pt
gL8h7lOPv1Q_000,mosei_real,0,mosei_gL8h7lOPv1Q_000,,,-1,1,1,1,D:\Documents\Programming\Thesis_G10\data\raw\CMU-MOSEI\segments\gL8h7lOPv1Q_000.mp4,data\preprocessed\features\z_at\gL8h7lOPv1Q_000.pt,data\preprocessed\features\z_v\gL8h7lOPv1Q_000.pt
gL8h7lOPv1Q_001,mosei_real,0,mosei_gL8h7lOPv1Q_001,,,-1,1,1,1,D:\Documents\Programming\Thesis_G10\data\raw\CMU-MOSEI\segments\gL8h7lOPv1Q_001.mp4,data\preprocessed\features\z_at\gL8h7lOPv1Q_001.pt,data\preprocessed\features\z_v\gL8h7lOPv1Q_001.pt
gL8h7lOPv1Q_004,mosei_real,0,mosei_gL8h7lOPv1Q_004,,,-1,1,1,1,D:\Documents\Programming\Thesis_G10\data\raw\CMU-MOSEI\segments\gL8h7lOPv1Q_004.mp4,data\preprocessed\features\z_at\gL8h7lOPv1Q_004.pt,data\preprocessed\features\z_v\gL8h7lOPv1Q_004.pt
gL8h7lOPv1Q_009,mosei_real,0,mosei_gL8h7lOPv1Q_009,,,-1,1,1,1,D:\Documents\Programming\Thesis_G10\data\raw\CMU-MOSEI\segments\gL8h7lOPv1Q_009.mp4,data\preprocessed\features\z_at\gL8h7lOPv1Q_009.pt,data\preprocessed\features\z_v\gL8h7lOPv1Q_009.pt
gLdRUsLw4CA_000,mosei_real,0,mosei_gLdRUsLw4CA_000,,,-1,1,1,1,D:\Documents\Programming\Thesis_G10\data\raw\CMU-MOSEI\segments\gLdRUsLw4CA_000.mp4,data\preprocessed\features\z_at\gLdRUsLw4CA_000.pt,data\preprocessed\features\z_v\gLdRUsLw4CA_000.pt
gLdRUsLw4CA_002,mosei_real,0,mosei_gLdRUsLw4CA_002,,,-1,1,1,1,D:\Documents\Programming\Thesis_G10\data\raw\CMU-MOSEI\segments\gLdRUsLw4CA_002.mp4,data\preprocessed\features\z_at\gLdRUsLw4CA_002.pt,data\preprocessed\features\z_v\gLdRUsLw4CA_002.pt
gPWyANEm0eE_006,mosei_real,0,mosei_gPWyANEm0eE_006,,,-1,1,1,1,D:\Documents\Programming\Thesis_G10\data\raw\CMU-MOSEI\segments\gPWyANEm0eE_006.mp4,data\preprocessed\features\z_at\gPWyANEm0eE_006.pt,data\preprocessed\features\z_v\gPWyANEm0eE_006.pt
gR3igiwaeyc_001,mosei_real,0,mosei_gR3igiwaeyc_001,,,-1,1,1,1,D:\Documents\Programming\Thesis_G10\data\raw\CMU-MOSEI\segments\gR3igiwaeyc_001.mp4,data\preprocessed\features\z_at\gR3igiwaeyc_001.pt,data\preprocessed\features\z_v\gR3igiwaeyc_001.pt
gR3igiwaeyc_004,mosei_real,0,mosei_gR3igiwaeyc_004,,,-1,1,1,1,D:\Documents\Programming\Thesis_G10\data\raw\CMU-MOSEI\segments\gR3igiwaeyc_004.mp4,data\preprocessed\features\z_at\gR3igiwaeyc_004.pt,data\preprocessed\features\z_v\gR3igiwaeyc_004.pt
gR3igiwaeyc_005,mosei_real,0,mosei_gR3igiwaeyc_005,,,-1,1,1,1,D:\Documents\Programming\Thesis_G10\data\raw\CMU-MOSEI\segments\gR3igiwaeyc_005.mp4,data\preprocessed\features\z_at\gR3igiwaeyc_005.pt,data\preprocessed\features\z_v\gR3igiwaeyc_005.pt
gR3igiwaeyc_006,mosei_real,0,mosei_gR3igiwaeyc_006,,,-1,1,1,1,D:\Documents\Programming\Thesis_G10\data\raw\CMU-MOSEI\segments\gR3igiwaeyc_006.mp4,data\preprocessed\features\z_at\gR3igiwaeyc_006.pt,data\preprocessed\features\z_v\gR3igiwaeyc_006.pt
gR4gM_WXesQ_000,mosei_real,0,mosei_gR4gM_WXesQ_000,,,-1,1,1,1,D:\Documents\Programming\Thesis_G10\data\raw\CMU-MOSEI\segments\gR4gM_WXesQ_000.mp4,data\preprocessed\features\z_at\gR4gM_WXesQ_000.pt,data\preprocessed\features\z_v\gR4gM_WXesQ_000.pt
gR4gM_WXesQ_003,mosei_real,0,mosei_gR4gM_WXesQ_003,,,-1,1,1,1,D:\Documents\Programming\Thesis_G10\data\raw\CMU-MOSEI\segments\gR4gM_WXesQ_003.mp4,data\preprocessed\features\z_at\gR4gM_WXesQ_003.pt,data\preprocessed\features\z_v\gR4gM_WXesQ_003.pt
gR4gM_WXesQ_006,mosei_real,0,mosei_gR4gM_WXesQ_006,,,-1,1,1,1,D:\Documents\Programming\Thesis_G10\data\raw\CMU-MOSEI\segments\gR4gM_WXesQ_006.mp4,data\preprocessed\features\z_at\gR4gM_WXesQ_006.pt,data\preprocessed\features\z_v\gR4gM_WXesQ_006.pt
gR4gM_WXesQ_009,mosei_real,0,mosei_gR4gM_WXesQ_009,,,-1,1,1,1,D:\Documents\Programming\Thesis_G10\data\raw\CMU-MOSEI\segments\gR4gM_WXesQ_009.mp4,data\preprocessed\features\z_at\gR4gM_WXesQ_009.pt,data\preprocessed\features\z_v\gR4gM_WXesQ_009.pt
gR4gM_WXesQ_010,mosei_real,0,mosei_gR4gM_WXesQ_010,,,-1,1,1,1,D:\Documents\Programming\Thesis_G10\data\raw\CMU-MOSEI\segments\gR4gM_WXesQ_010.mp4,data\preprocessed\features\z_at\gR4gM_WXesQ_010.pt,data\preprocessed\features\z_v\gR4gM_WXesQ_010.pt
gR4gM_WXesQ_012,mosei_real,0,mosei_gR4gM_WXesQ_012,,,-1,1,1,1,D:\Documents\Programming\Thesis_G10\data\raw\CMU-MOSEI\segments\gR4gM_WXesQ_012.mp4,data\preprocessed\features\z_at\gR4gM_WXesQ_012.pt,data\preprocessed\features\z_v\gR4gM_WXesQ_012.pt
gR4gM_WXesQ_013,mosei_real,0,mosei_gR4gM_WXesQ_013,,,-1,1,1,1,D:\Documents\Programming\Thesis_G10\data\raw\CMU-MOSEI\segments\gR4gM_WXesQ_013.mp4,data\preprocessed\features\z_at\gR4gM_WXesQ_013.pt,data\preprocessed\features\z_v\gR4gM_WXesQ_013.pt
gR4gM_WXesQ_016,mosei_real,0,mosei_gR4gM_WXesQ_016,,,-1,1,1,1,D:\Documents\Programming\Thesis_G10\data\raw\CMU-MOSEI\segments\gR4gM_WXesQ_016.mp4,data\preprocessed\features\z_at\gR4gM_WXesQ_016.pt,data\preprocessed\features\z_v\gR4gM_WXesQ_016.pt
gU7McujYYPY_002,mosei_real,0,mosei_gU7McujYYPY_002,,,-1,1,1,1,D:\Documents\Programming\Thesis_G10\data\raw\CMU-MOSEI\segments\gU7McujYYPY_002.mp4,data\preprocessed\features\z_at\gU7McujYYPY_002.pt,data\preprocessed\features\z_v\gU7McujYYPY_002.pt
gU7McujYYPY_003,mosei_real,0,mosei_gU7McujYYPY_003,,,-1,1,1,1,D:\Documents\Programming\Thesis_G10\data\raw\CMU-MOSEI\segments\gU7McujYYPY_003.mp4,data\preprocessed\features\z_at\gU7McujYYPY_003.pt,data\preprocessed\features\z_v\gU7McujYYPY_003.pt
gU7McujYYPY_004,mosei_real,0,mosei_gU7McujYYPY_004,,,-1,1,1,1,D:\Documents\Programming\Thesis_G10\data\raw\CMU-MOSEI\segments\gU7McujYYPY_004.mp4,data\preprocessed\features\z_at\gU7McujYYPY_004.pt,data\preprocessed\features\z_v\gU7McujYYPY_004.pt
gU7McujYYPY_005,mosei_real,0,mosei_gU7McujYYPY_005,,,-1,1,1,1,D:\Documents\Programming\Thesis_G10\data\raw\CMU-MOSEI\segments\gU7McujYYPY_005.mp4,data\preprocessed\features\z_at\gU7McujYYPY_005.pt,data\preprocessed\features\z_v\gU7McujYYPY_005.pt
gU7McujYYPY_006,mosei_real,0,mosei_gU7McujYYPY_006,,,-1,1,1,1,D:\Documents\Programming\Thesis_G10\data\raw\CMU-MOSEI\segments\gU7McujYYPY_006.mp4,data\preprocessed\features\z_at\gU7McujYYPY_006.pt,data\preprocessed\features\z_v\gU7McujYYPY_006.pt
gVqs4TzqySw_003,mosei_real,0,mosei_gVqs4TzqySw_003,,,-1,1,1,1,D:\Documents\Programming\Thesis_G10\data\raw\CMU-MOSEI\segments\gVqs4TzqySw_003.mp4,data\preprocessed\features\z_at\gVqs4TzqySw_003.pt,data\preprocessed\features\z_v\gVqs4TzqySw_003.pt
gVqs4TzqySw_004,mosei_real,0,mosei_gVqs4TzqySw_004,,,-1,1,1,1,D:\Documents\Programming\Thesis_G10\data\raw\CMU-MOSEI\segments\gVqs4TzqySw_004.mp4,data\preprocessed\features\z_at\gVqs4TzqySw_004.pt,data\preprocessed\features\z_v\gVqs4TzqySw_004.pt
gVqs4TzqySw_005,mosei_real,0,mosei_gVqs4TzqySw_005,,,-1,1,1,1,D:\Documents\Programming\Thesis_G10\data\raw\CMU-MOSEI\segments\gVqs4TzqySw_005.mp4,data\preprocessed\features\z_at\gVqs4TzqySw_005.pt,data\preprocessed\features\z_v\gVqs4TzqySw_005.pt
gXDRWhJbfFU_010,mosei_real,0,mosei_gXDRWhJbfFU_010,,,-1,1,1,1,D:\Documents\Programming\Thesis_G10\data\raw\CMU-MOSEI\segments\gXDRWhJbfFU_010.mp4,data\preprocessed\features\z_at\gXDRWhJbfFU_010.pt,data\preprocessed\features\z_v\gXDRWhJbfFU_010.pt
gXuiIWRxrw4_000,mosei_real,0,mosei_gXuiIWRxrw4_000,,,-1,1,1,1,D:\Documents\Programming\Thesis_G10\data\raw\CMU-MOSEI\segments\gXuiIWRxrw4_000.mp4,data\preprocessed\features\z_at\gXuiIWRxrw4_000.pt,data\preprocessed\features\z_v\gXuiIWRxrw4_000.pt
gXuiIWRxrw4_002,mosei_real,0,mosei_gXuiIWRxrw4_002,,,-1,1,1,1,D:\Documents\Programming\Thesis_G10\data\raw\CMU-MOSEI\segments\gXuiIWRxrw4_002.mp4,data\preprocessed\features\z_at\gXuiIWRxrw4_002.pt,data\preprocessed\features\z_v\gXuiIWRxrw4_002.pt
gXuiIWRxrw4_008,mosei_real,0,mosei_gXuiIWRxrw4_008,,,-1,1,1,1,D:\Documents\Programming\Thesis_G10\data\raw\CMU-MOSEI\segments\gXuiIWRxrw4_008.mp4,data\preprocessed\features\z_at\gXuiIWRxrw4_008.pt,data\preprocessed\features\z_v\gXuiIWRxrw4_008.pt
gXuiIWRxrw4_010,mosei_real,0,mosei_gXuiIWRxrw4_010,,,-1,1,1,1,D:\Documents\Programming\Thesis_G10\data\raw\CMU-MOSEI\segments\gXuiIWRxrw4_010.mp4,data\preprocessed\features\z_at\gXuiIWRxrw4_010.pt,data\preprocessed\features\z_v\gXuiIWRxrw4_010.pt
gXuiIWRxrw4_011,mosei_real,0,mosei_gXuiIWRxrw4_011,,,-1,1,1,1,D:\Documents\Programming\Thesis_G10\data\raw\CMU-MOSEI\segments\gXuiIWRxrw4_011.mp4,data\preprocessed\features\z_at\gXuiIWRxrw4_011.pt,data\preprocessed\features\z_v\gXuiIWRxrw4_011.pt
gXuiIWRxrw4_017,mosei_real,0,mosei_gXuiIWRxrw4_017,,,-1,1,1,1,D:\Documents\Programming\Thesis_G10\data\raw\CMU-MOSEI\segments\gXuiIWRxrw4_017.mp4,data\preprocessed\features\z_at\gXuiIWRxrw4_017.pt,data\preprocessed\features\z_v\gXuiIWRxrw4_017.pt
gZDyk95Xob4_000,mosei_real,0,mosei_gZDyk95Xob4_000,,,-1,1,1,1,D:\Documents\Programming\Thesis_G10\data\raw\CMU-MOSEI\segments\gZDyk95Xob4_000.mp4,data\preprocessed\features\z_at\gZDyk95Xob4_000.pt,data\preprocessed\features\z_v\gZDyk95Xob4_000.pt
gZDyk95Xob4_002,mosei_real,0,mosei_gZDyk95Xob4_002,,,-1,1,1,1,D:\Documents\Programming\Thesis_G10\data\raw\CMU-MOSEI\segments\gZDyk95Xob4_002.mp4,data\preprocessed\features\z_at\gZDyk95Xob4_002.pt,data\preprocessed\features\z_v\gZDyk95Xob4_002.pt
gZDyk95Xob4_003,mosei_real,0,mosei_gZDyk95Xob4_003,,,-1,1,1,1,D:\Documents\Programming\Thesis_G10\data\raw\CMU-MOSEI\segments\gZDyk95Xob4_003.mp4,data\preprocessed\features\z_at\gZDyk95Xob4_003.pt,data\preprocessed\features\z_v\gZDyk95Xob4_003.pt
gZDyk95Xob4_006,mosei_real,0,mosei_gZDyk95Xob4_006,,,-1,1,1,1,D:\Documents\Programming\Thesis_G10\data\raw\CMU-MOSEI\segments\gZDyk95Xob4_006.mp4,data\preprocessed\features\z_at\gZDyk95Xob4_006.pt,data\preprocessed\features\z_v\gZDyk95Xob4_006.pt
gZDyk95Xob4_007,mosei_real,0,mosei_gZDyk95Xob4_007,,,-1,1,1,1,D:\Documents\Programming\Thesis_G10\data\raw\CMU-MOSEI\segments\gZDyk95Xob4_007.mp4,data\preprocessed\features\z_at\gZDyk95Xob4_007.pt,data\preprocessed\features\z_v\gZDyk95Xob4_007.pt
gZDyk95Xob4_008,mosei_real,0,mosei_gZDyk95Xob4_008,,,-1,1,1,1,D:\Documents\Programming\Thesis_G10\data\raw\CMU-MOSEI\segments\gZDyk95Xob4_008.mp4,data\preprocessed\features\z_at\gZDyk95Xob4_008.pt,data\preprocessed\features\z_v\gZDyk95Xob4_008.pt
gZDyk95Xob4_009,mosei_real,0,mosei_gZDyk95Xob4_009,,,-1,1,1,1,D:\Documents\Programming\Thesis_G10\data\raw\CMU-MOSEI\segments\gZDyk95Xob4_009.mp4,data\preprocessed\features\z_at\gZDyk95Xob4_009.pt,data\preprocessed\features\z_v\gZDyk95Xob4_009.pt
gZDyk95Xob4_011,mosei_real,0,mosei_gZDyk95Xob4_011,,,-1,1,1,1,D:\Documents\Programming\Thesis_G10\data\raw\CMU-MOSEI\segments\gZDyk95Xob4_011.mp4,data\preprocessed\features\z_at\gZDyk95Xob4_011.pt,data\preprocessed\features\z_v\gZDyk95Xob4_011.pt
gZF-YNQHqwI_000,mosei_real,0,mosei_gZF-YNQHqwI_000,,,-1,1,1,1,D:\Documents\Programming\Thesis_G10\data\raw\CMU-MOSEI\segments\gZF-YNQHqwI_000.mp4,data\preprocessed\features\z_at\gZF-YNQHqwI_000.pt,data\preprocessed\features\z_v\gZF-YNQHqwI_000.pt
gZF-YNQHqwI_001,mosei_real,0,mosei_gZF-YNQHqwI_001,,,-1,1,1,1,D:\Documents\Programming\Thesis_G10\data\raw\CMU-MOSEI\segments\gZF-YNQHqwI_001.mp4,data\preprocessed\features\z_at\gZF-YNQHqwI_001.pt,data\preprocessed\features\z_v\gZF-YNQHqwI_001.pt
gZF-YNQHqwI_002,mosei_real,0,mosei_gZF-YNQHqwI_002,,,-1,1,1,1,D:\Documents\Programming\Thesis_G10\data\raw\CMU-MOSEI\segments\gZF-YNQHqwI_002.mp4,data\preprocessed\features\z_at\gZF-YNQHqwI_002.pt,data\preprocessed\features\z_v\gZF-YNQHqwI_002.pt
gZF-YNQHqwI_003,mosei_real,0,mosei_gZF-YNQHqwI_003,,,-1,1,1,1,D:\Documents\Programming\Thesis_G10\data\raw\CMU-MOSEI\segments\gZF-YNQHqwI_003.mp4,data\preprocessed\features\z_at\gZF-YNQHqwI_003.pt,data\preprocessed\features\z_v\gZF-YNQHqwI_003.pt
gZF-YNQHqwI_004,mosei_real,0,mosei_gZF-YNQHqwI_004,,,-1,1,1,1,D:\Documents\Programming\Thesis_G10\data\raw\CMU-MOSEI\segments\gZF-YNQHqwI_004.mp4,data\preprocessed\features\z_at\gZF-YNQHqwI_004.pt,data\preprocessed\features\z_v\gZF-YNQHqwI_004.pt
gZF-YNQHqwI_005,mosei_real,0,mosei_gZF-YNQHqwI_005,,,-1,1,1,1,D:\Documents\Programming\Thesis_G10\data\raw\CMU-MOSEI\segments\gZF-YNQHqwI_005.mp4,data\preprocessed\features\z_at\gZF-YNQHqwI_005.pt,data\preprocessed\features\z_v\gZF-YNQHqwI_005.pt
gZF-YNQHqwI_006,mosei_real,0,mosei_gZF-YNQHqwI_006,,,-1,1,1,1,D:\Documents\Programming\Thesis_G10\data\raw\CMU-MOSEI\segments\gZF-YNQHqwI_006.mp4,data\preprocessed\features\z_at\gZF-YNQHqwI_006.pt,data\preprocessed\features\z_v\gZF-YNQHqwI_006.pt
gZF-YNQHqwI_007,mosei_real,0,mosei_gZF-YNQHqwI_007,,,-1,1,1,1,D:\Documents\Programming\Thesis_G10\data\raw\CMU-MOSEI\segments\gZF-YNQHqwI_007.mp4,data\preprocessed\features\z_at\gZF-YNQHqwI_007.pt,data\preprocessed\features\z_v\gZF-YNQHqwI_007.pt
gZF-YNQHqwI_008,mosei_real,0,mosei_gZF-YNQHqwI_008,,,-1,1,1,1,D:\Documents\Programming\Thesis_G10\data\raw\CMU-MOSEI\segments\gZF-YNQHqwI_008.mp4,data\preprocessed\features\z_at\gZF-YNQHqwI_008.pt,data\preprocessed\features\z_v\gZF-YNQHqwI_008.pt
gZF-YNQHqwI_009,mosei_real,0,mosei_gZF-YNQHqwI_009,,,-1,1,1,1,D:\Documents\Programming\Thesis_G10\data\raw\CMU-MOSEI\segments\gZF-YNQHqwI_009.mp4,data\preprocessed\features\z_at\gZF-YNQHqwI_009.pt,data\preprocessed\features\z_v\gZF-YNQHqwI_009.pt
gZF-YNQHqwI_010,mosei_real,0,mosei_gZF-YNQHqwI_010,,,-1,1,1,1,D:\Documents\Programming\Thesis_G10\data\raw\CMU-MOSEI\segments\gZF-YNQHqwI_010.mp4,data\preprocessed\features\z_at\gZF-YNQHqwI_010.pt,data\preprocessed\features\z_v\gZF-YNQHqwI_010.pt
gcFECfN4BCU_001,mosei_real,0,mosei_gcFECfN4BCU_001,,,-1,1,1,1,D:\Documents\Programming\Thesis_G10\data\raw\CMU-MOSEI\segments\gcFECfN4BCU_001.mp4,data\preprocessed\features\z_at\gcFECfN4BCU_001.pt,data\preprocessed\features\z_v\gcFECfN4BCU_001.pt
gcFECfN4BCU_003,mosei_real,0,mosei_gcFECfN4BCU_003,,,-1,1,1,1,D:\Documents\Programming\Thesis_G10\data\raw\CMU-MOSEI\segments\gcFECfN4BCU_003.mp4,data\preprocessed\features\z_at\gcFECfN4BCU_003.pt,data\preprocessed\features\z_v\gcFECfN4BCU_003.pt
gcFECfN4BCU_006,mosei_real,0,mosei_gcFECfN4BCU_006,,,-1,1,1,1,D:\Documents\Programming\Thesis_G10\data\raw\CMU-MOSEI\segments\gcFECfN4BCU_006.mp4,data\preprocessed\features\z_at\gcFECfN4BCU_006.pt,data\preprocessed\features\z_v\gcFECfN4BCU_006.pt
gcFECfN4BCU_011,mosei_real,0,mosei_gcFECfN4BCU_011,,,-1,1,1,1,D:\Documents\Programming\Thesis_G10\data\raw\CMU-MOSEI\segments\gcFECfN4BCU_011.mp4,data\preprocessed\features\z_at\gcFECfN4BCU_011.pt,data\preprocessed\features\z_v\gcFECfN4BCU_011.pt
gcFECfN4BCU_013,mosei_real,0,mosei_gcFECfN4BCU_013,,,-1,1,1,1,D:\Documents\Programming\Thesis_G10\data\raw\CMU-MOSEI\segments\gcFECfN4BCU_013.mp4,data\preprocessed\features\z_at\gcFECfN4BCU_013.pt,data\preprocessed\features\z_v\gcFECfN4BCU_013.pt
gcFECfN4BCU_014,mosei_real,0,mosei_gcFECfN4BCU_014,,,-1,1,1,1,D:\Documents\Programming\Thesis_G10\data\raw\CMU-MOSEI\segments\gcFECfN4BCU_014.mp4,data\preprocessed\features\z_at\gcFECfN4BCU_014.pt,data\preprocessed\features\z_v\gcFECfN4BCU_014.pt
gcFECfN4BCU_015,mosei_real,0,mosei_gcFECfN4BCU_015,,,-1,1,1,1,D:\Documents\Programming\Thesis_G10\data\raw\CMU-MOSEI\segments\gcFECfN4BCU_015.mp4,data\preprocessed\features\z_at\gcFECfN4BCU_015.pt,data\preprocessed\features\z_v\gcFECfN4BCU_015.pt
gcFECfN4BCU_017,mosei_real,0,mosei_gcFECfN4BCU_017,,,-1,1,1,1,D:\Documents\Programming\Thesis_G10\data\raw\CMU-MOSEI\segments\gcFECfN4BCU_017.mp4,data\preprocessed\features\z_at\gcFECfN4BCU_017.pt,data\preprocessed\features\z_v\gcFECfN4BCU_017.pt
gcFECfN4BCU_018,mosei_real,0,mosei_gcFECfN4BCU_018,,,-1,1,1,1,D:\Documents\Programming\Thesis_G10\data\raw\CMU-MOSEI\segments\gcFECfN4BCU_018.mp4,data\preprocessed\features\z_at\gcFECfN4BCU_018.pt,data\preprocessed\features\z_v\gcFECfN4BCU_018.pt
gcFECfN4BCU_021,mosei_real,0,mosei_gcFECfN4BCU_021,,,-1,1,1,1,D:\Documents\Programming\Thesis_G10\data\raw\CMU-MOSEI\segments\gcFECfN4BCU_021.mp4,data\preprocessed\features\z_at\gcFECfN4BCU_021.pt,data\preprocessed\features\z_v\gcFECfN4BCU_021.pt
gcpsSao7kHM_000,mosei_real,0,mosei_gcpsSao7kHM_000,,,-1,1,1,1,D:\Documents\Programming\Thesis_G10\data\raw\CMU-MOSEI\segments\gcpsSao7kHM_000.mp4,data\preprocessed\features\z_at\gcpsSao7kHM_000.pt,data\preprocessed\features\z_v\gcpsSao7kHM_000.pt
gcpsSao7kHM_001,mosei_real,0,mosei_gcpsSao7kHM_001,,,-1,1,1,1,D:\Documents\Programming\Thesis_G10\data\raw\CMU-MOSEI\segments\gcpsSao7kHM_001.mp4,data\preprocessed\features\z_at\gcpsSao7kHM_001.pt,data\preprocessed\features\z_v\gcpsSao7kHM_001.pt
gcpsSao7kHM_003,mosei_real,0,mosei_gcpsSao7kHM_003,,,-1,1,1,1,D:\Documents\Programming\Thesis_G10\data\raw\CMU-MOSEI\segments\gcpsSao7kHM_003.mp4,data\preprocessed\features\z_at\gcpsSao7kHM_003.pt,data\preprocessed\features\z_v\gcpsSao7kHM_003.pt
gcpsSao7kHM_004,mosei_real,0,mosei_gcpsSao7kHM_004,,,-1,1,1,1,D:\Documents\Programming\Thesis_G10\data\raw\CMU-MOSEI\segments\gcpsSao7kHM_004.mp4,data\preprocessed\features\z_at\gcpsSao7kHM_004.pt,data\preprocessed\features\z_v\gcpsSao7kHM_004.pt
gcpsSao7kHM_005,mosei_real,0,mosei_gcpsSao7kHM_005,,,-1,1,1,1,D:\Documents\Programming\Thesis_G10\data\raw\CMU-MOSEI\segments\gcpsSao7kHM_005.mp4,data\preprocessed\features\z_at\gcpsSao7kHM_005.pt,data\preprocessed\features\z_v\gcpsSao7kHM_005.pt
ge071m9bGeY_000,mosei_real,0,mosei_ge071m9bGeY_000,,,-1,1,1,1,D:\Documents\Programming\Thesis_G10\data\raw\CMU-MOSEI\segments\ge071m9bGeY_000.mp4,data\preprocessed\features\z_at\ge071m9bGeY_000.pt,data\preprocessed\features\z_v\ge071m9bGeY_000.pt
ge071m9bGeY_001,mosei_real,0,mosei_ge071m9bGeY_001,,,-1,1,1,1,D:\Documents\Programming\Thesis_G10\data\raw\CMU-MOSEI\segments\ge071m9bGeY_001.mp4,data\preprocessed\features\z_at\ge071m9bGeY_001.pt,data\preprocessed\features\z_v\ge071m9bGeY_001.pt
ge071m9bGeY_003,mosei_real,0,mosei_ge071m9bGeY_003,,,-1,1,1,1,D:\Documents\Programming\Thesis_G10\data\raw\CMU-MOSEI\segments\ge071m9bGeY_003.mp4,data\preprocessed\features\z_at\ge071m9bGeY_003.pt,data\preprocessed\features\z_v\ge071m9bGeY_003.pt
ge071m9bGeY_007,mosei_real,0,mosei_ge071m9bGeY_007,,,-1,1,1,1,D:\Documents\Programming\Thesis_G10\data\raw\CMU-MOSEI\segments\ge071m9bGeY_007.mp4,data\preprocessed\features\z_at\ge071m9bGeY_007.pt,data\preprocessed\features\z_v\ge071m9bGeY_007.pt
ge071m9bGeY_008,mosei_real,0,mosei_ge071m9bGeY_008,,,-1,1,1,1,D:\Documents\Programming\Thesis_G10\data\raw\CMU-MOSEI\segments\ge071m9bGeY_008.mp4,data\preprocessed\features\z_at\ge071m9bGeY_008.pt,data\preprocessed\features\z_v\ge071m9bGeY_008.pt
gjEYmdWrBLM_001,mosei_real,0,mosei_gjEYmdWrBLM_001,,,-1,1,1,1,D:\Documents\Programming\Thesis_G10\data\raw\CMU-MOSEI\segments\gjEYmdWrBLM_001.mp4,data\preprocessed\features\z_at\gjEYmdWrBLM_001.pt,data\preprocessed\features\z_v\gjEYmdWrBLM_001.pt
gjEYmdWrBLM_002,mosei_real,0,mosei_gjEYmdWrBLM_002,,,-1,1,1,1,D:\Documents\Programming\Thesis_G10\data\raw\CMU-MOSEI\segments\gjEYmdWrBLM_002.mp4,data\preprocessed\features\z_at\gjEYmdWrBLM_002.pt,data\preprocessed\features\z_v\gjEYmdWrBLM_002.pt
gjEYmdWrBLM_003,mosei_real,0,mosei_gjEYmdWrBLM_003,,,-1,1,1,1,D:\Documents\Programming\Thesis_G10\data\raw\CMU-MOSEI\segments\gjEYmdWrBLM_003.mp4,data\preprocessed\features\z_at\gjEYmdWrBLM_003.pt,data\preprocessed\features\z_v\gjEYmdWrBLM_003.pt
gjEYmdWrBLM_006,mosei_real,0,mosei_gjEYmdWrBLM_006,,,-1,1,1,1,D:\Documents\Programming\Thesis_G10\data\raw\CMU-MOSEI\segments\gjEYmdWrBLM_006.mp4,data\preprocessed\features\z_at\gjEYmdWrBLM_006.pt,data\preprocessed\features\z_v\gjEYmdWrBLM_006.pt
gjEYmdWrBLM_007,mosei_real,0,mosei_gjEYmdWrBLM_007,,,-1,1,1,1,D:\Documents\Programming\Thesis_G10\data\raw\CMU-MOSEI\segments\gjEYmdWrBLM_007.mp4,data\preprocessed\features\z_at\gjEYmdWrBLM_007.pt,data\preprocessed\features\z_v\gjEYmdWrBLM_007.pt
gjEYmdWrBLM_009,mosei_real,0,mosei_gjEYmdWrBLM_009,,,-1,1,1,1,D:\Documents\Programming\Thesis_G10\data\raw\CMU-MOSEI\segments\gjEYmdWrBLM_009.mp4,data\preprocessed\features\z_at\gjEYmdWrBLM_009.pt,data\preprocessed\features\z_v\gjEYmdWrBLM_009.pt
gjEYmdWrBLM_010,mosei_real,0,mosei_gjEYmdWrBLM_010,,,-1,1,1,1,D:\Documents\Programming\Thesis_G10\data\raw\CMU-MOSEI\segments\gjEYmdWrBLM_010.mp4,data\preprocessed\features\z_at\gjEYmdWrBLM_010.pt,data\preprocessed\features\z_v\gjEYmdWrBLM_010.pt
gjEYmdWrBLM_014,mosei_real,0,mosei_gjEYmdWrBLM_014,,,-1,1,1,1,D:\Documents\Programming\Thesis_G10\data\raw\CMU-MOSEI\segments\gjEYmdWrBLM_014.mp4,data\preprocessed\features\z_at\gjEYmdWrBLM_014.pt,data\preprocessed\features\z_v\gjEYmdWrBLM_014.pt
gjEYmdWrBLM_015,mosei_real,0,mosei_gjEYmdWrBLM_015,,,-1,1,1,1,D:\Documents\Programming\Thesis_G10\data\raw\CMU-MOSEI\segments\gjEYmdWrBLM_015.mp4,data\preprocessed\features\z_at\gjEYmdWrBLM_015.pt,data\preprocessed\features\z_v\gjEYmdWrBLM_015.pt
gjEYmdWrBLM_017,mosei_real,0,mosei_gjEYmdWrBLM_017,,,-1,1,1,1,D:\Documents\Programming\Thesis_G10\data\raw\CMU-MOSEI\segments\gjEYmdWrBLM_017.mp4,data\preprocessed\features\z_at\gjEYmdWrBLM_017.pt,data\preprocessed\features\z_v\gjEYmdWrBLM_017.pt
gjEYmdWrBLM_018,mosei_real,0,mosei_gjEYmdWrBLM_018,,,-1,1,1,1,D:\Documents\Programming\Thesis_G10\data\raw\CMU-MOSEI\segments\gjEYmdWrBLM_018.mp4,data\preprocessed\features\z_at\gjEYmdWrBLM_018.pt,data\preprocessed\features\z_v\gjEYmdWrBLM_018.pt
gjEYmdWrBLM_019,mosei_real,0,mosei_gjEYmdWrBLM_019,,,-1,1,1,1,D:\Documents\Programming\Thesis_G10\data\raw\CMU-MOSEI\segments\gjEYmdWrBLM_019.mp4,data\preprocessed\features\z_at\gjEYmdWrBLM_019.pt,data\preprocessed\features\z_v\gjEYmdWrBLM_019.pt
gjEYmdWrBLM_020,mosei_real,0,mosei_gjEYmdWrBLM_020,,,-1,1,1,1,D:\Documents\Programming\Thesis_G10\data\raw\CMU-MOSEI\segments\gjEYmdWrBLM_020.mp4,data\preprocessed\features\z_at\gjEYmdWrBLM_020.pt,data\preprocessed\features\z_v\gjEYmdWrBLM_020.pt
gjEYmdWrBLM_021,mosei_real,0,mosei_gjEYmdWrBLM_021,,,-1,1,1,1,D:\Documents\Programming\Thesis_G10\data\raw\CMU-MOSEI\segments\gjEYmdWrBLM_021.mp4,data\preprocessed\features\z_at\gjEYmdWrBLM_021.pt,data\preprocessed\features\z_v\gjEYmdWrBLM_021.pt
gjEYmdWrBLM_023,mosei_real,0,mosei_gjEYmdWrBLM_023,,,-1,1,1,1,D:\Documents\Programming\Thesis_G10\data\raw\CMU-MOSEI\segments\gjEYmdWrBLM_023.mp4,data\preprocessed\features\z_at\gjEYmdWrBLM_023.pt,data\preprocessed\features\z_v\gjEYmdWrBLM_023.pt
gjEYmdWrBLM_024,mosei_real,0,mosei_gjEYmdWrBLM_024,,,-1,1,1,1,D:\Documents\Programming\Thesis_G10\data\raw\CMU-MOSEI\segments\gjEYmdWrBLM_024.mp4,data\preprocessed\features\z_at\gjEYmdWrBLM_024.pt,data\preprocessed\features\z_v\gjEYmdWrBLM_024.pt
gjEYmdWrBLM_026,mosei_real,0,mosei_gjEYmdWrBLM_026,,,-1,1,1,1,D:\Documents\Programming\Thesis_G10\data\raw\CMU-MOSEI\segments\gjEYmdWrBLM_026.mp4,data\preprocessed\features\z_at\gjEYmdWrBLM_026.pt,data\preprocessed\features\z_v\gjEYmdWrBLM_026.pt
gjEYmdWrBLM_027,mosei_real,0,mosei_gjEYmdWrBLM_027,,,-1,1,1,1,D:\Documents\Programming\Thesis_G10\data\raw\CMU-MOSEI\segments\gjEYmdWrBLM_027.mp4,data\preprocessed\features\z_at\gjEYmdWrBLM_027.pt,data\preprocessed\features\z_v\gjEYmdWrBLM_027.pt
gjGL6YY6oMs_001,mosei_real,0,mosei_gjGL6YY6oMs_001,,,-1,1,1,1,D:\Documents\Programming\Thesis_G10\data\raw\CMU-MOSEI\segments\gjGL6YY6oMs_001.mp4,data\preprocessed\features\z_at\gjGL6YY6oMs_001.pt,data\preprocessed\features\z_v\gjGL6YY6oMs_001.pt
gjGL6YY6oMs_002,mosei_real,0,mosei_gjGL6YY6oMs_002,,,-1,1,1,1,D:\Documents\Programming\Thesis_G10\data\raw\CMU-MOSEI\segments\gjGL6YY6oMs_002.mp4,data\preprocessed\features\z_at\gjGL6YY6oMs_002.pt,data\preprocessed\features\z_v\gjGL6YY6oMs_002.pt
gjGL6YY6oMs_003,mosei_real,0,mosei_gjGL6YY6oMs_003,,,-1,1,1,1,D:\Documents\Programming\Thesis_G10\data\raw\CMU-MOSEI\segments\gjGL6YY6oMs_003.mp4,data\preprocessed\features\z_at\gjGL6YY6oMs_003.pt,data\preprocessed\features\z_v\gjGL6YY6oMs_003.pt
gjGL6YY6oMs_004,mosei_real,0,mosei_gjGL6YY6oMs_004,,,-1,1,1,1,D:\Documents\Programming\Thesis_G10\data\raw\CMU-MOSEI\segments\gjGL6YY6oMs_004.mp4,data\preprocessed\features\z_at\gjGL6YY6oMs_004.pt,data\preprocessed\features\z_v\gjGL6YY6oMs_004.pt
gjGL6YY6oMs_005,mosei_real,0,mosei_gjGL6YY6oMs_005,,,-1,1,1,1,D:\Documents\Programming\Thesis_G10\data\raw\CMU-MOSEI\segments\gjGL6YY6oMs_005.mp4,data\preprocessed\features\z_at\gjGL6YY6oMs_005.pt,data\preprocessed\features\z_v\gjGL6YY6oMs_005.pt
gjSyl6evrWk_001,mosei_real,0,mosei_gjSyl6evrWk_001,,,-1,1,1,1,D:\Documents\Programming\Thesis_G10\data\raw\CMU-MOSEI\segments\gjSyl6evrWk_001.mp4,data\preprocessed\features\z_at\gjSyl6evrWk_001.pt,data\preprocessed\features\z_v\gjSyl6evrWk_001.pt
gjSyl6evrWk_004,mosei_real,0,mosei_gjSyl6evrWk_004,,,-1,1,1,1,D:\Documents\Programming\Thesis_G10\data\raw\CMU-MOSEI\segments\gjSyl6evrWk_004.mp4,data\preprocessed\features\z_at\gjSyl6evrWk_004.pt,data\preprocessed\features\z_v\gjSyl6evrWk_004.pt
gjSyl6evrWk_006,mosei_real,0,mosei_gjSyl6evrWk_006,,,-1,1,1,1,D:\Documents\Programming\Thesis_G10\data\raw\CMU-MOSEI\segments\gjSyl6evrWk_006.mp4,data\preprocessed\features\z_at\gjSyl6evrWk_006.pt,data\preprocessed\features\z_v\gjSyl6evrWk_006.pt
goMtnNHQ_z4_000,mosei_real,0,mosei_goMtnNHQ_z4_000,,,-1,1,1,1,D:\Documents\Programming\Thesis_G10\data\raw\CMU-MOSEI\segments\goMtnNHQ_z4_000.mp4,data\preprocessed\features\z_at\goMtnNHQ_z4_000.pt,data\preprocessed\features\z_v\goMtnNHQ_z4_000.pt
goMtnNHQ_z4_001,mosei_real,0,mosei_goMtnNHQ_z4_001,,,-1,1,1,1,D:\Documents\Programming\Thesis_G10\data\raw\CMU-MOSEI\segments\goMtnNHQ_z4_001.mp4,data\preprocessed\features\z_at\goMtnNHQ_z4_001.pt,data\preprocessed\features\z_v\goMtnNHQ_z4_001.pt
goMtnNHQ_z4_003,mosei_real,0,mosei_goMtnNHQ_z4_003,,,-1,1,1,1,D:\Documents\Programming\Thesis_G10\data\raw\CMU-MOSEI\segments\goMtnNHQ_z4_003.mp4,data\preprocessed\features\z_at\goMtnNHQ_z4_003.pt,data\preprocessed\features\z_v\goMtnNHQ_z4_003.pt
gr9YU-UTJzQ_000,mosei_real,0,mosei_gr9YU-UTJzQ_000,,,-1,1,1,1,D:\Documents\Programming\Thesis_G10\data\raw\CMU-MOSEI\segments\gr9YU-UTJzQ_000.mp4,data\preprocessed\features\z_at\gr9YU-UTJzQ_000.pt,data\preprocessed\features\z_v\gr9YU-UTJzQ_000.pt
grePRQ8zonA_002,mosei_real,0,mosei_grePRQ8zonA_002,,,-1,1,1,1,D:\Documents\Programming\Thesis_G10\data\raw\CMU-MOSEI\segments\grePRQ8zonA_002.mp4,data\preprocessed\features\z_at\grePRQ8zonA_002.pt,data\preprocessed\features\z_v\grePRQ8zonA_002.pt
gvjQ1XfMA_g_000,mosei_real,0,mosei_gvjQ1XfMA_g_000,,,-1,1,1,1,D:\Documents\Programming\Thesis_G10\data\raw\CMU-MOSEI\segments\gvjQ1XfMA_g_000.mp4,data\preprocessed\features\z_at\gvjQ1XfMA_g_000.pt,data\preprocessed\features\z_v\gvjQ1XfMA_g_000.pt
h1ZZHUU4j0k_001,mosei_real,0,mosei_h1ZZHUU4j0k_001,,,-1,1,1,1,D:\Documents\Programming\Thesis_G10\data\raw\CMU-MOSEI\segments\h1ZZHUU4j0k_001.mp4,data\preprocessed\features\z_at\h1ZZHUU4j0k_001.pt,data\preprocessed\features\z_v\h1ZZHUU4j0k_001.pt
h1ZZHUU4j0k_004,mosei_real,0,mosei_h1ZZHUU4j0k_004,,,-1,1,1,1,D:\Documents\Programming\Thesis_G10\data\raw\CMU-MOSEI\segments\h1ZZHUU4j0k_004.mp4,data\preprocessed\features\z_at\h1ZZHUU4j0k_004.pt,data\preprocessed\features\z_v\h1ZZHUU4j0k_004.pt
h1ZZHUU4j0k_005,mosei_real,0,mosei_h1ZZHUU4j0k_005,,,-1,1,1,1,D:\Documents\Programming\Thesis_G10\data\raw\CMU-MOSEI\segments\h1ZZHUU4j0k_005.mp4,data\preprocessed\features\z_at\h1ZZHUU4j0k_005.pt,data\preprocessed\features\z_v\h1ZZHUU4j0k_005.pt
h1ZZHUU4j0k_011,mosei_real,0,mosei_h1ZZHUU4j0k_011,,,-1,1,1,1,D:\Documents\Programming\Thesis_G10\data\raw\CMU-MOSEI\segments\h1ZZHUU4j0k_011.mp4,data\preprocessed\features\z_at\h1ZZHUU4j0k_011.pt,data\preprocessed\features\z_v\h1ZZHUU4j0k_011.pt
h1ZZHUU4j0k_014,mosei_real,0,mosei_h1ZZHUU4j0k_014,,,-1,1,1,1,D:\Documents\Programming\Thesis_G10\data\raw\CMU-MOSEI\segments\h1ZZHUU4j0k_014.mp4,data\preprocessed\features\z_at\h1ZZHUU4j0k_014.pt,data\preprocessed\features\z_v\h1ZZHUU4j0k_014.pt
h1ZZHUU4j0k_015,mosei_real,0,mosei_h1ZZHUU4j0k_015,,,-1,1,1,1,D:\Documents\Programming\Thesis_G10\data\raw\CMU-MOSEI\segments\h1ZZHUU4j0k_015.mp4,data\preprocessed\features\z_at\h1ZZHUU4j0k_015.pt,data\preprocessed\features\z_v\h1ZZHUU4j0k_015.pt
h1ZZHUU4j0k_018,mosei_real,0,mosei_h1ZZHUU4j0k_018,,,-1,1,1,1,D:\Documents\Programming\Thesis_G10\data\raw\CMU-MOSEI\segments\h1ZZHUU4j0k_018.mp4,data\preprocessed\features\z_at\h1ZZHUU4j0k_018.pt,data\preprocessed\features\z_v\h1ZZHUU4j0k_018.pt
h1ZZHUU4j0k_021,mosei_real,0,mosei_h1ZZHUU4j0k_021,,,-1,1,1,1,D:\Documents\Programming\Thesis_G10\data\raw\CMU-MOSEI\segments\h1ZZHUU4j0k_021.mp4,data\preprocessed\features\z_at\h1ZZHUU4j0k_021.pt,data\preprocessed\features\z_v\h1ZZHUU4j0k_021.pt
h7p5URoookk_000,mosei_real,0,mosei_h7p5URoookk_000,,,-1,1,1,1,D:\Documents\Programming\Thesis_G10\data\raw\CMU-MOSEI\segments\h7p5URoookk_000.mp4,data\preprocessed\features\z_at\h7p5URoookk_000.pt,data\preprocessed\features\z_v\h7p5URoookk_000.pt
h7p5URoookk_001,mosei_real,0,mosei_h7p5URoookk_001,,,-1,1,1,1,D:\Documents\Programming\Thesis_G10\data\raw\CMU-MOSEI\segments\h7p5URoookk_001.mp4,data\preprocessed\features\z_at\h7p5URoookk_001.pt,data\preprocessed\features\z_v\h7p5URoookk_001.pt
h7p5URoookk_002,mosei_real,0,mosei_h7p5URoookk_002,,,-1,1,1,1,D:\Documents\Programming\Thesis_G10\data\raw\CMU-MOSEI\segments\h7p5URoookk_002.mp4,data\preprocessed\features\z_at\h7p5URoookk_002.pt,data\preprocessed\features\z_v\h7p5URoookk_002.pt
h7p5URoookk_003,mosei_real,0,mosei_h7p5URoookk_003,,,-1,1,1,1,D:\Documents\Programming\Thesis_G10\data\raw\CMU-MOSEI\segments\h7p5URoookk_003.mp4,data\preprocessed\features\z_at\h7p5URoookk_003.pt,data\preprocessed\features\z_v\h7p5URoookk_003.pt
h7p5URoookk_005,mosei_real,0,mosei_h7p5URoookk_005,,,-1,1,1,1,D:\Documents\Programming\Thesis_G10\data\raw\CMU-MOSEI\segments\h7p5URoookk_005.mp4,data\preprocessed\features\z_at\h7p5URoookk_005.pt,data\preprocessed\features\z_v\h7p5URoookk_005.pt
h7p5URoookk_009,mosei_real,0,mosei_h7p5URoookk_009,,,-1,1,1,1,D:\Documents\Programming\Thesis_G10\data\raw\CMU-MOSEI\segments\h7p5URoookk_009.mp4,data\preprocessed\features\z_at\h7p5URoookk_009.pt,data\preprocessed\features\z_v\h7p5URoookk_009.pt
h7p5URoookk_011,mosei_real,0,mosei_h7p5URoookk_011,,,-1,1,1,1,D:\Documents\Programming\Thesis_G10\data\raw\CMU-MOSEI\segments\h7p5URoookk_011.mp4,data\preprocessed\features\z_at\h7p5URoookk_011.pt,data\preprocessed\features\z_v\h7p5URoookk_011.pt
h7p5URoookk_013,mosei_real,0,mosei_h7p5URoookk_013,,,-1,1,1,1,D:\Documents\Programming\Thesis_G10\data\raw\CMU-MOSEI\segments\h7p5URoookk_013.mp4,data\preprocessed\features\z_at\h7p5URoookk_013.pt,data\preprocessed\features\z_v\h7p5URoookk_013.pt
h7p5URoookk_015,mosei_real,0,mosei_h7p5URoookk_015,,,-1,1,1,1,D:\Documents\Programming\Thesis_G10\data\raw\CMU-MOSEI\segments\h7p5URoookk_015.mp4,data\preprocessed\features\z_at\h7p5URoookk_015.pt,data\preprocessed\features\z_v\h7p5URoookk_015.pt
h7p5URoookk_016,mosei_real,0,mosei_h7p5URoookk_016,,,-1,1,1,1,D:\Documents\Programming\Thesis_G10\data\raw\CMU-MOSEI\segments\h7p5URoookk_016.mp4,data\preprocessed\features\z_at\h7p5URoookk_016.pt,data\preprocessed\features\z_v\h7p5URoookk_016.pt
h7p5URoookk_017,mosei_real,0,mosei_h7p5URoookk_017,,,-1,1,1,1,D:\Documents\Programming\Thesis_G10\data\raw\CMU-MOSEI\segments\h7p5URoookk_017.mp4,data\preprocessed\features\z_at\h7p5URoookk_017.pt,data\preprocessed\features\z_v\h7p5URoookk_017.pt
h7p5URoookk_018,mosei_real,0,mosei_h7p5URoookk_018,,,-1,1,1,1,D:\Documents\Programming\Thesis_G10\data\raw\CMU-MOSEI\segments\h7p5URoookk_018.mp4,data\preprocessed\features\z_at\h7p5URoookk_018.pt,data\preprocessed\features\z_v\h7p5URoookk_018.pt
h7p5URoookk_025,mosei_real,0,mosei_h7p5URoookk_025,,,-1,1,1,1,D:\Documents\Programming\Thesis_G10\data\raw\CMU-MOSEI\segments\h7p5URoookk_025.mp4,data\preprocessed\features\z_at\h7p5URoookk_025.pt,data\preprocessed\features\z_v\h7p5URoookk_025.pt
h7p5URoookk_026,mosei_real,0,mosei_h7p5URoookk_026,,,-1,1,1,1,D:\Documents\Programming\Thesis_G10\data\raw\CMU-MOSEI\segments\h7p5URoookk_026.mp4,data\preprocessed\features\z_at\h7p5URoookk_026.pt,data\preprocessed\features\z_v\h7p5URoookk_026.pt
hASTLbFHrEs_000,mosei_real,0,mosei_hASTLbFHrEs_000,,,-1,1,1,1,D:\Documents\Programming\Thesis_G10\data\raw\CMU-MOSEI\segments\hASTLbFHrEs_000.mp4,data\preprocessed\features\z_at\hASTLbFHrEs_000.pt,data\preprocessed\features\z_v\hASTLbFHrEs_000.pt
hASTLbFHrEs_001,mosei_real,0,mosei_hASTLbFHrEs_001,,,-1,1,1,1,D:\Documents\Programming\Thesis_G10\data\raw\CMU-MOSEI\segments\hASTLbFHrEs_001.mp4,data\preprocessed\features\z_at\hASTLbFHrEs_001.pt,data\preprocessed\features\z_v\hASTLbFHrEs_001.pt
hASTLbFHrEs_002,mosei_real,0,mosei_hASTLbFHrEs_002,,,-1,1,1,1,D:\Documents\Programming\Thesis_G10\data\raw\CMU-MOSEI\segments\hASTLbFHrEs_002.mp4,data\preprocessed\features\z_at\hASTLbFHrEs_002.pt,data\preprocessed\features\z_v\hASTLbFHrEs_002.pt
hASTLbFHrEs_003,mosei_real,0,mosei_hASTLbFHrEs_003,,,-1,1,1,1,D:\Documents\Programming\Thesis_G10\data\raw\CMU-MOSEI\segments\hASTLbFHrEs_003.mp4,data\preprocessed\features\z_at\hASTLbFHrEs_003.pt,data\preprocessed\features\z_v\hASTLbFHrEs_003.pt
hASTLbFHrEs_005,mosei_real,0,mosei_hASTLbFHrEs_005,,,-1,1,1,1,D:\Documents\Programming\Thesis_G10\data\raw\CMU-MOSEI\segments\hASTLbFHrEs_005.mp4,data\preprocessed\features\z_at\hASTLbFHrEs_005.pt,data\preprocessed\features\z_v\hASTLbFHrEs_005.pt
hASTLbFHrEs_007,mosei_real,0,mosei_hASTLbFHrEs_007,,,-1,1,1,1,D:\Documents\Programming\Thesis_G10\data\raw\CMU-MOSEI\segments\hASTLbFHrEs_007.mp4,data\preprocessed\features\z_at\hASTLbFHrEs_007.pt,data\preprocessed\features\z_v\hASTLbFHrEs_007.pt
hASTLbFHrEs_008,mosei_real,0,mosei_hASTLbFHrEs_008,,,-1,1,1,1,D:\Documents\Programming\Thesis_G10\data\raw\CMU-MOSEI\segments\hASTLbFHrEs_008.mp4,data\preprocessed\features\z_at\hASTLbFHrEs_008.pt,data\preprocessed\features\z_v\hASTLbFHrEs_008.pt
hCFV5VLgS0A_000,mosei_real,0,mosei_hCFV5VLgS0A_000,,,-1,1,1,1,D:\Documents\Programming\Thesis_G10\data\raw\CMU-MOSEI\segments\hCFV5VLgS0A_000.mp4,data\preprocessed\features\z_at\hCFV5VLgS0A_000.pt,data\preprocessed\features\z_v\hCFV5VLgS0A_000.pt
hCFV5VLgS0A_002,mosei_real,0,mosei_hCFV5VLgS0A_002,,,-1,1,1,1,D:\Documents\Programming\Thesis_G10\data\raw\CMU-MOSEI\segments\hCFV5VLgS0A_002.mp4,data\preprocessed\features\z_at\hCFV5VLgS0A_002.pt,data\preprocessed\features\z_v\hCFV5VLgS0A_002.pt
hCFV5VLgS0A_003,mosei_real,0,mosei_hCFV5VLgS0A_003,,,-1,1,1,1,D:\Documents\Programming\Thesis_G10\data\raw\CMU-MOSEI\segments\hCFV5VLgS0A_003.mp4,data\preprocessed\features\z_at\hCFV5VLgS0A_003.pt,data\preprocessed\features\z_v\hCFV5VLgS0A_003.pt
hCFV5VLgS0A_004,mosei_real,0,mosei_hCFV5VLgS0A_004,,,-1,1,1,1,D:\Documents\Programming\Thesis_G10\data\raw\CMU-MOSEI\segments\hCFV5VLgS0A_004.mp4,data\preprocessed\features\z_at\hCFV5VLgS0A_004.pt,data\preprocessed\features\z_v\hCFV5VLgS0A_004.pt
hCFV5VLgS0A_005,mosei_real,0,mosei_hCFV5VLgS0A_005,,,-1,1,1,1,D:\Documents\Programming\Thesis_G10\data\raw\CMU-MOSEI\segments\hCFV5VLgS0A_005.mp4,data\preprocessed\features\z_at\hCFV5VLgS0A_005.pt,data\preprocessed\features\z_v\hCFV5VLgS0A_005.pt
hCFV5VLgS0A_006,mosei_real,0,mosei_hCFV5VLgS0A_006,,,-1,1,1,1,D:\Documents\Programming\Thesis_G10\data\raw\CMU-MOSEI\segments\hCFV5VLgS0A_006.mp4,data\preprocessed\features\z_at\hCFV5VLgS0A_006.pt,data\preprocessed\features\z_v\hCFV5VLgS0A_006.pt
hGRRlXfH0BY_002,mosei_real,0,mosei_hGRRlXfH0BY_002,,,-1,1,1,1,D:\Documents\Programming\Thesis_G10\data\raw\CMU-MOSEI\segments\hGRRlXfH0BY_002.mp4,data\preprocessed\features\z_at\hGRRlXfH0BY_002.pt,data\preprocessed\features\z_v\hGRRlXfH0BY_002.pt
hGRRlXfH0BY_004,mosei_real,0,mosei_hGRRlXfH0BY_004,,,-1,1,1,1,D:\Documents\Programming\Thesis_G10\data\raw\CMU-MOSEI\segments\hGRRlXfH0BY_004.mp4,data\preprocessed\features\z_at\hGRRlXfH0BY_004.pt,data\preprocessed\features\z_v\hGRRlXfH0BY_004.pt
hGRRlXfH0BY_005,mosei_real,0,mosei_hGRRlXfH0BY_005,,,-1,1,1,1,D:\Documents\Programming\Thesis_G10\data\raw\CMU-MOSEI\segments\hGRRlXfH0BY_005.mp4,data\preprocessed\features\z_at\hGRRlXfH0BY_005.pt,data\preprocessed\features\z_v\hGRRlXfH0BY_005.pt
hGRRlXfH0BY_006,mosei_real,0,mosei_hGRRlXfH0BY_006,,,-1,1,1,1,D:\Documents\Programming\Thesis_G10\data\raw\CMU-MOSEI\segments\hGRRlXfH0BY_006.mp4,data\preprocessed\features\z_at\hGRRlXfH0BY_006.pt,data\preprocessed\features\z_v\hGRRlXfH0BY_006.pt
hIQhkTjNaQc_000,mosei_real,0,mosei_hIQhkTjNaQc_000,,,-1,1,1,1,D:\Documents\Programming\Thesis_G10\data\raw\CMU-MOSEI\segments\hIQhkTjNaQc_000.mp4,data\preprocessed\features\z_at\hIQhkTjNaQc_000.pt,data\preprocessed\features\z_v\hIQhkTjNaQc_000.pt
hIQhkTjNaQc_002,mosei_real,0,mosei_hIQhkTjNaQc_002,,,-1,1,1,1,D:\Documents\Programming\Thesis_G10\data\raw\CMU-MOSEI\segments\hIQhkTjNaQc_002.mp4,data\preprocessed\features\z_at\hIQhkTjNaQc_002.pt,data\preprocessed\features\z_v\hIQhkTjNaQc_002.pt
hIQhkTjNaQc_004,mosei_real,0,mosei_hIQhkTjNaQc_004,,,-1,1,1,1,D:\Documents\Programming\Thesis_G10\data\raw\CMU-MOSEI\segments\hIQhkTjNaQc_004.mp4,data\preprocessed\features\z_at\hIQhkTjNaQc_004.pt,data\preprocessed\features\z_v\hIQhkTjNaQc_004.pt
hSgKOKK3L8M_000,mosei_real,0,mosei_hSgKOKK3L8M_000,,,-1,1,1,1,D:\Documents\Programming\Thesis_G10\data\raw\CMU-MOSEI\segments\hSgKOKK3L8M_000.mp4,data\preprocessed\features\z_at\hSgKOKK3L8M_000.pt,data\preprocessed\features\z_v\hSgKOKK3L8M_000.pt
hSgKOKK3L8M_001,mosei_real,0,mosei_hSgKOKK3L8M_001,,,-1,1,1,1,D:\Documents\Programming\Thesis_G10\data\raw\CMU-MOSEI\segments\hSgKOKK3L8M_001.mp4,data\preprocessed\features\z_at\hSgKOKK3L8M_001.pt,data\preprocessed\features\z_v\hSgKOKK3L8M_001.pt
hSgKOKK3L8M_002,mosei_real,0,mosei_hSgKOKK3L8M_002,,,-1,1,1,1,D:\Documents\Programming\Thesis_G10\data\raw\CMU-MOSEI\segments\hSgKOKK3L8M_002.mp4,data\preprocessed\features\z_at\hSgKOKK3L8M_002.pt,data\preprocessed\features\z_v\hSgKOKK3L8M_002.pt
hSgKOKK3L8M_003,mosei_real,0,mosei_hSgKOKK3L8M_003,,,-1,1,1,1,D:\Documents\Programming\Thesis_G10\data\raw\CMU-MOSEI\segments\hSgKOKK3L8M_003.mp4,data\preprocessed\features\z_at\hSgKOKK3L8M_003.pt,data\preprocessed\features\z_v\hSgKOKK3L8M_003.pt
hSgKOKK3L8M_004,mosei_real,0,mosei_hSgKOKK3L8M_004,,,-1,1,1,1,D:\Documents\Programming\Thesis_G10\data\raw\CMU-MOSEI\segments\hSgKOKK3L8M_004.mp4,data\preprocessed\features\z_at\hSgKOKK3L8M_004.pt,data\preprocessed\features\z_v\hSgKOKK3L8M_004.pt
hSgKOKK3L8M_005,mosei_real,0,mosei_hSgKOKK3L8M_005,,,-1,1,1,1,D:\Documents\Programming\Thesis_G10\data\raw\CMU-MOSEI\segments\hSgKOKK3L8M_005.mp4,data\preprocessed\features\z_at\hSgKOKK3L8M_005.pt,data\preprocessed\features\z_v\hSgKOKK3L8M_005.pt
hSgKOKK3L8M_007,mosei_real,0,mosei_hSgKOKK3L8M_007,,,-1,1,1,1,D:\Documents\Programming\Thesis_G10\data\raw\CMU-MOSEI\segments\hSgKOKK3L8M_007.mp4,data\preprocessed\features\z_at\hSgKOKK3L8M_007.pt,data\preprocessed\features\z_v\hSgKOKK3L8M_007.pt
hThsntvCk2s_000,mosei_real,0,mosei_hThsntvCk2s_000,,,-1,1,1,1,D:\Documents\Programming\Thesis_G10\data\raw\CMU-MOSEI\segments\hThsntvCk2s_000.mp4,data\preprocessed\features\z_at\hThsntvCk2s_000.pt,data\preprocessed\features\z_v\hThsntvCk2s_000.pt
he475nnmMi0_003,mosei_real,0,mosei_he475nnmMi0_003,,,-1,1,1,1,D:\Documents\Programming\Thesis_G10\data\raw\CMU-MOSEI\segments\he475nnmMi0_003.mp4,data\preprocessed\features\z_at\he475nnmMi0_003.pt,data\preprocessed\features\z_v\he475nnmMi0_003.pt
he475nnmMi0_007,mosei_real,0,mosei_he475nnmMi0_007,,,-1,1,1,1,D:\Documents\Programming\Thesis_G10\data\raw\CMU-MOSEI\segments\he475nnmMi0_007.mp4,data\preprocessed\features\z_at\he475nnmMi0_007.pt,data\preprocessed\features\z_v\he475nnmMi0_007.pt
he475nnmMi0_008,mosei_real,0,mosei_he475nnmMi0_008,,,-1,1,1,1,D:\Documents\Programming\Thesis_G10\data\raw\CMU-MOSEI\segments\he475nnmMi0_008.mp4,data\preprocessed\features\z_at\he475nnmMi0_008.pt,data\preprocessed\features\z_v\he475nnmMi0_008.pt
he475nnmMi0_010,mosei_real,0,mosei_he475nnmMi0_010,,,-1,1,1,1,D:\Documents\Programming\Thesis_G10\data\raw\CMU-MOSEI\segments\he475nnmMi0_010.mp4,data\preprocessed\features\z_at\he475nnmMi0_010.pt,data\preprocessed\features\z_v\he475nnmMi0_010.pt
hfK8QtTd7fo_000,mosei_real,0,mosei_hfK8QtTd7fo_000,,,-1,1,1,1,D:\Documents\Programming\Thesis_G10\data\raw\CMU-MOSEI\segments\hfK8QtTd7fo_000.mp4,data\preprocessed\features\z_at\hfK8QtTd7fo_000.pt,data\preprocessed\features\z_v\hfK8QtTd7fo_000.pt
hfVXx8hfKak_003,mosei_real,0,mosei_hfVXx8hfKak_003,,,-1,1,1,1,D:\Documents\Programming\Thesis_G10\data\raw\CMU-MOSEI\segments\hfVXx8hfKak_003.mp4,data\preprocessed\features\z_at\hfVXx8hfKak_003.pt,data\preprocessed\features\z_v\hfVXx8hfKak_003.pt
hh04W3xXa5s_000,mosei_real,0,mosei_hh04W3xXa5s_000,,,-1,1,1,1,D:\Documents\Programming\Thesis_G10\data\raw\CMU-MOSEI\segments\hh04W3xXa5s_000.mp4,data\preprocessed\features\z_at\hh04W3xXa5s_000.pt,data\preprocessed\features\z_v\hh04W3xXa5s_000.pt
hh04W3xXa5s_001,mosei_real,0,mosei_hh04W3xXa5s_001,,,-1,1,1,1,D:\Documents\Programming\Thesis_G10\data\raw\CMU-MOSEI\segments\hh04W3xXa5s_001.mp4,data\preprocessed\features\z_at\hh04W3xXa5s_001.pt,data\preprocessed\features\z_v\hh04W3xXa5s_001.pt
hjBQmIWiWgw_000,mosei_real,0,mosei_hjBQmIWiWgw_000,,,-1,1,1,1,D:\Documents\Programming\Thesis_G10\data\raw\CMU-MOSEI\segments\hjBQmIWiWgw_000.mp4,data\preprocessed\features\z_at\hjBQmIWiWgw_000.pt,data\preprocessed\features\z_v\hjBQmIWiWgw_000.pt
hjBQmIWiWgw_001,mosei_real,0,mosei_hjBQmIWiWgw_001,,,-1,1,1,1,D:\Documents\Programming\Thesis_G10\data\raw\CMU-MOSEI\segments\hjBQmIWiWgw_001.mp4,data\preprocessed\features\z_at\hjBQmIWiWgw_001.pt,data\preprocessed\features\z_v\hjBQmIWiWgw_001.pt
hjBQmIWiWgw_004,mosei_real,0,mosei_hjBQmIWiWgw_004,,,-1,1,1,1,D:\Documents\Programming\Thesis_G10\data\raw\CMU-MOSEI\segments\hjBQmIWiWgw_004.mp4,data\preprocessed\features\z_at\hjBQmIWiWgw_004.pt,data\preprocessed\features\z_v\hjBQmIWiWgw_004.pt
hjBQmIWiWgw_006,mosei_real,0,mosei_hjBQmIWiWgw_006,,,-1,1,1,1,D:\Documents\Programming\Thesis_G10\data\raw\CMU-MOSEI\segments\hjBQmIWiWgw_006.mp4,data\preprocessed\features\z_at\hjBQmIWiWgw_006.pt,data\preprocessed\features\z_v\hjBQmIWiWgw_006.pt
hjBQmIWiWgw_008,mosei_real,0,mosei_hjBQmIWiWgw_008,,,-1,1,1,1,D:\Documents\Programming\Thesis_G10\data\raw\CMU-MOSEI\segments\hjBQmIWiWgw_008.mp4,data\preprocessed\features\z_at\hjBQmIWiWgw_008.pt,data\preprocessed\features\z_v\hjBQmIWiWgw_008.pt
hjBQmIWiWgw_009,mosei_real,0,mosei_hjBQmIWiWgw_009,,,-1,1,1,1,D:\Documents\Programming\Thesis_G10\data\raw\CMU-MOSEI\segments\hjBQmIWiWgw_009.mp4,data\preprocessed\features\z_at\hjBQmIWiWgw_009.pt,data\preprocessed\features\z_v\hjBQmIWiWgw_009.pt
hjBQmIWiWgw_010,mosei_real,0,mosei_hjBQmIWiWgw_010,,,-1,1,1,1,D:\Documents\Programming\Thesis_G10\data\raw\CMU-MOSEI\segments\hjBQmIWiWgw_010.mp4,data\preprocessed\features\z_at\hjBQmIWiWgw_010.pt,data\preprocessed\features\z_v\hjBQmIWiWgw_010.pt
hkGN5q3OOCE_001,mosei_real,0,mosei_hkGN5q3OOCE_001,,,-1,1,1,1,D:\Documents\Programming\Thesis_G10\data\raw\CMU-MOSEI\segments\hkGN5q3OOCE_001.mp4,data\preprocessed\features\z_at\hkGN5q3OOCE_001.pt,data\preprocessed\features\z_v\hkGN5q3OOCE_001.pt
hlBOP5NskhM_000,mosei_real,0,mosei_hlBOP5NskhM_000,,,-1,1,1,1,D:\Documents\Programming\Thesis_G10\data\raw\CMU-MOSEI\segments\hlBOP5NskhM_000.mp4,data\preprocessed\features\z_at\hlBOP5NskhM_000.pt,data\preprocessed\features\z_v\hlBOP5NskhM_000.pt
hlBOP5NskhM_001,mosei_real,0,mosei_hlBOP5NskhM_001,,,-1,1,1,1,D:\Documents\Programming\Thesis_G10\data\raw\CMU-MOSEI\segments\hlBOP5NskhM_001.mp4,data\preprocessed\features\z_at\hlBOP5NskhM_001.pt,data\preprocessed\features\z_v\hlBOP5NskhM_001.pt
hlBOP5NskhM_004,mosei_real,0,mosei_hlBOP5NskhM_004,,,-1,1,1,1,D:\Documents\Programming\Thesis_G10\data\raw\CMU-MOSEI\segments\hlBOP5NskhM_004.mp4,data\preprocessed\features\z_at\hlBOP5NskhM_004.pt,data\preprocessed\features\z_v\hlBOP5NskhM_004.pt
hlBOP5NskhM_005,mosei_real,0,mosei_hlBOP5NskhM_005,,,-1,1,1,1,D:\Documents\Programming\Thesis_G10\data\raw\CMU-MOSEI\segments\hlBOP5NskhM_005.mp4,data\preprocessed\features\z_at\hlBOP5NskhM_005.pt,data\preprocessed\features\z_v\hlBOP5NskhM_005.pt
hlBOP5NskhM_008,mosei_real,0,mosei_hlBOP5NskhM_008,,,-1,1,1,1,D:\Documents\Programming\Thesis_G10\data\raw\CMU-MOSEI\segments\hlBOP5NskhM_008.mp4,data\preprocessed\features\z_at\hlBOP5NskhM_008.pt,data\preprocessed\features\z_v\hlBOP5NskhM_008.pt
hlBOP5NskhM_011,mosei_real,0,mosei_hlBOP5NskhM_011,,,-1,1,1,1,D:\Documents\Programming\Thesis_G10\data\raw\CMU-MOSEI\segments\hlBOP5NskhM_011.mp4,data\preprocessed\features\z_at\hlBOP5NskhM_011.pt,data\preprocessed\features\z_v\hlBOP5NskhM_011.pt
hlYDicOj2m0_001,mosei_real,0,mosei_hlYDicOj2m0_001,,,-1,1,1,1,D:\Documents\Programming\Thesis_G10\data\raw\CMU-MOSEI\segments\hlYDicOj2m0_001.mp4,data\preprocessed\features\z_at\hlYDicOj2m0_001.pt,data\preprocessed\features\z_v\hlYDicOj2m0_001.pt
hlYDicOj2m0_002,mosei_real,0,mosei_hlYDicOj2m0_002,,,-1,1,1,1,D:\Documents\Programming\Thesis_G10\data\raw\CMU-MOSEI\segments\hlYDicOj2m0_002.mp4,data\preprocessed\features\z_at\hlYDicOj2m0_002.pt,data\preprocessed\features\z_v\hlYDicOj2m0_002.pt
hntnelpiyl8_000,mosei_real,0,mosei_hntnelpiyl8_000,,,-1,1,1,1,D:\Documents\Programming\Thesis_G10\data\raw\CMU-MOSEI\segments\hntnelpiyl8_000.mp4,data\preprocessed\features\z_at\hntnelpiyl8_000.pt,data\preprocessed\features\z_v\hntnelpiyl8_000.pt
hntnelpiyl8_001,mosei_real,0,mosei_hntnelpiyl8_001,,,-1,1,1,1,D:\Documents\Programming\Thesis_G10\data\raw\CMU-MOSEI\segments\hntnelpiyl8_001.mp4,data\preprocessed\features\z_at\hntnelpiyl8_001.pt,data\preprocessed\features\z_v\hntnelpiyl8_001.pt
hntnelpiyl8_003,mosei_real,0,mosei_hntnelpiyl8_003,,,-1,1,1,1,D:\Documents\Programming\Thesis_G10\data\raw\CMU-MOSEI\segments\hntnelpiyl8_003.mp4,data\preprocessed\features\z_at\hntnelpiyl8_003.pt,data\preprocessed\features\z_v\hntnelpiyl8_003.pt
hqzF4IDaIYE_000,mosei_real,0,mosei_hqzF4IDaIYE_000,,,-1,1,1,1,D:\Documents\Programming\Thesis_G10\data\raw\CMU-MOSEI\segments\hqzF4IDaIYE_000.mp4,data\preprocessed\features\z_at\hqzF4IDaIYE_000.pt,data\preprocessed\features\z_v\hqzF4IDaIYE_000.pt
hqzF4IDaIYE_004,mosei_real,0,mosei_hqzF4IDaIYE_004,,,-1,1,1,1,D:\Documents\Programming\Thesis_G10\data\raw\CMU-MOSEI\segments\hqzF4IDaIYE_004.mp4,data\preprocessed\features\z_at\hqzF4IDaIYE_004.pt,data\preprocessed\features\z_v\hqzF4IDaIYE_004.pt
hqzF4IDaIYE_005,mosei_real,0,mosei_hqzF4IDaIYE_005,,,-1,1,1,1,D:\Documents\Programming\Thesis_G10\data\raw\CMU-MOSEI\segments\hqzF4IDaIYE_005.mp4,data\preprocessed\features\z_at\hqzF4IDaIYE_005.pt,data\preprocessed\features\z_v\hqzF4IDaIYE_005.pt
hqzF4IDaIYE_006,mosei_real,0,mosei_hqzF4IDaIYE_006,,,-1,1,1,1,D:\Documents\Programming\Thesis_G10\data\raw\CMU-MOSEI\segments\hqzF4IDaIYE_006.mp4,data\preprocessed\features\z_at\hqzF4IDaIYE_006.pt,data\preprocessed\features\z_v\hqzF4IDaIYE_006.pt
hyazktfsZew_001,mosei_real,0,mosei_hyazktfsZew_001,,,-1,1,1,1,D:\Documents\Programming\Thesis_G10\data\raw\CMU-MOSEI\segments\hyazktfsZew_001.mp4,data\preprocessed\features\z_at\hyazktfsZew_001.pt,data\preprocessed\features\z_v\hyazktfsZew_001.pt
hyazktfsZew_002,mosei_real,0,mosei_hyazktfsZew_002,,,-1,1,1,1,D:\Documents\Programming\Thesis_G10\data\raw\CMU-MOSEI\segments\hyazktfsZew_002.mp4,data\preprocessed\features\z_at\hyazktfsZew_002.pt,data\preprocessed\features\z_v\hyazktfsZew_002.pt
hyazktfsZew_003,mosei_real,0,mosei_hyazktfsZew_003,,,-1,1,1,1,D:\Documents\Programming\Thesis_G10\data\raw\CMU-MOSEI\segments\hyazktfsZew_003.mp4,data\preprocessed\features\z_at\hyazktfsZew_003.pt,data\preprocessed\features\z_v\hyazktfsZew_003.pt
hyazktfsZew_004,mosei_real,0,mosei_hyazktfsZew_004,,,-1,1,1,1,D:\Documents\Programming\Thesis_G10\data\raw\CMU-MOSEI\segments\hyazktfsZew_004.mp4,data\preprocessed\features\z_at\hyazktfsZew_004.pt,data\preprocessed\features\z_v\hyazktfsZew_004.pt
hyazktfsZew_006,mosei_real,0,mosei_hyazktfsZew_006,,,-1,1,1,1,D:\Documents\Programming\Thesis_G10\data\raw\CMU-MOSEI\segments\hyazktfsZew_006.mp4,data\preprocessed\features\z_at\hyazktfsZew_006.pt,data\preprocessed\features\z_v\hyazktfsZew_006.pt
hyazktfsZew_008,mosei_real,0,mosei_hyazktfsZew_008,,,-1,1,1,1,D:\Documents\Programming\Thesis_G10\data\raw\CMU-MOSEI\segments\hyazktfsZew_008.mp4,data\preprocessed\features\z_at\hyazktfsZew_008.pt,data\preprocessed\features\z_v\hyazktfsZew_008.pt
hyazktfsZew_009,mosei_real,0,mosei_hyazktfsZew_009,,,-1,1,1,1,D:\Documents\Programming\Thesis_G10\data\raw\CMU-MOSEI\segments\hyazktfsZew_009.mp4,data\preprocessed\features\z_at\hyazktfsZew_009.pt,data\preprocessed\features\z_v\hyazktfsZew_009.pt
hyazktfsZew_010,mosei_real,0,mosei_hyazktfsZew_010,,,-1,1,1,1,D:\Documents\Programming\Thesis_G10\data\raw\CMU-MOSEI\segments\hyazktfsZew_010.mp4,data\preprocessed\features\z_at\hyazktfsZew_010.pt,data\preprocessed\features\z_v\hyazktfsZew_010.pt
hyazktfsZew_011,mosei_real,0,mosei_hyazktfsZew_011,,,-1,1,1,1,D:\Documents\Programming\Thesis_G10\data\raw\CMU-MOSEI\segments\hyazktfsZew_011.mp4,data\preprocessed\features\z_at\hyazktfsZew_011.pt,data\preprocessed\features\z_v\hyazktfsZew_011.pt
hyazktfsZew_013,mosei_real,0,mosei_hyazktfsZew_013,,,-1,1,1,1,D:\Documents\Programming\Thesis_G10\data\raw\CMU-MOSEI\segments\hyazktfsZew_013.mp4,data\preprocessed\features\z_at\hyazktfsZew_013.pt,data\preprocessed\features\z_v\hyazktfsZew_013.pt
hyazktfsZew_016,mosei_real,0,mosei_hyazktfsZew_016,,,-1,1,1,1,D:\Documents\Programming\Thesis_G10\data\raw\CMU-MOSEI\segments\hyazktfsZew_016.mp4,data\preprocessed\features\z_at\hyazktfsZew_016.pt,data\preprocessed\features\z_v\hyazktfsZew_016.pt
hyazktfsZew_019,mosei_real,0,mosei_hyazktfsZew_019,,,-1,1,1,1,D:\Documents\Programming\Thesis_G10\data\raw\CMU-MOSEI\segments\hyazktfsZew_019.mp4,data\preprocessed\features\z_at\hyazktfsZew_019.pt,data\preprocessed\features\z_v\hyazktfsZew_019.pt
hyazktfsZew_020,mosei_real,0,mosei_hyazktfsZew_020,,,-1,1,1,1,D:\Documents\Programming\Thesis_G10\data\raw\CMU-MOSEI\segments\hyazktfsZew_020.mp4,data\preprocessed\features\z_at\hyazktfsZew_020.pt,data\preprocessed\features\z_v\hyazktfsZew_020.pt
hyazktfsZew_022,mosei_real,0,mosei_hyazktfsZew_022,,,-1,1,1,1,D:\Documents\Programming\Thesis_G10\data\raw\CMU-MOSEI\segments\hyazktfsZew_022.mp4,data\preprocessed\features\z_at\hyazktfsZew_022.pt,data\preprocessed\features\z_v\hyazktfsZew_022.pt
hyazktfsZew_024,mosei_real,0,mosei_hyazktfsZew_024,,,-1,1,1,1,D:\Documents\Programming\Thesis_G10\data\raw\CMU-MOSEI\segments\hyazktfsZew_024.mp4,data\preprocessed\features\z_at\hyazktfsZew_024.pt,data\preprocessed\features\z_v\hyazktfsZew_024.pt
hyazktfsZew_025,mosei_real,0,mosei_hyazktfsZew_025,,,-1,1,1,1,D:\Documents\Programming\Thesis_G10\data\raw\CMU-MOSEI\segments\hyazktfsZew_025.mp4,data\preprocessed\features\z_at\hyazktfsZew_025.pt,data\preprocessed\features\z_v\hyazktfsZew_025.pt
hyazktfsZew_027,mosei_real,0,mosei_hyazktfsZew_027,,,-1,1,1,1,D:\Documents\Programming\Thesis_G10\data\raw\CMU-MOSEI\segments\hyazktfsZew_027.mp4,data\preprocessed\features\z_at\hyazktfsZew_027.pt,data\preprocessed\features\z_v\hyazktfsZew_027.pt
hyazktfsZew_029,mosei_real,0,mosei_hyazktfsZew_029,,,-1,1,1,1,D:\Documents\Programming\Thesis_G10\data\raw\CMU-MOSEI\segments\hyazktfsZew_029.mp4,data\preprocessed\features\z_at\hyazktfsZew_029.pt,data\preprocessed\features\z_v\hyazktfsZew_029.pt
hyazktfsZew_030,mosei_real,0,mosei_hyazktfsZew_030,,,-1,1,1,1,D:\Documents\Programming\Thesis_G10\data\raw\CMU-MOSEI\segments\hyazktfsZew_030.mp4,data\preprocessed\features\z_at\hyazktfsZew_030.pt,data\preprocessed\features\z_v\hyazktfsZew_030.pt
hyazktfsZew_031,mosei_real,0,mosei_hyazktfsZew_031,,,-1,1,1,1,D:\Documents\Programming\Thesis_G10\data\raw\CMU-MOSEI\segments\hyazktfsZew_031.mp4,data\preprocessed\features\z_at\hyazktfsZew_031.pt,data\preprocessed\features\z_v\hyazktfsZew_031.pt
hyazktfsZew_032,mosei_real,0,mosei_hyazktfsZew_032,,,-1,1,1,1,D:\Documents\Programming\Thesis_G10\data\raw\CMU-MOSEI\segments\hyazktfsZew_032.mp4,data\preprocessed\features\z_at\hyazktfsZew_032.pt,data\preprocessed\features\z_v\hyazktfsZew_032.pt
hyazktfsZew_033,mosei_real,0,mosei_hyazktfsZew_033,,,-1,1,1,1,D:\Documents\Programming\Thesis_G10\data\raw\CMU-MOSEI\segments\hyazktfsZew_033.mp4,data\preprocessed\features\z_at\hyazktfsZew_033.pt,data\preprocessed\features\z_v\hyazktfsZew_033.pt
i5bmKlHv-SA_000,mosei_real,0,mosei_i5bmKlHv-SA_000,,,-1,1,1,1,D:\Documents\Programming\Thesis_G10\data\raw\CMU-MOSEI\segments\i5bmKlHv-SA_000.mp4,data\preprocessed\features\z_at\i5bmKlHv-SA_000.pt,data\preprocessed\features\z_v\i5bmKlHv-SA_000.pt
i5of7ZTkyfw_001,mosei_real,0,mosei_i5of7ZTkyfw_001,,,-1,1,1,1,D:\Documents\Programming\Thesis_G10\data\raw\CMU-MOSEI\segments\i5of7ZTkyfw_001.mp4,data\preprocessed\features\z_at\i5of7ZTkyfw_001.pt,data\preprocessed\features\z_v\i5of7ZTkyfw_001.pt
i5of7ZTkyfw_003,mosei_real,0,mosei_i5of7ZTkyfw_003,,,-1,1,1,1,D:\Documents\Programming\Thesis_G10\data\raw\CMU-MOSEI\segments\i5of7ZTkyfw_003.mp4,data\preprocessed\features\z_at\i5of7ZTkyfw_003.pt,data\preprocessed\features\z_v\i5of7ZTkyfw_003.pt
i6UngvEEuNs_000,mosei_real,0,mosei_i6UngvEEuNs_000,,,-1,1,1,1,D:\Documents\Programming\Thesis_G10\data\raw\CMU-MOSEI\segments\i6UngvEEuNs_000.mp4,data\preprocessed\features\z_at\i6UngvEEuNs_000.pt,data\preprocessed\features\z_v\i6UngvEEuNs_000.pt
i714Xt6eb1Y_002,mosei_real,0,mosei_i714Xt6eb1Y_002,,,-1,1,1,1,D:\Documents\Programming\Thesis_G10\data\raw\CMU-MOSEI\segments\i714Xt6eb1Y_002.mp4,data\preprocessed\features\z_at\i714Xt6eb1Y_002.pt,data\preprocessed\features\z_v\i714Xt6eb1Y_002.pt
iEOBNT0HFtU_000,mosei_real,0,mosei_iEOBNT0HFtU_000,,,-1,1,1,1,D:\Documents\Programming\Thesis_G10\data\raw\CMU-MOSEI\segments\iEOBNT0HFtU_000.mp4,data\preprocessed\features\z_at\iEOBNT0HFtU_000.pt,data\preprocessed\features\z_v\iEOBNT0HFtU_000.pt
iEOBNT0HFtU_001,mosei_real,0,mosei_iEOBNT0HFtU_001,,,-1,1,1,1,D:\Documents\Programming\Thesis_G10\data\raw\CMU-MOSEI\segments\iEOBNT0HFtU_001.mp4,data\preprocessed\features\z_at\iEOBNT0HFtU_001.pt,data\preprocessed\features\z_v\iEOBNT0HFtU_001.pt
iEOBNT0HFtU_004,mosei_real,0,mosei_iEOBNT0HFtU_004,,,-1,1,1,1,D:\Documents\Programming\Thesis_G10\data\raw\CMU-MOSEI\segments\iEOBNT0HFtU_004.mp4,data\preprocessed\features\z_at\iEOBNT0HFtU_004.pt,data\preprocessed\features\z_v\iEOBNT0HFtU_004.pt
iEOBNT0HFtU_005,mosei_real,0,mosei_iEOBNT0HFtU_005,,,-1,1,1,1,D:\Documents\Programming\Thesis_G10\data\raw\CMU-MOSEI\segments\iEOBNT0HFtU_005.mp4,data\preprocessed\features\z_at\iEOBNT0HFtU_005.pt,data\preprocessed\features\z_v\iEOBNT0HFtU_005.pt
iEOBNT0HFtU_007,mosei_real,0,mosei_iEOBNT0HFtU_007,,,-1,1,1,1,D:\Documents\Programming\Thesis_G10\data\raw\CMU-MOSEI\segments\iEOBNT0HFtU_007.mp4,data\preprocessed\features\z_at\iEOBNT0HFtU_007.pt,data\preprocessed\features\z_v\iEOBNT0HFtU_007.pt
iEOBNT0HFtU_012,mosei_real,0,mosei_iEOBNT0HFtU_012,,,-1,1,1,1,D:\Documents\Programming\Thesis_G10\data\raw\CMU-MOSEI\segments\iEOBNT0HFtU_012.mp4,data\preprocessed\features\z_at\iEOBNT0HFtU_012.pt,data\preprocessed\features\z_v\iEOBNT0HFtU_012.pt
iFj9wJaJSPE_003,mosei_real,0,mosei_iFj9wJaJSPE_003,,,-1,1,1,1,D:\Documents\Programming\Thesis_G10\data\raw\CMU-MOSEI\segments\iFj9wJaJSPE_003.mp4,data\preprocessed\features\z_at\iFj9wJaJSPE_003.pt,data\preprocessed\features\z_v\iFj9wJaJSPE_003.pt
iFj9wJaJSPE_004,mosei_real,0,mosei_iFj9wJaJSPE_004,,,-1,1,1,1,D:\Documents\Programming\Thesis_G10\data\raw\CMU-MOSEI\segments\iFj9wJaJSPE_004.mp4,data\preprocessed\features\z_at\iFj9wJaJSPE_004.pt,data\preprocessed\features\z_v\iFj9wJaJSPE_004.pt
iFj9wJaJSPE_007,mosei_real,0,mosei_iFj9wJaJSPE_007,,,-1,1,1,1,D:\Documents\Programming\Thesis_G10\data\raw\CMU-MOSEI\segments\iFj9wJaJSPE_007.mp4,data\preprocessed\features\z_at\iFj9wJaJSPE_007.pt,data\preprocessed\features\z_v\iFj9wJaJSPE_007.pt
iFj9wJaJSPE_008,mosei_real,0,mosei_iFj9wJaJSPE_008,,,-1,1,1,1,D:\Documents\Programming\Thesis_G10\data\raw\CMU-MOSEI\segments\iFj9wJaJSPE_008.mp4,data\preprocessed\features\z_at\iFj9wJaJSPE_008.pt,data\preprocessed\features\z_v\iFj9wJaJSPE_008.pt
iFxFTtCQ6zA_000,mosei_real,0,mosei_iFxFTtCQ6zA_000,,,-1,1,1,1,D:\Documents\Programming\Thesis_G10\data\raw\CMU-MOSEI\segments\iFxFTtCQ6zA_000.mp4,data\preprocessed\features\z_at\iFxFTtCQ6zA_000.pt,data\preprocessed\features\z_v\iFxFTtCQ6zA_000.pt
iH04VOkbof0_003,mosei_real,0,mosei_iH04VOkbof0_003,,,-1,1,1,1,D:\Documents\Programming\Thesis_G10\data\raw\CMU-MOSEI\segments\iH04VOkbof0_003.mp4,data\preprocessed\features\z_at\iH04VOkbof0_003.pt,data\preprocessed\features\z_v\iH04VOkbof0_003.pt
iH04VOkbof0_004,mosei_real,0,mosei_iH04VOkbof0_004,,,-1,1,1,1,D:\Documents\Programming\Thesis_G10\data\raw\CMU-MOSEI\segments\iH04VOkbof0_004.mp4,data\preprocessed\features\z_at\iH04VOkbof0_004.pt,data\preprocessed\features\z_v\iH04VOkbof0_004.pt
iM3wSwoAtwk_000,mosei_real,0,mosei_iM3wSwoAtwk_000,,,-1,1,1,1,D:\Documents\Programming\Thesis_G10\data\raw\CMU-MOSEI\segments\iM3wSwoAtwk_000.mp4,data\preprocessed\features\z_at\iM3wSwoAtwk_000.pt,data\preprocessed\features\z_v\iM3wSwoAtwk_000.pt
iMG962Rj3Vw_001,mosei_real,0,mosei_iMG962Rj3Vw_001,,,-1,1,1,1,D:\Documents\Programming\Thesis_G10\data\raw\CMU-MOSEI\segments\iMG962Rj3Vw_001.mp4,data\preprocessed\features\z_at\iMG962Rj3Vw_001.pt,data\preprocessed\features\z_v\iMG962Rj3Vw_001.pt
iMG962Rj3Vw_002,mosei_real,0,mosei_iMG962Rj3Vw_002,,,-1,1,1,1,D:\Documents\Programming\Thesis_G10\data\raw\CMU-MOSEI\segments\iMG962Rj3Vw_002.mp4,data\preprocessed\features\z_at\iMG962Rj3Vw_002.pt,data\preprocessed\features\z_v\iMG962Rj3Vw_002.pt
iMss8xBhFiI_000,mosei_real,0,mosei_iMss8xBhFiI_000,,,-1,1,1,1,D:\Documents\Programming\Thesis_G10\data\raw\CMU-MOSEI\segments\iMss8xBhFiI_000.mp4,data\preprocessed\features\z_at\iMss8xBhFiI_000.pt,data\preprocessed\features\z_v\iMss8xBhFiI_000.pt
iMss8xBhFiI_002,mosei_real,0,mosei_iMss8xBhFiI_002,,,-1,1,1,1,D:\Documents\Programming\Thesis_G10\data\raw\CMU-MOSEI\segments\iMss8xBhFiI_002.mp4,data\preprocessed\features\z_at\iMss8xBhFiI_002.pt,data\preprocessed\features\z_v\iMss8xBhFiI_002.pt
iMss8xBhFiI_003,mosei_real,0,mosei_iMss8xBhFiI_003,,,-1,1,1,1,D:\Documents\Programming\Thesis_G10\data\raw\CMU-MOSEI\segments\iMss8xBhFiI_003.mp4,data\preprocessed\features\z_at\iMss8xBhFiI_003.pt,data\preprocessed\features\z_v\iMss8xBhFiI_003.pt
iMss8xBhFiI_004,mosei_real,0,mosei_iMss8xBhFiI_004,,,-1,1,1,1,D:\Documents\Programming\Thesis_G10\data\raw\CMU-MOSEI\segments\iMss8xBhFiI_004.mp4,data\preprocessed\features\z_at\iMss8xBhFiI_004.pt,data\preprocessed\features\z_v\iMss8xBhFiI_004.pt
iMss8xBhFiI_005,mosei_real,0,mosei_iMss8xBhFiI_005,,,-1,1,1,1,D:\Documents\Programming\Thesis_G10\data\raw\CMU-MOSEI\segments\iMss8xBhFiI_005.mp4,data\preprocessed\features\z_at\iMss8xBhFiI_005.pt,data\preprocessed\features\z_v\iMss8xBhFiI_005.pt
iMss8xBhFiI_006,mosei_real,0,mosei_iMss8xBhFiI_006,,,-1,1,1,1,D:\Documents\Programming\Thesis_G10\data\raw\CMU-MOSEI\segments\iMss8xBhFiI_006.mp4,data\preprocessed\features\z_at\iMss8xBhFiI_006.pt,data\preprocessed\features\z_v\iMss8xBhFiI_006.pt
iMss8xBhFiI_008,mosei_real,0,mosei_iMss8xBhFiI_008,,,-1,1,1,1,D:\Documents\Programming\Thesis_G10\data\raw\CMU-MOSEI\segments\iMss8xBhFiI_008.mp4,data\preprocessed\features\z_at\iMss8xBhFiI_008.pt,data\preprocessed\features\z_v\iMss8xBhFiI_008.pt
iO34hER47xA_000,mosei_real,0,mosei_iO34hER47xA_000,,,-1,1,1,1,D:\Documents\Programming\Thesis_G10\data\raw\CMU-MOSEI\segments\iO34hER47xA_000.mp4,data\preprocessed\features\z_at\iO34hER47xA_000.pt,data\preprocessed\features\z_v\iO34hER47xA_000.pt
iO34hER47xA_001,mosei_real,0,mosei_iO34hER47xA_001,,,-1,1,1,1,D:\Documents\Programming\Thesis_G10\data\raw\CMU-MOSEI\segments\iO34hER47xA_001.mp4,data\preprocessed\features\z_at\iO34hER47xA_001.pt,data\preprocessed\features\z_v\iO34hER47xA_001.pt
iO34hER47xA_003,mosei_real,0,mosei_iO34hER47xA_003,,,-1,1,1,1,D:\Documents\Programming\Thesis_G10\data\raw\CMU-MOSEI\segments\iO34hER47xA_003.mp4,data\preprocessed\features\z_at\iO34hER47xA_003.pt,data\preprocessed\features\z_v\iO34hER47xA_003.pt
iPPp6MCythU_000,mosei_real,0,mosei_iPPp6MCythU_000,,,-1,1,1,1,D:\Documents\Programming\Thesis_G10\data\raw\CMU-MOSEI\segments\iPPp6MCythU_000.mp4,data\preprocessed\features\z_at\iPPp6MCythU_000.pt,data\preprocessed\features\z_v\iPPp6MCythU_000.pt
iPPp6MCythU_001,mosei_real,0,mosei_iPPp6MCythU_001,,,-1,1,1,1,D:\Documents\Programming\Thesis_G10\data\raw\CMU-MOSEI\segments\iPPp6MCythU_001.mp4,data\preprocessed\features\z_at\iPPp6MCythU_001.pt,data\preprocessed\features\z_v\iPPp6MCythU_001.pt
iPPp6MCythU_002,mosei_real,0,mosei_iPPp6MCythU_002,,,-1,1,1,1,D:\Documents\Programming\Thesis_G10\data\raw\CMU-MOSEI\segments\iPPp6MCythU_002.mp4,data\preprocessed\features\z_at\iPPp6MCythU_002.pt,data\preprocessed\features\z_v\iPPp6MCythU_002.pt
iREkcXde5ds_001,mosei_real,0,mosei_iREkcXde5ds_001,,,-1,1,1,1,D:\Documents\Programming\Thesis_G10\data\raw\CMU-MOSEI\segments\iREkcXde5ds_001.mp4,data\preprocessed\features\z_at\iREkcXde5ds_001.pt,data\preprocessed\features\z_v\iREkcXde5ds_001.pt
iREkcXde5ds_002,mosei_real,0,mosei_iREkcXde5ds_002,,,-1,1,1,1,D:\Documents\Programming\Thesis_G10\data\raw\CMU-MOSEI\segments\iREkcXde5ds_002.mp4,data\preprocessed\features\z_at\iREkcXde5ds_002.pt,data\preprocessed\features\z_v\iREkcXde5ds_002.pt
iREkcXde5ds_004,mosei_real,0,mosei_iREkcXde5ds_004,,,-1,1,1,1,D:\Documents\Programming\Thesis_G10\data\raw\CMU-MOSEI\segments\iREkcXde5ds_004.mp4,data\preprocessed\features\z_at\iREkcXde5ds_004.pt,data\preprocessed\features\z_v\iREkcXde5ds_004.pt
iREkcXde5ds_005,mosei_real,0,mosei_iREkcXde5ds_005,,,-1,1,1,1,D:\Documents\Programming\Thesis_G10\data\raw\CMU-MOSEI\segments\iREkcXde5ds_005.mp4,data\preprocessed\features\z_at\iREkcXde5ds_005.pt,data\preprocessed\features\z_v\iREkcXde5ds_005.pt
iREkcXde5ds_006,mosei_real,0,mosei_iREkcXde5ds_006,,,-1,1,1,1,D:\Documents\Programming\Thesis_G10\data\raw\CMU-MOSEI\segments\iREkcXde5ds_006.mp4,data\preprocessed\features\z_at\iREkcXde5ds_006.pt,data\preprocessed\features\z_v\iREkcXde5ds_006.pt
iREkcXde5ds_008,mosei_real,0,mosei_iREkcXde5ds_008,,,-1,1,1,1,D:\Documents\Programming\Thesis_G10\data\raw\CMU-MOSEI\segments\iREkcXde5ds_008.mp4,data\preprocessed\features\z_at\iREkcXde5ds_008.pt,data\preprocessed\features\z_v\iREkcXde5ds_008.pt
iS91daVpH2E_000,mosei_real,0,mosei_iS91daVpH2E_000,,,-1,1,1,1,D:\Documents\Programming\Thesis_G10\data\raw\CMU-MOSEI\segments\iS91daVpH2E_000.mp4,data\preprocessed\features\z_at\iS91daVpH2E_000.pt,data\preprocessed\features\z_v\iS91daVpH2E_000.pt
iS91daVpH2E_001,mosei_real,0,mosei_iS91daVpH2E_001,,,-1,1,1,1,D:\Documents\Programming\Thesis_G10\data\raw\CMU-MOSEI\segments\iS91daVpH2E_001.mp4,data\preprocessed\features\z_at\iS91daVpH2E_001.pt,data\preprocessed\features\z_v\iS91daVpH2E_001.pt
iS91daVpH2E_002,mosei_real,0,mosei_iS91daVpH2E_002,,,-1,1,1,1,D:\Documents\Programming\Thesis_G10\data\raw\CMU-MOSEI\segments\iS91daVpH2E_002.mp4,data\preprocessed\features\z_at\iS91daVpH2E_002.pt,data\preprocessed\features\z_v\iS91daVpH2E_002.pt
iS91daVpH2E_003,mosei_real,0,mosei_iS91daVpH2E_003,,,-1,1,1,1,D:\Documents\Programming\Thesis_G10\data\raw\CMU-MOSEI\segments\iS91daVpH2E_003.mp4,data\preprocessed\features\z_at\iS91daVpH2E_003.pt,data\preprocessed\features\z_v\iS91daVpH2E_003.pt
iS91daVpH2E_004,mosei_real,0,mosei_iS91daVpH2E_004,,,-1,1,1,1,D:\Documents\Programming\Thesis_G10\data\raw\CMU-MOSEI\segments\iS91daVpH2E_004.mp4,data\preprocessed\features\z_at\iS91daVpH2E_004.pt,data\preprocessed\features\z_v\iS91daVpH2E_004.pt
iS91daVpH2E_005,mosei_real,0,mosei_iS91daVpH2E_005,,,-1,1,1,1,D:\Documents\Programming\Thesis_G10\data\raw\CMU-MOSEI\segments\iS91daVpH2E_005.mp4,data\preprocessed\features\z_at\iS91daVpH2E_005.pt,data\preprocessed\features\z_v\iS91daVpH2E_005.pt
iUXqlrui25c_003,mosei_real,0,mosei_iUXqlrui25c_003,,,-1,1,1,1,D:\Documents\Programming\Thesis_G10\data\raw\CMU-MOSEI\segments\iUXqlrui25c_003.mp4,data\preprocessed\features\z_at\iUXqlrui25c_003.pt,data\preprocessed\features\z_v\iUXqlrui25c_003.pt
iUXqlrui25c_004,mosei_real,0,mosei_iUXqlrui25c_004,,,-1,1,1,1,D:\Documents\Programming\Thesis_G10\data\raw\CMU-MOSEI\segments\iUXqlrui25c_004.mp4,data\preprocessed\features\z_at\iUXqlrui25c_004.pt,data\preprocessed\features\z_v\iUXqlrui25c_004.pt
iUXqlrui25c_005,mosei_real,0,mosei_iUXqlrui25c_005,,,-1,1,1,1,D:\Documents\Programming\Thesis_G10\data\raw\CMU-MOSEI\segments\iUXqlrui25c_005.mp4,data\preprocessed\features\z_at\iUXqlrui25c_005.pt,data\preprocessed\features\z_v\iUXqlrui25c_005.pt
iUXqlrui25c_006,mosei_real,0,mosei_iUXqlrui25c_006,,,-1,1,1,1,D:\Documents\Programming\Thesis_G10\data\raw\CMU-MOSEI\segments\iUXqlrui25c_006.mp4,data\preprocessed\features\z_at\iUXqlrui25c_006.pt,data\preprocessed\features\z_v\iUXqlrui25c_006.pt
iUXqlrui25c_007,mosei_real,0,mosei_iUXqlrui25c_007,,,-1,1,1,1,D:\Documents\Programming\Thesis_G10\data\raw\CMU-MOSEI\segments\iUXqlrui25c_007.mp4,data\preprocessed\features\z_at\iUXqlrui25c_007.pt,data\preprocessed\features\z_v\iUXqlrui25c_007.pt
iUXqlrui25c_009,mosei_real,0,mosei_iUXqlrui25c_009,,,-1,1,1,1,D:\Documents\Programming\Thesis_G10\data\raw\CMU-MOSEI\segments\iUXqlrui25c_009.mp4,data\preprocessed\features\z_at\iUXqlrui25c_009.pt,data\preprocessed\features\z_v\iUXqlrui25c_009.pt
iUXqlrui25c_010,mosei_real,0,mosei_iUXqlrui25c_010,,,-1,1,1,1,D:\Documents\Programming\Thesis_G10\data\raw\CMU-MOSEI\segments\iUXqlrui25c_010.mp4,data\preprocessed\features\z_at\iUXqlrui25c_010.pt,data\preprocessed\features\z_v\iUXqlrui25c_010.pt
iUXqlrui25c_012,mosei_real,0,mosei_iUXqlrui25c_012,,,-1,1,1,1,D:\Documents\Programming\Thesis_G10\data\raw\CMU-MOSEI\segments\iUXqlrui25c_012.mp4,data\preprocessed\features\z_at\iUXqlrui25c_012.pt,data\preprocessed\features\z_v\iUXqlrui25c_012.pt
iWBx0CP9JqA_000,mosei_real,0,mosei_iWBx0CP9JqA_000,,,-1,1,1,1,D:\Documents\Programming\Thesis_G10\data\raw\CMU-MOSEI\segments\iWBx0CP9JqA_000.mp4,data\preprocessed\features\z_at\iWBx0CP9JqA_000.pt,data\preprocessed\features\z_v\iWBx0CP9JqA_000.pt
iWBx0CP9JqA_001,mosei_real,0,mosei_iWBx0CP9JqA_001,,,-1,1,1,1,D:\Documents\Programming\Thesis_G10\data\raw\CMU-MOSEI\segments\iWBx0CP9JqA_001.mp4,data\preprocessed\features\z_at\iWBx0CP9JqA_001.pt,data\preprocessed\features\z_v\iWBx0CP9JqA_001.pt
iXiMifHNKPI_003,mosei_real,0,mosei_iXiMifHNKPI_003,,,-1,1,1,1,D:\Documents\Programming\Thesis_G10\data\raw\CMU-MOSEI\segments\iXiMifHNKPI_003.mp4,data\preprocessed\features\z_at\iXiMifHNKPI_003.pt,data\preprocessed\features\z_v\iXiMifHNKPI_003.pt
iXiMifHNKPI_007,mosei_real,0,mosei_iXiMifHNKPI_007,,,-1,1,1,1,D:\Documents\Programming\Thesis_G10\data\raw\CMU-MOSEI\segments\iXiMifHNKPI_007.mp4,data\preprocessed\features\z_at\iXiMifHNKPI_007.pt,data\preprocessed\features\z_v\iXiMifHNKPI_007.pt
iXiMifHNKPI_008,mosei_real,0,mosei_iXiMifHNKPI_008,,,-1,1,1,1,D:\Documents\Programming\Thesis_G10\data\raw\CMU-MOSEI\segments\iXiMifHNKPI_008.mp4,data\preprocessed\features\z_at\iXiMifHNKPI_008.pt,data\preprocessed\features\z_v\iXiMifHNKPI_008.pt
iYtD_ArCdKw_000,mosei_real,0,mosei_iYtD_ArCdKw_000,,,-1,1,1,1,D:\Documents\Programming\Thesis_G10\data\raw\CMU-MOSEI\segments\iYtD_ArCdKw_000.mp4,data\preprocessed\features\z_at\iYtD_ArCdKw_000.pt,data\preprocessed\features\z_v\iYtD_ArCdKw_000.pt
iYtD_ArCdKw_003,mosei_real,0,mosei_iYtD_ArCdKw_003,,,-1,1,1,1,D:\Documents\Programming\Thesis_G10\data\raw\CMU-MOSEI\segments\iYtD_ArCdKw_003.mp4,data\preprocessed\features\z_at\iYtD_ArCdKw_003.pt,data\preprocessed\features\z_v\iYtD_ArCdKw_003.pt
iYtD_ArCdKw_005,mosei_real,0,mosei_iYtD_ArCdKw_005,,,-1,1,1,1,D:\Documents\Programming\Thesis_G10\data\raw\CMU-MOSEI\segments\iYtD_ArCdKw_005.mp4,data\preprocessed\features\z_at\iYtD_ArCdKw_005.pt,data\preprocessed\features\z_v\iYtD_ArCdKw_005.pt
iYtD_ArCdKw_006,mosei_real,0,mosei_iYtD_ArCdKw_006,,,-1,1,1,1,D:\Documents\Programming\Thesis_G10\data\raw\CMU-MOSEI\segments\iYtD_ArCdKw_006.mp4,data\preprocessed\features\z_at\iYtD_ArCdKw_006.pt,data\preprocessed\features\z_v\iYtD_ArCdKw_006.pt
iYtD_ArCdKw_009,mosei_real,0,mosei_iYtD_ArCdKw_009,,,-1,1,1,1,D:\Documents\Programming\Thesis_G10\data\raw\CMU-MOSEI\segments\iYtD_ArCdKw_009.mp4,data\preprocessed\features\z_at\iYtD_ArCdKw_009.pt,data\preprocessed\features\z_v\iYtD_ArCdKw_009.pt
iYtD_ArCdKw_010,mosei_real,0,mosei_iYtD_ArCdKw_010,,,-1,1,1,1,D:\Documents\Programming\Thesis_G10\data\raw\CMU-MOSEI\segments\iYtD_ArCdKw_010.mp4,data\preprocessed\features\z_at\iYtD_ArCdKw_010.pt,data\preprocessed\features\z_v\iYtD_ArCdKw_010.pt
icIS9VfbzMw_001,mosei_real,0,mosei_icIS9VfbzMw_001,,,-1,1,1,1,D:\Documents\Programming\Thesis_G10\data\raw\CMU-MOSEI\segments\icIS9VfbzMw_001.mp4,data\preprocessed\features\z_at\icIS9VfbzMw_001.pt,data\preprocessed\features\z_v\icIS9VfbzMw_001.pt
icIS9VfbzMw_003,mosei_real,0,mosei_icIS9VfbzMw_003,,,-1,1,1,1,D:\Documents\Programming\Thesis_G10\data\raw\CMU-MOSEI\segments\icIS9VfbzMw_003.mp4,data\preprocessed\features\z_at\icIS9VfbzMw_003.pt,data\preprocessed\features\z_v\icIS9VfbzMw_003.pt
icIS9VfbzMw_005,mosei_real,0,mosei_icIS9VfbzMw_005,,,-1,1,1,1,D:\Documents\Programming\Thesis_G10\data\raw\CMU-MOSEI\segments\icIS9VfbzMw_005.mp4,data\preprocessed\features\z_at\icIS9VfbzMw_005.pt,data\preprocessed\features\z_v\icIS9VfbzMw_005.pt
icIS9VfbzMw_006,mosei_real,0,mosei_icIS9VfbzMw_006,,,-1,1,1,1,D:\Documents\Programming\Thesis_G10\data\raw\CMU-MOSEI\segments\icIS9VfbzMw_006.mp4,data\preprocessed\features\z_at\icIS9VfbzMw_006.pt,data\preprocessed\features\z_v\icIS9VfbzMw_006.pt
icIS9VfbzMw_007,mosei_real,0,mosei_icIS9VfbzMw_007,,,-1,1,1,1,D:\Documents\Programming\Thesis_G10\data\raw\CMU-MOSEI\segments\icIS9VfbzMw_007.mp4,data\preprocessed\features\z_at\icIS9VfbzMw_007.pt,data\preprocessed\features\z_v\icIS9VfbzMw_007.pt
icIS9VfbzMw_008,mosei_real,0,mosei_icIS9VfbzMw_008,,,-1,1,1,1,D:\Documents\Programming\Thesis_G10\data\raw\CMU-MOSEI\segments\icIS9VfbzMw_008.mp4,data\preprocessed\features\z_at\icIS9VfbzMw_008.pt,data\preprocessed\features\z_v\icIS9VfbzMw_008.pt
icIS9VfbzMw_009,mosei_real,0,mosei_icIS9VfbzMw_009,,,-1,1,1,1,D:\Documents\Programming\Thesis_G10\data\raw\CMU-MOSEI\segments\icIS9VfbzMw_009.mp4,data\preprocessed\features\z_at\icIS9VfbzMw_009.pt,data\preprocessed\features\z_v\icIS9VfbzMw_009.pt
icIS9VfbzMw_010,mosei_real,0,mosei_icIS9VfbzMw_010,,,-1,1,1,1,D:\Documents\Programming\Thesis_G10\data\raw\CMU-MOSEI\segments\icIS9VfbzMw_010.mp4,data\preprocessed\features\z_at\icIS9VfbzMw_010.pt,data\preprocessed\features\z_v\icIS9VfbzMw_010.pt
icIS9VfbzMw_011,mosei_real,0,mosei_icIS9VfbzMw_011,,,-1,1,1,1,D:\Documents\Programming\Thesis_G10\data\raw\CMU-MOSEI\segments\icIS9VfbzMw_011.mp4,data\preprocessed\features\z_at\icIS9VfbzMw_011.pt,data\preprocessed\features\z_v\icIS9VfbzMw_011.pt
icIS9VfbzMw_013,mosei_real,0,mosei_icIS9VfbzMw_013,,,-1,1,1,1,D:\Documents\Programming\Thesis_G10\data\raw\CMU-MOSEI\segments\icIS9VfbzMw_013.mp4,data\preprocessed\features\z_at\icIS9VfbzMw_013.pt,data\preprocessed\features\z_v\icIS9VfbzMw_013.pt
icIS9VfbzMw_014,mosei_real,0,mosei_icIS9VfbzMw_014,,,-1,1,1,1,D:\Documents\Programming\Thesis_G10\data\raw\CMU-MOSEI\segments\icIS9VfbzMw_014.mp4,data\preprocessed\features\z_at\icIS9VfbzMw_014.pt,data\preprocessed\features\z_v\icIS9VfbzMw_014.pt
iceSGs0MXaA_000,mosei_real,0,mosei_iceSGs0MXaA_000,,,-1,1,1,1,D:\Documents\Programming\Thesis_G10\data\raw\CMU-MOSEI\segments\iceSGs0MXaA_000.mp4,data\preprocessed\features\z_at\iceSGs0MXaA_000.pt,data\preprocessed\features\z_v\iceSGs0MXaA_000.pt
iceSGs0MXaA_001,mosei_real,0,mosei_iceSGs0MXaA_001,,,-1,1,1,1,D:\Documents\Programming\Thesis_G10\data\raw\CMU-MOSEI\segments\iceSGs0MXaA_001.mp4,data\preprocessed\features\z_at\iceSGs0MXaA_001.pt,data\preprocessed\features\z_v\iceSGs0MXaA_001.pt
iceSGs0MXaA_002,mosei_real,0,mosei_iceSGs0MXaA_002,,,-1,1,1,1,D:\Documents\Programming\Thesis_G10\data\raw\CMU-MOSEI\segments\iceSGs0MXaA_002.mp4,data\preprocessed\features\z_at\iceSGs0MXaA_002.pt,data\preprocessed\features\z_v\iceSGs0MXaA_002.pt
iceSGs0MXaA_003,mosei_real,0,mosei_iceSGs0MXaA_003,,,-1,1,1,1,D:\Documents\Programming\Thesis_G10\data\raw\CMU-MOSEI\segments\iceSGs0MXaA_003.mp4,data\preprocessed\features\z_at\iceSGs0MXaA_003.pt,data\preprocessed\features\z_v\iceSGs0MXaA_003.pt
iceSGs0MXaA_004,mosei_real,0,mosei_iceSGs0MXaA_004,,,-1,1,1,1,D:\Documents\Programming\Thesis_G10\data\raw\CMU-MOSEI\segments\iceSGs0MXaA_004.mp4,data\preprocessed\features\z_at\iceSGs0MXaA_004.pt,data\preprocessed\features\z_v\iceSGs0MXaA_004.pt
ieWQdiQAh4M_000,mosei_real,0,mosei_ieWQdiQAh4M_000,,,-1,1,1,1,D:\Documents\Programming\Thesis_G10\data\raw\CMU-MOSEI\segments\ieWQdiQAh4M_000.mp4,data\preprocessed\features\z_at\ieWQdiQAh4M_000.pt,data\preprocessed\features\z_v\ieWQdiQAh4M_000.pt
iex7I7iVnLk_000,mosei_real,0,mosei_iex7I7iVnLk_000,,,-1,1,1,1,D:\Documents\Programming\Thesis_G10\data\raw\CMU-MOSEI\segments\iex7I7iVnLk_000.mp4,data\preprocessed\features\z_at\iex7I7iVnLk_000.pt,data\preprocessed\features\z_v\iex7I7iVnLk_000.pt
iex7I7iVnLk_001,mosei_real,0,mosei_iex7I7iVnLk_001,,,-1,1,1,1,D:\Documents\Programming\Thesis_G10\data\raw\CMU-MOSEI\segments\iex7I7iVnLk_001.mp4,data\preprocessed\features\z_at\iex7I7iVnLk_001.pt,data\preprocessed\features\z_v\iex7I7iVnLk_001.pt
ihPjsliqz5o_001,mosei_real,0,mosei_ihPjsliqz5o_001,,,-1,1,1,1,D:\Documents\Programming\Thesis_G10\data\raw\CMU-MOSEI\segments\ihPjsliqz5o_001.mp4,data\preprocessed\features\z_at\ihPjsliqz5o_001.pt,data\preprocessed\features\z_v\ihPjsliqz5o_001.pt
io85pRFj_dw_000,mosei_real,0,mosei_io85pRFj_dw_000,,,-1,1,1,1,D:\Documents\Programming\Thesis_G10\data\raw\CMU-MOSEI\segments\io85pRFj_dw_000.mp4,data\preprocessed\features\z_at\io85pRFj_dw_000.pt,data\preprocessed\features\z_v\io85pRFj_dw_000.pt
ip8xwAr4MRE_000,mosei_real,0,mosei_ip8xwAr4MRE_000,,,-1,1,1,1,D:\Documents\Programming\Thesis_G10\data\raw\CMU-MOSEI\segments\ip8xwAr4MRE_000.mp4,data\preprocessed\features\z_at\ip8xwAr4MRE_000.pt,data\preprocessed\features\z_v\ip8xwAr4MRE_000.pt
ip8xwAr4MRE_001,mosei_real,0,mosei_ip8xwAr4MRE_001,,,-1,1,1,1,D:\Documents\Programming\Thesis_G10\data\raw\CMU-MOSEI\segments\ip8xwAr4MRE_001.mp4,data\preprocessed\features\z_at\ip8xwAr4MRE_001.pt,data\preprocessed\features\z_v\ip8xwAr4MRE_001.pt
ixZAEncExWI_001,mosei_real,0,mosei_ixZAEncExWI_001,,,-1,1,1,1,D:\Documents\Programming\Thesis_G10\data\raw\CMU-MOSEI\segments\ixZAEncExWI_001.mp4,data\preprocessed\features\z_at\ixZAEncExWI_001.pt,data\preprocessed\features\z_v\ixZAEncExWI_001.pt
ixZAEncExWI_002,mosei_real,0,mosei_ixZAEncExWI_002,,,-1,1,1,1,D:\Documents\Programming\Thesis_G10\data\raw\CMU-MOSEI\segments\ixZAEncExWI_002.mp4,data\preprocessed\features\z_at\ixZAEncExWI_002.pt,data\preprocessed\features\z_v\ixZAEncExWI_002.pt
izFBeXMTgds_002,mosei_real,0,mosei_izFBeXMTgds_002,,,-1,1,1,1,D:\Documents\Programming\Thesis_G10\data\raw\CMU-MOSEI\segments\izFBeXMTgds_002.mp4,data\preprocessed\features\z_at\izFBeXMTgds_002.pt,data\preprocessed\features\z_v\izFBeXMTgds_002.pt
izFBeXMTgds_003,mosei_real,0,mosei_izFBeXMTgds_003,,,-1,1,1,1,D:\Documents\Programming\Thesis_G10\data\raw\CMU-MOSEI\segments\izFBeXMTgds_003.mp4,data\preprocessed\features\z_at\izFBeXMTgds_003.pt,data\preprocessed\features\z_v\izFBeXMTgds_003.pt
j1m6ctAgjsM_001,mosei_real,0,mosei_j1m6ctAgjsM_001,,,-1,1,1,1,D:\Documents\Programming\Thesis_G10\data\raw\CMU-MOSEI\segments\j1m6ctAgjsM_001.mp4,data\preprocessed\features\z_at\j1m6ctAgjsM_001.pt,data\preprocessed\features\z_v\j1m6ctAgjsM_001.pt
j1m6ctAgjsM_002,mosei_real,0,mosei_j1m6ctAgjsM_002,,,-1,1,1,1,D:\Documents\Programming\Thesis_G10\data\raw\CMU-MOSEI\segments\j1m6ctAgjsM_002.mp4,data\preprocessed\features\z_at\j1m6ctAgjsM_002.pt,data\preprocessed\features\z_v\j1m6ctAgjsM_002.pt
j1m6ctAgjsM_004,mosei_real,0,mosei_j1m6ctAgjsM_004,,,-1,1,1,1,D:\Documents\Programming\Thesis_G10\data\raw\CMU-MOSEI\segments\j1m6ctAgjsM_004.mp4,data\preprocessed\features\z_at\j1m6ctAgjsM_004.pt,data\preprocessed\features\z_v\j1m6ctAgjsM_004.pt
j1m6ctAgjsM_005,mosei_real,0,mosei_j1m6ctAgjsM_005,,,-1,1,1,1,D:\Documents\Programming\Thesis_G10\data\raw\CMU-MOSEI\segments\j1m6ctAgjsM_005.mp4,data\preprocessed\features\z_at\j1m6ctAgjsM_005.pt,data\preprocessed\features\z_v\j1m6ctAgjsM_005.pt
j1m6ctAgjsM_006,mosei_real,0,mosei_j1m6ctAgjsM_006,,,-1,1,1,1,D:\Documents\Programming\Thesis_G10\data\raw\CMU-MOSEI\segments\j1m6ctAgjsM_006.mp4,data\preprocessed\features\z_at\j1m6ctAgjsM_006.pt,data\preprocessed\features\z_v\j1m6ctAgjsM_006.pt
j1m6ctAgjsM_007,mosei_real,0,mosei_j1m6ctAgjsM_007,,,-1,1,1,1,D:\Documents\Programming\Thesis_G10\data\raw\CMU-MOSEI\segments\j1m6ctAgjsM_007.mp4,data\preprocessed\features\z_at\j1m6ctAgjsM_007.pt,data\preprocessed\features\z_v\j1m6ctAgjsM_007.pt
j1m6ctAgjsM_008,mosei_real,0,mosei_j1m6ctAgjsM_008,,,-1,1,1,1,D:\Documents\Programming\Thesis_G10\data\raw\CMU-MOSEI\segments\j1m6ctAgjsM_008.mp4,data\preprocessed\features\z_at\j1m6ctAgjsM_008.pt,data\preprocessed\features\z_v\j1m6ctAgjsM_008.pt
j1m6ctAgjsM_010,mosei_real,0,mosei_j1m6ctAgjsM_010,,,-1,1,1,1,D:\Documents\Programming\Thesis_G10\data\raw\CMU-MOSEI\segments\j1m6ctAgjsM_010.mp4,data\preprocessed\features\z_at\j1m6ctAgjsM_010.pt,data\preprocessed\features\z_v\j1m6ctAgjsM_010.pt
j1m6ctAgjsM_013,mosei_real,0,mosei_j1m6ctAgjsM_013,,,-1,1,1,1,D:\Documents\Programming\Thesis_G10\data\raw\CMU-MOSEI\segments\j1m6ctAgjsM_013.mp4,data\preprocessed\features\z_at\j1m6ctAgjsM_013.pt,data\preprocessed\features\z_v\j1m6ctAgjsM_013.pt
j1m6ctAgjsM_015,mosei_real,0,mosei_j1m6ctAgjsM_015,,,-1,1,1,1,D:\Documents\Programming\Thesis_G10\data\raw\CMU-MOSEI\segments\j1m6ctAgjsM_015.mp4,data\preprocessed\features\z_at\j1m6ctAgjsM_015.pt,data\preprocessed\features\z_v\j1m6ctAgjsM_015.pt
j1m6ctAgjsM_018,mosei_real,0,mosei_j1m6ctAgjsM_018,,,-1,1,1,1,D:\Documents\Programming\Thesis_G10\data\raw\CMU-MOSEI\segments\j1m6ctAgjsM_018.mp4,data\preprocessed\features\z_at\j1m6ctAgjsM_018.pt,data\preprocessed\features\z_v\j1m6ctAgjsM_018.pt
j1m6ctAgjsM_020,mosei_real,0,mosei_j1m6ctAgjsM_020,,,-1,1,1,1,D:\Documents\Programming\Thesis_G10\data\raw\CMU-MOSEI\segments\j1m6ctAgjsM_020.mp4,data\preprocessed\features\z_at\j1m6ctAgjsM_020.pt,data\preprocessed\features\z_v\j1m6ctAgjsM_020.pt
j1m6ctAgjsM_022,mosei_real,0,mosei_j1m6ctAgjsM_022,,,-1,1,1,1,D:\Documents\Programming\Thesis_G10\data\raw\CMU-MOSEI\segments\j1m6ctAgjsM_022.mp4,data\preprocessed\features\z_at\j1m6ctAgjsM_022.pt,data\preprocessed\features\z_v\j1m6ctAgjsM_022.pt
j1m6ctAgjsM_023,mosei_real,0,mosei_j1m6ctAgjsM_023,,,-1,1,1,1,D:\Documents\Programming\Thesis_G10\data\raw\CMU-MOSEI\segments\j1m6ctAgjsM_023.mp4,data\preprocessed\features\z_at\j1m6ctAgjsM_023.pt,data\preprocessed\features\z_v\j1m6ctAgjsM_023.pt
j1m6ctAgjsM_024,mosei_real,0,mosei_j1m6ctAgjsM_024,,,-1,1,1,1,D:\Documents\Programming\Thesis_G10\data\raw\CMU-MOSEI\segments\j1m6ctAgjsM_024.mp4,data\preprocessed\features\z_at\j1m6ctAgjsM_024.pt,data\preprocessed\features\z_v\j1m6ctAgjsM_024.pt
j1m6ctAgjsM_025,mosei_real,0,mosei_j1m6ctAgjsM_025,,,-1,1,1,1,D:\Documents\Programming\Thesis_G10\data\raw\CMU-MOSEI\segments\j1m6ctAgjsM_025.mp4,data\preprocessed\features\z_at\j1m6ctAgjsM_025.pt,data\preprocessed\features\z_v\j1m6ctAgjsM_025.pt
j1m6ctAgjsM_026,mosei_real,0,mosei_j1m6ctAgjsM_026,,,-1,1,1,1,D:\Documents\Programming\Thesis_G10\data\raw\CMU-MOSEI\segments\j1m6ctAgjsM_026.mp4,data\preprocessed\features\z_at\j1m6ctAgjsM_026.pt,data\preprocessed\features\z_v\j1m6ctAgjsM_026.pt
j1m6ctAgjsM_028,mosei_real,0,mosei_j1m6ctAgjsM_028,,,-1,1,1,1,D:\Documents\Programming\Thesis_G10\data\raw\CMU-MOSEI\segments\j1m6ctAgjsM_028.mp4,data\preprocessed\features\z_at\j1m6ctAgjsM_028.pt,data\preprocessed\features\z_v\j1m6ctAgjsM_028.pt
j1m6ctAgjsM_029,mosei_real,0,mosei_j1m6ctAgjsM_029,,,-1,1,1,1,D:\Documents\Programming\Thesis_G10\data\raw\CMU-MOSEI\segments\j1m6ctAgjsM_029.mp4,data\preprocessed\features\z_at\j1m6ctAgjsM_029.pt,data\preprocessed\features\z_v\j1m6ctAgjsM_029.pt
j1m6ctAgjsM_031,mosei_real,0,mosei_j1m6ctAgjsM_031,,,-1,1,1,1,D:\Documents\Programming\Thesis_G10\data\raw\CMU-MOSEI\segments\j1m6ctAgjsM_031.mp4,data\preprocessed\features\z_at\j1m6ctAgjsM_031.pt,data\preprocessed\features\z_v\j1m6ctAgjsM_031.pt
j1m6ctAgjsM_032,mosei_real,0,mosei_j1m6ctAgjsM_032,,,-1,1,1,1,D:\Documents\Programming\Thesis_G10\data\raw\CMU-MOSEI\segments\j1m6ctAgjsM_032.mp4,data\preprocessed\features\z_at\j1m6ctAgjsM_032.pt,data\preprocessed\features\z_v\j1m6ctAgjsM_032.pt
j1m6ctAgjsM_033,mosei_real,0,mosei_j1m6ctAgjsM_033,,,-1,1,1,1,D:\Documents\Programming\Thesis_G10\data\raw\CMU-MOSEI\segments\j1m6ctAgjsM_033.mp4,data\preprocessed\features\z_at\j1m6ctAgjsM_033.pt,data\preprocessed\features\z_v\j1m6ctAgjsM_033.pt
j1m6ctAgjsM_035,mosei_real,0,mosei_j1m6ctAgjsM_035,,,-1,1,1,1,D:\Documents\Programming\Thesis_G10\data\raw\CMU-MOSEI\segments\j1m6ctAgjsM_035.mp4,data\preprocessed\features\z_at\j1m6ctAgjsM_035.pt,data\preprocessed\features\z_v\j1m6ctAgjsM_035.pt
j1m6ctAgjsM_038,mosei_real,0,mosei_j1m6ctAgjsM_038,,,-1,1,1,1,D:\Documents\Programming\Thesis_G10\data\raw\CMU-MOSEI\segments\j1m6ctAgjsM_038.mp4,data\preprocessed\features\z_at\j1m6ctAgjsM_038.pt,data\preprocessed\features\z_v\j1m6ctAgjsM_038.pt
j1m6ctAgjsM_039,mosei_real,0,mosei_j1m6ctAgjsM_039,,,-1,1,1,1,D:\Documents\Programming\Thesis_G10\data\raw\CMU-MOSEI\segments\j1m6ctAgjsM_039.mp4,data\preprocessed\features\z_at\j1m6ctAgjsM_039.pt,data\preprocessed\features\z_v\j1m6ctAgjsM_039.pt
j1m6ctAgjsM_040,mosei_real,0,mosei_j1m6ctAgjsM_040,,,-1,1,1,1,D:\Documents\Programming\Thesis_G10\data\raw\CMU-MOSEI\segments\j1m6ctAgjsM_040.mp4,data\preprocessed\features\z_at\j1m6ctAgjsM_040.pt,data\preprocessed\features\z_v\j1m6ctAgjsM_040.pt
j1m6ctAgjsM_041,mosei_real,0,mosei_j1m6ctAgjsM_041,,,-1,1,1,1,D:\Documents\Programming\Thesis_G10\data\raw\CMU-MOSEI\segments\j1m6ctAgjsM_041.mp4,data\preprocessed\features\z_at\j1m6ctAgjsM_041.pt,data\preprocessed\features\z_v\j1m6ctAgjsM_041.pt
j1m6ctAgjsM_043,mosei_real,0,mosei_j1m6ctAgjsM_043,,,-1,1,1,1,D:\Documents\Programming\Thesis_G10\data\raw\CMU-MOSEI\segments\j1m6ctAgjsM_043.mp4,data\preprocessed\features\z_at\j1m6ctAgjsM_043.pt,data\preprocessed\features\z_v\j1m6ctAgjsM_043.pt
j1m6ctAgjsM_044,mosei_real,0,mosei_j1m6ctAgjsM_044,,,-1,1,1,1,D:\Documents\Programming\Thesis_G10\data\raw\CMU-MOSEI\segments\j1m6ctAgjsM_044.mp4,data\preprocessed\features\z_at\j1m6ctAgjsM_044.pt,data\preprocessed\features\z_v\j1m6ctAgjsM_044.pt
j1m6ctAgjsM_046,mosei_real,0,mosei_j1m6ctAgjsM_046,,,-1,1,1,1,D:\Documents\Programming\Thesis_G10\data\raw\CMU-MOSEI\segments\j1m6ctAgjsM_046.mp4,data\preprocessed\features\z_at\j1m6ctAgjsM_046.pt,data\preprocessed\features\z_v\j1m6ctAgjsM_046.pt
j1m6ctAgjsM_047,mosei_real,0,mosei_j1m6ctAgjsM_047,,,-1,1,1,1,D:\Documents\Programming\Thesis_G10\data\raw\CMU-MOSEI\segments\j1m6ctAgjsM_047.mp4,data\preprocessed\features\z_at\j1m6ctAgjsM_047.pt,data\preprocessed\features\z_v\j1m6ctAgjsM_047.pt
j1m6ctAgjsM_048,mosei_real,0,mosei_j1m6ctAgjsM_048,,,-1,1,1,1,D:\Documents\Programming\Thesis_G10\data\raw\CMU-MOSEI\segments\j1m6ctAgjsM_048.mp4,data\preprocessed\features\z_at\j1m6ctAgjsM_048.pt,data\preprocessed\features\z_v\j1m6ctAgjsM_048.pt
j1m6ctAgjsM_049,mosei_real,0,mosei_j1m6ctAgjsM_049,,,-1,1,1,1,D:\Documents\Programming\Thesis_G10\data\raw\CMU-MOSEI\segments\j1m6ctAgjsM_049.mp4,data\preprocessed\features\z_at\j1m6ctAgjsM_049.pt,data\preprocessed\features\z_v\j1m6ctAgjsM_049.pt
j1m6ctAgjsM_050,mosei_real,0,mosei_j1m6ctAgjsM_050,,,-1,1,1,1,D:\Documents\Programming\Thesis_G10\data\raw\CMU-MOSEI\segments\j1m6ctAgjsM_050.mp4,data\preprocessed\features\z_at\j1m6ctAgjsM_050.pt,data\preprocessed\features\z_v\j1m6ctAgjsM_050.pt
j1m6ctAgjsM_051,mosei_real,0,mosei_j1m6ctAgjsM_051,,,-1,1,1,1,D:\Documents\Programming\Thesis_G10\data\raw\CMU-MOSEI\segments\j1m6ctAgjsM_051.mp4,data\preprocessed\features\z_at\j1m6ctAgjsM_051.pt,data\preprocessed\features\z_v\j1m6ctAgjsM_051.pt
j7fRIGphgtk_003,mosei_real,0,mosei_j7fRIGphgtk_003,,,-1,1,1,1,D:\Documents\Programming\Thesis_G10\data\raw\CMU-MOSEI\segments\j7fRIGphgtk_003.mp4,data\preprocessed\features\z_at\j7fRIGphgtk_003.pt,data\preprocessed\features\z_v\j7fRIGphgtk_003.pt
jEQoBvc7V1o_002,mosei_real,0,mosei_jEQoBvc7V1o_002,,,-1,1,1,1,D:\Documents\Programming\Thesis_G10\data\raw\CMU-MOSEI\segments\jEQoBvc7V1o_002.mp4,data\preprocessed\features\z_at\jEQoBvc7V1o_002.pt,data\preprocessed\features\z_v\jEQoBvc7V1o_002.pt
jEQoBvc7V1o_003,mosei_real,0,mosei_jEQoBvc7V1o_003,,,-1,1,1,1,D:\Documents\Programming\Thesis_G10\data\raw\CMU-MOSEI\segments\jEQoBvc7V1o_003.mp4,data\preprocessed\features\z_at\jEQoBvc7V1o_003.pt,data\preprocessed\features\z_v\jEQoBvc7V1o_003.pt
jEQoBvc7V1o_004,mosei_real,0,mosei_jEQoBvc7V1o_004,,,-1,1,1,1,D:\Documents\Programming\Thesis_G10\data\raw\CMU-MOSEI\segments\jEQoBvc7V1o_004.mp4,data\preprocessed\features\z_at\jEQoBvc7V1o_004.pt,data\preprocessed\features\z_v\jEQoBvc7V1o_004.pt
jFNgOznarMo_001,mosei_real,0,mosei_jFNgOznarMo_001,,,-1,1,1,1,D:\Documents\Programming\Thesis_G10\data\raw\CMU-MOSEI\segments\jFNgOznarMo_001.mp4,data\preprocessed\features\z_at\jFNgOznarMo_001.pt,data\preprocessed\features\z_v\jFNgOznarMo_001.pt
jFpRdhl3fgw_001,mosei_real,0,mosei_jFpRdhl3fgw_001,,,-1,1,1,1,D:\Documents\Programming\Thesis_G10\data\raw\CMU-MOSEI\segments\jFpRdhl3fgw_001.mp4,data\preprocessed\features\z_at\jFpRdhl3fgw_001.pt,data\preprocessed\features\z_v\jFpRdhl3fgw_001.pt
jFpRdhl3fgw_002,mosei_real,0,mosei_jFpRdhl3fgw_002,,,-1,1,1,1,D:\Documents\Programming\Thesis_G10\data\raw\CMU-MOSEI\segments\jFpRdhl3fgw_002.mp4,data\preprocessed\features\z_at\jFpRdhl3fgw_002.pt,data\preprocessed\features\z_v\jFpRdhl3fgw_002.pt
jLN6B0aSrW0_001,mosei_real,0,mosei_jLN6B0aSrW0_001,,,-1,1,1,1,D:\Documents\Programming\Thesis_G10\data\raw\CMU-MOSEI\segments\jLN6B0aSrW0_001.mp4,data\preprocessed\features\z_at\jLN6B0aSrW0_001.pt,data\preprocessed\features\z_v\jLN6B0aSrW0_001.pt
jLN6B0aSrW0_002,mosei_real,0,mosei_jLN6B0aSrW0_002,,,-1,1,1,1,D:\Documents\Programming\Thesis_G10\data\raw\CMU-MOSEI\segments\jLN6B0aSrW0_002.mp4,data\preprocessed\features\z_at\jLN6B0aSrW0_002.pt,data\preprocessed\features\z_v\jLN6B0aSrW0_002.pt
jLN6B0aSrW0_004,mosei_real,0,mosei_jLN6B0aSrW0_004,,,-1,1,1,1,D:\Documents\Programming\Thesis_G10\data\raw\CMU-MOSEI\segments\jLN6B0aSrW0_004.mp4,data\preprocessed\features\z_at\jLN6B0aSrW0_004.pt,data\preprocessed\features\z_v\jLN6B0aSrW0_004.pt
jNdvceZ4etc_001,mosei_real,0,mosei_jNdvceZ4etc_001,,,-1,1,1,1,D:\Documents\Programming\Thesis_G10\data\raw\CMU-MOSEI\segments\jNdvceZ4etc_001.mp4,data\preprocessed\features\z_at\jNdvceZ4etc_001.pt,data\preprocessed\features\z_v\jNdvceZ4etc_001.pt
jNdvceZ4etc_002,mosei_real,0,mosei_jNdvceZ4etc_002,,,-1,1,1,1,D:\Documents\Programming\Thesis_G10\data\raw\CMU-MOSEI\segments\jNdvceZ4etc_002.mp4,data\preprocessed\features\z_at\jNdvceZ4etc_002.pt,data\preprocessed\features\z_v\jNdvceZ4etc_002.pt
jNdvceZ4etc_003,mosei_real,0,mosei_jNdvceZ4etc_003,,,-1,1,1,1,D:\Documents\Programming\Thesis_G10\data\raw\CMU-MOSEI\segments\jNdvceZ4etc_003.mp4,data\preprocessed\features\z_at\jNdvceZ4etc_003.pt,data\preprocessed\features\z_v\jNdvceZ4etc_003.pt
jNdvceZ4etc_005,mosei_real,0,mosei_jNdvceZ4etc_005,,,-1,1,1,1,D:\Documents\Programming\Thesis_G10\data\raw\CMU-MOSEI\segments\jNdvceZ4etc_005.mp4,data\preprocessed\features\z_at\jNdvceZ4etc_005.pt,data\preprocessed\features\z_v\jNdvceZ4etc_005.pt
jNdvceZ4etc_006,mosei_real,0,mosei_jNdvceZ4etc_006,,,-1,1,1,1,D:\Documents\Programming\Thesis_G10\data\raw\CMU-MOSEI\segments\jNdvceZ4etc_006.mp4,data\preprocessed\features\z_at\jNdvceZ4etc_006.pt,data\preprocessed\features\z_v\jNdvceZ4etc_006.pt
jPf0LjZAS14_002,mosei_real,0,mosei_jPf0LjZAS14_002,,,-1,1,1,1,D:\Documents\Programming\Thesis_G10\data\raw\CMU-MOSEI\segments\jPf0LjZAS14_002.mp4,data\preprocessed\features\z_at\jPf0LjZAS14_002.pt,data\preprocessed\features\z_v\jPf0LjZAS14_002.pt
jPf0LjZAS14_003,mosei_real,0,mosei_jPf0LjZAS14_003,,,-1,1,1,1,D:\Documents\Programming\Thesis_G10\data\raw\CMU-MOSEI\segments\jPf0LjZAS14_003.mp4,data\preprocessed\features\z_at\jPf0LjZAS14_003.pt,data\preprocessed\features\z_v\jPf0LjZAS14_003.pt
jPf0LjZAS14_005,mosei_real,0,mosei_jPf0LjZAS14_005,,,-1,1,1,1,D:\Documents\Programming\Thesis_G10\data\raw\CMU-MOSEI\segments\jPf0LjZAS14_005.mp4,data\preprocessed\features\z_at\jPf0LjZAS14_005.pt,data\preprocessed\features\z_v\jPf0LjZAS14_005.pt
jPf0LjZAS14_006,mosei_real,0,mosei_jPf0LjZAS14_006,,,-1,1,1,1,D:\Documents\Programming\Thesis_G10\data\raw\CMU-MOSEI\segments\jPf0LjZAS14_006.mp4,data\preprocessed\features\z_at\jPf0LjZAS14_006.pt,data\preprocessed\features\z_v\jPf0LjZAS14_006.pt
jPf0LjZAS14_007,mosei_real,0,mosei_jPf0LjZAS14_007,,,-1,1,1,1,D:\Documents\Programming\Thesis_G10\data\raw\CMU-MOSEI\segments\jPf0LjZAS14_007.mp4,data\preprocessed\features\z_at\jPf0LjZAS14_007.pt,data\preprocessed\features\z_v\jPf0LjZAS14_007.pt
jQ3EmbRIe58_001,mosei_real,0,mosei_jQ3EmbRIe58_001,,,-1,1,1,1,D:\Documents\Programming\Thesis_G10\data\raw\CMU-MOSEI\segments\jQ3EmbRIe58_001.mp4,data\preprocessed\features\z_at\jQ3EmbRIe58_001.pt,data\preprocessed\features\z_v\jQ3EmbRIe58_001.pt
jQ3EmbRIe58_004,mosei_real,0,mosei_jQ3EmbRIe58_004,,,-1,1,1,1,D:\Documents\Programming\Thesis_G10\data\raw\CMU-MOSEI\segments\jQ3EmbRIe58_004.mp4,data\preprocessed\features\z_at\jQ3EmbRIe58_004.pt,data\preprocessed\features\z_v\jQ3EmbRIe58_004.pt
jV6qzF2YROc_000,mosei_real,0,mosei_jV6qzF2YROc_000,,,-1,1,1,1,D:\Documents\Programming\Thesis_G10\data\raw\CMU-MOSEI\segments\jV6qzF2YROc_000.mp4,data\preprocessed\features\z_at\jV6qzF2YROc_000.pt,data\preprocessed\features\z_v\jV6qzF2YROc_000.pt
jV6qzF2YROc_002,mosei_real,0,mosei_jV6qzF2YROc_002,,,-1,1,1,1,D:\Documents\Programming\Thesis_G10\data\raw\CMU-MOSEI\segments\jV6qzF2YROc_002.mp4,data\preprocessed\features\z_at\jV6qzF2YROc_002.pt,data\preprocessed\features\z_v\jV6qzF2YROc_002.pt
jV6qzF2YROc_004,mosei_real,0,mosei_jV6qzF2YROc_004,,,-1,1,1,1,D:\Documents\Programming\Thesis_G10\data\raw\CMU-MOSEI\segments\jV6qzF2YROc_004.mp4,data\preprocessed\features\z_at\jV6qzF2YROc_004.pt,data\preprocessed\features\z_v\jV6qzF2YROc_004.pt
jV6qzF2YROc_006,mosei_real,0,mosei_jV6qzF2YROc_006,,,-1,1,1,1,D:\Documents\Programming\Thesis_G10\data\raw\CMU-MOSEI\segments\jV6qzF2YROc_006.mp4,data\preprocessed\features\z_at\jV6qzF2YROc_006.pt,data\preprocessed\features\z_v\jV6qzF2YROc_006.pt
jXQmVFcOiUI_000,mosei_real,0,mosei_jXQmVFcOiUI_000,,,-1,1,1,1,D:\Documents\Programming\Thesis_G10\data\raw\CMU-MOSEI\segments\jXQmVFcOiUI_000.mp4,data\preprocessed\features\z_at\jXQmVFcOiUI_000.pt,data\preprocessed\features\z_v\jXQmVFcOiUI_000.pt
jXQmVFcOiUI_001,mosei_real,0,mosei_jXQmVFcOiUI_001,,,-1,1,1,1,D:\Documents\Programming\Thesis_G10\data\raw\CMU-MOSEI\segments\jXQmVFcOiUI_001.mp4,data\preprocessed\features\z_at\jXQmVFcOiUI_001.pt,data\preprocessed\features\z_v\jXQmVFcOiUI_001.pt
jXQmVFcOiUI_002,mosei_real,0,mosei_jXQmVFcOiUI_002,,,-1,1,1,1,D:\Documents\Programming\Thesis_G10\data\raw\CMU-MOSEI\segments\jXQmVFcOiUI_002.mp4,data\preprocessed\features\z_at\jXQmVFcOiUI_002.pt,data\preprocessed\features\z_v\jXQmVFcOiUI_002.pt
jXp595jj734_000,mosei_real,0,mosei_jXp595jj734_000,,,-1,1,1,1,D:\Documents\Programming\Thesis_G10\data\raw\CMU-MOSEI\segments\jXp595jj734_000.mp4,data\preprocessed\features\z_at\jXp595jj734_000.pt,data\preprocessed\features\z_v\jXp595jj734_000.pt
jYT3-RQFy1U_003,mosei_real,0,mosei_jYT3-RQFy1U_003,,,-1,1,1,1,D:\Documents\Programming\Thesis_G10\data\raw\CMU-MOSEI\segments\jYT3-RQFy1U_003.mp4,data\preprocessed\features\z_at\jYT3-RQFy1U_003.pt,data\preprocessed\features\z_v\jYT3-RQFy1U_003.pt
jakiZQd4boM_002,mosei_real,0,mosei_jakiZQd4boM_002,,,-1,1,1,1,D:\Documents\Programming\Thesis_G10\data\raw\CMU-MOSEI\segments\jakiZQd4boM_002.mp4,data\preprocessed\features\z_at\jakiZQd4boM_002.pt,data\preprocessed\features\z_v\jakiZQd4boM_002.pt
jakiZQd4boM_003,mosei_real,0,mosei_jakiZQd4boM_003,,,-1,1,1,1,D:\Documents\Programming\Thesis_G10\data\raw\CMU-MOSEI\segments\jakiZQd4boM_003.mp4,data\preprocessed\features\z_at\jakiZQd4boM_003.pt,data\preprocessed\features\z_v\jakiZQd4boM_003.pt
jbJF3aphcP0_000,mosei_real,0,mosei_jbJF3aphcP0_000,,,-1,1,1,1,D:\Documents\Programming\Thesis_G10\data\raw\CMU-MOSEI\segments\jbJF3aphcP0_000.mp4,data\preprocessed\features\z_at\jbJF3aphcP0_000.pt,data\preprocessed\features\z_v\jbJF3aphcP0_000.pt
jcQi90n008o_000,mosei_real,0,mosei_jcQi90n008o_000,,,-1,1,1,1,D:\Documents\Programming\Thesis_G10\data\raw\CMU-MOSEI\segments\jcQi90n008o_000.mp4,data\preprocessed\features\z_at\jcQi90n008o_000.pt,data\preprocessed\features\z_v\jcQi90n008o_000.pt
jcQi90n008o_001,mosei_real,0,mosei_jcQi90n008o_001,,,-1,1,1,1,D:\Documents\Programming\Thesis_G10\data\raw\CMU-MOSEI\segments\jcQi90n008o_001.mp4,data\preprocessed\features\z_at\jcQi90n008o_001.pt,data\preprocessed\features\z_v\jcQi90n008o_001.pt
jcQi90n008o_002,mosei_real,0,mosei_jcQi90n008o_002,,,-1,1,1,1,D:\Documents\Programming\Thesis_G10\data\raw\CMU-MOSEI\segments\jcQi90n008o_002.mp4,data\preprocessed\features\z_at\jcQi90n008o_002.pt,data\preprocessed\features\z_v\jcQi90n008o_002.pt
jcQi90n008o_003,mosei_real,0,mosei_jcQi90n008o_003,,,-1,1,1,1,D:\Documents\Programming\Thesis_G10\data\raw\CMU-MOSEI\segments\jcQi90n008o_003.mp4,data\preprocessed\features\z_at\jcQi90n008o_003.pt,data\preprocessed\features\z_v\jcQi90n008o_003.pt
jcQi90n008o_004,mosei_real,0,mosei_jcQi90n008o_004,,,-1,1,1,1,D:\Documents\Programming\Thesis_G10\data\raw\CMU-MOSEI\segments\jcQi90n008o_004.mp4,data\preprocessed\features\z_at\jcQi90n008o_004.pt,data\preprocessed\features\z_v\jcQi90n008o_004.pt
jcQi90n008o_005,mosei_real,0,mosei_jcQi90n008o_005,,,-1,1,1,1,D:\Documents\Programming\Thesis_G10\data\raw\CMU-MOSEI\segments\jcQi90n008o_005.mp4,data\preprocessed\features\z_at\jcQi90n008o_005.pt,data\preprocessed\features\z_v\jcQi90n008o_005.pt
jcQi90n008o_008,mosei_real,0,mosei_jcQi90n008o_008,,,-1,1,1,1,D:\Documents\Programming\Thesis_G10\data\raw\CMU-MOSEI\segments\jcQi90n008o_008.mp4,data\preprocessed\features\z_at\jcQi90n008o_008.pt,data\preprocessed\features\z_v\jcQi90n008o_008.pt
jcQi90n008o_009,mosei_real,0,mosei_jcQi90n008o_009,,,-1,1,1,1,D:\Documents\Programming\Thesis_G10\data\raw\CMU-MOSEI\segments\jcQi90n008o_009.mp4,data\preprocessed\features\z_at\jcQi90n008o_009.pt,data\preprocessed\features\z_v\jcQi90n008o_009.pt
jcQi90n008o_010,mosei_real,0,mosei_jcQi90n008o_010,,,-1,1,1,1,D:\Documents\Programming\Thesis_G10\data\raw\CMU-MOSEI\segments\jcQi90n008o_010.mp4,data\preprocessed\features\z_at\jcQi90n008o_010.pt,data\preprocessed\features\z_v\jcQi90n008o_010.pt
jcQi90n008o_011,mosei_real,0,mosei_jcQi90n008o_011,,,-1,1,1,1,D:\Documents\Programming\Thesis_G10\data\raw\CMU-MOSEI\segments\jcQi90n008o_011.mp4,data\preprocessed\features\z_at\jcQi90n008o_011.pt,data\preprocessed\features\z_v\jcQi90n008o_011.pt
jcQi90n008o_013,mosei_real,0,mosei_jcQi90n008o_013,,,-1,1,1,1,D:\Documents\Programming\Thesis_G10\data\raw\CMU-MOSEI\segments\jcQi90n008o_013.mp4,data\preprocessed\features\z_at\jcQi90n008o_013.pt,data\preprocessed\features\z_v\jcQi90n008o_013.pt
jcQi90n008o_014,mosei_real,0,mosei_jcQi90n008o_014,,,-1,1,1,1,D:\Documents\Programming\Thesis_G10\data\raw\CMU-MOSEI\segments\jcQi90n008o_014.mp4,data\preprocessed\features\z_at\jcQi90n008o_014.pt,data\preprocessed\features\z_v\jcQi90n008o_014.pt
jcQi90n008o_016,mosei_real,0,mosei_jcQi90n008o_016,,,-1,1,1,1,D:\Documents\Programming\Thesis_G10\data\raw\CMU-MOSEI\segments\jcQi90n008o_016.mp4,data\preprocessed\features\z_at\jcQi90n008o_016.pt,data\preprocessed\features\z_v\jcQi90n008o_016.pt
jcQi90n008o_018,mosei_real,0,mosei_jcQi90n008o_018,,,-1,1,1,1,D:\Documents\Programming\Thesis_G10\data\raw\CMU-MOSEI\segments\jcQi90n008o_018.mp4,data\preprocessed\features\z_at\jcQi90n008o_018.pt,data\preprocessed\features\z_v\jcQi90n008o_018.pt
jcQi90n008o_023,mosei_real,0,mosei_jcQi90n008o_023,,,-1,1,1,1,D:\Documents\Programming\Thesis_G10\data\raw\CMU-MOSEI\segments\jcQi90n008o_023.mp4,data\preprocessed\features\z_at\jcQi90n008o_023.pt,data\preprocessed\features\z_v\jcQi90n008o_023.pt
jcQi90n008o_025,mosei_real,0,mosei_jcQi90n008o_025,,,-1,1,1,1,D:\Documents\Programming\Thesis_G10\data\raw\CMU-MOSEI\segments\jcQi90n008o_025.mp4,data\preprocessed\features\z_at\jcQi90n008o_025.pt,data\preprocessed\features\z_v\jcQi90n008o_025.pt
jfSGWBfVNBI_001,mosei_real,0,mosei_jfSGWBfVNBI_001,,,-1,1,1,1,D:\Documents\Programming\Thesis_G10\data\raw\CMU-MOSEI\segments\jfSGWBfVNBI_001.mp4,data\preprocessed\features\z_at\jfSGWBfVNBI_001.pt,data\preprocessed\features\z_v\jfSGWBfVNBI_001.pt
jj8aSNPHMw8_008,mosei_real,0,mosei_jj8aSNPHMw8_008,,,-1,1,1,1,D:\Documents\Programming\Thesis_G10\data\raw\CMU-MOSEI\segments\jj8aSNPHMw8_008.mp4,data\preprocessed\features\z_at\jj8aSNPHMw8_008.pt,data\preprocessed\features\z_v\jj8aSNPHMw8_008.pt
jjb1cWmkhI8_000,mosei_real,0,mosei_jjb1cWmkhI8_000,,,-1,1,1,1,D:\Documents\Programming\Thesis_G10\data\raw\CMU-MOSEI\segments\jjb1cWmkhI8_000.mp4,data\preprocessed\features\z_at\jjb1cWmkhI8_000.pt,data\preprocessed\features\z_v\jjb1cWmkhI8_000.pt
jjb1cWmkhI8_003,mosei_real,0,mosei_jjb1cWmkhI8_003,,,-1,1,1,1,D:\Documents\Programming\Thesis_G10\data\raw\CMU-MOSEI\segments\jjb1cWmkhI8_003.mp4,data\preprocessed\features\z_at\jjb1cWmkhI8_003.pt,data\preprocessed\features\z_v\jjb1cWmkhI8_003.pt
jjb1cWmkhI8_004,mosei_real,0,mosei_jjb1cWmkhI8_004,,,-1,1,1,1,D:\Documents\Programming\Thesis_G10\data\raw\CMU-MOSEI\segments\jjb1cWmkhI8_004.mp4,data\preprocessed\features\z_at\jjb1cWmkhI8_004.pt,data\preprocessed\features\z_v\jjb1cWmkhI8_004.pt
jjb1cWmkhI8_005,mosei_real,0,mosei_jjb1cWmkhI8_005,,,-1,1,1,1,D:\Documents\Programming\Thesis_G10\data\raw\CMU-MOSEI\segments\jjb1cWmkhI8_005.mp4,data\preprocessed\features\z_at\jjb1cWmkhI8_005.pt,data\preprocessed\features\z_v\jjb1cWmkhI8_005.pt
jlW4Iep4mmE_000,mosei_real,0,mosei_jlW4Iep4mmE_000,,,-1,1,1,1,D:\Documents\Programming\Thesis_G10\data\raw\CMU-MOSEI\segments\jlW4Iep4mmE_000.mp4,data\preprocessed\features\z_at\jlW4Iep4mmE_000.pt,data\preprocessed\features\z_v\jlW4Iep4mmE_000.pt
jnG9zog4NCs_000,mosei_real,0,mosei_jnG9zog4NCs_000,,,-1,1,1,1,D:\Documents\Programming\Thesis_G10\data\raw\CMU-MOSEI\segments\jnG9zog4NCs_000.mp4,data\preprocessed\features\z_at\jnG9zog4NCs_000.pt,data\preprocessed\features\z_v\jnG9zog4NCs_000.pt
jnG9zog4NCs_001,mosei_real,0,mosei_jnG9zog4NCs_001,,,-1,1,1,1,D:\Documents\Programming\Thesis_G10\data\raw\CMU-MOSEI\segments\jnG9zog4NCs_001.mp4,data\preprocessed\features\z_at\jnG9zog4NCs_001.pt,data\preprocessed\features\z_v\jnG9zog4NCs_001.pt
jnG9zog4NCs_002,mosei_real,0,mosei_jnG9zog4NCs_002,,,-1,1,1,1,D:\Documents\Programming\Thesis_G10\data\raw\CMU-MOSEI\segments\jnG9zog4NCs_002.mp4,data\preprocessed\features\z_at\jnG9zog4NCs_002.pt,data\preprocessed\features\z_v\jnG9zog4NCs_002.pt
jnG9zog4NCs_005,mosei_real,0,mosei_jnG9zog4NCs_005,,,-1,1,1,1,D:\Documents\Programming\Thesis_G10\data\raw\CMU-MOSEI\segments\jnG9zog4NCs_005.mp4,data\preprocessed\features\z_at\jnG9zog4NCs_005.pt,data\preprocessed\features\z_v\jnG9zog4NCs_005.pt
jnG9zog4NCs_006,mosei_real,0,mosei_jnG9zog4NCs_006,,,-1,1,1,1,D:\Documents\Programming\Thesis_G10\data\raw\CMU-MOSEI\segments\jnG9zog4NCs_006.mp4,data\preprocessed\features\z_at\jnG9zog4NCs_006.pt,data\preprocessed\features\z_v\jnG9zog4NCs_006.pt
jqKzaEniiKo_000,mosei_real,0,mosei_jqKzaEniiKo_000,,,-1,1,1,1,D:\Documents\Programming\Thesis_G10\data\raw\CMU-MOSEI\segments\jqKzaEniiKo_000.mp4,data\preprocessed\features\z_at\jqKzaEniiKo_000.pt,data\preprocessed\features\z_v\jqKzaEniiKo_000.pt
jqKzaEniiKo_001,mosei_real,0,mosei_jqKzaEniiKo_001,,,-1,1,1,1,D:\Documents\Programming\Thesis_G10\data\raw\CMU-MOSEI\segments\jqKzaEniiKo_001.mp4,data\preprocessed\features\z_at\jqKzaEniiKo_001.pt,data\preprocessed\features\z_v\jqKzaEniiKo_001.pt
jqKzaEniiKo_002,mosei_real,0,mosei_jqKzaEniiKo_002,,,-1,1,1,1,D:\Documents\Programming\Thesis_G10\data\raw\CMU-MOSEI\segments\jqKzaEniiKo_002.mp4,data\preprocessed\features\z_at\jqKzaEniiKo_002.pt,data\preprocessed\features\z_v\jqKzaEniiKo_002.pt
jqKzaEniiKo_004,mosei_real,0,mosei_jqKzaEniiKo_004,,,-1,1,1,1,D:\Documents\Programming\Thesis_G10\data\raw\CMU-MOSEI\segments\jqKzaEniiKo_004.mp4,data\preprocessed\features\z_at\jqKzaEniiKo_004.pt,data\preprocessed\features\z_v\jqKzaEniiKo_004.pt
jqKzaEniiKo_005,mosei_real,0,mosei_jqKzaEniiKo_005,,,-1,1,1,1,D:\Documents\Programming\Thesis_G10\data\raw\CMU-MOSEI\segments\jqKzaEniiKo_005.mp4,data\preprocessed\features\z_at\jqKzaEniiKo_005.pt,data\preprocessed\features\z_v\jqKzaEniiKo_005.pt
jscKL5jS-SQ_000,mosei_real,0,mosei_jscKL5jS-SQ_000,,,-1,1,1,1,D:\Documents\Programming\Thesis_G10\data\raw\CMU-MOSEI\segments\jscKL5jS-SQ_000.mp4,data\preprocessed\features\z_at\jscKL5jS-SQ_000.pt,data\preprocessed\features\z_v\jscKL5jS-SQ_000.pt
jscKL5jS-SQ_002,mosei_real,0,mosei_jscKL5jS-SQ_002,,,-1,1,1,1,D:\Documents\Programming\Thesis_G10\data\raw\CMU-MOSEI\segments\jscKL5jS-SQ_002.mp4,data\preprocessed\features\z_at\jscKL5jS-SQ_002.pt,data\preprocessed\features\z_v\jscKL5jS-SQ_002.pt
jscKL5jS-SQ_004,mosei_real,0,mosei_jscKL5jS-SQ_004,,,-1,1,1,1,D:\Documents\Programming\Thesis_G10\data\raw\CMU-MOSEI\segments\jscKL5jS-SQ_004.mp4,data\preprocessed\features\z_at\jscKL5jS-SQ_004.pt,data\preprocessed\features\z_v\jscKL5jS-SQ_004.pt
jscKL5jS-SQ_005,mosei_real,0,mosei_jscKL5jS-SQ_005,,,-1,1,1,1,D:\Documents\Programming\Thesis_G10\data\raw\CMU-MOSEI\segments\jscKL5jS-SQ_005.mp4,data\preprocessed\features\z_at\jscKL5jS-SQ_005.pt,data\preprocessed\features\z_v\jscKL5jS-SQ_005.pt
jscKL5jS-SQ_008,mosei_real,0,mosei_jscKL5jS-SQ_008,,,-1,1,1,1,D:\Documents\Programming\Thesis_G10\data\raw\CMU-MOSEI\segments\jscKL5jS-SQ_008.mp4,data\preprocessed\features\z_at\jscKL5jS-SQ_008.pt,data\preprocessed\features\z_v\jscKL5jS-SQ_008.pt
jscKL5jS-SQ_010,mosei_real,0,mosei_jscKL5jS-SQ_010,,,-1,1,1,1,D:\Documents\Programming\Thesis_G10\data\raw\CMU-MOSEI\segments\jscKL5jS-SQ_010.mp4,data\preprocessed\features\z_at\jscKL5jS-SQ_010.pt,data\preprocessed\features\z_v\jscKL5jS-SQ_010.pt
jscKL5jS-SQ_011,mosei_real,0,mosei_jscKL5jS-SQ_011,,,-1,1,1,1,D:\Documents\Programming\Thesis_G10\data\raw\CMU-MOSEI\segments\jscKL5jS-SQ_011.mp4,data\preprocessed\features\z_at\jscKL5jS-SQ_011.pt,data\preprocessed\features\z_v\jscKL5jS-SQ_011.pt
juI9KoLA87A_001,mosei_real,0,mosei_juI9KoLA87A_001,,,-1,1,1,1,D:\Documents\Programming\Thesis_G10\data\raw\CMU-MOSEI\segments\juI9KoLA87A_001.mp4,data\preprocessed\features\z_at\juI9KoLA87A_001.pt,data\preprocessed\features\z_v\juI9KoLA87A_001.pt
juI9KoLA87A_002,mosei_real,0,mosei_juI9KoLA87A_002,,,-1,1,1,1,D:\Documents\Programming\Thesis_G10\data\raw\CMU-MOSEI\segments\juI9KoLA87A_002.mp4,data\preprocessed\features\z_at\juI9KoLA87A_002.pt,data\preprocessed\features\z_v\juI9KoLA87A_002.pt
juI9KoLA87A_004,mosei_real,0,mosei_juI9KoLA87A_004,,,-1,1,1,1,D:\Documents\Programming\Thesis_G10\data\raw\CMU-MOSEI\segments\juI9KoLA87A_004.mp4,data\preprocessed\features\z_at\juI9KoLA87A_004.pt,data\preprocessed\features\z_v\juI9KoLA87A_004.pt
juI9KoLA87A_005,mosei_real,0,mosei_juI9KoLA87A_005,,,-1,1,1,1,D:\Documents\Programming\Thesis_G10\data\raw\CMU-MOSEI\segments\juI9KoLA87A_005.mp4,data\preprocessed\features\z_at\juI9KoLA87A_005.pt,data\preprocessed\features\z_v\juI9KoLA87A_005.pt
juI9KoLA87A_008,mosei_real,0,mosei_juI9KoLA87A_008,,,-1,1,1,1,D:\Documents\Programming\Thesis_G10\data\raw\CMU-MOSEI\segments\juI9KoLA87A_008.mp4,data\preprocessed\features\z_at\juI9KoLA87A_008.pt,data\preprocessed\features\z_v\juI9KoLA87A_008.pt
juI9KoLA87A_009,mosei_real,0,mosei_juI9KoLA87A_009,,,-1,1,1,1,D:\Documents\Programming\Thesis_G10\data\raw\CMU-MOSEI\segments\juI9KoLA87A_009.mp4,data\preprocessed\features\z_at\juI9KoLA87A_009.pt,data\preprocessed\features\z_v\juI9KoLA87A_009.pt
juI9KoLA87A_010,mosei_real,0,mosei_juI9KoLA87A_010,,,-1,1,1,1,D:\Documents\Programming\Thesis_G10\data\raw\CMU-MOSEI\segments\juI9KoLA87A_010.mp4,data\preprocessed\features\z_at\juI9KoLA87A_010.pt,data\preprocessed\features\z_v\juI9KoLA87A_010.pt
juI9KoLA87A_011,mosei_real,0,mosei_juI9KoLA87A_011,,,-1,1,1,1,D:\Documents\Programming\Thesis_G10\data\raw\CMU-MOSEI\segments\juI9KoLA87A_011.mp4,data\preprocessed\features\z_at\juI9KoLA87A_011.pt,data\preprocessed\features\z_v\juI9KoLA87A_011.pt
juI9KoLA87A_013,mosei_real,0,mosei_juI9KoLA87A_013,,,-1,1,1,1,D:\Documents\Programming\Thesis_G10\data\raw\CMU-MOSEI\segments\juI9KoLA87A_013.mp4,data\preprocessed\features\z_at\juI9KoLA87A_013.pt,data\preprocessed\features\z_v\juI9KoLA87A_013.pt
jzNIU-w0MVo_001,mosei_real,0,mosei_jzNIU-w0MVo_001,,,-1,1,1,1,D:\Documents\Programming\Thesis_G10\data\raw\CMU-MOSEI\segments\jzNIU-w0MVo_001.mp4,data\preprocessed\features\z_at\jzNIU-w0MVo_001.pt,data\preprocessed\features\z_v\jzNIU-w0MVo_001.pt
jzNIU-w0MVo_002,mosei_real,0,mosei_jzNIU-w0MVo_002,,,-1,1,1,1,D:\Documents\Programming\Thesis_G10\data\raw\CMU-MOSEI\segments\jzNIU-w0MVo_002.mp4,data\preprocessed\features\z_at\jzNIU-w0MVo_002.pt,data\preprocessed\features\z_v\jzNIU-w0MVo_002.pt
jzNIU-w0MVo_007,mosei_real,0,mosei_jzNIU-w0MVo_007,,,-1,1,1,1,D:\Documents\Programming\Thesis_G10\data\raw\CMU-MOSEI\segments\jzNIU-w0MVo_007.mp4,data\preprocessed\features\z_at\jzNIU-w0MVo_007.pt,data\preprocessed\features\z_v\jzNIU-w0MVo_007.pt
k0cGUNUHuyY_000,mosei_real,0,mosei_k0cGUNUHuyY_000,,,-1,1,1,1,D:\Documents\Programming\Thesis_G10\data\raw\CMU-MOSEI\segments\k0cGUNUHuyY_000.mp4,data\preprocessed\features\z_at\k0cGUNUHuyY_000.pt,data\preprocessed\features\z_v\k0cGUNUHuyY_000.pt
k1BrzX5bc7U_000,mosei_real,0,mosei_k1BrzX5bc7U_000,,,-1,1,1,1,D:\Documents\Programming\Thesis_G10\data\raw\CMU-MOSEI\segments\k1BrzX5bc7U_000.mp4,data\preprocessed\features\z_at\k1BrzX5bc7U_000.pt,data\preprocessed\features\z_v\k1BrzX5bc7U_000.pt
k1BrzX5bc7U_001,mosei_real,0,mosei_k1BrzX5bc7U_001,,,-1,1,1,1,D:\Documents\Programming\Thesis_G10\data\raw\CMU-MOSEI\segments\k1BrzX5bc7U_001.mp4,data\preprocessed\features\z_at\k1BrzX5bc7U_001.pt,data\preprocessed\features\z_v\k1BrzX5bc7U_001.pt
k1BrzX5bc7U_002,mosei_real,0,mosei_k1BrzX5bc7U_002,,,-1,1,1,1,D:\Documents\Programming\Thesis_G10\data\raw\CMU-MOSEI\segments\k1BrzX5bc7U_002.mp4,data\preprocessed\features\z_at\k1BrzX5bc7U_002.pt,data\preprocessed\features\z_v\k1BrzX5bc7U_002.pt
k4T6GaDrcjs_001,mosei_real,0,mosei_k4T6GaDrcjs_001,,,-1,1,1,1,D:\Documents\Programming\Thesis_G10\data\raw\CMU-MOSEI\segments\k4T6GaDrcjs_001.mp4,data\preprocessed\features\z_at\k4T6GaDrcjs_001.pt,data\preprocessed\features\z_v\k4T6GaDrcjs_001.pt
k4T6GaDrcjs_002,mosei_real,0,mosei_k4T6GaDrcjs_002,,,-1,1,1,1,D:\Documents\Programming\Thesis_G10\data\raw\CMU-MOSEI\segments\k4T6GaDrcjs_002.mp4,data\preprocessed\features\z_at\k4T6GaDrcjs_002.pt,data\preprocessed\features\z_v\k4T6GaDrcjs_002.pt
k4T6GaDrcjs_003,mosei_real,0,mosei_k4T6GaDrcjs_003,,,-1,1,1,1,D:\Documents\Programming\Thesis_G10\data\raw\CMU-MOSEI\segments\k4T6GaDrcjs_003.mp4,data\preprocessed\features\z_at\k4T6GaDrcjs_003.pt,data\preprocessed\features\z_v\k4T6GaDrcjs_003.pt
k4T6GaDrcjs_004,mosei_real,0,mosei_k4T6GaDrcjs_004,,,-1,1,1,1,D:\Documents\Programming\Thesis_G10\data\raw\CMU-MOSEI\segments\k4T6GaDrcjs_004.mp4,data\preprocessed\features\z_at\k4T6GaDrcjs_004.pt,data\preprocessed\features\z_v\k4T6GaDrcjs_004.pt
k4T6GaDrcjs_005,mosei_real,0,mosei_k4T6GaDrcjs_005,,,-1,1,1,1,D:\Documents\Programming\Thesis_G10\data\raw\CMU-MOSEI\segments\k4T6GaDrcjs_005.mp4,data\preprocessed\features\z_at\k4T6GaDrcjs_005.pt,data\preprocessed\features\z_v\k4T6GaDrcjs_005.pt
k4T6GaDrcjs_006,mosei_real,0,mosei_k4T6GaDrcjs_006,,,-1,1,1,1,D:\Documents\Programming\Thesis_G10\data\raw\CMU-MOSEI\segments\k4T6GaDrcjs_006.mp4,data\preprocessed\features\z_at\k4T6GaDrcjs_006.pt,data\preprocessed\features\z_v\k4T6GaDrcjs_006.pt
k4T6GaDrcjs_007,mosei_real,0,mosei_k4T6GaDrcjs_007,,,-1,1,1,1,D:\Documents\Programming\Thesis_G10\data\raw\CMU-MOSEI\segments\k4T6GaDrcjs_007.mp4,data\preprocessed\features\z_at\k4T6GaDrcjs_007.pt,data\preprocessed\features\z_v\k4T6GaDrcjs_007.pt
k4T6GaDrcjs_008,mosei_real,0,mosei_k4T6GaDrcjs_008,,,-1,1,1,1,D:\Documents\Programming\Thesis_G10\data\raw\CMU-MOSEI\segments\k4T6GaDrcjs_008.mp4,data\preprocessed\features\z_at\k4T6GaDrcjs_008.pt,data\preprocessed\features\z_v\k4T6GaDrcjs_008.pt
k4T6GaDrcjs_009,mosei_real,0,mosei_k4T6GaDrcjs_009,,,-1,1,1,1,D:\Documents\Programming\Thesis_G10\data\raw\CMU-MOSEI\segments\k4T6GaDrcjs_009.mp4,data\preprocessed\features\z_at\k4T6GaDrcjs_009.pt,data\preprocessed\features\z_v\k4T6GaDrcjs_009.pt
k4T6GaDrcjs_010,mosei_real,0,mosei_k4T6GaDrcjs_010,,,-1,1,1,1,D:\Documents\Programming\Thesis_G10\data\raw\CMU-MOSEI\segments\k4T6GaDrcjs_010.mp4,data\preprocessed\features\z_at\k4T6GaDrcjs_010.pt,data\preprocessed\features\z_v\k4T6GaDrcjs_010.pt
k5-3KuvCFms_000,mosei_real,0,mosei_k5-3KuvCFms_000,,,-1,1,1,1,D:\Documents\Programming\Thesis_G10\data\raw\CMU-MOSEI\segments\k5-3KuvCFms_000.mp4,data\preprocessed\features\z_at\k5-3KuvCFms_000.pt,data\preprocessed\features\z_v\k5-3KuvCFms_000.pt
k8NgVOCDYKM_001,mosei_real,0,mosei_k8NgVOCDYKM_001,,,-1,1,1,1,D:\Documents\Programming\Thesis_G10\data\raw\CMU-MOSEI\segments\k8NgVOCDYKM_001.mp4,data\preprocessed\features\z_at\k8NgVOCDYKM_001.pt,data\preprocessed\features\z_v\k8NgVOCDYKM_001.pt
k8NgVOCDYKM_005,mosei_real,0,mosei_k8NgVOCDYKM_005,,,-1,1,1,1,D:\Documents\Programming\Thesis_G10\data\raw\CMU-MOSEI\segments\k8NgVOCDYKM_005.mp4,data\preprocessed\features\z_at\k8NgVOCDYKM_005.pt,data\preprocessed\features\z_v\k8NgVOCDYKM_005.pt
k8NgVOCDYKM_006,mosei_real,0,mosei_k8NgVOCDYKM_006,,,-1,1,1,1,D:\Documents\Programming\Thesis_G10\data\raw\CMU-MOSEI\segments\k8NgVOCDYKM_006.mp4,data\preprocessed\features\z_at\k8NgVOCDYKM_006.pt,data\preprocessed\features\z_v\k8NgVOCDYKM_006.pt
