clip_id,source_pipeline,fake_label,speaker_id,audio_emotion,visual_emotion,sarcasm_label,has_z_at,has_z_v,is_ready_for_training,video_path,z_at_path,z_v_path
TxRS6vJ9ak0_006,mosei_real,0,mosei_TxRS6vJ9ak0_006,,,-1,1,1,1,D:\Documents\Programming\Thesis_G10\data\raw\CMU-MOSEI\segments\TxRS6vJ9ak0_006.mp4,data\preprocessed\features\z_at\TxRS6vJ9ak0_006.pt,data\preprocessed\features\z_v\TxRS6vJ9ak0_006.pt
TxRtSItpGMo_000,mosei_real,0,mosei_TxRtSItpGMo_000,,,-1,1,1,1,D:\Documents\Programming\Thesis_G10\data\raw\CMU-MOSEI\segments\TxRtSItpGMo_000.mp4,data\preprocessed\features\z_at\TxRtSItpGMo_000.pt,data\preprocessed\features\z_v\TxRtSItpGMo_000.pt
U-KihZeIfKI_000,mosei_real,0,mosei_U-KihZeIfKI_000,,,-1,1,1,1,D:\Documents\Programming\Thesis_G10\data\raw\CMU-MOSEI\segments\U-KihZeIfKI_000.mp4,data\preprocessed\features\z_at\U-KihZeIfKI_000.pt,data\preprocessed\features\z_v\U-KihZeIfKI_000.pt
U-KihZeIfKI_001,mosei_real,0,mosei_U-KihZeIfKI_001,,,-1,1,1,1,D:\Documents\Programming\Thesis_G10\data\raw\CMU-MOSEI\segments\U-KihZeIfKI_001.mp4,data\preprocessed\features\z_at\U-KihZeIfKI_001.pt,data\preprocessed\features\z_v\U-KihZeIfKI_001.pt
U-KihZeIfKI_002,mosei_real,0,mosei_U-KihZeIfKI_002,,,-1,1,1,1,D:\Documents\Programming\Thesis_G10\data\raw\CMU-MOSEI\segments\U-KihZeIfKI_002.mp4,data\preprocessed\features\z_at\U-KihZeIfKI_002.pt,data\preprocessed\features\z_v\U-KihZeIfKI_002.pt
U-KihZeIfKI_005,mosei_real,0,mosei_U-KihZeIfKI_005,,,-1,1,1,1,D:\Documents\Programming\Thesis_G10\data\raw\CMU-MOSEI\segments\U-KihZeIfKI_005.mp4,data\preprocessed\features\z_at\U-KihZeIfKI_005.pt,data\preprocessed\features\z_v\U-KihZeIfKI_005.pt
U-KihZeIfKI_006,mosei_real,0,mosei_U-KihZeIfKI_006,,,-1,1,1,1,D:\Documents\Programming\Thesis_G10\data\raw\CMU-MOSEI\segments\U-KihZeIfKI_006.mp4,data\preprocessed\features\z_at\U-KihZeIfKI_006.pt,data\preprocessed\features\z_v\U-KihZeIfKI_006.pt
U-KihZeIfKI_008,mosei_real,0,mosei_U-KihZeIfKI_008,,,-1,1,1,1,D:\Documents\Programming\Thesis_G10\data\raw\CMU-MOSEI\segments\U-KihZeIfKI_008.mp4,data\preprocessed\features\z_at\U-KihZeIfKI_008.pt,data\preprocessed\features\z_v\U-KihZeIfKI_008.pt
U-KihZeIfKI_014,mosei_real,0,mosei_U-KihZeIfKI_014,,,-1,1,1,1,D:\Documents\Programming\Thesis_G10\data\raw\CMU-MOSEI\segments\U-KihZeIfKI_014.mp4,data\preprocessed\features\z_at\U-KihZeIfKI_014.pt,data\preprocessed\features\z_v\U-KihZeIfKI_014.pt
U-KihZeIfKI_015,mosei_real,0,mosei_U-KihZeIfKI_015,,,-1,1,1,1,D:\Documents\Programming\Thesis_G10\data\raw\CMU-MOSEI\segments\U-KihZeIfKI_015.mp4,data\preprocessed\features\z_at\U-KihZeIfKI_015.pt,data\preprocessed\features\z_v\U-KihZeIfKI_015.pt
U-KihZeIfKI_016,mosei_real,0,mosei_U-KihZeIfKI_016,,,-1,1,1,1,D:\Documents\Programming\Thesis_G10\data\raw\CMU-MOSEI\segments\U-KihZeIfKI_016.mp4,data\preprocessed\features\z_at\U-KihZeIfKI_016.pt,data\preprocessed\features\z_v\U-KihZeIfKI_016.pt
U-KihZeIfKI_017,mosei_real,0,mosei_U-KihZeIfKI_017,,,-1,1,1,1,D:\Documents\Programming\Thesis_G10\data\raw\CMU-MOSEI\segments\U-KihZeIfKI_017.mp4,data\preprocessed\features\z_at\U-KihZeIfKI_017.pt,data\preprocessed\features\z_v\U-KihZeIfKI_017.pt
U-KihZeIfKI_018,mosei_real,0,mosei_U-KihZeIfKI_018,,,-1,1,1,1,D:\Documents\Programming\Thesis_G10\data\raw\CMU-MOSEI\segments\U-KihZeIfKI_018.mp4,data\preprocessed\features\z_at\U-KihZeIfKI_018.pt,data\preprocessed\features\z_v\U-KihZeIfKI_018.pt
U-KihZeIfKI_020,mosei_real,0,mosei_U-KihZeIfKI_020,,,-1,1,1,1,D:\Documents\Programming\Thesis_G10\data\raw\CMU-MOSEI\segments\U-KihZeIfKI_020.mp4,data\preprocessed\features\z_at\U-KihZeIfKI_020.pt,data\preprocessed\features\z_v\U-KihZeIfKI_020.pt
U-KihZeIfKI_023,mosei_real,0,mosei_U-KihZeIfKI_023,,,-1,1,1,1,D:\Documents\Programming\Thesis_G10\data\raw\CMU-MOSEI\segments\U-KihZeIfKI_023.mp4,data\preprocessed\features\z_at\U-KihZeIfKI_023.pt,data\preprocessed\features\z_v\U-KihZeIfKI_023.pt
U2Ydtq6qvL0_002,mosei_real,0,mosei_U2Ydtq6qvL0_002,,,-1,1,1,1,D:\Documents\Programming\Thesis_G10\data\raw\CMU-MOSEI\segments\U2Ydtq6qvL0_002.mp4,data\preprocessed\features\z_at\U2Ydtq6qvL0_002.pt,data\preprocessed\features\z_v\U2Ydtq6qvL0_002.pt
U8VYG_g6yVE_003,mosei_real,0,mosei_U8VYG_g6yVE_003,,,-1,1,1,1,D:\Documents\Programming\Thesis_G10\data\raw\CMU-MOSEI\segments\U8VYG_g6yVE_003.mp4,data\preprocessed\features\z_at\U8VYG_g6yVE_003.pt,data\preprocessed\features\z_v\U8VYG_g6yVE_003.pt
UF9OlX-QNHU_001,mosei_real,0,mosei_UF9OlX-QNHU_001,,,-1,1,1,1,D:\Documents\Programming\Thesis_G10\data\raw\CMU-MOSEI\segments\UF9OlX-QNHU_001.mp4,data\preprocessed\features\z_at\UF9OlX-QNHU_001.pt,data\preprocessed\features\z_v\UF9OlX-QNHU_001.pt
UKVwc6I06x8_000,mosei_real,0,mosei_UKVwc6I06x8_000,,,-1,1,1,1,D:\Documents\Programming\Thesis_G10\data\raw\CMU-MOSEI\segments\UKVwc6I06x8_000.mp4,data\preprocessed\features\z_at\UKVwc6I06x8_000.pt,data\preprocessed\features\z_v\UKVwc6I06x8_000.pt
UKVwc6I06x8_001,mosei_real,0,mosei_UKVwc6I06x8_001,,,-1,1,1,1,D:\Documents\Programming\Thesis_G10\data\raw\CMU-MOSEI\segments\UKVwc6I06x8_001.mp4,data\preprocessed\features\z_at\UKVwc6I06x8_001.pt,data\preprocessed\features\z_v\UKVwc6I06x8_001.pt
UK_IXtJ2BqI_000,mosei_real,0,mosei_UK_IXtJ2BqI_000,,,-1,1,1,1,D:\Documents\Programming\Thesis_G10\data\raw\CMU-MOSEI\segments\UK_IXtJ2BqI_000.mp4,data\preprocessed\features\z_at\UK_IXtJ2BqI_000.pt,data\preprocessed\features\z_v\UK_IXtJ2BqI_000.pt
UK_IXtJ2BqI_001,mosei_real,0,mosei_UK_IXtJ2BqI_001,,,-1,1,1,1,D:\Documents\Programming\Thesis_G10\data\raw\CMU-MOSEI\segments\UK_IXtJ2BqI_001.mp4,data\preprocessed\features\z_at\UK_IXtJ2BqI_001.pt,data\preprocessed\features\z_v\UK_IXtJ2BqI_001.pt
UK_IXtJ2BqI_004,mosei_real,0,mosei_UK_IXtJ2BqI_004,,,-1,1,1,1,D:\Documents\Programming\Thesis_G10\data\raw\CMU-MOSEI\segments\UK_IXtJ2BqI_004.mp4,data\preprocessed\features\z_at\UK_IXtJ2BqI_004.pt,data\preprocessed\features\z_v\UK_IXtJ2BqI_004.pt
UK_IXtJ2BqI_005,mosei_real,0,mosei_UK_IXtJ2BqI_005,,,-1,1,1,1,D:\Documents\Programming\Thesis_G10\data\raw\CMU-MOSEI\segments\UK_IXtJ2BqI_005.mp4,data\preprocessed\features\z_at\UK_IXtJ2BqI_005.pt,data\preprocessed\features\z_v\UK_IXtJ2BqI_005.pt
UK_IXtJ2BqI_006,mosei_real,0,mosei_UK_IXtJ2BqI_006,,,-1,1,1,1,D:\Documents\Programming\Thesis_G10\data\raw\CMU-MOSEI\segments\UK_IXtJ2BqI_006.mp4,data\preprocessed\features\z_at\UK_IXtJ2BqI_006.pt,data\preprocessed\features\z_v\UK_IXtJ2BqI_006.pt
UK_IXtJ2BqI_007,mosei_real,0,mosei_UK_IXtJ2BqI_007,,,-1,1,1,1,D:\Documents\Programming\Thesis_G10\data\raw\CMU-MOSEI\segments\UK_IXtJ2BqI_007.mp4,data\preprocessed\features\z_at\UK_IXtJ2BqI_007.pt,data\preprocessed\features\z_v\UK_IXtJ2BqI_007.pt
UK_IXtJ2BqI_008,mosei_real,0,mosei_UK_IXtJ2BqI_008,,,-1,1,1,1,D:\Documents\Programming\Thesis_G10\data\raw\CMU-MOSEI\segments\UK_IXtJ2BqI_008.mp4,data\preprocessed\features\z_at\UK_IXtJ2BqI_008.pt,data\preprocessed\features\z_v\UK_IXtJ2BqI_008.pt
UK_IXtJ2BqI_010,mosei_real,0,mosei_UK_IXtJ2BqI_010,,,-1,1,1,1,D:\Documents\Programming\Thesis_G10\data\raw\CMU-MOSEI\segments\UK_IXtJ2BqI_010.mp4,data\preprocessed\features\z_at\UK_IXtJ2BqI_010.pt,data\preprocessed\features\z_v\UK_IXtJ2BqI_010.pt
UK_IXtJ2BqI_011,mosei_real,0,mosei_UK_IXtJ2BqI_011,,,-1,1,1,1,D:\Documents\Programming\Thesis_G10\data\raw\CMU-MOSEI\segments\UK_IXtJ2BqI_011.mp4,data\preprocessed\features\z_at\UK_IXtJ2BqI_011.pt,data\preprocessed\features\z_v\UK_IXtJ2BqI_011.pt
UK_IXtJ2BqI_012,mosei_real,0,mosei_UK_IXtJ2BqI_012,,,-1,1,1,1,D:\Documents\Programming\Thesis_G10\data\raw\CMU-MOSEI\segments\UK_IXtJ2BqI_012.mp4,data\preprocessed\features\z_at\UK_IXtJ2BqI_012.pt,data\preprocessed\features\z_v\UK_IXtJ2BqI_012.pt
UK_IXtJ2BqI_013,mosei_real,0,mosei_UK_IXtJ2BqI_013,,,-1,1,1,1,D:\Documents\Programming\Thesis_G10\data\raw\CMU-MOSEI\segments\UK_IXtJ2BqI_013.mp4,data\preprocessed\features\z_at\UK_IXtJ2BqI_013.pt,data\preprocessed\features\z_v\UK_IXtJ2BqI_013.pt
UK_IXtJ2BqI_014,mosei_real,0,mosei_UK_IXtJ2BqI_014,,,-1,1,1,1,D:\Documents\Programming\Thesis_G10\data\raw\CMU-MOSEI\segments\UK_IXtJ2BqI_014.mp4,data\preprocessed\features\z_at\UK_IXtJ2BqI_014.pt,data\preprocessed\features\z_v\UK_IXtJ2BqI_014.pt
UK_IXtJ2BqI_015,mosei_real,0,mosei_UK_IXtJ2BqI_015,,,-1,1,1,1,D:\Documents\Programming\Thesis_G10\data\raw\CMU-MOSEI\segments\UK_IXtJ2BqI_015.mp4,data\preprocessed\features\z_at\UK_IXtJ2BqI_015.pt,data\preprocessed\features\z_v\UK_IXtJ2BqI_015.pt
UK_IXtJ2BqI_016,mosei_real,0,mosei_UK_IXtJ2BqI_016,,,-1,1,1,1,D:\Documents\Programming\Thesis_G10\data\raw\CMU-MOSEI\segments\UK_IXtJ2BqI_016.mp4,data\preprocessed\features\z_at\UK_IXtJ2BqI_016.pt,data\preprocessed\features\z_v\UK_IXtJ2BqI_016.pt
UK_IXtJ2BqI_017,mosei_real,0,mosei_UK_IXtJ2BqI_017,,,-1,1,1,1,D:\Documents\Programming\Thesis_G10\data\raw\CMU-MOSEI\segments\UK_IXtJ2BqI_017.mp4,data\preprocessed\features\z_at\UK_IXtJ2BqI_017.pt,data\preprocessed\features\z_v\UK_IXtJ2BqI_017.pt
ULkFbie8g-I_000,mosei_real,0,mosei_ULkFbie8g-I_000,,,-1,1,1,1,D:\Documents\Programming\Thesis_G10\data\raw\CMU-MOSEI\segments\ULkFbie8g-I_000.mp4,data\preprocessed\features\z_at\ULkFbie8g-I_000.pt,data\preprocessed\features\z_v\ULkFbie8g-I_000.pt
ULtBuI6nMaY_005,mosei_real,0,mosei_ULtBuI6nMaY_005,,,-1,1,1,1,D:\Documents\Programming\Thesis_G10\data\raw\CMU-MOSEI\segments\ULtBuI6nMaY_005.mp4,data\preprocessed\features\z_at\ULtBuI6nMaY_005.pt,data\preprocessed\features\z_v\ULtBuI6nMaY_005.pt
UPghCarcnMc_001,mosei_real,0,mosei_UPghCarcnMc_001,,,-1,1,1,1,D:\Documents\Programming\Thesis_G10\data\raw\CMU-MOSEI\segments\UPghCarcnMc_001.mp4,data\preprocessed\features\z_at\UPghCarcnMc_001.pt,data\preprocessed\features\z_v\UPghCarcnMc_001.pt
UTNP1roJV3I_000,mosei_real,0,mosei_UTNP1roJV3I_000,,,-1,1,1,1,D:\Documents\Programming\Thesis_G10\data\raw\CMU-MOSEI\segments\UTNP1roJV3I_000.mp4,data\preprocessed\features\z_at\UTNP1roJV3I_000.pt,data\preprocessed\features\z_v\UTNP1roJV3I_000.pt
UTNP1roJV3I_001,mosei_real,0,mosei_UTNP1roJV3I_001,,,-1,1,1,1,D:\Documents\Programming\Thesis_G10\data\raw\CMU-MOSEI\segments\UTNP1roJV3I_001.mp4,data\preprocessed\features\z_at\UTNP1roJV3I_001.pt,data\preprocessed\features\z_v\UTNP1roJV3I_001.pt
UTNP1roJV3I_003,mosei_real,0,mosei_UTNP1roJV3I_003,,,-1,1,1,1,D:\Documents\Programming\Thesis_G10\data\raw\CMU-MOSEI\segments\UTNP1roJV3I_003.mp4,data\preprocessed\features\z_at\UTNP1roJV3I_003.pt,data\preprocessed\features\z_v\UTNP1roJV3I_003.pt
UTNP1roJV3I_004,mosei_real,0,mosei_UTNP1roJV3I_004,,,-1,1,1,1,D:\Documents\Programming\Thesis_G10\data\raw\CMU-MOSEI\segments\UTNP1roJV3I_004.mp4,data\preprocessed\features\z_at\UTNP1roJV3I_004.pt,data\preprocessed\features\z_v\UTNP1roJV3I_004.pt
UUukBV82P9A_000,mosei_real,0,mosei_UUukBV82P9A_000,,,-1,1,1,1,D:\Documents\Programming\Thesis_G10\data\raw\CMU-MOSEI\segments\UUukBV82P9A_000.mp4,data\preprocessed\features\z_at\UUukBV82P9A_000.pt,data\preprocessed\features\z_v\UUukBV82P9A_000.pt
UUukBV82P9A_001,mosei_real,0,mosei_UUukBV82P9A_001,,,-1,1,1,1,D:\Documents\Programming\Thesis_G10\data\raw\CMU-MOSEI\segments\UUukBV82P9A_001.mp4,data\preprocessed\features\z_at\UUukBV82P9A_001.pt,data\preprocessed\features\z_v\UUukBV82P9A_001.pt
UUukBV82P9A_003,mosei_real,0,mosei_UUukBV82P9A_003,,,-1,1,1,1,D:\Documents\Programming\Thesis_G10\data\raw\CMU-MOSEI\segments\UUukBV82P9A_003.mp4,data\preprocessed\features\z_at\UUukBV82P9A_003.pt,data\preprocessed\features\z_v\UUukBV82P9A_003.pt
UUukBV82P9A_006,mosei_real,0,mosei_UUukBV82P9A_006,,,-1,1,1,1,D:\Documents\Programming\Thesis_G10\data\raw\CMU-MOSEI\segments\UUukBV82P9A_006.mp4,data\preprocessed\features\z_at\UUukBV82P9A_006.pt,data\preprocessed\features\z_v\UUukBV82P9A_006.pt
UUukBV82P9A_007,mosei_real,0,mosei_UUukBV82P9A_007,,,-1,1,1,1,D:\Documents\Programming\Thesis_G10\data\raw\CMU-MOSEI\segments\UUukBV82P9A_007.mp4,data\preprocessed\features\z_at\UUukBV82P9A_007.pt,data\preprocessed\features\z_v\UUukBV82P9A_007.pt
UUukBV82P9A_008,mosei_real,0,mosei_UUukBV82P9A_008,,,-1,1,1,1,D:\Documents\Programming\Thesis_G10\data\raw\CMU-MOSEI\segments\UUukBV82P9A_008.mp4,data\preprocessed\features\z_at\UUukBV82P9A_008.pt,data\preprocessed\features\z_v\UUukBV82P9A_008.pt
UUukBV82P9A_010,mosei_real,0,mosei_UUukBV82P9A_010,,,-1,1,1,1,D:\Documents\Programming\Thesis_G10\data\raw\CMU-MOSEI\segments\UUukBV82P9A_010.mp4,data\preprocessed\features\z_at\UUukBV82P9A_010.pt,data\preprocessed\features\z_v\UUukBV82P9A_010.pt
UXvMaHD9kmA_000,mosei_real,0,mosei_UXvMaHD9kmA_000,,,-1,1,1,1,D:\Documents\Programming\Thesis_G10\data\raw\CMU-MOSEI\segments\UXvMaHD9kmA_000.mp4,data\preprocessed\features\z_at\UXvMaHD9kmA_000.pt,data\preprocessed\features\z_v\UXvMaHD9kmA_000.pt
UXvMaHD9kmA_003,mosei_real,0,mosei_UXvMaHD9kmA_003,,,-1,1,1,1,D:\Documents\Programming\Thesis_G10\data\raw\CMU-MOSEI\segments\UXvMaHD9kmA_003.mp4,data\preprocessed\features\z_at\UXvMaHD9kmA_003.pt,data\preprocessed\features\z_v\UXvMaHD9kmA_003.pt
UXvMaHD9kmA_004,mosei_real,0,mosei_UXvMaHD9kmA_004,,,-1,1,1,1,D:\Documents\Programming\Thesis_G10\data\raw\CMU-MOSEI\segments\UXvMaHD9kmA_004.mp4,data\preprocessed\features\z_at\UXvMaHD9kmA_004.pt,data\preprocessed\features\z_v\UXvMaHD9kmA_004.pt
UXvMaHD9kmA_010,mosei_real,0,mosei_UXvMaHD9kmA_010,,,-1,1,1,1,D:\Documents\Programming\Thesis_G10\data\raw\CMU-MOSEI\segments\UXvMaHD9kmA_010.mp4,data\preprocessed\features\z_at\UXvMaHD9kmA_010.pt,data\preprocessed\features\z_v\UXvMaHD9kmA_010.pt
UXvMaHD9kmA_012,mosei_real,0,mosei_UXvMaHD9kmA_012,,,-1,1,1,1,D:\Documents\Programming\Thesis_G10\data\raw\CMU-MOSEI\segments\UXvMaHD9kmA_012.mp4,data\preprocessed\features\z_at\UXvMaHD9kmA_012.pt,data\preprocessed\features\z_v\UXvMaHD9kmA_012.pt
UXvMaHD9kmA_014,mosei_real,0,mosei_UXvMaHD9kmA_014,,,-1,1,1,1,D:\Documents\Programming\Thesis_G10\data\raw\CMU-MOSEI\segments\UXvMaHD9kmA_014.mp4,data\preprocessed\features\z_at\UXvMaHD9kmA_014.pt,data\preprocessed\features\z_v\UXvMaHD9kmA_014.pt
Ua4g9q0r-dI_000,mosei_real,0,mosei_Ua4g9q0r-dI_000,,,-1,1,1,1,D:\Documents\Programming\Thesis_G10\data\raw\CMU-MOSEI\segments\Ua4g9q0r-dI_000.mp4,data\preprocessed\features\z_at\Ua4g9q0r-dI_000.pt,data\preprocessed\features\z_v\Ua4g9q0r-dI_000.pt
Ua4g9q0r-dI_001,mosei_real,0,mosei_Ua4g9q0r-dI_001,,,-1,1,1,1,D:\Documents\Programming\Thesis_G10\data\raw\CMU-MOSEI\segments\Ua4g9q0r-dI_001.mp4,data\preprocessed\features\z_at\Ua4g9q0r-dI_001.pt,data\preprocessed\features\z_v\Ua4g9q0r-dI_001.pt
Ua4g9q0r-dI_003,mosei_real,0,mosei_Ua4g9q0r-dI_003,,,-1,1,1,1,D:\Documents\Programming\Thesis_G10\data\raw\CMU-MOSEI\segments\Ua4g9q0r-dI_003.mp4,data\preprocessed\features\z_at\Ua4g9q0r-dI_003.pt,data\preprocessed\features\z_v\Ua4g9q0r-dI_003.pt
Ua4g9q0r-dI_007,mosei_real,0,mosei_Ua4g9q0r-dI_007,,,-1,1,1,1,D:\Documents\Programming\Thesis_G10\data\raw\CMU-MOSEI\segments\Ua4g9q0r-dI_007.mp4,data\preprocessed\features\z_at\Ua4g9q0r-dI_007.pt,data\preprocessed\features\z_v\Ua4g9q0r-dI_007.pt
Ua4g9q0r-dI_008,mosei_real,0,mosei_Ua4g9q0r-dI_008,,,-1,1,1,1,D:\Documents\Programming\Thesis_G10\data\raw\CMU-MOSEI\segments\Ua4g9q0r-dI_008.mp4,data\preprocessed\features\z_at\Ua4g9q0r-dI_008.pt,data\preprocessed\features\z_v\Ua4g9q0r-dI_008.pt
Ua4g9q0r-dI_009,mosei_real,0,mosei_Ua4g9q0r-dI_009,,,-1,1,1,1,D:\Documents\Programming\Thesis_G10\data\raw\CMU-MOSEI\segments\Ua4g9q0r-dI_009.mp4,data\preprocessed\features\z_at\Ua4g9q0r-dI_009.pt,data\preprocessed\features\z_v\Ua4g9q0r-dI_009.pt
Ua4g9q0r-dI_010,mosei_real,0,mosei_Ua4g9q0r-dI_010,,,-1,1,1,1,D:\Documents\Programming\Thesis_G10\data\raw\CMU-MOSEI\segments\Ua4g9q0r-dI_010.mp4,data\preprocessed\features\z_at\Ua4g9q0r-dI_010.pt,data\preprocessed\features\z_v\Ua4g9q0r-dI_010.pt
Ua4g9q0r-dI_011,mosei_real,0,mosei_Ua4g9q0r-dI_011,,,-1,1,1,1,D:\Documents\Programming\Thesis_G10\data\raw\CMU-MOSEI\segments\Ua4g9q0r-dI_011.mp4,data\preprocessed\features\z_at\Ua4g9q0r-dI_011.pt,data\preprocessed\features\z_v\Ua4g9q0r-dI_011.pt
Ua4g9q0r-dI_012,mosei_real,0,mosei_Ua4g9q0r-dI_012,,,-1,1,1,1,D:\Documents\Programming\Thesis_G10\data\raw\CMU-MOSEI\segments\Ua4g9q0r-dI_012.mp4,data\preprocessed\features\z_at\Ua4g9q0r-dI_012.pt,data\preprocessed\features\z_v\Ua4g9q0r-dI_012.pt
Ua4g9q0r-dI_013,mosei_real,0,mosei_Ua4g9q0r-dI_013,,,-1,1,1,1,D:\Documents\Programming\Thesis_G10\data\raw\CMU-MOSEI\segments\Ua4g9q0r-dI_013.mp4,data\preprocessed\features\z_at\Ua4g9q0r-dI_013.pt,data\preprocessed\features\z_v\Ua4g9q0r-dI_013.pt
Uc-0G7RRxoY_001,mosei_real,0,mosei_Uc-0G7RRxoY_001,,,-1,1,1,1,D:\Documents\Programming\Thesis_G10\data\raw\CMU-MOSEI\segments\Uc-0G7RRxoY_001.mp4,data\preprocessed\features\z_at\Uc-0G7RRxoY_001.pt,data\preprocessed\features\z_v\Uc-0G7RRxoY_001.pt
Uc-0G7RRxoY_002,mosei_real,0,mosei_Uc-0G7RRxoY_002,,,-1,1,1,1,D:\Documents\Programming\Thesis_G10\data\raw\CMU-MOSEI\segments\Uc-0G7RRxoY_002.mp4,data\preprocessed\features\z_at\Uc-0G7RRxoY_002.pt,data\preprocessed\features\z_v\Uc-0G7RRxoY_002.pt
UcINGGuysBE_001,mosei_real,0,mosei_UcINGGuysBE_001,,,-1,1,1,1,D:\Documents\Programming\Thesis_G10\data\raw\CMU-MOSEI\segments\UcINGGuysBE_001.mp4,data\preprocessed\features\z_at\UcINGGuysBE_001.pt,data\preprocessed\features\z_v\UcINGGuysBE_001.pt
UcINGGuysBE_002,mosei_real,0,mosei_UcINGGuysBE_002,,,-1,1,1,1,D:\Documents\Programming\Thesis_G10\data\raw\CMU-MOSEI\segments\UcINGGuysBE_002.mp4,data\preprocessed\features\z_at\UcINGGuysBE_002.pt,data\preprocessed\features\z_v\UcINGGuysBE_002.pt
UcINGGuysBE_004,mosei_real,0,mosei_UcINGGuysBE_004,,,-1,1,1,1,D:\Documents\Programming\Thesis_G10\data\raw\CMU-MOSEI\segments\UcINGGuysBE_004.mp4,data\preprocessed\features\z_at\UcINGGuysBE_004.pt,data\preprocessed\features\z_v\UcINGGuysBE_004.pt
UcINGGuysBE_005,mosei_real,0,mosei_UcINGGuysBE_005,,,-1,1,1,1,D:\Documents\Programming\Thesis_G10\data\raw\CMU-MOSEI\segments\UcINGGuysBE_005.mp4,data\preprocessed\features\z_at\UcINGGuysBE_005.pt,data\preprocessed\features\z_v\UcINGGuysBE_005.pt
UcINGGuysBE_007,mosei_real,0,mosei_UcINGGuysBE_007,,,-1,1,1,1,D:\Documents\Programming\Thesis_G10\data\raw\CMU-MOSEI\segments\UcINGGuysBE_007.mp4,data\preprocessed\features\z_at\UcINGGuysBE_007.pt,data\preprocessed\features\z_v\UcINGGuysBE_007.pt
UcV-bpksJi0_000,mosei_real,0,mosei_UcV-bpksJi0_000,,,-1,1,1,1,D:\Documents\Programming\Thesis_G10\data\raw\CMU-MOSEI\segments\UcV-bpksJi0_000.mp4,data\preprocessed\features\z_at\UcV-bpksJi0_000.pt,data\preprocessed\features\z_v\UcV-bpksJi0_000.pt
UcV-bpksJi0_001,mosei_real,0,mosei_UcV-bpksJi0_001,,,-1,1,1,1,D:\Documents\Programming\Thesis_G10\data\raw\CMU-MOSEI\segments\UcV-bpksJi0_001.mp4,data\preprocessed\features\z_at\UcV-bpksJi0_001.pt,data\preprocessed\features\z_v\UcV-bpksJi0_001.pt
UcV-bpksJi0_002,mosei_real,0,mosei_UcV-bpksJi0_002,,,-1,1,1,1,D:\Documents\Programming\Thesis_G10\data\raw\CMU-MOSEI\segments\UcV-bpksJi0_002.mp4,data\preprocessed\features\z_at\UcV-bpksJi0_002.pt,data\preprocessed\features\z_v\UcV-bpksJi0_002.pt
Uc_6d-fkZEc_002,mosei_real,0,mosei_Uc_6d-fkZEc_002,,,-1,1,1,1,D:\Documents\Programming\Thesis_G10\data\raw\CMU-MOSEI\segments\Uc_6d-fkZEc_002.mp4,data\preprocessed\features\z_at\Uc_6d-fkZEc_002.pt,data\preprocessed\features\z_v\Uc_6d-fkZEc_002.pt
UeOIb6s0pVM_000,mosei_real,0,mosei_UeOIb6s0pVM_000,,,-1,1,1,1,D:\Documents\Programming\Thesis_G10\data\raw\CMU-MOSEI\segments\UeOIb6s0pVM_000.mp4,data\preprocessed\features\z_at\UeOIb6s0pVM_000.pt,data\preprocessed\features\z_v\UeOIb6s0pVM_000.pt
UeOIb6s0pVM_002,mosei_real,0,mosei_UeOIb6s0pVM_002,,,-1,1,1,1,D:\Documents\Programming\Thesis_G10\data\raw\CMU-MOSEI\segments\UeOIb6s0pVM_002.mp4,data\preprocessed\features\z_at\UeOIb6s0pVM_002.pt,data\preprocessed\features\z_v\UeOIb6s0pVM_002.pt
UeOIb6s0pVM_003,mosei_real,0,mosei_UeOIb6s0pVM_003,,,-1,1,1,1,D:\Documents\Programming\Thesis_G10\data\raw\CMU-MOSEI\segments\UeOIb6s0pVM_003.mp4,data\preprocessed\features\z_at\UeOIb6s0pVM_003.pt,data\preprocessed\features\z_v\UeOIb6s0pVM_003.pt
UeOIb6s0pVM_004,mosei_real,0,mosei_UeOIb6s0pVM_004,,,-1,1,1,1,D:\Documents\Programming\Thesis_G10\data\raw\CMU-MOSEI\segments\UeOIb6s0pVM_004.mp4,data\preprocessed\features\z_at\UeOIb6s0pVM_004.pt,data\preprocessed\features\z_v\UeOIb6s0pVM_004.pt
UeOIb6s0pVM_006,mosei_real,0,mosei_UeOIb6s0pVM_006,,,-1,1,1,1,D:\Documents\Programming\Thesis_G10\data\raw\CMU-MOSEI\segments\UeOIb6s0pVM_006.mp4,data\preprocessed\features\z_at\UeOIb6s0pVM_006.pt,data\preprocessed\features\z_v\UeOIb6s0pVM_006.pt
UeOIb6s0pVM_008,mosei_real,0,mosei_UeOIb6s0pVM_008,,,-1,1,1,1,D:\Documents\Programming\Thesis_G10\data\raw\CMU-MOSEI\segments\UeOIb6s0pVM_008.mp4,data\preprocessed\features\z_at\UeOIb6s0pVM_008.pt,data\preprocessed\features\z_v\UeOIb6s0pVM_008.pt
UeOIb6s0pVM_009,mosei_real,0,mosei_UeOIb6s0pVM_009,,,-1,1,1,1,D:\Documents\Programming\Thesis_G10\data\raw\CMU-MOSEI\segments\UeOIb6s0pVM_009.mp4,data\preprocessed\features\z_at\UeOIb6s0pVM_009.pt,data\preprocessed\features\z_v\UeOIb6s0pVM_009.pt
UeOIb6s0pVM_010,mosei_real,0,mosei_UeOIb6s0pVM_010,,,-1,1,1,1,D:\Documents\Programming\Thesis_G10\data\raw\CMU-MOSEI\segments\UeOIb6s0pVM_010.mp4,data\preprocessed\features\z_at\UeOIb6s0pVM_010.pt,data\preprocessed\features\z_v\UeOIb6s0pVM_010.pt
UgTM9y2rD38_000,mosei_real,0,mosei_UgTM9y2rD38_000,,,-1,1,1,1,D:\Documents\Programming\Thesis_G10\data\raw\CMU-MOSEI\segments\UgTM9y2rD38_000.mp4,data\preprocessed\features\z_at\UgTM9y2rD38_000.pt,data\preprocessed\features\z_v\UgTM9y2rD38_000.pt
UgTM9y2rD38_002,mosei_real,0,mosei_UgTM9y2rD38_002,,,-1,1,1,1,D:\Documents\Programming\Thesis_G10\data\raw\CMU-MOSEI\segments\UgTM9y2rD38_002.mp4,data\preprocessed\features\z_at\UgTM9y2rD38_002.pt,data\preprocessed\features\z_v\UgTM9y2rD38_002.pt
Uiq0lf9ibF8_000,mosei_real,0,mosei_Uiq0lf9ibF8_000,,,-1,1,1,1,D:\Documents\Programming\Thesis_G10\data\raw\CMU-MOSEI\segments\Uiq0lf9ibF8_000.mp4,data\preprocessed\features\z_at\Uiq0lf9ibF8_000.pt,data\preprocessed\features\z_v\Uiq0lf9ibF8_000.pt
UiurP5k-f1A_000,mosei_real,0,mosei_UiurP5k-f1A_000,,,-1,1,1,1,D:\Documents\Programming\Thesis_G10\data\raw\CMU-MOSEI\segments\UiurP5k-f1A_000.mp4,data\preprocessed\features\z_at\UiurP5k-f1A_000.pt,data\preprocessed\features\z_v\UiurP5k-f1A_000.pt
UjT8pHMN8Q8_000,mosei_real,0,mosei_UjT8pHMN8Q8_000,,,-1,1,1,1,D:\Documents\Programming\Thesis_G10\data\raw\CMU-MOSEI\segments\UjT8pHMN8Q8_000.mp4,data\preprocessed\features\z_at\UjT8pHMN8Q8_000.pt,data\preprocessed\features\z_v\UjT8pHMN8Q8_000.pt
UjT8pHMN8Q8_001,mosei_real,0,mosei_UjT8pHMN8Q8_001,,,-1,1,1,1,D:\Documents\Programming\Thesis_G10\data\raw\CMU-MOSEI\segments\UjT8pHMN8Q8_001.mp4,data\preprocessed\features\z_at\UjT8pHMN8Q8_001.pt,data\preprocessed\features\z_v\UjT8pHMN8Q8_001.pt
UjqA6KVW2m8_000,mosei_real,0,mosei_UjqA6KVW2m8_000,,,-1,1,1,1,D:\Documents\Programming\Thesis_G10\data\raw\CMU-MOSEI\segments\UjqA6KVW2m8_000.mp4,data\preprocessed\features\z_at\UjqA6KVW2m8_000.pt,data\preprocessed\features\z_v\UjqA6KVW2m8_000.pt
UjqA6KVW2m8_001,mosei_real,0,mosei_UjqA6KVW2m8_001,,,-1,1,1,1,D:\Documents\Programming\Thesis_G10\data\raw\CMU-MOSEI\segments\UjqA6KVW2m8_001.mp4,data\preprocessed\features\z_at\UjqA6KVW2m8_001.pt,data\preprocessed\features\z_v\UjqA6KVW2m8_001.pt
UjqA6KVW2m8_002,mosei_real,0,mosei_UjqA6KVW2m8_002,,,-1,1,1,1,D:\Documents\Programming\Thesis_G10\data\raw\CMU-MOSEI\segments\UjqA6KVW2m8_002.mp4,data\preprocessed\features\z_at\UjqA6KVW2m8_002.pt,data\preprocessed\features\z_v\UjqA6KVW2m8_002.pt
UjqA6KVW2m8_004,mosei_real,0,mosei_UjqA6KVW2m8_004,,,-1,1,1,1,D:\Documents\Programming\Thesis_G10\data\raw\CMU-MOSEI\segments\UjqA6KVW2m8_004.mp4,data\preprocessed\features\z_at\UjqA6KVW2m8_004.pt,data\preprocessed\features\z_v\UjqA6KVW2m8_004.pt
UjqA6KVW2m8_005,mosei_real,0,mosei_UjqA6KVW2m8_005,,,-1,1,1,1,D:\Documents\Programming\Thesis_G10\data\raw\CMU-MOSEI\segments\UjqA6KVW2m8_005.mp4,data\preprocessed\features\z_at\UjqA6KVW2m8_005.pt,data\preprocessed\features\z_v\UjqA6KVW2m8_005.pt
UjqA6KVW2m8_006,mosei_real,0,mosei_UjqA6KVW2m8_006,,,-1,1,1,1,D:\Documents\Programming\Thesis_G10\data\raw\CMU-MOSEI\segments\UjqA6KVW2m8_006.mp4,data\preprocessed\features\z_at\UjqA6KVW2m8_006.pt,data\preprocessed\features\z_v\UjqA6KVW2m8_006.pt
UjqA6KVW2m8_007,mosei_real,0,mosei_UjqA6KVW2m8_007,,,-1,1,1,1,D:\Documents\Programming\Thesis_G10\data\raw\CMU-MOSEI\segments\UjqA6KVW2m8_007.mp4,data\preprocessed\features\z_at\UjqA6KVW2m8_007.pt,data\preprocessed\features\z_v\UjqA6KVW2m8_007.pt
UjqA6KVW2m8_009,mosei_real,0,mosei_UjqA6KVW2m8_009,,,-1,1,1,1,D:\Documents\Programming\Thesis_G10\data\raw\CMU-MOSEI\segments\UjqA6KVW2m8_009.mp4,data\preprocessed\features\z_at\UjqA6KVW2m8_009.pt,data\preprocessed\features\z_v\UjqA6KVW2m8_009.pt
UkqTwAuA8jI_001,mosei_real,0,mosei_UkqTwAuA8jI_001,,,-1,1,1,1,D:\Documents\Programming\Thesis_G10\data\raw\CMU-MOSEI\segments\UkqTwAuA8jI_001.mp4,data\preprocessed\features\z_at\UkqTwAuA8jI_001.pt,data\preprocessed\features\z_v\UkqTwAuA8jI_001.pt
UkqTwAuA8jI_002,mosei_real,0,mosei_UkqTwAuA8jI_002,,,-1,1,1,1,D:\Documents\Programming\Thesis_G10\data\raw\CMU-MOSEI\segments\UkqTwAuA8jI_002.mp4,data\preprocessed\features\z_at\UkqTwAuA8jI_002.pt,data\preprocessed\features\z_v\UkqTwAuA8jI_002.pt
UmB5c_QqUPs_000,mosei_real,0,mosei_UmB5c_QqUPs_000,,,-1,1,1,1,D:\Documents\Programming\Thesis_G10\data\raw\CMU-MOSEI\segments\UmB5c_QqUPs_000.mp4,data\preprocessed\features\z_at\UmB5c_QqUPs_000.pt,data\preprocessed\features\z_v\UmB5c_QqUPs_000.pt
UmB5c_QqUPs_002,mosei_real,0,mosei_UmB5c_QqUPs_002,,,-1,1,1,1,D:\Documents\Programming\Thesis_G10\data\raw\CMU-MOSEI\segments\UmB5c_QqUPs_002.mp4,data\preprocessed\features\z_at\UmB5c_QqUPs_002.pt,data\preprocessed\features\z_v\UmB5c_QqUPs_002.pt
UmB5c_QqUPs_003,mosei_real,0,mosei_UmB5c_QqUPs_003,,,-1,1,1,1,D:\Documents\Programming\Thesis_G10\data\raw\CMU-MOSEI\segments\UmB5c_QqUPs_003.mp4,data\preprocessed\features\z_at\UmB5c_QqUPs_003.pt,data\preprocessed\features\z_v\UmB5c_QqUPs_003.pt
UmB5c_QqUPs_010,mosei_real,0,mosei_UmB5c_QqUPs_010,,,-1,1,1,1,D:\Documents\Programming\Thesis_G10\data\raw\CMU-MOSEI\segments\UmB5c_QqUPs_010.mp4,data\preprocessed\features\z_at\UmB5c_QqUPs_010.pt,data\preprocessed\features\z_v\UmB5c_QqUPs_010.pt
UmB5c_QqUPs_012,mosei_real,0,mosei_UmB5c_QqUPs_012,,,-1,1,1,1,D:\Documents\Programming\Thesis_G10\data\raw\CMU-MOSEI\segments\UmB5c_QqUPs_012.mp4,data\preprocessed\features\z_at\UmB5c_QqUPs_012.pt,data\preprocessed\features\z_v\UmB5c_QqUPs_012.pt
UtuTyW9pUN8_002,mosei_real,0,mosei_UtuTyW9pUN8_002,,,-1,1,1,1,D:\Documents\Programming\Thesis_G10\data\raw\CMU-MOSEI\segments\UtuTyW9pUN8_002.mp4,data\preprocessed\features\z_at\UtuTyW9pUN8_002.pt,data\preprocessed\features\z_v\UtuTyW9pUN8_002.pt
UtuTyW9pUN8_003,mosei_real,0,mosei_UtuTyW9pUN8_003,,,-1,1,1,1,D:\Documents\Programming\Thesis_G10\data\raw\CMU-MOSEI\segments\UtuTyW9pUN8_003.mp4,data\preprocessed\features\z_at\UtuTyW9pUN8_003.pt,data\preprocessed\features\z_v\UtuTyW9pUN8_003.pt
UtuTyW9pUN8_004,mosei_real,0,mosei_UtuTyW9pUN8_004,,,-1,1,1,1,D:\Documents\Programming\Thesis_G10\data\raw\CMU-MOSEI\segments\UtuTyW9pUN8_004.mp4,data\preprocessed\features\z_at\UtuTyW9pUN8_004.pt,data\preprocessed\features\z_v\UtuTyW9pUN8_004.pt
UtuTyW9pUN8_006,mosei_real,0,mosei_UtuTyW9pUN8_006,,,-1,1,1,1,D:\Documents\Programming\Thesis_G10\data\raw\CMU-MOSEI\segments\UtuTyW9pUN8_006.mp4,data\preprocessed\features\z_at\UtuTyW9pUN8_006.pt,data\preprocessed\features\z_v\UtuTyW9pUN8_006.pt
V0SvSPkiJUY_000,mosei_real,0,mosei_V0SvSPkiJUY_000,,,-1,1,1,1,D:\Documents\Programming\Thesis_G10\data\raw\CMU-MOSEI\segments\V0SvSPkiJUY_000.mp4,data\preprocessed\features\z_at\V0SvSPkiJUY_000.pt,data\preprocessed\features\z_v\V0SvSPkiJUY_000.pt
V0SvSPkiJUY_004,mosei_real,0,mosei_V0SvSPkiJUY_004,,,-1,1,1,1,D:\Documents\Programming\Thesis_G10\data\raw\CMU-MOSEI\segments\V0SvSPkiJUY_004.mp4,data\preprocessed\features\z_at\V0SvSPkiJUY_004.pt,data\preprocessed\features\z_v\V0SvSPkiJUY_004.pt
V0SvSPkiJUY_005,mosei_real,0,mosei_V0SvSPkiJUY_005,,,-1,1,1,1,D:\Documents\Programming\Thesis_G10\data\raw\CMU-MOSEI\segments\V0SvSPkiJUY_005.mp4,data\preprocessed\features\z_at\V0SvSPkiJUY_005.pt,data\preprocessed\features\z_v\V0SvSPkiJUY_005.pt
V0SvSPkiJUY_006,mosei_real,0,mosei_V0SvSPkiJUY_006,,,-1,1,1,1,D:\Documents\Programming\Thesis_G10\data\raw\CMU-MOSEI\segments\V0SvSPkiJUY_006.mp4,data\preprocessed\features\z_at\V0SvSPkiJUY_006.pt,data\preprocessed\features\z_v\V0SvSPkiJUY_006.pt
V2X1NU5RkwY_004,mosei_real,0,mosei_V2X1NU5RkwY_004,,,-1,1,1,1,D:\Documents\Programming\Thesis_G10\data\raw\CMU-MOSEI\segments\V2X1NU5RkwY_004.mp4,data\preprocessed\features\z_at\V2X1NU5RkwY_004.pt,data\preprocessed\features\z_v\V2X1NU5RkwY_004.pt
V2X1NU5RkwY_005,mosei_real,0,mosei_V2X1NU5RkwY_005,,,-1,1,1,1,D:\Documents\Programming\Thesis_G10\data\raw\CMU-MOSEI\segments\V2X1NU5RkwY_005.mp4,data\preprocessed\features\z_at\V2X1NU5RkwY_005.pt,data\preprocessed\features\z_v\V2X1NU5RkwY_005.pt
V2X1NU5RkwY_006,mosei_real,0,mosei_V2X1NU5RkwY_006,,,-1,1,1,1,D:\Documents\Programming\Thesis_G10\data\raw\CMU-MOSEI\segments\V2X1NU5RkwY_006.mp4,data\preprocessed\features\z_at\V2X1NU5RkwY_006.pt,data\preprocessed\features\z_v\V2X1NU5RkwY_006.pt
V7OFSHYcQD0_000,mosei_real,0,mosei_V7OFSHYcQD0_000,,,-1,1,1,1,D:\Documents\Programming\Thesis_G10\data\raw\CMU-MOSEI\segments\V7OFSHYcQD0_000.mp4,data\preprocessed\features\z_at\V7OFSHYcQD0_000.pt,data\preprocessed\features\z_v\V7OFSHYcQD0_000.pt
VA6lVHlj5d0_000,mosei_real,0,mosei_VA6lVHlj5d0_000,,,-1,1,1,1,D:\Documents\Programming\Thesis_G10\data\raw\CMU-MOSEI\segments\VA6lVHlj5d0_000.mp4,data\preprocessed\features\z_at\VA6lVHlj5d0_000.pt,data\preprocessed\features\z_v\VA6lVHlj5d0_000.pt
VA6lVHlj5d0_001,mosei_real,0,mosei_VA6lVHlj5d0_001,,,-1,1,1,1,D:\Documents\Programming\Thesis_G10\data\raw\CMU-MOSEI\segments\VA6lVHlj5d0_001.mp4,data\preprocessed\features\z_at\VA6lVHlj5d0_001.pt,data\preprocessed\features\z_v\VA6lVHlj5d0_001.pt
VA6lVHlj5d0_003,mosei_real,0,mosei_VA6lVHlj5d0_003,,,-1,1,1,1,D:\Documents\Programming\Thesis_G10\data\raw\CMU-MOSEI\segments\VA6lVHlj5d0_003.mp4,data\preprocessed\features\z_at\VA6lVHlj5d0_003.pt,data\preprocessed\features\z_v\VA6lVHlj5d0_003.pt
VA6lVHlj5d0_005,mosei_real,0,mosei_VA6lVHlj5d0_005,,,-1,1,1,1,D:\Documents\Programming\Thesis_G10\data\raw\CMU-MOSEI\segments\VA6lVHlj5d0_005.mp4,data\preprocessed\features\z_at\VA6lVHlj5d0_005.pt,data\preprocessed\features\z_v\VA6lVHlj5d0_005.pt
VA6lVHlj5d0_006,mosei_real,0,mosei_VA6lVHlj5d0_006,,,-1,1,1,1,D:\Documents\Programming\Thesis_G10\data\raw\CMU-MOSEI\segments\VA6lVHlj5d0_006.mp4,data\preprocessed\features\z_at\VA6lVHlj5d0_006.pt,data\preprocessed\features\z_v\VA6lVHlj5d0_006.pt
VAFdgtqZz4g_000,mosei_real,0,mosei_VAFdgtqZz4g_000,,,-1,1,1,1,D:\Documents\Programming\Thesis_G10\data\raw\CMU-MOSEI\segments\VAFdgtqZz4g_000.mp4,data\preprocessed\features\z_at\VAFdgtqZz4g_000.pt,data\preprocessed\features\z_v\VAFdgtqZz4g_000.pt
VAFdgtqZz4g_001,mosei_real,0,mosei_VAFdgtqZz4g_001,,,-1,1,1,1,D:\Documents\Programming\Thesis_G10\data\raw\CMU-MOSEI\segments\VAFdgtqZz4g_001.mp4,data\preprocessed\features\z_at\VAFdgtqZz4g_001.pt,data\preprocessed\features\z_v\VAFdgtqZz4g_001.pt
VAr7gJydnys_001,mosei_real,0,mosei_VAr7gJydnys_001,,,-1,1,1,1,D:\Documents\Programming\Thesis_G10\data\raw\CMU-MOSEI\segments\VAr7gJydnys_001.mp4,data\preprocessed\features\z_at\VAr7gJydnys_001.pt,data\preprocessed\features\z_v\VAr7gJydnys_001.pt
VAr7gJydnys_004,mosei_real,0,mosei_VAr7gJydnys_004,,,-1,1,1,1,D:\Documents\Programming\Thesis_G10\data\raw\CMU-MOSEI\segments\VAr7gJydnys_004.mp4,data\preprocessed\features\z_at\VAr7gJydnys_004.pt,data\preprocessed\features\z_v\VAr7gJydnys_004.pt
VAr7gJydnys_008,mosei_real,0,mosei_VAr7gJydnys_008,,,-1,1,1,1,D:\Documents\Programming\Thesis_G10\data\raw\CMU-MOSEI\segments\VAr7gJydnys_008.mp4,data\preprocessed\features\z_at\VAr7gJydnys_008.pt,data\preprocessed\features\z_v\VAr7gJydnys_008.pt
VAr7gJydnys_014,mosei_real,0,mosei_VAr7gJydnys_014,,,-1,1,1,1,D:\Documents\Programming\Thesis_G10\data\raw\CMU-MOSEI\segments\VAr7gJydnys_014.mp4,data\preprocessed\features\z_at\VAr7gJydnys_014.pt,data\preprocessed\features\z_v\VAr7gJydnys_014.pt
VDkBM0ZG4q8_000,mosei_real,0,mosei_VDkBM0ZG4q8_000,,,-1,1,1,1,D:\Documents\Programming\Thesis_G10\data\raw\CMU-MOSEI\segments\VDkBM0ZG4q8_000.mp4,data\preprocessed\features\z_at\VDkBM0ZG4q8_000.pt,data\preprocessed\features\z_v\VDkBM0ZG4q8_000.pt
VDkBM0ZG4q8_004,mosei_real,0,mosei_VDkBM0ZG4q8_004,,,-1,1,1,1,D:\Documents\Programming\Thesis_G10\data\raw\CMU-MOSEI\segments\VDkBM0ZG4q8_004.mp4,data\preprocessed\features\z_at\VDkBM0ZG4q8_004.pt,data\preprocessed\features\z_v\VDkBM0ZG4q8_004.pt
VDkBM0ZG4q8_005,mosei_real,0,mosei_VDkBM0ZG4q8_005,,,-1,1,1,1,D:\Documents\Programming\Thesis_G10\data\raw\CMU-MOSEI\segments\VDkBM0ZG4q8_005.mp4,data\preprocessed\features\z_at\VDkBM0ZG4q8_005.pt,data\preprocessed\features\z_v\VDkBM0ZG4q8_005.pt
VDkBM0ZG4q8_006,mosei_real,0,mosei_VDkBM0ZG4q8_006,,,-1,1,1,1,D:\Documents\Programming\Thesis_G10\data\raw\CMU-MOSEI\segments\VDkBM0ZG4q8_006.mp4,data\preprocessed\features\z_at\VDkBM0ZG4q8_006.pt,data\preprocessed\features\z_v\VDkBM0ZG4q8_006.pt
VDkBM0ZG4q8_008,mosei_real,0,mosei_VDkBM0ZG4q8_008,,,-1,1,1,1,D:\Documents\Programming\Thesis_G10\data\raw\CMU-MOSEI\segments\VDkBM0ZG4q8_008.mp4,data\preprocessed\features\z_at\VDkBM0ZG4q8_008.pt,data\preprocessed\features\z_v\VDkBM0ZG4q8_008.pt
VIVkYG31Oas_000,mosei_real,0,mosei_VIVkYG31Oas_000,,,-1,1,1,1,D:\Documents\Programming\Thesis_G10\data\raw\CMU-MOSEI\segments\VIVkYG31Oas_000.mp4,data\preprocessed\features\z_at\VIVkYG31Oas_000.pt,data\preprocessed\features\z_v\VIVkYG31Oas_000.pt
VVZLA2neYyw_001,mosei_real,0,mosei_VVZLA2neYyw_001,,,-1,1,1,1,D:\Documents\Programming\Thesis_G10\data\raw\CMU-MOSEI\segments\VVZLA2neYyw_001.mp4,data\preprocessed\features\z_at\VVZLA2neYyw_001.pt,data\preprocessed\features\z_v\VVZLA2neYyw_001.pt
VWik5oKP6IU_000,mosei_real,0,mosei_VWik5oKP6IU_000,,,-1,1,1,1,D:\Documents\Programming\Thesis_G10\data\raw\CMU-MOSEI\segments\VWik5oKP6IU_000.mp4,data\preprocessed\features\z_at\VWik5oKP6IU_000.pt,data\preprocessed\features\z_v\VWik5oKP6IU_000.pt
VWik5oKP6IU_002,mosei_real,0,mosei_VWik5oKP6IU_002,,,-1,1,1,1,D:\Documents\Programming\Thesis_G10\data\raw\CMU-MOSEI\segments\VWik5oKP6IU_002.mp4,data\preprocessed\features\z_at\VWik5oKP6IU_002.pt,data\preprocessed\features\z_v\VWik5oKP6IU_002.pt
VWik5oKP6IU_003,mosei_real,0,mosei_VWik5oKP6IU_003,,,-1,1,1,1,D:\Documents\Programming\Thesis_G10\data\raw\CMU-MOSEI\segments\VWik5oKP6IU_003.mp4,data\preprocessed\features\z_at\VWik5oKP6IU_003.pt,data\preprocessed\features\z_v\VWik5oKP6IU_003.pt
VWik5oKP6IU_004,mosei_real,0,mosei_VWik5oKP6IU_004,,,-1,1,1,1,D:\Documents\Programming\Thesis_G10\data\raw\CMU-MOSEI\segments\VWik5oKP6IU_004.mp4,data\preprocessed\features\z_at\VWik5oKP6IU_004.pt,data\preprocessed\features\z_v\VWik5oKP6IU_004.pt
VWik5oKP6IU_008,mosei_real,0,mosei_VWik5oKP6IU_008,,,-1,1,1,1,D:\Documents\Programming\Thesis_G10\data\raw\CMU-MOSEI\segments\VWik5oKP6IU_008.mp4,data\preprocessed\features\z_at\VWik5oKP6IU_008.pt,data\preprocessed\features\z_v\VWik5oKP6IU_008.pt
VZqkWIPmH6w_007,mosei_real,0,mosei_VZqkWIPmH6w_007,,,-1,1,1,1,D:\Documents\Programming\Thesis_G10\data\raw\CMU-MOSEI\segments\VZqkWIPmH6w_007.mp4,data\preprocessed\features\z_at\VZqkWIPmH6w_007.pt,data\preprocessed\features\z_v\VZqkWIPmH6w_007.pt
Va54WZgPTdY_000,mosei_real,0,mosei_Va54WZgPTdY_000,,,-1,1,1,1,D:\Documents\Programming\Thesis_G10\data\raw\CMU-MOSEI\segments\Va54WZgPTdY_000.mp4,data\preprocessed\features\z_at\Va54WZgPTdY_000.pt,data\preprocessed\features\z_v\Va54WZgPTdY_000.pt
Va54WZgPTdY_002,mosei_real,0,mosei_Va54WZgPTdY_002,,,-1,1,1,1,D:\Documents\Programming\Thesis_G10\data\raw\CMU-MOSEI\segments\Va54WZgPTdY_002.mp4,data\preprocessed\features\z_at\Va54WZgPTdY_002.pt,data\preprocessed\features\z_v\Va54WZgPTdY_002.pt
VbSsGRXIwjc_000,mosei_real,0,mosei_VbSsGRXIwjc_000,,,-1,1,1,1,D:\Documents\Programming\Thesis_G10\data\raw\CMU-MOSEI\segments\VbSsGRXIwjc_000.mp4,data\preprocessed\features\z_at\VbSsGRXIwjc_000.pt,data\preprocessed\features\z_v\VbSsGRXIwjc_000.pt
VbV9S4svrTg_002,mosei_real,0,mosei_VbV9S4svrTg_002,,,-1,1,1,1,D:\Documents\Programming\Thesis_G10\data\raw\CMU-MOSEI\segments\VbV9S4svrTg_002.mp4,data\preprocessed\features\z_at\VbV9S4svrTg_002.pt,data\preprocessed\features\z_v\VbV9S4svrTg_002.pt
VbV9S4svrTg_003,mosei_real,0,mosei_VbV9S4svrTg_003,,,-1,1,1,1,D:\Documents\Programming\Thesis_G10\data\raw\CMU-MOSEI\segments\VbV9S4svrTg_003.mp4,data\preprocessed\features\z_at\VbV9S4svrTg_003.pt,data\preprocessed\features\z_v\VbV9S4svrTg_003.pt
VbV9S4svrTg_005,mosei_real,0,mosei_VbV9S4svrTg_005,,,-1,1,1,1,D:\Documents\Programming\Thesis_G10\data\raw\CMU-MOSEI\segments\VbV9S4svrTg_005.mp4,data\preprocessed\features\z_at\VbV9S4svrTg_005.pt,data\preprocessed\features\z_v\VbV9S4svrTg_005.pt
VbV9S4svrTg_006,mosei_real,0,mosei_VbV9S4svrTg_006,,,-1,1,1,1,D:\Documents\Programming\Thesis_G10\data\raw\CMU-MOSEI\segments\VbV9S4svrTg_006.mp4,data\preprocessed\features\z_at\VbV9S4svrTg_006.pt,data\preprocessed\features\z_v\VbV9S4svrTg_006.pt
VbV9S4svrTg_007,mosei_real,0,mosei_VbV9S4svrTg_007,,,-1,1,1,1,D:\Documents\Programming\Thesis_G10\data\raw\CMU-MOSEI\segments\VbV9S4svrTg_007.mp4,data\preprocessed\features\z_at\VbV9S4svrTg_007.pt,data\preprocessed\features\z_v\VbV9S4svrTg_007.pt
VbV9S4svrTg_008,mosei_real,0,mosei_VbV9S4svrTg_008,,,-1,1,1,1,D:\Documents\Programming\Thesis_G10\data\raw\CMU-MOSEI\segments\VbV9S4svrTg_008.mp4,data\preprocessed\features\z_at\VbV9S4svrTg_008.pt,data\preprocessed\features\z_v\VbV9S4svrTg_008.pt
VbV9S4svrTg_009,mosei_real,0,mosei_VbV9S4svrTg_009,,,-1,1,1,1,D:\Documents\Programming\Thesis_G10\data\raw\CMU-MOSEI\segments\VbV9S4svrTg_009.mp4,data\preprocessed\features\z_at\VbV9S4svrTg_009.pt,data\preprocessed\features\z_v\VbV9S4svrTg_009.pt
VbV9S4svrTg_010,mosei_real,0,mosei_VbV9S4svrTg_010,,,-1,1,1,1,D:\Documents\Programming\Thesis_G10\data\raw\CMU-MOSEI\segments\VbV9S4svrTg_010.mp4,data\preprocessed\features\z_at\VbV9S4svrTg_010.pt,data\preprocessed\features\z_v\VbV9S4svrTg_010.pt
VbV9S4svrTg_012,mosei_real,0,mosei_VbV9S4svrTg_012,,,-1,1,1,1,D:\Documents\Programming\Thesis_G10\data\raw\CMU-MOSEI\segments\VbV9S4svrTg_012.mp4,data\preprocessed\features\z_at\VbV9S4svrTg_012.pt,data\preprocessed\features\z_v\VbV9S4svrTg_012.pt
VbV9S4svrTg_013,mosei_real,0,mosei_VbV9S4svrTg_013,,,-1,1,1,1,D:\Documents\Programming\Thesis_G10\data\raw\CMU-MOSEI\segments\VbV9S4svrTg_013.mp4,data\preprocessed\features\z_at\VbV9S4svrTg_013.pt,data\preprocessed\features\z_v\VbV9S4svrTg_013.pt
VcZffwwL0bw_005,mosei_real,0,mosei_VcZffwwL0bw_005,,,-1,1,1,1,D:\Documents\Programming\Thesis_G10\data\raw\CMU-MOSEI\segments\VcZffwwL0bw_005.mp4,data\preprocessed\features\z_at\VcZffwwL0bw_005.pt,data\preprocessed\features\z_v\VcZffwwL0bw_005.pt
VcZffwwL0bw_006,mosei_real,0,mosei_VcZffwwL0bw_006,,,-1,1,1,1,D:\Documents\Programming\Thesis_G10\data\raw\CMU-MOSEI\segments\VcZffwwL0bw_006.mp4,data\preprocessed\features\z_at\VcZffwwL0bw_006.pt,data\preprocessed\features\z_v\VcZffwwL0bw_006.pt
Vdf1McvE9ao_000,mosei_real,0,mosei_Vdf1McvE9ao_000,,,-1,1,1,1,D:\Documents\Programming\Thesis_G10\data\raw\CMU-MOSEI\segments\Vdf1McvE9ao_000.mp4,data\preprocessed\features\z_at\Vdf1McvE9ao_000.pt,data\preprocessed\features\z_v\Vdf1McvE9ao_000.pt
Vdf1McvE9ao_001,mosei_real,0,mosei_Vdf1McvE9ao_001,,,-1,1,1,1,D:\Documents\Programming\Thesis_G10\data\raw\CMU-MOSEI\segments\Vdf1McvE9ao_001.mp4,data\preprocessed\features\z_at\Vdf1McvE9ao_001.pt,data\preprocessed\features\z_v\Vdf1McvE9ao_001.pt
Vdf1McvE9ao_002,mosei_real,0,mosei_Vdf1McvE9ao_002,,,-1,1,1,1,D:\Documents\Programming\Thesis_G10\data\raw\CMU-MOSEI\segments\Vdf1McvE9ao_002.mp4,data\preprocessed\features\z_at\Vdf1McvE9ao_002.pt,data\preprocessed\features\z_v\Vdf1McvE9ao_002.pt
Vdf1McvE9ao_003,mosei_real,0,mosei_Vdf1McvE9ao_003,,,-1,1,1,1,D:\Documents\Programming\Thesis_G10\data\raw\CMU-MOSEI\segments\Vdf1McvE9ao_003.mp4,data\preprocessed\features\z_at\Vdf1McvE9ao_003.pt,data\preprocessed\features\z_v\Vdf1McvE9ao_003.pt
Vdf1McvE9ao_005,mosei_real,0,mosei_Vdf1McvE9ao_005,,,-1,1,1,1,D:\Documents\Programming\Thesis_G10\data\raw\CMU-MOSEI\segments\Vdf1McvE9ao_005.mp4,data\preprocessed\features\z_at\Vdf1McvE9ao_005.pt,data\preprocessed\features\z_v\Vdf1McvE9ao_005.pt
Vdf1McvE9ao_006,mosei_real,0,mosei_Vdf1McvE9ao_006,,,-1,1,1,1,D:\Documents\Programming\Thesis_G10\data\raw\CMU-MOSEI\segments\Vdf1McvE9ao_006.mp4,data\preprocessed\features\z_at\Vdf1McvE9ao_006.pt,data\preprocessed\features\z_v\Vdf1McvE9ao_006.pt
Vdf1McvE9ao_009,mosei_real,0,mosei_Vdf1McvE9ao_009,,,-1,1,1,1,D:\Documents\Programming\Thesis_G10\data\raw\CMU-MOSEI\segments\Vdf1McvE9ao_009.mp4,data\preprocessed\features\z_at\Vdf1McvE9ao_009.pt,data\preprocessed\features\z_v\Vdf1McvE9ao_009.pt
Vdf1McvE9ao_011,mosei_real,0,mosei_Vdf1McvE9ao_011,,,-1,1,1,1,D:\Documents\Programming\Thesis_G10\data\raw\CMU-MOSEI\segments\Vdf1McvE9ao_011.mp4,data\preprocessed\features\z_at\Vdf1McvE9ao_011.pt,data\preprocessed\features\z_v\Vdf1McvE9ao_011.pt
VinxKpWioTo_000,mosei_real,0,mosei_VinxKpWioTo_000,,,-1,1,1,1,D:\Documents\Programming\Thesis_G10\data\raw\CMU-MOSEI\segments\VinxKpWioTo_000.mp4,data\preprocessed\features\z_at\VinxKpWioTo_000.pt,data\preprocessed\features\z_v\VinxKpWioTo_000.pt
ViyQVpGW05w_000,mosei_real,0,mosei_ViyQVpGW05w_000,,,-1,1,1,1,D:\Documents\Programming\Thesis_G10\data\raw\CMU-MOSEI\segments\ViyQVpGW05w_000.mp4,data\preprocessed\features\z_at\ViyQVpGW05w_000.pt,data\preprocessed\features\z_v\ViyQVpGW05w_000.pt
ViyQVpGW05w_002,mosei_real,0,mosei_ViyQVpGW05w_002,,,-1,1,1,1,D:\Documents\Programming\Thesis_G10\data\raw\CMU-MOSEI\segments\ViyQVpGW05w_002.mp4,data\preprocessed\features\z_at\ViyQVpGW05w_002.pt,data\preprocessed\features\z_v\ViyQVpGW05w_002.pt
VjAvqFXEmmk_000,mosei_real,0,mosei_VjAvqFXEmmk_000,,,-1,1,1,1,D:\Documents\Programming\Thesis_G10\data\raw\CMU-MOSEI\segments\VjAvqFXEmmk_000.mp4,data\preprocessed\features\z_at\VjAvqFXEmmk_000.pt,data\preprocessed\features\z_v\VjAvqFXEmmk_000.pt
VjAvqFXEmmk_001,mosei_real,0,mosei_VjAvqFXEmmk_001,,,-1,1,1,1,D:\Documents\Programming\Thesis_G10\data\raw\CMU-MOSEI\segments\VjAvqFXEmmk_001.mp4,data\preprocessed\features\z_at\VjAvqFXEmmk_001.pt,data\preprocessed\features\z_v\VjAvqFXEmmk_001.pt
VjAvqFXEmmk_002,mosei_real,0,mosei_VjAvqFXEmmk_002,,,-1,1,1,1,D:\Documents\Programming\Thesis_G10\data\raw\CMU-MOSEI\segments\VjAvqFXEmmk_002.mp4,data\preprocessed\features\z_at\VjAvqFXEmmk_002.pt,data\preprocessed\features\z_v\VjAvqFXEmmk_002.pt
VjAvqFXEmmk_003,mosei_real,0,mosei_VjAvqFXEmmk_003,,,-1,1,1,1,D:\Documents\Programming\Thesis_G10\data\raw\CMU-MOSEI\segments\VjAvqFXEmmk_003.mp4,data\preprocessed\features\z_at\VjAvqFXEmmk_003.pt,data\preprocessed\features\z_v\VjAvqFXEmmk_003.pt
VjAvqFXEmmk_004,mosei_real,0,mosei_VjAvqFXEmmk_004,,,-1,1,1,1,D:\Documents\Programming\Thesis_G10\data\raw\CMU-MOSEI\segments\VjAvqFXEmmk_004.mp4,data\preprocessed\features\z_at\VjAvqFXEmmk_004.pt,data\preprocessed\features\z_v\VjAvqFXEmmk_004.pt
VjAvqFXEmmk_005,mosei_real,0,mosei_VjAvqFXEmmk_005,,,-1,1,1,1,D:\Documents\Programming\Thesis_G10\data\raw\CMU-MOSEI\segments\VjAvqFXEmmk_005.mp4,data\preprocessed\features\z_at\VjAvqFXEmmk_005.pt,data\preprocessed\features\z_v\VjAvqFXEmmk_005.pt
VjAvqFXEmmk_007,mosei_real,0,mosei_VjAvqFXEmmk_007,,,-1,1,1,1,D:\Documents\Programming\Thesis_G10\data\raw\CMU-MOSEI\segments\VjAvqFXEmmk_007.mp4,data\preprocessed\features\z_at\VjAvqFXEmmk_007.pt,data\preprocessed\features\z_v\VjAvqFXEmmk_007.pt
Vlas-mPydcg_002,mosei_real,0,mosei_Vlas-mPydcg_002,,,-1,1,1,1,D:\Documents\Programming\Thesis_G10\data\raw\CMU-MOSEI\segments\Vlas-mPydcg_002.mp4,data\preprocessed\features\z_at\Vlas-mPydcg_002.pt,data\preprocessed\features\z_v\Vlas-mPydcg_002.pt
Vlas-mPydcg_003,mosei_real,0,mosei_Vlas-mPydcg_003,,,-1,1,1,1,D:\Documents\Programming\Thesis_G10\data\raw\CMU-MOSEI\segments\Vlas-mPydcg_003.mp4,data\preprocessed\features\z_at\Vlas-mPydcg_003.pt,data\preprocessed\features\z_v\Vlas-mPydcg_003.pt
VsXGwSZazwA_000,mosei_real,0,mosei_VsXGwSZazwA_000,,,-1,1,1,1,D:\Documents\Programming\Thesis_G10\data\raw\CMU-MOSEI\segments\VsXGwSZazwA_000.mp4,data\preprocessed\features\z_at\VsXGwSZazwA_000.pt,data\preprocessed\features\z_v\VsXGwSZazwA_000.pt
VsXGwSZazwA_004,mosei_real,0,mosei_VsXGwSZazwA_004,,,-1,1,1,1,D:\Documents\Programming\Thesis_G10\data\raw\CMU-MOSEI\segments\VsXGwSZazwA_004.mp4,data\preprocessed\features\z_at\VsXGwSZazwA_004.pt,data\preprocessed\features\z_v\VsXGwSZazwA_004.pt
VsXGwSZazwA_005,mosei_real,0,mosei_VsXGwSZazwA_005,,,-1,1,1,1,D:\Documents\Programming\Thesis_G10\data\raw\CMU-MOSEI\segments\VsXGwSZazwA_005.mp4,data\preprocessed\features\z_at\VsXGwSZazwA_005.pt,data\preprocessed\features\z_v\VsXGwSZazwA_005.pt
VsXGwSZazwA_007,mosei_real,0,mosei_VsXGwSZazwA_007,,,-1,1,1,1,D:\Documents\Programming\Thesis_G10\data\raw\CMU-MOSEI\segments\VsXGwSZazwA_007.mp4,data\preprocessed\features\z_at\VsXGwSZazwA_007.pt,data\preprocessed\features\z_v\VsXGwSZazwA_007.pt
Vuay0mVKkik_000,mosei_real,0,mosei_Vuay0mVKkik_000,,,-1,1,1,1,D:\Documents\Programming\Thesis_G10\data\raw\CMU-MOSEI\segments\Vuay0mVKkik_000.mp4,data\preprocessed\features\z_at\Vuay0mVKkik_000.pt,data\preprocessed\features\z_v\Vuay0mVKkik_000.pt
Vuay0mVKkik_003,mosei_real,0,mosei_Vuay0mVKkik_003,,,-1,1,1,1,D:\Documents\Programming\Thesis_G10\data\raw\CMU-MOSEI\segments\Vuay0mVKkik_003.mp4,data\preprocessed\features\z_at\Vuay0mVKkik_003.pt,data\preprocessed\features\z_v\Vuay0mVKkik_003.pt
Vv2DTPyyw90_001,mosei_real,0,mosei_Vv2DTPyyw90_001,,,-1,1,1,1,D:\Documents\Programming\Thesis_G10\data\raw\CMU-MOSEI\segments\Vv2DTPyyw90_001.mp4,data\preprocessed\features\z_at\Vv2DTPyyw90_001.pt,data\preprocessed\features\z_v\Vv2DTPyyw90_001.pt
Vv2DTPyyw90_003,mosei_real,0,mosei_Vv2DTPyyw90_003,,,-1,1,1,1,D:\Documents\Programming\Thesis_G10\data\raw\CMU-MOSEI\segments\Vv2DTPyyw90_003.mp4,data\preprocessed\features\z_at\Vv2DTPyyw90_003.pt,data\preprocessed\features\z_v\Vv2DTPyyw90_003.pt
Vv2DTPyyw90_004,mosei_real,0,mosei_Vv2DTPyyw90_004,,,-1,1,1,1,D:\Documents\Programming\Thesis_G10\data\raw\CMU-MOSEI\segments\Vv2DTPyyw90_004.mp4,data\preprocessed\features\z_at\Vv2DTPyyw90_004.pt,data\preprocessed\features\z_v\Vv2DTPyyw90_004.pt
VwGPIUNayKM_002,mosei_real,0,mosei_VwGPIUNayKM_002,,,-1,1,1,1,D:\Documents\Programming\Thesis_G10\data\raw\CMU-MOSEI\segments\VwGPIUNayKM_002.mp4,data\preprocessed\features\z_at\VwGPIUNayKM_002.pt,data\preprocessed\features\z_v\VwGPIUNayKM_002.pt
VwGPIUNayKM_004,mosei_real,0,mosei_VwGPIUNayKM_004,,,-1,1,1,1,D:\Documents\Programming\Thesis_G10\data\raw\CMU-MOSEI\segments\VwGPIUNayKM_004.mp4,data\preprocessed\features\z_at\VwGPIUNayKM_004.pt,data\preprocessed\features\z_v\VwGPIUNayKM_004.pt
VwGPIUNayKM_006,mosei_real,0,mosei_VwGPIUNayKM_006,,,-1,1,1,1,D:\Documents\Programming\Thesis_G10\data\raw\CMU-MOSEI\segments\VwGPIUNayKM_006.mp4,data\preprocessed\features\z_at\VwGPIUNayKM_006.pt,data\preprocessed\features\z_v\VwGPIUNayKM_006.pt
VwvptdTkwEE_000,mosei_real,0,mosei_VwvptdTkwEE_000,,,-1,1,1,1,D:\Documents\Programming\Thesis_G10\data\raw\CMU-MOSEI\segments\VwvptdTkwEE_000.mp4,data\preprocessed\features\z_at\VwvptdTkwEE_000.pt,data\preprocessed\features\z_v\VwvptdTkwEE_000.pt
VwvptdTkwEE_003,mosei_real,0,mosei_VwvptdTkwEE_003,,,-1,1,1,1,D:\Documents\Programming\Thesis_G10\data\raw\CMU-MOSEI\segments\VwvptdTkwEE_003.mp4,data\preprocessed\features\z_at\VwvptdTkwEE_003.pt,data\preprocessed\features\z_v\VwvptdTkwEE_003.pt
Vx8npmcFxak_005,mosei_real,0,mosei_Vx8npmcFxak_005,,,-1,1,1,1,D:\Documents\Programming\Thesis_G10\data\raw\CMU-MOSEI\segments\Vx8npmcFxak_005.mp4,data\preprocessed\features\z_at\Vx8npmcFxak_005.pt,data\preprocessed\features\z_v\Vx8npmcFxak_005.pt
VybXjsmsjAY_000,mosei_real,0,mosei_VybXjsmsjAY_000,,,-1,1,1,1,D:\Documents\Programming\Thesis_G10\data\raw\CMU-MOSEI\segments\VybXjsmsjAY_000.mp4,data\preprocessed\features\z_at\VybXjsmsjAY_000.pt,data\preprocessed\features\z_v\VybXjsmsjAY_000.pt
VybXjsmsjAY_002,mosei_real,0,mosei_VybXjsmsjAY_002,,,-1,1,1,1,D:\Documents\Programming\Thesis_G10\data\raw\CMU-MOSEI\segments\VybXjsmsjAY_002.mp4,data\preprocessed\features\z_at\VybXjsmsjAY_002.pt,data\preprocessed\features\z_v\VybXjsmsjAY_002.pt
VybXjsmsjAY_003,mosei_real,0,mosei_VybXjsmsjAY_003,,,-1,1,1,1,D:\Documents\Programming\Thesis_G10\data\raw\CMU-MOSEI\segments\VybXjsmsjAY_003.mp4,data\preprocessed\features\z_at\VybXjsmsjAY_003.pt,data\preprocessed\features\z_v\VybXjsmsjAY_003.pt
VybXjsmsjAY_005,mosei_real,0,mosei_VybXjsmsjAY_005,,,-1,1,1,1,D:\Documents\Programming\Thesis_G10\data\raw\CMU-MOSEI\segments\VybXjsmsjAY_005.mp4,data\preprocessed\features\z_at\VybXjsmsjAY_005.pt,data\preprocessed\features\z_v\VybXjsmsjAY_005.pt
VybXjsmsjAY_006,mosei_real,0,mosei_VybXjsmsjAY_006,,,-1,1,1,1,D:\Documents\Programming\Thesis_G10\data\raw\CMU-MOSEI\segments\VybXjsmsjAY_006.mp4,data\preprocessed\features\z_at\VybXjsmsjAY_006.pt,data\preprocessed\features\z_v\VybXjsmsjAY_006.pt
VybXjsmsjAY_008,mosei_real,0,mosei_VybXjsmsjAY_008,,,-1,1,1,1,D:\Documents\Programming\Thesis_G10\data\raw\CMU-MOSEI\segments\VybXjsmsjAY_008.mp4,data\preprocessed\features\z_at\VybXjsmsjAY_008.pt,data\preprocessed\features\z_v\VybXjsmsjAY_008.pt
VzDXgBOe5iI_000,mosei_real,0,mosei_VzDXgBOe5iI_000,,,-1,1,1,1,D:\Documents\Programming\Thesis_G10\data\raw\CMU-MOSEI\segments\VzDXgBOe5iI_000.mp4,data\preprocessed\features\z_at\VzDXgBOe5iI_000.pt,data\preprocessed\features\z_v\VzDXgBOe5iI_000.pt
W-pA0lOGLR0_000,mosei_real,0,mosei_W-pA0lOGLR0_000,,,-1,1,1,1,D:\Documents\Programming\Thesis_G10\data\raw\CMU-MOSEI\segments\W-pA0lOGLR0_000.mp4,data\preprocessed\features\z_at\W-pA0lOGLR0_000.pt,data\preprocessed\features\z_v\W-pA0lOGLR0_000.pt
W-pA0lOGLR0_001,mosei_real,0,mosei_W-pA0lOGLR0_001,,,-1,1,1,1,D:\Documents\Programming\Thesis_G10\data\raw\CMU-MOSEI\segments\W-pA0lOGLR0_001.mp4,data\preprocessed\features\z_at\W-pA0lOGLR0_001.pt,data\preprocessed\features\z_v\W-pA0lOGLR0_001.pt
W-pA0lOGLR0_002,mosei_real,0,mosei_W-pA0lOGLR0_002,,,-1,1,1,1,D:\Documents\Programming\Thesis_G10\data\raw\CMU-MOSEI\segments\W-pA0lOGLR0_002.mp4,data\preprocessed\features\z_at\W-pA0lOGLR0_002.pt,data\preprocessed\features\z_v\W-pA0lOGLR0_002.pt
W-pA0lOGLR0_003,mosei_real,0,mosei_W-pA0lOGLR0_003,,,-1,1,1,1,D:\Documents\Programming\Thesis_G10\data\raw\CMU-MOSEI\segments\W-pA0lOGLR0_003.mp4,data\preprocessed\features\z_at\W-pA0lOGLR0_003.pt,data\preprocessed\features\z_v\W-pA0lOGLR0_003.pt
W-pA0lOGLR0_004,mosei_real,0,mosei_W-pA0lOGLR0_004,,,-1,1,1,1,D:\Documents\Programming\Thesis_G10\data\raw\CMU-MOSEI\segments\W-pA0lOGLR0_004.mp4,data\preprocessed\features\z_at\W-pA0lOGLR0_004.pt,data\preprocessed\features\z_v\W-pA0lOGLR0_004.pt
W-pA0lOGLR0_006,mosei_real,0,mosei_W-pA0lOGLR0_006,,,-1,1,1,1,D:\Documents\Programming\Thesis_G10\data\raw\CMU-MOSEI\segments\W-pA0lOGLR0_006.mp4,data\preprocessed\features\z_at\W-pA0lOGLR0_006.pt,data\preprocessed\features\z_v\W-pA0lOGLR0_006.pt
W-ptEZFARVo_001,mosei_real,0,mosei_W-ptEZFARVo_001,,,-1,1,1,1,D:\Documents\Programming\Thesis_G10\data\raw\CMU-MOSEI\segments\W-ptEZFARVo_001.mp4,data\preprocessed\features\z_at\W-ptEZFARVo_001.pt,data\preprocessed\features\z_v\W-ptEZFARVo_001.pt
W-ptEZFARVo_002,mosei_real,0,mosei_W-ptEZFARVo_002,,,-1,1,1,1,D:\Documents\Programming\Thesis_G10\data\raw\CMU-MOSEI\segments\W-ptEZFARVo_002.mp4,data\preprocessed\features\z_at\W-ptEZFARVo_002.pt,data\preprocessed\features\z_v\W-ptEZFARVo_002.pt
W-ptEZFARVo_003,mosei_real,0,mosei_W-ptEZFARVo_003,,,-1,1,1,1,D:\Documents\Programming\Thesis_G10\data\raw\CMU-MOSEI\segments\W-ptEZFARVo_003.mp4,data\preprocessed\features\z_at\W-ptEZFARVo_003.pt,data\preprocessed\features\z_v\W-ptEZFARVo_003.pt
W-ptEZFARVo_004,mosei_real,0,mosei_W-ptEZFARVo_004,,,-1,1,1,1,D:\Documents\Programming\Thesis_G10\data\raw\CMU-MOSEI\segments\W-ptEZFARVo_004.mp4,data\preprocessed\features\z_at\W-ptEZFARVo_004.pt,data\preprocessed\features\z_v\W-ptEZFARVo_004.pt
W-ptEZFARVo_005,mosei_real,0,mosei_W-ptEZFARVo_005,,,-1,1,1,1,D:\Documents\Programming\Thesis_G10\data\raw\CMU-MOSEI\segments\W-ptEZFARVo_005.mp4,data\preprocessed\features\z_at\W-ptEZFARVo_005.pt,data\preprocessed\features\z_v\W-ptEZFARVo_005.pt
W-ptEZFARVo_006,mosei_real,0,mosei_W-ptEZFARVo_006,,,-1,1,1,1,D:\Documents\Programming\Thesis_G10\data\raw\CMU-MOSEI\segments\W-ptEZFARVo_006.mp4,data\preprocessed\features\z_at\W-ptEZFARVo_006.pt,data\preprocessed\features\z_v\W-ptEZFARVo_006.pt
W-ptEZFARVo_007,mosei_real,0,mosei_W-ptEZFARVo_007,,,-1,1,1,1,D:\Documents\Programming\Thesis_G10\data\raw\CMU-MOSEI\segments\W-ptEZFARVo_007.mp4,data\preprocessed\features\z_at\W-ptEZFARVo_007.pt,data\preprocessed\features\z_v\W-ptEZFARVo_007.pt
W-ptEZFARVo_008,mosei_real,0,mosei_W-ptEZFARVo_008,,,-1,1,1,1,D:\Documents\Programming\Thesis_G10\data\raw\CMU-MOSEI\segments\W-ptEZFARVo_008.mp4,data\preprocessed\features\z_at\W-ptEZFARVo_008.pt,data\preprocessed\features\z_v\W-ptEZFARVo_008.pt
W-ptEZFARVo_009,mosei_real,0,mosei_W-ptEZFARVo_009,,,-1,1,1,1,D:\Documents\Programming\Thesis_G10\data\raw\CMU-MOSEI\segments\W-ptEZFARVo_009.mp4,data\preprocessed\features\z_at\W-ptEZFARVo_009.pt,data\preprocessed\features\z_v\W-ptEZFARVo_009.pt
W-ptEZFARVo_010,mosei_real,0,mosei_W-ptEZFARVo_010,,,-1,1,1,1,D:\Documents\Programming\Thesis_G10\data\raw\CMU-MOSEI\segments\W-ptEZFARVo_010.mp4,data\preprocessed\features\z_at\W-ptEZFARVo_010.pt,data\preprocessed\features\z_v\W-ptEZFARVo_010.pt
W-q9bPlMIVI_000,mosei_real,0,mosei_W-q9bPlMIVI_000,,,-1,1,1,1,D:\Documents\Programming\Thesis_G10\data\raw\CMU-MOSEI\segments\W-q9bPlMIVI_000.mp4,data\preprocessed\features\z_at\W-q9bPlMIVI_000.pt,data\preprocessed\features\z_v\W-q9bPlMIVI_000.pt
W-q9bPlMIVI_001,mosei_real,0,mosei_W-q9bPlMIVI_001,,,-1,1,1,1,D:\Documents\Programming\Thesis_G10\data\raw\CMU-MOSEI\segments\W-q9bPlMIVI_001.mp4,data\preprocessed\features\z_at\W-q9bPlMIVI_001.pt,data\preprocessed\features\z_v\W-q9bPlMIVI_001.pt
W-q9bPlMIVI_002,mosei_real,0,mosei_W-q9bPlMIVI_002,,,-1,1,1,1,D:\Documents\Programming\Thesis_G10\data\raw\CMU-MOSEI\segments\W-q9bPlMIVI_002.mp4,data\preprocessed\features\z_at\W-q9bPlMIVI_002.pt,data\preprocessed\features\z_v\W-q9bPlMIVI_002.pt
W-q9bPlMIVI_003,mosei_real,0,mosei_W-q9bPlMIVI_003,,,-1,1,1,1,D:\Documents\Programming\Thesis_G10\data\raw\CMU-MOSEI\segments\W-q9bPlMIVI_003.mp4,data\preprocessed\features\z_at\W-q9bPlMIVI_003.pt,data\preprocessed\features\z_v\W-q9bPlMIVI_003.pt
W-q9bPlMIVI_004,mosei_real,0,mosei_W-q9bPlMIVI_004,,,-1,1,1,1,D:\Documents\Programming\Thesis_G10\data\raw\CMU-MOSEI\segments\W-q9bPlMIVI_004.mp4,data\preprocessed\features\z_at\W-q9bPlMIVI_004.pt,data\preprocessed\features\z_v\W-q9bPlMIVI_004.pt
W-q9bPlMIVI_005,mosei_real,0,mosei_W-q9bPlMIVI_005,,,-1,1,1,1,D:\Documents\Programming\Thesis_G10\data\raw\CMU-MOSEI\segments\W-q9bPlMIVI_005.mp4,data\preprocessed\features\z_at\W-q9bPlMIVI_005.pt,data\preprocessed\features\z_v\W-q9bPlMIVI_005.pt
W-q9bPlMIVI_007,mosei_real,0,mosei_W-q9bPlMIVI_007,,,-1,1,1,1,D:\Documents\Programming\Thesis_G10\data\raw\CMU-MOSEI\segments\W-q9bPlMIVI_007.mp4,data\preprocessed\features\z_at\W-q9bPlMIVI_007.pt,data\preprocessed\features\z_v\W-q9bPlMIVI_007.pt
W-q9bPlMIVI_008,mosei_real,0,mosei_W-q9bPlMIVI_008,,,-1,1,1,1,D:\Documents\Programming\Thesis_G10\data\raw\CMU-MOSEI\segments\W-q9bPlMIVI_008.mp4,data\preprocessed\features\z_at\W-q9bPlMIVI_008.pt,data\preprocessed\features\z_v\W-q9bPlMIVI_008.pt
W-q9bPlMIVI_009,mosei_real,0,mosei_W-q9bPlMIVI_009,,,-1,1,1,1,D:\Documents\Programming\Thesis_G10\data\raw\CMU-MOSEI\segments\W-q9bPlMIVI_009.mp4,data\preprocessed\features\z_at\W-q9bPlMIVI_009.pt,data\preprocessed\features\z_v\W-q9bPlMIVI_009.pt
W-q9bPlMIVI_010,mosei_real,0,mosei_W-q9bPlMIVI_010,,,-1,1,1,1,D:\Documents\Programming\Thesis_G10\data\raw\CMU-MOSEI\segments\W-q9bPlMIVI_010.mp4,data\preprocessed\features\z_at\W-q9bPlMIVI_010.pt,data\preprocessed\features\z_v\W-q9bPlMIVI_010.pt
W-q9bPlMIVI_012,mosei_real,0,mosei_W-q9bPlMIVI_012,,,-1,1,1,1,D:\Documents\Programming\Thesis_G10\data\raw\CMU-MOSEI\segments\W-q9bPlMIVI_012.mp4,data\preprocessed\features\z_at\W-q9bPlMIVI_012.pt,data\preprocessed\features\z_v\W-q9bPlMIVI_012.pt
W-q9bPlMIVI_013,mosei_real,0,mosei_W-q9bPlMIVI_013,,,-1,1,1,1,D:\Documents\Programming\Thesis_G10\data\raw\CMU-MOSEI\segments\W-q9bPlMIVI_013.mp4,data\preprocessed\features\z_at\W-q9bPlMIVI_013.pt,data\preprocessed\features\z_v\W-q9bPlMIVI_013.pt
W40BaML7mzc_000,mosei_real,0,mosei_W40BaML7mzc_000,,,-1,1,1,1,D:\Documents\Programming\Thesis_G10\data\raw\CMU-MOSEI\segments\W40BaML7mzc_000.mp4,data\preprocessed\features\z_at\W40BaML7mzc_000.pt,data\preprocessed\features\z_v\W40BaML7mzc_000.pt
W40BaML7mzc_001,mosei_real,0,mosei_W40BaML7mzc_001,,,-1,1,1,1,D:\Documents\Programming\Thesis_G10\data\raw\CMU-MOSEI\segments\W40BaML7mzc_001.mp4,data\preprocessed\features\z_at\W40BaML7mzc_001.pt,data\preprocessed\features\z_v\W40BaML7mzc_001.pt
W53uRqITk2I_002,mosei_real,0,mosei_W53uRqITk2I_002,,,-1,1,1,1,D:\Documents\Programming\Thesis_G10\data\raw\CMU-MOSEI\segments\W53uRqITk2I_002.mp4,data\preprocessed\features\z_at\W53uRqITk2I_002.pt,data\preprocessed\features\z_v\W53uRqITk2I_002.pt
W53uRqITk2I_003,mosei_real,0,mosei_W53uRqITk2I_003,,,-1,1,1,1,D:\Documents\Programming\Thesis_G10\data\raw\CMU-MOSEI\segments\W53uRqITk2I_003.mp4,data\preprocessed\features\z_at\W53uRqITk2I_003.pt,data\preprocessed\features\z_v\W53uRqITk2I_003.pt
W53uRqITk2I_006,mosei_real,0,mosei_W53uRqITk2I_006,,,-1,1,1,1,D:\Documents\Programming\Thesis_G10\data\raw\CMU-MOSEI\segments\W53uRqITk2I_006.mp4,data\preprocessed\features\z_at\W53uRqITk2I_006.pt,data\preprocessed\features\z_v\W53uRqITk2I_006.pt
W53uRqITk2I_007,mosei_real,0,mosei_W53uRqITk2I_007,,,-1,1,1,1,D:\Documents\Programming\Thesis_G10\data\raw\CMU-MOSEI\segments\W53uRqITk2I_007.mp4,data\preprocessed\features\z_at\W53uRqITk2I_007.pt,data\preprocessed\features\z_v\W53uRqITk2I_007.pt
W53uRqITk2I_008,mosei_real,0,mosei_W53uRqITk2I_008,,,-1,1,1,1,D:\Documents\Programming\Thesis_G10\data\raw\CMU-MOSEI\segments\W53uRqITk2I_008.mp4,data\preprocessed\features\z_at\W53uRqITk2I_008.pt,data\preprocessed\features\z_v\W53uRqITk2I_008.pt
WANirpnKa4w_000,mosei_real,0,mosei_WANirpnKa4w_000,,,-1,1,1,1,D:\Documents\Programming\Thesis_G10\data\raw\CMU-MOSEI\segments\WANirpnKa4w_000.mp4,data\preprocessed\features\z_at\WANirpnKa4w_000.pt,data\preprocessed\features\z_v\WANirpnKa4w_000.pt
WANirpnKa4w_002,mosei_real,0,mosei_WANirpnKa4w_002,,,-1,1,1,1,D:\Documents\Programming\Thesis_G10\data\raw\CMU-MOSEI\segments\WANirpnKa4w_002.mp4,data\preprocessed\features\z_at\WANirpnKa4w_002.pt,data\preprocessed\features\z_v\WANirpnKa4w_002.pt
WAXJRnJXmOA_000,mosei_real,0,mosei_WAXJRnJXmOA_000,,,-1,1,1,1,D:\Documents\Programming\Thesis_G10\data\raw\CMU-MOSEI\segments\WAXJRnJXmOA_000.mp4,data\preprocessed\features\z_at\WAXJRnJXmOA_000.pt,data\preprocessed\features\z_v\WAXJRnJXmOA_000.pt
WAXJRnJXmOA_001,mosei_real,0,mosei_WAXJRnJXmOA_001,,,-1,1,1,1,D:\Documents\Programming\Thesis_G10\data\raw\CMU-MOSEI\segments\WAXJRnJXmOA_001.mp4,data\preprocessed\features\z_at\WAXJRnJXmOA_001.pt,data\preprocessed\features\z_v\WAXJRnJXmOA_001.pt
WAXJRnJXmOA_003,mosei_real,0,mosei_WAXJRnJXmOA_003,,,-1,1,1,1,D:\Documents\Programming\Thesis_G10\data\raw\CMU-MOSEI\segments\WAXJRnJXmOA_003.mp4,data\preprocessed\features\z_at\WAXJRnJXmOA_003.pt,data\preprocessed\features\z_v\WAXJRnJXmOA_003.pt
WAXJRnJXmOA_007,mosei_real,0,mosei_WAXJRnJXmOA_007,,,-1,1,1,1,D:\Documents\Programming\Thesis_G10\data\raw\CMU-MOSEI\segments\WAXJRnJXmOA_007.mp4,data\preprocessed\features\z_at\WAXJRnJXmOA_007.pt,data\preprocessed\features\z_v\WAXJRnJXmOA_007.pt
WBA79Q3e_PU_000,mosei_real,0,mosei_WBA79Q3e_PU_000,,,-1,1,1,1,D:\Documents\Programming\Thesis_G10\data\raw\CMU-MOSEI\segments\WBA79Q3e_PU_000.mp4,data\preprocessed\features\z_at\WBA79Q3e_PU_000.pt,data\preprocessed\features\z_v\WBA79Q3e_PU_000.pt
WBCRTcMJZZc_000,mosei_real,0,mosei_WBCRTcMJZZc_000,,,-1,1,1,1,D:\Documents\Programming\Thesis_G10\data\raw\CMU-MOSEI\segments\WBCRTcMJZZc_000.mp4,data\preprocessed\features\z_at\WBCRTcMJZZc_000.pt,data\preprocessed\features\z_v\WBCRTcMJZZc_000.pt
WBCRTcMJZZc_001,mosei_real,0,mosei_WBCRTcMJZZc_001,,,-1,1,1,1,D:\Documents\Programming\Thesis_G10\data\raw\CMU-MOSEI\segments\WBCRTcMJZZc_001.mp4,data\preprocessed\features\z_at\WBCRTcMJZZc_001.pt,data\preprocessed\features\z_v\WBCRTcMJZZc_001.pt
WBCRTcMJZZc_002,mosei_real,0,mosei_WBCRTcMJZZc_002,,,-1,1,1,1,D:\Documents\Programming\Thesis_G10\data\raw\CMU-MOSEI\segments\WBCRTcMJZZc_002.mp4,data\preprocessed\features\z_at\WBCRTcMJZZc_002.pt,data\preprocessed\features\z_v\WBCRTcMJZZc_002.pt
WBCRTcMJZZc_003,mosei_real,0,mosei_WBCRTcMJZZc_003,,,-1,1,1,1,D:\Documents\Programming\Thesis_G10\data\raw\CMU-MOSEI\segments\WBCRTcMJZZc_003.mp4,data\preprocessed\features\z_at\WBCRTcMJZZc_003.pt,data\preprocessed\features\z_v\WBCRTcMJZZc_003.pt
WGfGxoI05ew_000,mosei_real,0,mosei_WGfGxoI05ew_000,,,-1,1,1,1,D:\Documents\Programming\Thesis_G10\data\raw\CMU-MOSEI\segments\WGfGxoI05ew_000.mp4,data\preprocessed\features\z_at\WGfGxoI05ew_000.pt,data\preprocessed\features\z_v\WGfGxoI05ew_000.pt
WGfGxoI05ew_001,mosei_real,0,mosei_WGfGxoI05ew_001,,,-1,1,1,1,D:\Documents\Programming\Thesis_G10\data\raw\CMU-MOSEI\segments\WGfGxoI05ew_001.mp4,data\preprocessed\features\z_at\WGfGxoI05ew_001.pt,data\preprocessed\features\z_v\WGfGxoI05ew_001.pt
WHUHTmtBJWU_000,mosei_real,0,mosei_WHUHTmtBJWU_000,,,-1,1,1,1,D:\Documents\Programming\Thesis_G10\data\raw\CMU-MOSEI\segments\WHUHTmtBJWU_000.mp4,data\preprocessed\features\z_at\WHUHTmtBJWU_000.pt,data\preprocessed\features\z_v\WHUHTmtBJWU_000.pt
WJ2QF4Kw9Y8_001,mosei_real,0,mosei_WJ2QF4Kw9Y8_001,,,-1,1,1,1,D:\Documents\Programming\Thesis_G10\data\raw\CMU-MOSEI\segments\WJ2QF4Kw9Y8_001.mp4,data\preprocessed\features\z_at\WJ2QF4Kw9Y8_001.pt,data\preprocessed\features\z_v\WJ2QF4Kw9Y8_001.pt
WMzvDL7b4sM_000,mosei_real,0,mosei_WMzvDL7b4sM_000,,,-1,1,1,1,D:\Documents\Programming\Thesis_G10\data\raw\CMU-MOSEI\segments\WMzvDL7b4sM_000.mp4,data\preprocessed\features\z_at\WMzvDL7b4sM_000.pt,data\preprocessed\features\z_v\WMzvDL7b4sM_000.pt
WMzvDL7b4sM_001,mosei_real,0,mosei_WMzvDL7b4sM_001,,,-1,1,1,1,D:\Documents\Programming\Thesis_G10\data\raw\CMU-MOSEI\segments\WMzvDL7b4sM_001.mp4,data\preprocessed\features\z_at\WMzvDL7b4sM_001.pt,data\preprocessed\features\z_v\WMzvDL7b4sM_001.pt
WMzvDL7b4sM_002,mosei_real,0,mosei_WMzvDL7b4sM_002,,,-1,1,1,1,D:\Documents\Programming\Thesis_G10\data\raw\CMU-MOSEI\segments\WMzvDL7b4sM_002.mp4,data\preprocessed\features\z_at\WMzvDL7b4sM_002.pt,data\preprocessed\features\z_v\WMzvDL7b4sM_002.pt
WMzvDL7b4sM_003,mosei_real,0,mosei_WMzvDL7b4sM_003,,,-1,1,1,1,D:\Documents\Programming\Thesis_G10\data\raw\CMU-MOSEI\segments\WMzvDL7b4sM_003.mp4,data\preprocessed\features\z_at\WMzvDL7b4sM_003.pt,data\preprocessed\features\z_v\WMzvDL7b4sM_003.pt
WQFRctNL8AA_000,mosei_real,0,mosei_WQFRctNL8AA_000,,,-1,1,1,1,D:\Documents\Programming\Thesis_G10\data\raw\CMU-MOSEI\segments\WQFRctNL8AA_000.mp4,data\preprocessed\features\z_at\WQFRctNL8AA_000.pt,data\preprocessed\features\z_v\WQFRctNL8AA_000.pt
WQFRctNL8AA_001,mosei_real,0,mosei_WQFRctNL8AA_001,,,-1,1,1,1,D:\Documents\Programming\Thesis_G10\data\raw\CMU-MOSEI\segments\WQFRctNL8AA_001.mp4,data\preprocessed\features\z_at\WQFRctNL8AA_001.pt,data\preprocessed\features\z_v\WQFRctNL8AA_001.pt
WSjlhBDxNW8_000,mosei_real,0,mosei_WSjlhBDxNW8_000,,,-1,1,1,1,D:\Documents\Programming\Thesis_G10\data\raw\CMU-MOSEI\segments\WSjlhBDxNW8_000.mp4,data\preprocessed\features\z_at\WSjlhBDxNW8_000.pt,data\preprocessed\features\z_v\WSjlhBDxNW8_000.pt
WSjlhBDxNW8_002,mosei_real,0,mosei_WSjlhBDxNW8_002,,,-1,1,1,1,D:\Documents\Programming\Thesis_G10\data\raw\CMU-MOSEI\segments\WSjlhBDxNW8_002.mp4,data\preprocessed\features\z_at\WSjlhBDxNW8_002.pt,data\preprocessed\features\z_v\WSjlhBDxNW8_002.pt
WSjlhBDxNW8_003,mosei_real,0,mosei_WSjlhBDxNW8_003,,,-1,1,1,1,D:\Documents\Programming\Thesis_G10\data\raw\CMU-MOSEI\segments\WSjlhBDxNW8_003.mp4,data\preprocessed\features\z_at\WSjlhBDxNW8_003.pt,data\preprocessed\features\z_v\WSjlhBDxNW8_003.pt
WSjlhBDxNW8_004,mosei_real,0,mosei_WSjlhBDxNW8_004,,,-1,1,1,1,D:\Documents\Programming\Thesis_G10\data\raw\CMU-MOSEI\segments\WSjlhBDxNW8_004.mp4,data\preprocessed\features\z_at\WSjlhBDxNW8_004.pt,data\preprocessed\features\z_v\WSjlhBDxNW8_004.pt
WTF9xgqLIvI_000,mosei_real,0,mosei_WTF9xgqLIvI_000,,,-1,1,1,1,D:\Documents\Programming\Thesis_G10\data\raw\CMU-MOSEI\segments\WTF9xgqLIvI_000.mp4,data\preprocessed\features\z_at\WTF9xgqLIvI_000.pt,data\preprocessed\features\z_v\WTF9xgqLIvI_000.pt
WTF9xgqLIvI_001,mosei_real,0,mosei_WTF9xgqLIvI_001,,,-1,1,1,1,D:\Documents\Programming\Thesis_G10\data\raw\CMU-MOSEI\segments\WTF9xgqLIvI_001.mp4,data\preprocessed\features\z_at\WTF9xgqLIvI_001.pt,data\preprocessed\features\z_v\WTF9xgqLIvI_001.pt
WTF9xgqLIvI_003,mosei_real,0,mosei_WTF9xgqLIvI_003,,,-1,1,1,1,D:\Documents\Programming\Thesis_G10\data\raw\CMU-MOSEI\segments\WTF9xgqLIvI_003.mp4,data\preprocessed\features\z_at\WTF9xgqLIvI_003.pt,data\preprocessed\features\z_v\WTF9xgqLIvI_003.pt
WTF9xgqLIvI_004,mosei_real,0,mosei_WTF9xgqLIvI_004,,,-1,1,1,1,D:\Documents\Programming\Thesis_G10\data\raw\CMU-MOSEI\segments\WTF9xgqLIvI_004.mp4,data\preprocessed\features\z_at\WTF9xgqLIvI_004.pt,data\preprocessed\features\z_v\WTF9xgqLIvI_004.pt
WTF9xgqLIvI_006,mosei_real,0,mosei_WTF9xgqLIvI_006,,,-1,1,1,1,D:\Documents\Programming\Thesis_G10\data\raw\CMU-MOSEI\segments\WTF9xgqLIvI_006.mp4,data\preprocessed\features\z_at\WTF9xgqLIvI_006.pt,data\preprocessed\features\z_v\WTF9xgqLIvI_006.pt
WTF9xgqLIvI_008,mosei_real,0,mosei_WTF9xgqLIvI_008,,,-1,1,1,1,D:\Documents\Programming\Thesis_G10\data\raw\CMU-MOSEI\segments\WTF9xgqLIvI_008.mp4,data\preprocessed\features\z_at\WTF9xgqLIvI_008.pt,data\preprocessed\features\z_v\WTF9xgqLIvI_008.pt
WTF9xgqLIvI_009,mosei_real,0,mosei_WTF9xgqLIvI_009,,,-1,1,1,1,D:\Documents\Programming\Thesis_G10\data\raw\CMU-MOSEI\segments\WTF9xgqLIvI_009.mp4,data\preprocessed\features\z_at\WTF9xgqLIvI_009.pt,data\preprocessed\features\z_v\WTF9xgqLIvI_009.pt
WUeSV0Z23Kg_000,mosei_real,0,mosei_WUeSV0Z23Kg_000,,,-1,1,1,1,D:\Documents\Programming\Thesis_G10\data\raw\CMU-MOSEI\segments\WUeSV0Z23Kg_000.mp4,data\preprocessed\features\z_at\WUeSV0Z23Kg_000.pt,data\preprocessed\features\z_v\WUeSV0Z23Kg_000.pt
WUeSV0Z23Kg_001,mosei_real,0,mosei_WUeSV0Z23Kg_001,,,-1,1,1,1,D:\Documents\Programming\Thesis_G10\data\raw\CMU-MOSEI\segments\WUeSV0Z23Kg_001.mp4,data\preprocessed\features\z_at\WUeSV0Z23Kg_001.pt,data\preprocessed\features\z_v\WUeSV0Z23Kg_001.pt
WXKgBIiP8IA_000,mosei_real,0,mosei_WXKgBIiP8IA_000,,,-1,1,1,1,D:\Documents\Programming\Thesis_G10\data\raw\CMU-MOSEI\segments\WXKgBIiP8IA_000.mp4,data\preprocessed\features\z_at\WXKgBIiP8IA_000.pt,data\preprocessed\features\z_v\WXKgBIiP8IA_000.pt
WXKgBIiP8IA_001,mosei_real,0,mosei_WXKgBIiP8IA_001,,,-1,1,1,1,D:\Documents\Programming\Thesis_G10\data\raw\CMU-MOSEI\segments\WXKgBIiP8IA_001.mp4,data\preprocessed\features\z_at\WXKgBIiP8IA_001.pt,data\preprocessed\features\z_v\WXKgBIiP8IA_001.pt
WXKgBIiP8IA_002,mosei_real,0,mosei_WXKgBIiP8IA_002,,,-1,1,1,1,D:\Documents\Programming\Thesis_G10\data\raw\CMU-MOSEI\segments\WXKgBIiP8IA_002.mp4,data\preprocessed\features\z_at\WXKgBIiP8IA_002.pt,data\preprocessed\features\z_v\WXKgBIiP8IA_002.pt
WXKgBIiP8IA_003,mosei_real,0,mosei_WXKgBIiP8IA_003,,,-1,1,1,1,D:\Documents\Programming\Thesis_G10\data\raw\CMU-MOSEI\segments\WXKgBIiP8IA_003.mp4,data\preprocessed\features\z_at\WXKgBIiP8IA_003.pt,data\preprocessed\features\z_v\WXKgBIiP8IA_003.pt
WXKgBIiP8IA_004,mosei_real,0,mosei_WXKgBIiP8IA_004,,,-1,1,1,1,D:\Documents\Programming\Thesis_G10\data\raw\CMU-MOSEI\segments\WXKgBIiP8IA_004.mp4,data\preprocessed\features\z_at\WXKgBIiP8IA_004.pt,data\preprocessed\features\z_v\WXKgBIiP8IA_004.pt
WXKgBIiP8IA_006,mosei_real,0,mosei_WXKgBIiP8IA_006,,,-1,1,1,1,D:\Documents\Programming\Thesis_G10\data\raw\CMU-MOSEI\segments\WXKgBIiP8IA_006.mp4,data\preprocessed\features\z_at\WXKgBIiP8IA_006.pt,data\preprocessed\features\z_v\WXKgBIiP8IA_006.pt
WXKgBIiP8IA_007,mosei_real,0,mosei_WXKgBIiP8IA_007,,,-1,1,1,1,D:\Documents\Programming\Thesis_G10\data\raw\CMU-MOSEI\segments\WXKgBIiP8IA_007.mp4,data\preprocessed\features\z_at\WXKgBIiP8IA_007.pt,data\preprocessed\features\z_v\WXKgBIiP8IA_007.pt
WXKgBIiP8IA_008,mosei_real,0,mosei_WXKgBIiP8IA_008,,,-1,1,1,1,D:\Documents\Programming\Thesis_G10\data\raw\CMU-MOSEI\segments\WXKgBIiP8IA_008.mp4,data\preprocessed\features\z_at\WXKgBIiP8IA_008.pt,data\preprocessed\features\z_v\WXKgBIiP8IA_008.pt
WXKgBIiP8IA_009,mosei_real,0,mosei_WXKgBIiP8IA_009,,,-1,1,1,1,D:\Documents\Programming\Thesis_G10\data\raw\CMU-MOSEI\segments\WXKgBIiP8IA_009.mp4,data\preprocessed\features\z_at\WXKgBIiP8IA_009.pt,data\preprocessed\features\z_v\WXKgBIiP8IA_009.pt
WXKgBIiP8IA_010,mosei_real,0,mosei_WXKgBIiP8IA_010,,,-1,1,1,1,D:\Documents\Programming\Thesis_G10\data\raw\CMU-MOSEI\segments\WXKgBIiP8IA_010.mp4,data\preprocessed\features\z_at\WXKgBIiP8IA_010.pt,data\preprocessed\features\z_v\WXKgBIiP8IA_010.pt
WaaSYRPwQBw_000,mosei_real,0,mosei_WaaSYRPwQBw_000,,,-1,1,1,1,D:\Documents\Programming\Thesis_G10\data\raw\CMU-MOSEI\segments\WaaSYRPwQBw_000.mp4,data\preprocessed\features\z_at\WaaSYRPwQBw_000.pt,data\preprocessed\features\z_v\WaaSYRPwQBw_000.pt
WfNiQBXmPw8_000,mosei_real,0,mosei_WfNiQBXmPw8_000,,,-1,1,1,1,D:\Documents\Programming\Thesis_G10\data\raw\CMU-MOSEI\segments\WfNiQBXmPw8_000.mp4,data\preprocessed\features\z_at\WfNiQBXmPw8_000.pt,data\preprocessed\features\z_v\WfNiQBXmPw8_000.pt
WfNiQBXmPw8_001,mosei_real,0,mosei_WfNiQBXmPw8_001,,,-1,1,1,1,D:\Documents\Programming\Thesis_G10\data\raw\CMU-MOSEI\segments\WfNiQBXmPw8_001.mp4,data\preprocessed\features\z_at\WfNiQBXmPw8_001.pt,data\preprocessed\features\z_v\WfNiQBXmPw8_001.pt
WfNiQBXmPw8_002,mosei_real,0,mosei_WfNiQBXmPw8_002,,,-1,1,1,1,D:\Documents\Programming\Thesis_G10\data\raw\CMU-MOSEI\segments\WfNiQBXmPw8_002.mp4,data\preprocessed\features\z_at\WfNiQBXmPw8_002.pt,data\preprocessed\features\z_v\WfNiQBXmPw8_002.pt
WfNiQBXmPw8_003,mosei_real,0,mosei_WfNiQBXmPw8_003,,,-1,1,1,1,D:\Documents\Programming\Thesis_G10\data\raw\CMU-MOSEI\segments\WfNiQBXmPw8_003.mp4,data\preprocessed\features\z_at\WfNiQBXmPw8_003.pt,data\preprocessed\features\z_v\WfNiQBXmPw8_003.pt
WfNiQBXmPw8_004,mosei_real,0,mosei_WfNiQBXmPw8_004,,,-1,1,1,1,D:\Documents\Programming\Thesis_G10\data\raw\CMU-MOSEI\segments\WfNiQBXmPw8_004.mp4,data\preprocessed\features\z_at\WfNiQBXmPw8_004.pt,data\preprocessed\features\z_v\WfNiQBXmPw8_004.pt
WfNiQBXmPw8_005,mosei_real,0,mosei_WfNiQBXmPw8_005,,,-1,1,1,1,D:\Documents\Programming\Thesis_G10\data\raw\CMU-MOSEI\segments\WfNiQBXmPw8_005.mp4,data\preprocessed\features\z_at\WfNiQBXmPw8_005.pt,data\preprocessed\features\z_v\WfNiQBXmPw8_005.pt
WfNiQBXmPw8_006,mosei_real,0,mosei_WfNiQBXmPw8_006,,,-1,1,1,1,D:\Documents\Programming\Thesis_G10\data\raw\CMU-MOSEI\segments\WfNiQBXmPw8_006.mp4,data\preprocessed\features\z_at\WfNiQBXmPw8_006.pt,data\preprocessed\features\z_v\WfNiQBXmPw8_006.pt
WfNiQBXmPw8_007,mosei_real,0,mosei_WfNiQBXmPw8_007,,,-1,1,1,1,D:\Documents\Programming\Thesis_G10\data\raw\CMU-MOSEI\segments\WfNiQBXmPw8_007.mp4,data\preprocessed\features\z_at\WfNiQBXmPw8_007.pt,data\preprocessed\features\z_v\WfNiQBXmPw8_007.pt
WfNiQBXmPw8_008,mosei_real,0,mosei_WfNiQBXmPw8_008,,,-1,1,1,1,D:\Documents\Programming\Thesis_G10\data\raw\CMU-MOSEI\segments\WfNiQBXmPw8_008.mp4,data\preprocessed\features\z_at\WfNiQBXmPw8_008.pt,data\preprocessed\features\z_v\WfNiQBXmPw8_008.pt
WgI8IbJtXHw_000,mosei_real,0,mosei_WgI8IbJtXHw_000,,,-1,1,1,1,D:\Documents\Programming\Thesis_G10\data\raw\CMU-MOSEI\segments\WgI8IbJtXHw_000.mp4,data\preprocessed\features\z_at\WgI8IbJtXHw_000.pt,data\preprocessed\features\z_v\WgI8IbJtXHw_000.pt
Wmhif6hmPTQ_001,mosei_real,0,mosei_Wmhif6hmPTQ_001,,,-1,1,1,1,D:\Documents\Programming\Thesis_G10\data\raw\CMU-MOSEI\segments\Wmhif6hmPTQ_001.mp4,data\preprocessed\features\z_at\Wmhif6hmPTQ_001.pt,data\preprocessed\features\z_v\Wmhif6hmPTQ_001.pt
Wmhif6hmPTQ_002,mosei_real,0,mosei_Wmhif6hmPTQ_002,,,-1,1,1,1,D:\Documents\Programming\Thesis_G10\data\raw\CMU-MOSEI\segments\Wmhif6hmPTQ_002.mp4,data\preprocessed\features\z_at\Wmhif6hmPTQ_002.pt,data\preprocessed\features\z_v\Wmhif6hmPTQ_002.pt
Wnw1IAEDwDM_000,mosei_real,0,mosei_Wnw1IAEDwDM_000,,,-1,1,1,1,D:\Documents\Programming\Thesis_G10\data\raw\CMU-MOSEI\segments\Wnw1IAEDwDM_000.mp4,data\preprocessed\features\z_at\Wnw1IAEDwDM_000.pt,data\preprocessed\features\z_v\Wnw1IAEDwDM_000.pt
Wnw1IAEDwDM_001,mosei_real,0,mosei_Wnw1IAEDwDM_001,,,-1,1,1,1,D:\Documents\Programming\Thesis_G10\data\raw\CMU-MOSEI\segments\Wnw1IAEDwDM_001.mp4,data\preprocessed\features\z_at\Wnw1IAEDwDM_001.pt,data\preprocessed\features\z_v\Wnw1IAEDwDM_001.pt
Wo1RxRjXyYw_000,mosei_real,0,mosei_Wo1RxRjXyYw_000,,,-1,1,1,1,D:\Documents\Programming\Thesis_G10\data\raw\CMU-MOSEI\segments\Wo1RxRjXyYw_000.mp4,data\preprocessed\features\z_at\Wo1RxRjXyYw_000.pt,data\preprocessed\features\z_v\Wo1RxRjXyYw_000.pt
Wo1RxRjXyYw_001,mosei_real,0,mosei_Wo1RxRjXyYw_001,,,-1,1,1,1,D:\Documents\Programming\Thesis_G10\data\raw\CMU-MOSEI\segments\Wo1RxRjXyYw_001.mp4,data\preprocessed\features\z_at\Wo1RxRjXyYw_001.pt,data\preprocessed\features\z_v\Wo1RxRjXyYw_001.pt
Wo1RxRjXyYw_004,mosei_real,0,mosei_Wo1RxRjXyYw_004,,,-1,1,1,1,D:\Documents\Programming\Thesis_G10\data\raw\CMU-MOSEI\segments\Wo1RxRjXyYw_004.mp4,data\preprocessed\features\z_at\Wo1RxRjXyYw_004.pt,data\preprocessed\features\z_v\Wo1RxRjXyYw_004.pt
Wo1RxRjXyYw_005,mosei_real,0,mosei_Wo1RxRjXyYw_005,,,-1,1,1,1,D:\Documents\Programming\Thesis_G10\data\raw\CMU-MOSEI\segments\Wo1RxRjXyYw_005.mp4,data\preprocessed\features\z_at\Wo1RxRjXyYw_005.pt,data\preprocessed\features\z_v\Wo1RxRjXyYw_005.pt
WoL4fCxGd8Q_001,mosei_real,0,mosei_WoL4fCxGd8Q_001,,,-1,1,1,1,D:\Documents\Programming\Thesis_G10\data\raw\CMU-MOSEI\segments\WoL4fCxGd8Q_001.mp4,data\preprocessed\features\z_at\WoL4fCxGd8Q_001.pt,data\preprocessed\features\z_v\WoL4fCxGd8Q_001.pt
WoL4fCxGd8Q_003,mosei_real,0,mosei_WoL4fCxGd8Q_003,,,-1,1,1,1,D:\Documents\Programming\Thesis_G10\data\raw\CMU-MOSEI\segments\WoL4fCxGd8Q_003.mp4,data\preprocessed\features\z_at\WoL4fCxGd8Q_003.pt,data\preprocessed\features\z_v\WoL4fCxGd8Q_003.pt
WoL4fCxGd8Q_009,mosei_real,0,mosei_WoL4fCxGd8Q_009,,,-1,1,1,1,D:\Documents\Programming\Thesis_G10\data\raw\CMU-MOSEI\segments\WoL4fCxGd8Q_009.mp4,data\preprocessed\features\z_at\WoL4fCxGd8Q_009.pt,data\preprocessed\features\z_v\WoL4fCxGd8Q_009.pt
WoL4fCxGd8Q_011,mosei_real,0,mosei_WoL4fCxGd8Q_011,,,-1,1,1,1,D:\Documents\Programming\Thesis_G10\data\raw\CMU-MOSEI\segments\WoL4fCxGd8Q_011.mp4,data\preprocessed\features\z_at\WoL4fCxGd8Q_011.pt,data\preprocessed\features\z_v\WoL4fCxGd8Q_011.pt
Wrcf2xtqbkQ_002,mosei_real,0,mosei_Wrcf2xtqbkQ_002,,,-1,1,1,1,D:\Documents\Programming\Thesis_G10\data\raw\CMU-MOSEI\segments\Wrcf2xtqbkQ_002.mp4,data\preprocessed\features\z_at\Wrcf2xtqbkQ_002.pt,data\preprocessed\features\z_v\Wrcf2xtqbkQ_002.pt
Wu-wQTmxRgo_001,mosei_real,0,mosei_Wu-wQTmxRgo_001,,,-1,1,1,1,D:\Documents\Programming\Thesis_G10\data\raw\CMU-MOSEI\segments\Wu-wQTmxRgo_001.mp4,data\preprocessed\features\z_at\Wu-wQTmxRgo_001.pt,data\preprocessed\features\z_v\Wu-wQTmxRgo_001.pt
WuaoxGAKue0_000,mosei_real,0,mosei_WuaoxGAKue0_000,,,-1,1,1,1,D:\Documents\Programming\Thesis_G10\data\raw\CMU-MOSEI\segments\WuaoxGAKue0_000.mp4,data\preprocessed\features\z_at\WuaoxGAKue0_000.pt,data\preprocessed\features\z_v\WuaoxGAKue0_000.pt
Wx9nThz5z_Y_001,mosei_real,0,mosei_Wx9nThz5z_Y_001,,,-1,1,1,1,D:\Documents\Programming\Thesis_G10\data\raw\CMU-MOSEI\segments\Wx9nThz5z_Y_001.mp4,data\preprocessed\features\z_at\Wx9nThz5z_Y_001.pt,data\preprocessed\features\z_v\Wx9nThz5z_Y_001.pt
Wx9nThz5z_Y_002,mosei_real,0,mosei_Wx9nThz5z_Y_002,,,-1,1,1,1,D:\Documents\Programming\Thesis_G10\data\raw\CMU-MOSEI\segments\Wx9nThz5z_Y_002.mp4,data\preprocessed\features\z_at\Wx9nThz5z_Y_002.pt,data\preprocessed\features\z_v\Wx9nThz5z_Y_002.pt
WxajvjGKz7Y_000,mosei_real,0,mosei_WxajvjGKz7Y_000,,,-1,1,1,1,D:\Documents\Programming\Thesis_G10\data\raw\CMU-MOSEI\segments\WxajvjGKz7Y_000.mp4,data\preprocessed\features\z_at\WxajvjGKz7Y_000.pt,data\preprocessed\features\z_v\WxajvjGKz7Y_000.pt
WxajvjGKz7Y_001,mosei_real,0,mosei_WxajvjGKz7Y_001,,,-1,1,1,1,D:\Documents\Programming\Thesis_G10\data\raw\CMU-MOSEI\segments\WxajvjGKz7Y_001.mp4,data\preprocessed\features\z_at\WxajvjGKz7Y_001.pt,data\preprocessed\features\z_v\WxajvjGKz7Y_001.pt
WxajvjGKz7Y_003,mosei_real,0,mosei_WxajvjGKz7Y_003,,,-1,1,1,1,D:\Documents\Programming\Thesis_G10\data\raw\CMU-MOSEI\segments\WxajvjGKz7Y_003.mp4,data\preprocessed\features\z_at\WxajvjGKz7Y_003.pt,data\preprocessed\features\z_v\WxajvjGKz7Y_003.pt
WxajvjGKz7Y_005,mosei_real,0,mosei_WxajvjGKz7Y_005,,,-1,1,1,1,D:\Documents\Programming\Thesis_G10\data\raw\CMU-MOSEI\segments\WxajvjGKz7Y_005.mp4,data\preprocessed\features\z_at\WxajvjGKz7Y_005.pt,data\preprocessed\features\z_v\WxajvjGKz7Y_005.pt
X0jMZoxUL2A_000,mosei_real,0,mosei_X0jMZoxUL2A_000,,,-1,1,1,1,D:\Documents\Programming\Thesis_G10\data\raw\CMU-MOSEI\segments\X0jMZoxUL2A_000.mp4,data\preprocessed\features\z_at\X0jMZoxUL2A_000.pt,data\preprocessed\features\z_v\X0jMZoxUL2A_000.pt
X0jMZoxUL2A_001,mosei_real,0,mosei_X0jMZoxUL2A_001,,,-1,1,1,1,D:\Documents\Programming\Thesis_G10\data\raw\CMU-MOSEI\segments\X0jMZoxUL2A_001.mp4,data\preprocessed\features\z_at\X0jMZoxUL2A_001.pt,data\preprocessed\features\z_v\X0jMZoxUL2A_001.pt
X0jMZoxUL2A_002,mosei_real,0,mosei_X0jMZoxUL2A_002,,,-1,1,1,1,D:\Documents\Programming\Thesis_G10\data\raw\CMU-MOSEI\segments\X0jMZoxUL2A_002.mp4,data\preprocessed\features\z_at\X0jMZoxUL2A_002.pt,data\preprocessed\features\z_v\X0jMZoxUL2A_002.pt
X0jMZoxUL2A_004,mosei_real,0,mosei_X0jMZoxUL2A_004,,,-1,1,1,1,D:\Documents\Programming\Thesis_G10\data\raw\CMU-MOSEI\segments\X0jMZoxUL2A_004.mp4,data\preprocessed\features\z_at\X0jMZoxUL2A_004.pt,data\preprocessed\features\z_v\X0jMZoxUL2A_004.pt
X0jMZoxUL2A_005,mosei_real,0,mosei_X0jMZoxUL2A_005,,,-1,1,1,1,D:\Documents\Programming\Thesis_G10\data\raw\CMU-MOSEI\segments\X0jMZoxUL2A_005.mp4,data\preprocessed\features\z_at\X0jMZoxUL2A_005.pt,data\preprocessed\features\z_v\X0jMZoxUL2A_005.pt
X0jMZoxUL2A_006,mosei_real,0,mosei_X0jMZoxUL2A_006,,,-1,1,1,1,D:\Documents\Programming\Thesis_G10\data\raw\CMU-MOSEI\segments\X0jMZoxUL2A_006.mp4,data\preprocessed\features\z_at\X0jMZoxUL2A_006.pt,data\preprocessed\features\z_v\X0jMZoxUL2A_006.pt
X0jMZoxUL2A_008,mosei_real,0,mosei_X0jMZoxUL2A_008,,,-1,1,1,1,D:\Documents\Programming\Thesis_G10\data\raw\CMU-MOSEI\segments\X0jMZoxUL2A_008.mp4,data\preprocessed\features\z_at\X0jMZoxUL2A_008.pt,data\preprocessed\features\z_v\X0jMZoxUL2A_008.pt
X0jMZoxUL2A_009,mosei_real,0,mosei_X0jMZoxUL2A_009,,,-1,1,1,1,D:\Documents\Programming\Thesis_G10\data\raw\CMU-MOSEI\segments\X0jMZoxUL2A_009.mp4,data\preprocessed\features\z_at\X0jMZoxUL2A_009.pt,data\preprocessed\features\z_v\X0jMZoxUL2A_009.pt
X0jMZoxUL2A_010,mosei_real,0,mosei_X0jMZoxUL2A_010,,,-1,1,1,1,D:\Documents\Programming\Thesis_G10\data\raw\CMU-MOSEI\segments\X0jMZoxUL2A_010.mp4,data\preprocessed\features\z_at\X0jMZoxUL2A_010.pt,data\preprocessed\features\z_v\X0jMZoxUL2A_010.pt
X2leyjuolDM_000,mosei_real,0,mosei_X2leyjuolDM_000,,,-1,1,1,1,D:\Documents\Programming\Thesis_G10\data\raw\CMU-MOSEI\segments\X2leyjuolDM_000.mp4,data\preprocessed\features\z_at\X2leyjuolDM_000.pt,data\preprocessed\features\z_v\X2leyjuolDM_000.pt
X2leyjuolDM_005,mosei_real,0,mosei_X2leyjuolDM_005,,,-1,1,1,1,D:\Documents\Programming\Thesis_G10\data\raw\CMU-MOSEI\segments\X2leyjuolDM_005.mp4,data\preprocessed\features\z_at\X2leyjuolDM_005.pt,data\preprocessed\features\z_v\X2leyjuolDM_005.pt
X2leyjuolDM_006,mosei_real,0,mosei_X2leyjuolDM_006,,,-1,1,1,1,D:\Documents\Programming\Thesis_G10\data\raw\CMU-MOSEI\segments\X2leyjuolDM_006.mp4,data\preprocessed\features\z_at\X2leyjuolDM_006.pt,data\preprocessed\features\z_v\X2leyjuolDM_006.pt
X3p50qqFW_w_001,mosei_real,0,mosei_X3p50qqFW_w_001,,,-1,1,1,1,D:\Documents\Programming\Thesis_G10\data\raw\CMU-MOSEI\segments\X3p50qqFW_w_001.mp4,data\preprocessed\features\z_at\X3p50qqFW_w_001.pt,data\preprocessed\features\z_v\X3p50qqFW_w_001.pt
X3p50qqFW_w_005,mosei_real,0,mosei_X3p50qqFW_w_005,,,-1,1,1,1,D:\Documents\Programming\Thesis_G10\data\raw\CMU-MOSEI\segments\X3p50qqFW_w_005.mp4,data\preprocessed\features\z_at\X3p50qqFW_w_005.pt,data\preprocessed\features\z_v\X3p50qqFW_w_005.pt
X6-jJO00DMg_000,mosei_real,0,mosei_X6-jJO00DMg_000,,,-1,1,1,1,D:\Documents\Programming\Thesis_G10\data\raw\CMU-MOSEI\segments\X6-jJO00DMg_000.mp4,data\preprocessed\features\z_at\X6-jJO00DMg_000.pt,data\preprocessed\features\z_v\X6-jJO00DMg_000.pt
X6-jJO00DMg_001,mosei_real,0,mosei_X6-jJO00DMg_001,,,-1,1,1,1,D:\Documents\Programming\Thesis_G10\data\raw\CMU-MOSEI\segments\X6-jJO00DMg_001.mp4,data\preprocessed\features\z_at\X6-jJO00DMg_001.pt,data\preprocessed\features\z_v\X6-jJO00DMg_001.pt
X7-Gbk8gAD0_000,mosei_real,0,mosei_X7-Gbk8gAD0_000,,,-1,1,1,1,D:\Documents\Programming\Thesis_G10\data\raw\CMU-MOSEI\segments\X7-Gbk8gAD0_000.mp4,data\preprocessed\features\z_at\X7-Gbk8gAD0_000.pt,data\preprocessed\features\z_v\X7-Gbk8gAD0_000.pt
X7-Gbk8gAD0_001,mosei_real,0,mosei_X7-Gbk8gAD0_001,,,-1,1,1,1,D:\Documents\Programming\Thesis_G10\data\raw\CMU-MOSEI\segments\X7-Gbk8gAD0_001.mp4,data\preprocessed\features\z_at\X7-Gbk8gAD0_001.pt,data\preprocessed\features\z_v\X7-Gbk8gAD0_001.pt
X7-Gbk8gAD0_002,mosei_real,0,mosei_X7-Gbk8gAD0_002,,,-1,1,1,1,D:\Documents\Programming\Thesis_G10\data\raw\CMU-MOSEI\segments\X7-Gbk8gAD0_002.mp4,data\preprocessed\features\z_at\X7-Gbk8gAD0_002.pt,data\preprocessed\features\z_v\X7-Gbk8gAD0_002.pt
X7-Gbk8gAD0_003,mosei_real,0,mosei_X7-Gbk8gAD0_003,,,-1,1,1,1,D:\Documents\Programming\Thesis_G10\data\raw\CMU-MOSEI\segments\X7-Gbk8gAD0_003.mp4,data\preprocessed\features\z_at\X7-Gbk8gAD0_003.pt,data\preprocessed\features\z_v\X7-Gbk8gAD0_003.pt
X7-Gbk8gAD0_004,mosei_real,0,mosei_X7-Gbk8gAD0_004,,,-1,1,1,1,D:\Documents\Programming\Thesis_G10\data\raw\CMU-MOSEI\segments\X7-Gbk8gAD0_004.mp4,data\preprocessed\features\z_at\X7-Gbk8gAD0_004.pt,data\preprocessed\features\z_v\X7-Gbk8gAD0_004.pt
X7-Gbk8gAD0_006,mosei_real,0,mosei_X7-Gbk8gAD0_006,,,-1,1,1,1,D:\Documents\Programming\Thesis_G10\data\raw\CMU-MOSEI\segments\X7-Gbk8gAD0_006.mp4,data\preprocessed\features\z_at\X7-Gbk8gAD0_006.pt,data\preprocessed\features\z_v\X7-Gbk8gAD0_006.pt
XAazxiP6tP0_000,mosei_real,0,mosei_XAazxiP6tP0_000,,,-1,1,1,1,D:\Documents\Programming\Thesis_G10\data\raw\CMU-MOSEI\segments\XAazxiP6tP0_000.mp4,data\preprocessed\features\z_at\XAazxiP6tP0_000.pt,data\preprocessed\features\z_v\XAazxiP6tP0_000.pt
XAazxiP6tP0_004,mosei_real,0,mosei_XAazxiP6tP0_004,,,-1,1,1,1,D:\Documents\Programming\Thesis_G10\data\raw\CMU-MOSEI\segments\XAazxiP6tP0_004.mp4,data\preprocessed\features\z_at\XAazxiP6tP0_004.pt,data\preprocessed\features\z_v\XAazxiP6tP0_004.pt
XAazxiP6tP0_006,mosei_real,0,mosei_XAazxiP6tP0_006,,,-1,1,1,1,D:\Documents\Programming\Thesis_G10\data\raw\CMU-MOSEI\segments\XAazxiP6tP0_006.mp4,data\preprocessed\features\z_at\XAazxiP6tP0_006.pt,data\preprocessed\features\z_v\XAazxiP6tP0_006.pt
XAgD-xoil40_000,mosei_real,0,mosei_XAgD-xoil40_000,,,-1,1,1,1,D:\Documents\Programming\Thesis_G10\data\raw\CMU-MOSEI\segments\XAgD-xoil40_000.mp4,data\preprocessed\features\z_at\XAgD-xoil40_000.pt,data\preprocessed\features\z_v\XAgD-xoil40_000.pt
XAgD-xoil40_002,mosei_real,0,mosei_XAgD-xoil40_002,,,-1,1,1,1,D:\Documents\Programming\Thesis_G10\data\raw\CMU-MOSEI\segments\XAgD-xoil40_002.mp4,data\preprocessed\features\z_at\XAgD-xoil40_002.pt,data\preprocessed\features\z_v\XAgD-xoil40_002.pt
XAgD-xoil40_003,mosei_real,0,mosei_XAgD-xoil40_003,,,-1,1,1,1,D:\Documents\Programming\Thesis_G10\data\raw\CMU-MOSEI\segments\XAgD-xoil40_003.mp4,data\preprocessed\features\z_at\XAgD-xoil40_003.pt,data\preprocessed\features\z_v\XAgD-xoil40_003.pt
XAgD-xoil40_005,mosei_real,0,mosei_XAgD-xoil40_005,,,-1,1,1,1,D:\Documents\Programming\Thesis_G10\data\raw\CMU-MOSEI\segments\XAgD-xoil40_005.mp4,data\preprocessed\features\z_at\XAgD-xoil40_005.pt,data\preprocessed\features\z_v\XAgD-xoil40_005.pt
XCyngF93SmU_002,mosei_real,0,mosei_XCyngF93SmU_002,,,-1,1,1,1,D:\Documents\Programming\Thesis_G10\data\raw\CMU-MOSEI\segments\XCyngF93SmU_002.mp4,data\preprocessed\features\z_at\XCyngF93SmU_002.pt,data\preprocessed\features\z_v\XCyngF93SmU_002.pt
XCyngF93SmU_004,mosei_real,0,mosei_XCyngF93SmU_004,,,-1,1,1,1,D:\Documents\Programming\Thesis_G10\data\raw\CMU-MOSEI\segments\XCyngF93SmU_004.mp4,data\preprocessed\features\z_at\XCyngF93SmU_004.pt,data\preprocessed\features\z_v\XCyngF93SmU_004.pt
XDVkhOziCkg_001,mosei_real,0,mosei_XDVkhOziCkg_001,,,-1,1,1,1,D:\Documents\Programming\Thesis_G10\data\raw\CMU-MOSEI\segments\XDVkhOziCkg_001.mp4,data\preprocessed\features\z_at\XDVkhOziCkg_001.pt,data\preprocessed\features\z_v\XDVkhOziCkg_001.pt
XEZ7e4pf1xE_000,mosei_real,0,mosei_XEZ7e4pf1xE_000,,,-1,1,1,1,D:\Documents\Programming\Thesis_G10\data\raw\CMU-MOSEI\segments\XEZ7e4pf1xE_000.mp4,data\preprocessed\features\z_at\XEZ7e4pf1xE_000.pt,data\preprocessed\features\z_v\XEZ7e4pf1xE_000.pt
XEZ7e4pf1xE_004,mosei_real,0,mosei_XEZ7e4pf1xE_004,,,-1,1,1,1,D:\Documents\Programming\Thesis_G10\data\raw\CMU-MOSEI\segments\XEZ7e4pf1xE_004.mp4,data\preprocessed\features\z_at\XEZ7e4pf1xE_004.pt,data\preprocessed\features\z_v\XEZ7e4pf1xE_004.pt
XEZ7e4pf1xE_005,mosei_real,0,mosei_XEZ7e4pf1xE_005,,,-1,1,1,1,D:\Documents\Programming\Thesis_G10\data\raw\CMU-MOSEI\segments\XEZ7e4pf1xE_005.mp4,data\preprocessed\features\z_at\XEZ7e4pf1xE_005.pt,data\preprocessed\features\z_v\XEZ7e4pf1xE_005.pt
XEZ7e4pf1xE_006,mosei_real,0,mosei_XEZ7e4pf1xE_006,,,-1,1,1,1,D:\Documents\Programming\Thesis_G10\data\raw\CMU-MOSEI\segments\XEZ7e4pf1xE_006.mp4,data\preprocessed\features\z_at\XEZ7e4pf1xE_006.pt,data\preprocessed\features\z_v\XEZ7e4pf1xE_006.pt
XEZ7e4pf1xE_008,mosei_real,0,mosei_XEZ7e4pf1xE_008,,,-1,1,1,1,D:\Documents\Programming\Thesis_G10\data\raw\CMU-MOSEI\segments\XEZ7e4pf1xE_008.mp4,data\preprocessed\features\z_at\XEZ7e4pf1xE_008.pt,data\preprocessed\features\z_v\XEZ7e4pf1xE_008.pt
XEZ7e4pf1xE_010,mosei_real,0,mosei_XEZ7e4pf1xE_010,,,-1,1,1,1,D:\Documents\Programming\Thesis_G10\data\raw\CMU-MOSEI\segments\XEZ7e4pf1xE_010.mp4,data\preprocessed\features\z_at\XEZ7e4pf1xE_010.pt,data\preprocessed\features\z_v\XEZ7e4pf1xE_010.pt
XFGHTk_3hGg_000,mosei_real,0,mosei_XFGHTk_3hGg_000,,,-1,1,1,1,D:\Documents\Programming\Thesis_G10\data\raw\CMU-MOSEI\segments\XFGHTk_3hGg_000.mp4,data\preprocessed\features\z_at\XFGHTk_3hGg_000.pt,data\preprocessed\features\z_v\XFGHTk_3hGg_000.pt
XFGHTk_3hGg_001,mosei_real,0,mosei_XFGHTk_3hGg_001,,,-1,1,1,1,D:\Documents\Programming\Thesis_G10\data\raw\CMU-MOSEI\segments\XFGHTk_3hGg_001.mp4,data\preprocessed\features\z_at\XFGHTk_3hGg_001.pt,data\preprocessed\features\z_v\XFGHTk_3hGg_001.pt
XFGHTk_3hGg_002,mosei_real,0,mosei_XFGHTk_3hGg_002,,,-1,1,1,1,D:\Documents\Programming\Thesis_G10\data\raw\CMU-MOSEI\segments\XFGHTk_3hGg_002.mp4,data\preprocessed\features\z_at\XFGHTk_3hGg_002.pt,data\preprocessed\features\z_v\XFGHTk_3hGg_002.pt
XFGHTk_3hGg_003,mosei_real,0,mosei_XFGHTk_3hGg_003,,,-1,1,1,1,D:\Documents\Programming\Thesis_G10\data\raw\CMU-MOSEI\segments\XFGHTk_3hGg_003.mp4,data\preprocessed\features\z_at\XFGHTk_3hGg_003.pt,data\preprocessed\features\z_v\XFGHTk_3hGg_003.pt
XIGpuL-Kkyk_000,mosei_real,0,mosei_XIGpuL-Kkyk_000,,,-1,1,1,1,D:\Documents\Programming\Thesis_G10\data\raw\CMU-MOSEI\segments\XIGpuL-Kkyk_000.mp4,data\preprocessed\features\z_at\XIGpuL-Kkyk_000.pt,data\preprocessed\features\z_v\XIGpuL-Kkyk_000.pt
XIGpuL-Kkyk_001,mosei_real,0,mosei_XIGpuL-Kkyk_001,,,-1,1,1,1,D:\Documents\Programming\Thesis_G10\data\raw\CMU-MOSEI\segments\XIGpuL-Kkyk_001.mp4,data\preprocessed\features\z_at\XIGpuL-Kkyk_001.pt,data\preprocessed\features\z_v\XIGpuL-Kkyk_001.pt
XIGpuL-Kkyk_003,mosei_real,0,mosei_XIGpuL-Kkyk_003,,,-1,1,1,1,D:\Documents\Programming\Thesis_G10\data\raw\CMU-MOSEI\segments\XIGpuL-Kkyk_003.mp4,data\preprocessed\features\z_at\XIGpuL-Kkyk_003.pt,data\preprocessed\features\z_v\XIGpuL-Kkyk_003.pt
XIGpuL-Kkyk_004,mosei_real,0,mosei_XIGpuL-Kkyk_004,,,-1,1,1,1,D:\Documents\Programming\Thesis_G10\data\raw\CMU-MOSEI\segments\XIGpuL-Kkyk_004.mp4,data\preprocessed\features\z_at\XIGpuL-Kkyk_004.pt,data\preprocessed\features\z_v\XIGpuL-Kkyk_004.pt
XIGpuL-Kkyk_005,mosei_real,0,mosei_XIGpuL-Kkyk_005,,,-1,1,1,1,D:\Documents\Programming\Thesis_G10\data\raw\CMU-MOSEI\segments\XIGpuL-Kkyk_005.mp4,data\preprocessed\features\z_at\XIGpuL-Kkyk_005.pt,data\preprocessed\features\z_v\XIGpuL-Kkyk_005.pt
XKyumlBmix8_001,mosei_real,0,mosei_XKyumlBmix8_001,,,-1,1,1,1,D:\Documents\Programming\Thesis_G10\data\raw\CMU-MOSEI\segments\XKyumlBmix8_001.mp4,data\preprocessed\features\z_at\XKyumlBmix8_001.pt,data\preprocessed\features\z_v\XKyumlBmix8_001.pt
XKyumlBmix8_002,mosei_real,0,mosei_XKyumlBmix8_002,,,-1,1,1,1,D:\Documents\Programming\Thesis_G10\data\raw\CMU-MOSEI\segments\XKyumlBmix8_002.mp4,data\preprocessed\features\z_at\XKyumlBmix8_002.pt,data\preprocessed\features\z_v\XKyumlBmix8_002.pt
XKyumlBmix8_003,mosei_real,0,mosei_XKyumlBmix8_003,,,-1,1,1,1,D:\Documents\Programming\Thesis_G10\data\raw\CMU-MOSEI\segments\XKyumlBmix8_003.mp4,data\preprocessed\features\z_at\XKyumlBmix8_003.pt,data\preprocessed\features\z_v\XKyumlBmix8_003.pt
XPoY4LD-A1I_000,mosei_real,0,mosei_XPoY4LD-A1I_000,,,-1,1,1,1,D:\Documents\Programming\Thesis_G10\data\raw\CMU-MOSEI\segments\XPoY4LD-A1I_000.mp4,data\preprocessed\features\z_at\XPoY4LD-A1I_000.pt,data\preprocessed\features\z_v\XPoY4LD-A1I_000.pt
XPoY4LD-A1I_002,mosei_real,0,mosei_XPoY4LD-A1I_002,,,-1,1,1,1,D:\Documents\Programming\Thesis_G10\data\raw\CMU-MOSEI\segments\XPoY4LD-A1I_002.mp4,data\preprocessed\features\z_at\XPoY4LD-A1I_002.pt,data\preprocessed\features\z_v\XPoY4LD-A1I_002.pt
XPoY4LD-A1I_003,mosei_real,0,mosei_XPoY4LD-A1I_003,,,-1,1,1,1,D:\Documents\Programming\Thesis_G10\data\raw\CMU-MOSEI\segments\XPoY4LD-A1I_003.mp4,data\preprocessed\features\z_at\XPoY4LD-A1I_003.pt,data\preprocessed\features\z_v\XPoY4LD-A1I_003.pt
XPoY4LD-A1I_004,mosei_real,0,mosei_XPoY4LD-A1I_004,,,-1,1,1,1,D:\Documents\Programming\Thesis_G10\data\raw\CMU-MOSEI\segments\XPoY4LD-A1I_004.mp4,data\preprocessed\features\z_at\XPoY4LD-A1I_004.pt,data\preprocessed\features\z_v\XPoY4LD-A1I_004.pt
XPoY4LD-A1I_005,mosei_real,0,mosei_XPoY4LD-A1I_005,,,-1,1,1,1,D:\Documents\Programming\Thesis_G10\data\raw\CMU-MOSEI\segments\XPoY4LD-A1I_005.mp4,data\preprocessed\features\z_at\XPoY4LD-A1I_005.pt,data\preprocessed\features\z_v\XPoY4LD-A1I_005.pt
XVSDfgstFUQ_000,mosei_real,0,mosei_XVSDfgstFUQ_000,,,-1,1,1,1,D:\Documents\Programming\Thesis_G10\data\raw\CMU-MOSEI\segments\XVSDfgstFUQ_000.mp4,data\preprocessed\features\z_at\XVSDfgstFUQ_000.pt,data\preprocessed\features\z_v\XVSDfgstFUQ_000.pt
XVSDfgstFUQ_003,mosei_real,0,mosei_XVSDfgstFUQ_003,,,-1,1,1,1,D:\Documents\Programming\Thesis_G10\data\raw\CMU-MOSEI\segments\XVSDfgstFUQ_003.mp4,data\preprocessed\features\z_at\XVSDfgstFUQ_003.pt,data\preprocessed\features\z_v\XVSDfgstFUQ_003.pt
XVSDfgstFUQ_005,mosei_real,0,mosei_XVSDfgstFUQ_005,,,-1,1,1,1,D:\Documents\Programming\Thesis_G10\data\raw\CMU-MOSEI\segments\XVSDfgstFUQ_005.mp4,data\preprocessed\features\z_at\XVSDfgstFUQ_005.pt,data\preprocessed\features\z_v\XVSDfgstFUQ_005.pt
XVWiAArXYpE_000,mosei_real,0,mosei_XVWiAArXYpE_000,,,-1,1,1,1,D:\Documents\Programming\Thesis_G10\data\raw\CMU-MOSEI\segments\XVWiAArXYpE_000.mp4,data\preprocessed\features\z_at\XVWiAArXYpE_000.pt,data\preprocessed\features\z_v\XVWiAArXYpE_000.pt
XVWiAArXYpE_001,mosei_real,0,mosei_XVWiAArXYpE_001,,,-1,1,1,1,D:\Documents\Programming\Thesis_G10\data\raw\CMU-MOSEI\segments\XVWiAArXYpE_001.mp4,data\preprocessed\features\z_at\XVWiAArXYpE_001.pt,data\preprocessed\features\z_v\XVWiAArXYpE_001.pt
XVWiAArXYpE_002,mosei_real,0,mosei_XVWiAArXYpE_002,,,-1,1,1,1,D:\Documents\Programming\Thesis_G10\data\raw\CMU-MOSEI\segments\XVWiAArXYpE_002.mp4,data\preprocessed\features\z_at\XVWiAArXYpE_002.pt,data\preprocessed\features\z_v\XVWiAArXYpE_002.pt
XVWiAArXYpE_003,mosei_real,0,mosei_XVWiAArXYpE_003,,,-1,1,1,1,D:\Documents\Programming\Thesis_G10\data\raw\CMU-MOSEI\segments\XVWiAArXYpE_003.mp4,data\preprocessed\features\z_at\XVWiAArXYpE_003.pt,data\preprocessed\features\z_v\XVWiAArXYpE_003.pt
XVWiAArXYpE_004,mosei_real,0,mosei_XVWiAArXYpE_004,,,-1,1,1,1,D:\Documents\Programming\Thesis_G10\data\raw\CMU-MOSEI\segments\XVWiAArXYpE_004.mp4,data\preprocessed\features\z_at\XVWiAArXYpE_004.pt,data\preprocessed\features\z_v\XVWiAArXYpE_004.pt
XVWiAArXYpE_006,mosei_real,0,mosei_XVWiAArXYpE_006,,,-1,1,1,1,D:\Documents\Programming\Thesis_G10\data\raw\CMU-MOSEI\segments\XVWiAArXYpE_006.mp4,data\preprocessed\features\z_at\XVWiAArXYpE_006.pt,data\preprocessed\features\z_v\XVWiAArXYpE_006.pt
XVWiAArXYpE_007,mosei_real,0,mosei_XVWiAArXYpE_007,,,-1,1,1,1,D:\Documents\Programming\Thesis_G10\data\raw\CMU-MOSEI\segments\XVWiAArXYpE_007.mp4,data\preprocessed\features\z_at\XVWiAArXYpE_007.pt,data\preprocessed\features\z_v\XVWiAArXYpE_007.pt
XVWiAArXYpE_009,mosei_real,0,mosei_XVWiAArXYpE_009,,,-1,1,1,1,D:\Documents\Programming\Thesis_G10\data\raw\CMU-MOSEI\segments\XVWiAArXYpE_009.mp4,data\preprocessed\features\z_at\XVWiAArXYpE_009.pt,data\preprocessed\features\z_v\XVWiAArXYpE_009.pt
XWIp0zH3qDM_000,mosei_real,0,mosei_XWIp0zH3qDM_000,,,-1,1,1,1,D:\Documents\Programming\Thesis_G10\data\raw\CMU-MOSEI\segments\XWIp0zH3qDM_000.mp4,data\preprocessed\features\z_at\XWIp0zH3qDM_000.pt,data\preprocessed\features\z_v\XWIp0zH3qDM_000.pt
XXvSLz8QmGk_000,mosei_real,0,mosei_XXvSLz8QmGk_000,,,-1,1,1,1,D:\Documents\Programming\Thesis_G10\data\raw\CMU-MOSEI\segments\XXvSLz8QmGk_000.mp4,data\preprocessed\features\z_at\XXvSLz8QmGk_000.pt,data\preprocessed\features\z_v\XXvSLz8QmGk_000.pt
XXvSLz8QmGk_006,mosei_real,0,mosei_XXvSLz8QmGk_006,,,-1,1,1,1,D:\Documents\Programming\Thesis_G10\data\raw\CMU-MOSEI\segments\XXvSLz8QmGk_006.mp4,data\preprocessed\features\z_at\XXvSLz8QmGk_006.pt,data\preprocessed\features\z_v\XXvSLz8QmGk_006.pt
XXvSLz8QmGk_010,mosei_real,0,mosei_XXvSLz8QmGk_010,,,-1,1,1,1,D:\Documents\Programming\Thesis_G10\data\raw\CMU-MOSEI\segments\XXvSLz8QmGk_010.mp4,data\preprocessed\features\z_at\XXvSLz8QmGk_010.pt,data\preprocessed\features\z_v\XXvSLz8QmGk_010.pt
X_TusmBIlC0_000,mosei_real,0,mosei_X_TusmBIlC0_000,,,-1,1,1,1,D:\Documents\Programming\Thesis_G10\data\raw\CMU-MOSEI\segments\X_TusmBIlC0_000.mp4,data\preprocessed\features\z_at\X_TusmBIlC0_000.pt,data\preprocessed\features\z_v\X_TusmBIlC0_000.pt
X_TusmBIlC0_001,mosei_real,0,mosei_X_TusmBIlC0_001,,,-1,1,1,1,D:\Documents\Programming\Thesis_G10\data\raw\CMU-MOSEI\segments\X_TusmBIlC0_001.mp4,data\preprocessed\features\z_at\X_TusmBIlC0_001.pt,data\preprocessed\features\z_v\X_TusmBIlC0_001.pt
Xa086gxLJ3Y_000,mosei_real,0,mosei_Xa086gxLJ3Y_000,,,-1,1,1,1,D:\Documents\Programming\Thesis_G10\data\raw\CMU-MOSEI\segments\Xa086gxLJ3Y_000.mp4,data\preprocessed\features\z_at\Xa086gxLJ3Y_000.pt,data\preprocessed\features\z_v\Xa086gxLJ3Y_000.pt
Xa086gxLJ3Y_001,mosei_real,0,mosei_Xa086gxLJ3Y_001,,,-1,1,1,1,D:\Documents\Programming\Thesis_G10\data\raw\CMU-MOSEI\segments\Xa086gxLJ3Y_001.mp4,data\preprocessed\features\z_at\Xa086gxLJ3Y_001.pt,data\preprocessed\features\z_v\Xa086gxLJ3Y_001.pt
Xa086gxLJ3Y_002,mosei_real,0,mosei_Xa086gxLJ3Y_002,,,-1,1,1,1,D:\Documents\Programming\Thesis_G10\data\raw\CMU-MOSEI\segments\Xa086gxLJ3Y_002.mp4,data\preprocessed\features\z_at\Xa086gxLJ3Y_002.pt,data\preprocessed\features\z_v\Xa086gxLJ3Y_002.pt
XaVYxIW0FDg_000,mosei_real,0,mosei_XaVYxIW0FDg_000,,,-1,1,1,1,D:\Documents\Programming\Thesis_G10\data\raw\CMU-MOSEI\segments\XaVYxIW0FDg_000.mp4,data\preprocessed\features\z_at\XaVYxIW0FDg_000.pt,data\preprocessed\features\z_v\XaVYxIW0FDg_000.pt
XbkYA-iXUwA_000,mosei_real,0,mosei_XbkYA-iXUwA_000,,,-1,1,1,1,D:\Documents\Programming\Thesis_G10\data\raw\CMU-MOSEI\segments\XbkYA-iXUwA_000.mp4,data\preprocessed\features\z_at\XbkYA-iXUwA_000.pt,data\preprocessed\features\z_v\XbkYA-iXUwA_000.pt
XbkYA-iXUwA_001,mosei_real,0,mosei_XbkYA-iXUwA_001,,,-1,1,1,1,D:\Documents\Programming\Thesis_G10\data\raw\CMU-MOSEI\segments\XbkYA-iXUwA_001.mp4,data\preprocessed\features\z_at\XbkYA-iXUwA_001.pt,data\preprocessed\features\z_v\XbkYA-iXUwA_001.pt
XbkYA-iXUwA_002,mosei_real,0,mosei_XbkYA-iXUwA_002,,,-1,1,1,1,D:\Documents\Programming\Thesis_G10\data\raw\CMU-MOSEI\segments\XbkYA-iXUwA_002.mp4,data\preprocessed\features\z_at\XbkYA-iXUwA_002.pt,data\preprocessed\features\z_v\XbkYA-iXUwA_002.pt
XblL7mcdDdg_003,mosei_real,0,mosei_XblL7mcdDdg_003,,,-1,1,1,1,D:\Documents\Programming\Thesis_G10\data\raw\CMU-MOSEI\segments\XblL7mcdDdg_003.mp4,data\preprocessed\features\z_at\XblL7mcdDdg_003.pt,data\preprocessed\features\z_v\XblL7mcdDdg_003.pt
XblL7mcdDdg_004,mosei_real,0,mosei_XblL7mcdDdg_004,,,-1,1,1,1,D:\Documents\Programming\Thesis_G10\data\raw\CMU-MOSEI\segments\XblL7mcdDdg_004.mp4,data\preprocessed\features\z_at\XblL7mcdDdg_004.pt,data\preprocessed\features\z_v\XblL7mcdDdg_004.pt
XbolrpSc0KU_000,mosei_real,0,mosei_XbolrpSc0KU_000,,,-1,1,1,1,D:\Documents\Programming\Thesis_G10\data\raw\CMU-MOSEI\segments\XbolrpSc0KU_000.mp4,data\preprocessed\features\z_at\XbolrpSc0KU_000.pt,data\preprocessed\features\z_v\XbolrpSc0KU_000.pt
XbolrpSc0KU_001,mosei_real,0,mosei_XbolrpSc0KU_001,,,-1,1,1,1,D:\Documents\Programming\Thesis_G10\data\raw\CMU-MOSEI\segments\XbolrpSc0KU_001.mp4,data\preprocessed\features\z_at\XbolrpSc0KU_001.pt,data\preprocessed\features\z_v\XbolrpSc0KU_001.pt
XbolrpSc0KU_003,mosei_real,0,mosei_XbolrpSc0KU_003,,,-1,1,1,1,D:\Documents\Programming\Thesis_G10\data\raw\CMU-MOSEI\segments\XbolrpSc0KU_003.mp4,data\preprocessed\features\z_at\XbolrpSc0KU_003.pt,data\preprocessed\features\z_v\XbolrpSc0KU_003.pt
XbolrpSc0KU_004,mosei_real,0,mosei_XbolrpSc0KU_004,,,-1,1,1,1,D:\Documents\Programming\Thesis_G10\data\raw\CMU-MOSEI\segments\XbolrpSc0KU_004.mp4,data\preprocessed\features\z_at\XbolrpSc0KU_004.pt,data\preprocessed\features\z_v\XbolrpSc0KU_004.pt
XlTYSOaZ_vM_000,mosei_real,0,mosei_XlTYSOaZ_vM_000,,,-1,1,1,1,D:\Documents\Programming\Thesis_G10\data\raw\CMU-MOSEI\segments\XlTYSOaZ_vM_000.mp4,data\preprocessed\features\z_at\XlTYSOaZ_vM_000.pt,data\preprocessed\features\z_v\XlTYSOaZ_vM_000.pt
XlTYSOaZ_vM_001,mosei_real,0,mosei_XlTYSOaZ_vM_001,,,-1,1,1,1,D:\Documents\Programming\Thesis_G10\data\raw\CMU-MOSEI\segments\XlTYSOaZ_vM_001.mp4,data\preprocessed\features\z_at\XlTYSOaZ_vM_001.pt,data\preprocessed\features\z_v\XlTYSOaZ_vM_001.pt
XnPnlRQXSkM_000,mosei_real,0,mosei_XnPnlRQXSkM_000,,,-1,1,1,1,D:\Documents\Programming\Thesis_G10\data\raw\CMU-MOSEI\segments\XnPnlRQXSkM_000.mp4,data\preprocessed\features\z_at\XnPnlRQXSkM_000.pt,data\preprocessed\features\z_v\XnPnlRQXSkM_000.pt
XnPnlRQXSkM_001,mosei_real,0,mosei_XnPnlRQXSkM_001,,,-1,1,1,1,D:\Documents\Programming\Thesis_G10\data\raw\CMU-MOSEI\segments\XnPnlRQXSkM_001.mp4,data\preprocessed\features\z_at\XnPnlRQXSkM_001.pt,data\preprocessed\features\z_v\XnPnlRQXSkM_001.pt
XnPnlRQXSkM_002,mosei_real,0,mosei_XnPnlRQXSkM_002,,,-1,1,1,1,D:\Documents\Programming\Thesis_G10\data\raw\CMU-MOSEI\segments\XnPnlRQXSkM_002.mp4,data\preprocessed\features\z_at\XnPnlRQXSkM_002.pt,data\preprocessed\features\z_v\XnPnlRQXSkM_002.pt
Xo6-V2RlWss_000,mosei_real,0,mosei_Xo6-V2RlWss_000,,,-1,1,1,1,D:\Documents\Programming\Thesis_G10\data\raw\CMU-MOSEI\segments\Xo6-V2RlWss_000.mp4,data\preprocessed\features\z_at\Xo6-V2RlWss_000.pt,data\preprocessed\features\z_v\Xo6-V2RlWss_000.pt
Xo6-V2RlWss_001,mosei_real,0,mosei_Xo6-V2RlWss_001,,,-1,1,1,1,D:\Documents\Programming\Thesis_G10\data\raw\CMU-MOSEI\segments\Xo6-V2RlWss_001.mp4,data\preprocessed\features\z_at\Xo6-V2RlWss_001.pt,data\preprocessed\features\z_v\Xo6-V2RlWss_001.pt
Xo6-V2RlWss_002,mosei_real,0,mosei_Xo6-V2RlWss_002,,,-1,1,1,1,D:\Documents\Programming\Thesis_G10\data\raw\CMU-MOSEI\segments\Xo6-V2RlWss_002.mp4,data\preprocessed\features\z_at\Xo6-V2RlWss_002.pt,data\preprocessed\features\z_v\Xo6-V2RlWss_002.pt
Xq7zLxYHxd8_000,mosei_real,0,mosei_Xq7zLxYHxd8_000,,,-1,1,1,1,D:\Documents\Programming\Thesis_G10\data\raw\CMU-MOSEI\segments\Xq7zLxYHxd8_000.mp4,data\preprocessed\features\z_at\Xq7zLxYHxd8_000.pt,data\preprocessed\features\z_v\Xq7zLxYHxd8_000.pt
Xq7zLxYHxd8_002,mosei_real,0,mosei_Xq7zLxYHxd8_002,,,-1,1,1,1,D:\Documents\Programming\Thesis_G10\data\raw\CMU-MOSEI\segments\Xq7zLxYHxd8_002.mp4,data\preprocessed\features\z_at\Xq7zLxYHxd8_002.pt,data\preprocessed\features\z_v\Xq7zLxYHxd8_002.pt
Xq7zLxYHxd8_003,mosei_real,0,mosei_Xq7zLxYHxd8_003,,,-1,1,1,1,D:\Documents\Programming\Thesis_G10\data\raw\CMU-MOSEI\segments\Xq7zLxYHxd8_003.mp4,data\preprocessed\features\z_at\Xq7zLxYHxd8_003.pt,data\preprocessed\features\z_v\Xq7zLxYHxd8_003.pt
Xq7zLxYHxd8_006,mosei_real,0,mosei_Xq7zLxYHxd8_006,,,-1,1,1,1,D:\Documents\Programming\Thesis_G10\data\raw\CMU-MOSEI\segments\Xq7zLxYHxd8_006.mp4,data\preprocessed\features\z_at\Xq7zLxYHxd8_006.pt,data\preprocessed\features\z_v\Xq7zLxYHxd8_006.pt
XsEPZydHWdo_001,mosei_real,0,mosei_XsEPZydHWdo_001,,,-1,1,1,1,D:\Documents\Programming\Thesis_G10\data\raw\CMU-MOSEI\segments\XsEPZydHWdo_001.mp4,data\preprocessed\features\z_at\XsEPZydHWdo_001.pt,data\preprocessed\features\z_v\XsEPZydHWdo_001.pt
Xx7Y2YIbleA_001,mosei_real,0,mosei_Xx7Y2YIbleA_001,,,-1,1,1,1,D:\Documents\Programming\Thesis_G10\data\raw\CMU-MOSEI\segments\Xx7Y2YIbleA_001.mp4,data\preprocessed\features\z_at\Xx7Y2YIbleA_001.pt,data\preprocessed\features\z_v\Xx7Y2YIbleA_001.pt
Xx7Y2YIbleA_002,mosei_real,0,mosei_Xx7Y2YIbleA_002,,,-1,1,1,1,D:\Documents\Programming\Thesis_G10\data\raw\CMU-MOSEI\segments\Xx7Y2YIbleA_002.mp4,data\preprocessed\features\z_at\Xx7Y2YIbleA_002.pt,data\preprocessed\features\z_v\Xx7Y2YIbleA_002.pt
Xx7Y2YIbleA_007,mosei_real,0,mosei_Xx7Y2YIbleA_007,,,-1,1,1,1,D:\Documents\Programming\Thesis_G10\data\raw\CMU-MOSEI\segments\Xx7Y2YIbleA_007.mp4,data\preprocessed\features\z_at\Xx7Y2YIbleA_007.pt,data\preprocessed\features\z_v\Xx7Y2YIbleA_007.pt
Xy57UpKRNEo_000,mosei_real,0,mosei_Xy57UpKRNEo_000,,,-1,1,1,1,D:\Documents\Programming\Thesis_G10\data\raw\CMU-MOSEI\segments\Xy57UpKRNEo_000.mp4,data\preprocessed\features\z_at\Xy57UpKRNEo_000.pt,data\preprocessed\features\z_v\Xy57UpKRNEo_000.pt
Xy57UpKRNEo_002,mosei_real,0,mosei_Xy57UpKRNEo_002,,,-1,1,1,1,D:\Documents\Programming\Thesis_G10\data\raw\CMU-MOSEI\segments\Xy57UpKRNEo_002.mp4,data\preprocessed\features\z_at\Xy57UpKRNEo_002.pt,data\preprocessed\features\z_v\Xy57UpKRNEo_002.pt
Xy57UpKRNEo_003,mosei_real,0,mosei_Xy57UpKRNEo_003,,,-1,1,1,1,D:\Documents\Programming\Thesis_G10\data\raw\CMU-MOSEI\segments\Xy57UpKRNEo_003.mp4,data\preprocessed\features\z_at\Xy57UpKRNEo_003.pt,data\preprocessed\features\z_v\Xy57UpKRNEo_003.pt
Xy57UpKRNEo_004,mosei_real,0,mosei_Xy57UpKRNEo_004,,,-1,1,1,1,D:\Documents\Programming\Thesis_G10\data\raw\CMU-MOSEI\segments\Xy57UpKRNEo_004.mp4,data\preprocessed\features\z_at\Xy57UpKRNEo_004.pt,data\preprocessed\features\z_v\Xy57UpKRNEo_004.pt
XyBU_gZtU0M_000,mosei_real,0,mosei_XyBU_gZtU0M_000,,,-1,1,1,1,D:\Documents\Programming\Thesis_G10\data\raw\CMU-MOSEI\segments\XyBU_gZtU0M_000.mp4,data\preprocessed\features\z_at\XyBU_gZtU0M_000.pt,data\preprocessed\features\z_v\XyBU_gZtU0M_000.pt
XyBU_gZtU0M_001,mosei_real,0,mosei_XyBU_gZtU0M_001,,,-1,1,1,1,D:\Documents\Programming\Thesis_G10\data\raw\CMU-MOSEI\segments\XyBU_gZtU0M_001.mp4,data\preprocessed\features\z_at\XyBU_gZtU0M_001.pt,data\preprocessed\features\z_v\XyBU_gZtU0M_001.pt
XyBU_gZtU0M_004,mosei_real,0,mosei_XyBU_gZtU0M_004,,,-1,1,1,1,D:\Documents\Programming\Thesis_G10\data\raw\CMU-MOSEI\segments\XyBU_gZtU0M_004.mp4,data\preprocessed\features\z_at\XyBU_gZtU0M_004.pt,data\preprocessed\features\z_v\XyBU_gZtU0M_004.pt
XyBU_gZtU0M_005,mosei_real,0,mosei_XyBU_gZtU0M_005,,,-1,1,1,1,D:\Documents\Programming\Thesis_G10\data\raw\CMU-MOSEI\segments\XyBU_gZtU0M_005.mp4,data\preprocessed\features\z_at\XyBU_gZtU0M_005.pt,data\preprocessed\features\z_v\XyBU_gZtU0M_005.pt
XyBU_gZtU0M_006,mosei_real,0,mosei_XyBU_gZtU0M_006,,,-1,1,1,1,D:\Documents\Programming\Thesis_G10\data\raw\CMU-MOSEI\segments\XyBU_gZtU0M_006.mp4,data\preprocessed\features\z_at\XyBU_gZtU0M_006.pt,data\preprocessed\features\z_v\XyBU_gZtU0M_006.pt
XyBU_gZtU0M_007,mosei_real,0,mosei_XyBU_gZtU0M_007,,,-1,1,1,1,D:\Documents\Programming\Thesis_G10\data\raw\CMU-MOSEI\segments\XyBU_gZtU0M_007.mp4,data\preprocessed\features\z_at\XyBU_gZtU0M_007.pt,data\preprocessed\features\z_v\XyBU_gZtU0M_007.pt
XyBU_gZtU0M_008,mosei_real,0,mosei_XyBU_gZtU0M_008,,,-1,1,1,1,D:\Documents\Programming\Thesis_G10\data\raw\CMU-MOSEI\segments\XyBU_gZtU0M_008.mp4,data\preprocessed\features\z_at\XyBU_gZtU0M_008.pt,data\preprocessed\features\z_v\XyBU_gZtU0M_008.pt
XyBU_gZtU0M_010,mosei_real,0,mosei_XyBU_gZtU0M_010,,,-1,1,1,1,D:\Documents\Programming\Thesis_G10\data\raw\CMU-MOSEI\segments\XyBU_gZtU0M_010.mp4,data\preprocessed\features\z_at\XyBU_gZtU0M_010.pt,data\preprocessed\features\z_v\XyBU_gZtU0M_010.pt
XyBU_gZtU0M_011,mosei_real,0,mosei_XyBU_gZtU0M_011,,,-1,1,1,1,D:\Documents\Programming\Thesis_G10\data\raw\CMU-MOSEI\segments\XyBU_gZtU0M_011.mp4,data\preprocessed\features\z_at\XyBU_gZtU0M_011.pt,data\preprocessed\features\z_v\XyBU_gZtU0M_011.pt
XyBU_gZtU0M_013,mosei_real,0,mosei_XyBU_gZtU0M_013,,,-1,1,1,1,D:\Documents\Programming\Thesis_G10\data\raw\CMU-MOSEI\segments\XyBU_gZtU0M_013.mp4,data\preprocessed\features\z_at\XyBU_gZtU0M_013.pt,data\preprocessed\features\z_v\XyBU_gZtU0M_013.pt
XyBU_gZtU0M_014,mosei_real,0,mosei_XyBU_gZtU0M_014,,,-1,1,1,1,D:\Documents\Programming\Thesis_G10\data\raw\CMU-MOSEI\segments\XyBU_gZtU0M_014.mp4,data\preprocessed\features\z_at\XyBU_gZtU0M_014.pt,data\preprocessed\features\z_v\XyBU_gZtU0M_014.pt
XyBU_gZtU0M_016,mosei_real,0,mosei_XyBU_gZtU0M_016,,,-1,1,1,1,D:\Documents\Programming\Thesis_G10\data\raw\CMU-MOSEI\segments\XyBU_gZtU0M_016.mp4,data\preprocessed\features\z_at\XyBU_gZtU0M_016.pt,data\preprocessed\features\z_v\XyBU_gZtU0M_016.pt
XyBU_gZtU0M_017,mosei_real,0,mosei_XyBU_gZtU0M_017,,,-1,1,1,1,D:\Documents\Programming\Thesis_G10\data\raw\CMU-MOSEI\segments\XyBU_gZtU0M_017.mp4,data\preprocessed\features\z_at\XyBU_gZtU0M_017.pt,data\preprocessed\features\z_v\XyBU_gZtU0M_017.pt
XyBU_gZtU0M_018,mosei_real,0,mosei_XyBU_gZtU0M_018,,,-1,1,1,1,D:\Documents\Programming\Thesis_G10\data\raw\CMU-MOSEI\segments\XyBU_gZtU0M_018.mp4,data\preprocessed\features\z_at\XyBU_gZtU0M_018.pt,data\preprocessed\features\z_v\XyBU_gZtU0M_018.pt
XyBU_gZtU0M_019,mosei_real,0,mosei_XyBU_gZtU0M_019,,,-1,1,1,1,D:\Documents\Programming\Thesis_G10\data\raw\CMU-MOSEI\segments\XyBU_gZtU0M_019.mp4,data\preprocessed\features\z_at\XyBU_gZtU0M_019.pt,data\preprocessed\features\z_v\XyBU_gZtU0M_019.pt
XyBU_gZtU0M_020,mosei_real,0,mosei_XyBU_gZtU0M_020,,,-1,1,1,1,D:\Documents\Programming\Thesis_G10\data\raw\CMU-MOSEI\segments\XyBU_gZtU0M_020.mp4,data\preprocessed\features\z_at\XyBU_gZtU0M_020.pt,data\preprocessed\features\z_v\XyBU_gZtU0M_020.pt
XyP8bVmGX6M_001,mosei_real,0,mosei_XyP8bVmGX6M_001,,,-1,1,1,1,D:\Documents\Programming\Thesis_G10\data\raw\CMU-MOSEI\segments\XyP8bVmGX6M_001.mp4,data\preprocessed\features\z_at\XyP8bVmGX6M_001.pt,data\preprocessed\features\z_v\XyP8bVmGX6M_001.pt
XzVapdEr_GY_000,mosei_real,0,mosei_XzVapdEr_GY_000,,,-1,1,1,1,D:\Documents\Programming\Thesis_G10\data\raw\CMU-MOSEI\segments\XzVapdEr_GY_000.mp4,data\preprocessed\features\z_at\XzVapdEr_GY_000.pt,data\preprocessed\features\z_v\XzVapdEr_GY_000.pt
XzVapdEr_GY_002,mosei_real,0,mosei_XzVapdEr_GY_002,,,-1,1,1,1,D:\Documents\Programming\Thesis_G10\data\raw\CMU-MOSEI\segments\XzVapdEr_GY_002.mp4,data\preprocessed\features\z_at\XzVapdEr_GY_002.pt,data\preprocessed\features\z_v\XzVapdEr_GY_002.pt
XzhRYIeczg4_000,mosei_real,0,mosei_XzhRYIeczg4_000,,,-1,1,1,1,D:\Documents\Programming\Thesis_G10\data\raw\CMU-MOSEI\segments\XzhRYIeczg4_000.mp4,data\preprocessed\features\z_at\XzhRYIeczg4_000.pt,data\preprocessed\features\z_v\XzhRYIeczg4_000.pt
XzhRYIeczg4_001,mosei_real,0,mosei_XzhRYIeczg4_001,,,-1,1,1,1,D:\Documents\Programming\Thesis_G10\data\raw\CMU-MOSEI\segments\XzhRYIeczg4_001.mp4,data\preprocessed\features\z_at\XzhRYIeczg4_001.pt,data\preprocessed\features\z_v\XzhRYIeczg4_001.pt
Y2F51I-dzAg_000,mosei_real,0,mosei_Y2F51I-dzAg_000,,,-1,1,1,1,D:\Documents\Programming\Thesis_G10\data\raw\CMU-MOSEI\segments\Y2F51I-dzAg_000.mp4,data\preprocessed\features\z_at\Y2F51I-dzAg_000.pt,data\preprocessed\features\z_v\Y2F51I-dzAg_000.pt
Y2F51I-dzAg_002,mosei_real,0,mosei_Y2F51I-dzAg_002,,,-1,1,1,1,D:\Documents\Programming\Thesis_G10\data\raw\CMU-MOSEI\segments\Y2F51I-dzAg_002.mp4,data\preprocessed\features\z_at\Y2F51I-dzAg_002.pt,data\preprocessed\features\z_v\Y2F51I-dzAg_002.pt
Y2F51I-dzAg_003,mosei_real,0,mosei_Y2F51I-dzAg_003,,,-1,1,1,1,D:\Documents\Programming\Thesis_G10\data\raw\CMU-MOSEI\segments\Y2F51I-dzAg_003.mp4,data\preprocessed\features\z_at\Y2F51I-dzAg_003.pt,data\preprocessed\features\z_v\Y2F51I-dzAg_003.pt
Y4izAQYtGEw_000,mosei_real,0,mosei_Y4izAQYtGEw_000,,,-1,1,1,1,D:\Documents\Programming\Thesis_G10\data\raw\CMU-MOSEI\segments\Y4izAQYtGEw_000.mp4,data\preprocessed\features\z_at\Y4izAQYtGEw_000.pt,data\preprocessed\features\z_v\Y4izAQYtGEw_000.pt
Y4izAQYtGEw_002,mosei_real,0,mosei_Y4izAQYtGEw_002,,,-1,1,1,1,D:\Documents\Programming\Thesis_G10\data\raw\CMU-MOSEI\segments\Y4izAQYtGEw_002.mp4,data\preprocessed\features\z_at\Y4izAQYtGEw_002.pt,data\preprocessed\features\z_v\Y4izAQYtGEw_002.pt
Y4izAQYtGEw_004,mosei_real,0,mosei_Y4izAQYtGEw_004,,,-1,1,1,1,D:\Documents\Programming\Thesis_G10\data\raw\CMU-MOSEI\segments\Y4izAQYtGEw_004.mp4,data\preprocessed\features\z_at\Y4izAQYtGEw_004.pt,data\preprocessed\features\z_v\Y4izAQYtGEw_004.pt
Y6s_vuUUsJM_001,mosei_real,0,mosei_Y6s_vuUUsJM_001,,,-1,1,1,1,D:\Documents\Programming\Thesis_G10\data\raw\CMU-MOSEI\segments\Y6s_vuUUsJM_001.mp4,data\preprocessed\features\z_at\Y6s_vuUUsJM_001.pt,data\preprocessed\features\z_v\Y6s_vuUUsJM_001.pt
Y6zyM1nDhN0_000,mosei_real,0,mosei_Y6zyM1nDhN0_000,,,-1,1,1,1,D:\Documents\Programming\Thesis_G10\data\raw\CMU-MOSEI\segments\Y6zyM1nDhN0_000.mp4,data\preprocessed\features\z_at\Y6zyM1nDhN0_000.pt,data\preprocessed\features\z_v\Y6zyM1nDhN0_000.pt
Y6zyM1nDhN0_001,mosei_real,0,mosei_Y6zyM1nDhN0_001,,,-1,1,1,1,D:\Documents\Programming\Thesis_G10\data\raw\CMU-MOSEI\segments\Y6zyM1nDhN0_001.mp4,data\preprocessed\features\z_at\Y6zyM1nDhN0_001.pt,data\preprocessed\features\z_v\Y6zyM1nDhN0_001.pt
Y6zyM1nDhN0_002,mosei_real,0,mosei_Y6zyM1nDhN0_002,,,-1,1,1,1,D:\Documents\Programming\Thesis_G10\data\raw\CMU-MOSEI\segments\Y6zyM1nDhN0_002.mp4,data\preprocessed\features\z_at\Y6zyM1nDhN0_002.pt,data\preprocessed\features\z_v\Y6zyM1nDhN0_002.pt
Y7h-S3cJ52o_000,mosei_real,0,mosei_Y7h-S3cJ52o_000,,,-1,1,1,1,D:\Documents\Programming\Thesis_G10\data\raw\CMU-MOSEI\segments\Y7h-S3cJ52o_000.mp4,data\preprocessed\features\z_at\Y7h-S3cJ52o_000.pt,data\preprocessed\features\z_v\Y7h-S3cJ52o_000.pt
YAYfMkxhRiQ_001,mosei_real,0,mosei_YAYfMkxhRiQ_001,,,-1,1,1,1,D:\Documents\Programming\Thesis_G10\data\raw\CMU-MOSEI\segments\YAYfMkxhRiQ_001.mp4,data\preprocessed\features\z_at\YAYfMkxhRiQ_001.pt,data\preprocessed\features\z_v\YAYfMkxhRiQ_001.pt
YAYfMkxhRiQ_003,mosei_real,0,mosei_YAYfMkxhRiQ_003,,,-1,1,1,1,D:\Documents\Programming\Thesis_G10\data\raw\CMU-MOSEI\segments\YAYfMkxhRiQ_003.mp4,data\preprocessed\features\z_at\YAYfMkxhRiQ_003.pt,data\preprocessed\features\z_v\YAYfMkxhRiQ_003.pt
YAYfMkxhRiQ_004,mosei_real,0,mosei_YAYfMkxhRiQ_004,,,-1,1,1,1,D:\Documents\Programming\Thesis_G10\data\raw\CMU-MOSEI\segments\YAYfMkxhRiQ_004.mp4,data\preprocessed\features\z_at\YAYfMkxhRiQ_004.pt,data\preprocessed\features\z_v\YAYfMkxhRiQ_004.pt
YB9EUgrzCCo_000,mosei_real,0,mosei_YB9EUgrzCCo_000,,,-1,1,1,1,D:\Documents\Programming\Thesis_G10\data\raw\CMU-MOSEI\segments\YB9EUgrzCCo_000.mp4,data\preprocessed\features\z_at\YB9EUgrzCCo_000.pt,data\preprocessed\features\z_v\YB9EUgrzCCo_000.pt
YB9EUgrzCCo_001,mosei_real,0,mosei_YB9EUgrzCCo_001,,,-1,1,1,1,D:\Documents\Programming\Thesis_G10\data\raw\CMU-MOSEI\segments\YB9EUgrzCCo_001.mp4,data\preprocessed\features\z_at\YB9EUgrzCCo_001.pt,data\preprocessed\features\z_v\YB9EUgrzCCo_001.pt
YB9EUgrzCCo_002,mosei_real,0,mosei_YB9EUgrzCCo_002,,,-1,1,1,1,D:\Documents\Programming\Thesis_G10\data\raw\CMU-MOSEI\segments\YB9EUgrzCCo_002.mp4,data\preprocessed\features\z_at\YB9EUgrzCCo_002.pt,data\preprocessed\features\z_v\YB9EUgrzCCo_002.pt
YB9EUgrzCCo_003,mosei_real,0,mosei_YB9EUgrzCCo_003,,,-1,1,1,1,D:\Documents\Programming\Thesis_G10\data\raw\CMU-MOSEI\segments\YB9EUgrzCCo_003.mp4,data\preprocessed\features\z_at\YB9EUgrzCCo_003.pt,data\preprocessed\features\z_v\YB9EUgrzCCo_003.pt
YCI-ZzclIPQ_000,mosei_real,0,mosei_YCI-ZzclIPQ_000,,,-1,1,1,1,D:\Documents\Programming\Thesis_G10\data\raw\CMU-MOSEI\segments\YCI-ZzclIPQ_000.mp4,data\preprocessed\features\z_at\YCI-ZzclIPQ_000.pt,data\preprocessed\features\z_v\YCI-ZzclIPQ_000.pt
YD5vqR15nco_000,mosei_real,0,mosei_YD5vqR15nco_000,,,-1,1,1,1,D:\Documents\Programming\Thesis_G10\data\raw\CMU-MOSEI\segments\YD5vqR15nco_000.mp4,data\preprocessed\features\z_at\YD5vqR15nco_000.pt,data\preprocessed\features\z_v\YD5vqR15nco_000.pt
YF3mDOuF46M_001,mosei_real,0,mosei_YF3mDOuF46M_001,,,-1,1,1,1,D:\Documents\Programming\Thesis_G10\data\raw\CMU-MOSEI\segments\YF3mDOuF46M_001.mp4,data\preprocessed\features\z_at\YF3mDOuF46M_001.pt,data\preprocessed\features\z_v\YF3mDOuF46M_001.pt
YF3mDOuF46M_002,mosei_real,0,mosei_YF3mDOuF46M_002,,,-1,1,1,1,D:\Documents\Programming\Thesis_G10\data\raw\CMU-MOSEI\segments\YF3mDOuF46M_002.mp4,data\preprocessed\features\z_at\YF3mDOuF46M_002.pt,data\preprocessed\features\z_v\YF3mDOuF46M_002.pt
YF3mDOuF46M_003,mosei_real,0,mosei_YF3mDOuF46M_003,,,-1,1,1,1,D:\Documents\Programming\Thesis_G10\data\raw\CMU-MOSEI\segments\YF3mDOuF46M_003.mp4,data\preprocessed\features\z_at\YF3mDOuF46M_003.pt,data\preprocessed\features\z_v\YF3mDOuF46M_003.pt
YF3mDOuF46M_006,mosei_real,0,mosei_YF3mDOuF46M_006,,,-1,1,1,1,D:\Documents\Programming\Thesis_G10\data\raw\CMU-MOSEI\segments\YF3mDOuF46M_006.mp4,data\preprocessed\features\z_at\YF3mDOuF46M_006.pt,data\preprocessed\features\z_v\YF3mDOuF46M_006.pt
YITXOmhQhYE_002,mosei_real,0,mosei_YITXOmhQhYE_002,,,-1,1,1,1,D:\Documents\Programming\Thesis_G10\data\raw\CMU-MOSEI\segments\YITXOmhQhYE_002.mp4,data\preprocessed\features\z_at\YITXOmhQhYE_002.pt,data\preprocessed\features\z_v\YITXOmhQhYE_002.pt
YITXOmhQhYE_003,mosei_real,0,mosei_YITXOmhQhYE_003,,,-1,1,1,1,D:\Documents\Programming\Thesis_G10\data\raw\CMU-MOSEI\segments\YITXOmhQhYE_003.mp4,data\preprocessed\features\z_at\YITXOmhQhYE_003.pt,data\preprocessed\features\z_v\YITXOmhQhYE_003.pt
YITXOmhQhYE_004,mosei_real,0,mosei_YITXOmhQhYE_004,,,-1,1,1,1,D:\Documents\Programming\Thesis_G10\data\raw\CMU-MOSEI\segments\YITXOmhQhYE_004.mp4,data\preprocessed\features\z_at\YITXOmhQhYE_004.pt,data\preprocessed\features\z_v\YITXOmhQhYE_004.pt
YITXOmhQhYE_006,mosei_real,0,mosei_YITXOmhQhYE_006,,,-1,1,1,1,D:\Documents\Programming\Thesis_G10\data\raw\CMU-MOSEI\segments\YITXOmhQhYE_006.mp4,data\preprocessed\features\z_at\YITXOmhQhYE_006.pt,data\preprocessed\features\z_v\YITXOmhQhYE_006.pt
YITXOmhQhYE_007,mosei_real,0,mosei_YITXOmhQhYE_007,,,-1,1,1,1,D:\Documents\Programming\Thesis_G10\data\raw\CMU-MOSEI\segments\YITXOmhQhYE_007.mp4,data\preprocessed\features\z_at\YITXOmhQhYE_007.pt,data\preprocessed\features\z_v\YITXOmhQhYE_007.pt
YQZPnHZRp1w_000,mosei_real,0,mosei_YQZPnHZRp1w_000,,,-1,1,1,1,D:\Documents\Programming\Thesis_G10\data\raw\CMU-MOSEI\segments\YQZPnHZRp1w_000.mp4,data\preprocessed\features\z_at\YQZPnHZRp1w_000.pt,data\preprocessed\features\z_v\YQZPnHZRp1w_000.pt
YRmjALBdTdE_002,mosei_real,0,mosei_YRmjALBdTdE_002,,,-1,1,1,1,D:\Documents\Programming\Thesis_G10\data\raw\CMU-MOSEI\segments\YRmjALBdTdE_002.mp4,data\preprocessed\features\z_at\YRmjALBdTdE_002.pt,data\preprocessed\features\z_v\YRmjALBdTdE_002.pt
YRmjALBdTdE_003,mosei_real,0,mosei_YRmjALBdTdE_003,,,-1,1,1,1,D:\Documents\Programming\Thesis_G10\data\raw\CMU-MOSEI\segments\YRmjALBdTdE_003.mp4,data\preprocessed\features\z_at\YRmjALBdTdE_003.pt,data\preprocessed\features\z_v\YRmjALBdTdE_003.pt
YRmjALBdTdE_005,mosei_real,0,mosei_YRmjALBdTdE_005,,,-1,1,1,1,D:\Documents\Programming\Thesis_G10\data\raw\CMU-MOSEI\segments\YRmjALBdTdE_005.mp4,data\preprocessed\features\z_at\YRmjALBdTdE_005.pt,data\preprocessed\features\z_v\YRmjALBdTdE_005.pt
YRmjALBdTdE_006,mosei_real,0,mosei_YRmjALBdTdE_006,,,-1,1,1,1,D:\Documents\Programming\Thesis_G10\data\raw\CMU-MOSEI\segments\YRmjALBdTdE_006.mp4,data\preprocessed\features\z_at\YRmjALBdTdE_006.pt,data\preprocessed\features\z_v\YRmjALBdTdE_006.pt
YVHJpAROBvQ_002,mosei_real,0,mosei_YVHJpAROBvQ_002,,,-1,1,1,1,D:\Documents\Programming\Thesis_G10\data\raw\CMU-MOSEI\segments\YVHJpAROBvQ_002.mp4,data\preprocessed\features\z_at\YVHJpAROBvQ_002.pt,data\preprocessed\features\z_v\YVHJpAROBvQ_002.pt
YVHJpAROBvQ_003,mosei_real,0,mosei_YVHJpAROBvQ_003,,,-1,1,1,1,D:\Documents\Programming\Thesis_G10\data\raw\CMU-MOSEI\segments\YVHJpAROBvQ_003.mp4,data\preprocessed\features\z_at\YVHJpAROBvQ_003.pt,data\preprocessed\features\z_v\YVHJpAROBvQ_003.pt
YWjTWl0oNLk_000,mosei_real,0,mosei_YWjTWl0oNLk_000,,,-1,1,1,1,D:\Documents\Programming\Thesis_G10\data\raw\CMU-MOSEI\segments\YWjTWl0oNLk_000.mp4,data\preprocessed\features\z_at\YWjTWl0oNLk_000.pt,data\preprocessed\features\z_v\YWjTWl0oNLk_000.pt
YWjTWl0oNLk_001,mosei_real,0,mosei_YWjTWl0oNLk_001,,,-1,1,1,1,D:\Documents\Programming\Thesis_G10\data\raw\CMU-MOSEI\segments\YWjTWl0oNLk_001.mp4,data\preprocessed\features\z_at\YWjTWl0oNLk_001.pt,data\preprocessed\features\z_v\YWjTWl0oNLk_001.pt
YWjTWl0oNLk_002,mosei_real,0,mosei_YWjTWl0oNLk_002,,,-1,1,1,1,D:\Documents\Programming\Thesis_G10\data\raw\CMU-MOSEI\segments\YWjTWl0oNLk_002.mp4,data\preprocessed\features\z_at\YWjTWl0oNLk_002.pt,data\preprocessed\features\z_v\YWjTWl0oNLk_002.pt
YWjTWl0oNLk_004,mosei_real,0,mosei_YWjTWl0oNLk_004,,,-1,1,1,1,D:\Documents\Programming\Thesis_G10\data\raw\CMU-MOSEI\segments\YWjTWl0oNLk_004.mp4,data\preprocessed\features\z_at\YWjTWl0oNLk_004.pt,data\preprocessed\features\z_v\YWjTWl0oNLk_004.pt
YWjTWl0oNLk_005,mosei_real,0,mosei_YWjTWl0oNLk_005,,,-1,1,1,1,D:\Documents\Programming\Thesis_G10\data\raw\CMU-MOSEI\segments\YWjTWl0oNLk_005.mp4,data\preprocessed\features\z_at\YWjTWl0oNLk_005.pt,data\preprocessed\features\z_v\YWjTWl0oNLk_005.pt
YWjTWl0oNLk_007,mosei_real,0,mosei_YWjTWl0oNLk_007,,,-1,1,1,1,D:\Documents\Programming\Thesis_G10\data\raw\CMU-MOSEI\segments\YWjTWl0oNLk_007.mp4,data\preprocessed\features\z_at\YWjTWl0oNLk_007.pt,data\preprocessed\features\z_v\YWjTWl0oNLk_007.pt
YWjTWl0oNLk_008,mosei_real,0,mosei_YWjTWl0oNLk_008,,,-1,1,1,1,D:\Documents\Programming\Thesis_G10\data\raw\CMU-MOSEI\segments\YWjTWl0oNLk_008.mp4,data\preprocessed\features\z_at\YWjTWl0oNLk_008.pt,data\preprocessed\features\z_v\YWjTWl0oNLk_008.pt
YWjTWl0oNLk_009,mosei_real,0,mosei_YWjTWl0oNLk_009,,,-1,1,1,1,D:\Documents\Programming\Thesis_G10\data\raw\CMU-MOSEI\segments\YWjTWl0oNLk_009.mp4,data\preprocessed\features\z_at\YWjTWl0oNLk_009.pt,data\preprocessed\features\z_v\YWjTWl0oNLk_009.pt
YbuG8xyUO-o_000,mosei_real,0,mosei_YbuG8xyUO-o_000,,,-1,1,1,1,D:\Documents\Programming\Thesis_G10\data\raw\CMU-MOSEI\segments\YbuG8xyUO-o_000.mp4,data\preprocessed\features\z_at\YbuG8xyUO-o_000.pt,data\preprocessed\features\z_v\YbuG8xyUO-o_000.pt
YbuG8xyUO-o_001,mosei_real,0,mosei_YbuG8xyUO-o_001,,,-1,1,1,1,D:\Documents\Programming\Thesis_G10\data\raw\CMU-MOSEI\segments\YbuG8xyUO-o_001.mp4,data\preprocessed\features\z_at\YbuG8xyUO-o_001.pt,data\preprocessed\features\z_v\YbuG8xyUO-o_001.pt
YbuG8xyUO-o_002,mosei_real,0,mosei_YbuG8xyUO-o_002,,,-1,1,1,1,D:\Documents\Programming\Thesis_G10\data\raw\CMU-MOSEI\segments\YbuG8xyUO-o_002.mp4,data\preprocessed\features\z_at\YbuG8xyUO-o_002.pt,data\preprocessed\features\z_v\YbuG8xyUO-o_002.pt
YbuG8xyUO-o_003,mosei_real,0,mosei_YbuG8xyUO-o_003,,,-1,1,1,1,D:\Documents\Programming\Thesis_G10\data\raw\CMU-MOSEI\segments\YbuG8xyUO-o_003.mp4,data\preprocessed\features\z_at\YbuG8xyUO-o_003.pt,data\preprocessed\features\z_v\YbuG8xyUO-o_003.pt
Z4iYSMMMycQ_000,mosei_real,0,mosei_Z4iYSMMMycQ_000,,,-1,1,1,1,D:\Documents\Programming\Thesis_G10\data\raw\CMU-MOSEI\segments\Z4iYSMMMycQ_000.mp4,data\preprocessed\features\z_at\Z4iYSMMMycQ_000.pt,data\preprocessed\features\z_v\Z4iYSMMMycQ_000.pt
ZLCK8WX6qFQ_000,mosei_real,0,mosei_ZLCK8WX6qFQ_000,,,-1,1,1,1,D:\Documents\Programming\Thesis_G10\data\raw\CMU-MOSEI\segments\ZLCK8WX6qFQ_000.mp4,data\preprocessed\features\z_at\ZLCK8WX6qFQ_000.pt,data\preprocessed\features\z_v\ZLCK8WX6qFQ_000.pt
ZS1Nb0OWYNE_000,mosei_real,0,mosei_ZS1Nb0OWYNE_000,,,-1,1,1,1,D:\Documents\Programming\Thesis_G10\data\raw\CMU-MOSEI\segments\ZS1Nb0OWYNE_000.mp4,data\preprocessed\features\z_at\ZS1Nb0OWYNE_000.pt,data\preprocessed\features\z_v\ZS1Nb0OWYNE_000.pt
ZS1Nb0OWYNE_002,mosei_real,0,mosei_ZS1Nb0OWYNE_002,,,-1,1,1,1,D:\Documents\Programming\Thesis_G10\data\raw\CMU-MOSEI\segments\ZS1Nb0OWYNE_002.mp4,data\preprocessed\features\z_at\ZS1Nb0OWYNE_002.pt,data\preprocessed\features\z_v\ZS1Nb0OWYNE_002.pt
ZS1Nb0OWYNE_003,mosei_real,0,mosei_ZS1Nb0OWYNE_003,,,-1,1,1,1,D:\Documents\Programming\Thesis_G10\data\raw\CMU-MOSEI\segments\ZS1Nb0OWYNE_003.mp4,data\preprocessed\features\z_at\ZS1Nb0OWYNE_003.pt,data\preprocessed\features\z_v\ZS1Nb0OWYNE_003.pt
ZS1Nb0OWYNE_006,mosei_real,0,mosei_ZS1Nb0OWYNE_006,,,-1,1,1,1,D:\Documents\Programming\Thesis_G10\data\raw\CMU-MOSEI\segments\ZS1Nb0OWYNE_006.mp4,data\preprocessed\features\z_at\ZS1Nb0OWYNE_006.pt,data\preprocessed\features\z_v\ZS1Nb0OWYNE_006.pt
ZS1Nb0OWYNE_010,mosei_real,0,mosei_ZS1Nb0OWYNE_010,,,-1,1,1,1,D:\Documents\Programming\Thesis_G10\data\raw\CMU-MOSEI\segments\ZS1Nb0OWYNE_010.mp4,data\preprocessed\features\z_at\ZS1Nb0OWYNE_010.pt,data\preprocessed\features\z_v\ZS1Nb0OWYNE_010.pt
ZS1Nb0OWYNE_011,mosei_real,0,mosei_ZS1Nb0OWYNE_011,,,-1,1,1,1,D:\Documents\Programming\Thesis_G10\data\raw\CMU-MOSEI\segments\ZS1Nb0OWYNE_011.mp4,data\preprocessed\features\z_at\ZS1Nb0OWYNE_011.pt,data\preprocessed\features\z_v\ZS1Nb0OWYNE_011.pt
ZS1Nb0OWYNE_012,mosei_real,0,mosei_ZS1Nb0OWYNE_012,,,-1,1,1,1,D:\Documents\Programming\Thesis_G10\data\raw\CMU-MOSEI\segments\ZS1Nb0OWYNE_012.mp4,data\preprocessed\features\z_at\ZS1Nb0OWYNE_012.pt,data\preprocessed\features\z_v\ZS1Nb0OWYNE_012.pt
ZS1Nb0OWYNE_013,mosei_real,0,mosei_ZS1Nb0OWYNE_013,,,-1,1,1,1,D:\Documents\Programming\Thesis_G10\data\raw\CMU-MOSEI\segments\ZS1Nb0OWYNE_013.mp4,data\preprocessed\features\z_at\ZS1Nb0OWYNE_013.pt,data\preprocessed\features\z_v\ZS1Nb0OWYNE_013.pt
ZS1Nb0OWYNE_015,mosei_real,0,mosei_ZS1Nb0OWYNE_015,,,-1,1,1,1,D:\Documents\Programming\Thesis_G10\data\raw\CMU-MOSEI\segments\ZS1Nb0OWYNE_015.mp4,data\preprocessed\features\z_at\ZS1Nb0OWYNE_015.pt,data\preprocessed\features\z_v\ZS1Nb0OWYNE_015.pt
Zo8jCDGMWjw_000,mosei_real,0,mosei_Zo8jCDGMWjw_000,,,-1,1,1,1,D:\Documents\Programming\Thesis_G10\data\raw\CMU-MOSEI\segments\Zo8jCDGMWjw_000.mp4,data\preprocessed\features\z_at\Zo8jCDGMWjw_000.pt,data\preprocessed\features\z_v\Zo8jCDGMWjw_000.pt
Zs8x712Y-CM_003,mosei_real,0,mosei_Zs8x712Y-CM_003,,,-1,1,1,1,D:\Documents\Programming\Thesis_G10\data\raw\CMU-MOSEI\segments\Zs8x712Y-CM_003.mp4,data\preprocessed\features\z_at\Zs8x712Y-CM_003.pt,data\preprocessed\features\z_v\Zs8x712Y-CM_003.pt
Zs8x712Y-CM_005,mosei_real,0,mosei_Zs8x712Y-CM_005,,,-1,1,1,1,D:\Documents\Programming\Thesis_G10\data\raw\CMU-MOSEI\segments\Zs8x712Y-CM_005.mp4,data\preprocessed\features\z_at\Zs8x712Y-CM_005.pt,data\preprocessed\features\z_v\Zs8x712Y-CM_005.pt
Zs8x712Y-CM_006,mosei_real,0,mosei_Zs8x712Y-CM_006,,,-1,1,1,1,D:\Documents\Programming\Thesis_G10\data\raw\CMU-MOSEI\segments\Zs8x712Y-CM_006.mp4,data\preprocessed\features\z_at\Zs8x712Y-CM_006.pt,data\preprocessed\features\z_v\Zs8x712Y-CM_006.pt
Zs8x712Y-CM_007,mosei_real,0,mosei_Zs8x712Y-CM_007,,,-1,1,1,1,D:\Documents\Programming\Thesis_G10\data\raw\CMU-MOSEI\segments\Zs8x712Y-CM_007.mp4,data\preprocessed\features\z_at\Zs8x712Y-CM_007.pt,data\preprocessed\features\z_v\Zs8x712Y-CM_007.pt
Zs8x712Y-CM_008,mosei_real,0,mosei_Zs8x712Y-CM_008,,,-1,1,1,1,D:\Documents\Programming\Thesis_G10\data\raw\CMU-MOSEI\segments\Zs8x712Y-CM_008.mp4,data\preprocessed\features\z_at\Zs8x712Y-CM_008.pt,data\preprocessed\features\z_v\Zs8x712Y-CM_008.pt
