clip_id,source_pipeline,fake_label,speaker_id,audio_emotion,visual_emotion,sarcasm_label,has_z_at,has_z_v,is_ready_for_training,video_path,z_at_path,z_v_path
3V2qm0rw920_001,mosei_real,0,mosei_3V2qm0rw920_001,,,-1,1,1,1,D:\Documents\Programming\Thesis_G10\data\raw\CMU-MOSEI\segments\3V2qm0rw920_001.mp4,data\preprocessed\features\z_at\3V2qm0rw920_001.pt,data\preprocessed\features\z_v\3V2qm0rw920_001.pt
3V2qm0rw920_003,mosei_real,0,mosei_3V2qm0rw920_003,,,-1,1,1,1,D:\Documents\Programming\Thesis_G10\data\raw\CMU-MOSEI\segments\3V2qm0rw920_003.mp4,data\preprocessed\features\z_at\3V2qm0rw920_003.pt,data\preprocessed\features\z_v\3V2qm0rw920_003.pt
3V2qm0rw920_004,mosei_real,0,mosei_3V2qm0rw920_004,,,-1,1,1,1,D:\Documents\Programming\Thesis_G10\data\raw\CMU-MOSEI\segments\3V2qm0rw920_004.mp4,data\preprocessed\features\z_at\3V2qm0rw920_004.pt,data\preprocessed\features\z_v\3V2qm0rw920_004.pt
3V2qm0rw920_005,mosei_real,0,mosei_3V2qm0rw920_005,,,-1,1,1,1,D:\Documents\Programming\Thesis_G10\data\raw\CMU-MOSEI\segments\3V2qm0rw920_005.mp4,data\preprocessed\features\z_at\3V2qm0rw920_005.pt,data\preprocessed\features\z_v\3V2qm0rw920_005.pt
3V2qm0rw920_006,mosei_real,0,mosei_3V2qm0rw920_006,,,-1,1,1,1,D:\Documents\Programming\Thesis_G10\data\raw\CMU-MOSEI\segments\3V2qm0rw920_006.mp4,data\preprocessed\features\z_at\3V2qm0rw920_006.pt,data\preprocessed\features\z_v\3V2qm0rw920_006.pt
3VsrcbjPwZY_002,mosei_real,0,mosei_3VsrcbjPwZY_002,,,-1,1,1,1,D:\Documents\Programming\Thesis_G10\data\raw\CMU-MOSEI\segments\3VsrcbjPwZY_002.mp4,data\preprocessed\features\z_at\3VsrcbjPwZY_002.pt,data\preprocessed\features\z_v\3VsrcbjPwZY_002.pt
3WZ6R9B0PcU_000,mosei_real,0,mosei_3WZ6R9B0PcU_000,,,-1,1,1,1,D:\Documents\Programming\Thesis_G10\data\raw\CMU-MOSEI\segments\3WZ6R9B0PcU_000.mp4,data\preprocessed\features\z_at\3WZ6R9B0PcU_000.pt,data\preprocessed\features\z_v\3WZ6R9B0PcU_000.pt
3Wi0if_L6Ug_001,mosei_real,0,mosei_3Wi0if_L6Ug_001,,,-1,1,1,1,D:\Documents\Programming\Thesis_G10\data\raw\CMU-MOSEI\segments\3Wi0if_L6Ug_001.mp4,data\preprocessed\features\z_at\3Wi0if_L6Ug_001.pt,data\preprocessed\features\z_v\3Wi0if_L6Ug_001.pt
3Wi0if_L6Ug_002,mosei_real,0,mosei_3Wi0if_L6Ug_002,,,-1,1,1,1,D:\Documents\Programming\Thesis_G10\data\raw\CMU-MOSEI\segments\3Wi0if_L6Ug_002.mp4,data\preprocessed\features\z_at\3Wi0if_L6Ug_002.pt,data\preprocessed\features\z_v\3Wi0if_L6Ug_002.pt
3Wi0if_L6Ug_009,mosei_real,0,mosei_3Wi0if_L6Ug_009,,,-1,1,1,1,D:\Documents\Programming\Thesis_G10\data\raw\CMU-MOSEI\segments\3Wi0if_L6Ug_009.mp4,data\preprocessed\features\z_at\3Wi0if_L6Ug_009.pt,data\preprocessed\features\z_v\3Wi0if_L6Ug_009.pt
3ZmLhK_YHl8_001,mosei_real,0,mosei_3ZmLhK_YHl8_001,,,-1,1,1,1,D:\Documents\Programming\Thesis_G10\data\raw\CMU-MOSEI\segments\3ZmLhK_YHl8_001.mp4,data\preprocessed\features\z_at\3ZmLhK_YHl8_001.pt,data\preprocessed\features\z_v\3ZmLhK_YHl8_001.pt
3ZmLhK_YHl8_003,mosei_real,0,mosei_3ZmLhK_YHl8_003,,,-1,1,1,1,D:\Documents\Programming\Thesis_G10\data\raw\CMU-MOSEI\segments\3ZmLhK_YHl8_003.mp4,data\preprocessed\features\z_at\3ZmLhK_YHl8_003.pt,data\preprocessed\features\z_v\3ZmLhK_YHl8_003.pt
3aD0xAgxxyw_000,mosei_real,0,mosei_3aD0xAgxxyw_000,,,-1,1,1,1,D:\Documents\Programming\Thesis_G10\data\raw\CMU-MOSEI\segments\3aD0xAgxxyw_000.mp4,data\preprocessed\features\z_at\3aD0xAgxxyw_000.pt,data\preprocessed\features\z_v\3aD0xAgxxyw_000.pt
3aD0xAgxxyw_001,mosei_real,0,mosei_3aD0xAgxxyw_001,,,-1,1,1,1,D:\Documents\Programming\Thesis_G10\data\raw\CMU-MOSEI\segments\3aD0xAgxxyw_001.mp4,data\preprocessed\features\z_at\3aD0xAgxxyw_001.pt,data\preprocessed\features\z_v\3aD0xAgxxyw_001.pt
3aD0xAgxxyw_002,mosei_real,0,mosei_3aD0xAgxxyw_002,,,-1,1,1,1,D:\Documents\Programming\Thesis_G10\data\raw\CMU-MOSEI\segments\3aD0xAgxxyw_002.mp4,data\preprocessed\features\z_at\3aD0xAgxxyw_002.pt,data\preprocessed\features\z_v\3aD0xAgxxyw_002.pt
3aD0xAgxxyw_003,mosei_real,0,mosei_3aD0xAgxxyw_003,,,-1,1,1,1,D:\Documents\Programming\Thesis_G10\data\raw\CMU-MOSEI\segments\3aD0xAgxxyw_003.mp4,data\preprocessed\features\z_at\3aD0xAgxxyw_003.pt,data\preprocessed\features\z_v\3aD0xAgxxyw_003.pt
3aD0xAgxxyw_004,mosei_real,0,mosei_3aD0xAgxxyw_004,,,-1,1,1,1,D:\Documents\Programming\Thesis_G10\data\raw\CMU-MOSEI\segments\3aD0xAgxxyw_004.mp4,data\preprocessed\features\z_at\3aD0xAgxxyw_004.pt,data\preprocessed\features\z_v\3aD0xAgxxyw_004.pt
3f6xCzKx9CA_000,mosei_real,0,mosei_3f6xCzKx9CA_000,,,-1,1,1,1,D:\Documents\Programming\Thesis_G10\data\raw\CMU-MOSEI\segments\3f6xCzKx9CA_000.mp4,data\preprocessed\features\z_at\3f6xCzKx9CA_000.pt,data\preprocessed\features\z_v\3f6xCzKx9CA_000.pt
3f6xCzKx9CA_001,mosei_real,0,mosei_3f6xCzKx9CA_001,,,-1,1,1,1,D:\Documents\Programming\Thesis_G10\data\raw\CMU-MOSEI\segments\3f6xCzKx9CA_001.mp4,data\preprocessed\features\z_at\3f6xCzKx9CA_001.pt,data\preprocessed\features\z_v\3f6xCzKx9CA_001.pt
3f6xCzKx9CA_003,mosei_real,0,mosei_3f6xCzKx9CA_003,,,-1,1,1,1,D:\Documents\Programming\Thesis_G10\data\raw\CMU-MOSEI\segments\3f6xCzKx9CA_003.mp4,data\preprocessed\features\z_at\3f6xCzKx9CA_003.pt,data\preprocessed\features\z_v\3f6xCzKx9CA_003.pt
3fhCxePBuZY_000,mosei_real,0,mosei_3fhCxePBuZY_000,,,-1,1,1,1,D:\Documents\Programming\Thesis_G10\data\raw\CMU-MOSEI\segments\3fhCxePBuZY_000.mp4,data\preprocessed\features\z_at\3fhCxePBuZY_000.pt,data\preprocessed\features\z_v\3fhCxePBuZY_000.pt
3fhCxePBuZY_001,mosei_real,0,mosei_3fhCxePBuZY_001,,,-1,1,1,1,D:\Documents\Programming\Thesis_G10\data\raw\CMU-MOSEI\segments\3fhCxePBuZY_001.mp4,data\preprocessed\features\z_at\3fhCxePBuZY_001.pt,data\preprocessed\features\z_v\3fhCxePBuZY_001.pt
3fhCxePBuZY_003,mosei_real,0,mosei_3fhCxePBuZY_003,,,-1,1,1,1,D:\Documents\Programming\Thesis_G10\data\raw\CMU-MOSEI\segments\3fhCxePBuZY_003.mp4,data\preprocessed\features\z_at\3fhCxePBuZY_003.pt,data\preprocessed\features\z_v\3fhCxePBuZY_003.pt
3fhCxePBuZY_005,mosei_real,0,mosei_3fhCxePBuZY_005,,,-1,1,1,1,D:\Documents\Programming\Thesis_G10\data\raw\CMU-MOSEI\segments\3fhCxePBuZY_005.mp4,data\preprocessed\features\z_at\3fhCxePBuZY_005.pt,data\preprocessed\features\z_v\3fhCxePBuZY_005.pt
3fhCxePBuZY_006,mosei_real,0,mosei_3fhCxePBuZY_006,,,-1,1,1,1,D:\Documents\Programming\Thesis_G10\data\raw\CMU-MOSEI\segments\3fhCxePBuZY_006.mp4,data\preprocessed\features\z_at\3fhCxePBuZY_006.pt,data\preprocessed\features\z_v\3fhCxePBuZY_006.pt
3fhCxePBuZY_008,mosei_real,0,mosei_3fhCxePBuZY_008,,,-1,1,1,1,D:\Documents\Programming\Thesis_G10\data\raw\CMU-MOSEI\segments\3fhCxePBuZY_008.mp4,data\preprocessed\features\z_at\3fhCxePBuZY_008.pt,data\preprocessed\features\z_v\3fhCxePBuZY_008.pt
3fhCxePBuZY_010,mosei_real,0,mosei_3fhCxePBuZY_010,,,-1,1,1,1,D:\Documents\Programming\Thesis_G10\data\raw\CMU-MOSEI\segments\3fhCxePBuZY_010.mp4,data\preprocessed\features\z_at\3fhCxePBuZY_010.pt,data\preprocessed\features\z_v\3fhCxePBuZY_010.pt
3fhCxePBuZY_011,mosei_real,0,mosei_3fhCxePBuZY_011,,,-1,1,1,1,D:\Documents\Programming\Thesis_G10\data\raw\CMU-MOSEI\segments\3fhCxePBuZY_011.mp4,data\preprocessed\features\z_at\3fhCxePBuZY_011.pt,data\preprocessed\features\z_v\3fhCxePBuZY_011.pt
3fhCxePBuZY_012,mosei_real,0,mosei_3fhCxePBuZY_012,,,-1,1,1,1,D:\Documents\Programming\Thesis_G10\data\raw\CMU-MOSEI\segments\3fhCxePBuZY_012.mp4,data\preprocessed\features\z_at\3fhCxePBuZY_012.pt,data\preprocessed\features\z_v\3fhCxePBuZY_012.pt
3fhCxePBuZY_013,mosei_real,0,mosei_3fhCxePBuZY_013,,,-1,1,1,1,D:\Documents\Programming\Thesis_G10\data\raw\CMU-MOSEI\segments\3fhCxePBuZY_013.mp4,data\preprocessed\features\z_at\3fhCxePBuZY_013.pt,data\preprocessed\features\z_v\3fhCxePBuZY_013.pt
3fhCxePBuZY_014,mosei_real,0,mosei_3fhCxePBuZY_014,,,-1,1,1,1,D:\Documents\Programming\Thesis_G10\data\raw\CMU-MOSEI\segments\3fhCxePBuZY_014.mp4,data\preprocessed\features\z_at\3fhCxePBuZY_014.pt,data\preprocessed\features\z_v\3fhCxePBuZY_014.pt
3hOlJf_JQDs_001,mosei_real,0,mosei_3hOlJf_JQDs_001,,,-1,1,1,1,D:\Documents\Programming\Thesis_G10\data\raw\CMU-MOSEI\segments\3hOlJf_JQDs_001.mp4,data\preprocessed\features\z_at\3hOlJf_JQDs_001.pt,data\preprocessed\features\z_v\3hOlJf_JQDs_001.pt
3j94B0pzSVs_002,mosei_real,0,mosei_3j94B0pzSVs_002,,,-1,1,1,1,D:\Documents\Programming\Thesis_G10\data\raw\CMU-MOSEI\segments\3j94B0pzSVs_002.mp4,data\preprocessed\features\z_at\3j94B0pzSVs_002.pt,data\preprocessed\features\z_v\3j94B0pzSVs_002.pt
3j94B0pzSVs_003,mosei_real,0,mosei_3j94B0pzSVs_003,,,-1,1,1,1,D:\Documents\Programming\Thesis_G10\data\raw\CMU-MOSEI\segments\3j94B0pzSVs_003.mp4,data\preprocessed\features\z_at\3j94B0pzSVs_003.pt,data\preprocessed\features\z_v\3j94B0pzSVs_003.pt
3j94B0pzSVs_005,mosei_real,0,mosei_3j94B0pzSVs_005,,,-1,1,1,1,D:\Documents\Programming\Thesis_G10\data\raw\CMU-MOSEI\segments\3j94B0pzSVs_005.mp4,data\preprocessed\features\z_at\3j94B0pzSVs_005.pt,data\preprocessed\features\z_v\3j94B0pzSVs_005.pt
3j94B0pzSVs_007,mosei_real,0,mosei_3j94B0pzSVs_007,,,-1,1,1,1,D:\Documents\Programming\Thesis_G10\data\raw\CMU-MOSEI\segments\3j94B0pzSVs_007.mp4,data\preprocessed\features\z_at\3j94B0pzSVs_007.pt,data\preprocessed\features\z_v\3j94B0pzSVs_007.pt
3j94B0pzSVs_009,mosei_real,0,mosei_3j94B0pzSVs_009,,,-1,1,1,1,D:\Documents\Programming\Thesis_G10\data\raw\CMU-MOSEI\segments\3j94B0pzSVs_009.mp4,data\preprocessed\features\z_at\3j94B0pzSVs_009.pt,data\preprocessed\features\z_v\3j94B0pzSVs_009.pt
3j94B0pzSVs_011,mosei_real,0,mosei_3j94B0pzSVs_011,,,-1,1,1,1,D:\Documents\Programming\Thesis_G10\data\raw\CMU-MOSEI\segments\3j94B0pzSVs_011.mp4,data\preprocessed\features\z_at\3j94B0pzSVs_011.pt,data\preprocessed\features\z_v\3j94B0pzSVs_011.pt
3kNPvhdF1NA_001,mosei_real,0,mosei_3kNPvhdF1NA_001,,,-1,1,1,1,D:\Documents\Programming\Thesis_G10\data\raw\CMU-MOSEI\segments\3kNPvhdF1NA_001.mp4,data\preprocessed\features\z_at\3kNPvhdF1NA_001.pt,data\preprocessed\features\z_v\3kNPvhdF1NA_001.pt
3lkn8MS3n8Q_003,mosei_real,0,mosei_3lkn8MS3n8Q_003,,,-1,1,1,1,D:\Documents\Programming\Thesis_G10\data\raw\CMU-MOSEI\segments\3lkn8MS3n8Q_003.mp4,data\preprocessed\features\z_at\3lkn8MS3n8Q_003.pt,data\preprocessed\features\z_v\3lkn8MS3n8Q_003.pt
3lkn8MS3n8Q_005,mosei_real,0,mosei_3lkn8MS3n8Q_005,,,-1,1,1,1,D:\Documents\Programming\Thesis_G10\data\raw\CMU-MOSEI\segments\3lkn8MS3n8Q_005.mp4,data\preprocessed\features\z_at\3lkn8MS3n8Q_005.pt,data\preprocessed\features\z_v\3lkn8MS3n8Q_005.pt
3lkn8MS3n8Q_006,mosei_real,0,mosei_3lkn8MS3n8Q_006,,,-1,1,1,1,D:\Documents\Programming\Thesis_G10\data\raw\CMU-MOSEI\segments\3lkn8MS3n8Q_006.mp4,data\preprocessed\features\z_at\3lkn8MS3n8Q_006.pt,data\preprocessed\features\z_v\3lkn8MS3n8Q_006.pt
3lkn8MS3n8Q_007,mosei_real,0,mosei_3lkn8MS3n8Q_007,,,-1,1,1,1,D:\Documents\Programming\Thesis_G10\data\raw\CMU-MOSEI\segments\3lkn8MS3n8Q_007.mp4,data\preprocessed\features\z_at\3lkn8MS3n8Q_007.pt,data\preprocessed\features\z_v\3lkn8MS3n8Q_007.pt
3lkn8MS3n8Q_008,mosei_real,0,mosei_3lkn8MS3n8Q_008,,,-1,1,1,1,D:\Documents\Programming\Thesis_G10\data\raw\CMU-MOSEI\segments\3lkn8MS3n8Q_008.mp4,data\preprocessed\features\z_at\3lkn8MS3n8Q_008.pt,data\preprocessed\features\z_v\3lkn8MS3n8Q_008.pt
3lkn8MS3n8Q_009,mosei_real,0,mosei_3lkn8MS3n8Q_009,,,-1,1,1,1,D:\Documents\Programming\Thesis_G10\data\raw\CMU-MOSEI\segments\3lkn8MS3n8Q_009.mp4,data\preprocessed\features\z_at\3lkn8MS3n8Q_009.pt,data\preprocessed\features\z_v\3lkn8MS3n8Q_009.pt
3lkn8MS3n8Q_010,mosei_real,0,mosei_3lkn8MS3n8Q_010,,,-1,1,1,1,D:\Documents\Programming\Thesis_G10\data\raw\CMU-MOSEI\segments\3lkn8MS3n8Q_010.mp4,data\preprocessed\features\z_at\3lkn8MS3n8Q_010.pt,data\preprocessed\features\z_v\3lkn8MS3n8Q_010.pt
3lkn8MS3n8Q_013,mosei_real,0,mosei_3lkn8MS3n8Q_013,,,-1,1,1,1,D:\Documents\Programming\Thesis_G10\data\raw\CMU-MOSEI\segments\3lkn8MS3n8Q_013.mp4,data\preprocessed\features\z_at\3lkn8MS3n8Q_013.pt,data\preprocessed\features\z_v\3lkn8MS3n8Q_013.pt
3oHPsYc8bmw_001,mosei_real,0,mosei_3oHPsYc8bmw_001,,,-1,1,1,1,D:\Documents\Programming\Thesis_G10\data\raw\CMU-MOSEI\segments\3oHPsYc8bmw_001.mp4,data\preprocessed\features\z_at\3oHPsYc8bmw_001.pt,data\preprocessed\features\z_v\3oHPsYc8bmw_001.pt
3ocpWAmSNUE_002,mosei_real,0,mosei_3ocpWAmSNUE_002,,,-1,1,1,1,D:\Documents\Programming\Thesis_G10\data\raw\CMU-MOSEI\segments\3ocpWAmSNUE_002.mp4,data\preprocessed\features\z_at\3ocpWAmSNUE_002.pt,data\preprocessed\features\z_v\3ocpWAmSNUE_002.pt
3odZe3AGilc_002,mosei_real,0,mosei_3odZe3AGilc_002,,,-1,1,1,1,D:\Documents\Programming\Thesis_G10\data\raw\CMU-MOSEI\segments\3odZe3AGilc_002.mp4,data\preprocessed\features\z_at\3odZe3AGilc_002.pt,data\preprocessed\features\z_v\3odZe3AGilc_002.pt
3paDwuRQP1w_000,mosei_real,0,mosei_3paDwuRQP1w_000,,,-1,1,1,1,D:\Documents\Programming\Thesis_G10\data\raw\CMU-MOSEI\segments\3paDwuRQP1w_000.mp4,data\preprocessed\features\z_at\3paDwuRQP1w_000.pt,data\preprocessed\features\z_v\3paDwuRQP1w_000.pt
3sDL7mwosP0_001,mosei_real,0,mosei_3sDL7mwosP0_001,,,-1,1,1,1,D:\Documents\Programming\Thesis_G10\data\raw\CMU-MOSEI\segments\3sDL7mwosP0_001.mp4,data\preprocessed\features\z_at\3sDL7mwosP0_001.pt,data\preprocessed\features\z_v\3sDL7mwosP0_001.pt
3sUS8vXbRwg_001,mosei_real,0,mosei_3sUS8vXbRwg_001,,,-1,1,1,1,D:\Documents\Programming\Thesis_G10\data\raw\CMU-MOSEI\segments\3sUS8vXbRwg_001.mp4,data\preprocessed\features\z_at\3sUS8vXbRwg_001.pt,data\preprocessed\features\z_v\3sUS8vXbRwg_001.pt
3sUS8vXbRwg_003,mosei_real,0,mosei_3sUS8vXbRwg_003,,,-1,1,1,1,D:\Documents\Programming\Thesis_G10\data\raw\CMU-MOSEI\segments\3sUS8vXbRwg_003.mp4,data\preprocessed\features\z_at\3sUS8vXbRwg_003.pt,data\preprocessed\features\z_v\3sUS8vXbRwg_003.pt
3sUS8vXbRwg_004,mosei_real,0,mosei_3sUS8vXbRwg_004,,,-1,1,1,1,D:\Documents\Programming\Thesis_G10\data\raw\CMU-MOSEI\segments\3sUS8vXbRwg_004.mp4,data\preprocessed\features\z_at\3sUS8vXbRwg_004.pt,data\preprocessed\features\z_v\3sUS8vXbRwg_004.pt
3u_Joh0WJdw_000,mosei_real,0,mosei_3u_Joh0WJdw_000,,,-1,1,1,1,D:\Documents\Programming\Thesis_G10\data\raw\CMU-MOSEI\segments\3u_Joh0WJdw_000.mp4,data\preprocessed\features\z_at\3u_Joh0WJdw_000.pt,data\preprocessed\features\z_v\3u_Joh0WJdw_000.pt
3wHE78v9zr4_000,mosei_real,0,mosei_3wHE78v9zr4_000,,,-1,1,1,1,D:\Documents\Programming\Thesis_G10\data\raw\CMU-MOSEI\segments\3wHE78v9zr4_000.mp4,data\preprocessed\features\z_at\3wHE78v9zr4_000.pt,data\preprocessed\features\z_v\3wHE78v9zr4_000.pt
3wHE78v9zr4_001,mosei_real,0,mosei_3wHE78v9zr4_001,,,-1,1,1,1,D:\Documents\Programming\Thesis_G10\data\raw\CMU-MOSEI\segments\3wHE78v9zr4_001.mp4,data\preprocessed\features\z_at\3wHE78v9zr4_001.pt,data\preprocessed\features\z_v\3wHE78v9zr4_001.pt
3wHE78v9zr4_004,mosei_real,0,mosei_3wHE78v9zr4_004,,,-1,1,1,1,D:\Documents\Programming\Thesis_G10\data\raw\CMU-MOSEI\segments\3wHE78v9zr4_004.mp4,data\preprocessed\features\z_at\3wHE78v9zr4_004.pt,data\preprocessed\features\z_v\3wHE78v9zr4_004.pt
3wHE78v9zr4_009,mosei_real,0,mosei_3wHE78v9zr4_009,,,-1,1,1,1,D:\Documents\Programming\Thesis_G10\data\raw\CMU-MOSEI\segments\3wHE78v9zr4_009.mp4,data\preprocessed\features\z_at\3wHE78v9zr4_009.pt,data\preprocessed\features\z_v\3wHE78v9zr4_009.pt
3wHE78v9zr4_011,mosei_real,0,mosei_3wHE78v9zr4_011,,,-1,1,1,1,D:\Documents\Programming\Thesis_G10\data\raw\CMU-MOSEI\segments\3wHE78v9zr4_011.mp4,data\preprocessed\features\z_at\3wHE78v9zr4_011.pt,data\preprocessed\features\z_v\3wHE78v9zr4_011.pt
3wHE78v9zr4_013,mosei_real,0,mosei_3wHE78v9zr4_013,,,-1,1,1,1,D:\Documents\Programming\Thesis_G10\data\raw\CMU-MOSEI\segments\3wHE78v9zr4_013.mp4,data\preprocessed\features\z_at\3wHE78v9zr4_013.pt,data\preprocessed\features\z_v\3wHE78v9zr4_013.pt
3wHE78v9zr4_018,mosei_real,0,mosei_3wHE78v9zr4_018,,,-1,1,1,1,D:\Documents\Programming\Thesis_G10\data\raw\CMU-MOSEI\segments\3wHE78v9zr4_018.mp4,data\preprocessed\features\z_at\3wHE78v9zr4_018.pt,data\preprocessed\features\z_v\3wHE78v9zr4_018.pt
3wHE78v9zr4_019,mosei_real,0,mosei_3wHE78v9zr4_019,,,-1,1,1,1,D:\Documents\Programming\Thesis_G10\data\raw\CMU-MOSEI\segments\3wHE78v9zr4_019.mp4,data\preprocessed\features\z_at\3wHE78v9zr4_019.pt,data\preprocessed\features\z_v\3wHE78v9zr4_019.pt
3wHE78v9zr4_023,mosei_real,0,mosei_3wHE78v9zr4_023,,,-1,1,1,1,D:\Documents\Programming\Thesis_G10\data\raw\CMU-MOSEI\segments\3wHE78v9zr4_023.mp4,data\preprocessed\features\z_at\3wHE78v9zr4_023.pt,data\preprocessed\features\z_v\3wHE78v9zr4_023.pt
424SXFTCFsA_000,mosei_real,0,mosei_424SXFTCFsA_000,,,-1,1,1,1,D:\Documents\Programming\Thesis_G10\data\raw\CMU-MOSEI\segments\424SXFTCFsA_000.mp4,data\preprocessed\features\z_at\424SXFTCFsA_000.pt,data\preprocessed\features\z_v\424SXFTCFsA_000.pt
424SXFTCFsA_002,mosei_real,0,mosei_424SXFTCFsA_002,,,-1,1,1,1,D:\Documents\Programming\Thesis_G10\data\raw\CMU-MOSEI\segments\424SXFTCFsA_002.mp4,data\preprocessed\features\z_at\424SXFTCFsA_002.pt,data\preprocessed\features\z_v\424SXFTCFsA_002.pt
424SXFTCFsA_003,mosei_real,0,mosei_424SXFTCFsA_003,,,-1,1,1,1,D:\Documents\Programming\Thesis_G10\data\raw\CMU-MOSEI\segments\424SXFTCFsA_003.mp4,data\preprocessed\features\z_at\424SXFTCFsA_003.pt,data\preprocessed\features\z_v\424SXFTCFsA_003.pt
4AQC7_uCuEE_003,mosei_real,0,mosei_4AQC7_uCuEE_003,,,-1,1,1,1,D:\Documents\Programming\Thesis_G10\data\raw\CMU-MOSEI\segments\4AQC7_uCuEE_003.mp4,data\preprocessed\features\z_at\4AQC7_uCuEE_003.pt,data\preprocessed\features\z_v\4AQC7_uCuEE_003.pt
4AQC7_uCuEE_005,mosei_real,0,mosei_4AQC7_uCuEE_005,,,-1,1,1,1,D:\Documents\Programming\Thesis_G10\data\raw\CMU-MOSEI\segments\4AQC7_uCuEE_005.mp4,data\preprocessed\features\z_at\4AQC7_uCuEE_005.pt,data\preprocessed\features\z_v\4AQC7_uCuEE_005.pt
4AQC7_uCuEE_006,mosei_real,0,mosei_4AQC7_uCuEE_006,,,-1,1,1,1,D:\Documents\Programming\Thesis_G10\data\raw\CMU-MOSEI\segments\4AQC7_uCuEE_006.mp4,data\preprocessed\features\z_at\4AQC7_uCuEE_006.pt,data\preprocessed\features\z_v\4AQC7_uCuEE_006.pt
4AQC7_uCuEE_007,mosei_real,0,mosei_4AQC7_uCuEE_007,,,-1,1,1,1,D:\Documents\Programming\Thesis_G10\data\raw\CMU-MOSEI\segments\4AQC7_uCuEE_007.mp4,data\preprocessed\features\z_at\4AQC7_uCuEE_007.pt,data\preprocessed\features\z_v\4AQC7_uCuEE_007.pt
4AQC7_uCuEE_012,mosei_real,0,mosei_4AQC7_uCuEE_012,,,-1,1,1,1,D:\Documents\Programming\Thesis_G10\data\raw\CMU-MOSEI\segments\4AQC7_uCuEE_012.mp4,data\preprocessed\features\z_at\4AQC7_uCuEE_012.pt,data\preprocessed\features\z_v\4AQC7_uCuEE_012.pt
4AQC7_uCuEE_013,mosei_real,0,mosei_4AQC7_uCuEE_013,,,-1,1,1,1,D:\Documents\Programming\Thesis_G10\data\raw\CMU-MOSEI\segments\4AQC7_uCuEE_013.mp4,data\preprocessed\features\z_at\4AQC7_uCuEE_013.pt,data\preprocessed\features\z_v\4AQC7_uCuEE_013.pt
4AQC7_uCuEE_014,mosei_real,0,mosei_4AQC7_uCuEE_014,,,-1,1,1,1,D:\Documents\Programming\Thesis_G10\data\raw\CMU-MOSEI\segments\4AQC7_uCuEE_014.mp4,data\preprocessed\features\z_at\4AQC7_uCuEE_014.pt,data\preprocessed\features\z_v\4AQC7_uCuEE_014.pt
4AQC7_uCuEE_015,mosei_real,0,mosei_4AQC7_uCuEE_015,,,-1,1,1,1,D:\Documents\Programming\Thesis_G10\data\raw\CMU-MOSEI\segments\4AQC7_uCuEE_015.mp4,data\preprocessed\features\z_at\4AQC7_uCuEE_015.pt,data\preprocessed\features\z_v\4AQC7_uCuEE_015.pt
4AQC7_uCuEE_016,mosei_real,0,mosei_4AQC7_uCuEE_016,,,-1,1,1,1,D:\Documents\Programming\Thesis_G10\data\raw\CMU-MOSEI\segments\4AQC7_uCuEE_016.mp4,data\preprocessed\features\z_at\4AQC7_uCuEE_016.pt,data\preprocessed\features\z_v\4AQC7_uCuEE_016.pt
4AQC7_uCuEE_018,mosei_real,0,mosei_4AQC7_uCuEE_018,,,-1,1,1,1,D:\Documents\Programming\Thesis_G10\data\raw\CMU-MOSEI\segments\4AQC7_uCuEE_018.mp4,data\preprocessed\features\z_at\4AQC7_uCuEE_018.pt,data\preprocessed\features\z_v\4AQC7_uCuEE_018.pt
4AQC7_uCuEE_021,mosei_real,0,mosei_4AQC7_uCuEE_021,,,-1,1,1,1,D:\Documents\Programming\Thesis_G10\data\raw\CMU-MOSEI\segments\4AQC7_uCuEE_021.mp4,data\preprocessed\features\z_at\4AQC7_uCuEE_021.pt,data\preprocessed\features\z_v\4AQC7_uCuEE_021.pt
4BoE-woHtwA_000,mosei_real,0,mosei_4BoE-woHtwA_000,,,-1,1,1,1,D:\Documents\Programming\Thesis_G10\data\raw\CMU-MOSEI\segments\4BoE-woHtwA_000.mp4,data\preprocessed\features\z_at\4BoE-woHtwA_000.pt,data\preprocessed\features\z_v\4BoE-woHtwA_000.pt
4BoE-woHtwA_001,mosei_real,0,mosei_4BoE-woHtwA_001,,,-1,1,1,1,D:\Documents\Programming\Thesis_G10\data\raw\CMU-MOSEI\segments\4BoE-woHtwA_001.mp4,data\preprocessed\features\z_at\4BoE-woHtwA_001.pt,data\preprocessed\features\z_v\4BoE-woHtwA_001.pt
4BoE-woHtwA_002,mosei_real,0,mosei_4BoE-woHtwA_002,,,-1,1,1,1,D:\Documents\Programming\Thesis_G10\data\raw\CMU-MOSEI\segments\4BoE-woHtwA_002.mp4,data\preprocessed\features\z_at\4BoE-woHtwA_002.pt,data\preprocessed\features\z_v\4BoE-woHtwA_002.pt
4BoE-woHtwA_003,mosei_real,0,mosei_4BoE-woHtwA_003,,,-1,1,1,1,D:\Documents\Programming\Thesis_G10\data\raw\CMU-MOSEI\segments\4BoE-woHtwA_003.mp4,data\preprocessed\features\z_at\4BoE-woHtwA_003.pt,data\preprocessed\features\z_v\4BoE-woHtwA_003.pt
4BoE-woHtwA_004,mosei_real,0,mosei_4BoE-woHtwA_004,,,-1,1,1,1,D:\Documents\Programming\Thesis_G10\data\raw\CMU-MOSEI\segments\4BoE-woHtwA_004.mp4,data\preprocessed\features\z_at\4BoE-woHtwA_004.pt,data\preprocessed\features\z_v\4BoE-woHtwA_004.pt
4BoE-woHtwA_005,mosei_real,0,mosei_4BoE-woHtwA_005,,,-1,1,1,1,D:\Documents\Programming\Thesis_G10\data\raw\CMU-MOSEI\segments\4BoE-woHtwA_005.mp4,data\preprocessed\features\z_at\4BoE-woHtwA_005.pt,data\preprocessed\features\z_v\4BoE-woHtwA_005.pt
4BoE-woHtwA_006,mosei_real,0,mosei_4BoE-woHtwA_006,,,-1,1,1,1,D:\Documents\Programming\Thesis_G10\data\raw\CMU-MOSEI\segments\4BoE-woHtwA_006.mp4,data\preprocessed\features\z_at\4BoE-woHtwA_006.pt,data\preprocessed\features\z_v\4BoE-woHtwA_006.pt
4BoE-woHtwA_008,mosei_real,0,mosei_4BoE-woHtwA_008,,,-1,1,1,1,D:\Documents\Programming\Thesis_G10\data\raw\CMU-MOSEI\segments\4BoE-woHtwA_008.mp4,data\preprocessed\features\z_at\4BoE-woHtwA_008.pt,data\preprocessed\features\z_v\4BoE-woHtwA_008.pt
4CKhrjuuofk_000,mosei_real,0,mosei_4CKhrjuuofk_000,,,-1,1,1,1,D:\Documents\Programming\Thesis_G10\data\raw\CMU-MOSEI\segments\4CKhrjuuofk_000.mp4,data\preprocessed\features\z_at\4CKhrjuuofk_000.pt,data\preprocessed\features\z_v\4CKhrjuuofk_000.pt
4CKhrjuuofk_001,mosei_real,0,mosei_4CKhrjuuofk_001,,,-1,1,1,1,D:\Documents\Programming\Thesis_G10\data\raw\CMU-MOSEI\segments\4CKhrjuuofk_001.mp4,data\preprocessed\features\z_at\4CKhrjuuofk_001.pt,data\preprocessed\features\z_v\4CKhrjuuofk_001.pt
4CKhrjuuofk_002,mosei_real,0,mosei_4CKhrjuuofk_002,,,-1,1,1,1,D:\Documents\Programming\Thesis_G10\data\raw\CMU-MOSEI\segments\4CKhrjuuofk_002.mp4,data\preprocessed\features\z_at\4CKhrjuuofk_002.pt,data\preprocessed\features\z_v\4CKhrjuuofk_002.pt
4CKhrjuuofk_007,mosei_real,0,mosei_4CKhrjuuofk_007,,,-1,1,1,1,D:\Documents\Programming\Thesis_G10\data\raw\CMU-MOSEI\segments\4CKhrjuuofk_007.mp4,data\preprocessed\features\z_at\4CKhrjuuofk_007.pt,data\preprocessed\features\z_v\4CKhrjuuofk_007.pt
4EEru3cZwXo_000,mosei_real,0,mosei_4EEru3cZwXo_000,,,-1,1,1,1,D:\Documents\Programming\Thesis_G10\data\raw\CMU-MOSEI\segments\4EEru3cZwXo_000.mp4,data\preprocessed\features\z_at\4EEru3cZwXo_000.pt,data\preprocessed\features\z_v\4EEru3cZwXo_000.pt
4EEru3cZwXo_001,mosei_real,0,mosei_4EEru3cZwXo_001,,,-1,1,1,1,D:\Documents\Programming\Thesis_G10\data\raw\CMU-MOSEI\segments\4EEru3cZwXo_001.mp4,data\preprocessed\features\z_at\4EEru3cZwXo_001.pt,data\preprocessed\features\z_v\4EEru3cZwXo_001.pt
4EEru3cZwXo_002,mosei_real,0,mosei_4EEru3cZwXo_002,,,-1,1,1,1,D:\Documents\Programming\Thesis_G10\data\raw\CMU-MOSEI\segments\4EEru3cZwXo_002.mp4,data\preprocessed\features\z_at\4EEru3cZwXo_002.pt,data\preprocessed\features\z_v\4EEru3cZwXo_002.pt
4EEru3cZwXo_003,mosei_real,0,mosei_4EEru3cZwXo_003,,,-1,1,1,1,D:\Documents\Programming\Thesis_G10\data\raw\CMU-MOSEI\segments\4EEru3cZwXo_003.mp4,data\preprocessed\features\z_at\4EEru3cZwXo_003.pt,data\preprocessed\features\z_v\4EEru3cZwXo_003.pt
4GYfmpEEtl4_000,mosei_real,0,mosei_4GYfmpEEtl4_000,,,-1,1,1,1,D:\Documents\Programming\Thesis_G10\data\raw\CMU-MOSEI\segments\4GYfmpEEtl4_000.mp4,data\preprocessed\features\z_at\4GYfmpEEtl4_000.pt,data\preprocessed\features\z_v\4GYfmpEEtl4_000.pt
4GYfmpEEtl4_001,mosei_real,0,mosei_4GYfmpEEtl4_001,,,-1,1,1,1,D:\Documents\Programming\Thesis_G10\data\raw\CMU-MOSEI\segments\4GYfmpEEtl4_001.mp4,data\preprocessed\features\z_at\4GYfmpEEtl4_001.pt,data\preprocessed\features\z_v\4GYfmpEEtl4_001.pt
4GYfmpEEtl4_004,mosei_real,0,mosei_4GYfmpEEtl4_004,,,-1,1,1,1,D:\Documents\Programming\Thesis_G10\data\raw\CMU-MOSEI\segments\4GYfmpEEtl4_004.mp4,data\preprocessed\features\z_at\4GYfmpEEtl4_004.pt,data\preprocessed\features\z_v\4GYfmpEEtl4_004.pt
4H9RfQuqsvg_000,mosei_real,0,mosei_4H9RfQuqsvg_000,,,-1,1,1,1,D:\Documents\Programming\Thesis_G10\data\raw\CMU-MOSEI\segments\4H9RfQuqsvg_000.mp4,data\preprocessed\features\z_at\4H9RfQuqsvg_000.pt,data\preprocessed\features\z_v\4H9RfQuqsvg_000.pt
4H9RfQuqsvg_001,mosei_real,0,mosei_4H9RfQuqsvg_001,,,-1,1,1,1,D:\Documents\Programming\Thesis_G10\data\raw\CMU-MOSEI\segments\4H9RfQuqsvg_001.mp4,data\preprocessed\features\z_at\4H9RfQuqsvg_001.pt,data\preprocessed\features\z_v\4H9RfQuqsvg_001.pt
4H9RfQuqsvg_002,mosei_real,0,mosei_4H9RfQuqsvg_002,,,-1,1,1,1,D:\Documents\Programming\Thesis_G10\data\raw\CMU-MOSEI\segments\4H9RfQuqsvg_002.mp4,data\preprocessed\features\z_at\4H9RfQuqsvg_002.pt,data\preprocessed\features\z_v\4H9RfQuqsvg_002.pt
4H9RfQuqsvg_004,mosei_real,0,mosei_4H9RfQuqsvg_004,,,-1,1,1,1,D:\Documents\Programming\Thesis_G10\data\raw\CMU-MOSEI\segments\4H9RfQuqsvg_004.mp4,data\preprocessed\features\z_at\4H9RfQuqsvg_004.pt,data\preprocessed\features\z_v\4H9RfQuqsvg_004.pt
4HAC00EAdno_002,mosei_real,0,mosei_4HAC00EAdno_002,,,-1,1,1,1,D:\Documents\Programming\Thesis_G10\data\raw\CMU-MOSEI\segments\4HAC00EAdno_002.mp4,data\preprocessed\features\z_at\4HAC00EAdno_002.pt,data\preprocessed\features\z_v\4HAC00EAdno_002.pt
4HAC00EAdno_004,mosei_real,0,mosei_4HAC00EAdno_004,,,-1,1,1,1,D:\Documents\Programming\Thesis_G10\data\raw\CMU-MOSEI\segments\4HAC00EAdno_004.mp4,data\preprocessed\features\z_at\4HAC00EAdno_004.pt,data\preprocessed\features\z_v\4HAC00EAdno_004.pt
4HAC00EAdno_005,mosei_real,0,mosei_4HAC00EAdno_005,,,-1,1,1,1,D:\Documents\Programming\Thesis_G10\data\raw\CMU-MOSEI\segments\4HAC00EAdno_005.mp4,data\preprocessed\features\z_at\4HAC00EAdno_005.pt,data\preprocessed\features\z_v\4HAC00EAdno_005.pt
4HAC00EAdno_009,mosei_real,0,mosei_4HAC00EAdno_009,,,-1,1,1,1,D:\Documents\Programming\Thesis_G10\data\raw\CMU-MOSEI\segments\4HAC00EAdno_009.mp4,data\preprocessed\features\z_at\4HAC00EAdno_009.pt,data\preprocessed\features\z_v\4HAC00EAdno_009.pt
4Q7OkrJLzAc_000,mosei_real,0,mosei_4Q7OkrJLzAc_000,,,-1,1,1,1,D:\Documents\Programming\Thesis_G10\data\raw\CMU-MOSEI\segments\4Q7OkrJLzAc_000.mp4,data\preprocessed\features\z_at\4Q7OkrJLzAc_000.pt,data\preprocessed\features\z_v\4Q7OkrJLzAc_000.pt
4Q95Lg3Icho_003,mosei_real,0,mosei_4Q95Lg3Icho_003,,,-1,1,1,1,D:\Documents\Programming\Thesis_G10\data\raw\CMU-MOSEI\segments\4Q95Lg3Icho_003.mp4,data\preprocessed\features\z_at\4Q95Lg3Icho_003.pt,data\preprocessed\features\z_v\4Q95Lg3Icho_003.pt
4Q95Lg3Icho_005,mosei_real,0,mosei_4Q95Lg3Icho_005,,,-1,1,1,1,D:\Documents\Programming\Thesis_G10\data\raw\CMU-MOSEI\segments\4Q95Lg3Icho_005.mp4,data\preprocessed\features\z_at\4Q95Lg3Icho_005.pt,data\preprocessed\features\z_v\4Q95Lg3Icho_005.pt
4Q95Lg3Icho_008,mosei_real,0,mosei_4Q95Lg3Icho_008,,,-1,1,1,1,D:\Documents\Programming\Thesis_G10\data\raw\CMU-MOSEI\segments\4Q95Lg3Icho_008.mp4,data\preprocessed\features\z_at\4Q95Lg3Icho_008.pt,data\preprocessed\features\z_v\4Q95Lg3Icho_008.pt
4Q95Lg3Icho_010,mosei_real,0,mosei_4Q95Lg3Icho_010,,,-1,1,1,1,D:\Documents\Programming\Thesis_G10\data\raw\CMU-MOSEI\segments\4Q95Lg3Icho_010.mp4,data\preprocessed\features\z_at\4Q95Lg3Icho_010.pt,data\preprocessed\features\z_v\4Q95Lg3Icho_010.pt
4Q95Lg3Icho_013,mosei_real,0,mosei_4Q95Lg3Icho_013,,,-1,1,1,1,D:\Documents\Programming\Thesis_G10\data\raw\CMU-MOSEI\segments\4Q95Lg3Icho_013.mp4,data\preprocessed\features\z_at\4Q95Lg3Icho_013.pt,data\preprocessed\features\z_v\4Q95Lg3Icho_013.pt
4Q95Lg3Icho_014,mosei_real,0,mosei_4Q95Lg3Icho_014,,,-1,1,1,1,D:\Documents\Programming\Thesis_G10\data\raw\CMU-MOSEI\segments\4Q95Lg3Icho_014.mp4,data\preprocessed\features\z_at\4Q95Lg3Icho_014.pt,data\preprocessed\features\z_v\4Q95Lg3Icho_014.pt
4Q95Lg3Icho_016,mosei_real,0,mosei_4Q95Lg3Icho_016,,,-1,1,1,1,D:\Documents\Programming\Thesis_G10\data\raw\CMU-MOSEI\segments\4Q95Lg3Icho_016.mp4,data\preprocessed\features\z_at\4Q95Lg3Icho_016.pt,data\preprocessed\features\z_v\4Q95Lg3Icho_016.pt
4Q95Lg3Icho_018,mosei_real,0,mosei_4Q95Lg3Icho_018,,,-1,1,1,1,D:\Documents\Programming\Thesis_G10\data\raw\CMU-MOSEI\segments\4Q95Lg3Icho_018.mp4,data\preprocessed\features\z_at\4Q95Lg3Icho_018.pt,data\preprocessed\features\z_v\4Q95Lg3Icho_018.pt
4Q95Lg3Icho_019,mosei_real,0,mosei_4Q95Lg3Icho_019,,,-1,1,1,1,D:\Documents\Programming\Thesis_G10\data\raw\CMU-MOSEI\segments\4Q95Lg3Icho_019.mp4,data\preprocessed\features\z_at\4Q95Lg3Icho_019.pt,data\preprocessed\features\z_v\4Q95Lg3Icho_019.pt
4Q95Lg3Icho_021,mosei_real,0,mosei_4Q95Lg3Icho_021,,,-1,1,1,1,D:\Documents\Programming\Thesis_G10\data\raw\CMU-MOSEI\segments\4Q95Lg3Icho_021.mp4,data\preprocessed\features\z_at\4Q95Lg3Icho_021.pt,data\preprocessed\features\z_v\4Q95Lg3Icho_021.pt
4Q95Lg3Icho_023,mosei_real,0,mosei_4Q95Lg3Icho_023,,,-1,1,1,1,D:\Documents\Programming\Thesis_G10\data\raw\CMU-MOSEI\segments\4Q95Lg3Icho_023.mp4,data\preprocessed\features\z_at\4Q95Lg3Icho_023.pt,data\preprocessed\features\z_v\4Q95Lg3Icho_023.pt
4VA4kqMnEqA_000,mosei_real,0,mosei_4VA4kqMnEqA_000,,,-1,1,1,1,D:\Documents\Programming\Thesis_G10\data\raw\CMU-MOSEI\segments\4VA4kqMnEqA_000.mp4,data\preprocessed\features\z_at\4VA4kqMnEqA_000.pt,data\preprocessed\features\z_v\4VA4kqMnEqA_000.pt
4VA4kqMnEqA_002,mosei_real,0,mosei_4VA4kqMnEqA_002,,,-1,1,1,1,D:\Documents\Programming\Thesis_G10\data\raw\CMU-MOSEI\segments\4VA4kqMnEqA_002.mp4,data\preprocessed\features\z_at\4VA4kqMnEqA_002.pt,data\preprocessed\features\z_v\4VA4kqMnEqA_002.pt
4VA4kqMnEqA_003,mosei_real,0,mosei_4VA4kqMnEqA_003,,,-1,1,1,1,D:\Documents\Programming\Thesis_G10\data\raw\CMU-MOSEI\segments\4VA4kqMnEqA_003.mp4,data\preprocessed\features\z_at\4VA4kqMnEqA_003.pt,data\preprocessed\features\z_v\4VA4kqMnEqA_003.pt
4VA4kqMnEqA_007,mosei_real,0,mosei_4VA4kqMnEqA_007,,,-1,1,1,1,D:\Documents\Programming\Thesis_G10\data\raw\CMU-MOSEI\segments\4VA4kqMnEqA_007.mp4,data\preprocessed\features\z_at\4VA4kqMnEqA_007.pt,data\preprocessed\features\z_v\4VA4kqMnEqA_007.pt
4VA4kqMnEqA_008,mosei_real,0,mosei_4VA4kqMnEqA_008,,,-1,1,1,1,D:\Documents\Programming\Thesis_G10\data\raw\CMU-MOSEI\segments\4VA4kqMnEqA_008.mp4,data\preprocessed\features\z_at\4VA4kqMnEqA_008.pt,data\preprocessed\features\z_v\4VA4kqMnEqA_008.pt
4WTVL5bNybU_001,mosei_real,0,mosei_4WTVL5bNybU_001,,,-1,1,1,1,D:\Documents\Programming\Thesis_G10\data\raw\CMU-MOSEI\segments\4WTVL5bNybU_001.mp4,data\preprocessed\features\z_at\4WTVL5bNybU_001.pt,data\preprocessed\features\z_v\4WTVL5bNybU_001.pt
4Y8ROYezksQ_000,mosei_real,0,mosei_4Y8ROYezksQ_000,,,-1,1,1,1,D:\Documents\Programming\Thesis_G10\data\raw\CMU-MOSEI\segments\4Y8ROYezksQ_000.mp4,data\preprocessed\features\z_at\4Y8ROYezksQ_000.pt,data\preprocessed\features\z_v\4Y8ROYezksQ_000.pt
4YfyP0uIqw0_000,mosei_real,0,mosei_4YfyP0uIqw0_000,,,-1,1,1,1,D:\Documents\Programming\Thesis_G10\data\raw\CMU-MOSEI\segments\4YfyP0uIqw0_000.mp4,data\preprocessed\features\z_at\4YfyP0uIqw0_000.pt,data\preprocessed\features\z_v\4YfyP0uIqw0_000.pt
4dAYMzRyndc_002,mosei_real,0,mosei_4dAYMzRyndc_002,,,-1,1,1,1,D:\Documents\Programming\Thesis_G10\data\raw\CMU-MOSEI\segments\4dAYMzRyndc_002.mp4,data\preprocessed\features\z_at\4dAYMzRyndc_002.pt,data\preprocessed\features\z_v\4dAYMzRyndc_002.pt
4dAYMzRyndc_005,mosei_real,0,mosei_4dAYMzRyndc_005,,,-1,1,1,1,D:\Documents\Programming\Thesis_G10\data\raw\CMU-MOSEI\segments\4dAYMzRyndc_005.mp4,data\preprocessed\features\z_at\4dAYMzRyndc_005.pt,data\preprocessed\features\z_v\4dAYMzRyndc_005.pt
4dAYMzRyndc_006,mosei_real,0,mosei_4dAYMzRyndc_006,,,-1,1,1,1,D:\Documents\Programming\Thesis_G10\data\raw\CMU-MOSEI\segments\4dAYMzRyndc_006.mp4,data\preprocessed\features\z_at\4dAYMzRyndc_006.pt,data\preprocessed\features\z_v\4dAYMzRyndc_006.pt
4hEWns7JBg0_000,mosei_real,0,mosei_4hEWns7JBg0_000,,,-1,1,1,1,D:\Documents\Programming\Thesis_G10\data\raw\CMU-MOSEI\segments\4hEWns7JBg0_000.mp4,data\preprocessed\features\z_at\4hEWns7JBg0_000.pt,data\preprocessed\features\z_v\4hEWns7JBg0_000.pt
4hEWns7JBg0_002,mosei_real,0,mosei_4hEWns7JBg0_002,,,-1,1,1,1,D:\Documents\Programming\Thesis_G10\data\raw\CMU-MOSEI\segments\4hEWns7JBg0_002.mp4,data\preprocessed\features\z_at\4hEWns7JBg0_002.pt,data\preprocessed\features\z_v\4hEWns7JBg0_002.pt
4hEWns7JBg0_004,mosei_real,0,mosei_4hEWns7JBg0_004,,,-1,1,1,1,D:\Documents\Programming\Thesis_G10\data\raw\CMU-MOSEI\segments\4hEWns7JBg0_004.mp4,data\preprocessed\features\z_at\4hEWns7JBg0_004.pt,data\preprocessed\features\z_v\4hEWns7JBg0_004.pt
4hEWns7JBg0_005,mosei_real,0,mosei_4hEWns7JBg0_005,,,-1,1,1,1,D:\Documents\Programming\Thesis_G10\data\raw\CMU-MOSEI\segments\4hEWns7JBg0_005.mp4,data\preprocessed\features\z_at\4hEWns7JBg0_005.pt,data\preprocessed\features\z_v\4hEWns7JBg0_005.pt
4hEWns7JBg0_006,mosei_real,0,mosei_4hEWns7JBg0_006,,,-1,1,1,1,D:\Documents\Programming\Thesis_G10\data\raw\CMU-MOSEI\segments\4hEWns7JBg0_006.mp4,data\preprocessed\features\z_at\4hEWns7JBg0_006.pt,data\preprocessed\features\z_v\4hEWns7JBg0_006.pt
4hEWns7JBg0_007,mosei_real,0,mosei_4hEWns7JBg0_007,,,-1,1,1,1,D:\Documents\Programming\Thesis_G10\data\raw\CMU-MOSEI\segments\4hEWns7JBg0_007.mp4,data\preprocessed\features\z_at\4hEWns7JBg0_007.pt,data\preprocessed\features\z_v\4hEWns7JBg0_007.pt
4hEWns7JBg0_008,mosei_real,0,mosei_4hEWns7JBg0_008,,,-1,1,1,1,D:\Documents\Programming\Thesis_G10\data\raw\CMU-MOSEI\segments\4hEWns7JBg0_008.mp4,data\preprocessed\features\z_at\4hEWns7JBg0_008.pt,data\preprocessed\features\z_v\4hEWns7JBg0_008.pt
4hEWns7JBg0_009,mosei_real,0,mosei_4hEWns7JBg0_009,,,-1,1,1,1,D:\Documents\Programming\Thesis_G10\data\raw\CMU-MOSEI\segments\4hEWns7JBg0_009.mp4,data\preprocessed\features\z_at\4hEWns7JBg0_009.pt,data\preprocessed\features\z_v\4hEWns7JBg0_009.pt
4hEWns7JBg0_010,mosei_real,0,mosei_4hEWns7JBg0_010,,,-1,1,1,1,D:\Documents\Programming\Thesis_G10\data\raw\CMU-MOSEI\segments\4hEWns7JBg0_010.mp4,data\preprocessed\features\z_at\4hEWns7JBg0_010.pt,data\preprocessed\features\z_v\4hEWns7JBg0_010.pt
4hEWns7JBg0_012,mosei_real,0,mosei_4hEWns7JBg0_012,,,-1,1,1,1,D:\Documents\Programming\Thesis_G10\data\raw\CMU-MOSEI\segments\4hEWns7JBg0_012.mp4,data\preprocessed\features\z_at\4hEWns7JBg0_012.pt,data\preprocessed\features\z_v\4hEWns7JBg0_012.pt
4hEWns7JBg0_014,mosei_real,0,mosei_4hEWns7JBg0_014,,,-1,1,1,1,D:\Documents\Programming\Thesis_G10\data\raw\CMU-MOSEI\segments\4hEWns7JBg0_014.mp4,data\preprocessed\features\z_at\4hEWns7JBg0_014.pt,data\preprocessed\features\z_v\4hEWns7JBg0_014.pt
4hEWns7JBg0_016,mosei_real,0,mosei_4hEWns7JBg0_016,,,-1,1,1,1,D:\Documents\Programming\Thesis_G10\data\raw\CMU-MOSEI\segments\4hEWns7JBg0_016.mp4,data\preprocessed\features\z_at\4hEWns7JBg0_016.pt,data\preprocessed\features\z_v\4hEWns7JBg0_016.pt
4hEWns7JBg0_019,mosei_real,0,mosei_4hEWns7JBg0_019,,,-1,1,1,1,D:\Documents\Programming\Thesis_G10\data\raw\CMU-MOSEI\segments\4hEWns7JBg0_019.mp4,data\preprocessed\features\z_at\4hEWns7JBg0_019.pt,data\preprocessed\features\z_v\4hEWns7JBg0_019.pt
4hEWns7JBg0_021,mosei_real,0,mosei_4hEWns7JBg0_021,,,-1,1,1,1,D:\Documents\Programming\Thesis_G10\data\raw\CMU-MOSEI\segments\4hEWns7JBg0_021.mp4,data\preprocessed\features\z_at\4hEWns7JBg0_021.pt,data\preprocessed\features\z_v\4hEWns7JBg0_021.pt
4hEWns7JBg0_022,mosei_real,0,mosei_4hEWns7JBg0_022,,,-1,1,1,1,D:\Documents\Programming\Thesis_G10\data\raw\CMU-MOSEI\segments\4hEWns7JBg0_022.mp4,data\preprocessed\features\z_at\4hEWns7JBg0_022.pt,data\preprocessed\features\z_v\4hEWns7JBg0_022.pt
4hEWns7JBg0_024,mosei_real,0,mosei_4hEWns7JBg0_024,,,-1,1,1,1,D:\Documents\Programming\Thesis_G10\data\raw\CMU-MOSEI\segments\4hEWns7JBg0_024.mp4,data\preprocessed\features\z_at\4hEWns7JBg0_024.pt,data\preprocessed\features\z_v\4hEWns7JBg0_024.pt
4hEWns7JBg0_025,mosei_real,0,mosei_4hEWns7JBg0_025,,,-1,1,1,1,D:\Documents\Programming\Thesis_G10\data\raw\CMU-MOSEI\segments\4hEWns7JBg0_025.mp4,data\preprocessed\features\z_at\4hEWns7JBg0_025.pt,data\preprocessed\features\z_v\4hEWns7JBg0_025.pt
4iG0ffmnCOw_004,mosei_real,0,mosei_4iG0ffmnCOw_004,,,-1,1,1,1,D:\Documents\Programming\Thesis_G10\data\raw\CMU-MOSEI\segments\4iG0ffmnCOw_004.mp4,data\preprocessed\features\z_at\4iG0ffmnCOw_004.pt,data\preprocessed\features\z_v\4iG0ffmnCOw_004.pt
4iG0ffmnCOw_008,mosei_real,0,mosei_4iG0ffmnCOw_008,,,-1,1,1,1,D:\Documents\Programming\Thesis_G10\data\raw\CMU-MOSEI\segments\4iG0ffmnCOw_008.mp4,data\preprocessed\features\z_at\4iG0ffmnCOw_008.pt,data\preprocessed\features\z_v\4iG0ffmnCOw_008.pt
4iw1jTY-X3A_001,mosei_real,0,mosei_4iw1jTY-X3A_001,,,-1,1,1,1,D:\Documents\Programming\Thesis_G10\data\raw\CMU-MOSEI\segments\4iw1jTY-X3A_001.mp4,data\preprocessed\features\z_at\4iw1jTY-X3A_001.pt,data\preprocessed\features\z_v\4iw1jTY-X3A_001.pt
4iw1jTY-X3A_002,mosei_real,0,mosei_4iw1jTY-X3A_002,,,-1,1,1,1,D:\Documents\Programming\Thesis_G10\data\raw\CMU-MOSEI\segments\4iw1jTY-X3A_002.mp4,data\preprocessed\features\z_at\4iw1jTY-X3A_002.pt,data\preprocessed\features\z_v\4iw1jTY-X3A_002.pt
4iw1jTY-X3A_003,mosei_real,0,mosei_4iw1jTY-X3A_003,,,-1,1,1,1,D:\Documents\Programming\Thesis_G10\data\raw\CMU-MOSEI\segments\4iw1jTY-X3A_003.mp4,data\preprocessed\features\z_at\4iw1jTY-X3A_003.pt,data\preprocessed\features\z_v\4iw1jTY-X3A_003.pt
4iw1jTY-X3A_004,mosei_real,0,mosei_4iw1jTY-X3A_004,,,-1,1,1,1,D:\Documents\Programming\Thesis_G10\data\raw\CMU-MOSEI\segments\4iw1jTY-X3A_004.mp4,data\preprocessed\features\z_at\4iw1jTY-X3A_004.pt,data\preprocessed\features\z_v\4iw1jTY-X3A_004.pt
4iw1jTY-X3A_005,mosei_real,0,mosei_4iw1jTY-X3A_005,,,-1,1,1,1,D:\Documents\Programming\Thesis_G10\data\raw\CMU-MOSEI\segments\4iw1jTY-X3A_005.mp4,data\preprocessed\features\z_at\4iw1jTY-X3A_005.pt,data\preprocessed\features\z_v\4iw1jTY-X3A_005.pt
4iw1jTY-X3A_006,mosei_real,0,mosei_4iw1jTY-X3A_006,,,-1,1,1,1,D:\Documents\Programming\Thesis_G10\data\raw\CMU-MOSEI\segments\4iw1jTY-X3A_006.mp4,data\preprocessed\features\z_at\4iw1jTY-X3A_006.pt,data\preprocessed\features\z_v\4iw1jTY-X3A_006.pt
4kF0U8kIMp4_000,mosei_real,0,mosei_4kF0U8kIMp4_000,,,-1,1,1,1,D:\Documents\Programming\Thesis_G10\data\raw\CMU-MOSEI\segments\4kF0U8kIMp4_000.mp4,data\preprocessed\features\z_at\4kF0U8kIMp4_000.pt,data\preprocessed\features\z_v\4kF0U8kIMp4_000.pt
4kF0U8kIMp4_002,mosei_real,0,mosei_4kF0U8kIMp4_002,,,-1,1,1,1,D:\Documents\Programming\Thesis_G10\data\raw\CMU-MOSEI\segments\4kF0U8kIMp4_002.mp4,data\preprocessed\features\z_at\4kF0U8kIMp4_002.pt,data\preprocessed\features\z_v\4kF0U8kIMp4_002.pt
4kF0U8kIMp4_004,mosei_real,0,mosei_4kF0U8kIMp4_004,,,-1,1,1,1,D:\Documents\Programming\Thesis_G10\data\raw\CMU-MOSEI\segments\4kF0U8kIMp4_004.mp4,data\preprocessed\features\z_at\4kF0U8kIMp4_004.pt,data\preprocessed\features\z_v\4kF0U8kIMp4_004.pt
4kF0U8kIMp4_005,mosei_real,0,mosei_4kF0U8kIMp4_005,,,-1,1,1,1,D:\Documents\Programming\Thesis_G10\data\raw\CMU-MOSEI\segments\4kF0U8kIMp4_005.mp4,data\preprocessed\features\z_at\4kF0U8kIMp4_005.pt,data\preprocessed\features\z_v\4kF0U8kIMp4_005.pt
4kF0U8kIMp4_006,mosei_real,0,mosei_4kF0U8kIMp4_006,,,-1,1,1,1,D:\Documents\Programming\Thesis_G10\data\raw\CMU-MOSEI\segments\4kF0U8kIMp4_006.mp4,data\preprocessed\features\z_at\4kF0U8kIMp4_006.pt,data\preprocessed\features\z_v\4kF0U8kIMp4_006.pt
4lKz4xyCmkk_000,mosei_real,0,mosei_4lKz4xyCmkk_000,,,-1,1,1,1,D:\Documents\Programming\Thesis_G10\data\raw\CMU-MOSEI\segments\4lKz4xyCmkk_000.mp4,data\preprocessed\features\z_at\4lKz4xyCmkk_000.pt,data\preprocessed\features\z_v\4lKz4xyCmkk_000.pt
4lKz4xyCmkk_001,mosei_real,0,mosei_4lKz4xyCmkk_001,,,-1,1,1,1,D:\Documents\Programming\Thesis_G10\data\raw\CMU-MOSEI\segments\4lKz4xyCmkk_001.mp4,data\preprocessed\features\z_at\4lKz4xyCmkk_001.pt,data\preprocessed\features\z_v\4lKz4xyCmkk_001.pt
4lKz4xyCmkk_003,mosei_real,0,mosei_4lKz4xyCmkk_003,,,-1,1,1,1,D:\Documents\Programming\Thesis_G10\data\raw\CMU-MOSEI\segments\4lKz4xyCmkk_003.mp4,data\preprocessed\features\z_at\4lKz4xyCmkk_003.pt,data\preprocessed\features\z_v\4lKz4xyCmkk_003.pt
4lKz4xyCmkk_007,mosei_real,0,mosei_4lKz4xyCmkk_007,,,-1,1,1,1,D:\Documents\Programming\Thesis_G10\data\raw\CMU-MOSEI\segments\4lKz4xyCmkk_007.mp4,data\preprocessed\features\z_at\4lKz4xyCmkk_007.pt,data\preprocessed\features\z_v\4lKz4xyCmkk_007.pt
4lKz4xyCmkk_008,mosei_real,0,mosei_4lKz4xyCmkk_008,,,-1,1,1,1,D:\Documents\Programming\Thesis_G10\data\raw\CMU-MOSEI\segments\4lKz4xyCmkk_008.mp4,data\preprocessed\features\z_at\4lKz4xyCmkk_008.pt,data\preprocessed\features\z_v\4lKz4xyCmkk_008.pt
4lKz4xyCmkk_011,mosei_real,0,mosei_4lKz4xyCmkk_011,,,-1,1,1,1,D:\Documents\Programming\Thesis_G10\data\raw\CMU-MOSEI\segments\4lKz4xyCmkk_011.mp4,data\preprocessed\features\z_at\4lKz4xyCmkk_011.pt,data\preprocessed\features\z_v\4lKz4xyCmkk_011.pt
4qjz4BQCZyM_000,mosei_real,0,mosei_4qjz4BQCZyM_000,,,-1,1,1,1,D:\Documents\Programming\Thesis_G10\data\raw\CMU-MOSEI\segments\4qjz4BQCZyM_000.mp4,data\preprocessed\features\z_at\4qjz4BQCZyM_000.pt,data\preprocessed\features\z_v\4qjz4BQCZyM_000.pt
4qjz4BQCZyM_001,mosei_real,0,mosei_4qjz4BQCZyM_001,,,-1,1,1,1,D:\Documents\Programming\Thesis_G10\data\raw\CMU-MOSEI\segments\4qjz4BQCZyM_001.mp4,data\preprocessed\features\z_at\4qjz4BQCZyM_001.pt,data\preprocessed\features\z_v\4qjz4BQCZyM_001.pt
4qoB5a6dR3w_000,mosei_real,0,mosei_4qoB5a6dR3w_000,,,-1,1,1,1,D:\Documents\Programming\Thesis_G10\data\raw\CMU-MOSEI\segments\4qoB5a6dR3w_000.mp4,data\preprocessed\features\z_at\4qoB5a6dR3w_000.pt,data\preprocessed\features\z_v\4qoB5a6dR3w_000.pt
4qoB5a6dR3w_001,mosei_real,0,mosei_4qoB5a6dR3w_001,,,-1,1,1,1,D:\Documents\Programming\Thesis_G10\data\raw\CMU-MOSEI\segments\4qoB5a6dR3w_001.mp4,data\preprocessed\features\z_at\4qoB5a6dR3w_001.pt,data\preprocessed\features\z_v\4qoB5a6dR3w_001.pt
4qoB5a6dR3w_002,mosei_real,0,mosei_4qoB5a6dR3w_002,,,-1,1,1,1,D:\Documents\Programming\Thesis_G10\data\raw\CMU-MOSEI\segments\4qoB5a6dR3w_002.mp4,data\preprocessed\features\z_at\4qoB5a6dR3w_002.pt,data\preprocessed\features\z_v\4qoB5a6dR3w_002.pt
4wLP4elp1uM_001,mosei_real,0,mosei_4wLP4elp1uM_001,,,-1,1,1,1,D:\Documents\Programming\Thesis_G10\data\raw\CMU-MOSEI\segments\4wLP4elp1uM_001.mp4,data\preprocessed\features\z_at\4wLP4elp1uM_001.pt,data\preprocessed\features\z_v\4wLP4elp1uM_001.pt
4wdeBJ39Cuw_002,mosei_real,0,mosei_4wdeBJ39Cuw_002,,,-1,1,1,1,D:\Documents\Programming\Thesis_G10\data\raw\CMU-MOSEI\segments\4wdeBJ39Cuw_002.mp4,data\preprocessed\features\z_at\4wdeBJ39Cuw_002.pt,data\preprocessed\features\z_v\4wdeBJ39Cuw_002.pt
4wdeBJ39Cuw_003,mosei_real,0,mosei_4wdeBJ39Cuw_003,,,-1,1,1,1,D:\Documents\Programming\Thesis_G10\data\raw\CMU-MOSEI\segments\4wdeBJ39Cuw_003.mp4,data\preprocessed\features\z_at\4wdeBJ39Cuw_003.pt,data\preprocessed\features\z_v\4wdeBJ39Cuw_003.pt
4wdeBJ39Cuw_004,mosei_real,0,mosei_4wdeBJ39Cuw_004,,,-1,1,1,1,D:\Documents\Programming\Thesis_G10\data\raw\CMU-MOSEI\segments\4wdeBJ39Cuw_004.mp4,data\preprocessed\features\z_at\4wdeBJ39Cuw_004.pt,data\preprocessed\features\z_v\4wdeBJ39Cuw_004.pt
4wuug3-5cWo_001,mosei_real,0,mosei_4wuug3-5cWo_001,,,-1,1,1,1,D:\Documents\Programming\Thesis_G10\data\raw\CMU-MOSEI\segments\4wuug3-5cWo_001.mp4,data\preprocessed\features\z_at\4wuug3-5cWo_001.pt,data\preprocessed\features\z_v\4wuug3-5cWo_001.pt
4wuug3-5cWo_002,mosei_real,0,mosei_4wuug3-5cWo_002,,,-1,1,1,1,D:\Documents\Programming\Thesis_G10\data\raw\CMU-MOSEI\segments\4wuug3-5cWo_002.mp4,data\preprocessed\features\z_at\4wuug3-5cWo_002.pt,data\preprocessed\features\z_v\4wuug3-5cWo_002.pt
4wuug3-5cWo_003,mosei_real,0,mosei_4wuug3-5cWo_003,,,-1,1,1,1,D:\Documents\Programming\Thesis_G10\data\raw\CMU-MOSEI\segments\4wuug3-5cWo_003.mp4,data\preprocessed\features\z_at\4wuug3-5cWo_003.pt,data\preprocessed\features\z_v\4wuug3-5cWo_003.pt
4wuug3-5cWo_007,mosei_real,0,mosei_4wuug3-5cWo_007,,,-1,1,1,1,D:\Documents\Programming\Thesis_G10\data\raw\CMU-MOSEI\segments\4wuug3-5cWo_007.mp4,data\preprocessed\features\z_at\4wuug3-5cWo_007.pt,data\preprocessed\features\z_v\4wuug3-5cWo_007.pt
4wuug3-5cWo_008,mosei_real,0,mosei_4wuug3-5cWo_008,,,-1,1,1,1,D:\Documents\Programming\Thesis_G10\data\raw\CMU-MOSEI\segments\4wuug3-5cWo_008.mp4,data\preprocessed\features\z_at\4wuug3-5cWo_008.pt,data\preprocessed\features\z_v\4wuug3-5cWo_008.pt
4wuug3-5cWo_009,mosei_real,0,mosei_4wuug3-5cWo_009,,,-1,1,1,1,D:\Documents\Programming\Thesis_G10\data\raw\CMU-MOSEI\segments\4wuug3-5cWo_009.mp4,data\preprocessed\features\z_at\4wuug3-5cWo_009.pt,data\preprocessed\features\z_v\4wuug3-5cWo_009.pt
4wuug3-5cWo_011,mosei_real,0,mosei_4wuug3-5cWo_011,,,-1,1,1,1,D:\Documents\Programming\Thesis_G10\data\raw\CMU-MOSEI\segments\4wuug3-5cWo_011.mp4,data\preprocessed\features\z_at\4wuug3-5cWo_011.pt,data\preprocessed\features\z_v\4wuug3-5cWo_011.pt
4wuug3-5cWo_012,mosei_real,0,mosei_4wuug3-5cWo_012,,,-1,1,1,1,D:\Documents\Programming\Thesis_G10\data\raw\CMU-MOSEI\segments\4wuug3-5cWo_012.mp4,data\preprocessed\features\z_at\4wuug3-5cWo_012.pt,data\preprocessed\features\z_v\4wuug3-5cWo_012.pt
55T4QNcdpOk_001,mosei_real,0,mosei_55T4QNcdpOk_001,,,-1,1,1,1,D:\Documents\Programming\Thesis_G10\data\raw\CMU-MOSEI\segments\55T4QNcdpOk_001.mp4,data\preprocessed\features\z_at\55T4QNcdpOk_001.pt,data\preprocessed\features\z_v\55T4QNcdpOk_001.pt
5B0PQx3Ep3k_001,mosei_real,0,mosei_5B0PQx3Ep3k_001,,,-1,1,1,1,D:\Documents\Programming\Thesis_G10\data\raw\CMU-MOSEI\segments\5B0PQx3Ep3k_001.mp4,data\preprocessed\features\z_at\5B0PQx3Ep3k_001.pt,data\preprocessed\features\z_v\5B0PQx3Ep3k_001.pt
5IhAgV0Bf_4_000,mosei_real,0,mosei_5IhAgV0Bf_4_000,,,-1,1,1,1,D:\Documents\Programming\Thesis_G10\data\raw\CMU-MOSEI\segments\5IhAgV0Bf_4_000.mp4,data\preprocessed\features\z_at\5IhAgV0Bf_4_000.pt,data\preprocessed\features\z_v\5IhAgV0Bf_4_000.pt
5JMpMKAO-Mk_000,mosei_real,0,mosei_5JMpMKAO-Mk_000,,,-1,1,1,1,D:\Documents\Programming\Thesis_G10\data\raw\CMU-MOSEI\segments\5JMpMKAO-Mk_000.mp4,data\preprocessed\features\z_at\5JMpMKAO-Mk_000.pt,data\preprocessed\features\z_v\5JMpMKAO-Mk_000.pt
5JMpMKAO-Mk_001,mosei_real,0,mosei_5JMpMKAO-Mk_001,,,-1,1,1,1,D:\Documents\Programming\Thesis_G10\data\raw\CMU-MOSEI\segments\5JMpMKAO-Mk_001.mp4,data\preprocessed\features\z_at\5JMpMKAO-Mk_001.pt,data\preprocessed\features\z_v\5JMpMKAO-Mk_001.pt
5JMpMKAO-Mk_002,mosei_real,0,mosei_5JMpMKAO-Mk_002,,,-1,1,1,1,D:\Documents\Programming\Thesis_G10\data\raw\CMU-MOSEI\segments\5JMpMKAO-Mk_002.mp4,data\preprocessed\features\z_at\5JMpMKAO-Mk_002.pt,data\preprocessed\features\z_v\5JMpMKAO-Mk_002.pt
5O1W39o56gg_000,mosei_real,0,mosei_5O1W39o56gg_000,,,-1,1,1,1,D:\Documents\Programming\Thesis_G10\data\raw\CMU-MOSEI\segments\5O1W39o56gg_000.mp4,data\preprocessed\features\z_at\5O1W39o56gg_000.pt,data\preprocessed\features\z_v\5O1W39o56gg_000.pt
5O1W39o56gg_001,mosei_real,0,mosei_5O1W39o56gg_001,,,-1,1,1,1,D:\Documents\Programming\Thesis_G10\data\raw\CMU-MOSEI\segments\5O1W39o56gg_001.mp4,data\preprocessed\features\z_at\5O1W39o56gg_001.pt,data\preprocessed\features\z_v\5O1W39o56gg_001.pt
5O1W39o56gg_002,mosei_real,0,mosei_5O1W39o56gg_002,,,-1,1,1,1,D:\Documents\Programming\Thesis_G10\data\raw\CMU-MOSEI\segments\5O1W39o56gg_002.mp4,data\preprocessed\features\z_at\5O1W39o56gg_002.pt,data\preprocessed\features\z_v\5O1W39o56gg_002.pt
5O1W39o56gg_004,mosei_real,0,mosei_5O1W39o56gg_004,,,-1,1,1,1,D:\Documents\Programming\Thesis_G10\data\raw\CMU-MOSEI\segments\5O1W39o56gg_004.mp4,data\preprocessed\features\z_at\5O1W39o56gg_004.pt,data\preprocessed\features\z_v\5O1W39o56gg_004.pt
5O1W39o56gg_005,mosei_real,0,mosei_5O1W39o56gg_005,,,-1,1,1,1,D:\Documents\Programming\Thesis_G10\data\raw\CMU-MOSEI\segments\5O1W39o56gg_005.mp4,data\preprocessed\features\z_at\5O1W39o56gg_005.pt,data\preprocessed\features\z_v\5O1W39o56gg_005.pt
5O1W39o56gg_006,mosei_real,0,mosei_5O1W39o56gg_006,,,-1,1,1,1,D:\Documents\Programming\Thesis_G10\data\raw\CMU-MOSEI\segments\5O1W39o56gg_006.mp4,data\preprocessed\features\z_at\5O1W39o56gg_006.pt,data\preprocessed\features\z_v\5O1W39o56gg_006.pt
5O1W39o56gg_007,mosei_real,0,mosei_5O1W39o56gg_007,,,-1,1,1,1,D:\Documents\Programming\Thesis_G10\data\raw\CMU-MOSEI\segments\5O1W39o56gg_007.mp4,data\preprocessed\features\z_at\5O1W39o56gg_007.pt,data\preprocessed\features\z_v\5O1W39o56gg_007.pt
5O1W39o56gg_008,mosei_real,0,mosei_5O1W39o56gg_008,,,-1,1,1,1,D:\Documents\Programming\Thesis_G10\data\raw\CMU-MOSEI\segments\5O1W39o56gg_008.mp4,data\preprocessed\features\z_at\5O1W39o56gg_008.pt,data\preprocessed\features\z_v\5O1W39o56gg_008.pt
5OLO6zEbrVw_000,mosei_real,0,mosei_5OLO6zEbrVw_000,,,-1,1,1,1,D:\Documents\Programming\Thesis_G10\data\raw\CMU-MOSEI\segments\5OLO6zEbrVw_000.mp4,data\preprocessed\features\z_at\5OLO6zEbrVw_000.pt,data\preprocessed\features\z_v\5OLO6zEbrVw_000.pt
5OLO6zEbrVw_003,mosei_real,0,mosei_5OLO6zEbrVw_003,,,-1,1,1,1,D:\Documents\Programming\Thesis_G10\data\raw\CMU-MOSEI\segments\5OLO6zEbrVw_003.mp4,data\preprocessed\features\z_at\5OLO6zEbrVw_003.pt,data\preprocessed\features\z_v\5OLO6zEbrVw_003.pt
5OUcvUDMMWE_000,mosei_real,0,mosei_5OUcvUDMMWE_000,,,-1,1,1,1,D:\Documents\Programming\Thesis_G10\data\raw\CMU-MOSEI\segments\5OUcvUDMMWE_000.mp4,data\preprocessed\features\z_at\5OUcvUDMMWE_000.pt,data\preprocessed\features\z_v\5OUcvUDMMWE_000.pt
5OUcvUDMMWE_002,mosei_real,0,mosei_5OUcvUDMMWE_002,,,-1,1,1,1,D:\Documents\Programming\Thesis_G10\data\raw\CMU-MOSEI\segments\5OUcvUDMMWE_002.mp4,data\preprocessed\features\z_at\5OUcvUDMMWE_002.pt,data\preprocessed\features\z_v\5OUcvUDMMWE_002.pt
5OUcvUDMMWE_004,mosei_real,0,mosei_5OUcvUDMMWE_004,,,-1,1,1,1,D:\Documents\Programming\Thesis_G10\data\raw\CMU-MOSEI\segments\5OUcvUDMMWE_004.mp4,data\preprocessed\features\z_at\5OUcvUDMMWE_004.pt,data\preprocessed\features\z_v\5OUcvUDMMWE_004.pt
5OUcvUDMMWE_005,mosei_real,0,mosei_5OUcvUDMMWE_005,,,-1,1,1,1,D:\Documents\Programming\Thesis_G10\data\raw\CMU-MOSEI\segments\5OUcvUDMMWE_005.mp4,data\preprocessed\features\z_at\5OUcvUDMMWE_005.pt,data\preprocessed\features\z_v\5OUcvUDMMWE_005.pt
5OUcvUDMMWE_006,mosei_real,0,mosei_5OUcvUDMMWE_006,,,-1,1,1,1,D:\Documents\Programming\Thesis_G10\data\raw\CMU-MOSEI\segments\5OUcvUDMMWE_006.mp4,data\preprocessed\features\z_at\5OUcvUDMMWE_006.pt,data\preprocessed\features\z_v\5OUcvUDMMWE_006.pt
5OUcvUDMMWE_007,mosei_real,0,mosei_5OUcvUDMMWE_007,,,-1,1,1,1,D:\Documents\Programming\Thesis_G10\data\raw\CMU-MOSEI\segments\5OUcvUDMMWE_007.mp4,data\preprocessed\features\z_at\5OUcvUDMMWE_007.pt,data\preprocessed\features\z_v\5OUcvUDMMWE_007.pt
5OUcvUDMMWE_008,mosei_real,0,mosei_5OUcvUDMMWE_008,,,-1,1,1,1,D:\Documents\Programming\Thesis_G10\data\raw\CMU-MOSEI\segments\5OUcvUDMMWE_008.mp4,data\preprocessed\features\z_at\5OUcvUDMMWE_008.pt,data\preprocessed\features\z_v\5OUcvUDMMWE_008.pt
5OUcvUDMMWE_009,mosei_real,0,mosei_5OUcvUDMMWE_009,,,-1,1,1,1,D:\Documents\Programming\Thesis_G10\data\raw\CMU-MOSEI\segments\5OUcvUDMMWE_009.mp4,data\preprocessed\features\z_at\5OUcvUDMMWE_009.pt,data\preprocessed\features\z_v\5OUcvUDMMWE_009.pt
5OUcvUDMMWE_010,mosei_real,0,mosei_5OUcvUDMMWE_010,,,-1,1,1,1,D:\Documents\Programming\Thesis_G10\data\raw\CMU-MOSEI\segments\5OUcvUDMMWE_010.mp4,data\preprocessed\features\z_at\5OUcvUDMMWE_010.pt,data\preprocessed\features\z_v\5OUcvUDMMWE_010.pt
5R5fDxZUL8M_004,mosei_real,0,mosei_5R5fDxZUL8M_004,,,-1,1,1,1,D:\Documents\Programming\Thesis_G10\data\raw\CMU-MOSEI\segments\5R5fDxZUL8M_004.mp4,data\preprocessed\features\z_at\5R5fDxZUL8M_004.pt,data\preprocessed\features\z_v\5R5fDxZUL8M_004.pt
5R5fDxZUL8M_005,mosei_real,0,mosei_5R5fDxZUL8M_005,,,-1,1,1,1,D:\Documents\Programming\Thesis_G10\data\raw\CMU-MOSEI\segments\5R5fDxZUL8M_005.mp4,data\preprocessed\features\z_at\5R5fDxZUL8M_005.pt,data\preprocessed\features\z_v\5R5fDxZUL8M_005.pt
5Tqu1IXJjGY_001,mosei_real,0,mosei_5Tqu1IXJjGY_001,,,-1,1,1,1,D:\Documents\Programming\Thesis_G10\data\raw\CMU-MOSEI\segments\5Tqu1IXJjGY_001.mp4,data\preprocessed\features\z_at\5Tqu1IXJjGY_001.pt,data\preprocessed\features\z_v\5Tqu1IXJjGY_001.pt
5Tqu1IXJjGY_003,mosei_real,0,mosei_5Tqu1IXJjGY_003,,,-1,1,1,1,D:\Documents\Programming\Thesis_G10\data\raw\CMU-MOSEI\segments\5Tqu1IXJjGY_003.mp4,data\preprocessed\features\z_at\5Tqu1IXJjGY_003.pt,data\preprocessed\features\z_v\5Tqu1IXJjGY_003.pt
5Tqu1IXJjGY_004,mosei_real,0,mosei_5Tqu1IXJjGY_004,,,-1,1,1,1,D:\Documents\Programming\Thesis_G10\data\raw\CMU-MOSEI\segments\5Tqu1IXJjGY_004.mp4,data\preprocessed\features\z_at\5Tqu1IXJjGY_004.pt,data\preprocessed\features\z_v\5Tqu1IXJjGY_004.pt
5XX0csik6VQ_002,mosei_real,0,mosei_5XX0csik6VQ_002,,,-1,1,1,1,D:\Documents\Programming\Thesis_G10\data\raw\CMU-MOSEI\segments\5XX0csik6VQ_002.mp4,data\preprocessed\features\z_at\5XX0csik6VQ_002.pt,data\preprocessed\features\z_v\5XX0csik6VQ_002.pt
5XX0csik6VQ_004,mosei_real,0,mosei_5XX0csik6VQ_004,,,-1,1,1,1,D:\Documents\Programming\Thesis_G10\data\raw\CMU-MOSEI\segments\5XX0csik6VQ_004.mp4,data\preprocessed\features\z_at\5XX0csik6VQ_004.pt,data\preprocessed\features\z_v\5XX0csik6VQ_004.pt
5YnYGjrhzF4_003,mosei_real,0,mosei_5YnYGjrhzF4_003,,,-1,1,1,1,D:\Documents\Programming\Thesis_G10\data\raw\CMU-MOSEI\segments\5YnYGjrhzF4_003.mp4,data\preprocessed\features\z_at\5YnYGjrhzF4_003.pt,data\preprocessed\features\z_v\5YnYGjrhzF4_003.pt
5YnYGjrhzF4_004,mosei_real,0,mosei_5YnYGjrhzF4_004,,,-1,1,1,1,D:\Documents\Programming\Thesis_G10\data\raw\CMU-MOSEI\segments\5YnYGjrhzF4_004.mp4,data\preprocessed\features\z_at\5YnYGjrhzF4_004.pt,data\preprocessed\features\z_v\5YnYGjrhzF4_004.pt
5YnYGjrhzF4_006,mosei_real,0,mosei_5YnYGjrhzF4_006,,,-1,1,1,1,D:\Documents\Programming\Thesis_G10\data\raw\CMU-MOSEI\segments\5YnYGjrhzF4_006.mp4,data\preprocessed\features\z_at\5YnYGjrhzF4_006.pt,data\preprocessed\features\z_v\5YnYGjrhzF4_006.pt
5YnYGjrhzF4_008,mosei_real,0,mosei_5YnYGjrhzF4_008,,,-1,1,1,1,D:\Documents\Programming\Thesis_G10\data\raw\CMU-MOSEI\segments\5YnYGjrhzF4_008.mp4,data\preprocessed\features\z_at\5YnYGjrhzF4_008.pt,data\preprocessed\features\z_v\5YnYGjrhzF4_008.pt
5YnYGjrhzF4_009,mosei_real,0,mosei_5YnYGjrhzF4_009,,,-1,1,1,1,D:\Documents\Programming\Thesis_G10\data\raw\CMU-MOSEI\segments\5YnYGjrhzF4_009.mp4,data\preprocessed\features\z_at\5YnYGjrhzF4_009.pt,data\preprocessed\features\z_v\5YnYGjrhzF4_009.pt
5eY4S1F62Z4_003,mosei_real,0,mosei_5eY4S1F62Z4_003,,,-1,1,1,1,D:\Documents\Programming\Thesis_G10\data\raw\CMU-MOSEI\segments\5eY4S1F62Z4_003.mp4,data\preprocessed\features\z_at\5eY4S1F62Z4_003.pt,data\preprocessed\features\z_v\5eY4S1F62Z4_003.pt
5eY4S1F62Z4_005,mosei_real,0,mosei_5eY4S1F62Z4_005,,,-1,1,1,1,D:\Documents\Programming\Thesis_G10\data\raw\CMU-MOSEI\segments\5eY4S1F62Z4_005.mp4,data\preprocessed\features\z_at\5eY4S1F62Z4_005.pt,data\preprocessed\features\z_v\5eY4S1F62Z4_005.pt
5eY4S1F62Z4_006,mosei_real,0,mosei_5eY4S1F62Z4_006,,,-1,1,1,1,D:\Documents\Programming\Thesis_G10\data\raw\CMU-MOSEI\segments\5eY4S1F62Z4_006.mp4,data\preprocessed\features\z_at\5eY4S1F62Z4_006.pt,data\preprocessed\features\z_v\5eY4S1F62Z4_006.pt
5eY4S1F62Z4_009,mosei_real,0,mosei_5eY4S1F62Z4_009,,,-1,1,1,1,D:\Documents\Programming\Thesis_G10\data\raw\CMU-MOSEI\segments\5eY4S1F62Z4_009.mp4,data\preprocessed\features\z_at\5eY4S1F62Z4_009.pt,data\preprocessed\features\z_v\5eY4S1F62Z4_009.pt
5eY4S1F62Z4_011,mosei_real,0,mosei_5eY4S1F62Z4_011,,,-1,1,1,1,D:\Documents\Programming\Thesis_G10\data\raw\CMU-MOSEI\segments\5eY4S1F62Z4_011.mp4,data\preprocessed\features\z_at\5eY4S1F62Z4_011.pt,data\preprocessed\features\z_v\5eY4S1F62Z4_011.pt
5eY4S1F62Z4_014,mosei_real,0,mosei_5eY4S1F62Z4_014,,,-1,1,1,1,D:\Documents\Programming\Thesis_G10\data\raw\CMU-MOSEI\segments\5eY4S1F62Z4_014.mp4,data\preprocessed\features\z_at\5eY4S1F62Z4_014.pt,data\preprocessed\features\z_v\5eY4S1F62Z4_014.pt
5eY4S1F62Z4_016,mosei_real,0,mosei_5eY4S1F62Z4_016,,,-1,1,1,1,D:\Documents\Programming\Thesis_G10\data\raw\CMU-MOSEI\segments\5eY4S1F62Z4_016.mp4,data\preprocessed\features\z_at\5eY4S1F62Z4_016.pt,data\preprocessed\features\z_v\5eY4S1F62Z4_016.pt
5fKPJPFqPho_000,mosei_real,0,mosei_5fKPJPFqPho_000,,,-1,1,1,1,D:\Documents\Programming\Thesis_G10\data\raw\CMU-MOSEI\segments\5fKPJPFqPho_000.mp4,data\preprocessed\features\z_at\5fKPJPFqPho_000.pt,data\preprocessed\features\z_v\5fKPJPFqPho_000.pt
5fKPJPFqPho_001,mosei_real,0,mosei_5fKPJPFqPho_001,,,-1,1,1,1,D:\Documents\Programming\Thesis_G10\data\raw\CMU-MOSEI\segments\5fKPJPFqPho_001.mp4,data\preprocessed\features\z_at\5fKPJPFqPho_001.pt,data\preprocessed\features\z_v\5fKPJPFqPho_001.pt
5fKPJPFqPho_002,mosei_real,0,mosei_5fKPJPFqPho_002,,,-1,1,1,1,D:\Documents\Programming\Thesis_G10\data\raw\CMU-MOSEI\segments\5fKPJPFqPho_002.mp4,data\preprocessed\features\z_at\5fKPJPFqPho_002.pt,data\preprocessed\features\z_v\5fKPJPFqPho_002.pt
5fKPJPFqPho_003,mosei_real,0,mosei_5fKPJPFqPho_003,,,-1,1,1,1,D:\Documents\Programming\Thesis_G10\data\raw\CMU-MOSEI\segments\5fKPJPFqPho_003.mp4,data\preprocessed\features\z_at\5fKPJPFqPho_003.pt,data\preprocessed\features\z_v\5fKPJPFqPho_003.pt
5fKPJPFqPho_004,mosei_real,0,mosei_5fKPJPFqPho_004,,,-1,1,1,1,D:\Documents\Programming\Thesis_G10\data\raw\CMU-MOSEI\segments\5fKPJPFqPho_004.mp4,data\preprocessed\features\z_at\5fKPJPFqPho_004.pt,data\preprocessed\features\z_v\5fKPJPFqPho_004.pt
5fKPJPFqPho_005,mosei_real,0,mosei_5fKPJPFqPho_005,,,-1,1,1,1,D:\Documents\Programming\Thesis_G10\data\raw\CMU-MOSEI\segments\5fKPJPFqPho_005.mp4,data\preprocessed\features\z_at\5fKPJPFqPho_005.pt,data\preprocessed\features\z_v\5fKPJPFqPho_005.pt
5fKPJPFqPho_007,mosei_real,0,mosei_5fKPJPFqPho_007,,,-1,1,1,1,D:\Documents\Programming\Thesis_G10\data\raw\CMU-MOSEI\segments\5fKPJPFqPho_007.mp4,data\preprocessed\features\z_at\5fKPJPFqPho_007.pt,data\preprocessed\features\z_v\5fKPJPFqPho_007.pt
5fKPJPFqPho_008,mosei_real,0,mosei_5fKPJPFqPho_008,,,-1,1,1,1,D:\Documents\Programming\Thesis_G10\data\raw\CMU-MOSEI\segments\5fKPJPFqPho_008.mp4,data\preprocessed\features\z_at\5fKPJPFqPho_008.pt,data\preprocessed\features\z_v\5fKPJPFqPho_008.pt
5fKPJPFqPho_009,mosei_real,0,mosei_5fKPJPFqPho_009,,,-1,1,1,1,D:\Documents\Programming\Thesis_G10\data\raw\CMU-MOSEI\segments\5fKPJPFqPho_009.mp4,data\preprocessed\features\z_at\5fKPJPFqPho_009.pt,data\preprocessed\features\z_v\5fKPJPFqPho_009.pt
5fKPJPFqPho_010,mosei_real,0,mosei_5fKPJPFqPho_010,,,-1,1,1,1,D:\Documents\Programming\Thesis_G10\data\raw\CMU-MOSEI\segments\5fKPJPFqPho_010.mp4,data\preprocessed\features\z_at\5fKPJPFqPho_010.pt,data\preprocessed\features\z_v\5fKPJPFqPho_010.pt
5hXC8JbiLd8_000,mosei_real,0,mosei_5hXC8JbiLd8_000,,,-1,1,1,1,D:\Documents\Programming\Thesis_G10\data\raw\CMU-MOSEI\segments\5hXC8JbiLd8_000.mp4,data\preprocessed\features\z_at\5hXC8JbiLd8_000.pt,data\preprocessed\features\z_v\5hXC8JbiLd8_000.pt
5hXC8JbiLd8_001,mosei_real,0,mosei_5hXC8JbiLd8_001,,,-1,1,1,1,D:\Documents\Programming\Thesis_G10\data\raw\CMU-MOSEI\segments\5hXC8JbiLd8_001.mp4,data\preprocessed\features\z_at\5hXC8JbiLd8_001.pt,data\preprocessed\features\z_v\5hXC8JbiLd8_001.pt
5i6AgQSjXO4_001,mosei_real,0,mosei_5i6AgQSjXO4_001,,,-1,1,1,1,D:\Documents\Programming\Thesis_G10\data\raw\CMU-MOSEI\segments\5i6AgQSjXO4_001.mp4,data\preprocessed\features\z_at\5i6AgQSjXO4_001.pt,data\preprocessed\features\z_v\5i6AgQSjXO4_001.pt
5i6AgQSjXO4_004,mosei_real,0,mosei_5i6AgQSjXO4_004,,,-1,1,1,1,D:\Documents\Programming\Thesis_G10\data\raw\CMU-MOSEI\segments\5i6AgQSjXO4_004.mp4,data\preprocessed\features\z_at\5i6AgQSjXO4_004.pt,data\preprocessed\features\z_v\5i6AgQSjXO4_004.pt
5i6AgQSjXO4_005,mosei_real,0,mosei_5i6AgQSjXO4_005,,,-1,1,1,1,D:\Documents\Programming\Thesis_G10\data\raw\CMU-MOSEI\segments\5i6AgQSjXO4_005.mp4,data\preprocessed\features\z_at\5i6AgQSjXO4_005.pt,data\preprocessed\features\z_v\5i6AgQSjXO4_005.pt
5i6AgQSjXO4_006,mosei_real,0,mosei_5i6AgQSjXO4_006,,,-1,1,1,1,D:\Documents\Programming\Thesis_G10\data\raw\CMU-MOSEI\segments\5i6AgQSjXO4_006.mp4,data\preprocessed\features\z_at\5i6AgQSjXO4_006.pt,data\preprocessed\features\z_v\5i6AgQSjXO4_006.pt
5lrDS7LluCA_000,mosei_real,0,mosei_5lrDS7LluCA_000,,,-1,1,1,1,D:\Documents\Programming\Thesis_G10\data\raw\CMU-MOSEI\segments\5lrDS7LluCA_000.mp4,data\preprocessed\features\z_at\5lrDS7LluCA_000.pt,data\preprocessed\features\z_v\5lrDS7LluCA_000.pt
5lrDS7LluCA_001,mosei_real,0,mosei_5lrDS7LluCA_001,,,-1,1,1,1,D:\Documents\Programming\Thesis_G10\data\raw\CMU-MOSEI\segments\5lrDS7LluCA_001.mp4,data\preprocessed\features\z_at\5lrDS7LluCA_001.pt,data\preprocessed\features\z_v\5lrDS7LluCA_001.pt
5lrDS7LluCA_002,mosei_real,0,mosei_5lrDS7LluCA_002,,,-1,1,1,1,D:\Documents\Programming\Thesis_G10\data\raw\CMU-MOSEI\segments\5lrDS7LluCA_002.mp4,data\preprocessed\features\z_at\5lrDS7LluCA_002.pt,data\preprocessed\features\z_v\5lrDS7LluCA_002.pt
5lrDS7LluCA_004,mosei_real,0,mosei_5lrDS7LluCA_004,,,-1,1,1,1,D:\Documents\Programming\Thesis_G10\data\raw\CMU-MOSEI\segments\5lrDS7LluCA_004.mp4,data\preprocessed\features\z_at\5lrDS7LluCA_004.pt,data\preprocessed\features\z_v\5lrDS7LluCA_004.pt
5lrDS7LluCA_006,mosei_real,0,mosei_5lrDS7LluCA_006,,,-1,1,1,1,D:\Documents\Programming\Thesis_G10\data\raw\CMU-MOSEI\segments\5lrDS7LluCA_006.mp4,data\preprocessed\features\z_at\5lrDS7LluCA_006.pt,data\preprocessed\features\z_v\5lrDS7LluCA_006.pt
5pxFqJ5hKMU_000,mosei_real,0,mosei_5pxFqJ5hKMU_000,,,-1,1,1,1,D:\Documents\Programming\Thesis_G10\data\raw\CMU-MOSEI\segments\5pxFqJ5hKMU_000.mp4,data\preprocessed\features\z_at\5pxFqJ5hKMU_000.pt,data\preprocessed\features\z_v\5pxFqJ5hKMU_000.pt
5qQs9Cfydo4_003,mosei_real,0,mosei_5qQs9Cfydo4_003,,,-1,1,1,1,D:\Documents\Programming\Thesis_G10\data\raw\CMU-MOSEI\segments\5qQs9Cfydo4_003.mp4,data\preprocessed\features\z_at\5qQs9Cfydo4_003.pt,data\preprocessed\features\z_v\5qQs9Cfydo4_003.pt
5vwXp27bCLw_003,mosei_real,0,mosei_5vwXp27bCLw_003,,,-1,1,1,1,D:\Documents\Programming\Thesis_G10\data\raw\CMU-MOSEI\segments\5vwXp27bCLw_003.mp4,data\preprocessed\features\z_at\5vwXp27bCLw_003.pt,data\preprocessed\features\z_v\5vwXp27bCLw_003.pt
5vwXp27bCLw_006,mosei_real,0,mosei_5vwXp27bCLw_006,,,-1,1,1,1,D:\Documents\Programming\Thesis_G10\data\raw\CMU-MOSEI\segments\5vwXp27bCLw_006.mp4,data\preprocessed\features\z_at\5vwXp27bCLw_006.pt,data\preprocessed\features\z_v\5vwXp27bCLw_006.pt
5vwXp27bCLw_010,mosei_real,0,mosei_5vwXp27bCLw_010,,,-1,1,1,1,D:\Documents\Programming\Thesis_G10\data\raw\CMU-MOSEI\segments\5vwXp27bCLw_010.mp4,data\preprocessed\features\z_at\5vwXp27bCLw_010.pt,data\preprocessed\features\z_v\5vwXp27bCLw_010.pt
5vwXp27bCLw_011,mosei_real,0,mosei_5vwXp27bCLw_011,,,-1,1,1,1,D:\Documents\Programming\Thesis_G10\data\raw\CMU-MOSEI\segments\5vwXp27bCLw_011.mp4,data\preprocessed\features\z_at\5vwXp27bCLw_011.pt,data\preprocessed\features\z_v\5vwXp27bCLw_011.pt
60Qw70Rd9Yg_002,mosei_real,0,mosei_60Qw70Rd9Yg_002,,,-1,1,1,1,D:\Documents\Programming\Thesis_G10\data\raw\CMU-MOSEI\segments\60Qw70Rd9Yg_002.mp4,data\preprocessed\features\z_at\60Qw70Rd9Yg_002.pt,data\preprocessed\features\z_v\60Qw70Rd9Yg_002.pt
65kkuNV921k_001,mosei_real,0,mosei_65kkuNV921k_001,,,-1,1,1,1,D:\Documents\Programming\Thesis_G10\data\raw\CMU-MOSEI\segments\65kkuNV921k_001.mp4,data\preprocessed\features\z_at\65kkuNV921k_001.pt,data\preprocessed\features\z_v\65kkuNV921k_001.pt
65kkuNV921k_002,mosei_real,0,mosei_65kkuNV921k_002,,,-1,1,1,1,D:\Documents\Programming\Thesis_G10\data\raw\CMU-MOSEI\segments\65kkuNV921k_002.mp4,data\preprocessed\features\z_at\65kkuNV921k_002.pt,data\preprocessed\features\z_v\65kkuNV921k_002.pt
65kkuNV921k_003,mosei_real,0,mosei_65kkuNV921k_003,,,-1,1,1,1,D:\Documents\Programming\Thesis_G10\data\raw\CMU-MOSEI\segments\65kkuNV921k_003.mp4,data\preprocessed\features\z_at\65kkuNV921k_003.pt,data\preprocessed\features\z_v\65kkuNV921k_003.pt
65kkuNV921k_006,mosei_real,0,mosei_65kkuNV921k_006,,,-1,1,1,1,D:\Documents\Programming\Thesis_G10\data\raw\CMU-MOSEI\segments\65kkuNV921k_006.mp4,data\preprocessed\features\z_at\65kkuNV921k_006.pt,data\preprocessed\features\z_v\65kkuNV921k_006.pt
65kkuNV921k_007,mosei_real,0,mosei_65kkuNV921k_007,,,-1,1,1,1,D:\Documents\Programming\Thesis_G10\data\raw\CMU-MOSEI\segments\65kkuNV921k_007.mp4,data\preprocessed\features\z_at\65kkuNV921k_007.pt,data\preprocessed\features\z_v\65kkuNV921k_007.pt
65kkuNV921k_009,mosei_real,0,mosei_65kkuNV921k_009,,,-1,1,1,1,D:\Documents\Programming\Thesis_G10\data\raw\CMU-MOSEI\segments\65kkuNV921k_009.mp4,data\preprocessed\features\z_at\65kkuNV921k_009.pt,data\preprocessed\features\z_v\65kkuNV921k_009.pt
65kkuNV921k_010,mosei_real,0,mosei_65kkuNV921k_010,,,-1,1,1,1,D:\Documents\Programming\Thesis_G10\data\raw\CMU-MOSEI\segments\65kkuNV921k_010.mp4,data\preprocessed\features\z_at\65kkuNV921k_010.pt,data\preprocessed\features\z_v\65kkuNV921k_010.pt
65kkuNV921k_014,mosei_real,0,mosei_65kkuNV921k_014,,,-1,1,1,1,D:\Documents\Programming\Thesis_G10\data\raw\CMU-MOSEI\segments\65kkuNV921k_014.mp4,data\preprocessed\features\z_at\65kkuNV921k_014.pt,data\preprocessed\features\z_v\65kkuNV921k_014.pt
67uKYi7mslE_001,mosei_real,0,mosei_67uKYi7mslE_001,,,-1,1,1,1,D:\Documents\Programming\Thesis_G10\data\raw\CMU-MOSEI\segments\67uKYi7mslE_001.mp4,data\preprocessed\features\z_at\67uKYi7mslE_001.pt,data\preprocessed\features\z_v\67uKYi7mslE_001.pt
67uKYi7mslE_004,mosei_real,0,mosei_67uKYi7mslE_004,,,-1,1,1,1,D:\Documents\Programming\Thesis_G10\data\raw\CMU-MOSEI\segments\67uKYi7mslE_004.mp4,data\preprocessed\features\z_at\67uKYi7mslE_004.pt,data\preprocessed\features\z_v\67uKYi7mslE_004.pt
67uKYi7mslE_010,mosei_real,0,mosei_67uKYi7mslE_010,,,-1,1,1,1,D:\Documents\Programming\Thesis_G10\data\raw\CMU-MOSEI\segments\67uKYi7mslE_010.mp4,data\preprocessed\features\z_at\67uKYi7mslE_010.pt,data\preprocessed\features\z_v\67uKYi7mslE_010.pt
67uKYi7mslE_012,mosei_real,0,mosei_67uKYi7mslE_012,,,-1,1,1,1,D:\Documents\Programming\Thesis_G10\data\raw\CMU-MOSEI\segments\67uKYi7mslE_012.mp4,data\preprocessed\features\z_at\67uKYi7mslE_012.pt,data\preprocessed\features\z_v\67uKYi7mslE_012.pt
67uKYi7mslE_013,mosei_real,0,mosei_67uKYi7mslE_013,,,-1,1,1,1,D:\Documents\Programming\Thesis_G10\data\raw\CMU-MOSEI\segments\67uKYi7mslE_013.mp4,data\preprocessed\features\z_at\67uKYi7mslE_013.pt,data\preprocessed\features\z_v\67uKYi7mslE_013.pt
67uKYi7mslE_016,mosei_real,0,mosei_67uKYi7mslE_016,,,-1,1,1,1,D:\Documents\Programming\Thesis_G10\data\raw\CMU-MOSEI\segments\67uKYi7mslE_016.mp4,data\preprocessed\features\z_at\67uKYi7mslE_016.pt,data\preprocessed\features\z_v\67uKYi7mslE_016.pt
69NtV79qgOg_002,mosei_real,0,mosei_69NtV79qgOg_002,,,-1,1,1,1,D:\Documents\Programming\Thesis_G10\data\raw\CMU-MOSEI\segments\69NtV79qgOg_002.mp4,data\preprocessed\features\z_at\69NtV79qgOg_002.pt,data\preprocessed\features\z_v\69NtV79qgOg_002.pt
69NtV79qgOg_003,mosei_real,0,mosei_69NtV79qgOg_003,,,-1,1,1,1,D:\Documents\Programming\Thesis_G10\data\raw\CMU-MOSEI\segments\69NtV79qgOg_003.mp4,data\preprocessed\features\z_at\69NtV79qgOg_003.pt,data\preprocessed\features\z_v\69NtV79qgOg_003.pt
69NtV79qgOg_004,mosei_real,0,mosei_69NtV79qgOg_004,,,-1,1,1,1,D:\Documents\Programming\Thesis_G10\data\raw\CMU-MOSEI\segments\69NtV79qgOg_004.mp4,data\preprocessed\features\z_at\69NtV79qgOg_004.pt,data\preprocessed\features\z_v\69NtV79qgOg_004.pt
6E-yr6nPxGA_000,mosei_real,0,mosei_6E-yr6nPxGA_000,,,-1,1,1,1,D:\Documents\Programming\Thesis_G10\data\raw\CMU-MOSEI\segments\6E-yr6nPxGA_000.mp4,data\preprocessed\features\z_at\6E-yr6nPxGA_000.pt,data\preprocessed\features\z_v\6E-yr6nPxGA_000.pt
6G8JJ69aN6o_002,mosei_real,0,mosei_6G8JJ69aN6o_002,,,-1,1,1,1,D:\Documents\Programming\Thesis_G10\data\raw\CMU-MOSEI\segments\6G8JJ69aN6o_002.mp4,data\preprocessed\features\z_at\6G8JJ69aN6o_002.pt,data\preprocessed\features\z_v\6G8JJ69aN6o_002.pt
6G8JJ69aN6o_003,mosei_real,0,mosei_6G8JJ69aN6o_003,,,-1,1,1,1,D:\Documents\Programming\Thesis_G10\data\raw\CMU-MOSEI\segments\6G8JJ69aN6o_003.mp4,data\preprocessed\features\z_at\6G8JJ69aN6o_003.pt,data\preprocessed\features\z_v\6G8JJ69aN6o_003.pt
6G8JJ69aN6o_004,mosei_real,0,mosei_6G8JJ69aN6o_004,,,-1,1,1,1,D:\Documents\Programming\Thesis_G10\data\raw\CMU-MOSEI\segments\6G8JJ69aN6o_004.mp4,data\preprocessed\features\z_at\6G8JJ69aN6o_004.pt,data\preprocessed\features\z_v\6G8JJ69aN6o_004.pt
6G8JJ69aN6o_005,mosei_real,0,mosei_6G8JJ69aN6o_005,,,-1,1,1,1,D:\Documents\Programming\Thesis_G10\data\raw\CMU-MOSEI\segments\6G8JJ69aN6o_005.mp4,data\preprocessed\features\z_at\6G8JJ69aN6o_005.pt,data\preprocessed\features\z_v\6G8JJ69aN6o_005.pt
6IUj6jyoTl0_000,mosei_real,0,mosei_6IUj6jyoTl0_000,,,-1,1,1,1,D:\Documents\Programming\Thesis_G10\data\raw\CMU-MOSEI\segments\6IUj6jyoTl0_000.mp4,data\preprocessed\features\z_at\6IUj6jyoTl0_000.pt,data\preprocessed\features\z_v\6IUj6jyoTl0_000.pt
6J_yzh1LNAE_001,mosei_real,0,mosei_6J_yzh1LNAE_001,,,-1,1,1,1,D:\Documents\Programming\Thesis_G10\data\raw\CMU-MOSEI\segments\6J_yzh1LNAE_001.mp4,data\preprocessed\features\z_at\6J_yzh1LNAE_001.pt,data\preprocessed\features\z_v\6J_yzh1LNAE_001.pt
6KvG5VbLalY_001,mosei_real,0,mosei_6KvG5VbLalY_001,,,-1,1,1,1,D:\Documents\Programming\Thesis_G10\data\raw\CMU-MOSEI\segments\6KvG5VbLalY_001.mp4,data\preprocessed\features\z_at\6KvG5VbLalY_001.pt,data\preprocessed\features\z_v\6KvG5VbLalY_001.pt
6KvG5VbLalY_002,mosei_real,0,mosei_6KvG5VbLalY_002,,,-1,1,1,1,D:\Documents\Programming\Thesis_G10\data\raw\CMU-MOSEI\segments\6KvG5VbLalY_002.mp4,data\preprocessed\features\z_at\6KvG5VbLalY_002.pt,data\preprocessed\features\z_v\6KvG5VbLalY_002.pt
6MYUY5tC2Us_000,mosei_real,0,mosei_6MYUY5tC2Us_000,,,-1,1,1,1,D:\Documents\Programming\Thesis_G10\data\raw\CMU-MOSEI\segments\6MYUY5tC2Us_000.mp4,data\preprocessed\features\z_at\6MYUY5tC2Us_000.pt,data\preprocessed\features\z_v\6MYUY5tC2Us_000.pt
6MYUY5tC2Us_001,mosei_real,0,mosei_6MYUY5tC2Us_001,,,-1,1,1,1,D:\Documents\Programming\Thesis_G10\data\raw\CMU-MOSEI\segments\6MYUY5tC2Us_001.mp4,data\preprocessed\features\z_at\6MYUY5tC2Us_001.pt,data\preprocessed\features\z_v\6MYUY5tC2Us_001.pt
6MYUY5tC2Us_002,mosei_real,0,mosei_6MYUY5tC2Us_002,,,-1,1,1,1,D:\Documents\Programming\Thesis_G10\data\raw\CMU-MOSEI\segments\6MYUY5tC2Us_002.mp4,data\preprocessed\features\z_at\6MYUY5tC2Us_002.pt,data\preprocessed\features\z_v\6MYUY5tC2Us_002.pt
6MYUY5tC2Us_003,mosei_real,0,mosei_6MYUY5tC2Us_003,,,-1,1,1,1,D:\Documents\Programming\Thesis_G10\data\raw\CMU-MOSEI\segments\6MYUY5tC2Us_003.mp4,data\preprocessed\features\z_at\6MYUY5tC2Us_003.pt,data\preprocessed\features\z_v\6MYUY5tC2Us_003.pt
6MYUY5tC2Us_004,mosei_real,0,mosei_6MYUY5tC2Us_004,,,-1,1,1,1,D:\Documents\Programming\Thesis_G10\data\raw\CMU-MOSEI\segments\6MYUY5tC2Us_004.mp4,data\preprocessed\features\z_at\6MYUY5tC2Us_004.pt,data\preprocessed\features\z_v\6MYUY5tC2Us_004.pt
6MYUY5tC2Us_006,mosei_real,0,mosei_6MYUY5tC2Us_006,,,-1,1,1,1,D:\Documents\Programming\Thesis_G10\data\raw\CMU-MOSEI\segments\6MYUY5tC2Us_006.mp4,data\preprocessed\features\z_at\6MYUY5tC2Us_006.pt,data\preprocessed\features\z_v\6MYUY5tC2Us_006.pt
6MloL1gIccs_000,mosei_real,0,mosei_6MloL1gIccs_000,,,-1,1,1,1,D:\Documents\Programming\Thesis_G10\data\raw\CMU-MOSEI\segments\6MloL1gIccs_000.mp4,data\preprocessed\features\z_at\6MloL1gIccs_000.pt,data\preprocessed\features\z_v\6MloL1gIccs_000.pt
6MloL1gIccs_002,mosei_real,0,mosei_6MloL1gIccs_002,,,-1,1,1,1,D:\Documents\Programming\Thesis_G10\data\raw\CMU-MOSEI\segments\6MloL1gIccs_002.mp4,data\preprocessed\features\z_at\6MloL1gIccs_002.pt,data\preprocessed\features\z_v\6MloL1gIccs_002.pt
6MloL1gIccs_004,mosei_real,0,mosei_6MloL1gIccs_004,,,-1,1,1,1,D:\Documents\Programming\Thesis_G10\data\raw\CMU-MOSEI\segments\6MloL1gIccs_004.mp4,data\preprocessed\features\z_at\6MloL1gIccs_004.pt,data\preprocessed\features\z_v\6MloL1gIccs_004.pt
6MloL1gIccs_005,mosei_real,0,mosei_6MloL1gIccs_005,,,-1,1,1,1,D:\Documents\Programming\Thesis_G10\data\raw\CMU-MOSEI\segments\6MloL1gIccs_005.mp4,data\preprocessed\features\z_at\6MloL1gIccs_005.pt,data\preprocessed\features\z_v\6MloL1gIccs_005.pt
6MloL1gIccs_006,mosei_real,0,mosei_6MloL1gIccs_006,,,-1,1,1,1,D:\Documents\Programming\Thesis_G10\data\raw\CMU-MOSEI\segments\6MloL1gIccs_006.mp4,data\preprocessed\features\z_at\6MloL1gIccs_006.pt,data\preprocessed\features\z_v\6MloL1gIccs_006.pt
6MloL1gIccs_008,mosei_real,0,mosei_6MloL1gIccs_008,,,-1,1,1,1,D:\Documents\Programming\Thesis_G10\data\raw\CMU-MOSEI\segments\6MloL1gIccs_008.mp4,data\preprocessed\features\z_at\6MloL1gIccs_008.pt,data\preprocessed\features\z_v\6MloL1gIccs_008.pt
6MloL1gIccs_009,mosei_real,0,mosei_6MloL1gIccs_009,,,-1,1,1,1,D:\Documents\Programming\Thesis_G10\data\raw\CMU-MOSEI\segments\6MloL1gIccs_009.mp4,data\preprocessed\features\z_at\6MloL1gIccs_009.pt,data\preprocessed\features\z_v\6MloL1gIccs_009.pt
6PLlauWxF5E_000,mosei_real,0,mosei_6PLlauWxF5E_000,,,-1,1,1,1,D:\Documents\Programming\Thesis_G10\data\raw\CMU-MOSEI\segments\6PLlauWxF5E_000.mp4,data\preprocessed\features\z_at\6PLlauWxF5E_000.pt,data\preprocessed\features\z_v\6PLlauWxF5E_000.pt
6PLlauWxF5E_001,mosei_real,0,mosei_6PLlauWxF5E_001,,,-1,1,1,1,D:\Documents\Programming\Thesis_G10\data\raw\CMU-MOSEI\segments\6PLlauWxF5E_001.mp4,data\preprocessed\features\z_at\6PLlauWxF5E_001.pt,data\preprocessed\features\z_v\6PLlauWxF5E_001.pt
6T1GHj7qwYs_001,mosei_real,0,mosei_6T1GHj7qwYs_001,,,-1,1,1,1,D:\Documents\Programming\Thesis_G10\data\raw\CMU-MOSEI\segments\6T1GHj7qwYs_001.mp4,data\preprocessed\features\z_at\6T1GHj7qwYs_001.pt,data\preprocessed\features\z_v\6T1GHj7qwYs_001.pt
6TDXQtGUNEs_000,mosei_real,0,mosei_6TDXQtGUNEs_000,,,-1,1,1,1,D:\Documents\Programming\Thesis_G10\data\raw\CMU-MOSEI\segments\6TDXQtGUNEs_000.mp4,data\preprocessed\features\z_at\6TDXQtGUNEs_000.pt,data\preprocessed\features\z_v\6TDXQtGUNEs_000.pt
6TDXQtGUNEs_001,mosei_real,0,mosei_6TDXQtGUNEs_001,,,-1,1,1,1,D:\Documents\Programming\Thesis_G10\data\raw\CMU-MOSEI\segments\6TDXQtGUNEs_001.mp4,data\preprocessed\features\z_at\6TDXQtGUNEs_001.pt,data\preprocessed\features\z_v\6TDXQtGUNEs_001.pt
6TDXQtGUNEs_004,mosei_real,0,mosei_6TDXQtGUNEs_004,,,-1,1,1,1,D:\Documents\Programming\Thesis_G10\data\raw\CMU-MOSEI\segments\6TDXQtGUNEs_004.mp4,data\preprocessed\features\z_at\6TDXQtGUNEs_004.pt,data\preprocessed\features\z_v\6TDXQtGUNEs_004.pt
6TDXQtGUNEs_006,mosei_real,0,mosei_6TDXQtGUNEs_006,,,-1,1,1,1,D:\Documents\Programming\Thesis_G10\data\raw\CMU-MOSEI\segments\6TDXQtGUNEs_006.mp4,data\preprocessed\features\z_at\6TDXQtGUNEs_006.pt,data\preprocessed\features\z_v\6TDXQtGUNEs_006.pt
6TDXQtGUNEs_008,mosei_real,0,mosei_6TDXQtGUNEs_008,,,-1,1,1,1,D:\Documents\Programming\Thesis_G10\data\raw\CMU-MOSEI\segments\6TDXQtGUNEs_008.mp4,data\preprocessed\features\z_at\6TDXQtGUNEs_008.pt,data\preprocessed\features\z_v\6TDXQtGUNEs_008.pt
6UV6ktwbLoo_003,mosei_real,0,mosei_6UV6ktwbLoo_003,,,-1,1,1,1,D:\Documents\Programming\Thesis_G10\data\raw\CMU-MOSEI\segments\6UV6ktwbLoo_003.mp4,data\preprocessed\features\z_at\6UV6ktwbLoo_003.pt,data\preprocessed\features\z_v\6UV6ktwbLoo_003.pt
6Vg10LxmWUY_000,mosei_real,0,mosei_6Vg10LxmWUY_000,,,-1,1,1,1,D:\Documents\Programming\Thesis_G10\data\raw\CMU-MOSEI\segments\6Vg10LxmWUY_000.mp4,data\preprocessed\features\z_at\6Vg10LxmWUY_000.pt,data\preprocessed\features\z_v\6Vg10LxmWUY_000.pt
6Vg10LxmWUY_001,mosei_real,0,mosei_6Vg10LxmWUY_001,,,-1,1,1,1,D:\Documents\Programming\Thesis_G10\data\raw\CMU-MOSEI\segments\6Vg10LxmWUY_001.mp4,data\preprocessed\features\z_at\6Vg10LxmWUY_001.pt,data\preprocessed\features\z_v\6Vg10LxmWUY_001.pt
6YNAmRjpxlA_001,mosei_real,0,mosei_6YNAmRjpxlA_001,,,-1,1,1,1,D:\Documents\Programming\Thesis_G10\data\raw\CMU-MOSEI\segments\6YNAmRjpxlA_001.mp4,data\preprocessed\features\z_at\6YNAmRjpxlA_001.pt,data\preprocessed\features\z_v\6YNAmRjpxlA_001.pt
6YNAmRjpxlA_002,mosei_real,0,mosei_6YNAmRjpxlA_002,,,-1,1,1,1,D:\Documents\Programming\Thesis_G10\data\raw\CMU-MOSEI\segments\6YNAmRjpxlA_002.mp4,data\preprocessed\features\z_at\6YNAmRjpxlA_002.pt,data\preprocessed\features\z_v\6YNAmRjpxlA_002.pt
6aoTjlvo0js_001,mosei_real,0,mosei_6aoTjlvo0js_001,,,-1,1,1,1,D:\Documents\Programming\Thesis_G10\data\raw\CMU-MOSEI\segments\6aoTjlvo0js_001.mp4,data\preprocessed\features\z_at\6aoTjlvo0js_001.pt,data\preprocessed\features\z_v\6aoTjlvo0js_001.pt
6brtMLkjjYk_000,mosei_real,0,mosei_6brtMLkjjYk_000,,,-1,1,1,1,D:\Documents\Programming\Thesis_G10\data\raw\CMU-MOSEI\segments\6brtMLkjjYk_000.mp4,data\preprocessed\features\z_at\6brtMLkjjYk_000.pt,data\preprocessed\features\z_v\6brtMLkjjYk_000.pt
6brtMLkjjYk_001,mosei_real,0,mosei_6brtMLkjjYk_001,,,-1,1,1,1,D:\Documents\Programming\Thesis_G10\data\raw\CMU-MOSEI\segments\6brtMLkjjYk_001.mp4,data\preprocessed\features\z_at\6brtMLkjjYk_001.pt,data\preprocessed\features\z_v\6brtMLkjjYk_001.pt
6ng8CZ0ULK4_000,mosei_real,0,mosei_6ng8CZ0ULK4_000,,,-1,1,1,1,D:\Documents\Programming\Thesis_G10\data\raw\CMU-MOSEI\segments\6ng8CZ0ULK4_000.mp4,data\preprocessed\features\z_at\6ng8CZ0ULK4_000.pt,data\preprocessed\features\z_v\6ng8CZ0ULK4_000.pt
6ng8CZ0ULK4_001,mosei_real,0,mosei_6ng8CZ0ULK4_001,,,-1,1,1,1,D:\Documents\Programming\Thesis_G10\data\raw\CMU-MOSEI\segments\6ng8CZ0ULK4_001.mp4,data\preprocessed\features\z_at\6ng8CZ0ULK4_001.pt,data\preprocessed\features\z_v\6ng8CZ0ULK4_001.pt
6ng8CZ0ULK4_002,mosei_real,0,mosei_6ng8CZ0ULK4_002,,,-1,1,1,1,D:\Documents\Programming\Thesis_G10\data\raw\CMU-MOSEI\segments\6ng8CZ0ULK4_002.mp4,data\preprocessed\features\z_at\6ng8CZ0ULK4_002.pt,data\preprocessed\features\z_v\6ng8CZ0ULK4_002.pt
6ng8CZ0ULK4_003,mosei_real,0,mosei_6ng8CZ0ULK4_003,,,-1,1,1,1,D:\Documents\Programming\Thesis_G10\data\raw\CMU-MOSEI\segments\6ng8CZ0ULK4_003.mp4,data\preprocessed\features\z_at\6ng8CZ0ULK4_003.pt,data\preprocessed\features\z_v\6ng8CZ0ULK4_003.pt
6ng8CZ0ULK4_004,mosei_real,0,mosei_6ng8CZ0ULK4_004,,,-1,1,1,1,D:\Documents\Programming\Thesis_G10\data\raw\CMU-MOSEI\segments\6ng8CZ0ULK4_004.mp4,data\preprocessed\features\z_at\6ng8CZ0ULK4_004.pt,data\preprocessed\features\z_v\6ng8CZ0ULK4_004.pt
6ng8CZ0ULK4_006,mosei_real,0,mosei_6ng8CZ0ULK4_006,,,-1,1,1,1,D:\Documents\Programming\Thesis_G10\data\raw\CMU-MOSEI\segments\6ng8CZ0ULK4_006.mp4,data\preprocessed\features\z_at\6ng8CZ0ULK4_006.pt,data\preprocessed\features\z_v\6ng8CZ0ULK4_006.pt
6ng8CZ0ULK4_010,mosei_real,0,mosei_6ng8CZ0ULK4_010,,,-1,1,1,1,D:\Documents\Programming\Thesis_G10\data\raw\CMU-MOSEI\segments\6ng8CZ0ULK4_010.mp4,data\preprocessed\features\z_at\6ng8CZ0ULK4_010.pt,data\preprocessed\features\z_v\6ng8CZ0ULK4_010.pt
6rkV4QRcVnk_000,mosei_real,0,mosei_6rkV4QRcVnk_000,,,-1,1,1,1,D:\Documents\Programming\Thesis_G10\data\raw\CMU-MOSEI\segments\6rkV4QRcVnk_000.mp4,data\preprocessed\features\z_at\6rkV4QRcVnk_000.pt,data\preprocessed\features\z_v\6rkV4QRcVnk_000.pt
6rkV4QRcVnk_001,mosei_real,0,mosei_6rkV4QRcVnk_001,,,-1,1,1,1,D:\Documents\Programming\Thesis_G10\data\raw\CMU-MOSEI\segments\6rkV4QRcVnk_001.mp4,data\preprocessed\features\z_at\6rkV4QRcVnk_001.pt,data\preprocessed\features\z_v\6rkV4QRcVnk_001.pt
6rkV4QRcVnk_002,mosei_real,0,mosei_6rkV4QRcVnk_002,,,-1,1,1,1,D:\Documents\Programming\Thesis_G10\data\raw\CMU-MOSEI\segments\6rkV4QRcVnk_002.mp4,data\preprocessed\features\z_at\6rkV4QRcVnk_002.pt,data\preprocessed\features\z_v\6rkV4QRcVnk_002.pt
6rkV4QRcVnk_004,mosei_real,0,mosei_6rkV4QRcVnk_004,,,-1,1,1,1,D:\Documents\Programming\Thesis_G10\data\raw\CMU-MOSEI\segments\6rkV4QRcVnk_004.mp4,data\preprocessed\features\z_at\6rkV4QRcVnk_004.pt,data\preprocessed\features\z_v\6rkV4QRcVnk_004.pt
6rkV4QRcVnk_005,mosei_real,0,mosei_6rkV4QRcVnk_005,,,-1,1,1,1,D:\Documents\Programming\Thesis_G10\data\raw\CMU-MOSEI\segments\6rkV4QRcVnk_005.mp4,data\preprocessed\features\z_at\6rkV4QRcVnk_005.pt,data\preprocessed\features\z_v\6rkV4QRcVnk_005.pt
6rkV4QRcVnk_006,mosei_real,0,mosei_6rkV4QRcVnk_006,,,-1,1,1,1,D:\Documents\Programming\Thesis_G10\data\raw\CMU-MOSEI\segments\6rkV4QRcVnk_006.mp4,data\preprocessed\features\z_at\6rkV4QRcVnk_006.pt,data\preprocessed\features\z_v\6rkV4QRcVnk_006.pt
6slq62RwH3Q_002,mosei_real,0,mosei_6slq62RwH3Q_002,,,-1,1,1,1,D:\Documents\Programming\Thesis_G10\data\raw\CMU-MOSEI\segments\6slq62RwH3Q_002.mp4,data\preprocessed\features\z_at\6slq62RwH3Q_002.pt,data\preprocessed\features\z_v\6slq62RwH3Q_002.pt
6slq62RwH3Q_004,mosei_real,0,mosei_6slq62RwH3Q_004,,,-1,1,1,1,D:\Documents\Programming\Thesis_G10\data\raw\CMU-MOSEI\segments\6slq62RwH3Q_004.mp4,data\preprocessed\features\z_at\6slq62RwH3Q_004.pt,data\preprocessed\features\z_v\6slq62RwH3Q_004.pt
6slq62RwH3Q_009,mosei_real,0,mosei_6slq62RwH3Q_009,,,-1,1,1,1,D:\Documents\Programming\Thesis_G10\data\raw\CMU-MOSEI\segments\6slq62RwH3Q_009.mp4,data\preprocessed\features\z_at\6slq62RwH3Q_009.pt,data\preprocessed\features\z_v\6slq62RwH3Q_009.pt
6uPGcKTpC4I_004,mosei_real,0,mosei_6uPGcKTpC4I_004,,,-1,1,1,1,D:\Documents\Programming\Thesis_G10\data\raw\CMU-MOSEI\segments\6uPGcKTpC4I_004.mp4,data\preprocessed\features\z_at\6uPGcKTpC4I_004.pt,data\preprocessed\features\z_v\6uPGcKTpC4I_004.pt
6uoM8-9d0zA_000,mosei_real,0,mosei_6uoM8-9d0zA_000,,,-1,1,1,1,D:\Documents\Programming\Thesis_G10\data\raw\CMU-MOSEI\segments\6uoM8-9d0zA_000.mp4,data\preprocessed\features\z_at\6uoM8-9d0zA_000.pt,data\preprocessed\features\z_v\6uoM8-9d0zA_000.pt
6vbd4o5rIjM_003,mosei_real,0,mosei_6vbd4o5rIjM_003,,,-1,1,1,1,D:\Documents\Programming\Thesis_G10\data\raw\CMU-MOSEI\segments\6vbd4o5rIjM_003.mp4,data\preprocessed\features\z_at\6vbd4o5rIjM_003.pt,data\preprocessed\features\z_v\6vbd4o5rIjM_003.pt
6vbd4o5rIjM_004,mosei_real,0,mosei_6vbd4o5rIjM_004,,,-1,1,1,1,D:\Documents\Programming\Thesis_G10\data\raw\CMU-MOSEI\segments\6vbd4o5rIjM_004.mp4,data\preprocessed\features\z_at\6vbd4o5rIjM_004.pt,data\preprocessed\features\z_v\6vbd4o5rIjM_004.pt
6vbd4o5rIjM_005,mosei_real,0,mosei_6vbd4o5rIjM_005,,,-1,1,1,1,D:\Documents\Programming\Thesis_G10\data\raw\CMU-MOSEI\segments\6vbd4o5rIjM_005.mp4,data\preprocessed\features\z_at\6vbd4o5rIjM_005.pt,data\preprocessed\features\z_v\6vbd4o5rIjM_005.pt
6vbd4o5rIjM_006,mosei_real,0,mosei_6vbd4o5rIjM_006,,,-1,1,1,1,D:\Documents\Programming\Thesis_G10\data\raw\CMU-MOSEI\segments\6vbd4o5rIjM_006.mp4,data\preprocessed\features\z_at\6vbd4o5rIjM_006.pt,data\preprocessed\features\z_v\6vbd4o5rIjM_006.pt
6xvVFYR5di0_000,mosei_real,0,mosei_6xvVFYR5di0_000,,,-1,1,1,1,D:\Documents\Programming\Thesis_G10\data\raw\CMU-MOSEI\segments\6xvVFYR5di0_000.mp4,data\preprocessed\features\z_at\6xvVFYR5di0_000.pt,data\preprocessed\features\z_v\6xvVFYR5di0_000.pt
6xvVFYR5di0_002,mosei_real,0,mosei_6xvVFYR5di0_002,,,-1,1,1,1,D:\Documents\Programming\Thesis_G10\data\raw\CMU-MOSEI\segments\6xvVFYR5di0_002.mp4,data\preprocessed\features\z_at\6xvVFYR5di0_002.pt,data\preprocessed\features\z_v\6xvVFYR5di0_002.pt
6xvVFYR5di0_003,mosei_real,0,mosei_6xvVFYR5di0_003,,,-1,1,1,1,D:\Documents\Programming\Thesis_G10\data\raw\CMU-MOSEI\segments\6xvVFYR5di0_003.mp4,data\preprocessed\features\z_at\6xvVFYR5di0_003.pt,data\preprocessed\features\z_v\6xvVFYR5di0_003.pt
6xvVFYR5di0_004,mosei_real,0,mosei_6xvVFYR5di0_004,,,-1,1,1,1,D:\Documents\Programming\Thesis_G10\data\raw\CMU-MOSEI\segments\6xvVFYR5di0_004.mp4,data\preprocessed\features\z_at\6xvVFYR5di0_004.pt,data\preprocessed\features\z_v\6xvVFYR5di0_004.pt
6xvVFYR5di0_005,mosei_real,0,mosei_6xvVFYR5di0_005,,,-1,1,1,1,D:\Documents\Programming\Thesis_G10\data\raw\CMU-MOSEI\segments\6xvVFYR5di0_005.mp4,data\preprocessed\features\z_at\6xvVFYR5di0_005.pt,data\preprocessed\features\z_v\6xvVFYR5di0_005.pt
6xvVFYR5di0_006,mosei_real,0,mosei_6xvVFYR5di0_006,,,-1,1,1,1,D:\Documents\Programming\Thesis_G10\data\raw\CMU-MOSEI\segments\6xvVFYR5di0_006.mp4,data\preprocessed\features\z_at\6xvVFYR5di0_006.pt,data\preprocessed\features\z_v\6xvVFYR5di0_006.pt
6xvVFYR5di0_007,mosei_real,0,mosei_6xvVFYR5di0_007,,,-1,1,1,1,D:\Documents\Programming\Thesis_G10\data\raw\CMU-MOSEI\segments\6xvVFYR5di0_007.mp4,data\preprocessed\features\z_at\6xvVFYR5di0_007.pt,data\preprocessed\features\z_v\6xvVFYR5di0_007.pt
6ywl-j2-e-s_001,mosei_real,0,mosei_6ywl-j2-e-s_001,,,-1,1,1,1,D:\Documents\Programming\Thesis_G10\data\raw\CMU-MOSEI\segments\6ywl-j2-e-s_001.mp4,data\preprocessed\features\z_at\6ywl-j2-e-s_001.pt,data\preprocessed\features\z_v\6ywl-j2-e-s_001.pt
72tXTrSXoMk_001,mosei_real,0,mosei_72tXTrSXoMk_001,,,-1,1,1,1,D:\Documents\Programming\Thesis_G10\data\raw\CMU-MOSEI\segments\72tXTrSXoMk_001.mp4,data\preprocessed\features\z_at\72tXTrSXoMk_001.pt,data\preprocessed\features\z_v\72tXTrSXoMk_001.pt
72tXTrSXoMk_003,mosei_real,0,mosei_72tXTrSXoMk_003,,,-1,1,1,1,D:\Documents\Programming\Thesis_G10\data\raw\CMU-MOSEI\segments\72tXTrSXoMk_003.mp4,data\preprocessed\features\z_at\72tXTrSXoMk_003.pt,data\preprocessed\features\z_v\72tXTrSXoMk_003.pt
72tXTrSXoMk_004,mosei_real,0,mosei_72tXTrSXoMk_004,,,-1,1,1,1,D:\Documents\Programming\Thesis_G10\data\raw\CMU-MOSEI\segments\72tXTrSXoMk_004.mp4,data\preprocessed\features\z_at\72tXTrSXoMk_004.pt,data\preprocessed\features\z_v\72tXTrSXoMk_004.pt
72tXTrSXoMk_005,mosei_real,0,mosei_72tXTrSXoMk_005,,,-1,1,1,1,D:\Documents\Programming\Thesis_G10\data\raw\CMU-MOSEI\segments\72tXTrSXoMk_005.mp4,data\preprocessed\features\z_at\72tXTrSXoMk_005.pt,data\preprocessed\features\z_v\72tXTrSXoMk_005.pt
72tXTrSXoMk_006,mosei_real,0,mosei_72tXTrSXoMk_006,,,-1,1,1,1,D:\Documents\Programming\Thesis_G10\data\raw\CMU-MOSEI\segments\72tXTrSXoMk_006.mp4,data\preprocessed\features\z_at\72tXTrSXoMk_006.pt,data\preprocessed\features\z_v\72tXTrSXoMk_006.pt
72tXTrSXoMk_007,mosei_real,0,mosei_72tXTrSXoMk_007,,,-1,1,1,1,D:\Documents\Programming\Thesis_G10\data\raw\CMU-MOSEI\segments\72tXTrSXoMk_007.mp4,data\preprocessed\features\z_at\72tXTrSXoMk_007.pt,data\preprocessed\features\z_v\72tXTrSXoMk_007.pt
72tXTrSXoMk_008,mosei_real,0,mosei_72tXTrSXoMk_008,,,-1,1,1,1,D:\Documents\Programming\Thesis_G10\data\raw\CMU-MOSEI\segments\72tXTrSXoMk_008.mp4,data\preprocessed\features\z_at\72tXTrSXoMk_008.pt,data\preprocessed\features\z_v\72tXTrSXoMk_008.pt
75RGHaxmUK8_001,mosei_real,0,mosei_75RGHaxmUK8_001,,,-1,1,1,1,D:\Documents\Programming\Thesis_G10\data\raw\CMU-MOSEI\segments\75RGHaxmUK8_001.mp4,data\preprocessed\features\z_at\75RGHaxmUK8_001.pt,data\preprocessed\features\z_v\75RGHaxmUK8_001.pt
75RGHaxmUK8_002,mosei_real,0,mosei_75RGHaxmUK8_002,,,-1,1,1,1,D:\Documents\Programming\Thesis_G10\data\raw\CMU-MOSEI\segments\75RGHaxmUK8_002.mp4,data\preprocessed\features\z_at\75RGHaxmUK8_002.pt,data\preprocessed\features\z_v\75RGHaxmUK8_002.pt
76PsKs4kPXE_000,mosei_real,0,mosei_76PsKs4kPXE_000,,,-1,1,1,1,D:\Documents\Programming\Thesis_G10\data\raw\CMU-MOSEI\segments\76PsKs4kPXE_000.mp4,data\preprocessed\features\z_at\76PsKs4kPXE_000.pt,data\preprocessed\features\z_v\76PsKs4kPXE_000.pt
76sN4tvbPGk_002,mosei_real,0,mosei_76sN4tvbPGk_002,,,-1,1,1,1,D:\Documents\Programming\Thesis_G10\data\raw\CMU-MOSEI\segments\76sN4tvbPGk_002.mp4,data\preprocessed\features\z_at\76sN4tvbPGk_002.pt,data\preprocessed\features\z_v\76sN4tvbPGk_002.pt
76sN4tvbPGk_003,mosei_real,0,mosei_76sN4tvbPGk_003,,,-1,1,1,1,D:\Documents\Programming\Thesis_G10\data\raw\CMU-MOSEI\segments\76sN4tvbPGk_003.mp4,data\preprocessed\features\z_at\76sN4tvbPGk_003.pt,data\preprocessed\features\z_v\76sN4tvbPGk_003.pt
76sN4tvbPGk_004,mosei_real,0,mosei_76sN4tvbPGk_004,,,-1,1,1,1,D:\Documents\Programming\Thesis_G10\data\raw\CMU-MOSEI\segments\76sN4tvbPGk_004.mp4,data\preprocessed\features\z_at\76sN4tvbPGk_004.pt,data\preprocessed\features\z_v\76sN4tvbPGk_004.pt
7BFhRPlSOf0_000,mosei_real,0,mosei_7BFhRPlSOf0_000,,,-1,1,1,1,D:\Documents\Programming\Thesis_G10\data\raw\CMU-MOSEI\segments\7BFhRPlSOf0_000.mp4,data\preprocessed\features\z_at\7BFhRPlSOf0_000.pt,data\preprocessed\features\z_v\7BFhRPlSOf0_000.pt
7CLe7PZtna4_000,mosei_real,0,mosei_7CLe7PZtna4_000,,,-1,1,1,1,D:\Documents\Programming\Thesis_G10\data\raw\CMU-MOSEI\segments\7CLe7PZtna4_000.mp4,data\preprocessed\features\z_at\7CLe7PZtna4_000.pt,data\preprocessed\features\z_v\7CLe7PZtna4_000.pt
7CLe7PZtna4_001,mosei_real,0,mosei_7CLe7PZtna4_001,,,-1,1,1,1,D:\Documents\Programming\Thesis_G10\data\raw\CMU-MOSEI\segments\7CLe7PZtna4_001.mp4,data\preprocessed\features\z_at\7CLe7PZtna4_001.pt,data\preprocessed\features\z_v\7CLe7PZtna4_001.pt
7EWOMjaKlus_002,mosei_real,0,mosei_7EWOMjaKlus_002,,,-1,1,1,1,D:\Documents\Programming\Thesis_G10\data\raw\CMU-MOSEI\segments\7EWOMjaKlus_002.mp4,data\preprocessed\features\z_at\7EWOMjaKlus_002.pt,data\preprocessed\features\z_v\7EWOMjaKlus_002.pt
7EWOMjaKlus_004,mosei_real,0,mosei_7EWOMjaKlus_004,,,-1,1,1,1,D:\Documents\Programming\Thesis_G10\data\raw\CMU-MOSEI\segments\7EWOMjaKlus_004.mp4,data\preprocessed\features\z_at\7EWOMjaKlus_004.pt,data\preprocessed\features\z_v\7EWOMjaKlus_004.pt
7EWOMjaKlus_005,mosei_real,0,mosei_7EWOMjaKlus_005,,,-1,1,1,1,D:\Documents\Programming\Thesis_G10\data\raw\CMU-MOSEI\segments\7EWOMjaKlus_005.mp4,data\preprocessed\features\z_at\7EWOMjaKlus_005.pt,data\preprocessed\features\z_v\7EWOMjaKlus_005.pt
7EWOMjaKlus_006,mosei_real,0,mosei_7EWOMjaKlus_006,,,-1,1,1,1,D:\Documents\Programming\Thesis_G10\data\raw\CMU-MOSEI\segments\7EWOMjaKlus_006.mp4,data\preprocessed\features\z_at\7EWOMjaKlus_006.pt,data\preprocessed\features\z_v\7EWOMjaKlus_006.pt
7EWOMjaKlus_007,mosei_real,0,mosei_7EWOMjaKlus_007,,,-1,1,1,1,D:\Documents\Programming\Thesis_G10\data\raw\CMU-MOSEI\segments\7EWOMjaKlus_007.mp4,data\preprocessed\features\z_at\7EWOMjaKlus_007.pt,data\preprocessed\features\z_v\7EWOMjaKlus_007.pt
7EWOMjaKlus_008,mosei_real,0,mosei_7EWOMjaKlus_008,,,-1,1,1,1,D:\Documents\Programming\Thesis_G10\data\raw\CMU-MOSEI\segments\7EWOMjaKlus_008.mp4,data\preprocessed\features\z_at\7EWOMjaKlus_008.pt,data\preprocessed\features\z_v\7EWOMjaKlus_008.pt
7EWOMjaKlus_010,mosei_real,0,mosei_7EWOMjaKlus_010,,,-1,1,1,1,D:\Documents\Programming\Thesis_G10\data\raw\CMU-MOSEI\segments\7EWOMjaKlus_010.mp4,data\preprocessed\features\z_at\7EWOMjaKlus_010.pt,data\preprocessed\features\z_v\7EWOMjaKlus_010.pt
7EWOMjaKlus_012,mosei_real,0,mosei_7EWOMjaKlus_012,,,-1,1,1,1,D:\Documents\Programming\Thesis_G10\data\raw\CMU-MOSEI\segments\7EWOMjaKlus_012.mp4,data\preprocessed\features\z_at\7EWOMjaKlus_012.pt,data\preprocessed\features\z_v\7EWOMjaKlus_012.pt
7EWOMjaKlus_013,mosei_real,0,mosei_7EWOMjaKlus_013,,,-1,1,1,1,D:\Documents\Programming\Thesis_G10\data\raw\CMU-MOSEI\segments\7EWOMjaKlus_013.mp4,data\preprocessed\features\z_at\7EWOMjaKlus_013.pt,data\preprocessed\features\z_v\7EWOMjaKlus_013.pt
7IxmlIwqigw_002,mosei_real,0,mosei_7IxmlIwqigw_002,,,-1,1,1,1,D:\Documents\Programming\Thesis_G10\data\raw\CMU-MOSEI\segments\7IxmlIwqigw_002.mp4,data\preprocessed\features\z_at\7IxmlIwqigw_002.pt,data\preprocessed\features\z_v\7IxmlIwqigw_002.pt
7IxmlIwqigw_003,mosei_real,0,mosei_7IxmlIwqigw_003,,,-1,1,1,1,D:\Documents\Programming\Thesis_G10\data\raw\CMU-MOSEI\segments\7IxmlIwqigw_003.mp4,data\preprocessed\features\z_at\7IxmlIwqigw_003.pt,data\preprocessed\features\z_v\7IxmlIwqigw_003.pt
7IxmlIwqigw_004,mosei_real,0,mosei_7IxmlIwqigw_004,,,-1,1,1,1,D:\Documents\Programming\Thesis_G10\data\raw\CMU-MOSEI\segments\7IxmlIwqigw_004.mp4,data\preprocessed\features\z_at\7IxmlIwqigw_004.pt,data\preprocessed\features\z_v\7IxmlIwqigw_004.pt
7IxmlIwqigw_005,mosei_real,0,mosei_7IxmlIwqigw_005,,,-1,1,1,1,D:\Documents\Programming\Thesis_G10\data\raw\CMU-MOSEI\segments\7IxmlIwqigw_005.mp4,data\preprocessed\features\z_at\7IxmlIwqigw_005.pt,data\preprocessed\features\z_v\7IxmlIwqigw_005.pt
7IxmlIwqigw_007,mosei_real,0,mosei_7IxmlIwqigw_007,,,-1,1,1,1,D:\Documents\Programming\Thesis_G10\data\raw\CMU-MOSEI\segments\7IxmlIwqigw_007.mp4,data\preprocessed\features\z_at\7IxmlIwqigw_007.pt,data\preprocessed\features\z_v\7IxmlIwqigw_007.pt
7IxmlIwqigw_009,mosei_real,0,mosei_7IxmlIwqigw_009,,,-1,1,1,1,D:\Documents\Programming\Thesis_G10\data\raw\CMU-MOSEI\segments\7IxmlIwqigw_009.mp4,data\preprocessed\features\z_at\7IxmlIwqigw_009.pt,data\preprocessed\features\z_v\7IxmlIwqigw_009.pt
7R70kKqtGh0_000,mosei_real,0,mosei_7R70kKqtGh0_000,,,-1,1,1,1,D:\Documents\Programming\Thesis_G10\data\raw\CMU-MOSEI\segments\7R70kKqtGh0_000.mp4,data\preprocessed\features\z_at\7R70kKqtGh0_000.pt,data\preprocessed\features\z_v\7R70kKqtGh0_000.pt
7SsmaZZ7mz0_000,mosei_real,0,mosei_7SsmaZZ7mz0_000,,,-1,1,1,1,D:\Documents\Programming\Thesis_G10\data\raw\CMU-MOSEI\segments\7SsmaZZ7mz0_000.mp4,data\preprocessed\features\z_at\7SsmaZZ7mz0_000.pt,data\preprocessed\features\z_v\7SsmaZZ7mz0_000.pt
7SsmaZZ7mz0_001,mosei_real,0,mosei_7SsmaZZ7mz0_001,,,-1,1,1,1,D:\Documents\Programming\Thesis_G10\data\raw\CMU-MOSEI\segments\7SsmaZZ7mz0_001.mp4,data\preprocessed\features\z_at\7SsmaZZ7mz0_001.pt,data\preprocessed\features\z_v\7SsmaZZ7mz0_001.pt
7SsmaZZ7mz0_002,mosei_real,0,mosei_7SsmaZZ7mz0_002,,,-1,1,1,1,D:\Documents\Programming\Thesis_G10\data\raw\CMU-MOSEI\segments\7SsmaZZ7mz0_002.mp4,data\preprocessed\features\z_at\7SsmaZZ7mz0_002.pt,data\preprocessed\features\z_v\7SsmaZZ7mz0_002.pt
7SsmaZZ7mz0_003,mosei_real,0,mosei_7SsmaZZ7mz0_003,,,-1,1,1,1,D:\Documents\Programming\Thesis_G10\data\raw\CMU-MOSEI\segments\7SsmaZZ7mz0_003.mp4,data\preprocessed\features\z_at\7SsmaZZ7mz0_003.pt,data\preprocessed\features\z_v\7SsmaZZ7mz0_003.pt
7U_z0JfleAw_000,mosei_real,0,mosei_7U_z0JfleAw_000,,,-1,1,1,1,D:\Documents\Programming\Thesis_G10\data\raw\CMU-MOSEI\segments\7U_z0JfleAw_000.mp4,data\preprocessed\features\z_at\7U_z0JfleAw_000.pt,data\preprocessed\features\z_v\7U_z0JfleAw_000.pt
7U_z0JfleAw_001,mosei_real,0,mosei_7U_z0JfleAw_001,,,-1,1,1,1,D:\Documents\Programming\Thesis_G10\data\raw\CMU-MOSEI\segments\7U_z0JfleAw_001.mp4,data\preprocessed\features\z_at\7U_z0JfleAw_001.pt,data\preprocessed\features\z_v\7U_z0JfleAw_001.pt
7U_z0JfleAw_002,mosei_real,0,mosei_7U_z0JfleAw_002,,,-1,1,1,1,D:\Documents\Programming\Thesis_G10\data\raw\CMU-MOSEI\segments\7U_z0JfleAw_002.mp4,data\preprocessed\features\z_at\7U_z0JfleAw_002.pt,data\preprocessed\features\z_v\7U_z0JfleAw_002.pt
7UlSX-syPeo_002,mosei_real,0,mosei_7UlSX-syPeo_002,,,-1,1,1,1,D:\Documents\Programming\Thesis_G10\data\raw\CMU-MOSEI\segments\7UlSX-syPeo_002.mp4,data\preprocessed\features\z_at\7UlSX-syPeo_002.pt,data\preprocessed\features\z_v\7UlSX-syPeo_002.pt
7UlSX-syPeo_003,mosei_real,0,mosei_7UlSX-syPeo_003,,,-1,1,1,1,D:\Documents\Programming\Thesis_G10\data\raw\CMU-MOSEI\segments\7UlSX-syPeo_003.mp4,data\preprocessed\features\z_at\7UlSX-syPeo_003.pt,data\preprocessed\features\z_v\7UlSX-syPeo_003.pt
7UlSX-syPeo_005,mosei_real,0,mosei_7UlSX-syPeo_005,,,-1,1,1,1,D:\Documents\Programming\Thesis_G10\data\raw\CMU-MOSEI\segments\7UlSX-syPeo_005.mp4,data\preprocessed\features\z_at\7UlSX-syPeo_005.pt,data\preprocessed\features\z_v\7UlSX-syPeo_005.pt
7UlSX-syPeo_007,mosei_real,0,mosei_7UlSX-syPeo_007,,,-1,1,1,1,D:\Documents\Programming\Thesis_G10\data\raw\CMU-MOSEI\segments\7UlSX-syPeo_007.mp4,data\preprocessed\features\z_at\7UlSX-syPeo_007.pt,data\preprocessed\features\z_v\7UlSX-syPeo_007.pt
7UlSX-syPeo_009,mosei_real,0,mosei_7UlSX-syPeo_009,,,-1,1,1,1,D:\Documents\Programming\Thesis_G10\data\raw\CMU-MOSEI\segments\7UlSX-syPeo_009.mp4,data\preprocessed\features\z_at\7UlSX-syPeo_009.pt,data\preprocessed\features\z_v\7UlSX-syPeo_009.pt
7UlSX-syPeo_010,mosei_real,0,mosei_7UlSX-syPeo_010,,,-1,1,1,1,D:\Documents\Programming\Thesis_G10\data\raw\CMU-MOSEI\segments\7UlSX-syPeo_010.mp4,data\preprocessed\features\z_at\7UlSX-syPeo_010.pt,data\preprocessed\features\z_v\7UlSX-syPeo_010.pt
7UlSX-syPeo_014,mosei_real,0,mosei_7UlSX-syPeo_014,,,-1,1,1,1,D:\Documents\Programming\Thesis_G10\data\raw\CMU-MOSEI\segments\7UlSX-syPeo_014.mp4,data\preprocessed\features\z_at\7UlSX-syPeo_014.pt,data\preprocessed\features\z_v\7UlSX-syPeo_014.pt
7UlSX-syPeo_016,mosei_real,0,mosei_7UlSX-syPeo_016,,,-1,1,1,1,D:\Documents\Programming\Thesis_G10\data\raw\CMU-MOSEI\segments\7UlSX-syPeo_016.mp4,data\preprocessed\features\z_at\7UlSX-syPeo_016.pt,data\preprocessed\features\z_v\7UlSX-syPeo_016.pt
7UlSX-syPeo_017,mosei_real,0,mosei_7UlSX-syPeo_017,,,-1,1,1,1,D:\Documents\Programming\Thesis_G10\data\raw\CMU-MOSEI\segments\7UlSX-syPeo_017.mp4,data\preprocessed\features\z_at\7UlSX-syPeo_017.pt,data\preprocessed\features\z_v\7UlSX-syPeo_017.pt
7UlSX-syPeo_019,mosei_real,0,mosei_7UlSX-syPeo_019,,,-1,1,1,1,D:\Documents\Programming\Thesis_G10\data\raw\CMU-MOSEI\segments\7UlSX-syPeo_019.mp4,data\preprocessed\features\z_at\7UlSX-syPeo_019.pt,data\preprocessed\features\z_v\7UlSX-syPeo_019.pt
7UlSX-syPeo_020,mosei_real,0,mosei_7UlSX-syPeo_020,,,-1,1,1,1,D:\Documents\Programming\Thesis_G10\data\raw\CMU-MOSEI\segments\7UlSX-syPeo_020.mp4,data\preprocessed\features\z_at\7UlSX-syPeo_020.pt,data\preprocessed\features\z_v\7UlSX-syPeo_020.pt
7ZzbemE4QEE_000,mosei_real,0,mosei_7ZzbemE4QEE_000,,,-1,1,1,1,D:\Documents\Programming\Thesis_G10\data\raw\CMU-MOSEI\segments\7ZzbemE4QEE_000.mp4,data\preprocessed\features\z_at\7ZzbemE4QEE_000.pt,data\preprocessed\features\z_v\7ZzbemE4QEE_000.pt
7ZzbemE4QEE_001,mosei_real,0,mosei_7ZzbemE4QEE_001,,,-1,1,1,1,D:\Documents\Programming\Thesis_G10\data\raw\CMU-MOSEI\segments\7ZzbemE4QEE_001.mp4,data\preprocessed\features\z_at\7ZzbemE4QEE_001.pt,data\preprocessed\features\z_v\7ZzbemE4QEE_001.pt
7ZzbemE4QEE_002,mosei_real,0,mosei_7ZzbemE4QEE_002,,,-1,1,1,1,D:\Documents\Programming\Thesis_G10\data\raw\CMU-MOSEI\segments\7ZzbemE4QEE_002.mp4,data\preprocessed\features\z_at\7ZzbemE4QEE_002.pt,data\preprocessed\features\z_v\7ZzbemE4QEE_002.pt
7ZzbemE4QEE_003,mosei_real,0,mosei_7ZzbemE4QEE_003,,,-1,1,1,1,D:\Documents\Programming\Thesis_G10\data\raw\CMU-MOSEI\segments\7ZzbemE4QEE_003.mp4,data\preprocessed\features\z_at\7ZzbemE4QEE_003.pt,data\preprocessed\features\z_v\7ZzbemE4QEE_003.pt
7ZzbemE4QEE_005,mosei_real,0,mosei_7ZzbemE4QEE_005,,,-1,1,1,1,D:\Documents\Programming\Thesis_G10\data\raw\CMU-MOSEI\segments\7ZzbemE4QEE_005.mp4,data\preprocessed\features\z_at\7ZzbemE4QEE_005.pt,data\preprocessed\features\z_v\7ZzbemE4QEE_005.pt
7ZzbemE4QEE_006,mosei_real,0,mosei_7ZzbemE4QEE_006,,,-1,1,1,1,D:\Documents\Programming\Thesis_G10\data\raw\CMU-MOSEI\segments\7ZzbemE4QEE_006.mp4,data\preprocessed\features\z_at\7ZzbemE4QEE_006.pt,data\preprocessed\features\z_v\7ZzbemE4QEE_006.pt
7ZzbemE4QEE_007,mosei_real,0,mosei_7ZzbemE4QEE_007,,,-1,1,1,1,D:\Documents\Programming\Thesis_G10\data\raw\CMU-MOSEI\segments\7ZzbemE4QEE_007.mp4,data\preprocessed\features\z_at\7ZzbemE4QEE_007.pt,data\preprocessed\features\z_v\7ZzbemE4QEE_007.pt
7ZzbemE4QEE_008,mosei_real,0,mosei_7ZzbemE4QEE_008,,,-1,1,1,1,D:\Documents\Programming\Thesis_G10\data\raw\CMU-MOSEI\segments\7ZzbemE4QEE_008.mp4,data\preprocessed\features\z_at\7ZzbemE4QEE_008.pt,data\preprocessed\features\z_v\7ZzbemE4QEE_008.pt
7ZzbemE4QEE_009,mosei_real,0,mosei_7ZzbemE4QEE_009,,,-1,1,1,1,D:\Documents\Programming\Thesis_G10\data\raw\CMU-MOSEI\segments\7ZzbemE4QEE_009.mp4,data\preprocessed\features\z_at\7ZzbemE4QEE_009.pt,data\preprocessed\features\z_v\7ZzbemE4QEE_009.pt
7ZzbemE4QEE_012,mosei_real,0,mosei_7ZzbemE4QEE_012,,,-1,1,1,1,D:\Documents\Programming\Thesis_G10\data\raw\CMU-MOSEI\segments\7ZzbemE4QEE_012.mp4,data\preprocessed\features\z_at\7ZzbemE4QEE_012.pt,data\preprocessed\features\z_v\7ZzbemE4QEE_012.pt
7ZzbemE4QEE_013,mosei_real,0,mosei_7ZzbemE4QEE_013,,,-1,1,1,1,D:\Documents\Programming\Thesis_G10\data\raw\CMU-MOSEI\segments\7ZzbemE4QEE_013.mp4,data\preprocessed\features\z_at\7ZzbemE4QEE_013.pt,data\preprocessed\features\z_v\7ZzbemE4QEE_013.pt
7ZzbemE4QEE_014,mosei_real,0,mosei_7ZzbemE4QEE_014,,,-1,1,1,1,D:\Documents\Programming\Thesis_G10\data\raw\CMU-MOSEI\segments\7ZzbemE4QEE_014.mp4,data\preprocessed\features\z_at\7ZzbemE4QEE_014.pt,data\preprocessed\features\z_v\7ZzbemE4QEE_014.pt
7ZzbemE4QEE_015,mosei_real,0,mosei_7ZzbemE4QEE_015,,,-1,1,1,1,D:\Documents\Programming\Thesis_G10\data\raw\CMU-MOSEI\segments\7ZzbemE4QEE_015.mp4,data\preprocessed\features\z_at\7ZzbemE4QEE_015.pt,data\preprocessed\features\z_v\7ZzbemE4QEE_015.pt
7ZzbemE4QEE_016,mosei_real,0,mosei_7ZzbemE4QEE_016,,,-1,1,1,1,D:\Documents\Programming\Thesis_G10\data\raw\CMU-MOSEI\segments\7ZzbemE4QEE_016.mp4,data\preprocessed\features\z_at\7ZzbemE4QEE_016.pt,data\preprocessed\features\z_v\7ZzbemE4QEE_016.pt
7ZzbemE4QEE_019,mosei_real,0,mosei_7ZzbemE4QEE_019,,,-1,1,1,1,D:\Documents\Programming\Thesis_G10\data\raw\CMU-MOSEI\segments\7ZzbemE4QEE_019.mp4,data\preprocessed\features\z_at\7ZzbemE4QEE_019.pt,data\preprocessed\features\z_v\7ZzbemE4QEE_019.pt
7ZzbemE4QEE_020,mosei_real,0,mosei_7ZzbemE4QEE_020,,,-1,1,1,1,D:\Documents\Programming\Thesis_G10\data\raw\CMU-MOSEI\segments\7ZzbemE4QEE_020.mp4,data\preprocessed\features\z_at\7ZzbemE4QEE_020.pt,data\preprocessed\features\z_v\7ZzbemE4QEE_020.pt
7ZzbemE4QEE_021,mosei_real,0,mosei_7ZzbemE4QEE_021,,,-1,1,1,1,D:\Documents\Programming\Thesis_G10\data\raw\CMU-MOSEI\segments\7ZzbemE4QEE_021.mp4,data\preprocessed\features\z_at\7ZzbemE4QEE_021.pt,data\preprocessed\features\z_v\7ZzbemE4QEE_021.pt
7ZzbemE4QEE_023,mosei_real,0,mosei_7ZzbemE4QEE_023,,,-1,1,1,1,D:\Documents\Programming\Thesis_G10\data\raw\CMU-MOSEI\segments\7ZzbemE4QEE_023.mp4,data\preprocessed\features\z_at\7ZzbemE4QEE_023.pt,data\preprocessed\features\z_v\7ZzbemE4QEE_023.pt
7ZzbemE4QEE_025,mosei_real,0,mosei_7ZzbemE4QEE_025,,,-1,1,1,1,D:\Documents\Programming\Thesis_G10\data\raw\CMU-MOSEI\segments\7ZzbemE4QEE_025.mp4,data\preprocessed\features\z_at\7ZzbemE4QEE_025.pt,data\preprocessed\features\z_v\7ZzbemE4QEE_025.pt
7ZzbemE4QEE_027,mosei_real,0,mosei_7ZzbemE4QEE_027,,,-1,1,1,1,D:\Documents\Programming\Thesis_G10\data\raw\CMU-MOSEI\segments\7ZzbemE4QEE_027.mp4,data\preprocessed\features\z_at\7ZzbemE4QEE_027.pt,data\preprocessed\features\z_v\7ZzbemE4QEE_027.pt
7ZzbemE4QEE_028,mosei_real,0,mosei_7ZzbemE4QEE_028,,,-1,1,1,1,D:\Documents\Programming\Thesis_G10\data\raw\CMU-MOSEI\segments\7ZzbemE4QEE_028.mp4,data\preprocessed\features\z_at\7ZzbemE4QEE_028.pt,data\preprocessed\features\z_v\7ZzbemE4QEE_028.pt
7ZzbemE4QEE_031,mosei_real,0,mosei_7ZzbemE4QEE_031,,,-1,1,1,1,D:\Documents\Programming\Thesis_G10\data\raw\CMU-MOSEI\segments\7ZzbemE4QEE_031.mp4,data\preprocessed\features\z_at\7ZzbemE4QEE_031.pt,data\preprocessed\features\z_v\7ZzbemE4QEE_031.pt
7ZzbemE4QEE_033,mosei_real,0,mosei_7ZzbemE4QEE_033,,,-1,1,1,1,D:\Documents\Programming\Thesis_G10\data\raw\CMU-MOSEI\segments\7ZzbemE4QEE_033.mp4,data\preprocessed\features\z_at\7ZzbemE4QEE_033.pt,data\preprocessed\features\z_v\7ZzbemE4QEE_033.pt
7ZzbemE4QEE_035,mosei_real,0,mosei_7ZzbemE4QEE_035,,,-1,1,1,1,D:\Documents\Programming\Thesis_G10\data\raw\CMU-MOSEI\segments\7ZzbemE4QEE_035.mp4,data\preprocessed\features\z_at\7ZzbemE4QEE_035.pt,data\preprocessed\features\z_v\7ZzbemE4QEE_035.pt
7ZzbemE4QEE_036,mosei_real,0,mosei_7ZzbemE4QEE_036,,,-1,1,1,1,D:\Documents\Programming\Thesis_G10\data\raw\CMU-MOSEI\segments\7ZzbemE4QEE_036.mp4,data\preprocessed\features\z_at\7ZzbemE4QEE_036.pt,data\preprocessed\features\z_v\7ZzbemE4QEE_036.pt
7ZzbemE4QEE_037,mosei_real,0,mosei_7ZzbemE4QEE_037,,,-1,1,1,1,D:\Documents\Programming\Thesis_G10\data\raw\CMU-MOSEI\segments\7ZzbemE4QEE_037.mp4,data\preprocessed\features\z_at\7ZzbemE4QEE_037.pt,data\preprocessed\features\z_v\7ZzbemE4QEE_037.pt
7ZzbemE4QEE_038,mosei_real,0,mosei_7ZzbemE4QEE_038,,,-1,1,1,1,D:\Documents\Programming\Thesis_G10\data\raw\CMU-MOSEI\segments\7ZzbemE4QEE_038.mp4,data\preprocessed\features\z_at\7ZzbemE4QEE_038.pt,data\preprocessed\features\z_v\7ZzbemE4QEE_038.pt
7_K3F-lAv1k_000,mosei_real,0,mosei_7_K3F-lAv1k_000,,,-1,1,1,1,D:\Documents\Programming\Thesis_G10\data\raw\CMU-MOSEI\segments\7_K3F-lAv1k_000.mp4,data\preprocessed\features\z_at\7_K3F-lAv1k_000.pt,data\preprocessed\features\z_v\7_K3F-lAv1k_000.pt
7eWclVCXOtk_000,mosei_real,0,mosei_7eWclVCXOtk_000,,,-1,1,1,1,D:\Documents\Programming\Thesis_G10\data\raw\CMU-MOSEI\segments\7eWclVCXOtk_000.mp4,data\preprocessed\features\z_at\7eWclVCXOtk_000.pt,data\preprocessed\features\z_v\7eWclVCXOtk_000.pt
7eWclVCXOtk_001,mosei_real,0,mosei_7eWclVCXOtk_001,,,-1,1,1,1,D:\Documents\Programming\Thesis_G10\data\raw\CMU-MOSEI\segments\7eWclVCXOtk_001.mp4,data\preprocessed\features\z_at\7eWclVCXOtk_001.pt,data\preprocessed\features\z_v\7eWclVCXOtk_001.pt
7eWclVCXOtk_004,mosei_real,0,mosei_7eWclVCXOtk_004,,,-1,1,1,1,D:\Documents\Programming\Thesis_G10\data\raw\CMU-MOSEI\segments\7eWclVCXOtk_004.mp4,data\preprocessed\features\z_at\7eWclVCXOtk_004.pt,data\preprocessed\features\z_v\7eWclVCXOtk_004.pt
7eWclVCXOtk_006,mosei_real,0,mosei_7eWclVCXOtk_006,,,-1,1,1,1,D:\Documents\Programming\Thesis_G10\data\raw\CMU-MOSEI\segments\7eWclVCXOtk_006.mp4,data\preprocessed\features\z_at\7eWclVCXOtk_006.pt,data\preprocessed\features\z_v\7eWclVCXOtk_006.pt
7eWclVCXOtk_007,mosei_real,0,mosei_7eWclVCXOtk_007,,,-1,1,1,1,D:\Documents\Programming\Thesis_G10\data\raw\CMU-MOSEI\segments\7eWclVCXOtk_007.mp4,data\preprocessed\features\z_at\7eWclVCXOtk_007.pt,data\preprocessed\features\z_v\7eWclVCXOtk_007.pt
7f3ndBCx_JE_001,mosei_real,0,mosei_7f3ndBCx_JE_001,,,-1,1,1,1,D:\Documents\Programming\Thesis_G10\data\raw\CMU-MOSEI\segments\7f3ndBCx_JE_001.mp4,data\preprocessed\features\z_at\7f3ndBCx_JE_001.pt,data\preprocessed\features\z_v\7f3ndBCx_JE_001.pt
7hSWYI99-24_000,mosei_real,0,mosei_7hSWYI99-24_000,,,-1,1,1,1,D:\Documents\Programming\Thesis_G10\data\raw\CMU-MOSEI\segments\7hSWYI99-24_000.mp4,data\preprocessed\features\z_at\7hSWYI99-24_000.pt,data\preprocessed\features\z_v\7hSWYI99-24_000.pt
7hSWYI99-24_001,mosei_real,0,mosei_7hSWYI99-24_001,,,-1,1,1,1,D:\Documents\Programming\Thesis_G10\data\raw\CMU-MOSEI\segments\7hSWYI99-24_001.mp4,data\preprocessed\features\z_at\7hSWYI99-24_001.pt,data\preprocessed\features\z_v\7hSWYI99-24_001.pt
7hSWYI99-24_002,mosei_real,0,mosei_7hSWYI99-24_002,,,-1,1,1,1,D:\Documents\Programming\Thesis_G10\data\raw\CMU-MOSEI\segments\7hSWYI99-24_002.mp4,data\preprocessed\features\z_at\7hSWYI99-24_002.pt,data\preprocessed\features\z_v\7hSWYI99-24_002.pt
7hSWYI99-24_003,mosei_real,0,mosei_7hSWYI99-24_003,,,-1,1,1,1,D:\Documents\Programming\Thesis_G10\data\raw\CMU-MOSEI\segments\7hSWYI99-24_003.mp4,data\preprocessed\features\z_at\7hSWYI99-24_003.pt,data\preprocessed\features\z_v\7hSWYI99-24_003.pt
7ifnoHhrMtA_000,mosei_real,0,mosei_7ifnoHhrMtA_000,,,-1,1,1,1,D:\Documents\Programming\Thesis_G10\data\raw\CMU-MOSEI\segments\7ifnoHhrMtA_000.mp4,data\preprocessed\features\z_at\7ifnoHhrMtA_000.pt,data\preprocessed\features\z_v\7ifnoHhrMtA_000.pt
7ifnoHhrMtA_002,mosei_real,0,mosei_7ifnoHhrMtA_002,,,-1,1,1,1,D:\Documents\Programming\Thesis_G10\data\raw\CMU-MOSEI\segments\7ifnoHhrMtA_002.mp4,data\preprocessed\features\z_at\7ifnoHhrMtA_002.pt,data\preprocessed\features\z_v\7ifnoHhrMtA_002.pt
7ifnoHhrMtA_005,mosei_real,0,mosei_7ifnoHhrMtA_005,,,-1,1,1,1,D:\Documents\Programming\Thesis_G10\data\raw\CMU-MOSEI\segments\7ifnoHhrMtA_005.mp4,data\preprocessed\features\z_at\7ifnoHhrMtA_005.pt,data\preprocessed\features\z_v\7ifnoHhrMtA_005.pt
7mb8Y2AhXIY_003,mosei_real,0,mosei_7mb8Y2AhXIY_003,,,-1,1,1,1,D:\Documents\Programming\Thesis_G10\data\raw\CMU-MOSEI\segments\7mb8Y2AhXIY_003.mp4,data\preprocessed\features\z_at\7mb8Y2AhXIY_003.pt,data\preprocessed\features\z_v\7mb8Y2AhXIY_003.pt
7pZPQbMKGkY_000,mosei_real,0,mosei_7pZPQbMKGkY_000,,,-1,1,1,1,D:\Documents\Programming\Thesis_G10\data\raw\CMU-MOSEI\segments\7pZPQbMKGkY_000.mp4,data\preprocessed\features\z_at\7pZPQbMKGkY_000.pt,data\preprocessed\features\z_v\7pZPQbMKGkY_000.pt
7pZPQbMKGkY_001,mosei_real,0,mosei_7pZPQbMKGkY_001,,,-1,1,1,1,D:\Documents\Programming\Thesis_G10\data\raw\CMU-MOSEI\segments\7pZPQbMKGkY_001.mp4,data\preprocessed\features\z_at\7pZPQbMKGkY_001.pt,data\preprocessed\features\z_v\7pZPQbMKGkY_001.pt
7pZPQbMKGkY_002,mosei_real,0,mosei_7pZPQbMKGkY_002,,,-1,1,1,1,D:\Documents\Programming\Thesis_G10\data\raw\CMU-MOSEI\segments\7pZPQbMKGkY_002.mp4,data\preprocessed\features\z_at\7pZPQbMKGkY_002.pt,data\preprocessed\features\z_v\7pZPQbMKGkY_002.pt
7pZPQbMKGkY_004,mosei_real,0,mosei_7pZPQbMKGkY_004,,,-1,1,1,1,D:\Documents\Programming\Thesis_G10\data\raw\CMU-MOSEI\segments\7pZPQbMKGkY_004.mp4,data\preprocessed\features\z_at\7pZPQbMKGkY_004.pt,data\preprocessed\features\z_v\7pZPQbMKGkY_004.pt
7pZPQbMKGkY_005,mosei_real,0,mosei_7pZPQbMKGkY_005,,,-1,1,1,1,D:\Documents\Programming\Thesis_G10\data\raw\CMU-MOSEI\segments\7pZPQbMKGkY_005.mp4,data\preprocessed\features\z_at\7pZPQbMKGkY_005.pt,data\preprocessed\features\z_v\7pZPQbMKGkY_005.pt
7rMLN0KKE5k_004,mosei_real,0,mosei_7rMLN0KKE5k_004,,,-1,1,1,1,D:\Documents\Programming\Thesis_G10\data\raw\CMU-MOSEI\segments\7rMLN0KKE5k_004.mp4,data\preprocessed\features\z_at\7rMLN0KKE5k_004.pt,data\preprocessed\features\z_v\7rMLN0KKE5k_004.pt
7rMLN0KKE5k_008,mosei_real,0,mosei_7rMLN0KKE5k_008,,,-1,1,1,1,D:\Documents\Programming\Thesis_G10\data\raw\CMU-MOSEI\segments\7rMLN0KKE5k_008.mp4,data\preprocessed\features\z_at\7rMLN0KKE5k_008.pt,data\preprocessed\features\z_v\7rMLN0KKE5k_008.pt
7rMLN0KKE5k_010,mosei_real,0,mosei_7rMLN0KKE5k_010,,,-1,1,1,1,D:\Documents\Programming\Thesis_G10\data\raw\CMU-MOSEI\segments\7rMLN0KKE5k_010.mp4,data\preprocessed\features\z_at\7rMLN0KKE5k_010.pt,data\preprocessed\features\z_v\7rMLN0KKE5k_010.pt
7rMLN0KKE5k_012,mosei_real,0,mosei_7rMLN0KKE5k_012,,,-1,1,1,1,D:\Documents\Programming\Thesis_G10\data\raw\CMU-MOSEI\segments\7rMLN0KKE5k_012.mp4,data\preprocessed\features\z_at\7rMLN0KKE5k_012.pt,data\preprocessed\features\z_v\7rMLN0KKE5k_012.pt
7rMLN0KKE5k_013,mosei_real,0,mosei_7rMLN0KKE5k_013,,,-1,1,1,1,D:\Documents\Programming\Thesis_G10\data\raw\CMU-MOSEI\segments\7rMLN0KKE5k_013.mp4,data\preprocessed\features\z_at\7rMLN0KKE5k_013.pt,data\preprocessed\features\z_v\7rMLN0KKE5k_013.pt
7rMLN0KKE5k_014,mosei_real,0,mosei_7rMLN0KKE5k_014,,,-1,1,1,1,D:\Documents\Programming\Thesis_G10\data\raw\CMU-MOSEI\segments\7rMLN0KKE5k_014.mp4,data\preprocessed\features\z_at\7rMLN0KKE5k_014.pt,data\preprocessed\features\z_v\7rMLN0KKE5k_014.pt
7rMLN0KKE5k_016,mosei_real,0,mosei_7rMLN0KKE5k_016,,,-1,1,1,1,D:\Documents\Programming\Thesis_G10\data\raw\CMU-MOSEI\segments\7rMLN0KKE5k_016.mp4,data\preprocessed\features\z_at\7rMLN0KKE5k_016.pt,data\preprocessed\features\z_v\7rMLN0KKE5k_016.pt
7rMLN0KKE5k_018,mosei_real,0,mosei_7rMLN0KKE5k_018,,,-1,1,1,1,D:\Documents\Programming\Thesis_G10\data\raw\CMU-MOSEI\segments\7rMLN0KKE5k_018.mp4,data\preprocessed\features\z_at\7rMLN0KKE5k_018.pt,data\preprocessed\features\z_v\7rMLN0KKE5k_018.pt
7rMLN0KKE5k_022,mosei_real,0,mosei_7rMLN0KKE5k_022,,,-1,1,1,1,D:\Documents\Programming\Thesis_G10\data\raw\CMU-MOSEI\segments\7rMLN0KKE5k_022.mp4,data\preprocessed\features\z_at\7rMLN0KKE5k_022.pt,data\preprocessed\features\z_v\7rMLN0KKE5k_022.pt
7rMLN0KKE5k_028,mosei_real,0,mosei_7rMLN0KKE5k_028,,,-1,1,1,1,D:\Documents\Programming\Thesis_G10\data\raw\CMU-MOSEI\segments\7rMLN0KKE5k_028.mp4,data\preprocessed\features\z_at\7rMLN0KKE5k_028.pt,data\preprocessed\features\z_v\7rMLN0KKE5k_028.pt
7sgAWvbLtiM_000,mosei_real,0,mosei_7sgAWvbLtiM_000,,,-1,1,1,1,D:\Documents\Programming\Thesis_G10\data\raw\CMU-MOSEI\segments\7sgAWvbLtiM_000.mp4,data\preprocessed\features\z_at\7sgAWvbLtiM_000.pt,data\preprocessed\features\z_v\7sgAWvbLtiM_000.pt
7sgAWvbLtiM_001,mosei_real,0,mosei_7sgAWvbLtiM_001,,,-1,1,1,1,D:\Documents\Programming\Thesis_G10\data\raw\CMU-MOSEI\segments\7sgAWvbLtiM_001.mp4,data\preprocessed\features\z_at\7sgAWvbLtiM_001.pt,data\preprocessed\features\z_v\7sgAWvbLtiM_001.pt
7sgAWvbLtiM_003,mosei_real,0,mosei_7sgAWvbLtiM_003,,,-1,1,1,1,D:\Documents\Programming\Thesis_G10\data\raw\CMU-MOSEI\segments\7sgAWvbLtiM_003.mp4,data\preprocessed\features\z_at\7sgAWvbLtiM_003.pt,data\preprocessed\features\z_v\7sgAWvbLtiM_003.pt
7sgAWvbLtiM_004,mosei_real,0,mosei_7sgAWvbLtiM_004,,,-1,1,1,1,D:\Documents\Programming\Thesis_G10\data\raw\CMU-MOSEI\segments\7sgAWvbLtiM_004.mp4,data\preprocessed\features\z_at\7sgAWvbLtiM_004.pt,data\preprocessed\features\z_v\7sgAWvbLtiM_004.pt
7sgAWvbLtiM_005,mosei_real,0,mosei_7sgAWvbLtiM_005,,,-1,1,1,1,D:\Documents\Programming\Thesis_G10\data\raw\CMU-MOSEI\segments\7sgAWvbLtiM_005.mp4,data\preprocessed\features\z_at\7sgAWvbLtiM_005.pt,data\preprocessed\features\z_v\7sgAWvbLtiM_005.pt
7sgAWvbLtiM_006,mosei_real,0,mosei_7sgAWvbLtiM_006,,,-1,1,1,1,D:\Documents\Programming\Thesis_G10\data\raw\CMU-MOSEI\segments\7sgAWvbLtiM_006.mp4,data\preprocessed\features\z_at\7sgAWvbLtiM_006.pt,data\preprocessed\features\z_v\7sgAWvbLtiM_006.pt
7sgAWvbLtiM_007,mosei_real,0,mosei_7sgAWvbLtiM_007,,,-1,1,1,1,D:\Documents\Programming\Thesis_G10\data\raw\CMU-MOSEI\segments\7sgAWvbLtiM_007.mp4,data\preprocessed\features\z_at\7sgAWvbLtiM_007.pt,data\preprocessed\features\z_v\7sgAWvbLtiM_007.pt
7xiu1tAJ2d8_005,mosei_real,0,mosei_7xiu1tAJ2d8_005,,,-1,1,1,1,D:\Documents\Programming\Thesis_G10\data\raw\CMU-MOSEI\segments\7xiu1tAJ2d8_005.mp4,data\preprocessed\features\z_at\7xiu1tAJ2d8_005.pt,data\preprocessed\features\z_v\7xiu1tAJ2d8_005.pt
7xiu1tAJ2d8_008,mosei_real,0,mosei_7xiu1tAJ2d8_008,,,-1,1,1,1,D:\Documents\Programming\Thesis_G10\data\raw\CMU-MOSEI\segments\7xiu1tAJ2d8_008.mp4,data\preprocessed\features\z_at\7xiu1tAJ2d8_008.pt,data\preprocessed\features\z_v\7xiu1tAJ2d8_008.pt
7xiu1tAJ2d8_010,mosei_real,0,mosei_7xiu1tAJ2d8_010,,,-1,1,1,1,D:\Documents\Programming\Thesis_G10\data\raw\CMU-MOSEI\segments\7xiu1tAJ2d8_010.mp4,data\preprocessed\features\z_at\7xiu1tAJ2d8_010.pt,data\preprocessed\features\z_v\7xiu1tAJ2d8_010.pt
7xiu1tAJ2d8_011,mosei_real,0,mosei_7xiu1tAJ2d8_011,,,-1,1,1,1,D:\Documents\Programming\Thesis_G10\data\raw\CMU-MOSEI\segments\7xiu1tAJ2d8_011.mp4,data\preprocessed\features\z_at\7xiu1tAJ2d8_011.pt,data\preprocessed\features\z_v\7xiu1tAJ2d8_011.pt
8-Hi9NmF4rM_000,mosei_real,0,mosei_8-Hi9NmF4rM_000,,,-1,1,1,1,D:\Documents\Programming\Thesis_G10\data\raw\CMU-MOSEI\segments\8-Hi9NmF4rM_000.mp4,data\preprocessed\features\z_at\8-Hi9NmF4rM_000.pt,data\preprocessed\features\z_v\8-Hi9NmF4rM_000.pt
8-Hi9NmF4rM_001,mosei_real,0,mosei_8-Hi9NmF4rM_001,,,-1,1,1,1,D:\Documents\Programming\Thesis_G10\data\raw\CMU-MOSEI\segments\8-Hi9NmF4rM_001.mp4,data\preprocessed\features\z_at\8-Hi9NmF4rM_001.pt,data\preprocessed\features\z_v\8-Hi9NmF4rM_001.pt
830KzUc6CbU_000,mosei_real,0,mosei_830KzUc6CbU_000,,,-1,1,1,1,D:\Documents\Programming\Thesis_G10\data\raw\CMU-MOSEI\segments\830KzUc6CbU_000.mp4,data\preprocessed\features\z_at\830KzUc6CbU_000.pt,data\preprocessed\features\z_v\830KzUc6CbU_000.pt
830KzUc6CbU_002,mosei_real,0,mosei_830KzUc6CbU_002,,,-1,1,1,1,D:\Documents\Programming\Thesis_G10\data\raw\CMU-MOSEI\segments\830KzUc6CbU_002.mp4,data\preprocessed\features\z_at\830KzUc6CbU_002.pt,data\preprocessed\features\z_v\830KzUc6CbU_002.pt
83_N43pvgHI_000,mosei_real,0,mosei_83_N43pvgHI_000,,,-1,1,1,1,D:\Documents\Programming\Thesis_G10\data\raw\CMU-MOSEI\segments\83_N43pvgHI_000.mp4,data\preprocessed\features\z_at\83_N43pvgHI_000.pt,data\preprocessed\features\z_v\83_N43pvgHI_000.pt
856LGms_0s0_000,mosei_real,0,mosei_856LGms_0s0_000,,,-1,1,1,1,D:\Documents\Programming\Thesis_G10\data\raw\CMU-MOSEI\segments\856LGms_0s0_000.mp4,data\preprocessed\features\z_at\856LGms_0s0_000.pt,data\preprocessed\features\z_v\856LGms_0s0_000.pt
86c2OkQ3_U8_003,mosei_real,0,mosei_86c2OkQ3_U8_003,,,-1,1,1,1,D:\Documents\Programming\Thesis_G10\data\raw\CMU-MOSEI\segments\86c2OkQ3_U8_003.mp4,data\preprocessed\features\z_at\86c2OkQ3_U8_003.pt,data\preprocessed\features\z_v\86c2OkQ3_U8_003.pt
86c2OkQ3_U8_005,mosei_real,0,mosei_86c2OkQ3_U8_005,,,-1,1,1,1,D:\Documents\Programming\Thesis_G10\data\raw\CMU-MOSEI\segments\86c2OkQ3_U8_005.mp4,data\preprocessed\features\z_at\86c2OkQ3_U8_005.pt,data\preprocessed\features\z_v\86c2OkQ3_U8_005.pt
86c2OkQ3_U8_006,mosei_real,0,mosei_86c2OkQ3_U8_006,,,-1,1,1,1,D:\Documents\Programming\Thesis_G10\data\raw\CMU-MOSEI\segments\86c2OkQ3_U8_006.mp4,data\preprocessed\features\z_at\86c2OkQ3_U8_006.pt,data\preprocessed\features\z_v\86c2OkQ3_U8_006.pt
86c2OkQ3_U8_007,mosei_real,0,mosei_86c2OkQ3_U8_007,,,-1,1,1,1,D:\Documents\Programming\Thesis_G10\data\raw\CMU-MOSEI\segments\86c2OkQ3_U8_007.mp4,data\preprocessed\features\z_at\86c2OkQ3_U8_007.pt,data\preprocessed\features\z_v\86c2OkQ3_U8_007.pt
86c2OkQ3_U8_008,mosei_real,0,mosei_86c2OkQ3_U8_008,,,-1,1,1,1,D:\Documents\Programming\Thesis_G10\data\raw\CMU-MOSEI\segments\86c2OkQ3_U8_008.mp4,data\preprocessed\features\z_at\86c2OkQ3_U8_008.pt,data\preprocessed\features\z_v\86c2OkQ3_U8_008.pt
86c2OkQ3_U8_010,mosei_real,0,mosei_86c2OkQ3_U8_010,,,-1,1,1,1,D:\Documents\Programming\Thesis_G10\data\raw\CMU-MOSEI\segments\86c2OkQ3_U8_010.mp4,data\preprocessed\features\z_at\86c2OkQ3_U8_010.pt,data\preprocessed\features\z_v\86c2OkQ3_U8_010.pt
88S1BjwMfdw_000,mosei_real,0,mosei_88S1BjwMfdw_000,,,-1,1,1,1,D:\Documents\Programming\Thesis_G10\data\raw\CMU-MOSEI\segments\88S1BjwMfdw_000.mp4,data\preprocessed\features\z_at\88S1BjwMfdw_000.pt,data\preprocessed\features\z_v\88S1BjwMfdw_000.pt
88S1BjwMfdw_002,mosei_real,0,mosei_88S1BjwMfdw_002,,,-1,1,1,1,D:\Documents\Programming\Thesis_G10\data\raw\CMU-MOSEI\segments\88S1BjwMfdw_002.mp4,data\preprocessed\features\z_at\88S1BjwMfdw_002.pt,data\preprocessed\features\z_v\88S1BjwMfdw_002.pt
88S1BjwMfdw_003,mosei_real,0,mosei_88S1BjwMfdw_003,,,-1,1,1,1,D:\Documents\Programming\Thesis_G10\data\raw\CMU-MOSEI\segments\88S1BjwMfdw_003.mp4,data\preprocessed\features\z_at\88S1BjwMfdw_003.pt,data\preprocessed\features\z_v\88S1BjwMfdw_003.pt
88S1BjwMfdw_004,mosei_real,0,mosei_88S1BjwMfdw_004,,,-1,1,1,1,D:\Documents\Programming\Thesis_G10\data\raw\CMU-MOSEI\segments\88S1BjwMfdw_004.mp4,data\preprocessed\features\z_at\88S1BjwMfdw_004.pt,data\preprocessed\features\z_v\88S1BjwMfdw_004.pt
88oSn21TFcA_006,mosei_real,0,mosei_88oSn21TFcA_006,,,-1,1,1,1,D:\Documents\Programming\Thesis_G10\data\raw\CMU-MOSEI\segments\88oSn21TFcA_006.mp4,data\preprocessed\features\z_at\88oSn21TFcA_006.pt,data\preprocessed\features\z_v\88oSn21TFcA_006.pt
8Cp8c-eQELQ_001,mosei_real,0,mosei_8Cp8c-eQELQ_001,,,-1,1,1,1,D:\Documents\Programming\Thesis_G10\data\raw\CMU-MOSEI\segments\8Cp8c-eQELQ_001.mp4,data\preprocessed\features\z_at\8Cp8c-eQELQ_001.pt,data\preprocessed\features\z_v\8Cp8c-eQELQ_001.pt
8Cp8c-eQELQ_007,mosei_real,0,mosei_8Cp8c-eQELQ_007,,,-1,1,1,1,D:\Documents\Programming\Thesis_G10\data\raw\CMU-MOSEI\segments\8Cp8c-eQELQ_007.mp4,data\preprocessed\features\z_at\8Cp8c-eQELQ_007.pt,data\preprocessed\features\z_v\8Cp8c-eQELQ_007.pt
8Cp8c-eQELQ_010,mosei_real,0,mosei_8Cp8c-eQELQ_010,,,-1,1,1,1,D:\Documents\Programming\Thesis_G10\data\raw\CMU-MOSEI\segments\8Cp8c-eQELQ_010.mp4,data\preprocessed\features\z_at\8Cp8c-eQELQ_010.pt,data\preprocessed\features\z_v\8Cp8c-eQELQ_010.pt
8EHEEXex5D8_001,mosei_real,0,mosei_8EHEEXex5D8_001,,,-1,1,1,1,D:\Documents\Programming\Thesis_G10\data\raw\CMU-MOSEI\segments\8EHEEXex5D8_001.mp4,data\preprocessed\features\z_at\8EHEEXex5D8_001.pt,data\preprocessed\features\z_v\8EHEEXex5D8_001.pt
8EHEEXex5D8_003,mosei_real,0,mosei_8EHEEXex5D8_003,,,-1,1,1,1,D:\Documents\Programming\Thesis_G10\data\raw\CMU-MOSEI\segments\8EHEEXex5D8_003.mp4,data\preprocessed\features\z_at\8EHEEXex5D8_003.pt,data\preprocessed\features\z_v\8EHEEXex5D8_003.pt
8EHEEXex5D8_004,mosei_real,0,mosei_8EHEEXex5D8_004,,,-1,1,1,1,D:\Documents\Programming\Thesis_G10\data\raw\CMU-MOSEI\segments\8EHEEXex5D8_004.mp4,data\preprocessed\features\z_at\8EHEEXex5D8_004.pt,data\preprocessed\features\z_v\8EHEEXex5D8_004.pt
8EHEEXex5D8_006,mosei_real,0,mosei_8EHEEXex5D8_006,,,-1,1,1,1,D:\Documents\Programming\Thesis_G10\data\raw\CMU-MOSEI\segments\8EHEEXex5D8_006.mp4,data\preprocessed\features\z_at\8EHEEXex5D8_006.pt,data\preprocessed\features\z_v\8EHEEXex5D8_006.pt
8EHEEXex5D8_008,mosei_real,0,mosei_8EHEEXex5D8_008,,,-1,1,1,1,D:\Documents\Programming\Thesis_G10\data\raw\CMU-MOSEI\segments\8EHEEXex5D8_008.mp4,data\preprocessed\features\z_at\8EHEEXex5D8_008.pt,data\preprocessed\features\z_v\8EHEEXex5D8_008.pt
8EHEEXex5D8_009,mosei_real,0,mosei_8EHEEXex5D8_009,,,-1,1,1,1,D:\Documents\Programming\Thesis_G10\data\raw\CMU-MOSEI\segments\8EHEEXex5D8_009.mp4,data\preprocessed\features\z_at\8EHEEXex5D8_009.pt,data\preprocessed\features\z_v\8EHEEXex5D8_009.pt
8EHEEXex5D8_011,mosei_real,0,mosei_8EHEEXex5D8_011,,,-1,1,1,1,D:\Documents\Programming\Thesis_G10\data\raw\CMU-MOSEI\segments\8EHEEXex5D8_011.mp4,data\preprocessed\features\z_at\8EHEEXex5D8_011.pt,data\preprocessed\features\z_v\8EHEEXex5D8_011.pt
8F1mj-XT6KA_000,mosei_real,0,mosei_8F1mj-XT6KA_000,,,-1,1,1,1,D:\Documents\Programming\Thesis_G10\data\raw\CMU-MOSEI\segments\8F1mj-XT6KA_000.mp4,data\preprocessed\features\z_at\8F1mj-XT6KA_000.pt,data\preprocessed\features\z_v\8F1mj-XT6KA_000.pt
8F1mj-XT6KA_001,mosei_real,0,mosei_8F1mj-XT6KA_001,,,-1,1,1,1,D:\Documents\Programming\Thesis_G10\data\raw\CMU-MOSEI\segments\8F1mj-XT6KA_001.mp4,data\preprocessed\features\z_at\8F1mj-XT6KA_001.pt,data\preprocessed\features\z_v\8F1mj-XT6KA_001.pt
8F1mj-XT6KA_002,mosei_real,0,mosei_8F1mj-XT6KA_002,,,-1,1,1,1,D:\Documents\Programming\Thesis_G10\data\raw\CMU-MOSEI\segments\8F1mj-XT6KA_002.mp4,data\preprocessed\features\z_at\8F1mj-XT6KA_002.pt,data\preprocessed\features\z_v\8F1mj-XT6KA_002.pt
8M0AlvtMrv8_000,mosei_real,0,mosei_8M0AlvtMrv8_000,,,-1,1,1,1,D:\Documents\Programming\Thesis_G10\data\raw\CMU-MOSEI\segments\8M0AlvtMrv8_000.mp4,data\preprocessed\features\z_at\8M0AlvtMrv8_000.pt,data\preprocessed\features\z_v\8M0AlvtMrv8_000.pt
8P0zm2oYDyY_004,mosei_real,0,mosei_8P0zm2oYDyY_004,,,-1,1,1,1,D:\Documents\Programming\Thesis_G10\data\raw\CMU-MOSEI\segments\8P0zm2oYDyY_004.mp4,data\preprocessed\features\z_at\8P0zm2oYDyY_004.pt,data\preprocessed\features\z_v\8P0zm2oYDyY_004.pt
8VP1qxX9mh4_000,mosei_real,0,mosei_8VP1qxX9mh4_000,,,-1,1,1,1,D:\Documents\Programming\Thesis_G10\data\raw\CMU-MOSEI\segments\8VP1qxX9mh4_000.mp4,data\preprocessed\features\z_at\8VP1qxX9mh4_000.pt,data\preprocessed\features\z_v\8VP1qxX9mh4_000.pt
8X5tGQLBqPo_000,mosei_real,0,mosei_8X5tGQLBqPo_000,,,-1,1,1,1,D:\Documents\Programming\Thesis_G10\data\raw\CMU-MOSEI\segments\8X5tGQLBqPo_000.mp4,data\preprocessed\features\z_at\8X5tGQLBqPo_000.pt,data\preprocessed\features\z_v\8X5tGQLBqPo_000.pt
8X5tGQLBqPo_003,mosei_real,0,mosei_8X5tGQLBqPo_003,,,-1,1,1,1,D:\Documents\Programming\Thesis_G10\data\raw\CMU-MOSEI\segments\8X5tGQLBqPo_003.mp4,data\preprocessed\features\z_at\8X5tGQLBqPo_003.pt,data\preprocessed\features\z_v\8X5tGQLBqPo_003.pt
8X5tGQLBqPo_009,mosei_real,0,mosei_8X5tGQLBqPo_009,,,-1,1,1,1,D:\Documents\Programming\Thesis_G10\data\raw\CMU-MOSEI\segments\8X5tGQLBqPo_009.mp4,data\preprocessed\features\z_at\8X5tGQLBqPo_009.pt,data\preprocessed\features\z_v\8X5tGQLBqPo_009.pt
8XZszYrUSCQ_000,mosei_real,0,mosei_8XZszYrUSCQ_000,,,-1,1,1,1,D:\Documents\Programming\Thesis_G10\data\raw\CMU-MOSEI\segments\8XZszYrUSCQ_000.mp4,data\preprocessed\features\z_at\8XZszYrUSCQ_000.pt,data\preprocessed\features\z_v\8XZszYrUSCQ_000.pt
8XZszYrUSCQ_001,mosei_real,0,mosei_8XZszYrUSCQ_001,,,-1,1,1,1,D:\Documents\Programming\Thesis_G10\data\raw\CMU-MOSEI\segments\8XZszYrUSCQ_001.mp4,data\preprocessed\features\z_at\8XZszYrUSCQ_001.pt,data\preprocessed\features\z_v\8XZszYrUSCQ_001.pt
8XZszYrUSCQ_002,mosei_real,0,mosei_8XZszYrUSCQ_002,,,-1,1,1,1,D:\Documents\Programming\Thesis_G10\data\raw\CMU-MOSEI\segments\8XZszYrUSCQ_002.mp4,data\preprocessed\features\z_at\8XZszYrUSCQ_002.pt,data\preprocessed\features\z_v\8XZszYrUSCQ_002.pt
8XZszYrUSCQ_003,mosei_real,0,mosei_8XZszYrUSCQ_003,,,-1,1,1,1,D:\Documents\Programming\Thesis_G10\data\raw\CMU-MOSEI\segments\8XZszYrUSCQ_003.mp4,data\preprocessed\features\z_at\8XZszYrUSCQ_003.pt,data\preprocessed\features\z_v\8XZszYrUSCQ_003.pt
8YsIvz4qnk4_000,mosei_real,0,mosei_8YsIvz4qnk4_000,,,-1,1,1,1,D:\Documents\Programming\Thesis_G10\data\raw\CMU-MOSEI\segments\8YsIvz4qnk4_000.mp4,data\preprocessed\features\z_at\8YsIvz4qnk4_000.pt,data\preprocessed\features\z_v\8YsIvz4qnk4_000.pt
8YsIvz4qnk4_001,mosei_real,0,mosei_8YsIvz4qnk4_001,,,-1,1,1,1,D:\Documents\Programming\Thesis_G10\data\raw\CMU-MOSEI\segments\8YsIvz4qnk4_001.mp4,data\preprocessed\features\z_at\8YsIvz4qnk4_001.pt,data\preprocessed\features\z_v\8YsIvz4qnk4_001.pt
8ovb-GaZ3QE_003,mosei_real,0,mosei_8ovb-GaZ3QE_003,,,-1,1,1,1,D:\Documents\Programming\Thesis_G10\data\raw\CMU-MOSEI\segments\8ovb-GaZ3QE_003.mp4,data\preprocessed\features\z_at\8ovb-GaZ3QE_003.pt,data\preprocessed\features\z_v\8ovb-GaZ3QE_003.pt
