clip_id,source_pipeline,fake_label,speaker_id,audio_emotion,visual_emotion,sarcasm_label,has_z_at,has_z_v,is_ready_for_training,video_path,z_at_path,z_v_path
8ovb-GaZ3QE_006,mosei_real,0,mosei_8ovb-GaZ3QE_006,,,-1,1,1,1,D:\Documents\Programming\Thesis_G10\data\raw\CMU-MOSEI\segments\8ovb-GaZ3QE_006.mp4,data\preprocessed\features\z_at\8ovb-GaZ3QE_006.pt,data\preprocessed\features\z_v\8ovb-GaZ3QE_006.pt
8qCNtqjygW8_000,mosei_real,0,mosei_8qCNtqjygW8_000,,,-1,1,1,1,D:\Documents\Programming\Thesis_G10\data\raw\CMU-MOSEI\segments\8qCNtqjygW8_000.mp4,data\preprocessed\features\z_at\8qCNtqjygW8_000.pt,data\preprocessed\features\z_v\8qCNtqjygW8_000.pt
8qCNtqjygW8_001,mosei_real,0,mosei_8qCNtqjygW8_001,,,-1,1,1,1,D:\Documents\Programming\Thesis_G10\data\raw\CMU-MOSEI\segments\8qCNtqjygW8_001.mp4,data\preprocessed\features\z_at\8qCNtqjygW8_001.pt,data\preprocessed\features\z_v\8qCNtqjygW8_001.pt
8qCNtqjygW8_002,mosei_real,0,mosei_8qCNtqjygW8_002,,,-1,1,1,1,D:\Documents\Programming\Thesis_G10\data\raw\CMU-MOSEI\segments\8qCNtqjygW8_002.mp4,data\preprocessed\features\z_at\8qCNtqjygW8_002.pt,data\preprocessed\features\z_v\8qCNtqjygW8_002.pt
8qCNtqjygW8_004,mosei_real,0,mosei_8qCNtqjygW8_004,,,-1,1,1,1,D:\Documents\Programming\Thesis_G10\data\raw\CMU-MOSEI\segments\8qCNtqjygW8_004.mp4,data\preprocessed\features\z_at\8qCNtqjygW8_004.pt,data\preprocessed\features\z_v\8qCNtqjygW8_004.pt
8qCNtqjygW8_005,mosei_real,0,mosei_8qCNtqjygW8_005,,,-1,1,1,1,D:\Documents\Programming\Thesis_G10\data\raw\CMU-MOSEI\segments\8qCNtqjygW8_005.mp4,data\preprocessed\features\z_at\8qCNtqjygW8_005.pt,data\preprocessed\features\z_v\8qCNtqjygW8_005.pt
8qCNtqjygW8_007,mosei_real,0,mosei_8qCNtqjygW8_007,,,-1,1,1,1,D:\Documents\Programming\Thesis_G10\data\raw\CMU-MOSEI\segments\8qCNtqjygW8_007.mp4,data\preprocessed\features\z_at\8qCNtqjygW8_007.pt,data\preprocessed\features\z_v\8qCNtqjygW8_007.pt
8qCNtqjygW8_008,mosei_real,0,mosei_8qCNtqjygW8_008,,,-1,1,1,1,D:\Documents\Programming\Thesis_G10\data\raw\CMU-MOSEI\segments\8qCNtqjygW8_008.mp4,data\preprocessed\features\z_at\8qCNtqjygW8_008.pt,data\preprocessed\features\z_v\8qCNtqjygW8_008.pt
8qCNtqjygW8_009,mosei_real,0,mosei_8qCNtqjygW8_009,,,-1,1,1,1,D:\Documents\Programming\Thesis_G10\data\raw\CMU-MOSEI\segments\8qCNtqjygW8_009.mp4,data\preprocessed\features\z_at\8qCNtqjygW8_009.pt,data\preprocessed\features\z_v\8qCNtqjygW8_009.pt
8qCNtqjygW8_010,mosei_real,0,mosei_8qCNtqjygW8_010,,,-1,1,1,1,D:\Documents\Programming\Thesis_G10\data\raw\CMU-MOSEI\segments\8qCNtqjygW8_010.mp4,data\preprocessed\features\z_at\8qCNtqjygW8_010.pt,data\preprocessed\features\z_v\8qCNtqjygW8_010.pt
8u5aet7s9_w_000,mosei_real,0,mosei_8u5aet7s9_w_000,,,-1,1,1,1,D:\Documents\Programming\Thesis_G10\data\raw\CMU-MOSEI\segments\8u5aet7s9_w_000.mp4,data\preprocessed\features\z_at\8u5aet7s9_w_000.pt,data\preprocessed\features\z_v\8u5aet7s9_w_000.pt
8u5aet7s9_w_003,mosei_real,0,mosei_8u5aet7s9_w_003,,,-1,1,1,1,D:\Documents\Programming\Thesis_G10\data\raw\CMU-MOSEI\segments\8u5aet7s9_w_003.mp4,data\preprocessed\features\z_at\8u5aet7s9_w_003.pt,data\preprocessed\features\z_v\8u5aet7s9_w_003.pt
8u5aet7s9_w_004,mosei_real,0,mosei_8u5aet7s9_w_004,,,-1,1,1,1,D:\Documents\Programming\Thesis_G10\data\raw\CMU-MOSEI\segments\8u5aet7s9_w_004.mp4,data\preprocessed\features\z_at\8u5aet7s9_w_004.pt,data\preprocessed\features\z_v\8u5aet7s9_w_004.pt
8u5aet7s9_w_007,mosei_real,0,mosei_8u5aet7s9_w_007,,,-1,1,1,1,D:\Documents\Programming\Thesis_G10\data\raw\CMU-MOSEI\segments\8u5aet7s9_w_007.mp4,data\preprocessed\features\z_at\8u5aet7s9_w_007.pt,data\preprocessed\features\z_v\8u5aet7s9_w_007.pt
8vpoQ5UVpXE_000,mosei_real,0,mosei_8vpoQ5UVpXE_000,,,-1,1,1,1,D:\Documents\Programming\Thesis_G10\data\raw\CMU-MOSEI\segments\8vpoQ5UVpXE_000.mp4,data\preprocessed\features\z_at\8vpoQ5UVpXE_000.pt,data\preprocessed\features\z_v\8vpoQ5UVpXE_000.pt
8vpoQ5UVpXE_001,mosei_real,0,mosei_8vpoQ5UVpXE_001,,,-1,1,1,1,D:\Documents\Programming\Thesis_G10\data\raw\CMU-MOSEI\segments\8vpoQ5UVpXE_001.mp4,data\preprocessed\features\z_at\8vpoQ5UVpXE_001.pt,data\preprocessed\features\z_v\8vpoQ5UVpXE_001.pt
8vpoQ5UVpXE_002,mosei_real,0,mosei_8vpoQ5UVpXE_002,,,-1,1,1,1,D:\Documents\Programming\Thesis_G10\data\raw\CMU-MOSEI\segments\8vpoQ5UVpXE_002.mp4,data\preprocessed\features\z_at\8vpoQ5UVpXE_002.pt,data\preprocessed\features\z_v\8vpoQ5UVpXE_002.pt
8vpoQ5UVpXE_003,mosei_real,0,mosei_8vpoQ5UVpXE_003,,,-1,1,1,1,D:\Documents\Programming\Thesis_G10\data\raw\CMU-MOSEI\segments\8vpoQ5UVpXE_003.mp4,data\preprocessed\features\z_at\8vpoQ5UVpXE_003.pt,data\preprocessed\features\z_v\8vpoQ5UVpXE_003.pt
8vpoQ5UVpXE_004,mosei_real,0,mosei_8vpoQ5UVpXE_004,,,-1,1,1,1,D:\Documents\Programming\Thesis_G10\data\raw\CMU-MOSEI\segments\8vpoQ5UVpXE_004.mp4,data\preprocessed\features\z_at\8vpoQ5UVpXE_004.pt,data\preprocessed\features\z_v\8vpoQ5UVpXE_004.pt
8wQhzezNcUY_000,mosei_real,0,mosei_8wQhzezNcUY_000,,,-1,1,1,1,D:\Documents\Programming\Thesis_G10\data\raw\CMU-MOSEI\segments\8wQhzezNcUY_000.mp4,data\preprocessed\features\z_at\8wQhzezNcUY_000.pt,data\preprocessed\features\z_v\8wQhzezNcUY_000.pt
8wQhzezNcUY_003,mosei_real,0,mosei_8wQhzezNcUY_003,,,-1,1,1,1,D:\Documents\Programming\Thesis_G10\data\raw\CMU-MOSEI\segments\8wQhzezNcUY_003.mp4,data\preprocessed\features\z_at\8wQhzezNcUY_003.pt,data\preprocessed\features\z_v\8wQhzezNcUY_003.pt
8wQhzezNcUY_005,mosei_real,0,mosei_8wQhzezNcUY_005,,,-1,1,1,1,D:\Documents\Programming\Thesis_G10\data\raw\CMU-MOSEI\segments\8wQhzezNcUY_005.mp4,data\preprocessed\features\z_at\8wQhzezNcUY_005.pt,data\preprocessed\features\z_v\8wQhzezNcUY_005.pt
8wdxczYf1jI_001,mosei_real,0,mosei_8wdxczYf1jI_001,,,-1,1,1,1,D:\Documents\Programming\Thesis_G10\data\raw\CMU-MOSEI\segments\8wdxczYf1jI_001.mp4,data\preprocessed\features\z_at\8wdxczYf1jI_001.pt,data\preprocessed\features\z_v\8wdxczYf1jI_001.pt
8x81fzwcJko_001,mosei_real,0,mosei_8x81fzwcJko_001,,,-1,1,1,1,D:\Documents\Programming\Thesis_G10\data\raw\CMU-MOSEI\segments\8x81fzwcJko_001.mp4,data\preprocessed\features\z_at\8x81fzwcJko_001.pt,data\preprocessed\features\z_v\8x81fzwcJko_001.pt
8x81fzwcJko_002,mosei_real,0,mosei_8x81fzwcJko_002,,,-1,1,1,1,D:\Documents\Programming\Thesis_G10\data\raw\CMU-MOSEI\segments\8x81fzwcJko_002.mp4,data\preprocessed\features\z_at\8x81fzwcJko_002.pt,data\preprocessed\features\z_v\8x81fzwcJko_002.pt
9-EO2oCAGA4_001,mosei_real,0,mosei_9-EO2oCAGA4_001,,,-1,1,1,1,D:\Documents\Programming\Thesis_G10\data\raw\CMU-MOSEI\segments\9-EO2oCAGA4_001.mp4,data\preprocessed\features\z_at\9-EO2oCAGA4_001.pt,data\preprocessed\features\z_v\9-EO2oCAGA4_001.pt
9-EO2oCAGA4_004,mosei_real,0,mosei_9-EO2oCAGA4_004,,,-1,1,1,1,D:\Documents\Programming\Thesis_G10\data\raw\CMU-MOSEI\segments\9-EO2oCAGA4_004.mp4,data\preprocessed\features\z_at\9-EO2oCAGA4_004.pt,data\preprocessed\features\z_v\9-EO2oCAGA4_004.pt
9-EO2oCAGA4_005,mosei_real,0,mosei_9-EO2oCAGA4_005,,,-1,1,1,1,D:\Documents\Programming\Thesis_G10\data\raw\CMU-MOSEI\segments\9-EO2oCAGA4_005.mp4,data\preprocessed\features\z_at\9-EO2oCAGA4_005.pt,data\preprocessed\features\z_v\9-EO2oCAGA4_005.pt
9-EO2oCAGA4_009,mosei_real,0,mosei_9-EO2oCAGA4_009,,,-1,1,1,1,D:\Documents\Programming\Thesis_G10\data\raw\CMU-MOSEI\segments\9-EO2oCAGA4_009.mp4,data\preprocessed\features\z_at\9-EO2oCAGA4_009.pt,data\preprocessed\features\z_v\9-EO2oCAGA4_009.pt
9-EO2oCAGA4_010,mosei_real,0,mosei_9-EO2oCAGA4_010,,,-1,1,1,1,D:\Documents\Programming\Thesis_G10\data\raw\CMU-MOSEI\segments\9-EO2oCAGA4_010.mp4,data\preprocessed\features\z_at\9-EO2oCAGA4_010.pt,data\preprocessed\features\z_v\9-EO2oCAGA4_010.pt
9-EO2oCAGA4_011,mosei_real,0,mosei_9-EO2oCAGA4_011,,,-1,1,1,1,D:\Documents\Programming\Thesis_G10\data\raw\CMU-MOSEI\segments\9-EO2oCAGA4_011.mp4,data\preprocessed\features\z_at\9-EO2oCAGA4_011.pt,data\preprocessed\features\z_v\9-EO2oCAGA4_011.pt
9-K1CXCXui4_000,mosei_real,0,mosei_9-K1CXCXui4_000,,,-1,1,1,1,D:\Documents\Programming\Thesis_G10\data\raw\CMU-MOSEI\segments\9-K1CXCXui4_000.mp4,data\preprocessed\features\z_at\9-K1CXCXui4_000.pt,data\preprocessed\features\z_v\9-K1CXCXui4_000.pt
9-K1CXCXui4_003,mosei_real,0,mosei_9-K1CXCXui4_003,,,-1,1,1,1,D:\Documents\Programming\Thesis_G10\data\raw\CMU-MOSEI\segments\9-K1CXCXui4_003.mp4,data\preprocessed\features\z_at\9-K1CXCXui4_003.pt,data\preprocessed\features\z_v\9-K1CXCXui4_003.pt
9-K1CXCXui4_008,mosei_real,0,mosei_9-K1CXCXui4_008,,,-1,1,1,1,D:\Documents\Programming\Thesis_G10\data\raw\CMU-MOSEI\segments\9-K1CXCXui4_008.mp4,data\preprocessed\features\z_at\9-K1CXCXui4_008.pt,data\preprocessed\features\z_v\9-K1CXCXui4_008.pt
9-K1CXCXui4_010,mosei_real,0,mosei_9-K1CXCXui4_010,,,-1,1,1,1,D:\Documents\Programming\Thesis_G10\data\raw\CMU-MOSEI\segments\9-K1CXCXui4_010.mp4,data\preprocessed\features\z_at\9-K1CXCXui4_010.pt,data\preprocessed\features\z_v\9-K1CXCXui4_010.pt
9-K1CXCXui4_013,mosei_real,0,mosei_9-K1CXCXui4_013,,,-1,1,1,1,D:\Documents\Programming\Thesis_G10\data\raw\CMU-MOSEI\segments\9-K1CXCXui4_013.mp4,data\preprocessed\features\z_at\9-K1CXCXui4_013.pt,data\preprocessed\features\z_v\9-K1CXCXui4_013.pt
90wZz0thye4_000,mosei_real,0,mosei_90wZz0thye4_000,,,-1,1,1,1,D:\Documents\Programming\Thesis_G10\data\raw\CMU-MOSEI\segments\90wZz0thye4_000.mp4,data\preprocessed\features\z_at\90wZz0thye4_000.pt,data\preprocessed\features\z_v\90wZz0thye4_000.pt
90wZz0thye4_001,mosei_real,0,mosei_90wZz0thye4_001,,,-1,1,1,1,D:\Documents\Programming\Thesis_G10\data\raw\CMU-MOSEI\segments\90wZz0thye4_001.mp4,data\preprocessed\features\z_at\90wZz0thye4_001.pt,data\preprocessed\features\z_v\90wZz0thye4_001.pt
90wZz0thye4_004,mosei_real,0,mosei_90wZz0thye4_004,,,-1,1,1,1,D:\Documents\Programming\Thesis_G10\data\raw\CMU-MOSEI\segments\90wZz0thye4_004.mp4,data\preprocessed\features\z_at\90wZz0thye4_004.pt,data\preprocessed\features\z_v\90wZz0thye4_004.pt
90wZz0thye4_005,mosei_real,0,mosei_90wZz0thye4_005,,,-1,1,1,1,D:\Documents\Programming\Thesis_G10\data\raw\CMU-MOSEI\segments\90wZz0thye4_005.mp4,data\preprocessed\features\z_at\90wZz0thye4_005.pt,data\preprocessed\features\z_v\90wZz0thye4_005.pt
92tWNUhG9DY_000,mosei_real,0,mosei_92tWNUhG9DY_000,,,-1,1,1,1,D:\Documents\Programming\Thesis_G10\data\raw\CMU-MOSEI\segments\92tWNUhG9DY_000.mp4,data\preprocessed\features\z_at\92tWNUhG9DY_000.pt,data\preprocessed\features\z_v\92tWNUhG9DY_000.pt
92tWNUhG9DY_001,mosei_real,0,mosei_92tWNUhG9DY_001,,,-1,1,1,1,D:\Documents\Programming\Thesis_G10\data\raw\CMU-MOSEI\segments\92tWNUhG9DY_001.mp4,data\preprocessed\features\z_at\92tWNUhG9DY_001.pt,data\preprocessed\features\z_v\92tWNUhG9DY_001.pt
92tWNUhG9DY_003,mosei_real,0,mosei_92tWNUhG9DY_003,,,-1,1,1,1,D:\Documents\Programming\Thesis_G10\data\raw\CMU-MOSEI\segments\92tWNUhG9DY_003.mp4,data\preprocessed\features\z_at\92tWNUhG9DY_003.pt,data\preprocessed\features\z_v\92tWNUhG9DY_003.pt
92tWNUhG9DY_004,mosei_real,0,mosei_92tWNUhG9DY_004,,,-1,1,1,1,D:\Documents\Programming\Thesis_G10\data\raw\CMU-MOSEI\segments\92tWNUhG9DY_004.mp4,data\preprocessed\features\z_at\92tWNUhG9DY_004.pt,data\preprocessed\features\z_v\92tWNUhG9DY_004.pt
92tWNUhG9DY_005,mosei_real,0,mosei_92tWNUhG9DY_005,,,-1,1,1,1,D:\Documents\Programming\Thesis_G10\data\raw\CMU-MOSEI\segments\92tWNUhG9DY_005.mp4,data\preprocessed\features\z_at\92tWNUhG9DY_005.pt,data\preprocessed\features\z_v\92tWNUhG9DY_005.pt
92tWNUhG9DY_006,mosei_real,0,mosei_92tWNUhG9DY_006,,,-1,1,1,1,D:\Documents\Programming\Thesis_G10\data\raw\CMU-MOSEI\segments\92tWNUhG9DY_006.mp4,data\preprocessed\features\z_at\92tWNUhG9DY_006.pt,data\preprocessed\features\z_v\92tWNUhG9DY_006.pt
94ULum9MYX0_000,mosei_real,0,mosei_94ULum9MYX0_000,,,-1,1,1,1,D:\Documents\Programming\Thesis_G10\data\raw\CMU-MOSEI\segments\94ULum9MYX0_000.mp4,data\preprocessed\features\z_at\94ULum9MYX0_000.pt,data\preprocessed\features\z_v\94ULum9MYX0_000.pt
95mDHiLeDCM_000,mosei_real,0,mosei_95mDHiLeDCM_000,,,-1,1,1,1,D:\Documents\Programming\Thesis_G10\data\raw\CMU-MOSEI\segments\95mDHiLeDCM_000.mp4,data\preprocessed\features\z_at\95mDHiLeDCM_000.pt,data\preprocessed\features\z_v\95mDHiLeDCM_000.pt
95mDHiLeDCM_001,mosei_real,0,mosei_95mDHiLeDCM_001,,,-1,1,1,1,D:\Documents\Programming\Thesis_G10\data\raw\CMU-MOSEI\segments\95mDHiLeDCM_001.mp4,data\preprocessed\features\z_at\95mDHiLeDCM_001.pt,data\preprocessed\features\z_v\95mDHiLeDCM_001.pt
95mDHiLeDCM_003,mosei_real,0,mosei_95mDHiLeDCM_003,,,-1,1,1,1,D:\Documents\Programming\Thesis_G10\data\raw\CMU-MOSEI\segments\95mDHiLeDCM_003.mp4,data\preprocessed\features\z_at\95mDHiLeDCM_003.pt,data\preprocessed\features\z_v\95mDHiLeDCM_003.pt
984VkHzXl8w_000,mosei_real,0,mosei_984VkHzXl8w_000,,,-1,1,1,1,D:\Documents\Programming\Thesis_G10\data\raw\CMU-MOSEI\segments\984VkHzXl8w_000.mp4,data\preprocessed\features\z_at\984VkHzXl8w_000.pt,data\preprocessed\features\z_v\984VkHzXl8w_000.pt
984VkHzXl8w_001,mosei_real,0,mosei_984VkHzXl8w_001,,,-1,1,1,1,D:\Documents\Programming\Thesis_G10\data\raw\CMU-MOSEI\segments\984VkHzXl8w_001.mp4,data\preprocessed\features\z_at\984VkHzXl8w_001.pt,data\preprocessed\features\z_v\984VkHzXl8w_001.pt
984VkHzXl8w_002,mosei_real,0,mosei_984VkHzXl8w_002,,,-1,1,1,1,D:\Documents\Programming\Thesis_G10\data\raw\CMU-MOSEI\segments\984VkHzXl8w_002.mp4,data\preprocessed\features\z_at\984VkHzXl8w_002.pt,data\preprocessed\features\z_v\984VkHzXl8w_002.pt
984VkHzXl8w_005,mosei_real,0,mosei_984VkHzXl8w_005,,,-1,1,1,1,D:\Documents\Programming\Thesis_G10\data\raw\CMU-MOSEI\segments\984VkHzXl8w_005.mp4,data\preprocessed\features\z_at\984VkHzXl8w_005.pt,data\preprocessed\features\z_v\984VkHzXl8w_005.pt
9GzFQBljNIY_000,mosei_real,0,mosei_9GzFQBljNIY_000,,,-1,1,1,1,D:\Documents\Programming\Thesis_G10\data\raw\CMU-MOSEI\segments\9GzFQBljNIY_000.mp4,data\preprocessed\features\z_at\9GzFQBljNIY_000.pt,data\preprocessed\features\z_v\9GzFQBljNIY_000.pt
9GzFQBljNIY_001,mosei_real,0,mosei_9GzFQBljNIY_001,,,-1,1,1,1,D:\Documents\Programming\Thesis_G10\data\raw\CMU-MOSEI\segments\9GzFQBljNIY_001.mp4,data\preprocessed\features\z_at\9GzFQBljNIY_001.pt,data\preprocessed\features\z_v\9GzFQBljNIY_001.pt
9GzFQBljNIY_002,mosei_real,0,mosei_9GzFQBljNIY_002,,,-1,1,1,1,D:\Documents\Programming\Thesis_G10\data\raw\CMU-MOSEI\segments\9GzFQBljNIY_002.mp4,data\preprocessed\features\z_at\9GzFQBljNIY_002.pt,data\preprocessed\features\z_v\9GzFQBljNIY_002.pt
9GzFQBljNIY_005,mosei_real,0,mosei_9GzFQBljNIY_005,,,-1,1,1,1,D:\Documents\Programming\Thesis_G10\data\raw\CMU-MOSEI\segments\9GzFQBljNIY_005.mp4,data\preprocessed\features\z_at\9GzFQBljNIY_005.pt,data\preprocessed\features\z_v\9GzFQBljNIY_005.pt
9JqwFRCTKOM_000,mosei_real,0,mosei_9JqwFRCTKOM_000,,,-1,1,1,1,D:\Documents\Programming\Thesis_G10\data\raw\CMU-MOSEI\segments\9JqwFRCTKOM_000.mp4,data\preprocessed\features\z_at\9JqwFRCTKOM_000.pt,data\preprocessed\features\z_v\9JqwFRCTKOM_000.pt
9K4aWWoXuyU_000,mosei_real,0,mosei_9K4aWWoXuyU_000,,,-1,1,1,1,D:\Documents\Programming\Thesis_G10\data\raw\CMU-MOSEI\segments\9K4aWWoXuyU_000.mp4,data\preprocessed\features\z_at\9K4aWWoXuyU_000.pt,data\preprocessed\features\z_v\9K4aWWoXuyU_000.pt
9K5mYSaoBL4_002,mosei_real,0,mosei_9K5mYSaoBL4_002,,,-1,1,1,1,D:\Documents\Programming\Thesis_G10\data\raw\CMU-MOSEI\segments\9K5mYSaoBL4_002.mp4,data\preprocessed\features\z_at\9K5mYSaoBL4_002.pt,data\preprocessed\features\z_v\9K5mYSaoBL4_002.pt
9K5mYSaoBL4_003,mosei_real,0,mosei_9K5mYSaoBL4_003,,,-1,1,1,1,D:\Documents\Programming\Thesis_G10\data\raw\CMU-MOSEI\segments\9K5mYSaoBL4_003.mp4,data\preprocessed\features\z_at\9K5mYSaoBL4_003.pt,data\preprocessed\features\z_v\9K5mYSaoBL4_003.pt
9K5mYSaoBL4_005,mosei_real,0,mosei_9K5mYSaoBL4_005,,,-1,1,1,1,D:\Documents\Programming\Thesis_G10\data\raw\CMU-MOSEI\segments\9K5mYSaoBL4_005.mp4,data\preprocessed\features\z_at\9K5mYSaoBL4_005.pt,data\preprocessed\features\z_v\9K5mYSaoBL4_005.pt
9K5mYSaoBL4_006,mosei_real,0,mosei_9K5mYSaoBL4_006,,,-1,1,1,1,D:\Documents\Programming\Thesis_G10\data\raw\CMU-MOSEI\segments\9K5mYSaoBL4_006.mp4,data\preprocessed\features\z_at\9K5mYSaoBL4_006.pt,data\preprocessed\features\z_v\9K5mYSaoBL4_006.pt
9K5mYSaoBL4_007,mosei_real,0,mosei_9K5mYSaoBL4_007,,,-1,1,1,1,D:\Documents\Programming\Thesis_G10\data\raw\CMU-MOSEI\segments\9K5mYSaoBL4_007.mp4,data\preprocessed\features\z_at\9K5mYSaoBL4_007.pt,data\preprocessed\features\z_v\9K5mYSaoBL4_007.pt
9OY3NU2ycVw_003,mosei_real,0,mosei_9OY3NU2ycVw_003,,,-1,1,1,1,D:\Documents\Programming\Thesis_G10\data\raw\CMU-MOSEI\segments\9OY3NU2ycVw_003.mp4,data\preprocessed\features\z_at\9OY3NU2ycVw_003.pt,data\preprocessed\features\z_v\9OY3NU2ycVw_003.pt
9OY3NU2ycVw_004,mosei_real,0,mosei_9OY3NU2ycVw_004,,,-1,1,1,1,D:\Documents\Programming\Thesis_G10\data\raw\CMU-MOSEI\segments\9OY3NU2ycVw_004.mp4,data\preprocessed\features\z_at\9OY3NU2ycVw_004.pt,data\preprocessed\features\z_v\9OY3NU2ycVw_004.pt
9OY3NU2ycVw_005,mosei_real,0,mosei_9OY3NU2ycVw_005,,,-1,1,1,1,D:\Documents\Programming\Thesis_G10\data\raw\CMU-MOSEI\segments\9OY3NU2ycVw_005.mp4,data\preprocessed\features\z_at\9OY3NU2ycVw_005.pt,data\preprocessed\features\z_v\9OY3NU2ycVw_005.pt
9OY3NU2ycVw_006,mosei_real,0,mosei_9OY3NU2ycVw_006,,,-1,1,1,1,D:\Documents\Programming\Thesis_G10\data\raw\CMU-MOSEI\segments\9OY3NU2ycVw_006.mp4,data\preprocessed\features\z_at\9OY3NU2ycVw_006.pt,data\preprocessed\features\z_v\9OY3NU2ycVw_006.pt
9OY3NU2ycVw_007,mosei_real,0,mosei_9OY3NU2ycVw_007,,,-1,1,1,1,D:\Documents\Programming\Thesis_G10\data\raw\CMU-MOSEI\segments\9OY3NU2ycVw_007.mp4,data\preprocessed\features\z_at\9OY3NU2ycVw_007.pt,data\preprocessed\features\z_v\9OY3NU2ycVw_007.pt
9OY3NU2ycVw_008,mosei_real,0,mosei_9OY3NU2ycVw_008,,,-1,1,1,1,D:\Documents\Programming\Thesis_G10\data\raw\CMU-MOSEI\segments\9OY3NU2ycVw_008.mp4,data\preprocessed\features\z_at\9OY3NU2ycVw_008.pt,data\preprocessed\features\z_v\9OY3NU2ycVw_008.pt
9PzZSheh10U_001,mosei_real,0,mosei_9PzZSheh10U_001,,,-1,1,1,1,D:\Documents\Programming\Thesis_G10\data\raw\CMU-MOSEI\segments\9PzZSheh10U_001.mp4,data\preprocessed\features\z_at\9PzZSheh10U_001.pt,data\preprocessed\features\z_v\9PzZSheh10U_001.pt
9PzZSheh10U_002,mosei_real,0,mosei_9PzZSheh10U_002,,,-1,1,1,1,D:\Documents\Programming\Thesis_G10\data\raw\CMU-MOSEI\segments\9PzZSheh10U_002.mp4,data\preprocessed\features\z_at\9PzZSheh10U_002.pt,data\preprocessed\features\z_v\9PzZSheh10U_002.pt
9PzZSheh10U_006,mosei_real,0,mosei_9PzZSheh10U_006,,,-1,1,1,1,D:\Documents\Programming\Thesis_G10\data\raw\CMU-MOSEI\segments\9PzZSheh10U_006.mp4,data\preprocessed\features\z_at\9PzZSheh10U_006.pt,data\preprocessed\features\z_v\9PzZSheh10U_006.pt
9PzZSheh10U_007,mosei_real,0,mosei_9PzZSheh10U_007,,,-1,1,1,1,D:\Documents\Programming\Thesis_G10\data\raw\CMU-MOSEI\segments\9PzZSheh10U_007.mp4,data\preprocessed\features\z_at\9PzZSheh10U_007.pt,data\preprocessed\features\z_v\9PzZSheh10U_007.pt
9PzZSheh10U_011,mosei_real,0,mosei_9PzZSheh10U_011,,,-1,1,1,1,D:\Documents\Programming\Thesis_G10\data\raw\CMU-MOSEI\segments\9PzZSheh10U_011.mp4,data\preprocessed\features\z_at\9PzZSheh10U_011.pt,data\preprocessed\features\z_v\9PzZSheh10U_011.pt
9PzZSheh10U_012,mosei_real,0,mosei_9PzZSheh10U_012,,,-1,1,1,1,D:\Documents\Programming\Thesis_G10\data\raw\CMU-MOSEI\segments\9PzZSheh10U_012.mp4,data\preprocessed\features\z_at\9PzZSheh10U_012.pt,data\preprocessed\features\z_v\9PzZSheh10U_012.pt
9PzZSheh10U_013,mosei_real,0,mosei_9PzZSheh10U_013,,,-1,1,1,1,D:\Documents\Programming\Thesis_G10\data\raw\CMU-MOSEI\segments\9PzZSheh10U_013.mp4,data\preprocessed\features\z_at\9PzZSheh10U_013.pt,data\preprocessed\features\z_v\9PzZSheh10U_013.pt
9PzZSheh10U_014,mosei_real,0,mosei_9PzZSheh10U_014,,,-1,1,1,1,D:\Documents\Programming\Thesis_G10\data\raw\CMU-MOSEI\segments\9PzZSheh10U_014.mp4,data\preprocessed\features\z_at\9PzZSheh10U_014.pt,data\preprocessed\features\z_v\9PzZSheh10U_014.pt
9PzZSheh10U_019,mosei_real,0,mosei_9PzZSheh10U_019,,,-1,1,1,1,D:\Documents\Programming\Thesis_G10\data\raw\CMU-MOSEI\segments\9PzZSheh10U_019.mp4,data\preprocessed\features\z_at\9PzZSheh10U_019.pt,data\preprocessed\features\z_v\9PzZSheh10U_019.pt
9PzZSheh10U_020,mosei_real,0,mosei_9PzZSheh10U_020,,,-1,1,1,1,D:\Documents\Programming\Thesis_G10\data\raw\CMU-MOSEI\segments\9PzZSheh10U_020.mp4,data\preprocessed\features\z_at\9PzZSheh10U_020.pt,data\preprocessed\features\z_v\9PzZSheh10U_020.pt
9PzZSheh10U_021,mosei_real,0,mosei_9PzZSheh10U_021,,,-1,1,1,1,D:\Documents\Programming\Thesis_G10\data\raw\CMU-MOSEI\segments\9PzZSheh10U_021.mp4,data\preprocessed\features\z_at\9PzZSheh10U_021.pt,data\preprocessed\features\z_v\9PzZSheh10U_021.pt
9PzZSheh10U_022,mosei_real,0,mosei_9PzZSheh10U_022,,,-1,1,1,1,D:\Documents\Programming\Thesis_G10\data\raw\CMU-MOSEI\segments\9PzZSheh10U_022.mp4,data\preprocessed\features\z_at\9PzZSheh10U_022.pt,data\preprocessed\features\z_v\9PzZSheh10U_022.pt
9PzZSheh10U_023,mosei_real,0,mosei_9PzZSheh10U_023,,,-1,1,1,1,D:\Documents\Programming\Thesis_G10\data\raw\CMU-MOSEI\segments\9PzZSheh10U_023.mp4,data\preprocessed\features\z_at\9PzZSheh10U_023.pt,data\preprocessed\features\z_v\9PzZSheh10U_023.pt
9PzZSheh10U_025,mosei_real,0,mosei_9PzZSheh10U_025,,,-1,1,1,1,D:\Documents\Programming\Thesis_G10\data\raw\CMU-MOSEI\segments\9PzZSheh10U_025.mp4,data\preprocessed\features\z_at\9PzZSheh10U_025.pt,data\preprocessed\features\z_v\9PzZSheh10U_025.pt
9PzZSheh10U_027,mosei_real,0,mosei_9PzZSheh10U_027,,,-1,1,1,1,D:\Documents\Programming\Thesis_G10\data\raw\CMU-MOSEI\segments\9PzZSheh10U_027.mp4,data\preprocessed\features\z_at\9PzZSheh10U_027.pt,data\preprocessed\features\z_v\9PzZSheh10U_027.pt
9PzZSheh10U_028,mosei_real,0,mosei_9PzZSheh10U_028,,,-1,1,1,1,D:\Documents\Programming\Thesis_G10\data\raw\CMU-MOSEI\segments\9PzZSheh10U_028.mp4,data\preprocessed\features\z_at\9PzZSheh10U_028.pt,data\preprocessed\features\z_v\9PzZSheh10U_028.pt
9PzZSheh10U_029,mosei_real,0,mosei_9PzZSheh10U_029,,,-1,1,1,1,D:\Documents\Programming\Thesis_G10\data\raw\CMU-MOSEI\segments\9PzZSheh10U_029.mp4,data\preprocessed\features\z_at\9PzZSheh10U_029.pt,data\preprocessed\features\z_v\9PzZSheh10U_029.pt
9PzZSheh10U_030,mosei_real,0,mosei_9PzZSheh10U_030,,,-1,1,1,1,D:\Documents\Programming\Thesis_G10\data\raw\CMU-MOSEI\segments\9PzZSheh10U_030.mp4,data\preprocessed\features\z_at\9PzZSheh10U_030.pt,data\preprocessed\features\z_v\9PzZSheh10U_030.pt
9QI-9w_VdB4_001,mosei_real,0,mosei_9QI-9w_VdB4_001,,,-1,1,1,1,D:\Documents\Programming\Thesis_G10\data\raw\CMU-MOSEI\segments\9QI-9w_VdB4_001.mp4,data\preprocessed\features\z_at\9QI-9w_VdB4_001.pt,data\preprocessed\features\z_v\9QI-9w_VdB4_001.pt
9QI-9w_VdB4_002,mosei_real,0,mosei_9QI-9w_VdB4_002,,,-1,1,1,1,D:\Documents\Programming\Thesis_G10\data\raw\CMU-MOSEI\segments\9QI-9w_VdB4_002.mp4,data\preprocessed\features\z_at\9QI-9w_VdB4_002.pt,data\preprocessed\features\z_v\9QI-9w_VdB4_002.pt
9bAgEmihzLs_000,mosei_real,0,mosei_9bAgEmihzLs_000,,,-1,1,1,1,D:\Documents\Programming\Thesis_G10\data\raw\CMU-MOSEI\segments\9bAgEmihzLs_000.mp4,data\preprocessed\features\z_at\9bAgEmihzLs_000.pt,data\preprocessed\features\z_v\9bAgEmihzLs_000.pt
9bAgEmihzLs_002,mosei_real,0,mosei_9bAgEmihzLs_002,,,-1,1,1,1,D:\Documents\Programming\Thesis_G10\data\raw\CMU-MOSEI\segments\9bAgEmihzLs_002.mp4,data\preprocessed\features\z_at\9bAgEmihzLs_002.pt,data\preprocessed\features\z_v\9bAgEmihzLs_002.pt
9cSJglGi9Pg_000,mosei_real,0,mosei_9cSJglGi9Pg_000,,,-1,1,1,1,D:\Documents\Programming\Thesis_G10\data\raw\CMU-MOSEI\segments\9cSJglGi9Pg_000.mp4,data\preprocessed\features\z_at\9cSJglGi9Pg_000.pt,data\preprocessed\features\z_v\9cSJglGi9Pg_000.pt
9cSJglGi9Pg_002,mosei_real,0,mosei_9cSJglGi9Pg_002,,,-1,1,1,1,D:\Documents\Programming\Thesis_G10\data\raw\CMU-MOSEI\segments\9cSJglGi9Pg_002.mp4,data\preprocessed\features\z_at\9cSJglGi9Pg_002.pt,data\preprocessed\features\z_v\9cSJglGi9Pg_002.pt
9cSJglGi9Pg_005,mosei_real,0,mosei_9cSJglGi9Pg_005,,,-1,1,1,1,D:\Documents\Programming\Thesis_G10\data\raw\CMU-MOSEI\segments\9cSJglGi9Pg_005.mp4,data\preprocessed\features\z_at\9cSJglGi9Pg_005.pt,data\preprocessed\features\z_v\9cSJglGi9Pg_005.pt
9cSJglGi9Pg_007,mosei_real,0,mosei_9cSJglGi9Pg_007,,,-1,1,1,1,D:\Documents\Programming\Thesis_G10\data\raw\CMU-MOSEI\segments\9cSJglGi9Pg_007.mp4,data\preprocessed\features\z_at\9cSJglGi9Pg_007.pt,data\preprocessed\features\z_v\9cSJglGi9Pg_007.pt
9cSJglGi9Pg_008,mosei_real,0,mosei_9cSJglGi9Pg_008,,,-1,1,1,1,D:\Documents\Programming\Thesis_G10\data\raw\CMU-MOSEI\segments\9cSJglGi9Pg_008.mp4,data\preprocessed\features\z_at\9cSJglGi9Pg_008.pt,data\preprocessed\features\z_v\9cSJglGi9Pg_008.pt
9cSJglGi9Pg_010,mosei_real,0,mosei_9cSJglGi9Pg_010,,,-1,1,1,1,D:\Documents\Programming\Thesis_G10\data\raw\CMU-MOSEI\segments\9cSJglGi9Pg_010.mp4,data\preprocessed\features\z_at\9cSJglGi9Pg_010.pt,data\preprocessed\features\z_v\9cSJglGi9Pg_010.pt
9cSJglGi9Pg_012,mosei_real,0,mosei_9cSJglGi9Pg_012,,,-1,1,1,1,D:\Documents\Programming\Thesis_G10\data\raw\CMU-MOSEI\segments\9cSJglGi9Pg_012.mp4,data\preprocessed\features\z_at\9cSJglGi9Pg_012.pt,data\preprocessed\features\z_v\9cSJglGi9Pg_012.pt
9cSJglGi9Pg_013,mosei_real,0,mosei_9cSJglGi9Pg_013,,,-1,1,1,1,D:\Documents\Programming\Thesis_G10\data\raw\CMU-MOSEI\segments\9cSJglGi9Pg_013.mp4,data\preprocessed\features\z_at\9cSJglGi9Pg_013.pt,data\preprocessed\features\z_v\9cSJglGi9Pg_013.pt
9cxlcpbmrH0_001,mosei_real,0,mosei_9cxlcpbmrH0_001,,,-1,1,1,1,D:\Documents\Programming\Thesis_G10\data\raw\CMU-MOSEI\segments\9cxlcpbmrH0_001.mp4,data\preprocessed\features\z_at\9cxlcpbmrH0_001.pt,data\preprocessed\features\z_v\9cxlcpbmrH0_001.pt
9cxlcpbmrH0_003,mosei_real,0,mosei_9cxlcpbmrH0_003,,,-1,1,1,1,D:\Documents\Programming\Thesis_G10\data\raw\CMU-MOSEI\segments\9cxlcpbmrH0_003.mp4,data\preprocessed\features\z_at\9cxlcpbmrH0_003.pt,data\preprocessed\features\z_v\9cxlcpbmrH0_003.pt
9cxlcpbmrH0_005,mosei_real,0,mosei_9cxlcpbmrH0_005,,,-1,1,1,1,D:\Documents\Programming\Thesis_G10\data\raw\CMU-MOSEI\segments\9cxlcpbmrH0_005.mp4,data\preprocessed\features\z_at\9cxlcpbmrH0_005.pt,data\preprocessed\features\z_v\9cxlcpbmrH0_005.pt
9cxlcpbmrH0_008,mosei_real,0,mosei_9cxlcpbmrH0_008,,,-1,1,1,1,D:\Documents\Programming\Thesis_G10\data\raw\CMU-MOSEI\segments\9cxlcpbmrH0_008.mp4,data\preprocessed\features\z_at\9cxlcpbmrH0_008.pt,data\preprocessed\features\z_v\9cxlcpbmrH0_008.pt
9f6A3ucYArQ_000,mosei_real,0,mosei_9f6A3ucYArQ_000,,,-1,1,1,1,D:\Documents\Programming\Thesis_G10\data\raw\CMU-MOSEI\segments\9f6A3ucYArQ_000.mp4,data\preprocessed\features\z_at\9f6A3ucYArQ_000.pt,data\preprocessed\features\z_v\9f6A3ucYArQ_000.pt
9f6A3ucYArQ_001,mosei_real,0,mosei_9f6A3ucYArQ_001,,,-1,1,1,1,D:\Documents\Programming\Thesis_G10\data\raw\CMU-MOSEI\segments\9f6A3ucYArQ_001.mp4,data\preprocessed\features\z_at\9f6A3ucYArQ_001.pt,data\preprocessed\features\z_v\9f6A3ucYArQ_001.pt
9f6A3ucYArQ_002,mosei_real,0,mosei_9f6A3ucYArQ_002,,,-1,1,1,1,D:\Documents\Programming\Thesis_G10\data\raw\CMU-MOSEI\segments\9f6A3ucYArQ_002.mp4,data\preprocessed\features\z_at\9f6A3ucYArQ_002.pt,data\preprocessed\features\z_v\9f6A3ucYArQ_002.pt
9f6A3ucYArQ_003,mosei_real,0,mosei_9f6A3ucYArQ_003,,,-1,1,1,1,D:\Documents\Programming\Thesis_G10\data\raw\CMU-MOSEI\segments\9f6A3ucYArQ_003.mp4,data\preprocessed\features\z_at\9f6A3ucYArQ_003.pt,data\preprocessed\features\z_v\9f6A3ucYArQ_003.pt
9kLNVTm3Z90_000,mosei_real,0,mosei_9kLNVTm3Z90_000,,,-1,1,1,1,D:\Documents\Programming\Thesis_G10\data\raw\CMU-MOSEI\segments\9kLNVTm3Z90_000.mp4,data\preprocessed\features\z_at\9kLNVTm3Z90_000.pt,data\preprocessed\features\z_v\9kLNVTm3Z90_000.pt
9kLNVTm3Z90_001,mosei_real,0,mosei_9kLNVTm3Z90_001,,,-1,1,1,1,D:\Documents\Programming\Thesis_G10\data\raw\CMU-MOSEI\segments\9kLNVTm3Z90_001.mp4,data\preprocessed\features\z_at\9kLNVTm3Z90_001.pt,data\preprocessed\features\z_v\9kLNVTm3Z90_001.pt
9pdyTplXwM4_000,mosei_real,0,mosei_9pdyTplXwM4_000,,,-1,1,1,1,D:\Documents\Programming\Thesis_G10\data\raw\CMU-MOSEI\segments\9pdyTplXwM4_000.mp4,data\preprocessed\features\z_at\9pdyTplXwM4_000.pt,data\preprocessed\features\z_v\9pdyTplXwM4_000.pt
9pdyTplXwM4_001,mosei_real,0,mosei_9pdyTplXwM4_001,,,-1,1,1,1,D:\Documents\Programming\Thesis_G10\data\raw\CMU-MOSEI\segments\9pdyTplXwM4_001.mp4,data\preprocessed\features\z_at\9pdyTplXwM4_001.pt,data\preprocessed\features\z_v\9pdyTplXwM4_001.pt
9pdyTplXwM4_002,mosei_real,0,mosei_9pdyTplXwM4_002,,,-1,1,1,1,D:\Documents\Programming\Thesis_G10\data\raw\CMU-MOSEI\segments\9pdyTplXwM4_002.mp4,data\preprocessed\features\z_at\9pdyTplXwM4_002.pt,data\preprocessed\features\z_v\9pdyTplXwM4_002.pt
9pdyTplXwM4_004,mosei_real,0,mosei_9pdyTplXwM4_004,,,-1,1,1,1,D:\Documents\Programming\Thesis_G10\data\raw\CMU-MOSEI\segments\9pdyTplXwM4_004.mp4,data\preprocessed\features\z_at\9pdyTplXwM4_004.pt,data\preprocessed\features\z_v\9pdyTplXwM4_004.pt
9pdyTplXwM4_005,mosei_real,0,mosei_9pdyTplXwM4_005,,,-1,1,1,1,D:\Documents\Programming\Thesis_G10\data\raw\CMU-MOSEI\segments\9pdyTplXwM4_005.mp4,data\preprocessed\features\z_at\9pdyTplXwM4_005.pt,data\preprocessed\features\z_v\9pdyTplXwM4_005.pt
9pdyTplXwM4_006,mosei_real,0,mosei_9pdyTplXwM4_006,,,-1,1,1,1,D:\Documents\Programming\Thesis_G10\data\raw\CMU-MOSEI\segments\9pdyTplXwM4_006.mp4,data\preprocessed\features\z_at\9pdyTplXwM4_006.pt,data\preprocessed\features\z_v\9pdyTplXwM4_006.pt
9pzn93kdP_g_000,mosei_real,0,mosei_9pzn93kdP_g_000,,,-1,1,1,1,D:\Documents\Programming\Thesis_G10\data\raw\CMU-MOSEI\segments\9pzn93kdP_g_000.mp4,data\preprocessed\features\z_at\9pzn93kdP_g_000.pt,data\preprocessed\features\z_v\9pzn93kdP_g_000.pt
9pzn93kdP_g_005,mosei_real,0,mosei_9pzn93kdP_g_005,,,-1,1,1,1,D:\Documents\Programming\Thesis_G10\data\raw\CMU-MOSEI\segments\9pzn93kdP_g_005.mp4,data\preprocessed\features\z_at\9pzn93kdP_g_005.pt,data\preprocessed\features\z_v\9pzn93kdP_g_005.pt
9pzn93kdP_g_006,mosei_real,0,mosei_9pzn93kdP_g_006,,,-1,1,1,1,D:\Documents\Programming\Thesis_G10\data\raw\CMU-MOSEI\segments\9pzn93kdP_g_006.mp4,data\preprocessed\features\z_at\9pzn93kdP_g_006.pt,data\preprocessed\features\z_v\9pzn93kdP_g_006.pt
9zBj8VkRBpE_000,mosei_real,0,mosei_9zBj8VkRBpE_000,,,-1,1,1,1,D:\Documents\Programming\Thesis_G10\data\raw\CMU-MOSEI\segments\9zBj8VkRBpE_000.mp4,data\preprocessed\features\z_at\9zBj8VkRBpE_000.pt,data\preprocessed\features\z_v\9zBj8VkRBpE_000.pt
9zBj8VkRBpE_004,mosei_real,0,mosei_9zBj8VkRBpE_004,,,-1,1,1,1,D:\Documents\Programming\Thesis_G10\data\raw\CMU-MOSEI\segments\9zBj8VkRBpE_004.mp4,data\preprocessed\features\z_at\9zBj8VkRBpE_004.pt,data\preprocessed\features\z_v\9zBj8VkRBpE_004.pt
9zWeMrfr-l0_000,mosei_real,0,mosei_9zWeMrfr-l0_000,,,-1,1,1,1,D:\Documents\Programming\Thesis_G10\data\raw\CMU-MOSEI\segments\9zWeMrfr-l0_000.mp4,data\preprocessed\features\z_at\9zWeMrfr-l0_000.pt,data\preprocessed\features\z_v\9zWeMrfr-l0_000.pt
9zWeMrfr-l0_002,mosei_real,0,mosei_9zWeMrfr-l0_002,,,-1,1,1,1,D:\Documents\Programming\Thesis_G10\data\raw\CMU-MOSEI\segments\9zWeMrfr-l0_002.mp4,data\preprocessed\features\z_at\9zWeMrfr-l0_002.pt,data\preprocessed\features\z_v\9zWeMrfr-l0_002.pt
9zWeMrfr-l0_003,mosei_real,0,mosei_9zWeMrfr-l0_003,,,-1,1,1,1,D:\Documents\Programming\Thesis_G10\data\raw\CMU-MOSEI\segments\9zWeMrfr-l0_003.mp4,data\preprocessed\features\z_at\9zWeMrfr-l0_003.pt,data\preprocessed\features\z_v\9zWeMrfr-l0_003.pt
9zWeMrfr-l0_004,mosei_real,0,mosei_9zWeMrfr-l0_004,,,-1,1,1,1,D:\Documents\Programming\Thesis_G10\data\raw\CMU-MOSEI\segments\9zWeMrfr-l0_004.mp4,data\preprocessed\features\z_at\9zWeMrfr-l0_004.pt,data\preprocessed\features\z_v\9zWeMrfr-l0_004.pt
A2E78CGi5TU_004,mosei_real,0,mosei_A2E78CGi5TU_004,,,-1,1,1,1,D:\Documents\Programming\Thesis_G10\data\raw\CMU-MOSEI\segments\A2E78CGi5TU_004.mp4,data\preprocessed\features\z_at\A2E78CGi5TU_004.pt,data\preprocessed\features\z_v\A2E78CGi5TU_004.pt
A2E78CGi5TU_005,mosei_real,0,mosei_A2E78CGi5TU_005,,,-1,1,1,1,D:\Documents\Programming\Thesis_G10\data\raw\CMU-MOSEI\segments\A2E78CGi5TU_005.mp4,data\preprocessed\features\z_at\A2E78CGi5TU_005.pt,data\preprocessed\features\z_v\A2E78CGi5TU_005.pt
A2E78CGi5TU_006,mosei_real,0,mosei_A2E78CGi5TU_006,,,-1,1,1,1,D:\Documents\Programming\Thesis_G10\data\raw\CMU-MOSEI\segments\A2E78CGi5TU_006.mp4,data\preprocessed\features\z_at\A2E78CGi5TU_006.pt,data\preprocessed\features\z_v\A2E78CGi5TU_006.pt
A2E78CGi5TU_007,mosei_real,0,mosei_A2E78CGi5TU_007,,,-1,1,1,1,D:\Documents\Programming\Thesis_G10\data\raw\CMU-MOSEI\segments\A2E78CGi5TU_007.mp4,data\preprocessed\features\z_at\A2E78CGi5TU_007.pt,data\preprocessed\features\z_v\A2E78CGi5TU_007.pt
A2E78CGi5TU_008,mosei_real,0,mosei_A2E78CGi5TU_008,,,-1,1,1,1,D:\Documents\Programming\Thesis_G10\data\raw\CMU-MOSEI\segments\A2E78CGi5TU_008.mp4,data\preprocessed\features\z_at\A2E78CGi5TU_008.pt,data\preprocessed\features\z_v\A2E78CGi5TU_008.pt
A6R6J8SJtBc_001,mosei_real,0,mosei_A6R6J8SJtBc_001,,,-1,1,1,1,D:\Documents\Programming\Thesis_G10\data\raw\CMU-MOSEI\segments\A6R6J8SJtBc_001.mp4,data\preprocessed\features\z_at\A6R6J8SJtBc_001.pt,data\preprocessed\features\z_v\A6R6J8SJtBc_001.pt
A8plGi4rbxM_000,mosei_real,0,mosei_A8plGi4rbxM_000,,,-1,1,1,1,D:\Documents\Programming\Thesis_G10\data\raw\CMU-MOSEI\segments\A8plGi4rbxM_000.mp4,data\preprocessed\features\z_at\A8plGi4rbxM_000.pt,data\preprocessed\features\z_v\A8plGi4rbxM_000.pt
A8plGi4rbxM_001,mosei_real,0,mosei_A8plGi4rbxM_001,,,-1,1,1,1,D:\Documents\Programming\Thesis_G10\data\raw\CMU-MOSEI\segments\A8plGi4rbxM_001.mp4,data\preprocessed\features\z_at\A8plGi4rbxM_001.pt,data\preprocessed\features\z_v\A8plGi4rbxM_001.pt
A8plGi4rbxM_002,mosei_real,0,mosei_A8plGi4rbxM_002,,,-1,1,1,1,D:\Documents\Programming\Thesis_G10\data\raw\CMU-MOSEI\segments\A8plGi4rbxM_002.mp4,data\preprocessed\features\z_at\A8plGi4rbxM_002.pt,data\preprocessed\features\z_v\A8plGi4rbxM_002.pt
AB1PbMaW03s_000,mosei_real,0,mosei_AB1PbMaW03s_000,,,-1,1,1,1,D:\Documents\Programming\Thesis_G10\data\raw\CMU-MOSEI\segments\AB1PbMaW03s_000.mp4,data\preprocessed\features\z_at\AB1PbMaW03s_000.pt,data\preprocessed\features\z_v\AB1PbMaW03s_000.pt
AB1PbMaW03s_001,mosei_real,0,mosei_AB1PbMaW03s_001,,,-1,1,1,1,D:\Documents\Programming\Thesis_G10\data\raw\CMU-MOSEI\segments\AB1PbMaW03s_001.mp4,data\preprocessed\features\z_at\AB1PbMaW03s_001.pt,data\preprocessed\features\z_v\AB1PbMaW03s_001.pt
AB1PbMaW03s_002,mosei_real,0,mosei_AB1PbMaW03s_002,,,-1,1,1,1,D:\Documents\Programming\Thesis_G10\data\raw\CMU-MOSEI\segments\AB1PbMaW03s_002.mp4,data\preprocessed\features\z_at\AB1PbMaW03s_002.pt,data\preprocessed\features\z_v\AB1PbMaW03s_002.pt
AB1PbMaW03s_010,mosei_real,0,mosei_AB1PbMaW03s_010,,,-1,1,1,1,D:\Documents\Programming\Thesis_G10\data\raw\CMU-MOSEI\segments\AB1PbMaW03s_010.mp4,data\preprocessed\features\z_at\AB1PbMaW03s_010.pt,data\preprocessed\features\z_v\AB1PbMaW03s_010.pt
ADYia28RrFU_000,mosei_real,0,mosei_ADYia28RrFU_000,,,-1,1,1,1,D:\Documents\Programming\Thesis_G10\data\raw\CMU-MOSEI\segments\ADYia28RrFU_000.mp4,data\preprocessed\features\z_at\ADYia28RrFU_000.pt,data\preprocessed\features\z_v\ADYia28RrFU_000.pt
ADYia28RrFU_001,mosei_real,0,mosei_ADYia28RrFU_001,,,-1,1,1,1,D:\Documents\Programming\Thesis_G10\data\raw\CMU-MOSEI\segments\ADYia28RrFU_001.mp4,data\preprocessed\features\z_at\ADYia28RrFU_001.pt,data\preprocessed\features\z_v\ADYia28RrFU_001.pt
ADYia28RrFU_003,mosei_real,0,mosei_ADYia28RrFU_003,,,-1,1,1,1,D:\Documents\Programming\Thesis_G10\data\raw\CMU-MOSEI\segments\ADYia28RrFU_003.mp4,data\preprocessed\features\z_at\ADYia28RrFU_003.pt,data\preprocessed\features\z_v\ADYia28RrFU_003.pt
ADYia28RrFU_004,mosei_real,0,mosei_ADYia28RrFU_004,,,-1,1,1,1,D:\Documents\Programming\Thesis_G10\data\raw\CMU-MOSEI\segments\ADYia28RrFU_004.mp4,data\preprocessed\features\z_at\ADYia28RrFU_004.pt,data\preprocessed\features\z_v\ADYia28RrFU_004.pt
ADYia28RrFU_007,mosei_real,0,mosei_ADYia28RrFU_007,,,-1,1,1,1,D:\Documents\Programming\Thesis_G10\data\raw\CMU-MOSEI\segments\ADYia28RrFU_007.mp4,data\preprocessed\features\z_at\ADYia28RrFU_007.pt,data\preprocessed\features\z_v\ADYia28RrFU_007.pt
AHiA9hohKr8_000,mosei_real,0,mosei_AHiA9hohKr8_000,,,-1,1,1,1,D:\Documents\Programming\Thesis_G10\data\raw\CMU-MOSEI\segments\AHiA9hohKr8_000.mp4,data\preprocessed\features\z_at\AHiA9hohKr8_000.pt,data\preprocessed\features\z_v\AHiA9hohKr8_000.pt
AHiA9hohKr8_004,mosei_real,0,mosei_AHiA9hohKr8_004,,,-1,1,1,1,D:\Documents\Programming\Thesis_G10\data\raw\CMU-MOSEI\segments\AHiA9hohKr8_004.mp4,data\preprocessed\features\z_at\AHiA9hohKr8_004.pt,data\preprocessed\features\z_v\AHiA9hohKr8_004.pt
AHiA9hohKr8_006,mosei_real,0,mosei_AHiA9hohKr8_006,,,-1,1,1,1,D:\Documents\Programming\Thesis_G10\data\raw\CMU-MOSEI\segments\AHiA9hohKr8_006.mp4,data\preprocessed\features\z_at\AHiA9hohKr8_006.pt,data\preprocessed\features\z_v\AHiA9hohKr8_006.pt
AKofHsmxa1I_003,mosei_real,0,mosei_AKofHsmxa1I_003,,,-1,1,1,1,D:\Documents\Programming\Thesis_G10\data\raw\CMU-MOSEI\segments\AKofHsmxa1I_003.mp4,data\preprocessed\features\z_at\AKofHsmxa1I_003.pt,data\preprocessed\features\z_v\AKofHsmxa1I_003.pt
APYv5s4ucd0_000,mosei_real,0,mosei_APYv5s4ucd0_000,,,-1,1,1,1,D:\Documents\Programming\Thesis_G10\data\raw\CMU-MOSEI\segments\APYv5s4ucd0_000.mp4,data\preprocessed\features\z_at\APYv5s4ucd0_000.pt,data\preprocessed\features\z_v\APYv5s4ucd0_000.pt
ARNWtLCbfW4_000,mosei_real,0,mosei_ARNWtLCbfW4_000,,,-1,1,1,1,D:\Documents\Programming\Thesis_G10\data\raw\CMU-MOSEI\segments\ARNWtLCbfW4_000.mp4,data\preprocessed\features\z_at\ARNWtLCbfW4_000.pt,data\preprocessed\features\z_v\ARNWtLCbfW4_000.pt
ARNWtLCbfW4_001,mosei_real,0,mosei_ARNWtLCbfW4_001,,,-1,1,1,1,D:\Documents\Programming\Thesis_G10\data\raw\CMU-MOSEI\segments\ARNWtLCbfW4_001.mp4,data\preprocessed\features\z_at\ARNWtLCbfW4_001.pt,data\preprocessed\features\z_v\ARNWtLCbfW4_001.pt
ARNWtLCbfW4_003,mosei_real,0,mosei_ARNWtLCbfW4_003,,,-1,1,1,1,D:\Documents\Programming\Thesis_G10\data\raw\CMU-MOSEI\segments\ARNWtLCbfW4_003.mp4,data\preprocessed\features\z_at\ARNWtLCbfW4_003.pt,data\preprocessed\features\z_v\ARNWtLCbfW4_003.pt
ARNWtLCbfW4_005,mosei_real,0,mosei_ARNWtLCbfW4_005,,,-1,1,1,1,D:\Documents\Programming\Thesis_G10\data\raw\CMU-MOSEI\segments\ARNWtLCbfW4_005.mp4,data\preprocessed\features\z_at\ARNWtLCbfW4_005.pt,data\preprocessed\features\z_v\ARNWtLCbfW4_005.pt
ATfnMuJJDkk_000,mosei_real,0,mosei_ATfnMuJJDkk_000,,,-1,1,1,1,D:\Documents\Programming\Thesis_G10\data\raw\CMU-MOSEI\segments\ATfnMuJJDkk_000.mp4,data\preprocessed\features\z_at\ATfnMuJJDkk_000.pt,data\preprocessed\features\z_v\ATfnMuJJDkk_000.pt
ATfnMuJJDkk_002,mosei_real,0,mosei_ATfnMuJJDkk_002,,,-1,1,1,1,D:\Documents\Programming\Thesis_G10\data\raw\CMU-MOSEI\segments\ATfnMuJJDkk_002.mp4,data\preprocessed\features\z_at\ATfnMuJJDkk_002.pt,data\preprocessed\features\z_v\ATfnMuJJDkk_002.pt
ATfnMuJJDkk_003,mosei_real,0,mosei_ATfnMuJJDkk_003,,,-1,1,1,1,D:\Documents\Programming\Thesis_G10\data\raw\CMU-MOSEI\segments\ATfnMuJJDkk_003.mp4,data\preprocessed\features\z_at\ATfnMuJJDkk_003.pt,data\preprocessed\features\z_v\ATfnMuJJDkk_003.pt
ATfnMuJJDkk_005,mosei_real,0,mosei_ATfnMuJJDkk_005,,,-1,1,1,1,D:\Documents\Programming\Thesis_G10\data\raw\CMU-MOSEI\segments\ATfnMuJJDkk_005.mp4,data\preprocessed\features\z_at\ATfnMuJJDkk_005.pt,data\preprocessed\features\z_v\ATfnMuJJDkk_005.pt
ATfnMuJJDkk_006,mosei_real,0,mosei_ATfnMuJJDkk_006,,,-1,1,1,1,D:\Documents\Programming\Thesis_G10\data\raw\CMU-MOSEI\segments\ATfnMuJJDkk_006.mp4,data\preprocessed\features\z_at\ATfnMuJJDkk_006.pt,data\preprocessed\features\z_v\ATfnMuJJDkk_006.pt
ATfnMuJJDkk_007,mosei_real,0,mosei_ATfnMuJJDkk_007,,,-1,1,1,1,D:\Documents\Programming\Thesis_G10\data\raw\CMU-MOSEI\segments\ATfnMuJJDkk_007.mp4,data\preprocessed\features\z_at\ATfnMuJJDkk_007.pt,data\preprocessed\features\z_v\ATfnMuJJDkk_007.pt
ATfnMuJJDkk_008,mosei_real,0,mosei_ATfnMuJJDkk_008,,,-1,1,1,1,D:\Documents\Programming\Thesis_G10\data\raw\CMU-MOSEI\segments\ATfnMuJJDkk_008.mp4,data\preprocessed\features\z_at\ATfnMuJJDkk_008.pt,data\preprocessed\features\z_v\ATfnMuJJDkk_008.pt
AVScVfLgNmw_000,mosei_real,0,mosei_AVScVfLgNmw_000,,,-1,1,1,1,D:\Documents\Programming\Thesis_G10\data\raw\CMU-MOSEI\segments\AVScVfLgNmw_000.mp4,data\preprocessed\features\z_at\AVScVfLgNmw_000.pt,data\preprocessed\features\z_v\AVScVfLgNmw_000.pt
AVScVfLgNmw_003,mosei_real,0,mosei_AVScVfLgNmw_003,,,-1,1,1,1,D:\Documents\Programming\Thesis_G10\data\raw\CMU-MOSEI\segments\AVScVfLgNmw_003.mp4,data\preprocessed\features\z_at\AVScVfLgNmw_003.pt,data\preprocessed\features\z_v\AVScVfLgNmw_003.pt
AVScVfLgNmw_004,mosei_real,0,mosei_AVScVfLgNmw_004,,,-1,1,1,1,D:\Documents\Programming\Thesis_G10\data\raw\CMU-MOSEI\segments\AVScVfLgNmw_004.mp4,data\preprocessed\features\z_at\AVScVfLgNmw_004.pt,data\preprocessed\features\z_v\AVScVfLgNmw_004.pt
AVScVfLgNmw_006,mosei_real,0,mosei_AVScVfLgNmw_006,,,-1,1,1,1,D:\Documents\Programming\Thesis_G10\data\raw\CMU-MOSEI\segments\AVScVfLgNmw_006.mp4,data\preprocessed\features\z_at\AVScVfLgNmw_006.pt,data\preprocessed\features\z_v\AVScVfLgNmw_006.pt
AcoRjVPIVmQ_000,mosei_real,0,mosei_AcoRjVPIVmQ_000,,,-1,1,1,1,D:\Documents\Programming\Thesis_G10\data\raw\CMU-MOSEI\segments\AcoRjVPIVmQ_000.mp4,data\preprocessed\features\z_at\AcoRjVPIVmQ_000.pt,data\preprocessed\features\z_v\AcoRjVPIVmQ_000.pt
AgH84SNRx5s_000,mosei_real,0,mosei_AgH84SNRx5s_000,,,-1,1,1,1,D:\Documents\Programming\Thesis_G10\data\raw\CMU-MOSEI\segments\AgH84SNRx5s_000.mp4,data\preprocessed\features\z_at\AgH84SNRx5s_000.pt,data\preprocessed\features\z_v\AgH84SNRx5s_000.pt
AlJX3Jw3xKk_000,mosei_real,0,mosei_AlJX3Jw3xKk_000,,,-1,1,1,1,D:\Documents\Programming\Thesis_G10\data\raw\CMU-MOSEI\segments\AlJX3Jw3xKk_000.mp4,data\preprocessed\features\z_at\AlJX3Jw3xKk_000.pt,data\preprocessed\features\z_v\AlJX3Jw3xKk_000.pt
AlmUwZgY6bs_000,mosei_real,0,mosei_AlmUwZgY6bs_000,,,-1,1,1,1,D:\Documents\Programming\Thesis_G10\data\raw\CMU-MOSEI\segments\AlmUwZgY6bs_000.mp4,data\preprocessed\features\z_at\AlmUwZgY6bs_000.pt,data\preprocessed\features\z_v\AlmUwZgY6bs_000.pt
AmGocfFQfVE_001,mosei_real,0,mosei_AmGocfFQfVE_001,,,-1,1,1,1,D:\Documents\Programming\Thesis_G10\data\raw\CMU-MOSEI\segments\AmGocfFQfVE_001.mp4,data\preprocessed\features\z_at\AmGocfFQfVE_001.pt,data\preprocessed\features\z_v\AmGocfFQfVE_001.pt
AmGocfFQfVE_003,mosei_real,0,mosei_AmGocfFQfVE_003,,,-1,1,1,1,D:\Documents\Programming\Thesis_G10\data\raw\CMU-MOSEI\segments\AmGocfFQfVE_003.mp4,data\preprocessed\features\z_at\AmGocfFQfVE_003.pt,data\preprocessed\features\z_v\AmGocfFQfVE_003.pt
An8x4UfwZ7k_000,mosei_real,0,mosei_An8x4UfwZ7k_000,,,-1,1,1,1,D:\Documents\Programming\Thesis_G10\data\raw\CMU-MOSEI\segments\An8x4UfwZ7k_000.mp4,data\preprocessed\features\z_at\An8x4UfwZ7k_000.pt,data\preprocessed\features\z_v\An8x4UfwZ7k_000.pt
Arh2TKRi_mg_006,mosei_real,0,mosei_Arh2TKRi_mg_006,,,-1,1,1,1,D:\Documents\Programming\Thesis_G10\data\raw\CMU-MOSEI\segments\Arh2TKRi_mg_006.mp4,data\preprocessed\features\z_at\Arh2TKRi_mg_006.pt,data\preprocessed\features\z_v\Arh2TKRi_mg_006.pt
Arh2TKRi_mg_007,mosei_real,0,mosei_Arh2TKRi_mg_007,,,-1,1,1,1,D:\Documents\Programming\Thesis_G10\data\raw\CMU-MOSEI\segments\Arh2TKRi_mg_007.mp4,data\preprocessed\features\z_at\Arh2TKRi_mg_007.pt,data\preprocessed\features\z_v\Arh2TKRi_mg_007.pt
Arh2TKRi_mg_009,mosei_real,0,mosei_Arh2TKRi_mg_009,,,-1,1,1,1,D:\Documents\Programming\Thesis_G10\data\raw\CMU-MOSEI\segments\Arh2TKRi_mg_009.mp4,data\preprocessed\features\z_at\Arh2TKRi_mg_009.pt,data\preprocessed\features\z_v\Arh2TKRi_mg_009.pt
Arh2TKRi_mg_010,mosei_real,0,mosei_Arh2TKRi_mg_010,,,-1,1,1,1,D:\Documents\Programming\Thesis_G10\data\raw\CMU-MOSEI\segments\Arh2TKRi_mg_010.mp4,data\preprocessed\features\z_at\Arh2TKRi_mg_010.pt,data\preprocessed\features\z_v\Arh2TKRi_mg_010.pt
B1B71X_SmwY_001,mosei_real,0,mosei_B1B71X_SmwY_001,,,-1,1,1,1,D:\Documents\Programming\Thesis_G10\data\raw\CMU-MOSEI\segments\B1B71X_SmwY_001.mp4,data\preprocessed\features\z_at\B1B71X_SmwY_001.pt,data\preprocessed\features\z_v\B1B71X_SmwY_001.pt
B1B71X_SmwY_005,mosei_real,0,mosei_B1B71X_SmwY_005,,,-1,1,1,1,D:\Documents\Programming\Thesis_G10\data\raw\CMU-MOSEI\segments\B1B71X_SmwY_005.mp4,data\preprocessed\features\z_at\B1B71X_SmwY_005.pt,data\preprocessed\features\z_v\B1B71X_SmwY_005.pt
B1B71X_SmwY_010,mosei_real,0,mosei_B1B71X_SmwY_010,,,-1,1,1,1,D:\Documents\Programming\Thesis_G10\data\raw\CMU-MOSEI\segments\B1B71X_SmwY_010.mp4,data\preprocessed\features\z_at\B1B71X_SmwY_010.pt,data\preprocessed\features\z_v\B1B71X_SmwY_010.pt
B1B71X_SmwY_012,mosei_real,0,mosei_B1B71X_SmwY_012,,,-1,1,1,1,D:\Documents\Programming\Thesis_G10\data\raw\CMU-MOSEI\segments\B1B71X_SmwY_012.mp4,data\preprocessed\features\z_at\B1B71X_SmwY_012.pt,data\preprocessed\features\z_v\B1B71X_SmwY_012.pt
B1B71X_SmwY_014,mosei_real,0,mosei_B1B71X_SmwY_014,,,-1,1,1,1,D:\Documents\Programming\Thesis_G10\data\raw\CMU-MOSEI\segments\B1B71X_SmwY_014.mp4,data\preprocessed\features\z_at\B1B71X_SmwY_014.pt,data\preprocessed\features\z_v\B1B71X_SmwY_014.pt
BBSVLGf7zPI_000,mosei_real,0,mosei_BBSVLGf7zPI_000,,,-1,1,1,1,D:\Documents\Programming\Thesis_G10\data\raw\CMU-MOSEI\segments\BBSVLGf7zPI_000.mp4,data\preprocessed\features\z_at\BBSVLGf7zPI_000.pt,data\preprocessed\features\z_v\BBSVLGf7zPI_000.pt
BBoe8-HWPSw_000,mosei_real,0,mosei_BBoe8-HWPSw_000,,,-1,1,1,1,D:\Documents\Programming\Thesis_G10\data\raw\CMU-MOSEI\segments\BBoe8-HWPSw_000.mp4,data\preprocessed\features\z_at\BBoe8-HWPSw_000.pt,data\preprocessed\features\z_v\BBoe8-HWPSw_000.pt
BBoe8-HWPSw_001,mosei_real,0,mosei_BBoe8-HWPSw_001,,,-1,1,1,1,D:\Documents\Programming\Thesis_G10\data\raw\CMU-MOSEI\segments\BBoe8-HWPSw_001.mp4,data\preprocessed\features\z_at\BBoe8-HWPSw_001.pt,data\preprocessed\features\z_v\BBoe8-HWPSw_001.pt
BBoe8-HWPSw_002,mosei_real,0,mosei_BBoe8-HWPSw_002,,,-1,1,1,1,D:\Documents\Programming\Thesis_G10\data\raw\CMU-MOSEI\segments\BBoe8-HWPSw_002.mp4,data\preprocessed\features\z_at\BBoe8-HWPSw_002.pt,data\preprocessed\features\z_v\BBoe8-HWPSw_002.pt
BBoe8-HWPSw_003,mosei_real,0,mosei_BBoe8-HWPSw_003,,,-1,1,1,1,D:\Documents\Programming\Thesis_G10\data\raw\CMU-MOSEI\segments\BBoe8-HWPSw_003.mp4,data\preprocessed\features\z_at\BBoe8-HWPSw_003.pt,data\preprocessed\features\z_v\BBoe8-HWPSw_003.pt
BBoe8-HWPSw_005,mosei_real,0,mosei_BBoe8-HWPSw_005,,,-1,1,1,1,D:\Documents\Programming\Thesis_G10\data\raw\CMU-MOSEI\segments\BBoe8-HWPSw_005.mp4,data\preprocessed\features\z_at\BBoe8-HWPSw_005.pt,data\preprocessed\features\z_v\BBoe8-HWPSw_005.pt
BBoe8-HWPSw_006,mosei_real,0,mosei_BBoe8-HWPSw_006,,,-1,1,1,1,D:\Documents\Programming\Thesis_G10\data\raw\CMU-MOSEI\segments\BBoe8-HWPSw_006.mp4,data\preprocessed\features\z_at\BBoe8-HWPSw_006.pt,data\preprocessed\features\z_v\BBoe8-HWPSw_006.pt
BBoe8-HWPSw_007,mosei_real,0,mosei_BBoe8-HWPSw_007,,,-1,1,1,1,D:\Documents\Programming\Thesis_G10\data\raw\CMU-MOSEI\segments\BBoe8-HWPSw_007.mp4,data\preprocessed\features\z_at\BBoe8-HWPSw_007.pt,data\preprocessed\features\z_v\BBoe8-HWPSw_007.pt
BJS5KCSowgU_001,mosei_real,0,mosei_BJS5KCSowgU_001,,,-1,1,1,1,D:\Documents\Programming\Thesis_G10\data\raw\CMU-MOSEI\segments\BJS5KCSowgU_001.mp4,data\preprocessed\features\z_at\BJS5KCSowgU_001.pt,data\preprocessed\features\z_v\BJS5KCSowgU_001.pt
BLFUj7_uy_0_002,mosei_real,0,mosei_BLFUj7_uy_0_002,,,-1,1,1,1,D:\Documents\Programming\Thesis_G10\data\raw\CMU-MOSEI\segments\BLFUj7_uy_0_002.mp4,data\preprocessed\features\z_at\BLFUj7_uy_0_002.pt,data\preprocessed\features\z_v\BLFUj7_uy_0_002.pt
BLFUj7_uy_0_005,mosei_real,0,mosei_BLFUj7_uy_0_005,,,-1,1,1,1,D:\Documents\Programming\Thesis_G10\data\raw\CMU-MOSEI\segments\BLFUj7_uy_0_005.mp4,data\preprocessed\features\z_at\BLFUj7_uy_0_005.pt,data\preprocessed\features\z_v\BLFUj7_uy_0_005.pt
BLFUj7_uy_0_011,mosei_real,0,mosei_BLFUj7_uy_0_011,,,-1,1,1,1,D:\Documents\Programming\Thesis_G10\data\raw\CMU-MOSEI\segments\BLFUj7_uy_0_011.mp4,data\preprocessed\features\z_at\BLFUj7_uy_0_011.pt,data\preprocessed\features\z_v\BLFUj7_uy_0_011.pt
BMhG11CXgww_003,mosei_real,0,mosei_BMhG11CXgww_003,,,-1,1,1,1,D:\Documents\Programming\Thesis_G10\data\raw\CMU-MOSEI\segments\BMhG11CXgww_003.mp4,data\preprocessed\features\z_at\BMhG11CXgww_003.pt,data\preprocessed\features\z_v\BMhG11CXgww_003.pt
BMhG11CXgww_004,mosei_real,0,mosei_BMhG11CXgww_004,,,-1,1,1,1,D:\Documents\Programming\Thesis_G10\data\raw\CMU-MOSEI\segments\BMhG11CXgww_004.mp4,data\preprocessed\features\z_at\BMhG11CXgww_004.pt,data\preprocessed\features\z_v\BMhG11CXgww_004.pt
BNaRO9g8ugQ_000,mosei_real,0,mosei_BNaRO9g8ugQ_000,,,-1,1,1,1,D:\Documents\Programming\Thesis_G10\data\raw\CMU-MOSEI\segments\BNaRO9g8ugQ_000.mp4,data\preprocessed\features\z_at\BNaRO9g8ugQ_000.pt,data\preprocessed\features\z_v\BNaRO9g8ugQ_000.pt
BRSyH6yfDLk_004,mosei_real,0,mosei_BRSyH6yfDLk_004,,,-1,1,1,1,D:\Documents\Programming\Thesis_G10\data\raw\CMU-MOSEI\segments\BRSyH6yfDLk_004.mp4,data\preprocessed\features\z_at\BRSyH6yfDLk_004.pt,data\preprocessed\features\z_v\BRSyH6yfDLk_004.pt
BRdw-_dbJXc_003,mosei_real,0,mosei_BRdw-_dbJXc_003,,,-1,1,1,1,D:\Documents\Programming\Thesis_G10\data\raw\CMU-MOSEI\segments\BRdw-_dbJXc_003.mp4,data\preprocessed\features\z_at\BRdw-_dbJXc_003.pt,data\preprocessed\features\z_v\BRdw-_dbJXc_003.pt
BRdw-_dbJXc_004,mosei_real,0,mosei_BRdw-_dbJXc_004,,,-1,1,1,1,D:\Documents\Programming\Thesis_G10\data\raw\CMU-MOSEI\segments\BRdw-_dbJXc_004.mp4,data\preprocessed\features\z_at\BRdw-_dbJXc_004.pt,data\preprocessed\features\z_v\BRdw-_dbJXc_004.pt
BRdw-_dbJXc_005,mosei_real,0,mosei_BRdw-_dbJXc_005,,,-1,1,1,1,D:\Documents\Programming\Thesis_G10\data\raw\CMU-MOSEI\segments\BRdw-_dbJXc_005.mp4,data\preprocessed\features\z_at\BRdw-_dbJXc_005.pt,data\preprocessed\features\z_v\BRdw-_dbJXc_005.pt
BRdw-_dbJXc_006,mosei_real,0,mosei_BRdw-_dbJXc_006,,,-1,1,1,1,D:\Documents\Programming\Thesis_G10\data\raw\CMU-MOSEI\segments\BRdw-_dbJXc_006.mp4,data\preprocessed\features\z_at\BRdw-_dbJXc_006.pt,data\preprocessed\features\z_v\BRdw-_dbJXc_006.pt
BRdw-_dbJXc_007,mosei_real,0,mosei_BRdw-_dbJXc_007,,,-1,1,1,1,D:\Documents\Programming\Thesis_G10\data\raw\CMU-MOSEI\segments\BRdw-_dbJXc_007.mp4,data\preprocessed\features\z_at\BRdw-_dbJXc_007.pt,data\preprocessed\features\z_v\BRdw-_dbJXc_007.pt
BRdw-_dbJXc_008,mosei_real,0,mosei_BRdw-_dbJXc_008,,,-1,1,1,1,D:\Documents\Programming\Thesis_G10\data\raw\CMU-MOSEI\segments\BRdw-_dbJXc_008.mp4,data\preprocessed\features\z_at\BRdw-_dbJXc_008.pt,data\preprocessed\features\z_v\BRdw-_dbJXc_008.pt
BRzjQHYWbSs_000,mosei_real,0,mosei_BRzjQHYWbSs_000,,,-1,1,1,1,D:\Documents\Programming\Thesis_G10\data\raw\CMU-MOSEI\segments\BRzjQHYWbSs_000.mp4,data\preprocessed\features\z_at\BRzjQHYWbSs_000.pt,data\preprocessed\features\z_v\BRzjQHYWbSs_000.pt
BRzjQHYWbSs_002,mosei_real,0,mosei_BRzjQHYWbSs_002,,,-1,1,1,1,D:\Documents\Programming\Thesis_G10\data\raw\CMU-MOSEI\segments\BRzjQHYWbSs_002.mp4,data\preprocessed\features\z_at\BRzjQHYWbSs_002.pt,data\preprocessed\features\z_v\BRzjQHYWbSs_002.pt
BRzjQHYWbSs_003,mosei_real,0,mosei_BRzjQHYWbSs_003,,,-1,1,1,1,D:\Documents\Programming\Thesis_G10\data\raw\CMU-MOSEI\segments\BRzjQHYWbSs_003.mp4,data\preprocessed\features\z_at\BRzjQHYWbSs_003.pt,data\preprocessed\features\z_v\BRzjQHYWbSs_003.pt
BRzjQHYWbSs_005,mosei_real,0,mosei_BRzjQHYWbSs_005,,,-1,1,1,1,D:\Documents\Programming\Thesis_G10\data\raw\CMU-MOSEI\segments\BRzjQHYWbSs_005.mp4,data\preprocessed\features\z_at\BRzjQHYWbSs_005.pt,data\preprocessed\features\z_v\BRzjQHYWbSs_005.pt
BRzjQHYWbSs_007,mosei_real,0,mosei_BRzjQHYWbSs_007,,,-1,1,1,1,D:\Documents\Programming\Thesis_G10\data\raw\CMU-MOSEI\segments\BRzjQHYWbSs_007.mp4,data\preprocessed\features\z_at\BRzjQHYWbSs_007.pt,data\preprocessed\features\z_v\BRzjQHYWbSs_007.pt
BRzjQHYWbSs_008,mosei_real,0,mosei_BRzjQHYWbSs_008,,,-1,1,1,1,D:\Documents\Programming\Thesis_G10\data\raw\CMU-MOSEI\segments\BRzjQHYWbSs_008.mp4,data\preprocessed\features\z_at\BRzjQHYWbSs_008.pt,data\preprocessed\features\z_v\BRzjQHYWbSs_008.pt
BRzjQHYWbSs_010,mosei_real,0,mosei_BRzjQHYWbSs_010,,,-1,1,1,1,D:\Documents\Programming\Thesis_G10\data\raw\CMU-MOSEI\segments\BRzjQHYWbSs_010.mp4,data\preprocessed\features\z_at\BRzjQHYWbSs_010.pt,data\preprocessed\features\z_v\BRzjQHYWbSs_010.pt
BRzjQHYWbSs_011,mosei_real,0,mosei_BRzjQHYWbSs_011,,,-1,1,1,1,D:\Documents\Programming\Thesis_G10\data\raw\CMU-MOSEI\segments\BRzjQHYWbSs_011.mp4,data\preprocessed\features\z_at\BRzjQHYWbSs_011.pt,data\preprocessed\features\z_v\BRzjQHYWbSs_011.pt
BRzjQHYWbSs_012,mosei_real,0,mosei_BRzjQHYWbSs_012,,,-1,1,1,1,D:\Documents\Programming\Thesis_G10\data\raw\CMU-MOSEI\segments\BRzjQHYWbSs_012.mp4,data\preprocessed\features\z_at\BRzjQHYWbSs_012.pt,data\preprocessed\features\z_v\BRzjQHYWbSs_012.pt
BRzjQHYWbSs_014,mosei_real,0,mosei_BRzjQHYWbSs_014,,,-1,1,1,1,D:\Documents\Programming\Thesis_G10\data\raw\CMU-MOSEI\segments\BRzjQHYWbSs_014.mp4,data\preprocessed\features\z_at\BRzjQHYWbSs_014.pt,data\preprocessed\features\z_v\BRzjQHYWbSs_014.pt
BZOB3r5AoKE_001,mosei_real,0,mosei_BZOB3r5AoKE_001,,,-1,1,1,1,D:\Documents\Programming\Thesis_G10\data\raw\CMU-MOSEI\segments\BZOB3r5AoKE_001.mp4,data\preprocessed\features\z_at\BZOB3r5AoKE_001.pt,data\preprocessed\features\z_v\BZOB3r5AoKE_001.pt
BZOB3r5AoKE_003,mosei_real,0,mosei_BZOB3r5AoKE_003,,,-1,1,1,1,D:\Documents\Programming\Thesis_G10\data\raw\CMU-MOSEI\segments\BZOB3r5AoKE_003.mp4,data\preprocessed\features\z_at\BZOB3r5AoKE_003.pt,data\preprocessed\features\z_v\BZOB3r5AoKE_003.pt
BaX10vbFhuU_000,mosei_real,0,mosei_BaX10vbFhuU_000,,,-1,1,1,1,D:\Documents\Programming\Thesis_G10\data\raw\CMU-MOSEI\segments\BaX10vbFhuU_000.mp4,data\preprocessed\features\z_at\BaX10vbFhuU_000.pt,data\preprocessed\features\z_v\BaX10vbFhuU_000.pt
BaX10vbFhuU_001,mosei_real,0,mosei_BaX10vbFhuU_001,,,-1,1,1,1,D:\Documents\Programming\Thesis_G10\data\raw\CMU-MOSEI\segments\BaX10vbFhuU_001.mp4,data\preprocessed\features\z_at\BaX10vbFhuU_001.pt,data\preprocessed\features\z_v\BaX10vbFhuU_001.pt
Baz0VVQ-E9E_000,mosei_real,0,mosei_Baz0VVQ-E9E_000,,,-1,1,1,1,D:\Documents\Programming\Thesis_G10\data\raw\CMU-MOSEI\segments\Baz0VVQ-E9E_000.mp4,data\preprocessed\features\z_at\Baz0VVQ-E9E_000.pt,data\preprocessed\features\z_v\Baz0VVQ-E9E_000.pt
Baz0VVQ-E9E_001,mosei_real,0,mosei_Baz0VVQ-E9E_001,,,-1,1,1,1,D:\Documents\Programming\Thesis_G10\data\raw\CMU-MOSEI\segments\Baz0VVQ-E9E_001.mp4,data\preprocessed\features\z_at\Baz0VVQ-E9E_001.pt,data\preprocessed\features\z_v\Baz0VVQ-E9E_001.pt
Baz0VVQ-E9E_004,mosei_real,0,mosei_Baz0VVQ-E9E_004,,,-1,1,1,1,D:\Documents\Programming\Thesis_G10\data\raw\CMU-MOSEI\segments\Baz0VVQ-E9E_004.mp4,data\preprocessed\features\z_at\Baz0VVQ-E9E_004.pt,data\preprocessed\features\z_v\Baz0VVQ-E9E_004.pt
Baz0VVQ-E9E_005,mosei_real,0,mosei_Baz0VVQ-E9E_005,,,-1,1,1,1,D:\Documents\Programming\Thesis_G10\data\raw\CMU-MOSEI\segments\Baz0VVQ-E9E_005.mp4,data\preprocessed\features\z_at\Baz0VVQ-E9E_005.pt,data\preprocessed\features\z_v\Baz0VVQ-E9E_005.pt
Baz0VVQ-E9E_006,mosei_real,0,mosei_Baz0VVQ-E9E_006,,,-1,1,1,1,D:\Documents\Programming\Thesis_G10\data\raw\CMU-MOSEI\segments\Baz0VVQ-E9E_006.mp4,data\preprocessed\features\z_at\Baz0VVQ-E9E_006.pt,data\preprocessed\features\z_v\Baz0VVQ-E9E_006.pt
BdqoZ5qpz0E_000,mosei_real,0,mosei_BdqoZ5qpz0E_000,,,-1,1,1,1,D:\Documents\Programming\Thesis_G10\data\raw\CMU-MOSEI\segments\BdqoZ5qpz0E_000.mp4,data\preprocessed\features\z_at\BdqoZ5qpz0E_000.pt,data\preprocessed\features\z_v\BdqoZ5qpz0E_000.pt
BdqoZ5qpz0E_001,mosei_real,0,mosei_BdqoZ5qpz0E_001,,,-1,1,1,1,D:\Documents\Programming\Thesis_G10\data\raw\CMU-MOSEI\segments\BdqoZ5qpz0E_001.mp4,data\preprocessed\features\z_at\BdqoZ5qpz0E_001.pt,data\preprocessed\features\z_v\BdqoZ5qpz0E_001.pt
BdqoZ5qpz0E_004,mosei_real,0,mosei_BdqoZ5qpz0E_004,,,-1,1,1,1,D:\Documents\Programming\Thesis_G10\data\raw\CMU-MOSEI\segments\BdqoZ5qpz0E_004.mp4,data\preprocessed\features\z_at\BdqoZ5qpz0E_004.pt,data\preprocessed\features\z_v\BdqoZ5qpz0E_004.pt
BdqoZ5qpz0E_005,mosei_real,0,mosei_BdqoZ5qpz0E_005,,,-1,1,1,1,D:\Documents\Programming\Thesis_G10\data\raw\CMU-MOSEI\segments\BdqoZ5qpz0E_005.mp4,data\preprocessed\features\z_at\BdqoZ5qpz0E_005.pt,data\preprocessed\features\z_v\BdqoZ5qpz0E_005.pt
BdqoZ5qpz0E_007,mosei_real,0,mosei_BdqoZ5qpz0E_007,,,-1,1,1,1,D:\Documents\Programming\Thesis_G10\data\raw\CMU-MOSEI\segments\BdqoZ5qpz0E_007.mp4,data\preprocessed\features\z_at\BdqoZ5qpz0E_007.pt,data\preprocessed\features\z_v\BdqoZ5qpz0E_007.pt
BdqoZ5qpz0E_009,mosei_real,0,mosei_BdqoZ5qpz0E_009,,,-1,1,1,1,D:\Documents\Programming\Thesis_G10\data\raw\CMU-MOSEI\segments\BdqoZ5qpz0E_009.mp4,data\preprocessed\features\z_at\BdqoZ5qpz0E_009.pt,data\preprocessed\features\z_v\BdqoZ5qpz0E_009.pt
BdqoZ5qpz0E_011,mosei_real,0,mosei_BdqoZ5qpz0E_011,,,-1,1,1,1,D:\Documents\Programming\Thesis_G10\data\raw\CMU-MOSEI\segments\BdqoZ5qpz0E_011.mp4,data\preprocessed\features\z_at\BdqoZ5qpz0E_011.pt,data\preprocessed\features\z_v\BdqoZ5qpz0E_011.pt
BdqoZ5qpz0E_015,mosei_real,0,mosei_BdqoZ5qpz0E_015,,,-1,1,1,1,D:\Documents\Programming\Thesis_G10\data\raw\CMU-MOSEI\segments\BdqoZ5qpz0E_015.mp4,data\preprocessed\features\z_at\BdqoZ5qpz0E_015.pt,data\preprocessed\features\z_v\BdqoZ5qpz0E_015.pt
Bg-PA5KTjNs_000,mosei_real,0,mosei_Bg-PA5KTjNs_000,,,-1,1,1,1,D:\Documents\Programming\Thesis_G10\data\raw\CMU-MOSEI\segments\Bg-PA5KTjNs_000.mp4,data\preprocessed\features\z_at\Bg-PA5KTjNs_000.pt,data\preprocessed\features\z_v\Bg-PA5KTjNs_000.pt
Bg-PA5KTjNs_004,mosei_real,0,mosei_Bg-PA5KTjNs_004,,,-1,1,1,1,D:\Documents\Programming\Thesis_G10\data\raw\CMU-MOSEI\segments\Bg-PA5KTjNs_004.mp4,data\preprocessed\features\z_at\Bg-PA5KTjNs_004.pt,data\preprocessed\features\z_v\Bg-PA5KTjNs_004.pt
Bg-PA5KTjNs_005,mosei_real,0,mosei_Bg-PA5KTjNs_005,,,-1,1,1,1,D:\Documents\Programming\Thesis_G10\data\raw\CMU-MOSEI\segments\Bg-PA5KTjNs_005.mp4,data\preprocessed\features\z_at\Bg-PA5KTjNs_005.pt,data\preprocessed\features\z_v\Bg-PA5KTjNs_005.pt
Bg-PA5KTjNs_007,mosei_real,0,mosei_Bg-PA5KTjNs_007,,,-1,1,1,1,D:\Documents\Programming\Thesis_G10\data\raw\CMU-MOSEI\segments\Bg-PA5KTjNs_007.mp4,data\preprocessed\features\z_at\Bg-PA5KTjNs_007.pt,data\preprocessed\features\z_v\Bg-PA5KTjNs_007.pt
BgXqrxum5G4_001,mosei_real,0,mosei_BgXqrxum5G4_001,,,-1,1,1,1,D:\Documents\Programming\Thesis_G10\data\raw\CMU-MOSEI\segments\BgXqrxum5G4_001.mp4,data\preprocessed\features\z_at\BgXqrxum5G4_001.pt,data\preprocessed\features\z_v\BgXqrxum5G4_001.pt
BgXqrxum5G4_002,mosei_real,0,mosei_BgXqrxum5G4_002,,,-1,1,1,1,D:\Documents\Programming\Thesis_G10\data\raw\CMU-MOSEI\segments\BgXqrxum5G4_002.mp4,data\preprocessed\features\z_at\BgXqrxum5G4_002.pt,data\preprocessed\features\z_v\BgXqrxum5G4_002.pt
BgXqrxum5G4_003,mosei_real,0,mosei_BgXqrxum5G4_003,,,-1,1,1,1,D:\Documents\Programming\Thesis_G10\data\raw\CMU-MOSEI\segments\BgXqrxum5G4_003.mp4,data\preprocessed\features\z_at\BgXqrxum5G4_003.pt,data\preprocessed\features\z_v\BgXqrxum5G4_003.pt
BgXqrxum5G4_004,mosei_real,0,mosei_BgXqrxum5G4_004,,,-1,1,1,1,D:\Documents\Programming\Thesis_G10\data\raw\CMU-MOSEI\segments\BgXqrxum5G4_004.mp4,data\preprocessed\features\z_at\BgXqrxum5G4_004.pt,data\preprocessed\features\z_v\BgXqrxum5G4_004.pt
BgXqrxum5G4_005,mosei_real,0,mosei_BgXqrxum5G4_005,,,-1,1,1,1,D:\Documents\Programming\Thesis_G10\data\raw\CMU-MOSEI\segments\BgXqrxum5G4_005.mp4,data\preprocessed\features\z_at\BgXqrxum5G4_005.pt,data\preprocessed\features\z_v\BgXqrxum5G4_005.pt
BgXqrxum5G4_006,mosei_real,0,mosei_BgXqrxum5G4_006,,,-1,1,1,1,D:\Documents\Programming\Thesis_G10\data\raw\CMU-MOSEI\segments\BgXqrxum5G4_006.mp4,data\preprocessed\features\z_at\BgXqrxum5G4_006.pt,data\preprocessed\features\z_v\BgXqrxum5G4_006.pt
BgXqrxum5G4_007,mosei_real,0,mosei_BgXqrxum5G4_007,,,-1,1,1,1,D:\Documents\Programming\Thesis_G10\data\raw\CMU-MOSEI\segments\BgXqrxum5G4_007.mp4,data\preprocessed\features\z_at\BgXqrxum5G4_007.pt,data\preprocessed\features\z_v\BgXqrxum5G4_007.pt
BmDybDBTe7o_000,mosei_real,0,mosei_BmDybDBTe7o_000,,,-1,1,1,1,D:\Documents\Programming\Thesis_G10\data\raw\CMU-MOSEI\segments\BmDybDBTe7o_000.mp4,data\preprocessed\features\z_at\BmDybDBTe7o_000.pt,data\preprocessed\features\z_v\BmDybDBTe7o_000.pt
BmDybDBTe7o_004,mosei_real,0,mosei_BmDybDBTe7o_004,,,-1,1,1,1,D:\Documents\Programming\Thesis_G10\data\raw\CMU-MOSEI\segments\BmDybDBTe7o_004.mp4,data\preprocessed\features\z_at\BmDybDBTe7o_004.pt,data\preprocessed\features\z_v\BmDybDBTe7o_004.pt
Bo5IDtP8_Fk_002,mosei_real,0,mosei_Bo5IDtP8_Fk_002,,,-1,1,1,1,D:\Documents\Programming\Thesis_G10\data\raw\CMU-MOSEI\segments\Bo5IDtP8_Fk_002.mp4,data\preprocessed\features\z_at\Bo5IDtP8_Fk_002.pt,data\preprocessed\features\z_v\Bo5IDtP8_Fk_002.pt
Bo5IDtP8_Fk_004,mosei_real,0,mosei_Bo5IDtP8_Fk_004,,,-1,1,1,1,D:\Documents\Programming\Thesis_G10\data\raw\CMU-MOSEI\segments\Bo5IDtP8_Fk_004.mp4,data\preprocessed\features\z_at\Bo5IDtP8_Fk_004.pt,data\preprocessed\features\z_v\Bo5IDtP8_Fk_004.pt
BseI8-TYWm8_001,mosei_real,0,mosei_BseI8-TYWm8_001,,,-1,1,1,1,D:\Documents\Programming\Thesis_G10\data\raw\CMU-MOSEI\segments\BseI8-TYWm8_001.mp4,data\preprocessed\features\z_at\BseI8-TYWm8_001.pt,data\preprocessed\features\z_v\BseI8-TYWm8_001.pt
BseI8-TYWm8_002,mosei_real,0,mosei_BseI8-TYWm8_002,,,-1,1,1,1,D:\Documents\Programming\Thesis_G10\data\raw\CMU-MOSEI\segments\BseI8-TYWm8_002.mp4,data\preprocessed\features\z_at\BseI8-TYWm8_002.pt,data\preprocessed\features\z_v\BseI8-TYWm8_002.pt
BseI8-TYWm8_003,mosei_real,0,mosei_BseI8-TYWm8_003,,,-1,1,1,1,D:\Documents\Programming\Thesis_G10\data\raw\CMU-MOSEI\segments\BseI8-TYWm8_003.mp4,data\preprocessed\features\z_at\BseI8-TYWm8_003.pt,data\preprocessed\features\z_v\BseI8-TYWm8_003.pt
BuPhjBayua8_002,mosei_real,0,mosei_BuPhjBayua8_002,,,-1,1,1,1,D:\Documents\Programming\Thesis_G10\data\raw\CMU-MOSEI\segments\BuPhjBayua8_002.mp4,data\preprocessed\features\z_at\BuPhjBayua8_002.pt,data\preprocessed\features\z_v\BuPhjBayua8_002.pt
C-UUQju3bXo_000,mosei_real,0,mosei_C-UUQju3bXo_000,,,-1,1,1,1,D:\Documents\Programming\Thesis_G10\data\raw\CMU-MOSEI\segments\C-UUQju3bXo_000.mp4,data\preprocessed\features\z_at\C-UUQju3bXo_000.pt,data\preprocessed\features\z_v\C-UUQju3bXo_000.pt
C-UUQju3bXo_001,mosei_real,0,mosei_C-UUQju3bXo_001,,,-1,1,1,1,D:\Documents\Programming\Thesis_G10\data\raw\CMU-MOSEI\segments\C-UUQju3bXo_001.mp4,data\preprocessed\features\z_at\C-UUQju3bXo_001.pt,data\preprocessed\features\z_v\C-UUQju3bXo_001.pt
C2xNDBU2Z0s_001,mosei_real,0,mosei_C2xNDBU2Z0s_001,,,-1,1,1,1,D:\Documents\Programming\Thesis_G10\data\raw\CMU-MOSEI\segments\C2xNDBU2Z0s_001.mp4,data\preprocessed\features\z_at\C2xNDBU2Z0s_001.pt,data\preprocessed\features\z_v\C2xNDBU2Z0s_001.pt
C2xNDBU2Z0s_002,mosei_real,0,mosei_C2xNDBU2Z0s_002,,,-1,1,1,1,D:\Documents\Programming\Thesis_G10\data\raw\CMU-MOSEI\segments\C2xNDBU2Z0s_002.mp4,data\preprocessed\features\z_at\C2xNDBU2Z0s_002.pt,data\preprocessed\features\z_v\C2xNDBU2Z0s_002.pt
C3lDRFu1ZcI_001,mosei_real,0,mosei_C3lDRFu1ZcI_001,,,-1,1,1,1,D:\Documents\Programming\Thesis_G10\data\raw\CMU-MOSEI\segments\C3lDRFu1ZcI_001.mp4,data\preprocessed\features\z_at\C3lDRFu1ZcI_001.pt,data\preprocessed\features\z_v\C3lDRFu1ZcI_001.pt
C3lDRFu1ZcI_003,mosei_real,0,mosei_C3lDRFu1ZcI_003,,,-1,1,1,1,D:\Documents\Programming\Thesis_G10\data\raw\CMU-MOSEI\segments\C3lDRFu1ZcI_003.mp4,data\preprocessed\features\z_at\C3lDRFu1ZcI_003.pt,data\preprocessed\features\z_v\C3lDRFu1ZcI_003.pt
C3lDRFu1ZcI_004,mosei_real,0,mosei_C3lDRFu1ZcI_004,,,-1,1,1,1,D:\Documents\Programming\Thesis_G10\data\raw\CMU-MOSEI\segments\C3lDRFu1ZcI_004.mp4,data\preprocessed\features\z_at\C3lDRFu1ZcI_004.pt,data\preprocessed\features\z_v\C3lDRFu1ZcI_004.pt
C3lDRFu1ZcI_005,mosei_real,0,mosei_C3lDRFu1ZcI_005,,,-1,1,1,1,D:\Documents\Programming\Thesis_G10\data\raw\CMU-MOSEI\segments\C3lDRFu1ZcI_005.mp4,data\preprocessed\features\z_at\C3lDRFu1ZcI_005.pt,data\preprocessed\features\z_v\C3lDRFu1ZcI_005.pt
C5-cY1nPQ20_000,mosei_real,0,mosei_C5-cY1nPQ20_000,,,-1,1,1,1,D:\Documents\Programming\Thesis_G10\data\raw\CMU-MOSEI\segments\C5-cY1nPQ20_000.mp4,data\preprocessed\features\z_at\C5-cY1nPQ20_000.pt,data\preprocessed\features\z_v\C5-cY1nPQ20_000.pt
C5-cY1nPQ20_001,mosei_real,0,mosei_C5-cY1nPQ20_001,,,-1,1,1,1,D:\Documents\Programming\Thesis_G10\data\raw\CMU-MOSEI\segments\C5-cY1nPQ20_001.mp4,data\preprocessed\features\z_at\C5-cY1nPQ20_001.pt,data\preprocessed\features\z_v\C5-cY1nPQ20_001.pt
C5-cY1nPQ20_002,mosei_real,0,mosei_C5-cY1nPQ20_002,,,-1,1,1,1,D:\Documents\Programming\Thesis_G10\data\raw\CMU-MOSEI\segments\C5-cY1nPQ20_002.mp4,data\preprocessed\features\z_at\C5-cY1nPQ20_002.pt,data\preprocessed\features\z_v\C5-cY1nPQ20_002.pt
C5-cY1nPQ20_003,mosei_real,0,mosei_C5-cY1nPQ20_003,,,-1,1,1,1,D:\Documents\Programming\Thesis_G10\data\raw\CMU-MOSEI\segments\C5-cY1nPQ20_003.mp4,data\preprocessed\features\z_at\C5-cY1nPQ20_003.pt,data\preprocessed\features\z_v\C5-cY1nPQ20_003.pt
C5-cY1nPQ20_006,mosei_real,0,mosei_C5-cY1nPQ20_006,,,-1,1,1,1,D:\Documents\Programming\Thesis_G10\data\raw\CMU-MOSEI\segments\C5-cY1nPQ20_006.mp4,data\preprocessed\features\z_at\C5-cY1nPQ20_006.pt,data\preprocessed\features\z_v\C5-cY1nPQ20_006.pt
C5-cY1nPQ20_007,mosei_real,0,mosei_C5-cY1nPQ20_007,,,-1,1,1,1,D:\Documents\Programming\Thesis_G10\data\raw\CMU-MOSEI\segments\C5-cY1nPQ20_007.mp4,data\preprocessed\features\z_at\C5-cY1nPQ20_007.pt,data\preprocessed\features\z_v\C5-cY1nPQ20_007.pt
C5-cY1nPQ20_009,mosei_real,0,mosei_C5-cY1nPQ20_009,,,-1,1,1,1,D:\Documents\Programming\Thesis_G10\data\raw\CMU-MOSEI\segments\C5-cY1nPQ20_009.mp4,data\preprocessed\features\z_at\C5-cY1nPQ20_009.pt,data\preprocessed\features\z_v\C5-cY1nPQ20_009.pt
C74-of1rjg4_000,mosei_real,0,mosei_C74-of1rjg4_000,,,-1,1,1,1,D:\Documents\Programming\Thesis_G10\data\raw\CMU-MOSEI\segments\C74-of1rjg4_000.mp4,data\preprocessed\features\z_at\C74-of1rjg4_000.pt,data\preprocessed\features\z_v\C74-of1rjg4_000.pt
C864zaWmEd0_000,mosei_real,0,mosei_C864zaWmEd0_000,,,-1,1,1,1,D:\Documents\Programming\Thesis_G10\data\raw\CMU-MOSEI\segments\C864zaWmEd0_000.mp4,data\preprocessed\features\z_at\C864zaWmEd0_000.pt,data\preprocessed\features\z_v\C864zaWmEd0_000.pt
CBYQDIqucxE_000,mosei_real,0,mosei_CBYQDIqucxE_000,,,-1,1,1,1,D:\Documents\Programming\Thesis_G10\data\raw\CMU-MOSEI\segments\CBYQDIqucxE_000.mp4,data\preprocessed\features\z_at\CBYQDIqucxE_000.pt,data\preprocessed\features\z_v\CBYQDIqucxE_000.pt
CE9yV4SearE_000,mosei_real,0,mosei_CE9yV4SearE_000,,,-1,1,1,1,D:\Documents\Programming\Thesis_G10\data\raw\CMU-MOSEI\segments\CE9yV4SearE_000.mp4,data\preprocessed\features\z_at\CE9yV4SearE_000.pt,data\preprocessed\features\z_v\CE9yV4SearE_000.pt
CE9yV4SearE_004,mosei_real,0,mosei_CE9yV4SearE_004,,,-1,1,1,1,D:\Documents\Programming\Thesis_G10\data\raw\CMU-MOSEI\segments\CE9yV4SearE_004.mp4,data\preprocessed\features\z_at\CE9yV4SearE_004.pt,data\preprocessed\features\z_v\CE9yV4SearE_004.pt
CE9yV4SearE_006,mosei_real,0,mosei_CE9yV4SearE_006,,,-1,1,1,1,D:\Documents\Programming\Thesis_G10\data\raw\CMU-MOSEI\segments\CE9yV4SearE_006.mp4,data\preprocessed\features\z_at\CE9yV4SearE_006.pt,data\preprocessed\features\z_v\CE9yV4SearE_006.pt
CHh6hWo1AFE_003,mosei_real,0,mosei_CHh6hWo1AFE_003,,,-1,1,1,1,D:\Documents\Programming\Thesis_G10\data\raw\CMU-MOSEI\segments\CHh6hWo1AFE_003.mp4,data\preprocessed\features\z_at\CHh6hWo1AFE_003.pt,data\preprocessed\features\z_v\CHh6hWo1AFE_003.pt
CHh6hWo1AFE_005,mosei_real,0,mosei_CHh6hWo1AFE_005,,,-1,1,1,1,D:\Documents\Programming\Thesis_G10\data\raw\CMU-MOSEI\segments\CHh6hWo1AFE_005.mp4,data\preprocessed\features\z_at\CHh6hWo1AFE_005.pt,data\preprocessed\features\z_v\CHh6hWo1AFE_005.pt
CHh6hWo1AFE_006,mosei_real,0,mosei_CHh6hWo1AFE_006,,,-1,1,1,1,D:\Documents\Programming\Thesis_G10\data\raw\CMU-MOSEI\segments\CHh6hWo1AFE_006.mp4,data\preprocessed\features\z_at\CHh6hWo1AFE_006.pt,data\preprocessed\features\z_v\CHh6hWo1AFE_006.pt
CHh6hWo1AFE_007,mosei_real,0,mosei_CHh6hWo1AFE_007,,,-1,1,1,1,D:\Documents\Programming\Thesis_G10\data\raw\CMU-MOSEI\segments\CHh6hWo1AFE_007.mp4,data\preprocessed\features\z_at\CHh6hWo1AFE_007.pt,data\preprocessed\features\z_v\CHh6hWo1AFE_007.pt
CKqDDh50gcU_000,mosei_real,0,mosei_CKqDDh50gcU_000,,,-1,1,1,1,D:\Documents\Programming\Thesis_G10\data\raw\CMU-MOSEI\segments\CKqDDh50gcU_000.mp4,data\preprocessed\features\z_at\CKqDDh50gcU_000.pt,data\preprocessed\features\z_v\CKqDDh50gcU_000.pt
CKqDDh50gcU_001,mosei_real,0,mosei_CKqDDh50gcU_001,,,-1,1,1,1,D:\Documents\Programming\Thesis_G10\data\raw\CMU-MOSEI\segments\CKqDDh50gcU_001.mp4,data\preprocessed\features\z_at\CKqDDh50gcU_001.pt,data\preprocessed\features\z_v\CKqDDh50gcU_001.pt
CL4hDu95Eqw_001,mosei_real,0,mosei_CL4hDu95Eqw_001,,,-1,1,1,1,D:\Documents\Programming\Thesis_G10\data\raw\CMU-MOSEI\segments\CL4hDu95Eqw_001.mp4,data\preprocessed\features\z_at\CL4hDu95Eqw_001.pt,data\preprocessed\features\z_v\CL4hDu95Eqw_001.pt
CL4hDu95Eqw_002,mosei_real,0,mosei_CL4hDu95Eqw_002,,,-1,1,1,1,D:\Documents\Programming\Thesis_G10\data\raw\CMU-MOSEI\segments\CL4hDu95Eqw_002.mp4,data\preprocessed\features\z_at\CL4hDu95Eqw_002.pt,data\preprocessed\features\z_v\CL4hDu95Eqw_002.pt
CL4hDu95Eqw_005,mosei_real,0,mosei_CL4hDu95Eqw_005,,,-1,1,1,1,D:\Documents\Programming\Thesis_G10\data\raw\CMU-MOSEI\segments\CL4hDu95Eqw_005.mp4,data\preprocessed\features\z_at\CL4hDu95Eqw_005.pt,data\preprocessed\features\z_v\CL4hDu95Eqw_005.pt
CO2YoTZbUr0_000,mosei_real,0,mosei_CO2YoTZbUr0_000,,,-1,1,1,1,D:\Documents\Programming\Thesis_G10\data\raw\CMU-MOSEI\segments\CO2YoTZbUr0_000.mp4,data\preprocessed\features\z_at\CO2YoTZbUr0_000.pt,data\preprocessed\features\z_v\CO2YoTZbUr0_000.pt
CO2YoTZbUr0_001,mosei_real,0,mosei_CO2YoTZbUr0_001,,,-1,1,1,1,D:\Documents\Programming\Thesis_G10\data\raw\CMU-MOSEI\segments\CO2YoTZbUr0_001.mp4,data\preprocessed\features\z_at\CO2YoTZbUr0_001.pt,data\preprocessed\features\z_v\CO2YoTZbUr0_001.pt
CO2YoTZbUr0_004,mosei_real,0,mosei_CO2YoTZbUr0_004,,,-1,1,1,1,D:\Documents\Programming\Thesis_G10\data\raw\CMU-MOSEI\segments\CO2YoTZbUr0_004.mp4,data\preprocessed\features\z_at\CO2YoTZbUr0_004.pt,data\preprocessed\features\z_v\CO2YoTZbUr0_004.pt
CO2YoTZbUr0_005,mosei_real,0,mosei_CO2YoTZbUr0_005,,,-1,1,1,1,D:\Documents\Programming\Thesis_G10\data\raw\CMU-MOSEI\segments\CO2YoTZbUr0_005.mp4,data\preprocessed\features\z_at\CO2YoTZbUr0_005.pt,data\preprocessed\features\z_v\CO2YoTZbUr0_005.pt
CO2YoTZbUr0_006,mosei_real,0,mosei_CO2YoTZbUr0_006,,,-1,1,1,1,D:\Documents\Programming\Thesis_G10\data\raw\CMU-MOSEI\segments\CO2YoTZbUr0_006.mp4,data\preprocessed\features\z_at\CO2YoTZbUr0_006.pt,data\preprocessed\features\z_v\CO2YoTZbUr0_006.pt
CO2YoTZbUr0_008,mosei_real,0,mosei_CO2YoTZbUr0_008,,,-1,1,1,1,D:\Documents\Programming\Thesis_G10\data\raw\CMU-MOSEI\segments\CO2YoTZbUr0_008.mp4,data\preprocessed\features\z_at\CO2YoTZbUr0_008.pt,data\preprocessed\features\z_v\CO2YoTZbUr0_008.pt
CO6n-skQJss_001,mosei_real,0,mosei_CO6n-skQJss_001,,,-1,1,1,1,D:\Documents\Programming\Thesis_G10\data\raw\CMU-MOSEI\segments\CO6n-skQJss_001.mp4,data\preprocessed\features\z_at\CO6n-skQJss_001.pt,data\preprocessed\features\z_v\CO6n-skQJss_001.pt
CPjbogfLHR4_000,mosei_real,0,mosei_CPjbogfLHR4_000,,,-1,1,1,1,D:\Documents\Programming\Thesis_G10\data\raw\CMU-MOSEI\segments\CPjbogfLHR4_000.mp4,data\preprocessed\features\z_at\CPjbogfLHR4_000.pt,data\preprocessed\features\z_v\CPjbogfLHR4_000.pt
CPjbogfLHR4_001,mosei_real,0,mosei_CPjbogfLHR4_001,,,-1,1,1,1,D:\Documents\Programming\Thesis_G10\data\raw\CMU-MOSEI\segments\CPjbogfLHR4_001.mp4,data\preprocessed\features\z_at\CPjbogfLHR4_001.pt,data\preprocessed\features\z_v\CPjbogfLHR4_001.pt
CPjbogfLHR4_002,mosei_real,0,mosei_CPjbogfLHR4_002,,,-1,1,1,1,D:\Documents\Programming\Thesis_G10\data\raw\CMU-MOSEI\segments\CPjbogfLHR4_002.mp4,data\preprocessed\features\z_at\CPjbogfLHR4_002.pt,data\preprocessed\features\z_v\CPjbogfLHR4_002.pt
CPjbogfLHR4_003,mosei_real,0,mosei_CPjbogfLHR4_003,,,-1,1,1,1,D:\Documents\Programming\Thesis_G10\data\raw\CMU-MOSEI\segments\CPjbogfLHR4_003.mp4,data\preprocessed\features\z_at\CPjbogfLHR4_003.pt,data\preprocessed\features\z_v\CPjbogfLHR4_003.pt
CPjbogfLHR4_005,mosei_real,0,mosei_CPjbogfLHR4_005,,,-1,1,1,1,D:\Documents\Programming\Thesis_G10\data\raw\CMU-MOSEI\segments\CPjbogfLHR4_005.mp4,data\preprocessed\features\z_at\CPjbogfLHR4_005.pt,data\preprocessed\features\z_v\CPjbogfLHR4_005.pt
CVx494kExvc_001,mosei_real,0,mosei_CVx494kExvc_001,,,-1,1,1,1,D:\Documents\Programming\Thesis_G10\data\raw\CMU-MOSEI\segments\CVx494kExvc_001.mp4,data\preprocessed\features\z_at\CVx494kExvc_001.pt,data\preprocessed\features\z_v\CVx494kExvc_001.pt
CVx494kExvc_002,mosei_real,0,mosei_CVx494kExvc_002,,,-1,1,1,1,D:\Documents\Programming\Thesis_G10\data\raw\CMU-MOSEI\segments\CVx494kExvc_002.mp4,data\preprocessed\features\z_at\CVx494kExvc_002.pt,data\preprocessed\features\z_v\CVx494kExvc_002.pt
CVx494kExvc_005,mosei_real,0,mosei_CVx494kExvc_005,,,-1,1,1,1,D:\Documents\Programming\Thesis_G10\data\raw\CMU-MOSEI\segments\CVx494kExvc_005.mp4,data\preprocessed\features\z_at\CVx494kExvc_005.pt,data\preprocessed\features\z_v\CVx494kExvc_005.pt
CVx494kExvc_010,mosei_real,0,mosei_CVx494kExvc_010,,,-1,1,1,1,D:\Documents\Programming\Thesis_G10\data\raw\CMU-MOSEI\segments\CVx494kExvc_010.mp4,data\preprocessed\features\z_at\CVx494kExvc_010.pt,data\preprocessed\features\z_v\CVx494kExvc_010.pt
CVx494kExvc_011,mosei_real,0,mosei_CVx494kExvc_011,,,-1,1,1,1,D:\Documents\Programming\Thesis_G10\data\raw\CMU-MOSEI\segments\CVx494kExvc_011.mp4,data\preprocessed\features\z_at\CVx494kExvc_011.pt,data\preprocessed\features\z_v\CVx494kExvc_011.pt
CXojk-oSaEw_000,mosei_real,0,mosei_CXojk-oSaEw_000,,,-1,1,1,1,D:\Documents\Programming\Thesis_G10\data\raw\CMU-MOSEI\segments\CXojk-oSaEw_000.mp4,data\preprocessed\features\z_at\CXojk-oSaEw_000.pt,data\preprocessed\features\z_v\CXojk-oSaEw_000.pt
CXojk-oSaEw_002,mosei_real,0,mosei_CXojk-oSaEw_002,,,-1,1,1,1,D:\Documents\Programming\Thesis_G10\data\raw\CMU-MOSEI\segments\CXojk-oSaEw_002.mp4,data\preprocessed\features\z_at\CXojk-oSaEw_002.pt,data\preprocessed\features\z_v\CXojk-oSaEw_002.pt
CXojk-oSaEw_003,mosei_real,0,mosei_CXojk-oSaEw_003,,,-1,1,1,1,D:\Documents\Programming\Thesis_G10\data\raw\CMU-MOSEI\segments\CXojk-oSaEw_003.mp4,data\preprocessed\features\z_at\CXojk-oSaEw_003.pt,data\preprocessed\features\z_v\CXojk-oSaEw_003.pt
CXvUdCdKTJY_002,mosei_real,0,mosei_CXvUdCdKTJY_002,,,-1,1,1,1,D:\Documents\Programming\Thesis_G10\data\raw\CMU-MOSEI\segments\CXvUdCdKTJY_002.mp4,data\preprocessed\features\z_at\CXvUdCdKTJY_002.pt,data\preprocessed\features\z_v\CXvUdCdKTJY_002.pt
CXvUdCdKTJY_003,mosei_real,0,mosei_CXvUdCdKTJY_003,,,-1,1,1,1,D:\Documents\Programming\Thesis_G10\data\raw\CMU-MOSEI\segments\CXvUdCdKTJY_003.mp4,data\preprocessed\features\z_at\CXvUdCdKTJY_003.pt,data\preprocessed\features\z_v\CXvUdCdKTJY_003.pt
CZVmxwrWv34_001,mosei_real,0,mosei_CZVmxwrWv34_001,,,-1,1,1,1,D:\Documents\Programming\Thesis_G10\data\raw\CMU-MOSEI\segments\CZVmxwrWv34_001.mp4,data\preprocessed\features\z_at\CZVmxwrWv34_001.pt,data\preprocessed\features\z_v\CZVmxwrWv34_001.pt
CZVmxwrWv34_002,mosei_real,0,mosei_CZVmxwrWv34_002,,,-1,1,1,1,D:\Documents\Programming\Thesis_G10\data\raw\CMU-MOSEI\segments\CZVmxwrWv34_002.mp4,data\preprocessed\features\z_at\CZVmxwrWv34_002.pt,data\preprocessed\features\z_v\CZVmxwrWv34_002.pt
CZVmxwrWv34_003,mosei_real,0,mosei_CZVmxwrWv34_003,,,-1,1,1,1,D:\Documents\Programming\Thesis_G10\data\raw\CMU-MOSEI\segments\CZVmxwrWv34_003.mp4,data\preprocessed\features\z_at\CZVmxwrWv34_003.pt,data\preprocessed\features\z_v\CZVmxwrWv34_003.pt
Cb8ay6WtJuM_001,mosei_real,0,mosei_Cb8ay6WtJuM_001,,,-1,1,1,1,D:\Documents\Programming\Thesis_G10\data\raw\CMU-MOSEI\segments\Cb8ay6WtJuM_001.mp4,data\preprocessed\features\z_at\Cb8ay6WtJuM_001.pt,data\preprocessed\features\z_v\Cb8ay6WtJuM_001.pt
Cb8ay6WtJuM_002,mosei_real,0,mosei_Cb8ay6WtJuM_002,,,-1,1,1,1,D:\Documents\Programming\Thesis_G10\data\raw\CMU-MOSEI\segments\Cb8ay6WtJuM_002.mp4,data\preprocessed\features\z_at\Cb8ay6WtJuM_002.pt,data\preprocessed\features\z_v\Cb8ay6WtJuM_002.pt
Cb8ay6WtJuM_003,mosei_real,0,mosei_Cb8ay6WtJuM_003,,,-1,1,1,1,D:\Documents\Programming\Thesis_G10\data\raw\CMU-MOSEI\segments\Cb8ay6WtJuM_003.mp4,data\preprocessed\features\z_at\Cb8ay6WtJuM_003.pt,data\preprocessed\features\z_v\Cb8ay6WtJuM_003.pt
Cb8ay6WtJuM_004,mosei_real,0,mosei_Cb8ay6WtJuM_004,,,-1,1,1,1,D:\Documents\Programming\Thesis_G10\data\raw\CMU-MOSEI\segments\Cb8ay6WtJuM_004.mp4,data\preprocessed\features\z_at\Cb8ay6WtJuM_004.pt,data\preprocessed\features\z_v\Cb8ay6WtJuM_004.pt
Cb8ay6WtJuM_005,mosei_real,0,mosei_Cb8ay6WtJuM_005,,,-1,1,1,1,D:\Documents\Programming\Thesis_G10\data\raw\CMU-MOSEI\segments\Cb8ay6WtJuM_005.mp4,data\preprocessed\features\z_at\Cb8ay6WtJuM_005.pt,data\preprocessed\features\z_v\Cb8ay6WtJuM_005.pt
Cb8ay6WtJuM_006,mosei_real,0,mosei_Cb8ay6WtJuM_006,,,-1,1,1,1,D:\Documents\Programming\Thesis_G10\data\raw\CMU-MOSEI\segments\Cb8ay6WtJuM_006.mp4,data\preprocessed\features\z_at\Cb8ay6WtJuM_006.pt,data\preprocessed\features\z_v\Cb8ay6WtJuM_006.pt
Cb8ay6WtJuM_008,mosei_real,0,mosei_Cb8ay6WtJuM_008,,,-1,1,1,1,D:\Documents\Programming\Thesis_G10\data\raw\CMU-MOSEI\segments\Cb8ay6WtJuM_008.mp4,data\preprocessed\features\z_at\Cb8ay6WtJuM_008.pt,data\preprocessed\features\z_v\Cb8ay6WtJuM_008.pt
CbRexsp1HKw_000,mosei_real,0,mosei_CbRexsp1HKw_000,,,-1,1,1,1,D:\Documents\Programming\Thesis_G10\data\raw\CMU-MOSEI\segments\CbRexsp1HKw_000.mp4,data\preprocessed\features\z_at\CbRexsp1HKw_000.pt,data\preprocessed\features\z_v\CbRexsp1HKw_000.pt
CbRexsp1HKw_004,mosei_real,0,mosei_CbRexsp1HKw_004,,,-1,1,1,1,D:\Documents\Programming\Thesis_G10\data\raw\CMU-MOSEI\segments\CbRexsp1HKw_004.mp4,data\preprocessed\features\z_at\CbRexsp1HKw_004.pt,data\preprocessed\features\z_v\CbRexsp1HKw_004.pt
Cd0JH1AreDw_001,mosei_real,0,mosei_Cd0JH1AreDw_001,,,-1,1,1,1,D:\Documents\Programming\Thesis_G10\data\raw\CMU-MOSEI\segments\Cd0JH1AreDw_001.mp4,data\preprocessed\features\z_at\Cd0JH1AreDw_001.pt,data\preprocessed\features\z_v\Cd0JH1AreDw_001.pt
Cd0JH1AreDw_003,mosei_real,0,mosei_Cd0JH1AreDw_003,,,-1,1,1,1,D:\Documents\Programming\Thesis_G10\data\raw\CMU-MOSEI\segments\Cd0JH1AreDw_003.mp4,data\preprocessed\features\z_at\Cd0JH1AreDw_003.pt,data\preprocessed\features\z_v\Cd0JH1AreDw_003.pt
Cd0JH1AreDw_004,mosei_real,0,mosei_Cd0JH1AreDw_004,,,-1,1,1,1,D:\Documents\Programming\Thesis_G10\data\raw\CMU-MOSEI\segments\Cd0JH1AreDw_004.mp4,data\preprocessed\features\z_at\Cd0JH1AreDw_004.pt,data\preprocessed\features\z_v\Cd0JH1AreDw_004.pt
Cd0JH1AreDw_005,mosei_real,0,mosei_Cd0JH1AreDw_005,,,-1,1,1,1,D:\Documents\Programming\Thesis_G10\data\raw\CMU-MOSEI\segments\Cd0JH1AreDw_005.mp4,data\preprocessed\features\z_at\Cd0JH1AreDw_005.pt,data\preprocessed\features\z_v\Cd0JH1AreDw_005.pt
CdB8QBhFccs_000,mosei_real,0,mosei_CdB8QBhFccs_000,,,-1,1,1,1,D:\Documents\Programming\Thesis_G10\data\raw\CMU-MOSEI\segments\CdB8QBhFccs_000.mp4,data\preprocessed\features\z_at\CdB8QBhFccs_000.pt,data\preprocessed\features\z_v\CdB8QBhFccs_000.pt
CdB8QBhFccs_001,mosei_real,0,mosei_CdB8QBhFccs_001,,,-1,1,1,1,D:\Documents\Programming\Thesis_G10\data\raw\CMU-MOSEI\segments\CdB8QBhFccs_001.mp4,data\preprocessed\features\z_at\CdB8QBhFccs_001.pt,data\preprocessed\features\z_v\CdB8QBhFccs_001.pt
CdB8QBhFccs_002,mosei_real,0,mosei_CdB8QBhFccs_002,,,-1,1,1,1,D:\Documents\Programming\Thesis_G10\data\raw\CMU-MOSEI\segments\CdB8QBhFccs_002.mp4,data\preprocessed\features\z_at\CdB8QBhFccs_002.pt,data\preprocessed\features\z_v\CdB8QBhFccs_002.pt
CdB8QBhFccs_004,mosei_real,0,mosei_CdB8QBhFccs_004,,,-1,1,1,1,D:\Documents\Programming\Thesis_G10\data\raw\CMU-MOSEI\segments\CdB8QBhFccs_004.mp4,data\preprocessed\features\z_at\CdB8QBhFccs_004.pt,data\preprocessed\features\z_v\CdB8QBhFccs_004.pt
CdB8QBhFccs_006,mosei_real,0,mosei_CdB8QBhFccs_006,,,-1,1,1,1,D:\Documents\Programming\Thesis_G10\data\raw\CMU-MOSEI\segments\CdB8QBhFccs_006.mp4,data\preprocessed\features\z_at\CdB8QBhFccs_006.pt,data\preprocessed\features\z_v\CdB8QBhFccs_006.pt
Ceu9AkIjuLY_005,mosei_real,0,mosei_Ceu9AkIjuLY_005,,,-1,1,1,1,D:\Documents\Programming\Thesis_G10\data\raw\CMU-MOSEI\segments\Ceu9AkIjuLY_005.mp4,data\preprocessed\features\z_at\Ceu9AkIjuLY_005.pt,data\preprocessed\features\z_v\Ceu9AkIjuLY_005.pt
Ceu9AkIjuLY_008,mosei_real,0,mosei_Ceu9AkIjuLY_008,,,-1,1,1,1,D:\Documents\Programming\Thesis_G10\data\raw\CMU-MOSEI\segments\Ceu9AkIjuLY_008.mp4,data\preprocessed\features\z_at\Ceu9AkIjuLY_008.pt,data\preprocessed\features\z_v\Ceu9AkIjuLY_008.pt
Ceu9AkIjuLY_009,mosei_real,0,mosei_Ceu9AkIjuLY_009,,,-1,1,1,1,D:\Documents\Programming\Thesis_G10\data\raw\CMU-MOSEI\segments\Ceu9AkIjuLY_009.mp4,data\preprocessed\features\z_at\Ceu9AkIjuLY_009.pt,data\preprocessed\features\z_v\Ceu9AkIjuLY_009.pt
ChhZna-aBK4_000,mosei_real,0,mosei_ChhZna-aBK4_000,,,-1,1,1,1,D:\Documents\Programming\Thesis_G10\data\raw\CMU-MOSEI\segments\ChhZna-aBK4_000.mp4,data\preprocessed\features\z_at\ChhZna-aBK4_000.pt,data\preprocessed\features\z_v\ChhZna-aBK4_000.pt
ChhZna-aBK4_001,mosei_real,0,mosei_ChhZna-aBK4_001,,,-1,1,1,1,D:\Documents\Programming\Thesis_G10\data\raw\CMU-MOSEI\segments\ChhZna-aBK4_001.mp4,data\preprocessed\features\z_at\ChhZna-aBK4_001.pt,data\preprocessed\features\z_v\ChhZna-aBK4_001.pt
ChhZna-aBK4_004,mosei_real,0,mosei_ChhZna-aBK4_004,,,-1,1,1,1,D:\Documents\Programming\Thesis_G10\data\raw\CMU-MOSEI\segments\ChhZna-aBK4_004.mp4,data\preprocessed\features\z_at\ChhZna-aBK4_004.pt,data\preprocessed\features\z_v\ChhZna-aBK4_004.pt
ChhZna-aBK4_006,mosei_real,0,mosei_ChhZna-aBK4_006,,,-1,1,1,1,D:\Documents\Programming\Thesis_G10\data\raw\CMU-MOSEI\segments\ChhZna-aBK4_006.mp4,data\preprocessed\features\z_at\ChhZna-aBK4_006.pt,data\preprocessed\features\z_v\ChhZna-aBK4_006.pt
ChhZna-aBK4_007,mosei_real,0,mosei_ChhZna-aBK4_007,,,-1,1,1,1,D:\Documents\Programming\Thesis_G10\data\raw\CMU-MOSEI\segments\ChhZna-aBK4_007.mp4,data\preprocessed\features\z_at\ChhZna-aBK4_007.pt,data\preprocessed\features\z_v\ChhZna-aBK4_007.pt
ChhZna-aBK4_008,mosei_real,0,mosei_ChhZna-aBK4_008,,,-1,1,1,1,D:\Documents\Programming\Thesis_G10\data\raw\CMU-MOSEI\segments\ChhZna-aBK4_008.mp4,data\preprocessed\features\z_at\ChhZna-aBK4_008.pt,data\preprocessed\features\z_v\ChhZna-aBK4_008.pt
ChhZna-aBK4_009,mosei_real,0,mosei_ChhZna-aBK4_009,,,-1,1,1,1,D:\Documents\Programming\Thesis_G10\data\raw\CMU-MOSEI\segments\ChhZna-aBK4_009.mp4,data\preprocessed\features\z_at\ChhZna-aBK4_009.pt,data\preprocessed\features\z_v\ChhZna-aBK4_009.pt
ChhZna-aBK4_010,mosei_real,0,mosei_ChhZna-aBK4_010,,,-1,1,1,1,D:\Documents\Programming\Thesis_G10\data\raw\CMU-MOSEI\segments\ChhZna-aBK4_010.mp4,data\preprocessed\features\z_at\ChhZna-aBK4_010.pt,data\preprocessed\features\z_v\ChhZna-aBK4_010.pt
ChhZna-aBK4_013,mosei_real,0,mosei_ChhZna-aBK4_013,,,-1,1,1,1,D:\Documents\Programming\Thesis_G10\data\raw\CMU-MOSEI\segments\ChhZna-aBK4_013.mp4,data\preprocessed\features\z_at\ChhZna-aBK4_013.pt,data\preprocessed\features\z_v\ChhZna-aBK4_013.pt
Cj7R36s4dbM_000,mosei_real,0,mosei_Cj7R36s4dbM_000,,,-1,1,1,1,D:\Documents\Programming\Thesis_G10\data\raw\CMU-MOSEI\segments\Cj7R36s4dbM_000.mp4,data\preprocessed\features\z_at\Cj7R36s4dbM_000.pt,data\preprocessed\features\z_v\Cj7R36s4dbM_000.pt
Cj7R36s4dbM_001,mosei_real,0,mosei_Cj7R36s4dbM_001,,,-1,1,1,1,D:\Documents\Programming\Thesis_G10\data\raw\CMU-MOSEI\segments\Cj7R36s4dbM_001.mp4,data\preprocessed\features\z_at\Cj7R36s4dbM_001.pt,data\preprocessed\features\z_v\Cj7R36s4dbM_001.pt
Cj7R36s4dbM_002,mosei_real,0,mosei_Cj7R36s4dbM_002,,,-1,1,1,1,D:\Documents\Programming\Thesis_G10\data\raw\CMU-MOSEI\segments\Cj7R36s4dbM_002.mp4,data\preprocessed\features\z_at\Cj7R36s4dbM_002.pt,data\preprocessed\features\z_v\Cj7R36s4dbM_002.pt
Cj7R36s4dbM_003,mosei_real,0,mosei_Cj7R36s4dbM_003,,,-1,1,1,1,D:\Documents\Programming\Thesis_G10\data\raw\CMU-MOSEI\segments\Cj7R36s4dbM_003.mp4,data\preprocessed\features\z_at\Cj7R36s4dbM_003.pt,data\preprocessed\features\z_v\Cj7R36s4dbM_003.pt
Cj7R36s4dbM_004,mosei_real,0,mosei_Cj7R36s4dbM_004,,,-1,1,1,1,D:\Documents\Programming\Thesis_G10\data\raw\CMU-MOSEI\segments\Cj7R36s4dbM_004.mp4,data\preprocessed\features\z_at\Cj7R36s4dbM_004.pt,data\preprocessed\features\z_v\Cj7R36s4dbM_004.pt
Cj7R36s4dbM_006,mosei_real,0,mosei_Cj7R36s4dbM_006,,,-1,1,1,1,D:\Documents\Programming\Thesis_G10\data\raw\CMU-MOSEI\segments\Cj7R36s4dbM_006.mp4,data\preprocessed\features\z_at\Cj7R36s4dbM_006.pt,data\preprocessed\features\z_v\Cj7R36s4dbM_006.pt
Cj7R36s4dbM_007,mosei_real,0,mosei_Cj7R36s4dbM_007,,,-1,1,1,1,D:\Documents\Programming\Thesis_G10\data\raw\CMU-MOSEI\segments\Cj7R36s4dbM_007.mp4,data\preprocessed\features\z_at\Cj7R36s4dbM_007.pt,data\preprocessed\features\z_v\Cj7R36s4dbM_007.pt
CqFt3_uka14_002,mosei_real,0,mosei_CqFt3_uka14_002,,,-1,1,1,1,D:\Documents\Programming\Thesis_G10\data\raw\CMU-MOSEI\segments\CqFt3_uka14_002.mp4,data\preprocessed\features\z_at\CqFt3_uka14_002.pt,data\preprocessed\features\z_v\CqFt3_uka14_002.pt
CqFt3_uka14_003,mosei_real,0,mosei_CqFt3_uka14_003,,,-1,1,1,1,D:\Documents\Programming\Thesis_G10\data\raw\CMU-MOSEI\segments\CqFt3_uka14_003.mp4,data\preprocessed\features\z_at\CqFt3_uka14_003.pt,data\preprocessed\features\z_v\CqFt3_uka14_003.pt
Ctc23Icfzvg_001,mosei_real,0,mosei_Ctc23Icfzvg_001,,,-1,1,1,1,D:\Documents\Programming\Thesis_G10\data\raw\CMU-MOSEI\segments\Ctc23Icfzvg_001.mp4,data\preprocessed\features\z_at\Ctc23Icfzvg_001.pt,data\preprocessed\features\z_v\Ctc23Icfzvg_001.pt
Ctc23Icfzvg_003,mosei_real,0,mosei_Ctc23Icfzvg_003,,,-1,1,1,1,D:\Documents\Programming\Thesis_G10\data\raw\CMU-MOSEI\segments\Ctc23Icfzvg_003.mp4,data\preprocessed\features\z_at\Ctc23Icfzvg_003.pt,data\preprocessed\features\z_v\Ctc23Icfzvg_003.pt
CvW0Mh1EWFA_001,mosei_real,0,mosei_CvW0Mh1EWFA_001,,,-1,1,1,1,D:\Documents\Programming\Thesis_G10\data\raw\CMU-MOSEI\segments\CvW0Mh1EWFA_001.mp4,data\preprocessed\features\z_at\CvW0Mh1EWFA_001.pt,data\preprocessed\features\z_v\CvW0Mh1EWFA_001.pt
CvW0Mh1EWFA_005,mosei_real,0,mosei_CvW0Mh1EWFA_005,,,-1,1,1,1,D:\Documents\Programming\Thesis_G10\data\raw\CMU-MOSEI\segments\CvW0Mh1EWFA_005.mp4,data\preprocessed\features\z_at\CvW0Mh1EWFA_005.pt,data\preprocessed\features\z_v\CvW0Mh1EWFA_005.pt
CzstrpOTtgo_000,mosei_real,0,mosei_CzstrpOTtgo_000,,,-1,1,1,1,D:\Documents\Programming\Thesis_G10\data\raw\CMU-MOSEI\segments\CzstrpOTtgo_000.mp4,data\preprocessed\features\z_at\CzstrpOTtgo_000.pt,data\preprocessed\features\z_v\CzstrpOTtgo_000.pt
CzstrpOTtgo_001,mosei_real,0,mosei_CzstrpOTtgo_001,,,-1,1,1,1,D:\Documents\Programming\Thesis_G10\data\raw\CMU-MOSEI\segments\CzstrpOTtgo_001.mp4,data\preprocessed\features\z_at\CzstrpOTtgo_001.pt,data\preprocessed\features\z_v\CzstrpOTtgo_001.pt
CzstrpOTtgo_003,mosei_real,0,mosei_CzstrpOTtgo_003,,,-1,1,1,1,D:\Documents\Programming\Thesis_G10\data\raw\CMU-MOSEI\segments\CzstrpOTtgo_003.mp4,data\preprocessed\features\z_at\CzstrpOTtgo_003.pt,data\preprocessed\features\z_v\CzstrpOTtgo_003.pt
D-DqVICJXBU_000,mosei_real,0,mosei_D-DqVICJXBU_000,,,-1,1,1,1,D:\Documents\Programming\Thesis_G10\data\raw\CMU-MOSEI\segments\D-DqVICJXBU_000.mp4,data\preprocessed\features\z_at\D-DqVICJXBU_000.pt,data\preprocessed\features\z_v\D-DqVICJXBU_000.pt
D02PT0bl88A_000,mosei_real,0,mosei_D02PT0bl88A_000,,,-1,1,1,1,D:\Documents\Programming\Thesis_G10\data\raw\CMU-MOSEI\segments\D02PT0bl88A_000.mp4,data\preprocessed\features\z_at\D02PT0bl88A_000.pt,data\preprocessed\features\z_v\D02PT0bl88A_000.pt
D5cQWqYcBAE_002,mosei_real,0,mosei_D5cQWqYcBAE_002,,,-1,1,1,1,D:\Documents\Programming\Thesis_G10\data\raw\CMU-MOSEI\segments\D5cQWqYcBAE_002.mp4,data\preprocessed\features\z_at\D5cQWqYcBAE_002.pt,data\preprocessed\features\z_v\D5cQWqYcBAE_002.pt
DEFDuYyc-Xw_000,mosei_real,0,mosei_DEFDuYyc-Xw_000,,,-1,1,1,1,D:\Documents\Programming\Thesis_G10\data\raw\CMU-MOSEI\segments\DEFDuYyc-Xw_000.mp4,data\preprocessed\features\z_at\DEFDuYyc-Xw_000.pt,data\preprocessed\features\z_v\DEFDuYyc-Xw_000.pt
DEFDuYyc-Xw_003,mosei_real,0,mosei_DEFDuYyc-Xw_003,,,-1,1,1,1,D:\Documents\Programming\Thesis_G10\data\raw\CMU-MOSEI\segments\DEFDuYyc-Xw_003.mp4,data\preprocessed\features\z_at\DEFDuYyc-Xw_003.pt,data\preprocessed\features\z_v\DEFDuYyc-Xw_003.pt
DEFDuYyc-Xw_004,mosei_real,0,mosei_DEFDuYyc-Xw_004,,,-1,1,1,1,D:\Documents\Programming\Thesis_G10\data\raw\CMU-MOSEI\segments\DEFDuYyc-Xw_004.mp4,data\preprocessed\features\z_at\DEFDuYyc-Xw_004.pt,data\preprocessed\features\z_v\DEFDuYyc-Xw_004.pt
DMtFQjrY7Hg_000,mosei_real,0,mosei_DMtFQjrY7Hg_000,,,-1,1,1,1,D:\Documents\Programming\Thesis_G10\data\raw\CMU-MOSEI\segments\DMtFQjrY7Hg_000.mp4,data\preprocessed\features\z_at\DMtFQjrY7Hg_000.pt,data\preprocessed\features\z_v\DMtFQjrY7Hg_000.pt
DMtFQjrY7Hg_001,mosei_real,0,mosei_DMtFQjrY7Hg_001,,,-1,1,1,1,D:\Documents\Programming\Thesis_G10\data\raw\CMU-MOSEI\segments\DMtFQjrY7Hg_001.mp4,data\preprocessed\features\z_at\DMtFQjrY7Hg_001.pt,data\preprocessed\features\z_v\DMtFQjrY7Hg_001.pt
DNzA2UIkRZk_000,mosei_real,0,mosei_DNzA2UIkRZk_000,,,-1,1,1,1,D:\Documents\Programming\Thesis_G10\data\raw\CMU-MOSEI\segments\DNzA2UIkRZk_000.mp4,data\preprocessed\features\z_at\DNzA2UIkRZk_000.pt,data\preprocessed\features\z_v\DNzA2UIkRZk_000.pt
DR65no1jCbg_002,mosei_real,0,mosei_DR65no1jCbg_002,,,-1,1,1,1,D:\Documents\Programming\Thesis_G10\data\raw\CMU-MOSEI\segments\DR65no1jCbg_002.mp4,data\preprocessed\features\z_at\DR65no1jCbg_002.pt,data\preprocessed\features\z_v\DR65no1jCbg_002.pt
DR9Hhpy8aA8_000,mosei_real,0,mosei_DR9Hhpy8aA8_000,,,-1,1,1,1,D:\Documents\Programming\Thesis_G10\data\raw\CMU-MOSEI\segments\DR9Hhpy8aA8_000.mp4,data\preprocessed\features\z_at\DR9Hhpy8aA8_000.pt,data\preprocessed\features\z_v\DR9Hhpy8aA8_000.pt
DR9Hhpy8aA8_001,mosei_real,0,mosei_DR9Hhpy8aA8_001,,,-1,1,1,1,D:\Documents\Programming\Thesis_G10\data\raw\CMU-MOSEI\segments\DR9Hhpy8aA8_001.mp4,data\preprocessed\features\z_at\DR9Hhpy8aA8_001.pt,data\preprocessed\features\z_v\DR9Hhpy8aA8_001.pt
DR9Hhpy8aA8_002,mosei_real,0,mosei_DR9Hhpy8aA8_002,,,-1,1,1,1,D:\Documents\Programming\Thesis_G10\data\raw\CMU-MOSEI\segments\DR9Hhpy8aA8_002.mp4,data\preprocessed\features\z_at\DR9Hhpy8aA8_002.pt,data\preprocessed\features\z_v\DR9Hhpy8aA8_002.pt
DXQGngge7vU_000,mosei_real,0,mosei_DXQGngge7vU_000,,,-1,1,1,1,D:\Documents\Programming\Thesis_G10\data\raw\CMU-MOSEI\segments\DXQGngge7vU_000.mp4,data\preprocessed\features\z_at\DXQGngge7vU_000.pt,data\preprocessed\features\z_v\DXQGngge7vU_000.pt
DXQGngge7vU_001,mosei_real,0,mosei_DXQGngge7vU_001,,,-1,1,1,1,D:\Documents\Programming\Thesis_G10\data\raw\CMU-MOSEI\segments\DXQGngge7vU_001.mp4,data\preprocessed\features\z_at\DXQGngge7vU_001.pt,data\preprocessed\features\z_v\DXQGngge7vU_001.pt
DXQGngge7vU_002,mosei_real,0,mosei_DXQGngge7vU_002,,,-1,1,1,1,D:\Documents\Programming\Thesis_G10\data\raw\CMU-MOSEI\segments\DXQGngge7vU_002.mp4,data\preprocessed\features\z_at\DXQGngge7vU_002.pt,data\preprocessed\features\z_v\DXQGngge7vU_002.pt
DXQGngge7vU_004,mosei_real,0,mosei_DXQGngge7vU_004,,,-1,1,1,1,D:\Documents\Programming\Thesis_G10\data\raw\CMU-MOSEI\segments\DXQGngge7vU_004.mp4,data\preprocessed\features\z_at\DXQGngge7vU_004.pt,data\preprocessed\features\z_v\DXQGngge7vU_004.pt
DXQGngge7vU_005,mosei_real,0,mosei_DXQGngge7vU_005,,,-1,1,1,1,D:\Documents\Programming\Thesis_G10\data\raw\CMU-MOSEI\segments\DXQGngge7vU_005.mp4,data\preprocessed\features\z_at\DXQGngge7vU_005.pt,data\preprocessed\features\z_v\DXQGngge7vU_005.pt
DZIFCYOhosQ_000,mosei_real,0,mosei_DZIFCYOhosQ_000,,,-1,1,1,1,D:\Documents\Programming\Thesis_G10\data\raw\CMU-MOSEI\segments\DZIFCYOhosQ_000.mp4,data\preprocessed\features\z_at\DZIFCYOhosQ_000.pt,data\preprocessed\features\z_v\DZIFCYOhosQ_000.pt
DZIFCYOhosQ_003,mosei_real,0,mosei_DZIFCYOhosQ_003,,,-1,1,1,1,D:\Documents\Programming\Thesis_G10\data\raw\CMU-MOSEI\segments\DZIFCYOhosQ_003.mp4,data\preprocessed\features\z_at\DZIFCYOhosQ_003.pt,data\preprocessed\features\z_v\DZIFCYOhosQ_003.pt
DZIFCYOhosQ_004,mosei_real,0,mosei_DZIFCYOhosQ_004,,,-1,1,1,1,D:\Documents\Programming\Thesis_G10\data\raw\CMU-MOSEI\segments\DZIFCYOhosQ_004.mp4,data\preprocessed\features\z_at\DZIFCYOhosQ_004.pt,data\preprocessed\features\z_v\DZIFCYOhosQ_004.pt
DZIFCYOhosQ_005,mosei_real,0,mosei_DZIFCYOhosQ_005,,,-1,1,1,1,D:\Documents\Programming\Thesis_G10\data\raw\CMU-MOSEI\segments\DZIFCYOhosQ_005.mp4,data\preprocessed\features\z_at\DZIFCYOhosQ_005.pt,data\preprocessed\features\z_v\DZIFCYOhosQ_005.pt
DZIFCYOhosQ_007,mosei_real,0,mosei_DZIFCYOhosQ_007,,,-1,1,1,1,D:\Documents\Programming\Thesis_G10\data\raw\CMU-MOSEI\segments\DZIFCYOhosQ_007.mp4,data\preprocessed\features\z_at\DZIFCYOhosQ_007.pt,data\preprocessed\features\z_v\DZIFCYOhosQ_007.pt
DZIFCYOhosQ_008,mosei_real,0,mosei_DZIFCYOhosQ_008,,,-1,1,1,1,D:\Documents\Programming\Thesis_G10\data\raw\CMU-MOSEI\segments\DZIFCYOhosQ_008.mp4,data\preprocessed\features\z_at\DZIFCYOhosQ_008.pt,data\preprocessed\features\z_v\DZIFCYOhosQ_008.pt
DZIFCYOhosQ_009,mosei_real,0,mosei_DZIFCYOhosQ_009,,,-1,1,1,1,D:\Documents\Programming\Thesis_G10\data\raw\CMU-MOSEI\segments\DZIFCYOhosQ_009.mp4,data\preprocessed\features\z_at\DZIFCYOhosQ_009.pt,data\preprocessed\features\z_v\DZIFCYOhosQ_009.pt
DaXkixKFEvE_000,mosei_real,0,mosei_DaXkixKFEvE_000,,,-1,1,1,1,D:\Documents\Programming\Thesis_G10\data\raw\CMU-MOSEI\segments\DaXkixKFEvE_000.mp4,data\preprocessed\features\z_at\DaXkixKFEvE_000.pt,data\preprocessed\features\z_v\DaXkixKFEvE_000.pt
DaXkixKFEvE_001,mosei_real,0,mosei_DaXkixKFEvE_001,,,-1,1,1,1,D:\Documents\Programming\Thesis_G10\data\raw\CMU-MOSEI\segments\DaXkixKFEvE_001.mp4,data\preprocessed\features\z_at\DaXkixKFEvE_001.pt,data\preprocessed\features\z_v\DaXkixKFEvE_001.pt
DatH-ra0VKY_004,mosei_real,0,mosei_DatH-ra0VKY_004,,,-1,1,1,1,D:\Documents\Programming\Thesis_G10\data\raw\CMU-MOSEI\segments\DatH-ra0VKY_004.mp4,data\preprocessed\features\z_at\DatH-ra0VKY_004.pt,data\preprocessed\features\z_v\DatH-ra0VKY_004.pt
DbAppk7xT0Y_000,mosei_real,0,mosei_DbAppk7xT0Y_000,,,-1,1,1,1,D:\Documents\Programming\Thesis_G10\data\raw\CMU-MOSEI\segments\DbAppk7xT0Y_000.mp4,data\preprocessed\features\z_at\DbAppk7xT0Y_000.pt,data\preprocessed\features\z_v\DbAppk7xT0Y_000.pt
DbAppk7xT0Y_001,mosei_real,0,mosei_DbAppk7xT0Y_001,,,-1,1,1,1,D:\Documents\Programming\Thesis_G10\data\raw\CMU-MOSEI\segments\DbAppk7xT0Y_001.mp4,data\preprocessed\features\z_at\DbAppk7xT0Y_001.pt,data\preprocessed\features\z_v\DbAppk7xT0Y_001.pt
DbAppk7xT0Y_002,mosei_real,0,mosei_DbAppk7xT0Y_002,,,-1,1,1,1,D:\Documents\Programming\Thesis_G10\data\raw\CMU-MOSEI\segments\DbAppk7xT0Y_002.mp4,data\preprocessed\features\z_at\DbAppk7xT0Y_002.pt,data\preprocessed\features\z_v\DbAppk7xT0Y_002.pt
DbAppk7xT0Y_005,mosei_real,0,mosei_DbAppk7xT0Y_005,,,-1,1,1,1,D:\Documents\Programming\Thesis_G10\data\raw\CMU-MOSEI\segments\DbAppk7xT0Y_005.mp4,data\preprocessed\features\z_at\DbAppk7xT0Y_005.pt,data\preprocessed\features\z_v\DbAppk7xT0Y_005.pt
DbAppk7xT0Y_006,mosei_real,0,mosei_DbAppk7xT0Y_006,,,-1,1,1,1,D:\Documents\Programming\Thesis_G10\data\raw\CMU-MOSEI\segments\DbAppk7xT0Y_006.mp4,data\preprocessed\features\z_at\DbAppk7xT0Y_006.pt,data\preprocessed\features\z_v\DbAppk7xT0Y_006.pt
DebbnL-_rnI_000,mosei_real,0,mosei_DebbnL-_rnI_000,,,-1,1,1,1,D:\Documents\Programming\Thesis_G10\data\raw\CMU-MOSEI\segments\DebbnL-_rnI_000.mp4,data\preprocessed\features\z_at\DebbnL-_rnI_000.pt,data\preprocessed\features\z_v\DebbnL-_rnI_000.pt
DebbnL-_rnI_001,mosei_real,0,mosei_DebbnL-_rnI_001,,,-1,1,1,1,D:\Documents\Programming\Thesis_G10\data\raw\CMU-MOSEI\segments\DebbnL-_rnI_001.mp4,data\preprocessed\features\z_at\DebbnL-_rnI_001.pt,data\preprocessed\features\z_v\DebbnL-_rnI_001.pt
DhXBaBOB4E8_000,mosei_real,0,mosei_DhXBaBOB4E8_000,,,-1,1,1,1,D:\Documents\Programming\Thesis_G10\data\raw\CMU-MOSEI\segments\DhXBaBOB4E8_000.mp4,data\preprocessed\features\z_at\DhXBaBOB4E8_000.pt,data\preprocessed\features\z_v\DhXBaBOB4E8_000.pt
DiOw-w5LDJ0_002,mosei_real,0,mosei_DiOw-w5LDJ0_002,,,-1,1,1,1,D:\Documents\Programming\Thesis_G10\data\raw\CMU-MOSEI\segments\DiOw-w5LDJ0_002.mp4,data\preprocessed\features\z_at\DiOw-w5LDJ0_002.pt,data\preprocessed\features\z_v\DiOw-w5LDJ0_002.pt
DiOw-w5LDJ0_003,mosei_real,0,mosei_DiOw-w5LDJ0_003,,,-1,1,1,1,D:\Documents\Programming\Thesis_G10\data\raw\CMU-MOSEI\segments\DiOw-w5LDJ0_003.mp4,data\preprocessed\features\z_at\DiOw-w5LDJ0_003.pt,data\preprocessed\features\z_v\DiOw-w5LDJ0_003.pt
DiOw-w5LDJ0_005,mosei_real,0,mosei_DiOw-w5LDJ0_005,,,-1,1,1,1,D:\Documents\Programming\Thesis_G10\data\raw\CMU-MOSEI\segments\DiOw-w5LDJ0_005.mp4,data\preprocessed\features\z_at\DiOw-w5LDJ0_005.pt,data\preprocessed\features\z_v\DiOw-w5LDJ0_005.pt
DjcZrtcBZi4_000,mosei_real,0,mosei_DjcZrtcBZi4_000,,,-1,1,1,1,D:\Documents\Programming\Thesis_G10\data\raw\CMU-MOSEI\segments\DjcZrtcBZi4_000.mp4,data\preprocessed\features\z_at\DjcZrtcBZi4_000.pt,data\preprocessed\features\z_v\DjcZrtcBZi4_000.pt
DjcZrtcBZi4_001,mosei_real,0,mosei_DjcZrtcBZi4_001,,,-1,1,1,1,D:\Documents\Programming\Thesis_G10\data\raw\CMU-MOSEI\segments\DjcZrtcBZi4_001.mp4,data\preprocessed\features\z_at\DjcZrtcBZi4_001.pt,data\preprocessed\features\z_v\DjcZrtcBZi4_001.pt
DjcZrtcBZi4_004,mosei_real,0,mosei_DjcZrtcBZi4_004,,,-1,1,1,1,D:\Documents\Programming\Thesis_G10\data\raw\CMU-MOSEI\segments\DjcZrtcBZi4_004.mp4,data\preprocessed\features\z_at\DjcZrtcBZi4_004.pt,data\preprocessed\features\z_v\DjcZrtcBZi4_004.pt
DjcZrtcBZi4_006,mosei_real,0,mosei_DjcZrtcBZi4_006,,,-1,1,1,1,D:\Documents\Programming\Thesis_G10\data\raw\CMU-MOSEI\segments\DjcZrtcBZi4_006.mp4,data\preprocessed\features\z_at\DjcZrtcBZi4_006.pt,data\preprocessed\features\z_v\DjcZrtcBZi4_006.pt
DjcZrtcBZi4_007,mosei_real,0,mosei_DjcZrtcBZi4_007,,,-1,1,1,1,D:\Documents\Programming\Thesis_G10\data\raw\CMU-MOSEI\segments\DjcZrtcBZi4_007.mp4,data\preprocessed\features\z_at\DjcZrtcBZi4_007.pt,data\preprocessed\features\z_v\DjcZrtcBZi4_007.pt
DlbYiwOnTyk_000,mosei_real,0,mosei_DlbYiwOnTyk_000,,,-1,1,1,1,D:\Documents\Programming\Thesis_G10\data\raw\CMU-MOSEI\segments\DlbYiwOnTyk_000.mp4,data\preprocessed\features\z_at\DlbYiwOnTyk_000.pt,data\preprocessed\features\z_v\DlbYiwOnTyk_000.pt
DlbYiwOnTyk_002,mosei_real,0,mosei_DlbYiwOnTyk_002,,,-1,1,1,1,D:\Documents\Programming\Thesis_G10\data\raw\CMU-MOSEI\segments\DlbYiwOnTyk_002.mp4,data\preprocessed\features\z_at\DlbYiwOnTyk_002.pt,data\preprocessed\features\z_v\DlbYiwOnTyk_002.pt
DlbYiwOnTyk_003,mosei_real,0,mosei_DlbYiwOnTyk_003,,,-1,1,1,1,D:\Documents\Programming\Thesis_G10\data\raw\CMU-MOSEI\segments\DlbYiwOnTyk_003.mp4,data\preprocessed\features\z_at\DlbYiwOnTyk_003.pt,data\preprocessed\features\z_v\DlbYiwOnTyk_003.pt
DnBHq5I52LM_002,mosei_real,0,mosei_DnBHq5I52LM_002,,,-1,1,1,1,D:\Documents\Programming\Thesis_G10\data\raw\CMU-MOSEI\segments\DnBHq5I52LM_002.mp4,data\preprocessed\features\z_at\DnBHq5I52LM_002.pt,data\preprocessed\features\z_v\DnBHq5I52LM_002.pt
DnBHq5I52LM_003,mosei_real,0,mosei_DnBHq5I52LM_003,,,-1,1,1,1,D:\Documents\Programming\Thesis_G10\data\raw\CMU-MOSEI\segments\DnBHq5I52LM_003.mp4,data\preprocessed\features\z_at\DnBHq5I52LM_003.pt,data\preprocessed\features\z_v\DnBHq5I52LM_003.pt
DnBHq5I52LM_005,mosei_real,0,mosei_DnBHq5I52LM_005,,,-1,1,1,1,D:\Documents\Programming\Thesis_G10\data\raw\CMU-MOSEI\segments\DnBHq5I52LM_005.mp4,data\preprocessed\features\z_at\DnBHq5I52LM_005.pt,data\preprocessed\features\z_v\DnBHq5I52LM_005.pt
DnBHq5I52LM_006,mosei_real,0,mosei_DnBHq5I52LM_006,,,-1,1,1,1,D:\Documents\Programming\Thesis_G10\data\raw\CMU-MOSEI\segments\DnBHq5I52LM_006.mp4,data\preprocessed\features\z_at\DnBHq5I52LM_006.pt,data\preprocessed\features\z_v\DnBHq5I52LM_006.pt
DnBHq5I52LM_007,mosei_real,0,mosei_DnBHq5I52LM_007,,,-1,1,1,1,D:\Documents\Programming\Thesis_G10\data\raw\CMU-MOSEI\segments\DnBHq5I52LM_007.mp4,data\preprocessed\features\z_at\DnBHq5I52LM_007.pt,data\preprocessed\features\z_v\DnBHq5I52LM_007.pt
Dnhxm6sHQpc_000,mosei_real,0,mosei_Dnhxm6sHQpc_000,,,-1,1,1,1,D:\Documents\Programming\Thesis_G10\data\raw\CMU-MOSEI\segments\Dnhxm6sHQpc_000.mp4,data\preprocessed\features\z_at\Dnhxm6sHQpc_000.pt,data\preprocessed\features\z_v\Dnhxm6sHQpc_000.pt
Dnhxm6sHQpc_001,mosei_real,0,mosei_Dnhxm6sHQpc_001,,,-1,1,1,1,D:\Documents\Programming\Thesis_G10\data\raw\CMU-MOSEI\segments\Dnhxm6sHQpc_001.mp4,data\preprocessed\features\z_at\Dnhxm6sHQpc_001.pt,data\preprocessed\features\z_v\Dnhxm6sHQpc_001.pt
Dnhxm6sHQpc_002,mosei_real,0,mosei_Dnhxm6sHQpc_002,,,-1,1,1,1,D:\Documents\Programming\Thesis_G10\data\raw\CMU-MOSEI\segments\Dnhxm6sHQpc_002.mp4,data\preprocessed\features\z_at\Dnhxm6sHQpc_002.pt,data\preprocessed\features\z_v\Dnhxm6sHQpc_002.pt
DtbT85s3i94_000,mosei_real,0,mosei_DtbT85s3i94_000,,,-1,1,1,1,D:\Documents\Programming\Thesis_G10\data\raw\CMU-MOSEI\segments\DtbT85s3i94_000.mp4,data\preprocessed\features\z_at\DtbT85s3i94_000.pt,data\preprocessed\features\z_v\DtbT85s3i94_000.pt
DtbT85s3i94_001,mosei_real,0,mosei_DtbT85s3i94_001,,,-1,1,1,1,D:\Documents\Programming\Thesis_G10\data\raw\CMU-MOSEI\segments\DtbT85s3i94_001.mp4,data\preprocessed\features\z_at\DtbT85s3i94_001.pt,data\preprocessed\features\z_v\DtbT85s3i94_001.pt
DtbT85s3i94_003,mosei_real,0,mosei_DtbT85s3i94_003,,,-1,1,1,1,D:\Documents\Programming\Thesis_G10\data\raw\CMU-MOSEI\segments\DtbT85s3i94_003.mp4,data\preprocessed\features\z_at\DtbT85s3i94_003.pt,data\preprocessed\features\z_v\DtbT85s3i94_003.pt
DtbT85s3i94_004,mosei_real,0,mosei_DtbT85s3i94_004,,,-1,1,1,1,D:\Documents\Programming\Thesis_G10\data\raw\CMU-MOSEI\segments\DtbT85s3i94_004.mp4,data\preprocessed\features\z_at\DtbT85s3i94_004.pt,data\preprocessed\features\z_v\DtbT85s3i94_004.pt
DtwbwyfajnI_000,mosei_real,0,mosei_DtwbwyfajnI_000,,,-1,1,1,1,D:\Documents\Programming\Thesis_G10\data\raw\CMU-MOSEI\segments\DtwbwyfajnI_000.mp4,data\preprocessed\features\z_at\DtwbwyfajnI_000.pt,data\preprocessed\features\z_v\DtwbwyfajnI_000.pt
DtwbwyfajnI_001,mosei_real,0,mosei_DtwbwyfajnI_001,,,-1,1,1,1,D:\Documents\Programming\Thesis_G10\data\raw\CMU-MOSEI\segments\DtwbwyfajnI_001.mp4,data\preprocessed\features\z_at\DtwbwyfajnI_001.pt,data\preprocessed\features\z_v\DtwbwyfajnI_001.pt
DtwbwyfajnI_003,mosei_real,0,mosei_DtwbwyfajnI_003,,,-1,1,1,1,D:\Documents\Programming\Thesis_G10\data\raw\CMU-MOSEI\segments\DtwbwyfajnI_003.mp4,data\preprocessed\features\z_at\DtwbwyfajnI_003.pt,data\preprocessed\features\z_v\DtwbwyfajnI_003.pt
DzdPl68gV5o_000,mosei_real,0,mosei_DzdPl68gV5o_000,,,-1,1,1,1,D:\Documents\Programming\Thesis_G10\data\raw\CMU-MOSEI\segments\DzdPl68gV5o_000.mp4,data\preprocessed\features\z_at\DzdPl68gV5o_000.pt,data\preprocessed\features\z_v\DzdPl68gV5o_000.pt
DzdPl68gV5o_001,mosei_real,0,mosei_DzdPl68gV5o_001,,,-1,1,1,1,D:\Documents\Programming\Thesis_G10\data\raw\CMU-MOSEI\segments\DzdPl68gV5o_001.mp4,data\preprocessed\features\z_at\DzdPl68gV5o_001.pt,data\preprocessed\features\z_v\DzdPl68gV5o_001.pt
E05bA058vts_000,mosei_real,0,mosei_E05bA058vts_000,,,-1,1,1,1,D:\Documents\Programming\Thesis_G10\data\raw\CMU-MOSEI\segments\E05bA058vts_000.mp4,data\preprocessed\features\z_at\E05bA058vts_000.pt,data\preprocessed\features\z_v\E05bA058vts_000.pt
E1r0FrFyNTw_001,mosei_real,0,mosei_E1r0FrFyNTw_001,,,-1,1,1,1,D:\Documents\Programming\Thesis_G10\data\raw\CMU-MOSEI\segments\E1r0FrFyNTw_001.mp4,data\preprocessed\features\z_at\E1r0FrFyNTw_001.pt,data\preprocessed\features\z_v\E1r0FrFyNTw_001.pt
E1r0FrFyNTw_002,mosei_real,0,mosei_E1r0FrFyNTw_002,,,-1,1,1,1,D:\Documents\Programming\Thesis_G10\data\raw\CMU-MOSEI\segments\E1r0FrFyNTw_002.mp4,data\preprocessed\features\z_at\E1r0FrFyNTw_002.pt,data\preprocessed\features\z_v\E1r0FrFyNTw_002.pt
E7ZLz3tSwNM_000,mosei_real,0,mosei_E7ZLz3tSwNM_000,,,-1,1,1,1,D:\Documents\Programming\Thesis_G10\data\raw\CMU-MOSEI\segments\E7ZLz3tSwNM_000.mp4,data\preprocessed\features\z_at\E7ZLz3tSwNM_000.pt,data\preprocessed\features\z_v\E7ZLz3tSwNM_000.pt
E7ZLz3tSwNM_002,mosei_real,0,mosei_E7ZLz3tSwNM_002,,,-1,1,1,1,D:\Documents\Programming\Thesis_G10\data\raw\CMU-MOSEI\segments\E7ZLz3tSwNM_002.mp4,data\preprocessed\features\z_at\E7ZLz3tSwNM_002.pt,data\preprocessed\features\z_v\E7ZLz3tSwNM_002.pt
E8MuzHUhUHk_002,mosei_real,0,mosei_E8MuzHUhUHk_002,,,-1,1,1,1,D:\Documents\Programming\Thesis_G10\data\raw\CMU-MOSEI\segments\E8MuzHUhUHk_002.mp4,data\preprocessed\features\z_at\E8MuzHUhUHk_002.pt,data\preprocessed\features\z_v\E8MuzHUhUHk_002.pt
E8MuzHUhUHk_004,mosei_real,0,mosei_E8MuzHUhUHk_004,,,-1,1,1,1,D:\Documents\Programming\Thesis_G10\data\raw\CMU-MOSEI\segments\E8MuzHUhUHk_004.mp4,data\preprocessed\features\z_at\E8MuzHUhUHk_004.pt,data\preprocessed\features\z_v\E8MuzHUhUHk_004.pt
E8MuzHUhUHk_007,mosei_real,0,mosei_E8MuzHUhUHk_007,,,-1,1,1,1,D:\Documents\Programming\Thesis_G10\data\raw\CMU-MOSEI\segments\E8MuzHUhUHk_007.mp4,data\preprocessed\features\z_at\E8MuzHUhUHk_007.pt,data\preprocessed\features\z_v\E8MuzHUhUHk_007.pt
E8MuzHUhUHk_010,mosei_real,0,mosei_E8MuzHUhUHk_010,,,-1,1,1,1,D:\Documents\Programming\Thesis_G10\data\raw\CMU-MOSEI\segments\E8MuzHUhUHk_010.mp4,data\preprocessed\features\z_at\E8MuzHUhUHk_010.pt,data\preprocessed\features\z_v\E8MuzHUhUHk_010.pt
EEjCkc82oyk_000,mosei_real,0,mosei_EEjCkc82oyk_000,,,-1,1,1,1,D:\Documents\Programming\Thesis_G10\data\raw\CMU-MOSEI\segments\EEjCkc82oyk_000.mp4,data\preprocessed\features\z_at\EEjCkc82oyk_000.pt,data\preprocessed\features\z_v\EEjCkc82oyk_000.pt
EEjCkc82oyk_001,mosei_real,0,mosei_EEjCkc82oyk_001,,,-1,1,1,1,D:\Documents\Programming\Thesis_G10\data\raw\CMU-MOSEI\segments\EEjCkc82oyk_001.mp4,data\preprocessed\features\z_at\EEjCkc82oyk_001.pt,data\preprocessed\features\z_v\EEjCkc82oyk_001.pt
EEjCkc82oyk_004,mosei_real,0,mosei_EEjCkc82oyk_004,,,-1,1,1,1,D:\Documents\Programming\Thesis_G10\data\raw\CMU-MOSEI\segments\EEjCkc82oyk_004.mp4,data\preprocessed\features\z_at\EEjCkc82oyk_004.pt,data\preprocessed\features\z_v\EEjCkc82oyk_004.pt
EEjCkc82oyk_005,mosei_real,0,mosei_EEjCkc82oyk_005,,,-1,1,1,1,D:\Documents\Programming\Thesis_G10\data\raw\CMU-MOSEI\segments\EEjCkc82oyk_005.mp4,data\preprocessed\features\z_at\EEjCkc82oyk_005.pt,data\preprocessed\features\z_v\EEjCkc82oyk_005.pt
EEjCkc82oyk_007,mosei_real,0,mosei_EEjCkc82oyk_007,,,-1,1,1,1,D:\Documents\Programming\Thesis_G10\data\raw\CMU-MOSEI\segments\EEjCkc82oyk_007.mp4,data\preprocessed\features\z_at\EEjCkc82oyk_007.pt,data\preprocessed\features\z_v\EEjCkc82oyk_007.pt
EJT25p7JahU_003,mosei_real,0,mosei_EJT25p7JahU_003,,,-1,1,1,1,D:\Documents\Programming\Thesis_G10\data\raw\CMU-MOSEI\segments\EJT25p7JahU_003.mp4,data\preprocessed\features\z_at\EJT25p7JahU_003.pt,data\preprocessed\features\z_v\EJT25p7JahU_003.pt
EMS14J0odIE_001,mosei_real,0,mosei_EMS14J0odIE_001,,,-1,1,1,1,D:\Documents\Programming\Thesis_G10\data\raw\CMU-MOSEI\segments\EMS14J0odIE_001.mp4,data\preprocessed\features\z_at\EMS14J0odIE_001.pt,data\preprocessed\features\z_v\EMS14J0odIE_001.pt
EO_SN04Xef0_001,mosei_real,0,mosei_EO_SN04Xef0_001,,,-1,1,1,1,D:\Documents\Programming\Thesis_G10\data\raw\CMU-MOSEI\segments\EO_SN04Xef0_001.mp4,data\preprocessed\features\z_at\EO_SN04Xef0_001.pt,data\preprocessed\features\z_v\EO_SN04Xef0_001.pt
EO_SN04Xef0_004,mosei_real,0,mosei_EO_SN04Xef0_004,,,-1,1,1,1,D:\Documents\Programming\Thesis_G10\data\raw\CMU-MOSEI\segments\EO_SN04Xef0_004.mp4,data\preprocessed\features\z_at\EO_SN04Xef0_004.pt,data\preprocessed\features\z_v\EO_SN04Xef0_004.pt
EOkdFMw0pmk_002,mosei_real,0,mosei_EOkdFMw0pmk_002,,,-1,1,1,1,D:\Documents\Programming\Thesis_G10\data\raw\CMU-MOSEI\segments\EOkdFMw0pmk_002.mp4,data\preprocessed\features\z_at\EOkdFMw0pmk_002.pt,data\preprocessed\features\z_v\EOkdFMw0pmk_002.pt
EOkdFMw0pmk_003,mosei_real,0,mosei_EOkdFMw0pmk_003,,,-1,1,1,1,D:\Documents\Programming\Thesis_G10\data\raw\CMU-MOSEI\segments\EOkdFMw0pmk_003.mp4,data\preprocessed\features\z_at\EOkdFMw0pmk_003.pt,data\preprocessed\features\z_v\EOkdFMw0pmk_003.pt
EOkdFMw0pmk_004,mosei_real,0,mosei_EOkdFMw0pmk_004,,,-1,1,1,1,D:\Documents\Programming\Thesis_G10\data\raw\CMU-MOSEI\segments\EOkdFMw0pmk_004.mp4,data\preprocessed\features\z_at\EOkdFMw0pmk_004.pt,data\preprocessed\features\z_v\EOkdFMw0pmk_004.pt
EOkdFMw0pmk_005,mosei_real,0,mosei_EOkdFMw0pmk_005,,,-1,1,1,1,D:\Documents\Programming\Thesis_G10\data\raw\CMU-MOSEI\segments\EOkdFMw0pmk_005.mp4,data\preprocessed\features\z_at\EOkdFMw0pmk_005.pt,data\preprocessed\features\z_v\EOkdFMw0pmk_005.pt
EOkdFMw0pmk_006,mosei_real,0,mosei_EOkdFMw0pmk_006,,,-1,1,1,1,D:\Documents\Programming\Thesis_G10\data\raw\CMU-MOSEI\segments\EOkdFMw0pmk_006.mp4,data\preprocessed\features\z_at\EOkdFMw0pmk_006.pt,data\preprocessed\features\z_v\EOkdFMw0pmk_006.pt
EOkdFMw0pmk_007,mosei_real,0,mosei_EOkdFMw0pmk_007,,,-1,1,1,1,D:\Documents\Programming\Thesis_G10\data\raw\CMU-MOSEI\segments\EOkdFMw0pmk_007.mp4,data\preprocessed\features\z_at\EOkdFMw0pmk_007.pt,data\preprocessed\features\z_v\EOkdFMw0pmk_007.pt
EOkdFMw0pmk_008,mosei_real,0,mosei_EOkdFMw0pmk_008,,,-1,1,1,1,D:\Documents\Programming\Thesis_G10\data\raw\CMU-MOSEI\segments\EOkdFMw0pmk_008.mp4,data\preprocessed\features\z_at\EOkdFMw0pmk_008.pt,data\preprocessed\features\z_v\EOkdFMw0pmk_008.pt
EOkdFMw0pmk_009,mosei_real,0,mosei_EOkdFMw0pmk_009,,,-1,1,1,1,D:\Documents\Programming\Thesis_G10\data\raw\CMU-MOSEI\segments\EOkdFMw0pmk_009.mp4,data\preprocessed\features\z_at\EOkdFMw0pmk_009.pt,data\preprocessed\features\z_v\EOkdFMw0pmk_009.pt
EQxkXiWAm08_000,mosei_real,0,mosei_EQxkXiWAm08_000,,,-1,1,1,1,D:\Documents\Programming\Thesis_G10\data\raw\CMU-MOSEI\segments\EQxkXiWAm08_000.mp4,data\preprocessed\features\z_at\EQxkXiWAm08_000.pt,data\preprocessed\features\z_v\EQxkXiWAm08_000.pt
EQxkXiWAm08_001,mosei_real,0,mosei_EQxkXiWAm08_001,,,-1,1,1,1,D:\Documents\Programming\Thesis_G10\data\raw\CMU-MOSEI\segments\EQxkXiWAm08_001.mp4,data\preprocessed\features\z_at\EQxkXiWAm08_001.pt,data\preprocessed\features\z_v\EQxkXiWAm08_001.pt
ET1cU5_A2YM_002,mosei_real,0,mosei_ET1cU5_A2YM_002,,,-1,1,1,1,D:\Documents\Programming\Thesis_G10\data\raw\CMU-MOSEI\segments\ET1cU5_A2YM_002.mp4,data\preprocessed\features\z_at\ET1cU5_A2YM_002.pt,data\preprocessed\features\z_v\ET1cU5_A2YM_002.pt
ET1cU5_A2YM_003,mosei_real,0,mosei_ET1cU5_A2YM_003,,,-1,1,1,1,D:\Documents\Programming\Thesis_G10\data\raw\CMU-MOSEI\segments\ET1cU5_A2YM_003.mp4,data\preprocessed\features\z_at\ET1cU5_A2YM_003.pt,data\preprocessed\features\z_v\ET1cU5_A2YM_003.pt
ET1cU5_A2YM_004,mosei_real,0,mosei_ET1cU5_A2YM_004,,,-1,1,1,1,D:\Documents\Programming\Thesis_G10\data\raw\CMU-MOSEI\segments\ET1cU5_A2YM_004.mp4,data\preprocessed\features\z_at\ET1cU5_A2YM_004.pt,data\preprocessed\features\z_v\ET1cU5_A2YM_004.pt
EULEL3QhKD0_001,mosei_real,0,mosei_EULEL3QhKD0_001,,,-1,1,1,1,D:\Documents\Programming\Thesis_G10\data\raw\CMU-MOSEI\segments\EULEL3QhKD0_001.mp4,data\preprocessed\features\z_at\EULEL3QhKD0_001.pt,data\preprocessed\features\z_v\EULEL3QhKD0_001.pt
EULEL3QhKD0_002,mosei_real,0,mosei_EULEL3QhKD0_002,,,-1,1,1,1,D:\Documents\Programming\Thesis_G10\data\raw\CMU-MOSEI\segments\EULEL3QhKD0_002.mp4,data\preprocessed\features\z_at\EULEL3QhKD0_002.pt,data\preprocessed\features\z_v\EULEL3QhKD0_002.pt
EWYivXUavOY_000,mosei_real,0,mosei_EWYivXUavOY_000,,,-1,1,1,1,D:\Documents\Programming\Thesis_G10\data\raw\CMU-MOSEI\segments\EWYivXUavOY_000.mp4,data\preprocessed\features\z_at\EWYivXUavOY_000.pt,data\preprocessed\features\z_v\EWYivXUavOY_000.pt
EWYivXUavOY_001,mosei_real,0,mosei_EWYivXUavOY_001,,,-1,1,1,1,D:\Documents\Programming\Thesis_G10\data\raw\CMU-MOSEI\segments\EWYivXUavOY_001.mp4,data\preprocessed\features\z_at\EWYivXUavOY_001.pt,data\preprocessed\features\z_v\EWYivXUavOY_001.pt
EWYivXUavOY_002,mosei_real,0,mosei_EWYivXUavOY_002,,,-1,1,1,1,D:\Documents\Programming\Thesis_G10\data\raw\CMU-MOSEI\segments\EWYivXUavOY_002.mp4,data\preprocessed\features\z_at\EWYivXUavOY_002.pt,data\preprocessed\features\z_v\EWYivXUavOY_002.pt
EWYivXUavOY_004,mosei_real,0,mosei_EWYivXUavOY_004,,,-1,1,1,1,D:\Documents\Programming\Thesis_G10\data\raw\CMU-MOSEI\segments\EWYivXUavOY_004.mp4,data\preprocessed\features\z_at\EWYivXUavOY_004.pt,data\preprocessed\features\z_v\EWYivXUavOY_004.pt
E_ocLuUw-1I_001,mosei_real,0,mosei_E_ocLuUw-1I_001,,,-1,1,1,1,D:\Documents\Programming\Thesis_G10\data\raw\CMU-MOSEI\segments\E_ocLuUw-1I_001.mp4,data\preprocessed\features\z_at\E_ocLuUw-1I_001.pt,data\preprocessed\features\z_v\E_ocLuUw-1I_001.pt
E_ocLuUw-1I_003,mosei_real,0,mosei_E_ocLuUw-1I_003,,,-1,1,1,1,D:\Documents\Programming\Thesis_G10\data\raw\CMU-MOSEI\segments\E_ocLuUw-1I_003.mp4,data\preprocessed\features\z_at\E_ocLuUw-1I_003.pt,data\preprocessed\features\z_v\E_ocLuUw-1I_003.pt
E_oqbJatW3E_000,mosei_real,0,mosei_E_oqbJatW3E_000,,,-1,1,1,1,D:\Documents\Programming\Thesis_G10\data\raw\CMU-MOSEI\segments\E_oqbJatW3E_000.mp4,data\preprocessed\features\z_at\E_oqbJatW3E_000.pt,data\preprocessed\features\z_v\E_oqbJatW3E_000.pt
E_oqbJatW3E_001,mosei_real,0,mosei_E_oqbJatW3E_001,,,-1,1,1,1,D:\Documents\Programming\Thesis_G10\data\raw\CMU-MOSEI\segments\E_oqbJatW3E_001.mp4,data\preprocessed\features\z_at\E_oqbJatW3E_001.pt,data\preprocessed\features\z_v\E_oqbJatW3E_001.pt
Ea_Huc2-lwo_000,mosei_real,0,mosei_Ea_Huc2-lwo_000,,,-1,1,1,1,D:\Documents\Programming\Thesis_G10\data\raw\CMU-MOSEI\segments\Ea_Huc2-lwo_000.mp4,data\preprocessed\features\z_at\Ea_Huc2-lwo_000.pt,data\preprocessed\features\z_v\Ea_Huc2-lwo_000.pt
Ea_Huc2-lwo_002,mosei_real,0,mosei_Ea_Huc2-lwo_002,,,-1,1,1,1,D:\Documents\Programming\Thesis_G10\data\raw\CMU-MOSEI\segments\Ea_Huc2-lwo_002.mp4,data\preprocessed\features\z_at\Ea_Huc2-lwo_002.pt,data\preprocessed\features\z_v\Ea_Huc2-lwo_002.pt
EfQoSpEZa0o_000,mosei_real,0,mosei_EfQoSpEZa0o_000,,,-1,1,1,1,D:\Documents\Programming\Thesis_G10\data\raw\CMU-MOSEI\segments\EfQoSpEZa0o_000.mp4,data\preprocessed\features\z_at\EfQoSpEZa0o_000.pt,data\preprocessed\features\z_v\EfQoSpEZa0o_000.pt
EfQoSpEZa0o_001,mosei_real,0,mosei_EfQoSpEZa0o_001,,,-1,1,1,1,D:\Documents\Programming\Thesis_G10\data\raw\CMU-MOSEI\segments\EfQoSpEZa0o_001.mp4,data\preprocessed\features\z_at\EfQoSpEZa0o_001.pt,data\preprocessed\features\z_v\EfQoSpEZa0o_001.pt
EfQoSpEZa0o_002,mosei_real,0,mosei_EfQoSpEZa0o_002,,,-1,1,1,1,D:\Documents\Programming\Thesis_G10\data\raw\CMU-MOSEI\segments\EfQoSpEZa0o_002.mp4,data\preprocessed\features\z_at\EfQoSpEZa0o_002.pt,data\preprocessed\features\z_v\EfQoSpEZa0o_002.pt
EiG3r8hAVeY_002,mosei_real,0,mosei_EiG3r8hAVeY_002,,,-1,1,1,1,D:\Documents\Programming\Thesis_G10\data\raw\CMU-MOSEI\segments\EiG3r8hAVeY_002.mp4,data\preprocessed\features\z_at\EiG3r8hAVeY_002.pt,data\preprocessed\features\z_v\EiG3r8hAVeY_002.pt
EiG3r8hAVeY_005,mosei_real,0,mosei_EiG3r8hAVeY_005,,,-1,1,1,1,D:\Documents\Programming\Thesis_G10\data\raw\CMU-MOSEI\segments\EiG3r8hAVeY_005.mp4,data\preprocessed\features\z_at\EiG3r8hAVeY_005.pt,data\preprocessed\features\z_v\EiG3r8hAVeY_005.pt
EiG3r8hAVeY_006,mosei_real,0,mosei_EiG3r8hAVeY_006,,,-1,1,1,1,D:\Documents\Programming\Thesis_G10\data\raw\CMU-MOSEI\segments\EiG3r8hAVeY_006.mp4,data\preprocessed\features\z_at\EiG3r8hAVeY_006.pt,data\preprocessed\features\z_v\EiG3r8hAVeY_006.pt
Emi9cw9xa00_002,mosei_real,0,mosei_Emi9cw9xa00_002,,,-1,1,1,1,D:\Documents\Programming\Thesis_G10\data\raw\CMU-MOSEI\segments\Emi9cw9xa00_002.mp4,data\preprocessed\features\z_at\Emi9cw9xa00_002.pt,data\preprocessed\features\z_v\Emi9cw9xa00_002.pt
Emi9cw9xa00_003,mosei_real,0,mosei_Emi9cw9xa00_003,,,-1,1,1,1,D:\Documents\Programming\Thesis_G10\data\raw\CMU-MOSEI\segments\Emi9cw9xa00_003.mp4,data\preprocessed\features\z_at\Emi9cw9xa00_003.pt,data\preprocessed\features\z_v\Emi9cw9xa00_003.pt
Emi9cw9xa00_005,mosei_real,0,mosei_Emi9cw9xa00_005,,,-1,1,1,1,D:\Documents\Programming\Thesis_G10\data\raw\CMU-MOSEI\segments\Emi9cw9xa00_005.mp4,data\preprocessed\features\z_at\Emi9cw9xa00_005.pt,data\preprocessed\features\z_v\Emi9cw9xa00_005.pt
Emi9cw9xa00_008,mosei_real,0,mosei_Emi9cw9xa00_008,,,-1,1,1,1,D:\Documents\Programming\Thesis_G10\data\raw\CMU-MOSEI\segments\Emi9cw9xa00_008.mp4,data\preprocessed\features\z_at\Emi9cw9xa00_008.pt,data\preprocessed\features\z_v\Emi9cw9xa00_008.pt
Emi9cw9xa00_010,mosei_real,0,mosei_Emi9cw9xa00_010,,,-1,1,1,1,D:\Documents\Programming\Thesis_G10\data\raw\CMU-MOSEI\segments\Emi9cw9xa00_010.mp4,data\preprocessed\features\z_at\Emi9cw9xa00_010.pt,data\preprocessed\features\z_v\Emi9cw9xa00_010.pt
Emjv2cDzW1E_000,mosei_real,0,mosei_Emjv2cDzW1E_000,,,-1,1,1,1,D:\Documents\Programming\Thesis_G10\data\raw\CMU-MOSEI\segments\Emjv2cDzW1E_000.mp4,data\preprocessed\features\z_at\Emjv2cDzW1E_000.pt,data\preprocessed\features\z_v\Emjv2cDzW1E_000.pt
EoC83JhkCAw_001,mosei_real,0,mosei_EoC83JhkCAw_001,,,-1,1,1,1,D:\Documents\Programming\Thesis_G10\data\raw\CMU-MOSEI\segments\EoC83JhkCAw_001.mp4,data\preprocessed\features\z_at\EoC83JhkCAw_001.pt,data\preprocessed\features\z_v\EoC83JhkCAw_001.pt
EoC83JhkCAw_003,mosei_real,0,mosei_EoC83JhkCAw_003,,,-1,1,1,1,D:\Documents\Programming\Thesis_G10\data\raw\CMU-MOSEI\segments\EoC83JhkCAw_003.mp4,data\preprocessed\features\z_at\EoC83JhkCAw_003.pt,data\preprocessed\features\z_v\EoC83JhkCAw_003.pt
EoC83JhkCAw_009,mosei_real,0,mosei_EoC83JhkCAw_009,,,-1,1,1,1,D:\Documents\Programming\Thesis_G10\data\raw\CMU-MOSEI\segments\EoC83JhkCAw_009.mp4,data\preprocessed\features\z_at\EoC83JhkCAw_009.pt,data\preprocessed\features\z_v\EoC83JhkCAw_009.pt
EoC83JhkCAw_010,mosei_real,0,mosei_EoC83JhkCAw_010,,,-1,1,1,1,D:\Documents\Programming\Thesis_G10\data\raw\CMU-MOSEI\segments\EoC83JhkCAw_010.mp4,data\preprocessed\features\z_at\EoC83JhkCAw_010.pt,data\preprocessed\features\z_v\EoC83JhkCAw_010.pt
EpadyoYlAjQ_000,mosei_real,0,mosei_EpadyoYlAjQ_000,,,-1,1,1,1,D:\Documents\Programming\Thesis_G10\data\raw\CMU-MOSEI\segments\EpadyoYlAjQ_000.mp4,data\preprocessed\features\z_at\EpadyoYlAjQ_000.pt,data\preprocessed\features\z_v\EpadyoYlAjQ_000.pt
EpadyoYlAjQ_001,mosei_real,0,mosei_EpadyoYlAjQ_001,,,-1,1,1,1,D:\Documents\Programming\Thesis_G10\data\raw\CMU-MOSEI\segments\EpadyoYlAjQ_001.mp4,data\preprocessed\features\z_at\EpadyoYlAjQ_001.pt,data\preprocessed\features\z_v\EpadyoYlAjQ_001.pt
EpadyoYlAjQ_003,mosei_real,0,mosei_EpadyoYlAjQ_003,,,-1,1,1,1,D:\Documents\Programming\Thesis_G10\data\raw\CMU-MOSEI\segments\EpadyoYlAjQ_003.mp4,data\preprocessed\features\z_at\EpadyoYlAjQ_003.pt,data\preprocessed\features\z_v\EpadyoYlAjQ_003.pt
EpadyoYlAjQ_004,mosei_real,0,mosei_EpadyoYlAjQ_004,,,-1,1,1,1,D:\Documents\Programming\Thesis_G10\data\raw\CMU-MOSEI\segments\EpadyoYlAjQ_004.mp4,data\preprocessed\features\z_at\EpadyoYlAjQ_004.pt,data\preprocessed\features\z_v\EpadyoYlAjQ_004.pt
EpadyoYlAjQ_006,mosei_real,0,mosei_EpadyoYlAjQ_006,,,-1,1,1,1,D:\Documents\Programming\Thesis_G10\data\raw\CMU-MOSEI\segments\EpadyoYlAjQ_006.mp4,data\preprocessed\features\z_at\EpadyoYlAjQ_006.pt,data\preprocessed\features\z_v\EpadyoYlAjQ_006.pt
EuSp1pkX9i8_000,mosei_real,0,mosei_EuSp1pkX9i8_000,,,-1,1,1,1,D:\Documents\Programming\Thesis_G10\data\raw\CMU-MOSEI\segments\EuSp1pkX9i8_000.mp4,data\preprocessed\features\z_at\EuSp1pkX9i8_000.pt,data\preprocessed\features\z_v\EuSp1pkX9i8_000.pt
EuSp1pkX9i8_001,mosei_real,0,mosei_EuSp1pkX9i8_001,,,-1,1,1,1,D:\Documents\Programming\Thesis_G10\data\raw\CMU-MOSEI\segments\EuSp1pkX9i8_001.mp4,data\preprocessed\features\z_at\EuSp1pkX9i8_001.pt,data\preprocessed\features\z_v\EuSp1pkX9i8_001.pt
ExDLNkDVsxY_000,mosei_real,0,mosei_ExDLNkDVsxY_000,,,-1,1,1,1,D:\Documents\Programming\Thesis_G10\data\raw\CMU-MOSEI\segments\ExDLNkDVsxY_000.mp4,data\preprocessed\features\z_at\ExDLNkDVsxY_000.pt,data\preprocessed\features\z_v\ExDLNkDVsxY_000.pt
ExDLNkDVsxY_001,mosei_real,0,mosei_ExDLNkDVsxY_001,,,-1,1,1,1,D:\Documents\Programming\Thesis_G10\data\raw\CMU-MOSEI\segments\ExDLNkDVsxY_001.mp4,data\preprocessed\features\z_at\ExDLNkDVsxY_001.pt,data\preprocessed\features\z_v\ExDLNkDVsxY_001.pt
ExDLNkDVsxY_002,mosei_real,0,mosei_ExDLNkDVsxY_002,,,-1,1,1,1,D:\Documents\Programming\Thesis_G10\data\raw\CMU-MOSEI\segments\ExDLNkDVsxY_002.mp4,data\preprocessed\features\z_at\ExDLNkDVsxY_002.pt,data\preprocessed\features\z_v\ExDLNkDVsxY_002.pt
ExDLNkDVsxY_003,mosei_real,0,mosei_ExDLNkDVsxY_003,,,-1,1,1,1,D:\Documents\Programming\Thesis_G10\data\raw\CMU-MOSEI\segments\ExDLNkDVsxY_003.mp4,data\preprocessed\features\z_at\ExDLNkDVsxY_003.pt,data\preprocessed\features\z_v\ExDLNkDVsxY_003.pt
ExDLNkDVsxY_004,mosei_real,0,mosei_ExDLNkDVsxY_004,,,-1,1,1,1,D:\Documents\Programming\Thesis_G10\data\raw\CMU-MOSEI\segments\ExDLNkDVsxY_004.mp4,data\preprocessed\features\z_at\ExDLNkDVsxY_004.pt,data\preprocessed\features\z_v\ExDLNkDVsxY_004.pt
ExDLNkDVsxY_008,mosei_real,0,mosei_ExDLNkDVsxY_008,,,-1,1,1,1,D:\Documents\Programming\Thesis_G10\data\raw\CMU-MOSEI\segments\ExDLNkDVsxY_008.mp4,data\preprocessed\features\z_at\ExDLNkDVsxY_008.pt,data\preprocessed\features\z_v\ExDLNkDVsxY_008.pt
EyoMU2yoJPY_001,mosei_real,0,mosei_EyoMU2yoJPY_001,,,-1,1,1,1,D:\Documents\Programming\Thesis_G10\data\raw\CMU-MOSEI\segments\EyoMU2yoJPY_001.mp4,data\preprocessed\features\z_at\EyoMU2yoJPY_001.pt,data\preprocessed\features\z_v\EyoMU2yoJPY_001.pt
EyoMU2yoJPY_002,mosei_real,0,mosei_EyoMU2yoJPY_002,,,-1,1,1,1,D:\Documents\Programming\Thesis_G10\data\raw\CMU-MOSEI\segments\EyoMU2yoJPY_002.mp4,data\preprocessed\features\z_at\EyoMU2yoJPY_002.pt,data\preprocessed\features\z_v\EyoMU2yoJPY_002.pt
EyoMU2yoJPY_003,mosei_real,0,mosei_EyoMU2yoJPY_003,,,-1,1,1,1,D:\Documents\Programming\Thesis_G10\data\raw\CMU-MOSEI\segments\EyoMU2yoJPY_003.mp4,data\preprocessed\features\z_at\EyoMU2yoJPY_003.pt,data\preprocessed\features\z_v\EyoMU2yoJPY_003.pt
F1U26PLiXjM_000,mosei_real,0,mosei_F1U26PLiXjM_000,,,-1,1,1,1,D:\Documents\Programming\Thesis_G10\data\raw\CMU-MOSEI\segments\F1U26PLiXjM_000.mp4,data\preprocessed\features\z_at\F1U26PLiXjM_000.pt,data\preprocessed\features\z_v\F1U26PLiXjM_000.pt
F1U26PLiXjM_001,mosei_real,0,mosei_F1U26PLiXjM_001,,,-1,1,1,1,D:\Documents\Programming\Thesis_G10\data\raw\CMU-MOSEI\segments\F1U26PLiXjM_001.mp4,data\preprocessed\features\z_at\F1U26PLiXjM_001.pt,data\preprocessed\features\z_v\F1U26PLiXjM_001.pt
F2M7WbPXRps_001,mosei_real,0,mosei_F2M7WbPXRps_001,,,-1,1,1,1,D:\Documents\Programming\Thesis_G10\data\raw\CMU-MOSEI\segments\F2M7WbPXRps_001.mp4,data\preprocessed\features\z_at\F2M7WbPXRps_001.pt,data\preprocessed\features\z_v\F2M7WbPXRps_001.pt
F2M7WbPXRps_002,mosei_real,0,mosei_F2M7WbPXRps_002,,,-1,1,1,1,D:\Documents\Programming\Thesis_G10\data\raw\CMU-MOSEI\segments\F2M7WbPXRps_002.mp4,data\preprocessed\features\z_at\F2M7WbPXRps_002.pt,data\preprocessed\features\z_v\F2M7WbPXRps_002.pt
F2hc2FLOdhI_000,mosei_real,0,mosei_F2hc2FLOdhI_000,,,-1,1,1,1,D:\Documents\Programming\Thesis_G10\data\raw\CMU-MOSEI\segments\F2hc2FLOdhI_000.mp4,data\preprocessed\features\z_at\F2hc2FLOdhI_000.pt,data\preprocessed\features\z_v\F2hc2FLOdhI_000.pt
F2hc2FLOdhI_001,mosei_real,0,mosei_F2hc2FLOdhI_001,,,-1,1,1,1,D:\Documents\Programming\Thesis_G10\data\raw\CMU-MOSEI\segments\F2hc2FLOdhI_001.mp4,data\preprocessed\features\z_at\F2hc2FLOdhI_001.pt,data\preprocessed\features\z_v\F2hc2FLOdhI_001.pt
F2hc2FLOdhI_002,mosei_real,0,mosei_F2hc2FLOdhI_002,,,-1,1,1,1,D:\Documents\Programming\Thesis_G10\data\raw\CMU-MOSEI\segments\F2hc2FLOdhI_002.mp4,data\preprocessed\features\z_at\F2hc2FLOdhI_002.pt,data\preprocessed\features\z_v\F2hc2FLOdhI_002.pt
F2hc2FLOdhI_004,mosei_real,0,mosei_F2hc2FLOdhI_004,,,-1,1,1,1,D:\Documents\Programming\Thesis_G10\data\raw\CMU-MOSEI\segments\F2hc2FLOdhI_004.mp4,data\preprocessed\features\z_at\F2hc2FLOdhI_004.pt,data\preprocessed\features\z_v\F2hc2FLOdhI_004.pt
F2hc2FLOdhI_006,mosei_real,0,mosei_F2hc2FLOdhI_006,,,-1,1,1,1,D:\Documents\Programming\Thesis_G10\data\raw\CMU-MOSEI\segments\F2hc2FLOdhI_006.mp4,data\preprocessed\features\z_at\F2hc2FLOdhI_006.pt,data\preprocessed\features\z_v\F2hc2FLOdhI_006.pt
F4OhXQTMOEc_001,mosei_real,0,mosei_F4OhXQTMOEc_001,,,-1,1,1,1,D:\Documents\Programming\Thesis_G10\data\raw\CMU-MOSEI\segments\F4OhXQTMOEc_001.mp4,data\preprocessed\features\z_at\F4OhXQTMOEc_001.pt,data\preprocessed\features\z_v\F4OhXQTMOEc_001.pt
F4OhXQTMOEc_003,mosei_real,0,mosei_F4OhXQTMOEc_003,,,-1,1,1,1,D:\Documents\Programming\Thesis_G10\data\raw\CMU-MOSEI\segments\F4OhXQTMOEc_003.mp4,data\preprocessed\features\z_at\F4OhXQTMOEc_003.pt,data\preprocessed\features\z_v\F4OhXQTMOEc_003.pt
F4OhXQTMOEc_006,mosei_real,0,mosei_F4OhXQTMOEc_006,,,-1,1,1,1,D:\Documents\Programming\Thesis_G10\data\raw\CMU-MOSEI\segments\F4OhXQTMOEc_006.mp4,data\preprocessed\features\z_at\F4OhXQTMOEc_006.pt,data\preprocessed\features\z_v\F4OhXQTMOEc_006.pt
